Year,UNIT_MEASURE,Өңірлер,GeoCode,Value
2010,адам,,,107786.0
2010,адам,Ақмола,KZAKM,1423.0
2010,адам,Ақтөбе,KZAKT,5642.0
2010,адам,Алматы,KZALM,3869.0
2010,адам,Атырау,KZATY,1558.0
2010,адам,Батыс Қазақстан,KZZAP,3019.0
2010,адам,Қарағанды,KZKAR,9640.0
2010,адам,Қостанай,KZKUS,6198.0
2010,адам,Қызылорда,KZKZY,10565.0
2010,адам,Маңғыстау,KZMAN,15848.0
2010,адам,Оңтүстік Қазақстан,KZONT,8500.0
2010,адам,Павлодар,KZPAV,1040.0
2010,адам,Солтүстік Қазақстан,KZSEV,497.0
2010,адам,Шығыс Қазақстан,KZVOS,25021.0
2010,адам,Астана қаласы,KZNS,3.0
2010,адам,Алматы қаласы,KZALA,16347.0
2011,адам,,,134568.0
2011,адам,Ақмола,KZAKM,1192.0
2011,адам,Ақтөбе,KZAKT,2221.0
2011,адам,Алматы,KZALM,3475.0
2011,адам,Атырау,KZATY,1720.0
2011,адам,Батыс Қазақстан,KZZAP,3059.0
2011,адам,Жамбыл,KZZHA,286.0
2011,адам,Қарағанды,KZKAR,9270.0
2011,адам,Қостанай,KZKUS,6106.0
2011,адам,Қызылорда,KZKZY,12262.0
2011,адам,Маңғыстау,KZMAN,16563.0
2011,адам,Оңтүстік Қазақстан,KZONT,1638.0
2011,адам,Павлодар,KZPAV,857.0
2011,адам,Солтүстік Қазақстан,KZSEV,3381.0
2011,адам,Шығыс Қазақстан,KZVOS,25250.0
2011,адам,Астана қаласы,KZNS,6545.0
2011,адам,Алматы қаласы,KZALA,40743.0
2012,адам,,,114150.0
2012,адам,Ақмола,KZAKM,786.0
2012,адам,Ақтөбе,KZAKT,2229.0
2012,адам,Алматы,KZALM,2680.0
2012,адам,Атырау,KZATY,2802.0
2012,адам,Батыс Қазақстан,KZZAP,2698.0
2012,адам,Жамбыл,KZZHA,534.0
2012,адам,Қарағанды,KZKAR,7768.0
2012,адам,Қостанай,KZKUS,5938.0
2012,адам,Қызылорда,KZKZY,1262.0
2012,адам,Маңғыстау,KZMAN,16012.0
2012,адам,Оңтүстік Қазақстан,KZONT,874.0
2012,адам,Павлодар,KZPAV,826.0
2012,адам,Солтүстік Қазақстан,KZSEV,3586.0
2012,адам,Шығыс Қазақстан,KZVOS,16438.0
2012,адам,Астана қаласы,KZNS,6791.0
2012,адам,Алматы қаласы,KZALA,42926.0
2013,адам,,,111466.0
2013,адам,Ақмола,KZAKM,581.0
2013,адам,Ақтөбе,KZAKT,2172.0
2013,адам,Алматы,KZALM,2287.0
2013,адам,Атырау,KZATY,2818.0
2013,адам,Батыс Қазақстан,KZZAP,2643.0
2013,адам,Жамбыл,KZZHA,679.0
2013,адам,Қарағанды,KZKAR,7451.0
2013,адам,Қостанай,KZKUS,5947.0
2013,адам,Қызылорда,KZKZY,1117.0
2013,адам,Маңғыстау,KZMAN,15653.0
2013,адам,Оңтүстік Қазақстан,KZONT,898.0
2013,адам,Павлодар,KZPAV,810.0
2013,адам,Солтүстік Қазақстан,KZSEV,3915.0
2013,адам,Шығыс Қазақстан,KZVOS,13382.0
2013,адам,Астана қаласы,KZNS,6918.0
2013,адам,Алматы қаласы,KZALA,44195.0
2014,адам,,,120609.0
2014,адам,Ақмола,KZAKM,595.0
2014,адам,Ақтөбе,KZAKT,1047.0
2014,адам,Алматы,KZALM,1908.0
2014,адам,Атырау,KZATY,2760.0
2014,адам,Батыс Қазақстан,KZZAP,2580.0
2014,адам,Жамбыл,KZZHA,3561.0
2014,адам,Қарағанды,KZKAR,7919.0
2014,адам,Қостанай,KZKUS,5847.0
2014,адам,Қызылорда,KZKZY,1195.0
2014,адам,Маңғыстау,KZMAN,15743.0
2014,адам,Оңтүстік Қазақстан,KZONT,521.0
2014,адам,Павлодар,KZPAV,802.0
2014,адам,Солтүстік Қазақстан,KZSEV,3946.0
2014,адам,Шығыс Қазақстан,KZVOS,13508.0
2014,адам,Астана қаласы,KZNS,9393.0
2014,адам,Алматы қаласы,KZALA,49284.0
2015,адам,,,108673.0
2015,адам,Ақмола,KZAKM,1586.0
2015,адам,Ақтөбе,KZAKT,1182.0
2015,адам,Алматы,KZALM,1607.0
2015,адам,Атырау,KZATY,3124.0
2015,адам,Батыс Қазақстан,KZZAP,2414.0
2015,адам,Жамбыл,KZZHA,3376.0
2015,адам,Қарағанды,KZKAR,7120.0
2015,адам,Қостанай,KZKUS,6202.0
2015,адам,Қызылорда,KZKZY,1338.0
2015,адам,Маңғыстау,KZMAN,13938.0
2015,адам,Оңтүстік Қазақстан,KZONT,585.0
2015,адам,Павлодар,KZPAV,784.0
2015,адам,Солтүстік Қазақстан,KZSEV,1239.0
2015,адам,Шығыс Қазақстан,KZVOS,6051.0
2015,адам,Астана қаласы,KZNS,7881.0
2015,адам,Алматы қаласы,KZALA,50246.0
2016,адам,,,77947.0
2016,адам,Ақмола,KZAKM,371.0
2016,адам,Ақтөбе,KZAKT,451.0
2016,адам,Алматы,KZALM,1686.0
2016,адам,Атырау,KZATY,1309.0
2016,адам,Батыс Қазақстан,KZZAP,2633.0
2016,адам,Жамбыл,KZZHA,3.0
2016,адам,Қарағанды,KZKAR,1678.0
2016,адам,Қостанай,KZKUS,3731.0
2016,адам,Қызылорда,KZKZY,1332.0
2016,адам,Маңғыстау,KZMAN,426.0
2016,адам,Оңтүстік Қазақстан,KZONT,340.0
2016,адам,Павлодар,KZPAV,775.0
2016,адам,Солтүстік Қазақстан,KZSEV,1347.0
2016,адам,Шығыс Қазақстан,KZVOS,2265.0
2016,адам,Астана қаласы,KZNS,9686.0
2016,адам,Алматы қаласы,KZALA,49914.0
2017,адам,,,68392.0
2017,адам,Ақмола,KZAKM,389.0
2017,адам,Ақтөбе,KZAKT,384.0
2017,адам,Алматы,KZALM,1763.0
2017,адам,Атырау,KZATY,1462.0
2017,адам,Батыс Қазақстан,KZZAP,1679.0
2017,адам,Жамбыл,KZZHA,2.0
2017,адам,Қарағанды,KZKAR,1713.0
2017,адам,Қостанай,KZKUS,2431.0
2017,адам,Қызылорда,KZKZY,102.0
2017,адам,Маңғыстау,KZMAN,231.0
2017,адам,Оңтүстік Қазақстан,KZONT,346.0
2017,адам,Павлодар,KZPAV,844.0
2017,адам,Солтүстік Қазақстан,KZSEV,1379.0
2017,адам,Шығыс Қазақстан,KZVOS,2320.0
2017,адам,Астана қаласы,KZNS,4513.0
2017,адам,Алматы қаласы,KZALA,48834.0
2018,адам,,,69510.0
2018,адам,Ақмола,KZAKM,417.0
2018,адам,Ақтөбе,KZAKT,414.0
2018,адам,Алматы,KZALM,1838.0
2018,адам,Атырау,KZATY,1887.0
2018,адам,Батыс Қазақстан,KZZAP,1809.0
2018,адам,Қарағанды,KZKAR,1229.0
2018,адам,Қостанай,KZKUS,2432.0
2018,адам,Қызылорда,KZKZY,295.0
2018,адам,Маңғыстау,KZMAN,231.0
2018,адам,Павлодар,KZPAV,951.0
2018,адам,Солтүстік Қазақстан,KZSEV,1209.0
2018,адам,Түркістан,KZYUZ,326.0
2018,адам,Шығыс Қазақстан,KZVOS,2246.0
2018,адам,Астана қаласы,KZNS,5324.0
2018,адам,Алматы қаласы,KZALA,48779.0
2018,адам,Шымкент қаласы,KZSHY,123.0
2019,адам,,,69389.0
2019,адам,Ақмола,KZAKM,480.0
2019,адам,Ақтөбе,KZAKT,1108.0
2019,адам,Алматы,KZALM,2438.0
2019,адам,Атырау,KZATY,1897.0
2019,адам,Батыс Қазақстан,KZZAP,1880.0
2019,адам,Қарағанды,KZKAR,1251.0
2019,адам,Қостанай,KZKUS,0.0
2019,адам,Қызылорда,KZKZY,343.0
2019,адам,Маңғыстау,KZMAN,216.0
2019,адам,Павлодар,KZPAV,985.0
2019,адам,Солтүстік Қазақстан,KZSEV,1383.0
2019,адам,Түркістан,KZYUZ,303.0
2019,адам,Шығыс Қазақстан,KZVOS,2114.0
2019,адам,Астана қаласы,KZNS,5278.0
2019,адам,Алматы қаласы,KZALA,49589.0
2019,адам,Шымкент қаласы,KZSHY,124.0
2020,адам,,,24441.0
2020,адам,Ақмола,KZAKM,793.0
2020,адам,Ақтөбе,KZAKT,1424.0
2020,адам,Алматы,KZALM,2763.0
2020,адам,Атырау,KZATY,3572.0
2020,адам,Батыс Қазақстан,KZZAP,1734.0
2020,адам,Жамбыл,KZZHA,3.0
2020,адам,Қарағанды,KZKAR,1139.0
2020,адам,Қостанай,KZKUS,0.0
2020,адам,Қызылорда,KZKZY,743.0
2020,адам,Маңғыстау,KZMAN,706.0
2020,адам,Павлодар,KZPAV,901.0
2020,адам,Солтүстік Қазақстан,KZSEV,991.0
2020,адам,Түркістан,KZYUZ,557.0
2020,адам,Шығыс Қазақстан,KZVOS,2060.0
2020,адам,Астана қаласы,KZNS,5723.0
2020,адам,Алматы қаласы,KZALA,17.0
2020,адам,Шымкент қаласы,KZSHY,1315.0
2021,адам,,,25343.0
2021,адам,Ақмола,KZAKM,872.0
2021,адам,Ақтөбе,KZAKT,1629.0
2021,адам,Алматы,KZALM,2163.0
2021,адам,Атырау,KZATY,6007.0
2021,адам,Батыс Қазақстан,KZZAP,1796.0
2021,адам,Жамбыл,KZZHA,3.0
2021,адам,Қарағанды,KZKAR,1555.0
2021,адам,Қостанай,KZKUS,17.0
2021,адам,Қызылорда,KZKZY,1295.0
2021,адам,Маңғыстау,KZMAN,621.0
2021,адам,Павлодар,KZPAV,314.0
2021,адам,Солтүстік Қазақстан,KZSEV,678.0
2021,адам,Түркістан,KZYUZ,259.0
2021,адам,Шығыс Қазақстан,KZVOS,2134.0
2021,адам,Астана қаласы,KZNS,4424.0
2021,адам,Алматы қаласы,KZALA,17.0
2021,адам,Шымкент қаласы,KZSHY,1559.0
2022,адам,,,29449.0
2022,адам,Абай,KZABY,928.0
2022,адам,Ақмола,KZAKM,929.0
2022,адам,Ақтөбе,KZAKT,1810.0
2022,адам,Алматы,KZALM,1290.0
2022,адам,Атырау,KZATY,7071.0
2022,адам,Батыс Қазақстан,KZZAP,1731.0
2022,адам,Жамбыл,KZZHA,0.0
2022,адам,Жетісу,KZZHS,1036.0
2022,адам,Қарағанды,KZKAR,2247.0
2022,адам,Қостанай,KZKUS,74.0
2022,адам,Қызылорда,KZKZY,2230.0
2022,адам,Маңғыстау,KZMAN,0.0
2022,адам,Павлодар,KZPAV,287.0
2022,адам,Солтүстік Қазақстан,KZSEV,655.0
2022,адам,Түркістан,KZYUZ,366.0
2022,адам,Ұлытау,KZULU,1695.0
2022,адам,Шығыс Қазақстан,KZVOS,1268.0
2022,адам,Астана қаласы,KZNS,4391.0
2022,адам,Алматы қаласы,KZALA,0.0
2022,адам,Шымкент қаласы,KZSHY,1441.0
2023,адам,,,44141.0
2023,адам,Абай,KZABY,896.0
2023,адам,Ақмола,KZAKM,950.0
2023,адам,Ақтөбе,KZAKT,1794.0
2023,адам,Алматы,KZALM,1013.0
2023,адам,Атырау,KZATY,8916.0
2023,адам,Батыс Қазақстан,KZZAP,1959.0
2023,адам,Жамбыл,KZZHA,3323.0
2023,адам,Жетісу,KZZHS,935.0
2023,адам,Қарағанды,KZKAR,481.0
2023,адам,Қостанай,KZKUS,49.0
2023,адам,Қызылорда,KZKZY,3759.0
2023,адам,Маңғыстау,KZMAN,2147.0
2023,адам,Павлодар,KZPAV,218.0
2023,адам,Солтүстік Қазақстан,KZSEV,788.0
2023,адам,Түркістан,KZYUZ,482.0
2023,адам,Ұлытау,KZULU,1720.0
2023,адам,Шығыс Қазақстан,KZVOS,1243.0
2023,адам,Астана қаласы,KZNS,12003.0
2023,адам,Алматы қаласы,KZALA,0.0
2023,адам,Шымкент қаласы,KZSHY,1465.0
