Year,Өңірлер,GeoCode,Value
2010,,,4.5
2010,Ақмола,KZAKM,2.6
2010,Ақтөбе,KZAKT,0.2
2010,Алматы,KZALM,8.0
2010,Атырау,KZATY,0.1
2010,Батыс Қазақстан,KZZAP,0.7
2010,Жамбыл,KZZHA,15.3
2010,Қарағанды,KZKAR,0.4
2010,Қостанай,KZKUS,1.1
2010,Қызылорда,KZKZY,13.6
2010,Маңғыстау,KZMAN,0.7
2010,Павлодар,KZPAV,2.0
2010,Солтүстік Қазақстан,KZSEV,5.4
2010,Түркістан,KZYUZ,13.7
2010,Шығыс Қазақстан,KZVOS,6.4
2011,,,4.6
2011,Ақмола,KZAKM,2.6
2011,Ақтөбе,KZAKT,0.2
2011,Алматы,KZALM,8.3
2011,Атырау,KZATY,0.1
2011,Батыс Қазақстан,KZZAP,0.7
2011,Жамбыл,KZZHA,15.4
2011,Қарағанды,KZKAR,0.4
2011,Қостанай,KZKUS,1.1
2011,Қызылорда,KZKZY,13.7
2011,Маңғыстау,KZMAN,0.7
2011,Павлодар,KZPAV,2.0
2011,Солтүстік Қазақстан,KZSEV,5.4
2011,Түркістан,KZYUZ,13.7
2011,Шығыс Қазақстан,KZVOS,6.6
2012,,,4.6
2012,Ақмола,KZAKM,2.6
2012,Ақтөбе,KZAKT,0.2
2012,Алматы,KZALM,8.3
2012,Атырау,KZATY,0.1
2012,Батыс Қазақстан,KZZAP,0.7
2012,Жамбыл,KZZHA,15.4
2012,Қарағанды,KZKAR,0.4
2012,Қостанай,KZKUS,1.2
2012,Қызылорда,KZKZY,13.5
2012,Маңғыстау,KZMAN,0.7
2012,Павлодар,KZPAV,2.0
2012,Солтүстік Қазақстан,KZSEV,5.4
2012,Түркістан,KZYUZ,13.8
2012,Шығыс Қазақстан,KZVOS,7.0
2013,,,4.6
2013,Ақмола,KZAKM,2.6
2013,Ақтөбе,KZAKT,0.2
2013,Алматы,KZALM,8.3
2013,Атырау,KZATY,0.1
2013,Батыс Қазақстан,KZZAP,0.7
2013,Жамбыл,KZZHA,15.5
2013,Қарағанды,KZKAR,0.4
2013,Қостанай,KZKUS,1.2
2013,Қызылорда,KZKZY,13.5
2013,Маңғыстау,KZMAN,0.7
2013,Павлодар,KZPAV,2.0
2013,Солтүстік Қазақстан,KZSEV,5.4
2013,Түркістан,KZYUZ,13.8
2013,Шығыс Қазақстан,KZVOS,7.1
2014,,,4.6
2014,Ақмола,KZAKM,2.6
2014,Ақтөбе,KZAKT,0.2
2014,Алматы,KZALM,8.3
2014,Атырау,KZATY,0.1
2014,Батыс Қазақстан,KZZAP,0.7
2014,Жамбыл,KZZHA,15.5
2014,Қарағанды,KZKAR,0.4
2014,Қостанай,KZKUS,1.2
2014,Қызылорда,KZKZY,13.6
2014,Маңғыстау,KZMAN,0.7
2014,Павлодар,KZPAV,2.0
2014,Солтүстік Қазақстан,KZSEV,5.4
2014,Түркістан,KZYUZ,13.8
2014,Шығыс Қазақстан,KZVOS,7.1
2015,,,4.6
2015,Ақмола,KZAKM,2.6
2015,Ақтөбе,KZAKT,0.2
2015,Алматы,KZALM,8.3
2015,Атырау,KZATY,0.1
2015,Батыс Қазақстан,KZZAP,0.7
2015,Жамбыл,KZZHA,15.5
2015,Қарағанды,KZKAR,0.4
2015,Қостанай,KZKUS,1.2
2015,Қызылорда,KZKZY,13.5
2015,Маңғыстау,KZMAN,0.7
2015,Павлодар,KZPAV,2.0
2015,Солтүстік Қазақстан,KZSEV,5.4
2015,Түркістан,KZYUZ,13.8
2015,Шығыс Қазақстан,KZVOS,7.1
2016,,,4.7
2016,Ақмола,KZAKM,2.6
2016,Ақтөбе,KZAKT,0.2
2016,Алматы,KZALM,8.4
2016,Атырау,KZATY,0.1
2016,Батыс Қазақстан,KZZAP,0.7
2016,Жамбыл,KZZHA,15.5
2016,Қарағанды,KZKAR,0.4
2016,Қостанай,KZKUS,1.2
2016,Қызылорда,KZKZY,13.6
2016,Маңғыстау,KZMAN,0.7
2016,Павлодар,KZPAV,2.1
2016,Солтүстік Қазақстан,KZSEV,5.5
2016,Түркістан,KZYUZ,13.9
2016,Шығыс Қазақстан,KZVOS,7.1
2017,,,4.7
2017,Ақмола,KZAKM,2.6
2017,Ақтөбе,KZAKT,0.2
2017,Алматы,KZALM,8.6
2017,Атырау,KZATY,0.1
2017,Батыс Қазақстан,KZZAP,0.6
2017,Жамбыл,KZZHA,16.4
2017,Қарағанды,KZKAR,0.4
2017,Қостанай,KZKUS,1.2
2017,Қызылорда,KZKZY,13.7
2017,Маңғыстау,KZMAN,0.8
2017,Павлодар,KZPAV,2.1
2017,Солтүстік Қазақстан,KZSEV,5.5
2017,Түркістан,KZYUZ,14.0
2017,Шығыс Қазақстан,KZVOS,7.1
2018,,,4.7
2018,Ақмола,KZAKM,2.6
2018,Ақтөбе,KZAKT,0.2
2018,Алматы,KZALM,8.7
2018,Атырау,KZATY,0.2
2018,Батыс Қазақстан,KZZAP,0.6
2018,Жамбыл,KZZHA,16.1
2018,Қарағанды,KZKAR,0.4
2018,Қостанай,KZKUS,1.2
2018,Қызылорда,KZKZY,13.8
2018,Маңғыстау,KZMAN,0.8
2018,Павлодар,KZPAV,2.1
2018,Солтүстік Қазақстан,KZSEV,5.5
2018,Түркістан,KZYUZ,14.1
2018,Шығыс Қазақстан,KZVOS,7.1
2019,,,4.8
2019,Ақмола,KZAKM,2.6
2019,Ақтөбе,KZAKT,0.2
2019,Алматы,KZALM,9.4
2019,Атырау,KZATY,0.2
2019,Батыс Қазақстан,KZZAP,0.6
2019,Жамбыл,KZZHA,15.9
2019,Қарағанды,KZKAR,0.4
2019,Қостанай,KZKUS,1.2
2019,Қызылорда,KZKZY,15.9
2019,Маңғыстау,KZMAN,0.8
2019,Павлодар,KZPAV,2.1
2019,Солтүстік Қазақстан,KZSEV,5.5
2019,Түркістан,KZYUZ,14.2
2019,Шығыс Қазақстан,KZVOS,7.2
2020,,,4.9
2020,Ақмола,KZAKM,2.7
2020,Ақтөбе,KZAKT,0.2
2020,Алматы,KZALM,10.0
2020,Атырау,KZATY,0.1
2020,Батыс Қазақстан,KZZAP,0.6
2020,Жамбыл,KZZHA,16.5
2020,Қарағанды,KZKAR,0.4
2020,Қостанай,KZKUS,1.3
2020,Қызылорда,KZKZY,15.6
2020,Маңғыстау,KZMAN,0.8
2020,Павлодар,KZPAV,2.2
2020,Солтүстік Қазақстан,KZSEV,5.7
2020,Түркістан,KZYUZ,14.4
2020,Шығыс Қазақстан,KZVOS,7.4
