Year,UNIT_MEASURE,SERIES,Өңірлер,GeoCode,Value
2010,мың.гектар,_L_KZ_150201_1A,,,12317.8
2010,мың.гектар,_L_KZ_150201_1A,Ақмола,KZAKM,373.7
2010,мың.гектар,_L_KZ_150201_1A,Ақтөбе,KZAKT,47.3
2010,мың.гектар,_L_KZ_150201_1A,Алматы,KZALM,1797.6
2010,мың.гектар,_L_KZ_150201_1A,Атырау,KZATY,15.8
2010,мың.гектар,_L_KZ_150201_1A,Батыс Қазақстан,KZZAP,103.3
2010,мың.гектар,_L_KZ_150201_1A,Жамбыл,KZZHA,2213.6
2010,мың.гектар,_L_KZ_150201_1A,Қарағанды,KZKAR,155.4
2010,мың.гектар,_L_KZ_150201_1A,Қостанай,KZKUS,222.4
2010,мың.гектар,_L_KZ_150201_1A,Қызылорда,KZKZY,3094.7
2010,мың.гектар,_L_KZ_150201_1A,Маңғыстау,KZMAN,122.7
2010,мың.гектар,_L_KZ_150201_1A,Павлодар,KZPAV,247.0
2010,мың.гектар,_L_KZ_150201_1A,Солтүстік Қазақстан,KZSEV,530.2
2010,мың.гектар,_L_KZ_150201_1A,Түркістан,KZYUZ,1603.4
2010,мың.гектар,_L_KZ_150201_1A,Шығыс Қазақстан,KZVOS,1800.8
2010,млн.метр куб,AG_LND_FRSTBIOM,,,380.7
2010,млн.метр куб,AG_LND_FRSTBIOM,Ақмола,KZAKM,42.7
2010,млн.метр куб,AG_LND_FRSTBIOM,Ақтөбе,KZAKT,1.0
2010,млн.метр куб,AG_LND_FRSTBIOM,Алматы,KZALM,38.7
2010,млн.метр куб,AG_LND_FRSTBIOM,Атырау,KZATY,0.5
2010,млн.метр куб,AG_LND_FRSTBIOM,Батыс Қазақстан,KZZAP,8.0
2010,млн.метр куб,AG_LND_FRSTBIOM,Жамбыл,KZZHA,3.4
2010,млн.метр куб,AG_LND_FRSTBIOM,Қарағанды,KZKAR,4.6
2010,млн.метр куб,AG_LND_FRSTBIOM,Қостанай,KZKUS,16.5
2010,млн.метр куб,AG_LND_FRSTBIOM,Қызылорда,KZKZY,6.0
2010,млн.метр куб,AG_LND_FRSTBIOM,Маңғыстау,KZMAN,0.1
2010,млн.метр куб,AG_LND_FRSTBIOM,Павлодар,KZPAV,26.6
2010,млн.метр куб,AG_LND_FRSTBIOM,Солтүстік Қазақстан,KZSEV,54.4
2010,млн.метр куб,AG_LND_FRSTBIOM,Түркістан,KZYUZ,3.1
2010,млн.метр куб,AG_LND_FRSTBIOM,Шығыс Қазақстан,KZVOS,175.1
2010,пайыз,_L_KZ_150201_1B,,,24.0
2010,пайыз,_L_KZ_150201_1B,Ақмола,KZAKM,-6.4
2010,пайыз,_L_KZ_150201_1B,Ақтөбе,KZAKT,-0.2
2010,пайыз,_L_KZ_150201_1B,Алматы,KZALM,-0.6
2010,пайыз,_L_KZ_150201_1B,Атырау,KZATY,0.0
2010,пайыз,_L_KZ_150201_1B,Батыс Қазақстан,KZZAP,1.6
2010,пайыз,_L_KZ_150201_1B,Жамбыл,KZZHA,2.9
2010,пайыз,_L_KZ_150201_1B,Қарағанды,KZKAR,10.4
2010,пайыз,_L_KZ_150201_1B,Қостанай,KZKUS,7.2
2010,пайыз,_L_KZ_150201_1B,Қызылорда,KZKZY,3.8
2010,пайыз,_L_KZ_150201_1B,Маңғыстау,KZMAN,0.0
2010,пайыз,_L_KZ_150201_1B,Павлодар,KZPAV,1.1
2010,пайыз,_L_KZ_150201_1B,Солтүстік Қазақстан,KZSEV,-0.2
2010,пайыз,_L_KZ_150201_1B,Түркістан,KZYUZ,4.2
2010,пайыз,_L_KZ_150201_1B,Шығыс Қазақстан,KZVOS,0.3
2010,мың.гектар,AG_LND_FRSTPRCT,,,100.0
2010,мың.гектар,AG_LND_FRSTPRCT,Ақмола,KZAKM,7.0
2010,мың.гектар,AG_LND_FRSTPRCT,Ақтөбе,KZAKT,0.0
2010,мың.гектар,AG_LND_FRSTPRCT,Алматы,KZALM,13.0
2010,мың.гектар,AG_LND_FRSTPRCT,Атырау,KZATY,0.0
2010,мың.гектар,AG_LND_FRSTPRCT,Батыс Қазақстан,KZZAP,0.0
2010,мың.гектар,AG_LND_FRSTPRCT,Жамбыл,KZZHA,0.0
2010,мың.гектар,AG_LND_FRSTPRCT,Қарағанды,KZKAR,4.0
2010,мың.гектар,AG_LND_FRSTPRCT,Қостанай,KZKUS,0.0
2010,мың.гектар,AG_LND_FRSTPRCT,Қызылорда,KZKZY,3.0
2010,мың.гектар,AG_LND_FRSTPRCT,Маңғыстау,KZMAN,0.0
2010,мың.гектар,AG_LND_FRSTPRCT,Павлодар,KZPAV,12.0
2010,мың.гектар,AG_LND_FRSTPRCT,Солтүстік Қазақстан,KZSEV,8.0
2010,мың.гектар,AG_LND_FRSTPRCT,Түркістан,KZYUZ,4.0
2010,мың.гектар,AG_LND_FRSTPRCT,Шығыс Қазақстан,KZVOS,49.0
2010,мың.гектар,AG_LND_FRSTMGT,,,12317.8
2010,мың.гектар,AG_LND_FRSTMGT,Ақмола,KZAKM,373.7
2010,мың.гектар,AG_LND_FRSTMGT,Ақтөбе,KZAKT,47.3
2010,мың.гектар,AG_LND_FRSTMGT,Алматы,KZALM,1797.6
2010,мың.гектар,AG_LND_FRSTMGT,Атырау,KZATY,15.8
2010,мың.гектар,AG_LND_FRSTMGT,Батыс Қазақстан,KZZAP,103.3
2010,мың.гектар,AG_LND_FRSTMGT,Жамбыл,KZZHA,2213.6
2010,мың.гектар,AG_LND_FRSTMGT,Қарағанды,KZKAR,155.4
2010,мың.гектар,AG_LND_FRSTMGT,Қостанай,KZKUS,222.4
2010,мың.гектар,AG_LND_FRSTMGT,Қызылорда,KZKZY,3094.7
2010,мың.гектар,AG_LND_FRSTMGT,Маңғыстау,KZMAN,122.7
2010,мың.гектар,AG_LND_FRSTMGT,Павлодар,KZPAV,247.0
2010,мың.гектар,AG_LND_FRSTMGT,Солтүстік Қазақстан,KZSEV,530.2
2010,мың.гектар,AG_LND_FRSTMGT,Түркістан,KZYUZ,1603.4
2010,мың.гектар,AG_LND_FRSTMGT,Шығыс Қазақстан,KZVOS,1800.8
2011,мың.гектар,_L_KZ_150201_1A,,,12452.0
2011,мың.гектар,_L_KZ_150201_1A,Ақмола,KZAKM,378.6
2011,мың.гектар,_L_KZ_150201_1A,Ақтөбе,KZAKT,47.2
2011,мың.гектар,_L_KZ_150201_1A,Алматы,KZALM,1850.9
2011,мың.гектар,_L_KZ_150201_1A,Атырау,KZATY,15.8
2011,мың.гектар,_L_KZ_150201_1A,Батыс Қазақстан,KZZAP,104.6
2011,мың.гектар,_L_KZ_150201_1A,Жамбыл,KZZHA,2219.6
2011,мың.гектар,_L_KZ_150201_1A,Қарағанды,KZKAR,155.4
2011,мың.гектар,_L_KZ_150201_1A,Қостанай,KZKUS,223.7
2011,мың.гектар,_L_KZ_150201_1A,Қызылорда,KZKZY,3088.2
2011,мың.гектар,_L_KZ_150201_1A,Маңғыстау,KZMAN,122.8
2011,мың.гектар,_L_KZ_150201_1A,Павлодар,KZPAV,249.9
2011,мың.гектар,_L_KZ_150201_1A,Солтүстік Қазақстан,KZSEV,529.4
2011,мың.гектар,_L_KZ_150201_1A,Түркістан,KZYUZ,1603.4
2011,мың.гектар,_L_KZ_150201_1A,Шығыс Қазақстан,KZVOS,1862.5
2011,млн.метр куб,AG_LND_FRSTBIOM,,,380.7
2011,млн.метр куб,AG_LND_FRSTBIOM,Ақмола,KZAKM,42.7
2011,млн.метр куб,AG_LND_FRSTBIOM,Ақтөбе,KZAKT,1.0
2011,млн.метр куб,AG_LND_FRSTBIOM,Алматы,KZALM,38.7
2011,млн.метр куб,AG_LND_FRSTBIOM,Атырау,KZATY,0.5
2011,млн.метр куб,AG_LND_FRSTBIOM,Батыс Қазақстан,KZZAP,8.0
2011,млн.метр куб,AG_LND_FRSTBIOM,Жамбыл,KZZHA,3.4
2011,млн.метр куб,AG_LND_FRSTBIOM,Қарағанды,KZKAR,4.6
2011,млн.метр куб,AG_LND_FRSTBIOM,Қостанай,KZKUS,16.5
2011,млн.метр куб,AG_LND_FRSTBIOM,Қызылорда,KZKZY,6.0
2011,млн.метр куб,AG_LND_FRSTBIOM,Маңғыстау,KZMAN,0.1
2011,млн.метр куб,AG_LND_FRSTBIOM,Павлодар,KZPAV,26.6
2011,млн.метр куб,AG_LND_FRSTBIOM,Солтүстік Қазақстан,KZSEV,54.4
2011,млн.метр куб,AG_LND_FRSTBIOM,Түркістан,KZYUZ,3.1
2011,млн.метр куб,AG_LND_FRSTBIOM,Шығыс Қазақстан,KZVOS,175.1
2011,пайыз,_L_KZ_150201_1B,,,134.2
2011,пайыз,_L_KZ_150201_1B,Ақмола,KZAKM,4.9
2011,пайыз,_L_KZ_150201_1B,Ақтөбе,KZAKT,-0.1
2011,пайыз,_L_KZ_150201_1B,Алматы,KZALM,53.3
2011,пайыз,_L_KZ_150201_1B,Атырау,KZATY,0.0
2011,пайыз,_L_KZ_150201_1B,Батыс Қазақстан,KZZAP,1.3
2011,пайыз,_L_KZ_150201_1B,Жамбыл,KZZHA,6.0
2011,пайыз,_L_KZ_150201_1B,Қарағанды,KZKAR,0.0
2011,пайыз,_L_KZ_150201_1B,Қостанай,KZKUS,1.3
2011,пайыз,_L_KZ_150201_1B,Қызылорда,KZKZY,-6.5
2011,пайыз,_L_KZ_150201_1B,Маңғыстау,KZMAN,0.1
2011,пайыз,_L_KZ_150201_1B,Павлодар,KZPAV,2.9
2011,пайыз,_L_KZ_150201_1B,Солтүстік Қазақстан,KZSEV,-0.8
2011,пайыз,_L_KZ_150201_1B,Түркістан,KZYUZ,0.0
2011,пайыз,_L_KZ_150201_1B,Шығыс Қазақстан,KZVOS,61.7
2011,мың.гектар,AG_LND_FRSTPRCT,,,100.0
2011,мың.гектар,AG_LND_FRSTPRCT,Ақмола,KZAKM,9.0
2011,мың.гектар,AG_LND_FRSTPRCT,Ақтөбе,KZAKT,0.0
2011,мың.гектар,AG_LND_FRSTPRCT,Алматы,KZALM,13.0
2011,мың.гектар,AG_LND_FRSTPRCT,Атырау,KZATY,0.0
2011,мың.гектар,AG_LND_FRSTPRCT,Батыс Қазақстан,KZZAP,0.0
2011,мың.гектар,AG_LND_FRSTPRCT,Жамбыл,KZZHA,0.0
2011,мың.гектар,AG_LND_FRSTPRCT,Қарағанды,KZKAR,4.0
2011,мың.гектар,AG_LND_FRSTPRCT,Қостанай,KZKUS,0.0
2011,мың.гектар,AG_LND_FRSTPRCT,Қызылорда,KZKZY,3.0
2011,мың.гектар,AG_LND_FRSTPRCT,Маңғыстау,KZMAN,0.0
2011,мың.гектар,AG_LND_FRSTPRCT,Павлодар,KZPAV,12.0
2011,мың.гектар,AG_LND_FRSTPRCT,Солтүстік Қазақстан,KZSEV,7.0
2011,мың.гектар,AG_LND_FRSTPRCT,Түркістан,KZYUZ,4.0
2011,мың.гектар,AG_LND_FRSTPRCT,Шығыс Қазақстан,KZVOS,48.0
2011,мың.гектар,AG_LND_FRSTMGT,,,12452.0
2011,мың.гектар,AG_LND_FRSTMGT,Ақмола,KZAKM,378.6
2011,мың.гектар,AG_LND_FRSTMGT,Ақтөбе,KZAKT,47.2
2011,мың.гектар,AG_LND_FRSTMGT,Алматы,KZALM,1850.9
2011,мың.гектар,AG_LND_FRSTMGT,Атырау,KZATY,15.8
2011,мың.гектар,AG_LND_FRSTMGT,Батыс Қазақстан,KZZAP,104.6
2011,мың.гектар,AG_LND_FRSTMGT,Жамбыл,KZZHA,2219.6
2011,мың.гектар,AG_LND_FRSTMGT,Қарағанды,KZKAR,155.4
2011,мың.гектар,AG_LND_FRSTMGT,Қостанай,KZKUS,223.7
2011,мың.гектар,AG_LND_FRSTMGT,Қызылорда,KZKZY,3088.2
2011,мың.гектар,AG_LND_FRSTMGT,Маңғыстау,KZMAN,122.8
2011,мың.гектар,AG_LND_FRSTMGT,Павлодар,KZPAV,249.9
2011,мың.гектар,AG_LND_FRSTMGT,Солтүстік Қазақстан,KZSEV,529.4
2011,мың.гектар,AG_LND_FRSTMGT,Түркістан,KZYUZ,1603.4
2011,мың.гектар,AG_LND_FRSTMGT,Шығыс Қазақстан,KZVOS,1862.5
2012,мың.гектар,_L_KZ_150201_1A,,,12548.6
2012,мың.гектар,_L_KZ_150201_1A,Ақмола,KZAKM,378.0
2012,мың.гектар,_L_KZ_150201_1A,Ақтөбе,KZAKT,47.9
2012,мың.гектар,_L_KZ_150201_1A,Алматы,KZALM,1851.7
2012,мың.гектар,_L_KZ_150201_1A,Атырау,KZATY,15.8
2012,мың.гектар,_L_KZ_150201_1A,Батыс Қазақстан,KZZAP,106.1
2012,мың.гектар,_L_KZ_150201_1A,Жамбыл,KZZHA,2222.3
2012,мың.гектар,_L_KZ_150201_1A,Қарағанды,KZKAR,156.0
2012,мың.гектар,_L_KZ_150201_1A,Қостанай,KZKUS,224.1
2012,мың.гектар,_L_KZ_150201_1A,Қызылорда,KZKZY,3056.8
2012,мың.гектар,_L_KZ_150201_1A,Маңғыстау,KZMAN,122.8
2012,мың.гектар,_L_KZ_150201_1A,Павлодар,KZPAV,249.3
2012,мың.гектар,_L_KZ_150201_1A,Солтүстік Қазақстан,KZSEV,529.7
2012,мың.гектар,_L_KZ_150201_1A,Түркістан,KZYUZ,1614.1
2012,мың.гектар,_L_KZ_150201_1A,Шығыс Қазақстан,KZVOS,1974.1
2012,млн.метр куб,AG_LND_FRSTBIOM,,,412.2
2012,млн.метр куб,AG_LND_FRSTBIOM,Ақмола,KZAKM,45.4
2012,млн.метр куб,AG_LND_FRSTBIOM,Ақтөбе,KZAKT,1.1
2012,млн.метр куб,AG_LND_FRSTBIOM,Алматы,KZALM,40.7
2012,млн.метр куб,AG_LND_FRSTBIOM,Атырау,KZATY,0.5
2012,млн.метр куб,AG_LND_FRSTBIOM,Батыс Қазақстан,KZZAP,8.3
2012,млн.метр куб,AG_LND_FRSTBIOM,Жамбыл,KZZHA,3.4
2012,млн.метр куб,AG_LND_FRSTBIOM,Қарағанды,KZKAR,4.6
2012,млн.метр куб,AG_LND_FRSTBIOM,Қостанай,KZKUS,15.5
2012,млн.метр куб,AG_LND_FRSTBIOM,Қызылорда,KZKZY,5.9
2012,млн.метр куб,AG_LND_FRSTBIOM,Маңғыстау,KZMAN,0.1
2012,млн.метр куб,AG_LND_FRSTBIOM,Павлодар,KZPAV,27.0
2012,млн.метр куб,AG_LND_FRSTBIOM,Солтүстік Қазақстан,KZSEV,52.0
2012,млн.метр куб,AG_LND_FRSTBIOM,Түркістан,KZYUZ,3.1
2012,млн.метр куб,AG_LND_FRSTBIOM,Шығыс Қазақстан,KZVOS,204.6
2012,пайыз,_L_KZ_150201_1B,,,96.6
2012,пайыз,_L_KZ_150201_1B,Ақмола,KZAKM,-0.6
2012,пайыз,_L_KZ_150201_1B,Ақтөбе,KZAKT,0.7
2012,пайыз,_L_KZ_150201_1B,Алматы,KZALM,0.8
2012,пайыз,_L_KZ_150201_1B,Атырау,KZATY,0.0
2012,пайыз,_L_KZ_150201_1B,Батыс Қазақстан,KZZAP,1.5
2012,пайыз,_L_KZ_150201_1B,Жамбыл,KZZHA,2.7
2012,пайыз,_L_KZ_150201_1B,Қарағанды,KZKAR,0.6
2012,пайыз,_L_KZ_150201_1B,Қостанай,KZKUS,0.4
2012,пайыз,_L_KZ_150201_1B,Қызылорда,KZKZY,-31.4
2012,пайыз,_L_KZ_150201_1B,Маңғыстау,KZMAN,0.0
2012,пайыз,_L_KZ_150201_1B,Павлодар,KZPAV,-0.6
2012,пайыз,_L_KZ_150201_1B,Солтүстік Қазақстан,KZSEV,0.3
2012,пайыз,_L_KZ_150201_1B,Түркістан,KZYUZ,10.7
2012,пайыз,_L_KZ_150201_1B,Шығыс Қазақстан,KZVOS,111.6
2012,мың.гектар,AG_LND_FRSTPRCT,,,100.0
2012,мың.гектар,AG_LND_FRSTPRCT,Ақмола,KZAKM,9.0
2012,мың.гектар,AG_LND_FRSTPRCT,Ақтөбе,KZAKT,0.0
2012,мың.гектар,AG_LND_FRSTPRCT,Алматы,KZALM,13.0
2012,мың.гектар,AG_LND_FRSTPRCT,Атырау,KZATY,0.0
2012,мың.гектар,AG_LND_FRSTPRCT,Батыс Қазақстан,KZZAP,0.0
2012,мың.гектар,AG_LND_FRSTPRCT,Жамбыл,KZZHA,0.0
2012,мың.гектар,AG_LND_FRSTPRCT,Қарағанды,KZKAR,4.0
2012,мың.гектар,AG_LND_FRSTPRCT,Қостанай,KZKUS,0.0
2012,мың.гектар,AG_LND_FRSTPRCT,Қызылорда,KZKZY,3.0
2012,мың.гектар,AG_LND_FRSTPRCT,Маңғыстау,KZMAN,0.0
2012,мың.гектар,AG_LND_FRSTPRCT,Павлодар,KZPAV,11.0
2012,мың.гектар,AG_LND_FRSTPRCT,Солтүстік Қазақстан,KZSEV,7.0
2012,мың.гектар,AG_LND_FRSTPRCT,Түркістан,KZYUZ,3.0
2012,мың.гектар,AG_LND_FRSTPRCT,Шығыс Қазақстан,KZVOS,50.0
2012,мың.гектар,AG_LND_FRSTMGT,,,12548.6
2012,мың.гектар,AG_LND_FRSTMGT,Ақмола,KZAKM,378.0
2012,мың.гектар,AG_LND_FRSTMGT,Ақтөбе,KZAKT,47.9
2012,мың.гектар,AG_LND_FRSTMGT,Алматы,KZALM,1851.7
2012,мың.гектар,AG_LND_FRSTMGT,Атырау,KZATY,15.8
2012,мың.гектар,AG_LND_FRSTMGT,Батыс Қазақстан,KZZAP,106.1
2012,мың.гектар,AG_LND_FRSTMGT,Жамбыл,KZZHA,2222.3
2012,мың.гектар,AG_LND_FRSTMGT,Қарағанды,KZKAR,156.0
2012,мың.гектар,AG_LND_FRSTMGT,Қостанай,KZKUS,224.1
2012,мың.гектар,AG_LND_FRSTMGT,Қызылорда,KZKZY,3056.8
2012,мың.гектар,AG_LND_FRSTMGT,Маңғыстау,KZMAN,122.8
2012,мың.гектар,AG_LND_FRSTMGT,Павлодар,KZPAV,249.3
2012,мың.гектар,AG_LND_FRSTMGT,Солтүстік Қазақстан,KZSEV,529.7
2012,мың.гектар,AG_LND_FRSTMGT,Түркістан,KZYUZ,1614.1
2012,мың.гектар,AG_LND_FRSTMGT,Шығыс Қазақстан,KZVOS,1974.1
2013,мың.гектар,_L_KZ_150201_1A,,,12593.9
2013,мың.гектар,_L_KZ_150201_1A,Ақмола,KZAKM,379.3
2013,мың.гектар,_L_KZ_150201_1A,Ақтөбе,KZAKT,49.8
2013,мың.гектар,_L_KZ_150201_1A,Алматы,KZALM,1854.4
2013,мың.гектар,_L_KZ_150201_1A,Атырау,KZATY,16.4
2013,мың.гектар,_L_KZ_150201_1A,Батыс Қазақстан,KZZAP,106.1
2013,мың.гектар,_L_KZ_150201_1A,Жамбыл,KZZHA,2231.0
2013,мың.гектар,_L_KZ_150201_1A,Қарағанды,KZKAR,155.6
2013,мың.гектар,_L_KZ_150201_1A,Қостанай,KZKUS,229.0
2013,мың.гектар,_L_KZ_150201_1A,Қызылорда,KZKZY,3055.0
2013,мың.гектар,_L_KZ_150201_1A,Маңғыстау,KZMAN,122.4
2013,мың.гектар,_L_KZ_150201_1A,Павлодар,KZPAV,250.5
2013,мың.гектар,_L_KZ_150201_1A,Солтүстік Қазақстан,KZSEV,529.3
2013,мың.гектар,_L_KZ_150201_1A,Түркістан,KZYUZ,1614.2
2013,мың.гектар,_L_KZ_150201_1A,Шығыс Қазақстан,KZVOS,2000.8
2013,млн.метр куб,AG_LND_FRSTBIOM,,,412.2
2013,млн.метр куб,AG_LND_FRSTBIOM,Ақмола,KZAKM,45.4
2013,млн.метр куб,AG_LND_FRSTBIOM,Ақтөбе,KZAKT,1.1
2013,млн.метр куб,AG_LND_FRSTBIOM,Алматы,KZALM,40.7
2013,млн.метр куб,AG_LND_FRSTBIOM,Атырау,KZATY,0.5
2013,млн.метр куб,AG_LND_FRSTBIOM,Батыс Қазақстан,KZZAP,8.3
2013,млн.метр куб,AG_LND_FRSTBIOM,Жамбыл,KZZHA,3.4
2013,млн.метр куб,AG_LND_FRSTBIOM,Қарағанды,KZKAR,4.6
2013,млн.метр куб,AG_LND_FRSTBIOM,Қостанай,KZKUS,15.5
2013,млн.метр куб,AG_LND_FRSTBIOM,Қызылорда,KZKZY,5.9
2013,млн.метр куб,AG_LND_FRSTBIOM,Маңғыстау,KZMAN,0.1
2013,млн.метр куб,AG_LND_FRSTBIOM,Павлодар,KZPAV,27.0
2013,млн.метр куб,AG_LND_FRSTBIOM,Солтүстік Қазақстан,KZSEV,52.0
2013,млн.метр куб,AG_LND_FRSTBIOM,Түркістан,KZYUZ,3.1
2013,млн.метр куб,AG_LND_FRSTBIOM,Шығыс Қазақстан,KZVOS,204.6
2013,пайыз,_L_KZ_150201_1B,,,45.3
2013,пайыз,_L_KZ_150201_1B,Ақмола,KZAKM,1.3
2013,пайыз,_L_KZ_150201_1B,Ақтөбе,KZAKT,1.9
2013,пайыз,_L_KZ_150201_1B,Алматы,KZALM,2.7
2013,пайыз,_L_KZ_150201_1B,Атырау,KZATY,0.6
2013,пайыз,_L_KZ_150201_1B,Батыс Қазақстан,KZZAP,0.0
2013,пайыз,_L_KZ_150201_1B,Жамбыл,KZZHA,8.7
2013,пайыз,_L_KZ_150201_1B,Қарағанды,KZKAR,-0.4
2013,пайыз,_L_KZ_150201_1B,Қостанай,KZKUS,4.9
2013,пайыз,_L_KZ_150201_1B,Қызылорда,KZKZY,-1.8
2013,пайыз,_L_KZ_150201_1B,Маңғыстау,KZMAN,-0.4
2013,пайыз,_L_KZ_150201_1B,Павлодар,KZPAV,1.2
2013,пайыз,_L_KZ_150201_1B,Солтүстік Қазақстан,KZSEV,-0.4
2013,пайыз,_L_KZ_150201_1B,Түркістан,KZYUZ,0.1
2013,пайыз,_L_KZ_150201_1B,Шығыс Қазақстан,KZVOS,26.7
2013,мың.гектар,AG_LND_FRSTPRCT,,,100.0
2013,мың.гектар,AG_LND_FRSTPRCT,Ақмола,KZAKM,9.0
2013,мың.гектар,AG_LND_FRSTPRCT,Ақтөбе,KZAKT,0.0
2013,мың.гектар,AG_LND_FRSTPRCT,Алматы,KZALM,13.0
2013,мың.гектар,AG_LND_FRSTPRCT,Атырау,KZATY,0.0
2013,мың.гектар,AG_LND_FRSTPRCT,Батыс Қазақстан,KZZAP,0.0
2013,мың.гектар,AG_LND_FRSTPRCT,Жамбыл,KZZHA,0.0
2013,мың.гектар,AG_LND_FRSTPRCT,Қарағанды,KZKAR,4.0
2013,мың.гектар,AG_LND_FRSTPRCT,Қостанай,KZKUS,0.0
2013,мың.гектар,AG_LND_FRSTPRCT,Қызылорда,KZKZY,3.0
2013,мың.гектар,AG_LND_FRSTPRCT,Маңғыстау,KZMAN,0.0
2013,мың.гектар,AG_LND_FRSTPRCT,Павлодар,KZPAV,11.0
2013,мың.гектар,AG_LND_FRSTPRCT,Солтүстік Қазақстан,KZSEV,7.0
2013,мың.гектар,AG_LND_FRSTPRCT,Түркістан,KZYUZ,3.0
2013,мың.гектар,AG_LND_FRSTPRCT,Шығыс Қазақстан,KZVOS,50.0
2013,мың.гектар,AG_LND_FRSTMGT,,,12593.9
2013,мың.гектар,AG_LND_FRSTMGT,Ақмола,KZAKM,379.3
2013,мың.гектар,AG_LND_FRSTMGT,Ақтөбе,KZAKT,49.8
2013,мың.гектар,AG_LND_FRSTMGT,Алматы,KZALM,1854.4
2013,мың.гектар,AG_LND_FRSTMGT,Атырау,KZATY,16.4
2013,мың.гектар,AG_LND_FRSTMGT,Батыс Қазақстан,KZZAP,106.1
2013,мың.гектар,AG_LND_FRSTMGT,Жамбыл,KZZHA,2231.0
2013,мың.гектар,AG_LND_FRSTMGT,Қарағанды,KZKAR,155.6
2013,мың.гектар,AG_LND_FRSTMGT,Қостанай,KZKUS,229.0
2013,мың.гектар,AG_LND_FRSTMGT,Қызылорда,KZKZY,3055.0
2013,мың.гектар,AG_LND_FRSTMGT,Маңғыстау,KZMAN,122.4
2013,мың.гектар,AG_LND_FRSTMGT,Павлодар,KZPAV,250.5
2013,мың.гектар,AG_LND_FRSTMGT,Солтүстік Қазақстан,KZSEV,529.3
2013,мың.гектар,AG_LND_FRSTMGT,Түркістан,KZYUZ,1614.2
2013,мың.гектар,AG_LND_FRSTMGT,Шығыс Қазақстан,KZVOS,2000.8
2014,мың.гектар,_L_KZ_150201_1A,,,12627.0
2014,мың.гектар,_L_KZ_150201_1A,Ақмола,KZAKM,379.4
2014,мың.гектар,_L_KZ_150201_1A,Ақтөбе,KZAKT,50.3
2014,мың.гектар,_L_KZ_150201_1A,Алматы,KZALM,1856.2
2014,мың.гектар,_L_KZ_150201_1A,Атырау,KZATY,16.4
2014,мың.гектар,_L_KZ_150201_1A,Батыс Қазақстан,KZZAP,106.0
2014,мың.гектар,_L_KZ_150201_1A,Жамбыл,KZZHA,2236.1
2014,мың.гектар,_L_KZ_150201_1A,Қарағанды,KZKAR,155.8
2014,мың.гектар,_L_KZ_150201_1A,Қостанай,KZKUS,234.9
2014,мың.гектар,_L_KZ_150201_1A,Қызылорда,KZKZY,3063.0
2014,мың.гектар,_L_KZ_150201_1A,Маңғыстау,KZMAN,122.4
2014,мың.гектар,_L_KZ_150201_1A,Павлодар,KZPAV,253.1
2014,мың.гектар,_L_KZ_150201_1A,Солтүстік Қазақстан,KZSEV,531.9
2014,мың.гектар,_L_KZ_150201_1A,Түркістан,KZYUZ,1616.8
2014,мың.гектар,_L_KZ_150201_1A,Шығыс Қазақстан,KZVOS,2004.7
2014,млн.метр куб,AG_LND_FRSTBIOM,,,412.2
2014,млн.метр куб,AG_LND_FRSTBIOM,Ақмола,KZAKM,45.4
2014,млн.метр куб,AG_LND_FRSTBIOM,Ақтөбе,KZAKT,1.1
2014,млн.метр куб,AG_LND_FRSTBIOM,Алматы,KZALM,40.7
2014,млн.метр куб,AG_LND_FRSTBIOM,Атырау,KZATY,0.5
2014,млн.метр куб,AG_LND_FRSTBIOM,Батыс Қазақстан,KZZAP,8.3
2014,млн.метр куб,AG_LND_FRSTBIOM,Жамбыл,KZZHA,3.4
2014,млн.метр куб,AG_LND_FRSTBIOM,Қарағанды,KZKAR,4.6
2014,млн.метр куб,AG_LND_FRSTBIOM,Қостанай,KZKUS,15.5
2014,млн.метр куб,AG_LND_FRSTBIOM,Қызылорда,KZKZY,5.9
2014,млн.метр куб,AG_LND_FRSTBIOM,Маңғыстау,KZMAN,0.1
2014,млн.метр куб,AG_LND_FRSTBIOM,Павлодар,KZPAV,27.0
2014,млн.метр куб,AG_LND_FRSTBIOM,Солтүстік Қазақстан,KZSEV,52.0
2014,млн.метр куб,AG_LND_FRSTBIOM,Түркістан,KZYUZ,3.1
2014,млн.метр куб,AG_LND_FRSTBIOM,Шығыс Қазақстан,KZVOS,204.6
2014,пайыз,_L_KZ_150201_1B,,,33.1
2014,пайыз,_L_KZ_150201_1B,Ақмола,KZAKM,0.1
2014,пайыз,_L_KZ_150201_1B,Ақтөбе,KZAKT,0.5
2014,пайыз,_L_KZ_150201_1B,Алматы,KZALM,1.8
2014,пайыз,_L_KZ_150201_1B,Атырау,KZATY,0.0
2014,пайыз,_L_KZ_150201_1B,Батыс Қазақстан,KZZAP,-0.1
2014,пайыз,_L_KZ_150201_1B,Жамбыл,KZZHA,5.1
2014,пайыз,_L_KZ_150201_1B,Қарағанды,KZKAR,0.2
2014,пайыз,_L_KZ_150201_1B,Қостанай,KZKUS,5.9
2014,пайыз,_L_KZ_150201_1B,Қызылорда,KZKZY,8.0
2014,пайыз,_L_KZ_150201_1B,Маңғыстау,KZMAN,0.0
2014,пайыз,_L_KZ_150201_1B,Павлодар,KZPAV,2.6
2014,пайыз,_L_KZ_150201_1B,Солтүстік Қазақстан,KZSEV,2.6
2014,пайыз,_L_KZ_150201_1B,Түркістан,KZYUZ,2.6
2014,пайыз,_L_KZ_150201_1B,Шығыс Қазақстан,KZVOS,3.9
2014,мың.гектар,AG_LND_FRSTPRCT,,,100.0
2014,мың.гектар,AG_LND_FRSTPRCT,Ақмола,KZAKM,8.0
2014,мың.гектар,AG_LND_FRSTPRCT,Ақтөбе,KZAKT,0.0
2014,мың.гектар,AG_LND_FRSTPRCT,Алматы,KZALM,12.0
2014,мың.гектар,AG_LND_FRSTPRCT,Атырау,KZATY,0.0
2014,мың.гектар,AG_LND_FRSTPRCT,Батыс Қазақстан,KZZAP,0.0
2014,мың.гектар,AG_LND_FRSTPRCT,Жамбыл,KZZHA,0.0
2014,мың.гектар,AG_LND_FRSTPRCT,Қарағанды,KZKAR,4.0
2014,мың.гектар,AG_LND_FRSTPRCT,Қостанай,KZKUS,0.0
2014,мың.гектар,AG_LND_FRSTPRCT,Қызылорда,KZKZY,3.0
2014,мың.гектар,AG_LND_FRSTPRCT,Маңғыстау,KZMAN,0.0
2014,мың.гектар,AG_LND_FRSTPRCT,Павлодар,KZPAV,11.0
2014,мың.гектар,AG_LND_FRSTPRCT,Солтүстік Қазақстан,KZSEV,7.0
2014,мың.гектар,AG_LND_FRSTPRCT,Түркістан,KZYUZ,7.0
2014,мың.гектар,AG_LND_FRSTPRCT,Шығыс Қазақстан,KZVOS,48.0
2014,мың.гектар,AG_LND_FRSTMGT,,,12627.0
2014,мың.гектар,AG_LND_FRSTMGT,Ақмола,KZAKM,379.4
2014,мың.гектар,AG_LND_FRSTMGT,Ақтөбе,KZAKT,50.3
2014,мың.гектар,AG_LND_FRSTMGT,Алматы,KZALM,1856.2
2014,мың.гектар,AG_LND_FRSTMGT,Атырау,KZATY,16.4
2014,мың.гектар,AG_LND_FRSTMGT,Батыс Қазақстан,KZZAP,106.0
2014,мың.гектар,AG_LND_FRSTMGT,Жамбыл,KZZHA,2236.1
2014,мың.гектар,AG_LND_FRSTMGT,Қарағанды,KZKAR,155.8
2014,мың.гектар,AG_LND_FRSTMGT,Қостанай,KZKUS,234.9
2014,мың.гектар,AG_LND_FRSTMGT,Қызылорда,KZKZY,3063.0
2014,мың.гектар,AG_LND_FRSTMGT,Маңғыстау,KZMAN,122.4
2014,мың.гектар,AG_LND_FRSTMGT,Павлодар,KZPAV,253.1
2014,мың.гектар,AG_LND_FRSTMGT,Солтүстік Қазақстан,KZSEV,531.9
2014,мың.гектар,AG_LND_FRSTMGT,Түркістан,KZYUZ,1616.8
2014,мың.гектар,AG_LND_FRSTMGT,Шығыс Қазақстан,KZVOS,2004.7
2015,мың.гектар,_L_KZ_150201_1A,,,12652.4
2015,мың.гектар,_L_KZ_150201_1A,Ақмола,KZAKM,380.3
2015,мың.гектар,_L_KZ_150201_1A,Ақтөбе,KZAKT,51.6
2015,мың.гектар,_L_KZ_150201_1A,Алматы,KZALM,1870.6
2015,мың.гектар,_L_KZ_150201_1A,Атырау,KZATY,16.5
2015,мың.гектар,_L_KZ_150201_1A,Батыс Қазақстан,KZZAP,103.9
2015,мың.гектар,_L_KZ_150201_1A,Жамбыл,KZZHA,2240.6
2015,мың.гектар,_L_KZ_150201_1A,Қарағанды,KZKAR,153.3
2015,мың.гектар,_L_KZ_150201_1A,Қостанай,KZKUS,236.4
2015,мың.гектар,_L_KZ_150201_1A,Қызылорда,KZKZY,3059.1
2015,мың.гектар,_L_KZ_150201_1A,Маңғыстау,KZMAN,122.4
2015,мың.гектар,_L_KZ_150201_1A,Павлодар,KZPAV,254.5
2015,мың.гектар,_L_KZ_150201_1A,Солтүстік Қазақстан,KZSEV,534.0
2015,мың.гектар,_L_KZ_150201_1A,Түркістан,KZYUZ,1623.7
2015,мың.гектар,_L_KZ_150201_1A,Шығыс Қазақстан,KZVOS,2005.3
2015,млн.метр куб,AG_LND_FRSTBIOM,,,412.2
2015,млн.метр куб,AG_LND_FRSTBIOM,Ақмола,KZAKM,45.4
2015,млн.метр куб,AG_LND_FRSTBIOM,Ақтөбе,KZAKT,1.1
2015,млн.метр куб,AG_LND_FRSTBIOM,Алматы,KZALM,40.7
2015,млн.метр куб,AG_LND_FRSTBIOM,Атырау,KZATY,0.5
2015,млн.метр куб,AG_LND_FRSTBIOM,Батыс Қазақстан,KZZAP,8.3
2015,млн.метр куб,AG_LND_FRSTBIOM,Жамбыл,KZZHA,3.4
2015,млн.метр куб,AG_LND_FRSTBIOM,Қарағанды,KZKAR,4.6
2015,млн.метр куб,AG_LND_FRSTBIOM,Қостанай,KZKUS,15.5
2015,млн.метр куб,AG_LND_FRSTBIOM,Қызылорда,KZKZY,5.9
2015,млн.метр куб,AG_LND_FRSTBIOM,Маңғыстау,KZMAN,0.1
2015,млн.метр куб,AG_LND_FRSTBIOM,Павлодар,KZPAV,27.0
2015,млн.метр куб,AG_LND_FRSTBIOM,Солтүстік Қазақстан,KZSEV,52.0
2015,млн.метр куб,AG_LND_FRSTBIOM,Түркістан,KZYUZ,3.1
2015,млн.метр куб,AG_LND_FRSTBIOM,Шығыс Қазақстан,KZVOS,204.6
2015,пайыз,_L_KZ_150201_1B,,,25.4
2015,пайыз,_L_KZ_150201_1B,Ақмола,KZAKM,0.9
2015,пайыз,_L_KZ_150201_1B,Ақтөбе,KZAKT,1.3
2015,пайыз,_L_KZ_150201_1B,Алматы,KZALM,14.4
2015,пайыз,_L_KZ_150201_1B,Атырау,KZATY,0.1
2015,пайыз,_L_KZ_150201_1B,Батыс Қазақстан,KZZAP,-2.1
2015,пайыз,_L_KZ_150201_1B,Жамбыл,KZZHA,4.5
2015,пайыз,_L_KZ_150201_1B,Қарағанды,KZKAR,-2.5
2015,пайыз,_L_KZ_150201_1B,Қостанай,KZKUS,1.5
2015,пайыз,_L_KZ_150201_1B,Қызылорда,KZKZY,-3.9
2015,пайыз,_L_KZ_150201_1B,Маңғыстау,KZMAN,0.0
2015,пайыз,_L_KZ_150201_1B,Павлодар,KZPAV,1.4
2015,пайыз,_L_KZ_150201_1B,Солтүстік Қазақстан,KZSEV,2.1
2015,пайыз,_L_KZ_150201_1B,Түркістан,KZYUZ,6.9
2015,пайыз,_L_KZ_150201_1B,Шығыс Қазақстан,KZVOS,0.6
2015,мың.гектар,AG_LND_FRSTPRCT,,,100.0
2015,мың.гектар,AG_LND_FRSTPRCT,Ақмола,KZAKM,8.0
2015,мың.гектар,AG_LND_FRSTPRCT,Ақтөбе,KZAKT,0.0
2015,мың.гектар,AG_LND_FRSTPRCT,Алматы,KZALM,13.0
2015,мың.гектар,AG_LND_FRSTPRCT,Атырау,KZATY,0.0
2015,мың.гектар,AG_LND_FRSTPRCT,Батыс Қазақстан,KZZAP,0.0
2015,мың.гектар,AG_LND_FRSTPRCT,Жамбыл,KZZHA,0.0
2015,мың.гектар,AG_LND_FRSTPRCT,Қарағанды,KZKAR,4.0
2015,мың.гектар,AG_LND_FRSTPRCT,Қостанай,KZKUS,0.0
2015,мың.гектар,AG_LND_FRSTPRCT,Қызылорда,KZKZY,3.0
2015,мың.гектар,AG_LND_FRSTPRCT,Маңғыстау,KZMAN,0.0
2015,мың.гектар,AG_LND_FRSTPRCT,Павлодар,KZPAV,11.0
2015,мың.гектар,AG_LND_FRSTPRCT,Солтүстік Қазақстан,KZSEV,6.0
2015,мың.гектар,AG_LND_FRSTPRCT,Түркістан,KZYUZ,7.0
2015,мың.гектар,AG_LND_FRSTPRCT,Шығыс Қазақстан,KZVOS,48.0
2015,мың.гектар,AG_LND_FRSTMGT,,,12652.4
2015,мың.гектар,AG_LND_FRSTMGT,Ақмола,KZAKM,380.3
2015,мың.гектар,AG_LND_FRSTMGT,Ақтөбе,KZAKT,51.6
2015,мың.гектар,AG_LND_FRSTMGT,Алматы,KZALM,1870.6
2015,мың.гектар,AG_LND_FRSTMGT,Атырау,KZATY,16.5
2015,мың.гектар,AG_LND_FRSTMGT,Батыс Қазақстан,KZZAP,103.9
2015,мың.гектар,AG_LND_FRSTMGT,Жамбыл,KZZHA,2240.6
2015,мың.гектар,AG_LND_FRSTMGT,Қарағанды,KZKAR,153.3
2015,мың.гектар,AG_LND_FRSTMGT,Қостанай,KZKUS,236.4
2015,мың.гектар,AG_LND_FRSTMGT,Қызылорда,KZKZY,3059.1
2015,мың.гектар,AG_LND_FRSTMGT,Маңғыстау,KZMAN,122.4
2015,мың.гектар,AG_LND_FRSTMGT,Павлодар,KZPAV,254.5
2015,мың.гектар,AG_LND_FRSTMGT,Солтүстік Қазақстан,KZSEV,534.0
2015,мың.гектар,AG_LND_FRSTMGT,Түркістан,KZYUZ,1623.7
2015,мың.гектар,AG_LND_FRSTMGT,Шығыс Қазақстан,KZVOS,2005.3
2016,мың.гектар,_L_KZ_150201_1A,,,12706.8
2016,мың.гектар,_L_KZ_150201_1A,Ақмола,KZAKM,382.1
2016,мың.гектар,_L_KZ_150201_1A,Ақтөбе,KZAKT,51.7
2016,мың.гектар,_L_KZ_150201_1A,Алматы,KZALM,1882.3
2016,мың.гектар,_L_KZ_150201_1A,Атырау,KZATY,16.5
2016,мың.гектар,_L_KZ_150201_1A,Батыс Қазақстан,KZZAP,106.0
2016,мың.гектар,_L_KZ_150201_1A,Жамбыл,KZZHA,2240.7
2016,мың.гектар,_L_KZ_150201_1A,Қарағанды,KZKAR,153.3
2016,мың.гектар,_L_KZ_150201_1A,Қостанай,KZKUS,238.2
2016,мың.гектар,_L_KZ_150201_1A,Қызылорда,KZKZY,3080.3
2016,мың.гектар,_L_KZ_150201_1A,Маңғыстау,KZMAN,122.4
2016,мың.гектар,_L_KZ_150201_1A,Павлодар,KZPAV,257.1
2016,мың.гектар,_L_KZ_150201_1A,Солтүстік Қазақстан,KZSEV,535.6
2016,мың.гектар,_L_KZ_150201_1A,Түркістан,KZYUZ,1630.1
2016,мың.гектар,_L_KZ_150201_1A,Шығыс Қазақстан,KZVOS,2010.3
2016,млн.метр куб,AG_LND_FRSTBIOM,,,412.2
2016,млн.метр куб,AG_LND_FRSTBIOM,Ақмола,KZAKM,45.4
2016,млн.метр куб,AG_LND_FRSTBIOM,Ақтөбе,KZAKT,1.1
2016,млн.метр куб,AG_LND_FRSTBIOM,Алматы,KZALM,40.7
2016,млн.метр куб,AG_LND_FRSTBIOM,Атырау,KZATY,0.5
2016,млн.метр куб,AG_LND_FRSTBIOM,Батыс Қазақстан,KZZAP,8.3
2016,млн.метр куб,AG_LND_FRSTBIOM,Жамбыл,KZZHA,3.4
2016,млн.метр куб,AG_LND_FRSTBIOM,Қарағанды,KZKAR,4.6
2016,млн.метр куб,AG_LND_FRSTBIOM,Қостанай,KZKUS,15.5
2016,млн.метр куб,AG_LND_FRSTBIOM,Қызылорда,KZKZY,5.9
2016,млн.метр куб,AG_LND_FRSTBIOM,Маңғыстау,KZMAN,0.1
2016,млн.метр куб,AG_LND_FRSTBIOM,Павлодар,KZPAV,27.0
2016,млн.метр куб,AG_LND_FRSTBIOM,Солтүстік Қазақстан,KZSEV,52.0
2016,млн.метр куб,AG_LND_FRSTBIOM,Түркістан,KZYUZ,3.1
2016,млн.метр куб,AG_LND_FRSTBIOM,Шығыс Қазақстан,KZVOS,204.6
2016,пайыз,_L_KZ_150201_1B,,,54.4
2016,пайыз,_L_KZ_150201_1B,Ақмола,KZAKM,1.8
2016,пайыз,_L_KZ_150201_1B,Ақтөбе,KZAKT,0.1
2016,пайыз,_L_KZ_150201_1B,Алматы,KZALM,11.7
2016,пайыз,_L_KZ_150201_1B,Атырау,KZATY,0.0
2016,пайыз,_L_KZ_150201_1B,Батыс Қазақстан,KZZAP,2.1
2016,пайыз,_L_KZ_150201_1B,Жамбыл,KZZHA,0.1
2016,пайыз,_L_KZ_150201_1B,Қарағанды,KZKAR,0.0
2016,пайыз,_L_KZ_150201_1B,Қостанай,KZKUS,1.8
2016,пайыз,_L_KZ_150201_1B,Қызылорда,KZKZY,21.2
2016,пайыз,_L_KZ_150201_1B,Маңғыстау,KZMAN,0.0
2016,пайыз,_L_KZ_150201_1B,Павлодар,KZPAV,2.6
2016,пайыз,_L_KZ_150201_1B,Солтүстік Қазақстан,KZSEV,1.6
2016,пайыз,_L_KZ_150201_1B,Түркістан,KZYUZ,6.4
2016,пайыз,_L_KZ_150201_1B,Шығыс Қазақстан,KZVOS,5.0
2016,мың.гектар,AG_LND_FRSTPRCT,,,100.0
2016,мың.гектар,AG_LND_FRSTPRCT,Ақмола,KZAKM,8.0
2016,мың.гектар,AG_LND_FRSTPRCT,Ақтөбе,KZAKT,0.0
2016,мың.гектар,AG_LND_FRSTPRCT,Алматы,KZALM,13.0
2016,мың.гектар,AG_LND_FRSTPRCT,Атырау,KZATY,0.0
2016,мың.гектар,AG_LND_FRSTPRCT,Батыс Қазақстан,KZZAP,0.0
2016,мың.гектар,AG_LND_FRSTPRCT,Жамбыл,KZZHA,0.0
2016,мың.гектар,AG_LND_FRSTPRCT,Қарағанды,KZKAR,4.0
2016,мың.гектар,AG_LND_FRSTPRCT,Қостанай,KZKUS,0.0
2016,мың.гектар,AG_LND_FRSTPRCT,Қызылорда,KZKZY,3.0
2016,мың.гектар,AG_LND_FRSTPRCT,Маңғыстау,KZMAN,0.0
2016,мың.гектар,AG_LND_FRSTPRCT,Павлодар,KZPAV,11.0
2016,мың.гектар,AG_LND_FRSTPRCT,Солтүстік Қазақстан,KZSEV,6.0
2016,мың.гектар,AG_LND_FRSTPRCT,Түркістан,KZYUZ,7.0
2016,мың.гектар,AG_LND_FRSTPRCT,Шығыс Қазақстан,KZVOS,48.0
2016,мың.гектар,AG_LND_FRSTMGT,,,12706.8
2016,мың.гектар,AG_LND_FRSTMGT,Ақмола,KZAKM,382.1
2016,мың.гектар,AG_LND_FRSTMGT,Ақтөбе,KZAKT,51.7
2016,мың.гектар,AG_LND_FRSTMGT,Алматы,KZALM,1882.3
2016,мың.гектар,AG_LND_FRSTMGT,Атырау,KZATY,16.5
2016,мың.гектар,AG_LND_FRSTMGT,Батыс Қазақстан,KZZAP,106.0
2016,мың.гектар,AG_LND_FRSTMGT,Жамбыл,KZZHA,2240.7
2016,мың.гектар,AG_LND_FRSTMGT,Қарағанды,KZKAR,153.3
2016,мың.гектар,AG_LND_FRSTMGT,Қостанай,KZKUS,238.2
2016,мың.гектар,AG_LND_FRSTMGT,Қызылорда,KZKZY,3080.3
2016,мың.гектар,AG_LND_FRSTMGT,Маңғыстау,KZMAN,122.4
2016,мың.гектар,AG_LND_FRSTMGT,Павлодар,KZPAV,257.1
2016,мың.гектар,AG_LND_FRSTMGT,Солтүстік Қазақстан,KZSEV,535.6
2016,мың.гектар,AG_LND_FRSTMGT,Түркістан,KZYUZ,1630.1
2016,мың.гектар,AG_LND_FRSTMGT,Шығыс Қазақстан,KZVOS,2010.3
2017,мың.гектар,_L_KZ_150201_1A,,,12903.5
2017,мың.гектар,_L_KZ_150201_1A,Ақмола,KZAKM,382.1
2017,мың.гектар,_L_KZ_150201_1A,Ақтөбе,KZAKT,51.9
2017,мың.гектар,_L_KZ_150201_1A,Алматы,KZALM,1928.7
2017,мың.гектар,_L_KZ_150201_1A,Атырау,KZATY,16.6
2017,мың.гектар,_L_KZ_150201_1A,Батыс Қазақстан,KZZAP,91.2
2017,мың.гектар,_L_KZ_150201_1A,Жамбыл,KZZHA,2361.3
2017,мың.гектар,_L_KZ_150201_1A,Қарағанды,KZKAR,153.5
2017,мың.гектар,_L_KZ_150201_1A,Қостанай,KZKUS,240.0
2017,мың.гектар,_L_KZ_150201_1A,Қызылорда,KZKZY,3103.2
2017,мың.гектар,_L_KZ_150201_1A,Маңғыстау,KZMAN,125.1
2017,мың.гектар,_L_KZ_150201_1A,Павлодар,KZPAV,258.4
2017,мың.гектар,_L_KZ_150201_1A,Солтүстік Қазақстан,KZSEV,537.2
2017,мың.гектар,_L_KZ_150201_1A,Түркістан,KZYUZ,1639.2
2017,мың.гектар,_L_KZ_150201_1A,Шығыс Қазақстан,KZVOS,2015.3
2017,млн.метр куб,AG_LND_FRSTBIOM,,,421.8
2017,млн.метр куб,AG_LND_FRSTBIOM,Ақмола,KZAKM,44.7
2017,млн.метр куб,AG_LND_FRSTBIOM,Ақтөбе,KZAKT,1.1
2017,млн.метр куб,AG_LND_FRSTBIOM,Алматы,KZALM,49.4
2017,млн.метр куб,AG_LND_FRSTBIOM,Атырау,KZATY,0.5
2017,млн.метр куб,AG_LND_FRSTBIOM,Батыс Қазақстан,KZZAP,7.7
2017,млн.метр куб,AG_LND_FRSTBIOM,Жамбыл,KZZHA,3.4
2017,млн.метр куб,AG_LND_FRSTBIOM,Қарағанды,KZKAR,5.5
2017,млн.метр куб,AG_LND_FRSTBIOM,Қостанай,KZKUS,17.3
2017,млн.метр куб,AG_LND_FRSTBIOM,Қызылорда,KZKZY,5.9
2017,млн.метр куб,AG_LND_FRSTBIOM,Маңғыстау,KZMAN,0.1
2017,млн.метр куб,AG_LND_FRSTBIOM,Павлодар,KZPAV,26.9
2017,млн.метр куб,AG_LND_FRSTBIOM,Солтүстік Қазақстан,KZSEV,49.6
2017,млн.метр куб,AG_LND_FRSTBIOM,Түркістан,KZYUZ,3.2
2017,млн.метр куб,AG_LND_FRSTBIOM,Шығыс Қазақстан,KZVOS,206.5
2017,пайыз,_L_KZ_150201_1B,,,196.7
2017,пайыз,_L_KZ_150201_1B,Ақмола,KZAKM,0.0
2017,пайыз,_L_KZ_150201_1B,Ақтөбе,KZAKT,0.2
2017,пайыз,_L_KZ_150201_1B,Алматы,KZALM,46.4
2017,пайыз,_L_KZ_150201_1B,Атырау,KZATY,0.1
2017,пайыз,_L_KZ_150201_1B,Батыс Қазақстан,KZZAP,-14.8
2017,пайыз,_L_KZ_150201_1B,Жамбыл,KZZHA,120.6
2017,пайыз,_L_KZ_150201_1B,Қарағанды,KZKAR,0.2
2017,пайыз,_L_KZ_150201_1B,Қостанай,KZKUS,1.8
2017,пайыз,_L_KZ_150201_1B,Қызылорда,KZKZY,22.9
2017,пайыз,_L_KZ_150201_1B,Маңғыстау,KZMAN,2.7
2017,пайыз,_L_KZ_150201_1B,Павлодар,KZPAV,1.3
2017,пайыз,_L_KZ_150201_1B,Солтүстік Қазақстан,KZSEV,1.6
2017,пайыз,_L_KZ_150201_1B,Түркістан,KZYUZ,9.1
2017,пайыз,_L_KZ_150201_1B,Шығыс Қазақстан,KZVOS,5.0
2017,мың.гектар,AG_LND_FRSTPRCT,,,100.0
2017,мың.гектар,AG_LND_FRSTPRCT,Ақмола,KZAKM,7.0
2017,мың.гектар,AG_LND_FRSTPRCT,Ақтөбе,KZAKT,0.0
2017,мың.гектар,AG_LND_FRSTPRCT,Алматы,KZALM,10.0
2017,мың.гектар,AG_LND_FRSTPRCT,Атырау,KZATY,0.0
2017,мың.гектар,AG_LND_FRSTPRCT,Батыс Қазақстан,KZZAP,0.0
2017,мың.гектар,AG_LND_FRSTPRCT,Жамбыл,KZZHA,20.0
2017,мың.гектар,AG_LND_FRSTPRCT,Қарағанды,KZKAR,4.0
2017,мың.гектар,AG_LND_FRSTPRCT,Қостанай,KZKUS,0.0
2017,мың.гектар,AG_LND_FRSTPRCT,Қызылорда,KZKZY,2.0
2017,мың.гектар,AG_LND_FRSTPRCT,Маңғыстау,KZMAN,0.0
2017,мың.гектар,AG_LND_FRSTPRCT,Павлодар,KZPAV,7.0
2017,мың.гектар,AG_LND_FRSTPRCT,Солтүстік Қазақстан,KZSEV,6.0
2017,мың.гектар,AG_LND_FRSTPRCT,Түркістан,KZYUZ,6.0
2017,мың.гектар,AG_LND_FRSTPRCT,Шығыс Қазақстан,KZVOS,38.0
2017,мың.гектар,AG_LND_FRSTMGT,,,12903.5
2017,мың.гектар,AG_LND_FRSTMGT,Ақмола,KZAKM,382.1
2017,мың.гектар,AG_LND_FRSTMGT,Ақтөбе,KZAKT,51.9
2017,мың.гектар,AG_LND_FRSTMGT,Алматы,KZALM,1928.7
2017,мың.гектар,AG_LND_FRSTMGT,Атырау,KZATY,16.6
2017,мың.гектар,AG_LND_FRSTMGT,Батыс Қазақстан,KZZAP,91.2
2017,мың.гектар,AG_LND_FRSTMGT,Жамбыл,KZZHA,2361.3
2017,мың.гектар,AG_LND_FRSTMGT,Қарағанды,KZKAR,153.5
2017,мың.гектар,AG_LND_FRSTMGT,Қостанай,KZKUS,240.0
2017,мың.гектар,AG_LND_FRSTMGT,Қызылорда,KZKZY,3103.2
2017,мың.гектар,AG_LND_FRSTMGT,Маңғыстау,KZMAN,125.1
2017,мың.гектар,AG_LND_FRSTMGT,Павлодар,KZPAV,258.4
2017,мың.гектар,AG_LND_FRSTMGT,Солтүстік Қазақстан,KZSEV,537.2
2017,мың.гектар,AG_LND_FRSTMGT,Түркістан,KZYUZ,1639.2
2017,мың.гектар,AG_LND_FRSTMGT,Шығыс Қазақстан,KZVOS,2015.3
2018,мың.гектар,_L_KZ_150201_1A,,,12933.1
2018,мың.гектар,_L_KZ_150201_1A,Ақмола,KZAKM,383.8
2018,мың.гектар,_L_KZ_150201_1A,Ақтөбе,KZAKT,52.5
2018,мың.гектар,_L_KZ_150201_1A,Алматы,KZALM,1949.5
2018,мың.гектар,_L_KZ_150201_1A,Атырау,KZATY,18.7
2018,мың.гектар,_L_KZ_150201_1A,Батыс Қазақстан,KZZAP,91.1
2018,мың.гектар,_L_KZ_150201_1A,Жамбыл,KZZHA,2323.1
2018,мың.гектар,_L_KZ_150201_1A,Қарағанды,KZKAR,153.6
2018,мың.гектар,_L_KZ_150201_1A,Қостанай,KZKUS,241.3
2018,мың.гектар,_L_KZ_150201_1A,Қызылорда,KZKZY,3118.9
2018,мың.гектар,_L_KZ_150201_1A,Маңғыстау,KZMAN,125.2
2018,мың.гектар,_L_KZ_150201_1A,Павлодар,KZPAV,261.6
2018,мың.гектар,_L_KZ_150201_1A,Солтүстік Қазақстан,KZSEV,538.5
2018,мың.гектар,_L_KZ_150201_1A,Түркістан,KZYUZ,1654.4
2018,мың.гектар,_L_KZ_150201_1A,Шығыс Қазақстан,KZVOS,2020.9
2018,млн.метр куб,AG_LND_FRSTBIOM,,,428.6
2018,млн.метр куб,AG_LND_FRSTBIOM,Ақмола,KZAKM,45.5
2018,млн.метр куб,AG_LND_FRSTBIOM,Ақтөбе,KZAKT,1.2
2018,млн.метр куб,AG_LND_FRSTBIOM,Алматы,KZALM,50.6
2018,млн.метр куб,AG_LND_FRSTBIOM,Атырау,KZATY,0.4
2018,млн.метр куб,AG_LND_FRSTBIOM,Батыс Қазақстан,KZZAP,7.9
2018,млн.метр куб,AG_LND_FRSTBIOM,Жамбыл,KZZHA,3.6
2018,млн.метр куб,AG_LND_FRSTBIOM,Қарағанды,KZKAR,5.6
2018,млн.метр куб,AG_LND_FRSTBIOM,Қостанай,KZKUS,17.5
2018,млн.метр куб,AG_LND_FRSTBIOM,Қызылорда,KZKZY,6.2
2018,млн.метр куб,AG_LND_FRSTBIOM,Маңғыстау,KZMAN,0.1
2018,млн.метр куб,AG_LND_FRSTBIOM,Павлодар,KZPAV,27.4
2018,млн.метр куб,AG_LND_FRSTBIOM,Солтүстік Қазақстан,KZSEV,50.2
2018,млн.метр куб,AG_LND_FRSTBIOM,Түркістан,KZYUZ,3.3
2018,млн.метр куб,AG_LND_FRSTBIOM,Шығыс Қазақстан,KZVOS,209.3
2018,пайыз,_L_KZ_150201_1B,,,29.6
2018,пайыз,_L_KZ_150201_1B,Ақмола,KZAKM,1.7
2018,пайыз,_L_KZ_150201_1B,Ақтөбе,KZAKT,0.6
2018,пайыз,_L_KZ_150201_1B,Алматы,KZALM,20.8
2018,пайыз,_L_KZ_150201_1B,Атырау,KZATY,2.1
2018,пайыз,_L_KZ_150201_1B,Батыс Қазақстан,KZZAP,-0.1
2018,пайыз,_L_KZ_150201_1B,Жамбыл,KZZHA,-38.2
2018,пайыз,_L_KZ_150201_1B,Қарағанды,KZKAR,0.1
2018,пайыз,_L_KZ_150201_1B,Қостанай,KZKUS,1.3
2018,пайыз,_L_KZ_150201_1B,Қызылорда,KZKZY,15.7
2018,пайыз,_L_KZ_150201_1B,Маңғыстау,KZMAN,0.1
2018,пайыз,_L_KZ_150201_1B,Павлодар,KZPAV,3.2
2018,пайыз,_L_KZ_150201_1B,Солтүстік Қазақстан,KZSEV,1.3
2018,пайыз,_L_KZ_150201_1B,Түркістан,KZYUZ,15.2
2018,пайыз,_L_KZ_150201_1B,Шығыс Қазақстан,KZVOS,5.6
2018,мың.гектар,AG_LND_FRSTPRCT,,,100.0
2018,мың.гектар,AG_LND_FRSTPRCT,Ақмола,KZAKM,6.0
2018,мың.гектар,AG_LND_FRSTPRCT,Ақтөбе,KZAKT,0.0
2018,мың.гектар,AG_LND_FRSTPRCT,Алматы,KZALM,15.0
2018,мың.гектар,AG_LND_FRSTPRCT,Атырау,KZATY,0.0
2018,мың.гектар,AG_LND_FRSTPRCT,Батыс Қазақстан,KZZAP,0.0
2018,мың.гектар,AG_LND_FRSTPRCT,Жамбыл,KZZHA,19.0
2018,мың.гектар,AG_LND_FRSTPRCT,Қарағанды,KZKAR,3.0
2018,мың.гектар,AG_LND_FRSTPRCT,Қостанай,KZKUS,0.0
2018,мың.гектар,AG_LND_FRSTPRCT,Қызылорда,KZKZY,2.0
2018,мың.гектар,AG_LND_FRSTPRCT,Маңғыстау,KZMAN,0.0
2018,мың.гектар,AG_LND_FRSTPRCT,Павлодар,KZPAV,8.0
2018,мың.гектар,AG_LND_FRSTPRCT,Солтүстік Қазақстан,KZSEV,5.0
2018,мың.гектар,AG_LND_FRSTPRCT,Түркістан,KZYUZ,6.0
2018,мың.гектар,AG_LND_FRSTPRCT,Шығыс Қазақстан,KZVOS,36.0
2018,мың.гектар,AG_LND_FRSTMGT,,,12933.1
2018,мың.гектар,AG_LND_FRSTMGT,Ақмола,KZAKM,383.8
2018,мың.гектар,AG_LND_FRSTMGT,Ақтөбе,KZAKT,52.5
2018,мың.гектар,AG_LND_FRSTMGT,Алматы,KZALM,1949.5
2018,мың.гектар,AG_LND_FRSTMGT,Атырау,KZATY,18.7
2018,мың.гектар,AG_LND_FRSTMGT,Батыс Қазақстан,KZZAP,91.1
2018,мың.гектар,AG_LND_FRSTMGT,Жамбыл,KZZHA,2323.1
2018,мың.гектар,AG_LND_FRSTMGT,Қарағанды,KZKAR,153.6
2018,мың.гектар,AG_LND_FRSTMGT,Қостанай,KZKUS,241.3
2018,мың.гектар,AG_LND_FRSTMGT,Қызылорда,KZKZY,3118.9
2018,мың.гектар,AG_LND_FRSTMGT,Маңғыстау,KZMAN,125.2
2018,мың.гектар,AG_LND_FRSTMGT,Павлодар,KZPAV,261.6
2018,мың.гектар,AG_LND_FRSTMGT,Солтүстік Қазақстан,KZSEV,538.5
2018,мың.гектар,AG_LND_FRSTMGT,Түркістан,KZYUZ,1654.4
2018,мың.гектар,AG_LND_FRSTMGT,Шығыс Қазақстан,KZVOS,2020.9
2019,мың.гектар,_L_KZ_150201_1A,,,13121.8
2019,мың.гектар,_L_KZ_150201_1A,Ақмола,KZAKM,384.2
2019,мың.гектар,_L_KZ_150201_1A,Ақтөбе,KZAKT,56.3
2019,мың.гектар,_L_KZ_150201_1A,Алматы,KZALM,2104.2
2019,мың.гектар,_L_KZ_150201_1A,Атырау,KZATY,18.7
2019,мың.гектар,_L_KZ_150201_1A,Батыс Қазақстан,KZZAP,91.2
2019,мың.гектар,_L_KZ_150201_1A,Жамбыл,KZZHA,2297.9
2019,мың.гектар,_L_KZ_150201_1A,Қарағанды,KZKAR,152.3
2019,мың.гектар,_L_KZ_150201_1A,Қостанай,KZKUS,242.2
2019,мың.гектар,_L_KZ_150201_1A,Қызылорда,KZKZY,3146.7
2019,мың.гектар,_L_KZ_150201_1A,Маңғыстау,KZMAN,125.4
2019,мың.гектар,_L_KZ_150201_1A,Павлодар,KZPAV,267.5
2019,мың.гектар,_L_KZ_150201_1A,Солтүстік Қазақстан,KZSEV,540.4
2019,мың.гектар,_L_KZ_150201_1A,Түркістан,KZYUZ,1665.6
2019,мың.гектар,_L_KZ_150201_1A,Шығыс Қазақстан,KZVOS,2029.1
2019,млн.метр куб,AG_LND_FRSTBIOM,,,435.8
2019,млн.метр куб,AG_LND_FRSTBIOM,Ақмола,KZAKM,46.0
2019,млн.метр куб,AG_LND_FRSTBIOM,Ақтөбе,KZAKT,1.2
2019,млн.метр куб,AG_LND_FRSTBIOM,Алматы,KZALM,51.9
2019,млн.метр куб,AG_LND_FRSTBIOM,Атырау,KZATY,0.4
2019,млн.метр куб,AG_LND_FRSTBIOM,Батыс Қазақстан,KZZAP,7.9
2019,млн.метр куб,AG_LND_FRSTBIOM,Жамбыл,KZZHA,3.7
2019,млн.метр куб,AG_LND_FRSTBIOM,Қарағанды,KZKAR,5.7
2019,млн.метр куб,AG_LND_FRSTBIOM,Қостанай,KZKUS,17.7
2019,млн.метр куб,AG_LND_FRSTBIOM,Қызылорда,KZKZY,6.5
2019,млн.метр куб,AG_LND_FRSTBIOM,Маңғыстау,KZMAN,0.1
2019,млн.метр куб,AG_LND_FRSTBIOM,Павлодар,KZPAV,28.0
2019,млн.метр куб,AG_LND_FRSTBIOM,Солтүстік Қазақстан,KZSEV,51.0
2019,млн.метр куб,AG_LND_FRSTBIOM,Түркістан,KZYUZ,3.4
2019,млн.метр куб,AG_LND_FRSTBIOM,Шығыс Қазақстан,KZVOS,212.3
2019,пайыз,_L_KZ_150201_1B,,,188.7
2019,пайыз,_L_KZ_150201_1B,Ақмола,KZAKM,0.4
2019,пайыз,_L_KZ_150201_1B,Ақтөбе,KZAKT,3.8
2019,пайыз,_L_KZ_150201_1B,Алматы,KZALM,154.7
2019,пайыз,_L_KZ_150201_1B,Атырау,KZATY,0.0
2019,пайыз,_L_KZ_150201_1B,Батыс Қазақстан,KZZAP,0.1
2019,пайыз,_L_KZ_150201_1B,Жамбыл,KZZHA,-25.2
2019,пайыз,_L_KZ_150201_1B,Қарағанды,KZKAR,-1.3
2019,пайыз,_L_KZ_150201_1B,Қостанай,KZKUS,0.9
2019,пайыз,_L_KZ_150201_1B,Қызылорда,KZKZY,27.8
2019,пайыз,_L_KZ_150201_1B,Маңғыстау,KZMAN,0.2
2019,пайыз,_L_KZ_150201_1B,Павлодар,KZPAV,5.9
2019,пайыз,_L_KZ_150201_1B,Солтүстік Қазақстан,KZSEV,1.9
2019,пайыз,_L_KZ_150201_1B,Түркістан,KZYUZ,11.2
2019,пайыз,_L_KZ_150201_1B,Шығыс Қазақстан,KZVOS,8.2
2019,мың.гектар,AG_LND_FRSTPRCT,,,100.0
2019,мың.гектар,AG_LND_FRSTPRCT,Ақмола,KZAKM,6.0
2019,мың.гектар,AG_LND_FRSTPRCT,Ақтөбе,KZAKT,0.0
2019,мың.гектар,AG_LND_FRSTPRCT,Алматы,KZALM,22.0
2019,мың.гектар,AG_LND_FRSTPRCT,Атырау,KZATY,0.0
2019,мың.гектар,AG_LND_FRSTPRCT,Батыс Қазақстан,KZZAP,0.0
2019,мың.гектар,AG_LND_FRSTPRCT,Жамбыл,KZZHA,17.0
2019,мың.гектар,AG_LND_FRSTPRCT,Қарағанды,KZKAR,3.0
2019,мың.гектар,AG_LND_FRSTPRCT,Қостанай,KZKUS,0.0
2019,мың.гектар,AG_LND_FRSTPRCT,Қызылорда,KZKZY,2.0
2019,мың.гектар,AG_LND_FRSTPRCT,Маңғыстау,KZMAN,0.0
2019,мың.гектар,AG_LND_FRSTPRCT,Павлодар,KZPAV,8.0
2019,мың.гектар,AG_LND_FRSTPRCT,Солтүстік Қазақстан,KZSEV,4.0
2019,мың.гектар,AG_LND_FRSTPRCT,Түркістан,KZYUZ,5.0
2019,мың.гектар,AG_LND_FRSTPRCT,Шығыс Қазақстан,KZVOS,33.0
2019,мың.гектар,AG_LND_FRSTMGT,,,13121.8
2019,мың.гектар,AG_LND_FRSTMGT,Ақмола,KZAKM,384.2
2019,мың.гектар,AG_LND_FRSTMGT,Ақтөбе,KZAKT,56.3
2019,мың.гектар,AG_LND_FRSTMGT,Алматы,KZALM,2104.2
2019,мың.гектар,AG_LND_FRSTMGT,Атырау,KZATY,18.7
2019,мың.гектар,AG_LND_FRSTMGT,Батыс Қазақстан,KZZAP,91.2
2019,мың.гектар,AG_LND_FRSTMGT,Жамбыл,KZZHA,2297.9
2019,мың.гектар,AG_LND_FRSTMGT,Қарағанды,KZKAR,152.3
2019,мың.гектар,AG_LND_FRSTMGT,Қостанай,KZKUS,242.2
2019,мың.гектар,AG_LND_FRSTMGT,Қызылорда,KZKZY,3146.7
2019,мың.гектар,AG_LND_FRSTMGT,Маңғыстау,KZMAN,125.4
2019,мың.гектар,AG_LND_FRSTMGT,Павлодар,KZPAV,267.5
2019,мың.гектар,AG_LND_FRSTMGT,Солтүстік Қазақстан,KZSEV,540.4
2019,мың.гектар,AG_LND_FRSTMGT,Түркістан,KZYUZ,1665.6
2019,мың.гектар,AG_LND_FRSTMGT,Шығыс Қазақстан,KZVOS,2029.1
2020,мың.гектар,_L_KZ_150201_1A,,,13316.9
2020,мың.гектар,_L_KZ_150201_1A,Ақмола,KZAKM,384.8
2020,мың.гектар,_L_KZ_150201_1A,Ақтөбе,KZAKT,57.3
2020,мың.гектар,_L_KZ_150201_1A,Алматы,KZALM,2005.9
2020,мың.гектар,_L_KZ_150201_1A,Атырау,KZATY,18.7
2020,мың.гектар,_L_KZ_150201_1A,Батыс Қазақстан,KZZAP,89.7
2020,мың.гектар,_L_KZ_150201_1A,Жамбыл,KZZHA,2282.4
2020,мың.гектар,_L_KZ_150201_1A,Қарағанды,KZKAR,152.6
2020,мың.гектар,_L_KZ_150201_1A,Қостанай,KZKUS,272.3
2020,мың.гектар,_L_KZ_150201_1A,Қызылорда,KZKZY,3540.5
2020,мың.гектар,_L_KZ_150201_1A,Маңғыстау,KZMAN,125.5
2020,мың.гектар,_L_KZ_150201_1A,Павлодар,KZPAV,270.6
2020,мың.гектар,_L_KZ_150201_1A,Солтүстік Қазақстан,KZSEV,542.7
2020,мың.гектар,_L_KZ_150201_1A,Түркістан,KZYUZ,1540.6
2020,мың.гектар,_L_KZ_150201_1A,Шығыс Қазақстан,KZVOS,2033.4
2020,млн.метр куб,AG_LND_FRSTBIOM,,,446.3
2020,млн.метр куб,AG_LND_FRSTBIOM,Ақмола,KZAKM,47.1
2020,млн.метр куб,AG_LND_FRSTBIOM,Ақтөбе,KZAKT,1.2
2020,млн.метр куб,AG_LND_FRSTBIOM,Алматы,KZALM,52.8
2020,млн.метр куб,AG_LND_FRSTBIOM,Атырау,KZATY,0.4
2020,млн.метр куб,AG_LND_FRSTBIOM,Батыс Қазақстан,KZZAP,8.0
2020,млн.метр куб,AG_LND_FRSTBIOM,Жамбыл,KZZHA,3.9
2020,млн.метр куб,AG_LND_FRSTBIOM,Қарағанды,KZKAR,5.8
2020,млн.метр куб,AG_LND_FRSTBIOM,Қостанай,KZKUS,20.8
2020,млн.метр куб,AG_LND_FRSTBIOM,Қызылорда,KZKZY,7.9
2020,млн.метр куб,AG_LND_FRSTBIOM,Маңғыстау,KZMAN,0.1
2020,млн.метр куб,AG_LND_FRSTBIOM,Павлодар,KZPAV,28.6
2020,млн.метр куб,AG_LND_FRSTBIOM,Солтүстік Қазақстан,KZSEV,51.7
2020,млн.метр куб,AG_LND_FRSTBIOM,Түркістан,KZYUZ,2.9
2020,млн.метр куб,AG_LND_FRSTBIOM,Шығыс Қазақстан,KZVOS,215.1
2020,пайыз,_L_KZ_150201_1B,,,195.1
2020,пайыз,_L_KZ_150201_1B,Ақмола,KZAKM,0.6
2020,пайыз,_L_KZ_150201_1B,Ақтөбе,KZAKT,1.0
2020,пайыз,_L_KZ_150201_1B,Алматы,KZALM,-98.3
2020,пайыз,_L_KZ_150201_1B,Атырау,KZATY,0.0
2020,пайыз,_L_KZ_150201_1B,Батыс Қазақстан,KZZAP,-1.5
2020,пайыз,_L_KZ_150201_1B,Жамбыл,KZZHA,-15.5
2020,пайыз,_L_KZ_150201_1B,Қарағанды,KZKAR,0.3
2020,пайыз,_L_KZ_150201_1B,Қостанай,KZKUS,30.1
2020,пайыз,_L_KZ_150201_1B,Қызылорда,KZKZY,393.8
2020,пайыз,_L_KZ_150201_1B,Маңғыстау,KZMAN,0.1
2020,пайыз,_L_KZ_150201_1B,Павлодар,KZPAV,3.1
2020,пайыз,_L_KZ_150201_1B,Солтүстік Қазақстан,KZSEV,2.3
2020,пайыз,_L_KZ_150201_1B,Түркістан,KZYUZ,-125.0
2020,пайыз,_L_KZ_150201_1B,Шығыс Қазақстан,KZVOS,4.3
2020,мың.гектар,AG_LND_FRSTPRCT,,,100.0
2020,мың.гектар,AG_LND_FRSTPRCT,Ақмола,KZAKM,3.3
2020,мың.гектар,AG_LND_FRSTPRCT,Ақтөбе,KZAKT,0.1
2020,мың.гектар,AG_LND_FRSTPRCT,Алматы,KZALM,12.9
2020,мың.гектар,AG_LND_FRSTPRCT,Атырау,KZATY,0.0
2020,мың.гектар,AG_LND_FRSTPRCT,Батыс Қазақстан,KZZAP,0.0
2020,мың.гектар,AG_LND_FRSTPRCT,Жамбыл,KZZHA,10.0
2020,мың.гектар,AG_LND_FRSTPRCT,Қарағанды,KZKAR,1.7
2020,мың.гектар,AG_LND_FRSTPRCT,Қостанай,KZKUS,0.7
2020,мың.гектар,AG_LND_FRSTPRCT,Қызылорда,KZKZY,18.8
2020,мың.гектар,AG_LND_FRSTPRCT,Маңғыстау,KZMAN,0.0
2020,мың.гектар,AG_LND_FRSTPRCT,Павлодар,KZPAV,4.6
2020,мың.гектар,AG_LND_FRSTPRCT,Солтүстік Қазақстан,KZSEV,2.6
2020,мың.гектар,AG_LND_FRSTPRCT,Түркістан,KZYUZ,25.9
2020,мың.гектар,AG_LND_FRSTPRCT,Шығыс Қазақстан,KZVOS,19.4
2021,мың.гектар,_L_KZ_150201_1A,,,13635.3
2021,мың.гектар,_L_KZ_150201_1A,Ақмола,KZAKM,385.3
2021,мың.гектар,_L_KZ_150201_1A,Ақтөбе,KZAKT,58.0
2021,мың.гектар,_L_KZ_150201_1A,Алматы,KZALM,2003.3
2021,мың.гектар,_L_KZ_150201_1A,Атырау,KZATY,18.8
2021,мың.гектар,_L_KZ_150201_1A,Батыс Қазақстан,KZZAP,89.4
2021,мың.гектар,_L_KZ_150201_1A,Жамбыл,KZZHA,2300.9
2021,мың.гектар,_L_KZ_150201_1A,Қарағанды,KZKAR,152.6
2021,мың.гектар,_L_KZ_150201_1A,Қостанай,KZKUS,269.6
2021,мың.гектар,_L_KZ_150201_1A,Қызылорда,KZKZY,3817.5
2021,мың.гектар,_L_KZ_150201_1A,Маңғыстау,KZMAN,125.6
2021,мың.гектар,_L_KZ_150201_1A,Павлодар,KZPAV,272.8
2021,мың.гектар,_L_KZ_150201_1A,Солтүстік Қазақстан,KZSEV,545.1
2021,мың.гектар,_L_KZ_150201_1A,Түркістан,KZYUZ,1557.0
2021,мың.гектар,_L_KZ_150201_1A,Шығыс Қазақстан,KZVOS,2039.3
2021,млн.метр куб,AG_LND_FRSTBIOM,,,455.0
2021,млн.метр куб,AG_LND_FRSTBIOM,Ақмола,KZAKM,47.8
2021,млн.метр куб,AG_LND_FRSTBIOM,Ақтөбе,KZAKT,1.2
2021,млн.метр куб,AG_LND_FRSTBIOM,Алматы,KZALM,53.9
2021,млн.метр куб,AG_LND_FRSTBIOM,Атырау,KZATY,0.4
2021,млн.метр куб,AG_LND_FRSTBIOM,Батыс Қазақстан,KZZAP,8.2
2021,млн.метр куб,AG_LND_FRSTBIOM,Жамбыл,KZZHA,4.1
2021,млн.метр куб,AG_LND_FRSTBIOM,Қарағанды,KZKAR,5.9
2021,млн.метр куб,AG_LND_FRSTBIOM,Қостанай,KZKUS,21.1
2021,млн.метр куб,AG_LND_FRSTBIOM,Қызылорда,KZKZY,9.5
2021,млн.метр куб,AG_LND_FRSTBIOM,Маңғыстау,KZMAN,0.1
2021,млн.метр куб,AG_LND_FRSTBIOM,Павлодар,KZPAV,29.1
2021,млн.метр куб,AG_LND_FRSTBIOM,Солтүстік Қазақстан,KZSEV,52.4
2021,млн.метр куб,AG_LND_FRSTBIOM,Түркістан,KZYUZ,3.1
2021,млн.метр куб,AG_LND_FRSTBIOM,Шығыс Қазақстан,KZVOS,218.2
2021,пайыз,_L_KZ_150201_1B,,,318.4
2021,пайыз,_L_KZ_150201_1B,Ақмола,KZAKM,0.6
2021,пайыз,_L_KZ_150201_1B,Ақтөбе,KZAKT,0.7
2021,пайыз,_L_KZ_150201_1B,Алматы,KZALM,-2.5
2021,пайыз,_L_KZ_150201_1B,Атырау,KZATY,0.0
2021,пайыз,_L_KZ_150201_1B,Батыс Қазақстан,KZZAP,-0.3
2021,пайыз,_L_KZ_150201_1B,Жамбыл,KZZHA,18.3
2021,пайыз,_L_KZ_150201_1B,Қарағанды,KZKAR,0.1
2021,пайыз,_L_KZ_150201_1B,Қостанай,KZKUS,-2.7
2021,пайыз,_L_KZ_150201_1B,Қызылорда,KZKZY,277.0
2021,пайыз,_L_KZ_150201_1B,Маңғыстау,KZMAN,0.1
2021,пайыз,_L_KZ_150201_1B,Павлодар,KZPAV,2.2
2021,пайыз,_L_KZ_150201_1B,Солтүстік Қазақстан,KZSEV,2.4
2021,пайыз,_L_KZ_150201_1B,Түркістан,KZYUZ,16.4
2021,пайыз,_L_KZ_150201_1B,Шығыс Қазақстан,KZVOS,5.9
2021,мың.гектар,AG_LND_FRSTPRCT,,,100.0
2021,мың.гектар,AG_LND_FRSTPRCT,Ақмола,KZAKM,3.3
2021,мың.гектар,AG_LND_FRSTPRCT,Ақтөбе,KZAKT,0.1
2021,мың.гектар,AG_LND_FRSTPRCT,Алматы,KZALM,12.7
2021,мың.гектар,AG_LND_FRSTPRCT,Атырау,KZATY,0.0
2021,мың.гектар,AG_LND_FRSTPRCT,Батыс Қазақстан,KZZAP,0.0
2021,мың.гектар,AG_LND_FRSTPRCT,Жамбыл,KZZHA,10.0
2021,мың.гектар,AG_LND_FRSTPRCT,Қарағанды,KZKAR,1.9
2021,мың.гектар,AG_LND_FRSTPRCT,Қостанай,KZKUS,0.7
2021,мың.гектар,AG_LND_FRSTPRCT,Қызылорда,KZKZY,18.5
2021,мың.гектар,AG_LND_FRSTPRCT,Маңғыстау,KZMAN,0.0
2021,мың.гектар,AG_LND_FRSTPRCT,Павлодар,KZPAV,4.7
2021,мың.гектар,AG_LND_FRSTPRCT,Солтүстік Қазақстан,KZSEV,2.5
2021,мың.гектар,AG_LND_FRSTPRCT,Түркістан,KZYUZ,26.1
2021,мың.гектар,AG_LND_FRSTPRCT,Шығыс Қазақстан,KZVOS,19.5
2022,мың.гектар,_L_KZ_150201_1A,,,13673.5
2022,мың.гектар,_L_KZ_150201_1A,Ақмола,KZAKM,437.2
2022,мың.гектар,_L_KZ_150201_1A,Ақтөбе,KZAKT,58.6
2022,мың.гектар,_L_KZ_150201_1A,Алматы,KZALM,1568.8
2022,мың.гектар,_L_KZ_150201_1A,Атырау,KZATY,18.8
2022,мың.гектар,_L_KZ_150201_1A,Батыс Қазақстан,KZZAP,89.6
2022,мың.гектар,_L_KZ_150201_1A,Жамбыл,KZZHA,2314.1
2022,мың.гектар,_L_KZ_150201_1A,Қарағанды,KZKAR,137.1
2022,мың.гектар,_L_KZ_150201_1A,Қостанай,KZKUS,236.5
2022,мың.гектар,_L_KZ_150201_1A,Қызылорда,KZKZY,3824.2
2022,мың.гектар,_L_KZ_150201_1A,Маңғыстау,KZMAN,125.7
2022,мың.гектар,_L_KZ_150201_1A,Павлодар,KZPAV,274.5
2022,мың.гектар,_L_KZ_150201_1A,Солтүстік Қазақстан,KZSEV,518.2
2022,мың.гектар,_L_KZ_150201_1A,Түркістан,KZYUZ,1575.0
2022,мың.гектар,_L_KZ_150201_1A,Шығыс Қазақстан,KZVOS,1610.2
2022,мың.гектар,_L_KZ_150201_1A,Абай,KZABY,425.3
2022,мың.гектар,_L_KZ_150201_1A,Жетісу,KZZHS,445.5
2022,мың.гектар,_L_KZ_150201_1A,Ұлытау,KZULU,14.2
2022,млн.метр куб,AG_LND_FRSTBIOM,,,467.7
2022,млн.метр куб,AG_LND_FRSTBIOM,Ақмола,KZAKM,49.9
2022,млн.метр куб,AG_LND_FRSTBIOM,Ақтөбе,KZAKT,1.4
2022,млн.метр куб,AG_LND_FRSTBIOM,Алматы,KZALM,41.1
2022,млн.метр куб,AG_LND_FRSTBIOM,Атырау,KZATY,0.5
2022,млн.метр куб,AG_LND_FRSTBIOM,Батыс Қазақстан,KZZAP,8.5
2022,млн.метр куб,AG_LND_FRSTBIOM,Жамбыл,KZZHA,6.7
2022,млн.метр куб,AG_LND_FRSTBIOM,Қарағанды,KZKAR,5.9
2022,млн.метр куб,AG_LND_FRSTBIOM,Қостанай,KZKUS,16.9
2022,млн.метр куб,AG_LND_FRSTBIOM,Қызылорда,KZKZY,11.6
2022,млн.метр куб,AG_LND_FRSTBIOM,Маңғыстау,KZMAN,0.4
2022,млн.метр куб,AG_LND_FRSTBIOM,Павлодар,KZPAV,29.9
2022,млн.метр куб,AG_LND_FRSTBIOM,Солтүстік Қазақстан,KZSEV,48.4
2022,млн.метр куб,AG_LND_FRSTBIOM,Түркістан,KZYUZ,6.1
2022,млн.метр куб,AG_LND_FRSTBIOM,Шығыс Қазақстан,KZVOS,177.0
2022,млн.метр куб,AG_LND_FRSTBIOM,Абай,KZABY,45.7
2022,млн.метр куб,AG_LND_FRSTBIOM,Жетісу,KZZHS,17.2
2022,млн.метр куб,AG_LND_FRSTBIOM,Жетісу,KZZHS,0.5
2022,пайыз,_L_KZ_150201_1B,,,40.9
2022,пайыз,_L_KZ_150201_1B,Ақмола,KZAKM,51.8
2022,пайыз,_L_KZ_150201_1B,Ақтөбе,KZAKT,0.6
2022,пайыз,_L_KZ_150201_1B,Алматы,KZALM,7.4
2022,пайыз,_L_KZ_150201_1B,Атырау,KZATY,0.0
2022,пайыз,_L_KZ_150201_1B,Батыс Қазақстан,KZZAP,0.2
2022,пайыз,_L_KZ_150201_1B,Жамбыл,KZZHA,13.2
2022,пайыз,_L_KZ_150201_1B,Қарағанды,KZKAR,-1.3
2022,пайыз,_L_KZ_150201_1B,Қостанай,KZKUS,-33.1
2022,пайыз,_L_KZ_150201_1B,Қызылорда,KZKZY,9.4
2022,пайыз,_L_KZ_150201_1B,Маңғыстау,KZMAN,0.1
2022,пайыз,_L_KZ_150201_1B,Павлодар,KZPAV,1.7
2022,пайыз,_L_KZ_150201_1B,Солтүстік Қазақстан,KZSEV,-26.9
2022,пайыз,_L_KZ_150201_1B,Түркістан,KZYUZ,18.1
2022,пайыз,_L_KZ_150201_1B,Шығыс Қазақстан,KZVOS,-6.5
2022,пайыз,_L_KZ_150201_1B,Абай,KZABY,2.7
2022,пайыз,_L_KZ_150201_1B,Жетісу,KZZHS,3.6
2022,пайыз,_L_KZ_150201_1B,Ұлытау,KZULU,0.0
2022,мың.гектар,AG_LND_FRSTPRCT,,,100.0
2022,мың.гектар,AG_LND_FRSTPRCT,Ақмола,KZAKM,3.3
2022,мың.гектар,AG_LND_FRSTPRCT,Ақтөбе,KZAKT,0.1
2022,мың.гектар,AG_LND_FRSTPRCT,Алматы,KZALM,9.8
2022,мың.гектар,AG_LND_FRSTPRCT,Атырау,KZATY,0.0
2022,мың.гектар,AG_LND_FRSTPRCT,Батыс Қазақстан,KZZAP,0.0
2022,мың.гектар,AG_LND_FRSTPRCT,Жамбыл,KZZHA,10.2
2022,мың.гектар,AG_LND_FRSTPRCT,Қарағанды,KZKAR,1.7
2022,мың.гектар,AG_LND_FRSTPRCT,Қостанай,KZKUS,0.7
2022,мың.гектар,AG_LND_FRSTPRCT,Қызылорда,KZKZY,18.4
2022,мың.гектар,AG_LND_FRSTPRCT,Маңғыстау,KZMAN,0.0
2022,мың.гектар,AG_LND_FRSTPRCT,Павлодар,KZPAV,4.7
2022,мың.гектар,AG_LND_FRSTPRCT,Солтүстік Қазақстан,KZSEV,2.6
2022,мың.гектар,AG_LND_FRSTPRCT,Түркістан,KZYUZ,26.2
2022,мың.гектар,AG_LND_FRSTPRCT,Шығыс Қазақстан,KZVOS,8.5
2023,мың.гектар,_L_KZ_150201_1A,,,13697.2
2023,мың.гектар,_L_KZ_150201_1A,Ақмола,KZAKM,445.3
2023,мың.гектар,_L_KZ_150201_1A,Ақтөбе,KZAKT,59.5
2023,мың.гектар,_L_KZ_150201_1A,Алматы,KZALM,1575.1
2023,мың.гектар,_L_KZ_150201_1A,Атырау,KZATY,18.8
2023,мың.гектар,_L_KZ_150201_1A,Батыс Қазақстан,KZZAP,90.2
2023,мың.гектар,_L_KZ_150201_1A,Жамбыл,KZZHA,2314.5
2023,мың.гектар,_L_KZ_150201_1A,Қарағанды,KZKAR,137.3
2023,мың.гектар,_L_KZ_150201_1A,Қостанай,KZKUS,236.9
2023,мың.гектар,_L_KZ_150201_1A,Қызылорда,KZKZY,3834.1
2023,мың.гектар,_L_KZ_150201_1A,Маңғыстау,KZMAN,125.9
2023,мың.гектар,_L_KZ_150201_1A,Павлодар,KZPAV,275.6
2023,мың.гектар,_L_KZ_150201_1A,Солтүстік Қазақстан,KZSEV,518.5
2023,мың.гектар,_L_KZ_150201_1A,Түркістан,KZYUZ,1587.6
2023,мың.гектар,_L_KZ_150201_1A,Шығыс Қазақстан,KZVOS,1641.5
2023,мың.гектар,_L_KZ_150201_1A,Абай,KZABY,376.4
2023,мың.гектар,_L_KZ_150201_1A,Жетісу,KZZHS,445.8
2023,мың.гектар,_L_KZ_150201_1A,Ұлытау,KZULU,14.2
2023,млн.метр куб,AG_LND_FRSTBIOM,,,454.3
2023,млн.метр куб,AG_LND_FRSTBIOM,Ақмола,KZAKM,50.7
2023,млн.метр куб,AG_LND_FRSTBIOM,Ақтөбе,KZAKT,1.5
2023,млн.метр куб,AG_LND_FRSTBIOM,Алматы,KZALM,41.7
2023,млн.метр куб,AG_LND_FRSTBIOM,Атырау,KZATY,0.5
2023,млн.метр куб,AG_LND_FRSTBIOM,Батыс Қазақстан,KZZAP,8.7
2023,млн.метр куб,AG_LND_FRSTBIOM,Жамбыл,KZZHA,6.9
2023,млн.метр куб,AG_LND_FRSTBIOM,Қарағанды,KZKAR,5.9
2023,млн.метр куб,AG_LND_FRSTBIOM,Қостанай,KZKUS,17.2
2023,млн.метр куб,AG_LND_FRSTBIOM,Қызылорда,KZKZY,12.2
2023,млн.метр куб,AG_LND_FRSTBIOM,Маңғыстау,KZMAN,0.4
2023,млн.метр куб,AG_LND_FRSTBIOM,Павлодар,KZPAV,30.4
2023,млн.метр куб,AG_LND_FRSTBIOM,Солтүстік Қазақстан,KZSEV,48.8
2023,млн.метр куб,AG_LND_FRSTBIOM,Түркістан,KZYUZ,6.3
2023,млн.метр куб,AG_LND_FRSTBIOM,Шығыс Қазақстан,KZVOS,166.9
2023,млн.метр куб,AG_LND_FRSTBIOM,Абай,KZABY,38.4
2023,млн.метр куб,AG_LND_FRSTBIOM,Жетісу,KZZHS,17.4
2023,млн.метр куб,AG_LND_FRSTBIOM,Жетісу,KZZHS,0.5
2023,пайыз,_L_KZ_150201_1B,,,23.7
2023,пайыз,_L_KZ_150201_1B,Ақмола,KZAKM,8.1
2023,пайыз,_L_KZ_150201_1B,Ақтөбе,KZAKT,0.9
2023,пайыз,_L_KZ_150201_1B,Алматы,KZALM,6.3
2023,пайыз,_L_KZ_150201_1B,Атырау,KZATY,0.0
2023,пайыз,_L_KZ_150201_1B,Батыс Қазақстан,KZZAP,0.6
2023,пайыз,_L_KZ_150201_1B,Жамбыл,KZZHA,0.4
2023,пайыз,_L_KZ_150201_1B,Қарағанды,KZKAR,0.2
2023,пайыз,_L_KZ_150201_1B,Қостанай,KZKUS,0.4
2023,пайыз,_L_KZ_150201_1B,Қызылорда,KZKZY,9.9
2023,пайыз,_L_KZ_150201_1B,Маңғыстау,KZMAN,0.2
2023,пайыз,_L_KZ_150201_1B,Павлодар,KZPAV,1.1
2023,пайыз,_L_KZ_150201_1B,Солтүстік Қазақстан,KZSEV,0.3
2023,пайыз,_L_KZ_150201_1B,Түркістан,KZYUZ,12.6
2023,пайыз,_L_KZ_150201_1B,Шығыс Қазақстан,KZVOS,31.6
2023,пайыз,_L_KZ_150201_1B,Абай,KZABY,-48.9
2023,пайыз,_L_KZ_150201_1B,Жетісу,KZZHS,0.3
2023,пайыз,_L_KZ_150201_1B,Ұлытау,KZULU,0.0
2023,мың.гектар,AG_LND_FRSTPRCT,,,100.0
2023,мың.гектар,AG_LND_FRSTPRCT,Ақмола,KZAKM,1.1
2023,мың.гектар,AG_LND_FRSTPRCT,Ақтөбе,KZAKT,0.0
2023,мың.гектар,AG_LND_FRSTPRCT,Алматы,KZALM,3.3
2023,мың.гектар,AG_LND_FRSTPRCT,Атырау,KZATY,0.0
2023,мың.гектар,AG_LND_FRSTPRCT,Батыс Қазақстан,KZZAP,0.0
2023,мың.гектар,AG_LND_FRSTPRCT,Жамбыл,KZZHA,3.5
2023,мың.гектар,AG_LND_FRSTPRCT,Қарағанды,KZKAR,0.6
2023,мың.гектар,AG_LND_FRSTPRCT,Қостанай,KZKUS,0.2
2023,мың.гектар,AG_LND_FRSTPRCT,Қызылорда,KZKZY,6.3
2023,мың.гектар,AG_LND_FRSTPRCT,Маңғыстау,KZMAN,0.0
2023,мың.гектар,AG_LND_FRSTPRCT,Павлодар,KZPAV,1.6
2023,мың.гектар,AG_LND_FRSTPRCT,Солтүстік Қазақстан,KZSEV,0.9
2023,мың.гектар,AG_LND_FRSTPRCT,Түркістан,KZYUZ,9.0
2023,мың.гектар,AG_LND_FRSTPRCT,Шығыс Қазақстан,KZVOS,2.9
2023,мың.гектар,AG_LND_FRSTPRCT,Абай,KZABY,3.3
2023,мың.гектар,AG_LND_FRSTPRCT,Жетісу,KZZHS,1.0
2023,мың.гектар,AG_LND_FRSTPRCT,Ұлытау,KZULU,0.1
