Year,UNIT_MEASURE,Өңірлер,GeoCode,Value
2010,мың.гектар,,,13.16889724587988
2010,мың.гектар,Ақмола,KZAKM,571.6
2010,мың.гектар,Ақтөбе,KZAKT,2582.5
2010,мың.гектар,Алматы,KZALM,5767.9
2010,мың.гектар,Атырау,KZATY,3133.9
2010,мың.гектар,Батыс Қазақстан,KZZAP,1875.9
2010,мың.гектар,Жамбыл,KZZHA,2636.7
2010,мың.гектар,Қарағанды,KZKAR,960.1
2010,мың.гектар,Қостанай,KZKUS,769.9
2010,мың.гектар,Қызылорда,KZKZY,2849.6
2010,мың.гектар,Маңғыстау,KZMAN,1456.3
2010,мың.гектар,Павлодар,KZPAV,1297.2
2010,мың.гектар,Солтүстік Қазақстан,KZSEV,56.0
2010,мың.гектар,Түркістан,KZYUZ,4066.6
2010,мың.гектар,Шығыс Қазақстан,KZVOS,1292.6
2010,мың.гектар,Алматы қаласы,KZALA,0.1
2010,мың.гектар,Шымкент қаласы,KZSHY,23.2
2011,мың.гектар,,,21.991983967935877
2011,мың.гектар,Ақмола,KZAKM,571.6
2011,мың.гектар,Ақтөбе,KZAKT,2582.5
2011,мың.гектар,Алматы,KZALM,5767.9
2011,мың.гектар,Атырау,KZATY,3133.9
2011,мың.гектар,Батыс Қазақстан,KZZAP,1875.9
2011,мың.гектар,Жамбыл,KZZHA,2636.7
2011,мың.гектар,Қарағанды,KZKAR,960.1
2011,мың.гектар,Қостанай,KZKUS,769.9
2011,мың.гектар,Қызылорда,KZKZY,2849.6
2011,мың.гектар,Маңғыстау,KZMAN,1456.3
2011,мың.гектар,Павлодар,KZPAV,1297.2
2011,мың.гектар,Солтүстік Қазақстан,KZSEV,56.0
2011,мың.гектар,Түркістан,KZYUZ,4066.6
2011,мың.гектар,Шығыс Қазақстан,KZVOS,1292.6
2011,мың.гектар,Алматы қаласы,KZALA,0.1
2011,мың.гектар,Шымкент қаласы,KZSHY,23.2
2012,мың.гектар,,,27.2749298648304
2012,мың.гектар,Ақмола,KZAKM,571.6
2012,мың.гектар,Ақтөбе,KZAKT,2582.5
2012,мың.гектар,Алматы,KZALM,5767.9
2012,мың.гектар,Атырау,KZATY,3133.9
2012,мың.гектар,Батыс Қазақстан,KZZAP,1875.9
2012,мың.гектар,Жамбыл,KZZHA,2636.7
2012,мың.гектар,Қарағанды,KZKAR,960.1
2012,мың.гектар,Қостанай,KZKUS,769.9
2012,мың.гектар,Қызылорда,KZKZY,2849.6
2012,мың.гектар,Маңғыстау,KZMAN,1456.3
2012,мың.гектар,Павлодар,KZPAV,1297.2
2012,мың.гектар,Солтүстік Қазақстан,KZSEV,56.0
2012,мың.гектар,Түркістан,KZYUZ,4066.6
2012,мың.гектар,Шығыс Қазақстан,KZVOS,1292.6
2012,мың.гектар,Алматы қаласы,KZALA,0.1
2012,мың.гектар,Шымкент қаласы,KZSHY,23.2
2013,мың.гектар,,,17.15395157606213
2013,мың.гектар,Ақмола,KZAKM,571.6
2013,мың.гектар,Ақтөбе,KZAKT,2582.5
2013,мың.гектар,Алматы,KZALM,5767.9
2013,мың.гектар,Атырау,KZATY,3133.9
2013,мың.гектар,Батыс Қазақстан,KZZAP,1875.9
2013,мың.гектар,Жамбыл,KZZHA,2636.7
2013,мың.гектар,Қарағанды,KZKAR,960.1
2013,мың.гектар,Қостанай,KZKUS,769.9
2013,мың.гектар,Қызылорда,KZKZY,2849.6
2013,мың.гектар,Маңғыстау,KZMAN,1456.3
2013,мың.гектар,Павлодар,KZPAV,1297.2
2013,мың.гектар,Солтүстік Қазақстан,KZSEV,56.0
2013,мың.гектар,Түркістан,KZYUZ,4066.6
2013,мың.гектар,Шығыс Қазақстан,KZVOS,1292.6
2013,мың.гектар,Алматы қаласы,KZALA,0.1
2013,мың.гектар,Шымкент қаласы,KZSHY,23.2
2014,мың.гектар,,,21.348751156336725
2014,мың.гектар,Ақмола,KZAKM,571.6
2014,мың.гектар,Ақтөбе,KZAKT,2582.5
2014,мың.гектар,Алматы,KZALM,5767.9
2014,мың.гектар,Атырау,KZATY,3133.9
2014,мың.гектар,Батыс Қазақстан,KZZAP,1875.9
2014,мың.гектар,Жамбыл,KZZHA,2636.7
2014,мың.гектар,Қарағанды,KZKAR,960.1
2014,мың.гектар,Қостанай,KZKUS,769.9
2014,мың.гектар,Қызылорда,KZKZY,2849.6
2014,мың.гектар,Маңғыстау,KZMAN,1456.3
2014,мың.гектар,Павлодар,KZPAV,1297.2
2014,мың.гектар,Солтүстік Қазақстан,KZSEV,56.0
2014,мың.гектар,Түркістан,KZYUZ,4066.6
2014,мың.гектар,Шығыс Қазақстан,KZVOS,1292.6
2014,мың.гектар,Алматы қаласы,KZALA,0.1
2014,мың.гектар,Шымкент қаласы,KZSHY,23.2
2015,мың.гектар,,,18.7378892733564
2015,мың.гектар,Ақмола,KZAKM,571.6
2015,мың.гектар,Ақтөбе,KZAKT,2582.5
2015,мың.гектар,Алматы,KZALM,5767.9
2015,мың.гектар,Атырау,KZATY,3133.9
2015,мың.гектар,Батыс Қазақстан,KZZAP,1875.9
2015,мың.гектар,Жамбыл,KZZHA,2636.7
2015,мың.гектар,Қарағанды,KZKAR,960.1
2015,мың.гектар,Қостанай,KZKUS,769.9
2015,мың.гектар,Қызылорда,KZKZY,2849.6
2015,мың.гектар,Маңғыстау,KZMAN,1456.3
2015,мың.гектар,Павлодар,KZPAV,1297.2
2015,мың.гектар,Солтүстік Қазақстан,KZSEV,56.0
2015,мың.гектар,Түркістан,KZYUZ,4066.6
2015,мың.гектар,Шығыс Қазақстан,KZVOS,1292.6
2015,мың.гектар,Алматы қаласы,KZALA,0.1
2015,мың.гектар,Шымкент қаласы,KZSHY,23.2
2016,мың.гектар,,,13.521250000000002
2016,мың.гектар,Ақмола,KZAKM,571.6
2016,мың.гектар,Ақтөбе,KZAKT,2582.5
2016,мың.гектар,Алматы,KZALM,5767.9
2016,мың.гектар,Атырау,KZATY,3133.9
2016,мың.гектар,Батыс Қазақстан,KZZAP,1875.9
2016,мың.гектар,Жамбыл,KZZHA,2636.7
2016,мың.гектар,Қарағанды,KZKAR,960.1
2016,мың.гектар,Қостанай,KZKUS,769.9
2016,мың.гектар,Қызылорда,KZKZY,2849.6
2016,мың.гектар,Маңғыстау,KZMAN,1456.3
2016,мың.гектар,Павлодар,KZPAV,1297.2
2016,мың.гектар,Солтүстік Қазақстан,KZSEV,56.0
2016,мың.гектар,Түркістан,KZYUZ,4066.6
2016,мың.гектар,Шығыс Қазақстан,KZVOS,1292.6
2016,мың.гектар,Алматы қаласы,KZALA,0.1
2016,мың.гектар,Шымкент қаласы,KZSHY,23.2
2017,мың.гектар,,,18.38984438984439
2017,мың.гектар,Ақмола,KZAKM,571.6
2017,мың.гектар,Ақтөбе,KZAKT,2582.5
2017,мың.гектар,Алматы,KZALM,5767.9
2017,мың.гектар,Атырау,KZATY,3133.9
2017,мың.гектар,Батыс Қазақстан,KZZAP,1875.9
2017,мың.гектар,Жамбыл,KZZHA,2636.7
2017,мың.гектар,Қарағанды,KZKAR,960.1
2017,мың.гектар,Қостанай,KZKUS,769.9
2017,мың.гектар,Қызылорда,KZKZY,2849.6
2017,мың.гектар,Маңғыстау,KZMAN,1456.3
2017,мың.гектар,Павлодар,KZPAV,1297.2
2017,мың.гектар,Солтүстік Қазақстан,KZSEV,56.0
2017,мың.гектар,Түркістан,KZYUZ,4066.6
2017,мың.гектар,Шығыс Қазақстан,KZVOS,1292.6
2017,мың.гектар,Алматы қаласы,KZALA,0.1
2017,мың.гектар,Шымкент қаласы,KZSHY,23.2
2018,мың.гектар,,,21.266485998193318
2018,мың.гектар,Ақмола,KZAKM,571.6
2018,мың.гектар,Ақтөбе,KZAKT,2582.5
2018,мың.гектар,Алматы,KZALM,5767.9
2018,мың.гектар,Атырау,KZATY,3133.9
2018,мың.гектар,Батыс Қазақстан,KZZAP,1875.9
2018,мың.гектар,Жамбыл,KZZHA,2636.7
2018,мың.гектар,Қарағанды,KZKAR,960.1
2018,мың.гектар,Қостанай,KZKUS,769.9
2018,мың.гектар,Қызылорда,KZKZY,2849.6
2018,мың.гектар,Маңғыстау,KZMAN,1456.3
2018,мың.гектар,Павлодар,KZPAV,1297.2
2018,мың.гектар,Солтүстік Қазақстан,KZSEV,56.0
2018,мың.гектар,Түркістан,KZYUZ,4066.6
2018,мың.гектар,Шығыс Қазақстан,KZVOS,1292.6
2018,мың.гектар,Алматы қаласы,KZALA,0.1
2018,мың.гектар,Шымкент қаласы,KZSHY,23.2
2019,мың.гектар,Ақмола,KZAKM,571.6
2019,мың.гектар,Ақтөбе,KZAKT,2582.5
2019,мың.гектар,Алматы,KZALM,5767.9
2019,мың.гектар,Атырау,KZATY,3133.9
2019,мың.гектар,Батыс Қазақстан,KZZAP,1875.9
2019,мың.гектар,Жамбыл,KZZHA,2636.7
2019,мың.гектар,Қарағанды,KZKAR,960.1
2019,мың.гектар,Қостанай,KZKUS,769.9
2019,мың.гектар,Қызылорда,KZKZY,2849.6
2019,мың.гектар,Маңғыстау,KZMAN,1456.3
2019,мың.гектар,Павлодар,KZPAV,1297.2
2019,мың.гектар,Солтүстік Қазақстан,KZSEV,56.0
2019,мың.гектар,Түркістан,KZYUZ,4066.6
2019,мың.гектар,Шығыс Қазақстан,KZVOS,1292.6
2019,мың.гектар,Алматы қаласы,KZALA,0.1
2019,мың.гектар,Шымкент қаласы,KZSHY,23.2
2020,мың.гектар,Ақмола,KZAKM,571.6
2020,мың.гектар,Ақтөбе,KZAKT,2582.5
2020,мың.гектар,Алматы,KZALM,5767.9
2020,мың.гектар,Атырау,KZATY,3133.9
2020,мың.гектар,Батыс Қазақстан,KZZAP,1875.9
2020,мың.гектар,Жамбыл,KZZHA,2636.7
2020,мың.гектар,Қарағанды,KZKAR,960.1
2020,мың.гектар,Қостанай,KZKUS,769.9
2020,мың.гектар,Қызылорда,KZKZY,2849.6
2020,мың.гектар,Маңғыстау,KZMAN,1456.3
2020,мың.гектар,Павлодар,KZPAV,1297.2
2020,мың.гектар,Солтүстік Қазақстан,KZSEV,56.0
2020,мың.гектар,Түркістан,KZYUZ,4066.6
2020,мың.гектар,Шығыс Қазақстан,KZVOS,1292.6
2020,мың.гектар,Алматы қаласы,KZALA,0.1
2020,мың.гектар,Шымкент қаласы,KZSHY,23.2
2021,мың.гектар,Ақмола,KZAKM,571.6
2021,мың.гектар,Ақтөбе,KZAKT,2582.5
2021,мың.гектар,Алматы,KZALM,5767.9
2021,мың.гектар,Атырау,KZATY,3133.9
2021,мың.гектар,Батыс Қазақстан,KZZAP,1875.9
2021,мың.гектар,Жамбыл,KZZHA,2636.7
2021,мың.гектар,Қарағанды,KZKAR,960.1
2021,мың.гектар,Қостанай,KZKUS,769.9
2021,мың.гектар,Қызылорда,KZKZY,2849.6
2021,мың.гектар,Маңғыстау,KZMAN,1456.3
2021,мың.гектар,Павлодар,KZPAV,1297.2
2021,мың.гектар,Солтүстік Қазақстан,KZSEV,56.0
2021,мың.гектар,Түркістан,KZYUZ,4066.6
2021,мың.гектар,Шығыс Қазақстан,KZVOS,1292.6
2021,мың.гектар,Алматы қаласы,KZALA,0.1
2021,мың.гектар,Шымкент қаласы,KZSHY,23.2
2022,мың.гектар,Ақмола,KZAKM,571.6
2022,мың.гектар,Ақтөбе,KZAKT,2582.5
2022,мың.гектар,Алматы,KZALM,5767.9
2022,мың.гектар,Атырау,KZATY,3133.9
2022,мың.гектар,Батыс Қазақстан,KZZAP,1875.9
2022,мың.гектар,Жамбыл,KZZHA,2636.7
2022,мың.гектар,Қарағанды,KZKAR,960.1
2022,мың.гектар,Қостанай,KZKUS,769.9
2022,мың.гектар,Қызылорда,KZKZY,2849.6
2022,мың.гектар,Маңғыстау,KZMAN,1456.3
2022,мың.гектар,Павлодар,KZPAV,1297.2
2022,мың.гектар,Солтүстік Қазақстан,KZSEV,56.0
2022,мың.гектар,Түркістан,KZYUZ,4066.6
2022,мың.гектар,Шығыс Қазақстан,KZVOS,1292.6
2022,мың.гектар,Алматы қаласы,KZALA,0.1
2022,мың.гектар,Шымкент қаласы,KZSHY,23.2
2023,мың.гектар,Ақмола,KZAKM,571.6
2023,мың.гектар,Ақтөбе,KZAKT,2582.5
2023,мың.гектар,Алматы,KZALM,5767.9
2023,мың.гектар,Атырау,KZATY,3133.9
2023,мың.гектар,Батыс Қазақстан,KZZAP,1875.9
2023,мың.гектар,Жамбыл,KZZHA,2636.7
2023,мың.гектар,Қарағанды,KZKAR,960.1
2023,мың.гектар,Қостанай,KZKUS,769.9
2023,мың.гектар,Қызылорда,KZKZY,2849.6
2023,мың.гектар,Маңғыстау,KZMAN,1456.3
2023,мың.гектар,Павлодар,KZPAV,1297.2
2023,мың.гектар,Солтүстік Қазақстан,KZSEV,56.0
2023,мың.гектар,Түркістан,KZYUZ,4066.6
2023,мың.гектар,Шығыс Қазақстан,KZVOS,1292.6
2023,мың.гектар,Алматы қаласы,KZALA,0.1
2023,мың.гектар,Шымкент қаласы,KZSHY,23.2
