Year,UNIT_MEASURE,COMPOSITE_BREAKDOWN,Value
2010,пайыз,,109.6
2010,пайыз,Жалпы сипаттағы мемлекеттiк қызметтер,109.1
2010,пайыз,Қорғаныс,107.7
2010,пайыз,_L_BUD_EXP_PSLJ_CEA,107.4
2010,пайыз,Білім беру,121.4
2010,пайыз,Денсаулық сақтау,103.5
2010,пайыз,Әлеуметтiк көмек және әлеуметтiк қамсыздандыру,90.7
2010,пайыз,Тұрғын үй-коммуналдық шаруашылық,139.2
2010,пайыз,"Мәдениет, спорт, туризм және ақпараттық кеңістiк",180.1
2010,пайыз,Отын-энергетика кешенi және жер қойнауын пайдалану,112.0
2010,пайыз,"Ауыл, су, орман, балық шаруашылығы, ерекше қорғалатын табиғи аумақтар, қоршаған ортаны және жануарлар дүниесін қорғау, жер қатынастары",118.7
2010,пайыз,_L_IND_BUILD,94.6
2010,пайыз,Көлiк және коммуникация,118.2
2010,пайыз,Басқалар,201.5
2010,пайыз,Борышқа қызмет көрсету,78.2
2010,пайыз,Трансферттер,100.0
2011,пайыз,,110.4
2011,пайыз,Жалпы сипаттағы мемлекеттiк қызметтер,126.7
2011,пайыз,Қорғаныс,106.0
2011,пайыз,_L_BUD_EXP_PSLJ_CEA,101.7
2011,пайыз,Білім беру,115.3
2011,пайыз,Денсаулық сақтау,99.2
2011,пайыз,Әлеуметтiк көмек және әлеуметтiк қамсыздандыру,100.3
2011,пайыз,Тұрғын үй-коммуналдық шаруашылық,164.7
2011,пайыз,"Мәдениет, спорт, туризм және ақпараттық кеңістiк",157.6
2011,пайыз,Отын-энергетика кешенi және жер қойнауын пайдалану,129.3
2011,пайыз,"Ауыл, су, орман, балық шаруашылығы, ерекше қорғалатын табиғи аумақтар, қоршаған ортаны және жануарлар дүниесін қорғау, жер қатынастары",119.3
2011,пайыз,_L_IND_BUILD,94.7
2011,пайыз,Көлiк және коммуникация,105.8
2011,пайыз,Басқалар,164.2
2011,пайыз,Борышқа қызмет көрсету,91.8
2011,пайыз,Трансферттер,100.0
2012,пайыз,,105.2
2012,пайыз,Жалпы сипаттағы мемлекеттiк қызметтер,106.7
2012,пайыз,Қорғаныс,102.2
2012,пайыз,_L_BUD_EXP_PSLJ_CEA,104.1
2012,пайыз,Білім беру,97.7
2012,пайыз,Денсаулық сақтау,106.2
2012,пайыз,Әлеуметтiк көмек және әлеуметтiк қамсыздандыру,95.6
2012,пайыз,Тұрғын үй-коммуналдық шаруашылық,129.6
2012,пайыз,"Мәдениет, спорт, туризм және ақпараттық кеңістiк",102.2
2012,пайыз,Отын-энергетика кешенi және жер қойнауын пайдалану,110.3
2012,пайыз,"Ауыл, су, орман, балық шаруашылығы, ерекше қорғалатын табиғи аумақтар, қоршаған ортаны және жануарлар дүниесін қорғау, жер қатынастары",95.4
2012,пайыз,_L_IND_BUILD,101.8
2012,пайыз,Көлiк және коммуникация,96.8
2012,пайыз,Басқалар,234.3
2012,пайыз,Борышқа қызмет көрсету,73.6
2012,пайыз,Трансферттер,100.0
2013,пайыз,,96.3
2013,пайыз,Жалпы сипаттағы мемлекеттiк қызметтер,99.9
2013,пайыз,Қорғаныс,99.9
2013,пайыз,_L_BUD_EXP_PSLJ_CEA,96.2
2013,пайыз,Білім беру,96.5
2013,пайыз,Денсаулық сақтау,96.9
2013,пайыз,Әлеуметтiк көмек және әлеуметтiк қамсыздандыру,95.8
2013,пайыз,Тұрғын үй-коммуналдық шаруашылық,133.5
2013,пайыз,"Мәдениет, спорт, туризм және ақпараттық кеңістiк",106.7
2013,пайыз,Отын-энергетика кешенi және жер қойнауын пайдалану,101.9
2013,пайыз,"Ауыл, су, орман, балық шаруашылығы, ерекше қорғалатын табиғи аумақтар, қоршаған ортаны және жануарлар дүниесін қорғау, жер қатынастары",96.5
2013,пайыз,_L_IND_BUILD,96.3
2013,пайыз,Көлiк және коммуникация,102.4
2013,пайыз,Басқалар,68.2
2013,пайыз,Борышқа қызмет көрсету,82.7
2013,пайыз,Трансферттер,100.0
2014,пайыз,,105.3
2014,пайыз,Жалпы сипаттағы мемлекеттiк қызметтер,116.9
2014,пайыз,Қорғаныс,95.7
2014,пайыз,_L_BUD_EXP_PSLJ_CEA,97.2
2014,пайыз,Білім беру,100.6
2014,пайыз,Денсаулық сақтау,99.7
2014,пайыз,Әлеуметтiк көмек және әлеуметтiк қамсыздандыру,98.4
2014,пайыз,Тұрғын үй-коммуналдық шаруашылық,127.7
2014,пайыз,"Мәдениет, спорт, туризм және ақпараттық кеңістiк",92.9
2014,пайыз,Отын-энергетика кешенi және жер қойнауын пайдалану,98.3
2014,пайыз,"Ауыл, су, орман, балық шаруашылығы, ерекше қорғалатын табиғи аумақтар, қоршаған ортаны және жануарлар дүниесін қорғау, жер қатынастары",111.6
2014,пайыз,_L_IND_BUILD,120.8
2014,пайыз,Көлiк және коммуникация,97.4
2014,пайыз,Басқалар,164.6
2014,пайыз,Борышқа қызмет көрсету,97.4
2014,пайыз,Трансферттер,100.0
2015,пайыз,,91.2
2015,пайыз,Жалпы сипаттағы мемлекеттiк қызметтер,149.4
2015,пайыз,Қорғаныс,98.4
2015,пайыз,_L_BUD_EXP_PSLJ_CEA,89.3
2015,пайыз,Білім беру,82.9
2015,пайыз,Денсаулық сақтау,93.8
2015,пайыз,Әлеуметтiк көмек және әлеуметтiк қамсыздандыру,94.4
2015,пайыз,Тұрғын үй-коммуналдық шаруашылық,80.9
2015,пайыз,"Мәдениет, спорт, туризм және ақпараттық кеңістiк",88.1
2015,пайыз,Отын-энергетика кешенi және жер қойнауын пайдалану,104.6
2015,пайыз,"Ауыл, су, орман, балық шаруашылығы, ерекше қорғалатын табиғи аумақтар, қоршаған ортаны және жануарлар дүниесін қорғау, жер қатынастары",105.5
2015,пайыз,_L_IND_BUILD,87.1
2015,пайыз,Көлiк және коммуникация,88.3
2015,пайыз,Басқалар,51.2
2015,пайыз,Борышқа қызмет көрсету,97.9
2015,пайыз,Трансферттер,100.0
2016,пайыз,,110.9
2016,пайыз,Жалпы сипаттағы мемлекеттiк қызметтер,129.5
2016,пайыз,Қорғаныс,106.5
2016,пайыз,_L_BUD_EXP_PSLJ_CEA,108.6
2016,пайыз,Білім беру,119.0
2016,пайыз,Денсаулық сақтау,112.7
2016,пайыз,Әлеуметтiк көмек және әлеуметтiк қамсыздандыру,99.5
2016,пайыз,Тұрғын үй-коммуналдық шаруашылық,167.1
2016,пайыз,"Мәдениет, спорт, туризм және ақпараттық кеңістiк",126.0
2016,пайыз,Отын-энергетика кешенi және жер қойнауын пайдалану,136.44927531720586
2016,пайыз,"Ауыл, су, орман, балық шаруашылығы, ерекше қорғалатын табиғи аумақтар, қоршаған ортаны және жануарлар дүниесін қорғау, жер қатынастары",157.82245884830505
2016,пайыз,_L_IND_BUILD,106.77483890240448
2016,пайыз,Көлiк және коммуникация,121.63578611086866
2016,пайыз,Басқалар,99.65626329985886
2016,пайыз,Борышқа қызмет көрсету,115.89086100184456
2016,пайыз,Трансферттер,100.0502858705636
2017,пайыз,,130.3
2017,пайыз,Жалпы сипаттағы мемлекеттiк қызметтер,109.27343816073244
2017,пайыз,Қорғаныс,104.6407043323604
2017,пайыз,_L_BUD_EXP_PSLJ_CEA,113.86273104313118
2017,пайыз,Білім беру,106.76364836808578
2017,пайыз,Денсаулық сақтау,99.9447778666347
2017,пайыз,Әлеуметтiк көмек және әлеуметтiк қамсыздандыру,103.72256742235682
2017,пайыз,Тұрғын үй-коммуналдық шаруашылық,104.52064051692678
2017,пайыз,"Мәдениет, спорт, туризм және ақпараттық кеңістiк",139.95004979670492
2017,пайыз,Отын-энергетика кешенi және жер қойнауын пайдалану,179.43435814574283
2017,пайыз,"Ауыл, су, орман, балық шаруашылығы, ерекше қорғалатын табиғи аумақтар, қоршаған ортаны және жануарлар дүниесін қорғау, жер қатынастары",134.19851782833072
2017,пайыз,_L_IND_BUILD,418.5977615951045
2017,пайыз,Көлiк және коммуникация,116.94862367744145
2017,пайыз,Басқалар,651.2480788074346
2017,пайыз,Борышқа қызмет көрсету,87.73460401606549
2017,пайыз,Трансферттер,100.63400301713732
2018,пайыз,,104.5
2018,пайыз,Жалпы сипаттағы мемлекеттiк қызметтер,114.07686748153158
2018,пайыз,Қорғаныс,99.54040852997056
2018,пайыз,_L_BUD_EXP_PSLJ_CEA,120.08708197519734
2018,пайыз,Білім беру,123.61234591784016
2018,пайыз,Денсаулық сақтау,100.3992536456742
2018,пайыз,Әлеуметтiк көмек және әлеуметтiк қамсыздандыру,98.65227522244868
2018,пайыз,Тұрғын үй-коммуналдық шаруашылық,120.07866113401649
2018,пайыз,"Мәдениет, спорт, туризм және ақпараттық кеңістiк",124.71816700927153
2018,пайыз,Отын-энергетика кешенi және жер қойнауын пайдалану,111.65499091321766
2018,пайыз,"Ауыл, су, орман, балық шаруашылығы, ерекше қорғалатын табиғи аумақтар, қоршаған ортаны және жануарлар дүниесін қорғау, жер қатынастары",139.04173829785043
2018,пайыз,_L_IND_BUILD,245.26065399643596
2018,пайыз,Көлiк және коммуникация,99.31347097709924
2018,пайыз,Басқалар,98.20907504437623
2018,пайыз,Борышқа қызмет көрсету,97.60866206263896
2018,пайыз,Трансферттер,100.53680004668576
2019,пайыз,,112.1
2019,пайыз,Жалпы сипаттағы мемлекеттiк қызметтер,129.7
2019,пайыз,Қорғаныс,116.2
2019,пайыз,_L_BUD_EXP_PSLJ_CEA,106.0
2019,пайыз,Білім беру,98.6
2019,пайыз,Денсаулық сақтау,107.3
2019,пайыз,Әлеуметтiк көмек және әлеуметтiк қамсыздандыру,110.2
2019,пайыз,Тұрғын үй-коммуналдық шаруашылық,135.7
2019,пайыз,"Мәдениет, спорт, туризм және ақпараттық кеңістiк",110.9
2019,пайыз,Отын-энергетика кешенi және жер қойнауын пайдалану,139.8
2019,пайыз,"Ауыл, су, орман, балық шаруашылығы, ерекше қорғалатын табиғи аумақтар, қоршаған ортаны және жануарлар дүниесін қорғау, жер қатынастары",99.9
2019,пайыз,_L_IND_BUILD,121.8
2019,пайыз,Көлiк және коммуникация,104.5
2019,пайыз,Басқалар,169.9
2019,пайыз,Борышқа қызмет көрсету,101.1
2019,пайыз,Трансферттер,100.0
2020,пайыз,,110.2
2020,пайыз,Жалпы сипаттағы мемлекеттiк қызметтер,130.8
2020,пайыз,Қорғаныс,94.0
2020,пайыз,_L_BUD_EXP_PSLJ_CEA,112.2
2020,пайыз,Білім беру,107.7
2020,пайыз,Денсаулық сақтау,110.6
2020,пайыз,Әлеуметтiк көмек және әлеуметтiк қамсыздандыру,112.9
2020,пайыз,Тұрғын үй-коммуналдық шаруашылық,115.5
2020,пайыз,"Мәдениет, спорт, туризм және ақпараттық кеңістiк",81.9
2020,пайыз,Отын-энергетика кешенi және жер қойнауын пайдалану,77.8
