Year,UNIT_MEASURE,Өңірлер,GeoCode,Value
2010,пайыз,,,15.0
2011,пайыз,,,13.7
2012,пайыз,,,13.9
2013,пайыз,,,10.2
2014,пайыз,,,10.8
2015,пайыз,,,8.3
2016,пайыз,,,15.6
2017,пайыз,,,12.6
2018,пайыз,,,13.5
2019,пайыз,,,13.5
2020,пайыз,,,10.0
2021,пайыз,,,12.1
2022,пайыз,,,12.5
2023,пайыз,,,9.0
2014,млн АҚШ доллары,,,23809.0
2015,млн АҚШ доллары,,,15367.9
2016,млн АҚШ доллары,,,21366.7
2017,млн АҚШ доллары,,,20960.4
2018,млн АҚШ доллары,,,24271.3
2019,млн АҚШ доллары,,,24436.9
2020,млн АҚШ доллары,,,17155.1
2021,млн АҚШ доллары,,,23809.9
2022,млн АҚШ доллары,,,28166.2
2023,млн АҚШ доллары,,,23612.1
2014,млн АҚШ доллары,Ақмола,KZAKM,-13.2
2015,млн АҚШ доллары,Ақмола,KZAKM,15.6
2016,млн АҚШ доллары,Ақмола,KZAKM,253.4
2017,млн АҚШ доллары,Ақмола,KZAKM,75.0
2018,млн АҚШ доллары,Ақмола,KZAKM,159.8
2019,млн АҚШ доллары,Ақмола,KZAKM,91.8
2020,млн АҚШ доллары,Ақмола,KZAKM,72.3
2021,млн АҚШ доллары,Ақмола,KZAKM,59.5
2022,млн АҚШ доллары,Ақмола,KZAKM,376.3
2023,млн АҚШ доллары,Ақмола,KZAKM,421.9
2014,млн АҚШ доллары,Ақтөбе,KZAKT,1433.4
2015,млн АҚШ доллары,Ақтөбе,KZAKT,385.5
2016,млн АҚШ доллары,Ақтөбе,KZAKT,1213.7
2017,млн АҚШ доллары,Ақтөбе,KZAKT,1935.4
2018,млн АҚШ доллары,Ақтөбе,KZAKT,355.2
2019,млн АҚШ доллары,Ақтөбе,KZAKT,721.3
2020,млн АҚШ доллары,Ақтөбе,KZAKT,384.3
2021,млн АҚШ доллары,Ақтөбе,KZAKT,1361.5
2022,млн АҚШ доллары,Ақтөбе,KZAKT,1208.3
2023,млн АҚШ доллары,Ақтөбе,KZAKT,997.9
2014,млн АҚШ доллары,Алматы,KZALM,122.0
2015,млн АҚШ доллары,Алматы,KZALM,75.4
2016,млн АҚШ доллары,Алматы,KZALM,83.5
2017,млн АҚШ доллары,Алматы,KZALM,88.2
2018,млн АҚШ доллары,Алматы,KZALM,83.0
2019,млн АҚШ доллары,Алматы,KZALM,207.3
2020,млн АҚШ доллары,Алматы,KZALM,258.4
2021,млн АҚШ доллары,Алматы,KZALM,476.3
2022,млн АҚШ доллары,Алматы,KZALM,686.6
2023,млн АҚШ доллары,Алматы,KZALM,875.2
2014,млн АҚШ доллары,Атырау,KZATY,9222.0
2015,млн АҚШ доллары,Атырау,KZATY,6942.3
2016,млн АҚШ доллары,Атырау,KZATY,8621.5
2017,млн АҚШ доллары,Атырау,KZATY,7818.3
2018,млн АҚШ доллары,Атырау,KZATY,9932.2
2019,млн АҚШ доллары,Атырау,KZATY,10534.6
2020,млн АҚШ доллары,Атырау,KZATY,5486.5
2021,млн АҚШ доллары,Атырау,KZATY,5566.7
2022,млн АҚШ доллары,Атырау,KZATY,8260.2
2023,млн АҚШ доллары,Атырау,KZATY,3843.7
2014,млн АҚШ доллары,Батыс Қазақстан,KZZAP,1673.5
2015,млн АҚШ доллары,Батыс Қазақстан,KZZAP,1569.7
2016,млн АҚШ доллары,Батыс Қазақстан,KZZAP,1537.7
2017,млн АҚШ доллары,Батыс Қазақстан,KZZAP,1221.7
2018,млн АҚШ доллары,Атырау,KZATY,1174.9
2019,млн АҚШ доллары,Атырау,KZATY,1448.9
2020,млн АҚШ доллары,Атырау,KZATY,1149.0
2021,млн АҚШ доллары,Атырау,KZATY,1044.6
2022,млн АҚШ доллары,Атырау,KZATY,1120.6
2023,млн АҚШ доллары,Атырау,KZATY,1182.2
2014,млн АҚШ доллары,Жамбыл,KZZHA,41.1
2015,млн АҚШ доллары,Жамбыл,KZZHA,-87.9
2016,млн АҚШ доллары,Жамбыл,KZZHA,146.4
2017,млн АҚШ доллары,Жамбыл,KZZHA,87.4
2018,млн АҚШ доллары,Жамбыл,KZZHA,84.7
2019,млн АҚШ доллары,Жамбыл,KZZHA,83.4
2020,млн АҚШ доллары,Жамбыл,KZZHA,34.8
2021,млн АҚШ доллары,Жамбыл,KZZHA,20.2
2022,млн АҚШ доллары,Жамбыл,KZZHA,62.0
2023,млн АҚШ доллары,Жамбыл,KZZHA,182.6
2014,млн АҚШ доллары,Қарағанды,KZKAR,94.0
2015,млн АҚШ доллары,Қарағанды,KZKAR,160.7
2016,млн АҚШ доллары,Қарағанды,KZKAR,209.2
2017,млн АҚШ доллары,Қарағанды,KZKAR,241.3
2018,млн АҚШ доллары,Қарағанды,KZKAR,433.9
2019,млн АҚШ доллары,Қарағанды,KZKAR,400.9
2020,млн АҚШ доллары,Қарағанды,KZKAR,93.0
2021,млн АҚШ доллары,Қарағанды,KZKAR,722.6
2022,млн АҚШ доллары,Қарағанды,KZKAR,354.7
2023,млн АҚШ доллары,Қарағанды,KZKAR,439.0
2014,млн АҚШ доллары,Қостанай,KZKUS,335.2
2015,млн АҚШ доллары,Қостанай,KZKUS,14.4
2016,млн АҚШ доллары,Қостанай,KZKUS,358.1
2017,млн АҚШ доллары,Қостанай,KZKUS,-175.2
2018,млн АҚШ доллары,Қостанай,KZKUS,327.6
2019,млн АҚШ доллары,Қостанай,KZKUS,320.6
2020,млн АҚШ доллары,Қостанай,KZKUS,469.1
2021,млн АҚШ доллары,Қостанай,KZKUS,998.5
2022,млн АҚШ доллары,Қостанай,KZKUS,685.4
2023,млн АҚШ доллары,Қостанай,KZKUS,396.2
2014,млн АҚШ доллары,Қызылорда,KZKZY,285.6
2015,млн АҚШ доллары,Қызылорда,KZKZY,89.5
2016,млн АҚШ доллары,Қызылорда,KZKZY,192.7
2017,млн АҚШ доллары,Қызылорда,KZKZY,127.6
2018,млн АҚШ доллары,Қызылорда,KZKZY,119.5
2019,млн АҚШ доллары,Қызылорда,KZKZY,177.3
2020,млн АҚШ доллары,Қызылорда,KZKZY,121.6
2021,млн АҚШ доллары,Қызылорда,KZKZY,247.3
2022,млн АҚШ доллары,Қызылорда,KZKZY,330.7
2023,млн АҚШ доллары,Қызылорда,KZKZY,280.1
2014,млн АҚШ доллары,Маңғыстау,KZMAN,1612.8
2015,млн АҚШ доллары,Маңғыстау,KZMAN,141.0
2016,млн АҚШ доллары,Маңғыстау,KZMAN,438.2
2017,млн АҚШ доллары,Маңғыстау,KZMAN,666.2
2018,млн АҚШ доллары,Маңғыстау,KZMAN,1422.1
2019,млн АҚШ доллары,Маңғыстау,KZMAN,822.1
2020,млн АҚШ доллары,Маңғыстау,KZMAN,190.8
2021,млн АҚШ доллары,Маңғыстау,KZMAN,876.4
2022,млн АҚШ доллары,Маңғыстау,KZMAN,804.0
2023,млн АҚШ доллары,Маңғыстау,KZMAN,1113.6
2014,млн АҚШ доллары,Павлодар,KZPAV,368.4
2015,млн АҚШ доллары,Павлодар,KZPAV,778.4
2016,млн АҚШ доллары,Павлодар,KZPAV,470.9
2017,млн АҚШ доллары,Павлодар,KZPAV,593.3
2018,млн АҚШ доллары,Павлодар,KZPAV,855.4
2019,млн АҚШ доллары,Павлодар,KZPAV,747.7
2020,млн АҚШ доллары,Павлодар,KZPAV,795.6
2021,млн АҚШ доллары,Павлодар,KZPAV,1029.3
2022,млн АҚШ доллары,Павлодар,KZPAV,1151.9
2023,млн АҚШ доллары,Павлодар,KZPAV,943.5
2014,млн АҚШ доллары,Солтүстік Қазақстан,KZSEV,6.7
2015,млн АҚШ доллары,Солтүстік Қазақстан,KZSEV,-13.5
2016,млн АҚШ доллары,Солтүстік Қазақстан,KZSEV,2.5
2017,млн АҚШ доллары,Солтүстік Қазақстан,KZSEV,18.0
2018,млн АҚШ доллары,Солтүстік Қазақстан,KZSEV,1.0
2019,млн АҚШ доллары,Солтүстік Қазақстан,KZSEV,8.4
2020,млн АҚШ доллары,Солтүстік Қазақстан,KZSEV,0.0
2021,млн АҚШ доллары,Солтүстік Қазақстан,KZSEV,34.5
2022,млн АҚШ доллары,Солтүстік Қазақстан,KZSEV,104.8
2023,млн АҚШ доллары,Солтүстік Қазақстан,KZSEV,302.5
2014,млн АҚШ доллары,Түркістан,KZYUZ,128.8
2015,млн АҚШ доллары,Түркістан,KZYUZ,171.5
2016,млн АҚШ доллары,Түркістан,KZYUZ,208.8
2017,млн АҚШ доллары,Түркістан,KZYUZ,148.7
2018,млн АҚШ доллары,Түркістан,KZYUZ,165.5
2019,млн АҚШ доллары,Түркістан,KZYUZ,136.4
2020,млн АҚШ доллары,Түркістан,KZYUZ,304.0
2021,млн АҚШ доллары,Түркістан,KZYUZ,909.6
2022,млн АҚШ доллары,Түркістан,KZYUZ,592.9
2023,млн АҚШ доллары,Түркістан,KZYUZ,302.5
2014,млн АҚШ доллары,Шығыс Қазақстан,KZVOS,2601.0
2015,млн АҚШ доллары,Шығыс Қазақстан,KZVOS,1912.6
2016,млн АҚШ доллары,Шығыс Қазақстан,KZVOS,2389.3
2017,млн АҚШ доллары,Шығыс Қазақстан,KZVOS,2869.4
2018,млн АҚШ доллары,Шығыс Қазақстан,KZVOS,2317.9
2019,млн АҚШ доллары,Шығыс Қазақстан,KZVOS,2170.7
2020,млн АҚШ доллары,Шығыс Қазақстан,KZVOS,1590.3
2021,млн АҚШ доллары,Шығыс Қазақстан,KZVOS,2134.4
2022,млн АҚШ доллары,Шығыс Қазақстан,KZVOS,2201.6
2023,млн АҚШ доллары,Шығыс Қазақстан,KZVOS,1677.6
2014,млн АҚШ доллары,Астана қаласы,KZNS,705.3
2015,млн АҚШ доллары,Астана қаласы,KZNS,518.3
2016,млн АҚШ доллары,Астана қаласы,KZNS,232.4
2017,млн АҚШ доллары,Астана қаласы,KZNS,586.6
2018,млн АҚШ доллары,Астана қаласы,KZNS,981.1
2019,млн АҚШ доллары,Астана қаласы,KZNS,799.6
2020,млн АҚШ доллары,Астана қаласы,KZNS,616.6
2021,млн АҚШ доллары,Астана қаласы,KZNS,1085.1
2022,млн АҚШ доллары,Астана қаласы,KZNS,2256.0
2023,млн АҚШ доллары,Астана қаласы,KZNS,2161.7
2014,млн АҚШ доллары,Алматы қаласы,KZALA,4958.6
2015,млн АҚШ доллары,Алматы қаласы,KZALA,2787.6
2016,млн АҚШ доллары,Алматы қаласы,KZALA,4767.5
2017,млн АҚШ доллары,Алматы қаласы,KZALA,4002.5
2018,млн АҚШ доллары,Алматы қаласы,KZALA,5425.6
2019,млн АҚШ доллары,Алматы қаласы,KZALA,5282.7
2020,млн АҚШ доллары,Алматы қаласы,KZALA,5024.9
2021,млн АҚШ доллары,Алматы қаласы,KZALA,6768.4
2022,млн АҚШ доллары,Алматы қаласы,KZALA,7601.6
2023,млн АҚШ доллары,Алматы қаласы,KZALA,7775.4
2014,млн АҚШ доллары,Шымкент қаласы,KZSHY,105.8
2015,млн АҚШ доллары,Шымкент қаласы,KZSHY,99.2
2016,млн АҚШ доллары,Шымкент қаласы,KZSHY,63.6
2017,млн АҚШ доллары,Шымкент қаласы,KZSHY,294.2
2018,млн АҚШ доллары,Шымкент қаласы,KZSHY,139.7
2019,млн АҚШ доллары,Шымкент қаласы,KZSHY,146.9
2020,млн АҚШ доллары,Шымкент қаласы,KZSHY,123.3
2021,млн АҚШ доллары,Шымкент қаласы,KZSHY,141.0
2022,млн АҚШ доллары,Шымкент қаласы,KZSHY,148.7
2023,млн АҚШ доллары,Шымкент қаласы,KZSHY,88.2
