Year,UNIT_MEASURE,Өңірлер,GeoCode,Value
2010,мың теңге,,,428.8
2010,мың теңге,Ақмола,KZAKM,499.9
2010,мың теңге,Ақтөбе,KZAKT,478.3
2010,мың теңге,Алматы,KZALM,387.2
2010,мың теңге,Атырау,KZATY,866.7
2010,мың теңге,Батыс Қазақстан,KZZAP,345.9
2010,мың теңге,Жамбыл,KZZHA,233.6
2010,мың теңге,Қарағанды,KZKAR,463.5
2010,мың теңге,Қостанай,KZKUS,712.3
2010,мың теңге,Қызылорда,KZKZY,656.3
2010,мың теңге,Маңғыстау,KZMAN,691.7
2010,мың теңге,Оңтүстік Қазақстан,KZONT,241.1
2010,мың теңге,Павлодар,KZPAV,473.6
2010,мың теңге,Солтүстік Қазақстан,KZSEV,630.8
2010,мың теңге,Шығыс Қазақстан,KZVOS,462.6
2010,мың теңге,Астана қаласы,KZNS,453.7
2010,мың теңге,Алматы қаласы,KZALA,250.6
2011,мың теңге,,,641.6
2011,мың теңге,Ақмола,KZAKM,1146.2
2011,мың теңге,Ақтөбе,KZAKT,847.3
2011,мың теңге,Алматы,KZALM,431.0
2011,мың теңге,Атырау,KZATY,1172.5
2011,мың теңге,Батыс Қазақстан,KZZAP,487.3
2011,мың теңге,Жамбыл,KZZHA,314.5
2011,мың теңге,Қарағанды,KZKAR,594.5
2011,мың теңге,Қостанай,KZKUS,1214.0
2011,мың теңге,Қызылорда,KZKZY,646.7
2011,мың теңге,Маңғыстау,KZMAN,1184.2
2011,мың теңге,Оңтүстік Қазақстан,KZONT,306.5
2011,мың теңге,Павлодар,KZPAV,605.0
2011,мың теңге,Солтүстік Қазақстан,KZSEV,1337.1
2011,мың теңге,Шығыс Қазақстан,KZVOS,562.7
2011,мың теңге,Астана қаласы,KZNS,1145.3
2011,мың теңге,Алматы қаласы,KZALA,363.7
2012,мың теңге,,,612.2
2012,мың теңге,Ақмола,KZAKM,682.4
2012,мың теңге,Ақтөбе,KZAKT,1035.1
2012,мың теңге,Алматы,KZALM,444.3
2012,мың теңге,Атырау,KZATY,2271.6
2012,мың теңге,Батыс Қазақстан,KZZAP,528.9
2012,мың теңге,Жамбыл,KZZHA,348.1
2012,мың теңге,Қарағанды,KZKAR,827.7
2012,мың теңге,Қостанай,KZKUS,615.7
2012,мың теңге,Қызылорда,KZKZY,1007.7
2012,мың теңге,Маңғыстау,KZMAN,3586.9
2012,мың теңге,Оңтүстік Қазақстан,KZONT,379.2
2012,мың теңге,Павлодар,KZPAV,594.6
2012,мың теңге,Солтүстік Қазақстан,KZSEV,1200.6
2012,мың теңге,Шығыс Қазақстан,KZVOS,903.5
2012,мың теңге,Астана қаласы,KZNS,1044.9
2012,мың теңге,Алматы қаласы,KZALA,147.7
2013,мың теңге,,,781.9
2013,мың теңге,Ақмола,KZAKM,1018.0
2013,мың теңге,Ақтөбе,KZAKT,1465.2
2013,мың теңге,Алматы,KZALM,612.3
2013,мың теңге,Атырау,KZATY,4017.8
2013,мың теңге,Батыс Қазақстан,KZZAP,633.0
2013,мың теңге,Жамбыл,KZZHA,421.3
2013,мың теңге,Қарағанды,KZKAR,1147.9
2013,мың теңге,Қостанай,KZKUS,784.5
2013,мың теңге,Қызылорда,KZKZY,1047.8
2013,мың теңге,Маңғыстау,KZMAN,2633.0
2013,мың теңге,Оңтүстік Қазақстан,KZONT,481.6
2013,мың теңге,Павлодар,KZPAV,840.7
2013,мың теңге,Солтүстік Қазақстан,KZSEV,1254.4
2013,мың теңге,Шығыс Қазақстан,KZVOS,1078.9
2013,мың теңге,Астана қаласы,KZNS,762.8
2013,мың теңге,Алматы қаласы,KZALA,194.3
2014,мың теңге,,,1070.2
2014,мың теңге,Ақмола,KZAKM,1075.3
2014,мың теңге,Ақтөбе,KZAKT,1910.7
2014,мың теңге,Алматы,KZALM,893.4
2014,мың теңге,Атырау,KZATY,4021.6
2014,мың теңге,Батыс Қазақстан,KZZAP,768.5
2014,мың теңге,Жамбыл,KZZHA,799.6
2014,мың теңге,Қарағанды,KZKAR,1569.7
2014,мың теңге,Қостанай,KZKUS,886.7
2014,мың теңге,Қызылорда,KZKZY,1106.9
2014,мың теңге,Маңғыстау,KZMAN,2917.5
2014,мың теңге,Оңтүстік Қазақстан,KZONT,932.7
2014,мың теңге,Павлодар,KZPAV,753.0
2014,мың теңге,Солтүстік Қазақстан,KZSEV,1567.0
2014,мың теңге,Шығыс Қазақстан,KZVOS,1317.7
2014,мың теңге,Астана қаласы,KZNS,648.8
2014,мың теңге,Алматы қаласы,KZALA,2416.8
2015,мың теңге,,,1242.3
2015,мың теңге,Ақмола,KZAKM,1216.0
2015,мың теңге,Ақтөбе,KZAKT,1732.3
2015,мың теңге,Алматы,KZALM,1088.2
2015,мың теңге,Атырау,KZATY,5158.1
2015,мың теңге,Батыс Қазақстан,KZZAP,831.9
2015,мың теңге,Жамбыл,KZZHA,824.5
2015,мың теңге,Қарағанды,KZKAR,1949.0
2015,мың теңге,Қостанай,KZKUS,979.5
2015,мың теңге,Қызылорда,KZKZY,1394.6
2015,мың теңге,Маңғыстау,KZMAN,3033.3
2015,мың теңге,Оңтүстік Қазақстан,KZONT,2608.5
2015,мың теңге,Павлодар,KZPAV,884.5
2015,мың теңге,Солтүстік Қазақстан,KZSEV,1709.7
2015,мың теңге,Шығыс Қазақстан,KZVOS,1733.9
2015,мың теңге,Астана қаласы,KZNS,1533.5
2015,мың теңге,Алматы қаласы,KZALA,2051.0
2016,мың теңге,,,1401.9
2016,мың теңге,Ақмола,KZAKM,1365.9
2016,мың теңге,Ақтөбе,KZAKT,1964.8
2016,мың теңге,Алматы,KZALM,1135.9
2016,мың теңге,Атырау,KZATY,5338.7
2016,мың теңге,Батыс Қазақстан,KZZAP,993.5
2016,мың теңге,Жамбыл,KZZHA,925.6
2016,мың теңге,Қарағанды,KZKAR,2176.8
2016,мың теңге,Қостанай,KZKUS,1080.3
2016,мың теңге,Қызылорда,KZKZY,1174.7
2016,мың теңге,Маңғыстау,KZMAN,3547.7
2016,мың теңге,Оңтүстік Қазақстан,KZONT,1429.5
2016,мың теңге,Павлодар,KZPAV,1153.4
2016,мың теңге,Солтүстік Қазақстан,KZSEV,1939.5
2016,мың теңге,Шығыс Қазақстан,KZVOS,2032.7
2016,мың теңге,Астана қаласы,KZNS,1002.9
2016,мың теңге,Алматы қаласы,KZALA,2231.0
2017,мың теңге,,,1735.9
2017,мың теңге,Ақмола,KZAKM,1657.0
2017,мың теңге,Ақтөбе,KZAKT,2680.5
2017,мың теңге,Алматы,KZALM,1449.9
2017,мың теңге,Атырау,KZATY,6407.0
2017,мың теңге,Батыс Қазақстан,KZZAP,1106.0
2017,мың теңге,Жамбыл,KZZHA,957.4
2017,мың теңге,Қарағанды,KZKAR,3118.7
2017,мың теңге,Қостанай,KZKUS,1446.5
2017,мың теңге,Қызылорда,KZKZY,1649.7
2017,мың теңге,Маңғыстау,KZMAN,6516.1
2017,мың теңге,Оңтүстік Қазақстан,KZONT,1551.7
2017,мың теңге,Павлодар,KZPAV,1487.7
2017,мың теңге,Солтүстік Қазақстан,KZSEV,2615.7
2017,мың теңге,Шығыс Қазақстан,KZVOS,2550.6
2017,мың теңге,Астана қаласы,KZNS,3141.7
2017,мың теңге,Алматы қаласы,KZALA,2276.6
2018,мың теңге,,,2076.6
2018,мың теңге,Ақмола,KZAKM,1921.8
2018,мың теңге,Ақтөбе,KZAKT,4239.8
2018,мың теңге,Алматы,KZALM,2069.4
2018,мың теңге,Атырау,KZATY,7037.0
2018,мың теңге,Батыс Қазақстан,KZZAP,1105.7
2018,мың теңге,Жамбыл,KZZHA,1024.7
2018,мың теңге,Қарағанды,KZKAR,3347.5
2018,мың теңге,Қостанай,KZKUS,1780.1
2018,мың теңге,Қызылорда,KZKZY,2291.8
2018,мың теңге,Маңғыстау,KZMAN,11807.3
2018,мың теңге,Павлодар,KZPAV,1757.4
2018,мың теңге,Солтүстік Қазақстан,KZSEV,2781.3
2018,мың теңге,Түркістан,KZYUZ,1725.6
2018,мың теңге,Шығыс Қазақстан,KZVOS,3077.7
2018,мың теңге,Астана қаласы,KZNS,2134.8
2018,мың теңге,Алматы қаласы,KZALA,2245.8
2018,мың теңге,Шымкент қаласы,KZSHY,2034.2
2019,мың теңге,,,2466.0
2019,мың теңге,Ақмола,KZAKM,2323.2
2019,мың теңге,Ақтөбе,KZAKT,4777.2
2019,мың теңге,Алматы,KZALM,2413.2
2019,мың теңге,Атырау,KZATY,8201.8
2019,мың теңге,Батыс Қазақстан,KZZAP,1892.5
2019,мың теңге,Жамбыл,KZZHA,1219.8
2019,мың теңге,Қарағанды,KZKAR,3303.9
2019,мың теңге,Қостанай,KZKUS,1890.4
2019,мың теңге,Қызылорда,KZKZY,3185.8
2019,мың теңге,Маңғыстау,KZMAN,12231.8
2019,мың теңге,Павлодар,KZPAV,1926.5
2019,мың теңге,Солтүстік Қазақстан,KZSEV,3546.2
2019,мың теңге,Түркістан,KZYUZ,2077.8
2019,мың теңге,Шығыс Қазақстан,KZVOS,3487.2
2019,мың теңге,Астана қаласы,KZNS,1907.5
2019,мың теңге,Алматы қаласы,KZALA,2354.1
2019,мың теңге,Шымкент қаласы,KZSHY,2786.8
2020,мың теңге,,,3004.8
2020,мың теңге,Ақмола,KZAKM,3186.1
2020,мың теңге,Ақтөбе,KZAKT,4741.8
2020,мың теңге,Алматы,KZALM,2668.2
2020,мың теңге,Атырау,KZATY,9633.3
2020,мың теңге,Батыс Қазақстан,KZZAP,2368.2
2020,мың теңге,Жамбыл,KZZHA,1542.6
2020,мың теңге,Қарағанды,KZKAR,3563.1
2020,мың теңге,Қостанай,KZKUS,2571.1
2020,мың теңге,Қызылорда,KZKZY,3636.7
2020,мың теңге,Маңғыстау,KZMAN,7302.7
2020,мың теңге,Павлодар,KZPAV,2513.3
2020,мың теңге,Солтүстік Қазақстан,KZSEV,4583.6
2020,мың теңге,Түркістан,KZYUZ,2515.2
2020,мың теңге,Шығыс Қазақстан,KZVOS,4246.1
2020,мың теңге,Астана қаласы,KZNS,1423.9
2020,мың теңге,Алматы қаласы,KZALA,2659.1
2020,мың теңге,Шымкент қаласы,KZSHY,3496.3
2021,мың теңге,,,3350.7
2021,мың теңге,Ақмола,KZAKM,3700.9
2021,мың теңге,Ақтөбе,KZAKT,6004.0
2021,мың теңге,Алматы,KZALM,2930.2
2021,мың теңге,Атырау,KZATY,11705.5
2021,мың теңге,Батыс Қазақстан,KZZAP,2605.3
2021,мың теңге,Жамбыл,KZZHA,1678.8
2021,мың теңге,Қарағанды,KZKAR,4156.5
2021,мың теңге,Қостанай,KZKUS,2589.3
2021,мың теңге,Қызылорда,KZKZY,4394.5
2021,мың теңге,Маңғыстау,KZMAN,5734.8
2021,мың теңге,Павлодар,KZPAV,2984.4
2021,мың теңге,Солтүстік Қазақстан,KZSEV,5002.9
2021,мың теңге,Түркістан,KZYUZ,2951.5
2021,мың теңге,Шығыс Қазақстан,KZVOS,4978.6
2021,мың теңге,Астана қаласы,KZNS,1952.2
2021,мың теңге,Алматы қаласы,KZALA,2346.4
2021,мың теңге,Шымкент қаласы,KZSHY,4341.5
2022,мың теңге,,,4608.2
2022,мың теңге,Ақмола,KZAKM,6042.6
2022,мың теңге,Ақтөбе,KZAKT,8190.4
2022,мың теңге,Алматы,KZALM,3652.7
2022,мың теңге,Атырау,KZATY,12131.1
2022,мың теңге,Батыс Қазақстан,KZZAP,3544.1
2022,мың теңге,Жамбыл,KZZHA,2099.7
2022,мың теңге,Қарағанды,KZKAR,4769.9
2022,мың теңге,Қостанай,KZKUS,4679.1
2022,мың теңге,Қызылорда,KZKZY,5328.2
2022,мың теңге,Маңғыстау,KZMAN,9728.1
2022,мың теңге,Павлодар,KZPAV,3781.5
2022,мың теңге,Солтүстік Қазақстан,KZSEV,7053.5
2022,мың теңге,Түркістан,KZYUZ,3188.6
2022,мың теңге,Шығыс Қазақстан,KZVOS,7196.9
2022,мың теңге,Астана қаласы,KZNS,1503.6
2022,мың теңге,Алматы қаласы,KZALA,1164.1
2022,мың теңге,Шымкент қаласы,KZSHY,3634.3
