Year,UNIT_MEASURE,COMPOSITE_BREAKDOWN,Value
2010,M_USD,Қазақстан-алушы,52.809627
2011,M_USD,Қазақстан-алушы,13.769589999999999
2012,M_USD,Қазақстан-алушы,3.400815
2013,M_USD,Қазақстан-алушы,32.236242
2014,M_USD,Қазақстан-алушы,6.119229
2015,M_USD,Қазақстан-алушы,64.913873
2016,M_USD,Қазақстан-алушы,3.961957
2016,M_USD,Қазақстан-донор,0.00315
2017,M_USD,Қазақстан-алушы,42.990499
2017,M_USD,Қазақстан-донор,0.003098
