Year,UNIT_MEASURE,Аймақ,Өңірлер,Unnamed: 5,Unnamed: 6,Unnamed: 7,Unnamed: 8,GeoCode,Value
2010,пайыз,,,,,,,,99.4
2010,пайыз,,Ақмола,,,,,KZAKM,99.7
2010,пайыз,,Ақтөбе,,,,,KZAKT,99.7
2010,пайыз,,Алматы,,,,,KZALM,99.8
2010,пайыз,,Атырау,,,,,KZATY,99.5
2010,пайыз,,Батыс Қазақстан,,,,,KZZAP,99.4
2010,пайыз,,Жамбыл,,,,,KZZHA,99.3
2010,пайыз,,Қарағанды,,,,,KZKAR,99.5
2010,пайыз,,Қостанай,,,,,KZKUS,99.3
2010,пайыз,,Қызылорда,,,,,KZKZY,99.7
2010,пайыз,,Маңғыстау,,,,,KZMAN,99.5
2010,пайыз,,Оңтүстік Қазақстан,,,,,KZONT,98.8
2010,пайыз,,Павлодар,,,,,KZPAV,99.6
2010,пайыз,,Солтүстік Қазақстан,,,,,KZSEV,99.5
2010,пайыз,,Шығыс Қазақстан,,,,,KZVOS,99.2
2010,пайыз,,Астана қаласы,,,,,KZNS,99.3
2010,пайыз,,Алматы қаласы,,,,,KZALA,99.7
2010,пайыз,қала,,,,,,,99.8
2010,пайыз,қала,Ақмола,,,,,KZAKM,100.0
2010,пайыз,қала,Ақтөбе,,,,,KZAKT,100.0
2010,пайыз,қала,Алматы,,,,,KZALM,100.0
2010,пайыз,қала,Атырау,,,,,KZATY,100.0
2010,пайыз,қала,Батыс Қазақстан,,,,,KZZAP,99.7
2010,пайыз,қала,Жамбыл,,,,,KZZHA,99.7
2010,пайыз,қала,Қарағанды,,,,,KZKAR,99.8
2010,пайыз,қала,Қостанай,,,,,KZKUS,99.6
2010,пайыз,қала,Қызылорда,,,,,KZKZY,100.0
2010,пайыз,қала,Маңғыстау,,,,,KZMAN,99.8
2010,пайыз,қала,Оңтүстік Қазақстан,,,,,KZONT,99.6
2010,пайыз,қала,Павлодар,,,,,KZPAV,99.9
2010,пайыз,қала,Солтүстік Қазақстан,,,,,KZSEV,99.8
2010,пайыз,қала,Шығыс Қазақстан,,,,,KZVOS,99.8
2010,пайыз,қала,Астана қаласы,,,,,KZNS,99.7
2010,пайыз,қала,Алматы қаласы,,,,,KZALA,100.0
2010,пайыз,ауыл,,,,,,,99.7
2010,пайыз,ауыл,Ақмола,,,,,KZAKM,99.9
2010,пайыз,ауыл,Ақтөбе,,,,,KZAKT,99.9
2010,пайыз,ауыл,Алматы,,,,,KZALM,100.0
2010,пайыз,ауыл,Атырау,,,,,KZATY,99.7
2010,пайыз,ауыл,Батыс Қазақстан,,,,,KZZAP,99.8
2010,пайыз,ауыл,Жамбыл,,,,,KZZHA,99.6
2010,пайыз,ауыл,Қарағанды,,,,,KZKAR,99.4
2010,пайыз,ауыл,Қостанай,,,,,KZKUS,99.9
2010,пайыз,ауыл,Қызылорда,,,,,KZKZY,99.8
2010,пайыз,ауыл,Маңғыстау,,,,,KZMAN,100.0
2010,пайыз,ауыл,Оңтүстік Қазақстан,,,,,KZONT,99.6
2010,пайыз,ауыл,Павлодар,,,,,KZPAV,99.9
2010,пайыз,ауыл,Солтүстік Қазақстан,,,,,KZSEV,99.9
2010,пайыз,ауыл,Шығыс Қазақстан,,,,,KZVOS,99.1
2011,пайыз,,,,,,,,99.9
2011,пайыз,,Ақмола,,,,,KZAKM,99.9
2011,пайыз,,Ақтөбе,,,,,KZAKT,100.0
2011,пайыз,,Алматы,,,,,KZALM,100.0
2011,пайыз,,Атырау,,,,,KZATY,100.0
2011,пайыз,,Батыс Қазақстан,,,,,KZZAP,99.9
2011,пайыз,,Жамбыл,,,,,KZZHA,99.8
2011,пайыз,,Қарағанды,,,,,KZKAR,99.8
2011,пайыз,,Қостанай,,,,,KZKUS,99.9
2011,пайыз,,Қызылорда,,,,,KZKZY,99.9
2011,пайыз,,Маңғыстау,,,,,KZMAN,99.8
2011,пайыз,,Оңтүстік Қазақстан,,,,,KZONT,99.8
2011,пайыз,,Павлодар,,,,,KZPAV,99.8
2011,пайыз,,Солтүстік Қазақстан,,,,,KZSEV,99.9
2011,пайыз,,Шығыс Қазақстан,,,,,KZVOS,99.8
2011,пайыз,,Астана қаласы,,,,,KZNS,99.6
2011,пайыз,,Алматы қаласы,,,,,KZALA,99.9
2011,пайыз,қала,,,,,,,99.9
2011,пайыз,қала,Ақмола,,,,,KZAKM,100.0
2011,пайыз,қала,Ақтөбе,,,,,KZAKT,100.0
2011,пайыз,қала,Алматы,,,,,KZALM,100.0
2011,пайыз,қала,Атырау,,,,,KZATY,100.0
2011,пайыз,қала,Батыс Қазақстан,,,,,KZZAP,99.9
2011,пайыз,қала,Жамбыл,,,,,KZZHA,100.0
2011,пайыз,қала,Қарағанды,,,,,KZKAR,99.9
2011,пайыз,қала,Қостанай,,,,,KZKUS,99.9
2011,пайыз,қала,Қызылорда,,,,,KZKZY,99.9
2011,пайыз,қала,Маңғыстау,,,,,KZMAN,99.8
2011,пайыз,қала,Оңтүстік Қазақстан,,,,,KZONT,99.6
2011,пайыз,қала,Павлодар,,,,,KZPAV,99.8
2011,пайыз,қала,Солтүстік Қазақстан,,,,,KZSEV,100.0
2011,пайыз,қала,Шығыс Қазақстан,,,,,KZVOS,100.0
2011,пайыз,қала,Астана қаласы,,,,,KZNS,99.6
2011,пайыз,қала,Алматы қаласы,,,,,KZALA,99.9
2011,пайыз,ауыл,,,,,,,99.8
2011,пайыз,ауыл,Ақмола,,,,,KZAKM,99.9
2011,пайыз,ауыл,Ақтөбе,,,,,KZAKT,99.9
2011,пайыз,ауыл,Алматы,,,,,KZALM,100.0
2011,пайыз,ауыл,Атырау,,,,,KZATY,100.0
2011,пайыз,ауыл,Батыс Қазақстан,,,,,KZZAP,100.0
2011,пайыз,ауыл,Жамбыл,,,,,KZZHA,99.6
2011,пайыз,ауыл,Қарағанды,,,,,KZKAR,99.1
2011,пайыз,ауыл,Қостанай,,,,,KZKUS,99.9
2011,пайыз,ауыл,Қызылорда,,,,,KZKZY,100.0
2011,пайыз,ауыл,Маңғыстау,,,,,KZMAN,99.7
2011,пайыз,ауыл,Оңтүстік Қазақстан,,,,,KZONT,99.9
2011,пайыз,ауыл,Павлодар,,,,,KZPAV,99.6
2011,пайыз,ауыл,Солтүстік Қазақстан,,,,,KZSEV,99.9
2011,пайыз,ауыл,Шығыс Қазақстан,,,,,KZVOS,98.9
2012,пайыз,,,,,,,,99.8
2012,пайыз,,Ақмола,,,,,KZAKM,99.9
2012,пайыз,,Ақтөбе,,,,,KZAKT,100.0
2012,пайыз,,Алматы,,,,,KZALM,100.0
2012,пайыз,,Атырау,,,,,KZATY,99.9
2012,пайыз,,Батыс Қазақстан,,,,,KZZAP,99.8
2012,пайыз,,Жамбыл,,,,,KZZHA,99.9
2012,пайыз,,Қарағанды,,,,,KZKAR,99.9
2012,пайыз,,Қостанай,,,,,KZKUS,99.9
2012,пайыз,,Қызылорда,,,,,KZKZY,99.8
2012,пайыз,,Маңғыстау,,,,,KZMAN,99.8
2012,пайыз,,Оңтүстік Қазақстан,,,,,KZONT,99.7
2012,пайыз,,Павлодар,,,,,KZPAV,99.8
2012,пайыз,,Солтүстік Қазақстан,,,,,KZSEV,99.9
2012,пайыз,,Шығыс Қазақстан,,,,,KZVOS,99.8
2012,пайыз,,Астана қаласы,,,,,KZNS,99.6
2012,пайыз,,Алматы қаласы,,,,,KZALA,99.8
2012,пайыз,қала,,,,,,,99.9
2012,пайыз,қала,Ақмола,,,,,KZAKM,100.0
2012,пайыз,қала,Ақтөбе,,,,,KZAKT,100.0
2012,пайыз,қала,Алматы,,,,,KZALM,100.0
2012,пайыз,қала,Атырау,,,,,KZATY,99.9
2012,пайыз,қала,Батыс Қазақстан,,,,,KZZAP,99.8
2012,пайыз,қала,Жамбыл,,,,,KZZHA,100.0
2012,пайыз,қала,Қарағанды,,,,,KZKAR,99.9
2012,пайыз,қала,Қостанай,,,,,KZKUS,100.0
2012,пайыз,қала,Қызылорда,,,,,KZKZY,99.9
2012,пайыз,қала,Маңғыстау,,,,,KZMAN,99.8
2012,пайыз,қала,Оңтүстік Қазақстан,,,,,KZONT,100.0
2012,пайыз,қала,Павлодар,,,,,KZPAV,99.9
2012,пайыз,қала,Солтүстік Қазақстан,,,,,KZSEV,99.9
2012,пайыз,қала,Шығыс Қазақстан,,,,,KZVOS,99.8
2012,пайыз,қала,Астана қаласы,,,,,KZNS,99.6
2012,пайыз,ауыл,,,,,,,99.5
2012,пайыз,ауыл,Ақмола,,,,,KZAKM,99.9
2012,пайыз,ауыл,Ақтөбе,,,,,KZAKT,99.9
2012,пайыз,ауыл,Алматы,,,,,KZALM,100.0
2012,пайыз,ауыл,Атырау,,,,,KZATY,99.7
2012,пайыз,ауыл,Батыс Қазақстан,,,,,KZZAP,99.7
2012,пайыз,ауыл,Жамбыл,,,,,KZZHA,99.7
2012,пайыз,ауыл,Қарағанды,,,,,KZKAR,99.5
2012,пайыз,ауыл,Қостанай,,,,,KZKUS,99.8
2012,пайыз,ауыл,Қызылорда,,,,,KZKZY,99.7
2012,пайыз,ауыл,Маңғыстау,,,,,KZMAN,99.8
2012,пайыз,ауыл,Оңтүстік Қазақстан,,,,,KZONT,99.1
2012,пайыз,ауыл,Павлодар,,,,,KZPAV,99.1
2012,пайыз,ауыл,Солтүстік Қазақстан,,,,,KZSEV,99.9
2012,пайыз,ауыл,Шығыс Қазақстан,,,,,KZVOS,99.4
2013,пайыз,,,,,,,,99.8
2013,пайыз,,Ақмола,,,,,KZAKM,99.9
2013,пайыз,,Ақтөбе,,,,,KZAKT,100.0
2013,пайыз,,Алматы,,,,,KZALM,100.0
2013,пайыз,,Атырау,,,,,KZATY,100.0
2013,пайыз,,Батыс Қазақстан,,,,,KZZAP,99.8
2013,пайыз,,Жамбыл,,,,,KZZHA,99.8
2013,пайыз,,Қарағанды,,,,,KZKAR,99.8
2013,пайыз,,Қостанай,,,,,KZKUS,100.0
2013,пайыз,,Қызылорда,,,,,KZKZY,99.6
2013,пайыз,,Маңғыстау,,,,,KZMAN,99.7
2013,пайыз,,Оңтүстік Қазақстан,,,,,KZONT,99.8
2013,пайыз,,Павлодар,,,,,KZPAV,99.9
2013,пайыз,,Солтүстік Қазақстан,,,,,KZSEV,99.9
2013,пайыз,,Шығыс Қазақстан,,,,,KZVOS,99.8
2013,пайыз,,Астана қаласы,,,,,KZNS,99.5
2013,пайыз,,Алматы қаласы,,,,,KZALA,100.0
2013,пайыз,қала,,,,,,,99.8
2013,пайыз,қала,Ақмола,,,,,KZAKM,100.0
2013,пайыз,қала,Ақтөбе,,,,,KZAKT,100.0
2013,пайыз,қала,Алматы,,,,,KZALM,100.0
2013,пайыз,қала,Атырау,,,,,KZATY,100.0
2013,пайыз,қала,Батыс Қазақстан,,,,,KZZAP,99.8
2013,пайыз,қала,Жамбыл,,,,,KZZHA,100.0
2013,пайыз,қала,Қарағанды,,,,,KZKAR,99.8
2013,пайыз,қала,Қостанай,,,,,KZKUS,100.0
2013,пайыз,қала,Қызылорда,,,,,KZKZY,99.4
2013,пайыз,қала,Маңғыстау,,,,,KZMAN,99.7
2013,пайыз,қала,Оңтүстік Қазақстан,,,,,KZONT,99.7
2013,пайыз,қала,Павлодар,,,,,KZPAV,99.9
2013,пайыз,қала,Солтүстік Қазақстан,,,,,KZSEV,100.0
2013,пайыз,қала,Шығыс Қазақстан,,,,,KZVOS,99.8
2013,пайыз,қала,Астана қаласы,,,,,KZNS,99.5
2013,пайыз,қала,Алматы қаласы,,,,,KZALA,100.0
2013,пайыз,ауыл,,,,,,,99.8
2013,пайыз,ауыл,Ақмола,,,,,KZAKM,99.9
2013,пайыз,ауыл,Ақтөбе,,,,,KZAKT,99.9
2013,пайыз,ауыл,Алматы,,,,,KZALM,100.0
2013,пайыз,ауыл,Атырау,,,,,KZATY,99.8
2013,пайыз,ауыл,Батыс Қазақстан,,,,,KZZAP,99.7
2013,пайыз,ауыл,Жамбыл,,,,,KZZHA,99.4
2013,пайыз,ауыл,Қарағанды,,,,,KZKAR,99.4
2013,пайыз,ауыл,Қостанай,,,,,KZKUS,100.0
2013,пайыз,ауыл,Қызылорда,,,,,KZKZY,99.8
2013,пайыз,ауыл,Маңғыстау,,,,,KZMAN,99.7
2013,пайыз,ауыл,Оңтүстік Қазақстан,,,,,KZONT,99.9
2013,пайыз,ауыл,Павлодар,,,,,KZPAV,99.3
2013,пайыз,ауыл,Солтүстік Қазақстан,,,,,KZSEV,99.8
2013,пайыз,ауыл,Шығыс Қазақстан,,,,,KZVOS,99.8
2014,пайыз,,,,,,,,99.7
2014,пайыз,,Ақмола,,,,,KZAKM,99.9
2014,пайыз,,Ақтөбе,,,,,KZAKT,100.0
2014,пайыз,,Алматы,,,,,KZALM,100.0
2014,пайыз,,Атырау,,,,,KZATY,99.9
2014,пайыз,,Батыс Қазақстан,,,,,KZZAP,99.8
2014,пайыз,,Жамбыл,,,,,KZZHA,99.7
2014,пайыз,,Қарағанды,,,,,KZKAR,99.8
2014,пайыз,,Қостанай,,,,,KZKUS,99.9
2014,пайыз,,Қызылорда,,,,,KZKZY,98.8
2014,пайыз,,Маңғыстау,,,,,KZMAN,99.8
2014,пайыз,,Оңтүстік Қазақстан,,,,,KZONT,99.4
2014,пайыз,,Павлодар,,,,,KZPAV,99.9
2014,пайыз,,Солтүстік Қазақстан,,,,,KZSEV,99.7
2014,пайыз,,Шығыс Қазақстан,,,,,KZVOS,99.9
2014,пайыз,,Астана қаласы,,,,,KZNS,99.7
2014,пайыз,,Алматы қаласы,,,,,KZALA,99.9
2014,пайыз,қала,,,,,,,99.8
2014,пайыз,қала,Ақмола,,,,,KZAKM,99.9
2014,пайыз,қала,Ақтөбе,,,,,KZAKT,100.0
2014,пайыз,қала,Алматы,,,,,KZALM,100.0
2014,пайыз,қала,Атырау,,,,,KZATY,99.9
2014,пайыз,қала,Батыс Қазақстан,,,,,KZZAP,99.8
2014,пайыз,қала,Жамбыл,,,,,KZZHA,99.7
2014,пайыз,қала,Қарағанды,,,,,KZKAR,99.8
2014,пайыз,қала,Қостанай,,,,,KZKUS,100.0
2014,пайыз,қала,Қызылорда,,,,,KZKZY,98.6
2014,пайыз,қала,Маңғыстау,,,,,KZMAN,99.8
2014,пайыз,қала,Оңтүстік Қазақстан,,,,,KZONT,99.4
2014,пайыз,қала,Павлодар,,,,,KZPAV,99.9
2014,пайыз,қала,Солтүстік Қазақстан,,,,,KZSEV,99.8
2014,пайыз,қала,Шығыс Қазақстан,,,,,KZVOS,99.9
2014,пайыз,қала,Астана қаласы,,,,,KZNS,99.7
2014,пайыз,қала,Алматы қаласы,,,,,KZALA,99.9
2014,пайыз,ауыл,,,,,,,99.5
2014,пайыз,ауыл,Ақмола,,,,,KZAKM,100.0
2014,пайыз,ауыл,Ақтөбе,,,,,KZAKT,99.9
2014,пайыз,ауыл,Алматы,,,,,KZALM,100.0
2014,пайыз,ауыл,Атырау,,,,,KZATY,99.9
2014,пайыз,ауыл,Батыс Қазақстан,,,,,KZZAP,99.6
2014,пайыз,ауыл,Жамбыл,,,,,KZZHA,99.6
2014,пайыз,ауыл,Қарағанды,,,,,KZKAR,99.6
2014,пайыз,ауыл,Қостанай,,,,,KZKUS,99.7
2014,пайыз,ауыл,Қызылорда,,,,,KZKZY,99.0
2014,пайыз,ауыл,Маңғыстау,,,,,KZMAN,99.5
2014,пайыз,ауыл,Оңтүстік Қазақстан,,,,,KZONT,99.3
2014,пайыз,ауыл,Павлодар,,,,,KZPAV,99.8
2014,пайыз,ауыл,Солтүстік Қазақстан,,,,,KZSEV,99.4
2014,пайыз,ауыл,Шығыс Қазақстан,,,,,KZVOS,99.4
2015,пайыз,,,,,,,,99.5
2015,пайыз,,Ақмола,,,,,KZAKM,100.0
2015,пайыз,,Ақтөбе,,,,,KZAKT,100.0
2015,пайыз,,Алматы,,,,,KZALM,100.0
2015,пайыз,,Атырау,,,,,KZATY,99.9
2015,пайыз,,Батыс Қазақстан,,,,,KZZAP,99.8
2015,пайыз,,Жамбыл,,,,,KZZHA,99.8
2015,пайыз,,Қарағанды,,,,,KZKAR,99.7
2015,пайыз,,Қостанай,,,,,KZKUS,99.9
2015,пайыз,,Қызылорда,,,,,KZKZY,98.9
2015,пайыз,,Маңғыстау,,,,,KZMAN,99.6
2015,пайыз,,Оңтүстік Қазақстан,,,,,KZONT,98.3
2015,пайыз,,Павлодар,,,,,KZPAV,99.9
2015,пайыз,,Солтүстік Қазақстан,,,,,KZSEV,99.9
2015,пайыз,,Шығыс Қазақстан,,,,,KZVOS,99.9
2015,пайыз,,Астана қаласы,,,,,KZNS,99.7
2015,пайыз,,Алматы қаласы,,,,,KZALA,100.0
2015,пайыз,қала,,,,,,,99.8
2015,пайыз,қала,Ақмола,,,,,KZAKM,99.9
2015,пайыз,қала,Ақтөбе,,,,,KZAKT,100.0
2015,пайыз,қала,Алматы,,,,,KZALM,100.0
2015,пайыз,қала,Атырау,,,,,KZATY,99.9
2015,пайыз,қала,Батыс Қазақстан,,,,,KZZAP,99.8
2015,пайыз,қала,Жамбыл,,,,,KZZHA,99.8
2015,пайыз,қала,Қарағанды,,,,,KZKAR,99.8
2015,пайыз,қала,Қостанай,,,,,KZKUS,99.9
2015,пайыз,қала,Қызылорда,,,,,KZKZY,99.1
2015,пайыз,қала,Маңғыстау,,,,,KZMAN,99.7
2015,пайыз,қала,Оңтүстік Қазақстан,,,,,KZONT,99.8
2015,пайыз,қала,Павлодар,,,,,KZPAV,99.9
2015,пайыз,қала,Солтүстік Қазақстан,,,,,KZSEV,99.9
2015,пайыз,қала,Шығыс Қазақстан,,,,,KZVOS,99.9
2015,пайыз,қала,Астана қаласы,,,,,KZNS,99.7
2015,пайыз,қала,Алматы қаласы,,,,,KZALA,100.0
2015,пайыз,ауыл,,,,,,,98.2
2015,пайыз,ауыл,Ақмола,,,,,KZAKM,100.0
2015,пайыз,ауыл,Ақтөбе,,,,,KZAKT,100.0
2015,пайыз,ауыл,Алматы,,,,,KZALM,100.0
2015,пайыз,ауыл,Атырау,,,,,KZATY,99.4
2015,пайыз,ауыл,Батыс Қазақстан,,,,,KZZAP,99.8
2015,пайыз,ауыл,Жамбыл,,,,,KZZHA,99.7
2015,пайыз,ауыл,Қарағанды,,,,,KZKAR,99.0
2015,пайыз,ауыл,Қостанай,,,,,KZKUS,99.8
2015,пайыз,ауыл,Қызылорда,,,,,KZKZY,98.7
2015,пайыз,ауыл,Маңғыстау,,,,,KZMAN,99.0
2015,пайыз,ауыл,Оңтүстік Қазақстан,,,,,KZONT,96.2
2015,пайыз,ауыл,Павлодар,,,,,KZPAV,99.3
2015,пайыз,ауыл,Солтүстік Қазақстан,,,,,KZSEV,99.9
2015,пайыз,ауыл,Шығыс Қазақстан,,,,,KZVOS,99.4
2016,пайыз,,,,,,,,99.9
2016,пайыз,,Ақмола,,,,,KZAKM,99.9
2016,пайыз,,Ақтөбе,,,,,KZAKT,100.0
2016,пайыз,,Алматы,,,,,KZALM,100.0
2016,пайыз,,Атырау,,,,,KZATY,99.9
2016,пайыз,,Батыс Қазақстан,,,,,KZZAP,99.7
2016,пайыз,,Жамбыл,,,,,KZZHA,99.7
2016,пайыз,,Қарағанды,,,,,KZKAR,99.7
2016,пайыз,,Қостанай,,,,,KZKUS,100.0
2016,пайыз,,Қызылорда,,,,,KZKZY,99.3
2016,пайыз,,Маңғыстау,,,,,KZMAN,99.7
2016,пайыз,,Оңтүстік Қазақстан,,,,,KZONT,100.0
2016,пайыз,,Павлодар,,,,,KZPAV,99.7
2016,пайыз,,Солтүстік Қазақстан,,,,,KZSEV,99.8
2016,пайыз,,Шығыс Қазақстан,,,,,KZVOS,99.9
2016,пайыз,,Астана қаласы,,,,,KZNS,99.8
2016,пайыз,,Алматы қаласы,,,,,KZALA,100.0
2016,пайыз,қала,,,,,,,99.8
2016,пайыз,қала,Ақмола,,,,,KZAKM,99.8
2016,пайыз,қала,Ақтөбе,,,,,KZAKT,100.0
2016,пайыз,қала,Алматы,,,,,KZALM,99.9
2016,пайыз,қала,Атырау,,,,,KZATY,99.9
2016,пайыз,қала,Батыс Қазақстан,,,,,KZZAP,99.8
2016,пайыз,қала,Жамбыл,,,,,KZZHA,99.8
2016,пайыз,қала,Қарағанды,,,,,KZKAR,99.7
2016,пайыз,қала,Қостанай,,,,,KZKUS,100.0
2016,пайыз,қала,Қызылорда,,,,,KZKZY,98.7
2016,пайыз,қала,Маңғыстау,,,,,KZMAN,99.8
2016,пайыз,қала,Оңтүстік Қазақстан,,,,,KZONT,100.0
2016,пайыз,қала,Павлодар,,,,,KZPAV,99.6
2016,пайыз,қала,Солтүстік Қазақстан,,,,,KZSEV,99.9
2016,пайыз,қала,Шығыс Қазақстан,,,,,KZVOS,99.9
2016,пайыз,қала,Астана қаласы,,,,,KZNS,100.0
2016,пайыз,қала,Алматы қаласы,,,,,KZALA,100.0
2016,пайыз,ауыл,,,,,,,99.9
2016,пайыз,ауыл,Ақмола,,,,,KZAKM,100.0
2016,пайыз,ауыл,Ақтөбе,,,,,KZAKT,99.9
2016,пайыз,ауыл,Алматы,,,,,KZALM,99.9
2016,пайыз,ауыл,Атырау,,,,,KZATY,99.9
2016,пайыз,ауыл,Батыс Қазақстан,,,,,KZZAP,99.9
2016,пайыз,ауыл,Жамбыл,,,,,KZZHA,99.9
2016,пайыз,ауыл,Қарағанды,,,,,KZKAR,99.7
2016,пайыз,ауыл,Қостанай,,,,,KZKUS,99.9
2016,пайыз,ауыл,Қызылорда,,,,,KZKZY,99.8
2016,пайыз,ауыл,Маңғыстау,,,,,KZMAN,100.0
2016,пайыз,ауыл,Оңтүстік Қазақстан,,,,,KZONT,99.1
2016,пайыз,ауыл,Павлодар,,,,,KZPAV,99.9
2016,пайыз,ауыл,Солтүстік Қазақстан,,,,,KZSEV,99.7
2016,пайыз,ауыл,Шығыс Қазақстан,,,,,KZVOS,99.9
2017,пайыз,,,,,,,,99.9
2017,пайыз,,Ақмола,,,,,KZAKM,99.8
2017,пайыз,,Ақтөбе,,,,,KZAKT,100.0
2017,пайыз,,Алматы,,,,,KZALM,99.9
2017,пайыз,,Атырау,,,,,KZATY,100.0
2017,пайыз,,Батыс Қазақстан,,,,,KZZAP,99.7
2017,пайыз,,Жамбыл,,,,,KZZHA,99.9
2017,пайыз,,Қарағанды,,,,,KZKAR,99.7
2017,пайыз,,Қостанай,,,,,KZKUS,100.0
2017,пайыз,,Қызылорда,,,,,KZKZY,100.0
2017,пайыз,,Маңғыстау,,,,,KZMAN,99.7
2017,пайыз,,Оңтүстік Қазақстан,,,,,KZONT,99.8
2017,пайыз,,Павлодар,,,,,KZPAV,99.9
2017,пайыз,,Солтүстік Қазақстан,,,,,KZSEV,99.8
2017,пайыз,,Шығыс Қазақстан,,,,,KZVOS,99.9
2017,пайыз,,Астана қаласы,,,,,KZNS,99.9
2017,пайыз,,Алматы қаласы,,,,,KZALA,100.0
2017,пайыз,қала,,,,,,,99.9
2017,пайыз,қала,Ақмола,,,,,KZAKM,99.2
2017,пайыз,қала,Ақтөбе,,,,,KZAKT,99.9
2017,пайыз,қала,Алматы,,,,,KZALM,99.9
2017,пайыз,қала,Атырау,,,,,KZATY,99.9
2017,пайыз,қала,Батыс Қазақстан,,,,,KZZAP,99.6
2017,пайыз,қала,Жамбыл,,,,,KZZHA,99.9
2017,пайыз,қала,Қарағанды,,,,,KZKAR,99.8
2017,пайыз,қала,Қостанай,,,,,KZKUS,99.9
2017,пайыз,қала,Қызылорда,,,,,KZKZY,99.9
2017,пайыз,қала,Маңғыстау,,,,,KZMAN,99.7
2017,пайыз,қала,Оңтүстік Қазақстан,,,,,KZONT,99.7
2017,пайыз,қала,Павлодар,,,,,KZPAV,99.9
2017,пайыз,қала,Солтүстік Қазақстан,,,,,KZSEV,99.8
2017,пайыз,қала,Шығыс Қазақстан,,,,,KZVOS,100.0
2017,пайыз,қала,Астана қаласы,,,,,KZNS,100.0
2017,пайыз,қала,Алматы қаласы,,,,,KZALA,100.0
2017,пайыз,ауыл,,,,,,,99.9
2017,пайыз,ауыл,Ақмола,,,,,KZAKM,94.0
2017,пайыз,ауыл,Ақтөбе,,,,,KZAKT,100.0
2017,пайыз,ауыл,Алматы,,,,,KZALM,99.9
2017,пайыз,ауыл,Атырау,,,,,KZATY,99.8
2017,пайыз,ауыл,Батыс Қазақстан,,,,,KZZAP,99.9
2017,пайыз,ауыл,Жамбыл,,,,,KZZHA,99.9
2017,пайыз,ауыл,Қарағанды,,,,,KZKAR,98.2
2017,пайыз,ауыл,Қостанай,,,,,KZKUS,99.9
2017,пайыз,ауыл,Қызылорда,,,,,KZKZY,99.9
2017,пайыз,ауыл,Маңғыстау,,,,,KZMAN,99.9
2017,пайыз,ауыл,Оңтүстік Қазақстан,,,,,KZONT,99.9
2017,пайыз,ауыл,Павлодар,,,,,KZPAV,99.1
2017,пайыз,ауыл,Солтүстік Қазақстан,,,,,KZSEV,99.3
2017,пайыз,ауыл,Шығыс Қазақстан,,,,,KZVOS,99.4
2018,пайыз,,,,,,,,99.9
2018,пайыз,,Ақмола,,,,,KZAKM,99.9
2018,пайыз,,Ақтөбе,,,,,KZAKT,100.0
2018,пайыз,,Алматы,,,,,KZALM,100.0
2018,пайыз,,Атырау,,,,,KZATY,100.0
2018,пайыз,,Батыс Қазақстан,,,,,KZZAP,99.8
2018,пайыз,,Жамбыл,,,,,KZZHA,99.9
2018,пайыз,,Қарағанды,,,,,KZKAR,99.8
2018,пайыз,,Қостанай,,,,,KZKUS,100.0
2018,пайыз,,Қызылорда,,,,,KZKZY,100.0
2018,пайыз,,Маңғыстау,,,,,KZMAN,99.8
2018,пайыз,,Павлодар,,,,,KZPAV,99.9
2018,пайыз,,Солтүстік Қазақстан,,,,,KZSEV,99.9
2018,пайыз,,Түркістан,,,,,KZYUZ,99.9
2018,пайыз,,Шығыс Қазақстан,,,,,KZVOS,100.0
2018,пайыз,,Астана қаласы,,,,,KZNS,99.9
2018,пайыз,,Алматы қаласы,,,,,KZALA,100.0
2018,пайыз,,Шымкент қаласы,,,,,KZSHY,99.9
2018,пайыз,қала,,,,,,,99.90285358
2018,пайыз,қала,Ақмола,,,,,KZAKM,99.67732177
2018,пайыз,қала,Ақтөбе,,,,,KZAKT,99.57688453
2018,пайыз,қала,Алматы,,,,,KZALM,99.95825361
2018,пайыз,қала,Атырау,,,,,KZATY,99.66018124
2018,пайыз,қала,Батыс Қазақстан,,,,,KZZAP,99.79395604
2018,пайыз,қала,Жамбыл,,,,,KZZHA,99.92751603
2018,пайыз,қала,Қарағанды,,,,,KZKAR,99.71934272
2018,пайыз,қала,Қостанай,,,,,KZKUS,99.96871415
2018,пайыз,қала,Қызылорда,,,,,KZKZY,99.76907363
2018,пайыз,қала,Маңғыстау,,,,,KZMAN,99.71410954
2018,пайыз,қала,Павлодар,,,,,KZPAV,99.83043284
2018,пайыз,қала,Солтүстік Қазақстан,,,,,KZSEV,99.74137931
2018,пайыз,қала,Түркістан,,,,,KZYUZ,99.15737212
2018,пайыз,қала,Шығыс Қазақстан,,,,,KZVOS,99.85781028
2018,пайыз,қала,Астана қаласы,,,,,KZNS,99.8
2018,пайыз,қала,Алматы қаласы,,,,,KZALA,99.8
2018,пайыз,қала,Шымкент қаласы,,,,,KZSHY,99.2
2018,пайыз,ауыл,,,,,,,99.8
2018,пайыз,ауыл,Ақмола,,,,,KZAKM,99.9
2018,пайыз,ауыл,Ақтөбе,,,,,KZAKT,99.9
2018,пайыз,ауыл,Алматы,,,,,KZALM,100.0
2018,пайыз,ауыл,Атырау,,,,,KZATY,100.0
2018,пайыз,ауыл,Батыс Қазақстан,,,,,KZZAP,100.0
2018,пайыз,ауыл,Жамбыл,,,,,KZZHA,99.9
2018,пайыз,ауыл,Қарағанды,,,,,KZKAR,99.6
2018,пайыз,ауыл,Қостанай,,,,,KZKUS,99.9
2018,пайыз,ауыл,Қызылорда,,,,,KZKZY,99.7
2018,пайыз,ауыл,Маңғыстау,,,,,KZMAN,99.3
2018,пайыз,ауыл,Павлодар,,,,,KZPAV,99.8
2018,пайыз,ауыл,Солтүстік Қазақстан,,,,,KZSEV,100.0
2018,пайыз,ауыл,Түркістан,,,,,KZYUZ,99.7
2018,пайыз,ауыл,Шығыс Қазақстан,,,,,KZVOS,100.0
2019,пайыз,,,,,,,,99.9
2019,пайыз,,Ақмола,,,,,KZAKM,99.9
2019,пайыз,,Ақтөбе,,,,,KZAKT,100.0
2019,пайыз,,Алматы,,,,,KZALM,100.0
2019,пайыз,,Атырау,,,,,KZATY,100.0
2019,пайыз,,Батыс Қазақстан,,,,,KZZAP,99.8
2019,пайыз,,Жамбыл,,,,,KZZHA,99.9
2019,пайыз,,Қарағанды,,,,,KZKAR,99.9
2019,пайыз,,Қостанай,,,,,KZKUS,100.0
2019,пайыз,,Қызылорда,,,,,KZKZY,100.0
2019,пайыз,,Маңғыстау,,,,,KZMAN,99.9
2019,пайыз,,Павлодар,,,,,KZPAV,99.9
2019,пайыз,,Солтүстік Қазақстан,,,,,KZSEV,99.9
2019,пайыз,,Түркістан,,,,,KZYUZ,99.9
2019,пайыз,,Шығыс Қазақстан,,,,,KZVOS,100.0
2019,пайыз,,Астана қаласы,,,,,KZNS,100.0
2019,пайыз,,Алматы қаласы,,,,,KZALA,100.0
2019,пайыз,,Шымкент қаласы,,,,,KZSHY,99.9
2019,пайыз,қала,,,,,,,99.9
2019,пайыз,қала,Ақмола,,,,,KZAKM,99.8
2019,пайыз,қала,Ақтөбе,,,,,KZAKT,99.7
2019,пайыз,қала,Алматы,,,,,KZALM,100.0
2019,пайыз,қала,Атырау,,,,,KZATY,99.8
2019,пайыз,қала,Батыс Қазақстан,,,,,KZZAP,99.9
2019,пайыз,қала,Жамбыл,,,,,KZZHA,99.9
2019,пайыз,қала,Қарағанды,,,,,KZKAR,99.8
2019,пайыз,қала,Қостанай,,,,,KZKUS,100.0
2019,пайыз,қала,Қызылорда,,,,,KZKZY,99.9
2019,пайыз,қала,Маңғыстау,,,,,KZMAN,99.8
2019,пайыз,қала,Павлодар,,,,,KZPAV,99.9
2019,пайыз,қала,Солтүстік Қазақстан,,,,,KZSEV,99.8
2019,пайыз,қала,Түркістан,,,,,KZYUZ,99.4
2019,пайыз,қала,Шығыс Қазақстан,,,,,KZVOS,99.9
2019,пайыз,қала,Астана қаласы,,,,,KZNS,99.9
2019,пайыз,қала,Алматы қаласы,,,,,KZALA,99.9
2019,пайыз,қала,Шымкент қаласы,,,,,KZSHY,99.3
2019,пайыз,ауыл,,,,,,,99.8
2019,пайыз,ауыл,Ақмола,,,,,KZAKM,99.9
2019,пайыз,ауыл,Ақтөбе,,,,,KZAKT,99.9
2019,пайыз,ауыл,Алматы,,,,,KZALM,100.0
2019,пайыз,ауыл,Атырау,,,,,KZATY,100.0
2019,пайыз,ауыл,Батыс Қазақстан,,,,,KZZAP,100.0
2019,пайыз,ауыл,Жамбыл,,,,,KZZHA,99.9
2019,пайыз,ауыл,Қарағанды,,,,,KZKAR,99.6
2019,пайыз,ауыл,Қостанай,,,,,KZKUS,99.9
2019,пайыз,ауыл,Қызылорда,,,,,KZKZY,99.8
2019,пайыз,ауыл,Маңғыстау,,,,,KZMAN,99.4
2019,пайыз,ауыл,Павлодар,,,,,KZPAV,99.9
2019,пайыз,ауыл,Солтүстік Қазақстан,,,,,KZSEV,100.0
2019,пайыз,ауыл,Түркістан,,,,,KZYUZ,99.8
2019,пайыз,ауыл,Шығыс Қазақстан,,,,,KZVOS,100.0
2020,пайыз,,,,,,,,99.9
2020,пайыз,,Ақмола,,,,,KZAKM,99.8
2020,пайыз,,Ақтөбе,,,,,KZAKT,100.0
2020,пайыз,,Алматы,,,,,KZALM,99.9
2020,пайыз,,Атырау,,,,,KZATY,99.9
2020,пайыз,,Батыс Қазақстан,,,,,KZZAP,99.7
2020,пайыз,,Жамбыл,,,,,KZZHA,99.7
2020,пайыз,,Қарағанды,,,,,KZKAR,99.7
2020,пайыз,,Қостанай,,,,,KZKUS,99.7
2020,пайыз,,Қызылорда,,,,,KZKZY,99.9
2020,пайыз,,Маңғыстау,,,,,KZMAN,99.8
2020,пайыз,,Павлодар,,,,,KZPAV,99.9
2020,пайыз,,Солтүстік Қазақстан,,,,,KZSEV,99.8
2020,пайыз,,Түркістан,,,,,KZYUZ,99.9
2020,пайыз,,Шығыс Қазақстан,,,,,KZVOS,99.9
2020,пайыз,,Астана қаласы,,,,,KZNS,99.9
2020,пайыз,,Алматы қаласы,,,,,KZALA,100.0
2020,пайыз,,Шымкент қаласы,,,,,KZSHY,99.9
2020,пайыз,қала,,,,,,,99.9
2020,пайыз,қала,Ақмола,,,,,KZAKM,99.9
2020,пайыз,қала,Ақтөбе,,,,,KZAKT,100.0
2020,пайыз,қала,Алматы,,,,,KZALM,100.0
2020,пайыз,қала,Атырау,,,,,KZATY,100.0
2020,пайыз,қала,Батыс Қазақстан,,,,,KZZAP,99.7
2020,пайыз,қала,Жамбыл,,,,,KZZHA,99.7
2020,пайыз,қала,Қарағанды,,,,,KZKAR,99.8
2020,пайыз,қала,Қостанай,,,,,KZKUS,99.8
2020,пайыз,қала,Қызылорда,,,,,KZKZY,100.0
2020,пайыз,қала,Маңғыстау,,,,,KZMAN,99.8
2020,пайыз,қала,Павлодар,,,,,KZPAV,99.9
2020,пайыз,қала,Солтүстік Қазақстан,,,,,KZSEV,99.9
2020,пайыз,қала,Түркістан,,,,,KZYUZ,99.9
2020,пайыз,қала,Шығыс Қазақстан,,,,,KZVOS,100.0
2020,пайыз,қала,Астана қаласы,,,,,KZNS,100.0
2020,пайыз,қала,Алматы қаласы,,,,,KZALA,100.0
2020,пайыз,қала,Шымкент қаласы,,,,,KZSHY,100.0
2020,пайыз,ауыл,,,,,,,99.8
2020,пайыз,ауыл,Ақмола,,,,,KZAKM,99.4
2020,пайыз,ауыл,Ақтөбе,,,,,KZAKT,100.0
2020,пайыз,ауыл,Алматы,,,,,KZALM,99.9
2020,пайыз,ауыл,Атырау,,,,,KZATY,99.7
2020,пайыз,ауыл,Батыс Қазақстан,,,,,KZZAP,99.7
2020,пайыз,ауыл,Жамбыл,,,,,KZZHA,99.7
2020,пайыз,ауыл,Қарағанды,,,,,KZKAR,98.0
2020,пайыз,ауыл,Қостанай,,,,,KZKUS,99.5
2020,пайыз,ауыл,Қызылорда,,,,,KZKZY,99.8
2020,пайыз,ауыл,Маңғыстау,,,,,KZMAN,99.7
2020,пайыз,ауыл,Павлодар,,,,,KZPAV,99.2
2020,пайыз,ауыл,Солтүстік Қазақстан,,,,,KZSEV,99.4
2020,пайыз,ауыл,Түркістан,,,,,KZYUZ,100.0
2020,пайыз,ауыл,Шығыс Қазақстан,,,,,KZVOS,99.8
2021,пайыз,,,,,,,,99.9
2021,пайыз,,Ақмола,,,,,KZAKM,100.0
2021,пайыз,,Ақтөбе,,,,,KZAKT,99.9
2021,пайыз,,Алматы,,,,,KZALM,100.0
2021,пайыз,,Атырау,,,,,KZATY,99.9
2021,пайыз,,Батыс Қазақстан,,,,,KZZAP,99.6
2021,пайыз,,Жамбыл,,,,,KZZHA,99.9
2021,пайыз,,Қарағанды,,,,,KZKAR,99.8
2021,пайыз,,Қостанай,,,,,KZKUS,99.7
2021,пайыз,,Қызылорда,,,,,KZKZY,99.9
2021,пайыз,,Маңғыстау,,,,,KZMAN,99.7
2021,пайыз,,Павлодар,,,,,KZPAV,100.0
2021,пайыз,,Солтүстік Қазақстан,,,,,KZSEV,99.9
2021,пайыз,,Түркістан,,,,,KZYUZ,100.0
2021,пайыз,,Шығыс Қазақстан,,,,,KZVOS,99.9
2021,пайыз,,Астана қаласы,,,,,KZNS,99.9
2021,пайыз,,Алматы қаласы,,,,,KZALA,99.9
2021,пайыз,,Шымкент қаласы,,,,,KZSHY,99.9
2021,пайыз,қала,,,,,,,99.9
2021,пайыз,қала,Ақмола,,,,,KZAKM,100.0
2021,пайыз,қала,Ақтөбе,,,,,KZAKT,100.0
2021,пайыз,қала,Алматы,,,,,KZALM,99.9
2021,пайыз,қала,Атырау,,,,,KZATY,100.0
2021,пайыз,қала,Батыс Қазақстан,,,,,KZZAP,99.6
2021,пайыз,қала,Жамбыл,,,,,KZZHA,100.0
2021,пайыз,қала,Қарағанды,,,,,KZKAR,99.9
2021,пайыз,қала,Қостанай,,,,,KZKUS,99.8
2021,пайыз,қала,Қызылорда,,,,,KZKZY,100.0
2021,пайыз,қала,Маңғыстау,,,,,KZMAN,99.7
2021,пайыз,қала,Павлодар,,,,,KZPAV,100.0
2021,пайыз,қала,Солтүстік Қазақстан,,,,,KZSEV,99.9
2021,пайыз,қала,Түркістан,,,,,KZYUZ,100.0
2021,пайыз,қала,Шығыс Қазақстан,,,,,KZVOS,100.0
2021,пайыз,қала,Астана қаласы,,,,,KZNS,99.9
2021,пайыз,қала,Алматы қаласы,,,,,KZALA,99.9
2021,пайыз,қала,Шымкент қаласы,,,,,KZSHY,99.9
2021,пайыз,ауыл,,,,,,,99.9
2021,пайыз,ауыл,Ақмола,,,,,KZAKM,100.0
2021,пайыз,ауыл,Ақтөбе,,,,,KZAKT,99.6
2021,пайыз,ауыл,Алматы,,,,,KZALM,100.0
2021,пайыз,ауыл,Атырау,,,,,KZATY,99.7
2021,пайыз,ауыл,Батыс Қазақстан,,,,,KZZAP,99.6
2021,пайыз,ауыл,Жамбыл,,,,,KZZHA,99.8
2021,пайыз,ауыл,Қарағанды,,,,,KZKAR,95.8
2021,пайыз,ауыл,Қостанай,,,,,KZKUS,99.5
2021,пайыз,ауыл,Қызылорда,,,,,KZKZY,99.7
2021,пайыз,ауыл,Маңғыстау,,,,,KZMAN,99.8
2021,пайыз,ауыл,Павлодар,,,,,KZPAV,100.0
2021,пайыз,ауыл,Солтүстік Қазақстан,,,,,KZSEV,99.8
2021,пайыз,ауыл,Түркістан,,,,,KZYUZ,99.9
2021,пайыз,ауыл,Шығыс Қазақстан,,,,,KZVOS,99.6
2022,пайыз,,,,,,,,99.7
2022,пайыз,,Абай,,,,,KZABY,99.8
2022,пайыз,,Ақмола,,,,,KZAKM,100.0
2022,пайыз,,Ақтөбе,,,,,KZAKT,100.0
2022,пайыз,,Алматы,,,,,KZALM,100.0
2022,пайыз,,Атырау,,,,,KZATY,99.7
2022,пайыз,,Батыс Қазақстан,,,,,KZZAP,100.0
2022,пайыз,,Жамбыл,,,,,KZZHA,99.9
2022,пайыз,,Жетісу,,,,,KZZHS,100.0
2022,пайыз,,Қарағанды,,,,,KZKAR,99.6
2022,пайыз,,Қостанай,,,,,KZKUS,99.6
2022,пайыз,,Қызылорда,,,,,KZKZY,99.6
2022,пайыз,,Маңғыстау,,,,,KZMAN,99.6
2022,пайыз,,Павлодар,,,,,KZPAV,99.8
2022,пайыз,,Солтүстік Қазақстан,,,,,KZSEV,100.0
2022,пайыз,,Түркістан,,,,,KZYUZ,99.4
2022,пайыз,,Шығыс Қазақстан,,,,,KZVOS,99.7
2022,пайыз,,Ұлытау,,,,,KZULU,99.6
2022,пайыз,,Астана қаласы,,,,,KZNS,99.9
2022,пайыз,,Алматы қаласы,,,,,KZALA,99.8
2022,пайыз,,Шымкент қаласы,,,,,KZSHY,99.4
2022,пайыз,қала,,,,,,,99.7
2022,пайыз,қала,Абай,,,,,KZABY,99.8
2022,пайыз,қала,Ақмола,,,,,KZAKM,100.1
2022,пайыз,қала,Ақтөбе,,,,,KZAKT,100.0
2022,пайыз,қала,Алматы,,,,,KZALM,100.3
2022,пайыз,қала,Атырау,,,,,KZATY,99.7
2022,пайыз,қала,Батыс Қазақстан,,,,,KZZAP,100.0
2022,пайыз,қала,Жамбыл,,,,,KZZHA,99.9
2022,пайыз,қала,Жетісу,,,,,KZZHS,100.0
2022,пайыз,қала,Қарағанды,,,,,KZKAR,99.6
2022,пайыз,қала,Қостанай,,,,,KZKUS,99.6
2022,пайыз,қала,Қызылорда,,,,,KZKZY,99.3
2022,пайыз,қала,Маңғыстау,,,,,KZMAN,99.6
2022,пайыз,қала,Павлодар,,,,,KZPAV,99.8
2022,пайыз,қала,Солтүстік Қазақстан,,,,,KZSEV,100.0
2022,пайыз,қала,Түркістан,,,,,KZYUZ,99.5
2022,пайыз,қала,Шығыс Қазақстан,,,,,KZVOS,99.7
2022,пайыз,қала,Ұлытау,,,,,KZULU,99.6
2022,пайыз,қала,Астана қаласы,,,,,KZNS,99.9
2022,пайыз,қала,Алматы қаласы,,,,,KZALA,99.8
2022,пайыз,қала,Шымкент қаласы,,,,,KZSHY,99.3
2022,пайыз,ауыл,,,,,,,99.5
2022,пайыз,ауыл,Абай,,,,,KZABY,99.6
2022,пайыз,ауыл,Ақмола,,,,,KZAKM,99.5
2022,пайыз,ауыл,Ақтөбе,,,,,KZAKT,100.0
2022,пайыз,ауыл,Алматы,,,,,KZALM,99.8
2022,пайыз,ауыл,Атырау,,,,,KZATY,100.0
2022,пайыз,ауыл,Батыс Қазақстан,,,,,KZZAP,100.0
2022,пайыз,ауыл,Жамбыл,,,,,KZZHA,100.0
2022,пайыз,ауыл,Жетісу,,,,,KZZHS,100.0
2022,пайыз,ауыл,Қарағанды,,,,,KZKAR,100.0
2022,пайыз,ауыл,Қостанай,,,,,KZKUS,100.0
2022,пайыз,ауыл,Қызылорда,,,,,KZKZY,100.0
2022,пайыз,ауыл,Маңғыстау,,,,,KZMAN,100.0
2022,пайыз,ауыл,Павлодар,,,,,KZPAV,99.8
2022,пайыз,ауыл,Солтүстік Қазақстан,,,,,KZSEV,100.0
2022,пайыз,ауыл,Түркістан,,,,,KZYUZ,99.3
2022,пайыз,ауыл,Шығыс Қазақстан,,,,,KZVOS,100.0
2022,пайыз,ауыл,Ұлытау,,,,,KZULU,100.0
2023,пайыз,,,,,,,,98.7
2023,пайыз,,Абай,,,,,KZABY,100.0
2023,пайыз,,Ақмола,,,,,KZAKM,94.3
2023,пайыз,,Ақтөбе,,,,,KZAKT,100.0
2023,пайыз,,Алматы,,,,,KZALM,99.7
2023,пайыз,,Атырау,,,,,KZATY,98.2
2023,пайыз,,Батыс Қазақстан,,,,,KZZAP,100.0
2023,пайыз,,Жамбыл,,,,,KZZHA,98.6
2023,пайыз,,Жетісу,,,,,KZZHS,99.0
2023,пайыз,,Қарағанды,,,,,KZKAR,99.3
2023,пайыз,,Қостанай,,,,,KZKUS,99.1
2023,пайыз,,Қызылорда,,,,,KZKZY,98.8
2023,пайыз,,Маңғыстау,,,,,KZMAN,97.9
2023,пайыз,,Павлодар,,,,,KZPAV,99.7
2023,пайыз,,Солтүстік Қазақстан,,,,,KZSEV,99.0
2023,пайыз,,Түркістан,,,,,KZYUZ,99.8
2023,пайыз,,Шығыс Қазақстан,,,,,KZVOS,99.8
2023,пайыз,,Ұлытау,,,,,KZULU,97.9
2023,пайыз,,Астана қаласы,,,,,KZNS,93.7
2023,пайыз,,Алматы қаласы,,,,,KZALA,98.6
2023,пайыз,,Шымкент қаласы,,,,,KZSHY,100.0
2023,пайыз,қала,,,,,,,98.3
2023,пайыз,қала,Абай,,,,,KZABY,100.0
2023,пайыз,қала,Ақмола,,,,,KZAKM,94.2
2023,пайыз,қала,Ақтөбе,,,,,KZAKT,100.0
2023,пайыз,қала,Алматы,,,,,KZALM,100.0
2023,пайыз,қала,Атырау,,,,,KZATY,97.5
2023,пайыз,қала,Батыс Қазақстан,,,,,KZZAP,99.9
2023,пайыз,қала,Жамбыл,,,,,KZZHA,99.1
2023,пайыз,қала,Жетісу,,,,,KZZHS,98.4
2023,пайыз,қала,Қарағанды,,,,,KZKAR,99.4
2023,пайыз,қала,Қостанай,,,,,KZKUS,99.0
2023,пайыз,қала,Қызылорда,,,,,KZKZY,98.4
2023,пайыз,қала,Маңғыстау,,,,,KZMAN,96.6
2023,пайыз,қала,Павлодар,,,,,KZPAV,100.1
2023,пайыз,қала,Солтүстік Қазақстан,,,,,KZSEV,99.1
2023,пайыз,қала,Түркістан,,,,,KZYUZ,99.2
2023,пайыз,қала,Шығыс Қазақстан,,,,,KZVOS,99.9
2023,пайыз,қала,Ұлытау,,,,,KZULU,97.5
2023,пайыз,қала,Астана қаласы,,,,,KZNS,93.7
2023,пайыз,қала,Алматы қаласы,,,,,KZALA,98.6
2023,пайыз,қала,Шымкент қаласы,,,,,KZSHY,100.0
2023,пайыз,ауыл,,,,,,,99.3
2023,пайыз,ауыл,Абай,,,,,KZABY,100.0
2023,пайыз,ауыл,Ақмола,,,,,KZAKM,94.5
2023,пайыз,ауыл,Ақтөбе,,,,,KZAKT,100.0
2023,пайыз,ауыл,Алматы,,,,,KZALM,99.4
2023,пайыз,ауыл,Атырау,,,,,KZATY,99.4
2023,пайыз,ауыл,Батыс Қазақстан,,,,,KZZAP,100.0
2023,пайыз,ауыл,Жамбыл,,,,,KZZHA,98.2
2023,пайыз,ауыл,Жетісу,,,,,KZZHS,99.6
2023,пайыз,ауыл,Қарағанды,,,,,KZKAR,98.6
2023,пайыз,ауыл,Қостанай,,,,,KZKUS,99.4
2023,пайыз,ауыл,Қызылорда,,,,,KZKZY,99.3
2023,пайыз,ауыл,Маңғыстау,,,,,KZMAN,99.7
2023,пайыз,ауыл,Павлодар,,,,,KZPAV,98.4
2023,пайыз,ауыл,Солтүстік Қазақстан,,,,,KZSEV,98.8
2023,пайыз,ауыл,Түркістан,,,,,KZYUZ,100.0
2023,пайыз,ауыл,Шығыс Қазақстан,,,,,KZVOS,99.7
2023,пайыз,ауыл,Ұлытау,,,,,KZULU,99.8
