Year,Жасы,Аймақ,Өңірлер,GeoCode,Value
2010,10 жастан 14 жасқа дейін,,,,0.0443645094571824
2010,10 жастан 14 жасқа дейін,,Ақмола,KZAKM,0.1219586560156107
2010,10 жастан 14 жасқа дейін,,Ақтөбе,KZAKT,0.0
2010,10 жастан 14 жасқа дейін,,Алматы,KZALM,0.04647056089967
2010,10 жастан 14 жасқа дейін,,Атырау,KZATY,0.0
2010,10 жастан 14 жасқа дейін,,Батыс Қазақстан,KZZAP,0.0
2010,10 жастан 14 жасқа дейін,,Жамбыл,KZZHA,0.0241837968561064
2010,10 жастан 14 жасқа дейін,,Қарағанды,KZKAR,0.0715751300281528
2010,10 жастан 14 жасқа дейін,,Қостанай,KZKUS,0.1171623284060065
2010,10 жастан 14 жасқа дейін,,Қызылорда,KZKZY,0.0325839035516454
2010,10 жастан 14 жасқа дейін,,Маңғыстау,KZMAN,0.0
2010,10 жастан 14 жасқа дейін,,Оңтүстік Қазақстан,KZONT,0.0084840669223198
2010,10 жастан 14 жасқа дейін,,Павлодар,KZPAV,0.09388349058818
2010,10 жастан 14 жасқа дейін,,Солтүстік Қазақстан,KZSEV,0.0575208513085993
2010,10 жастан 14 жасқа дейін,,Шығыс Қазақстан,KZVOS,0.0749185261028631
2010,10 жастан 14 жасқа дейін,,Нұр-Сұлтан қаласы,KZNS,0.1196530062817828
2010,10 жастан 14 жасқа дейін,,Алматы қаласы,KZALA,0.0591794765575298
2010,10 жастан 14 жасқа дейін,қала,,,0.0607826526309391
2010,10 жастан 14 жасқа дейін,қала,Ақмола,KZAKM,0.2980477869951815
2010,10 жастан 14 жасқа дейін,қала,Ақтөбе,KZAKT,0.0
2010,10 жастан 14 жасқа дейін,қала,Алматы,KZALM,0.2098489087856743
2010,10 жастан 14 жасқа дейін,қала,Атырау,KZATY,0.0
2010,10 жастан 14 жасқа дейін,қала,Батыс Қазақстан,KZZAP,0.0
2010,10 жастан 14 жасқа дейін,қала,Жамбыл,KZZHA,0.0643045463314256
2010,10 жастан 14 жасқа дейін,қала,Қарағанды,KZKAR,0.0990769332386598
2010,10 жастан 14 жасқа дейін,қала,Қостанай,KZKUS,0.2787974536499233
2010,10 жастан 14 жасқа дейін,қала,Қызылорда,KZKZY,0.0859217253082441
2010,10 жастан 14 жасқа дейін,қала,Маңғыстау,KZMAN,0.0
2010,10 жастан 14 жасқа дейін,қала,Оңтүстік Қазақстан,KZONT,0.0
2010,10 жастан 14 жасқа дейін,қала,Павлодар,KZPAV,0.0
2010,10 жастан 14 жасқа дейін,қала,Солтүстік Қазақстан,KZSEV,0.0
2010,10 жастан 14 жасқа дейін,қала,Шығыс Қазақстан,KZVOS,0.1009107192411513
2010,10 жастан 14 жасқа дейін,қала,Нұр-Сұлтан қаласы,KZNS,0.0
2010,10 жастан 14 жасқа дейін,қала,Алматы қаласы,KZALA,0.0
2010,10 жастан 14 жасқа дейін,ауыл,,,0.0299719762022508
2010,10 жастан 14 жасқа дейін,ауыл,Ақмола,KZAKM,0.0
2010,10 жастан 14 жасқа дейін,ауыл,Ақтөбе,KZAKT,0.0
2010,10 жастан 14 жасқа дейін,ауыл,Алматы,KZALM,0.0
2010,10 жастан 14 жасқа дейін,ауыл,Атырау,KZATY,0.0
2010,10 жастан 14 жасқа дейін,ауыл,Батыс Қазақстан,KZZAP,0.0
2010,10 жастан 14 жасқа дейін,ауыл,Жамбыл,KZZHA,0.0
2010,10 жастан 14 жасқа дейін,ауыл,Қарағанды,KZKAR,0.0
2010,10 жастан 14 жасқа дейін,ауыл,Қостанай,KZKUS,0.0
2010,10 жастан 14 жасқа дейін,ауыл,Қызылорда,KZKZY,0.0
2010,10 жастан 14 жасқа дейін,ауыл,Маңғыстау,KZMAN,0.0
2010,10 жастан 14 жасқа дейін,ауыл,Оңтүстік Қазақстан,KZONT,0.0130032247997503
2010,10 жастан 14 жасқа дейін,ауыл,Павлодар,KZPAV,0.2499843759765014
2010,10 жастан 14 жасқа дейін,ауыл,Солтүстік Қазақстан,KZSEV,0.082314689056262
2010,10 жастан 14 жасқа дейін,ауыл,Шығыс Қазақстан,KZVOS,0.0494462025316455
2010,15-19,,,,28.26355987484842
2010,,,Ақмола,KZAKM,33.42636895268474
2010,,,Ақтөбе,KZAKT,21.83937167468964
2010,,,Алматы,KZALM,30.749137046366265
2010,,,Атырау,KZATY,42.38024950967507
2010,,,Батыс Қазақстан,KZZAP,26.085191949379237
2010,,,Жамбыл,KZZHA,36.693411909928926
2010,,,Қарағанды,KZKAR,29.27261975162626
2010,,,Қостанай,KZKUS,25.815217391304348
2010,,,Қызылорда,KZKZY,23.19021361645428
2010,,,Маңғыстау,KZMAN,39.68056934789805
2010,,,Оңтүстік Қазақстан,KZONT,30.066937342258317
2010,,,Павлодар,KZPAV,27.55850506461753
2010,,,Солтүстік Қазақстан,KZSEV,31.21505777115169
2010,,,Шығыс Қазақстан,KZVOS,24.93887089352257
2010,,,Нұр-Сұлтан қаласы,KZNS,22.6027397260274
2010,,,Алматы қаласы,KZALA,13.9711779772839
2010,,қала,,,25.759867297653315
2010,,қала,Ақмола,KZAKM,31.138429828112923
2010,,қала,Ақтөбе,KZAKT,20.66295368434129
2010,,қала,Алматы,KZALM,32.142952966113064
2010,,қала,Атырау,KZATY,49.518066785436936
2010,,қала,Батыс Қазақстан,KZZAP,30.549045865416804
2010,,қала,Жамбыл,KZZHA,27.976146653905616
2010,,қала,Қарағанды,KZKAR,29.81473502800517
2010,,қала,Қостанай,KZKUS,21.052010850336124
2010,,қала,Қызылорда,KZKZY,29.322548028311427
2010,,қала,Маңғыстау,KZMAN,35.9752670039348
2010,,қала,Оңтүстік Қазақстан,KZONT,29.42766664092068
2010,,қала,Павлодар,KZPAV,25.58139534883721
2010,,қала,Солтүстік Қазақстан,KZSEV,25.082672989330504
2010,,қала,Шығыс Қазақстан,KZVOS,22.30483271375465
2010,,қала,Нұр-Сұлтан қаласы,KZNS,22.6027397260274
2010,,қала,Алматы қаласы,KZALA,13.9711779772839
2010,,ауыл,,,31.026544706337727
2010,,ауыл,Ақмола,KZAKM,35.308724222511586
2010,,ауыл,Ақтөбе,KZAKT,23.69374367677295
2010,,ауыл,Алматы,KZALM,30.32854575189857
2010,,ауыл,Атырау,KZATY,36.71189146049481
2010,,ауыл,Батыс Қазақстан,KZZAP,22.56606512487216
2010,,ауыл,Жамбыл,KZZHA,42.64299472405996
2010,,ауыл,Қарағанды,KZKAR,27.6408907332617
2010,,ауыл,Қостанай,KZKUS,30.21230266739249
2010,,ауыл,Қызылорда,KZKZY,18.739144262054456
2010,,ауыл,Маңғыстау,KZMAN,43.61929150661545
2010,,ауыл,Оңтүстік Қазақстан,KZONT,30.478964038804985
2010,,ауыл,Павлодар,KZPAV,31.16370808678501
2010,,ауыл,Солтүстік Қазақстан,KZSEV,34.86859224564143
2010,,ауыл,Шығыс Қазақстан,KZVOS,28.57756768371293
2011,10 жастан 14 жасқа дейін,,,,0.0211100546310622
2011,10 жастан 14 жасқа дейін,,Ақмола,KZAKM,0.0
2011,10 жастан 14 жасқа дейін,,Ақтөбе,KZAKT,0.0781188969611749
2011,10 жастан 14 жасқа дейін,,Алматы,KZALM,0.0
2011,10 жастан 14 жасқа дейін,,Атырау,KZATY,0.0482648776485351
2011,10 жастан 14 жасқа дейін,,Батыс Қазақстан,KZZAP,0.0517170045510963
2011,10 жастан 14 жасқа дейін,,Жамбыл,KZZHA,0.0479639311237949
2011,10 жастан 14 жасқа дейін,,Қарағанды,KZKAR,0.0242789161891813
2011,10 жастан 14 жасқа дейін,,Қостанай,KZKUS,0.0
2011,10 жастан 14 жасқа дейін,,Қызылорда,KZKZY,0.0
2011,10 жастан 14 жасқа дейін,,Маңғыстау,KZMAN,0.0
2011,10 жастан 14 жасқа дейін,,Оңтүстік Қазақстан,KZONT,0.0
2011,10 жастан 14 жасқа дейін,,Павлодар,KZPAV,0.0
2011,10 жастан 14 жасқа дейін,,Солтүстік Қазақстан,KZSEV,0.1171680482732358
2011,10 жастан 14 жасқа дейін,,Шығыс Қазақстан,KZVOS,0.0254023090698944
2011,10 жастан 14 жасқа дейін,,Нұр-Сұлтан қаласы,KZNS,0.0538227616459
2011,10 жастан 14 жасқа дейін,,Алматы қаласы,KZALA,0.0283177821513019
2011,10 жастан 14 жасқа дейін,қала,,,0.0224340998317442
2011,10 жастан 14 жасқа дейін,қала,Ақмола,KZAKM,0.0
2011,10 жастан 14 жасқа дейін,қала,Ақтөбе,KZAKT,0.0717900857891525
2011,10 жастан 14 жасқа дейін,қала,Алматы,KZALM,0.0
2011,10 жастан 14 жасқа дейін,қала,Атырау,KZATY,0.1077934677158564
2011,10 жастан 14 жасқа дейін,қала,Батыс Қазақстан,KZZAP,0.0
2011,10 жастан 14 жасқа дейін,қала,Жамбыл,KZZHA,0.1302592158395206
2011,10 жастан 14 жасқа дейін,қала,Қарағанды,KZKAR,0.0
2011,10 жастан 14 жасқа дейін,қала,Қостанай,KZKUS,0.0
2011,10 жастан 14 жасқа дейін,қала,Қызылорда,KZKZY,0.0
2011,10 жастан 14 жасқа дейін,қала,Маңғыстау,KZMAN,0.0
2011,10 жастан 14 жасқа дейін,қала,Оңтүстік Қазақстан,KZONT,0.0
2011,10 жастан 14 жасқа дейін,қала,Павлодар,KZPAV,0.0
2011,10 жастан 14 жасқа дейін,қала,Солтүстік Қазақстан,KZSEV,0.0
2011,10 жастан 14 жасқа дейін,қала,Шығыс Қазақстан,KZVOS,0.0
2011,10 жастан 14 жасқа дейін,қала,Нұр-Сұлтан қаласы,KZNS,0.0538227616459
2011,10 жастан 14 жасқа дейін,қала,Алматы қаласы,KZALA,0.0283177821513019
2011,10 жастан 14 жасқа дейін,ауыл,,,0.019933587929548
2011,10 жастан 14 жасқа дейін,ауыл,Ақмола,KZAKM,0.0
2011,10 жастан 14 жасқа дейін,ауыл,Ақтөбе,KZAKT,0.085671449989291
2011,10 жастан 14 жасқа дейін,ауыл,Алматы,KZALM,0.0
2011,10 жастан 14 жасқа дейін,ауыл,Атырау,KZATY,0.0
2011,10 жастан 14 жасқа дейін,ауыл,Батыс Қазақстан,KZZAP,0.0859623484913607
2011,10 жастан 14 жасқа дейін,ауыл,Жамбыл,KZZHA,0.0
2011,10 жастан 14 жасқа дейін,ауыл,Қарағанды,KZKAR,0.0890828916306623
2011,10 жастан 14 жасқа дейін,ауыл,Қостанай,KZKUS,0.0
2011,10 жастан 14 жасқа дейін,ауыл,Қызылорда,KZKZY,0.0
2011,10 жастан 14 жасқа дейін,ауыл,Маңғыстау,KZMAN,0.0
2011,10 жастан 14 жасқа дейін,ауыл,Оңтүстік Қазақстан,KZONT,0.0
2011,10 жастан 14 жасқа дейін,ауыл,Павлодар,KZPAV,0.0
2011,10 жастан 14 жасқа дейін,ауыл,Солтүстік Қазақстан,KZSEV,0.1714310204431492
2011,10 жастан 14 жасқа дейін,ауыл,Шығыс Қазақстан,KZVOS,0.0506701122342986
2011,15-19,,,,31.68097401793369
2011,,,Ақмола,KZAKM,32.29680542468082
2011,,,Ақтөбе,KZAKT,26.613500083072783
2011,,,Алматы,KZALM,35.26154742823838
2011,,,Атырау,KZATY,49.18951640024213
2011,,,Батыс Қазақстан,KZZAP,29.708314441781635
2011,,,Жамбыл,KZZHA,41.57690415003554
2011,,,Қарағанды,KZKAR,31.144693053142724
2011,,,Қостанай,KZKUS,29.525140135000925
2011,,,Қызылорда,KZKZY,26.377580581221604
2011,,,Маңғыстау,KZMAN,49.60176991150443
2011,,,Оңтүстік Қазақстан,KZONT,32.65544544156067
2011,,,Павлодар,KZPAV,30.659275953787738
2011,,,Солтүстік Қазақстан,KZSEV,31.558592239267757
2011,,,Шығыс Қазақстан,KZVOS,25.40156892043332
2011,,,Нұр-Сұлтан қаласы,KZNS,23.458121973053
2011,,,Алматы қаласы,KZALA,16.570703178129392
2011,,қала,,,29.92838451785309
2011,,қала,Ақмола,KZAKM,31.758393907926617
2011,,қала,Ақтөбе,KZAKT,26.221630233226254
2011,,қала,Алматы,KZALM,38.32709879192984
2011,,қала,Атырау,KZATY,55.72597137014315
2011,,қала,Батыс Қазақстан,KZZAP,34.83370055608015
2011,,қала,Жамбыл,KZZHA,31.532419268560485
2011,,қала,Қарағанды,KZKAR,32.23099352819856
2011,,қала,Қостанай,KZKUS,28.197608842770133
2011,,қала,Қызылорда,KZKZY,33.40228300007661
2011,,қала,Маңғыстау,KZMAN,44.57772009130377
2011,,қала,Оңтүстік Қазақстан,KZONT,33.541230502789624
2011,,қала,Павлодар,KZPAV,29.41741972697558
2011,,қала,Солтүстік Қазақстан,KZSEV,29.085763697822497
2011,,қала,Шығыс Қазақстан,KZVOS,25.78957956145645
2011,,қала,Нұр-Сұлтан қаласы,KZNS,23.458121973053
2011,,қала,Алматы қаласы,KZALA,16.570703178129392
2011,,ауыл,,,33.39098229810347
2011,,ауыл,Ақмола,KZAKM,32.69807487665667
2011,,ауыл,Ақтөбе,KZAKT,27.150942044559063
2011,,ауыл,Алматы,KZALM,34.364939152893484
2011,,ауыл,Атырау,KZATY,44.08417521862397
2011,,ауыл,Батыс Қазақстан,KZZAP,26.123647037240872
2011,,ауыл,Жамбыл,KZZHA,47.95622787254587
2011,,ауыл,Қарағанды,KZKAR,28.119925541605607
2011,,ауыл,Қостанай,KZKUS,30.601359383096103
2011,,ауыл,Қызылорда,KZKZY,21.732522796352587
2011,,ауыл,Маңғыстау,KZMAN,54.51284070525441
2011,,ауыл,Оңтүстік Қазақстан,KZONT,32.1462775341499
2011,,ауыл,Павлодар,KZPAV,32.80687170961485
2011,,ауыл,Солтүстік Қазақстан,KZSEV,32.76550030693677
2011,,ауыл,Шығыс Қазақстан,KZVOS,24.963055587131976
2012,10 жастан 14 жасқа дейін,,,,0.0301062396067062
2012,10 жастан 14 жасқа дейін,,Ақмола,KZAKM,0.0
2012,10 жастан 14 жасқа дейін,,Ақтөбе,KZAKT,0.040395063723213
2012,10 жастан 14 жасқа дейін,,Алматы,KZALM,0.029852751304192
2012,10 жастан 14 жасқа дейін,,Атырау,KZATY,0.1459427904261529
2012,10 жастан 14 жасқа дейін,,Батыс Қазақстан,KZZAP,0.0527648796960742
2012,10 жастан 14 жасқа дейін,,Жамбыл,KZZHA,0.0
2012,10 жастан 14 жасқа дейін,,Қарағанды,KZKAR,0.0247582971243237
2012,10 жастан 14 жасқа дейін,,Қостанай,KZKUS,0.0398747931495105
2012,10 жастан 14 жасқа дейін,,Қызылорда,KZKZY,0.0338615738859542
2012,10 жастан 14 жасқа дейін,,Маңғыстау,KZMAN,0.0451029474776176
2012,10 жастан 14 жасқа дейін,,Оңтүстік Қазақстан,KZONT,0.0082942122986579
2012,10 жастан 14 жасқа дейін,,Павлодар,KZPAV,0.0964436407474382
2012,10 жастан 14 жасқа дейін,,Солтүстік Қазақстан,KZSEV,0.0
2012,10 жастан 14 жасқа дейін,,Шығыс Қазақстан,KZVOS,0.0780365991650084
2012,10 жастан 14 жасқа дейін,,Нұр-Сұлтан қаласы,KZNS,0.0
2012,10 жастан 14 жасқа дейін,,Алматы қаласы,KZALA,0.0
2012,10 жастан 14 жасқа дейін,қала,,,0.0375809164106466
2012,10 жастан 14 жасқа дейін,қала,Ақмола,KZAKM,0.0
2012,10 жастан 14 жасқа дейін,қала,Ақтөбе,KZAKT,0.0737055463423622
2012,10 жастан 14 жасқа дейін,қала,Алматы,KZALM,0.0
2012,10 жастан 14 жасқа дейін,қала,Атырау,KZATY,0.2160060481693487
2012,10 жастан 14 жасқа дейін,қала,Батыс Қазақстан,KZZAP,0.1310015065173249
2012,10 жастан 14 жасқа дейін,қала,Жамбыл,KZZHA,0.0
2012,10 жастан 14 жасқа дейін,қала,Қарағанды,KZKAR,0.0339379952826186
2012,10 жастан 14 жасқа дейін,қала,Қостанай,KZKUS,0.0
2012,10 жастан 14 жасқа дейін,қала,Қызылорда,KZKZY,0.0896418806866568
2012,10 жастан 14 жасқа дейін,қала,Маңғыстау,KZMAN,0.0
2012,10 жастан 14 жасқа дейін,қала,Оңтүстік Қазақстан,KZONT,0.0239091452480573
2012,10 жастан 14 жасқа дейін,қала,Павлодар,KZPAV,0.0759647523549073
2012,10 жастан 14 жасқа дейін,қала,Солтүстік Қазақстан,KZSEV,0.0
2012,10 жастан 14 жасқа дейін,қала,Шығыс Қазақстан,KZVOS,0.1039392994491217
2012,10 жастан 14 жасқа дейін,қала,Нұр-Сұлтан қаласы,KZNS,0.0
2012,10 жастан 14 жасқа дейін,қала,Алматы қаласы,KZALA,0.0
2012,10 жастан 14 жасқа дейін,ауыл,,,0.0234447348986601
2012,10 жастан 14 жасқа дейін,ауыл,Ақмола,KZAKM,0.0
2012,10 жастан 14 жасқа дейін,ауыл,Ақтөбе,KZAKT,0.0
2012,10 жастан 14 жасқа дейін,ауыл,Алматы,KZALM,0.0381228317639434
2012,10 жастан 14 жасқа дейін,ауыл,Атырау,KZATY,0.088519075860848
2012,10 жастан 14 жасқа дейін,ауыл,Батыс Қазақстан,KZZAP,0.0
2012,10 жастан 14 жасқа дейін,ауыл,Жамбыл,KZZHA,0.0
2012,10 жастан 14 жасқа дейін,ауыл,Қарағанды,KZKAR,0.0
2012,10 жастан 14 жасқа дейін,ауыл,Қостанай,KZKUS,0.0694806322737536
2012,10 жастан 14 жасқа дейін,ауыл,Қызылорда,KZKZY,0.0
2012,10 жастан 14 жасқа дейін,ауыл,Маңғыстау,KZMAN,0.0856274350301836
2012,10 жастан 14 жасқа дейін,ауыл,Оңтүстік Қазақстан,KZONT,0.0
2012,10 жастан 14 жасқа дейін,ауыл,Павлодар,KZPAV,0.1320393477256222
2012,10 жастан 14 жасқа дейін,ауыл,Солтүстік Қазақстан,KZSEV,0.0
2012,10 жастан 14 жасқа дейін,ауыл,Шығыс Қазақстан,KZVOS,0.0520792646407832
2012,15-19,,,,33.820040047206206
2012,,,Ақмола,KZAKM,34.51160438106726
2012,,,Ақтөбе,KZAKT,29.618242377658213
2012,,,Алматы,KZALM,36.44040368376144
2012,,,Атырау,KZATY,54.24666526009799
2012,,,Батыс Қазақстан,KZZAP,34.750547298075816
2012,,,Жамбыл,KZZHA,45.43415498222892
2012,,,Қарағанды,KZKAR,32.02022329892564
2012,,,Қостанай,KZKUS,30.18575851393189
2012,,,Қызылорда,KZKZY,29.289885100772278
2012,,,Маңғыстау,KZMAN,54.89684343150269
2012,,,Оңтүстік Қазақстан,KZONT,34.49343188599587
2012,,,Павлодар,KZPAV,31.48986419996064
2012,,,Солтүстік Қазақстан,KZSEV,28.247507171151483
2012,,,Шығыс Қазақстан,KZVOS,25.68730423037064
2012,,,Нұр-Сұлтан қаласы,KZNS,26.033616692426584
2012,,,Алматы қаласы,KZALA,19.094380796508457
2012,,қала,,,32.79511883381278
2012,,қала,Ақмола,KZAKM,33.93194706994329
2012,,қала,Ақтөбе,KZAKT,33.32384836700496
2012,,қала,Алматы,KZALM,40.69087629038185
2012,,қала,Атырау,KZATY,59.61155646419541
2012,,қала,Батыс Қазақстан,KZZAP,42.94788914497723
2012,,қала,Жамбыл,KZZHA,35.640307054953084
2012,,қала,Қарағанды,KZKAR,33.62265874828689
2012,,қала,Қостанай,KZKUS,31.248665955176094
2012,,қала,Қызылорда,KZKZY,35.407637582795
2012,,қала,Маңғыстау,KZMAN,50.36814707123763
2012,,қала,Оңтүстік Қазақстан,KZONT,34.40895815350416
2012,,қала,Павлодар,KZPAV,32.16171158655182
2012,,қала,Солтүстік Қазақстан,KZSEV,28.882785505448748
2012,,қала,Шығыс Қазақстан,KZVOS,28.342940466154797
2012,,қала,Нұр-Сұлтан қаласы,KZNS,26.033616692426584
2012,,қала,Алматы қаласы,KZALA,19.094380796508457
2012,,ауыл,,,34.76437584972138
2012,,ауыл,Ақмола,KZAKM,34.917170915583775
2012,,ауыл,Ақтөбе,KZAKT,25.263783623123796
2012,,ауыл,Алматы,KZALM,35.2402961845022
2012,,ауыл,Атырау,KZATY,50.10386373078521
2012,,ауыл,Батыс Қазақстан,KZZAP,29.055690072639223
2012,,ауыл,Жамбыл,KZZHA,51.3758755151448
2012,,ауыл,Қарағанды,KZKAR,27.72907066835216
2012,,ауыл,Қостанай,KZKUS,29.378384513116508
2012,,ауыл,Қызылорда,KZKZY,25.477707006369428
2012,,ауыл,Маңғыстау,KZMAN,59.0728247708009
2012,,ауыл,Оңтүстік Қазақстан,KZONT,34.538722929451744
2012,,ауыл,Павлодар,KZPAV,30.34775934344925
2012,,ауыл,Солтүстік Қазақстан,KZSEV,27.964294178055138
2012,,ауыл,Шығыс Қазақстан,KZVOS,22.911307992759838
2013,10 жастан 14 жасқа дейін,,,,0.0379838532448611
2013,10 жастан 14 жасқа дейін,,Ақмола,KZAKM,0.0876577840112202
2013,10 жастан 14 жасқа дейін,,Ақтөбе,KZAKT,0.0822351514154725
2013,10 жастан 14 жасқа дейін,,Алматы,KZALM,0.0306327970041124
2013,10 жастан 14 жасқа дейін,,Атырау,KZATY,0.0496339496215411
2013,10 жастан 14 жасқа дейін,,Батыс Қазақстан,KZZAP,0.0541023074634133
2013,10 жастан 14 жасқа дейін,,Жамбыл,KZZHA,0.0
2013,10 жастан 14 жасқа дейін,,Қарағанды,KZKAR,0.0252847697189597
2013,10 жастан 14 жасқа дейін,,Қостанай,KZKUS,0.1215288327155617
2013,10 жастан 14 жасқа дейін,,Қызылорда,KZKZY,0.0343554066821265
2013,10 жастан 14 жасқа дейін,,Маңғыстау,KZMAN,0.0459579943931246
2013,10 жастан 14 жасқа дейін,,Оңтүстік Қазақстан,KZONT,0.0084691574458714
2013,10 жастан 14 жасқа дейін,,Павлодар,KZPAV,0.0985197408930814
2013,10 жастан 14 жасқа дейін,,Солтүстік Қазақстан,KZSEV,0.060560181680545
2013,10 жастан 14 жасқа дейін,,Шығыс Қазақстан,KZVOS,0.0533560986020702
2013,10 жастан 14 жасқа дейін,,Нұр-Сұлтан қаласы,KZNS,0.0
2013,10 жастан 14 жасқа дейін,,Алматы қаласы,KZALA,0.0288971406279348
2013,10 жастан 14 жасқа дейін,қала,,,0.0307675740537047
2013,10 жастан 14 жасқа дейін,қала,Ақмола,KZAKM,0.1066098081023454
2013,10 жастан 14 жасқа дейін,қала,Ақтөбе,KZAKT,0.0755829333736442
2013,10 жастан 14 жасқа дейін,қала,Алматы,KZALM,0.0
2013,10 жастан 14 жасқа дейін,қала,Атырау,KZATY,0.112898673440587
2013,10 жастан 14 жасқа дейін,қала,Батыс Қазақстан,KZZAP,0.0
2013,10 жастан 14 жасқа дейін,қала,Жамбыл,KZZHA,0.0
2013,10 жастан 14 жасқа дейін,қала,Қарағанды,KZKAR,0.034676468548443
2013,10 жастан 14 жасқа дейін,қала,Қостанай,KZKUS,0.0950344499881207
2013,10 жастан 14 жасқа дейін,қала,Қызылорда,KZKZY,0.0
2013,10 жастан 14 жасқа дейін,қала,Маңғыстау,KZMAN,0.0
2013,10 жастан 14 жасқа дейін,қала,Оңтүстік Қазақстан,KZONT,0.0
2013,10 жастан 14 жасқа дейін,қала,Павлодар,KZPAV,0.0775674837108284
2013,10 жастан 14 жасқа дейін,қала,Солтүстік Қазақстан,KZSEV,0.0
2013,10 жастан 14 жасқа дейін,қала,Шығыс Қазақстан,KZVOS,0.0531985636387817
2013,10 жастан 14 жасқа дейін,қала,Нұр-Сұлтан қаласы,KZNS,0.0
2013,10 жастан 14 жасқа дейін,қала,Алматы қаласы,KZALA,0.0288971406279348
2013,10 жастан 14 жасқа дейін,ауыл,,,0.0443909476613653
2013,10 жастан 14 жасқа дейін,ауыл,Ақмола,KZAKM,0.0744269127716582
2013,10 жастан 14 жасқа дейін,ауыл,Ақтөбе,KZAKT,0.0901713255184851
2013,10 жастан 14 жасқа дейін,ауыл,Алматы,KZALM,0.0391171264558905
2013,10 жастан 14 жасқа дейін,ауыл,Атырау,KZATY,0.0
2013,10 жастан 14 жасқа дейін,ауыл,Батыс Қазақстан,KZZAP,0.0898714837781971
2013,10 жастан 14 жасқа дейін,ауыл,Жамбыл,KZZHA,0.0
2013,10 жастан 14 жасқа дейін,ауыл,Қарағанды,KZKAR,0.0
2013,10 жастан 14 жасқа дейін,ауыл,Қостанай,KZKUS,0.1412130198404293
2013,10 жастан 14 жасқа дейін,ауыл,Қызылорда,KZKZY,0.0550266879436526
2013,10 жастан 14 жасқа дейін,ауыл,Маңғыстау,KZMAN,0.0862849993528625
2013,10 жастан 14 жасқа дейін,ауыл,Оңтүстік Қазақстан,KZONT,0.0129495937064974
2013,10 жастан 14 жасқа дейін,ауыл,Павлодар,KZPAV,0.1349800904366606
2013,10 жастан 14 жасқа дейін,ауыл,Солтүстік Қазақстан,KZSEV,0.0889323669349459
2013,10 жастан 14 жасқа дейін,ауыл,Шығыс Қазақстан,KZVOS,0.0535145693415032
2013,15-19,,,,33.61561193920943
2013,,,Ақмола,KZAKM,31.21202916160389
2013,,,Ақтөбе,KZAKT,30.866878236178387
2013,,,Алматы,KZALM,37.16566489998043
2013,,,Атырау,KZATY,51.92388219420276
2013,,,Батыс Қазақстан,KZZAP,31.559062118013117
2013,,,Жамбыл,KZZHA,46.20394407250535
2013,,,Қарағанды,KZKAR,30.561409196520238
2013,,,Қостанай,KZKUS,29.647305529945587
2013,,,Қызылорда,KZKZY,28.17602239154097
2013,,,Маңғыстау,KZMAN,53.41390261115032
2013,,,Оңтүстік Қазақстан,KZONT,37.75585696670777
2013,,,Павлодар,KZPAV,30.001714383679065
2013,,,Солтүстік Қазақстан,KZSEV,27.34794756071352
2013,,,Шығыс Қазақстан,KZVOS,26.450015404452454
2013,,,Нұр-Сұлтан қаласы,KZNS,26.40558442427351
2013,,,Алматы қаласы,KZALA,14.738082270953974
2013,,қала,,,30.784273157448624
2013,,қала,Ақмола,KZAKM,31.363531846401468
2013,,қала,Ақтөбе,KZAKT,32.718822618125486
2013,,қала,Алматы,KZALM,37.69821481998604
2013,,қала,Атырау,KZATY,55.26128979413531
2013,,қала,Батыс Қазақстан,KZZAP,34.77985094349596
2013,,қала,Жамбыл,KZZHA,35.296937735962125
2013,,қала,Қарағанды,KZKAR,31.34268891938554
2013,,қала,Қостанай,KZKUS,28.228476821192054
2013,,қала,Қызылорда,KZKZY,30.1990391214825
2013,,қала,Маңғыстау,KZMAN,45.243834600407936
2013,,қала,Оңтүстік Қазақстан,KZONT,38.465173424062
2013,,қала,Павлодар,KZPAV,27.79374471682164
2013,,қала,Солтүстік Қазақстан,KZSEV,25.8230012825994
2013,,қала,Шығыс Қазақстан,KZVOS,28.709811742532164
2013,,қала,Нұр-Сұлтан қаласы,KZNS,26.40558442427351
2013,,қала,Алматы қаласы,KZALA,14.738082270953974
2013,,ауыл,,,36.29177883652456
2013,,ауыл,Ақмола,KZAKM,31.105506515342583
2013,,ауыл,Ақтөбе,KZAKT,28.700851603551367
2013,,ауыл,Алматы,KZALM,37.017117635058696
2013,,ауыл,Атырау,KZATY,49.44676366878775
2013,,ауыл,Батыс Қазақстан,KZZAP,29.22227335480902
2013,,ауыл,Жамбыл,KZZHA,52.88867668123554
2013,,ауыл,Қарағанды,KZKAR,28.42377260981912
2013,,ауыл,Қостанай,KZKUS,30.747504573611067
2013,,ауыл,Қызылорда,KZKZY,26.908778230191448
2013,,ауыл,Маңғыстау,KZMAN,60.82786471479051
2013,,ауыл,Оңтүстік Қазақстан,KZONT,37.3774046340418
2013,,ауыл,Павлодар,KZPAV,33.82292702908304
2013,,ауыл,Солтүстік Қазақстан,KZSEV,28.04653531278154
2013,,ауыл,Шығыс Қазақстан,KZVOS,23.995429442011044
2014,10 жастан 14 жасқа дейін,,,,0.0369105192343352
2014,10 жастан 14 жасқа дейін,,Ақмола,KZAKM,0.0864696599580622
2014,10 жастан 14 жасқа дейін,,Ақтөбе,KZAKT,0.0808717979822486
2014,10 жастан 14 жасқа дейін,,Алматы,KZALM,0.0451814033343875
2014,10 жастан 14 жасқа дейін,,Атырау,KZATY,0.0
2014,10 жастан 14 жасқа дейін,,Батыс Қазақстан,KZZAP,0.0
2014,10 жастан 14 жасқа дейін,,Жамбыл,KZZHA,0.0719165767709457
2014,10 жастан 14 жасқа дейін,,Қарағанды,KZKAR,0.0743153696570345
2014,10 жастан 14 жасқа дейін,,Қостанай,KZKUS,0.1195266743694968
2014,10 жастан 14 жасқа дейін,,Қызылорда,KZKZY,0.033963930306015
2014,10 жастан 14 жасқа дейін,,Маңғыстау,KZMAN,0.0
2014,10 жастан 14 жасқа дейін,,Оңтүстік Қазақстан,KZONT,0.0
2014,10 жастан 14 жасқа дейін,,Павлодар,KZPAV,0.0
2014,10 жастан 14 жасқа дейін,,Солтүстік Қазақстан,KZSEV,0.0
2014,10 жастан 14 жасқа дейін,,Шығыс Қазақстан,KZVOS,0.0521030076461163
2014,10 жастан 14 жасқа дейін,,Нұр-Сұлтан қаласы,KZNS,0.0953743443013829
2014,10 жастан 14 жасқа дейін,,Алматы қаласы,KZALA,0.0
2014,10 жастан 14 жасқа дейін,қала,,,0.0365290798872712
2014,10 жастан 14 жасқа дейін,қала,Ақмола,KZAKM,0.2083876009377442
2014,10 жастан 14 жасқа дейін,қала,Ақтөбе,KZAKT,0.0731314904197747
2014,10 жастан 14 жасқа дейін,қала,Алматы,KZALM,0.0684017921269537
2014,10 жастан 14 жасқа дейін,қала,Атырау,KZATY,0.0
2014,10 жастан 14 жасқа дейін,қала,Батыс Қазақстан,KZZAP,0.0
2014,10 жастан 14 жасқа дейін,қала,Жамбыл,KZZHA,0.0
2014,10 жастан 14 жасқа дейін,қала,Қарағанды,KZKAR,0.1013753252458351
2014,10 жастан 14 жасқа дейін,қала,Қостанай,KZKUS,0.0922892344608001
2014,10 жастан 14 жасқа дейін,қала,Қызылорда,KZKZY,0.0
2014,10 жастан 14 жасқа дейін,қала,Маңғыстау,KZMAN,0.0
2014,10 жастан 14 жасқа дейін,қала,Оңтүстік Қазақстан,KZONT,0.0
2014,10 жастан 14 жасқа дейін,қала,Павлодар,KZPAV,0.0
2014,10 жастан 14 жасқа дейін,қала,Солтүстік Қазақстан,KZSEV,0.0
2014,10 жастан 14 жасқа дейін,қала,Шығыс Қазақстан,KZVOS,0.0
2014,10 жастан 14 жасқа дейін,қала,Нұр-Сұлтан қаласы,KZNS,0.0953743443013829
2014,10 жастан 14 жасқа дейін,қала,Алматы қаласы,KZALA,0.0
2014,10 жастан 14 жасқа дейін,ауыл,,,0.037264261202145
2014,10 жастан 14 жасқа дейін,ауыл,Ақмола,KZAKM,0.0
2014,10 жастан 14 жасқа дейін,ауыл,Ақтөбе,KZAKT,0.0904445348889793
2014,10 жастан 14 жасқа дейін,ауыл,Алматы,KZALM,0.0386253246941357
2014,10 жастан 14 жасқа дейін,ауыл,Атырау,KZATY,0.0
2014,10 жастан 14 жасқа дейін,ауыл,Батыс Қазақстан,KZZAP,0.0
2014,10 жастан 14 жасқа дейін,ауыл,Жамбыл,KZZHA,0.1136988118474161
2014,10 жастан 14 жасқа дейін,ауыл,Қарағанды,KZKAR,0.0
2014,10 жастан 14 жасқа дейін,ауыл,Қостанай,KZKUS,0.1402180390507238
2014,10 жастан 14 жасқа дейін,ауыл,Қызылорда,KZKZY,0.0548696844993141
2014,10 жастан 14 жасқа дейін,ауыл,Маңғыстау,KZMAN,0.0
2014,10 жастан 14 жасқа дейін,ауыл,Оңтүстік Қазақстан,KZONT,0.0
2014,10 жастан 14 жасқа дейін,ауыл,Павлодар,KZPAV,0.0
2014,10 жастан 14 жасқа дейін,ауыл,Солтүстік Қазақстан,KZSEV,0.0
2014,10 жастан 14 жасқа дейін,ауыл,Шығыс Қазақстан,KZVOS,0.1054741061069507
2014,15-19,,,,34.4240799755831
2014,,,Ақмола,KZAKM,33.03104918623506
2014,,,Ақтөбе,KZAKT,31.70599891911367
2014,,,Алматы,KZALM,39.74978719416482
2014,,,Атырау,KZATY,45.463357890655296
2014,,,Батыс Қазақстан,KZZAP,32.38808461923728
2014,,,Жамбыл,KZZHA,50.15628582807352
2014,,,Қарағанды,KZKAR,32.00235544583607
2014,,,Қостанай,KZKUS,28.951187838973343
2014,,,Қызылорда,KZKZY,28.207179118852125
2014,,,Маңғыстау,KZMAN,53.81555484431439
2014,,,Оңтүстік Қазақстан,KZONT,37.42960681899382
2014,,,Павлодар,KZPAV,30.0443837487197
2014,,,Солтүстік Қазақстан,KZSEV,29.48992713244749
2014,,,Шығыс Қазақстан,KZVOS,28.74603618161274
2014,,,Нұр-Сұлтан қаласы,KZNS,26.615519405176293
2014,,,Алматы қаласы,KZALA,15.952255415577568
2014,,қала,,,31.917575529974663
2014,,қала,Ақмола,KZAKM,32.71187265735287
2014,,қала,Ақтөбе,KZAKT,33.807949254335654
2014,,қала,Алматы,KZALM,41.21254599614509
2014,,қала,Атырау,KZATY,52.58302583025831
2014,,қала,Батыс Қазақстан,KZZAP,34.0
2014,,қала,Жамбыл,KZZHA,37.45222929936306
2014,,қала,Қарағанды,KZKAR,33.071301357243755
2014,,қала,Қостанай,KZKUS,28.646288209606983
2014,,қала,Қызылорда,KZKZY,30.126668948990076
2014,,қала,Маңғыстау,KZMAN,52.083333333333336
2014,,қала,Оңтүстік Қазақстан,KZONT,40.73333714089897
2014,,қала,Павлодар,KZPAV,26.81213677042108
2014,,қала,Солтүстік Қазақстан,KZSEV,24.844720496894407
2014,,қала,Шығыс Қазақстан,KZVOS,28.569424637037383
2014,,қала,Нұр-Сұлтан қаласы,KZNS,26.615519405176293
2014,,қала,Алматы қаласы,KZALA,15.952255415577568
2014,,ауыл,,,36.83573970079744
2014,,ауыл,Ақмола,KZAKM,33.253995239714385
2014,,ауыл,Ақтөбе,KZAKT,29.298082869511443
2014,,ауыл,Алматы,KZALM,39.33035893725632
2014,,ауыл,Атырау,KZATY,40.30100334448161
2014,,ауыл,Батыс Қазақстан,KZZAP,31.288860363432143
2014,,ауыл,Жамбыл,KZZHA,57.90793027729737
2014,,ауыл,Қарағанды,KZKAR,28.998015016829207
2014,,ауыл,Қостанай,KZKUS,29.18816182459951
2014,,ауыл,Қызылорда,KZKZY,27.02346079750877
2014,,ауыл,Маңғыстау,KZMAN,55.09992833824349
2014,,ауыл,Оңтүстік Қазақстан,KZONT,35.46959603694693
2014,,ауыл,Павлодар,KZPAV,35.750251762336354
2014,,ауыл,Солтүстік Қазақстан,KZSEV,31.604773984280783
2014,,ауыл,Шығыс Қазақстан,KZVOS,28.937117417918756
2015,10 жастан 14 жасқа дейін,,,,0.0321787648943224
2015,10 жастан 14 жасқа дейін,,Ақмола,KZAKM,0.042158516020236
2015,10 жастан 14 жасқа дейін,,Ақтөбе,KZAKT,0.0
2015,10 жастан 14 жасқа дейін,,Алматы,KZALM,0.0590392832631011
2015,10 жастан 14 жасқа дейін,,Атырау,KZATY,0.092805271339412
2015,10 жастан 14 жасқа дейін,,Батыс Қазақстан,KZZAP,0.0
2015,10 жастан 14 жасқа дейін,,Жамбыл,KZZHA,0.0230648583817695
2015,10 жастан 14 жасқа дейін,,Қарағанды,KZKAR,0.0
2015,10 жастан 14 жасқа дейін,,Қостанай,KZKUS,0.0786271696184616
2015,10 жастан 14 жасқа дейін,,Қызылорда,KZKZY,0.0
2015,10 жастан 14 жасқа дейін,,Маңғыстау,KZMAN,0.0418699101890426
2015,10 жастан 14 жасқа дейін,,Оңтүстік Қазақстан,KZONT,0.0239444488786016
2015,10 жастан 14 жасқа дейін,,Павлодар,KZPAV,0.0
2015,10 жастан 14 жасқа дейін,,Солтүстік Қазақстан,KZSEV,0.1784651992861392
2015,10 жастан 14 жасқа дейін,,Шығыс Қазақстан,KZVOS,0.0251351011687822
2015,10 жастан 14 жасқа дейін,,Нұр-Сұлтан қаласы,KZNS,0.0441666850694521
2015,10 жастан 14 жасқа дейін,,Алматы қаласы,KZALA,0.0
2015,10 жастан 14 жасқа дейін,қала,,,0.0377585819249668
2015,10 жастан 14 жасқа дейін,қала,Ақмола,KZAKM,0.1008420309585035
2015,10 жастан 14 жасқа дейін,қала,Ақтөбе,KZAKT,0.0
2015,10 жастан 14 жасқа дейін,қала,Алматы,KZALM,0.0660022440762986
2015,10 жастан 14 жасқа дейін,қала,Атырау,KZATY,0.0
2015,10 жастан 14 жасқа дейін,қала,Батыс Қазақстан,KZZAP,0.0
2015,10 жастан 14 жасқа дейін,қала,Жамбыл,KZZHA,0.0
2015,10 жастан 14 жасқа дейін,қала,Қарағанды,KZKAR,0.0
2015,10 жастан 14 жасқа дейін,қала,Қостанай,KZKUS,0.088754770568918
2015,10 жастан 14 жасқа дейін,қала,Қызылорда,KZKZY,0.0
2015,10 жастан 14 жасқа дейін,қала,Маңғыстау,KZMAN,0.1065019436604718
2015,10 жастан 14 жасқа дейін,қала,Оңтүстік Қазақстан,KZONT,0.0587555572964609
2015,10 жастан 14 жасқа дейін,қала,Павлодар,KZPAV,0.0
2015,10 жастан 14 жасқа дейін,қала,Солтүстік Қазақстан,KZSEV,0.3501400560224089
2015,10 жастан 14 жасқа дейін,қала,Шығыс Қазақстан,KZVOS,0.0490677134445534
2015,10 жастан 14 жасқа дейін,қала,Нұр-Сұлтан қаласы,KZNS,0.0441666850694521
2015,10 жастан 14 жасқа дейін,қала,Алматы қаласы,KZALA,0.0
2015,10 жастан 14 жасқа дейін,ауыл,,,0.026744493141709
2015,10 жастан 14 жасқа дейін,ауыл,Ақмола,KZAKM,0.0
2015,10 жастан 14 жасқа дейін,ауыл,Ақтөбе,KZAKT,0.0
2015,10 жастан 14 жасқа дейін,ауыл,Алматы,KZALM,0.0570336783870875
2015,10 жастан 14 жасқа дейін,ауыл,Атырау,KZATY,0.166009545548869
2015,10 жастан 14 жасқа дейін,ауыл,Батыс Қазақстан,KZZAP,0.0
2015,10 жастан 14 жасқа дейін,ауыл,Жамбыл,KZZHA,0.0364404926754609
2015,10 жастан 14 жасқа дейін,ауыл,Қарағанды,KZKAR,0.0
2015,10 жастан 14 жасқа дейін,ауыл,Қостанай,KZKUS,0.0705741204700236
2015,10 жастан 14 жасқа дейін,ауыл,Қызылорда,KZKZY,0.0
2015,10 жастан 14 жасқа дейін,ауыл,Маңғыстау,KZMAN,0.0
2015,10 жастан 14 жасқа дейін,ауыл,Оңтүстік Қазақстан,KZONT,0.0
2015,10 жастан 14 жасқа дейін,ауыл,Павлодар,KZPAV,0.0
2015,10 жастан 14 жасқа дейін,ауыл,Солтүстік Қазақстан,KZSEV,0.0901063254640475
2015,10 жастан 14 жасқа дейін,ауыл,Шығыс Қазақстан,KZVOS,0.0
2015,15-19,,,,30.947651865577136
2015,,,Ақмола,KZAKM,30.374421539756
2015,,,Ақтөбе,KZAKT,30.162059103908483
2015,,,Алматы,KZALM,36.08312184335503
2015,,,Атырау,KZATY,39.80300542997853
2015,,,Батыс Қазақстан,KZZAP,25.955840064014403
2015,,,Жамбыл,KZZHA,46.00266277816522
2015,,,Қарағанды,KZKAR,28.304355065052444
2015,,,Қостанай,KZKUS,26.603476771739786
2015,,,Қызылорда,KZKZY,24.46757185195396
2015,,,Маңғыстау,KZMAN,48.40312278211498
2015,,,Оңтүстік Қазақстан,KZONT,35.01186581720037
2015,,,Павлодар,KZPAV,29.561355333221904
2015,,,Солтүстік Қазақстан,KZSEV,26.51594865165499
2015,,,Шығыс Қазақстан,KZVOS,24.069402255058435
2015,,,Нұр-Сұлтан қаласы,KZNS,23.002210795638025
2015,,,Алматы қаласы,KZALA,12.937644441564611
2015,,қала,,,27.55982964303374
2015,,қала,Ақмола,KZAKM,29.029949913114585
2015,,қала,Ақтөбе,KZAKT,34.56196769975615
2015,,қала,Алматы,KZALM,36.72985781990521
2015,,қала,Атырау,KZATY,38.982647967672925
2015,,қала,Батыс Қазақстан,KZZAP,25.035260930888576
2015,,қала,Жамбыл,KZZHA,35.83486545211433
2015,,қала,Қарағанды,KZKAR,29.108356657337065
2015,,қала,Қостанай,KZKUS,25.71133186497056
2015,,қала,Қызылорда,KZKZY,26.1820144855819
2015,,қала,Маңғыстау,KZMAN,41.90067520666372
2015,,қала,Оңтүстік Қазақстан,KZONT,34.447062969407305
2015,,қала,Павлодар,KZPAV,25.68480439462549
2015,,қала,Солтүстік Қазақстан,KZSEV,23.75212072506474
2015,,қала,Шығыс Қазақстан,KZVOS,24.666031699514008
2015,,қала,Нұр-Сұлтан қаласы,KZNS,23.002210795638025
2015,,қала,Алматы қаласы,KZALA,12.937644441564611
2015,,ауыл,,,34.3547915612055
2015,,ауыл,Ақмола,KZAKM,31.314792307142348
2015,,ауыл,Ақтөбе,KZAKT,25.00724547675237
2015,,ауыл,Алматы,KZALM,35.89404977106177
2015,,ауыл,Атырау,KZATY,40.409364430974655
2015,,ауыл,Батыс Қазақстан,KZZAP,26.63764961915125
2015,,ауыл,Жамбыл,KZZHA,52.21654749744637
2015,,ауыл,Қарағанды,KZKAR,25.972821297713462
2015,,ауыл,Қостанай,KZKUS,27.313027313027312
2015,,ауыл,Қызылорда,KZKZY,23.403245175524336
2015,,ауыл,Маңғыстау,KZMAN,52.30291791242478
2015,,ауыл,Оңтүстік Қазақстан,KZONT,35.38810273113405
2015,,ауыл,Павлодар,KZPAV,36.55352480417755
2015,,ауыл,Солтүстік Қазақстан,KZSEV,27.918781725888326
2015,,ауыл,Шығыс Қазақстан,KZVOS,23.40454483603212
2016,10 жастан 14 жасқа дейін,,,,0.0162248504677218
2016,10 жастан 14 жасқа дейін,,Ақмола,KZAKM,0.0414439056736706
2016,10 жастан 14 жасқа дейін,,Ақтөбе,KZAKT,0.0
2016,10 жастан 14 жасқа дейін,,Алматы,KZALM,0.0141013889868152
2016,10 жастан 14 жасқа дейін,,Атырау,KZATY,0.0
2016,10 жастан 14 жасқа дейін,,Батыс Қазақстан,KZZAP,0.0
2016,10 жастан 14 жасқа дейін,,Жамбыл,KZZHA,0.0440693651807945
2016,10 жастан 14 жасқа дейін,,Қарағанды,KZKAR,0.0229391996513241
2016,10 жастан 14 жасқа дейін,,Қостанай,KZKUS,0.0389241368572651
2016,10 жастан 14 жасқа дейін,,Қызылорда,KZKZY,0.095568793603262
2016,10 жастан 14 жасқа дейін,,Маңғыстау,KZMAN,0.0
2016,10 жастан 14 жасқа дейін,,Оңтүстік Қазақстан,KZONT,0.0077102191244275
2016,10 жастан 14 жасқа дейін,,Павлодар,KZPAV,0.0
2016,10 жастан 14 жасқа дейін,,Солтүстік Қазақстан,KZSEV,0.0
2016,10 жастан 14 жасқа дейін,,Шығыс Қазақстан,KZVOS,0.0
2016,10 жастан 14 жасқа дейін,,Нұр-Сұлтан қаласы,KZNS,0.0
2016,10 жастан 14 жасқа дейін,,Алматы қаласы,KZALA,0.0
2016,10 жастан 14 жасқа дейін,қала,,,0.0129748385443528
2016,10 жастан 14 жасқа дейін,қала,Ақмола,KZAKM,0.0980199960792001
2016,10 жастан 14 жасқа дейін,қала,Ақтөбе,KZAKT,0.0
2016,10 жастан 14 жасқа дейін,қала,Алматы,KZALM,0.0
2016,10 жастан 14 жасқа дейін,қала,Атырау,KZATY,0.0
2016,10 жастан 14 жасқа дейін,қала,Батыс Қазақстан,KZZAP,0.0
2016,10 жастан 14 жасқа дейін,қала,Жамбыл,KZZHA,0.0599970001499925
2016,10 жастан 14 жасқа дейін,қала,Қарағанды,KZKAR,0.0308475360530577
2016,10 жастан 14 жасқа дейін,қала,Қостанай,KZKUS,0.0
2016,10 жастан 14 жасқа дейін,қала,Қызылорда,KZKZY,0.0
2016,10 жастан 14 жасқа дейін,қала,Маңғыстау,KZMAN,0.0
2016,10 жастан 14 жасқа дейін,қала,Оңтүстік Қазақстан,KZONT,0.0186598496016122
2016,10 жастан 14 жасқа дейін,қала,Павлодар,KZPAV,0.0
2016,10 жастан 14 жасқа дейін,қала,Солтүстік Қазақстан,KZSEV,0.0
2016,10 жастан 14 жасқа дейін,қала,Шығыс Қазақстан,KZVOS,0.0
2016,10 жастан 14 жасқа дейін,қала,Нұр-Сұлтан қаласы,KZNS,0.0
2016,10 жастан 14 жасқа дейін,қала,Алматы қаласы,KZALA,0.0
2016,10 жастан 14 жасқа дейін,ауыл,,,0.0194773891858289
2016,10 жастан 14 жасқа дейін,ауыл,Ақмола,KZAKM,0.0
2016,10 жастан 14 жасқа дейін,ауыл,Ақтөбе,KZAKT,0.0
2016,10 жастан 14 жасқа дейін,ауыл,Алматы,KZALM,0.0181435517816967
2016,10 жастан 14 жасқа дейін,ауыл,Атырау,KZATY,0.0
2016,10 жастан 14 жасқа дейін,ауыл,Батыс Қазақстан,KZZAP,0.0
2016,10 жастан 14 жасқа дейін,ауыл,Жамбыл,KZZHA,0.03482439797322
2016,10 жастан 14 жасқа дейін,ауыл,Қарағанды,KZKAR,0.0
2016,10 жастан 14 жасқа дейін,ауыл,Қостанай,KZKUS,0.0718003949021719
2016,10 жастан 14 жасқа дейін,ауыл,Қызылорда,KZKZY,0.1592737118738552
2016,10 жастан 14 жасқа дейін,ауыл,Маңғыстау,KZMAN,0.0
2016,10 жастан 14 жасқа дейін,ауыл,Оңтүстік Қазақстан,KZONT,0.0
2016,10 жастан 14 жасқа дейін,ауыл,Павлодар,KZPAV,0.0
2016,10 жастан 14 жасқа дейін,ауыл,Солтүстік Қазақстан,KZSEV,0.0
2016,10 жастан 14 жасқа дейін,ауыл,Шығыс Қазақстан,KZVOS,0.0
2016,15-19,,,,28.10458708900485
2016,,,Ақмола,KZAKM,26.028811201364267
2016,,,Ақтөбе,KZAKT,25.86516584840139
2016,,,Алматы,KZALM,35.01756005024482
2016,,,Атырау,KZATY,35.11327281712487
2016,,,Батыс Қазақстан,KZZAP,26.18286774559324
2016,,,Жамбыл,KZZHA,41.08942065491184
2016,,,Қарағанды,KZKAR,24.049562792575674
2016,,,Қостанай,KZKUS,24.55622514655844
2016,,,Қызылорда,KZKZY,21.58428663932657
2016,,,Маңғыстау,KZMAN,42.24941724941725
2016,,,Оңтүстік Қазақстан,KZONT,31.771182664043828
2016,,,Павлодар,KZPAV,25.180846537007834
2016,,,Солтүстік Қазақстан,KZSEV,26.133217185701398
2016,,,Шығыс Қазақстан,KZVOS,22.96335318987992
2016,,,Нұр-Сұлтан қаласы,KZNS,18.71146076972145
2016,,,Алматы қаласы,KZALA,13.499080609110228
2016,,қала,,,25.18400379322608
2016,,қала,Ақмола,KZAKM,25.883737098240548
2016,,қала,Ақтөбе,KZAKT,30.060483140777222
2016,,қала,Алматы,KZALM,37.002987818892215
2016,,қала,Атырау,KZATY,40.14554275318376
2016,,қала,Батыс Қазақстан,KZZAP,25.696418419556565
2016,,қала,Жамбыл,KZZHA,31.9368251860652
2016,,қала,Қарағанды,KZKAR,23.858675420488
2016,,қала,Қостанай,KZKUS,22.08927749654855
2016,,қала,Қызылорда,KZKZY,22.544580984939483
2016,,қала,Маңғыстау,KZMAN,40.10125233146815
2016,,қала,Оңтүстік Қазақстан,KZONT,31.73533672472459
2016,,қала,Павлодар,KZPAV,23.254912600286808
2016,,қала,Солтүстік Қазақстан,KZSEV,21.914550242079333
2016,,қала,Шығыс Қазақстан,KZVOS,23.7741456166419
2016,,қала,Нұр-Сұлтан қаласы,KZNS,18.71146076972145
2016,,қала,Алматы қаласы,KZALA,13.499080609110228
2016,,ауыл,,,31.119631844965497
2016,,ауыл,Ақмола,KZAKM,26.13368384428036
2016,,ауыл,Ақтөбе,KZAKT,20.715714603245164
2016,,ауыл,Алматы,KZALM,34.44748737915333
2016,,ауыл,Атырау,KZATY,31.333970943207174
2016,,ауыл,Батыс Қазақстан,KZZAP,26.58621664938249
2016,,ауыл,Жамбыл,KZZHA,46.59174456464657
2016,,ауыл,Қарағанды,KZKAR,24.609278094765564
2016,,ауыл,Қостанай,KZKUS,26.537551744529864
2016,,ауыл,Қызылорда,KZKZY,20.9720176730486
2016,,ауыл,Маңғыстау,KZMAN,43.48158337154211
2016,,ауыл,Оңтүстік Қазақстан,KZONT,31.795164610599397
2016,,ауыл,Павлодар,KZPAV,28.69257950530035
2016,,ауыл,Солтүстік Қазақстан,KZSEV,28.57142857142857
2016,,ауыл,Шығыс Қазақстан,KZVOS,22.02540496445636
2017,10 жастан 14 жасқа дейін,,,,0.0200450705702128
2017,10 жастан 14 жасқа дейін,,Ақмола,KZAKM,0.0
2017,10 жастан 14 жасқа дейін,,Ақтөбе,KZAKT,0.0
2017,10 жастан 14 жасқа дейін,,Алматы,KZALM,0.0400069345353194
2017,10 жастан 14 жасқа дейін,,Атырау,KZATY,0.0
2017,10 жастан 14 жасқа дейін,,Батыс Қазақстан,KZZAP,0.0943618778013682
2017,10 жастан 14 жасқа дейін,,Жамбыл,KZZHA,0.0
2017,10 жастан 14 жасқа дейін,,Қарағанды,KZKAR,0.0220580125730671
2017,10 жастан 14 жасқа дейін,,Қостанай,KZKUS,0.0384341910563637
2017,10 жастан 14 жасқа дейін,,Қызылорда,KZKZY,0.0
2017,10 жастан 14 жасқа дейін,,Маңғыстау,KZMAN,0.0
2017,10 жастан 14 жасқа дейін,,Оңтүстік Қазақстан,KZONT,0.0147451847755967
2017,10 жастан 14 жасқа дейін,,Павлодар,KZPAV,0.0
2017,10 жастан 14 жасқа дейін,,Солтүстік Қазақстан,KZSEV,0.0
2017,10 жастан 14 жасқа дейін,,Шығыс Қазақстан,KZVOS,0.0690067626627409
2017,10 жастан 14 жасқа дейін,,Нұр-Сұлтан қаласы,KZNS,0.0
2017,10 жастан 14 жасқа дейін,,Алматы қаласы,KZALA,0.0209305732884023
2017,10 жастан 14 жасқа дейін,қала,,,0.0182590039713333
2017,10 жастан 14 жасқа дейін,қала,Ақмола,KZAKM,0.0
2017,10 жастан 14 жасқа дейін,қала,Ақтөбе,KZAKT,0.0
2017,10 жастан 14 жасқа дейін,қала,Алматы,KZALM,0.1217952621643018
2017,10 жастан 14 жасқа дейін,қала,Атырау,KZATY,0.0
2017,10 жастан 14 жасқа дейін,қала,Батыс Қазақстан,KZZAP,0.1081314878892733
2017,10 жастан 14 жасқа дейін,қала,Жамбыл,KZZHA,0.0
2017,10 жастан 14 жасқа дейін,қала,Қарағанды,KZKAR,0.0
2017,10 жастан 14 жасқа дейін,қала,Қостанай,KZKUS,0.0814597588791137
2017,10 жастан 14 жасқа дейін,қала,Қызылорда,KZKZY,0.0
2017,10 жастан 14 жасқа дейін,қала,Маңғыстау,KZMAN,0.0
2017,10 жастан 14 жасқа дейін,қала,Оңтүстік Қазақстан,KZONT,0.0
2017,10 жастан 14 жасқа дейін,қала,Павлодар,KZPAV,0.0
2017,10 жастан 14 жасқа дейін,қала,Солтүстік Қазақстан,KZSEV,0.0
2017,10 жастан 14 жасқа дейін,қала,Шығыс Қазақстан,KZVOS,0.0435094741880044
2017,10 жастан 14 жасқа дейін,қала,Нұр-Сұлтан қаласы,KZNS,0.0
2017,10 жастан 14 жасқа дейін,қала,Алматы қаласы,KZALA,0.0209305732884023
2017,10 жастан 14 жасқа дейін,ауыл,,,0.0218795468433283
2017,10 жастан 14 жасқа дейін,ауыл,Ақмола,KZAKM,0.0
2017,10 жастан 14 жасқа дейін,ауыл,Ақтөбе,KZAKT,0.0
2017,10 жастан 14 жасқа дейін,ауыл,Алматы,KZALM,0.0170747532698152
2017,10 жастан 14 жасқа дейін,ауыл,Атырау,KZATY,0.0
2017,10 жастан 14 жасқа дейін,ауыл,Батыс Қазақстан,KZZAP,0.0837030216790826
2017,10 жастан 14 жасқа дейін,ауыл,Жамбыл,KZZHA,0.0
2017,10 жастан 14 жасқа дейін,ауыл,Қарағанды,KZKAR,0.0886760663296976
2017,10 жастан 14 жасқа дейін,ауыл,Қостанай,KZKUS,0.0
2017,10 жастан 14 жасқа дейін,ауыл,Қызылорда,KZKZY,0.0
2017,10 жастан 14 жасқа дейін,ауыл,Маңғыстау,KZMAN,0.0
2017,10 жастан 14 жасқа дейін,ауыл,Оңтүстік Қазақстан,KZONT,0.0254224900057836
2017,10 жастан 14 жасқа дейін,ауыл,Павлодар,KZPAV,0.0
2017,10 жастан 14 жасқа дейін,ауыл,Солтүстік Қазақстан,KZSEV,0.0
2017,10 жастан 14 жасқа дейін,ауыл,Шығыс Қазақстан,KZVOS,0.0999125764955663
2017,15-19,,,,24.904794458158783
2017,,,Ақмола,KZAKM,24.91103202846975
2017,,,Ақтөбе,KZAKT,21.32996186708538
2017,,,Алматы,KZALM,29.718658867555583
2017,,,Атырау,KZATY,30.987023200943767
2017,,,Батыс Қазақстан,KZZAP,20.482343264970417
2017,,,Жамбыл,KZZHA,35.465970943860995
2017,,,Қарағанды,KZKAR,20.458821070234112
2017,,,Қостанай,KZKUS,20.098612736085578
2017,,,Қызылорда,KZKZY,19.796525507768024
2017,,,Маңғыстау,KZMAN,39.81042654028436
2017,,,Оңтүстік Қазақстан,KZONT,30.00188521720396
2017,,,Павлодар,KZPAV,22.077554486272287
2017,,,Солтүстік Қазақстан,KZSEV,20.537024044900825
2017,,,Шығыс Қазақстан,KZVOS,20.39030488228349
2017,,,Нұр-Сұлтан қаласы,KZNS,14.987845223081282
2017,,,Алматы қаласы,KZALA,12.750264661059342
2017,,қала,,,22.376501618855627
2017,,қала,Ақмола,KZAKM,23.27127659574468
2017,,қала,Ақтөбе,KZAKT,25.45857617906819
2017,,қала,Алматы,KZALM,33.22412796299865
2017,,қала,Атырау,KZATY,33.21614741180749
2017,,қала,Батыс Қазақстан,KZZAP,19.05504791620236
2017,,қала,Жамбыл,KZZHA,26.831193055455916
2017,,қала,Қарағанды,KZKAR,20.31712841958529
2017,,қала,Қостанай,KZKUS,16.93425253319761
2017,,қала,Қызылорда,KZKZY,21.29845866417562
2017,,қала,Маңғыстау,KZMAN,41.15170446828738
2017,,қала,Оңтүстік Қазақстан,KZONT,31.088540516670346
2017,,қала,Павлодар,KZPAV,19.34281977089857
2017,,қала,Солтүстік Қазақстан,KZSEV,17.260918838810912
2017,,қала,Шығыс Қазақстан,KZVOS,20.179874934602257
2017,,қала,Нұр-Сұлтан қаласы,KZNS,14.987845223081282
2017,,қала,Алматы қаласы,KZALA,12.750264661059342
2017,,ауыл,,,27.55834981793084
2017,,ауыл,Ақмола,KZAKM,26.138909634055263
2017,,ауыл,Ақтөбе,KZAKT,15.85041761579347
2017,,ауыл,Алматы,KZALM,28.737554071692863
2017,,ауыл,Атырау,KZATY,29.288123065551808
2017,,ауыл,Батыс Қазақстан,KZZAP,21.779871346806463
2017,,ауыл,Жамбыл,KZZHA,40.51982952278978
2017,,ауыл,Қарағанды,KZKAR,20.883366398663465
2017,,ауыл,Қостанай,KZKUS,22.70389699440021
2017,,ауыл,Қызылорда,KZKZY,18.823386999152643
2017,,ауыл,Маңғыстау,KZMAN,39.06279571520497
2017,,ауыл,Оңтүстік Қазақстан,KZONT,29.25737107241729
2017,,ауыл,Павлодар,KZPAV,27.138037259791695
2017,,ауыл,Солтүстік Қазақстан,KZSEV,22.42671091667924
2017,,ауыл,Шығыс Қазақстан,KZVOS,20.05975245411865
2018,10 жастан 14 жасқа дейін,,,,0.0217718829195224
2018,10 жастан 14 жасқа дейін,,Ақмола,KZAKM,0.0778104149240375
2018,10 жастан 14 жасқа дейін,,Ақтөбе,KZAKT,0.0646443751313088
2018,10 жастан 14 жасқа дейін,,Алматы,KZALM,0.0250239291322326
2018,10 жастан 14 жасқа дейін,,Атырау,KZATY,0.0386585483715086
2018,10 жастан 14 жасқа дейін,,Батыс Қазақстан,KZZAP,0.0452427272315975
2018,10 жастан 14 жасқа дейін,,Жамбыл,KZZHA,0.0195646857422352
2018,10 жастан 14 жасқа дейін,,Қарағанды,KZKAR,0.0
2018,10 жастан 14 жасқа дейін,,Қостанай,KZKUS,0.0
2018,10 жастан 14 жасқа дейін,,Қызылорда,KZKZY,0.0284831308657447
2018,10 жастан 14 жасқа дейін,,Маңғыстау,KZMAN,0.0
2018,10 жастан 14 жасқа дейін,,Павлодар,KZPAV,0.0
2018,10 жастан 14 жасқа дейін,,Солтүстік Қазақстан,KZSEV,0.0570011685239547
2018,10 жастан 14 жасқа дейін,,Түркістан,KZYUZ,0.0
2018,10 жастан 14 жасқа дейін,,Шығыс Қазақстан,KZVOS,0.0
2018,10 жастан 14 жасқа дейін,,Нұр-Сұлтан қаласы,KZNS,0.0626959247648902
2018,10 жастан 14 жасқа дейін,,Алматы қаласы,KZALA,0.0190000285000427
2018,10 жастан 14 жасқа дейін,,Шымкент қаласы,KZSHY,0.02
2018,10 жастан 14 жасқа дейін,қала,,,0.0281344206349094
2018,10 жастан 14 жасқа дейін,қала,Ақмола,KZAKM,0.1840434342504831
2018,10 жастан 14 жасқа дейін,қала,Ақтөбе,KZAKT,0.0495970241785492
2018,10 жастан 14 жасқа дейін,қала,Алматы,KZALM,0.0
2018,10 жастан 14 жасқа дейін,қала,Атырау,KZATY,0.0
2018,10 жастан 14 жасқа дейін,қала,Батыс Қазақстан,KZZAP,0.1008318628686665
2018,10 жастан 14 жасқа дейін,қала,Жамбыл,KZZHA,0.0537331076542811
2018,10 жастан 14 жасқа дейін,қала,Қарағанды,KZKAR,0.0
2018,10 жастан 14 жасқа дейін,қала,Қостанай,KZKUS,0.0
2018,10 жастан 14 жасқа дейін,қала,Қызылорда,KZKZY,0.0
2018,10 жастан 14 жасқа дейін,қала,Маңғыстау,KZMAN,0.0
2018,10 жастан 14 жасқа дейін,қала,Павлодар,KZPAV,0.0
2018,10 жастан 14 жасқа дейін,қала,Солтүстік Қазақстан,KZSEV,0.1557996416608241
2018,10 жастан 14 жасқа дейін,қала,Түркістан,KZYUZ,0.0
2018,10 жастан 14 жасқа дейін,қала,Шығыс Қазақстан,KZVOS,0.0
2018,10 жастан 14 жасқа дейін,қала,Нұр-Сұлтан қаласы,KZNS,0.0626959247648902
2018,10 жастан 14 жасқа дейін,қала,Алматы қаласы,KZALA,0.0190000285000427
2018,10 жастан 14 жасқа дейін,қала,Шымкент қаласы,KZSHY,0.02
2018,10 жастан 14 жасқа дейін,ауыл,,,0.0149913574824113
2018,10 жастан 14 жасқа дейін,ауыл,Ақмола,KZAKM,0.0
2018,10 жастан 14 жасқа дейін,ауыл,Ақтөбе,KZAKT,0.0927988121752041
2018,10 жастан 14 жасқа дейін,ауыл,Алматы,KZALM,0.0317727612118131
2018,10 жастан 14 жасқа дейін,ауыл,Атырау,KZATY,0.0759762953958365
2018,10 жастан 14 жасқа дейін,ауыл,Батыс Қазақстан,KZZAP,0.0
2018,10 жастан 14 жасқа дейін,ауыл,Жамбыл,KZZHA,0.0
2018,10 жастан 14 жасқа дейін,ауыл,Қарағанды,KZKAR,0.0
2018,10 жастан 14 жасқа дейін,ауыл,Қостанай,KZKUS,0.0
2018,10 жастан 14 жасқа дейін,ауыл,Қызылорда,KZKZY,0.048344210780759
2018,10 жастан 14 жасқа дейін,ауыл,Маңғыстау,KZMAN,0.0
2018,10 жастан 14 жасқа дейін,ауыл,Павлодар,KZPAV,0.0
2018,10 жастан 14 жасқа дейін,ауыл,Солтүстік Қазақстан,KZSEV,0.0
2018,10 жастан 14 жасқа дейін,ауыл,Түркістан,KZYUZ,0.0
2018,10 жастан 14 жасқа дейін,ауыл,Шығыс Қазақстан,KZVOS,0.0
2018,15-19,,,,23.93
2018,,,Ақмола,KZAKM,21.61
2018,,,Ақтөбе,KZAKT,17.74
2018,,,Алматы,KZALM,28.76
2018,,,Атырау,KZATY,28.21
2018,,,Батыс Қазақстан,KZZAP,20.94
2018,,,Жамбыл,KZZHA,36.64
2018,,,Қарағанды,KZKAR,20.41
2018,,,Қостанай,KZKUS,18.63
2018,,,Қызылорда,KZKZY,20.65
2018,,,Маңғыстау,KZMAN,35.04
2018,,,Павлодар,KZPAV,18.47
2018,,,Солтүстік Қазақстан,KZSEV,19.55
2018,,,Түркістан,KZYUZ,30.92
2018,,,Шығыс Қазақстан,KZVOS,19.52
2018,,,Нұр-Сұлтан қаласы,KZNS,15.07
2018,,,Алматы қаласы,KZALA,12.31
2018,,,Шымкент қаласы,KZSHY,24.34
2018,,қала,,,21.09
2018,,қала,Ақмола,KZAKM,20.1
2018,,қала,Ақтөбе,KZAKT,18.9
2018,,қала,Алматы,KZALM,31.06
2018,,қала,Атырау,KZATY,28.76
2018,,қала,Батыс Қазақстан,KZZAP,20.77
2018,,қала,Жамбыл,KZZHA,29.45
2018,,қала,Қарағанды,KZKAR,20.1
2018,,қала,Қостанай,KZKUS,14.14
2018,,қала,Қызылорда,KZKZY,20.81
2018,,қала,Маңғыстау,KZMAN,36.41
2018,,қала,Павлодар,KZPAV,16.43
2018,,қала,Солтүстік Қазақстан,KZSEV,16.84
2018,,қала,Түркістан,KZYUZ,38.55
2018,,қала,Шығыс Қазақстан,KZVOS,19.48
2018,,қала,Нұр-Сұлтан қаласы,KZNS,15.07
2018,,қала,Алматы қаласы,KZALA,12.31
2018,,қала,Шымкент қаласы,KZSHY,24.34
2018,,ауыл,,,27.01
2018,,ауыл,Ақмола,KZAKM,22.74
2018,,ауыл,Ақтөбе,KZAKT,15.65
2018,,ауыл,Алматы,KZALM,28.14
2018,,ауыл,Атырау,KZATY,27.68
2018,,ауыл,Батыс Қазақстан,KZZAP,21.1
2018,,ауыл,Жамбыл,KZZHA,40.8
2018,,ауыл,Қарағанды,KZKAR,21.36
2018,,ауыл,Қостанай,KZKUS,22.51
2018,,ауыл,Қызылорда,KZKZY,20.54
2018,,ауыл,Маңғыстау,KZMAN,34.27
2018,,ауыл,Павлодар,KZPAV,22.26
2018,,ауыл,Солтүстік Қазақстан,KZSEV,21.07
2018,,ауыл,Түркістан,KZYUZ,29.23
2018,,ауыл,Шығыс Қазақстан,KZVOS,19.57
2019,10 жастан 14 жасқа дейін,,,,0.024606669227583
2019,10 жастан 14 жасқа дейін,,Ақмола,KZAKM,0.037500937523438
2019,10 жастан 14 жасқа дейін,,Ақтөбе,KZAKT,0.0302411733575262
2019,10 жастан 14 жасқа дейін,,Алматы,KZALM,0.0469819941507417
2019,10 жастан 14 жасқа дейін,,Атырау,KZATY,0.0360405816949885
2019,10 жастан 14 жасқа дейін,,Батыс Қазақстан,KZZAP,0.0
2019,10 жастан 14 жасқа дейін,,Жамбыл,KZZHA,0.0551343900758097
2019,10 жастан 14 жасқа дейін,,Қарағанды,KZKAR,0.0412711514651258
2019,10 жастан 14 жасқа дейін,,Қостанай,KZKUS,0.0
2019,10 жастан 14 жасқа дейін,,Қызылорда,KZKZY,0.0
2019,10 жастан 14 жасқа дейін,,Маңғыстау,KZMAN,0.0
2019,10 жастан 14 жасқа дейін,,Павлодар,KZPAV,0.0
2019,10 жастан 14 жасқа дейін,,Солтүстік Қазақстан,KZSEV,0.0
2019,10 жастан 14 жасқа дейін,,Түркістан,KZYUZ,0.0
2019,10 жастан 14 жасқа дейін,,Шығыс Қазақстан,KZVOS,0.0419498280057051
2019,10 жастан 14 жасқа дейін,,Нұр-Сұлтан қаласы,KZNS,0.0277611981733131
2019,10 жастан 14 жасқа дейін,,Алматы қаласы,KZALA,0.0
2019,10 жастан 14 жасқа дейін,,Шымкент қаласы,KZSHY,0.0661346501477007
2019,10 жастан 14 жасқа дейін,қала,,,0.0182181835690202
2019,10 жастан 14 жасқа дейін,қала,Ақмола,KZAKM,0.0
2019,10 жастан 14 жасқа дейін,қала,Ақтөбе,KZAKT,0.0456266824839165
2019,10 жастан 14 жасқа дейін,қала,Алматы,KZALM,0.0
2019,10 жастан 14 жасқа дейін,қала,Атырау,KZATY,0.0692281066112841
2019,10 жастан 14 жасқа дейін,қала,Батыс Қазақстан,KZZAP,0.0
2019,10 жастан 14 жасқа дейін,қала,Жамбыл,KZZHA,0.0
2019,10 жастан 14 жасқа дейін,қала,Қарағанды,KZKAR,0.0270244706581809
2019,10 жастан 14 жасқа дейін,қала,Қостанай,KZKUS,0.0
2019,10 жастан 14 жасқа дейін,қала,Қызылорда,KZKZY,0.0
2019,10 жастан 14 жасқа дейін,қала,Маңғыстау,KZMAN,0.0
2019,10 жастан 14 жасқа дейін,қала,Павлодар,KZPAV,0.0
2019,10 жастан 14 жасқа дейін,қала,Солтүстік Қазақстан,KZSEV,0.0
2019,10 жастан 14 жасқа дейін,қала,Түркістан,KZYUZ,0.0
2019,10 жастан 14 жасқа дейін,қала,Шығыс Қазақстан,KZVOS,0.0
2019,10 жастан 14 жасқа дейін,қала,Нұр-Сұлтан қаласы,KZNS,0.0277611981733131
2019,10 жастан 14 жасқа дейін,қала,Алматы қаласы,KZALA,0.0
2019,10 жастан 14 жасқа дейін,қала,Шымкент қаласы,KZSHY,0.0661346501477007
2019,10 жастан 14 жасқа дейін,ауыл,,,0.0316749573467903
2019,10 жастан 14 жасқа дейін,ауыл,Ақмола,KZAKM,0.0660218532334202
2019,10 жастан 14 жасқа дейін,ауыл,Ақтөбе,KZAKT,0.0
2019,10 жастан 14 жасқа дейін,ауыл,Алматы,KZALM,0.0594018236359856
2019,10 жастан 14 жасқа дейін,ауыл,Атырау,KZATY,0.0
2019,10 жастан 14 жасқа дейін,ауыл,Батыс Қазақстан,KZZAP,0.0
2019,10 жастан 14 жасқа дейін,ауыл,Жамбыл,KZZHA,0.0869590422910809
2019,10 жастан 14 жасқа дейін,ауыл,Қарағанды,KZKAR,0.0872866931436302
2019,10 жастан 14 жасқа дейін,ауыл,Қостанай,KZKUS,0.0
2019,10 жастан 14 жасқа дейін,ауыл,Қызылорда,KZKZY,0.0
2019,10 жастан 14 жасқа дейін,ауыл,Маңғыстау,KZMAN,0.0
2019,10 жастан 14 жасқа дейін,ауыл,Павлодар,KZPAV,0.0
2019,10 жастан 14 жасқа дейін,ауыл,Солтүстік Қазақстан,KZSEV,0.0
2019,10 жастан 14 жасқа дейін,ауыл,Түркістан,KZYUZ,0.0
2019,10 жастан 14 жасқа дейін,ауыл,Шығыс Қазақстан,KZVOS,0.0920683146894996
2019,15-19,,,,23.2
2019,,,Ақмола,KZAKM,21.6
2019,,,Ақтөбе,KZAKT,18.06
2019,,,Алматы,KZALM,27.35
2019,,,Атырау,KZATY,25.96
2019,,,Батыс Қазақстан,KZZAP,18.71
2019,,,Жамбыл,KZZHA,33.73
2019,,,Қарағанды,KZKAR,19.91
2019,,,Қостанай,KZKUS,18.48
2019,,,Қызылорда,KZKZY,18.95
2019,,,Маңғыстау,KZMAN,33.98
2019,,,Павлодар,KZPAV,18.24
2019,,,Солтүстік Қазақстан,KZSEV,19.15
2019,,,Түркістан,KZYUZ,31.97
2019,,,Шығыс Қазақстан,KZVOS,17.23
2019,,,Нұр-Сұлтан қаласы,KZNS,11.69
2019,,,Алматы қаласы,KZALA,12.39
2019,,,Шымкент қаласы,KZSHY,25.44
2019,,қала,,,20.61
2019,,қала,Ақмола,KZAKM,19.76
2019,,қала,Ақтөбе,KZAKT,20.01
2019,,қала,Алматы,KZALM,30.27
2019,,қала,Атырау,KZATY,24.43
2019,,қала,Батыс Қазақстан,KZZAP,19.1
2019,,қала,Жамбыл,KZZHA,27.77
2019,,қала,Қарағанды,KZKAR,19.23
2019,,қала,Қостанай,KZKUS,15.33
2019,,қала,Қызылорда,KZKZY,19.44
2019,,қала,Маңғыстау,KZMAN,29.86
2019,,қала,Павлодар,KZPAV,16.52
2019,,қала,Солтүстік Қазақстан,KZSEV,16.43
2019,,қала,Түркістан,KZYUZ,45.85
2019,,қала,Шығыс Қазақстан,KZVOS,16.49
2019,,қала,Нұр-Сұлтан қаласы,KZNS,11.69
2019,,қала,Алматы қаласы,KZALA,12.39
2019,,қала,Шымкент қаласы,KZSHY,20.61
2019,,ауыл,,,26.04
2019,,ауыл,Ақмола,KZAKM,22.95
2019,,ауыл,Ақтөбе,KZAKT,14.49
2019,,ауыл,Алматы,KZALM,26.57
2019,,ауыл,Атырау,KZATY,27.53
2019,,ауыл,Батыс Қазақстан,KZZAP,18.36
2019,,ауыл,Жамбыл,KZZHA,37.14
2019,,ауыл,Қарағанды,KZKAR,21.96
2019,,ауыл,Қостанай,KZKUS,21.61
2019,,ауыл,Қызылорда,KZKZY,18.64
2019,,ауыл,Маңғыстау,KZMAN,36.34
2019,,ауыл,Павлодар,KZPAV,21.43
2019,,ауыл,Солтүстік Қазақстан,KZSEV,20.7
2019,,ауыл,Түркістан,KZYUZ,28.85
2019,,ауыл,Шығыс Қазақстан,KZVOS,18.16
