Year,UNIT_MEASURE,Жынысы,Өңірлер,Value
2015,пайыз,,,99.81213409838932
2015,пайыз,ерлер,,100.0
2015,пайыз,әйелдер,,95.54547647768396
2015,пайыз,,Ақмола,100.0
2015,пайыз,,Ақтөбе,100.0
2015,пайыз,,Алматы,97.8
2015,пайыз,,Атырау,100.0
2015,пайыз,,Батыс Қазақстан,100.0
2015,пайыз,,Жамбыл,100.0
2015,пайыз,,Қарағанды,100.0
2015,пайыз,,Қостанай,100.0
2015,пайыз,,Қызылорда,100.0
2015,пайыз,,Маңғыстау,100.0
2015,пайыз,,Оңтүстік Қазақстан,99.5
2015,пайыз,,Павлодар,100.0
2015,пайыз,,Солтүстік Қазақстан,100.0
2015,пайыз,,Шығыс Қазақстан,100.0
2015,пайыз,,Нұр-Сұлтан қаласы,99.7
2015,пайыз,,Алматы қаласы,99.8
2015,пайыз,ерлер,Ақмола,100.0
2015,пайыз,әйелдер,Ақмола,100.0
2015,пайыз,ерлер,Ақтөбе,100.0
2015,пайыз,әйелдер,Ақтөбе,100.0
2015,пайыз,ерлер,Алматы,97.94669047315394
2015,пайыз,әйелдер,Алматы,97.69844146429864
2015,пайыз,ерлер,Атырау,100.0
2015,пайыз,әйелдер,Атырау,100.0
2015,пайыз,ерлер,Батыс Қазақстан,100.0
2015,пайыз,әйелдер,Батыс Қазақстан,100.0
2015,пайыз,ерлер,Жамбыл,100.0
2015,пайыз,әйелдер,Жамбыл,100.0
2015,пайыз,ерлер,Қарағанды,100.0
2015,пайыз,әйелдер,Қарағанды,100.0
2015,пайыз,ерлер,Қостанай,100.0
2015,пайыз,әйелдер,Қостанай,100.0
2015,пайыз,ерлер,Қызылорда,100.0
2015,пайыз,әйелдер,Қызылорда,100.0
2015,пайыз,ерлер,Маңғыстау,100.0
2015,пайыз,әйелдер,Маңғыстау,100.0
2015,пайыз,ерлер,Оңтүстік Қазақстан,99.03708400854882
2015,пайыз,әйелдер,Оңтүстік Қазақстан,100.0
2015,пайыз,ерлер,Павлодар,100.0
2015,пайыз,әйелдер,Павлодар,100.0
2015,пайыз,ерлер,Солтүстік Қазақстан,100.0
2015,пайыз,әйелдер,Солтүстік Қазақстан,100.0
2015,пайыз,ерлер,Шығыс Қазақстан,100.0
2015,пайыз,әйелдер,Шығыс Қазақстан,100.0
2015,пайыз,ерлер,Нұр-Сұлтан қаласы,100.0
2015,пайыз,әйелдер,Нұр-Сұлтан қаласы,82.83477036776351
2015,пайыз,ерлер,Алматы қаласы,100.0
2015,пайыз,әйелдер,Алматы қаласы,93.84175167952226
2016,пайыз,,,95.85777639042873
2016,пайыз,ерлер,,98.77800407331976
2016,пайыз,әйелдер,,92.88182559087204
2016,пайыз,,Ақмола,100.0
2016,пайыз,,Ақтөбе,100.0
2016,пайыз,,Алматы,100.0
2016,пайыз,,Атырау,100.0
2016,пайыз,,Батыс Қазақстан,100.0
2016,пайыз,,Жамбыл,100.0
2016,пайыз,,Қарағанды,96.8
2016,пайыз,,Қостанай,100.0
2016,пайыз,,Қызылорда,100.0
2016,пайыз,,Маңғыстау,100.0
2016,пайыз,,Оңтүстік Қазақстан,88.1
2016,пайыз,,Павлодар,100.0
2016,пайыз,,Солтүстік Қазақстан,100.0
2016,пайыз,,Шығыс Қазақстан,100.0
2016,пайыз,,Нұр-Сұлтан қаласы,84.9
2016,пайыз,,Алматы қаласы,89.5
2016,пайыз,ерлер,Ақмола,100.0
2016,пайыз,әйелдер,Ақмола,100.0
2016,пайыз,ерлер,Ақтөбе,100.0
2016,пайыз,әйелдер,Ақтөбе,100.0
2016,пайыз,ерлер,Алматы,100.0
2016,пайыз,әйелдер,Алматы,100.0
2016,пайыз,ерлер,Атырау,100.0
2016,пайыз,әйелдер,Атырау,100.0
2016,пайыз,ерлер,Батыс Қазақстан,100.0
2016,пайыз,әйелдер,Батыс Қазақстан,100.0
2016,пайыз,ерлер,Жамбыл,100.0
2016,пайыз,әйелдер,Жамбыл,100.0
2016,пайыз,ерлер,Қарағанды,97.24794020215748
2016,пайыз,әйелдер,Қарағанды,96.27645560727144
2016,пайыз,ерлер,Қостанай,100.0
2016,пайыз,әйелдер,Қостанай,100.0
2016,пайыз,ерлер,Қызылорда,100.0
2016,пайыз,әйелдер,Қызылорда,100.0
2016,пайыз,ерлер,Маңғыстау,100.0
2016,пайыз,әйелдер,Маңғыстау,100.0
2016,пайыз,ерлер,Оңтүстік Қазақстан,85.98361780991168
2016,пайыз,әйелдер,Оңтүстік Қазақстан,90.45462462985545
2016,пайыз,ерлер,Павлодар,100.0
2016,пайыз,әйелдер,Павлодар,100.0
2016,пайыз,ерлер,Солтүстік Қазақстан,100.0
2016,пайыз,әйелдер,Солтүстік Қазақстан,100.0
2016,пайыз,ерлер,Шығыс Қазақстан,100.0
2016,пайыз,әйелдер,Шығыс Қазақстан,100.0
2016,пайыз,ерлер,Нұр-Сұлтан қаласы,92.793014389374
2016,пайыз,әйелдер,Нұр-Сұлтан қаласы,77.94717629375134
2016,пайыз,ерлер,Алматы қаласы,97.80531260123097
2016,пайыз,әйелдер,Алматы қаласы,81.96733372572102
2017,пайыз,,,99.19755003760682
2017,пайыз,ерлер,,99.77661051741832
2017,пайыз,әйелдер,,98.59434698979564
2017,пайыз,,Ақмола,100.0
2017,пайыз,,Ақтөбе,100.0
2017,пайыз,,Алматы,100.0
2017,пайыз,,Атырау,100.0
2017,пайыз,,Батыс Қазақстан,100.0
2017,пайыз,,Жамбыл,100.0
2017,пайыз,,Қарағанды,100.0
2017,пайыз,,Қостанай,100.0
2017,пайыз,,Қызылорда,100.0
2017,пайыз,,Маңғыстау,100.0
2017,пайыз,,Оңтүстік Қазақстан,100.0
2017,пайыз,,Павлодар,100.0
2017,пайыз,,Солтүстік Қазақстан,96.1
2017,пайыз,,Шығыс Қазақстан,100.0
2017,пайыз,,Нұр-Сұлтан қаласы,89.3
2017,пайыз,,Алматы қаласы,95.4
2017,пайыз,ерлер,Ақмола,100.0
2017,пайыз,әйелдер,Ақмола,100.0
2017,пайыз,ерлер,Ақтөбе,100.0
2017,пайыз,әйелдер,Ақтөбе,100.0
2017,пайыз,ерлер,Алматы,100.0
2017,пайыз,әйелдер,Алматы,100.0
2017,пайыз,ерлер,Атырау,100.0
2017,пайыз,әйелдер,Атырау,100.0
2017,пайыз,ерлер,Батыс Қазақстан,100.0
2017,пайыз,әйелдер,Батыс Қазақстан,100.0
2017,пайыз,ерлер,Жамбыл,100.0
2017,пайыз,әйелдер,Жамбыл,100.0
2017,пайыз,ерлер,Қарағанды,100.0
2017,пайыз,әйелдер,Қарағанды,100.0
2017,пайыз,ерлер,Қостанай,100.0
2017,пайыз,әйелдер,Қостанай,100.0
2017,пайыз,ерлер,Қызылорда,100.0
2017,пайыз,әйелдер,Қызылорда,100.0
2017,пайыз,ерлер,Маңғыстау,100.0
2017,пайыз,әйелдер,Маңғыстау,100.0
2017,пайыз,ерлер,Оңтүстік Қазақстан,100.0
2017,пайыз,әйелдер,Оңтүстік Қазақстан,100.0
2017,пайыз,ерлер,Павлодар,100.0
2017,пайыз,әйелдер,Павлодар,100.0
2017,пайыз,ерлер,Солтүстік Қазақстан,93.96976090014064
2017,пайыз,әйелдер,Солтүстік Қазақстан,98.47939175670268
2017,пайыз,ерлер,Шығыс Қазақстан,100.0
2017,пайыз,әйелдер,Шығыс Қазақстан,100.0
2017,пайыз,ерлер,Нұр-Сұлтан қаласы,88.93717182690567
2017,пайыз,әйелдер,Нұр-Сұлтан қаласы,89.72860538827258
2017,пайыз,ерлер,Алматы қаласы,100.0
2017,пайыз,әйелдер,Алматы қаласы,86.6578415662231
2018,пайыз,,,93.83096929119436
2018,пайыз,ерлер,,91.65236639043032
2018,пайыз,әйелдер,,96.26536706438978
2018,пайыз,,Ақмола,100.0
2018,пайыз,,Ақтөбе,100.0
2018,пайыз,,Алматы,100.0
2018,пайыз,,Атырау,100.0
2018,пайыз,,Батыс Қазақстан,100.0
2018,пайыз,,Жамбыл,91.3
2018,пайыз,,Қарағанды,100.0
2018,пайыз,,Қостанай,100.0
2018,пайыз,,Қызылорда,100.0
2018,пайыз,,Маңғыстау,100.0
2018,пайыз,,Павлодар,100.0
2018,пайыз,,Солтүстік Қазақстан,100.0
2018,пайыз,,Түркістан,90.2
2018,пайыз,,Шығыс Қазақстан,100.0
2018,пайыз,,Нұр-Сұлтан қаласы,66.7
2018,пайыз,,Алматы қаласы,80.2
2018,пайыз,,Шымкент қаласы,89.4
2018,пайыз,ерлер,Ақмола,100.0
2018,пайыз,әйелдер,Ақмола,100.0
2018,пайыз,ерлер,Ақтөбе,100.0
2018,пайыз,әйелдер,Ақтөбе,100.0
2018,пайыз,ерлер,Алматы,100.0
2018,пайыз,әйелдер,Алматы,100.0
2018,пайыз,ерлер,Атырау,100.0
2018,пайыз,әйелдер,Атырау,100.0
2018,пайыз,ерлер,Батыс Қазақстан,100.0
2018,пайыз,әйелдер,Батыс Қазақстан,100.0
2018,пайыз,ерлер,Жамбыл,100.0
2018,пайыз,әйелдер,Жамбыл,82.15533623490468
2018,пайыз,ерлер,Қарағанды,100.0
2018,пайыз,әйелдер,Қарағанды,100.0
2018,пайыз,ерлер,Қостанай,100.0
2018,пайыз,әйелдер,Қостанай,100.0
2018,пайыз,ерлер,Қызылорда,100.0
2018,пайыз,әйелдер,Қызылорда,100.0
2018,пайыз,ерлер,Маңғыстау,100.0
2018,пайыз,әйелдер,Маңғыстау,100.0
2018,пайыз,ерлер,Түркістан,88.08910636106103
2018,пайыз,әйелдер,Түркістан,92.53446387960804
2018,пайыз,ерлер,Павлодар,100.0
2018,пайыз,әйелдер,Павлодар,100.0
2018,пайыз,ерлер,Солтүстік Қазақстан,100.0
2018,пайыз,әйелдер,Солтүстік Қазақстан,100.0
2018,пайыз,ерлер,Шығыс Қазақстан,100.0
2018,пайыз,әйелдер,Шығыс Қазақстан,100.0
2018,пайыз,ерлер,Нұр-Сұлтан қаласы,67.87322480083131
2018,пайыз,әйелдер,Нұр-Сұлтан қаласы,65.53822521564457
2018,пайыз,ерлер,Алматы қаласы,78.37239759743485
2018,пайыз,әйелдер,Алматы қаласы,82.22153273347813
2018,пайыз,ерлер,Шымкент қаласы,88.21177032350484
2018,пайыз,әйелдер,Шымкент қаласы,90.7781358942314
2019,пайыз,,,98.3
2019,пайыз,ерлер,,98.3
2019,пайыз,әйелдер,,98.7
2019,пайыз,,Ақмола,100.0
2019,пайыз,,Ақтөбе,100.0
2019,пайыз,,Алматы,100.0
2019,пайыз,,Атырау,100.0
2019,пайыз,,Батыс Қазақстан,100.0
2019,пайыз,,Жамбыл,100.0
2019,пайыз,,Қарағанды,100.0
2019,пайыз,,Қостанай,100.0
2019,пайыз,,Қызылорда,100.0
2019,пайыз,,Маңғыстау,100.0
2019,пайыз,,Павлодар,100.0
2019,пайыз,,Солтүстік Қазақстан,100.0
2019,пайыз,,Түркістан,100.0
2019,пайыз,,Шығыс Қазақстан,100.0
2019,пайыз,,Нұр-Сұлтан қаласы,98.6
2019,пайыз,,Алматы қаласы,81.4
2019,пайыз,,Шымкент қаласы,100.0
2019,пайыз,ерлер,Ақмола,100.0
2019,пайыз,әйелдер,Ақмола,100.0
2019,пайыз,ерлер,Ақтөбе,100.0
2019,пайыз,әйелдер,Ақтөбе,100.0
2019,пайыз,ерлер,Алматы,100.0
2019,пайыз,әйелдер,Алматы,100.0
2019,пайыз,ерлер,Атырау,100.0
2019,пайыз,әйелдер,Атырау,100.0
2019,пайыз,ерлер,Батыс Қазақстан,100.0
2019,пайыз,әйелдер,Батыс Қазақстан,100.0
2019,пайыз,ерлер,Жамбыл,100.0
2019,пайыз,әйелдер,Жамбыл,100.0
2019,пайыз,ерлер,Қарағанды,100.0
2019,пайыз,әйелдер,Қарағанды,100.0
2019,пайыз,ерлер,Қостанай,100.0
2019,пайыз,әйелдер,Қостанай,100.0
2019,пайыз,ерлер,Қызылорда,100.0
2019,пайыз,әйелдер,Қызылорда,100.0
2019,пайыз,ерлер,Маңғыстау,100.0
2019,пайыз,әйелдер,Маңғыстау,100.0
2019,пайыз,ерлер,Түркістан,100.0
2019,пайыз,әйелдер,Түркістан,100.0
2019,пайыз,ерлер,Павлодар,100.0
2019,пайыз,әйелдер,Павлодар,100.0
2019,пайыз,ерлер,Солтүстік Қазақстан,100.0
2019,пайыз,әйелдер,Солтүстік Қазақстан,100.0
2019,пайыз,ерлер,Шығыс Қазақстан,100.0
2019,пайыз,әйелдер,Шығыс Қазақстан,100.0
2019,пайыз,ерлер,Нұр-Сұлтан қаласы,97.3
2019,пайыз,әйелдер,Нұр-Сұлтан қаласы,98.5
2019,пайыз,ерлер,Алматы қаласы,79.4
2019,пайыз,әйелдер,Алматы қаласы,83.6
2019,пайыз,ерлер,Шымкент қаласы,100.0
2019,пайыз,әйелдер,Шымкент қаласы,100.0
