Year,UNIT_MEASURE,Өңірлер,Жынысы,Аймақ,Жасы,Value
2012,пайыз,,,,,26.0
2012,пайыз,Ақмола,,,,20.5
2012,пайыз,Ақтөбе,,,,24.7
2012,пайыз,Алматы,,,,28.2
2012,пайыз,Атырау,,,,8.2
2012,пайыз,Батыс Қазақстан,,,,28.4
2012,пайыз,Жамбыл,,,,31.3
2012,пайыз,Қарағанды,,,,25.8
2012,пайыз,Қостанай,,,,38.3
2012,пайыз,Қызылорда,,,,17.1
2012,пайыз,Маңғыстау,,,,2.4
2012,пайыз,Оңтүстік Қазақстан,,,,37.2
2012,пайыз,Павлодар,,,,29.4
2012,пайыз,Солтүстік Қазақстан,,,,40.0
2012,пайыз,Шығыс Қазақстан,,,,29.8
2012,пайыз,Нұр-Сұлтан қаласы,,,,13.3
2012,пайыз,Алматы қаласы,,,,9.8
2012,пайыз,,ерлер,,,24.7
2012,пайыз,Ақмола,ерлер,,,21.6
2012,пайыз,Ақтөбе,ерлер,,,21.8
2012,пайыз,Алматы,ерлер,,,28.7
2012,пайыз,Атырау,ерлер,,,7.5
2012,пайыз,Батыс Қазақстан,ерлер,,,30.9
2012,пайыз,Жамбыл,ерлер,,,28.0
2012,пайыз,Қарағанды,ерлер,,,23.0
2012,пайыз,Қостанай,ерлер,,,35.9
2012,пайыз,Қызылорда,ерлер,,,15.8
2012,пайыз,Маңғыстау,ерлер,,,2.3
2012,пайыз,Оңтүстік Қазақстан,ерлер,,,35.4
2012,пайыз,Павлодар,ерлер,,,27.1
2012,пайыз,Солтүстік Қазақстан,ерлер,,,35.2
2012,пайыз,Шығыс Қазақстан,ерлер,,,27.3
2012,пайыз,Нұр-Сұлтан қаласы,ерлер,,,12.4
2012,пайыз,Алматы қаласы,ерлер,,,10.5
2012,пайыз,,әйелдер,,,27.5
2012,пайыз,Ақмола,әйелдер,,,19.3
2012,пайыз,Ақтөбе,әйелдер,,,27.7
2012,пайыз,Алматы,әйелдер,,,27.6
2012,пайыз,Атырау,әйелдер,,,8.9
2012,пайыз,Батыс Қазақстан,әйелдер,,,25.7
2012,пайыз,Жамбыл,әйелдер,,,34.7
2012,пайыз,Қарағанды,әйелдер,,,28.9
2012,пайыз,Қостанай,әйелдер,,,40.7
2012,пайыз,Қызылорда,әйелдер,,,18.6
2012,пайыз,Маңғыстау,әйелдер,,,2.6
2012,пайыз,Оңтүстік Қазақстан,әйелдер,,,39.2
2012,пайыз,Павлодар,әйелдер,,,31.8
2012,пайыз,Солтүстік Қазақстан,әйелдер,,,44.6
2012,пайыз,Шығыс Қазақстан,әйелдер,,,32.5
2012,пайыз,Нұр-Сұлтан қаласы,әйелдер,,,14.3
2012,пайыз,Алматы қаласы,әйелдер,,,9.1
2012,пайыз,,,қала,,16.0
2012,пайыз,Ақмола,,қала,,14.9
2012,пайыз,Ақтөбе,,қала,,16.8
2012,пайыз,Алматы,,қала,,21.4
2012,пайыз,Атырау,,қала,,3.1
2012,пайыз,Батыс Қазақстан,,қала,,5.6
2012,пайыз,Жамбыл,,қала,,14.6
2012,пайыз,Қарағанды,,қала,,23.5
2012,пайыз,Қостанай,,қала,,18.2
2012,пайыз,Қызылорда,,қала,,11.5
2012,пайыз,Маңғыстау,,қала,,2.1
2012,пайыз,Оңтүстік Қазақстан,,қала,,23.9
2012,пайыз,Павлодар,,қала,,17.9
2012,пайыз,Солтүстік Қазақстан,,қала,,24.9
2012,пайыз,Шығыс Қазақстан,,қала,,18.0
2012,пайыз,Нұр-Сұлтан қаласы,,қала,,13.3
2012,пайыз,Алматы қаласы,,қала,,9.8
2012,пайыз,,,ауыл,,37.9
2012,пайыз,Ақмола,,ауыл,,25.2
2012,пайыз,Ақтөбе,,ауыл,,37.9
2012,пайыз,Алматы,,ауыл,,30.2
2012,пайыз,Атырау,,ауыл,,13.2
2012,пайыз,Батыс Қазақстан,,ауыл,,47.0
2012,пайыз,Жамбыл,,ауыл,,40.7
2012,пайыз,Қарағанды,,ауыл,,33.6
2012,пайыз,Қостанай,,ауыл,,56.8
2012,пайыз,Қызылорда,,ауыл,,21.5
2012,пайыз,Маңғыстау,,ауыл,,2.8
2012,пайыз,Оңтүстік Қазақстан,,ауыл,,45.3
2012,пайыз,Павлодар,,ауыл,,50.9
2012,пайыз,Солтүстік Қазақстан,,ауыл,,49.3
2012,пайыз,Шығыс Қазақстан,,ауыл,,46.2
2012,пайыз,,,,Y15,99.3
2012,пайыз,,,,16-24,33.1
2012,пайыз,,,,25-28,22.9
2012,пайыз,,,,29-34,24.4
2012,пайыз,,,,35-44,24.2
2012,пайыз,,,,45-54,23.5
2012,пайыз,,,,55-64,30.4
2012,пайыз,,,,65 және одан үлкен,62.6
2012,пайыз,Ақмола,,,Y15,73.9
2012,пайыз,Ақмола,,,16-24,18.5
2012,пайыз,Ақмола,,,25-28,14.8
2012,пайыз,Ақмола,,,29-34,17.7
2012,пайыз,Ақмола,,,35-44,22.5
2012,пайыз,Ақмола,,,45-54,22.6
2012,пайыз,Ақмола,,,55-64,18.2
2012,пайыз,Ақмола,,,65 және одан үлкен,77.0
2012,пайыз,Ақтөбе,,,16-24,38.8
2012,пайыз,Ақтөбе,,,25-28,25.8
2012,пайыз,Ақтөбе,,,29-34,22.4
2012,пайыз,Ақтөбе,,,35-44,19.4
2012,пайыз,Ақтөбе,,,45-54,22.3
2012,пайыз,Ақтөбе,,,55-64,37.6
2012,пайыз,Ақтөбе,,,65 және одан үлкен,100.0
2012,пайыз,Алматы,,,16-24,27.0
2012,пайыз,Алматы,,,25-28,25.7
2012,пайыз,Алматы,,,29-34,28.4
2012,пайыз,Алматы,,,35-44,29.2
2012,пайыз,Алматы,,,45-54,29.2
2012,пайыз,Алматы,,,55-64,28.3
2012,пайыз,Алматы,,,65 және одан үлкен,36.0
2012,пайыз,Атырау,,,16-24,11.3
2012,пайыз,Атырау,,,25-28,5.8
2012,пайыз,Атырау,,,29-34,8.2
2012,пайыз,Атырау,,,35-44,9.7
2012,пайыз,Атырау,,,45-54,5.9
2012,пайыз,Атырау,,,55-64,7.3
2012,пайыз,Батыс Қазақстан,,,16-24,28.2
2012,пайыз,Батыс Қазақстан,,,25-28,31.4
2012,пайыз,Батыс Қазақстан,,,29-34,24.2
2012,пайыз,Батыс Қазақстан,,,35-44,27.5
2012,пайыз,Батыс Қазақстан,,,45-54,25.6
2012,пайыз,Батыс Қазақстан,,,55-64,42.1
2012,пайыз,Батыс Қазақстан,,,65 және одан үлкен,81.5
2012,пайыз,Жамбыл,,,Y15,100.0
2012,пайыз,Жамбыл,,,16-24,39.4
2012,пайыз,Жамбыл,,,25-28,33.1
2012,пайыз,Жамбыл,,,29-34,30.0
2012,пайыз,Жамбыл,,,35-44,29.5
2012,пайыз,Жамбыл,,,45-54,25.1
2012,пайыз,Жамбыл,,,55-64,32.6
2012,пайыз,Жамбыл,,,65 және одан үлкен,36.3
2012,пайыз,Қарағанды,,,16-24,40.0
2012,пайыз,Қарағанды,,,25-28,22.3
2012,пайыз,Қарағанды,,,29-34,23.3
2012,пайыз,Қарағанды,,,35-44,20.6
2012,пайыз,Қарағанды,,,45-54,19.7
2012,пайыз,Қарағанды,,,55-64,33.0
2012,пайыз,Қарағанды,,,65 және одан үлкен,76.2
2012,пайыз,Қостанай,,,Y15,100.0
2012,пайыз,Қостанай,,,16-24,57.5
2012,пайыз,Қостанай,,,25-28,32.8
2012,пайыз,Қостанай,,,29-34,31.7
2012,пайыз,Қостанай,,,35-44,33.0
2012,пайыз,Қостанай,,,45-54,34.1
2012,пайыз,Қостанай,,,55-64,40.1
2012,пайыз,Қостанай,,,65 және одан үлкен,90.3
2012,пайыз,Қызылорда,,,16-24,20.8
2012,пайыз,Қызылорда,,,25-28,14.6
2012,пайыз,Қызылорда,,,29-34,19.4
2012,пайыз,Қызылорда,,,35-44,16.0
2012,пайыз,Қызылорда,,,45-54,15.5
2012,пайыз,Қызылорда,,,55-64,17.6
2012,пайыз,Маңғыстау,,,16-24,1.8
2012,пайыз,Маңғыстау,,,25-28,2.1
2012,пайыз,Маңғыстау,,,29-34,1.4
2012,пайыз,Маңғыстау,,,35-44,3.2
2012,пайыз,Маңғыстау,,,45-54,3.6
2012,пайыз,Маңғыстау,,,55-64,2.2
2012,пайыз,Оңтүстік Қазақстан,,,16-24,44.8
2012,пайыз,Оңтүстік Қазақстан,,,25-28,33.2
2012,пайыз,Оңтүстік Қазақстан,,,29-34,38.7
2012,пайыз,Оңтүстік Қазақстан,,,35-44,37.2
2012,пайыз,Оңтүстік Қазақстан,,,45-54,32.9
2012,пайыз,Оңтүстік Қазақстан,,,55-64,34.7
2012,пайыз,Оңтүстік Қазақстан,,,65 және одан үлкен,38.4
2012,пайыз,Павлодар,,,Y15,100.0
2012,пайыз,Павлодар,,,16-24,41.0
2012,пайыз,Павлодар,,,25-28,24.3
2012,пайыз,Павлодар,,,29-34,30.2
2012,пайыз,Павлодар,,,35-44,22.9
2012,пайыз,Павлодар,,,45-54,22.5
2012,пайыз,Павлодар,,,55-64,41.6
2012,пайыз,Павлодар,,,65 және одан үлкен,98.7
2012,пайыз,Солтүстік Қазақстан,,,16-24,49.1
2012,пайыз,Солтүстік Қазақстан,,,25-28,30.7
2012,пайыз,Солтүстік Қазақстан,,,29-34,37.2
2012,пайыз,Солтүстік Қазақстан,,,35-44,32.0
2012,пайыз,Солтүстік Қазақстан,,,45-54,32.1
2012,пайыз,Солтүстік Қазақстан,,,55-64,59.2
2012,пайыз,Солтүстік Қазақстан,,,65 және одан үлкен,96.5
2012,пайыз,Шығыс Қазақстан,,,16-24,35.7
2012,пайыз,Шығыс Қазақстан,,,25-28,24.2
2012,пайыз,Шығыс Қазақстан,,,29-34,29.2
2012,пайыз,Шығыс Қазақстан,,,35-44,29.9
2012,пайыз,Шығыс Қазақстан,,,45-54,29.5
2012,пайыз,Шығыс Қазақстан,,,55-64,29.6
2012,пайыз,Шығыс Қазақстан,,,65 және одан үлкен,38.0
2012,пайыз,Нұр-Сұлтан қаласы,,,16-24,24.9
2012,пайыз,Нұр-Сұлтан қаласы,,,25-28,13.7
2012,пайыз,Нұр-Сұлтан қаласы,,,29-34,11.2
2012,пайыз,Нұр-Сұлтан қаласы,,,35-44,12.6
2012,пайыз,Нұр-Сұлтан қаласы,,,45-54,9.7
2012,пайыз,Нұр-Сұлтан қаласы,,,55-64,5.0
2012,пайыз,Алматы қаласы,,,16-24,13.8
2012,пайыз,Алматы қаласы,,,25-28,9.9
2012,пайыз,Алматы қаласы,,,29-34,10.4
2012,пайыз,Алматы қаласы,,,35-44,9.0
2012,пайыз,Алматы қаласы,,,45-54,7.7
2012,пайыз,Алматы қаласы,,,55-64,9.4
2012,пайыз,Алматы қаласы,,,65 және одан үлкен,28.6
2013,пайыз,,,,,24.3
2013,пайыз,Ақмола,,,,21.3
2013,пайыз,Ақтөбе,,,,21.5
2013,пайыз,Алматы,,,,21.5
2013,пайыз,Атырау,,,,7.5
2013,пайыз,Батыс Қазақстан,,,,28.9
2013,пайыз,Жамбыл,,,,43.9
2013,пайыз,Қарағанды,,,,19.7
2013,пайыз,Қостанай,,,,37.3
2013,пайыз,Қызылорда,,,,14.9
2013,пайыз,Маңғыстау,,,,5.9
2013,пайыз,Оңтүстік Қазақстан,,,,32.4
2013,пайыз,Павлодар,,,,29.3
2013,пайыз,Солтүстік Қазақстан,,,,39.0
2013,пайыз,Шығыс Қазақстан,,,,29.5
2013,пайыз,Нұр-Сұлтан қаласы,,,,4.9
2013,пайыз,Алматы қаласы,,,,10.5
2013,пайыз,,ерлер,,,24.0
2013,пайыз,Ақмола,ерлер,,,21.7
2013,пайыз,Ақтөбе,ерлер,,,23.6
2013,пайыз,Алматы,ерлер,,,22.9
2013,пайыз,Атырау,ерлер,,,7.7
2013,пайыз,Батыс Қазақстан,ерлер,,,32.4
2013,пайыз,Жамбыл,ерлер,,,41.9
2013,пайыз,Қарағанды,ерлер,,,17.8
2013,пайыз,Қостанай,ерлер,,,34.9
2013,пайыз,Қызылорда,ерлер,,,14.8
2013,пайыз,Маңғыстау,ерлер,,,4.7
2013,пайыз,Оңтүстік Қазақстан,ерлер,,,31.9
2013,пайыз,Павлодар,ерлер,,,25.9
2013,пайыз,Солтүстік Қазақстан,ерлер,,,34.5
2013,пайыз,Шығыс Қазақстан,ерлер,,,29.6
2013,пайыз,Нұр-Сұлтан қаласы,ерлер,,,5.3
2013,пайыз,Алматы қаласы,ерлер,,,11.8
2013,пайыз,,әйелдер,,,24.6
2013,пайыз,Ақмола,әйелдер,,,20.9
2013,пайыз,Ақтөбе,әйелдер,,,19.3
2013,пайыз,Алматы,әйелдер,,,20.0
2013,пайыз,Атырау,әйелдер,,,7.3
2013,пайыз,Батыс Қазақстан,әйелдер,,,25.2
2013,пайыз,Жамбыл,әйелдер,,,45.9
2013,пайыз,Қарағанды,әйелдер,,,21.7
2013,пайыз,Қостанай,әйелдер,,,39.6
2013,пайыз,Қызылорда,әйелдер,,,14.9
2013,пайыз,Маңғыстау,әйелдер,,,7.4
2013,пайыз,Оңтүстік Қазақстан,әйелдер,,,33.1
2013,пайыз,Павлодар,әйелдер,,,32.9
2013,пайыз,Солтүстік Қазақстан,әйелдер,,,43.4
2013,пайыз,Шығыс Қазақстан,әйелдер,,,29.4
2013,пайыз,Нұр-Сұлтан қаласы,әйелдер,,,4.5
2013,пайыз,Алматы қаласы,әйелдер,,,9.2
2013,пайыз,,,қала,,14.4
2013,пайыз,Ақмола,,қала,,12.8
2013,пайыз,Ақтөбе,,қала,,13.1
2013,пайыз,Алматы,,қала,,12.9
2013,пайыз,Атырау,,қала,,3.0
2013,пайыз,Батыс Қазақстан,,қала,,11.0
2013,пайыз,Жамбыл,,қала,,31.6
2013,пайыз,Қарағанды,,қала,,18.9
2013,пайыз,Қостанай,,қала,,18.6
2013,пайыз,Қызылорда,,қала,,12.2
2013,пайыз,Маңғыстау,,қала,,6.6
2013,пайыз,Оңтүстік Қазақстан,,қала,,18.7
2013,пайыз,Павлодар,,қала,,17.7
2013,пайыз,Солтүстік Қазақстан,,қала,,24.9
2013,пайыз,Шығыс Қазақстан,,қала,,15.2
2013,пайыз,Нұр-Сұлтан қаласы,,қала,,4.9
2013,пайыз,Алматы қаласы,,қала,,10.5
2013,пайыз,,,ауыл,,36.1
2013,пайыз,Ақмола,,ауыл,,28.6
2013,пайыз,Ақтөбе,,ауыл,,35.6
2013,пайыз,Алматы,,ауыл,,24.1
2013,пайыз,Атырау,,ауыл,,11.8
2013,пайыз,Батыс Қазақстан,,ауыл,,43.7
2013,пайыз,Жамбыл,,ауыл,,50.8
2013,пайыз,Қарағанды,,ауыл,,22.4
2013,пайыз,Қостанай,,ауыл,,54.8
2013,пайыз,Қызылорда,,ауыл,,17.0
2013,пайыз,Маңғыстау,,ауыл,,5.1
2013,пайыз,Оңтүстік Қазақстан,,ауыл,,41.0
2013,пайыз,Павлодар,,ауыл,,51.5
2013,пайыз,Солтүстік Қазақстан,,ауыл,,48.2
2013,пайыз,Шығыс Қазақстан,,ауыл,,49.7
2013,пайыз,,,,Y15,100.0
2013,пайыз,,,,16-24,30.2
2013,пайыз,,,,25-28,23.4
2013,пайыз,,,,29-34,23.9
2013,пайыз,,,,35-44,22.0
2013,пайыз,,,,45-54,21.3
2013,пайыз,,,,55-64,28.1
2013,пайыз,,,,65 және одан үлкен,71.2
2013,пайыз,Ақмола,,,16-24,22.0
2013,пайыз,Ақмола,,,25-28,19.2
2013,пайыз,Ақмола,,,29-34,16.8
2013,пайыз,Ақмола,,,35-44,21.4
2013,пайыз,Ақмола,,,45-54,24.1
2013,пайыз,Ақмола,,,55-64,21.4
2013,пайыз,Ақмола,,,65 және одан үлкен,33.5
2013,пайыз,Ақтөбе,,,16-24,29.5
2013,пайыз,Ақтөбе,,,25-28,22.9
2013,пайыз,Ақтөбе,,,29-34,25.9
2013,пайыз,Ақтөбе,,,35-44,15.6
2013,пайыз,Ақтөбе,,,45-54,16.3
2013,пайыз,Ақтөбе,,,55-64,27.9
2013,пайыз,Ақтөбе,,,65 және одан үлкен,22.0
2013,пайыз,Алматы,,,16-24,25.0
2013,пайыз,Алматы,,,25-28,25.0
2013,пайыз,Алматы,,,29-34,23.0
2013,пайыз,Алматы,,,35-44,21.5
2013,пайыз,Алматы,,,45-54,18.3
2013,пайыз,Алматы,,,55-64,15.6
2013,пайыз,Алматы,,,65 және одан үлкен,16.2
2013,пайыз,Атырау,,,16-24,8.4
2013,пайыз,Атырау,,,25-28,7.1
2013,пайыз,Атырау,,,29-34,6.8
2013,пайыз,Атырау,,,35-44,9.1
2013,пайыз,Атырау,,,45-54,6.9
2013,пайыз,Атырау,,,55-64,5.4
2013,пайыз,Батыс Қазақстан,,,16-24,28.2
2013,пайыз,Батыс Қазақстан,,,25-28,27.4
2013,пайыз,Батыс Қазақстан,,,29-34,28.4
2013,пайыз,Батыс Қазақстан,,,35-44,28.2
2013,пайыз,Батыс Қазақстан,,,45-54,30.1
2013,пайыз,Батыс Қазақстан,,,55-64,30.8
2013,пайыз,Батыс Қазақстан,,,65 және одан үлкен,100.0
2013,пайыз,Жамбыл,,,Y15,100.0
2013,пайыз,Жамбыл,,,16-24,59.4
2013,пайыз,Жамбыл,,,25-28,40.3
2013,пайыз,Жамбыл,,,29-34,39.0
2013,пайыз,Жамбыл,,,35-44,37.4
2013,пайыз,Жамбыл,,,45-54,38.6
2013,пайыз,Жамбыл,,,55-64,56.8
2013,пайыз,Жамбыл,,,65 және одан үлкен,98.8
2013,пайыз,Қарағанды,,,16-24,29.4
2013,пайыз,Қарағанды,,,25-28,17.5
2013,пайыз,Қарағанды,,,29-34,18.1
2013,пайыз,Қарағанды,,,35-44,16.8
2013,пайыз,Қарағанды,,,45-54,16.6
2013,пайыз,Қарағанды,,,55-64,22.0
2013,пайыз,Қарағанды,,,65 және одан үлкен,66.3
2013,пайыз,Қостанай,,,Y15,100.0
2013,пайыз,Қостанай,,,16-24,49.8
2013,пайыз,Қостанай,,,25-28,36.7
2013,пайыз,Қостанай,,,29-34,34.3
2013,пайыз,Қостанай,,,35-44,30.5
2013,пайыз,Қостанай,,,45-54,30.9
2013,пайыз,Қостанай,,,55-64,49.0
2013,пайыз,Қостанай,,,65 және одан үлкен,95.7
2013,пайыз,Қызылорда,,,16-24,24.1
2013,пайыз,Қызылорда,,,25-28,11.7
2013,пайыз,Қызылорда,,,29-34,14.9
2013,пайыз,Қызылорда,,,35-44,10.8
2013,пайыз,Қызылорда,,,45-54,15.1
2013,пайыз,Қызылорда,,,55-64,12.5
2013,пайыз,Қызылорда,,,65 және одан үлкен,57.4
2013,пайыз,Маңғыстау,,,16-24,8.5
2013,пайыз,Маңғыстау,,,25-28,5.7
2013,пайыз,Маңғыстау,,,29-34,8.5
2013,пайыз,Маңғыстау,,,35-44,4.6
2013,пайыз,Маңғыстау,,,45-54,5.0
2013,пайыз,Маңғыстау,,,55-64,2.5
2013,пайыз,Оңтүстік Қазақстан,,,Y15,100.0
2013,пайыз,Оңтүстік Қазақстан,,,16-24,40.8
2013,пайыз,Оңтүстік Қазақстан,,,25-28,34.8
2013,пайыз,Оңтүстік Қазақстан,,,29-34,31.5
2013,пайыз,Оңтүстік Қазақстан,,,35-44,32.5
2013,пайыз,Оңтүстік Қазақстан,,,45-54,28.0
2013,пайыз,Оңтүстік Қазақстан,,,55-64,27.0
2013,пайыз,Павлодар,,,Y15,100.0
2013,пайыз,Павлодар,,,16-24,37.4
2013,пайыз,Павлодар,,,25-28,26.9
2013,пайыз,Павлодар,,,29-34,31.4
2013,пайыз,Павлодар,,,35-44,23.9
2013,пайыз,Павлодар,,,45-54,24.8
2013,пайыз,Павлодар,,,55-64,34.0
2013,пайыз,Павлодар,,,65 және одан үлкен,99.1
2013,пайыз,Солтүстік Қазақстан,,,Y15,100.0
2013,пайыз,Солтүстік Қазақстан,,,16-24,49.2
2013,пайыз,Солтүстік Қазақстан,,,25-28,33.0
2013,пайыз,Солтүстік Қазақстан,,,29-34,37.4
2013,пайыз,Солтүстік Қазақстан,,,35-44,33.2
2013,пайыз,Солтүстік Қазақстан,,,45-54,27.6
2013,пайыз,Солтүстік Қазақстан,,,55-64,52.0
2013,пайыз,Солтүстік Қазақстан,,,65 және одан үлкен,98.0
2013,пайыз,Шығыс Қазақстан,,,16-24,38.3
2013,пайыз,Шығыс Қазақстан,,,25-28,26.7
2013,пайыз,Шығыс Қазақстан,,,29-34,30.7
2013,пайыз,Шығыс Қазақстан,,,35-44,31.1
2013,пайыз,Шығыс Қазақстан,,,45-54,25.7
2013,пайыз,Шығыс Қазақстан,,,55-64,28.4
2013,пайыз,Шығыс Қазақстан,,,65 және одан үлкен,14.6
2013,пайыз,Нұр-Сұлтан қаласы,,,16-24,2.7
2013,пайыз,Нұр-Сұлтан қаласы,,,25-28,6.3
2013,пайыз,Нұр-Сұлтан қаласы,,,29-34,6.0
2013,пайыз,Нұр-Сұлтан қаласы,,,35-44,4.5
2013,пайыз,Нұр-Сұлтан қаласы,,,45-54,4.0
2013,пайыз,Нұр-Сұлтан қаласы,,,55-64,5.3
2013,пайыз,Нұр-Сұлтан қаласы,,,65 және одан үлкен,19.6
2013,пайыз,Алматы қаласы,,,16-24,13.1
2013,пайыз,Алматы қаласы,,,25-28,12.9
2013,пайыз,Алматы қаласы,,,29-34,10.8
2013,пайыз,Алматы қаласы,,,35-44,9.8
2013,пайыз,Алматы қаласы,,,45-54,8.0
2013,пайыз,Алматы қаласы,,,55-64,8.2
2013,пайыз,Алматы қаласы,,,65 және одан үлкен,33.7
2014,пайыз,,,,,25.0
2014,пайыз,Ақмола,,,,24.2
2014,пайыз,Ақтөбе,,,,19.6
2014,пайыз,Алматы,,,,25.5
2014,пайыз,Атырау,,,,7.3
2014,пайыз,Батыс Қазақстан,,,,30.6
2014,пайыз,Жамбыл,,,,39.8
2014,пайыз,Қарағанды,,,,23.7
2014,пайыз,Қостанай,,,,35.1
2014,пайыз,Қызылорда,,,,19.3
2014,пайыз,Маңғыстау,,,,7.3
2014,пайыз,Оңтүстік Қазақстан,,,,22.4
2014,пайыз,Павлодар,,,,31.1
2014,пайыз,Солтүстік Қазақстан,,,,35.8
2014,пайыз,Шығыс Қазақстан,,,,32.3
2014,пайыз,Нұр-Сұлтан қаласы,,,,22.9
2014,пайыз,Алматы қаласы,,,,14.8
2014,пайыз,,ерлер,,,25.0
2014,пайыз,Ақмола,ерлер,,,23.3
2014,пайыз,Ақтөбе,ерлер,,,19.1
2014,пайыз,Алматы,ерлер,,,27.9
2014,пайыз,Атырау,ерлер,,,8.3
2014,пайыз,Батыс Қазақстан,ерлер,,,32.4
2014,пайыз,Жамбыл,ерлер,,,39.6
2014,пайыз,Қарағанды,ерлер,,,21.9
2014,пайыз,Қостанай,ерлер,,,33.0
2014,пайыз,Қызылорда,ерлер,,,19.2
2014,пайыз,Маңғыстау,ерлер,,,5.6
2014,пайыз,Оңтүстік Қазақстан,ерлер,,,24.5
2014,пайыз,Павлодар,ерлер,,,28.9
2014,пайыз,Солтүстік Қазақстан,ерлер,,,34.2
2014,пайыз,Шығыс Қазақстан,ерлер,,,30.9
2014,пайыз,Нұр-Сұлтан қаласы,ерлер,,,22.9
2014,пайыз,Алматы қаласы,ерлер,,,15.4
2014,пайыз,,әйелдер,,,25.0
2014,пайыз,Ақмола,әйелдер,,,25.1
2014,пайыз,Ақтөбе,әйелдер,,,20.3
2014,пайыз,Алматы,әйелдер,,,23.0
2014,пайыз,Атырау,әйелдер,,,6.2
2014,пайыз,Батыс Қазақстан,әйелдер,,,28.6
2014,пайыз,Жамбыл,әйелдер,,,40.0
2014,пайыз,Қарағанды,әйелдер,,,25.7
2014,пайыз,Қостанай,әйелдер,,,37.3
2014,пайыз,Қызылорда,әйелдер,,,19.5
2014,пайыз,Маңғыстау,әйелдер,,,9.6
2014,пайыз,Оңтүстік Қазақстан,әйелдер,,,20.1
2014,пайыз,Павлодар,әйелдер,,,33.2
2014,пайыз,Солтүстік Қазақстан,әйелдер,,,37.5
2014,пайыз,Шығыс Қазақстан,әйелдер,,,33.7
2014,пайыз,Нұр-Сұлтан қаласы,әйелдер,,,22.8
2014,пайыз,Алматы қаласы,әйелдер,,,14.2
2014,пайыз,,,қала,,19.6
2014,пайыз,Ақмола,,қала,,17.7
2014,пайыз,Ақтөбе,,қала,,13.9
2014,пайыз,Алматы,,қала,,23.1
2014,пайыз,Атырау,,қала,,2.7
2014,пайыз,Батыс Қазақстан,,қала,,13.4
2014,пайыз,Жамбыл,,қала,,39.6
2014,пайыз,Қарағанды,,қала,,21.0
2014,пайыз,Қостанай,,қала,,23.7
2014,пайыз,Қызылорда,,қала,,13.9
2014,пайыз,Маңғыстау,,қала,,9.3
2014,пайыз,Оңтүстік Қазақстан,,қала,,21.7
2014,пайыз,Павлодар,,қала,,18.0
2014,пайыз,Солтүстік Қазақстан,,қала,,29.0
2014,пайыз,Шығыс Қазақстан,,қала,,21.4
2014,пайыз,Нұр-Сұлтан қаласы,,қала,,22.9
2014,пайыз,Алматы қаласы,,қала,,14.8
2014,пайыз,,,ауыл,,31.6
2014,пайыз,Ақмола,,ауыл,,30.0
2014,пайыз,Ақтөбе,,ауыл,,28.9
2014,пайыз,Алматы,,ауыл,,26.3
2014,пайыз,Атырау,,ауыл,,11.8
2014,пайыз,Батыс Қазақстан,,ауыл,,45.2
2014,пайыз,Жамбыл,,ауыл,,40.0
2014,пайыз,Қарағанды,,ауыл,,33.6
2014,пайыз,Қостанай,,ауыл,,47.2
2014,пайыз,Қызылорда,,ауыл,,23.0
2014,пайыз,Маңғыстау,,ауыл,,4.5
2014,пайыз,Оңтүстік Қазақстан,,ауыл,,22.9
2014,пайыз,Павлодар,,ауыл,,57.1
2014,пайыз,Солтүстік Қазақстан,,ауыл,,40.5
2014,пайыз,Шығыс Қазақстан,,ауыл,,48.1
2014,пайыз,,,,Y15,65.8
2014,пайыз,,,,16-24,28.5
2014,пайыз,,,,25-28,23.2
2014,пайыз,,,,29-34,23.0
2014,пайыз,,,,35-44,23.1
2014,пайыз,,,,45-54,23.9
2014,пайыз,,,,55-64,30.1
2014,пайыз,,,,65 және одан үлкен,77.3
2014,пайыз,Ақмола,,,Y15,89.4
2014,пайыз,Ақмола,,,16-24,28.7
2014,пайыз,Ақмола,,,25-28,23.1
2014,пайыз,Ақмола,,,29-34,21.0
2014,пайыз,Ақмола,,,35-44,22.8
2014,пайыз,Ақмола,,,45-54,23.3
2014,пайыз,Ақмола,,,55-64,24.7
2014,пайыз,Ақмола,,,65 және одан үлкен,80.0
2014,пайыз,Ақтөбе,,,16-24,23.9
2014,пайыз,Ақтөбе,,,25-28,20.4
2014,пайыз,Ақтөбе,,,29-34,18.0
2014,пайыз,Ақтөбе,,,35-44,18.2
2014,пайыз,Ақтөбе,,,45-54,19.5
2014,пайыз,Ақтөбе,,,55-64,20.2
2014,пайыз,Ақтөбе,,,65 және одан үлкен,41.4
2014,пайыз,Алматы,,,Y15,7.7
2014,пайыз,Алматы,,,16-24,23.9
2014,пайыз,Алматы,,,25-28,23.1
2014,пайыз,Алматы,,,29-34,24.0
2014,пайыз,Алматы,,,35-44,27.2
2014,пайыз,Алматы,,,45-54,26.4
2014,пайыз,Алматы,,,55-64,27.5
2014,пайыз,Алматы,,,65 және одан үлкен,58.1
2014,пайыз,Атырау,,,16-24,11.9
2014,пайыз,Атырау,,,25-28,6.0
2014,пайыз,Атырау,,,29-34,5.5
2014,пайыз,Атырау,,,35-44,6.0
2014,пайыз,Атырау,,,45-54,8.3
2014,пайыз,Атырау,,,55-64,7.4
2014,пайыз,Атырау,,,65 және одан үлкен,17.1
2014,пайыз,Батыс Қазақстан,,,Y15,100.0
2014,пайыз,Батыс Қазақстан,,,16-24,29.1
2014,пайыз,Батыс Қазақстан,,,25-28,26.1
2014,пайыз,Батыс Қазақстан,,,29-34,29.6
2014,пайыз,Батыс Қазақстан,,,35-44,30.1
2014,пайыз,Батыс Қазақстан,,,45-54,32.3
2014,пайыз,Батыс Қазақстан,,,55-64,35.5
2014,пайыз,Батыс Қазақстан,,,65 және одан үлкен,71.8
2014,пайыз,Жамбыл,,,Y15,87.4
2014,пайыз,Жамбыл,,,16-24,54.2
2014,пайыз,Жамбыл,,,25-28,40.9
2014,пайыз,Жамбыл,,,29-34,33.5
2014,пайыз,Жамбыл,,,35-44,35.1
2014,пайыз,Жамбыл,,,45-54,33.2
2014,пайыз,Жамбыл,,,55-64,49.7
2014,пайыз,Жамбыл,,,65 және одан үлкен,78.7
2014,пайыз,Қарағанды,,,Y15,86.8
2014,пайыз,Қарағанды,,,16-24,33.5
2014,пайыз,Қарағанды,,,25-28,21.8
2014,пайыз,Қарағанды,,,29-34,23.3
2014,пайыз,Қарағанды,,,35-44,19.9
2014,пайыз,Қарағанды,,,45-54,20.1
2014,пайыз,Қарағанды,,,55-64,26.6
2014,пайыз,Қарағанды,,,65 және одан үлкен,71.9
2014,пайыз,Қостанай,,,Y15,100.0
2014,пайыз,Қостанай,,,16-24,46.0
2014,пайыз,Қостанай,,,25-28,35.3
2014,пайыз,Қостанай,,,29-34,33.7
2014,пайыз,Қостанай,,,35-44,30.9
2014,пайыз,Қостанай,,,45-54,31.1
2014,пайыз,Қостанай,,,55-64,37.1
2014,пайыз,Қостанай,,,65 және одан үлкен,87.8
2014,пайыз,Қызылорда,,,16-24,26.0
2014,пайыз,Қызылорда,,,25-28,16.5
2014,пайыз,Қызылорда,,,29-34,17.7
2014,пайыз,Қызылорда,,,35-44,19.0
2014,пайыз,Қызылорда,,,45-54,17.4
2014,пайыз,Қызылорда,,,55-64,17.6
2014,пайыз,Қызылорда,,,65 және одан үлкен,90.8
2014,пайыз,Маңғыстау,,,16-24,11.3
2014,пайыз,Маңғыстау,,,25-28,6.2
2014,пайыз,Маңғыстау,,,29-34,6.2
2014,пайыз,Маңғыстау,,,35-44,7.4
2014,пайыз,Маңғыстау,,,45-54,7.5
2014,пайыз,Маңғыстау,,,55-64,5.1
2014,пайыз,Маңғыстау,,,65 және одан үлкен,4.2
2014,пайыз,Оңтүстік Қазақстан,,,Y15,100.0
2014,пайыз,Оңтүстік Қазақстан,,,16-24,24.0
2014,пайыз,Оңтүстік Қазақстан,,,25-28,22.2
2014,пайыз,Оңтүстік Қазақстан,,,29-34,23.4
2014,пайыз,Оңтүстік Қазақстан,,,35-44,21.3
2014,пайыз,Оңтүстік Қазақстан,,,45-54,22.1
2014,пайыз,Оңтүстік Қазақстан,,,55-64,20.9
2014,пайыз,Оңтүстік Қазақстан,,,65 және одан үлкен,2.2
2014,пайыз,Павлодар,,,Y15,97.2
2014,пайыз,Павлодар,,,16-24,44.8
2014,пайыз,Павлодар,,,25-28,24.9
2014,пайыз,Павлодар,,,29-34,27.8
2014,пайыз,Павлодар,,,35-44,25.6
2014,пайыз,Павлодар,,,45-54,26.7
2014,пайыз,Павлодар,,,55-64,46.0
2014,пайыз,Павлодар,,,65 және одан үлкен,97.3
2014,пайыз,Солтүстік Қазақстан,,,Y15,100.0
2014,пайыз,Солтүстік Қазақстан,,,16-24,39.7
2014,пайыз,Солтүстік Қазақстан,,,25-28,28.8
2014,пайыз,Солтүстік Қазақстан,,,29-34,30.9
2014,пайыз,Солтүстік Қазақстан,,,35-44,31.1
2014,пайыз,Солтүстік Қазақстан,,,45-54,32.2
2014,пайыз,Солтүстік Қазақстан,,,55-64,48.2
2014,пайыз,Солтүстік Қазақстан,,,65 және одан үлкен,92.7
2014,пайыз,Шығыс Қазақстан,,,Y15,100.0
2014,пайыз,Шығыс Қазақстан,,,16-24,42.0
2014,пайыз,Шығыс Қазақстан,,,25-28,28.6
2014,пайыз,Шығыс Қазақстан,,,29-34,28.2
2014,пайыз,Шығыс Қазақстан,,,35-44,29.2
2014,пайыз,Шығыс Қазақстан,,,45-54,33.0
2014,пайыз,Шығыс Қазақстан,,,55-64,41.3
2014,пайыз,Шығыс Қазақстан,,,65 және одан үлкен,80.3
2014,пайыз,Нұр-Сұлтан қаласы,,,16-24,36.9
2014,пайыз,Нұр-Сұлтан қаласы,,,25-28,22.9
2014,пайыз,Нұр-Сұлтан қаласы,,,29-34,20.7
2014,пайыз,Нұр-Сұлтан қаласы,,,35-44,21.8
2014,пайыз,Нұр-Сұлтан қаласы,,,45-54,21.2
2014,пайыз,Нұр-Сұлтан қаласы,,,55-64,11.9
2014,пайыз,Нұр-Сұлтан қаласы,,,65 және одан үлкен,35.6
2014,пайыз,Алматы қаласы,,,16-24,16.7
2014,пайыз,Алматы қаласы,,,25-28,14.0
2014,пайыз,Алматы қаласы,,,29-34,14.5
2014,пайыз,Алматы қаласы,,,35-44,16.1
2014,пайыз,Алматы қаласы,,,45-54,12.0
2014,пайыз,Алматы қаласы,,,55-64,13.2
2014,пайыз,Алматы қаласы,,,65 және одан үлкен,29.7
2015,пайыз,,,,,22.9
2015,пайыз,Ақмола,,,,23.3
2015,пайыз,Ақтөбе,,,,19.3
2015,пайыз,Алматы,,,,26.3
2015,пайыз,Атырау,,,,7.0
2015,пайыз,Батыс Қазақстан,,,,31.0
2015,пайыз,Жамбыл,,,,36.8
2015,пайыз,Қарағанды,,,,22.6
2015,пайыз,Қостанай,,,,38.1
2015,пайыз,Қызылорда,,,,23.1
2015,пайыз,Маңғыстау,,,,5.4
2015,пайыз,Оңтүстік Қазақстан,,,,15.4
2015,пайыз,Павлодар,,,,25.9
2015,пайыз,Солтүстік Қазақстан,,,,35.2
2015,пайыз,Шығыс Қазақстан,,,,26.2
2015,пайыз,Нұр-Сұлтан қаласы,,,,26.4
2015,пайыз,Алматы қаласы,,,,11.4
2015,пайыз,,ерлер,,,22.7
2015,пайыз,Ақмола,ерлер,,,22.2
2015,пайыз,Ақтөбе,ерлер,,,18.1
2015,пайыз,Алматы,ерлер,,,28.6
2015,пайыз,Атырау,ерлер,,,7.6
2015,пайыз,Батыс Қазақстан,ерлер,,,32.1
2015,пайыз,Жамбыл,ерлер,,,38.0
2015,пайыз,Қарағанды,ерлер,,,20.8
2015,пайыз,Қостанай,ерлер,,,33.1
2015,пайыз,Қызылорда,ерлер,,,25.1
2015,пайыз,Маңғыстау,ерлер,,,5.5
2015,пайыз,Оңтүстік Қазақстан,ерлер,,,16.3
2015,пайыз,Павлодар,ерлер,,,23.0
2015,пайыз,Солтүстік Қазақстан,ерлер,,,31.2
2015,пайыз,Шығыс Қазақстан,ерлер,,,25.6
2015,пайыз,Нұр-Сұлтан қаласы,ерлер,,,27.1
2015,пайыз,Алматы қаласы,ерлер,,,11.7
2015,пайыз,,әйелдер,,,23.2
2015,пайыз,Ақмола,әйелдер,,,24.4
2015,пайыз,Ақтөбе,әйелдер,,,20.6
2015,пайыз,Алматы,әйелдер,,,23.9
2015,пайыз,Атырау,әйелдер,,,6.4
2015,пайыз,Батыс Қазақстан,әйелдер,,,29.7
2015,пайыз,Жамбыл,әйелдер,,,35.5
2015,пайыз,Қарағанды,әйелдер,,,24.6
2015,пайыз,Қостанай,әйелдер,,,43.1
2015,пайыз,Қызылорда,әйелдер,,,20.8
2015,пайыз,Маңғыстау,әйелдер,,,5.4
2015,пайыз,Оңтүстік Қазақстан,әйелдер,,,14.3
2015,пайыз,Павлодар,әйелдер,,,28.8
2015,пайыз,Солтүстік Қазақстан,әйелдер,,,39.3
2015,пайыз,Шығыс Қазақстан,әйелдер,,,26.9
2015,пайыз,Нұр-Сұлтан қаласы,әйелдер,,,25.8
2015,пайыз,Алматы қаласы,әйелдер,,,11.1
2015,пайыз,,,қала,,16.9
2015,пайыз,Ақмола,,қала,,16.2
2015,пайыз,Ақтөбе,,қала,,12.2
2015,пайыз,Алматы,,қала,,17.7
2015,пайыз,Атырау,,қала,,3.0
2015,пайыз,Батыс Қазақстан,,қала,,13.1
2015,пайыз,Жамбыл,,қала,,26.3
2015,пайыз,Қарағанды,,қала,,21.4
2015,пайыз,Қостанай,,қала,,30.6
2015,пайыз,Қызылорда,,қала,,16.2
2015,пайыз,Маңғыстау,,қала,,7.4
2015,пайыз,Оңтүстік Қазақстан,,қала,,14.0
2015,пайыз,Павлодар,,қала,,13.2
2015,пайыз,Солтүстік Қазақстан,,қала,,23.7
2015,пайыз,Шығыс Қазақстан,,қала,,15.5
2015,пайыз,Нұр-Сұлтан қаласы,,қала,,26.4
2015,пайыз,Алматы қаласы,,қала,,11.4
2015,пайыз,,,ауыл,,30.8
2015,пайыз,Ақмола,,ауыл,,29.7
2015,пайыз,Ақтөбе,,ауыл,,30.9
2015,пайыз,Алматы,,ауыл,,29.0
2015,пайыз,Атырау,,ауыл,,11.1
2015,пайыз,Батыс Қазақстан,,ауыл,,46.5
2015,пайыз,Жамбыл,,ауыл,,43.6
2015,пайыз,Қарағанды,,ауыл,,27.2
2015,пайыз,Қостанай,,ауыл,,46.0
2015,пайыз,Қызылорда,,ауыл,,27.8
2015,пайыз,Маңғыстау,,ауыл,,3.1
2015,пайыз,Оңтүстік Қазақстан,,ауыл,,16.4
2015,пайыз,Павлодар,,ауыл,,51.7
2015,пайыз,Солтүстік Қазақстан,,ауыл,,43.0
2015,пайыз,Шығыс Қазақстан,,ауыл,,42.0
2015,пайыз,,,,Y15,93.9
2015,пайыз,,,,16-24,25.2
2015,пайыз,,,,25-28,21.7
2015,пайыз,,,,29-34,21.1
2015,пайыз,,,,35-44,21.4
2015,пайыз,,,,45-54,22.2
2015,пайыз,,,,55-64,26.7
2015,пайыз,,,,65 және одан үлкен,72.0
2015,пайыз,Ақмола,,,Y15,84.9
2015,пайыз,Ақмола,,,16-24,25.4
2015,пайыз,Ақмола,,,25-28,21.3
2015,пайыз,Ақмола,,,29-34,22.1
2015,пайыз,Ақмола,,,35-44,22.2
2015,пайыз,Ақмола,,,45-54,20.9
2015,пайыз,Ақмола,,,55-64,23.7
2015,пайыз,Ақмола,,,65 және одан үлкен,83.7
2015,пайыз,Ақтөбе,,,16-24,22.7
2015,пайыз,Ақтөбе,,,25-28,18.2
2015,пайыз,Ақтөбе,,,29-34,20.4
2015,пайыз,Ақтөбе,,,35-44,17.8
2015,пайыз,Ақтөбе,,,45-54,18.8
2015,пайыз,Ақтөбе,,,55-64,18.1
2015,пайыз,Ақтөбе,,,65 және одан үлкен,34.7
2015,пайыз,Алматы,,,Y15,100.0
2015,пайыз,Алматы,,,16-24,27.0
2015,пайыз,Алматы,,,25-28,24.8
2015,пайыз,Алматы,,,29-34,23.6
2015,пайыз,Алматы,,,35-44,27.5
2015,пайыз,Алматы,,,45-54,27.0
2015,пайыз,Алматы,,,55-64,26.7
2015,пайыз,Алматы,,,65 және одан үлкен,33.8
2015,пайыз,Атырау,,,16-24,8.1
2015,пайыз,Атырау,,,25-28,5.8
2015,пайыз,Атырау,,,29-34,6.7
2015,пайыз,Атырау,,,35-44,6.4
2015,пайыз,Атырау,,,45-54,8.5
2015,пайыз,Атырау,,,55-64,5.6
2015,пайыз,Батыс Қазақстан,,,16-24,34.8
2015,пайыз,Батыс Қазақстан,,,25-28,27.9
2015,пайыз,Батыс Қазақстан,,,29-34,27.8
2015,пайыз,Батыс Қазақстан,,,35-44,28.5
2015,пайыз,Батыс Қазақстан,,,45-54,32.0
2015,пайыз,Батыс Қазақстан,,,55-64,36.5
2015,пайыз,Батыс Қазақстан,,,65 және одан үлкен,66.7
2015,пайыз,Жамбыл,,,Y15,80.5
2015,пайыз,Жамбыл,,,16-24,51.7
2015,пайыз,Жамбыл,,,25-28,34.7
2015,пайыз,Жамбыл,,,29-34,32.6
2015,пайыз,Жамбыл,,,35-44,33.1
2015,пайыз,Жамбыл,,,45-54,30.9
2015,пайыз,Жамбыл,,,55-64,43.0
2015,пайыз,Жамбыл,,,65 және одан үлкен,84.1
2015,пайыз,Қарағанды,,,Y15,100.0
2015,пайыз,Қарағанды,,,16-24,30.3
2015,пайыз,Қарағанды,,,25-28,22.1
2015,пайыз,Қарағанды,,,29-34,21.6
2015,пайыз,Қарағанды,,,35-44,20.2
2015,пайыз,Қарағанды,,,45-54,19.1
2015,пайыз,Қарағанды,,,55-64,23.2
2015,пайыз,Қарағанды,,,65 және одан үлкен,73.3
2015,пайыз,Қостанай,,,Y15,100.0
2015,пайыз,Қостанай,,,16-24,41.5
2015,пайыз,Қостанай,,,25-28,35.7
2015,пайыз,Қостанай,,,29-34,37.3
2015,пайыз,Қостанай,,,35-44,34.6
2015,пайыз,Қостанай,,,45-54,34.2
2015,пайыз,Қостанай,,,55-64,44.9
2015,пайыз,Қостанай,,,65 және одан үлкен,87.2
2015,пайыз,Қызылорда,,,16-24,26.6
2015,пайыз,Қызылорда,,,25-28,21.4
2015,пайыз,Қызылорда,,,29-34,20.8
2015,пайыз,Қызылорда,,,35-44,24.4
2015,пайыз,Қызылорда,,,45-54,22.5
2015,пайыз,Қызылорда,,,55-64,20.9
2015,пайыз,Қызылорда,,,65 және одан үлкен,100.0
2015,пайыз,Маңғыстау,,,16-24,9.3
2015,пайыз,Маңғыстау,,,25-28,4.8
2015,пайыз,Маңғыстау,,,29-34,4.0
2015,пайыз,Маңғыстау,,,35-44,6.2
2015,пайыз,Маңғыстау,,,45-54,5.0
2015,пайыз,Маңғыстау,,,55-64,3.0
2015,пайыз,Маңғыстау,,,65 және одан үлкен,7.2
2015,пайыз,Оңтүстік Қазақстан,,,16-24,16.4
2015,пайыз,Оңтүстік Қазақстан,,,25-28,15.2
2015,пайыз,Оңтүстік Қазақстан,,,29-34,12.8
2015,пайыз,Оңтүстік Қазақстан,,,35-44,15.6
2015,пайыз,Оңтүстік Қазақстан,,,45-54,16.0
2015,пайыз,Оңтүстік Қазақстан,,,55-64,19.2
2015,пайыз,Оңтүстік Қазақстан,,,65 және одан үлкен,13.7
2015,пайыз,Павлодар,,,Y15,100.0
2015,пайыз,Павлодар,,,16-24,38.2
2015,пайыз,Павлодар,,,25-28,18.0
2015,пайыз,Павлодар,,,29-34,23.5
2015,пайыз,Павлодар,,,35-44,19.1
2015,пайыз,Павлодар,,,45-54,25.3
2015,пайыз,Павлодар,,,55-64,35.2
2015,пайыз,Павлодар,,,65 және одан үлкен,96.9
2015,пайыз,Солтүстік Қазақстан,,,Y15,100.0
2015,пайыз,Солтүстік Қазақстан,,,16-24,38.7
2015,пайыз,Солтүстік Қазақстан,,,25-28,26.1
2015,пайыз,Солтүстік Қазақстан,,,29-34,29.0
2015,пайыз,Солтүстік Қазақстан,,,35-44,27.7
2015,пайыз,Солтүстік Қазақстан,,,45-54,30.7
2015,пайыз,Солтүстік Қазақстан,,,55-64,48.5
2015,пайыз,Солтүстік Қазақстан,,,65 және одан үлкен,94.4
2015,пайыз,Шығыс Қазақстан,,,Y15,75.7
2015,пайыз,Шығыс Қазақстан,,,16-24,28.3
2015,пайыз,Шығыс Қазақстан,,,25-28,25.2
2015,пайыз,Шығыс Қазақстан,,,29-34,23.0
2015,пайыз,Шығыс Қазақстан,,,35-44,25.6
2015,пайыз,Шығыс Қазақстан,,,45-54,28.9
2015,пайыз,Шығыс Қазақстан,,,55-64,26.9
2015,пайыз,Шығыс Қазақстан,,,65 және одан үлкен,52.8
2015,пайыз,Нұр-Сұлтан қаласы,,,16-24,41.4
2015,пайыз,Нұр-Сұлтан қаласы,,,25-28,28.7
2015,пайыз,Нұр-Сұлтан қаласы,,,29-34,23.5
2015,пайыз,Нұр-Сұлтан қаласы,,,35-44,24.8
2015,пайыз,Нұр-Сұлтан қаласы,,,45-54,23.9
2015,пайыз,Нұр-Сұлтан қаласы,,,55-64,17.9
2015,пайыз,Нұр-Сұлтан қаласы,,,65 және одан үлкен,18.5
2015,пайыз,Алматы қаласы,,,16-24,12.2
2015,пайыз,Алматы қаласы,,,25-28,13.6
2015,пайыз,Алматы қаласы,,,29-34,12.1
2015,пайыз,Алматы қаласы,,,35-44,11.1
2015,пайыз,Алматы қаласы,,,45-54,10.5
2015,пайыз,Алматы қаласы,,,55-64,8.4
2015,пайыз,Алматы қаласы,,,65 және одан үлкен,9.8
2016,пайыз,,,,,18.6
2016,пайыз,Ақмола,,,,17.9
2016,пайыз,Ақтөбе,,,,15.4
2016,пайыз,Алматы,,,,16.2
2016,пайыз,Атырау,,,,5.1
2016,пайыз,Батыс Қазақстан,,,,29.6
2016,пайыз,Жамбыл,,,,33.1
2016,пайыз,Қарағанды,,,,17.4
2016,пайыз,Қостанай,,,,35.6
2016,пайыз,Қызылорда,,,,16.1
2016,пайыз,Маңғыстау,,,,3.0
2016,пайыз,Оңтүстік Қазақстан,,,,10.0
2016,пайыз,Павлодар,,,,25.7
2016,пайыз,Солтүстік Қазақстан,,,,28.6
2016,пайыз,Шығыс Қазақстан,,,,19.4
2016,пайыз,Нұр-Сұлтан қаласы,,,,17.2
2016,пайыз,Алматы қаласы,,,,17.2
2016,пайыз,,ерлер,,,18.3
2016,пайыз,Ақмола,ерлер,,,18.0
2016,пайыз,Ақтөбе,ерлер,,,14.3
2016,пайыз,Алматы,ерлер,,,18.5
2016,пайыз,Атырау,ерлер,,,6.4
2016,пайыз,Батыс Қазақстан,ерлер,,,30.2
2016,пайыз,Жамбыл,ерлер,,,33.5
2016,пайыз,Қарағанды,ерлер,,,15.6
2016,пайыз,Қостанай,ерлер,,,32.3
2016,пайыз,Қызылорда,ерлер,,,15.0
2016,пайыз,Маңғыстау,ерлер,,,3.1
2016,пайыз,Оңтүстік Қазақстан,ерлер,,,11.2
2016,пайыз,Павлодар,ерлер,,,22.6
2016,пайыз,Солтүстік Қазақстан,ерлер,,,24.5
2016,пайыз,Шығыс Қазақстан,ерлер,,,18.1
2016,пайыз,Нұр-Сұлтан қаласы,ерлер,,,18.8
2016,пайыз,Алматы қаласы,ерлер,,,17.5
2016,пайыз,,әйелдер,,,18.9
2016,пайыз,Ақмола,әйелдер,,,17.9
2016,пайыз,Ақтөбе,әйелдер,,,16.6
2016,пайыз,Алматы,әйелдер,,,13.7
2016,пайыз,Атырау,әйелдер,,,3.7
2016,пайыз,Батыс Қазақстан,әйелдер,,,28.9
2016,пайыз,Жамбыл,әйелдер,,,32.7
2016,пайыз,Қарағанды,әйелдер,,,19.5
2016,пайыз,Қостанай,әйелдер,,,38.9
2016,пайыз,Қызылорда,әйелдер,,,17.3
2016,пайыз,Маңғыстау,әйелдер,,,2.8
2016,пайыз,Оңтүстік Қазақстан,әйелдер,,,8.4
2016,пайыз,Павлодар,әйелдер,,,28.6
2016,пайыз,Солтүстік Қазақстан,әйелдер,,,33.0
2016,пайыз,Шығыс Қазақстан,әйелдер,,,20.9
2016,пайыз,Нұр-Сұлтан қаласы,әйелдер,,,15.5
2016,пайыз,Алматы қаласы,әйелдер,,,16.9
2016,пайыз,,,қала,,14.9
2016,пайыз,Ақмола,,қала,,13.7
2016,пайыз,Ақтөбе,,қала,,8.3
2016,пайыз,Алматы,,қала,,14.8
2016,пайыз,Атырау,,қала,,2.2
2016,пайыз,Батыс Қазақстан,,қала,,12.1
2016,пайыз,Жамбыл,,қала,,26.7
2016,пайыз,Қарағанды,,қала,,16.8
2016,пайыз,Қостанай,,қала,,27.5
2016,пайыз,Қызылорда,,қала,,11.8
2016,пайыз,Маңғыстау,,қала,,2.4
2016,пайыз,Оңтүстік Қазақстан,,қала,,11.9
2016,пайыз,Павлодар,,қала,,14.8
2016,пайыз,Солтүстік Қазақстан,,қала,,15.4
2016,пайыз,Шығыс Қазақстан,,қала,,11.0
2016,пайыз,Нұр-Сұлтан қаласы,,қала,,17.2
2016,пайыз,Алматы қаласы,,қала,,17.2
2016,пайыз,,,ауыл,,23.5
2016,пайыз,Ақмола,,ауыл,,21.7
2016,пайыз,Ақтөбе,,ауыл,,27.2
2016,пайыз,Алматы,,ауыл,,16.6
2016,пайыз,Атырау,,ауыл,,7.8
2016,пайыз,Батыс Қазақстан,,ауыл,,45.3
2016,пайыз,Жамбыл,,ауыл,,37.3
2016,пайыз,Қарағанды,,ауыл,,19.7
2016,пайыз,Қостанай,,ауыл,,44.5
2016,пайыз,Қызылорда,,ауыл,,19.4
2016,пайыз,Маңғыстау,,ауыл,,3.6
2016,пайыз,Оңтүстік Қазақстан,,ауыл,,8.5
2016,пайыз,Павлодар,,ауыл,,50.2
2016,пайыз,Солтүстік Қазақстан,,ауыл,,37.8
2016,пайыз,Шығыс Қазақстан,,ауыл,,32.5
2016,пайыз,,,,Y15,88.4
2016,пайыз,,,,16-24,21.9
2016,пайыз,,,,25-28,17.1
2016,пайыз,,,,29-34,16.5
2016,пайыз,,,,35-44,17.2
2016,пайыз,,,,45-54,17.3
2016,пайыз,,,,55-64,23.7
2016,пайыз,,,,65 және одан үлкен,56.0
2016,пайыз,Ақмола,,,Y15,100.0
2016,пайыз,Ақмола,,,16-24,21.0
2016,пайыз,Ақмола,,,25-28,16.8
2016,пайыз,Ақмола,,,29-34,15.3
2016,пайыз,Ақмола,,,35-44,15.9
2016,пайыз,Ақмола,,,45-54,15.8
2016,пайыз,Ақмола,,,55-64,21.9
2016,пайыз,Ақмола,,,65 және одан үлкен,47.1
2016,пайыз,Ақтөбе,,,16-24,20.6
2016,пайыз,Ақтөбе,,,25-28,13.3
2016,пайыз,Ақтөбе,,,29-34,14.1
2016,пайыз,Ақтөбе,,,35-44,14.5
2016,пайыз,Ақтөбе,,,45-54,14.9
2016,пайыз,Ақтөбе,,,55-64,18.9
2016,пайыз,Ақтөбе,,,65 және одан үлкен,60.2
2016,пайыз,Алматы,,,16-24,17.3
2016,пайыз,Алматы,,,25-28,16.0
2016,пайыз,Алматы,,,29-34,15.0
2016,пайыз,Алматы,,,35-44,17.0
2016,пайыз,Алматы,,,45-54,16.9
2016,пайыз,Алматы,,,55-64,13.2
2016,пайыз,Алматы,,,65 және одан үлкен,5.2
2016,пайыз,Атырау,,,16-24,6.2
2016,пайыз,Атырау,,,25-28,4.9
2016,пайыз,Атырау,,,29-34,3.5
2016,пайыз,Атырау,,,35-44,4.5
2016,пайыз,Атырау,,,45-54,5.3
2016,пайыз,Атырау,,,55-64,7.4
2016,пайыз,Атырау,,,65 және одан үлкен,1.2
2016,пайыз,Батыс Қазақстан,,,16-24,29.2
2016,пайыз,Батыс Қазақстан,,,25-28,23.5
2016,пайыз,Батыс Қазақстан,,,29-34,27.7
2016,пайыз,Батыс Қазақстан,,,35-44,29.4
2016,пайыз,Батыс Қазақстан,,,45-54,29.8
2016,пайыз,Батыс Қазақстан,,,55-64,38.4
2016,пайыз,Жамбыл,,,16-24,50.4
2016,пайыз,Жамбыл,,,25-28,29.6
2016,пайыз,Жамбыл,,,29-34,28.1
2016,пайыз,Жамбыл,,,35-44,26.9
2016,пайыз,Жамбыл,,,45-54,25.5
2016,пайыз,Жамбыл,,,55-64,45.2
2016,пайыз,Жамбыл,,,65 және одан үлкен,82.6
2016,пайыз,Қарағанды,,,Y15,100.0
2016,пайыз,Қарағанды,,,16-24,27.1
2016,пайыз,Қарағанды,,,25-28,20.0
2016,пайыз,Қарағанды,,,29-34,16.8
2016,пайыз,Қарағанды,,,35-44,16.0
2016,пайыз,Қарағанды,,,45-54,12.4
2016,пайыз,Қарағанды,,,55-64,16.4
2016,пайыз,Қарағанды,,,65 және одан үлкен,54.3
2016,пайыз,Қостанай,,,Y15,100.0
2016,пайыз,Қостанай,,,16-24,43.9
2016,пайыз,Қостанай,,,25-28,35.8
2016,пайыз,Қостанай,,,29-34,33.5
2016,пайыз,Қостанай,,,35-44,31.1
2016,пайыз,Қостанай,,,45-54,30.4
2016,пайыз,Қостанай,,,55-64,39.3
2016,пайыз,Қостанай,,,65 және одан үлкен,87.1
2016,пайыз,Қызылорда,,,Y15,100.0
2016,пайыз,Қызылорда,,,16-24,16.5
2016,пайыз,Қызылорда,,,25-28,15.4
2016,пайыз,Қызылорда,,,29-34,17.0
2016,пайыз,Қызылорда,,,35-44,15.7
2016,пайыз,Қызылорда,,,45-54,15.9
2016,пайыз,Қызылорда,,,55-64,15.8
2016,пайыз,Қызылорда,,,65 және одан үлкен,64.1
2016,пайыз,Маңғыстау,,,16-24,2.4
2016,пайыз,Маңғыстау,,,25-28,2.4
2016,пайыз,Маңғыстау,,,29-34,2.2
2016,пайыз,Маңғыстау,,,35-44,3.6
2016,пайыз,Маңғыстау,,,45-54,3.0
2016,пайыз,Маңғыстау,,,55-64,4.8
2016,пайыз,Оңтүстік Қазақстан,,,16-24,13.5
2016,пайыз,Оңтүстік Қазақстан,,,25-28,9.0
2016,пайыз,Оңтүстік Қазақстан,,,29-34,8.3
2016,пайыз,Оңтүстік Қазақстан,,,35-44,10.6
2016,пайыз,Оңтүстік Қазақстан,,,45-54,9.4
2016,пайыз,Оңтүстік Қазақстан,,,55-64,10.2
2016,пайыз,Оңтүстік Қазақстан,,,65 және одан үлкен,53.9
2016,пайыз,Павлодар,,,16-24,37.3
2016,пайыз,Павлодар,,,25-28,24.1
2016,пайыз,Павлодар,,,29-34,21.7
2016,пайыз,Павлодар,,,35-44,20.3
2016,пайыз,Павлодар,,,45-54,24.0
2016,пайыз,Павлодар,,,55-64,36.5
2016,пайыз,Павлодар,,,65 және одан үлкен,97.8
2016,пайыз,Солтүстік Қазақстан,,,Y15,100.0
2016,пайыз,Солтүстік Қазақстан,,,16-24,30.0
2016,пайыз,Солтүстік Қазақстан,,,25-28,22.8
2016,пайыз,Солтүстік Қазақстан,,,29-34,22.1
2016,пайыз,Солтүстік Қазақстан,,,35-44,22.9
2016,пайыз,Солтүстік Қазақстан,,,45-54,26.6
2016,пайыз,Солтүстік Қазақстан,,,55-64,41.9
2016,пайыз,Солтүстік Қазақстан,,,65 және одан үлкен,93.8
2016,пайыз,Шығыс Қазақстан,,,Y15,23.6
2016,пайыз,Шығыс Қазақстан,,,16-24,19.6
2016,пайыз,Шығыс Қазақстан,,,25-28,15.6
2016,пайыз,Шығыс Қазақстан,,,29-34,16.2
2016,пайыз,Шығыс Қазақстан,,,35-44,20.5
2016,пайыз,Шығыс Қазақстан,,,45-54,21.6
2016,пайыз,Шығыс Қазақстан,,,55-64,21.8
2016,пайыз,Шығыс Қазақстан,,,65 және одан үлкен,61.4
2016,пайыз,Нұр-Сұлтан қаласы,,,16-24,18.5
2016,пайыз,Нұр-Сұлтан қаласы,,,25-28,18.5
2016,пайыз,Нұр-Сұлтан қаласы,,,29-34,18.7
2016,пайыз,Нұр-Сұлтан қаласы,,,35-44,16.5
2016,пайыз,Нұр-Сұлтан қаласы,,,45-54,14.1
2016,пайыз,Нұр-Сұлтан қаласы,,,55-64,18.0
2016,пайыз,Нұр-Сұлтан қаласы,,,65 және одан үлкен,5.9
2016,пайыз,Алматы қаласы,,,16-24,19.2
2016,пайыз,Алматы қаласы,,,25-28,19.9
2016,пайыз,Алматы қаласы,,,29-34,17.8
2016,пайыз,Алматы қаласы,,,35-44,16.5
2016,пайыз,Алматы қаласы,,,45-54,14.2
2016,пайыз,Алматы қаласы,,,55-64,16.5
2016,пайыз,Алматы қаласы,,,65 және одан үлкен,21.0
2017,пайыз,,,,,16.2
2017,пайыз,Ақмола,,,,16.5
2017,пайыз,Ақтөбе,,,,8.4
2017,пайыз,Алматы,,,,18.3
2017,пайыз,Атырау,,,,6.8
2017,пайыз,Батыс Қазақстан,,,,29.7
2017,пайыз,Жамбыл,,,,30.8
2017,пайыз,Қарағанды,,,,16.2
2017,пайыз,Қостанай,,,,27.1
2017,пайыз,Қызылорда,,,,13.6
2017,пайыз,Маңғыстау,,,,2.4
2017,пайыз,Оңтүстік Қазақстан,,,,6.4
2017,пайыз,Павлодар,,,,20.9
2017,пайыз,Солтүстік Қазақстан,,,,23.7
2017,пайыз,Шығыс Қазақстан,,,,14.9
2017,пайыз,Нұр-Сұлтан қаласы,,,,24.6
2017,пайыз,Алматы қаласы,,,,10.5
2017,пайыз,,ерлер,,,16.3
2017,пайыз,Ақмола,ерлер,,,17.7
2017,пайыз,Ақтөбе,ерлер,,,7.1
2017,пайыз,Алматы,ерлер,,,21.5
2017,пайыз,Атырау,ерлер,,,5.7
2017,пайыз,Батыс Қазақстан,ерлер,,,30.2
2017,пайыз,Жамбыл,ерлер,,,31.7
2017,пайыз,Қарағанды,ерлер,,,14.9
2017,пайыз,Қостанай,ерлер,,,25.2
2017,пайыз,Қызылорда,ерлер,,,14.2
2017,пайыз,Маңғыстау,ерлер,,,2.3
2017,пайыз,Оңтүстік Қазақстан,ерлер,,,6.8
2017,пайыз,Павлодар,ерлер,,,19.7
2017,пайыз,Солтүстік Қазақстан,ерлер,,,20.7
2017,пайыз,Шығыс Қазақстан,ерлер,,,15.1
2017,пайыз,Нұр-Сұлтан қаласы,ерлер,,,25.2
2017,пайыз,Алматы қаласы,ерлер,,,10.5
2017,пайыз,,әйелдер,,,16.1
2017,пайыз,Ақмола,әйелдер,,,15.2
2017,пайыз,Ақтөбе,әйелдер,,,9.7
2017,пайыз,Алматы,әйелдер,,,15.1
2017,пайыз,Атырау,әйелдер,,,7.9
2017,пайыз,Батыс Қазақстан,әйелдер,,,29.2
2017,пайыз,Жамбыл,әйелдер,,,29.7
2017,пайыз,Қарағанды,әйелдер,,,17.7
2017,пайыз,Қостанай,әйелдер,,,28.9
2017,пайыз,Қызылорда,әйелдер,,,12.9
2017,пайыз,Маңғыстау,әйелдер,,,2.4
2017,пайыз,Оңтүстік Қазақстан,әйелдер,,,5.8
2017,пайыз,Павлодар,әйелдер,,,22.0
2017,пайыз,Солтүстік Қазақстан,әйелдер,,,26.9
2017,пайыз,Шығыс Қазақстан,әйелдер,,,14.7
2017,пайыз,Нұр-Сұлтан қаласы,әйелдер,,,23.9
2017,пайыз,Алматы қаласы,әйелдер,,,10.5
2017,пайыз,,,қала,,11.7
2017,пайыз,Ақмола,,қала,,11.4
2017,пайыз,Ақтөбе,,қала,,2.3
2017,пайыз,Алматы,,қала,,15.1
2017,пайыз,Атырау,,қала,,4.5
2017,пайыз,Батыс Қазақстан,,қала,,13.4
2017,пайыз,Жамбыл,,қала,,12.3
2017,пайыз,Қарағанды,,қала,,15.3
2017,пайыз,Қостанай,,қала,,17.8
2017,пайыз,Қызылорда,,қала,,9.3
2017,пайыз,Маңғыстау,,қала,,2.0
2017,пайыз,Оңтүстік Қазақстан,,қала,,5.0
2017,пайыз,Павлодар,,қала,,11.4
2017,пайыз,Солтүстік Қазақстан,,қала,,8.8
2017,пайыз,Шығыс Қазақстан,,қала,,9.0
2017,пайыз,Нұр-Сұлтан қаласы,,қала,,24.6
2017,пайыз,Алматы қаласы,,қала,,10.5
2017,пайыз,,,ауыл,,22.2
2017,пайыз,Ақмола,,ауыл,,21.2
2017,пайыз,Ақтөбе,,ауыл,,19.0
2017,пайыз,Алматы,,ауыл,,19.3
2017,пайыз,Атырау,,ауыл,,9.1
2017,пайыз,Батыс Қазақстан,,ауыл,,44.8
2017,пайыз,Жамбыл,,ауыл,,42.3
2017,пайыз,Қарағанды,,ауыл,,19.6
2017,пайыз,Қостанай,,ауыл,,36.8
2017,пайыз,Қызылорда,,ауыл,,16.9
2017,пайыз,Маңғыстау,,ауыл,,2.7
2017,пайыз,Оңтүстік Қазақстан,,ауыл,,7.4
2017,пайыз,Павлодар,,ауыл,,42.4
2017,пайыз,Солтүстік Қазақстан,,ауыл,,34.2
2017,пайыз,Шығыс Қазақстан,,ауыл,,24.0
2017,пайыз,,,,Y15,46.5
2017,пайыз,,,,16-24,19.2
2017,пайыз,,,,25-28,14.5
2017,пайыз,,,,29-34,14.7
2017,пайыз,,,,35-44,15.0
2017,пайыз,,,,45-54,15.0
2017,пайыз,,,,55-64,20.9
2017,пайыз,,,,65 және одан үлкен,48.0
2017,пайыз,Ақмола,,,Y15,100.0
2017,пайыз,Ақмола,,,16-24,19.8
2017,пайыз,Ақмола,,,25-28,15.7
2017,пайыз,Ақмола,,,29-34,15.3
2017,пайыз,Ақмола,,,35-44,14.8
2017,пайыз,Ақмола,,,45-54,16.0
2017,пайыз,Ақмола,,,55-64,17.0
2017,пайыз,Ақмола,,,65 және одан үлкен,27.2
2017,пайыз,Ақтөбе,,,16-24,6.4
2017,пайыз,Ақтөбе,,,25-28,9.3
2017,пайыз,Ақтөбе,,,29-34,9.5
2017,пайыз,Ақтөбе,,,35-44,7.4
2017,пайыз,Ақтөбе,,,45-54,8.6
2017,пайыз,Ақтөбе,,,55-64,8.1
2017,пайыз,Ақтөбе,,,65 және одан үлкен,17.6
2017,пайыз,Алматы,,,16-24,14.9
2017,пайыз,Алматы,,,25-28,16.6
2017,пайыз,Алматы,,,29-34,17.2
2017,пайыз,Алматы,,,35-44,19.6
2017,пайыз,Алматы,,,45-54,19.6
2017,пайыз,Алматы,,,55-64,21.5
2017,пайыз,Алматы,,,65 және одан үлкен,11.7
2017,пайыз,Атырау,,,16-24,10.4
2017,пайыз,Атырау,,,25-28,4.9
2017,пайыз,Атырау,,,29-34,5.3
2017,пайыз,Атырау,,,35-44,7.9
2017,пайыз,Атырау,,,45-54,5.8
2017,пайыз,Атырау,,,55-64,6.6
2017,пайыз,Атырау,,,65 және одан үлкен,11.7
2017,пайыз,Батыс Қазақстан,,,16-24,30.7
2017,пайыз,Батыс Қазақстан,,,25-28,26.5
2017,пайыз,Батыс Қазақстан,,,29-34,26.5
2017,пайыз,Батыс Қазақстан,,,35-44,27.0
2017,пайыз,Батыс Қазақстан,,,45-54,31.6
2017,пайыз,Батыс Қазақстан,,,55-64,36.7
2017,пайыз,Жамбыл,,,16-24,38.8
2017,пайыз,Жамбыл,,,25-28,28.7
2017,пайыз,Жамбыл,,,29-34,24.7
2017,пайыз,Жамбыл,,,35-44,23.9
2017,пайыз,Жамбыл,,,45-54,26.7
2017,пайыз,Жамбыл,,,55-64,43.6
2017,пайыз,Жамбыл,,,65 және одан үлкен,57.9
2017,пайыз,Қарағанды,,,Y15,100.0
2017,пайыз,Қарағанды,,,16-24,23.1
2017,пайыз,Қарағанды,,,25-28,16.3
2017,пайыз,Қарағанды,,,29-34,15.7
2017,пайыз,Қарағанды,,,35-44,15.1
2017,пайыз,Қарағанды,,,45-54,14.1
2017,пайыз,Қарағанды,,,55-64,16.7
2017,пайыз,Қарағанды,,,65 және одан үлкен,47.6
2017,пайыз,Қостанай,,,Y15,100.0
2017,пайыз,Қостанай,,,16-24,35.1
2017,пайыз,Қостанай,,,25-28,27.9
2017,пайыз,Қостанай,,,29-34,25.2
2017,пайыз,Қостанай,,,35-44,19.6
2017,пайыз,Қостанай,,,45-54,23.1
2017,пайыз,Қостанай,,,55-64,34.2
2017,пайыз,Қостанай,,,65 және одан үлкен,91.9
2017,пайыз,Қызылорда,,,16-24,16.9
2017,пайыз,Қызылорда,,,25-28,14.4
2017,пайыз,Қызылорда,,,29-34,13.8
2017,пайыз,Қызылорда,,,35-44,13.5
2017,пайыз,Қызылорда,,,45-54,11.2
2017,пайыз,Қызылорда,,,55-64,12.3
2017,пайыз,Қызылорда,,,65 және одан үлкен,26.6
2017,пайыз,Маңғыстау,,,16-24,4.6
2017,пайыз,Маңғыстау,,,25-28,2.4
2017,пайыз,Маңғыстау,,,29-34,2.2
2017,пайыз,Маңғыстау,,,35-44,2.0
2017,пайыз,Маңғыстау,,,45-54,2.3
2017,пайыз,Маңғыстау,,,55-64,1.7
2017,пайыз,Оңтүстік Қазақстан,,,16-24,9.1
2017,пайыз,Оңтүстік Қазақстан,,,25-28,6.1
2017,пайыз,Оңтүстік Қазақстан,,,29-34,5.9
2017,пайыз,Оңтүстік Қазақстан,,,35-44,6.6
2017,пайыз,Оңтүстік Қазақстан,,,45-54,5.4
2017,пайыз,Оңтүстік Қазақстан,,,55-64,6.8
2017,пайыз,Павлодар,,,16-24,25.5
2017,пайыз,Павлодар,,,25-28,18.2
2017,пайыз,Павлодар,,,29-34,18.0
2017,пайыз,Павлодар,,,35-44,17.4
2017,пайыз,Павлодар,,,45-54,17.3
2017,пайыз,Павлодар,,,55-64,32.3
2017,пайыз,Павлодар,,,65 және одан үлкен,99.5
2017,пайыз,Солтүстік Қазақстан,,,Y15,100.0
2017,пайыз,Солтүстік Қазақстан,,,16-24,26.7
2017,пайыз,Солтүстік Қазақстан,,,25-28,15.5
2017,пайыз,Солтүстік Қазақстан,,,29-34,16.7
2017,пайыз,Солтүстік Қазақстан,,,35-44,18.8
2017,пайыз,Солтүстік Қазақстан,,,45-54,20.8
2017,пайыз,Солтүстік Қазақстан,,,55-64,36.3
2017,пайыз,Солтүстік Қазақстан,,,65 және одан үлкен,91.2
2017,пайыз,Шығыс Қазақстан,,,Y15,100.0
2017,пайыз,Шығыс Қазақстан,,,16-24,18.5
2017,пайыз,Шығыс Қазақстан,,,25-28,11.4
2017,пайыз,Шығыс Қазақстан,,,29-34,12.8
2017,пайыз,Шығыс Қазақстан,,,35-44,14.0
2017,пайыз,Шығыс Қазақстан,,,45-54,15.3
2017,пайыз,Шығыс Қазақстан,,,55-64,19.4
2017,пайыз,Шығыс Қазақстан,,,65 және одан үлкен,60.4
2017,пайыз,Нұр-Сұлтан қаласы,,,16-24,21.9
2017,пайыз,Нұр-Сұлтан қаласы,,,25-28,22.6
2017,пайыз,Нұр-Сұлтан қаласы,,,29-34,30.8
2017,пайыз,Нұр-Сұлтан қаласы,,,35-44,30.9
2017,пайыз,Нұр-Сұлтан қаласы,,,45-54,14.9
2017,пайыз,Нұр-Сұлтан қаласы,,,55-64,9.6
2017,пайыз,Нұр-Сұлтан қаласы,,,65 және одан үлкен,7.6
2017,пайыз,Алматы қаласы,,,16-24,11.9
2017,пайыз,Алматы қаласы,,,25-28,8.8
2017,пайыз,Алматы қаласы,,,29-34,11.4
2017,пайыз,Алматы қаласы,,,35-44,10.3
2017,пайыз,Алматы қаласы,,,45-54,9.7
2017,пайыз,Алматы қаласы,,,55-64,11.0
2017,пайыз,Алматы қаласы,,,65 және одан үлкен,1.3
2018,пайыз,,,,,14.9
2018,пайыз,Ақмола,,,,17.0
2018,пайыз,Ақтөбе,,,,8.0
2018,пайыз,Алматы,,,,17.7
2018,пайыз,Атырау,,,,5.6
2018,пайыз,Батыс Қазақстан,,,,29.8
2018,пайыз,Жамбыл,,,,32.1
2018,пайыз,Қарағанды,,,,17.8
2018,пайыз,Қостанай,,,,22.4
2018,пайыз,Қызылорда,,,,11.6
2018,пайыз,Маңғыстау,,,,3.0
2018,пайыз,Павлодар,,,,12.6
2018,пайыз,Солтүстік Қазақстан,,,,23.0
2018,пайыз,Түркістан,,,,8.8
2018,пайыз,Шығыс Қазақстан,,,,11.8
2018,пайыз,Нұр-Сұлтан қаласы,,,,16.6
2018,пайыз,Алматы қаласы,,,,10.9
2018,пайыз,Шымкент қаласы,,,,4.5
2018,пайыз,,ерлер,,,15.1
2018,пайыз,Ақмола,ерлер,,,16.9
2018,пайыз,Ақтөбе,ерлер,,,7.6
2018,пайыз,Алматы,ерлер,,,18.4
2018,пайыз,Атырау,ерлер,,,5.0
2018,пайыз,Батыс Қазақстан,ерлер,,,30.7
2018,пайыз,Жамбыл,ерлер,,,33.6
2018,пайыз,Қарағанды,ерлер,,,17.9
2018,пайыз,Қостанай,ерлер,,,22.3
2018,пайыз,Қызылорда,ерлер,,,11.0
2018,пайыз,Маңғыстау,ерлер,,,2.5
2018,пайыз,Павлодар,ерлер,,,11.6
2018,пайыз,Солтүстік Қазақстан,ерлер,,,20.8
2018,пайыз,Түркістан,ерлер,,,11.2
2018,пайыз,Шығыс Қазақстан,ерлер,,,11.7
2018,пайыз,Нұр-Сұлтан қаласы,ерлер,,,16.0
2018,пайыз,Алматы қаласы,ерлер,,,11.4
2018,пайыз,Шымкент қаласы,ерлер,,,4.6
2018,пайыз,,әйелдер,,,14.7
2018,пайыз,Ақмола,әйелдер,,,17.1
2018,пайыз,Ақтөбе,әйелдер,,,8.5
2018,пайыз,Алматы,әйелдер,,,17.0
2018,пайыз,Атырау,әйелдер,,,6.3
2018,пайыз,Батыс Қазақстан,әйелдер,,,28.9
2018,пайыз,Жамбыл,әйелдер,,,30.5
2018,пайыз,Қарағанды,әйелдер,,,17.7
2018,пайыз,Қостанай,әйелдер,,,22.5
2018,пайыз,Қызылорда,әйелдер,,,12.2
2018,пайыз,Маңғыстау,әйелдер,,,3.6
2018,пайыз,Павлодар,әйелдер,,,13.6
2018,пайыз,Солтүстік Қазақстан,әйелдер,,,25.4
2018,пайыз,Түркістан,әйелдер,,,6.0
2018,пайыз,Шығыс Қазақстан,әйелдер,,,12.0
2018,пайыз,Нұр-Сұлтан қаласы,әйелдер,,,17.2
2018,пайыз,Алматы қаласы,әйелдер,,,10.4
2018,пайыз,Шымкент қаласы,әйелдер,,,4.4
2018,пайыз,,,қала,,10.4
2018,пайыз,Ақмола,,қала,,12.3
2018,пайыз,Ақтөбе,,қала,,3.4
2018,пайыз,Алматы,,қала,,18.6
2018,пайыз,Атырау,,қала,,4.0
2018,пайыз,Батыс Қазақстан,,қала,,13.6
2018,пайыз,Жамбыл,,қала,,17.9
2018,пайыз,Қарағанды,,қала,,17.3
2018,пайыз,Қостанай,,қала,,9.0
2018,пайыз,Қызылорда,,қала,,6.9
2018,пайыз,Маңғыстау,,қала,,2.7
2018,пайыз,Павлодар,,қала,,4.4
2018,пайыз,Солтүстік Қазақстан,,қала,,9.8
2018,пайыз,Түркістан,,қала,,8.3
2018,пайыз,Шығыс Қазақстан,,қала,,5.1
2018,пайыз,Нұр-Сұлтан қаласы,,қала,,16.6
2018,пайыз,Алматы қаласы,,қала,,10.9
2018,пайыз,Шымкент қаласы,,қала,,4.5
2018,пайыз,,,ауыл,,21.1
2018,пайыз,Ақмола,,ауыл,,21.2
2018,пайыз,Ақтөбе,,ауыл,,19.0
2018,пайыз,Алматы,,ауыл,,17.4
2018,пайыз,Атырау,,ауыл,,7.5
2018,пайыз,Батыс Қазақстан,,ауыл,,45.4
2018,пайыз,Жамбыл,,ауыл,,40.9
2018,пайыз,Қарағанды,,ауыл,,19.8
2018,пайыз,Қостанай,,ауыл,,37.0
2018,пайыз,Қызылорда,,ауыл,,15.1
2018,пайыз,Маңғыстау,,ауыл,,3.2
2018,пайыз,Павлодар,,ауыл,,31.5
2018,пайыз,Солтүстік Қазақстан,,ауыл,,32.3
2018,пайыз,Түркістан,,ауыл,,8.9
2018,пайыз,Шығыс Қазақстан,,ауыл,,22.4
2018,пайыз,,,,Y15,100.0
2018,пайыз,,,,16-24,17.1
2018,пайыз,,,,25-28,13.2
2018,пайыз,,,,29-34,12.8
2018,пайыз,,,,35-44,13.3
2018,пайыз,,,,45-54,14.3
2018,пайыз,,,,55-64,21.0
2018,пайыз,,,,65 және одан үлкен,60.0
2018,пайыз,Ақмола,,,16-24,19.0
2018,пайыз,Ақмола,,,25-28,14.8
2018,пайыз,Ақмола,,,29-34,15.8
2018,пайыз,Ақмола,,,35-44,15.0
2018,пайыз,Ақмола,,,45-54,15.2
2018,пайыз,Ақмола,,,55-64,20.1
2018,пайыз,Ақмола,,,65 және одан үлкен,36.8
2018,пайыз,Ақтөбе,,,16-24,12.2
2018,пайыз,Ақтөбе,,,25-28,7.5
2018,пайыз,Ақтөбе,,,29-34,6.3
2018,пайыз,Ақтөбе,,,35-44,8.1
2018,пайыз,Ақтөбе,,,45-54,8.8
2018,пайыз,Ақтөбе,,,55-64,9.0
2018,пайыз,Ақтөбе,,,65 және одан үлкен,7.1
2018,пайыз,Алматы,,,16-24,14.7
2018,пайыз,Алматы,,,25-28,12.8
2018,пайыз,Алматы,,,29-34,15.2
2018,пайыз,Алматы,,,35-44,14.8
2018,пайыз,Алматы,,,45-54,17.3
2018,пайыз,Алматы,,,55-64,37.3
2018,пайыз,Алматы,,,65 және одан үлкен,77.4
2018,пайыз,Атырау,,,16-24,6.3
2018,пайыз,Атырау,,,25-28,4.2
2018,пайыз,Атырау,,,29-34,4.1
2018,пайыз,Атырау,,,35-44,6.2
2018,пайыз,Атырау,,,45-54,6.6
2018,пайыз,Атырау,,,55-64,6.0
2018,пайыз,Атырау,,,65 және одан үлкен,15.0
2018,пайыз,Батыс Қазақстан,,,16-24,33.4
2018,пайыз,Батыс Қазақстан,,,25-28,28.4
2018,пайыз,Батыс Қазақстан,,,29-34,23.7
2018,пайыз,Батыс Қазақстан,,,35-44,26.1
2018,пайыз,Батыс Қазақстан,,,45-54,32.3
2018,пайыз,Батыс Қазақстан,,,55-64,36.4
2018,пайыз,Жамбыл,,,16-24,44.0
2018,пайыз,Жамбыл,,,25-28,30.4
2018,пайыз,Жамбыл,,,29-34,29.2
2018,пайыз,Жамбыл,,,35-44,27.1
2018,пайыз,Жамбыл,,,45-54,27.9
2018,пайыз,Жамбыл,,,55-64,39.3
2018,пайыз,Жамбыл,,,65 және одан үлкен,64.3
2018,пайыз,Қарағанды,,,16-24,21.4
2018,пайыз,Қарағанды,,,25-28,16.4
2018,пайыз,Қарағанды,,,29-34,18.3
2018,пайыз,Қарағанды,,,35-44,17.1
2018,пайыз,Қарағанды,,,45-54,16.5
2018,пайыз,Қарағанды,,,55-64,17.4
2018,пайыз,Қарағанды,,,65 және одан үлкен,48.5
2018,пайыз,Қостанай,,,Y15,100.0
2018,пайыз,Қостанай,,,16-24,26.6
2018,пайыз,Қостанай,,,25-28,19.1
2018,пайыз,Қостанай,,,29-34,17.0
2018,пайыз,Қостанай,,,35-44,17.5
2018,пайыз,Қостанай,,,45-54,18.4
2018,пайыз,Қостанай,,,55-64,34.1
2018,пайыз,Қостанай,,,65 және одан үлкен,88.6
2018,пайыз,Қызылорда,,,16-24,16.1
2018,пайыз,Қызылорда,,,25-28,10.9
2018,пайыз,Қызылорда,,,29-34,12.5
2018,пайыз,Қызылорда,,,35-44,10.5
2018,пайыз,Қызылорда,,,45-54,9.4
2018,пайыз,Қызылорда,,,55-64,8.8
2018,пайыз,Қызылорда,,,65 және одан үлкен,57.1
2018,пайыз,Маңғыстау,,,16-24,4.4
2018,пайыз,Маңғыстау,,,25-28,3.1
2018,пайыз,Маңғыстау,,,29-34,3.0
2018,пайыз,Маңғыстау,,,35-44,3.3
2018,пайыз,Маңғыстау,,,45-54,2.3
2018,пайыз,Маңғыстау,,,55-64,2.0
2018,пайыз,Павлодар,,,16-24,11.5
2018,пайыз,Павлодар,,,25-28,9.3
2018,пайыз,Павлодар,,,29-34,9.1
2018,пайыз,Павлодар,,,35-44,10.7
2018,пайыз,Павлодар,,,45-54,10.7
2018,пайыз,Павлодар,,,55-64,22.5
2018,пайыз,Павлодар,,,65 және одан үлкен,97.5
2018,пайыз,Солтүстік Қазақстан,,,Y15,100.0
2018,пайыз,Солтүстік Қазақстан,,,16-24,22.4
2018,пайыз,Солтүстік Қазақстан,,,25-28,19.3
2018,пайыз,Солтүстік Қазақстан,,,29-34,15.4
2018,пайыз,Солтүстік Қазақстан,,,35-44,17.5
2018,пайыз,Солтүстік Қазақстан,,,45-54,19.7
2018,пайыз,Солтүстік Қазақстан,,,55-64,35.8
2018,пайыз,Солтүстік Қазақстан,,,65 және одан үлкен,94.2
2018,пайыз,Түркістан,,,16-24,9.1
2018,пайыз,Түркістан,,,25-28,8.9
2018,пайыз,Түркістан,,,29-34,8.4
2018,пайыз,Түркістан,,,35-44,8.6
2018,пайыз,Түркістан,,,45-54,9.5
2018,пайыз,Түркістан,,,55-64,8.1
2018,пайыз,Түркістан,,,65 және одан үлкен,2.5
2018,пайыз,Шығыс Қазақстан,,,16-24,14.2
2018,пайыз,Шығыс Қазақстан,,,25-28,9.1
2018,пайыз,Шығыс Қазақстан,,,29-34,8.7
2018,пайыз,Шығыс Қазақстан,,,35-44,10.5
2018,пайыз,Шығыс Қазақстан,,,45-54,12.9
2018,пайыз,Шығыс Қазақстан,,,55-64,15.8
2018,пайыз,Шығыс Қазақстан,,,65 және одан үлкен,44.0
2018,пайыз,Нұр-Сұлтан қаласы,,,16-24,15.3
2018,пайыз,Нұр-Сұлтан қаласы,,,25-28,16.1
2018,пайыз,Нұр-Сұлтан қаласы,,,29-34,22.7
2018,пайыз,Нұр-Сұлтан қаласы,,,35-44,13.8
2018,пайыз,Нұр-Сұлтан қаласы,,,45-54,14.8
2018,пайыз,Нұр-Сұлтан қаласы,,,55-64,13.0
2018,пайыз,Алматы қаласы,,,16-24,12.1
2018,пайыз,Алматы қаласы,,,25-28,11.1
2018,пайыз,Алматы қаласы,,,29-34,11.1
2018,пайыз,Алматы қаласы,,,35-44,12.0
2018,пайыз,Алматы қаласы,,,45-54,10.3
2018,пайыз,Алматы қаласы,,,55-64,6.6
2018,пайыз,Алматы қаласы,,,65 және одан үлкен,5.6
2018,пайыз,Шымкент қаласы,,,16-24,4.6
2018,пайыз,Шымкент қаласы,,,25-28,5.0
2018,пайыз,Шымкент қаласы,,,29-34,2.4
2018,пайыз,Шымкент қаласы,,,35-44,5.6
2018,пайыз,Шымкент қаласы,,,45-54,6.0
2018,пайыз,Шымкент қаласы,,,55-64,1.8
2019,пайыз,,,,,13.7
2019,пайыз,Ақмола,,,,17.7
2019,пайыз,Ақтөбе,,,,8.1
2019,пайыз,Алматы,,,,18.7
2019,пайыз,Атырау,,,,6.7
2019,пайыз,Батыс Қазақстан,,,,24.0
2019,пайыз,Жамбыл,,,,28.3
2019,пайыз,Қарағанды,,,,15.7
2019,пайыз,Қостанай,,,,20.8
2019,пайыз,Қызылорда,,,,10.3
2019,пайыз,Маңғыстау,,,,3.5
2019,пайыз,Павлодар,,,,14.0
2019,пайыз,Солтүстік Қазақстан,,,,19.1
2019,пайыз,Түркістан,,,,14.9
2019,пайыз,Шығыс Қазақстан,,,,10.3
2019,пайыз,Нұр-Сұлтан қаласы,,,,9.7
2019,пайыз,Алматы қаласы,,,,4.6
2019,пайыз,Шымкент қаласы,,,,7.5
2019,пайыз,,ерлер,,,13.8
2019,пайыз,Ақмола,ерлер,,,15.9
2019,пайыз,Ақтөбе,ерлер,,,7.2
2019,пайыз,Алматы,ерлер,,,20.4
2019,пайыз,Атырау,ерлер,,,6.0
2019,пайыз,Батыс Қазақстан,ерлер,,,25.0
2019,пайыз,Жамбыл,ерлер,,,27.5
2019,пайыз,Қарағанды,ерлер,,,14.3
2019,пайыз,Қостанай,ерлер,,,20.2
2019,пайыз,Қызылорда,ерлер,,,12.0
2019,пайыз,Маңғыстау,ерлер,,,2.8
2019,пайыз,Павлодар,ерлер,,,13.2
2019,пайыз,Солтүстік Қазақстан,ерлер,,,16.8
2019,пайыз,Түркістан,ерлер,,,13.9
2019,пайыз,Шығыс Қазақстан,ерлер,,,10.3
2019,пайыз,Нұр-Сұлтан қаласы,ерлер,,,12.9
2019,пайыз,Алматы қаласы,ерлер,,,5.1
2019,пайыз,Шымкент қаласы,ерлер,,,9.1
2019,пайыз,,әйелдер,,,13.6
2019,пайыз,Ақмола,әйелдер,,,19.6
2019,пайыз,Ақтөбе,әйелдер,,,9.0
2019,пайыз,Алматы,әйелдер,,,16.8
2019,пайыз,Атырау,әйелдер,,,7.5
2019,пайыз,Батыс Қазақстан,әйелдер,,,23.0
2019,пайыз,Жамбыл,әйелдер,,,29.2
2019,пайыз,Қарағанды,әйелдер,,,17.4
2019,пайыз,Қостанай,әйелдер,,,21.4
2019,пайыз,Қызылорда,әйелдер,,,8.3
2019,пайыз,Маңғыстау,әйелдер,,,4.3
2019,пайыз,Павлодар,әйелдер,,,14.8
2019,пайыз,Солтүстік Қазақстан,әйелдер,,,21.6
2019,пайыз,Түркістан,әйелдер,,,16.2
2019,пайыз,Шығыс Қазақстан,әйелдер,,,10.3
2019,пайыз,Нұр-Сұлтан қаласы,әйелдер,,,6.7
2019,пайыз,Алматы қаласы,әйелдер,,,4.1
2019,пайыз,Шымкент қаласы,әйелдер,,,5.7
2019,пайыз,,,қала,,8.3
2019,пайыз,Ақмола,,қала,,12.8
2019,пайыз,Ақтөбе,,қала,,3.2
2019,пайыз,Алматы,,қала,,16.3
2019,пайыз,Атырау,,қала,,6.8
2019,пайыз,Батыс Қазақстан,,қала,,13.3
2019,пайыз,Жамбыл,,қала,,19.1
2019,пайыз,Қарағанды,,қала,,16.0
2019,пайыз,Қостанай,,қала,,6.6
2019,пайыз,Қызылорда,,қала,,4.7
2019,пайыз,Маңғыстау,,қала,,1.8
2019,пайыз,Павлодар,,қала,,5.3
2019,пайыз,Солтүстік Қазақстан,,қала,,6.0
2019,пайыз,Түркістан,,қала,,10.6
2019,пайыз,Шығыс Қазақстан,,қала,,2.6
2019,пайыз,Нұр-Сұлтан қаласы,,қала,,9.7
2019,пайыз,Алматы қаласы,,қала,,4.6
2019,пайыз,Шымкент қаласы,,қала,,7.5
2019,пайыз,,,ауыл,,21.4
2019,пайыз,Ақмола,,ауыл,,22.2
2019,пайыз,Ақтөбе,,ауыл,,19.7
2019,пайыз,Алматы,,ауыл,,19.3
2019,пайыз,Атырау,,ауыл,,6.5
2019,пайыз,Батыс Қазақстан,,ауыл,,34.5
2019,пайыз,Жамбыл,,ауыл,,34.4
2019,пайыз,Қарағанды,,ауыл,,14.7
2019,пайыз,Қостанай,,ауыл,,36.5
2019,пайыз,Қызылорда,,ауыл,,14.7
2019,пайыз,Маңғыстау,,ауыл,,4.8
2019,пайыз,Павлодар,,ауыл,,34.1
2019,пайыз,Солтүстік Қазақстан,,ауыл,,28.8
2019,пайыз,Түркістан,,ауыл,,15.9
2019,пайыз,Шығыс Қазақстан,,ауыл,,22.5
2019,пайыз,,,,Y15,100.0
2019,пайыз,,,,16-24,15.6
2019,пайыз,,,,25-28,11.7
2019,пайыз,,,,29-34,11.4
2019,пайыз,,,,35-44,11.6
2019,пайыз,,,,45-54,14.0
2019,пайыз,,,,55-64,19.7
2019,пайыз,,,,65 және одан үлкен,62.9
2019,пайыз,Ақмола,,,16-24,19.5
2019,пайыз,Ақмола,,,25-28,13.6
2019,пайыз,Ақмола,,,29-34,13.3
2019,пайыз,Ақмола,,,35-44,13.7
2019,пайыз,Ақмола,,,45-54,13.3
2019,пайыз,Ақмола,,,55-64,26.8
2019,пайыз,Ақмола,,,65 және одан үлкен,59.2
2019,пайыз,Ақтөбе,,,16-24,7.3
2019,пайыз,Ақтөбе,,,25-28,7.1
2019,пайыз,Ақтөбе,,,29-34,8.6
2019,пайыз,Ақтөбе,,,35-44,6.9
2019,пайыз,Ақтөбе,,,45-54,9.3
2019,пайыз,Ақтөбе,,,55-64,8.0
2019,пайыз,Ақтөбе,,,65 және одан үлкен,42.6
2019,пайыз,Алматы,,,16-24,16.3
2019,пайыз,Алматы,,,25-28,14.8
2019,пайыз,Алматы,,,29-34,13.8
2019,пайыз,Алматы,,,35-44,15.9
2019,пайыз,Алматы,,,45-54,22.7
2019,пайыз,Алматы,,,55-64,29.2
2019,пайыз,Алматы,,,65 және одан үлкен,44.3
2019,пайыз,Атырау,,,16-24,5.3
2019,пайыз,Атырау,,,25-28,7.4
2019,пайыз,Атырау,,,29-34,8.6
2019,пайыз,Атырау,,,35-44,6.7
2019,пайыз,Атырау,,,45-54,5.4
2019,пайыз,Атырау,,,55-64,6.4
2019,пайыз,Атырау,,,65 және одан үлкен,1.9
2019,пайыз,Батыс Қазақстан,,,16-24,25.7
2019,пайыз,Батыс Қазақстан,,,25-28,19.8
2019,пайыз,Батыс Қазақстан,,,29-34,21.3
2019,пайыз,Батыс Қазақстан,,,35-44,24.0
2019,пайыз,Батыс Қазақстан,,,45-54,25.2
2019,пайыз,Батыс Қазақстан,,,55-64,26.1
2019,пайыз,Батыс Қазақстан,,,65 және одан үлкен,100.0
2019,пайыз,Жамбыл,,,16-24,41.7
2019,пайыз,Жамбыл,,,25-28,26.9
2019,пайыз,Жамбыл,,,29-34,22.7
2019,пайыз,Жамбыл,,,35-44,21.5
2019,пайыз,Жамбыл,,,45-54,22.4
2019,пайыз,Жамбыл,,,55-64,39.3
2019,пайыз,Жамбыл,,,65 және одан үлкен,64.0
2019,пайыз,Қарағанды,,,16-24,22.3
2019,пайыз,Қарағанды,,,25-28,14.4
2019,пайыз,Қарағанды,,,29-34,15.4
2019,пайыз,Қарағанды,,,35-44,15.9
2019,пайыз,Қарағанды,,,45-54,13.7
2019,пайыз,Қарағанды,,,55-64,13.9
2019,пайыз,Қарағанды,,,65 және одан үлкен,57.9
2019,пайыз,Қостанай,,,Y15,100.0
2019,пайыз,Қостанай,,,16-24,24.8
2019,пайыз,Қостанай,,,25-28,18.0
2019,пайыз,Қостанай,,,29-34,15.9
2019,пайыз,Қостанай,,,35-44,15.2
2019,пайыз,Қостанай,,,45-54,18.4
2019,пайыз,Қостанай,,,55-64,28.9
2019,пайыз,Қостанай,,,65 және одан үлкен,88.3
2019,пайыз,Қызылорда,,,16-24,14.9
2019,пайыз,Қызылорда,,,25-28,8.6
2019,пайыз,Қызылорда,,,29-34,9.2
2019,пайыз,Қызылорда,,,35-44,10.3
2019,пайыз,Қызылорда,,,45-54,9.9
2019,пайыз,Қызылорда,,,55-64,9.5
2019,пайыз,Қызылорда,,,65 және одан үлкен,100.0
2019,пайыз,Маңғыстау,,,16-24,6.5
2019,пайыз,Маңғыстау,,,25-28,5.4
2019,пайыз,Маңғыстау,,,29-34,2.0
2019,пайыз,Маңғыстау,,,35-44,3.3
2019,пайыз,Маңғыстау,,,45-54,2.7
2019,пайыз,Маңғыстау,,,55-64,3.4
2019,пайыз,Павлодар,,,Y15,100.0
2019,пайыз,Павлодар,,,16-24,15.3
2019,пайыз,Павлодар,,,25-28,8.2
2019,пайыз,Павлодар,,,29-34,12.1
2019,пайыз,Павлодар,,,35-44,11.2
2019,пайыз,Павлодар,,,45-54,12.5
2019,пайыз,Павлодар,,,55-64,22.2
2019,пайыз,Павлодар,,,65 және одан үлкен,84.2
2019,пайыз,Солтүстік Қазақстан,,,Y15,100.0
2019,пайыз,Солтүстік Қазақстан,,,16-24,21.3
2019,пайыз,Солтүстік Қазақстан,,,25-28,14.6
2019,пайыз,Солтүстік Қазақстан,,,29-34,14.3
2019,пайыз,Солтүстік Қазақстан,,,35-44,13.5
2019,пайыз,Солтүстік Қазақстан,,,45-54,17.7
2019,пайыз,Солтүстік Қазақстан,,,55-64,29.8
2019,пайыз,Солтүстік Қазақстан,,,65 және одан үлкен,85.1
2019,пайыз,Түркістан,,,16-24,15.3
2019,пайыз,Түркістан,,,25-28,16.0
2019,пайыз,Түркістан,,,29-34,14.3
2019,пайыз,Түркістан,,,35-44,15.1
2019,пайыз,Түркістан,,,45-54,14.8
2019,пайыз,Түркістан,,,55-64,14.3
2019,пайыз,Түркістан,,,65 және одан үлкен,11.1
2019,пайыз,Шығыс Қазақстан,,,16-24,9.9
2019,пайыз,Шығыс Қазақстан,,,25-28,7.2
2019,пайыз,Шығыс Қазақстан,,,29-34,8.1
2019,пайыз,Шығыс Қазақстан,,,35-44,9.5
2019,пайыз,Шығыс Қазақстан,,,45-54,11.9
2019,пайыз,Шығыс Қазақстан,,,55-64,14.3
2019,пайыз,Шығыс Қазақстан,,,65 және одан үлкен,60.0
2019,пайыз,Нұр-Сұлтан қаласы,,,16-24,12.2
2019,пайыз,Нұр-Сұлтан қаласы,,,25-28,7.8
2019,пайыз,Нұр-Сұлтан қаласы,,,29-34,7.9
2019,пайыз,Нұр-Сұлтан қаласы,,,35-44,6.7
2019,пайыз,Нұр-Сұлтан қаласы,,,45-54,12.6
2019,пайыз,Нұр-Сұлтан қаласы,,,55-64,23.7
2019,пайыз,Нұр-Сұлтан қаласы,,,65 және одан үлкен,77.7
2019,пайыз,Алматы қаласы,,,16-24,4.0
2019,пайыз,Алматы қаласы,,,25-28,5.3
2019,пайыз,Алматы қаласы,,,29-34,4.5
2019,пайыз,Алматы қаласы,,,35-44,4.2
2019,пайыз,Алматы қаласы,,,45-54,5.8
2019,пайыз,Алматы қаласы,,,55-64,3.7
2019,пайыз,Алматы қаласы,,,65 және одан үлкен,2.0
2019,пайыз,Шымкент қаласы,,,16-24,7.5
2019,пайыз,Шымкент қаласы,,,25-28,6.2
2019,пайыз,Шымкент қаласы,,,29-34,10.0
2019,пайыз,Шымкент қаласы,,,35-44,6.3
2019,пайыз,Шымкент қаласы,,,45-54,6.2
2019,пайыз,Шымкент қаласы,,,55-64,7.9
