Year,UNIT_MEASURE,Өңірлер,Жынысы,Аймақ,Жасы,GeoCode,Value
2013,пайыз,,,,,,11.8
2013,пайыз,Ақмола,,,,KZAKM,9.7
2013,пайыз,Ақтөбе,,,,KZAKT,13.9
2013,пайыз,Алматы,,,,KZALM,14.6
2013,пайыз,Атырау,,,,KZATY,1.7
2013,пайыз,Батыс Қазақстан,,,,KZZAP,10.8
2013,пайыз,Жамбыл,,,,KZZHA,20.2
2013,пайыз,Қарағанды,,,,KZKAR,8.0
2013,пайыз,Қостанай,,,,KZKUS,19.8
2013,пайыз,Қызылорда,,,,KZKZY,12.7
2013,пайыз,Маңғыстау,,,,KZMAN,3.5
2013,пайыз,Оңтүстік Қазақстан,,,,KZONT,14.2
2013,пайыз,Павлодар,,,,KZPAV,14.6
2013,пайыз,Солтүстік Қазақстан,,,,KZSEV,24.8
2013,пайыз,Шығыс Қазақстан,,,,KZVOS,12.5
2013,пайыз,Нұр-Сұлтан қаласы,,,,KZNS,0.2
2013,пайыз,Алматы қаласы,,,,KZALA,1.2
2013,пайыз,,ерлер,,,,10.9
2013,пайыз,Ақмола,ерлер,,,KZAKM,9.1
2013,пайыз,Ақтөбе,ерлер,,,KZAKT,15.2
2013,пайыз,Алматы,ерлер,,,KZALM,14.4
2013,пайыз,Атырау,ерлер,,,KZATY,1.9
2013,пайыз,Батыс Қазақстан,ерлер,,,KZZAP,13.1
2013,пайыз,Жамбыл,ерлер,,,KZZHA,19.8
2013,пайыз,Қарағанды,ерлер,,,KZKAR,6.8
2013,пайыз,Қостанай,ерлер,,,KZKUS,17.0
2013,пайыз,Қызылорда,ерлер,,,KZKZY,11.3
2013,пайыз,Маңғыстау,ерлер,,,KZMAN,2.6
2013,пайыз,Оңтүстік Қазақстан,ерлер,,,KZONT,12.2
2013,пайыз,Павлодар,ерлер,,,KZPAV,12.6
2013,пайыз,Солтүстік Қазақстан,ерлер,,,KZSEV,20.2
2013,пайыз,Шығыс Қазақстан,ерлер,,,KZVOS,11.7
2013,пайыз,Нұр-Сұлтан қаласы,ерлер,,,KZNS,0.0
2013,пайыз,Алматы қаласы,ерлер,,,KZALA,1.5
2013,пайыз,,әйелдер,,,,12.7
2013,пайыз,Ақмола,әйелдер,,,KZAKM,10.2
2013,пайыз,Ақтөбе,әйелдер,,,KZAKT,12.6
2013,пайыз,Алматы,әйелдер,,,KZALM,14.8
2013,пайыз,Атырау,әйелдер,,,KZATY,1.5
2013,пайыз,Батыс Қазақстан,әйелдер,,,KZZAP,8.4
2013,пайыз,Жамбыл,әйелдер,,,KZZHA,20.6
2013,пайыз,Қарағанды,әйелдер,,,KZKAR,9.2
2013,пайыз,Қостанай,әйелдер,,,KZKUS,22.4
2013,пайыз,Қызылорда,әйелдер,,,KZKZY,14.4
2013,пайыз,Маңғыстау,әйелдер,,,KZMAN,4.7
2013,пайыз,Оңтүстік Қазақстан,әйелдер,,,KZONT,16.7
2013,пайыз,Павлодар,әйелдер,,,KZPAV,16.6
2013,пайыз,Солтүстік Қазақстан,әйелдер,,,KZSEV,29.4
2013,пайыз,Шығыс Қазақстан,әйелдер,,,KZVOS,13.4
2013,пайыз,Нұр-Сұлтан қаласы,әйелдер,,,KZNS,0.3
2013,пайыз,Алматы қаласы,әйелдер,,,KZALA,0.9
2013,пайыз,,,қала,,,5.1
2013,пайыз,Ақмола,,қала,,KZAKM,2.4
2013,пайыз,Ақтөбе,,қала,,KZAKT,7.1
2013,пайыз,Алматы,,қала,,KZALM,12.1
2013,пайыз,Атырау,,қала,,KZATY,0.2
2013,пайыз,Батыс Қазақстан,,қала,,KZZAP,2.1
2013,пайыз,Жамбыл,,қала,,KZZHA,25.5
2013,пайыз,Қарағанды,,қала,,KZKAR,6.0
2013,пайыз,Қостанай,,қала,,KZKUS,6.4
2013,пайыз,Қызылорда,,қала,,KZKZY,8.4
2013,пайыз,Маңғыстау,,қала,,KZMAN,4.0
2013,пайыз,Оңтүстік Қазақстан,,қала,,KZONT,7.1
2013,пайыз,Павлодар,,қала,,KZPAV,3.1
2013,пайыз,Солтүстік Қазақстан,,қала,,KZSEV,7.7
2013,пайыз,Шығыс Қазақстан,,қала,,KZVOS,1.7
2013,пайыз,Нұр-Сұлтан қаласы,,қала,,KZNS,0.2
2013,пайыз,Алматы қаласы,,қала,,KZALA,1.2
2013,пайыз,,,ауыл,,,19.8
2013,пайыз,Ақмола,,ауыл,,KZAKM,15.9
2013,пайыз,Ақтөбе,,ауыл,,KZAKT,25.4
2013,пайыз,Алматы,,ауыл,,KZALM,15.4
2013,пайыз,Атырау,,ауыл,,KZATY,3.1
2013,пайыз,Батыс Қазақстан,,ауыл,,KZZAP,18.1
2013,пайыз,Жамбыл,,ауыл,,KZZHA,17.2
2013,пайыз,Қарағанды,,ауыл,,KZKAR,15.0
2013,пайыз,Қостанай,,ауыл,,KZKUS,32.3
2013,пайыз,Қызылорда,,ауыл,,KZKZY,16.2
2013,пайыз,Маңғыстау,,ауыл,,KZMAN,2.9
2013,пайыз,Оңтүстік Қазақстан,,ауыл,,KZONT,18.6
2013,пайыз,Павлодар,,ауыл,,KZPAV,36.3
2013,пайыз,Солтүстік Қазақстан,,ауыл,,KZSEV,36.0
2013,пайыз,Шығыс Қазақстан,,ауыл,,KZVOS,27.8
2013,пайыз,,,,15,,97.8
2013,пайыз,,,,16-24,,16.1
2013,пайыз,,,,25-28,,10.0
2013,пайыз,,,,29-34,,11.1
2013,пайыз,,,,35-44,,9.9
2013,пайыз,,,,45-54,,10.6
2013,пайыз,,,,55-64,,15.2
2013,пайыз,,,,65 және одан үлкен,,47.5
2013,пайыз,Ақмола,,,16-24,KZAKM,12.9
2013,пайыз,Ақмола,,,25-28,KZAKM,5.9
2013,пайыз,Ақмола,,,29-34,KZAKM,6.4
2013,пайыз,Ақмола,,,35-44,KZAKM,8.8
2013,пайыз,Ақмола,,,45-54,KZAKM,12.1
2013,пайыз,Ақмола,,,55-64,KZAKM,9.8
2013,пайыз,Ақмола,,,65 және одан үлкен,KZAKM,25.5
2013,пайыз,Ақтөбе,,,16-24,KZAKT,20.8
2013,пайыз,Ақтөбе,,,25-28,KZAKT,15.4
2013,пайыз,Ақтөбе,,,29-34,KZAKT,19.8
2013,пайыз,Ақтөбе,,,35-44,KZAKT,8.4
2013,пайыз,Ақтөбе,,,45-54,KZAKT,8.5
2013,пайыз,Ақтөбе,,,55-64,KZAKT,16.5
2013,пайыз,Ақтөбе,,,65 және одан үлкен,KZAKT,22.0
2013,пайыз,Алматы,,,16-24,KZALM,19.3
2013,пайыз,Алматы,,,25-28,KZALM,10.9
2013,пайыз,Алматы,,,29-34,KZALM,13.7
2013,пайыз,Алматы,,,35-44,KZALM,14.1
2013,пайыз,Алматы,,,45-54,KZALM,14.5
2013,пайыз,Алматы,,,55-64,KZALM,14.3
2013,пайыз,Алматы,,,65 және одан үлкен,KZALM,10.8
2013,пайыз,Атырау,,,16-24,KZATY,2.0
2013,пайыз,Атырау,,,25-28,KZATY,0.2
2013,пайыз,Атырау,,,29-34,KZATY,1.7
2013,пайыз,Атырау,,,35-44,KZATY,1.4
2013,пайыз,Атырау,,,45-54,KZATY,2.2
2013,пайыз,Атырау,,,55-64,KZATY,2.9
2013,пайыз,Батыс Қазақстан,,,16-24,KZZAP,12.4
2013,пайыз,Батыс Қазақстан,,,25-28,KZZAP,9.1
2013,пайыз,Батыс Қазақстан,,,29-34,KZZAP,10.3
2013,пайыз,Батыс Қазақстан,,,35-44,KZZAP,10.5
2013,пайыз,Батыс Қазақстан,,,45-54,KZZAP,10.4
2013,пайыз,Батыс Қазақстан,,,55-64,KZZAP,11.0
2013,пайыз,Жамбыл,,,15,KZZHA,100.0
2013,пайыз,Жамбыл,,,16-24,KZZHA,24.1
2013,пайыз,Жамбыл,,,25-28,KZZHA,15.7
2013,пайыз,Жамбыл,,,29-34,KZZHA,18.3
2013,пайыз,Жамбыл,,,35-44,KZZHA,16.7
2013,пайыз,Жамбыл,,,45-54,KZZHA,21.4
2013,пайыз,Жамбыл,,,55-64,KZZHA,27.5
2013,пайыз,Жамбыл,,,65 және одан үлкен,KZZHA,40.0
2013,пайыз,Қарағанды,,,16-24,KZKAR,13.1
2013,пайыз,Қарағанды,,,25-28,KZKAR,8.1
2013,пайыз,Қарағанды,,,29-34,KZKAR,6.6
2013,пайыз,Қарағанды,,,35-44,KZKAR,6.3
2013,пайыз,Қарағанды,,,45-54,KZKAR,5.0
2013,пайыз,Қарағанды,,,55-64,KZKAR,9.8
2013,пайыз,Қарағанды,,,65 және одан үлкен,KZKAR,55.2
2013,пайыз,Қостанай,,,15,KZKUS,100.0
2013,пайыз,Қостанай,,,16-24,KZKUS,32.5
2013,пайыз,Қостанай,,,25-28,KZKUS,21.8
2013,пайыз,Қостанай,,,29-34,KZKUS,14.6
2013,пайыз,Қостанай,,,35-44,KZKUS,14.3
2013,пайыз,Қостанай,,,45-54,KZKUS,17.2
2013,пайыз,Қостанай,,,55-64,KZKUS,27.5
2013,пайыз,Қостанай,,,65 және одан үлкен,KZKUS,36.3
2013,пайыз,Қызылорда,,,16-24,KZKZY,24.6
2013,пайыз,Қызылорда,,,25-28,KZKZY,7.9
2013,пайыз,Қызылорда,,,29-34,KZKZY,14.4
2013,пайыз,Қызылорда,,,35-44,KZKZY,9.6
2013,пайыз,Қызылорда,,,45-54,KZKZY,10.8
2013,пайыз,Қызылорда,,,55-64,KZKZY,8.6
2013,пайыз,Маңғыстау,,,16-24,KZMAN,5.1
2013,пайыз,Маңғыстау,,,25-28,KZMAN,3.7
2013,пайыз,Маңғыстау,,,29-34,KZMAN,4.5
2013,пайыз,Маңғыстау,,,35-44,KZMAN,2.3
2013,пайыз,Маңғыстау,,,45-54,KZMAN,3.5
2013,пайыз,Маңғыстау,,,55-64,KZMAN,2.3
2013,пайыз,Оңтүстік Қазақстан,,,15,KZONT,89.8
2013,пайыз,Оңтүстік Қазақстан,,,16-24,KZONT,17.2
2013,пайыз,Оңтүстік Қазақстан,,,25-28,KZONT,15.2
2013,пайыз,Оңтүстік Қазақстан,,,29-34,KZONT,14.4
2013,пайыз,Оңтүстік Қазақстан,,,35-44,KZONT,13.8
2013,пайыз,Оңтүстік Қазақстан,,,45-54,KZONT,12.5
2013,пайыз,Оңтүстік Қазақстан,,,55-64,KZONT,11.9
2013,пайыз,Павлодар,,,15,KZPAV,100.0
2013,пайыз,Павлодар,,,16-24,KZPAV,23.0
2013,пайыз,Павлодар,,,25-28,KZPAV,10.4
2013,пайыз,Павлодар,,,29-34,KZPAV,13.0
2013,пайыз,Павлодар,,,35-44,KZPAV,9.9
2013,пайыз,Павлодар,,,45-54,KZPAV,10.0
2013,пайыз,Павлодар,,,55-64,KZPAV,23.9
2013,пайыз,Павлодар,,,65 және одан үлкен,KZPAV,88.3
2013,пайыз,Солтүстік Қазақстан,,,15,KZSEV,100.0
2013,пайыз,Солтүстік Қазақстан,,,16-24,KZSEV,32.4
2013,пайыз,Солтүстік Қазақстан,,,25-28,KZSEV,16.2
2013,пайыз,Солтүстік Қазақстан,,,29-34,KZSEV,17.4
2013,пайыз,Солтүстік Қазақстан,,,35-44,KZSEV,21.7
2013,пайыз,Солтүстік Қазақстан,,,45-54,KZSEV,17.0
2013,пайыз,Солтүстік Қазақстан,,,55-64,KZSEV,37.3
2013,пайыз,Солтүстік Қазақстан,,,65 және одан үлкен,KZSEV,85.5
2013,пайыз,Шығыс Қазақстан,,,16-24,KZVOS,16.8
2013,пайыз,Шығыс Қазақстан,,,25-28,KZVOS,11.6
2013,пайыз,Шығыс Қазақстан,,,29-34,KZVOS,13.5
2013,пайыз,Шығыс Қазақстан,,,35-44,KZVOS,12.1
2013,пайыз,Шығыс Қазақстан,,,45-54,KZVOS,11.3
2013,пайыз,Шығыс Қазақстан,,,55-64,KZVOS,12.1
2013,пайыз,Шығыс Қазақстан,,,65 және одан үлкен,KZVOS,14.6
2013,пайыз,Нұр-Сұлтан қаласы,,,35-44,KZNS,0.7
2013,пайыз,Алматы қаласы,,,16-24,KZALA,2.4
2013,пайыз,Алматы қаласы,,,25-28,KZALA,1.8
2013,пайыз,Алматы қаласы,,,29-34,KZALA,1.2
2013,пайыз,Алматы қаласы,,,35-44,KZALA,0.6
2013,пайыз,Алматы қаласы,,,45-54,KZALA,0.8
2013,пайыз,Алматы қаласы,,,55-64,KZALA,1.1
2014,пайыз,,,,,,8.3
2014,пайыз,Ақмола,,,,KZAKM,8.3
2014,пайыз,Ақтөбе,,,,KZAKT,7.0
2014,пайыз,Алматы,,,,KZALM,11.5
2014,пайыз,Атырау,,,,KZATY,1.8
2014,пайыз,Батыс Қазақстан,,,,KZZAP,7.4
2014,пайыз,Жамбыл,,,,KZZHA,22.4
2014,пайыз,Қарағанды,,,,KZKAR,6.4
2014,пайыз,Қостанай,,,,KZKUS,11.0
2014,пайыз,Қызылорда,,,,KZKZY,10.0
2014,пайыз,Маңғыстау,,,,KZMAN,2.4
2014,пайыз,Оңтүстік Қазақстан,,,,KZONT,8.6
2014,пайыз,Павлодар,,,,KZPAV,6.5
2014,пайыз,Солтүстік Қазақстан,,,,KZSEV,8.1
2014,пайыз,Шығыс Қазақстан,,,,KZVOS,11.6
2014,пайыз,Нұр-Сұлтан қаласы,,,,KZNS,0.3
2014,пайыз,Алматы қаласы,,,,KZALA,1.2
2014,пайыз,,ерлер,,,,8.0
2014,пайыз,Ақмола,ерлер,,,KZAKM,6.9
2014,пайыз,Ақтөбе,ерлер,,,KZAKT,6.9
2014,пайыз,Алматы,ерлер,,,KZALM,10.7
2014,пайыз,Атырау,ерлер,,,KZATY,1.8
2014,пайыз,Батыс Қазақстан,ерлер,,,KZZAP,8.4
2014,пайыз,Жамбыл,ерлер,,,KZZHA,20.6
2014,пайыз,Қарағанды,ерлер,,,KZKAR,6.3
2014,пайыз,Қостанай,ерлер,,,KZKUS,10.1
2014,пайыз,Қызылорда,ерлер,,,KZKZY,10.9
2014,пайыз,Маңғыстау,ерлер,,,KZMAN,2.0
2014,пайыз,Оңтүстік Қазақстан,ерлер,,,KZONT,8.8
2014,пайыз,Павлодар,ерлер,,,KZPAV,5.7
2014,пайыз,Солтүстік Қазақстан,ерлер,,,KZSEV,7.0
2014,пайыз,Шығыс Қазақстан,ерлер,,,KZVOS,11.2
2014,пайыз,Нұр-Сұлтан қаласы,ерлер,,,KZNS,0.3
2014,пайыз,Алматы қаласы,ерлер,,,KZALA,1.5
2014,пайыз,,әйелдер,,,,8.7
2014,пайыз,Ақмола,әйелдер,,,KZAKM,9.8
2014,пайыз,Ақтөбе,әйелдер,,,KZAKT,7.0
2014,пайыз,Алматы,әйелдер,,,KZALM,12.5
2014,пайыз,Атырау,әйелдер,,,KZATY,1.9
2014,пайыз,Батыс Қазақстан,әйелдер,,,KZZAP,6.3
2014,пайыз,Жамбыл,әйелдер,,,KZZHA,24.3
2014,пайыз,Қарағанды,әйелдер,,,KZKAR,6.4
2014,пайыз,Қостанай,әйелдер,,,KZKUS,11.9
2014,пайыз,Қызылорда,әйелдер,,,KZKZY,9.0
2014,пайыз,Маңғыстау,әйелдер,,,KZMAN,2.9
2014,пайыз,Оңтүстік Қазақстан,әйелдер,,,KZONT,8.4
2014,пайыз,Павлодар,әйелдер,,,KZPAV,7.4
2014,пайыз,Солтүстік Қазақстан,әйелдер,,,KZSEV,9.3
2014,пайыз,Шығыс Қазақстан,әйелдер,,,KZVOS,11.9
2014,пайыз,Нұр-Сұлтан қаласы,әйелдер,,,KZNS,0.2
2014,пайыз,Алматы қаласы,әйелдер,,,KZALA,1.0
2014,пайыз,,,қала,,,4.8
2014,пайыз,Ақмола,,қала,,KZAKM,4.0
2014,пайыз,Ақтөбе,,қала,,KZAKT,3.0
2014,пайыз,Алматы,,қала,,KZALM,8.0
2014,пайыз,Атырау,,қала,,KZATY,0.3
2014,пайыз,Батыс Қазақстан,,қала,,KZZAP,2.8
2014,пайыз,Жамбыл,,қала,,KZZHA,27.8
2014,пайыз,Қарағанды,,қала,,KZKAR,3.9
2014,пайыз,Қостанай,,қала,,KZKUS,7.8
2014,пайыз,Қызылорда,,қала,,KZKZY,4.9
2014,пайыз,Маңғыстау,,қала,,KZMAN,2.5
2014,пайыз,Оңтүстік Қазақстан,,қала,,KZONT,8.3
2014,пайыз,Павлодар,,қала,,KZPAV,2.0
2014,пайыз,Солтүстік Қазақстан,,қала,,KZSEV,5.7
2014,пайыз,Шығыс Қазақстан,,қала,,KZVOS,2.8
2014,пайыз,Нұр-Сұлтан қаласы,,қала,,KZNS,0.3
2014,пайыз,Алматы қаласы,,қала,,KZALA,1.2
2014,пайыз,,,ауыл,,,12.7
2014,пайыз,Ақмола,,ауыл,,KZAKM,12.2
2014,пайыз,Ақтөбе,,ауыл,,KZAKT,13.4
2014,пайыз,Алматы,,ауыл,,KZALM,12.6
2014,пайыз,Атырау,,ауыл,,KZATY,3.4
2014,пайыз,Батыс Қазақстан,,ауыл,,KZZAP,11.3
2014,пайыз,Жамбыл,,ауыл,,KZZHA,18.0
2014,пайыз,Қарағанды,,ауыл,,KZKAR,15.4
2014,пайыз,Қостанай,,ауыл,,KZKUS,14.3
2014,пайыз,Қызылорда,,ауыл,,KZKZY,13.4
2014,пайыз,Маңғыстау,,ауыл,,KZMAN,2.3
2014,пайыз,Оңтүстік Қазақстан,,ауыл,,KZONT,8.9
2014,пайыз,Павлодар,,ауыл,,KZPAV,15.6
2014,пайыз,Солтүстік Қазақстан,,ауыл,,KZSEV,9.8
2014,пайыз,Шығыс Қазақстан,,ауыл,,KZVOS,24.4
2014,пайыз,,,,15,,46.0
2014,пайыз,,,,16-24,,10.2
2014,пайыз,,,,25-28,,7.3
2014,пайыз,,,,29-34,,7.6
2014,пайыз,,,,35-44,,6.7
2014,пайыз,,,,45-54,,7.7
2014,пайыз,,,,55-64,,11.7
2014,пайыз,,,,65 және одан үлкен,,42.6
2014,пайыз,Ақмола,,,15,KZAKM,89.4
2014,пайыз,Ақмола,,,16-24,KZAKM,9.5
2014,пайыз,Ақмола,,,25-28,KZAKM,7.7
2014,пайыз,Ақмола,,,29-34,KZAKM,6.3
2014,пайыз,Ақмола,,,35-44,KZAKM,6.9
2014,пайыз,Ақмола,,,45-54,KZAKM,8.1
2014,пайыз,Ақмола,,,55-64,KZAKM,10.0
2014,пайыз,Ақмола,,,65 және одан үлкен,KZAKM,48.1
2014,пайыз,Ақтөбе,,,16-24,KZAKT,9.6
2014,пайыз,Ақтөбе,,,25-28,KZAKT,6.8
2014,пайыз,Ақтөбе,,,29-34,KZAKT,5.5
2014,пайыз,Ақтөбе,,,35-44,KZAKT,5.8
2014,пайыз,Ақтөбе,,,45-54,KZAKT,7.3
2014,пайыз,Ақтөбе,,,55-64,KZAKT,9.6
2014,пайыз,Ақтөбе,,,65 және одан үлкен,KZAKT,32.0
2014,пайыз,Алматы,,,15,KZALM,16.7
2014,пайыз,Алматы,,,16-24,KZALM,11.6
2014,пайыз,Алматы,,,25-28,KZALM,9.1
2014,пайыз,Алматы,,,29-34,KZALM,11.9
2014,пайыз,Алматы,,,35-44,KZALM,10.9
2014,пайыз,Алматы,,,45-54,KZALM,11.2
2014,пайыз,Алматы,,,55-64,KZALM,14.4
2014,пайыз,Алматы,,,65 және одан үлкен,KZALM,47.4
2014,пайыз,Атырау,,,16-24,KZATY,2.1
2014,пайыз,Атырау,,,25-28,KZATY,1.6
2014,пайыз,Атырау,,,29-34,KZATY,1.5
2014,пайыз,Атырау,,,35-44,KZATY,1.5
2014,пайыз,Атырау,,,45-54,KZATY,2.7
2014,пайыз,Атырау,,,55-64,KZATY,1.8
2014,пайыз,Атырау,,,65 және одан үлкен,KZATY,2.8
2014,пайыз,Батыс Қазақстан,,,16-24,KZZAP,8.1
2014,пайыз,Батыс Қазақстан,,,25-28,KZZAP,5.6
2014,пайыз,Батыс Қазақстан,,,29-34,KZZAP,8.5
2014,пайыз,Батыс Қазақстан,,,35-44,KZZAP,6.8
2014,пайыз,Батыс Қазақстан,,,45-54,KZZAP,7.2
2014,пайыз,Батыс Қазақстан,,,55-64,KZZAP,7.6
2014,пайыз,Батыс Қазақстан,,,65 және одан үлкен,KZZAP,17.9
2014,пайыз,Жамбыл,,,15,KZZHA,41.6
2014,пайыз,Жамбыл,,,16-24,KZZHA,30.5
2014,пайыз,Жамбыл,,,25-28,KZZHA,22.6
2014,пайыз,Жамбыл,,,29-34,KZZHA,18.0
2014,пайыз,Жамбыл,,,35-44,KZZHA,17.5
2014,пайыз,Жамбыл,,,45-54,KZZHA,17.0
2014,пайыз,Жамбыл,,,55-64,KZZHA,35.9
2014,пайыз,Жамбыл,,,65 және одан үлкен,KZZHA,69.7
2014,пайыз,Қарағанды,,,15,KZKAR,62.9
2014,пайыз,Қарағанды,,,16-24,KZKAR,7.8
2014,пайыз,Қарағанды,,,25-28,KZKAR,4.4
2014,пайыз,Қарағанды,,,29-34,KZKAR,4.5
2014,пайыз,Қарағанды,,,35-44,KZKAR,4.9
2014,пайыз,Қарағанды,,,45-54,KZKAR,5.8
2014,пайыз,Қарағанды,,,55-64,KZKAR,10.5
2014,пайыз,Қарағанды,,,65 және одан үлкен,KZKAR,42.0
2014,пайыз,Қостанай,,,15,KZKUS,59.0
2014,пайыз,Қостанай,,,16-24,KZKUS,17.5
2014,пайыз,Қостанай,,,25-28,KZKUS,11.6
2014,пайыз,Қостанай,,,29-34,KZKUS,10.6
2014,пайыз,Қостанай,,,35-44,KZKUS,8.2
2014,пайыз,Қостанай,,,45-54,KZKUS,8.4
2014,пайыз,Қостанай,,,55-64,KZKUS,13.3
2014,пайыз,Қостанай,,,65 және одан үлкен,KZKUS,26.2
2014,пайыз,Қызылорда,,,16-24,KZKZY,15.1
2014,пайыз,Қызылорда,,,25-28,KZKZY,8.0
2014,пайыз,Қызылорда,,,29-34,KZKZY,9.7
2014,пайыз,Қызылорда,,,35-44,KZKZY,9.5
2014,пайыз,Қызылорда,,,45-54,KZKZY,8.6
2014,пайыз,Қызылорда,,,55-64,KZKZY,7.4
2014,пайыз,Қызылорда,,,65 және одан үлкен,KZKZY,15.6
2014,пайыз,Маңғыстау,,,16-24,KZMAN,3.2
2014,пайыз,Маңғыстау,,,25-28,KZMAN,2.0
2014,пайыз,Маңғыстау,,,29-34,KZMAN,2.0
2014,пайыз,Маңғыстау,,,35-44,KZMAN,2.5
2014,пайыз,Маңғыстау,,,45-54,KZMAN,2.5
2014,пайыз,Маңғыстау,,,55-64,KZMAN,2.3
2014,пайыз,Оңтүстік Қазақстан,,,16-24,KZONT,8.6
2014,пайыз,Оңтүстік Қазақстан,,,25-28,KZONT,9.1
2014,пайыз,Оңтүстік Қазақстан,,,29-34,KZONT,10.9
2014,пайыз,Оңтүстік Қазақстан,,,35-44,KZONT,7.4
2014,пайыз,Оңтүстік Қазақстан,,,45-54,KZONT,8.3
2014,пайыз,Оңтүстік Қазақстан,,,55-64,KZONT,6.7
2014,пайыз,Павлодар,,,15,KZPAV,89.6
2014,пайыз,Павлодар,,,16-24,KZPAV,12.1
2014,пайыз,Павлодар,,,25-28,KZPAV,3.6
2014,пайыз,Павлодар,,,29-34,KZPAV,5.2
2014,пайыз,Павлодар,,,35-44,KZPAV,3.4
2014,пайыз,Павлодар,,,45-54,KZPAV,5.3
2014,пайыз,Павлодар,,,55-64,KZPAV,12.7
2014,пайыз,Павлодар,,,65 және одан үлкен,KZPAV,40.8
2014,пайыз,Солтүстік Қазақстан,,,15,KZSEV,100.0
2014,пайыз,Солтүстік Қазақстан,,,16-24,KZSEV,10.6
2014,пайыз,Солтүстік Қазақстан,,,25-28,KZSEV,5.5
2014,пайыз,Солтүстік Қазақстан,,,29-34,KZSEV,4.9
2014,пайыз,Солтүстік Қазақстан,,,35-44,KZSEV,5.4
2014,пайыз,Солтүстік Қазақстан,,,45-54,KZSEV,5.5
2014,пайыз,Солтүстік Қазақстан,,,55-64,KZSEV,13.7
2014,пайыз,Солтүстік Қазақстан,,,65 және одан үлкен,KZSEV,49.9
2014,пайыз,Шығыс Қазақстан,,,15,KZVOS,76.0
2014,пайыз,Шығыс Қазақстан,,,16-24,KZVOS,18.7
2014,пайыз,Шығыс Қазақстан,,,25-28,KZVOS,9.6
2014,пайыз,Шығыс Қазақстан,,,29-34,KZVOS,10.2
2014,пайыз,Шығыс Қазақстан,,,35-44,KZVOS,9.6
2014,пайыз,Шығыс Қазақстан,,,45-54,KZVOS,12.4
2014,пайыз,Шығыс Қазақстан,,,55-64,KZVOS,13.3
2014,пайыз,Шығыс Қазақстан,,,65 және одан үлкен,KZVOS,25.0
2014,пайыз,Нұр-Сұлтан қаласы,,,25-28,KZNS,0.3
2014,пайыз,Нұр-Сұлтан қаласы,,,29-34,KZNS,0.2
2014,пайыз,Нұр-Сұлтан қаласы,,,35-44,KZNS,0.2
2014,пайыз,Нұр-Сұлтан қаласы,,,45-54,KZNS,0.5
2014,пайыз,Алматы қаласы,,,16-24,KZALA,1.0
2014,пайыз,Алматы қаласы,,,25-28,KZALA,1.1
2014,пайыз,Алматы қаласы,,,29-34,KZALA,1.1
2014,пайыз,Алматы қаласы,,,35-44,KZALA,1.1
2014,пайыз,Алматы қаласы,,,45-54,KZALA,1.6
2014,пайыз,Алматы қаласы,,,55-64,KZALA,1.8
2014,пайыз,Алматы қаласы,,,65 және одан үлкен,KZALA,5.1
2015,пайыз,,,,,,3.9
2015,пайыз,Ақмола,,,,KZAKM,4.5
2015,пайыз,Ақтөбе,,,,KZAKT,3.1
2015,пайыз,Алматы,,,,KZALM,6.0
2015,пайыз,Атырау,,,,KZATY,1.2
2015,пайыз,Батыс Қазақстан,,,,KZZAP,4.2
2015,пайыз,Жамбыл,,,,KZZHA,12.8
2015,пайыз,Қарағанды,,,,KZKAR,2.9
2015,пайыз,Қостанай,,,,KZKUS,3.5
2015,пайыз,Қызылорда,,,,KZKZY,12.6
2015,пайыз,Маңғыстау,,,,KZMAN,2.1
2015,пайыз,Оңтүстік Қазақстан,,,,KZONT,1.9
2015,пайыз,Павлодар,,,,KZPAV,1.7
2015,пайыз,Солтүстік Қазақстан,,,,KZSEV,2.3
2015,пайыз,Шығыс Қазақстан,,,,KZVOS,5.3
2015,пайыз,Нұр-Сұлтан қаласы,,,,KZNS,0.6
2015,пайыз,Алматы қаласы,,,,KZALA,1.0
2015,пайыз,,ерлер,,,,4.4
2015,пайыз,Ақмола,ерлер,,,KZAKM,3.6
2015,пайыз,Ақтөбе,ерлер,,,KZAKT,3.1
2015,пайыз,Алматы,ерлер,,,KZALM,6.3
2015,пайыз,Атырау,ерлер,,,KZATY,1.4
2015,пайыз,Батыс Қазақстан,ерлер,,,KZZAP,5.1
2015,пайыз,Жамбыл,ерлер,,,KZZHA,13.4
2015,пайыз,Қарағанды,ерлер,,,KZKAR,3.3
2015,пайыз,Қостанай,ерлер,,,KZKUS,3.2
2015,пайыз,Қызылорда,ерлер,,,KZKZY,15.5
2015,пайыз,Маңғыстау,ерлер,,,KZMAN,2.5
2015,пайыз,Оңтүстік Қазақстан,ерлер,,,KZONT,2.4
2015,пайыз,Павлодар,ерлер,,,KZPAV,1.8
2015,пайыз,Солтүстік Қазақстан,ерлер,,,KZSEV,2.7
2015,пайыз,Шығыс Қазақстан,ерлер,,,KZVOS,6.2
2015,пайыз,Нұр-Сұлтан қаласы,ерлер,,,KZNS,0.9
2015,пайыз,Алматы қаласы,ерлер,,,KZALA,1.2
2015,пайыз,,әйелдер,,,,3.4
2015,пайыз,Ақмола,әйелдер,,,KZAKM,5.5
2015,пайыз,Ақтөбе,әйелдер,,,KZAKT,3.2
2015,пайыз,Алматы,әйелдер,,,KZALM,5.6
2015,пайыз,Атырау,әйелдер,,,KZATY,1.0
2015,пайыз,Батыс Қазақстан,әйелдер,,,KZZAP,3.3
2015,пайыз,Жамбыл,әйелдер,,,KZZHA,12.0
2015,пайыз,Қарағанды,әйелдер,,,KZKAR,2.4
2015,пайыз,Қостанай,әйелдер,,,KZKUS,3.9
2015,пайыз,Қызылорда,әйелдер,,,KZKZY,9.2
2015,пайыз,Маңғыстау,әйелдер,,,KZMAN,1.6
2015,пайыз,Оңтүстік Қазақстан,әйелдер,,,KZONT,1.2
2015,пайыз,Павлодар,әйелдер,,,KZPAV,1.6
2015,пайыз,Солтүстік Қазақстан,әйелдер,,,KZSEV,1.9
2015,пайыз,Шығыс Қазақстан,әйелдер,,,KZVOS,4.3
2015,пайыз,Нұр-Сұлтан қаласы,әйелдер,,,KZNS,0.4
2015,пайыз,Алматы қаласы,әйелдер,,,KZALA,0.8
2015,пайыз,,,қала,,,2.5
2015,пайыз,Ақмола,,қала,,KZAKM,1.6
2015,пайыз,Ақтөбе,,қала,,KZAKT,2.4
2015,пайыз,Алматы,,қала,,KZALM,4.0
2015,пайыз,Атырау,,қала,,KZATY,0.3
2015,пайыз,Батыс Қазақстан,,қала,,KZZAP,2.5
2015,пайыз,Жамбыл,,қала,,KZZHA,12.1
2015,пайыз,Қарағанды,,қала,,KZKAR,2.6
2015,пайыз,Қостанай,,қала,,KZKUS,5.0
2015,пайыз,Қызылорда,,қала,,KZKZY,5.0
2015,пайыз,Маңғыстау,,қала,,KZMAN,3.3
2015,пайыз,Оңтүстік Қазақстан,,қала,,KZONT,1.6
2015,пайыз,Павлодар,,қала,,KZPAV,0.4
2015,пайыз,Солтүстік Қазақстан,,қала,,KZSEV,2.6
2015,пайыз,Шығыс Қазақстан,,қала,,KZVOS,2.7
2015,пайыз,Нұр-Сұлтан қаласы,,қала,,KZNS,0.6
2015,пайыз,Алматы қаласы,,қала,,KZALA,1.0
2015,пайыз,,,ауыл,,,5.6
2015,пайыз,Ақмола,,ауыл,,KZAKM,6.9
2015,пайыз,Ақтөбе,,ауыл,,KZAKT,4.0
2015,пайыз,Алматы,,ауыл,,KZALM,6.2
2015,пайыз,Атырау,,ауыл,,KZATY,2.2
2015,пайыз,Батыс Қазақстан,,ауыл,,KZZAP,5.5
2015,пайыз,Жамбыл,,ауыл,,KZZHA,12.6
2015,пайыз,Қарағанды,,ауыл,,KZKAR,3.4
2015,пайыз,Қостанай,,ауыл,,KZKUS,1.8
2015,пайыз,Қызылорда,,ауыл,,KZKZY,17.6
2015,пайыз,Маңғыстау,,ауыл,,KZMAN,0.7
2015,пайыз,Оңтүстік Қазақстан,,ауыл,,KZONT,2.0
2015,пайыз,Павлодар,,ауыл,,KZPAV,4.3
2015,пайыз,Солтүстік Қазақстан,,ауыл,,KZSEV,2.1
2015,пайыз,Шығыс Қазақстан,,ауыл,,KZVOS,8.7
2015,пайыз,,,,15,,43.9
2015,пайыз,,,,16-24,,5.0
2015,пайыз,,,,25-28,,3.6
2015,пайыз,,,,29-34,,3.7
2015,пайыз,,,,35-44,,3.6
2015,пайыз,,,,45-54,,3.9
2015,пайыз,,,,55-64,,3.8
2015,пайыз,,,,65 және одан үлкен,,6.3
2015,пайыз,Ақмола,,,15,KZAKM,38.6
2015,пайыз,Ақмола,,,16-24,KZAKM,5.6
2015,пайыз,Ақмола,,,25-28,KZAKM,3.7
2015,пайыз,Ақмола,,,29-34,KZAKM,4.5
2015,пайыз,Ақмола,,,35-44,KZAKM,4.1
2015,пайыз,Ақмола,,,45-54,KZAKM,5.3
2015,пайыз,Ақмола,,,55-64,KZAKM,4.1
2015,пайыз,Ақмола,,,65 және одан үлкен,KZAKM,2.0
2015,пайыз,Ақтөбе,,,16-24,KZAKT,4.0
2015,пайыз,Ақтөбе,,,25-28,KZAKT,2.7
2015,пайыз,Ақтөбе,,,29-34,KZAKT,2.7
2015,пайыз,Ақтөбе,,,35-44,KZAKT,3.5
2015,пайыз,Ақтөбе,,,45-54,KZAKT,3.2
2015,пайыз,Ақтөбе,,,55-64,KZAKT,2.3
2015,пайыз,Алматы,,,16-24,KZALM,5.2
2015,пайыз,Алматы,,,25-28,KZALM,4.6
2015,пайыз,Алматы,,,29-34,KZALM,6.1
2015,пайыз,Алматы,,,35-44,KZALM,5.9
2015,пайыз,Алматы,,,45-54,KZALM,7.2
2015,пайыз,Алматы,,,55-64,KZALM,6.2
2015,пайыз,Алматы,,,65 және одан үлкен,KZALM,5.2
2015,пайыз,Атырау,,,16-24,KZATY,1.2
2015,пайыз,Атырау,,,25-28,KZATY,1.2
2015,пайыз,Атырау,,,29-34,KZATY,1.2
2015,пайыз,Атырау,,,35-44,KZATY,0.8
2015,пайыз,Атырау,,,45-54,KZATY,1.6
2015,пайыз,Атырау,,,55-64,KZATY,1.4
2015,пайыз,Батыс Қазақстан,,,16-24,KZZAP,6.5
2015,пайыз,Батыс Қазақстан,,,25-28,KZZAP,5.5
2015,пайыз,Батыс Қазақстан,,,29-34,KZZAP,4.2
2015,пайыз,Батыс Қазақстан,,,35-44,KZZAP,2.9
2015,пайыз,Батыс Қазақстан,,,45-54,KZZAP,3.7
2015,пайыз,Батыс Қазақстан,,,55-64,KZZAP,4.0
2015,пайыз,Жамбыл,,,15,KZZHA,58.7
2015,пайыз,Жамбыл,,,16-24,KZZHA,20.2
2015,пайыз,Жамбыл,,,25-28,KZZHA,12.9
2015,пайыз,Жамбыл,,,29-34,KZZHA,11.2
2015,пайыз,Жамбыл,,,35-44,KZZHA,10.2
2015,пайыз,Жамбыл,,,45-54,KZZHA,9.8
2015,пайыз,Жамбыл,,,55-64,KZZHA,13.3
2015,пайыз,Жамбыл,,,65 және одан үлкен,KZZHA,49.8
2015,пайыз,Қарағанды,,,15,KZKAR,95.0
2015,пайыз,Қарағанды,,,16-24,KZKAR,3.0
2015,пайыз,Қарағанды,,,25-28,KZKAR,1.6
2015,пайыз,Қарағанды,,,29-34,KZKAR,3.1
2015,пайыз,Қарағанды,,,35-44,KZKAR,3.9
2015,пайыз,Қарағанды,,,45-54,KZKAR,2.7
2015,пайыз,Қарағанды,,,55-64,KZKAR,1.7
2015,пайыз,Қарағанды,,,65 және одан үлкен,KZKAR,0.5
2015,пайыз,Қостанай,,,16-24,KZKUS,3.4
2015,пайыз,Қостанай,,,25-28,KZKUS,3.8
2015,пайыз,Қостанай,,,29-34,KZKUS,3.9
2015,пайыз,Қостанай,,,35-44,KZKUS,3.9
2015,пайыз,Қостанай,,,45-54,KZKUS,3.2
2015,пайыз,Қостанай,,,55-64,KZKUS,3.0
2015,пайыз,Қостанай,,,65 және одан үлкен,KZKUS,0.8
2015,пайыз,Қызылорда,,,16-24,KZKZY,16.2
2015,пайыз,Қызылорда,,,25-28,KZKZY,10.8
2015,пайыз,Қызылорда,,,29-34,KZKZY,10.2
2015,пайыз,Қызылорда,,,35-44,KZKZY,12.2
2015,пайыз,Қызылорда,,,45-54,KZKZY,13.1
2015,пайыз,Қызылорда,,,55-64,KZKZY,13.2
2015,пайыз,Маңғыстау,,,16-24,KZMAN,2.4
2015,пайыз,Маңғыстау,,,25-28,KZMAN,2.1
2015,пайыз,Маңғыстау,,,29-34,KZMAN,1.3
2015,пайыз,Маңғыстау,,,35-44,KZMAN,2.1
2015,пайыз,Маңғыстау,,,45-54,KZMAN,2.8
2015,пайыз,Маңғыстау,,,55-64,KZMAN,1.4
2015,пайыз,Маңғыстау,,,65 және одан үлкен,KZMAN,7.2
2015,пайыз,Оңтүстік Қазақстан,,,16-24,KZONT,2.4
2015,пайыз,Оңтүстік Қазақстан,,,25-28,KZONT,2.2
2015,пайыз,Оңтүстік Қазақстан,,,29-34,KZONT,2.0
2015,пайыз,Оңтүстік Қазақстан,,,35-44,KZONT,1.7
2015,пайыз,Оңтүстік Қазақстан,,,45-54,KZONT,1.4
2015,пайыз,Оңтүстік Қазақстан,,,55-64,KZONT,1.8
2015,пайыз,Павлодар,,,15,KZPAV,56.3
2015,пайыз,Павлодар,,,16-24,KZPAV,3.9
2015,пайыз,Павлодар,,,25-28,KZPAV,0.6
2015,пайыз,Павлодар,,,29-34,KZPAV,1.2
2015,пайыз,Павлодар,,,35-44,KZPAV,1.2
2015,пайыз,Павлодар,,,45-54,KZPAV,2.5
2015,пайыз,Павлодар,,,55-64,KZPAV,1.8
2015,пайыз,Павлодар,,,65 және одан үлкен,KZPAV,0.2
2015,пайыз,Солтүстік Қазақстан,,,15,KZSEV,29.5
2015,пайыз,Солтүстік Қазақстан,,,16-24,KZSEV,4.6
2015,пайыз,Солтүстік Қазақстан,,,25-28,KZSEV,3.5
2015,пайыз,Солтүстік Қазақстан,,,29-34,KZSEV,2.6
2015,пайыз,Солтүстік Қазақстан,,,35-44,KZSEV,2.0
2015,пайыз,Солтүстік Қазақстан,,,45-54,KZSEV,1.8
2015,пайыз,Солтүстік Қазақстан,,,55-64,KZSEV,1.6
2015,пайыз,Солтүстік Қазақстан,,,65 және одан үлкен,KZSEV,0.1
2015,пайыз,Шығыс Қазақстан,,,15,KZVOS,62.5
2015,пайыз,Шығыс Қазақстан,,,16-24,KZVOS,9.2
2015,пайыз,Шығыс Қазақстан,,,25-28,KZVOS,5.6
2015,пайыз,Шығыс Қазақстан,,,29-34,KZVOS,4.5
2015,пайыз,Шығыс Қазақстан,,,35-44,KZVOS,4.7
2015,пайыз,Шығыс Қазақстан,,,45-54,KZVOS,5.1
2015,пайыз,Шығыс Қазақстан,,,55-64,KZVOS,4.6
2015,пайыз,Шығыс Қазақстан,,,65 және одан үлкен,KZVOS,8.0
2015,пайыз,Нұр-Сұлтан қаласы,,,16-24,KZNS,3.5
2015,пайыз,Нұр-Сұлтан қаласы,,,25-28,KZNS,0.5
2015,пайыз,Нұр-Сұлтан қаласы,,,29-34,KZNS,0.2
2015,пайыз,Нұр-Сұлтан қаласы,,,35-44,KZNS,0.4
2015,пайыз,Нұр-Сұлтан қаласы,,,45-54,KZNS,0.1
2015,пайыз,Нұр-Сұлтан қаласы,,,55-64,KZNS,0.5
2015,пайыз,Алматы қаласы,,,16-24,KZALA,0.7
2015,пайыз,Алматы қаласы,,,25-28,KZALA,0.8
2015,пайыз,Алматы қаласы,,,29-34,KZALA,1.2
2015,пайыз,Алматы қаласы,,,35-44,KZALA,1.0
2015,пайыз,Алматы қаласы,,,45-54,KZALA,1.2
2015,пайыз,Алматы қаласы,,,55-64,KZALA,0.8
2015,пайыз,Алматы қаласы,,,65 және одан үлкен,KZALA,0.9
2016,пайыз,,,,,,3.5
2016,пайыз,Ақмола,,,,KZAKM,4.1
2016,пайыз,Ақтөбе,,,,KZAKT,5.0
2016,пайыз,Алматы,,,,KZALM,4.2
2016,пайыз,Атырау,,,,KZATY,0.4
2016,пайыз,Батыс Қазақстан,,,,KZZAP,4.1
2016,пайыз,Жамбыл,,,,KZZHA,15.6
2016,пайыз,Қарағанды,,,,KZKAR,2.5
2016,пайыз,Қостанай,,,,KZKUS,5.1
2016,пайыз,Қызылорда,,,,KZKZY,5.5
2016,пайыз,Маңғыстау,,,,KZMAN,1.1
2016,пайыз,Оңтүстік Қазақстан,,,,KZONT,2.1
2016,пайыз,Павлодар,,,,KZPAV,1.9
2016,пайыз,Солтүстік Қазақстан,,,,KZSEV,1.7
2016,пайыз,Шығыс Қазақстан,,,,KZVOS,3.5
2016,пайыз,Нұр-Сұлтан қаласы,,,,KZNS,0.0
2016,пайыз,Алматы қаласы,,,,KZALA,0.7
2016,пайыз,,ерлер,,,,3.4
2016,пайыз,Ақмола,ерлер,,,KZAKM,3.0
2016,пайыз,Ақтөбе,ерлер,,,KZAKT,5.4
2016,пайыз,Алматы,ерлер,,,KZALM,3.2
2016,пайыз,Атырау,ерлер,,,KZATY,0.4
2016,пайыз,Батыс Қазақстан,ерлер,,,KZZAP,3.9
2016,пайыз,Жамбыл,ерлер,,,KZZHA,16.3
2016,пайыз,Қарағанды,ерлер,,,KZKAR,2.7
2016,пайыз,Қостанай,ерлер,,,KZKUS,4.1
2016,пайыз,Қызылорда,ерлер,,,KZKZY,5.7
2016,пайыз,Маңғыстау,ерлер,,,KZMAN,1.0
2016,пайыз,Оңтүстік Қазақстан,ерлер,,,KZONT,1.9
2016,пайыз,Павлодар,ерлер,,,KZPAV,1.8
2016,пайыз,Солтүстік Қазақстан,ерлер,,,KZSEV,1.1
2016,пайыз,Шығыс Қазақстан,ерлер,,,KZVOS,3.8
2016,пайыз,Нұр-Сұлтан қаласы,ерлер,,,KZNS,0.0
2016,пайыз,Алматы қаласы,ерлер,,,KZALA,1.0
2016,пайыз,,әйелдер,,,,3.7
2016,пайыз,Ақмола,әйелдер,,,KZAKM,5.2
2016,пайыз,Ақтөбе,әйелдер,,,KZAKT,4.6
2016,пайыз,Алматы,әйелдер,,,KZALM,5.4
2016,пайыз,Атырау,әйелдер,,,KZATY,0.4
2016,пайыз,Батыс Қазақстан,әйелдер,,,KZZAP,4.2
2016,пайыз,Жамбыл,әйелдер,,,KZZHA,14.9
2016,пайыз,Қарағанды,әйелдер,,,KZKAR,2.3
2016,пайыз,Қостанай,әйелдер,,,KZKUS,6.1
2016,пайыз,Қызылорда,әйелдер,,,KZKZY,5.2
2016,пайыз,Маңғыстау,әйелдер,,,KZMAN,1.1
2016,пайыз,Оңтүстік Қазақстан,әйелдер,,,KZONT,2.3
2016,пайыз,Павлодар,әйелдер,,,KZPAV,2.0
2016,пайыз,Солтүстік Қазақстан,әйелдер,,,KZSEV,2.4
2016,пайыз,Шығыс Қазақстан,әйелдер,,,KZVOS,3.1
2016,пайыз,Нұр-Сұлтан қаласы,әйелдер,,,KZNS,0.1
2016,пайыз,Алматы қаласы,әйелдер,,,KZALA,0.5
2016,пайыз,,,қала,,,2.1
2016,пайыз,Ақмола,,қала,,KZAKM,1.7
2016,пайыз,Ақтөбе,,қала,,KZAKT,3.7
2016,пайыз,Алматы,,қала,,KZALM,2.7
2016,пайыз,Атырау,,қала,,KZATY,0.1
2016,пайыз,Батыс Қазақстан,,қала,,KZZAP,2.5
2016,пайыз,Жамбыл,,қала,,KZZHA,17.7
2016,пайыз,Қарағанды,,қала,,KZKAR,1.8
2016,пайыз,Қостанай,,қала,,KZKUS,7.8
2016,пайыз,Қызылорда,,қала,,KZKZY,0.9
2016,пайыз,Маңғыстау,,қала,,KZMAN,1.6
2016,пайыз,Оңтүстік Қазақстан,,қала,,KZONT,0.0
2016,пайыз,Павлодар,,қала,,KZPAV,0.6
2016,пайыз,Солтүстік Қазақстан,,қала,,KZSEV,1.4
2016,пайыз,Шығыс Қазақстан,,қала,,KZVOS,0.5
2016,пайыз,Нұр-Сұлтан қаласы,,қала,,KZNS,0.0
2016,пайыз,Алматы қаласы,,қала,,KZALA,0.7
2016,пайыз,,,ауыл,,,5.4
2016,пайыз,Ақмола,,ауыл,,KZAKM,6.3
2016,пайыз,Ақтөбе,,ауыл,,KZAKT,7.2
2016,пайыз,Алматы,,ауыл,,KZALM,4.7
2016,пайыз,Атырау,,ауыл,,KZATY,0.7
2016,пайыз,Батыс Қазақстан,,ауыл,,KZZAP,5.5
2016,пайыз,Жамбыл,,ауыл,,KZZHA,14.3
2016,пайыз,Қарағанды,,ауыл,,KZKAR,5.1
2016,пайыз,Қостанай,,ауыл,,KZKUS,2.1
2016,пайыз,Қызылорда,,ауыл,,KZKZY,9.1
2016,пайыз,Маңғыстау,,ауыл,,KZMAN,0.5
2016,пайыз,Оңтүстік Қазақстан,,ауыл,,KZONT,3.6
2016,пайыз,Павлодар,,ауыл,,KZPAV,4.8
2016,пайыз,Солтүстік Қазақстан,,ауыл,,KZSEV,2.0
2016,пайыз,Шығыс Қазақстан,,ауыл,,KZVOS,8.0
2016,пайыз,,,,15,,45.7
2016,пайыз,,,,16-24,,4.7
2016,пайыз,,,,25-28,,2.9
2016,пайыз,,,,29-34,,2.8
2016,пайыз,,,,35-44,,3.0
2016,пайыз,,,,45-54,,3.2
2016,пайыз,,,,55-64,,5.5
2016,пайыз,,,,65 және одан үлкен,,14.4
2016,пайыз,Ақмола,,,15,KZAKM,87.5
2016,пайыз,Ақмола,,,16-24,KZAKM,6.0
2016,пайыз,Ақмола,,,25-28,KZAKM,3.1
2016,пайыз,Ақмола,,,29-34,KZAKM,2.7
2016,пайыз,Ақмола,,,35-44,KZAKM,3.0
2016,пайыз,Ақмола,,,45-54,KZAKM,3.2
2016,пайыз,Ақмола,,,55-64,KZAKM,6.1
2016,пайыз,Ақмола,,,65 және одан үлкен,KZAKM,18.4
2016,пайыз,Ақтөбе,,,16-24,KZAKT,6.6
2016,пайыз,Ақтөбе,,,25-28,KZAKT,5.5
2016,пайыз,Ақтөбе,,,29-34,KZAKT,4.5
2016,пайыз,Ақтөбе,,,35-44,KZAKT,5.3
2016,пайыз,Ақтөбе,,,45-54,KZAKT,4.2
2016,пайыз,Ақтөбе,,,55-64,KZAKT,4.7
2016,пайыз,Ақтөбе,,,65 және одан үлкен,KZAKT,6.3
2016,пайыз,Алматы,,,15,KZALM,100.0
2016,пайыз,Алматы,,,16-24,KZALM,3.1
2016,пайыз,Алматы,,,25-28,KZALM,3.0
2016,пайыз,Алматы,,,29-34,KZALM,3.6
2016,пайыз,Алматы,,,35-44,KZALM,3.9
2016,пайыз,Алматы,,,45-54,KZALM,4.0
2016,пайыз,Алматы,,,55-64,KZALM,9.3
2016,пайыз,Алматы,,,65 және одан үлкен,KZALM,18.7
2016,пайыз,Атырау,,,16-24,KZATY,0.3
2016,пайыз,Атырау,,,25-28,KZATY,0.3
2016,пайыз,Атырау,,,29-34,KZATY,0.4
2016,пайыз,Атырау,,,35-44,KZATY,0.5
2016,пайыз,Атырау,,,45-54,KZATY,0.5
2016,пайыз,Атырау,,,55-64,KZATY,0.4
2016,пайыз,Батыс Қазақстан,,,16-24,KZZAP,5.2
2016,пайыз,Батыс Қазақстан,,,25-28,KZZAP,4.0
2016,пайыз,Батыс Қазақстан,,,29-34,KZZAP,4.4
2016,пайыз,Батыс Қазақстан,,,35-44,KZZAP,3.6
2016,пайыз,Батыс Қазақстан,,,45-54,KZZAP,3.5
2016,пайыз,Батыс Қазақстан,,,55-64,KZZAP,4.2
2016,пайыз,Жамбыл,,,16-24,KZZHA,29.2
2016,пайыз,Жамбыл,,,25-28,KZZHA,13.0
2016,пайыз,Жамбыл,,,29-34,KZZHA,11.6
2016,пайыз,Жамбыл,,,35-44,KZZHA,10.9
2016,пайыз,Жамбыл,,,45-54,KZZHA,10.2
2016,пайыз,Жамбыл,,,55-64,KZZHA,25.1
2016,пайыз,Жамбыл,,,65 және одан үлкен,KZZHA,45.7
2016,пайыз,Қарағанды,,,15,KZKAR,41.0
2016,пайыз,Қарағанды,,,16-24,KZKAR,2.4
2016,пайыз,Қарағанды,,,25-28,KZKAR,3.1
2016,пайыз,Қарағанды,,,29-34,KZKAR,1.9
2016,пайыз,Қарағанды,,,35-44,KZKAR,2.4
2016,пайыз,Қарағанды,,,45-54,KZKAR,2.6
2016,пайыз,Қарағанды,,,55-64,KZKAR,2.8
2016,пайыз,Қарағанды,,,65 және одан үлкен,KZKAR,5.0
2016,пайыз,Қостанай,,,16-24,KZKUS,7.2
2016,пайыз,Қостанай,,,25-28,KZKUS,5.8
2016,пайыз,Қостанай,,,29-34,KZKUS,4.1
2016,пайыз,Қостанай,,,35-44,KZKUS,4.2
2016,пайыз,Қостанай,,,45-54,KZKUS,3.8
2016,пайыз,Қостанай,,,55-64,KZKUS,6.5
2016,пайыз,Қостанай,,,65 және одан үлкен,KZKUS,9.9
2016,пайыз,Қызылорда,,,15,KZKZY,100.0
2016,пайыз,Қызылорда,,,16-24,KZKZY,6.8
2016,пайыз,Қызылорда,,,25-28,KZKZY,4.4
2016,пайыз,Қызылорда,,,29-34,KZKZY,5.5
2016,пайыз,Қызылорда,,,35-44,KZKZY,4.9
2016,пайыз,Қызылорда,,,45-54,KZKZY,5.5
2016,пайыз,Қызылорда,,,55-64,KZKZY,6.4
2016,пайыз,Маңғыстау,,,16-24,KZMAN,0.8
2016,пайыз,Маңғыстау,,,25-28,KZMAN,0.3
2016,пайыз,Маңғыстау,,,29-34,KZMAN,0.5
2016,пайыз,Маңғыстау,,,35-44,KZMAN,1.6
2016,пайыз,Маңғыстау,,,45-54,KZMAN,0.9
2016,пайыз,Маңғыстау,,,55-64,KZMAN,3.1
2016,пайыз,Оңтүстік Қазақстан,,,16-24,KZONT,1.8
2016,пайыз,Оңтүстік Қазақстан,,,25-28,KZONT,1.9
2016,пайыз,Оңтүстік Қазақстан,,,29-34,KZONT,1.8
2016,пайыз,Оңтүстік Қазақстан,,,35-44,KZONT,2.4
2016,пайыз,Оңтүстік Қазақстан,,,45-54,KZONT,2.2
2016,пайыз,Оңтүстік Қазақстан,,,55-64,KZONT,2.1
2016,пайыз,Оңтүстік Қазақстан,,,65 және одан үлкен,KZONT,7.2
2016,пайыз,Павлодар,,,16-24,KZPAV,3.3
2016,пайыз,Павлодар,,,25-28,KZPAV,1.8
2016,пайыз,Павлодар,,,29-34,KZPAV,1.2
2016,пайыз,Павлодар,,,35-44,KZPAV,1.4
2016,пайыз,Павлодар,,,45-54,KZPAV,2.3
2016,пайыз,Павлодар,,,55-64,KZPAV,2.5
2016,пайыз,Павлодар,,,65 және одан үлкен,KZPAV,0.3
2016,пайыз,Солтүстік Қазақстан,,,15,KZSEV,43.8
2016,пайыз,Солтүстік Қазақстан,,,16-24,KZSEV,4.5
2016,пайыз,Солтүстік Қазақстан,,,25-28,KZSEV,1.3
2016,пайыз,Солтүстік Қазақстан,,,29-34,KZSEV,2.1
2016,пайыз,Солтүстік Қазақстан,,,35-44,KZSEV,1.1
2016,пайыз,Солтүстік Қазақстан,,,45-54,KZSEV,1.2
2016,пайыз,Солтүстік Қазақстан,,,55-64,KZSEV,1.8
2016,пайыз,Солтүстік Қазақстан,,,65 және одан үлкен,KZSEV,2.9
2016,пайыз,Шығыс Қазақстан,,,15,KZVOS,100.0
2016,пайыз,Шығыс Қазақстан,,,16-24,KZVOS,6.7
2016,пайыз,Шығыс Қазақстан,,,25-28,KZVOS,2.3
2016,пайыз,Шығыс Қазақстан,,,29-34,KZVOS,2.4
2016,пайыз,Шығыс Қазақстан,,,35-44,KZVOS,3.2
2016,пайыз,Шығыс Қазақстан,,,45-54,KZVOS,3.8
2016,пайыз,Шығыс Қазақстан,,,55-64,KZVOS,4.0
2016,пайыз,Шығыс Қазақстан,,,65 және одан үлкен,KZVOS,12.1
2016,пайыз,Нұр-Сұлтан қаласы,,,29-34,KZNS,0.1
2016,пайыз,Нұр-Сұлтан қаласы,,,45-54,KZNS,0.1
2016,пайыз,Алматы қаласы,,,16-24,KZALA,0.3
2016,пайыз,Алматы қаласы,,,25-28,KZALA,0.4
2016,пайыз,Алматы қаласы,,,29-34,KZALA,0.7
2016,пайыз,Алматы қаласы,,,35-44,KZALA,0.6
2016,пайыз,Алматы қаласы,,,45-54,KZALA,1.3
2016,пайыз,Алматы қаласы,,,55-64,KZALA,1.1
2016,пайыз,Алматы қаласы,,,65 және одан үлкен,KZALA,2.6
2017,пайыз,,,,,,2.5
2017,пайыз,Ақмола,,,,KZAKM,4.1
2017,пайыз,Ақтөбе,,,,KZAKT,1.8
2017,пайыз,Алматы,,,,KZALM,3.9
2017,пайыз,Атырау,,,,KZATY,0.4
2017,пайыз,Батыс Қазақстан,,,,KZZAP,3.8
2017,пайыз,Жамбыл,,,,KZZHA,3.6
2017,пайыз,Қарағанды,,,,KZKAR,1.8
2017,пайыз,Қостанай,,,,KZKUS,5.3
2017,пайыз,Қызылорда,,,,KZKZY,4.3
2017,пайыз,Маңғыстау,,,,KZMAN,1.1
2017,пайыз,Оңтүстік Қазақстан,,,,KZONT,1.7
2017,пайыз,Павлодар,,,,KZPAV,1.7
2017,пайыз,Солтүстік Қазақстан,,,,KZSEV,0.8
2017,пайыз,Шығыс Қазақстан,,,,KZVOS,4.9
2017,пайыз,Нұр-Сұлтан қаласы,,,,KZNS,0.0
2017,пайыз,Алматы қаласы,,,,KZALA,0.6
2017,пайыз,,ерлер,,,,2.5
2017,пайыз,Ақмола,ерлер,,,KZAKM,4.4
2017,пайыз,Ақтөбе,ерлер,,,KZAKT,2.1
2017,пайыз,Алматы,ерлер,,,KZALM,4.1
2017,пайыз,Атырау,ерлер,,,KZATY,0.4
2017,пайыз,Батыс Қазақстан,ерлер,,,KZZAP,3.8
2017,пайыз,Жамбыл,ерлер,,,KZZHA,4.2
2017,пайыз,Қарағанды,ерлер,,,KZKAR,2.1
2017,пайыз,Қостанай,ерлер,,,KZKUS,5.4
2017,пайыз,Қызылорда,ерлер,,,KZKZY,5.3
2017,пайыз,Маңғыстау,ерлер,,,KZMAN,1.1
2017,пайыз,Оңтүстік Қазақстан,ерлер,,,KZONT,0.3
2017,пайыз,Павлодар,ерлер,,,KZPAV,1.7
2017,пайыз,Солтүстік Қазақстан,ерлер,,,KZSEV,0.9
2017,пайыз,Шығыс Қазақстан,ерлер,,,KZVOS,5.2
2017,пайыз,Нұр-Сұлтан қаласы,ерлер,,,KZNS,0.0
2017,пайыз,Алматы қаласы,ерлер,,,KZALA,0.7
2017,пайыз,,әйелдер,,,,2.5
2017,пайыз,Ақмола,әйелдер,,,KZAKM,3.8
2017,пайыз,Ақтөбе,әйелдер,,,KZAKT,1.5
2017,пайыз,Алматы,әйелдер,,,KZALM,3.7
2017,пайыз,Атырау,әйелдер,,,KZATY,0.4
2017,пайыз,Батыс Қазақстан,әйелдер,,,KZZAP,3.8
2017,пайыз,Жамбыл,әйелдер,,,KZZHA,3.0
2017,пайыз,Қарағанды,әйелдер,,,KZKAR,1.6
2017,пайыз,Қостанай,әйелдер,,,KZKUS,5.1
2017,пайыз,Қызылорда,әйелдер,,,KZKZY,3.2
2017,пайыз,Маңғыстау,әйелдер,,,KZMAN,1.1
2017,пайыз,Оңтүстік Қазақстан,әйелдер,,,KZONT,3.3
2017,пайыз,Павлодар,әйелдер,,,KZPAV,1.8
2017,пайыз,Солтүстік Қазақстан,әйелдер,,,KZSEV,0.8
2017,пайыз,Шығыс Қазақстан,әйелдер,,,KZVOS,4.6
2017,пайыз,Нұр-Сұлтан қаласы,әйелдер,,,KZNS,0.0
2017,пайыз,Алматы қаласы,әйелдер,,,KZALA,0.5
2017,пайыз,,,қала,,,1.5
2017,пайыз,Ақмола,,қала,,KZAKM,2.3
2017,пайыз,Ақтөбе,,қала,,KZAKT,1.5
2017,пайыз,Алматы,,қала,,KZALM,2.2
2017,пайыз,Атырау,,қала,,KZATY,0.1
2017,пайыз,Батыс Қазақстан,,қала,,KZZAP,1.7
2017,пайыз,Жамбыл,,қала,,KZZHA,3.0
2017,пайыз,Қарағанды,,қала,,KZKAR,1.6
2017,пайыз,Қостанай,,қала,,KZKUS,8.9
2017,пайыз,Қызылорда,,қала,,KZKZY,1.7
2017,пайыз,Маңғыстау,,қала,,KZMAN,0.9
2017,пайыз,Оңтүстік Қазақстан,,қала,,KZONT,0.3
2017,пайыз,Павлодар,,қала,,KZPAV,0.4
2017,пайыз,Солтүстік Қазақстан,,қала,,KZSEV,1.3
2017,пайыз,Шығыс Қазақстан,,қала,,KZVOS,1.7
2017,пайыз,Нұр-Сұлтан қаласы,,қала,,KZNS,0.0
2017,пайыз,Алматы қаласы,,қала,,KZALA,0.6
2017,пайыз,,,ауыл,,,4.0
2017,пайыз,Ақмола,,ауыл,,KZAKM,5.8
2017,пайыз,Ақтөбе,,ауыл,,KZAKT,2.4
2017,пайыз,Алматы,,ауыл,,KZALM,4.4
2017,пайыз,Атырау,,ауыл,,KZATY,0.7
2017,пайыз,Батыс Қазақстан,,ауыл,,KZZAP,5.7
2017,пайыз,Жамбыл,,ауыл,,KZZHA,4.0
2017,пайыз,Қарағанды,,ауыл,,KZKAR,2.7
2017,пайыз,Қостанай,,ауыл,,KZKUS,1.5
2017,пайыз,Қызылорда,,ауыл,,KZKZY,6.4
2017,пайыз,Маңғыстау,,ауыл,,KZMAN,1.3
2017,пайыз,Оңтүстік Қазақстан,,ауыл,,KZONT,2.7
2017,пайыз,Павлодар,,ауыл,,KZPAV,4.8
2017,пайыз,Солтүстік Қазақстан,,ауыл,,KZSEV,0.5
2017,пайыз,Шығыс Қазақстан,,ауыл,,KZVOS,9.9
2017,пайыз,,,,15,,41.0
2017,пайыз,,,,16-24,,3.6
2017,пайыз,,,,25-28,,2.4
2017,пайыз,,,,29-34,,2.2
2017,пайыз,,,,35-44,,2.1
2017,пайыз,,,,45-54,,2.6
2017,пайыз,,,,55-64,,3.0
2017,пайыз,,,,65 және одан үлкен,,3.6
2017,пайыз,Ақмола,,,15,KZAKM,78.6
2017,пайыз,Ақмола,,,16-24,KZAKM,4.0
2017,пайыз,Ақмола,,,25-28,KZAKM,3.7
2017,пайыз,Ақмола,,,29-34,KZAKM,3.6
2017,пайыз,Ақмола,,,35-44,KZAKM,3.3
2017,пайыз,Ақмола,,,45-54,KZAKM,4.1
2017,пайыз,Ақмола,,,55-64,KZAKM,5.0
2017,пайыз,Ақмола,,,65 және одан үлкен,KZAKM,8.6
2017,пайыз,Ақтөбе,,,16-24,KZAKT,1.6
2017,пайыз,Ақтөбе,,,25-28,KZAKT,2.3
2017,пайыз,Ақтөбе,,,29-34,KZAKT,1.0
2017,пайыз,Ақтөбе,,,35-44,KZAKT,1.6
2017,пайыз,Ақтөбе,,,45-54,KZAKT,2.1
2017,пайыз,Ақтөбе,,,55-64,KZAKT,3.1
2017,пайыз,Алматы,,,15,KZALM,41.8
2017,пайыз,Алматы,,,16-24,KZALM,3.5
2017,пайыз,Алматы,,,25-28,KZALM,4.1
2017,пайыз,Алматы,,,29-34,KZALM,2.4
2017,пайыз,Алматы,,,35-44,KZALM,3.6
2017,пайыз,Алматы,,,45-54,KZALM,4.6
2017,пайыз,Алматы,,,55-64,KZALM,7.0
2017,пайыз,Алматы,,,65 және одан үлкен,KZALM,1.9
2017,пайыз,Атырау,,,16-24,KZATY,0.3
2017,пайыз,Атырау,,,25-28,KZATY,0.4
2017,пайыз,Атырау,,,29-34,KZATY,0.0
2017,пайыз,Атырау,,,35-44,KZATY,0.6
2017,пайыз,Атырау,,,45-54,KZATY,0.5
2017,пайыз,Атырау,,,55-64,KZATY,0.5
2017,пайыз,Батыс Қазақстан,,,16-24,KZZAP,5.5
2017,пайыз,Батыс Қазақстан,,,25-28,KZZAP,4.5
2017,пайыз,Батыс Қазақстан,,,29-34,KZZAP,2.9
2017,пайыз,Батыс Қазақстан,,,35-44,KZZAP,3.4
2017,пайыз,Батыс Қазақстан,,,45-54,KZZAP,3.1
2017,пайыз,Батыс Қазақстан,,,55-64,KZZAP,4.4
2017,пайыз,Жамбыл,,,16-24,KZZHA,5.9
2017,пайыз,Жамбыл,,,25-28,KZZHA,3.5
2017,пайыз,Жамбыл,,,29-34,KZZHA,3.1
2017,пайыз,Жамбыл,,,35-44,KZZHA,2.6
2017,пайыз,Жамбыл,,,45-54,KZZHA,3.2
2017,пайыз,Жамбыл,,,55-64,KZZHA,3.0
2017,пайыз,Жамбыл,,,65 және одан үлкен,KZZHA,4.8
2017,пайыз,Қарағанды,,,15,KZKAR,38.1
2017,пайыз,Қарағанды,,,16-24,KZKAR,3.2
2017,пайыз,Қарағанды,,,25-28,KZKAR,1.5
2017,пайыз,Қарағанды,,,29-34,KZKAR,1.8
2017,пайыз,Қарағанды,,,35-44,KZKAR,1.6
2017,пайыз,Қарағанды,,,45-54,KZKAR,1.4
2017,пайыз,Қарағанды,,,55-64,KZKAR,2.7
2017,пайыз,Қарағанды,,,65 және одан үлкен,KZKAR,3.3
2017,пайыз,Қостанай,,,16-24,KZKUS,8.5
2017,пайыз,Қостанай,,,25-28,KZKUS,7.2
2017,пайыз,Қостанай,,,29-34,KZKUS,8.6
2017,пайыз,Қостанай,,,35-44,KZKUS,3.1
2017,пайыз,Қостанай,,,45-54,KZKUS,4.2
2017,пайыз,Қостанай,,,55-64,KZKUS,2.4
2017,пайыз,Қостанай,,,65 және одан үлкен,KZKUS,0.3
2017,пайыз,Қызылорда,,,16-24,KZKZY,6.9
2017,пайыз,Қызылорда,,,25-28,KZKZY,5.0
2017,пайыз,Қызылорда,,,29-34,KZKZY,5.0
2017,пайыз,Қызылорда,,,35-44,KZKZY,3.5
2017,пайыз,Қызылорда,,,45-54,KZKZY,3.3
2017,пайыз,Қызылорда,,,55-64,KZKZY,2.5
2017,пайыз,Маңғыстау,,,16-24,KZMAN,1.1
2017,пайыз,Маңғыстау,,,25-28,KZMAN,1.4
2017,пайыз,Маңғыстау,,,29-34,KZMAN,1.0
2017,пайыз,Маңғыстау,,,35-44,KZMAN,0.9
2017,пайыз,Маңғыстау,,,45-54,KZMAN,1.1
2017,пайыз,Маңғыстау,,,55-64,KZMAN,1.0
2017,пайыз,Оңтүстік Қазақстан,,,16-24,KZONT,1.4
2017,пайыз,Оңтүстік Қазақстан,,,25-28,KZONT,1.4
2017,пайыз,Оңтүстік Қазақстан,,,29-34,KZONT,1.9
2017,пайыз,Оңтүстік Қазақстан,,,35-44,KZONT,1.7
2017,пайыз,Оңтүстік Қазақстан,,,45-54,KZONT,1.9
2017,пайыз,Оңтүстік Қазақстан,,,55-64,KZONT,1.1
2017,пайыз,Павлодар,,,16-24,KZPAV,5.4
2017,пайыз,Павлодар,,,25-28,KZPAV,1.3
2017,пайыз,Павлодар,,,29-34,KZPAV,1.2
2017,пайыз,Павлодар,,,35-44,KZPAV,1.5
2017,пайыз,Павлодар,,,45-54,KZPAV,1.6
2017,пайыз,Павлодар,,,55-64,KZPAV,1.9
2017,пайыз,Солтүстік Қазақстан,,,15,KZSEV,39.2
2017,пайыз,Солтүстік Қазақстан,,,16-24,KZSEV,1.8
2017,пайыз,Солтүстік Қазақстан,,,25-28,KZSEV,0.4
2017,пайыз,Солтүстік Қазақстан,,,29-34,KZSEV,0.9
2017,пайыз,Солтүстік Қазақстан,,,35-44,KZSEV,1.3
2017,пайыз,Солтүстік Қазақстан,,,45-54,KZSEV,0.4
2017,пайыз,Солтүстік Қазақстан,,,55-64,KZSEV,0.4
2017,пайыз,Солтүстік Қазақстан,,,65 және одан үлкен,KZSEV,0.4
2017,пайыз,Шығыс Қазақстан,,,15,KZVOS,100.0
2017,пайыз,Шығыс Қазақстан,,,16-24,KZVOS,10.4
2017,пайыз,Шығыс Қазақстан,,,25-28,KZVOS,3.8
2017,пайыз,Шығыс Қазақстан,,,29-34,KZVOS,2.5
2017,пайыз,Шығыс Қазақстан,,,35-44,KZVOS,4.4
2017,пайыз,Шығыс Қазақстан,,,45-54,KZVOS,5.8
2017,пайыз,Шығыс Қазақстан,,,55-64,KZVOS,5.4
2017,пайыз,Шығыс Қазақстан,,,65 және одан үлкен,KZVOS,17.5
2017,пайыз,Алматы қаласы,,,16-24,KZALA,0.3
2017,пайыз,Алматы қаласы,,,25-28,KZALA,0.6
2017,пайыз,Алматы қаласы,,,29-34,KZALA,0.6
2017,пайыз,Алматы қаласы,,,35-44,KZALA,0.7
2017,пайыз,Алматы қаласы,,,45-54,KZALA,0.8
2017,пайыз,Алматы қаласы,,,55-64,KZALA,1.2
2018,пайыз,,,,,,2.2
2018,пайыз,Ақмола,,,,KZAKM,4.0
2018,пайыз,Ақтөбе,,,,KZAKT,1.5
2018,пайыз,Алматы,,,,KZALM,3.8
2018,пайыз,Атырау,,,,KZATY,0.4
2018,пайыз,Батыс Қазақстан,,,,KZZAP,3.5
2018,пайыз,Жамбыл,,,,KZZHA,1.9
2018,пайыз,Қарағанды,,,,KZKAR,1.6
2018,пайыз,Қостанай,,,,KZKUS,4.6
2018,пайыз,Қызылорда,,,,KZKZY,3.8
2018,пайыз,Маңғыстау,,,,KZMAN,1.7
2018,пайыз,Павлодар,,,,KZPAV,1.6
2018,пайыз,Солтүстік Қазақстан,,,,KZSEV,0.7
2018,пайыз,Түркістан,,,,KZYUZ,2.9
2018,пайыз,Шығыс Қазақстан,,,,KZVOS,3.3
2018,пайыз,Нұр-Сұлтан қаласы,,,,KZNS,0.0
2018,пайыз,Алматы қаласы,,,,KZALA,0.5
2018,пайыз,Шымкент қаласы,,,,KZSHY,0.7
2018,пайыз,,ерлер,,,,2.3
2018,пайыз,Ақмола,ерлер,,,KZAKM,4.0
2018,пайыз,Ақтөбе,ерлер,,,KZAKT,1.8
2018,пайыз,Алматы,ерлер,,,KZALM,3.6
2018,пайыз,Атырау,ерлер,,,KZATY,0.4
2018,пайыз,Батыс Қазақстан,ерлер,,,KZZAP,3.0
2018,пайыз,Жамбыл,ерлер,,,KZZHA,1.8
2018,пайыз,Қарағанды,ерлер,,,KZKAR,1.9
2018,пайыз,Қостанай,ерлер,,,KZKUS,4.6
2018,пайыз,Қызылорда,ерлер,,,KZKZY,4.9
2018,пайыз,Маңғыстау,ерлер,,,KZMAN,1.9
2018,пайыз,Павлодар,ерлер,,,KZPAV,1.6
2018,пайыз,Солтүстік Қазақстан,ерлер,,,KZSEV,0.8
2018,пайыз,Түркістан,ерлер,,,KZYUZ,2.3
2018,пайыз,Шығыс Қазақстан,ерлер,,,KZVOS,3.5
2018,пайыз,Нұр-Сұлтан қаласы,ерлер,,,KZNS,0.1
2018,пайыз,Алматы қаласы,ерлер,,,KZALA,0.5
2018,пайыз,Шымкент қаласы,ерлер,,,KZSHY,1.2
2018,пайыз,,әйелдер,,,,2.2
2018,пайыз,Ақмола,әйелдер,,,KZAKM,3.9
2018,пайыз,Ақтөбе,әйелдер,,,KZAKT,1.2
2018,пайыз,Алматы,әйелдер,,,KZALM,4.0
2018,пайыз,Атырау,әйелдер,,,KZATY,0.4
2018,пайыз,Батыс Қазақстан,әйелдер,,,KZZAP,4.1
2018,пайыз,Жамбыл,әйелдер,,,KZZHA,1.9
2018,пайыз,Қарағанды,әйелдер,,,KZKAR,1.4
2018,пайыз,Қостанай,әйелдер,,,KZKUS,4.7
2018,пайыз,Қызылорда,әйелдер,,,KZKZY,2.5
2018,пайыз,Маңғыстау,әйелдер,,,KZMAN,1.5
2018,пайыз,Павлодар,әйелдер,,,KZPAV,1.6
2018,пайыз,Солтүстік Қазақстан,әйелдер,,,KZSEV,0.6
2018,пайыз,Түркістан,әйелдер,,,KZYUZ,3.6
2018,пайыз,Шығыс Қазақстан,әйелдер,,,KZVOS,3.1
2018,пайыз,Нұр-Сұлтан қаласы,әйелдер,,,KZNS,0.0
2018,пайыз,Алматы қаласы,әйелдер,,,KZALA,0.5
2018,пайыз,Шымкент қаласы,әйелдер,,,KZSHY,0.3
2018,пайыз,,,қала,,,1.1
2018,пайыз,Ақмола,,қала,,KZAKM,2.0
2018,пайыз,Ақтөбе,,қала,,KZAKT,0.9
2018,пайыз,Алматы,,қала,,KZALM,2.9
2018,пайыз,Атырау,,қала,,KZATY,0.4
2018,пайыз,Батыс Қазақстан,,қала,,KZZAP,1.5
2018,пайыз,Жамбыл,,қала,,KZZHA,0.1
2018,пайыз,Қарағанды,,қала,,KZKAR,1.9
2018,пайыз,Қостанай,,қала,,KZKUS,3.6
2018,пайыз,Қызылорда,,қала,,KZKZY,1.5
2018,пайыз,Маңғыстау,,қала,,KZMAN,0.5
2018,пайыз,Павлодар,,қала,,KZPAV,0.4
2018,пайыз,Солтүстік Қазақстан,,қала,,KZSEV,0.9
2018,пайыз,Түркістан,,қала,,KZYUZ,1.9
2018,пайыз,Шығыс Қазақстан,,қала,,KZVOS,0.7
2018,пайыз,Нұр-Сұлтан қаласы,,қала,,KZNS,0.0
2018,пайыз,Алматы қаласы,,қала,,KZALA,0.5
2018,пайыз,Шымкент қаласы,,қала,,KZSHY,0.7
2018,пайыз,,,ауыл,,,3.9
2018,пайыз,Ақмола,,ауыл,,KZAKM,5.8
2018,пайыз,Ақтөбе,,ауыл,,KZAKT,2.9
2018,пайыз,Алматы,,ауыл,,KZALM,4.0
2018,пайыз,Атырау,,ауыл,,KZATY,0.5
2018,пайыз,Батыс Қазақстан,,ауыл,,KZZAP,5.4
2018,пайыз,Жамбыл,,ауыл,,KZZHA,3.0
2018,пайыз,Қарағанды,,ауыл,,KZKAR,0.9
2018,пайыз,Қостанай,,ауыл,,KZKUS,5.7
2018,пайыз,Қызылорда,,ауыл,,KZKZY,5.5
2018,пайыз,Маңғыстау,,ауыл,,KZMAN,2.7
2018,пайыз,Павлодар,,ауыл,,KZPAV,4.4
2018,пайыз,Солтүстік Қазақстан,,ауыл,,KZSEV,0.5
2018,пайыз,Түркістан,,ауыл,,KZYUZ,3.1
2018,пайыз,Шығыс Қазақстан,,ауыл,,KZVOS,7.4
2018,пайыз,,,,15,,40.4
2018,пайыз,,,,16-24,,2.4
2018,пайыз,,,,25-28,,2.0
2018,пайыз,,,,29-34,,1.9
2018,пайыз,,,,35-44,,2.0
2018,пайыз,,,,45-54,,2.1
2018,пайыз,,,,55-64,,3.7
2018,пайыз,,,,65 және одан үлкен,,6.7
2018,пайыз,Ақмола,,,16-24,KZAKM,4.1
2018,пайыз,Ақмола,,,25-28,KZAKM,3.7
2018,пайыз,Ақмола,,,29-34,KZAKM,3.6
2018,пайыз,Ақмола,,,35-44,KZAKM,3.3
2018,пайыз,Ақмола,,,45-54,KZAKM,3.8
2018,пайыз,Ақмола,,,55-64,KZAKM,4.6
2018,пайыз,Ақмола,,,65 және одан үлкен,KZAKM,9.0
2018,пайыз,Ақтөбе,,,16-24,KZAKT,2.7
2018,пайыз,Ақтөбе,,,25-28,KZAKT,1.5
2018,пайыз,Ақтөбе,,,29-34,KZAKT,1.4
2018,пайыз,Ақтөбе,,,35-44,KZAKT,1.7
2018,пайыз,Ақтөбе,,,45-54,KZAKT,1.1
2018,пайыз,Ақтөбе,,,55-64,KZAKT,1.6
2018,пайыз,Ақтөбе,,,65 және одан үлкен,KZAKT,0.8
2018,пайыз,Алматы,,,16-24,KZALM,0.8
2018,пайыз,Алматы,,,25-28,KZALM,1.8
2018,пайыз,Алматы,,,29-34,KZALM,2.2
2018,пайыз,Алматы,,,35-44,KZALM,3.1
2018,пайыз,Алматы,,,45-54,KZALM,3.8
2018,пайыз,Алматы,,,55-64,KZALM,14.4
2018,пайыз,Алматы,,,65 және одан үлкен,KZALM,14.9
2018,пайыз,Атырау,,,16-24,KZATY,0.5
2018,пайыз,Атырау,,,25-28,KZATY,0.1
2018,пайыз,Атырау,,,29-34,KZATY,0.5
2018,пайыз,Атырау,,,35-44,KZATY,0.4
2018,пайыз,Атырау,,,45-54,KZATY,0.5
2018,пайыз,Атырау,,,55-64,KZATY,0.4
2018,пайыз,Батыс Қазақстан,,,16-24,KZZAP,5.2
2018,пайыз,Батыс Қазақстан,,,25-28,KZZAP,4.1
2018,пайыз,Батыс Қазақстан,,,29-34,KZZAP,2.5
2018,пайыз,Батыс Қазақстан,,,35-44,KZZAP,2.8
2018,пайыз,Батыс Қазақстан,,,45-54,KZZAP,2.9
2018,пайыз,Батыс Қазақстан,,,55-64,KZZAP,4.7
2018,пайыз,Жамбыл,,,16-24,KZZHA,2.2
2018,пайыз,Жамбыл,,,25-28,KZZHA,1.8
2018,пайыз,Жамбыл,,,29-34,KZZHA,2.4
2018,пайыз,Жамбыл,,,35-44,KZZHA,1.8
2018,пайыз,Жамбыл,,,45-54,KZZHA,1.9
2018,пайыз,Жамбыл,,,55-64,KZZHA,1.0
2018,пайыз,Қарағанды,,,16-24,KZKAR,1.1
2018,пайыз,Қарағанды,,,25-28,KZKAR,0.7
2018,пайыз,Қарағанды,,,29-34,KZKAR,1.4
2018,пайыз,Қарағанды,,,35-44,KZKAR,3.0
2018,пайыз,Қарағанды,,,45-54,KZKAR,1.3
2018,пайыз,Қарағанды,,,55-64,KZKAR,1.0
2018,пайыз,Қарағанды,,,65 және одан үлкен,KZKAR,1.7
2018,пайыз,Қостанай,,,15,KZKUS,45.7
2018,пайыз,Қостанай,,,16-24,KZKUS,4.6
2018,пайыз,Қостанай,,,25-28,KZKUS,4.7
2018,пайыз,Қостанай,,,29-34,KZKUS,3.6
2018,пайыз,Қостанай,,,35-44,KZKUS,4.0
2018,пайыз,Қостанай,,,45-54,KZKUS,4.5
2018,пайыз,Қостанай,,,55-64,KZKUS,5.9
2018,пайыз,Қостанай,,,65 және одан үлкен,KZKUS,11.7
2018,пайыз,Қызылорда,,,16-24,KZKZY,4.9
2018,пайыз,Қызылорда,,,25-28,KZKZY,3.9
2018,пайыз,Қызылорда,,,29-34,KZKZY,3.7
2018,пайыз,Қызылорда,,,35-44,KZKZY,3.7
2018,пайыз,Қызылорда,,,45-54,KZKZY,3.2
2018,пайыз,Қызылорда,,,55-64,KZKZY,2.9
2018,пайыз,Қызылорда,,,65 және одан үлкен,KZKZY,42.9
2018,пайыз,Маңғыстау,,,16-24,KZMAN,2.7
2018,пайыз,Маңғыстау,,,25-28,KZMAN,1.5
2018,пайыз,Маңғыстау,,,29-34,KZMAN,1.8
2018,пайыз,Маңғыстау,,,35-44,KZMAN,2.0
2018,пайыз,Маңғыстау,,,45-54,KZMAN,1.2
2018,пайыз,Маңғыстау,,,55-64,KZMAN,1.0
2018,пайыз,Павлодар,,,16-24,KZPAV,2.7
2018,пайыз,Павлодар,,,25-28,KZPAV,1.3
2018,пайыз,Павлодар,,,29-34,KZPAV,1.2
2018,пайыз,Павлодар,,,35-44,KZPAV,1.2
2018,пайыз,Павлодар,,,45-54,KZPAV,1.5
2018,пайыз,Павлодар,,,55-64,KZPAV,2.7
2018,пайыз,Солтүстік Қазақстан,,,16-24,KZSEV,0.8
2018,пайыз,Солтүстік Қазақстан,,,25-28,KZSEV,0.5
2018,пайыз,Солтүстік Қазақстан,,,29-34,KZSEV,1.1
2018,пайыз,Солтүстік Қазақстан,,,35-44,KZSEV,0.8
2018,пайыз,Солтүстік Қазақстан,,,45-54,KZSEV,0.5
2018,пайыз,Солтүстік Қазақстан,,,55-64,KZSEV,0.6
2018,пайыз,Түркістан,,,16-24,KZYUZ,2.8
2018,пайыз,Түркістан,,,25-28,KZYUZ,3.2
2018,пайыз,Түркістан,,,29-34,KZYUZ,3.9
2018,пайыз,Түркістан,,,35-44,KZYUZ,2.5
2018,пайыз,Түркістан,,,45-54,KZYUZ,2.6
2018,пайыз,Түркістан,,,55-64,KZYUZ,1.1
2018,пайыз,Шығыс Қазақстан,,,16-24,KZVOS,5.2
2018,пайыз,Шығыс Қазақстан,,,25-28,KZVOS,3.3
2018,пайыз,Шығыс Қазақстан,,,29-34,KZVOS,2.4
2018,пайыз,Шығыс Қазақстан,,,35-44,KZVOS,2.3
2018,пайыз,Шығыс Қазақстан,,,45-54,KZVOS,3.0
2018,пайыз,Шығыс Қазақстан,,,55-64,KZVOS,4.8
2018,пайыз,Шығыс Қазақстан,,,65 және одан үлкен,KZVOS,15.3
2018,пайыз,Нұр-Сұлтан қаласы,,,29-34,KZNS,0.1
2018,пайыз,Нұр-Сұлтан қаласы,,,45-54,KZNS,0.2
2018,пайыз,Алматы қаласы,,,16-24,KZALA,0.4
2018,пайыз,Алматы қаласы,,,25-28,KZALA,0.8
2018,пайыз,Алматы қаласы,,,29-34,KZALA,0.6
2018,пайыз,Алматы қаласы,,,35-44,KZALA,0.3
2018,пайыз,Алматы қаласы,,,45-54,KZALA,0.3
2018,пайыз,Алматы қаласы,,,55-64,KZALA,0.9
2018,пайыз,Алматы қаласы,,,65 және одан үлкен,KZALA,1.3
2018,пайыз,Шымкент қаласы,,,16-24,KZSHY,1.5
2018,пайыз,Шымкент қаласы,,,25-28,KZSHY,1.2
2018,пайыз,Шымкент қаласы,,,29-34,KZSHY,0.3
2018,пайыз,Шымкент қаласы,,,35-44,KZSHY,0.9
2018,пайыз,Шымкент қаласы,,,45-54,KZSHY,0.6
2019,пайыз,,,,,,2.1
2019,пайыз,Ақмола,,,,KZAKM,3.8
2019,пайыз,Ақтөбе,,,,KZAKT,1.6
2019,пайыз,Алматы,,,,KZALM,3.8
2019,пайыз,Атырау,,,,KZATY,0.4
2019,пайыз,Батыс Қазақстан,,,,KZZAP,3.4
2019,пайыз,Жамбыл,,,,KZZHA,1.4
2019,пайыз,Қарағанды,,,,KZKAR,1.8
2019,пайыз,Қостанай,,,,KZKUS,4.2
2019,пайыз,Қызылорда,,,,KZKZY,3.8
2019,пайыз,Маңғыстау,,,,KZMAN,1.3
2019,пайыз,Павлодар,,,,KZPAV,1.5
2019,пайыз,Солтүстік Қазақстан,,,,KZSEV,0.7
2019,пайыз,Түркістан,,,,KZYUZ,2.7
2019,пайыз,Шығыс Қазақстан,,,,KZVOS,3.3
2019,пайыз,Нұр-Сұлтан қаласы,,,,KZNS,0.1
2019,пайыз,Алматы қаласы,,,,KZALA,0.5
2019,пайыз,Шымкент қаласы,,,,KZSHY,0.7
2019,пайыз,,ерлер,,,,2.3
2019,пайыз,Ақмола,ерлер,,,KZAKM,3.3
2019,пайыз,Ақтөбе,ерлер,,,KZAKT,1.5
2019,пайыз,Алматы,ерлер,,,KZALM,4.0
2019,пайыз,Атырау,ерлер,,,KZATY,0.3
2019,пайыз,Батыс Қазақстан,ерлер,,,KZZAP,3.0
2019,пайыз,Жамбыл,ерлер,,,KZZHA,1.2
2019,пайыз,Қарағанды,ерлер,,,KZKAR,2.0
2019,пайыз,Қостанай,ерлер,,,KZKUS,4.5
2019,пайыз,Қызылорда,ерлер,,,KZKZY,4.5
2019,пайыз,Маңғыстау,ерлер,,,KZMAN,1.3
2019,пайыз,Павлодар,ерлер,,,KZPAV,1.5
2019,пайыз,Солтүстік Қазақстан,ерлер,,,KZSEV,0.8
2019,пайыз,Түркістан,ерлер,,,KZYUZ,3.5
2019,пайыз,Шығыс Қазақстан,ерлер,,,KZVOS,3.3
2019,пайыз,Нұр-Сұлтан қаласы,ерлер,,,KZNS,0.2
2019,пайыз,Алматы қаласы,ерлер,,,KZALA,0.5
2019,пайыз,Шымкент қаласы,ерлер,,,KZSHY,0.8
2019,пайыз,,әйелдер,,,,2.0
2019,пайыз,Ақмола,әйелдер,,,KZAKM,4.4
2019,пайыз,Ақтөбе,әйелдер,,,KZAKT,1.6
2019,пайыз,Алматы,әйелдер,,,KZALM,3.5
2019,пайыз,Атырау,әйелдер,,,KZATY,0.4
2019,пайыз,Батыс Қазақстан,әйелдер,,,KZZAP,3.8
2019,пайыз,Жамбыл,әйелдер,,,KZZHA,1.7
2019,пайыз,Қарағанды,әйелдер,,,KZKAR,1.6
2019,пайыз,Қостанай,әйелдер,,,KZKUS,3.8
2019,пайыз,Қызылорда,әйелдер,,,KZKZY,3.0
2019,пайыз,Маңғыстау,әйелдер,,,KZMAN,1.3
2019,пайыз,Павлодар,әйелдер,,,KZPAV,1.5
2019,пайыз,Солтүстік Қазақстан,әйелдер,,,KZSEV,0.6
2019,пайыз,Түркістан,әйелдер,,,KZYUZ,1.7
2019,пайыз,Шығыс Қазақстан,әйелдер,,,KZVOS,3.4
2019,пайыз,Нұр-Сұлтан қаласы,әйелдер,,,KZNS,0.0
2019,пайыз,Алматы қаласы,әйелдер,,,KZALA,0.5
2019,пайыз,Шымкент қаласы,әйелдер,,,KZSHY,0.7
2019,пайыз,,,қала,,,1.1
2019,пайыз,Ақмола,,қала,,KZAKM,2.0
2019,пайыз,Ақтөбе,,қала,,KZAKT,0.8
2019,пайыз,Алматы,,қала,,KZALM,3.0
2019,пайыз,Атырау,,қала,,KZATY,0.4
2019,пайыз,Батыс Қазақстан,,қала,,KZZAP,1.4
2019,пайыз,Жамбыл,,қала,,KZZHA,2.8
2019,пайыз,Қарағанды,,қала,,KZKAR,1.9
2019,пайыз,Қостанай,,қала,,KZKUS,2.7
2019,пайыз,Қызылорда,,қала,,KZKZY,1.2
2019,пайыз,Маңғыстау,,қала,,KZMAN,0.5
2019,пайыз,Павлодар,,қала,,KZPAV,0.2
2019,пайыз,Солтүстік Қазақстан,,қала,,KZSEV,0.8
2019,пайыз,Түркістан,,қала,,KZYUZ,3.8
2019,пайыз,Шығыс Қазақстан,,қала,,KZVOS,0.6
2019,пайыз,Нұр-Сұлтан қаласы,,қала,,KZNS,0.1
2019,пайыз,Алматы қаласы,,қала,,KZALA,0.5
2019,пайыз,Шымкент қаласы,,қала,,KZSHY,0.7
2019,пайыз,,,ауыл,,,3.6
2019,пайыз,Ақмола,,ауыл,,KZAKM,5.5
2019,пайыз,Ақтөбе,,ауыл,,KZAKT,3.5
2019,пайыз,Алматы,,ауыл,,KZALM,4.0
2019,пайыз,Атырау,,ауыл,,KZATY,0.4
2019,пайыз,Батыс Қазақстан,,ауыл,,KZZAP,5.3
2019,пайыз,Жамбыл,,ауыл,,KZZHA,0.5
2019,пайыз,Қарағанды,,ауыл,,KZKAR,1.6
2019,пайыз,Қостанай,,ауыл,,KZKUS,5.8
2019,пайыз,Қызылорда,,ауыл,,KZKZY,5.8
2019,пайыз,Маңғыстау,,ауыл,,KZMAN,1.9
2019,пайыз,Павлодар,,ауыл,,KZPAV,4.3
2019,пайыз,Солтүстік Қазақстан,,ауыл,,KZSEV,0.6
2019,пайыз,Түркістан,,ауыл,,KZYUZ,2.5
2019,пайыз,Шығыс Қазақстан,,ауыл,,KZVOS,7.7
2019,пайыз,,,,15,,35.6
2019,пайыз,,,,16-24,,2.6
2019,пайыз,,,,25-28,,1.6
2019,пайыз,,,,29-34,,1.6
2019,пайыз,,,,35-44,,1.9
2019,пайыз,,,,45-54,,2.3
2019,пайыз,,,,55-64,,3.2
2019,пайыз,,,,65 және одан үлкен,,8.4
2019,пайыз,Ақмола,,,16-24,KZAKM,4.8
2019,пайыз,Ақмола,,,25-28,KZAKM,3.4
2019,пайыз,Ақмола,,,29-34,KZAKM,3.1
2019,пайыз,Ақмола,,,35-44,KZAKM,3.1
2019,пайыз,Ақмола,,,45-54,KZAKM,3.1
2019,пайыз,Ақмола,,,55-64,KZAKM,4.8
2019,пайыз,Ақмола,,,65 және одан үлкен,KZAKM,11.5
2019,пайыз,Ақтөбе,,,16-24,KZAKT,1.2
2019,пайыз,Ақтөбе,,,25-28,KZAKT,1.2
2019,пайыз,Ақтөбе,,,29-34,KZAKT,0.9
2019,пайыз,Ақтөбе,,,35-44,KZAKT,1.7
2019,пайыз,Ақтөбе,,,45-54,KZAKT,2.6
2019,пайыз,Ақтөбе,,,55-64,KZAKT,2.1
2019,пайыз,Ақтөбе,,,65 және одан үлкен,KZAKT,1.4
2019,пайыз,Алматы,,,16-24,KZALM,5.1
2019,пайыз,Алматы,,,25-28,KZALM,1.9
2019,пайыз,Алматы,,,29-34,KZALM,1.9
2019,пайыз,Алматы,,,35-44,KZALM,3.0
2019,пайыз,Алматы,,,45-54,KZALM,4.5
2019,пайыз,Алматы,,,55-64,KZALM,8.3
2019,пайыз,Алматы,,,65 және одан үлкен,KZALM,8.3
2019,пайыз,Атырау,,,16-24,KZATY,0.9
2019,пайыз,Атырау,,,25-28,KZATY,0.2
2019,пайыз,Атырау,,,29-34,KZATY,0.2
2019,пайыз,Атырау,,,35-44,KZATY,0.1
2019,пайыз,Атырау,,,45-54,KZATY,0.6
2019,пайыз,Атырау,,,55-64,KZATY,0.7
2019,пайыз,Батыс Қазақстан,,,16-24,KZZAP,3.7
2019,пайыз,Батыс Қазақстан,,,25-28,KZZAP,3.1
2019,пайыз,Батыс Қазақстан,,,29-34,KZZAP,2.8
2019,пайыз,Батыс Қазақстан,,,35-44,KZZAP,2.6
2019,пайыз,Батыс Қазақстан,,,45-54,KZZAP,3.2
2019,пайыз,Батыс Қазақстан,,,55-64,KZZAP,5.5
2019,пайыз,Жамбыл,,,16-24,KZZHA,2.3
2019,пайыз,Жамбыл,,,25-28,KZZHA,1.7
2019,пайыз,Жамбыл,,,29-34,KZZHA,0.3
2019,пайыз,Жамбыл,,,35-44,KZZHA,0.6
2019,пайыз,Жамбыл,,,45-54,KZZHA,0.9
2019,пайыз,Жамбыл,,,55-64,KZZHA,2.6
2019,пайыз,Жамбыл,,,65 және одан үлкен,KZZHA,26.4
2019,пайыз,Қарағанды,,,16-24,KZKAR,1.8
2019,пайыз,Қарағанды,,,25-28,KZKAR,0.8
2019,пайыз,Қарағанды,,,29-34,KZKAR,1.6
2019,пайыз,Қарағанды,,,35-44,KZKAR,2.4
2019,пайыз,Қарағанды,,,45-54,KZKAR,1.5
2019,пайыз,Қарағанды,,,55-64,KZKAR,1.9
2019,пайыз,Қарағанды,,,65 және одан үлкен,KZKAR,7.3
2019,пайыз,Қостанай,,,15,KZKUS,40.3
2019,пайыз,Қостанай,,,16-24,KZKUS,4.3
2019,пайыз,Қостанай,,,25-28,KZKUS,3.1
2019,пайыз,Қостанай,,,29-34,KZKUS,3.8
2019,пайыз,Қостанай,,,35-44,KZKUS,3.8
2019,пайыз,Қостанай,,,45-54,KZKUS,4.3
2019,пайыз,Қостанай,,,55-64,KZKUS,5.0
2019,пайыз,Қостанай,,,65 және одан үлкен,KZKUS,8.1
2019,пайыз,Қызылорда,,,16-24,KZKZY,5.0
2019,пайыз,Қызылорда,,,25-28,KZKZY,3.4
2019,пайыз,Қызылорда,,,29-34,KZKZY,3.8
2019,пайыз,Қызылорда,,,35-44,KZKZY,4.0
2019,пайыз,Қызылорда,,,45-54,KZKZY,3.5
2019,пайыз,Қызылорда,,,55-64,KZKZY,2.2
2019,пайыз,Маңғыстау,,,16-24,KZMAN,1.2
2019,пайыз,Маңғыстау,,,25-28,KZMAN,1.4
2019,пайыз,Маңғыстау,,,29-34,KZMAN,0.7
2019,пайыз,Маңғыстау,,,35-44,KZMAN,1.5
2019,пайыз,Маңғыстау,,,45-54,KZMAN,1.5
2019,пайыз,Маңғыстау,,,55-64,KZMAN,2.5
2019,пайыз,Павлодар,,,16-24,KZPAV,1.7
2019,пайыз,Павлодар,,,25-28,KZPAV,0.9
2019,пайыз,Павлодар,,,29-34,KZPAV,1.2
2019,пайыз,Павлодар,,,35-44,KZPAV,1.5
2019,пайыз,Павлодар,,,45-54,KZPAV,1.5
2019,пайыз,Павлодар,,,55-64,KZPAV,1.9
2019,пайыз,Солтүстік Қазақстан,,,16-24,KZSEV,0.7
2019,пайыз,Солтүстік Қазақстан,,,25-28,KZSEV,1.1
2019,пайыз,Солтүстік Қазақстан,,,29-34,KZSEV,0.3
2019,пайыз,Солтүстік Қазақстан,,,35-44,KZSEV,0.8
2019,пайыз,Солтүстік Қазақстан,,,45-54,KZSEV,0.5
2019,пайыз,Солтүстік Қазақстан,,,55-64,KZSEV,0.7
2019,пайыз,Солтүстік Қазақстан,,,65 және одан үлкен,KZSEV,1.2
2019,пайыз,Түркістан,,,16-24,KZYUZ,2.7
2019,пайыз,Түркістан,,,25-28,KZYUZ,2.1
2019,пайыз,Түркістан,,,29-34,KZYUZ,2.4
2019,пайыз,Түркістан,,,35-44,KZYUZ,2.7
2019,пайыз,Түркістан,,,45-54,KZYUZ,3.2
2019,пайыз,Түркістан,,,55-64,KZYUZ,3.6
2019,пайыз,Түркістан,,,65 және одан үлкен,KZYUZ,7.7
2019,пайыз,Шығыс Қазақстан,,,16-24,KZVOS,4.2
2019,пайыз,Шығыс Қазақстан,,,25-28,KZVOS,2.4
2019,пайыз,Шығыс Қазақстан,,,29-34,KZVOS,2.6
2019,пайыз,Шығыс Қазақстан,,,35-44,KZVOS,2.9
2019,пайыз,Шығыс Қазақстан,,,45-54,KZVOS,3.8
2019,пайыз,Шығыс Қазақстан,,,55-64,KZVOS,4.0
2019,пайыз,Шығыс Қазақстан,,,65 және одан үлкен,KZVOS,13.6
2019,пайыз,Нұр-Сұлтан қаласы,,,35-44,KZNS,0.3
2019,пайыз,Нұр-Сұлтан қаласы,,,45-54,KZNS,0.2
2019,пайыз,Алматы қаласы,,,16-24,KZALA,0.5
2019,пайыз,Алматы қаласы,,,25-28,KZALA,0.4
2019,пайыз,Алматы қаласы,,,29-34,KZALA,0.5
2019,пайыз,Алматы қаласы,,,35-44,KZALA,0.5
2019,пайыз,Алматы қаласы,,,45-54,KZALA,0.4
2019,пайыз,Алматы қаласы,,,55-64,KZALA,0.9
2019,пайыз,Алматы қаласы,,,65 және одан үлкен,KZALA,2.4
2019,пайыз,Шымкент қаласы,,,16-24,KZSHY,0.9
2019,пайыз,Шымкент қаласы,,,25-28,KZSHY,1.0
2019,пайыз,Шымкент қаласы,,,29-34,KZSHY,1.3
2019,пайыз,Шымкент қаласы,,,35-44,KZSHY,0.5
2019,пайыз,Шымкент қаласы,,,45-54,KZSHY,0.6
2019,пайыз,Шымкент қаласы,,,55-64,KZSHY,0.4
2020,пайыз,,,,,,2.3
2020,пайыз,Ақмола,,,,KZAKM,4.2
2020,пайыз,Ақтөбе,,,,KZAKT,1.6
2020,пайыз,Алматы,,,,KZALM,3.7
2020,пайыз,Атырау,,,,KZATY,0.5
2020,пайыз,Батыс Қазақстан,,,,KZZAP,2.9
2020,пайыз,Жамбыл,,,,KZZHA,1.4
2020,пайыз,Қарағанды,,,,KZKAR,3.0
2020,пайыз,Қостанай,,,,KZKUS,4.6
2020,пайыз,Қызылорда,,,,KZKZY,3.6
2020,пайыз,Маңғыстау,,,,KZMAN,1.1
2020,пайыз,Павлодар,,,,KZPAV,1.5
2020,пайыз,Солтүстік Қазақстан,,,,KZSEV,1.2
2020,пайыз,Түркістан,,,,KZYUZ,2.7
2020,пайыз,Шығыс Қазақстан,,,,KZVOS,3.0
2020,пайыз,Нұр-Сұлтан қаласы,,,,KZNS,0.5
2020,пайыз,Алматы қаласы,,,,KZALA,0.9
2020,пайыз,Шымкент қаласы,,,,KZSHY,0.8
2020,пайыз,,ерлер,,,,2.5
2020,пайыз,Ақмола,ерлер,,,KZAKM,3.9
2020,пайыз,Ақтөбе,ерлер,,,KZAKT,1.7
2020,пайыз,Алматы,ерлер,,,KZALM,4.0
2020,пайыз,Атырау,ерлер,,,KZATY,0.5
2020,пайыз,Батыс Қазақстан,ерлер,,,KZZAP,3.0
2020,пайыз,Жамбыл,ерлер,,,KZZHA,1.5
2020,пайыз,Қарағанды,ерлер,,,KZKAR,3.6
2020,пайыз,Қостанай,ерлер,,,KZKUS,3.9
2020,пайыз,Қызылорда,ерлер,,,KZKZY,4.7
2020,пайыз,Маңғыстау,ерлер,,,KZMAN,0.6
2020,пайыз,Павлодар,ерлер,,,KZPAV,1.6
2020,пайыз,Солтүстік Қазақстан,ерлер,,,KZSEV,1.2
2020,пайыз,Түркістан,ерлер,,,KZYUZ,3.4
2020,пайыз,Шығыс Қазақстан,ерлер,,,KZVOS,3.0
2020,пайыз,Нұр-Сұлтан қаласы,ерлер,,,KZNS,0.7
2020,пайыз,Алматы қаласы,ерлер,,,KZALA,0.9
2020,пайыз,Шымкент қаласы,ерлер,,,KZSHY,0.9
2020,пайыз,,әйелдер,,,,2.1
2020,пайыз,Ақмола,әйелдер,,,KZAKM,4.5
2020,пайыз,Ақтөбе,әйелдер,,,KZAKT,1.5
2020,пайыз,Алматы,әйелдер,,,KZALM,3.4
2020,пайыз,Атырау,әйелдер,,,KZATY,0.4
2020,пайыз,Батыс Қазақстан,әйелдер,,,KZZAP,2.8
2020,пайыз,Жамбыл,әйелдер,,,KZZHA,1.3
2020,пайыз,Қарағанды,әйелдер,,,KZKAR,2.3
2020,пайыз,Қостанай,әйелдер,,,KZKUS,5.4
2020,пайыз,Қызылорда,әйелдер,,,KZKZY,2.4
2020,пайыз,Маңғыстау,әйелдер,,,KZMAN,1.8
2020,пайыз,Павлодар,әйелдер,,,KZPAV,1.3
2020,пайыз,Солтүстік Қазақстан,әйелдер,,,KZSEV,1.3
2020,пайыз,Түркістан,әйелдер,,,KZYUZ,1.9
2020,пайыз,Шығыс Қазақстан,әйелдер,,,KZVOS,2.9
2020,пайыз,Нұр-Сұлтан қаласы,әйелдер,,,KZNS,0.2
2020,пайыз,Алматы қаласы,әйелдер,,,KZALA,0.9
2020,пайыз,Шымкент қаласы,әйелдер,,,KZSHY,0.6
2020,пайыз,,,қала,,,1.4
2020,пайыз,Ақмола,,қала,,KZAKM,2.7
2020,пайыз,Ақтөбе,,қала,,KZAKT,1.6
2020,пайыз,Алматы,,қала,,KZALM,3.6
2020,пайыз,Атырау,,қала,,KZATY,0.2
2020,пайыз,Батыс Қазақстан,,қала,,KZZAP,1.2
2020,пайыз,Жамбыл,,қала,,KZZHA,1.6
2020,пайыз,Қарағанды,,қала,,KZKAR,3.3
2020,пайыз,Қостанай,,қала,,KZKUS,2.5
2020,пайыз,Қызылорда,,қала,,KZKZY,1.8
2020,пайыз,Маңғыстау,,қала,,KZMAN,0.7
2020,пайыз,Павлодар,,қала,,KZPAV,0.5
2020,пайыз,Солтүстік Қазақстан,,қала,,KZSEV,1.7
2020,пайыз,Түркістан,,қала,,KZYUZ,1.6
2020,пайыз,Шығыс Қазақстан,,қала,,KZVOS,0.8
2020,пайыз,Нұр-Сұлтан қаласы,,қала,,KZNS,0.5
2020,пайыз,Алматы қаласы,,қала,,KZALA,0.9
2020,пайыз,Шымкент қаласы,,қала,,KZSHY,0.8
2020,пайыз,,,ауыл,,,3.5
2020,пайыз,Ақмола,,ауыл,,KZAKM,5.5
2020,пайыз,Ақтөбе,,ауыл,,KZAKT,1.6
2020,пайыз,Алматы,,ауыл,,KZALM,3.7
2020,пайыз,Атырау,,ауыл,,KZATY,0.7
2020,пайыз,Батыс Қазақстан,,ауыл,,KZZAP,4.6
2020,пайыз,Жамбыл,,ауыл,,KZZHA,1.3
2020,пайыз,Қарағанды,,ауыл,,KZKAR,1.9
2020,пайыз,Қостанай,,ауыл,,KZKUS,7.5
2020,пайыз,Қызылорда,,ауыл,,KZKZY,5.1
2020,пайыз,Маңғыстау,,ауыл,,KZMAN,1.4
2020,пайыз,Павлодар,,ауыл,,KZPAV,3.5
2020,пайыз,Солтүстік Қазақстан,,ауыл,,KZSEV,0.9
2020,пайыз,Түркістан,,ауыл,,KZYUZ,3.0
2020,пайыз,Шығыс Қазақстан,,ауыл,,KZVOS,6.5
2020,пайыз,,,,15,,89.6
2020,пайыз,,,,16-24,,2.6
2020,пайыз,,,,25-28,,1.6
2020,пайыз,,,,29-34,,1.8
2020,пайыз,,,,35-44,,1.9
2020,пайыз,,,,45-54,,2.5
2020,пайыз,,,,55-64,,3.5
2020,пайыз,,,,65 және одан үлкен,,9.2
2020,пайыз,,,,15,,48.5
2020,пайыз,Ақмола,,,16-24,KZAKM,4.6
2020,пайыз,Ақмола,,,25-28,KZAKM,2.8
2020,пайыз,Ақмола,,,29-34,KZAKM,2.6
2020,пайыз,Ақмола,,,35-44,KZAKM,2.8
2020,пайыз,Ақмола,,,45-54,KZAKM,3.1
2020,пайыз,Ақмола,,,55-64,KZAKM,7.7
2020,пайыз,Ақмола,,,65 және одан үлкен,KZAKM,14.3
2020,пайыз,Ақтөбе,,,16-24,KZAKT,0.9
2020,пайыз,Ақтөбе,,,25-28,KZAKT,1.5
2020,пайыз,Ақтөбе,,,29-34,KZAKT,1.9
2020,пайыз,Ақтөбе,,,35-44,KZAKT,2.2
2020,пайыз,Ақтөбе,,,45-54,KZAKT,1.4
2020,пайыз,Ақтөбе,,,55-64,KZAKT,0.4
2020,пайыз,Ақтөбе,,,65 және одан үлкен,KZAKT,0.0
2020,пайыз,,,,15,,100.0
2020,пайыз,Алматы,,,16-24,KZALM,2.8
2020,пайыз,Алматы,,,25-28,KZALM,2.0
2020,пайыз,Алматы,,,29-34,KZALM,3.8
2020,пайыз,Алматы,,,35-44,KZALM,3.2
2020,пайыз,Алматы,,,45-54,KZALM,3.8
2020,пайыз,Алматы,,,55-64,KZALM,7.1
2020,пайыз,Алматы,,,65 және одан үлкен,KZALM,13.9
2020,пайыз,Атырау,,,16-24,KZATY,0.7
2020,пайыз,Атырау,,,25-28,KZATY,0.7
2020,пайыз,Атырау,,,29-34,KZATY,0.6
2020,пайыз,Атырау,,,35-44,KZATY,0.3
2020,пайыз,Атырау,,,45-54,KZATY,0.3
2020,пайыз,Атырау,,,55-64,KZATY,0.3
2020,пайыз,Алматы,,,65 және одан үлкен,KZALM,0.0
2020,пайыз,Батыс Қазақстан,,,16-24,KZZAP,2.7
2020,пайыз,Батыс Қазақстан,,,25-28,KZZAP,2.8
2020,пайыз,Батыс Қазақстан,,,29-34,KZZAP,3.9
2020,пайыз,Батыс Қазақстан,,,35-44,KZZAP,3.0
2020,пайыз,Батыс Қазақстан,,,45-54,KZZAP,3.6
2020,пайыз,Батыс Қазақстан,,,55-64,KZZAP,1.3
2020,пайыз,KZAP,,,65 және одан үлкен,KZAP,0.0
2020,пайыз,Жамбыл,,,16-24,KZZHA,2.0
2020,пайыз,Жамбыл,,,25-28,KZZHA,0.9
2020,пайыз,Жамбыл,,,29-34,KZZHA,1.3
2020,пайыз,Жамбыл,,,35-44,KZZHA,2.1
2020,пайыз,Жамбыл,,,45-54,KZZHA,0.9
2020,пайыз,Жамбыл,,,55-64,KZZHA,1.2
2020,пайыз,Жамбыл,,,65 және одан үлкен,KZZHA,0.4
2020,пайыз,Жамбыл,,,65 және одан үлкен,KZZHA,100.0
2020,пайыз,Қарағанды,,,16-24,KZKAR,3.6
2020,пайыз,Қарағанды,,,25-28,KZKAR,3.1
2020,пайыз,Қарағанды,,,29-34,KZKAR,2.2
2020,пайыз,Қарағанды,,,35-44,KZKAR,3.2
2020,пайыз,Қарағанды,,,45-54,KZKAR,2.7
2020,пайыз,Қарағанды,,,55-64,KZKAR,3.0
2020,пайыз,Қарағанды,,,65 және одан үлкен,KZKAR,9.4
2020,пайыз,Қостанай,,,15,KZKUS,100.0
2020,пайыз,Қостанай,,,16-24,KZKUS,3.0
2020,пайыз,Қостанай,,,25-28,KZKUS,2.8
2020,пайыз,Қостанай,,,29-34,KZKUS,3.6
2020,пайыз,Қостанай,,,35-44,KZKUS,3.6
2020,пайыз,Қостанай,,,45-54,KZKUS,3.6
2020,пайыз,Қостанай,,,55-64,KZKUS,8.5
2020,пайыз,Қостанай,,,65 және одан үлкен,KZKUS,19.3
2020,пайыз,Қызылорда,,,16-24,KZKZY,7.6
2020,пайыз,Қызылорда,,,25-28,KZKZY,4.8
2020,пайыз,Қызылорда,,,29-34,KZKZY,4.1
2020,пайыз,Қызылорда,,,35-44,KZKZY,2.6
2020,пайыз,Қызылорда,,,45-54,KZKZY,2.0
2020,пайыз,Қызылорда,,,55-64,KZKZY,2.8
2020,пайыз,Қызылорда,,,65 және одан үлкен,KZKZY,0.0
2020,пайыз,Маңғыстау,,,16-24,KZMAN,3.3
2020,пайыз,Маңғыстау,,,25-28,KZMAN,0.6
2020,пайыз,Маңғыстау,,,29-34,KZMAN,1.0
2020,пайыз,Маңғыстау,,,35-44,KZMAN,0.5
2020,пайыз,Маңғыстау,,,45-54,KZMAN,1.6
2020,пайыз,Маңғыстау,,,55-64,KZMAN,0.6
2020,пайыз,Маңғыстау,,,65 және одан үлкен,KZMAN,0.0
2020,пайыз,,,,15,,70.9
2020,пайыз,Павлодар,,,16-24,KZPAV,5.1
2020,пайыз,Павлодар,,,25-28,KZPAV,1.0
2020,пайыз,Павлодар,,,29-34,KZPAV,1.3
2020,пайыз,Павлодар,,,35-44,KZPAV,1.1
2020,пайыз,Павлодар,,,45-54,KZPAV,1.2
2020,пайыз,Павлодар,,,55-64,KZPAV,0.9
2020,пайыз,Павлодар,,,65 және одан үлкен,KZPAV,5.1
2020,пайыз,Солтүстік Қазақстан,,,16-24,KZSEV,1.3
2020,пайыз,Солтүстік Қазақстан,,,25-28,KZSEV,1.8
2020,пайыз,Солтүстік Қазақстан,,,29-34,KZSEV,1.1
2020,пайыз,Солтүстік Қазақстан,,,35-44,KZSEV,0.9
2020,пайыз,Солтүстік Қазақстан,,,45-54,KZSEV,1.6
2020,пайыз,Солтүстік Қазақстан,,,55-64,KZSEV,1.2
2020,пайыз,Солтүстік Қазақстан,,,65 және одан үлкен,KZSEV,0.5
2020,пайыз,Түркістан,,,16-24,KZYUZ,3.2
2020,пайыз,Түркістан,,,25-28,KZYUZ,1.7
2020,пайыз,Түркістан,,,29-34,KZYUZ,2.7
2020,пайыз,Түркістан,,,35-44,KZYUZ,2.1
2020,пайыз,Түркістан,,,45-54,KZYUZ,3.6
2020,пайыз,Түркістан,,,55-64,KZYUZ,3.6
2020,пайыз,Түркістан,,,65 және одан үлкен,KZYUZ,18.3
2020,пайыз,Шығыс Қазақстан,,,16-24,KZVOS,3.1
2020,пайыз,Шығыс Қазақстан,,,25-28,KZVOS,0.9
2020,пайыз,Шығыс Қазақстан,,,29-34,KZVOS,1.6
2020,пайыз,Шығыс Қазақстан,,,35-44,KZVOS,2.2
2020,пайыз,Шығыс Қазақстан,,,45-54,KZVOS,5.3
2020,пайыз,Шығыс Қазақстан,,,55-64,KZVOS,3.4
2020,пайыз,Шығыс Қазақстан,,,65 және одан үлкен,KZVOS,11.5
2020,пайыз,Нұр-Сұлтан қаласы,,,16-24,KZNS,0.7
2020,пайыз,Нұр-Сұлтан қаласы,,,25-28,KZNS,0.3
2020,пайыз,Нұр-Сұлтан қаласы,,,29-34,KZNS,0.2
2020,пайыз,Нұр-Сұлтан қаласы,,,35-44,KZNS,0.1
2020,пайыз,Нұр-Сұлтан қаласы,,,45-54,KZNS,1.4
2020,пайыз,Нұр-Сұлтан қаласы,,,55-64,KZNS,0.4
2020,пайыз,Нұр-Сұлтан қаласы,,,65 және одан үлкен,KZNS,0.0
2020,пайыз,Алматы қаласы,,,16-24,KZALA,0.6
2020,пайыз,Алматы қаласы,,,25-28,KZALA,0.8
2020,пайыз,Алматы қаласы,,,29-34,KZALA,0.1
2020,пайыз,Алматы қаласы,,,35-44,KZALA,0.6
2020,пайыз,Алматы қаласы,,,45-54,KZALA,0.7
2020,пайыз,Алматы қаласы,,,55-64,KZALA,4.9
2020,пайыз,Алматы қаласы,,,65 және одан үлкен,KZALA,0.0
2020,пайыз,Шымкент қаласы,,,16-24,KZSHY,1.1
2020,пайыз,Шымкент қаласы,,,25-28,KZSHY,0.7
2020,пайыз,Шымкент қаласы,,,29-34,KZSHY,0.9
2020,пайыз,Шымкент қаласы,,,35-44,KZSHY,0.6
2020,пайыз,Шымкент қаласы,,,45-54,KZSHY,0.8
2020,пайыз,Шымкент қаласы,,,55-64,KZSHY,0.8
