Year,UNIT_MEASURE,Өңірлер,Аймақ,Жынысы,Жасы,Value
2010,пайыз,,,,,5.8
2010,пайыз,Ақмола,,,,5.8
2010,пайыз,Ақтөбе,,,,5.3
2010,пайыз,Алматы,,,,5.6
2010,пайыз,Атырау,,,,5.4
2010,пайыз,Батыс Қазақстан,,,,5.6
2010,пайыз,Жамбыл,,,,5.7
2010,пайыз,Қарағанды,,,,5.5
2010,пайыз,Қостанай,,,,5.7
2010,пайыз,Қызылорда,,,,5.9
2010,пайыз,Маңғыстау,,,,6.4
2010,пайыз,Оңтүстік Қазақстан,,,,5.9
2010,пайыз,Павлодар,,,,5.6
2010,пайыз,Солтүстік Қазақстан,,,,5.8
2010,пайыз,Шығыс Қазақстан,,,,5.7
2010,пайыз,Нұр-Сұлтан қаласы,,,,6.2
2010,пайыз,Алматы қаласы,,,,6.3
2010,пайыз,,,ерлер,,4.9
2010,пайыз,Ақмола,,ерлер,,6.1
2010,пайыз,Ақтөбе,,ерлер,,2.9
2010,пайыз,Алматы,,ерлер,,5.3
2010,пайыз,Атырау,,ерлер,,3.9
2010,пайыз,Батыс Қазақстан,,ерлер,,4.7
2010,пайыз,Жамбыл,,ерлер,,5.5
2010,пайыз,Қарағанды,,ерлер,,4.5
2010,пайыз,Қостанай,,ерлер,,5.2
2010,пайыз,Қызылорда,,ерлер,,5.7
2010,пайыз,Маңғыстау,,ерлер,,5.9
2010,пайыз,Оңтүстік Қазақстан,,ерлер,,4.8
2010,пайыз,Павлодар,,ерлер,,4.6
2010,пайыз,Солтүстік Қазақстан,,ерлер,,6.1
2010,пайыз,Шығыс Қазақстан,,ерлер,,4.9
2010,пайыз,Нұр-Сұлтан қаласы,,ерлер,,2.9
2010,пайыз,Алматы қаласы,,ерлер,,5.5
2010,пайыз,,,әйелдер,,6.6
2010,пайыз,Ақмола,,әйелдер,,5.5
2010,пайыз,Ақтөбе,,әйелдер,,7.7
2010,пайыз,Алматы,,әйелдер,,6.0
2010,пайыз,Атырау,,әйелдер,,7.0
2010,пайыз,Батыс Қазақстан,,әйелдер,,6.6
2010,пайыз,Жамбыл,,әйелдер,,5.9
2010,пайыз,Қарағанды,,әйелдер,,6.4
2010,пайыз,Қостанай,,әйелдер,,6.1
2010,пайыз,Қызылорда,,әйелдер,,6.1
2010,пайыз,Маңғыстау,,әйелдер,,7.1
2010,пайыз,Оңтүстік Қазақстан,,әйелдер,,7.2
2010,пайыз,Павлодар,,әйелдер,,6.7
2010,пайыз,Солтүстік Қазақстан,,әйелдер,,5.5
2010,пайыз,Шығыс Қазақстан,,әйелдер,,6.5
2010,пайыз,Нұр-Сұлтан қаласы,,әйелдер,,9.7
2010,пайыз,Алматы қаласы,,әйелдер,,7.0
2010,пайыз,,қала,,,6.2
2010,пайыз,Ақмола,қала,,,5.7
2010,пайыз,Ақтөбе,қала,,,5.4
2010,пайыз,Алматы,қала,,,5.6
2010,пайыз,Атырау,қала,,,6.1
2010,пайыз,Батыс Қазақстан,қала,,,4.8
2010,пайыз,Жамбыл,қала,,,7.0
2010,пайыз,Қарағанды,қала,,,5.5
2010,пайыз,Қостанай,қала,,,7.6
2010,пайыз,Қызылорда,қала,,,5.4
2010,пайыз,Маңғыстау,қала,,,5.8
2010,пайыз,Оңтүстік Қазақстан,қала,,,7.2
2010,пайыз,Павлодар,қала,,,6.3
2010,пайыз,Солтүстік Қазақстан,қала,,,6.5
2010,пайыз,Шығыс Қазақстан,қала,,,6.6
2010,пайыз,Нұр-Сұлтан қаласы,қала,,,6.2
2010,пайыз,Алматы қаласы,қала,,,6.3
2010,пайыз,,ауыл,,,5.2
2010,пайыз,Ақмола,ауыл,,,5.9
2010,пайыз,Ақтөбе,ауыл,,,5.3
2010,пайыз,Алматы,ауыл,,,5.6
2010,пайыз,Атырау,ауыл,,,4.9
2010,пайыз,Батыс Қазақстан,ауыл,,,6.1
2010,пайыз,Жамбыл,ауыл,,,4.9
2010,пайыз,Қарағанды,ауыл,,,5.3
2010,пайыз,Қостанай,ауыл,,,3.9
2010,пайыз,Қызылорда,ауыл,,,6.2
2010,пайыз,Маңғыстау,ауыл,,,7.3
2010,пайыз,Оңтүстік Қазақстан,ауыл,,,5.1
2010,пайыз,Павлодар,ауыл,,,4.5
2010,пайыз,Солтүстік Қазақстан,ауыл,,,5.4
2010,пайыз,Шығыс Қазақстан,ауыл,,,4.7
2010,пайыз,,,,Y15,6.8
2010,пайыз,,,,16-24,5.2
2010,пайыз,,,,25-28,8.4
2010,пайыз,,,,29-34,5.8
2010,пайыз,,,,35-44,5.3
2010,пайыз,,,,45-54,5.2
2010,пайыз,,,,55-64,6.0
2010,пайыз,Ақмола,,,16-24,6.0
2010,пайыз,Ақмола,,,25-28,5.2
2010,пайыз,Ақмола,,,29-34,4.9
2010,пайыз,Ақмола,,,35-44,6.4
2010,пайыз,Ақмола,,,45-54,6.1
2010,пайыз,Ақмола,,,55-64,6.3
2010,пайыз,Ақтөбе,,,16-24,2.2
2010,пайыз,Ақтөбе,,,25-28,7.6
2010,пайыз,Ақтөбе,,,29-34,7.5
2010,пайыз,Ақтөбе,,,35-44,6.8
2010,пайыз,Ақтөбе,,,45-54,4.2
2010,пайыз,Ақтөбе,,,55-64,1.2
2010,пайыз,Алматы,,,Y15,53.1
2010,пайыз,Алматы,,,16-24,3.3
2010,пайыз,Алматы,,,25-28,5.0
2010,пайыз,Алматы,,,29-34,5.1
2010,пайыз,Алматы,,,35-44,4.4
2010,пайыз,Алматы,,,45-54,5.6
2010,пайыз,Алматы,,,55-64,13.3
2010,пайыз,Атырау,,,16-24,1.5
2010,пайыз,Атырау,,,25-28,15.4
2010,пайыз,Атырау,,,29-34,6.2
2010,пайыз,Атырау,,,35-44,3.7
2010,пайыз,Атырау,,,45-54,3.5
2010,пайыз,Атырау,,,55-64,5.4
2010,пайыз,Батыс Қазақстан,,,16-24,6.5
2010,пайыз,Батыс Қазақстан,,,25-28,6.4
2010,пайыз,Батыс Қазақстан,,,29-34,6.9
2010,пайыз,Батыс Қазақстан,,,35-44,5.9
2010,пайыз,Батыс Қазақстан,,,45-54,5.1
2010,пайыз,Батыс Қазақстан,,,55-64,1.9
2010,пайыз,Жамбыл,,,16-24,6.0
2010,пайыз,Жамбыл,,,25-28,1.9
2010,пайыз,Жамбыл,,,29-34,9.7
2010,пайыз,Жамбыл,,,35-44,7.7
2010,пайыз,Жамбыл,,,45-54,4.3
2010,пайыз,Жамбыл,,,55-64,1.2
2010,пайыз,Қарағанды,,,16-24,5.9
2010,пайыз,Қарағанды,,,25-28,9.9
2010,пайыз,Қарағанды,,,29-34,5.5
2010,пайыз,Қарағанды,,,35-44,4.8
2010,пайыз,Қарағанды,,,45-54,4.6
2010,пайыз,Қарағанды,,,55-64,4.2
2010,пайыз,Қостанай,,,16-24,5.3
2010,пайыз,Қостанай,,,25-28,13.3
2010,пайыз,Қостанай,,,29-34,5.1
2010,пайыз,Қостанай,,,35-44,3.6
2010,пайыз,Қостанай,,,45-54,4.4
2010,пайыз,Қостанай,,,55-64,8.4
2010,пайыз,Қызылорда,,,16-24,6.5
2010,пайыз,Қызылорда,,,25-28,8.6
2010,пайыз,Қызылорда,,,29-34,4.1
2010,пайыз,Қызылорда,,,35-44,4.0
2010,пайыз,Қызылорда,,,45-54,6.1
2010,пайыз,Қызылорда,,,55-64,10.8
2010,пайыз,Маңғыстау,,,16-24,7.0
2010,пайыз,Маңғыстау,,,25-28,11.7
2010,пайыз,Маңғыстау,,,29-34,2.7
2010,пайыз,Маңғыстау,,,35-44,3.9
2010,пайыз,Маңғыстау,,,45-54,10.4
2010,пайыз,Маңғыстау,,,55-64,8.4
2010,пайыз,Оңтүстік Қазақстан,,,16-24,2.1
2010,пайыз,Оңтүстік Қазақстан,,,25-28,11.3
2010,пайыз,Оңтүстік Қазақстан,,,29-34,6.1
2010,пайыз,Оңтүстік Қазақстан,,,35-44,6.0
2010,пайыз,Оңтүстік Қазақстан,,,45-54,5.3
2010,пайыз,Оңтүстік Қазақстан,,,55-64,2.9
2010,пайыз,Павлодар,,,Y15,3.1
2010,пайыз,Павлодар,,,16-24,5.5
2010,пайыз,Павлодар,,,25-28,8.8
2010,пайыз,Павлодар,,,29-34,4.3
2010,пайыз,Павлодар,,,35-44,4.6
2010,пайыз,Павлодар,,,45-54,6.4
2010,пайыз,Павлодар,,,55-64,4.9
2010,пайыз,Солтүстік Қазақстан,,,16-24,5.9
2010,пайыз,Солтүстік Қазақстан,,,25-28,9.8
2010,пайыз,Солтүстік Қазақстан,,,29-34,7.6
2010,пайыз,Солтүстік Қазақстан,,,35-44,4.7
2010,пайыз,Солтүстік Қазақстан,,,45-54,4.2
2010,пайыз,Солтүстік Қазақстан,,,55-64,5.8
2010,пайыз,Шығыс Қазақстан,,,16-24,7.0
2010,пайыз,Шығыс Қазақстан,,,25-28,6.7
2010,пайыз,Шығыс Қазақстан,,,29-34,4.4
2010,пайыз,Шығыс Қазақстан,,,35-44,5.0
2010,пайыз,Шығыс Қазақстан,,,45-54,4.9
2010,пайыз,Шығыс Қазақстан,,,55-64,8.8
2010,пайыз,Нұр-Сұлтан қаласы,,,16-24,11.2
2010,пайыз,Нұр-Сұлтан қаласы,,,25-28,4.7
2010,пайыз,Нұр-Сұлтан қаласы,,,29-34,6.6
2010,пайыз,Нұр-Сұлтан қаласы,,,35-44,6.4
2010,пайыз,Нұр-Сұлтан қаласы,,,45-54,5.6
2010,пайыз,Нұр-Сұлтан қаласы,,,55-64,2.9
2010,пайыз,Алматы қаласы,,,16-24,9.0
2010,пайыз,Алматы қаласы,,,25-28,8.5
2010,пайыз,Алматы қаласы,,,29-34,5.7
2010,пайыз,Алматы қаласы,,,35-44,5.6
2010,пайыз,Алматы қаласы,,,45-54,5.5
2010,пайыз,Алматы қаласы,,,55-64,4.2
2011,пайыз,,,,,5.4
2011,пайыз,Ақмола,,,,5.5
2011,пайыз,Ақтөбе,,,,4.9
2011,пайыз,Алматы,,,,5.1
2011,пайыз,Атырау,,,,5.0
2011,пайыз,Батыс Қазақстан,,,,5.3
2011,пайыз,Жамбыл,,,,5.5
2011,пайыз,Қарағанды,,,,5.3
2011,пайыз,Қостанай,,,,5.4
2011,пайыз,Қызылорда,,,,5.5
2011,пайыз,Маңғыстау,,,,5.8
2011,пайыз,Оңтүстік Қазақстан,,,,5.7
2011,пайыз,Павлодар,,,,5.2
2011,пайыз,Солтүстік Қазақстан,,,,5.4
2011,пайыз,Шығыс Қазақстан,,,,5.2
2011,пайыз,Нұр-Сұлтан қаласы,,,,5.8
2011,пайыз,Алматы қаласы,,,,5.6
2011,пайыз,,,ерлер,,4.6
2011,пайыз,Ақмола,,ерлер,,5.3
2011,пайыз,Ақтөбе,,ерлер,,3.5
2011,пайыз,Алматы,,ерлер,,5.1
2011,пайыз,Атырау,,ерлер,,4.2
2011,пайыз,Батыс Қазақстан,,ерлер,,4.9
2011,пайыз,Жамбыл,,ерлер,,4.9
2011,пайыз,Қарағанды,,ерлер,,3.7
2011,пайыз,Қостанай,,ерлер,,4.8
2011,пайыз,Қызылорда,,ерлер,,5.2
2011,пайыз,Маңғыстау,,ерлер,,5.4
2011,пайыз,Оңтүстік Қазақстан,,ерлер,,5.1
2011,пайыз,Павлодар,,ерлер,,4.4
2011,пайыз,Солтүстік Қазақстан,,ерлер,,5.3
2011,пайыз,Шығыс Қазақстан,,ерлер,,3.7
2011,пайыз,Нұр-Сұлтан қаласы,,ерлер,,4.0
2011,пайыз,Алматы қаласы,,ерлер,,4.4
2011,пайыз,,,әйелдер,,6.2
2011,пайыз,Ақмола,,әйелдер,,5.6
2011,пайыз,Ақтөбе,,әйелдер,,6.2
2011,пайыз,Алматы,,әйелдер,,5.0
2011,пайыз,Атырау,,әйелдер,,5.9
2011,пайыз,Батыс Қазақстан,,әйелдер,,5.8
2011,пайыз,Жамбыл,,әйелдер,,6.1
2011,пайыз,Қарағанды,,әйелдер,,6.8
2011,пайыз,Қостанай,,әйелдер,,5.9
2011,пайыз,Қызылорда,,әйелдер,,5.8
2011,пайыз,Маңғыстау,,әйелдер,,6.3
2011,пайыз,Оңтүстік Қазақстан,,әйелдер,,6.4
2011,пайыз,Павлодар,,әйелдер,,6.0
2011,пайыз,Солтүстік Қазақстан,,әйелдер,,5.6
2011,пайыз,Шығыс Қазақстан,,әйелдер,,6.8
2011,пайыз,Нұр-Сұлтан қаласы,,әйелдер,,7.8
2011,пайыз,Алматы қаласы,,әйелдер,,6.7
2011,пайыз,,қала,,,5.8
2011,пайыз,Ақмола,қала,,,5.2
2011,пайыз,Ақтөбе,қала,,,4.7
2011,пайыз,Алматы,қала,,,6.0
2011,пайыз,Атырау,қала,,,5.2
2011,пайыз,Батыс Қазақстан,қала,,,4.9
2011,пайыз,Жамбыл,қала,,,6.8
2011,пайыз,Қарағанды,қала,,,5.3
2011,пайыз,Қостанай,қала,,,7.4
2011,пайыз,Қызылорда,қала,,,5.1
2011,пайыз,Маңғыстау,қала,,,4.9
2011,пайыз,Оңтүстік Қазақстан,қала,,,6.7
2011,пайыз,Павлодар,қала,,,5.8
2011,пайыз,Солтүстік Қазақстан,қала,,,5.8
2011,пайыз,Шығыс Қазақстан,қала,,,5.7
2011,пайыз,Нұр-Сұлтан қаласы,қала,,,5.8
2011,пайыз,Алматы қаласы,қала,,,5.6
2011,пайыз,,ауыл,,,4.9
2011,пайыз,Ақмола,ауыл,,,5.7
2011,пайыз,Ақтөбе,ауыл,,,5.0
2011,пайыз,Алматы,ауыл,,,4.8
2011,пайыз,Атырау,ауыл,,,4.9
2011,пайыз,Батыс Қазақстан,ауыл,,,5.6
2011,пайыз,Жамбыл,ауыл,,,4.6
2011,пайыз,Қарағанды,ауыл,,,5.1
2011,пайыз,Қостанай,ауыл,,,3.5
2011,пайыз,Қызылорда,ауыл,,,5.8
2011,пайыз,Маңғыстау,ауыл,,,7.2
2011,пайыз,Оңтүстік Қазақстан,ауыл,,,5.1
2011,пайыз,Павлодар,ауыл,,,4.1
2011,пайыз,Солтүстік Қазақстан,ауыл,,,5.2
2011,пайыз,Шығыс Қазақстан,ауыл,,,4.6
2011,пайыз,,,,16-24,4.6
2011,пайыз,,,,25-28,7.8
2011,пайыз,,,,29-34,6.6
2011,пайыз,,,,35-44,4.7
2011,пайыз,,,,45-54,4.5
2011,пайыз,,,,55-64,5.3
2011,пайыз,Ақмола,,,16-24,4.8
2011,пайыз,Ақмола,,,25-28,6.0
2011,пайыз,Ақмола,,,29-34,5.2
2011,пайыз,Ақмола,,,35-44,5.8
2011,пайыз,Ақмола,,,45-54,5.5
2011,пайыз,Ақмола,,,55-64,6.0
2011,пайыз,Ақтөбе,,,16-24,2.1
2011,пайыз,Ақтөбе,,,25-28,7.5
2011,пайыз,Ақтөбе,,,29-34,6.7
2011,пайыз,Ақтөбе,,,35-44,5.4
2011,пайыз,Ақтөбе,,,45-54,3.2
2011,пайыз,Ақтөбе,,,55-64,3.4
2011,пайыз,Алматы,,,16-24,2.1
2011,пайыз,Алматы,,,25-28,6.2
2011,пайыз,Алматы,,,29-34,8.0
2011,пайыз,Алматы,,,35-44,3.4
2011,пайыз,Алматы,,,45-54,4.0
2011,пайыз,Алматы,,,55-64,10.2
2011,пайыз,Атырау,,,16-24,0.8
2011,пайыз,Атырау,,,25-28,9.2
2011,пайыз,Атырау,,,29-34,8.1
2011,пайыз,Атырау,,,35-44,3.1
2011,пайыз,Атырау,,,45-54,4.2
2011,пайыз,Атырау,,,55-64,7.8
2011,пайыз,Батыс Қазақстан,,,16-24,5.5
2011,пайыз,Батыс Қазақстан,,,25-28,4.4
2011,пайыз,Батыс Қазақстан,,,29-34,6.4
2011,пайыз,Батыс Қазақстан,,,35-44,5.9
2011,пайыз,Батыс Қазақстан,,,45-54,5.2
2011,пайыз,Батыс Қазақстан,,,55-64,2.7
2011,пайыз,Жамбыл,,,16-24,5.6
2011,пайыз,Жамбыл,,,25-28,7.8
2011,пайыз,Жамбыл,,,29-34,6.6
2011,пайыз,Жамбыл,,,35-44,5.1
2011,пайыз,Жамбыл,,,45-54,3.7
2011,пайыз,Жамбыл,,,55-64,5.4
2011,пайыз,Қарағанды,,,16-24,5.0
2011,пайыз,Қарағанды,,,25-28,7.7
2011,пайыз,Қарағанды,,,29-34,5.2
2011,пайыз,Қарағанды,,,35-44,4.4
2011,пайыз,Қарағанды,,,45-54,6.0
2011,пайыз,Қарағанды,,,55-64,3.6
2011,пайыз,Қостанай,,,16-24,5.0
2011,пайыз,Қостанай,,,25-28,11.0
2011,пайыз,Қостанай,,,29-34,6.7
2011,пайыз,Қостанай,,,35-44,4.7
2011,пайыз,Қостанай,,,45-54,4.1
2011,пайыз,Қостанай,,,55-64,3.5
2011,пайыз,Қызылорда,,,16-24,6.8
2011,пайыз,Қызылорда,,,25-28,6.4
2011,пайыз,Қызылорда,,,29-34,4.9
2011,пайыз,Қызылорда,,,35-44,5.2
2011,пайыз,Қызылорда,,,45-54,4.3
2011,пайыз,Қызылорда,,,55-64,7.3
2011,пайыз,Маңғыстау,,,16-24,6.2
2011,пайыз,Маңғыстау,,,25-28,9.2
2011,пайыз,Маңғыстау,,,29-34,6.1
2011,пайыз,Маңғыстау,,,35-44,4.0
2011,пайыз,Маңғыстау,,,45-54,5.3
2011,пайыз,Маңғыстау,,,55-64,7.4
2011,пайыз,Оңтүстік Қазақстан,,,16-24,1.8
2011,пайыз,Оңтүстік Қазақстан,,,25-28,9.3
2011,пайыз,Оңтүстік Қазақстан,,,29-34,9.8
2011,пайыз,Оңтүстік Қазақстан,,,35-44,4.7
2011,пайыз,Оңтүстік Қазақстан,,,45-54,4.0
2011,пайыз,Оңтүстік Қазақстан,,,55-64,3.6
2011,пайыз,Павлодар,,,16-24,4.6
2011,пайыз,Павлодар,,,25-28,9.0
2011,пайыз,Павлодар,,,29-34,4.5
2011,пайыз,Павлодар,,,35-44,4.0
2011,пайыз,Павлодар,,,45-54,5.3
2011,пайыз,Павлодар,,,55-64,5.5
2011,пайыз,Солтүстік Қазақстан,,,16-24,5.8
2011,пайыз,Солтүстік Қазақстан,,,25-28,9.0
2011,пайыз,Солтүстік Қазақстан,,,29-34,6.4
2011,пайыз,Солтүстік Қазақстан,,,35-44,4.0
2011,пайыз,Солтүстік Қазақстан,,,45-54,5.1
2011,пайыз,Солтүстік Қазақстан,,,55-64,4.9
2011,пайыз,Шығыс Қазақстан,,,16-24,9.2
2011,пайыз,Шығыс Қазақстан,,,25-28,5.0
2011,пайыз,Шығыс Қазақстан,,,29-34,5.9
2011,пайыз,Шығыс Қазақстан,,,35-44,4.1
2011,пайыз,Шығыс Қазақстан,,,45-54,4.0
2011,пайыз,Шығыс Қазақстан,,,55-64,4.4
2011,пайыз,Нұр-Сұлтан қаласы,,,16-24,9.0
2011,пайыз,Нұр-Сұлтан қаласы,,,25-28,8.2
2011,пайыз,Нұр-Сұлтан қаласы,,,29-34,4.5
2011,пайыз,Нұр-Сұлтан қаласы,,,35-44,6.2
2011,пайыз,Нұр-Сұлтан қаласы,,,45-54,4.6
2011,пайыз,Нұр-Сұлтан қаласы,,,55-64,3.3
2011,пайыз,Алматы қаласы,,,16-24,6.6
2011,пайыз,Алматы қаласы,,,25-28,7.3
2011,пайыз,Алматы қаласы,,,29-34,5.6
2011,пайыз,Алматы қаласы,,,35-44,5.4
2011,пайыз,Алматы қаласы,,,45-54,4.9
2011,пайыз,Алматы қаласы,,,55-64,4.1
2012,пайыз,,,,,5.3
2012,пайыз,Ақмола,,,,5.3
2012,пайыз,Ақтөбе,,,,5.0
2012,пайыз,Алматы,,,,5.0
2012,пайыз,Атырау,,,,5.0
2012,пайыз,Батыс Қазақстан,,,,5.1
2012,пайыз,Жамбыл,,,,5.4
2012,пайыз,Қарағанды,,,,5.1
2012,пайыз,Қостанай,,,,5.2
2012,пайыз,Қызылорда,,,,5.3
2012,пайыз,Маңғыстау,,,,5.7
2012,пайыз,Оңтүстік Қазақстан,,,,5.6
2012,пайыз,Павлодар,,,,4.9
2012,пайыз,Солтүстік Қазақстан,,,,5.2
2012,пайыз,Шығыс Қазақстан,,,,5.1
2012,пайыз,Нұр-Сұлтан қаласы,,,,5.7
2012,пайыз,Алматы қаласы,,,,5.6
2012,пайыз,,,ерлер,,4.1
2012,пайыз,Ақмола,,ерлер,,4.0
2012,пайыз,Ақтөбе,,ерлер,,2.9
2012,пайыз,Алматы,,ерлер,,3.6
2012,пайыз,Атырау,,ерлер,,3.9
2012,пайыз,Батыс Қазақстан,,ерлер,,5.2
2012,пайыз,Жамбыл,,ерлер,,5.3
2012,пайыз,Қарағанды,,ерлер,,3.7
2012,пайыз,Қостанай,,ерлер,,4.2
2012,пайыз,Қызылорда,,ерлер,,4.0
2012,пайыз,Маңғыстау,,ерлер,,5.0
2012,пайыз,Оңтүстік Қазақстан,,ерлер,,4.4
2012,пайыз,Павлодар,,ерлер,,4.1
2012,пайыз,Солтүстік Қазақстан,,ерлер,,4.1
2012,пайыз,Шығыс Қазақстан,,ерлер,,4.5
2012,пайыз,Нұр-Сұлтан қаласы,,ерлер,,5.5
2012,пайыз,Алматы қаласы,,ерлер,,3.0
2012,пайыз,,,әйелдер,,6.5
2012,пайыз,Ақмола,,әйелдер,,6.6
2012,пайыз,Ақтөбе,,әйелдер,,6.9
2012,пайыз,Алматы,,әйелдер,,6.5
2012,пайыз,Атырау,,әйелдер,,6.1
2012,пайыз,Батыс Қазақстан,,әйелдер,,5.1
2012,пайыз,Жамбыл,,әйелдер,,5.6
2012,пайыз,Қарағанды,,әйелдер,,6.6
2012,пайыз,Қостанай,,әйелдер,,6.3
2012,пайыз,Қызылорда,,әйелдер,,6.8
2012,пайыз,Маңғыстау,,әйелдер,,6.5
2012,пайыз,Оңтүстік Қазақстан,,әйелдер,,7.0
2012,пайыз,Павлодар,,әйелдер,,5.8
2012,пайыз,Солтүстік Қазақстан,,әйелдер,,6.3
2012,пайыз,Шығыс Қазақстан,,әйелдер,,5.7
2012,пайыз,Нұр-Сұлтан қаласы,,әйелдер,,5.9
2012,пайыз,Алматы қаласы,,әйелдер,,8.0
2012,пайыз,,қала,,,5.6
2012,пайыз,Ақмола,қала,,,4.8
2012,пайыз,Ақтөбе,қала,,,5.4
2012,пайыз,Алматы,қала,,,4.4
2012,пайыз,Атырау,қала,,,4.4
2012,пайыз,Батыс Қазақстан,қала,,,5.0
2012,пайыз,Жамбыл,қала,,,6.8
2012,пайыз,Қарағанды,қала,,,5.1
2012,пайыз,Қостанай,қала,,,7.1
2012,пайыз,Қызылорда,қала,,,5.0
2012,пайыз,Маңғыстау,қала,,,4.8
2012,пайыз,Оңтүстік Қазақстан,қала,,,6.5
2012,пайыз,Павлодар,қала,,,5.5
2012,пайыз,Солтүстік Қазақстан,қала,,,5.6
2012,пайыз,Шығыс Қазақстан,қала,,,5.5
2012,пайыз,Нұр-Сұлтан қаласы,қала,,,5.7
2012,пайыз,Алматы қаласы,қала,,,5.6
2012,пайыз,,ауыл,,,5.0
2012,пайыз,Ақмола,ауыл,,,5.8
2012,пайыз,Ақтөбе,ауыл,,,4.2
2012,пайыз,Алматы,ауыл,,,5.2
2012,пайыз,Атырау,ауыл,,,5.5
2012,пайыз,Батыс Қазақстан,ауыл,,,5.2
2012,пайыз,Жамбыл,ауыл,,,4.6
2012,пайыз,Қарағанды,ауыл,,,5.3
2012,пайыз,Қостанай,ауыл,,,3.5
2012,пайыз,Қызылорда,ауыл,,,5.6
2012,пайыз,Маңғыстау,ауыл,,,6.7
2012,пайыз,Оңтүстік Қазақстан,ауыл,,,5.1
2012,пайыз,Павлодар,ауыл,,,3.9
2012,пайыз,Солтүстік Қазақстан,ауыл,,,5.0
2012,пайыз,Шығыс Қазақстан,ауыл,,,4.5
2012,пайыз,,,,16-24,4.0
2012,пайыз,,,,25-28,7.0
2012,пайыз,,,,29-34,6.0
2012,пайыз,,,,35-44,5.1
2012,пайыз,,,,45-54,4.9
2012,пайыз,,,,55-64,5.1
2012,пайыз,Ақмола,,,16-24,3.7
2012,пайыз,Ақмола,,,25-28,7.0
2012,пайыз,Ақмола,,,29-34,7.4
2012,пайыз,Ақмола,,,35-44,4.8
2012,пайыз,Ақмола,,,45-54,4.3
2012,пайыз,Ақмола,,,55-64,6.0
2012,пайыз,Ақтөбе,,,16-24,2.3
2012,пайыз,Ақтөбе,,,25-28,6.8
2012,пайыз,Ақтөбе,,,29-34,7.2
2012,пайыз,Ақтөбе,,,35-44,4.0
2012,пайыз,Ақтөбе,,,45-54,4.1
2012,пайыз,Ақтөбе,,,55-64,3.8
2012,пайыз,Алматы,,,16-24,1.9
2012,пайыз,Алматы,,,25-28,6.0
2012,пайыз,Алматы,,,29-34,4.7
2012,пайыз,Алматы,,,35-44,6.3
2012,пайыз,Алматы,,,45-54,5.4
2012,пайыз,Алматы,,,55-64,6.5
2012,пайыз,Атырау,,,16-24,1.0
2012,пайыз,Атырау,,,25-28,6.8
2012,пайыз,Атырау,,,29-34,5.9
2012,пайыз,Атырау,,,35-44,3.5
2012,пайыз,Атырау,,,45-54,5.8
2012,пайыз,Атырау,,,55-64,10.3
2012,пайыз,Батыс Қазақстан,,,16-24,5.0
2012,пайыз,Батыс Қазақстан,,,25-28,9.2
2012,пайыз,Батыс Қазақстан,,,29-34,6.7
2012,пайыз,Батыс Қазақстан,,,35-44,4.5
2012,пайыз,Батыс Қазақстан,,,45-54,3.9
2012,пайыз,Батыс Қазақстан,,,55-64,4.8
2012,пайыз,Жамбыл,,,16-24,5.6
2012,пайыз,Жамбыл,,,25-28,10.9
2012,пайыз,Жамбыл,,,29-34,2.8
2012,пайыз,Жамбыл,,,35-44,3.7
2012,пайыз,Жамбыл,,,45-54,3.8
2012,пайыз,Жамбыл,,,55-64,9.6
2012,пайыз,Қарағанды,,,16-24,4.8
2012,пайыз,Қарағанды,,,25-28,5.4
2012,пайыз,Қарағанды,,,29-34,6.2
2012,пайыз,Қарағанды,,,35-44,5.6
2012,пайыз,Қарағанды,,,45-54,5.6
2012,пайыз,Қарағанды,,,55-64,2.1
2012,пайыз,Қостанай,,,16-24,5.2
2012,пайыз,Қостанай,,,25-28,7.3
2012,пайыз,Қостанай,,,29-34,5.7
2012,пайыз,Қостанай,,,35-44,6.8
2012,пайыз,Қостанай,,,45-54,4.5
2012,пайыз,Қостанай,,,55-64,2.5
2012,пайыз,Қызылорда,,,16-24,6.9
2012,пайыз,Қызылорда,,,25-28,5.9
2012,пайыз,Қызылорда,,,29-34,5.5
2012,пайыз,Қызылорда,,,35-44,4.9
2012,пайыз,Қызылорда,,,45-54,3.9
2012,пайыз,Қызылорда,,,55-64,7.2
2012,пайыз,Маңғыстау,,,16-24,4.3
2012,пайыз,Маңғыстау,,,25-28,4.8
2012,пайыз,Маңғыстау,,,29-34,9.5
2012,пайыз,Маңғыстау,,,35-44,4.5
2012,пайыз,Маңғыстау,,,45-54,4.5
2012,пайыз,Маңғыстау,,,55-64,4.4
2012,пайыз,Оңтүстік Қазақстан,,,16-24,0.9
2012,пайыз,Оңтүстік Қазақстан,,,25-28,9.3
2012,пайыз,Оңтүстік Қазақстан,,,29-34,8.2
2012,пайыз,Оңтүстік Қазақстан,,,35-44,4.8
2012,пайыз,Оңтүстік Қазақстан,,,45-54,5.8
2012,пайыз,Оңтүстік Қазақстан,,,55-64,3.6
2012,пайыз,Павлодар,,,16-24,4.1
2012,пайыз,Павлодар,,,25-28,6.2
2012,пайыз,Павлодар,,,29-34,2.9
2012,пайыз,Павлодар,,,35-44,4.6
2012,пайыз,Павлодар,,,45-54,5.4
2012,пайыз,Павлодар,,,55-64,7.6
2012,пайыз,Солтүстік Қазақстан,,,16-24,4.3
2012,пайыз,Солтүстік Қазақстан,,,25-28,8.9
2012,пайыз,Солтүстік Қазақстан,,,29-34,3.9
2012,пайыз,Солтүстік Қазақстан,,,35-44,5.9
2012,пайыз,Солтүстік Қазақстан,,,45-54,5.0
2012,пайыз,Солтүстік Қазақстан,,,55-64,4.8
2012,пайыз,Шығыс Қазақстан,,,16-24,5.7
2012,пайыз,Шығыс Қазақстан,,,25-28,6.3
2012,пайыз,Шығыс Қазақстан,,,29-34,8.7
2012,пайыз,Шығыс Қазақстан,,,35-44,4.5
2012,пайыз,Шығыс Қазақстан,,,45-54,3.0
2012,пайыз,Шығыс Қазақстан,,,55-64,2.5
2012,пайыз,Нұр-Сұлтан қаласы,,,16-24,8.9
2012,пайыз,Нұр-Сұлтан қаласы,,,25-28,5.2
2012,пайыз,Нұр-Сұлтан қаласы,,,29-34,5.9
2012,пайыз,Нұр-Сұлтан қаласы,,,35-44,4.3
2012,пайыз,Нұр-Сұлтан қаласы,,,45-54,5.3
2012,пайыз,Нұр-Сұлтан қаласы,,,55-64,4.7
2012,пайыз,Алматы қаласы,,,16-24,6.0
2012,пайыз,Алматы қаласы,,,25-28,4.9
2012,пайыз,Алматы қаласы,,,29-34,3.7
2012,пайыз,Алматы қаласы,,,35-44,6.8
2012,пайыз,Алматы қаласы,,,45-54,6.7
2012,пайыз,Алматы қаласы,,,55-64,5.6
2013,пайыз,,,,,5.2
2013,пайыз,Ақмола,,,,5.2
2013,пайыз,Ақтөбе,,,,4.9
2013,пайыз,Алматы,,,,4.9
2013,пайыз,Атырау,,,,5.0
2013,пайыз,Батыс Қазақстан,,,,5.1
2013,пайыз,Жамбыл,,,,5.2
2013,пайыз,Қарағанды,,,,5.0
2013,пайыз,Қостанай,,,,5.2
2013,пайыз,Қызылорда,,,,5.2
2013,пайыз,Маңғыстау,,,,5.5
2013,пайыз,Оңтүстік Қазақстан,,,,5.5
2013,пайыз,Павлодар,,,,5.0
2013,пайыз,Солтүстік Қазақстан,,,,5.1
2013,пайыз,Шығыс Қазақстан,,,,5.1
2013,пайыз,Нұр-Сұлтан қаласы,,,,5.5
2013,пайыз,Алматы қаласы,,,,5.6
2013,пайыз,,,ерлер,,4.6
2013,пайыз,Ақмола,,ерлер,,4.7
2013,пайыз,Ақтөбе,,ерлер,,3.3
2013,пайыз,Алматы,,ерлер,,5.9
2013,пайыз,Атырау,,ерлер,,4.7
2013,пайыз,Батыс Қазақстан,,ерлер,,4.2
2013,пайыз,Жамбыл,,ерлер,,5.1
2013,пайыз,Қарағанды,,ерлер,,4.8
2013,пайыз,Қостанай,,ерлер,,4.4
2013,пайыз,Қызылорда,,ерлер,,4.1
2013,пайыз,Маңғыстау,,ерлер,,2.7
2013,пайыз,Оңтүстік Қазақстан,,ерлер,,3.9
2013,пайыз,Павлодар,,ерлер,,4.2
2013,пайыз,Солтүстік Қазақстан,,ерлер,,5.1
2013,пайыз,Шығыс Қазақстан,,ерлер,,4.7
2013,пайыз,Нұр-Сұлтан қаласы,,ерлер,,4.7
2013,пайыз,Алматы қаласы,,ерлер,,4.7
2013,пайыз,,,әйелдер,,5.9
2013,пайыз,Ақмола,,әйелдер,,5.6
2013,пайыз,Ақтөбе,,әйелдер,,6.6
2013,пайыз,Алматы,,әйелдер,,3.9
2013,пайыз,Атырау,,әйелдер,,5.3
2013,пайыз,Батыс Қазақстан,,әйелдер,,6.0
2013,пайыз,Жамбыл,,әйелдер,,5.3
2013,пайыз,Қарағанды,,әйелдер,,5.2
2013,пайыз,Қостанай,,әйелдер,,5.9
2013,пайыз,Қызылорда,,әйелдер,,6.4
2013,пайыз,Маңғыстау,,әйелдер,,8.8
2013,пайыз,Оңтүстік Қазақстан,,әйелдер,,7.4
2013,пайыз,Павлодар,,әйелдер,,5.8
2013,пайыз,Солтүстік Қазақстан,,әйелдер,,5.1
2013,пайыз,Шығыс Қазақстан,,әйелдер,,5.4
2013,пайыз,Нұр-Сұлтан қаласы,,әйелдер,,6.3
2013,пайыз,Алматы қаласы,,әйелдер,,6.5
2013,пайыз,,қала,,,5.4
2013,пайыз,Ақмола,қала,,,4.8
2013,пайыз,Ақтөбе,қала,,,5.4
2013,пайыз,Алматы,қала,,,4.7
2013,пайыз,Атырау,қала,,,4.7
2013,пайыз,Батыс Қазақстан,қала,,,4.9
2013,пайыз,Жамбыл,қала,,,6.5
2013,пайыз,Қарағанды,қала,,,4.9
2013,пайыз,Қостанай,қала,,,6.7
2013,пайыз,Қызылорда,қала,,,5.0
2013,пайыз,Маңғыстау,қала,,,4.9
2013,пайыз,Оңтүстік Қазақстан,қала,,,6.1
2013,пайыз,Павлодар,қала,,,5.4
2013,пайыз,Солтүстік Қазақстан,қала,,,5.1
2013,пайыз,Шығыс Қазақстан,қала,,,5.4
2013,пайыз,Нұр-Сұлтан қаласы,қала,,,5.5
2013,пайыз,Алматы қаласы,қала,,,5.6
2013,пайыз,,ауыл,,,4.9
2013,пайыз,Ақмола,ауыл,,,5.5
2013,пайыз,Ақтөбе,ауыл,,,4.2
2013,пайыз,Алматы,ауыл,,,5.0
2013,пайыз,Атырау,ауыл,,,5.3
2013,пайыз,Батыс Қазақстан,ауыл,,,5.2
2013,пайыз,Жамбыл,ауыл,,,4.4
2013,пайыз,Қарағанды,ауыл,,,5.2
2013,пайыз,Қостанай,ауыл,,,3.7
2013,пайыз,Қызылорда,ауыл,,,5.3
2013,пайыз,Маңғыстау,ауыл,,,6.3
2013,пайыз,Оңтүстік Қазақстан,ауыл,,,5.2
2013,пайыз,Павлодар,ауыл,,,4.2
2013,пайыз,Солтүстік Қазақстан,ауыл,,,5.0
2013,пайыз,Шығыс Қазақстан,ауыл,,,4.6
2013,пайыз,,,,16-24,3.9
2013,пайыз,,,,25-28,7.1
2013,пайыз,,,,29-34,7.0
2013,пайыз,,,,35-44,4.8
2013,пайыз,,,,45-54,4.3
2013,пайыз,,,,55-64,4.2
2013,пайыз,Ақмола,,,16-24,3.8
2013,пайыз,Ақмола,,,25-28,6.6
2013,пайыз,Ақмола,,,29-34,3.5
2013,пайыз,Ақмола,,,35-44,5.9
2013,пайыз,Ақмола,,,45-54,4.6
2013,пайыз,Ақмола,,,55-64,6.9
2013,пайыз,Ақтөбе,,,16-24,2.5
2013,пайыз,Ақтөбе,,,25-28,3.8
2013,пайыз,Ақтөбе,,,29-34,4.8
2013,пайыз,Ақтөбе,,,35-44,6.2
2013,пайыз,Ақтөбе,,,45-54,7.0
2013,пайыз,Ақтөбе,,,55-64,0.4
2013,пайыз,Алматы,,,16-24,2.4
2013,пайыз,Алматы,,,25-28,11.6
2013,пайыз,Алматы,,,29-34,11.7
2013,пайыз,Алматы,,,35-44,2.2
2013,пайыз,Алматы,,,45-54,1.7
2013,пайыз,Алматы,,,55-64,0.1
2013,пайыз,Атырау,,,16-24,1.0
2013,пайыз,Атырау,,,25-28,6.8
2013,пайыз,Атырау,,,29-34,6.8
2013,пайыз,Атырау,,,35-44,4.1
2013,пайыз,Атырау,,,45-54,6.4
2013,пайыз,Атырау,,,55-64,5.6
2013,пайыз,Батыс Қазақстан,,,16-24,4.5
2013,пайыз,Батыс Қазақстан,,,25-28,5.5
2013,пайыз,Батыс Қазақстан,,,29-34,6.5
2013,пайыз,Батыс Қазақстан,,,35-44,5.6
2013,пайыз,Батыс Қазақстан,,,45-54,4.7
2013,пайыз,Батыс Қазақстан,,,55-64,3.7
2013,пайыз,Жамбыл,,,16-24,5.2
2013,пайыз,Жамбыл,,,25-28,9.4
2013,пайыз,Жамбыл,,,29-34,3.2
2013,пайыз,Жамбыл,,,35-44,3.7
2013,пайыз,Жамбыл,,,45-54,3.4
2013,пайыз,Жамбыл,,,55-64,9.3
2013,пайыз,Қарағанды,,,16-24,5.2
2013,пайыз,Қарағанды,,,25-28,3.6
2013,пайыз,Қарағанды,,,29-34,8.3
2013,пайыз,Қарағанды,,,35-44,5.1
2013,пайыз,Қарағанды,,,45-54,4.0
2013,пайыз,Қарағанды,,,55-64,3.1
2013,пайыз,Қостанай,,,16-24,4.6
2013,пайыз,Қостанай,,,25-28,2.8
2013,пайыз,Қостанай,,,29-34,6.5
2013,пайыз,Қостанай,,,35-44,5.8
2013,пайыз,Қостанай,,,45-54,6.2
2013,пайыз,Қостанай,,,55-64,3.3
2013,пайыз,Қызылорда,,,16-24,6.7
2013,пайыз,Қызылорда,,,25-28,6.8
2013,пайыз,Қызылорда,,,29-34,4.6
2013,пайыз,Қызылорда,,,35-44,4.6
2013,пайыз,Қызылорда,,,45-54,4.5
2013,пайыз,Қызылорда,,,55-64,3.9
2013,пайыз,Маңғыстау,,,16-24,7.9
2013,пайыз,Маңғыстау,,,25-28,7.1
2013,пайыз,Маңғыстау,,,29-34,4.1
2013,пайыз,Маңғыстау,,,35-44,3.4
2013,пайыз,Маңғыстау,,,45-54,6.7
2013,пайыз,Маңғыстау,,,55-64,7.1
2013,пайыз,Оңтүстік Қазақстан,,,16-24,1.0
2013,пайыз,Оңтүстік Қазақстан,,,25-28,5.4
2013,пайыз,Оңтүстік Қазақстан,,,29-34,10.4
2013,пайыз,Оңтүстік Қазақстан,,,35-44,4.6
2013,пайыз,Оңтүстік Қазақстан,,,45-54,4.8
2013,пайыз,Оңтүстік Қазақстан,,,55-64,5.1
2013,пайыз,Павлодар,,,16-24,3.6
2013,пайыз,Павлодар,,,25-28,7.6
2013,пайыз,Павлодар,,,29-34,4.7
2013,пайыз,Павлодар,,,35-44,4.4
2013,пайыз,Павлодар,,,45-54,4.9
2013,пайыз,Павлодар,,,55-64,5.5
2013,пайыз,Солтүстік Қазақстан,,,16-24,3.7
2013,пайыз,Солтүстік Қазақстан,,,25-28,12.1
2013,пайыз,Солтүстік Қазақстан,,,29-34,5.6
2013,пайыз,Солтүстік Қазақстан,,,35-44,5.9
2013,пайыз,Солтүстік Қазақстан,,,45-54,3.4
2013,пайыз,Солтүстік Қазақстан,,,55-64,3.1
2013,пайыз,Шығыс Қазақстан,,,16-24,3.7
2013,пайыз,Шығыс Қазақстан,,,25-28,8.3
2013,пайыз,Шығыс Қазақстан,,,29-34,8.6
2013,пайыз,Шығыс Қазақстан,,,35-44,4.7
2013,пайыз,Шығыс Қазақстан,,,45-54,2.7
2013,пайыз,Шығыс Қазақстан,,,55-64,2.5
2013,пайыз,Нұр-Сұлтан қаласы,,,16-24,7.7
2013,пайыз,Нұр-Сұлтан қаласы,,,25-28,2.9
2013,пайыз,Нұр-Сұлтан қаласы,,,29-34,3.0
2013,пайыз,Нұр-Сұлтан қаласы,,,35-44,8.2
2013,пайыз,Нұр-Сұлтан қаласы,,,45-54,5.9
2013,пайыз,Нұр-Сұлтан қаласы,,,55-64,6.4
2013,пайыз,Алматы қаласы,,,16-24,5.9
2013,пайыз,Алматы қаласы,,,25-28,10.0
2013,пайыз,Алматы қаласы,,,29-34,4.9
2013,пайыз,Алматы қаласы,,,35-44,5.4
2013,пайыз,Алматы қаласы,,,45-54,3.6
2013,пайыз,Алматы қаласы,,,55-64,4.1
2014,пайыз,,,,,5.0
2014,пайыз,Ақмола,,,,4.9
2014,пайыз,Ақтөбе,,,,4.9
2014,пайыз,Алматы,,,,4.9
2014,пайыз,Атырау,,,,5.0
2014,пайыз,Батыс Қазақстан,,,,5.0
2014,пайыз,Жамбыл,,,,4.9
2014,пайыз,Қарағанды,,,,4.9
2014,пайыз,Қостанай,,,,5.0
2014,пайыз,Қызылорда,,,,5.0
2014,пайыз,Маңғыстау,,,,5.0
2014,пайыз,Оңтүстік Қазақстан,,,,5.4
2014,пайыз,Павлодар,,,,4.8
2014,пайыз,Солтүстік Қазақстан,,,,5.0
2014,пайыз,Шығыс Қазақстан,,,,4.8
2014,пайыз,Нұр-Сұлтан қаласы,,,,5.1
2014,пайыз,Алматы қаласы,,,,5.5
2014,пайыз,,,ерлер,,4.3
2014,пайыз,Ақмола,,ерлер,,4.6
2014,пайыз,Ақтөбе,,ерлер,,3.8
2014,пайыз,Алматы,,ерлер,,4.0
2014,пайыз,Атырау,,ерлер,,5.2
2014,пайыз,Батыс Қазақстан,,ерлер,,4.5
2014,пайыз,Жамбыл,,ерлер,,4.0
2014,пайыз,Қарағанды,,ерлер,,3.6
2014,пайыз,Қостанай,,ерлер,,5.1
2014,пайыз,Қызылорда,,ерлер,,4.5
2014,пайыз,Маңғыстау,,ерлер,,3.9
2014,пайыз,Оңтүстік Қазақстан,,ерлер,,4.5
2014,пайыз,Павлодар,,ерлер,,4.5
2014,пайыз,Солтүстік Қазақстан,,ерлер,,4.9
2014,пайыз,Шығыс Қазақстан,,ерлер,,3.3
2014,пайыз,Нұр-Сұлтан қаласы,,ерлер,,5.0
2014,пайыз,Алматы қаласы,,ерлер,,4.5
2014,пайыз,,,әйелдер,,5.8
2014,пайыз,Ақмола,,әйелдер,,5.3
2014,пайыз,Ақтөбе,,әйелдер,,6.0
2014,пайыз,Алматы,,әйелдер,,5.9
2014,пайыз,Атырау,,әйелдер,,4.9
2014,пайыз,Батыс Қазақстан,,әйелдер,,5.6
2014,пайыз,Жамбыл,,әйелдер,,5.9
2014,пайыз,Қарағанды,,әйелдер,,6.2
2014,пайыз,Қостанай,,әйелдер,,5.0
2014,пайыз,Қызылорда,,әйелдер,,5.7
2014,пайыз,Маңғыстау,,әйелдер,,6.3
2014,пайыз,Оңтүстік Қазақстан,,әйелдер,,6.4
2014,пайыз,Павлодар,,әйелдер,,5.0
2014,пайыз,Солтүстік Қазақстан,,әйелдер,,5.1
2014,пайыз,Шығыс Қазақстан,,әйелдер,,6.3
2014,пайыз,Нұр-Сұлтан қаласы,,әйелдер,,5.1
2014,пайыз,Алматы қаласы,,әйелдер,,6.5
2014,пайыз,,қала,,,5.2
2014,пайыз,Ақмола,қала,,,4.6
2014,пайыз,Ақтөбе,қала,,,5.1
2014,пайыз,Алматы,қала,,,5.0
2014,пайыз,Атырау,қала,,,4.4
2014,пайыз,Батыс Қазақстан,қала,,,4.9
2014,пайыз,Жамбыл,қала,,,6.0
2014,пайыз,Қарағанды,қала,,,5.1
2014,пайыз,Қостанай,қала,,,6.0
2014,пайыз,Қызылорда,қала,,,4.7
2014,пайыз,Маңғыстау,қала,,,4.5
2014,пайыз,Оңтүстік Қазақстан,қала,,,5.7
2014,пайыз,Павлодар,қала,,,5.0
2014,пайыз,Солтүстік Қазақстан,қала,,,4.7
2014,пайыз,Шығыс Қазақстан,қала,,,4.8
2014,пайыз,Нұр-Сұлтан қаласы,қала,,,5.1
2014,пайыз,Алматы қаласы,қала,,,5.5
2014,пайыз,,ауыл,,,4.9
2014,пайыз,Ақмола,ауыл,,,5.3
2014,пайыз,Ақтөбе,ауыл,,,4.5
2014,пайыз,Алматы,ауыл,,,4.8
2014,пайыз,Атырау,ауыл,,,5.6
2014,пайыз,Батыс Қазақстан,ауыл,,,5.1
2014,пайыз,Жамбыл,ауыл,,,4.1
2014,пайыз,Қарағанды,ауыл,,,4.1
2014,пайыз,Қостанай,ауыл,,,4.0
2014,пайыз,Қызылорда,ауыл,,,5.2
2014,пайыз,Маңғыстау,ауыл,,,5.6
2014,пайыз,Оңтүстік Қазақстан,ауыл,,,5.3
2014,пайыз,Павлодар,ауыл,,,4.2
2014,пайыз,Солтүстік Қазақстан,ауыл,,,5.2
2014,пайыз,Шығыс Қазақстан,ауыл,,,4.7
2014,пайыз,,,,16-24,3.8
2014,пайыз,,,,25-28,4.7
2014,пайыз,,,,29-34,7.4
2014,пайыз,,,,35-44,4.6
2014,пайыз,,,,45-54,4.6
2014,пайыз,,,,55-64,5.1
2014,пайыз,Ақмола,,,16-24,3.8
2014,пайыз,Ақмола,,,25-28,2.2
2014,пайыз,Ақмола,,,29-34,5.9
2014,пайыз,Ақмола,,,35-44,4.9
2014,пайыз,Ақмола,,,45-54,6.2
2014,пайыз,Ақмола,,,55-64,5.5
2014,пайыз,Ақтөбе,,,16-24,3.0
2014,пайыз,Ақтөбе,,,25-28,3.3
2014,пайыз,Ақтөбе,,,29-34,6.1
2014,пайыз,Ақтөбе,,,35-44,6.1
2014,пайыз,Ақтөбе,,,45-54,5.3
2014,пайыз,Ақтөбе,,,55-64,1.8
2014,пайыз,Алматы,,,16-24,3.0
2014,пайыз,Алматы,,,25-28,3.5
2014,пайыз,Алматы,,,29-34,9.4
2014,пайыз,Алматы,,,35-44,4.6
2014,пайыз,Алматы,,,45-54,4.2
2014,пайыз,Алматы,,,55-64,8.0
2014,пайыз,Атырау,,,16-24,1.3
2014,пайыз,Атырау,,,25-28,4.9
2014,пайыз,Атырау,,,29-34,6.2
2014,пайыз,Атырау,,,35-44,5.6
2014,пайыз,Атырау,,,45-54,5.5
2014,пайыз,Атырау,,,55-64,5.8
2014,пайыз,Батыс Қазақстан,,,16-24,4.1
2014,пайыз,Батыс Қазақстан,,,25-28,4.7
2014,пайыз,Батыс Қазақстан,,,29-34,7.4
2014,пайыз,Батыс Қазақстан,,,35-44,4.4
2014,пайыз,Батыс Қазақстан,,,45-54,5.5
2014,пайыз,Батыс Қазақстан,,,55-64,4.6
2014,пайыз,Жамбыл,,,16-24,4.8
2014,пайыз,Жамбыл,,,25-28,5.7
2014,пайыз,Жамбыл,,,29-34,5.9
2014,пайыз,Жамбыл,,,35-44,3.4
2014,пайыз,Жамбыл,,,45-54,4.6
2014,пайыз,Жамбыл,,,55-64,7.2
2014,пайыз,Қарағанды,,,16-24,5.1
2014,пайыз,Қарағанды,,,25-28,3.6
2014,пайыз,Қарағанды,,,29-34,6.9
2014,пайыз,Қарағанды,,,35-44,4.8
2014,пайыз,Қарағанды,,,45-54,4.8
2014,пайыз,Қарағанды,,,55-64,3.3
2014,пайыз,Қостанай,,,16-24,3.8
2014,пайыз,Қостанай,,,25-28,3.5
2014,пайыз,Қостанай,,,29-34,10.0
2014,пайыз,Қостанай,,,35-44,5.2
2014,пайыз,Қостанай,,,45-54,3.6
2014,пайыз,Қостанай,,,55-64,2.5
2014,пайыз,Қызылорда,,,16-24,5.8
2014,пайыз,Қызылорда,,,25-28,3.9
2014,пайыз,Қызылорда,,,29-34,7.3
2014,пайыз,Қызылорда,,,35-44,5.0
2014,пайыз,Қызылорда,,,45-54,3.6
2014,пайыз,Қызылорда,,,55-64,2.6
2014,пайыз,Маңғыстау,,,16-24,6.4
2014,пайыз,Маңғыстау,,,25-28,4.9
2014,пайыз,Маңғыстау,,,29-34,9.4
2014,пайыз,Маңғыстау,,,35-44,2.5
2014,пайыз,Маңғыстау,,,45-54,2.3
2014,пайыз,Маңғыстау,,,55-64,5.1
2014,пайыз,Оңтүстік Қазақстан,,,16-24,1.5
2014,пайыз,Оңтүстік Қазақстан,,,25-28,4.1
2014,пайыз,Оңтүстік Қазақстан,,,29-34,9.8
2014,пайыз,Оңтүстік Қазақстан,,,35-44,4.9
2014,пайыз,Оңтүстік Қазақстан,,,45-54,5.9
2014,пайыз,Оңтүстік Қазақстан,,,55-64,4.7
2014,пайыз,Павлодар,,,16-24,2.3
2014,пайыз,Павлодар,,,25-28,3.0
2014,пайыз,Павлодар,,,29-34,6.7
2014,пайыз,Павлодар,,,35-44,4.4
2014,пайыз,Павлодар,,,45-54,5.5
2014,пайыз,Павлодар,,,55-64,5.2
2014,пайыз,Солтүстік Қазақстан,,,16-24,5.0
2014,пайыз,Солтүстік Қазақстан,,,25-28,2.7
2014,пайыз,Солтүстік Қазақстан,,,29-34,8.8
2014,пайыз,Солтүстік Қазақстан,,,35-44,5.7
2014,пайыз,Солтүстік Қазақстан,,,45-54,4.0
2014,пайыз,Солтүстік Қазақстан,,,55-64,3.3
2014,пайыз,Шығыс Қазақстан,,,16-24,3.9
2014,пайыз,Шығыс Қазақстан,,,25-28,4.8
2014,пайыз,Шығыс Қазақстан,,,29-34,7.9
2014,пайыз,Шығыс Қазақстан,,,35-44,4.2
2014,пайыз,Шығыс Қазақстан,,,45-54,3.4
2014,пайыз,Шығыс Қазақстан,,,55-64,4.2
2014,пайыз,Нұр-Сұлтан қаласы,,,16-24,8.0
2014,пайыз,Нұр-Сұлтан қаласы,,,25-28,5.3
2014,пайыз,Нұр-Сұлтан қаласы,,,29-34,4.4
2014,пайыз,Нұр-Сұлтан қаласы,,,35-44,5.0
2014,пайыз,Нұр-Сұлтан қаласы,,,45-54,4.3
2014,пайыз,Нұр-Сұлтан қаласы,,,55-64,3.6
2014,пайыз,Алматы қаласы,,,16-24,5.6
2014,пайыз,Алматы қаласы,,,25-28,12.7
2014,пайыз,Алматы қаласы,,,29-34,4.5
2014,пайыз,Алматы қаласы,,,35-44,3.4
2014,пайыз,Алматы қаласы,,,45-54,4.0
2014,пайыз,Алматы қаласы,,,55-64,9.1
2015,пайыз,,,,,5.1
2015,пайыз,Ақмола,,,,5.1
2015,пайыз,Ақтөбе,,,,5.1
2015,пайыз,Алматы,,,,5.0
2015,пайыз,Атырау,,,,5.0
2015,пайыз,Батыс Қазақстан,,,,5.1
2015,пайыз,Жамбыл,,,,5.1
2015,пайыз,Қарағанды,,,,5.3
2015,пайыз,Қостанай,,,,5.1
2015,пайыз,Қызылорда,,,,5.1
2015,пайыз,Маңғыстау,,,,5.1
2015,пайыз,Оңтүстік Қазақстан,,,,5.3
2015,пайыз,Павлодар,,,,4.9
2015,пайыз,Солтүстік Қазақстан,,,,5.1
2015,пайыз,Шығыс Қазақстан,,,,5.0
2015,пайыз,Нұр-Сұлтан қаласы,,,,4.7
2015,пайыз,Алматы қаласы,,,,5.3
2015,пайыз,,,ерлер,,4.4
2015,пайыз,Ақмола,,ерлер,,5.0
2015,пайыз,Ақтөбе,,ерлер,,4.3
2015,пайыз,Алматы,,ерлер,,4.0
2015,пайыз,Атырау,,ерлер,,5.4
2015,пайыз,Батыс Қазақстан,,ерлер,,4.3
2015,пайыз,Жамбыл,,ерлер,,4.1
2015,пайыз,Қарағанды,,ерлер,,3.8
2015,пайыз,Қостанай,,ерлер,,4.5
2015,пайыз,Қызылорда,,ерлер,,4.7
2015,пайыз,Маңғыстау,,ерлер,,2.6
2015,пайыз,Оңтүстік Қазақстан,,ерлер,,4.7
2015,пайыз,Павлодар,,ерлер,,4.7
2015,пайыз,Солтүстік Қазақстан,,ерлер,,4.4
2015,пайыз,Шығыс Қазақстан,,ерлер,,4.3
2015,пайыз,Нұр-Сұлтан қаласы,,ерлер,,4.1
2015,пайыз,Алматы қаласы,,ерлер,,4.8
2015,пайыз,,,әйелдер,,5.9
2015,пайыз,Ақмола,,әйелдер,,5.1
2015,пайыз,Ақтөбе,,әйелдер,,6.0
2015,пайыз,Алматы,,әйелдер,,6.1
2015,пайыз,Атырау,,әйелдер,,4.7
2015,пайыз,Батыс Қазақстан,,әйелдер,,6.0
2015,пайыз,Жамбыл,,әйелдер,,6.1
2015,пайыз,Қарағанды,,әйелдер,,6.9
2015,пайыз,Қостанай,,әйелдер,,5.7
2015,пайыз,Қызылорда,,әйелдер,,5.6
2015,пайыз,Маңғыстау,,әйелдер,,7.9
2015,пайыз,Оңтүстік Қазақстан,,әйелдер,,6.1
2015,пайыз,Павлодар,,әйелдер,,5.1
2015,пайыз,Солтүстік Қазақстан,,әйелдер,,5.8
2015,пайыз,Шығыс Қазақстан,,әйелдер,,5.8
2015,пайыз,Нұр-Сұлтан қаласы,,әйелдер,,5.3
2015,пайыз,Алматы қаласы,,әйелдер,,5.6
2015,пайыз,,қала,,,5.0
2015,пайыз,Ақмола,қала,,,4.5
2015,пайыз,Ақтөбе,қала,,,4.9
2015,пайыз,Алматы,қала,,,5.0
2015,пайыз,Атырау,қала,,,4.1
2015,пайыз,Батыс Қазақстан,қала,,,4.8
2015,пайыз,Жамбыл,қала,,,5.7
2015,пайыз,Қарағанды,қала,,,5.1
2015,пайыз,Қостанай,қала,,,5.6
2015,пайыз,Қызылорда,қала,,,4.8
2015,пайыз,Маңғыстау,қала,,,4.5
2015,пайыз,Оңтүстік Қазақстан,қала,,,5.2
2015,пайыз,Павлодар,қала,,,5.0
2015,пайыз,Солтүстік Қазақстан,қала,,,4.5
2015,пайыз,Шығыс Қазақстан,қала,,,5.1
2015,пайыз,Нұр-Сұлтан қаласы,қала,,,4.7
2015,пайыз,Алматы қаласы,қала,,,5.3
2015,пайыз,,ауыл,,,4.9
2015,пайыз,Ақмола,ауыл,,,5.2
2015,пайыз,Ақтөбе,ауыл,,,4.9
2015,пайыз,Алматы,ауыл,,,4.7
2015,пайыз,Атырау,ауыл,,,6.0
2015,пайыз,Батыс Қазақстан,ауыл,,,5.0
2015,пайыз,Жамбыл,ауыл,,,4.5
2015,пайыз,Қарағанды,ауыл,,,4.2
2015,пайыз,Қостанай,ауыл,,,4.2
2015,пайыз,Қызылорда,ауыл,,,5.1
2015,пайыз,Маңғыстау,ауыл,,,5.8
2015,пайыз,Оңтүстік Қазақстан,ауыл,,,5.3
2015,пайыз,Павлодар,ауыл,,,4.2
2015,пайыз,Солтүстік Қазақстан,ауыл,,,5.2
2015,пайыз,Шығыс Қазақстан,ауыл,,,4.6
2015,пайыз,,,,16-24,4.2
2015,пайыз,,,,25-28,4.6
2015,пайыз,,,,29-34,7.6
2015,пайыз,,,,35-44,4.5
2015,пайыз,,,,45-54,4.6
2015,пайыз,,,,55-64,5.4
2015,пайыз,Ақмола,,,16-24,3.6
2015,пайыз,Ақмола,,,25-28,2.7
2015,пайыз,Ақмола,,,29-34,6.0
2015,пайыз,Ақмола,,,35-44,5.3
2015,пайыз,Ақмола,,,45-54,5.8
2015,пайыз,Ақмола,,,55-64,5.8
2015,пайыз,Ақтөбе,,,16-24,3.5
2015,пайыз,Ақтөбе,,,25-28,3.0
2015,пайыз,Ақтөбе,,,29-34,7.8
2015,пайыз,Ақтөбе,,,35-44,5.1
2015,пайыз,Ақтөбе,,,45-54,4.2
2015,пайыз,Ақтөбе,,,55-64,5.9
2015,пайыз,Алматы,,,16-24,2.7
2015,пайыз,Алматы,,,25-28,2.4
2015,пайыз,Алматы,,,29-34,7.7
2015,пайыз,Алматы,,,35-44,5.2
2015,пайыз,Алматы,,,45-54,5.0
2015,пайыз,Алматы,,,55-64,9.3
2015,пайыз,Атырау,,,16-24,1.4
2015,пайыз,Атырау,,,25-28,3.9
2015,пайыз,Атырау,,,29-34,5.8
2015,пайыз,Атырау,,,35-44,4.4
2015,пайыз,Атырау,,,45-54,5.1
2015,пайыз,Атырау,,,55-64,11.9
2015,пайыз,Батыс Қазақстан,,,16-24,4.3
2015,пайыз,Батыс Қазақстан,,,25-28,4.1
2015,пайыз,Батыс Қазақстан,,,29-34,5.6
2015,пайыз,Батыс Қазақстан,,,35-44,5.5
2015,пайыз,Батыс Қазақстан,,,45-54,5.1
2015,пайыз,Батыс Қазақстан,,,55-64,5.7
2015,пайыз,Жамбыл,,,16-24,5.5
2015,пайыз,Жамбыл,,,25-28,4.5
2015,пайыз,Жамбыл,,,29-34,6.7
2015,пайыз,Жамбыл,,,35-44,4.4
2015,пайыз,Жамбыл,,,45-54,5.4
2015,пайыз,Жамбыл,,,55-64,3.5
2015,пайыз,Қарағанды,,,16-24,6.4
2015,пайыз,Қарағанды,,,25-28,4.4
2015,пайыз,Қарағанды,,,29-34,7.0
2015,пайыз,Қарағанды,,,35-44,4.4
2015,пайыз,Қарағанды,,,45-54,5.7
2015,пайыз,Қарағанды,,,55-64,3.9
2015,пайыз,Қостанай,,,16-24,3.3
2015,пайыз,Қостанай,,,25-28,3.4
2015,пайыз,Қостанай,,,29-34,9.3
2015,пайыз,Қостанай,,,35-44,5.3
2015,пайыз,Қостанай,,,45-54,4.2
2015,пайыз,Қостанай,,,55-64,3.8
2015,пайыз,Қызылорда,,,16-24,5.6
2015,пайыз,Қызылорда,,,25-28,3.2
2015,пайыз,Қызылорда,,,29-34,8.5
2015,пайыз,Қызылорда,,,35-44,4.9
2015,пайыз,Қызылорда,,,45-54,3.4
2015,пайыз,Қызылорда,,,55-64,3.4
2015,пайыз,Маңғыстау,,,16-24,5.4
2015,пайыз,Маңғыстау,,,25-28,3.1
2015,пайыз,Маңғыстау,,,29-34,6.7
2015,пайыз,Маңғыстау,,,35-44,5.2
2015,пайыз,Маңғыстау,,,45-54,4.4
2015,пайыз,Маңғыстау,,,55-64,5.4
2015,пайыз,Оңтүстік Қазақстан,,,16-24,3.1
2015,пайыз,Оңтүстік Қазақстан,,,25-28,5.2
2015,пайыз,Оңтүстік Қазақстан,,,29-34,8.6
2015,пайыз,Оңтүстік Қазақстан,,,35-44,4.8
2015,пайыз,Оңтүстік Қазақстан,,,45-54,4.6
2015,пайыз,Оңтүстік Қазақстан,,,55-64,4.7
2015,пайыз,Павлодар,,,16-24,2.9
2015,пайыз,Павлодар,,,25-28,3.7
2015,пайыз,Павлодар,,,29-34,5.8
2015,пайыз,Павлодар,,,35-44,5.3
2015,пайыз,Павлодар,,,45-54,4.9
2015,пайыз,Павлодар,,,55-64,6.0
2015,пайыз,Солтүстік Қазақстан,,,16-24,4.2
2015,пайыз,Солтүстік Қазақстан,,,25-28,2.0
2015,пайыз,Солтүстік Қазақстан,,,29-34,10.2
2015,пайыз,Солтүстік Қазақстан,,,35-44,5.1
2015,пайыз,Солтүстік Қазақстан,,,45-54,4.8
2015,пайыз,Солтүстік Қазақстан,,,55-64,3.3
2015,пайыз,Шығыс Қазақстан,,,16-24,4.1
2015,пайыз,Шығыс Қазақстан,,,25-28,4.6
2015,пайыз,Шығыс Қазақстан,,,29-34,8.0
2015,пайыз,Шығыс Қазақстан,,,35-44,3.4
2015,пайыз,Шығыс Қазақстан,,,45-54,4.5
2015,пайыз,Шығыс Қазақстан,,,55-64,5.6
2015,пайыз,Нұр-Сұлтан қаласы,,,16-24,7.2
2015,пайыз,Нұр-Сұлтан қаласы,,,25-28,4.9
2015,пайыз,Нұр-Сұлтан қаласы,,,29-34,6.0
2015,пайыз,Нұр-Сұлтан қаласы,,,35-44,3.1
2015,пайыз,Нұр-Сұлтан қаласы,,,45-54,3.4
2015,пайыз,Нұр-Сұлтан қаласы,,,55-64,4.2
2015,пайыз,Алматы қаласы,,,16-24,5.3
2015,пайыз,Алматы қаласы,,,25-28,15.0
2015,пайыз,Алматы қаласы,,,29-34,9.0
2015,пайыз,Алматы қаласы,,,35-44,3.0
2015,пайыз,Алматы қаласы,,,45-54,3.0
2015,пайыз,Алматы қаласы,,,55-64,3.1
2016,пайыз,,,,,5.0
2016,пайыз,Ақмола,,,,4.9
2016,пайыз,Ақтөбе,,,,4.8
2016,пайыз,Алматы,,,,4.8
2016,пайыз,Атырау,,,,4.9
2016,пайыз,Батыс Қазақстан,,,,4.9
2016,пайыз,Жамбыл,,,,4.9
2016,пайыз,Қарағанды,,,,5.0
2016,пайыз,Қостанай,,,,4.9
2016,пайыз,Қызылорда,,,,4.9
2016,пайыз,Маңғыстау,,,,5.0
2016,пайыз,Оңтүстік Қазақстан,,,,5.2
2016,пайыз,Павлодар,,,,4.8
2016,пайыз,Солтүстік Қазақстан,,,,5.0
2016,пайыз,Шығыс Қазақстан,,,,4.9
2016,пайыз,Нұр-Сұлтан қаласы,,,,4.6
2016,пайыз,Алматы қаласы,,,,5.3
2016,пайыз,,,ерлер,,4.4
2016,пайыз,Ақмола,,ерлер,,5.2
2016,пайыз,Ақтөбе,,ерлер,,4.8
2016,пайыз,Алматы,,ерлер,,3.8
2016,пайыз,Атырау,,ерлер,,4.8
2016,пайыз,Батыс Қазақстан,,ерлер,,4.6
2016,пайыз,Жамбыл,,ерлер,,4.0
2016,пайыз,Қарағанды,,ерлер,,4.2
2016,пайыз,Қостанай,,ерлер,,4.8
2016,пайыз,Қызылорда,,ерлер,,4.4
2016,пайыз,Маңғыстау,,ерлер,,2.7
2016,пайыз,Оңтүстік Қазақстан,,ерлер,,4.4
2016,пайыз,Павлодар,,ерлер,,4.6
2016,пайыз,Солтүстік Қазақстан,,ерлер,,5.0
2016,пайыз,Шығыс Қазақстан,,ерлер,,4.2
2016,пайыз,Нұр-Сұлтан қаласы,,ерлер,,4.4
2016,пайыз,Алматы қаласы,,ерлер,,4.9
2016,пайыз,,,әйелдер,,5.5
2016,пайыз,Ақмола,,әйелдер,,4.6
2016,пайыз,Ақтөбе,,әйелдер,,4.9
2016,пайыз,Алматы,,әйелдер,,5.8
2016,пайыз,Атырау,,әйелдер,,5.1
2016,пайыз,Батыс Қазақстан,,әйелдер,,5.2
2016,пайыз,Жамбыл,,әйелдер,,5.8
2016,пайыз,Қарағанды,,әйелдер,,5.8
2016,пайыз,Қостанай,,әйелдер,,5.1
2016,пайыз,Қызылорда,,әйелдер,,5.5
2016,пайыз,Маңғыстау,,әйелдер,,7.8
2016,пайыз,Оңтүстік Қазақстан,,әйелдер,,6.1
2016,пайыз,Павлодар,,әйелдер,,5.0
2016,пайыз,Солтүстік Қазақстан,,әйелдер,,4.9
2016,пайыз,Шығыс Қазақстан,,әйелдер,,5.6
2016,пайыз,Нұр-Сұлтан қаласы,,әйелдер,,4.9
2016,пайыз,Алматы қаласы,,әйелдер,,5.7
2016,пайыз,,қала,,,5.1
2016,пайыз,Ақмола,қала,,,4.4
2016,пайыз,Ақтөбе,қала,,,5.1
2016,пайыз,Алматы,қала,,,4.8
2016,пайыз,Атырау,қала,,,5.9
2016,пайыз,Батыс Қазақстан,қала,,,4.8
2016,пайыз,Жамбыл,қала,,,5.5
2016,пайыз,Қарағанды,қала,,,5.1
2016,пайыз,Қостанай,қала,,,5.6
2016,пайыз,Қызылорда,қала,,,4.6
2016,пайыз,Маңғыстау,қала,,,4.9
2016,пайыз,Оңтүстік Қазақстан,қала,,,5.3
2016,пайыз,Павлодар,қала,,,5.0
2016,пайыз,Солтүстік Қазақстан,қала,,,4.7
2016,пайыз,Шығыс Қазақстан,қала,,,5.0
2016,пайыз,Нұр-Сұлтан қаласы,қала,,,4.6
2016,пайыз,Алматы қаласы,қала,,,5.3
2016,пайыз,,ауыл,,,4.8
2016,пайыз,Ақмола,ауыл,,,5.4
2016,пайыз,Ақтөбе,ауыл,,,4.3
2016,пайыз,Алматы,ауыл,,,4.8
2016,пайыз,Атырау,ауыл,,,4.0
2016,пайыз,Батыс Қазақстан,ауыл,,,4.9
2016,пайыз,Жамбыл,ауыл,,,4.4
2016,пайыз,Қарағанды,ауыл,,,4.3
2016,пайыз,Қостанай,ауыл,,,4.2
2016,пайыз,Қызылорда,ауыл,,,5.2
2016,пайыз,Маңғыстау,ауыл,,,5.1
2016,пайыз,Оңтүстік Қазақстан,ауыл,,,5.1
2016,пайыз,Павлодар,ауыл,,,4.4
2016,пайыз,Солтүстік Қазақстан,ауыл,,,5.1
2016,пайыз,Шығыс Қазақстан,ауыл,,,4.7
2016,пайыз,,,,16-24,3.8
2016,пайыз,,,,25-28,4.3
2016,пайыз,,,,29-34,7.0
2016,пайыз,,,,35-44,4.8
2016,пайыз,,,,45-54,4.6
2016,пайыз,,,,55-64,4.6
2016,пайыз,Ақмола,,,16-24,3.0
2016,пайыз,Ақмола,,,25-28,3.6
2016,пайыз,Ақмола,,,29-34,5.9
2016,пайыз,Ақмола,,,35-44,5.5
2016,пайыз,Ақмола,,,45-54,5.6
2016,пайыз,Ақмола,,,55-64,4.9
2016,пайыз,Ақтөбе,,,16-24,2.8
2016,пайыз,Ақтөбе,,,25-28,3.0
2016,пайыз,Ақтөбе,,,29-34,5.9
2016,пайыз,Ақтөбе,,,35-44,4.8
2016,пайыз,Ақтөбе,,,45-54,6.4
2016,пайыз,Ақтөбе,,,55-64,3.7
2016,пайыз,Алматы,,,16-24,3.3
2016,пайыз,Алматы,,,25-28,2.8
2016,пайыз,Алматы,,,29-34,7.2
2016,пайыз,Алматы,,,35-44,5.9
2016,пайыз,Алматы,,,45-54,3.9
2016,пайыз,Алматы,,,55-64,6.1
2016,пайыз,Атырау,,,16-24,1.6
2016,пайыз,Атырау,,,25-28,2.9
2016,пайыз,Атырау,,,29-34,7.1
2016,пайыз,Атырау,,,35-44,6.0
2016,пайыз,Атырау,,,45-54,4.8
2016,пайыз,Атырау,,,55-64,7.1
2016,пайыз,Батыс Қазақстан,,,16-24,4.0
2016,пайыз,Батыс Қазақстан,,,25-28,3.9
2016,пайыз,Батыс Қазақстан,,,29-34,6.8
2016,пайыз,Батыс Қазақстан,,,35-44,5.6
2016,пайыз,Батыс Қазақстан,,,45-54,4.4
2016,пайыз,Батыс Қазақстан,,,55-64,4.2
2016,пайыз,Жамбыл,,,16-24,4.7
2016,пайыз,Жамбыл,,,25-28,3.7
2016,пайыз,Жамбыл,,,29-34,7.4
2016,пайыз,Жамбыл,,,35-44,4.2
2016,пайыз,Жамбыл,,,45-54,5.4
2016,пайыз,Жамбыл,,,55-64,2.8
2016,пайыз,Қарағанды,,,16-24,6.0
2016,пайыз,Қарағанды,,,25-28,4.4
2016,пайыз,Қарағанды,,,29-34,5.0
2016,пайыз,Қарағанды,,,35-44,4.1
2016,пайыз,Қарағанды,,,45-54,6.2
2016,пайыз,Қарағанды,,,55-64,4.6
2016,пайыз,Қостанай,,,16-24,3.3
2016,пайыз,Қостанай,,,25-28,3.2
2016,пайыз,Қостанай,,,29-34,10.8
2016,пайыз,Қостанай,,,35-44,5.9
2016,пайыз,Қостанай,,,45-54,3.5
2016,пайыз,Қостанай,,,55-64,1.7
2016,пайыз,Қызылорда,,,16-24,5.5
2016,пайыз,Қызылорда,,,25-28,4.0
2016,пайыз,Қызылорда,,,29-34,8.3
2016,пайыз,Қызылорда,,,35-44,4.7
2016,пайыз,Қызылорда,,,45-54,3.4
2016,пайыз,Қызылорда,,,55-64,2.5
2016,пайыз,Маңғыстау,,,16-24,5.2
2016,пайыз,Маңғыстау,,,25-28,3.9
2016,пайыз,Маңғыстау,,,29-34,7.1
2016,пайыз,Маңғыстау,,,35-44,4.2
2016,пайыз,Маңғыстау,,,45-54,4.9
2016,пайыз,Маңғыстау,,,55-64,2.9
2016,пайыз,Оңтүстік Қазақстан,,,16-24,1.9
2016,пайыз,Оңтүстік Қазақстан,,,25-28,5.5
2016,пайыз,Оңтүстік Қазақстан,,,29-34,7.6
2016,пайыз,Оңтүстік Қазақстан,,,35-44,4.9
2016,пайыз,Оңтүстік Қазақстан,,,45-54,4.5
2016,пайыз,Оңтүстік Қазақстан,,,55-64,5.4
2016,пайыз,Павлодар,,,16-24,2.7
2016,пайыз,Павлодар,,,25-28,3.3
2016,пайыз,Павлодар,,,29-34,6.2
2016,пайыз,Павлодар,,,35-44,6.0
2016,пайыз,Павлодар,,,45-54,4.5
2016,пайыз,Павлодар,,,55-64,3.6
2016,пайыз,Солтүстік Қазақстан,,,16-24,4.9
2016,пайыз,Солтүстік Қазақстан,,,25-28,1.8
2016,пайыз,Солтүстік Қазақстан,,,29-34,10.8
2016,пайыз,Солтүстік Қазақстан,,,35-44,4.4
2016,пайыз,Солтүстік Қазақстан,,,45-54,4.6
2016,пайыз,Солтүстік Қазақстан,,,55-64,2.5
2016,пайыз,Шығыс Қазақстан,,,16-24,2.3
2016,пайыз,Шығыс Қазақстан,,,25-28,3.6
2016,пайыз,Шығыс Қазақстан,,,29-34,9.1
2016,пайыз,Шығыс Қазақстан,,,35-44,3.4
2016,пайыз,Шығыс Қазақстан,,,45-54,3.5
2016,пайыз,Шығыс Қазақстан,,,55-64,6.5
2016,пайыз,Нұр-Сұлтан қаласы,,,16-24,5.7
2016,пайыз,Нұр-Сұлтан қаласы,,,25-28,4.3
2016,пайыз,Нұр-Сұлтан қаласы,,,29-34,3.6
2016,пайыз,Нұр-Сұлтан қаласы,,,35-44,4.8
2016,пайыз,Нұр-Сұлтан қаласы,,,45-54,5.0
2016,пайыз,Нұр-Сұлтан қаласы,,,55-64,4.3
2016,пайыз,Алматы қаласы,,,16-24,5.3
2016,пайыз,Алматы қаласы,,,25-28,9.7
2016,пайыз,Алматы қаласы,,,29-34,5.1
2016,пайыз,Алматы қаласы,,,35-44,3.9
2016,пайыз,Алматы қаласы,,,45-54,4.6
2016,пайыз,Алматы қаласы,,,55-64,6.7
2017,пайыз,,,,,4.9
2017,пайыз,Ақмола,,,,4.8
2017,пайыз,Ақтөбе,,,,4.8
2017,пайыз,Алматы,,,,4.7
2017,пайыз,Атырау,,,,4.9
2017,пайыз,Батыс Қазақстан,,,,4.9
2017,пайыз,Жамбыл,,,,4.9
2017,пайыз,Қарағанды,,,,4.8
2017,пайыз,Қостанай,,,,4.8
2017,пайыз,Қызылорда,,,,4.8
2017,пайыз,Маңғыстау,,,,4.9
2017,пайыз,Оңтүстік Қазақстан,,,,5.2
2017,пайыз,Павлодар,,,,4.8
2017,пайыз,Солтүстік Қазақстан,,,,4.9
2017,пайыз,Шығыс Қазақстан,,,,4.8
2017,пайыз,Нұр-Сұлтан қаласы,,,,4.6
2017,пайыз,Алматы қаласы,,,,5.3
2017,пайыз,,,ерлер,,4.4
2017,пайыз,Ақмола,,ерлер,,5.0
2017,пайыз,Ақтөбе,,ерлер,,4.8
2017,пайыз,Алматы,,ерлер,,3.5
2017,пайыз,Атырау,,ерлер,,4.9
2017,пайыз,Батыс Қазақстан,,ерлер,,4.5
2017,пайыз,Жамбыл,,ерлер,,4.5
2017,пайыз,Қарағанды,,ерлер,,4.0
2017,пайыз,Қостанай,,ерлер,,4.6
2017,пайыз,Қызылорда,,ерлер,,4.6
2017,пайыз,Маңғыстау,,ерлер,,3.0
2017,пайыз,Оңтүстік Қазақстан,,ерлер,,4.6
2017,пайыз,Павлодар,,ерлер,,4.7
2017,пайыз,Солтүстік Қазақстан,,ерлер,,5.3
2017,пайыз,Шығыс Қазақстан,,ерлер,,4.7
2017,пайыз,Нұр-Сұлтан қаласы,,ерлер,,4.6
2017,пайыз,Алматы қаласы,,ерлер,,4.2
2017,пайыз,,,әйелдер,,5.4
2017,пайыз,Ақмола,,әйелдер,,4.6
2017,пайыз,Ақтөбе,,әйелдер,,4.8
2017,пайыз,Алматы,,әйелдер,,6.0
2017,пайыз,Атырау,,әйелдер,,5.0
2017,пайыз,Батыс Қазақстан,,әйелдер,,5.3
2017,пайыз,Жамбыл,,әйелдер,,5.3
2017,пайыз,Қарағанды,,әйелдер,,5.6
2017,пайыз,Қостанай,,әйелдер,,5.1
2017,пайыз,Қызылорда,,әйелдер,,5.1
2017,пайыз,Маңғыстау,,әйелдер,,7.1
2017,пайыз,Оңтүстік Қазақстан,,әйелдер,,5.9
2017,пайыз,Павлодар,,әйелдер,,4.9
2017,пайыз,Солтүстік Қазақстан,,әйелдер,,4.4
2017,пайыз,Шығыс Қазақстан,,әйелдер,,5.0
2017,пайыз,Нұр-Сұлтан қаласы,,әйелдер,,4.6
2017,пайыз,Алматы қаласы,,әйелдер,,6.2
2017,пайыз,,қала,,,5.2
2017,пайыз,Ақмола,қала,,,4.5
2017,пайыз,Ақтөбе,қала,,,5.0
2017,пайыз,Алматы,қала,,,4.3
2017,пайыз,Атырау,қала,,,5.0
2017,пайыз,Батыс Қазақстан,қала,,,5.0
2017,пайыз,Жамбыл,қала,,,5.8
2017,пайыз,Қарағанды,қала,,,5.2
2017,пайыз,Қостанай,қала,,,5.6
2017,пайыз,Қызылорда,қала,,,4.6
2017,пайыз,Маңғыстау,қала,,,5.0
2017,пайыз,Оңтүстік Қазақстан,қала,,,5.5
2017,пайыз,Павлодар,қала,,,5.2
2017,пайыз,Солтүстік Қазақстан,қала,,,4.8
2017,пайыз,Шығыс Қазақстан,қала,,,5.1
2017,пайыз,Нұр-Сұлтан қаласы,қала,,,4.8
2017,пайыз,Алматы қаласы,қала,,,5.6
2017,пайыз,,ауыл,,,5.1
2017,пайыз,Ақмола,ауыл,,,5.5
2017,пайыз,Ақтөбе,ауыл,,,5.2
2017,пайыз,Алматы,ауыл,,,5.2
2017,пайыз,Атырау,ауыл,,,5.4
2017,пайыз,Батыс Қазақстан,ауыл,,,5.2
2017,пайыз,Жамбыл,ауыл,,,4.7
2017,пайыз,Қарағанды,ауыл,,,4.1
2017,пайыз,Қостанай,ауыл,,,4.5
2017,пайыз,Қызылорда,ауыл,,,5.5
2017,пайыз,Маңғыстау,ауыл,,,5.2
2017,пайыз,Оңтүстік Қазақстан,ауыл,,,5.4
2017,пайыз,Павлодар,ауыл,,,4.6
2017,пайыз,Солтүстік Қазақстан,ауыл,,,5.4
2017,пайыз,Шығыс Қазақстан,ауыл,,,4.9
2017,пайыз,,,,16-24,3.8
2017,пайыз,,,,25-28,4.0
2017,пайыз,,,,29-34,6.7
2017,пайыз,,,,35-44,4.6
2017,пайыз,,,,45-54,4.6
2017,пайыз,,,,55-64,5.2
2017,пайыз,Ақмола,,,16-24,2.9
2017,пайыз,Ақмола,,,25-28,3.1
2017,пайыз,Ақмола,,,29-34,4.4
2017,пайыз,Ақмола,,,35-44,6.3
2017,пайыз,Ақмола,,,45-54,6.7
2017,пайыз,Ақмола,,,55-64,3.9
2017,пайыз,Ақтөбе,,,16-24,2.5
2017,пайыз,Ақтөбе,,,25-28,3.2
2017,пайыз,Ақтөбе,,,29-34,7.0
2017,пайыз,Ақтөбе,,,35-44,5.0
2017,пайыз,Ақтөбе,,,45-54,4.0
2017,пайыз,Ақтөбе,,,55-64,6.0
2017,пайыз,Алматы,,,16-24,3.2
2017,пайыз,Алматы,,,25-28,2.7
2017,пайыз,Алматы,,,29-34,9.8
2017,пайыз,Алматы,,,35-44,4.9
2017,пайыз,Алматы,,,45-54,2.8
2017,пайыз,Алматы,,,55-64,2.3
2017,пайыз,Атырау,,,16-24,1.5
2017,пайыз,Атырау,,,25-28,2.9
2017,пайыз,Атырау,,,29-34,8.5
2017,пайыз,Атырау,,,35-44,4.6
2017,пайыз,Атырау,,,45-54,5.2
2017,пайыз,Атырау,,,55-64,6.1
2017,пайыз,Батыс Қазақстан,,,16-24,4.0
2017,пайыз,Батыс Қазақстан,,,25-28,3.9
2017,пайыз,Батыс Қазақстан,,,29-34,5.7
2017,пайыз,Батыс Қазақстан,,,35-44,5.3
2017,пайыз,Батыс Қазақстан,,,45-54,4.5
2017,пайыз,Батыс Қазақстан,,,55-64,5.5
2017,пайыз,Жамбыл,,,16-24,2.8
2017,пайыз,Жамбыл,,,25-28,2.1
2017,пайыз,Жамбыл,,,29-34,10.4
2017,пайыз,Жамбыл,,,35-44,4.7
2017,пайыз,Жамбыл,,,45-54,5.4
2017,пайыз,Жамбыл,,,55-64,6.2
2017,пайыз,Қарағанды,,,16-24,5.8
2017,пайыз,Қарағанды,,,25-28,4.2
2017,пайыз,Қарағанды,,,29-34,4.5
2017,пайыз,Қарағанды,,,35-44,4.6
2017,пайыз,Қарағанды,,,45-54,4.5
2017,пайыз,Қарағанды,,,55-64,6.1
2017,пайыз,Қостанай,,,16-24,3.1
2017,пайыз,Қостанай,,,25-28,2.9
2017,пайыз,Қостанай,,,29-34,10.3
2017,пайыз,Қостанай,,,35-44,5.5
2017,пайыз,Қостанай,,,45-54,2.5
2017,пайыз,Қостанай,,,55-64,2.1
2017,пайыз,Қызылорда,,,16-24,5.3
2017,пайыз,Қызылорда,,,25-28,3.0
2017,пайыз,Қызылорда,,,29-34,8.9
2017,пайыз,Қызылорда,,,35-44,4.5
2017,пайыз,Қызылорда,,,45-54,2.9
2017,пайыз,Қызылорда,,,55-64,3.0
2017,пайыз,Маңғыстау,,,16-24,4.0
2017,пайыз,Маңғыстау,,,25-28,3.6
2017,пайыз,Маңғыстау,,,29-34,5.7
2017,пайыз,Маңғыстау,,,35-44,5.8
2017,пайыз,Маңғыстау,,,45-54,4.7
2017,пайыз,Маңғыстау,,,55-64,2.8
2017,пайыз,Оңтүстік Қазақстан,,,16-24,3.5
2017,пайыз,Оңтүстік Қазақстан,,,25-28,4.7
2017,пайыз,Оңтүстік Қазақстан,,,29-34,7.0
2017,пайыз,Оңтүстік Қазақстан,,,35-44,4.7
2017,пайыз,Оңтүстік Қазақстан,,,45-54,3.8
2017,пайыз,Оңтүстік Қазақстан,,,55-64,8.8
2017,пайыз,Павлодар,,,16-24,3.1
2017,пайыз,Павлодар,,,25-28,3.4
2017,пайыз,Павлодар,,,29-34,5.6
2017,пайыз,Павлодар,,,35-44,4.1
2017,пайыз,Павлодар,,,45-54,6.6
2017,пайыз,Павлодар,,,55-64,3.9
2017,пайыз,Солтүстік Қазақстан,,,16-24,4.2
2017,пайыз,Солтүстік Қазақстан,,,25-28,1.4
2017,пайыз,Солтүстік Қазақстан,,,29-34,6.6
2017,пайыз,Солтүстік Қазақстан,,,35-44,5.0
2017,пайыз,Солтүстік Қазақстан,,,45-54,6.6
2017,пайыз,Солтүстік Қазақстан,,,55-64,3.4
2017,пайыз,Шығыс Қазақстан,,,16-24,3.1
2017,пайыз,Шығыс Қазақстан,,,25-28,4.5
2017,пайыз,Шығыс Қазақстан,,,29-34,6.4
2017,пайыз,Шығыс Қазақстан,,,35-44,4.0
2017,пайыз,Шығыс Қазақстан,,,45-54,4.2
2017,пайыз,Шығыс Қазақстан,,,55-64,6.6
2017,пайыз,Нұр-Сұлтан қаласы,,,16-24,4.7
2017,пайыз,Нұр-Сұлтан қаласы,,,25-28,4.3
2017,пайыз,Нұр-Сұлтан қаласы,,,29-34,1.6
2017,пайыз,Нұр-Сұлтан қаласы,,,35-44,3.2
2017,пайыз,Нұр-Сұлтан қаласы,,,45-54,9.3
2017,пайыз,Нұр-Сұлтан қаласы,,,55-64,8.6
2017,пайыз,Алматы қаласы,,,16-24,5.3
2017,пайыз,Алматы қаласы,,,25-28,8.4
2017,пайыз,Алматы қаласы,,,29-34,5.3
2017,пайыз,Алматы қаласы,,,35-44,3.4
2017,пайыз,Алматы қаласы,,,45-54,5.0
2017,пайыз,Алматы қаласы,,,55-64,7.6
2018,пайыз,,,,,4.9
2018,пайыз,Ақмола,,,,4.8
2018,пайыз,Ақтөбе,,,,4.8
2018,пайыз,Алматы,,,,4.7
2018,пайыз,Атырау,,,,4.9
2018,пайыз,Батыс Қазақстан,,,,4.9
2018,пайыз,Жамбыл,,,,4.9
2018,пайыз,Қарағанды,,,,4.6
2018,пайыз,Қостанай,,,,4.8
2018,пайыз,Қызылорда,,,,4.8
2018,пайыз,Маңғыстау,,,,4.8
2018,пайыз,Павлодар,,,,4.8
2018,пайыз,Солтүстік Қазақстан,,,,4.9
2018,пайыз,Түркістан,,,,5.2
2018,пайыз,Шығыс Қазақстан,,,,4.8
2018,пайыз,Нұр-Сұлтан қаласы,,,,4.5
2018,пайыз,Алматы қаласы,,,,5.2
2018,пайыз,Шымкент қаласы,,,,5.2
2018,пайыз,,,ерлер,,4.3
2018,пайыз,Ақмола,,ерлер,,4.8
2018,пайыз,Ақтөбе,,ерлер,,4.6
2018,пайыз,Алматы,,ерлер,,3.2
2018,пайыз,Атырау,,ерлер,,4.9
2018,пайыз,Батыс Қазақстан,,ерлер,,4.5
2018,пайыз,Жамбыл,,ерлер,,4.8
2018,пайыз,Қарағанды,,ерлер,,3.4
2018,пайыз,Қостанай,,ерлер,,4.7
2018,пайыз,Қызылорда,,ерлер,,4.7
2018,пайыз,Маңғыстау,,ерлер,,2.8
2018,пайыз,Павлодар,,ерлер,,4.7
2018,пайыз,Солтүстік Қазақстан,,ерлер,,5.0
2018,пайыз,Түркістан,,ерлер,,4.6
2018,пайыз,Шығыс Қазақстан,,ерлер,,4.7
2018,пайыз,Нұр-Сұлтан қаласы,,ерлер,,4.4
2018,пайыз,Алматы қаласы,,ерлер,,4.1
2018,пайыз,Шымкент қаласы,,ерлер,,5.5
2018,пайыз,,,әйелдер,,5.4
2018,пайыз,Ақмола,,әйелдер,,4.7
2018,пайыз,Ақтөбе,,әйелдер,,5.0
2018,пайыз,Алматы,,әйелдер,,6.2
2018,пайыз,Атырау,,әйелдер,,4.9
2018,пайыз,Батыс Қазақстан,,әйелдер,,5.3
2018,пайыз,Жамбыл,,әйелдер,,5.0
2018,пайыз,Қарағанды,,әйелдер,,5.9
2018,пайыз,Қостанай,,әйелдер,,4.9
2018,пайыз,Қызылорда,,әйелдер,,4.9
2018,пайыз,Маңғыстау,,әйелдер,,7.0
2018,пайыз,Павлодар,,әйелдер,,4.8
2018,пайыз,Солтүстік Қазақстан,,әйелдер,,4.7
2018,пайыз,Түркістан,,әйелдер,,5.8
2018,пайыз,Шығыс Қазақстан,,әйелдер,,5.0
2018,пайыз,Нұр-Сұлтан қаласы,,әйелдер,,4.6
2018,пайыз,Алматы қаласы,,әйелдер,,6.2
2018,пайыз,Шымкент қаласы,,әйелдер,,4.9
2018,пайыз,,қала,,,4.9
2018,пайыз,Ақмола,қала,,,4.4
2018,пайыз,Ақтөбе,қала,,,4.7
2018,пайыз,Алматы,қала,,,5.2
2018,пайыз,Атырау,қала,,,4.9
2018,пайыз,Батыс Қазақстан,қала,,,4.7
2018,пайыз,Жамбыл,қала,,,5.5
2018,пайыз,Қарағанды,қала,,,4.8
2018,пайыз,Қостанай,қала,,,5.2
2018,пайыз,Қызылорда,қала,,,4.6
2018,пайыз,Маңғыстау,қала,,,4.9
2018,пайыз,Павлодар,қала,,,4.9
2018,пайыз,Солтүстік Қазақстан,қала,,,4.6
2018,пайыз,Түркістан,қала,,,5.5
2018,пайыз,Шығыс Қазақстан,қала,,,4.8
2018,пайыз,Нұр-Сұлтан қаласы,қала,,,4.5
2018,пайыз,Алматы қаласы,қала,,,5.2
2018,пайыз,Шымкент қаласы,қала,,,5.2
2018,пайыз,,ауыл,,,4.8
2018,пайыз,Ақмола,ауыл,,,5.2
2018,пайыз,Ақтөбе,ауыл,,,5.2
2018,пайыз,Алматы,ауыл,,,4.5
2018,пайыз,Атырау,ауыл,,,4.9
2018,пайыз,Батыс Қазақстан,ауыл,,,5.1
2018,пайыз,Жамбыл,ауыл,,,4.5
2018,пайыз,Қарағанды,ауыл,,,3.7
2018,пайыз,Қостанай,ауыл,,,4.4
2018,пайыз,Қызылорда,ауыл,,,4.9
2018,пайыз,Маңғыстау,ауыл,,,4.8
2018,пайыз,Павлодар,ауыл,,,4.4
2018,пайыз,Солтүстік Қазақстан,ауыл,,,5.0
2018,пайыз,Түркістан,ауыл,,,5.1
2018,пайыз,Шығыс Қазақстан,ауыл,,,4.9
2018,пайыз,,,,16-24,3.7
2018,пайыз,,,,25-28,4.0
2018,пайыз,,,,29-34,7.0
2018,пайыз,,,,35-44,4.3
2018,пайыз,,,,45-54,4.2
2018,пайыз,,,,55-64,5.6
2018,пайыз,Ақмола,,,16-24,2.9
2018,пайыз,Ақмола,,,25-28,2.9
2018,пайыз,Ақмола,,,29-34,5.5
2018,пайыз,Ақмола,,,35-44,5.9
2018,пайыз,Ақмола,,,45-54,6.0
2018,пайыз,Ақмола,,,55-64,3.8
2018,пайыз,Ақтөбе,,,16-24,2.9
2018,пайыз,Ақтөбе,,,25-28,2.9
2018,пайыз,Ақтөбе,,,29-34,5.6
2018,пайыз,Ақтөбе,,,35-44,5.2
2018,пайыз,Ақтөбе,,,45-54,4.9
2018,пайыз,Ақтөбе,,,55-64,5.2
2018,пайыз,Алматы,,,16-24,3.3
2018,пайыз,Алматы,,,25-28,2.6
2018,пайыз,Алматы,,,29-34,7.9
2018,пайыз,Алматы,,,35-44,3.4
2018,пайыз,Алматы,,,45-54,2.6
2018,пайыз,Алматы,,,55-64,9.7
2018,пайыз,Атырау,,,16-24,1.6
2018,пайыз,Атырау,,,25-28,3.1
2018,пайыз,Атырау,,,29-34,6.0
2018,пайыз,Атырау,,,35-44,5.0
2018,пайыз,Атырау,,,45-54,5.7
2018,пайыз,Атырау,,,55-64,7.2
2018,пайыз,Батыс Қазақстан,,,16-24,3.9
2018,пайыз,Батыс Қазақстан,,,25-28,3.8
2018,пайыз,Батыс Қазақстан,,,29-34,6.1
2018,пайыз,Батыс Қазақстан,,,35-44,4.7
2018,пайыз,Батыс Қазақстан,,,45-54,4.7
2018,пайыз,Батыс Қазақстан,,,55-64,5.9
2018,пайыз,Жамбыл,,,16-24,2.9
2018,пайыз,Жамбыл,,,25-28,2.9
2018,пайыз,Жамбыл,,,29-34,7.5
2018,пайыз,Жамбыл,,,35-44,5.4
2018,пайыз,Жамбыл,,,45-54,4.0
2018,пайыз,Жамбыл,,,55-64,7.0
2018,пайыз,Қарағанды,,,16-24,5.7
2018,пайыз,Қарағанды,,,25-28,4.2
2018,пайыз,Қарағанды,,,29-34,3.7
2018,пайыз,Қарағанды,,,35-44,3.8
2018,пайыз,Қарағанды,,,45-54,4.8
2018,пайыз,Қарағанды,,,55-64,7.4
2018,пайыз,Қостанай,,,16-24,3.0
2018,пайыз,Қостанай,,,25-28,3.2
2018,пайыз,Қостанай,,,29-34,10.0
2018,пайыз,Қостанай,,,35-44,6.0
2018,пайыз,Қостанай,,,45-54,2.7
2018,пайыз,Қостанай,,,55-64,1.7
2018,пайыз,Қызылорда,,,16-24,4.5
2018,пайыз,Қызылорда,,,25-28,3.8
2018,пайыз,Қызылорда,,,29-34,5.7
2018,пайыз,Қызылорда,,,35-44,4.8
2018,пайыз,Қызылорда,,,45-54,5.4
2018,пайыз,Қызылорда,,,55-64,3.2
2018,пайыз,Маңғыстау,,,16-24,3.2
2018,пайыз,Маңғыстау,,,25-28,2.7
2018,пайыз,Маңғыстау,,,29-34,6.6
2018,пайыз,Маңғыстау,,,35-44,6.1
2018,пайыз,Маңғыстау,,,45-54,3.7
2018,пайыз,Маңғыстау,,,55-64,3.2
2018,пайыз,Павлодар,,,16-24,3.2
2018,пайыз,Павлодар,,,25-28,3.9
2018,пайыз,Павлодар,,,29-34,6.2
2018,пайыз,Павлодар,,,35-44,4.7
2018,пайыз,Павлодар,,,45-54,4.5
2018,пайыз,Павлодар,,,55-64,4.6
2018,пайыз,Солтүстік Қазақстан,,,16-24,4.0
2018,пайыз,Солтүстік Қазақстан,,,25-28,2.3
2018,пайыз,Солтүстік Қазақстан,,,29-34,6.0
2018,пайыз,Солтүстік Қазақстан,,,35-44,5.4
2018,пайыз,Солтүстік Қазақстан,,,45-54,6.3
2018,пайыз,Солтүстік Қазақстан,,,55-64,3.3
2018,пайыз,Түркістан,,,16-24,2.1
2018,пайыз,Түркістан,,,25-28,4.0
2018,пайыз,Түркістан,,,29-34,8.4
2018,пайыз,Түркістан,,,35-44,4.4
2018,пайыз,Түркістан,,,45-54,4.5
2018,пайыз,Түркістан,,,55-64,4.8
2018,пайыз,Шығыс Қазақстан,,,16-24,3.7
2018,пайыз,Шығыс Қазақстан,,,25-28,3.9
2018,пайыз,Шығыс Қазақстан,,,29-34,9.7
2018,пайыз,Шығыс Қазақстан,,,35-44,3.9
2018,пайыз,Шығыс Қазақстан,,,45-54,3.2
2018,пайыз,Шығыс Қазақстан,,,55-64,5.2
2018,пайыз,Нұр-Сұлтан қаласы,,,16-24,4.5
2018,пайыз,Нұр-Сұлтан қаласы,,,25-28,4.6
2018,пайыз,Нұр-Сұлтан қаласы,,,29-34,6.9
2018,пайыз,Нұр-Сұлтан қаласы,,,35-44,3.1
2018,пайыз,Нұр-Сұлтан қаласы,,,45-54,3.2
2018,пайыз,Нұр-Сұлтан қаласы,,,55-64,4.3
2018,пайыз,Алматы қаласы,,,16-24,5.2
2018,пайыз,Алматы қаласы,,,25-28,8.0
2018,пайыз,Алматы қаласы,,,29-34,6.5
2018,пайыз,Алматы қаласы,,,35-44,3.1
2018,пайыз,Алматы қаласы,,,45-54,4.7
2018,пайыз,Алматы қаласы,,,55-64,5.7
2018,пайыз,Шымкент қаласы,,,16-24,3.7
2018,пайыз,Шымкент қаласы,,,25-28,4.5
2018,пайыз,Шымкент қаласы,,,29-34,7.7
2018,пайыз,Шымкент қаласы,,,35-44,2.8
2018,пайыз,Шымкент қаласы,,,45-54,4.7
2018,пайыз,Шымкент қаласы,,,55-64,8.8
2019,пайыз,,,,,4.8
2019,пайыз,Ақмола,,,,4.7
2019,пайыз,Ақтөбе,,,,4.8
2019,пайыз,Алматы,,,,4.6
2019,пайыз,Атырау,,,,4.8
2019,пайыз,Батыс Қазақстан,,,,4.8
2019,пайыз,Жамбыл,,,,4.8
2019,пайыз,Қарағанды,,,,4.4
2019,пайыз,Қостанай,,,,4.7
2019,пайыз,Қызылорда,,,,4.8
2019,пайыз,Маңғыстау,,,,4.8
2019,пайыз,Павлодар,,,,4.7
2019,пайыз,Солтүстік Қазақстан,,,,4.8
2019,пайыз,Түркістан,,,,5.1
2019,пайыз,Шығыс Қазақстан,,,,4.8
2019,пайыз,Нұр-Сұлтан қаласы,,,,4.4
2019,пайыз,Алматы қаласы,,,,5.1
2019,пайыз,Шымкент қаласы,,,,5.1
2019,пайыз,,,ерлер,,4.3
2019,пайыз,Ақмола,,ерлер,,4.7
2019,пайыз,Ақтөбе,,ерлер,,5.2
2019,пайыз,Алматы,,ерлер,,3.3
2019,пайыз,Атырау,,ерлер,,4.8
2019,пайыз,Батыс Қазақстан,,ерлер,,4.6
2019,пайыз,Жамбыл,,ерлер,,4.6
2019,пайыз,Қарағанды,,ерлер,,3.3
2019,пайыз,Қостанай,,ерлер,,4.6
2019,пайыз,Қызылорда,,ерлер,,4.8
2019,пайыз,Маңғыстау,,ерлер,,3.3
2019,пайыз,Павлодар,,ерлер,,4.6
2019,пайыз,Солтүстік Қазақстан,,ерлер,,5.0
2019,пайыз,Түркістан,,ерлер,,4.7
2019,пайыз,Шығыс Қазақстан,,ерлер,,4.3
2019,пайыз,Нұр-Сұлтан қаласы,,ерлер,,4.2
2019,пайыз,Алматы қаласы,,ерлер,,4.3
2019,пайыз,Шымкент қаласы,,ерлер,,4.9
2019,пайыз,,,әйелдер,,5.3
2019,пайыз,Ақмола,,әйелдер,,4.8
2019,пайыз,Ақтөбе,,әйелдер,,4.3
2019,пайыз,Алматы,,әйелдер,,5.9
2019,пайыз,Атырау,,әйелдер,,4.9
2019,пайыз,Батыс Қазақстан,,әйелдер,,5.1
2019,пайыз,Жамбыл,,әйелдер,,5.0
2019,пайыз,Қарағанды,,әйелдер,,5.6
2019,пайыз,Қостанай,,әйелдер,,4.8
2019,пайыз,Қызылорда,,әйелдер,,4.9
2019,пайыз,Маңғыстау,,әйелдер,,6.6
2019,пайыз,Павлодар,,әйелдер,,4.8
2019,пайыз,Солтүстік Қазақстан,,әйелдер,,4.6
2019,пайыз,Түркістан,,әйелдер,,5.5
2019,пайыз,Шығыс Қазақстан,,әйелдер,,5.4
2019,пайыз,Нұр-Сұлтан қаласы,,әйелдер,,4.6
2019,пайыз,Алматы қаласы,,әйелдер,,5.8
2019,пайыз,Шымкент қаласы,,әйелдер,,5.4
2019,пайыз,,қала,,,4.8
2019,пайыз,Ақмола,қала,,,4.3
2019,пайыз,Ақтөбе,қала,,,4.7
2019,пайыз,Алматы,қала,,,5.0
2019,пайыз,Атырау,қала,,,4.5
2019,пайыз,Батыс Қазақстан,қала,,,4.8
2019,пайыз,Жамбыл,қала,,,5.3
2019,пайыз,Қарағанды,қала,,,4.6
2019,пайыз,Қостанай,қала,,,5.2
2019,пайыз,Қызылорда,қала,,,4.6
2019,пайыз,Маңғыстау,қала,,,4.7
2019,пайыз,Павлодар,қала,,,4.8
2019,пайыз,Солтүстік Қазақстан,қала,,,4.7
2019,пайыз,Түркістан,қала,,,4.6
2019,пайыз,Шығыс Қазақстан,қала,,,4.6
2019,пайыз,Нұр-Сұлтан қаласы,қала,,,4.4
2019,пайыз,Алматы қаласы,қала,,,5.1
2019,пайыз,Шымкент қаласы,қала,,,5.1
2019,пайыз,,ауыл,,,4.8
2019,пайыз,Ақмола,ауыл,,,5.1
2019,пайыз,Ақтөбе,ауыл,,,4.9
2019,пайыз,Алматы,ауыл,,,4.5
2019,пайыз,Атырау,ауыл,,,5.2
2019,пайыз,Батыс Қазақстан,ауыл,,,4.9
2019,пайыз,Жамбыл,ауыл,,,4.4
2019,пайыз,Қарағанды,ауыл,,,3.6
2019,пайыз,Қостанай,ауыл,,,4.3
2019,пайыз,Қызылорда,ауыл,,,5.0
2019,пайыз,Маңғыстау,ауыл,,,4.9
2019,пайыз,Павлодар,ауыл,,,4.3
2019,пайыз,Солтүстік Қазақстан,ауыл,,,5.0
2019,пайыз,Түркістан,ауыл,,,5.2
2019,пайыз,Шығыс Қазақстан,ауыл,,,5.2
2019,пайыз,,,,16-24,3.6
2019,пайыз,,,,25-28,3.9
2019,пайыз,,,,29-34,6.7
2019,пайыз,,,,35-44,4.5
2019,пайыз,,,,45-54,4.3
2019,пайыз,,,,55-64,5.1
2019,пайыз,Ақмола,,,16-24,2.9
2019,пайыз,Ақмола,,,25-28,3.0
2019,пайыз,Ақмола,,,29-34,6.2
2019,пайыз,Ақмола,,,35-44,5.7
2019,пайыз,Ақмола,,,45-54,5.9
2019,пайыз,Ақмола,,,55-64,3.0
2019,пайыз,Ақтөбе,,,16-24,3.6
2019,пайыз,Ақтөбе,,,25-28,3.0
2019,пайыз,Ақтөбе,,,29-34,6.0
2019,пайыз,Ақтөбе,,,35-44,4.1
2019,пайыз,Ақтөбе,,,45-54,4.6
2019,пайыз,Ақтөбе,,,55-64,6.9
2019,пайыз,Алматы,,,16-24,3.2
2019,пайыз,Алматы,,,25-28,2.6
2019,пайыз,Алматы,,,29-34,6.8
2019,пайыз,Алматы,,,35-44,3.6
2019,пайыз,Алматы,,,45-54,2.2
2019,пайыз,Алматы,,,55-64,11.1
2019,пайыз,Атырау,,,16-24,1.6
2019,пайыз,Атырау,,,25-28,3.4
2019,пайыз,Атырау,,,29-34,7.5
2019,пайыз,Атырау,,,35-44,4.9
2019,пайыз,Атырау,,,45-54,5.1
2019,пайыз,Атырау,,,55-64,4.9
2019,пайыз,Батыс Қазақстан,,,16-24,3.8
2019,пайыз,Батыс Қазақстан,,,25-28,3.8
2019,пайыз,Батыс Қазақстан,,,29-34,6.6
2019,пайыз,Батыс Қазақстан,,,35-44,4.3
2019,пайыз,Батыс Қазақстан,,,45-54,4.6
2019,пайыз,Батыс Қазақстан,,,55-64,6.0
2019,пайыз,Жамбыл,,,16-24,2.7
2019,пайыз,Жамбыл,,,25-28,2.9
2019,пайыз,Жамбыл,,,29-34,7.6
2019,пайыз,Жамбыл,,,35-44,4.6
2019,пайыз,Жамбыл,,,45-54,5.1
2019,пайыз,Жамбыл,,,55-64,5.8
2019,пайыз,Қарағанды,,,16-24,5.5
2019,пайыз,Қарағанды,,,25-28,4.2
2019,пайыз,Қарағанды,,,29-34,4.4
2019,пайыз,Қарағанды,,,35-44,4.2
2019,пайыз,Қарағанды,,,45-54,4.6
2019,пайыз,Қарағанды,,,55-64,4.4
2019,пайыз,Қостанай,,,16-24,3.1
2019,пайыз,Қостанай,,,25-28,3.5
2019,пайыз,Қостанай,,,29-34,9.2
2019,пайыз,Қостанай,,,35-44,5.0
2019,пайыз,Қостанай,,,45-54,4.3
2019,пайыз,Қостанай,,,55-64,1.4
2019,пайыз,Қызылорда,,,16-24,4.5
2019,пайыз,Қызылорда,,,25-28,3.8
2019,пайыз,Қызылорда,,,29-34,8.5
2019,пайыз,Қызылорда,,,35-44,4.2
2019,пайыз,Қызылорда,,,45-54,3.9
2019,пайыз,Қызылорда,,,55-64,2.1
2019,пайыз,Маңғыстау,,,16-24,4.5
2019,пайыз,Маңғыстау,,,25-28,2.7
2019,пайыз,Маңғыстау,,,29-34,5.2
2019,пайыз,Маңғыстау,,,35-44,6.1
2019,пайыз,Маңғыстау,,,45-54,5.4
2019,пайыз,Маңғыстау,,,55-64,2.4
2019,пайыз,Павлодар,,,16-24,2.6
2019,пайыз,Павлодар,,,25-28,3.2
2019,пайыз,Павлодар,,,29-34,6.6
2019,пайыз,Павлодар,,,35-44,4.8
2019,пайыз,Павлодар,,,45-54,4.7
2019,пайыз,Павлодар,,,55-64,4.5
2019,пайыз,Солтүстік Қазақстан,,,16-24,3.6
2019,пайыз,Солтүстік Қазақстан,,,25-28,2.6
2019,пайыз,Солтүстік Қазақстан,,,29-34,6.8
2019,пайыз,Солтүстік Қазақстан,,,35-44,4.7
2019,пайыз,Солтүстік Қазақстан,,,45-54,5.6
2019,пайыз,Солтүстік Қазақстан,,,55-64,3.8
2019,пайыз,Түркістан,,,16-24,2.3
2019,пайыз,Түркістан,,,25-28,3.9
2019,пайыз,Түркістан,,,29-34,8.9
2019,пайыз,Түркістан,,,35-44,4.6
2019,пайыз,Түркістан,,,45-54,3.8
2019,пайыз,Түркістан,,,55-64,3.3
2019,пайыз,Шығыс Қазақстан,,,16-24,3.5
2019,пайыз,Шығыс Қазақстан,,,25-28,3.9
2019,пайыз,Шығыс Қазақстан,,,29-34,6.8
2019,пайыз,Шығыс Қазақстан,,,35-44,4.9
2019,пайыз,Шығыс Қазақстан,,,45-54,3.7
2019,пайыз,Шығыс Қазақстан,,,55-64,6.8
2019,пайыз,Нұр-Сұлтан қаласы,,,16-24,4.6
2019,пайыз,Нұр-Сұлтан қаласы,,,25-28,4.4
2019,пайыз,Нұр-Сұлтан қаласы,,,29-34,3.2
2019,пайыз,Нұр-Сұлтан қаласы,,,35-44,4.1
2019,пайыз,Нұр-Сұлтан қаласы,,,45-54,7.1
2019,пайыз,Нұр-Сұлтан қаласы,,,55-64,2.4
2019,пайыз,Алматы қаласы,,,16-24,5.0
2019,пайыз,Алматы қаласы,,,25-28,7.4
2019,пайыз,Алматы қаласы,,,29-34,7.1
2019,пайыз,Алматы қаласы,,,35-44,3.9
2019,пайыз,Алматы қаласы,,,45-54,3.7
2019,пайыз,Алматы қаласы,,,55-64,4.1
2019,пайыз,Шымкент қаласы,,,16-24,3.2
2019,пайыз,Шымкент қаласы,,,25-28,4.3
2019,пайыз,Шымкент қаласы,,,29-34,7.0
2019,пайыз,Шымкент қаласы,,,35-44,4.6
2019,пайыз,Шымкент қаласы,,,45-54,4.5
2019,пайыз,Шымкент қаласы,,,55-64,5.0
