Year,UNIT_MEASURE,Өңірлер,Аймақ,Жынысы,GeoCode,Value
2010,пайыз,,,,,5.7
2010,пайыз,Ақмола,,,KZAKM,6.2
2010,пайыз,Ақтөбе,,,KZAKT,1.4
2010,пайыз,Алматы,,,KZALM,6.4
2010,пайыз,Атырау,,,KZATY,3.5
2010,пайыз,Батыс Қазақстан,,,KZZAP,8.3
2010,пайыз,Жамбыл,,,KZZHA,8.1
2010,пайыз,Қарағанды,,,KZKAR,6.9
2010,пайыз,Қостанай,,,KZKUS,4.2
2010,пайыз,Қызылорда,,,KZKZY,7.6
2010,пайыз,Маңғыстау,,,KZMAN,8.3
2010,пайыз,Оңтүстік Қазақстан,,,KZONT,4.1
2010,пайыз,Павлодар,,,KZPAV,3.3
2010,пайыз,Солтүстік Қазақстан,,,KZSEV,4.6
2010,пайыз,Шығыс Қазақстан,,,KZVOS,8.9
2010,пайыз,Астана қаласы,,,KZNS,7.8
2010,пайыз,Алматы қаласы,,,KZALA,3.8
2010,пайыз,,,ерлер,,4.4
2010,пайыз,Ақмола,,ерлер,KZAKM,6.5
2010,пайыз,Ақтөбе,,ерлер,KZAKT,1.7
2010,пайыз,Алматы,,ерлер,KZALM,4.9
2010,пайыз,Атырау,,ерлер,KZATY,2.3
2010,пайыз,Батыс Қазақстан,,ерлер,KZZAP,7.9
2010,пайыз,Жамбыл,,ерлер,KZZHA,5.1
2010,пайыз,Қарағанды,,ерлер,KZKAR,3.8
2010,пайыз,Қостанай,,ерлер,KZKUS,3.8
2010,пайыз,Қызылорда,,ерлер,KZKZY,7.0
2010,пайыз,Маңғыстау,,ерлер,KZMAN,6.9
2010,пайыз,Оңтүстік Қазақстан,,ерлер,KZONT,1.9
2010,пайыз,Павлодар,,ерлер,KZPAV,2.7
2010,пайыз,Солтүстік Қазақстан,,ерлер,KZSEV,4.9
2010,пайыз,Шығыс Қазақстан,,ерлер,KZVOS,8.1
2010,пайыз,Астана қаласы,,ерлер,KZNS,3.2
2010,пайыз,Алматы қаласы,,ерлер,KZALA,3.0
2010,пайыз,,,әйелдер,,7.1
2010,пайыз,Ақмола,,әйелдер,KZAKM,6.0
2010,пайыз,Ақтөбе,,әйелдер,KZAKT,1.1
2010,пайыз,Алматы,,әйелдер,KZALM,7.8
2010,пайыз,Атырау,,әйелдер,KZATY,4.8
2010,пайыз,Батыс Қазақстан,,әйелдер,KZZAP,8.6
2010,пайыз,Жамбыл,,әйелдер,KZZHA,11.4
2010,пайыз,Қарағанды,,әйелдер,KZKAR,10.1
2010,пайыз,Қостанай,,әйелдер,KZKUS,4.6
2010,пайыз,Қызылорда,,әйелдер,KZKZY,8.2
2010,пайыз,Маңғыстау,,әйелдер,KZMAN,9.7
2010,пайыз,Оңтүстік Қазақстан,,әйелдер,KZONT,6.3
2010,пайыз,Павлодар,,әйелдер,KZPAV,4.0
2010,пайыз,Солтүстік Қазақстан,,әйелдер,KZSEV,4.3
2010,пайыз,Шығыс Қазақстан,,әйелдер,KZVOS,9.7
2010,пайыз,Астана қаласы,,әйелдер,KZNS,11.9
2010,пайыз,Алматы қаласы,,әйелдер,KZALA,4.5
2010,пайыз,,қала,,,5.7
2010,пайыз,Ақмола,қала,,KZAKM,5.6
2010,пайыз,Ақтөбе,қала,,KZAKT,2.3
2010,пайыз,Алматы,қала,,KZALM,5.8
2010,пайыз,Атырау,қала,,KZATY,3.4
2010,пайыз,Батыс Қазақстан,қала,,KZZAP,10.7
2010,пайыз,Жамбыл,қала,,KZZHA,8.2
2010,пайыз,Қарағанды,қала,,KZKAR,7.4
2010,пайыз,Қостанай,қала,,KZKUS,3.8
2010,пайыз,Қызылорда,қала,,KZKZY,9.1
2010,пайыз,Маңғыстау,қала,,KZMAN,8.3
2010,пайыз,Оңтүстік Қазақстан,қала,,KZONT,4.9
2010,пайыз,Павлодар,қала,,KZPAV,4.1
2010,пайыз,Солтүстік Қазақстан,қала,,KZSEV,3.7
2010,пайыз,Шығыс Қазақстан,қала,,KZVOS,6.3
2010,пайыз,Астана қаласы,қала,,KZNS,7.8
2010,пайыз,Алматы қаласы,қала,,KZALA,3.8
2010,пайыз,,ауыл,,,3.0
2010,пайыз,Ақмола,ауыл,,KZAKM,3.7
2010,пайыз,Ақтөбе,ауыл,,KZAKT,0.3
2010,пайыз,Алматы,ауыл,,KZALM,3.2
2010,пайыз,Атырау,ауыл,,KZATY,1.9
2010,пайыз,Батыс Қазақстан,ауыл,,KZZAP,3.7
2010,пайыз,Жамбыл,ауыл,,KZZHA,4.8
2010,пайыз,Қарағанды,ауыл,,KZKAR,2.8
2010,пайыз,Қостанай,ауыл,,KZKUS,2.6
2010,пайыз,Қызылорда,ауыл,,KZKZY,3.2
2010,пайыз,Маңғыстау,ауыл,,KZMAN,3.9
2010,пайыз,Оңтүстік Қазақстан,ауыл,,KZONT,1.9
2010,пайыз,Павлодар,ауыл,,KZPAV,1.1
2010,пайыз,Солтүстік Қазақстан,ауыл,,KZSEV,2.7
2010,пайыз,Түркістан,ауыл,,KZYUZ,6.8
2011,пайыз,,,,,5.1
2011,пайыз,Ақмола,,,KZAKM,5.2
2011,пайыз,Ақтөбе,,,KZAKT,1.2
2011,пайыз,Алматы,,,KZALM,6.0
2011,пайыз,Атырау,,,KZATY,2.3
2011,пайыз,Батыс Қазақстан,,,KZZAP,5.6
2011,пайыз,Жамбыл,,,KZZHA,7.3
2011,пайыз,Қарағанды,,,KZKAR,6.2
2011,пайыз,Қостанай,,,KZKUS,4.3
2011,пайыз,Қызылорда,,,KZKZY,6.6
2011,пайыз,Маңғыстау,,,KZMAN,7.7
2011,пайыз,Оңтүстік Қазақстан,,,KZONT,3.8
2011,пайыз,Павлодар,,,KZPAV,3.6
2011,пайыз,Солтүстік Қазақстан,,,KZSEV,5.4
2011,пайыз,Шығыс Қазақстан,,,KZVOS,8.5
2011,пайыз,Астана қаласы,,,KZNS,6.6
2011,пайыз,Алматы қаласы,,,KZALA,2.8
2011,пайыз,,,ерлер,,5.4
2011,пайыз,Ақмола,,ерлер,KZAKM,4.3
2011,пайыз,Ақтөбе,,ерлер,KZAKT,3.5
2011,пайыз,Алматы,,ерлер,KZALM,6.5
2011,пайыз,Атырау,,ерлер,KZATY,1.9
2011,пайыз,Батыс Қазақстан,,ерлер,KZZAP,3.4
2011,пайыз,Жамбыл,,ерлер,KZZHA,6.5
2011,пайыз,Қарағанды,,ерлер,KZKAR,5.6
2011,пайыз,Қостанай,,ерлер,KZKUS,4.5
2011,пайыз,Қызылорда,,ерлер,KZKZY,9.8
2011,пайыз,Маңғыстау,,ерлер,KZMAN,14.1
2011,пайыз,Оңтүстік Қазақстан,,ерлер,KZONT,5.5
2011,пайыз,Павлодар,,ерлер,KZPAV,3.1
2011,пайыз,Солтүстік Қазақстан,,ерлер,KZSEV,4.7
2011,пайыз,Шығыс Қазақстан,,ерлер,KZVOS,5.6
2011,пайыз,Астана қаласы,,ерлер,KZNS,5.2
2011,пайыз,Алматы қаласы,,ерлер,KZALA,2.9
2011,пайыз,,,әйелдер,,9.4
2011,пайыз,Ақмола,,әйелдер,KZAKM,6.1
2011,пайыз,Ақтөбе,,әйелдер,KZAKT,9.0
2011,пайыз,Алматы,,әйелдер,KZALM,11.7
2011,пайыз,Атырау,,әйелдер,KZATY,6.3
2011,пайыз,Батыс Қазақстан,,әйелдер,KZZAP,4.3
2011,пайыз,Жамбыл,,әйелдер,KZZHA,12.7
2011,пайыз,Қарағанды,,әйелдер,KZKAR,14.7
2011,пайыз,Қостанай,,әйелдер,KZKUS,5.3
2011,пайыз,Қызылорда,,әйелдер,KZKZY,15.6
2011,пайыз,Маңғыстау,,әйелдер,KZMAN,13.4
2011,пайыз,Оңтүстік Қазақстан,,әйелдер,KZONT,8.3
2011,пайыз,Павлодар,,әйелдер,KZPAV,5.8
2011,пайыз,Солтүстік Қазақстан,,әйелдер,KZSEV,8.8
2011,пайыз,Шығыс Қазақстан,,әйелдер,KZVOS,10.4
2011,пайыз,Астана қаласы,,әйелдер,KZNS,7.8
2011,пайыз,Алматы қаласы,,әйелдер,KZALA,6.7
2011,пайыз,,қала,,,6.8
2011,пайыз,Ақмола,қала,,KZAKM,5.0
2011,пайыз,Ақтөбе,қала,,KZAKT,7.4
2011,пайыз,Алматы,қала,,KZALM,10.7
2011,пайыз,Атырау,қала,,KZATY,3.8
2011,пайыз,Батыс Қазақстан,қала,,KZZAP,2.2
2011,пайыз,Жамбыл,қала,,KZZHA,7.1
2011,пайыз,Қарағанды,қала,,KZKAR,10.2
2011,пайыз,Қостанай,қала,,KZKUS,5.3
2011,пайыз,Қызылорда,қала,,KZKZY,13.6
2011,пайыз,Маңғыстау,қала,,KZMAN,10.0
2011,пайыз,Оңтүстік Қазақстан,қала,,KZONT,5.6
2011,пайыз,Павлодар,қала,,KZPAV,5.2
2011,пайыз,Солтүстік Қазақстан,қала,,KZSEV,7.8
2011,пайыз,Шығыс Қазақстан,қала,,KZVOS,7.4
2011,пайыз,Астана қаласы,қала,,KZNS,6.6
2011,пайыз,Алматы қаласы,қала,,KZALA,4.9
2011,пайыз,,ауыл,,,8.1
2011,пайыз,Ақмола,ауыл,,KZAKM,5.1
2011,пайыз,Ақтөбе,ауыл,,KZAKT,4.9
2011,пайыз,Алматы,ауыл,,KZALM,8.6
2011,пайыз,Атырау,ауыл,,KZATY,4.3
2011,пайыз,Батыс Қазақстан,ауыл,,KZZAP,5.3
2011,пайыз,Жамбыл,ауыл,,KZZHA,10.6
2011,пайыз,Қарағанды,ауыл,,KZKAR,10.3
2011,пайыз,Қостанай,ауыл,,KZKUS,4.7
2011,пайыз,Қызылорда,ауыл,,KZKZY,12.0
2011,пайыз,Маңғыстау,ауыл,,KZMAN,16.9
2011,пайыз,Оңтүстік Қазақстан,ауыл,,KZONT,8.0
2011,пайыз,Павлодар,ауыл,,KZPAV,2.6
2011,пайыз,Солтүстік Қазақстан,ауыл,,KZSEV,6.1
2011,пайыз,Түркістан,ауыл,,KZYUZ,8.6
2012,пайыз,,,,,5.9
2012,пайыз,Ақмола,,,KZAKM,5.4
2012,пайыз,Ақтөбе,,,KZAKT,1.2
2012,пайыз,Алматы,,,KZALM,9.0
2012,пайыз,Атырау,,,KZATY,4.0
2012,пайыз,Батыс Қазақстан,,,KZZAP,3.9
2012,пайыз,Жамбыл,,,KZZHA,7.4
2012,пайыз,Қарағанды,,,KZKAR,8.0
2012,пайыз,Қостанай,,,KZKUS,4.5
2012,пайыз,Қызылорда,,,KZKZY,10.1
2012,пайыз,Маңғыстау,,,KZMAN,9.8
2012,пайыз,Оңтүстік Қазақстан,,,KZONT,3.8
2012,пайыз,Павлодар,,,KZPAV,2.8
2012,пайыз,Солтүстік Қазақстан,,,KZSEV,6.4
2012,пайыз,Шығыс Қазақстан,,,KZVOS,5.1
2012,пайыз,Астана қаласы,,,KZNS,13.5
2012,пайыз,Алматы қаласы,,,KZALA,3.3
2012,пайыз,,,ерлер,,4.9
2012,пайыз,Ақмола,,ерлер,KZAKM,5.4
2012,пайыз,Ақтөбе,,ерлер,KZAKT,0.4
2012,пайыз,Алматы,,ерлер,KZALM,6.8
2012,пайыз,Атырау,,ерлер,KZATY,2.0
2012,пайыз,Батыс Қазақстан,,ерлер,KZZAP,3.5
2012,пайыз,Жамбыл,,ерлер,KZZHA,6.3
2012,пайыз,Қарағанды,,ерлер,KZKAR,5.7
2012,пайыз,Қостанай,,ерлер,KZKUS,3.3
2012,пайыз,Қызылорда,,ерлер,KZKZY,9.9
2012,пайыз,Маңғыстау,,ерлер,KZMAN,12.3
2012,пайыз,Оңтүстік Қазақстан,,ерлер,KZONT,2.3
2012,пайыз,Павлодар,,ерлер,KZPAV,2.0
2012,пайыз,Солтүстік Қазақстан,,ерлер,KZSEV,5.0
2012,пайыз,Шығыс Қазақстан,,ерлер,KZVOS,4.3
2012,пайыз,Астана қаласы,,ерлер,KZNS,12.7
2012,пайыз,Алматы қаласы,,ерлер,KZALA,3.8
2012,пайыз,,,әйелдер,,6.9
2012,пайыз,Ақмола,,әйелдер,KZAKM,5.4
2012,пайыз,Ақтөбе,,әйелдер,KZAKT,2.0
2012,пайыз,Алматы,,әйелдер,KZALM,11.1
2012,пайыз,Атырау,,әйелдер,KZATY,5.9
2012,пайыз,Батыс Қазақстан,,әйелдер,KZZAP,4.4
2012,пайыз,Жамбыл,,әйелдер,KZZHA,8.5
2012,пайыз,Қарағанды,,әйелдер,KZKAR,10.4
2012,пайыз,Қостанай,,әйелдер,KZKUS,5.8
2012,пайыз,Қызылорда,,әйелдер,KZKZY,10.3
2012,пайыз,Маңғыстау,,әйелдер,KZMAN,6.7
2012,пайыз,Оңтүстік Қазақстан,,әйелдер,KZONT,5.3
2012,пайыз,Павлодар,,әйелдер,KZPAV,3.6
2012,пайыз,Солтүстік Қазақстан,,әйелдер,KZSEV,8.0
2012,пайыз,Шығыс Қазақстан,,әйелдер,KZVOS,6.1
2012,пайыз,Астана қаласы,,әйелдер,KZNS,14.3
2012,пайыз,Алматы қаласы,,әйелдер,KZALA,3.0
2012,пайыз,,қала,,,5.9
2012,пайыз,Ақмола,қала,,KZAKM,6.7
2012,пайыз,Ақтөбе,қала,,KZAKT,2.0
2012,пайыз,Алматы,қала,,KZALM,10.0
2012,пайыз,Атырау,қала,,KZATY,3.8
2012,пайыз,Батыс Қазақстан,қала,,KZZAP,3.0
2012,пайыз,Жамбыл,қала,,KZZHA,9.4
2012,пайыз,Қарағанды,қала,,KZKAR,7.6
2012,пайыз,Қостанай,қала,,KZKUS,4.9
2012,пайыз,Қызылорда,қала,,KZKZY,10.9
2012,пайыз,Маңғыстау,қала,,KZMAN,3.6
2012,пайыз,Оңтүстік Қазақстан,қала,,KZONT,5.1
2012,пайыз,Павлодар,қала,,KZPAV,3.1
2012,пайыз,Солтүстік Қазақстан,қала,,KZSEV,7.6
2012,пайыз,Шығыс Қазақстан,қала,,KZVOS,3.2
2012,пайыз,Астана қаласы,қала,,KZNS,13.5
2012,пайыз,Алматы қаласы,қала,,KZALA,3.3
2012,пайыз,,ауыл,,,5.9
2012,пайыз,Ақмола,ауыл,,KZAKM,4.2
2012,пайыз,Ақтөбе,ауыл,,KZAKT,0.2
2012,пайыз,Алматы,ауыл,,KZALM,8.7
2012,пайыз,Атырау,ауыл,,KZATY,4.1
2012,пайыз,Батыс Қазақстан,ауыл,,KZZAP,4.7
2012,пайыз,Жамбыл,ауыл,,KZZHA,6.1
2012,пайыз,Қарағанды,ауыл,,KZKAR,9.3
2012,пайыз,Қостанай,ауыл,,KZKUS,4.2
2012,пайыз,Қызылорда,ауыл,,KZKZY,9.6
2012,пайыз,Маңғыстау,ауыл,,KZMAN,18.5
2012,пайыз,Оңтүстік Қазақстан,ауыл,,KZONT,3.0
2012,пайыз,Павлодар,ауыл,,KZPAV,2.2
2012,пайыз,Солтүстік Қазақстан,ауыл,,KZSEV,5.6
2012,пайыз,Түркістан,ауыл,,KZYUZ,8.2
2013,пайыз,,,,,5.8
2013,пайыз,Ақмола,,,KZAKM,5.1
2013,пайыз,Ақтөбе,,,KZAKT,1.9
2013,пайыз,Алматы,,,KZALM,7.9
2013,пайыз,Атырау,,,KZATY,4.3
2013,пайыз,Батыс Қазақстан,,,KZZAP,3.2
2013,пайыз,Жамбыл,,,KZZHA,4.8
2013,пайыз,Қарағанды,,,KZKAR,5.3
2013,пайыз,Қостанай,,,KZKUS,5.2
2013,пайыз,Қызылорда,,,KZKZY,9.88
2013,пайыз,Маңғыстау,,,KZMAN,8.4
2013,пайыз,Оңтүстік Қазақстан,,,KZONT,3.3
2013,пайыз,Павлодар,,,KZPAV,1.8
2013,пайыз,Солтүстік Қазақстан,,,KZSEV,6.3
2013,пайыз,Шығыс Қазақстан,,,KZVOS,7.3
2013,пайыз,Астана қаласы,,,KZNS,19.3
2013,пайыз,Алматы қаласы,,,KZALA,3.2
2013,пайыз,,,ерлер,,5.0
2013,пайыз,Ақмола,,ерлер,KZAKM,4.5
2013,пайыз,Ақтөбе,,ерлер,KZAKT,1.4
2013,пайыз,Алматы,,ерлер,KZALM,5.7
2013,пайыз,Атырау,,ерлер,KZATY,3.8
2013,пайыз,Батыс Қазақстан,,ерлер,KZZAP,3.1
2013,пайыз,Жамбыл,,ерлер,KZZHA,4.3
2013,пайыз,Қарағанды,,ерлер,KZKAR,4.8
2013,пайыз,Қостанай,,ерлер,KZKUS,5.2
2013,пайыз,Қызылорда,,ерлер,KZKZY,9.8
2013,пайыз,Маңғыстау,,ерлер,KZMAN,7.6
2013,пайыз,Оңтүстік Қазақстан,,ерлер,KZONT,1.6
2013,пайыз,Павлодар,,ерлер,KZPAV,1.1
2013,пайыз,Солтүстік Қазақстан,,ерлер,KZSEV,6.4
2013,пайыз,Шығыс Қазақстан,,ерлер,KZVOS,6.5
2013,пайыз,Астана қаласы,,ерлер,KZNS,17.8
2013,пайыз,Алматы қаласы,,ерлер,KZALA,3.4
2013,пайыз,,,әйелдер,,6.5
2013,пайыз,Ақмола,,әйелдер,KZAKM,5.7
2013,пайыз,Ақтөбе,,әйелдер,KZAKT,2.4
2013,пайыз,Алматы,,әйелдер,KZALM,10.0
2013,пайыз,Атырау,,әйелдер,KZATY,4.8
2013,пайыз,Батыс Қазақстан,,әйелдер,KZZAP,3.2
2013,пайыз,Жамбыл,,әйелдер,KZZHA,5.4
2013,пайыз,Қарағанды,,әйелдер,KZKAR,5.9
2013,пайыз,Қостанай,,әйелдер,KZKUS,5.1
2013,пайыз,Қызылорда,,әйелдер,KZKZY,9.8
2013,пайыз,Маңғыстау,,әйелдер,KZMAN,9.3
2013,пайыз,Оңтүстік Қазақстан,,әйелдер,KZONT,5.1
2013,пайыз,Павлодар,,әйелдер,KZPAV,2.5
2013,пайыз,Солтүстік Қазақстан,,әйелдер,KZSEV,6.3
2013,пайыз,Шығыс Қазақстан,,әйелдер,KZVOS,8.1
2013,пайыз,Астана қаласы,,әйелдер,KZNS,21.1
2013,пайыз,Алматы қаласы,,әйелдер,KZALA,3.0
2013,пайыз,,қала,,,5.8
2013,пайыз,Ақмола,қала,,KZAKM,5.0
2013,пайыз,Ақтөбе,қала,,KZAKT,1.7
2013,пайыз,Алматы,қала,,KZALM,5.8
2013,пайыз,Атырау,қала,,KZATY,5.6
2013,пайыз,Батыс Қазақстан,қала,,KZZAP,2.6
2013,пайыз,Жамбыл,қала,,KZZHA,4.3
2013,пайыз,Қарағанды,қала,,KZKAR,5.5
2013,пайыз,Қостанай,қала,,KZKUS,6.6
2013,пайыз,Қызылорда,қала,,KZKZY,9.5
2013,пайыз,Маңғыстау,қала,,KZMAN,7.2
2013,пайыз,Оңтүстік Қазақстан,қала,,KZONT,5.6
2013,пайыз,Павлодар,қала,,KZPAV,1.6
2013,пайыз,Солтүстік Қазақстан,қала,,KZSEV,4.5
2013,пайыз,Шығыс Қазақстан,қала,,KZVOS,4.3
2013,пайыз,Астана қаласы,қала,,KZNS,19.3
2013,пайыз,Алматы қаласы,қала,,KZALA,3.2
2013,пайыз,,ауыл,,,5.7
2013,пайыз,Ақмола,ауыл,,KZAKM,5.1
2013,пайыз,Ақтөбе,ауыл,,KZAKT,2.3
2013,пайыз,Алматы,ауыл,,KZALM,8.5
2013,пайыз,Атырау,ауыл,,KZATY,3.2
2013,пайыз,Батыс Қазақстан,ауыл,,KZZAP,3.7
2013,пайыз,Жамбыл,ауыл,,KZZHA,5.2
2013,пайыз,Қарағанды,ауыл,,KZKAR,4.8
2013,пайыз,Қостанай,ауыл,,KZKUS,3.8
2013,пайыз,Қызылорда,ауыл,,KZKZY,10.1
2013,пайыз,Маңғыстау,ауыл,,KZMAN,9.5
2013,пайыз,Оңтүстік Қазақстан,ауыл,,KZONT,1.9
2013,пайыз,Павлодар,ауыл,,KZPAV,2.1
2013,пайыз,Солтүстік Қазақстан,ауыл,,KZSEV,7.6
2013,пайыз,Түркістан,ауыл,,KZYUZ,11.5
2014,пайыз,,,,,7.0
2014,пайыз,Ақмола,,,KZAKM,4.5
2014,пайыз,Ақтөбе,,,KZAKT,6.8
2014,пайыз,Алматы,,,KZALM,7.6
2014,пайыз,Атырау,,,KZATY,4.7
2014,пайыз,Батыс Қазақстан,,,KZZAP,3.1
2014,пайыз,Жамбыл,,,KZZHA,9.6
2014,пайыз,Қарағанды,,,KZKAR,10.5
2014,пайыз,Қостанай,,,KZKUS,4.5
2014,пайыз,Қызылорда,,,KZKZY,12.4
2014,пайыз,Маңғыстау,,,KZMAN,14.5
2014,пайыз,Оңтүстік Қазақстан,,,KZONT,6.8
2014,пайыз,Павлодар,,,KZPAV,3.4
2014,пайыз,Солтүстік Қазақстан,,,KZSEV,6.6
2014,пайыз,Шығыс Қазақстан,,,KZVOS,5.7
2014,пайыз,Астана қаласы,,,KZNS,6.5
2014,пайыз,Алматы қаласы,,,KZALA,4.8
2014,пайыз,,,ерлер,,5.0
2014,пайыз,Ақмола,,ерлер,KZAKM,3.3
2014,пайыз,Ақтөбе,,ерлер,KZAKT,3.7
2014,пайыз,Алматы,,ерлер,KZALM,5.4
2014,пайыз,Атырау,,ерлер,KZATY,2.2
2014,пайыз,Батыс Қазақстан,,ерлер,KZZAP,2.8
2014,пайыз,Жамбыл,,ерлер,KZZHA,5.4
2014,пайыз,Қарағанды,,ерлер,KZKAR,5.3
2014,пайыз,Қостанай,,ерлер,KZKUS,4.6
2014,пайыз,Қызылорда,,ерлер,KZKZY,9.1
2014,пайыз,Маңғыстау,,ерлер,KZMAN,13.8
2014,пайыз,Оңтүстік Қазақстан,,ерлер,KZONT,5.3
2014,пайыз,Павлодар,,ерлер,KZPAV,2.2
2014,пайыз,Солтүстік Қазақстан,,ерлер,KZSEV,4.6
2014,пайыз,Шығыс Қазақстан,,ерлер,KZVOS,3.4
2014,пайыз,Астана қаласы,,ерлер,KZNS,4.7
2014,пайыз,Алматы қаласы,,ерлер,KZALA,3.9
2014,пайыз,,,әйелдер,,9.0
2014,пайыз,Ақмола,,әйелдер,KZAKM,5.8
2014,пайыз,Ақтөбе,,әйелдер,KZAKT,9.8
2014,пайыз,Алматы,,әйелдер,KZALM,9.9
2014,пайыз,Атырау,,әйелдер,KZATY,7.3
2014,пайыз,Батыс Қазақстан,,әйелдер,KZZAP,3.4
2014,пайыз,Жамбыл,,әйелдер,KZZHA,14.0
2014,пайыз,Қарағанды,,әйелдер,KZKAR,15.9
2014,пайыз,Қостанай,,әйелдер,KZKUS,4.4
2014,пайыз,Қызылорда,,әйелдер,KZKZY,16.0
2014,пайыз,Маңғыстау,,әйелдер,KZMAN,15.1
2014,пайыз,Оңтүстік Қазақстан,,әйелдер,KZONT,8.4
2014,пайыз,Павлодар,,әйелдер,KZPAV,4.6
2014,пайыз,Солтүстік Қазақстан,,әйелдер,KZSEV,8.8
2014,пайыз,Шығыс Қазақстан,,әйелдер,KZVOS,8.1
2014,пайыз,Астана қаласы,,әйелдер,KZNS,8.1
2014,пайыз,Алматы қаласы,,әйелдер,KZALA,5.6
2014,пайыз,,қала,,,6.3
2014,пайыз,Ақмола,қала,,KZAKM,4.0
2014,пайыз,Ақтөбе,қала,,KZAKT,8.0
2014,пайыз,Алматы,қала,,KZALM,7.6
2014,пайыз,Атырау,қала,,KZATY,4.3
2014,пайыз,Батыс Қазақстан,қала,,KZZAP,2.2
2014,пайыз,Жамбыл,қала,,KZZHA,6.9
2014,пайыз,Қарағанды,қала,,KZKAR,10.5
2014,пайыз,Қостанай,қала,,KZKUS,4.6
2014,пайыз,Қызылорда,қала,,KZKZY,14.4
2014,пайыз,Маңғыстау,қала,,KZMAN,9.9
2014,пайыз,Оңтүстік Қазақстан,қала,,KZONT,5.3
2014,пайыз,Павлодар,қала,,KZPAV,4.1
2014,пайыз,Солтүстік Қазақстан,қала,,KZSEV,7.3
2014,пайыз,Шығыс Қазақстан,қала,,KZVOS,4.8
2014,пайыз,Астана қаласы,қала,,KZNS,6.5
2014,пайыз,Алматы қаласы,қала,,KZALA,4.8
2014,пайыз,,ауыл,,,7.8
2014,пайыз,Ақмола,ауыл,,KZAKM,4.9
2014,пайыз,Ақтөбе,ауыл,,KZAKT,4.7
2014,пайыз,Алматы,ауыл,,KZALM,7.6
2014,пайыз,Атырау,ауыл,,KZATY,4.9
2014,пайыз,Батыс Қазақстан,ауыл,,KZZAP,4.2
2014,пайыз,Жамбыл,ауыл,,KZZHA,11.2
2014,пайыз,Қарағанды,ауыл,,KZKAR,10.7
2014,пайыз,Қостанай,ауыл,,KZKUS,4.4
2014,пайыз,Қызылорда,ауыл,,KZKZY,11.4
2014,пайыз,Маңғыстау,ауыл,,KZMAN,18.6
2014,пайыз,Оңтүстік Қазақстан,ауыл,,KZONT,7.8
2014,пайыз,Павлодар,ауыл,,KZPAV,2.0
2014,пайыз,Солтүстік Қазақстан,ауыл,,KZSEV,6.1
2014,пайыз,Түркістан,ауыл,,KZYUZ,7.0
2015,пайыз,,,,,7.9
2015,пайыз,Ақмола,,,KZAKM,7.7
2015,пайыз,Ақтөбе,,,KZAKT,8.0
2015,пайыз,Алматы,,,KZALM,8.2
2015,пайыз,Атырау,,,KZATY,7.0
2015,пайыз,Батыс Қазақстан,,,KZZAP,3.9
2015,пайыз,Жамбыл,,,KZZHA,12.9
2015,пайыз,Қарағанды,,,KZKAR,12.5
2015,пайыз,Қостанай,,,KZKUS,6.5
2015,пайыз,Қызылорда,,,KZKZY,7.6
2015,пайыз,Маңғыстау,,,KZMAN,9.9
2015,пайыз,Оңтүстік Қазақстан,,,KZONT,8.3
2015,пайыз,Павлодар,,,KZPAV,5.6
2015,пайыз,Солтүстік Қазақстан,,,KZSEV,7.2
2015,пайыз,Шығыс Қазақстан,,,KZVOS,7.6
2015,пайыз,Астана қаласы,,,KZNS,5.2
2015,пайыз,Алматы қаласы,,,KZALA,5.9
2015,пайыз,,,ерлер,,6.0
2015,пайыз,Ақмола,,ерлер,KZAKM,5.8
2015,пайыз,Ақтөбе,,ерлер,KZAKT,5.4
2015,пайыз,Алматы,,ерлер,KZALM,6.1
2015,пайыз,Атырау,,ерлер,KZATY,4.3
2015,пайыз,Батыс Қазақстан,,ерлер,KZZAP,3.5
2015,пайыз,Жамбыл,,ерлер,KZZHA,8.1
2015,пайыз,Қарағанды,,ерлер,KZKAR,7.2
2015,пайыз,Қостанай,,ерлер,KZKUS,6.0
2015,пайыз,Қызылорда,,ерлер,KZKZY,6.6
2015,пайыз,Маңғыстау,,ерлер,KZMAN,6.8
2015,пайыз,Оңтүстік Қазақстан,,ерлер,KZONT,7.4
2015,пайыз,Павлодар,,ерлер,KZPAV,5.0
2015,пайыз,Солтүстік Қазақстан,,ерлер,KZSEV,5.1
2015,пайыз,Шығыс Қазақстан,,ерлер,KZVOS,4.9
2015,пайыз,Астана қаласы,,ерлер,KZNS,4.4
2015,пайыз,Алматы қаласы,,ерлер,KZALA,5.2
2015,пайыз,,,әйелдер,,9.7
2015,пайыз,Ақмола,,әйелдер,KZAKM,9.7
2015,пайыз,Ақтөбе,,әйелдер,KZAKT,10.0
2015,пайыз,Алматы,,әйелдер,KZALM,10.5
2015,пайыз,Атырау,,әйелдер,KZATY,10.4
2015,пайыз,Батыс Қазақстан,,әйелдер,KZZAP,4.4
2015,пайыз,Жамбыл,,әйелдер,KZZHA,17.9
2015,пайыз,Қарағанды,,әйелдер,KZKAR,17.6
2015,пайыз,Қостанай,,әйелдер,KZKUS,7.1
2015,пайыз,Қызылорда,,әйелдер,KZKZY,8.8
2015,пайыз,Маңғыстау,,әйелдер,KZMAN,13.5
2015,пайыз,Оңтүстік Қазақстан,,әйелдер,KZONT,9.2
2015,пайыз,Павлодар,,әйелдер,KZPAV,6.2
2015,пайыз,Солтүстік Қазақстан,,әйелдер,KZSEV,9.7
2015,пайыз,Шығыс Қазақстан,,әйелдер,KZVOS,10.5
2015,пайыз,Астана қаласы,,әйелдер,KZNS,5.8
2015,пайыз,Алматы қаласы,,әйелдер,KZALA,6.4
2015,пайыз,,қала,,,6.6
2015,пайыз,Ақмола,қала,,KZAKM,6.6
2015,пайыз,Ақтөбе,қала,,KZAKT,6.3
2015,пайыз,Алматы,қала,,KZALM,7.7
2015,пайыз,Атырау,қала,,KZATY,7.4
2015,пайыз,Батыс Қазақстан,қала,,KZZAP,1.7
2015,пайыз,Жамбыл,қала,,KZZHA,14.9
2015,пайыз,Қарағанды,қала,,KZKAR,12.0
2015,пайыз,Қостанай,қала,,KZKUS,5.5
2015,пайыз,Қызылорда,қала,,KZKZY,7.2
2015,пайыз,Маңғыстау,қала,,KZMAN,6.3
2015,пайыз,Оңтүстік Қазақстан,қала,,KZONT,4.6
2015,пайыз,Павлодар,қала,,KZPAV,2.5
2015,пайыз,Солтүстік Қазақстан,қала,,KZSEV,9.2
2015,пайыз,Шығыс Қазақстан,қала,,KZVOS,6.3
2015,пайыз,Астана қаласы,қала,,KZNS,5.2
2015,пайыз,Алматы қаласы,қала,,KZALA,5.9
2015,пайыз,,ауыл,,,9.6
2015,пайыз,Ақмола,ауыл,,KZAKM,8.6
2015,пайыз,Ақтөбе,ауыл,,KZAKT,11.0
2015,пайыз,Алматы,ауыл,,KZALM,8.3
2015,пайыз,Атырау,ауыл,,KZATY,6.8
2015,пайыз,Батыс Қазақстан,ауыл,,KZZAP,6.2
2015,пайыз,Жамбыл,ауыл,,KZZHA,11.6
2015,пайыз,Қарағанды,ауыл,,KZKAR,14.3
2015,пайыз,Қостанай,ауыл,,KZKUS,7.6
2015,пайыз,Қызылорда,ауыл,,KZKZY,7.9
2015,пайыз,Маңғыстау,ауыл,,KZMAN,13.3
2015,пайыз,Оңтүстік Қазақстан,ауыл,,KZONT,11.5
2015,пайыз,Павлодар,ауыл,,KZPAV,12.7
2015,пайыз,Солтүстік Қазақстан,ауыл,,KZSEV,5.8
2015,пайыз,Түркістан,ауыл,,KZYUZ,9.7
2016,пайыз,,,,,7.2
2016,пайыз,Ақмола,,,KZAKM,5.8
2016,пайыз,Ақтөбе,,,KZAKT,5.1
2016,пайыз,Алматы,,,KZALM,7.6
2016,пайыз,Атырау,,,KZATY,7.1
2016,пайыз,Батыс Қазақстан,,,KZZAP,2.3
2016,пайыз,Жамбыл,,,KZZHA,11.7
2016,пайыз,Қарағанды,,,KZKAR,9.5
2016,пайыз,Қостанай,,,KZKUS,3.3
2016,пайыз,Қызылорда,,,KZKZY,10.1
2016,пайыз,Маңғыстау,,,KZMAN,14.2
2016,пайыз,Оңтүстік Қазақстан,,,KZONT,7.9
2016,пайыз,Павлодар,,,KZPAV,7.5
2016,пайыз,Солтүстік Қазақстан,,,KZSEV,8.6
2016,пайыз,Шығыс Қазақстан,,,KZVOS,4.6
2016,пайыз,Астана қаласы,,,KZNS,6.4
2016,пайыз,Алматы қаласы,,,KZALA,5.2
2016,пайыз,,,ерлер,,5.3
2016,пайыз,Ақмола,,ерлер,KZAKM,4.5
2016,пайыз,Ақтөбе,,ерлер,KZAKT,2.3
2016,пайыз,Алматы,,ерлер,KZALM,5.2
2016,пайыз,Атырау,,ерлер,KZATY,5.7
2016,пайыз,Батыс Қазақстан,,ерлер,KZZAP,2.2
2016,пайыз,Жамбыл,,ерлер,KZZHA,7.8
2016,пайыз,Қарағанды,,ерлер,KZKAR,5.9
2016,пайыз,Қостанай,,ерлер,KZKUS,2.9
2016,пайыз,Қызылорда,,ерлер,KZKZY,8.4
2016,пайыз,Маңғыстау,,ерлер,KZMAN,6.2
2016,пайыз,Оңтүстік Қазақстан,,ерлер,KZONT,6.5
2016,пайыз,Павлодар,,ерлер,KZPAV,7.1
2016,пайыз,Солтүстік Қазақстан,,ерлер,KZSEV,4.6
2016,пайыз,Шығыс Қазақстан,,ерлер,KZVOS,3.4
2016,пайыз,Астана қаласы,,ерлер,KZNS,4.9
2016,пайыз,Алматы қаласы,,ерлер,KZALA,4.7
2016,пайыз,,,әйелдер,,9.1
2016,пайыз,Ақмола,,әйелдер,KZAKM,7.2
2016,пайыз,Ақтөбе,,әйелдер,KZAKT,7.9
2016,пайыз,Алматы,,әйелдер,KZALM,10.3
2016,пайыз,Атырау,,әйелдер,KZATY,8.5
2016,пайыз,Батыс Қазақстан,,әйелдер,KZZAP,2.4
2016,пайыз,Жамбыл,,әйелдер,KZZHA,16.0
2016,пайыз,Қарағанды,,әйелдер,KZKAR,13.2
2016,пайыз,Қостанай,,әйелдер,KZKUS,3.7
2016,пайыз,Қызылорда,,әйелдер,KZKZY,12.0
2016,пайыз,Маңғыстау,,әйелдер,KZMAN,22.4
2016,пайыз,Оңтүстік Қазақстан,,әйелдер,KZONT,9.2
2016,пайыз,Павлодар,,әйелдер,KZPAV,7.9
2016,пайыз,Солтүстік Қазақстан,,әйелдер,KZSEV,12.5
2016,пайыз,Шығыс Қазақстан,,әйелдер,KZVOS,6.1
2016,пайыз,Астана қаласы,,әйелдер,KZNS,7.6
2016,пайыз,Алматы қаласы,,әйелдер,KZALA,5.6
2016,пайыз,,қала,,,5.8
2016,пайыз,Ақмола,қала,,KZAKM,4.0
2016,пайыз,Ақтөбе,қала,,KZAKT,3.8
2016,пайыз,Алматы,қала,,KZALM,8.5
2016,пайыз,Атырау,қала,,KZATY,8.1
2016,пайыз,Батыс Қазақстан,қала,,KZZAP,1.4
2016,пайыз,Жамбыл,қала,,KZZHA,12.0
2016,пайыз,Қарағанды,қала,,KZKAR,8.2
2016,пайыз,Қостанай,қала,,KZKUS,3.1
2016,пайыз,Қызылорда,қала,,KZKZY,10.8
2016,пайыз,Маңғыстау,қала,,KZMAN,14.8
2016,пайыз,Оңтүстік Қазақстан,қала,,KZONT,3.1
2016,пайыз,Павлодар,қала,,KZPAV,5.1
2016,пайыз,Солтүстік Қазақстан,қала,,KZSEV,9.6
2016,пайыз,Шығыс Қазақстан,қала,,KZVOS,2.4
2016,пайыз,Астана қаласы,қала,,KZNS,6.4
2016,пайыз,Алматы қаласы,қала,,KZALA,5.2
2016,пайыз,,ауыл,,,9.2
2016,пайыз,Ақмола,ауыл,,KZAKM,7.3
2016,пайыз,Ақтөбе,ауыл,,KZAKT,7.4
2016,пайыз,Алматы,ауыл,,KZALM,7.3
2016,пайыз,Атырау,ауыл,,KZATY,6.4
2016,пайыз,Батыс Қазақстан,ауыл,,KZZAP,3.4
2016,пайыз,Жамбыл,ауыл,,KZZHA,11.5
2016,пайыз,Қарағанды,ауыл,,KZKAR,14.8
2016,пайыз,Қостанай,ауыл,,KZKUS,3.6
2016,пайыз,Қызылорда,ауыл,,KZKZY,9.7
2016,пайыз,Маңғыстау,ауыл,,KZMAN,13.8
2016,пайыз,Оңтүстік Қазақстан,ауыл,,KZONT,12.3
2016,пайыз,Павлодар,ауыл,,KZPAV,13.4
2016,пайыз,Солтүстік Қазақстан,ауыл,,KZSEV,7.8
2016,пайыз,Түркістан,ауыл,,KZYUZ,8.3
2017,пайыз,,,,,6.4
2017,пайыз,Ақмола,,,KZAKM,6.1
2017,пайыз,Ақтөбе,,,KZAKT,4.8
2017,пайыз,Алматы,,,KZALM,6.7
2017,пайыз,Атырау,,,KZATY,7.2
2017,пайыз,Батыс Қазақстан,,,KZZAP,2.2
2017,пайыз,Жамбыл,,,KZZHA,9.3
2017,пайыз,Қарағанды,,,KZKAR,8.7
2017,пайыз,Қостанай,,,KZKUS,4.1
2017,пайыз,Қызылорда,,,KZKZY,6.4
2017,пайыз,Маңғыстау,,,KZMAN,6.6
2017,пайыз,Оңтүстік Қазақстан,,,KZONT,9.0
2017,пайыз,Павлодар,,,KZPAV,4.5
2017,пайыз,Солтүстік Қазақстан,,,KZSEV,6.6
2017,пайыз,Шығыс Қазақстан,,,KZVOS,5.9
2017,пайыз,Астана қаласы,,,KZNS,4.1
2017,пайыз,Алматы қаласы,,,KZALA,4.0
2017,пайыз,,,ерлер,,5.1
2017,пайыз,Ақмола,,ерлер,KZAKM,4.6
2017,пайыз,Ақтөбе,,ерлер,KZAKT,2.1
2017,пайыз,Алматы,,ерлер,KZALM,6.5
2017,пайыз,Атырау,,ерлер,KZATY,5.0
2017,пайыз,Батыс Қазақстан,,ерлер,KZZAP,1.9
2017,пайыз,Жамбыл,,ерлер,KZZHA,5.9
2017,пайыз,Қарағанды,,ерлер,KZKAR,6.4
2017,пайыз,Қостанай,,ерлер,KZKUS,3.5
2017,пайыз,Қызылорда,,ерлер,KZKZY,5.5
2017,пайыз,Маңғыстау,,ерлер,KZMAN,3.6
2017,пайыз,Оңтүстік Қазақстан,,ерлер,KZONT,8.2
2017,пайыз,Павлодар,,ерлер,KZPAV,4.8
2017,пайыз,Солтүстік Қазақстан,,ерлер,KZSEV,3.3
2017,пайыз,Шығыс Қазақстан,,ерлер,KZVOS,3.5
2017,пайыз,Астана қаласы,,ерлер,KZNS,3.8
2017,пайыз,Алматы қаласы,,ерлер,KZALA,3.3
2017,пайыз,,,әйелдер,,7.6
2017,пайыз,Ақмола,,әйелдер,KZAKM,7.8
2017,пайыз,Ақтөбе,,әйелдер,KZAKT,7.6
2017,пайыз,Алматы,,әйелдер,KZALM,6.9
2017,пайыз,Атырау,,әйелдер,KZATY,10.0
2017,пайыз,Батыс Қазақстан,,әйелдер,KZZAP,2.4
2017,пайыз,Жамбыл,,әйелдер,KZZHA,13.0
2017,пайыз,Қарағанды,,әйелдер,KZKAR,11.0
2017,пайыз,Қостанай,,әйелдер,KZKUS,4.6
2017,пайыз,Қызылорда,,әйелдер,KZKZY,7.3
2017,пайыз,Маңғыстау,,әйелдер,KZMAN,9.7
2017,пайыз,Оңтүстік Қазақстан,,әйелдер,KZONT,9.8
2017,пайыз,Павлодар,,әйелдер,KZPAV,4.2
2017,пайыз,Солтүстік Қазақстан,,әйелдер,KZSEV,10.3
2017,пайыз,Шығыс Қазақстан,,әйелдер,KZVOS,8.5
2017,пайыз,Астана қаласы,,әйелдер,KZNS,4.3
2017,пайыз,Алматы қаласы,,әйелдер,KZALA,4.6
2017,пайыз,,қала,,,4.9
2017,пайыз,Ақмола,қала,,KZAKM,4.7
2017,пайыз,Ақтөбе,қала,,KZAKT,4.2
2017,пайыз,Алматы,қала,,KZALM,6.0
2017,пайыз,Атырау,қала,,KZATY,8.3
2017,пайыз,Батыс Қазақстан,қала,,KZZAP,1.2
2017,пайыз,Жамбыл,қала,,KZZHA,8.2
2017,пайыз,Қарағанды,қала,,KZKAR,8.5
2017,пайыз,Қостанай,қала,,KZKUS,4.4
2017,пайыз,Қызылорда,қала,,KZKZY,5.5
2017,пайыз,Маңғыстау,қала,,KZMAN,6.0
2017,пайыз,Оңтүстік Қазақстан,қала,,KZONT,4.1
2017,пайыз,Павлодар,қала,,KZPAV,2.0
2017,пайыз,Солтүстік Қазақстан,қала,,KZSEV,8.1
2017,пайыз,Шығыс Қазақстан,қала,,KZVOS,4.6
2017,пайыз,Астана қаласы,қала,,KZNS,4.1
2017,пайыз,Алматы қаласы,қала,,KZALA,4.0
2017,пайыз,,ауыл,,,8.4
2017,пайыз,Ақмола,ауыл,,KZAKM,7.5
2017,пайыз,Ақтөбе,ауыл,,KZAKT,6.2
2017,пайыз,Алматы,ауыл,,KZALM,6.9
2017,пайыз,Атырау,ауыл,,KZATY,6.3
2017,пайыз,Батыс Қазақстан,ауыл,,KZZAP,3.1
2017,пайыз,Жамбыл,ауыл,,KZZHA,10.0
2017,пайыз,Қарағанды,ауыл,,KZKAR,9.8
2017,пайыз,Қостанай,ауыл,,KZKUS,3.7
2017,пайыз,Қызылорда,ауыл,,KZKZY,6.9
2017,пайыз,Маңғыстау,ауыл,,KZMAN,7.1
2017,пайыз,Оңтүстік Қазақстан,ауыл,,KZONT,13.2
2017,пайыз,Павлодар,ауыл,,KZPAV,11.3
2017,пайыз,Солтүстік Қазақстан,ауыл,,KZSEV,5.3
2017,пайыз,Түркістан,ауыл,,KZYUZ,8.4
2018,пайыз,,,,,6.0
2018,пайыз,Ақмола,,,KZAKM,4.4
2018,пайыз,Ақтөбе,,,KZAKT,6.5
2018,пайыз,Алматы,,,KZALM,6.1
2018,пайыз,Атырау,,,KZATY,5.7
2018,пайыз,Батыс Қазақстан,,,KZZAP,2.1
2018,пайыз,Жамбыл,,,KZZHA,5.9
2018,пайыз,Қарағанды,,,KZKAR,9.7
2018,пайыз,Қостанай,,,KZKUS,4.1
2018,пайыз,Қызылорда,,,KZKZY,4.0
2018,пайыз,Маңғыстау,,,KZMAN,5.4
2018,пайыз,Павлодар,,,KZPAV,4.2
2018,пайыз,Солтүстік Қазақстан,,,KZSEV,8.1
2018,пайыз,Түркістан,,,KZYUZ,11.4
2018,пайыз,Шығыс Қазақстан,,,KZVOS,4.1
2018,пайыз,Астана қаласы,,,KZNS,4.1
2018,пайыз,Алматы қаласы,,,KZALA,3.4
2018,пайыз,Шымкент қаласы,,,KZSHY,9.5
2018,пайыз,,,ерлер,,5.2
2018,пайыз,Ақмола,,ерлер,KZAKM,3.5
2018,пайыз,Ақтөбе,,ерлер,KZAKT,4.2
2018,пайыз,Алматы,,ерлер,KZALM,3.7
2018,пайыз,Атырау,,ерлер,KZATY,2.1
2018,пайыз,Батыс Қазақстан,,ерлер,KZZAP,1.6
2018,пайыз,Жамбыл,,ерлер,KZZHA,5.8
2018,пайыз,Қарағанды,,ерлер,KZKAR,7.0
2018,пайыз,Қостанай,,ерлер,KZKUS,3.5
2018,пайыз,Қызылорда,,ерлер,KZKZY,3.4
2018,пайыз,Маңғыстау,,ерлер,KZMAN,4.0
2018,пайыз,Павлодар,,ерлер,KZPAV,5.0
2018,пайыз,Солтүстік Қазақстан,,ерлер,KZSEV,4.3
2018,пайыз,Түркістан,,ерлер,KZYUZ,12.0
2018,пайыз,Шығыс Қазақстан,,ерлер,KZVOS,3.1
2018,пайыз,Астана қаласы,,ерлер,KZNS,4.1
2018,пайыз,Алматы қаласы,,ерлер,KZALA,2.7
2018,пайыз,Шымкент қаласы,,ерлер,KZSHY,10.9
2018,пайыз,,,әйелдер,,6.8
2018,пайыз,Ақмола,,әйелдер,KZAKM,5.5
2018,пайыз,Ақтөбе,,әйелдер,KZAKT,8.9
2018,пайыз,Алматы,,әйелдер,KZALM,8.6
2018,пайыз,Атырау,,әйелдер,KZATY,9.9
2018,пайыз,Батыс Қазақстан,,әйелдер,KZZAP,2.7
2018,пайыз,Жамбыл,,әйелдер,KZZHA,5.9
2018,пайыз,Қарағанды,,әйелдер,KZKAR,12.5
2018,пайыз,Қостанай,,әйелдер,KZKUS,4.8
2018,пайыз,Қызылорда,,әйелдер,KZKZY,4.8
2018,пайыз,Маңғыстау,,әйелдер,KZMAN,7.1
2018,пайыз,Павлодар,,әйелдер,KZPAV,3.4
2018,пайыз,Солтүстік Қазақстан,,әйелдер,KZSEV,12.1
2018,пайыз,Түркістан,,әйелдер,KZYUZ,10.8
2018,пайыз,Шығыс Қазақстан,,әйелдер,KZVOS,5.2
2018,пайыз,Астана қаласы,,әйелдер,KZNS,4.1
2018,пайыз,Алматы қаласы,,әйелдер,KZALA,4.0
2018,пайыз,Шымкент қаласы,,әйелдер,KZSHY,8.3
2018,пайыз,,қала,,,5.4
2018,пайыз,Ақмола,қала,,KZAKM,2.9
2018,пайыз,Ақтөбе,қала,,KZAKT,7.3
2018,пайыз,Алматы,қала,,KZALM,5.5
2018,пайыз,Атырау,қала,,KZATY,7.0
2018,пайыз,Батыс Қазақстан,қала,,KZZAP,1.4
2018,пайыз,Жамбыл,қала,,KZZHA,5.8
2018,пайыз,Қарағанды,қала,,KZKAR,9.9
2018,пайыз,Қостанай,қала,,KZKUS,4.2
2018,пайыз,Қызылорда,қала,,KZKZY,3.5
2018,пайыз,Маңғыстау,қала,,KZMAN,3.4
2018,пайыз,Павлодар,қала,,KZPAV,2.3
2018,пайыз,Солтүстік Қазақстан,қала,,KZSEV,9.7
2018,пайыз,Түркістан,қала,,KZYUZ,12.8
2018,пайыз,Шығыс Қазақстан,қала,,KZVOS,3.0
2018,пайыз,Астана қаласы,қала,,KZNS,4.1
2018,пайыз,Алматы қаласы,қала,,KZALA,3.4
2018,пайыз,Шымкент қаласы,қала,,KZSHY,9.5
2018,пайыз,,ауыл,,,6.9
2018,пайыз,Ақмола,ауыл,,KZAKM,5.8
2018,пайыз,Ақтөбе,ауыл,,KZAKT,5.3
2018,пайыз,Алматы,ауыл,,KZALM,6.2
2018,пайыз,Атырау,ауыл,,KZATY,4.8
2018,пайыз,Батыс Қазақстан,ауыл,,KZZAP,3.0
2018,пайыз,Жамбыл,ауыл,,KZZHA,5.9
2018,пайыз,Қарағанды,ауыл,,KZKAR,9.1
2018,пайыз,Қостанай,ауыл,,KZKUS,4.0
2018,пайыз,Қызылорда,ауыл,,KZKZY,4.3
2018,пайыз,Маңғыстау,ауыл,,KZMAN,6.6
2018,пайыз,Павлодар,ауыл,,KZPAV,10.0
2018,пайыз,Солтүстік Қазақстан,ауыл,,KZSEV,6.5
2018,пайыз,Шығыс Қазақстан,ауыл,,KZVOS,11.2
2018,пайыз,Түркістан,ауыл,,KZYUZ,6.0
2019,пайыз,,,,,5.2
2019,пайыз,Ақмола,,,KZAKM,4.9
2019,пайыз,Ақтөбе,,,KZAKT,6.4
2019,пайыз,Алматы,,,KZALM,4.5
2019,пайыз,Атырау,,,KZATY,5.2
2019,пайыз,Батыс Қазақстан,,,KZZAP,2.1
2019,пайыз,Жамбыл,,,KZZHA,4.5
2019,пайыз,Қарағанды,,,KZKAR,8.5
2019,пайыз,Қостанай,,,KZKUS,3.5
2019,пайыз,Қызылорда,,,KZKZY,5.6
2019,пайыз,Маңғыстау,,,KZMAN,5.7
2019,пайыз,Павлодар,,,KZPAV,3.6
2019,пайыз,Солтүстік Қазақстан,,,KZSEV,6.9
2019,пайыз,Түркістан,,,KZYUZ,9.7
2019,пайыз,Шығыс Қазақстан,,,KZVOS,4.8
2019,пайыз,Астана қаласы,,,KZNS,2.0
2019,пайыз,Алматы қаласы,,,KZALA,3.4
2019,пайыз,Шымкент қаласы,,,KZSHY,5.1
2019,пайыз,,,ерлер,,3.6
2019,пайыз,Ақмола,,ерлер,KZAKM,2.9
2019,пайыз,Ақтөбе,,ерлер,KZAKT,5.2
2019,пайыз,Алматы,,ерлер,KZALM,3.2
2019,пайыз,Атырау,,ерлер,KZATY,5.5
2019,пайыз,Батыс Қазақстан,,ерлер,KZZAP,1.8
2019,пайыз,Жамбыл,,ерлер,KZZHA,4.0
2019,пайыз,Қарағанды,,ерлер,KZKAR,5.8
2019,пайыз,Қостанай,,ерлер,KZKUS,3.1
2019,пайыз,Қызылорда,,ерлер,KZKZY,5.1
2019,пайыз,Маңғыстау,,ерлер,KZMAN,3.5
2019,пайыз,Павлодар,,ерлер,KZPAV,3.4
2019,пайыз,Солтүстік Қазақстан,,ерлер,KZSEV,4.0
2019,пайыз,Түркістан,,ерлер,KZYUZ,3.8
2019,пайыз,Шығыс Қазақстан,,ерлер,KZVOS,2.7
2019,пайыз,Астана қаласы,,ерлер,KZNS,1.9
2019,пайыз,Алматы қаласы,,ерлер,KZALA,1.9
2019,пайыз,Шымкент қаласы,,ерлер,KZSHY,6.3
2019,пайыз,,,әйелдер,,6.7
2019,пайыз,Ақмола,,әйелдер,KZAKM,7.0
2019,пайыз,Ақтөбе,,әйелдер,KZAKT,7.6
2019,пайыз,Алматы,,әйелдер,KZALM,6.0
2019,пайыз,Атырау,,әйелдер,KZATY,4.8
2019,пайыз,Батыс Қазақстан,,әйелдер,KZZAP,2.3
2019,пайыз,Жамбыл,,әйелдер,KZZHA,5.0
2019,пайыз,Қарағанды,,әйелдер,KZKAR,11.5
2019,пайыз,Қостанай,,әйелдер,KZKUS,3.8
2019,пайыз,Қызылорда,,әйелдер,KZKZY,6.2
2019,пайыз,Маңғыстау,,әйелдер,KZMAN,8.2
2019,пайыз,Павлодар,,әйелдер,KZPAV,3.9
2019,пайыз,Солтүстік Қазақстан,,әйелдер,KZSEV,10.3
2019,пайыз,Түркістан,,әйелдер,KZYUZ,15.5
2019,пайыз,Шығыс Қазақстан,,әйелдер,KZVOS,6.9
2019,пайыз,Астана қаласы,,әйелдер,KZNS,2.1
2019,пайыз,Алматы қаласы,,әйелдер,KZALA,4.5
2019,пайыз,Шымкент қаласы,,әйелдер,KZSHY,4.0
2019,пайыз,,қала,,,4.6
2019,пайыз,Ақмола,қала,,KZAKM,4.4
2019,пайыз,Ақтөбе,қала,,KZAKT,6.3
2019,пайыз,Алматы,қала,,KZALM,5.8
2019,пайыз,Атырау,қала,,KZATY,6.1
2019,пайыз,Батыс Қазақстан,қала,,KZZAP,1.4
2019,пайыз,Жамбыл,қала,,KZZHA,5.3
2019,пайыз,Қарағанды,қала,,KZKAR,8.3
2019,пайыз,Қостанай,қала,,KZKUS,2.8
2019,пайыз,Қызылорда,қала,,KZKZY,5.4
2019,пайыз,Маңғыстау,қала,,KZMAN,2.8
2019,пайыз,Павлодар,қала,,KZPAV,2.2
2019,пайыз,Солтүстік Қазақстан,қала,,KZSEV,7.1
2019,пайыз,Түркістан,қала,,KZYUZ,11.2
2019,пайыз,Шығыс Қазақстан,қала,,KZVOS,4.4
2019,пайыз,Астана қаласы,қала,,KZNS,2.0
2019,пайыз,Алматы қаласы,қала,,KZALA,3.4
2019,пайыз,Шымкент қаласы,қала,,KZSHY,5.1
2019,пайыз,,ауыл,,,6.0
2019,пайыз,Ақмола,ауыл,,KZAKM,5.3
2019,пайыз,Ақтөбе,ауыл,,KZAKT,6.7
2019,пайыз,Алматы,ауыл,,KZALM,4.2
2019,пайыз,Атырау,ауыл,,KZATY,4.3
2019,пайыз,Батыс Қазақстан,ауыл,,KZZAP,2.8
2019,пайыз,Жамбыл,ауыл,,KZZHA,4.0
2019,пайыз,Қарағанды,ауыл,,KZKAR,9.2
2019,пайыз,Қостанай,ауыл,,KZKUS,4.2
2019,пайыз,Қызылорда,ауыл,,KZKZY,5.8
2019,пайыз,Маңғыстау,ауыл,,KZMAN,7.3
2019,пайыз,Павлодар,ауыл,,KZPAV,7.8
2019,пайыз,Солтүстік Қазақстан,ауыл,,KZSEV,6.6
2019,пайыз,Шығыс Қазақстан,ауыл,,KZVOS,9.5
2019,пайыз,Түркістан,ауыл,,KZYUZ,5.7
2020,пайыз,,,,,4.9
2020,пайыз,Ақмола,,,KZAKM,6.6
2020,пайыз,Ақтөбе,,,KZAKT,6.1
2020,пайыз,Алматы,,,KZALM,3.1
2020,пайыз,Атырау,,,KZATY,5.3
2020,пайыз,Батыс Қазақстан,,,KZZAP,2.3
2020,пайыз,Жамбыл,,,KZZHA,5.6
2020,пайыз,Қарағанды,,,KZKAR,8.5
2020,пайыз,Қостанай,,,KZKUS,3.2
2020,пайыз,Қызылорда,,,KZKZY,5.5
2020,пайыз,Маңғыстау,,,KZMAN,4.9
2020,пайыз,Павлодар,,,KZPAV,3.3
2020,пайыз,Солтүстік Қазақстан,,,KZSEV,6.3
2020,пайыз,Түркістан,,,KZYUZ,5.5
2020,пайыз,Шығыс Қазақстан,,,KZVOS,6.2
2020,пайыз,Астана қаласы,,,KZNS,6.5
2020,пайыз,Алматы қаласы,,,KZALA,3.8
2020,пайыз,Шымкент қаласы,,,KZSHY,3.9
2020,пайыз,,,ерлер,,2.7
2020,пайыз,Ақмола,,ерлер,KZAKM,2.7
2020,пайыз,Ақтөбе,,ерлер,KZAKT,2.2
2020,пайыз,Алматы,,ерлер,KZALM,1.7
2020,пайыз,Атырау,,ерлер,KZATY,2.7
2020,пайыз,Батыс Қазақстан,,ерлер,KZZAP,1.3
2020,пайыз,Жамбыл,,ерлер,KZZHA,4.6
2020,пайыз,Қарағанды,,ерлер,KZKAR,3.4
2020,пайыз,Қостанай,,ерлер,KZKUS,1.5
2020,пайыз,Қызылорда,,ерлер,KZKZY,2.8
2020,пайыз,Маңғыстау,,ерлер,KZMAN,2.6
2020,пайыз,Павлодар,,ерлер,KZPAV,2.7
2020,пайыз,Солтүстік Қазақстан,,ерлер,KZSEV,3.3
2020,пайыз,Түркістан,,ерлер,KZYUZ,3.0
2020,пайыз,Шығыс Қазақстан,,ерлер,KZVOS,4.1
2020,пайыз,Астана қаласы,,ерлер,KZNS,4.0
2020,пайыз,Алматы қаласы,,ерлер,KZALA,2.0
2020,пайыз,Шымкент қаласы,,ерлер,KZSHY,1.9
2020,пайыз,,,әйелдер,,5.9
2020,пайыз,Ақмола,,әйелдер,KZAKM,9.1
2020,пайыз,Ақтөбе,,әйелдер,KZAKT,8.5
2020,пайыз,Алматы,,әйелдер,KZALM,4.2
2020,пайыз,Атырау,,әйелдер,KZATY,6.5
2020,пайыз,Батыс Қазақстан,,әйелдер,KZZAP,2.6
2020,пайыз,Жамбыл,,әйелдер,KZZHA,5.3
2020,пайыз,Қарағанды,,әйелдер,KZKAR,11.7
2020,пайыз,Қостанай,,әйелдер,KZKUS,4.0
2020,пайыз,Қызылорда,,әйелдер,KZKZY,6.6
2020,пайыз,Маңғыстау,,әйелдер,KZMAN,6.0
2020,пайыз,Павлодар,,әйелдер,KZPAV,4.3
2020,пайыз,Солтүстік Қазақстан,,әйелдер,KZSEV,7.4
2020,пайыз,Түркістан,,әйелдер,KZYUZ,6.0
2020,пайыз,Шығыс Қазақстан,,әйелдер,KZVOS,7.0
2020,пайыз,Астана қаласы,,әйелдер,KZNS,6.6
2020,пайыз,Алматы қаласы,,әйелдер,KZALA,4.4
2020,пайыз,Шымкент қаласы,,әйелдер,KZSHY,4.5
2020,пайыз,,қала,,,4.9
2020,пайыз,Ақмола,қала,,KZAKM,5.2
2020,пайыз,Ақтөбе,қала,,KZAKT,5.8
2020,пайыз,Алматы,қала,,KZALM,4.6
2020,пайыз,Атырау,қала,,KZATY,5.7
2020,пайыз,Батыс Қазақстан,қала,,KZZAP,1.5
2020,пайыз,Жамбыл,қала,,KZZHA,5.6
2020,пайыз,Қарағанды,қала,,KZKAR,8.7
2020,пайыз,Қостанай,қала,,KZKUS,1.9
2020,пайыз,Қызылорда,қала,,KZKZY,4.0
2020,пайыз,Маңғыстау,қала,,KZMAN,4.2
2020,пайыз,Павлодар,қала,,KZPAV,3.3
2020,пайыз,Солтүстік Қазақстан,қала,,KZSEV,5.6
2020,пайыз,Түркістан,қала,,KZYUZ,4.5
2020,пайыз,Шығыс Қазақстан,қала,,KZVOS,6.2
2020,пайыз,Астана қаласы,қала,,KZNS,6.5
2020,пайыз,Алматы қаласы,қала,,KZALA,3.8
2020,пайыз,Шымкент қаласы,қала,,KZSHY,3.9
2020,пайыз,,ауыл,,,5.0
2020,пайыз,Ақмола,ауыл,,KZAKM,7.8
2020,пайыз,Ақтөбе,ауыл,,KZAKT,6.6
2020,пайыз,Алматы,ауыл,,KZALM,2.8
2020,пайыз,Атырау,ауыл,,KZATY,4.9
2020,пайыз,Батыс Қазақстан,ауыл,,KZZAP,3.2
2020,пайыз,Жамбыл,ауыл,,KZZHA,5.7
2020,пайыз,Қарағанды,ауыл,,KZKAR,7.7
2020,пайыз,Қостанай,ауыл,,KZKUS,4.8
2020,пайыз,Қызылорда,ауыл,,KZKZY,5.8
2020,пайыз,Маңғыстау,ауыл,,KZMAN,6.4
2020,пайыз,Павлодар,ауыл,,KZPAV,5.4
2020,пайыз,Солтүстік Қазақстан,ауыл,,KZSEV,6.8
2020,пайыз,Шығыс Қазақстан,ауыл,,KZVOS,5.7
2020,пайыз,Түркістан,ауыл,,KZYUZ,6.1
2021,пайыз,,,,,5.0
2021,пайыз,Ақмола,,,KZAKM,7.3
2021,пайыз,Ақтөбе,,,KZAKT,6.7
2021,пайыз,Алматы,,,KZALM,3.7
2021,пайыз,Атырау,,,KZATY,5.4
2021,пайыз,Батыс Қазақстан,,,KZZAP,2.3
2021,пайыз,Жамбыл,,,KZZHA,6.3
2021,пайыз,Қарағанды,,,KZKAR,7.3
2021,пайыз,Қостанай,,,KZKUS,4.0
2021,пайыз,Қызылорда,,,KZKZY,6.2
2021,пайыз,Маңғыстау,,,KZMAN,5.1
2021,пайыз,Павлодар,,,KZPAV,4.4
2021,пайыз,Солтүстік Қазақстан,,,KZSEV,6.3
2021,пайыз,Түркістан,,,KZYUZ,6.5
2021,пайыз,Шығыс Қазақстан,,,KZVOS,5.1
2021,пайыз,Астана қаласы,,,KZNS,4.3
2021,пайыз,Алматы қаласы,,,KZALA,3.9
2021,пайыз,Шымкент қаласы,,,KZSHY,4.0
2021,пайыз,,,ерлер,,3.9
2021,пайыз,Ақмола,,ерлер,KZAKM,4.4
2021,пайыз,Ақтөбе,,ерлер,KZAKT,6.7
2021,пайыз,Алматы,,ерлер,KZALM,2.5
2021,пайыз,Атырау,,ерлер,KZATY,4.0
2021,пайыз,Батыс Қазақстан,,ерлер,KZZAP,1.8
2021,пайыз,Жамбыл,,ерлер,KZZHA,5.2
2021,пайыз,Қарағанды,,ерлер,KZKAR,5.3
2021,пайыз,Қостанай,,ерлер,KZKUS,3.1
2021,пайыз,Қызылорда,,ерлер,KZKZY,5.1
2021,пайыз,Маңғыстау,,әйелдер,KZMAN,3.6
2021,пайыз,Павлодар,,ерлер,KZPAV,3.9
2021,пайыз,Солтүстік Қазақстан,,ерлер,KZSEV,4.5
2021,пайыз,Түркістан,,ерлер,KZYUZ,4.9
2021,пайыз,Шығыс Қазақстан,,ерлер,KZVOS,4.2
2021,пайыз,Астана қаласы,,ерлер,KZNS,3.7
2021,пайыз,Алматы қаласы,,ерлер,KZALA,3.2
2021,пайыз,Шымкент қаласы,,ерлер,KZSHY,2.6
2021,пайыз,,,әйелдер,,6.1
2021,пайыз,Ақмола,,әйелдер,KZAKM,10.5
2021,пайыз,Ақтөбе,,әйелдер,KZAKT,6.6
2021,пайыз,Алматы,,әйелдер,KZALM,5.0
2021,пайыз,Атырау,,әйелдер,KZATY,6.9
2021,пайыз,Батыс Қазақстан,,әйелдер,KZZAP,2.9
2021,пайыз,Жамбыл,,әйелдер,KZZHA,7.5
2021,пайыз,Қарағанды,,әйелдер,KZKAR,9.4
2021,пайыз,Қостанай,,әйелдер,KZKUS,5.1
2021,пайыз,Қызылорда,,әйелдер,KZKZY,7.5
2021,пайыз,Маңғыстау,,әйелдер,KZMAN,6.8
2021,пайыз,Павлодар,,әйелдер,KZPAV,5.0
2021,пайыз,Солтүстік Қазақстан,,әйелдер,KZSEV,8.4
2021,пайыз,Түркістан,,әйелдер,KZYUZ,8.4
2021,пайыз,Шығыс Қазақстан,,әйелдер,KZVOS,5.9
2021,пайыз,Астана қаласы,,әйелдер,KZNS,4.8
2021,пайыз,Алматы қаласы,,әйелдер,KZALA,4.3
2021,пайыз,Шымкент қаласы,,әйелдер,KZSHY,5.2
2021,пайыз,,қала,,,4.6
2021,пайыз,Ақмола,қала,,KZAKM,5.5
2021,пайыз,Ақтөбе,қала,,KZAKT,6.2
2021,пайыз,Алматы,қала,,KZALM,5.8
2021,пайыз,Атырау,қала,,KZATY,4.3
2021,пайыз,Батыс Қазақстан,қала,,KZZAP,1.5
2021,пайыз,Жамбыл,қала,,KZZHA,7.0
2021,пайыз,Қарағанды,қала,,KZKAR,7.6
2021,пайыз,Қостанай,қала,,KZKUS,3.6
2021,пайыз,Қызылорда,қала,,KZKZY,4.8
2021,пайыз,Маңғыстау,қала,,KZMAN,3.6
2021,пайыз,Павлодар,қала,,KZPAV,2.7
2021,пайыз,Солтүстік Қазақстан,қала,,KZSEV,6.8
2021,пайыз,Түркістан,қала,,KZYUZ,5.2
2021,пайыз,Шығыс Қазақстан,қала,,KZVOS,4.3
2021,пайыз,Астана қаласы,қала,,KZNS,4.3
2021,пайыз,Алматы қаласы,қала,,KZALA,3.9
2021,пайыз,Шымкент қаласы,қала,,KZSHY,4.0
2021,пайыз,,ауыл,,,5.7
2021,пайыз,Ақмола,ауыл,,KZAKM,8.9
2021,пайыз,Ақтөбе,ауыл,,KZAKT,7.8
2021,пайыз,Алматы,ауыл,,KZALM,3.2
2021,пайыз,Атырау,ауыл,,KZATY,6.5
2021,пайыз,Батыс Қазақстан,ауыл,,KZZAP,3.3
2021,пайыз,Жамбыл,ауыл,,KZZHA,5.9
2021,пайыз,Қарағанды,ауыл,,KZKAR,6.4
2021,пайыз,Қостанай,ауыл,,KZKUS,4.7
2021,пайыз,Қызылорда,ауыл,,KZKZY,7.0
2021,пайыз,Маңғыстау,ауыл,,KZMAN,6.2
2021,пайыз,Павлодар,ауыл,,KZPAV,8.5
2021,пайыз,Солтүстік Қазақстан,ауыл,,KZSEV,6.0
2021,пайыз,Шығыс Қазақстан,ауыл,,KZVOS,6.8
2021,пайыз,Түркістан,ауыл,,KZYUZ,6.9
2022,пайыз,,,,,4.6
2022,пайыз,Абай,,,KZABY,4.2
2022,пайыз,Ақмола,,,KZAKM,3.9
2022,пайыз,Ақтөбе,,,KZAKT,4.7
2022,пайыз,Алматы,,,KZALM,6.1
2022,пайыз,Атырау,,,KZATY,5.4
2022,пайыз,Батыс Қазақстан,,,KZZAP,2.1
2022,пайыз,Жамбыл,,,KZZHA,5.5
2022,пайыз,Жетісу,,,KZZHS,3.5
2022,пайыз,Қарағанды,,,KZKAR,6.5
2022,пайыз,Қостанай,,,KZKUS,3.2
2022,пайыз,Қызылорда,,,KZKZY,5.5
2022,пайыз,Маңғыстау,,,KZMAN,7.3
2022,пайыз,Павлодар,,,KZPAV,3.4
2022,пайыз,Солтүстік Қазақстан,,,KZSEV,6.6
2022,пайыз,Түркістан,,,KZYUZ,6.1
2022,пайыз,Ұлытау,,,KZULU,8.7
2022,пайыз,Шығыс Қазақстан,,,KZVOS,4.9
2022,пайыз,Астана қаласы,,,KZNS,3.0
2022,пайыз,Алматы қаласы,,,KZALA,3.8
2022,пайыз,Шымкент қаласы,,,KZSHY,2.6
2022,пайыз,,,ерлер,,3.4
2022,пайыз,Абай,,ерлер,KZABY,3.3
2022,пайыз,Ақмола,,ерлер,KZAKM,1.9
2022,пайыз,Ақтөбе,,ерлер,KZAKT,3.0
2022,пайыз,Алматы,,ерлер,KZALM,5.6
2022,пайыз,Атырау,,ерлер,KZATY,3.6
2022,пайыз,Батыс Қазақстан,,ерлер,KZZAP,1.5
2022,пайыз,Жамбыл,,ерлер,KZZHA,4.3
2022,пайыз,Жетісу,,ерлер,KZZHS,1.6
2022,пайыз,Қарағанды,,ерлер,KZKAR,4.3
2022,пайыз,Қостанай,,ерлер,KZKUS,2.1
2022,пайыз,Қызылорда,,ерлер,KZKZY,3.8
2022,пайыз,Маңғыстау,,ерлер,KZMAN,2.8
2022,пайыз,Павлодар,,ерлер,KZPAV,2.9
2022,пайыз,Солтүстік Қазақстан,,ерлер,KZSEV,3.6
2022,пайыз,Түркістан,,ерлер,KZYUZ,5.2
2022,пайыз,Ұлытау,,ерлер,KZULU,3.5
2022,пайыз,Шығыс Қазақстан,,ерлер,KZVOS,3.5
2022,пайыз,Астана қаласы,,ерлер,KZNS,3.1
2022,пайыз,Алматы қаласы,,ерлер,KZALA,2.5
2022,пайыз,Шымкент қаласы,,ерлер,KZSHY,2.2
2022,пайыз,,,әйелдер,,5.8
2022,пайыз,Ақмола,,әйелдер,KZAKM,5.1
2022,пайыз,Ақмола,,әйелдер,KZAKM,5.9
2022,пайыз,Ақтөбе,,әйелдер,KZAKT,6.5
2022,пайыз,Алматы,,әйелдер,KZALM,6.6
2022,пайыз,Атырау,,әйелдер,KZATY,7.3
2022,пайыз,Батыс Қазақстан,,әйелдер,KZZAP,2.6
2022,пайыз,Жамбыл,,әйелдер,KZZHA,6.9
2022,пайыз,Жетісу,,әйелдер,KZZHS,5.8
2022,пайыз,Қарағанды,,әйелдер,KZKAR,8.8
2022,пайыз,Қостанай,,әйелдер,KZKUS,4.4
2022,пайыз,Қызылорда,,әйелдер,KZKZY,7.3
2022,пайыз,Маңғыстау,,әйелдер,KZMAN,11.9
2022,пайыз,Павлодар,,әйелдер,KZPAV,3.9
2022,пайыз,Солтүстік Қазақстан,,әйелдер,KZSEV,9.9
2022,пайыз,Түркістан,,әйелдер,KZYUZ,7.1
2022,пайыз,Ұлытау,,әйелдер,KZULU,13.9
2022,пайыз,Шығыс Қазақстан,,әйелдер,KZVOS,6.4
2022,пайыз,Астана қаласы,,әйелдер,KZNS,2.9
2022,пайыз,Алматы қаласы,,әйелдер,KZALA,4.8
2022,пайыз,Шымкент қаласы,,әйелдер,KZSHY,3.0
2022,пайыз,,қала,,,3.8
2022,пайыз,Абай,қала,,KZABY,3.3
2022,пайыз,Ақмола,қала,,KZAKM,2.9
2022,пайыз,Ақтөбе,қала,,KZAKT,4.5
2022,пайыз,Алматы,қала,,KZALM,5.9
2022,пайыз,Атырау,қала,,KZATY,6.7
2022,пайыз,Батыс Қазақстан,қала,,KZZAP,1.3
2022,пайыз,Жамбыл,қала,,KZZHA,4.2
2022,пайыз,Жетісу,қала,,KZZHS,4.7
2022,пайыз,Қарағанды,қала,,KZKAR,6.8
2022,пайыз,Қостанай,қала,,KZKUS,2.6
2022,пайыз,Қызылорда,қала,,KZKZY,4.1
2022,пайыз,Маңғыстау,қала,,KZMAN,4.5
2022,пайыз,Павлодар,қала,,KZPAV,2.4
2022,пайыз,Солтүстік Қазақстан,қала,,KZSEV,6.1
2022,пайыз,Түркістан,қала,,KZYUZ,2.9
2022,пайыз,Ұлытау,қала,,KZULU,7.7
2022,пайыз,Шығыс Қазақстан,қала,,KZVOS,5.2
2022,пайыз,Астана қаласы,қала,,KZNS,3.0
2022,пайыз,Алматы қаласы,қала,,KZALA,3.8
2022,пайыз,Шымкент қаласы,қала,,KZSHY,2.6
2022,пайыз,,ауыл,,,5.9
2022,пайыз,Ақмола,ауыл,,KZAKM,7.0
2022,пайыз,Ақмола,ауыл,,KZAKM,5.2
2022,пайыз,Ақтөбе,ауыл,,KZAKT,5.6
2022,пайыз,Алматы,ауыл,,KZALM,6.1
2022,пайыз,Атырау,ауыл,,KZATY,4.2
2022,пайыз,Батыс Қазақстан,ауыл,,KZZAP,3.1
2022,пайыз,Жамбыл,ауыл,,KZZHA,6.6
2022,пайыз,Жетісу,ауыл,,KZZHS,2.7
2022,пайыз,Қарағанды,ауыл,,KZKAR,5.1
2022,пайыз,Қостанай,ауыл,,KZKUS,4.2
2022,пайыз,Қызылорда,ауыл,,KZKZY,6.4
2022,пайыз,Маңғыстау,ауыл,,KZMAN,10.8
2022,пайыз,Павлодар,ауыл,,KZPAV,6.0
2022,пайыз,Солтүстік Қазақстан,ауыл,,KZSEV,7.1
2022,пайыз,Шығыс Қазақстан,ауыл,,KZVOS,7.1
2022,пайыз,Ұлытау,ауыл,,KZULU,12.0
2022,пайыз,Түркістан,ауыл,,KZYUZ,4.3
2023,пайыз,,,,,6.0
2023,пайыз,Абай,,,KZABY,4.3
2023,пайыз,Ақмола,,,KZAKM,5.0
2023,пайыз,Ақтөбе,,,KZAKT,8.2
2023,пайыз,Алматы,,,KZALM,6.3
2023,пайыз,Атырау,,,KZATY,6.4
2023,пайыз,Батыс Қазақстан,,,KZZAP,3.1
2023,пайыз,Жамбыл,,,KZZHA,4.1
2023,пайыз,Жетісу,,,KZZHS,2.0
2023,пайыз,Қарағанды,,,KZKAR,6.8
2023,пайыз,Қостанай,,,KZKUS,3.8
2023,пайыз,Қызылорда,,,KZKZY,6.1
2023,пайыз,Маңғыстау,,,KZMAN,10.9
2023,пайыз,Павлодар,,,KZPAV,3.7
2023,пайыз,Солтүстік Қазақстан,,,KZSEV,8.3
2023,пайыз,Түркістан,,,KZYUZ,8.9
2023,пайыз,Ұлытау,,,KZULU,8.0
2023,пайыз,Шығыс Қазақстан,,,KZVOS,4.6
2023,пайыз,Астана қаласы,,,KZNS,5.8
2023,пайыз,Алматы қаласы,,,KZALA,5.2
2023,пайыз,Шымкент қаласы,,,KZSHY,6.5
2023,пайыз,,,ерлер,,3.3
2023,пайыз,Абай,,ерлер,KZABY,1.8
2023,пайыз,Ақмола,,ерлер,KZAKM,2.6
2023,пайыз,Ақтөбе,,ерлер,KZAKT,3.1
2023,пайыз,Алматы,,ерлер,KZALM,4.8
2023,пайыз,Атырау,,ерлер,KZATY,3.6
2023,пайыз,Батыс Қазақстан,,ерлер,KZZAP,1.6
2023,пайыз,Жамбыл,,ерлер,KZZHA,2.4
2023,пайыз,Жетісу,,ерлер,KZZHS,0.6
2023,пайыз,Қарағанды,,ерлер,KZKAR,2.5
2023,пайыз,Қостанай,,ерлер,KZKUS,2.0
2023,пайыз,Қызылорда,,ерлер,KZKZY,4.3
2023,пайыз,Маңғыстау,,ерлер,KZMAN,3.7
2023,пайыз,Павлодар,,ерлер,KZPAV,2.0
2023,пайыз,Солтүстік Қазақстан,,ерлер,KZSEV,4.2
2023,пайыз,Түркістан,,ерлер,KZYUZ,4.7
2023,пайыз,Ұлытау,,ерлер,KZULU,2.5
2023,пайыз,Шығыс Қазақстан,,ерлер,KZVOS,2.4
2023,пайыз,Астана қаласы,,ерлер,KZNS,3.1
2023,пайыз,Алматы қаласы,,ерлер,KZALA,3.0
2023,пайыз,Шымкент қаласы,,ерлер,KZSHY,4.0
2023,пайыз,,,әйелдер,,4.2
2023,пайыз,Абай,,әйелдер,KZABY,4.4
2023,пайыз,Ақмола,,әйелдер,KZAKM,4.2
2023,пайыз,Ақтөбе,,әйелдер,KZAKT,5.0
2023,пайыз,Алматы,,әйелдер,KZALM,7.5
2023,пайыз,Атырау,,әйелдер,KZATY,6.4
2023,пайыз,Батыс Қазақстан,,әйелдер,KZZAP,2.3
2023,пайыз,Жамбыл,,әйелдер,KZZHA,3.4
2023,пайыз,Жетісу,,әйелдер,KZZHS,2.5
2023,пайыз,Қарағанды,,әйелдер,KZKAR,4.7
2023,пайыз,Қостанай,,әйелдер,KZKUS,2.8
2023,пайыз,Қызылорда,,әйелдер,KZKZY,4.3
2023,пайыз,Маңғыстау,,әйелдер,KZMAN,12.1
2023,пайыз,Павлодар,,әйелдер,KZPAV,2.4
2023,пайыз,Солтүстік Қазақстан,,әйелдер,KZSEV,7.2
2023,пайыз,Түркістан,,әйелдер,KZYUZ,9.7
2023,пайыз,Ұлытау,,әйелдер,KZULU,5.9
2023,пайыз,Шығыс Қазақстан,,әйелдер,KZVOS,4.4
2023,пайыз,Астана қаласы,,әйелдер,KZNS,3.0
2023,пайыз,Алматы қаласы,,әйелдер,KZALA,2.8
2023,пайыз,Шымкент қаласы,,әйелдер,KZSHY,1.7
2023,пайыз,,қала,,,5.8
2023,пайыз,Абай,қала,,KZABY,3.5
2023,пайыз,Ақмола,қала,,KZAKM,4.1
2023,пайыз,Ақтөбе,қала,,KZAKT,17.7
2023,пайыз,Алматы,қала,,KZALM,2.4
2023,пайыз,Атырау,қала,,KZATY,5.5
2023,пайыз,Батыс Қазақстан,қала,,KZZAP,0.3
2023,пайыз,Жамбыл,қала,,KZZHA,4.7
2023,пайыз,Ұлытау,қала,,KZULU,0.8
2023,пайыз,Қарағанды,қала,,KZKAR,10.1
2023,пайыз,Қостанай,қала,,KZKUS,4.4
2023,пайыз,Қызылорда,қала,,KZKZY,6.1
2023,пайыз,Маңғыстау,қала,,KZMAN,6.9
2023,пайыз,Павлодар,қала,,KZPAV,2.6
2023,пайыз,Солтүстік Қазақстан,қала,,KZSEV,15.8
2023,пайыз,Түркістан,қала,,KZYUZ,23.2
2023,пайыз,Ұлытау,қала,,KZULU,10.6
2023,пайыз,Шығыс Қазақстан,қала,,KZVOS,1.5
2023,пайыз,Астана қаласы,қала,,KZNS,4.4
2023,пайыз,Алматы қаласы,қала,,KZALA,2.7
2023,пайыз,Шымкент қаласы,қала,18.8,KZSHY,
2023,пайыз,,ауыл,,,13.1
2023,пайыз,Абай,ауыл,,KZABY,5.4
2023,пайыз,Ақмола,ауыл,,KZAKM,13.4
2023,пайыз,Ақтөбе,ауыл,,KZAKT,19.9
2023,пайыз,Алматы,ауыл,,KZALM,5.7
2023,пайыз,Атырау,ауыл,,KZATY,12.7
2023,пайыз,Батыс Қазақстан,ауыл,,KZZAP,3.5
2023,пайыз,Жамбыл,ауыл,,KZZHA,3.4
2023,пайыз,Жетісу,ауыл,,KZZHS,4.3
2023,пайыз,Қарағанды,ауыл,,KZKAR,38.1
2023,пайыз,Қостанай,ауыл,,KZKUS,10.1
2023,пайыз,Қызылорда,ауыл,,KZKZY,12.4
2023,пайыз,Маңғыстау,ауыл,,KZMAN,20.5
2023,пайыз,Павлодар,ауыл,,KZPAV,15.4
2023,пайыз,Солтүстік Қазақстан,ауыл,,KZSEV,12.7
2023,пайыз,Шығыс Қазақстан,ауыл,,KZVOS,18.9
2023,пайыз,Ұлытау,ауыл,,KZULU,25.9
2023,пайыз,Түркістан,ауыл,,KZYUZ,9.1
