Year,UNIT_MEASURE,SERIES,Өңірлер,Value
2010,млн.тонна,Көліктің барлық түрлерімен жүк тасымалдау,,2439.3905
2010,млн.тонна,Құбыр жүргізетін көлікпен,,194.0
2010,млн.тонна,Темір жол көлігі,,267.9
2010,млн.тонна,Автокөлік,,1971.8
2010,млн.тонна,Әуе көлігімен,,0.289
2010,млн.тонна,Ішкі су көлігімен,,1.1199
2010,млн.тонна,Теңіз көлігімен,,4.655
2010,млн.тонна,,Ақмола,95.8478
2010,млн.тонна,,Ақтөбе,40.9726
2010,млн.тонна,,Алматы,116.6198
2010,млн.тонна,,Атырау,118.4847
2010,млн.тонна,,Батыс Қазақстан,30.2667
2010,млн.тонна,,Жамбыл,55.9545
2010,млн.тонна,,Қарағанды,443.9648
2010,млн.тонна,,Қостанай,221.5098
2010,млн.тонна,,Қызылорда,66.32430000000001
2010,млн.тонна,,Маңғыстау,141.5499
2010,млн.тонна,,Оңтүстік Қазақстан,77.4695
2010,млн.тонна,,Павлодар,78.54469999999999
2010,млн.тонна,,Солтүстік Қазақстан,40.0789
2010,млн.тонна,,Шығыс Қазақстан,327.3275
2010,млн.тонна,,Нұр-Сұлтан қаласы,66.7086
2010,млн.тонна,,Алматы қаласы,142.44289999999998
2010,млн.адам,Көліктің барлық түрлерімен жолаушыларды тасымалдау,,13186.4941
2010,млн.адам,Темір жол көлігімен,,19.6
2010,млн.адам,Автокөлік,,13083.9
2010,млн.адам,Ішкі су көлігімен,,0.1
2010,млн.адам,Әуе көлігімен,,3.4
2010,млн.адам,Қалалық электр көлігі,,79.53
2010,млн.адам,,Ақмола,1057.8989
2010,млн.адам,,Ақтөбе,163.5094
2010,млн.адам,,Алматы,436.6198
2010,млн.адам,,Атырау,95.3865
2010,млн.адам,,Батыс Қазақстан,270.428
2010,млн.адам,,Жамбыл,570.5845
2010,млн.адам,,Қарағанды,1440.6618999999998
2010,млн.адам,,Қостанай,1153.3571000000002
2010,млн.адам,,Қызылорда,139.7043
2010,млн.адам,,Маңғыстау,60.2485
2010,млн.адам,,Оңтүстік Қазақстан,1337.6321
2010,млн.адам,,Павлодар,798.2521999999999
2010,млн.адам,,Солтүстік Қазақстан,365.4984
2010,млн.адам,,Шығыс Қазақстан,1272.7242
2010,млн.адам,,Нұр-Сұлтан қаласы,1408.8999
2010,млн.адам,,Алматы қаласы,2595.527
2010,млн.тонна,_L_KZ_090102_1J,,1971.77081
2010,млн.тонна,_L_KZ_090102_1J,Ақмола,95.84779
2010,млн.тонна,_L_KZ_090102_1J,Ақтөбе,40.97257
2010,млн.тонна,_L_KZ_090102_1J,Алматы,116.61975
2010,млн.тонна,_L_KZ_090102_1J,Атырау,52.14737
2010,млн.тонна,_L_KZ_090102_1J,Батыс Қазақстан,30.02608
2010,млн.тонна,_L_KZ_090102_1J,Жамбыл,55.95452
2010,млн.тонна,_L_KZ_090102_1J,Қарағанды,443.96474
2010,млн.тонна,_L_KZ_090102_1J,Қостанай,221.50981
2010,млн.тонна,_L_KZ_090102_1J,Қызылорда,66.32433999999999
2010,млн.тонна,_L_KZ_090102_1J,Маңғыстау,136.89491
2010,млн.тонна,_L_KZ_090102_1J,Оңтүстік Қазақстан,77.46877
2010,млн.тонна,_L_KZ_090102_1J,Павлодар,57.84632
2010,млн.тонна,_L_KZ_090102_1J,Солтүстік Қазақстан,39.99885
2010,млн.тонна,_L_KZ_090102_1J,Шығыс Қазақстан,327.07152
2010,млн.тонна,_L_KZ_090102_1J,Нұр-Сұлтан қаласы,66.7086
2010,млн.тонна,_L_KZ_090102_1J,Алматы қаласы,142.41484
2010,млн.адам,Көліктің барлық түрлерімен жолаушыларды тасымалдау,,13163.44535
2010,млн.адам,Көліктің барлық түрлерімен жолаушыларды тасымалдау,Ақмола,1057.89889
2010,млн.адам,Көліктің барлық түрлерімен жолаушыларды тасымалдау,Ақтөбе,163.50942
2010,млн.адам,Көліктің барлық түрлерімен жолаушыларды тасымалдау,Алматы,436.59054
2010,млн.адам,Көліктің барлық түрлерімен жолаушыларды тасымалдау,Атырау,95.38183
2010,млн.адам,Көліктің барлық түрлерімен жолаушыларды тасымалдау,Батыс Қазақстан,270.39652
2010,млн.адам,Көліктің барлық түрлерімен жолаушыларды тасымалдау,Жамбыл,570.58449
2010,млн.адам,Көліктің барлық түрлерімен жолаушыларды тасымалдау,Қарағанды,1440.6431
2010,млн.адам,Көліктің барлық түрлерімен жолаушыларды тасымалдау,Қостанай,1153.35712
2010,млн.адам,Көліктің барлық түрлерімен жолаушыларды тасымалдау,Қызылорда,139.70432
2010,млн.адам,Көліктің барлық түрлерімен жолаушыларды тасымалдау,Маңғыстау,60.24853
2010,млн.адам,Көліктің барлық түрлерімен жолаушыларды тасымалдау,Оңтүстік Қазақстан,1336.96363
2010,млн.адам,Көліктің барлық түрлерімен жолаушыларды тасымалдау,Павлодар,798.19678
2010,млн.адам,Көліктің барлық түрлерімен жолаушыларды тасымалдау,Солтүстік Қазақстан,365.49836
2010,млн.адам,Көліктің барлық түрлерімен жолаушыларды тасымалдау,Шығыс Қазақстан,1272.70186
2010,млн.адам,Көліктің барлық түрлерімен жолаушыларды тасымалдау,Нұр-Сұлтан қаласы,1408.86605
2010,млн.адам,Көліктің барлық түрлерімен жолаушыларды тасымалдау,Алматы қаласы,2592.90391
2010,тонна,әуе көлікпен тасымалданған жүктер,,28869.7
2010,тонна,әуе көлікпен тасымалданған жүктер,Қарағанды,9.2
2010,тонна,әуе көлікпен тасымалданған жүктер,Оңтүстік Қазақстан,737.0
2010,тонна,әуе көлікпен тасымалданған жүктер,Шығыс Қазақстан,32.5
2010,тонна,әуе көлікпен тасымалданған жүктер,Алматы қаласы,28091.0
2010,мың.адам,әуе көлікпен тасымалданған жолаушылар,,3379.2
2010,мың.адам,әуе көлікпен тасымалданған жолаушылар,Алматы,29.3
2010,мың.адам,әуе көлікпен тасымалданған жолаушылар,Атырау,4.7
2010,мың.адам,әуе көлікпен тасымалданған жолаушылар,Қарағанды,18.8
2010,мың.адам,әуе көлікпен тасымалданған жолаушылар,Оңтүстік Қазақстан,668.5
2010,мың.адам,әуе көлікпен тасымалданған жолаушылар,Павлодар,4.0
2010,мың.адам,әуе көлікпен тасымалданған жолаушылар,Нұр-Сұлтан қаласы,16.1
2010,мың.адам,әуе көлікпен тасымалданған жолаушылар,Алматы қаласы,14.8
2010,мың.адам,әуе көлікпен тасымалданған жолаушылар,Шымкент қаласы,2623.1
2010,млн.тонна,құбыр көлігінің жұмыс көрсеткіштері,,193.9595
2010,млн.тонна,құбыр көлігінің жұмыс көрсеткіштері,Атырау,66.3373
2010,млн.тонна,құбыр көлігінің жұмыс көрсеткіштері,Павлодар,20.155
2010,млн.тонна,Перевезено грузов с морским транспортом,,4.655
2010,млн.тонна,Перевезено грузов с морским транспортом,Маңғыстау,4.655
2011,млн.тонна,Көліктің барлық түрлерімен жүк тасымалдау,,2974.9231
2011,млн.тонна,Құбыр жүргізетін көлікпен,,214.1
2011,млн.тонна,Темір жол көлігі,,279.7
2011,млн.тонна,Автокөлік,,2475.5
2011,млн.тонна,Әуе көлігімен,,0.316
2011,млн.тонна,Ішкі су көлігімен,,1.082
2011,млн.тонна,Теңіз көлігімен,,4.557
2011,млн.тонна,,Ақмола,112.3756
2011,млн.тонна,,Ақтөбе,54.524800000000006
2011,млн.тонна,,Алматы,142.6943
2011,млн.тонна,,Атырау,139.5758
2011,млн.тонна,,Батыс Қазақстан,33.960800000000006
2011,млн.тонна,,Жамбыл,70.458
2011,млн.тонна,,Қарағанды,551.1137
2011,млн.тонна,,Қостанай,268.028
2011,млн.тонна,,Қызылорда,95.518
2011,млн.тонна,,Маңғыстау,186.5845
2011,млн.тонна,,Оңтүстік Қазақстан,106.5048
2011,млн.тонна,,Павлодар,97.0415
2011,млн.тонна,,Солтүстік Қазақстан,46.1275
2011,млн.тонна,,Шығыс Қазақстан,418.2116
2011,млн.тонна,,Нұр-Сұлтан қаласы,97.2251
2011,млн.тонна,,Алматы қаласы,155.5848
2011,млн.адам,Көліктің барлық түрлерімен жолаушыларды тасымалдау,,16647.1626
2011,млн.адам,Темір жол көлігімен,,20.5
2011,млн.адам,Автокөлік,,16544.7
2011,млн.адам,Ішкі су көлігімен,,0.1
2011,млн.адам,Әуе көлігімен,,4.1
2011,млн.адам,Қалалық электр көлігі,,77.0
2011,млн.адам,,Ақмола,1385.7958999999998
2011,млн.адам,,Ақтөбе,199.3162
2011,млн.адам,,Алматы,550.8759
2011,млн.адам,,Атырау,126.935
2011,млн.адам,,Батыс Қазақстан,364.768
2011,млн.адам,,Жамбыл,745.8124
2011,млн.адам,,Қарағанды,1993.3222
2011,млн.адам,,Қостанай,1436.4622
2011,млн.адам,,Қызылорда,193.2167
2011,млн.адам,,Маңғыстау,73.79469999999999
2011,млн.адам,,Оңтүстік Қазақстан,1800.5132
2011,млн.адам,,Павлодар,1044.0959
2011,млн.адам,,Солтүстік Қазақстан,453.9025
2011,млн.адам,,Шығыс Қазақстан,1419.3384
2011,млн.адам,,Нұр-Сұлтан қаласы,1647.9137
2011,млн.адам,,Алматы қаласы,3190.5865
2011,млн.тонна,_L_KZ_090102_1J,,2475.46041
2011,млн.тонна,_L_KZ_090102_1J,Ақмола,112.3756
2011,млн.тонна,_L_KZ_090102_1J,Ақтөбе,54.52478
2011,млн.тонна,_L_KZ_090102_1J,Алматы,142.69432999999998
2011,млн.тонна,_L_KZ_090102_1J,Атырау,71.46303
2011,млн.тонна,_L_KZ_090102_1J,Батыс Қазақстан,33.808519999999994
2011,млн.тонна,_L_KZ_090102_1J,Жамбыл,70.45802
2011,млн.тонна,_L_KZ_090102_1J,Қарағанды,551.1137
2011,млн.тонна,_L_KZ_090102_1J,Қостанай,268.02796
2011,млн.тонна,_L_KZ_090102_1J,Қызылорда,95.51799
2011,млн.тонна,_L_KZ_090102_1J,Маңғыстау,182.02755
2011,млн.тонна,_L_KZ_090102_1J,Оңтүстік Қазақстан,106.50418
2011,млн.тонна,_L_KZ_090102_1J,Павлодар,70.22057000000001
2011,млн.тонна,_L_KZ_090102_1J,Солтүстік Қазақстан,46.00747
2011,млн.тонна,_L_KZ_090102_1J,Шығыс Қазақстан,417.93773
2011,млн.тонна,_L_KZ_090102_1J,Нұр-Сұлтан қаласы,97.22507
2011,млн.тонна,_L_KZ_090102_1J,Алматы қаласы,155.5539
2011,млн.адам,Көліктің барлық түрлерімен жолаушыларды тасымалдау,,16622.40527
2011,млн.адам,Көліктің барлық түрлерімен жолаушыларды тасымалдау,Ақмола,1385.79588
2011,млн.адам,Көліктің барлық түрлерімен жолаушыларды тасымалдау,Ақтөбе,199.31616
2011,млн.адам,Көліктің барлық түрлерімен жолаушыларды тасымалдау,Алматы,550.84811
2011,млн.адам,Көліктің барлық түрлерімен жолаушыларды тасымалдау,Атырау,126.93418
2011,млн.адам,Көліктің барлық түрлерімен жолаушыларды тасымалдау,Батыс Қазақстан,364.73008
2011,млн.адам,Көліктің барлық түрлерімен жолаушыларды тасымалдау,Жамбыл,745.81239
2011,млн.адам,Көліктің барлық түрлерімен жолаушыларды тасымалдау,Қарағанды,1993.31001
2011,млн.адам,Көліктің барлық түрлерімен жолаушыларды тасымалдау,Қостанай,1436.46222
2011,млн.адам,Көліктің барлық түрлерімен жолаушыларды тасымалдау,Қызылорда,193.21672
2011,млн.адам,Көліктің барлық түрлерімен жолаушыларды тасымалдау,Маңғыстау,73.77098
2011,млн.адам,Көліктің барлық түрлерімен жолаушыларды тасымалдау,Оңтүстік Қазақстан,1799.61302
2011,млн.адам,Көліктің барлық түрлерімен жолаушыларды тасымалдау,Павлодар,1044.05276
2011,млн.адам,Көліктің барлық түрлерімен жолаушыларды тасымалдау,Солтүстік Қазақстан,453.90255
2011,млн.адам,Көліктің барлық түрлерімен жолаушыларды тасымалдау,Шығыс Қазақстан,1419.31009
2011,млн.адам,Көліктің барлық түрлерімен жолаушыларды тасымалдау,Нұр-Сұлтан қаласы,1647.86794
2011,млн.адам,Көліктің барлық түрлерімен жолаушыларды тасымалдау,Алматы қаласы,3187.46218
2011,тонна,әуе көлікпен тасымалданған жүктер,,31554.9
2011,тонна,әуе көлікпен тасымалданған жүктер,Қарағанды,6.6
2011,тонна,әуе көлікпен тасымалданған жүктер,Оңтүстік Қазақстан,583.0
2011,тонна,әуе көлікпен тасымалданған жүктер,Шығыс Қазақстан,44.0
2011,тонна,әуе көлікпен тасымалданған жүктер,Алматы қаласы,30921.3
2011,мың.адам,әуе көлікпен тасымалданған жолаушылар,,4131.3
2011,мың.адам,әуе көлікпен тасымалданған жолаушылар,Алматы,27.8
2011,мың.адам,әуе көлікпен тасымалданған жолаушылар,Атырау,0.8
2011,мың.адам,әуе көлікпен тасымалданған жолаушылар,Қарағанды,12.2
2011,мың.адам,әуе көлікпен тасымалданған жолаушылар,Маңғыстау,23.8
2011,мың.адам,әуе көлікпен тасымалданған жолаушылар,Оңтүстік Қазақстан,900.2
2011,мың.адам,әуе көлікпен тасымалданған жолаушылар,Павлодар,0.8
2011,мың.адам,әуе көлікпен тасымалданған жолаушылар,Нұр-Сұлтан қаласы,17.2
2011,мың.адам,әуе көлікпен тасымалданған жолаушылар,Алматы қаласы,24.2
2011,мың.адам,әуе көлікпен тасымалданған жолаушылар,Шымкент қаласы,3124.3
2011,млн.тонна,құбыр көлігінің жұмыс көрсеткіштері,,214.079
2011,млн.тонна,құбыр көлігінің жұмыс көрсеткіштері,Атырау,68.1127
2011,млн.тонна,құбыр көлігінің жұмыс көрсеткіштері,Павлодар,26.2849
2011,млн.тонна,Перевезено грузов с морским транспортом,,4.557
2011,млн.тонна,Перевезено грузов с морским транспортом,Маңғыстау,4.557
2012,млн.тонна,Көліктің барлық түрлерімен жүк тасымалдау,,3231.8419
2012,млн.тонна,Құбыр жүргізетін көлікпен,,213.2
2012,млн.тонна,Темір жол көлігі,,294.8
2012,млн.тонна,Автокөлік,,2718.4
2012,млн.тонна,Әуе көлігімен,,0.22
2012,млн.тонна,Ішкі су көлігімен,,1.2907
2012,млн.тонна,Теңіз көлігімен,,4.0483
2012,млн.тонна,,Ақмола,112.5938
2012,млн.тонна,,Ақтөбе,58.0505
2012,млн.тонна,,Алматы,158.0661
2012,млн.тонна,,Атырау,140.597
2012,млн.тонна,,Батыс Қазақстан,35.81
2012,млн.тонна,,Жамбыл,80.38889999999999
2012,млн.тонна,,Қарағанды,619.6886999999999
2012,млн.тонна,,Қостанай,275.5625
2012,млн.тонна,,Қызылорда,98.3855
2012,млн.тонна,,Маңғыстау,207.734
2012,млн.тонна,,Оңтүстік Қазақстан,123.8486
2012,млн.тонна,,Павлодар,103.0248
2012,млн.тонна,,Солтүстік Қазақстан,46.2119
2012,млн.тонна,,Шығыс Қазақстан,476.9061
2012,млн.тонна,,Нұр-Сұлтан қаласы,112.5887
2012,млн.тонна,,Алматы қаласы,168.3065
2012,млн.адам,Көліктің барлық түрлерімен жолаушыларды тасымалдау,,18484.6485
2012,млн.адам,Темір жол көлігімен,,24.4
2012,млн.адам,Автокөлік,,18380.2
2012,млн.адам,Ішкі су көлігімен,,0.1
2012,млн.адам,Әуе көлігімен,,4.5
2012,млн.адам,Қалалық электр көлігі,,69.6
2012,млн.адам,,Ақмола,1482.0797
2012,млн.адам,,Ақтөбе,220.087
2012,млн.адам,,Алматы,597.1945999999999
2012,млн.адам,,Атырау,155.4183
2012,млн.адам,,Батыс Қазақстан,402.3381
2012,млн.адам,,Жамбыл,802.7956999999999
2012,млн.адам,,Қарағанды,2111.422
2012,млн.адам,,Қостанай,1575.5291000000002
2012,млн.адам,,Қызылорда,232.3686
2012,млн.адам,,Маңғыстау,81.469
2012,млн.адам,,Оңтүстік Қазақстан,2149.8955
2012,млн.адам,,Павлодар,1166.3121999999998
2012,млн.адам,,Солтүстік Қазақстан,470.6909
2012,млн.адам,,Шығыс Қазақстан,1459.8789
2012,млн.адам,,Нұр-Сұлтан қаласы,1750.0521
2012,млн.адам,,Алматы қаласы,3802.7638
2012,млн.тонна,_L_KZ_090102_1J,,2718.43909
2012,млн.тонна,_L_KZ_090102_1J,Ақмола,112.59376
2012,млн.тонна,_L_KZ_090102_1J,Ақтөбе,58.05049
2012,млн.тонна,_L_KZ_090102_1J,Алматы,158.06611999999998
2012,млн.тонна,_L_KZ_090102_1J,Атырау,72.35414
2012,млн.тонна,_L_KZ_090102_1J,Батыс Қазақстан,35.678650000000005
2012,млн.тонна,_L_KZ_090102_1J,Жамбыл,80.38894
2012,млн.тонна,_L_KZ_090102_1J,Қарағанды,619.68872
2012,млн.тонна,_L_KZ_090102_1J,Қостанай,275.56246000000004
2012,млн.тонна,_L_KZ_090102_1J,Қызылорда,98.38552
2012,млн.тонна,_L_KZ_090102_1J,Маңғыстау,203.68565
2012,млн.тонна,_L_KZ_090102_1J,Оңтүстік Қазақстан,123.84784
2012,млн.тонна,_L_KZ_090102_1J,Павлодар,76.59103
2012,млн.тонна,_L_KZ_090102_1J,Солтүстік Қазақстан,46.09193
2012,млн.тонна,_L_KZ_090102_1J,Шығыс Қазақстан,476.57967
2012,млн.тонна,_L_KZ_090102_1J,Нұр-Сұлтан қаласы,112.58867
2012,млн.тонна,_L_KZ_090102_1J,Алматы қаласы,168.28551000000002
2012,млн.адам,Көліктің барлық түрлерімен жолаушыларды тасымалдау,,18455.68435
2012,млн.адам,Көліктің барлық түрлерімен жолаушыларды тасымалдау,Ақмола,1482.0797
2012,млн.адам,Көліктің барлық түрлерімен жолаушыларды тасымалдау,Ақтөбе,220.08693
2012,млн.адам,Көліктің барлық түрлерімен жолаушыларды тасымалдау,Алматы,597.16457
2012,млн.адам,Көліктің барлық түрлерімен жолаушыларды тасымалдау,Атырау,155.41785
2012,млн.адам,Көліктің барлық түрлерімен жолаушыларды тасымалдау,Батыс Қазақстан,402.24008
2012,млн.адам,Көліктің барлық түрлерімен жолаушыларды тасымалдау,Жамбыл,802.79566
2012,млн.адам,Көліктің барлық түрлерімен жолаушыларды тасымалдау,Қарағанды,2111.41481
2012,млн.адам,Көліктің барлық түрлерімен жолаушыларды тасымалдау,Қостанай,1575.52905
2012,млн.адам,Көліктің барлық түрлерімен жолаушыларды тасымалдау,Қызылорда,2323.6863
2012,млн.адам,Көліктің барлық түрлерімен жолаушыларды тасымалдау,Маңғыстау,81.469
2012,млн.адам,Көліктің барлық түрлерімен жолаушыларды тасымалдау,Оңтүстік Қазақстан,2148.79967
2012,млн.адам,Көліктің барлық түрлерімен жолаушыларды тасымалдау,Павлодар,1166.28692
2012,млн.адам,Көліктің барлық түрлерімен жолаушыларды тасымалдау,Солтүстік Қазақстан,4706.9088
2012,млн.адам,Көліктің барлық түрлерімен жолаушыларды тасымалдау,Шығыс Қазақстан,1459.86077
2012,млн.адам,Көліктің барлық түрлерімен жолаушыларды тасымалдау,Нұр-Сұлтан қаласы,1750.02434
2012,млн.адам,Көліктің барлық түрлерімен жолаушыларды тасымалдау,Алматы қаласы,3799.45549
2012,тонна,әуе көлікпен тасымалданған жүктер,,21954.2
2012,тонна,әуе көлікпен тасымалданған жүктер,Батыс Қазақстан,183.0
2012,тонна,әуе көлікпен тасымалданған жүктер,Оңтүстік Қазақстан,768.0
2012,тонна,әуе көлікпен тасымалданған жүктер,Шығыс Қазақстан,5.8
2012,тонна,әуе көлікпен тасымалданған жүктер,Алматы қаласы,20997.4
2012,мың.адам,әуе көлікпен тасымалданған жолаушылар,,4512.0
2012,мың.адам,әуе көлікпен тасымалданған жолаушылар,Алматы,30.0
2012,мың.адам,әуе көлікпен тасымалданған жолаушылар,Атырау,0.4
2012,мың.адам,әуе көлікпен тасымалданған жолаушылар,Қарағанды,59.7
2012,мың.адам,әуе көлікпен тасымалданған жолаушылар,Батыс Қазақстан,7.2
2012,мың.адам,әуе көлікпен тасымалданған жолаушылар,Оңтүстік Қазақстан,1095.8
2012,мың.адам,әуе көлікпен тасымалданған жолаушылар,Нұр-Сұлтан қаласы,5.1
2012,мың.адам,әуе көлікпен тасымалданған жолаушылар,Алматы қаласы,5.5
2012,мың.адам,әуе көлікпен тасымалданған жолаушылар,Шымкент қаласы,3308.3
2012,млн.тонна,құбыр көлігінің жұмыс көрсеткіштері,,213.2221
2012,млн.тонна,құбыр көлігінің жұмыс көрсеткіштері,Атырау,68.24289999999999
2012,млн.тонна,құбыр көлігінің жұмыс көрсеткіштері,Павлодар,25.7207
2012,млн.тонна,Перевезено грузов с морским транспортом,,4.0483
2012,млн.тонна,Перевезено грузов с морским транспортом,Маңғыстау,4.0483
2013,млн.тонна,Көліктің барлық түрлерімен жүк тасымалдау,,3508.0407
2013,млн.тонна,Құбыр жүргізетін көлікпен,,225.9
2013,млн.тонна,Темір жол көлігі,,293.7
2013,млн.тонна,Автокөлік,,2983.35
2013,млн.тонна,Әуе көлігімен,,0.239
2013,млн.тонна,Ішкі су көлігімен,,1.1065
2013,млн.тонна,Теңіз көлігімен,,3.9845
2013,млн.тонна,,Ақмола,121.5251
2013,млн.тонна,,Ақтөбе,62.173300000000005
2013,млн.тонна,,Алматы,159.01
2013,млн.тонна,,Атырау,151.34429999999998
2013,млн.тонна,,Батыс Қазақстан,38.868
2013,млн.тонна,,Жамбыл,88.3699
2013,млн.тонна,,Қарағанды,676.6549
2013,млн.тонна,,Қостанай,299.653
2013,млн.тонна,,Қызылорда,106.1353
2013,млн.тонна,,Маңғыстау,215.0696
2013,млн.тонна,,Оңтүстік Қазақстан,133.0374
2013,млн.тонна,,Павлодар,116.4561
2013,млн.тонна,,Солтүстік Қазақстан,49.2661
2013,млн.тонна,,Шығыс Қазақстан,553.6669
2013,млн.тонна,,Нұр-Сұлтан қаласы,124.117
2013,млн.тонна,,Алматы қаласы,194.412
2013,млн.адам,Көліктің барлық түрлерімен жолаушыларды тасымалдау,,20004.2963
2013,млн.адам,Темір жол көлігімен,,28.6
2013,млн.адам,Автокөлік,,19905.27
2013,млн.адам,Ішкі су көлігімен,,0.09
2013,млн.адам,Әуе көлігімен,,5.0
2013,млн.адам,Қалалық электр көлігі,,65.3
2013,млн.адам,,Ақмола,1604.4809
2013,млн.адам,,Ақтөбе,238.3837
2013,млн.адам,,Алматы,628.9567
2013,млн.адам,,Атырау,167.9207
2013,млн.адам,,Батыс Қазақстан,425.7576
2013,млн.адам,,Жамбыл,864.5943000000001
2013,млн.адам,,Қарағанды,2299.8505
2013,млн.адам,,Қостанай,1657.3538999999998
2013,млн.адам,,Қызылорда,251.3166
2013,млн.адам,,Маңғыстау,85.4807
2013,млн.адам,,Оңтүстік Қазақстан,2257.6409
2013,млн.адам,,Павлодар,1194.5999
2013,млн.адам,,Солтүстік Қазақстан,492.8016
2013,млн.адам,,Шығыс Қазақстан,1606.7478999999998
2013,млн.адам,,Нұр-Сұлтан қаласы,1961.0055
2013,млн.адам,,Алматы қаласы,4238.824799999999
2013,млн.тонна,_L_KZ_090102_1J,,2983.35009
2013,млн.тонна,_L_KZ_090102_1J,Ақмола,121.52507
2013,млн.тонна,_L_KZ_090102_1J,Ақтөбе,62.173300000000005
2013,млн.тонна,_L_KZ_090102_1J,Алматы,159.00998
2013,млн.тонна,_L_KZ_090102_1J,Атырау,82.59600999999999
2013,млн.тонна,_L_KZ_090102_1J,Батыс Қазақстан,38.786660000000005
2013,млн.тонна,_L_KZ_090102_1J,Жамбыл,88.36992
2013,млн.тонна,_L_KZ_090102_1J,Қарағанды,676.65488
2013,млн.тонна,_L_KZ_090102_1J,Қостанай,299.65301
2013,млн.тонна,_L_KZ_090102_1J,Қызылорда,106.13531
2013,млн.тонна,_L_KZ_090102_1J,Маңғыстау,211.08514
2013,млн.тонна,_L_KZ_090102_1J,Оңтүстік Қазақстан,133.03631
2013,млн.тонна,_L_KZ_090102_1J,Павлодар,83.25099
2013,млн.тонна,_L_KZ_090102_1J,Солтүстік Қазақстан,49.26606
2013,млн.тонна,_L_KZ_090102_1J,Шығыс Қазақстан,553.30106
2013,млн.тонна,_L_KZ_090102_1J,Нұр-Сұлтан қаласы,124.11701
2013,млн.тонна,_L_KZ_090102_1J,Алматы қаласы,194.38938
2013,млн.адам,Көліктің барлық түрлерімен жолаушыларды тасымалдау,,19970.638
2013,млн.адам,Көліктің барлық түрлерімен жолаушыларды тасымалдау,Ақмола,1604.4809
2013,млн.адам,Көліктің барлық түрлерімен жолаушыларды тасымалдау,Ақтөбе,238.3837
2013,млн.адам,Көліктің барлық түрлерімен жолаушыларды тасымалдау,Алматы,628.9312
2013,млн.адам,Көліктің барлық түрлерімен жолаушыларды тасымалдау,Атырау,167.9207
2013,млн.адам,Көліктің барлық түрлерімен жолаушыларды тасымалдау,Батыс Қазақстан,425.5786
2013,млн.адам,Көліктің барлық түрлерімен жолаушыларды тасымалдау,Жамбыл,864.5943
2013,млн.адам,Көліктің барлық түрлерімен жолаушыларды тасымалдау,Қарағанды,2299.8406
2013,млн.адам,Көліктің барлық түрлерімен жолаушыларды тасымалдау,Қостанай,1657.3539
2013,млн.адам,Көліктің барлық түрлерімен жолаушыларды тасымалдау,Қызылорда,251.3166
2013,млн.адам,Көліктің барлық түрлерімен жолаушыларды тасымалдау,Маңғыстау,85.4807
2013,млн.адам,Көліктің барлық түрлерімен жолаушыларды тасымалдау,Оңтүстік Қазақстан,2256.5313
2013,млн.адам,Көліктің барлық түрлерімен жолаушыларды тасымалдау,Павлодар,1194.5823
2013,млн.адам,Көліктің барлық түрлерімен жолаушыларды тасымалдау,Солтүстік Қазақстан,492.8016
2013,млн.адам,Көліктің барлық түрлерімен жолаушыларды тасымалдау,Шығыс Қазақстан,1606.7358
2013,млн.адам,Көліктің барлық түрлерімен жолаушыларды тасымалдау,Нұр-Сұлтан қаласы,1960.98
2013,млн.адам,Көліктің барлық түрлерімен жолаушыларды тасымалдау,Алматы қаласы,4235.1258
2013,тонна,әуе көлікпен тасымалданған жүктер,,23873.5
2013,тонна,әуе көлікпен тасымалданған жүктер,Батыс Қазақстан,227.2
2013,тонна,әуе көлікпен тасымалданған жүктер,Шығыс Қазақстан,1062.0
2013,тонна,әуе көлікпен тасымалданған жүктер,Алматы қаласы,22584.3
2013,мың.адам,әуе көлікпен тасымалданған жолаушылар,,4985.6
2013,мың.адам,әуе көлікпен тасымалданған жолаушылар,Алматы,25.5
2013,мың.адам,әуе көлікпен тасымалданған жолаушылар,Қарағанды,10.0
2013,мың.адам,әуе көлікпен тасымалданған жолаушылар,Батыс Қазақстан,140.1
2013,мың.адам,әуе көлікпен тасымалданған жолаушылар,Оңтүстік Қазақстан,1109.6
2013,мың.адам,әуе көлікпен тасымалданған жолаушылар,Алматы қаласы,1.3
2013,мың.адам,әуе көлікпен тасымалданған жолаушылар,Шымкент қаласы,3699.1
2013,млн.тонна,құбыр көлігінің жұмыс көрсеткіштері,,225.9157
2013,млн.тонна,құбыр көлігінің жұмыс көрсеткіштері,Атырау,68.7483
2013,млн.тонна,құбыр көлігінің жұмыс көрсеткіштері,Павлодар,32.5456
2013,млн.тонна,Перевезено грузов с морским транспортом,,3.9845
2013,млн.тонна,Перевезено грузов с морским транспортом,Маңғыстау,3.9845
2014,млн.тонна,Көліктің барлық түрлерімен жүк тасымалдау,,3749.8406
2014,млн.тонна,Құбыр жүргізетін көлікпен,,225.019
2014,млн.тонна,Темір жол көлігі,,390.741
2014,млн.тонна,Автокөлік,,3129.1
2014,млн.тонна,Әуе көлігімен,,0.19082
2014,млн.тонна,Ішкі су көлігімен,,1.3208
2014,млн.тонна,Теңіз көлігімен,,3.6302
2014,млн.тонна,,Ақмола,121.2567
2014,млн.тонна,,Ақтөбе,63.6389
2014,млн.тонна,,Алматы,159.913
2014,млн.тонна,,Атырау,151.15679999999998
2014,млн.тонна,,Батыс Қазақстан,39.9878
2014,млн.тонна,,Жамбыл,88.9071
2014,млн.тонна,,Қарағанды,719.1646
2014,млн.тонна,,Қостанай,297.3363
2014,млн.тонна,,Қызылорда,107.1732
2014,млн.тонна,,Маңғыстау,217.6252
2014,млн.тонна,,Оңтүстік Қазақстан,145.4088
2014,млн.тонна,,Павлодар,128.0527
2014,млн.тонна,,Солтүстік Қазақстан,49.894400000000005
2014,млн.тонна,,Шығыс Қазақстан,595.4762
2014,млн.тонна,,Нұр-Сұлтан қаласы,136.6535
2014,млн.тонна,,Алматы қаласы,216.8484
2014,млн.адам,Көліктің барлық түрлерімен жолаушыларды тасымалдау,,21281.1651
2014,млн.адам,Темір жол көлігімен,,23.2
2014,млн.адам,Автокөлік,,21189.873
2014,млн.адам,Ішкі су көлігімен,,0.0672
2014,млн.адам,Әуе көлігімен,,5.434
2014,млн.адам,Қалалық электр көлігі,,62.5
2014,млн.адам,,Ақмола,1723.9165
2014,млн.адам,,Ақтөбе,251.0416
2014,млн.адам,,Алматы,654.3485
2014,млн.адам,,Атырау,172.0829
2014,млн.адам,,Батыс Қазақстан,428.3103
2014,млн.адам,,Жамбыл,882.5405999999999
2014,млн.адам,,Қарағанды,2428.7441
2014,млн.адам,,Қостанай,1752.0465
2014,млн.адам,,Қызылорда,282.066
2014,млн.адам,,Маңғыстау,85.5305
2014,млн.адам,,Оңтүстік Қазақстан,2262.5458
2014,млн.адам,,Павлодар,1195.6337
2014,млн.адам,,Солтүстік Қазақстан,496.0558
2014,млн.адам,,Шығыс Қазақстан,1654.1839
2014,млн.адам,,Нұр-Сұлтан қаласы,2180.2918
2014,млн.адам,,Алматы қаласы,4808.5978
2014,млн.тонна,_L_KZ_090102_1J,,3129.1097
2014,млн.тонна,_L_KZ_090102_1J,Ақмола,121.2567
2014,млн.тонна,_L_KZ_090102_1J,Ақтөбе,63.6389
2014,млн.тонна,_L_KZ_090102_1J,Алматы,159.913
2014,млн.тонна,_L_KZ_090102_1J,Атырау,82.1336
2014,млн.тонна,_L_KZ_090102_1J,Батыс Қазақстан,39.8651
2014,млн.тонна,_L_KZ_090102_1J,Жамбыл,88.9071
2014,млн.тонна,_L_KZ_090102_1J,Қарағанды,719.1646
2014,млн.тонна,_L_KZ_090102_1J,Қостанай,297.3363
2014,млн.тонна,_L_KZ_090102_1J,Қызылорда,107.1732
2014,млн.тонна,_L_KZ_090102_1J,Маңғыстау,213.995
2014,млн.тонна,_L_KZ_090102_1J,Оңтүстік Қазақстан,145.40779999999998
2014,млн.тонна,_L_KZ_090102_1J,Павлодар,91.8034
2014,млн.тонна,_L_KZ_090102_1J,Солтүстік Қазақстан,49.894400000000005
2014,млн.тонна,_L_KZ_090102_1J,Шығыс Қазақстан,595.1364
2014,млн.тонна,_L_KZ_090102_1J,Нұр-Сұлтан қаласы,136.6535
2014,млн.тонна,_L_KZ_090102_1J,Алматы қаласы,216.8306
2014,млн.адам,Көліктің барлық түрлерімен жолаушыларды тасымалдау,,21252.4346
2014,млн.адам,Көліктің барлық түрлерімен жолаушыларды тасымалдау,Ақмола,1723.9165
2014,млн.адам,Көліктің барлық түрлерімен жолаушыларды тасымалдау,Ақтөбе,251.0416
2014,млн.адам,Көліктің барлық түрлерімен жолаушыларды тасымалдау,Алматы,654.32
2014,млн.адам,Көліктің барлық түрлерімен жолаушыларды тасымалдау,Атырау,172.0829
2014,млн.адам,Көліктің барлық түрлерімен жолаушыларды тасымалдау,Батыс Қазақстан,427.9275
2014,млн.адам,Көліктің барлық түрлерімен жолаушыларды тасымалдау,Жамбыл,882.5406
2014,млн.адам,Көліктің барлық түрлерімен жолаушыларды тасымалдау,Қарағанды,2428.7356
2014,млн.адам,Көліктің барлық түрлерімен жолаушыларды тасымалдау,Қостанай,1752.0465
2014,млн.адам,Көліктің барлық түрлерімен жолаушыларды тасымалдау,Қызылорда,282.066
2014,млн.адам,Көліктің барлық түрлерімен жолаушыларды тасымалдау,Маңғыстау,85.5305
2014,млн.адам,Көліктің барлық түрлерімен жолаушыларды тасымалдау,Оңтүстік Қазақстан,2261.2911
2014,млн.адам,Көліктің барлық түрлерімен жолаушыларды тасымалдау,Павлодар,1195.6269
2014,млн.адам,Көліктің барлық түрлерімен жолаушыларды тасымалдау,Солтүстік Қазақстан,496.0558
2014,млн.адам,Көліктің барлық түрлерімен жолаушыларды тасымалдау,Шығыс Қазақстан,1654.1739
2014,млн.адам,Көліктің барлық түрлерімен жолаушыларды тасымалдау,Нұр-Сұлтан қаласы,2180.2682
2014,млн.адам,Көліктің барлық түрлерімен жолаушыларды тасымалдау,Алматы қаласы,4804.811
2014,тонна,әуе көлікпен тасымалданған жүктер,,19082.4
2014,тонна,әуе көлікпен тасымалданған жүктер,Батыс Қазақстан,239.4
2014,тонна,әуе көлікпен тасымалданған жүктер,Шығыс Қазақстан,978.0
2014,тонна,әуе көлікпен тасымалданған жүктер,Алматы қаласы,17865.0
2014,мың.адам,әуе көлікпен тасымалданған жолаушылар,,5434.6
2014,мың.адам,әуе көлікпен тасымалданған жолаушылар,Алматы,28.5
2014,мың.адам,әуе көлікпен тасымалданған жолаушылар,Қарағанды,8.5
2014,мың.адам,әуе көлікпен тасымалданған жолаушылар,Батыс Қазақстан,354.7
2014,мың.адам,әуе көлікпен тасымалданған жолаушылар,Оңтүстік Қазақстан,1254.7
2014,мың.адам,әуе көлікпен тасымалданған жолаушылар,Алматы қаласы,1.4
2014,мың.адам,әуе көлікпен тасымалданған жолаушылар,Шымкент қаласы,3786.8
2014,млн.тонна,құбыр көлігінің жұмыс көрсеткіштері,,225.0191
2014,млн.тонна,құбыр көлігінің жұмыс көрсеткіштері,Атырау,69.0231
2014,млн.тонна,құбыр көлігінің жұмыс көрсеткіштері,Павлодар,35.390800000000006
2014,млн.тонна,Перевезено грузов с морским транспортом,,3.6302
2014,млн.тонна,Перевезено грузов с морским транспортом,Маңғыстау,3.6302
2015,млн.тонна,Көліктің барлық түрлерімен жүк тасымалдау,,3733.7548
2015,млн.тонна,Құбыр жүргізетін көлікпен,,214.643
2015,млн.тонна,Темір жол көлігі,,341.37
2015,млн.тонна,Автокөлік,,3174.021
2015,млн.тонна,Әуе көлігімен,,0.17178
2015,млн.тонна,Ішкі су көлігімен,,1.2189
2015,млн.тонна,Теңіз көлігімен,,2.4766
2015,млн.тонна,,Ақмола,120.29
2015,млн.тонна,,Ақтөбе,70.0716
2015,млн.тонна,,Алматы,167.2421
2015,млн.тонна,,Атырау,144.3589
2015,млн.тонна,,Батыс Қазақстан,39.4995
2015,млн.тонна,,Жамбыл,91.3309
2015,млн.тонна,,Қарағанды,709.863
2015,млн.тонна,,Қостанай,294.8958
2015,млн.тонна,,Қызылорда,108.6799
2015,млн.тонна,,Маңғыстау,227.8138
2015,млн.тонна,,Оңтүстік Қазақстан,154.9665
2015,млн.тонна,,Павлодар,127.9006
2015,млн.тонна,,Солтүстік Қазақстан,49.6684
2015,млн.тонна,,Шығыс Қазақстан,598.7569
2015,млн.тонна,,Нұр-Сұлтан қаласы,142.5343
2015,млн.тонна,,Алматы қаласы,232.0866
2015,млн.адам,Көліктің барлық түрлерімен жолаушыларды тасымалдау,,21839.1375
2015,млн.адам,Темір жол көлігімен,,22.497
2015,млн.адам,Автокөлік,,21744.732
2015,млн.адам,Ішкі су көлігімен,,0.0485
2015,млн.адам,Әуе көлігімен,,5.922
2015,млн.адам,Қалалық электр көлігі,,65.9
2015,млн.адам,,Ақмола,1729.4592
2015,млн.адам,,Ақтөбе,264.71320000000003
2015,млн.адам,,Алматы,706.7371999999999
2015,млн.адам,,Атырау,171.99110000000002
2015,млн.адам,,Батыс Қазақстан,436.3374
2015,млн.адам,,Жамбыл,929.4778
2015,млн.адам,,Қарағанды,2421.1873
2015,млн.адам,,Қостанай,1745.1796000000002
2015,млн.адам,,Қызылорда,298.0711
2015,млн.адам,,Маңғыстау,85.31269999999999
2015,млн.адам,,Оңтүстік Қазақстан,2347.3653
2015,млн.адам,,Павлодар,1240.8
2015,млн.адам,,Солтүстік Қазақстан,495.21
2015,млн.адам,,Шығыс Қазақстан,1680.9931
2015,млн.адам,,Нұр-Сұлтан қаласы,2279.047
2015,млн.адам,,Алматы қаласы,4984.7576
2015,млн.тонна,_L_KZ_090102_1J,,3174.0218
2015,млн.тонна,_L_KZ_090102_1J,Ақмола,120.29
2015,млн.тонна,_L_KZ_090102_1J,Ақтөбе,70.0716
2015,млн.тонна,_L_KZ_090102_1J,Алматы,167.2421
2015,млн.тонна,_L_KZ_090102_1J,Атырау,75.7217
2015,млн.тонна,_L_KZ_090102_1J,Батыс Қазақстан,39.4646
2015,млн.тонна,_L_KZ_090102_1J,Жамбыл,91.3309
2015,млн.тонна,_L_KZ_090102_1J,Қарағанды,709.863
2015,млн.тонна,_L_KZ_090102_1J,Қостанай,294.8958
2015,млн.тонна,_L_KZ_090102_1J,Қызылорда,108.6799
2015,млн.тонна,_L_KZ_090102_1J,Маңғыстау,225.3372
2015,млн.тонна,_L_KZ_090102_1J,Оңтүстік Қазақстан,154.9654
2015,млн.тонна,_L_KZ_090102_1J,Павлодар,93.554
2015,млн.тонна,_L_KZ_090102_1J,Солтүстік Қазақстан,49.6684
2015,млн.тонна,_L_KZ_090102_1J,Шығыс Қазақстан,598.3322
2015,млн.тонна,_L_KZ_090102_1J,Нұр-Сұлтан қаласы,142.5343
2015,млн.тонна,_L_KZ_090102_1J,Алматы қаласы,232.0707
2015,млн.адам,Көліктің барлық түрлерімен жолаушыларды тасымалдау,,21810.6683
2015,млн.адам,Көліктің барлық түрлерімен жолаушыларды тасымалдау,Ақмола,1729.4592
2015,млн.адам,Көліктің барлық түрлерімен жолаушыларды тасымалдау,Ақтөбе,264.7132
2015,млн.адам,Көліктің барлық түрлерімен жолаушыларды тасымалдау,Алматы,706.712
2015,млн.адам,Көліктің барлық түрлерімен жолаушыларды тасымалдау,Атырау,171.9868
2015,млн.адам,Көліктің барлық түрлерімен жолаушыларды тасымалдау,Батыс Қазақстан,435.9869
2015,млн.адам,Көліктің барлық түрлерімен жолаушыларды тасымалдау,Жамбыл,929.4778
2015,млн.адам,Көліктің барлық түрлерімен жолаушыларды тасымалдау,Қарағанды,2421.1807
2015,млн.адам,Көліктің барлық түрлерімен жолаушыларды тасымалдау,Қостанай,1745.1796
2015,млн.адам,Көліктің барлық түрлерімен жолаушыларды тасымалдау,Қызылорда,298.0712
2015,млн.адам,Көліктің барлық түрлерімен жолаушыларды тасымалдау,Маңғыстау,85.3127
2015,млн.адам,Көліктің барлық түрлерімен жолаушыларды тасымалдау,Оңтүстік Қазақстан,2346.1406
2015,млн.адам,Көліктің барлық түрлерімен жолаушыларды тасымалдау,Павлодар,1240.793
2015,млн.адам,Көліктің барлық түрлерімен жолаушыларды тасымалдау,Солтүстік Қазақстан,495.21
2015,млн.адам,Көліктің барлық түрлерімен жолаушыларды тасымалдау,Шығыс Қазақстан,1680.9916
2015,млн.адам,Көліктің барлық түрлерімен жолаушыларды тасымалдау,Нұр-Сұлтан қаласы,2279.0198
2015,млн.адам,Көліктің барлық түрлерімен жолаушыларды тасымалдау,Алматы қаласы,4980.433
2015,тонна,әуе көлікпен тасымалданған жүктер,,17178.2
2015,тонна,әуе көлікпен тасымалданған жүктер,Батыс Қазақстан,131.0
2015,тонна,әуе көлікпен тасымалданған жүктер,Алматы қаласы,15956.2
2015,мың.адам,әуе көлікпен тасымалданған жолаушылар,,5922.8
2015,мың.адам,әуе көлікпен тасымалданған жолаушылар,Алматы,25.2
2015,мың.адам,әуе көлікпен тасымалданған жолаушылар,Атырау,4.3
2015,мың.адам,әуе көлікпен тасымалданған жолаушылар,Батыс Қазақстан,332.4
2015,мың.адам,әуе көлікпен тасымалданған жолаушылар,Оңтүстік Қазақстан,1224.7
2015,мың.адам,әуе көлікпен тасымалданған жолаушылар,Алматы қаласы,5.2
2015,мың.адам,әуе көлікпен тасымалданған жолаушылар,Шымкент қаласы,4324.4
2015,млн.тонна,құбыр көлігінің жұмыс көрсеткіштері,,214.643
2015,млн.тонна,құбыр көлігінің жұмыс көрсеткіштері,Атырау,68.63719999999999
2015,млн.тонна,Перевезено грузов с морским транспортом,,2.4766
2015,млн.тонна,Перевезено грузов с морским транспортом,Маңғыстау,2.4766
2016,млн.тонна,Көліктің барлық түрлерімен жүк тасымалдау,,3729.184
2016,млн.тонна,Құбыр жүргізетін көлікпен,,205.8276
2016,млн.тонна,Темір жол көлігі,,338.9286
2016,млн.тонна,Автокөлік,,3180.6557
2016,млн.тонна,Әуе көлігімен,,0.1801589999999999
2016,млн.тонна,Ішкі су көлігімен,,1.1886
2016,млн.тонна,Теңіз көлігімен,,2.5655
2016,млн.тонна,,Ақмола,113.1055
2016,млн.тонна,,Ақтөбе,76.3227
2016,млн.тонна,,Алматы,178.9613
2016,млн.тонна,,Атырау,145.0933
2016,млн.тонна,,Батыс Қазақстан,39.4149
2016,млн.тонна,,Жамбыл,91.2506
2016,млн.тонна,,Қарағанды,727.4763
2016,млн.тонна,,Қостанай,277.25890000000004
2016,млн.тонна,,Қызылорда,104.2945
2016,млн.тонна,,Маңғыстау,218.917
2016,млн.тонна,,Оңтүстік Қазақстан,158.74720000000002
2016,млн.тонна,,Павлодар,131.4623
2016,млн.тонна,,Солтүстік Қазақстан,48.1812
2016,млн.тонна,,Шығыс Қазақстан,582.4344
2016,млн.тонна,,Нұр-Сұлтан қаласы,142.55360000000002
2016,млн.тонна,,Алматы қаласы,252.2656
2016,млн.адам,Көліктің барлық түрлерімен жолаушыларды тасымалдау,,22332.7906
2016,млн.адам,Темір жол көлігімен,,23.0732
2016,млн.адам,Автокөлік,,22239.3609
2016,млн.адам,Ішкі су көлігімен,,0.0904
2016,млн.адам,Әуе көлігімен,,6.0217
2016,млн.адам,Қалалық электр көлігі,,64.2
2016,млн.адам,,Ақмола,1700.0768999999998
2016,млн.адам,,Ақтөбе,278.4214
2016,млн.адам,,Алматы,808.2825
2016,млн.адам,,Атырау,181.0197
2016,млн.адам,,Батыс Қазақстан,434.3315
2016,млн.адам,,Жамбыл,957.2865
2016,млн.адам,,Қарағанды,2418.1113
2016,млн.адам,,Қостанай,1751.732
2016,млн.адам,,Қызылорда,335.4689
2016,млн.адам,,Маңғыстау,84.8014
2016,млн.адам,,Оңтүстік Қазақстан,2478.4727000000003
2016,млн.адам,,Павлодар,1244.4928
2016,млн.адам,,Солтүстік Қазақстан,506.7977
2016,млн.адам,,Шығыс Қазақстан,1705.1507
2016,млн.адам,,Нұр-Сұлтан қаласы,2441.0568
2016,млн.адам,,Алматы қаласы,4984.2147
2016,млн.тонна,_L_KZ_090102_1J,,3180.6557000000003
2016,млн.тонна,_L_KZ_090102_1J,Ақмола,113.1055
2016,млн.тонна,_L_KZ_090102_1J,Ақтөбе,76.3227
2016,млн.тонна,_L_KZ_090102_1J,Алматы,178.9613
2016,млн.тонна,_L_KZ_090102_1J,Атырау,74.95530000000001
2016,млн.тонна,_L_KZ_090102_1J,Батыс Қазақстан,39.4086
2016,млн.тонна,_L_KZ_090102_1J,Жамбыл,91.2506
2016,млн.тонна,_L_KZ_090102_1J,Қарағанды,727.4763
2016,млн.тонна,_L_KZ_090102_1J,Қостанай,277.25890000000004
2016,млн.тонна,_L_KZ_090102_1J,Қызылорда,104.2945
2016,млн.тонна,_L_KZ_090102_1J,Маңғыстау,216.3514
2016,млн.тонна,_L_KZ_090102_1J,Оңтүстік Қазақстан,158.74620000000002
2016,млн.тонна,_L_KZ_090102_1J,Павлодар,97.68
2016,млн.тонна,_L_KZ_090102_1J,Солтүстік Қазақстан,48.1812
2016,млн.тонна,_L_KZ_090102_1J,Шығыс Қазақстан,581.861
2016,млн.тонна,_L_KZ_090102_1J,Нұр-Сұлтан қаласы,142.55360000000002
2016,млн.тонна,_L_KZ_090102_1J,Алматы қаласы,252.2488
2016,млн.адам,Көліктің барлық түрлерімен жолаушыларды тасымалдау,,22303.6054
2016,млн.адам,Көліктің барлық түрлерімен жолаушыларды тасымалдау,Ақмола,1700.0769
2016,млн.адам,Көліктің барлық түрлерімен жолаушыларды тасымалдау,Ақтөбе,278.4214
2016,млн.адам,Көліктің барлық түрлерімен жолаушыларды тасымалдау,Алматы,808.2663
2016,млн.адам,Көліктің барлық түрлерімен жолаушыларды тасымалдау,Атырау,181.0196
2016,млн.адам,Көліктің барлық түрлерімен жолаушыларды тасымалдау,Батыс Қазақстан,433.5816
2016,млн.адам,Көліктің барлық түрлерімен жолаушыларды тасымалдау,Жамбыл,957.2865
2016,млн.адам,Көліктің барлық түрлерімен жолаушыларды тасымалдау,Қарағанды,2418.1048
2016,млн.адам,Көліктің барлық түрлерімен жолаушыларды тасымалдау,Қостанай,1751.732
2016,млн.адам,Көліктің барлық түрлерімен жолаушыларды тасымалдау,Қызылорда,335.4689
2016,млн.адам,Көліктің барлық түрлерімен жолаушыларды тасымалдау,Маңғыстау,84.8014
2016,млн.адам,Көліктің барлық түрлерімен жолаушыларды тасымалдау,Оңтүстік Қазақстан,2477.1838
2016,млн.адам,Көліктің барлық түрлерімен жолаушыларды тасымалдау,Павлодар,1244.4493
2016,млн.адам,Көліктің барлық түрлерімен жолаушыларды тасымалдау,Солтүстік Қазақстан,506.7977
2016,млн.адам,Көліктің барлық түрлерімен жолаушыларды тасымалдау,Шығыс Қазақстан,1705.1432
2016,млн.адам,Көліктің барлық түрлерімен жолаушыларды тасымалдау,Нұр-Сұлтан қаласы,2441.0029
2016,млн.адам,Көліктің барлық түрлерімен жолаушыларды тасымалдау,Алматы қаласы,4980.2693
2016,тонна,әуе көлікпен тасымалданған жүктер,,18015.9
2016,тонна,әуе көлікпен тасымалданған жүктер,Алматы қаласы,16810.9
2016,мың.адам,әуе көлікпен тасымалданған жолаушылар,,6021.7
2016,мың.адам,әуе көлікпен тасымалданған жолаушылар,Алматы,16.2
2016,мың.адам,әуе көлікпен тасымалданған жолаушылар,Атырау,0.1
2016,мың.адам,әуе көлікпен тасымалданған жолаушылар,Оңтүстік Қазақстан,1288.9
2016,мың.адам,әуе көлікпен тасымалданған жолаушылар,Алматы қаласы,34.6
2016,мың.адам,әуе көлікпен тасымалданған жолаушылар,Шымкент қаласы,3945.5
2016,млн.тонна,құбыр көлігінің жұмыс көрсеткіштері,,205.8276
2016,млн.тонна,құбыр көлігінің жұмыс көрсеткіштері,Атырау,70.138
2016,млн.тонна,Перевезено грузов с морским транспортом,,2.5655
2016,млн.тонна,Перевезено грузов с морским транспортом,Маңғыстау,2.5655
2017,млн.тонна,Көліктің барлық түрлерімен жүк тасымалдау,,3946.1
2017,млн.тонна,Құбыр жүргізетін көлікпен,,232.8066
2017,млн.тонна,Темір жол көлігі,,387.2367
2017,млн.тонна,Автокөлік,,3322.2673
2017,млн.тонна,Әуе көлігімен,,0.225
2017,млн.тонна,Ішкі су көлігімен,,1.6494
2017,млн.тонна,Теңіз көлігімен,,2.1026
2017,млн.тонна,,Ақмола,116.1388
2017,млн.тонна,,Ақтөбе,76.82260000000001
2017,млн.тонна,,Алматы,181.0825
2017,млн.тонна,,Атырау,154.22220000000002
2017,млн.тонна,,Батыс Қазақстан,39.2652
2017,млн.тонна,,Жамбыл,100.1437
2017,млн.тонна,,Қарағанды,795.5184
2017,млн.тонна,,Қостанай,291.5305
2017,млн.тонна,,Қызылорда,104.6007
2017,млн.тонна,,Маңғыстау,238.5572
2017,млн.тонна,,Павлодар,133.1318
2017,млн.тонна,,Солтүстік Қазақстан,51.363
2017,млн.тонна,,Шығыс Қазақстан,600.835
2017,млн.тонна,,Алматы қаласы,256.0017
2017,млн.адам,Көліктің барлық түрлерімен жолаушыларды тасымалдау,,22744.7
2017,млн.адам,Темір жол көлігімен,,22.91428
2017,млн.адам,Автокөлік,,22643.55407
2017,млн.адам,Ішкі су көлігімен,,0.05871
2017,млн.адам,Әуе көлігімен,,7.36373
2017,млн.адам,Қалалық электр көлігі,,70.6
2017,млн.адам,,Ақмола,1643.88891
2017,млн.адам,,Ақтөбе,294.68461
2017,млн.адам,,Алматы,872.9694300000001
2017,млн.адам,,Батыс Қазақстан,451.51746
2017,млн.адам,,Жамбыл,957.34209
2017,млн.адам,,Қостанай,1796.55025
2017,млн.адам,,Қызылорда,367.48218
2017,млн.адам,,Маңғыстау,88.77477999999999
2017,млн.адам,,Оңтүстік Қазақстан,2607.55932
2017,млн.адам,,Павлодар,1225.04715
2017,млн.адам,,Солтүстік Қазақстан,501.64852
2017,млн.адам,,Шығыс Қазақстан,1709.15771
2017,млн.адам,,Алматы қаласы,5097.16986
2017,млн.тонна,_L_KZ_090102_1J,,3322.3
2017,млн.тонна,_L_KZ_090102_1J,Ақмола,116.1388
2017,млн.тонна,_L_KZ_090102_1J,Ақтөбе,76.82260000000001
2017,млн.тонна,_L_KZ_090102_1J,Алматы,181.0825
2017,млн.тонна,_L_KZ_090102_1J,Атырау,75.89789999999999
2017,млн.тонна,_L_KZ_090102_1J,Батыс Қазақстан,39.257
2017,млн.тонна,_L_KZ_090102_1J,Жамбыл,100.1437
2017,млн.тонна,_L_KZ_090102_1J,Қарағанды,795.5184
2017,млн.тонна,_L_KZ_090102_1J,Қостанай,291.5305
2017,млн.тонна,_L_KZ_090102_1J,Қызылорда,104.6007
2017,млн.тонна,_L_KZ_090102_1J,Маңғыстау,236.4546
2017,млн.тонна,_L_KZ_090102_1J,Павлодар,88.61210000000001
2017,млн.тонна,_L_KZ_090102_1J,Солтүстік Қазақстан,51.363
2017,млн.тонна,_L_KZ_090102_1J,Шығыс Қазақстан,600.2448
2017,млн.тонна,_L_KZ_090102_1J,Алматы қаласы,254.4981
2017,млн.адам,Көліктің барлық түрлерімен жолаушыларды тасымалдау,,22690.2727
2017,млн.адам,Көліктің барлық түрлерімен жолаушыларды тасымалдау,Ақмола,1643.88891
2017,млн.адам,Көліктің барлық түрлерімен жолаушыларды тасымалдау,Ақтөбе,294.68426
2017,млн.адам,Көліктің барлық түрлерімен жолаушыларды тасымалдау,Алматы,872.62324
2017,млн.адам,Көліктің барлық түрлерімен жолаушыларды тасымалдау,Атырау,180.9716
2017,млн.адам,Көліктің барлық түрлерімен жолаушыларды тасымалдау,Батыс Қазақстан,421.65929
2017,млн.адам,Көліктің барлық түрлерімен жолаушыларды тасымалдау,Жамбыл,957.92317
2017,млн.адам,Көліктің барлық түрлерімен жолаушыларды тасымалдау,Қарағанды,2397.66763
2017,млн.адам,Көліктің барлық түрлерімен жолаушыларды тасымалдау,Қостанай,1796.48536
2017,млн.адам,Көліктің барлық түрлерімен жолаушыларды тасымалдау,Қызылорда,367.4792
2017,млн.адам,Көліктің барлық түрлерімен жолаушыларды тасымалдау,Маңғыстау,88.77478
2017,млн.адам,Көліктің барлық түрлерімен жолаушыларды тасымалдау,Оңтүстік Қазақстан,2605.59028
2017,млн.адам,Көліктің барлық түрлерімен жолаушыларды тасымалдау,Павлодар,1225.0438
2017,млн.адам,Көліктің барлық түрлерімен жолаушыларды тасымалдау,Солтүстік Қазақстан,501.62569
2017,млн.адам,Көліктің барлық түрлерімен жолаушыларды тасымалдау,Шығыс Қазақстан,1708.7702
2017,млн.адам,Көліктің барлық түрлерімен жолаушыларды тасымалдау,Нұр-Сұлтан қаласы,2528.43612
2017,млн.адам,Көліктің барлық түрлерімен жолаушыларды тасымалдау,Алматы қаласы,5098.64917
2017,тонна,әуе көлікпен тасымалданған жүктер,,22449.9
2017,тонна,әуе көлікпен тасымалданған жүктер,Алматы қаласы,20345.2
2017,мың.адам,әуе көлікпен тасымалданған жолаушылар,,7363.73
2017,мың.адам,әуе көлікпен тасымалданған жолаушылар,Алматы,10.56
2017,мың.адам,әуе көлікпен тасымалданған жолаушылар,Атырау,0.16
2017,мың.адам,әуе көлікпен тасымалданған жолаушылар,Оңтүстік Қазақстан,1931.83
2017,мың.адам,әуе көлікпен тасымалданған жолаушылар,Алматы қаласы,33.15
2017,мың.адам,әуе көлікпен тасымалданған жолаушылар,Шымкент қаласы,4467.04
2017,млн.тонна,құбыр көлігінің жұмыс көрсеткіштері,,232.81463
2017,млн.тонна,құбыр көлігінің жұмыс көрсеткіштері,Атырау,78.26332000000001
2017,млн.тонна,құбыр көлігінің жұмыс көрсеткіштері,Павлодар,43.46839
2017,млн.тонна,Перевезено грузов с морским транспортом,,2.10262
2017,млн.тонна,Перевезено грузов с морским транспортом,Маңғыстау,2.10262
2018,млн.тонна,Көліктің барлық түрлерімен жүк тасымалдау,,4103.7588
2018,млн.тонна,Құбыр жүргізетін көлікпен,,281.4156
2018,млн.тонна,Темір жол көлігі,,397.8848
2018,млн.тонна,Әуе көлігімен,,0.0441
2018,млн.тонна,,Ақмола,126.5051
2018,млн.тонна,,Ақтөбе,79.1306
2018,млн.тонна,,Алматы,184.551
2018,млн.тонна,,Атырау,174.3429
2018,млн.тонна,,Жамбыл,103.934
2018,млн.тонна,,Қарағанды,821.1701999999999
2018,млн.тонна,,Қостанай,297.05690000000004
2018,млн.тонна,,Қызылорда,104.6846
2018,млн.тонна,,Маңғыстау,238.4913
2018,млн.тонна,,Павлодар,142.2399
2018,млн.тонна,,Солтүстік Қазақстан,51.457
2018,млн.тонна,,Түркістан,71.02069999999999
2018,млн.тонна,,Шығыс Қазақстан,631.5006999999999
2018,млн.тонна,,Нұр-Сұлтан қаласы,154.173
2018,млн.тонна,,Алматы қаласы,247.0462
2018,млн.адам,Көліктің барлық түрлерімен жолаушыларды тасымалдау,,23021.597670000003
2018,млн.адам,Темір жол көлігімен,,23.09138
2018,млн.адам,Автокөлік,,22911.47359
2018,млн.адам,Әуе көлігімен,,7.55559
2018,млн.адам,Қалалық электр көлігі,,69.7
2018,млн.адам,,Ақтөбе,304.3364
2018,млн.адам,,Жамбыл,987.3684
2018,млн.адам,,Қостанай,1805.5874
2018,млн.адам,,Қызылорда,397.4477
2018,млн.адам,,Солтүстік Қазақстан,507.3725
2018,млн.адам,,Түркістан,820.6451
2018,млн.адам,,Алматы қаласы,5202.1561
2018,млн.адам,,Шымкент қаласы,1808.1329
2018,млн.тонна,_L_KZ_090102_1J,Ақмола,126.5051
2018,млн.тонна,_L_KZ_090102_1J,Ақтөбе,79.1306
2018,млн.тонна,_L_KZ_090102_1J,Алматы,184.551
2018,млн.тонна,_L_KZ_090102_1J,Батыс Қазақстан,39.4551
2018,млн.тонна,_L_KZ_090102_1J,Жамбыл,103.934
2018,млн.тонна,_L_KZ_090102_1J,Қарағанды,821.1702
2018,млн.тонна,_L_KZ_090102_1J,Қостанай,297.0569
2018,млн.тонна,_L_KZ_090102_1J,Қызылорда,104.6846
2018,млн.тонна,_L_KZ_090102_1J,Солтүстік Қазақстан,51.457
2018,млн.тонна,_L_KZ_090102_1J,Түркістан,71.0207
2018,млн.тонна,_L_KZ_090102_1J,Шығыс Қазақстан,631.0624
2018,млн.тонна,_L_KZ_090102_1J,Нұр-Сұлтан қаласы,154.173
2018,млн.тонна,_L_KZ_090102_1J,Алматы қаласы,247.0056
2018,млн.адам,Көліктің барлық түрлерімен жолаушыларды тасымалдау,,22982.2175
2018,млн.адам,Көліктің барлық түрлерімен жолаушыларды тасымалдау,Ақтөбе,304.3364
2018,млн.адам,Көліктің барлық түрлерімен жолаушыларды тасымалдау,Жамбыл,987.3684
2018,млн.адам,Көліктің барлық түрлерімен жолаушыларды тасымалдау,Қостанай,1805.5874
2018,млн.адам,Көліктің барлық түрлерімен жолаушыларды тасымалдау,Қызылорда,397.4477
2018,млн.адам,Көліктің барлық түрлерімен жолаушыларды тасымалдау,Солтүстік Қазақстан,507.3725
2018,млн.адам,Көліктің барлық түрлерімен жолаушыларды тасымалдау,Түркістан,820.6451
2018,млн.адам,Көліктің барлық түрлерімен жолаушыларды тасымалдау,Алматы қаласы,5197.7759
2018,млн.адам,Көліктің барлық түрлерімен жолаушыларды тасымалдау,Шымкент қаласы,1805.9163
2018,тонна,әуе көлікпен тасымалданған жүктер,,44140.0
2018,тонна,әуе көлікпен тасымалданған жүктер,Алматы қаласы,40560.0
2018,мың.адам,әуе көлікпен тасымалданған жолаушылар,,7555.6
2018,мың.адам,әуе көлікпен тасымалданған жолаушылар,Алматы қаласы,33.4
2018,мың.адам,әуе көлікпен тасымалданған жолаушылар,Шымкент қаласы,4380.2
2018,млн.тонна,құбыр көлігінің жұмыс көрсеткіштері,,281.4156
2019,млн.тонна,Көліктің барлық түрлерімен жүк тасымалдау,,4222.7
2019,млн.тонна,Құбыр жүргізетін көлікпен,,273.031
2019,млн.тонна,Темір жол көлігі,,397.026
2019,млн.тонна,Автокөлік,,3550.4713
2019,млн.тонна,Әуе көлігімен,,0.0266999999999999
2019,млн.тонна,Ішкі су көлігімен,,1.3193
2019,млн.тонна,Теңіз көлігімен,,0.8281000000000001
2019,млн.тонна,,Ақмола,129.9579
2019,млн.тонна,,Ақтөбе,83.0015
2019,млн.тонна,,Алматы,197.1122
2019,млн.тонна,,Атырау,175.7054
2019,млн.тонна,,Батыс Қазақстан,39.9643
2019,млн.тонна,,Жамбыл,103.4327
2019,млн.тонна,,Қарағанды,864.575
2019,млн.тонна,,Қостанай,320.1322
2019,млн.тонна,,Қызылорда,107.0448
2019,млн.тонна,,Маңғыстау,233.0003
2019,млн.тонна,,Павлодар,133.84920000000002
2019,млн.тонна,,Солтүстік Қазақстан,52.3177
2019,млн.тонна,,Түркістан,85.9932
2019,млн.тонна,,Шығыс Қазақстан,661.5231
2019,млн.тонна,,Нұр-Сұлтан қаласы,155.0832
2019,млн.тонна,,Алматы қаласы,257.46770000000004
2019,млн.тонна,,Шымкент қаласы,111.1811
2019,млн.адам,Көліктің барлық түрлерімен жолаушыларды тасымалдау,,23835.78756
2019,млн.адам,Темір жол көлігімен,,22.35073
2019,млн.адам,Автокөлік,,23719.169
2019,млн.адам,Ішкі су көлігімен,,0.03638
2019,млн.адам,Теңіз көлігімен,,0.06218
2019,млн.адам,Әуе көлігімен,,8.644860000000001
2019,млн.адам,Қалалық электр көлігі,,85.5239299999997
2019,млн.адам,,Ақмола,1744.94877
2019,млн.адам,,Ақтөбе,319.45884
2019,млн.адам,,Алматы,937.85592
2019,млн.адам,,Атырау,195.22197
2019,млн.адам,,Батыс Қазақстан,429.37774
2019,млн.адам,,Жамбыл,1056.31221
2019,млн.адам,,Қарағанды,2474.03012
2019,млн.адам,,Қостанай,1868.63867
2019,млн.адам,,Қызылорда,405.7613
2019,млн.адам,,Маңғыстау,90.42301
2019,млн.адам,,Павлодар,1237.74897
2019,млн.адам,,Солтүстік Қазақстан,508.72275
2019,млн.адам,,Түркістан,997.94553
2019,млн.адам,,Шығыс Қазақстан,1716.28657
2019,млн.адам,,Нұр-Сұлтан қаласы,2574.16292
2019,млн.адам,,Алматы қаласы,5588.94337
2019,млн.адам,,Шымкент қаласы,1667.59818
2019,млн.тонна,_L_KZ_090102_1J,,3550.4713
2019,млн.тонна,_L_KZ_090102_1J,Ақмола,129.9579
2019,млн.тонна,_L_KZ_090102_1J,Ақтөбе,83.0015
2019,млн.тонна,_L_KZ_090102_1J,Алматы,197.1122
2019,млн.тонна,_L_KZ_090102_1J,Атырау,61.4721
2019,млн.тонна,_L_KZ_090102_1J,Батыс Қазақстан,39.96
2019,млн.тонна,_L_KZ_090102_1J,Жамбыл,103.4327
2019,млн.тонна,_L_KZ_090102_1J,Қарағанды,864.575
2019,млн.тонна,_L_KZ_090102_1J,Қостанай,320.1322
2019,млн.тонна,_L_KZ_090102_1J,Қызылорда,107.0448
2019,млн.тонна,_L_KZ_090102_1J,Маңғыстау,232.1722
2019,млн.тонна,_L_KZ_090102_1J,Павлодар,88.7057
2019,млн.тонна,_L_KZ_090102_1J,Солтүстік Қазақстан,52.3177
2019,млн.тонна,_L_KZ_090102_1J,Түркістан,85.9932
2019,млн.тонна,_L_KZ_090102_1J,Шығыс Қазақстан,660.8879000000001
2019,млн.тонна,_L_KZ_090102_1J,Нұр-Сұлтан қаласы,155.0832
2019,млн.тонна,_L_KZ_090102_1J,Алматы қаласы,257.4451
2019,млн.тонна,_L_KZ_090102_1J,Шымкент қаласы,111.1777
2019,млн.адам,Көліктің барлық түрлерімен жолаушыларды тасымалдау,,23804.69341
2019,млн.адам,Көліктің барлық түрлерімен жолаушыларды тасымалдау,Ақмола,1744.94877
2019,млн.адам,Көліктің барлық түрлерімен жолаушыларды тасымалдау,Ақтөбе,319.45884
2019,млн.адам,Көліктің барлық түрлерімен жолаушыларды тасымалдау,Алматы,937.84325
2019,млн.адам,Көліктің барлық түрлерімен жолаушыларды тасымалдау,Атырау,195.22197
2019,млн.адам,Көліктің барлық түрлерімен жолаушыларды тасымалдау,Батыс Қазақстан,428.65968
2019,млн.адам,Көліктің барлық түрлерімен жолаушыларды тасымалдау,Жамбыл,1056.31221
2019,млн.адам,Көліктің барлық түрлерімен жолаушыларды тасымалдау,Қарағанды,2474.0225
2019,млн.адам,Көліктің барлық түрлерімен жолаушыларды тасымалдау,Қостанай,1868.63867
2019,млн.адам,Көліктің барлық түрлерімен жолаушыларды тасымалдау,Қызылорда,405.7613
2019,млн.адам,Көліктің барлық түрлерімен жолаушыларды тасымалдау,Маңғыстау,90.36082
2019,млн.адам,Көліктің барлық түрлерімен жолаушыларды тасымалдау,Павлодар,1237.74897
2019,млн.адам,Көліктің барлық түрлерімен жолаушыларды тасымалдау,Солтүстік Қазақстан,508.72275
2019,млн.адам,Көліктің барлық түрлерімен жолаушыларды тасымалдау,Түркістан,997.94552
2019,млн.адам,Көліктің барлық түрлерімен жолаушыларды тасымалдау,Шығыс Қазақстан,1716.2788400000002
2019,млн.адам,Көліктің барлық түрлерімен жолаушыларды тасымалдау,Нұр-Сұлтан қаласы,2574.14433
2019,млн.адам,Көліктің барлық түрлерімен жолаушыларды тасымалдау,Алматы қаласы,5583.40504
2019,млн.адам,Көліктің барлық түрлерімен жолаушыларды тасымалдау,Шымкент қаласы,1665.21993
2019,тонна,әуе көлікпен тасымалданған жүктер,,267211.0
2019,тонна,әуе көлікпен тасымалданған жүктер,Алматы қаласы,225511.0
2019,мың.адам,әуе көлікпен тасымалданған жолаушылар,,8644.86
2019,мың.адам,әуе көлікпен тасымалданған жолаушылар,Алматы,12.67
2019,мың.адам,әуе көлікпен тасымалданған жолаушылар,Түркістан,0.01
2019,мың.адам,әуе көлікпен тасымалданған жолаушылар,Шығыс Қазақстан,0.01
2019,мың.адам,әуе көлікпен тасымалданған жолаушылар,Шымкент қаласы,5538.33
2019,млн.тонна,құбыр көлігінің жұмыс көрсеткіштері,,273.031
2019,млн.тонна,құбыр көлігінің жұмыс көрсеткіштері,Атырау,114.2332
2019,млн.тонна,Перевезено грузов с морским транспортом,,0.8281000000000001
2019,млн.тонна,Перевезено грузов с морским транспортом,Маңғыстау,0.8281000000000001
2019,млн.тонна,Перевезено пассажиров с морским транспортом,,0.06218
2019,млн.тонна,Перевезено пассажиров с морским транспортом,Маңғыстау,0.06218
