Year,UNIT_MEASURE,SERIES,Өңірлер,Value
2010,млн.тонна,Көліктің барлық түрлерімен жүк тасымалдау,,2439.4
2010,млн.тонна,Құбыр жүргізетін көлікпен,,194.0
2010,млн.тонна,Темір жол көлігі,,267.9
2010,млн.тонна,Автокөлік,,1971.8
2010,млн.тонна,Әуе көлігімен,,0.3
2010,млн.тонна,Ішкі су көлігімен,,1.1
2010,млн.тонна,Теңіз көлігімен,,4.7
2010,млн.тонна,,Ақмола,95.8
2010,млн.тонна,,Ақтөбе,41.0
2010,млн.тонна,,Алматы,116.6
2010,млн.тонна,,Атырау,118.5
2010,млн.тонна,,Батыс Қазақстан,30.3
2010,млн.тонна,,Жамбыл,56.0
2010,млн.тонна,,Қарағанды,444.0
2010,млн.тонна,,Қостанай,221.5
2010,млн.тонна,,Қызылорда,66.3
2010,млн.тонна,,Маңғыстау,141.5
2010,млн.тонна,,Оңтүстік Қазақстан,77.5
2010,млн.тонна,,Павлодар,78.5
2010,млн.тонна,,Солтүстік Қазақстан,40.1
2010,млн.тонна,,Шығыс Қазақстан,327.3
2010,млн.тонна,,Нұр-Сұлтан қаласы,66.7
2010,млн.тонна,,Алматы қаласы,142.4
2010,млн.адам,Көліктің барлық түрлерімен жолаушыларды тасымалдау,,13186.5
2010,млн.адам,Темір жол көлігімен,,19.6
2010,млн.адам,Автокөлік,,13083.9
2010,млн.адам,Ішкі су көлігімен,,0.1
2010,млн.адам,Әуе көлігімен,,3.4
2010,млн.адам,Қалалық электр көлігі,,79.5
2010,млн.адам,,Ақмола,1057.9
2010,млн.адам,,Ақтөбе,163.5
2010,млн.адам,,Алматы,436.6
2010,млн.адам,,Атырау,95.4
2010,млн.адам,,Батыс Қазақстан,270.4
2010,млн.адам,,Жамбыл,570.6
2010,млн.адам,,Қарағанды,1440.7
2010,млн.адам,,Қостанай,1153.4
2010,млн.адам,,Қызылорда,139.7
2010,млн.адам,,Маңғыстау,60.2
2010,млн.адам,,Оңтүстік Қазақстан,1337.6
2010,млн.адам,,Павлодар,798.3
2010,млн.адам,,Солтүстік Қазақстан,365.5
2010,млн.адам,,Шығыс Қазақстан,1272.7
2010,млн.адам,,Нұр-Сұлтан қаласы,1408.9
2010,млн.адам,,Алматы қаласы,2595.5
2010,млн.тонна,Автомобиль және қалалық электр көлігі,,1971.8
2010,млн.тонна,Автомобиль және қалалық электр көлігі,Ақмола,95.8
2010,млн.тонна,Автомобиль және қалалық электр көлігі,Ақтөбе,41.0
2010,млн.тонна,Автомобиль және қалалық электр көлігі,Алматы,116.6
2010,млн.тонна,Автомобиль және қалалық электр көлігі,Атырау,52.1
2010,млн.тонна,Автомобиль және қалалық электр көлігі,Батыс Қазақстан,30.0
2010,млн.тонна,Автомобиль және қалалық электр көлігі,Жамбыл,56.0
2010,млн.тонна,Автомобиль және қалалық электр көлігі,Қарағанды,444.0
2010,млн.тонна,Автомобиль және қалалық электр көлігі,Қостанай,221.5
2010,млн.тонна,Автомобиль және қалалық электр көлігі,Қызылорда,66.3
2010,млн.тонна,Автомобиль және қалалық электр көлігі,Маңғыстау,136.9
2010,млн.тонна,Автомобиль және қалалық электр көлігі,Оңтүстік Қазақстан,77.5
2010,млн.тонна,Автомобиль және қалалық электр көлігі,Павлодар,57.8
2010,млн.тонна,Автомобиль және қалалық электр көлігі,Солтүстік Қазақстан,40.0
2010,млн.тонна,Автомобиль және қалалық электр көлігі,Шығыс Қазақстан,327.1
2010,млн.тонна,Автомобиль және қалалық электр көлігі,Нұр-Сұлтан қаласы,66.7
2010,млн.тонна,Автомобиль және қалалық электр көлігі,Алматы қаласы,142.4
2010,млн.адам,Көліктің барлық түрлерімен жолаушыларды тасымалдау,,13163.4
2010,млн.адам,Көліктің барлық түрлерімен жолаушыларды тасымалдау,Ақмола,1057.9
2010,млн.адам,Көліктің барлық түрлерімен жолаушыларды тасымалдау,Ақтөбе,163.5
2010,млн.адам,Көліктің барлық түрлерімен жолаушыларды тасымалдау,Алматы,436.6
2010,млн.адам,Көліктің барлық түрлерімен жолаушыларды тасымалдау,Атырау,95.4
2010,млн.адам,Көліктің барлық түрлерімен жолаушыларды тасымалдау,Батыс Қазақстан,270.4
2010,млн.адам,Көліктің барлық түрлерімен жолаушыларды тасымалдау,Жамбыл,570.6
2010,млн.адам,Көліктің барлық түрлерімен жолаушыларды тасымалдау,Қарағанды,1440.6
2010,млн.адам,Көліктің барлық түрлерімен жолаушыларды тасымалдау,Қостанай,1153.4
2010,млн.адам,Көліктің барлық түрлерімен жолаушыларды тасымалдау,Қызылорда,139.7
2010,млн.адам,Көліктің барлық түрлерімен жолаушыларды тасымалдау,Маңғыстау,60.2
2010,млн.адам,Көліктің барлық түрлерімен жолаушыларды тасымалдау,Оңтүстік Қазақстан,1337.0
2010,млн.адам,Көліктің барлық түрлерімен жолаушыларды тасымалдау,Павлодар,798.2
2010,млн.адам,Көліктің барлық түрлерімен жолаушыларды тасымалдау,Солтүстік Қазақстан,365.5
2010,млн.адам,Көліктің барлық түрлерімен жолаушыларды тасымалдау,Шығыс Қазақстан,1272.7
2010,млн.адам,Көліктің барлық түрлерімен жолаушыларды тасымалдау,Нұр-Сұлтан қаласы,1408.9
2010,млн.адам,Көліктің барлық түрлерімен жолаушыларды тасымалдау,Алматы қаласы,2592.9
2010,тонна,әуе көлікпен тасымалданған жүктер,,28869.7
2010,тонна,әуе көлікпен тасымалданған жүктер,Қарағанды,9.2
2010,тонна,әуе көлікпен тасымалданған жүктер,Оңтүстік Қазақстан,737.0
2010,тонна,әуе көлікпен тасымалданған жүктер,Шығыс Қазақстан,32.5
2010,тонна,әуе көлікпен тасымалданған жүктер,Алматы қаласы,28091.0
2010,мың.адам,әуе көлікпен тасымалданған жолаушылар,,3379.2
2010,мың.адам,әуе көлікпен тасымалданған жолаушылар,Алматы,29.3
2010,мың.адам,әуе көлікпен тасымалданған жолаушылар,Атырау,4.7
2010,мың.адам,әуе көлікпен тасымалданған жолаушылар,Қарағанды,18.8
2010,мың.адам,әуе көлікпен тасымалданған жолаушылар,Оңтүстік Қазақстан,668.5
2010,мың.адам,әуе көлікпен тасымалданған жолаушылар,Павлодар,4.0
2010,мың.адам,әуе көлікпен тасымалданған жолаушылар,Нұр-Сұлтан қаласы,16.1
2010,мың.адам,әуе көлікпен тасымалданған жолаушылар,Алматы қаласы,14.8
2010,мың.адам,әуе көлікпен тасымалданған жолаушылар,Шымкент қаласы,2623.1
2010,млн.тонна,құбыр көлігінің жұмыс көрсеткіштері,,194.0
2010,млн.тонна,құбыр көлігінің жұмыс көрсеткіштері,Атырау,66.3
2010,млн.тонна,құбыр көлігінің жұмыс көрсеткіштері,Павлодар,20.2
2010,млн.тонна,_L_KZ_090102_1R,,4.7
2010,млн.тонна,_L_KZ_090102_1R,Маңғыстау,4.7
2011,млн.тонна,Көліктің барлық түрлерімен жүк тасымалдау,,2974.9
2011,млн.тонна,Құбыр жүргізетін көлікпен,,214.1
2011,млн.тонна,Темір жол көлігі,,279.7
2011,млн.тонна,Автокөлік,,2475.5
2011,млн.тонна,Әуе көлігімен,,0.3
2011,млн.тонна,Ішкі су көлігімен,,1.1
2011,млн.тонна,Теңіз көлігімен,,4.6
2011,млн.тонна,,Ақмола,112.4
2011,млн.тонна,,Ақтөбе,54.5
2011,млн.тонна,,Алматы,142.7
2011,млн.тонна,,Атырау,139.6
2011,млн.тонна,,Батыс Қазақстан,34.0
2011,млн.тонна,,Жамбыл,70.5
2011,млн.тонна,,Қарағанды,551.1
2011,млн.тонна,,Қостанай,268.0
2011,млн.тонна,,Қызылорда,95.5
2011,млн.тонна,,Маңғыстау,186.6
2011,млн.тонна,,Оңтүстік Қазақстан,106.5
2011,млн.тонна,,Павлодар,97.0
2011,млн.тонна,,Солтүстік Қазақстан,46.1
2011,млн.тонна,,Шығыс Қазақстан,418.2
2011,млн.тонна,,Нұр-Сұлтан қаласы,97.2
2011,млн.тонна,,Алматы қаласы,155.6
2011,млн.адам,Көліктің барлық түрлерімен жолаушыларды тасымалдау,,16647.2
2011,млн.адам,Темір жол көлігімен,,20.5
2011,млн.адам,Автокөлік,,16544.7
2011,млн.адам,Ішкі су көлігімен,,0.1
2011,млн.адам,Әуе көлігімен,,4.1
2011,млн.адам,Қалалық электр көлігі,,77.0
2011,млн.адам,,Ақмола,1385.8
2011,млн.адам,,Ақтөбе,199.3
2011,млн.адам,,Алматы,550.9
2011,млн.адам,,Атырау,126.9
2011,млн.адам,,Батыс Қазақстан,364.8
2011,млн.адам,,Жамбыл,745.8
2011,млн.адам,,Қарағанды,1993.3
2011,млн.адам,,Қостанай,1436.5
2011,млн.адам,,Қызылорда,193.2
2011,млн.адам,,Маңғыстау,73.8
2011,млн.адам,,Оңтүстік Қазақстан,1800.5
2011,млн.адам,,Павлодар,1044.1
2011,млн.адам,,Солтүстік Қазақстан,453.9
2011,млн.адам,,Шығыс Қазақстан,1419.3
2011,млн.адам,,Нұр-Сұлтан қаласы,1647.9
2011,млн.адам,,Алматы қаласы,3190.6
2011,млн.тонна,Автомобиль және қалалық электр көлігі,,2475.5
2011,млн.тонна,Автомобиль және қалалық электр көлігі,Ақмола,112.4
2011,млн.тонна,Автомобиль және қалалық электр көлігі,Ақтөбе,54.5
2011,млн.тонна,Автомобиль және қалалық электр көлігі,Алматы,142.7
2011,млн.тонна,Автомобиль және қалалық электр көлігі,Атырау,71.5
2011,млн.тонна,Автомобиль және қалалық электр көлігі,Батыс Қазақстан,33.8
2011,млн.тонна,Автомобиль және қалалық электр көлігі,Жамбыл,70.5
2011,млн.тонна,Автомобиль және қалалық электр көлігі,Қарағанды,551.1
2011,млн.тонна,Автомобиль және қалалық электр көлігі,Қостанай,268.0
2011,млн.тонна,Автомобиль және қалалық электр көлігі,Қызылорда,95.5
2011,млн.тонна,Автомобиль және қалалық электр көлігі,Маңғыстау,182.0
2011,млн.тонна,Автомобиль және қалалық электр көлігі,Оңтүстік Қазақстан,106.5
2011,млн.тонна,Автомобиль және қалалық электр көлігі,Павлодар,70.2
2011,млн.тонна,Автомобиль және қалалық электр көлігі,Солтүстік Қазақстан,46.0
2011,млн.тонна,Автомобиль және қалалық электр көлігі,Шығыс Қазақстан,417.9
2011,млн.тонна,Автомобиль және қалалық электр көлігі,Нұр-Сұлтан қаласы,97.2
2011,млн.тонна,Автомобиль және қалалық электр көлігі,Алматы қаласы,155.6
2011,млн.адам,Көліктің барлық түрлерімен жолаушыларды тасымалдау,,16622.4
2011,млн.адам,Көліктің барлық түрлерімен жолаушыларды тасымалдау,Ақмола,1385.8
2011,млн.адам,Көліктің барлық түрлерімен жолаушыларды тасымалдау,Ақтөбе,199.3
2011,млн.адам,Көліктің барлық түрлерімен жолаушыларды тасымалдау,Алматы,550.8
2011,млн.адам,Көліктің барлық түрлерімен жолаушыларды тасымалдау,Атырау,126.9
2011,млн.адам,Көліктің барлық түрлерімен жолаушыларды тасымалдау,Батыс Қазақстан,364.7
2011,млн.адам,Көліктің барлық түрлерімен жолаушыларды тасымалдау,Жамбыл,745.8
2011,млн.адам,Көліктің барлық түрлерімен жолаушыларды тасымалдау,Қарағанды,1993.3
2011,млн.адам,Көліктің барлық түрлерімен жолаушыларды тасымалдау,Қостанай,1436.5
2011,млн.адам,Көліктің барлық түрлерімен жолаушыларды тасымалдау,Қызылорда,193.2
2011,млн.адам,Көліктің барлық түрлерімен жолаушыларды тасымалдау,Маңғыстау,73.8
2011,млн.адам,Көліктің барлық түрлерімен жолаушыларды тасымалдау,Оңтүстік Қазақстан,1799.6
2011,млн.адам,Көліктің барлық түрлерімен жолаушыларды тасымалдау,Павлодар,1044.1
2011,млн.адам,Көліктің барлық түрлерімен жолаушыларды тасымалдау,Солтүстік Қазақстан,453.9
2011,млн.адам,Көліктің барлық түрлерімен жолаушыларды тасымалдау,Шығыс Қазақстан,1419.3
2011,млн.адам,Көліктің барлық түрлерімен жолаушыларды тасымалдау,Нұр-Сұлтан қаласы,1647.9
2011,млн.адам,Көліктің барлық түрлерімен жолаушыларды тасымалдау,Алматы қаласы,3187.5
2011,тонна,әуе көлікпен тасымалданған жүктер,,31554.9
2011,тонна,әуе көлікпен тасымалданған жүктер,Қарағанды,6.6
2011,тонна,әуе көлікпен тасымалданған жүктер,Оңтүстік Қазақстан,583.0
2011,тонна,әуе көлікпен тасымалданған жүктер,Шығыс Қазақстан,44.0
2011,тонна,әуе көлікпен тасымалданған жүктер,Алматы қаласы,30921.3
2011,мың.адам,әуе көлікпен тасымалданған жолаушылар,,4131.3
2011,мың.адам,әуе көлікпен тасымалданған жолаушылар,Алматы,27.8
2011,мың.адам,әуе көлікпен тасымалданған жолаушылар,Атырау,0.8
2011,мың.адам,әуе көлікпен тасымалданған жолаушылар,Қарағанды,12.2
2011,мың.адам,әуе көлікпен тасымалданған жолаушылар,Маңғыстау,23.8
2011,мың.адам,әуе көлікпен тасымалданған жолаушылар,Оңтүстік Қазақстан,900.2
2011,мың.адам,әуе көлікпен тасымалданған жолаушылар,Павлодар,0.8
2011,мың.адам,әуе көлікпен тасымалданған жолаушылар,Нұр-Сұлтан қаласы,17.2
2011,мың.адам,әуе көлікпен тасымалданған жолаушылар,Алматы қаласы,24.2
2011,мың.адам,әуе көлікпен тасымалданған жолаушылар,Шымкент қаласы,3124.3
2011,млн.тонна,құбыр көлігінің жұмыс көрсеткіштері,,214.1
2011,млн.тонна,құбыр көлігінің жұмыс көрсеткіштері,Атырау,68.1
2011,млн.тонна,құбыр көлігінің жұмыс көрсеткіштері,Павлодар,26.3
2011,млн.тонна,_L_KZ_090102_1R,,4.6
2011,млн.тонна,_L_KZ_090102_1R,Маңғыстау,4.6
2012,млн.тонна,Көліктің барлық түрлерімен жүк тасымалдау,,3231.8
2012,млн.тонна,Құбыр жүргізетін көлікпен,,213.2
2012,млн.тонна,Темір жол көлігі,,294.8
2012,млн.тонна,Автокөлік,,2718.4
2012,млн.тонна,Әуе көлігімен,,0.2
2012,млн.тонна,Ішкі су көлігімен,,1.3
2012,млн.тонна,Теңіз көлігімен,,4.0
2012,млн.тонна,,Ақмола,112.6
2012,млн.тонна,,Ақтөбе,58.1
2012,млн.тонна,,Алматы,158.1
2012,млн.тонна,,Атырау,140.6
2012,млн.тонна,,Батыс Қазақстан,35.8
2012,млн.тонна,,Жамбыл,80.4
2012,млн.тонна,,Қарағанды,619.7
2012,млн.тонна,,Қостанай,275.6
2012,млн.тонна,,Қызылорда,98.4
2012,млн.тонна,,Маңғыстау,207.7
2012,млн.тонна,,Оңтүстік Қазақстан,123.8
2012,млн.тонна,,Павлодар,103.0
2012,млн.тонна,,Солтүстік Қазақстан,46.2
2012,млн.тонна,,Шығыс Қазақстан,476.9
2012,млн.тонна,,Нұр-Сұлтан қаласы,112.6
2012,млн.тонна,,Алматы қаласы,168.3
2012,млн.адам,Көліктің барлық түрлерімен жолаушыларды тасымалдау,,18484.6
2012,млн.адам,Темір жол көлігімен,,24.4
2012,млн.адам,Автокөлік,,18380.2
2012,млн.адам,Ішкі су көлігімен,,0.1
2012,млн.адам,Әуе көлігімен,,4.5
2012,млн.адам,Қалалық электр көлігі,,69.6
2012,млн.адам,,Ақмола,1482.1
2012,млн.адам,,Ақтөбе,220.1
2012,млн.адам,,Алматы,597.2
2012,млн.адам,,Атырау,155.4
2012,млн.адам,,Батыс Қазақстан,402.3
2012,млн.адам,,Жамбыл,802.8
2012,млн.адам,,Қарағанды,2111.4
2012,млн.адам,,Қостанай,1575.5
2012,млн.адам,,Қызылорда,232.4
2012,млн.адам,,Маңғыстау,81.5
2012,млн.адам,,Оңтүстік Қазақстан,2149.9
2012,млн.адам,,Павлодар,1166.3
2012,млн.адам,,Солтүстік Қазақстан,470.7
2012,млн.адам,,Шығыс Қазақстан,1459.9
2012,млн.адам,,Нұр-Сұлтан қаласы,1750.1
2012,млн.адам,,Алматы қаласы,3802.8
2012,млн.тонна,Автомобиль және қалалық электр көлігі,,2718.4
2012,млн.тонна,Автомобиль және қалалық электр көлігі,Ақмола,112.6
2012,млн.тонна,Автомобиль және қалалық электр көлігі,Ақтөбе,58.1
2012,млн.тонна,Автомобиль және қалалық электр көлігі,Алматы,158.1
2012,млн.тонна,Автомобиль және қалалық электр көлігі,Атырау,72.4
2012,млн.тонна,Автомобиль және қалалық электр көлігі,Батыс Қазақстан,35.7
2012,млн.тонна,Автомобиль және қалалық электр көлігі,Жамбыл,80.4
2012,млн.тонна,Автомобиль және қалалық электр көлігі,Қарағанды,619.7
2012,млн.тонна,Автомобиль және қалалық электр көлігі,Қостанай,275.6
2012,млн.тонна,Автомобиль және қалалық электр көлігі,Қызылорда,98.4
2012,млн.тонна,Автомобиль және қалалық электр көлігі,Маңғыстау,203.7
2012,млн.тонна,Автомобиль және қалалық электр көлігі,Оңтүстік Қазақстан,123.8
2012,млн.тонна,Автомобиль және қалалық электр көлігі,Павлодар,76.6
2012,млн.тонна,Автомобиль және қалалық электр көлігі,Солтүстік Қазақстан,46.1
2012,млн.тонна,Автомобиль және қалалық электр көлігі,Шығыс Қазақстан,476.6
2012,млн.тонна,Автомобиль және қалалық электр көлігі,Нұр-Сұлтан қаласы,112.6
2012,млн.тонна,Автомобиль және қалалық электр көлігі,Алматы қаласы,168.3
2012,млн.адам,Көліктің барлық түрлерімен жолаушыларды тасымалдау,,18455.7
2012,млн.адам,Көліктің барлық түрлерімен жолаушыларды тасымалдау,Ақмола,1482.1
2012,млн.адам,Көліктің барлық түрлерімен жолаушыларды тасымалдау,Ақтөбе,220.1
2012,млн.адам,Көліктің барлық түрлерімен жолаушыларды тасымалдау,Алматы,597.2
2012,млн.адам,Көліктің барлық түрлерімен жолаушыларды тасымалдау,Атырау,155.4
2012,млн.адам,Көліктің барлық түрлерімен жолаушыларды тасымалдау,Батыс Қазақстан,402.2
2012,млн.адам,Көліктің барлық түрлерімен жолаушыларды тасымалдау,Жамбыл,802.8
2012,млн.адам,Көліктің барлық түрлерімен жолаушыларды тасымалдау,Қарағанды,2111.4
2012,млн.адам,Көліктің барлық түрлерімен жолаушыларды тасымалдау,Қостанай,1575.5
2012,млн.адам,Көліктің барлық түрлерімен жолаушыларды тасымалдау,Қызылорда,2323.7
2012,млн.адам,Көліктің барлық түрлерімен жолаушыларды тасымалдау,Маңғыстау,81.5
2012,млн.адам,Көліктің барлық түрлерімен жолаушыларды тасымалдау,Оңтүстік Қазақстан,2148.8
2012,млн.адам,Көліктің барлық түрлерімен жолаушыларды тасымалдау,Павлодар,1166.3
2012,млн.адам,Көліктің барлық түрлерімен жолаушыларды тасымалдау,Солтүстік Қазақстан,4706.9
2012,млн.адам,Көліктің барлық түрлерімен жолаушыларды тасымалдау,Шығыс Қазақстан,1459.9
2012,млн.адам,Көліктің барлық түрлерімен жолаушыларды тасымалдау,Нұр-Сұлтан қаласы,1750.0
2012,млн.адам,Көліктің барлық түрлерімен жолаушыларды тасымалдау,Алматы қаласы,3799.5
2012,тонна,әуе көлікпен тасымалданған жүктер,,21954.2
2012,тонна,әуе көлікпен тасымалданған жүктер,Батыс Қазақстан,183.0
2012,тонна,әуе көлікпен тасымалданған жүктер,Оңтүстік Қазақстан,768.0
2012,тонна,әуе көлікпен тасымалданған жүктер,Шығыс Қазақстан,5.8
2012,тонна,әуе көлікпен тасымалданған жүктер,Алматы қаласы,20997.4
2012,мың.адам,әуе көлікпен тасымалданған жолаушылар,,4512.0
2012,мың.адам,әуе көлікпен тасымалданған жолаушылар,Алматы,30.0
2012,мың.адам,әуе көлікпен тасымалданған жолаушылар,Атырау,0.4
2012,мың.адам,әуе көлікпен тасымалданған жолаушылар,Қарағанды,59.7
2012,мың.адам,әуе көлікпен тасымалданған жолаушылар,Батыс Қазақстан,7.2
2012,мың.адам,әуе көлікпен тасымалданған жолаушылар,Оңтүстік Қазақстан,1095.8
2012,мың.адам,әуе көлікпен тасымалданған жолаушылар,Нұр-Сұлтан қаласы,5.1
2012,мың.адам,әуе көлікпен тасымалданған жолаушылар,Алматы қаласы,5.5
2012,мың.адам,әуе көлікпен тасымалданған жолаушылар,Шымкент қаласы,3308.3
2012,млн.тонна,құбыр көлігінің жұмыс көрсеткіштері,,213.2
2012,млн.тонна,құбыр көлігінің жұмыс көрсеткіштері,Атырау,68.2
2012,млн.тонна,құбыр көлігінің жұмыс көрсеткіштері,Павлодар,25.7
2012,млн.тонна,_L_KZ_090102_1R,,4.0
2012,млн.тонна,_L_KZ_090102_1R,Маңғыстау,4.0
2013,млн.тонна,Көліктің барлық түрлерімен жүк тасымалдау,,3508.0
2013,млн.тонна,Құбыр жүргізетін көлікпен,,225.9
2013,млн.тонна,Темір жол көлігі,,293.7
2013,млн.тонна,Автокөлік,,2983.4
2013,млн.тонна,Әуе көлігімен,,0.2
2013,млн.тонна,Ішкі су көлігімен,,1.1
2013,млн.тонна,Теңіз көлігімен,,4.0
2013,млн.тонна,,Ақмола,121.5
2013,млн.тонна,,Ақтөбе,62.2
2013,млн.тонна,,Алматы,159.0
2013,млн.тонна,,Атырау,151.3
2013,млн.тонна,,Батыс Қазақстан,38.9
2013,млн.тонна,,Жамбыл,88.4
2013,млн.тонна,,Қарағанды,676.7
2013,млн.тонна,,Қостанай,299.7
2013,млн.тонна,,Қызылорда,106.1
2013,млн.тонна,,Маңғыстау,215.1
2013,млн.тонна,,Оңтүстік Қазақстан,133.0
2013,млн.тонна,,Павлодар,116.5
2013,млн.тонна,,Солтүстік Қазақстан,49.3
2013,млн.тонна,,Шығыс Қазақстан,553.7
2013,млн.тонна,,Нұр-Сұлтан қаласы,124.1
2013,млн.тонна,,Алматы қаласы,194.4
2013,млн.адам,Көліктің барлық түрлерімен жолаушыларды тасымалдау,,20004.3
2013,млн.адам,Темір жол көлігімен,,28.6
2013,млн.адам,Автокөлік,,19905.3
2013,млн.адам,Ішкі су көлігімен,,0.1
2013,млн.адам,Әуе көлігімен,,5.0
2013,млн.адам,Қалалық электр көлігі,,65.3
2013,млн.адам,,Ақмола,1604.5
2013,млн.адам,,Ақтөбе,238.4
2013,млн.адам,,Алматы,629.0
2013,млн.адам,,Атырау,167.9
2013,млн.адам,,Батыс Қазақстан,425.8
2013,млн.адам,,Жамбыл,864.6
2013,млн.адам,,Қарағанды,2299.9
2013,млн.адам,,Қостанай,1657.4
2013,млн.адам,,Қызылорда,251.3
2013,млн.адам,,Маңғыстау,85.5
2013,млн.адам,,Оңтүстік Қазақстан,2257.6
2013,млн.адам,,Павлодар,1194.6
2013,млн.адам,,Солтүстік Қазақстан,492.8
2013,млн.адам,,Шығыс Қазақстан,1606.7
2013,млн.адам,,Нұр-Сұлтан қаласы,1961.0
2013,млн.адам,,Алматы қаласы,4238.8
2013,млн.тонна,Автомобиль және қалалық электр көлігі,,2983.4
2013,млн.тонна,Автомобиль және қалалық электр көлігі,Ақмола,121.5
2013,млн.тонна,Автомобиль және қалалық электр көлігі,Ақтөбе,62.2
2013,млн.тонна,Автомобиль және қалалық электр көлігі,Алматы,159.0
2013,млн.тонна,Автомобиль және қалалық электр көлігі,Атырау,82.6
2013,млн.тонна,Автомобиль және қалалық электр көлігі,Батыс Қазақстан,38.9
2013,млн.тонна,Автомобиль және қалалық электр көлігі,Жамбыл,88.4
2013,млн.тонна,Автомобиль және қалалық электр көлігі,Қарағанды,676.7
2013,млн.тонна,Автомобиль және қалалық электр көлігі,Қостанай,299.7
2013,млн.тонна,Автомобиль және қалалық электр көлігі,Қызылорда,106.1
2013,млн.тонна,Автомобиль және қалалық электр көлігі,Маңғыстау,211.1
2013,млн.тонна,Автомобиль және қалалық электр көлігі,Оңтүстік Қазақстан,133.0
2013,млн.тонна,Автомобиль және қалалық электр көлігі,Павлодар,83.3
2013,млн.тонна,Автомобиль және қалалық электр көлігі,Солтүстік Қазақстан,49.3
2013,млн.тонна,Автомобиль және қалалық электр көлігі,Шығыс Қазақстан,553.3
2013,млн.тонна,Автомобиль және қалалық электр көлігі,Нұр-Сұлтан қаласы,124.1
2013,млн.тонна,Автомобиль және қалалық электр көлігі,Алматы қаласы,194.4
2013,млн.адам,Көліктің барлық түрлерімен жолаушыларды тасымалдау,,19970.6
2013,млн.адам,Көліктің барлық түрлерімен жолаушыларды тасымалдау,Ақмола,1604.5
2013,млн.адам,Көліктің барлық түрлерімен жолаушыларды тасымалдау,Ақтөбе,238.4
2013,млн.адам,Көліктің барлық түрлерімен жолаушыларды тасымалдау,Алматы,628.9
2013,млн.адам,Көліктің барлық түрлерімен жолаушыларды тасымалдау,Атырау,167.9
2013,млн.адам,Көліктің барлық түрлерімен жолаушыларды тасымалдау,Батыс Қазақстан,425.6
2013,млн.адам,Көліктің барлық түрлерімен жолаушыларды тасымалдау,Жамбыл,864.6
2013,млн.адам,Көліктің барлық түрлерімен жолаушыларды тасымалдау,Қарағанды,2299.9
2013,млн.адам,Көліктің барлық түрлерімен жолаушыларды тасымалдау,Қостанай,1657.4
2013,млн.адам,Көліктің барлық түрлерімен жолаушыларды тасымалдау,Қызылорда,251.3
2013,млн.адам,Көліктің барлық түрлерімен жолаушыларды тасымалдау,Маңғыстау,85.5
2013,млн.адам,Көліктің барлық түрлерімен жолаушыларды тасымалдау,Оңтүстік Қазақстан,2256.5
2013,млн.адам,Көліктің барлық түрлерімен жолаушыларды тасымалдау,Павлодар,1194.6
2013,млн.адам,Көліктің барлық түрлерімен жолаушыларды тасымалдау,Солтүстік Қазақстан,492.8
2013,млн.адам,Көліктің барлық түрлерімен жолаушыларды тасымалдау,Шығыс Қазақстан,1606.7
2013,млн.адам,Көліктің барлық түрлерімен жолаушыларды тасымалдау,Нұр-Сұлтан қаласы,1961.0
2013,млн.адам,Көліктің барлық түрлерімен жолаушыларды тасымалдау,Алматы қаласы,4235.1
2013,тонна,әуе көлікпен тасымалданған жүктер,,23873.5
2013,тонна,әуе көлікпен тасымалданған жүктер,Батыс Қазақстан,227.2
2013,тонна,әуе көлікпен тасымалданған жүктер,Шығыс Қазақстан,1062.0
2013,тонна,әуе көлікпен тасымалданған жүктер,Алматы қаласы,22584.3
2013,мың.адам,әуе көлікпен тасымалданған жолаушылар,,4985.6
2013,мың.адам,әуе көлікпен тасымалданған жолаушылар,Алматы,25.5
2013,мың.адам,әуе көлікпен тасымалданған жолаушылар,Қарағанды,10.0
2013,мың.адам,әуе көлікпен тасымалданған жолаушылар,Батыс Қазақстан,140.1
2013,мың.адам,әуе көлікпен тасымалданған жолаушылар,Оңтүстік Қазақстан,1109.6
2013,мың.адам,әуе көлікпен тасымалданған жолаушылар,Алматы қаласы,1.3
2013,мың.адам,әуе көлікпен тасымалданған жолаушылар,Шымкент қаласы,3699.1
2013,млн.тонна,құбыр көлігінің жұмыс көрсеткіштері,,225.9
2013,млн.тонна,құбыр көлігінің жұмыс көрсеткіштері,Атырау,68.7
2013,млн.тонна,құбыр көлігінің жұмыс көрсеткіштері,Павлодар,32.5
2013,млн.тонна,_L_KZ_090102_1R,,4.0
2013,млн.тонна,_L_KZ_090102_1R,Маңғыстау,4.0
2014,млн.тонна,Көліктің барлық түрлерімен жүк тасымалдау,,3749.8
2014,млн.тонна,Құбыр жүргізетін көлікпен,,225.0
2014,млн.тонна,Темір жол көлігі,,390.7
2014,млн.тонна,Автокөлік,,3129.1
2014,млн.тонна,Әуе көлігімен,,0.2
2014,млн.тонна,Ішкі су көлігімен,,1.3
2014,млн.тонна,Теңіз көлігімен,,3.6
2014,млн.тонна,,Ақмола,121.3
2014,млн.тонна,,Ақтөбе,63.6
2014,млн.тонна,,Алматы,159.9
2014,млн.тонна,,Атырау,151.2
2014,млн.тонна,,Батыс Қазақстан,40.0
2014,млн.тонна,,Жамбыл,88.9
2014,млн.тонна,,Қарағанды,719.2
2014,млн.тонна,,Қостанай,297.3
2014,млн.тонна,,Қызылорда,107.2
2014,млн.тонна,,Маңғыстау,217.6
2014,млн.тонна,,Оңтүстік Қазақстан,145.4
2014,млн.тонна,,Павлодар,128.1
2014,млн.тонна,,Солтүстік Қазақстан,49.9
2014,млн.тонна,,Шығыс Қазақстан,595.5
2014,млн.тонна,,Нұр-Сұлтан қаласы,136.7
2014,млн.тонна,,Алматы қаласы,216.8
2014,млн.адам,Көліктің барлық түрлерімен жолаушыларды тасымалдау,,21281.2
2014,млн.адам,Темір жол көлігімен,,23.2
2014,млн.адам,Автокөлік,,21189.9
2014,млн.адам,Ішкі су көлігімен,,0.1
2014,млн.адам,Әуе көлігімен,,5.4
2014,млн.адам,Қалалық электр көлігі,,62.5
2014,млн.адам,,Ақмола,1723.9
2014,млн.адам,,Ақтөбе,251.0
2014,млн.адам,,Алматы,654.3
2014,млн.адам,,Атырау,172.1
2014,млн.адам,,Батыс Қазақстан,428.3
2014,млн.адам,,Жамбыл,882.5
2014,млн.адам,,Қарағанды,2428.7
2014,млн.адам,,Қостанай,1752.0
2014,млн.адам,,Қызылорда,282.1
2014,млн.адам,,Маңғыстау,85.5
2014,млн.адам,,Оңтүстік Қазақстан,2262.5
2014,млн.адам,,Павлодар,1195.6
2014,млн.адам,,Солтүстік Қазақстан,496.1
2014,млн.адам,,Шығыс Қазақстан,1654.2
2014,млн.адам,,Нұр-Сұлтан қаласы,2180.3
2014,млн.адам,,Алматы қаласы,4808.6
2014,млн.тонна,Автомобиль және қалалық электр көлігі,,3129.1
2014,млн.тонна,Автомобиль және қалалық электр көлігі,Ақмола,121.3
2014,млн.тонна,Автомобиль және қалалық электр көлігі,Ақтөбе,63.6
2014,млн.тонна,Автомобиль және қалалық электр көлігі,Алматы,159.9
2014,млн.тонна,Автомобиль және қалалық электр көлігі,Атырау,82.1
2014,млн.тонна,Автомобиль және қалалық электр көлігі,Батыс Қазақстан,39.9
2014,млн.тонна,Автомобиль және қалалық электр көлігі,Жамбыл,88.9
2014,млн.тонна,Автомобиль және қалалық электр көлігі,Қарағанды,719.2
2014,млн.тонна,Автомобиль және қалалық электр көлігі,Қостанай,297.3
2014,млн.тонна,Автомобиль және қалалық электр көлігі,Қызылорда,107.2
2014,млн.тонна,Автомобиль және қалалық электр көлігі,Маңғыстау,214.0
2014,млн.тонна,Автомобиль және қалалық электр көлігі,Оңтүстік Қазақстан,145.4
2014,млн.тонна,Автомобиль және қалалық электр көлігі,Павлодар,91.8
2014,млн.тонна,Автомобиль және қалалық электр көлігі,Солтүстік Қазақстан,49.9
2014,млн.тонна,Автомобиль және қалалық электр көлігі,Шығыс Қазақстан,595.1
2014,млн.тонна,Автомобиль және қалалық электр көлігі,Нұр-Сұлтан қаласы,136.7
2014,млн.тонна,Автомобиль және қалалық электр көлігі,Алматы қаласы,216.8
2014,млн.адам,Көліктің барлық түрлерімен жолаушыларды тасымалдау,,21252.4
2014,млн.адам,Көліктің барлық түрлерімен жолаушыларды тасымалдау,Ақмола,1723.9
2014,млн.адам,Көліктің барлық түрлерімен жолаушыларды тасымалдау,Ақтөбе,251.0
2014,млн.адам,Көліктің барлық түрлерімен жолаушыларды тасымалдау,Алматы,654.3
2014,млн.адам,Көліктің барлық түрлерімен жолаушыларды тасымалдау,Атырау,172.1
2014,млн.адам,Көліктің барлық түрлерімен жолаушыларды тасымалдау,Батыс Қазақстан,427.9
2014,млн.адам,Көліктің барлық түрлерімен жолаушыларды тасымалдау,Жамбыл,882.5
2014,млн.адам,Көліктің барлық түрлерімен жолаушыларды тасымалдау,Қарағанды,2428.7
2014,млн.адам,Көліктің барлық түрлерімен жолаушыларды тасымалдау,Қостанай,1752.0
2014,млн.адам,Көліктің барлық түрлерімен жолаушыларды тасымалдау,Қызылорда,282.1
2014,млн.адам,Көліктің барлық түрлерімен жолаушыларды тасымалдау,Маңғыстау,85.5
2014,млн.адам,Көліктің барлық түрлерімен жолаушыларды тасымалдау,Оңтүстік Қазақстан,2261.3
2014,млн.адам,Көліктің барлық түрлерімен жолаушыларды тасымалдау,Павлодар,1195.6
2014,млн.адам,Көліктің барлық түрлерімен жолаушыларды тасымалдау,Солтүстік Қазақстан,496.1
2014,млн.адам,Көліктің барлық түрлерімен жолаушыларды тасымалдау,Шығыс Қазақстан,1654.2
2014,млн.адам,Көліктің барлық түрлерімен жолаушыларды тасымалдау,Нұр-Сұлтан қаласы,2180.3
2014,млн.адам,Көліктің барлық түрлерімен жолаушыларды тасымалдау,Алматы қаласы,4804.8
2014,тонна,әуе көлікпен тасымалданған жүктер,,19082.4
2014,тонна,әуе көлікпен тасымалданған жүктер,Батыс Қазақстан,239.4
2014,тонна,әуе көлікпен тасымалданған жүктер,Шығыс Қазақстан,978.0
2014,тонна,әуе көлікпен тасымалданған жүктер,Алматы қаласы,17865.0
2014,мың.адам,әуе көлікпен тасымалданған жолаушылар,,5434.6
2014,мың.адам,әуе көлікпен тасымалданған жолаушылар,Алматы,28.5
2014,мың.адам,әуе көлікпен тасымалданған жолаушылар,Қарағанды,8.5
2014,мың.адам,әуе көлікпен тасымалданған жолаушылар,Батыс Қазақстан,354.7
2014,мың.адам,әуе көлікпен тасымалданған жолаушылар,Оңтүстік Қазақстан,1254.7
2014,мың.адам,әуе көлікпен тасымалданған жолаушылар,Алматы қаласы,1.4
2014,мың.адам,әуе көлікпен тасымалданған жолаушылар,Шымкент қаласы,3786.8
2014,млн.тонна,құбыр көлігінің жұмыс көрсеткіштері,,225.0
2014,млн.тонна,құбыр көлігінің жұмыс көрсеткіштері,Атырау,69.0
2014,млн.тонна,құбыр көлігінің жұмыс көрсеткіштері,Павлодар,35.4
2014,млн.тонна,_L_KZ_090102_1R,,3.6
2014,млн.тонна,_L_KZ_090102_1R,Маңғыстау,3.6
2015,млн.тонна,Көліктің барлық түрлерімен жүк тасымалдау,,3733.8
2015,млн.тонна,Құбыр жүргізетін көлікпен,,214.6
2015,млн.тонна,Темір жол көлігі,,341.4
2015,млн.тонна,Автокөлік,,3174.0
2015,млн.тонна,Әуе көлігімен,,0.2
2015,млн.тонна,Ішкі су көлігімен,,1.2
2015,млн.тонна,Теңіз көлігімен,,2.5
2015,млн.тонна,,Ақмола,120.3
2015,млн.тонна,,Ақтөбе,70.1
2015,млн.тонна,,Алматы,167.2
2015,млн.тонна,,Атырау,144.4
2015,млн.тонна,,Батыс Қазақстан,39.5
2015,млн.тонна,,Жамбыл,91.3
2015,млн.тонна,,Қарағанды,709.9
2015,млн.тонна,,Қостанай,294.9
2015,млн.тонна,,Қызылорда,108.7
2015,млн.тонна,,Маңғыстау,227.8
2015,млн.тонна,,Оңтүстік Қазақстан,155.0
2015,млн.тонна,,Павлодар,127.9
2015,млн.тонна,,Солтүстік Қазақстан,49.7
2015,млн.тонна,,Шығыс Қазақстан,598.8
2015,млн.тонна,,Нұр-Сұлтан қаласы,142.5
2015,млн.тонна,,Алматы қаласы,232.1
2015,млн.адам,Көліктің барлық түрлерімен жолаушыларды тасымалдау,,21839.1
2015,млн.адам,Темір жол көлігімен,,22.5
2015,млн.адам,Автокөлік,,21744.7
2015,млн.адам,Ішкі су көлігімен,,0.0
2015,млн.адам,Әуе көлігімен,,5.9
2015,млн.адам,Қалалық электр көлігі,,65.9
2015,млн.адам,,Ақмола,1729.5
2015,млн.адам,,Ақтөбе,264.7
2015,млн.адам,,Алматы,706.7
2015,млн.адам,,Атырау,172.0
2015,млн.адам,,Батыс Қазақстан,436.3
2015,млн.адам,,Жамбыл,929.5
2015,млн.адам,,Қарағанды,2421.2
2015,млн.адам,,Қостанай,1745.2
2015,млн.адам,,Қызылорда,298.1
2015,млн.адам,,Маңғыстау,85.3
2015,млн.адам,,Оңтүстік Қазақстан,2347.4
2015,млн.адам,,Павлодар,1240.8
2015,млн.адам,,Солтүстік Қазақстан,495.2
2015,млн.адам,,Шығыс Қазақстан,1681.0
2015,млн.адам,,Нұр-Сұлтан қаласы,2279.0
2015,млн.адам,,Алматы қаласы,4984.8
2015,млн.тонна,Автомобиль және қалалық электр көлігі,,3174.0
2015,млн.тонна,Автомобиль және қалалық электр көлігі,Ақмола,120.3
2015,млн.тонна,Автомобиль және қалалық электр көлігі,Ақтөбе,70.1
2015,млн.тонна,Автомобиль және қалалық электр көлігі,Алматы,167.2
2015,млн.тонна,Автомобиль және қалалық электр көлігі,Атырау,75.7
2015,млн.тонна,Автомобиль және қалалық электр көлігі,Батыс Қазақстан,39.5
2015,млн.тонна,Автомобиль және қалалық электр көлігі,Жамбыл,91.3
2015,млн.тонна,Автомобиль және қалалық электр көлігі,Қарағанды,709.9
2015,млн.тонна,Автомобиль және қалалық электр көлігі,Қостанай,294.9
2015,млн.тонна,Автомобиль және қалалық электр көлігі,Қызылорда,108.7
2015,млн.тонна,Автомобиль және қалалық электр көлігі,Маңғыстау,225.3
2015,млн.тонна,Автомобиль және қалалық электр көлігі,Оңтүстік Қазақстан,155.0
2015,млн.тонна,Автомобиль және қалалық электр көлігі,Павлодар,93.6
2015,млн.тонна,Автомобиль және қалалық электр көлігі,Солтүстік Қазақстан,49.7
2015,млн.тонна,Автомобиль және қалалық электр көлігі,Шығыс Қазақстан,598.3
2015,млн.тонна,Автомобиль және қалалық электр көлігі,Нұр-Сұлтан қаласы,142.5
2015,млн.тонна,Автомобиль және қалалық электр көлігі,Алматы қаласы,232.1
2015,млн.адам,Көліктің барлық түрлерімен жолаушыларды тасымалдау,,21810.7
2015,млн.адам,Көліктің барлық түрлерімен жолаушыларды тасымалдау,Ақмола,1729.5
2015,млн.адам,Көліктің барлық түрлерімен жолаушыларды тасымалдау,Ақтөбе,264.7
2015,млн.адам,Көліктің барлық түрлерімен жолаушыларды тасымалдау,Алматы,706.7
2015,млн.адам,Көліктің барлық түрлерімен жолаушыларды тасымалдау,Атырау,172.0
2015,млн.адам,Көліктің барлық түрлерімен жолаушыларды тасымалдау,Батыс Қазақстан,436.0
2015,млн.адам,Көліктің барлық түрлерімен жолаушыларды тасымалдау,Жамбыл,929.5
2015,млн.адам,Көліктің барлық түрлерімен жолаушыларды тасымалдау,Қарағанды,2421.2
2015,млн.адам,Көліктің барлық түрлерімен жолаушыларды тасымалдау,Қостанай,1745.2
2015,млн.адам,Көліктің барлық түрлерімен жолаушыларды тасымалдау,Қызылорда,298.1
2015,млн.адам,Көліктің барлық түрлерімен жолаушыларды тасымалдау,Маңғыстау,85.3
2015,млн.адам,Көліктің барлық түрлерімен жолаушыларды тасымалдау,Оңтүстік Қазақстан,2346.1
2015,млн.адам,Көліктің барлық түрлерімен жолаушыларды тасымалдау,Павлодар,1240.8
2015,млн.адам,Көліктің барлық түрлерімен жолаушыларды тасымалдау,Солтүстік Қазақстан,495.2
2015,млн.адам,Көліктің барлық түрлерімен жолаушыларды тасымалдау,Шығыс Қазақстан,1681.0
2015,млн.адам,Көліктің барлық түрлерімен жолаушыларды тасымалдау,Нұр-Сұлтан қаласы,2279.0
2015,млн.адам,Көліктің барлық түрлерімен жолаушыларды тасымалдау,Алматы қаласы,4980.4
2015,тонна,әуе көлікпен тасымалданған жүктер,,17178.2
2015,тонна,әуе көлікпен тасымалданған жүктер,Батыс Қазақстан,131.0
2015,тонна,әуе көлікпен тасымалданған жүктер,Алматы қаласы,15956.2
2015,мың.адам,әуе көлікпен тасымалданған жолаушылар,,5922.8
2015,мың.адам,әуе көлікпен тасымалданған жолаушылар,Алматы,25.2
2015,мың.адам,әуе көлікпен тасымалданған жолаушылар,Атырау,4.3
2015,мың.адам,әуе көлікпен тасымалданған жолаушылар,Батыс Қазақстан,332.4
2015,мың.адам,әуе көлікпен тасымалданған жолаушылар,Оңтүстік Қазақстан,1224.7
2015,мың.адам,әуе көлікпен тасымалданған жолаушылар,Алматы қаласы,5.2
2015,мың.адам,әуе көлікпен тасымалданған жолаушылар,Шымкент қаласы,4324.4
2015,млн.тонна,құбыр көлігінің жұмыс көрсеткіштері,,214.6
2015,млн.тонна,құбыр көлігінің жұмыс көрсеткіштері,Атырау,68.6
2015,млн.тонна,_L_KZ_090102_1R,,2.5
2015,млн.тонна,_L_KZ_090102_1R,Маңғыстау,2.5
2016,млн.тонна,Көліктің барлық түрлерімен жүк тасымалдау,,3729.2
2016,млн.тонна,Құбыр жүргізетін көлікпен,,205.8
2016,млн.тонна,Темір жол көлігі,,338.9
2016,млн.тонна,Автокөлік,,3180.7
2016,млн.тонна,Әуе көлігімен,,0.2
2016,млн.тонна,Ішкі су көлігімен,,1.2
2016,млн.тонна,Теңіз көлігімен,,2.6
2016,млн.тонна,,Ақмола,113.1
2016,млн.тонна,,Ақтөбе,76.3
2016,млн.тонна,,Алматы,179.0
2016,млн.тонна,,Атырау,145.1
2016,млн.тонна,,Батыс Қазақстан,39.4
2016,млн.тонна,,Жамбыл,91.3
2016,млн.тонна,,Қарағанды,727.5
2016,млн.тонна,,Қостанай,277.3
2016,млн.тонна,,Қызылорда,104.3
2016,млн.тонна,,Маңғыстау,218.9
2016,млн.тонна,,Оңтүстік Қазақстан,158.7
2016,млн.тонна,,Павлодар,131.5
2016,млн.тонна,,Солтүстік Қазақстан,48.2
2016,млн.тонна,,Шығыс Қазақстан,582.4
2016,млн.тонна,,Нұр-Сұлтан қаласы,142.6
2016,млн.тонна,,Алматы қаласы,252.3
2016,млн.адам,Көліктің барлық түрлерімен жолаушыларды тасымалдау,,22332.8
2016,млн.адам,Темір жол көлігімен,,23.1
2016,млн.адам,Автокөлік,,22239.4
2016,млн.адам,Ішкі су көлігімен,,0.1
2016,млн.адам,Әуе көлігімен,,6.0
2016,млн.адам,Қалалық электр көлігі,,64.2
2016,млн.адам,,Ақмола,1700.1
2016,млн.адам,,Ақтөбе,278.4
2016,млн.адам,,Алматы,808.3
2016,млн.адам,,Атырау,181.0
2016,млн.адам,,Батыс Қазақстан,434.3
2016,млн.адам,,Жамбыл,957.3
2016,млн.адам,,Қарағанды,2418.1
2016,млн.адам,,Қостанай,1751.7
2016,млн.адам,,Қызылорда,335.5
2016,млн.адам,,Маңғыстау,84.8
2016,млн.адам,,Оңтүстік Қазақстан,2478.5
2016,млн.адам,,Павлодар,1244.5
2016,млн.адам,,Солтүстік Қазақстан,506.8
2016,млн.адам,,Шығыс Қазақстан,1705.2
2016,млн.адам,,Нұр-Сұлтан қаласы,2441.1
2016,млн.адам,,Алматы қаласы,4984.2
2016,млн.тонна,Автомобиль және қалалық электр көлігі,,3180.7
2016,млн.тонна,Автомобиль және қалалық электр көлігі,Ақмола,113.1
2016,млн.тонна,Автомобиль және қалалық электр көлігі,Ақтөбе,76.3
2016,млн.тонна,Автомобиль және қалалық электр көлігі,Алматы,179.0
2016,млн.тонна,Автомобиль және қалалық электр көлігі,Атырау,75.0
2016,млн.тонна,Автомобиль және қалалық электр көлігі,Батыс Қазақстан,39.4
2016,млн.тонна,Автомобиль және қалалық электр көлігі,Жамбыл,91.3
2016,млн.тонна,Автомобиль және қалалық электр көлігі,Қарағанды,727.5
2016,млн.тонна,Автомобиль және қалалық электр көлігі,Қостанай,277.3
2016,млн.тонна,Автомобиль және қалалық электр көлігі,Қызылорда,104.3
2016,млн.тонна,Автомобиль және қалалық электр көлігі,Маңғыстау,216.4
2016,млн.тонна,Автомобиль және қалалық электр көлігі,Оңтүстік Қазақстан,158.7
2016,млн.тонна,Автомобиль және қалалық электр көлігі,Павлодар,97.7
2016,млн.тонна,Автомобиль және қалалық электр көлігі,Солтүстік Қазақстан,48.2
2016,млн.тонна,Автомобиль және қалалық электр көлігі,Шығыс Қазақстан,581.9
2016,млн.тонна,Автомобиль және қалалық электр көлігі,Нұр-Сұлтан қаласы,142.6
2016,млн.тонна,Автомобиль және қалалық электр көлігі,Алматы қаласы,252.2
2016,млн.адам,Көліктің барлық түрлерімен жолаушыларды тасымалдау,,22303.6
2016,млн.адам,Көліктің барлық түрлерімен жолаушыларды тасымалдау,Ақмола,1700.1
2016,млн.адам,Көліктің барлық түрлерімен жолаушыларды тасымалдау,Ақтөбе,278.4
2016,млн.адам,Көліктің барлық түрлерімен жолаушыларды тасымалдау,Алматы,808.3
2016,млн.адам,Көліктің барлық түрлерімен жолаушыларды тасымалдау,Атырау,181.0
2016,млн.адам,Көліктің барлық түрлерімен жолаушыларды тасымалдау,Батыс Қазақстан,433.6
2016,млн.адам,Көліктің барлық түрлерімен жолаушыларды тасымалдау,Жамбыл,957.3
2016,млн.адам,Көліктің барлық түрлерімен жолаушыларды тасымалдау,Қарағанды,2418.1
2016,млн.адам,Көліктің барлық түрлерімен жолаушыларды тасымалдау,Қостанай,1751.7
2016,млн.адам,Көліктің барлық түрлерімен жолаушыларды тасымалдау,Қызылорда,335.5
2016,млн.адам,Көліктің барлық түрлерімен жолаушыларды тасымалдау,Маңғыстау,84.8
2016,млн.адам,Көліктің барлық түрлерімен жолаушыларды тасымалдау,Оңтүстік Қазақстан,2477.2
2016,млн.адам,Көліктің барлық түрлерімен жолаушыларды тасымалдау,Павлодар,1244.4
2016,млн.адам,Көліктің барлық түрлерімен жолаушыларды тасымалдау,Солтүстік Қазақстан,506.8
2016,млн.адам,Көліктің барлық түрлерімен жолаушыларды тасымалдау,Шығыс Қазақстан,1705.1
2016,млн.адам,Көліктің барлық түрлерімен жолаушыларды тасымалдау,Нұр-Сұлтан қаласы,2441.0
2016,млн.адам,Көліктің барлық түрлерімен жолаушыларды тасымалдау,Алматы қаласы,4980.3
2016,тонна,әуе көлікпен тасымалданған жүктер,,18015.9
2016,тонна,әуе көлікпен тасымалданған жүктер,Алматы қаласы,16810.9
2016,мың.адам,әуе көлікпен тасымалданған жолаушылар,,6021.7
2016,мың.адам,әуе көлікпен тасымалданған жолаушылар,Алматы,16.2
2016,мың.адам,әуе көлікпен тасымалданған жолаушылар,Атырау,0.1
2016,мың.адам,әуе көлікпен тасымалданған жолаушылар,Оңтүстік Қазақстан,1288.9
2016,мың.адам,әуе көлікпен тасымалданған жолаушылар,Алматы қаласы,34.6
2016,мың.адам,әуе көлікпен тасымалданған жолаушылар,Шымкент қаласы,3945.5
2016,млн.тонна,құбыр көлігінің жұмыс көрсеткіштері,,205.8
2016,млн.тонна,құбыр көлігінің жұмыс көрсеткіштері,Атырау,70.1
2016,млн.тонна,_L_KZ_090102_1R,,2.6
2016,млн.тонна,_L_KZ_090102_1R,Маңғыстау,2.6
2017,млн.тонна,Көліктің барлық түрлерімен жүк тасымалдау,,3946.1
2017,млн.тонна,Құбыр жүргізетін көлікпен,,232.8
2017,млн.тонна,Темір жол көлігі,,387.2
2017,млн.тонна,Автокөлік,,3322.3
2017,млн.тонна,Әуе көлігімен,,0.2
2017,млн.тонна,Ішкі су көлігімен,,1.6
2017,млн.тонна,Теңіз көлігімен,,2.1
2017,млн.тонна,,Ақмола,116.1
2017,млн.тонна,,Ақтөбе,76.8
2017,млн.тонна,,Алматы,181.1
2017,млн.тонна,,Атырау,154.2
2017,млн.тонна,,Батыс Қазақстан,39.3
2017,млн.тонна,,Жамбыл,100.1
2017,млн.тонна,,Қарағанды,795.5
2017,млн.тонна,,Қостанай,291.5
2017,млн.тонна,,Қызылорда,104.6
2017,млн.тонна,,Маңғыстау,238.6
2017,млн.тонна,,Павлодар,133.1
2017,млн.тонна,,Солтүстік Қазақстан,51.4
2017,млн.тонна,,Шығыс Қазақстан,600.8
2017,млн.тонна,,Алматы қаласы,256.0
2017,млн.адам,Көліктің барлық түрлерімен жолаушыларды тасымалдау,,22744.7
2017,млн.адам,Темір жол көлігімен,,22.9
2017,млн.адам,Автокөлік,,22643.6
2017,млн.адам,Ішкі су көлігімен,,0.1
2017,млн.адам,Әуе көлігімен,,7.4
2017,млн.адам,Қалалық электр көлігі,,70.6
2017,млн.адам,,Ақмола,1643.9
2017,млн.адам,,Ақтөбе,294.7
2017,млн.адам,,Алматы,873.0
2017,млн.адам,,Батыс Қазақстан,451.5
2017,млн.адам,,Жамбыл,957.3
2017,млн.адам,,Қостанай,1796.6
2017,млн.адам,,Қызылорда,367.5
2017,млн.адам,,Маңғыстау,88.8
2017,млн.адам,,Оңтүстік Қазақстан,2607.6
2017,млн.адам,,Павлодар,1225.0
2017,млн.адам,,Солтүстік Қазақстан,501.6
2017,млн.адам,,Шығыс Қазақстан,1709.2
2017,млн.адам,,Алматы қаласы,5097.2
2017,млн.тонна,Автомобиль және қалалық электр көлігі,,3322.3
2017,млн.тонна,Автомобиль және қалалық электр көлігі,Ақмола,116.1
2017,млн.тонна,Автомобиль және қалалық электр көлігі,Ақтөбе,76.8
2017,млн.тонна,Автомобиль және қалалық электр көлігі,Алматы,181.1
2017,млн.тонна,Автомобиль және қалалық электр көлігі,Атырау,75.9
2017,млн.тонна,Автомобиль және қалалық электр көлігі,Батыс Қазақстан,39.3
2017,млн.тонна,Автомобиль және қалалық электр көлігі,Жамбыл,100.1
2017,млн.тонна,Автомобиль және қалалық электр көлігі,Қарағанды,795.5
2017,млн.тонна,Автомобиль және қалалық электр көлігі,Қостанай,291.5
2017,млн.тонна,Автомобиль және қалалық электр көлігі,Қызылорда,104.6
2017,млн.тонна,Автомобиль және қалалық электр көлігі,Маңғыстау,236.5
2017,млн.тонна,Автомобиль және қалалық электр көлігі,Павлодар,88.6
2017,млн.тонна,Автомобиль және қалалық электр көлігі,Солтүстік Қазақстан,51.4
2017,млн.тонна,Автомобиль және қалалық электр көлігі,Шығыс Қазақстан,600.2
2017,млн.тонна,Автомобиль және қалалық электр көлігі,Алматы қаласы,254.5
2017,млн.адам,Көліктің барлық түрлерімен жолаушыларды тасымалдау,,22690.3
2017,млн.адам,Көліктің барлық түрлерімен жолаушыларды тасымалдау,Ақмола,1643.9
2017,млн.адам,Көліктің барлық түрлерімен жолаушыларды тасымалдау,Ақтөбе,294.7
2017,млн.адам,Көліктің барлық түрлерімен жолаушыларды тасымалдау,Алматы,872.6
2017,млн.адам,Көліктің барлық түрлерімен жолаушыларды тасымалдау,Атырау,181.0
2017,млн.адам,Көліктің барлық түрлерімен жолаушыларды тасымалдау,Батыс Қазақстан,421.7
2017,млн.адам,Көліктің барлық түрлерімен жолаушыларды тасымалдау,Жамбыл,957.9
2017,млн.адам,Көліктің барлық түрлерімен жолаушыларды тасымалдау,Қарағанды,2397.7
2017,млн.адам,Көліктің барлық түрлерімен жолаушыларды тасымалдау,Қостанай,1796.5
2017,млн.адам,Көліктің барлық түрлерімен жолаушыларды тасымалдау,Қызылорда,367.5
2017,млн.адам,Көліктің барлық түрлерімен жолаушыларды тасымалдау,Маңғыстау,88.8
2017,млн.адам,Көліктің барлық түрлерімен жолаушыларды тасымалдау,Оңтүстік Қазақстан,2605.6
2017,млн.адам,Көліктің барлық түрлерімен жолаушыларды тасымалдау,Павлодар,1225.0
2017,млн.адам,Көліктің барлық түрлерімен жолаушыларды тасымалдау,Солтүстік Қазақстан,501.6
2017,млн.адам,Көліктің барлық түрлерімен жолаушыларды тасымалдау,Шығыс Қазақстан,1708.8
2017,млн.адам,Көліктің барлық түрлерімен жолаушыларды тасымалдау,Нұр-Сұлтан қаласы,2528.4
2017,млн.адам,Көліктің барлық түрлерімен жолаушыларды тасымалдау,Алматы қаласы,5098.6
2017,тонна,әуе көлікпен тасымалданған жүктер,,22449.9
2017,тонна,әуе көлікпен тасымалданған жүктер,Алматы қаласы,20345.2
2017,мың.адам,әуе көлікпен тасымалданған жолаушылар,,7363.7
2017,мың.адам,әуе көлікпен тасымалданған жолаушылар,Алматы,10.6
2017,мың.адам,әуе көлікпен тасымалданған жолаушылар,Атырау,0.2
2017,мың.адам,әуе көлікпен тасымалданған жолаушылар,Оңтүстік Қазақстан,1931.8
2017,мың.адам,әуе көлікпен тасымалданған жолаушылар,Алматы қаласы,33.2
2017,мың.адам,әуе көлікпен тасымалданған жолаушылар,Шымкент қаласы,4467.0
2017,млн.тонна,құбыр көлігінің жұмыс көрсеткіштері,,232.8
2017,млн.тонна,құбыр көлігінің жұмыс көрсеткіштері,Атырау,78.3
2017,млн.тонна,құбыр көлігінің жұмыс көрсеткіштері,Павлодар,43.5
2017,млн.тонна,_L_KZ_090102_1R,,2.1
2017,млн.тонна,_L_KZ_090102_1R,Маңғыстау,2.1
2018,млн.тонна,Көліктің барлық түрлерімен жүк тасымалдау,,4103.8
2018,млн.тонна,Құбыр жүргізетін көлікпен,,281.4
2018,млн.тонна,Темір жол көлігі,,397.9
2018,млн.тонна,Әуе көлігімен,,0.0
2018,млн.тонна,Ішкі су көлігімен,,1.2
2018,млн.тонна,,Ақмола,126.5
2018,млн.тонна,,Ақтөбе,79.1
2018,млн.тонна,,Алматы,184.6
2018,млн.тонна,,Атырау,174.3
2018,млн.тонна,,Жамбыл,103.9
2018,млн.тонна,,Қарағанды,821.2
2018,млн.тонна,,Қостанай,297.1
2018,млн.тонна,,Қызылорда,104.7
2018,млн.тонна,,Маңғыстау,238.5
2018,млн.тонна,,Павлодар,142.2
2018,млн.тонна,,Солтүстік Қазақстан,51.5
2018,млн.тонна,,Түркістан,71.0
2018,млн.тонна,,Шығыс Қазақстан,631.5
2018,млн.тонна,,Нұр-Сұлтан қаласы,154.2
2018,млн.тонна,,Алматы қаласы,247.0
2018,млн.адам,Көліктің барлық түрлерімен жолаушыларды тасымалдау,,23021.6
2018,млн.адам,Темір жол көлігімен,,23.1
2018,млн.адам,Автокөлік,,22911.5
2018,млн.адам,Әуе көлігімен,,7.6
2018,млн.адам,Қалалық электр көлігі,,69.7
2018,млн.адам,,Ақтөбе,304.3
2018,млн.адам,,Жамбыл,987.4
2018,млн.адам,,Қостанай,1805.6
2018,млн.адам,,Қызылорда,397.4
2018,млн.адам,,Солтүстік Қазақстан,507.4
2018,млн.адам,,Түркістан,820.6
2018,млн.адам,,Алматы қаласы,5202.2
2018,млн.адам,,Шымкент қаласы,1808.1
2018,млн.тонна,Автомобиль және қалалық электр көлігі,Ақмола,126.5
2018,млн.тонна,Автомобиль және қалалық электр көлігі,Ақтөбе,79.1
2018,млн.тонна,Автомобиль және қалалық электр көлігі,Алматы,184.6
2018,млн.тонна,Автомобиль және қалалық электр көлігі,Батыс Қазақстан,39.5
2018,млн.тонна,Автомобиль және қалалық электр көлігі,Жамбыл,103.9
2018,млн.тонна,Автомобиль және қалалық электр көлігі,Қарағанды,821.2
2018,млн.тонна,Автомобиль және қалалық электр көлігі,Қостанай,297.1
2018,млн.тонна,Автомобиль және қалалық электр көлігі,Қызылорда,104.7
2018,млн.тонна,Автомобиль және қалалық электр көлігі,Солтүстік Қазақстан,51.5
2018,млн.тонна,Автомобиль және қалалық электр көлігі,Түркістан,71.0
2018,млн.тонна,Автомобиль және қалалық электр көлігі,Шығыс Қазақстан,631.1
2018,млн.тонна,Автомобиль және қалалық электр көлігі,Нұр-Сұлтан қаласы,154.2
2018,млн.тонна,Автомобиль және қалалық электр көлігі,Алматы қаласы,247.0
2018,млн.адам,Көліктің барлық түрлерімен жолаушыларды тасымалдау,,22982.2
2018,млн.адам,Көліктің барлық түрлерімен жолаушыларды тасымалдау,Ақтөбе,304.3
2018,млн.адам,Көліктің барлық түрлерімен жолаушыларды тасымалдау,Жамбыл,987.4
2018,млн.адам,Көліктің барлық түрлерімен жолаушыларды тасымалдау,Қостанай,1805.6
2018,млн.адам,Көліктің барлық түрлерімен жолаушыларды тасымалдау,Қызылорда,397.4
2018,млн.адам,Көліктің барлық түрлерімен жолаушыларды тасымалдау,Солтүстік Қазақстан,507.4
2018,млн.адам,Көліктің барлық түрлерімен жолаушыларды тасымалдау,Түркістан,820.6
2018,млн.адам,Көліктің барлық түрлерімен жолаушыларды тасымалдау,Алматы қаласы,5197.8
2018,млн.адам,Көліктің барлық түрлерімен жолаушыларды тасымалдау,Шымкент қаласы,1805.9
2018,тонна,әуе көлікпен тасымалданған жүктер,,44140.0
2018,тонна,әуе көлікпен тасымалданған жүктер,Алматы қаласы,40560.0
2018,мың.адам,әуе көлікпен тасымалданған жолаушылар,,7555.6
2018,мың.адам,әуе көлікпен тасымалданған жолаушылар,Алматы қаласы,33.4
2018,мың.адам,әуе көлікпен тасымалданған жолаушылар,Шымкент қаласы,4380.2
2018,млн.тонна,құбыр көлігінің жұмыс көрсеткіштері,,281.4
2019,млн.тонна,Көліктің барлық түрлерімен жүк тасымалдау,,4222.7
2019,млн.тонна,Құбыр жүргізетін көлікпен,,273.0
2019,млн.тонна,Темір жол көлігі,,397.0
2019,млн.тонна,Автокөлік,,3550.5
2019,млн.тонна,Әуе көлігімен,,0.0
2019,млн.тонна,Ішкі су көлігімен,,1.3
2019,млн.тонна,Теңіз көлігімен,,0.8
2019,млн.тонна,,Ақмола,130.0
2019,млн.тонна,,Ақтөбе,83.0
2019,млн.тонна,,Алматы,197.1
2019,млн.тонна,,Атырау,175.7
2019,млн.тонна,,Батыс Қазақстан,40.0
2019,млн.тонна,,Жамбыл,103.4
2019,млн.тонна,,Қарағанды,864.6
2019,млн.тонна,,Қостанай,320.1
2019,млн.тонна,,Қызылорда,107.0
2019,млн.тонна,,Маңғыстау,233.0
2019,млн.тонна,,Павлодар,133.8
2019,млн.тонна,,Солтүстік Қазақстан,52.3
2019,млн.тонна,,Түркістан,86.0
2019,млн.тонна,,Шығыс Қазақстан,661.5
2019,млн.тонна,,Нұр-Сұлтан қаласы,155.1
2019,млн.тонна,,Алматы қаласы,257.5
2019,млн.тонна,,Шымкент қаласы,111.2
2019,млн.адам,Көліктің барлық түрлерімен жолаушыларды тасымалдау,,23835.9
2019,млн.адам,Темір жол көлігімен,,22.4
2019,млн.адам,Автокөлік,,23719.2
2019,млн.адам,Ішкі су көлігімен,,0.0
2019,млн.адам,Теңіз көлігімен,,0.1
2019,млн.адам,Әуе көлігімен,,8.6
2019,млн.адам,Қалалық электр көлігі,,85.5
2019,млн.адам,,Ақмола,1744.9
2019,млн.адам,,Ақтөбе,319.5
2019,млн.адам,,Алматы,937.9
2019,млн.адам,,Атырау,195.2
2019,млн.адам,,Батыс Қазақстан,429.4
2019,млн.адам,,Жамбыл,1056.3
2019,млн.адам,,Қарағанды,2474.0
2019,млн.адам,,Қостанай,1868.6
2019,млн.адам,,Қызылорда,405.8
2019,млн.адам,,Маңғыстау,90.4
2019,млн.адам,,Павлодар,1237.7
2019,млн.адам,,Солтүстік Қазақстан,508.7
2019,млн.адам,,Түркістан,997.9
2019,млн.адам,,Шығыс Қазақстан,1716.3
2019,млн.адам,,Нұр-Сұлтан қаласы,2574.2
2019,млн.адам,,Алматы қаласы,5588.9
2019,млн.адам,,Шымкент қаласы,1667.6
2019,млн.тонна,Автомобиль және қалалық электр көлігі,,3550.5
2019,млн.тонна,Автомобиль және қалалық электр көлігі,Ақмола,130.0
2019,млн.тонна,Автомобиль және қалалық электр көлігі,Ақтөбе,83.0
2019,млн.тонна,Автомобиль және қалалық электр көлігі,Алматы,197.1
2019,млн.тонна,Автомобиль және қалалық электр көлігі,Атырау,61.5
2019,млн.тонна,Автомобиль және қалалық электр көлігі,Батыс Қазақстан,40.0
2019,млн.тонна,Автомобиль және қалалық электр көлігі,Жамбыл,103.4
2019,млн.тонна,Автомобиль және қалалық электр көлігі,Қарағанды,864.6
2019,млн.тонна,Автомобиль және қалалық электр көлігі,Қостанай,320.1
2019,млн.тонна,Автомобиль және қалалық электр көлігі,Қызылорда,107.0
2019,млн.тонна,Автомобиль және қалалық электр көлігі,Маңғыстау,232.2
2019,млн.тонна,Автомобиль және қалалық электр көлігі,Павлодар,88.7
2019,млн.тонна,Автомобиль және қалалық электр көлігі,Солтүстік Қазақстан,52.3
2019,млн.тонна,Автомобиль және қалалық электр көлігі,Түркістан,86.0
2019,млн.тонна,Автомобиль және қалалық электр көлігі,Шығыс Қазақстан,660.9
2019,млн.тонна,Автомобиль және қалалық электр көлігі,Нұр-Сұлтан қаласы,155.1
2019,млн.тонна,Автомобиль және қалалық электр көлігі,Алматы қаласы,257.4
2019,млн.тонна,Автомобиль және қалалық электр көлігі,Шымкент қаласы,111.2
2019,млн.адам,Көліктің барлық түрлерімен жолаушыларды тасымалдау,,23804.7
2019,млн.адам,Көліктің барлық түрлерімен жолаушыларды тасымалдау,Ақмола,1744.9
2019,млн.адам,Көліктің барлық түрлерімен жолаушыларды тасымалдау,Ақтөбе,319.5
2019,млн.адам,Көліктің барлық түрлерімен жолаушыларды тасымалдау,Алматы,937.8
2019,млн.адам,Көліктің барлық түрлерімен жолаушыларды тасымалдау,Атырау,195.2
2019,млн.адам,Көліктің барлық түрлерімен жолаушыларды тасымалдау,Батыс Қазақстан,428.7
2019,млн.адам,Көліктің барлық түрлерімен жолаушыларды тасымалдау,Жамбыл,1056.3
2019,млн.адам,Көліктің барлық түрлерімен жолаушыларды тасымалдау,Қарағанды,2474.0
2019,млн.адам,Көліктің барлық түрлерімен жолаушыларды тасымалдау,Қостанай,1868.6
2019,млн.адам,Көліктің барлық түрлерімен жолаушыларды тасымалдау,Қызылорда,405.8
2019,млн.адам,Көліктің барлық түрлерімен жолаушыларды тасымалдау,Маңғыстау,90.4
2019,млн.адам,Көліктің барлық түрлерімен жолаушыларды тасымалдау,Павлодар,1237.7
2019,млн.адам,Көліктің барлық түрлерімен жолаушыларды тасымалдау,Солтүстік Қазақстан,508.7
2019,млн.адам,Көліктің барлық түрлерімен жолаушыларды тасымалдау,Түркістан,997.9
2019,млн.адам,Көліктің барлық түрлерімен жолаушыларды тасымалдау,Шығыс Қазақстан,1716.3
2019,млн.адам,Көліктің барлық түрлерімен жолаушыларды тасымалдау,Нұр-Сұлтан қаласы,2574.1
2019,млн.адам,Көліктің барлық түрлерімен жолаушыларды тасымалдау,Алматы қаласы,5583.4
2019,млн.адам,Көліктің барлық түрлерімен жолаушыларды тасымалдау,Шымкент қаласы,1665.2
2019,тонна,әуе көлікпен тасымалданған жүктер,,26721.1
2019,тонна,әуе көлікпен тасымалданған жүктер,Алматы қаласы,22551.1
2019,мың.адам,әуе көлікпен тасымалданған жолаушылар,,8644.9
2019,мың.адам,әуе көлікпен тасымалданған жолаушылар,Алматы,12.7
2019,мың.адам,әуе көлікпен тасымалданған жолаушылар,Түркістан,0.0
2019,мың.адам,әуе көлікпен тасымалданған жолаушылар,Шығыс Қазақстан,0.0
2019,мың.адам,әуе көлікпен тасымалданған жолаушылар,Шымкент қаласы,5538.3
2019,млн.тонна,құбыр көлігінің жұмыс көрсеткіштері,,273.0
2019,млн.тонна,құбыр көлігінің жұмыс көрсеткіштері,Атырау,114.2
2019,млн.тонна,_L_KZ_090102_1R,,0.8
2019,млн.тонна,_L_KZ_090102_1R,Маңғыстау,0.8
2019,млн.тонна,_L_KZ_090102_1S,,0.1
2019,млн.тонна,_L_KZ_090102_1S,Маңғыстау,0.1
