Year,UNIT_MEASURE,Sex,Area,SERIES,Regions,GeoCode,Value
2011,Percent,,,1.9 US dollars per day (based on PPP),,,0.1
2011,Percent,,,3.2 US dollars per day (based on PPP),,,1.2
2011,Percent,,,5.5 US dollars per day (based on PPP),,,15.3
2011,Percent,Male,,1.9 US dollars per day (based on PPP),,,0.1
2011,Percent,Male,,3.2 US dollars per day (based on PPP),,,1.2
2011,Percent,Male,,5.5 US dollars per day (based on PPP),,,15.9
2011,Percent,Female,,1.9 US dollars per day (based on PPP),,,0.1
2011,Percent,Female,,3.2 US dollars per day (based on PPP),,,1.2
2011,Percent,Female,,5.5 US dollars per day (based on PPP),,,14.7
2011,Percent,,urban,1.9 US dollars per day (based on PPP),,,0.0
2011,Percent,,urban,3.2 US dollars per day (based on PPP),,,0.4
2011,Percent,,urban,5.5 US dollars per day (based on PPP),,,9.0
2011,Percent,,rural,1.9 US dollars per day (based on PPP),,,0.2
2011,Percent,,rural,3.2 US dollars per day (based on PPP),,,2.1
2011,Percent,,rural,5.5 US dollars per day (based on PPP),,,22.7
2011,Percent,,,1.9 US dollars per day (based on PPP),Akmola,KZAKM,0.2
2011,Percent,,,1.9 US dollars per day (based on PPP),Karagandy,KZKAR,0.0
2011,Percent,,,1.9 US dollars per day (based on PPP),Kostanay,KZKUS,0.1
2011,Percent,,,1.9 US dollars per day (based on PPP),Ontustik Kazakhstan,KZONT,0.4
2011,Percent,,,1.9 US dollars per day (based on PPP),Pavlodar,KZPAV,0.2
2011,Percent,,,1.9 US dollars per day (based on PPP),Soltustik Kazakhstan,KZSEV,0.2
2011,Percent,,,1.9 US dollars per day (based on PPP),Shygys Kazakhstan,KZVOS,0.2
2011,Percent,,,1.9 US dollars per day (based on PPP),Nur-Sultan city,KZNS,0.0
2011,Percent,,,3.2 US dollars per day (based on PPP),Akmola,KZAKM,2.1
2011,Percent,,,3.2 US dollars per day (based on PPP),Aktobe,KZAKT,0.9
2011,Percent,,,3.2 US dollars per day (based on PPP),Almaty,KZALM,0.2
2011,Percent,,,3.2 US dollars per day (based on PPP),Atyrau,KZATY,0.1
2011,Percent,,,3.2 US dollars per day (based on PPP),Batys Kazakhstan,KZZAP,0.8
2011,Percent,,,3.2 US dollars per day (based on PPP),Zhambyl,KZZHA,0.8
2011,Percent,,,3.2 US dollars per day (based on PPP),Karagandy,KZKAR,0.9
2011,Percent,,,3.2 US dollars per day (based on PPP),Kostanay,KZKUS,1.3
2011,Percent,,,3.2 US dollars per day (based on PPP),Kyzylorda,KZKZY,0.7
2011,Percent,,,3.2 US dollars per day (based on PPP),Mangistau,KZMAN,0.1
2011,Percent,,,3.2 US dollars per day (based on PPP),Ontustik Kazakhstan,KZONT,2.6
2011,Percent,,,3.2 US dollars per day (based on PPP),Pavlodar,KZPAV,1.5
2011,Percent,,,3.2 US dollars per day (based on PPP),Soltustik Kazakhstan,KZSEV,3.3
2011,Percent,,,3.2 US dollars per day (based on PPP),Shygys Kazakhstan,KZVOS,2.0
2011,Percent,,,3.2 US dollars per day (based on PPP),Nur-Sultan city,KZNS,0.1
2011,Percent,,,3.2 US dollars per day (based on PPP),Almaty city,KZALA,0.1
2011,Percent,,,5.5 US dollars per day (based on PPP),Akmola,KZAKM,13.6
2011,Percent,,,5.5 US dollars per day (based on PPP),Aktobe,KZAKT,13.1
2011,Percent,,,5.5 US dollars per day (based on PPP),Almaty,KZALM,6.2
2011,Percent,,,5.5 US dollars per day (based on PPP),Atyrau,KZATY,6.2
2011,Percent,,,5.5 US dollars per day (based on PPP),Batys Kazakhstan,KZZAP,20.5
2011,Percent,,,5.5 US dollars per day (based on PPP),Zhambyl,KZZHA,24.5
2011,Percent,,,5.5 US dollars per day (based on PPP),Karagandy,KZKAR,10.8
2011,Percent,,,5.5 US dollars per day (based on PPP),Kostanay,KZKUS,15.6
2011,Percent,,,5.5 US dollars per day (based on PPP),Kyzylorda,KZKZY,13.2
2011,Percent,,,5.5 US dollars per day (based on PPP),Mangistau,KZMAN,4.6
2011,Percent,,,5.5 US dollars per day (based on PPP),Ontustik Kazakhstan,KZONT,32.7
2011,Percent,,,5.5 US dollars per day (based on PPP),Pavlodar,KZPAV,17.0
2011,Percent,,,5.5 US dollars per day (based on PPP),Soltustik Kazakhstan,KZSEV,21.9
2011,Percent,,,5.5 US dollars per day (based on PPP),Shygys Kazakhstan,KZVOS,17.8
2011,Percent,,,5.5 US dollars per day (based on PPP),Nur-Sultan city,KZNS,1.7
2011,Percent,,,5.5 US dollars per day (based on PPP),Almaty city,KZALA,2.0
2011,Percent,,urban,1.9 US dollars per day (based on PPP),Akmola,KZAKM,0.1
2011,Percent,,urban,1.9 US dollars per day (based on PPP),Ontustik Kazakhstan,KZONT,0.2
2011,Percent,,urban,1.9 US dollars per day (based on PPP),Nur-Sultan city,KZNS,0.0
2011,Percent,,urban,3.2 US dollars per day (based on PPP),Akmola,KZAKM,0.7
2011,Percent,,urban,3.2 US dollars per day (based on PPP),Aktobe,KZAKT,0.2
2011,Percent,,urban,3.2 US dollars per day (based on PPP),Almaty,KZALM,0.7
2011,Percent,,urban,3.2 US dollars per day (based on PPP),Zhambyl,KZZHA,1.3
2011,Percent,,urban,3.2 US dollars per day (based on PPP),Karagandy,KZKAR,0.3
2011,Percent,,urban,3.2 US dollars per day (based on PPP),Kostanay,KZKUS,0.4
2011,Percent,,urban,3.2 US dollars per day (based on PPP),Kyzylorda,KZKZY,0.2
2011,Percent,,urban,3.2 US dollars per day (based on PPP),Ontustik Kazakhstan,KZONT,1.1
2011,Percent,,urban,3.2 US dollars per day (based on PPP),Pavlodar,KZPAV,0.5
2011,Percent,,urban,3.2 US dollars per day (based on PPP),Soltustik Kazakhstan,KZSEV,0.9
2011,Percent,,urban,3.2 US dollars per day (based on PPP),Shygys Kazakhstan,KZVOS,0.5
2011,Percent,,urban,3.2 US dollars per day (based on PPP),Nur-Sultan city,KZNS,0.1
2011,Percent,,urban,3.2 US dollars per day (based on PPP),Almaty city,KZALA,0.1
2011,Percent,,urban,5.5 US dollars per day (based on PPP),Akmola,KZAKM,10.6
2011,Percent,,urban,5.5 US dollars per day (based on PPP),Aktobe,KZAKT,8.3
2011,Percent,,urban,5.5 US dollars per day (based on PPP),Almaty,KZALM,5.3
2011,Percent,,urban,5.5 US dollars per day (based on PPP),Atyrau,KZATY,1.4
2011,Percent,,urban,5.5 US dollars per day (based on PPP),Batys Kazakhstan,KZZAP,11.6
2011,Percent,,urban,5.5 US dollars per day (based on PPP),Zhambyl,KZZHA,20.3
2011,Percent,,urban,5.5 US dollars per day (based on PPP),Karagandy,KZKAR,7.4
2011,Percent,,urban,5.5 US dollars per day (based on PPP),Kostanay,KZKUS,9.8
2011,Percent,,urban,5.5 US dollars per day (based on PPP),Kyzylorda,KZKZY,7.8
2011,Percent,,urban,5.5 US dollars per day (based on PPP),Mangistau,KZMAN,2.0
2011,Percent,,urban,5.5 US dollars per day (based on PPP),Ontustik Kazakhstan,KZONT,20.9
2011,Percent,,urban,5.5 US dollars per day (based on PPP),Pavlodar,KZPAV,12.7
2011,Percent,,urban,5.5 US dollars per day (based on PPP),Soltustik Kazakhstan,KZSEV,13.9
2011,Percent,,urban,5.5 US dollars per day (based on PPP),Shygys Kazakhstan,KZVOS,11.5
2011,Percent,,urban,5.5 US dollars per day (based on PPP),Nur-Sultan city,KZNS,1.7
2011,Percent,,urban,5.5 US dollars per day (based on PPP),Almaty city,KZALA,2.0
2011,Percent,,rural,1.9 US dollars per day (based on PPP),Akmola,KZAKM,0.3
2011,Percent,,rural,1.9 US dollars per day (based on PPP),Karagandy,KZKAR,0.2
2011,Percent,,rural,1.9 US dollars per day (based on PPP),Kostanay,KZKUS,0.1
2011,Percent,,rural,1.9 US dollars per day (based on PPP),Ontustik Kazakhstan,KZONT,0.5
2011,Percent,,rural,1.9 US dollars per day (based on PPP),Pavlodar,KZPAV,0.6
2011,Percent,,rural,1.9 US dollars per day (based on PPP),Soltustik Kazakhstan,KZSEV,0.3
2011,Percent,,rural,1.9 US dollars per day (based on PPP),Shygys Kazakhstan,KZVOS,0.4
2011,Percent,,rural,3.2 US dollars per day (based on PPP),Akmola,KZAKM,3.4
2011,Percent,,rural,3.2 US dollars per day (based on PPP),Aktobe,KZAKT,2.0
2011,Percent,,rural,3.2 US dollars per day (based on PPP),Almaty,KZALM,0.1
2011,Percent,,rural,3.2 US dollars per day (based on PPP),Atyrau,KZATY,0.2
2011,Percent,,rural,3.2 US dollars per day (based on PPP),Batys Kazakhstan,KZZAP,1.5
2011,Percent,,rural,3.2 US dollars per day (based on PPP),Zhambyl,KZZHA,0.4
2011,Percent,,rural,3.2 US dollars per day (based on PPP),Karagandy,KZKAR,3.1
2011,Percent,,rural,3.2 US dollars per day (based on PPP),Kostanay,KZKUS,2.3
2011,Percent,,rural,3.2 US dollars per day (based on PPP),Kyzylorda,KZKZY,1.0
2011,Percent,,rural,3.2 US dollars per day (based on PPP),Mangistau,KZMAN,0.2
2011,Percent,,rural,3.2 US dollars per day (based on PPP),Ontustik Kazakhstan,KZONT,3.5
2011,Percent,,rural,3.2 US dollars per day (based on PPP),Pavlodar,KZPAV,3.7
2011,Percent,,rural,3.2 US dollars per day (based on PPP),Soltustik Kazakhstan,KZSEV,5.0
2011,Percent,,rural,3.2 US dollars per day (based on PPP),Shygys Kazakhstan,KZVOS,4.2
2011,Percent,,rural,5.5 US dollars per day (based on PPP),Akmola,KZAKM,16.2
2011,Percent,,rural,5.5 US dollars per day (based on PPP),Aktobe,KZAKT,20.9
2011,Percent,,rural,5.5 US dollars per day (based on PPP),Almaty,KZALM,6.4
2011,Percent,,rural,5.5 US dollars per day (based on PPP),Atyrau,KZATY,10.7
2011,Percent,,rural,5.5 US dollars per day (based on PPP),Batys Kazakhstan,KZZAP,28.8
2011,Percent,,rural,5.5 US dollars per day (based on PPP),Zhambyl,KZZHA,27.1
2011,Percent,,rural,5.5 US dollars per day (based on PPP),Karagandy,KZKAR,22.9
2011,Percent,,rural,5.5 US dollars per day (based on PPP),Kostanay,KZKUS,21.4
2011,Percent,,rural,5.5 US dollars per day (based on PPP),Kyzylorda,KZKZY,16.6
2011,Percent,,rural,5.5 US dollars per day (based on PPP),Mangistau,KZMAN,7.3
2011,Percent,,rural,5.5 US dollars per day (based on PPP),Ontustik Kazakhstan,KZONT,40.4
2011,Percent,,rural,5.5 US dollars per day (based on PPP),Pavlodar,KZPAV,26.3
2011,Percent,,rural,5.5 US dollars per day (based on PPP),Soltustik Kazakhstan,KZSEV,27.5
2011,Percent,,rural,5.5 US dollars per day (based on PPP),Shygys Kazakhstan,KZVOS,26.5
2012,Percent,,,1.9 US dollars per day (based on PPP),,,0.0
2012,Percent,,,3.2 US dollars per day (based on PPP),,,1.0
2012,Percent,,,5.5 US dollars per day (based on PPP),,,17.7
2012,Percent,Male,,1.9 US dollars per day (based on PPP),,,0.0
2012,Percent,Male,,3.2 US dollars per day (based on PPP),,,1.1
2012,Percent,Male,,5.5 US dollars per day (based on PPP),,,18.4
2012,Percent,Female,,1.9 US dollars per day (based on PPP),,,0.0
2012,Percent,Female,,3.2 US dollars per day (based on PPP),,,1.0
2012,Percent,Female,,5.5 US dollars per day (based on PPP),,,17.1
2012,Percent,,urban,1.9 US dollars per day (based on PPP),,,0.0
2012,Percent,,urban,3.2 US dollars per day (based on PPP),,,0.5
2012,Percent,,urban,5.5 US dollars per day (based on PPP),,,11.6
2012,Percent,,rural,1.9 US dollars per day (based on PPP),,,0.1
2012,Percent,,rural,3.2 US dollars per day (based on PPP),,,1.7
2012,Percent,,rural,5.5 US dollars per day (based on PPP),,,25.1
2012,Percent,,,1.9 US dollars per day (based on PPP),Akmola,KZAKM,0.3
2012,Percent,,,1.9 US dollars per day (based on PPP),Almaty,KZALM,0.1
2012,Percent,,,1.9 US dollars per day (based on PPP),Zhambyl,KZZHA,0.1
2012,Percent,,,1.9 US dollars per day (based on PPP),Kostanay,KZKUS,0.1
2012,Percent,,,1.9 US dollars per day (based on PPP),Ontustik Kazakhstan,KZONT,0.0
2012,Percent,,,1.9 US dollars per day (based on PPP),Pavlodar,KZPAV,0.0
2012,Percent,,,1.9 US dollars per day (based on PPP),Soltustik Kazakhstan,KZSEV,0.1
2012,Percent,,,1.9 US dollars per day (based on PPP),Shygys Kazakhstan,KZVOS,0.0
2012,Percent,,,3.2 US dollars per day (based on PPP),Akmola,KZAKM,1.5
2012,Percent,,,3.2 US dollars per day (based on PPP),Aktobe,KZAKT,0.7
2012,Percent,,,3.2 US dollars per day (based on PPP),Almaty,KZALM,0.4
2012,Percent,,,3.2 US dollars per day (based on PPP),Batys Kazakhstan,KZZAP,0.4
2012,Percent,,,3.2 US dollars per day (based on PPP),Zhambyl,KZZHA,2.3
2012,Percent,,,3.2 US dollars per day (based on PPP),Karagandy,KZKAR,0.7
2012,Percent,,,3.2 US dollars per day (based on PPP),Kostanay,KZKUS,0.9
2012,Percent,,,3.2 US dollars per day (based on PPP),Kyzylorda,KZKZY,0.5
2012,Percent,,,3.2 US dollars per day (based on PPP),Mangistau,KZMAN,0.0
2012,Percent,,,3.2 US dollars per day (based on PPP),Ontustik Kazakhstan,KZONT,2.2
2012,Percent,,,3.2 US dollars per day (based on PPP),Pavlodar,KZPAV,1.3
2012,Percent,,,3.2 US dollars per day (based on PPP),Soltustik Kazakhstan,KZSEV,2.9
2012,Percent,,,3.2 US dollars per day (based on PPP),Shygys Kazakhstan,KZVOS,1.0
2012,Percent,,,3.2 US dollars per day (based on PPP),Nur-Sultan city,KZNS,0.1
2012,Percent,,,3.2 US dollars per day (based on PPP),Almaty city,KZALA,0.1
2012,Percent,,,5.5 US dollars per day (based on PPP),Akmola,KZAKM,17.0
2012,Percent,,,5.5 US dollars per day (based on PPP),Aktobe,KZAKT,15.2
2012,Percent,,,5.5 US dollars per day (based on PPP),Almaty,KZALM,8.8
2012,Percent,,,5.5 US dollars per day (based on PPP),Atyrau,KZATY,6.3
2012,Percent,,,5.5 US dollars per day (based on PPP),Batys Kazakhstan,KZZAP,27.4
2012,Percent,,,5.5 US dollars per day (based on PPP),Zhambyl,KZZHA,36.4
2012,Percent,,,5.5 US dollars per day (based on PPP),Karagandy,KZKAR,11.6
2012,Percent,,,5.5 US dollars per day (based on PPP),Kostanay,KZKUS,17.0
2012,Percent,,,5.5 US dollars per day (based on PPP),Kyzylorda,KZKZY,12.2
2012,Percent,,,5.5 US dollars per day (based on PPP),Mangistau,KZMAN,4.0
2012,Percent,,,5.5 US dollars per day (based on PPP),Ontustik Kazakhstan,KZONT,40.9
2012,Percent,,,5.5 US dollars per day (based on PPP),Pavlodar,KZPAV,15.4
2012,Percent,,,5.5 US dollars per day (based on PPP),Soltustik Kazakhstan,KZSEV,20.1
2012,Percent,,,5.5 US dollars per day (based on PPP),Shygys Kazakhstan,KZVOS,15.0
2012,Percent,,,5.5 US dollars per day (based on PPP),Nur-Sultan city,KZNS,1.3
2012,Percent,,,5.5 US dollars per day (based on PPP),Almaty city,KZALA,1.1
2012,Percent,,urban,1.9 US dollars per day (based on PPP),Akmola,KZAKM,0.3
2012,Percent,,urban,1.9 US dollars per day (based on PPP),Kostanay,KZKUS,0.1
2012,Percent,,urban,1.9 US dollars per day (based on PPP),Ontustik Kazakhstan,KZONT,0.1
2012,Percent,,urban,3.2 US dollars per day (based on PPP),Akmola,KZAKM,1.4
2012,Percent,,urban,3.2 US dollars per day (based on PPP),Aktobe,KZAKT,0.3
2012,Percent,,urban,3.2 US dollars per day (based on PPP),Zhambyl,KZZHA,2.6
2012,Percent,,urban,3.2 US dollars per day (based on PPP),Karagandy,KZKAR,0.2
2012,Percent,,urban,3.2 US dollars per day (based on PPP),Kostanay,KZKUS,0.3
2012,Percent,,urban,3.2 US dollars per day (based on PPP),Kyzylorda,KZKZY,0.3
2012,Percent,,urban,3.2 US dollars per day (based on PPP),Mangistau,KZMAN,0.1
2012,Percent,,urban,3.2 US dollars per day (based on PPP),Ontustik Kazakhstan,KZONT,1.2
2012,Percent,,urban,3.2 US dollars per day (based on PPP),Pavlodar,KZPAV,0.4
2012,Percent,,urban,3.2 US dollars per day (based on PPP),Soltustik Kazakhstan,KZSEV,1.4
2012,Percent,,urban,3.2 US dollars per day (based on PPP),Shygys Kazakhstan,KZVOS,0.7
2012,Percent,,urban,3.2 US dollars per day (based on PPP),Nur-Sultan city,KZNS,0.1
2012,Percent,,urban,3.2 US dollars per day (based on PPP),Almaty city,KZALA,0.1
2012,Percent,,urban,5.5 US dollars per day (based on PPP),Akmola,KZAKM,16.7
2012,Percent,,urban,5.5 US dollars per day (based on PPP),Aktobe,KZAKT,15.0
2012,Percent,,urban,5.5 US dollars per day (based on PPP),Almaty,KZALM,10.1
2012,Percent,,urban,5.5 US dollars per day (based on PPP),Atyrau,KZATY,3.9
2012,Percent,,urban,5.5 US dollars per day (based on PPP),Batys Kazakhstan,KZZAP,19.7
2012,Percent,,urban,5.5 US dollars per day (based on PPP),Zhambyl,KZZHA,28.7
2012,Percent,,urban,5.5 US dollars per day (based on PPP),Karagandy,KZKAR,7.7
2012,Percent,,urban,5.5 US dollars per day (based on PPP),Kostanay,KZKUS,15.1
2012,Percent,,urban,5.5 US dollars per day (based on PPP),Kyzylorda,KZKZY,11.2
2012,Percent,,urban,5.5 US dollars per day (based on PPP),Mangistau,KZMAN,1.3
2012,Percent,,urban,5.5 US dollars per day (based on PPP),Ontustik Kazakhstan,KZONT,28.2
2012,Percent,,urban,5.5 US dollars per day (based on PPP),Pavlodar,KZPAV,11.7
2012,Percent,,urban,5.5 US dollars per day (based on PPP),Soltustik Kazakhstan,KZSEV,15.4
2012,Percent,,urban,5.5 US dollars per day (based on PPP),Shygys Kazakhstan,KZVOS,12.2
2012,Percent,,urban,5.5 US dollars per day (based on PPP),Nur-Sultan city,KZNS,1.3
2012,Percent,,urban,5.5 US dollars per day (based on PPP),Almaty city,KZALA,1.1
2012,Percent,,rural,1.9 US dollars per day (based on PPP),Akmola,KZAKM,0.3
2012,Percent,,rural,1.9 US dollars per day (based on PPP),Almaty,KZALM,0.1
2012,Percent,,rural,1.9 US dollars per day (based on PPP),Zhambyl,KZZHA,0.2
2012,Percent,,rural,1.9 US dollars per day (based on PPP),Kostanay,KZKUS,0.2
2012,Percent,,rural,1.9 US dollars per day (based on PPP),Pavlodar,KZPAV,0.1
2012,Percent,,rural,1.9 US dollars per day (based on PPP),Soltustik Kazakhstan,KZSEV,0.1
2012,Percent,,rural,1.9 US dollars per day (based on PPP),Shygys Kazakhstan,KZVOS,0.1
2012,Percent,,rural,3.2 US dollars per day (based on PPP),Akmola,KZAKM,1.7
2012,Percent,,rural,3.2 US dollars per day (based on PPP),Aktobe,KZAKT,1.4
2012,Percent,,rural,3.2 US dollars per day (based on PPP),Almaty,KZALM,0.6
2012,Percent,,rural,3.2 US dollars per day (based on PPP),Batys Kazakhstan,KZZAP,0.8
2012,Percent,,rural,3.2 US dollars per day (based on PPP),Zhambyl,KZZHA,2.1
2012,Percent,,rural,3.2 US dollars per day (based on PPP),Karagandy,KZKAR,2.8
2012,Percent,,rural,3.2 US dollars per day (based on PPP),Kostanay,KZKUS,1.4
2012,Percent,,rural,3.2 US dollars per day (based on PPP),Kyzylorda,KZKZY,0.5
2012,Percent,,rural,3.2 US dollars per day (based on PPP),Ontustik Kazakhstan,KZONT,2.9
2012,Percent,,rural,3.2 US dollars per day (based on PPP),Pavlodar,KZPAV,3.2
2012,Percent,,rural,3.2 US dollars per day (based on PPP),Soltustik Kazakhstan,KZSEV,3.9
2012,Percent,,rural,3.2 US dollars per day (based on PPP),Shygys Kazakhstan,KZVOS,1.4
2012,Percent,,rural,5.5 US dollars per day (based on PPP),Akmola,KZAKM,17.3
2012,Percent,,rural,5.5 US dollars per day (based on PPP),Aktobe,KZAKT,15.6
2012,Percent,,rural,5.5 US dollars per day (based on PPP),Almaty,KZALM,8.4
2012,Percent,,rural,5.5 US dollars per day (based on PPP),Atyrau,KZATY,8.6
2012,Percent,,rural,5.5 US dollars per day (based on PPP),Batys Kazakhstan,KZZAP,34.8
2012,Percent,,rural,5.5 US dollars per day (based on PPP),Zhambyl,KZZHA,41.3
2012,Percent,,rural,5.5 US dollars per day (based on PPP),Karagandy,KZKAR,25.6
2012,Percent,,rural,5.5 US dollars per day (based on PPP),Kostanay,KZKUS,19.0
2012,Percent,,rural,5.5 US dollars per day (based on PPP),Kyzylorda,KZKZY,13.0
2012,Percent,,rural,5.5 US dollars per day (based on PPP),Mangistau,KZMAN,6.7
2012,Percent,,rural,5.5 US dollars per day (based on PPP),Ontustik Kazakhstan,KZONT,49.0
2012,Percent,,rural,5.5 US dollars per day (based on PPP),Pavlodar,KZPAV,23.7
2012,Percent,,rural,5.5 US dollars per day (based on PPP),Soltustik Kazakhstan,KZSEV,23.4
2012,Percent,,rural,5.5 US dollars per day (based on PPP),Shygys Kazakhstan,KZVOS,18.9
2013,Percent,,,1.9 US dollars per day (based on PPP),,,0.0
2013,Percent,,,3.2 US dollars per day (based on PPP),,,0.7
2013,Percent,,,5.5 US dollars per day (based on PPP),,,13.6
2013,Percent,Male,,1.9 US dollars per day (based on PPP),,,0.0
2013,Percent,Male,,3.2 US dollars per day (based on PPP),,,0.7
2013,Percent,Male,,5.5 US dollars per day (based on PPP),,,14.2
2013,Percent,Female,,1.9 US dollars per day (based on PPP),,,0.0
2013,Percent,Female,,3.2 US dollars per day (based on PPP),,,0.6
2013,Percent,Female,,5.5 US dollars per day (based on PPP),,,13.1
2013,Percent,,urban,1.9 US dollars per day (based on PPP),,,0.0
2013,Percent,,urban,3.2 US dollars per day (based on PPP),,,0.3
2013,Percent,,urban,5.5 US dollars per day (based on PPP),,,8.4
2013,Percent,,rural,1.9 US dollars per day (based on PPP),,,0.0
2013,Percent,,rural,3.2 US dollars per day (based on PPP),,,1.1
2013,Percent,,rural,5.5 US dollars per day (based on PPP),,,20.0
2013,Percent,,,1.9 US dollars per day (based on PPP),Akmola,KZAKM,0.1
2013,Percent,,,1.9 US dollars per day (based on PPP),Karagandy,KZKAR,0.2
2013,Percent,,,1.9 US dollars per day (based on PPP),Soltustik Kazakhstan,KZSEV,0.4
2013,Percent,,,3.2 US dollars per day (based on PPP),Akmola,KZAKM,1.5
2013,Percent,,,3.2 US dollars per day (based on PPP),Aktobe,KZAKT,0.5
2013,Percent,,,3.2 US dollars per day (based on PPP),Almaty,KZALM,0.6
2013,Percent,,,3.2 US dollars per day (based on PPP),Batys Kazakhstan,KZZAP,0.4
2013,Percent,,,3.2 US dollars per day (based on PPP),Zhambyl,KZZHA,0.4
2013,Percent,,,3.2 US dollars per day (based on PPP),Karagandy,KZKAR,0.9
2013,Percent,,,3.2 US dollars per day (based on PPP),Kostanay,KZKUS,1.3
2013,Percent,,,3.2 US dollars per day (based on PPP),Kyzylorda,KZKZY,0.3
2013,Percent,,,3.2 US dollars per day (based on PPP),Pavlodar,KZPAV,0.3
2013,Percent,,,3.2 US dollars per day (based on PPP),Soltustik Kazakhstan,KZSEV,2.2
2013,Percent,,,3.2 US dollars per day (based on PPP),Turkistan,KZYUZ,1.6
2013,Percent,,,3.2 US dollars per day (based on PPP),Shygys Kazakhstan,KZVOS,0.1
2013,Percent,,,3.2 US dollars per day (based on PPP),Nur-Sultan city,KZNS,0.0
2013,Percent,,,3.2 US dollars per day (based on PPP),Almaty city,KZALA,0.0
2013,Percent,,,3.2 US dollars per day (based on PPP),Shymkent city,KZSHY,0.6
2013,Percent,,,5.5 US dollars per day (based on PPP),Akmola,KZAKM,16.3
2013,Percent,,,5.5 US dollars per day (based on PPP),Aktobe,KZAKT,12.8
2013,Percent,,,5.5 US dollars per day (based on PPP),Almaty,KZALM,4.3
2013,Percent,,,5.5 US dollars per day (based on PPP),Atyrau,KZATY,6.8
2013,Percent,,,5.5 US dollars per day (based on PPP),Batys Kazakhstan,KZZAP,23.2
2013,Percent,,,5.5 US dollars per day (based on PPP),Zhambyl,KZZHA,15.1
2013,Percent,,,5.5 US dollars per day (based on PPP),Karagandy,KZKAR,11.2
2013,Percent,,,5.5 US dollars per day (based on PPP),Kostanay,KZKUS,15.0
2013,Percent,,,5.5 US dollars per day (based on PPP),Kyzylorda,KZKZY,11.3
2013,Percent,,,5.5 US dollars per day (based on PPP),Mangistau,KZMAN,3.1
2013,Percent,,,5.5 US dollars per day (based on PPP),Pavlodar,KZPAV,7.8
2013,Percent,,,5.5 US dollars per day (based on PPP),Soltustik Kazakhstan,KZSEV,20.0
2013,Percent,,,5.5 US dollars per day (based on PPP),Turkistan,KZYUZ,38.4
2013,Percent,,,5.5 US dollars per day (based on PPP),Shygys Kazakhstan,KZVOS,11.9
2013,Percent,,,5.5 US dollars per day (based on PPP),Nur-Sultan city,KZNS,0.9
2013,Percent,,,5.5 US dollars per day (based on PPP),Almaty city,KZALA,1.2
2013,Percent,,,5.5 US dollars per day (based on PPP),Shymkent city,KZSHY,17.3
2013,Percent,,urban,1.9 US dollars per day (based on PPP),Soltustik Kazakhstan,KZSEV,1.0
2013,Percent,,urban,3.2 US dollars per day (based on PPP),Akmola,KZAKM,1.3
2013,Percent,,urban,3.2 US dollars per day (based on PPP),Aktobe,KZAKT,0.4
2013,Percent,,urban,3.2 US dollars per day (based on PPP),Almaty,KZALM,0.1
2013,Percent,,urban,3.2 US dollars per day (based on PPP),Zhambyl,KZZHA,0.2
2013,Percent,,urban,3.2 US dollars per day (based on PPP),Karagandy,KZKAR,0.2
2013,Percent,,urban,3.2 US dollars per day (based on PPP),Kostanay,KZKUS,1.4
2013,Percent,,urban,3.2 US dollars per day (based on PPP),Kyzylorda,KZKZY,0.8
2013,Percent,,urban,3.2 US dollars per day (based on PPP),Soltustik Kazakhstan,KZSEV,1.9
2013,Percent,,urban,3.2 US dollars per day (based on PPP),Shygys Kazakhstan,KZVOS,0.2
2013,Percent,,urban,3.2 US dollars per day (based on PPP),Nur-Sultan city,KZNS,0.0
2013,Percent,,urban,3.2 US dollars per day (based on PPP),Almaty city,KZALA,0.0
2013,Percent,,urban,3.2 US dollars per day (based on PPP),Shymkent city,KZSHY,0.6
2013,Percent,,urban,5.5 US dollars per day (based on PPP),Akmola,KZAKM,16.5
2013,Percent,,urban,5.5 US dollars per day (based on PPP),Aktobe,KZAKT,9.3
2013,Percent,,urban,5.5 US dollars per day (based on PPP),Almaty,KZALM,5.8
2013,Percent,,urban,5.5 US dollars per day (based on PPP),Atyrau,KZATY,2.8
2013,Percent,,urban,5.5 US dollars per day (based on PPP),Batys Kazakhstan,KZZAP,13.9
2013,Percent,,urban,5.5 US dollars per day (based on PPP),Zhambyl,KZZHA,10.3
2013,Percent,,urban,5.5 US dollars per day (based on PPP),Karagandy,KZKAR,7.8
2013,Percent,,urban,5.5 US dollars per day (based on PPP),Kostanay,KZKUS,14.2
2013,Percent,,urban,5.5 US dollars per day (based on PPP),Kyzylorda,KZKZY,10.9
2013,Percent,,urban,5.5 US dollars per day (based on PPP),Mangistau,KZMAN,1.1
2013,Percent,,urban,5.5 US dollars per day (based on PPP),Pavlodar,KZPAV,5.5
2013,Percent,,urban,5.5 US dollars per day (based on PPP),Soltustik Kazakhstan,KZSEV,15.5
2013,Percent,,urban,5.5 US dollars per day (based on PPP),Turkistan,KZYUZ,23.8
2013,Percent,,urban,5.5 US dollars per day (based on PPP),Shygys Kazakhstan,KZVOS,9.0
2013,Percent,,urban,5.5 US dollars per day (based on PPP),Nur-Sultan city,KZNS,0.9
2013,Percent,,urban,5.5 US dollars per day (based on PPP),Almaty city,KZALA,1.2
2013,Percent,,urban,5.5 US dollars per day (based on PPP),Shymkent city,KZSHY,17.3
2013,Percent,,rural,1.9 US dollars per day (based on PPP),Akmola,KZAKM,0.2
2013,Percent,,rural,1.9 US dollars per day (based on PPP),Karagandy,KZKAR,0.7
2013,Percent,,rural,1.9 US dollars per day (based on PPP),Soltustik Kazakhstan,KZSEV,0.1
2013,Percent,,rural,3.2 US dollars per day (based on PPP),Akmola,KZAKM,1.6
2013,Percent,,rural,3.2 US dollars per day (based on PPP),Aktobe,KZAKT,0.7
2013,Percent,,rural,3.2 US dollars per day (based on PPP),Almaty,KZALM,0.7
2013,Percent,,rural,3.2 US dollars per day (based on PPP),Batys Kazakhstan,KZZAP,0.8
2013,Percent,,rural,3.2 US dollars per day (based on PPP),Zhambyl,KZZHA,0.6
2013,Percent,,rural,3.2 US dollars per day (based on PPP),Karagandy,KZKAR,3.5
2013,Percent,,rural,3.2 US dollars per day (based on PPP),Kostanay,KZKUS,1.3
2013,Percent,,rural,3.2 US dollars per day (based on PPP),Pavlodar,KZPAV,0.9
2013,Percent,,rural,3.2 US dollars per day (based on PPP),Soltustik Kazakhstan,KZSEV,2.5
2013,Percent,,rural,3.2 US dollars per day (based on PPP),Turkistan,KZYUZ,2.1
2013,Percent,,rural,3.2 US dollars per day (based on PPP),Shygys Kazakhstan,KZVOS,0.1
2013,Percent,,rural,5.5 US dollars per day (based on PPP),Akmola,KZAKM,16.1
2013,Percent,,rural,5.5 US dollars per day (based on PPP),Aktobe,KZAKT,18.3
2013,Percent,,rural,5.5 US dollars per day (based on PPP),Almaty,KZALM,3.8
2013,Percent,,rural,5.5 US dollars per day (based on PPP),Atyrau,KZATY,10.7
2013,Percent,,rural,5.5 US dollars per day (based on PPP),Batys Kazakhstan,KZZAP,32.2
2013,Percent,,rural,5.5 US dollars per day (based on PPP),Zhambyl,KZZHA,18.3
2013,Percent,,rural,5.5 US dollars per day (based on PPP),Karagandy,KZKAR,23.5
2013,Percent,,rural,5.5 US dollars per day (based on PPP),Kostanay,KZKUS,16.0
2013,Percent,,rural,5.5 US dollars per day (based on PPP),Kyzylorda,KZKZY,11.6
2013,Percent,,rural,5.5 US dollars per day (based on PPP),Mangistau,KZMAN,5.1
2013,Percent,,rural,5.5 US dollars per day (based on PPP),Pavlodar,KZPAV,13.1
2013,Percent,,rural,5.5 US dollars per day (based on PPP),Soltustik Kazakhstan,KZSEV,23.2
2013,Percent,,rural,5.5 US dollars per day (based on PPP),Turkistan,KZYUZ,42.7
2013,Percent,,rural,5.5 US dollars per day (based on PPP),Shygys Kazakhstan,KZVOS,16.1
2014,Percent,,,1.9 US dollars per day (based on PPP),,,0.0
2014,Percent,,,3.2 US dollars per day (based on PPP),,,0.7
2014,Percent,,,5.5 US dollars per day (based on PPP),,,15.0
2014,Percent,Male,,1.9 US dollars per day (based on PPP),,,0.0
2014,Percent,Male,,3.2 US dollars per day (based on PPP),,,0.7
2014,Percent,Male,,5.5 US dollars per day (based on PPP),,,15.7
2014,Percent,Female,,1.9 US dollars per day (based on PPP),,,0.0
2014,Percent,Female,,3.2 US dollars per day (based on PPP),,,0.6
2014,Percent,Female,,5.5 US dollars per day (based on PPP),,,14.5
2014,Percent,,urban,1.9 US dollars per day (based on PPP),,,0.0
2014,Percent,,urban,3.2 US dollars per day (based on PPP),,,0.3
2014,Percent,,urban,5.5 US dollars per day (based on PPP),,,9.3
2014,Percent,,rural,1.9 US dollars per day (based on PPP),,,0.0
2014,Percent,,rural,3.2 US dollars per day (based on PPP),,,1.1
2014,Percent,,rural,5.5 US dollars per day (based on PPP),,,22.1
2014,Percent,,,1.9 US dollars per day (based on PPP),Akmola,KZAKM,0.1
2014,Percent,,,1.9 US dollars per day (based on PPP),Karagandy,KZKAR,0.0
2014,Percent,,,1.9 US dollars per day (based on PPP),Turkistan,KZYUZ,0.1
2014,Percent,,,3.2 US dollars per day (based on PPP),Akmola,KZAKM,0.8
2014,Percent,,,3.2 US dollars per day (based on PPP),Aktobe,KZAKT,0.9
2014,Percent,,,3.2 US dollars per day (based on PPP),Almaty,KZALM,0.3
2014,Percent,,,3.2 US dollars per day (based on PPP),Batys Kazakhstan,KZZAP,1.3
2014,Percent,,,3.2 US dollars per day (based on PPP),Zhambyl,KZZHA,0.7
2014,Percent,,,3.2 US dollars per day (based on PPP),Karagandy,KZKAR,0.6
2014,Percent,,,3.2 US dollars per day (based on PPP),Kostanay,KZKUS,1.2
2014,Percent,,,3.2 US dollars per day (based on PPP),Kyzylorda,KZKZY,0.6
2014,Percent,,,3.2 US dollars per day (based on PPP),Mangistau,KZMAN,0.1
2014,Percent,,,3.2 US dollars per day (based on PPP),Pavlodar,KZPAV,0.2
2014,Percent,,,3.2 US dollars per day (based on PPP),Soltustik Kazakhstan,KZSEV,1.2
2014,Percent,,,3.2 US dollars per day (based on PPP),Turkistan,KZYUZ,1.6
2014,Percent,,,3.2 US dollars per day (based on PPP),Shygys Kazakhstan,KZVOS,0.6
2014,Percent,,,3.2 US dollars per day (based on PPP),Almaty city,KZALA,0.1
2014,Percent,,,5.5 US dollars per day (based on PPP),Akmola,KZAKM,15.8
2014,Percent,,,5.5 US dollars per day (based on PPP),Aktobe,KZAKT,13.0
2014,Percent,,,5.5 US dollars per day (based on PPP),Almaty,KZALM,5.8
2014,Percent,,,5.5 US dollars per day (based on PPP),Atyrau,KZATY,10.7
2014,Percent,,,5.5 US dollars per day (based on PPP),Batys Kazakhstan,KZZAP,21.1
2014,Percent,,,5.5 US dollars per day (based on PPP),Zhambyl,KZZHA,24.7
2014,Percent,,,5.5 US dollars per day (based on PPP),Karagandy,KZKAR,9.1
2014,Percent,,,5.5 US dollars per day (based on PPP),Kostanay,KZKUS,15.3
2014,Percent,,,5.5 US dollars per day (based on PPP),Kyzylorda,KZKZY,15.9
2014,Percent,,,5.5 US dollars per day (based on PPP),Mangistau,KZMAN,4.2
2014,Percent,,,5.5 US dollars per day (based on PPP),Pavlodar,KZPAV,9.6
2014,Percent,,,5.5 US dollars per day (based on PPP),Soltustik Kazakhstan,KZSEV,19.1
2014,Percent,,,5.5 US dollars per day (based on PPP),Turkistan,KZYUZ,41.9
2014,Percent,,,5.5 US dollars per day (based on PPP),Shygys Kazakhstan,KZVOS,13.9
2014,Percent,,,5.5 US dollars per day (based on PPP),Nur-Sultan city,KZNS,0.6
2014,Percent,,,5.5 US dollars per day (based on PPP),Almaty city,KZALA,1.8
2014,Percent,,,5.5 US dollars per day (based on PPP),Shymkent city,KZSHY,13.4
2014,Percent,,urban,1.9 US dollars per day (based on PPP),Turkistan,KZYUZ,0.3
2014,Percent,,urban,3.2 US dollars per day (based on PPP),Akmola,KZAKM,0.3
2014,Percent,,urban,3.2 US dollars per day (based on PPP),Aktobe,KZAKT,0.5
2014,Percent,,urban,3.2 US dollars per day (based on PPP),Almaty,KZALM,0.5
2014,Percent,,urban,3.2 US dollars per day (based on PPP),Batys Kazakhstan,KZZAP,0.3
2014,Percent,,urban,3.2 US dollars per day (based on PPP),Zhambyl,KZZHA,0.8
2014,Percent,,urban,3.2 US dollars per day (based on PPP),Karagandy,KZKAR,0.1
2014,Percent,,urban,3.2 US dollars per day (based on PPP),Kostanay,KZKUS,0.4
2014,Percent,,urban,3.2 US dollars per day (based on PPP),Kyzylorda,KZKZY,1.0
2014,Percent,,urban,3.2 US dollars per day (based on PPP),Pavlodar,KZPAV,0.2
2014,Percent,,urban,3.2 US dollars per day (based on PPP),Soltustik Kazakhstan,KZSEV,0.5
2014,Percent,,urban,3.2 US dollars per day (based on PPP),Turkistan,KZYUZ,1.1
2014,Percent,,urban,3.2 US dollars per day (based on PPP),Shygys Kazakhstan,KZVOS,0.2
2014,Percent,,urban,3.2 US dollars per day (based on PPP),Almaty city,KZALA,0.1
2014,Percent,,urban,5.5 US dollars per day (based on PPP),Akmola,KZAKM,15.9
2014,Percent,,urban,5.5 US dollars per day (based on PPP),Aktobe,KZAKT,10.8
2014,Percent,,urban,5.5 US dollars per day (based on PPP),Almaty,KZALM,6.9
2014,Percent,,urban,5.5 US dollars per day (based on PPP),Atyrau,KZATY,3.8
2014,Percent,,urban,5.5 US dollars per day (based on PPP),Batys Kazakhstan,KZZAP,11.6
2014,Percent,,urban,5.5 US dollars per day (based on PPP),Zhambyl,KZZHA,18.2
2014,Percent,,urban,5.5 US dollars per day (based on PPP),Karagandy,KZKAR,6.2
2014,Percent,,urban,5.5 US dollars per day (based on PPP),Kostanay,KZKUS,10.6
2014,Percent,,urban,5.5 US dollars per day (based on PPP),Kyzylorda,KZKZY,15.3
2014,Percent,,urban,5.5 US dollars per day (based on PPP),Mangistau,KZMAN,1.0
2014,Percent,,urban,5.5 US dollars per day (based on PPP),Pavlodar,KZPAV,7.9
2014,Percent,,urban,5.5 US dollars per day (based on PPP),Soltustik Kazakhstan,KZSEV,14.1
2014,Percent,,urban,5.5 US dollars per day (based on PPP),Turkistan,KZYUZ,32.6
2014,Percent,,urban,5.5 US dollars per day (based on PPP),Shygys Kazakhstan,KZVOS,12.8
2014,Percent,,urban,5.5 US dollars per day (based on PPP),Nur-Sultan city,KZNS,0.6
2014,Percent,,urban,5.5 US dollars per day (based on PPP),Almaty city,KZALA,1.8
2014,Percent,,urban,5.5 US dollars per day (based on PPP),Shymkent city,KZSHY,13.4
2014,Percent,,rural,1.9 US dollars per day (based on PPP),Akmola,KZAKM,0.2
2014,Percent,,rural,1.9 US dollars per day (based on PPP),Karagandy,KZKAR,0.1
2014,Percent,,rural,3.2 US dollars per day (based on PPP),Akmola,KZAKM,1.2
2014,Percent,,rural,3.2 US dollars per day (based on PPP),Aktobe,KZAKT,1.6
2014,Percent,,rural,3.2 US dollars per day (based on PPP),Almaty,KZALM,0.3
2014,Percent,,rural,3.2 US dollars per day (based on PPP),Batys Kazakhstan,KZZAP,2.4
2014,Percent,,rural,3.2 US dollars per day (based on PPP),Zhambyl,KZZHA,0.6
2014,Percent,,rural,3.2 US dollars per day (based on PPP),Karagandy,KZKAR,2.7
2014,Percent,,rural,3.2 US dollars per day (based on PPP),Kostanay,KZKUS,2.0
2014,Percent,,rural,3.2 US dollars per day (based on PPP),Kyzylorda,KZKZY,0.4
2014,Percent,,rural,3.2 US dollars per day (based on PPP),Mangistau,KZMAN,0.1
2014,Percent,,rural,3.2 US dollars per day (based on PPP),Pavlodar,KZPAV,0.3
2014,Percent,,rural,3.2 US dollars per day (based on PPP),Soltustik Kazakhstan,KZSEV,1.8
2014,Percent,,rural,3.2 US dollars per day (based on PPP),Turkistan,KZYUZ,1.7
2014,Percent,,rural,3.2 US dollars per day (based on PPP),Shygys Kazakhstan,KZVOS,1.3
2014,Percent,,rural,5.5 US dollars per day (based on PPP),Akmola,KZAKM,15.8
2014,Percent,,rural,5.5 US dollars per day (based on PPP),Aktobe,KZAKT,16.5
2014,Percent,,rural,5.5 US dollars per day (based on PPP),Almaty,KZALM,5.5
2014,Percent,,rural,5.5 US dollars per day (based on PPP),Atyrau,KZATY,17.0
2014,Percent,,rural,5.5 US dollars per day (based on PPP),Batys Kazakhstan,KZZAP,30.5
2014,Percent,,rural,5.5 US dollars per day (based on PPP),Zhambyl,KZZHA,29.1
2014,Percent,,rural,5.5 US dollars per day (based on PPP),Karagandy,KZKAR,20.3
2014,Percent,,rural,5.5 US dollars per day (based on PPP),Kostanay,KZKUS,20.4
2014,Percent,,rural,5.5 US dollars per day (based on PPP),Kyzylorda,KZKZY,16.3
2014,Percent,,rural,5.5 US dollars per day (based on PPP),Mangistau,KZMAN,7.4
2014,Percent,,rural,5.5 US dollars per day (based on PPP),Pavlodar,KZPAV,13.6
2014,Percent,,rural,5.5 US dollars per day (based on PPP),Soltustik Kazakhstan,KZSEV,22.9
2014,Percent,,rural,5.5 US dollars per day (based on PPP),Turkistan,KZYUZ,44.7
2014,Percent,,rural,5.5 US dollars per day (based on PPP),Shygys Kazakhstan,KZVOS,15.6
2015,Percent,,,1.9 US dollars per day (based on PPP),,,0.0
2015,Percent,,,3.2 US dollars per day (based on PPP),,,0.7
2015,Percent,,,5.5 US dollars per day (based on PPP),,,16.1
2015,Percent,Male,,1.9 US dollars per day (based on PPP),,,0.0
2015,Percent,Male,,3.2 US dollars per day (based on PPP),,,0.7
2015,Percent,Male,,5.5 US dollars per day (based on PPP),,,16.8
2015,Percent,Female,,1.9 US dollars per day (based on PPP),,,0.0
2015,Percent,Female,,3.2 US dollars per day (based on PPP),,,0.7
2015,Percent,Female,,5.5 US dollars per day (based on PPP),,,15.6
2015,Percent,,urban,3.2 US dollars per day (based on PPP),,,0.3
2015,Percent,,urban,5.5 US dollars per day (based on PPP),,,10.1
2015,Percent,,rural,1.9 US dollars per day (based on PPP),,,0.1
2015,Percent,,rural,3.2 US dollars per day (based on PPP),,,1.2
2015,Percent,,rural,5.5 US dollars per day (based on PPP),,,24.0
2015,Percent,,,1.9 US dollars per day (based on PPP),Akmola,KZAKM,0.0
2015,Percent,,,1.9 US dollars per day (based on PPP),Almaty,KZALM,0.1
2015,Percent,,,1.9 US dollars per day (based on PPP),Karagandy,KZKAR,0.0
2015,Percent,,,1.9 US dollars per day (based on PPP),Kostanay,KZKUS,0.1
2015,Percent,,,1.9 US dollars per day (based on PPP),Soltustik Kazakhstan,KZSEV,0.3
2015,Percent,,,1.9 US dollars per day (based on PPP),Shygys Kazakhstan,KZVOS,0.0
2015,Percent,,,3.2 US dollars per day (based on PPP),Akmola,KZAKM,1.3
2015,Percent,,,3.2 US dollars per day (based on PPP),Aktobe,KZAKT,0.8
2015,Percent,,,3.2 US dollars per day (based on PPP),Almaty,KZALM,0.3
2015,Percent,,,3.2 US dollars per day (based on PPP),Batys Kazakhstan,KZZAP,1.7
2015,Percent,,,3.2 US dollars per day (based on PPP),Zhambyl,KZZHA,1.0
2015,Percent,,,3.2 US dollars per day (based on PPP),Karagandy,KZKAR,0.7
2015,Percent,,,3.2 US dollars per day (based on PPP),Kostanay,KZKUS,1.0
2015,Percent,,,3.2 US dollars per day (based on PPP),Kyzylorda,KZKZY,0.8
2015,Percent,,,3.2 US dollars per day (based on PPP),Mangistau,KZMAN,0.1
2015,Percent,,,3.2 US dollars per day (based on PPP),Pavlodar,KZPAV,0.9
2015,Percent,,,3.2 US dollars per day (based on PPP),Soltustik Kazakhstan,KZSEV,2.0
2015,Percent,,,3.2 US dollars per day (based on PPP),Turkistan,KZYUZ,0.7
2015,Percent,,,3.2 US dollars per day (based on PPP),Shygys Kazakhstan,KZVOS,1.1
2015,Percent,,,3.2 US dollars per day (based on PPP),Nur-Sultan city,KZNS,0.1
2015,Percent,,,5.5 US dollars per day (based on PPP),Akmola,KZAKM,16.2
2015,Percent,,,5.5 US dollars per day (based on PPP),Aktobe,KZAKT,17.8
2015,Percent,,,5.5 US dollars per day (based on PPP),Almaty,KZALM,8.7
2015,Percent,,,5.5 US dollars per day (based on PPP),Atyrau,KZATY,11.8
2015,Percent,,,5.5 US dollars per day (based on PPP),Batys Kazakhstan,KZZAP,21.3
2015,Percent,,,5.5 US dollars per day (based on PPP),Zhambyl,KZZHA,35.8
2015,Percent,,,5.5 US dollars per day (based on PPP),Karagandy,KZKAR,12.1
2015,Percent,,,5.5 US dollars per day (based on PPP),Kostanay,KZKUS,16.3
2015,Percent,,,5.5 US dollars per day (based on PPP),Kyzylorda,KZKZY,26.7
2015,Percent,,,5.5 US dollars per day (based on PPP),Mangistau,KZMAN,4.8
2015,Percent,,,5.5 US dollars per day (based on PPP),Pavlodar,KZPAV,10.9
2015,Percent,,,5.5 US dollars per day (based on PPP),Soltustik Kazakhstan,KZSEV,16.1
2015,Percent,,,5.5 US dollars per day (based on PPP),Turkistan,KZYUZ,36.1
2015,Percent,,,5.5 US dollars per day (based on PPP),Shygys Kazakhstan,KZVOS,13.1
2015,Percent,,,5.5 US dollars per day (based on PPP),Nur-Sultan city,KZNS,0.8
2015,Percent,,,5.5 US dollars per day (based on PPP),Almaty city,KZALA,2.1
2015,Percent,,,5.5 US dollars per day (based on PPP),Shymkent city,KZSHY,12.5
2015,Percent,,urban,3.2 US dollars per day (based on PPP),Akmola,KZAKM,1.2
2015,Percent,,urban,3.2 US dollars per day (based on PPP),Aktobe,KZAKT,0.2
2015,Percent,,urban,3.2 US dollars per day (based on PPP),Almaty,KZALM,0.7
2015,Percent,,urban,3.2 US dollars per day (based on PPP),Batys Kazakhstan,KZZAP,0.1
2015,Percent,,urban,3.2 US dollars per day (based on PPP),Zhambyl,KZZHA,1.2
2015,Percent,,urban,3.2 US dollars per day (based on PPP),Kostanay,KZKUS,0.2
2015,Percent,,urban,3.2 US dollars per day (based on PPP),Kyzylorda,KZKZY,0.5
2015,Percent,,urban,3.2 US dollars per day (based on PPP),Pavlodar,KZPAV,0.6
2015,Percent,,urban,3.2 US dollars per day (based on PPP),Soltustik Kazakhstan,KZSEV,1.3
2015,Percent,,urban,3.2 US dollars per day (based on PPP),Shygys Kazakhstan,KZVOS,0.4
2015,Percent,,urban,3.2 US dollars per day (based on PPP),Nur-Sultan city,KZNS,0.1
2015,Percent,,urban,5.5 US dollars per day (based on PPP),Akmola,KZAKM,16.6
2015,Percent,,urban,5.5 US dollars per day (based on PPP),Aktobe,KZAKT,14.6
2015,Percent,,urban,5.5 US dollars per day (based on PPP),Almaty,KZALM,9.0
2015,Percent,,urban,5.5 US dollars per day (based on PPP),Atyrau,KZATY,4.6
2015,Percent,,urban,5.5 US dollars per day (based on PPP),Batys Kazakhstan,KZZAP,11.6
2015,Percent,,urban,5.5 US dollars per day (based on PPP),Zhambyl,KZZHA,30.2
2015,Percent,,urban,5.5 US dollars per day (based on PPP),Karagandy,KZKAR,10.0
2015,Percent,,urban,5.5 US dollars per day (based on PPP),Kostanay,KZKUS,10.9
2015,Percent,,urban,5.5 US dollars per day (based on PPP),Kyzylorda,KZKZY,21.5
2015,Percent,,urban,5.5 US dollars per day (based on PPP),Mangistau,KZMAN,1.5
2015,Percent,,urban,5.5 US dollars per day (based on PPP),Pavlodar,KZPAV,10.9
2015,Percent,,urban,5.5 US dollars per day (based on PPP),Soltustik Kazakhstan,KZSEV,11.7
2015,Percent,,urban,5.5 US dollars per day (based on PPP),Turkistan,KZYUZ,25.2
2015,Percent,,urban,5.5 US dollars per day (based on PPP),Shygys Kazakhstan,KZVOS,7.2
2015,Percent,,urban,5.5 US dollars per day (based on PPP),Nur-Sultan city,KZNS,0.8
2015,Percent,,urban,5.5 US dollars per day (based on PPP),Almaty city,KZALA,2.1
2015,Percent,,urban,5.5 US dollars per day (based on PPP),Shymkent city,KZSHY,12.5
2015,Percent,,rural,1.9 US dollars per day (based on PPP),Akmola,KZAKM,0.0
2015,Percent,,rural,1.9 US dollars per day (based on PPP),Almaty,KZALM,0.1
2015,Percent,,rural,1.9 US dollars per day (based on PPP),Karagandy,KZKAR,0.1
2015,Percent,,rural,1.9 US dollars per day (based on PPP),Soltustik Kazakhstan,KZSEV,0.5
2015,Percent,,rural,1.9 US dollars per day (based on PPP),Shygys Kazakhstan,KZVOS,0.1
2015,Percent,,rural,3.2 US dollars per day (based on PPP),Akmola,KZAKM,1.5
2015,Percent,,rural,3.2 US dollars per day (based on PPP),Aktobe,KZAKT,1.8
2015,Percent,,rural,3.2 US dollars per day (based on PPP),Almaty,KZALM,0.2
2015,Percent,,rural,3.2 US dollars per day (based on PPP),Batys Kazakhstan,KZZAP,3.2
2015,Percent,,rural,3.2 US dollars per day (based on PPP),Zhambyl,KZZHA,0.9
2015,Percent,,rural,3.2 US dollars per day (based on PPP),Karagandy,KZKAR,3.3
2015,Percent,,rural,3.2 US dollars per day (based on PPP),Kostanay,KZKUS,2.0
2015,Percent,,rural,3.2 US dollars per day (based on PPP),Kyzylorda,KZKZY,1.0
2015,Percent,,rural,3.2 US dollars per day (based on PPP),Mangistau,KZMAN,0.1
2015,Percent,,rural,3.2 US dollars per day (based on PPP),Pavlodar,KZPAV,1.4
2015,Percent,,rural,3.2 US dollars per day (based on PPP),Soltustik Kazakhstan,KZSEV,2.6
2015,Percent,,rural,3.2 US dollars per day (based on PPP),Turkistan,KZYUZ,1.0
2015,Percent,,rural,3.2 US dollars per day (based on PPP),Shygys Kazakhstan,KZVOS,2.3
2015,Percent,,rural,5.5 US dollars per day (based on PPP),Akmola,KZAKM,15.9
2015,Percent,,rural,5.5 US dollars per day (based on PPP),Aktobe,KZAKT,23.2
2015,Percent,,rural,5.5 US dollars per day (based on PPP),Almaty,KZALM,8.7
2015,Percent,,rural,5.5 US dollars per day (based on PPP),Atyrau,KZATY,18.4
2015,Percent,,rural,5.5 US dollars per day (based on PPP),Batys Kazakhstan,KZZAP,30.9
2015,Percent,,rural,5.5 US dollars per day (based on PPP),Zhambyl,KZZHA,39.7
2015,Percent,,rural,5.5 US dollars per day (based on PPP),Karagandy,KZKAR,20.4
2015,Percent,,rural,5.5 US dollars per day (based on PPP),Kostanay,KZKUS,22.3
2015,Percent,,rural,5.5 US dollars per day (based on PPP),Kyzylorda,KZKZY,30.3
2015,Percent,,rural,5.5 US dollars per day (based on PPP),Mangistau,KZMAN,7.8
2015,Percent,,rural,5.5 US dollars per day (based on PPP),Pavlodar,KZPAV,10.7
2015,Percent,,rural,5.5 US dollars per day (based on PPP),Soltustik Kazakhstan,KZSEV,19.5
2015,Percent,,rural,5.5 US dollars per day (based on PPP),Turkistan,KZYUZ,40.3
2015,Percent,,rural,5.5 US dollars per day (based on PPP),Shygys Kazakhstan,KZVOS,21.9
2016,Percent,,,1.9 US dollars per day (based on PPP),,,0.0
2016,Percent,,,3.2 US dollars per day (based on PPP),,,0.5
2016,Percent,,,5.5 US dollars per day (based on PPP),,,13.7
2016,Percent,Male,,1.9 US dollars per day (based on PPP),,,0.0
2016,Percent,Male,,3.2 US dollars per day (based on PPP),,,0.5
2016,Percent,Male,,5.5 US dollars per day (based on PPP),,,14.4
2016,Percent,Female,,1.9 US dollars per day (based on PPP),,,0.0
2016,Percent,Female,,3.2 US dollars per day (based on PPP),,,0.5
2016,Percent,Female,,5.5 US dollars per day (based on PPP),,,13.1
2016,Percent,,urban,1.9 US dollars per day (based on PPP),,,0.0
2016,Percent,,urban,3.2 US dollars per day (based on PPP),,,0.2
2016,Percent,,urban,5.5 US dollars per day (based on PPP),,,7.9
2016,Percent,,rural,1.9 US dollars per day (based on PPP),,,0.0
2016,Percent,,rural,3.2 US dollars per day (based on PPP),,,0.9
2016,Percent,,rural,5.5 US dollars per day (based on PPP),,,21.5
2016,Percent,,,1.9 US dollars per day (based on PPP),Karagandy,KZKAR,0.0
2016,Percent,,,1.9 US dollars per day (based on PPP),Soltustik Kazakhstan,KZSEV,0.4
2016,Percent,,,1.9 US dollars per day (based on PPP),Turkistan,KZYUZ,0.1
2016,Percent,,,3.2 US dollars per day (based on PPP),Akmola,KZAKM,0.8
2016,Percent,,,3.2 US dollars per day (based on PPP),Aktobe,KZAKT,0.2
2016,Percent,,,3.2 US dollars per day (based on PPP),Batys Kazakhstan,KZZAP,0.9
2016,Percent,,,3.2 US dollars per day (based on PPP),Zhambyl,KZZHA,0.8
2016,Percent,,,3.2 US dollars per day (based on PPP),Karagandy,KZKAR,0.4
2016,Percent,,,3.2 US dollars per day (based on PPP),Kostanay,KZKUS,0.9
2016,Percent,,,3.2 US dollars per day (based on PPP),Kyzylorda,KZKZY,0.4
2016,Percent,,,3.2 US dollars per day (based on PPP),Mangistau,KZMAN,0.1
2016,Percent,,,3.2 US dollars per day (based on PPP),Pavlodar,KZPAV,0.3
2016,Percent,,,3.2 US dollars per day (based on PPP),Soltustik Kazakhstan,KZSEV,1.4
2016,Percent,,,3.2 US dollars per day (based on PPP),Turkistan,KZYUZ,1.5
2016,Percent,,,3.2 US dollars per day (based on PPP),Shygys Kazakhstan,KZVOS,0.3
2016,Percent,,,3.2 US dollars per day (based on PPP),Almaty city,KZALA,0.1
2016,Percent,,,5.5 US dollars per day (based on PPP),Akmola,KZAKM,14.7
2016,Percent,,,5.5 US dollars per day (based on PPP),Aktobe,KZAKT,13.2
2016,Percent,,,5.5 US dollars per day (based on PPP),Almaty,KZALM,5.7
2016,Percent,,,5.5 US dollars per day (based on PPP),Atyrau,KZATY,9.4
2016,Percent,,,5.5 US dollars per day (based on PPP),Batys Kazakhstan,KZZAP,17.9
2016,Percent,,,5.5 US dollars per day (based on PPP),Zhambyl,KZZHA,33.1
2016,Percent,,,5.5 US dollars per day (based on PPP),Karagandy,KZKAR,9.5
2016,Percent,,,5.5 US dollars per day (based on PPP),Kostanay,KZKUS,15.9
2016,Percent,,,5.5 US dollars per day (based on PPP),Kyzylorda,KZKZY,22.8
2016,Percent,,,5.5 US dollars per day (based on PPP),Mangistau,KZMAN,3.3
2016,Percent,,,5.5 US dollars per day (based on PPP),Pavlodar,KZPAV,9.8
2016,Percent,,,5.5 US dollars per day (based on PPP),Soltustik Kazakhstan,KZSEV,13.1
2016,Percent,,,5.5 US dollars per day (based on PPP),Turkistan,KZYUZ,34.5
2016,Percent,,,5.5 US dollars per day (based on PPP),Shygys Kazakhstan,KZVOS,9.4
2016,Percent,,,5.5 US dollars per day (based on PPP),Nur-Sultan city,KZNS,0.8
2016,Percent,,,5.5 US dollars per day (based on PPP),Almaty city,KZALA,2.1
2016,Percent,,,5.5 US dollars per day (based on PPP),Shymkent city,KZSHY,5.1
2016,Percent,,urban,1.9 US dollars per day (based on PPP),Soltustik Kazakhstan,KZSEV,0.4
2016,Percent,,urban,3.2 US dollars per day (based on PPP),Akmola,KZAKM,0.8
2016,Percent,,urban,3.2 US dollars per day (based on PPP),Zhambyl,KZZHA,0.8
2016,Percent,,urban,3.2 US dollars per day (based on PPP),Karagandy,KZKAR,0.1
2016,Percent,,urban,3.2 US dollars per day (based on PPP),Kostanay,KZKUS,0.3
2016,Percent,,urban,3.2 US dollars per day (based on PPP),Kyzylorda,KZKZY,0.8
2016,Percent,,urban,3.2 US dollars per day (based on PPP),Soltustik Kazakhstan,KZSEV,1.0
2016,Percent,,urban,3.2 US dollars per day (based on PPP),Turkistan,KZYUZ,0.4
2016,Percent,,urban,3.2 US dollars per day (based on PPP),Shygys Kazakhstan,KZVOS,0.1
2016,Percent,,urban,3.2 US dollars per day (based on PPP),Almaty city,KZALA,0.1
2016,Percent,,urban,5.5 US dollars per day (based on PPP),Akmola,KZAKM,12.8
2016,Percent,,urban,5.5 US dollars per day (based on PPP),Aktobe,KZAKT,11.2
2016,Percent,,urban,5.5 US dollars per day (based on PPP),Almaty,KZALM,5.6
2016,Percent,,urban,5.5 US dollars per day (based on PPP),Atyrau,KZATY,2.7
2016,Percent,,urban,5.5 US dollars per day (based on PPP),Batys Kazakhstan,KZZAP,10.3
2016,Percent,,urban,5.5 US dollars per day (based on PPP),Zhambyl,KZZHA,26.3
2016,Percent,,urban,5.5 US dollars per day (based on PPP),Karagandy,KZKAR,7.8
2016,Percent,,urban,5.5 US dollars per day (based on PPP),Kostanay,KZKUS,11.5
2016,Percent,,urban,5.5 US dollars per day (based on PPP),Kyzylorda,KZKZY,20.3
2016,Percent,,urban,5.5 US dollars per day (based on PPP),Mangistau,KZMAN,1.2
2016,Percent,,urban,5.5 US dollars per day (based on PPP),Pavlodar,KZPAV,8.3
2016,Percent,,urban,5.5 US dollars per day (based on PPP),Soltustik Kazakhstan,KZSEV,10.2
2016,Percent,,urban,5.5 US dollars per day (based on PPP),Turkistan,KZYUZ,20.3
2016,Percent,,urban,5.5 US dollars per day (based on PPP),Shygys Kazakhstan,KZVOS,4.3
2016,Percent,,urban,5.5 US dollars per day (based on PPP),Nur-Sultan city,KZNS,0.8
2016,Percent,,urban,5.5 US dollars per day (based on PPP),Almaty city,KZALA,2.1
2016,Percent,,urban,5.5 US dollars per day (based on PPP),Shymkent city,KZSHY,5.1
2016,Percent,,rural,1.9 US dollars per day (based on PPP),Karagandy,KZKAR,0.1
2016,Percent,,rural,1.9 US dollars per day (based on PPP),Kostanay,KZKUS,0.1
2016,Percent,,rural,1.9 US dollars per day (based on PPP),Soltustik Kazakhstan,KZSEV,0.4
2016,Percent,,rural,1.9 US dollars per day (based on PPP),Turkistan,KZYUZ,0.1
2016,Percent,,rural,3.2 US dollars per day (based on PPP),Akmola,KZAKM,0.9
2016,Percent,,rural,3.2 US dollars per day (based on PPP),Aktobe,KZAKT,0.5
2016,Percent,,rural,3.2 US dollars per day (based on PPP),Batys Kazakhstan,KZZAP,1.7
2016,Percent,,rural,3.2 US dollars per day (based on PPP),Zhambyl,KZZHA,0.8
2016,Percent,,rural,3.2 US dollars per day (based on PPP),Karagandy,KZKAR,1.8
2016,Percent,,rural,3.2 US dollars per day (based on PPP),Kostanay,KZKUS,1.7
2016,Percent,,rural,3.2 US dollars per day (based on PPP),Kyzylorda,KZKZY,0.1
2016,Percent,,rural,3.2 US dollars per day (based on PPP),Mangistau,KZMAN,0.1
2016,Percent,,rural,3.2 US dollars per day (based on PPP),Pavlodar,KZPAV,1.1
2016,Percent,,rural,3.2 US dollars per day (based on PPP),Soltustik Kazakhstan,KZSEV,1.7
2016,Percent,,rural,3.2 US dollars per day (based on PPP),Turkistan,KZYUZ,1.9
2016,Percent,,rural,3.2 US dollars per day (based on PPP),Shygys Kazakhstan,KZVOS,0.6
2016,Percent,,rural,5.5 US dollars per day (based on PPP),Akmola,KZAKM,16.4
2016,Percent,,rural,5.5 US dollars per day (based on PPP),Aktobe,KZAKT,16.4
2016,Percent,,rural,5.5 US dollars per day (based on PPP),Almaty,KZALM,5.8
2016,Percent,,rural,5.5 US dollars per day (based on PPP),Atyrau,KZATY,15.5
2016,Percent,,rural,5.5 US dollars per day (based on PPP),Batys Kazakhstan,KZZAP,25.7
2016,Percent,,rural,5.5 US dollars per day (based on PPP),Zhambyl,KZZHA,37.7
2016,Percent,,rural,5.5 US dollars per day (based on PPP),Karagandy,KZKAR,16.0
2016,Percent,,rural,5.5 US dollars per day (based on PPP),Kostanay,KZKUS,21.0
2016,Percent,,rural,5.5 US dollars per day (based on PPP),Kyzylorda,KZKZY,24.5
2016,Percent,,rural,5.5 US dollars per day (based on PPP),Mangistau,KZMAN,5.1
2016,Percent,,rural,5.5 US dollars per day (based on PPP),Pavlodar,KZPAV,13.3
2016,Percent,,rural,5.5 US dollars per day (based on PPP),Soltustik Kazakhstan,KZSEV,15.3
2016,Percent,,rural,5.5 US dollars per day (based on PPP),Turkistan,KZYUZ,40.1
2016,Percent,,rural,5.5 US dollars per day (based on PPP),Shygys Kazakhstan,KZVOS,17.1
2017,Percent,,,1.9 US dollars per day (based on PPP),,,0.0
2017,Percent,,,3.2 US dollars per day (based on PPP),,,0.5
2017,Percent,,,5.5 US dollars per day (based on PPP),,,11.4
2017,Percent,Male,,1.9 US dollars per day (based on PPP),,,0.0
2017,Percent,Male,,3.2 US dollars per day (based on PPP),,,0.5
2017,Percent,Male,,5.5 US dollars per day (based on PPP),,,11.9
2017,Percent,Female,,1.9 US dollars per day (based on PPP),,,0.0
2017,Percent,Female,,3.2 US dollars per day (based on PPP),,,0.5
2017,Percent,Female,,5.5 US dollars per day (based on PPP),,,11.0
2017,Percent,,urban,1.9 US dollars per day (based on PPP),,,0.0
2017,Percent,,urban,3.2 US dollars per day (based on PPP),,,0.2
2017,Percent,,urban,5.5 US dollars per day (based on PPP),,,7.0
2017,Percent,,rural,1.9 US dollars per day (based on PPP),,,0.1
2017,Percent,,rural,3.2 US dollars per day (based on PPP),,,0.9
2017,Percent,,rural,5.5 US dollars per day (based on PPP),,,17.3
2017,Percent,,,1.9 US dollars per day (based on PPP),Karagandy,KZKAR,0.0
2017,Percent,,,1.9 US dollars per day (based on PPP),Soltustik Kazakhstan,KZSEV,0.1
2017,Percent,,,1.9 US dollars per day (based on PPP),Shygys Kazakhstan,KZVOS,0.3
2017,Percent,,,3.2 US dollars per day (based on PPP),Akmola,KZAKM,0.8
2017,Percent,,,3.2 US dollars per day (based on PPP),Aktobe,KZAKT,0.3
2017,Percent,,,3.2 US dollars per day (based on PPP),Batys Kazakhstan,KZZAP,0.7
2017,Percent,,,3.2 US dollars per day (based on PPP),Zhambyl,KZZHA,1.4
2017,Percent,,,3.2 US dollars per day (based on PPP),Karagandy,KZKAR,0.5
2017,Percent,,,3.2 US dollars per day (based on PPP),Kostanay,KZKUS,0.7
2017,Percent,,,3.2 US dollars per day (based on PPP),Kyzylorda,KZKZY,0.1
2017,Percent,,,3.2 US dollars per day (based on PPP),Pavlodar,KZPAV,0.1
2017,Percent,,,3.2 US dollars per day (based on PPP),Soltustik Kazakhstan,KZSEV,1.1
2017,Percent,,,3.2 US dollars per day (based on PPP),Turkistan,KZYUZ,0.9
2017,Percent,,,3.2 US dollars per day (based on PPP),Shygys Kazakhstan,KZVOS,1.1
2017,Percent,,,3.2 US dollars per day (based on PPP),Almaty city,KZALA,0.1
2017,Percent,,,5.5 US dollars per day (based on PPP),Akmola,KZAKM,11.5
2017,Percent,,,5.5 US dollars per day (based on PPP),Aktobe,KZAKT,13.0
2017,Percent,,,5.5 US dollars per day (based on PPP),Almaty,KZALM,6.4
2017,Percent,,,5.5 US dollars per day (based on PPP),Atyrau,KZATY,6.8
2017,Percent,,,5.5 US dollars per day (based on PPP),Batys Kazakhstan,KZZAP,17.0
2017,Percent,,,5.5 US dollars per day (based on PPP),Zhambyl,KZZHA,21.9
2017,Percent,,,5.5 US dollars per day (based on PPP),Karagandy,KZKAR,8.7
2017,Percent,,,5.5 US dollars per day (based on PPP),Kostanay,KZKUS,10.4
2017,Percent,,,5.5 US dollars per day (based on PPP),Kyzylorda,KZKZY,18.7
2017,Percent,,,5.5 US dollars per day (based on PPP),Mangistau,KZMAN,3.2
2017,Percent,,,5.5 US dollars per day (based on PPP),Pavlodar,KZPAV,6.6
2017,Percent,,,5.5 US dollars per day (based on PPP),Soltustik Kazakhstan,KZSEV,11.5
2017,Percent,,,5.5 US dollars per day (based on PPP),Turkistan,KZYUZ,29.2
2017,Percent,,,5.5 US dollars per day (based on PPP),Shygys Kazakhstan,KZVOS,9.0
2017,Percent,,,5.5 US dollars per day (based on PPP),Nur-Sultan city,KZNS,0.8
2017,Percent,,,5.5 US dollars per day (based on PPP),Almaty city,KZALA,1.5
2017,Percent,,,5.5 US dollars per day (based on PPP),Shymkent city,KZSHY,6.1
2017,Percent,,urban,1.9 US dollars per day (based on PPP),Soltustik Kazakhstan,KZSEV,0.1
2017,Percent,,urban,3.2 US dollars per day (based on PPP),Akmola,KZAKM,0.6
2017,Percent,,urban,3.2 US dollars per day (based on PPP),Aktobe,KZAKT,0.2
2017,Percent,,urban,3.2 US dollars per day (based on PPP),Zhambyl,KZZHA,0.6
2017,Percent,,urban,3.2 US dollars per day (based on PPP),Karagandy,KZKAR,0.3
2017,Percent,,urban,3.2 US dollars per day (based on PPP),Kostanay,KZKUS,0.3
2017,Percent,,urban,3.2 US dollars per day (based on PPP),Kyzylorda,KZKZY,0.3
2017,Percent,,urban,3.2 US dollars per day (based on PPP),Soltustik Kazakhstan,KZSEV,1.1
2017,Percent,,urban,3.2 US dollars per day (based on PPP),Shygys Kazakhstan,KZVOS,0.3
2017,Percent,,urban,3.2 US dollars per day (based on PPP),Almaty city,KZALA,0.1
2017,Percent,,urban,5.5 US dollars per day (based on PPP),Akmola,KZAKM,10.2
2017,Percent,,urban,5.5 US dollars per day (based on PPP),Aktobe,KZAKT,12.0
2017,Percent,,urban,5.5 US dollars per day (based on PPP),Almaty,KZALM,4.7
2017,Percent,,urban,5.5 US dollars per day (based on PPP),Atyrau,KZATY,2.5
2017,Percent,,urban,5.5 US dollars per day (based on PPP),Batys Kazakhstan,KZZAP,10.4
2017,Percent,,urban,5.5 US dollars per day (based on PPP),Zhambyl,KZZHA,18.4
2017,Percent,,urban,5.5 US dollars per day (based on PPP),Karagandy,KZKAR,6.8
2017,Percent,,urban,5.5 US dollars per day (based on PPP),Kostanay,KZKUS,7.7
2017,Percent,,urban,5.5 US dollars per day (based on PPP),Kyzylorda,KZKZY,15.9
2017,Percent,,urban,5.5 US dollars per day (based on PPP),Mangistau,KZMAN,0.8
2017,Percent,,urban,5.5 US dollars per day (based on PPP),Pavlodar,KZPAV,5.0
2017,Percent,,urban,5.5 US dollars per day (based on PPP),Soltustik Kazakhstan,KZSEV,10.3
2017,Percent,,urban,5.5 US dollars per day (based on PPP),Turkistan,KZYUZ,22.0
2017,Percent,,urban,5.5 US dollars per day (based on PPP),Shygys Kazakhstan,KZVOS,5.3
2017,Percent,,urban,5.5 US dollars per day (based on PPP),Nur-Sultan city,KZNS,0.8
2017,Percent,,urban,5.5 US dollars per day (based on PPP),Almaty city,KZALA,1.5
2017,Percent,,urban,5.5 US dollars per day (based on PPP),Shymkent city,KZSHY,6.1
2017,Percent,,rural,1.9 US dollars per day (based on PPP),Karagandy,KZKAR,0.1
2017,Percent,,rural,1.9 US dollars per day (based on PPP),Soltustik Kazakhstan,KZSEV,0.1
2017,Percent,,rural,1.9 US dollars per day (based on PPP),Shygys Kazakhstan,KZVOS,0.7
2017,Percent,,rural,3.2 US dollars per day (based on PPP),Akmola,KZAKM,0.9
2017,Percent,,rural,3.2 US dollars per day (based on PPP),Aktobe,KZAKT,0.5
2017,Percent,,rural,3.2 US dollars per day (based on PPP),Batys Kazakhstan,KZZAP,1.5
2017,Percent,,rural,3.2 US dollars per day (based on PPP),Zhambyl,KZZHA,1.9
2017,Percent,,rural,3.2 US dollars per day (based on PPP),Karagandy,KZKAR,1.2
2017,Percent,,rural,3.2 US dollars per day (based on PPP),Kostanay,KZKUS,1.2
2017,Percent,,rural,3.2 US dollars per day (based on PPP),Pavlodar,KZPAV,0.3
2017,Percent,,rural,3.2 US dollars per day (based on PPP),Soltustik Kazakhstan,KZSEV,1.0
2017,Percent,,rural,3.2 US dollars per day (based on PPP),Turkistan,KZYUZ,1.3
2017,Percent,,rural,3.2 US dollars per day (based on PPP),Shygys Kazakhstan,KZVOS,2.4
2017,Percent,,rural,5.5 US dollars per day (based on PPP),Akmola,KZAKM,12.7
2017,Percent,,rural,5.5 US dollars per day (based on PPP),Aktobe,KZAKT,14.8
2017,Percent,,rural,5.5 US dollars per day (based on PPP),Almaty,KZALM,6.9
2017,Percent,,rural,5.5 US dollars per day (based on PPP),Atyrau,KZATY,10.7
2017,Percent,,rural,5.5 US dollars per day (based on PPP),Batys Kazakhstan,KZZAP,24.0
2017,Percent,,rural,5.5 US dollars per day (based on PPP),Zhambyl,KZZHA,24.3
2017,Percent,,rural,5.5 US dollars per day (based on PPP),Karagandy,KZKAR,16.0
2017,Percent,,rural,5.5 US dollars per day (based on PPP),Kostanay,KZKUS,13.5
2017,Percent,,rural,5.5 US dollars per day (based on PPP),Kyzylorda,KZKZY,20.6
2017,Percent,,rural,5.5 US dollars per day (based on PPP),Mangistau,KZMAN,4.9
2017,Percent,,rural,5.5 US dollars per day (based on PPP),Pavlodar,KZPAV,10.6
2017,Percent,,rural,5.5 US dollars per day (based on PPP),Soltustik Kazakhstan,KZSEV,12.4
2017,Percent,,rural,5.5 US dollars per day (based on PPP),Turkistan,KZYUZ,32.3
2017,Percent,,rural,5.5 US dollars per day (based on PPP),Shygys Kazakhstan,KZVOS,14.7
2018,Percent,,,1.9 US dollars per day (based on PPP),,,0.0
2018,Percent,,,3.2 US dollars per day (based on PPP),,,0.3
2018,Percent,,,5.5 US dollars per day (based on PPP),,,8.5
2018,Percent,Male,,1.9 US dollars per day (based on PPP),,,0.0
2018,Percent,Male,,3.2 US dollars per day (based on PPP),,,0.3
2018,Percent,Male,,5.5 US dollars per day (based on PPP),,,8.9
2018,Percent,Female,,1.9 US dollars per day (based on PPP),,,0.0
2018,Percent,Female,,3.2 US dollars per day (based on PPP),,,0.3
2018,Percent,Female,,5.5 US dollars per day (based on PPP),,,8.2
2018,Percent,,urban,3.2 US dollars per day (based on PPP),,,0.2
2018,Percent,,urban,5.5 US dollars per day (based on PPP),,,5.0
2018,Percent,,rural,1.9 US dollars per day (based on PPP),,,0.0
2018,Percent,,rural,3.2 US dollars per day (based on PPP),,,0.4
2018,Percent,,rural,5.5 US dollars per day (based on PPP),,,13.4
2018,Percent,,,1.9 US dollars per day (based on PPP),Almaty,KZALM,0.1
2018,Percent,,,1.9 US dollars per day (based on PPP),Karagandy,KZKAR,0.0
2018,Percent,,,3.2 US dollars per day (based on PPP),Akmola,KZAKM,0.6
2018,Percent,,,3.2 US dollars per day (based on PPP),Aktobe,KZAKT,0.2
2018,Percent,,,3.2 US dollars per day (based on PPP),Almaty,KZALM,0.1
2018,Percent,,,3.2 US dollars per day (based on PPP),Batys Kazakhstan,KZZAP,0.1
2018,Percent,,,3.2 US dollars per day (based on PPP),Zhambyl,KZZHA,0.2
2018,Percent,,,3.2 US dollars per day (based on PPP),Karagandy,KZKAR,0.5
2018,Percent,,,3.2 US dollars per day (based on PPP),Kostanay,KZKUS,1.0
2018,Percent,,,3.2 US dollars per day (based on PPP),Kyzylorda,KZKZY,0.1
2018,Percent,,,3.2 US dollars per day (based on PPP),Mangistau,KZMAN,0.2
2018,Percent,,,3.2 US dollars per day (based on PPP),Pavlodar,KZPAV,0.1
2018,Percent,,,3.2 US dollars per day (based on PPP),Soltustik Kazakhstan,KZSEV,0.5
2018,Percent,,,3.2 US dollars per day (based on PPP),Turkistan,KZYUZ,0.5
2018,Percent,,,3.2 US dollars per day (based on PPP),Shygys Kazakhstan,KZVOS,0.5
2018,Percent,,,3.2 US dollars per day (based on PPP),Nur-Sultan city,KZNS,0.1
2018,Percent,,,3.2 US dollars per day (based on PPP),Almaty city,KZALA,0.2
2018,Percent,,,3.2 US dollars per day (based on PPP),Shymkent city,KZSHY,0.5
2018,Percent,,,5.5 US dollars per day (based on PPP),Akmola,KZAKM,8.7
2018,Percent,,,5.5 US dollars per day (based on PPP),Aktobe,KZAKT,12.0
2018,Percent,,,5.5 US dollars per day (based on PPP),Almaty,KZALM,4.7
2018,Percent,,,5.5 US dollars per day (based on PPP),Atyrau,KZATY,5.2
2018,Percent,,,5.5 US dollars per day (based on PPP),Batys Kazakhstan,KZZAP,11.8
2018,Percent,,,5.5 US dollars per day (based on PPP),Zhambyl,KZZHA,13.8
2018,Percent,,,5.5 US dollars per day (based on PPP),Karagandy,KZKAR,5.1
2018,Percent,,,5.5 US dollars per day (based on PPP),Kostanay,KZKUS,10.5
2018,Percent,,,5.5 US dollars per day (based on PPP),Kyzylorda,KZKZY,13.7
2018,Percent,,,5.5 US dollars per day (based on PPP),Mangistau,KZMAN,4.1
2018,Percent,,,5.5 US dollars per day (based on PPP),Pavlodar,KZPAV,8.5
2018,Percent,,,5.5 US dollars per day (based on PPP),Soltustik Kazakhstan,KZSEV,8.4
2018,Percent,,,5.5 US dollars per day (based on PPP),Turkistan,KZYUZ,21.7
2018,Percent,,,5.5 US dollars per day (based on PPP),Shygys Kazakhstan,KZVOS,8.3
2018,Percent,,,5.5 US dollars per day (based on PPP),Nur-Sultan city,KZNS,0.8
2018,Percent,,,5.5 US dollars per day (based on PPP),Almaty city,KZALA,2.4
2018,Percent,,,5.5 US dollars per day (based on PPP),Shymkent city,KZSHY,3.8
2018,Percent,,urban,3.2 US dollars per day (based on PPP),Akmola,KZAKM,0.5
2018,Percent,,urban,3.2 US dollars per day (based on PPP),Aktobe,KZAKT,0.1
2018,Percent,,urban,3.2 US dollars per day (based on PPP),Karagandy,KZKAR,0.5
2018,Percent,,urban,3.2 US dollars per day (based on PPP),Kostanay,KZKUS,0.7
2018,Percent,,urban,3.2 US dollars per day (based on PPP),Soltustik Kazakhstan,KZSEV,0.8
2018,Percent,,urban,3.2 US dollars per day (based on PPP),Turkistan,KZYUZ,0.3
2018,Percent,,urban,3.2 US dollars per day (based on PPP),Shygys Kazakhstan,KZVOS,0.1
2018,Percent,,urban,3.2 US dollars per day (based on PPP),Nur-Sultan city,KZNS,0.1
2018,Percent,,urban,3.2 US dollars per day (based on PPP),Almaty city,KZALA,0.2
2018,Percent,,urban,3.2 US dollars per day (based on PPP),Shymkent city,KZSHY,0.5
2018,Percent,,urban,5.5 US dollars per day (based on PPP),Akmola,KZAKM,7.8
2018,Percent,,urban,5.5 US dollars per day (based on PPP),Aktobe,KZAKT,9.9
2018,Percent,,urban,5.5 US dollars per day (based on PPP),Almaty,KZALM,4.5
2018,Percent,,urban,5.5 US dollars per day (based on PPP),Atyrau,KZATY,1.6
2018,Percent,,urban,5.5 US dollars per day (based on PPP),Batys Kazakhstan,KZZAP,6.5
2018,Percent,,urban,5.5 US dollars per day (based on PPP),Zhambyl,KZZHA,8.7
2018,Percent,,urban,5.5 US dollars per day (based on PPP),Karagandy,KZKAR,4.3
2018,Percent,,urban,5.5 US dollars per day (based on PPP),Kostanay,KZKUS,6.4
2018,Percent,,urban,5.5 US dollars per day (based on PPP),Kyzylorda,KZKZY,11.5
2018,Percent,,urban,5.5 US dollars per day (based on PPP),Mangistau,KZMAN,1.1
2018,Percent,,urban,5.5 US dollars per day (based on PPP),Pavlodar,KZPAV,6.7
2018,Percent,,urban,5.5 US dollars per day (based on PPP),Soltustik Kazakhstan,KZSEV,5.9
2018,Percent,,urban,5.5 US dollars per day (based on PPP),Turkistan,KZYUZ,16.5
2018,Percent,,urban,5.5 US dollars per day (based on PPP),Shygys Kazakhstan,KZVOS,4.6
2018,Percent,,urban,5.5 US dollars per day (based on PPP),Nur-Sultan city,KZNS,0.8
2018,Percent,,urban,5.5 US dollars per day (based on PPP),Almaty city,KZALA,2.4
2018,Percent,,urban,5.5 US dollars per day (based on PPP),Shymkent city,KZSHY,3.8
2018,Percent,,rural,1.9 US dollars per day (based on PPP),Almaty,KZALM,0.1
2018,Percent,,rural,1.9 US dollars per day (based on PPP),Karagandy,KZKAR,0.2
2018,Percent,,rural,3.2 US dollars per day (based on PPP),Akmola,KZAKM,0.7
2018,Percent,,rural,3.2 US dollars per day (based on PPP),Aktobe,KZAKT,0.4
2018,Percent,,rural,3.2 US dollars per day (based on PPP),Almaty,KZALM,0.1
2018,Percent,,rural,3.2 US dollars per day (based on PPP),Batys Kazakhstan,KZZAP,0.1
2018,Percent,,rural,3.2 US dollars per day (based on PPP),Zhambyl,KZZHA,0.3
2018,Percent,,rural,3.2 US dollars per day (based on PPP),Karagandy,KZKAR,0.5
2018,Percent,,rural,3.2 US dollars per day (based on PPP),Kostanay,KZKUS,1.4
2018,Percent,,rural,3.2 US dollars per day (based on PPP),Kyzylorda,KZKZY,0.2
2018,Percent,,rural,3.2 US dollars per day (based on PPP),Mangistau,KZMAN,0.3
2018,Percent,,rural,3.2 US dollars per day (based on PPP),Pavlodar,KZPAV,0.3
2018,Percent,,rural,3.2 US dollars per day (based on PPP),Soltustik Kazakhstan,KZSEV,0.3
2018,Percent,,rural,3.2 US dollars per day (based on PPP),Turkistan,KZYUZ,0.6
2018,Percent,,rural,3.2 US dollars per day (based on PPP),Shygys Kazakhstan,KZVOS,1.1
2018,Percent,,rural,5.5 US dollars per day (based on PPP),Akmola,KZAKM,9.5
2018,Percent,,rural,5.5 US dollars per day (based on PPP),Aktobe,KZAKT,15.7
2018,Percent,,rural,5.5 US dollars per day (based on PPP),Almaty,KZALM,4.8
2018,Percent,,rural,5.5 US dollars per day (based on PPP),Atyrau,KZATY,9.1
2018,Percent,,rural,5.5 US dollars per day (based on PPP),Batys Kazakhstan,KZZAP,17.5
2018,Percent,,rural,5.5 US dollars per day (based on PPP),Zhambyl,KZZHA,17.2
2018,Percent,,rural,5.5 US dollars per day (based on PPP),Karagandy,KZKAR,8.4
2018,Percent,,rural,5.5 US dollars per day (based on PPP),Kostanay,KZKUS,15.5
2018,Percent,,rural,5.5 US dollars per day (based on PPP),Kyzylorda,KZKZY,15.2
2018,Percent,,rural,5.5 US dollars per day (based on PPP),Mangistau,KZMAN,6.1
2018,Percent,,rural,5.5 US dollars per day (based on PPP),Pavlodar,KZPAV,12.9
2018,Percent,,rural,5.5 US dollars per day (based on PPP),Soltustik Kazakhstan,KZSEV,10.5
2018,Percent,,rural,5.5 US dollars per day (based on PPP),Turkistan,KZYUZ,22.9
2018,Percent,,rural,5.5 US dollars per day (based on PPP),Shygys Kazakhstan,KZVOS,14.1
2019,Percent,,,1.9 US dollars per day (based on PPP),,,0.0
2019,Percent,,,3.2 US dollars per day (based on PPP),,,0.2
2019,Percent,,,5.5 US dollars per day (based on PPP),,,6.2
2019,Percent,Male,,1.9 US dollars per day (based on PPP),,,0.0
2019,Percent,Male,,3.2 US dollars per day (based on PPP),,,0.2
2019,Percent,Male,,5.5 US dollars per day (based on PPP),,,6.4
2019,Percent,Female,,1.9 US dollars per day (based on PPP),,,0.0
2019,Percent,Female,,3.2 US dollars per day (based on PPP),,,0.2
2019,Percent,Female,,5.5 US dollars per day (based on PPP),,,5.9
2019,Percent,,urban,1.9 US dollars per day (based on PPP),,,0.0
2019,Percent,,urban,3.2 US dollars per day (based on PPP),,,0.1
2019,Percent,,urban,5.5 US dollars per day (based on PPP),,,3.6
2019,Percent,,rural,1.9 US dollars per day (based on PPP),,,0.0
2019,Percent,,rural,3.2 US dollars per day (based on PPP),,,0.4
2019,Percent,,rural,5.5 US dollars per day (based on PPP),,,9.7
2019,Percent,,,1.9 US dollars per day (based on PPP),Akmola,KZAKM,0.0
2019,Percent,,,1.9 US dollars per day (based on PPP),Karagandy,KZKAR,0.1
2019,Percent,,,3.2 US dollars per day (based on PPP),Akmola,KZAKM,0.7
2019,Percent,,,3.2 US dollars per day (based on PPP),Aktobe,KZAKT,0.2
2019,Percent,,,3.2 US dollars per day (based on PPP),Almaty,KZALM,0.2
2019,Percent,,,3.2 US dollars per day (based on PPP),Zhambyl,KZZHA,0.3
2019,Percent,,,3.2 US dollars per day (based on PPP),Karagandy,KZKAR,0.4
2019,Percent,,,3.2 US dollars per day (based on PPP),Kostanay,KZKUS,0.4
2019,Percent,,,3.2 US dollars per day (based on PPP),Kyzylorda,KZKZY,0.2
2019,Percent,,,3.2 US dollars per day (based on PPP),Pavlodar,KZPAV,0.2
2019,Percent,,,3.2 US dollars per day (based on PPP),Soltustik Kazakhstan,KZSEV,0.5
2019,Percent,,,3.2 US dollars per day (based on PPP),Turkistan,KZYUZ,0.2
2019,Percent,,,3.2 US dollars per day (based on PPP),Shygys Kazakhstan,KZVOS,0.6
2019,Percent,,,3.2 US dollars per day (based on PPP),Almaty city,KZALA,0.0
2019,Percent,,,5.5 US dollars per day (based on PPP),Akmola,KZAKM,6.2
2019,Percent,,,5.5 US dollars per day (based on PPP),Aktobe,KZAKT,4.5
2019,Percent,,,5.5 US dollars per day (based on PPP),Almaty,KZALM,3.0
2019,Percent,,,5.5 US dollars per day (based on PPP),Atyrau,KZATY,3.2
2019,Percent,,,5.5 US dollars per day (based on PPP),Batys Kazakhstan,KZZAP,7.3
2019,Percent,,,5.5 US dollars per day (based on PPP),Zhambyl,KZZHA,9.6
2019,Percent,,,5.5 US dollars per day (based on PPP),Karagandy,KZKAR,3.9
2019,Percent,,,5.5 US dollars per day (based on PPP),Kostanay,KZKUS,6.0
2019,Percent,,,5.5 US dollars per day (based on PPP),Kyzylorda,KZKZY,10.4
2019,Percent,,,5.5 US dollars per day (based on PPP),Mangistau,KZMAN,4.2
2019,Percent,,,5.5 US dollars per day (based on PPP),Pavlodar,KZPAV,6.4
2019,Percent,,,5.5 US dollars per day (based on PPP),Soltustik Kazakhstan,KZSEV,8.6
2019,Percent,,,5.5 US dollars per day (based on PPP),Turkistan,KZYUZ,15.3
2019,Percent,,,5.5 US dollars per day (based on PPP),Shygys Kazakhstan,KZVOS,7.9
2019,Percent,,,5.5 US dollars per day (based on PPP),Nur-Sultan city,KZNS,0.6
2019,Percent,,,5.5 US dollars per day (based on PPP),Almaty city,KZALA,2.4
2019,Percent,,,5.5 US dollars per day (based on PPP),Shymkent city,KZSHY,4.3
2019,Percent,,urban,1.9 US dollars per day (based on PPP),Karagandy,KZKAR,0.1
2019,Percent,,urban,3.2 US dollars per day (based on PPP),Akmola,KZAKM,0.4
2019,Percent,,urban,3.2 US dollars per day (based on PPP),Karagandy,KZKAR,0.5
2019,Percent,,urban,3.2 US dollars per day (based on PPP),Kostanay,KZKUS,0.4
2019,Percent,,urban,3.2 US dollars per day (based on PPP),Turkistan,KZYUZ,0.5
2019,Percent,,urban,3.2 US dollars per day (based on PPP),Almaty city,KZALA,0.0
2019,Percent,,urban,5.5 US dollars per day (based on PPP),Akmola,KZAKM,5.3
2019,Percent,,urban,5.5 US dollars per day (based on PPP),Aktobe,KZAKT,2.8
2019,Percent,,urban,5.5 US dollars per day (based on PPP),Almaty,KZALM,1.8
2019,Percent,,urban,5.5 US dollars per day (based on PPP),Atyrau,KZATY,0.8
2019,Percent,,urban,5.5 US dollars per day (based on PPP),Batys Kazakhstan,KZZAP,4.4
2019,Percent,,urban,5.5 US dollars per day (based on PPP),Zhambyl,KZZHA,5.0
2019,Percent,,urban,5.5 US dollars per day (based on PPP),Karagandy,KZKAR,3.4
2019,Percent,,urban,5.5 US dollars per day (based on PPP),Kostanay,KZKUS,3.6
2019,Percent,,urban,5.5 US dollars per day (based on PPP),Kyzylorda,KZKZY,9.2
2019,Percent,,urban,5.5 US dollars per day (based on PPP),Mangistau,KZMAN,0.4
2019,Percent,,urban,5.5 US dollars per day (based on PPP),Pavlodar,KZPAV,5.7
2019,Percent,,urban,5.5 US dollars per day (based on PPP),Soltustik Kazakhstan,KZSEV,6.6
2019,Percent,,urban,5.5 US dollars per day (based on PPP),Turkistan,KZYUZ,11.4
2019,Percent,,urban,5.5 US dollars per day (based on PPP),Shygys Kazakhstan,KZVOS,3.9
2019,Percent,,urban,5.5 US dollars per day (based on PPP),Nur-Sultan city,KZNS,0.6
2019,Percent,,urban,5.5 US dollars per day (based on PPP),Almaty city,KZALA,2.4
2019,Percent,,urban,5.5 US dollars per day (based on PPP),Shymkent city,KZSHY,4.3
2019,Percent,,rural,1.9 US dollars per day (based on PPP),Akmola,KZAKM,0.1
2019,Percent,,rural,3.2 US dollars per day (based on PPP),Akmola,KZAKM,0.9
2019,Percent,,rural,3.2 US dollars per day (based on PPP),Aktobe,KZAKT,0.7
2019,Percent,,rural,3.2 US dollars per day (based on PPP),Almaty,KZALM,0.2
2019,Percent,,rural,3.2 US dollars per day (based on PPP),Zhambyl,KZZHA,0.5
2019,Percent,,rural,3.2 US dollars per day (based on PPP),Karagandy,KZKAR,0.2
2019,Percent,,rural,3.2 US dollars per day (based on PPP),Kostanay,KZKUS,0.4
2019,Percent,,rural,3.2 US dollars per day (based on PPP),Kyzylorda,KZKZY,0.4
2019,Percent,,rural,3.2 US dollars per day (based on PPP),Pavlodar,KZPAV,0.5
2019,Percent,,rural,3.2 US dollars per day (based on PPP),Soltustik Kazakhstan,KZSEV,0.9
2019,Percent,,rural,3.2 US dollars per day (based on PPP),Turkistan,KZYUZ,0.1
2019,Percent,,rural,3.2 US dollars per day (based on PPP),Shygys Kazakhstan,KZVOS,1.5
2019,Percent,,rural,5.5 US dollars per day (based on PPP),Akmola,KZAKM,7.0
2019,Percent,,rural,5.5 US dollars per day (based on PPP),Aktobe,KZAKT,8.6
2019,Percent,,rural,5.5 US dollars per day (based on PPP),Almaty,KZALM,3.3
2019,Percent,,rural,5.5 US dollars per day (based on PPP),Atyrau,KZATY,5.9
2019,Percent,,rural,5.5 US dollars per day (based on PPP),Batys Kazakhstan,KZZAP,10.4
2019,Percent,,rural,5.5 US dollars per day (based on PPP),Zhambyl,KZZHA,12.6
2019,Percent,,rural,5.5 US dollars per day (based on PPP),Karagandy,KZKAR,5.9
2019,Percent,,rural,5.5 US dollars per day (based on PPP),Kostanay,KZKUS,8.9
2019,Percent,,rural,5.5 US dollars per day (based on PPP),Kyzylorda,KZKZY,11.3
2019,Percent,,rural,5.5 US dollars per day (based on PPP),Mangistau,KZMAN,6.7
2019,Percent,,rural,5.5 US dollars per day (based on PPP),Pavlodar,KZPAV,7.8
2019,Percent,,rural,5.5 US dollars per day (based on PPP),Soltustik Kazakhstan,KZSEV,10.3
2019,Percent,,rural,5.5 US dollars per day (based on PPP),Turkistan,KZYUZ,16.2
2019,Percent,,rural,5.5 US dollars per day (based on PPP),Shygys Kazakhstan,KZVOS,14.5
2020,Percent,,,3.2 US dollars per day (based on PPP),,,0.0
2020,Percent,,,5.5 US dollars per day (based on PPP),,,0.8
2020,Percent,Male,,3.2 US dollars per day (based on PPP),,,0.0
2020,Percent,Male,,5.5 US dollars per day (based on PPP),,,0.8
