Year,UNIT_MEASURE,SERIES,Regions,GeoCode,Value
2010,thousand of tenge,_L_KZ_010502_1A,,,1249382.0
2010,thousand of tenge,_L_KZ_010502_1A,Akmola,KZAKM,20000.0
2010,thousand of tenge,_L_KZ_010502_1A,Aktobe,KZAKT,5055.0
2010,thousand of tenge,_L_KZ_010502_1A,Almaty,KZALM,900.0
2010,thousand of tenge,_L_KZ_010502_1A,Atyrau,KZATY,0.0
2010,thousand of tenge,_L_KZ_010502_1AKZZAP,,,0.0
2010,thousand of tenge,_L_KZ_010502_1A,Zhambyl,KZZHA,60.8
2010,thousand of tenge,_L_KZ_010502_1A,Karagandy,KZKAR,11256.0
2010,thousand of tenge,_L_KZ_010502_1A,Kostanay,KZKUS,20900.0
2010,thousand of tenge,_L_KZ_010502_1A,Kyzylorda,KZKZY,4400.0
2010,thousand of tenge,_L_KZ_010502_1A,Mangistau,KZMAN,44918.2
2010,thousand of tenge,_L_KZ_010502_1A,Pavlodar,KZPAV,75492.0
2010,thousand of tenge,_L_KZ_010502_1A,Soltustik Kazakhstan,KZSEV,0.0
2010,thousand of tenge,_L_KZ_010502_1A,Turkistan,KZYUZ,61300.0
2010,thousand of tenge,_L_KZ_010502_1A,Shygys Kazakhstan,KZVOS,1005100.0
2010,thousand of tenge,_L_KZ_010502_1A,Astana city,KZNS,0.0
2010,thousand of tenge,_L_KZ_010502_1A,Almaty city,KZALA,0.0
2010,thousand of tenge,_L_KZ_010502_1A,Shymkent city,KZSHY,0.0
2010,thousand of tenge,_L_KZ_010502_1B,,,8334944.7
2010,thousand of tenge,_L_KZ_010502_1B,Akmola,KZAKM,4504.8
2010,thousand of tenge,_L_KZ_010502_1B,Almaty,KZALM,7900000.0
2010,thousand of tenge,_L_KZ_010502_1B,Atyrau,KZATY,0.0
2010,thousand of tenge,_L_KZ_010502_1B,Batys Kazakhstan,KZZAP,382700.6
2010,thousand of tenge,_L_KZ_010502_1B,Zhambyl,KZZHA,0.0
2010,thousand of tenge,_L_KZ_010502_1B,Karagandy,KZKAR,0.0
2010,thousand of tenge,_L_KZ_010502_1B,Kostanay,KZKUS,0.0
2010,thousand of tenge,_L_KZ_010502_1B,Kyzylorda,KZKZY,0.0
2010,thousand of tenge,_L_KZ_010502_1B,Mangistau,KZMAN,17139.3
2010,thousand of tenge,_L_KZ_010502_1B,Pavlodar,KZPAV,0.0
2010,thousand of tenge,_L_KZ_010502_1B,Soltustik Kazakhstan,KZSEV,0.0
2010,thousand of tenge,_L_KZ_010502_1B,Turkistan,KZYUZ,0.0
2010,thousand of tenge,_L_KZ_010502_1B,Shygys Kazakhstan,KZVOS,30600.0
2010,thousand of tenge,_L_KZ_010502_1B,Astana city,KZNS,0.0
2010,thousand of tenge,_L_KZ_010502_1B,Almaty city,KZALA,0.0
2010,thousand of tenge,_L_KZ_010502_1B,Shymkent city,KZSHY,0.0
2011,thousand of tenge,_L_KZ_010502_1A,,,325575.2
2011,thousand of tenge,_L_KZ_010502_1A,Akmola,KZAKM,578.3
2011,thousand of tenge,_L_KZ_010502_1A,Aktobe,KZAKT,0.0
2011,thousand of tenge,_L_KZ_010502_1A,Almaty,KZALM,280.0
2011,thousand of tenge,_L_KZ_010502_1A,Atyrau,KZATY,0.0
2011,thousand of tenge,_L_KZ_010502_1A,Batys Kazakhstan,KZZAP,0.0
2011,thousand of tenge,_L_KZ_010502_1A,Zhambyl,KZZHA,64.9
2011,thousand of tenge,_L_KZ_010502_1A,Karagandy,KZKAR,0.0
2011,thousand of tenge,_L_KZ_010502_1A,Kostanay,KZKUS,0.0
2011,thousand of tenge,_L_KZ_010502_1A,Kyzylorda,KZKZY,4500.0
2011,thousand of tenge,_L_KZ_010502_1A,Mangistau,KZMAN,120853.4
2011,thousand of tenge,_L_KZ_010502_1A,Pavlodar,KZPAV,91298.6
2011,thousand of tenge,_L_KZ_010502_1A,Soltustik Kazakhstan,KZSEV,0.0
2011,thousand of tenge,_L_KZ_010502_1A,Turkistan,KZYUZ,0.0
2011,thousand of tenge,_L_KZ_010502_1A,Shygys Kazakhstan,KZVOS,108000.0
2011,thousand of tenge,_L_KZ_010502_1A,Astana city,KZNS,0.0
2011,thousand of tenge,_L_KZ_010502_1A,Almaty city,KZALA,0.0
2011,thousand of tenge,_L_KZ_010502_1A,Shymkent city,KZSHY,0.0
2011,thousand of tenge,_L_KZ_010502_1B,,,949121.4
2011,thousand of tenge,_L_KZ_010502_1B,Akmola,KZAKM,0.0
2011,thousand of tenge,_L_KZ_010502_1B,Aktobe,KZAKT,0.0
2011,thousand of tenge,_L_KZ_010502_1B,Almaty,KZALM,367400.0
2011,thousand of tenge,_L_KZ_010502_1B,Atyrau,KZATY,0.0
2011,thousand of tenge,_L_KZ_010502_1B,Batys Kazakhstan,KZZAP,274747.9
2011,thousand of tenge,_L_KZ_010502_1B,Zhambyl,KZZHA,0.0
2011,thousand of tenge,_L_KZ_010502_1B,Karagandy,KZKAR,255073.5
2011,thousand of tenge,_L_KZ_010502_1B,Kostanay,KZKUS,0.0
2011,thousand of tenge,_L_KZ_010502_1B,Kyzylorda,KZKZY,0.0
2011,thousand of tenge,_L_KZ_010502_1B,Mangistau,KZMAN,0.0
2011,thousand of tenge,_L_KZ_010502_1B,Pavlodar,KZPAV,0.0
2011,thousand of tenge,_L_KZ_010502_1B,Soltustik Kazakhstan,KZSEV,0.0
2011,thousand of tenge,_L_KZ_010502_1B,Turkistan,KZYUZ,0.0
2011,thousand of tenge,_L_KZ_010502_1B,Shygys Kazakhstan,KZVOS,51900.0
2011,thousand of tenge,_L_KZ_010502_1B,Astana city,KZNS,0.0
2011,thousand of tenge,_L_KZ_010502_1B,Almaty city,KZALA,0.0
2011,thousand of tenge,_L_KZ_010502_1B,Shymkent city,KZSHY,0.0
2012,thousand of tenge,_L_KZ_010502_1A,,,1238491.2
2012,thousand of tenge,_L_KZ_010502_1A,Akmola,KZAKM,7579.2
2012,thousand of tenge,_L_KZ_010502_1A,Aktobe,KZAKT,2000.0
2012,thousand of tenge,_L_KZ_010502_1A,Almaty,KZALM,867.0
2012,thousand of tenge,_L_KZ_010502_1A,Atyrau,KZATY,0.0
2012,thousand of tenge,_L_KZ_010502_1A,Batys Kazakhstan,KZZAP,0.0
2012,thousand of tenge,_L_KZ_010502_1A,Zhambyl,KZZHA,55.5
2012,thousand of tenge,_L_KZ_010502_1A,Karagandy,KZKAR,74.0
2012,thousand of tenge,_L_KZ_010502_1A,Kostanay,KZKUS,20400.0
2012,thousand of tenge,_L_KZ_010502_1A,Kyzylorda,KZKZY,9700.0
2012,thousand of tenge,_L_KZ_010502_1A,Mangistau,KZMAN,34652.9
2012,thousand of tenge,_L_KZ_010502_1A,Pavlodar,KZPAV,76462.6
2012,thousand of tenge,_L_KZ_010502_1A,Soltustik Kazakhstan,KZSEV,0.0
2012,thousand of tenge,_L_KZ_010502_1A,Turkistan,KZYUZ,977400.0
2012,thousand of tenge,_L_KZ_010502_1A,Shygys Kazakhstan,KZVOS,109300.0
2012,thousand of tenge,_L_KZ_010502_1A,Astana city,KZNS,0.0
2012,thousand of tenge,_L_KZ_010502_1A,Almaty city,KZALA,0.0
2012,thousand of tenge,_L_KZ_010502_1A,Shymkent city,KZSHY,0.0
2012,thousand of tenge,_L_KZ_010502_1B,,,1484323.6
2012,thousand of tenge,_L_KZ_010502_1B,Akmola,KZAKM,57044.3
2012,thousand of tenge,_L_KZ_010502_1B,Aktobe,KZAKT,0.0
2012,thousand of tenge,_L_KZ_010502_1B,Almaty,KZALM,970900.0
2012,thousand of tenge,_L_KZ_010502_1B,Atyrau,KZATY,0.0
2012,thousand of tenge,_L_KZ_010502_1B,Batys Kazakhstan,KZZAP,407495.3
2012,thousand of tenge,_L_KZ_010502_1B,Zhambyl,KZZHA,0.0
2012,thousand of tenge,_L_KZ_010502_1B,Karagandy,KZKAR,14384.0
2012,thousand of tenge,_L_KZ_010502_1B,Kostanay,KZKUS,0.0
2012,thousand of tenge,_L_KZ_010502_1B,Kyzylorda,KZKZY,21500.0
2012,thousand of tenge,_L_KZ_010502_1B,Mangistau,KZMAN,0.0
2012,thousand of tenge,_L_KZ_010502_1B,Pavlodar,KZPAV,0.0
2012,thousand of tenge,_L_KZ_010502_1B,Soltustik Kazakhstan,KZSEV,0.0
2012,thousand of tenge,_L_KZ_010502_1B,Turkistan,KZYUZ,0.0
2012,thousand of tenge,_L_KZ_010502_1B,Shygys Kazakhstan,KZVOS,13000.0
2012,thousand of tenge,_L_KZ_010502_1B,Astana city,KZNS,0.0
2012,thousand of tenge,_L_KZ_010502_1B,Almaty city,KZALA,0.0
2012,thousand of tenge,_L_KZ_010502_1B,Shymkent city,KZSHY,0.0
2013,thousand of tenge,_L_KZ_010502_1A,,,385119.9
2013,thousand of tenge,_L_KZ_010502_1A,Akmola,KZAKM,56392.5
2013,thousand of tenge,_L_KZ_010502_1A,Aktobe,KZAKT,2000.0
2013,thousand of tenge,_L_KZ_010502_1A,Almaty,KZALM,1363.0
2013,thousand of tenge,_L_KZ_010502_1A,Atyrau,KZATY,0.0
2013,thousand of tenge,_L_KZ_010502_1A,Batys Kazakhstan,KZZAP,0.0
2013,thousand of tenge,_L_KZ_010502_1A,Zhambyl,KZZHA,59.3
2013,thousand of tenge,_L_KZ_010502_1A,Karagandy,KZKAR,3500.0
2013,thousand of tenge,_L_KZ_010502_1A,Kostanay,KZKUS,36800.0
2013,thousand of tenge,_L_KZ_010502_1A,Kyzylorda,KZKZY,93800.0
2013,thousand of tenge,_L_KZ_010502_1A,Mangistau,KZMAN,0.0
2013,thousand of tenge,_L_KZ_010502_1A,Pavlodar,KZPAV,138605.1
2013,thousand of tenge,_L_KZ_010502_1A,Soltustik Kazakhstan,KZSEV,0.0
2013,thousand of tenge,_L_KZ_010502_1A,Turkistan,KZYUZ,0.0
2013,thousand of tenge,_L_KZ_010502_1A,Shygys Kazakhstan,KZVOS,52600.0
2013,thousand of tenge,_L_KZ_010502_1A,Astana city,KZNS,0.0
2013,thousand of tenge,_L_KZ_010502_1A,Almaty city,KZALA,0.0
2013,thousand of tenge,_L_KZ_010502_1A,Shymkent city,KZSHY,0.0
2013,thousand of tenge,_L_KZ_010502_1B,,,1238029.8
2013,thousand of tenge,_L_KZ_010502_1B,Akmola,KZAKM,25791.0
2013,thousand of tenge,_L_KZ_010502_1B,Aktobe,KZAKT,0.0
2013,thousand of tenge,_L_KZ_010502_1B,Almaty,KZALM,927600.0
2013,thousand of tenge,_L_KZ_010502_1B,Atyrau,KZATY,0.0
2013,thousand of tenge,_L_KZ_010502_1B,Batys Kazakhstan,KZZAP,274838.8
2013,thousand of tenge,_L_KZ_010502_1B,Zhambyl,KZZHA,0.0
2013,thousand of tenge,_L_KZ_010502_1B,Karagandy,KZKAR,0.0
2013,thousand of tenge,_L_KZ_010502_1B,Kostanay,KZKUS,0.0
2013,thousand of tenge,_L_KZ_010502_1B,Kyzylorda,KZKZY,7600.0
2013,thousand of tenge,_L_KZ_010502_1B,Mangistau,KZMAN,0.0
2013,thousand of tenge,_L_KZ_010502_1B,Pavlodar,KZPAV,0.0
2013,thousand of tenge,_L_KZ_010502_1B,Soltustik Kazakhstan,KZSEV,0.0
2013,thousand of tenge,_L_KZ_010502_1B,Turkistan,KZYUZ,0.0
2013,thousand of tenge,_L_KZ_010502_1B,Shygys Kazakhstan,KZVOS,2200.0
2013,thousand of tenge,_L_KZ_010502_1B,Astana city,KZNS,0.0
2013,thousand of tenge,_L_KZ_010502_1B,Almaty city,KZALA,0.0
2013,thousand of tenge,_L_KZ_010502_1B,Shymkent city,KZSHY,0.0
2014,thousand of tenge,_L_KZ_010502_1A,,,759078.1
2014,thousand of tenge,_L_KZ_010502_1A,Akmola,KZAKM,34045.1
2014,thousand of tenge,_L_KZ_010502_1A,Aktobe,KZAKT,5000.0
2014,thousand of tenge,_L_KZ_010502_1A,Almaty,KZALM,6.0
2014,thousand of tenge,_L_KZ_010502_1A,Atyrau,KZATY,50686.2
2014,thousand of tenge,_L_KZ_010502_1A,Batys Kazakhstan,KZZAP,64357.8
2014,thousand of tenge,_L_KZ_010502_1A,Zhambyl,KZZHA,1.7
2014,thousand of tenge,_L_KZ_010502_1A,Karagandy,KZKAR,473901.0
2014,thousand of tenge,_L_KZ_010502_1A,Kostanay,KZKUS,1200.0
2014,thousand of tenge,_L_KZ_010502_1A,Kyzylorda,KZKZY,30886.0
2014,thousand of tenge,_L_KZ_010502_1A,Mangistau,KZMAN,0.0
2014,thousand of tenge,_L_KZ_010502_1A,Pavlodar,KZPAV,41893.1
2014,thousand of tenge,_L_KZ_010502_1A,Soltustik Kazakhstan,KZSEV,0.0
2014,thousand of tenge,_L_KZ_010502_1A,Turkistan,KZYUZ,0.0
2014,thousand of tenge,_L_KZ_010502_1A,Shygys Kazakhstan,KZVOS,56600.0
2014,thousand of tenge,_L_KZ_010502_1A,Astana city,KZNS,0.0
2014,thousand of tenge,_L_KZ_010502_1A,Almaty city,KZALA,0.0
2014,thousand of tenge,_L_KZ_010502_1A,Shymkent city,KZSHY,501.2
2014,thousand of tenge,_L_KZ_010502_1B,,,927084.0
2014,thousand of tenge,_L_KZ_010502_1B,Akmola,KZAKM,0.0
2014,thousand of tenge,_L_KZ_010502_1B,Aktobe,KZAKT,0.0
2014,thousand of tenge,_L_KZ_010502_1B,Almaty,KZALM,180100.0
2014,thousand of tenge,_L_KZ_010502_1B,Atyrau,KZATY,17274.4
2014,thousand of tenge,_L_KZ_010502_1B,Batys Kazakhstan,KZZAP,0.0
2014,thousand of tenge,_L_KZ_010502_1B,Zhambyl,KZZHA,121.6
2014,thousand of tenge,_L_KZ_010502_1B,Karagandy,KZKAR,12828.0
2014,thousand of tenge,_L_KZ_010502_1B,Kostanay,KZKUS,0.0
2014,thousand of tenge,_L_KZ_010502_1B,Kyzylorda,KZKZY,0.0
2014,thousand of tenge,_L_KZ_010502_1B,Mangistau,KZMAN,59980.0
2014,thousand of tenge,_L_KZ_010502_1B,Pavlodar,KZPAV,0.0
2014,thousand of tenge,_L_KZ_010502_1B,Soltustik Kazakhstan,KZSEV,118800.0
2014,thousand of tenge,_L_KZ_010502_1B,Turkistan,KZYUZ,0.0
2014,thousand of tenge,_L_KZ_010502_1B,Shygys Kazakhstan,KZVOS,14300.0
2014,thousand of tenge,_L_KZ_010502_1B,Astana city,KZNS,0.0
2014,thousand of tenge,_L_KZ_010502_1B,Almaty city,KZALA,125613.0
2014,thousand of tenge,_L_KZ_010502_1B,Shymkent city,KZSHY,398067.0
2015,thousand of tenge,_L_KZ_010502_1A,,,5053460.0
2015,thousand of tenge,_L_KZ_010502_1A,Akmola,KZAKM,14285.0
2015,thousand of tenge,_L_KZ_010502_1A,Aktobe,KZAKT,0.0
2015,thousand of tenge,_L_KZ_010502_1A,Almaty,KZALM,723568.0
2015,thousand of tenge,_L_KZ_010502_1A,Atyrau,KZATY,103683.7
2015,thousand of tenge,_L_KZ_010502_1A,Batys Kazakhstan,KZZAP,103906.8
2015,thousand of tenge,_L_KZ_010502_1A,Zhambyl,KZZHA,2.1
2015,thousand of tenge,_L_KZ_010502_1A,Karagandy,KZKAR,3765011.0
2015,thousand of tenge,_L_KZ_010502_1A,Kostanay,KZKUS,0.0
2015,thousand of tenge,_L_KZ_010502_1A,Kyzylorda,KZKZY,35182.0
2015,thousand of tenge,_L_KZ_010502_1A,Mangistau,KZMAN,10332.2
2015,thousand of tenge,_L_KZ_010502_1A,Pavlodar,KZPAV,71709.1
2015,thousand of tenge,_L_KZ_010502_1A,Soltustik Kazakhstan,KZSEV,0.1
2015,thousand of tenge,_L_KZ_010502_1A,Turkistan,KZYUZ,0.0
2015,thousand of tenge,_L_KZ_010502_1A,Shygys Kazakhstan,KZVOS,220900.0
2015,thousand of tenge,_L_KZ_010502_1A,Astana city,KZNS,4855.0
2015,thousand of tenge,_L_KZ_010502_1A,Almaty city,KZALA,0.0
2015,thousand of tenge,_L_KZ_010502_1A,Shymkent city,KZSHY,25.0
2015,thousand of tenge,_L_KZ_010502_1B,,,3656744.7
2015,thousand of tenge,_L_KZ_010502_1B,Akmola,KZAKM,0.0
2015,thousand of tenge,_L_KZ_010502_1B,Aktobe,KZAKT,0.0
2015,thousand of tenge,_L_KZ_010502_1B,Almaty,KZALM,64068.0
2015,thousand of tenge,_L_KZ_010502_1B,Atyrau,KZATY,114069.8
2015,thousand of tenge,_L_KZ_010502_1B,Batys Kazakhstan,KZZAP,0.0
2015,thousand of tenge,_L_KZ_010502_1B,Zhambyl,KZZHA,119.2
2015,thousand of tenge,_L_KZ_010502_1B,Karagandy,KZKAR,0.0
2015,thousand of tenge,_L_KZ_010502_1B,Kostanay,KZKUS,0.0
2015,thousand of tenge,_L_KZ_010502_1B,Kyzylorda,KZKZY,0.0
2015,thousand of tenge,_L_KZ_010502_1B,Mangistau,KZMAN,143826.0
2015,thousand of tenge,_L_KZ_010502_1B,Pavlodar,KZPAV,0.0
2015,thousand of tenge,_L_KZ_010502_1B,Soltustik Kazakhstan,KZSEV,129600.0
2015,thousand of tenge,_L_KZ_010502_1B,Turkistan,KZYUZ,0.0
2015,thousand of tenge,_L_KZ_010502_1B,Shygys Kazakhstan,KZVOS,25100.0
2015,thousand of tenge,_L_KZ_010502_1B,Astana city,KZNS,0.0
2015,thousand of tenge,_L_KZ_010502_1B,Almaty city,KZALA,3112242.7
2015,thousand of tenge,_L_KZ_010502_1B,Shymkent city,KZSHY,67719.0
2016,thousand of tenge,_L_KZ_010502_1A,,,1266829.0
2016,thousand of tenge,_L_KZ_010502_1A,Akmola,KZAKM,41496.0
2016,thousand of tenge,_L_KZ_010502_1A,Aktobe,KZAKT,13704.8
2016,thousand of tenge,_L_KZ_010502_1A,Almaty,KZALM,881939.0
2016,thousand of tenge,_L_KZ_010502_1A,Atyrau,KZATY,99505.4
2016,thousand of tenge,_L_KZ_010502_1A,Batys Kazakhstan,KZZAP,0.0
2016,thousand of tenge,_L_KZ_010502_1A,Zhambyl,KZZHA,1.3
2016,thousand of tenge,_L_KZ_010502_1A,Karagandy,KZKAR,12260.0
2016,thousand of tenge,_L_KZ_010502_1A,Kostanay,KZKUS,26500.0
2016,thousand of tenge,_L_KZ_010502_1A,Kyzylorda,KZKZY,62604.0
2016,thousand of tenge,_L_KZ_010502_1A,Mangistau,KZMAN,0.0
2016,thousand of tenge,_L_KZ_010502_1A,Pavlodar,KZPAV,38518.5
2016,thousand of tenge,_L_KZ_010502_1A,Soltustik Kazakhstan,KZSEV,0.0
2016,thousand of tenge,_L_KZ_010502_1A,Turkistan,KZYUZ,0.0
2016,thousand of tenge,_L_KZ_010502_1A,Shygys Kazakhstan,KZVOS,90300.0
2016,thousand of tenge,_L_KZ_010502_1A,Astana city,KZNS,0.0
2016,thousand of tenge,_L_KZ_010502_1A,Almaty city,KZALA,0.0
2016,thousand of tenge,_L_KZ_010502_1A,Shymkent city,KZSHY,0.0
2016,thousand of tenge,_L_KZ_010502_1B,,,3736174.0
2016,thousand of tenge,_L_KZ_010502_1B,Akmola,KZAKM,0.0
2016,thousand of tenge,_L_KZ_010502_1B,Aktobe,KZAKT,134695.5
2016,thousand of tenge,_L_KZ_010502_1B,Almaty,KZALM,4246.0
2016,thousand of tenge,_L_KZ_010502_1B,Atyrau,KZATY,145923.4
2016,thousand of tenge,_L_KZ_010502_1B,Batys Kazakhstan,KZZAP,4000.0
2016,thousand of tenge,_L_KZ_010502_1B,Zhambyl,KZZHA,110.9
2016,thousand of tenge,_L_KZ_010502_1B,Karagandy,KZKAR,0.0
2016,thousand of tenge,_L_KZ_010502_1B,Kostanay,KZKUS,0.0
2016,thousand of tenge,_L_KZ_010502_1B,Kyzylorda,KZKZY,0.0
2016,thousand of tenge,_L_KZ_010502_1B,Mangistau,KZMAN,58310.0
2016,thousand of tenge,_L_KZ_010502_1B,Pavlodar,KZPAV,0.0
2016,thousand of tenge,_L_KZ_010502_1B,Soltustik Kazakhstan,KZSEV,103300.0
2016,thousand of tenge,_L_KZ_010502_1B,Turkistan,KZYUZ,0.0
2016,thousand of tenge,_L_KZ_010502_1B,Shygys Kazakhstan,KZVOS,18900.0
2016,thousand of tenge,_L_KZ_010502_1B,Astana city,KZNS,0.0
2016,thousand of tenge,_L_KZ_010502_1B,Almaty city,KZALA,3266688.2
2016,thousand of tenge,_L_KZ_010502_1B,Shymkent city,KZSHY,0.0
2017,thousand of tenge,_L_KZ_010502_1A,,,2613906.9
2017,thousand of tenge,_L_KZ_010502_1A,Akmola,KZAKM,126663.1
2017,thousand of tenge,_L_KZ_010502_1A,Aktobe,KZAKT,315259.9
2017,thousand of tenge,_L_KZ_010502_1A,Almaty,KZALM,1213899.0
2017,thousand of tenge,_L_KZ_010502_1A,Atyrau,KZATY,4589.4
2017,thousand of tenge,_L_KZ_010502_1A,Batys Kazakhstan,KZZAP,77420.2
2017,thousand of tenge,_L_KZ_010502_1A,Zhambyl,KZZHA,17.9
2017,thousand of tenge,_L_KZ_010502_1A,Karagandy,KZKAR,162781.3
2017,thousand of tenge,_L_KZ_010502_1A,Kostanay,KZKUS,27200.0
2017,thousand of tenge,_L_KZ_010502_1A,Kyzylorda,KZKZY,72418.0
2017,thousand of tenge,_L_KZ_010502_1A,Mangistau,KZMAN,0.0
2017,thousand of tenge,_L_KZ_010502_1A,Pavlodar,KZPAV,503358.1
2017,thousand of tenge,_L_KZ_010502_1A,Soltustik Kazakhstan,KZSEV,2600.0
2017,thousand of tenge,_L_KZ_010502_1A,Turkistan,KZYUZ,100.0
2017,thousand of tenge,_L_KZ_010502_1A,Shygys Kazakhstan,KZVOS,107600.0
2017,thousand of tenge,_L_KZ_010502_1A,Astana city,KZNS,0.0
2017,thousand of tenge,_L_KZ_010502_1A,Almaty city,KZALA,0.0
2017,thousand of tenge,_L_KZ_010502_1A,Shymkent city,KZSHY,0.0
2017,thousand of tenge,_L_KZ_010502_1B,,,4826476.6
2017,thousand of tenge,_L_KZ_010502_1B,Akmola,KZAKM,0.0
2017,thousand of tenge,_L_KZ_010502_1B,Aktobe,KZAKT,0.0
2017,thousand of tenge,_L_KZ_010502_1B,Almaty,KZALM,58752.0
2017,thousand of tenge,_L_KZ_010502_1B,Atyrau,KZATY,0.0
2017,thousand of tenge,_L_KZ_010502_1B,Batys Kazakhstan,KZZAP,0.0
2017,thousand of tenge,_L_KZ_010502_1B,Zhambyl,KZZHA,93.3
2017,thousand of tenge,_L_KZ_010502_1B,Karagandy,KZKAR,1402.4
2017,thousand of tenge,_L_KZ_010502_1B,Kostanay,KZKUS,0.0
2017,thousand of tenge,_L_KZ_010502_1B,Kyzylorda,KZKZY,0.0
2017,thousand of tenge,_L_KZ_010502_1B,Mangistau,KZMAN,224205.0
2017,thousand of tenge,_L_KZ_010502_1B,Pavlodar,KZPAV,0.0
2017,thousand of tenge,_L_KZ_010502_1B,Soltustik Kazakhstan,KZSEV,87200.0
2017,thousand of tenge,_L_KZ_010502_1B,Turkistan,KZYUZ,0.0
2017,thousand of tenge,_L_KZ_010502_1B,Shygys Kazakhstan,KZVOS,51500.0
2017,thousand of tenge,_L_KZ_010502_1B,Astana city,KZNS,0.0
2017,thousand of tenge,_L_KZ_010502_1B,Almaty city,KZALA,4403323.9
2017,thousand of tenge,_L_KZ_010502_1B,Shymkent city,KZSHY,0.0
2018,thousand of tenge,_L_KZ_010502_1A,,,1219596.0
2018,thousand of tenge,_L_KZ_010502_1A,Akmola,KZAKM,143191.2
2018,thousand of tenge,_L_KZ_010502_1A,Aktobe,KZAKT,34530.4
2018,thousand of tenge,_L_KZ_010502_1A,Almaty,KZALM,674039.0
2018,thousand of tenge,_L_KZ_010502_1A,Atyrau,KZATY,0.0
2018,thousand of tenge,_L_KZ_010502_1A,Batys Kazakhstan,KZZAP,0.0
2018,thousand of tenge,_L_KZ_010502_1A,Zhambyl,KZZHA,71.7
2018,thousand of tenge,_L_KZ_010502_1A,Karagandy,KZKAR,21981.0
2018,thousand of tenge,_L_KZ_010502_1A,Kostanay,KZKUS,48704.0
2018,thousand of tenge,_L_KZ_010502_1A,Kyzylorda,KZKZY,60881.0
2018,thousand of tenge,_L_KZ_010502_1A,Mangistau,KZMAN,0.0
2018,thousand of tenge,_L_KZ_010502_1A,Pavlodar,KZPAV,47217.7
2018,thousand of tenge,_L_KZ_010502_1A,Soltustik Kazakhstan,KZSEV,1500.0
2018,thousand of tenge,_L_KZ_010502_1A,Turkistan,KZYUZ,0.0
2018,thousand of tenge,_L_KZ_010502_1A,Shygys Kazakhstan,KZVOS,187480.0
2018,thousand of tenge,_L_KZ_010502_1A,Astana city,KZNS,0.0
2018,thousand of tenge,_L_KZ_010502_1A,Almaty city,KZALA,0.0
2018,thousand of tenge,_L_KZ_010502_1A,Shymkent city,KZSHY,0.0
2018,thousand of tenge,_L_KZ_010502_1B,,,4014984.1
2018,thousand of tenge,_L_KZ_010502_1B,Akmola,KZAKM,338700.0
2018,thousand of tenge,_L_KZ_010502_1B,Aktobe,KZAKT,5971.0
2018,thousand of tenge,_L_KZ_010502_1B,Almaty,KZALM,7309.0
2018,thousand of tenge,_L_KZ_010502_1B,Atyrau,KZATY,154154.3
2018,thousand of tenge,_L_KZ_010502_1B,Batys Kazakhstan,KZZAP,0.0
2018,thousand of tenge,_L_KZ_010502_1B,Zhambyl,KZZHA,85.5
2018,thousand of tenge,_L_KZ_010502_1B,Karagandy,KZKAR,295447.0
2018,thousand of tenge,_L_KZ_010502_1B,Kostanay,KZKUS,0.0
2018,thousand of tenge,_L_KZ_010502_1B,Kyzylorda,KZKZY,308500.0
2018,thousand of tenge,_L_KZ_010502_1B,Mangistau,KZMAN,39400.0
2018,thousand of tenge,_L_KZ_010502_1B,Pavlodar,KZPAV,75620.3
2018,thousand of tenge,_L_KZ_010502_1B,Soltustik Kazakhstan,KZSEV,101200.0
2018,thousand of tenge,_L_KZ_010502_1B,Turkistan,KZYUZ,0.0
2018,thousand of tenge,_L_KZ_010502_1B,Shygys Kazakhstan,KZVOS,0.0
2018,thousand of tenge,_L_KZ_010502_1B,Astana city,KZNS,0.0
2018,thousand of tenge,_L_KZ_010502_1B,Almaty city,KZALA,2688597.0
2018,thousand of tenge,_L_KZ_010502_1B,Shymkent city,KZSHY,0.0
2019,thousand of tenge,_L_KZ_010502_1A,,,1190605.2
2019,thousand of tenge,_L_KZ_010502_1A,Akmola,KZAKM,0.0
2019,thousand of tenge,_L_KZ_010502_1A,Aktobe,KZAKT,699.5
2019,thousand of tenge,_L_KZ_010502_1A,Almaty,KZALM,487687.0
2019,thousand of tenge,_L_KZ_010502_1A,Atyrau,KZATY,0.0
2019,thousand of tenge,_L_KZ_010502_1A,Batys Kazakhstan,KZZAP,464678.1
2019,thousand of tenge,_L_KZ_010502_1A,Zhambyl,KZZHA,21.0
2019,thousand of tenge,_L_KZ_010502_1A,Karagandy,KZKAR,61401.5
2019,thousand of tenge,_L_KZ_010502_1A,Kostanay,KZKUS,35377.9
2019,thousand of tenge,_L_KZ_010502_1A,Kyzylorda,KZKZY,38342.0
2019,thousand of tenge,_L_KZ_010502_1A,Mangistau,KZMAN,0.0
2019,thousand of tenge,_L_KZ_010502_1A,Pavlodar,KZPAV,0.0
2019,thousand of tenge,_L_KZ_010502_1A,Soltustik Kazakhstan,KZSEV,1000.0
2019,thousand of tenge,_L_KZ_010502_1A,Turkistan,KZYUZ,0.0
2019,thousand of tenge,_L_KZ_010502_1A,Shygys Kazakhstan,KZVOS,101398.2
2019,thousand of tenge,_L_KZ_010502_1A,Astana city,KZNS,0.0
2019,thousand of tenge,_L_KZ_010502_1A,Almaty city,KZALA,0.0
2019,thousand of tenge,_L_KZ_010502_1A,Shymkent city,KZSHY,0.0
2019,thousand of tenge,_L_KZ_010502_1B,,,5353189.7
2019,thousand of tenge,_L_KZ_010502_1B,Akmola,KZAKM,0.0
2019,thousand of tenge,_L_KZ_010502_1B,Aktobe,KZAKT,10000.0
2019,thousand of tenge,_L_KZ_010502_1B,Almaty,KZALM,62492.0
2019,thousand of tenge,_L_KZ_010502_1B,Atyrau,KZATY,0.0
2019,thousand of tenge,_L_KZ_010502_1B,Batys Kazakhstan,KZZAP,6950.0
2019,thousand of tenge,_L_KZ_010502_1B,Zhambyl,KZZHA,78.9
2019,thousand of tenge,_L_KZ_010502_1B,Karagandy,KZKAR,19100.4
2019,thousand of tenge,_L_KZ_010502_1B,Kostanay,KZKUS,0.0
2019,thousand of tenge,_L_KZ_010502_1B,Kyzylorda,KZKZY,38064.0
2019,thousand of tenge,_L_KZ_010502_1B,Mangistau,KZMAN,0.0
2019,thousand of tenge,_L_KZ_010502_1B,Pavlodar,KZPAV,478779.1
2019,thousand of tenge,_L_KZ_010502_1B,Soltustik Kazakhstan,KZSEV,0.0
2019,thousand of tenge,_L_KZ_010502_1B,Turkistan,KZYUZ,120000.0
2019,thousand of tenge,_L_KZ_010502_1B,Shygys Kazakhstan,KZVOS,56876.0
2019,thousand of tenge,_L_KZ_010502_1B,Astana city,KZNS,0.0
2019,thousand of tenge,_L_KZ_010502_1B,Almaty city,KZALA,3526720.3
2019,thousand of tenge,_L_KZ_010502_1B,Shymkent city,KZSHY,1034129.0
2020,thousand of tenge,_L_KZ_010502_1A,,,7408195.5
2020,thousand of tenge,_L_KZ_010502_1A,Akmola,KZAKM,565149.2
2020,thousand of tenge,_L_KZ_010502_1A,Aktobe,KZAKT,0.0
2020,thousand of tenge,_L_KZ_010502_1A,Almaty,KZALM,1006824.0
2020,thousand of tenge,_L_KZ_010502_1A,Atyrau,KZATY,0.0
2020,thousand of tenge,_L_KZ_010502_1A,Batys Kazakhstan,KZZAP,19241.8
2020,thousand of tenge,_L_KZ_010502_1A,Zhambyl,KZZHA,0.0
2020,thousand of tenge,_L_KZ_010502_1A,Karagandy,KZKAR,50781.5
2020,thousand of tenge,_L_KZ_010502_1A,Kostanay,KZKUS,508056.5
2020,thousand of tenge,_L_KZ_010502_1A,Kyzylorda,KZKZY,0.0
2020,thousand of tenge,_L_KZ_010502_1A,Mangistau,KZMAN,0.0
2020,thousand of tenge,_L_KZ_010502_1A,Pavlodar,KZPAV,0.0
2020,thousand of tenge,_L_KZ_010502_1A,Soltustik Kazakhstan,KZSEV,193492.9
2020,thousand of tenge,_L_KZ_010502_1A,Turkistan,KZYUZ,348687.0
2020,thousand of tenge,_L_KZ_010502_1A,Shygys Kazakhstan,KZVOS,486711.6
2020,thousand of tenge,_L_KZ_010502_1A,Astana city,KZNS,2256052.9
2020,thousand of tenge,_L_KZ_010502_1A,Almaty city,KZALA,1687618.1
2020,thousand of tenge,_L_KZ_010502_1A,Shymkent city,KZSHY,285580.0
2020,thousand of tenge,_L_KZ_010502_1B,,,1979722.4
2020,thousand of tenge,_L_KZ_010502_1B,Akmola,KZAKM,0.0
2020,thousand of tenge,_L_KZ_010502_1B,Aktobe,KZAKT,0.0
2020,thousand of tenge,_L_KZ_010502_1B,Almaty,KZALM,88336.0
2020,thousand of tenge,_L_KZ_010502_1B,Atyrau,KZATY,900747.8
2020,thousand of tenge,_L_KZ_010502_1B,Batys Kazakhstan,KZZAP,0.0
2020,thousand of tenge,_L_KZ_010502_1B,Zhambyl,KZZHA,260369.6
2020,thousand of tenge,_L_KZ_010502_1B,Karagandy,KZKAR,0.0
2020,thousand of tenge,_L_KZ_010502_1B,Kostanay,KZKUS,0.0
2020,thousand of tenge,_L_KZ_010502_1B,Kyzylorda,KZKZY,0.0
2020,thousand of tenge,_L_KZ_010502_1B,Mangistau,KZMAN,0.0
2020,thousand of tenge,_L_KZ_010502_1B,Pavlodar,KZPAV,0.0
2020,thousand of tenge,_L_KZ_010502_1B,Soltustik Kazakhstan,KZSEV,0.0
2020,thousand of tenge,_L_KZ_010502_1B,Turkistan,KZYUZ,108282.0
2020,thousand of tenge,_L_KZ_010502_1B,Shygys Kazakhstan,KZVOS,32120.4
2020,thousand of tenge,_L_KZ_010502_1B,Astana city,KZNS,0.0
2020,thousand of tenge,_L_KZ_010502_1B,Almaty city,KZALA,589866.6
2020,thousand of tenge,_L_KZ_010502_1B,Shymkent city,KZSHY,0.0
2021,thousand of tenge,_L_KZ_010502_1A,,,7335470.9
2021,thousand of tenge,_L_KZ_010502_1A,Akmola,KZAKM,621077.3
2021,thousand of tenge,_L_KZ_010502_1A,Aktobe,KZAKT,0.0
2021,thousand of tenge,_L_KZ_010502_1A,Almaty,KZALM,595676.9
2021,thousand of tenge,_L_KZ_010502_1A,Atyrau,KZATY,2800.0
2021,thousand of tenge,_L_KZ_010502_1A,Batys Kazakhstan,KZZAP,313357.6
2021,thousand of tenge,_L_KZ_010502_1A,Zhambyl,KZZHA,300460.9
2021,thousand of tenge,_L_KZ_010502_1A,Karagandy,KZKAR,457892.1
2021,thousand of tenge,_L_KZ_010502_1A,Kostanay,KZKUS,51812.7
2021,thousand of tenge,_L_KZ_010502_1A,Kyzylorda,KZKZY,244769.9
2021,thousand of tenge,_L_KZ_010502_1A,Mangistau,KZMAN,0.0
2021,thousand of tenge,_L_KZ_010502_1A,Pavlodar,KZPAV,0.0
2021,thousand of tenge,_L_KZ_010502_1A,Soltustik Kazakhstan,KZSEV,35164.8
2021,thousand of tenge,_L_KZ_010502_1A,Turkistan,KZYUZ,270802.0
2021,thousand of tenge,_L_KZ_010502_1A,Shygys Kazakhstan,KZVOS,134418.0
2021,thousand of tenge,_L_KZ_010502_1A,Astana city,KZNS,0.0
2021,thousand of tenge,_L_KZ_010502_1A,Almaty city,KZALA,4307238.7
2021,thousand of tenge,_L_KZ_010502_1A,Shymkent city,KZSHY,0.0
2021,thousand of tenge,_L_KZ_010502_1B,,,2531987.2
2021,thousand of tenge,_L_KZ_010502_1B,Akmola,KZAKM,0.0
2021,thousand of tenge,_L_KZ_010502_1B,Aktobe,KZAKT,0.0
2021,thousand of tenge,_L_KZ_010502_1B,Almaty,KZALM,0.0
2021,thousand of tenge,_L_KZ_010502_1B,Atyrau,KZATY,0.0
2021,thousand of tenge,_L_KZ_010502_1B,Batys Kazakhstan,KZZAP,26706.5
2021,thousand of tenge,_L_KZ_010502_1B,Zhambyl,KZZHA,41969.6
2021,thousand of tenge,_L_KZ_010502_1B,Karagandy,KZKAR,26035.0
2021,thousand of tenge,_L_KZ_010502_1B,Kostanay,KZKUS,0.0
2021,thousand of tenge,_L_KZ_010502_1B,Kyzylorda,KZKZY,0.0
2021,thousand of tenge,_L_KZ_010502_1B,Mangistau,KZMAN,0.0
2021,thousand of tenge,_L_KZ_010502_1B,Pavlodar,KZPAV,1458.0
2021,thousand of tenge,_L_KZ_010502_1B,Soltustik Kazakhstan,KZSEV,80980.1
2021,thousand of tenge,_L_KZ_010502_1B,Turkistan,KZYUZ,55300.0
2021,thousand of tenge,_L_KZ_010502_1B,Shygys Kazakhstan,KZVOS,29142.0
2021,thousand of tenge,_L_KZ_010502_1B,Astana city,KZNS,0.0
2021,thousand of tenge,_L_KZ_010502_1B,Almaty city,KZALA,1897224.3
2021,thousand of tenge,_L_KZ_010502_1B,Shymkent city,KZSHY,373171.7
2022,thousand of tenge,_L_KZ_010502_1A,,,16433075.2
2022,thousand of tenge,_L_KZ_010502_1A,Abai,KZABY,783379.4
2022,thousand of tenge,_L_KZ_010502_1A,Akmola,KZAKM,60534.3
2022,thousand of tenge,_L_KZ_010502_1A,Aktobe,KZAKT,1020331.5
2022,thousand of tenge,_L_KZ_010502_1A,Almaty,KZALM,266769.0
2022,thousand of tenge,_L_KZ_010502_1A,Atyrau,KZATY,334914.0
2022,thousand of tenge,_L_KZ_010502_1A,Batys Kazakhstan,KZZAP,1054607.4
2022,thousand of tenge,_L_KZ_010502_1A,Zhambyl,KZZHA,141218.0
2022,thousand of tenge,_L_KZ_010502_1A,Zhetisu,KZZHS,244716.7
2022,thousand of tenge,_L_KZ_010502_1A,Karagandy,KZKAR,156206.6
2022,thousand of tenge,_L_KZ_010502_1A,Kostanay,KZKUS,631204.5
2022,thousand of tenge,_L_KZ_010502_1A,Kyzylorda,KZKZY,30698.4
2022,thousand of tenge,_L_KZ_010502_1A,Mangistau,KZMAN,3893.3
2022,thousand of tenge,_L_KZ_010502_1A,Pavlodar,KZPAV,491405.4
2022,thousand of tenge,_L_KZ_010502_1A,Soltustik Kazakhstan,KZSEV,48080.1
2022,thousand of tenge,_L_KZ_010502_1A,Turkistan,KZYUZ,1860077.3
2022,thousand of tenge,_L_KZ_010502_1A,Ulytau,KZULU,53388.4
2022,thousand of tenge,_L_KZ_010502_1A,Shygys Kazakhstan,KZVOS,109849.2
2022,thousand of tenge,_L_KZ_010502_1A,Almaty city,KZALA,9141801.7
2022,thousand of tenge,_L_KZ_010502_1B,,,29195289.3
2022,thousand of tenge,_L_KZ_010502_1B,Abai,KZABY,26890766.8
2022,thousand of tenge,_L_KZ_010502_1B,Almaty,KZALM,333447.0
2022,thousand of tenge,_L_KZ_010502_1B,Batys Kazakhstan,KZZAP,43610.8
2022,thousand of tenge,_L_KZ_010502_1B,Zhambyl,KZZHA,491873.3
2022,thousand of tenge,_L_KZ_010502_1B,Zhetisu,KZZHS,249342.4
2022,thousand of tenge,_L_KZ_010502_1B,Karagandy,KZKAR,81985.9
2022,thousand of tenge,_L_KZ_010502_1B,Kyzylorda,KZKZY,332261.0
2022,thousand of tenge,_L_KZ_010502_1B,Pavlodar,KZPAV,321796.1
2022,thousand of tenge,_L_KZ_010502_1B,Ulytau,KZULU,16033.0
2022,thousand of tenge,_L_KZ_010502_1B,Shygys Kazakhstan,KZVOS,269319.2
2022,thousand of tenge,_L_KZ_010502_1B,Almaty city,KZALA,164853.8
2023,thousand of tenge,_L_KZ_010502_1A,,,16778361.5
2023,thousand of tenge,_L_KZ_010502_1A,Abai,KZABY,71020.6
2023,thousand of tenge,_L_KZ_010502_1A,Akmola,KZAKM,192490.1
2023,thousand of tenge,_L_KZ_010502_1A,Aktobe,KZAKT,6708704.8
2023,thousand of tenge,_L_KZ_010502_1A,Zhambyl,KZZHA,903983.3
2023,thousand of tenge,_L_KZ_010502_1A,Zhetisu,KZZHS,526088.4
2023,thousand of tenge,_L_KZ_010502_1A,Karagandy,KZKAR,1151618.2
2023,thousand of tenge,_L_KZ_010502_1A,Kostanay,KZKUS,403317.0
2023,thousand of tenge,_L_KZ_010502_1A,Kyzylorda,KZKZY,223357.6
2023,thousand of tenge,_L_KZ_010502_1A,Pavlodar,KZPAV,1074471.9
2023,thousand of tenge,_L_KZ_010502_1A,Turkistan,KZYUZ,174171.0
2023,thousand of tenge,_L_KZ_010502_1A,Ulytau,KZULU,106643.8
2023,thousand of tenge,_L_KZ_010502_1A,Shygys Kazakhstan,KZVOS,134986.6
2023,thousand of tenge,_L_KZ_010502_1A,Almaty city,KZALA,5107508.2
2023,thousand of tenge,_L_KZ_010502_1B,,,5948765.2
2023,thousand of tenge,_L_KZ_010502_1B,Abai,KZABY,40000.0
2023,thousand of tenge,_L_KZ_010502_1B,Akmola,KZAKM,8328.6
2023,thousand of tenge,_L_KZ_010502_1B,Atyrau,KZATY,86203.7
2023,thousand of tenge,_L_KZ_010502_1B,Zhambyl,KZZHA,92248.5
2023,thousand of tenge,_L_KZ_010502_1B,Karagandy,KZKAR,225604.2
2023,thousand of tenge,_L_KZ_010502_1B,Pavlodar,KZPAV,179065.7
2023,thousand of tenge,_L_KZ_010502_1B,Ulytau,KZULU,59907.0
2023,thousand of tenge,_L_KZ_010502_1B,Shygys Kazakhstan,KZVOS,1274149.8
2023,thousand of tenge,_L_KZ_010502_1B,Almaty city,KZALA,3983257.7
