Year,UNIT_MEASURE,Государственные расходы,Value
2010,Percent,,12.879391290466549
2010,Percent,Образование,15.032089223853678
2010,Percent,Здравоохранение,10.660044936937348
2010,Percent,Социальная помощь и социальное обеспечение,17.38849914962006
2010,Percent,"Культура, спорт, туризм и информационное пространство",4.674086755666627
2011,Percent,,10.970942137064547
2011,Percent,Образование,16.23256845259948
2011,Percent,Здравоохранение,9.975881694668445
2011,Percent,Социальная помощь и социальное обеспечение,18.064847120379625
2011,Percent,"Культура, спорт, туризм и информационное пространство",3.8300772837431136
2012,Percent,,11.271790081687811
2012,Percent,Образование,17.07888868536047
2012,Percent,Здравоохранение,10.319878786139665
2012,Percent,Социальная помощь и социальное обеспечение,17.48680903801979
2012,Percent,"Культура, спорт, туризм и информационное пространство",3.3915565940129597
2013,Percent,,10.43330055387468
2013,Percent,Образование,16.568206430718003
2013,Percent,Здравоохранение,10.647535033998697
2013,Percent,Социальная помощь и социальное обеспечение,18.48133051393149
2013,Percent,"Культура, спорт, туризм и информационное пространство",3.463042162946373
2014,Percent,,10.152958581524668
2014,Percent,Образование,15.424364985315778
2014,Percent,Здравоохранение,9.748240132586089
2014,Percent,Социальная помощь и социальное обеспечение,17.79149989467833
2014,Percent,"Культура, спорт, туризм и информационное пространство",3.37623205254963
2015,Percent,,10.386638926724082
2015,Percent,Образование,15.258626583138971
2015,Percent,Здравоохранение,9.65698792538526
2015,Percent,Социальная помощь и социальное обеспечение,19.26925098648875
2015,Percent,"Культура, спорт, туризм и информационное пространство",3.283921876906349
2016,Percent,,10.747463290098189
2016,Percent,Образование,15.931042556063163
2016,Percent,Здравоохранение,9.895937099282245
2016,Percent,Социальная помощь и социальное обеспечение,19.113938565429027
2016,Percent,"Культура, спорт, туризм и информационное пространство",3.1091632412556818
2017,Percent,,10.697367054408646
2017,Percent,Образование,13.635310645432458
2017,Percent,Здравоохранение,8.343091441308449
2017,Percent,Социальная помощь и социальное обеспечение,17.07748057738184
2017,Percent,"Культура, спорт, туризм и информационное пространство",2.946921260688909
2018,Percent,,10.760017273646314
2018,Percent,Образование,15.860502347640647
2018,Percent,Здравоохранение,9.549610680038718
2018,Percent,Социальная помощь и социальное обеспечение,22.41523862222382
2018,Percent,"Культура, спорт, туризм и информационное пространство",3.656790741491672
2019,Percent,,11.155350942031436
2019,Percent,Образование,15.593223681390448
2019,Percent,Здравоохранение,8.637585927722132
2019,Percent,Социальная помощь и социальное обеспечение,23.19304499666612
2019,Percent,"Культура, спорт, туризм и информационное пространство",3.0504011577207844
