Year,UNIT_MEASURE,SERIES,Regions,Value
2010,thousands hectares,_L_KZ_150201_1A,,12317.8
2010,thousands hectares,_L_KZ_150201_1A,Akmola,373.7
2010,thousands hectares,_L_KZ_150201_1A,Aktobe,47.3
2010,thousands hectares,_L_KZ_150201_1A,Almaty,1797.6
2010,thousands hectares,_L_KZ_150201_1A,Atyrau,15.8
2010,thousands hectares,_L_KZ_150201_1A,Batys Kazakhstan,103.3
2010,thousands hectares,_L_KZ_150201_1A,Zhambyl,2213.6
2010,thousands hectares,_L_KZ_150201_1A,Karagandy,155.4
2010,thousands hectares,_L_KZ_150201_1A,Kostanay,222.4
2010,thousands hectares,_L_KZ_150201_1A,Kyzylorda,3094.7
2010,thousands hectares,_L_KZ_150201_1A,Mangistau,122.7
2010,thousands hectares,_L_KZ_150201_1A,Pavlodar,247.0
2010,thousands hectares,_L_KZ_150201_1A,Soltustik Kazakhstan,530.2
2010,thousands hectares,_L_KZ_150201_1A,Turkistan,1603.4
2010,thousands hectares,_L_KZ_150201_1A,Shygys Kazakhstan,1800.8
2010,M_METER3,Above-ground biomass in forest (tonnes) [15.2.1],,380.7
2010,M_METER3,Above-ground biomass in forest (tonnes) [15.2.1],Akmola,42.7
2010,M_METER3,Above-ground biomass in forest (tonnes) [15.2.1],Aktobe,1.0
2010,M_METER3,Above-ground biomass in forest (tonnes) [15.2.1],Almaty,38.7
2010,M_METER3,Above-ground biomass in forest (tonnes) [15.2.1],Atyrau,0.5
2010,M_METER3,Above-ground biomass in forest (tonnes) [15.2.1],Batys Kazakhstan,8.0
2010,M_METER3,Above-ground biomass in forest (tonnes) [15.2.1],Zhambyl,3.4
2010,M_METER3,Above-ground biomass in forest (tonnes) [15.2.1],Karagandy,4.6
2010,M_METER3,Above-ground biomass in forest (tonnes) [15.2.1],Kostanay,16.5
2010,M_METER3,Above-ground biomass in forest (tonnes) [15.2.1],Kyzylorda,6.0
2010,M_METER3,Above-ground biomass in forest (tonnes) [15.2.1],Mangistau,0.1
2010,M_METER3,Above-ground biomass in forest (tonnes) [15.2.1],Pavlodar,26.6
2010,M_METER3,Above-ground biomass in forest (tonnes) [15.2.1],Soltustik Kazakhstan,54.4
2010,M_METER3,Above-ground biomass in forest (tonnes) [15.2.1],Turkistan,3.1
2010,M_METER3,Above-ground biomass in forest (tonnes) [15.2.1],Shygys Kazakhstan,175.1
2010,Percent,_L_KZ_150201_1B,,24.0
2010,Percent,_L_KZ_150201_1B,Akmola,-6.4
2010,Percent,_L_KZ_150201_1B,Aktobe,-0.2
2010,Percent,_L_KZ_150201_1B,Almaty,-0.6
2010,Percent,_L_KZ_150201_1B,Atyrau,0.0
2010,Percent,_L_KZ_150201_1B,Batys Kazakhstan,1.6
2010,Percent,_L_KZ_150201_1B,Zhambyl,2.9
2010,Percent,_L_KZ_150201_1B,Karagandy,10.4
2010,Percent,_L_KZ_150201_1B,Kostanay,7.2
2010,Percent,_L_KZ_150201_1B,Kyzylorda,3.8
2010,Percent,_L_KZ_150201_1B,Mangistau,0.0
2010,Percent,_L_KZ_150201_1B,Pavlodar,1.1
2010,Percent,_L_KZ_150201_1B,Soltustik Kazakhstan,-0.2
2010,Percent,_L_KZ_150201_1B,Turkistan,4.2
2010,Percent,_L_KZ_150201_1B,Shygys Kazakhstan,0.3
2010,thousands hectares,Proportion of forest area within legally established protected areas [15.2.1],,100.0
2010,thousands hectares,Proportion of forest area within legally established protected areas [15.2.1],Akmola,7.0
2010,thousands hectares,Proportion of forest area within legally established protected areas [15.2.1],Aktobe,0.0
2010,thousands hectares,Proportion of forest area within legally established protected areas [15.2.1],Almaty,13.0
2010,thousands hectares,Proportion of forest area within legally established protected areas [15.2.1],Atyrau,0.0
2010,thousands hectares,Proportion of forest area within legally established protected areas [15.2.1],Batys Kazakhstan,0.0
2010,thousands hectares,Proportion of forest area within legally established protected areas [15.2.1],Zhambyl,0.0
2010,thousands hectares,Proportion of forest area within legally established protected areas [15.2.1],Karagandy,4.0
2010,thousands hectares,Proportion of forest area within legally established protected areas [15.2.1],Kostanay,0.0
2010,thousands hectares,Proportion of forest area within legally established protected areas [15.2.1],Kyzylorda,3.0
2010,thousands hectares,Proportion of forest area within legally established protected areas [15.2.1],Mangistau,0.0
2010,thousands hectares,Proportion of forest area within legally established protected areas [15.2.1],Pavlodar,12.0
2010,thousands hectares,Proportion of forest area within legally established protected areas [15.2.1],Soltustik Kazakhstan,8.0
2010,thousands hectares,Proportion of forest area within legally established protected areas [15.2.1],Turkistan,4.0
2010,thousands hectares,Proportion of forest area within legally established protected areas [15.2.1],Shygys Kazakhstan,49.0
2010,thousands hectares,Proportion of forest area with a long-term management plan [15.2.1],,12317.8
2010,thousands hectares,Proportion of forest area with a long-term management plan [15.2.1],Akmola,373.7
2010,thousands hectares,Proportion of forest area with a long-term management plan [15.2.1],Aktobe,47.3
2010,thousands hectares,Proportion of forest area with a long-term management plan [15.2.1],Almaty,1797.6
2010,thousands hectares,Proportion of forest area with a long-term management plan [15.2.1],Atyrau,15.8
2010,thousands hectares,Proportion of forest area with a long-term management plan [15.2.1],Batys Kazakhstan,103.3
2010,thousands hectares,Proportion of forest area with a long-term management plan [15.2.1],Zhambyl,2213.6
2010,thousands hectares,Proportion of forest area with a long-term management plan [15.2.1],Karagandy,155.4
2010,thousands hectares,Proportion of forest area with a long-term management plan [15.2.1],Kostanay,222.4
2010,thousands hectares,Proportion of forest area with a long-term management plan [15.2.1],Kyzylorda,3094.7
2010,thousands hectares,Proportion of forest area with a long-term management plan [15.2.1],Mangistau,122.7
2010,thousands hectares,Proportion of forest area with a long-term management plan [15.2.1],Pavlodar,247.0
2010,thousands hectares,Proportion of forest area with a long-term management plan [15.2.1],Soltustik Kazakhstan,530.2
2010,thousands hectares,Proportion of forest area with a long-term management plan [15.2.1],Turkistan,1603.4
2010,thousands hectares,Proportion of forest area with a long-term management plan [15.2.1],Shygys Kazakhstan,1800.8
2011,thousands hectares,_L_KZ_150201_1A,,12452.0
2011,thousands hectares,_L_KZ_150201_1A,Akmola,378.6
2011,thousands hectares,_L_KZ_150201_1A,Aktobe,47.2
2011,thousands hectares,_L_KZ_150201_1A,Almaty,1850.9
2011,thousands hectares,_L_KZ_150201_1A,Atyrau,15.8
2011,thousands hectares,_L_KZ_150201_1A,Batys Kazakhstan,104.6
2011,thousands hectares,_L_KZ_150201_1A,Zhambyl,2219.6
2011,thousands hectares,_L_KZ_150201_1A,Karagandy,155.4
2011,thousands hectares,_L_KZ_150201_1A,Kostanay,223.7
2011,thousands hectares,_L_KZ_150201_1A,Kyzylorda,3088.2
2011,thousands hectares,_L_KZ_150201_1A,Mangistau,122.8
2011,thousands hectares,_L_KZ_150201_1A,Pavlodar,249.9
2011,thousands hectares,_L_KZ_150201_1A,Soltustik Kazakhstan,529.4
2011,thousands hectares,_L_KZ_150201_1A,Turkistan,1603.4
2011,thousands hectares,_L_KZ_150201_1A,Shygys Kazakhstan,1862.5
2011,M_METER3,Above-ground biomass in forest (tonnes) [15.2.1],,380.7
2011,M_METER3,Above-ground biomass in forest (tonnes) [15.2.1],Akmola,42.7
2011,M_METER3,Above-ground biomass in forest (tonnes) [15.2.1],Aktobe,1.0
2011,M_METER3,Above-ground biomass in forest (tonnes) [15.2.1],Almaty,38.7
2011,M_METER3,Above-ground biomass in forest (tonnes) [15.2.1],Atyrau,0.5
2011,M_METER3,Above-ground biomass in forest (tonnes) [15.2.1],Batys Kazakhstan,8.0
2011,M_METER3,Above-ground biomass in forest (tonnes) [15.2.1],Zhambyl,3.4
2011,M_METER3,Above-ground biomass in forest (tonnes) [15.2.1],Karagandy,4.6
2011,M_METER3,Above-ground biomass in forest (tonnes) [15.2.1],Kostanay,16.5
2011,M_METER3,Above-ground biomass in forest (tonnes) [15.2.1],Kyzylorda,6.0
2011,M_METER3,Above-ground biomass in forest (tonnes) [15.2.1],Mangistau,0.1
2011,M_METER3,Above-ground biomass in forest (tonnes) [15.2.1],Pavlodar,26.6
2011,M_METER3,Above-ground biomass in forest (tonnes) [15.2.1],Soltustik Kazakhstan,54.4
2011,M_METER3,Above-ground biomass in forest (tonnes) [15.2.1],Turkistan,3.1
2011,M_METER3,Above-ground biomass in forest (tonnes) [15.2.1],Shygys Kazakhstan,175.1
2011,Percent,_L_KZ_150201_1B,,134.20000000000073
2011,Percent,_L_KZ_150201_1B,Akmola,4.900000000000034
2011,Percent,_L_KZ_150201_1B,Aktobe,-0.0999999999999943
2011,Percent,_L_KZ_150201_1B,Almaty,53.30000000000018
2011,Percent,_L_KZ_150201_1B,Atyrau,0.0
2011,Percent,_L_KZ_150201_1B,Batys Kazakhstan,1.2999999999999972
2011,Percent,_L_KZ_150201_1B,Zhambyl,6.0
2011,Percent,_L_KZ_150201_1B,Karagandy,0.0
2011,Percent,_L_KZ_150201_1B,Kostanay,1.299999999999983
2011,Percent,_L_KZ_150201_1B,Kyzylorda,-6.5
2011,Percent,_L_KZ_150201_1B,Mangistau,0.0999999999999943
2011,Percent,_L_KZ_150201_1B,Pavlodar,2.9000000000000057
2011,Percent,_L_KZ_150201_1B,Soltustik Kazakhstan,-0.8
2011,Percent,_L_KZ_150201_1B,Turkistan,0.0
2011,Percent,_L_KZ_150201_1B,Shygys Kazakhstan,61.700000000000045
2011,thousands hectares,Proportion of forest area within legally established protected areas [15.2.1],,100.0
2011,thousands hectares,Proportion of forest area within legally established protected areas [15.2.1],Akmola,9.0
2011,thousands hectares,Proportion of forest area within legally established protected areas [15.2.1],Aktobe,0.0
2011,thousands hectares,Proportion of forest area within legally established protected areas [15.2.1],Almaty,13.0
2011,thousands hectares,Proportion of forest area within legally established protected areas [15.2.1],Atyrau,0.0
2011,thousands hectares,Proportion of forest area within legally established protected areas [15.2.1],Batys Kazakhstan,0.0
2011,thousands hectares,Proportion of forest area within legally established protected areas [15.2.1],Zhambyl,0.0
2011,thousands hectares,Proportion of forest area within legally established protected areas [15.2.1],Karagandy,4.0
2011,thousands hectares,Proportion of forest area within legally established protected areas [15.2.1],Kostanay,0.0
2011,thousands hectares,Proportion of forest area within legally established protected areas [15.2.1],Kyzylorda,3.0
2011,thousands hectares,Proportion of forest area within legally established protected areas [15.2.1],Mangistau,0.0
2011,thousands hectares,Proportion of forest area within legally established protected areas [15.2.1],Pavlodar,12.0
2011,thousands hectares,Proportion of forest area within legally established protected areas [15.2.1],Soltustik Kazakhstan,7.0
2011,thousands hectares,Proportion of forest area within legally established protected areas [15.2.1],Turkistan,4.0
2011,thousands hectares,Proportion of forest area within legally established protected areas [15.2.1],Shygys Kazakhstan,48.0
2011,thousands hectares,Proportion of forest area with a long-term management plan [15.2.1],,12452.0
2011,thousands hectares,Proportion of forest area with a long-term management plan [15.2.1],Akmola,378.6
2011,thousands hectares,Proportion of forest area with a long-term management plan [15.2.1],Aktobe,47.2
2011,thousands hectares,Proportion of forest area with a long-term management plan [15.2.1],Almaty,1850.9
2011,thousands hectares,Proportion of forest area with a long-term management plan [15.2.1],Atyrau,15.8
2011,thousands hectares,Proportion of forest area with a long-term management plan [15.2.1],Batys Kazakhstan,104.6
2011,thousands hectares,Proportion of forest area with a long-term management plan [15.2.1],Zhambyl,2219.6
2011,thousands hectares,Proportion of forest area with a long-term management plan [15.2.1],Karagandy,155.4
2011,thousands hectares,Proportion of forest area with a long-term management plan [15.2.1],Kostanay,223.7
2011,thousands hectares,Proportion of forest area with a long-term management plan [15.2.1],Kyzylorda,3088.2
2011,thousands hectares,Proportion of forest area with a long-term management plan [15.2.1],Mangistau,122.8
2011,thousands hectares,Proportion of forest area with a long-term management plan [15.2.1],Pavlodar,249.9
2011,thousands hectares,Proportion of forest area with a long-term management plan [15.2.1],Soltustik Kazakhstan,529.4
2011,thousands hectares,Proportion of forest area with a long-term management plan [15.2.1],Turkistan,1603.4
2011,thousands hectares,Proportion of forest area with a long-term management plan [15.2.1],Shygys Kazakhstan,1862.5
2012,thousands hectares,_L_KZ_150201_1A,,12548.6
2012,thousands hectares,_L_KZ_150201_1A,Akmola,378.0
2012,thousands hectares,_L_KZ_150201_1A,Aktobe,47.9
2012,thousands hectares,_L_KZ_150201_1A,Almaty,1851.7
2012,thousands hectares,_L_KZ_150201_1A,Atyrau,15.8
2012,thousands hectares,_L_KZ_150201_1A,Batys Kazakhstan,106.1
2012,thousands hectares,_L_KZ_150201_1A,Zhambyl,2222.3
2012,thousands hectares,_L_KZ_150201_1A,Karagandy,156.0
2012,thousands hectares,_L_KZ_150201_1A,Kostanay,224.1
2012,thousands hectares,_L_KZ_150201_1A,Kyzylorda,3056.8
2012,thousands hectares,_L_KZ_150201_1A,Mangistau,122.8
2012,thousands hectares,_L_KZ_150201_1A,Pavlodar,249.3
2012,thousands hectares,_L_KZ_150201_1A,Soltustik Kazakhstan,529.7
2012,thousands hectares,_L_KZ_150201_1A,Turkistan,1614.1
2012,thousands hectares,_L_KZ_150201_1A,Shygys Kazakhstan,1974.1
2012,M_METER3,Above-ground biomass in forest (tonnes) [15.2.1],,412.2
2012,M_METER3,Above-ground biomass in forest (tonnes) [15.2.1],Akmola,45.4
2012,M_METER3,Above-ground biomass in forest (tonnes) [15.2.1],Aktobe,1.1
2012,M_METER3,Above-ground biomass in forest (tonnes) [15.2.1],Almaty,40.7
2012,M_METER3,Above-ground biomass in forest (tonnes) [15.2.1],Atyrau,0.5
2012,M_METER3,Above-ground biomass in forest (tonnes) [15.2.1],Batys Kazakhstan,8.3
2012,M_METER3,Above-ground biomass in forest (tonnes) [15.2.1],Zhambyl,3.4
2012,M_METER3,Above-ground biomass in forest (tonnes) [15.2.1],Karagandy,4.6
2012,M_METER3,Above-ground biomass in forest (tonnes) [15.2.1],Kostanay,15.5
2012,M_METER3,Above-ground biomass in forest (tonnes) [15.2.1],Kyzylorda,5.9
2012,M_METER3,Above-ground biomass in forest (tonnes) [15.2.1],Mangistau,0.1
2012,M_METER3,Above-ground biomass in forest (tonnes) [15.2.1],Pavlodar,27.0
2012,M_METER3,Above-ground biomass in forest (tonnes) [15.2.1],Soltustik Kazakhstan,52.0
2012,M_METER3,Above-ground biomass in forest (tonnes) [15.2.1],Turkistan,3.1
2012,M_METER3,Above-ground biomass in forest (tonnes) [15.2.1],Shygys Kazakhstan,204.6
2012,Percent,_L_KZ_150201_1B,,96.60000000000036
2012,Percent,_L_KZ_150201_1B,Akmola,-0.6000000000000227
2012,Percent,_L_KZ_150201_1B,Aktobe,0.6999999999999957
2012,Percent,_L_KZ_150201_1B,Almaty,0.7999999999999545
2012,Percent,_L_KZ_150201_1B,Atyrau,0.0
2012,Percent,_L_KZ_150201_1B,Batys Kazakhstan,1.5
2012,Percent,_L_KZ_150201_1B,Zhambyl,2.700000000000273
2012,Percent,_L_KZ_150201_1B,Karagandy,0.5999999999999943
2012,Percent,_L_KZ_150201_1B,Kostanay,0.4000000000000057
2012,Percent,_L_KZ_150201_1B,Kyzylorda,-31.39999999999964
2012,Percent,_L_KZ_150201_1B,Mangistau,0.0
2012,Percent,_L_KZ_150201_1B,Pavlodar,-0.5999999999999943
2012,Percent,_L_KZ_150201_1B,Soltustik Kazakhstan,0.3
2012,Percent,_L_KZ_150201_1B,Turkistan,10.699999999999818
2012,Percent,_L_KZ_150201_1B,Shygys Kazakhstan,111.59999999999992
2012,thousands hectares,Proportion of forest area within legally established protected areas [15.2.1],,100.0
2012,thousands hectares,Proportion of forest area within legally established protected areas [15.2.1],Akmola,9.0
2012,thousands hectares,Proportion of forest area within legally established protected areas [15.2.1],Aktobe,0.0
2012,thousands hectares,Proportion of forest area within legally established protected areas [15.2.1],Almaty,13.0
2012,thousands hectares,Proportion of forest area within legally established protected areas [15.2.1],Atyrau,0.0
2012,thousands hectares,Proportion of forest area within legally established protected areas [15.2.1],Batys Kazakhstan,0.0
2012,thousands hectares,Proportion of forest area within legally established protected areas [15.2.1],Zhambyl,0.0
2012,thousands hectares,Proportion of forest area within legally established protected areas [15.2.1],Karagandy,4.0
2012,thousands hectares,Proportion of forest area within legally established protected areas [15.2.1],Kostanay,0.0
2012,thousands hectares,Proportion of forest area within legally established protected areas [15.2.1],Kyzylorda,3.0
2012,thousands hectares,Proportion of forest area within legally established protected areas [15.2.1],Mangistau,0.0
2012,thousands hectares,Proportion of forest area within legally established protected areas [15.2.1],Pavlodar,11.0
2012,thousands hectares,Proportion of forest area within legally established protected areas [15.2.1],Soltustik Kazakhstan,7.0
2012,thousands hectares,Proportion of forest area within legally established protected areas [15.2.1],Turkistan,3.0
2012,thousands hectares,Proportion of forest area within legally established protected areas [15.2.1],Shygys Kazakhstan,50.0
2012,thousands hectares,Proportion of forest area with a long-term management plan [15.2.1],,12548.6
2012,thousands hectares,Proportion of forest area with a long-term management plan [15.2.1],Akmola,378.0
2012,thousands hectares,Proportion of forest area with a long-term management plan [15.2.1],Aktobe,47.9
2012,thousands hectares,Proportion of forest area with a long-term management plan [15.2.1],Almaty,1851.7
2012,thousands hectares,Proportion of forest area with a long-term management plan [15.2.1],Atyrau,15.8
2012,thousands hectares,Proportion of forest area with a long-term management plan [15.2.1],Batys Kazakhstan,106.1
2012,thousands hectares,Proportion of forest area with a long-term management plan [15.2.1],Zhambyl,2222.3
2012,thousands hectares,Proportion of forest area with a long-term management plan [15.2.1],Karagandy,156.0
2012,thousands hectares,Proportion of forest area with a long-term management plan [15.2.1],Kostanay,224.1
2012,thousands hectares,Proportion of forest area with a long-term management plan [15.2.1],Kyzylorda,3056.8
2012,thousands hectares,Proportion of forest area with a long-term management plan [15.2.1],Mangistau,122.8
2012,thousands hectares,Proportion of forest area with a long-term management plan [15.2.1],Pavlodar,249.3
2012,thousands hectares,Proportion of forest area with a long-term management plan [15.2.1],Soltustik Kazakhstan,529.7
2012,thousands hectares,Proportion of forest area with a long-term management plan [15.2.1],Turkistan,1614.1
2012,thousands hectares,Proportion of forest area with a long-term management plan [15.2.1],Shygys Kazakhstan,1974.1
2013,thousands hectares,_L_KZ_150201_1A,,12593.9
2013,thousands hectares,_L_KZ_150201_1A,Akmola,379.3
2013,thousands hectares,_L_KZ_150201_1A,Aktobe,49.8
2013,thousands hectares,_L_KZ_150201_1A,Almaty,1854.4
2013,thousands hectares,_L_KZ_150201_1A,Atyrau,16.4
2013,thousands hectares,_L_KZ_150201_1A,Batys Kazakhstan,106.1
2013,thousands hectares,_L_KZ_150201_1A,Zhambyl,2231.0
2013,thousands hectares,_L_KZ_150201_1A,Karagandy,155.6
2013,thousands hectares,_L_KZ_150201_1A,Kostanay,229.0
2013,thousands hectares,_L_KZ_150201_1A,Kyzylorda,3055.0
2013,thousands hectares,_L_KZ_150201_1A,Mangistau,122.4
2013,thousands hectares,_L_KZ_150201_1A,Pavlodar,250.5
2013,thousands hectares,_L_KZ_150201_1A,Soltustik Kazakhstan,529.3
2013,thousands hectares,_L_KZ_150201_1A,Turkistan,1614.2
2013,thousands hectares,_L_KZ_150201_1A,Shygys Kazakhstan,2000.8
2013,M_METER3,Above-ground biomass in forest (tonnes) [15.2.1],,412.2
2013,M_METER3,Above-ground biomass in forest (tonnes) [15.2.1],Akmola,45.4
2013,M_METER3,Above-ground biomass in forest (tonnes) [15.2.1],Aktobe,1.1
2013,M_METER3,Above-ground biomass in forest (tonnes) [15.2.1],Almaty,40.7
2013,M_METER3,Above-ground biomass in forest (tonnes) [15.2.1],Atyrau,0.5
2013,M_METER3,Above-ground biomass in forest (tonnes) [15.2.1],Batys Kazakhstan,8.3
2013,M_METER3,Above-ground biomass in forest (tonnes) [15.2.1],Zhambyl,3.4
2013,M_METER3,Above-ground biomass in forest (tonnes) [15.2.1],Karagandy,4.6
2013,M_METER3,Above-ground biomass in forest (tonnes) [15.2.1],Kostanay,15.5
2013,M_METER3,Above-ground biomass in forest (tonnes) [15.2.1],Kyzylorda,5.9
2013,M_METER3,Above-ground biomass in forest (tonnes) [15.2.1],Mangistau,0.1
2013,M_METER3,Above-ground biomass in forest (tonnes) [15.2.1],Pavlodar,27.0
2013,M_METER3,Above-ground biomass in forest (tonnes) [15.2.1],Soltustik Kazakhstan,52.0
2013,M_METER3,Above-ground biomass in forest (tonnes) [15.2.1],Turkistan,3.1
2013,M_METER3,Above-ground biomass in forest (tonnes) [15.2.1],Shygys Kazakhstan,204.6
2013,Percent,_L_KZ_150201_1B,,45.29999999999927
2013,Percent,_L_KZ_150201_1B,Akmola,1.3000000000000114
2013,Percent,_L_KZ_150201_1B,Aktobe,1.8999999999999984
2013,Percent,_L_KZ_150201_1B,Almaty,2.700000000000045
2013,Percent,_L_KZ_150201_1B,Atyrau,0.5999999999999979
2013,Percent,_L_KZ_150201_1B,Batys Kazakhstan,0.0
2013,Percent,_L_KZ_150201_1B,Zhambyl,8.699999999999818
2013,Percent,_L_KZ_150201_1B,Karagandy,-0.4000000000000057
2013,Percent,_L_KZ_150201_1B,Kostanay,4.900000000000006
2013,Percent,_L_KZ_150201_1B,Kyzylorda,-1.800000000000182
2013,Percent,_L_KZ_150201_1B,Mangistau,-0.3999999999999915
2013,Percent,_L_KZ_150201_1B,Pavlodar,1.2
2013,Percent,_L_KZ_150201_1B,Soltustik Kazakhstan,-0.4000000000000909
2013,Percent,_L_KZ_150201_1B,Turkistan,0.1000000000001364
2013,Percent,_L_KZ_150201_1B,Shygys Kazakhstan,26.700000000000045
2013,thousands hectares,Proportion of forest area within legally established protected areas [15.2.1],,100.0
2013,thousands hectares,Proportion of forest area within legally established protected areas [15.2.1],Akmola,9.0
2013,thousands hectares,Proportion of forest area within legally established protected areas [15.2.1],Aktobe,0.0
2013,thousands hectares,Proportion of forest area within legally established protected areas [15.2.1],Almaty,13.0
2013,thousands hectares,Proportion of forest area within legally established protected areas [15.2.1],Atyrau,0.0
2013,thousands hectares,Proportion of forest area within legally established protected areas [15.2.1],Batys Kazakhstan,0.0
2013,thousands hectares,Proportion of forest area within legally established protected areas [15.2.1],Zhambyl,0.0
2013,thousands hectares,Proportion of forest area within legally established protected areas [15.2.1],Karagandy,4.0
2013,thousands hectares,Proportion of forest area within legally established protected areas [15.2.1],Kostanay,0.0
2013,thousands hectares,Proportion of forest area within legally established protected areas [15.2.1],Kyzylorda,3.0
2013,thousands hectares,Proportion of forest area within legally established protected areas [15.2.1],Mangistau,0.0
2013,thousands hectares,Proportion of forest area within legally established protected areas [15.2.1],Pavlodar,11.0
2013,thousands hectares,Proportion of forest area within legally established protected areas [15.2.1],Soltustik Kazakhstan,7.0
2013,thousands hectares,Proportion of forest area within legally established protected areas [15.2.1],Turkistan,3.0
2013,thousands hectares,Proportion of forest area within legally established protected areas [15.2.1],Shygys Kazakhstan,50.0
2013,thousands hectares,Proportion of forest area with a long-term management plan [15.2.1],,12593.9
2013,thousands hectares,Proportion of forest area with a long-term management plan [15.2.1],Akmola,379.3
2013,thousands hectares,Proportion of forest area with a long-term management plan [15.2.1],Aktobe,49.8
2013,thousands hectares,Proportion of forest area with a long-term management plan [15.2.1],Almaty,1854.4
2013,thousands hectares,Proportion of forest area with a long-term management plan [15.2.1],Atyrau,16.4
2013,thousands hectares,Proportion of forest area with a long-term management plan [15.2.1],Batys Kazakhstan,106.1
2013,thousands hectares,Proportion of forest area with a long-term management plan [15.2.1],Zhambyl,2231.0
2013,thousands hectares,Proportion of forest area with a long-term management plan [15.2.1],Karagandy,155.6
2013,thousands hectares,Proportion of forest area with a long-term management plan [15.2.1],Kostanay,229.0
2013,thousands hectares,Proportion of forest area with a long-term management plan [15.2.1],Kyzylorda,3055.0
2013,thousands hectares,Proportion of forest area with a long-term management plan [15.2.1],Mangistau,122.4
2013,thousands hectares,Proportion of forest area with a long-term management plan [15.2.1],Pavlodar,250.5
2013,thousands hectares,Proportion of forest area with a long-term management plan [15.2.1],Soltustik Kazakhstan,529.3
2013,thousands hectares,Proportion of forest area with a long-term management plan [15.2.1],Turkistan,1614.2
2013,thousands hectares,Proportion of forest area with a long-term management plan [15.2.1],Shygys Kazakhstan,2000.8
2014,thousands hectares,_L_KZ_150201_1A,,12627.0
2014,thousands hectares,_L_KZ_150201_1A,Akmola,379.4
2014,thousands hectares,_L_KZ_150201_1A,Aktobe,50.3
2014,thousands hectares,_L_KZ_150201_1A,Almaty,1856.2
2014,thousands hectares,_L_KZ_150201_1A,Atyrau,16.4
2014,thousands hectares,_L_KZ_150201_1A,Batys Kazakhstan,106.0
2014,thousands hectares,_L_KZ_150201_1A,Zhambyl,2236.1
2014,thousands hectares,_L_KZ_150201_1A,Karagandy,155.8
2014,thousands hectares,_L_KZ_150201_1A,Kostanay,234.9
2014,thousands hectares,_L_KZ_150201_1A,Kyzylorda,3063.0
2014,thousands hectares,_L_KZ_150201_1A,Mangistau,122.4
2014,thousands hectares,_L_KZ_150201_1A,Pavlodar,253.1
2014,thousands hectares,_L_KZ_150201_1A,Soltustik Kazakhstan,531.9
2014,thousands hectares,_L_KZ_150201_1A,Turkistan,1616.8
2014,thousands hectares,_L_KZ_150201_1A,Shygys Kazakhstan,2004.7
2014,M_METER3,Above-ground biomass in forest (tonnes) [15.2.1],,412.2
2014,M_METER3,Above-ground biomass in forest (tonnes) [15.2.1],Akmola,45.4
2014,M_METER3,Above-ground biomass in forest (tonnes) [15.2.1],Aktobe,1.1
2014,M_METER3,Above-ground biomass in forest (tonnes) [15.2.1],Almaty,40.7
2014,M_METER3,Above-ground biomass in forest (tonnes) [15.2.1],Atyrau,0.5
2014,M_METER3,Above-ground biomass in forest (tonnes) [15.2.1],Batys Kazakhstan,8.3
2014,M_METER3,Above-ground biomass in forest (tonnes) [15.2.1],Zhambyl,3.4
2014,M_METER3,Above-ground biomass in forest (tonnes) [15.2.1],Karagandy,4.6
2014,M_METER3,Above-ground biomass in forest (tonnes) [15.2.1],Kostanay,15.5
2014,M_METER3,Above-ground biomass in forest (tonnes) [15.2.1],Kyzylorda,5.9
2014,M_METER3,Above-ground biomass in forest (tonnes) [15.2.1],Mangistau,0.1
2014,M_METER3,Above-ground biomass in forest (tonnes) [15.2.1],Pavlodar,27.0
2014,M_METER3,Above-ground biomass in forest (tonnes) [15.2.1],Soltustik Kazakhstan,52.0
2014,M_METER3,Above-ground biomass in forest (tonnes) [15.2.1],Turkistan,3.1
2014,M_METER3,Above-ground biomass in forest (tonnes) [15.2.1],Shygys Kazakhstan,204.6
2014,Percent,_L_KZ_150201_1B,,33.100000000000364
2014,Percent,_L_KZ_150201_1B,Akmola,0.0999999999999659
2014,Percent,_L_KZ_150201_1B,Aktobe,0.5
2014,Percent,_L_KZ_150201_1B,Almaty,1.7999999999999543
2014,Percent,_L_KZ_150201_1B,Atyrau,0.0
2014,Percent,_L_KZ_150201_1B,Batys Kazakhstan,-0.0999999999999943
2014,Percent,_L_KZ_150201_1B,Zhambyl,5.099999999999909
2014,Percent,_L_KZ_150201_1B,Karagandy,0.200000000000017
2014,Percent,_L_KZ_150201_1B,Kostanay,5.900000000000006
2014,Percent,_L_KZ_150201_1B,Kyzylorda,8.0
2014,Percent,_L_KZ_150201_1B,Mangistau,0.0
2014,Percent,_L_KZ_150201_1B,Pavlodar,2.6
2014,Percent,_L_KZ_150201_1B,Soltustik Kazakhstan,2.6000000000000227
2014,Percent,_L_KZ_150201_1B,Turkistan,2.599999999999909
2014,Percent,_L_KZ_150201_1B,Shygys Kazakhstan,3.900000000000091
2014,thousands hectares,Proportion of forest area within legally established protected areas [15.2.1],,100.0
2014,thousands hectares,Proportion of forest area within legally established protected areas [15.2.1],Akmola,8.0
2014,thousands hectares,Proportion of forest area within legally established protected areas [15.2.1],Aktobe,0.0
2014,thousands hectares,Proportion of forest area within legally established protected areas [15.2.1],Almaty,12.0
2014,thousands hectares,Proportion of forest area within legally established protected areas [15.2.1],Atyrau,0.0
2014,thousands hectares,Proportion of forest area within legally established protected areas [15.2.1],Batys Kazakhstan,0.0
2014,thousands hectares,Proportion of forest area within legally established protected areas [15.2.1],Zhambyl,0.0
2014,thousands hectares,Proportion of forest area within legally established protected areas [15.2.1],Karagandy,4.0
2014,thousands hectares,Proportion of forest area within legally established protected areas [15.2.1],Kostanay,0.0
2014,thousands hectares,Proportion of forest area within legally established protected areas [15.2.1],Kyzylorda,3.0
2014,thousands hectares,Proportion of forest area within legally established protected areas [15.2.1],Mangistau,0.0
2014,thousands hectares,Proportion of forest area within legally established protected areas [15.2.1],Pavlodar,11.0
2014,thousands hectares,Proportion of forest area within legally established protected areas [15.2.1],Soltustik Kazakhstan,7.0
2014,thousands hectares,Proportion of forest area within legally established protected areas [15.2.1],Turkistan,7.0
2014,thousands hectares,Proportion of forest area within legally established protected areas [15.2.1],Shygys Kazakhstan,48.0
2014,thousands hectares,Proportion of forest area with a long-term management plan [15.2.1],,12627.0
2014,thousands hectares,Proportion of forest area with a long-term management plan [15.2.1],Akmola,379.4
2014,thousands hectares,Proportion of forest area with a long-term management plan [15.2.1],Aktobe,50.3
2014,thousands hectares,Proportion of forest area with a long-term management plan [15.2.1],Almaty,1856.2
2014,thousands hectares,Proportion of forest area with a long-term management plan [15.2.1],Atyrau,16.4
2014,thousands hectares,Proportion of forest area with a long-term management plan [15.2.1],Batys Kazakhstan,106.0
2014,thousands hectares,Proportion of forest area with a long-term management plan [15.2.1],Zhambyl,2236.1
2014,thousands hectares,Proportion of forest area with a long-term management plan [15.2.1],Karagandy,155.8
2014,thousands hectares,Proportion of forest area with a long-term management plan [15.2.1],Kostanay,234.9
2014,thousands hectares,Proportion of forest area with a long-term management plan [15.2.1],Kyzylorda,3063.0
2014,thousands hectares,Proportion of forest area with a long-term management plan [15.2.1],Mangistau,122.4
2014,thousands hectares,Proportion of forest area with a long-term management plan [15.2.1],Pavlodar,253.1
2014,thousands hectares,Proportion of forest area with a long-term management plan [15.2.1],Soltustik Kazakhstan,531.9
2014,thousands hectares,Proportion of forest area with a long-term management plan [15.2.1],Turkistan,1616.8
2014,thousands hectares,Proportion of forest area with a long-term management plan [15.2.1],Shygys Kazakhstan,2004.7
2015,thousands hectares,_L_KZ_150201_1A,,12652.4
2015,thousands hectares,_L_KZ_150201_1A,Akmola,380.3
2015,thousands hectares,_L_KZ_150201_1A,Aktobe,51.6
2015,thousands hectares,_L_KZ_150201_1A,Almaty,1870.6
2015,thousands hectares,_L_KZ_150201_1A,Atyrau,16.5
2015,thousands hectares,_L_KZ_150201_1A,Batys Kazakhstan,103.9
2015,thousands hectares,_L_KZ_150201_1A,Zhambyl,2240.6
2015,thousands hectares,_L_KZ_150201_1A,Karagandy,153.3
2015,thousands hectares,_L_KZ_150201_1A,Kostanay,236.4
2015,thousands hectares,_L_KZ_150201_1A,Kyzylorda,3059.1
2015,thousands hectares,_L_KZ_150201_1A,Mangistau,122.4
2015,thousands hectares,_L_KZ_150201_1A,Pavlodar,254.5
2015,thousands hectares,_L_KZ_150201_1A,Soltustik Kazakhstan,534.0
2015,thousands hectares,_L_KZ_150201_1A,Turkistan,1623.7
2015,thousands hectares,_L_KZ_150201_1A,Shygys Kazakhstan,2005.3
2015,M_METER3,Above-ground biomass in forest (tonnes) [15.2.1],,412.2
2015,M_METER3,Above-ground biomass in forest (tonnes) [15.2.1],Akmola,45.4
2015,M_METER3,Above-ground biomass in forest (tonnes) [15.2.1],Aktobe,1.1
2015,M_METER3,Above-ground biomass in forest (tonnes) [15.2.1],Almaty,40.7
2015,M_METER3,Above-ground biomass in forest (tonnes) [15.2.1],Atyrau,0.5
2015,M_METER3,Above-ground biomass in forest (tonnes) [15.2.1],Batys Kazakhstan,8.3
2015,M_METER3,Above-ground biomass in forest (tonnes) [15.2.1],Zhambyl,3.4
2015,M_METER3,Above-ground biomass in forest (tonnes) [15.2.1],Karagandy,4.6
2015,M_METER3,Above-ground biomass in forest (tonnes) [15.2.1],Kostanay,15.5
2015,M_METER3,Above-ground biomass in forest (tonnes) [15.2.1],Kyzylorda,5.9
2015,M_METER3,Above-ground biomass in forest (tonnes) [15.2.1],Mangistau,0.1
2015,M_METER3,Above-ground biomass in forest (tonnes) [15.2.1],Pavlodar,27.0
2015,M_METER3,Above-ground biomass in forest (tonnes) [15.2.1],Soltustik Kazakhstan,52.0
2015,M_METER3,Above-ground biomass in forest (tonnes) [15.2.1],Turkistan,3.1
2015,M_METER3,Above-ground biomass in forest (tonnes) [15.2.1],Shygys Kazakhstan,204.6
2015,Percent,_L_KZ_150201_1B,,25.39999999999964
2015,Percent,_L_KZ_150201_1B,Akmola,0.9000000000000341
2015,Percent,_L_KZ_150201_1B,Aktobe,1.3000000000000045
2015,Percent,_L_KZ_150201_1B,Almaty,14.399999999999864
2015,Percent,_L_KZ_150201_1B,Atyrau,0.1000000000000014
2015,Percent,_L_KZ_150201_1B,Batys Kazakhstan,-2.0999999999999943
2015,Percent,_L_KZ_150201_1B,Zhambyl,4.5
2015,Percent,_L_KZ_150201_1B,Karagandy,-2.5
2015,Percent,_L_KZ_150201_1B,Kostanay,1.5
2015,Percent,_L_KZ_150201_1B,Kyzylorda,-3.900000000000091
2015,Percent,_L_KZ_150201_1B,Mangistau,0.0
2015,Percent,_L_KZ_150201_1B,Pavlodar,1.4000000000000057
2015,Percent,_L_KZ_150201_1B,Soltustik Kazakhstan,2.1000000000000227
2015,Percent,_L_KZ_150201_1B,Turkistan,6.900000000000091
2015,Percent,_L_KZ_150201_1B,Shygys Kazakhstan,0.599999999999909
2015,thousands hectares,Proportion of forest area within legally established protected areas [15.2.1],,100.0
2015,thousands hectares,Proportion of forest area within legally established protected areas [15.2.1],Akmola,8.0
2015,thousands hectares,Proportion of forest area within legally established protected areas [15.2.1],Aktobe,0.0
2015,thousands hectares,Proportion of forest area within legally established protected areas [15.2.1],Almaty,13.0
2015,thousands hectares,Proportion of forest area within legally established protected areas [15.2.1],Atyrau,0.0
2015,thousands hectares,Proportion of forest area within legally established protected areas [15.2.1],Batys Kazakhstan,0.0
2015,thousands hectares,Proportion of forest area within legally established protected areas [15.2.1],Zhambyl,0.0
2015,thousands hectares,Proportion of forest area within legally established protected areas [15.2.1],Karagandy,4.0
2015,thousands hectares,Proportion of forest area within legally established protected areas [15.2.1],Kostanay,0.0
2015,thousands hectares,Proportion of forest area within legally established protected areas [15.2.1],Kyzylorda,3.0
2015,thousands hectares,Proportion of forest area within legally established protected areas [15.2.1],Mangistau,0.0
2015,thousands hectares,Proportion of forest area within legally established protected areas [15.2.1],Pavlodar,11.0
2015,thousands hectares,Proportion of forest area within legally established protected areas [15.2.1],Soltustik Kazakhstan,6.0
2015,thousands hectares,Proportion of forest area within legally established protected areas [15.2.1],Turkistan,7.0
2015,thousands hectares,Proportion of forest area within legally established protected areas [15.2.1],Shygys Kazakhstan,48.0
2015,thousands hectares,Proportion of forest area with a long-term management plan [15.2.1],,12652.4
2015,thousands hectares,Proportion of forest area with a long-term management plan [15.2.1],Akmola,380.3
2015,thousands hectares,Proportion of forest area with a long-term management plan [15.2.1],Aktobe,51.6
2015,thousands hectares,Proportion of forest area with a long-term management plan [15.2.1],Almaty,1870.6
2015,thousands hectares,Proportion of forest area with a long-term management plan [15.2.1],Atyrau,16.5
2015,thousands hectares,Proportion of forest area with a long-term management plan [15.2.1],Batys Kazakhstan,103.9
2015,thousands hectares,Proportion of forest area with a long-term management plan [15.2.1],Zhambyl,2240.6
2015,thousands hectares,Proportion of forest area with a long-term management plan [15.2.1],Karagandy,153.3
2015,thousands hectares,Proportion of forest area with a long-term management plan [15.2.1],Kostanay,236.4
2015,thousands hectares,Proportion of forest area with a long-term management plan [15.2.1],Kyzylorda,3059.1
2015,thousands hectares,Proportion of forest area with a long-term management plan [15.2.1],Mangistau,122.4
2015,thousands hectares,Proportion of forest area with a long-term management plan [15.2.1],Pavlodar,254.5
2015,thousands hectares,Proportion of forest area with a long-term management plan [15.2.1],Soltustik Kazakhstan,534.0
2015,thousands hectares,Proportion of forest area with a long-term management plan [15.2.1],Turkistan,1623.7
2015,thousands hectares,Proportion of forest area with a long-term management plan [15.2.1],Shygys Kazakhstan,2005.3
2016,thousands hectares,_L_KZ_150201_1A,,12706.8
2016,thousands hectares,_L_KZ_150201_1A,Akmola,382.1
2016,thousands hectares,_L_KZ_150201_1A,Aktobe,51.7
2016,thousands hectares,_L_KZ_150201_1A,Almaty,1882.3
2016,thousands hectares,_L_KZ_150201_1A,Atyrau,16.5
2016,thousands hectares,_L_KZ_150201_1A,Batys Kazakhstan,106.0
2016,thousands hectares,_L_KZ_150201_1A,Zhambyl,2240.7
2016,thousands hectares,_L_KZ_150201_1A,Karagandy,153.3
2016,thousands hectares,_L_KZ_150201_1A,Kostanay,238.2
2016,thousands hectares,_L_KZ_150201_1A,Kyzylorda,3080.3
2016,thousands hectares,_L_KZ_150201_1A,Mangistau,122.4
2016,thousands hectares,_L_KZ_150201_1A,Pavlodar,257.1
2016,thousands hectares,_L_KZ_150201_1A,Soltustik Kazakhstan,535.6
2016,thousands hectares,_L_KZ_150201_1A,Turkistan,1630.1
2016,thousands hectares,_L_KZ_150201_1A,Shygys Kazakhstan,2010.3
2016,M_METER3,Above-ground biomass in forest (tonnes) [15.2.1],,412.2
2016,M_METER3,Above-ground biomass in forest (tonnes) [15.2.1],Akmola,45.4
2016,M_METER3,Above-ground biomass in forest (tonnes) [15.2.1],Aktobe,1.1
2016,M_METER3,Above-ground biomass in forest (tonnes) [15.2.1],Almaty,40.7
2016,M_METER3,Above-ground biomass in forest (tonnes) [15.2.1],Atyrau,0.5
2016,M_METER3,Above-ground biomass in forest (tonnes) [15.2.1],Batys Kazakhstan,8.3
2016,M_METER3,Above-ground biomass in forest (tonnes) [15.2.1],Zhambyl,3.4
2016,M_METER3,Above-ground biomass in forest (tonnes) [15.2.1],Karagandy,4.6
2016,M_METER3,Above-ground biomass in forest (tonnes) [15.2.1],Kostanay,15.5
2016,M_METER3,Above-ground biomass in forest (tonnes) [15.2.1],Kyzylorda,5.9
2016,M_METER3,Above-ground biomass in forest (tonnes) [15.2.1],Mangistau,0.1
2016,M_METER3,Above-ground biomass in forest (tonnes) [15.2.1],Pavlodar,27.0
2016,M_METER3,Above-ground biomass in forest (tonnes) [15.2.1],Soltustik Kazakhstan,52.0
2016,M_METER3,Above-ground biomass in forest (tonnes) [15.2.1],Turkistan,3.1
2016,M_METER3,Above-ground biomass in forest (tonnes) [15.2.1],Shygys Kazakhstan,204.6
2016,Percent,_L_KZ_150201_1B,,54.39999999999964
2016,Percent,_L_KZ_150201_1B,Akmola,1.8000000000000114
2016,Percent,_L_KZ_150201_1B,Aktobe,0.1000000000000014
2016,Percent,_L_KZ_150201_1B,Almaty,11.700000000000044
2016,Percent,_L_KZ_150201_1B,Atyrau,0.0
2016,Percent,_L_KZ_150201_1B,Batys Kazakhstan,2.0999999999999943
2016,Percent,_L_KZ_150201_1B,Zhambyl,0.099999999999909
2016,Percent,_L_KZ_150201_1B,Karagandy,0.0
2016,Percent,_L_KZ_150201_1B,Kostanay,1.8
2016,Percent,_L_KZ_150201_1B,Kyzylorda,21.200000000000276
2016,Percent,_L_KZ_150201_1B,Mangistau,0.0
2016,Percent,_L_KZ_150201_1B,Pavlodar,2.6000000000000227
2016,Percent,_L_KZ_150201_1B,Soltustik Kazakhstan,1.6000000000000227
2016,Percent,_L_KZ_150201_1B,Turkistan,6.399999999999864
2016,Percent,_L_KZ_150201_1B,Shygys Kazakhstan,5.0
2016,thousands hectares,Proportion of forest area within legally established protected areas [15.2.1],,100.0
2016,thousands hectares,Proportion of forest area within legally established protected areas [15.2.1],Akmola,8.0
2016,thousands hectares,Proportion of forest area within legally established protected areas [15.2.1],Aktobe,0.0
2016,thousands hectares,Proportion of forest area within legally established protected areas [15.2.1],Almaty,13.0
2016,thousands hectares,Proportion of forest area within legally established protected areas [15.2.1],Atyrau,0.0
2016,thousands hectares,Proportion of forest area within legally established protected areas [15.2.1],Batys Kazakhstan,0.0
2016,thousands hectares,Proportion of forest area within legally established protected areas [15.2.1],Zhambyl,0.0
2016,thousands hectares,Proportion of forest area within legally established protected areas [15.2.1],Karagandy,4.0
2016,thousands hectares,Proportion of forest area within legally established protected areas [15.2.1],Kostanay,0.0
2016,thousands hectares,Proportion of forest area within legally established protected areas [15.2.1],Kyzylorda,3.0
2016,thousands hectares,Proportion of forest area within legally established protected areas [15.2.1],Mangistau,0.0
2016,thousands hectares,Proportion of forest area within legally established protected areas [15.2.1],Pavlodar,11.0
2016,thousands hectares,Proportion of forest area within legally established protected areas [15.2.1],Soltustik Kazakhstan,6.0
2016,thousands hectares,Proportion of forest area within legally established protected areas [15.2.1],Turkistan,7.0
2016,thousands hectares,Proportion of forest area within legally established protected areas [15.2.1],Shygys Kazakhstan,48.0
2016,thousands hectares,Proportion of forest area with a long-term management plan [15.2.1],,12706.8
2016,thousands hectares,Proportion of forest area with a long-term management plan [15.2.1],Akmola,382.1
2016,thousands hectares,Proportion of forest area with a long-term management plan [15.2.1],Aktobe,51.7
2016,thousands hectares,Proportion of forest area with a long-term management plan [15.2.1],Almaty,1882.3
2016,thousands hectares,Proportion of forest area with a long-term management plan [15.2.1],Atyrau,16.5
2016,thousands hectares,Proportion of forest area with a long-term management plan [15.2.1],Batys Kazakhstan,106.0
2016,thousands hectares,Proportion of forest area with a long-term management plan [15.2.1],Zhambyl,2240.7
2016,thousands hectares,Proportion of forest area with a long-term management plan [15.2.1],Karagandy,153.3
2016,thousands hectares,Proportion of forest area with a long-term management plan [15.2.1],Kostanay,238.2
2016,thousands hectares,Proportion of forest area with a long-term management plan [15.2.1],Kyzylorda,3080.3
2016,thousands hectares,Proportion of forest area with a long-term management plan [15.2.1],Mangistau,122.4
2016,thousands hectares,Proportion of forest area with a long-term management plan [15.2.1],Pavlodar,257.1
2016,thousands hectares,Proportion of forest area with a long-term management plan [15.2.1],Soltustik Kazakhstan,535.6
2016,thousands hectares,Proportion of forest area with a long-term management plan [15.2.1],Turkistan,1630.1
2016,thousands hectares,Proportion of forest area with a long-term management plan [15.2.1],Shygys Kazakhstan,2010.3
2017,thousands hectares,_L_KZ_150201_1A,,12903.5
2017,thousands hectares,_L_KZ_150201_1A,Akmola,382.1
2017,thousands hectares,_L_KZ_150201_1A,Aktobe,51.9
2017,thousands hectares,_L_KZ_150201_1A,Almaty,1928.7
2017,thousands hectares,_L_KZ_150201_1A,Atyrau,16.6
2017,thousands hectares,_L_KZ_150201_1A,Batys Kazakhstan,91.2
2017,thousands hectares,_L_KZ_150201_1A,Zhambyl,2361.3
2017,thousands hectares,_L_KZ_150201_1A,Karagandy,153.5
2017,thousands hectares,_L_KZ_150201_1A,Kostanay,240.0
2017,thousands hectares,_L_KZ_150201_1A,Kyzylorda,3103.2
2017,thousands hectares,_L_KZ_150201_1A,Mangistau,125.1
2017,thousands hectares,_L_KZ_150201_1A,Pavlodar,258.4
2017,thousands hectares,_L_KZ_150201_1A,Soltustik Kazakhstan,537.2
2017,thousands hectares,_L_KZ_150201_1A,Turkistan,1639.2
2017,thousands hectares,_L_KZ_150201_1A,Shygys Kazakhstan,2015.3
2017,M_METER3,Above-ground biomass in forest (tonnes) [15.2.1],,421.8
2017,M_METER3,Above-ground biomass in forest (tonnes) [15.2.1],Akmola,44.7
2017,M_METER3,Above-ground biomass in forest (tonnes) [15.2.1],Aktobe,1.1
2017,M_METER3,Above-ground biomass in forest (tonnes) [15.2.1],Almaty,49.4
2017,M_METER3,Above-ground biomass in forest (tonnes) [15.2.1],Atyrau,0.5
2017,M_METER3,Above-ground biomass in forest (tonnes) [15.2.1],Batys Kazakhstan,7.7
2017,M_METER3,Above-ground biomass in forest (tonnes) [15.2.1],Zhambyl,3.4
2017,M_METER3,Above-ground biomass in forest (tonnes) [15.2.1],Karagandy,5.5
2017,M_METER3,Above-ground biomass in forest (tonnes) [15.2.1],Kostanay,17.3
2017,M_METER3,Above-ground biomass in forest (tonnes) [15.2.1],Kyzylorda,5.9
2017,M_METER3,Above-ground biomass in forest (tonnes) [15.2.1],Mangistau,0.1
2017,M_METER3,Above-ground biomass in forest (tonnes) [15.2.1],Pavlodar,26.9
2017,M_METER3,Above-ground biomass in forest (tonnes) [15.2.1],Soltustik Kazakhstan,49.6
2017,M_METER3,Above-ground biomass in forest (tonnes) [15.2.1],Turkistan,3.2
2017,M_METER3,Above-ground biomass in forest (tonnes) [15.2.1],Shygys Kazakhstan,206.5
2017,Percent,_L_KZ_150201_1B,,196.70000000000076
2017,Percent,_L_KZ_150201_1B,Akmola,0.0
2017,Percent,_L_KZ_150201_1B,Aktobe,0.1999999999999957
2017,Percent,_L_KZ_150201_1B,Almaty,46.40000000000009
2017,Percent,_L_KZ_150201_1B,Atyrau,0.1000000000000014
2017,Percent,_L_KZ_150201_1B,Batys Kazakhstan,-14.799999999999995
2017,Percent,_L_KZ_150201_1B,Zhambyl,120.60000000000036
2017,Percent,_L_KZ_150201_1B,Karagandy,0.1999999999999886
2017,Percent,_L_KZ_150201_1B,Kostanay,1.8000000000000114
2017,Percent,_L_KZ_150201_1B,Kyzylorda,22.89999999999964
2017,Percent,_L_KZ_150201_1B,Mangistau,2.6999999999999886
2017,Percent,_L_KZ_150201_1B,Pavlodar,1.2999999999999543
2017,Percent,_L_KZ_150201_1B,Soltustik Kazakhstan,1.6000000000000227
2017,Percent,_L_KZ_150201_1B,Turkistan,9.100000000000136
2017,Percent,_L_KZ_150201_1B,Shygys Kazakhstan,5.0
2017,thousands hectares,Proportion of forest area within legally established protected areas [15.2.1],,100.0
2017,thousands hectares,Proportion of forest area within legally established protected areas [15.2.1],Akmola,7.0
2017,thousands hectares,Proportion of forest area within legally established protected areas [15.2.1],Aktobe,0.0
2017,thousands hectares,Proportion of forest area within legally established protected areas [15.2.1],Almaty,10.0
2017,thousands hectares,Proportion of forest area within legally established protected areas [15.2.1],Atyrau,0.0
2017,thousands hectares,Proportion of forest area within legally established protected areas [15.2.1],Batys Kazakhstan,0.0
2017,thousands hectares,Proportion of forest area within legally established protected areas [15.2.1],Zhambyl,20.0
2017,thousands hectares,Proportion of forest area within legally established protected areas [15.2.1],Karagandy,4.0
2017,thousands hectares,Proportion of forest area within legally established protected areas [15.2.1],Kostanay,0.0
2017,thousands hectares,Proportion of forest area within legally established protected areas [15.2.1],Kyzylorda,2.0
2017,thousands hectares,Proportion of forest area within legally established protected areas [15.2.1],Mangistau,0.0
2017,thousands hectares,Proportion of forest area within legally established protected areas [15.2.1],Pavlodar,7.0
2017,thousands hectares,Proportion of forest area within legally established protected areas [15.2.1],Soltustik Kazakhstan,6.0
2017,thousands hectares,Proportion of forest area within legally established protected areas [15.2.1],Turkistan,6.0
2017,thousands hectares,Proportion of forest area within legally established protected areas [15.2.1],Shygys Kazakhstan,38.0
2017,thousands hectares,Proportion of forest area with a long-term management plan [15.2.1],,12903.5
2017,thousands hectares,Proportion of forest area with a long-term management plan [15.2.1],Akmola,382.1
2017,thousands hectares,Proportion of forest area with a long-term management plan [15.2.1],Aktobe,51.9
2017,thousands hectares,Proportion of forest area with a long-term management plan [15.2.1],Almaty,1928.7
2017,thousands hectares,Proportion of forest area with a long-term management plan [15.2.1],Atyrau,16.6
2017,thousands hectares,Proportion of forest area with a long-term management plan [15.2.1],Batys Kazakhstan,91.2
2017,thousands hectares,Proportion of forest area with a long-term management plan [15.2.1],Zhambyl,2361.3
2017,thousands hectares,Proportion of forest area with a long-term management plan [15.2.1],Karagandy,153.5
2017,thousands hectares,Proportion of forest area with a long-term management plan [15.2.1],Kostanay,240.0
2017,thousands hectares,Proportion of forest area with a long-term management plan [15.2.1],Kyzylorda,3103.2
2017,thousands hectares,Proportion of forest area with a long-term management plan [15.2.1],Mangistau,125.1
2017,thousands hectares,Proportion of forest area with a long-term management plan [15.2.1],Pavlodar,258.4
2017,thousands hectares,Proportion of forest area with a long-term management plan [15.2.1],Soltustik Kazakhstan,537.2
2017,thousands hectares,Proportion of forest area with a long-term management plan [15.2.1],Turkistan,1639.2
2017,thousands hectares,Proportion of forest area with a long-term management plan [15.2.1],Shygys Kazakhstan,2015.3
2018,thousands hectares,_L_KZ_150201_1A,,12933.1
2018,thousands hectares,_L_KZ_150201_1A,Akmola,383.8
2018,thousands hectares,_L_KZ_150201_1A,Aktobe,52.5
2018,thousands hectares,_L_KZ_150201_1A,Almaty,1949.5
2018,thousands hectares,_L_KZ_150201_1A,Atyrau,18.7
2018,thousands hectares,_L_KZ_150201_1A,Batys Kazakhstan,91.1
2018,thousands hectares,_L_KZ_150201_1A,Zhambyl,2323.1
2018,thousands hectares,_L_KZ_150201_1A,Karagandy,153.6
2018,thousands hectares,_L_KZ_150201_1A,Kostanay,241.3
2018,thousands hectares,_L_KZ_150201_1A,Kyzylorda,3118.9
2018,thousands hectares,_L_KZ_150201_1A,Mangistau,125.2
2018,thousands hectares,_L_KZ_150201_1A,Pavlodar,261.6
2018,thousands hectares,_L_KZ_150201_1A,Soltustik Kazakhstan,538.5
2018,thousands hectares,_L_KZ_150201_1A,Turkistan,1654.4
2018,thousands hectares,_L_KZ_150201_1A,Shygys Kazakhstan,2020.9
2018,M_METER3,Above-ground biomass in forest (tonnes) [15.2.1],,428.6
2018,M_METER3,Above-ground biomass in forest (tonnes) [15.2.1],Akmola,45.5
2018,M_METER3,Above-ground biomass in forest (tonnes) [15.2.1],Aktobe,1.2
2018,M_METER3,Above-ground biomass in forest (tonnes) [15.2.1],Almaty,50.6
2018,M_METER3,Above-ground biomass in forest (tonnes) [15.2.1],Atyrau,0.4
2018,M_METER3,Above-ground biomass in forest (tonnes) [15.2.1],Batys Kazakhstan,7.9
2018,M_METER3,Above-ground biomass in forest (tonnes) [15.2.1],Zhambyl,3.6
2018,M_METER3,Above-ground biomass in forest (tonnes) [15.2.1],Karagandy,5.6
2018,M_METER3,Above-ground biomass in forest (tonnes) [15.2.1],Kostanay,17.5
2018,M_METER3,Above-ground biomass in forest (tonnes) [15.2.1],Kyzylorda,6.2
2018,M_METER3,Above-ground biomass in forest (tonnes) [15.2.1],Mangistau,0.1
2018,M_METER3,Above-ground biomass in forest (tonnes) [15.2.1],Pavlodar,27.4
2018,M_METER3,Above-ground biomass in forest (tonnes) [15.2.1],Soltustik Kazakhstan,50.2
2018,M_METER3,Above-ground biomass in forest (tonnes) [15.2.1],Turkistan,3.3
2018,M_METER3,Above-ground biomass in forest (tonnes) [15.2.1],Shygys Kazakhstan,209.3
2018,Percent,_L_KZ_150201_1B,,29.600000000000364
2018,Percent,_L_KZ_150201_1B,Akmola,1.6999999999999886
2018,Percent,_L_KZ_150201_1B,Aktobe,0.6000000000000014
2018,Percent,_L_KZ_150201_1B,Almaty,20.799999999999955
2018,Percent,_L_KZ_150201_1B,Atyrau,2.099999999999998
2018,Percent,_L_KZ_150201_1B,Batys Kazakhstan,-0.1000000000000085
2018,Percent,_L_KZ_150201_1B,Zhambyl,-38.20000000000027
2018,Percent,_L_KZ_150201_1B,Karagandy,0.0999999999999943
2018,Percent,_L_KZ_150201_1B,Kostanay,1.3000000000000114
2018,Percent,_L_KZ_150201_1B,Kyzylorda,15.700000000000273
2018,Percent,_L_KZ_150201_1B,Mangistau,0.1000000000000085
2018,Percent,_L_KZ_150201_1B,Pavlodar,3.200000000000045
2018,Percent,_L_KZ_150201_1B,Soltustik Kazakhstan,1.2999999999999543
2018,Percent,_L_KZ_150201_1B,Turkistan,15.200000000000044
2018,Percent,_L_KZ_150201_1B,Shygys Kazakhstan,5.600000000000136
2018,thousands hectares,Proportion of forest area within legally established protected areas [15.2.1],,100.0
2018,thousands hectares,Proportion of forest area within legally established protected areas [15.2.1],Akmola,6.0
2018,thousands hectares,Proportion of forest area within legally established protected areas [15.2.1],Aktobe,0.0
2018,thousands hectares,Proportion of forest area within legally established protected areas [15.2.1],Almaty,15.0
2018,thousands hectares,Proportion of forest area within legally established protected areas [15.2.1],Atyrau,0.0
2018,thousands hectares,Proportion of forest area within legally established protected areas [15.2.1],Batys Kazakhstan,0.0
2018,thousands hectares,Proportion of forest area within legally established protected areas [15.2.1],Zhambyl,19.0
2018,thousands hectares,Proportion of forest area within legally established protected areas [15.2.1],Karagandy,3.0
2018,thousands hectares,Proportion of forest area within legally established protected areas [15.2.1],Kostanay,0.0
2018,thousands hectares,Proportion of forest area within legally established protected areas [15.2.1],Kyzylorda,2.0
2018,thousands hectares,Proportion of forest area within legally established protected areas [15.2.1],Mangistau,0.0
2018,thousands hectares,Proportion of forest area within legally established protected areas [15.2.1],Pavlodar,8.0
2018,thousands hectares,Proportion of forest area within legally established protected areas [15.2.1],Soltustik Kazakhstan,5.0
2018,thousands hectares,Proportion of forest area within legally established protected areas [15.2.1],Turkistan,6.0
2018,thousands hectares,Proportion of forest area within legally established protected areas [15.2.1],Shygys Kazakhstan,36.0
2018,thousands hectares,Proportion of forest area with a long-term management plan [15.2.1],,12933.1
2018,thousands hectares,Proportion of forest area with a long-term management plan [15.2.1],Akmola,383.8
2018,thousands hectares,Proportion of forest area with a long-term management plan [15.2.1],Aktobe,52.5
2018,thousands hectares,Proportion of forest area with a long-term management plan [15.2.1],Almaty,1949.5
2018,thousands hectares,Proportion of forest area with a long-term management plan [15.2.1],Atyrau,18.7
2018,thousands hectares,Proportion of forest area with a long-term management plan [15.2.1],Batys Kazakhstan,91.1
2018,thousands hectares,Proportion of forest area with a long-term management plan [15.2.1],Zhambyl,2323.1
2018,thousands hectares,Proportion of forest area with a long-term management plan [15.2.1],Karagandy,153.6
2018,thousands hectares,Proportion of forest area with a long-term management plan [15.2.1],Kostanay,241.3
2018,thousands hectares,Proportion of forest area with a long-term management plan [15.2.1],Kyzylorda,3118.9
2018,thousands hectares,Proportion of forest area with a long-term management plan [15.2.1],Mangistau,125.2
2018,thousands hectares,Proportion of forest area with a long-term management plan [15.2.1],Pavlodar,261.6
2018,thousands hectares,Proportion of forest area with a long-term management plan [15.2.1],Soltustik Kazakhstan,538.5
2018,thousands hectares,Proportion of forest area with a long-term management plan [15.2.1],Turkistan,1654.4
2018,thousands hectares,Proportion of forest area with a long-term management plan [15.2.1],Shygys Kazakhstan,2020.9
2019,thousands hectares,_L_KZ_150201_1A,,13121.8
2019,thousands hectares,_L_KZ_150201_1A,Akmola,384.2
2019,thousands hectares,_L_KZ_150201_1A,Aktobe,56.3
2019,thousands hectares,_L_KZ_150201_1A,Almaty,2104.2
2019,thousands hectares,_L_KZ_150201_1A,Atyrau,18.7
2019,thousands hectares,_L_KZ_150201_1A,Batys Kazakhstan,91.2
2019,thousands hectares,_L_KZ_150201_1A,Zhambyl,2297.9
2019,thousands hectares,_L_KZ_150201_1A,Karagandy,152.3
2019,thousands hectares,_L_KZ_150201_1A,Kostanay,242.2
2019,thousands hectares,_L_KZ_150201_1A,Kyzylorda,3146.7
2019,thousands hectares,_L_KZ_150201_1A,Mangistau,125.4
2019,thousands hectares,_L_KZ_150201_1A,Pavlodar,267.5
2019,thousands hectares,_L_KZ_150201_1A,Soltustik Kazakhstan,540.4
2019,thousands hectares,_L_KZ_150201_1A,Turkistan,1665.6
2019,thousands hectares,_L_KZ_150201_1A,Shygys Kazakhstan,2029.1
2019,M_METER3,Above-ground biomass in forest (tonnes) [15.2.1],,435.8
2019,M_METER3,Above-ground biomass in forest (tonnes) [15.2.1],Akmola,46.0
2019,M_METER3,Above-ground biomass in forest (tonnes) [15.2.1],Aktobe,1.2
2019,M_METER3,Above-ground biomass in forest (tonnes) [15.2.1],Almaty,51.9
2019,M_METER3,Above-ground biomass in forest (tonnes) [15.2.1],Atyrau,0.4
2019,M_METER3,Above-ground biomass in forest (tonnes) [15.2.1],Batys Kazakhstan,7.9
2019,M_METER3,Above-ground biomass in forest (tonnes) [15.2.1],Zhambyl,3.7
2019,M_METER3,Above-ground biomass in forest (tonnes) [15.2.1],Karagandy,5.7
2019,M_METER3,Above-ground biomass in forest (tonnes) [15.2.1],Kostanay,17.7
2019,M_METER3,Above-ground biomass in forest (tonnes) [15.2.1],Kyzylorda,6.5
2019,M_METER3,Above-ground biomass in forest (tonnes) [15.2.1],Mangistau,0.1
2019,M_METER3,Above-ground biomass in forest (tonnes) [15.2.1],Pavlodar,28.0
2019,M_METER3,Above-ground biomass in forest (tonnes) [15.2.1],Soltustik Kazakhstan,51.0
2019,M_METER3,Above-ground biomass in forest (tonnes) [15.2.1],Turkistan,3.4
2019,M_METER3,Above-ground biomass in forest (tonnes) [15.2.1],Shygys Kazakhstan,212.3
2019,Percent,_L_KZ_150201_1B,,188.6999999999989
2019,Percent,_L_KZ_150201_1B,Akmola,0.4
2019,Percent,_L_KZ_150201_1B,Aktobe,3.8
2019,Percent,_L_KZ_150201_1B,Almaty,154.7
2019,Percent,_L_KZ_150201_1B,Atyrau,0.0
2019,Percent,_L_KZ_150201_1B,Batys Kazakhstan,0.1
2019,Percent,_L_KZ_150201_1B,Zhambyl,-25.2
2019,Percent,_L_KZ_150201_1B,Karagandy,-1.3
2019,Percent,_L_KZ_150201_1B,Kostanay,0.9
2019,Percent,_L_KZ_150201_1B,Kyzylorda,27.8
2019,Percent,_L_KZ_150201_1B,Mangistau,0.2
2019,Percent,_L_KZ_150201_1B,Pavlodar,5.9
2019,Percent,_L_KZ_150201_1B,Soltustik Kazakhstan,1.9
2019,Percent,_L_KZ_150201_1B,Turkistan,11.2
2019,Percent,_L_KZ_150201_1B,Shygys Kazakhstan,8.2
2019,thousands hectares,Proportion of forest area within legally established protected areas [15.2.1],,100.0
2019,thousands hectares,Proportion of forest area within legally established protected areas [15.2.1],Akmola,6.0
2019,thousands hectares,Proportion of forest area within legally established protected areas [15.2.1],Aktobe,0.0
2019,thousands hectares,Proportion of forest area within legally established protected areas [15.2.1],Almaty,22.0
2019,thousands hectares,Proportion of forest area within legally established protected areas [15.2.1],Atyrau,0.0
2019,thousands hectares,Proportion of forest area within legally established protected areas [15.2.1],Batys Kazakhstan,0.0
2019,thousands hectares,Proportion of forest area within legally established protected areas [15.2.1],Zhambyl,17.0
2019,thousands hectares,Proportion of forest area within legally established protected areas [15.2.1],Karagandy,3.0
2019,thousands hectares,Proportion of forest area within legally established protected areas [15.2.1],Kostanay,0.0
2019,thousands hectares,Proportion of forest area within legally established protected areas [15.2.1],Kyzylorda,2.0
2019,thousands hectares,Proportion of forest area within legally established protected areas [15.2.1],Mangistau,0.0
2019,thousands hectares,Proportion of forest area within legally established protected areas [15.2.1],Pavlodar,8.0
2019,thousands hectares,Proportion of forest area within legally established protected areas [15.2.1],Soltustik Kazakhstan,4.0
2019,thousands hectares,Proportion of forest area within legally established protected areas [15.2.1],Turkistan,5.0
2019,thousands hectares,Proportion of forest area within legally established protected areas [15.2.1],Shygys Kazakhstan,33.0
2019,thousands hectares,Proportion of forest area with a long-term management plan [15.2.1],,13121.8
2019,thousands hectares,Proportion of forest area with a long-term management plan [15.2.1],Akmola,384.2
2019,thousands hectares,Proportion of forest area with a long-term management plan [15.2.1],Aktobe,56.3
2019,thousands hectares,Proportion of forest area with a long-term management plan [15.2.1],Almaty,2104.2
2019,thousands hectares,Proportion of forest area with a long-term management plan [15.2.1],Atyrau,18.7
2019,thousands hectares,Proportion of forest area with a long-term management plan [15.2.1],Batys Kazakhstan,91.2
2019,thousands hectares,Proportion of forest area with a long-term management plan [15.2.1],Zhambyl,2297.9
2019,thousands hectares,Proportion of forest area with a long-term management plan [15.2.1],Karagandy,152.3
2019,thousands hectares,Proportion of forest area with a long-term management plan [15.2.1],Kostanay,242.2
2019,thousands hectares,Proportion of forest area with a long-term management plan [15.2.1],Kyzylorda,3146.7
2019,thousands hectares,Proportion of forest area with a long-term management plan [15.2.1],Mangistau,125.4
2019,thousands hectares,Proportion of forest area with a long-term management plan [15.2.1],Pavlodar,267.5
2019,thousands hectares,Proportion of forest area with a long-term management plan [15.2.1],Soltustik Kazakhstan,540.4
2019,thousands hectares,Proportion of forest area with a long-term management plan [15.2.1],Turkistan,1665.6
2019,thousands hectares,Proportion of forest area with a long-term management plan [15.2.1],Shygys Kazakhstan,2029.1
2020,thousands hectares,_L_KZ_150201_1A,,13316.9
2020,thousands hectares,_L_KZ_150201_1A,Akmola,384.8
2020,thousands hectares,_L_KZ_150201_1A,Aktobe,57.3
2020,thousands hectares,_L_KZ_150201_1A,Almaty,2005.9
2020,thousands hectares,_L_KZ_150201_1A,Atyrau,18.7
2020,thousands hectares,_L_KZ_150201_1A,Batys Kazakhstan,89.7
2020,thousands hectares,_L_KZ_150201_1A,Zhambyl,2282.4
2020,thousands hectares,_L_KZ_150201_1A,Karagandy,152.6
2020,thousands hectares,_L_KZ_150201_1A,Kostanay,272.3
2020,thousands hectares,_L_KZ_150201_1A,Kyzylorda,3540.5
2020,thousands hectares,_L_KZ_150201_1A,Mangistau,125.5
2020,thousands hectares,_L_KZ_150201_1A,Pavlodar,270.6
2020,thousands hectares,_L_KZ_150201_1A,Soltustik Kazakhstan,542.7
2020,thousands hectares,_L_KZ_150201_1A,Turkistan,1540.6
2020,thousands hectares,_L_KZ_150201_1A,Shygys Kazakhstan,2033.4
2020,M_METER3,Above-ground biomass in forest (tonnes) [15.2.1],,446.3
2020,M_METER3,Above-ground biomass in forest (tonnes) [15.2.1],Akmola,47.1
2020,M_METER3,Above-ground biomass in forest (tonnes) [15.2.1],Aktobe,1.2
2020,M_METER3,Above-ground biomass in forest (tonnes) [15.2.1],Almaty,52.8
2020,M_METER3,Above-ground biomass in forest (tonnes) [15.2.1],Atyrau,0.4
2020,M_METER3,Above-ground biomass in forest (tonnes) [15.2.1],Batys Kazakhstan,8.0
2020,M_METER3,Above-ground biomass in forest (tonnes) [15.2.1],Zhambyl,3.9
2020,M_METER3,Above-ground biomass in forest (tonnes) [15.2.1],Karagandy,5.8
2020,M_METER3,Above-ground biomass in forest (tonnes) [15.2.1],Kostanay,20.8
2020,M_METER3,Above-ground biomass in forest (tonnes) [15.2.1],Kyzylorda,7.9
2020,M_METER3,Above-ground biomass in forest (tonnes) [15.2.1],Mangistau,0.1
2020,M_METER3,Above-ground biomass in forest (tonnes) [15.2.1],Pavlodar,28.6
2020,M_METER3,Above-ground biomass in forest (tonnes) [15.2.1],Soltustik Kazakhstan,51.7
2020,M_METER3,Above-ground biomass in forest (tonnes) [15.2.1],Turkistan,2.9
2020,M_METER3,Above-ground biomass in forest (tonnes) [15.2.1],Shygys Kazakhstan,215.1
2020,Percent,_L_KZ_150201_1B,,195.1
2020,Percent,_L_KZ_150201_1B,Akmola,0.6
2020,Percent,_L_KZ_150201_1B,Aktobe,1.0
2020,Percent,_L_KZ_150201_1B,Almaty,-98.3
2020,Percent,_L_KZ_150201_1B,Atyrau,0.0
2020,Percent,_L_KZ_150201_1B,Batys Kazakhstan,-1.5
2020,Percent,_L_KZ_150201_1B,Zhambyl,-15.5
2020,Percent,_L_KZ_150201_1B,Karagandy,0.3
2020,Percent,_L_KZ_150201_1B,Kostanay,30.1
2020,Percent,_L_KZ_150201_1B,Kyzylorda,393.8
2020,Percent,_L_KZ_150201_1B,Mangistau,0.1
2020,Percent,_L_KZ_150201_1B,Pavlodar,3.1
2020,Percent,_L_KZ_150201_1B,Soltustik Kazakhstan,2.3
2020,Percent,_L_KZ_150201_1B,Turkistan,-125.0
2020,Percent,_L_KZ_150201_1B,Shygys Kazakhstan,4.3
2020,thousands hectares,Proportion of forest area within legally established protected areas [15.2.1],,100.0
2020,thousands hectares,Proportion of forest area within legally established protected areas [15.2.1],Akmola,3.3
2020,thousands hectares,Proportion of forest area within legally established protected areas [15.2.1],Aktobe,0.1
2020,thousands hectares,Proportion of forest area within legally established protected areas [15.2.1],Almaty,12.9
2020,thousands hectares,Proportion of forest area within legally established protected areas [15.2.1],Atyrau,0.0
2020,thousands hectares,Proportion of forest area within legally established protected areas [15.2.1],Batys Kazakhstan,0.0
2020,thousands hectares,Proportion of forest area within legally established protected areas [15.2.1],Zhambyl,10.0
2020,thousands hectares,Proportion of forest area within legally established protected areas [15.2.1],Karagandy,1.7
2020,thousands hectares,Proportion of forest area within legally established protected areas [15.2.1],Kostanay,0.7
2020,thousands hectares,Proportion of forest area within legally established protected areas [15.2.1],Kyzylorda,18.8
2020,thousands hectares,Proportion of forest area within legally established protected areas [15.2.1],Mangistau,0.0
2020,thousands hectares,Proportion of forest area within legally established protected areas [15.2.1],Pavlodar,4.6
2020,thousands hectares,Proportion of forest area within legally established protected areas [15.2.1],Soltustik Kazakhstan,2.6
2020,thousands hectares,Proportion of forest area within legally established protected areas [15.2.1],Turkistan,25.9
2020,thousands hectares,Proportion of forest area within legally established protected areas [15.2.1],Shygys Kazakhstan,19.4
