Year,UNIT_MEASURE,SERIES,Regions,Value
2010,thousands hectares,"Площадь территории, покрытой лесом",,12317.8
2010,thousands hectares,"Площадь территории, покрытой лесом",Akmola,373.7
2010,thousands hectares,"Площадь территории, покрытой лесом",Aktobe,47.3
2010,thousands hectares,"Площадь территории, покрытой лесом",Almaty,1797.6
2010,thousands hectares,"Площадь территории, покрытой лесом",Atyrau,15.8
2010,thousands hectares,"Площадь территории, покрытой лесом",Batys Kazakhstan,103.3
2010,thousands hectares,"Площадь территории, покрытой лесом",Zhambyl,2213.6
2010,thousands hectares,"Площадь территории, покрытой лесом",Karagandy,155.4
2010,thousands hectares,"Площадь территории, покрытой лесом",Kostanay,222.4
2010,thousands hectares,"Площадь территории, покрытой лесом",Kyzylorda,3094.7
2010,thousands hectares,"Площадь территории, покрытой лесом",Mangistau,122.7
2010,thousands hectares,"Площадь территории, покрытой лесом",Pavlodar,247.0
2010,thousands hectares,"Площадь территории, покрытой лесом",Soltustik Kazakhstan,530.2
2010,thousands hectares,"Площадь территории, покрытой лесом",Turkistan,1603.4
2010,thousands hectares,"Площадь территории, покрытой лесом",Shygys Kazakhstan,1800.8
2010,M_METER3,Above-ground biomass in forest (tonnes) [15.2.1],,380.7
2010,M_METER3,Above-ground biomass in forest (tonnes) [15.2.1],Akmola,42.7
2010,M_METER3,Above-ground biomass in forest (tonnes) [15.2.1],Aktobe,1.0
2010,M_METER3,Above-ground biomass in forest (tonnes) [15.2.1],Almaty,38.7
2010,M_METER3,Above-ground biomass in forest (tonnes) [15.2.1],Atyrau,0.5
2010,M_METER3,Above-ground biomass in forest (tonnes) [15.2.1],Batys Kazakhstan,8.0
2010,M_METER3,Above-ground biomass in forest (tonnes) [15.2.1],Zhambyl,3.4
2010,M_METER3,Above-ground biomass in forest (tonnes) [15.2.1],Karagandy,4.6
2010,M_METER3,Above-ground biomass in forest (tonnes) [15.2.1],Kostanay,16.5
2010,M_METER3,Above-ground biomass in forest (tonnes) [15.2.1],Kyzylorda,6.0
2010,M_METER3,Above-ground biomass in forest (tonnes) [15.2.1],Mangistau,0.1
2010,M_METER3,Above-ground biomass in forest (tonnes) [15.2.1],Pavlodar,26.6
2010,M_METER3,Above-ground biomass in forest (tonnes) [15.2.1],Soltustik Kazakhstan,54.4
2010,M_METER3,Above-ground biomass in forest (tonnes) [15.2.1],Turkistan,3.1
2010,M_METER3,Above-ground biomass in forest (tonnes) [15.2.1],Shygys Kazakhstan,175.1
2010,Percent,Изменение чистой площади лесов,,24.0
2010,Percent,Изменение чистой площади лесов,Akmola,-6.4
2010,Percent,Изменение чистой площади лесов,Aktobe,-0.2
2010,Percent,Изменение чистой площади лесов,Almaty,-0.6
2010,Percent,Изменение чистой площади лесов,Atyrau,0.0
2010,Percent,Изменение чистой площади лесов,Batys Kazakhstan,1.6
2010,Percent,Изменение чистой площади лесов,Zhambyl,2.9
2010,Percent,Изменение чистой площади лесов,Karagandy,10.4
2010,Percent,Изменение чистой площади лесов,Kostanay,7.2
2010,Percent,Изменение чистой площади лесов,Kyzylorda,3.8
2010,Percent,Изменение чистой площади лесов,Mangistau,0.0
2010,Percent,Изменение чистой площади лесов,Pavlodar,1.1
2010,Percent,Изменение чистой площади лесов,Soltustik Kazakhstan,-0.2
2010,Percent,Изменение чистой площади лесов,Turkistan,4.2
2010,Percent,Изменение чистой площади лесов,Shygys Kazakhstan,0.3
2010,thousands hectares,Proportion of forest area within legally established protected areas [15.2.1],,12317.8
2010,thousands hectares,Proportion of forest area within legally established protected areas [15.2.1],Akmola,373.7
2010,thousands hectares,Proportion of forest area within legally established protected areas [15.2.1],Aktobe,47.3
2010,thousands hectares,Proportion of forest area within legally established protected areas [15.2.1],Almaty,1797.6
2010,thousands hectares,Proportion of forest area within legally established protected areas [15.2.1],Atyrau,15.8
2010,thousands hectares,Proportion of forest area within legally established protected areas [15.2.1],Batys Kazakhstan,103.3
2010,thousands hectares,Proportion of forest area within legally established protected areas [15.2.1],Zhambyl,2213.6
2010,thousands hectares,Proportion of forest area within legally established protected areas [15.2.1],Karagandy,155.4
2010,thousands hectares,Proportion of forest area within legally established protected areas [15.2.1],Kostanay,222.4
2010,thousands hectares,Proportion of forest area within legally established protected areas [15.2.1],Kyzylorda,3094.7
2010,thousands hectares,Proportion of forest area within legally established protected areas [15.2.1],Mangistau,122.7
2010,thousands hectares,Proportion of forest area within legally established protected areas [15.2.1],Pavlodar,247.0
2010,thousands hectares,Proportion of forest area within legally established protected areas [15.2.1],Soltustik Kazakhstan,530.2
2010,thousands hectares,Proportion of forest area within legally established protected areas [15.2.1],Turkistan,1603.4
2010,thousands hectares,Proportion of forest area within legally established protected areas [15.2.1],Shygys Kazakhstan,1800.8
2010,thousands hectares,Proportion of forest area with a long-term management plan [15.2.1],,12317.8
2010,thousands hectares,Proportion of forest area with a long-term management plan [15.2.1],Akmola,373.7
2010,thousands hectares,Proportion of forest area with a long-term management plan [15.2.1],Aktobe,47.3
2010,thousands hectares,Proportion of forest area with a long-term management plan [15.2.1],Almaty,1797.6
2010,thousands hectares,Proportion of forest area with a long-term management plan [15.2.1],Atyrau,15.8
2010,thousands hectares,Proportion of forest area with a long-term management plan [15.2.1],Batys Kazakhstan,103.3
2010,thousands hectares,Proportion of forest area with a long-term management plan [15.2.1],Zhambyl,2213.6
2010,thousands hectares,Proportion of forest area with a long-term management plan [15.2.1],Karagandy,155.4
2010,thousands hectares,Proportion of forest area with a long-term management plan [15.2.1],Kostanay,222.4
2010,thousands hectares,Proportion of forest area with a long-term management plan [15.2.1],Kyzylorda,3094.7
2010,thousands hectares,Proportion of forest area with a long-term management plan [15.2.1],Mangistau,122.7
2010,thousands hectares,Proportion of forest area with a long-term management plan [15.2.1],Pavlodar,247.0
2010,thousands hectares,Proportion of forest area with a long-term management plan [15.2.1],Soltustik Kazakhstan,530.2
2010,thousands hectares,Proportion of forest area with a long-term management plan [15.2.1],Turkistan,1603.4
2010,thousands hectares,Proportion of forest area with a long-term management plan [15.2.1],Shygys Kazakhstan,1800.8
2011,thousands hectares,"Площадь территории, покрытой лесом",,12452.0
2011,thousands hectares,"Площадь территории, покрытой лесом",Akmola,378.6
2011,thousands hectares,"Площадь территории, покрытой лесом",Aktobe,47.2
2011,thousands hectares,"Площадь территории, покрытой лесом",Almaty,1850.9
2011,thousands hectares,"Площадь территории, покрытой лесом",Atyrau,15.8
2011,thousands hectares,"Площадь территории, покрытой лесом",Batys Kazakhstan,104.6
2011,thousands hectares,"Площадь территории, покрытой лесом",Zhambyl,2219.6
2011,thousands hectares,"Площадь территории, покрытой лесом",Karagandy,155.4
2011,thousands hectares,"Площадь территории, покрытой лесом",Kostanay,223.7
2011,thousands hectares,"Площадь территории, покрытой лесом",Kyzylorda,3088.2
2011,thousands hectares,"Площадь территории, покрытой лесом",Mangistau,122.8
2011,thousands hectares,"Площадь территории, покрытой лесом",Pavlodar,249.9
2011,thousands hectares,"Площадь территории, покрытой лесом",Soltustik Kazakhstan,529.4
2011,thousands hectares,"Площадь территории, покрытой лесом",Turkistan,1603.4
2011,thousands hectares,"Площадь территории, покрытой лесом",Shygys Kazakhstan,1862.5
2011,M_METER3,Above-ground biomass in forest (tonnes) [15.2.1],,380.7
2011,M_METER3,Above-ground biomass in forest (tonnes) [15.2.1],Akmola,42.7
2011,M_METER3,Above-ground biomass in forest (tonnes) [15.2.1],Aktobe,1.0
2011,M_METER3,Above-ground biomass in forest (tonnes) [15.2.1],Almaty,38.7
2011,M_METER3,Above-ground biomass in forest (tonnes) [15.2.1],Atyrau,0.5
2011,M_METER3,Above-ground biomass in forest (tonnes) [15.2.1],Batys Kazakhstan,8.0
2011,M_METER3,Above-ground biomass in forest (tonnes) [15.2.1],Zhambyl,3.4
2011,M_METER3,Above-ground biomass in forest (tonnes) [15.2.1],Karagandy,4.6
2011,M_METER3,Above-ground biomass in forest (tonnes) [15.2.1],Kostanay,16.5
2011,M_METER3,Above-ground biomass in forest (tonnes) [15.2.1],Kyzylorda,6.0
2011,M_METER3,Above-ground biomass in forest (tonnes) [15.2.1],Mangistau,0.1
2011,M_METER3,Above-ground biomass in forest (tonnes) [15.2.1],Pavlodar,26.6
2011,M_METER3,Above-ground biomass in forest (tonnes) [15.2.1],Soltustik Kazakhstan,54.4
2011,M_METER3,Above-ground biomass in forest (tonnes) [15.2.1],Turkistan,3.1
2011,M_METER3,Above-ground biomass in forest (tonnes) [15.2.1],Shygys Kazakhstan,175.1
2011,Percent,Изменение чистой площади лесов,,134.20000000000073
2011,Percent,Изменение чистой площади лесов,Akmola,4.900000000000034
2011,Percent,Изменение чистой площади лесов,Aktobe,-0.0999999999999943
2011,Percent,Изменение чистой площади лесов,Almaty,53.30000000000018
2011,Percent,Изменение чистой площади лесов,Atyrau,0.0
2011,Percent,Изменение чистой площади лесов,Batys Kazakhstan,1.2999999999999972
2011,Percent,Изменение чистой площади лесов,Zhambyl,6.0
2011,Percent,Изменение чистой площади лесов,Karagandy,0.0
2011,Percent,Изменение чистой площади лесов,Kostanay,1.299999999999983
2011,Percent,Изменение чистой площади лесов,Kyzylorda,-6.5
2011,Percent,Изменение чистой площади лесов,Mangistau,0.0999999999999943
2011,Percent,Изменение чистой площади лесов,Pavlodar,2.9000000000000057
2011,Percent,Изменение чистой площади лесов,Soltustik Kazakhstan,-0.8
2011,Percent,Изменение чистой площади лесов,Turkistan,0.0
2011,Percent,Изменение чистой площади лесов,Shygys Kazakhstan,61.700000000000045
2011,thousands hectares,Proportion of forest area within legally established protected areas [15.2.1],,12452.0
2011,thousands hectares,Proportion of forest area within legally established protected areas [15.2.1],Akmola,378.6
2011,thousands hectares,Proportion of forest area within legally established protected areas [15.2.1],Aktobe,47.2
2011,thousands hectares,Proportion of forest area within legally established protected areas [15.2.1],Almaty,1850.9
2011,thousands hectares,Proportion of forest area within legally established protected areas [15.2.1],Atyrau,15.8
2011,thousands hectares,Proportion of forest area within legally established protected areas [15.2.1],Batys Kazakhstan,104.6
2011,thousands hectares,Proportion of forest area within legally established protected areas [15.2.1],Zhambyl,2219.6
2011,thousands hectares,Proportion of forest area within legally established protected areas [15.2.1],Karagandy,155.4
2011,thousands hectares,Proportion of forest area within legally established protected areas [15.2.1],Kostanay,223.7
2011,thousands hectares,Proportion of forest area within legally established protected areas [15.2.1],Kyzylorda,3088.2
2011,thousands hectares,Proportion of forest area within legally established protected areas [15.2.1],Mangistau,122.8
2011,thousands hectares,Proportion of forest area within legally established protected areas [15.2.1],Pavlodar,249.9
2011,thousands hectares,Proportion of forest area within legally established protected areas [15.2.1],Soltustik Kazakhstan,529.4
2011,thousands hectares,Proportion of forest area within legally established protected areas [15.2.1],Turkistan,1603.4
2011,thousands hectares,Proportion of forest area within legally established protected areas [15.2.1],Shygys Kazakhstan,1862.5
2011,thousands hectares,Proportion of forest area with a long-term management plan [15.2.1],,12452.0
2011,thousands hectares,Proportion of forest area with a long-term management plan [15.2.1],Akmola,378.6
2011,thousands hectares,Proportion of forest area with a long-term management plan [15.2.1],Aktobe,47.2
2011,thousands hectares,Proportion of forest area with a long-term management plan [15.2.1],Almaty,1850.9
2011,thousands hectares,Proportion of forest area with a long-term management plan [15.2.1],Atyrau,15.8
2011,thousands hectares,Proportion of forest area with a long-term management plan [15.2.1],Batys Kazakhstan,104.6
2011,thousands hectares,Proportion of forest area with a long-term management plan [15.2.1],Zhambyl,2219.6
2011,thousands hectares,Proportion of forest area with a long-term management plan [15.2.1],Karagandy,155.4
2011,thousands hectares,Proportion of forest area with a long-term management plan [15.2.1],Kostanay,223.7
2011,thousands hectares,Proportion of forest area with a long-term management plan [15.2.1],Kyzylorda,3088.2
2011,thousands hectares,Proportion of forest area with a long-term management plan [15.2.1],Mangistau,122.8
2011,thousands hectares,Proportion of forest area with a long-term management plan [15.2.1],Pavlodar,249.9
2011,thousands hectares,Proportion of forest area with a long-term management plan [15.2.1],Soltustik Kazakhstan,529.4
2011,thousands hectares,Proportion of forest area with a long-term management plan [15.2.1],Turkistan,1603.4
2011,thousands hectares,Proportion of forest area with a long-term management plan [15.2.1],Shygys Kazakhstan,1862.5
2012,thousands hectares,"Площадь территории, покрытой лесом",,12548.6
2012,thousands hectares,"Площадь территории, покрытой лесом",Akmola,378.0
2012,thousands hectares,"Площадь территории, покрытой лесом",Aktobe,47.9
2012,thousands hectares,"Площадь территории, покрытой лесом",Almaty,1851.7
2012,thousands hectares,"Площадь территории, покрытой лесом",Atyrau,15.8
2012,thousands hectares,"Площадь территории, покрытой лесом",Batys Kazakhstan,106.1
2012,thousands hectares,"Площадь территории, покрытой лесом",Zhambyl,2222.3
2012,thousands hectares,"Площадь территории, покрытой лесом",Karagandy,156.0
2012,thousands hectares,"Площадь территории, покрытой лесом",Kostanay,224.1
2012,thousands hectares,"Площадь территории, покрытой лесом",Kyzylorda,3056.8
2012,thousands hectares,"Площадь территории, покрытой лесом",Mangistau,122.8
2012,thousands hectares,"Площадь территории, покрытой лесом",Pavlodar,249.3
2012,thousands hectares,"Площадь территории, покрытой лесом",Soltustik Kazakhstan,529.7
2012,thousands hectares,"Площадь территории, покрытой лесом",Turkistan,1614.1
2012,thousands hectares,"Площадь территории, покрытой лесом",Shygys Kazakhstan,1974.1
2012,M_METER3,Above-ground biomass in forest (tonnes) [15.2.1],,412.2
2012,M_METER3,Above-ground biomass in forest (tonnes) [15.2.1],Akmola,45.4
2012,M_METER3,Above-ground biomass in forest (tonnes) [15.2.1],Aktobe,1.1
2012,M_METER3,Above-ground biomass in forest (tonnes) [15.2.1],Almaty,40.7
2012,M_METER3,Above-ground biomass in forest (tonnes) [15.2.1],Atyrau,0.5
2012,M_METER3,Above-ground biomass in forest (tonnes) [15.2.1],Batys Kazakhstan,8.3
2012,M_METER3,Above-ground biomass in forest (tonnes) [15.2.1],Zhambyl,3.4
2012,M_METER3,Above-ground biomass in forest (tonnes) [15.2.1],Karagandy,4.6
2012,M_METER3,Above-ground biomass in forest (tonnes) [15.2.1],Kostanay,15.5
2012,M_METER3,Above-ground biomass in forest (tonnes) [15.2.1],Kyzylorda,5.9
2012,M_METER3,Above-ground biomass in forest (tonnes) [15.2.1],Mangistau,0.1
2012,M_METER3,Above-ground biomass in forest (tonnes) [15.2.1],Pavlodar,27.0
2012,M_METER3,Above-ground biomass in forest (tonnes) [15.2.1],Soltustik Kazakhstan,52.0
2012,M_METER3,Above-ground biomass in forest (tonnes) [15.2.1],Turkistan,3.1
2012,M_METER3,Above-ground biomass in forest (tonnes) [15.2.1],Shygys Kazakhstan,204.6
2012,Percent,Изменение чистой площади лесов,,96.60000000000036
2012,Percent,Изменение чистой площади лесов,Akmola,-0.6000000000000227
2012,Percent,Изменение чистой площади лесов,Aktobe,0.6999999999999957
2012,Percent,Изменение чистой площади лесов,Almaty,0.7999999999999545
2012,Percent,Изменение чистой площади лесов,Atyrau,0.0
2012,Percent,Изменение чистой площади лесов,Batys Kazakhstan,1.5
2012,Percent,Изменение чистой площади лесов,Zhambyl,2.700000000000273
2012,Percent,Изменение чистой площади лесов,Karagandy,0.5999999999999943
2012,Percent,Изменение чистой площади лесов,Kostanay,0.4000000000000057
2012,Percent,Изменение чистой площади лесов,Kyzylorda,-31.39999999999964
2012,Percent,Изменение чистой площади лесов,Mangistau,0.0
2012,Percent,Изменение чистой площади лесов,Pavlodar,-0.5999999999999943
2012,Percent,Изменение чистой площади лесов,Soltustik Kazakhstan,0.3
2012,Percent,Изменение чистой площади лесов,Turkistan,10.699999999999818
2012,Percent,Изменение чистой площади лесов,Shygys Kazakhstan,111.59999999999992
2012,thousands hectares,Proportion of forest area within legally established protected areas [15.2.1],,12548.6
2012,thousands hectares,Proportion of forest area within legally established protected areas [15.2.1],Akmola,378.0
2012,thousands hectares,Proportion of forest area within legally established protected areas [15.2.1],Aktobe,47.9
2012,thousands hectares,Proportion of forest area within legally established protected areas [15.2.1],Almaty,1851.7
2012,thousands hectares,Proportion of forest area within legally established protected areas [15.2.1],Atyrau,15.8
2012,thousands hectares,Proportion of forest area within legally established protected areas [15.2.1],Batys Kazakhstan,106.1
2012,thousands hectares,Proportion of forest area within legally established protected areas [15.2.1],Zhambyl,2222.3
2012,thousands hectares,Proportion of forest area within legally established protected areas [15.2.1],Karagandy,156.0
2012,thousands hectares,Proportion of forest area within legally established protected areas [15.2.1],Kostanay,224.1
2012,thousands hectares,Proportion of forest area within legally established protected areas [15.2.1],Kyzylorda,3056.8
2012,thousands hectares,Proportion of forest area within legally established protected areas [15.2.1],Mangistau,122.8
2012,thousands hectares,Proportion of forest area within legally established protected areas [15.2.1],Pavlodar,249.3
2012,thousands hectares,Proportion of forest area within legally established protected areas [15.2.1],Soltustik Kazakhstan,529.7
2012,thousands hectares,Proportion of forest area within legally established protected areas [15.2.1],Turkistan,1614.1
2012,thousands hectares,Proportion of forest area within legally established protected areas [15.2.1],Shygys Kazakhstan,1974.1
2012,thousands hectares,Proportion of forest area with a long-term management plan [15.2.1],,12548.6
2012,thousands hectares,Proportion of forest area with a long-term management plan [15.2.1],Akmola,378.0
2012,thousands hectares,Proportion of forest area with a long-term management plan [15.2.1],Aktobe,47.9
2012,thousands hectares,Proportion of forest area with a long-term management plan [15.2.1],Almaty,1851.7
2012,thousands hectares,Proportion of forest area with a long-term management plan [15.2.1],Atyrau,15.8
2012,thousands hectares,Proportion of forest area with a long-term management plan [15.2.1],Batys Kazakhstan,106.1
2012,thousands hectares,Proportion of forest area with a long-term management plan [15.2.1],Zhambyl,2222.3
2012,thousands hectares,Proportion of forest area with a long-term management plan [15.2.1],Karagandy,156.0
2012,thousands hectares,Proportion of forest area with a long-term management plan [15.2.1],Kostanay,224.1
2012,thousands hectares,Proportion of forest area with a long-term management plan [15.2.1],Kyzylorda,3056.8
2012,thousands hectares,Proportion of forest area with a long-term management plan [15.2.1],Mangistau,122.8
2012,thousands hectares,Proportion of forest area with a long-term management plan [15.2.1],Pavlodar,249.3
2012,thousands hectares,Proportion of forest area with a long-term management plan [15.2.1],Soltustik Kazakhstan,529.7
2012,thousands hectares,Proportion of forest area with a long-term management plan [15.2.1],Turkistan,1614.1
2012,thousands hectares,Proportion of forest area with a long-term management plan [15.2.1],Shygys Kazakhstan,1974.1
2013,thousands hectares,"Площадь территории, покрытой лесом",,12593.9
2013,thousands hectares,"Площадь территории, покрытой лесом",Akmola,379.3
2013,thousands hectares,"Площадь территории, покрытой лесом",Aktobe,49.8
2013,thousands hectares,"Площадь территории, покрытой лесом",Almaty,1854.4
2013,thousands hectares,"Площадь территории, покрытой лесом",Atyrau,16.4
2013,thousands hectares,"Площадь территории, покрытой лесом",Batys Kazakhstan,106.1
2013,thousands hectares,"Площадь территории, покрытой лесом",Zhambyl,2231.0
2013,thousands hectares,"Площадь территории, покрытой лесом",Karagandy,155.6
2013,thousands hectares,"Площадь территории, покрытой лесом",Kostanay,229.0
2013,thousands hectares,"Площадь территории, покрытой лесом",Kyzylorda,3055.0
2013,thousands hectares,"Площадь территории, покрытой лесом",Mangistau,122.4
2013,thousands hectares,"Площадь территории, покрытой лесом",Pavlodar,250.5
2013,thousands hectares,"Площадь территории, покрытой лесом",Soltustik Kazakhstan,529.3
2013,thousands hectares,"Площадь территории, покрытой лесом",Turkistan,1614.2
2013,thousands hectares,"Площадь территории, покрытой лесом",Shygys Kazakhstan,2000.8
2013,M_METER3,Above-ground biomass in forest (tonnes) [15.2.1],,412.2
2013,M_METER3,Above-ground biomass in forest (tonnes) [15.2.1],Akmola,45.4
2013,M_METER3,Above-ground biomass in forest (tonnes) [15.2.1],Aktobe,1.1
2013,M_METER3,Above-ground biomass in forest (tonnes) [15.2.1],Almaty,40.7
2013,M_METER3,Above-ground biomass in forest (tonnes) [15.2.1],Atyrau,0.5
2013,M_METER3,Above-ground biomass in forest (tonnes) [15.2.1],Batys Kazakhstan,8.3
2013,M_METER3,Above-ground biomass in forest (tonnes) [15.2.1],Zhambyl,3.4
2013,M_METER3,Above-ground biomass in forest (tonnes) [15.2.1],Karagandy,4.6
2013,M_METER3,Above-ground biomass in forest (tonnes) [15.2.1],Kostanay,15.5
2013,M_METER3,Above-ground biomass in forest (tonnes) [15.2.1],Kyzylorda,5.9
2013,M_METER3,Above-ground biomass in forest (tonnes) [15.2.1],Mangistau,0.1
2013,M_METER3,Above-ground biomass in forest (tonnes) [15.2.1],Pavlodar,27.0
2013,M_METER3,Above-ground biomass in forest (tonnes) [15.2.1],Soltustik Kazakhstan,52.0
2013,M_METER3,Above-ground biomass in forest (tonnes) [15.2.1],Turkistan,3.1
2013,M_METER3,Above-ground biomass in forest (tonnes) [15.2.1],Shygys Kazakhstan,204.6
2013,Percent,Изменение чистой площади лесов,,45.29999999999927
2013,Percent,Изменение чистой площади лесов,Akmola,1.3000000000000114
2013,Percent,Изменение чистой площади лесов,Aktobe,1.8999999999999984
2013,Percent,Изменение чистой площади лесов,Almaty,2.700000000000045
2013,Percent,Изменение чистой площади лесов,Atyrau,0.5999999999999979
2013,Percent,Изменение чистой площади лесов,Batys Kazakhstan,0.0
2013,Percent,Изменение чистой площади лесов,Zhambyl,8.699999999999818
2013,Percent,Изменение чистой площади лесов,Karagandy,-0.4000000000000057
2013,Percent,Изменение чистой площади лесов,Kostanay,4.900000000000006
2013,Percent,Изменение чистой площади лесов,Kyzylorda,-1.800000000000182
2013,Percent,Изменение чистой площади лесов,Mangistau,-0.3999999999999915
2013,Percent,Изменение чистой площади лесов,Pavlodar,1.2
2013,Percent,Изменение чистой площади лесов,Soltustik Kazakhstan,-0.4000000000000909
2013,Percent,Изменение чистой площади лесов,Turkistan,0.1000000000001364
2013,Percent,Изменение чистой площади лесов,Shygys Kazakhstan,26.700000000000045
2013,thousands hectares,Proportion of forest area within legally established protected areas [15.2.1],,12593.9
2013,thousands hectares,Proportion of forest area within legally established protected areas [15.2.1],Akmola,379.3
2013,thousands hectares,Proportion of forest area within legally established protected areas [15.2.1],Aktobe,49.8
2013,thousands hectares,Proportion of forest area within legally established protected areas [15.2.1],Almaty,1854.4
2013,thousands hectares,Proportion of forest area within legally established protected areas [15.2.1],Atyrau,16.4
2013,thousands hectares,Proportion of forest area within legally established protected areas [15.2.1],Batys Kazakhstan,106.1
2013,thousands hectares,Proportion of forest area within legally established protected areas [15.2.1],Zhambyl,2231.0
2013,thousands hectares,Proportion of forest area within legally established protected areas [15.2.1],Karagandy,155.6
2013,thousands hectares,Proportion of forest area within legally established protected areas [15.2.1],Kostanay,229.0
2013,thousands hectares,Proportion of forest area within legally established protected areas [15.2.1],Kyzylorda,3055.0
2013,thousands hectares,Proportion of forest area within legally established protected areas [15.2.1],Mangistau,122.4
2013,thousands hectares,Proportion of forest area within legally established protected areas [15.2.1],Pavlodar,250.5
2013,thousands hectares,Proportion of forest area within legally established protected areas [15.2.1],Soltustik Kazakhstan,529.3
2013,thousands hectares,Proportion of forest area within legally established protected areas [15.2.1],Turkistan,1614.2
2013,thousands hectares,Proportion of forest area within legally established protected areas [15.2.1],Shygys Kazakhstan,2000.8
2013,thousands hectares,Proportion of forest area with a long-term management plan [15.2.1],,12593.9
2013,thousands hectares,Proportion of forest area with a long-term management plan [15.2.1],Akmola,379.3
2013,thousands hectares,Proportion of forest area with a long-term management plan [15.2.1],Aktobe,49.8
2013,thousands hectares,Proportion of forest area with a long-term management plan [15.2.1],Almaty,1854.4
2013,thousands hectares,Proportion of forest area with a long-term management plan [15.2.1],Atyrau,16.4
2013,thousands hectares,Proportion of forest area with a long-term management plan [15.2.1],Batys Kazakhstan,106.1
2013,thousands hectares,Proportion of forest area with a long-term management plan [15.2.1],Zhambyl,2231.0
2013,thousands hectares,Proportion of forest area with a long-term management plan [15.2.1],Karagandy,155.6
2013,thousands hectares,Proportion of forest area with a long-term management plan [15.2.1],Kostanay,229.0
2013,thousands hectares,Proportion of forest area with a long-term management plan [15.2.1],Kyzylorda,3055.0
2013,thousands hectares,Proportion of forest area with a long-term management plan [15.2.1],Mangistau,122.4
2013,thousands hectares,Proportion of forest area with a long-term management plan [15.2.1],Pavlodar,250.5
2013,thousands hectares,Proportion of forest area with a long-term management plan [15.2.1],Soltustik Kazakhstan,529.3
2013,thousands hectares,Proportion of forest area with a long-term management plan [15.2.1],Turkistan,1614.2
2013,thousands hectares,Proportion of forest area with a long-term management plan [15.2.1],Shygys Kazakhstan,2000.8
2014,thousands hectares,"Площадь территории, покрытой лесом",,12627.0
2014,thousands hectares,"Площадь территории, покрытой лесом",Akmola,379.4
2014,thousands hectares,"Площадь территории, покрытой лесом",Aktobe,50.3
2014,thousands hectares,"Площадь территории, покрытой лесом",Almaty,1856.2
2014,thousands hectares,"Площадь территории, покрытой лесом",Atyrau,16.4
2014,thousands hectares,"Площадь территории, покрытой лесом",Batys Kazakhstan,106.0
2014,thousands hectares,"Площадь территории, покрытой лесом",Zhambyl,2236.1
2014,thousands hectares,"Площадь территории, покрытой лесом",Karagandy,155.8
2014,thousands hectares,"Площадь территории, покрытой лесом",Kostanay,234.9
2014,thousands hectares,"Площадь территории, покрытой лесом",Kyzylorda,3063.0
2014,thousands hectares,"Площадь территории, покрытой лесом",Mangistau,122.4
2014,thousands hectares,"Площадь территории, покрытой лесом",Pavlodar,253.1
2014,thousands hectares,"Площадь территории, покрытой лесом",Soltustik Kazakhstan,531.9
2014,thousands hectares,"Площадь территории, покрытой лесом",Turkistan,1616.8
2014,thousands hectares,"Площадь территории, покрытой лесом",Shygys Kazakhstan,2004.7
2014,M_METER3,Above-ground biomass in forest (tonnes) [15.2.1],,412.2
2014,M_METER3,Above-ground biomass in forest (tonnes) [15.2.1],Akmola,45.4
2014,M_METER3,Above-ground biomass in forest (tonnes) [15.2.1],Aktobe,1.1
2014,M_METER3,Above-ground biomass in forest (tonnes) [15.2.1],Almaty,40.7
2014,M_METER3,Above-ground biomass in forest (tonnes) [15.2.1],Atyrau,0.5
2014,M_METER3,Above-ground biomass in forest (tonnes) [15.2.1],Batys Kazakhstan,8.3
2014,M_METER3,Above-ground biomass in forest (tonnes) [15.2.1],Zhambyl,3.4
2014,M_METER3,Above-ground biomass in forest (tonnes) [15.2.1],Karagandy,4.6
2014,M_METER3,Above-ground biomass in forest (tonnes) [15.2.1],Kostanay,15.5
2014,M_METER3,Above-ground biomass in forest (tonnes) [15.2.1],Kyzylorda,5.9
2014,M_METER3,Above-ground biomass in forest (tonnes) [15.2.1],Mangistau,0.1
2014,M_METER3,Above-ground biomass in forest (tonnes) [15.2.1],Pavlodar,27.0
2014,M_METER3,Above-ground biomass in forest (tonnes) [15.2.1],Soltustik Kazakhstan,52.0
2014,M_METER3,Above-ground biomass in forest (tonnes) [15.2.1],Turkistan,3.1
2014,M_METER3,Above-ground biomass in forest (tonnes) [15.2.1],Shygys Kazakhstan,204.6
2014,Percent,Изменение чистой площади лесов,,33.100000000000364
2014,Percent,Изменение чистой площади лесов,Akmola,0.0999999999999659
2014,Percent,Изменение чистой площади лесов,Aktobe,0.5
2014,Percent,Изменение чистой площади лесов,Almaty,1.7999999999999543
2014,Percent,Изменение чистой площади лесов,Atyrau,0.0
2014,Percent,Изменение чистой площади лесов,Batys Kazakhstan,-0.0999999999999943
2014,Percent,Изменение чистой площади лесов,Zhambyl,5.099999999999909
2014,Percent,Изменение чистой площади лесов,Karagandy,0.200000000000017
2014,Percent,Изменение чистой площади лесов,Kostanay,5.900000000000006
2014,Percent,Изменение чистой площади лесов,Kyzylorda,8.0
2014,Percent,Изменение чистой площади лесов,Mangistau,0.0
2014,Percent,Изменение чистой площади лесов,Pavlodar,2.6
2014,Percent,Изменение чистой площади лесов,Soltustik Kazakhstan,2.6000000000000227
2014,Percent,Изменение чистой площади лесов,Turkistan,2.599999999999909
2014,Percent,Изменение чистой площади лесов,Shygys Kazakhstan,3.900000000000091
2014,thousands hectares,Proportion of forest area within legally established protected areas [15.2.1],,12627.0
2014,thousands hectares,Proportion of forest area within legally established protected areas [15.2.1],Akmola,379.4
2014,thousands hectares,Proportion of forest area within legally established protected areas [15.2.1],Aktobe,50.3
2014,thousands hectares,Proportion of forest area within legally established protected areas [15.2.1],Almaty,1856.2
2014,thousands hectares,Proportion of forest area within legally established protected areas [15.2.1],Atyrau,16.4
2014,thousands hectares,Proportion of forest area within legally established protected areas [15.2.1],Batys Kazakhstan,106.0
2014,thousands hectares,Proportion of forest area within legally established protected areas [15.2.1],Zhambyl,2236.1
2014,thousands hectares,Proportion of forest area within legally established protected areas [15.2.1],Karagandy,155.8
2014,thousands hectares,Proportion of forest area within legally established protected areas [15.2.1],Kostanay,234.9
2014,thousands hectares,Proportion of forest area within legally established protected areas [15.2.1],Kyzylorda,3063.0
2014,thousands hectares,Proportion of forest area within legally established protected areas [15.2.1],Mangistau,122.4
2014,thousands hectares,Proportion of forest area within legally established protected areas [15.2.1],Pavlodar,253.1
2014,thousands hectares,Proportion of forest area within legally established protected areas [15.2.1],Soltustik Kazakhstan,531.9
2014,thousands hectares,Proportion of forest area within legally established protected areas [15.2.1],Turkistan,1616.8
2014,thousands hectares,Proportion of forest area within legally established protected areas [15.2.1],Shygys Kazakhstan,2004.7
2014,thousands hectares,Proportion of forest area with a long-term management plan [15.2.1],,12627.0
2014,thousands hectares,Proportion of forest area with a long-term management plan [15.2.1],Akmola,379.4
2014,thousands hectares,Proportion of forest area with a long-term management plan [15.2.1],Aktobe,50.3
2014,thousands hectares,Proportion of forest area with a long-term management plan [15.2.1],Almaty,1856.2
2014,thousands hectares,Proportion of forest area with a long-term management plan [15.2.1],Atyrau,16.4
2014,thousands hectares,Proportion of forest area with a long-term management plan [15.2.1],Batys Kazakhstan,106.0
2014,thousands hectares,Proportion of forest area with a long-term management plan [15.2.1],Zhambyl,2236.1
2014,thousands hectares,Proportion of forest area with a long-term management plan [15.2.1],Karagandy,155.8
2014,thousands hectares,Proportion of forest area with a long-term management plan [15.2.1],Kostanay,234.9
2014,thousands hectares,Proportion of forest area with a long-term management plan [15.2.1],Kyzylorda,3063.0
2014,thousands hectares,Proportion of forest area with a long-term management plan [15.2.1],Mangistau,122.4
2014,thousands hectares,Proportion of forest area with a long-term management plan [15.2.1],Pavlodar,253.1
2014,thousands hectares,Proportion of forest area with a long-term management plan [15.2.1],Soltustik Kazakhstan,531.9
2014,thousands hectares,Proportion of forest area with a long-term management plan [15.2.1],Turkistan,1616.8
2014,thousands hectares,Proportion of forest area with a long-term management plan [15.2.1],Shygys Kazakhstan,2004.7
2015,thousands hectares,"Площадь территории, покрытой лесом",,12652.4
2015,thousands hectares,"Площадь территории, покрытой лесом",Akmola,380.3
2015,thousands hectares,"Площадь территории, покрытой лесом",Aktobe,51.6
2015,thousands hectares,"Площадь территории, покрытой лесом",Almaty,1870.6
2015,thousands hectares,"Площадь территории, покрытой лесом",Atyrau,16.5
2015,thousands hectares,"Площадь территории, покрытой лесом",Batys Kazakhstan,103.9
2015,thousands hectares,"Площадь территории, покрытой лесом",Zhambyl,2240.6
2015,thousands hectares,"Площадь территории, покрытой лесом",Karagandy,153.3
2015,thousands hectares,"Площадь территории, покрытой лесом",Kostanay,236.4
2015,thousands hectares,"Площадь территории, покрытой лесом",Kyzylorda,3059.1
2015,thousands hectares,"Площадь территории, покрытой лесом",Mangistau,122.4
2015,thousands hectares,"Площадь территории, покрытой лесом",Pavlodar,254.5
2015,thousands hectares,"Площадь территории, покрытой лесом",Soltustik Kazakhstan,534.0
2015,thousands hectares,"Площадь территории, покрытой лесом",Turkistan,1623.7
2015,thousands hectares,"Площадь территории, покрытой лесом",Shygys Kazakhstan,2005.3
2015,M_METER3,Above-ground biomass in forest (tonnes) [15.2.1],,412.2
2015,M_METER3,Above-ground biomass in forest (tonnes) [15.2.1],Akmola,45.4
2015,M_METER3,Above-ground biomass in forest (tonnes) [15.2.1],Aktobe,1.1
2015,M_METER3,Above-ground biomass in forest (tonnes) [15.2.1],Almaty,40.7
2015,M_METER3,Above-ground biomass in forest (tonnes) [15.2.1],Atyrau,0.5
2015,M_METER3,Above-ground biomass in forest (tonnes) [15.2.1],Batys Kazakhstan,8.3
2015,M_METER3,Above-ground biomass in forest (tonnes) [15.2.1],Zhambyl,3.4
2015,M_METER3,Above-ground biomass in forest (tonnes) [15.2.1],Karagandy,4.6
2015,M_METER3,Above-ground biomass in forest (tonnes) [15.2.1],Kostanay,15.5
2015,M_METER3,Above-ground biomass in forest (tonnes) [15.2.1],Kyzylorda,5.9
2015,M_METER3,Above-ground biomass in forest (tonnes) [15.2.1],Mangistau,0.1
2015,M_METER3,Above-ground biomass in forest (tonnes) [15.2.1],Pavlodar,27.0
2015,M_METER3,Above-ground biomass in forest (tonnes) [15.2.1],Soltustik Kazakhstan,52.0
2015,M_METER3,Above-ground biomass in forest (tonnes) [15.2.1],Turkistan,3.1
2015,M_METER3,Above-ground biomass in forest (tonnes) [15.2.1],Shygys Kazakhstan,204.6
2015,Percent,Изменение чистой площади лесов,,25.39999999999964
2015,Percent,Изменение чистой площади лесов,Akmola,0.9000000000000341
2015,Percent,Изменение чистой площади лесов,Aktobe,1.3000000000000045
2015,Percent,Изменение чистой площади лесов,Almaty,14.399999999999864
2015,Percent,Изменение чистой площади лесов,Atyrau,0.1000000000000014
2015,Percent,Изменение чистой площади лесов,Batys Kazakhstan,-2.0999999999999943
2015,Percent,Изменение чистой площади лесов,Zhambyl,4.5
2015,Percent,Изменение чистой площади лесов,Karagandy,-2.5
2015,Percent,Изменение чистой площади лесов,Kostanay,1.5
2015,Percent,Изменение чистой площади лесов,Kyzylorda,-3.900000000000091
2015,Percent,Изменение чистой площади лесов,Mangistau,0.0
2015,Percent,Изменение чистой площади лесов,Pavlodar,1.4000000000000057
2015,Percent,Изменение чистой площади лесов,Soltustik Kazakhstan,2.1000000000000227
2015,Percent,Изменение чистой площади лесов,Turkistan,6.900000000000091
2015,Percent,Изменение чистой площади лесов,Shygys Kazakhstan,0.599999999999909
2015,thousands hectares,Proportion of forest area within legally established protected areas [15.2.1],,12652.4
2015,thousands hectares,Proportion of forest area within legally established protected areas [15.2.1],Akmola,380.3
2015,thousands hectares,Proportion of forest area within legally established protected areas [15.2.1],Aktobe,51.6
2015,thousands hectares,Proportion of forest area within legally established protected areas [15.2.1],Almaty,1870.6
2015,thousands hectares,Proportion of forest area within legally established protected areas [15.2.1],Atyrau,16.5
2015,thousands hectares,Proportion of forest area within legally established protected areas [15.2.1],Batys Kazakhstan,103.9
2015,thousands hectares,Proportion of forest area within legally established protected areas [15.2.1],Zhambyl,2240.6
2015,thousands hectares,Proportion of forest area within legally established protected areas [15.2.1],Karagandy,153.3
2015,thousands hectares,Proportion of forest area within legally established protected areas [15.2.1],Kostanay,236.4
2015,thousands hectares,Proportion of forest area within legally established protected areas [15.2.1],Kyzylorda,3059.1
2015,thousands hectares,Proportion of forest area within legally established protected areas [15.2.1],Mangistau,122.4
2015,thousands hectares,Proportion of forest area within legally established protected areas [15.2.1],Pavlodar,254.5
2015,thousands hectares,Proportion of forest area within legally established protected areas [15.2.1],Soltustik Kazakhstan,534.0
2015,thousands hectares,Proportion of forest area within legally established protected areas [15.2.1],Turkistan,1623.7
2015,thousands hectares,Proportion of forest area within legally established protected areas [15.2.1],Shygys Kazakhstan,2005.3
2015,thousands hectares,Proportion of forest area with a long-term management plan [15.2.1],,12652.4
2015,thousands hectares,Proportion of forest area with a long-term management plan [15.2.1],Akmola,380.3
2015,thousands hectares,Proportion of forest area with a long-term management plan [15.2.1],Aktobe,51.6
2015,thousands hectares,Proportion of forest area with a long-term management plan [15.2.1],Almaty,1870.6
2015,thousands hectares,Proportion of forest area with a long-term management plan [15.2.1],Atyrau,16.5
2015,thousands hectares,Proportion of forest area with a long-term management plan [15.2.1],Batys Kazakhstan,103.9
2015,thousands hectares,Proportion of forest area with a long-term management plan [15.2.1],Zhambyl,2240.6
2015,thousands hectares,Proportion of forest area with a long-term management plan [15.2.1],Karagandy,153.3
2015,thousands hectares,Proportion of forest area with a long-term management plan [15.2.1],Kostanay,236.4
2015,thousands hectares,Proportion of forest area with a long-term management plan [15.2.1],Kyzylorda,3059.1
2015,thousands hectares,Proportion of forest area with a long-term management plan [15.2.1],Mangistau,122.4
2015,thousands hectares,Proportion of forest area with a long-term management plan [15.2.1],Pavlodar,254.5
2015,thousands hectares,Proportion of forest area with a long-term management plan [15.2.1],Soltustik Kazakhstan,534.0
2015,thousands hectares,Proportion of forest area with a long-term management plan [15.2.1],Turkistan,1623.7
2015,thousands hectares,Proportion of forest area with a long-term management plan [15.2.1],Shygys Kazakhstan,2005.3
2016,thousands hectares,"Площадь территории, покрытой лесом",,12706.8
2016,thousands hectares,"Площадь территории, покрытой лесом",Akmola,382.1
2016,thousands hectares,"Площадь территории, покрытой лесом",Aktobe,51.7
2016,thousands hectares,"Площадь территории, покрытой лесом",Almaty,1882.3
2016,thousands hectares,"Площадь территории, покрытой лесом",Atyrau,16.5
2016,thousands hectares,"Площадь территории, покрытой лесом",Batys Kazakhstan,106.0
2016,thousands hectares,"Площадь территории, покрытой лесом",Zhambyl,2240.7
2016,thousands hectares,"Площадь территории, покрытой лесом",Karagandy,153.3
2016,thousands hectares,"Площадь территории, покрытой лесом",Kostanay,238.2
2016,thousands hectares,"Площадь территории, покрытой лесом",Kyzylorda,3080.3
2016,thousands hectares,"Площадь территории, покрытой лесом",Mangistau,122.4
2016,thousands hectares,"Площадь территории, покрытой лесом",Pavlodar,257.1
2016,thousands hectares,"Площадь территории, покрытой лесом",Soltustik Kazakhstan,535.6
2016,thousands hectares,"Площадь территории, покрытой лесом",Turkistan,1630.1
2016,thousands hectares,"Площадь территории, покрытой лесом",Shygys Kazakhstan,2010.3
2016,M_METER3,Above-ground biomass in forest (tonnes) [15.2.1],,412.2
2016,M_METER3,Above-ground biomass in forest (tonnes) [15.2.1],Akmola,45.4
2016,M_METER3,Above-ground biomass in forest (tonnes) [15.2.1],Aktobe,1.1
2016,M_METER3,Above-ground biomass in forest (tonnes) [15.2.1],Almaty,40.7
2016,M_METER3,Above-ground biomass in forest (tonnes) [15.2.1],Atyrau,0.5
2016,M_METER3,Above-ground biomass in forest (tonnes) [15.2.1],Batys Kazakhstan,8.3
2016,M_METER3,Above-ground biomass in forest (tonnes) [15.2.1],Zhambyl,3.4
2016,M_METER3,Above-ground biomass in forest (tonnes) [15.2.1],Karagandy,4.6
2016,M_METER3,Above-ground biomass in forest (tonnes) [15.2.1],Kostanay,15.5
2016,M_METER3,Above-ground biomass in forest (tonnes) [15.2.1],Kyzylorda,5.9
2016,M_METER3,Above-ground biomass in forest (tonnes) [15.2.1],Mangistau,0.1
2016,M_METER3,Above-ground biomass in forest (tonnes) [15.2.1],Pavlodar,27.0
2016,M_METER3,Above-ground biomass in forest (tonnes) [15.2.1],Soltustik Kazakhstan,52.0
2016,M_METER3,Above-ground biomass in forest (tonnes) [15.2.1],Turkistan,3.1
2016,M_METER3,Above-ground biomass in forest (tonnes) [15.2.1],Shygys Kazakhstan,204.6
2016,Percent,Изменение чистой площади лесов,,54.39999999999964
2016,Percent,Изменение чистой площади лесов,Akmola,1.8000000000000114
2016,Percent,Изменение чистой площади лесов,Aktobe,0.1000000000000014
2016,Percent,Изменение чистой площади лесов,Almaty,11.700000000000044
2016,Percent,Изменение чистой площади лесов,Atyrau,0.0
2016,Percent,Изменение чистой площади лесов,Batys Kazakhstan,2.0999999999999943
2016,Percent,Изменение чистой площади лесов,Zhambyl,0.099999999999909
2016,Percent,Изменение чистой площади лесов,Karagandy,0.0
2016,Percent,Изменение чистой площади лесов,Kostanay,1.8
2016,Percent,Изменение чистой площади лесов,Kyzylorda,21.200000000000276
2016,Percent,Изменение чистой площади лесов,Mangistau,0.0
2016,Percent,Изменение чистой площади лесов,Pavlodar,2.6000000000000227
2016,Percent,Изменение чистой площади лесов,Soltustik Kazakhstan,1.6000000000000227
2016,Percent,Изменение чистой площади лесов,Turkistan,6.399999999999864
2016,Percent,Изменение чистой площади лесов,Shygys Kazakhstan,5.0
2016,thousands hectares,Proportion of forest area within legally established protected areas [15.2.1],,12706.8
2016,thousands hectares,Proportion of forest area within legally established protected areas [15.2.1],Akmola,382.1
2016,thousands hectares,Proportion of forest area within legally established protected areas [15.2.1],Aktobe,51.7
2016,thousands hectares,Proportion of forest area within legally established protected areas [15.2.1],Almaty,1882.3
2016,thousands hectares,Proportion of forest area within legally established protected areas [15.2.1],Atyrau,16.5
2016,thousands hectares,Proportion of forest area within legally established protected areas [15.2.1],Batys Kazakhstan,106.0
2016,thousands hectares,Proportion of forest area within legally established protected areas [15.2.1],Zhambyl,2240.7
2016,thousands hectares,Proportion of forest area within legally established protected areas [15.2.1],Karagandy,153.3
2016,thousands hectares,Proportion of forest area within legally established protected areas [15.2.1],Kostanay,238.2
2016,thousands hectares,Proportion of forest area within legally established protected areas [15.2.1],Kyzylorda,3080.3
2016,thousands hectares,Proportion of forest area within legally established protected areas [15.2.1],Mangistau,122.4
2016,thousands hectares,Proportion of forest area within legally established protected areas [15.2.1],Pavlodar,257.1
2016,thousands hectares,Proportion of forest area within legally established protected areas [15.2.1],Soltustik Kazakhstan,535.6
2016,thousands hectares,Proportion of forest area within legally established protected areas [15.2.1],Turkistan,1630.1
2016,thousands hectares,Proportion of forest area within legally established protected areas [15.2.1],Shygys Kazakhstan,2010.3
2016,thousands hectares,Proportion of forest area with a long-term management plan [15.2.1],,12706.8
2016,thousands hectares,Proportion of forest area with a long-term management plan [15.2.1],Akmola,382.1
2016,thousands hectares,Proportion of forest area with a long-term management plan [15.2.1],Aktobe,51.7
2016,thousands hectares,Proportion of forest area with a long-term management plan [15.2.1],Almaty,1882.3
2016,thousands hectares,Proportion of forest area with a long-term management plan [15.2.1],Atyrau,16.5
2016,thousands hectares,Proportion of forest area with a long-term management plan [15.2.1],Batys Kazakhstan,106.0
2016,thousands hectares,Proportion of forest area with a long-term management plan [15.2.1],Zhambyl,2240.7
2016,thousands hectares,Proportion of forest area with a long-term management plan [15.2.1],Karagandy,153.3
2016,thousands hectares,Proportion of forest area with a long-term management plan [15.2.1],Kostanay,238.2
2016,thousands hectares,Proportion of forest area with a long-term management plan [15.2.1],Kyzylorda,3080.3
2016,thousands hectares,Proportion of forest area with a long-term management plan [15.2.1],Mangistau,122.4
2016,thousands hectares,Proportion of forest area with a long-term management plan [15.2.1],Pavlodar,257.1
2016,thousands hectares,Proportion of forest area with a long-term management plan [15.2.1],Soltustik Kazakhstan,535.6
2016,thousands hectares,Proportion of forest area with a long-term management plan [15.2.1],Turkistan,1630.1
2016,thousands hectares,Proportion of forest area with a long-term management plan [15.2.1],Shygys Kazakhstan,2010.3
2017,thousands hectares,"Площадь территории, покрытой лесом",,12903.5
2017,thousands hectares,"Площадь территории, покрытой лесом",Akmola,382.1
2017,thousands hectares,"Площадь территории, покрытой лесом",Aktobe,51.9
2017,thousands hectares,"Площадь территории, покрытой лесом",Almaty,1928.7
2017,thousands hectares,"Площадь территории, покрытой лесом",Atyrau,16.6
2017,thousands hectares,"Площадь территории, покрытой лесом",Batys Kazakhstan,91.2
2017,thousands hectares,"Площадь территории, покрытой лесом",Zhambyl,2361.3
2017,thousands hectares,"Площадь территории, покрытой лесом",Karagandy,153.5
2017,thousands hectares,"Площадь территории, покрытой лесом",Kostanay,240.0
2017,thousands hectares,"Площадь территории, покрытой лесом",Kyzylorda,3103.2
2017,thousands hectares,"Площадь территории, покрытой лесом",Mangistau,125.1
2017,thousands hectares,"Площадь территории, покрытой лесом",Pavlodar,258.4
2017,thousands hectares,"Площадь территории, покрытой лесом",Soltustik Kazakhstan,537.2
2017,thousands hectares,"Площадь территории, покрытой лесом",Turkistan,1639.2
2017,thousands hectares,"Площадь территории, покрытой лесом",Shygys Kazakhstan,2015.3
2017,M_METER3,Above-ground biomass in forest (tonnes) [15.2.1],,421.8
2017,M_METER3,Above-ground biomass in forest (tonnes) [15.2.1],Akmola,44.7
2017,M_METER3,Above-ground biomass in forest (tonnes) [15.2.1],Aktobe,1.1
2017,M_METER3,Above-ground biomass in forest (tonnes) [15.2.1],Almaty,49.4
2017,M_METER3,Above-ground biomass in forest (tonnes) [15.2.1],Atyrau,0.5
2017,M_METER3,Above-ground biomass in forest (tonnes) [15.2.1],Batys Kazakhstan,7.7
2017,M_METER3,Above-ground biomass in forest (tonnes) [15.2.1],Zhambyl,3.4
2017,M_METER3,Above-ground biomass in forest (tonnes) [15.2.1],Karagandy,5.5
2017,M_METER3,Above-ground biomass in forest (tonnes) [15.2.1],Kostanay,17.3
2017,M_METER3,Above-ground biomass in forest (tonnes) [15.2.1],Kyzylorda,5.9
2017,M_METER3,Above-ground biomass in forest (tonnes) [15.2.1],Mangistau,0.1
2017,M_METER3,Above-ground biomass in forest (tonnes) [15.2.1],Pavlodar,26.9
2017,M_METER3,Above-ground biomass in forest (tonnes) [15.2.1],Soltustik Kazakhstan,49.6
2017,M_METER3,Above-ground biomass in forest (tonnes) [15.2.1],Turkistan,3.2
2017,M_METER3,Above-ground biomass in forest (tonnes) [15.2.1],Shygys Kazakhstan,206.5
2017,Percent,Изменение чистой площади лесов,,196.70000000000076
2017,Percent,Изменение чистой площади лесов,Akmola,0.0
2017,Percent,Изменение чистой площади лесов,Aktobe,0.1999999999999957
2017,Percent,Изменение чистой площади лесов,Almaty,46.40000000000009
2017,Percent,Изменение чистой площади лесов,Atyrau,0.1000000000000014
2017,Percent,Изменение чистой площади лесов,Batys Kazakhstan,-14.799999999999995
2017,Percent,Изменение чистой площади лесов,Zhambyl,120.60000000000036
2017,Percent,Изменение чистой площади лесов,Karagandy,0.1999999999999886
2017,Percent,Изменение чистой площади лесов,Kostanay,1.8000000000000114
2017,Percent,Изменение чистой площади лесов,Kyzylorda,22.89999999999964
2017,Percent,Изменение чистой площади лесов,Mangistau,2.6999999999999886
2017,Percent,Изменение чистой площади лесов,Pavlodar,1.2999999999999543
2017,Percent,Изменение чистой площади лесов,Soltustik Kazakhstan,1.6000000000000227
2017,Percent,Изменение чистой площади лесов,Turkistan,9.100000000000136
2017,Percent,Изменение чистой площади лесов,Shygys Kazakhstan,5.0
2017,thousands hectares,Proportion of forest area within legally established protected areas [15.2.1],,12903.5
2017,thousands hectares,Proportion of forest area within legally established protected areas [15.2.1],Akmola,382.1
2017,thousands hectares,Proportion of forest area within legally established protected areas [15.2.1],Aktobe,51.9
2017,thousands hectares,Proportion of forest area within legally established protected areas [15.2.1],Almaty,1928.7
2017,thousands hectares,Proportion of forest area within legally established protected areas [15.2.1],Atyrau,16.6
2017,thousands hectares,Proportion of forest area within legally established protected areas [15.2.1],Batys Kazakhstan,91.2
2017,thousands hectares,Proportion of forest area within legally established protected areas [15.2.1],Zhambyl,2361.3
2017,thousands hectares,Proportion of forest area within legally established protected areas [15.2.1],Karagandy,153.5
2017,thousands hectares,Proportion of forest area within legally established protected areas [15.2.1],Kostanay,240.0
2017,thousands hectares,Proportion of forest area within legally established protected areas [15.2.1],Kyzylorda,3103.2
2017,thousands hectares,Proportion of forest area within legally established protected areas [15.2.1],Mangistau,125.1
2017,thousands hectares,Proportion of forest area within legally established protected areas [15.2.1],Pavlodar,258.4
2017,thousands hectares,Proportion of forest area within legally established protected areas [15.2.1],Soltustik Kazakhstan,537.2
2017,thousands hectares,Proportion of forest area within legally established protected areas [15.2.1],Turkistan,1639.2
2017,thousands hectares,Proportion of forest area within legally established protected areas [15.2.1],Shygys Kazakhstan,2015.3
2017,thousands hectares,Proportion of forest area with a long-term management plan [15.2.1],,12903.5
2017,thousands hectares,Proportion of forest area with a long-term management plan [15.2.1],Akmola,382.1
2017,thousands hectares,Proportion of forest area with a long-term management plan [15.2.1],Aktobe,51.9
2017,thousands hectares,Proportion of forest area with a long-term management plan [15.2.1],Almaty,1928.7
2017,thousands hectares,Proportion of forest area with a long-term management plan [15.2.1],Atyrau,16.6
2017,thousands hectares,Proportion of forest area with a long-term management plan [15.2.1],Batys Kazakhstan,91.2
2017,thousands hectares,Proportion of forest area with a long-term management plan [15.2.1],Zhambyl,2361.3
2017,thousands hectares,Proportion of forest area with a long-term management plan [15.2.1],Karagandy,153.5
2017,thousands hectares,Proportion of forest area with a long-term management plan [15.2.1],Kostanay,240.0
2017,thousands hectares,Proportion of forest area with a long-term management plan [15.2.1],Kyzylorda,3103.2
2017,thousands hectares,Proportion of forest area with a long-term management plan [15.2.1],Mangistau,125.1
2017,thousands hectares,Proportion of forest area with a long-term management plan [15.2.1],Pavlodar,258.4
2017,thousands hectares,Proportion of forest area with a long-term management plan [15.2.1],Soltustik Kazakhstan,537.2
2017,thousands hectares,Proportion of forest area with a long-term management plan [15.2.1],Turkistan,1639.2
2017,thousands hectares,Proportion of forest area with a long-term management plan [15.2.1],Shygys Kazakhstan,2015.3
2018,thousands hectares,"Площадь территории, покрытой лесом",,12933.1
2018,thousands hectares,"Площадь территории, покрытой лесом",Akmola,383.8
2018,thousands hectares,"Площадь территории, покрытой лесом",Aktobe,52.5
2018,thousands hectares,"Площадь территории, покрытой лесом",Almaty,1949.5
2018,thousands hectares,"Площадь территории, покрытой лесом",Atyrau,18.7
2018,thousands hectares,"Площадь территории, покрытой лесом",Batys Kazakhstan,91.1
2018,thousands hectares,"Площадь территории, покрытой лесом",Zhambyl,2323.1
2018,thousands hectares,"Площадь территории, покрытой лесом",Karagandy,153.6
2018,thousands hectares,"Площадь территории, покрытой лесом",Kostanay,241.3
2018,thousands hectares,"Площадь территории, покрытой лесом",Kyzylorda,3118.9
2018,thousands hectares,"Площадь территории, покрытой лесом",Mangistau,125.2
2018,thousands hectares,"Площадь территории, покрытой лесом",Pavlodar,261.6
2018,thousands hectares,"Площадь территории, покрытой лесом",Soltustik Kazakhstan,538.5
2018,thousands hectares,"Площадь территории, покрытой лесом",Turkistan,1654.4
2018,thousands hectares,"Площадь территории, покрытой лесом",Shygys Kazakhstan,2020.9
2018,M_METER3,Above-ground biomass in forest (tonnes) [15.2.1],,428.6
2018,M_METER3,Above-ground biomass in forest (tonnes) [15.2.1],Akmola,45.5
2018,M_METER3,Above-ground biomass in forest (tonnes) [15.2.1],Aktobe,1.2
2018,M_METER3,Above-ground biomass in forest (tonnes) [15.2.1],Almaty,50.6
2018,M_METER3,Above-ground biomass in forest (tonnes) [15.2.1],Atyrau,0.4
2018,M_METER3,Above-ground biomass in forest (tonnes) [15.2.1],Batys Kazakhstan,7.9
2018,M_METER3,Above-ground biomass in forest (tonnes) [15.2.1],Zhambyl,3.6
2018,M_METER3,Above-ground biomass in forest (tonnes) [15.2.1],Karagandy,5.6
2018,M_METER3,Above-ground biomass in forest (tonnes) [15.2.1],Kostanay,17.5
2018,M_METER3,Above-ground biomass in forest (tonnes) [15.2.1],Kyzylorda,6.2
2018,M_METER3,Above-ground biomass in forest (tonnes) [15.2.1],Mangistau,0.1
2018,M_METER3,Above-ground biomass in forest (tonnes) [15.2.1],Pavlodar,27.4
2018,M_METER3,Above-ground biomass in forest (tonnes) [15.2.1],Soltustik Kazakhstan,50.2
2018,M_METER3,Above-ground biomass in forest (tonnes) [15.2.1],Turkistan,3.3
2018,M_METER3,Above-ground biomass in forest (tonnes) [15.2.1],Shygys Kazakhstan,209.3
2018,Percent,Изменение чистой площади лесов,,29.600000000000364
2018,Percent,Изменение чистой площади лесов,Akmola,1.6999999999999886
2018,Percent,Изменение чистой площади лесов,Aktobe,0.6000000000000014
2018,Percent,Изменение чистой площади лесов,Almaty,20.799999999999955
2018,Percent,Изменение чистой площади лесов,Atyrau,2.099999999999998
2018,Percent,Изменение чистой площади лесов,Batys Kazakhstan,-0.1000000000000085
2018,Percent,Изменение чистой площади лесов,Zhambyl,-38.20000000000027
2018,Percent,Изменение чистой площади лесов,Karagandy,0.0999999999999943
2018,Percent,Изменение чистой площади лесов,Kostanay,1.3000000000000114
2018,Percent,Изменение чистой площади лесов,Kyzylorda,15.700000000000273
2018,Percent,Изменение чистой площади лесов,Mangistau,0.1000000000000085
2018,Percent,Изменение чистой площади лесов,Pavlodar,3.200000000000045
2018,Percent,Изменение чистой площади лесов,Soltustik Kazakhstan,1.2999999999999543
2018,Percent,Изменение чистой площади лесов,Turkistan,15.200000000000044
2018,Percent,Изменение чистой площади лесов,Shygys Kazakhstan,5.600000000000136
2018,thousands hectares,Proportion of forest area within legally established protected areas [15.2.1],,12933.1
2018,thousands hectares,Proportion of forest area within legally established protected areas [15.2.1],Akmola,383.8
2018,thousands hectares,Proportion of forest area within legally established protected areas [15.2.1],Aktobe,52.5
2018,thousands hectares,Proportion of forest area within legally established protected areas [15.2.1],Almaty,1949.5
2018,thousands hectares,Proportion of forest area within legally established protected areas [15.2.1],Atyrau,18.7
2018,thousands hectares,Proportion of forest area within legally established protected areas [15.2.1],Batys Kazakhstan,91.1
2018,thousands hectares,Proportion of forest area within legally established protected areas [15.2.1],Zhambyl,2323.1
2018,thousands hectares,Proportion of forest area within legally established protected areas [15.2.1],Karagandy,153.6
2018,thousands hectares,Proportion of forest area within legally established protected areas [15.2.1],Kostanay,241.3
2018,thousands hectares,Proportion of forest area within legally established protected areas [15.2.1],Kyzylorda,3118.9
2018,thousands hectares,Proportion of forest area within legally established protected areas [15.2.1],Mangistau,125.2
2018,thousands hectares,Proportion of forest area within legally established protected areas [15.2.1],Pavlodar,261.6
2018,thousands hectares,Proportion of forest area within legally established protected areas [15.2.1],Soltustik Kazakhstan,538.5
2018,thousands hectares,Proportion of forest area within legally established protected areas [15.2.1],Turkistan,1654.4
2018,thousands hectares,Proportion of forest area within legally established protected areas [15.2.1],Shygys Kazakhstan,2020.9
2018,thousands hectares,Proportion of forest area with a long-term management plan [15.2.1],,12933.1
2018,thousands hectares,Proportion of forest area with a long-term management plan [15.2.1],Akmola,383.8
2018,thousands hectares,Proportion of forest area with a long-term management plan [15.2.1],Aktobe,52.5
2018,thousands hectares,Proportion of forest area with a long-term management plan [15.2.1],Almaty,1949.5
2018,thousands hectares,Proportion of forest area with a long-term management plan [15.2.1],Atyrau,18.7
2018,thousands hectares,Proportion of forest area with a long-term management plan [15.2.1],Batys Kazakhstan,91.1
2018,thousands hectares,Proportion of forest area with a long-term management plan [15.2.1],Zhambyl,2323.1
2018,thousands hectares,Proportion of forest area with a long-term management plan [15.2.1],Karagandy,153.6
2018,thousands hectares,Proportion of forest area with a long-term management plan [15.2.1],Kostanay,241.3
2018,thousands hectares,Proportion of forest area with a long-term management plan [15.2.1],Kyzylorda,3118.9
2018,thousands hectares,Proportion of forest area with a long-term management plan [15.2.1],Mangistau,125.2
2018,thousands hectares,Proportion of forest area with a long-term management plan [15.2.1],Pavlodar,261.6
2018,thousands hectares,Proportion of forest area with a long-term management plan [15.2.1],Soltustik Kazakhstan,538.5
2018,thousands hectares,Proportion of forest area with a long-term management plan [15.2.1],Turkistan,1654.4
2018,thousands hectares,Proportion of forest area with a long-term management plan [15.2.1],Shygys Kazakhstan,2020.9
2019,thousands hectares,"Площадь территории, покрытой лесом",,13121.8
2019,thousands hectares,"Площадь территории, покрытой лесом",Akmola,384.2
2019,thousands hectares,"Площадь территории, покрытой лесом",Aktobe,56.3
2019,thousands hectares,"Площадь территории, покрытой лесом",Almaty,2104.2
2019,thousands hectares,"Площадь территории, покрытой лесом",Atyrau,18.7
2019,thousands hectares,"Площадь территории, покрытой лесом",Batys Kazakhstan,91.2
2019,thousands hectares,"Площадь территории, покрытой лесом",Zhambyl,2297.9
2019,thousands hectares,"Площадь территории, покрытой лесом",Karagandy,152.3
2019,thousands hectares,"Площадь территории, покрытой лесом",Kostanay,242.2
2019,thousands hectares,"Площадь территории, покрытой лесом",Kyzylorda,3146.7
2019,thousands hectares,"Площадь территории, покрытой лесом",Mangistau,125.4
2019,thousands hectares,"Площадь территории, покрытой лесом",Pavlodar,267.5
2019,thousands hectares,"Площадь территории, покрытой лесом",Soltustik Kazakhstan,540.4
2019,thousands hectares,"Площадь территории, покрытой лесом",Turkistan,1665.6
2019,thousands hectares,"Площадь территории, покрытой лесом",Shygys Kazakhstan,2029.1
2019,M_METER3,Above-ground biomass in forest (tonnes) [15.2.1],,435.8
2019,M_METER3,Above-ground biomass in forest (tonnes) [15.2.1],Akmola,46.0
2019,M_METER3,Above-ground biomass in forest (tonnes) [15.2.1],Aktobe,1.2
2019,M_METER3,Above-ground biomass in forest (tonnes) [15.2.1],Almaty,51.9
2019,M_METER3,Above-ground biomass in forest (tonnes) [15.2.1],Atyrau,0.4
2019,M_METER3,Above-ground biomass in forest (tonnes) [15.2.1],Batys Kazakhstan,7.9
2019,M_METER3,Above-ground biomass in forest (tonnes) [15.2.1],Zhambyl,3.7
2019,M_METER3,Above-ground biomass in forest (tonnes) [15.2.1],Karagandy,5.7
2019,M_METER3,Above-ground biomass in forest (tonnes) [15.2.1],Kostanay,17.7
2019,M_METER3,Above-ground biomass in forest (tonnes) [15.2.1],Kyzylorda,6.5
2019,M_METER3,Above-ground biomass in forest (tonnes) [15.2.1],Mangistau,0.1
2019,M_METER3,Above-ground biomass in forest (tonnes) [15.2.1],Pavlodar,28.0
2019,M_METER3,Above-ground biomass in forest (tonnes) [15.2.1],Soltustik Kazakhstan,51.0
2019,M_METER3,Above-ground biomass in forest (tonnes) [15.2.1],Turkistan,3.4
2019,M_METER3,Above-ground biomass in forest (tonnes) [15.2.1],Shygys Kazakhstan,212.3
2019,Percent,Изменение чистой площади лесов,,188.6999999999989
2019,Percent,Изменение чистой площади лесов,Akmola,0.4
2019,Percent,Изменение чистой площади лесов,Aktobe,3.8
2019,Percent,Изменение чистой площади лесов,Almaty,154.7
2019,Percent,Изменение чистой площади лесов,Atyrau,0.0
2019,Percent,Изменение чистой площади лесов,Batys Kazakhstan,0.1
2019,Percent,Изменение чистой площади лесов,Zhambyl,-25.2
2019,Percent,Изменение чистой площади лесов,Karagandy,-1.3
2019,Percent,Изменение чистой площади лесов,Kostanay,0.9
2019,Percent,Изменение чистой площади лесов,Kyzylorda,27.8
2019,Percent,Изменение чистой площади лесов,Mangistau,0.2
2019,Percent,Изменение чистой площади лесов,Pavlodar,5.9
2019,Percent,Изменение чистой площади лесов,Soltustik Kazakhstan,1.9
2019,Percent,Изменение чистой площади лесов,Turkistan,11.2
2019,Percent,Изменение чистой площади лесов,Shygys Kazakhstan,8.2
2019,thousands hectares,Proportion of forest area within legally established protected areas [15.2.1],,13121.8
2019,thousands hectares,Proportion of forest area within legally established protected areas [15.2.1],Akmola,384.2
2019,thousands hectares,Proportion of forest area within legally established protected areas [15.2.1],Aktobe,56.3
2019,thousands hectares,Proportion of forest area within legally established protected areas [15.2.1],Almaty,2104.2
2019,thousands hectares,Proportion of forest area within legally established protected areas [15.2.1],Atyrau,18.7
2019,thousands hectares,Proportion of forest area within legally established protected areas [15.2.1],Batys Kazakhstan,91.2
2019,thousands hectares,Proportion of forest area within legally established protected areas [15.2.1],Zhambyl,2297.9
2019,thousands hectares,Proportion of forest area within legally established protected areas [15.2.1],Karagandy,152.3
2019,thousands hectares,Proportion of forest area within legally established protected areas [15.2.1],Kostanay,242.2
2019,thousands hectares,Proportion of forest area within legally established protected areas [15.2.1],Kyzylorda,3146.7
2019,thousands hectares,Proportion of forest area within legally established protected areas [15.2.1],Mangistau,125.4
2019,thousands hectares,Proportion of forest area within legally established protected areas [15.2.1],Pavlodar,267.5
2019,thousands hectares,Proportion of forest area within legally established protected areas [15.2.1],Soltustik Kazakhstan,540.4
2019,thousands hectares,Proportion of forest area within legally established protected areas [15.2.1],Turkistan,1665.6
2019,thousands hectares,Proportion of forest area within legally established protected areas [15.2.1],Shygys Kazakhstan,2029.1
2019,thousands hectares,Proportion of forest area with a long-term management plan [15.2.1],,13121.8
2019,thousands hectares,Proportion of forest area with a long-term management plan [15.2.1],Akmola,384.2
2019,thousands hectares,Proportion of forest area with a long-term management plan [15.2.1],Aktobe,56.3
2019,thousands hectares,Proportion of forest area with a long-term management plan [15.2.1],Almaty,2104.2
2019,thousands hectares,Proportion of forest area with a long-term management plan [15.2.1],Atyrau,18.7
2019,thousands hectares,Proportion of forest area with a long-term management plan [15.2.1],Batys Kazakhstan,91.2
2019,thousands hectares,Proportion of forest area with a long-term management plan [15.2.1],Zhambyl,2297.9
2019,thousands hectares,Proportion of forest area with a long-term management plan [15.2.1],Karagandy,152.3
2019,thousands hectares,Proportion of forest area with a long-term management plan [15.2.1],Kostanay,242.2
2019,thousands hectares,Proportion of forest area with a long-term management plan [15.2.1],Kyzylorda,3146.7
2019,thousands hectares,Proportion of forest area with a long-term management plan [15.2.1],Mangistau,125.4
2019,thousands hectares,Proportion of forest area with a long-term management plan [15.2.1],Pavlodar,267.5
2019,thousands hectares,Proportion of forest area with a long-term management plan [15.2.1],Soltustik Kazakhstan,540.4
2019,thousands hectares,Proportion of forest area with a long-term management plan [15.2.1],Turkistan,1665.6
2019,thousands hectares,Proportion of forest area with a long-term management plan [15.2.1],Shygys Kazakhstan,2029.1
