Year,UNIT_MEASURE,SERIES,Value
2010,Percent,developing countries,10.9
2010,Percent,developed countries,9.2
2011,Percent,developing countries,11.1
2011,Percent,developed countries,9.2
2012,Percent,developing countries,11.3
2012,Percent,developed countries,9.4
2013,Percent,developing countries,10.2
2013,Percent,developed countries,8.4
2014,Percent,developing countries,8.7
2014,Percent,developed countries,7.3
2015,Percent,developing countries,8.7
2015,Percent,developed countries,7.2
2016,Percent,developing countries,8.4
2016,Percent,developed countries,6.9
2017,Percent,developing countries,6.7
2017,Percent,developed countries,5.4
2018,Percent,developing countries,5.3
2018,Percent,developed countries,3.9
2019,Percent,developing countries,6.4
2019,Percent,developed countries,4.0
2020,Percent,developing countries,6.1
2020,Percent,developed countries,4.9
2021,Percent,developing countries,4.9
2021,Percent,developed countries,5.1
2022,Percent,developing countries,5.9
2022,Percent,developed countries,3.8
2023,Percent,developing countries,5.9
2023,Percent,developed countries,3.8
