Year,UNIT_MEASURE,SERIES,Age,Area,Sex,Regions,Value
2010,Percent,Rate of deviation from the norm (moderate and strong),,,,,13.1
2010,Percent,Rate of deviation from the norm (moderate and strong),,,Male,,13.2
2010,Percent,Rate of deviation from the norm (moderate and strong),,,Female,,13.0
2010,Percent,Rate of deviation from the norm (moderate and strong),,urban,,,12.8
2010,Percent,Rate of deviation from the norm (moderate and strong),,rural,,,13.4
2010,Percent,Rate of deviation from the norm (moderate and strong),,,,Akmola,8.1
2010,Percent,Rate of deviation from the norm (moderate and strong),,,,Aktobe,36.2
2010,Percent,Rate of deviation from the norm (moderate and strong),,,,Almaty,10.8
2010,Percent,Rate of deviation from the norm (moderate and strong),,,,Atyrau,18.4
2010,Percent,Rate of deviation from the norm (moderate and strong),,,,Batys Kazakhstan,9.8
2010,Percent,Rate of deviation from the norm (moderate and strong),,,,Zhambyl,16.2
2010,Percent,Rate of deviation from the norm (moderate and strong),,,,Karagandy,4.8
2010,Percent,Rate of deviation from the norm (moderate and strong),,,,Kostanay,12.7
2010,Percent,Rate of deviation from the norm (moderate and strong),,,,Kyzylorda,7.1
2010,Percent,Rate of deviation from the norm (moderate and strong),,,,Mangistau,10.2
2010,Percent,Rate of deviation from the norm (moderate and strong),,,,Ontustik Kazakhstan,12.1
2010,Percent,Rate of deviation from the norm (moderate and strong),,,,Pavlodar,8.9
2010,Percent,Rate of deviation from the norm (moderate and strong),,,,Soltustik Kazakhstan,10.6
2010,Percent,Rate of deviation from the norm (moderate and strong),,,,Shygys Kazakhstan,16.6
2010,Percent,Rate of deviation from the norm (moderate and strong),,,,Nur-Sultan city,19.7
2010,Percent,Rate of deviation from the norm (moderate and strong),,,,Almaty city,17.1
2010,Percent,Rate of deviation from the norm (moderate and strong),M0T5,,,,10.7
2010,Percent,Rate of deviation from the norm (moderate and strong),M6T11,,,,13.8
2010,Percent,Rate of deviation from the norm (moderate and strong),12 to 23 months,,,,18.6
2010,Percent,Rate of deviation from the norm (moderate and strong),24 to 35 months,,,,14.4
2010,Percent,Rate of deviation from the norm (moderate and strong),36-47 months,,,,11.6
2010,Percent,Rate of deviation from the norm (moderate and strong),48-59 months,,,,8.1
2010,Percent,Strong deviation from the norm,,,,,5.4
2010,Percent,Strong deviation from the norm,,,Male,,5.5
2010,Percent,Strong deviation from the norm,,,Female,,5.3
2010,Percent,Strong deviation from the norm,,urban,,,5.7
2010,Percent,Strong deviation from the norm,,rural,,,5.1
2010,Percent,Strong deviation from the norm,,,,Akmola,2.8
2010,Percent,Strong deviation from the norm,,,,Aktobe,19.7
2010,Percent,Strong deviation from the norm,,,,Almaty,4.2
2010,Percent,Strong deviation from the norm,,,,Atyrau,11.1
2010,Percent,Strong deviation from the norm,,,,Batys Kazakhstan,1.1
2010,Percent,Strong deviation from the norm,,,,Zhambyl,3.7
2010,Percent,Strong deviation from the norm,,,,Karagandy,1.5
2010,Percent,Strong deviation from the norm,,,,Kostanay,5.0
2010,Percent,Strong deviation from the norm,,,,Kyzylorda,1.8
2010,Percent,Strong deviation from the norm,,,,Mangistau,4.2
2010,Percent,Strong deviation from the norm,,,,Ontustik Kazakhstan,5.8
2010,Percent,Strong deviation from the norm,,,,Pavlodar,2.5
2010,Percent,Strong deviation from the norm,,,,Soltustik Kazakhstan,2.3
2010,Percent,Strong deviation from the norm,,,,Shygys Kazakhstan,7.2
2010,Percent,Strong deviation from the norm,,,,Nur-Sultan city,10.1
2010,Percent,Strong deviation from the norm,,,,Almaty city,7.1
2010,Percent,Strong deviation from the norm,M0T5,,,,3.7
2010,Percent,Strong deviation from the norm,M6T11,,,,6.6
2010,Percent,Strong deviation from the norm,12 to 23 months,,,,8.1
2010,Percent,Strong deviation from the norm,24 to 35 months,,,,6.5
2010,Percent,Strong deviation from the norm,36-47 months,,,,5.3
2010,Percent,Strong deviation from the norm,48-59 months,,,,1.7
2015,Percent,Rate of deviation from the norm (moderate and strong),,,,,8.0
2015,Percent,Rate of deviation from the norm (moderate and strong),,,Male,,7.7
2015,Percent,Rate of deviation from the norm (moderate and strong),,,Female,,8.3
2015,Percent,Rate of deviation from the norm (moderate and strong),,urban,,,7.2
2015,Percent,Rate of deviation from the norm (moderate and strong),,rural,,,8.9
2015,Percent,Rate of deviation from the norm (moderate and strong),,,,Akmola,2.9
2015,Percent,Rate of deviation from the norm (moderate and strong),,,,Aktobe,6.6
2015,Percent,Rate of deviation from the norm (moderate and strong),,,,Almaty,8.1
2015,Percent,Rate of deviation from the norm (moderate and strong),,,,Atyrau,11.8
2015,Percent,Rate of deviation from the norm (moderate and strong),,,,Batys Kazakhstan,7.4
2015,Percent,Rate of deviation from the norm (moderate and strong),,,,Zhambyl,6.9
2015,Percent,Rate of deviation from the norm (moderate and strong),,,,Karagandy,5.4
2015,Percent,Rate of deviation from the norm (moderate and strong),,,,Kostanay,11.4
2015,Percent,Rate of deviation from the norm (moderate and strong),,,,Kyzylorda,10.0
2015,Percent,Rate of deviation from the norm (moderate and strong),,,,Mangistau,4.5
2015,Percent,Rate of deviation from the norm (moderate and strong),,,,Ontustik Kazakhstan,11.4
2015,Percent,Rate of deviation from the norm (moderate and strong),,,,Pavlodar,5.5
2015,Percent,Rate of deviation from the norm (moderate and strong),,,,Soltustik Kazakhstan,2.3
2015,Percent,Rate of deviation from the norm (moderate and strong),,,,Shygys Kazakhstan,7.2
2015,Percent,Rate of deviation from the norm (moderate and strong),,,,Nur-Sultan city,7.1
2015,Percent,Rate of deviation from the norm (moderate and strong),,,,Almaty city,6.3
2015,Percent,Rate of deviation from the norm (moderate and strong),M0T5,,,,5.0
2015,Percent,Rate of deviation from the norm (moderate and strong),M6T11,,,,5.8
2015,Percent,Rate of deviation from the norm (moderate and strong),M12T17,,,,6.8
2015,Percent,Rate of deviation from the norm (moderate and strong),M18T23,,,,11.0
2015,Percent,Rate of deviation from the norm (moderate and strong),24 to 35 months,,,,11.5
2015,Percent,Rate of deviation from the norm (moderate and strong),36-47 months,,,,8.4
2015,Percent,Rate of deviation from the norm (moderate and strong),48-59 months,,,,6.0
2015,Percent,Strong deviation from the norm,,,,,2.4
2015,Percent,Strong deviation from the norm,,,Male,,2.3
2015,Percent,Strong deviation from the norm,,,Female,,2.6
2015,Percent,Strong deviation from the norm,,urban,,,2.3
2015,Percent,Strong deviation from the norm,,rural,,,2.5
2015,Percent,Strong deviation from the norm,,,,Akmola,0.1
2015,Percent,Strong deviation from the norm,,,,Aktobe,4.1
2015,Percent,Strong deviation from the norm,,,,Almaty,2.3
2015,Percent,Strong deviation from the norm,,,,Atyrau,4.2
2015,Percent,Strong deviation from the norm,,,,Batys Kazakhstan,2.5
2015,Percent,Strong deviation from the norm,,,,Zhambyl,2.5
2015,Percent,Strong deviation from the norm,,,,Karagandy,0.0
2015,Percent,Strong deviation from the norm,,,,Kostanay,3.3
2015,Percent,Strong deviation from the norm,,,,Kyzylorda,3.3
2015,Percent,Strong deviation from the norm,,,,Mangistau,2.0
2015,Percent,Strong deviation from the norm,,,,Ontustik Kazakhstan,2.4
2015,Percent,Strong deviation from the norm,,,,Pavlodar,1.6
2015,Percent,Strong deviation from the norm,,,,Soltustik Kazakhstan,0.0
2015,Percent,Strong deviation from the norm,,,,Shygys Kazakhstan,2.2
2015,Percent,Strong deviation from the norm,,,,Nur-Sultan city,3.5
2015,Percent,Strong deviation from the norm,,,,Almaty city,2.7
2015,Percent,Strong deviation from the norm,M0T5,,,,1.9
2015,Percent,Strong deviation from the norm,M6T11,,,,1.6
2015,Percent,Strong deviation from the norm,M12T17,,,,3.2
2015,Percent,Strong deviation from the norm,M18T23,,,,5.0
2015,Percent,Strong deviation from the norm,24 to 35 months,,,,3.0
2015,Percent,Strong deviation from the norm,36-47 months,,,,2.0
2015,Percent,Strong deviation from the norm,48-59 months,,,,1.4
