Year,UNIT_MEASURE,COMPOSITE_BREAKDOWN,Value
2010,M_USD,Kazakhstan as beneficiary,52.809627
2011,M_USD,Kazakhstan as beneficiary,13.769589999999999
2012,M_USD,Kazakhstan as beneficiary,3.400815
2013,M_USD,Kazakhstan as beneficiary,32.236242
2014,M_USD,Kazakhstan as beneficiary,6.119229
2015,M_USD,Kazakhstan as beneficiary,64.913873
2016,M_USD,Kazakhstan as beneficiary,3.961957
2016,M_USD,Kazakhstan as donor,0.00315
2017,M_USD,Kazakhstan as beneficiary,42.990499
2017,M_USD,Kazakhstan as donor,0.003098
