Year,UNIT_MEASURE,Regions,Area,Sex,GeoCode,Value
2010,per 100000 population,,,,,22.26
2010,per 100000 population,Akmola,,,KZAKM,44.13
2010,per 100000 population,Aktobe,,,KZAKT,18.56
2010,per 100000 population,Almaty,,,KZALM,21.52
2010,per 100000 population,Atyrau,,,KZATY,17.66
2010,per 100000 population,Batys Kazakhstan,,,KZZAP,28.54
2010,per 100000 population,Zhambyl,,,KZZHA,17.4
2010,per 100000 population,Karagandy,,,KZKAR,33.57
2010,per 100000 population,Kostanay,,,KZKUS,38.19
2010,per 100000 population,Kyzylorda,,,KZKZY,8.64
2010,per 100000 population,Mangistau,,,KZMAN,13.24
2010,per 100000 population,Ontustik Kazakhstan,,,KZONT,11.46
2010,per 100000 population,Pavlodar,,,KZPAV,27.1
2010,per 100000 population,Soltustik Kazakhstan,,,KZSEV,26.22
2010,per 100000 population,Shygys Kazakhstan,,,KZVOS,40.41
2010,per 100000 population,Astana city,,,KZNS,12.18
2010,per 100000 population,Almaty city,,,KZALA,7.63
2010,per 100000 population,,urban,,,19.38
2010,per 100000 population,Akmola,urban,,KZAKM,39.43
2010,per 100000 population,Aktobe,urban,,KZAKT,15.05
2010,per 100000 population,Almaty,urban,,KZALM,22.07
2010,per 100000 population,Atyrau,urban,,KZATY,9.97
2010,per 100000 population,Batys Kazakhstan,urban,,KZZAP,24.75
2010,per 100000 population,Zhambyl,urban,,KZZHA,16.13
2010,per 100000 population,Karagandy,urban,,KZKAR,31.09
2010,per 100000 population,Kostanay,urban,,KZKUS,26.23
2010,per 100000 population,Kyzylorda,urban,,KZKZY,6.48
2010,per 100000 population,Mangistau,urban,,KZMAN,11.0
2010,per 100000 population,Ontustik Kazakhstan,urban,,KZONT,11.02
2010,per 100000 population,Pavlodar,urban,,KZPAV,23.91
2010,per 100000 population,Soltustik Kazakhstan,urban,,KZSEV,26.42
2010,per 100000 population,Shygys Kazakhstan,urban,,KZVOS,34.97
2010,per 100000 population,Astana city,urban,,KZNS,12.18
2010,per 100000 population,Almaty city,urban,,KZALA,7.63
2010,per 100000 population,,rural,,,25.71
2010,per 100000 population,Akmola,rural,,KZAKM,48.24
2010,per 100000 population,Aktobe,rural,,KZAKT,24.1
2010,per 100000 population,Almaty,rural,,KZALM,21.35
2010,per 100000 population,Atyrau,rural,,KZATY,24.66
2010,per 100000 population,Batys Kazakhstan,rural,,KZZAP,31.95
2010,per 100000 population,Zhambyl,rural,,KZZHA,18.26
2010,per 100000 population,Karagandy,rural,,KZKAR,42.34
2010,per 100000 population,Kostanay,rural,,KZKUS,50.2
2010,per 100000 population,Kyzylorda,rural,,KZKZY,10.21
2010,per 100000 population,Mangistau,rural,,KZMAN,15.76
2010,per 100000 population,Ontustik Kazakhstan,rural,,KZONT,11.74
2010,per 100000 population,Pavlodar,rural,,KZPAV,34.05
2010,per 100000 population,Soltustik Kazakhstan,rural,,KZSEV,26.09
2010,per 100000 population,Shygys Kazakhstan,rural,,KZVOS,47.83
2010,per 100000 population,,,Male,,37.97
2010,per 100000 population,Akmola,,Male,KZAKM,76.88
2010,per 100000 population,Aktobe,,Male,KZAKT,33.17
2010,per 100000 population,Almaty,,Male,KZALM,36.16
2010,per 100000 population,Atyrau,,Male,KZATY,31.03
2010,per 100000 population,Batys Kazakhstan,,Male,KZZAP,47.89
2010,per 100000 population,Zhambyl,,Male,KZZHA,29.19
2010,per 100000 population,Karagandy,,Male,KZKAR,56.33
2010,per 100000 population,Kostanay,,Male,KZKUS,67.75
2010,per 100000 population,Kyzylorda,,Male,KZKZY,14.44
2010,per 100000 population,Mangistau,,Male,KZMAN,21.22
2010,per 100000 population,Ontustik Kazakhstan,,Male,KZONT,16.97
2010,per 100000 population,Pavlodar,,Male,KZPAV,47.92
2010,per 100000 population,Soltustik Kazakhstan,,Male,KZSEV,48.33
2010,per 100000 population,Shygys Kazakhstan,,Male,KZVOS,72.91
2010,per 100000 population,Astana city,,Male,KZNS,20.44
2010,per 100000 population,Almaty city,,Male,KZALA,12.77
2010,per 100000 population,,urban,Male,,33.68
2010,per 100000 population,Akmola,urban,Male,KZAKM,67.59
2010,per 100000 population,Aktobe,urban,Male,KZAKT,28.41
2010,per 100000 population,Almaty,urban,Male,KZALM,40.21
2010,per 100000 population,Atyrau,urban,Male,KZATY,18.4
2010,per 100000 population,Batys Kazakhstan,urban,Male,KZZAP,42.86
2010,per 100000 population,Zhambyl,urban,Male,KZZHA,27.75
2010,per 100000 population,Karagandy,urban,Male,KZKAR,53.04
2010,per 100000 population,Kostanay,urban,Male,KZKUS,46.09
2010,per 100000 population,Kyzylorda,urban,Male,KZKZY,10.53
2010,per 100000 population,Mangistau,urban,Male,KZMAN,18.89
2010,per 100000 population,Ontustik Kazakhstan,urban,Male,KZONT,16.48
2010,per 100000 population,Pavlodar,urban,Male,KZPAV,43.9
2010,per 100000 population,Soltustik Kazakhstan,urban,Male,KZSEV,51.0
2010,per 100000 population,Shygys Kazakhstan,urban,Male,KZVOS,64.02
2010,per 100000 population,Astana city,urban,Male,KZNS,20.44
2010,per 100000 population,Almaty city,urban,Male,KZALA,12.77
2010,per 100000 population,,rural,Male,,42.8
2010,per 100000 population,Akmola,rural,Male,KZAKM,84.52
2010,per 100000 population,Aktobe,rural,Male,KZAKT,40.26
2010,per 100000 population,Almaty,rural,Male,KZALM,34.97
2010,per 100000 population,Atyrau,rural,Male,KZATY,41.96
2010,per 100000 population,Batys Kazakhstan,rural,Male,KZZAP,52.09
2010,per 100000 population,Zhambyl,rural,Male,KZZHA,30.11
2010,per 100000 population,Karagandy,rural,Male,KZKAR,67.11
2010,per 100000 population,Kostanay,rural,Male,KZKUS,88.12
2010,per 100000 population,Kyzylorda,rural,Male,KZKZY,17.18
2010,per 100000 population,Mangistau,rural,Male,KZMAN,23.75
2010,per 100000 population,Ontustik Kazakhstan,rural,Male,KZONT,17.28
2010,per 100000 population,Pavlodar,rural,Male,KZPAV,56.05
2010,per 100000 population,Soltustik Kazakhstan,rural,Male,KZSEV,46.67
2010,per 100000 population,Shygys Kazakhstan,rural,Male,KZVOS,84.1
2010,per 100000 population,,,Female,,7.64
2010,per 100000 population,Akmola,,Female,KZAKM,13.67
2010,per 100000 population,Aktobe,,Female,KZAKT,5.0
2010,per 100000 population,Almaty,,Female,KZALM,7.41
2010,per 100000 population,Atyrau,,Female,KZATY,4.84
2010,per 100000 population,Batys Kazakhstan,,Female,KZZAP,10.52
2010,per 100000 population,Zhambyl,,Female,KZZHA,6.19
2010,per 100000 population,Karagandy,,Female,KZKAR,13.2
2010,per 100000 population,Kostanay,,Female,KZKUS,11.8
2010,per 100000 population,Kyzylorda,,Female,KZKZY,2.87
2010,per 100000 population,Mangistau,,Female,KZMAN,5.4
2010,per 100000 population,Ontustik Kazakhstan,,Female,KZONT,6.07
2010,per 100000 population,Pavlodar,,Female,KZPAV,8.61
2010,per 100000 population,Soltustik Kazakhstan,,Female,KZSEV,6.13
2010,per 100000 population,Shygys Kazakhstan,,Female,KZVOS,11.03
2010,per 100000 population,Astana city,,Female,KZNS,4.34
2010,per 100000 population,Almaty city,,Female,KZALA,3.29
2010,per 100000 population,,urban,Female,,6.78
2010,per 100000 population,Akmola,urban,Female,KZAKM,14.79
2010,per 100000 population,Aktobe,urban,Female,KZAKT,3.2
2010,per 100000 population,Almaty,urban,Female,KZALM,5.68
2010,per 100000 population,Atyrau,urban,Female,KZATY,2.29
2010,per 100000 population,Batys Kazakhstan,urban,Female,KZZAP,9.1
2010,per 100000 population,Zhambyl,urban,Female,KZZHA,5.82
2010,per 100000 population,Karagandy,urban,Female,KZKAR,12.06
2010,per 100000 population,Kostanay,urban,Female,KZKUS,9.56
2010,per 100000 population,Kyzylorda,urban,Female,KZKZY,2.65
2010,per 100000 population,Mangistau,urban,Female,KZMAN,3.56
2010,per 100000 population,Ontustik Kazakhstan,urban,Female,KZONT,5.97
2010,per 100000 population,Pavlodar,urban,Female,KZPAV,6.89
2010,per 100000 population,Soltustik Kazakhstan,urban,Female,KZSEV,6.13
2010,per 100000 population,Shygys Kazakhstan,urban,Female,KZVOS,10.32
2010,per 100000 population,Astana city,urban,Female,KZNS,4.34
2010,per 100000 population,Almaty city,urban,Female,KZALA,3.29
2010,per 100000 population,,rural,Female,,8.73
2010,per 100000 population,Akmola,rural,Female,KZAKM,12.64
2010,per 100000 population,Aktobe,rural,Female,KZAKT,8.01
2010,per 100000 population,Almaty,rural,Female,KZALM,7.96
2010,per 100000 population,Atyrau,rural,Female,KZATY,7.27
2010,per 100000 population,Batys Kazakhstan,rural,Female,KZZAP,11.88
2010,per 100000 population,Zhambyl,rural,Female,KZZHA,6.45
2010,per 100000 population,Karagandy,rural,Female,KZKAR,17.5
2010,per 100000 population,Kostanay,rural,Female,KZKUS,14.17
2010,per 100000 population,Kyzylorda,rural,Female,KZKZY,3.03
2010,per 100000 population,Mangistau,rural,Female,KZMAN,7.56
2010,per 100000 population,Ontustik Kazakhstan,rural,Female,KZONT,6.14
2010,per 100000 population,Pavlodar,rural,Female,KZPAV,12.6
2010,per 100000 population,Soltustik Kazakhstan,rural,Female,KZSEV,6.14
2010,per 100000 population,Shygys Kazakhstan,rural,Female,KZVOS,12.08
2011,per 100000 population,,,,,20.8
2011,per 100000 population,Akmola,,,KZAKM,34.96
2011,per 100000 population,Aktobe,,,KZAKT,17.39
2011,per 100000 population,Almaty,,,KZALM,20.47
2011,per 100000 population,Atyrau,,,KZATY,13.4
2011,per 100000 population,Batys Kazakhstan,,,KZZAP,33.75
2011,per 100000 population,Zhambyl,,,KZZHA,17.89
2011,per 100000 population,Karagandy,,,KZKAR,29.0
2011,per 100000 population,Kostanay,,,KZKUS,40.99
2011,per 100000 population,Kyzylorda,,,KZKZY,7.22
2011,per 100000 population,Mangistau,,,KZMAN,10.65
2011,per 100000 population,Ontustik Kazakhstan,,,KZONT,10.68
2011,per 100000 population,Pavlodar,,,KZPAV,32.01
2011,per 100000 population,Soltustik Kazakhstan,,,KZSEV,17.56
2011,per 100000 population,Shygys Kazakhstan,,,KZVOS,36.88
2011,per 100000 population,Astana city,,,KZNS,11.81
2011,per 100000 population,Almaty city,,,KZALA,8.24
2011,per 100000 population,,urban,,,18.21
2011,per 100000 population,Akmola,urban,,KZAKM,27.77
2011,per 100000 population,Aktobe,urban,,KZAKT,15.57
2011,per 100000 population,Almaty,urban,,KZALM,22.19
2011,per 100000 population,Atyrau,urban,,KZATY,12.04
2011,per 100000 population,Batys Kazakhstan,urban,,KZZAP,26.91
2011,per 100000 population,Zhambyl,urban,,KZZHA,20.36
2011,per 100000 population,Karagandy,urban,,KZKAR,26.52
2011,per 100000 population,Kostanay,urban,,KZKUS,31.92
2011,per 100000 population,Kyzylorda,urban,,KZKZY,6.02
2011,per 100000 population,Mangistau,urban,,KZMAN,11.12
2011,per 100000 population,Ontustik Kazakhstan,urban,,KZONT,10.23
2011,per 100000 population,Pavlodar,urban,,KZPAV,25.33
2011,per 100000 population,Soltustik Kazakhstan,urban,,KZSEV,12.57
2011,per 100000 population,Shygys Kazakhstan,urban,,KZVOS,30.25
2011,per 100000 population,Astana city,urban,,KZNS,11.81
2011,per 100000 population,Almaty city,urban,,KZALA,8.24
2011,per 100000 population,,rural,,,23.93
2011,per 100000 population,Akmola,rural,,KZAKM,41.26
2011,per 100000 population,Aktobe,rural,,KZAKT,20.31
2011,per 100000 population,Almaty,rural,,KZALM,19.94
2011,per 100000 population,Atyrau,rural,,KZATY,14.64
2011,per 100000 population,Batys Kazakhstan,rural,,KZZAP,40.08
2011,per 100000 population,Zhambyl,rural,,KZZHA,16.23
2011,per 100000 population,Karagandy,rural,,KZKAR,37.89
2011,per 100000 population,Kostanay,rural,,KZKUS,50.26
2011,per 100000 population,Kyzylorda,rural,,KZKZY,8.09
2011,per 100000 population,Mangistau,rural,,KZMAN,10.15
2011,per 100000 population,Ontustik Kazakhstan,rural,,KZONT,10.96
2011,per 100000 population,Pavlodar,rural,,KZPAV,46.68
2011,per 100000 population,Soltustik Kazakhstan,rural,,KZSEV,20.98
2011,per 100000 population,Shygys Kazakhstan,rural,,KZVOS,46.03
2011,per 100000 population,,,Male,,35.42
2011,per 100000 population,Akmola,,Male,KZAKM,59.15
2011,per 100000 population,Aktobe,,Male,KZAKT,30.03
2011,per 100000 population,Almaty,,Male,KZALM,34.69
2011,per 100000 population,Atyrau,,Male,KZATY,24.68
2011,per 100000 population,Batys Kazakhstan,,Male,KZZAP,57.37
2011,per 100000 population,Zhambyl,,Male,KZZHA,29.62
2011,per 100000 population,Karagandy,,Male,KZKAR,50.94
2011,per 100000 population,Kostanay,,Male,KZKUS,72.19
2011,per 100000 population,Kyzylorda,,Male,KZKZY,12.48
2011,per 100000 population,Mangistau,,Male,KZMAN,14.7
2011,per 100000 population,Ontustik Kazakhstan,,Male,KZONT,16.51
2011,per 100000 population,Pavlodar,,Male,KZPAV,54.08
2011,per 100000 population,Soltustik Kazakhstan,,Male,KZSEV,30.07
2011,per 100000 population,Shygys Kazakhstan,,Male,KZVOS,65.41
2011,per 100000 population,Astana city,,Male,KZNS,20.34
2011,per 100000 population,Almaty city,,Male,KZALA,14.99
2011,per 100000 population,,urban,Male,,31.55
2011,per 100000 population,Akmola,urban,Male,KZAKM,48.13
2011,per 100000 population,Aktobe,urban,Male,KZAKT,26.5
2011,per 100000 population,Almaty,urban,Male,KZALM,38.14
2011,per 100000 population,Atyrau,urban,Male,KZATY,23.61
2011,per 100000 population,Batys Kazakhstan,urban,Male,KZZAP,43.41
2011,per 100000 population,Zhambyl,urban,Male,KZZHA,34.66
2011,per 100000 population,Karagandy,urban,Male,KZKAR,46.58
2011,per 100000 population,Kostanay,urban,Male,KZKUS,57.58
2011,per 100000 population,Kyzylorda,urban,Male,KZKZY,9.62
2011,per 100000 population,Mangistau,urban,Male,KZMAN,15.48
2011,per 100000 population,Ontustik Kazakhstan,urban,Male,KZONT,16.36
2011,per 100000 population,Pavlodar,urban,Male,KZPAV,42.8
2011,per 100000 population,Soltustik Kazakhstan,urban,Male,KZSEV,23.16
2011,per 100000 population,Shygys Kazakhstan,urban,Male,KZVOS,55.64
2011,per 100000 population,Astana city,urban,Male,KZNS,20.34
2011,per 100000 population,Almaty city,urban,Male,KZALA,14.99
2011,per 100000 population,,rural,Male,,39.81
2011,per 100000 population,Akmola,rural,Male,KZAKM,68.26
2011,per 100000 population,Aktobe,rural,Male,KZAKT,35.36
2011,per 100000 population,Almaty,rural,Male,KZALM,33.68
2011,per 100000 population,Atyrau,rural,Male,KZATY,25.62
2011,per 100000 population,Batys Kazakhstan,rural,Male,KZZAP,69.34
2011,per 100000 population,Zhambyl,rural,Male,KZZHA,26.42
2011,per 100000 population,Karagandy,rural,Male,KZKAR,65.42
2011,per 100000 population,Kostanay,rural,Male,KZKUS,86.18
2011,per 100000 population,Kyzylorda,rural,Male,KZKZY,14.49
2011,per 100000 population,Mangistau,rural,Male,KZMAN,13.88
2011,per 100000 population,Ontustik Kazakhstan,rural,Male,KZONT,16.61
2011,per 100000 population,Pavlodar,rural,Male,KZPAV,77.18
2011,per 100000 population,Soltustik Kazakhstan,rural,Male,KZSEV,34.43
2011,per 100000 population,Shygys Kazakhstan,rural,Male,KZVOS,77.87
2011,per 100000 population,,,Female,,7.18
2011,per 100000 population,Akmola,,Female,KZAKM,12.4
2011,per 100000 population,Aktobe,,Female,KZAKT,5.67
2011,per 100000 population,Almaty,,Female,KZALM,6.75
2011,per 100000 population,Atyrau,,Female,KZATY,2.55
2011,per 100000 population,Batys Kazakhstan,,Female,KZZAP,11.71
2011,per 100000 population,Zhambyl,,Female,KZZHA,6.69
2011,per 100000 population,Karagandy,,Female,KZKAR,9.37
2011,per 100000 population,Kostanay,,Female,KZKUS,13.12
2011,per 100000 population,Kyzylorda,,Female,KZKZY,1.98
2011,per 100000 population,Mangistau,,Female,KZMAN,6.68
2011,per 100000 population,Ontustik Kazakhstan,,Female,KZONT,4.96
2011,per 100000 population,Pavlodar,,Female,KZPAV,12.39
2011,per 100000 population,Soltustik Kazakhstan,,Female,KZSEV,6.18
2011,per 100000 population,Shygys Kazakhstan,,Female,KZVOS,11.05
2011,per 100000 population,Astana city,,Female,KZNS,3.77
2011,per 100000 population,Almaty city,,Female,KZALA,2.57
2011,per 100000 population,,urban,Female,,6.46
2011,per 100000 population,Akmola,urban,Female,KZAKM,9.88
2011,per 100000 population,Aktobe,urban,Female,KZAKT,5.88
2011,per 100000 population,Almaty,urban,Female,KZALM,7.77
2011,per 100000 population,Atyrau,urban,Female,KZATY,1.49
2011,per 100000 population,Batys Kazakhstan,urban,Female,KZZAP,12.69
2011,per 100000 population,Zhambyl,urban,Female,KZZHA,7.61
2011,per 100000 population,Karagandy,urban,Female,KZKAR,9.16
2011,per 100000 population,Kostanay,urban,Female,KZKUS,10.34
2011,per 100000 population,Kyzylorda,urban,Female,KZKZY,2.61
2011,per 100000 population,Mangistau,urban,Female,KZMAN,6.98
2011,per 100000 population,Ontustik Kazakhstan,urban,Female,KZONT,4.55
2011,per 100000 population,Pavlodar,urban,Female,KZPAV,10.46
2011,per 100000 population,Soltustik Kazakhstan,urban,Female,KZSEV,3.82
2011,per 100000 population,Shygys Kazakhstan,urban,Female,KZVOS,8.68
2011,per 100000 population,Astana city,urban,Female,KZNS,3.77
2011,per 100000 population,Almaty city,urban,Female,KZALA,2.57
2011,per 100000 population,,rural,Female,,8.11
2011,per 100000 population,Akmola,rural,Female,KZAKM,14.73
2011,per 100000 population,Aktobe,rural,Female,KZAKT,5.32
2011,per 100000 population,Almaty,rural,Female,KZALM,6.43
2011,per 100000 population,Atyrau,rural,Female,KZATY,3.58
2011,per 100000 population,Batys Kazakhstan,rural,Female,KZZAP,10.74
2011,per 100000 population,Zhambyl,rural,Female,KZZHA,6.04
2011,per 100000 population,Karagandy,rural,Female,KZKAR,10.18
2011,per 100000 population,Kostanay,rural,Female,KZKUS,16.11
2011,per 100000 population,Kyzylorda,rural,Female,KZKZY,1.49
2011,per 100000 population,Mangistau,rural,Female,KZMAN,6.33
2011,per 100000 population,Ontustik Kazakhstan,rural,Female,KZONT,5.24
2011,per 100000 population,Pavlodar,rural,Female,KZPAV,16.92
2011,per 100000 population,Soltustik Kazakhstan,rural,Female,KZSEV,7.93
2011,per 100000 population,Shygys Kazakhstan,rural,Female,KZVOS,14.57
2012,per 100000 population,,,,,19.68
2012,per 100000 population,Akmola,,,KZAKM,35.24
2012,per 100000 population,Aktobe,,,KZAKT,21.49
2012,per 100000 population,Almaty,,,KZALM,21.11
2012,per 100000 population,Atyrau,,,KZATY,17.48
2012,per 100000 population,Batys Kazakhstan,,,KZZAP,32.19
2012,per 100000 population,Zhambyl,,,KZZHA,14.49
2012,per 100000 population,Karagandy,,,KZKAR,26.83
2012,per 100000 population,Kostanay,,,KZKUS,38.87
2012,per 100000 population,Kyzylorda,,,KZKZY,14.17
2012,per 100000 population,Mangistau,,,KZMAN,5.21
2012,per 100000 population,Ontustik Kazakhstan,,,KZONT,11.66
2012,per 100000 population,Pavlodar,,,KZPAV,28.34
2012,per 100000 population,Soltustik Kazakhstan,,,KZSEV,8.42
2012,per 100000 population,Shygys Kazakhstan,,,KZVOS,30.91
2012,per 100000 population,Astana city,,,KZNS,10.12
2012,per 100000 population,Almaty city,,,KZALA,7.25
2012,per 100000 population,,urban,,,17.11
2012,per 100000 population,Akmola,urban,,KZAKM,29.15
2012,per 100000 population,Aktobe,urban,,KZAKT,16.19
2012,per 100000 population,Almaty,urban,,KZALM,23.87
2012,per 100000 population,Atyrau,urban,,KZATY,16.26
2012,per 100000 population,Batys Kazakhstan,urban,,KZZAP,24.99
2012,per 100000 population,Zhambyl,urban,,KZZHA,13.41
2012,per 100000 population,Karagandy,urban,,KZKAR,24.39
2012,per 100000 population,Kostanay,urban,,KZKUS,31.87
2012,per 100000 population,Kyzylorda,urban,,KZKZY,15.69
2012,per 100000 population,Mangistau,urban,,KZMAN,6.32
2012,per 100000 population,Ontustik Kazakhstan,urban,,KZONT,12.15
2012,per 100000 population,Pavlodar,urban,,KZPAV,25.37
2012,per 100000 population,Soltustik Kazakhstan,urban,,KZSEV,3.77
2012,per 100000 population,Shygys Kazakhstan,urban,,KZVOS,24.09
2012,per 100000 population,Astana city,urban,,KZNS,10.12
2012,per 100000 population,Almaty city,urban,,KZALA,7.25
2012,per 100000 population,,rural,,,22.8
2012,per 100000 population,Akmola,rural,,KZAKM,40.61
2012,per 100000 population,Aktobe,rural,,KZAKT,30.0
2012,per 100000 population,Almaty,rural,,KZALM,20.28
2012,per 100000 population,Atyrau,rural,,KZATY,18.62
2012,per 100000 population,Batys Kazakhstan,rural,,KZZAP,39.04
2012,per 100000 population,Zhambyl,rural,,KZZHA,15.21
2012,per 100000 population,Karagandy,rural,,KZKAR,35.65
2012,per 100000 population,Kostanay,rural,,KZKUS,46.16
2012,per 100000 population,Kyzylorda,rural,,KZKZY,13.05
2012,per 100000 population,Mangistau,rural,,KZMAN,4.04
2012,per 100000 population,Ontustik Kazakhstan,rural,,KZONT,11.34
2012,per 100000 population,Pavlodar,rural,,KZPAV,34.95
2012,per 100000 population,Soltustik Kazakhstan,rural,,KZSEV,11.67
2012,per 100000 population,Shygys Kazakhstan,rural,,KZVOS,40.46
2012,per 100000 population,,,Male,,33.76
2012,per 100000 population,Akmola,,Male,KZAKM,62.23
2012,per 100000 population,Aktobe,,Male,KZAKT,38.58
2012,per 100000 population,Almaty,,Male,KZALM,35.81
2012,per 100000 population,Atyrau,,Male,KZATY,33.06
2012,per 100000 population,Batys Kazakhstan,,Male,KZZAP,58.94
2012,per 100000 population,Zhambyl,,Male,KZZHA,23.47
2012,per 100000 population,Karagandy,,Male,KZKAR,44.51
2012,per 100000 population,Kostanay,,Male,KZKUS,70.78
2012,per 100000 population,Kyzylorda,,Male,KZKZY,22.81
2012,per 100000 population,Mangistau,,Male,KZMAN,8.68
2012,per 100000 population,Ontustik Kazakhstan,,Male,KZONT,16.83
2012,per 100000 population,Pavlodar,,Male,KZPAV,50.83
2012,per 100000 population,Soltustik Kazakhstan,,Male,KZSEV,16.24
2012,per 100000 population,Shygys Kazakhstan,,Male,KZVOS,54.0
2012,per 100000 population,Astana city,,Male,KZNS,17.69
2012,per 100000 population,Almaty city,,Male,KZALA,13.36
2012,per 100000 population,,urban,Male,,29.98
2012,per 100000 population,Akmola,urban,Male,KZAKM,53.56
2012,per 100000 population,Aktobe,urban,Male,KZAKT,26.99
2012,per 100000 population,Almaty,urban,Male,KZALM,40.34
2012,per 100000 population,Atyrau,urban,Male,KZATY,31.69
2012,per 100000 population,Batys Kazakhstan,urban,Male,KZZAP,47.57
2012,per 100000 population,Zhambyl,urban,Male,KZZHA,21.92
2012,per 100000 population,Karagandy,urban,Male,KZKAR,40.84
2012,per 100000 population,Kostanay,urban,Male,KZKUS,59.48
2012,per 100000 population,Kyzylorda,urban,Male,KZKZY,28.15
2012,per 100000 population,Mangistau,urban,Male,KZMAN,10.81
2012,per 100000 population,Ontustik Kazakhstan,urban,Male,KZONT,18.61
2012,per 100000 population,Pavlodar,urban,Male,KZPAV,46.74
2012,per 100000 population,Soltustik Kazakhstan,urban,Male,KZSEV,8.33
2012,per 100000 population,Shygys Kazakhstan,urban,Male,KZVOS,42.77
2012,per 100000 population,Astana city,urban,Male,KZNS,17.69
2012,per 100000 population,Almaty city,urban,Male,KZALA,13.36
2012,per 100000 population,,rural,Male,,38.07
2012,per 100000 population,Akmola,rural,Male,KZAKM,69.44
2012,per 100000 population,Aktobe,rural,Male,KZAKT,56.15
2012,per 100000 population,Almaty,rural,Male,KZALM,34.49
2012,per 100000 population,Atyrau,rural,Male,KZATY,34.27
2012,per 100000 population,Batys Kazakhstan,rural,Male,KZZAP,68.92
2012,per 100000 population,Zhambyl,rural,Male,KZZHA,24.44
2012,per 100000 population,Karagandy,rural,Male,KZKAR,56.77
2012,per 100000 population,Kostanay,rural,Male,KZKUS,81.81
2012,per 100000 population,Kyzylorda,rural,Male,KZKZY,19.03
2012,per 100000 population,Mangistau,rural,Male,KZMAN,6.54
2012,per 100000 population,Ontustik Kazakhstan,rural,Male,KZONT,15.74
2012,per 100000 population,Pavlodar,rural,Male,KZPAV,59.32
2012,per 100000 population,Soltustik Kazakhstan,rural,Male,KZSEV,21.3
2012,per 100000 population,Shygys Kazakhstan,rural,Male,KZVOS,68.53
2012,per 100000 population,,,Female,,6.56
2012,per 100000 population,Akmola,,Female,KZAKM,10.04
2012,per 100000 population,Aktobe,,Female,KZAKT,5.61
2012,per 100000 population,Almaty,,Female,KZALM,6.93
2012,per 100000 population,Atyrau,,Female,KZATY,2.5
2012,per 100000 population,Batys Kazakhstan,,Female,KZZAP,7.23
2012,per 100000 population,Zhambyl,,Female,KZZHA,5.89
2012,per 100000 population,Karagandy,,Female,KZKAR,11.01
2012,per 100000 population,Kostanay,,Female,KZKUS,10.33
2012,per 100000 population,Kyzylorda,,Female,KZKZY,5.55
2012,per 100000 population,Mangistau,,Female,KZMAN,1.78
2012,per 100000 population,Ontustik Kazakhstan,,Female,KZONT,6.58
2012,per 100000 population,Pavlodar,,Female,KZPAV,8.33
2012,per 100000 population,Soltustik Kazakhstan,,Female,KZSEV,1.31
2012,per 100000 population,Shygys Kazakhstan,,Female,KZVOS,9.98
2012,per 100000 population,Astana city,,Female,KZNS,3.05
2012,per 100000 population,Almaty city,,Female,KZALA,2.14
2012,per 100000 population,,urban,Female,,5.78
2012,per 100000 population,Akmola,urban,Female,KZAKM,7.67
2012,per 100000 population,Aktobe,urban,Female,KZAKT,6.59
2012,per 100000 population,Almaty,urban,Female,KZALM,8.93
2012,per 100000 population,Atyrau,urban,Female,KZATY,2.17
2012,per 100000 population,Batys Kazakhstan,urban,Female,KZZAP,5.58
2012,per 100000 population,Zhambyl,urban,Female,KZZHA,5.79
2012,per 100000 population,Karagandy,urban,Female,KZKAR,10.15
2012,per 100000 population,Kostanay,urban,Female,KZKUS,8.62
2012,per 100000 population,Kyzylorda,urban,Female,KZKZY,3.83
2012,per 100000 population,Mangistau,urban,Female,KZMAN,2.05
2012,per 100000 population,Ontustik Kazakhstan,urban,Female,KZONT,6.14
2012,per 100000 population,Pavlodar,urban,Female,KZPAV,7.17
2012,per 100000 population,Soltustik Kazakhstan,urban,Female,KZSEV,0.0
2012,per 100000 population,Shygys Kazakhstan,urban,Female,KZVOS,8.19
2012,per 100000 population,Astana city,urban,Female,KZNS,3.05
2012,per 100000 population,Almaty city,urban,Female,KZALA,2.14
2012,per 100000 population,,rural,Female,,7.55
2012,per 100000 population,Akmola,rural,Female,KZAKM,12.24
2012,per 100000 population,Aktobe,rural,Female,KZAKT,3.95
2012,per 100000 population,Almaty,rural,Female,KZALM,6.3
2012,per 100000 population,Atyrau,rural,Female,KZATY,2.82
2012,per 100000 population,Batys Kazakhstan,rural,Female,KZZAP,8.92
2012,per 100000 population,Zhambyl,rural,Female,KZZHA,5.96
2012,per 100000 population,Karagandy,rural,Female,KZKAR,14.33
2012,per 100000 population,Kostanay,rural,Female,KZKUS,12.22
2012,per 100000 population,Kyzylorda,rural,Female,KZKZY,6.88
2012,per 100000 population,Mangistau,rural,Female,KZMAN,1.49
2012,per 100000 population,Ontustik Kazakhstan,rural,Female,KZONT,6.88
2012,per 100000 population,Pavlodar,rural,Female,KZPAV,11.1
2012,per 100000 population,Soltustik Kazakhstan,rural,Female,KZSEV,2.3
2012,per 100000 population,Shygys Kazakhstan,rural,Female,KZVOS,12.68
2013,per 100000 population,,,,,20.67
2013,per 100000 population,Akmola,,,KZAKM,37.05
2013,per 100000 population,Aktobe,,,KZAKT,20.94
2013,per 100000 population,Almaty,,,KZALM,22.28
2013,per 100000 population,Atyrau,,,KZATY,19.77
2013,per 100000 population,Batys Kazakhstan,,,KZZAP,26.41
2013,per 100000 population,Zhambyl,,,KZZHA,19.59
2013,per 100000 population,Karagandy,,,KZKAR,25.76
2013,per 100000 population,Kostanay,,,KZKUS,42.25
2013,per 100000 population,Kyzylorda,,,KZKZY,16.91
2013,per 100000 population,Mangistau,,,KZMAN,12.47
2013,per 100000 population,Ontustik Kazakhstan,,,KZONT,13.53
2013,per 100000 population,Pavlodar,,,KZPAV,25.43
2013,per 100000 population,Soltustik Kazakhstan,,,KZSEV,10.56
2013,per 100000 population,Shygys Kazakhstan,,,KZVOS,31.27
2013,per 100000 population,Astana city,,,KZNS,12.56
2013,per 100000 population,Almaty city,,,KZALA,5.63
2013,per 100000 population,,urban,,,17.71
2013,per 100000 population,Akmola,urban,,KZAKM,32.72
2013,per 100000 population,Aktobe,urban,,KZAKT,17.99
2013,per 100000 population,Almaty,urban,,KZALM,26.16
2013,per 100000 population,Atyrau,urban,,KZATY,17.62
2013,per 100000 population,Batys Kazakhstan,urban,,KZZAP,22.94
2013,per 100000 population,Zhambyl,urban,,KZZHA,22.68
2013,per 100000 population,Karagandy,urban,,KZKAR,21.81
2013,per 100000 population,Kostanay,urban,,KZKUS,33.34
2013,per 100000 population,Kyzylorda,urban,,KZKZY,15.32
2013,per 100000 population,Mangistau,urban,,KZMAN,13.43
2013,per 100000 population,Ontustik Kazakhstan,urban,,KZONT,12.56
2013,per 100000 population,Pavlodar,urban,,KZPAV,22.62
2013,per 100000 population,Soltustik Kazakhstan,urban,,KZSEV,3.75
2013,per 100000 population,Shygys Kazakhstan,urban,,KZVOS,25.03
2013,per 100000 population,Astana city,urban,,KZNS,12.56
2013,per 100000 population,Almaty city,urban,,KZALA,5.63
2013,per 100000 population,,rural,,,24.28
2013,per 100000 population,Akmola,rural,,KZAKM,40.89
2013,per 100000 population,Aktobe,rural,,KZAKT,25.68
2013,per 100000 population,Almaty,rural,,KZALM,21.11
2013,per 100000 population,Atyrau,rural,,KZATY,21.71
2013,per 100000 population,Batys Kazakhstan,rural,,KZZAP,29.76
2013,per 100000 population,Zhambyl,rural,,KZZHA,17.52
2013,per 100000 population,Karagandy,rural,,KZKAR,40.24
2013,per 100000 population,Kostanay,rural,,KZKUS,51.68
2013,per 100000 population,Kyzylorda,rural,,KZKZY,18.1
2013,per 100000 population,Mangistau,rural,,KZMAN,11.49
2013,per 100000 population,Ontustik Kazakhstan,rural,,KZONT,14.15
2013,per 100000 population,Pavlodar,rural,,KZPAV,31.82
2013,per 100000 population,Soltustik Kazakhstan,rural,,KZSEV,15.41
2013,per 100000 population,Shygys Kazakhstan,rural,,KZVOS,40.17
2013,per 100000 population,,,Male,,34.6
2013,per 100000 population,Akmola,,Male,KZAKM,61.76
2013,per 100000 population,Aktobe,,Male,KZAKT,36.44
2013,per 100000 population,Almaty,,Male,KZALM,36.16
2013,per 100000 population,Atyrau,,Male,KZATY,33.04
2013,per 100000 population,Batys Kazakhstan,,Male,KZZAP,46.7
2013,per 100000 population,Zhambyl,,Male,KZZHA,32.62
2013,per 100000 population,Karagandy,,Male,KZKAR,43.99
2013,per 100000 population,Kostanay,,Male,KZKUS,74.32
2013,per 100000 population,Kyzylorda,,Male,KZKZY,26.49
2013,per 100000 population,Mangistau,,Male,KZMAN,20.23
2013,per 100000 population,Ontustik Kazakhstan,,Male,KZONT,20.26
2013,per 100000 population,Pavlodar,,Male,KZPAV,43.82
2013,per 100000 population,Soltustik Kazakhstan,,Male,KZSEV,19.26
2013,per 100000 population,Shygys Kazakhstan,,Male,KZVOS,54.59
2013,per 100000 population,Astana city,,Male,KZNS,21.33
2013,per 100000 population,Almaty city,,Male,KZALA,8.98
2013,per 100000 population,,urban,Male,,30.11
2013,per 100000 population,Akmola,urban,Male,KZAKM,55.05
2013,per 100000 population,Aktobe,urban,Male,KZAKT,32.13
2013,per 100000 population,Almaty,urban,Male,KZALM,45.28
2013,per 100000 population,Atyrau,urban,Male,KZATY,29.07
2013,per 100000 population,Batys Kazakhstan,urban,Male,KZZAP,39.69
2013,per 100000 population,Zhambyl,urban,Male,KZZHA,39.19
2013,per 100000 population,Karagandy,urban,Male,KZKAR,37.34
2013,per 100000 population,Kostanay,urban,Male,KZKUS,61.35
2013,per 100000 population,Kyzylorda,urban,Male,KZKZY,22.89
2013,per 100000 population,Mangistau,urban,Male,KZMAN,21.21
2013,per 100000 population,Ontustik Kazakhstan,urban,Male,KZONT,18.59
2013,per 100000 population,Pavlodar,urban,Male,KZPAV,38.75
2013,per 100000 population,Soltustik Kazakhstan,urban,Male,KZSEV,8.28
2013,per 100000 population,Shygys Kazakhstan,urban,Male,KZVOS,44.31
2013,per 100000 population,Astana city,urban,Male,KZNS,21.33
2013,per 100000 population,Almaty city,urban,Male,KZALA,8.98
2013,per 100000 population,,rural,Male,,39.74
2013,per 100000 population,Akmola,rural,Male,KZAKM,67.38
2013,per 100000 population,Aktobe,rural,Male,KZAKT,43.0
2013,per 100000 population,Almaty,rural,Male,KZALM,33.52
2013,per 100000 population,Atyrau,rural,Male,KZATY,36.45
2013,per 100000 population,Batys Kazakhstan,rural,Male,KZZAP,52.93
2013,per 100000 population,Zhambyl,rural,Male,KZZHA,28.46
2013,per 100000 population,Karagandy,rural,Male,KZKAR,66.45
2013,per 100000 population,Kostanay,rural,Male,KZKUS,87.17
2013,per 100000 population,Kyzylorda,rural,Male,KZKZY,29.06
2013,per 100000 population,Mangistau,rural,Male,KZMAN,19.27
2013,per 100000 population,Ontustik Kazakhstan,rural,Male,KZONT,21.3
2013,per 100000 population,Pavlodar,rural,Male,KZPAV,54.51
2013,per 100000 population,Soltustik Kazakhstan,rural,Male,KZSEV,26.42
2013,per 100000 population,Shygys Kazakhstan,rural,Male,KZVOS,68.13
2013,per 100000 population,,,Female,,7.68
2013,per 100000 population,Akmola,,Female,KZAKM,13.96
2013,per 100000 population,Aktobe,,Female,KZAKT,6.5
2013,per 100000 population,Almaty,,Female,KZALM,8.9
2013,per 100000 population,Atyrau,,Female,KZATY,6.99
2013,per 100000 population,Batys Kazakhstan,,Female,KZZAP,7.47
2013,per 100000 population,Zhambyl,,Female,KZZHA,7.09
2013,per 100000 population,Karagandy,,Female,KZKAR,9.44
2013,per 100000 population,Kostanay,,Female,KZKUS,13.56
2013,per 100000 population,Kyzylorda,,Female,KZKZY,7.36
2013,per 100000 population,Mangistau,,Female,KZMAN,4.81
2013,per 100000 population,Ontustik Kazakhstan,,Female,KZONT,6.89
2013,per 100000 population,Pavlodar,,Female,KZPAV,9.06
2013,per 100000 population,Soltustik Kazakhstan,,Female,KZSEV,2.64
2013,per 100000 population,Shygys Kazakhstan,,Female,KZVOS,10.12
2013,per 100000 population,Astana city,,Female,KZNS,4.37
2013,per 100000 population,Almaty city,,Female,KZALA,2.83
2013,per 100000 population,,urban,Female,,6.78
2013,per 100000 population,Akmola,urban,Female,KZAKM,13.07
2013,per 100000 population,Aktobe,urban,Female,KZAKT,5.36
2013,per 100000 population,Almaty,urban,Female,KZALM,8.81
2013,per 100000 population,Atyrau,urban,Female,KZATY,7.17
2013,per 100000 population,Batys Kazakhstan,urban,Female,KZZAP,8.54
2013,per 100000 population,Zhambyl,urban,Female,KZZHA,7.89
2013,per 100000 population,Karagandy,urban,Female,KZKAR,8.35
2013,per 100000 population,Kostanay,urban,Female,KZKUS,9.76
2013,per 100000 population,Kyzylorda,urban,Female,KZKZY,8.1
2013,per 100000 population,Mangistau,urban,Female,KZMAN,6.04
2013,per 100000 population,Ontustik Kazakhstan,urban,Female,KZONT,6.94
2013,per 100000 population,Pavlodar,urban,Female,KZPAV,8.88
2013,per 100000 population,Soltustik Kazakhstan,urban,Female,KZSEV,0.0
2013,per 100000 population,Shygys Kazakhstan,urban,Female,KZVOS,8.59
2013,per 100000 population,Astana city,urban,Female,KZNS,4.37
2013,per 100000 population,Almaty city,urban,Female,KZALA,2.83
2013,per 100000 population,,rural,Female,,8.85
2013,per 100000 population,Akmola,rural,Female,KZAKM,14.8
2013,per 100000 population,Aktobe,rural,Female,KZAKT,8.43
2013,per 100000 population,Almaty,rural,Female,KZALM,8.92
2013,per 100000 population,Atyrau,rural,Female,KZATY,6.82
2013,per 100000 population,Batys Kazakhstan,rural,Female,KZZAP,6.36
2013,per 100000 population,Zhambyl,rural,Female,KZZHA,6.53
2013,per 100000 population,Karagandy,rural,Female,KZKAR,13.72
2013,per 100000 population,Kostanay,rural,Female,KZKUS,17.82
2013,per 100000 population,Kyzylorda,rural,Female,KZKZY,6.78
2013,per 100000 population,Mangistau,rural,Female,KZMAN,3.52
2013,per 100000 population,Ontustik Kazakhstan,rural,Female,KZONT,6.86
2013,per 100000 population,Pavlodar,rural,Female,KZPAV,9.51
2013,per 100000 population,Soltustik Kazakhstan,rural,Female,KZSEV,4.68
2013,per 100000 population,Shygys Kazakhstan,rural,Female,KZVOS,12.46
2014,per 100000 population,,,,,18.1
2014,per 100000 population,Akmola,,,KZAKM,36.54
2014,per 100000 population,Aktobe,,,KZAKT,18.14
2014,per 100000 population,Almaty,,,KZALM,21.44
2014,per 100000 population,Atyrau,,,KZATY,16.01
2014,per 100000 population,Batys Kazakhstan,,,KZZAP,23.76
2014,per 100000 population,Zhambyl,,,KZZHA,17.04
2014,per 100000 population,Karagandy,,,KZKAR,26.57
2014,per 100000 population,Kostanay,,,KZKUS,31.66
2014,per 100000 population,Kyzylorda,,,KZKZY,9.38
2014,per 100000 population,Mangistau,,,KZMAN,8.37
2014,per 100000 population,Ontustik Kazakhstan,,,KZONT,13.11
2014,per 100000 population,Pavlodar,,,KZPAV,13.52
2014,per 100000 population,Soltustik Kazakhstan,,,KZSEV,11.33
2014,per 100000 population,Shygys Kazakhstan,,,KZVOS,28.32
2014,per 100000 population,Astana city,,,KZNS,8.4
2014,per 100000 population,Almaty city,,,KZALA,6.71
2014,per 100000 population,,urban,,,14.85
2014,per 100000 population,Akmola,urban,,KZAKM,30.56
2014,per 100000 population,Aktobe,urban,,KZAKT,13.27
2014,per 100000 population,Almaty,urban,,KZALM,21.4
2014,per 100000 population,Atyrau,urban,,KZATY,12.6
2014,per 100000 population,Batys Kazakhstan,urban,,KZZAP,23.24
2014,per 100000 population,Zhambyl,urban,,KZZHA,15.47
2014,per 100000 population,Karagandy,urban,,KZKAR,24.2
2014,per 100000 population,Kostanay,urban,,KZKUS,24.7
2014,per 100000 population,Kyzylorda,urban,,KZKZY,11.53
2014,per 100000 population,Mangistau,urban,,KZMAN,7.48
2014,per 100000 population,Ontustik Kazakhstan,urban,,KZONT,9.58
2014,per 100000 population,Pavlodar,urban,,KZPAV,12.32
2014,per 100000 population,Soltustik Kazakhstan,urban,,KZSEV,6.19
2014,per 100000 population,Shygys Kazakhstan,urban,,KZVOS,22.06
2014,per 100000 population,Astana city,urban,,KZNS,8.4
2014,per 100000 population,Almaty city,urban,,KZALA,6.71
2014,per 100000 population,,rural,,,22.2
2014,per 100000 population,Akmola,rural,,KZAKM,41.88
2014,per 100000 population,Aktobe,rural,,KZAKT,26.04
2014,per 100000 population,Almaty,rural,,KZALM,21.46
2014,per 100000 population,Atyrau,rural,,KZATY,19.03
2014,per 100000 population,Batys Kazakhstan,rural,,KZZAP,24.27
2014,per 100000 population,Zhambyl,rural,,KZZHA,18.1
2014,per 100000 population,Karagandy,rural,,KZKAR,35.39
2014,per 100000 population,Kostanay,rural,,KZKUS,39.18
2014,per 100000 population,Kyzylorda,rural,,KZKZY,7.76
2014,per 100000 population,Mangistau,rural,,KZMAN,9.16
2014,per 100000 population,Ontustik Kazakhstan,rural,,KZONT,15.67
2014,per 100000 population,Pavlodar,rural,,KZPAV,16.31
2014,per 100000 population,Soltustik Kazakhstan,rural,,KZSEV,15.08
2014,per 100000 population,Shygys Kazakhstan,rural,,KZVOS,37.37
2014,per 100000 population,,,Male,,30.75
2014,per 100000 population,Akmola,,Male,KZAKM,64.7
2014,per 100000 population,Aktobe,,Male,KZAKT,31.49
2014,per 100000 population,Almaty,,Male,KZALM,36.12
2014,per 100000 population,Atyrau,,Male,KZATY,26.24
2014,per 100000 population,Batys Kazakhstan,,Male,KZZAP,40.28
2014,per 100000 population,Zhambyl,,Male,KZZHA,27.1
2014,per 100000 population,Karagandy,,Male,KZKAR,44.65
2014,per 100000 population,Kostanay,,Male,KZKUS,57.89
2014,per 100000 population,Kyzylorda,,Male,KZKZY,15.02
2014,per 100000 population,Mangistau,,Male,KZMAN,13.14
2014,per 100000 population,Ontustik Kazakhstan,,Male,KZONT,20.94
2014,per 100000 population,Pavlodar,,Male,KZPAV,22.78
2014,per 100000 population,Soltustik Kazakhstan,,Male,KZSEV,19.75
2014,per 100000 population,Shygys Kazakhstan,,Male,KZVOS,49.26
2014,per 100000 population,Astana city,,Male,KZNS,14.42
2014,per 100000 population,Almaty city,,Male,KZALA,12.45
2014,per 100000 population,,urban,Male,,25.78
2014,per 100000 population,Akmola,urban,Male,KZAKM,54.17
2014,per 100000 population,Aktobe,urban,Male,KZAKT,24.31
2014,per 100000 population,Almaty,urban,Male,KZALM,38.85
2014,per 100000 population,Atyrau,urban,Male,KZATY,18.63
2014,per 100000 population,Batys Kazakhstan,urban,Male,KZZAP,38.35
2014,per 100000 population,Zhambyl,urban,Male,KZZHA,26.94
2014,per 100000 population,Karagandy,urban,Male,KZKAR,41.35
2014,per 100000 population,Kostanay,urban,Male,KZKUS,44.92
2014,per 100000 population,Kyzylorda,urban,Male,KZKZY,17.86
2014,per 100000 population,Mangistau,urban,Male,KZMAN,12.27
2014,per 100000 population,Ontustik Kazakhstan,urban,Male,KZONT,16.75
2014,per 100000 population,Pavlodar,urban,Male,KZPAV,20.59
2014,per 100000 population,Soltustik Kazakhstan,urban,Male,KZSEV,11.86
2014,per 100000 population,Shygys Kazakhstan,urban,Male,KZVOS,38.16
2014,per 100000 population,Astana city,urban,Male,KZNS,14.42
2014,per 100000 population,Almaty city,urban,Male,KZALA,12.45
2014,per 100000 population,,rural,Male,,36.62
2014,per 100000 population,Akmola,rural,Male,KZAKM,73.55
2014,per 100000 population,Aktobe,rural,Male,KZAKT,42.53
2014,per 100000 population,Almaty,rural,Male,KZALM,35.27
2014,per 100000 population,Atyrau,rural,Male,KZATY,32.64
2014,per 100000 population,Batys Kazakhstan,rural,Male,KZZAP,42.02
2014,per 100000 population,Zhambyl,rural,Male,KZZHA,27.2
2014,per 100000 population,Karagandy,rural,Male,KZKAR,55.96
2014,per 100000 population,Kostanay,rural,Male,KZKUS,71.0
2014,per 100000 population,Kyzylorda,rural,Male,KZKZY,12.96
2014,per 100000 population,Mangistau,rural,Male,KZMAN,13.91
2014,per 100000 population,Ontustik Kazakhstan,rural,Male,KZONT,23.85
2014,per 100000 population,Pavlodar,rural,Male,KZPAV,27.48
2014,per 100000 population,Soltustik Kazakhstan,rural,Male,KZSEV,25.03
2014,per 100000 population,Shygys Kazakhstan,rural,Male,KZVOS,64.11
2014,per 100000 population,,,Female,,6.3
2014,per 100000 population,Akmola,,Female,KZAKM,10.25
2014,per 100000 population,Aktobe,,Female,KZAKT,5.69
2014,per 100000 population,Almaty,,Female,KZALM,7.26
2014,per 100000 population,Atyrau,,Female,KZATY,6.15
2014,per 100000 population,Batys Kazakhstan,,Female,KZZAP,8.33
2014,per 100000 population,Zhambyl,,Female,KZZHA,7.37
2014,per 100000 population,Karagandy,,Female,KZKAR,10.35
2014,per 100000 population,Kostanay,,Female,KZKUS,8.17
2014,per 100000 population,Kyzylorda,,Female,KZKZY,3.75
2014,per 100000 population,Mangistau,,Female,KZMAN,3.66
2014,per 100000 population,Ontustik Kazakhstan,,Female,KZONT,5.4
2014,per 100000 population,Pavlodar,,Female,KZPAV,5.27
2014,per 100000 population,Soltustik Kazakhstan,,Female,KZSEV,3.66
2014,per 100000 population,Shygys Kazakhstan,,Female,KZVOS,9.3
2014,per 100000 population,Astana city,,Female,KZNS,2.78
2014,per 100000 population,Almaty city,,Female,KZALA,1.9
2014,per 100000 population,,urban,Female,,5.18
2014,per 100000 population,Akmola,urban,Female,KZAKM,9.76
2014,per 100000 population,Aktobe,urban,Female,KZAKT,3.38
2014,per 100000 population,Almaty,urban,Female,KZALM,5.5
2014,per 100000 population,Atyrau,urban,Female,KZATY,7.09
2014,per 100000 population,Batys Kazakhstan,urban,Female,KZZAP,10.22
2014,per 100000 population,Zhambyl,urban,Female,KZZHA,5.18
2014,per 100000 population,Karagandy,urban,Female,KZKAR,9.31
2014,per 100000 population,Kostanay,urban,Female,KZKUS,7.65
2014,per 100000 population,Kyzylorda,urban,Female,KZKZY,5.48
2014,per 100000 population,Mangistau,urban,Female,KZMAN,2.82
2014,per 100000 population,Ontustik Kazakhstan,urban,Female,KZONT,2.85
2014,per 100000 population,Pavlodar,urban,Female,KZPAV,5.27
2014,per 100000 population,Soltustik Kazakhstan,urban,Female,KZSEV,1.51
2014,per 100000 population,Shygys Kazakhstan,urban,Female,KZVOS,8.31
2014,per 100000 population,Astana city,urban,Female,KZNS,2.78
2014,per 100000 population,Almaty city,urban,Female,KZALA,1.9
2014,per 100000 population,,rural,Female,,7.79
2014,per 100000 population,Akmola,rural,Female,KZAKM,10.71
2014,per 100000 population,Aktobe,rural,Female,KZAKT,9.62
2014,per 100000 population,Almaty,rural,Female,KZALM,7.85
2014,per 100000 population,Atyrau,rural,Female,KZATY,5.28
2014,per 100000 population,Batys Kazakhstan,rural,Female,KZZAP,6.33
2014,per 100000 population,Zhambyl,rural,Female,KZZHA,8.93
2014,per 100000 population,Karagandy,rural,Female,KZKAR,14.53
2014,per 100000 population,Kostanay,rural,Female,KZKUS,8.77
2014,per 100000 population,Kyzylorda,rural,Female,KZKZY,2.39
2014,per 100000 population,Mangistau,rural,Female,KZMAN,4.42
2014,per 100000 population,Ontustik Kazakhstan,rural,Female,KZONT,7.32
2014,per 100000 population,Pavlodar,rural,Female,KZPAV,5.26
2014,per 100000 population,Soltustik Kazakhstan,rural,Female,KZSEV,5.36
2014,per 100000 population,Shygys Kazakhstan,rural,Female,KZVOS,10.84
2015,per 100000 population,,,,,16.52
2015,per 100000 population,Akmola,,,KZAKM,33.9
2015,per 100000 population,Aktobe,,,KZAKT,20.39
2015,per 100000 population,Almaty,,,KZALM,17.37
2015,per 100000 population,Atyrau,,,KZATY,18.37
2015,per 100000 population,Batys Kazakhstan,,,KZZAP,19.1
2015,per 100000 population,Zhambyl,,,KZZHA,12.76
2015,per 100000 population,Karagandy,,,KZKAR,22.87
2015,per 100000 population,Kostanay,,,KZKUS,36.82
2015,per 100000 population,Kyzylorda,,,KZKZY,7.38
2015,per 100000 population,Mangistau,,,KZMAN,8.11
2015,per 100000 population,Ontustik Kazakhstan,,,KZONT,11.12
2015,per 100000 population,Pavlodar,,,KZPAV,4.89
2015,per 100000 population,Soltustik Kazakhstan,,,KZSEV,16.65
2015,per 100000 population,Shygys Kazakhstan,,,KZVOS,26.72
2015,per 100000 population,Astana city,,,KZNS,12.98
2015,per 100000 population,Almaty city,,,KZALA,5.68
2015,per 100000 population,,urban,,,13.49
2015,per 100000 population,Akmola,urban,,KZAKM,30.06
2015,per 100000 population,Aktobe,urban,,KZAKT,19.19
2015,per 100000 population,Almaty,urban,,KZALM,14.94
2015,per 100000 population,Atyrau,urban,,KZATY,13.27
2015,per 100000 population,Batys Kazakhstan,urban,,KZZAP,15.24
2015,per 100000 population,Zhambyl,urban,,KZZHA,14.57
2015,per 100000 population,Karagandy,urban,,KZKAR,21.79
2015,per 100000 population,Kostanay,urban,,KZKUS,27.81
2015,per 100000 population,Kyzylorda,urban,,KZKZY,8.5
2015,per 100000 population,Mangistau,urban,,KZMAN,7.04
2015,per 100000 population,Ontustik Kazakhstan,urban,,KZONT,6.89
2015,per 100000 population,Pavlodar,urban,,KZPAV,3.19
2015,per 100000 population,Soltustik Kazakhstan,urban,,KZSEV,12.19
2015,per 100000 population,Shygys Kazakhstan,urban,,KZVOS,19.36
2015,per 100000 population,Astana city,urban,,KZNS,12.98
2015,per 100000 population,Almaty city,urban,,KZALA,5.68
2015,per 100000 population,,rural,,,20.48
2015,per 100000 population,Akmola,rural,,KZAKM,37.32
2015,per 100000 population,Aktobe,rural,,KZAKT,22.38
2015,per 100000 population,Almaty,rural,,KZALM,18.14
2015,per 100000 population,Atyrau,rural,,KZATY,22.97
2015,per 100000 population,Batys Kazakhstan,rural,,KZZAP,22.91
2015,per 100000 population,Zhambyl,rural,,KZZHA,11.54
2015,per 100000 population,Karagandy,rural,,KZKAR,26.99
2015,per 100000 population,Kostanay,rural,,KZKUS,46.79
2015,per 100000 population,Kyzylorda,rural,,KZKZY,6.52
2015,per 100000 population,Mangistau,rural,,KZMAN,8.93
2015,per 100000 population,Ontustik Kazakhstan,rural,,KZONT,14.56
2015,per 100000 population,Pavlodar,rural,,KZPAV,8.89
2015,per 100000 population,Soltustik Kazakhstan,rural,,KZSEV,20.02
2015,per 100000 population,Shygys Kazakhstan,rural,,KZVOS,37.59
2015,per 100000 population,,,Male,,27.87
2015,per 100000 population,Akmola,,Male,KZAKM,57.3
2015,per 100000 population,Aktobe,,Male,KZAKT,37.21
2015,per 100000 population,Almaty,,Male,KZALM,27.2
2015,per 100000 population,Atyrau,,Male,KZATY,30.47
2015,per 100000 population,Batys Kazakhstan,,Male,KZZAP,33.98
2015,per 100000 population,Zhambyl,,Male,KZZHA,21.77
2015,per 100000 population,Karagandy,,Male,KZKAR,39.17
2015,per 100000 population,Kostanay,,Male,KZKUS,63.5
2015,per 100000 population,Kyzylorda,,Male,KZKZY,12.65
2015,per 100000 population,Mangistau,,Male,KZMAN,13.69
2015,per 100000 population,Ontustik Kazakhstan,,Male,KZONT,17.3
2015,per 100000 population,Pavlodar,,Male,KZPAV,7.28
2015,per 100000 population,Soltustik Kazakhstan,,Male,KZSEV,27.2
2015,per 100000 population,Shygys Kazakhstan,,Male,KZVOS,46.8
2015,per 100000 population,Astana city,,Male,KZNS,22.59
2015,per 100000 population,Almaty city,,Male,KZALA,10.72
2015,per 100000 population,,urban,Male,,23.09
2015,per 100000 population,Akmola,urban,Male,KZAKM,51.31
2015,per 100000 population,Aktobe,urban,Male,KZAKT,34.39
2015,per 100000 population,Almaty,urban,Male,KZALM,23.28
2015,per 100000 population,Atyrau,urban,Male,KZATY,22.49
2015,per 100000 population,Batys Kazakhstan,urban,Male,KZZAP,26.75
2015,per 100000 population,Zhambyl,urban,Male,KZZHA,25.56
2015,per 100000 population,Karagandy,urban,Male,KZKAR,37.41
2015,per 100000 population,Kostanay,urban,Male,KZKUS,49.91
2015,per 100000 population,Kyzylorda,urban,Male,KZKZY,14.91
2015,per 100000 population,Mangistau,urban,Male,KZMAN,11.83
2015,per 100000 population,Ontustik Kazakhstan,urban,Male,KZONT,10.91
2015,per 100000 population,Pavlodar,urban,Male,KZPAV,4.08
2015,per 100000 population,Soltustik Kazakhstan,urban,Male,KZSEV,19.73
2015,per 100000 population,Shygys Kazakhstan,urban,Male,KZVOS,32.61
2015,per 100000 population,Astana city,urban,Male,KZNS,22.59
2015,per 100000 population,Almaty city,urban,Male,KZALA,10.72
2015,per 100000 population,,rural,Male,,33.75
2015,per 100000 population,Akmola,rural,Male,KZAKM,62.36
2015,per 100000 population,Aktobe,rural,Male,KZAKT,41.64
2015,per 100000 population,Almaty,rural,Male,KZALM,28.4
2015,per 100000 population,Atyrau,rural,Male,KZATY,37.31
2015,per 100000 population,Batys Kazakhstan,rural,Male,KZZAP,40.54
2015,per 100000 population,Zhambyl,rural,Male,KZZHA,19.35
2015,per 100000 population,Karagandy,rural,Male,KZKAR,45.29
2015,per 100000 population,Kostanay,rural,Male,KZKUS,77.6
2015,per 100000 population,Kyzylorda,rural,Male,KZKZY,10.99
2015,per 100000 population,Mangistau,rural,Male,KZMAN,15.16
2015,per 100000 population,Ontustik Kazakhstan,rural,Male,KZONT,22.3
2015,per 100000 population,Pavlodar,rural,Male,KZPAV,14.28
2015,per 100000 population,Soltustik Kazakhstan,rural,Male,KZSEV,32.38
2015,per 100000 population,Shygys Kazakhstan,rural,Male,KZVOS,66.13
2015,per 100000 population,,,Female,,5.9
2015,per 100000 population,Akmola,,Female,KZAKM,12.02
2015,per 100000 population,Aktobe,,Female,KZAKT,4.67
2015,per 100000 population,Almaty,,Female,KZALM,7.84
2015,per 100000 population,Atyrau,,Female,KZATY,6.69
2015,per 100000 population,Batys Kazakhstan,,Female,KZZAP,5.19
2015,per 100000 population,Zhambyl,,Female,KZZHA,4.09
2015,per 100000 population,Karagandy,,Female,KZKAR,8.24
2015,per 100000 population,Kostanay,,Female,KZKUS,12.89
2015,per 100000 population,Kyzylorda,,Female,KZKZY,2.11
2015,per 100000 population,Mangistau,,Female,KZMAN,2.58
2015,per 100000 population,Ontustik Kazakhstan,,Female,KZONT,5.01
2015,per 100000 population,Pavlodar,,Female,KZPAV,2.75
2015,per 100000 population,Soltustik Kazakhstan,,Female,KZSEV,7.03
2015,per 100000 population,Shygys Kazakhstan,,Female,KZVOS,8.48
2015,per 100000 population,Astana city,,Female,KZNS,4.03
2015,per 100000 population,Almaty city,,Female,KZALA,1.43
2015,per 100000 population,,urban,Female,,4.96
2015,per 100000 population,Akmola,urban,Female,KZAKM,11.32
2015,per 100000 population,Aktobe,urban,Female,KZAKT,5.52
2015,per 100000 population,Almaty,urban,Female,KZALM,7.35
2015,per 100000 population,Atyrau,urban,Female,KZATY,4.81
2015,per 100000 population,Batys Kazakhstan,urban,Female,KZZAP,5.32
2015,per 100000 population,Zhambyl,urban,Female,KZZHA,4.68
2015,per 100000 population,Karagandy,urban,Female,KZKAR,8.21
2015,per 100000 population,Kostanay,urban,Female,KZKUS,9.15
2015,per 100000 population,Kyzylorda,urban,Female,KZKZY,2.38
2015,per 100000 population,Mangistau,urban,Female,KZMAN,2.23
2015,per 100000 population,Ontustik Kazakhstan,urban,Female,KZONT,3.08
2015,per 100000 population,Pavlodar,urban,Female,KZPAV,2.44
2015,per 100000 population,Soltustik Kazakhstan,urban,Female,KZSEV,5.94
2015,per 100000 population,Shygys Kazakhstan,urban,Female,KZVOS,8.03
2015,per 100000 population,Astana city,urban,Female,KZNS,4.03
2015,per 100000 population,Almaty city,urban,Female,KZALA,1.43
2015,per 100000 population,,rural,Female,,7.21
2015,per 100000 population,Akmola,rural,Female,KZAKM,12.68
2015,per 100000 population,Aktobe,rural,Female,KZAKT,3.19
2015,per 100000 population,Almaty,rural,Female,KZALM,8.0
2015,per 100000 population,Atyrau,rural,Female,KZATY,8.46
2015,per 100000 population,Batys Kazakhstan,rural,Female,KZZAP,5.05
2015,per 100000 population,Zhambyl,rural,Female,KZZHA,3.66
2015,per 100000 population,Karagandy,rural,Female,KZKAR,8.38
2015,per 100000 population,Kostanay,rural,Female,KZKUS,17.29
2015,per 100000 population,Kyzylorda,rural,Female,KZKZY,1.89
2015,per 100000 population,Mangistau,rural,Female,KZMAN,2.85
2015,per 100000 population,Ontustik Kazakhstan,rural,Female,KZONT,6.65
2015,per 100000 population,Pavlodar,rural,Female,KZPAV,3.54
2015,per 100000 population,Soltustik Kazakhstan,rural,Female,KZSEV,7.92
2015,per 100000 population,Shygys Kazakhstan,rural,Female,KZVOS,9.2
2016,per 100000 population,,,,,14.47
2016,per 100000 population,Akmola,,,KZAKM,27.18
2016,per 100000 population,Aktobe,,,KZAKT,17.73
2016,per 100000 population,Almaty,,,KZALM,16.54
2016,per 100000 population,Atyrau,,,KZATY,13.98
2016,per 100000 population,Batys Kazakhstan,,,KZZAP,17.52
2016,per 100000 population,Zhambyl,,,KZZHA,10.33
2016,per 100000 population,Karagandy,,,KZKAR,21.82
2016,per 100000 population,Kostanay,,,KZKUS,31.99
2016,per 100000 population,Kyzylorda,,,KZKZY,7.28
2016,per 100000 population,Mangistau,,,KZMAN,11.18
2016,per 100000 population,Ontustik Kazakhstan,,,KZONT,8.71
2016,per 100000 population,Pavlodar,,,KZPAV,4.49
2016,per 100000 population,Soltustik Kazakhstan,,,KZSEV,17.48
2016,per 100000 population,Shygys Kazakhstan,,,KZVOS,22.69
2016,per 100000 population,Astana city,,,KZNS,10.51
2016,per 100000 population,Almaty city,,,KZALA,4.75
2016,per 100000 population,,urban,,,11.95
2016,per 100000 population,Akmola,urban,,KZAKM,26.0
2016,per 100000 population,Aktobe,urban,,KZAKT,15.95
2016,per 100000 population,Almaty,urban,,KZALM,16.92
2016,per 100000 population,Atyrau,urban,,KZATY,13.56
2016,per 100000 population,Batys Kazakhstan,urban,,KZZAP,14.33
2016,per 100000 population,Zhambyl,urban,,KZZHA,10.47
2016,per 100000 population,Karagandy,urban,,KZKAR,19.22
2016,per 100000 population,Kostanay,urban,,KZKUS,23.5
2016,per 100000 population,Kyzylorda,urban,,KZKZY,9.19
2016,per 100000 population,Mangistau,urban,,KZMAN,10.07
2016,per 100000 population,Ontustik Kazakhstan,urban,,KZONT,5.66
2016,per 100000 population,Pavlodar,urban,,KZPAV,4.12
2016,per 100000 population,Soltustik Kazakhstan,urban,,KZSEV,12.44
2016,per 100000 population,Shygys Kazakhstan,urban,,KZVOS,16.84
2016,per 100000 population,Astana city,urban,,KZNS,10.51
2016,per 100000 population,Almaty city,urban,,KZALA,4.75
2016,per 100000 population,,rural,,,17.81
2016,per 100000 population,Akmola,rural,,KZAKM,28.25
2016,per 100000 population,Aktobe,rural,,KZAKT,20.72
2016,per 100000 population,Almaty,rural,,KZALM,16.41
2016,per 100000 population,Atyrau,rural,,KZATY,14.36
2016,per 100000 population,Batys Kazakhstan,rural,,KZZAP,20.73
2016,per 100000 population,Zhambyl,rural,,KZZHA,10.24
2016,per 100000 population,Karagandy,rural,,KZKAR,31.8
2016,per 100000 population,Kostanay,rural,,KZKUS,41.6
2016,per 100000 population,Kyzylorda,rural,,KZKZY,5.79
2016,per 100000 population,Mangistau,rural,,KZMAN,12.11
2016,per 100000 population,Ontustik Kazakhstan,rural,,KZONT,11.21
2016,per 100000 population,Pavlodar,rural,,KZPAV,5.38
2016,per 100000 population,Soltustik Kazakhstan,rural,,KZSEV,21.43
2016,per 100000 population,Shygys Kazakhstan,rural,,KZVOS,31.49
2016,per 100000 population,,,Male,,24.59
2016,per 100000 population,Akmola,,Male,KZAKM,48.39
2016,per 100000 population,Aktobe,,Male,KZAKT,31.01
2016,per 100000 population,Almaty,,Male,KZALM,26.23
2016,per 100000 population,Atyrau,,Male,KZATY,23.68
2016,per 100000 population,Batys Kazakhstan,,Male,KZZAP,32.04
2016,per 100000 population,Zhambyl,,Male,KZZHA,16.46
2016,per 100000 population,Karagandy,,Male,KZKAR,38.91
2016,per 100000 population,Kostanay,,Male,KZKUS,57.28
2016,per 100000 population,Kyzylorda,,Male,KZKZY,12.48
2016,per 100000 population,Mangistau,,Male,KZMAN,16.14
2016,per 100000 population,Ontustik Kazakhstan,,Male,KZONT,13.36
2016,per 100000 population,Pavlodar,,Male,KZPAV,8.94
2016,per 100000 population,Soltustik Kazakhstan,,Male,KZSEV,29.22
2016,per 100000 population,Shygys Kazakhstan,,Male,KZVOS,39.94
2016,per 100000 population,Astana city,,Male,KZNS,18.44
2016,per 100000 population,Almaty city,,Male,KZALA,7.98
2016,per 100000 population,,urban,Male,,20.57
2016,per 100000 population,Akmola,urban,Male,KZAKM,46.87
2016,per 100000 population,Aktobe,urban,Male,KZAKT,26.85
2016,per 100000 population,Almaty,urban,Male,KZALM,27.9
2016,per 100000 population,Atyrau,urban,Male,KZATY,23.22
2016,per 100000 population,Batys Kazakhstan,urban,Male,KZZAP,28.28
2016,per 100000 population,Zhambyl,urban,Male,KZZHA,15.5
2016,per 100000 population,Karagandy,urban,Male,KZKAR,34.06
2016,per 100000 population,Kostanay,urban,Male,KZKUS,41.94
2016,per 100000 population,Kyzylorda,urban,Male,KZKZY,16.37
2016,per 100000 population,Mangistau,urban,Male,KZMAN,14.73
2016,per 100000 population,Ontustik Kazakhstan,urban,Male,KZONT,8.76
2016,per 100000 population,Pavlodar,urban,Male,KZPAV,8.11
2016,per 100000 population,Soltustik Kazakhstan,urban,Male,KZSEV,23.01
2016,per 100000 population,Shygys Kazakhstan,urban,Male,KZVOS,28.75
2016,per 100000 population,Astana city,urban,Male,KZNS,18.44
2016,per 100000 population,Almaty city,urban,Male,KZALA,7.98
2016,per 100000 population,,rural,Male,,29.62
2016,per 100000 population,Akmola,rural,Male,KZAKM,49.68
2016,per 100000 population,Aktobe,rural,Male,KZAKT,37.64
2016,per 100000 population,Almaty,rural,Male,KZALM,25.72
2016,per 100000 population,Atyrau,rural,Male,KZATY,24.09
2016,per 100000 population,Batys Kazakhstan,rural,Male,KZZAP,35.52
2016,per 100000 population,Zhambyl,rural,Male,KZZHA,17.08
2016,per 100000 population,Karagandy,rural,Male,KZKAR,56.05
2016,per 100000 population,Kostanay,rural,Male,KZKUS,73.52
2016,per 100000 population,Kyzylorda,rural,Male,KZKZY,9.56
2016,per 100000 population,Mangistau,rural,Male,KZMAN,17.29
2016,per 100000 population,Ontustik Kazakhstan,rural,Male,KZONT,17.0
2016,per 100000 population,Pavlodar,rural,Male,KZPAV,10.77
2016,per 100000 population,Soltustik Kazakhstan,rural,Male,KZSEV,33.69
2016,per 100000 population,Shygys Kazakhstan,rural,Male,KZVOS,55.51
2016,per 100000 population,,,Female,,4.98
2016,per 100000 population,Akmola,,Female,KZAKM,7.33
2016,per 100000 population,Aktobe,,Female,KZAKT,5.3
2016,per 100000 population,Almaty,,Female,KZALM,7.12
2016,per 100000 population,Atyrau,,Female,KZATY,4.58
2016,per 100000 population,Batys Kazakhstan,,Female,KZZAP,3.94
2016,per 100000 population,Zhambyl,,Female,KZZHA,4.41
2016,per 100000 population,Karagandy,,Female,KZKAR,6.45
2016,per 100000 population,Kostanay,,Female,KZKUS,9.26
2016,per 100000 population,Kyzylorda,,Female,KZKZY,2.08
2016,per 100000 population,Mangistau,,Female,KZMAN,6.27
2016,per 100000 population,Ontustik Kazakhstan,,Female,KZONT,4.1
2016,per 100000 population,Pavlodar,,Female,KZPAV,0.5
2016,per 100000 population,Soltustik Kazakhstan,,Female,KZSEV,6.75
2016,per 100000 population,Shygys Kazakhstan,,Female,KZVOS,6.99
2016,per 100000 population,Astana city,,Female,KZNS,3.14
2016,per 100000 population,Almaty city,,Female,KZALA,2.03
2016,per 100000 population,,urban,Female,,4.29
2016,per 100000 population,Akmola,urban,Female,KZAKM,7.54
2016,per 100000 population,Aktobe,urban,Female,KZAKT,6.14
2016,per 100000 population,Almaty,urban,Female,KZALM,6.88
2016,per 100000 population,Atyrau,urban,Female,KZATY,4.67
2016,per 100000 population,Batys Kazakhstan,urban,Female,KZZAP,2.32
2016,per 100000 population,Zhambyl,urban,Female,KZZHA,5.93
2016,per 100000 population,Karagandy,urban,Female,KZKAR,6.31
2016,per 100000 population,Kostanay,urban,Female,KZKUS,7.89
2016,per 100000 population,Kyzylorda,urban,Female,KZKZY,2.32
2016,per 100000 population,Mangistau,urban,Female,KZMAN,5.5
2016,per 100000 population,Ontustik Kazakhstan,urban,Female,KZONT,2.72
2016,per 100000 population,Pavlodar,urban,Female,KZPAV,0.69
2016,per 100000 population,Soltustik Kazakhstan,urban,Female,KZSEV,3.67
2016,per 100000 population,Shygys Kazakhstan,urban,Female,KZVOS,6.65
2016,per 100000 population,Astana city,urban,Female,KZNS,3.14
2016,per 100000 population,Almaty city,urban,Female,KZALA,2.03
2016,per 100000 population,,rural,Female,,5.96
2016,per 100000 population,Akmola,rural,Female,KZAKM,7.14
2016,per 100000 population,Aktobe,rural,Female,KZAKT,3.82
2016,per 100000 population,Almaty,rural,Female,KZALM,7.2
2016,per 100000 population,Atyrau,rural,Female,KZATY,4.5
2016,per 100000 population,Batys Kazakhstan,rural,Female,KZZAP,5.7
2016,per 100000 population,Zhambyl,rural,Female,KZZHA,3.33
2016,per 100000 population,Karagandy,rural,Female,KZKAR,7.06
2016,per 100000 population,Kostanay,rural,Female,KZKUS,10.91
2016,per 100000 population,Kyzylorda,rural,Female,KZKZY,1.89
2016,per 100000 population,Mangistau,rural,Female,KZMAN,6.92
2016,per 100000 population,Ontustik Kazakhstan,rural,Female,KZONT,5.29
2016,per 100000 population,Pavlodar,rural,Female,KZPAV,0.0
2016,per 100000 population,Soltustik Kazakhstan,rural,Female,KZSEV,9.37
2016,per 100000 population,Shygys Kazakhstan,rural,Female,KZVOS,7.55
2017,per 100000 population,,,,,14.77
2017,per 100000 population,Akmola,,,KZAKM,34.34
2017,per 100000 population,Aktobe,,,KZAKT,14.91
2017,per 100000 population,Almaty,,,KZALM,18.9
2017,per 100000 population,Atyrau,,,KZATY,13.03
2017,per 100000 population,Batys Kazakhstan,,,KZZAP,15.83
2017,per 100000 population,Zhambyl,,,KZZHA,9.5
2017,per 100000 population,Karagandy,,,KZKAR,22.15
2017,per 100000 population,Kostanay,,,KZKUS,28.61
2017,per 100000 population,Kyzylorda,,,KZKZY,5.27
2017,per 100000 population,Mangistau,,,KZMAN,9.52
2017,per 100000 population,Ontustik Kazakhstan,,,KZONT,11.26
2017,per 100000 population,Pavlodar,,,KZPAV,9.66
2017,per 100000 population,Soltustik Kazakhstan,,,KZSEV,11.59
2017,per 100000 population,Shygys Kazakhstan,,,KZVOS,22.0
2017,per 100000 population,Astana city,,,KZNS,9.98
2017,per 100000 population,Almaty city,,,KZALA,5.01
2017,per 100000 population,,urban,,,12.35
2017,per 100000 population,Akmola,urban,,KZAKM,28.39
2017,per 100000 population,Aktobe,urban,,KZAKT,12.44
2017,per 100000 population,Almaty,urban,,KZALM,20.44
2017,per 100000 population,Atyrau,urban,,KZATY,10.53
2017,per 100000 population,Batys Kazakhstan,urban,,KZZAP,9.12
2017,per 100000 population,Zhambyl,urban,,KZZHA,10.53
2017,per 100000 population,Karagandy,urban,,KZKAR,21.39
2017,per 100000 population,Kostanay,urban,,KZKUS,21.24
2017,per 100000 population,Kyzylorda,urban,,KZKZY,6.11
2017,per 100000 population,Mangistau,urban,,KZMAN,10.69
2017,per 100000 population,Ontustik Kazakhstan,urban,,KZONT,9.46
2017,per 100000 population,Pavlodar,urban,,KZPAV,8.24
2017,per 100000 population,Soltustik Kazakhstan,urban,,KZSEV,9.2
2017,per 100000 population,Shygys Kazakhstan,urban,,KZVOS,16.75
2017,per 100000 population,Astana city,urban,,KZNS,9.98
2017,per 100000 population,Almaty city,urban,,KZALA,5.01
2017,per 100000 population,,rural,,,18.02
2017,per 100000 population,Akmola,rural,,KZAKM,39.69
2017,per 100000 population,Aktobe,rural,,KZAKT,19.16
2017,per 100000 population,Almaty,rural,,KZALM,18.42
2017,per 100000 population,Atyrau,rural,,KZATY,15.32
2017,per 100000 population,Batys Kazakhstan,rural,,KZZAP,22.83
2017,per 100000 population,Zhambyl,rural,,KZZHA,8.81
2017,per 100000 population,Karagandy,rural,,KZKAR,25.1
2017,per 100000 population,Kostanay,rural,,KZKUS,37.14
2017,per 100000 population,Kyzylorda,rural,,KZKZY,4.6
2017,per 100000 population,Mangistau,rural,,KZMAN,8.68
2017,per 100000 population,Ontustik Kazakhstan,rural,,KZONT,12.77
2017,per 100000 population,Pavlodar,rural,,KZPAV,13.07
2017,per 100000 population,Soltustik Kazakhstan,rural,,KZSEV,13.51
2017,per 100000 population,Shygys Kazakhstan,rural,,KZVOS,30.11
2017,per 100000 population,,,Male,,24.81
2017,per 100000 population,Akmola,,Male,KZAKM,61.95
2017,per 100000 population,Aktobe,,Male,KZAKT,24.75
2017,per 100000 population,Almaty,,Male,KZALM,31.17
2017,per 100000 population,Atyrau,,Male,KZATY,21.83
2017,per 100000 population,Batys Kazakhstan,,Male,KZZAP,28.22
2017,per 100000 population,Zhambyl,,Male,KZZHA,14.94
2017,per 100000 population,Karagandy,,Male,KZKAR,36.8
2017,per 100000 population,Kostanay,,Male,KZKUS,51.46
2017,per 100000 population,Kyzylorda,,Male,KZKZY,9.5
2017,per 100000 population,Mangistau,,Male,KZMAN,14.17
2017,per 100000 population,Ontustik Kazakhstan,,Male,KZONT,16.96
2017,per 100000 population,Pavlodar,,Male,KZPAV,16.79
2017,per 100000 population,Soltustik Kazakhstan,,Male,KZSEV,20.53
2017,per 100000 population,Shygys Kazakhstan,,Male,KZVOS,36.46
2017,per 100000 population,Astana city,,Male,KZNS,17.41
2017,per 100000 population,Almaty city,,Male,KZALA,9.37
2017,per 100000 population,,urban,Male,,21.03
2017,per 100000 population,Akmola,urban,Male,KZAKM,53.07
2017,per 100000 population,Aktobe,urban,Male,KZAKT,21.14
2017,per 100000 population,Almaty,urban,Male,KZALM,35.17
2017,per 100000 population,Atyrau,urban,Male,KZATY,16.99
2017,per 100000 population,Batys Kazakhstan,urban,Male,KZZAP,16.39
2017,per 100000 population,Zhambyl,urban,Male,KZZHA,16.52
2017,per 100000 population,Karagandy,urban,Male,KZKAR,36.34
2017,per 100000 population,Kostanay,urban,Male,KZKUS,39.81
2017,per 100000 population,Kyzylorda,urban,Male,KZKZY,10.71
2017,per 100000 population,Mangistau,urban,Male,KZMAN,15.43
2017,per 100000 population,Ontustik Kazakhstan,urban,Male,KZONT,13.82
2017,per 100000 population,Pavlodar,urban,Male,KZPAV,15.01
2017,per 100000 population,Soltustik Kazakhstan,urban,Male,KZSEV,17.62
2017,per 100000 population,Shygys Kazakhstan,urban,Male,KZVOS,26.49
2017,per 100000 population,Astana city,urban,Male,KZNS,17.41
2017,per 100000 population,Almaty city,urban,Male,KZALA,9.37
2017,per 100000 population,,rural,Male,,29.57
2017,per 100000 population,Akmola,rural,Male,KZAKM,69.5
2017,per 100000 population,Aktobe,rural,Male,KZAKT,30.63
2017,per 100000 population,Almaty,rural,Male,KZALM,29.99
2017,per 100000 population,Atyrau,rural,Male,KZATY,26.08
2017,per 100000 population,Batys Kazakhstan,rural,Male,KZZAP,36.56
2017,per 100000 population,Zhambyl,rural,Male,KZZHA,13.95
2017,per 100000 population,Karagandy,rural,Male,KZKAR,38.46
2017,per 100000 population,Kostanay,rural,Male,KZKUS,64.06
2017,per 100000 population,Kyzylorda,rural,Male,KZKZY,8.58
2017,per 100000 population,Mangistau,rural,Male,KZMAN,13.27
2017,per 100000 population,Ontustik Kazakhstan,rural,Male,KZONT,19.48
2017,per 100000 population,Pavlodar,rural,Male,KZPAV,20.73
2017,per 100000 population,Soltustik Kazakhstan,rural,Male,KZSEV,22.67
2017,per 100000 population,Shygys Kazakhstan,rural,Male,KZVOS,50.69
2017,per 100000 population,,,Female,,5.36
2017,per 100000 population,Akmola,,Female,KZAKM,8.42
2017,per 100000 population,Aktobe,,Female,KZAKT,5.69
2017,per 100000 population,Almaty,,Female,KZALM,6.92
2017,per 100000 population,Atyrau,,Female,KZATY,4.49
2017,per 100000 population,Batys Kazakhstan,,Female,KZZAP,4.21
2017,per 100000 population,Zhambyl,,Female,KZZHA,4.23
2017,per 100000 population,Karagandy,,Female,KZKAR,8.94
2017,per 100000 population,Kostanay,,Female,KZKUS,8.02
2017,per 100000 population,Kyzylorda,,Female,KZKZY,1.03
2017,per 100000 population,Mangistau,,Female,KZMAN,4.89
2017,per 100000 population,Ontustik Kazakhstan,,Female,KZONT,5.62
2017,per 100000 population,Pavlodar,,Female,KZPAV,3.26
2017,per 100000 population,Soltustik Kazakhstan,,Female,KZSEV,3.41
2017,per 100000 population,Shygys Kazakhstan,,Female,KZVOS,8.82
2017,per 100000 population,Astana city,,Female,KZNS,3.08
2017,per 100000 population,Almaty city,,Female,KZALA,1.35
2017,per 100000 population,,urban,Female,,4.63
2017,per 100000 population,Akmola,urban,Female,KZAKM,6.5
2017,per 100000 population,Aktobe,urban,Female,KZAKT,4.59
2017,per 100000 population,Almaty,urban,Female,KZALM,6.94
2017,per 100000 population,Atyrau,urban,Female,KZATY,4.57
2017,per 100000 population,Batys Kazakhstan,urban,Female,KZZAP,2.84
2017,per 100000 population,Zhambyl,urban,Female,KZZHA,5.12
2017,per 100000 population,Karagandy,urban,Female,KZKAR,8.35
2017,per 100000 population,Kostanay,urban,Female,KZKUS,5.5
2017,per 100000 population,Kyzylorda,urban,Female,KZKZY,1.71
2017,per 100000 population,Mangistau,urban,Female,KZMAN,5.91
2017,per 100000 population,Ontustik Kazakhstan,urban,Female,KZONT,5.31
2017,per 100000 population,Pavlodar,urban,Female,KZPAV,2.43
2017,per 100000 population,Soltustik Kazakhstan,urban,Female,KZSEV,2.2
2017,per 100000 population,Shygys Kazakhstan,urban,Female,KZVOS,8.38
2017,per 100000 population,Astana city,urban,Female,KZNS,3.08
2017,per 100000 population,Almaty city,urban,Female,KZALA,1.35
2017,per 100000 population,,rural,Female,,6.41
2017,per 100000 population,Akmola,rural,Female,KZAKM,10.25
2017,per 100000 population,Aktobe,rural,Female,KZAKT,7.67
2017,per 100000 population,Almaty,rural,Female,KZALM,6.91
2017,per 100000 population,Atyrau,rural,Female,KZATY,4.41
2017,per 100000 population,Batys Kazakhstan,rural,Female,KZZAP,5.77
2017,per 100000 population,Zhambyl,rural,Female,KZZHA,3.6
2017,per 100000 population,Karagandy,rural,Female,KZKAR,11.44
2017,per 100000 population,Kostanay,rural,Female,KZKUS,11.12
2017,per 100000 population,Kyzylorda,rural,Female,KZKZY,0.47
2017,per 100000 population,Mangistau,rural,Female,KZMAN,4.17
2017,per 100000 population,Ontustik Kazakhstan,rural,Female,KZONT,5.89
2017,per 100000 population,Pavlodar,rural,Female,KZPAV,5.41
2017,per 100000 population,Soltustik Kazakhstan,rural,Female,KZSEV,4.47
2017,per 100000 population,Shygys Kazakhstan,rural,Female,KZVOS,9.55
2018,per 100000 population,,,,,13.65
2018,per 100000 population,Akmola,,,KZAKM,25.58
2018,per 100000 population,Aktobe,,,KZAKT,14.94
2018,per 100000 population,Almaty,,,KZALM,15.19
2018,per 100000 population,Atyrau,,,KZATY,10.68
2018,per 100000 population,Batys Kazakhstan,,,KZZAP,21.24
2018,per 100000 population,Zhambyl,,,KZZHA,8.83
2018,per 100000 population,Karagandy,,,KZKAR,20.01
2018,per 100000 population,Kostanay,,,KZKUS,25.85
2018,per 100000 population,Kyzylorda,,,KZKZY,4.44
2018,per 100000 population,Mangistau,,,KZMAN,9.56
2018,per 100000 population,Pavlodar,,,KZPAV,7.82
2018,per 100000 population,Soltustik Kazakhstan,,,KZSEV,15.09
2018,per 100000 population,Turkistan,,,KZYUZ,1.97
2018,per 100000 population,Shygys Kazakhstan,,,KZVOS,19.84
2018,per 100000 population,Astana city,,,KZNS,11.19
2018,per 100000 population,Almaty city,,,KZALA,7.6
2018,per 100000 population,Shymkent city,,,KZSHY,2.24
2018,per 100000 population,,urban,,,12.36
2018,per 100000 population,Akmola,urban,,KZAKM,27.26
2018,per 100000 population,Aktobe,urban,,KZAKT,13.32
2018,per 100000 population,Almaty,urban,,KZALM,15.84
2018,per 100000 population,Atyrau,urban,,KZATY,11.9
2018,per 100000 population,Batys Kazakhstan,urban,,KZZAP,16.95
2018,per 100000 population,Zhambyl,urban,,KZZHA,10.1
2018,per 100000 population,Karagandy,urban,,KZKAR,18.67
2018,per 100000 population,Kostanay,urban,,KZKUS,19.82
2018,per 100000 population,Kyzylorda,urban,,KZKZY,6.59
2018,per 100000 population,Mangistau,urban,,KZMAN,10.36
2018,per 100000 population,Pavlodar,urban,,KZPAV,7.32
2018,per 100000 population,Soltustik Kazakhstan,urban,,KZSEV,5.55
2018,per 100000 population,Turkistan,urban,,KZYUZ,4.37
2018,per 100000 population,Shygys Kazakhstan,urban,,KZVOS,15.34
2018,per 100000 population,Astana city,urban,,KZNS,11.19
2018,per 100000 population,Almaty city,urban,,KZALA,7.6
2018,per 100000 population,Shymkent city,urban,,KZSHY,2.24
2018,per 100000 population,,rural,,,15.42
2018,per 100000 population,Akmola,rural,,KZAKM,24.08
2018,per 100000 population,Aktobe,rural,,KZAKT,18.8
2018,per 100000 population,Almaty,rural,,KZALM,15.0
2018,per 100000 population,Atyrau,rural,,KZATY,9.35
2018,per 100000 population,Batys Kazakhstan,rural,,KZZAP,25.85
2018,per 100000 population,Zhambyl,rural,,KZZHA,7.99
2018,per 100000 population,Karagandy,rural,,KZKAR,25.24
2018,per 100000 population,Kostanay,rural,,KZKUS,33.0
2018,per 100000 population,Kyzylorda,rural,,KZKZY,2.73
2018,per 100000 population,Mangistau,rural,,KZMAN,9.02
2018,per 100000 population,Pavlodar,rural,,KZPAV,9.03
2018,per 100000 population,Soltustik Kazakhstan,rural,,KZSEV,23.0
2018,per 100000 population,Turkistan,rural,,KZYUZ,9.93
2018,per 100000 population,Shygys Kazakhstan,rural,,KZVOS,26.98
2018,per 100000 population,,,Male,,23.55
2018,per 100000 population,Akmola,,Male,KZAKM,46.6
2018,per 100000 population,Aktobe,,Male,KZAKT,26.54
2018,per 100000 population,Almaty,,Male,KZALM,25.89
2018,per 100000 population,Atyrau,,Male,KZATY,19.09
2018,per 100000 population,Batys Kazakhstan,,Male,KZZAP,39.39
2018,per 100000 population,Zhambyl,,Male,KZZHA,15.22
2018,per 100000 population,Karagandy,,Male,KZKAR,35.3
2018,per 100000 population,Kostanay,,Male,KZKUS,44.6
2018,per 100000 population,Kyzylorda,,Male,KZKZY,7.08
2018,per 100000 population,Mangistau,,Male,KZMAN,14.7
2018,per 100000 population,Pavlodar,,Male,KZPAV,13.73
2018,per 100000 population,Soltustik Kazakhstan,,Male,KZSEV,28.56
2018,per 100000 population,Turkistan,,Male,KZYUZ,16.55
2018,per 100000 population,Shygys Kazakhstan,,Male,KZVOS,35.22
2018,per 100000 population,Astana city,,Male,KZNS,19.34
2018,per 100000 population,Almaty city,,Male,KZALA,12.58
2018,per 100000 population,Shymkent city,,Male,KZSHY,12.94
2018,per 100000 population,,urban,Male,,21.49
2018,per 100000 population,Akmola,urban,Male,KZAKM,51.8
2018,per 100000 population,Aktobe,urban,Male,KZAKT,23.12
2018,per 100000 population,Almaty,urban,Male,KZALM,28.1
2018,per 100000 population,Atyrau,urban,Male,KZATY,20.89
2018,per 100000 population,Batys Kazakhstan,urban,Male,KZZAP,31.97
2018,per 100000 population,Zhambyl,urban,Male,KZZHA,17.01
2018,per 100000 population,Karagandy,urban,Male,KZKAR,33.0
2018,per 100000 population,Kostanay,urban,Male,KZKUS,34.43
2018,per 100000 population,Kyzylorda,urban,Male,KZKZY,10.52
2018,per 100000 population,Mangistau,urban,Male,KZMAN,17.75
2018,per 100000 population,Pavlodar,urban,Male,KZPAV,13.01
2018,per 100000 population,Soltustik Kazakhstan,urban,Male,KZSEV,12.21
2018,per 100000 population,Turkistan,urban,Male,KZYUZ,20.94
2018,per 100000 population,Shygys Kazakhstan,urban,Male,KZVOS,26.55
2018,per 100000 population,Astana city,urban,Male,KZNS,19.34
2018,per 100000 population,Almaty city,urban,Male,KZALA,12.58
2018,per 100000 population,Shymkent city,urban,Male,KZSHY,12.94
2018,per 100000 population,,rural,Male,,26.23
2018,per 100000 population,Akmola,rural,Male,KZAKM,42.21
2018,per 100000 population,Aktobe,rural,Male,KZAKT,34.28
2018,per 100000 population,Almaty,rural,Male,KZALM,25.27
2018,per 100000 population,Atyrau,rural,Male,KZATY,17.2
2018,per 100000 population,Batys Kazakhstan,rural,Male,KZZAP,46.72
2018,per 100000 population,Zhambyl,rural,Male,KZZHA,14.11
2018,per 100000 population,Karagandy,rural,Male,KZKAR,43.57
2018,per 100000 population,Kostanay,rural,Male,KZKUS,55.85
2018,per 100000 population,Kyzylorda,rural,Male,KZKZY,4.46
2018,per 100000 population,Mangistau,rural,Male,KZMAN,12.61
2018,per 100000 population,Pavlodar,rural,Male,KZPAV,15.31
2018,per 100000 population,Soltustik Kazakhstan,rural,Male,KZSEV,40.95
2018,per 100000 population,Turkistan,rural,Male,KZYUZ,15.49
2018,per 100000 population,Shygys Kazakhstan,rural,Male,KZVOS,47.93
2018,per 100000 population,,,Female,,4.34
2018,per 100000 population,Akmola,,Female,KZAKM,5.78
2018,per 100000 population,Aktobe,,Female,KZAKT,4.04
2018,per 100000 population,Almaty,,Female,KZALM,4.69
2018,per 100000 population,Atyrau,,Female,KZATY,2.51
2018,per 100000 population,Batys Kazakhstan,,Female,KZZAP,4.18
2018,per 100000 population,Zhambyl,,Female,KZZHA,2.63
2018,per 100000 population,Karagandy,,Female,KZKAR,6.21
2018,per 100000 population,Kostanay,,Female,KZKUS,8.92
2018,per 100000 population,Kyzylorda,,Female,KZKZY,1.78
2018,per 100000 population,Mangistau,,Female,KZMAN,4.47
2018,per 100000 population,Pavlodar,,Female,KZPAV,2.52
2018,per 100000 population,Soltustik Kazakhstan,,Female,KZSEV,2.75
2018,per 100000 population,Turkistan,,Female,KZYUZ,5.01
2018,per 100000 population,Shygys Kazakhstan,,Female,KZVOS,5.81
2018,per 100000 population,Astana city,,Female,KZNS,3.65
2018,per 100000 population,Almaty city,,Female,KZALA,3.42
2018,per 100000 population,Shymkent city,,Female,KZSHY,2.55
2018,per 100000 population,,urban,Female,,4.23
2018,per 100000 population,Akmola,urban,Female,KZAKM,5.42
2018,per 100000 population,Aktobe,urban,Female,KZAKT,4.4
2018,per 100000 population,Almaty,urban,Female,KZALM,4.58
2018,per 100000 population,Atyrau,urban,Female,KZATY,3.53
2018,per 100000 population,Batys Kazakhstan,urban,Female,KZZAP,3.89
2018,per 100000 population,Zhambyl,urban,Female,KZZHA,3.85
2018,per 100000 population,Karagandy,urban,Female,KZKAR,6.14
2018,per 100000 population,Kostanay,urban,Female,KZKUS,7.41
2018,per 100000 population,Kyzylorda,urban,Female,KZKZY,2.81
2018,per 100000 population,Mangistau,urban,Female,KZMAN,2.96
2018,per 100000 population,Pavlodar,urban,Female,KZPAV,2.44
2018,per 100000 population,Soltustik Kazakhstan,urban,Female,KZSEV,0.0
2018,per 100000 population,Turkistan,urban,Female,KZYUZ,8.28
2018,per 100000 population,Shygys Kazakhstan,urban,Female,KZVOS,5.71
2018,per 100000 population,Astana city,urban,Female,KZNS,3.65
2018,per 100000 population,Almaty city,urban,Female,KZALA,3.42
2018,per 100000 population,Shymkent city,urban,Female,KZSHY,2.55
2018,per 100000 population,,rural,Female,,4.5
2018,per 100000 population,Akmola,rural,Female,KZAKM,6.12
2018,per 100000 population,Aktobe,rural,Female,KZAKT,3.15
2018,per 100000 population,Almaty,rural,Female,KZALM,4.72
2018,per 100000 population,Atyrau,rural,Female,KZATY,1.35
2018,per 100000 population,Batys Kazakhstan,rural,Female,KZZAP,4.52
2018,per 100000 population,Zhambyl,rural,Female,KZZHA,1.79
2018,per 100000 population,Karagandy,rural,Female,KZKAR,6.48
2018,per 100000 population,Kostanay,rural,Female,KZKUS,10.84
2018,per 100000 population,Kyzylorda,rural,Female,KZKZY,0.93
2018,per 100000 population,Mangistau,rural,Female,KZMAN,5.48
2018,per 100000 population,Pavlodar,rural,Female,KZPAV,2.71
2018,per 100000 population,Soltustik Kazakhstan,rural,Female,KZSEV,5.23
2018,per 100000 population,Turkistan,rural,Female,KZYUZ,4.21
2018,per 100000 population,Shygys Kazakhstan,rural,Female,KZVOS,6.0
2019,per 100000 population,,,,,12.82
2019,per 100000 population,Akmola,,,KZAKM,23.86
2019,per 100000 population,Aktobe,,,KZAKT,11.65
2019,per 100000 population,Almaty,,,KZALM,15.48
2019,per 100000 population,Atyrau,,,KZATY,10.63
2019,per 100000 population,Batys Kazakhstan,,,KZZAP,21.08
2019,per 100000 population,Zhambyl,,,KZZHA,12.5
2019,per 100000 population,Karagandy,,,KZKAR,17.64
2019,per 100000 population,Kostanay,,,KZKUS,25.96
2019,per 100000 population,Kyzylorda,,,KZKZY,5.51
2019,per 100000 population,Mangistau,,,KZMAN,8.42
2019,per 100000 population,Pavlodar,,,KZPAV,9.69
2019,per 100000 population,Soltustik Kazakhstan,,,KZSEV,20.85
2019,per 100000 population,Turkistan,,,KZYUZ,7.9
2019,per 100000 population,Shygys Kazakhstan,,,KZVOS,16.67
2019,per 100000 population,Astana city,,,KZNS,9.21
2019,per 100000 population,Almaty city,,,KZALA,5.25
2019,per 100000 population,Shymkent city,,,KZSHY,8.21
2019,per 100000 population,,urban,,,11.05
2019,per 100000 population,Akmola,urban,,KZAKM,18.96
2019,per 100000 population,Aktobe,urban,,KZAKT,11.75
2019,per 100000 population,Almaty,urban,,KZALM,17.16
2019,per 100000 population,Atyrau,urban,,KZATY,10.57
2019,per 100000 population,Batys Kazakhstan,urban,,KZZAP,14.33
2019,per 100000 population,Zhambyl,urban,,KZZHA,15.19
2019,per 100000 population,Karagandy,urban,,KZKAR,16.22
2019,per 100000 population,Kostanay,urban,,KZKUS,18.33
2019,per 100000 population,Kyzylorda,urban,,KZKZY,5.91
2019,per 100000 population,Mangistau,urban,,KZMAN,6.94
2019,per 100000 population,Pavlodar,urban,,KZPAV,9.97
2019,per 100000 population,Soltustik Kazakhstan,urban,,KZSEV,10.29
2019,per 100000 population,Turkistan,urban,,KZYUZ,7.55
2019,per 100000 population,Shygys Kazakhstan,urban,,KZVOS,14.48
2019,per 100000 population,Astana city,urban,,KZNS,9.21
2019,per 100000 population,Almaty city,urban,,KZALA,5.25
2019,per 100000 population,Shymkent city,urban,,KZSHY,8.21
2019,per 100000 population,,rural,,,15.31
2019,per 100000 population,Akmola,rural,,KZAKM,28.24
2019,per 100000 population,Aktobe,rural,,KZAKT,11.4
2019,per 100000 population,Almaty,rural,,KZALM,15.0
2019,per 100000 population,Atyrau,rural,,KZATY,10.71
2019,per 100000 population,Batys Kazakhstan,rural,,KZZAP,28.46
2019,per 100000 population,Zhambyl,rural,,KZZHA,10.73
2019,per 100000 population,Karagandy,rural,,KZKAR,23.21
2019,per 100000 population,Kostanay,rural,,KZKUS,36.33
2019,per 100000 population,Kyzylorda,rural,,KZKZY,5.18
2019,per 100000 population,Mangistau,rural,,KZMAN,9.41
2019,per 100000 population,Pavlodar,rural,,KZPAV,9.02
2019,per 100000 population,Soltustik Kazakhstan,rural,,KZSEV,29.78
2019,per 100000 population,Turkistan,rural,,KZYUZ,7.99
2019,per 100000 population,Shygys Kazakhstan,rural,,KZVOS,20.21
2019,per 100000 population,,,Male,,22.39
2019,per 100000 population,Akmola,,Male,KZAKM,40.77
2019,per 100000 population,Aktobe,,Male,KZAKT,20.97
2019,per 100000 population,Almaty,,Male,KZALM,26.15
2019,per 100000 population,Atyrau,,Male,KZATY,17.12
2019,per 100000 population,Batys Kazakhstan,,Male,KZZAP,36.53
2019,per 100000 population,Zhambyl,,Male,KZZHA,20.87
2019,per 100000 population,Karagandy,,Male,KZKAR,33.33
2019,per 100000 population,Kostanay,,Male,KZKUS,47.89
2019,per 100000 population,Kyzylorda,,Male,KZKZY,9.98
2019,per 100000 population,Mangistau,,Male,KZMAN,13.99
2019,per 100000 population,Pavlodar,,Male,KZPAV,17.67
2019,per 100000 population,Soltustik Kazakhstan,,Male,KZSEV,37.9
2019,per 100000 population,Turkistan,,Male,KZYUZ,12.13
2019,per 100000 population,Shygys Kazakhstan,,Male,KZVOS,30.04
2019,per 100000 population,Astana city,,Male,KZNS,16.94
2019,per 100000 population,Almaty city,,Male,KZALA,9.38
2019,per 100000 population,Shymkent city,,Male,KZSHY,13.2
2019,per 100000 population,,urban,Male,,19.87
2019,per 100000 population,Akmola,urban,Male,KZAKM,32.3
2019,per 100000 population,Aktobe,urban,Male,KZAKT,21.6
2019,per 100000 population,Almaty,urban,Male,KZALM,26.7
2019,per 100000 population,Atyrau,urban,Male,KZATY,18.92
2019,per 100000 population,Batys Kazakhstan,urban,Male,KZZAP,23.21
2019,per 100000 population,Zhambyl,urban,Male,KZZHA,29.15
2019,per 100000 population,Karagandy,urban,Male,KZKAR,31.42
2019,per 100000 population,Kostanay,urban,Male,KZKUS,34.63
2019,per 100000 population,Kyzylorda,urban,Male,KZKZY,11.47
2019,per 100000 population,Mangistau,urban,Male,KZMAN,10.24
2019,per 100000 population,Pavlodar,urban,Male,KZPAV,17.94
2019,per 100000 population,Soltustik Kazakhstan,urban,Male,KZSEV,18.26
2019,per 100000 population,Turkistan,urban,Male,KZYUZ,13.98
2019,per 100000 population,Shygys Kazakhstan,urban,Male,KZVOS,26.98
2019,per 100000 population,Astana city,urban,Male,KZNS,16.94
2019,per 100000 population,Almaty city,urban,Male,KZALA,9.38
2019,per 100000 population,Shymkent city,urban,Male,KZSHY,13.2
2019,per 100000 population,,rural,Male,,25.73
2019,per 100000 population,Akmola,rural,Male,KZAKM,47.94
2019,per 100000 population,Aktobe,rural,Male,KZAKT,19.52
2019,per 100000 population,Almaty,rural,Male,KZALM,26.0
2019,per 100000 population,Atyrau,rural,Male,KZATY,15.05
2019,per 100000 population,Batys Kazakhstan,rural,Male,KZZAP,49.96
2019,per 100000 population,Zhambyl,rural,Male,KZZHA,15.74
2019,per 100000 population,Karagandy,rural,Male,KZKAR,40.22
2019,per 100000 population,Kostanay,rural,Male,KZKUS,64.68
2019,per 100000 population,Kyzylorda,rural,Male,KZKZY,8.83
2019,per 100000 population,Mangistau,rural,Male,KZMAN,16.47
2019,per 100000 population,Pavlodar,rural,Male,KZPAV,17.07
2019,per 100000 population,Soltustik Kazakhstan,rural,Male,KZSEV,53.06
2019,per 100000 population,Turkistan,rural,Male,KZYUZ,11.67
2019,per 100000 population,Shygys Kazakhstan,rural,Male,KZVOS,34.61
2019,per 100000 population,,,Female,,3.82
2019,per 100000 population,Akmola,,Female,KZAKM,7.9
2019,per 100000 population,Aktobe,,Female,KZAKT,2.88
2019,per 100000 population,Almaty,,Female,KZALM,5.03
2019,per 100000 population,Atyrau,,Female,KZATY,4.32
2019,per 100000 population,Batys Kazakhstan,,Female,KZZAP,6.53
2019,per 100000 population,Zhambyl,,Female,KZZHA,4.37
2019,per 100000 population,Karagandy,,Female,KZKAR,3.45
2019,per 100000 population,Kostanay,,Female,KZKUS,6.12
2019,per 100000 population,Kyzylorda,,Female,KZKZY,1.0
2019,per 100000 population,Mangistau,,Female,KZMAN,2.9
2019,per 100000 population,Pavlodar,,Female,KZPAV,2.52
2019,per 100000 population,Soltustik Kazakhstan,,Female,KZSEV,5.21
2019,per 100000 population,Turkistan,,Female,KZYUZ,3.55
2019,per 100000 population,Shygys Kazakhstan,,Female,KZVOS,4.46
2019,per 100000 population,Astana city,,Female,KZNS,2.08
2019,per 100000 population,Almaty city,,Female,KZALA,1.76
2019,per 100000 population,Shymkent city,,Female,KZSHY,3.58
2019,per 100000 population,,urban,Female,,3.18
2019,per 100000 population,Akmola,urban,Female,KZAKM,7.06
2019,per 100000 population,Aktobe,urban,Female,KZAKT,2.77
2019,per 100000 population,Almaty,urban,Female,KZALM,8.43
2019,per 100000 population,Atyrau,urban,Female,KZATY,2.77
2019,per 100000 population,Batys Kazakhstan,urban,Female,KZZAP,6.58
2019,per 100000 population,Zhambyl,urban,Female,KZZHA,2.55
2019,per 100000 population,Karagandy,urban,Female,KZKAR,2.9
2019,per 100000 population,Kostanay,urban,Female,KZKUS,4.43
2019,per 100000 population,Kyzylorda,urban,Female,KZKZY,0.55
2019,per 100000 population,Mangistau,urban,Female,KZMAN,3.65
2019,per 100000 population,Pavlodar,urban,Female,KZPAV,3.15
2019,per 100000 population,Soltustik Kazakhstan,urban,Female,KZSEV,3.63
2019,per 100000 population,Turkistan,urban,Female,KZYUZ,1.01
2019,per 100000 population,Shygys Kazakhstan,urban,Female,KZVOS,3.72
2019,per 100000 population,Astana city,urban,Female,KZNS,2.08
2019,per 100000 population,Almaty city,urban,Female,KZALA,1.76
2019,per 100000 population,Shymkent city,urban,Female,KZSHY,3.58
2019,per 100000 population,,rural,Female,,4.77
2019,per 100000 population,Akmola,rural,Female,KZAKM,8.7
2019,per 100000 population,Aktobe,rural,Female,KZAKT,3.17
2019,per 100000 population,Almaty,rural,Female,KZALM,4.02
2019,per 100000 population,Atyrau,rural,Female,KZATY,6.28
2019,per 100000 population,Batys Kazakhstan,rural,Female,KZZAP,6.47
2019,per 100000 population,Zhambyl,rural,Female,KZZHA,5.63
2019,per 100000 population,Karagandy,rural,Female,KZKAR,5.79
2019,per 100000 population,Kostanay,rural,Female,KZKUS,8.59
2019,per 100000 population,Kyzylorda,rural,Female,KZKZY,1.38
2019,per 100000 population,Mangistau,rural,Female,KZMAN,2.4
2019,per 100000 population,Pavlodar,rural,Female,KZPAV,0.91
2019,per 100000 population,Soltustik Kazakhstan,rural,Female,KZSEV,6.67
2019,per 100000 population,Turkistan,rural,Female,KZYUZ,4.18
2019,per 100000 population,Shygys Kazakhstan,rural,Female,KZVOS,5.73
