Year,UNIT_MEASURE,Regions,Area,Sex,Value
2010,per 100000 population,,,,22.26
2010,per 100000 population,Akmola,,,44.13
2010,per 100000 population,Aktobe,,,18.56
2010,per 100000 population,Almaty,,,21.52
2010,per 100000 population,Atyrau,,,17.66
2010,per 100000 population,Batys Kazakhstan,,,28.54
2010,per 100000 population,Zhambyl,,,17.4
2010,per 100000 population,Karagandy,,,33.57
2010,per 100000 population,Kostanay,,,38.19
2010,per 100000 population,Kyzylorda,,,8.64
2010,per 100000 population,Mangistau,,,13.24
2010,per 100000 population,Ontustik Kazakhstan,,,11.46
2010,per 100000 population,Pavlodar,,,27.1
2010,per 100000 population,Soltustik Kazakhstan,,,26.22
2010,per 100000 population,Shygys Kazakhstan,,,40.41
2010,per 100000 population,Nur-Sultan city,,,12.18
2010,per 100000 population,Almaty city,,,7.63
2010,per 100000 population,,Population of urban areas,,19.38
2010,per 100000 population,Akmola,Population of urban areas,,39.43
2010,per 100000 population,Aktobe,Population of urban areas,,15.05
2010,per 100000 population,Almaty,Population of urban areas,,22.07
2010,per 100000 population,Atyrau,Population of urban areas,,9.97
2010,per 100000 population,Batys Kazakhstan,Population of urban areas,,24.75
2010,per 100000 population,Zhambyl,Population of urban areas,,16.13
2010,per 100000 population,Karagandy,Population of urban areas,,31.09
2010,per 100000 population,Kostanay,Population of urban areas,,26.23
2010,per 100000 population,Kyzylorda,Population of urban areas,,6.48
2010,per 100000 population,Mangistau,Population of urban areas,,11.0
2010,per 100000 population,Ontustik Kazakhstan,Population of urban areas,,11.02
2010,per 100000 population,Pavlodar,Population of urban areas,,23.91
2010,per 100000 population,Soltustik Kazakhstan,Population of urban areas,,26.42
2010,per 100000 population,Shygys Kazakhstan,Population of urban areas,,34.97
2010,per 100000 population,Nur-Sultan city,Population of urban areas,,12.18
2010,per 100000 population,Almaty city,Population of urban areas,,7.63
2010,per 100000 population,,Population of rural areas,,25.71
2010,per 100000 population,Akmola,Population of rural areas,,48.24
2010,per 100000 population,Aktobe,Population of rural areas,,24.1
2010,per 100000 population,Almaty,Population of rural areas,,21.35
2010,per 100000 population,Atyrau,Population of rural areas,,24.66
2010,per 100000 population,Batys Kazakhstan,Population of rural areas,,31.95
2010,per 100000 population,Zhambyl,Population of rural areas,,18.26
2010,per 100000 population,Karagandy,Population of rural areas,,42.34
2010,per 100000 population,Kostanay,Population of rural areas,,50.2
2010,per 100000 population,Kyzylorda,Population of rural areas,,10.21
2010,per 100000 population,Mangistau,Population of rural areas,,15.76
2010,per 100000 population,Ontustik Kazakhstan,Population of rural areas,,11.74
2010,per 100000 population,Pavlodar,Population of rural areas,,34.05
2010,per 100000 population,Soltustik Kazakhstan,Population of rural areas,,26.09
2010,per 100000 population,Shygys Kazakhstan,Population of rural areas,,47.83
2010,per 100000 population,,,Male,37.97
2010,per 100000 population,Akmola,,Male,76.88
2010,per 100000 population,Aktobe,,Male,33.17
2010,per 100000 population,Almaty,,Male,36.16
2010,per 100000 population,Atyrau,,Male,31.03
2010,per 100000 population,Batys Kazakhstan,,Male,47.89
2010,per 100000 population,Zhambyl,,Male,29.19
2010,per 100000 population,Karagandy,,Male,56.33
2010,per 100000 population,Kostanay,,Male,67.75
2010,per 100000 population,Kyzylorda,,Male,14.44
2010,per 100000 population,Mangistau,,Male,21.22
2010,per 100000 population,Ontustik Kazakhstan,,Male,16.97
2010,per 100000 population,Pavlodar,,Male,47.92
2010,per 100000 population,Soltustik Kazakhstan,,Male,48.33
2010,per 100000 population,Shygys Kazakhstan,,Male,72.91
2010,per 100000 population,Nur-Sultan city,,Male,20.44
2010,per 100000 population,Almaty city,,Male,12.77
2010,per 100000 population,,Population of urban areas,Male,33.68
2010,per 100000 population,Akmola,Population of urban areas,Male,67.59
2010,per 100000 population,Aktobe,Population of urban areas,Male,28.41
2010,per 100000 population,Almaty,Population of urban areas,Male,40.21
2010,per 100000 population,Atyrau,Population of urban areas,Male,18.4
2010,per 100000 population,Batys Kazakhstan,Population of urban areas,Male,42.86
2010,per 100000 population,Zhambyl,Population of urban areas,Male,27.75
2010,per 100000 population,Karagandy,Population of urban areas,Male,53.04
2010,per 100000 population,Kostanay,Population of urban areas,Male,46.09
2010,per 100000 population,Kyzylorda,Population of urban areas,Male,10.53
2010,per 100000 population,Mangistau,Population of urban areas,Male,18.89
2010,per 100000 population,Ontustik Kazakhstan,Population of urban areas,Male,16.48
2010,per 100000 population,Pavlodar,Population of urban areas,Male,43.9
2010,per 100000 population,Soltustik Kazakhstan,Population of urban areas,Male,51.0
2010,per 100000 population,Shygys Kazakhstan,Population of urban areas,Male,64.02
2010,per 100000 population,Nur-Sultan city,Population of urban areas,Male,20.44
2010,per 100000 population,Almaty city,Population of urban areas,Male,12.77
2010,per 100000 population,,Population of rural areas,Male,42.8
2010,per 100000 population,Akmola,Population of rural areas,Male,84.52
2010,per 100000 population,Aktobe,Population of rural areas,Male,40.26
2010,per 100000 population,Almaty,Population of rural areas,Male,34.97
2010,per 100000 population,Atyrau,Population of rural areas,Male,41.96
2010,per 100000 population,Batys Kazakhstan,Population of rural areas,Male,52.09
2010,per 100000 population,Zhambyl,Population of rural areas,Male,30.11
2010,per 100000 population,Karagandy,Population of rural areas,Male,67.11
2010,per 100000 population,Kostanay,Population of rural areas,Male,88.12
2010,per 100000 population,Kyzylorda,Population of rural areas,Male,17.18
2010,per 100000 population,Mangistau,Population of rural areas,Male,23.75
2010,per 100000 population,Ontustik Kazakhstan,Population of rural areas,Male,17.28
2010,per 100000 population,Pavlodar,Population of rural areas,Male,56.05
2010,per 100000 population,Soltustik Kazakhstan,Population of rural areas,Male,46.67
2010,per 100000 population,Shygys Kazakhstan,Population of rural areas,Male,84.1
2010,per 100000 population,,,Female,7.64
2010,per 100000 population,Akmola,,Female,13.67
2010,per 100000 population,Aktobe,,Female,5.0
2010,per 100000 population,Almaty,,Female,7.41
2010,per 100000 population,Atyrau,,Female,4.84
2010,per 100000 population,Batys Kazakhstan,,Female,10.52
2010,per 100000 population,Zhambyl,,Female,6.19
2010,per 100000 population,Karagandy,,Female,13.2
2010,per 100000 population,Kostanay,,Female,11.8
2010,per 100000 population,Kyzylorda,,Female,2.87
2010,per 100000 population,Mangistau,,Female,5.4
2010,per 100000 population,Ontustik Kazakhstan,,Female,6.07
2010,per 100000 population,Pavlodar,,Female,8.61
2010,per 100000 population,Soltustik Kazakhstan,,Female,6.13
2010,per 100000 population,Shygys Kazakhstan,,Female,11.03
2010,per 100000 population,Nur-Sultan city,,Female,4.34
2010,per 100000 population,Almaty city,,Female,3.29
2010,per 100000 population,,Population of urban areas,Female,6.78
2010,per 100000 population,Akmola,Population of urban areas,Female,14.79
2010,per 100000 population,Aktobe,Population of urban areas,Female,3.2
2010,per 100000 population,Almaty,Population of urban areas,Female,5.68
2010,per 100000 population,Atyrau,Population of urban areas,Female,2.29
2010,per 100000 population,Batys Kazakhstan,Population of urban areas,Female,9.1
2010,per 100000 population,Zhambyl,Population of urban areas,Female,5.82
2010,per 100000 population,Karagandy,Population of urban areas,Female,12.06
2010,per 100000 population,Kostanay,Population of urban areas,Female,9.56
2010,per 100000 population,Kyzylorda,Population of urban areas,Female,2.65
2010,per 100000 population,Mangistau,Population of urban areas,Female,3.56
2010,per 100000 population,Ontustik Kazakhstan,Population of urban areas,Female,5.97
2010,per 100000 population,Pavlodar,Population of urban areas,Female,6.89
2010,per 100000 population,Soltustik Kazakhstan,Population of urban areas,Female,6.13
2010,per 100000 population,Shygys Kazakhstan,Population of urban areas,Female,10.32
2010,per 100000 population,Nur-Sultan city,Population of urban areas,Female,4.34
2010,per 100000 population,Almaty city,Population of urban areas,Female,3.29
2010,per 100000 population,,Population of rural areas,Female,8.73
2010,per 100000 population,Akmola,Population of rural areas,Female,12.64
2010,per 100000 population,Aktobe,Population of rural areas,Female,8.01
2010,per 100000 population,Almaty,Population of rural areas,Female,7.96
2010,per 100000 population,Atyrau,Population of rural areas,Female,7.27
2010,per 100000 population,Batys Kazakhstan,Population of rural areas,Female,11.88
2010,per 100000 population,Zhambyl,Population of rural areas,Female,6.45
2010,per 100000 population,Karagandy,Population of rural areas,Female,17.5
2010,per 100000 population,Kostanay,Population of rural areas,Female,14.17
2010,per 100000 population,Kyzylorda,Population of rural areas,Female,3.03
2010,per 100000 population,Mangistau,Population of rural areas,Female,7.56
2010,per 100000 population,Ontustik Kazakhstan,Population of rural areas,Female,6.14
2010,per 100000 population,Pavlodar,Population of rural areas,Female,12.6
2010,per 100000 population,Soltustik Kazakhstan,Population of rural areas,Female,6.14
2010,per 100000 population,Shygys Kazakhstan,Population of rural areas,Female,12.08
2011,per 100000 population,,,,20.8
2011,per 100000 population,Akmola,,,34.96
2011,per 100000 population,Aktobe,,,17.39
2011,per 100000 population,Almaty,,,20.47
2011,per 100000 population,Atyrau,,,13.4
2011,per 100000 population,Batys Kazakhstan,,,33.75
2011,per 100000 population,Zhambyl,,,17.89
2011,per 100000 population,Karagandy,,,29.0
2011,per 100000 population,Kostanay,,,40.99
2011,per 100000 population,Kyzylorda,,,7.22
2011,per 100000 population,Mangistau,,,10.65
2011,per 100000 population,Ontustik Kazakhstan,,,10.68
2011,per 100000 population,Pavlodar,,,32.01
2011,per 100000 population,Soltustik Kazakhstan,,,17.56
2011,per 100000 population,Shygys Kazakhstan,,,36.88
2011,per 100000 population,Nur-Sultan city,,,11.81
2011,per 100000 population,Almaty city,,,8.24
2011,per 100000 population,,Population of urban areas,,18.21
2011,per 100000 population,Akmola,Population of urban areas,,27.77
2011,per 100000 population,Aktobe,Population of urban areas,,15.57
2011,per 100000 population,Almaty,Population of urban areas,,22.19
2011,per 100000 population,Atyrau,Population of urban areas,,12.04
2011,per 100000 population,Batys Kazakhstan,Population of urban areas,,26.91
2011,per 100000 population,Zhambyl,Population of urban areas,,20.36
2011,per 100000 population,Karagandy,Population of urban areas,,26.52
2011,per 100000 population,Kostanay,Population of urban areas,,31.92
2011,per 100000 population,Kyzylorda,Population of urban areas,,6.02
2011,per 100000 population,Mangistau,Population of urban areas,,11.12
2011,per 100000 population,Ontustik Kazakhstan,Population of urban areas,,10.23
2011,per 100000 population,Pavlodar,Population of urban areas,,25.33
2011,per 100000 population,Soltustik Kazakhstan,Population of urban areas,,12.57
2011,per 100000 population,Shygys Kazakhstan,Population of urban areas,,30.25
2011,per 100000 population,Nur-Sultan city,Population of urban areas,,11.81
2011,per 100000 population,Almaty city,Population of urban areas,,8.24
2011,per 100000 population,,Population of rural areas,,23.93
2011,per 100000 population,Akmola,Population of rural areas,,41.26
2011,per 100000 population,Aktobe,Population of rural areas,,20.31
2011,per 100000 population,Almaty,Population of rural areas,,19.94
2011,per 100000 population,Atyrau,Population of rural areas,,14.64
2011,per 100000 population,Batys Kazakhstan,Population of rural areas,,40.08
2011,per 100000 population,Zhambyl,Population of rural areas,,16.23
2011,per 100000 population,Karagandy,Population of rural areas,,37.89
2011,per 100000 population,Kostanay,Population of rural areas,,50.26
2011,per 100000 population,Kyzylorda,Population of rural areas,,8.09
2011,per 100000 population,Mangistau,Population of rural areas,,10.15
2011,per 100000 population,Ontustik Kazakhstan,Population of rural areas,,10.96
2011,per 100000 population,Pavlodar,Population of rural areas,,46.68
2011,per 100000 population,Soltustik Kazakhstan,Population of rural areas,,20.98
2011,per 100000 population,Shygys Kazakhstan,Population of rural areas,,46.03
2011,per 100000 population,,,Male,35.42
2011,per 100000 population,Akmola,,Male,59.15
2011,per 100000 population,Aktobe,,Male,30.03
2011,per 100000 population,Almaty,,Male,34.69
2011,per 100000 population,Atyrau,,Male,24.68
2011,per 100000 population,Batys Kazakhstan,,Male,57.37
2011,per 100000 population,Zhambyl,,Male,29.62
2011,per 100000 population,Karagandy,,Male,50.94
2011,per 100000 population,Kostanay,,Male,72.19
2011,per 100000 population,Kyzylorda,,Male,12.48
2011,per 100000 population,Mangistau,,Male,14.7
2011,per 100000 population,Ontustik Kazakhstan,,Male,16.51
2011,per 100000 population,Pavlodar,,Male,54.08
2011,per 100000 population,Soltustik Kazakhstan,,Male,30.07
2011,per 100000 population,Shygys Kazakhstan,,Male,65.41
2011,per 100000 population,Nur-Sultan city,,Male,20.34
2011,per 100000 population,Almaty city,,Male,14.99
2011,per 100000 population,,Population of urban areas,Male,31.55
2011,per 100000 population,Akmola,Population of urban areas,Male,48.13
2011,per 100000 population,Aktobe,Population of urban areas,Male,26.5
2011,per 100000 population,Almaty,Population of urban areas,Male,38.14
2011,per 100000 population,Atyrau,Population of urban areas,Male,23.61
2011,per 100000 population,Batys Kazakhstan,Population of urban areas,Male,43.41
2011,per 100000 population,Zhambyl,Population of urban areas,Male,34.66
2011,per 100000 population,Karagandy,Population of urban areas,Male,46.58
2011,per 100000 population,Kostanay,Population of urban areas,Male,57.58
2011,per 100000 population,Kyzylorda,Population of urban areas,Male,9.62
2011,per 100000 population,Mangistau,Population of urban areas,Male,15.48
2011,per 100000 population,Ontustik Kazakhstan,Population of urban areas,Male,16.36
2011,per 100000 population,Pavlodar,Population of urban areas,Male,42.8
2011,per 100000 population,Soltustik Kazakhstan,Population of urban areas,Male,23.16
2011,per 100000 population,Shygys Kazakhstan,Population of urban areas,Male,55.64
2011,per 100000 population,Nur-Sultan city,Population of urban areas,Male,20.34
2011,per 100000 population,Almaty city,Population of urban areas,Male,14.99
2011,per 100000 population,,Population of rural areas,Male,39.81
2011,per 100000 population,Akmola,Population of rural areas,Male,68.26
2011,per 100000 population,Aktobe,Population of rural areas,Male,35.36
2011,per 100000 population,Almaty,Population of rural areas,Male,33.68
2011,per 100000 population,Atyrau,Population of rural areas,Male,25.62
2011,per 100000 population,Batys Kazakhstan,Population of rural areas,Male,69.34
2011,per 100000 population,Zhambyl,Population of rural areas,Male,26.42
2011,per 100000 population,Karagandy,Population of rural areas,Male,65.42
2011,per 100000 population,Kostanay,Population of rural areas,Male,86.18
2011,per 100000 population,Kyzylorda,Population of rural areas,Male,14.49
2011,per 100000 population,Mangistau,Population of rural areas,Male,13.88
2011,per 100000 population,Ontustik Kazakhstan,Population of rural areas,Male,16.61
2011,per 100000 population,Pavlodar,Population of rural areas,Male,77.18
2011,per 100000 population,Soltustik Kazakhstan,Population of rural areas,Male,34.43
2011,per 100000 population,Shygys Kazakhstan,Population of rural areas,Male,77.87
2011,per 100000 population,,,Female,7.18
2011,per 100000 population,Akmola,,Female,12.4
2011,per 100000 population,Aktobe,,Female,5.67
2011,per 100000 population,Almaty,,Female,6.75
2011,per 100000 population,Atyrau,,Female,2.55
2011,per 100000 population,Batys Kazakhstan,,Female,11.71
2011,per 100000 population,Zhambyl,,Female,6.69
2011,per 100000 population,Karagandy,,Female,9.37
2011,per 100000 population,Kostanay,,Female,13.12
2011,per 100000 population,Kyzylorda,,Female,1.98
2011,per 100000 population,Mangistau,,Female,6.68
2011,per 100000 population,Ontustik Kazakhstan,,Female,4.96
2011,per 100000 population,Pavlodar,,Female,12.39
2011,per 100000 population,Soltustik Kazakhstan,,Female,6.18
2011,per 100000 population,Shygys Kazakhstan,,Female,11.05
2011,per 100000 population,Nur-Sultan city,,Female,3.77
2011,per 100000 population,Almaty city,,Female,2.57
2011,per 100000 population,,Population of urban areas,Female,6.46
2011,per 100000 population,Akmola,Population of urban areas,Female,9.88
2011,per 100000 population,Aktobe,Population of urban areas,Female,5.88
2011,per 100000 population,Almaty,Population of urban areas,Female,7.77
2011,per 100000 population,Atyrau,Population of urban areas,Female,1.49
2011,per 100000 population,Batys Kazakhstan,Population of urban areas,Female,12.69
2011,per 100000 population,Zhambyl,Population of urban areas,Female,7.61
2011,per 100000 population,Karagandy,Population of urban areas,Female,9.16
2011,per 100000 population,Kostanay,Population of urban areas,Female,10.34
2011,per 100000 population,Kyzylorda,Population of urban areas,Female,2.61
2011,per 100000 population,Mangistau,Population of urban areas,Female,6.98
2011,per 100000 population,Ontustik Kazakhstan,Population of urban areas,Female,4.55
2011,per 100000 population,Pavlodar,Population of urban areas,Female,10.46
2011,per 100000 population,Soltustik Kazakhstan,Population of urban areas,Female,3.82
2011,per 100000 population,Shygys Kazakhstan,Population of urban areas,Female,8.68
2011,per 100000 population,Nur-Sultan city,Population of urban areas,Female,3.77
2011,per 100000 population,Almaty city,Population of urban areas,Female,2.57
2011,per 100000 population,,Population of rural areas,Female,8.11
2011,per 100000 population,Akmola,Population of rural areas,Female,14.73
2011,per 100000 population,Aktobe,Population of rural areas,Female,5.32
2011,per 100000 population,Almaty,Population of rural areas,Female,6.43
2011,per 100000 population,Atyrau,Population of rural areas,Female,3.58
2011,per 100000 population,Batys Kazakhstan,Population of rural areas,Female,10.74
2011,per 100000 population,Zhambyl,Population of rural areas,Female,6.04
2011,per 100000 population,Karagandy,Population of rural areas,Female,10.18
2011,per 100000 population,Kostanay,Population of rural areas,Female,16.11
2011,per 100000 population,Kyzylorda,Population of rural areas,Female,1.49
2011,per 100000 population,Mangistau,Population of rural areas,Female,6.33
2011,per 100000 population,Ontustik Kazakhstan,Population of rural areas,Female,5.24
2011,per 100000 population,Pavlodar,Population of rural areas,Female,16.92
2011,per 100000 population,Soltustik Kazakhstan,Population of rural areas,Female,7.93
2011,per 100000 population,Shygys Kazakhstan,Population of rural areas,Female,14.57
2012,per 100000 population,,,,19.68
2012,per 100000 population,Akmola,,,35.24
2012,per 100000 population,Aktobe,,,21.49
2012,per 100000 population,Almaty,,,21.11
2012,per 100000 population,Atyrau,,,17.48
2012,per 100000 population,Batys Kazakhstan,,,32.19
2012,per 100000 population,Zhambyl,,,14.49
2012,per 100000 population,Karagandy,,,26.83
2012,per 100000 population,Kostanay,,,38.87
2012,per 100000 population,Kyzylorda,,,14.17
2012,per 100000 population,Mangistau,,,5.21
2012,per 100000 population,Ontustik Kazakhstan,,,11.66
2012,per 100000 population,Pavlodar,,,28.34
2012,per 100000 population,Soltustik Kazakhstan,,,8.42
2012,per 100000 population,Shygys Kazakhstan,,,30.91
2012,per 100000 population,Nur-Sultan city,,,10.12
2012,per 100000 population,Almaty city,,,7.25
2012,per 100000 population,,Population of urban areas,,17.11
2012,per 100000 population,Akmola,Population of urban areas,,29.15
2012,per 100000 population,Aktobe,Population of urban areas,,16.19
2012,per 100000 population,Almaty,Population of urban areas,,23.87
2012,per 100000 population,Atyrau,Population of urban areas,,16.26
2012,per 100000 population,Batys Kazakhstan,Population of urban areas,,24.99
2012,per 100000 population,Zhambyl,Population of urban areas,,13.41
2012,per 100000 population,Karagandy,Population of urban areas,,24.39
2012,per 100000 population,Kostanay,Population of urban areas,,31.87
2012,per 100000 population,Kyzylorda,Population of urban areas,,15.69
2012,per 100000 population,Mangistau,Population of urban areas,,6.32
2012,per 100000 population,Ontustik Kazakhstan,Population of urban areas,,12.15
2012,per 100000 population,Pavlodar,Population of urban areas,,25.37
2012,per 100000 population,Soltustik Kazakhstan,Population of urban areas,,3.77
2012,per 100000 population,Shygys Kazakhstan,Population of urban areas,,24.09
2012,per 100000 population,Nur-Sultan city,Population of urban areas,,10.12
2012,per 100000 population,Almaty city,Population of urban areas,,7.25
2012,per 100000 population,,Population of rural areas,,22.8
2012,per 100000 population,Akmola,Population of rural areas,,40.61
2012,per 100000 population,Aktobe,Population of rural areas,,30.0
2012,per 100000 population,Almaty,Population of rural areas,,20.28
2012,per 100000 population,Atyrau,Population of rural areas,,18.62
2012,per 100000 population,Batys Kazakhstan,Population of rural areas,,39.04
2012,per 100000 population,Zhambyl,Population of rural areas,,15.21
2012,per 100000 population,Karagandy,Population of rural areas,,35.65
2012,per 100000 population,Kostanay,Population of rural areas,,46.16
2012,per 100000 population,Kyzylorda,Population of rural areas,,13.05
2012,per 100000 population,Mangistau,Population of rural areas,,4.04
2012,per 100000 population,Ontustik Kazakhstan,Population of rural areas,,11.34
2012,per 100000 population,Pavlodar,Population of rural areas,,34.95
2012,per 100000 population,Soltustik Kazakhstan,Population of rural areas,,11.67
2012,per 100000 population,Shygys Kazakhstan,Population of rural areas,,40.46
2012,per 100000 population,,,Male,33.76
2012,per 100000 population,Akmola,,Male,62.23
2012,per 100000 population,Aktobe,,Male,38.58
2012,per 100000 population,Almaty,,Male,35.81
2012,per 100000 population,Atyrau,,Male,33.06
2012,per 100000 population,Batys Kazakhstan,,Male,58.94
2012,per 100000 population,Zhambyl,,Male,23.47
2012,per 100000 population,Karagandy,,Male,44.51
2012,per 100000 population,Kostanay,,Male,70.78
2012,per 100000 population,Kyzylorda,,Male,22.81
2012,per 100000 population,Mangistau,,Male,8.68
2012,per 100000 population,Ontustik Kazakhstan,,Male,16.83
2012,per 100000 population,Pavlodar,,Male,50.83
2012,per 100000 population,Soltustik Kazakhstan,,Male,16.24
2012,per 100000 population,Shygys Kazakhstan,,Male,54.0
2012,per 100000 population,Nur-Sultan city,,Male,17.69
2012,per 100000 population,Almaty city,,Male,13.36
2012,per 100000 population,,Population of urban areas,Male,29.98
2012,per 100000 population,Akmola,Population of urban areas,Male,53.56
2012,per 100000 population,Aktobe,Population of urban areas,Male,26.99
2012,per 100000 population,Almaty,Population of urban areas,Male,40.34
2012,per 100000 population,Atyrau,Population of urban areas,Male,31.69
2012,per 100000 population,Batys Kazakhstan,Population of urban areas,Male,47.57
2012,per 100000 population,Zhambyl,Population of urban areas,Male,21.92
2012,per 100000 population,Karagandy,Population of urban areas,Male,40.84
2012,per 100000 population,Kostanay,Population of urban areas,Male,59.48
2012,per 100000 population,Kyzylorda,Population of urban areas,Male,28.15
2012,per 100000 population,Mangistau,Population of urban areas,Male,10.81
2012,per 100000 population,Ontustik Kazakhstan,Population of urban areas,Male,18.61
2012,per 100000 population,Pavlodar,Population of urban areas,Male,46.74
2012,per 100000 population,Soltustik Kazakhstan,Population of urban areas,Male,8.33
2012,per 100000 population,Shygys Kazakhstan,Population of urban areas,Male,42.77
2012,per 100000 population,Nur-Sultan city,Population of urban areas,Male,17.69
2012,per 100000 population,Almaty city,Population of urban areas,Male,13.36
2012,per 100000 population,,Population of rural areas,Male,38.07
2012,per 100000 population,Akmola,Population of rural areas,Male,69.44
2012,per 100000 population,Aktobe,Population of rural areas,Male,56.15
2012,per 100000 population,Almaty,Population of rural areas,Male,34.49
2012,per 100000 population,Atyrau,Population of rural areas,Male,34.27
2012,per 100000 population,Batys Kazakhstan,Population of rural areas,Male,68.92
2012,per 100000 population,Zhambyl,Population of rural areas,Male,24.44
2012,per 100000 population,Karagandy,Population of rural areas,Male,56.77
2012,per 100000 population,Kostanay,Population of rural areas,Male,81.81
2012,per 100000 population,Kyzylorda,Population of rural areas,Male,19.03
2012,per 100000 population,Mangistau,Population of rural areas,Male,6.54
2012,per 100000 population,Ontustik Kazakhstan,Population of rural areas,Male,15.74
2012,per 100000 population,Pavlodar,Population of rural areas,Male,59.32
2012,per 100000 population,Soltustik Kazakhstan,Population of rural areas,Male,21.3
2012,per 100000 population,Shygys Kazakhstan,Population of rural areas,Male,68.53
2012,per 100000 population,,,Female,6.56
2012,per 100000 population,Akmola,,Female,10.04
2012,per 100000 population,Aktobe,,Female,5.61
2012,per 100000 population,Almaty,,Female,6.93
2012,per 100000 population,Atyrau,,Female,2.5
2012,per 100000 population,Batys Kazakhstan,,Female,7.23
2012,per 100000 population,Zhambyl,,Female,5.89
2012,per 100000 population,Karagandy,,Female,11.01
2012,per 100000 population,Kostanay,,Female,10.33
2012,per 100000 population,Kyzylorda,,Female,5.55
2012,per 100000 population,Mangistau,,Female,1.78
2012,per 100000 population,Ontustik Kazakhstan,,Female,6.58
2012,per 100000 population,Pavlodar,,Female,8.33
2012,per 100000 population,Soltustik Kazakhstan,,Female,1.31
2012,per 100000 population,Shygys Kazakhstan,,Female,9.98
2012,per 100000 population,Nur-Sultan city,,Female,3.05
2012,per 100000 population,Almaty city,,Female,2.14
2012,per 100000 population,,Population of urban areas,Female,5.78
2012,per 100000 population,Akmola,Population of urban areas,Female,7.67
2012,per 100000 population,Aktobe,Population of urban areas,Female,6.59
2012,per 100000 population,Almaty,Population of urban areas,Female,8.93
2012,per 100000 population,Atyrau,Population of urban areas,Female,2.17
2012,per 100000 population,Batys Kazakhstan,Population of urban areas,Female,5.58
2012,per 100000 population,Zhambyl,Population of urban areas,Female,5.79
2012,per 100000 population,Karagandy,Population of urban areas,Female,10.15
2012,per 100000 population,Kostanay,Population of urban areas,Female,8.62
2012,per 100000 population,Kyzylorda,Population of urban areas,Female,3.83
2012,per 100000 population,Mangistau,Population of urban areas,Female,2.05
2012,per 100000 population,Ontustik Kazakhstan,Population of urban areas,Female,6.14
2012,per 100000 population,Pavlodar,Population of urban areas,Female,7.17
2012,per 100000 population,Soltustik Kazakhstan,Population of urban areas,Female,0.0
2012,per 100000 population,Shygys Kazakhstan,Population of urban areas,Female,8.19
2012,per 100000 population,Nur-Sultan city,Population of urban areas,Female,3.05
2012,per 100000 population,Almaty city,Population of urban areas,Female,2.14
2012,per 100000 population,,Population of rural areas,Female,7.55
2012,per 100000 population,Akmola,Population of rural areas,Female,12.24
2012,per 100000 population,Aktobe,Population of rural areas,Female,3.95
2012,per 100000 population,Almaty,Population of rural areas,Female,6.3
2012,per 100000 population,Atyrau,Population of rural areas,Female,2.82
2012,per 100000 population,Batys Kazakhstan,Population of rural areas,Female,8.92
2012,per 100000 population,Zhambyl,Population of rural areas,Female,5.96
2012,per 100000 population,Karagandy,Population of rural areas,Female,14.33
2012,per 100000 population,Kostanay,Population of rural areas,Female,12.22
2012,per 100000 population,Kyzylorda,Population of rural areas,Female,6.88
2012,per 100000 population,Mangistau,Population of rural areas,Female,1.49
2012,per 100000 population,Ontustik Kazakhstan,Population of rural areas,Female,6.88
2012,per 100000 population,Pavlodar,Population of rural areas,Female,11.1
2012,per 100000 population,Soltustik Kazakhstan,Population of rural areas,Female,2.3
2012,per 100000 population,Shygys Kazakhstan,Population of rural areas,Female,12.68
2013,per 100000 population,,,,20.67
2013,per 100000 population,Akmola,,,37.05
2013,per 100000 population,Aktobe,,,20.94
2013,per 100000 population,Almaty,,,22.28
2013,per 100000 population,Atyrau,,,19.77
2013,per 100000 population,Batys Kazakhstan,,,26.41
2013,per 100000 population,Zhambyl,,,19.59
2013,per 100000 population,Karagandy,,,25.76
2013,per 100000 population,Kostanay,,,42.25
2013,per 100000 population,Kyzylorda,,,16.91
2013,per 100000 population,Mangistau,,,12.47
2013,per 100000 population,Ontustik Kazakhstan,,,13.53
2013,per 100000 population,Pavlodar,,,25.43
2013,per 100000 population,Soltustik Kazakhstan,,,10.56
2013,per 100000 population,Shygys Kazakhstan,,,31.27
2013,per 100000 population,Nur-Sultan city,,,12.56
2013,per 100000 population,Almaty city,,,5.63
2013,per 100000 population,,Population of urban areas,,17.71
2013,per 100000 population,Akmola,Population of urban areas,,32.72
2013,per 100000 population,Aktobe,Population of urban areas,,17.99
2013,per 100000 population,Almaty,Population of urban areas,,26.16
2013,per 100000 population,Atyrau,Population of urban areas,,17.62
2013,per 100000 population,Batys Kazakhstan,Population of urban areas,,22.94
2013,per 100000 population,Zhambyl,Population of urban areas,,22.68
2013,per 100000 population,Karagandy,Population of urban areas,,21.81
2013,per 100000 population,Kostanay,Population of urban areas,,33.34
2013,per 100000 population,Kyzylorda,Population of urban areas,,15.32
2013,per 100000 population,Mangistau,Population of urban areas,,13.43
2013,per 100000 population,Ontustik Kazakhstan,Population of urban areas,,12.56
2013,per 100000 population,Pavlodar,Population of urban areas,,22.62
2013,per 100000 population,Soltustik Kazakhstan,Population of urban areas,,3.75
2013,per 100000 population,Shygys Kazakhstan,Population of urban areas,,25.03
2013,per 100000 population,Nur-Sultan city,Population of urban areas,,12.56
2013,per 100000 population,Almaty city,Population of urban areas,,5.63
2013,per 100000 population,,Population of rural areas,,24.28
2013,per 100000 population,Akmola,Population of rural areas,,40.89
2013,per 100000 population,Aktobe,Population of rural areas,,25.68
2013,per 100000 population,Almaty,Population of rural areas,,21.11
2013,per 100000 population,Atyrau,Population of rural areas,,21.71
2013,per 100000 population,Batys Kazakhstan,Population of rural areas,,29.76
2013,per 100000 population,Zhambyl,Population of rural areas,,17.52
2013,per 100000 population,Karagandy,Population of rural areas,,40.24
2013,per 100000 population,Kostanay,Population of rural areas,,51.68
2013,per 100000 population,Kyzylorda,Population of rural areas,,18.1
2013,per 100000 population,Mangistau,Population of rural areas,,11.49
2013,per 100000 population,Ontustik Kazakhstan,Population of rural areas,,14.15
2013,per 100000 population,Pavlodar,Population of rural areas,,31.82
2013,per 100000 population,Soltustik Kazakhstan,Population of rural areas,,15.41
2013,per 100000 population,Shygys Kazakhstan,Population of rural areas,,40.17
2013,per 100000 population,,,Male,34.6
2013,per 100000 population,Akmola,,Male,61.76
2013,per 100000 population,Aktobe,,Male,36.44
2013,per 100000 population,Almaty,,Male,36.16
2013,per 100000 population,Atyrau,,Male,33.04
2013,per 100000 population,Batys Kazakhstan,,Male,46.7
2013,per 100000 population,Zhambyl,,Male,32.62
2013,per 100000 population,Karagandy,,Male,43.99
2013,per 100000 population,Kostanay,,Male,74.32
2013,per 100000 population,Kyzylorda,,Male,26.49
2013,per 100000 population,Mangistau,,Male,20.23
2013,per 100000 population,Ontustik Kazakhstan,,Male,20.26
2013,per 100000 population,Pavlodar,,Male,43.82
2013,per 100000 population,Soltustik Kazakhstan,,Male,19.26
2013,per 100000 population,Shygys Kazakhstan,,Male,54.59
2013,per 100000 population,Nur-Sultan city,,Male,21.33
2013,per 100000 population,Almaty city,,Male,8.98
2013,per 100000 population,,Population of urban areas,Male,30.11
2013,per 100000 population,Akmola,Population of urban areas,Male,55.05
2013,per 100000 population,Aktobe,Population of urban areas,Male,32.13
2013,per 100000 population,Almaty,Population of urban areas,Male,45.28
2013,per 100000 population,Atyrau,Population of urban areas,Male,29.07
2013,per 100000 population,Batys Kazakhstan,Population of urban areas,Male,39.69
2013,per 100000 population,Zhambyl,Population of urban areas,Male,39.19
2013,per 100000 population,Karagandy,Population of urban areas,Male,37.34
2013,per 100000 population,Kostanay,Population of urban areas,Male,61.35
2013,per 100000 population,Kyzylorda,Population of urban areas,Male,22.89
2013,per 100000 population,Mangistau,Population of urban areas,Male,21.21
2013,per 100000 population,Ontustik Kazakhstan,Population of urban areas,Male,18.59
2013,per 100000 population,Pavlodar,Population of urban areas,Male,38.75
2013,per 100000 population,Soltustik Kazakhstan,Population of urban areas,Male,8.28
2013,per 100000 population,Shygys Kazakhstan,Population of urban areas,Male,44.31
2013,per 100000 population,Nur-Sultan city,Population of urban areas,Male,21.33
2013,per 100000 population,Almaty city,Population of urban areas,Male,8.98
2013,per 100000 population,,Population of rural areas,Male,39.74
2013,per 100000 population,Akmola,Population of rural areas,Male,67.38
2013,per 100000 population,Aktobe,Population of rural areas,Male,43.0
2013,per 100000 population,Almaty,Population of rural areas,Male,33.52
2013,per 100000 population,Atyrau,Population of rural areas,Male,36.45
2013,per 100000 population,Batys Kazakhstan,Population of rural areas,Male,52.93
2013,per 100000 population,Zhambyl,Population of rural areas,Male,28.46
2013,per 100000 population,Karagandy,Population of rural areas,Male,66.45
2013,per 100000 population,Kostanay,Population of rural areas,Male,87.17
2013,per 100000 population,Kyzylorda,Population of rural areas,Male,29.06
2013,per 100000 population,Mangistau,Population of rural areas,Male,19.27
2013,per 100000 population,Ontustik Kazakhstan,Population of rural areas,Male,21.3
2013,per 100000 population,Pavlodar,Population of rural areas,Male,54.51
2013,per 100000 population,Soltustik Kazakhstan,Population of rural areas,Male,26.42
2013,per 100000 population,Shygys Kazakhstan,Population of rural areas,Male,68.13
2013,per 100000 population,,,Female,7.68
2013,per 100000 population,Akmola,,Female,13.96
2013,per 100000 population,Aktobe,,Female,6.5
2013,per 100000 population,Almaty,,Female,8.9
2013,per 100000 population,Atyrau,,Female,6.99
2013,per 100000 population,Batys Kazakhstan,,Female,7.47
2013,per 100000 population,Zhambyl,,Female,7.09
2013,per 100000 population,Karagandy,,Female,9.44
2013,per 100000 population,Kostanay,,Female,13.56
2013,per 100000 population,Kyzylorda,,Female,7.36
2013,per 100000 population,Mangistau,,Female,4.81
2013,per 100000 population,Ontustik Kazakhstan,,Female,6.89
2013,per 100000 population,Pavlodar,,Female,9.06
2013,per 100000 population,Soltustik Kazakhstan,,Female,2.64
2013,per 100000 population,Shygys Kazakhstan,,Female,10.12
2013,per 100000 population,Nur-Sultan city,,Female,4.37
2013,per 100000 population,Almaty city,,Female,2.83
2013,per 100000 population,,Population of urban areas,Female,6.78
2013,per 100000 population,Akmola,Population of urban areas,Female,13.07
2013,per 100000 population,Aktobe,Population of urban areas,Female,5.36
2013,per 100000 population,Almaty,Population of urban areas,Female,8.81
2013,per 100000 population,Atyrau,Population of urban areas,Female,7.17
2013,per 100000 population,Batys Kazakhstan,Population of urban areas,Female,8.54
2013,per 100000 population,Zhambyl,Population of urban areas,Female,7.89
2013,per 100000 population,Karagandy,Population of urban areas,Female,8.35
2013,per 100000 population,Kostanay,Population of urban areas,Female,9.76
2013,per 100000 population,Kyzylorda,Population of urban areas,Female,8.1
2013,per 100000 population,Mangistau,Population of urban areas,Female,6.04
2013,per 100000 population,Ontustik Kazakhstan,Population of urban areas,Female,6.94
2013,per 100000 population,Pavlodar,Population of urban areas,Female,8.88
2013,per 100000 population,Soltustik Kazakhstan,Population of urban areas,Female,0.0
2013,per 100000 population,Shygys Kazakhstan,Population of urban areas,Female,8.59
2013,per 100000 population,Nur-Sultan city,Population of urban areas,Female,4.37
2013,per 100000 population,Almaty city,Population of urban areas,Female,2.83
2013,per 100000 population,,Population of rural areas,Female,8.85
2013,per 100000 population,Akmola,Population of rural areas,Female,14.8
2013,per 100000 population,Aktobe,Population of rural areas,Female,8.43
2013,per 100000 population,Almaty,Population of rural areas,Female,8.92
2013,per 100000 population,Atyrau,Population of rural areas,Female,6.82
2013,per 100000 population,Batys Kazakhstan,Population of rural areas,Female,6.36
2013,per 100000 population,Zhambyl,Population of rural areas,Female,6.53
2013,per 100000 population,Karagandy,Population of rural areas,Female,13.72
2013,per 100000 population,Kostanay,Population of rural areas,Female,17.82
2013,per 100000 population,Kyzylorda,Population of rural areas,Female,6.78
2013,per 100000 population,Mangistau,Population of rural areas,Female,3.52
2013,per 100000 population,Ontustik Kazakhstan,Population of rural areas,Female,6.86
2013,per 100000 population,Pavlodar,Population of rural areas,Female,9.51
2013,per 100000 population,Soltustik Kazakhstan,Population of rural areas,Female,4.68
2013,per 100000 population,Shygys Kazakhstan,Population of rural areas,Female,12.46
2014,per 100000 population,,,,18.1
2014,per 100000 population,Akmola,,,36.54
2014,per 100000 population,Aktobe,,,18.14
2014,per 100000 population,Almaty,,,21.44
2014,per 100000 population,Atyrau,,,16.01
2014,per 100000 population,Batys Kazakhstan,,,23.76
2014,per 100000 population,Zhambyl,,,17.04
2014,per 100000 population,Karagandy,,,26.57
2014,per 100000 population,Kostanay,,,31.66
2014,per 100000 population,Kyzylorda,,,9.38
2014,per 100000 population,Mangistau,,,8.37
2014,per 100000 population,Ontustik Kazakhstan,,,13.11
2014,per 100000 population,Pavlodar,,,13.52
2014,per 100000 population,Soltustik Kazakhstan,,,11.33
2014,per 100000 population,Shygys Kazakhstan,,,28.32
2014,per 100000 population,Nur-Sultan city,,,8.4
2014,per 100000 population,Almaty city,,,6.71
2014,per 100000 population,,Population of urban areas,,14.85
2014,per 100000 population,Akmola,Population of urban areas,,30.56
2014,per 100000 population,Aktobe,Population of urban areas,,13.27
2014,per 100000 population,Almaty,Population of urban areas,,21.4
2014,per 100000 population,Atyrau,Population of urban areas,,12.6
2014,per 100000 population,Batys Kazakhstan,Population of urban areas,,23.24
2014,per 100000 population,Zhambyl,Population of urban areas,,15.47
2014,per 100000 population,Karagandy,Population of urban areas,,24.2
2014,per 100000 population,Kostanay,Population of urban areas,,24.7
2014,per 100000 population,Kyzylorda,Population of urban areas,,11.53
2014,per 100000 population,Mangistau,Population of urban areas,,7.48
2014,per 100000 population,Ontustik Kazakhstan,Population of urban areas,,9.58
2014,per 100000 population,Pavlodar,Population of urban areas,,12.32
2014,per 100000 population,Soltustik Kazakhstan,Population of urban areas,,6.19
2014,per 100000 population,Shygys Kazakhstan,Population of urban areas,,22.06
2014,per 100000 population,Nur-Sultan city,Population of urban areas,,8.4
2014,per 100000 population,Almaty city,Population of urban areas,,6.71
2014,per 100000 population,,Population of rural areas,,22.2
2014,per 100000 population,Akmola,Population of rural areas,,41.88
2014,per 100000 population,Aktobe,Population of rural areas,,26.04
2014,per 100000 population,Almaty,Population of rural areas,,21.46
2014,per 100000 population,Atyrau,Population of rural areas,,19.03
2014,per 100000 population,Batys Kazakhstan,Population of rural areas,,24.27
2014,per 100000 population,Zhambyl,Population of rural areas,,18.1
2014,per 100000 population,Karagandy,Population of rural areas,,35.39
2014,per 100000 population,Kostanay,Population of rural areas,,39.18
2014,per 100000 population,Kyzylorda,Population of rural areas,,7.76
2014,per 100000 population,Mangistau,Population of rural areas,,9.16
2014,per 100000 population,Ontustik Kazakhstan,Population of rural areas,,15.67
2014,per 100000 population,Pavlodar,Population of rural areas,,16.31
2014,per 100000 population,Soltustik Kazakhstan,Population of rural areas,,15.08
2014,per 100000 population,Shygys Kazakhstan,Population of rural areas,,37.37
2014,per 100000 population,,,Male,30.75
2014,per 100000 population,Akmola,,Male,64.7
2014,per 100000 population,Aktobe,,Male,31.49
2014,per 100000 population,Almaty,,Male,36.12
2014,per 100000 population,Atyrau,,Male,26.24
2014,per 100000 population,Batys Kazakhstan,,Male,40.28
2014,per 100000 population,Zhambyl,,Male,27.1
2014,per 100000 population,Karagandy,,Male,44.65
2014,per 100000 population,Kostanay,,Male,57.89
2014,per 100000 population,Kyzylorda,,Male,15.02
2014,per 100000 population,Mangistau,,Male,13.14
2014,per 100000 population,Ontustik Kazakhstan,,Male,20.94
2014,per 100000 population,Pavlodar,,Male,22.78
2014,per 100000 population,Soltustik Kazakhstan,,Male,19.75
2014,per 100000 population,Shygys Kazakhstan,,Male,49.26
2014,per 100000 population,Nur-Sultan city,,Male,14.42
2014,per 100000 population,Almaty city,,Male,12.45
2014,per 100000 population,,Population of urban areas,Male,25.78
2014,per 100000 population,Akmola,Population of urban areas,Male,54.17
2014,per 100000 population,Aktobe,Population of urban areas,Male,24.31
2014,per 100000 population,Almaty,Population of urban areas,Male,38.85
2014,per 100000 population,Atyrau,Population of urban areas,Male,18.63
2014,per 100000 population,Batys Kazakhstan,Population of urban areas,Male,38.35
2014,per 100000 population,Zhambyl,Population of urban areas,Male,26.94
2014,per 100000 population,Karagandy,Population of urban areas,Male,41.35
2014,per 100000 population,Kostanay,Population of urban areas,Male,44.92
2014,per 100000 population,Kyzylorda,Population of urban areas,Male,17.86
2014,per 100000 population,Mangistau,Population of urban areas,Male,12.27
2014,per 100000 population,Ontustik Kazakhstan,Population of urban areas,Male,16.75
2014,per 100000 population,Pavlodar,Population of urban areas,Male,20.59
2014,per 100000 population,Soltustik Kazakhstan,Population of urban areas,Male,11.86
2014,per 100000 population,Shygys Kazakhstan,Population of urban areas,Male,38.16
2014,per 100000 population,Nur-Sultan city,Population of urban areas,Male,14.42
2014,per 100000 population,Almaty city,Population of urban areas,Male,12.45
2014,per 100000 population,,Population of rural areas,Male,36.62
2014,per 100000 population,Akmola,Population of rural areas,Male,73.55
2014,per 100000 population,Aktobe,Population of rural areas,Male,42.53
2014,per 100000 population,Almaty,Population of rural areas,Male,35.27
2014,per 100000 population,Atyrau,Population of rural areas,Male,32.64
2014,per 100000 population,Batys Kazakhstan,Population of rural areas,Male,42.02
2014,per 100000 population,Zhambyl,Population of rural areas,Male,27.2
2014,per 100000 population,Karagandy,Population of rural areas,Male,55.96
2014,per 100000 population,Kostanay,Population of rural areas,Male,71.0
2014,per 100000 population,Kyzylorda,Population of rural areas,Male,12.96
2014,per 100000 population,Mangistau,Population of rural areas,Male,13.91
2014,per 100000 population,Ontustik Kazakhstan,Population of rural areas,Male,23.85
2014,per 100000 population,Pavlodar,Population of rural areas,Male,27.48
2014,per 100000 population,Soltustik Kazakhstan,Population of rural areas,Male,25.03
2014,per 100000 population,Shygys Kazakhstan,Population of rural areas,Male,64.11
2014,per 100000 population,,,Female,6.3
2014,per 100000 population,Akmola,,Female,10.25
2014,per 100000 population,Aktobe,,Female,5.69
2014,per 100000 population,Almaty,,Female,7.26
2014,per 100000 population,Atyrau,,Female,6.15
2014,per 100000 population,Batys Kazakhstan,,Female,8.33
2014,per 100000 population,Zhambyl,,Female,7.37
2014,per 100000 population,Karagandy,,Female,10.35
2014,per 100000 population,Kostanay,,Female,8.17
2014,per 100000 population,Kyzylorda,,Female,3.75
2014,per 100000 population,Mangistau,,Female,3.66
2014,per 100000 population,Ontustik Kazakhstan,,Female,5.4
2014,per 100000 population,Pavlodar,,Female,5.27
2014,per 100000 population,Soltustik Kazakhstan,,Female,3.66
2014,per 100000 population,Shygys Kazakhstan,,Female,9.3
2014,per 100000 population,Nur-Sultan city,,Female,2.78
2014,per 100000 population,Almaty city,,Female,1.9
2014,per 100000 population,,Population of urban areas,Female,5.18
2014,per 100000 population,Akmola,Population of urban areas,Female,9.76
2014,per 100000 population,Aktobe,Population of urban areas,Female,3.38
2014,per 100000 population,Almaty,Population of urban areas,Female,5.5
2014,per 100000 population,Atyrau,Population of urban areas,Female,7.09
2014,per 100000 population,Batys Kazakhstan,Population of urban areas,Female,10.22
2014,per 100000 population,Zhambyl,Population of urban areas,Female,5.18
2014,per 100000 population,Karagandy,Population of urban areas,Female,9.31
2014,per 100000 population,Kostanay,Population of urban areas,Female,7.65
2014,per 100000 population,Kyzylorda,Population of urban areas,Female,5.48
2014,per 100000 population,Mangistau,Population of urban areas,Female,2.82
2014,per 100000 population,Ontustik Kazakhstan,Population of urban areas,Female,2.85
2014,per 100000 population,Pavlodar,Population of urban areas,Female,5.27
2014,per 100000 population,Soltustik Kazakhstan,Population of urban areas,Female,1.51
2014,per 100000 population,Shygys Kazakhstan,Population of urban areas,Female,8.31
2014,per 100000 population,Nur-Sultan city,Population of urban areas,Female,2.78
2014,per 100000 population,Almaty city,Population of urban areas,Female,1.9
2014,per 100000 population,,Population of rural areas,Female,7.79
2014,per 100000 population,Akmola,Population of rural areas,Female,10.71
2014,per 100000 population,Aktobe,Population of rural areas,Female,9.62
2014,per 100000 population,Almaty,Population of rural areas,Female,7.85
2014,per 100000 population,Atyrau,Population of rural areas,Female,5.28
2014,per 100000 population,Batys Kazakhstan,Population of rural areas,Female,6.33
2014,per 100000 population,Zhambyl,Population of rural areas,Female,8.93
2014,per 100000 population,Karagandy,Population of rural areas,Female,14.53
2014,per 100000 population,Kostanay,Population of rural areas,Female,8.77
2014,per 100000 population,Kyzylorda,Population of rural areas,Female,2.39
2014,per 100000 population,Mangistau,Population of rural areas,Female,4.42
2014,per 100000 population,Ontustik Kazakhstan,Population of rural areas,Female,7.32
2014,per 100000 population,Pavlodar,Population of rural areas,Female,5.26
2014,per 100000 population,Soltustik Kazakhstan,Population of rural areas,Female,5.36
2014,per 100000 population,Shygys Kazakhstan,Population of rural areas,Female,10.84
2015,per 100000 population,,,,16.52
2015,per 100000 population,Akmola,,,33.9
2015,per 100000 population,Aktobe,,,20.39
2015,per 100000 population,Almaty,,,17.37
2015,per 100000 population,Atyrau,,,18.37
2015,per 100000 population,Batys Kazakhstan,,,19.1
2015,per 100000 population,Zhambyl,,,12.76
2015,per 100000 population,Karagandy,,,22.87
2015,per 100000 population,Kostanay,,,36.82
2015,per 100000 population,Kyzylorda,,,7.38
2015,per 100000 population,Mangistau,,,8.11
2015,per 100000 population,Ontustik Kazakhstan,,,11.12
2015,per 100000 population,Pavlodar,,,4.89
2015,per 100000 population,Soltustik Kazakhstan,,,16.65
2015,per 100000 population,Shygys Kazakhstan,,,26.72
2015,per 100000 population,Nur-Sultan city,,,12.98
2015,per 100000 population,Almaty city,,,5.68
2015,per 100000 population,,Population of urban areas,,13.49
2015,per 100000 population,Akmola,Population of urban areas,,30.06
2015,per 100000 population,Aktobe,Population of urban areas,,19.19
2015,per 100000 population,Almaty,Population of urban areas,,14.94
2015,per 100000 population,Atyrau,Population of urban areas,,13.27
2015,per 100000 population,Batys Kazakhstan,Population of urban areas,,15.24
2015,per 100000 population,Zhambyl,Population of urban areas,,14.57
2015,per 100000 population,Karagandy,Population of urban areas,,21.79
2015,per 100000 population,Kostanay,Population of urban areas,,27.81
2015,per 100000 population,Kyzylorda,Population of urban areas,,8.5
2015,per 100000 population,Mangistau,Population of urban areas,,7.04
2015,per 100000 population,Ontustik Kazakhstan,Population of urban areas,,6.89
2015,per 100000 population,Pavlodar,Population of urban areas,,3.19
2015,per 100000 population,Soltustik Kazakhstan,Population of urban areas,,12.19
2015,per 100000 population,Shygys Kazakhstan,Population of urban areas,,19.36
2015,per 100000 population,Nur-Sultan city,Population of urban areas,,12.98
2015,per 100000 population,Almaty city,Population of urban areas,,5.68
2015,per 100000 population,,Population of rural areas,,20.48
2015,per 100000 population,Akmola,Population of rural areas,,37.32
2015,per 100000 population,Aktobe,Population of rural areas,,22.38
2015,per 100000 population,Almaty,Population of rural areas,,18.14
2015,per 100000 population,Atyrau,Population of rural areas,,22.97
2015,per 100000 population,Batys Kazakhstan,Population of rural areas,,22.91
2015,per 100000 population,Zhambyl,Population of rural areas,,11.54
2015,per 100000 population,Karagandy,Population of rural areas,,26.99
2015,per 100000 population,Kostanay,Population of rural areas,,46.79
2015,per 100000 population,Kyzylorda,Population of rural areas,,6.52
2015,per 100000 population,Mangistau,Population of rural areas,,8.93
2015,per 100000 population,Ontustik Kazakhstan,Population of rural areas,,14.56
2015,per 100000 population,Pavlodar,Population of rural areas,,8.89
2015,per 100000 population,Soltustik Kazakhstan,Population of rural areas,,20.02
2015,per 100000 population,Shygys Kazakhstan,Population of rural areas,,37.59
2015,per 100000 population,,,Male,27.87
2015,per 100000 population,Akmola,,Male,57.3
2015,per 100000 population,Aktobe,,Male,37.21
2015,per 100000 population,Almaty,,Male,27.2
2015,per 100000 population,Atyrau,,Male,30.47
2015,per 100000 population,Batys Kazakhstan,,Male,33.98
2015,per 100000 population,Zhambyl,,Male,21.77
2015,per 100000 population,Karagandy,,Male,39.17
2015,per 100000 population,Kostanay,,Male,63.5
2015,per 100000 population,Kyzylorda,,Male,12.65
2015,per 100000 population,Mangistau,,Male,13.69
2015,per 100000 population,Ontustik Kazakhstan,,Male,17.3
2015,per 100000 population,Pavlodar,,Male,7.28
2015,per 100000 population,Soltustik Kazakhstan,,Male,27.2
2015,per 100000 population,Shygys Kazakhstan,,Male,46.8
2015,per 100000 population,Nur-Sultan city,,Male,22.59
2015,per 100000 population,Almaty city,,Male,10.72
2015,per 100000 population,,Population of urban areas,Male,23.09
2015,per 100000 population,Akmola,Population of urban areas,Male,51.31
2015,per 100000 population,Aktobe,Population of urban areas,Male,34.39
2015,per 100000 population,Almaty,Population of urban areas,Male,23.28
2015,per 100000 population,Atyrau,Population of urban areas,Male,22.49
2015,per 100000 population,Batys Kazakhstan,Population of urban areas,Male,26.75
2015,per 100000 population,Zhambyl,Population of urban areas,Male,25.56
2015,per 100000 population,Karagandy,Population of urban areas,Male,37.41
2015,per 100000 population,Kostanay,Population of urban areas,Male,49.91
2015,per 100000 population,Kyzylorda,Population of urban areas,Male,14.91
2015,per 100000 population,Mangistau,Population of urban areas,Male,11.83
2015,per 100000 population,Ontustik Kazakhstan,Population of urban areas,Male,10.91
2015,per 100000 population,Pavlodar,Population of urban areas,Male,4.08
2015,per 100000 population,Soltustik Kazakhstan,Population of urban areas,Male,19.73
2015,per 100000 population,Shygys Kazakhstan,Population of urban areas,Male,32.61
2015,per 100000 population,Nur-Sultan city,Population of urban areas,Male,22.59
2015,per 100000 population,Almaty city,Population of urban areas,Male,10.72
2015,per 100000 population,,Population of rural areas,Male,33.75
2015,per 100000 population,Akmola,Population of rural areas,Male,62.36
2015,per 100000 population,Aktobe,Population of rural areas,Male,41.64
2015,per 100000 population,Almaty,Population of rural areas,Male,28.4
2015,per 100000 population,Atyrau,Population of rural areas,Male,37.31
2015,per 100000 population,Batys Kazakhstan,Population of rural areas,Male,40.54
2015,per 100000 population,Zhambyl,Population of rural areas,Male,19.35
2015,per 100000 population,Karagandy,Population of rural areas,Male,45.29
2015,per 100000 population,Kostanay,Population of rural areas,Male,77.6
2015,per 100000 population,Kyzylorda,Population of rural areas,Male,10.99
2015,per 100000 population,Mangistau,Population of rural areas,Male,15.16
2015,per 100000 population,Ontustik Kazakhstan,Population of rural areas,Male,22.3
2015,per 100000 population,Pavlodar,Population of rural areas,Male,14.28
2015,per 100000 population,Soltustik Kazakhstan,Population of rural areas,Male,32.38
2015,per 100000 population,Shygys Kazakhstan,Population of rural areas,Male,66.13
2015,per 100000 population,,,Female,5.9
2015,per 100000 population,Akmola,,Female,12.02
2015,per 100000 population,Aktobe,,Female,4.67
2015,per 100000 population,Almaty,,Female,7.84
2015,per 100000 population,Atyrau,,Female,6.69
2015,per 100000 population,Batys Kazakhstan,,Female,5.19
2015,per 100000 population,Zhambyl,,Female,4.09
2015,per 100000 population,Karagandy,,Female,8.24
2015,per 100000 population,Kostanay,,Female,12.89
2015,per 100000 population,Kyzylorda,,Female,2.11
2015,per 100000 population,Mangistau,,Female,2.58
2015,per 100000 population,Ontustik Kazakhstan,,Female,5.01
2015,per 100000 population,Pavlodar,,Female,2.75
2015,per 100000 population,Soltustik Kazakhstan,,Female,7.03
2015,per 100000 population,Shygys Kazakhstan,,Female,8.48
2015,per 100000 population,Nur-Sultan city,,Female,4.03
2015,per 100000 population,Almaty city,,Female,1.43
2015,per 100000 population,,Population of urban areas,Female,4.96
2015,per 100000 population,Akmola,Population of urban areas,Female,11.32
2015,per 100000 population,Aktobe,Population of urban areas,Female,5.52
2015,per 100000 population,Almaty,Population of urban areas,Female,7.35
2015,per 100000 population,Atyrau,Population of urban areas,Female,4.81
2015,per 100000 population,Batys Kazakhstan,Population of urban areas,Female,5.32
2015,per 100000 population,Zhambyl,Population of urban areas,Female,4.68
2015,per 100000 population,Karagandy,Population of urban areas,Female,8.21
2015,per 100000 population,Kostanay,Population of urban areas,Female,9.15
2015,per 100000 population,Kyzylorda,Population of urban areas,Female,2.38
2015,per 100000 population,Mangistau,Population of urban areas,Female,2.23
2015,per 100000 population,Ontustik Kazakhstan,Population of urban areas,Female,3.08
2015,per 100000 population,Pavlodar,Population of urban areas,Female,2.44
2015,per 100000 population,Soltustik Kazakhstan,Population of urban areas,Female,5.94
2015,per 100000 population,Shygys Kazakhstan,Population of urban areas,Female,8.03
2015,per 100000 population,Nur-Sultan city,Population of urban areas,Female,4.03
2015,per 100000 population,Almaty city,Population of urban areas,Female,1.43
2015,per 100000 population,,Population of rural areas,Female,7.21
2015,per 100000 population,Akmola,Population of rural areas,Female,12.68
2015,per 100000 population,Aktobe,Population of rural areas,Female,3.19
2015,per 100000 population,Almaty,Population of rural areas,Female,8.0
2015,per 100000 population,Atyrau,Population of rural areas,Female,8.46
2015,per 100000 population,Batys Kazakhstan,Population of rural areas,Female,5.05
2015,per 100000 population,Zhambyl,Population of rural areas,Female,3.66
2015,per 100000 population,Karagandy,Population of rural areas,Female,8.38
2015,per 100000 population,Kostanay,Population of rural areas,Female,17.29
2015,per 100000 population,Kyzylorda,Population of rural areas,Female,1.89
2015,per 100000 population,Mangistau,Population of rural areas,Female,2.85
2015,per 100000 population,Ontustik Kazakhstan,Population of rural areas,Female,6.65
2015,per 100000 population,Pavlodar,Population of rural areas,Female,3.54
2015,per 100000 population,Soltustik Kazakhstan,Population of rural areas,Female,7.92
2015,per 100000 population,Shygys Kazakhstan,Population of rural areas,Female,9.2
2016,per 100000 population,,,,14.47
2016,per 100000 population,Akmola,,,27.18
2016,per 100000 population,Aktobe,,,17.73
2016,per 100000 population,Almaty,,,16.54
2016,per 100000 population,Atyrau,,,13.98
2016,per 100000 population,Batys Kazakhstan,,,17.52
2016,per 100000 population,Zhambyl,,,10.33
2016,per 100000 population,Karagandy,,,21.82
2016,per 100000 population,Kostanay,,,31.99
2016,per 100000 population,Kyzylorda,,,7.28
2016,per 100000 population,Mangistau,,,11.18
2016,per 100000 population,Ontustik Kazakhstan,,,8.71
2016,per 100000 population,Pavlodar,,,4.49
2016,per 100000 population,Soltustik Kazakhstan,,,17.48
2016,per 100000 population,Shygys Kazakhstan,,,22.69
2016,per 100000 population,Nur-Sultan city,,,10.51
2016,per 100000 population,Almaty city,,,4.75
2016,per 100000 population,,Population of urban areas,,11.95
2016,per 100000 population,Akmola,Population of urban areas,,26.0
2016,per 100000 population,Aktobe,Population of urban areas,,15.95
2016,per 100000 population,Almaty,Population of urban areas,,16.92
2016,per 100000 population,Atyrau,Population of urban areas,,13.56
2016,per 100000 population,Batys Kazakhstan,Population of urban areas,,14.33
2016,per 100000 population,Zhambyl,Population of urban areas,,10.47
2016,per 100000 population,Karagandy,Population of urban areas,,19.22
2016,per 100000 population,Kostanay,Population of urban areas,,23.5
2016,per 100000 population,Kyzylorda,Population of urban areas,,9.19
2016,per 100000 population,Mangistau,Population of urban areas,,10.07
2016,per 100000 population,Ontustik Kazakhstan,Population of urban areas,,5.66
2016,per 100000 population,Pavlodar,Population of urban areas,,4.12
2016,per 100000 population,Soltustik Kazakhstan,Population of urban areas,,12.44
2016,per 100000 population,Shygys Kazakhstan,Population of urban areas,,16.84
2016,per 100000 population,Nur-Sultan city,Population of urban areas,,10.51
2016,per 100000 population,Almaty city,Population of urban areas,,4.75
2016,per 100000 population,,Population of rural areas,,17.81
2016,per 100000 population,Akmola,Population of rural areas,,28.25
2016,per 100000 population,Aktobe,Population of rural areas,,20.72
2016,per 100000 population,Almaty,Population of rural areas,,16.41
2016,per 100000 population,Atyrau,Population of rural areas,,14.36
2016,per 100000 population,Batys Kazakhstan,Population of rural areas,,20.73
2016,per 100000 population,Zhambyl,Population of rural areas,,10.24
2016,per 100000 population,Karagandy,Population of rural areas,,31.8
2016,per 100000 population,Kostanay,Population of rural areas,,41.6
2016,per 100000 population,Kyzylorda,Population of rural areas,,5.79
2016,per 100000 population,Mangistau,Population of rural areas,,12.11
2016,per 100000 population,Ontustik Kazakhstan,Population of rural areas,,11.21
2016,per 100000 population,Pavlodar,Population of rural areas,,5.38
2016,per 100000 population,Soltustik Kazakhstan,Population of rural areas,,21.43
2016,per 100000 population,Shygys Kazakhstan,Population of rural areas,,31.49
2016,per 100000 population,,,Male,24.59
2016,per 100000 population,Akmola,,Male,48.39
2016,per 100000 population,Aktobe,,Male,31.01
2016,per 100000 population,Almaty,,Male,26.23
2016,per 100000 population,Atyrau,,Male,23.68
2016,per 100000 population,Batys Kazakhstan,,Male,32.04
2016,per 100000 population,Zhambyl,,Male,16.46
2016,per 100000 population,Karagandy,,Male,38.91
2016,per 100000 population,Kostanay,,Male,57.28
2016,per 100000 population,Kyzylorda,,Male,12.48
2016,per 100000 population,Mangistau,,Male,16.14
2016,per 100000 population,Ontustik Kazakhstan,,Male,13.36
2016,per 100000 population,Pavlodar,,Male,8.94
2016,per 100000 population,Soltustik Kazakhstan,,Male,29.22
2016,per 100000 population,Shygys Kazakhstan,,Male,39.94
2016,per 100000 population,Nur-Sultan city,,Male,18.44
2016,per 100000 population,Almaty city,,Male,7.98
2016,per 100000 population,,Population of urban areas,Male,20.57
2016,per 100000 population,Akmola,Population of urban areas,Male,46.87
2016,per 100000 population,Aktobe,Population of urban areas,Male,26.85
2016,per 100000 population,Almaty,Population of urban areas,Male,27.9
2016,per 100000 population,Atyrau,Population of urban areas,Male,23.22
2016,per 100000 population,Batys Kazakhstan,Population of urban areas,Male,28.28
2016,per 100000 population,Zhambyl,Population of urban areas,Male,15.5
2016,per 100000 population,Karagandy,Population of urban areas,Male,34.06
2016,per 100000 population,Kostanay,Population of urban areas,Male,41.94
2016,per 100000 population,Kyzylorda,Population of urban areas,Male,16.37
2016,per 100000 population,Mangistau,Population of urban areas,Male,14.73
2016,per 100000 population,Ontustik Kazakhstan,Population of urban areas,Male,8.76
2016,per 100000 population,Pavlodar,Population of urban areas,Male,8.11
2016,per 100000 population,Soltustik Kazakhstan,Population of urban areas,Male,23.01
2016,per 100000 population,Shygys Kazakhstan,Population of urban areas,Male,28.75
2016,per 100000 population,Nur-Sultan city,Population of urban areas,Male,18.44
2016,per 100000 population,Almaty city,Population of urban areas,Male,7.98
2016,per 100000 population,,Population of rural areas,Male,29.62
2016,per 100000 population,Akmola,Population of rural areas,Male,49.68
2016,per 100000 population,Aktobe,Population of rural areas,Male,37.64
2016,per 100000 population,Almaty,Population of rural areas,Male,25.72
2016,per 100000 population,Atyrau,Population of rural areas,Male,24.09
2016,per 100000 population,Batys Kazakhstan,Population of rural areas,Male,35.52
2016,per 100000 population,Zhambyl,Population of rural areas,Male,17.08
2016,per 100000 population,Karagandy,Population of rural areas,Male,56.05
2016,per 100000 population,Kostanay,Population of rural areas,Male,73.52
2016,per 100000 population,Kyzylorda,Population of rural areas,Male,9.56
2016,per 100000 population,Mangistau,Population of rural areas,Male,17.29
2016,per 100000 population,Ontustik Kazakhstan,Population of rural areas,Male,17.0
2016,per 100000 population,Pavlodar,Population of rural areas,Male,10.77
2016,per 100000 population,Soltustik Kazakhstan,Population of rural areas,Male,33.69
2016,per 100000 population,Shygys Kazakhstan,Population of rural areas,Male,55.51
2016,per 100000 population,,,Female,4.98
2016,per 100000 population,Akmola,,Female,7.33
2016,per 100000 population,Aktobe,,Female,5.3
2016,per 100000 population,Almaty,,Female,7.12
2016,per 100000 population,Atyrau,,Female,4.58
2016,per 100000 population,Batys Kazakhstan,,Female,3.94
2016,per 100000 population,Zhambyl,,Female,4.41
2016,per 100000 population,Karagandy,,Female,6.45
2016,per 100000 population,Kostanay,,Female,9.26
2016,per 100000 population,Kyzylorda,,Female,2.08
2016,per 100000 population,Mangistau,,Female,6.27
2016,per 100000 population,Ontustik Kazakhstan,,Female,4.1
2016,per 100000 population,Pavlodar,,Female,0.5
2016,per 100000 population,Soltustik Kazakhstan,,Female,6.75
2016,per 100000 population,Shygys Kazakhstan,,Female,6.99
2016,per 100000 population,Nur-Sultan city,,Female,3.14
2016,per 100000 population,Almaty city,,Female,2.03
2016,per 100000 population,,Population of urban areas,Female,4.29
2016,per 100000 population,Akmola,Population of urban areas,Female,7.54
2016,per 100000 population,Aktobe,Population of urban areas,Female,6.14
2016,per 100000 population,Almaty,Population of urban areas,Female,6.88
2016,per 100000 population,Atyrau,Population of urban areas,Female,4.67
2016,per 100000 population,Batys Kazakhstan,Population of urban areas,Female,2.32
2016,per 100000 population,Zhambyl,Population of urban areas,Female,5.93
2016,per 100000 population,Karagandy,Population of urban areas,Female,6.31
2016,per 100000 population,Kostanay,Population of urban areas,Female,7.89
2016,per 100000 population,Kyzylorda,Population of urban areas,Female,2.32
2016,per 100000 population,Mangistau,Population of urban areas,Female,5.5
2016,per 100000 population,Ontustik Kazakhstan,Population of urban areas,Female,2.72
2016,per 100000 population,Pavlodar,Population of urban areas,Female,0.69
2016,per 100000 population,Soltustik Kazakhstan,Population of urban areas,Female,3.67
2016,per 100000 population,Shygys Kazakhstan,Population of urban areas,Female,6.65
2016,per 100000 population,Nur-Sultan city,Population of urban areas,Female,3.14
2016,per 100000 population,Almaty city,Population of urban areas,Female,2.03
2016,per 100000 population,,Population of rural areas,Female,5.96
2016,per 100000 population,Akmola,Population of rural areas,Female,7.14
2016,per 100000 population,Aktobe,Population of rural areas,Female,3.82
2016,per 100000 population,Almaty,Population of rural areas,Female,7.2
2016,per 100000 population,Atyrau,Population of rural areas,Female,4.5
2016,per 100000 population,Batys Kazakhstan,Population of rural areas,Female,5.7
2016,per 100000 population,Zhambyl,Population of rural areas,Female,3.33
2016,per 100000 population,Karagandy,Population of rural areas,Female,7.06
2016,per 100000 population,Kostanay,Population of rural areas,Female,10.91
2016,per 100000 population,Kyzylorda,Population of rural areas,Female,1.89
2016,per 100000 population,Mangistau,Population of rural areas,Female,6.92
2016,per 100000 population,Ontustik Kazakhstan,Population of rural areas,Female,5.29
2016,per 100000 population,Pavlodar,Population of rural areas,Female,0.0
2016,per 100000 population,Soltustik Kazakhstan,Population of rural areas,Female,9.37
2016,per 100000 population,Shygys Kazakhstan,Population of rural areas,Female,7.55
2017,per 100000 population,,,,14.77
2017,per 100000 population,Akmola,,,34.34
2017,per 100000 population,Aktobe,,,14.911791469750783
2017,per 100000 population,Almaty,,,18.9
2017,per 100000 population,Atyrau,,,13.02847780965231
2017,per 100000 population,Batys Kazakhstan,,,15.834317156715496
2017,per 100000 population,Zhambyl,,,9.5
2017,per 100000 population,Karagandy,,,22.149724901864413
2017,per 100000 population,Kostanay,,,28.611618368886973
2017,per 100000 population,Kyzylorda,,,5.269103391374864
2017,per 100000 population,Mangistau,,,9.52
2017,per 100000 population,Ontustik Kazakhstan,,,11.262434528488878
2017,per 100000 population,Pavlodar,,,9.657662329758896
2017,per 100000 population,Soltustik Kazakhstan,,,11.589179628718345
2017,per 100000 population,Shygys Kazakhstan,,,21.996844714897453
2017,per 100000 population,Nur-Sultan city,,,9.98
2017,per 100000 population,Almaty city,,,5.009821219745112
2017,per 100000 population,,Population of urban areas,,12.35
2017,per 100000 population,Akmola,Population of urban areas,,28.39
2017,per 100000 population,Aktobe,Population of urban areas,,12.441876012063048
2017,per 100000 population,Almaty,Population of urban areas,,20.44
2017,per 100000 population,Atyrau,Population of urban areas,,10.531572635577012
2017,per 100000 population,Batys Kazakhstan,Population of urban areas,,9.122159397572592
2017,per 100000 population,Zhambyl,Population of urban areas,,10.52519608776222
2017,per 100000 population,Karagandy,Population of urban areas,,21.38883630167907
2017,per 100000 population,Kostanay,Population of urban areas,,21.243690623884707
2017,per 100000 population,Kyzylorda,Population of urban areas,,6.1135905117075255
2017,per 100000 population,Mangistau,Population of urban areas,,10.69
2017,per 100000 population,Ontustik Kazakhstan,Population of urban areas,,9.462055642942897
2017,per 100000 population,Pavlodar,Population of urban areas,,8.238990648745615
2017,per 100000 population,Soltustik Kazakhstan,Population of urban areas,,9.198252332056908
2017,per 100000 population,Shygys Kazakhstan,Population of urban areas,,16.74654929037982
2017,per 100000 population,Nur-Sultan city,Population of urban areas,,9.98
2017,per 100000 population,Almaty city,Population of urban areas,,5.009821219745112
2017,per 100000 population,,Population of rural areas,,18.02
2017,per 100000 population,Akmola,Population of rural areas,,39.69
2017,per 100000 population,Aktobe,Population of rural areas,,19.158862091317523
2017,per 100000 population,Almaty,Population of rural areas,,18.4229678225228
2017,per 100000 population,Atyrau,Population of rural areas,,15.32
2017,per 100000 population,Batys Kazakhstan,Population of rural areas,,22.83
2017,per 100000 population,Zhambyl,Population of rural areas,,8.807593638528893
2017,per 100000 population,Karagandy,Population of rural areas,,25.1
2017,per 100000 population,Kostanay,Population of rural areas,,37.142899310765536
2017,per 100000 population,Kyzylorda,Population of rural areas,,4.601678692386982
2017,per 100000 population,Mangistau,Population of rural areas,,8.68
2017,per 100000 population,Ontustik Kazakhstan,Population of rural areas,,12.7654881867098
2017,per 100000 population,Pavlodar,Population of rural areas,,13.073044509208604
2017,per 100000 population,Soltustik Kazakhstan,Population of rural areas,,13.512622236950264
2017,per 100000 population,Shygys Kazakhstan,Population of rural areas,,30.11395561496737
2017,per 100000 population,,,Male,24.81
2017,per 100000 population,Akmola,,Male,61.95
2017,per 100000 population,Aktobe,,Male,24.75139408587278
2017,per 100000 population,Almaty,,Male,31.17038206488601
2017,per 100000 population,Atyrau,,Male,21.83
2017,per 100000 population,Batys Kazakhstan,,Male,28.22
2017,per 100000 population,Zhambyl,,Male,14.940152845051484
2017,per 100000 population,Karagandy,,Male,36.8
2017,per 100000 population,Kostanay,,Male,51.46
2017,per 100000 population,Kyzylorda,,Male,9.49616431957416
2017,per 100000 population,Mangistau,,Male,14.17
2017,per 100000 population,Ontustik Kazakhstan,,Male,16.958684836686135
2017,per 100000 population,Pavlodar,,Male,16.788288489949412
2017,per 100000 population,Soltustik Kazakhstan,,Male,20.529627051329665
2017,per 100000 population,Shygys Kazakhstan,,Male,36.462501872296514
2017,per 100000 population,Nur-Sultan city,,Male,17.41
2017,per 100000 population,Almaty city,,Male,9.365690149697
2017,per 100000 population,,Population of urban areas,Male,21.03
2017,per 100000 population,Akmola,Population of urban areas,Male,53.07418489947933
2017,per 100000 population,Aktobe,Population of urban areas,Male,21.144794856332865
2017,per 100000 population,Almaty,Population of urban areas,Male,35.17
2017,per 100000 population,Atyrau,Population of urban areas,Male,16.994218425273235
2017,per 100000 population,Batys Kazakhstan,Population of urban areas,Male,16.388552923553956
2017,per 100000 population,Zhambyl,Population of urban areas,Male,16.52
2017,per 100000 population,Karagandy,Population of urban areas,Male,36.34274727722482
2017,per 100000 population,Kostanay,Population of urban areas,Male,39.814630487821816
2017,per 100000 population,Kyzylorda,Population of urban areas,Male,10.70829416873892
2017,per 100000 population,Mangistau,Population of urban areas,Male,15.43
2017,per 100000 population,Ontustik Kazakhstan,Population of urban areas,Male,13.82480247230962
2017,per 100000 population,Pavlodar,Population of urban areas,Male,15.01300450795892
2017,per 100000 population,Soltustik Kazakhstan,Population of urban areas,Male,17.617109736976552
2017,per 100000 population,Shygys Kazakhstan,Population of urban areas,Male,26.49
2017,per 100000 population,Nur-Sultan city,Population of urban areas,Male,17.41
2017,per 100000 population,Almaty city,Population of urban areas,Male,9.365690149697
2017,per 100000 population,,Population of rural areas,Male,29.57
2017,per 100000 population,Akmola,Population of rural areas,Male,69.5
2017,per 100000 population,Aktobe,Population of rural areas,Male,30.62865310497971
2017,per 100000 population,Almaty,Population of rural areas,Male,29.99
2017,per 100000 population,Atyrau,Population of rural areas,Male,26.08420228919928
2017,per 100000 population,Batys Kazakhstan,Population of rural areas,Male,36.56
2017,per 100000 population,Zhambyl,Population of rural areas,Male,13.95076862798643
2017,per 100000 population,Karagandy,Population of rural areas,Male,38.46
2017,per 100000 population,Kostanay,Population of rural areas,Male,64.06
2017,per 100000 population,Kyzylorda,Population of rural areas,Male,8.57644546960553
2017,per 100000 population,Mangistau,Population of rural areas,Male,13.27
2017,per 100000 population,Ontustik Kazakhstan,Population of rural areas,Male,19.47767371650246
2017,per 100000 population,Pavlodar,Population of rural areas,Male,20.732114044655173
2017,per 100000 population,Soltustik Kazakhstan,Population of rural areas,Male,22.671403910493297
2017,per 100000 population,Shygys Kazakhstan,Population of rural areas,Male,50.69121884831755
2017,per 100000 population,,,Female,5.36
2017,per 100000 population,Akmola,,Female,8.42
2017,per 100000 population,Aktobe,,Female,5.687285731510065
2017,per 100000 population,Almaty,,Female,6.92
2017,per 100000 population,Atyrau,,Female,4.49008653038185
2017,per 100000 population,Batys Kazakhstan,,Female,4.211685320922901
2017,per 100000 population,Zhambyl,,Female,4.228571931972849
2017,per 100000 population,Karagandy,,Female,8.944143821832656
2017,per 100000 population,Kostanay,,Female,8.017890731318316
2017,per 100000 population,Kyzylorda,,Female,1.029627532240212
2017,per 100000 population,Mangistau,,Female,4.89
2017,per 100000 population,Ontustik Kazakhstan,,Female,5.621174002755747
2017,per 100000 population,Pavlodar,,Female,3.262360267463352
2017,per 100000 population,Soltustik Kazakhstan,,Female,3.41340615266459
2017,per 100000 population,Shygys Kazakhstan,,Female,8.820171180228485
2017,per 100000 population,Nur-Sultan city,,Female,3.0785008085874783
2017,per 100000 population,Almaty city,,Female,1.347097212752244
2017,per 100000 population,,Population of urban areas,Female,4.625748598791271
2017,per 100000 population,Akmola,Population of urban areas,Female,6.496213249026921
2017,per 100000 population,Aktobe,Population of urban areas,Female,4.591660132381094
2017,per 100000 population,Almaty,Population of urban areas,Female,6.94
2017,per 100000 population,Atyrau,Population of urban areas,Female,4.571324084020937
2017,per 100000 population,Batys Kazakhstan,Population of urban areas,Female,2.835688845534357
2017,per 100000 population,Zhambyl,Population of urban areas,Female,5.115307557866917
2017,per 100000 population,Karagandy,Population of urban areas,Female,8.348809868634032
2017,per 100000 population,Kostanay,Population of urban areas,Female,5.496080117145023
2017,per 100000 population,Kyzylorda,Population of urban areas,Female,1.7103470294122678
2017,per 100000 population,Mangistau,Population of urban areas,Female,5.91
2017,per 100000 population,Ontustik Kazakhstan,Population of urban areas,Female,5.31
2017,per 100000 population,Pavlodar,Population of urban areas,Female,2.433995264140643
2017,per 100000 population,Soltustik Kazakhstan,Population of urban areas,Female,2.1974560783466344
2017,per 100000 population,Shygys Kazakhstan,Population of urban areas,Female,8.383931092911606
2017,per 100000 population,Nur-Sultan city,Population of urban areas,Female,3.0785008085874783
2017,per 100000 population,Almaty city,Population of urban areas,Female,1.347097212752244
2017,per 100000 population,,Population of rural areas,Female,6.41
2017,per 100000 population,Akmola,Population of rural areas,Female,10.25159989030788
2017,per 100000 population,Aktobe,Population of rural areas,Female,7.669937042600109
2017,per 100000 population,Almaty,Population of rural areas,Female,6.90744994542463
2017,per 100000 population,Atyrau,Population of rural areas,Female,4.411685925776535
2017,per 100000 population,Batys Kazakhstan,Population of rural areas,Female,5.766107461022715
2017,per 100000 population,Zhambyl,Population of rural areas,Female,3.603847106786495
2017,per 100000 population,Karagandy,Population of rural areas,Female,11.443079618802413
2017,per 100000 population,Kostanay,Population of rural areas,Female,11.12
2017,per 100000 population,Kyzylorda,Population of rural areas,Female,0.4692918854740083
2017,per 100000 population,Mangistau,Population of rural areas,Female,4.17
2017,per 100000 population,Ontustik Kazakhstan,Population of rural areas,Female,5.886308510386455
2017,per 100000 population,Pavlodar,Population of rural areas,Female,5.410694237159746
2017,per 100000 population,Soltustik Kazakhstan,Population of rural areas,Female,4.474530334119573
2017,per 100000 population,Shygys Kazakhstan,Population of rural areas,Female,9.54613629312513
2018,per 100000 population,,,,13.65
2018,per 100000 population,Akmola,,,25.58
2018,per 100000 population,Aktobe,,,14.94
2018,per 100000 population,Almaty,,,15.19
2018,per 100000 population,Atyrau,,,10.68
2018,per 100000 population,Batys Kazakhstan,,,21.24
2018,per 100000 population,Zhambyl,,,8.83
2018,per 100000 population,Karagandy,,,20.01
2018,per 100000 population,Kostanay,,,25.85
2018,per 100000 population,Kyzylorda,,,4.44
2018,per 100000 population,Mangistau,,,9.56
2018,per 100000 population,Pavlodar,,,7.82
2018,per 100000 population,Soltustik Kazakhstan,,,15.09
2018,per 100000 population,Turkistan,,,1.97
2018,per 100000 population,Shygys Kazakhstan,,,19.84
2018,per 100000 population,Nur-Sultan city,,,11.19
2018,per 100000 population,Almaty city,,,7.6
2018,per 100000 population,Shymkent city,,,2.24
2018,per 100000 population,,Population of urban areas,,12.36
2018,per 100000 population,Akmola,Population of urban areas,,27.26
2018,per 100000 population,Aktobe,Population of urban areas,,13.32
2018,per 100000 population,Almaty,Population of urban areas,,15.84
2018,per 100000 population,Atyrau,Population of urban areas,,11.9
2018,per 100000 population,Batys Kazakhstan,Population of urban areas,,16.95
2018,per 100000 population,Zhambyl,Population of urban areas,,10.1
2018,per 100000 population,Karagandy,Population of urban areas,,18.67
2018,per 100000 population,Kostanay,Population of urban areas,,19.82
2018,per 100000 population,Kyzylorda,Population of urban areas,,6.59
2018,per 100000 population,Mangistau,Population of urban areas,,10.36
2018,per 100000 population,Pavlodar,Population of urban areas,,7.32
2018,per 100000 population,Soltustik Kazakhstan,Population of urban areas,,5.55
2018,per 100000 population,Turkistan,Population of urban areas,,4.37
2018,per 100000 population,Shygys Kazakhstan,Population of urban areas,,15.34
2018,per 100000 population,Nur-Sultan city,Population of urban areas,,11.19
2018,per 100000 population,Almaty city,Population of urban areas,,7.6
2018,per 100000 population,Shymkent city,Population of urban areas,,2.24
2018,per 100000 population,,Population of rural areas,,15.42
2018,per 100000 population,Akmola,Population of rural areas,,24.08
2018,per 100000 population,Aktobe,Population of rural areas,,18.8
2018,per 100000 population,Almaty,Population of rural areas,,15.0
2018,per 100000 population,Atyrau,Population of rural areas,,9.35
2018,per 100000 population,Batys Kazakhstan,Population of rural areas,,25.85
2018,per 100000 population,Zhambyl,Population of rural areas,,7.99
2018,per 100000 population,Karagandy,Population of rural areas,,25.24
2018,per 100000 population,Kostanay,Population of rural areas,,33.0
2018,per 100000 population,Kyzylorda,Population of rural areas,,2.73
2018,per 100000 population,Mangistau,Population of rural areas,,9.02
2018,per 100000 population,Pavlodar,Population of rural areas,,9.03
2018,per 100000 population,Soltustik Kazakhstan,Population of rural areas,,23.0
2018,per 100000 population,Turkistan,Population of rural areas,,9.93
2018,per 100000 population,Shygys Kazakhstan,Population of rural areas,,26.98
2018,per 100000 population,,,Male,23.55
2018,per 100000 population,Akmola,,Male,46.6
2018,per 100000 population,Aktobe,,Male,26.54
2018,per 100000 population,Almaty,,Male,25.89
2018,per 100000 population,Atyrau,,Male,19.09
2018,per 100000 population,Batys Kazakhstan,,Male,39.39
2018,per 100000 population,Zhambyl,,Male,15.22
2018,per 100000 population,Karagandy,,Male,35.3
2018,per 100000 population,Kostanay,,Male,44.6
2018,per 100000 population,Kyzylorda,,Male,7.08
2018,per 100000 population,Mangistau,,Male,14.7
2018,per 100000 population,Pavlodar,,Male,13.73
2018,per 100000 population,Soltustik Kazakhstan,,Male,28.56
2018,per 100000 population,Turkistan,,Male,16.55
2018,per 100000 population,Shygys Kazakhstan,,Male,35.22
2018,per 100000 population,Nur-Sultan city,,Male,19.34
2018,per 100000 population,Almaty city,,Male,12.58
2018,per 100000 population,Shymkent city,,Male,12.94
2018,per 100000 population,,Population of urban areas,Male,21.49
2018,per 100000 population,Akmola,Population of urban areas,Male,51.8
2018,per 100000 population,Aktobe,Population of urban areas,Male,23.12
2018,per 100000 population,Almaty,Population of urban areas,Male,28.1
2018,per 100000 population,Atyrau,Population of urban areas,Male,20.89
2018,per 100000 population,Batys Kazakhstan,Population of urban areas,Male,31.97
2018,per 100000 population,Zhambyl,Population of urban areas,Male,17.01
2018,per 100000 population,Karagandy,Population of urban areas,Male,33.0
2018,per 100000 population,Kostanay,Population of urban areas,Male,34.43
2018,per 100000 population,Kyzylorda,Population of urban areas,Male,10.52
2018,per 100000 population,Mangistau,Population of urban areas,Male,17.75
2018,per 100000 population,Pavlodar,Population of urban areas,Male,13.01
2018,per 100000 population,Soltustik Kazakhstan,Population of urban areas,Male,12.21
2018,per 100000 population,Turkistan,Population of urban areas,Male,20.94
2018,per 100000 population,Shygys Kazakhstan,Population of urban areas,Male,26.55
2018,per 100000 population,Nur-Sultan city,Population of urban areas,Male,19.34
2018,per 100000 population,Almaty city,Population of urban areas,Male,12.58
2018,per 100000 population,Shymkent city,Population of urban areas,Male,12.94
2018,per 100000 population,,Population of rural areas,Male,26.23
2018,per 100000 population,Akmola,Population of rural areas,Male,42.21
2018,per 100000 population,Aktobe,Population of rural areas,Male,34.28
2018,per 100000 population,Almaty,Population of rural areas,Male,25.27
2018,per 100000 population,Atyrau,Population of rural areas,Male,17.2
2018,per 100000 population,Batys Kazakhstan,Population of rural areas,Male,46.72
2018,per 100000 population,Zhambyl,Population of rural areas,Male,14.11
2018,per 100000 population,Karagandy,Population of rural areas,Male,43.57
2018,per 100000 population,Kostanay,Population of rural areas,Male,55.85
2018,per 100000 population,Kyzylorda,Population of rural areas,Male,4.46
2018,per 100000 population,Mangistau,Population of rural areas,Male,12.61
2018,per 100000 population,Pavlodar,Population of rural areas,Male,15.31
2018,per 100000 population,Soltustik Kazakhstan,Population of rural areas,Male,40.95
2018,per 100000 population,Turkistan,Population of rural areas,Male,15.49
2018,per 100000 population,Shygys Kazakhstan,Population of rural areas,Male,47.93
2018,per 100000 population,,,Female,4.34
2018,per 100000 population,Akmola,,Female,5.78
2018,per 100000 population,Aktobe,,Female,4.04
2018,per 100000 population,Almaty,,Female,4.69
2018,per 100000 population,Atyrau,,Female,2.51
2018,per 100000 population,Batys Kazakhstan,,Female,4.18
2018,per 100000 population,Zhambyl,,Female,2.63
2018,per 100000 population,Karagandy,,Female,6.21
2018,per 100000 population,Kostanay,,Female,8.92
2018,per 100000 population,Kyzylorda,,Female,1.78
2018,per 100000 population,Mangistau,,Female,4.47
2018,per 100000 population,Pavlodar,,Female,2.52
2018,per 100000 population,Soltustik Kazakhstan,,Female,2.75
2018,per 100000 population,Turkistan,,Female,5.01
2018,per 100000 population,Shygys Kazakhstan,,Female,5.81
2018,per 100000 population,Nur-Sultan city,,Female,3.65
2018,per 100000 population,Almaty city,,Female,3.42
2018,per 100000 population,Shymkent city,,Female,2.55
2018,per 100000 population,,Population of urban areas,Female,4.23
2018,per 100000 population,Akmola,Population of urban areas,Female,5.42
2018,per 100000 population,Aktobe,Population of urban areas,Female,4.4
2018,per 100000 population,Almaty,Population of urban areas,Female,4.58
2018,per 100000 population,Atyrau,Population of urban areas,Female,3.53
2018,per 100000 population,Batys Kazakhstan,Population of urban areas,Female,3.89
2018,per 100000 population,Zhambyl,Population of urban areas,Female,3.85
2018,per 100000 population,Karagandy,Population of urban areas,Female,6.14
2018,per 100000 population,Kostanay,Population of urban areas,Female,7.41
2018,per 100000 population,Kyzylorda,Population of urban areas,Female,2.81
2018,per 100000 population,Mangistau,Population of urban areas,Female,2.96
2018,per 100000 population,Pavlodar,Population of urban areas,Female,2.44
2018,per 100000 population,Soltustik Kazakhstan,Population of urban areas,Female,0.0
2018,per 100000 population,Turkistan,Population of urban areas,Female,8.28
2018,per 100000 population,Shygys Kazakhstan,Population of urban areas,Female,5.71
2018,per 100000 population,Nur-Sultan city,Population of urban areas,Female,3.65
2018,per 100000 population,Almaty city,Population of urban areas,Female,3.42
2018,per 100000 population,Shymkent city,Population of urban areas,Female,2.55
2018,per 100000 population,,Population of rural areas,Female,4.5
2018,per 100000 population,Akmola,Population of rural areas,Female,6.12
2018,per 100000 population,Aktobe,Population of rural areas,Female,3.15
2018,per 100000 population,Almaty,Population of rural areas,Female,4.72
2018,per 100000 population,Atyrau,Population of rural areas,Female,1.35
2018,per 100000 population,Batys Kazakhstan,Population of rural areas,Female,4.52
2018,per 100000 population,Zhambyl,Population of rural areas,Female,1.79
2018,per 100000 population,Karagandy,Population of rural areas,Female,6.48
2018,per 100000 population,Kostanay,Population of rural areas,Female,10.84
2018,per 100000 population,Kyzylorda,Population of rural areas,Female,0.93
2018,per 100000 population,Mangistau,Population of rural areas,Female,5.48
2018,per 100000 population,Pavlodar,Population of rural areas,Female,2.71
2018,per 100000 population,Soltustik Kazakhstan,Population of rural areas,Female,5.23
2018,per 100000 population,Turkistan,Population of rural areas,Female,4.21
2018,per 100000 population,Shygys Kazakhstan,Population of rural areas,Female,6.0
2019,per 100000 population,,,,12.82
2019,per 100000 population,Akmola,,,23.86
2019,per 100000 population,Aktobe,,,11.65
2019,per 100000 population,Almaty,,,15.48
2019,per 100000 population,Atyrau,,,10.63
2019,per 100000 population,Batys Kazakhstan,,,21.08
2019,per 100000 population,Zhambyl,,,12.5
2019,per 100000 population,Karagandy,,,17.64
2019,per 100000 population,Kostanay,,,25.96
2019,per 100000 population,Kyzylorda,,,5.51
2019,per 100000 population,Mangistau,,,8.42
2019,per 100000 population,Pavlodar,,,9.69
2019,per 100000 population,Soltustik Kazakhstan,,,20.85
2019,per 100000 population,Turkistan,,,7.9
2019,per 100000 population,Shygys Kazakhstan,,,16.67
2019,per 100000 population,Nur-Sultan city,,,9.21
2019,per 100000 population,Almaty city,,,5.25
2019,per 100000 population,Shymkent city,,,8.21
2019,per 100000 population,,Population of urban areas,,11.05
2019,per 100000 population,Akmola,Population of urban areas,,18.96
2019,per 100000 population,Aktobe,Population of urban areas,,11.75
2019,per 100000 population,Almaty,Population of urban areas,,17.16
2019,per 100000 population,Atyrau,Population of urban areas,,10.57
2019,per 100000 population,Batys Kazakhstan,Population of urban areas,,14.33
2019,per 100000 population,Zhambyl,Population of urban areas,,15.19
2019,per 100000 population,Karagandy,Population of urban areas,,16.22
2019,per 100000 population,Kostanay,Population of urban areas,,18.33
2019,per 100000 population,Kyzylorda,Population of urban areas,,5.91
2019,per 100000 population,Mangistau,Population of urban areas,,6.94
2019,per 100000 population,Pavlodar,Population of urban areas,,9.97
2019,per 100000 population,Soltustik Kazakhstan,Population of urban areas,,10.29
2019,per 100000 population,Turkistan,Population of urban areas,,7.55
2019,per 100000 population,Shygys Kazakhstan,Population of urban areas,,14.48
2019,per 100000 population,Nur-Sultan city,Population of urban areas,,9.21
2019,per 100000 population,Almaty city,Population of urban areas,,5.25
2019,per 100000 population,Shymkent city,Population of urban areas,,8.21
2019,per 100000 population,,Population of rural areas,,15.31
2019,per 100000 population,Akmola,Population of rural areas,,28.24
2019,per 100000 population,Aktobe,Population of rural areas,,11.4
2019,per 100000 population,Almaty,Population of rural areas,,15.0
2019,per 100000 population,Atyrau,Population of rural areas,,10.71
2019,per 100000 population,Batys Kazakhstan,Population of rural areas,,28.46
2019,per 100000 population,Zhambyl,Population of rural areas,,10.73
2019,per 100000 population,Karagandy,Population of rural areas,,23.21
2019,per 100000 population,Kostanay,Population of rural areas,,36.33
2019,per 100000 population,Kyzylorda,Population of rural areas,,5.18
2019,per 100000 population,Mangistau,Population of rural areas,,9.41
2019,per 100000 population,Pavlodar,Population of rural areas,,9.02
2019,per 100000 population,Soltustik Kazakhstan,Population of rural areas,,29.78
2019,per 100000 population,Turkistan,Population of rural areas,,7.99
2019,per 100000 population,Shygys Kazakhstan,Population of rural areas,,20.21
2019,per 100000 population,,,Male,22.387731211272094
2019,per 100000 population,Akmola,,Male,40.77255616000715
2019,per 100000 population,Aktobe,,Male,20.97105405465905
2019,per 100000 population,Almaty,,Male,26.152601912495367
2019,per 100000 population,Atyrau,,Male,17.12456375966626
2019,per 100000 population,Batys Kazakhstan,,Male,36.53106084941015
2019,per 100000 population,Zhambyl,,Male,20.87440357240224
2019,per 100000 population,Karagandy,,Male,33.327931558493574
2019,per 100000 population,Kostanay,,Male,47.88953480637995
2019,per 100000 population,Kyzylorda,,Male,9.97987807083967
2019,per 100000 population,Mangistau,,Male,13.99106903426646
2019,per 100000 population,Pavlodar,,Male,17.66777020120225
2019,per 100000 population,Soltustik Kazakhstan,,Male,37.89565431584133
2019,per 100000 population,Turkistan,,Male,12.127737614917708
2019,per 100000 population,Shygys Kazakhstan,,Male,30.037058411405543
2019,per 100000 population,Nur-Sultan city,,Male,16.937031879257784
2019,per 100000 population,Almaty city,,Male,9.380710942078164
2019,per 100000 population,Shymkent city,,Male,13.197822156300791
2019,per 100000 population,,Population of urban areas,Male,19.866720896036043
2019,per 100000 population,Akmola,Population of urban areas,Male,32.298658996243
2019,per 100000 population,Aktobe,Population of urban areas,Male,21.60009450041344
2019,per 100000 population,Almaty,Population of urban areas,Male,26.70104041985084
2019,per 100000 population,Atyrau,Population of urban areas,Male,18.91571570861522
2019,per 100000 population,Batys Kazakhstan,Population of urban areas,Male,23.21153550580759
2019,per 100000 population,Zhambyl,Population of urban areas,Male,29.14629559984957
2019,per 100000 population,Karagandy,Population of urban areas,Male,31.422635422288018
2019,per 100000 population,Kostanay,Population of urban areas,Male,34.631135122031466
2019,per 100000 population,Kyzylorda,Population of urban areas,Male,11.472461789531952
2019,per 100000 population,Mangistau,Population of urban areas,Male,10.241741681328207
2019,per 100000 population,Pavlodar,Population of urban areas,Male,17.940181725886255
2019,per 100000 population,Soltustik Kazakhstan,Population of urban areas,Male,18.262378196459707
2019,per 100000 population,Turkistan,Population of urban areas,Male,13.984093094105454
2019,per 100000 population,Shygys Kazakhstan,Population of urban areas,Male,26.9762659758028
2019,per 100000 population,Nur-Sultan city,Population of urban areas,Male,16.937031879257784
2019,per 100000 population,Almaty city,Population of urban areas,Male,9.380710942078164
2019,per 100000 population,Shymkent city,Population of urban areas,Male,13.197822156300791
2019,per 100000 population,,Population of rural areas,Male,25.72815471093395
2019,per 100000 population,Akmola,Population of rural areas,Male,47.94049193130592
2019,per 100000 population,Aktobe,Population of rural areas,Male,19.5160792977334
2019,per 100000 population,Almaty,Population of rural areas,Male,26.002950769630814
2019,per 100000 population,Atyrau,Population of rural areas,Male,15.051482913146105
2019,per 100000 population,Batys Kazakhstan,Population of rural areas,Male,49.95747291071841
2019,per 100000 population,Zhambyl,Population of rural areas,Male,15.744151703648416
2019,per 100000 population,Karagandy,Population of rural areas,Male,40.21547025642654
2019,per 100000 population,Kostanay,Population of rural areas,Male,64.6768487027633
2019,per 100000 population,Kyzylorda,Population of rural areas,Male,8.830957805683603
2019,per 100000 population,Mangistau,Population of rural areas,Male,16.474424667059147
2019,per 100000 population,Pavlodar,Population of rural areas,Male,17.06760568441099
2019,per 100000 population,Soltustik Kazakhstan,Population of rural areas,Male,53.05859280552346
2019,per 100000 population,Turkistan,Population of rural areas,Male,11.67109861279779
2019,per 100000 population,Shygys Kazakhstan,Population of rural areas,Male,34.61148606887686
2019,per 100000 population,,,Female,3.815510427244925
2019,per 100000 population,Akmola,,Female,7.903534724179811
2019,per 100000 population,Aktobe,,Female,2.8808896187142587
2019,per 100000 population,Almaty,,Female,5.028789821729401
2019,per 100000 population,Atyrau,,Female,4.318335343415618
2019,per 100000 population,Batys Kazakhstan,,Female,6.527289261274038
2019,per 100000 population,Zhambyl,,Female,4.370132764633389
2019,per 100000 population,Karagandy,,Female,3.454942710139981
2019,per 100000 population,Kostanay,,Female,6.123959883688504
2019,per 100000 population,Kyzylorda,,Female,1.004705790747413
2019,per 100000 population,Mangistau,,Female,2.895013773028025
2019,per 100000 population,Pavlodar,,Female,2.522516613925049
2019,per 100000 population,Soltustik Kazakhstan,,Female,5.212794979035876
2019,per 100000 population,Turkistan,,Female,3.5504195074249414
2019,per 100000 population,Shygys Kazakhstan,,Female,4.455549282204049
2019,per 100000 population,Nur-Sultan city,,Female,2.083731268124121
2019,per 100000 population,Almaty city,,Female,1.7607958797376413
2019,per 100000 population,Shymkent city,,Female,3.5773931347942907
2019,per 100000 population,,Population of urban areas,Female,3.178824140724099
2019,per 100000 population,Akmola,Population of urban areas,Female,7.061398863114784
2019,per 100000 population,Aktobe,Population of urban areas,Female,2.7695759009968937
2019,per 100000 population,Almaty,Population of urban areas,Female,8.42953540615609
2019,per 100000 population,Atyrau,Population of urban areas,Female,2.765479077768037
2019,per 100000 population,Batys Kazakhstan,Population of urban areas,Female,6.578045772235165
2019,per 100000 population,Zhambyl,Population of urban areas,Female,2.554827666228797
2019,per 100000 population,Karagandy,Population of urban areas,Female,2.9043197485200785
2019,per 100000 population,Kostanay,Population of urban areas,Female,4.43043115479188
2019,per 100000 population,Kyzylorda,Population of urban areas,Female,0.5532916704705468
2019,per 100000 population,Mangistau,Population of urban areas,Female,3.645497264054303
2019,per 100000 population,Pavlodar,Population of urban areas,Female,3.145357452400257
2019,per 100000 population,Soltustik Kazakhstan,Population of urban areas,Female,3.629526927460275
2019,per 100000 population,Turkistan,Population of urban areas,Female,1.0139648306298497
2019,per 100000 population,Shygys Kazakhstan,Population of urban areas,Female,3.7239623835987934
2019,per 100000 population,Nur-Sultan city,Population of urban areas,Female,2.083731268124121
2019,per 100000 population,Almaty city,Population of urban areas,Female,1.7607958797376413
2019,per 100000 population,Shymkent city,Population of urban areas,Female,3.5773931347942907
2019,per 100000 population,,Population of rural areas,Female,4.771116812275298
2019,per 100000 population,Akmola,Population of rural areas,Female,8.696653067488585
2019,per 100000 population,Aktobe,Population of rural areas,Female,3.1673133264708206
2019,per 100000 population,Almaty,Population of rural areas,Female,4.0161398620706965
2019,per 100000 population,Atyrau,Population of rural areas,Female,6.276216278412954
2019,per 100000 population,Batys Kazakhstan,Population of rural areas,Female,6.467405891160026
2019,per 100000 population,Zhambyl,Population of rural areas,Female,5.634379202616724
2019,per 100000 population,Karagandy,Population of rural areas,Female,5.785948823282658
2019,per 100000 population,Kostanay,Population of rural areas,Female,8.58523393421028
2019,per 100000 population,Kyzylorda,Population of rural areas,Female,1.3800082800496802
2019,per 100000 population,Mangistau,Population of rural areas,Female,2.4007759307808287
2019,per 100000 population,Pavlodar,Population of rural areas,Female,0.9066717440284332
2019,per 100000 population,Soltustik Kazakhstan,Population of rural areas,Female,6.666911120074403
2019,per 100000 population,Turkistan,Population of rural areas,Female,4.1848777540141535
2019,per 100000 population,Shygys Kazakhstan,Population of rural areas,Female,5.731699162216639
