Year,UNIT_MEASURE,Regions,Area,Sex,Value
2010,per 100000 population,,,,20.71
2010,per 100000 population,Akmola,,,19.75
2010,per 100000 population,Aktobe,,,14.66
2010,per 100000 population,Almaty,,,24.64
2010,per 100000 population,Atyrau,,,3.8
2010,per 100000 population,Batys Kazakhstan,,,14.35
2010,per 100000 population,Zhambyl,,,31.43
2010,per 100000 population,Karagandy,,,20.3
2010,per 100000 population,Kostanay,,,11.67
2010,per 100000 population,Kyzylorda,,,20.72655200853243
2010,per 100000 population,Mangistau,,,21.8
2010,per 100000 population,Ontustik Kazakhstan,,,32.41
2010,per 100000 population,Pavlodar,,,16.23
2010,per 100000 population,Soltustik Kazakhstan,,,17.59
2010,per 100000 population,Shygys Kazakhstan,,,17.95
2010,per 100000 population,Nur-Sultan city,,,14.41
2010,per 100000 population,Almaty city,,,14.48
2010,per 100000 population,,urban,,18.58
2010,per 100000 population,Akmola,urban,,20.74
2010,per 100000 population,Aktobe,urban,,13.57
2010,per 100000 population,Almaty,urban,,26.43
2010,per 100000 population,Atyrau,urban,,4.79
2010,per 100000 population,Batys Kazakhstan,urban,,12.9
2010,per 100000 population,Zhambyl,urban,,30.6
2010,per 100000 population,Karagandy,urban,,19.58
2010,per 100000 population,Kostanay,urban,,10.17
2010,per 100000 population,Kyzylorda,urban,,17.4
2010,per 100000 population,Mangistau,urban,,23.11
2010,per 100000 population,Ontustik Kazakhstan,urban,,32.86
2010,per 100000 population,Pavlodar,urban,,13.32
2010,per 100000 population,Soltustik Kazakhstan,urban,,15.52
2010,per 100000 population,Shygys Kazakhstan,urban,,15.75
2010,per 100000 population,Nur-Sultan city,urban,,14.41
2010,per 100000 population,Almaty city,urban,,14.48
2010,per 100000 population,,rural,,23.27
2010,per 100000 population,Akmola,rural,,18.89
2010,per 100000 population,Aktobe,rural,,16.4
2010,per 100000 population,Almaty,rural,,24.09
2010,per 100000 population,Atyrau,rural,,2.9
2010,per 100000 population,Batys Kazakhstan,rural,,15.66
2010,per 100000 population,Zhambyl,rural,,31.99
2010,per 100000 population,Karagandy,rural,,22.85
2010,per 100000 population,Kostanay,rural,,13.17
2010,per 100000 population,Kyzylorda,rural,,23.15
2010,per 100000 population,Mangistau,rural,,20.33
2010,per 100000 population,Ontustik Kazakhstan,rural,,32.12
2010,per 100000 population,Pavlodar,rural,,22.56
2010,per 100000 population,Soltustik Kazakhstan,rural,,19.0
2010,per 100000 population,Shygys Kazakhstan,rural,,20.96
2010,per 100000 population,,,Male,31.46
2010,per 100000 population,Akmola,,Male,27.98
2010,per 100000 population,Aktobe,,Male,22.39
2010,per 100000 population,Almaty,,Male,37.81
2010,per 100000 population,Atyrau,,Male,1.94
2010,per 100000 population,Batys Kazakhstan,,Male,19.84
2010,per 100000 population,Zhambyl,,Male,46.75
2010,per 100000 population,Karagandy,,Male,31.07
2010,per 100000 population,Kostanay,,Male,19.7
2010,per 100000 population,Kyzylorda,,Male,29.76
2010,per 100000 population,Mangistau,,Male,36.55
2010,per 100000 population,Ontustik Kazakhstan,,Male,50.05
2010,per 100000 population,Pavlodar,,Male,22.25
2010,per 100000 population,Soltustik Kazakhstan,,Male,26.65
2010,per 100000 population,Shygys Kazakhstan,,Male,29.37
2010,per 100000 population,Nur-Sultan city,,Male,20.13
2010,per 100000 population,Almaty city,,Male,20.39
2010,per 100000 population,,urban,Male,27.39
2010,per 100000 population,Akmola,urban,Male,26.91
2010,per 100000 population,Aktobe,urban,Male,19.84
2010,per 100000 population,Almaty,urban,Male,38.76
2010,per 100000 population,Atyrau,urban,Male,2.51
2010,per 100000 population,Batys Kazakhstan,urban,Male,18.8
2010,per 100000 population,Zhambyl,urban,Male,42.89
2010,per 100000 population,Karagandy,urban,Male,30.31
2010,per 100000 population,Kostanay,urban,Male,16.35
2010,per 100000 population,Kyzylorda,urban,Male,27.38
2010,per 100000 population,Mangistau,urban,Male,36.27
2010,per 100000 population,Ontustik Kazakhstan,urban,Male,50.06
2010,per 100000 population,Pavlodar,urban,Male,17.9
2010,per 100000 population,Soltustik Kazakhstan,urban,Male,19.47
2010,per 100000 population,Shygys Kazakhstan,urban,Male,25.12
2010,per 100000 population,Nur-Sultan city,urban,Male,20.13
2010,per 100000 population,Almaty city,urban,Male,20.39
2010,per 100000 population,,rural,Male,36.05
2010,per 100000 population,Akmola,rural,Male,28.86
2010,per 100000 population,Aktobe,rural,Male,26.17
2010,per 100000 population,Almaty,rural,Male,37.53
2010,per 100000 population,Atyrau,rural,Male,1.45
2010,per 100000 population,Batys Kazakhstan,rural,Male,20.71
2010,per 100000 population,Zhambyl,rural,Male,49.22
2010,per 100000 population,Karagandy,rural,Male,33.55
2010,per 100000 population,Kostanay,rural,Male,22.85
2010,per 100000 population,Kyzylorda,rural,Male,31.42
2010,per 100000 population,Mangistau,rural,Male,36.86
2010,per 100000 population,Ontustik Kazakhstan,rural,Male,50.04
2010,per 100000 population,Pavlodar,rural,Male,31.04
2010,per 100000 population,Soltustik Kazakhstan,rural,Male,31.12
2010,per 100000 population,Shygys Kazakhstan,rural,Male,34.73
2010,per 100000 population,,,Female,10.72
2010,per 100000 population,Akmola,,Female,12.09
2010,per 100000 population,Aktobe,,Female,7.5
2010,per 100000 population,Almaty,,Female,11.96
2010,per 100000 population,Atyrau,,Female,5.58
2010,per 100000 population,Batys Kazakhstan,,Female,9.24
2010,per 100000 population,Zhambyl,,Female,16.87
2010,per 100000 population,Karagandy,,Female,10.67
2010,per 100000 population,Kostanay,,Female,4.5
2010,per 100000 population,Kyzylorda,,Female,11.76
2010,per 100000 population,Mangistau,,Female,7.33
2010,per 100000 population,Ontustik Kazakhstan,,Female,15.18
2010,per 100000 population,Pavlodar,,Female,10.89
2010,per 100000 population,Soltustik Kazakhstan,,Female,9.36
2010,per 100000 population,Shygys Kazakhstan,,Female,7.63
2010,per 100000 population,Nur-Sultan city,,Female,8.98
2010,per 100000 population,Almaty city,,Female,9.48
2010,per 100000 population,,urban,Female,10.82
2010,per 100000 population,Akmola,urban,Female,15.33
2010,per 100000 population,Aktobe,urban,Female,8.0
2010,per 100000 population,Almaty,urban,Female,15.31
2010,per 100000 population,Atyrau,urban,Female,6.86
2010,per 100000 population,Batys Kazakhstan,urban,Female,7.8
2010,per 100000 population,Zhambyl,urban,Female,19.7
2010,per 100000 population,Karagandy,urban,Female,10.29
2010,per 100000 population,Kostanay,urban,Female,4.99
2010,per 100000 population,Kyzylorda,urban,Female,7.96
2010,per 100000 population,Mangistau,urban,Female,10.69
2010,per 100000 population,Ontustik Kazakhstan,urban,Female,16.96
2010,per 100000 population,Pavlodar,urban,Female,9.43
2010,per 100000 population,Soltustik Kazakhstan,urban,Female,12.25
2010,per 100000 population,Shygys Kazakhstan,urban,Female,7.79
2010,per 100000 population,Nur-Sultan city,urban,Female,8.98
2010,per 100000 population,Almaty city,urban,Female,9.48
2010,per 100000 population,,rural,Female,10.58
2010,per 100000 population,Akmola,rural,Female,9.1
2010,per 100000 population,Aktobe,rural,Female,6.68
2010,per 100000 population,Almaty,rural,Female,10.89
2010,per 100000 population,Atyrau,rural,Female,4.36
2010,per 100000 population,Batys Kazakhstan,rural,Female,10.63
2010,per 100000 population,Zhambyl,rural,Female,14.84
2010,per 100000 population,Karagandy,rural,Female,12.11
2010,per 100000 population,Kostanay,rural,Female,3.99
2010,per 100000 population,Kyzylorda,rural,Female,14.65
2010,per 100000 population,Mangistau,rural,Female,3.36
2010,per 100000 population,Ontustik Kazakhstan,rural,Female,13.97
2010,per 100000 population,Pavlodar,rural,Female,14.28
2010,per 100000 population,Soltustik Kazakhstan,rural,Female,7.26
2010,per 100000 population,Shygys Kazakhstan,rural,Female,7.38
2011,per 100000 population,,,,19.33
2011,per 100000 population,Akmola,,,15.43
2011,per 100000 population,Aktobe,,,14.07
2011,per 100000 population,Almaty,,,26.71
2011,per 100000 population,Atyrau,,,20.65
2011,per 100000 population,Batys Kazakhstan,,,17.20020050519446
2011,per 100000 population,Zhambyl,,,30.35
2011,per 100000 population,Karagandy,,,16.38
2011,per 100000 population,Kostanay,,,11.36
2011,per 100000 population,Kyzylorda,,,18.54
2011,per 100000 population,Mangistau,,,16.45
2011,per 100000 population,Ontustik Kazakhstan,,,27.13
2011,per 100000 population,Pavlodar,,,16.47
2011,per 100000 population,Soltustik Kazakhstan,,,11.762780516744062
2011,per 100000 population,Shygys Kazakhstan,,,16.11091181316498
2011,per 100000 population,Nur-Sultan city,,,10.28
2011,per 100000 population,Almaty city,,,14.11
2011,per 100000 population,,urban,,17.11
2011,per 100000 population,Akmola,urban,,14.32
2011,per 100000 population,Aktobe,urban,,12.25
2011,per 100000 population,Almaty,urban,,26.72
2011,per 100000 population,Atyrau,urban,,21.37
2011,per 100000 population,Batys Kazakhstan,urban,,20.78
2011,per 100000 population,Zhambyl,urban,,29.59
2011,per 100000 population,Karagandy,urban,,16.23
2011,per 100000 population,Kostanay,urban,,10.34
2011,per 100000 population,Kyzylorda,urban,,14.39
2011,per 100000 population,Mangistau,urban,,20.08
2011,per 100000 population,Ontustik Kazakhstan,urban,,26.26
2011,per 100000 population,Pavlodar,urban,,13.45
2011,per 100000 population,Soltustik Kazakhstan,urban,,10.47
2011,per 100000 population,Shygys Kazakhstan,urban,,15.8
2011,per 100000 population,Nur-Sultan city,urban,,10.28
2011,per 100000 population,Almaty city,urban,,14.11
2011,per 100000 population,,rural,,22.01
2011,per 100000 population,Akmola,rural,,16.4
2011,per 100000 population,Aktobe,rural,,16.98
2011,per 100000 population,Almaty,rural,,26.7
2011,per 100000 population,Atyrau,rural,,19.99
2011,per 100000 population,Batys Kazakhstan,rural,,13.89
2011,per 100000 population,Zhambyl,rural,,30.86
2011,per 100000 population,Karagandy,rural,,16.92
2011,per 100000 population,Kostanay,rural,,12.39
2011,per 100000 population,Kyzylorda,rural,,21.58
2011,per 100000 population,Mangistau,rural,,12.49
2011,per 100000 population,Ontustik Kazakhstan,rural,,27.7
2011,per 100000 population,Pavlodar,rural,,23.13
2011,per 100000 population,Soltustik Kazakhstan,rural,,12.65
2011,per 100000 population,Shygys Kazakhstan,rural,,16.54
2011,per 100000 population,,,Male,28.78
2011,per 100000 population,Akmola,,Male,24.34
2011,per 100000 population,Aktobe,,Male,20.2
2011,per 100000 population,Almaty,,Male,38.67
2011,per 100000 population,Atyrau,,Male,29.24
2011,per 100000 population,Batys Kazakhstan,,Male,25.46
2011,per 100000 population,Zhambyl,,Male,45.79
2011,per 100000 population,Karagandy,,Male,26.1
2011,per 100000 population,Kostanay,,Male,18.05
2011,per 100000 population,Kyzylorda,,Male,26.94
2011,per 100000 population,Mangistau,,Male,22.61
2011,per 100000 population,Ontustik Kazakhstan,,Male,39.96
2011,per 100000 population,Pavlodar,,Male,26.76
2011,per 100000 population,Soltustik Kazakhstan,,Male,16.83
2011,per 100000 population,Shygys Kazakhstan,,Male,24.41
2011,per 100000 population,Nur-Sultan city,,Male,15.47
2011,per 100000 population,Almaty city,,Male,18.81
2011,per 100000 population,,urban,Male,25.11
2011,per 100000 population,Akmola,urban,Male,20.63
2011,per 100000 population,Aktobe,urban,Male,16.79
2011,per 100000 population,Almaty,urban,Male,38.62
2011,per 100000 population,Atyrau,urban,Male,30.12
2011,per 100000 population,Batys Kazakhstan,urban,Male,32.37
2011,per 100000 population,Zhambyl,urban,Male,46.71
2011,per 100000 population,Karagandy,urban,Male,25.83
2011,per 100000 population,Kostanay,urban,Male,15.26
2011,per 100000 population,Kyzylorda,urban,Male,19.24
2011,per 100000 population,Mangistau,urban,Male,28.01
2011,per 100000 population,Ontustik Kazakhstan,urban,Male,38.85
2011,per 100000 population,Pavlodar,urban,Male,20.76
2011,per 100000 population,Soltustik Kazakhstan,urban,Male,11.12
2011,per 100000 population,Shygys Kazakhstan,urban,Male,23.12
2011,per 100000 population,Nur-Sultan city,urban,Male,15.47
2011,per 100000 population,Almaty city,urban,Male,18.81
2011,per 100000 population,,rural,Male,32.95
2011,per 100000 population,Akmola,rural,Male,27.41
2011,per 100000 population,Aktobe,rural,Male,25.35
2011,per 100000 population,Almaty,rural,Male,38.69
2011,per 100000 population,Atyrau,rural,Male,28.46
2011,per 100000 population,Batys Kazakhstan,rural,Male,19.54
2011,per 100000 population,Zhambyl,rural,Male,45.2
2011,per 100000 population,Karagandy,rural,Male,26.98
2011,per 100000 population,Kostanay,rural,Male,20.72
2011,per 100000 population,Kyzylorda,rural,Male,32.36
2011,per 100000 population,Mangistau,rural,Male,16.96
2011,per 100000 population,Ontustik Kazakhstan,rural,Male,40.64
2011,per 100000 population,Pavlodar,rural,Male,39.02
2011,per 100000 population,Soltustik Kazakhstan,rural,Male,20.42
2011,per 100000 population,Shygys Kazakhstan,rural,Male,26.07
2011,per 100000 population,,,Female,10.53
2011,per 100000 population,Akmola,,Female,7.12
2011,per 100000 population,Aktobe,,Female,8.38
2011,per 100000 population,Almaty,,Female,15.17
2011,per 100000 population,Atyrau,,Female,12.4
2011,per 100000 population,Batys Kazakhstan,,Female,9.5
2011,per 100000 population,Zhambyl,,Female,15.62
2011,per 100000 population,Karagandy,,Female,7.69
2011,per 100000 population,Kostanay,,Female,5.38
2011,per 100000 population,Kyzylorda,,Female,10.17
2011,per 100000 population,Mangistau,,Female,10.38
2011,per 100000 population,Ontustik Kazakhstan,,Female,14.57
2011,per 100000 population,Pavlodar,,Female,7.33
2011,per 100000 population,Soltustik Kazakhstan,,Female,7.16
2011,per 100000 population,Shygys Kazakhstan,,Female,8.59
2011,per 100000 population,Nur-Sultan city,,Female,5.39
2011,per 100000 population,Almaty city,,Female,10.16
2011,per 100000 population,,urban,Female,10.08
2011,per 100000 population,Akmola,urban,Female,8.79
2011,per 100000 population,Aktobe,urban,Female,8.23
2011,per 100000 population,Almaty,urban,Female,15.96
2011,per 100000 population,Atyrau,urban,Female,13.37
2011,per 100000 population,Batys Kazakhstan,urban,Female,10.78
2011,per 100000 population,Zhambyl,urban,Female,14.33
2011,per 100000 population,Karagandy,urban,Female,7.92
2011,per 100000 population,Kostanay,urban,Female,6.21
2011,per 100000 population,Kyzylorda,urban,Female,9.78
2011,per 100000 population,Mangistau,urban,Female,12.57
2011,per 100000 population,Ontustik Kazakhstan,urban,Female,14.6
2011,per 100000 population,Pavlodar,urban,Female,7.21
2011,per 100000 population,Soltustik Kazakhstan,urban,Female,9.94
2011,per 100000 population,Shygys Kazakhstan,urban,Female,9.59
2011,per 100000 population,Nur-Sultan city,urban,Female,5.39
2011,per 100000 population,Almaty city,urban,Female,10.16
2011,per 100000 population,,rural,Female,11.11
2011,per 100000 population,Akmola,rural,Female,5.59
2011,per 100000 population,Aktobe,rural,Female,8.64
2011,per 100000 population,Almaty,rural,Female,14.92
2011,per 100000 population,Atyrau,rural,Female,11.47
2011,per 100000 population,Batys Kazakhstan,rural,Female,8.22
2011,per 100000 population,Zhambyl,rural,Female,16.54
2011,per 100000 population,Karagandy,rural,Female,6.79
2011,per 100000 population,Kostanay,rural,Female,4.48
2011,per 100000 population,Kyzylorda,rural,Female,10.46
2011,per 100000 population,Mangistau,rural,Female,7.91
2011,per 100000 population,Ontustik Kazakhstan,rural,Female,14.56
2011,per 100000 population,Pavlodar,rural,Female,7.62
2011,per 100000 population,Soltustik Kazakhstan,rural,Female,5.1
2011,per 100000 population,Shygys Kazakhstan,rural,Female,7.12
2012,per 100000 population,,,,19.11
2012,per 100000 population,Akmola,,,14.89
2012,per 100000 population,Aktobe,,,17.19
2012,per 100000 population,Almaty,,,26.61
2012,per 100000 population,Atyrau,,,20.4
2012,per 100000 population,Batys Kazakhstan,,,18.86
2012,per 100000 population,Zhambyl,,,27.76
2012,per 100000 population,Karagandy,,,21.32
2012,per 100000 population,Kostanay,,,11.93
2012,per 100000 population,Kyzylorda,,,19.17
2012,per 100000 population,Mangistau,,,16.34
2012,per 100000 population,Ontustik Kazakhstan,,,22.64
2012,per 100000 population,Pavlodar,,,14.97
2012,per 100000 population,Soltustik Kazakhstan,,,12.548647496458877
2012,per 100000 population,Shygys Kazakhstan,,,16.49
2012,per 100000 population,Nur-Sultan city,,,11.05
2012,per 100000 population,Almaty city,,,14.02
2012,per 100000 population,,urban,,16.57
2012,per 100000 population,Akmola,urban,,13.99
2012,per 100000 population,Aktobe,urban,,14.96
2012,per 100000 population,Almaty,urban,,27.66
2012,per 100000 population,Atyrau,urban,,23.45
2012,per 100000 population,Batys Kazakhstan,urban,,21.33
2012,per 100000 population,Zhambyl,urban,,25.65
2012,per 100000 population,Karagandy,urban,,18.11
2012,per 100000 population,Kostanay,urban,,7.58
2012,per 100000 population,Kyzylorda,urban,,19.28
2012,per 100000 population,Mangistau,urban,,15.45
2012,per 100000 population,Ontustik Kazakhstan,urban,,20.73
2012,per 100000 population,Pavlodar,urban,,14.91
2012,per 100000 population,Soltustik Kazakhstan,urban,,10.46
2012,per 100000 population,Shygys Kazakhstan,urban,,13.39
2012,per 100000 population,Nur-Sultan city,urban,,11.05
2012,per 100000 population,Almaty city,urban,,14.02
2012,per 100000 population,,rural,,22.19
2012,per 100000 population,Akmola,rural,,15.68
2012,per 100000 population,Aktobe,rural,,20.77
2012,per 100000 population,Almaty,rural,,26.29
2012,per 100000 population,Atyrau,rural,,17.56
2012,per 100000 population,Batys Kazakhstan,rural,,16.51
2012,per 100000 population,Zhambyl,rural,,29.16
2012,per 100000 population,Karagandy,rural,,32.93
2012,per 100000 population,Kostanay,rural,,16.47
2012,per 100000 population,Kyzylorda,rural,,19.09
2012,per 100000 population,Mangistau,rural,,17.28
2012,per 100000 population,Ontustik Kazakhstan,rural,,23.87
2012,per 100000 population,Pavlodar,rural,,15.1
2012,per 100000 population,Soltustik Kazakhstan,rural,,14.0
2012,per 100000 population,Shygys Kazakhstan,rural,,20.83
2012,per 100000 population,,,Male,29.25
2012,per 100000 population,Akmola,,Male,23.76
2012,per 100000 population,Aktobe,,Male,27.55
2012,per 100000 population,Almaty,,Male,39.08
2012,per 100000 population,Atyrau,,Male,28.6
2012,per 100000 population,Batys Kazakhstan,,Male,24.92
2012,per 100000 population,Zhambyl,,Male,42.51
2012,per 100000 population,Karagandy,,Male,32.37
2012,per 100000 population,Kostanay,,Male,20.46
2012,per 100000 population,Kyzylorda,,Male,30.6
2012,per 100000 population,Mangistau,,Male,23.16
2012,per 100000 population,Ontustik Kazakhstan,,Male,33.58
2012,per 100000 population,Pavlodar,,Male,24.42
2012,per 100000 population,Soltustik Kazakhstan,,Male,19.85
2012,per 100000 population,Shygys Kazakhstan,,Male,28.51
2012,per 100000 population,Nur-Sultan city,,Male,15.78
2012,per 100000 population,Almaty city,,Male,21.31
2012,per 100000 population,,urban,Male,25.41
2012,per 100000 population,Akmola,urban,Male,22.42
2012,per 100000 population,Aktobe,urban,Male,24.38
2012,per 100000 population,Almaty,urban,Male,42.69
2012,per 100000 population,Atyrau,urban,Male,35.66
2012,per 100000 population,Batys Kazakhstan,urban,Male,30.27
2012,per 100000 population,Zhambyl,urban,Male,38.87
2012,per 100000 population,Karagandy,urban,Male,27.3
2012,per 100000 population,Kostanay,urban,Male,13.65
2012,per 100000 population,Kyzylorda,urban,Male,29.49
2012,per 100000 population,Mangistau,urban,Male,22.35
2012,per 100000 population,Ontustik Kazakhstan,urban,Male,29.01
2012,per 100000 population,Pavlodar,urban,Male,24.42
2012,per 100000 population,Soltustik Kazakhstan,urban,Male,16.66
2012,per 100000 population,Shygys Kazakhstan,urban,Male,23.53
2012,per 100000 population,Nur-Sultan city,urban,Male,15.78
2012,per 100000 population,Almaty city,urban,Male,21.31
2012,per 100000 population,,rural,Male,33.61
2012,per 100000 population,Akmola,rural,Male,24.87
2012,per 100000 population,Aktobe,rural,Male,32.37
2012,per 100000 population,Almaty,rural,Male,38.03
2012,per 100000 population,Atyrau,rural,Male,22.38
2012,per 100000 population,Batys Kazakhstan,rural,Male,20.23
2012,per 100000 population,Zhambyl,rural,Male,44.8
2012,per 100000 population,Karagandy,rural,Male,49.33
2012,per 100000 population,Kostanay,rural,Male,27.11
2012,per 100000 population,Kyzylorda,rural,Male,31.39
2012,per 100000 population,Mangistau,rural,Male,23.97
2012,per 100000 population,Ontustik Kazakhstan,rural,Male,36.39
2012,per 100000 population,Pavlodar,rural,Male,24.43
2012,per 100000 population,Soltustik Kazakhstan,rural,Male,21.89
2012,per 100000 population,Shygys Kazakhstan,rural,Male,34.96
2012,per 100000 population,,,Female,9.66
2012,per 100000 population,Akmola,,Female,6.6
2012,per 100000 population,Aktobe,,Female,7.56
2012,per 100000 population,Almaty,,Female,14.58
2012,per 100000 population,Atyrau,,Female,12.51
2012,per 100000 population,Batys Kazakhstan,,Female,13.2
2012,per 100000 population,Zhambyl,,Female,13.63
2012,per 100000 population,Karagandy,,Female,11.42
2012,per 100000 population,Kostanay,,Female,4.31
2012,per 100000 population,Kyzylorda,,Female,7.77
2012,per 100000 population,Mangistau,,Female,9.63
2012,per 100000 population,Ontustik Kazakhstan,,Female,11.89
2012,per 100000 population,Pavlodar,,Female,6.56
2012,per 100000 population,Soltustik Kazakhstan,,Female,5.91
2012,per 100000 population,Shygys Kazakhstan,,Female,5.6
2012,per 100000 population,Nur-Sultan city,,Female,6.62
2012,per 100000 population,Almaty city,,Female,7.92
2012,per 100000 population,,urban,Female,8.79
2012,per 100000 population,Akmola,urban,Female,6.58
2012,per 100000 population,Aktobe,urban,Female,6.59
2012,per 100000 population,Almaty,urban,Female,14.04
2012,per 100000 population,Atyrau,urban,Female,12.3
2012,per 100000 population,Batys Kazakhstan,urban,Female,13.63
2012,per 100000 population,Zhambyl,urban,Female,13.82
2012,per 100000 population,Karagandy,urban,Female,10.15
2012,per 100000 population,Kostanay,urban,Female,2.46
2012,per 100000 population,Kyzylorda,urban,Female,9.57
2012,per 100000 population,Mangistau,urban,Female,8.9
2012,per 100000 population,Ontustik Kazakhstan,urban,Female,13.03
2012,per 100000 population,Pavlodar,urban,Female,6.81
2012,per 100000 population,Soltustik Kazakhstan,urban,Female,5.35
2012,per 100000 population,Shygys Kazakhstan,urban,Female,4.78
2012,per 100000 population,Nur-Sultan city,urban,Female,6.62
2012,per 100000 population,Almaty city,urban,Female,7.92
2012,per 100000 population,,rural,Female,10.79
2012,per 100000 population,Akmola,rural,Female,6.63
2012,per 100000 population,Aktobe,rural,Female,9.22
2012,per 100000 population,Almaty,rural,Female,14.75
2012,per 100000 population,Atyrau,rural,Female,12.71
2012,per 100000 population,Batys Kazakhstan,rural,Female,12.75
2012,per 100000 population,Zhambyl,rural,Female,13.5
2012,per 100000 population,Karagandy,rural,Female,16.37
2012,per 100000 population,Kostanay,rural,Female,6.34
2012,per 100000 population,Kyzylorda,rural,Female,6.39
2012,per 100000 population,Mangistau,rural,Female,10.43
2012,per 100000 population,Ontustik Kazakhstan,rural,Female,11.13
2012,per 100000 population,Pavlodar,rural,Female,5.98
2012,per 100000 population,Soltustik Kazakhstan,rural,Female,6.33
2012,per 100000 population,Shygys Kazakhstan,rural,Female,6.85
2013,per 100000 population,,,,19.08
2013,per 100000 population,Akmola,,,16.21
2013,per 100000 population,Aktobe,,,19.19
2013,per 100000 population,Almaty,,,28.54
2013,per 100000 population,Atyrau,,,20.3
2013,per 100000 population,Batys Kazakhstan,,,18.36
2013,per 100000 population,Zhambyl,,,26.55
2013,per 100000 population,Karagandy,,,19.32
2013,per 100000 population,Kostanay,,,13.4
2013,per 100000 population,Kyzylorda,,,17.46
2013,per 100000 population,Mangistau,,,20.6
2013,per 100000 population,Ontustik Kazakhstan,,,23.02
2013,per 100000 population,Pavlodar,,,12.92
2013,per 100000 population,Soltustik Kazakhstan,,,11.42
2013,per 100000 population,Shygys Kazakhstan,,,15.85
2013,per 100000 population,Nur-Sultan city,,,13.19
2013,per 100000 population,Almaty city,,,10.8
2013,per 100000 population,,urban,,16.54
2013,per 100000 population,Akmola,urban,,16.51
2013,per 100000 population,Aktobe,urban,,17.38
2013,per 100000 population,Almaty,urban,,32.98
2013,per 100000 population,Atyrau,urban,,18.0
2013,per 100000 population,Batys Kazakhstan,urban,,19.01
2013,per 100000 population,Zhambyl,urban,,21.52
2013,per 100000 population,Karagandy,urban,,17.8
2013,per 100000 population,Kostanay,urban,,16.12
2013,per 100000 population,Kyzylorda,urban,,15.96
2013,per 100000 population,Mangistau,urban,,17.9
2013,per 100000 population,Ontustik Kazakhstan,urban,,21.06
2013,per 100000 population,Pavlodar,urban,,12.08
2013,per 100000 population,Soltustik Kazakhstan,urban,,11.65
2013,per 100000 population,Shygys Kazakhstan,urban,,13.31
2013,per 100000 population,Nur-Sultan city,urban,,13.19
2013,per 100000 population,Almaty city,urban,,10.8
2013,per 100000 population,,rural,,22.17
2013,per 100000 population,Akmola,rural,,15.94
2013,per 100000 population,Aktobe,rural,,22.1
2013,per 100000 population,Almaty,rural,,27.2
2013,per 100000 population,Atyrau,rural,,22.39
2013,per 100000 population,Batys Kazakhstan,rural,,17.73
2013,per 100000 population,Zhambyl,rural,,29.93
2013,per 100000 population,Karagandy,rural,,24.89
2013,per 100000 population,Kostanay,rural,,10.52
2013,per 100000 population,Kyzylorda,rural,,18.58
2013,per 100000 population,Mangistau,rural,,23.33
2013,per 100000 population,Ontustik Kazakhstan,rural,,24.29
2013,per 100000 population,Pavlodar,rural,,14.82
2013,per 100000 population,Soltustik Kazakhstan,rural,,11.26
2013,per 100000 population,Shygys Kazakhstan,rural,,19.48
2013,per 100000 population,,,Male,28.79
2013,per 100000 population,Akmola,,Male,24.53
2013,per 100000 population,Aktobe,,Male,28.95
2013,per 100000 population,Almaty,,Male,42.99
2013,per 100000 population,Atyrau,,Male,31.59
2013,per 100000 population,Batys Kazakhstan,,Male,26.35
2013,per 100000 population,Zhambyl,,Male,37.55
2013,per 100000 population,Karagandy,,Male,29.27
2013,per 100000 population,Kostanay,,Male,23.57
2013,per 100000 population,Kyzylorda,,Male,24.57
2013,per 100000 population,Mangistau,,Male,26.5
2013,per 100000 population,Ontustik Kazakhstan,,Male,35.39
2013,per 100000 population,Pavlodar,,Male,18.09
2013,per 100000 population,Soltustik Kazakhstan,,Male,17.44
2013,per 100000 population,Shygys Kazakhstan,,Male,24.13
2013,per 100000 population,Nur-Sultan city,,Male,17.95
2013,per 100000 population,Almaty city,,Male,17.66
2013,per 100000 population,,urban,Male,25.02
2013,per 100000 population,Akmola,urban,Male,24.74
2013,per 100000 population,Aktobe,urban,Male,24.85
2013,per 100000 population,Almaty,urban,Male,49.44
2013,per 100000 population,Atyrau,urban,Male,32.21
2013,per 100000 population,Batys Kazakhstan,urban,Male,29.06
2013,per 100000 population,Zhambyl,urban,Male,31.84
2013,per 100000 population,Karagandy,urban,Male,26.3
2013,per 100000 population,Kostanay,urban,Male,28.5
2013,per 100000 population,Kyzylorda,urban,Male,20.93
2013,per 100000 population,Mangistau,urban,Male,24.03
2013,per 100000 population,Ontustik Kazakhstan,urban,Male,32.48
2013,per 100000 population,Pavlodar,urban,Male,15.42
2013,per 100000 population,Soltustik Kazakhstan,urban,Male,19.32
2013,per 100000 population,Shygys Kazakhstan,urban,Male,20.17
2013,per 100000 population,Nur-Sultan city,urban,Male,17.95
2013,per 100000 population,Almaty city,urban,Male,17.66
2013,per 100000 population,,rural,Male,33.09
2013,per 100000 population,Akmola,rural,Male,24.36
2013,per 100000 population,Aktobe,rural,Male,35.18
2013,per 100000 population,Almaty,rural,Male,41.13
2013,per 100000 population,Atyrau,rural,Male,31.05
2013,per 100000 population,Batys Kazakhstan,rural,Male,23.95
2013,per 100000 population,Zhambyl,rural,Male,41.15
2013,per 100000 population,Karagandy,rural,Male,39.33
2013,per 100000 population,Kostanay,rural,Male,18.68
2013,per 100000 population,Kyzylorda,rural,Male,27.19
2013,per 100000 population,Mangistau,rural,Male,28.91
2013,per 100000 population,Ontustik Kazakhstan,rural,Male,37.18
2013,per 100000 population,Pavlodar,rural,Male,23.74
2013,per 100000 population,Soltustik Kazakhstan,rural,Male,16.21
2013,per 100000 population,Shygys Kazakhstan,rural,Male,29.35
2013,per 100000 population,,,Female,10.02
2013,per 100000 population,Akmola,,Female,8.43
2013,per 100000 population,Aktobe,,Female,10.11
2013,per 100000 population,Almaty,,Female,14.59
2013,per 100000 population,Atyrau,,Female,9.44
2013,per 100000 population,Batys Kazakhstan,,Female,10.9
2013,per 100000 population,Zhambyl,,Female,16.01
2013,per 100000 population,Karagandy,,Female,10.41
2013,per 100000 population,Kostanay,,Female,4.3
2013,per 100000 population,Kyzylorda,,Female,10.35
2013,per 100000 population,Mangistau,,Female,14.78
2013,per 100000 population,Ontustik Kazakhstan,,Female,10.85
2013,per 100000 population,Pavlodar,,Female,8.31
2013,per 100000 population,Soltustik Kazakhstan,,Female,5.95
2013,per 100000 population,Shygys Kazakhstan,,Female,8.34
2013,per 100000 population,Nur-Sultan city,,Female,8.74
2013,per 100000 population,Almaty city,,Female,5.05
2013,per 100000 population,,urban,Female,9.05
2013,per 100000 population,Akmola,urban,Female,9.26
2013,per 100000 population,Aktobe,urban,Female,10.71
2013,per 100000 population,Almaty,urban,Female,18.03
2013,per 100000 population,Atyrau,urban,Female,5.02
2013,per 100000 population,Batys Kazakhstan,urban,Female,10.37
2013,per 100000 population,Zhambyl,urban,Female,12.28
2013,per 100000 population,Karagandy,urban,Female,10.44
2013,per 100000 population,Kostanay,urban,Female,5.69
2013,per 100000 population,Kyzylorda,urban,Female,11.22
2013,per 100000 population,Mangistau,urban,Female,12.08
2013,per 100000 population,Ontustik Kazakhstan,urban,Female,10.4
2013,per 100000 population,Pavlodar,urban,Female,9.23
2013,per 100000 population,Soltustik Kazakhstan,urban,Female,5.32
2013,per 100000 population,Shygys Kazakhstan,urban,Female,7.46
2013,per 100000 population,Nur-Sultan city,urban,Female,8.74
2013,per 100000 population,Almaty city,urban,Female,5.05
2013,per 100000 population,,rural,Female,11.27
2013,per 100000 population,Akmola,rural,Female,7.66
2013,per 100000 population,Aktobe,rural,Female,9.08
2013,per 100000 population,Almaty,rural,Female,13.52
2013,per 100000 population,Atyrau,rural,Female,13.64
2013,per 100000 population,Batys Kazakhstan,rural,Female,11.46
2013,per 100000 population,Zhambyl,rural,Female,18.65
2013,per 100000 population,Karagandy,rural,Female,10.29
2013,per 100000 population,Kostanay,rural,Female,2.74
2013,per 100000 population,Kyzylorda,rural,Female,9.68
2013,per 100000 population,Mangistau,rural,Female,17.62
2013,per 100000 population,Ontustik Kazakhstan,rural,Female,11.15
2013,per 100000 population,Pavlodar,rural,Female,6.05
2013,per 100000 population,Soltustik Kazakhstan,rural,Female,6.43
2013,per 100000 population,Shygys Kazakhstan,rural,Female,9.69
2014,per 100000 population,,,,16.28
2014,per 100000 population,Akmola,,,13.59
2014,per 100000 population,Aktobe,,,15.2
2014,per 100000 population,Almaty,,,23.51
2014,per 100000 population,Atyrau,,,14.79
2014,per 100000 population,Batys Kazakhstan,,,13.24
2014,per 100000 population,Zhambyl,,,18.05
2014,per 100000 population,Karagandy,,,14.7
2014,per 100000 population,Kostanay,,,16.34
2014,per 100000 population,Kyzylorda,,,14.47
2014,per 100000 population,Mangistau,,,17.25
2014,per 100000 population,Ontustik Kazakhstan,,,20.65
2014,per 100000 population,Pavlodar,,,14.58
2014,per 100000 population,Soltustik Kazakhstan,,,14.114276852411711
2014,per 100000 population,Shygys Kazakhstan,,,13.12
2014,per 100000 population,Nur-Sultan city,,,8.88
2014,per 100000 population,Almaty city,,,11.94
2014,per 100000 population,,urban,,14.47
2014,per 100000 population,Akmola,urban,,13.55
2014,per 100000 population,Aktobe,urban,,16.25
2014,per 100000 population,Almaty,urban,,26.13
2014,per 100000 population,Atyrau,urban,,11.86
2014,per 100000 population,Batys Kazakhstan,urban,,13.88
2014,per 100000 population,Zhambyl,urban,,17.97
2014,per 100000 population,Karagandy,urban,,14.68
2014,per 100000 population,Kostanay,urban,,11.15
2014,per 100000 population,Kyzylorda,urban,,14.65
2014,per 100000 population,Mangistau,urban,,14.61
2014,per 100000 population,Ontustik Kazakhstan,urban,,22.01
2014,per 100000 population,Pavlodar,urban,,11.56
2014,per 100000 population,Soltustik Kazakhstan,urban,,7.84
2014,per 100000 population,Shygys Kazakhstan,urban,,11.15
2014,per 100000 population,Nur-Sultan city,urban,,8.88
2014,per 100000 population,Almaty city,urban,,11.94
2014,per 100000 population,,rural,,18.55
2014,per 100000 population,Akmola,rural,,13.62
2014,per 100000 population,Aktobe,rural,,13.5
2014,per 100000 population,Almaty,rural,,22.66
2014,per 100000 population,Atyrau,rural,,17.39
2014,per 100000 population,Batys Kazakhstan,rural,,12.61
2014,per 100000 population,Zhambyl,rural,,18.1
2014,per 100000 population,Karagandy,rural,,14.77
2014,per 100000 population,Kostanay,rural,,21.95
2014,per 100000 population,Kyzylorda,rural,,14.34
2014,per 100000 population,Mangistau,rural,,19.59
2014,per 100000 population,Ontustik Kazakhstan,rural,,19.66
2014,per 100000 population,Pavlodar,rural,,21.6
2014,per 100000 population,Soltustik Kazakhstan,rural,,18.7
2014,per 100000 population,Shygys Kazakhstan,rural,,15.97
2014,per 100000 population,,,Male,25.28
2014,per 100000 population,Akmola,,Male,21.1
2014,per 100000 population,Aktobe,,Male,20.82
2014,per 100000 population,Almaty,,Male,34.58
2014,per 100000 population,Atyrau,,Male,20.57
2014,per 100000 population,Batys Kazakhstan,,Male,21.79
2014,per 100000 population,Zhambyl,,Male,27.85
2014,per 100000 population,Karagandy,,Male,23.71
2014,per 100000 population,Kostanay,,Male,27.14
2014,per 100000 population,Kyzylorda,,Male,18.24
2014,per 100000 population,Mangistau,,Male,27.3
2014,per 100000 population,Ontustik Kazakhstan,,Male,32.69
2014,per 100000 population,Pavlodar,,Male,23.9
2014,per 100000 population,Soltustik Kazakhstan,,Male,23.41
2014,per 100000 population,Shygys Kazakhstan,,Male,20.49
2014,per 100000 population,Nur-Sultan city,,Male,14.66
2014,per 100000 population,Almaty city,,Male,19.38
2014,per 100000 population,,urban,Male,22.42
2014,per 100000 population,Akmola,urban,Male,18.47
2014,per 100000 population,Aktobe,urban,Male,22.63
2014,per 100000 population,Almaty,urban,Male,37.12
2014,per 100000 population,Atyrau,urban,Male,18.63
2014,per 100000 population,Batys Kazakhstan,urban,Male,24.4
2014,per 100000 population,Zhambyl,urban,Male,26.46
2014,per 100000 population,Karagandy,urban,Male,23.86
2014,per 100000 population,Kostanay,urban,Male,18.64
2014,per 100000 population,Kyzylorda,urban,Male,15.95
2014,per 100000 population,Mangistau,urban,Male,20.93
2014,per 100000 population,Ontustik Kazakhstan,urban,Male,35.1
2014,per 100000 population,Pavlodar,urban,Male,18.53
2014,per 100000 population,Soltustik Kazakhstan,urban,Male,15.51
2014,per 100000 population,Shygys Kazakhstan,urban,Male,16.32
2014,per 100000 population,Nur-Sultan city,urban,Male,14.66
2014,per 100000 population,Almaty city,urban,Male,19.38
2014,per 100000 population,,rural,Male,28.67
2014,per 100000 population,Akmola,rural,Male,23.31
2014,per 100000 population,Aktobe,rural,Male,18.04
2014,per 100000 population,Almaty,rural,Male,33.78
2014,per 100000 population,Atyrau,rural,Male,22.19
2014,per 100000 population,Batys Kazakhstan,rural,Male,19.44
2014,per 100000 population,Zhambyl,rural,Male,28.73
2014,per 100000 population,Karagandy,rural,Male,23.2
2014,per 100000 population,Kostanay,rural,Male,35.74
2014,per 100000 population,Kyzylorda,rural,Male,19.9
2014,per 100000 population,Mangistau,rural,Male,32.88
2014,per 100000 population,Ontustik Kazakhstan,rural,Male,31.02
2014,per 100000 population,Pavlodar,rural,Male,35.46
2014,per 100000 population,Soltustik Kazakhstan,rural,Male,28.69
2014,per 100000 population,Shygys Kazakhstan,rural,Male,26.07
2014,per 100000 population,,,Female,7.86
2014,per 100000 population,Akmola,,Female,6.57
2014,per 100000 population,Aktobe,,Female,9.95
2014,per 100000 population,Almaty,,Female,12.83
2014,per 100000 population,Atyrau,,Female,9.23
2014,per 100000 population,Batys Kazakhstan,,Female,5.24
2014,per 100000 population,Zhambyl,,Female,8.63
2014,per 100000 population,Karagandy,,Female,6.63
2014,per 100000 population,Kostanay,,Female,6.67
2014,per 100000 population,Kyzylorda,,Female,10.71
2014,per 100000 population,Mangistau,,Female,7.32
2014,per 100000 population,Ontustik Kazakhstan,,Female,8.78
2014,per 100000 population,Pavlodar,,Female,6.27
2014,per 100000 population,Soltustik Kazakhstan,,Female,5.66
2014,per 100000 population,Shygys Kazakhstan,,Female,6.43
2014,per 100000 population,Nur-Sultan city,,Female,3.48
2014,per 100000 population,Almaty city,,Female,5.69
2014,per 100000 population,,urban,Female,7.43
2014,per 100000 population,Akmola,urban,Female,9.22
2014,per 100000 population,Aktobe,urban,Female,10.52
2014,per 100000 population,Almaty,urban,Female,16.12
2014,per 100000 population,Atyrau,urban,Female,5.68
2014,per 100000 population,Batys Kazakhstan,urban,Female,4.81
2014,per 100000 population,Zhambyl,urban,Female,10.36
2014,per 100000 population,Karagandy,urban,Female,6.73
2014,per 100000 population,Kostanay,urban,Female,4.83
2014,per 100000 population,Kyzylorda,urban,Female,13.41
2014,per 100000 population,Mangistau,urban,Female,8.45
2014,per 100000 population,Ontustik Kazakhstan,urban,Female,9.71
2014,per 100000 population,Pavlodar,urban,Female,5.62
2014,per 100000 population,Soltustik Kazakhstan,urban,Female,1.51
2014,per 100000 population,Shygys Kazakhstan,urban,Female,6.74
2014,per 100000 population,Nur-Sultan city,urban,Female,3.48
2014,per 100000 population,Almaty city,urban,Female,5.69
2014,per 100000 population,,rural,Female,8.44
2014,per 100000 population,Akmola,rural,Female,4.08
2014,per 100000 population,Aktobe,rural,Female,8.98
2014,per 100000 population,Almaty,rural,Female,11.71
2014,per 100000 population,Atyrau,rural,Female,12.53
2014,per 100000 population,Batys Kazakhstan,rural,Female,5.7
2014,per 100000 population,Zhambyl,rural,Female,7.39
2014,per 100000 population,Karagandy,rural,Female,6.23
2014,per 100000 population,Kostanay,rural,Female,8.77
2014,per 100000 population,Kyzylorda,rural,Female,8.6
2014,per 100000 population,Mangistau,rural,Female,6.31
2014,per 100000 population,Ontustik Kazakhstan,rural,Female,8.07
2014,per 100000 population,Pavlodar,rural,Female,7.89
2014,per 100000 population,Soltustik Kazakhstan,rural,Female,8.94
2014,per 100000 population,Shygys Kazakhstan,rural,Female,5.94
2015,per 100000 population,,,,15.16
2015,per 100000 population,Akmola,,,10.803657037907332
2015,per 100000 population,Aktobe,,,15.2
2015,per 100000 population,Almaty,,,24.29
2015,per 100000 population,Atyrau,,,12.08
2015,per 100000 population,Batys Kazakhstan,,,15.153476302172944
2015,per 100000 population,Zhambyl,,,21.91
2015,per 100000 population,Karagandy,,,13.83
2015,per 100000 population,Kostanay,,,14.5
2015,per 100000 population,Kyzylorda,,,13.0429627287459
2015,per 100000 population,Mangistau,,,14.1
2015,per 100000 population,Ontustik Kazakhstan,,,17.552661537783703
2015,per 100000 population,Pavlodar,,,12.55
2015,per 100000 population,Soltustik Kazakhstan,,,10.337963806613494
2015,per 100000 population,Shygys Kazakhstan,,,14.47
2015,per 100000 population,Nur-Sultan city,,,8.35
2015,per 100000 population,Almaty city,,,8.79
2015,per 100000 population,,urban,,13.0
2015,per 100000 population,Akmola,urban,,10.31
2015,per 100000 population,Aktobe,urban,,14.54
2015,per 100000 population,Almaty,urban,,28.61
2015,per 100000 population,Atyrau,urban,,8.25
2015,per 100000 population,Batys Kazakhstan,urban,,15.56
2015,per 100000 population,Zhambyl,urban,,19.28
2015,per 100000 population,Karagandy,urban,,13.36
2015,per 100000 population,Kostanay,urban,,11.64
2015,per 100000 population,Kyzylorda,urban,,13.66
2015,per 100000 population,Mangistau,urban,,15.56
2015,per 100000 population,Ontustik Kazakhstan,urban,,16.55
2015,per 100000 population,Pavlodar,urban,,10.9
2015,per 100000 population,Soltustik Kazakhstan,urban,,10.16
2015,per 100000 population,Shygys Kazakhstan,urban,,10.94
2015,per 100000 population,Nur-Sultan city,urban,,8.35
2015,per 100000 population,Almaty city,urban,,8.79
2015,per 100000 population,,rural,,17.97
2015,per 100000 population,Akmola,rural,,11.25
2015,per 100000 population,Aktobe,rural,,16.31
2015,per 100000 population,Almaty,rural,,22.91
2015,per 100000 population,Atyrau,rural,,15.53
2015,per 100000 population,Batys Kazakhstan,rural,,14.75
2015,per 100000 population,Zhambyl,rural,,23.69
2015,per 100000 population,Karagandy,rural,,15.57
2015,per 100000 population,Kostanay,rural,,17.67
2015,per 100000 population,Kyzylorda,rural,,12.57
2015,per 100000 population,Mangistau,rural,,12.97
2015,per 100000 population,Ontustik Kazakhstan,rural,,18.36
2015,per 100000 population,Pavlodar,rural,,16.45
2015,per 100000 population,Soltustik Kazakhstan,rural,,10.47
2015,per 100000 population,Shygys Kazakhstan,rural,,19.68
2015,per 100000 population,,,Male,23.38
2015,per 100000 population,Akmola,,Male,14.54
2015,per 100000 population,Aktobe,,Male,23.73
2015,per 100000 population,Almaty,,Male,37.07
2015,per 100000 population,Atyrau,,Male,17.66
2015,per 100000 population,Batys Kazakhstan,,Male,21.89
2015,per 100000 population,Zhambyl,,Male,33.95
2015,per 100000 population,Karagandy,,Male,22.8
2015,per 100000 population,Kostanay,,Male,23.01
2015,per 100000 population,Kyzylorda,,Male,20.04
2015,per 100000 population,Mangistau,,Male,20.53
2015,per 100000 population,Ontustik Kazakhstan,,Male,27.32
2015,per 100000 population,Pavlodar,,Male,18.2
2015,per 100000 population,Soltustik Kazakhstan,,Male,17.27
2015,per 100000 population,Shygys Kazakhstan,,Male,21.67
2015,per 100000 population,Nur-Sultan city,,Male,12.5
2015,per 100000 population,Almaty city,,Male,13.86
2015,per 100000 population,,urban,Male,19.77
2015,per 100000 population,Akmola,urban,Male,12.22
2015,per 100000 population,Aktobe,urban,Male,23.33
2015,per 100000 population,Almaty,urban,Male,40.74
2015,per 100000 population,Atyrau,urban,Male,12.0
2015,per 100000 population,Batys Kazakhstan,urban,Male,19.89
2015,per 100000 population,Zhambyl,urban,Male,29.35
2015,per 100000 population,Karagandy,urban,Male,22.45
2015,per 100000 population,Kostanay,urban,Male,17.89
2015,per 100000 population,Kyzylorda,urban,Male,20.49
2015,per 100000 population,Mangistau,urban,Male,20.7
2015,per 100000 population,Ontustik Kazakhstan,urban,Male,25.25
2015,per 100000 population,Pavlodar,urban,Male,15.91
2015,per 100000 population,Soltustik Kazakhstan,urban,Male,17.04
2015,per 100000 population,Shygys Kazakhstan,urban,Male,16.96
2015,per 100000 population,Nur-Sultan city,urban,Male,12.5
2015,per 100000 population,Almaty city,urban,Male,13.86
2015,per 100000 population,,rural,Male,27.81
2015,per 100000 population,Akmola,rural,Male,16.49
2015,per 100000 population,Aktobe,rural,Male,24.34
2015,per 100000 population,Almaty,rural,Male,35.95
2015,per 100000 population,Atyrau,rural,Male,22.51
2015,per 100000 population,Batys Kazakhstan,rural,Male,23.7
2015,per 100000 population,Zhambyl,rural,Male,36.88
2015,per 100000 population,Karagandy,rural,Male,24.02
2015,per 100000 population,Kostanay,rural,Male,28.31
2015,per 100000 population,Kyzylorda,rural,Male,19.7
2015,per 100000 population,Mangistau,rural,Male,20.4
2015,per 100000 population,Ontustik Kazakhstan,rural,Male,28.93
2015,per 100000 population,Pavlodar,rural,Male,23.2
2015,per 100000 population,Soltustik Kazakhstan,rural,Male,17.44
2015,per 100000 population,Shygys Kazakhstan,rural,Male,28.09
2015,per 100000 population,,,Female,7.47
2015,per 100000 population,Akmola,,Female,7.32
2015,per 100000 population,Aktobe,,Female,7.24
2015,per 100000 population,Almaty,,Female,11.91
2015,per 100000 population,Atyrau,,Female,6.69
2015,per 100000 population,Batys Kazakhstan,,Female,8.86
2015,per 100000 population,Zhambyl,,Female,10.31
2015,per 100000 population,Karagandy,,Female,5.77
2015,per 100000 population,Kostanay,,Female,6.88
2015,per 100000 population,Kyzylorda,,Female,6.06
2015,per 100000 population,Mangistau,,Female,7.74
2015,per 100000 population,Ontustik Kazakhstan,,Female,7.91
2015,per 100000 population,Pavlodar,,Female,7.5
2015,per 100000 population,Soltustik Kazakhstan,,Female,4.02
2015,per 100000 population,Shygys Kazakhstan,,Female,7.93
2015,per 100000 population,Nur-Sultan city,,Female,4.48
2015,per 100000 population,Almaty city,,Female,4.52
2015,per 100000 population,,urban,Female,6.99
2015,per 100000 population,Akmola,urban,Female,8.62
2015,per 100000 population,Aktobe,urban,Female,6.63
2015,per 100000 population,Almaty,urban,Female,17.55
2015,per 100000 population,Atyrau,urban,Female,4.81
2015,per 100000 population,Batys Kazakhstan,urban,Female,11.83
2015,per 100000 population,Zhambyl,urban,Female,10.22
2015,per 100000 population,Karagandy,urban,Female,5.47
2015,per 100000 population,Kostanay,urban,Female,6.36
2015,per 100000 population,Kyzylorda,urban,Female,7.13
2015,per 100000 population,Mangistau,urban,Female,10.4
2015,per 100000 population,Ontustik Kazakhstan,urban,Female,8.33
2015,per 100000 population,Pavlodar,urban,Female,6.62
2015,per 100000 population,Soltustik Kazakhstan,urban,Female,4.46
2015,per 100000 population,Shygys Kazakhstan,urban,Female,5.8
2015,per 100000 population,Nur-Sultan city,urban,Female,4.48
2015,per 100000 population,Almaty city,urban,Female,4.52
2015,per 100000 population,,rural,Female,8.13
2015,per 100000 population,Akmola,rural,Female,6.09
2015,per 100000 population,Aktobe,rural,Female,8.3
2015,per 100000 population,Almaty,rural,Female,10.03
2015,per 100000 population,Atyrau,rural,Female,8.46
2015,per 100000 population,Batys Kazakhstan,rural,Female,5.68
2015,per 100000 population,Zhambyl,rural,Female,10.37
2015,per 100000 population,Karagandy,rural,Female,6.98
2015,per 100000 population,Kostanay,rural,Female,7.48
2015,per 100000 population,Kyzylorda,rural,Female,5.2
2015,per 100000 population,Mangistau,rural,Female,5.7
2015,per 100000 population,Ontustik Kazakhstan,rural,Female,7.56
2015,per 100000 population,Pavlodar,rural,Female,9.74
2015,per 100000 population,Soltustik Kazakhstan,rural,Female,3.66
2015,per 100000 population,Shygys Kazakhstan,rural,Female,11.32
2016,per 100000 population,,,,15.27
2016,per 100000 population,Akmola,,,12.98
2016,per 100000 population,Aktobe,,,11.19
2016,per 100000 population,Almaty,,,23.51
2016,per 100000 population,Atyrau,,,11.979634621144056
2016,per 100000 population,Batys Kazakhstan,,,14.24
2016,per 100000 population,Zhambyl,,,22.46
2016,per 100000 population,Karagandy,,,11.92
2016,per 100000 population,Kostanay,,,9.3
2016,per 100000 population,Kyzylorda,,,17.94
2016,per 100000 population,Mangistau,,,16.23
2016,per 100000 population,Ontustik Kazakhstan,,,19.931784342289586
2016,per 100000 population,Pavlodar,,,12.66818332972642
2016,per 100000 population,Soltustik Kazakhstan,,,9.356568222622773
2016,per 100000 population,Shygys Kazakhstan,,,15.08
2016,per 100000 population,Nur-Sultan city,,,8.670789627134369
2016,per 100000 population,Almaty city,,,9.03
2016,per 100000 population,,urban,,12.49
2016,per 100000 population,Akmola,urban,,10.86
2016,per 100000 population,Aktobe,urban,,10.26
2016,per 100000 population,Almaty,urban,,24.32
2016,per 100000 population,Atyrau,urban,,10.78
2016,per 100000 population,Batys Kazakhstan,urban,,13.09
2016,per 100000 population,Zhambyl,urban,,20.26
2016,per 100000 population,Karagandy,urban,,11.02
2016,per 100000 population,Kostanay,urban,,7.26
2016,per 100000 population,Kyzylorda,urban,,12.16
2016,per 100000 population,Mangistau,urban,,12.16
2016,per 100000 population,Ontustik Kazakhstan,urban,,19.07
2016,per 100000 population,Pavlodar,urban,,10.1
2016,per 100000 population,Soltustik Kazakhstan,urban,,9.63
2016,per 100000 population,Shygys Kazakhstan,urban,,12.78
2016,per 100000 population,Nur-Sultan city,urban,,8.67
2016,per 100000 population,Almaty city,urban,,9.03
2016,per 100000 population,,rural,,18.98
2016,per 100000 population,Akmola,rural,,14.89
2016,per 100000 population,Aktobe,rural,,12.75
2016,per 100000 population,Almaty,rural,,23.25
2016,per 100000 population,Atyrau,rural,,13.08
2016,per 100000 population,Batys Kazakhstan,rural,,15.39
2016,per 100000 population,Zhambyl,rural,,23.95
2016,per 100000 population,Karagandy,rural,,15.38
2016,per 100000 population,Kostanay,rural,,11.61
2016,per 100000 population,Kyzylorda,rural,,22.46
2016,per 100000 population,Mangistau,rural,,19.6
2016,per 100000 population,Ontustik Kazakhstan,rural,,20.64
2016,per 100000 population,Pavlodar,rural,,18.82
2016,per 100000 population,Soltustik Kazakhstan,rural,,9.14
2016,per 100000 population,Shygys Kazakhstan,rural,,18.54
2016,per 100000 population,,,Male,23.3
2016,per 100000 population,Akmola,,Male,19.58
2016,per 100000 population,Aktobe,,Male,16.74
2016,per 100000 population,Almaty,,Male,36.45
2016,per 100000 population,Atyrau,,Male,15.9
2016,per 100000 population,Batys Kazakhstan,,Male,23.95
2016,per 100000 population,Zhambyl,,Male,33.84
2016,per 100000 population,Karagandy,,Male,18.16
2016,per 100000 population,Kostanay,,Male,13.9
2016,per 100000 population,Kyzylorda,,Male,27.29
2016,per 100000 population,Mangistau,,Male,24.05
2016,per 100000 population,Ontustik Kazakhstan,,Male,29.39
2016,per 100000 population,Pavlodar,,Male,21.24
2016,per 100000 population,Soltustik Kazakhstan,,Male,15.91
2016,per 100000 population,Shygys Kazakhstan,,Male,23.66
2016,per 100000 population,Nur-Sultan city,,Male,12.59
2016,per 100000 population,Almaty city,,Male,12.66
2016,per 100000 population,,urban,Male,18.54
2016,per 100000 population,Akmola,urban,Male,15.22
2016,per 100000 population,Aktobe,urban,Male,15.63
2016,per 100000 population,Almaty,urban,Male,38.97
2016,per 100000 population,Atyrau,urban,Male,12.34
2016,per 100000 population,Batys Kazakhstan,urban,Male,22.89
2016,per 100000 population,Zhambyl,urban,Male,29.12
2016,per 100000 population,Karagandy,urban,Male,16.25
2016,per 100000 population,Kostanay,urban,Male,11.65
2016,per 100000 population,Kyzylorda,urban,Male,18.8
2016,per 100000 population,Mangistau,urban,Male,16.14
2016,per 100000 population,Ontustik Kazakhstan,urban,Male,26.91
2016,per 100000 population,Pavlodar,urban,Male,17.04
2016,per 100000 population,Soltustik Kazakhstan,urban,Male,14.16
2016,per 100000 population,Shygys Kazakhstan,urban,Male,19.68
2016,per 100000 population,Nur-Sultan city,urban,Male,12.59
2016,per 100000 population,Almaty city,urban,Male,12.66
2016,per 100000 population,,rural,Male,29.25
2016,per 100000 population,Akmola,rural,Male,23.29
2016,per 100000 population,Aktobe,rural,Male,18.5
2016,per 100000 population,Almaty,rural,Male,35.68
2016,per 100000 population,Atyrau,rural,Male,19.01
2016,per 100000 population,Batys Kazakhstan,rural,Male,24.92
2016,per 100000 population,Zhambyl,rural,Male,36.85
2016,per 100000 population,Karagandy,rural,Male,24.91
2016,per 100000 population,Kostanay,rural,Male,16.28
2016,per 100000 population,Kyzylorda,rural,Male,33.67
2016,per 100000 population,Mangistau,rural,Male,30.55
2016,per 100000 population,Ontustik Kazakhstan,rural,Male,31.36
2016,per 100000 population,Pavlodar,rural,Male,30.53
2016,per 100000 population,Soltustik Kazakhstan,rural,Male,17.16
2016,per 100000 population,Shygys Kazakhstan,rural,Male,29.19
2016,per 100000 population,,,Female,7.76
2016,per 100000 population,Akmola,,Female,6.81
2016,per 100000 population,Aktobe,,Female,5.99
2016,per 100000 population,Almaty,,Female,10.93
2016,per 100000 population,Atyrau,,Female,8.18
2016,per 100000 population,Batys Kazakhstan,,Female,5.15
2016,per 100000 population,Zhambyl,,Female,11.48
2016,per 100000 population,Karagandy,,Female,6.32
2016,per 100000 population,Kostanay,,Female,5.17
2016,per 100000 population,Kyzylorda,,Female,8.58
2016,per 100000 population,Mangistau,,Female,8.47
2016,per 100000 population,Ontustik Kazakhstan,,Female,10.57
2016,per 100000 population,Pavlodar,,Female,5.0
2016,per 100000 population,Soltustik Kazakhstan,,Female,3.38
2016,per 100000 population,Shygys Kazakhstan,,Female,7.27
2016,per 100000 population,Nur-Sultan city,,Female,5.02
2016,per 100000 population,Almaty city,,Female,5.97
2016,per 100000 population,,urban,Female,7.12
2016,per 100000 population,Akmola,urban,Female,7.0
2016,per 100000 population,Aktobe,urban,Female,5.42
2016,per 100000 population,Almaty,urban,Female,10.93
2016,per 100000 population,Atyrau,urban,Female,9.35
2016,per 100000 population,Batys Kazakhstan,urban,Female,4.64
2016,per 100000 population,Zhambyl,urban,Female,12.28
2016,per 100000 population,Karagandy,urban,Female,6.48
2016,per 100000 population,Kostanay,urban,Female,3.55
2016,per 100000 population,Kyzylorda,urban,Female,5.8
2016,per 100000 population,Mangistau,urban,Female,8.26
2016,per 100000 population,Ontustik Kazakhstan,urban,Female,11.63
2016,per 100000 population,Pavlodar,urban,Female,4.16
2016,per 100000 population,Soltustik Kazakhstan,urban,Female,5.88
2016,per 100000 population,Shygys Kazakhstan,urban,Female,6.87
2016,per 100000 population,Nur-Sultan city,urban,Female,5.02
2016,per 100000 population,Almaty city,urban,Female,5.97
2016,per 100000 population,,rural,Female,8.66
2016,per 100000 population,Akmola,rural,Female,6.63
2016,per 100000 population,Aktobe,rural,Female,7.01
2016,per 100000 population,Almaty,rural,Female,10.93
2016,per 100000 population,Atyrau,rural,Female,7.07
2016,per 100000 population,Batys Kazakhstan,rural,Female,5.7
2016,per 100000 population,Zhambyl,rural,Female,10.9
2016,per 100000 population,Karagandy,rural,Female,5.65
2016,per 100000 population,Kostanay,rural,Female,7.12
2016,per 100000 population,Kyzylorda,rural,Female,10.85
2016,per 100000 population,Mangistau,rural,Female,8.65
2016,per 100000 population,Ontustik Kazakhstan,rural,Female,9.67
2016,per 100000 population,Pavlodar,rural,Female,7.15
2016,per 100000 population,Soltustik Kazakhstan,rural,Female,1.25
2016,per 100000 population,Shygys Kazakhstan,rural,Female,7.91
2017,per 100000 population,,,,13.04
2017,per 100000 population,Akmola,,,15.2
2017,per 100000 population,Aktobe,,,10.68
2017,per 100000 population,Almaty,,,19.8
2017,per 100000 population,Atyrau,,,8.957078494135963
2017,per 100000 population,Batys Kazakhstan,,,15.21
2017,per 100000 population,Zhambyl,,,17.2
2017,per 100000 population,Karagandy,,,11.8
2017,per 100000 population,Kostanay,,,10.37
2017,per 100000 population,Kyzylorda,,,11.437809800789337
2017,per 100000 population,Mangistau,,,11.05
2017,per 100000 population,Ontustik Kazakhstan,,,17.63
2017,per 100000 population,Pavlodar,,,8.202398143082897
2017,per 100000 population,Soltustik Kazakhstan,,,9.093048631763624
2017,per 100000 population,Shygys Kazakhstan,,,10.17
2017,per 100000 population,Nur-Sultan city,,,8.09
2017,per 100000 population,Almaty city,,,8.24
2017,per 100000 population,,urban,,10.82
2017,per 100000 population,Akmola,urban,,18.64
2017,per 100000 population,Aktobe,urban,,8.91
2017,per 100000 population,Almaty,urban,,17.25
2017,per 100000 population,Atyrau,urban,,6.79
2017,per 100000 population,Batys Kazakhstan,urban,,14.29
2017,per 100000 population,Zhambyl,urban,,14.34
2017,per 100000 population,Karagandy,urban,,10.19
2017,per 100000 population,Kostanay,urban,,9.35
2017,per 100000 population,Kyzylorda,urban,,12.52
2017,per 100000 population,Mangistau,urban,,10.69
2017,per 100000 population,Ontustik Kazakhstan,urban,,16.19
2017,per 100000 population,Pavlodar,urban,,7.49
2017,per 100000 population,Soltustik Kazakhstan,urban,,5.6
2017,per 100000 population,Shygys Kazakhstan,urban,,8.19
2017,per 100000 population,Nur-Sultan city,urban,,8.09
2017,per 100000 population,Almaty city,urban,,8.27
2017,per 100000 population,,rural,,16.04
2017,per 100000 population,Akmola,rural,,12.11
2017,per 100000 population,Aktobe,rural,,13.73
2017,per 100000 population,Almaty,rural,,20.58
2017,per 100000 population,Atyrau,rural,,10.95
2017,per 100000 population,Batys Kazakhstan,rural,,16.17
2017,per 100000 population,Zhambyl,rural,,19.11
2017,per 100000 population,Karagandy,rural,,18.03
2017,per 100000 population,Kostanay,rural,,11.56
2017,per 100000 population,Kyzylorda,rural,,10.58
2017,per 100000 population,Mangistau,rural,,11.31
2017,per 100000 population,Ontustik Kazakhstan,rural,,18.83
2017,per 100000 population,Pavlodar,rural,,9.92
2017,per 100000 population,Soltustik Kazakhstan,rural,,11.9
2017,per 100000 population,Shygys Kazakhstan,rural,,13.22
2017,per 100000 population,,,Male,19.35
2017,per 100000 population,Akmola,,Male,22.14
2017,per 100000 population,Aktobe,,Male,15.29
2017,per 100000 population,Almaty,,Male,28.94
2017,per 100000 population,Atyrau,,Male,12.24
2017,per 100000 population,Batys Kazakhstan,,Male,21.49
2017,per 100000 population,Zhambyl,,Male,23.69
2017,per 100000 population,Karagandy,,Male,17.87
2017,per 100000 population,Kostanay,,Male,16.11
2017,per 100000 population,Kyzylorda,,Male,17.2
2017,per 100000 population,Mangistau,,Male,15.1
2017,per 100000 population,Ontustik Kazakhstan,,Male,26.37
2017,per 100000 population,Pavlodar,,Male,11.75
2017,per 100000 population,Soltustik Kazakhstan,,Male,15.68
2017,per 100000 population,Shygys Kazakhstan,,Male,16.04
2017,per 100000 population,Nur-Sultan city,,Male,12.02
2017,per 100000 population,Almaty city,,Male,12.08
2017,per 100000 population,,urban,Male,16.47
2017,per 100000 population,Akmola,urban,Male,26.84
2017,per 100000 population,Aktobe,urban,Male,12.92
2017,per 100000 population,Almaty,urban,Male,27.16
2017,per 100000 population,Atyrau,urban,Male,9.91
2017,per 100000 population,Batys Kazakhstan,urban,Male,22.29
2017,per 100000 population,Zhambyl,urban,Male,18.88
2017,per 100000 population,Karagandy,urban,Male,15.43
2017,per 100000 population,Kostanay,urban,Male,16.2
2017,per 100000 population,Kyzylorda,urban,Male,17.85
2017,per 100000 population,Mangistau,urban,Male,16.16
2017,per 100000 population,Ontustik Kazakhstan,urban,Male,25.0
2017,per 100000 population,Pavlodar,urban,Male,10.55
2017,per 100000 population,Soltustik Kazakhstan,urban,Male,11.45
2017,per 100000 population,Shygys Kazakhstan,urban,Male,13.89
2017,per 100000 population,Nur-Sultan city,urban,Male,12.02
2017,per 100000 population,Almaty city,urban,Male,12.08
2017,per 100000 population,,rural,Male,22.97
2017,per 100000 population,Akmola,rural,Male,18.15
2017,per 100000 population,Aktobe,rural,Male,19.14
2017,per 100000 population,Almaty,rural,Male,29.47
2017,per 100000 population,Atyrau,rural,Male,14.28
2017,per 100000 population,Batys Kazakhstan,rural,Male,20.72
2017,per 100000 population,Zhambyl,rural,Male,26.71
2017,per 100000 population,Karagandy,rural,Male,26.58
2017,per 100000 population,Kostanay,rural,Male,16.02
2017,per 100000 population,Kyzylorda,rural,Male,16.7
2017,per 100000 population,Mangistau,rural,Male,14.33
2017,per 100000 population,Ontustik Kazakhstan,rural,Male,27.47
2017,per 100000 population,Pavlodar,rural,Male,14.42
2017,per 100000 population,Soltustik Kazakhstan,rural,Male,18.78
2017,per 100000 population,Shygys Kazakhstan,rural,Male,19.1
2017,per 100000 population,,,Female,7.13
2017,per 100000 population,Akmola,,Female,8.69
2017,per 100000 population,Aktobe,,Female,6.37
2017,per 100000 population,Almaty,,Female,10.87
2017,per 100000 population,Atyrau,,Female,5.77
2017,per 100000 population,Batys Kazakhstan,,Female,9.33
2017,per 100000 population,Zhambyl,,Female,10.93
2017,per 100000 population,Karagandy,,Female,6.33
2017,per 100000 population,Kostanay,,Female,5.2
2017,per 100000 population,Kyzylorda,,Female,5.66
2017,per 100000 population,Mangistau,,Female,7.03
2017,per 100000 population,Ontustik Kazakhstan,,Female,8.98
2017,per 100000 population,Pavlodar,,Female,5.02
2017,per 100000 population,Soltustik Kazakhstan,,Female,3.07
2017,per 100000 population,Shygys Kazakhstan,,Female,4.82
2017,per 100000 population,Nur-Sultan city,,Female,4.43
2017,per 100000 population,Almaty city,,Female,5.08
2017,per 100000 population,,urban,Female,5.78
2017,per 100000 population,Akmola,urban,Female,11.37
2017,per 100000 population,Aktobe,urban,Female,5.3
2017,per 100000 population,Almaty,urban,Female,8.16
2017,per 100000 population,Atyrau,urban,Female,3.92
2017,per 100000 population,Batys Kazakhstan,urban,Female,7.37
2017,per 100000 population,Zhambyl,urban,Female,10.24
2017,per 100000 population,Karagandy,urban,Female,5.62
2017,per 100000 population,Kostanay,urban,Female,3.53
2017,per 100000 population,Kyzylorda,urban,Female,7.41
2017,per 100000 population,Mangistau,urban,Female,5.17
2017,per 100000 population,Ontustik Kazakhstan,urban,Female,7.82
2017,per 100000 population,Pavlodar,urban,Female,4.87
2017,per 100000 population,Soltustik Kazakhstan,urban,Female,0.73
2017,per 100000 population,Shygys Kazakhstan,urban,Female,3.31
2017,per 100000 population,Nur-Sultan city,urban,Female,4.43
2017,per 100000 population,Almaty city,urban,Female,5.08
2017,per 100000 population,,rural,Female,9.06
2017,per 100000 population,Akmola,rural,Female,6.15
2017,per 100000 population,Aktobe,rural,Female,8.31
2017,per 100000 population,Almaty,rural,Female,11.73
2017,per 100000 population,Atyrau,rural,Female,7.56
2017,per 100000 population,Batys Kazakhstan,rural,Female,11.53
2017,per 100000 population,Zhambyl,rural,Female,11.41
2017,per 100000 population,Karagandy,rural,Female,9.3
2017,per 100000 population,Kostanay,rural,Female,7.26
2017,per 100000 population,Kyzylorda,rural,Female,4.22
2017,per 100000 population,Mangistau,rural,Female,8.34
2017,per 100000 population,Ontustik Kazakhstan,rural,Female,9.98
2017,per 100000 population,Pavlodar,rural,Female,5.41
2017,per 100000 population,Soltustik Kazakhstan,rural,Female,5.11
2017,per 100000 population,Shygys Kazakhstan,rural,Female,7.34
2018,per 100000 population,,,,13.2
2018,per 100000 population,Akmola,,,10.56
2018,per 100000 population,Aktobe,,,12.74
2018,per 100000 population,Almaty,,,16.72
2018,per 100000 population,Atyrau,,,16.1
2018,per 100000 population,Batys Kazakhstan,,,17.86
2018,per 100000 population,Zhambyl,,,17.57
2018,per 100000 population,Karagandy,,,14.72
2018,per 100000 population,Kostanay,,,9.72
2018,per 100000 population,Kyzylorda,,,12.04
2018,per 100000 population,Mangistau,,,7.77
2018,per 100000 population,Pavlodar,,,11.27
2018,per 100000 population,Soltustik Kazakhstan,,,9.7
2018,per 100000 population,Turkistan,,,18.58
2018,per 100000 population,Shygys Kazakhstan,,,10.79
2018,per 100000 population,Nur-Sultan city,,,8.16
2018,per 100000 population,Almaty city,,,10.01
2018,per 100000 population,Shymkent city,,,11.42
2018,per 100000 population,,urban,,11.49
2018,per 100000 population,Akmola,urban,,10.9
2018,per 100000 population,Aktobe,urban,,11.51
2018,per 100000 population,Almaty,urban,,17.36
2018,per 100000 population,Atyrau,urban,,16.17
2018,per 100000 population,Batys Kazakhstan,urban,,18.14
2018,per 100000 population,Zhambyl,urban,,15.27
2018,per 100000 population,Karagandy,urban,,13.02
2018,per 100000 population,Kostanay,urban,,10.12
2018,per 100000 population,Kyzylorda,urban,,11.74
2018,per 100000 population,Mangistau,urban,,8.51
2018,per 100000 population,Pavlodar,urban,,9.2
2018,per 100000 population,Soltustik Kazakhstan,urban,,5.95
2018,per 100000 population,Turkistan,urban,,20.05
2018,per 100000 population,Shygys Kazakhstan,urban,,8.26
2018,per 100000 population,Nur-Sultan city,urban,,8.16
2018,per 100000 population,Almaty city,urban,,10.01
2018,per 100000 population,Shymkent city,urban,,11.42
2018,per 100000 population,,rural,,15.58
2018,per 100000 population,Akmola,rural,,10.25
2018,per 100000 population,Aktobe,rural,,15.66
2018,per 100000 population,Almaty,rural,,16.53
2018,per 100000 population,Atyrau,rural,,16.03
2018,per 100000 population,Batys Kazakhstan,rural,,17.55
2018,per 100000 population,Zhambyl,rural,,19.09
2018,per 100000 population,Karagandy,rural,,21.33
2018,per 100000 population,Kostanay,rural,,9.25
2018,per 100000 population,Kyzylorda,rural,,12.28
2018,per 100000 population,Mangistau,rural,,7.27
2018,per 100000 population,Pavlodar,rural,,16.25
2018,per 100000 population,Soltustik Kazakhstan,rural,,12.81
2018,per 100000 population,Turkistan,rural,,18.22
2018,per 100000 population,Shygys Kazakhstan,rural,,14.8
2018,per 100000 population,,,Male,20.02
2018,per 100000 population,Akmola,,Male,17.02
2018,per 100000 population,Aktobe,,Male,18.65
2018,per 100000 population,Almaty,,Male,26.49
2018,per 100000 population,Atyrau,,Male,22.65
2018,per 100000 population,Batys Kazakhstan,,Male,27.64
2018,per 100000 population,Zhambyl,,Male,26.82
2018,per 100000 population,Karagandy,,Male,21.85
2018,per 100000 population,Kostanay,,Male,14.46
2018,per 100000 population,Kyzylorda,,Male,18.46
2018,per 100000 population,Mangistau,,Male,11.7
2018,per 100000 population,Pavlodar,,Male,16.81
2018,per 100000 population,Soltustik Kazakhstan,,Male,14.66
2018,per 100000 population,Turkistan,,Male,28.02
2018,per 100000 population,Shygys Kazakhstan,,Male,17.46
2018,per 100000 population,Nur-Sultan city,,Male,12.23
2018,per 100000 population,Almaty city,,Male,13.29
2018,per 100000 population,Shymkent city,,Male,16.75
2018,per 100000 population,,urban,Male,17.73
2018,per 100000 population,Akmola,urban,Male,16.45
2018,per 100000 population,Aktobe,urban,Male,16.91
2018,per 100000 population,Almaty,urban,Male,30.37
2018,per 100000 population,Atyrau,urban,Male,24.69
2018,per 100000 population,Batys Kazakhstan,urban,Male,30.69
2018,per 100000 population,Zhambyl,urban,Male,23.15
2018,per 100000 population,Karagandy,urban,Male,19.92
2018,per 100000 population,Kostanay,urban,Male,16.07
2018,per 100000 population,Kyzylorda,urban,Male,19.29
2018,per 100000 population,Mangistau,urban,Male,12.57
2018,per 100000 population,Pavlodar,urban,Male,13.83
2018,per 100000 population,Soltustik Kazakhstan,urban,Male,10.47
2018,per 100000 population,Turkistan,urban,Male,33.7
2018,per 100000 population,Shygys Kazakhstan,urban,Male,14.3
2018,per 100000 population,Nur-Sultan city,urban,Male,12.23
2018,per 100000 population,Almaty city,urban,Male,13.29
2018,per 100000 population,Shymkent city,urban,Male,16.75
2018,per 100000 population,,rural,Male,22.99
2018,per 100000 population,Akmola,rural,Male,17.5
2018,per 100000 population,Aktobe,rural,Male,22.59
2018,per 100000 population,Almaty,rural,Male,25.4
2018,per 100000 population,Atyrau,rural,Male,20.51
2018,per 100000 population,Batys Kazakhstan,rural,Male,24.62
2018,per 100000 population,Zhambyl,rural,Male,29.09
2018,per 100000 population,Karagandy,rural,Male,28.82
2018,per 100000 population,Kostanay,rural,Male,12.69
2018,per 100000 population,Kyzylorda,rural,Male,17.84
2018,per 100000 population,Mangistau,rural,Male,11.1
2018,per 100000 population,Pavlodar,rural,Male,23.41
2018,per 100000 population,Soltustik Kazakhstan,rural,Male,17.83
2018,per 100000 population,Turkistan,rural,Male,26.65
2018,per 100000 population,Shygys Kazakhstan,rural,Male,22.09
2018,per 100000 population,,,Female,6.8
2018,per 100000 population,Akmola,,Female,4.47
2018,per 100000 population,Aktobe,,Female,7.18
2018,per 100000 population,Almaty,,Female,7.13
2018,per 100000 population,Atyrau,,Female,9.74
2018,per 100000 population,Batys Kazakhstan,,Female,8.66
2018,per 100000 population,Zhambyl,,Female,8.61
2018,per 100000 population,Karagandy,,Female,8.27
2018,per 100000 population,Kostanay,,Female,5.44
2018,per 100000 population,Kyzylorda,,Female,5.59
2018,per 100000 population,Mangistau,,Female,3.87
2018,per 100000 population,Pavlodar,,Female,6.29
2018,per 100000 population,Soltustik Kazakhstan,,Female,5.16
2018,per 100000 population,Turkistan,,Female,8.9
2018,per 100000 population,Shygys Kazakhstan,,Female,4.71
2018,per 100000 population,Nur-Sultan city,,Female,4.38
2018,per 100000 population,Almaty city,,Female,7.25
2018,per 100000 population,Shymkent city,,Female,6.48
2018,per 100000 population,,urban,Female,5.92
2018,per 100000 population,Akmola,urban,Female,5.97
2018,per 100000 population,Aktobe,urban,Female,6.59
2018,per 100000 population,Almaty,urban,Female,5.41
2018,per 100000 population,Atyrau,urban,Female,8.24
2018,per 100000 population,Batys Kazakhstan,urban,Female,7.23
2018,per 100000 population,Zhambyl,urban,Female,8.13
2018,per 100000 population,Karagandy,urban,Female,6.99
2018,per 100000 population,Kostanay,urban,Female,5.07
2018,per 100000 population,Kyzylorda,urban,Female,4.49
2018,per 100000 population,Mangistau,urban,Female,4.45
2018,per 100000 population,Pavlodar,urban,Female,5.23
2018,per 100000 population,Soltustik Kazakhstan,urban,Female,2.18
2018,per 100000 population,Turkistan,urban,Female,6.21
2018,per 100000 population,Shygys Kazakhstan,urban,Female,3.07
2018,per 100000 population,Nur-Sultan city,urban,Female,4.38
2018,per 100000 population,Almaty city,urban,Female,7.25
2018,per 100000 population,Shymkent city,urban,Female,6.48
2018,per 100000 population,,rural,Female,8.09
2018,per 100000 population,Akmola,rural,Female,3.06
2018,per 100000 population,Aktobe,rural,Female,8.66
2018,per 100000 population,Almaty,rural,Female,7.66
2018,per 100000 population,Atyrau,rural,Female,11.46
2018,per 100000 population,Batys Kazakhstan,rural,Female,10.32
2018,per 100000 population,Zhambyl,rural,Female,8.94
2018,per 100000 population,Karagandy,rural,Female,13.67
2018,per 100000 population,Kostanay,rural,Female,5.91
2018,per 100000 population,Kyzylorda,rural,Female,6.5
2018,per 100000 population,Mangistau,rural,Female,3.48
2018,per 100000 population,Pavlodar,rural,Female,9.05
2018,per 100000 population,Soltustik Kazakhstan,rural,Female,7.85
2018,per 100000 population,Turkistan,rural,Female,9.56
2018,per 100000 population,Shygys Kazakhstan,rural,Female,7.5
2019,per 100000 population,,,,14.56
2019,per 100000 population,Akmola,,,14.37
2019,per 100000 population,Aktobe,,,14.05
2019,per 100000 population,Almaty,,,20.12
2019,per 100000 population,Atyrau,,,11.57
2019,per 100000 population,Batys Kazakhstan,,,20.01
2019,per 100000 population,Zhambyl,,,19.51
2019,per 100000 population,Karagandy,,,12.99
2019,per 100000 population,Kostanay,,,10.22
2019,per 100000 population,Kyzylorda,,,15.77
2019,per 100000 population,Mangistau,,,11.33
2019,per 100000 population,Pavlodar,,,10.62
2019,per 100000 population,Soltustik Kazakhstan,,,7.25
2019,per 100000 population,Turkistan,,,24.1
2019,per 100000 population,Shygys Kazakhstan,,,9.9
2019,per 100000 population,Nur-Sultan city,,,6.5
2019,per 100000 population,Almaty city,,,11.08
2019,per 100000 population,Shymkent city,,,13.58
2019,per 100000 population,,urban,,12.02
2019,per 100000 population,Akmola,urban,,14.93
2019,per 100000 population,Aktobe,urban,,12.39
2019,per 100000 population,Almaty,urban,,20.02
2019,per 100000 population,Atyrau,urban,,9.72
2019,per 100000 population,Batys Kazakhstan,urban,,17.85
2019,per 100000 population,Zhambyl,urban,,18.77
2019,per 100000 population,Karagandy,urban,,11.84
2019,per 100000 population,Kostanay,urban,,9.96
2019,per 100000 population,Kyzylorda,urban,,15.77
2019,per 100000 population,Mangistau,urban,,13.51
2019,per 100000 population,Pavlodar,urban,,7.72
2019,per 100000 population,Soltustik Kazakhstan,urban,,5.54
2019,per 100000 population,Turkistan,urban,,23.15
2019,per 100000 population,Shygys Kazakhstan,urban,,7.53
2019,per 100000 population,Nur-Sultan city,urban,,6.5
2019,per 100000 population,Almaty city,urban,,11.08
2019,per 100000 population,Shymkent city,urban,,13.58
2019,per 100000 population,,rural,,18.15
2019,per 100000 population,Akmola,rural,,13.87
2019,per 100000 population,Aktobe,rural,,18.08
2019,per 100000 population,Almaty,rural,,20.15
2019,per 100000 population,Atyrau,rural,,13.81
2019,per 100000 population,Batys Kazakhstan,rural,,22.38
2019,per 100000 population,Zhambyl,rural,,19.99
2019,per 100000 population,Karagandy,rural,,17.5
2019,per 100000 population,Kostanay,rural,,10.57
2019,per 100000 population,Kyzylorda,rural,,15.77
2019,per 100000 population,Mangistau,rural,,9.89
2019,per 100000 population,Pavlodar,rural,,17.6
2019,per 100000 population,Soltustik Kazakhstan,rural,,8.7
2019,per 100000 population,Turkistan,rural,,24.34
2019,per 100000 population,Shygys Kazakhstan,rural,,13.72
2019,per 100000 population,,,Male,22.16
2019,per 100000 population,Akmola,,Male,21.22
2019,per 100000 population,Aktobe,,Male,20.74
2019,per 100000 population,Almaty,,Male,28.92
2019,per 100000 population,Atyrau,,Male,19.34
2019,per 100000 population,Batys Kazakhstan,,Male,29.6
2019,per 100000 population,Zhambyl,,Male,30.05
2019,per 100000 population,Karagandy,,Male,19.11
2019,per 100000 population,Kostanay,,Male,15.0
2019,per 100000 population,Kyzylorda,,Male,26.7
2019,per 100000 population,Mangistau,,Male,17.78
2019,per 100000 population,Pavlodar,,Male,15.99
2019,per 100000 population,Soltustik Kazakhstan,,Male,11.37
2019,per 100000 population,Turkistan,,Male,37.27
2019,per 100000 population,Shygys Kazakhstan,,Male,15.25
2019,per 100000 population,Nur-Sultan city,,Male,10.16
2019,per 100000 population,Almaty city,,Male,15.87
2019,per 100000 population,Shymkent city,,Male,20.1
2019,per 100000 population,,urban,Male,18.05
2019,per 100000 population,Akmola,urban,Male,21.94
2019,per 100000 population,Aktobe,urban,Male,19.24
2019,per 100000 population,Almaty,urban,Male,26.24
2019,per 100000 population,Atyrau,urban,Male,17.14
2019,per 100000 population,Batys Kazakhstan,urban,Male,23.84
2019,per 100000 population,Zhambyl,urban,Male,28.21
2019,per 100000 population,Karagandy,urban,Male,18.15
2019,per 100000 population,Kostanay,urban,Male,14.29
2019,per 100000 population,Kyzylorda,urban,Male,26.39
2019,per 100000 population,Mangistau,urban,Male,21.22
2019,per 100000 population,Pavlodar,urban,Male,11.01
2019,per 100000 population,Soltustik Kazakhstan,urban,Male,8.7
2019,per 100000 population,Turkistan,urban,Male,35.96
2019,per 100000 population,Shygys Kazakhstan,urban,Male,11.71
2019,per 100000 population,Nur-Sultan city,urban,Male,10.16
2019,per 100000 population,Almaty city,urban,Male,15.87
2019,per 100000 population,Shymkent city,urban,Male,20.1
2019,per 100000 population,,rural,Male,27.62
2019,per 100000 population,Akmola,rural,Male,20.62
2019,per 100000 population,Aktobe,rural,Male,24.2
2019,per 100000 population,Almaty,rural,Male,29.65
2019,per 100000 population,Atyrau,rural,Male,21.89
2019,per 100000 population,Batys Kazakhstan,rural,Male,35.41
2019,per 100000 population,Zhambyl,rural,Male,31.2
2019,per 100000 population,Karagandy,rural,Male,22.58
2019,per 100000 population,Kostanay,rural,Male,15.9
2019,per 100000 population,Kyzylorda,rural,Male,26.93
2019,per 100000 population,Mangistau,rural,Male,15.51
2019,per 100000 population,Pavlodar,rural,Male,26.95
2019,per 100000 population,Soltustik Kazakhstan,rural,Male,13.43
2019,per 100000 population,Turkistan,rural,Male,37.59
2019,per 100000 population,Shygys Kazakhstan,rural,Male,20.54
2019,per 100000 population,,,Female,7.41
2019,per 100000 population,Akmola,,Female,7.9
2019,per 100000 population,Aktobe,,Female,7.76
2019,per 100000 population,Almaty,,Female,11.51
2019,per 100000 population,Atyrau,,Female,4.01
2019,per 100000 population,Batys Kazakhstan,,Female,10.98
2019,per 100000 population,Zhambyl,,Female,9.26
2019,per 100000 population,Karagandy,,Female,7.46
2019,per 100000 population,Kostanay,,Female,5.91
2019,per 100000 population,Kyzylorda,,Female,4.77
2019,per 100000 population,Mangistau,,Female,4.92
2019,per 100000 population,Pavlodar,,Female,5.8
2019,per 100000 population,Soltustik Kazakhstan,,Female,3.48
2019,per 100000 population,Turkistan,,Female,10.55
2019,per 100000 population,Shygys Kazakhstan,,Female,5.01
2019,per 100000 population,Nur-Sultan city,,Female,3.13
2019,per 100000 population,Almaty city,,Female,7.04
2019,per 100000 population,Shymkent city,,Female,7.53
2019,per 100000 population,,urban,Female,6.64
2019,per 100000 population,Akmola,urban,Female,8.69
2019,per 100000 population,Aktobe,urban,Female,6.15
2019,per 100000 population,Almaty,urban,Female,14.33
2019,per 100000 population,Atyrau,urban,Female,2.77
2019,per 100000 population,Batys Kazakhstan,urban,Female,12.61
2019,per 100000 population,Zhambyl,urban,Female,10.22
2019,per 100000 population,Karagandy,urban,Female,6.32
2019,per 100000 population,Kostanay,urban,Female,6.28
2019,per 100000 population,Kyzylorda,urban,Female,5.53
2019,per 100000 population,Mangistau,urban,Female,5.83
2019,per 100000 population,Pavlodar,urban,Female,4.89
2019,per 100000 population,Soltustik Kazakhstan,urban,Female,2.9
2019,per 100000 population,Turkistan,urban,Female,10.14
2019,per 100000 population,Shygys Kazakhstan,urban,Female,3.94
2019,per 100000 population,Nur-Sultan city,urban,Female,3.13
2019,per 100000 population,Almaty city,urban,Female,7.04
2019,per 100000 population,Shymkent city,urban,Female,7.53
2019,per 100000 population,,rural,Female,8.57
2019,per 100000 population,Akmola,rural,Female,7.16
2019,per 100000 population,Aktobe,rural,Female,11.88
2019,per 100000 population,Almaty,rural,Female,10.67
2019,per 100000 population,Atyrau,rural,Female,5.58
2019,per 100000 population,Batys Kazakhstan,rural,Female,9.05
2019,per 100000 population,Zhambyl,rural,Female,8.6
2019,per 100000 population,Karagandy,rural,Female,12.3
2019,per 100000 population,Kostanay,rural,Female,5.37
2019,per 100000 population,Kyzylorda,rural,Female,4.14
2019,per 100000 population,Mangistau,rural,Female,4.32
2019,per 100000 population,Pavlodar,rural,Female,8.16
2019,per 100000 population,Soltustik Kazakhstan,rural,Female,4.0
2019,per 100000 population,Turkistan,rural,Female,10.65
2019,per 100000 population,Shygys Kazakhstan,rural,Female,6.88
