Year,UNIT_MEASURE,Regions,Area,Sex,Value
2010,per 100000 population,,,,7.14
2010,per 100000 population,Akmola,,,11.3
2010,per 100000 population,Aktobe,,,4.15
2010,per 100000 population,Almaty,,,6.96
2010,per 100000 population,Atyrau,,,2.66
2010,per 100000 population,Batys Kazakhstan,,,6.6
2010,per 100000 population,Zhambyl,,,4.04
2010,per 100000 population,Karagandy,,,13.41
2010,per 100000 population,Kostanay,,,11.33
2010,per 100000 population,Kyzylorda,,,1.87
2010,per 100000 population,Mangistau,,,1.36
2010,per 100000 population,Ontustik Kazakhstan,,,2.76
2010,per 100000 population,Pavlodar,,,13.82
2010,per 100000 population,Soltustik Kazakhstan,,,2.03
2010,per 100000 population,Shygys Kazakhstan,,,10.16
2010,per 100000 population,Nur-Sultan city,,,10.7
2010,per 100000 population,Almaty city,,,8.99
2010,per 100000 population,,Population of urban areas,,8.68
2010,per 100000 population,Akmola,Population of urban areas,,11.97
2010,per 100000 population,Aktobe,Population of urban areas,,3.18
2010,per 100000 population,Almaty,Population of urban areas,,9.42
2010,per 100000 population,Atyrau,Population of urban areas,,2.79
2010,per 100000 population,Batys Kazakhstan,Population of urban areas,,7.67
2010,per 100000 population,Zhambyl,Population of urban areas,,5.93
2010,per 100000 population,Karagandy,Population of urban areas,,15.4
2010,per 100000 population,Kostanay,Population of urban areas,,10.17
2010,per 100000 population,Kyzylorda,Population of urban areas,,1.02
2010,per 100000 population,Mangistau,Population of urban areas,,1.47
2010,per 100000 population,Ontustik Kazakhstan,Population of urban areas,,4.51
2010,per 100000 population,Pavlodar,Population of urban areas,,12.15
2010,per 100000 population,Soltustik Kazakhstan,Population of urban areas,,2.52
2010,per 100000 population,Shygys Kazakhstan,Population of urban areas,,11.9
2010,per 100000 population,Nur-Sultan city,Population of urban areas,,10.7
2010,per 100000 population,Almaty city,Population of urban areas,,8.99
2010,per 100000 population,,Population of rural areas,,5.31
2010,per 100000 population,Akmola,Population of rural areas,,10.72
2010,per 100000 population,Aktobe,Population of rural areas,,5.69
2010,per 100000 population,Almaty,Population of rural areas,,6.2
2010,per 100000 population,Atyrau,Population of rural areas,,2.54
2010,per 100000 population,Batys Kazakhstan,Population of rural areas,,5.64
2010,per 100000 population,Zhambyl,Population of rural areas,,2.75
2010,per 100000 population,Karagandy,Population of rural areas,,6.38
2010,per 100000 population,Kostanay,Population of rural areas,,12.49
2010,per 100000 population,Kyzylorda,Population of rural areas,,2.49
2010,per 100000 population,Mangistau,Population of rural areas,,1.24
2010,per 100000 population,Ontustik Kazakhstan,Population of rural areas,,1.62
2010,per 100000 population,Pavlodar,Population of rural areas,,17.45
2010,per 100000 population,Soltustik Kazakhstan,Population of rural areas,,1.7
2010,per 100000 population,Shygys Kazakhstan,Population of rural areas,,7.77
2010,per 100000 population,,,Male,10.58
2010,per 100000 population,Akmola,,Male,16.68
2010,per 100000 population,Aktobe,,Male,5.12
2010,per 100000 population,Almaty,,Male,10.11
2010,per 100000 population,Atyrau,,Male,4.66
2010,per 100000 population,Batys Kazakhstan,,Male,9.24
2010,per 100000 population,Zhambyl,,Male,5.92
2010,per 100000 population,Karagandy,,Male,21.34
2010,per 100000 population,Kostanay,,Male,16.34
2010,per 100000 population,Kyzylorda,,Male,2.02
2010,per 100000 population,Mangistau,,Male,1.97
2010,per 100000 population,Ontustik Kazakhstan,,Male,3.83
2010,per 100000 population,Pavlodar,,Male,21.96
2010,per 100000 population,Soltustik Kazakhstan,,Male,2.49
2010,per 100000 population,Shygys Kazakhstan,,Male,14.31
2010,per 100000 population,Nur-Sultan city,,Male,16.78
2010,per 100000 population,Almaty city,,Male,14.79
2010,per 100000 population,,Population of urban areas,Male,13.32
2010,per 100000 population,Akmola,Population of urban areas,Male,16.9
2010,per 100000 population,Aktobe,Population of urban areas,Male,4.06
2010,per 100000 population,Almaty,Population of urban areas,Male,12.6
2010,per 100000 population,Atyrau,Population of urban areas,Male,5.02
2010,per 100000 population,Batys Kazakhstan,Population of urban areas,Male,10.53
2010,per 100000 population,Zhambyl,Population of urban areas,Male,8.07
2010,per 100000 population,Karagandy,Population of urban areas,Male,25.39
2010,per 100000 population,Kostanay,Population of urban areas,Male,14.87
2010,per 100000 population,Kyzylorda,Population of urban areas,Male,1.4
2010,per 100000 population,Mangistau,Population of urban areas,Male,1.51
2010,per 100000 population,Ontustik Kazakhstan,Population of urban areas,Male,7.09
2010,per 100000 population,Pavlodar,Population of urban areas,Male,20.89
2010,per 100000 population,Soltustik Kazakhstan,Population of urban areas,Male,4.64
2010,per 100000 population,Shygys Kazakhstan,Population of urban areas,Male,16.48
2010,per 100000 population,Nur-Sultan city,Population of urban areas,Male,16.78
2010,per 100000 population,Almaty city,Population of urban areas,Male,14.79
2010,per 100000 population,,Population of rural areas,Male,7.48
2010,per 100000 population,Akmola,Population of rural areas,Male,16.49
2010,per 100000 population,Aktobe,Population of rural areas,Male,6.71
2010,per 100000 population,Almaty,Population of rural areas,Male,9.38
2010,per 100000 population,Atyrau,Population of rural areas,Male,4.34
2010,per 100000 population,Batys Kazakhstan,Population of rural areas,Male,8.16
2010,per 100000 population,Zhambyl,Population of rural areas,Male,4.53
2010,per 100000 population,Karagandy,Population of rural areas,Male,8.05
2010,per 100000 population,Kostanay,Population of rural areas,Male,17.72
2010,per 100000 population,Kyzylorda,Population of rural areas,Male,2.45
2010,per 100000 population,Mangistau,Population of rural areas,Male,2.46
2010,per 100000 population,Ontustik Kazakhstan,Population of rural areas,Male,1.81
2010,per 100000 population,Pavlodar,Population of rural areas,Male,24.14
2010,per 100000 population,Soltustik Kazakhstan,Population of rural areas,Male,1.15
2010,per 100000 population,Shygys Kazakhstan,Population of rural areas,Male,11.58
2010,per 100000 population,,,Female,3.95
2010,per 100000 population,Akmola,,Female,6.31
2010,per 100000 population,Aktobe,,Female,3.25
2010,per 100000 population,Almaty,,Female,3.92
2010,per 100000 population,Atyrau,,Female,0.74
2010,per 100000 population,Batys Kazakhstan,,Female,4.14
2010,per 100000 population,Zhambyl,,Female,2.25
2010,per 100000 population,Karagandy,,Female,6.32
2010,per 100000 population,Kostanay,,Female,6.86
2010,per 100000 population,Kyzylorda,,Female,1.72
2010,per 100000 population,Mangistau,,Female,0.77
2010,per 100000 population,Ontustik Kazakhstan,,Female,1.71
2010,per 100000 population,Pavlodar,,Female,6.59
2010,per 100000 population,Soltustik Kazakhstan,,Female,1.61
2010,per 100000 population,Shygys Kazakhstan,,Female,6.4
2010,per 100000 population,Nur-Sultan city,,Female,4.92
2010,per 100000 population,Almaty city,,Female,4.08
2010,per 100000 population,,Population of urban areas,Female,4.59
2010,per 100000 population,Akmola,Population of urban areas,Female,7.67
2010,per 100000 population,Aktobe,Population of urban areas,Female,2.4
2010,per 100000 population,Almaty,Population of urban areas,Female,6.56
2010,per 100000 population,Atyrau,Population of urban areas,Female,0.76
2010,per 100000 population,Batys Kazakhstan,Population of urban areas,Female,5.2
2010,per 100000 population,Zhambyl,Population of urban areas,Female,4.03
2010,per 100000 population,Karagandy,Population of urban areas,Female,6.74
2010,per 100000 population,Kostanay,Population of urban areas,Female,6.24
2010,per 100000 population,Kyzylorda,Population of urban areas,Female,0.66
2010,per 100000 population,Mangistau,Population of urban areas,Female,1.43
2010,per 100000 population,Ontustik Kazakhstan,Population of urban areas,Female,2.12
2010,per 100000 population,Pavlodar,Population of urban areas,Female,4.71
2010,per 100000 population,Soltustik Kazakhstan,Population of urban areas,Female,0.77
2010,per 100000 population,Shygys Kazakhstan,Population of urban areas,Female,8.02
2010,per 100000 population,Nur-Sultan city,Population of urban areas,Female,4.92
2010,per 100000 population,Almaty city,Population of urban areas,Female,4.08
2010,per 100000 population,,Population of rural areas,Female,3.14
2010,per 100000 population,Akmola,Population of rural areas,Female,5.06
2010,per 100000 population,Aktobe,Population of rural areas,Female,4.67
2010,per 100000 population,Almaty,Population of rural areas,Female,3.07
2010,per 100000 population,Atyrau,Population of rural areas,Female,0.73
2010,per 100000 population,Batys Kazakhstan,Population of rural areas,Female,3.13
2010,per 100000 population,Zhambyl,Population of rural areas,Female,0.97
2010,per 100000 population,Karagandy,Population of rural areas,Female,4.71
2010,per 100000 population,Kostanay,Population of rural areas,Female,7.53
2010,per 100000 population,Kyzylorda,Population of rural areas,Female,2.53
2010,per 100000 population,Mangistau,Population of rural areas,Female,0.0
2010,per 100000 population,Ontustik Kazakhstan,Population of rural areas,Female,1.44
2010,per 100000 population,Pavlodar,Population of rural areas,Female,10.92
2010,per 100000 population,Soltustik Kazakhstan,Population of rural areas,Female,2.23
2010,per 100000 population,Shygys Kazakhstan,Population of rural areas,Female,4.03
2011,per 100000 population,,,,5.99
2011,per 100000 population,Akmola,,,10.38
2011,per 100000 population,Aktobe,,,2.69
2011,per 100000 population,Almaty,,,5.66
2011,per 100000 population,Atyrau,,,4.84
2011,per 100000 population,Batys Kazakhstan,,,6.06
2011,per 100000 population,Zhambyl,,,5.42
2011,per 100000 population,Karagandy,,,9.74
2011,per 100000 population,Kostanay,,,9.77
2011,per 100000 population,Kyzylorda,,,0.42
2011,per 100000 population,Mangistau,,,1.87
2011,per 100000 population,Ontustik Kazakhstan,,,1.77
2011,per 100000 population,Pavlodar,,,8.97
2011,per 100000 population,Soltustik Kazakhstan,,,1.7
2011,per 100000 population,Shygys Kazakhstan,,,7.45
2011,per 100000 population,Nur-Sultan city,,,8.06
2011,per 100000 population,Almaty city,,,10.62
2011,per 100000 population,,Population of urban areas,,7.33
2011,per 100000 population,Akmola,Population of urban areas,,11.4
2011,per 100000 population,Aktobe,Population of urban areas,,2.49
2011,per 100000 population,Almaty,Population of urban areas,,8.61
2011,per 100000 population,Atyrau,Population of urban areas,,6.22
2011,per 100000 population,Batys Kazakhstan,Population of urban areas,,7.49
2011,per 100000 population,Zhambyl,Population of urban areas,,6.15
2011,per 100000 population,Karagandy,Population of urban areas,,11.33
2011,per 100000 population,Kostanay,Population of urban areas,,9.44
2011,per 100000 population,Kyzylorda,Population of urban areas,,0.0
2011,per 100000 population,Mangistau,Population of urban areas,,1.43
2011,per 100000 population,Ontustik Kazakhstan,Population of urban areas,,2.95
2011,per 100000 population,Pavlodar,Population of urban areas,,7.79
2011,per 100000 population,Soltustik Kazakhstan,Population of urban areas,,0.42
2011,per 100000 population,Shygys Kazakhstan,Population of urban areas,,7.78
2011,per 100000 population,Nur-Sultan city,Population of urban areas,,8.06
2011,per 100000 population,Almaty city,Population of urban areas,,10.62
2011,per 100000 population,,Population of rural areas,,4.38
2011,per 100000 population,Akmola,Population of rural areas,,9.48
2011,per 100000 population,Aktobe,Population of rural areas,,3.0
2011,per 100000 population,Almaty,Population of rural areas,,4.76
2011,per 100000 population,Atyrau,Population of rural areas,,3.57
2011,per 100000 population,Batys Kazakhstan,Population of rural areas,,4.73
2011,per 100000 population,Zhambyl,Population of rural areas,,4.93
2011,per 100000 population,Karagandy,Population of rural areas,,4.06
2011,per 100000 population,Kostanay,Population of rural areas,,10.1
2011,per 100000 population,Kyzylorda,Population of rural areas,,0.74
2011,per 100000 population,Mangistau,Population of rural areas,,2.34
2011,per 100000 population,Ontustik Kazakhstan,Population of rural areas,,1.01
2011,per 100000 population,Pavlodar,Population of rural areas,,11.56
2011,per 100000 population,Soltustik Kazakhstan,Population of rural areas,,2.59
2011,per 100000 population,Shygys Kazakhstan,Population of rural areas,,6.99
2011,per 100000 population,,,Male,8.74
2011,per 100000 population,Akmola,,Male,15.0
2011,per 100000 population,Aktobe,,Male,3.19
2011,per 100000 population,Almaty,,Male,8.94
2011,per 100000 population,Atyrau,,Male,5.7
2011,per 100000 population,Batys Kazakhstan,,Male,8.49
2011,per 100000 population,Zhambyl,,Male,7.01
2011,per 100000 population,Karagandy,,Male,13.28
2011,per 100000 population,Kostanay,,Male,14.68
2011,per 100000 population,Kyzylorda,,Male,0.57
2011,per 100000 population,Mangistau,,Male,2.26
2011,per 100000 population,Ontustik Kazakhstan,,Male,2.18
2011,per 100000 population,Pavlodar,,Male,15.09
2011,per 100000 population,Soltustik Kazakhstan,,Male,1.07
2011,per 100000 population,Shygys Kazakhstan,,Male,10.85
2011,per 100000 population,Nur-Sultan city,,Male,13.18
2011,per 100000 population,Almaty city,,Male,18.05
2011,per 100000 population,,Population of urban areas,Male,11.33
2011,per 100000 population,Akmola,Population of urban areas,Male,16.25
2011,per 100000 population,Aktobe,Population of urban areas,Male,3.09
2011,per 100000 population,Almaty,Population of urban areas,Male,15.26
2011,per 100000 population,Atyrau,Population of urban areas,Male,8.14
2011,per 100000 population,Batys Kazakhstan,Population of urban areas,Male,11.04
2011,per 100000 population,Zhambyl,Population of urban areas,Male,9.04
2011,per 100000 population,Karagandy,Population of urban areas,Male,15.86
2011,per 100000 population,Kostanay,Population of urban areas,Male,15.26
2011,per 100000 population,Kyzylorda,Population of urban areas,Male,0.0
2011,per 100000 population,Mangistau,Population of urban areas,Male,0.74
2011,per 100000 population,Ontustik Kazakhstan,Population of urban areas,Male,3.88
2011,per 100000 population,Pavlodar,Population of urban areas,Male,13.98
2011,per 100000 population,Soltustik Kazakhstan,Population of urban areas,Male,0.0
2011,per 100000 population,Shygys Kazakhstan,Population of urban areas,Male,12.36
2011,per 100000 population,Nur-Sultan city,Population of urban areas,Male,13.18
2011,per 100000 population,Almaty city,Population of urban areas,Male,18.05
2011,per 100000 population,,Population of rural areas,Male,5.82
2011,per 100000 population,Akmola,Population of rural areas,Male,13.96
2011,per 100000 population,Aktobe,Population of rural areas,Male,3.34
2011,per 100000 population,Almaty,Population of rural areas,Male,7.1
2011,per 100000 population,Atyrau,Population of rural areas,Male,3.56
2011,per 100000 population,Batys Kazakhstan,Population of rural areas,Male,6.3
2011,per 100000 population,Zhambyl,Population of rural areas,Male,5.73
2011,per 100000 population,Karagandy,Population of rural areas,Male,4.72
2011,per 100000 population,Kostanay,Population of rural areas,Male,14.13
2011,per 100000 population,Kyzylorda,Population of rural areas,Male,0.97
2011,per 100000 population,Mangistau,Population of rural areas,Male,3.85
2011,per 100000 population,Ontustik Kazakhstan,Population of rural areas,Male,1.13
2011,per 100000 population,Pavlodar,Population of rural areas,Male,17.34
2011,per 100000 population,Soltustik Kazakhstan,Population of rural areas,Male,1.75
2011,per 100000 population,Shygys Kazakhstan,Population of rural areas,Male,8.92
2011,per 100000 population,,,Female,3.43
2011,per 100000 population,Akmola,,Female,6.07
2011,per 100000 population,Aktobe,,Female,2.22
2011,per 100000 population,Almaty,,Female,2.49
2011,per 100000 population,Atyrau,,Female,4.01
2011,per 100000 population,Batys Kazakhstan,,Female,3.8
2011,per 100000 population,Zhambyl,,Female,3.9
2011,per 100000 population,Karagandy,,Female,6.57
2011,per 100000 population,Kostanay,,Female,5.38
2011,per 100000 population,Kyzylorda,,Female,0.28
2011,per 100000 population,Mangistau,,Female,1.48
2011,per 100000 population,Ontustik Kazakhstan,,Female,1.37
2011,per 100000 population,Pavlodar,,Female,3.54
2011,per 100000 population,Soltustik Kazakhstan,,Female,2.28
2011,per 100000 population,Shygys Kazakhstan,,Female,4.37
2011,per 100000 population,Nur-Sultan city,,Female,3.23
2011,per 100000 population,Almaty city,,Female,4.37
2011,per 100000 population,,Population of urban areas,Female,3.8
2011,per 100000 population,Akmola,Population of urban areas,Female,7.14
2011,per 100000 population,Aktobe,Population of urban areas,Female,1.96
2011,per 100000 population,Almaty,Population of urban areas,Female,2.59
2011,per 100000 population,Atyrau,Population of urban areas,Female,4.46
2011,per 100000 population,Batys Kazakhstan,Population of urban areas,Female,4.44
2011,per 100000 population,Zhambyl,Population of urban areas,Female,3.58
2011,per 100000 population,Karagandy,Population of urban areas,Female,7.4
2011,per 100000 population,Kostanay,Population of urban areas,Female,4.55
2011,per 100000 population,Kyzylorda,Population of urban areas,Female,0.0
2011,per 100000 population,Mangistau,Population of urban areas,Female,2.09
2011,per 100000 population,Ontustik Kazakhstan,Population of urban areas,Female,2.09
2011,per 100000 population,Pavlodar,Population of urban areas,Female,2.53
2011,per 100000 population,Soltustik Kazakhstan,Population of urban areas,Female,0.76
2011,per 100000 population,Shygys Kazakhstan,Population of urban areas,Female,3.88
2011,per 100000 population,Nur-Sultan city,Population of urban areas,Female,3.23
2011,per 100000 population,Almaty city,Population of urban areas,Female,4.37
2011,per 100000 population,,Population of rural areas,Female,2.95
2011,per 100000 population,Akmola,Population of rural areas,Female,5.08
2011,per 100000 population,Aktobe,Population of rural areas,Female,2.66
2011,per 100000 population,Almaty,Population of rural areas,Female,2.46
2011,per 100000 population,Atyrau,Population of rural areas,Female,3.58
2011,per 100000 population,Batys Kazakhstan,Population of rural areas,Female,3.16
2011,per 100000 population,Zhambyl,Population of rural areas,Female,4.13
2011,per 100000 population,Karagandy,Population of rural areas,Female,3.39
2011,per 100000 population,Kostanay,Population of rural areas,Female,6.27
2011,per 100000 population,Kyzylorda,Population of rural areas,Female,0.5
2011,per 100000 population,Mangistau,Population of rural areas,Female,0.79
2011,per 100000 population,Ontustik Kazakhstan,Population of rural areas,Female,0.89
2011,per 100000 population,Pavlodar,Population of rural areas,Female,5.92
2011,per 100000 population,Soltustik Kazakhstan,Population of rural areas,Female,3.4
2011,per 100000 population,Shygys Kazakhstan,Population of rural areas,Female,5.08
2012,per 100000 population,,,,5.84
2012,per 100000 population,Akmola,,,8.61
2012,per 100000 population,Aktobe,,,4.04
2012,per 100000 population,Almaty,,,5.91
2012,per 100000 population,Atyrau,,,3.1
2012,per 100000 population,Batys Kazakhstan,,,4.39
2012,per 100000 population,Zhambyl,,,5.93
2012,per 100000 population,Karagandy,,,11.03
2012,per 100000 population,Kostanay,,,9.66
2012,per 100000 population,Kyzylorda,,,0.56
2012,per 100000 population,Mangistau,,,1.08
2012,per 100000 population,Ontustik Kazakhstan,,,1.89
2012,per 100000 population,Pavlodar,,,7.48
2012,per 100000 population,Soltustik Kazakhstan,,,3.61
2012,per 100000 population,Shygys Kazakhstan,,,7.31
2012,per 100000 population,Nur-Sultan city,,,7.63
2012,per 100000 population,Almaty city,,,9.1
2012,per 100000 population,,Population of urban areas,,7.15
2012,per 100000 population,Akmola,Population of urban areas,,7.58
2012,per 100000 population,Aktobe,Population of urban areas,,5.12
2012,per 100000 population,Almaty,Population of urban areas,,8.25
2012,per 100000 population,Atyrau,Population of urban areas,,2.65
2012,per 100000 population,Batys Kazakhstan,Population of urban areas,,4.66
2012,per 100000 population,Zhambyl,Population of urban areas,,7.29
2012,per 100000 population,Karagandy,Population of urban areas,,11.73
2012,per 100000 population,Kostanay,Population of urban areas,,11.59
2012,per 100000 population,Kyzylorda,Population of urban areas,,0.33
2012,per 100000 population,Mangistau,Population of urban areas,,1.05
2012,per 100000 population,Ontustik Kazakhstan,Population of urban areas,,3.09
2012,per 100000 population,Pavlodar,Population of urban areas,,7.94
2012,per 100000 population,Soltustik Kazakhstan,Population of urban areas,,5.44
2012,per 100000 population,Shygys Kazakhstan,Population of urban areas,,7.37
2012,per 100000 population,Nur-Sultan city,Population of urban areas,,7.63
2012,per 100000 population,Almaty city,Population of urban areas,,9.1
2012,per 100000 population,,Population of rural areas,,4.26
2012,per 100000 population,Akmola,Population of rural areas,,9.51
2012,per 100000 population,Aktobe,Population of rural areas,,2.31
2012,per 100000 population,Almaty,Population of rural areas,,5.2
2012,per 100000 population,Atyrau,Population of rural areas,,3.51
2012,per 100000 population,Batys Kazakhstan,Population of rural areas,,4.13
2012,per 100000 population,Zhambyl,Population of rural areas,,5.02
2012,per 100000 population,Karagandy,Population of rural areas,,8.49
2012,per 100000 population,Kostanay,Population of rural areas,,7.65
2012,per 100000 population,Kyzylorda,Population of rural areas,,0.73
2012,per 100000 population,Mangistau,Population of rural areas,,1.1
2012,per 100000 population,Ontustik Kazakhstan,Population of rural areas,,1.12
2012,per 100000 population,Pavlodar,Population of rural areas,,6.47
2012,per 100000 population,Soltustik Kazakhstan,Population of rural areas,,2.33
2012,per 100000 population,Shygys Kazakhstan,Population of rural areas,,7.23
2012,per 100000 population,,,Male,8.86
2012,per 100000 population,Akmola,,Male,13.01
2012,per 100000 population,Aktobe,,Male,5.51
2012,per 100000 population,Almaty,,Male,8.34
2012,per 100000 population,Atyrau,,Male,4.46
2012,per 100000 population,Batys Kazakhstan,,Male,7.07
2012,per 100000 population,Zhambyl,,Male,8.27
2012,per 100000 population,Karagandy,,Male,17.43
2012,per 100000 population,Kostanay,,Male,14.69
2012,per 100000 population,Kyzylorda,,Male,0.83
2012,per 100000 population,Mangistau,,Male,1.81
2012,per 100000 population,Ontustik Kazakhstan,,Male,2.74
2012,per 100000 population,Pavlodar,,Male,11.93
2012,per 100000 population,Soltustik Kazakhstan,,Male,5.41
2012,per 100000 population,Shygys Kazakhstan,,Male,10.71
2012,per 100000 population,Nur-Sultan city,,Male,11.43
2012,per 100000 population,Almaty city,,Male,16.36
2012,per 100000 population,,Population of urban areas,Male,11.07
2012,per 100000 population,Akmola,Population of urban areas,Male,11.83
2012,per 100000 population,Aktobe,Population of urban areas,Male,6.53
2012,per 100000 population,Almaty,Population of urban areas,Male,9.38
2012,per 100000 population,Atyrau,Population of urban areas,Male,3.17
2012,per 100000 population,Batys Kazakhstan,Population of urban areas,Male,7.93
2012,per 100000 population,Zhambyl,Population of urban areas,Male,9.97
2012,per 100000 population,Karagandy,Population of urban areas,Male,18.8
2012,per 100000 population,Kostanay,Population of urban areas,Male,17.07
2012,per 100000 population,Kyzylorda,Population of urban areas,Male,0.67
2012,per 100000 population,Mangistau,Population of urban areas,Male,1.44
2012,per 100000 population,Ontustik Kazakhstan,Population of urban areas,Male,4.6
2012,per 100000 population,Pavlodar,Population of urban areas,Male,13.47
2012,per 100000 population,Soltustik Kazakhstan,Population of urban areas,Male,9.25
2012,per 100000 population,Shygys Kazakhstan,Population of urban areas,Male,10.96
2012,per 100000 population,Nur-Sultan city,Population of urban areas,Male,11.43
2012,per 100000 population,Almaty city,Population of urban areas,Male,16.36
2012,per 100000 population,,Population of rural areas,Male,6.36
2012,per 100000 population,Akmola,Population of rural areas,Male,13.99
2012,per 100000 population,Aktobe,Population of rural areas,Male,3.96
2012,per 100000 population,Almaty,Population of rural areas,Male,8.04
2012,per 100000 population,Atyrau,Population of rural areas,Male,5.59
2012,per 100000 population,Batys Kazakhstan,Population of rural areas,Male,6.32
2012,per 100000 population,Zhambyl,Population of rural areas,Male,7.21
2012,per 100000 population,Karagandy,Population of rural areas,Male,12.84
2012,per 100000 population,Kostanay,Population of rural areas,Male,12.37
2012,per 100000 population,Kyzylorda,Population of rural areas,Male,0.95
2012,per 100000 population,Mangistau,Population of rural areas,Male,2.18
2012,per 100000 population,Ontustik Kazakhstan,Population of rural areas,Male,1.6
2012,per 100000 population,Pavlodar,Population of rural areas,Male,8.72
2012,per 100000 population,Soltustik Kazakhstan,Population of rural areas,Male,2.96
2012,per 100000 population,Shygys Kazakhstan,Population of rural areas,Male,10.38
2012,per 100000 population,,,Female,3.03
2012,per 100000 population,Akmola,,Female,4.49
2012,per 100000 population,Aktobe,,Female,2.68
2012,per 100000 population,Almaty,,Female,3.57
2012,per 100000 population,Atyrau,,Female,1.79
2012,per 100000 population,Batys Kazakhstan,,Female,1.89
2012,per 100000 population,Zhambyl,,Female,3.68
2012,per 100000 population,Karagandy,,Female,5.29
2012,per 100000 population,Kostanay,,Female,5.17
2012,per 100000 population,Kyzylorda,,Female,0.28
2012,per 100000 population,Mangistau,,Female,0.36
2012,per 100000 population,Ontustik Kazakhstan,,Female,1.05
2012,per 100000 population,Pavlodar,,Female,3.53
2012,per 100000 population,Soltustik Kazakhstan,,Female,1.97
2012,per 100000 population,Shygys Kazakhstan,,Female,4.24
2012,per 100000 population,Nur-Sultan city,,Female,4.07
2012,per 100000 population,Almaty city,,Female,3.02
2012,per 100000 population,,Population of urban areas,Female,3.7
2012,per 100000 population,Akmola,Population of urban areas,Female,3.84
2012,per 100000 population,Aktobe,Population of urban areas,Female,3.87
2012,per 100000 population,Almaty,Population of urban areas,Female,7.23
2012,per 100000 population,Atyrau,Population of urban areas,Female,2.17
2012,per 100000 population,Batys Kazakhstan,Population of urban areas,Female,1.86
2012,per 100000 population,Zhambyl,Population of urban areas,Female,4.9
2012,per 100000 population,Karagandy,Population of urban areas,Female,5.6
2012,per 100000 population,Kostanay,Population of urban areas,Female,6.98
2012,per 100000 population,Kyzylorda,Population of urban areas,Female,0.0
2012,per 100000 population,Mangistau,Population of urban areas,Female,0.68
2012,per 100000 population,Ontustik Kazakhstan,Population of urban areas,Female,1.68
2012,per 100000 population,Pavlodar,Population of urban areas,Female,3.23
2012,per 100000 population,Soltustik Kazakhstan,Population of urban areas,Female,2.29
2012,per 100000 population,Shygys Kazakhstan,Population of urban areas,Female,4.32
2012,per 100000 population,Nur-Sultan city,Population of urban areas,Female,4.07
2012,per 100000 population,Almaty city,Population of urban areas,Female,3.02
2012,per 100000 population,,Population of rural areas,Female,2.16
2012,per 100000 population,Akmola,Population of rural areas,Female,5.1
2012,per 100000 population,Aktobe,Population of rural areas,Female,0.66
2012,per 100000 population,Almaty,Population of rural areas,Female,2.41
2012,per 100000 population,Atyrau,Population of rural areas,Female,1.41
2012,per 100000 population,Batys Kazakhstan,Population of rural areas,Female,1.91
2012,per 100000 population,Zhambyl,Population of rural areas,Female,2.82
2012,per 100000 population,Karagandy,Population of rural areas,Female,4.09
2012,per 100000 population,Kostanay,Population of rural areas,Female,3.17
2012,per 100000 population,Kyzylorda,Population of rural areas,Female,0.49
2012,per 100000 population,Mangistau,Population of rural areas,Female,0.0
2012,per 100000 population,Ontustik Kazakhstan,Population of rural areas,Female,0.63
2012,per 100000 population,Pavlodar,Population of rural areas,Female,4.27
2012,per 100000 population,Soltustik Kazakhstan,Population of rural areas,Female,1.73
2012,per 100000 population,Shygys Kazakhstan,Population of rural areas,Female,4.11
2013,per 100000 population,,,,4.63
2013,per 100000 population,Akmola,,,6.4
2013,per 100000 population,Aktobe,,,3.24
2013,per 100000 population,Almaty,,,4.17
2013,per 100000 population,Atyrau,,,2.32
2013,per 100000 population,Batys Kazakhstan,,,3.7
2013,per 100000 population,Zhambyl,,,7.33
2013,per 100000 population,Karagandy,,,6.59
2013,per 100000 population,Kostanay,,,8.29
2013,per 100000 population,Kyzylorda,,,2.32
2013,per 100000 population,Mangistau,,,1.04
2013,per 100000 population,Ontustik Kazakhstan,,,3.14
2013,per 100000 population,Pavlodar,,,3.2
2013,per 100000 population,Soltustik Kazakhstan,,,3.63
2013,per 100000 population,Shygys Kazakhstan,,,3.66
2013,per 100000 population,Nur-Sultan city,,,6.28
2013,per 100000 population,Almaty city,,,6.84
2013,per 100000 population,,Population of urban areas,,5.55
2013,per 100000 population,Akmola,Population of urban areas,,5.21
2013,per 100000 population,Aktobe,Population of urban areas,,2.22
2013,per 100000 population,Almaty,Population of urban areas,,7.69
2013,per 100000 population,Atyrau,Population of urban areas,,2.25
2013,per 100000 population,Batys Kazakhstan,Population of urban areas,,4.26
2013,per 100000 population,Zhambyl,Population of urban areas,,12.26
2013,per 100000 population,Karagandy,Population of urban areas,,7.64
2013,per 100000 population,Kostanay,Population of urban areas,,9.05
2013,per 100000 population,Kyzylorda,Population of urban areas,,1.91
2013,per 100000 population,Mangistau,Population of urban areas,,1.03
2013,per 100000 population,Ontustik Kazakhstan,Population of urban areas,,4.72
2013,per 100000 population,Pavlodar,Population of urban areas,,4.03
2013,per 100000 population,Soltustik Kazakhstan,Population of urban areas,,2.5
2013,per 100000 population,Shygys Kazakhstan,Population of urban areas,,2.69
2013,per 100000 population,Nur-Sultan city,Population of urban areas,,6.28
2013,per 100000 population,Almaty city,Population of urban areas,,6.84
2013,per 100000 population,,Population of rural areas,,3.52
2013,per 100000 population,Akmola,Population of rural areas,,7.46
2013,per 100000 population,Aktobe,Population of rural areas,,4.88
2013,per 100000 population,Almaty,Population of rural areas,,3.11
2013,per 100000 population,Atyrau,Population of rural areas,,2.37
2013,per 100000 population,Batys Kazakhstan,Population of rural areas,,3.17
2013,per 100000 population,Zhambyl,Population of rural areas,,4.03
2013,per 100000 population,Karagandy,Population of rural areas,,2.73
2013,per 100000 population,Kostanay,Population of rural areas,,7.48
2013,per 100000 population,Kyzylorda,Population of rural areas,,2.62
2013,per 100000 population,Mangistau,Population of rural areas,,1.04
2013,per 100000 population,Ontustik Kazakhstan,Population of rural areas,,2.13
2013,per 100000 population,Pavlodar,Population of rural areas,,1.31
2013,per 100000 population,Soltustik Kazakhstan,Population of rural areas,,4.44
2013,per 100000 population,Shygys Kazakhstan,Population of rural areas,,5.04
2013,per 100000 population,,,Male,6.87
2013,per 100000 population,Akmola,,Male,9.31
2013,per 100000 population,Aktobe,,Male,4.14
2013,per 100000 population,Almaty,,Male,5.59
2013,per 100000 population,Atyrau,,Male,3.27
2013,per 100000 population,Batys Kazakhstan,,Male,6.0
2013,per 100000 population,Zhambyl,,Male,8.91
2013,per 100000 population,Karagandy,,Male,11.0
2013,per 100000 population,Kostanay,,Male,13.23
2013,per 100000 population,Kyzylorda,,Male,3.28
2013,per 100000 population,Mangistau,,Male,1.74
2013,per 100000 population,Ontustik Kazakhstan,,Male,4.1
2013,per 100000 population,Pavlodar,,Male,5.09
2013,per 100000 population,Soltustik Kazakhstan,,Male,5.81
2013,per 100000 population,Shygys Kazakhstan,,Male,5.43
2013,per 100000 population,Nur-Sultan city,,Male,9.89
2013,per 100000 population,Almaty city,,Male,12.07
2013,per 100000 population,,Population of urban areas,Male,8.74
2013,per 100000 population,Akmola,Population of urban areas,Male,8.04
2013,per 100000 population,Aktobe,Population of urban areas,Male,2.57
2013,per 100000 population,Almaty,Population of urban areas,Male,10.63
2013,per 100000 population,Atyrau,Population of urban areas,Male,3.93
2013,per 100000 population,Batys Kazakhstan,Population of urban areas,Male,8.51
2013,per 100000 population,Zhambyl,Population of urban areas,Male,15.19
2013,per 100000 population,Karagandy,Population of urban areas,Male,12.65
2013,per 100000 population,Kostanay,Population of urban areas,Male,15.46
2013,per 100000 population,Kyzylorda,Population of urban areas,Male,2.62
2013,per 100000 population,Mangistau,Population of urban areas,Male,2.12
2013,per 100000 population,Ontustik Kazakhstan,Population of urban areas,Male,7.04
2013,per 100000 population,Pavlodar,Population of urban areas,Male,6.67
2013,per 100000 population,Soltustik Kazakhstan,Population of urban areas,Male,3.68
2013,per 100000 population,Shygys Kazakhstan,Population of urban areas,Male,3.98
2013,per 100000 population,Nur-Sultan city,Population of urban areas,Male,9.89
2013,per 100000 population,Almaty city,Population of urban areas,Male,12.07
2013,per 100000 population,,Population of rural areas,Male,4.74
2013,per 100000 population,Akmola,Population of rural areas,Male,10.37
2013,per 100000 population,Aktobe,Population of rural areas,Male,6.51
2013,per 100000 population,Almaty,Population of rural areas,Male,4.14
2013,per 100000 population,Atyrau,Population of rural areas,Male,2.7
2013,per 100000 population,Batys Kazakhstan,Population of rural areas,Male,3.78
2013,per 100000 population,Zhambyl,Population of rural areas,Male,4.95
2013,per 100000 population,Karagandy,Population of rural areas,Male,5.42
2013,per 100000 population,Kostanay,Population of rural areas,Male,11.02
2013,per 100000 population,Kyzylorda,Population of rural areas,Male,3.75
2013,per 100000 population,Mangistau,Population of rural areas,Male,1.38
2013,per 100000 population,Ontustik Kazakhstan,Population of rural areas,Male,2.29
2013,per 100000 population,Pavlodar,Population of rural areas,Male,1.76
2013,per 100000 population,Soltustik Kazakhstan,Population of rural areas,Male,7.2
2013,per 100000 population,Shygys Kazakhstan,Population of rural areas,Male,7.34
2013,per 100000 population,,,Female,2.54
2013,per 100000 population,Akmola,,Female,3.69
2013,per 100000 population,Aktobe,,Female,2.41
2013,per 100000 population,Almaty,,Female,2.8
2013,per 100000 population,Atyrau,,Female,1.4
2013,per 100000 population,Batys Kazakhstan,,Female,1.56
2013,per 100000 population,Zhambyl,,Female,5.82
2013,per 100000 population,Karagandy,,Female,2.64
2013,per 100000 population,Kostanay,,Female,3.87
2013,per 100000 population,Kyzylorda,,Female,1.36
2013,per 100000 population,Mangistau,,Female,0.34
2013,per 100000 population,Ontustik Kazakhstan,,Female,2.2
2013,per 100000 population,Pavlodar,,Female,1.51
2013,per 100000 population,Soltustik Kazakhstan,,Female,1.65
2013,per 100000 population,Shygys Kazakhstan,,Female,2.05
2013,per 100000 population,Nur-Sultan city,,Female,2.91
2013,per 100000 population,Almaty city,,Female,2.46
2013,per 100000 population,,Population of urban areas,Female,2.74
2013,per 100000 population,Akmola,Population of urban areas,Female,2.72
2013,per 100000 population,Aktobe,Population of urban areas,Female,1.91
2013,per 100000 population,Almaty,Population of urban areas,Female,5.03
2013,per 100000 population,Atyrau,Population of urban areas,Female,0.72
2013,per 100000 population,Batys Kazakhstan,Population of urban areas,Female,0.61
2013,per 100000 population,Zhambyl,Population of urban areas,Female,9.65
2013,per 100000 population,Karagandy,Population of urban areas,Female,3.31
2013,per 100000 population,Kostanay,Population of urban areas,Female,3.66
2013,per 100000 population,Kyzylorda,Population of urban areas,Female,1.25
2013,per 100000 population,Mangistau,Population of urban areas,Female,0.0
2013,per 100000 population,Ontustik Kazakhstan,Population of urban areas,Female,2.56
2013,per 100000 population,Pavlodar,Population of urban areas,Female,1.78
2013,per 100000 population,Soltustik Kazakhstan,Population of urban areas,Female,1.52
2013,per 100000 population,Shygys Kazakhstan,Population of urban areas,Female,1.58
2013,per 100000 population,Nur-Sultan city,Population of urban areas,Female,2.91
2013,per 100000 population,Almaty city,Population of urban areas,Female,2.46
2013,per 100000 population,,Population of rural areas,Female,2.29
2013,per 100000 population,Akmola,Population of rural areas,Female,4.59
2013,per 100000 population,Aktobe,Population of rural areas,Female,3.24
2013,per 100000 population,Almaty,Population of rural areas,Female,2.1
2013,per 100000 population,Atyrau,Population of rural areas,Female,2.05
2013,per 100000 population,Batys Kazakhstan,Population of rural areas,Female,2.55
2013,per 100000 population,Zhambyl,Population of rural areas,Female,3.11
2013,per 100000 population,Karagandy,Population of rural areas,Female,0.0
2013,per 100000 population,Kostanay,Population of rural areas,Female,4.11
2013,per 100000 population,Kyzylorda,Population of rural areas,Female,1.45
2013,per 100000 population,Mangistau,Population of rural areas,Female,0.7
2013,per 100000 population,Ontustik Kazakhstan,Population of rural areas,Female,1.96
2013,per 100000 population,Pavlodar,Population of rural areas,Female,0.86
2013,per 100000 population,Soltustik Kazakhstan,Population of rural areas,Female,1.75
2013,per 100000 population,Shygys Kazakhstan,Population of rural areas,Female,2.77
2014,per 100000 population,,,,4.35
2014,per 100000 population,Akmola,,,8.29
2014,per 100000 population,Aktobe,,,2.45
2014,per 100000 population,Almaty,,,3.74
2014,per 100000 population,Atyrau,,,3.65
2014,per 100000 population,Batys Kazakhstan,,,4.15
2014,per 100000 population,Zhambyl,,,3.76
2014,per 100000 population,Karagandy,,,5.6
2014,per 100000 population,Kostanay,,,8.4
2014,per 100000 population,Kyzylorda,,,1.34
2014,per 100000 population,Mangistau,,,1.51
2014,per 100000 population,Ontustik Kazakhstan,,,4.13
2014,per 100000 population,Pavlodar,,,3.98
2014,per 100000 population,Soltustik Kazakhstan,,,3.31
2014,per 100000 population,Shygys Kazakhstan,,,3.87
2014,per 100000 population,Nur-Sultan city,,,5.04
2014,per 100000 population,Almaty city,,,5.15
2014,per 100000 population,,Population of urban areas,,4.75
2014,per 100000 population,Akmola,Population of urban areas,,8.36
2014,per 100000 population,Aktobe,Population of urban areas,,2.18
2014,per 100000 population,Almaty,Population of urban areas,,3.47
2014,per 100000 population,Atyrau,Population of urban areas,,2.97
2014,per 100000 population,Batys Kazakhstan,Population of urban areas,,5.81
2014,per 100000 population,Zhambyl,Population of urban areas,,3.64
2014,per 100000 population,Karagandy,Population of urban areas,,6.37
2014,per 100000 population,Kostanay,Population of urban areas,,7.21
2014,per 100000 population,Kyzylorda,Population of urban areas,,1.56
2014,per 100000 population,Mangistau,Population of urban areas,,1.43
2014,per 100000 population,Ontustik Kazakhstan,Population of urban areas,,5.7
2014,per 100000 population,Pavlodar,Population of urban areas,,4.36
2014,per 100000 population,Soltustik Kazakhstan,Population of urban areas,,2.89
2014,per 100000 population,Shygys Kazakhstan,Population of urban areas,,3.64
2014,per 100000 population,Nur-Sultan city,Population of urban areas,,5.04
2014,per 100000 population,Almaty city,Population of urban areas,,5.15
2014,per 100000 population,,Population of rural areas,,3.84
2014,per 100000 population,Akmola,Population of rural areas,,8.22
2014,per 100000 population,Aktobe,Population of rural areas,,2.89
2014,per 100000 population,Almaty,Population of rural areas,,3.82
2014,per 100000 population,Atyrau,Population of rural areas,,4.26
2014,per 100000 population,Batys Kazakhstan,Population of rural areas,,2.52
2014,per 100000 population,Zhambyl,Population of rural areas,,3.84
2014,per 100000 population,Karagandy,Population of rural areas,,2.75
2014,per 100000 population,Kostanay,Population of rural areas,,9.68
2014,per 100000 population,Kyzylorda,Population of rural areas,,1.18
2014,per 100000 population,Mangistau,Population of rural areas,,1.58
2014,per 100000 population,Ontustik Kazakhstan,Population of rural areas,,3.0
2014,per 100000 population,Pavlodar,Population of rural areas,,3.09
2014,per 100000 population,Soltustik Kazakhstan,Population of rural areas,,3.62
2014,per 100000 population,Shygys Kazakhstan,Population of rural areas,,4.21
2014,per 100000 population,,,Male,6.29
2014,per 100000 population,Akmola,,Male,12.66
2014,per 100000 population,Aktobe,,Male,3.81
2014,per 100000 population,Almaty,,Male,5.21
2014,per 100000 population,Atyrau,,Male,3.55
2014,per 100000 population,Batys Kazakhstan,,Male,5.94
2014,per 100000 population,Zhambyl,,Male,5.79
2014,per 100000 population,Karagandy,,Male,8.16
2014,per 100000 population,Kostanay,,Male,10.57
2014,per 100000 population,Kyzylorda,,Male,2.15
2014,per 100000 population,Mangistau,,Male,1.01
2014,per 100000 population,Ontustik Kazakhstan,,Male,5.55
2014,per 100000 population,Pavlodar,,Male,6.19
2014,per 100000 population,Soltustik Kazakhstan,,Male,4.75
2014,per 100000 population,Shygys Kazakhstan,,Male,6.18
2014,per 100000 population,Nur-Sultan city,,Male,6.71
2014,per 100000 population,Almaty city,,Male,9.6
2014,per 100000 population,,Population of urban areas,Male,7.34
2014,per 100000 population,Akmola,Population of urban areas,Male,12.93
2014,per 100000 population,Aktobe,Population of urban areas,Male,3.77
2014,per 100000 population,Almaty,Population of urban areas,Male,5.46
2014,per 100000 population,Atyrau,Population of urban areas,Male,4.66
2014,per 100000 population,Batys Kazakhstan,Population of urban areas,Male,10.46
2014,per 100000 population,Zhambyl,Population of urban areas,Male,5.29
2014,per 100000 population,Karagandy,Population of urban areas,Male,9.54
2014,per 100000 population,Kostanay,Population of urban areas,Male,10.03
2014,per 100000 population,Kyzylorda,Population of urban areas,Male,2.55
2014,per 100000 population,Mangistau,Population of urban areas,Male,0.0
2014,per 100000 population,Ontustik Kazakhstan,Population of urban areas,Male,7.84
2014,per 100000 population,Pavlodar,Population of urban areas,Male,6.59
2014,per 100000 population,Soltustik Kazakhstan,Population of urban areas,Male,4.56
2014,per 100000 population,Shygys Kazakhstan,Population of urban areas,Male,6.32
2014,per 100000 population,Nur-Sultan city,Population of urban areas,Male,6.71
2014,per 100000 population,Almaty city,Population of urban areas,Male,9.6
2014,per 100000 population,,Population of rural areas,Male,5.04
2014,per 100000 population,Akmola,Population of rural areas,Male,12.43
2014,per 100000 population,Aktobe,Population of rural areas,Male,3.87
2014,per 100000 population,Almaty,Population of rural areas,Male,5.13
2014,per 100000 population,Atyrau,Population of rural areas,Male,2.61
2014,per 100000 population,Batys Kazakhstan,Population of rural areas,Male,1.88
2014,per 100000 population,Zhambyl,Population of rural areas,Male,6.11
2014,per 100000 population,Karagandy,Population of rural areas,Male,3.41
2014,per 100000 population,Kostanay,Population of rural areas,Male,11.11
2014,per 100000 population,Kyzylorda,Population of rural areas,Male,1.85
2014,per 100000 population,Mangistau,Population of rural areas,Male,1.9
2014,per 100000 population,Ontustik Kazakhstan,Population of rural areas,Male,3.95
2014,per 100000 population,Pavlodar,Population of rural areas,Male,5.32
2014,per 100000 population,Soltustik Kazakhstan,Population of rural areas,Male,4.88
2014,per 100000 population,Shygys Kazakhstan,Population of rural areas,Male,5.99
2014,per 100000 population,,,Female,2.54
2014,per 100000 population,Akmola,,Female,4.2
2014,per 100000 population,Aktobe,,Female,1.18
2014,per 100000 population,Almaty,,Female,2.32
2014,per 100000 population,Atyrau,,Female,3.76
2014,per 100000 population,Batys Kazakhstan,,Female,2.47
2014,per 100000 population,Zhambyl,,Female,1.8
2014,per 100000 population,Karagandy,,Female,3.31
2014,per 100000 population,Kostanay,,Female,6.45
2014,per 100000 population,Kyzylorda,,Female,0.54
2014,per 100000 population,Mangistau,,Female,2.0
2014,per 100000 population,Ontustik Kazakhstan,,Female,2.73
2014,per 100000 population,Pavlodar,,Female,2.01
2014,per 100000 population,Soltustik Kazakhstan,,Female,2.0
2014,per 100000 population,Shygys Kazakhstan,,Female,1.78
2014,per 100000 population,Nur-Sultan city,,Female,3.48
2014,per 100000 population,Almaty city,,Female,1.4
2014,per 100000 population,,Population of urban areas,Female,2.46
2014,per 100000 population,Akmola,Population of urban areas,Female,4.34
2014,per 100000 population,Aktobe,Population of urban areas,Female,0.75
2014,per 100000 population,Almaty,Population of urban areas,Female,1.65
2014,per 100000 population,Atyrau,Population of urban areas,Female,1.42
2014,per 100000 population,Batys Kazakhstan,Population of urban areas,Female,1.8
2014,per 100000 population,Zhambyl,Population of urban areas,Female,2.16
2014,per 100000 population,Karagandy,Population of urban areas,Female,3.62
2014,per 100000 population,Kostanay,Population of urban areas,Female,4.83
2014,per 100000 population,Kyzylorda,Population of urban areas,Female,0.61
2014,per 100000 population,Mangistau,Population of urban areas,Female,2.82
2014,per 100000 population,Ontustik Kazakhstan,Population of urban areas,Female,3.68
2014,per 100000 population,Pavlodar,Population of urban areas,Female,2.46
2014,per 100000 population,Soltustik Kazakhstan,Population of urban areas,Female,1.51
2014,per 100000 population,Shygys Kazakhstan,Population of urban areas,Female,1.35
2014,per 100000 population,Nur-Sultan city,Population of urban areas,Female,3.48
2014,per 100000 population,Almaty city,Population of urban areas,Female,1.4
2014,per 100000 population,,Population of rural areas,Female,2.64
2014,per 100000 population,Akmola,Population of rural areas,Female,4.08
2014,per 100000 population,Aktobe,Population of rural areas,Female,1.92
2014,per 100000 population,Almaty,Population of rural areas,Female,2.53
2014,per 100000 population,Atyrau,Population of rural areas,Female,5.93
2014,per 100000 population,Batys Kazakhstan,Population of rural areas,Female,3.17
2014,per 100000 population,Zhambyl,Population of rural areas,Female,1.54
2014,per 100000 population,Karagandy,Population of rural areas,Female,2.08
2014,per 100000 population,Kostanay,Population of rural areas,Female,8.31
2014,per 100000 population,Kyzylorda,Population of rural areas,Female,0.48
2014,per 100000 population,Mangistau,Population of rural areas,Female,1.26
2014,per 100000 population,Ontustik Kazakhstan,Population of rural areas,Female,2.02
2014,per 100000 population,Pavlodar,Population of rural areas,Female,0.88
2014,per 100000 population,Soltustik Kazakhstan,Population of rural areas,Female,2.38
2014,per 100000 population,Shygys Kazakhstan,Population of rural areas,Female,2.45
2015,per 100000 population,,,,3.73
2015,per 100000 population,Akmola,,,8.1
2015,per 100000 population,Aktobe,,,2.41
2015,per 100000 population,Almaty,,,5.53
2015,per 100000 population,Atyrau,,,0.85
2015,per 100000 population,Batys Kazakhstan,,,2.84
2015,per 100000 population,Zhambyl,,,1.81
2015,per 100000 population,Karagandy,,,5.5
2015,per 100000 population,Kostanay,,,7.59
2015,per 100000 population,Kyzylorda,,,1.32
2015,per 100000 population,Mangistau,,,0.32
2015,per 100000 population,Ontustik Kazakhstan,,,2.38
2015,per 100000 population,Pavlodar,,,0.92
2015,per 100000 population,Soltustik Kazakhstan,,,2.45
2015,per 100000 population,Shygys Kazakhstan,,,3.58
2015,per 100000 population,Nur-Sultan city,,,5.22
2015,per 100000 population,Almaty city,,,5.2
2015,per 100000 population,,Population of urban areas,,4.02
2015,per 100000 population,Akmola,Population of urban areas,,9.73
2015,per 100000 population,Aktobe,Population of urban areas,,2.52
2015,per 100000 population,Almaty,Population of urban areas,,8.33
2015,per 100000 population,Atyrau,Population of urban areas,,1.08
2015,per 100000 population,Batys Kazakhstan,Population of urban areas,,2.86
2015,per 100000 population,Zhambyl,Population of urban areas,,1.57
2015,per 100000 population,Karagandy,Population of urban areas,,5.4
2015,per 100000 population,Kostanay,Population of urban areas,,7.55
2015,per 100000 population,Kyzylorda,Population of urban areas,,1.21
2015,per 100000 population,Mangistau,Population of urban areas,,0.37
2015,per 100000 population,Ontustik Kazakhstan,Population of urban areas,,2.69
2015,per 100000 population,Pavlodar,Population of urban areas,,0.56
2015,per 100000 population,Soltustik Kazakhstan,Population of urban areas,,0.81
2015,per 100000 population,Shygys Kazakhstan,Population of urban areas,,2.89
2015,per 100000 population,Nur-Sultan city,Population of urban areas,,5.22
2015,per 100000 population,Almaty city,Population of urban areas,,5.2
2015,per 100000 population,,Population of rural areas,,3.37
2015,per 100000 population,Akmola,Population of rural areas,,6.65
2015,per 100000 population,Aktobe,Population of rural areas,,2.24
2015,per 100000 population,Almaty,Population of rural areas,,4.64
2015,per 100000 population,Atyrau,Population of rural areas,,0.65
2015,per 100000 population,Batys Kazakhstan,Population of rural areas,,2.82
2015,per 100000 population,Zhambyl,Population of rural areas,,1.97
2015,per 100000 population,Karagandy,Population of rural areas,,5.88
2015,per 100000 population,Kostanay,Population of rural areas,,7.64
2015,per 100000 population,Kyzylorda,Population of rural areas,,1.4
2015,per 100000 population,Mangistau,Population of rural areas,,0.29
2015,per 100000 population,Ontustik Kazakhstan,Population of rural areas,,2.13
2015,per 100000 population,Pavlodar,Population of rural areas,,1.78
2015,per 100000 population,Soltustik Kazakhstan,Population of rural areas,,3.7
2015,per 100000 population,Shygys Kazakhstan,Population of rural areas,,4.61
2015,per 100000 population,,,Male,5.25
2015,per 100000 population,Akmola,,Male,11.18
2015,per 100000 population,Aktobe,,Male,2.75
2015,per 100000 population,Almaty,,Male,7.14
2015,per 100000 population,Atyrau,,Male,1.04
2015,per 100000 population,Batys Kazakhstan,,Male,4.25
2015,per 100000 population,Zhambyl,,Male,2.21
2015,per 100000 population,Karagandy,,Male,8.42
2015,per 100000 population,Kostanay,,Male,11.02
2015,per 100000 population,Kyzylorda,,Male,1.58
2015,per 100000 population,Mangistau,,Male,0.33
2015,per 100000 population,Ontustik Kazakhstan,,Male,2.93
2015,per 100000 population,Pavlodar,,Male,1.68
2015,per 100000 population,Soltustik Kazakhstan,,Male,3.68
2015,per 100000 population,Shygys Kazakhstan,,Male,4.36
2015,per 100000 population,Nur-Sultan city,,Male,7.45
2015,per 100000 population,Almaty city,,Male,9.55
2015,per 100000 population,,Population of urban areas,Male,6.06
2015,per 100000 population,Akmola,Population of urban areas,Male,12.83
2015,per 100000 population,Aktobe,Population of urban areas,Male,3.27
2015,per 100000 population,Almaty,Population of urban areas,Male,12.54
2015,per 100000 population,Atyrau,Population of urban areas,Male,1.5
2015,per 100000 population,Batys Kazakhstan,Population of urban areas,Male,4.8
2015,per 100000 population,Zhambyl,Population of urban areas,Male,2.37
2015,per 100000 population,Karagandy,Population of urban areas,Male,8.47
2015,per 100000 population,Kostanay,Population of urban areas,Male,11.3
2015,per 100000 population,Kyzylorda,Population of urban areas,Male,1.24
2015,per 100000 population,Mangistau,Population of urban areas,Male,0.0
2015,per 100000 population,Ontustik Kazakhstan,Population of urban areas,Male,3.42
2015,per 100000 population,Pavlodar,Population of urban areas,Male,0.82
2015,per 100000 population,Soltustik Kazakhstan,Population of urban areas,Male,1.79
2015,per 100000 population,Shygys Kazakhstan,Population of urban areas,Male,3.65
2015,per 100000 population,Nur-Sultan city,Population of urban areas,Male,7.45
2015,per 100000 population,Almaty city,Population of urban areas,Male,9.55
2015,per 100000 population,,Population of rural areas,Male,4.26
2015,per 100000 population,Akmola,Population of rural areas,Male,9.79
2015,per 100000 population,Aktobe,Population of rural areas,Male,1.92
2015,per 100000 population,Almaty,Population of rural areas,Male,5.49
2015,per 100000 population,Atyrau,Population of rural areas,Male,0.64
2015,per 100000 population,Batys Kazakhstan,Population of rural areas,Male,3.74
2015,per 100000 population,Zhambyl,Population of rural areas,Male,2.12
2015,per 100000 population,Karagandy,Population of rural areas,Male,8.23
2015,per 100000 population,Kostanay,Population of rural areas,Male,10.74
2015,per 100000 population,Kyzylorda,Population of rural areas,Male,1.83
2015,per 100000 population,Mangistau,Population of rural areas,Male,0.58
2015,per 100000 population,Ontustik Kazakhstan,Population of rural areas,Male,2.55
2015,per 100000 population,Pavlodar,Population of rural areas,Male,3.57
2015,per 100000 population,Soltustik Kazakhstan,Population of rural areas,Male,4.98
2015,per 100000 population,Shygys Kazakhstan,Population of rural areas,Male,5.33
2015,per 100000 population,,,Female,2.32
2015,per 100000 population,Akmola,,Female,5.23
2015,per 100000 population,Aktobe,,Female,2.1
2015,per 100000 population,Almaty,,Female,3.97
2015,per 100000 population,Atyrau,,Female,0.67
2015,per 100000 population,Batys Kazakhstan,,Female,1.53
2015,per 100000 population,Zhambyl,,Female,1.42
2015,per 100000 population,Karagandy,,Female,2.89
2015,per 100000 population,Kostanay,,Female,4.51
2015,per 100000 population,Kyzylorda,,Female,1.05
2015,per 100000 population,Mangistau,,Female,0.32
2015,per 100000 population,Ontustik Kazakhstan,,Female,1.84
2015,per 100000 population,Pavlodar,,Female,0.25
2015,per 100000 population,Soltustik Kazakhstan,,Female,1.34
2015,per 100000 population,Shygys Kazakhstan,,Female,2.87
2015,per 100000 population,Nur-Sultan city,,Female,3.13
2015,per 100000 population,Almaty city,,Female,1.54
2015,per 100000 population,,Population of urban areas,Female,2.2
2015,per 100000 population,Akmola,Population of urban areas,Female,7.01
2015,per 100000 population,Aktobe,Population of urban areas,Female,1.84
2015,per 100000 population,Almaty,Population of urban areas,Female,4.49
2015,per 100000 population,Atyrau,Population of urban areas,Female,0.69
2015,per 100000 population,Batys Kazakhstan,Population of urban areas,Female,1.18
2015,per 100000 population,Zhambyl,Population of urban areas,Female,0.85
2015,per 100000 population,Karagandy,Population of urban areas,Female,2.74
2015,per 100000 population,Kostanay,Population of urban areas,Female,4.38
2015,per 100000 population,Kyzylorda,Population of urban areas,Female,1.19
2015,per 100000 population,Mangistau,Population of urban areas,Female,0.74
2015,per 100000 population,Ontustik Kazakhstan,Population of urban areas,Female,2.0
2015,per 100000 population,Pavlodar,Population of urban areas,Female,0.35
2015,per 100000 population,Soltustik Kazakhstan,Population of urban areas,Female,0.0
2015,per 100000 population,Shygys Kazakhstan,Population of urban areas,Female,2.23
2015,per 100000 population,Nur-Sultan city,Population of urban areas,Female,3.13
2015,per 100000 population,Almaty city,Population of urban areas,Female,1.54
2015,per 100000 population,,Population of rural areas,Female,2.47
2015,per 100000 population,Akmola,Population of rural areas,Female,3.55
2015,per 100000 population,Aktobe,Population of rural areas,Female,2.55
2015,per 100000 population,Almaty,Population of rural areas,Female,3.8
2015,per 100000 population,Atyrau,Population of rural areas,Female,0.65
2015,per 100000 population,Batys Kazakhstan,Population of rural areas,Female,1.89
2015,per 100000 population,Zhambyl,Population of rural areas,Female,1.83
2015,per 100000 population,Karagandy,Population of rural areas,Female,3.49
2015,per 100000 population,Kostanay,Population of rural areas,Female,4.67
2015,per 100000 population,Kyzylorda,Population of rural areas,Female,0.95
2015,per 100000 population,Mangistau,Population of rural areas,Female,0.0
2015,per 100000 population,Ontustik Kazakhstan,Population of rural areas,Female,1.69
2015,per 100000 population,Pavlodar,Population of rural areas,Female,0.0
2015,per 100000 population,Soltustik Kazakhstan,Population of rural areas,Female,2.44
2015,per 100000 population,Shygys Kazakhstan,Population of rural areas,Female,3.89
2016,per 100000 population,,,,3.15
2016,per 100000 population,Akmola,,,7.03
2016,per 100000 population,Aktobe,,,1.9
2016,per 100000 population,Almaty,,,4.02
2016,per 100000 population,Atyrau,,,1.33
2016,per 100000 population,Batys Kazakhstan,,,2.82
2016,per 100000 population,Zhambyl,,,1.8
2016,per 100000 population,Karagandy,,,3.83
2016,per 100000 population,Kostanay,,,5.56
2016,per 100000 population,Kyzylorda,,,1.04
2016,per 100000 population,Mangistau,,,1.26
2016,per 100000 population,Ontustik Kazakhstan,,,2.8
2016,per 100000 population,Pavlodar,,,1.98
2016,per 100000 population,Soltustik Kazakhstan,,,3.18
2016,per 100000 population,Shygys Kazakhstan,,,2.58
2016,per 100000 population,Nur-Sultan city,,,3.58
2016,per 100000 population,Almaty city,,,3.94
2016,per 100000 population,,Population of urban areas,,3.09
2016,per 100000 population,Akmola,Population of urban areas,,6.86
2016,per 100000 population,Aktobe,Population of urban areas,,1.9
2016,per 100000 population,Almaty,Population of urban areas,,4.86
2016,per 100000 population,Atyrau,Population of urban areas,,1.74
2016,per 100000 population,Batys Kazakhstan,Population of urban areas,,2.49
2016,per 100000 population,Zhambyl,Population of urban areas,,0.67
2016,per 100000 population,Karagandy,Population of urban areas,,4.19
2016,per 100000 population,Kostanay,Population of urban areas,,3.42
2016,per 100000 population,Kyzylorda,Population of urban areas,,1.48
2016,per 100000 population,Mangistau,Population of urban areas,,1.1
2016,per 100000 population,Ontustik Kazakhstan,Population of urban areas,,2.95
2016,per 100000 population,Pavlodar,Population of urban areas,,1.68
2016,per 100000 population,Soltustik Kazakhstan,Population of urban areas,,2.41
2016,per 100000 population,Shygys Kazakhstan,Population of urban areas,,1.91
2016,per 100000 population,Nur-Sultan city,Population of urban areas,,3.58
2016,per 100000 population,Almaty city,Population of urban areas,,3.94
2016,per 100000 population,,Population of rural areas,,3.24
2016,per 100000 population,Akmola,Population of rural areas,,7.19
2016,per 100000 population,Aktobe,Population of rural areas,,1.91
2016,per 100000 population,Almaty,Population of rural areas,,3.75
2016,per 100000 population,Atyrau,Population of rural areas,,0.96
2016,per 100000 population,Batys Kazakhstan,Population of rural areas,,3.14
2016,per 100000 population,Zhambyl,Population of rural areas,,2.56
2016,per 100000 population,Karagandy,Population of rural areas,,2.45
2016,per 100000 population,Kostanay,Population of rural areas,,7.98
2016,per 100000 population,Kyzylorda,Population of rural areas,,0.69
2016,per 100000 population,Mangistau,Population of rural areas,,1.38
2016,per 100000 population,Ontustik Kazakhstan,Population of rural areas,,2.68
2016,per 100000 population,Pavlodar,Population of rural areas,,2.69
2016,per 100000 population,Soltustik Kazakhstan,Population of rural areas,,3.78
2016,per 100000 population,Shygys Kazakhstan,Population of rural areas,,3.6
2016,per 100000 population,,,Male,4.43
2016,per 100000 population,Akmola,,Male,10.07
2016,per 100000 population,Aktobe,,Male,3.45
2016,per 100000 population,Almaty,,Male,5.99
2016,per 100000 population,Atyrau,,Male,2.71
2016,per 100000 population,Batys Kazakhstan,,Male,3.24
2016,per 100000 population,Zhambyl,,Male,2.2
2016,per 100000 population,Karagandy,,Male,5.49
2016,per 100000 population,Kostanay,,Male,8.39
2016,per 100000 population,Kyzylorda,,Male,1.56
2016,per 100000 population,Mangistau,,Male,1.58
2016,per 100000 population,Ontustik Kazakhstan,,Male,2.88
2016,per 100000 population,Pavlodar,,Male,3.07
2016,per 100000 population,Soltustik Kazakhstan,,Male,3.7
2016,per 100000 population,Shygys Kazakhstan,,Male,3.62
2016,per 100000 population,Nur-Sultan city,,Male,5.85
2016,per 100000 population,Almaty city,,Male,6.21
2016,per 100000 population,,Population of urban areas,Male,4.59
2016,per 100000 population,Akmola,Population of urban areas,Male,9.74
2016,per 100000 population,Aktobe,Population of urban areas,Male,4.01
2016,per 100000 population,Almaty,Population of urban areas,Male,8.41
2016,per 100000 population,Atyrau,Population of urban areas,Male,3.63
2016,per 100000 population,Batys Kazakhstan,Population of urban areas,Male,2.69
2016,per 100000 population,Zhambyl,Population of urban areas,Male,0.94
2016,per 100000 population,Karagandy,Population of urban areas,Male,5.68
2016,per 100000 population,Kostanay,Population of urban areas,Male,5.59
2016,per 100000 population,Kyzylorda,Population of urban areas,Male,2.43
2016,per 100000 population,Mangistau,Population of urban areas,Male,0.73
2016,per 100000 population,Ontustik Kazakhstan,Population of urban areas,Male,3.5
2016,per 100000 population,Pavlodar,Population of urban areas,Male,2.84
2016,per 100000 population,Soltustik Kazakhstan,Population of urban areas,Male,3.54
2016,per 100000 population,Shygys Kazakhstan,Population of urban areas,Male,2.33
2016,per 100000 population,Nur-Sultan city,Population of urban areas,Male,5.85
2016,per 100000 population,Almaty city,Population of urban areas,Male,6.21
2016,per 100000 population,,Population of rural areas,Male,4.23
2016,per 100000 population,Akmola,Population of rural areas,Male,10.35
2016,per 100000 population,Aktobe,Population of rural areas,Male,2.55
2016,per 100000 population,Almaty,Population of rural areas,Male,5.25
2016,per 100000 population,Atyrau,Population of rural areas,Male,1.9
2016,per 100000 population,Batys Kazakhstan,Population of rural areas,Male,3.74
2016,per 100000 population,Zhambyl,Population of rural areas,Male,3.0
2016,per 100000 population,Karagandy,Population of rural areas,Male,4.84
2016,per 100000 population,Kostanay,Population of rural areas,Male,11.35
2016,per 100000 population,Kyzylorda,Population of rural areas,Male,0.91
2016,per 100000 population,Mangistau,Population of rural areas,Male,2.23
2016,per 100000 population,Ontustik Kazakhstan,Population of rural areas,Male,2.39
2016,per 100000 population,Pavlodar,Population of rural areas,Male,3.59
2016,per 100000 population,Soltustik Kazakhstan,Population of rural areas,Male,3.81
2016,per 100000 population,Shygys Kazakhstan,Population of rural areas,Male,5.41
2016,per 100000 population,,,Female,1.96
2016,per 100000 population,Akmola,,Female,4.19
2016,per 100000 population,Aktobe,,Female,0.46
2016,per 100000 population,Almaty,,Female,2.11
2016,per 100000 population,Atyrau,,Female,0.0
2016,per 100000 population,Batys Kazakhstan,,Female,2.42
2016,per 100000 population,Zhambyl,,Female,1.41
2016,per 100000 population,Karagandy,,Female,2.33
2016,per 100000 population,Kostanay,,Female,3.02
2016,per 100000 population,Kyzylorda,,Female,0.52
2016,per 100000 population,Mangistau,,Female,0.94
2016,per 100000 population,Ontustik Kazakhstan,,Female,2.71
2016,per 100000 population,Pavlodar,,Female,1.0
2016,per 100000 population,Soltustik Kazakhstan,,Female,2.7
2016,per 100000 population,Shygys Kazakhstan,,Female,1.65
2016,per 100000 population,Nur-Sultan city,,Female,1.46
2016,per 100000 population,Almaty city,,Female,2.03
2016,per 100000 population,,Population of urban areas,Female,1.75
2016,per 100000 population,Akmola,Population of urban areas,Female,4.31
2016,per 100000 population,Aktobe,Population of urban areas,Female,0.0
2016,per 100000 population,Almaty,Population of urban areas,Female,1.62
2016,per 100000 population,Atyrau,Population of urban areas,Female,0.0
2016,per 100000 population,Batys Kazakhstan,Population of urban areas,Female,2.32
2016,per 100000 population,Zhambyl,Population of urban areas,Female,0.42
2016,per 100000 population,Karagandy,Population of urban areas,Female,2.9
2016,per 100000 population,Kostanay,Population of urban areas,Female,1.58
2016,per 100000 population,Kyzylorda,Population of urban areas,Female,0.58
2016,per 100000 population,Mangistau,Population of urban areas,Female,1.47
2016,per 100000 population,Ontustik Kazakhstan,Population of urban areas,Female,2.42
2016,per 100000 population,Pavlodar,Population of urban areas,Female,0.69
2016,per 100000 population,Soltustik Kazakhstan,Population of urban areas,Female,1.47
2016,per 100000 population,Shygys Kazakhstan,Population of urban areas,Female,1.55
2016,per 100000 population,Nur-Sultan city,Population of urban areas,Female,1.46
2016,per 100000 population,Almaty city,Population of urban areas,Female,2.03
2016,per 100000 population,,Population of rural areas,Female,2.25
2016,per 100000 population,Akmola,Population of rural areas,Female,4.08
2016,per 100000 population,Aktobe,Population of rural areas,Female,1.27
2016,per 100000 population,Almaty,Population of rural areas,Female,2.27
2016,per 100000 population,Atyrau,Population of rural areas,Female,0.0
2016,per 100000 population,Batys Kazakhstan,Population of rural areas,Female,2.53
2016,per 100000 population,Zhambyl,Population of rural areas,Female,2.12
2016,per 100000 population,Karagandy,Population of rural areas,Female,0.0
2016,per 100000 population,Kostanay,Population of rural areas,Female,4.74
2016,per 100000 population,Kyzylorda,Population of rural areas,Female,0.47
2016,per 100000 population,Mangistau,Population of rural areas,Female,0.55
2016,per 100000 population,Ontustik Kazakhstan,Population of rural areas,Female,2.96
2016,per 100000 population,Pavlodar,Population of rural areas,Female,1.79
2016,per 100000 population,Soltustik Kazakhstan,Population of rural areas,Female,3.75
2016,per 100000 population,Shygys Kazakhstan,Population of rural areas,Female,1.8
2017,per 100000 population,,,,2.95
2017,per 100000 population,Akmola,,,6.11
2017,per 100000 population,Aktobe,,,2.47
2017,per 100000 population,Almaty,,,3.9
2017,per 100000 population,Atyrau,,,0.98
2017,per 100000 population,Batys Kazakhstan,,,1.86
2017,per 100000 population,Zhambyl,,,1.79
2017,per 100000 population,Karagandy,,,3.76
2017,per 100000 population,Kostanay,,,3.31
2017,per 100000 population,Kyzylorda,,,1.93
2017,per 100000 population,Mangistau,,,1.84
2017,per 100000 population,Ontustik Kazakhstan,,,2.58
2017,per 100000 population,Pavlodar,,,0.93
2017,per 100000 population,Soltustik Kazakhstan,,,2.85
2017,per 100000 population,Shygys Kazakhstan,,,2.74
2017,per 100000 population,Nur-Sultan city,,,3.0
2017,per 100000 population,Almaty city,,,4.28
2017,per 100000 population,,Population of urban areas,,3.12
2017,per 100000 population,Akmola,Population of urban areas,,6.02
2017,per 100000 population,Aktobe,Population of urban areas,,2.6
2017,per 100000 population,Almaty,Population of urban areas,,4.68
2017,per 100000 population,Atyrau,Population of urban areas,,0.68
2017,per 100000 population,Batys Kazakhstan,Population of urban areas,,2.74
2017,per 100000 population,Zhambyl,Population of urban areas,,1.57
2017,per 100000 population,Karagandy,Population of urban areas,,4.1
2017,per 100000 population,Kostanay,Population of urban areas,,2.76
2017,per 100000 population,Kyzylorda,Population of urban areas,,3.2
2017,per 100000 population,Mangistau,Population of urban areas,,2.21
2017,per 100000 population,Ontustik Kazakhstan,Population of urban areas,,3.1
2017,per 100000 population,Pavlodar,Population of urban areas,,1.12
2017,per 100000 population,Soltustik Kazakhstan,Population of urban areas,,1.2
2017,per 100000 population,Shygys Kazakhstan,Population of urban areas,,1.9
2017,per 100000 population,Nur-Sultan city,Population of urban areas,,3.0
2017,per 100000 population,Almaty city,Population of urban areas,,4.28
2017,per 100000 population,,Population of rural areas,,2.73
2017,per 100000 population,Akmola,Population of rural areas,,6.19
2017,per 100000 population,Aktobe,Population of rural areas,,2.24
2017,per 100000 population,Almaty,Population of rural areas,,3.66
2017,per 100000 population,Atyrau,Population of rural areas,,1.25
2017,per 100000 population,Batys Kazakhstan,Population of rural areas,,0.95
2017,per 100000 population,Zhambyl,Population of rural areas,,1.94
2017,per 100000 population,Karagandy,Population of rural areas,,2.48
2017,per 100000 population,Kostanay,Population of rural areas,,3.94
2017,per 100000 population,Kyzylorda,Population of rural areas,,0.92
2017,per 100000 population,Mangistau,Population of rural areas,,1.58
2017,per 100000 population,Ontustik Kazakhstan,Population of rural areas,,2.15
2017,per 100000 population,Pavlodar,Population of rural areas,,0.45
2017,per 100000 population,Soltustik Kazakhstan,Population of rural areas,,4.18
2017,per 100000 population,Shygys Kazakhstan,Population of rural areas,,4.04
2017,per 100000 population,,,Male,4.08
2017,per 100000 population,Akmola,,Male,8.13
2017,per 100000 population,Aktobe,,Male,4.61
2017,per 100000 population,Almaty,,Male,5.36
2017,per 100000 population,Atyrau,,Male,1.65
2017,per 100000 population,Batys Kazakhstan,,Male,2.89
2017,per 100000 population,Zhambyl,,Male,2.55
2017,per 100000 population,Karagandy,,Male,5.65
2017,per 100000 population,Kostanay,,Male,4.33
2017,per 100000 population,Kyzylorda,,Male,2.82
2017,per 100000 population,Mangistau,,Male,3.39
2017,per 100000 population,Ontustik Kazakhstan,,Male,2.7
2017,per 100000 population,Pavlodar,,Male,1.12
2017,per 100000 population,Soltustik Kazakhstan,,Male,2.61
2017,per 100000 population,Shygys Kazakhstan,,Male,3.63
2017,per 100000 population,Nur-Sultan city,,Male,3.52
2017,per 100000 population,Almaty city,,Male,7.27
2017,per 100000 population,,Population of urban areas,Male,4.56
2017,per 100000 population,Akmola,Population of urban areas,Male,9.15
2017,per 100000 population,Aktobe,Population of urban areas,Male,4.7
2017,per 100000 population,Almaty,Population of urban areas,Male,6.68
2017,per 100000 population,Atyrau,Population of urban areas,Male,0.71
2017,per 100000 population,Batys Kazakhstan,Population of urban areas,Male,4.59
2017,per 100000 population,Zhambyl,Population of urban areas,Male,2.83
2017,per 100000 population,Karagandy,Population of urban areas,Male,6.25
2017,per 100000 population,Kostanay,Population of urban areas,Male,3.7
2017,per 100000 population,Kyzylorda,Population of urban areas,Male,4.16
2017,per 100000 population,Mangistau,Population of urban areas,Male,3.67
2017,per 100000 population,Ontustik Kazakhstan,Population of urban areas,Male,3.73
2017,per 100000 population,Pavlodar,Population of urban areas,Male,1.62
2017,per 100000 population,Soltustik Kazakhstan,Population of urban areas,Male,0.88
2017,per 100000 population,Shygys Kazakhstan,Population of urban areas,Male,2.32
2017,per 100000 population,Nur-Sultan city,Population of urban areas,Male,3.52
2017,per 100000 population,Almaty city,Population of urban areas,Male,7.27
2017,per 100000 population,,Population of rural areas,Male,3.47
2017,per 100000 population,Akmola,Population of rural areas,Male,7.26
2017,per 100000 population,Aktobe,Population of rural areas,Male,4.47
2017,per 100000 population,Almaty,Population of rural areas,Male,4.98
2017,per 100000 population,Atyrau,Population of rural areas,Male,2.48
2017,per 100000 population,Batys Kazakhstan,Population of rural areas,Male,1.26
2017,per 100000 population,Zhambyl,Population of rural areas,Male,2.37
2017,per 100000 population,Karagandy,Population of rural areas,Male,3.5
2017,per 100000 population,Kostanay,Population of rural areas,Male,5.0
2017,per 100000 population,Kyzylorda,Population of rural areas,Male,1.81
2017,per 100000 population,Mangistau,Population of rural areas,Male,3.18
2017,per 100000 population,Ontustik Kazakhstan,Population of rural areas,Male,1.87
2017,per 100000 population,Pavlodar,Population of rural areas,Male,0.0
2017,per 100000 population,Soltustik Kazakhstan,Population of rural areas,Male,3.89
2017,per 100000 population,Shygys Kazakhstan,Population of rural areas,Male,5.51
2017,per 100000 population,,,Female,1.89
2017,per 100000 population,Akmola,,Female,4.21
2017,per 100000 population,Aktobe,,Female,0.45
2017,per 100000 population,Almaty,,Female,2.47
2017,per 100000 population,Atyrau,,Female,0.32
2017,per 100000 population,Batys Kazakhstan,,Female,0.9
2017,per 100000 population,Zhambyl,,Female,1.06
2017,per 100000 population,Karagandy,,Female,2.06
2017,per 100000 population,Kostanay,,Female,2.38
2017,per 100000 population,Kyzylorda,,Female,1.03
2017,per 100000 population,Mangistau,,Female,0.31
2017,per 100000 population,Ontustik Kazakhstan,,Female,2.47
2017,per 100000 population,Pavlodar,,Female,0.75
2017,per 100000 population,Soltustik Kazakhstan,,Female,3.07
2017,per 100000 population,Shygys Kazakhstan,,Female,1.93
2017,per 100000 population,Nur-Sultan city,,Female,2.5
2017,per 100000 population,Almaty city,,Female,1.76
2017,per 100000 population,,Population of urban areas,Female,1.83
2017,per 100000 population,Akmola,Population of urban areas,Female,3.25
2017,per 100000 population,Aktobe,Population of urban areas,Female,0.71
2017,per 100000 population,Almaty,Population of urban areas,Female,2.86
2017,per 100000 population,Atyrau,Population of urban areas,Female,0.65
2017,per 100000 population,Batys Kazakhstan,Population of urban areas,Female,1.13
2017,per 100000 population,Zhambyl,Population of urban areas,Female,0.43
2017,per 100000 population,Karagandy,Population of urban areas,Female,2.21
2017,per 100000 population,Kostanay,Population of urban areas,Female,1.96
2017,per 100000 population,Kyzylorda,Population of urban areas,Female,2.28
2017,per 100000 population,Mangistau,Population of urban areas,Female,0.74
2017,per 100000 population,Ontustik Kazakhstan,Population of urban areas,Female,2.51
2017,per 100000 population,Pavlodar,Population of urban areas,Female,0.7
2017,per 100000 population,Soltustik Kazakhstan,Population of urban areas,Female,1.46
2017,per 100000 population,Shygys Kazakhstan,Population of urban areas,Female,1.54
2017,per 100000 population,Nur-Sultan city,Population of urban areas,Female,2.5
2017,per 100000 population,Almaty city,Population of urban areas,Female,1.76
2017,per 100000 population,,Population of rural areas,Female,1.98
2017,per 100000 population,Akmola,Population of rural areas,Female,5.12
2017,per 100000 population,Aktobe,Population of rural areas,Female,0.0
2017,per 100000 population,Almaty,Population of rural areas,Female,2.35
2017,per 100000 population,Atyrau,Population of rural areas,Female,0.0
2017,per 100000 population,Batys Kazakhstan,Population of rural areas,Female,0.64
2017,per 100000 population,Zhambyl,Population of rural areas,Female,1.5
2017,per 100000 population,Karagandy,Population of rural areas,Female,1.43
2017,per 100000 population,Kostanay,Population of rural areas,Female,2.9
2017,per 100000 population,Kyzylorda,Population of rural areas,Female,0.0
2017,per 100000 population,Mangistau,Population of rural areas,Female,0.0
2017,per 100000 population,Ontustik Kazakhstan,Population of rural areas,Female,2.43
2017,per 100000 population,Pavlodar,Population of rural areas,Female,0.9
2017,per 100000 population,Soltustik Kazakhstan,Population of rural areas,Female,4.47
2017,per 100000 population,Shygys Kazakhstan,Population of rural areas,Female,2.57
2018,per 100000 population,,,,2.77
2018,per 100000 population,Akmola,,,6.36
2018,per 100000 population,Aktobe,,,2.08
2018,per 100000 population,Almaty,,,3.45
2018,per 100000 population,Atyrau,,,0.8
2018,per 100000 population,Batys Kazakhstan,,,3.54
2018,per 100000 population,Zhambyl,,,1.87
2018,per 100000 population,Karagandy,,,3.04
2018,per 100000 population,Kostanay,,,3.32
2018,per 100000 population,Kyzylorda,,,0.51
2018,per 100000 population,Mangistau,,,2.09
2018,per 100000 population,Pavlodar,,,1.72
2018,per 100000 population,Soltustik Kazakhstan,,,3.41
2018,per 100000 population,Turkistan,,,2.52
2018,per 100000 population,Shygys Kazakhstan,,,2.9
2018,per 100000 population,Nur-Sultan city,,,2.85
2018,per 100000 population,Almaty city,,,3.06
2018,per 100000 population,Shymkent city,,,2.55
2018,per 100000 population,,Population of urban areas,,2.84
2018,per 100000 population,Akmola,Population of urban areas,,6.89
2018,per 100000 population,Aktobe,Population of urban areas,,2.3
2018,per 100000 population,Almaty,Population of urban areas,,5.42
2018,per 100000 population,Atyrau,Population of urban areas,,0.31
2018,per 100000 population,Batys Kazakhstan,Population of urban areas,,2.38
2018,per 100000 population,Zhambyl,Population of urban areas,,2.24
2018,per 100000 population,Karagandy,Population of urban areas,,3.64
2018,per 100000 population,Kostanay,Population of urban areas,,3.37
2018,per 100000 population,Kyzylorda,Population of urban areas,,0.86
2018,per 100000 population,Mangistau,Population of urban areas,,3.33
2018,per 100000 population,Pavlodar,Population of urban areas,,2.25
2018,per 100000 population,Soltustik Kazakhstan,Population of urban areas,,0.79
2018,per 100000 population,Turkistan,Population of urban areas,,2.31
2018,per 100000 population,Shygys Kazakhstan,Population of urban areas,,2.01
2018,per 100000 population,Nur-Sultan city,Population of urban areas,,2.85
2018,per 100000 population,Almaty city,Population of urban areas,,3.06
2018,per 100000 population,Shymkent city,Population of urban areas,,2.55
2018,per 100000 population,,Population of rural areas,,2.67
2018,per 100000 population,Akmola,Population of rural areas,,5.89
2018,per 100000 population,Aktobe,Population of rural areas,,1.57
2018,per 100000 population,Almaty,Population of rural areas,,2.87
2018,per 100000 population,Atyrau,Population of rural areas,,1.34
2018,per 100000 population,Batys Kazakhstan,Population of rural areas,,4.79
2018,per 100000 population,Zhambyl,Population of rural areas,,1.63
2018,per 100000 population,Karagandy,Population of rural areas,,0.71
2018,per 100000 population,Kostanay,Population of rural areas,,3.25
2018,per 100000 population,Kyzylorda,Population of rural areas,,0.23
2018,per 100000 population,Mangistau,Population of rural areas,,1.25
2018,per 100000 population,Pavlodar,Population of rural areas,,0.45
2018,per 100000 population,Soltustik Kazakhstan,Population of rural areas,,5.59
2018,per 100000 population,Turkistan,Population of rural areas,,2.58
2018,per 100000 population,Shygys Kazakhstan,Population of rural areas,,4.31
2018,per 100000 population,,,Male,3.89
2018,per 100000 population,Akmola,,Male,9.49
2018,per 100000 population,Aktobe,,Male,3.11
2018,per 100000 population,Almaty,,Male,4.38
2018,per 100000 population,Atyrau,,Male,0.65
2018,per 100000 population,Batys Kazakhstan,,Male,5.08
2018,per 100000 population,Zhambyl,,Male,2.36
2018,per 100000 population,Karagandy,,Male,4.74
2018,per 100000 population,Kostanay,,Male,5.06
2018,per 100000 population,Kyzylorda,,Male,0.51
2018,per 100000 population,Mangistau,,Male,2.1
2018,per 100000 population,Pavlodar,,Male,3.08
2018,per 100000 population,Soltustik Kazakhstan,,Male,4.13
2018,per 100000 population,Turkistan,,Male,2.79
2018,per 100000 population,Shygys Kazakhstan,,Male,4.25
2018,per 100000 population,Nur-Sultan city,,Male,4.14
2018,per 100000 population,Almaty city,,Male,4.91
2018,per 100000 population,Shymkent city,,Male,4.45
2018,per 100000 population,,Population of urban areas,Male,4.34
2018,per 100000 population,Akmola,Population of urban areas,Male,11.58
2018,per 100000 population,Aktobe,Population of urban areas,Male,3.45
2018,per 100000 population,Almaty,Population of urban areas,Male,7.71
2018,per 100000 population,Atyrau,Population of urban areas,Male,0.0
2018,per 100000 population,Batys Kazakhstan,Population of urban areas,Male,4.48
2018,per 100000 population,Zhambyl,Population of urban areas,Male,3.31
2018,per 100000 population,Karagandy,Population of urban areas,Male,5.66
2018,per 100000 population,Kostanay,Population of urban areas,Male,5.05
2018,per 100000 population,Kyzylorda,Population of urban areas,Male,1.17
2018,per 100000 population,Mangistau,Population of urban areas,Male,3.7
2018,per 100000 population,Pavlodar,Population of urban areas,Male,4.47
2018,per 100000 population,Soltustik Kazakhstan,Population of urban areas,Male,0.87
2018,per 100000 population,Turkistan,Population of urban areas,Male,1.53
2018,per 100000 population,Shygys Kazakhstan,Population of urban areas,Male,3.06
2018,per 100000 population,Nur-Sultan city,Population of urban areas,Male,4.14
2018,per 100000 population,Almaty city,Population of urban areas,Male,4.91
2018,per 100000 population,Shymkent city,Population of urban areas,Male,4.45
2018,per 100000 population,,Population of rural areas,Male,3.3
2018,per 100000 population,Akmola,Population of rural areas,Male,7.72
2018,per 100000 population,Aktobe,Population of rural areas,Male,2.34
2018,per 100000 population,Almaty,Population of rural areas,Male,3.45
2018,per 100000 population,Atyrau,Population of rural areas,Male,1.32
2018,per 100000 population,Batys Kazakhstan,Population of rural areas,Male,5.68
2018,per 100000 population,Zhambyl,Population of rural areas,Male,1.76
2018,per 100000 population,Karagandy,Population of rural areas,Male,1.41
2018,per 100000 population,Kostanay,Population of rural areas,Male,5.08
2018,per 100000 population,Kyzylorda,Population of rural areas,Male,0.0
2018,per 100000 population,Mangistau,Population of rural areas,Male,1.01
2018,per 100000 population,Pavlodar,Population of rural areas,Male,0.0
2018,per 100000 population,Soltustik Kazakhstan,Population of rural areas,Male,6.6
2018,per 100000 population,Turkistan,Population of rural areas,Male,3.1
2018,per 100000 population,Shygys Kazakhstan,Population of rural areas,Male,5.99
2018,per 100000 population,,,Female,1.72
2018,per 100000 population,Akmola,,Female,3.42
2018,per 100000 population,Aktobe,,Female,1.12
2018,per 100000 population,Almaty,,Female,2.54
2018,per 100000 population,Atyrau,,Female,0.94
2018,per 100000 population,Batys Kazakhstan,,Female,2.09
2018,per 100000 population,Zhambyl,,Female,1.4
2018,per 100000 population,Karagandy,,Female,1.52
2018,per 100000 population,Kostanay,,Female,1.74
2018,per 100000 population,Kyzylorda,,Female,0.51
2018,per 100000 population,Mangistau,,Female,2.08
2018,per 100000 population,Pavlodar,,Female,0.5
2018,per 100000 population,Soltustik Kazakhstan,,Female,2.75
2018,per 100000 population,Turkistan,,Female,2.25
2018,per 100000 population,Shygys Kazakhstan,,Female,1.66
2018,per 100000 population,Nur-Sultan city,,Female,1.64
2018,per 100000 population,Almaty city,,Female,1.51
2018,per 100000 population,Shymkent city,,Female,0.79
2018,per 100000 population,,Population of urban areas,Female,1.5
2018,per 100000 population,Akmola,Population of urban areas,Female,2.71
2018,per 100000 population,Aktobe,Population of urban areas,Female,1.26
2018,per 100000 population,Almaty,Population of urban areas,Female,3.33
2018,per 100000 population,Atyrau,Population of urban areas,Female,0.59
2018,per 100000 population,Batys Kazakhstan,Population of urban areas,Female,0.56
2018,per 100000 population,Zhambyl,Population of urban areas,Female,1.28
2018,per 100000 population,Karagandy,Population of urban areas,Female,1.88
2018,per 100000 population,Kostanay,Population of urban areas,Female,1.95
2018,per 100000 population,Kyzylorda,Population of urban areas,Female,0.56
2018,per 100000 population,Mangistau,Population of urban areas,Female,2.96
2018,per 100000 population,Pavlodar,Population of urban areas,Female,0.35
2018,per 100000 population,Soltustik Kazakhstan,Population of urban areas,Female,0.73
2018,per 100000 population,Turkistan,Population of urban areas,Female,3.1
2018,per 100000 population,Shygys Kazakhstan,Population of urban areas,Female,1.1
2018,per 100000 population,Nur-Sultan city,Population of urban areas,Female,1.64
2018,per 100000 population,Almaty city,Population of urban areas,Female,1.51
2018,per 100000 population,Shymkent city,Population of urban areas,Female,0.79
2018,per 100000 population,,Population of rural areas,Female,2.04
2018,per 100000 population,Akmola,Population of rural areas,Female,4.08
2018,per 100000 population,Aktobe,Population of rural areas,Female,0.79
2018,per 100000 population,Almaty,Population of rural areas,Female,2.3
2018,per 100000 population,Atyrau,Population of rural areas,Female,1.35
2018,per 100000 population,Batys Kazakhstan,Population of rural areas,Female,3.87
2018,per 100000 population,Zhambyl,Population of rural areas,Female,1.49
2018,per 100000 population,Karagandy,Population of rural areas,Female,0.0
2018,per 100000 population,Kostanay,Population of rural areas,Female,1.48
2018,per 100000 population,Kyzylorda,Population of rural areas,Female,0.46
2018,per 100000 population,Mangistau,Population of rural areas,Female,1.49
2018,per 100000 population,Pavlodar,Population of rural areas,Female,0.9
2018,per 100000 population,Soltustik Kazakhstan,Population of rural areas,Female,4.58
2018,per 100000 population,Turkistan,Population of rural areas,Female,2.04
2018,per 100000 population,Shygys Kazakhstan,Population of rural areas,Female,2.63
2019,per 100000 population,,,,2.3334105555391416
2019,per 100000 population,Akmola,,,4.744726913853383
2019,per 100000 population,Aktobe,,,2.2840332372516685
2019,per 100000 population,Almaty,,,2.539894042458725
2019,per 100000 population,Atyrau,,,0.4690904570582869
2019,per 100000 population,Batys Kazakhstan,,,3.3609106234565584
2019,per 100000 population,Zhambyl,,,0.7093648125791663
2019,per 100000 population,Karagandy,,,3.411465572868542
2019,per 100000 population,Kostanay,,,2.75649153757098
2019,per 100000 population,Kyzylorda,,,0.5006677656324122
2019,per 100000 population,Mangistau,,,1.1619504791230175
2019,per 100000 population,Pavlodar,,,2.1248029577257173
2019,per 100000 population,Soltustik Kazakhstan,,,2.7191843897062555
2019,per 100000 population,Turkistan,,,1.5999976000036
2019,per 100000 population,Shygys Kazakhstan,,,2.40163835401896
2019,per 100000 population,Nur-Sultan city,,,2.43842965130456
2019,per 100000 population,Almaty city,,,2.704510009073366
2019,per 100000 population,Shymkent city,,,3.4192426182215345
2019,per 100000 population,,Population of urban areas,,2.500122815073711
2019,per 100000 population,Akmola,Population of urban areas,,4.8823497313271655
2019,per 100000 population,Aktobe,Population of urban areas,,2.7363986900698505
2019,per 100000 population,Almaty,Population of urban areas,,3.740530407211743
2019,per 100000 population,Atyrau,Population of urban areas,,0.0
2019,per 100000 population,Batys Kazakhstan,Population of urban areas,,2.9254436069549503
2019,per 100000 population,Zhambyl,Population of urban areas,,0.6702869610194618
2019,per 100000 population,Karagandy,Population of urban areas,,3.461769538158949
2019,per 100000 population,Kostanay,Population of urban areas,,2.590363846491053
2019,per 100000 population,Kyzylorda,Population of urban areas,,0.5632739736444108
2019,per 100000 population,Mangistau,Population of urban areas,,1.8258103859397996
2019,per 100000 population,Pavlodar,Population of urban areas,,1.8818375390834132
2019,per 100000 population,Soltustik Kazakhstan,Population of urban areas,,1.5825946243217095
2019,per 100000 population,Turkistan,Population of urban areas,,1.2579470806822095
2019,per 100000 population,Shygys Kazakhstan,Population of urban areas,,2.0013161596861937
2019,per 100000 population,Nur-Sultan city,Population of urban areas,,2.43842965130456
2019,per 100000 population,Almaty city,Population of urban areas,,2.704510009073366
2019,per 100000 population,Shymkent city,Population of urban areas,,3.4192426182215345
2019,per 100000 population,,Population of rural areas,,2.0979370437760627
2019,per 100000 population,Akmola,Population of rural areas,,4.621689073299988
2019,per 100000 population,Aktobe,Population of rural areas,,1.1792939567081189
2019,per 100000 population,Almaty,Population of rural areas,,2.197321339725655
2019,per 100000 population,Atyrau,Population of rural areas,,1.0360421807306517
2019,per 100000 population,Batys Kazakhstan,Population of rural areas,,3.836856846871044
2019,per 100000 population,Zhambyl,Population of rural areas,,0.7350779182593355
2019,per 100000 population,Karagandy,Population of rural areas,,3.2142570155623615
2019,per 100000 population,Kostanay,Population of rural areas,,2.982549374749195
2019,per 100000 population,Kyzylorda,Population of rural areas,,0.4505864382493816
2019,per 100000 population,Mangistau,Population of rural areas,,0.723507855486541
2019,per 100000 population,Pavlodar,Population of rural areas,,2.707391856616528
2019,per 100000 population,Soltustik Kazakhstan,Population of rural areas,,3.680326813020996
2019,per 100000 population,Turkistan,Population of rural areas,,1.6848358533069585
2019,per 100000 population,Shygys Kazakhstan,Population of rural areas,,3.0498207277253484
2019,per 100000 population,,,Male,3.1090975649302712
2019,per 100000 population,Akmola,,Male,8.657186581919326
2019,per 100000 population,Aktobe,,Male,3.29881749174412
2019,per 100000 population,Almaty,,Male,2.6646047231599046
2019,per 100000 population,Atyrau,,Male,0.9513646533147924
2019,per 100000 population,Batys Kazakhstan,,Male,3.779075260283809
2019,per 100000 population,Zhambyl,,Male,1.2596622845415144
2019,per 100000 population,Karagandy,,Male,4.892173439778873
2019,per 100000 population,Kostanay,,Male,4.111727735901309
2019,per 100000 population,Kyzylorda,,Male,0.7484908553129752
2019,per 100000 population,Mangistau,,Male,2.0403642341638593
2019,per 100000 population,Pavlodar,,Male,3.0848487652892818
2019,per 100000 population,Soltustik Kazakhstan,,Male,4.168521974742546
2019,per 100000 population,Turkistan,,Male,1.4789923920631352
2019,per 100000 population,Shygys Kazakhstan,,Male,3.3543923099031576
2019,per 100000 population,Nur-Sultan city,,Male,2.634649403440099
2019,per 100000 population,Almaty city,,Male,3.937582370748858
2019,per 100000 population,Shymkent city,,Male,3.857824937995616
2019,per 100000 population,,Population of urban areas,Male,3.5783562243844447
2019,per 100000 population,Akmola,Population of urban areas,Male,9.141129904597076
2019,per 100000 population,Aktobe,Population of urban areas,Male,4.38751919539648
2019,per 100000 population,Almaty,Population of urban areas,Male,4.603627658594974
2019,per 100000 population,Atyrau,Population of urban areas,Male,0.0
2019,per 100000 population,Batys Kazakhstan,Population of urban areas,Male,3.7640327847255546
2019,per 100000 population,Zhambyl,Population of urban areas,Male,1.4103046257991725
2019,per 100000 population,Karagandy,Population of urban areas,Male,5.074462863226636
2019,per 100000 population,Kostanay,Population of urban areas,Male,3.896002701228539
2019,per 100000 population,Kyzylorda,Population of urban areas,Male,1.1472461789531951
2019,per 100000 population,Mangistau,Population of urban areas,Male,2.9262119089509158
2019,per 100000 population,Pavlodar,Population of urban areas,Male,3.669582625749461
2019,per 100000 population,Soltustik Kazakhstan,Population of urban areas,Male,3.478548227897087
2019,per 100000 population,Turkistan,Population of urban areas,Male,1.997727584872208
2019,per 100000 population,Shygys Kazakhstan,Population of urban areas,Male,2.7994238276776486
2019,per 100000 population,Nur-Sultan city,Population of urban areas,Male,2.634649403440099
2019,per 100000 population,Almaty city,Population of urban areas,Male,3.937582370748858
2019,per 100000 population,Shymkent city,Population of urban areas,Male,3.857824937995616
2019,per 100000 population,,Population of rural areas,Male,2.4873140506038856
2019,per 100000 population,Akmola,Population of rural areas,Male,8.247826568826824
2019,per 100000 population,Aktobe,Population of rural areas,Male,0.7806431719093361
2019,per 100000 population,Almaty,Population of rural areas,Male,2.1355080342208885
2019,per 100000 population,Atyrau,Population of rural areas,Male,2.052474942701741
2019,per 100000 population,Batys Kazakhstan,Population of rural areas,Male,3.794238448915322
2019,per 100000 population,Zhambyl,Population of rural areas,Male,1.1662334595295123
2019,per 100000 population,Karagandy,Population of rural areas,Male,4.23320739541332
2019,per 100000 population,Kostanay,Population of rural areas,Male,4.384871098492427
2019,per 100000 population,Kyzylorda,Population of rural areas,Male,0.4415478902841802
2019,per 100000 population,Mangistau,Population of rural areas,Male,1.4536257059169837
2019,per 100000 population,Pavlodar,Population of rural areas,Male,1.7965900720432617
2019,per 100000 population,Soltustik Kazakhstan,Population of rural areas,Male,4.7013942992235975
2019,per 100000 population,Turkistan,Population of rural areas,Male,1.3513903656923758
2019,per 100000 population,Shygys Kazakhstan,Population of rural areas,Male,4.183806008325774
2019,per 100000 population,,,Female,1.6037722400232788
2019,per 100000 population,Akmola,,Female,1.0538046298906414
2019,per 100000 population,Aktobe,,Female,1.3296413624835042
2019,per 100000 population,Almaty,,Female,2.417687414292981
2019,per 100000 population,Atyrau,,Female,0.0
2019,per 100000 population,Batys Kazakhstan,,Female,2.9669496642154716
2019,per 100000 population,Zhambyl,,Female,0.1748053105853356
2019,per 100000 population,Karagandy,,Female,2.072965626083988
2019,per 100000 population,Kostanay,,Female,1.530989970922126
2019,per 100000 population,Kyzylorda,,Female,0.2511764476868533
2019,per 100000 population,Mangistau,,Female,0.2895013773028025
2019,per 100000 population,Pavlodar,,Female,1.2612583069625245
2019,per 100000 population,Soltustik Kazakhstan,,Female,1.3900786610762337
2019,per 100000 population,Turkistan,,Female,1.7244894750349715
2019,per 100000 population,Shygys Kazakhstan,,Female,1.5315950657576418
2019,per 100000 population,Nur-Sultan city,,Female,2.2573755404677978
2019,per 100000 population,Almaty city,,Female,1.6629738864188837
2019,per 100000 population,Shymkent city,,Female,3.012541587195192
2019,per 100000 population,,Population of urban areas,Female,1.5370138702402238
2019,per 100000 population,Akmola,Population of urban areas,Female,1.0863690558638128
2019,per 100000 population,Aktobe,Population of urban areas,Female,1.2309226226652858
2019,per 100000 population,Almaty,Population of urban areas,Female,2.9503373921546316
2019,per 100000 population,Atyrau,Population of urban areas,Female,0.0
2019,per 100000 population,Batys Kazakhstan,Population of urban areas,Female,2.1926819240783884
2019,per 100000 population,Zhambyl,Population of urban areas,Female,0.0
2019,per 100000 population,Karagandy,Population of urban areas,Female,2.0501080577788793
2019,per 100000 population,Kostanay,Population of urban areas,Female,1.4768103849306269
2019,per 100000 population,Kyzylorda,Population of urban areas,Female,0.0
2019,per 100000 population,Mangistau,Population of urban areas,Female,0.7290994528108606
2019,per 100000 population,Pavlodar,Population of urban areas,Female,0.35
2019,per 100000 population,Soltustik Kazakhstan,Population of urban areas,Female,0.0
2019,per 100000 population,Turkistan,Population of urban areas,Female,0.5069824153149248
2019,per 100000 population,Shygys Kazakhstan,Population of urban areas,Female,1.3143396647995742
2019,per 100000 population,Nur-Sultan city,Population of urban areas,Female,2.2573755404677978
2019,per 100000 population,Almaty city,Population of urban areas,Female,1.6629738864188837
2019,per 100000 population,Shymkent city,Population of urban areas,Female,3.012541587195192
2019,per 100000 population,,Population of rural areas,Female,1.7039702900983205
2019,per 100000 population,Akmola,Population of rural areas,Female,1.0231356549986572
2019,per 100000 population,Aktobe,Population of rural areas,Female,1.5836566632354103
2019,per 100000 population,Almaty,Population of rural areas,Female,2.259078672414767
2019,per 100000 population,Atyrau,Population of rural areas,Female,0.0
2019,per 100000 population,Batys Kazakhstan,Population of rural areas,Female,3.8804435346960164
2019,per 100000 population,Zhambyl,Population of rural areas,Female,0.2965462738219329
2019,per 100000 population,Karagandy,Population of rural areas,Female,2.1697308087309968
2019,per 100000 population,Kostanay,Population of rural areas,Female,1.6097313626644272
2019,per 100000 population,Kyzylorda,Population of rural areas,Female,0.4600027600165601
2019,per 100000 population,Mangistau,Population of rural areas,Female,0.0
2019,per 100000 population,Pavlodar,Population of rural areas,Female,3.6266869761137333
2019,per 100000 population,Soltustik Kazakhstan,Population of rural areas,Female,2.6667644480297605
2019,per 100000 population,Turkistan,Population of rural areas,Female,2.0290316383098927
2019,per 100000 population,Shygys Kazakhstan,Population of rural areas,Female,1.9105663874055463
