Year,UNIT_MEASURE,Mother's education,Area,Regions,Value
2010,,Elementary education/ High education (incomplete),,,1.0
2010,,secondary (high school),,,1.0
2010,Percent,Elementary education/ High education (incomplete),,,1.0
2010,Percent,Elementary education/ High education (incomplete),urban,,0.99
2010,Percent,Elementary education/ High education (incomplete),rural,,1.0
2010,Percent,Elementary education/ High education (incomplete),,Akmola,0.99
2010,Percent,Elementary education/ High education (incomplete),,Aktobe,1.01
2010,Percent,Elementary education/ High education (incomplete),,Almaty,1.01
2010,Percent,Elementary education/ High education (incomplete),,Atyrau,1.0
2010,Percent,Elementary education/ High education (incomplete),,Batys Kazakhstan,0.99
2010,Percent,Elementary education/ High education (incomplete),,Zhambyl,0.99
2010,Percent,Elementary education/ High education (incomplete),,Karagandy,1.0
2010,Percent,Elementary education/ High education (incomplete),,Kostanay,0.99
2010,Percent,Elementary education/ High education (incomplete),,Kyzylorda,1.01
2010,Percent,Elementary education/ High education (incomplete),,Mangistau,1.0
2010,Percent,Elementary education/ High education (incomplete),,Ontustik Kazakhstan,1.0
2010,Percent,Elementary education/ High education (incomplete),,Pavlodar,1.0
2010,Percent,Elementary education/ High education (incomplete),,Soltustik Kazakhstan,1.01
2010,Percent,Elementary education/ High education (incomplete),,Shygys Kazakhstan,1.0
2010,Percent,Elementary education/ High education (incomplete),,Nur-Sultan city,1.0
2010,Percent,Elementary education/ High education (incomplete),,Almaty city,1.0
2010,Percent,secondary (high school),,,1.0
2010,Percent,secondary (high school),urban,,0.99
2010,Percent,secondary (high school),rural,,1.01
2010,Percent,secondary (high school),,Akmola,1.02
2010,Percent,secondary (high school),,Aktobe,1.0
2010,Percent,secondary (high school),,Almaty,1.03
2010,Percent,secondary (high school),,Atyrau,1.01
2010,Percent,secondary (high school),,Batys Kazakhstan,1.01
2010,Percent,secondary (high school),,Zhambyl,1.0
2010,Percent,secondary (high school),,Karagandy,1.0
2010,Percent,secondary (high school),,Kostanay,1.0
2010,Percent,secondary (high school),,Kyzylorda,1.01
2010,Percent,secondary (high school),,Mangistau,0.99
2010,Percent,secondary (high school),,Ontustik Kazakhstan,0.99
2010,Percent,secondary (high school),,Pavlodar,1.0
2010,Percent,secondary (high school),,Soltustik Kazakhstan,0.98
2010,Percent,secondary (high school),,Shygys Kazakhstan,0.97
2010,Percent,secondary (high school),,Nur-Sultan city,1.01
2010,Percent,secondary (high school),,Almaty city,0.99
2015,,Elementary education/ High education (incomplete),,,1.0
2015,,secondary (high school),,,1.0
2015,,High Education (Incomplete),,,1.0
2015,,High Education (General),,,1.01
2015,Percent,Elementary education/ High education (incomplete),,,1.0
2015,Percent,Elementary education/ High education (incomplete),urban,,0.99
2015,Percent,Elementary education/ High education (incomplete),rural,,1.0
2015,Percent,Elementary education/ High education (incomplete),,Akmola,0.99
2015,Percent,Elementary education/ High education (incomplete),,Aktobe,1.01
2015,Percent,Elementary education/ High education (incomplete),,Almaty,1.0
2015,Percent,Elementary education/ High education (incomplete),,Atyrau,0.94
2015,Percent,Elementary education/ High education (incomplete),,Batys Kazakhstan,0.99
2015,Percent,Elementary education/ High education (incomplete),,Zhambyl,1.0
2015,Percent,Elementary education/ High education (incomplete),,Karagandy,1.01
2015,Percent,Elementary education/ High education (incomplete),,Kostanay,1.01
2015,Percent,Elementary education/ High education (incomplete),,Kyzylorda,0.99
2015,Percent,Elementary education/ High education (incomplete),,Mangistau,1.01
2015,Percent,Elementary education/ High education (incomplete),,Ontustik Kazakhstan,1.0
2015,Percent,Elementary education/ High education (incomplete),,Pavlodar,1.01
2015,Percent,Elementary education/ High education (incomplete),,Soltustik Kazakhstan,1.01
2015,Percent,Elementary education/ High education (incomplete),,Shygys Kazakhstan,1.0
2015,Percent,Elementary education/ High education (incomplete),,Nur-Sultan city,1.02
2015,Percent,Elementary education/ High education (incomplete),,Almaty city,0.98
2015,Percent,High Education (Incomplete),,,1.0
2015,Percent,High Education (Incomplete),urban,,1.0
2015,Percent,High Education (Incomplete),rural,,1.0
2015,Percent,High Education (Incomplete),,Akmola,1.0
2015,Percent,High Education (Incomplete),,Aktobe,1.0
2015,Percent,High Education (Incomplete),,Almaty,1.02
2015,Percent,High Education (Incomplete),,Atyrau,1.0
2015,Percent,High Education (Incomplete),,Batys Kazakhstan,1.01
2015,Percent,High Education (Incomplete),,Zhambyl,0.99
2015,Percent,High Education (Incomplete),,Karagandy,1.01
2015,Percent,High Education (Incomplete),,Kostanay,1.0
2015,Percent,High Education (Incomplete),,Kyzylorda,1.0
2015,Percent,High Education (Incomplete),,Mangistau,1.0
2015,Percent,High Education (Incomplete),,Ontustik Kazakhstan,0.99
2015,Percent,High Education (Incomplete),,Pavlodar,0.99
2015,Percent,High Education (Incomplete),,Soltustik Kazakhstan,1.01
2015,Percent,High Education (Incomplete),,Shygys Kazakhstan,1.0
2015,Percent,High Education (Incomplete),,Nur-Sultan city,1.01
2015,Percent,High Education (Incomplete),,Almaty city,1.02
2015,Percent,secondary (high school),,,1.01
2015,Percent,secondary (high school),urban,,1.03
2015,Percent,secondary (high school),rural,,0.98
2015,Percent,secondary (high school),,Akmola,1.12
2015,Percent,secondary (high school),,Aktobe,1.02
2015,Percent,secondary (high school),,Almaty,1.01
2015,Percent,secondary (high school),,Atyrau,0.98
2015,Percent,secondary (high school),,Zhambyl,0.94
2015,Percent,secondary (high school),,Kostanay,1.0
2015,Percent,secondary (high school),,Kyzylorda,0.99
2015,Percent,secondary (high school),,Mangistau,1.03
2015,Percent,secondary (high school),,Ontustik Kazakhstan,0.98
2015,Percent,secondary (high school),,Soltustik Kazakhstan,1.0
2015,Percent,secondary (high school),,Nur-Sultan city,1.18
2015,Percent,secondary (high school),,Almaty city,1.0
