Year,UNIT_MEASURE,SERIES,Area,Regions,Value
2015,Percent,sources of drinking water,,,100.0
2016,Percent,sources of drinking water,,,100.0
2017,Percent,sources of drinking water,,,100.0
2018,Percent,sources of drinking water,,,100.0
2019,Percent,access to the internet for education purposes,,,94.06596377399296
2019,Percent,access to the internet for education purposes,,Akmola,100.0
2019,Percent,access to the internet for education purposes,,Aktobe,97.1291866028708
2019,Percent,access to the internet for education purposes,,Almaty,91.78255372945638
2019,Percent,access to the internet for education purposes,,Atyrau,93.71980676328504
2019,Percent,access to the internet for education purposes,,Batys Kazakhstan,86.92307692307692
2019,Percent,access to the internet for education purposes,,Zhambyl,99.78308026030368
2019,Percent,access to the internet for education purposes,,Karagandy,97.39292364990688
2019,Percent,access to the internet for education purposes,,Kostanay,91.47286821705426
2019,Percent,access to the internet for education purposes,,Kyzylorda,98.08917197452227
2019,Percent,access to the internet for education purposes,,Mangistau,100.0
2019,Percent,access to the internet for education purposes,,Pavlodar,99.45652173913044
2019,Percent,access to the internet for education purposes,,Soltustik Kazakhstan,90.74074074074076
2019,Percent,access to the internet for education purposes,,Turkistan,83.04347826086956
2019,Percent,access to the internet for education purposes,,Shygys Kazakhstan,99.11634756995582
2019,Percent,access to the internet for education purposes,,Nur-Sultan city,94.91525423728814
2019,Percent,access to the internet for education purposes,,Almaty city,98.6206896551724
2019,Percent,access to the internet for education purposes,,Shymkent city,91.90751445086704
2019,Percent,access to the internet for education purposes,urban,,96.68717463322292
2019,Percent,access to the internet for education purposes,urban,Akmola,100.0
2019,Percent,access to the internet for education purposes,urban,Aktobe,97.77777777777776
2019,Percent,access to the internet for education purposes,urban,Almaty,96.3963963963964
2019,Percent,access to the internet for education purposes,urban,Atyrau,96.05263157894736
2019,Percent,access to the internet for education purposes,urban,Batys Kazakhstan,93.24324324324324
2019,Percent,access to the internet for education purposes,urban,Zhambyl,99.05660377358492
2019,Percent,access to the internet for education purposes,urban,Karagandy,97.8813559322034
2019,Percent,access to the internet for education purposes,urban,Kostanay,97.97979797979798
2019,Percent,access to the internet for education purposes,urban,Kyzylorda,93.67088607594935
2019,Percent,access to the internet for education purposes,urban,Mangistau,100.0
2019,Percent,access to the internet for education purposes,urban,Pavlodar,97.87234042553192
2019,Percent,access to the internet for education purposes,urban,Soltustik Kazakhstan,98.4375
2019,Percent,access to the internet for education purposes,urban,Turkistan,90.2439024390244
2019,Percent,access to the internet for education purposes,urban,Shygys Kazakhstan,98.34254143646407
2019,Percent,access to the internet for education purposes,urban,Nur-Sultan city,94.91525423728814
2019,Percent,access to the internet for education purposes,urban,Almaty city,98.6206896551724
2019,Percent,access to the internet for education purposes,urban,Shymkent city,91.90751445086704
2019,Percent,access to the internet for education purposes,rural,,93.01797540208136
2019,Percent,access to the internet for education purposes,rural,Akmola,100.0
2019,Percent,access to the internet for education purposes,rural,Aktobe,96.81978798586572
2019,Percent,access to the internet for education purposes,rural,Almaty,91.02941176470588
2019,Percent,access to the internet for education purposes,rural,Atyrau,92.36641221374046
2019,Percent,access to the internet for education purposes,rural,Batys Kazakhstan,85.44303797468355
2019,Percent,access to the internet for education purposes,rural,Zhambyl,100.0
2019,Percent,access to the internet for education purposes,rural,Karagandy,97.00996677740864
2019,Percent,access to the internet for education purposes,rural,Kostanay,89.92805755395683
2019,Percent,access to the internet for education purposes,rural,Kyzylorda,99.5744680851064
2019,Percent,access to the internet for education purposes,rural,Mangistau,100.0
2019,Percent,access to the internet for education purposes,rural,Pavlodar,100.0
2019,Percent,access to the internet for education purposes,rural,Soltustik Kazakhstan,89.57345971563981
2019,Percent,access to the internet for education purposes,rural,Turkistan,81.93224592220828
2019,Percent,access to the internet for education purposes,rural,Shygys Kazakhstan,99.3975903614458
2019,Percent,sources of drinking water,,,100.0
2019,Percent,separate restrooms which meet minimum standards,,Akmola,100.0
2019,Percent,separate restrooms which meet minimum standards,,Aktobe,100.0
2019,Percent,separate restrooms which meet minimum standards,,Almaty,100.0
2019,Percent,separate restrooms which meet minimum standards,,Atyrau,100.0
2019,Percent,separate restrooms which meet minimum standards,,Batys Kazakhstan,100.0
2019,Percent,separate restrooms which meet minimum standards,,Zhambyl,100.0
2019,Percent,separate restrooms which meet minimum standards,,Karagandy,100.0
2019,Percent,separate restrooms which meet minimum standards,,Kostanay,100.0
2019,Percent,separate restrooms which meet minimum standards,,Kyzylorda,100.0
2019,Percent,separate restrooms which meet minimum standards,,Mangistau,100.0
2019,Percent,separate restrooms which meet minimum standards,,Pavlodar,100.0
2019,Percent,separate restrooms which meet minimum standards,,Soltustik Kazakhstan,100.0
2019,Percent,separate restrooms which meet minimum standards,,Turkistan,100.0
2019,Percent,separate restrooms which meet minimum standards,,Shygys Kazakhstan,100.0
2019,Percent,separate restrooms which meet minimum standards,,Nur-Sultan city,100.0
2019,Percent,separate restrooms which meet minimum standards,,Almaty city,100.0
2019,Percent,separate restrooms which meet minimum standards,,Shymkent city,100.0
2019,Percent,_L_KZ_040a01_1A,,,41.57880508245472
2019,Percent,_L_KZ_040a01_1A,,Akmola,75.13043478260869
2019,Percent,_L_KZ_040a01_1A,,Aktobe,39.71291866028708
2019,Percent,_L_KZ_040a01_1A,,Almaty,37.67383059418458
2019,Percent,_L_KZ_040a01_1A,,Atyrau,46.85990338164252
2019,Percent,_L_KZ_040a01_1A,,Batys Kazakhstan,30.76923076923077
2019,Percent,_L_KZ_040a01_1A,,Zhambyl,28.41648590021692
2019,Percent,_L_KZ_040a01_1A,,Karagandy,19.36685288640596
2019,Percent,_L_KZ_040a01_1A,,Kostanay,66.08527131782945
2019,Percent,_L_KZ_040a01_1A,,Kyzylorda,44.90445859872612
2019,Percent,_L_KZ_040a01_1A,,Mangistau,28.387096774193548
2019,Percent,_L_KZ_040a01_1A,,Pavlodar,72.01086956521739
2019,Percent,_L_KZ_040a01_1A,,Soltustik Kazakhstan,62.96296296296296
2019,Percent,_L_KZ_040a01_1A,,Turkistan,34.891304347826086
2019,Percent,_L_KZ_040a01_1A,,Shygys Kazakhstan,32.40058910162003
2019,Percent,_L_KZ_040a01_1A,,Nur-Sultan city,0.847457627118644
2019,Percent,_L_KZ_040a01_1A,,Almaty city,3.103448275862069
2019,Percent,_L_KZ_040a01_1A,,Shymkent city,46.24277456647399
2019,Percent,_L_KZ_040a01_1B,,,31.346309813463098
2019,Percent,_L_KZ_040a01_1B,,Akmola,0.0
2019,Percent,_L_KZ_040a01_1B,,Aktobe,33.014354066985646
2019,Percent,_L_KZ_040a01_1B,,Almaty,52.591656131479134
2019,Percent,_L_KZ_040a01_1B,,Atyrau,18.357487922705317
2019,Percent,_L_KZ_040a01_1B,,Batys Kazakhstan,51.02564102564102
2019,Percent,_L_KZ_040a01_1B,,Zhambyl,58.13449023861171
2019,Percent,_L_KZ_040a01_1B,,Karagandy,22.90502793296089
2019,Percent,_L_KZ_040a01_1B,,Kostanay,9.30232558139535
2019,Percent,_L_KZ_040a01_1B,,Kyzylorda,40.76433121019109
2019,Percent,_L_KZ_040a01_1B,,Mangistau,25.161290322580644
2019,Percent,_L_KZ_040a01_1B,,Pavlodar,0.5434782608695652
2019,Percent,_L_KZ_040a01_1B,,Soltustik Kazakhstan,13.580246913580249
2019,Percent,_L_KZ_040a01_1B,,Turkistan,59.130434782608695
2019,Percent,_L_KZ_040a01_1B,,Shygys Kazakhstan,40.50073637702504
2019,Percent,_L_KZ_040a01_1B,,Nur-Sultan city,0.0
2019,Percent,_L_KZ_040a01_1B,,Almaty city,1.0344827586206895
2019,Percent,_L_KZ_040a01_1B,,Shymkent city,18.497109826589597
2019,Percent,_L_KZ_040a01_1C,,,27.074885104082185
2019,Percent,_L_KZ_040a01_1C,,Akmola,24.869565217391305
2019,Percent,_L_KZ_040a01_1C,,Aktobe,27.27272727272727
2019,Percent,_L_KZ_040a01_1C,,Almaty,9.734513274336283
2019,Percent,_L_KZ_040a01_1C,,Atyrau,34.78260869565217
2019,Percent,_L_KZ_040a01_1C,,Batys Kazakhstan,18.205128205128204
2019,Percent,_L_KZ_040a01_1C,,Zhambyl,13.449023861171366
2019,Percent,_L_KZ_040a01_1C,,Karagandy,57.72811918063314
2019,Percent,_L_KZ_040a01_1C,,Kostanay,24.612403100775197
2019,Percent,_L_KZ_040a01_1C,,Kyzylorda,14.331210191082802
2019,Percent,_L_KZ_040a01_1C,,Mangistau,46.45161290322581
2019,Percent,_L_KZ_040a01_1C,,Pavlodar,27.445652173913043
2019,Percent,_L_KZ_040a01_1C,,Soltustik Kazakhstan,23.456790123456788
2019,Percent,_L_KZ_040a01_1C,,Turkistan,5.978260869565218
2019,Percent,_L_KZ_040a01_1C,,Shygys Kazakhstan,27.098674521354933
2019,Percent,_L_KZ_040a01_1C,,Nur-Sultan city,99.15254237288136
2019,Percent,_L_KZ_040a01_1C,,Almaty city,95.86206896551724
2019,Percent,_L_KZ_040a01_1C,,Shymkent city,35.26011560693642
