Year,UNIT_MEASURE,Area,Regions,Value
2012,Percent,,,3.5065578554111165
2012,Percent,,Akmola,4.946407458376136
2012,Percent,,Aktobe,1.8657933972667384
2012,Percent,,Almaty,6.187236471032998
2012,Percent,,Atyrau,1.539979523524076
2012,Percent,,Batys Kazakhstan,6.377347835797938
2012,Percent,,Zhambyl,1.925666819695505
2012,Percent,,Karagandy,4.316336769132537
2012,Percent,,Kostanay,12.094940365224588
2012,Percent,,Kyzylorda,0.2020558103942668
2012,Percent,,Mangistau,0.0327168925495456
2012,Percent,,Turkistan,0.8531819147217448
2012,Percent,,Pavlodar,5.652412751552785
2012,Percent,,Soltustik Kazakhstan,5.535838041035764
2012,Percent,,Shygys Kazakhstan,4.6222234756215785
2012,Percent,Population of urban areas,,4.140620987731073
2012,Percent,Population of urban areas,Akmola,8.473930069232386
2012,Percent,Population of urban areas,Aktobe,2.86737060829403
2012,Percent,Population of urban areas,Almaty,5.685611830881335
2012,Percent,Population of urban areas,Atyrau,1.720930476295283
2012,Percent,Population of urban areas,Batys Kazakhstan,9.820837685481235
2012,Percent,Population of urban areas,Zhambyl,2.0829414933804284
2012,Percent,Population of urban areas,Karagandy,4.629695249601499
2012,Percent,Population of urban areas,Kostanay,17.41053437575562
2012,Percent,Population of urban areas,Kyzylorda,0.2030960224645178
2012,Percent,Population of urban areas,Mangistau,0.003003258535511
2012,Percent,Population of urban areas,Turkistan,0.2645555268235434
2012,Percent,Population of urban areas,Pavlodar,7.407324034972403
2012,Percent,Population of urban areas,Soltustik Kazakhstan,11.502025364728423
2012,Percent,Population of urban areas,Shygys Kazakhstan,6.716925719119896
2012,Percent,Population of rural areas,,2.5920112532057056
2012,Percent,Population of rural areas,Akmola,1.4954300494293662
2012,Percent,Population of rural areas,Aktobe,0.0
2012,Percent,Population of rural areas,Almaty,6.35071226575891
2012,Percent,Population of rural areas,Atyrau,1.3545230435413098
2012,Percent,Population of rural areas,Batys Kazakhstan,2.5170724730952125
2012,Percent,Population of rural areas,Zhambyl,1.804540075520616
2012,Percent,Population of rural areas,Karagandy,2.972851748069624
2012,Percent,Population of rural areas,Kostanay,5.798623438539544
2012,Percent,Population of rural areas,Kyzylorda,0.2012017301783023
2012,Percent,Population of rural areas,Mangistau,0.0682634730538922
2012,Percent,Population of rural areas,Turkistan,1.289819406312084
2012,Percent,Population of rural areas,Pavlodar,1.1429827453566326
2012,Percent,Population of rural areas,Soltustik Kazakhstan,0.62340367685633
2012,Percent,Population of rural areas,Shygys Kazakhstan,1.1612333195425188
2013,Percent,,,3.685402162446737
2013,Percent,,Akmola,4.932856776352089
2013,Percent,,Aktobe,5.940240052837447
2013,Percent,,Almaty,6.181900564672289
2013,Percent,,Atyrau,1.6330128330503857
2013,Percent,,Batys Kazakhstan,6.180782882442212
2013,Percent,,Zhambyl,1.6275990645223826
2013,Percent,,Karagandy,4.306760447256608
2013,Percent,,Kostanay,12.088929175005257
2013,Percent,,Kyzylorda,0.198342782749242
2013,Percent,,Mangistau,0.0269422168689974
2013,Percent,,Turkistan,0.8652873366676641
2013,Percent,,Pavlodar,5.941565220769257
2013,Percent,,Soltustik Kazakhstan,5.606523955147808
2013,Percent,,Shygys Kazakhstan,4.753230599617664
2013,Percent,Population of urban areas,,4.445585222468425
2013,Percent,Population of urban areas,Akmola,8.446452291147242
2013,Percent,Population of urban areas,Aktobe,8.688692681604673
2013,Percent,Population of urban areas,Almaty,5.520671796822425
2013,Percent,Population of urban areas,Atyrau,1.7920040194482678
2013,Percent,Population of urban areas,Batys Kazakhstan,10.132132534728656
2013,Percent,Population of urban areas,Zhambyl,1.7937701396348014
2013,Percent,Population of urban areas,Karagandy,4.614037624843473
2013,Percent,Population of urban areas,Kostanay,17.305227318245546
2013,Percent,Population of urban areas,Kyzylorda,0.1995250741193497
2013,Percent,Population of urban areas,Mangistau,0.0
2013,Percent,Population of urban areas,Turkistan,0.2333424840189811
2013,Percent,Population of urban areas,Pavlodar,7.76534077318078
2013,Percent,Population of urban areas,Soltustik Kazakhstan,11.525011826470887
2013,Percent,Population of urban areas,Shygys Kazakhstan,6.943106473019434
2013,Percent,Population of rural areas,,2.589585617738482
2013,Percent,Population of rural areas,Akmola,1.4920701168614356
2013,Percent,Population of rural areas,Aktobe,0.8946928659275046
2013,Percent,Population of rural areas,Almaty,6.394720287491194
2013,Percent,Population of rural areas,Atyrau,1.4751133103247538
2013,Percent,Population of rural areas,Batys Kazakhstan,1.722596173096002
2013,Percent,Population of rural areas,Zhambyl,1.499553298652106
2013,Percent,Population of rural areas,Karagandy,2.9817267717296723
2013,Percent,Population of rural areas,Kostanay,5.833718605335367
2013,Percent,Population of rural areas,Kyzylorda,0.1973734736195376
2013,Percent,Population of rural areas,Mangistau,0.0578473963000351
2013,Percent,Population of rural areas,Turkistan,1.3302773094347866
2013,Percent,Population of rural areas,Pavlodar,1.1566253753753757
2013,Percent,Population of rural areas,Soltustik Kazakhstan,0.645351911174696
2013,Percent,Population of rural areas,Shygys Kazakhstan,1.0970818377771594
2014,Percent,,,3.433270472821785
2014,Percent,,Akmola,4.923791368458343
2014,Percent,,Aktobe,5.874888869605367
2014,Percent,,Almaty,6.3766849427446815
2014,Percent,,Atyrau,1.6079952956764905
2014,Percent,,Batys Kazakhstan,6.160982797714675
2014,Percent,,Zhambyl,1.4958423778292935
2014,Percent,,Karagandy,4.144392914881816
2014,Percent,,Kostanay,12.0955669438465
2014,Percent,,Kyzylorda,0.1952200171129036
2014,Percent,,Mangistau,0.013912111523608
2014,Percent,,Turkistan,1.1634771874030996
2014,Percent,,Pavlodar,0.226485909340926
2014,Percent,,Soltustik Kazakhstan,5.65215073823357
2014,Percent,,Shygys Kazakhstan,5.069475579435725
2014,Percent,Population of urban areas,,3.872201601900956
2014,Percent,Population of urban areas,Akmola,8.444712733470634
2014,Percent,Population of urban areas,Aktobe,8.60534199776636
2014,Percent,Population of urban areas,Almaty,5.451794961307965
2014,Percent,Population of urban areas,Atyrau,1.789260257937752
2014,Percent,Population of urban areas,Batys Kazakhstan,10.069418614211829
2014,Percent,Population of urban areas,Zhambyl,1.127731224058266
2014,Percent,Population of urban areas,Karagandy,4.402963425791623
2014,Percent,Population of urban areas,Kostanay,17.20615323343456
2014,Percent,Population of urban areas,Kyzylorda,0.1963712800088505
2014,Percent,Population of urban areas,Mangistau,0.0
2014,Percent,Population of urban areas,Turkistan,0.2547238155082921
2014,Percent,Population of urban areas,Pavlodar,0.0479607787409407
2014,Percent,Population of urban areas,Soltustik Kazakhstan,11.490479317137227
2014,Percent,Population of urban areas,Shygys Kazakhstan,7.103182613138954
2014,Percent,Population of rural areas,,2.783737366296944
2014,Percent,Population of rural areas,Akmola,1.487918888669432
2014,Percent,Population of rural areas,Aktobe,0.8809715699080121
2014,Percent,Population of rural areas,Almaty,6.6827977126395055
2014,Percent,Population of rural areas,Atyrau,1.4328629490318834
2014,Percent,Population of rural areas,Batys Kazakhstan,1.739091915836102
2014,Percent,Population of rural areas,Zhambyl,1.7805060028488096
2014,Percent,Population of rural areas,Karagandy,3.015975809867899
2014,Percent,Population of rural areas,Kostanay,5.881427135921742
2014,Percent,Population of rural areas,Kyzylorda,0.1942760382806948
2014,Percent,Population of rural areas,Mangistau,0.0275649435173888
2014,Percent,Population of rural areas,Turkistan,1.906375138371929
2014,Percent,Population of rural areas,Pavlodar,0.7057196671673461
2014,Percent,Population of rural areas,Soltustik Kazakhstan,0.6567520840009653
2014,Percent,Population of rural areas,Shygys Kazakhstan,1.6403470147921602
2015,Percent,,,3.4012183873910518
2015,Percent,,Akmola,4.904479848802701
2015,Percent,,Aktobe,5.827469106228451
2015,Percent,,Almaty,6.517071583834859
2015,Percent,,Atyrau,1.8187710130838093
2015,Percent,,Batys Kazakhstan,6.146280737090474
2015,Percent,,Zhambyl,1.6089690422589304
2015,Percent,,Karagandy,4.146979485435793
2015,Percent,,Kostanay,12.101909086683964
2015,Percent,,Kyzylorda,0.1927671311534241
2015,Percent,,Mangistau,0.0216621411263305
2015,Percent,,Turkistan,0.8777980027416062
2015,Percent,,Pavlodar,0.2449368380468555
2015,Percent,,Soltustik Kazakhstan,5.927788523533204
2015,Percent,,Shygys Kazakhstan,5.177975097812227
2015,Percent,Population of urban areas,,3.8022343269907135
2015,Percent,Population of urban areas,Akmola,8.437282699703408
2015,Percent,Population of urban areas,Aktobe,8.516055948332252
2015,Percent,Population of urban areas,Almaty,5.439152026330836
2015,Percent,Population of urban areas,Atyrau,0.3052387366394035
2015,Percent,Population of urban areas,Batys Kazakhstan,9.98082997663896
2015,Percent,Population of urban areas,Zhambyl,1.7715411096788691
2015,Percent,Population of urban areas,Karagandy,4.389870112249086
2015,Percent,Population of urban areas,Kostanay,17.074833628939427
2015,Percent,Population of urban areas,Kyzylorda,0.1930965709493914
2015,Percent,Population of urban areas,Mangistau,0.0
2015,Percent,Population of urban areas,Turkistan,0.1563137066069158
2015,Percent,Population of urban areas,Pavlodar,0.0818873937677053
2015,Percent,Population of urban areas,Soltustik Kazakhstan,11.930715998881036
2015,Percent,Population of urban areas,Shygys Kazakhstan,7.203356958990091
2015,Percent,Population of rural areas,,4.752145445199468
2015,Percent,Population of rural areas,Akmola,1.4781732036376274
2015,Percent,Population of rural areas,Aktobe,15.678638662286367
2015,Percent,Population of rural areas,Almaty,1.163887734238359
2015,Percent,Population of rural areas,Atyrau,0.9282299046236264
2015,Percent,Population of rural areas,Batys Kazakhstan,11.419186038789991
2015,Percent,Population of rural areas,Zhambyl,1.0607451795293097
2015,Percent,Population of rural areas,Karagandy,18.800867883405168
2015,Percent,Population of rural areas,Kostanay,21.15530581264385
2015,Percent,Population of rural areas,Kyzylorda,0.1595386113399745
2015,Percent,Population of rural areas,Mangistau,0.0
2015,Percent,Population of rural areas,Turkistan,0.2231180193104905
2015,Percent,Population of rural areas,Pavlodar,0.6901886838065537
2015,Percent,Population of rural areas,Soltustik Kazakhstan,0.1723015195699742
2015,Percent,Population of rural areas,Shygys Kazakhstan,11.834296705892562
2016,Percent,,,3.041477748548792
2016,Percent,,Akmola,4.921908821472576
2016,Percent,,Aktobe,5.79742458759472
2016,Percent,,Almaty,5.481125430641963
2016,Percent,,Atyrau,1.7817728239649444
2016,Percent,,Batys Kazakhstan,6.167319184009891
2016,Percent,,Zhambyl,1.6016048801457492
2016,Percent,,Karagandy,4.163638298704571
2016,Percent,,Kostanay,12.1569828359244
2016,Percent,,Kyzylorda,0.1912201472801985
2016,Percent,,Mangistau,0.0103805458684191
2016,Percent,,Turkistan,0.9666257050454776
2016,Percent,,Pavlodar,0.0458977651694555
2016,Percent,,Soltustik Kazakhstan,0.2042319466563537
2016,Percent,,Shygys Kazakhstan,4.87781706393486
2016,Percent,Population of urban areas,,3.3102176192357926
2016,Percent,Population of urban areas,Akmola,8.470308331760272
2016,Percent,Population of urban areas,Aktobe,8.445698236544173
2016,Percent,Population of urban areas,Almaty,3.422393750309946
2016,Percent,Population of urban areas,Atyrau,0.9333138683191792
2016,Percent,Population of urban areas,Batys Kazakhstan,9.904541021249798
2016,Percent,Population of urban areas,Zhambyl,1.376615720387083
2016,Percent,Population of urban areas,Karagandy,4.265826718331805
2016,Percent,Population of urban areas,Kostanay,17.02692649714132
2016,Percent,Population of urban areas,Kyzylorda,0.1903170610756934
2016,Percent,Population of urban areas,Mangistau,0.0
2016,Percent,Population of urban areas,Turkistan,0.2429571770005331
2016,Percent,Population of urban areas,Pavlodar,0.001773124311529
2016,Percent,Population of urban areas,Soltustik Kazakhstan,0.1942296469215056
2016,Percent,Population of urban areas,Shygys Kazakhstan,6.929657539757033
2016,Percent,Population of rural areas,,2.626450663293304
2016,Percent,Population of rural areas,Akmola,1.483874084656742
2016,Percent,Population of rural areas,Aktobe,0.8781366144186153
2016,Percent,Population of rural areas,Almaty,6.1767909509845
2016,Percent,Population of rural areas,Atyrau,2.618617306508312
2016,Percent,Population of rural areas,Batys Kazakhstan,1.8392522034561576
2016,Percent,Population of rural areas,Zhambyl,1.774966353925295
2016,Percent,Population of rural areas,Karagandy,3.708299006422027
2016,Percent,Population of rural areas,Kostanay,6.022032583397983
2016,Percent,Population of rural areas,Kyzylorda,0.1919751403398034
2016,Percent,Population of rural areas,Mangistau,0.0186915887850467
2016,Percent,Population of rural areas,Turkistan,1.6262897180748364
2016,Percent,Population of rural areas,Pavlodar,0.1678633567770235
2016,Percent,Population of rural areas,Soltustik Kazakhstan,0.2133373178435498
2016,Percent,Population of rural areas,Shygys Kazakhstan,1.308274442976619
2017,Percent,,,2.6269248163889456
2017,Percent,,Akmola,3.2923003508275817
2017,Percent,,Aktobe,5.770211096262919
2017,Percent,,Almaty,1.8686058505893537
2017,Percent,,Atyrau,1.7788225301059046
2017,Percent,,Batys Kazakhstan,5.312727190346637
2017,Percent,,Zhambyl,1.5284358238126348
2017,Percent,,Karagandy,4.077720913926477
2017,Percent,,Kostanay,12.250728814544727
2017,Percent,,Kyzylorda,0.1900560260902442
2017,Percent,,Mangistau,0.0160437166971335
2017,Percent,,Turkistan,1.0315058376864912
2017,Percent,,Pavlodar,0.1643770895740303
2017,Percent,,Soltustik Kazakhstan,2.6601191328187794
2017,Percent,,Shygys Kazakhstan,4.877011310126623
2017,Percent,Population of urban areas,,2.9176441992951263
2017,Percent,Population of urban areas,Akmola,0.0122308317685063
2017,Percent,Population of urban areas,Aktobe,7.961108182510397
2017,Percent,Population of urban areas,Almaty,0.0423251405373504
2017,Percent,Population of urban areas,Atyrau,0.8817158227998763
2017,Percent,Population of urban areas,Batys Kazakhstan,8.191247998664512
2017,Percent,Population of urban areas,Zhambyl,0.4676534388158734
2017,Percent,Population of urban areas,Karagandy,4.285329069636038
2017,Percent,Population of urban areas,Kostanay,17.025657191549726
2017,Percent,Population of urban areas,Kyzylorda,0.1885339493879285
2017,Percent,Population of urban areas,Mangistau,0.0
2017,Percent,Population of urban areas,Turkistan,0.7015189338046356
2017,Percent,Population of urban areas,Pavlodar,0.0040124743368828
2017,Percent,Population of urban areas,Soltustik Kazakhstan,5.048589713202181
2017,Percent,Population of urban areas,Shygys Kazakhstan,6.980921170703307
2017,Percent,Population of rural areas,,2.168463565624306
2017,Percent,Population of rural areas,Akmola,6.460332571277682
2017,Percent,Population of rural areas,Aktobe,0.975264582820576
2017,Percent,Population of rural areas,Almaty,2.465451052857673
2017,Percent,Population of rural areas,Atyrau,2.74543197463861
2017,Percent,Population of rural areas,Batys Kazakhstan,1.8947909017600923
2017,Percent,Population of rural areas,Zhambyl,2.329514246894784
2017,Percent,Population of rural areas,Karagandy,3.1440116340507327
2017,Percent,Population of rural areas,Kostanay,6.122139334934884
2017,Percent,Population of rural areas,Kyzylorda,0.1913405377636981
2017,Percent,Population of rural areas,Mangistau,0.0281618023553507
2017,Percent,Population of rural areas,Turkistan,1.3353115727002969
2017,Percent,Population of rural areas,Pavlodar,0.6112826374609407
2017,Percent,Population of rural areas,Soltustik Kazakhstan,0.4277309384945064
2017,Percent,Population of rural areas,Shygys Kazakhstan,1.129579478299389
2018,Percent,,,2.6117563333170843
2018,Percent,,Akmola,2.880673778696223
2018,Percent,,Aktobe,5.739705736506525
2018,Percent,,Almaty,2.078971302017338
2018,Percent,,Atyrau,1.756446284825564
2018,Percent,,Batys Kazakhstan,6.189964024774691
2018,Percent,,Zhambyl,1.3160701775634946
2018,Percent,,Karagandy,4.120433229490408
2018,Percent,,Kostanay,12.037603403088474
2018,Percent,,Kyzylorda,0.1886841687960544
2018,Percent,,Mangistau,0.0119399563475195
2018,Percent,,Turkistan,2.685202629674067
2018,Percent,,Pavlodar,0.3156884702466956
2018,Percent,,Soltustik Kazakhstan,1.1010616684828844
2018,Percent,,Shygys Kazakhstan,4.927390061902988
2018,Percent,Population of urban areas,,3.055752666361349
2018,Percent,Population of urban areas,Akmola,5.404385758075925
2018,Percent,Population of urban areas,Aktobe,7.52041112170982
2018,Percent,Population of urban areas,Almaty,0.1882567181809233
2018,Percent,Population of urban areas,Atyrau,0.8430577194743608
2018,Percent,Population of urban areas,Batys Kazakhstan,9.706100364599598
2018,Percent,Population of urban areas,Zhambyl,0.0749083019062871
2018,Percent,Population of urban areas,Karagandy,4.317929626570213
2018,Percent,Population of urban areas,Kostanay,16.576350745259948
2018,Percent,Population of urban areas,Kyzylorda,0.1873136756571368
2018,Percent,Population of urban areas,Mangistau,0.0
2018,Percent,Population of urban areas,Turkistan,0.8748788629266717
2018,Percent,Population of urban areas,Pavlodar,0.0081894492595372
2018,Percent,Population of urban areas,Soltustik Kazakhstan,5.4028024322997314
2018,Percent,Population of urban areas,Shygys Kazakhstan,6.894923191782991
2018,Percent,Population of rural areas,,1.8978213372809796
2018,Percent,Population of rural areas,Akmola,0.4617428009151408
2018,Percent,Population of rural areas,Aktobe,1.097411102200015
2018,Percent,Population of rural areas,Almaty,2.670301981945926
2018,Percent,Population of rural areas,Atyrau,2.817986971165521
2018,Percent,Population of rural areas,Batys Kazakhstan,1.9338413120607751
2018,Percent,Population of rural areas,Zhambyl,2.2382420324101284
2018,Percent,Population of rural areas,Karagandy,3.2298010556232235
2018,Percent,Population of rural areas,Kostanay,6.095316542040438
2018,Percent,Population of rural areas,Kyzylorda,0.1898353160167084
2018,Percent,Population of rural areas,Mangistau,0.0205521119350224
2018,Percent,Population of rural areas,Turkistan,7.750536662524008
2018,Percent,Population of rural areas,Pavlodar,0.6103355973877636
2018,Percent,Population of rural areas,Soltustik Kazakhstan,0.1082999844196199
2018,Percent,Population of rural areas,Shygys Kazakhstan,1.3355704697986577
