Year,UNIT_MEASURE,Area,Sex,Regions,Value
2016,Percent,,,,85.4
2016,Percent,,Male,,86.0
2016,Percent,,Female,,84.8
2016,Percent,urban,,,88.5
2016,Percent,urban,Male,,89.0
2016,Percent,urban,Female,,88.0
2016,Percent,rural,,,81.3
2016,Percent,rural,Male,,82.3
2016,Percent,rural,Female,,80.2
2016,Percent,,,Akmola,85.9
2016,Percent,,Male,Akmola,87.6
2016,Percent,,Female,Akmola,84.4
2016,Percent,urban,,Akmola,90.2
2016,Percent,urban,Male,Akmola,91.6
2016,Percent,urban,Female,Akmola,89.0
2016,Percent,rural,,Akmola,82.2
2016,Percent,rural,Male,Akmola,84.4
2016,Percent,rural,Female,Akmola,80.1
2016,Percent,,,Aktobe,85.0
2016,Percent,,Male,Aktobe,85.3
2016,Percent,,Female,Aktobe,84.8
2016,Percent,urban,,Aktobe,90.2
2016,Percent,urban,Male,Aktobe,91.2
2016,Percent,urban,Female,Aktobe,89.3
2016,Percent,rural,,Aktobe,76.6
2016,Percent,rural,Male,Aktobe,76.2
2016,Percent,rural,Female,Aktobe,77.0
2016,Percent,,,Almaty,87.9
2016,Percent,,Male,Almaty,87.6
2016,Percent,,Female,Almaty,88.2
2016,Percent,urban,,Almaty,88.4
2016,Percent,urban,Male,Almaty,89.0
2016,Percent,urban,Female,Almaty,87.8
2016,Percent,rural,,Almaty,87.8
2016,Percent,rural,Male,Almaty,87.2
2016,Percent,rural,Female,Almaty,88.3
2016,Percent,,,Atyrau,85.1
2016,Percent,,Male,Atyrau,86.1
2016,Percent,,Female,Atyrau,84.2
2016,Percent,urban,,Atyrau,90.2
2016,Percent,urban,Male,Atyrau,92.9
2016,Percent,urban,Female,Atyrau,87.7
2016,Percent,rural,,Atyrau,80.6
2016,Percent,rural,Male,Atyrau,80.3
2016,Percent,rural,Female,Atyrau,80.9
2016,Percent,,,Batys Kazakhstan,90.1
2016,Percent,,Male,Batys Kazakhstan,90.8
2016,Percent,,Female,Batys Kazakhstan,89.4
2016,Percent,urban,,Batys Kazakhstan,95.0
2016,Percent,urban,Male,Batys Kazakhstan,95.7
2016,Percent,urban,Female,Batys Kazakhstan,94.4
2016,Percent,rural,,Batys Kazakhstan,85.2
2016,Percent,rural,Male,Batys Kazakhstan,86.5
2016,Percent,rural,Female,Batys Kazakhstan,84.0
2016,Percent,,,Zhambyl,75.8
2016,Percent,,Male,Zhambyl,77.0
2016,Percent,,Female,Zhambyl,74.7
2016,Percent,urban,,Zhambyl,81.4
2016,Percent,urban,Male,Zhambyl,80.7
2016,Percent,urban,Female,Zhambyl,82.0
2016,Percent,rural,,Zhambyl,72.1
2016,Percent,rural,Male,Zhambyl,74.7
2016,Percent,rural,Female,Zhambyl,69.4
2016,Percent,,,Karagandy,82.8
2016,Percent,,Male,Karagandy,84.5
2016,Percent,,Female,Karagandy,81.2
2016,Percent,urban,,Karagandy,85.3
2016,Percent,urban,Male,Karagandy,87.3
2016,Percent,urban,Female,Karagandy,83.6
2016,Percent,rural,,Karagandy,73.0
2016,Percent,rural,Male,Karagandy,74.9
2016,Percent,rural,Female,Karagandy,71.1
2016,Percent,,,Kostanay,89.7
2016,Percent,,Male,Kostanay,91.2
2016,Percent,,Female,Kostanay,88.4
2016,Percent,urban,,Kostanay,92.3
2016,Percent,urban,Male,Kostanay,94.1
2016,Percent,urban,Female,Kostanay,90.8
2016,Percent,rural,,Kostanay,86.9
2016,Percent,rural,Male,Kostanay,88.3
2016,Percent,rural,Female,Kostanay,85.6
2016,Percent,,,Kyzylorda,83.9
2016,Percent,,Male,Kyzylorda,84.1
2016,Percent,,Female,Kyzylorda,83.6
2016,Percent,urban,,Kyzylorda,91.8
2016,Percent,urban,Male,Kyzylorda,90.6
2016,Percent,urban,Female,Kyzylorda,93.1
2016,Percent,rural,,Kyzylorda,77.8
2016,Percent,rural,Male,Kyzylorda,79.4
2016,Percent,rural,Female,Kyzylorda,76.1
2016,Percent,,,Mangistau,87.0
2016,Percent,,Male,Mangistau,87.2
2016,Percent,,Female,Mangistau,86.8
2016,Percent,urban,,Mangistau,94.0
2016,Percent,urban,Male,Mangistau,95.5
2016,Percent,urban,Female,Mangistau,92.6
2016,Percent,rural,,Mangistau,80.5
2016,Percent,rural,Male,Mangistau,79.8
2016,Percent,rural,Female,Mangistau,81.2
2016,Percent,,,Pavlodar,89.6
2016,Percent,,Male,Pavlodar,91.3
2016,Percent,,Female,Pavlodar,88.1
2016,Percent,urban,,Pavlodar,92.1
2016,Percent,urban,Male,Pavlodar,92.9
2016,Percent,urban,Female,Pavlodar,91.4
2016,Percent,rural,,Pavlodar,83.7
2016,Percent,rural,Male,Pavlodar,87.6
2016,Percent,rural,Female,Pavlodar,79.8
2016,Percent,,,Soltustik Kazakhstan,81.5
2016,Percent,,Male,Soltustik Kazakhstan,84.0
2016,Percent,,Female,Soltustik Kazakhstan,79.3
2016,Percent,urban,,Soltustik Kazakhstan,83.1
2016,Percent,urban,Male,Soltustik Kazakhstan,85.0
2016,Percent,urban,Female,Soltustik Kazakhstan,81.5
2016,Percent,rural,,Soltustik Kazakhstan,80.4
2016,Percent,rural,Male,Soltustik Kazakhstan,83.3
2016,Percent,rural,Female,Soltustik Kazakhstan,77.5
2016,Percent,,,Turkistan,78.1
2016,Percent,,Male,Turkistan,78.4
2016,Percent,,Female,Turkistan,77.8
2016,Percent,urban,,Turkistan,77.5
2016,Percent,urban,Male,Turkistan,77.6
2016,Percent,urban,Female,Turkistan,77.4
2016,Percent,rural,,Turkistan,78.3
2016,Percent,rural,Male,Turkistan,78.6
2016,Percent,rural,Female,Turkistan,77.9
2016,Percent,,,Shygys Kazakhstan,89.5
2016,Percent,,Male,Shygys Kazakhstan,91.3
2016,Percent,,Female,Shygys Kazakhstan,87.9
2016,Percent,urban,,Shygys Kazakhstan,92.4
2016,Percent,urban,Male,Shygys Kazakhstan,92.6
2016,Percent,urban,Female,Shygys Kazakhstan,92.1
2016,Percent,rural,,Shygys Kazakhstan,85.2
2016,Percent,rural,Male,Shygys Kazakhstan,89.5
2016,Percent,rural,Female,Shygys Kazakhstan,81.0
2016,Percent,,,Nur-Sultan city,99.6
2016,Percent,,Male,Nur-Sultan city,99.4
2016,Percent,,Female,Nur-Sultan city,99.8
2016,Percent,,,Almaty city,85.4
2016,Percent,,Male,Almaty city,84.6
2016,Percent,,Female,Almaty city,86.1
2016,Percent,,,Shymkent city,81.0
2016,Percent,,Male,Shymkent city,81.3
2016,Percent,,Female,Shymkent city,80.7
2017,Percent,,,,86.80755726815967
2017,Percent,,Male,,87.14366814724087
2017,Percent,,Female,,86.49801031644327
2017,Percent,urban,,,89.65166028807316
2017,Percent,urban,Male,,89.74279506982195
2017,Percent,urban,Female,,89.57258265050886
2017,Percent,rural,,,82.9638900638297
2017,Percent,rural,Male,,83.87658175256642
2017,Percent,rural,Female,,82.05304593519199
2017,Percent,,,Akmola,84.7256538473744
2017,Percent,,Male,Akmola,84.82758403981876
2017,Percent,,Female,Akmola,84.63121733940814
2017,Percent,urban,,Akmola,87.76581669861308
2017,Percent,urban,Male,Akmola,88.28540964077202
2017,Percent,urban,Female,Akmola,87.31502267488285
2017,Percent,rural,,Akmola,82.04795889075525
2017,Percent,rural,Male,Akmola,81.97130487920336
2017,Percent,rural,Female,Akmola,82.12319605772616
2017,Percent,,,Aktobe,89.46883514698168
2017,Percent,,Male,Aktobe,89.77342955612218
2017,Percent,,Female,Aktobe,89.18916111339071
2017,Percent,urban,,Aktobe,91.93557597103094
2017,Percent,urban,Male,Aktobe,91.83631560124137
2017,Percent,urban,Female,Aktobe,92.02252368786988
2017,Percent,rural,,Aktobe,85.29892798991735
2017,Percent,rural,Male,Aktobe,86.50708403662217
2017,Percent,rural,Female,Aktobe,84.09794151401137
2017,Percent,,,Almaty,89.26621643304112
2017,Percent,,Male,Almaty,89.78675244859716
2017,Percent,,Female,Almaty,88.76502610833742
2017,Percent,urban,,Almaty,86.33263414896504
2017,Percent,urban,Male,Almaty,85.18087708095419
2017,Percent,urban,Female,Almaty,87.36247074097591
2017,Percent,rural,,Almaty,90.1585673428965
2017,Percent,rural,Male,Almaty,91.11974737397456
2017,Percent,rural,Female,Almaty,89.21206537867604
2017,Percent,,,Atyrau,87.72917290184303
2017,Percent,,Male,Atyrau,86.96690900173247
2017,Percent,,Female,Atyrau,88.45618442942994
2017,Percent,urban,,Atyrau,93.56094663482467
2017,Percent,urban,Male,Atyrau,94.5085835618558
2017,Percent,urban,Female,Atyrau,92.70950799412992
2017,Percent,rural,,Atyrau,82.4610985747782
2017,Percent,rural,Male,Atyrau,80.53937622260808
2017,Percent,rural,Female,Atyrau,84.3953483227267
2017,Percent,,,Batys Kazakhstan,90.73639465648452
2017,Percent,,Male,Batys Kazakhstan,91.0731313724052
2017,Percent,,Female,Batys Kazakhstan,90.42639755013016
2017,Percent,urban,,Batys Kazakhstan,97.34211134130902
2017,Percent,urban,Male,Batys Kazakhstan,97.27474972191324
2017,Percent,urban,Female,Batys Kazakhstan,97.39854783371898
2017,Percent,rural,,Batys Kazakhstan,83.9662184410291
2017,Percent,rural,Male,Batys Kazakhstan,85.31674752132159
2017,Percent,rural,Female,Batys Kazakhstan,82.5973988739683
2017,Percent,,,Zhambyl,81.85131256680667
2017,Percent,,Male,Zhambyl,81.98561678544858
2017,Percent,,Female,Zhambyl,81.72336364887657
2017,Percent,urban,,Zhambyl,84.21105210578895
2017,Percent,urban,Male,Zhambyl,83.53510827918204
2017,Percent,urban,Female,Zhambyl,84.80636827727717
2017,Percent,rural,,Zhambyl,80.27692221341323
2017,Percent,rural,Male,Zhambyl,81.01923093756291
2017,Percent,rural,Female,Zhambyl,79.53176705041712
2017,Percent,,,Karagandy,86.20339706649632
2017,Percent,,Male,Karagandy,86.72458846507807
2017,Percent,,Female,Karagandy,85.74195629482884
2017,Percent,urban,,Karagandy,87.7708795277273
2017,Percent,urban,Male,Karagandy,88.3676082630093
2017,Percent,urban,Female,Karagandy,87.26142394401842
2017,Percent,rural,,Karagandy,80.12130521257951
2017,Percent,rural,Male,Karagandy,80.90695197181284
2017,Percent,rural,Female,Karagandy,79.32077782151136
2017,Percent,,,Kostanay,93.10467027440438
2017,Percent,,Male,Kostanay,93.91385408239066
2017,Percent,,Female,Kostanay,92.38607928355064
2017,Percent,urban,,Kostanay,95.42146514982473
2017,Percent,urban,Male,Kostanay,95.93033725207728
2017,Percent,urban,Female,Kostanay,94.99891057765018
2017,Percent,rural,,Kostanay,90.45335256525831
2017,Percent,rural,Male,Kostanay,91.77492721234891
2017,Percent,rural,Female,Kostanay,89.18640361203104
2017,Percent,,,Kyzylorda,83.05673595957276
2017,Percent,,Male,Kyzylorda,82.83013197081888
2017,Percent,,Female,Kyzylorda,83.28132851498913
2017,Percent,urban,,Kyzylorda,88.67069041150044
2017,Percent,urban,Male,Kyzylorda,89.00939493468675
2017,Percent,urban,Female,Kyzylorda,88.35288186859351
2017,Percent,rural,,Kyzylorda,78.7207002347597
2017,Percent,rural,Male,Kyzylorda,78.28519793776954
2017,Percent,rural,Female,Kyzylorda,79.17097937526557
2017,Percent,,,Mangistau,89.32530438872314
2017,Percent,,Male,Mangistau,90.89692902145724
2017,Percent,,Female,Mangistau,87.78770379875952
2017,Percent,urban,,Mangistau,92.89004149832408
2017,Percent,urban,Male,Mangistau,93.38246313061416
2017,Percent,urban,Female,Mangistau,92.40277214422476
2017,Percent,rural,,Mangistau,86.72806378656036
2017,Percent,rural,Male,Mangistau,89.06792249661069
2017,Percent,rural,Female,Mangistau,84.4577456367264
2017,Percent,,,Pavlodar,86.54084226572034
2017,Percent,,Male,Pavlodar,86.99817883209961
2017,Percent,,Female,Pavlodar,86.13836373801587
2017,Percent,urban,,Pavlodar,89.25920051254778
2017,Percent,urban,Male,Pavlodar,90.303700568443
2017,Percent,urban,Female,Pavlodar,88.38515691796773
2017,Percent,rural,,Pavlodar,79.9411031826934
2017,Percent,rural,Male,Pavlodar,79.66393512978587
2017,Percent,rural,Female,Pavlodar,80.21661447040873
2017,Percent,,,Soltustik Kazakhstan,83.52932342704908
2017,Percent,,Male,Soltustik Kazakhstan,85.53098182476407
2017,Percent,,Female,Soltustik Kazakhstan,81.72498382225058
2017,Percent,urban,,Soltustik Kazakhstan,86.47535573800786
2017,Percent,urban,Male,Soltustik Kazakhstan,87.72909345587692
2017,Percent,urban,Female,Soltustik Kazakhstan,85.4593899228542
2017,Percent,rural,,Soltustik Kazakhstan,81.18382495897039
2017,Percent,rural,Male,Soltustik Kazakhstan,83.94890534187505
2017,Percent,rural,Female,Soltustik Kazakhstan,78.47195720203443
2017,Percent,,,Turkistan,78.75761098422967
2017,Percent,,Male,Turkistan,79.6851890020448
2017,Percent,,Female,Turkistan,77.81655982526003
2017,Percent,urban,,Turkistan,76.56864449907552
2017,Percent,urban,Male,Turkistan,75.78327353657835
2017,Percent,urban,Female,Turkistan,77.35056748539502
2017,Percent,rural,,Turkistan,79.27375537355721
2017,Percent,rural,Male,Turkistan,80.59463661385662
2017,Percent,rural,Female,Turkistan,77.92772779022087
2017,Percent,,,Shygys Kazakhstan,85.31077619681727
2017,Percent,,Male,Shygys Kazakhstan,85.0664713787479
2017,Percent,,Female,Shygys Kazakhstan,85.52979716211733
2017,Percent,urban,,Shygys Kazakhstan,92.18319488813675
2017,Percent,urban,Male,Shygys Kazakhstan,91.35374186072416
2017,Percent,urban,Female,Shygys Kazakhstan,92.87837857499672
2017,Percent,rural,,Shygys Kazakhstan,74.77044914674663
2017,Percent,rural,Male,Shygys Kazakhstan,76.24460566004798
2017,Percent,rural,Female,Shygys Kazakhstan,73.30568811188247
2017,Percent,,,Nur-Sultan city,96.2942042962996
2017,Percent,,Male,Nur-Sultan city,96.10350611838518
2017,Percent,,Female,Nur-Sultan city,96.46750405702991
2017,Percent,,,Almaty city,86.45317311397147
2017,Percent,,Male,Almaty city,86.29028327621764
2017,Percent,,Female,Almaty city,86.58640200817301
2017,Percent,,,Shymkent city,91.1764425705734
2017,Percent,,Male,Shymkent city,92.13294056897324
2017,Percent,,Female,Shymkent city,90.3119880548654
2018,Percent,,,,87.92728522221233
2018,Percent,,Male,,88.77549499708479
2018,Percent,,Female,,87.14488055706353
2018,Percent,urban,,,90.19975510213328
2018,Percent,urban,Male,,91.05518870911364
2018,Percent,urban,Female,,89.4562867926278
2018,Percent,rural,,,84.76850539744429
2018,Percent,rural,Male,,85.8311847003552
2018,Percent,rural,Female,,83.70394055799726
2018,Percent,,,Akmola,88.86720896585261
2018,Percent,,Male,Akmola,90.20049032705658
2018,Percent,,Female,Akmola,87.62777131386024
2018,Percent,urban,,Akmola,90.64487679510889
2018,Percent,urban,Male,Akmola,91.9088423729812
2018,Percent,urban,Female,Akmola,89.5449117686082
2018,Percent,rural,,Akmola,87.31034424329029
2018,Percent,rural,Male,Akmola,88.79737721340307
2018,Percent,rural,Female,Akmola,85.84592877421814
2018,Percent,,,Aktobe,88.13388513700656
2018,Percent,,Male,Aktobe,87.71124347394873
2018,Percent,,Female,Aktobe,88.52264093164733
2018,Percent,urban,,Aktobe,90.42416930885658
2018,Percent,urban,Male,Aktobe,89.30499325236167
2018,Percent,urban,Female,Aktobe,91.41507023346374
2018,Percent,rural,,Aktobe,82.80868231779982
2018,Percent,rural,Male,Aktobe,84.23946729948464
2018,Percent,rural,Female,Aktobe,81.37077361857004
2018,Percent,,,Almaty,91.95136060791474
2018,Percent,,Male,Almaty,92.90407866029491
2018,Percent,,Female,Almaty,91.0292774957306
2018,Percent,urban,,Almaty,90.13923700618138
2018,Percent,urban,Male,Almaty,90.65411739323903
2018,Percent,urban,Female,Almaty,89.67804585817399
2018,Percent,rural,,Almaty,92.47973249117592
2018,Percent,rural,Male,Almaty,93.52723470207084
2018,Percent,rural,Female,Almaty,91.4428077697895
2018,Percent,,,Atyrau,86.12814642286753
2018,Percent,,Male,Atyrau,86.0416554087958
2018,Percent,,Female,Atyrau,86.21084818701709
2018,Percent,urban,,Atyrau,89.07872696817421
2018,Percent,urban,Male,Atyrau,90.42940933245532
2018,Percent,urban,Female,Atyrau,87.85393898154449
2018,Percent,rural,,Atyrau,82.95560214794847
2018,Percent,rural,Male,Atyrau,81.58156911581568
2018,Percent,rural,Female,Atyrau,84.34645247446356
2018,Percent,,,Batys Kazakhstan,90.16207126041566
2018,Percent,,Male,Batys Kazakhstan,91.1822274239833
2018,Percent,,Female,Batys Kazakhstan,89.22060278751488
2018,Percent,urban,,Batys Kazakhstan,95.6739212855994
2018,Percent,urban,Male,Batys Kazakhstan,96.73898090829664
2018,Percent,urban,Female,Batys Kazakhstan,94.77651216119696
2018,Percent,rural,,Batys Kazakhstan,84.35519636607236
2018,Percent,rural,Male,Batys Kazakhstan,85.86868413942177
2018,Percent,rural,Female,Batys Kazakhstan,82.81844501079351
2018,Percent,,,Zhambyl,83.02438062013925
2018,Percent,,Male,Zhambyl,84.20114835091468
2018,Percent,,Female,Zhambyl,81.90014124409102
2018,Percent,urban,,Zhambyl,78.67395789094456
2018,Percent,urban,Male,Zhambyl,78.54861011777047
2018,Percent,urban,Female,Zhambyl,78.78457852319755
2018,Percent,rural,,Zhambyl,85.8879734127259
2018,Percent,rural,Male,Zhambyl,87.67840382067138
2018,Percent,rural,Female,Zhambyl,84.08595204356645
2018,Percent,,,Karagandy,86.31205047109883
2018,Percent,,Male,Karagandy,87.26770139413502
2018,Percent,,Female,Karagandy,85.46465025535002
2018,Percent,urban,,Karagandy,87.32465610396456
2018,Percent,urban,Male,Karagandy,88.04193551578904
2018,Percent,urban,Female,Karagandy,86.71112185241017
2018,Percent,rural,,Karagandy,82.36050373130638
2018,Percent,rural,Male,Karagandy,84.50917181434664
2018,Percent,rural,Female,Karagandy,80.16892134849417
2018,Percent,,,Kostanay,91.32357953375023
2018,Percent,,Male,Kostanay,91.44615433565248
2018,Percent,,Female,Kostanay,91.2145056448854
2018,Percent,urban,,Kostanay,93.6857460486025
2018,Percent,urban,Male,Kostanay,93.18207860662312
2018,Percent,urban,Female,Kostanay,94.10505250929565
2018,Percent,rural,,Kostanay,88.55495279533255
2018,Percent,rural,Male,Kostanay,89.56079969246852
2018,Percent,rural,Female,Kostanay,87.5875130338561
2018,Percent,,,Kyzylorda,85.90732056275336
2018,Percent,,Male,Kyzylorda,86.58189058997472
2018,Percent,,Female,Kyzylorda,85.23702539753533
2018,Percent,urban,,Kyzylorda,93.89481046157712
2018,Percent,urban,Male,Kyzylorda,93.8065238695226
2018,Percent,urban,Female,Kyzylorda,93.97796083317677
2018,Percent,rural,,Kyzylorda,79.69218495320165
2018,Percent,rural,Male,Kyzylorda,81.2233921043341
2018,Percent,rural,Female,Kyzylorda,78.105923292475
2018,Percent,,,Mangistau,88.69534726904924
2018,Percent,,Male,Mangistau,88.56474763894495
2018,Percent,,Female,Mangistau,88.82308584274139
2018,Percent,urban,,Mangistau,91.75555193905512
2018,Percent,urban,Male,Mangistau,91.48311047000416
2018,Percent,urban,Female,Mangistau,92.02476520279134
2018,Percent,rural,,Mangistau,86.57914907595537
2018,Percent,rural,Male,Mangistau,86.52891643619122
2018,Percent,rural,Female,Mangistau,86.62793486341943
2018,Percent,,,Pavlodar,88.11006925616847
2018,Percent,,Male,Pavlodar,89.44824612972762
2018,Percent,,Female,Pavlodar,86.92970702155405
2018,Percent,urban,,Pavlodar,91.36126740692792
2018,Percent,urban,Male,Pavlodar,93.46472911000603
2018,Percent,urban,Female,Pavlodar,89.59948455868197
2018,Percent,rural,,Pavlodar,80.21659740586828
2018,Percent,rural,Male,Pavlodar,80.55720691218701
2018,Percent,rural,Female,Pavlodar,79.87610797743756
2018,Percent,,,Soltustik Kazakhstan,84.82252502148062
2018,Percent,,Male,Soltustik Kazakhstan,85.13159417414737
2018,Percent,,Female,Soltustik Kazakhstan,84.54328879860795
2018,Percent,urban,,Soltustik Kazakhstan,86.37482923943026
2018,Percent,urban,Male,Soltustik Kazakhstan,86.47797065339104
2018,Percent,urban,Female,Soltustik Kazakhstan,86.29086676005761
2018,Percent,rural,,Soltustik Kazakhstan,83.54780856567157
2018,Percent,rural,Male,Soltustik Kazakhstan,84.13112935353848
2018,Percent,rural,Female,Soltustik Kazakhstan,82.97395082158917
2018,Percent,,,Turkistan,80.37042534942408
2018,Percent,,Male,Turkistan,81.22557042514572
2018,Percent,,Female,Turkistan,79.49867078274228
2018,Percent,urban,,Turkistan,77.89322296617075
2018,Percent,urban,Male,Turkistan,78.00266804536953
2018,Percent,urban,Female,Turkistan,77.78346754061424
2018,Percent,rural,,Turkistan,80.94845866704054
2018,Percent,rural,Male,Turkistan,81.97002166584471
2018,Percent,rural,Female,Turkistan,79.9030296811267
2018,Percent,,,Shygys Kazakhstan,87.34541820872835
2018,Percent,,Male,Shygys Kazakhstan,87.71079724073432
2018,Percent,,Female,Shygys Kazakhstan,87.01751878533179
2018,Percent,urban,,Shygys Kazakhstan,94.22063176542888
2018,Percent,urban,Male,Shygys Kazakhstan,94.29950969697666
2018,Percent,urban,Female,Shygys Kazakhstan,94.15438987288064
2018,Percent,rural,,Shygys Kazakhstan,76.52170504816296
2018,Percent,rural,Male,Shygys Kazakhstan,78.22146700651373
2018,Percent,rural,Female,Shygys Kazakhstan,74.82903572443152
2018,Percent,,,Nur-Sultan city,94.19164879238326
2018,Percent,,Male,Nur-Sultan city,98.4785856280804
2018,Percent,,Female,Nur-Sultan city,90.31903634532092
2018,Percent,,,Almaty city,89.80043873012005
2018,Percent,,Male,Almaty city,90.54687605859
2018,Percent,,Female,Almaty city,89.19044613493672
2018,Percent,,,Shymkent city,91.30396348082004
2018,Percent,,Male,Shymkent city,92.3668148403604
2018,Percent,,Female,Shymkent city,90.34503822382472
2019,Percent,,,,88.12097004703236
2019,Percent,,Male,,88.5960218220858
2019,Percent,,Female,,87.68209467503725
2019,Percent,urban,,,90.05839995548139
2019,Percent,urban,Male,,90.580358615731
2019,Percent,urban,Female,,89.60399153099115
2019,Percent,rural,,,85.39844628719246
2019,Percent,rural,Male,,86.00571846176854
2019,Percent,rural,Female,,84.78872340590502
2019,Percent,,,Akmola,88.11544799788605
2019,Percent,,Male,Akmola,89.20136915283669
2019,Percent,,Female,Akmola,87.10455354871533
2019,Percent,urban,,Akmola,89.23739425712863
2019,Percent,urban,Male,Akmola,89.96836122207375
2019,Percent,urban,Female,Akmola,88.6005940803064
2019,Percent,rural,,Akmola,87.13193845979967
2019,Percent,rural,Male,Akmola,88.57102216153167
2019,Percent,rural,Female,Akmola,85.71228109564436
2019,Percent,,,Aktobe,90.66373219043209
2019,Percent,,Male,Aktobe,91.57664838406092
2019,Percent,,Female,Aktobe,89.82190612815978
2019,Percent,urban,,Aktobe,92.43496940368723
2019,Percent,urban,Male,Aktobe,92.56051547682202
2019,Percent,urban,Female,Aktobe,92.32351312164198
2019,Percent,rural,,Aktobe,86.44354948227996
2019,Percent,rural,Male,Aktobe,89.38193905817174
2019,Percent,rural,Female,Aktobe,83.47796525255417
2019,Percent,,,Almaty,91.72652554303214
2019,Percent,,Male,Almaty,91.91252630743077
2019,Percent,,Female,Almaty,91.54669909386892
2019,Percent,urban,,Almaty,90.23761031907672
2019,Percent,urban,Male,Almaty,91.17442211193068
2019,Percent,urban,Female,Almaty,89.40154416533092
2019,Percent,rural,,Almaty,92.14729405676974
2019,Percent,rural,Male,Almaty,92.11036739397744
2019,Percent,rural,Female,Almaty,92.18381030253477
2019,Percent,,,Atyrau,84.65256384684146
2019,Percent,,Male,Atyrau,84.70095912890928
2019,Percent,,Female,Atyrau,84.60625161513009
2019,Percent,urban,,Atyrau,88.53459096940787
2019,Percent,urban,Male,Atyrau,90.17212241656412
2019,Percent,urban,Female,Atyrau,87.04452747990425
2019,Percent,rural,,Atyrau,80.53095323316401
2019,Percent,rural,Male,Atyrau,79.1919957553248
2019,Percent,rural,Female,Atyrau,81.88259419092216
2019,Percent,,,Batys Kazakhstan,87.55776966246414
2019,Percent,,Male,Batys Kazakhstan,87.42274429555226
2019,Percent,,Female,Batys Kazakhstan,87.68272374020847
2019,Percent,urban,,Batys Kazakhstan,94.4638004845242
2019,Percent,urban,Male,Batys Kazakhstan,95.03529016765567
2019,Percent,urban,Female,Batys Kazakhstan,93.97939203088411
2019,Percent,rural,,Batys Kazakhstan,80.16194186803315
2019,Percent,rural,Male,Batys Kazakhstan,80.00270344297692
2019,Percent,rural,Female,Batys Kazakhstan,80.32377950023137
2019,Percent,,,Zhambyl,81.35257295154081
2019,Percent,,Male,Zhambyl,81.42272348595377
2019,Percent,,Female,Zhambyl,81.28538374689262
2019,Percent,urban,,Zhambyl,76.80564140831339
2019,Percent,urban,Male,Zhambyl,74.9174899092389
2019,Percent,urban,Female,Zhambyl,78.47215558917962
2019,Percent,rural,,Zhambyl,84.33081501949083
2019,Percent,rural,Male,Zhambyl,85.39749153512328
2019,Percent,rural,Female,Zhambyl,83.25308461392852
2019,Percent,,,Karagandy,89.66930912758447
2019,Percent,,Male,Karagandy,90.03760236867475
2019,Percent,,Female,Karagandy,89.34224818069781
2019,Percent,urban,,Karagandy,90.0004303808364
2019,Percent,urban,Male,Karagandy,90.3477750407356
2019,Percent,urban,Female,Karagandy,89.70281018775326
2019,Percent,rural,,Karagandy,88.37113279272663
2019,Percent,rural,Male,Karagandy,88.92695633724792
2019,Percent,rural,Female,Karagandy,87.80352758028536
2019,Percent,,,Kostanay,91.84251913312802
2019,Percent,,Male,Kostanay,92.57293091314682
2019,Percent,,Female,Kostanay,91.19136146633474
2019,Percent,urban,,Kostanay,95.58685144297196
2019,Percent,urban,Male,Kostanay,95.60435676161524
2019,Percent,urban,Female,Kostanay,95.5722646963532
2019,Percent,rural,,Kostanay,87.35132218470531
2019,Percent,rural,Male,Kostanay,89.21005164745291
2019,Percent,rural,Female,Kostanay,85.5550533088285
2019,Percent,,,Kyzylorda,82.22601708272049
2019,Percent,,Male,Kyzylorda,80.79084543245607
2019,Percent,,Female,Kyzylorda,83.65614906687256
2019,Percent,urban,,Kyzylorda,86.49604702346518
2019,Percent,urban,Male,Kyzylorda,84.11370265381419
2019,Percent,urban,Female,Kyzylorda,88.74985847149212
2019,Percent,rural,,Kyzylorda,78.87415835899577
2019,Percent,rural,Male,Kyzylorda,78.3011713585915
2019,Percent,rural,Female,Kyzylorda,79.46889193817745
2019,Percent,,,Mangistau,91.57749868877038
2019,Percent,,Male,Mangistau,92.14973329991491
2019,Percent,,Female,Mangistau,91.01787104469574
2019,Percent,urban,,Mangistau,94.53370247880466
2019,Percent,urban,Male,Mangistau,95.27387710603698
2019,Percent,urban,Female,Mangistau,93.8051508311102
2019,Percent,rural,,Mangistau,89.564875553
2019,Percent,rural,Male,Mangistau,90.01109052904499
2019,Percent,rural,Female,Mangistau,89.13040331429333
2019,Percent,,,Pavlodar,86.38593634257899
2019,Percent,,Male,Pavlodar,86.6105273710394
2019,Percent,,Female,Pavlodar,86.18744912593512
2019,Percent,urban,,Pavlodar,89.33343854672616
2019,Percent,urban,Male,Pavlodar,89.16760233305472
2019,Percent,urban,Female,Pavlodar,89.4723886108148
2019,Percent,rural,,Pavlodar,79.247199883318
2019,Percent,rural,Male,Pavlodar,80.97787097842283
2019,Percent,rural,Female,Pavlodar,77.50780261280384
2019,Percent,,,Soltustik Kazakhstan,86.56174405860921
2019,Percent,,Male,Soltustik Kazakhstan,87.12644538101532
2019,Percent,,Female,Soltustik Kazakhstan,86.05061491059438
2019,Percent,urban,,Soltustik Kazakhstan,91.10871979855236
2019,Percent,urban,Male,Soltustik Kazakhstan,91.83205297502576
2019,Percent,urban,Female,Soltustik Kazakhstan,90.51866820252944
2019,Percent,rural,,Soltustik Kazakhstan,82.75007124019653
2019,Percent,rural,Male,Soltustik Kazakhstan,83.55901115844702
2019,Percent,rural,Female,Soltustik Kazakhstan,81.95153268243772
2019,Percent,,,Turkistan,82.5290445887229
2019,Percent,,Male,Turkistan,83.31113544133714
2019,Percent,,Female,Turkistan,81.72833559389353
2019,Percent,urban,,Turkistan,79.55130816230613
2019,Percent,urban,Male,Turkistan,78.20592112250189
2019,Percent,urban,Female,Turkistan,80.90508489492642
2019,Percent,rural,,Turkistan,83.22924940209455
2019,Percent,rural,Male,Turkistan,84.49895164484562
2019,Percent,rural,Female,Turkistan,81.92401855494651
2019,Percent,,,Shygys Kazakhstan,89.73957792581469
2019,Percent,,Male,Shygys Kazakhstan,89.85391384514374
2019,Percent,,Female,Shygys Kazakhstan,89.63688736152307
2019,Percent,urban,,Shygys Kazakhstan,95.3212775852969
2019,Percent,urban,Male,Shygys Kazakhstan,96.20867247043412
2019,Percent,urban,Female,Shygys Kazakhstan,94.575242849774
2019,Percent,rural,,Shygys Kazakhstan,80.78333218038777
2019,Percent,rural,Male,Shygys Kazakhstan,80.53133366344112
2019,Percent,rural,Female,Shygys Kazakhstan,81.03487997051099
2019,Percent,,,Nur-Sultan city,94.68484430376178
2019,Percent,,Male,Nur-Sultan city,98.0475976650202
2019,Percent,,Female,Nur-Sultan city,91.6567179417714
2019,Percent,,,Almaty city,88.34328696189951
2019,Percent,,Male,Almaty city,88.80549458330384
2019,Percent,,Female,Almaty city,87.96372567704783
2019,Percent,,,Shymkent city,88.62556452748156
2019,Percent,,Male,Shymkent city,89.2977641819245
2019,Percent,,Female,Shymkent city,88.01857636125095
