Year,UNIT_MEASURE,Regions,Sex,Area,Age,Value
2013,Percent,,,,,11.8
2013,Percent,Akmola,,,,9.7
2013,Percent,Aktobe,,,,13.9
2013,Percent,Almaty,,,,14.6
2013,Percent,Atyrau,,,,1.7
2013,Percent,Batys Kazakhstan,,,,10.8
2013,Percent,Zhambyl,,,,20.2
2013,Percent,Karagandy,,,,8.0
2013,Percent,Kostanay,,,,19.8
2013,Percent,Kyzylorda,,,,12.7
2013,Percent,Mangistau,,,,3.5
2013,Percent,Ontustik Kazakhstan,,,,14.2
2013,Percent,Pavlodar,,,,14.6
2013,Percent,Soltustik Kazakhstan,,,,24.8
2013,Percent,Shygys Kazakhstan,,,,12.5
2013,Percent,Nur-Sultan city,,,,0.2
2013,Percent,Almaty city,,,,1.2
2013,Percent,,Male,,,10.9
2013,Percent,Akmola,Male,,,9.1
2013,Percent,Aktobe,Male,,,15.2
2013,Percent,Almaty,Male,,,14.4
2013,Percent,Atyrau,Male,,,1.9
2013,Percent,Batys Kazakhstan,Male,,,13.1
2013,Percent,Zhambyl,Male,,,19.8
2013,Percent,Karagandy,Male,,,6.8
2013,Percent,Kostanay,Male,,,17.0
2013,Percent,Kyzylorda,Male,,,11.3
2013,Percent,Mangistau,Male,,,2.6
2013,Percent,Ontustik Kazakhstan,Male,,,12.2
2013,Percent,Pavlodar,Male,,,12.6
2013,Percent,Soltustik Kazakhstan,Male,,,20.2
2013,Percent,Shygys Kazakhstan,Male,,,11.7
2013,Percent,Nur-Sultan city,Male,,,0.0
2013,Percent,Almaty city,Male,,,1.5
2013,Percent,,Female,,,12.7
2013,Percent,Akmola,Female,,,10.2
2013,Percent,Aktobe,Female,,,12.6
2013,Percent,Almaty,Female,,,14.8
2013,Percent,Atyrau,Female,,,1.5
2013,Percent,Batys Kazakhstan,Female,,,8.4
2013,Percent,Zhambyl,Female,,,20.6
2013,Percent,Karagandy,Female,,,9.2
2013,Percent,Kostanay,Female,,,22.4
2013,Percent,Kyzylorda,Female,,,14.4
2013,Percent,Mangistau,Female,,,4.7
2013,Percent,Ontustik Kazakhstan,Female,,,16.7
2013,Percent,Pavlodar,Female,,,16.6
2013,Percent,Soltustik Kazakhstan,Female,,,29.4
2013,Percent,Shygys Kazakhstan,Female,,,13.4
2013,Percent,Nur-Sultan city,Female,,,0.3
2013,Percent,Almaty city,Female,,,0.9
2013,Percent,,,urban,,5.1
2013,Percent,Akmola,,urban,,2.4
2013,Percent,Aktobe,,urban,,7.1
2013,Percent,Almaty,,urban,,12.1
2013,Percent,Atyrau,,urban,,0.2
2013,Percent,Batys Kazakhstan,,urban,,2.1
2013,Percent,Zhambyl,,urban,,25.5
2013,Percent,Karagandy,,urban,,6.0
2013,Percent,Kostanay,,urban,,6.4
2013,Percent,Kyzylorda,,urban,,8.4
2013,Percent,Mangistau,,urban,,4.0
2013,Percent,Ontustik Kazakhstan,,urban,,7.1
2013,Percent,Pavlodar,,urban,,3.1
2013,Percent,Soltustik Kazakhstan,,urban,,7.7
2013,Percent,Shygys Kazakhstan,,urban,,1.7
2013,Percent,Nur-Sultan city,,urban,,0.2
2013,Percent,Almaty city,,urban,,1.2
2013,Percent,,,rural,,19.8
2013,Percent,Akmola,,rural,,15.9
2013,Percent,Aktobe,,rural,,25.4
2013,Percent,Almaty,,rural,,15.4
2013,Percent,Atyrau,,rural,,3.1
2013,Percent,Batys Kazakhstan,,rural,,18.1
2013,Percent,Zhambyl,,rural,,17.2
2013,Percent,Karagandy,,rural,,15.0
2013,Percent,Kostanay,,rural,,32.3
2013,Percent,Kyzylorda,,rural,,16.2
2013,Percent,Mangistau,,rural,,2.9
2013,Percent,Ontustik Kazakhstan,,rural,,18.6
2013,Percent,Pavlodar,,rural,,36.3
2013,Percent,Soltustik Kazakhstan,,rural,,36.0
2013,Percent,Shygys Kazakhstan,,rural,,27.8
2013,Percent,,,,Y15,97.8
2013,Percent,,,,16-24,16.1
2013,Percent,,,,25-28,10.0
2013,Percent,,,,29-34,11.1
2013,Percent,,,,35-44,9.9
2013,Percent,,,,45-54,10.6
2013,Percent,,,,55-64,15.2
2013,Percent,,,,65 and older,47.5
2013,Percent,Akmola,,,16-24,12.9
2013,Percent,Akmola,,,25-28,5.9
2013,Percent,Akmola,,,29-34,6.4
2013,Percent,Akmola,,,35-44,8.8
2013,Percent,Akmola,,,45-54,12.1
2013,Percent,Akmola,,,55-64,9.8
2013,Percent,Akmola,,,65 and older,25.5
2013,Percent,Aktobe,,,16-24,20.8
2013,Percent,Aktobe,,,25-28,15.4
2013,Percent,Aktobe,,,29-34,19.8
2013,Percent,Aktobe,,,35-44,8.4
2013,Percent,Aktobe,,,45-54,8.5
2013,Percent,Aktobe,,,55-64,16.5
2013,Percent,Aktobe,,,65 and older,22.0
2013,Percent,Almaty,,,16-24,19.3
2013,Percent,Almaty,,,25-28,10.9
2013,Percent,Almaty,,,29-34,13.7
2013,Percent,Almaty,,,35-44,14.1
2013,Percent,Almaty,,,45-54,14.5
2013,Percent,Almaty,,,55-64,14.3
2013,Percent,Almaty,,,65 and older,10.8
2013,Percent,Atyrau,,,16-24,2.0
2013,Percent,Atyrau,,,25-28,0.2
2013,Percent,Atyrau,,,29-34,1.7
2013,Percent,Atyrau,,,35-44,1.4
2013,Percent,Atyrau,,,45-54,2.2
2013,Percent,Atyrau,,,55-64,2.9
2013,Percent,Batys Kazakhstan,,,16-24,12.4
2013,Percent,Batys Kazakhstan,,,25-28,9.1
2013,Percent,Batys Kazakhstan,,,29-34,10.3
2013,Percent,Batys Kazakhstan,,,35-44,10.5
2013,Percent,Batys Kazakhstan,,,45-54,10.4
2013,Percent,Batys Kazakhstan,,,55-64,11.0
2013,Percent,Zhambyl,,,Y15,100.0
2013,Percent,Zhambyl,,,16-24,24.1
2013,Percent,Zhambyl,,,25-28,15.7
2013,Percent,Zhambyl,,,29-34,18.3
2013,Percent,Zhambyl,,,35-44,16.7
2013,Percent,Zhambyl,,,45-54,21.4
2013,Percent,Zhambyl,,,55-64,27.5
2013,Percent,Zhambyl,,,65 and older,40.0
2013,Percent,Karagandy,,,16-24,13.1
2013,Percent,Karagandy,,,25-28,8.1
2013,Percent,Karagandy,,,29-34,6.6
2013,Percent,Karagandy,,,35-44,6.3
2013,Percent,Karagandy,,,45-54,5.0
2013,Percent,Karagandy,,,55-64,9.8
2013,Percent,Karagandy,,,65 and older,55.2
2013,Percent,Kostanay,,,Y15,100.0
2013,Percent,Kostanay,,,16-24,32.5
2013,Percent,Kostanay,,,25-28,21.8
2013,Percent,Kostanay,,,29-34,14.6
2013,Percent,Kostanay,,,35-44,14.3
2013,Percent,Kostanay,,,45-54,17.2
2013,Percent,Kostanay,,,55-64,27.5
2013,Percent,Kostanay,,,65 and older,36.3
2013,Percent,Kyzylorda,,,16-24,24.6
2013,Percent,Kyzylorda,,,25-28,7.9
2013,Percent,Kyzylorda,,,29-34,14.4
2013,Percent,Kyzylorda,,,35-44,9.6
2013,Percent,Kyzylorda,,,45-54,10.8
2013,Percent,Kyzylorda,,,55-64,8.6
2013,Percent,Mangistau,,,16-24,5.1
2013,Percent,Mangistau,,,25-28,3.7
2013,Percent,Mangistau,,,29-34,4.5
2013,Percent,Mangistau,,,35-44,2.3
2013,Percent,Mangistau,,,45-54,3.5
2013,Percent,Mangistau,,,55-64,2.3
2013,Percent,Ontustik Kazakhstan,,,Y15,89.8
2013,Percent,Ontustik Kazakhstan,,,16-24,17.2
2013,Percent,Ontustik Kazakhstan,,,25-28,15.2
2013,Percent,Ontustik Kazakhstan,,,29-34,14.4
2013,Percent,Ontustik Kazakhstan,,,35-44,13.8
2013,Percent,Ontustik Kazakhstan,,,45-54,12.5
2013,Percent,Ontustik Kazakhstan,,,55-64,11.9
2013,Percent,Pavlodar,,,Y15,100.0
2013,Percent,Pavlodar,,,16-24,23.0
2013,Percent,Pavlodar,,,25-28,10.4
2013,Percent,Pavlodar,,,29-34,13.0
2013,Percent,Pavlodar,,,35-44,9.9
2013,Percent,Pavlodar,,,45-54,10.0
2013,Percent,Pavlodar,,,55-64,23.9
2013,Percent,Pavlodar,,,65 and older,88.3
2013,Percent,Soltustik Kazakhstan,,,Y15,100.0
2013,Percent,Soltustik Kazakhstan,,,16-24,32.4
2013,Percent,Soltustik Kazakhstan,,,25-28,16.2
2013,Percent,Soltustik Kazakhstan,,,29-34,17.4
2013,Percent,Soltustik Kazakhstan,,,35-44,21.7
2013,Percent,Soltustik Kazakhstan,,,45-54,17.0
2013,Percent,Soltustik Kazakhstan,,,55-64,37.3
2013,Percent,Soltustik Kazakhstan,,,65 and older,85.5
2013,Percent,Shygys Kazakhstan,,,16-24,16.8
2013,Percent,Shygys Kazakhstan,,,25-28,11.6
2013,Percent,Shygys Kazakhstan,,,29-34,13.5
2013,Percent,Shygys Kazakhstan,,,35-44,12.1
2013,Percent,Shygys Kazakhstan,,,45-54,11.3
2013,Percent,Shygys Kazakhstan,,,55-64,12.1
2013,Percent,Shygys Kazakhstan,,,65 and older,14.6
2013,Percent,Nur-Sultan city,,,35-44,0.7
2013,Percent,Almaty city,,,16-24,2.4
2013,Percent,Almaty city,,,25-28,1.8
2013,Percent,Almaty city,,,29-34,1.2
2013,Percent,Almaty city,,,35-44,0.6
2013,Percent,Almaty city,,,45-54,0.8
2013,Percent,Almaty city,,,55-64,1.1
2014,Percent,,,,,8.3
2014,Percent,Akmola,,,,8.3
2014,Percent,Aktobe,,,,7.0
2014,Percent,Almaty,,,,11.5
2014,Percent,Atyrau,,,,1.8
2014,Percent,Batys Kazakhstan,,,,7.4
2014,Percent,Zhambyl,,,,22.4
2014,Percent,Karagandy,,,,6.4
2014,Percent,Kostanay,,,,11.0
2014,Percent,Kyzylorda,,,,10.0
2014,Percent,Mangistau,,,,2.4
2014,Percent,Ontustik Kazakhstan,,,,8.6
2014,Percent,Pavlodar,,,,6.5
2014,Percent,Soltustik Kazakhstan,,,,8.1
2014,Percent,Shygys Kazakhstan,,,,11.6
2014,Percent,Nur-Sultan city,,,,0.3
2014,Percent,Almaty city,,,,1.2
2014,Percent,,Male,,,8.0
2014,Percent,Akmola,Male,,,6.9
2014,Percent,Aktobe,Male,,,6.9
2014,Percent,Almaty,Male,,,10.7
2014,Percent,Atyrau,Male,,,1.8
2014,Percent,Batys Kazakhstan,Male,,,8.4
2014,Percent,Zhambyl,Male,,,20.6
2014,Percent,Karagandy,Male,,,6.3
2014,Percent,Kostanay,Male,,,10.1
2014,Percent,Kyzylorda,Male,,,10.9
2014,Percent,Mangistau,Male,,,2.0
2014,Percent,Ontustik Kazakhstan,Male,,,8.8
2014,Percent,Pavlodar,Male,,,5.7
2014,Percent,Soltustik Kazakhstan,Male,,,7.0
2014,Percent,Shygys Kazakhstan,Male,,,11.2
2014,Percent,Nur-Sultan city,Male,,,0.3
2014,Percent,Almaty city,Male,,,1.5
2014,Percent,,Female,,,8.7
2014,Percent,Akmola,Female,,,9.8
2014,Percent,Aktobe,Female,,,7.0
2014,Percent,Almaty,Female,,,12.5
2014,Percent,Atyrau,Female,,,1.9
2014,Percent,Batys Kazakhstan,Female,,,6.3
2014,Percent,Zhambyl,Female,,,24.3
2014,Percent,Karagandy,Female,,,6.4
2014,Percent,Kostanay,Female,,,11.9
2014,Percent,Kyzylorda,Female,,,9.0
2014,Percent,Mangistau,Female,,,2.9
2014,Percent,Ontustik Kazakhstan,Female,,,8.4
2014,Percent,Pavlodar,Female,,,7.4
2014,Percent,Soltustik Kazakhstan,Female,,,9.3
2014,Percent,Shygys Kazakhstan,Female,,,11.9
2014,Percent,Nur-Sultan city,Female,,,0.2
2014,Percent,Almaty city,Female,,,1.0
2014,Percent,,,urban,,4.8
2014,Percent,Akmola,,urban,,4.0
2014,Percent,Aktobe,,urban,,3.0
2014,Percent,Almaty,,urban,,8.0
2014,Percent,Atyrau,,urban,,0.3
2014,Percent,Batys Kazakhstan,,urban,,2.8
2014,Percent,Zhambyl,,urban,,27.8
2014,Percent,Karagandy,,urban,,3.9
2014,Percent,Kostanay,,urban,,7.8
2014,Percent,Kyzylorda,,urban,,4.9
2014,Percent,Mangistau,,urban,,2.5
2014,Percent,Ontustik Kazakhstan,,urban,,8.3
2014,Percent,Pavlodar,,urban,,2.0
2014,Percent,Soltustik Kazakhstan,,urban,,5.7
2014,Percent,Shygys Kazakhstan,,urban,,2.8
2014,Percent,Nur-Sultan city,,urban,,0.3
2014,Percent,Almaty city,,urban,,1.2
2014,Percent,,,rural,,12.7
2014,Percent,Akmola,,rural,,12.2
2014,Percent,Aktobe,,rural,,13.4
2014,Percent,Almaty,,rural,,12.6
2014,Percent,Atyrau,,rural,,3.4
2014,Percent,Batys Kazakhstan,,rural,,11.3
2014,Percent,Zhambyl,,rural,,18.0
2014,Percent,Karagandy,,rural,,15.4
2014,Percent,Kostanay,,rural,,14.3
2014,Percent,Kyzylorda,,rural,,13.4
2014,Percent,Mangistau,,rural,,2.3
2014,Percent,Ontustik Kazakhstan,,rural,,8.9
2014,Percent,Pavlodar,,rural,,15.6
2014,Percent,Soltustik Kazakhstan,,rural,,9.8
2014,Percent,Shygys Kazakhstan,,rural,,24.4
2014,Percent,,,,Y15,46.0
2014,Percent,,,,16-24,10.2
2014,Percent,,,,25-28,7.3
2014,Percent,,,,29-34,7.6
2014,Percent,,,,35-44,6.7
2014,Percent,,,,45-54,7.7
2014,Percent,,,,55-64,11.7
2014,Percent,,,,65 and older,42.6
2014,Percent,Akmola,,,Y15,89.4
2014,Percent,Akmola,,,16-24,9.5
2014,Percent,Akmola,,,25-28,7.7
2014,Percent,Akmola,,,29-34,6.3
2014,Percent,Akmola,,,35-44,6.9
2014,Percent,Akmola,,,45-54,8.1
2014,Percent,Akmola,,,55-64,10.0
2014,Percent,Akmola,,,65 and older,48.1
2014,Percent,Aktobe,,,16-24,9.6
2014,Percent,Aktobe,,,25-28,6.8
2014,Percent,Aktobe,,,29-34,5.5
2014,Percent,Aktobe,,,35-44,5.8
2014,Percent,Aktobe,,,45-54,7.3
2014,Percent,Aktobe,,,55-64,9.6
2014,Percent,Aktobe,,,65 and older,32.0
2014,Percent,Almaty,,,Y15,16.7
2014,Percent,Almaty,,,16-24,11.6
2014,Percent,Almaty,,,25-28,9.1
2014,Percent,Almaty,,,29-34,11.9
2014,Percent,Almaty,,,35-44,10.9
2014,Percent,Almaty,,,45-54,11.2
2014,Percent,Almaty,,,55-64,14.4
2014,Percent,Almaty,,,65 and older,47.4
2014,Percent,Atyrau,,,16-24,2.1
2014,Percent,Atyrau,,,25-28,1.6
2014,Percent,Atyrau,,,29-34,1.5
2014,Percent,Atyrau,,,35-44,1.5
2014,Percent,Atyrau,,,45-54,2.7
2014,Percent,Atyrau,,,55-64,1.8
2014,Percent,Atyrau,,,65 and older,2.8
2014,Percent,Batys Kazakhstan,,,16-24,8.1
2014,Percent,Batys Kazakhstan,,,25-28,5.6
2014,Percent,Batys Kazakhstan,,,29-34,8.5
2014,Percent,Batys Kazakhstan,,,35-44,6.8
2014,Percent,Batys Kazakhstan,,,45-54,7.2
2014,Percent,Batys Kazakhstan,,,55-64,7.6
2014,Percent,Batys Kazakhstan,,,65 and older,17.9
2014,Percent,Zhambyl,,,Y15,41.6
2014,Percent,Zhambyl,,,16-24,30.5
2014,Percent,Zhambyl,,,25-28,22.6
2014,Percent,Zhambyl,,,29-34,18.0
2014,Percent,Zhambyl,,,35-44,17.5
2014,Percent,Zhambyl,,,45-54,17.0
2014,Percent,Zhambyl,,,55-64,35.9
2014,Percent,Zhambyl,,,65 and older,69.7
2014,Percent,Karagandy,,,Y15,62.9
2014,Percent,Karagandy,,,16-24,7.8
2014,Percent,Karagandy,,,25-28,4.4
2014,Percent,Karagandy,,,29-34,4.5
2014,Percent,Karagandy,,,35-44,4.9
2014,Percent,Karagandy,,,45-54,5.8
2014,Percent,Karagandy,,,55-64,10.5
2014,Percent,Karagandy,,,65 and older,42.0
2014,Percent,Kostanay,,,Y15,59.0
2014,Percent,Kostanay,,,16-24,17.5
2014,Percent,Kostanay,,,25-28,11.6
2014,Percent,Kostanay,,,29-34,10.6
2014,Percent,Kostanay,,,35-44,8.2
2014,Percent,Kostanay,,,45-54,8.4
2014,Percent,Kostanay,,,55-64,13.3
2014,Percent,Kostanay,,,65 and older,26.2
2014,Percent,Kyzylorda,,,16-24,15.1
2014,Percent,Kyzylorda,,,25-28,8.0
2014,Percent,Kyzylorda,,,29-34,9.7
2014,Percent,Kyzylorda,,,35-44,9.5
2014,Percent,Kyzylorda,,,45-54,8.6
2014,Percent,Kyzylorda,,,55-64,7.4
2014,Percent,Kyzylorda,,,65 and older,15.6
2014,Percent,Mangistau,,,16-24,3.2
2014,Percent,Mangistau,,,25-28,2.0
2014,Percent,Mangistau,,,29-34,2.0
2014,Percent,Mangistau,,,35-44,2.5
2014,Percent,Mangistau,,,45-54,2.5
2014,Percent,Mangistau,,,55-64,2.3
2014,Percent,Ontustik Kazakhstan,,,16-24,8.6
2014,Percent,Ontustik Kazakhstan,,,25-28,9.1
2014,Percent,Ontustik Kazakhstan,,,29-34,10.9
2014,Percent,Ontustik Kazakhstan,,,35-44,7.4
2014,Percent,Ontustik Kazakhstan,,,45-54,8.3
2014,Percent,Ontustik Kazakhstan,,,55-64,6.7
2014,Percent,Pavlodar,,,Y15,89.6
2014,Percent,Pavlodar,,,16-24,12.1
2014,Percent,Pavlodar,,,25-28,3.6
2014,Percent,Pavlodar,,,29-34,5.2
2014,Percent,Pavlodar,,,35-44,3.4
2014,Percent,Pavlodar,,,45-54,5.3
2014,Percent,Pavlodar,,,55-64,12.7
2014,Percent,Pavlodar,,,65 and older,40.8
2014,Percent,Soltustik Kazakhstan,,,Y15,100.0
2014,Percent,Soltustik Kazakhstan,,,16-24,10.6
2014,Percent,Soltustik Kazakhstan,,,25-28,5.5
2014,Percent,Soltustik Kazakhstan,,,29-34,4.9
2014,Percent,Soltustik Kazakhstan,,,35-44,5.4
2014,Percent,Soltustik Kazakhstan,,,45-54,5.5
2014,Percent,Soltustik Kazakhstan,,,55-64,13.7
2014,Percent,Soltustik Kazakhstan,,,65 and older,49.9
2014,Percent,Shygys Kazakhstan,,,Y15,76.0
2014,Percent,Shygys Kazakhstan,,,16-24,18.7
2014,Percent,Shygys Kazakhstan,,,25-28,9.6
2014,Percent,Shygys Kazakhstan,,,29-34,10.2
2014,Percent,Shygys Kazakhstan,,,35-44,9.6
2014,Percent,Shygys Kazakhstan,,,45-54,12.4
2014,Percent,Shygys Kazakhstan,,,55-64,13.3
2014,Percent,Shygys Kazakhstan,,,65 and older,25.0
2014,Percent,Nur-Sultan city,,,25-28,0.3
2014,Percent,Nur-Sultan city,,,29-34,0.2
2014,Percent,Nur-Sultan city,,,35-44,0.2
2014,Percent,Nur-Sultan city,,,45-54,0.5
2014,Percent,Almaty city,,,16-24,1.0
2014,Percent,Almaty city,,,25-28,1.1
2014,Percent,Almaty city,,,29-34,1.1
2014,Percent,Almaty city,,,35-44,1.1
2014,Percent,Almaty city,,,45-54,1.6
2014,Percent,Almaty city,,,55-64,1.8
2014,Percent,Almaty city,,,65 and older,5.1
2015,Percent,,,,,3.9
2015,Percent,Akmola,,,,4.5
2015,Percent,Aktobe,,,,3.1
2015,Percent,Almaty,,,,6.0
2015,Percent,Atyrau,,,,1.2
2015,Percent,Batys Kazakhstan,,,,4.2
2015,Percent,Zhambyl,,,,12.8
2015,Percent,Karagandy,,,,2.9
2015,Percent,Kostanay,,,,3.5
2015,Percent,Kyzylorda,,,,12.6
2015,Percent,Mangistau,,,,2.1
2015,Percent,Ontustik Kazakhstan,,,,1.9
2015,Percent,Pavlodar,,,,1.7
2015,Percent,Soltustik Kazakhstan,,,,2.3
2015,Percent,Shygys Kazakhstan,,,,5.3
2015,Percent,Nur-Sultan city,,,,0.6
2015,Percent,Almaty city,,,,1.0
2015,Percent,,Male,,,4.4
2015,Percent,Akmola,Male,,,3.6
2015,Percent,Aktobe,Male,,,3.1
2015,Percent,Almaty,Male,,,6.3
2015,Percent,Atyrau,Male,,,1.4
2015,Percent,Batys Kazakhstan,Male,,,5.1
2015,Percent,Zhambyl,Male,,,13.4
2015,Percent,Karagandy,Male,,,3.3
2015,Percent,Kostanay,Male,,,3.2
2015,Percent,Kyzylorda,Male,,,15.5
2015,Percent,Mangistau,Male,,,2.5
2015,Percent,Ontustik Kazakhstan,Male,,,2.4
2015,Percent,Pavlodar,Male,,,1.8
2015,Percent,Soltustik Kazakhstan,Male,,,2.7
2015,Percent,Shygys Kazakhstan,Male,,,6.2
2015,Percent,Nur-Sultan city,Male,,,0.9
2015,Percent,Almaty city,Male,,,1.2
2015,Percent,,Female,,,3.4
2015,Percent,Akmola,Female,,,5.5
2015,Percent,Aktobe,Female,,,3.2
2015,Percent,Almaty,Female,,,5.6
2015,Percent,Atyrau,Female,,,1.0
2015,Percent,Batys Kazakhstan,Female,,,3.3
2015,Percent,Zhambyl,Female,,,12.0
2015,Percent,Karagandy,Female,,,2.4
2015,Percent,Kostanay,Female,,,3.9
2015,Percent,Kyzylorda,Female,,,9.2
2015,Percent,Mangistau,Female,,,1.6
2015,Percent,Ontustik Kazakhstan,Female,,,1.2
2015,Percent,Pavlodar,Female,,,1.6
2015,Percent,Soltustik Kazakhstan,Female,,,1.9
2015,Percent,Shygys Kazakhstan,Female,,,4.3
2015,Percent,Nur-Sultan city,Female,,,0.4
2015,Percent,Almaty city,Female,,,0.8
2015,Percent,,,urban,,2.5
2015,Percent,Akmola,,urban,,1.6
2015,Percent,Aktobe,,urban,,2.4
2015,Percent,Almaty,,urban,,4.0
2015,Percent,Atyrau,,urban,,0.3
2015,Percent,Batys Kazakhstan,,urban,,2.5
2015,Percent,Zhambyl,,urban,,12.1
2015,Percent,Karagandy,,urban,,2.6
2015,Percent,Kostanay,,urban,,5.0
2015,Percent,Kyzylorda,,urban,,5.0
2015,Percent,Mangistau,,urban,,3.3
2015,Percent,Ontustik Kazakhstan,,urban,,1.6
2015,Percent,Pavlodar,,urban,,0.4
2015,Percent,Soltustik Kazakhstan,,urban,,2.6
2015,Percent,Shygys Kazakhstan,,urban,,2.7
2015,Percent,Nur-Sultan city,,urban,,0.6
2015,Percent,Almaty city,,urban,,1.0
2015,Percent,,,rural,,5.6
2015,Percent,Akmola,,rural,,6.9
2015,Percent,Aktobe,,rural,,4.0
2015,Percent,Almaty,,rural,,6.2
2015,Percent,Atyrau,,rural,,2.2
2015,Percent,Batys Kazakhstan,,rural,,5.5
2015,Percent,Zhambyl,,rural,,12.6
2015,Percent,Karagandy,,rural,,3.4
2015,Percent,Kostanay,,rural,,1.8
2015,Percent,Kyzylorda,,rural,,17.6
2015,Percent,Mangistau,,rural,,0.7
2015,Percent,Ontustik Kazakhstan,,rural,,2.0
2015,Percent,Pavlodar,,rural,,4.3
2015,Percent,Soltustik Kazakhstan,,rural,,2.1
2015,Percent,Shygys Kazakhstan,,rural,,8.7
2015,Percent,,,,Y15,43.9
2015,Percent,,,,16-24,5.0
2015,Percent,,,,25-28,3.6
2015,Percent,,,,29-34,3.7
2015,Percent,,,,35-44,3.6
2015,Percent,,,,45-54,3.9
2015,Percent,,,,55-64,3.8
2015,Percent,,,,65 and older,6.3
2015,Percent,Akmola,,,Y15,38.6
2015,Percent,Akmola,,,16-24,5.6
2015,Percent,Akmola,,,25-28,3.7
2015,Percent,Akmola,,,29-34,4.5
2015,Percent,Akmola,,,35-44,4.1
2015,Percent,Akmola,,,45-54,5.3
2015,Percent,Akmola,,,55-64,4.1
2015,Percent,Akmola,,,65 and older,2.0
2015,Percent,Aktobe,,,16-24,4.0
2015,Percent,Aktobe,,,25-28,2.7
2015,Percent,Aktobe,,,29-34,2.7
2015,Percent,Aktobe,,,35-44,3.5
2015,Percent,Aktobe,,,45-54,3.2
2015,Percent,Aktobe,,,55-64,2.3
2015,Percent,Almaty,,,16-24,5.2
2015,Percent,Almaty,,,25-28,4.6
2015,Percent,Almaty,,,29-34,6.1
2015,Percent,Almaty,,,35-44,5.9
2015,Percent,Almaty,,,45-54,7.2
2015,Percent,Almaty,,,55-64,6.2
2015,Percent,Almaty,,,65 and older,5.2
2015,Percent,Atyrau,,,16-24,1.2
2015,Percent,Atyrau,,,25-28,1.2
2015,Percent,Atyrau,,,29-34,1.2
2015,Percent,Atyrau,,,35-44,0.8
2015,Percent,Atyrau,,,45-54,1.6
2015,Percent,Atyrau,,,55-64,1.4
2015,Percent,Batys Kazakhstan,,,16-24,6.5
2015,Percent,Batys Kazakhstan,,,25-28,5.5
2015,Percent,Batys Kazakhstan,,,29-34,4.2
2015,Percent,Batys Kazakhstan,,,35-44,2.9
2015,Percent,Batys Kazakhstan,,,45-54,3.7
2015,Percent,Batys Kazakhstan,,,55-64,4.0
2015,Percent,Zhambyl,,,Y15,58.7
2015,Percent,Zhambyl,,,16-24,20.2
2015,Percent,Zhambyl,,,25-28,12.9
2015,Percent,Zhambyl,,,29-34,11.2
2015,Percent,Zhambyl,,,35-44,10.2
2015,Percent,Zhambyl,,,45-54,9.8
2015,Percent,Zhambyl,,,55-64,13.3
2015,Percent,Zhambyl,,,65 and older,49.8
2015,Percent,Karagandy,,,Y15,95.0
2015,Percent,Karagandy,,,16-24,3.0
2015,Percent,Karagandy,,,25-28,1.6
2015,Percent,Karagandy,,,29-34,3.1
2015,Percent,Karagandy,,,35-44,3.9
2015,Percent,Karagandy,,,45-54,2.7
2015,Percent,Karagandy,,,55-64,1.7
2015,Percent,Karagandy,,,65 and older,0.5
2015,Percent,Kostanay,,,16-24,3.4
2015,Percent,Kostanay,,,25-28,3.8
2015,Percent,Kostanay,,,29-34,3.9
2015,Percent,Kostanay,,,35-44,3.9
2015,Percent,Kostanay,,,45-54,3.2
2015,Percent,Kostanay,,,55-64,3.0
2015,Percent,Kostanay,,,65 and older,0.8
2015,Percent,Kyzylorda,,,16-24,16.2
2015,Percent,Kyzylorda,,,25-28,10.8
2015,Percent,Kyzylorda,,,29-34,10.2
2015,Percent,Kyzylorda,,,35-44,12.2
2015,Percent,Kyzylorda,,,45-54,13.1
2015,Percent,Kyzylorda,,,55-64,13.2
2015,Percent,Mangistau,,,16-24,2.4
2015,Percent,Mangistau,,,25-28,2.1
2015,Percent,Mangistau,,,29-34,1.3
2015,Percent,Mangistau,,,35-44,2.1
2015,Percent,Mangistau,,,45-54,2.8
2015,Percent,Mangistau,,,55-64,1.4
2015,Percent,Mangistau,,,65 and older,7.2
2015,Percent,Ontustik Kazakhstan,,,16-24,2.4
2015,Percent,Ontustik Kazakhstan,,,25-28,2.2
2015,Percent,Ontustik Kazakhstan,,,29-34,2.0
2015,Percent,Ontustik Kazakhstan,,,35-44,1.7
2015,Percent,Ontustik Kazakhstan,,,45-54,1.4
2015,Percent,Ontustik Kazakhstan,,,55-64,1.8
2015,Percent,Pavlodar,,,Y15,56.3
2015,Percent,Pavlodar,,,16-24,3.9
2015,Percent,Pavlodar,,,25-28,0.6
2015,Percent,Pavlodar,,,29-34,1.2
2015,Percent,Pavlodar,,,35-44,1.2
2015,Percent,Pavlodar,,,45-54,2.5
2015,Percent,Pavlodar,,,55-64,1.8
2015,Percent,Pavlodar,,,65 and older,0.2
2015,Percent,Soltustik Kazakhstan,,,Y15,29.5
2015,Percent,Soltustik Kazakhstan,,,16-24,4.6
2015,Percent,Soltustik Kazakhstan,,,25-28,3.5
2015,Percent,Soltustik Kazakhstan,,,29-34,2.6
2015,Percent,Soltustik Kazakhstan,,,35-44,2.0
2015,Percent,Soltustik Kazakhstan,,,45-54,1.8
2015,Percent,Soltustik Kazakhstan,,,55-64,1.6
2015,Percent,Soltustik Kazakhstan,,,65 and older,0.1
2015,Percent,Shygys Kazakhstan,,,Y15,62.5
2015,Percent,Shygys Kazakhstan,,,16-24,9.2
2015,Percent,Shygys Kazakhstan,,,25-28,5.6
2015,Percent,Shygys Kazakhstan,,,29-34,4.5
2015,Percent,Shygys Kazakhstan,,,35-44,4.7
2015,Percent,Shygys Kazakhstan,,,45-54,5.1
2015,Percent,Shygys Kazakhstan,,,55-64,4.6
2015,Percent,Shygys Kazakhstan,,,65 and older,8.0
2015,Percent,Nur-Sultan city,,,16-24,3.5
2015,Percent,Nur-Sultan city,,,25-28,0.5
2015,Percent,Nur-Sultan city,,,29-34,0.2
2015,Percent,Nur-Sultan city,,,35-44,0.4
2015,Percent,Nur-Sultan city,,,45-54,0.1
2015,Percent,Nur-Sultan city,,,55-64,0.5
2015,Percent,Almaty city,,,16-24,0.7
2015,Percent,Almaty city,,,25-28,0.8
2015,Percent,Almaty city,,,29-34,1.2
2015,Percent,Almaty city,,,35-44,1.0
2015,Percent,Almaty city,,,45-54,1.2
2015,Percent,Almaty city,,,55-64,0.8
2015,Percent,Almaty city,,,65 and older,0.9
2016,Percent,,,,,3.5
2016,Percent,Akmola,,,,4.1
2016,Percent,Aktobe,,,,5.0
2016,Percent,Almaty,,,,4.2
2016,Percent,Atyrau,,,,0.4
2016,Percent,Batys Kazakhstan,,,,4.1
2016,Percent,Zhambyl,,,,15.6
2016,Percent,Karagandy,,,,2.5
2016,Percent,Kostanay,,,,5.1
2016,Percent,Kyzylorda,,,,5.5
2016,Percent,Mangistau,,,,1.1
2016,Percent,Ontustik Kazakhstan,,,,2.1
2016,Percent,Pavlodar,,,,1.9
2016,Percent,Soltustik Kazakhstan,,,,1.7
2016,Percent,Shygys Kazakhstan,,,,3.5
2016,Percent,Nur-Sultan city,,,,0.0
2016,Percent,Almaty city,,,,0.7
2016,Percent,,Male,,,3.4
2016,Percent,Akmola,Male,,,3.0
2016,Percent,Aktobe,Male,,,5.4
2016,Percent,Almaty,Male,,,3.2
2016,Percent,Atyrau,Male,,,0.4
2016,Percent,Batys Kazakhstan,Male,,,3.9
2016,Percent,Zhambyl,Male,,,16.3
2016,Percent,Karagandy,Male,,,2.7
2016,Percent,Kostanay,Male,,,4.1
2016,Percent,Kyzylorda,Male,,,5.7
2016,Percent,Mangistau,Male,,,1.0
2016,Percent,Ontustik Kazakhstan,Male,,,1.9
2016,Percent,Pavlodar,Male,,,1.8
2016,Percent,Soltustik Kazakhstan,Male,,,1.1
2016,Percent,Shygys Kazakhstan,Male,,,3.8
2016,Percent,Nur-Sultan city,Male,,,0.0
2016,Percent,Almaty city,Male,,,1.0
2016,Percent,,Female,,,3.7
2016,Percent,Akmola,Female,,,5.2
2016,Percent,Aktobe,Female,,,4.6
2016,Percent,Almaty,Female,,,5.4
2016,Percent,Atyrau,Female,,,0.4
2016,Percent,Batys Kazakhstan,Female,,,4.2
2016,Percent,Zhambyl,Female,,,14.9
2016,Percent,Karagandy,Female,,,2.3
2016,Percent,Kostanay,Female,,,6.1
2016,Percent,Kyzylorda,Female,,,5.2
2016,Percent,Mangistau,Female,,,1.1
2016,Percent,Ontustik Kazakhstan,Female,,,2.3
2016,Percent,Pavlodar,Female,,,2.0
2016,Percent,Soltustik Kazakhstan,Female,,,2.4
2016,Percent,Shygys Kazakhstan,Female,,,3.1
2016,Percent,Nur-Sultan city,Female,,,0.1
2016,Percent,Almaty city,Female,,,0.5
2016,Percent,,,urban,,2.1
2016,Percent,Akmola,,urban,,1.7
2016,Percent,Aktobe,,urban,,3.7
2016,Percent,Almaty,,urban,,2.7
2016,Percent,Atyrau,,urban,,0.1
2016,Percent,Batys Kazakhstan,,urban,,2.5
2016,Percent,Zhambyl,,urban,,17.7
2016,Percent,Karagandy,,urban,,1.8
2016,Percent,Kostanay,,urban,,7.8
2016,Percent,Kyzylorda,,urban,,0.9
2016,Percent,Mangistau,,urban,,1.6
2016,Percent,Ontustik Kazakhstan,,urban,,0.0
2016,Percent,Pavlodar,,urban,,0.6
2016,Percent,Soltustik Kazakhstan,,urban,,1.4
2016,Percent,Shygys Kazakhstan,,urban,,0.5
2016,Percent,Nur-Sultan city,,urban,,0.0
2016,Percent,Almaty city,,urban,,0.7
2016,Percent,,,rural,,5.4
2016,Percent,Akmola,,rural,,6.3
2016,Percent,Aktobe,,rural,,7.2
2016,Percent,Almaty,,rural,,4.7
2016,Percent,Atyrau,,rural,,0.7
2016,Percent,Batys Kazakhstan,,rural,,5.5
2016,Percent,Zhambyl,,rural,,14.3
2016,Percent,Karagandy,,rural,,5.1
2016,Percent,Kostanay,,rural,,2.1
2016,Percent,Kyzylorda,,rural,,9.1
2016,Percent,Mangistau,,rural,,0.5
2016,Percent,Ontustik Kazakhstan,,rural,,3.6
2016,Percent,Pavlodar,,rural,,4.8
2016,Percent,Soltustik Kazakhstan,,rural,,2.0
2016,Percent,Shygys Kazakhstan,,rural,,8.0
2016,Percent,,,,Y15,45.7
2016,Percent,,,,16-24,4.7
2016,Percent,,,,25-28,2.9
2016,Percent,,,,29-34,2.8
2016,Percent,,,,35-44,3.0
2016,Percent,,,,45-54,3.2
2016,Percent,,,,55-64,5.5
2016,Percent,,,,65 and older,14.4
2016,Percent,Akmola,,,Y15,87.5
2016,Percent,Akmola,,,16-24,6.0
2016,Percent,Akmola,,,25-28,3.1
2016,Percent,Akmola,,,29-34,2.7
2016,Percent,Akmola,,,35-44,3.0
2016,Percent,Akmola,,,45-54,3.2
2016,Percent,Akmola,,,55-64,6.1
2016,Percent,Akmola,,,65 and older,18.4
2016,Percent,Aktobe,,,16-24,6.6
2016,Percent,Aktobe,,,25-28,5.5
2016,Percent,Aktobe,,,29-34,4.5
2016,Percent,Aktobe,,,35-44,5.3
2016,Percent,Aktobe,,,45-54,4.2
2016,Percent,Aktobe,,,55-64,4.7
2016,Percent,Aktobe,,,65 and older,6.3
2016,Percent,Almaty,,,Y15,100.0
2016,Percent,Almaty,,,16-24,3.1
2016,Percent,Almaty,,,25-28,3.0
2016,Percent,Almaty,,,29-34,3.6
2016,Percent,Almaty,,,35-44,3.9
2016,Percent,Almaty,,,45-54,4.0
2016,Percent,Almaty,,,55-64,9.3
2016,Percent,Almaty,,,65 and older,18.7
2016,Percent,Atyrau,,,16-24,0.3
2016,Percent,Atyrau,,,25-28,0.3
2016,Percent,Atyrau,,,29-34,0.4
2016,Percent,Atyrau,,,35-44,0.5
2016,Percent,Atyrau,,,45-54,0.5
2016,Percent,Atyrau,,,55-64,0.4
2016,Percent,Batys Kazakhstan,,,16-24,5.2
2016,Percent,Batys Kazakhstan,,,25-28,4.0
2016,Percent,Batys Kazakhstan,,,29-34,4.4
2016,Percent,Batys Kazakhstan,,,35-44,3.6
2016,Percent,Batys Kazakhstan,,,45-54,3.5
2016,Percent,Batys Kazakhstan,,,55-64,4.2
2016,Percent,Zhambyl,,,16-24,29.2
2016,Percent,Zhambyl,,,25-28,13.0
2016,Percent,Zhambyl,,,29-34,11.6
2016,Percent,Zhambyl,,,35-44,10.9
2016,Percent,Zhambyl,,,45-54,10.2
2016,Percent,Zhambyl,,,55-64,25.1
2016,Percent,Zhambyl,,,65 and older,45.7
2016,Percent,Karagandy,,,Y15,41.0
2016,Percent,Karagandy,,,16-24,2.4
2016,Percent,Karagandy,,,25-28,3.1
2016,Percent,Karagandy,,,29-34,1.9
2016,Percent,Karagandy,,,35-44,2.4
2016,Percent,Karagandy,,,45-54,2.6
2016,Percent,Karagandy,,,55-64,2.8
2016,Percent,Karagandy,,,65 and older,5.0
2016,Percent,Kostanay,,,16-24,7.2
2016,Percent,Kostanay,,,25-28,5.8
2016,Percent,Kostanay,,,29-34,4.1
2016,Percent,Kostanay,,,35-44,4.2
2016,Percent,Kostanay,,,45-54,3.8
2016,Percent,Kostanay,,,55-64,6.5
2016,Percent,Kostanay,,,65 and older,9.9
2016,Percent,Kyzylorda,,,Y15,100.0
2016,Percent,Kyzylorda,,,16-24,6.8
2016,Percent,Kyzylorda,,,25-28,4.4
2016,Percent,Kyzylorda,,,29-34,5.5
2016,Percent,Kyzylorda,,,35-44,4.9
2016,Percent,Kyzylorda,,,45-54,5.5
2016,Percent,Kyzylorda,,,55-64,6.4
2016,Percent,Mangistau,,,16-24,0.8
2016,Percent,Mangistau,,,25-28,0.3
2016,Percent,Mangistau,,,29-34,0.5
2016,Percent,Mangistau,,,35-44,1.6
2016,Percent,Mangistau,,,45-54,0.9
2016,Percent,Mangistau,,,55-64,3.1
2016,Percent,Ontustik Kazakhstan,,,16-24,1.8
2016,Percent,Ontustik Kazakhstan,,,25-28,1.9
2016,Percent,Ontustik Kazakhstan,,,29-34,1.8
2016,Percent,Ontustik Kazakhstan,,,35-44,2.4
2016,Percent,Ontustik Kazakhstan,,,45-54,2.2
2016,Percent,Ontustik Kazakhstan,,,55-64,2.1
2016,Percent,Ontustik Kazakhstan,,,65 and older,7.2
2016,Percent,Pavlodar,,,16-24,3.3
2016,Percent,Pavlodar,,,25-28,1.8
2016,Percent,Pavlodar,,,29-34,1.2
2016,Percent,Pavlodar,,,35-44,1.4
2016,Percent,Pavlodar,,,45-54,2.3
2016,Percent,Pavlodar,,,55-64,2.5
2016,Percent,Pavlodar,,,65 and older,0.3
2016,Percent,Soltustik Kazakhstan,,,Y15,43.8
2016,Percent,Soltustik Kazakhstan,,,16-24,4.5
2016,Percent,Soltustik Kazakhstan,,,25-28,1.3
2016,Percent,Soltustik Kazakhstan,,,29-34,2.1
2016,Percent,Soltustik Kazakhstan,,,35-44,1.1
2016,Percent,Soltustik Kazakhstan,,,45-54,1.2
2016,Percent,Soltustik Kazakhstan,,,55-64,1.8
2016,Percent,Soltustik Kazakhstan,,,65 and older,2.9
2016,Percent,Shygys Kazakhstan,,,Y15,100.0
2016,Percent,Shygys Kazakhstan,,,16-24,6.7
2016,Percent,Shygys Kazakhstan,,,25-28,2.3
2016,Percent,Shygys Kazakhstan,,,29-34,2.4
2016,Percent,Shygys Kazakhstan,,,35-44,3.2
2016,Percent,Shygys Kazakhstan,,,45-54,3.8
2016,Percent,Shygys Kazakhstan,,,55-64,4.0
2016,Percent,Shygys Kazakhstan,,,65 and older,12.1
2016,Percent,Nur-Sultan city,,,29-34,0.1
2016,Percent,Nur-Sultan city,,,45-54,0.1
2016,Percent,Almaty city,,,16-24,0.3
2016,Percent,Almaty city,,,25-28,0.4
2016,Percent,Almaty city,,,29-34,0.7
2016,Percent,Almaty city,,,35-44,0.6
2016,Percent,Almaty city,,,45-54,1.3
2016,Percent,Almaty city,,,55-64,1.1
2016,Percent,Almaty city,,,65 and older,2.6
2017,Percent,,,,,2.5
2017,Percent,Akmola,,,,4.1
2017,Percent,Aktobe,,,,1.8
2017,Percent,Almaty,,,,3.9
2017,Percent,Atyrau,,,,0.4
2017,Percent,Batys Kazakhstan,,,,3.8
2017,Percent,Zhambyl,,,,3.6
2017,Percent,Karagandy,,,,1.8
2017,Percent,Kostanay,,,,5.3
2017,Percent,Kyzylorda,,,,4.3
2017,Percent,Mangistau,,,,1.1
2017,Percent,Ontustik Kazakhstan,,,,1.7
2017,Percent,Pavlodar,,,,1.7
2017,Percent,Soltustik Kazakhstan,,,,0.8
2017,Percent,Shygys Kazakhstan,,,,4.9
2017,Percent,Nur-Sultan city,,,,0.0
2017,Percent,Almaty city,,,,0.6
2017,Percent,,Male,,,2.5
2017,Percent,Akmola,Male,,,4.4
2017,Percent,Aktobe,Male,,,2.1
2017,Percent,Almaty,Male,,,4.1
2017,Percent,Atyrau,Male,,,0.4
2017,Percent,Batys Kazakhstan,Male,,,3.8
2017,Percent,Zhambyl,Male,,,4.2
2017,Percent,Karagandy,Male,,,2.1
2017,Percent,Kostanay,Male,,,5.4
2017,Percent,Kyzylorda,Male,,,5.3
2017,Percent,Mangistau,Male,,,1.1
2017,Percent,Ontustik Kazakhstan,Male,,,0.3
2017,Percent,Pavlodar,Male,,,1.7
2017,Percent,Soltustik Kazakhstan,Male,,,0.9
2017,Percent,Shygys Kazakhstan,Male,,,5.2
2017,Percent,Nur-Sultan city,Male,,,0.0
2017,Percent,Almaty city,Male,,,0.7
2017,Percent,,Female,,,2.5
2017,Percent,Akmola,Female,,,3.8
2017,Percent,Aktobe,Female,,,1.5
2017,Percent,Almaty,Female,,,3.7
2017,Percent,Atyrau,Female,,,0.4
2017,Percent,Batys Kazakhstan,Female,,,3.8
2017,Percent,Zhambyl,Female,,,3.0
2017,Percent,Karagandy,Female,,,1.6
2017,Percent,Kostanay,Female,,,5.1
2017,Percent,Kyzylorda,Female,,,3.2
2017,Percent,Mangistau,Female,,,1.1
2017,Percent,Ontustik Kazakhstan,Female,,,3.3
2017,Percent,Pavlodar,Female,,,1.8
2017,Percent,Soltustik Kazakhstan,Female,,,0.8
2017,Percent,Shygys Kazakhstan,Female,,,4.6
2017,Percent,Nur-Sultan city,Female,,,0.0
2017,Percent,Almaty city,Female,,,0.5
2017,Percent,,,urban,,1.5
2017,Percent,Akmola,,urban,,2.3
2017,Percent,Aktobe,,urban,,1.5
2017,Percent,Almaty,,urban,,2.2
2017,Percent,Atyrau,,urban,,0.1
2017,Percent,Batys Kazakhstan,,urban,,1.7
2017,Percent,Zhambyl,,urban,,3.0
2017,Percent,Karagandy,,urban,,1.6
2017,Percent,Kostanay,,urban,,8.9
2017,Percent,Kyzylorda,,urban,,1.7
2017,Percent,Mangistau,,urban,,0.9
2017,Percent,Ontustik Kazakhstan,,urban,,0.3
2017,Percent,Pavlodar,,urban,,0.4
2017,Percent,Soltustik Kazakhstan,,urban,,1.3
2017,Percent,Shygys Kazakhstan,,urban,,1.7
2017,Percent,Nur-Sultan city,,urban,,0.0
2017,Percent,Almaty city,,urban,,0.6
2017,Percent,,,rural,,4.0
2017,Percent,Akmola,,rural,,5.8
2017,Percent,Aktobe,,rural,,2.4
2017,Percent,Almaty,,rural,,4.4
2017,Percent,Atyrau,,rural,,0.7
2017,Percent,Batys Kazakhstan,,rural,,5.7
2017,Percent,Zhambyl,,rural,,4.0
2017,Percent,Karagandy,,rural,,2.7
2017,Percent,Kostanay,,rural,,1.5
2017,Percent,Kyzylorda,,rural,,6.4
2017,Percent,Mangistau,,rural,,1.3
2017,Percent,Ontustik Kazakhstan,,rural,,2.7
2017,Percent,Pavlodar,,rural,,4.8
2017,Percent,Soltustik Kazakhstan,,rural,,0.5
2017,Percent,Shygys Kazakhstan,,rural,,9.9
2017,Percent,,,,Y15,41.0
2017,Percent,,,,16-24,3.6
2017,Percent,,,,25-28,2.4
2017,Percent,,,,29-34,2.2
2017,Percent,,,,35-44,2.1
2017,Percent,,,,45-54,2.6
2017,Percent,,,,55-64,3.0
2017,Percent,,,,65 and older,3.6
2017,Percent,Akmola,,,Y15,78.6
2017,Percent,Akmola,,,16-24,4.0
2017,Percent,Akmola,,,25-28,3.7
2017,Percent,Akmola,,,29-34,3.6
2017,Percent,Akmola,,,35-44,3.3
2017,Percent,Akmola,,,45-54,4.1
2017,Percent,Akmola,,,55-64,5.0
2017,Percent,Akmola,,,65 and older,8.6
2017,Percent,Aktobe,,,16-24,1.6
2017,Percent,Aktobe,,,25-28,2.3
2017,Percent,Aktobe,,,29-34,1.0
2017,Percent,Aktobe,,,35-44,1.6
2017,Percent,Aktobe,,,45-54,2.1
2017,Percent,Aktobe,,,55-64,3.1
2017,Percent,Almaty,,,Y15,41.8
2017,Percent,Almaty,,,16-24,3.5
2017,Percent,Almaty,,,25-28,4.1
2017,Percent,Almaty,,,29-34,2.4
2017,Percent,Almaty,,,35-44,3.6
2017,Percent,Almaty,,,45-54,4.6
2017,Percent,Almaty,,,55-64,7.0
2017,Percent,Almaty,,,65 and older,1.9
2017,Percent,Atyrau,,,16-24,0.3
2017,Percent,Atyrau,,,25-28,0.4
2017,Percent,Atyrau,,,29-34,0.0
2017,Percent,Atyrau,,,35-44,0.6
2017,Percent,Atyrau,,,45-54,0.5
2017,Percent,Atyrau,,,55-64,0.5
2017,Percent,Batys Kazakhstan,,,16-24,5.5
2017,Percent,Batys Kazakhstan,,,25-28,4.5
2017,Percent,Batys Kazakhstan,,,29-34,2.9
2017,Percent,Batys Kazakhstan,,,35-44,3.4
2017,Percent,Batys Kazakhstan,,,45-54,3.1
2017,Percent,Batys Kazakhstan,,,55-64,4.4
2017,Percent,Zhambyl,,,16-24,5.9
2017,Percent,Zhambyl,,,25-28,3.5
2017,Percent,Zhambyl,,,29-34,3.1
2017,Percent,Zhambyl,,,35-44,2.6
2017,Percent,Zhambyl,,,45-54,3.2
2017,Percent,Zhambyl,,,55-64,3.0
2017,Percent,Zhambyl,,,65 and older,4.8
2017,Percent,Karagandy,,,Y15,38.1
2017,Percent,Karagandy,,,16-24,3.2
2017,Percent,Karagandy,,,25-28,1.5
2017,Percent,Karagandy,,,29-34,1.8
2017,Percent,Karagandy,,,35-44,1.6
2017,Percent,Karagandy,,,45-54,1.4
2017,Percent,Karagandy,,,55-64,2.7
2017,Percent,Karagandy,,,65 and older,3.3
2017,Percent,Kostanay,,,16-24,8.5
2017,Percent,Kostanay,,,25-28,7.2
2017,Percent,Kostanay,,,29-34,8.6
2017,Percent,Kostanay,,,35-44,3.1
2017,Percent,Kostanay,,,45-54,4.2
2017,Percent,Kostanay,,,55-64,2.4
2017,Percent,Kostanay,,,65 and older,0.3
2017,Percent,Kyzylorda,,,16-24,6.9
2017,Percent,Kyzylorda,,,25-28,5.0
2017,Percent,Kyzylorda,,,29-34,5.0
2017,Percent,Kyzylorda,,,35-44,3.5
2017,Percent,Kyzylorda,,,45-54,3.3
2017,Percent,Kyzylorda,,,55-64,2.5
2017,Percent,Mangistau,,,16-24,1.1
2017,Percent,Mangistau,,,25-28,1.4
2017,Percent,Mangistau,,,29-34,1.0
2017,Percent,Mangistau,,,35-44,0.9
2017,Percent,Mangistau,,,45-54,1.1
2017,Percent,Mangistau,,,55-64,1.0
2017,Percent,Ontustik Kazakhstan,,,16-24,1.4
2017,Percent,Ontustik Kazakhstan,,,25-28,1.4
2017,Percent,Ontustik Kazakhstan,,,29-34,1.9
2017,Percent,Ontustik Kazakhstan,,,35-44,1.7
2017,Percent,Ontustik Kazakhstan,,,45-54,1.9
2017,Percent,Ontustik Kazakhstan,,,55-64,1.1
2017,Percent,Pavlodar,,,16-24,5.4
2017,Percent,Pavlodar,,,25-28,1.3
2017,Percent,Pavlodar,,,29-34,1.2
2017,Percent,Pavlodar,,,35-44,1.5
2017,Percent,Pavlodar,,,45-54,1.6
2017,Percent,Pavlodar,,,55-64,1.9
2017,Percent,Soltustik Kazakhstan,,,Y15,39.2
2017,Percent,Soltustik Kazakhstan,,,16-24,1.8
2017,Percent,Soltustik Kazakhstan,,,25-28,0.4
2017,Percent,Soltustik Kazakhstan,,,29-34,0.9
2017,Percent,Soltustik Kazakhstan,,,35-44,1.3
2017,Percent,Soltustik Kazakhstan,,,45-54,0.4
2017,Percent,Soltustik Kazakhstan,,,55-64,0.4
2017,Percent,Soltustik Kazakhstan,,,65 and older,0.4
2017,Percent,Shygys Kazakhstan,,,Y15,100.0
2017,Percent,Shygys Kazakhstan,,,16-24,10.4
2017,Percent,Shygys Kazakhstan,,,25-28,3.8
2017,Percent,Shygys Kazakhstan,,,29-34,2.5
2017,Percent,Shygys Kazakhstan,,,35-44,4.4
2017,Percent,Shygys Kazakhstan,,,45-54,5.8
2017,Percent,Shygys Kazakhstan,,,55-64,5.4
2017,Percent,Shygys Kazakhstan,,,65 and older,17.5
2017,Percent,Almaty city,,,16-24,0.3
2017,Percent,Almaty city,,,25-28,0.6
2017,Percent,Almaty city,,,29-34,0.6
2017,Percent,Almaty city,,,35-44,0.7
2017,Percent,Almaty city,,,45-54,0.8
2017,Percent,Almaty city,,,55-64,1.2
2018,Percent,,,,,2.2
2018,Percent,Akmola,,,,4.0
2018,Percent,Aktobe,,,,1.5
2018,Percent,Almaty,,,,3.8
2018,Percent,Atyrau,,,,0.4
2018,Percent,Batys Kazakhstan,,,,3.5
2018,Percent,Zhambyl,,,,1.9
2018,Percent,Karagandy,,,,1.6
2018,Percent,Kostanay,,,,4.6
2018,Percent,Kyzylorda,,,,3.8
2018,Percent,Mangistau,,,,1.7
2018,Percent,Pavlodar,,,,1.6
2018,Percent,Soltustik Kazakhstan,,,,0.7
2018,Percent,Turkistan,,,,2.9
2018,Percent,Shygys Kazakhstan,,,,3.3
2018,Percent,Nur-Sultan city,,,,0.0
2018,Percent,Almaty city,,,,0.5
2018,Percent,Shymkent city,,,,0.7
2018,Percent,,Male,,,2.3
2018,Percent,Akmola,Male,,,4.0
2018,Percent,Aktobe,Male,,,1.8
2018,Percent,Almaty,Male,,,3.6
2018,Percent,Atyrau,Male,,,0.4
2018,Percent,Batys Kazakhstan,Male,,,3.0
2018,Percent,Zhambyl,Male,,,1.8
2018,Percent,Karagandy,Male,,,1.9
2018,Percent,Kostanay,Male,,,4.6
2018,Percent,Kyzylorda,Male,,,4.9
2018,Percent,Mangistau,Male,,,1.9
2018,Percent,Pavlodar,Male,,,1.6
2018,Percent,Soltustik Kazakhstan,Male,,,0.8
2018,Percent,Turkistan,Male,,,2.3
2018,Percent,Shygys Kazakhstan,Male,,,3.5
2018,Percent,Nur-Sultan city,Male,,,0.1
2018,Percent,Almaty city,Male,,,0.5
2018,Percent,Shymkent city,Male,,,1.2
2018,Percent,,Female,,,2.2
2018,Percent,Akmola,Female,,,3.9
2018,Percent,Aktobe,Female,,,1.2
2018,Percent,Almaty,Female,,,4.0
2018,Percent,Atyrau,Female,,,0.4
2018,Percent,Batys Kazakhstan,Female,,,4.1
2018,Percent,Zhambyl,Female,,,1.9
2018,Percent,Karagandy,Female,,,1.4
2018,Percent,Kostanay,Female,,,4.7
2018,Percent,Kyzylorda,Female,,,2.5
2018,Percent,Mangistau,Female,,,1.5
2018,Percent,Pavlodar,Female,,,1.6
2018,Percent,Soltustik Kazakhstan,Female,,,0.6
2018,Percent,Turkistan,Female,,,3.6
2018,Percent,Shygys Kazakhstan,Female,,,3.1
2018,Percent,Nur-Sultan city,Female,,,0.0
2018,Percent,Almaty city,Female,,,0.5
2018,Percent,Shymkent city,Female,,,0.3
2018,Percent,,,urban,,1.1
2018,Percent,Akmola,,urban,,2.0
2018,Percent,Aktobe,,urban,,0.9
2018,Percent,Almaty,,urban,,2.9
2018,Percent,Atyrau,,urban,,0.4
2018,Percent,Batys Kazakhstan,,urban,,1.5
2018,Percent,Zhambyl,,urban,,0.1
2018,Percent,Karagandy,,urban,,1.9
2018,Percent,Kostanay,,urban,,3.6
2018,Percent,Kyzylorda,,urban,,1.5
2018,Percent,Mangistau,,urban,,0.5
2018,Percent,Pavlodar,,urban,,0.4
2018,Percent,Soltustik Kazakhstan,,urban,,0.9
2018,Percent,Turkistan,,urban,,1.9
2018,Percent,Shygys Kazakhstan,,urban,,0.7
2018,Percent,Nur-Sultan city,,urban,,0.0
2018,Percent,Almaty city,,urban,,0.5
2018,Percent,Shymkent city,,urban,,0.7
2018,Percent,,,rural,,3.9
2018,Percent,Akmola,,rural,,5.8
2018,Percent,Aktobe,,rural,,2.9
2018,Percent,Almaty,,rural,,4.0
2018,Percent,Atyrau,,rural,,0.5
2018,Percent,Batys Kazakhstan,,rural,,5.4
2018,Percent,Zhambyl,,rural,,3.0
2018,Percent,Karagandy,,rural,,0.9
2018,Percent,Kostanay,,rural,,5.7
2018,Percent,Kyzylorda,,rural,,5.5
2018,Percent,Mangistau,,rural,,2.7
2018,Percent,Pavlodar,,rural,,4.4
2018,Percent,Soltustik Kazakhstan,,rural,,0.5
2018,Percent,Turkistan,,rural,,3.1
2018,Percent,Shygys Kazakhstan,,rural,,7.4
2018,Percent,,,,Y15,40.4
2018,Percent,,,,16-24,2.4
2018,Percent,,,,25-28,2.0
2018,Percent,,,,29-34,1.9
2018,Percent,,,,35-44,2.0
2018,Percent,,,,45-54,2.1
2018,Percent,,,,55-64,3.7
2018,Percent,,,,65 and older,6.7
2018,Percent,Akmola,,,16-24,4.1
2018,Percent,Akmola,,,25-28,3.7
2018,Percent,Akmola,,,29-34,3.6
2018,Percent,Akmola,,,35-44,3.3
2018,Percent,Akmola,,,45-54,3.8
2018,Percent,Akmola,,,55-64,4.6
2018,Percent,Akmola,,,65 and older,9.0
2018,Percent,Aktobe,,,16-24,2.7
2018,Percent,Aktobe,,,25-28,1.5
2018,Percent,Aktobe,,,29-34,1.4
2018,Percent,Aktobe,,,35-44,1.7
2018,Percent,Aktobe,,,45-54,1.1
2018,Percent,Aktobe,,,55-64,1.6
2018,Percent,Aktobe,,,65 and older,0.8
2018,Percent,Almaty,,,16-24,0.8
2018,Percent,Almaty,,,25-28,1.8
2018,Percent,Almaty,,,29-34,2.2
2018,Percent,Almaty,,,35-44,3.1
2018,Percent,Almaty,,,45-54,3.8
2018,Percent,Almaty,,,55-64,14.4
2018,Percent,Almaty,,,65 and older,14.9
2018,Percent,Atyrau,,,16-24,0.5
2018,Percent,Atyrau,,,25-28,0.1
2018,Percent,Atyrau,,,29-34,0.5
2018,Percent,Atyrau,,,35-44,0.4
2018,Percent,Atyrau,,,45-54,0.5
2018,Percent,Atyrau,,,55-64,0.4
2018,Percent,Batys Kazakhstan,,,16-24,5.2
2018,Percent,Batys Kazakhstan,,,25-28,4.1
2018,Percent,Batys Kazakhstan,,,29-34,2.5
2018,Percent,Batys Kazakhstan,,,35-44,2.8
2018,Percent,Batys Kazakhstan,,,45-54,2.9
2018,Percent,Batys Kazakhstan,,,55-64,4.7
2018,Percent,Zhambyl,,,16-24,2.2
2018,Percent,Zhambyl,,,25-28,1.8
2018,Percent,Zhambyl,,,29-34,2.4
2018,Percent,Zhambyl,,,35-44,1.8
2018,Percent,Zhambyl,,,45-54,1.9
2018,Percent,Zhambyl,,,55-64,1.0
2018,Percent,Karagandy,,,16-24,1.1
2018,Percent,Karagandy,,,25-28,0.7
2018,Percent,Karagandy,,,29-34,1.4
2018,Percent,Karagandy,,,35-44,3.0
2018,Percent,Karagandy,,,45-54,1.3
2018,Percent,Karagandy,,,55-64,1.0
2018,Percent,Karagandy,,,65 and older,1.7
2018,Percent,Kostanay,,,Y15,45.7
2018,Percent,Kostanay,,,16-24,4.6
2018,Percent,Kostanay,,,25-28,4.7
2018,Percent,Kostanay,,,29-34,3.6
2018,Percent,Kostanay,,,35-44,4.0
2018,Percent,Kostanay,,,45-54,4.5
2018,Percent,Kostanay,,,55-64,5.9
2018,Percent,Kostanay,,,65 and older,11.7
2018,Percent,Kyzylorda,,,16-24,4.9
2018,Percent,Kyzylorda,,,25-28,3.9
2018,Percent,Kyzylorda,,,29-34,3.7
2018,Percent,Kyzylorda,,,35-44,3.7
2018,Percent,Kyzylorda,,,45-54,3.2
2018,Percent,Kyzylorda,,,55-64,2.9
2018,Percent,Kyzylorda,,,65 and older,42.9
2018,Percent,Mangistau,,,16-24,2.7
2018,Percent,Mangistau,,,25-28,1.5
2018,Percent,Mangistau,,,29-34,1.8
2018,Percent,Mangistau,,,35-44,2.0
2018,Percent,Mangistau,,,45-54,1.2
2018,Percent,Mangistau,,,55-64,1.0
2018,Percent,Pavlodar,,,16-24,2.7
2018,Percent,Pavlodar,,,25-28,1.3
2018,Percent,Pavlodar,,,29-34,1.2
2018,Percent,Pavlodar,,,35-44,1.2
2018,Percent,Pavlodar,,,45-54,1.5
2018,Percent,Pavlodar,,,55-64,2.7
2018,Percent,Soltustik Kazakhstan,,,16-24,0.8
2018,Percent,Soltustik Kazakhstan,,,25-28,0.5
2018,Percent,Soltustik Kazakhstan,,,29-34,1.1
2018,Percent,Soltustik Kazakhstan,,,35-44,0.8
2018,Percent,Soltustik Kazakhstan,,,45-54,0.5
2018,Percent,Soltustik Kazakhstan,,,55-64,0.6
2018,Percent,Turkistan,,,16-24,2.8
2018,Percent,Turkistan,,,25-28,3.2
2018,Percent,Turkistan,,,29-34,3.9
2018,Percent,Turkistan,,,35-44,2.5
2018,Percent,Turkistan,,,45-54,2.6
2018,Percent,Turkistan,,,55-64,1.1
2018,Percent,Shygys Kazakhstan,,,16-24,5.2
2018,Percent,Shygys Kazakhstan,,,25-28,3.3
2018,Percent,Shygys Kazakhstan,,,29-34,2.4
2018,Percent,Shygys Kazakhstan,,,35-44,2.3
2018,Percent,Shygys Kazakhstan,,,45-54,3.0
2018,Percent,Shygys Kazakhstan,,,55-64,4.8
2018,Percent,Shygys Kazakhstan,,,65 and older,15.3
2018,Percent,Nur-Sultan city,,,29-34,0.1
2018,Percent,Nur-Sultan city,,,45-54,0.2
2018,Percent,Almaty city,,,16-24,0.4
2018,Percent,Almaty city,,,25-28,0.8
2018,Percent,Almaty city,,,29-34,0.6
2018,Percent,Almaty city,,,35-44,0.3
2018,Percent,Almaty city,,,45-54,0.3
2018,Percent,Almaty city,,,55-64,0.9
2018,Percent,Almaty city,,,65 and older,1.3
2018,Percent,Shymkent city,,,16-24,1.5
2018,Percent,Shymkent city,,,25-28,1.2
2018,Percent,Shymkent city,,,29-34,0.3
2018,Percent,Shymkent city,,,35-44,0.9
2018,Percent,Shymkent city,,,45-54,0.6
2019,Percent,,,,,2.1
2019,Percent,Akmola,,,,3.8
2019,Percent,Aktobe,,,,1.6
2019,Percent,Almaty,,,,3.8
2019,Percent,Atyrau,,,,0.4
2019,Percent,Batys Kazakhstan,,,,3.4
2019,Percent,Zhambyl,,,,1.4
2019,Percent,Karagandy,,,,1.8
2019,Percent,Kostanay,,,,4.2
2019,Percent,Kyzylorda,,,,3.8
2019,Percent,Mangistau,,,,1.3
2019,Percent,Pavlodar,,,,1.5
2019,Percent,Soltustik Kazakhstan,,,,0.7
2019,Percent,Turkistan,,,,2.7
2019,Percent,Shygys Kazakhstan,,,,3.3
2019,Percent,Nur-Sultan city,,,,0.1
2019,Percent,Almaty city,,,,0.5
2019,Percent,Shymkent city,,,,0.7
2019,Percent,,Male,,,2.3
2019,Percent,Akmola,Male,,,3.3
2019,Percent,Aktobe,Male,,,1.5
2019,Percent,Almaty,Male,,,4.0
2019,Percent,Atyrau,Male,,,0.3
2019,Percent,Batys Kazakhstan,Male,,,3.0
2019,Percent,Zhambyl,Male,,,1.2
2019,Percent,Karagandy,Male,,,2.0
2019,Percent,Kostanay,Male,,,4.5
2019,Percent,Kyzylorda,Male,,,4.5
2019,Percent,Mangistau,Male,,,1.3
2019,Percent,Pavlodar,Male,,,1.5
2019,Percent,Soltustik Kazakhstan,Male,,,0.8
2019,Percent,Turkistan,Male,,,3.5
2019,Percent,Shygys Kazakhstan,Male,,,3.3
2019,Percent,Nur-Sultan city,Male,,,0.2
2019,Percent,Almaty city,Male,,,0.5
2019,Percent,Shymkent city,Male,,,0.8
2019,Percent,,Female,,,2.0
2019,Percent,Akmola,Female,,,4.4
2019,Percent,Aktobe,Female,,,1.6
2019,Percent,Almaty,Female,,,3.5
2019,Percent,Atyrau,Female,,,0.4
2019,Percent,Batys Kazakhstan,Female,,,3.8
2019,Percent,Zhambyl,Female,,,1.7
2019,Percent,Karagandy,Female,,,1.6
2019,Percent,Kostanay,Female,,,3.8
2019,Percent,Kyzylorda,Female,,,3.0
2019,Percent,Mangistau,Female,,,1.3
2019,Percent,Pavlodar,Female,,,1.5
2019,Percent,Soltustik Kazakhstan,Female,,,0.6
2019,Percent,Turkistan,Female,,,1.7
2019,Percent,Shygys Kazakhstan,Female,,,3.4
2019,Percent,Nur-Sultan city,Female,,,0.0
2019,Percent,Almaty city,Female,,,0.5
2019,Percent,Shymkent city,Female,,,0.7
2019,Percent,,,urban,,1.1
2019,Percent,Akmola,,urban,,2.0
2019,Percent,Aktobe,,urban,,0.8
2019,Percent,Almaty,,urban,,3.0
2019,Percent,Atyrau,,urban,,0.4
2019,Percent,Batys Kazakhstan,,urban,,1.4
2019,Percent,Zhambyl,,urban,,2.8
2019,Percent,Karagandy,,urban,,1.9
2019,Percent,Kostanay,,urban,,2.7
2019,Percent,Kyzylorda,,urban,,1.2
2019,Percent,Mangistau,,urban,,0.5
2019,Percent,Pavlodar,,urban,,0.2
2019,Percent,Soltustik Kazakhstan,,urban,,0.8
2019,Percent,Turkistan,,urban,,3.8
2019,Percent,Shygys Kazakhstan,,urban,,0.6
2019,Percent,Nur-Sultan city,,urban,,0.1
2019,Percent,Almaty city,,urban,,0.5
2019,Percent,Shymkent city,,urban,,0.7
2019,Percent,,,rural,,3.6
2019,Percent,Akmola,,rural,,5.5
2019,Percent,Aktobe,,rural,,3.5
2019,Percent,Almaty,,rural,,4.0
2019,Percent,Atyrau,,rural,,0.4
2019,Percent,Batys Kazakhstan,,rural,,5.3
2019,Percent,Zhambyl,,rural,,0.5
2019,Percent,Karagandy,,rural,,1.6
2019,Percent,Kostanay,,rural,,5.8
2019,Percent,Kyzylorda,,rural,,5.8
2019,Percent,Mangistau,,rural,,1.9
2019,Percent,Pavlodar,,rural,,4.3
2019,Percent,Soltustik Kazakhstan,,rural,,0.6
2019,Percent,Turkistan,,rural,,2.5
2019,Percent,Shygys Kazakhstan,,rural,,7.7
2019,Percent,,,,Y15,35.6
2019,Percent,,,,16-24,2.6
2019,Percent,,,,25-28,1.6
2019,Percent,,,,29-34,1.6
2019,Percent,,,,35-44,1.9
2019,Percent,,,,45-54,2.3
2019,Percent,,,,55-64,3.2
2019,Percent,,,,65 and older,8.4
2019,Percent,Akmola,,,16-24,4.8
2019,Percent,Akmola,,,25-28,3.4
2019,Percent,Akmola,,,29-34,3.1
2019,Percent,Akmola,,,35-44,3.1
2019,Percent,Akmola,,,45-54,3.1
2019,Percent,Akmola,,,55-64,4.8
2019,Percent,Akmola,,,65 and older,11.5
2019,Percent,Aktobe,,,16-24,1.2
2019,Percent,Aktobe,,,25-28,1.2
2019,Percent,Aktobe,,,29-34,0.9
2019,Percent,Aktobe,,,35-44,1.7
2019,Percent,Aktobe,,,45-54,2.6
2019,Percent,Aktobe,,,55-64,2.1
2019,Percent,Aktobe,,,65 and older,1.4
2019,Percent,Almaty,,,16-24,5.1
2019,Percent,Almaty,,,25-28,1.9
2019,Percent,Almaty,,,29-34,1.9
2019,Percent,Almaty,,,35-44,3.0
2019,Percent,Almaty,,,45-54,4.5
2019,Percent,Almaty,,,55-64,8.3
2019,Percent,Almaty,,,65 and older,8.3
2019,Percent,Atyrau,,,16-24,0.9
2019,Percent,Atyrau,,,25-28,0.2
2019,Percent,Atyrau,,,29-34,0.2
2019,Percent,Atyrau,,,35-44,0.1
2019,Percent,Atyrau,,,45-54,0.6
2019,Percent,Atyrau,,,55-64,0.7
2019,Percent,Batys Kazakhstan,,,16-24,3.7
2019,Percent,Batys Kazakhstan,,,25-28,3.1
2019,Percent,Batys Kazakhstan,,,29-34,2.8
2019,Percent,Batys Kazakhstan,,,35-44,2.6
2019,Percent,Batys Kazakhstan,,,45-54,3.2
2019,Percent,Batys Kazakhstan,,,55-64,5.5
2019,Percent,Zhambyl,,,16-24,2.3
2019,Percent,Zhambyl,,,25-28,1.7
2019,Percent,Zhambyl,,,29-34,0.3
2019,Percent,Zhambyl,,,35-44,0.6
2019,Percent,Zhambyl,,,45-54,0.9
2019,Percent,Zhambyl,,,55-64,2.6
2019,Percent,Zhambyl,,,65 and older,26.4
2019,Percent,Karagandy,,,16-24,1.8
2019,Percent,Karagandy,,,25-28,0.8
2019,Percent,Karagandy,,,29-34,1.6
2019,Percent,Karagandy,,,35-44,2.4
2019,Percent,Karagandy,,,45-54,1.5
2019,Percent,Karagandy,,,55-64,1.9
2019,Percent,Karagandy,,,65 and older,7.3
2019,Percent,Kostanay,,,Y15,40.3
2019,Percent,Kostanay,,,16-24,4.3
2019,Percent,Kostanay,,,25-28,3.1
2019,Percent,Kostanay,,,29-34,3.8
2019,Percent,Kostanay,,,35-44,3.8
2019,Percent,Kostanay,,,45-54,4.3
2019,Percent,Kostanay,,,55-64,5.0
2019,Percent,Kostanay,,,65 and older,8.1
2019,Percent,Kyzylorda,,,16-24,5.0
2019,Percent,Kyzylorda,,,25-28,3.4
2019,Percent,Kyzylorda,,,29-34,3.8
2019,Percent,Kyzylorda,,,35-44,4.0
2019,Percent,Kyzylorda,,,45-54,3.5
2019,Percent,Kyzylorda,,,55-64,2.2
2019,Percent,Mangistau,,,16-24,1.2
2019,Percent,Mangistau,,,25-28,1.4
2019,Percent,Mangistau,,,29-34,0.7
2019,Percent,Mangistau,,,35-44,1.5
2019,Percent,Mangistau,,,45-54,1.5
2019,Percent,Mangistau,,,55-64,2.5
2019,Percent,Pavlodar,,,16-24,1.7
2019,Percent,Pavlodar,,,25-28,0.9
2019,Percent,Pavlodar,,,29-34,1.2
2019,Percent,Pavlodar,,,35-44,1.5
2019,Percent,Pavlodar,,,45-54,1.5
2019,Percent,Pavlodar,,,55-64,1.9
2019,Percent,Soltustik Kazakhstan,,,16-24,0.7
2019,Percent,Soltustik Kazakhstan,,,25-28,1.1
2019,Percent,Soltustik Kazakhstan,,,29-34,0.3
2019,Percent,Soltustik Kazakhstan,,,35-44,0.8
2019,Percent,Soltustik Kazakhstan,,,45-54,0.5
2019,Percent,Soltustik Kazakhstan,,,55-64,0.7
2019,Percent,Soltustik Kazakhstan,,,65 and older,1.2
2019,Percent,Turkistan,,,16-24,2.7
2019,Percent,Turkistan,,,25-28,2.1
2019,Percent,Turkistan,,,29-34,2.4
2019,Percent,Turkistan,,,35-44,2.7
2019,Percent,Turkistan,,,45-54,3.2
2019,Percent,Turkistan,,,55-64,3.6
2019,Percent,Turkistan,,,65 and older,7.7
2019,Percent,Shygys Kazakhstan,,,16-24,4.2
2019,Percent,Shygys Kazakhstan,,,25-28,2.4
2019,Percent,Shygys Kazakhstan,,,29-34,2.6
2019,Percent,Shygys Kazakhstan,,,35-44,2.9
2019,Percent,Shygys Kazakhstan,,,45-54,3.8
2019,Percent,Shygys Kazakhstan,,,55-64,4.0
2019,Percent,Shygys Kazakhstan,,,65 and older,13.6
2019,Percent,Nur-Sultan city,,,35-44,0.3
2019,Percent,Nur-Sultan city,,,45-54,0.2
2019,Percent,Almaty city,,,16-24,0.5
2019,Percent,Almaty city,,,25-28,0.4
2019,Percent,Almaty city,,,29-34,0.5
2019,Percent,Almaty city,,,35-44,0.5
2019,Percent,Almaty city,,,45-54,0.4
2019,Percent,Almaty city,,,55-64,0.9
2019,Percent,Almaty city,,,65 and older,2.4
2019,Percent,Shymkent city,,,16-24,0.9
2019,Percent,Shymkent city,,,25-28,1.0
2019,Percent,Shymkent city,,,29-34,1.3
2019,Percent,Shymkent city,,,35-44,0.5
2019,Percent,Shymkent city,,,45-54,0.6
2019,Percent,Shymkent city,,,55-64,0.4
2020,Percent,,,,,2.3
2020,Percent,Akmola,,,,4.2
2020,Percent,Aktobe,,,,1.6
2020,Percent,Almaty,,,,3.7
2020,Percent,Atyrau,,,,0.5
2020,Percent,Batys Kazakhstan,,,,2.9
2020,Percent,Zhambyl,,,,1.4
2020,Percent,Karagandy,,,,3.0
2020,Percent,Kostanay,,,,4.6
2020,Percent,Kyzylorda,,,,3.6
2020,Percent,Mangistau,,,,1.1
2020,Percent,Pavlodar,,,,1.5
2020,Percent,Soltustik Kazakhstan,,,,1.2
2020,Percent,Turkistan,,,,2.7
2020,Percent,Shygys Kazakhstan,,,,3.0
2020,Percent,Nur-Sultan city,,,,0.5
2020,Percent,Almaty city,,,,0.9
2020,Percent,Shymkent city,,,,0.8
2020,Percent,,Male,,,2.5
2020,Percent,Akmola,Male,,,3.9
2020,Percent,Aktobe,Male,,,1.7
2020,Percent,Almaty,Male,,,4.0
2020,Percent,Atyrau,Male,,,0.5
2020,Percent,Batys Kazakhstan,Male,,,3.0
2020,Percent,Zhambyl,Male,,,1.5
2020,Percent,Karagandy,Male,,,3.6
2020,Percent,Kostanay,Male,,,3.9
2020,Percent,Kyzylorda,Male,,,4.7
2020,Percent,Mangistau,Male,,,0.6
2020,Percent,Pavlodar,Male,,,1.6
2020,Percent,Soltustik Kazakhstan,Male,,,1.2
2020,Percent,Turkistan,Male,,,3.4
2020,Percent,Shygys Kazakhstan,Male,,,3.0
2020,Percent,Nur-Sultan city,Male,,,0.7
2020,Percent,Almaty city,Male,,,0.9
2020,Percent,Shymkent city,Male,,,0.9
2020,Percent,,Female,,,2.1
2020,Percent,Akmola,Female,,,4.5
2020,Percent,Aktobe,Female,,,1.5
2020,Percent,Almaty,Female,,,3.4
2020,Percent,Atyrau,Female,,,0.4
2020,Percent,Batys Kazakhstan,Female,,,2.8
2020,Percent,Zhambyl,Female,,,1.3
2020,Percent,Karagandy,Female,,,2.3
2020,Percent,Kostanay,Female,,,5.4
2020,Percent,Kyzylorda,Female,,,2.4
2020,Percent,Mangistau,Female,,,1.8
2020,Percent,Pavlodar,Female,,,1.3
2020,Percent,Soltustik Kazakhstan,Female,,,1.3
2020,Percent,Turkistan,Female,,,1.9
2020,Percent,Shygys Kazakhstan,Female,,,2.9
2020,Percent,Nur-Sultan city,Female,,,0.2
2020,Percent,Almaty city,Female,,,0.9
2020,Percent,Shymkent city,Female,,,0.6
2020,Percent,,,urban,,1.4
2020,Percent,Akmola,,urban,,2.7
2020,Percent,Aktobe,,urban,,1.6
2020,Percent,Almaty,,urban,,3.6
2020,Percent,Atyrau,,urban,,0.2
2020,Percent,Batys Kazakhstan,,urban,,1.2
2020,Percent,Zhambyl,,urban,,1.6
2020,Percent,Karagandy,,urban,,3.3
2020,Percent,Kostanay,,urban,,2.5
2020,Percent,Kyzylorda,,urban,,1.8
2020,Percent,Mangistau,,urban,,0.7
2020,Percent,Pavlodar,,urban,,0.5
2020,Percent,Soltustik Kazakhstan,,urban,,1.7
2020,Percent,Turkistan,,urban,,1.6
2020,Percent,Shygys Kazakhstan,,urban,,0.8
2020,Percent,Nur-Sultan city,,urban,,0.5
2020,Percent,Almaty city,,urban,,0.9
2020,Percent,Shymkent city,,urban,,0.8
2020,Percent,,,rural,,3.5
2020,Percent,Akmola,,rural,,5.5
2020,Percent,Aktobe,,rural,,1.6
2020,Percent,Almaty,,rural,,3.7
2020,Percent,Atyrau,,rural,,0.7
2020,Percent,Batys Kazakhstan,,rural,,4.6
2020,Percent,Zhambyl,,rural,,1.3
2020,Percent,Karagandy,,rural,,1.9
2020,Percent,Kostanay,,rural,,7.5
2020,Percent,Kyzylorda,,rural,,5.1
2020,Percent,Mangistau,,rural,,1.4
2020,Percent,Pavlodar,,rural,,3.5
2020,Percent,Soltustik Kazakhstan,,rural,,0.9
2020,Percent,Turkistan,,rural,,3.0
2020,Percent,Shygys Kazakhstan,,rural,,6.5
2020,Percent,,,,Y15,89.6
2020,Percent,,,,16-24,2.6
2020,Percent,,,,25-28,1.6
2020,Percent,,,,29-34,1.8
2020,Percent,,,,35-44,1.9
2020,Percent,,,,45-54,2.5
2020,Percent,,,,55-64,3.5
2020,Percent,,,,65 and older,9.2
2020,Percent,,,,Y15,48.5
2020,Percent,Akmola,,,16-24,4.6
2020,Percent,Akmola,,,25-28,2.8
2020,Percent,Akmola,,,29-34,2.6
2020,Percent,Akmola,,,35-44,2.8
2020,Percent,Akmola,,,45-54,3.1
2020,Percent,Akmola,,,55-64,7.7
2020,Percent,Akmola,,,65 and older,14.3
2020,Percent,Aktobe,,,16-24,0.9
2020,Percent,Aktobe,,,25-28,1.5
2020,Percent,Aktobe,,,29-34,1.9
2020,Percent,Aktobe,,,35-44,2.2
2020,Percent,Aktobe,,,45-54,1.4
2020,Percent,Aktobe,,,55-64,0.4
2020,Percent,Aktobe,,,65 and older,0.0
2020,Percent,,,,Y15,100.0
2020,Percent,Almaty,,,16-24,2.8
2020,Percent,Almaty,,,25-28,2.0
2020,Percent,Almaty,,,29-34,3.8
2020,Percent,Almaty,,,35-44,3.2
2020,Percent,Almaty,,,45-54,3.8
2020,Percent,Almaty,,,55-64,7.1
2020,Percent,Almaty,,,65 and older,13.9
2020,Percent,Atyrau,,,16-24,0.7
2020,Percent,Atyrau,,,25-28,0.7
2020,Percent,Atyrau,,,29-34,0.6
2020,Percent,Atyrau,,,35-44,0.3
2020,Percent,Atyrau,,,45-54,0.3
2020,Percent,Atyrau,,,55-64,0.3
2020,Percent,Almaty,,,65 and older,0.0
2020,Percent,Batys Kazakhstan,,,16-24,2.7
2020,Percent,Batys Kazakhstan,,,25-28,2.8
2020,Percent,Batys Kazakhstan,,,29-34,3.9
2020,Percent,Batys Kazakhstan,,,35-44,3.0
2020,Percent,Batys Kazakhstan,,,45-54,3.6
2020,Percent,Batys Kazakhstan,,,55-64,1.3
2020,Percent,KZAP,,,65 and older,0.0
2020,Percent,Zhambyl,,,16-24,2.0
2020,Percent,Zhambyl,,,25-28,0.9
2020,Percent,Zhambyl,,,29-34,1.3
2020,Percent,Zhambyl,,,35-44,2.1
2020,Percent,Zhambyl,,,45-54,0.9
2020,Percent,Zhambyl,,,55-64,1.2
2020,Percent,Zhambyl,,,65 and older,0.4
2020,Percent,Zhambyl,,,65 and older,100.0
2020,Percent,Karagandy,,,16-24,3.6
2020,Percent,Karagandy,,,25-28,3.1
2020,Percent,Karagandy,,,29-34,2.2
2020,Percent,Karagandy,,,35-44,3.2
2020,Percent,Karagandy,,,45-54,2.7
2020,Percent,Karagandy,,,55-64,3.0
2020,Percent,Karagandy,,,65 and older,9.4
2020,Percent,Kostanay,,,Y15,100.0
2020,Percent,Kostanay,,,16-24,3.0
2020,Percent,Kostanay,,,25-28,2.8
2020,Percent,Kostanay,,,29-34,3.6
2020,Percent,Kostanay,,,35-44,3.6
2020,Percent,Kostanay,,,45-54,3.6
2020,Percent,Kostanay,,,55-64,8.5
2020,Percent,Kostanay,,,65 and older,19.3
2020,Percent,Kyzylorda,,,16-24,7.6
2020,Percent,Kyzylorda,,,25-28,4.8
2020,Percent,Kyzylorda,,,29-34,4.1
2020,Percent,Kyzylorda,,,35-44,2.6
2020,Percent,Kyzylorda,,,45-54,2.0
2020,Percent,Kyzylorda,,,55-64,2.8
2020,Percent,Kyzylorda,,,65 and older,0.0
2020,Percent,Mangistau,,,16-24,3.3
2020,Percent,Mangistau,,,25-28,0.6
2020,Percent,Mangistau,,,29-34,1.0
2020,Percent,Mangistau,,,35-44,0.5
2020,Percent,Mangistau,,,45-54,1.6
2020,Percent,Mangistau,,,55-64,0.6
2020,Percent,Mangistau,,,65 and older,0.0
2020,Percent,,,,Y15,70.9
2020,Percent,Pavlodar,,,16-24,5.1
2020,Percent,Pavlodar,,,25-28,1.0
2020,Percent,Pavlodar,,,29-34,1.3
2020,Percent,Pavlodar,,,35-44,1.1
2020,Percent,Pavlodar,,,45-54,1.2
2020,Percent,Pavlodar,,,55-64,0.9
2020,Percent,Pavlodar,,,65 and older,5.1
2020,Percent,Soltustik Kazakhstan,,,16-24,1.3
2020,Percent,Soltustik Kazakhstan,,,25-28,1.8
2020,Percent,Soltustik Kazakhstan,,,29-34,1.1
2020,Percent,Soltustik Kazakhstan,,,35-44,0.9
2020,Percent,Soltustik Kazakhstan,,,45-54,1.6
2020,Percent,Soltustik Kazakhstan,,,55-64,1.2
2020,Percent,Soltustik Kazakhstan,,,65 and older,0.5
2020,Percent,Turkistan,,,16-24,3.2
2020,Percent,Turkistan,,,25-28,1.7
2020,Percent,Turkistan,,,29-34,2.7
2020,Percent,Turkistan,,,35-44,2.1
2020,Percent,Turkistan,,,45-54,3.6
2020,Percent,Turkistan,,,55-64,3.6
2020,Percent,Turkistan,,,65 and older,18.3
2020,Percent,Shygys Kazakhstan,,,16-24,3.1
2020,Percent,Shygys Kazakhstan,,,25-28,0.9
2020,Percent,Shygys Kazakhstan,,,29-34,1.6
2020,Percent,Shygys Kazakhstan,,,35-44,2.2
2020,Percent,Shygys Kazakhstan,,,45-54,5.3
2020,Percent,Shygys Kazakhstan,,,55-64,3.4
2020,Percent,Shygys Kazakhstan,,,65 and older,11.5
2020,Percent,Nur-Sultan city,,,16-24,0.7
2020,Percent,Nur-Sultan city,,,25-28,0.3
2020,Percent,Nur-Sultan city,,,29-34,0.2
2020,Percent,Nur-Sultan city,,,35-44,0.1
2020,Percent,Nur-Sultan city,,,45-54,1.4
2020,Percent,Nur-Sultan city,,,55-64,0.4
2020,Percent,Nur-Sultan city,,,65 and older,0.0
2020,Percent,Almaty city,,,16-24,0.6
2020,Percent,Almaty city,,,25-28,0.8
2020,Percent,Almaty city,,,29-34,0.1
2020,Percent,Almaty city,,,35-44,0.6
2020,Percent,Almaty city,,,45-54,0.7
2020,Percent,Almaty city,,,55-64,4.9
2020,Percent,Almaty city,,,65 and older,0.0
2020,Percent,Shymkent city,,,16-24,1.1
2020,Percent,Shymkent city,,,25-28,0.7
2020,Percent,Shymkent city,,,29-34,0.9
2020,Percent,Shymkent city,,,35-44,0.6
2020,Percent,Shymkent city,,,45-54,0.8
2020,Percent,Shymkent city,,,55-64,0.8
