Year,UNIT_MEASURE,Regions,Sex,Area,Age,GeoCode,Value
2013,Percent,,,,,,11.8
2013,Percent,Akmola,,,,KZAKM,9.7
2013,Percent,Aktobe,,,,KZAKT,13.9
2013,Percent,Almaty,,,,KZALM,14.6
2013,Percent,Atyrau,,,,KZATY,1.7
2013,Percent,Batys Kazakhstan,,,,KZZAP,10.8
2013,Percent,Zhambyl,,,,KZZHA,20.2
2013,Percent,Karagandy,,,,KZKAR,8.0
2013,Percent,Kostanay,,,,KZKUS,19.8
2013,Percent,Kyzylorda,,,,KZKZY,12.7
2013,Percent,Mangistau,,,,KZMAN,3.5
2013,Percent,Ontustik Kazakhstan,,,,KZONT,14.2
2013,Percent,Pavlodar,,,,KZPAV,14.6
2013,Percent,Soltustik Kazakhstan,,,,KZSEV,24.8
2013,Percent,Shygys Kazakhstan,,,,KZVOS,12.5
2013,Percent,Nur-Sultan city,,,,KZNS,0.2
2013,Percent,Almaty city,,,,KZALA,1.2
2013,Percent,,Male,,,,10.9
2013,Percent,Akmola,Male,,,KZAKM,9.1
2013,Percent,Aktobe,Male,,,KZAKT,15.2
2013,Percent,Almaty,Male,,,KZALM,14.4
2013,Percent,Atyrau,Male,,,KZATY,1.9
2013,Percent,Batys Kazakhstan,Male,,,KZZAP,13.1
2013,Percent,Zhambyl,Male,,,KZZHA,19.8
2013,Percent,Karagandy,Male,,,KZKAR,6.8
2013,Percent,Kostanay,Male,,,KZKUS,17.0
2013,Percent,Kyzylorda,Male,,,KZKZY,11.3
2013,Percent,Mangistau,Male,,,KZMAN,2.6
2013,Percent,Ontustik Kazakhstan,Male,,,KZONT,12.2
2013,Percent,Pavlodar,Male,,,KZPAV,12.6
2013,Percent,Soltustik Kazakhstan,Male,,,KZSEV,20.2
2013,Percent,Shygys Kazakhstan,Male,,,KZVOS,11.7
2013,Percent,Nur-Sultan city,Male,,,KZNS,0.0
2013,Percent,Almaty city,Male,,,KZALA,1.5
2013,Percent,,Female,,,,12.7
2013,Percent,Akmola,Female,,,KZAKM,10.2
2013,Percent,Aktobe,Female,,,KZAKT,12.6
2013,Percent,Almaty,Female,,,KZALM,14.8
2013,Percent,Atyrau,Female,,,KZATY,1.5
2013,Percent,Batys Kazakhstan,Female,,,KZZAP,8.4
2013,Percent,Zhambyl,Female,,,KZZHA,20.6
2013,Percent,Karagandy,Female,,,KZKAR,9.2
2013,Percent,Kostanay,Female,,,KZKUS,22.4
2013,Percent,Kyzylorda,Female,,,KZKZY,14.4
2013,Percent,Mangistau,Female,,,KZMAN,4.7
2013,Percent,Ontustik Kazakhstan,Female,,,KZONT,16.7
2013,Percent,Pavlodar,Female,,,KZPAV,16.6
2013,Percent,Soltustik Kazakhstan,Female,,,KZSEV,29.4
2013,Percent,Shygys Kazakhstan,Female,,,KZVOS,13.4
2013,Percent,Nur-Sultan city,Female,,,KZNS,0.3
2013,Percent,Almaty city,Female,,,KZALA,0.9
2013,Percent,,,urban,,,5.1
2013,Percent,Akmola,,urban,,KZAKM,2.4
2013,Percent,Aktobe,,urban,,KZAKT,7.1
2013,Percent,Almaty,,urban,,KZALM,12.1
2013,Percent,Atyrau,,urban,,KZATY,0.2
2013,Percent,Batys Kazakhstan,,urban,,KZZAP,2.1
2013,Percent,Zhambyl,,urban,,KZZHA,25.5
2013,Percent,Karagandy,,urban,,KZKAR,6.0
2013,Percent,Kostanay,,urban,,KZKUS,6.4
2013,Percent,Kyzylorda,,urban,,KZKZY,8.4
2013,Percent,Mangistau,,urban,,KZMAN,4.0
2013,Percent,Ontustik Kazakhstan,,urban,,KZONT,7.1
2013,Percent,Pavlodar,,urban,,KZPAV,3.1
2013,Percent,Soltustik Kazakhstan,,urban,,KZSEV,7.7
2013,Percent,Shygys Kazakhstan,,urban,,KZVOS,1.7
2013,Percent,Nur-Sultan city,,urban,,KZNS,0.2
2013,Percent,Almaty city,,urban,,KZALA,1.2
2013,Percent,,,rural,,,19.8
2013,Percent,Akmola,,rural,,KZAKM,15.9
2013,Percent,Aktobe,,rural,,KZAKT,25.4
2013,Percent,Almaty,,rural,,KZALM,15.4
2013,Percent,Atyrau,,rural,,KZATY,3.1
2013,Percent,Batys Kazakhstan,,rural,,KZZAP,18.1
2013,Percent,Zhambyl,,rural,,KZZHA,17.2
2013,Percent,Karagandy,,rural,,KZKAR,15.0
2013,Percent,Kostanay,,rural,,KZKUS,32.3
2013,Percent,Kyzylorda,,rural,,KZKZY,16.2
2013,Percent,Mangistau,,rural,,KZMAN,2.9
2013,Percent,Ontustik Kazakhstan,,rural,,KZONT,18.6
2013,Percent,Pavlodar,,rural,,KZPAV,36.3
2013,Percent,Soltustik Kazakhstan,,rural,,KZSEV,36.0
2013,Percent,Shygys Kazakhstan,,rural,,KZVOS,27.8
2013,Percent,,,,Y15,,97.8
2013,Percent,,,,16-24,,16.1
2013,Percent,,,,25-28,,10.0
2013,Percent,,,,29-34,,11.1
2013,Percent,,,,35-44,,9.9
2013,Percent,,,,45-54,,10.6
2013,Percent,,,,55-64,,15.2
2013,Percent,,,,65 and older,,47.5
2013,Percent,Akmola,,,16-24,KZAKM,12.9
2013,Percent,Akmola,,,25-28,KZAKM,5.9
2013,Percent,Akmola,,,29-34,KZAKM,6.4
2013,Percent,Akmola,,,35-44,KZAKM,8.8
2013,Percent,Akmola,,,45-54,KZAKM,12.1
2013,Percent,Akmola,,,55-64,KZAKM,9.8
2013,Percent,Akmola,,,65 and older,KZAKM,25.5
2013,Percent,Aktobe,,,16-24,KZAKT,20.8
2013,Percent,Aktobe,,,25-28,KZAKT,15.4
2013,Percent,Aktobe,,,29-34,KZAKT,19.8
2013,Percent,Aktobe,,,35-44,KZAKT,8.4
2013,Percent,Aktobe,,,45-54,KZAKT,8.5
2013,Percent,Aktobe,,,55-64,KZAKT,16.5
2013,Percent,Aktobe,,,65 and older,KZAKT,22.0
2013,Percent,Almaty,,,16-24,KZALM,19.3
2013,Percent,Almaty,,,25-28,KZALM,10.9
2013,Percent,Almaty,,,29-34,KZALM,13.7
2013,Percent,Almaty,,,35-44,KZALM,14.1
2013,Percent,Almaty,,,45-54,KZALM,14.5
2013,Percent,Almaty,,,55-64,KZALM,14.3
2013,Percent,Almaty,,,65 and older,KZALM,10.8
2013,Percent,Atyrau,,,16-24,KZATY,2.0
2013,Percent,Atyrau,,,25-28,KZATY,0.2
2013,Percent,Atyrau,,,29-34,KZATY,1.7
2013,Percent,Atyrau,,,35-44,KZATY,1.4
2013,Percent,Atyrau,,,45-54,KZATY,2.2
2013,Percent,Atyrau,,,55-64,KZATY,2.9
2013,Percent,Batys Kazakhstan,,,16-24,KZZAP,12.4
2013,Percent,Batys Kazakhstan,,,25-28,KZZAP,9.1
2013,Percent,Batys Kazakhstan,,,29-34,KZZAP,10.3
2013,Percent,Batys Kazakhstan,,,35-44,KZZAP,10.5
2013,Percent,Batys Kazakhstan,,,45-54,KZZAP,10.4
2013,Percent,Batys Kazakhstan,,,55-64,KZZAP,11.0
2013,Percent,Zhambyl,,,Y15,KZZHA,100.0
2013,Percent,Zhambyl,,,16-24,KZZHA,24.1
2013,Percent,Zhambyl,,,25-28,KZZHA,15.7
2013,Percent,Zhambyl,,,29-34,KZZHA,18.3
2013,Percent,Zhambyl,,,35-44,KZZHA,16.7
2013,Percent,Zhambyl,,,45-54,KZZHA,21.4
2013,Percent,Zhambyl,,,55-64,KZZHA,27.5
2013,Percent,Zhambyl,,,65 and older,KZZHA,40.0
2013,Percent,Karagandy,,,16-24,KZKAR,13.1
2013,Percent,Karagandy,,,25-28,KZKAR,8.1
2013,Percent,Karagandy,,,29-34,KZKAR,6.6
2013,Percent,Karagandy,,,35-44,KZKAR,6.3
2013,Percent,Karagandy,,,45-54,KZKAR,5.0
2013,Percent,Karagandy,,,55-64,KZKAR,9.8
2013,Percent,Karagandy,,,65 and older,KZKAR,55.2
2013,Percent,Kostanay,,,Y15,KZKUS,100.0
2013,Percent,Kostanay,,,16-24,KZKUS,32.5
2013,Percent,Kostanay,,,25-28,KZKUS,21.8
2013,Percent,Kostanay,,,29-34,KZKUS,14.6
2013,Percent,Kostanay,,,35-44,KZKUS,14.3
2013,Percent,Kostanay,,,45-54,KZKUS,17.2
2013,Percent,Kostanay,,,55-64,KZKUS,27.5
2013,Percent,Kostanay,,,65 and older,KZKUS,36.3
2013,Percent,Kyzylorda,,,16-24,KZKZY,24.6
2013,Percent,Kyzylorda,,,25-28,KZKZY,7.9
2013,Percent,Kyzylorda,,,29-34,KZKZY,14.4
2013,Percent,Kyzylorda,,,35-44,KZKZY,9.6
2013,Percent,Kyzylorda,,,45-54,KZKZY,10.8
2013,Percent,Kyzylorda,,,55-64,KZKZY,8.6
2013,Percent,Mangistau,,,16-24,KZMAN,5.1
2013,Percent,Mangistau,,,25-28,KZMAN,3.7
2013,Percent,Mangistau,,,29-34,KZMAN,4.5
2013,Percent,Mangistau,,,35-44,KZMAN,2.3
2013,Percent,Mangistau,,,45-54,KZMAN,3.5
2013,Percent,Mangistau,,,55-64,KZMAN,2.3
2013,Percent,Ontustik Kazakhstan,,,Y15,KZONT,89.8
2013,Percent,Ontustik Kazakhstan,,,16-24,KZONT,17.2
2013,Percent,Ontustik Kazakhstan,,,25-28,KZONT,15.2
2013,Percent,Ontustik Kazakhstan,,,29-34,KZONT,14.4
2013,Percent,Ontustik Kazakhstan,,,35-44,KZONT,13.8
2013,Percent,Ontustik Kazakhstan,,,45-54,KZONT,12.5
2013,Percent,Ontustik Kazakhstan,,,55-64,KZONT,11.9
2013,Percent,Pavlodar,,,Y15,KZPAV,100.0
2013,Percent,Pavlodar,,,16-24,KZPAV,23.0
2013,Percent,Pavlodar,,,25-28,KZPAV,10.4
2013,Percent,Pavlodar,,,29-34,KZPAV,13.0
2013,Percent,Pavlodar,,,35-44,KZPAV,9.9
2013,Percent,Pavlodar,,,45-54,KZPAV,10.0
2013,Percent,Pavlodar,,,55-64,KZPAV,23.9
2013,Percent,Pavlodar,,,65 and older,KZPAV,88.3
2013,Percent,Soltustik Kazakhstan,,,Y15,KZSEV,100.0
2013,Percent,Soltustik Kazakhstan,,,16-24,KZSEV,32.4
2013,Percent,Soltustik Kazakhstan,,,25-28,KZSEV,16.2
2013,Percent,Soltustik Kazakhstan,,,29-34,KZSEV,17.4
2013,Percent,Soltustik Kazakhstan,,,35-44,KZSEV,21.7
2013,Percent,Soltustik Kazakhstan,,,45-54,KZSEV,17.0
2013,Percent,Soltustik Kazakhstan,,,55-64,KZSEV,37.3
2013,Percent,Soltustik Kazakhstan,,,65 and older,KZSEV,85.5
2013,Percent,Shygys Kazakhstan,,,16-24,KZVOS,16.8
2013,Percent,Shygys Kazakhstan,,,25-28,KZVOS,11.6
2013,Percent,Shygys Kazakhstan,,,29-34,KZVOS,13.5
2013,Percent,Shygys Kazakhstan,,,35-44,KZVOS,12.1
2013,Percent,Shygys Kazakhstan,,,45-54,KZVOS,11.3
2013,Percent,Shygys Kazakhstan,,,55-64,KZVOS,12.1
2013,Percent,Shygys Kazakhstan,,,65 and older,KZVOS,14.6
2013,Percent,Nur-Sultan city,,,35-44,KZNS,0.7
2013,Percent,Almaty city,,,16-24,KZALA,2.4
2013,Percent,Almaty city,,,25-28,KZALA,1.8
2013,Percent,Almaty city,,,29-34,KZALA,1.2
2013,Percent,Almaty city,,,35-44,KZALA,0.6
2013,Percent,Almaty city,,,45-54,KZALA,0.8
2013,Percent,Almaty city,,,55-64,KZALA,1.1
2014,Percent,,,,,,8.3
2014,Percent,Akmola,,,,KZAKM,8.3
2014,Percent,Aktobe,,,,KZAKT,7.0
2014,Percent,Almaty,,,,KZALM,11.5
2014,Percent,Atyrau,,,,KZATY,1.8
2014,Percent,Batys Kazakhstan,,,,KZZAP,7.4
2014,Percent,Zhambyl,,,,KZZHA,22.4
2014,Percent,Karagandy,,,,KZKAR,6.4
2014,Percent,Kostanay,,,,KZKUS,11.0
2014,Percent,Kyzylorda,,,,KZKZY,10.0
2014,Percent,Mangistau,,,,KZMAN,2.4
2014,Percent,Ontustik Kazakhstan,,,,KZONT,8.6
2014,Percent,Pavlodar,,,,KZPAV,6.5
2014,Percent,Soltustik Kazakhstan,,,,KZSEV,8.1
2014,Percent,Shygys Kazakhstan,,,,KZVOS,11.6
2014,Percent,Nur-Sultan city,,,,KZNS,0.3
2014,Percent,Almaty city,,,,KZALA,1.2
2014,Percent,,Male,,,,8.0
2014,Percent,Akmola,Male,,,KZAKM,6.9
2014,Percent,Aktobe,Male,,,KZAKT,6.9
2014,Percent,Almaty,Male,,,KZALM,10.7
2014,Percent,Atyrau,Male,,,KZATY,1.8
2014,Percent,Batys Kazakhstan,Male,,,KZZAP,8.4
2014,Percent,Zhambyl,Male,,,KZZHA,20.6
2014,Percent,Karagandy,Male,,,KZKAR,6.3
2014,Percent,Kostanay,Male,,,KZKUS,10.1
2014,Percent,Kyzylorda,Male,,,KZKZY,10.9
2014,Percent,Mangistau,Male,,,KZMAN,2.0
2014,Percent,Ontustik Kazakhstan,Male,,,KZONT,8.8
2014,Percent,Pavlodar,Male,,,KZPAV,5.7
2014,Percent,Soltustik Kazakhstan,Male,,,KZSEV,7.0
2014,Percent,Shygys Kazakhstan,Male,,,KZVOS,11.2
2014,Percent,Nur-Sultan city,Male,,,KZNS,0.3
2014,Percent,Almaty city,Male,,,KZALA,1.5
2014,Percent,,Female,,,,8.7
2014,Percent,Akmola,Female,,,KZAKM,9.8
2014,Percent,Aktobe,Female,,,KZAKT,7.0
2014,Percent,Almaty,Female,,,KZALM,12.5
2014,Percent,Atyrau,Female,,,KZATY,1.9
2014,Percent,Batys Kazakhstan,Female,,,KZZAP,6.3
2014,Percent,Zhambyl,Female,,,KZZHA,24.3
2014,Percent,Karagandy,Female,,,KZKAR,6.4
2014,Percent,Kostanay,Female,,,KZKUS,11.9
2014,Percent,Kyzylorda,Female,,,KZKZY,9.0
2014,Percent,Mangistau,Female,,,KZMAN,2.9
2014,Percent,Ontustik Kazakhstan,Female,,,KZONT,8.4
2014,Percent,Pavlodar,Female,,,KZPAV,7.4
2014,Percent,Soltustik Kazakhstan,Female,,,KZSEV,9.3
2014,Percent,Shygys Kazakhstan,Female,,,KZVOS,11.9
2014,Percent,Nur-Sultan city,Female,,,KZNS,0.2
2014,Percent,Almaty city,Female,,,KZALA,1.0
2014,Percent,,,urban,,,4.8
2014,Percent,Akmola,,urban,,KZAKM,4.0
2014,Percent,Aktobe,,urban,,KZAKT,3.0
2014,Percent,Almaty,,urban,,KZALM,8.0
2014,Percent,Atyrau,,urban,,KZATY,0.3
2014,Percent,Batys Kazakhstan,,urban,,KZZAP,2.8
2014,Percent,Zhambyl,,urban,,KZZHA,27.8
2014,Percent,Karagandy,,urban,,KZKAR,3.9
2014,Percent,Kostanay,,urban,,KZKUS,7.8
2014,Percent,Kyzylorda,,urban,,KZKZY,4.9
2014,Percent,Mangistau,,urban,,KZMAN,2.5
2014,Percent,Ontustik Kazakhstan,,urban,,KZONT,8.3
2014,Percent,Pavlodar,,urban,,KZPAV,2.0
2014,Percent,Soltustik Kazakhstan,,urban,,KZSEV,5.7
2014,Percent,Shygys Kazakhstan,,urban,,KZVOS,2.8
2014,Percent,Nur-Sultan city,,urban,,KZNS,0.3
2014,Percent,Almaty city,,urban,,KZALA,1.2
2014,Percent,,,rural,,,12.7
2014,Percent,Akmola,,rural,,KZAKM,12.2
2014,Percent,Aktobe,,rural,,KZAKT,13.4
2014,Percent,Almaty,,rural,,KZALM,12.6
2014,Percent,Atyrau,,rural,,KZATY,3.4
2014,Percent,Batys Kazakhstan,,rural,,KZZAP,11.3
2014,Percent,Zhambyl,,rural,,KZZHA,18.0
2014,Percent,Karagandy,,rural,,KZKAR,15.4
2014,Percent,Kostanay,,rural,,KZKUS,14.3
2014,Percent,Kyzylorda,,rural,,KZKZY,13.4
2014,Percent,Mangistau,,rural,,KZMAN,2.3
2014,Percent,Ontustik Kazakhstan,,rural,,KZONT,8.9
2014,Percent,Pavlodar,,rural,,KZPAV,15.6
2014,Percent,Soltustik Kazakhstan,,rural,,KZSEV,9.8
2014,Percent,Shygys Kazakhstan,,rural,,KZVOS,24.4
2014,Percent,,,,Y15,,46.0
2014,Percent,,,,16-24,,10.2
2014,Percent,,,,25-28,,7.3
2014,Percent,,,,29-34,,7.6
2014,Percent,,,,35-44,,6.7
2014,Percent,,,,45-54,,7.7
2014,Percent,,,,55-64,,11.7
2014,Percent,,,,65 and older,,42.6
2014,Percent,Akmola,,,Y15,KZAKM,89.4
2014,Percent,Akmola,,,16-24,KZAKM,9.5
2014,Percent,Akmola,,,25-28,KZAKM,7.7
2014,Percent,Akmola,,,29-34,KZAKM,6.3
2014,Percent,Akmola,,,35-44,KZAKM,6.9
2014,Percent,Akmola,,,45-54,KZAKM,8.1
2014,Percent,Akmola,,,55-64,KZAKM,10.0
2014,Percent,Akmola,,,65 and older,KZAKM,48.1
2014,Percent,Aktobe,,,16-24,KZAKT,9.6
2014,Percent,Aktobe,,,25-28,KZAKT,6.8
2014,Percent,Aktobe,,,29-34,KZAKT,5.5
2014,Percent,Aktobe,,,35-44,KZAKT,5.8
2014,Percent,Aktobe,,,45-54,KZAKT,7.3
2014,Percent,Aktobe,,,55-64,KZAKT,9.6
2014,Percent,Aktobe,,,65 and older,KZAKT,32.0
2014,Percent,Almaty,,,Y15,KZALM,16.7
2014,Percent,Almaty,,,16-24,KZALM,11.6
2014,Percent,Almaty,,,25-28,KZALM,9.1
2014,Percent,Almaty,,,29-34,KZALM,11.9
2014,Percent,Almaty,,,35-44,KZALM,10.9
2014,Percent,Almaty,,,45-54,KZALM,11.2
2014,Percent,Almaty,,,55-64,KZALM,14.4
2014,Percent,Almaty,,,65 and older,KZALM,47.4
2014,Percent,Atyrau,,,16-24,KZATY,2.1
2014,Percent,Atyrau,,,25-28,KZATY,1.6
2014,Percent,Atyrau,,,29-34,KZATY,1.5
2014,Percent,Atyrau,,,35-44,KZATY,1.5
2014,Percent,Atyrau,,,45-54,KZATY,2.7
2014,Percent,Atyrau,,,55-64,KZATY,1.8
2014,Percent,Atyrau,,,65 and older,KZATY,2.8
2014,Percent,Batys Kazakhstan,,,16-24,KZZAP,8.1
2014,Percent,Batys Kazakhstan,,,25-28,KZZAP,5.6
2014,Percent,Batys Kazakhstan,,,29-34,KZZAP,8.5
2014,Percent,Batys Kazakhstan,,,35-44,KZZAP,6.8
2014,Percent,Batys Kazakhstan,,,45-54,KZZAP,7.2
2014,Percent,Batys Kazakhstan,,,55-64,KZZAP,7.6
2014,Percent,Batys Kazakhstan,,,65 and older,KZZAP,17.9
2014,Percent,Zhambyl,,,Y15,KZZHA,41.6
2014,Percent,Zhambyl,,,16-24,KZZHA,30.5
2014,Percent,Zhambyl,,,25-28,KZZHA,22.6
2014,Percent,Zhambyl,,,29-34,KZZHA,18.0
2014,Percent,Zhambyl,,,35-44,KZZHA,17.5
2014,Percent,Zhambyl,,,45-54,KZZHA,17.0
2014,Percent,Zhambyl,,,55-64,KZZHA,35.9
2014,Percent,Zhambyl,,,65 and older,KZZHA,69.7
2014,Percent,Karagandy,,,Y15,KZKAR,62.9
2014,Percent,Karagandy,,,16-24,KZKAR,7.8
2014,Percent,Karagandy,,,25-28,KZKAR,4.4
2014,Percent,Karagandy,,,29-34,KZKAR,4.5
2014,Percent,Karagandy,,,35-44,KZKAR,4.9
2014,Percent,Karagandy,,,45-54,KZKAR,5.8
2014,Percent,Karagandy,,,55-64,KZKAR,10.5
2014,Percent,Karagandy,,,65 and older,KZKAR,42.0
2014,Percent,Kostanay,,,Y15,KZKUS,59.0
2014,Percent,Kostanay,,,16-24,KZKUS,17.5
2014,Percent,Kostanay,,,25-28,KZKUS,11.6
2014,Percent,Kostanay,,,29-34,KZKUS,10.6
2014,Percent,Kostanay,,,35-44,KZKUS,8.2
2014,Percent,Kostanay,,,45-54,KZKUS,8.4
2014,Percent,Kostanay,,,55-64,KZKUS,13.3
2014,Percent,Kostanay,,,65 and older,KZKUS,26.2
2014,Percent,Kyzylorda,,,16-24,KZKZY,15.1
2014,Percent,Kyzylorda,,,25-28,KZKZY,8.0
2014,Percent,Kyzylorda,,,29-34,KZKZY,9.7
2014,Percent,Kyzylorda,,,35-44,KZKZY,9.5
2014,Percent,Kyzylorda,,,45-54,KZKZY,8.6
2014,Percent,Kyzylorda,,,55-64,KZKZY,7.4
2014,Percent,Kyzylorda,,,65 and older,KZKZY,15.6
2014,Percent,Mangistau,,,16-24,KZMAN,3.2
2014,Percent,Mangistau,,,25-28,KZMAN,2.0
2014,Percent,Mangistau,,,29-34,KZMAN,2.0
2014,Percent,Mangistau,,,35-44,KZMAN,2.5
2014,Percent,Mangistau,,,45-54,KZMAN,2.5
2014,Percent,Mangistau,,,55-64,KZMAN,2.3
2014,Percent,Ontustik Kazakhstan,,,16-24,KZONT,8.6
2014,Percent,Ontustik Kazakhstan,,,25-28,KZONT,9.1
2014,Percent,Ontustik Kazakhstan,,,29-34,KZONT,10.9
2014,Percent,Ontustik Kazakhstan,,,35-44,KZONT,7.4
2014,Percent,Ontustik Kazakhstan,,,45-54,KZONT,8.3
2014,Percent,Ontustik Kazakhstan,,,55-64,KZONT,6.7
2014,Percent,Pavlodar,,,Y15,KZPAV,89.6
2014,Percent,Pavlodar,,,16-24,KZPAV,12.1
2014,Percent,Pavlodar,,,25-28,KZPAV,3.6
2014,Percent,Pavlodar,,,29-34,KZPAV,5.2
2014,Percent,Pavlodar,,,35-44,KZPAV,3.4
2014,Percent,Pavlodar,,,45-54,KZPAV,5.3
2014,Percent,Pavlodar,,,55-64,KZPAV,12.7
2014,Percent,Pavlodar,,,65 and older,KZPAV,40.8
2014,Percent,Soltustik Kazakhstan,,,Y15,KZSEV,100.0
2014,Percent,Soltustik Kazakhstan,,,16-24,KZSEV,10.6
2014,Percent,Soltustik Kazakhstan,,,25-28,KZSEV,5.5
2014,Percent,Soltustik Kazakhstan,,,29-34,KZSEV,4.9
2014,Percent,Soltustik Kazakhstan,,,35-44,KZSEV,5.4
2014,Percent,Soltustik Kazakhstan,,,45-54,KZSEV,5.5
2014,Percent,Soltustik Kazakhstan,,,55-64,KZSEV,13.7
2014,Percent,Soltustik Kazakhstan,,,65 and older,KZSEV,49.9
2014,Percent,Shygys Kazakhstan,,,Y15,KZVOS,76.0
2014,Percent,Shygys Kazakhstan,,,16-24,KZVOS,18.7
2014,Percent,Shygys Kazakhstan,,,25-28,KZVOS,9.6
2014,Percent,Shygys Kazakhstan,,,29-34,KZVOS,10.2
2014,Percent,Shygys Kazakhstan,,,35-44,KZVOS,9.6
2014,Percent,Shygys Kazakhstan,,,45-54,KZVOS,12.4
2014,Percent,Shygys Kazakhstan,,,55-64,KZVOS,13.3
2014,Percent,Shygys Kazakhstan,,,65 and older,KZVOS,25.0
2014,Percent,Nur-Sultan city,,,25-28,KZNS,0.3
2014,Percent,Nur-Sultan city,,,29-34,KZNS,0.2
2014,Percent,Nur-Sultan city,,,35-44,KZNS,0.2
2014,Percent,Nur-Sultan city,,,45-54,KZNS,0.5
2014,Percent,Almaty city,,,16-24,KZALA,1.0
2014,Percent,Almaty city,,,25-28,KZALA,1.1
2014,Percent,Almaty city,,,29-34,KZALA,1.1
2014,Percent,Almaty city,,,35-44,KZALA,1.1
2014,Percent,Almaty city,,,45-54,KZALA,1.6
2014,Percent,Almaty city,,,55-64,KZALA,1.8
2014,Percent,Almaty city,,,65 and older,KZALA,5.1
2015,Percent,,,,,,3.9
2015,Percent,Akmola,,,,KZAKM,4.5
2015,Percent,Aktobe,,,,KZAKT,3.1
2015,Percent,Almaty,,,,KZALM,6.0
2015,Percent,Atyrau,,,,KZATY,1.2
2015,Percent,Batys Kazakhstan,,,,KZZAP,4.2
2015,Percent,Zhambyl,,,,KZZHA,12.8
2015,Percent,Karagandy,,,,KZKAR,2.9
2015,Percent,Kostanay,,,,KZKUS,3.5
2015,Percent,Kyzylorda,,,,KZKZY,12.6
2015,Percent,Mangistau,,,,KZMAN,2.1
2015,Percent,Ontustik Kazakhstan,,,,KZONT,1.9
2015,Percent,Pavlodar,,,,KZPAV,1.7
2015,Percent,Soltustik Kazakhstan,,,,KZSEV,2.3
2015,Percent,Shygys Kazakhstan,,,,KZVOS,5.3
2015,Percent,Nur-Sultan city,,,,KZNS,0.6
2015,Percent,Almaty city,,,,KZALA,1.0
2015,Percent,,Male,,,,4.4
2015,Percent,Akmola,Male,,,KZAKM,3.6
2015,Percent,Aktobe,Male,,,KZAKT,3.1
2015,Percent,Almaty,Male,,,KZALM,6.3
2015,Percent,Atyrau,Male,,,KZATY,1.4
2015,Percent,Batys Kazakhstan,Male,,,KZZAP,5.1
2015,Percent,Zhambyl,Male,,,KZZHA,13.4
2015,Percent,Karagandy,Male,,,KZKAR,3.3
2015,Percent,Kostanay,Male,,,KZKUS,3.2
2015,Percent,Kyzylorda,Male,,,KZKZY,15.5
2015,Percent,Mangistau,Male,,,KZMAN,2.5
2015,Percent,Ontustik Kazakhstan,Male,,,KZONT,2.4
2015,Percent,Pavlodar,Male,,,KZPAV,1.8
2015,Percent,Soltustik Kazakhstan,Male,,,KZSEV,2.7
2015,Percent,Shygys Kazakhstan,Male,,,KZVOS,6.2
2015,Percent,Nur-Sultan city,Male,,,KZNS,0.9
2015,Percent,Almaty city,Male,,,KZALA,1.2
2015,Percent,,Female,,,,3.4
2015,Percent,Akmola,Female,,,KZAKM,5.5
2015,Percent,Aktobe,Female,,,KZAKT,3.2
2015,Percent,Almaty,Female,,,KZALM,5.6
2015,Percent,Atyrau,Female,,,KZATY,1.0
2015,Percent,Batys Kazakhstan,Female,,,KZZAP,3.3
2015,Percent,Zhambyl,Female,,,KZZHA,12.0
2015,Percent,Karagandy,Female,,,KZKAR,2.4
2015,Percent,Kostanay,Female,,,KZKUS,3.9
2015,Percent,Kyzylorda,Female,,,KZKZY,9.2
2015,Percent,Mangistau,Female,,,KZMAN,1.6
2015,Percent,Ontustik Kazakhstan,Female,,,KZONT,1.2
2015,Percent,Pavlodar,Female,,,KZPAV,1.6
2015,Percent,Soltustik Kazakhstan,Female,,,KZSEV,1.9
2015,Percent,Shygys Kazakhstan,Female,,,KZVOS,4.3
2015,Percent,Nur-Sultan city,Female,,,KZNS,0.4
2015,Percent,Almaty city,Female,,,KZALA,0.8
2015,Percent,,,urban,,,2.5
2015,Percent,Akmola,,urban,,KZAKM,1.6
2015,Percent,Aktobe,,urban,,KZAKT,2.4
2015,Percent,Almaty,,urban,,KZALM,4.0
2015,Percent,Atyrau,,urban,,KZATY,0.3
2015,Percent,Batys Kazakhstan,,urban,,KZZAP,2.5
2015,Percent,Zhambyl,,urban,,KZZHA,12.1
2015,Percent,Karagandy,,urban,,KZKAR,2.6
2015,Percent,Kostanay,,urban,,KZKUS,5.0
2015,Percent,Kyzylorda,,urban,,KZKZY,5.0
2015,Percent,Mangistau,,urban,,KZMAN,3.3
2015,Percent,Ontustik Kazakhstan,,urban,,KZONT,1.6
2015,Percent,Pavlodar,,urban,,KZPAV,0.4
2015,Percent,Soltustik Kazakhstan,,urban,,KZSEV,2.6
2015,Percent,Shygys Kazakhstan,,urban,,KZVOS,2.7
2015,Percent,Nur-Sultan city,,urban,,KZNS,0.6
2015,Percent,Almaty city,,urban,,KZALA,1.0
2015,Percent,,,rural,,,5.6
2015,Percent,Akmola,,rural,,KZAKM,6.9
2015,Percent,Aktobe,,rural,,KZAKT,4.0
2015,Percent,Almaty,,rural,,KZALM,6.2
2015,Percent,Atyrau,,rural,,KZATY,2.2
2015,Percent,Batys Kazakhstan,,rural,,KZZAP,5.5
2015,Percent,Zhambyl,,rural,,KZZHA,12.6
2015,Percent,Karagandy,,rural,,KZKAR,3.4
2015,Percent,Kostanay,,rural,,KZKUS,1.8
2015,Percent,Kyzylorda,,rural,,KZKZY,17.6
2015,Percent,Mangistau,,rural,,KZMAN,0.7
2015,Percent,Ontustik Kazakhstan,,rural,,KZONT,2.0
2015,Percent,Pavlodar,,rural,,KZPAV,4.3
2015,Percent,Soltustik Kazakhstan,,rural,,KZSEV,2.1
2015,Percent,Shygys Kazakhstan,,rural,,KZVOS,8.7
2015,Percent,,,,Y15,,43.9
2015,Percent,,,,16-24,,5.0
2015,Percent,,,,25-28,,3.6
2015,Percent,,,,29-34,,3.7
2015,Percent,,,,35-44,,3.6
2015,Percent,,,,45-54,,3.9
2015,Percent,,,,55-64,,3.8
2015,Percent,,,,65 and older,,6.3
2015,Percent,Akmola,,,Y15,KZAKM,38.6
2015,Percent,Akmola,,,16-24,KZAKM,5.6
2015,Percent,Akmola,,,25-28,KZAKM,3.7
2015,Percent,Akmola,,,29-34,KZAKM,4.5
2015,Percent,Akmola,,,35-44,KZAKM,4.1
2015,Percent,Akmola,,,45-54,KZAKM,5.3
2015,Percent,Akmola,,,55-64,KZAKM,4.1
2015,Percent,Akmola,,,65 and older,KZAKM,2.0
2015,Percent,Aktobe,,,16-24,KZAKT,4.0
2015,Percent,Aktobe,,,25-28,KZAKT,2.7
2015,Percent,Aktobe,,,29-34,KZAKT,2.7
2015,Percent,Aktobe,,,35-44,KZAKT,3.5
2015,Percent,Aktobe,,,45-54,KZAKT,3.2
2015,Percent,Aktobe,,,55-64,KZAKT,2.3
2015,Percent,Almaty,,,16-24,KZALM,5.2
2015,Percent,Almaty,,,25-28,KZALM,4.6
2015,Percent,Almaty,,,29-34,KZALM,6.1
2015,Percent,Almaty,,,35-44,KZALM,5.9
2015,Percent,Almaty,,,45-54,KZALM,7.2
2015,Percent,Almaty,,,55-64,KZALM,6.2
2015,Percent,Almaty,,,65 and older,KZALM,5.2
2015,Percent,Atyrau,,,16-24,KZATY,1.2
2015,Percent,Atyrau,,,25-28,KZATY,1.2
2015,Percent,Atyrau,,,29-34,KZATY,1.2
2015,Percent,Atyrau,,,35-44,KZATY,0.8
2015,Percent,Atyrau,,,45-54,KZATY,1.6
2015,Percent,Atyrau,,,55-64,KZATY,1.4
2015,Percent,Batys Kazakhstan,,,16-24,KZZAP,6.5
2015,Percent,Batys Kazakhstan,,,25-28,KZZAP,5.5
2015,Percent,Batys Kazakhstan,,,29-34,KZZAP,4.2
2015,Percent,Batys Kazakhstan,,,35-44,KZZAP,2.9
2015,Percent,Batys Kazakhstan,,,45-54,KZZAP,3.7
2015,Percent,Batys Kazakhstan,,,55-64,KZZAP,4.0
2015,Percent,Zhambyl,,,Y15,KZZHA,58.7
2015,Percent,Zhambyl,,,16-24,KZZHA,20.2
2015,Percent,Zhambyl,,,25-28,KZZHA,12.9
2015,Percent,Zhambyl,,,29-34,KZZHA,11.2
2015,Percent,Zhambyl,,,35-44,KZZHA,10.2
2015,Percent,Zhambyl,,,45-54,KZZHA,9.8
2015,Percent,Zhambyl,,,55-64,KZZHA,13.3
2015,Percent,Zhambyl,,,65 and older,KZZHA,49.8
2015,Percent,Karagandy,,,Y15,KZKAR,95.0
2015,Percent,Karagandy,,,16-24,KZKAR,3.0
2015,Percent,Karagandy,,,25-28,KZKAR,1.6
2015,Percent,Karagandy,,,29-34,KZKAR,3.1
2015,Percent,Karagandy,,,35-44,KZKAR,3.9
2015,Percent,Karagandy,,,45-54,KZKAR,2.7
2015,Percent,Karagandy,,,55-64,KZKAR,1.7
2015,Percent,Karagandy,,,65 and older,KZKAR,0.5
2015,Percent,Kostanay,,,16-24,KZKUS,3.4
2015,Percent,Kostanay,,,25-28,KZKUS,3.8
2015,Percent,Kostanay,,,29-34,KZKUS,3.9
2015,Percent,Kostanay,,,35-44,KZKUS,3.9
2015,Percent,Kostanay,,,45-54,KZKUS,3.2
2015,Percent,Kostanay,,,55-64,KZKUS,3.0
2015,Percent,Kostanay,,,65 and older,KZKUS,0.8
2015,Percent,Kyzylorda,,,16-24,KZKZY,16.2
2015,Percent,Kyzylorda,,,25-28,KZKZY,10.8
2015,Percent,Kyzylorda,,,29-34,KZKZY,10.2
2015,Percent,Kyzylorda,,,35-44,KZKZY,12.2
2015,Percent,Kyzylorda,,,45-54,KZKZY,13.1
2015,Percent,Kyzylorda,,,55-64,KZKZY,13.2
2015,Percent,Mangistau,,,16-24,KZMAN,2.4
2015,Percent,Mangistau,,,25-28,KZMAN,2.1
2015,Percent,Mangistau,,,29-34,KZMAN,1.3
2015,Percent,Mangistau,,,35-44,KZMAN,2.1
2015,Percent,Mangistau,,,45-54,KZMAN,2.8
2015,Percent,Mangistau,,,55-64,KZMAN,1.4
2015,Percent,Mangistau,,,65 and older,KZMAN,7.2
2015,Percent,Ontustik Kazakhstan,,,16-24,KZONT,2.4
2015,Percent,Ontustik Kazakhstan,,,25-28,KZONT,2.2
2015,Percent,Ontustik Kazakhstan,,,29-34,KZONT,2.0
2015,Percent,Ontustik Kazakhstan,,,35-44,KZONT,1.7
2015,Percent,Ontustik Kazakhstan,,,45-54,KZONT,1.4
2015,Percent,Ontustik Kazakhstan,,,55-64,KZONT,1.8
2015,Percent,Pavlodar,,,Y15,KZPAV,56.3
2015,Percent,Pavlodar,,,16-24,KZPAV,3.9
2015,Percent,Pavlodar,,,25-28,KZPAV,0.6
2015,Percent,Pavlodar,,,29-34,KZPAV,1.2
2015,Percent,Pavlodar,,,35-44,KZPAV,1.2
2015,Percent,Pavlodar,,,45-54,KZPAV,2.5
2015,Percent,Pavlodar,,,55-64,KZPAV,1.8
2015,Percent,Pavlodar,,,65 and older,KZPAV,0.2
2015,Percent,Soltustik Kazakhstan,,,Y15,KZSEV,29.5
2015,Percent,Soltustik Kazakhstan,,,16-24,KZSEV,4.6
2015,Percent,Soltustik Kazakhstan,,,25-28,KZSEV,3.5
2015,Percent,Soltustik Kazakhstan,,,29-34,KZSEV,2.6
2015,Percent,Soltustik Kazakhstan,,,35-44,KZSEV,2.0
2015,Percent,Soltustik Kazakhstan,,,45-54,KZSEV,1.8
2015,Percent,Soltustik Kazakhstan,,,55-64,KZSEV,1.6
2015,Percent,Soltustik Kazakhstan,,,65 and older,KZSEV,0.1
2015,Percent,Shygys Kazakhstan,,,Y15,KZVOS,62.5
2015,Percent,Shygys Kazakhstan,,,16-24,KZVOS,9.2
2015,Percent,Shygys Kazakhstan,,,25-28,KZVOS,5.6
2015,Percent,Shygys Kazakhstan,,,29-34,KZVOS,4.5
2015,Percent,Shygys Kazakhstan,,,35-44,KZVOS,4.7
2015,Percent,Shygys Kazakhstan,,,45-54,KZVOS,5.1
2015,Percent,Shygys Kazakhstan,,,55-64,KZVOS,4.6
2015,Percent,Shygys Kazakhstan,,,65 and older,KZVOS,8.0
2015,Percent,Nur-Sultan city,,,16-24,KZNS,3.5
2015,Percent,Nur-Sultan city,,,25-28,KZNS,0.5
2015,Percent,Nur-Sultan city,,,29-34,KZNS,0.2
2015,Percent,Nur-Sultan city,,,35-44,KZNS,0.4
2015,Percent,Nur-Sultan city,,,45-54,KZNS,0.1
2015,Percent,Nur-Sultan city,,,55-64,KZNS,0.5
2015,Percent,Almaty city,,,16-24,KZALA,0.7
2015,Percent,Almaty city,,,25-28,KZALA,0.8
2015,Percent,Almaty city,,,29-34,KZALA,1.2
2015,Percent,Almaty city,,,35-44,KZALA,1.0
2015,Percent,Almaty city,,,45-54,KZALA,1.2
2015,Percent,Almaty city,,,55-64,KZALA,0.8
2015,Percent,Almaty city,,,65 and older,KZALA,0.9
2016,Percent,,,,,,3.5
2016,Percent,Akmola,,,,KZAKM,4.1
2016,Percent,Aktobe,,,,KZAKT,5.0
2016,Percent,Almaty,,,,KZALM,4.2
2016,Percent,Atyrau,,,,KZATY,0.4
2016,Percent,Batys Kazakhstan,,,,KZZAP,4.1
2016,Percent,Zhambyl,,,,KZZHA,15.6
2016,Percent,Karagandy,,,,KZKAR,2.5
2016,Percent,Kostanay,,,,KZKUS,5.1
2016,Percent,Kyzylorda,,,,KZKZY,5.5
2016,Percent,Mangistau,,,,KZMAN,1.1
2016,Percent,Ontustik Kazakhstan,,,,KZONT,2.1
2016,Percent,Pavlodar,,,,KZPAV,1.9
2016,Percent,Soltustik Kazakhstan,,,,KZSEV,1.7
2016,Percent,Shygys Kazakhstan,,,,KZVOS,3.5
2016,Percent,Nur-Sultan city,,,,KZNS,0.0
2016,Percent,Almaty city,,,,KZALA,0.7
2016,Percent,,Male,,,,3.4
2016,Percent,Akmola,Male,,,KZAKM,3.0
2016,Percent,Aktobe,Male,,,KZAKT,5.4
2016,Percent,Almaty,Male,,,KZALM,3.2
2016,Percent,Atyrau,Male,,,KZATY,0.4
2016,Percent,Batys Kazakhstan,Male,,,KZZAP,3.9
2016,Percent,Zhambyl,Male,,,KZZHA,16.3
2016,Percent,Karagandy,Male,,,KZKAR,2.7
2016,Percent,Kostanay,Male,,,KZKUS,4.1
2016,Percent,Kyzylorda,Male,,,KZKZY,5.7
2016,Percent,Mangistau,Male,,,KZMAN,1.0
2016,Percent,Ontustik Kazakhstan,Male,,,KZONT,1.9
2016,Percent,Pavlodar,Male,,,KZPAV,1.8
2016,Percent,Soltustik Kazakhstan,Male,,,KZSEV,1.1
2016,Percent,Shygys Kazakhstan,Male,,,KZVOS,3.8
2016,Percent,Nur-Sultan city,Male,,,KZNS,0.0
2016,Percent,Almaty city,Male,,,KZALA,1.0
2016,Percent,,Female,,,,3.7
2016,Percent,Akmola,Female,,,KZAKM,5.2
2016,Percent,Aktobe,Female,,,KZAKT,4.6
2016,Percent,Almaty,Female,,,KZALM,5.4
2016,Percent,Atyrau,Female,,,KZATY,0.4
2016,Percent,Batys Kazakhstan,Female,,,KZZAP,4.2
2016,Percent,Zhambyl,Female,,,KZZHA,14.9
2016,Percent,Karagandy,Female,,,KZKAR,2.3
2016,Percent,Kostanay,Female,,,KZKUS,6.1
2016,Percent,Kyzylorda,Female,,,KZKZY,5.2
2016,Percent,Mangistau,Female,,,KZMAN,1.1
2016,Percent,Ontustik Kazakhstan,Female,,,KZONT,2.3
2016,Percent,Pavlodar,Female,,,KZPAV,2.0
2016,Percent,Soltustik Kazakhstan,Female,,,KZSEV,2.4
2016,Percent,Shygys Kazakhstan,Female,,,KZVOS,3.1
2016,Percent,Nur-Sultan city,Female,,,KZNS,0.1
2016,Percent,Almaty city,Female,,,KZALA,0.5
2016,Percent,,,urban,,,2.1
2016,Percent,Akmola,,urban,,KZAKM,1.7
2016,Percent,Aktobe,,urban,,KZAKT,3.7
2016,Percent,Almaty,,urban,,KZALM,2.7
2016,Percent,Atyrau,,urban,,KZATY,0.1
2016,Percent,Batys Kazakhstan,,urban,,KZZAP,2.5
2016,Percent,Zhambyl,,urban,,KZZHA,17.7
2016,Percent,Karagandy,,urban,,KZKAR,1.8
2016,Percent,Kostanay,,urban,,KZKUS,7.8
2016,Percent,Kyzylorda,,urban,,KZKZY,0.9
2016,Percent,Mangistau,,urban,,KZMAN,1.6
2016,Percent,Ontustik Kazakhstan,,urban,,KZONT,0.0
2016,Percent,Pavlodar,,urban,,KZPAV,0.6
2016,Percent,Soltustik Kazakhstan,,urban,,KZSEV,1.4
2016,Percent,Shygys Kazakhstan,,urban,,KZVOS,0.5
2016,Percent,Nur-Sultan city,,urban,,KZNS,0.0
2016,Percent,Almaty city,,urban,,KZALA,0.7
2016,Percent,,,rural,,,5.4
2016,Percent,Akmola,,rural,,KZAKM,6.3
2016,Percent,Aktobe,,rural,,KZAKT,7.2
2016,Percent,Almaty,,rural,,KZALM,4.7
2016,Percent,Atyrau,,rural,,KZATY,0.7
2016,Percent,Batys Kazakhstan,,rural,,KZZAP,5.5
2016,Percent,Zhambyl,,rural,,KZZHA,14.3
2016,Percent,Karagandy,,rural,,KZKAR,5.1
2016,Percent,Kostanay,,rural,,KZKUS,2.1
2016,Percent,Kyzylorda,,rural,,KZKZY,9.1
2016,Percent,Mangistau,,rural,,KZMAN,0.5
2016,Percent,Ontustik Kazakhstan,,rural,,KZONT,3.6
2016,Percent,Pavlodar,,rural,,KZPAV,4.8
2016,Percent,Soltustik Kazakhstan,,rural,,KZSEV,2.0
2016,Percent,Shygys Kazakhstan,,rural,,KZVOS,8.0
2016,Percent,,,,Y15,,45.7
2016,Percent,,,,16-24,,4.7
2016,Percent,,,,25-28,,2.9
2016,Percent,,,,29-34,,2.8
2016,Percent,,,,35-44,,3.0
2016,Percent,,,,45-54,,3.2
2016,Percent,,,,55-64,,5.5
2016,Percent,,,,65 and older,,14.4
2016,Percent,Akmola,,,Y15,KZAKM,87.5
2016,Percent,Akmola,,,16-24,KZAKM,6.0
2016,Percent,Akmola,,,25-28,KZAKM,3.1
2016,Percent,Akmola,,,29-34,KZAKM,2.7
2016,Percent,Akmola,,,35-44,KZAKM,3.0
2016,Percent,Akmola,,,45-54,KZAKM,3.2
2016,Percent,Akmola,,,55-64,KZAKM,6.1
2016,Percent,Akmola,,,65 and older,KZAKM,18.4
2016,Percent,Aktobe,,,16-24,KZAKT,6.6
2016,Percent,Aktobe,,,25-28,KZAKT,5.5
2016,Percent,Aktobe,,,29-34,KZAKT,4.5
2016,Percent,Aktobe,,,35-44,KZAKT,5.3
2016,Percent,Aktobe,,,45-54,KZAKT,4.2
2016,Percent,Aktobe,,,55-64,KZAKT,4.7
2016,Percent,Aktobe,,,65 and older,KZAKT,6.3
2016,Percent,Almaty,,,Y15,KZALM,100.0
2016,Percent,Almaty,,,16-24,KZALM,3.1
2016,Percent,Almaty,,,25-28,KZALM,3.0
2016,Percent,Almaty,,,29-34,KZALM,3.6
2016,Percent,Almaty,,,35-44,KZALM,3.9
2016,Percent,Almaty,,,45-54,KZALM,4.0
2016,Percent,Almaty,,,55-64,KZALM,9.3
2016,Percent,Almaty,,,65 and older,KZALM,18.7
2016,Percent,Atyrau,,,16-24,KZATY,0.3
2016,Percent,Atyrau,,,25-28,KZATY,0.3
2016,Percent,Atyrau,,,29-34,KZATY,0.4
2016,Percent,Atyrau,,,35-44,KZATY,0.5
2016,Percent,Atyrau,,,45-54,KZATY,0.5
2016,Percent,Atyrau,,,55-64,KZATY,0.4
2016,Percent,Batys Kazakhstan,,,16-24,KZZAP,5.2
2016,Percent,Batys Kazakhstan,,,25-28,KZZAP,4.0
2016,Percent,Batys Kazakhstan,,,29-34,KZZAP,4.4
2016,Percent,Batys Kazakhstan,,,35-44,KZZAP,3.6
2016,Percent,Batys Kazakhstan,,,45-54,KZZAP,3.5
2016,Percent,Batys Kazakhstan,,,55-64,KZZAP,4.2
2016,Percent,Zhambyl,,,16-24,KZZHA,29.2
2016,Percent,Zhambyl,,,25-28,KZZHA,13.0
2016,Percent,Zhambyl,,,29-34,KZZHA,11.6
2016,Percent,Zhambyl,,,35-44,KZZHA,10.9
2016,Percent,Zhambyl,,,45-54,KZZHA,10.2
2016,Percent,Zhambyl,,,55-64,KZZHA,25.1
2016,Percent,Zhambyl,,,65 and older,KZZHA,45.7
2016,Percent,Karagandy,,,Y15,KZKAR,41.0
2016,Percent,Karagandy,,,16-24,KZKAR,2.4
2016,Percent,Karagandy,,,25-28,KZKAR,3.1
2016,Percent,Karagandy,,,29-34,KZKAR,1.9
2016,Percent,Karagandy,,,35-44,KZKAR,2.4
2016,Percent,Karagandy,,,45-54,KZKAR,2.6
2016,Percent,Karagandy,,,55-64,KZKAR,2.8
2016,Percent,Karagandy,,,65 and older,KZKAR,5.0
2016,Percent,Kostanay,,,16-24,KZKUS,7.2
2016,Percent,Kostanay,,,25-28,KZKUS,5.8
2016,Percent,Kostanay,,,29-34,KZKUS,4.1
2016,Percent,Kostanay,,,35-44,KZKUS,4.2
2016,Percent,Kostanay,,,45-54,KZKUS,3.8
2016,Percent,Kostanay,,,55-64,KZKUS,6.5
2016,Percent,Kostanay,,,65 and older,KZKUS,9.9
2016,Percent,Kyzylorda,,,Y15,KZKZY,100.0
2016,Percent,Kyzylorda,,,16-24,KZKZY,6.8
2016,Percent,Kyzylorda,,,25-28,KZKZY,4.4
2016,Percent,Kyzylorda,,,29-34,KZKZY,5.5
2016,Percent,Kyzylorda,,,35-44,KZKZY,4.9
2016,Percent,Kyzylorda,,,45-54,KZKZY,5.5
2016,Percent,Kyzylorda,,,55-64,KZKZY,6.4
2016,Percent,Mangistau,,,16-24,KZMAN,0.8
2016,Percent,Mangistau,,,25-28,KZMAN,0.3
2016,Percent,Mangistau,,,29-34,KZMAN,0.5
2016,Percent,Mangistau,,,35-44,KZMAN,1.6
2016,Percent,Mangistau,,,45-54,KZMAN,0.9
2016,Percent,Mangistau,,,55-64,KZMAN,3.1
2016,Percent,Ontustik Kazakhstan,,,16-24,KZONT,1.8
2016,Percent,Ontustik Kazakhstan,,,25-28,KZONT,1.9
2016,Percent,Ontustik Kazakhstan,,,29-34,KZONT,1.8
2016,Percent,Ontustik Kazakhstan,,,35-44,KZONT,2.4
2016,Percent,Ontustik Kazakhstan,,,45-54,KZONT,2.2
2016,Percent,Ontustik Kazakhstan,,,55-64,KZONT,2.1
2016,Percent,Ontustik Kazakhstan,,,65 and older,KZONT,7.2
2016,Percent,Pavlodar,,,16-24,KZPAV,3.3
2016,Percent,Pavlodar,,,25-28,KZPAV,1.8
2016,Percent,Pavlodar,,,29-34,KZPAV,1.2
2016,Percent,Pavlodar,,,35-44,KZPAV,1.4
2016,Percent,Pavlodar,,,45-54,KZPAV,2.3
2016,Percent,Pavlodar,,,55-64,KZPAV,2.5
2016,Percent,Pavlodar,,,65 and older,KZPAV,0.3
2016,Percent,Soltustik Kazakhstan,,,Y15,KZSEV,43.8
2016,Percent,Soltustik Kazakhstan,,,16-24,KZSEV,4.5
2016,Percent,Soltustik Kazakhstan,,,25-28,KZSEV,1.3
2016,Percent,Soltustik Kazakhstan,,,29-34,KZSEV,2.1
2016,Percent,Soltustik Kazakhstan,,,35-44,KZSEV,1.1
2016,Percent,Soltustik Kazakhstan,,,45-54,KZSEV,1.2
2016,Percent,Soltustik Kazakhstan,,,55-64,KZSEV,1.8
2016,Percent,Soltustik Kazakhstan,,,65 and older,KZSEV,2.9
2016,Percent,Shygys Kazakhstan,,,Y15,KZVOS,100.0
2016,Percent,Shygys Kazakhstan,,,16-24,KZVOS,6.7
2016,Percent,Shygys Kazakhstan,,,25-28,KZVOS,2.3
2016,Percent,Shygys Kazakhstan,,,29-34,KZVOS,2.4
2016,Percent,Shygys Kazakhstan,,,35-44,KZVOS,3.2
2016,Percent,Shygys Kazakhstan,,,45-54,KZVOS,3.8
2016,Percent,Shygys Kazakhstan,,,55-64,KZVOS,4.0
2016,Percent,Shygys Kazakhstan,,,65 and older,KZVOS,12.1
2016,Percent,Nur-Sultan city,,,29-34,KZNS,0.1
2016,Percent,Nur-Sultan city,,,45-54,KZNS,0.1
2016,Percent,Almaty city,,,16-24,KZALA,0.3
2016,Percent,Almaty city,,,25-28,KZALA,0.4
2016,Percent,Almaty city,,,29-34,KZALA,0.7
2016,Percent,Almaty city,,,35-44,KZALA,0.6
2016,Percent,Almaty city,,,45-54,KZALA,1.3
2016,Percent,Almaty city,,,55-64,KZALA,1.1
2016,Percent,Almaty city,,,65 and older,KZALA,2.6
2017,Percent,,,,,,2.5
2017,Percent,Akmola,,,,KZAKM,4.1
2017,Percent,Aktobe,,,,KZAKT,1.8
2017,Percent,Almaty,,,,KZALM,3.9
2017,Percent,Atyrau,,,,KZATY,0.4
2017,Percent,Batys Kazakhstan,,,,KZZAP,3.8
2017,Percent,Zhambyl,,,,KZZHA,3.6
2017,Percent,Karagandy,,,,KZKAR,1.8
2017,Percent,Kostanay,,,,KZKUS,5.3
2017,Percent,Kyzylorda,,,,KZKZY,4.3
2017,Percent,Mangistau,,,,KZMAN,1.1
2017,Percent,Ontustik Kazakhstan,,,,KZONT,1.7
2017,Percent,Pavlodar,,,,KZPAV,1.7
2017,Percent,Soltustik Kazakhstan,,,,KZSEV,0.8
2017,Percent,Shygys Kazakhstan,,,,KZVOS,4.9
2017,Percent,Nur-Sultan city,,,,KZNS,0.0
2017,Percent,Almaty city,,,,KZALA,0.6
2017,Percent,,Male,,,,2.5
2017,Percent,Akmola,Male,,,KZAKM,4.4
2017,Percent,Aktobe,Male,,,KZAKT,2.1
2017,Percent,Almaty,Male,,,KZALM,4.1
2017,Percent,Atyrau,Male,,,KZATY,0.4
2017,Percent,Batys Kazakhstan,Male,,,KZZAP,3.8
2017,Percent,Zhambyl,Male,,,KZZHA,4.2
2017,Percent,Karagandy,Male,,,KZKAR,2.1
2017,Percent,Kostanay,Male,,,KZKUS,5.4
2017,Percent,Kyzylorda,Male,,,KZKZY,5.3
2017,Percent,Mangistau,Male,,,KZMAN,1.1
2017,Percent,Ontustik Kazakhstan,Male,,,KZONT,0.3
2017,Percent,Pavlodar,Male,,,KZPAV,1.7
2017,Percent,Soltustik Kazakhstan,Male,,,KZSEV,0.9
2017,Percent,Shygys Kazakhstan,Male,,,KZVOS,5.2
2017,Percent,Nur-Sultan city,Male,,,KZNS,0.0
2017,Percent,Almaty city,Male,,,KZALA,0.7
2017,Percent,,Female,,,,2.5
2017,Percent,Akmola,Female,,,KZAKM,3.8
2017,Percent,Aktobe,Female,,,KZAKT,1.5
2017,Percent,Almaty,Female,,,KZALM,3.7
2017,Percent,Atyrau,Female,,,KZATY,0.4
2017,Percent,Batys Kazakhstan,Female,,,KZZAP,3.8
2017,Percent,Zhambyl,Female,,,KZZHA,3.0
2017,Percent,Karagandy,Female,,,KZKAR,1.6
2017,Percent,Kostanay,Female,,,KZKUS,5.1
2017,Percent,Kyzylorda,Female,,,KZKZY,3.2
2017,Percent,Mangistau,Female,,,KZMAN,1.1
2017,Percent,Ontustik Kazakhstan,Female,,,KZONT,3.3
2017,Percent,Pavlodar,Female,,,KZPAV,1.8
2017,Percent,Soltustik Kazakhstan,Female,,,KZSEV,0.8
2017,Percent,Shygys Kazakhstan,Female,,,KZVOS,4.6
2017,Percent,Nur-Sultan city,Female,,,KZNS,0.0
2017,Percent,Almaty city,Female,,,KZALA,0.5
2017,Percent,,,urban,,,1.5
2017,Percent,Akmola,,urban,,KZAKM,2.3
2017,Percent,Aktobe,,urban,,KZAKT,1.5
2017,Percent,Almaty,,urban,,KZALM,2.2
2017,Percent,Atyrau,,urban,,KZATY,0.1
2017,Percent,Batys Kazakhstan,,urban,,KZZAP,1.7
2017,Percent,Zhambyl,,urban,,KZZHA,3.0
2017,Percent,Karagandy,,urban,,KZKAR,1.6
2017,Percent,Kostanay,,urban,,KZKUS,8.9
2017,Percent,Kyzylorda,,urban,,KZKZY,1.7
2017,Percent,Mangistau,,urban,,KZMAN,0.9
2017,Percent,Ontustik Kazakhstan,,urban,,KZONT,0.3
2017,Percent,Pavlodar,,urban,,KZPAV,0.4
2017,Percent,Soltustik Kazakhstan,,urban,,KZSEV,1.3
2017,Percent,Shygys Kazakhstan,,urban,,KZVOS,1.7
2017,Percent,Nur-Sultan city,,urban,,KZNS,0.0
2017,Percent,Almaty city,,urban,,KZALA,0.6
2017,Percent,,,rural,,,4.0
2017,Percent,Akmola,,rural,,KZAKM,5.8
2017,Percent,Aktobe,,rural,,KZAKT,2.4
2017,Percent,Almaty,,rural,,KZALM,4.4
2017,Percent,Atyrau,,rural,,KZATY,0.7
2017,Percent,Batys Kazakhstan,,rural,,KZZAP,5.7
2017,Percent,Zhambyl,,rural,,KZZHA,4.0
2017,Percent,Karagandy,,rural,,KZKAR,2.7
2017,Percent,Kostanay,,rural,,KZKUS,1.5
2017,Percent,Kyzylorda,,rural,,KZKZY,6.4
2017,Percent,Mangistau,,rural,,KZMAN,1.3
2017,Percent,Ontustik Kazakhstan,,rural,,KZONT,2.7
2017,Percent,Pavlodar,,rural,,KZPAV,4.8
2017,Percent,Soltustik Kazakhstan,,rural,,KZSEV,0.5
2017,Percent,Shygys Kazakhstan,,rural,,KZVOS,9.9
2017,Percent,,,,Y15,,41.0
2017,Percent,,,,16-24,,3.6
2017,Percent,,,,25-28,,2.4
2017,Percent,,,,29-34,,2.2
2017,Percent,,,,35-44,,2.1
2017,Percent,,,,45-54,,2.6
2017,Percent,,,,55-64,,3.0
2017,Percent,,,,65 and older,,3.6
2017,Percent,Akmola,,,Y15,KZAKM,78.6
2017,Percent,Akmola,,,16-24,KZAKM,4.0
2017,Percent,Akmola,,,25-28,KZAKM,3.7
2017,Percent,Akmola,,,29-34,KZAKM,3.6
2017,Percent,Akmola,,,35-44,KZAKM,3.3
2017,Percent,Akmola,,,45-54,KZAKM,4.1
2017,Percent,Akmola,,,55-64,KZAKM,5.0
2017,Percent,Akmola,,,65 and older,KZAKM,8.6
2017,Percent,Aktobe,,,16-24,KZAKT,1.6
2017,Percent,Aktobe,,,25-28,KZAKT,2.3
2017,Percent,Aktobe,,,29-34,KZAKT,1.0
2017,Percent,Aktobe,,,35-44,KZAKT,1.6
2017,Percent,Aktobe,,,45-54,KZAKT,2.1
2017,Percent,Aktobe,,,55-64,KZAKT,3.1
2017,Percent,Almaty,,,Y15,KZALM,41.8
2017,Percent,Almaty,,,16-24,KZALM,3.5
2017,Percent,Almaty,,,25-28,KZALM,4.1
2017,Percent,Almaty,,,29-34,KZALM,2.4
2017,Percent,Almaty,,,35-44,KZALM,3.6
2017,Percent,Almaty,,,45-54,KZALM,4.6
2017,Percent,Almaty,,,55-64,KZALM,7.0
2017,Percent,Almaty,,,65 and older,KZALM,1.9
2017,Percent,Atyrau,,,16-24,KZATY,0.3
2017,Percent,Atyrau,,,25-28,KZATY,0.4
2017,Percent,Atyrau,,,29-34,KZATY,0.0
2017,Percent,Atyrau,,,35-44,KZATY,0.6
2017,Percent,Atyrau,,,45-54,KZATY,0.5
2017,Percent,Atyrau,,,55-64,KZATY,0.5
2017,Percent,Batys Kazakhstan,,,16-24,KZZAP,5.5
2017,Percent,Batys Kazakhstan,,,25-28,KZZAP,4.5
2017,Percent,Batys Kazakhstan,,,29-34,KZZAP,2.9
2017,Percent,Batys Kazakhstan,,,35-44,KZZAP,3.4
2017,Percent,Batys Kazakhstan,,,45-54,KZZAP,3.1
2017,Percent,Batys Kazakhstan,,,55-64,KZZAP,4.4
2017,Percent,Zhambyl,,,16-24,KZZHA,5.9
2017,Percent,Zhambyl,,,25-28,KZZHA,3.5
2017,Percent,Zhambyl,,,29-34,KZZHA,3.1
2017,Percent,Zhambyl,,,35-44,KZZHA,2.6
2017,Percent,Zhambyl,,,45-54,KZZHA,3.2
2017,Percent,Zhambyl,,,55-64,KZZHA,3.0
2017,Percent,Zhambyl,,,65 and older,KZZHA,4.8
2017,Percent,Karagandy,,,Y15,KZKAR,38.1
2017,Percent,Karagandy,,,16-24,KZKAR,3.2
2017,Percent,Karagandy,,,25-28,KZKAR,1.5
2017,Percent,Karagandy,,,29-34,KZKAR,1.8
2017,Percent,Karagandy,,,35-44,KZKAR,1.6
2017,Percent,Karagandy,,,45-54,KZKAR,1.4
2017,Percent,Karagandy,,,55-64,KZKAR,2.7
2017,Percent,Karagandy,,,65 and older,KZKAR,3.3
2017,Percent,Kostanay,,,16-24,KZKUS,8.5
2017,Percent,Kostanay,,,25-28,KZKUS,7.2
2017,Percent,Kostanay,,,29-34,KZKUS,8.6
2017,Percent,Kostanay,,,35-44,KZKUS,3.1
2017,Percent,Kostanay,,,45-54,KZKUS,4.2
2017,Percent,Kostanay,,,55-64,KZKUS,2.4
2017,Percent,Kostanay,,,65 and older,KZKUS,0.3
2017,Percent,Kyzylorda,,,16-24,KZKZY,6.9
2017,Percent,Kyzylorda,,,25-28,KZKZY,5.0
2017,Percent,Kyzylorda,,,29-34,KZKZY,5.0
2017,Percent,Kyzylorda,,,35-44,KZKZY,3.5
2017,Percent,Kyzylorda,,,45-54,KZKZY,3.3
2017,Percent,Kyzylorda,,,55-64,KZKZY,2.5
2017,Percent,Mangistau,,,16-24,KZMAN,1.1
2017,Percent,Mangistau,,,25-28,KZMAN,1.4
2017,Percent,Mangistau,,,29-34,KZMAN,1.0
2017,Percent,Mangistau,,,35-44,KZMAN,0.9
2017,Percent,Mangistau,,,45-54,KZMAN,1.1
2017,Percent,Mangistau,,,55-64,KZMAN,1.0
2017,Percent,Ontustik Kazakhstan,,,16-24,KZONT,1.4
2017,Percent,Ontustik Kazakhstan,,,25-28,KZONT,1.4
2017,Percent,Ontustik Kazakhstan,,,29-34,KZONT,1.9
2017,Percent,Ontustik Kazakhstan,,,35-44,KZONT,1.7
2017,Percent,Ontustik Kazakhstan,,,45-54,KZONT,1.9
2017,Percent,Ontustik Kazakhstan,,,55-64,KZONT,1.1
2017,Percent,Pavlodar,,,16-24,KZPAV,5.4
2017,Percent,Pavlodar,,,25-28,KZPAV,1.3
2017,Percent,Pavlodar,,,29-34,KZPAV,1.2
2017,Percent,Pavlodar,,,35-44,KZPAV,1.5
2017,Percent,Pavlodar,,,45-54,KZPAV,1.6
2017,Percent,Pavlodar,,,55-64,KZPAV,1.9
2017,Percent,Soltustik Kazakhstan,,,Y15,KZSEV,39.2
2017,Percent,Soltustik Kazakhstan,,,16-24,KZSEV,1.8
2017,Percent,Soltustik Kazakhstan,,,25-28,KZSEV,0.4
2017,Percent,Soltustik Kazakhstan,,,29-34,KZSEV,0.9
2017,Percent,Soltustik Kazakhstan,,,35-44,KZSEV,1.3
2017,Percent,Soltustik Kazakhstan,,,45-54,KZSEV,0.4
2017,Percent,Soltustik Kazakhstan,,,55-64,KZSEV,0.4
2017,Percent,Soltustik Kazakhstan,,,65 and older,KZSEV,0.4
2017,Percent,Shygys Kazakhstan,,,Y15,KZVOS,100.0
2017,Percent,Shygys Kazakhstan,,,16-24,KZVOS,10.4
2017,Percent,Shygys Kazakhstan,,,25-28,KZVOS,3.8
2017,Percent,Shygys Kazakhstan,,,29-34,KZVOS,2.5
2017,Percent,Shygys Kazakhstan,,,35-44,KZVOS,4.4
2017,Percent,Shygys Kazakhstan,,,45-54,KZVOS,5.8
2017,Percent,Shygys Kazakhstan,,,55-64,KZVOS,5.4
2017,Percent,Shygys Kazakhstan,,,65 and older,KZVOS,17.5
2017,Percent,Almaty city,,,16-24,KZALA,0.3
2017,Percent,Almaty city,,,25-28,KZALA,0.6
2017,Percent,Almaty city,,,29-34,KZALA,0.6
2017,Percent,Almaty city,,,35-44,KZALA,0.7
2017,Percent,Almaty city,,,45-54,KZALA,0.8
2017,Percent,Almaty city,,,55-64,KZALA,1.2
2018,Percent,,,,,,2.2
2018,Percent,Akmola,,,,KZAKM,4.0
2018,Percent,Aktobe,,,,KZAKT,1.5
2018,Percent,Almaty,,,,KZALM,3.8
2018,Percent,Atyrau,,,,KZATY,0.4
2018,Percent,Batys Kazakhstan,,,,KZZAP,3.5
2018,Percent,Zhambyl,,,,KZZHA,1.9
2018,Percent,Karagandy,,,,KZKAR,1.6
2018,Percent,Kostanay,,,,KZKUS,4.6
2018,Percent,Kyzylorda,,,,KZKZY,3.8
2018,Percent,Mangistau,,,,KZMAN,1.7
2018,Percent,Pavlodar,,,,KZPAV,1.6
2018,Percent,Soltustik Kazakhstan,,,,KZSEV,0.7
2018,Percent,Turkistan,,,,KZYUZ,2.9
2018,Percent,Shygys Kazakhstan,,,,KZVOS,3.3
2018,Percent,Nur-Sultan city,,,,KZNS,0.0
2018,Percent,Almaty city,,,,KZALA,0.5
2018,Percent,Shymkent city,,,,KZSHY,0.7
2018,Percent,,Male,,,,2.3
2018,Percent,Akmola,Male,,,KZAKM,4.0
2018,Percent,Aktobe,Male,,,KZAKT,1.8
2018,Percent,Almaty,Male,,,KZALM,3.6
2018,Percent,Atyrau,Male,,,KZATY,0.4
2018,Percent,Batys Kazakhstan,Male,,,KZZAP,3.0
2018,Percent,Zhambyl,Male,,,KZZHA,1.8
2018,Percent,Karagandy,Male,,,KZKAR,1.9
2018,Percent,Kostanay,Male,,,KZKUS,4.6
2018,Percent,Kyzylorda,Male,,,KZKZY,4.9
2018,Percent,Mangistau,Male,,,KZMAN,1.9
2018,Percent,Pavlodar,Male,,,KZPAV,1.6
2018,Percent,Soltustik Kazakhstan,Male,,,KZSEV,0.8
2018,Percent,Turkistan,Male,,,KZYUZ,2.3
2018,Percent,Shygys Kazakhstan,Male,,,KZVOS,3.5
2018,Percent,Nur-Sultan city,Male,,,KZNS,0.1
2018,Percent,Almaty city,Male,,,KZALA,0.5
2018,Percent,Shymkent city,Male,,,KZSHY,1.2
2018,Percent,,Female,,,,2.2
2018,Percent,Akmola,Female,,,KZAKM,3.9
2018,Percent,Aktobe,Female,,,KZAKT,1.2
2018,Percent,Almaty,Female,,,KZALM,4.0
2018,Percent,Atyrau,Female,,,KZATY,0.4
2018,Percent,Batys Kazakhstan,Female,,,KZZAP,4.1
2018,Percent,Zhambyl,Female,,,KZZHA,1.9
2018,Percent,Karagandy,Female,,,KZKAR,1.4
2018,Percent,Kostanay,Female,,,KZKUS,4.7
2018,Percent,Kyzylorda,Female,,,KZKZY,2.5
2018,Percent,Mangistau,Female,,,KZMAN,1.5
2018,Percent,Pavlodar,Female,,,KZPAV,1.6
2018,Percent,Soltustik Kazakhstan,Female,,,KZSEV,0.6
2018,Percent,Turkistan,Female,,,KZYUZ,3.6
2018,Percent,Shygys Kazakhstan,Female,,,KZVOS,3.1
2018,Percent,Nur-Sultan city,Female,,,KZNS,0.0
2018,Percent,Almaty city,Female,,,KZALA,0.5
2018,Percent,Shymkent city,Female,,,KZSHY,0.3
2018,Percent,,,urban,,,1.1
2018,Percent,Akmola,,urban,,KZAKM,2.0
2018,Percent,Aktobe,,urban,,KZAKT,0.9
2018,Percent,Almaty,,urban,,KZALM,2.9
2018,Percent,Atyrau,,urban,,KZATY,0.4
2018,Percent,Batys Kazakhstan,,urban,,KZZAP,1.5
2018,Percent,Zhambyl,,urban,,KZZHA,0.1
2018,Percent,Karagandy,,urban,,KZKAR,1.9
2018,Percent,Kostanay,,urban,,KZKUS,3.6
2018,Percent,Kyzylorda,,urban,,KZKZY,1.5
2018,Percent,Mangistau,,urban,,KZMAN,0.5
2018,Percent,Pavlodar,,urban,,KZPAV,0.4
2018,Percent,Soltustik Kazakhstan,,urban,,KZSEV,0.9
2018,Percent,Turkistan,,urban,,KZYUZ,1.9
2018,Percent,Shygys Kazakhstan,,urban,,KZVOS,0.7
2018,Percent,Nur-Sultan city,,urban,,KZNS,0.0
2018,Percent,Almaty city,,urban,,KZALA,0.5
2018,Percent,Shymkent city,,urban,,KZSHY,0.7
2018,Percent,,,rural,,,3.9
2018,Percent,Akmola,,rural,,KZAKM,5.8
2018,Percent,Aktobe,,rural,,KZAKT,2.9
2018,Percent,Almaty,,rural,,KZALM,4.0
2018,Percent,Atyrau,,rural,,KZATY,0.5
2018,Percent,Batys Kazakhstan,,rural,,KZZAP,5.4
2018,Percent,Zhambyl,,rural,,KZZHA,3.0
2018,Percent,Karagandy,,rural,,KZKAR,0.9
2018,Percent,Kostanay,,rural,,KZKUS,5.7
2018,Percent,Kyzylorda,,rural,,KZKZY,5.5
2018,Percent,Mangistau,,rural,,KZMAN,2.7
2018,Percent,Pavlodar,,rural,,KZPAV,4.4
2018,Percent,Soltustik Kazakhstan,,rural,,KZSEV,0.5
2018,Percent,Turkistan,,rural,,KZYUZ,3.1
2018,Percent,Shygys Kazakhstan,,rural,,KZVOS,7.4
2018,Percent,,,,Y15,,40.4
2018,Percent,,,,16-24,,2.4
2018,Percent,,,,25-28,,2.0
2018,Percent,,,,29-34,,1.9
2018,Percent,,,,35-44,,2.0
2018,Percent,,,,45-54,,2.1
2018,Percent,,,,55-64,,3.7
2018,Percent,,,,65 and older,,6.7
2018,Percent,Akmola,,,16-24,KZAKM,4.1
2018,Percent,Akmola,,,25-28,KZAKM,3.7
2018,Percent,Akmola,,,29-34,KZAKM,3.6
2018,Percent,Akmola,,,35-44,KZAKM,3.3
2018,Percent,Akmola,,,45-54,KZAKM,3.8
2018,Percent,Akmola,,,55-64,KZAKM,4.6
2018,Percent,Akmola,,,65 and older,KZAKM,9.0
2018,Percent,Aktobe,,,16-24,KZAKT,2.7
2018,Percent,Aktobe,,,25-28,KZAKT,1.5
2018,Percent,Aktobe,,,29-34,KZAKT,1.4
2018,Percent,Aktobe,,,35-44,KZAKT,1.7
2018,Percent,Aktobe,,,45-54,KZAKT,1.1
2018,Percent,Aktobe,,,55-64,KZAKT,1.6
2018,Percent,Aktobe,,,65 and older,KZAKT,0.8
2018,Percent,Almaty,,,16-24,KZALM,0.8
2018,Percent,Almaty,,,25-28,KZALM,1.8
2018,Percent,Almaty,,,29-34,KZALM,2.2
2018,Percent,Almaty,,,35-44,KZALM,3.1
2018,Percent,Almaty,,,45-54,KZALM,3.8
2018,Percent,Almaty,,,55-64,KZALM,14.4
2018,Percent,Almaty,,,65 and older,KZALM,14.9
2018,Percent,Atyrau,,,16-24,KZATY,0.5
2018,Percent,Atyrau,,,25-28,KZATY,0.1
2018,Percent,Atyrau,,,29-34,KZATY,0.5
2018,Percent,Atyrau,,,35-44,KZATY,0.4
2018,Percent,Atyrau,,,45-54,KZATY,0.5
2018,Percent,Atyrau,,,55-64,KZATY,0.4
2018,Percent,Batys Kazakhstan,,,16-24,KZZAP,5.2
2018,Percent,Batys Kazakhstan,,,25-28,KZZAP,4.1
2018,Percent,Batys Kazakhstan,,,29-34,KZZAP,2.5
2018,Percent,Batys Kazakhstan,,,35-44,KZZAP,2.8
2018,Percent,Batys Kazakhstan,,,45-54,KZZAP,2.9
2018,Percent,Batys Kazakhstan,,,55-64,KZZAP,4.7
2018,Percent,Zhambyl,,,16-24,KZZHA,2.2
2018,Percent,Zhambyl,,,25-28,KZZHA,1.8
2018,Percent,Zhambyl,,,29-34,KZZHA,2.4
2018,Percent,Zhambyl,,,35-44,KZZHA,1.8
2018,Percent,Zhambyl,,,45-54,KZZHA,1.9
2018,Percent,Zhambyl,,,55-64,KZZHA,1.0
2018,Percent,Karagandy,,,16-24,KZKAR,1.1
2018,Percent,Karagandy,,,25-28,KZKAR,0.7
2018,Percent,Karagandy,,,29-34,KZKAR,1.4
2018,Percent,Karagandy,,,35-44,KZKAR,3.0
2018,Percent,Karagandy,,,45-54,KZKAR,1.3
2018,Percent,Karagandy,,,55-64,KZKAR,1.0
2018,Percent,Karagandy,,,65 and older,KZKAR,1.7
2018,Percent,Kostanay,,,Y15,KZKUS,45.7
2018,Percent,Kostanay,,,16-24,KZKUS,4.6
2018,Percent,Kostanay,,,25-28,KZKUS,4.7
2018,Percent,Kostanay,,,29-34,KZKUS,3.6
2018,Percent,Kostanay,,,35-44,KZKUS,4.0
2018,Percent,Kostanay,,,45-54,KZKUS,4.5
2018,Percent,Kostanay,,,55-64,KZKUS,5.9
2018,Percent,Kostanay,,,65 and older,KZKUS,11.7
2018,Percent,Kyzylorda,,,16-24,KZKZY,4.9
2018,Percent,Kyzylorda,,,25-28,KZKZY,3.9
2018,Percent,Kyzylorda,,,29-34,KZKZY,3.7
2018,Percent,Kyzylorda,,,35-44,KZKZY,3.7
2018,Percent,Kyzylorda,,,45-54,KZKZY,3.2
2018,Percent,Kyzylorda,,,55-64,KZKZY,2.9
2018,Percent,Kyzylorda,,,65 and older,KZKZY,42.9
2018,Percent,Mangistau,,,16-24,KZMAN,2.7
2018,Percent,Mangistau,,,25-28,KZMAN,1.5
2018,Percent,Mangistau,,,29-34,KZMAN,1.8
2018,Percent,Mangistau,,,35-44,KZMAN,2.0
2018,Percent,Mangistau,,,45-54,KZMAN,1.2
2018,Percent,Mangistau,,,55-64,KZMAN,1.0
2018,Percent,Pavlodar,,,16-24,KZPAV,2.7
2018,Percent,Pavlodar,,,25-28,KZPAV,1.3
2018,Percent,Pavlodar,,,29-34,KZPAV,1.2
2018,Percent,Pavlodar,,,35-44,KZPAV,1.2
2018,Percent,Pavlodar,,,45-54,KZPAV,1.5
2018,Percent,Pavlodar,,,55-64,KZPAV,2.7
2018,Percent,Soltustik Kazakhstan,,,16-24,KZSEV,0.8
2018,Percent,Soltustik Kazakhstan,,,25-28,KZSEV,0.5
2018,Percent,Soltustik Kazakhstan,,,29-34,KZSEV,1.1
2018,Percent,Soltustik Kazakhstan,,,35-44,KZSEV,0.8
2018,Percent,Soltustik Kazakhstan,,,45-54,KZSEV,0.5
2018,Percent,Soltustik Kazakhstan,,,55-64,KZSEV,0.6
2018,Percent,Turkistan,,,16-24,KZYUZ,2.8
2018,Percent,Turkistan,,,25-28,KZYUZ,3.2
2018,Percent,Turkistan,,,29-34,KZYUZ,3.9
2018,Percent,Turkistan,,,35-44,KZYUZ,2.5
2018,Percent,Turkistan,,,45-54,KZYUZ,2.6
2018,Percent,Turkistan,,,55-64,KZYUZ,1.1
2018,Percent,Shygys Kazakhstan,,,16-24,KZVOS,5.2
2018,Percent,Shygys Kazakhstan,,,25-28,KZVOS,3.3
2018,Percent,Shygys Kazakhstan,,,29-34,KZVOS,2.4
2018,Percent,Shygys Kazakhstan,,,35-44,KZVOS,2.3
2018,Percent,Shygys Kazakhstan,,,45-54,KZVOS,3.0
2018,Percent,Shygys Kazakhstan,,,55-64,KZVOS,4.8
2018,Percent,Shygys Kazakhstan,,,65 and older,KZVOS,15.3
2018,Percent,Nur-Sultan city,,,29-34,KZNS,0.1
2018,Percent,Nur-Sultan city,,,45-54,KZNS,0.2
2018,Percent,Almaty city,,,16-24,KZALA,0.4
2018,Percent,Almaty city,,,25-28,KZALA,0.8
2018,Percent,Almaty city,,,29-34,KZALA,0.6
2018,Percent,Almaty city,,,35-44,KZALA,0.3
2018,Percent,Almaty city,,,45-54,KZALA,0.3
2018,Percent,Almaty city,,,55-64,KZALA,0.9
2018,Percent,Almaty city,,,65 and older,KZALA,1.3
2018,Percent,Shymkent city,,,16-24,KZSHY,1.5
2018,Percent,Shymkent city,,,25-28,KZSHY,1.2
2018,Percent,Shymkent city,,,29-34,KZSHY,0.3
2018,Percent,Shymkent city,,,35-44,KZSHY,0.9
2018,Percent,Shymkent city,,,45-54,KZSHY,0.6
2019,Percent,,,,,,2.1
2019,Percent,Akmola,,,,KZAKM,3.8
2019,Percent,Aktobe,,,,KZAKT,1.6
2019,Percent,Almaty,,,,KZALM,3.8
2019,Percent,Atyrau,,,,KZATY,0.4
2019,Percent,Batys Kazakhstan,,,,KZZAP,3.4
2019,Percent,Zhambyl,,,,KZZHA,1.4
2019,Percent,Karagandy,,,,KZKAR,1.8
2019,Percent,Kostanay,,,,KZKUS,4.2
2019,Percent,Kyzylorda,,,,KZKZY,3.8
2019,Percent,Mangistau,,,,KZMAN,1.3
2019,Percent,Pavlodar,,,,KZPAV,1.5
2019,Percent,Soltustik Kazakhstan,,,,KZSEV,0.7
2019,Percent,Turkistan,,,,KZYUZ,2.7
2019,Percent,Shygys Kazakhstan,,,,KZVOS,3.3
2019,Percent,Nur-Sultan city,,,,KZNS,0.1
2019,Percent,Almaty city,,,,KZALA,0.5
2019,Percent,Shymkent city,,,,KZSHY,0.7
2019,Percent,,Male,,,,2.3
2019,Percent,Akmola,Male,,,KZAKM,3.3
2019,Percent,Aktobe,Male,,,KZAKT,1.5
2019,Percent,Almaty,Male,,,KZALM,4.0
2019,Percent,Atyrau,Male,,,KZATY,0.3
2019,Percent,Batys Kazakhstan,Male,,,KZZAP,3.0
2019,Percent,Zhambyl,Male,,,KZZHA,1.2
2019,Percent,Karagandy,Male,,,KZKAR,2.0
2019,Percent,Kostanay,Male,,,KZKUS,4.5
2019,Percent,Kyzylorda,Male,,,KZKZY,4.5
2019,Percent,Mangistau,Male,,,KZMAN,1.3
2019,Percent,Pavlodar,Male,,,KZPAV,1.5
2019,Percent,Soltustik Kazakhstan,Male,,,KZSEV,0.8
2019,Percent,Turkistan,Male,,,KZYUZ,3.5
2019,Percent,Shygys Kazakhstan,Male,,,KZVOS,3.3
2019,Percent,Nur-Sultan city,Male,,,KZNS,0.2
2019,Percent,Almaty city,Male,,,KZALA,0.5
2019,Percent,Shymkent city,Male,,,KZSHY,0.8
2019,Percent,,Female,,,,2.0
2019,Percent,Akmola,Female,,,KZAKM,4.4
2019,Percent,Aktobe,Female,,,KZAKT,1.6
2019,Percent,Almaty,Female,,,KZALM,3.5
2019,Percent,Atyrau,Female,,,KZATY,0.4
2019,Percent,Batys Kazakhstan,Female,,,KZZAP,3.8
2019,Percent,Zhambyl,Female,,,KZZHA,1.7
2019,Percent,Karagandy,Female,,,KZKAR,1.6
2019,Percent,Kostanay,Female,,,KZKUS,3.8
2019,Percent,Kyzylorda,Female,,,KZKZY,3.0
2019,Percent,Mangistau,Female,,,KZMAN,1.3
2019,Percent,Pavlodar,Female,,,KZPAV,1.5
2019,Percent,Soltustik Kazakhstan,Female,,,KZSEV,0.6
2019,Percent,Turkistan,Female,,,KZYUZ,1.7
2019,Percent,Shygys Kazakhstan,Female,,,KZVOS,3.4
2019,Percent,Nur-Sultan city,Female,,,KZNS,0.0
2019,Percent,Almaty city,Female,,,KZALA,0.5
2019,Percent,Shymkent city,Female,,,KZSHY,0.7
2019,Percent,,,urban,,,1.1
2019,Percent,Akmola,,urban,,KZAKM,2.0
2019,Percent,Aktobe,,urban,,KZAKT,0.8
2019,Percent,Almaty,,urban,,KZALM,3.0
2019,Percent,Atyrau,,urban,,KZATY,0.4
2019,Percent,Batys Kazakhstan,,urban,,KZZAP,1.4
2019,Percent,Zhambyl,,urban,,KZZHA,2.8
2019,Percent,Karagandy,,urban,,KZKAR,1.9
2019,Percent,Kostanay,,urban,,KZKUS,2.7
2019,Percent,Kyzylorda,,urban,,KZKZY,1.2
2019,Percent,Mangistau,,urban,,KZMAN,0.5
2019,Percent,Pavlodar,,urban,,KZPAV,0.2
2019,Percent,Soltustik Kazakhstan,,urban,,KZSEV,0.8
2019,Percent,Turkistan,,urban,,KZYUZ,3.8
2019,Percent,Shygys Kazakhstan,,urban,,KZVOS,0.6
2019,Percent,Nur-Sultan city,,urban,,KZNS,0.1
2019,Percent,Almaty city,,urban,,KZALA,0.5
2019,Percent,Shymkent city,,urban,,KZSHY,0.7
2019,Percent,,,rural,,,3.6
2019,Percent,Akmola,,rural,,KZAKM,5.5
2019,Percent,Aktobe,,rural,,KZAKT,3.5
2019,Percent,Almaty,,rural,,KZALM,4.0
2019,Percent,Atyrau,,rural,,KZATY,0.4
2019,Percent,Batys Kazakhstan,,rural,,KZZAP,5.3
2019,Percent,Zhambyl,,rural,,KZZHA,0.5
2019,Percent,Karagandy,,rural,,KZKAR,1.6
2019,Percent,Kostanay,,rural,,KZKUS,5.8
2019,Percent,Kyzylorda,,rural,,KZKZY,5.8
2019,Percent,Mangistau,,rural,,KZMAN,1.9
2019,Percent,Pavlodar,,rural,,KZPAV,4.3
2019,Percent,Soltustik Kazakhstan,,rural,,KZSEV,0.6
2019,Percent,Turkistan,,rural,,KZYUZ,2.5
2019,Percent,Shygys Kazakhstan,,rural,,KZVOS,7.7
2019,Percent,,,,Y15,,35.6
2019,Percent,,,,16-24,,2.6
2019,Percent,,,,25-28,,1.6
2019,Percent,,,,29-34,,1.6
2019,Percent,,,,35-44,,1.9
2019,Percent,,,,45-54,,2.3
2019,Percent,,,,55-64,,3.2
2019,Percent,,,,65 and older,,8.4
2019,Percent,Akmola,,,16-24,KZAKM,4.8
2019,Percent,Akmola,,,25-28,KZAKM,3.4
2019,Percent,Akmola,,,29-34,KZAKM,3.1
2019,Percent,Akmola,,,35-44,KZAKM,3.1
2019,Percent,Akmola,,,45-54,KZAKM,3.1
2019,Percent,Akmola,,,55-64,KZAKM,4.8
2019,Percent,Akmola,,,65 and older,KZAKM,11.5
2019,Percent,Aktobe,,,16-24,KZAKT,1.2
2019,Percent,Aktobe,,,25-28,KZAKT,1.2
2019,Percent,Aktobe,,,29-34,KZAKT,0.9
2019,Percent,Aktobe,,,35-44,KZAKT,1.7
2019,Percent,Aktobe,,,45-54,KZAKT,2.6
2019,Percent,Aktobe,,,55-64,KZAKT,2.1
2019,Percent,Aktobe,,,65 and older,KZAKT,1.4
2019,Percent,Almaty,,,16-24,KZALM,5.1
2019,Percent,Almaty,,,25-28,KZALM,1.9
2019,Percent,Almaty,,,29-34,KZALM,1.9
2019,Percent,Almaty,,,35-44,KZALM,3.0
2019,Percent,Almaty,,,45-54,KZALM,4.5
2019,Percent,Almaty,,,55-64,KZALM,8.3
2019,Percent,Almaty,,,65 and older,KZALM,8.3
2019,Percent,Atyrau,,,16-24,KZATY,0.9
2019,Percent,Atyrau,,,25-28,KZATY,0.2
2019,Percent,Atyrau,,,29-34,KZATY,0.2
2019,Percent,Atyrau,,,35-44,KZATY,0.1
2019,Percent,Atyrau,,,45-54,KZATY,0.6
2019,Percent,Atyrau,,,55-64,KZATY,0.7
2019,Percent,Batys Kazakhstan,,,16-24,KZZAP,3.7
2019,Percent,Batys Kazakhstan,,,25-28,KZZAP,3.1
2019,Percent,Batys Kazakhstan,,,29-34,KZZAP,2.8
2019,Percent,Batys Kazakhstan,,,35-44,KZZAP,2.6
2019,Percent,Batys Kazakhstan,,,45-54,KZZAP,3.2
2019,Percent,Batys Kazakhstan,,,55-64,KZZAP,5.5
2019,Percent,Zhambyl,,,16-24,KZZHA,2.3
2019,Percent,Zhambyl,,,25-28,KZZHA,1.7
2019,Percent,Zhambyl,,,29-34,KZZHA,0.3
2019,Percent,Zhambyl,,,35-44,KZZHA,0.6
2019,Percent,Zhambyl,,,45-54,KZZHA,0.9
2019,Percent,Zhambyl,,,55-64,KZZHA,2.6
2019,Percent,Zhambyl,,,65 and older,KZZHA,26.4
2019,Percent,Karagandy,,,16-24,KZKAR,1.8
2019,Percent,Karagandy,,,25-28,KZKAR,0.8
2019,Percent,Karagandy,,,29-34,KZKAR,1.6
2019,Percent,Karagandy,,,35-44,KZKAR,2.4
2019,Percent,Karagandy,,,45-54,KZKAR,1.5
2019,Percent,Karagandy,,,55-64,KZKAR,1.9
2019,Percent,Karagandy,,,65 and older,KZKAR,7.3
2019,Percent,Kostanay,,,Y15,KZKUS,40.3
2019,Percent,Kostanay,,,16-24,KZKUS,4.3
2019,Percent,Kostanay,,,25-28,KZKUS,3.1
2019,Percent,Kostanay,,,29-34,KZKUS,3.8
2019,Percent,Kostanay,,,35-44,KZKUS,3.8
2019,Percent,Kostanay,,,45-54,KZKUS,4.3
2019,Percent,Kostanay,,,55-64,KZKUS,5.0
2019,Percent,Kostanay,,,65 and older,KZKUS,8.1
2019,Percent,Kyzylorda,,,16-24,KZKZY,5.0
2019,Percent,Kyzylorda,,,25-28,KZKZY,3.4
2019,Percent,Kyzylorda,,,29-34,KZKZY,3.8
2019,Percent,Kyzylorda,,,35-44,KZKZY,4.0
2019,Percent,Kyzylorda,,,45-54,KZKZY,3.5
2019,Percent,Kyzylorda,,,55-64,KZKZY,2.2
2019,Percent,Mangistau,,,16-24,KZMAN,1.2
2019,Percent,Mangistau,,,25-28,KZMAN,1.4
2019,Percent,Mangistau,,,29-34,KZMAN,0.7
2019,Percent,Mangistau,,,35-44,KZMAN,1.5
2019,Percent,Mangistau,,,45-54,KZMAN,1.5
2019,Percent,Mangistau,,,55-64,KZMAN,2.5
2019,Percent,Pavlodar,,,16-24,KZPAV,1.7
2019,Percent,Pavlodar,,,25-28,KZPAV,0.9
2019,Percent,Pavlodar,,,29-34,KZPAV,1.2
2019,Percent,Pavlodar,,,35-44,KZPAV,1.5
2019,Percent,Pavlodar,,,45-54,KZPAV,1.5
2019,Percent,Pavlodar,,,55-64,KZPAV,1.9
2019,Percent,Soltustik Kazakhstan,,,16-24,KZSEV,0.7
2019,Percent,Soltustik Kazakhstan,,,25-28,KZSEV,1.1
2019,Percent,Soltustik Kazakhstan,,,29-34,KZSEV,0.3
2019,Percent,Soltustik Kazakhstan,,,35-44,KZSEV,0.8
2019,Percent,Soltustik Kazakhstan,,,45-54,KZSEV,0.5
2019,Percent,Soltustik Kazakhstan,,,55-64,KZSEV,0.7
2019,Percent,Soltustik Kazakhstan,,,65 and older,KZSEV,1.2
2019,Percent,Turkistan,,,16-24,KZYUZ,2.7
2019,Percent,Turkistan,,,25-28,KZYUZ,2.1
2019,Percent,Turkistan,,,29-34,KZYUZ,2.4
2019,Percent,Turkistan,,,35-44,KZYUZ,2.7
2019,Percent,Turkistan,,,45-54,KZYUZ,3.2
2019,Percent,Turkistan,,,55-64,KZYUZ,3.6
2019,Percent,Turkistan,,,65 and older,KZYUZ,7.7
2019,Percent,Shygys Kazakhstan,,,16-24,KZVOS,4.2
2019,Percent,Shygys Kazakhstan,,,25-28,KZVOS,2.4
2019,Percent,Shygys Kazakhstan,,,29-34,KZVOS,2.6
2019,Percent,Shygys Kazakhstan,,,35-44,KZVOS,2.9
2019,Percent,Shygys Kazakhstan,,,45-54,KZVOS,3.8
2019,Percent,Shygys Kazakhstan,,,55-64,KZVOS,4.0
2019,Percent,Shygys Kazakhstan,,,65 and older,KZVOS,13.6
2019,Percent,Nur-Sultan city,,,35-44,KZNS,0.3
2019,Percent,Nur-Sultan city,,,45-54,KZNS,0.2
2019,Percent,Almaty city,,,16-24,KZALA,0.5
2019,Percent,Almaty city,,,25-28,KZALA,0.4
2019,Percent,Almaty city,,,29-34,KZALA,0.5
2019,Percent,Almaty city,,,35-44,KZALA,0.5
2019,Percent,Almaty city,,,45-54,KZALA,0.4
2019,Percent,Almaty city,,,55-64,KZALA,0.9
2019,Percent,Almaty city,,,65 and older,KZALA,2.4
2019,Percent,Shymkent city,,,16-24,KZSHY,0.9
2019,Percent,Shymkent city,,,25-28,KZSHY,1.0
2019,Percent,Shymkent city,,,29-34,KZSHY,1.3
2019,Percent,Shymkent city,,,35-44,KZSHY,0.5
2019,Percent,Shymkent city,,,45-54,KZSHY,0.6
2019,Percent,Shymkent city,,,55-64,KZSHY,0.4
2020,Percent,,,,,,2.3
2020,Percent,Akmola,,,,KZAKM,4.2
2020,Percent,Aktobe,,,,KZAKT,1.6
2020,Percent,Almaty,,,,KZALM,3.7
2020,Percent,Atyrau,,,,KZATY,0.5
2020,Percent,Batys Kazakhstan,,,,KZZAP,2.9
2020,Percent,Zhambyl,,,,KZZHA,1.4
2020,Percent,Karagandy,,,,KZKAR,3.0
2020,Percent,Kostanay,,,,KZKUS,4.6
2020,Percent,Kyzylorda,,,,KZKZY,3.6
2020,Percent,Mangistau,,,,KZMAN,1.1
2020,Percent,Pavlodar,,,,KZPAV,1.5
2020,Percent,Soltustik Kazakhstan,,,,KZSEV,1.2
2020,Percent,Turkistan,,,,KZYUZ,2.7
2020,Percent,Shygys Kazakhstan,,,,KZVOS,3.0
2020,Percent,Nur-Sultan city,,,,KZNS,0.5
2020,Percent,Almaty city,,,,KZALA,0.9
2020,Percent,Shymkent city,,,,KZSHY,0.8
2020,Percent,,Male,,,,2.5
2020,Percent,Akmola,Male,,,KZAKM,3.9
2020,Percent,Aktobe,Male,,,KZAKT,1.7
2020,Percent,Almaty,Male,,,KZALM,4.0
2020,Percent,Atyrau,Male,,,KZATY,0.5
2020,Percent,Batys Kazakhstan,Male,,,KZZAP,3.0
2020,Percent,Zhambyl,Male,,,KZZHA,1.5
2020,Percent,Karagandy,Male,,,KZKAR,3.6
2020,Percent,Kostanay,Male,,,KZKUS,3.9
2020,Percent,Kyzylorda,Male,,,KZKZY,4.7
2020,Percent,Mangistau,Male,,,KZMAN,0.6
2020,Percent,Pavlodar,Male,,,KZPAV,1.6
2020,Percent,Soltustik Kazakhstan,Male,,,KZSEV,1.2
2020,Percent,Turkistan,Male,,,KZYUZ,3.4
2020,Percent,Shygys Kazakhstan,Male,,,KZVOS,3.0
2020,Percent,Nur-Sultan city,Male,,,KZNS,0.7
2020,Percent,Almaty city,Male,,,KZALA,0.9
2020,Percent,Shymkent city,Male,,,KZSHY,0.9
2020,Percent,,Female,,,,2.1
2020,Percent,Akmola,Female,,,KZAKM,4.5
2020,Percent,Aktobe,Female,,,KZAKT,1.5
2020,Percent,Almaty,Female,,,KZALM,3.4
2020,Percent,Atyrau,Female,,,KZATY,0.4
2020,Percent,Batys Kazakhstan,Female,,,KZZAP,2.8
2020,Percent,Zhambyl,Female,,,KZZHA,1.3
2020,Percent,Karagandy,Female,,,KZKAR,2.3
2020,Percent,Kostanay,Female,,,KZKUS,5.4
2020,Percent,Kyzylorda,Female,,,KZKZY,2.4
2020,Percent,Mangistau,Female,,,KZMAN,1.8
2020,Percent,Pavlodar,Female,,,KZPAV,1.3
2020,Percent,Soltustik Kazakhstan,Female,,,KZSEV,1.3
2020,Percent,Turkistan,Female,,,KZYUZ,1.9
2020,Percent,Shygys Kazakhstan,Female,,,KZVOS,2.9
2020,Percent,Nur-Sultan city,Female,,,KZNS,0.2
2020,Percent,Almaty city,Female,,,KZALA,0.9
2020,Percent,Shymkent city,Female,,,KZSHY,0.6
2020,Percent,,,urban,,,1.4
2020,Percent,Akmola,,urban,,KZAKM,2.7
2020,Percent,Aktobe,,urban,,KZAKT,1.6
2020,Percent,Almaty,,urban,,KZALM,3.6
2020,Percent,Atyrau,,urban,,KZATY,0.2
2020,Percent,Batys Kazakhstan,,urban,,KZZAP,1.2
2020,Percent,Zhambyl,,urban,,KZZHA,1.6
2020,Percent,Karagandy,,urban,,KZKAR,3.3
2020,Percent,Kostanay,,urban,,KZKUS,2.5
2020,Percent,Kyzylorda,,urban,,KZKZY,1.8
2020,Percent,Mangistau,,urban,,KZMAN,0.7
2020,Percent,Pavlodar,,urban,,KZPAV,0.5
2020,Percent,Soltustik Kazakhstan,,urban,,KZSEV,1.7
2020,Percent,Turkistan,,urban,,KZYUZ,1.6
2020,Percent,Shygys Kazakhstan,,urban,,KZVOS,0.8
2020,Percent,Nur-Sultan city,,urban,,KZNS,0.5
2020,Percent,Almaty city,,urban,,KZALA,0.9
2020,Percent,Shymkent city,,urban,,KZSHY,0.8
2020,Percent,,,rural,,,3.5
2020,Percent,Akmola,,rural,,KZAKM,5.5
2020,Percent,Aktobe,,rural,,KZAKT,1.6
2020,Percent,Almaty,,rural,,KZALM,3.7
2020,Percent,Atyrau,,rural,,KZATY,0.7
2020,Percent,Batys Kazakhstan,,rural,,KZZAP,4.6
2020,Percent,Zhambyl,,rural,,KZZHA,1.3
2020,Percent,Karagandy,,rural,,KZKAR,1.9
2020,Percent,Kostanay,,rural,,KZKUS,7.5
2020,Percent,Kyzylorda,,rural,,KZKZY,5.1
2020,Percent,Mangistau,,rural,,KZMAN,1.4
2020,Percent,Pavlodar,,rural,,KZPAV,3.5
2020,Percent,Soltustik Kazakhstan,,rural,,KZSEV,0.9
2020,Percent,Turkistan,,rural,,KZYUZ,3.0
2020,Percent,Shygys Kazakhstan,,rural,,KZVOS,6.5
2020,Percent,,,,Y15,,89.6
2020,Percent,,,,16-24,,2.6
2020,Percent,,,,25-28,,1.6
2020,Percent,,,,29-34,,1.8
2020,Percent,,,,35-44,,1.9
2020,Percent,,,,45-54,,2.5
2020,Percent,,,,55-64,,3.5
2020,Percent,,,,65 and older,,9.2
2020,Percent,,,,Y15,,48.5
2020,Percent,Akmola,,,16-24,KZAKM,4.6
2020,Percent,Akmola,,,25-28,KZAKM,2.8
2020,Percent,Akmola,,,29-34,KZAKM,2.6
2020,Percent,Akmola,,,35-44,KZAKM,2.8
2020,Percent,Akmola,,,45-54,KZAKM,3.1
2020,Percent,Akmola,,,55-64,KZAKM,7.7
2020,Percent,Akmola,,,65 and older,KZAKM,14.3
2020,Percent,Aktobe,,,16-24,KZAKT,0.9
2020,Percent,Aktobe,,,25-28,KZAKT,1.5
2020,Percent,Aktobe,,,29-34,KZAKT,1.9
2020,Percent,Aktobe,,,35-44,KZAKT,2.2
2020,Percent,Aktobe,,,45-54,KZAKT,1.4
2020,Percent,Aktobe,,,55-64,KZAKT,0.4
2020,Percent,Aktobe,,,65 and older,KZAKT,0.0
2020,Percent,,,,Y15,,100.0
2020,Percent,Almaty,,,16-24,KZALM,2.8
2020,Percent,Almaty,,,25-28,KZALM,2.0
2020,Percent,Almaty,,,29-34,KZALM,3.8
2020,Percent,Almaty,,,35-44,KZALM,3.2
2020,Percent,Almaty,,,45-54,KZALM,3.8
2020,Percent,Almaty,,,55-64,KZALM,7.1
2020,Percent,Almaty,,,65 and older,KZALM,13.9
2020,Percent,Atyrau,,,16-24,KZATY,0.7
2020,Percent,Atyrau,,,25-28,KZATY,0.7
2020,Percent,Atyrau,,,29-34,KZATY,0.6
2020,Percent,Atyrau,,,35-44,KZATY,0.3
2020,Percent,Atyrau,,,45-54,KZATY,0.3
2020,Percent,Atyrau,,,55-64,KZATY,0.3
2020,Percent,Almaty,,,65 and older,KZALM,0.0
2020,Percent,Batys Kazakhstan,,,16-24,KZZAP,2.7
2020,Percent,Batys Kazakhstan,,,25-28,KZZAP,2.8
2020,Percent,Batys Kazakhstan,,,29-34,KZZAP,3.9
2020,Percent,Batys Kazakhstan,,,35-44,KZZAP,3.0
2020,Percent,Batys Kazakhstan,,,45-54,KZZAP,3.6
2020,Percent,Batys Kazakhstan,,,55-64,KZZAP,1.3
2020,Percent,KZAP,,,65 and older,KZAP,0.0
2020,Percent,Zhambyl,,,16-24,KZZHA,2.0
2020,Percent,Zhambyl,,,25-28,KZZHA,0.9
2020,Percent,Zhambyl,,,29-34,KZZHA,1.3
2020,Percent,Zhambyl,,,35-44,KZZHA,2.1
2020,Percent,Zhambyl,,,45-54,KZZHA,0.9
2020,Percent,Zhambyl,,,55-64,KZZHA,1.2
2020,Percent,Zhambyl,,,65 and older,KZZHA,0.4
2020,Percent,Zhambyl,,,65 and older,KZZHA,100.0
2020,Percent,Karagandy,,,16-24,KZKAR,3.6
2020,Percent,Karagandy,,,25-28,KZKAR,3.1
2020,Percent,Karagandy,,,29-34,KZKAR,2.2
2020,Percent,Karagandy,,,35-44,KZKAR,3.2
2020,Percent,Karagandy,,,45-54,KZKAR,2.7
2020,Percent,Karagandy,,,55-64,KZKAR,3.0
2020,Percent,Karagandy,,,65 and older,KZKAR,9.4
2020,Percent,Kostanay,,,Y15,KZKUS,100.0
2020,Percent,Kostanay,,,16-24,KZKUS,3.0
2020,Percent,Kostanay,,,25-28,KZKUS,2.8
2020,Percent,Kostanay,,,29-34,KZKUS,3.6
2020,Percent,Kostanay,,,35-44,KZKUS,3.6
2020,Percent,Kostanay,,,45-54,KZKUS,3.6
2020,Percent,Kostanay,,,55-64,KZKUS,8.5
2020,Percent,Kostanay,,,65 and older,KZKUS,19.3
2020,Percent,Kyzylorda,,,16-24,KZKZY,7.6
2020,Percent,Kyzylorda,,,25-28,KZKZY,4.8
2020,Percent,Kyzylorda,,,29-34,KZKZY,4.1
2020,Percent,Kyzylorda,,,35-44,KZKZY,2.6
2020,Percent,Kyzylorda,,,45-54,KZKZY,2.0
2020,Percent,Kyzylorda,,,55-64,KZKZY,2.8
2020,Percent,Kyzylorda,,,65 and older,KZKZY,0.0
2020,Percent,Mangistau,,,16-24,KZMAN,3.3
2020,Percent,Mangistau,,,25-28,KZMAN,0.6
2020,Percent,Mangistau,,,29-34,KZMAN,1.0
2020,Percent,Mangistau,,,35-44,KZMAN,0.5
2020,Percent,Mangistau,,,45-54,KZMAN,1.6
2020,Percent,Mangistau,,,55-64,KZMAN,0.6
2020,Percent,Mangistau,,,65 and older,KZMAN,0.0
2020,Percent,,,,Y15,,70.9
2020,Percent,Pavlodar,,,16-24,KZPAV,5.1
2020,Percent,Pavlodar,,,25-28,KZPAV,1.0
2020,Percent,Pavlodar,,,29-34,KZPAV,1.3
2020,Percent,Pavlodar,,,35-44,KZPAV,1.1
2020,Percent,Pavlodar,,,45-54,KZPAV,1.2
2020,Percent,Pavlodar,,,55-64,KZPAV,0.9
2020,Percent,Pavlodar,,,65 and older,KZPAV,5.1
2020,Percent,Soltustik Kazakhstan,,,16-24,KZSEV,1.3
2020,Percent,Soltustik Kazakhstan,,,25-28,KZSEV,1.8
2020,Percent,Soltustik Kazakhstan,,,29-34,KZSEV,1.1
2020,Percent,Soltustik Kazakhstan,,,35-44,KZSEV,0.9
2020,Percent,Soltustik Kazakhstan,,,45-54,KZSEV,1.6
2020,Percent,Soltustik Kazakhstan,,,55-64,KZSEV,1.2
2020,Percent,Soltustik Kazakhstan,,,65 and older,KZSEV,0.5
2020,Percent,Turkistan,,,16-24,KZYUZ,3.2
2020,Percent,Turkistan,,,25-28,KZYUZ,1.7
2020,Percent,Turkistan,,,29-34,KZYUZ,2.7
2020,Percent,Turkistan,,,35-44,KZYUZ,2.1
2020,Percent,Turkistan,,,45-54,KZYUZ,3.6
2020,Percent,Turkistan,,,55-64,KZYUZ,3.6
2020,Percent,Turkistan,,,65 and older,KZYUZ,18.3
2020,Percent,Shygys Kazakhstan,,,16-24,KZVOS,3.1
2020,Percent,Shygys Kazakhstan,,,25-28,KZVOS,0.9
2020,Percent,Shygys Kazakhstan,,,29-34,KZVOS,1.6
2020,Percent,Shygys Kazakhstan,,,35-44,KZVOS,2.2
2020,Percent,Shygys Kazakhstan,,,45-54,KZVOS,5.3
2020,Percent,Shygys Kazakhstan,,,55-64,KZVOS,3.4
2020,Percent,Shygys Kazakhstan,,,65 and older,KZVOS,11.5
2020,Percent,Nur-Sultan city,,,16-24,KZNS,0.7
2020,Percent,Nur-Sultan city,,,25-28,KZNS,0.3
2020,Percent,Nur-Sultan city,,,29-34,KZNS,0.2
2020,Percent,Nur-Sultan city,,,35-44,KZNS,0.1
2020,Percent,Nur-Sultan city,,,45-54,KZNS,1.4
2020,Percent,Nur-Sultan city,,,55-64,KZNS,0.4
2020,Percent,Nur-Sultan city,,,65 and older,KZNS,0.0
2020,Percent,Almaty city,,,16-24,KZALA,0.6
2020,Percent,Almaty city,,,25-28,KZALA,0.8
2020,Percent,Almaty city,,,29-34,KZALA,0.1
2020,Percent,Almaty city,,,35-44,KZALA,0.6
2020,Percent,Almaty city,,,45-54,KZALA,0.7
2020,Percent,Almaty city,,,55-64,KZALA,4.9
2020,Percent,Almaty city,,,65 and older,KZALA,0.0
2020,Percent,Shymkent city,,,16-24,KZSHY,1.1
2020,Percent,Shymkent city,,,25-28,KZSHY,0.7
2020,Percent,Shymkent city,,,29-34,KZSHY,0.9
2020,Percent,Shymkent city,,,35-44,KZSHY,0.6
2020,Percent,Shymkent city,,,45-54,KZSHY,0.8
2020,Percent,Shymkent city,,,55-64,KZSHY,0.8
