Year,UNIT_MEASURE,Regions,Area,Sex,Age,GeoCode,Value
2010,Percent,,,,,,5.8
2010,Percent,Akmola,,,,KZAKM,5.8
2010,Percent,Aktobe,,,,KZAKT,5.3
2010,Percent,Almaty,,,,KZALM,5.6
2010,Percent,Atyrau,,,,KZATY,5.4
2010,Percent,Batys Kazakhstan,,,,KZZAP,5.6
2010,Percent,Zhambyl,,,,KZZHA,5.7
2010,Percent,Karagandy,,,,KZKAR,5.5
2010,Percent,Kostanay,,,,KZKUS,5.7
2010,Percent,Kyzylorda,,,,KZKZY,5.9
2010,Percent,Mangistau,,,,KZMAN,6.4
2010,Percent,Ontustik Kazakhstan,,,,KZONT,5.9
2010,Percent,Pavlodar,,,,KZPAV,5.6
2010,Percent,Soltustik Kazakhstan,,,,KZSEV,5.8
2010,Percent,Shygys Kazakhstan,,,,KZVOS,5.7
2010,Percent,Astana city,,,,KZNS,6.2
2010,Percent,Almaty city,,,,KZALA,6.3
2010,Percent,,,Male,,,4.9
2010,Percent,Akmola,,Male,,KZAKM,6.1
2010,Percent,Aktobe,,Male,,KZAKT,2.9
2010,Percent,Almaty,,Male,,KZALM,5.3
2010,Percent,Atyrau,,Male,,KZATY,3.9
2010,Percent,Batys Kazakhstan,,Male,,KZZAP,4.7
2010,Percent,Zhambyl,,Male,,KZZHA,5.5
2010,Percent,Karagandy,,Male,,KZKAR,4.5
2010,Percent,Kostanay,,Male,,KZKUS,5.2
2010,Percent,Kyzylorda,,Male,,KZKZY,5.7
2010,Percent,Mangistau,,Male,,KZMAN,5.9
2010,Percent,Ontustik Kazakhstan,,Male,,KZONT,4.8
2010,Percent,Pavlodar,,Male,,KZPAV,4.6
2010,Percent,Soltustik Kazakhstan,,Male,,KZSEV,6.1
2010,Percent,Shygys Kazakhstan,,Male,,KZVOS,4.9
2010,Percent,Astana city,,Male,,KZNS,2.9
2010,Percent,Almaty city,,Male,,KZALA,5.5
2010,Percent,,,Female,,,6.6
2010,Percent,Akmola,,Female,,KZAKM,5.5
2010,Percent,Aktobe,,Female,,KZAKT,7.7
2010,Percent,Almaty,,Female,,KZALM,6.0
2010,Percent,Atyrau,,Female,,KZATY,7.0
2010,Percent,Batys Kazakhstan,,Female,,KZZAP,6.6
2010,Percent,Zhambyl,,Female,,KZZHA,5.9
2010,Percent,Karagandy,,Female,,KZKAR,6.4
2010,Percent,Kostanay,,Female,,KZKUS,6.1
2010,Percent,Kyzylorda,,Female,,KZKZY,6.1
2010,Percent,Mangistau,,Female,,KZMAN,7.1
2010,Percent,Ontustik Kazakhstan,,Female,,KZONT,7.2
2010,Percent,Pavlodar,,Female,,KZPAV,6.7
2010,Percent,Soltustik Kazakhstan,,Female,,KZSEV,5.5
2010,Percent,Shygys Kazakhstan,,Female,,KZVOS,6.5
2010,Percent,Astana city,,Female,,KZNS,9.7
2010,Percent,Almaty city,,Female,,KZALA,7.0
2010,Percent,,urban,,,,6.2
2010,Percent,Akmola,urban,,,KZAKM,5.7
2010,Percent,Aktobe,urban,,,KZAKT,5.4
2010,Percent,Almaty,urban,,,KZALM,5.6
2010,Percent,Atyrau,urban,,,KZATY,6.1
2010,Percent,Batys Kazakhstan,urban,,,KZZAP,4.8
2010,Percent,Zhambyl,urban,,,KZZHA,7.0
2010,Percent,Karagandy,urban,,,KZKAR,5.5
2010,Percent,Kostanay,urban,,,KZKUS,7.6
2010,Percent,Kyzylorda,urban,,,KZKZY,5.4
2010,Percent,Mangistau,urban,,,KZMAN,5.8
2010,Percent,Ontustik Kazakhstan,urban,,,KZONT,7.2
2010,Percent,Pavlodar,urban,,,KZPAV,6.3
2010,Percent,Soltustik Kazakhstan,urban,,,KZSEV,6.5
2010,Percent,Shygys Kazakhstan,urban,,,KZVOS,6.6
2010,Percent,Astana city,urban,,,KZNS,6.2
2010,Percent,Almaty city,urban,,,KZALA,6.3
2010,Percent,,rural,,,,5.2
2010,Percent,Akmola,rural,,,KZAKM,5.9
2010,Percent,Aktobe,rural,,,KZAKT,5.3
2010,Percent,Almaty,rural,,,KZALM,5.6
2010,Percent,Atyrau,rural,,,KZATY,4.9
2010,Percent,Batys Kazakhstan,rural,,,KZZAP,6.1
2010,Percent,Zhambyl,rural,,,KZZHA,4.9
2010,Percent,Karagandy,rural,,,KZKAR,5.3
2010,Percent,Kostanay,rural,,,KZKUS,3.9
2010,Percent,Kyzylorda,rural,,,KZKZY,6.2
2010,Percent,Mangistau,rural,,,KZMAN,7.3
2010,Percent,Ontustik Kazakhstan,rural,,,KZONT,5.1
2010,Percent,Pavlodar,rural,,,KZPAV,4.5
2010,Percent,Soltustik Kazakhstan,rural,,,KZSEV,5.4
2010,Percent,Shygys Kazakhstan,rural,,,KZVOS,4.7
2010,Percent,,,,Y15,,6.8
2010,Percent,,,,16-24,,5.2
2010,Percent,,,,25-28,,8.4
2010,Percent,,,,29-34,,5.8
2010,Percent,,,,35-44,,5.3
2010,Percent,,,,45-54,,5.2
2010,Percent,,,,55-64,,6.0
2010,Percent,Akmola,,,16-24,KZAKM,6.0
2010,Percent,Akmola,,,25-28,KZAKM,5.2
2010,Percent,Akmola,,,29-34,KZAKM,4.9
2010,Percent,Akmola,,,35-44,KZAKM,6.4
2010,Percent,Akmola,,,45-54,KZAKM,6.1
2010,Percent,Akmola,,,55-64,KZAKM,6.3
2010,Percent,Aktobe,,,16-24,KZAKT,2.2
2010,Percent,Aktobe,,,25-28,KZAKT,7.6
2010,Percent,Aktobe,,,29-34,KZAKT,7.5
2010,Percent,Aktobe,,,35-44,KZAKT,6.8
2010,Percent,Aktobe,,,45-54,KZAKT,4.2
2010,Percent,Aktobe,,,55-64,KZAKT,1.2
2010,Percent,Almaty,,,Y15,KZALM,53.1
2010,Percent,Almaty,,,16-24,KZALM,3.3
2010,Percent,Almaty,,,25-28,KZALM,5.0
2010,Percent,Almaty,,,29-34,KZALM,5.1
2010,Percent,Almaty,,,35-44,KZALM,4.4
2010,Percent,Almaty,,,45-54,KZALM,5.6
2010,Percent,Almaty,,,55-64,KZALM,13.3
2010,Percent,Atyrau,,,16-24,KZATY,1.5
2010,Percent,Atyrau,,,25-28,KZATY,15.4
2010,Percent,Atyrau,,,29-34,KZATY,6.2
2010,Percent,Atyrau,,,35-44,KZATY,3.7
2010,Percent,Atyrau,,,45-54,KZATY,3.5
2010,Percent,Atyrau,,,55-64,KZATY,5.4
2010,Percent,Batys Kazakhstan,,,16-24,KZZAP,6.5
2010,Percent,Batys Kazakhstan,,,25-28,KZZAP,6.4
2010,Percent,Batys Kazakhstan,,,29-34,KZZAP,6.9
2010,Percent,Batys Kazakhstan,,,35-44,KZZAP,5.9
2010,Percent,Batys Kazakhstan,,,45-54,KZZAP,5.1
2010,Percent,Batys Kazakhstan,,,55-64,KZZAP,1.9
2010,Percent,Zhambyl,,,16-24,KZZHA,6.0
2010,Percent,Zhambyl,,,25-28,KZZHA,1.9
2010,Percent,Zhambyl,,,29-34,KZZHA,9.7
2010,Percent,Zhambyl,,,35-44,KZZHA,7.7
2010,Percent,Zhambyl,,,45-54,KZZHA,4.3
2010,Percent,Zhambyl,,,55-64,KZZHA,1.2
2010,Percent,Karagandy,,,16-24,KZKAR,5.9
2010,Percent,Karagandy,,,25-28,KZKAR,9.9
2010,Percent,Karagandy,,,29-34,KZKAR,5.5
2010,Percent,Karagandy,,,35-44,KZKAR,4.8
2010,Percent,Karagandy,,,45-54,KZKAR,4.6
2010,Percent,Karagandy,,,55-64,KZKAR,4.2
2010,Percent,Kostanay,,,16-24,KZKUS,5.3
2010,Percent,Kostanay,,,25-28,KZKUS,13.3
2010,Percent,Kostanay,,,29-34,KZKUS,5.1
2010,Percent,Kostanay,,,35-44,KZKUS,3.6
2010,Percent,Kostanay,,,45-54,KZKUS,4.4
2010,Percent,Kostanay,,,55-64,KZKUS,8.4
2010,Percent,Kyzylorda,,,16-24,KZKZY,6.5
2010,Percent,Kyzylorda,,,25-28,KZKZY,8.6
2010,Percent,Kyzylorda,,,29-34,KZKZY,4.1
2010,Percent,Kyzylorda,,,35-44,KZKZY,4.0
2010,Percent,Kyzylorda,,,45-54,KZKZY,6.1
2010,Percent,Kyzylorda,,,55-64,KZKZY,10.8
2010,Percent,Mangistau,,,16-24,KZMAN,7.0
2010,Percent,Mangistau,,,25-28,KZMAN,11.7
2010,Percent,Mangistau,,,29-34,KZMAN,2.7
2010,Percent,Mangistau,,,35-44,KZMAN,3.9
2010,Percent,Mangistau,,,45-54,KZMAN,10.4
2010,Percent,Mangistau,,,55-64,KZMAN,8.4
2010,Percent,Ontustik Kazakhstan,,,16-24,KZONT,2.1
2010,Percent,Ontustik Kazakhstan,,,25-28,KZONT,11.3
2010,Percent,Ontustik Kazakhstan,,,29-34,KZONT,6.1
2010,Percent,Ontustik Kazakhstan,,,35-44,KZONT,6.0
2010,Percent,Ontustik Kazakhstan,,,45-54,KZONT,5.3
2010,Percent,Ontustik Kazakhstan,,,55-64,KZONT,2.9
2010,Percent,Pavlodar,,,Y15,KZPAV,3.1
2010,Percent,Pavlodar,,,16-24,KZPAV,5.5
2010,Percent,Pavlodar,,,25-28,KZPAV,8.8
2010,Percent,Pavlodar,,,29-34,KZPAV,4.3
2010,Percent,Pavlodar,,,35-44,KZPAV,4.6
2010,Percent,Pavlodar,,,45-54,KZPAV,6.4
2010,Percent,Pavlodar,,,55-64,KZPAV,4.9
2010,Percent,Soltustik Kazakhstan,,,16-24,KZSEV,5.9
2010,Percent,Soltustik Kazakhstan,,,25-28,KZSEV,9.8
2010,Percent,Soltustik Kazakhstan,,,29-34,KZSEV,7.6
2010,Percent,Soltustik Kazakhstan,,,35-44,KZSEV,4.7
2010,Percent,Soltustik Kazakhstan,,,45-54,KZSEV,4.2
2010,Percent,Soltustik Kazakhstan,,,55-64,KZSEV,5.8
2010,Percent,Shygys Kazakhstan,,,16-24,KZVOS,7.0
2010,Percent,Shygys Kazakhstan,,,25-28,KZVOS,6.7
2010,Percent,Shygys Kazakhstan,,,29-34,KZVOS,4.4
2010,Percent,Shygys Kazakhstan,,,35-44,KZVOS,5.0
2010,Percent,Shygys Kazakhstan,,,45-54,KZVOS,4.9
2010,Percent,Shygys Kazakhstan,,,55-64,KZVOS,8.8
2010,Percent,Astana city,,,16-24,KZNS,11.2
2010,Percent,Astana city,,,25-28,KZNS,4.7
2010,Percent,Astana city,,,29-34,KZNS,6.6
2010,Percent,Astana city,,,35-44,KZNS,6.4
2010,Percent,Astana city,,,45-54,KZNS,5.6
2010,Percent,Astana city,,,55-64,KZNS,2.9
2010,Percent,Almaty city,,,16-24,KZALA,9.0
2010,Percent,Almaty city,,,25-28,KZALA,8.5
2010,Percent,Almaty city,,,29-34,KZALA,5.7
2010,Percent,Almaty city,,,35-44,KZALA,5.6
2010,Percent,Almaty city,,,45-54,KZALA,5.5
2010,Percent,Almaty city,,,55-64,KZALA,4.2
2011,Percent,,,,,,5.4
2011,Percent,Akmola,,,,KZAKM,5.5
2011,Percent,Aktobe,,,,KZAKT,4.9
2011,Percent,Almaty,,,,KZALM,5.1
2011,Percent,Atyrau,,,,KZATY,5.0
2011,Percent,Batys Kazakhstan,,,,KZZAP,5.3
2011,Percent,Zhambyl,,,,KZZHA,5.5
2011,Percent,Karagandy,,,,KZKAR,5.3
2011,Percent,Kostanay,,,,KZKUS,5.4
2011,Percent,Kyzylorda,,,,KZKZY,5.5
2011,Percent,Mangistau,,,,KZMAN,5.8
2011,Percent,Ontustik Kazakhstan,,,,KZONT,5.7
2011,Percent,Pavlodar,,,,KZPAV,5.2
2011,Percent,Soltustik Kazakhstan,,,,KZSEV,5.4
2011,Percent,Shygys Kazakhstan,,,,KZVOS,5.2
2011,Percent,Astana city,,,,KZNS,5.8
2011,Percent,Almaty city,,,,KZALA,5.6
2011,Percent,,,Male,,,4.6
2011,Percent,Akmola,,Male,,KZAKM,5.3
2011,Percent,Aktobe,,Male,,KZAKT,3.5
2011,Percent,Almaty,,Male,,KZALM,5.1
2011,Percent,Atyrau,,Male,,KZATY,4.2
2011,Percent,Batys Kazakhstan,,Male,,KZZAP,4.9
2011,Percent,Zhambyl,,Male,,KZZHA,4.9
2011,Percent,Karagandy,,Male,,KZKAR,3.7
2011,Percent,Kostanay,,Male,,KZKUS,4.8
2011,Percent,Kyzylorda,,Male,,KZKZY,5.2
2011,Percent,Mangistau,,Male,,KZMAN,5.4
2011,Percent,Ontustik Kazakhstan,,Male,,KZONT,5.1
2011,Percent,Pavlodar,,Male,,KZPAV,4.4
2011,Percent,Soltustik Kazakhstan,,Male,,KZSEV,5.3
2011,Percent,Shygys Kazakhstan,,Male,,KZVOS,3.7
2011,Percent,Astana city,,Male,,KZNS,4.0
2011,Percent,Almaty city,,Male,,KZALA,4.4
2011,Percent,,,Female,,,6.2
2011,Percent,Akmola,,Female,,KZAKM,5.6
2011,Percent,Aktobe,,Female,,KZAKT,6.2
2011,Percent,Almaty,,Female,,KZALM,5.0
2011,Percent,Atyrau,,Female,,KZATY,5.9
2011,Percent,Batys Kazakhstan,,Female,,KZZAP,5.8
2011,Percent,Zhambyl,,Female,,KZZHA,6.1
2011,Percent,Karagandy,,Female,,KZKAR,6.8
2011,Percent,Kostanay,,Female,,KZKUS,5.9
2011,Percent,Kyzylorda,,Female,,KZKZY,5.8
2011,Percent,Mangistau,,Female,,KZMAN,6.3
2011,Percent,Ontustik Kazakhstan,,Female,,KZONT,6.4
2011,Percent,Pavlodar,,Female,,KZPAV,6.0
2011,Percent,Soltustik Kazakhstan,,Female,,KZSEV,5.6
2011,Percent,Shygys Kazakhstan,,Female,,KZVOS,6.8
2011,Percent,Astana city,,Female,,KZNS,7.8
2011,Percent,Almaty city,,Female,,KZALA,6.7
2011,Percent,,urban,,,,5.8
2011,Percent,Akmola,urban,,,KZAKM,5.2
2011,Percent,Aktobe,urban,,,KZAKT,4.7
2011,Percent,Almaty,urban,,,KZALM,6.0
2011,Percent,Atyrau,urban,,,KZATY,5.2
2011,Percent,Batys Kazakhstan,urban,,,KZZAP,4.9
2011,Percent,Zhambyl,urban,,,KZZHA,6.8
2011,Percent,Karagandy,urban,,,KZKAR,5.3
2011,Percent,Kostanay,urban,,,KZKUS,7.4
2011,Percent,Kyzylorda,urban,,,KZKZY,5.1
2011,Percent,Mangistau,urban,,,KZMAN,4.9
2011,Percent,Ontustik Kazakhstan,urban,,,KZONT,6.7
2011,Percent,Pavlodar,urban,,,KZPAV,5.8
2011,Percent,Soltustik Kazakhstan,urban,,,KZSEV,5.8
2011,Percent,Shygys Kazakhstan,urban,,,KZVOS,5.7
2011,Percent,Astana city,urban,,,KZNS,5.8
2011,Percent,Almaty city,urban,,,KZALA,5.6
2011,Percent,,rural,,,,4.9
2011,Percent,Akmola,rural,,,KZAKM,5.7
2011,Percent,Aktobe,rural,,,KZAKT,5.0
2011,Percent,Almaty,rural,,,KZALM,4.8
2011,Percent,Atyrau,rural,,,KZATY,4.9
2011,Percent,Batys Kazakhstan,rural,,,KZZAP,5.6
2011,Percent,Zhambyl,rural,,,KZZHA,4.6
2011,Percent,Karagandy,rural,,,KZKAR,5.1
2011,Percent,Kostanay,rural,,,KZKUS,3.5
2011,Percent,Kyzylorda,rural,,,KZKZY,5.8
2011,Percent,Mangistau,rural,,,KZMAN,7.2
2011,Percent,Ontustik Kazakhstan,rural,,,KZONT,5.1
2011,Percent,Pavlodar,rural,,,KZPAV,4.1
2011,Percent,Soltustik Kazakhstan,rural,,,KZSEV,5.2
2011,Percent,Shygys Kazakhstan,rural,,,KZVOS,4.6
2011,Percent,,,,16-24,,4.6
2011,Percent,,,,25-28,,7.8
2011,Percent,,,,29-34,,6.6
2011,Percent,,,,35-44,,4.7
2011,Percent,,,,45-54,,4.5
2011,Percent,,,,55-64,,5.3
2011,Percent,Akmola,,,16-24,KZAKM,4.8
2011,Percent,Akmola,,,25-28,KZAKM,6.0
2011,Percent,Akmola,,,29-34,KZAKM,5.2
2011,Percent,Akmola,,,35-44,KZAKM,5.8
2011,Percent,Akmola,,,45-54,KZAKM,5.5
2011,Percent,Akmola,,,55-64,KZAKM,6.0
2011,Percent,Aktobe,,,16-24,KZAKT,2.1
2011,Percent,Aktobe,,,25-28,KZAKT,7.5
2011,Percent,Aktobe,,,29-34,KZAKT,6.7
2011,Percent,Aktobe,,,35-44,KZAKT,5.4
2011,Percent,Aktobe,,,45-54,KZAKT,3.2
2011,Percent,Aktobe,,,55-64,KZAKT,3.4
2011,Percent,Almaty,,,16-24,KZALM,2.1
2011,Percent,Almaty,,,25-28,KZALM,6.2
2011,Percent,Almaty,,,29-34,KZALM,8.0
2011,Percent,Almaty,,,35-44,KZALM,3.4
2011,Percent,Almaty,,,45-54,KZALM,4.0
2011,Percent,Almaty,,,55-64,KZALM,10.2
2011,Percent,Atyrau,,,16-24,KZATY,0.8
2011,Percent,Atyrau,,,25-28,KZATY,9.2
2011,Percent,Atyrau,,,29-34,KZATY,8.1
2011,Percent,Atyrau,,,35-44,KZATY,3.1
2011,Percent,Atyrau,,,45-54,KZATY,4.2
2011,Percent,Atyrau,,,55-64,KZATY,7.8
2011,Percent,Batys Kazakhstan,,,16-24,KZZAP,5.5
2011,Percent,Batys Kazakhstan,,,25-28,KZZAP,4.4
2011,Percent,Batys Kazakhstan,,,29-34,KZZAP,6.4
2011,Percent,Batys Kazakhstan,,,35-44,KZZAP,5.9
2011,Percent,Batys Kazakhstan,,,45-54,KZZAP,5.2
2011,Percent,Batys Kazakhstan,,,55-64,KZZAP,2.7
2011,Percent,Zhambyl,,,16-24,KZZHA,5.6
2011,Percent,Zhambyl,,,25-28,KZZHA,7.8
2011,Percent,Zhambyl,,,29-34,KZZHA,6.6
2011,Percent,Zhambyl,,,35-44,KZZHA,5.1
2011,Percent,Zhambyl,,,45-54,KZZHA,3.7
2011,Percent,Zhambyl,,,55-64,KZZHA,5.4
2011,Percent,Karagandy,,,16-24,KZKAR,5.0
2011,Percent,Karagandy,,,25-28,KZKAR,7.7
2011,Percent,Karagandy,,,29-34,KZKAR,5.2
2011,Percent,Karagandy,,,35-44,KZKAR,4.4
2011,Percent,Karagandy,,,45-54,KZKAR,6.0
2011,Percent,Karagandy,,,55-64,KZKAR,3.6
2011,Percent,Kostanay,,,16-24,KZKUS,5.0
2011,Percent,Kostanay,,,25-28,KZKUS,11.0
2011,Percent,Kostanay,,,29-34,KZKUS,6.7
2011,Percent,Kostanay,,,35-44,KZKUS,4.7
2011,Percent,Kostanay,,,45-54,KZKUS,4.1
2011,Percent,Kostanay,,,55-64,KZKUS,3.5
2011,Percent,Kyzylorda,,,16-24,KZKZY,6.8
2011,Percent,Kyzylorda,,,25-28,KZKZY,6.4
2011,Percent,Kyzylorda,,,29-34,KZKZY,4.9
2011,Percent,Kyzylorda,,,35-44,KZKZY,5.2
2011,Percent,Kyzylorda,,,45-54,KZKZY,4.3
2011,Percent,Kyzylorda,,,55-64,KZKZY,7.3
2011,Percent,Mangistau,,,16-24,KZMAN,6.2
2011,Percent,Mangistau,,,25-28,KZMAN,9.2
2011,Percent,Mangistau,,,29-34,KZMAN,6.1
2011,Percent,Mangistau,,,35-44,KZMAN,4.0
2011,Percent,Mangistau,,,45-54,KZMAN,5.3
2011,Percent,Mangistau,,,55-64,KZMAN,7.4
2011,Percent,Ontustik Kazakhstan,,,16-24,KZONT,1.8
2011,Percent,Ontustik Kazakhstan,,,25-28,KZONT,9.3
2011,Percent,Ontustik Kazakhstan,,,29-34,KZONT,9.8
2011,Percent,Ontustik Kazakhstan,,,35-44,KZONT,4.7
2011,Percent,Ontustik Kazakhstan,,,45-54,KZONT,4.0
2011,Percent,Ontustik Kazakhstan,,,55-64,KZONT,3.6
2011,Percent,Pavlodar,,,16-24,KZPAV,4.6
2011,Percent,Pavlodar,,,25-28,KZPAV,9.0
2011,Percent,Pavlodar,,,29-34,KZPAV,4.5
2011,Percent,Pavlodar,,,35-44,KZPAV,4.0
2011,Percent,Pavlodar,,,45-54,KZPAV,5.3
2011,Percent,Pavlodar,,,55-64,KZPAV,5.5
2011,Percent,Soltustik Kazakhstan,,,16-24,KZSEV,5.8
2011,Percent,Soltustik Kazakhstan,,,25-28,KZSEV,9.0
2011,Percent,Soltustik Kazakhstan,,,29-34,KZSEV,6.4
2011,Percent,Soltustik Kazakhstan,,,35-44,KZSEV,4.0
2011,Percent,Soltustik Kazakhstan,,,45-54,KZSEV,5.1
2011,Percent,Soltustik Kazakhstan,,,55-64,KZSEV,4.9
2011,Percent,Shygys Kazakhstan,,,16-24,KZVOS,9.2
2011,Percent,Shygys Kazakhstan,,,25-28,KZVOS,5.0
2011,Percent,Shygys Kazakhstan,,,29-34,KZVOS,5.9
2011,Percent,Shygys Kazakhstan,,,35-44,KZVOS,4.1
2011,Percent,Shygys Kazakhstan,,,45-54,KZVOS,4.0
2011,Percent,Shygys Kazakhstan,,,55-64,KZVOS,4.4
2011,Percent,Astana city,,,16-24,KZNS,9.0
2011,Percent,Astana city,,,25-28,KZNS,8.2
2011,Percent,Astana city,,,29-34,KZNS,4.5
2011,Percent,Astana city,,,35-44,KZNS,6.2
2011,Percent,Astana city,,,45-54,KZNS,4.6
2011,Percent,Astana city,,,55-64,KZNS,3.3
2011,Percent,Almaty city,,,16-24,KZALA,6.6
2011,Percent,Almaty city,,,25-28,KZALA,7.3
2011,Percent,Almaty city,,,29-34,KZALA,5.6
2011,Percent,Almaty city,,,35-44,KZALA,5.4
2011,Percent,Almaty city,,,45-54,KZALA,4.9
2011,Percent,Almaty city,,,55-64,KZALA,4.1
2012,Percent,,,,,,5.3
2012,Percent,Akmola,,,,KZAKM,5.3
2012,Percent,Aktobe,,,,KZAKT,5.0
2012,Percent,Almaty,,,,KZALM,5.0
2012,Percent,Atyrau,,,,KZATY,5.0
2012,Percent,Batys Kazakhstan,,,,KZZAP,5.1
2012,Percent,Zhambyl,,,,KZZHA,5.4
2012,Percent,Karagandy,,,,KZKAR,5.1
2012,Percent,Kostanay,,,,KZKUS,5.2
2012,Percent,Kyzylorda,,,,KZKZY,5.3
2012,Percent,Mangistau,,,,KZMAN,5.7
2012,Percent,Ontustik Kazakhstan,,,,KZONT,5.6
2012,Percent,Pavlodar,,,,KZPAV,4.9
2012,Percent,Soltustik Kazakhstan,,,,KZSEV,5.2
2012,Percent,Shygys Kazakhstan,,,,KZVOS,5.1
2012,Percent,Astana city,,,,KZNS,5.7
2012,Percent,Almaty city,,,,KZALA,5.6
2012,Percent,,,Male,,,4.1
2012,Percent,Akmola,,Male,,KZAKM,4.0
2012,Percent,Aktobe,,Male,,KZAKT,2.9
2012,Percent,Almaty,,Male,,KZALM,3.6
2012,Percent,Atyrau,,Male,,KZATY,3.9
2012,Percent,Batys Kazakhstan,,Male,,KZZAP,5.2
2012,Percent,Zhambyl,,Male,,KZZHA,5.3
2012,Percent,Karagandy,,Male,,KZKAR,3.7
2012,Percent,Kostanay,,Male,,KZKUS,4.2
2012,Percent,Kyzylorda,,Male,,KZKZY,4.0
2012,Percent,Mangistau,,Male,,KZMAN,5.0
2012,Percent,Ontustik Kazakhstan,,Male,,KZONT,4.4
2012,Percent,Pavlodar,,Male,,KZPAV,4.1
2012,Percent,Soltustik Kazakhstan,,Male,,KZSEV,4.1
2012,Percent,Shygys Kazakhstan,,Male,,KZVOS,4.5
2012,Percent,Astana city,,Male,,KZNS,5.5
2012,Percent,Almaty city,,Male,,KZALA,3.0
2012,Percent,,,Female,,,6.5
2012,Percent,Akmola,,Female,,KZAKM,6.6
2012,Percent,Aktobe,,Female,,KZAKT,6.9
2012,Percent,Almaty,,Female,,KZALM,6.5
2012,Percent,Atyrau,,Female,,KZATY,6.1
2012,Percent,Batys Kazakhstan,,Female,,KZZAP,5.1
2012,Percent,Zhambyl,,Female,,KZZHA,5.6
2012,Percent,Karagandy,,Female,,KZKAR,6.6
2012,Percent,Kostanay,,Female,,KZKUS,6.3
2012,Percent,Kyzylorda,,Female,,KZKZY,6.8
2012,Percent,Mangistau,,Female,,KZMAN,6.5
2012,Percent,Ontustik Kazakhstan,,Female,,KZONT,7.0
2012,Percent,Pavlodar,,Female,,KZPAV,5.8
2012,Percent,Soltustik Kazakhstan,,Female,,KZSEV,6.3
2012,Percent,Shygys Kazakhstan,,Female,,KZVOS,5.7
2012,Percent,Astana city,,Female,,KZNS,5.9
2012,Percent,Almaty city,,Female,,KZALA,8.0
2012,Percent,,urban,,,,5.6
2012,Percent,Akmola,urban,,,KZAKM,4.8
2012,Percent,Aktobe,urban,,,KZAKT,5.4
2012,Percent,Almaty,urban,,,KZALM,4.4
2012,Percent,Atyrau,urban,,,KZATY,4.4
2012,Percent,Batys Kazakhstan,urban,,,KZZAP,5.0
2012,Percent,Zhambyl,urban,,,KZZHA,6.8
2012,Percent,Karagandy,urban,,,KZKAR,5.1
2012,Percent,Kostanay,urban,,,KZKUS,7.1
2012,Percent,Kyzylorda,urban,,,KZKZY,5.0
2012,Percent,Mangistau,urban,,,KZMAN,4.8
2012,Percent,Ontustik Kazakhstan,urban,,,KZONT,6.5
2012,Percent,Pavlodar,urban,,,KZPAV,5.5
2012,Percent,Soltustik Kazakhstan,urban,,,KZSEV,5.6
2012,Percent,Shygys Kazakhstan,urban,,,KZVOS,5.5
2012,Percent,Astana city,urban,,,KZNS,5.7
2012,Percent,Almaty city,urban,,,KZALA,5.6
2012,Percent,,rural,,,,5.0
2012,Percent,Akmola,rural,,,KZAKM,5.8
2012,Percent,Aktobe,rural,,,KZAKT,4.2
2012,Percent,Almaty,rural,,,KZALM,5.2
2012,Percent,Atyrau,rural,,,KZATY,5.5
2012,Percent,Batys Kazakhstan,rural,,,KZZAP,5.2
2012,Percent,Zhambyl,rural,,,KZZHA,4.6
2012,Percent,Karagandy,rural,,,KZKAR,5.3
2012,Percent,Kostanay,rural,,,KZKUS,3.5
2012,Percent,Kyzylorda,rural,,,KZKZY,5.6
2012,Percent,Mangistau,rural,,,KZMAN,6.7
2012,Percent,Ontustik Kazakhstan,rural,,,KZONT,5.1
2012,Percent,Pavlodar,rural,,,KZPAV,3.9
2012,Percent,Soltustik Kazakhstan,rural,,,KZSEV,5.0
2012,Percent,Shygys Kazakhstan,rural,,,KZVOS,4.5
2012,Percent,,,,16-24,,4.0
2012,Percent,,,,25-28,,7.0
2012,Percent,,,,29-34,,6.0
2012,Percent,,,,35-44,,5.1
2012,Percent,,,,45-54,,4.9
2012,Percent,,,,55-64,,5.1
2012,Percent,Akmola,,,16-24,KZAKM,3.7
2012,Percent,Akmola,,,25-28,KZAKM,7.0
2012,Percent,Akmola,,,29-34,KZAKM,7.4
2012,Percent,Akmola,,,35-44,KZAKM,4.8
2012,Percent,Akmola,,,45-54,KZAKM,4.3
2012,Percent,Akmola,,,55-64,KZAKM,6.0
2012,Percent,Aktobe,,,16-24,KZAKT,2.3
2012,Percent,Aktobe,,,25-28,KZAKT,6.8
2012,Percent,Aktobe,,,29-34,KZAKT,7.2
2012,Percent,Aktobe,,,35-44,KZAKT,4.0
2012,Percent,Aktobe,,,45-54,KZAKT,4.1
2012,Percent,Aktobe,,,55-64,KZAKT,3.8
2012,Percent,Almaty,,,16-24,KZALM,1.9
2012,Percent,Almaty,,,25-28,KZALM,6.0
2012,Percent,Almaty,,,29-34,KZALM,4.7
2012,Percent,Almaty,,,35-44,KZALM,6.3
2012,Percent,Almaty,,,45-54,KZALM,5.4
2012,Percent,Almaty,,,55-64,KZALM,6.5
2012,Percent,Atyrau,,,16-24,KZATY,1.0
2012,Percent,Atyrau,,,25-28,KZATY,6.8
2012,Percent,Atyrau,,,29-34,KZATY,5.9
2012,Percent,Atyrau,,,35-44,KZATY,3.5
2012,Percent,Atyrau,,,45-54,KZATY,5.8
2012,Percent,Atyrau,,,55-64,KZATY,10.3
2012,Percent,Batys Kazakhstan,,,16-24,KZZAP,5.0
2012,Percent,Batys Kazakhstan,,,25-28,KZZAP,9.2
2012,Percent,Batys Kazakhstan,,,29-34,KZZAP,6.7
2012,Percent,Batys Kazakhstan,,,35-44,KZZAP,4.5
2012,Percent,Batys Kazakhstan,,,45-54,KZZAP,3.9
2012,Percent,Batys Kazakhstan,,,55-64,KZZAP,4.8
2012,Percent,Zhambyl,,,16-24,KZZHA,5.6
2012,Percent,Zhambyl,,,25-28,KZZHA,10.9
2012,Percent,Zhambyl,,,29-34,KZZHA,2.8
2012,Percent,Zhambyl,,,35-44,KZZHA,3.7
2012,Percent,Zhambyl,,,45-54,KZZHA,3.8
2012,Percent,Zhambyl,,,55-64,KZZHA,9.6
2012,Percent,Karagandy,,,16-24,KZKAR,4.8
2012,Percent,Karagandy,,,25-28,KZKAR,5.4
2012,Percent,Karagandy,,,29-34,KZKAR,6.2
2012,Percent,Karagandy,,,35-44,KZKAR,5.6
2012,Percent,Karagandy,,,45-54,KZKAR,5.6
2012,Percent,Karagandy,,,55-64,KZKAR,2.1
2012,Percent,Kostanay,,,16-24,KZKUS,5.2
2012,Percent,Kostanay,,,25-28,KZKUS,7.3
2012,Percent,Kostanay,,,29-34,KZKUS,5.7
2012,Percent,Kostanay,,,35-44,KZKUS,6.8
2012,Percent,Kostanay,,,45-54,KZKUS,4.5
2012,Percent,Kostanay,,,55-64,KZKUS,2.5
2012,Percent,Kyzylorda,,,16-24,KZKZY,6.9
2012,Percent,Kyzylorda,,,25-28,KZKZY,5.9
2012,Percent,Kyzylorda,,,29-34,KZKZY,5.5
2012,Percent,Kyzylorda,,,35-44,KZKZY,4.9
2012,Percent,Kyzylorda,,,45-54,KZKZY,3.9
2012,Percent,Kyzylorda,,,55-64,KZKZY,7.2
2012,Percent,Mangistau,,,16-24,KZMAN,4.3
2012,Percent,Mangistau,,,25-28,KZMAN,4.8
2012,Percent,Mangistau,,,29-34,KZMAN,9.5
2012,Percent,Mangistau,,,35-44,KZMAN,4.5
2012,Percent,Mangistau,,,45-54,KZMAN,4.5
2012,Percent,Mangistau,,,55-64,KZMAN,4.4
2012,Percent,Ontustik Kazakhstan,,,16-24,KZONT,0.9
2012,Percent,Ontustik Kazakhstan,,,25-28,KZONT,9.3
2012,Percent,Ontustik Kazakhstan,,,29-34,KZONT,8.2
2012,Percent,Ontustik Kazakhstan,,,35-44,KZONT,4.8
2012,Percent,Ontustik Kazakhstan,,,45-54,KZONT,5.8
2012,Percent,Ontustik Kazakhstan,,,55-64,KZONT,3.6
2012,Percent,Pavlodar,,,16-24,KZPAV,4.1
2012,Percent,Pavlodar,,,25-28,KZPAV,6.2
2012,Percent,Pavlodar,,,29-34,KZPAV,2.9
2012,Percent,Pavlodar,,,35-44,KZPAV,4.6
2012,Percent,Pavlodar,,,45-54,KZPAV,5.4
2012,Percent,Pavlodar,,,55-64,KZPAV,7.6
2012,Percent,Soltustik Kazakhstan,,,16-24,KZSEV,4.3
2012,Percent,Soltustik Kazakhstan,,,25-28,KZSEV,8.9
2012,Percent,Soltustik Kazakhstan,,,29-34,KZSEV,3.9
2012,Percent,Soltustik Kazakhstan,,,35-44,KZSEV,5.9
2012,Percent,Soltustik Kazakhstan,,,45-54,KZSEV,5.0
2012,Percent,Soltustik Kazakhstan,,,55-64,KZSEV,4.8
2012,Percent,Shygys Kazakhstan,,,16-24,KZVOS,5.7
2012,Percent,Shygys Kazakhstan,,,25-28,KZVOS,6.3
2012,Percent,Shygys Kazakhstan,,,29-34,KZVOS,8.7
2012,Percent,Shygys Kazakhstan,,,35-44,KZVOS,4.5
2012,Percent,Shygys Kazakhstan,,,45-54,KZVOS,3.0
2012,Percent,Shygys Kazakhstan,,,55-64,KZVOS,2.5
2012,Percent,Astana city,,,16-24,KZNS,8.9
2012,Percent,Astana city,,,25-28,KZNS,5.2
2012,Percent,Astana city,,,29-34,KZNS,5.9
2012,Percent,Astana city,,,35-44,KZNS,4.3
2012,Percent,Astana city,,,45-54,KZNS,5.3
2012,Percent,Astana city,,,55-64,KZNS,4.7
2012,Percent,Almaty city,,,16-24,KZALA,6.0
2012,Percent,Almaty city,,,25-28,KZALA,4.9
2012,Percent,Almaty city,,,29-34,KZALA,3.7
2012,Percent,Almaty city,,,35-44,KZALA,6.8
2012,Percent,Almaty city,,,45-54,KZALA,6.7
2012,Percent,Almaty city,,,55-64,KZALA,5.6
2013,Percent,,,,,,5.2
2013,Percent,Akmola,,,,KZAKM,5.2
2013,Percent,Aktobe,,,,KZAKT,4.9
2013,Percent,Almaty,,,,KZALM,4.9
2013,Percent,Atyrau,,,,KZATY,5.0
2013,Percent,Batys Kazakhstan,,,,KZZAP,5.1
2013,Percent,Zhambyl,,,,KZZHA,5.2
2013,Percent,Karagandy,,,,KZKAR,5.0
2013,Percent,Kostanay,,,,KZKUS,5.2
2013,Percent,Kyzylorda,,,,KZKZY,5.2
2013,Percent,Mangistau,,,,KZMAN,5.5
2013,Percent,Ontustik Kazakhstan,,,,KZONT,5.5
2013,Percent,Pavlodar,,,,KZPAV,5.0
2013,Percent,Soltustik Kazakhstan,,,,KZSEV,5.1
2013,Percent,Shygys Kazakhstan,,,,KZVOS,5.1
2013,Percent,Astana city,,,,KZNS,5.5
2013,Percent,Almaty city,,,,KZALA,5.6
2013,Percent,,,Male,,,4.6
2013,Percent,Akmola,,Male,,KZAKM,4.7
2013,Percent,Aktobe,,Male,,KZAKT,3.3
2013,Percent,Almaty,,Male,,KZALM,5.9
2013,Percent,Atyrau,,Male,,KZATY,4.7
2013,Percent,Batys Kazakhstan,,Male,,KZZAP,4.2
2013,Percent,Zhambyl,,Male,,KZZHA,5.1
2013,Percent,Karagandy,,Male,,KZKAR,4.8
2013,Percent,Kostanay,,Male,,KZKUS,4.4
2013,Percent,Kyzylorda,,Male,,KZKZY,4.1
2013,Percent,Mangistau,,Male,,KZMAN,2.7
2013,Percent,Ontustik Kazakhstan,,Male,,KZONT,3.9
2013,Percent,Pavlodar,,Male,,KZPAV,4.2
2013,Percent,Soltustik Kazakhstan,,Male,,KZSEV,5.1
2013,Percent,Shygys Kazakhstan,,Male,,KZVOS,4.7
2013,Percent,Astana city,,Male,,KZNS,4.7
2013,Percent,Almaty city,,Male,,KZALA,4.7
2013,Percent,,,Female,,,5.9
2013,Percent,Akmola,,Female,,KZAKM,5.6
2013,Percent,Aktobe,,Female,,KZAKT,6.6
2013,Percent,Almaty,,Female,,KZALM,3.9
2013,Percent,Atyrau,,Female,,KZATY,5.3
2013,Percent,Batys Kazakhstan,,Female,,KZZAP,6.0
2013,Percent,Zhambyl,,Female,,KZZHA,5.3
2013,Percent,Karagandy,,Female,,KZKAR,5.2
2013,Percent,Kostanay,,Female,,KZKUS,5.9
2013,Percent,Kyzylorda,,Female,,KZKZY,6.4
2013,Percent,Mangistau,,Female,,KZMAN,8.8
2013,Percent,Ontustik Kazakhstan,,Female,,KZONT,7.4
2013,Percent,Pavlodar,,Female,,KZPAV,5.8
2013,Percent,Soltustik Kazakhstan,,Female,,KZSEV,5.1
2013,Percent,Shygys Kazakhstan,,Female,,KZVOS,5.4
2013,Percent,Astana city,,Female,,KZNS,6.3
2013,Percent,Almaty city,,Female,,KZALA,6.5
2013,Percent,,urban,,,,5.4
2013,Percent,Akmola,urban,,,KZAKM,4.8
2013,Percent,Aktobe,urban,,,KZAKT,5.4
2013,Percent,Almaty,urban,,,KZALM,4.7
2013,Percent,Atyrau,urban,,,KZATY,4.7
2013,Percent,Batys Kazakhstan,urban,,,KZZAP,4.9
2013,Percent,Zhambyl,urban,,,KZZHA,6.5
2013,Percent,Karagandy,urban,,,KZKAR,4.9
2013,Percent,Kostanay,urban,,,KZKUS,6.7
2013,Percent,Kyzylorda,urban,,,KZKZY,5.0
2013,Percent,Mangistau,urban,,,KZMAN,4.9
2013,Percent,Ontustik Kazakhstan,urban,,,KZONT,6.1
2013,Percent,Pavlodar,urban,,,KZPAV,5.4
2013,Percent,Soltustik Kazakhstan,urban,,,KZSEV,5.1
2013,Percent,Shygys Kazakhstan,urban,,,KZVOS,5.4
2013,Percent,Astana city,urban,,,KZNS,5.5
2013,Percent,Almaty city,urban,,,KZALA,5.6
2013,Percent,,rural,,,,4.9
2013,Percent,Akmola,rural,,,KZAKM,5.5
2013,Percent,Aktobe,rural,,,KZAKT,4.2
2013,Percent,Almaty,rural,,,KZALM,5.0
2013,Percent,Atyrau,rural,,,KZATY,5.3
2013,Percent,Batys Kazakhstan,rural,,,KZZAP,5.2
2013,Percent,Zhambyl,rural,,,KZZHA,4.4
2013,Percent,Karagandy,rural,,,KZKAR,5.2
2013,Percent,Kostanay,rural,,,KZKUS,3.7
2013,Percent,Kyzylorda,rural,,,KZKZY,5.3
2013,Percent,Mangistau,rural,,,KZMAN,6.3
2013,Percent,Ontustik Kazakhstan,rural,,,KZONT,5.2
2013,Percent,Pavlodar,rural,,,KZPAV,4.2
2013,Percent,Soltustik Kazakhstan,rural,,,KZSEV,5.0
2013,Percent,Shygys Kazakhstan,rural,,,KZVOS,4.6
2013,Percent,,,,16-24,,3.9
2013,Percent,,,,25-28,,7.1
2013,Percent,,,,29-34,,7.0
2013,Percent,,,,35-44,,4.8
2013,Percent,,,,45-54,,4.3
2013,Percent,,,,55-64,,4.2
2013,Percent,Akmola,,,16-24,KZAKM,3.8
2013,Percent,Akmola,,,25-28,KZAKM,6.6
2013,Percent,Akmola,,,29-34,KZAKM,3.5
2013,Percent,Akmola,,,35-44,KZAKM,5.9
2013,Percent,Akmola,,,45-54,KZAKM,4.6
2013,Percent,Akmola,,,55-64,KZAKM,6.9
2013,Percent,Aktobe,,,16-24,KZAKT,2.5
2013,Percent,Aktobe,,,25-28,KZAKT,3.8
2013,Percent,Aktobe,,,29-34,KZAKT,4.8
2013,Percent,Aktobe,,,35-44,KZAKT,6.2
2013,Percent,Aktobe,,,45-54,KZAKT,7.0
2013,Percent,Aktobe,,,55-64,KZAKT,0.4
2013,Percent,Almaty,,,16-24,KZALM,2.4
2013,Percent,Almaty,,,25-28,KZALM,11.6
2013,Percent,Almaty,,,29-34,KZALM,11.7
2013,Percent,Almaty,,,35-44,KZALM,2.2
2013,Percent,Almaty,,,45-54,KZALM,1.7
2013,Percent,Almaty,,,55-64,KZALM,0.1
2013,Percent,Atyrau,,,16-24,KZATY,1.0
2013,Percent,Atyrau,,,25-28,KZATY,6.8
2013,Percent,Atyrau,,,29-34,KZATY,6.8
2013,Percent,Atyrau,,,35-44,KZATY,4.1
2013,Percent,Atyrau,,,45-54,KZATY,6.4
2013,Percent,Atyrau,,,55-64,KZATY,5.6
2013,Percent,Batys Kazakhstan,,,16-24,KZZAP,4.5
2013,Percent,Batys Kazakhstan,,,25-28,KZZAP,5.5
2013,Percent,Batys Kazakhstan,,,29-34,KZZAP,6.5
2013,Percent,Batys Kazakhstan,,,35-44,KZZAP,5.6
2013,Percent,Batys Kazakhstan,,,45-54,KZZAP,4.7
2013,Percent,Batys Kazakhstan,,,55-64,KZZAP,3.7
2013,Percent,Zhambyl,,,16-24,KZZHA,5.2
2013,Percent,Zhambyl,,,25-28,KZZHA,9.4
2013,Percent,Zhambyl,,,29-34,KZZHA,3.2
2013,Percent,Zhambyl,,,35-44,KZZHA,3.7
2013,Percent,Zhambyl,,,45-54,KZZHA,3.4
2013,Percent,Zhambyl,,,55-64,KZZHA,9.3
2013,Percent,Karagandy,,,16-24,KZKAR,5.2
2013,Percent,Karagandy,,,25-28,KZKAR,3.6
2013,Percent,Karagandy,,,29-34,KZKAR,8.3
2013,Percent,Karagandy,,,35-44,KZKAR,5.1
2013,Percent,Karagandy,,,45-54,KZKAR,4.0
2013,Percent,Karagandy,,,55-64,KZKAR,3.1
2013,Percent,Kostanay,,,16-24,KZKUS,4.6
2013,Percent,Kostanay,,,25-28,KZKUS,2.8
2013,Percent,Kostanay,,,29-34,KZKUS,6.5
2013,Percent,Kostanay,,,35-44,KZKUS,5.8
2013,Percent,Kostanay,,,45-54,KZKUS,6.2
2013,Percent,Kostanay,,,55-64,KZKUS,3.3
2013,Percent,Kyzylorda,,,16-24,KZKZY,6.7
2013,Percent,Kyzylorda,,,25-28,KZKZY,6.8
2013,Percent,Kyzylorda,,,29-34,KZKZY,4.6
2013,Percent,Kyzylorda,,,35-44,KZKZY,4.6
2013,Percent,Kyzylorda,,,45-54,KZKZY,4.5
2013,Percent,Kyzylorda,,,55-64,KZKZY,3.9
2013,Percent,Mangistau,,,16-24,KZMAN,7.9
2013,Percent,Mangistau,,,25-28,KZMAN,7.1
2013,Percent,Mangistau,,,29-34,KZMAN,4.1
2013,Percent,Mangistau,,,35-44,KZMAN,3.4
2013,Percent,Mangistau,,,45-54,KZMAN,6.7
2013,Percent,Mangistau,,,55-64,KZMAN,7.1
2013,Percent,Ontustik Kazakhstan,,,16-24,KZONT,1.0
2013,Percent,Ontustik Kazakhstan,,,25-28,KZONT,5.4
2013,Percent,Ontustik Kazakhstan,,,29-34,KZONT,10.4
2013,Percent,Ontustik Kazakhstan,,,35-44,KZONT,4.6
2013,Percent,Ontustik Kazakhstan,,,45-54,KZONT,4.8
2013,Percent,Ontustik Kazakhstan,,,55-64,KZONT,5.1
2013,Percent,Pavlodar,,,16-24,KZPAV,3.6
2013,Percent,Pavlodar,,,25-28,KZPAV,7.6
2013,Percent,Pavlodar,,,29-34,KZPAV,4.7
2013,Percent,Pavlodar,,,35-44,KZPAV,4.4
2013,Percent,Pavlodar,,,45-54,KZPAV,4.9
2013,Percent,Pavlodar,,,55-64,KZPAV,5.5
2013,Percent,Soltustik Kazakhstan,,,16-24,KZSEV,3.7
2013,Percent,Soltustik Kazakhstan,,,25-28,KZSEV,12.1
2013,Percent,Soltustik Kazakhstan,,,29-34,KZSEV,5.6
2013,Percent,Soltustik Kazakhstan,,,35-44,KZSEV,5.9
2013,Percent,Soltustik Kazakhstan,,,45-54,KZSEV,3.4
2013,Percent,Soltustik Kazakhstan,,,55-64,KZSEV,3.1
2013,Percent,Shygys Kazakhstan,,,16-24,KZVOS,3.7
2013,Percent,Shygys Kazakhstan,,,25-28,KZVOS,8.3
2013,Percent,Shygys Kazakhstan,,,29-34,KZVOS,8.6
2013,Percent,Shygys Kazakhstan,,,35-44,KZVOS,4.7
2013,Percent,Shygys Kazakhstan,,,45-54,KZVOS,2.7
2013,Percent,Shygys Kazakhstan,,,55-64,KZVOS,2.5
2013,Percent,Astana city,,,16-24,KZNS,7.7
2013,Percent,Astana city,,,25-28,KZNS,2.9
2013,Percent,Astana city,,,29-34,KZNS,3.0
2013,Percent,Astana city,,,35-44,KZNS,8.2
2013,Percent,Astana city,,,45-54,KZNS,5.9
2013,Percent,Astana city,,,55-64,KZNS,6.4
2013,Percent,Almaty city,,,16-24,KZALA,5.9
2013,Percent,Almaty city,,,25-28,KZALA,10.0
2013,Percent,Almaty city,,,29-34,KZALA,4.9
2013,Percent,Almaty city,,,35-44,KZALA,5.4
2013,Percent,Almaty city,,,45-54,KZALA,3.6
2013,Percent,Almaty city,,,55-64,KZALA,4.1
2014,Percent,,,,,,5.0
2014,Percent,Akmola,,,,KZAKM,4.9
2014,Percent,Aktobe,,,,KZAKT,4.9
2014,Percent,Almaty,,,,KZALM,4.9
2014,Percent,Atyrau,,,,KZATY,5.0
2014,Percent,Batys Kazakhstan,,,,KZZAP,5.0
2014,Percent,Zhambyl,,,,KZZHA,4.9
2014,Percent,Karagandy,,,,KZKAR,4.9
2014,Percent,Kostanay,,,,KZKUS,5.0
2014,Percent,Kyzylorda,,,,KZKZY,5.0
2014,Percent,Mangistau,,,,KZMAN,5.0
2014,Percent,Ontustik Kazakhstan,,,,KZONT,5.4
2014,Percent,Pavlodar,,,,KZPAV,4.8
2014,Percent,Soltustik Kazakhstan,,,,KZSEV,5.0
2014,Percent,Shygys Kazakhstan,,,,KZVOS,4.8
2014,Percent,Astana city,,,,KZNS,5.1
2014,Percent,Almaty city,,,,KZALA,5.5
2014,Percent,,,Male,,,4.3
2014,Percent,Akmola,,Male,,KZAKM,4.6
2014,Percent,Aktobe,,Male,,KZAKT,3.8
2014,Percent,Almaty,,Male,,KZALM,4.0
2014,Percent,Atyrau,,Male,,KZATY,5.2
2014,Percent,Batys Kazakhstan,,Male,,KZZAP,4.5
2014,Percent,Zhambyl,,Male,,KZZHA,4.0
2014,Percent,Karagandy,,Male,,KZKAR,3.6
2014,Percent,Kostanay,,Male,,KZKUS,5.1
2014,Percent,Kyzylorda,,Male,,KZKZY,4.5
2014,Percent,Mangistau,,Male,,KZMAN,3.9
2014,Percent,Ontustik Kazakhstan,,Male,,KZONT,4.5
2014,Percent,Pavlodar,,Male,,KZPAV,4.5
2014,Percent,Soltustik Kazakhstan,,Male,,KZSEV,4.9
2014,Percent,Shygys Kazakhstan,,Male,,KZVOS,3.3
2014,Percent,Astana city,,Male,,KZNS,5.0
2014,Percent,Almaty city,,Male,,KZALA,4.5
2014,Percent,,,Female,,,5.8
2014,Percent,Akmola,,Female,,KZAKM,5.3
2014,Percent,Aktobe,,Female,,KZAKT,6.0
2014,Percent,Almaty,,Female,,KZALM,5.9
2014,Percent,Atyrau,,Female,,KZATY,4.9
2014,Percent,Batys Kazakhstan,,Female,,KZZAP,5.6
2014,Percent,Zhambyl,,Female,,KZZHA,5.9
2014,Percent,Karagandy,,Female,,KZKAR,6.2
2014,Percent,Kostanay,,Female,,KZKUS,5.0
2014,Percent,Kyzylorda,,Female,,KZKZY,5.7
2014,Percent,Mangistau,,Female,,KZMAN,6.3
2014,Percent,Ontustik Kazakhstan,,Female,,KZONT,6.4
2014,Percent,Pavlodar,,Female,,KZPAV,5.0
2014,Percent,Soltustik Kazakhstan,,Female,,KZSEV,5.1
2014,Percent,Shygys Kazakhstan,,Female,,KZVOS,6.3
2014,Percent,Astana city,,Female,,KZNS,5.1
2014,Percent,Almaty city,,Female,,KZALA,6.5
2014,Percent,,urban,,,,5.2
2014,Percent,Akmola,urban,,,KZAKM,4.6
2014,Percent,Aktobe,urban,,,KZAKT,5.1
2014,Percent,Almaty,urban,,,KZALM,5.0
2014,Percent,Atyrau,urban,,,KZATY,4.4
2014,Percent,Batys Kazakhstan,urban,,,KZZAP,4.9
2014,Percent,Zhambyl,urban,,,KZZHA,6.0
2014,Percent,Karagandy,urban,,,KZKAR,5.1
2014,Percent,Kostanay,urban,,,KZKUS,6.0
2014,Percent,Kyzylorda,urban,,,KZKZY,4.7
2014,Percent,Mangistau,urban,,,KZMAN,4.5
2014,Percent,Ontustik Kazakhstan,urban,,,KZONT,5.7
2014,Percent,Pavlodar,urban,,,KZPAV,5.0
2014,Percent,Soltustik Kazakhstan,urban,,,KZSEV,4.7
2014,Percent,Shygys Kazakhstan,urban,,,KZVOS,4.8
2014,Percent,Astana city,urban,,,KZNS,5.1
2014,Percent,Almaty city,urban,,,KZALA,5.5
2014,Percent,,rural,,,,4.9
2014,Percent,Akmola,rural,,,KZAKM,5.3
2014,Percent,Aktobe,rural,,,KZAKT,4.5
2014,Percent,Almaty,rural,,,KZALM,4.8
2014,Percent,Atyrau,rural,,,KZATY,5.6
2014,Percent,Batys Kazakhstan,rural,,,KZZAP,5.1
2014,Percent,Zhambyl,rural,,,KZZHA,4.1
2014,Percent,Karagandy,rural,,,KZKAR,4.1
2014,Percent,Kostanay,rural,,,KZKUS,4.0
2014,Percent,Kyzylorda,rural,,,KZKZY,5.2
2014,Percent,Mangistau,rural,,,KZMAN,5.6
2014,Percent,Ontustik Kazakhstan,rural,,,KZONT,5.3
2014,Percent,Pavlodar,rural,,,KZPAV,4.2
2014,Percent,Soltustik Kazakhstan,rural,,,KZSEV,5.2
2014,Percent,Shygys Kazakhstan,rural,,,KZVOS,4.7
2014,Percent,,,,16-24,,3.8
2014,Percent,,,,25-28,,4.7
2014,Percent,,,,29-34,,7.4
2014,Percent,,,,35-44,,4.6
2014,Percent,,,,45-54,,4.6
2014,Percent,,,,55-64,,5.1
2014,Percent,Akmola,,,16-24,KZAKM,3.8
2014,Percent,Akmola,,,25-28,KZAKM,2.2
2014,Percent,Akmola,,,29-34,KZAKM,5.9
2014,Percent,Akmola,,,35-44,KZAKM,4.9
2014,Percent,Akmola,,,45-54,KZAKM,6.2
2014,Percent,Akmola,,,55-64,KZAKM,5.5
2014,Percent,Aktobe,,,16-24,KZAKT,3.0
2014,Percent,Aktobe,,,25-28,KZAKT,3.3
2014,Percent,Aktobe,,,29-34,KZAKT,6.1
2014,Percent,Aktobe,,,35-44,KZAKT,6.1
2014,Percent,Aktobe,,,45-54,KZAKT,5.3
2014,Percent,Aktobe,,,55-64,KZAKT,1.8
2014,Percent,Almaty,,,16-24,KZALM,3.0
2014,Percent,Almaty,,,25-28,KZALM,3.5
2014,Percent,Almaty,,,29-34,KZALM,9.4
2014,Percent,Almaty,,,35-44,KZALM,4.6
2014,Percent,Almaty,,,45-54,KZALM,4.2
2014,Percent,Almaty,,,55-64,KZALM,8.0
2014,Percent,Atyrau,,,16-24,KZATY,1.3
2014,Percent,Atyrau,,,25-28,KZATY,4.9
2014,Percent,Atyrau,,,29-34,KZATY,6.2
2014,Percent,Atyrau,,,35-44,KZATY,5.6
2014,Percent,Atyrau,,,45-54,KZATY,5.5
2014,Percent,Atyrau,,,55-64,KZATY,5.8
2014,Percent,Batys Kazakhstan,,,16-24,KZZAP,4.1
2014,Percent,Batys Kazakhstan,,,25-28,KZZAP,4.7
2014,Percent,Batys Kazakhstan,,,29-34,KZZAP,7.4
2014,Percent,Batys Kazakhstan,,,35-44,KZZAP,4.4
2014,Percent,Batys Kazakhstan,,,45-54,KZZAP,5.5
2014,Percent,Batys Kazakhstan,,,55-64,KZZAP,4.6
2014,Percent,Zhambyl,,,16-24,KZZHA,4.8
2014,Percent,Zhambyl,,,25-28,KZZHA,5.7
2014,Percent,Zhambyl,,,29-34,KZZHA,5.9
2014,Percent,Zhambyl,,,35-44,KZZHA,3.4
2014,Percent,Zhambyl,,,45-54,KZZHA,4.6
2014,Percent,Zhambyl,,,55-64,KZZHA,7.2
2014,Percent,Karagandy,,,16-24,KZKAR,5.1
2014,Percent,Karagandy,,,25-28,KZKAR,3.6
2014,Percent,Karagandy,,,29-34,KZKAR,6.9
2014,Percent,Karagandy,,,35-44,KZKAR,4.8
2014,Percent,Karagandy,,,45-54,KZKAR,4.8
2014,Percent,Karagandy,,,55-64,KZKAR,3.3
2014,Percent,Kostanay,,,16-24,KZKUS,3.8
2014,Percent,Kostanay,,,25-28,KZKUS,3.5
2014,Percent,Kostanay,,,29-34,KZKUS,10.0
2014,Percent,Kostanay,,,35-44,KZKUS,5.2
2014,Percent,Kostanay,,,45-54,KZKUS,3.6
2014,Percent,Kostanay,,,55-64,KZKUS,2.5
2014,Percent,Kyzylorda,,,16-24,KZKZY,5.8
2014,Percent,Kyzylorda,,,25-28,KZKZY,3.9
2014,Percent,Kyzylorda,,,29-34,KZKZY,7.3
2014,Percent,Kyzylorda,,,35-44,KZKZY,5.0
2014,Percent,Kyzylorda,,,45-54,KZKZY,3.6
2014,Percent,Kyzylorda,,,55-64,KZKZY,2.6
2014,Percent,Mangistau,,,16-24,KZMAN,6.4
2014,Percent,Mangistau,,,25-28,KZMAN,4.9
2014,Percent,Mangistau,,,29-34,KZMAN,9.4
2014,Percent,Mangistau,,,35-44,KZMAN,2.5
2014,Percent,Mangistau,,,45-54,KZMAN,2.3
2014,Percent,Mangistau,,,55-64,KZMAN,5.1
2014,Percent,Ontustik Kazakhstan,,,16-24,KZONT,1.5
2014,Percent,Ontustik Kazakhstan,,,25-28,KZONT,4.1
2014,Percent,Ontustik Kazakhstan,,,29-34,KZONT,9.8
2014,Percent,Ontustik Kazakhstan,,,35-44,KZONT,4.9
2014,Percent,Ontustik Kazakhstan,,,45-54,KZONT,5.9
2014,Percent,Ontustik Kazakhstan,,,55-64,KZONT,4.7
2014,Percent,Pavlodar,,,16-24,KZPAV,2.3
2014,Percent,Pavlodar,,,25-28,KZPAV,3.0
2014,Percent,Pavlodar,,,29-34,KZPAV,6.7
2014,Percent,Pavlodar,,,35-44,KZPAV,4.4
2014,Percent,Pavlodar,,,45-54,KZPAV,5.5
2014,Percent,Pavlodar,,,55-64,KZPAV,5.2
2014,Percent,Soltustik Kazakhstan,,,16-24,KZSEV,5.0
2014,Percent,Soltustik Kazakhstan,,,25-28,KZSEV,2.7
2014,Percent,Soltustik Kazakhstan,,,29-34,KZSEV,8.8
2014,Percent,Soltustik Kazakhstan,,,35-44,KZSEV,5.7
2014,Percent,Soltustik Kazakhstan,,,45-54,KZSEV,4.0
2014,Percent,Soltustik Kazakhstan,,,55-64,KZSEV,3.3
2014,Percent,Shygys Kazakhstan,,,16-24,KZVOS,3.9
2014,Percent,Shygys Kazakhstan,,,25-28,KZVOS,4.8
2014,Percent,Shygys Kazakhstan,,,29-34,KZVOS,7.9
2014,Percent,Shygys Kazakhstan,,,35-44,KZVOS,4.2
2014,Percent,Shygys Kazakhstan,,,45-54,KZVOS,3.4
2014,Percent,Shygys Kazakhstan,,,55-64,KZVOS,4.2
2014,Percent,Astana city,,,16-24,KZNS,8.0
2014,Percent,Astana city,,,25-28,KZNS,5.3
2014,Percent,Astana city,,,29-34,KZNS,4.4
2014,Percent,Astana city,,,35-44,KZNS,5.0
2014,Percent,Astana city,,,45-54,KZNS,4.3
2014,Percent,Astana city,,,55-64,KZNS,3.6
2014,Percent,Almaty city,,,16-24,KZALA,5.6
2014,Percent,Almaty city,,,25-28,KZALA,12.7
2014,Percent,Almaty city,,,29-34,KZALA,4.5
2014,Percent,Almaty city,,,35-44,KZALA,3.4
2014,Percent,Almaty city,,,45-54,KZALA,4.0
2014,Percent,Almaty city,,,55-64,KZALA,9.1
2015,Percent,,,,,,5.1
2015,Percent,Akmola,,,,KZAKM,5.1
2015,Percent,Aktobe,,,,KZAKT,5.1
2015,Percent,Almaty,,,,KZALM,5.0
2015,Percent,Atyrau,,,,KZATY,5.0
2015,Percent,Batys Kazakhstan,,,,KZZAP,5.1
2015,Percent,Zhambyl,,,,KZZHA,5.1
2015,Percent,Karagandy,,,,KZKAR,5.3
2015,Percent,Kostanay,,,,KZKUS,5.1
2015,Percent,Kyzylorda,,,,KZKZY,5.1
2015,Percent,Mangistau,,,,KZMAN,5.1
2015,Percent,Ontustik Kazakhstan,,,,KZONT,5.3
2015,Percent,Pavlodar,,,,KZPAV,4.9
2015,Percent,Soltustik Kazakhstan,,,,KZSEV,5.1
2015,Percent,Shygys Kazakhstan,,,,KZVOS,5.0
2015,Percent,Astana city,,,,KZNS,4.7
2015,Percent,Almaty city,,,,KZALA,5.3
2015,Percent,,,Male,,,4.4
2015,Percent,Akmola,,Male,,KZAKM,5.0
2015,Percent,Aktobe,,Male,,KZAKT,4.3
2015,Percent,Almaty,,Male,,KZALM,4.0
2015,Percent,Atyrau,,Male,,KZATY,5.4
2015,Percent,Batys Kazakhstan,,Male,,KZZAP,4.3
2015,Percent,Zhambyl,,Male,,KZZHA,4.1
2015,Percent,Karagandy,,Male,,KZKAR,3.8
2015,Percent,Kostanay,,Male,,KZKUS,4.5
2015,Percent,Kyzylorda,,Male,,KZKZY,4.7
2015,Percent,Mangistau,,Male,,KZMAN,2.6
2015,Percent,Ontustik Kazakhstan,,Male,,KZONT,4.7
2015,Percent,Pavlodar,,Male,,KZPAV,4.7
2015,Percent,Soltustik Kazakhstan,,Male,,KZSEV,4.4
2015,Percent,Shygys Kazakhstan,,Male,,KZVOS,4.3
2015,Percent,Astana city,,Male,,KZNS,4.1
2015,Percent,Almaty city,,Male,,KZALA,4.8
2015,Percent,,,Female,,,5.9
2015,Percent,Akmola,,Female,,KZAKM,5.1
2015,Percent,Aktobe,,Female,,KZAKT,6.0
2015,Percent,Almaty,,Female,,KZALM,6.1
2015,Percent,Atyrau,,Female,,KZATY,4.7
2015,Percent,Batys Kazakhstan,,Female,,KZZAP,6.0
2015,Percent,Zhambyl,,Female,,KZZHA,6.1
2015,Percent,Karagandy,,Female,,KZKAR,6.9
2015,Percent,Kostanay,,Female,,KZKUS,5.7
2015,Percent,Kyzylorda,,Female,,KZKZY,5.6
2015,Percent,Mangistau,,Female,,KZMAN,7.9
2015,Percent,Ontustik Kazakhstan,,Female,,KZONT,6.1
2015,Percent,Pavlodar,,Female,,KZPAV,5.1
2015,Percent,Soltustik Kazakhstan,,Female,,KZSEV,5.8
2015,Percent,Shygys Kazakhstan,,Female,,KZVOS,5.8
2015,Percent,Astana city,,Female,,KZNS,5.3
2015,Percent,Almaty city,,Female,,KZALA,5.6
2015,Percent,,urban,,,,5.0
2015,Percent,Akmola,urban,,,KZAKM,4.5
2015,Percent,Aktobe,urban,,,KZAKT,4.9
2015,Percent,Almaty,urban,,,KZALM,5.0
2015,Percent,Atyrau,urban,,,KZATY,4.1
2015,Percent,Batys Kazakhstan,urban,,,KZZAP,4.8
2015,Percent,Zhambyl,urban,,,KZZHA,5.7
2015,Percent,Karagandy,urban,,,KZKAR,5.1
2015,Percent,Kostanay,urban,,,KZKUS,5.6
2015,Percent,Kyzylorda,urban,,,KZKZY,4.8
2015,Percent,Mangistau,urban,,,KZMAN,4.5
2015,Percent,Ontustik Kazakhstan,urban,,,KZONT,5.2
2015,Percent,Pavlodar,urban,,,KZPAV,5.0
2015,Percent,Soltustik Kazakhstan,urban,,,KZSEV,4.5
2015,Percent,Shygys Kazakhstan,urban,,,KZVOS,5.1
2015,Percent,Astana city,urban,,,KZNS,4.7
2015,Percent,Almaty city,urban,,,KZALA,5.3
2015,Percent,,rural,,,,4.9
2015,Percent,Akmola,rural,,,KZAKM,5.2
2015,Percent,Aktobe,rural,,,KZAKT,4.9
2015,Percent,Almaty,rural,,,KZALM,4.7
2015,Percent,Atyrau,rural,,,KZATY,6.0
2015,Percent,Batys Kazakhstan,rural,,,KZZAP,5.0
2015,Percent,Zhambyl,rural,,,KZZHA,4.5
2015,Percent,Karagandy,rural,,,KZKAR,4.2
2015,Percent,Kostanay,rural,,,KZKUS,4.2
2015,Percent,Kyzylorda,rural,,,KZKZY,5.1
2015,Percent,Mangistau,rural,,,KZMAN,5.8
2015,Percent,Ontustik Kazakhstan,rural,,,KZONT,5.3
2015,Percent,Pavlodar,rural,,,KZPAV,4.2
2015,Percent,Soltustik Kazakhstan,rural,,,KZSEV,5.2
2015,Percent,Shygys Kazakhstan,rural,,,KZVOS,4.6
2015,Percent,,,,16-24,,4.2
2015,Percent,,,,25-28,,4.6
2015,Percent,,,,29-34,,7.6
2015,Percent,,,,35-44,,4.5
2015,Percent,,,,45-54,,4.6
2015,Percent,,,,55-64,,5.4
2015,Percent,Akmola,,,16-24,KZAKM,3.6
2015,Percent,Akmola,,,25-28,KZAKM,2.7
2015,Percent,Akmola,,,29-34,KZAKM,6.0
2015,Percent,Akmola,,,35-44,KZAKM,5.3
2015,Percent,Akmola,,,45-54,KZAKM,5.8
2015,Percent,Akmola,,,55-64,KZAKM,5.8
2015,Percent,Aktobe,,,16-24,KZAKT,3.5
2015,Percent,Aktobe,,,25-28,KZAKT,3.0
2015,Percent,Aktobe,,,29-34,KZAKT,7.8
2015,Percent,Aktobe,,,35-44,KZAKT,5.1
2015,Percent,Aktobe,,,45-54,KZAKT,4.2
2015,Percent,Aktobe,,,55-64,KZAKT,5.9
2015,Percent,Almaty,,,16-24,KZALM,2.7
2015,Percent,Almaty,,,25-28,KZALM,2.4
2015,Percent,Almaty,,,29-34,KZALM,7.7
2015,Percent,Almaty,,,35-44,KZALM,5.2
2015,Percent,Almaty,,,45-54,KZALM,5.0
2015,Percent,Almaty,,,55-64,KZALM,9.3
2015,Percent,Atyrau,,,16-24,KZATY,1.4
2015,Percent,Atyrau,,,25-28,KZATY,3.9
2015,Percent,Atyrau,,,29-34,KZATY,5.8
2015,Percent,Atyrau,,,35-44,KZATY,4.4
2015,Percent,Atyrau,,,45-54,KZATY,5.1
2015,Percent,Atyrau,,,55-64,KZATY,11.9
2015,Percent,Batys Kazakhstan,,,16-24,KZZAP,4.3
2015,Percent,Batys Kazakhstan,,,25-28,KZZAP,4.1
2015,Percent,Batys Kazakhstan,,,29-34,KZZAP,5.6
2015,Percent,Batys Kazakhstan,,,35-44,KZZAP,5.5
2015,Percent,Batys Kazakhstan,,,45-54,KZZAP,5.1
2015,Percent,Batys Kazakhstan,,,55-64,KZZAP,5.7
2015,Percent,Zhambyl,,,16-24,KZZHA,5.5
2015,Percent,Zhambyl,,,25-28,KZZHA,4.5
2015,Percent,Zhambyl,,,29-34,KZZHA,6.7
2015,Percent,Zhambyl,,,35-44,KZZHA,4.4
2015,Percent,Zhambyl,,,45-54,KZZHA,5.4
2015,Percent,Zhambyl,,,55-64,KZZHA,3.5
2015,Percent,Karagandy,,,16-24,KZKAR,6.4
2015,Percent,Karagandy,,,25-28,KZKAR,4.4
2015,Percent,Karagandy,,,29-34,KZKAR,7.0
2015,Percent,Karagandy,,,35-44,KZKAR,4.4
2015,Percent,Karagandy,,,45-54,KZKAR,5.7
2015,Percent,Karagandy,,,55-64,KZKAR,3.9
2015,Percent,Kostanay,,,16-24,KZKUS,3.3
2015,Percent,Kostanay,,,25-28,KZKUS,3.4
2015,Percent,Kostanay,,,29-34,KZKUS,9.3
2015,Percent,Kostanay,,,35-44,KZKUS,5.3
2015,Percent,Kostanay,,,45-54,KZKUS,4.2
2015,Percent,Kostanay,,,55-64,KZKUS,3.8
2015,Percent,Kyzylorda,,,16-24,KZKZY,5.6
2015,Percent,Kyzylorda,,,25-28,KZKZY,3.2
2015,Percent,Kyzylorda,,,29-34,KZKZY,8.5
2015,Percent,Kyzylorda,,,35-44,KZKZY,4.9
2015,Percent,Kyzylorda,,,45-54,KZKZY,3.4
2015,Percent,Kyzylorda,,,55-64,KZKZY,3.4
2015,Percent,Mangistau,,,16-24,KZMAN,5.4
2015,Percent,Mangistau,,,25-28,KZMAN,3.1
2015,Percent,Mangistau,,,29-34,KZMAN,6.7
2015,Percent,Mangistau,,,35-44,KZMAN,5.2
2015,Percent,Mangistau,,,45-54,KZMAN,4.4
2015,Percent,Mangistau,,,55-64,KZMAN,5.4
2015,Percent,Ontustik Kazakhstan,,,16-24,KZONT,3.1
2015,Percent,Ontustik Kazakhstan,,,25-28,KZONT,5.2
2015,Percent,Ontustik Kazakhstan,,,29-34,KZONT,8.6
2015,Percent,Ontustik Kazakhstan,,,35-44,KZONT,4.8
2015,Percent,Ontustik Kazakhstan,,,45-54,KZONT,4.6
2015,Percent,Ontustik Kazakhstan,,,55-64,KZONT,4.7
2015,Percent,Pavlodar,,,16-24,KZPAV,2.9
2015,Percent,Pavlodar,,,25-28,KZPAV,3.7
2015,Percent,Pavlodar,,,29-34,KZPAV,5.8
2015,Percent,Pavlodar,,,35-44,KZPAV,5.3
2015,Percent,Pavlodar,,,45-54,KZPAV,4.9
2015,Percent,Pavlodar,,,55-64,KZPAV,6.0
2015,Percent,Soltustik Kazakhstan,,,16-24,KZSEV,4.2
2015,Percent,Soltustik Kazakhstan,,,25-28,KZSEV,2.0
2015,Percent,Soltustik Kazakhstan,,,29-34,KZSEV,10.2
2015,Percent,Soltustik Kazakhstan,,,35-44,KZSEV,5.1
2015,Percent,Soltustik Kazakhstan,,,45-54,KZSEV,4.8
2015,Percent,Soltustik Kazakhstan,,,55-64,KZSEV,3.3
2015,Percent,Shygys Kazakhstan,,,16-24,KZVOS,4.1
2015,Percent,Shygys Kazakhstan,,,25-28,KZVOS,4.6
2015,Percent,Shygys Kazakhstan,,,29-34,KZVOS,8.0
2015,Percent,Shygys Kazakhstan,,,35-44,KZVOS,3.4
2015,Percent,Shygys Kazakhstan,,,45-54,KZVOS,4.5
2015,Percent,Shygys Kazakhstan,,,55-64,KZVOS,5.6
2015,Percent,Astana city,,,16-24,KZNS,7.2
2015,Percent,Astana city,,,25-28,KZNS,4.9
2015,Percent,Astana city,,,29-34,KZNS,6.0
2015,Percent,Astana city,,,35-44,KZNS,3.1
2015,Percent,Astana city,,,45-54,KZNS,3.4
2015,Percent,Astana city,,,55-64,KZNS,4.2
2015,Percent,Almaty city,,,16-24,KZALA,5.3
2015,Percent,Almaty city,,,25-28,KZALA,15.0
2015,Percent,Almaty city,,,29-34,KZALA,9.0
2015,Percent,Almaty city,,,35-44,KZALA,3.0
2015,Percent,Almaty city,,,45-54,KZALA,3.0
2015,Percent,Almaty city,,,55-64,KZALA,3.1
2016,Percent,,,,,,5.0
2016,Percent,Akmola,,,,KZAKM,4.9
2016,Percent,Aktobe,,,,KZAKT,4.8
2016,Percent,Almaty,,,,KZALM,4.8
2016,Percent,Atyrau,,,,KZATY,4.9
2016,Percent,Batys Kazakhstan,,,,KZZAP,4.9
2016,Percent,Zhambyl,,,,KZZHA,4.9
2016,Percent,Karagandy,,,,KZKAR,5.0
2016,Percent,Kostanay,,,,KZKUS,4.9
2016,Percent,Kyzylorda,,,,KZKZY,4.9
2016,Percent,Mangistau,,,,KZMAN,5.0
2016,Percent,Ontustik Kazakhstan,,,,KZONT,5.2
2016,Percent,Pavlodar,,,,KZPAV,4.8
2016,Percent,Soltustik Kazakhstan,,,,KZSEV,5.0
2016,Percent,Shygys Kazakhstan,,,,KZVOS,4.9
2016,Percent,Astana city,,,,KZNS,4.6
2016,Percent,Almaty city,,,,KZALA,5.3
2016,Percent,,,Male,,,4.4
2016,Percent,Akmola,,Male,,KZAKM,5.2
2016,Percent,Aktobe,,Male,,KZAKT,4.8
2016,Percent,Almaty,,Male,,KZALM,3.8
2016,Percent,Atyrau,,Male,,KZATY,4.8
2016,Percent,Batys Kazakhstan,,Male,,KZZAP,4.6
2016,Percent,Zhambyl,,Male,,KZZHA,4.0
2016,Percent,Karagandy,,Male,,KZKAR,4.2
2016,Percent,Kostanay,,Male,,KZKUS,4.8
2016,Percent,Kyzylorda,,Male,,KZKZY,4.4
2016,Percent,Mangistau,,Male,,KZMAN,2.7
2016,Percent,Ontustik Kazakhstan,,Male,,KZONT,4.4
2016,Percent,Pavlodar,,Male,,KZPAV,4.6
2016,Percent,Soltustik Kazakhstan,,Male,,KZSEV,5.0
2016,Percent,Shygys Kazakhstan,,Male,,KZVOS,4.2
2016,Percent,Astana city,,Male,,KZNS,4.4
2016,Percent,Almaty city,,Male,,KZALA,4.9
2016,Percent,,,Female,,,5.5
2016,Percent,Akmola,,Female,,KZAKM,4.6
2016,Percent,Aktobe,,Female,,KZAKT,4.9
2016,Percent,Almaty,,Female,,KZALM,5.8
2016,Percent,Atyrau,,Female,,KZATY,5.1
2016,Percent,Batys Kazakhstan,,Female,,KZZAP,5.2
2016,Percent,Zhambyl,,Female,,KZZHA,5.8
2016,Percent,Karagandy,,Female,,KZKAR,5.8
2016,Percent,Kostanay,,Female,,KZKUS,5.1
2016,Percent,Kyzylorda,,Female,,KZKZY,5.5
2016,Percent,Mangistau,,Female,,KZMAN,7.8
2016,Percent,Ontustik Kazakhstan,,Female,,KZONT,6.1
2016,Percent,Pavlodar,,Female,,KZPAV,5.0
2016,Percent,Soltustik Kazakhstan,,Female,,KZSEV,4.9
2016,Percent,Shygys Kazakhstan,,Female,,KZVOS,5.6
2016,Percent,Astana city,,Female,,KZNS,4.9
2016,Percent,Almaty city,,Female,,KZALA,5.7
2016,Percent,,urban,,,,5.1
2016,Percent,Akmola,urban,,,KZAKM,4.4
2016,Percent,Aktobe,urban,,,KZAKT,5.1
2016,Percent,Almaty,urban,,,KZALM,4.8
2016,Percent,Atyrau,urban,,,KZATY,5.9
2016,Percent,Batys Kazakhstan,urban,,,KZZAP,4.8
2016,Percent,Zhambyl,urban,,,KZZHA,5.5
2016,Percent,Karagandy,urban,,,KZKAR,5.1
2016,Percent,Kostanay,urban,,,KZKUS,5.6
2016,Percent,Kyzylorda,urban,,,KZKZY,4.6
2016,Percent,Mangistau,urban,,,KZMAN,4.9
2016,Percent,Ontustik Kazakhstan,urban,,,KZONT,5.3
2016,Percent,Pavlodar,urban,,,KZPAV,5.0
2016,Percent,Soltustik Kazakhstan,urban,,,KZSEV,4.7
2016,Percent,Shygys Kazakhstan,urban,,,KZVOS,5.0
2016,Percent,Astana city,urban,,,KZNS,4.6
2016,Percent,Almaty city,urban,,,KZALA,5.3
2016,Percent,,rural,,,,4.8
2016,Percent,Akmola,rural,,,KZAKM,5.4
2016,Percent,Aktobe,rural,,,KZAKT,4.3
2016,Percent,Almaty,rural,,,KZALM,4.8
2016,Percent,Atyrau,rural,,,KZATY,4.0
2016,Percent,Batys Kazakhstan,rural,,,KZZAP,4.9
2016,Percent,Zhambyl,rural,,,KZZHA,4.4
2016,Percent,Karagandy,rural,,,KZKAR,4.3
2016,Percent,Kostanay,rural,,,KZKUS,4.2
2016,Percent,Kyzylorda,rural,,,KZKZY,5.2
2016,Percent,Mangistau,rural,,,KZMAN,5.1
2016,Percent,Ontustik Kazakhstan,rural,,,KZONT,5.1
2016,Percent,Pavlodar,rural,,,KZPAV,4.4
2016,Percent,Soltustik Kazakhstan,rural,,,KZSEV,5.1
2016,Percent,Shygys Kazakhstan,rural,,,KZVOS,4.7
2016,Percent,,,,16-24,,3.8
2016,Percent,,,,25-28,,4.3
2016,Percent,,,,29-34,,7.0
2016,Percent,,,,35-44,,4.8
2016,Percent,,,,45-54,,4.6
2016,Percent,,,,55-64,,4.6
2016,Percent,Akmola,,,16-24,KZAKM,3.0
2016,Percent,Akmola,,,25-28,KZAKM,3.6
2016,Percent,Akmola,,,29-34,KZAKM,5.9
2016,Percent,Akmola,,,35-44,KZAKM,5.5
2016,Percent,Akmola,,,45-54,KZAKM,5.6
2016,Percent,Akmola,,,55-64,KZAKM,4.9
2016,Percent,Aktobe,,,16-24,KZAKT,2.8
2016,Percent,Aktobe,,,25-28,KZAKT,3.0
2016,Percent,Aktobe,,,29-34,KZAKT,5.9
2016,Percent,Aktobe,,,35-44,KZAKT,4.8
2016,Percent,Aktobe,,,45-54,KZAKT,6.4
2016,Percent,Aktobe,,,55-64,KZAKT,3.7
2016,Percent,Almaty,,,16-24,KZALM,3.3
2016,Percent,Almaty,,,25-28,KZALM,2.8
2016,Percent,Almaty,,,29-34,KZALM,7.2
2016,Percent,Almaty,,,35-44,KZALM,5.9
2016,Percent,Almaty,,,45-54,KZALM,3.9
2016,Percent,Almaty,,,55-64,KZALM,6.1
2016,Percent,Atyrau,,,16-24,KZATY,1.6
2016,Percent,Atyrau,,,25-28,KZATY,2.9
2016,Percent,Atyrau,,,29-34,KZATY,7.1
2016,Percent,Atyrau,,,35-44,KZATY,6.0
2016,Percent,Atyrau,,,45-54,KZATY,4.8
2016,Percent,Atyrau,,,55-64,KZATY,7.1
2016,Percent,Batys Kazakhstan,,,16-24,KZZAP,4.0
2016,Percent,Batys Kazakhstan,,,25-28,KZZAP,3.9
2016,Percent,Batys Kazakhstan,,,29-34,KZZAP,6.8
2016,Percent,Batys Kazakhstan,,,35-44,KZZAP,5.6
2016,Percent,Batys Kazakhstan,,,45-54,KZZAP,4.4
2016,Percent,Batys Kazakhstan,,,55-64,KZZAP,4.2
2016,Percent,Zhambyl,,,16-24,KZZHA,4.7
2016,Percent,Zhambyl,,,25-28,KZZHA,3.7
2016,Percent,Zhambyl,,,29-34,KZZHA,7.4
2016,Percent,Zhambyl,,,35-44,KZZHA,4.2
2016,Percent,Zhambyl,,,45-54,KZZHA,5.4
2016,Percent,Zhambyl,,,55-64,KZZHA,2.8
2016,Percent,Karagandy,,,16-24,KZKAR,6.0
2016,Percent,Karagandy,,,25-28,KZKAR,4.4
2016,Percent,Karagandy,,,29-34,KZKAR,5.0
2016,Percent,Karagandy,,,35-44,KZKAR,4.1
2016,Percent,Karagandy,,,45-54,KZKAR,6.2
2016,Percent,Karagandy,,,55-64,KZKAR,4.6
2016,Percent,Kostanay,,,16-24,KZKUS,3.3
2016,Percent,Kostanay,,,25-28,KZKUS,3.2
2016,Percent,Kostanay,,,29-34,KZKUS,10.8
2016,Percent,Kostanay,,,35-44,KZKUS,5.9
2016,Percent,Kostanay,,,45-54,KZKUS,3.5
2016,Percent,Kostanay,,,55-64,KZKUS,1.7
2016,Percent,Kyzylorda,,,16-24,KZKZY,5.5
2016,Percent,Kyzylorda,,,25-28,KZKZY,4.0
2016,Percent,Kyzylorda,,,29-34,KZKZY,8.3
2016,Percent,Kyzylorda,,,35-44,KZKZY,4.7
2016,Percent,Kyzylorda,,,45-54,KZKZY,3.4
2016,Percent,Kyzylorda,,,55-64,KZKZY,2.5
2016,Percent,Mangistau,,,16-24,KZMAN,5.2
2016,Percent,Mangistau,,,25-28,KZMAN,3.9
2016,Percent,Mangistau,,,29-34,KZMAN,7.1
2016,Percent,Mangistau,,,35-44,KZMAN,4.2
2016,Percent,Mangistau,,,45-54,KZMAN,4.9
2016,Percent,Mangistau,,,55-64,KZMAN,2.9
2016,Percent,Ontustik Kazakhstan,,,16-24,KZONT,1.9
2016,Percent,Ontustik Kazakhstan,,,25-28,KZONT,5.5
2016,Percent,Ontustik Kazakhstan,,,29-34,KZONT,7.6
2016,Percent,Ontustik Kazakhstan,,,35-44,KZONT,4.9
2016,Percent,Ontustik Kazakhstan,,,45-54,KZONT,4.5
2016,Percent,Ontustik Kazakhstan,,,55-64,KZONT,5.4
2016,Percent,Pavlodar,,,16-24,KZPAV,2.7
2016,Percent,Pavlodar,,,25-28,KZPAV,3.3
2016,Percent,Pavlodar,,,29-34,KZPAV,6.2
2016,Percent,Pavlodar,,,35-44,KZPAV,6.0
2016,Percent,Pavlodar,,,45-54,KZPAV,4.5
2016,Percent,Pavlodar,,,55-64,KZPAV,3.6
2016,Percent,Soltustik Kazakhstan,,,16-24,KZSEV,4.9
2016,Percent,Soltustik Kazakhstan,,,25-28,KZSEV,1.8
2016,Percent,Soltustik Kazakhstan,,,29-34,KZSEV,10.8
2016,Percent,Soltustik Kazakhstan,,,35-44,KZSEV,4.4
2016,Percent,Soltustik Kazakhstan,,,45-54,KZSEV,4.6
2016,Percent,Soltustik Kazakhstan,,,55-64,KZSEV,2.5
2016,Percent,Shygys Kazakhstan,,,16-24,KZVOS,2.3
2016,Percent,Shygys Kazakhstan,,,25-28,KZVOS,3.6
2016,Percent,Shygys Kazakhstan,,,29-34,KZVOS,9.1
2016,Percent,Shygys Kazakhstan,,,35-44,KZVOS,3.4
2016,Percent,Shygys Kazakhstan,,,45-54,KZVOS,3.5
2016,Percent,Shygys Kazakhstan,,,55-64,KZVOS,6.5
2016,Percent,Astana city,,,16-24,KZNS,5.7
2016,Percent,Astana city,,,25-28,KZNS,4.3
2016,Percent,Astana city,,,29-34,KZNS,3.6
2016,Percent,Astana city,,,35-44,KZNS,4.8
2016,Percent,Astana city,,,45-54,KZNS,5.0
2016,Percent,Astana city,,,55-64,KZNS,4.3
2016,Percent,Almaty city,,,16-24,KZALA,5.3
2016,Percent,Almaty city,,,25-28,KZALA,9.7
2016,Percent,Almaty city,,,29-34,KZALA,5.1
2016,Percent,Almaty city,,,35-44,KZALA,3.9
2016,Percent,Almaty city,,,45-54,KZALA,4.6
2016,Percent,Almaty city,,,55-64,KZALA,6.7
2017,Percent,,,,,,4.9
2017,Percent,Akmola,,,,KZAKM,4.8
2017,Percent,Aktobe,,,,KZAKT,4.8
2017,Percent,Almaty,,,,KZALM,4.7
2017,Percent,Atyrau,,,,KZATY,4.9
2017,Percent,Batys Kazakhstan,,,,KZZAP,4.9
2017,Percent,Zhambyl,,,,KZZHA,4.9
2017,Percent,Karagandy,,,,KZKAR,4.8
2017,Percent,Kostanay,,,,KZKUS,4.8
2017,Percent,Kyzylorda,,,,KZKZY,4.8
2017,Percent,Mangistau,,,,KZMAN,4.9
2017,Percent,Ontustik Kazakhstan,,,,KZONT,5.2
2017,Percent,Pavlodar,,,,KZPAV,4.8
2017,Percent,Soltustik Kazakhstan,,,,KZSEV,4.9
2017,Percent,Shygys Kazakhstan,,,,KZVOS,4.8
2017,Percent,Astana city,,,,KZNS,4.6
2017,Percent,Almaty city,,,,KZALA,5.3
2017,Percent,,,Male,,,4.4
2017,Percent,Akmola,,Male,,KZAKM,5.0
2017,Percent,Aktobe,,Male,,KZAKT,4.8
2017,Percent,Almaty,,Male,,KZALM,3.5
2017,Percent,Atyrau,,Male,,KZATY,4.9
2017,Percent,Batys Kazakhstan,,Male,,KZZAP,4.5
2017,Percent,Zhambyl,,Male,,KZZHA,4.5
2017,Percent,Karagandy,,Male,,KZKAR,4.0
2017,Percent,Kostanay,,Male,,KZKUS,4.6
2017,Percent,Kyzylorda,,Male,,KZKZY,4.6
2017,Percent,Mangistau,,Male,,KZMAN,3.0
2017,Percent,Ontustik Kazakhstan,,Male,,KZONT,4.6
2017,Percent,Pavlodar,,Male,,KZPAV,4.7
2017,Percent,Soltustik Kazakhstan,,Male,,KZSEV,5.3
2017,Percent,Shygys Kazakhstan,,Male,,KZVOS,4.7
2017,Percent,Astana city,,Male,,KZNS,4.6
2017,Percent,Almaty city,,Male,,KZALA,4.2
2017,Percent,,,Female,,,5.4
2017,Percent,Akmola,,Female,,KZAKM,4.6
2017,Percent,Aktobe,,Female,,KZAKT,4.8
2017,Percent,Almaty,,Female,,KZALM,6.0
2017,Percent,Atyrau,,Female,,KZATY,5.0
2017,Percent,Batys Kazakhstan,,Female,,KZZAP,5.3
2017,Percent,Zhambyl,,Female,,KZZHA,5.3
2017,Percent,Karagandy,,Female,,KZKAR,5.6
2017,Percent,Kostanay,,Female,,KZKUS,5.1
2017,Percent,Kyzylorda,,Female,,KZKZY,5.1
2017,Percent,Mangistau,,Female,,KZMAN,7.1
2017,Percent,Ontustik Kazakhstan,,Female,,KZONT,5.9
2017,Percent,Pavlodar,,Female,,KZPAV,4.9
2017,Percent,Soltustik Kazakhstan,,Female,,KZSEV,4.4
2017,Percent,Shygys Kazakhstan,,Female,,KZVOS,5.0
2017,Percent,Astana city,,Female,,KZNS,4.6
2017,Percent,Almaty city,,Female,,KZALA,6.2
2017,Percent,,urban,,,,5.2
2017,Percent,Akmola,urban,,,KZAKM,4.5
2017,Percent,Aktobe,urban,,,KZAKT,5.0
2017,Percent,Almaty,urban,,,KZALM,4.3
2017,Percent,Atyrau,urban,,,KZATY,5.0
2017,Percent,Batys Kazakhstan,urban,,,KZZAP,5.0
2017,Percent,Zhambyl,urban,,,KZZHA,5.8
2017,Percent,Karagandy,urban,,,KZKAR,5.2
2017,Percent,Kostanay,urban,,,KZKUS,5.6
2017,Percent,Kyzylorda,urban,,,KZKZY,4.6
2017,Percent,Mangistau,urban,,,KZMAN,5.0
2017,Percent,Ontustik Kazakhstan,urban,,,KZONT,5.5
2017,Percent,Pavlodar,urban,,,KZPAV,5.2
2017,Percent,Soltustik Kazakhstan,urban,,,KZSEV,4.8
2017,Percent,Shygys Kazakhstan,urban,,,KZVOS,5.1
2017,Percent,Astana city,urban,,,KZNS,4.8
2017,Percent,Almaty city,urban,,,KZALA,5.6
2017,Percent,,rural,,,,5.1
2017,Percent,Akmola,rural,,,KZAKM,5.5
2017,Percent,Aktobe,rural,,,KZAKT,5.2
2017,Percent,Almaty,rural,,,KZALM,5.2
2017,Percent,Atyrau,rural,,,KZATY,5.4
2017,Percent,Batys Kazakhstan,rural,,,KZZAP,5.2
2017,Percent,Zhambyl,rural,,,KZZHA,4.7
2017,Percent,Karagandy,rural,,,KZKAR,4.1
2017,Percent,Kostanay,rural,,,KZKUS,4.5
2017,Percent,Kyzylorda,rural,,,KZKZY,5.5
2017,Percent,Mangistau,rural,,,KZMAN,5.2
2017,Percent,Ontustik Kazakhstan,rural,,,KZONT,5.4
2017,Percent,Pavlodar,rural,,,KZPAV,4.6
2017,Percent,Soltustik Kazakhstan,rural,,,KZSEV,5.4
2017,Percent,Shygys Kazakhstan,rural,,,KZVOS,4.9
2017,Percent,,,,16-24,,3.8
2017,Percent,,,,25-28,,4.0
2017,Percent,,,,29-34,,6.7
2017,Percent,,,,35-44,,4.6
2017,Percent,,,,45-54,,4.6
2017,Percent,,,,55-64,,5.2
2017,Percent,Akmola,,,16-24,KZAKM,2.9
2017,Percent,Akmola,,,25-28,KZAKM,3.1
2017,Percent,Akmola,,,29-34,KZAKM,4.4
2017,Percent,Akmola,,,35-44,KZAKM,6.3
2017,Percent,Akmola,,,45-54,KZAKM,6.7
2017,Percent,Akmola,,,55-64,KZAKM,3.9
2017,Percent,Aktobe,,,16-24,KZAKT,2.5
2017,Percent,Aktobe,,,25-28,KZAKT,3.2
2017,Percent,Aktobe,,,29-34,KZAKT,7.0
2017,Percent,Aktobe,,,35-44,KZAKT,5.0
2017,Percent,Aktobe,,,45-54,KZAKT,4.0
2017,Percent,Aktobe,,,55-64,KZAKT,6.0
2017,Percent,Almaty,,,16-24,KZALM,3.2
2017,Percent,Almaty,,,25-28,KZALM,2.7
2017,Percent,Almaty,,,29-34,KZALM,9.8
2017,Percent,Almaty,,,35-44,KZALM,4.9
2017,Percent,Almaty,,,45-54,KZALM,2.8
2017,Percent,Almaty,,,55-64,KZALM,2.3
2017,Percent,Atyrau,,,16-24,KZATY,1.5
2017,Percent,Atyrau,,,25-28,KZATY,2.9
2017,Percent,Atyrau,,,29-34,KZATY,8.5
2017,Percent,Atyrau,,,35-44,KZATY,4.6
2017,Percent,Atyrau,,,45-54,KZATY,5.2
2017,Percent,Atyrau,,,55-64,KZATY,6.1
2017,Percent,Batys Kazakhstan,,,16-24,KZZAP,4.0
2017,Percent,Batys Kazakhstan,,,25-28,KZZAP,3.9
2017,Percent,Batys Kazakhstan,,,29-34,KZZAP,5.7
2017,Percent,Batys Kazakhstan,,,35-44,KZZAP,5.3
2017,Percent,Batys Kazakhstan,,,45-54,KZZAP,4.5
2017,Percent,Batys Kazakhstan,,,55-64,KZZAP,5.5
2017,Percent,Zhambyl,,,16-24,KZZHA,2.8
2017,Percent,Zhambyl,,,25-28,KZZHA,2.1
2017,Percent,Zhambyl,,,29-34,KZZHA,10.4
2017,Percent,Zhambyl,,,35-44,KZZHA,4.7
2017,Percent,Zhambyl,,,45-54,KZZHA,5.4
2017,Percent,Zhambyl,,,55-64,KZZHA,6.2
2017,Percent,Karagandy,,,16-24,KZKAR,5.8
2017,Percent,Karagandy,,,25-28,KZKAR,4.2
2017,Percent,Karagandy,,,29-34,KZKAR,4.5
2017,Percent,Karagandy,,,35-44,KZKAR,4.6
2017,Percent,Karagandy,,,45-54,KZKAR,4.5
2017,Percent,Karagandy,,,55-64,KZKAR,6.1
2017,Percent,Kostanay,,,16-24,KZKUS,3.1
2017,Percent,Kostanay,,,25-28,KZKUS,2.9
2017,Percent,Kostanay,,,29-34,KZKUS,10.3
2017,Percent,Kostanay,,,35-44,KZKUS,5.5
2017,Percent,Kostanay,,,45-54,KZKUS,2.5
2017,Percent,Kostanay,,,55-64,KZKUS,2.1
2017,Percent,Kyzylorda,,,16-24,KZKZY,5.3
2017,Percent,Kyzylorda,,,25-28,KZKZY,3.0
2017,Percent,Kyzylorda,,,29-34,KZKZY,8.9
2017,Percent,Kyzylorda,,,35-44,KZKZY,4.5
2017,Percent,Kyzylorda,,,45-54,KZKZY,2.9
2017,Percent,Kyzylorda,,,55-64,KZKZY,3.0
2017,Percent,Mangistau,,,16-24,KZMAN,4.0
2017,Percent,Mangistau,,,25-28,KZMAN,3.6
2017,Percent,Mangistau,,,29-34,KZMAN,5.7
2017,Percent,Mangistau,,,35-44,KZMAN,5.8
2017,Percent,Mangistau,,,45-54,KZMAN,4.7
2017,Percent,Mangistau,,,55-64,KZMAN,2.8
2017,Percent,Ontustik Kazakhstan,,,16-24,KZONT,3.5
2017,Percent,Ontustik Kazakhstan,,,25-28,KZONT,4.7
2017,Percent,Ontustik Kazakhstan,,,29-34,KZONT,7.0
2017,Percent,Ontustik Kazakhstan,,,35-44,KZONT,4.7
2017,Percent,Ontustik Kazakhstan,,,45-54,KZONT,3.8
2017,Percent,Ontustik Kazakhstan,,,55-64,KZONT,8.8
2017,Percent,Pavlodar,,,16-24,KZPAV,3.1
2017,Percent,Pavlodar,,,25-28,KZPAV,3.4
2017,Percent,Pavlodar,,,29-34,KZPAV,5.6
2017,Percent,Pavlodar,,,35-44,KZPAV,4.1
2017,Percent,Pavlodar,,,45-54,KZPAV,6.6
2017,Percent,Pavlodar,,,55-64,KZPAV,3.9
2017,Percent,Soltustik Kazakhstan,,,16-24,KZSEV,4.2
2017,Percent,Soltustik Kazakhstan,,,25-28,KZSEV,1.4
2017,Percent,Soltustik Kazakhstan,,,29-34,KZSEV,6.6
2017,Percent,Soltustik Kazakhstan,,,35-44,KZSEV,5.0
2017,Percent,Soltustik Kazakhstan,,,45-54,KZSEV,6.6
2017,Percent,Soltustik Kazakhstan,,,55-64,KZSEV,3.4
2017,Percent,Shygys Kazakhstan,,,16-24,KZVOS,3.1
2017,Percent,Shygys Kazakhstan,,,25-28,KZVOS,4.5
2017,Percent,Shygys Kazakhstan,,,29-34,KZVOS,6.4
2017,Percent,Shygys Kazakhstan,,,35-44,KZVOS,4.0
2017,Percent,Shygys Kazakhstan,,,45-54,KZVOS,4.2
2017,Percent,Shygys Kazakhstan,,,55-64,KZVOS,6.6
2017,Percent,Astana city,,,16-24,KZNS,4.7
2017,Percent,Astana city,,,25-28,KZNS,4.3
2017,Percent,Astana city,,,29-34,KZNS,1.6
2017,Percent,Astana city,,,35-44,KZNS,3.2
2017,Percent,Astana city,,,45-54,KZNS,9.3
2017,Percent,Astana city,,,55-64,KZNS,8.6
2017,Percent,Almaty city,,,16-24,KZALA,5.3
2017,Percent,Almaty city,,,25-28,KZALA,8.4
2017,Percent,Almaty city,,,29-34,KZALA,5.3
2017,Percent,Almaty city,,,35-44,KZALA,3.4
2017,Percent,Almaty city,,,45-54,KZALA,5.0
2017,Percent,Almaty city,,,55-64,KZALA,7.6
2018,Percent,,,,,,4.9
2018,Percent,Akmola,,,,KZAKM,4.8
2018,Percent,Aktobe,,,,KZAKT,4.8
2018,Percent,Almaty,,,,KZALM,4.7
2018,Percent,Atyrau,,,,KZATY,4.9
2018,Percent,Batys Kazakhstan,,,,KZZAP,4.9
2018,Percent,Zhambyl,,,,KZZHA,4.9
2018,Percent,Karagandy,,,,KZKAR,4.6
2018,Percent,Kostanay,,,,KZKUS,4.8
2018,Percent,Kyzylorda,,,,KZKZY,4.8
2018,Percent,Mangistau,,,,KZMAN,4.8
2018,Percent,Pavlodar,,,,KZPAV,4.8
2018,Percent,Soltustik Kazakhstan,,,,KZSEV,4.9
2018,Percent,Turkistan,,,,KZYUZ,5.2
2018,Percent,Shygys Kazakhstan,,,,KZVOS,4.8
2018,Percent,Astana city,,,,KZNS,4.5
2018,Percent,Almaty city,,,,KZALA,5.2
2018,Percent,Shymkent city,,,,KZSHY,5.2
2018,Percent,,,Male,,,4.3
2018,Percent,Akmola,,Male,,KZAKM,4.8
2018,Percent,Aktobe,,Male,,KZAKT,4.6
2018,Percent,Almaty,,Male,,KZALM,3.2
2018,Percent,Atyrau,,Male,,KZATY,4.9
2018,Percent,Batys Kazakhstan,,Male,,KZZAP,4.5
2018,Percent,Zhambyl,,Male,,KZZHA,4.8
2018,Percent,Karagandy,,Male,,KZKAR,3.4
2018,Percent,Kostanay,,Male,,KZKUS,4.7
2018,Percent,Kyzylorda,,Male,,KZKZY,4.7
2018,Percent,Mangistau,,Male,,KZMAN,2.8
2018,Percent,Pavlodar,,Male,,KZPAV,4.7
2018,Percent,Soltustik Kazakhstan,,Male,,KZSEV,5.0
2018,Percent,Turkistan,,Male,,KZYUZ,4.6
2018,Percent,Shygys Kazakhstan,,Male,,KZVOS,4.7
2018,Percent,Astana city,,Male,,KZNS,4.4
2018,Percent,Almaty city,,Male,,KZALA,4.1
2018,Percent,Shymkent city,,Male,,KZSHY,5.5
2018,Percent,,,Female,,,5.4
2018,Percent,Akmola,,Female,,KZAKM,4.7
2018,Percent,Aktobe,,Female,,KZAKT,5.0
2018,Percent,Almaty,,Female,,KZALM,6.2
2018,Percent,Atyrau,,Female,,KZATY,4.9
2018,Percent,Batys Kazakhstan,,Female,,KZZAP,5.3
2018,Percent,Zhambyl,,Female,,KZZHA,5.0
2018,Percent,Karagandy,,Female,,KZKAR,5.9
2018,Percent,Kostanay,,Female,,KZKUS,4.9
2018,Percent,Kyzylorda,,Female,,KZKZY,4.9
2018,Percent,Mangistau,,Female,,KZMAN,7.0
2018,Percent,Pavlodar,,Female,,KZPAV,4.8
2018,Percent,Soltustik Kazakhstan,,Female,,KZSEV,4.7
2018,Percent,Turkistan,,Female,,KZYUZ,5.8
2018,Percent,Shygys Kazakhstan,,Female,,KZVOS,5.0
2018,Percent,Astana city,,Female,,KZNS,4.6
2018,Percent,Almaty city,,Female,,KZALA,6.2
2018,Percent,Shymkent city,,Female,,KZSHY,4.9
2018,Percent,,urban,,,,4.9
2018,Percent,Akmola,urban,,,KZAKM,4.4
2018,Percent,Aktobe,urban,,,KZAKT,4.7
2018,Percent,Almaty,urban,,,KZALM,5.2
2018,Percent,Atyrau,urban,,,KZATY,4.9
2018,Percent,Batys Kazakhstan,urban,,,KZZAP,4.7
2018,Percent,Zhambyl,urban,,,KZZHA,5.5
2018,Percent,Karagandy,urban,,,KZKAR,4.8
2018,Percent,Kostanay,urban,,,KZKUS,5.2
2018,Percent,Kyzylorda,urban,,,KZKZY,4.6
2018,Percent,Mangistau,urban,,,KZMAN,4.9
2018,Percent,Pavlodar,urban,,,KZPAV,4.9
2018,Percent,Soltustik Kazakhstan,urban,,,KZSEV,4.6
2018,Percent,Turkistan,urban,,,KZYUZ,5.5
2018,Percent,Shygys Kazakhstan,urban,,,KZVOS,4.8
2018,Percent,Astana city,urban,,,KZNS,4.5
2018,Percent,Almaty city,urban,,,KZALA,5.2
2018,Percent,Shymkent city,urban,,,KZSHY,5.2
2018,Percent,,rural,,,,4.8
2018,Percent,Akmola,rural,,,KZAKM,5.2
2018,Percent,Aktobe,rural,,,KZAKT,5.2
2018,Percent,Almaty,rural,,,KZALM,4.5
2018,Percent,Atyrau,rural,,,KZATY,4.9
2018,Percent,Batys Kazakhstan,rural,,,KZZAP,5.1
2018,Percent,Zhambyl,rural,,,KZZHA,4.5
2018,Percent,Karagandy,rural,,,KZKAR,3.7
2018,Percent,Kostanay,rural,,,KZKUS,4.4
2018,Percent,Kyzylorda,rural,,,KZKZY,4.9
2018,Percent,Mangistau,rural,,,KZMAN,4.8
2018,Percent,Pavlodar,rural,,,KZPAV,4.4
2018,Percent,Soltustik Kazakhstan,rural,,,KZSEV,5.0
2018,Percent,Turkistan,rural,,,KZYUZ,5.1
2018,Percent,Shygys Kazakhstan,rural,,,KZVOS,4.9
2018,Percent,,,,16-24,,3.7
2018,Percent,,,,25-28,,4.0
2018,Percent,,,,29-34,,7.0
2018,Percent,,,,35-44,,4.3
2018,Percent,,,,45-54,,4.2
2018,Percent,,,,55-64,,5.6
2018,Percent,Akmola,,,16-24,KZAKM,2.9
2018,Percent,Akmola,,,25-28,KZAKM,2.9
2018,Percent,Akmola,,,29-34,KZAKM,5.5
2018,Percent,Akmola,,,35-44,KZAKM,5.9
2018,Percent,Akmola,,,45-54,KZAKM,6.0
2018,Percent,Akmola,,,55-64,KZAKM,3.8
2018,Percent,Aktobe,,,16-24,KZAKT,2.9
2018,Percent,Aktobe,,,25-28,KZAKT,2.9
2018,Percent,Aktobe,,,29-34,KZAKT,5.6
2018,Percent,Aktobe,,,35-44,KZAKT,5.2
2018,Percent,Aktobe,,,45-54,KZAKT,4.9
2018,Percent,Aktobe,,,55-64,KZAKT,5.2
2018,Percent,Almaty,,,16-24,KZALM,3.3
2018,Percent,Almaty,,,25-28,KZALM,2.6
2018,Percent,Almaty,,,29-34,KZALM,7.9
2018,Percent,Almaty,,,35-44,KZALM,3.4
2018,Percent,Almaty,,,45-54,KZALM,2.6
2018,Percent,Almaty,,,55-64,KZALM,9.7
2018,Percent,Atyrau,,,16-24,KZATY,1.6
2018,Percent,Atyrau,,,25-28,KZATY,3.1
2018,Percent,Atyrau,,,29-34,KZATY,6.0
2018,Percent,Atyrau,,,35-44,KZATY,5.0
2018,Percent,Atyrau,,,45-54,KZATY,5.7
2018,Percent,Atyrau,,,55-64,KZATY,7.2
2018,Percent,Batys Kazakhstan,,,16-24,KZZAP,3.9
2018,Percent,Batys Kazakhstan,,,25-28,KZZAP,3.8
2018,Percent,Batys Kazakhstan,,,29-34,KZZAP,6.1
2018,Percent,Batys Kazakhstan,,,35-44,KZZAP,4.7
2018,Percent,Batys Kazakhstan,,,45-54,KZZAP,4.7
2018,Percent,Batys Kazakhstan,,,55-64,KZZAP,5.9
2018,Percent,Zhambyl,,,16-24,KZZHA,2.9
2018,Percent,Zhambyl,,,25-28,KZZHA,2.9
2018,Percent,Zhambyl,,,29-34,KZZHA,7.5
2018,Percent,Zhambyl,,,35-44,KZZHA,5.4
2018,Percent,Zhambyl,,,45-54,KZZHA,4.0
2018,Percent,Zhambyl,,,55-64,KZZHA,7.0
2018,Percent,Karagandy,,,16-24,KZKAR,5.7
2018,Percent,Karagandy,,,25-28,KZKAR,4.2
2018,Percent,Karagandy,,,29-34,KZKAR,3.7
2018,Percent,Karagandy,,,35-44,KZKAR,3.8
2018,Percent,Karagandy,,,45-54,KZKAR,4.8
2018,Percent,Karagandy,,,55-64,KZKAR,7.4
2018,Percent,Kostanay,,,16-24,KZKUS,3.0
2018,Percent,Kostanay,,,25-28,KZKUS,3.2
2018,Percent,Kostanay,,,29-34,KZKUS,10.0
2018,Percent,Kostanay,,,35-44,KZKUS,6.0
2018,Percent,Kostanay,,,45-54,KZKUS,2.7
2018,Percent,Kostanay,,,55-64,KZKUS,1.7
2018,Percent,Kyzylorda,,,16-24,KZKZY,4.5
2018,Percent,Kyzylorda,,,25-28,KZKZY,3.8
2018,Percent,Kyzylorda,,,29-34,KZKZY,5.7
2018,Percent,Kyzylorda,,,35-44,KZKZY,4.8
2018,Percent,Kyzylorda,,,45-54,KZKZY,5.4
2018,Percent,Kyzylorda,,,55-64,KZKZY,3.2
2018,Percent,Mangistau,,,16-24,KZMAN,3.2
2018,Percent,Mangistau,,,25-28,KZMAN,2.7
2018,Percent,Mangistau,,,29-34,KZMAN,6.6
2018,Percent,Mangistau,,,35-44,KZMAN,6.1
2018,Percent,Mangistau,,,45-54,KZMAN,3.7
2018,Percent,Mangistau,,,55-64,KZMAN,3.2
2018,Percent,Pavlodar,,,16-24,KZPAV,3.2
2018,Percent,Pavlodar,,,25-28,KZPAV,3.9
2018,Percent,Pavlodar,,,29-34,KZPAV,6.2
2018,Percent,Pavlodar,,,35-44,KZPAV,4.7
2018,Percent,Pavlodar,,,45-54,KZPAV,4.5
2018,Percent,Pavlodar,,,55-64,KZPAV,4.6
2018,Percent,Soltustik Kazakhstan,,,16-24,KZSEV,4.0
2018,Percent,Soltustik Kazakhstan,,,25-28,KZSEV,2.3
2018,Percent,Soltustik Kazakhstan,,,29-34,KZSEV,6.0
2018,Percent,Soltustik Kazakhstan,,,35-44,KZSEV,5.4
2018,Percent,Soltustik Kazakhstan,,,45-54,KZSEV,6.3
2018,Percent,Soltustik Kazakhstan,,,55-64,KZSEV,3.3
2018,Percent,Turkistan,,,16-24,KZYUZ,2.1
2018,Percent,Turkistan,,,25-28,KZYUZ,4.0
2018,Percent,Turkistan,,,29-34,KZYUZ,8.4
2018,Percent,Turkistan,,,35-44,KZYUZ,4.4
2018,Percent,Turkistan,,,45-54,KZYUZ,4.5
2018,Percent,Turkistan,,,55-64,KZYUZ,4.8
2018,Percent,Shygys Kazakhstan,,,16-24,KZVOS,3.7
2018,Percent,Shygys Kazakhstan,,,25-28,KZVOS,3.9
2018,Percent,Shygys Kazakhstan,,,29-34,KZVOS,9.7
2018,Percent,Shygys Kazakhstan,,,35-44,KZVOS,3.9
2018,Percent,Shygys Kazakhstan,,,45-54,KZVOS,3.2
2018,Percent,Shygys Kazakhstan,,,55-64,KZVOS,5.2
2018,Percent,Astana city,,,16-24,KZNS,4.5
2018,Percent,Astana city,,,25-28,KZNS,4.6
2018,Percent,Astana city,,,29-34,KZNS,6.9
2018,Percent,Astana city,,,35-44,KZNS,3.1
2018,Percent,Astana city,,,45-54,KZNS,3.2
2018,Percent,Astana city,,,55-64,KZNS,4.3
2018,Percent,Almaty city,,,16-24,KZALA,5.2
2018,Percent,Almaty city,,,25-28,KZALA,8.0
2018,Percent,Almaty city,,,29-34,KZALA,6.5
2018,Percent,Almaty city,,,35-44,KZALA,3.1
2018,Percent,Almaty city,,,45-54,KZALA,4.7
2018,Percent,Almaty city,,,55-64,KZALA,5.7
2018,Percent,Shymkent city,,,16-24,KZSHY,3.7
2018,Percent,Shymkent city,,,25-28,KZSHY,4.5
2018,Percent,Shymkent city,,,29-34,KZSHY,7.7
2018,Percent,Shymkent city,,,35-44,KZSHY,2.8
2018,Percent,Shymkent city,,,45-54,KZSHY,4.7
2018,Percent,Shymkent city,,,55-64,KZSHY,8.8
2019,Percent,,,,,,4.8
2019,Percent,Akmola,,,,KZAKM,4.7
2019,Percent,Aktobe,,,,KZAKT,4.8
2019,Percent,Almaty,,,,KZALM,4.6
2019,Percent,Atyrau,,,,KZATY,4.8
2019,Percent,Batys Kazakhstan,,,,KZZAP,4.8
2019,Percent,Zhambyl,,,,KZZHA,4.8
2019,Percent,Karagandy,,,,KZKAR,4.4
2019,Percent,Kostanay,,,,KZKUS,4.7
2019,Percent,Kyzylorda,,,,KZKZY,4.8
2019,Percent,Mangistau,,,,KZMAN,4.8
2019,Percent,Pavlodar,,,,KZPAV,4.7
2019,Percent,Soltustik Kazakhstan,,,,KZSEV,4.8
2019,Percent,Turkistan,,,,KZYUZ,5.1
2019,Percent,Shygys Kazakhstan,,,,KZVOS,4.8
2019,Percent,Astana city,,,,KZNS,4.4
2019,Percent,Almaty city,,,,KZALA,5.1
2019,Percent,Shymkent city,,,,KZSHY,5.1
2019,Percent,,,Male,,,4.3
2019,Percent,Akmola,,Male,,KZAKM,4.7
2019,Percent,Aktobe,,Male,,KZAKT,5.2
2019,Percent,Almaty,,Male,,KZALM,3.3
2019,Percent,Atyrau,,Male,,KZATY,4.8
2019,Percent,Batys Kazakhstan,,Male,,KZZAP,4.6
2019,Percent,Zhambyl,,Male,,KZZHA,4.6
2019,Percent,Karagandy,,Male,,KZKAR,3.3
2019,Percent,Kostanay,,Male,,KZKUS,4.6
2019,Percent,Kyzylorda,,Male,,KZKZY,4.8
2019,Percent,Mangistau,,Male,,KZMAN,3.3
2019,Percent,Pavlodar,,Male,,KZPAV,4.6
2019,Percent,Soltustik Kazakhstan,,Male,,KZSEV,5.0
2019,Percent,Turkistan,,Male,,KZYUZ,4.7
2019,Percent,Shygys Kazakhstan,,Male,,KZVOS,4.3
2019,Percent,Astana city,,Male,,KZNS,4.2
2019,Percent,Almaty city,,Male,,KZALA,4.3
2019,Percent,Shymkent city,,Male,,KZSHY,4.9
2019,Percent,,,Female,,,5.3
2019,Percent,Akmola,,Female,,KZAKM,4.8
2019,Percent,Aktobe,,Female,,KZAKT,4.3
2019,Percent,Almaty,,Female,,KZALM,5.9
2019,Percent,Atyrau,,Female,,KZATY,4.9
2019,Percent,Batys Kazakhstan,,Female,,KZZAP,5.1
2019,Percent,Zhambyl,,Female,,KZZHA,5.0
2019,Percent,Karagandy,,Female,,KZKAR,5.6
2019,Percent,Kostanay,,Female,,KZKUS,4.8
2019,Percent,Kyzylorda,,Female,,KZKZY,4.9
2019,Percent,Mangistau,,Female,,KZMAN,6.6
2019,Percent,Pavlodar,,Female,,KZPAV,4.8
2019,Percent,Soltustik Kazakhstan,,Female,,KZSEV,4.6
2019,Percent,Turkistan,,Female,,KZYUZ,5.5
2019,Percent,Shygys Kazakhstan,,Female,,KZVOS,5.4
2019,Percent,Astana city,,Female,,KZNS,4.6
2019,Percent,Almaty city,,Female,,KZALA,5.8
2019,Percent,Shymkent city,,Female,,KZSHY,5.4
2019,Percent,,urban,,,,4.8
2019,Percent,Akmola,urban,,,KZAKM,4.3
2019,Percent,Aktobe,urban,,,KZAKT,4.7
2019,Percent,Almaty,urban,,,KZALM,5.0
2019,Percent,Atyrau,urban,,,KZATY,4.5
2019,Percent,Batys Kazakhstan,urban,,,KZZAP,4.8
2019,Percent,Zhambyl,urban,,,KZZHA,5.3
2019,Percent,Karagandy,urban,,,KZKAR,4.6
2019,Percent,Kostanay,urban,,,KZKUS,5.2
2019,Percent,Kyzylorda,urban,,,KZKZY,4.6
2019,Percent,Mangistau,urban,,,KZMAN,4.7
2019,Percent,Pavlodar,urban,,,KZPAV,4.8
2019,Percent,Soltustik Kazakhstan,urban,,,KZSEV,4.7
2019,Percent,Turkistan,urban,,,KZYUZ,4.6
2019,Percent,Shygys Kazakhstan,urban,,,KZVOS,4.6
2019,Percent,Astana city,urban,,,KZNS,4.4
2019,Percent,Almaty city,urban,,,KZALA,5.1
2019,Percent,Shymkent city,urban,,,KZSHY,5.1
2019,Percent,,rural,,,,4.8
2019,Percent,Akmola,rural,,,KZAKM,5.1
2019,Percent,Aktobe,rural,,,KZAKT,4.9
2019,Percent,Almaty,rural,,,KZALM,4.5
2019,Percent,Atyrau,rural,,,KZATY,5.2
2019,Percent,Batys Kazakhstan,rural,,,KZZAP,4.9
2019,Percent,Zhambyl,rural,,,KZZHA,4.4
2019,Percent,Karagandy,rural,,,KZKAR,3.6
2019,Percent,Kostanay,rural,,,KZKUS,4.3
2019,Percent,Kyzylorda,rural,,,KZKZY,5.0
2019,Percent,Mangistau,rural,,,KZMAN,4.9
2019,Percent,Pavlodar,rural,,,KZPAV,4.3
2019,Percent,Soltustik Kazakhstan,rural,,,KZSEV,5.0
2019,Percent,Turkistan,rural,,,KZYUZ,5.2
2019,Percent,Shygys Kazakhstan,rural,,,KZVOS,5.2
2019,Percent,,,,16-24,,3.6
2019,Percent,,,,25-28,,3.9
2019,Percent,,,,29-34,,6.7
2019,Percent,,,,35-44,,4.5
2019,Percent,,,,45-54,,4.3
2019,Percent,,,,55-64,,5.1
2019,Percent,Akmola,,,16-24,KZAKM,2.9
2019,Percent,Akmola,,,25-28,KZAKM,3.0
2019,Percent,Akmola,,,29-34,KZAKM,6.2
2019,Percent,Akmola,,,35-44,KZAKM,5.7
2019,Percent,Akmola,,,45-54,KZAKM,5.9
2019,Percent,Akmola,,,55-64,KZAKM,3.0
2019,Percent,Aktobe,,,16-24,KZAKT,3.6
2019,Percent,Aktobe,,,25-28,KZAKT,3.0
2019,Percent,Aktobe,,,29-34,KZAKT,6.0
2019,Percent,Aktobe,,,35-44,KZAKT,4.1
2019,Percent,Aktobe,,,45-54,KZAKT,4.6
2019,Percent,Aktobe,,,55-64,KZAKT,6.9
2019,Percent,Almaty,,,16-24,KZALM,3.2
2019,Percent,Almaty,,,25-28,KZALM,2.6
2019,Percent,Almaty,,,29-34,KZALM,6.8
2019,Percent,Almaty,,,35-44,KZALM,3.6
2019,Percent,Almaty,,,45-54,KZALM,2.2
2019,Percent,Almaty,,,55-64,KZALM,11.1
2019,Percent,Atyrau,,,16-24,KZATY,1.6
2019,Percent,Atyrau,,,25-28,KZATY,3.4
2019,Percent,Atyrau,,,29-34,KZATY,7.5
2019,Percent,Atyrau,,,35-44,KZATY,4.9
2019,Percent,Atyrau,,,45-54,KZATY,5.1
2019,Percent,Atyrau,,,55-64,KZATY,4.9
2019,Percent,Batys Kazakhstan,,,16-24,KZZAP,3.8
2019,Percent,Batys Kazakhstan,,,25-28,KZZAP,3.8
2019,Percent,Batys Kazakhstan,,,29-34,KZZAP,6.6
2019,Percent,Batys Kazakhstan,,,35-44,KZZAP,4.3
2019,Percent,Batys Kazakhstan,,,45-54,KZZAP,4.6
2019,Percent,Batys Kazakhstan,,,55-64,KZZAP,6.0
2019,Percent,Zhambyl,,,16-24,KZZHA,2.7
2019,Percent,Zhambyl,,,25-28,KZZHA,2.9
2019,Percent,Zhambyl,,,29-34,KZZHA,7.6
2019,Percent,Zhambyl,,,35-44,KZZHA,4.6
2019,Percent,Zhambyl,,,45-54,KZZHA,5.1
2019,Percent,Zhambyl,,,55-64,KZZHA,5.8
2019,Percent,Karagandy,,,16-24,KZKAR,5.5
2019,Percent,Karagandy,,,25-28,KZKAR,4.2
2019,Percent,Karagandy,,,29-34,KZKAR,4.4
2019,Percent,Karagandy,,,35-44,KZKAR,4.2
2019,Percent,Karagandy,,,45-54,KZKAR,4.6
2019,Percent,Karagandy,,,55-64,KZKAR,4.4
2019,Percent,Kostanay,,,16-24,KZKUS,3.1
2019,Percent,Kostanay,,,25-28,KZKUS,3.5
2019,Percent,Kostanay,,,29-34,KZKUS,9.2
2019,Percent,Kostanay,,,35-44,KZKUS,5.0
2019,Percent,Kostanay,,,45-54,KZKUS,4.3
2019,Percent,Kostanay,,,55-64,KZKUS,1.4
2019,Percent,Kyzylorda,,,16-24,KZKZY,4.5
2019,Percent,Kyzylorda,,,25-28,KZKZY,3.8
2019,Percent,Kyzylorda,,,29-34,KZKZY,8.5
2019,Percent,Kyzylorda,,,35-44,KZKZY,4.2
2019,Percent,Kyzylorda,,,45-54,KZKZY,3.9
2019,Percent,Kyzylorda,,,55-64,KZKZY,2.1
2019,Percent,Mangistau,,,16-24,KZMAN,4.5
2019,Percent,Mangistau,,,25-28,KZMAN,2.7
2019,Percent,Mangistau,,,29-34,KZMAN,5.2
2019,Percent,Mangistau,,,35-44,KZMAN,6.1
2019,Percent,Mangistau,,,45-54,KZMAN,5.4
2019,Percent,Mangistau,,,55-64,KZMAN,2.4
2019,Percent,Pavlodar,,,16-24,KZPAV,2.6
2019,Percent,Pavlodar,,,25-28,KZPAV,3.2
2019,Percent,Pavlodar,,,29-34,KZPAV,6.6
2019,Percent,Pavlodar,,,35-44,KZPAV,4.8
2019,Percent,Pavlodar,,,45-54,KZPAV,4.7
2019,Percent,Pavlodar,,,55-64,KZPAV,4.5
2019,Percent,Soltustik Kazakhstan,,,16-24,KZSEV,3.6
2019,Percent,Soltustik Kazakhstan,,,25-28,KZSEV,2.6
2019,Percent,Soltustik Kazakhstan,,,29-34,KZSEV,6.8
2019,Percent,Soltustik Kazakhstan,,,35-44,KZSEV,4.7
2019,Percent,Soltustik Kazakhstan,,,45-54,KZSEV,5.6
2019,Percent,Soltustik Kazakhstan,,,55-64,KZSEV,3.8
2019,Percent,Turkistan,,,16-24,KZYUZ,2.3
2019,Percent,Turkistan,,,25-28,KZYUZ,3.9
2019,Percent,Turkistan,,,29-34,KZYUZ,8.9
2019,Percent,Turkistan,,,35-44,KZYUZ,4.6
2019,Percent,Turkistan,,,45-54,KZYUZ,3.8
2019,Percent,Turkistan,,,55-64,KZYUZ,3.3
2019,Percent,Shygys Kazakhstan,,,16-24,KZVOS,3.5
2019,Percent,Shygys Kazakhstan,,,25-28,KZVOS,3.9
2019,Percent,Shygys Kazakhstan,,,29-34,KZVOS,6.8
2019,Percent,Shygys Kazakhstan,,,35-44,KZVOS,4.9
2019,Percent,Shygys Kazakhstan,,,45-54,KZVOS,3.7
2019,Percent,Shygys Kazakhstan,,,55-64,KZVOS,6.8
2019,Percent,Astana city,,,16-24,KZNS,4.6
2019,Percent,Astana city,,,25-28,KZNS,4.4
2019,Percent,Astana city,,,29-34,KZNS,3.2
2019,Percent,Astana city,,,35-44,KZNS,4.1
2019,Percent,Astana city,,,45-54,KZNS,7.1
2019,Percent,Astana city,,,55-64,KZNS,2.4
2019,Percent,Almaty city,,,16-24,KZALA,5.0
2019,Percent,Almaty city,,,25-28,KZALA,7.4
2019,Percent,Almaty city,,,29-34,KZALA,7.1
2019,Percent,Almaty city,,,35-44,KZALA,3.9
2019,Percent,Almaty city,,,45-54,KZALA,3.7
2019,Percent,Almaty city,,,55-64,KZALA,4.1
2019,Percent,Shymkent city,,,16-24,KZSHY,3.2
2019,Percent,Shymkent city,,,25-28,KZSHY,4.3
2019,Percent,Shymkent city,,,29-34,KZSHY,7.0
2019,Percent,Shymkent city,,,35-44,KZSHY,4.6
2019,Percent,Shymkent city,,,45-54,KZSHY,4.5
2019,Percent,Shymkent city,,,55-64,KZSHY,5.0
2020,Percent,,,,,,4.9
2020,Percent,Akmola,,,,KZAKM,4.9
2020,Percent,Aktobe,,,,KZAKT,4.8
2020,Percent,Almaty,,,,KZALM,4.8
2020,Percent,Atyrau,,,,KZATY,4.9
2020,Percent,Batys Kazakhstan,,,,KZZAP,5.0
2020,Percent,Zhambyl,,,,KZZHA,4.9
2020,Percent,Karagandy,,,,KZKAR,4.6
2020,Percent,Kostanay,,,,KZKUS,4.9
2020,Percent,Kyzylorda,,,,KZKZY,4.9
2020,Percent,Mangistau,,,,KZMAN,4.9
2020,Percent,Pavlodar,,,,KZPAV,4.8
2020,Percent,Soltustik Kazakhstan,,,,KZSEV,5.0
2020,Percent,Turkistan,,,,KZYUZ,5.2
2020,Percent,Shygys Kazakhstan,,,,KZVOS,4.9
2020,Percent,Astana city,,,,KZNS,4.6
2020,Percent,Almaty city,,,,KZALA,5.2
2020,Percent,Shymkent city,,,,KZSHY,5.1
2020,Percent,,,Male,,,4.4
2020,Percent,Akmola,,Male,,KZAKM,4.9
2020,Percent,Aktobe,,Male,,KZAKT,4.3
2020,Percent,Almaty,,Male,,KZALM,3.9
2020,Percent,Atyrau,,Male,,KZATY,4.9
2020,Percent,Batys Kazakhstan,,Male,,KZZAP,4.8
2020,Percent,Zhambyl,,Male,,KZZHA,4.8
2020,Percent,Karagandy,,Male,,KZKAR,3.5
2020,Percent,Kostanay,,Male,,KZKUS,4.7
2020,Percent,Kyzylorda,,Male,,KZKZY,4.9
2020,Percent,Mangistau,,Male,,KZMAN,3.1
2020,Percent,Pavlodar,,Male,,KZPAV,4.8
2020,Percent,Soltustik Kazakhstan,,Male,,KZSEV,5.2
2020,Percent,Turkistan,,Male,,KZYUZ,4.5
2020,Percent,Shygys Kazakhstan,,Male,,KZVOS,4.5
2020,Percent,Astana city,,Male,,KZNS,4.5
2020,Percent,Almaty city,,Male,,KZALA,4.6
2020,Percent,Shymkent city,,Male,,KZSHY,4.8
2020,Percent,,,Female,,,5.4
2020,Percent,Akmola,,Female,,KZAKM,4.9
2020,Percent,Aktobe,,Female,,KZAKT,5.3
2020,Percent,Almaty,,Female,,KZALM,5.7
2020,Percent,Atyrau,,Female,,KZATY,4.9
2020,Percent,Batys Kazakhstan,,Female,,KZZAP,5.2
2020,Percent,Zhambyl,,Female,,KZZHA,5.0
2020,Percent,Karagandy,,Female,,KZKAR,5.8
2020,Percent,Kostanay,,Female,,KZKUS,5.1
2020,Percent,Kyzylorda,,Female,,KZKZY,4.9
2020,Percent,Mangistau,,Female,,KZMAN,6.9
2020,Percent,Pavlodar,,Female,,KZPAV,4.8
2020,Percent,Soltustik Kazakhstan,,Female,,KZSEV,4.7
2020,Percent,Turkistan,,Female,,KZYUZ,6.1
2020,Percent,Shygys Kazakhstan,,Female,,KZVOS,5.2
2020,Percent,Astana city,,Female,,KZNS,4.7
2020,Percent,Almaty city,,Female,,KZALA,5.7
2020,Percent,Shymkent city,,Female,,KZSHY,5.5
2020,Percent,,urban,,,,4.9
2020,Percent,Akmola,urban,,,KZAKM,4.4
2020,Percent,Aktobe,urban,,,KZAKT,4.7
2020,Percent,Almaty,urban,,,KZALM,5.5
2020,Percent,Atyrau,urban,,,KZATY,4.8
2020,Percent,Batys Kazakhstan,urban,,,KZZAP,4.8
2020,Percent,Zhambyl,urban,,,KZZHA,5.3
2020,Percent,Karagandy,urban,,,KZKAR,4.8
2020,Percent,Kostanay,urban,,,KZKUS,5.2
2020,Percent,Kyzylorda,urban,,,KZKZY,4.8
2020,Percent,Mangistau,urban,,,KZMAN,4.5
2020,Percent,Pavlodar,urban,,,KZPAV,5.0
2020,Percent,Soltustik Kazakhstan,urban,,,KZSEV,4.7
2020,Percent,Turkistan,urban,,,KZYUZ,5.2
2020,Percent,Shygys Kazakhstan,urban,,,KZVOS,5.0
2020,Percent,Astana city,urban,,,KZNS,4.6
2020,Percent,Almaty city,urban,,,KZALA,5.2
2020,Percent,Shymkent city,urban,,,KZSHY,5.1
2020,Percent,,rural,,,,4.8
2020,Percent,Akmola,rural,,,KZAKM,5.3
2020,Percent,Aktobe,rural,,,KZAKT,5.0
2020,Percent,Almaty,rural,,,KZALM,4.6
2020,Percent,Atyrau,rural,,,KZATY,5.0
2020,Percent,Batys Kazakhstan,rural,,,KZZAP,5.1
2020,Percent,Zhambyl,rural,,,KZZHA,4.5
2020,Percent,Karagandy,rural,,,KZKAR,3.8
2020,Percent,Kostanay,rural,,,KZKUS,4.5
2020,Percent,Kyzylorda,rural,,,KZKZY,4.9
2020,Percent,Mangistau,rural,,,KZMAN,5.1
2020,Percent,Pavlodar,rural,,,KZPAV,4.4
2020,Percent,Soltustik Kazakhstan,rural,,,KZSEV,5.2
2020,Percent,Turkistan,rural,,,KZYUZ,5.2
2020,Percent,Shygys Kazakhstan,rural,,,KZVOS,4.6
2020,Percent,,,,16-24,,3.8
2020,Percent,,,,25-28,,3.9
2020,Percent,,,,29-34,,6.6
2020,Percent,,,,35-44,,4.7
2020,Percent,,,,45-54,,4.5
2020,Percent,,,,55-64,,5.5
2020,Percent,Akmola,,,16-24,KZAKM,3.0
2020,Percent,Akmola,,,25-28,KZAKM,3.3
2020,Percent,Akmola,,,29-34,KZAKM,6.2
2020,Percent,Akmola,,,35-44,KZAKM,6.1
2020,Percent,Akmola,,,45-54,KZAKM,5.1
2020,Percent,Akmola,,,55-64,KZAKM,4.0
2020,Percent,Aktobe,,,16-24,KZAKT,3.5
2020,Percent,Aktobe,,,25-28,KZAKT,2.6
2020,Percent,Aktobe,,,29-34,KZAKT,6.5
2020,Percent,Aktobe,,,35-44,KZAKT,4.3
2020,Percent,Aktobe,,,45-54,KZAKT,4.7
2020,Percent,Aktobe,,,55-64,KZAKT,5.2
2020,Percent,Almaty,,,16-24,KZALM,3.6
2020,Percent,Almaty,,,25-28,KZALM,2.8
2020,Percent,Almaty,,,29-34,KZALM,7.3
2020,Percent,Almaty,,,35-44,KZALM,4.0
2020,Percent,Almaty,,,45-54,KZALM,3.4
2020,Percent,Almaty,,,55-64,KZALM,9.6
2020,Percent,Atyrau,,,16-24,KZATY,1.5
2020,Percent,Atyrau,,,25-28,KZATY,3.2
2020,Percent,Atyrau,,,29-34,KZATY,8.7
2020,Percent,Atyrau,,,35-44,KZATY,4.4
2020,Percent,Atyrau,,,45-54,KZATY,4.2
2020,Percent,Atyrau,,,55-64,KZATY,5.5
2020,Percent,Batys Kazakhstan,,,16-24,KZZAP,4.1
2020,Percent,Batys Kazakhstan,,,25-28,KZZAP,3.7
2020,Percent,Batys Kazakhstan,,,29-34,KZZAP,5.3
2020,Percent,Batys Kazakhstan,,,35-44,KZZAP,5.1
2020,Percent,Batys Kazakhstan,,,45-54,KZZAP,4.9
2020,Percent,Batys Kazakhstan,,,55-64,KZZAP,6.4
2020,Percent,Zhambyl,,,16-24,KZZHA,2.8
2020,Percent,Zhambyl,,,25-28,KZZHA,3.2
2020,Percent,Zhambyl,,,29-34,KZZHA,8.1
2020,Percent,Zhambyl,,,35-44,KZZHA,5.1
2020,Percent,Zhambyl,,,45-54,KZZHA,7.0
2020,Percent,Zhambyl,,,55-64,KZZHA,2.4
2020,Percent,Karagandy,,,16-24,KZKAR,5.8
2020,Percent,Karagandy,,,25-28,KZKAR,4.4
2020,Percent,Karagandy,,,29-34,KZKAR,4.5
2020,Percent,Karagandy,,,35-44,KZKAR,3.8
2020,Percent,Karagandy,,,45-54,KZKAR,4.3
2020,Percent,Karagandy,,,55-64,KZKAR,6.3
2020,Percent,Kostanay,,,16-24,KZKUS,3.0
2020,Percent,Kostanay,,,25-28,KZKUS,3.3
2020,Percent,Kostanay,,,29-34,KZKUS,8.1
2020,Percent,Kostanay,,,35-44,KZKUS,6.2
2020,Percent,Kostanay,,,45-54,KZKUS,4.0
2020,Percent,Kostanay,,,55-64,KZKUS,3.0
2020,Percent,Kyzylorda,,,16-24,KZKZY,4.8
2020,Percent,Kyzylorda,,,25-28,KZKZY,3.8
2020,Percent,Kyzylorda,,,29-34,KZKZY,9.8
2020,Percent,Kyzylorda,,,35-44,KZKZY,3.7
2020,Percent,Kyzylorda,,,45-54,KZKZY,2.9
2020,Percent,Kyzylorda,,,55-64,KZKZY,2.8
2020,Percent,Mangistau,,,16-24,KZMAN,3.9
2020,Percent,Mangistau,,,25-28,KZMAN,3.4
2020,Percent,Mangistau,,,29-34,KZMAN,5.8
2020,Percent,Mangistau,,,35-44,KZMAN,5.6
2020,Percent,Mangistau,,,45-54,KZMAN,4.2
2020,Percent,Mangistau,,,55-64,KZMAN,5.3
2020,Percent,Pavlodar,,,16-24,KZPAV,2.4
2020,Percent,Pavlodar,,,25-28,KZPAV,3.3
2020,Percent,Pavlodar,,,29-34,KZPAV,8.1
2020,Percent,Pavlodar,,,35-44,KZPAV,4.8
2020,Percent,Pavlodar,,,45-54,KZPAV,4.1
2020,Percent,Pavlodar,,,55-64,KZPAV,5.1
2020,Percent,Soltustik Kazakhstan,,,16-24,KZSEV,6.6
2020,Percent,Soltustik Kazakhstan,,,25-28,KZSEV,1.8
2020,Percent,Soltustik Kazakhstan,,,29-34,KZSEV,7.1
2020,Percent,Soltustik Kazakhstan,,,35-44,KZSEV,5.1
2020,Percent,Soltustik Kazakhstan,,,45-54,KZSEV,5.0
2020,Percent,Soltustik Kazakhstan,,,55-64,KZSEV,3.9
2020,Percent,Turkistan,,,16-24,KZYUZ,2.1
2020,Percent,Turkistan,,,25-28,KZYUZ,4.4
2020,Percent,Turkistan,,,29-34,KZYUZ,5.5
2020,Percent,Turkistan,,,35-44,KZYUZ,5.5
2020,Percent,Turkistan,,,45-54,KZYUZ,6.1
2020,Percent,Turkistan,,,55-64,KZYUZ,5.7
2020,Percent,Shygys Kazakhstan,,,16-24,KZVOS,3.3
2020,Percent,Shygys Kazakhstan,,,25-28,KZVOS,3.0
2020,Percent,Shygys Kazakhstan,,,29-34,KZVOS,7.1
2020,Percent,Shygys Kazakhstan,,,35-44,KZVOS,4.0
2020,Percent,Shygys Kazakhstan,,,45-54,KZVOS,4.4
2020,Percent,Shygys Kazakhstan,,,55-64,KZVOS,8.4
2020,Percent,Astana city,,,16-24,KZNS,4.7
2020,Percent,Astana city,,,25-28,KZNS,4.5
2020,Percent,Astana city,,,29-34,KZNS,4.3
2020,Percent,Astana city,,,35-44,KZNS,4.4
2020,Percent,Astana city,,,45-54,KZNS,4.9
2020,Percent,Astana city,,,55-64,KZNS,5.5
2020,Percent,Almaty city,,,16-24,KZALA,5.4
2020,Percent,Almaty city,,,25-28,KZALA,6.4
2020,Percent,Almaty city,,,29-34,KZALA,7.2
2020,Percent,Almaty city,,,35-44,KZALA,4.7
2020,Percent,Almaty city,,,45-54,KZALA,3.2
2020,Percent,Almaty city,,,55-64,KZALA,4.3
2020,Percent,Shymkent city,,,16-24,KZSHY,3.4
2020,Percent,Shymkent city,,,25-28,KZSHY,3.9
2020,Percent,Shymkent city,,,29-34,KZSHY,6.6
2020,Percent,Shymkent city,,,35-44,KZSHY,4.5
2020,Percent,Shymkent city,,,45-54,KZSHY,4.9
2020,Percent,Shymkent city,,,55-64,KZSHY,6.9
