Year,UNIT_MEASURE,Regions,Area,Sex,Age,Value
2010,Percent,,,,,5.8
2010,Percent,Akmola,,,,5.8
2010,Percent,Aktobe,,,,5.3
2010,Percent,Almaty,,,,5.6
2010,Percent,Atyrau,,,,5.4
2010,Percent,Batys Kazakhstan,,,,5.6
2010,Percent,Zhambyl,,,,5.7
2010,Percent,Karagandy,,,,5.5
2010,Percent,Kostanay,,,,5.7
2010,Percent,Kyzylorda,,,,5.9
2010,Percent,Mangistau,,,,6.4
2010,Percent,Ontustik Kazakhstan,,,,5.9
2010,Percent,Pavlodar,,,,5.6
2010,Percent,Soltustik Kazakhstan,,,,5.8
2010,Percent,Shygys Kazakhstan,,,,5.7
2010,Percent,Nur-Sultan city,,,,6.2
2010,Percent,Almaty city,,,,6.3
2010,Percent,,,Male,,4.9
2010,Percent,Akmola,,Male,,6.1
2010,Percent,Aktobe,,Male,,2.9
2010,Percent,Almaty,,Male,,5.3
2010,Percent,Atyrau,,Male,,3.9
2010,Percent,Batys Kazakhstan,,Male,,4.7
2010,Percent,Zhambyl,,Male,,5.5
2010,Percent,Karagandy,,Male,,4.5
2010,Percent,Kostanay,,Male,,5.2
2010,Percent,Kyzylorda,,Male,,5.7
2010,Percent,Mangistau,,Male,,5.9
2010,Percent,Ontustik Kazakhstan,,Male,,4.8
2010,Percent,Pavlodar,,Male,,4.6
2010,Percent,Soltustik Kazakhstan,,Male,,6.1
2010,Percent,Shygys Kazakhstan,,Male,,4.9
2010,Percent,Nur-Sultan city,,Male,,2.9
2010,Percent,Almaty city,,Male,,5.5
2010,Percent,,,Female,,6.6
2010,Percent,Akmola,,Female,,5.5
2010,Percent,Aktobe,,Female,,7.7
2010,Percent,Almaty,,Female,,6.0
2010,Percent,Atyrau,,Female,,7.0
2010,Percent,Batys Kazakhstan,,Female,,6.6
2010,Percent,Zhambyl,,Female,,5.9
2010,Percent,Karagandy,,Female,,6.4
2010,Percent,Kostanay,,Female,,6.1
2010,Percent,Kyzylorda,,Female,,6.1
2010,Percent,Mangistau,,Female,,7.1
2010,Percent,Ontustik Kazakhstan,,Female,,7.2
2010,Percent,Pavlodar,,Female,,6.7
2010,Percent,Soltustik Kazakhstan,,Female,,5.5
2010,Percent,Shygys Kazakhstan,,Female,,6.5
2010,Percent,Nur-Sultan city,,Female,,9.7
2010,Percent,Almaty city,,Female,,7.0
2010,Percent,,urban,,,6.2
2010,Percent,Akmola,urban,,,5.7
2010,Percent,Aktobe,urban,,,5.4
2010,Percent,Almaty,urban,,,5.6
2010,Percent,Atyrau,urban,,,6.1
2010,Percent,Batys Kazakhstan,urban,,,4.8
2010,Percent,Zhambyl,urban,,,7.0
2010,Percent,Karagandy,urban,,,5.5
2010,Percent,Kostanay,urban,,,7.6
2010,Percent,Kyzylorda,urban,,,5.4
2010,Percent,Mangistau,urban,,,5.8
2010,Percent,Ontustik Kazakhstan,urban,,,7.2
2010,Percent,Pavlodar,urban,,,6.3
2010,Percent,Soltustik Kazakhstan,urban,,,6.5
2010,Percent,Shygys Kazakhstan,urban,,,6.6
2010,Percent,Nur-Sultan city,urban,,,6.2
2010,Percent,Almaty city,urban,,,6.3
2010,Percent,,rural,,,5.2
2010,Percent,Akmola,rural,,,5.9
2010,Percent,Aktobe,rural,,,5.3
2010,Percent,Almaty,rural,,,5.6
2010,Percent,Atyrau,rural,,,4.9
2010,Percent,Batys Kazakhstan,rural,,,6.1
2010,Percent,Zhambyl,rural,,,4.9
2010,Percent,Karagandy,rural,,,5.3
2010,Percent,Kostanay,rural,,,3.9
2010,Percent,Kyzylorda,rural,,,6.2
2010,Percent,Mangistau,rural,,,7.3
2010,Percent,Ontustik Kazakhstan,rural,,,5.1
2010,Percent,Pavlodar,rural,,,4.5
2010,Percent,Soltustik Kazakhstan,rural,,,5.4
2010,Percent,Shygys Kazakhstan,rural,,,4.7
2010,Percent,,,,Y15,6.8
2010,Percent,,,,16-24,5.2
2010,Percent,,,,25-28,8.4
2010,Percent,,,,29-34,5.8
2010,Percent,,,,35-44,5.3
2010,Percent,,,,45-54,5.2
2010,Percent,,,,55-64,6.0
2010,Percent,Akmola,,,16-24,6.0
2010,Percent,Akmola,,,25-28,5.2
2010,Percent,Akmola,,,29-34,4.9
2010,Percent,Akmola,,,35-44,6.4
2010,Percent,Akmola,,,45-54,6.1
2010,Percent,Akmola,,,55-64,6.3
2010,Percent,Aktobe,,,16-24,2.2
2010,Percent,Aktobe,,,25-28,7.6
2010,Percent,Aktobe,,,29-34,7.5
2010,Percent,Aktobe,,,35-44,6.8
2010,Percent,Aktobe,,,45-54,4.2
2010,Percent,Aktobe,,,55-64,1.2
2010,Percent,Almaty,,,Y15,53.1
2010,Percent,Almaty,,,16-24,3.3
2010,Percent,Almaty,,,25-28,5.0
2010,Percent,Almaty,,,29-34,5.1
2010,Percent,Almaty,,,35-44,4.4
2010,Percent,Almaty,,,45-54,5.6
2010,Percent,Almaty,,,55-64,13.3
2010,Percent,Atyrau,,,16-24,1.5
2010,Percent,Atyrau,,,25-28,15.4
2010,Percent,Atyrau,,,29-34,6.2
2010,Percent,Atyrau,,,35-44,3.7
2010,Percent,Atyrau,,,45-54,3.5
2010,Percent,Atyrau,,,55-64,5.4
2010,Percent,Batys Kazakhstan,,,16-24,6.5
2010,Percent,Batys Kazakhstan,,,25-28,6.4
2010,Percent,Batys Kazakhstan,,,29-34,6.9
2010,Percent,Batys Kazakhstan,,,35-44,5.9
2010,Percent,Batys Kazakhstan,,,45-54,5.1
2010,Percent,Batys Kazakhstan,,,55-64,1.9
2010,Percent,Zhambyl,,,16-24,6.0
2010,Percent,Zhambyl,,,25-28,1.9
2010,Percent,Zhambyl,,,29-34,9.7
2010,Percent,Zhambyl,,,35-44,7.7
2010,Percent,Zhambyl,,,45-54,4.3
2010,Percent,Zhambyl,,,55-64,1.2
2010,Percent,Karagandy,,,16-24,5.9
2010,Percent,Karagandy,,,25-28,9.9
2010,Percent,Karagandy,,,29-34,5.5
2010,Percent,Karagandy,,,35-44,4.8
2010,Percent,Karagandy,,,45-54,4.6
2010,Percent,Karagandy,,,55-64,4.2
2010,Percent,Kostanay,,,16-24,5.3
2010,Percent,Kostanay,,,25-28,13.3
2010,Percent,Kostanay,,,29-34,5.1
2010,Percent,Kostanay,,,35-44,3.6
2010,Percent,Kostanay,,,45-54,4.4
2010,Percent,Kostanay,,,55-64,8.4
2010,Percent,Kyzylorda,,,16-24,6.5
2010,Percent,Kyzylorda,,,25-28,8.6
2010,Percent,Kyzylorda,,,29-34,4.1
2010,Percent,Kyzylorda,,,35-44,4.0
2010,Percent,Kyzylorda,,,45-54,6.1
2010,Percent,Kyzylorda,,,55-64,10.8
2010,Percent,Mangistau,,,16-24,7.0
2010,Percent,Mangistau,,,25-28,11.7
2010,Percent,Mangistau,,,29-34,2.7
2010,Percent,Mangistau,,,35-44,3.9
2010,Percent,Mangistau,,,45-54,10.4
2010,Percent,Mangistau,,,55-64,8.4
2010,Percent,Ontustik Kazakhstan,,,16-24,2.1
2010,Percent,Ontustik Kazakhstan,,,25-28,11.3
2010,Percent,Ontustik Kazakhstan,,,29-34,6.1
2010,Percent,Ontustik Kazakhstan,,,35-44,6.0
2010,Percent,Ontustik Kazakhstan,,,45-54,5.3
2010,Percent,Ontustik Kazakhstan,,,55-64,2.9
2010,Percent,Pavlodar,,,Y15,3.1
2010,Percent,Pavlodar,,,16-24,5.5
2010,Percent,Pavlodar,,,25-28,8.8
2010,Percent,Pavlodar,,,29-34,4.3
2010,Percent,Pavlodar,,,35-44,4.6
2010,Percent,Pavlodar,,,45-54,6.4
2010,Percent,Pavlodar,,,55-64,4.9
2010,Percent,Soltustik Kazakhstan,,,16-24,5.9
2010,Percent,Soltustik Kazakhstan,,,25-28,9.8
2010,Percent,Soltustik Kazakhstan,,,29-34,7.6
2010,Percent,Soltustik Kazakhstan,,,35-44,4.7
2010,Percent,Soltustik Kazakhstan,,,45-54,4.2
2010,Percent,Soltustik Kazakhstan,,,55-64,5.8
2010,Percent,Shygys Kazakhstan,,,16-24,7.0
2010,Percent,Shygys Kazakhstan,,,25-28,6.7
2010,Percent,Shygys Kazakhstan,,,29-34,4.4
2010,Percent,Shygys Kazakhstan,,,35-44,5.0
2010,Percent,Shygys Kazakhstan,,,45-54,4.9
2010,Percent,Shygys Kazakhstan,,,55-64,8.8
2010,Percent,Nur-Sultan city,,,16-24,11.2
2010,Percent,Nur-Sultan city,,,25-28,4.7
2010,Percent,Nur-Sultan city,,,29-34,6.6
2010,Percent,Nur-Sultan city,,,35-44,6.4
2010,Percent,Nur-Sultan city,,,45-54,5.6
2010,Percent,Nur-Sultan city,,,55-64,2.9
2010,Percent,Almaty city,,,16-24,9.0
2010,Percent,Almaty city,,,25-28,8.5
2010,Percent,Almaty city,,,29-34,5.7
2010,Percent,Almaty city,,,35-44,5.6
2010,Percent,Almaty city,,,45-54,5.5
2010,Percent,Almaty city,,,55-64,4.2
2011,Percent,,,,,5.4
2011,Percent,Akmola,,,,5.5
2011,Percent,Aktobe,,,,4.9
2011,Percent,Almaty,,,,5.1
2011,Percent,Atyrau,,,,5.0
2011,Percent,Batys Kazakhstan,,,,5.3
2011,Percent,Zhambyl,,,,5.5
2011,Percent,Karagandy,,,,5.3
2011,Percent,Kostanay,,,,5.4
2011,Percent,Kyzylorda,,,,5.5
2011,Percent,Mangistau,,,,5.8
2011,Percent,Ontustik Kazakhstan,,,,5.7
2011,Percent,Pavlodar,,,,5.2
2011,Percent,Soltustik Kazakhstan,,,,5.4
2011,Percent,Shygys Kazakhstan,,,,5.2
2011,Percent,Nur-Sultan city,,,,5.8
2011,Percent,Almaty city,,,,5.6
2011,Percent,,,Male,,4.6
2011,Percent,Akmola,,Male,,5.3
2011,Percent,Aktobe,,Male,,3.5
2011,Percent,Almaty,,Male,,5.1
2011,Percent,Atyrau,,Male,,4.2
2011,Percent,Batys Kazakhstan,,Male,,4.9
2011,Percent,Zhambyl,,Male,,4.9
2011,Percent,Karagandy,,Male,,3.7
2011,Percent,Kostanay,,Male,,4.8
2011,Percent,Kyzylorda,,Male,,5.2
2011,Percent,Mangistau,,Male,,5.4
2011,Percent,Ontustik Kazakhstan,,Male,,5.1
2011,Percent,Pavlodar,,Male,,4.4
2011,Percent,Soltustik Kazakhstan,,Male,,5.3
2011,Percent,Shygys Kazakhstan,,Male,,3.7
2011,Percent,Nur-Sultan city,,Male,,4.0
2011,Percent,Almaty city,,Male,,4.4
2011,Percent,,,Female,,6.2
2011,Percent,Akmola,,Female,,5.6
2011,Percent,Aktobe,,Female,,6.2
2011,Percent,Almaty,,Female,,5.0
2011,Percent,Atyrau,,Female,,5.9
2011,Percent,Batys Kazakhstan,,Female,,5.8
2011,Percent,Zhambyl,,Female,,6.1
2011,Percent,Karagandy,,Female,,6.8
2011,Percent,Kostanay,,Female,,5.9
2011,Percent,Kyzylorda,,Female,,5.8
2011,Percent,Mangistau,,Female,,6.3
2011,Percent,Ontustik Kazakhstan,,Female,,6.4
2011,Percent,Pavlodar,,Female,,6.0
2011,Percent,Soltustik Kazakhstan,,Female,,5.6
2011,Percent,Shygys Kazakhstan,,Female,,6.8
2011,Percent,Nur-Sultan city,,Female,,7.8
2011,Percent,Almaty city,,Female,,6.7
2011,Percent,,urban,,,5.8
2011,Percent,Akmola,urban,,,5.2
2011,Percent,Aktobe,urban,,,4.7
2011,Percent,Almaty,urban,,,6.0
2011,Percent,Atyrau,urban,,,5.2
2011,Percent,Batys Kazakhstan,urban,,,4.9
2011,Percent,Zhambyl,urban,,,6.8
2011,Percent,Karagandy,urban,,,5.3
2011,Percent,Kostanay,urban,,,7.4
2011,Percent,Kyzylorda,urban,,,5.1
2011,Percent,Mangistau,urban,,,4.9
2011,Percent,Ontustik Kazakhstan,urban,,,6.7
2011,Percent,Pavlodar,urban,,,5.8
2011,Percent,Soltustik Kazakhstan,urban,,,5.8
2011,Percent,Shygys Kazakhstan,urban,,,5.7
2011,Percent,Nur-Sultan city,urban,,,5.8
2011,Percent,Almaty city,urban,,,5.6
2011,Percent,,rural,,,4.9
2011,Percent,Akmola,rural,,,5.7
2011,Percent,Aktobe,rural,,,5.0
2011,Percent,Almaty,rural,,,4.8
2011,Percent,Atyrau,rural,,,4.9
2011,Percent,Batys Kazakhstan,rural,,,5.6
2011,Percent,Zhambyl,rural,,,4.6
2011,Percent,Karagandy,rural,,,5.1
2011,Percent,Kostanay,rural,,,3.5
2011,Percent,Kyzylorda,rural,,,5.8
2011,Percent,Mangistau,rural,,,7.2
2011,Percent,Ontustik Kazakhstan,rural,,,5.1
2011,Percent,Pavlodar,rural,,,4.1
2011,Percent,Soltustik Kazakhstan,rural,,,5.2
2011,Percent,Shygys Kazakhstan,rural,,,4.6
2011,Percent,,,,16-24,4.6
2011,Percent,,,,25-28,7.8
2011,Percent,,,,29-34,6.6
2011,Percent,,,,35-44,4.7
2011,Percent,,,,45-54,4.5
2011,Percent,,,,55-64,5.3
2011,Percent,Akmola,,,16-24,4.8
2011,Percent,Akmola,,,25-28,6.0
2011,Percent,Akmola,,,29-34,5.2
2011,Percent,Akmola,,,35-44,5.8
2011,Percent,Akmola,,,45-54,5.5
2011,Percent,Akmola,,,55-64,6.0
2011,Percent,Aktobe,,,16-24,2.1
2011,Percent,Aktobe,,,25-28,7.5
2011,Percent,Aktobe,,,29-34,6.7
2011,Percent,Aktobe,,,35-44,5.4
2011,Percent,Aktobe,,,45-54,3.2
2011,Percent,Aktobe,,,55-64,3.4
2011,Percent,Almaty,,,16-24,2.1
2011,Percent,Almaty,,,25-28,6.2
2011,Percent,Almaty,,,29-34,8.0
2011,Percent,Almaty,,,35-44,3.4
2011,Percent,Almaty,,,45-54,4.0
2011,Percent,Almaty,,,55-64,10.2
2011,Percent,Atyrau,,,16-24,0.8
2011,Percent,Atyrau,,,25-28,9.2
2011,Percent,Atyrau,,,29-34,8.1
2011,Percent,Atyrau,,,35-44,3.1
2011,Percent,Atyrau,,,45-54,4.2
2011,Percent,Atyrau,,,55-64,7.8
2011,Percent,Batys Kazakhstan,,,16-24,5.5
2011,Percent,Batys Kazakhstan,,,25-28,4.4
2011,Percent,Batys Kazakhstan,,,29-34,6.4
2011,Percent,Batys Kazakhstan,,,35-44,5.9
2011,Percent,Batys Kazakhstan,,,45-54,5.2
2011,Percent,Batys Kazakhstan,,,55-64,2.7
2011,Percent,Zhambyl,,,16-24,5.6
2011,Percent,Zhambyl,,,25-28,7.8
2011,Percent,Zhambyl,,,29-34,6.6
2011,Percent,Zhambyl,,,35-44,5.1
2011,Percent,Zhambyl,,,45-54,3.7
2011,Percent,Zhambyl,,,55-64,5.4
2011,Percent,Karagandy,,,16-24,5.0
2011,Percent,Karagandy,,,25-28,7.7
2011,Percent,Karagandy,,,29-34,5.2
2011,Percent,Karagandy,,,35-44,4.4
2011,Percent,Karagandy,,,45-54,6.0
2011,Percent,Karagandy,,,55-64,3.6
2011,Percent,Kostanay,,,16-24,5.0
2011,Percent,Kostanay,,,25-28,11.0
2011,Percent,Kostanay,,,29-34,6.7
2011,Percent,Kostanay,,,35-44,4.7
2011,Percent,Kostanay,,,45-54,4.1
2011,Percent,Kostanay,,,55-64,3.5
2011,Percent,Kyzylorda,,,16-24,6.8
2011,Percent,Kyzylorda,,,25-28,6.4
2011,Percent,Kyzylorda,,,29-34,4.9
2011,Percent,Kyzylorda,,,35-44,5.2
2011,Percent,Kyzylorda,,,45-54,4.3
2011,Percent,Kyzylorda,,,55-64,7.3
2011,Percent,Mangistau,,,16-24,6.2
2011,Percent,Mangistau,,,25-28,9.2
2011,Percent,Mangistau,,,29-34,6.1
2011,Percent,Mangistau,,,35-44,4.0
2011,Percent,Mangistau,,,45-54,5.3
2011,Percent,Mangistau,,,55-64,7.4
2011,Percent,Ontustik Kazakhstan,,,16-24,1.8
2011,Percent,Ontustik Kazakhstan,,,25-28,9.3
2011,Percent,Ontustik Kazakhstan,,,29-34,9.8
2011,Percent,Ontustik Kazakhstan,,,35-44,4.7
2011,Percent,Ontustik Kazakhstan,,,45-54,4.0
2011,Percent,Ontustik Kazakhstan,,,55-64,3.6
2011,Percent,Pavlodar,,,16-24,4.6
2011,Percent,Pavlodar,,,25-28,9.0
2011,Percent,Pavlodar,,,29-34,4.5
2011,Percent,Pavlodar,,,35-44,4.0
2011,Percent,Pavlodar,,,45-54,5.3
2011,Percent,Pavlodar,,,55-64,5.5
2011,Percent,Soltustik Kazakhstan,,,16-24,5.8
2011,Percent,Soltustik Kazakhstan,,,25-28,9.0
2011,Percent,Soltustik Kazakhstan,,,29-34,6.4
2011,Percent,Soltustik Kazakhstan,,,35-44,4.0
2011,Percent,Soltustik Kazakhstan,,,45-54,5.1
2011,Percent,Soltustik Kazakhstan,,,55-64,4.9
2011,Percent,Shygys Kazakhstan,,,16-24,9.2
2011,Percent,Shygys Kazakhstan,,,25-28,5.0
2011,Percent,Shygys Kazakhstan,,,29-34,5.9
2011,Percent,Shygys Kazakhstan,,,35-44,4.1
2011,Percent,Shygys Kazakhstan,,,45-54,4.0
2011,Percent,Shygys Kazakhstan,,,55-64,4.4
2011,Percent,Nur-Sultan city,,,16-24,9.0
2011,Percent,Nur-Sultan city,,,25-28,8.2
2011,Percent,Nur-Sultan city,,,29-34,4.5
2011,Percent,Nur-Sultan city,,,35-44,6.2
2011,Percent,Nur-Sultan city,,,45-54,4.6
2011,Percent,Nur-Sultan city,,,55-64,3.3
2011,Percent,Almaty city,,,16-24,6.6
2011,Percent,Almaty city,,,25-28,7.3
2011,Percent,Almaty city,,,29-34,5.6
2011,Percent,Almaty city,,,35-44,5.4
2011,Percent,Almaty city,,,45-54,4.9
2011,Percent,Almaty city,,,55-64,4.1
2012,Percent,,,,,5.3
2012,Percent,Akmola,,,,5.3
2012,Percent,Aktobe,,,,5.0
2012,Percent,Almaty,,,,5.0
2012,Percent,Atyrau,,,,5.0
2012,Percent,Batys Kazakhstan,,,,5.1
2012,Percent,Zhambyl,,,,5.4
2012,Percent,Karagandy,,,,5.1
2012,Percent,Kostanay,,,,5.2
2012,Percent,Kyzylorda,,,,5.3
2012,Percent,Mangistau,,,,5.7
2012,Percent,Ontustik Kazakhstan,,,,5.6
2012,Percent,Pavlodar,,,,4.9
2012,Percent,Soltustik Kazakhstan,,,,5.2
2012,Percent,Shygys Kazakhstan,,,,5.1
2012,Percent,Nur-Sultan city,,,,5.7
2012,Percent,Almaty city,,,,5.6
2012,Percent,,,Male,,4.1
2012,Percent,Akmola,,Male,,4.0
2012,Percent,Aktobe,,Male,,2.9
2012,Percent,Almaty,,Male,,3.6
2012,Percent,Atyrau,,Male,,3.9
2012,Percent,Batys Kazakhstan,,Male,,5.2
2012,Percent,Zhambyl,,Male,,5.3
2012,Percent,Karagandy,,Male,,3.7
2012,Percent,Kostanay,,Male,,4.2
2012,Percent,Kyzylorda,,Male,,4.0
2012,Percent,Mangistau,,Male,,5.0
2012,Percent,Ontustik Kazakhstan,,Male,,4.4
2012,Percent,Pavlodar,,Male,,4.1
2012,Percent,Soltustik Kazakhstan,,Male,,4.1
2012,Percent,Shygys Kazakhstan,,Male,,4.5
2012,Percent,Nur-Sultan city,,Male,,5.5
2012,Percent,Almaty city,,Male,,3.0
2012,Percent,,,Female,,6.5
2012,Percent,Akmola,,Female,,6.6
2012,Percent,Aktobe,,Female,,6.9
2012,Percent,Almaty,,Female,,6.5
2012,Percent,Atyrau,,Female,,6.1
2012,Percent,Batys Kazakhstan,,Female,,5.1
2012,Percent,Zhambyl,,Female,,5.6
2012,Percent,Karagandy,,Female,,6.6
2012,Percent,Kostanay,,Female,,6.3
2012,Percent,Kyzylorda,,Female,,6.8
2012,Percent,Mangistau,,Female,,6.5
2012,Percent,Ontustik Kazakhstan,,Female,,7.0
2012,Percent,Pavlodar,,Female,,5.8
2012,Percent,Soltustik Kazakhstan,,Female,,6.3
2012,Percent,Shygys Kazakhstan,,Female,,5.7
2012,Percent,Nur-Sultan city,,Female,,5.9
2012,Percent,Almaty city,,Female,,8.0
2012,Percent,,urban,,,5.6
2012,Percent,Akmola,urban,,,4.8
2012,Percent,Aktobe,urban,,,5.4
2012,Percent,Almaty,urban,,,4.4
2012,Percent,Atyrau,urban,,,4.4
2012,Percent,Batys Kazakhstan,urban,,,5.0
2012,Percent,Zhambyl,urban,,,6.8
2012,Percent,Karagandy,urban,,,5.1
2012,Percent,Kostanay,urban,,,7.1
2012,Percent,Kyzylorda,urban,,,5.0
2012,Percent,Mangistau,urban,,,4.8
2012,Percent,Ontustik Kazakhstan,urban,,,6.5
2012,Percent,Pavlodar,urban,,,5.5
2012,Percent,Soltustik Kazakhstan,urban,,,5.6
2012,Percent,Shygys Kazakhstan,urban,,,5.5
2012,Percent,Nur-Sultan city,urban,,,5.7
2012,Percent,Almaty city,urban,,,5.6
2012,Percent,,rural,,,5.0
2012,Percent,Akmola,rural,,,5.8
2012,Percent,Aktobe,rural,,,4.2
2012,Percent,Almaty,rural,,,5.2
2012,Percent,Atyrau,rural,,,5.5
2012,Percent,Batys Kazakhstan,rural,,,5.2
2012,Percent,Zhambyl,rural,,,4.6
2012,Percent,Karagandy,rural,,,5.3
2012,Percent,Kostanay,rural,,,3.5
2012,Percent,Kyzylorda,rural,,,5.6
2012,Percent,Mangistau,rural,,,6.7
2012,Percent,Ontustik Kazakhstan,rural,,,5.1
2012,Percent,Pavlodar,rural,,,3.9
2012,Percent,Soltustik Kazakhstan,rural,,,5.0
2012,Percent,Shygys Kazakhstan,rural,,,4.5
2012,Percent,,,,16-24,4.0
2012,Percent,,,,25-28,7.0
2012,Percent,,,,29-34,6.0
2012,Percent,,,,35-44,5.1
2012,Percent,,,,45-54,4.9
2012,Percent,,,,55-64,5.1
2012,Percent,Akmola,,,16-24,3.7
2012,Percent,Akmola,,,25-28,7.0
2012,Percent,Akmola,,,29-34,7.4
2012,Percent,Akmola,,,35-44,4.8
2012,Percent,Akmola,,,45-54,4.3
2012,Percent,Akmola,,,55-64,6.0
2012,Percent,Aktobe,,,16-24,2.3
2012,Percent,Aktobe,,,25-28,6.8
2012,Percent,Aktobe,,,29-34,7.2
2012,Percent,Aktobe,,,35-44,4.0
2012,Percent,Aktobe,,,45-54,4.1
2012,Percent,Aktobe,,,55-64,3.8
2012,Percent,Almaty,,,16-24,1.9
2012,Percent,Almaty,,,25-28,6.0
2012,Percent,Almaty,,,29-34,4.7
2012,Percent,Almaty,,,35-44,6.3
2012,Percent,Almaty,,,45-54,5.4
2012,Percent,Almaty,,,55-64,6.5
2012,Percent,Atyrau,,,16-24,1.0
2012,Percent,Atyrau,,,25-28,6.8
2012,Percent,Atyrau,,,29-34,5.9
2012,Percent,Atyrau,,,35-44,3.5
2012,Percent,Atyrau,,,45-54,5.8
2012,Percent,Atyrau,,,55-64,10.3
2012,Percent,Batys Kazakhstan,,,16-24,5.0
2012,Percent,Batys Kazakhstan,,,25-28,9.2
2012,Percent,Batys Kazakhstan,,,29-34,6.7
2012,Percent,Batys Kazakhstan,,,35-44,4.5
2012,Percent,Batys Kazakhstan,,,45-54,3.9
2012,Percent,Batys Kazakhstan,,,55-64,4.8
2012,Percent,Zhambyl,,,16-24,5.6
2012,Percent,Zhambyl,,,25-28,10.9
2012,Percent,Zhambyl,,,29-34,2.8
2012,Percent,Zhambyl,,,35-44,3.7
2012,Percent,Zhambyl,,,45-54,3.8
2012,Percent,Zhambyl,,,55-64,9.6
2012,Percent,Karagandy,,,16-24,4.8
2012,Percent,Karagandy,,,25-28,5.4
2012,Percent,Karagandy,,,29-34,6.2
2012,Percent,Karagandy,,,35-44,5.6
2012,Percent,Karagandy,,,45-54,5.6
2012,Percent,Karagandy,,,55-64,2.1
2012,Percent,Kostanay,,,16-24,5.2
2012,Percent,Kostanay,,,25-28,7.3
2012,Percent,Kostanay,,,29-34,5.7
2012,Percent,Kostanay,,,35-44,6.8
2012,Percent,Kostanay,,,45-54,4.5
2012,Percent,Kostanay,,,55-64,2.5
2012,Percent,Kyzylorda,,,16-24,6.9
2012,Percent,Kyzylorda,,,25-28,5.9
2012,Percent,Kyzylorda,,,29-34,5.5
2012,Percent,Kyzylorda,,,35-44,4.9
2012,Percent,Kyzylorda,,,45-54,3.9
2012,Percent,Kyzylorda,,,55-64,7.2
2012,Percent,Mangistau,,,16-24,4.3
2012,Percent,Mangistau,,,25-28,4.8
2012,Percent,Mangistau,,,29-34,9.5
2012,Percent,Mangistau,,,35-44,4.5
2012,Percent,Mangistau,,,45-54,4.5
2012,Percent,Mangistau,,,55-64,4.4
2012,Percent,Ontustik Kazakhstan,,,16-24,0.9
2012,Percent,Ontustik Kazakhstan,,,25-28,9.3
2012,Percent,Ontustik Kazakhstan,,,29-34,8.2
2012,Percent,Ontustik Kazakhstan,,,35-44,4.8
2012,Percent,Ontustik Kazakhstan,,,45-54,5.8
2012,Percent,Ontustik Kazakhstan,,,55-64,3.6
2012,Percent,Pavlodar,,,16-24,4.1
2012,Percent,Pavlodar,,,25-28,6.2
2012,Percent,Pavlodar,,,29-34,2.9
2012,Percent,Pavlodar,,,35-44,4.6
2012,Percent,Pavlodar,,,45-54,5.4
2012,Percent,Pavlodar,,,55-64,7.6
2012,Percent,Soltustik Kazakhstan,,,16-24,4.3
2012,Percent,Soltustik Kazakhstan,,,25-28,8.9
2012,Percent,Soltustik Kazakhstan,,,29-34,3.9
2012,Percent,Soltustik Kazakhstan,,,35-44,5.9
2012,Percent,Soltustik Kazakhstan,,,45-54,5.0
2012,Percent,Soltustik Kazakhstan,,,55-64,4.8
2012,Percent,Shygys Kazakhstan,,,16-24,5.7
2012,Percent,Shygys Kazakhstan,,,25-28,6.3
2012,Percent,Shygys Kazakhstan,,,29-34,8.7
2012,Percent,Shygys Kazakhstan,,,35-44,4.5
2012,Percent,Shygys Kazakhstan,,,45-54,3.0
2012,Percent,Shygys Kazakhstan,,,55-64,2.5
2012,Percent,Nur-Sultan city,,,16-24,8.9
2012,Percent,Nur-Sultan city,,,25-28,5.2
2012,Percent,Nur-Sultan city,,,29-34,5.9
2012,Percent,Nur-Sultan city,,,35-44,4.3
2012,Percent,Nur-Sultan city,,,45-54,5.3
2012,Percent,Nur-Sultan city,,,55-64,4.7
2012,Percent,Almaty city,,,16-24,6.0
2012,Percent,Almaty city,,,25-28,4.9
2012,Percent,Almaty city,,,29-34,3.7
2012,Percent,Almaty city,,,35-44,6.8
2012,Percent,Almaty city,,,45-54,6.7
2012,Percent,Almaty city,,,55-64,5.6
2013,Percent,,,,,5.2
2013,Percent,Akmola,,,,5.2
2013,Percent,Aktobe,,,,4.9
2013,Percent,Almaty,,,,4.9
2013,Percent,Atyrau,,,,5.0
2013,Percent,Batys Kazakhstan,,,,5.1
2013,Percent,Zhambyl,,,,5.2
2013,Percent,Karagandy,,,,5.0
2013,Percent,Kostanay,,,,5.2
2013,Percent,Kyzylorda,,,,5.2
2013,Percent,Mangistau,,,,5.5
2013,Percent,Ontustik Kazakhstan,,,,5.5
2013,Percent,Pavlodar,,,,5.0
2013,Percent,Soltustik Kazakhstan,,,,5.1
2013,Percent,Shygys Kazakhstan,,,,5.1
2013,Percent,Nur-Sultan city,,,,5.5
2013,Percent,Almaty city,,,,5.6
2013,Percent,,,Male,,4.6
2013,Percent,Akmola,,Male,,4.7
2013,Percent,Aktobe,,Male,,3.3
2013,Percent,Almaty,,Male,,5.9
2013,Percent,Atyrau,,Male,,4.7
2013,Percent,Batys Kazakhstan,,Male,,4.2
2013,Percent,Zhambyl,,Male,,5.1
2013,Percent,Karagandy,,Male,,4.8
2013,Percent,Kostanay,,Male,,4.4
2013,Percent,Kyzylorda,,Male,,4.1
2013,Percent,Mangistau,,Male,,2.7
2013,Percent,Ontustik Kazakhstan,,Male,,3.9
2013,Percent,Pavlodar,,Male,,4.2
2013,Percent,Soltustik Kazakhstan,,Male,,5.1
2013,Percent,Shygys Kazakhstan,,Male,,4.7
2013,Percent,Nur-Sultan city,,Male,,4.7
2013,Percent,Almaty city,,Male,,4.7
2013,Percent,,,Female,,5.9
2013,Percent,Akmola,,Female,,5.6
2013,Percent,Aktobe,,Female,,6.6
2013,Percent,Almaty,,Female,,3.9
2013,Percent,Atyrau,,Female,,5.3
2013,Percent,Batys Kazakhstan,,Female,,6.0
2013,Percent,Zhambyl,,Female,,5.3
2013,Percent,Karagandy,,Female,,5.2
2013,Percent,Kostanay,,Female,,5.9
2013,Percent,Kyzylorda,,Female,,6.4
2013,Percent,Mangistau,,Female,,8.8
2013,Percent,Ontustik Kazakhstan,,Female,,7.4
2013,Percent,Pavlodar,,Female,,5.8
2013,Percent,Soltustik Kazakhstan,,Female,,5.1
2013,Percent,Shygys Kazakhstan,,Female,,5.4
2013,Percent,Nur-Sultan city,,Female,,6.3
2013,Percent,Almaty city,,Female,,6.5
2013,Percent,,urban,,,5.4
2013,Percent,Akmola,urban,,,4.8
2013,Percent,Aktobe,urban,,,5.4
2013,Percent,Almaty,urban,,,4.7
2013,Percent,Atyrau,urban,,,4.7
2013,Percent,Batys Kazakhstan,urban,,,4.9
2013,Percent,Zhambyl,urban,,,6.5
2013,Percent,Karagandy,urban,,,4.9
2013,Percent,Kostanay,urban,,,6.7
2013,Percent,Kyzylorda,urban,,,5.0
2013,Percent,Mangistau,urban,,,4.9
2013,Percent,Ontustik Kazakhstan,urban,,,6.1
2013,Percent,Pavlodar,urban,,,5.4
2013,Percent,Soltustik Kazakhstan,urban,,,5.1
2013,Percent,Shygys Kazakhstan,urban,,,5.4
2013,Percent,Nur-Sultan city,urban,,,5.5
2013,Percent,Almaty city,urban,,,5.6
2013,Percent,,rural,,,4.9
2013,Percent,Akmola,rural,,,5.5
2013,Percent,Aktobe,rural,,,4.2
2013,Percent,Almaty,rural,,,5.0
2013,Percent,Atyrau,rural,,,5.3
2013,Percent,Batys Kazakhstan,rural,,,5.2
2013,Percent,Zhambyl,rural,,,4.4
2013,Percent,Karagandy,rural,,,5.2
2013,Percent,Kostanay,rural,,,3.7
2013,Percent,Kyzylorda,rural,,,5.3
2013,Percent,Mangistau,rural,,,6.3
2013,Percent,Ontustik Kazakhstan,rural,,,5.2
2013,Percent,Pavlodar,rural,,,4.2
2013,Percent,Soltustik Kazakhstan,rural,,,5.0
2013,Percent,Shygys Kazakhstan,rural,,,4.6
2013,Percent,,,,16-24,3.9
2013,Percent,,,,25-28,7.1
2013,Percent,,,,29-34,7.0
2013,Percent,,,,35-44,4.8
2013,Percent,,,,45-54,4.3
2013,Percent,,,,55-64,4.2
2013,Percent,Akmola,,,16-24,3.8
2013,Percent,Akmola,,,25-28,6.6
2013,Percent,Akmola,,,29-34,3.5
2013,Percent,Akmola,,,35-44,5.9
2013,Percent,Akmola,,,45-54,4.6
2013,Percent,Akmola,,,55-64,6.9
2013,Percent,Aktobe,,,16-24,2.5
2013,Percent,Aktobe,,,25-28,3.8
2013,Percent,Aktobe,,,29-34,4.8
2013,Percent,Aktobe,,,35-44,6.2
2013,Percent,Aktobe,,,45-54,7.0
2013,Percent,Aktobe,,,55-64,0.4
2013,Percent,Almaty,,,16-24,2.4
2013,Percent,Almaty,,,25-28,11.6
2013,Percent,Almaty,,,29-34,11.7
2013,Percent,Almaty,,,35-44,2.2
2013,Percent,Almaty,,,45-54,1.7
2013,Percent,Almaty,,,55-64,0.1
2013,Percent,Atyrau,,,16-24,1.0
2013,Percent,Atyrau,,,25-28,6.8
2013,Percent,Atyrau,,,29-34,6.8
2013,Percent,Atyrau,,,35-44,4.1
2013,Percent,Atyrau,,,45-54,6.4
2013,Percent,Atyrau,,,55-64,5.6
2013,Percent,Batys Kazakhstan,,,16-24,4.5
2013,Percent,Batys Kazakhstan,,,25-28,5.5
2013,Percent,Batys Kazakhstan,,,29-34,6.5
2013,Percent,Batys Kazakhstan,,,35-44,5.6
2013,Percent,Batys Kazakhstan,,,45-54,4.7
2013,Percent,Batys Kazakhstan,,,55-64,3.7
2013,Percent,Zhambyl,,,16-24,5.2
2013,Percent,Zhambyl,,,25-28,9.4
2013,Percent,Zhambyl,,,29-34,3.2
2013,Percent,Zhambyl,,,35-44,3.7
2013,Percent,Zhambyl,,,45-54,3.4
2013,Percent,Zhambyl,,,55-64,9.3
2013,Percent,Karagandy,,,16-24,5.2
2013,Percent,Karagandy,,,25-28,3.6
2013,Percent,Karagandy,,,29-34,8.3
2013,Percent,Karagandy,,,35-44,5.1
2013,Percent,Karagandy,,,45-54,4.0
2013,Percent,Karagandy,,,55-64,3.1
2013,Percent,Kostanay,,,16-24,4.6
2013,Percent,Kostanay,,,25-28,2.8
2013,Percent,Kostanay,,,29-34,6.5
2013,Percent,Kostanay,,,35-44,5.8
2013,Percent,Kostanay,,,45-54,6.2
2013,Percent,Kostanay,,,55-64,3.3
2013,Percent,Kyzylorda,,,16-24,6.7
2013,Percent,Kyzylorda,,,25-28,6.8
2013,Percent,Kyzylorda,,,29-34,4.6
2013,Percent,Kyzylorda,,,35-44,4.6
2013,Percent,Kyzylorda,,,45-54,4.5
2013,Percent,Kyzylorda,,,55-64,3.9
2013,Percent,Mangistau,,,16-24,7.9
2013,Percent,Mangistau,,,25-28,7.1
2013,Percent,Mangistau,,,29-34,4.1
2013,Percent,Mangistau,,,35-44,3.4
2013,Percent,Mangistau,,,45-54,6.7
2013,Percent,Mangistau,,,55-64,7.1
2013,Percent,Ontustik Kazakhstan,,,16-24,1.0
2013,Percent,Ontustik Kazakhstan,,,25-28,5.4
2013,Percent,Ontustik Kazakhstan,,,29-34,10.4
2013,Percent,Ontustik Kazakhstan,,,35-44,4.6
2013,Percent,Ontustik Kazakhstan,,,45-54,4.8
2013,Percent,Ontustik Kazakhstan,,,55-64,5.1
2013,Percent,Pavlodar,,,16-24,3.6
2013,Percent,Pavlodar,,,25-28,7.6
2013,Percent,Pavlodar,,,29-34,4.7
2013,Percent,Pavlodar,,,35-44,4.4
2013,Percent,Pavlodar,,,45-54,4.9
2013,Percent,Pavlodar,,,55-64,5.5
2013,Percent,Soltustik Kazakhstan,,,16-24,3.7
2013,Percent,Soltustik Kazakhstan,,,25-28,12.1
2013,Percent,Soltustik Kazakhstan,,,29-34,5.6
2013,Percent,Soltustik Kazakhstan,,,35-44,5.9
2013,Percent,Soltustik Kazakhstan,,,45-54,3.4
2013,Percent,Soltustik Kazakhstan,,,55-64,3.1
2013,Percent,Shygys Kazakhstan,,,16-24,3.7
2013,Percent,Shygys Kazakhstan,,,25-28,8.3
2013,Percent,Shygys Kazakhstan,,,29-34,8.6
2013,Percent,Shygys Kazakhstan,,,35-44,4.7
2013,Percent,Shygys Kazakhstan,,,45-54,2.7
2013,Percent,Shygys Kazakhstan,,,55-64,2.5
2013,Percent,Nur-Sultan city,,,16-24,7.7
2013,Percent,Nur-Sultan city,,,25-28,2.9
2013,Percent,Nur-Sultan city,,,29-34,3.0
2013,Percent,Nur-Sultan city,,,35-44,8.2
2013,Percent,Nur-Sultan city,,,45-54,5.9
2013,Percent,Nur-Sultan city,,,55-64,6.4
2013,Percent,Almaty city,,,16-24,5.9
2013,Percent,Almaty city,,,25-28,10.0
2013,Percent,Almaty city,,,29-34,4.9
2013,Percent,Almaty city,,,35-44,5.4
2013,Percent,Almaty city,,,45-54,3.6
2013,Percent,Almaty city,,,55-64,4.1
2014,Percent,,,,,5.0
2014,Percent,Akmola,,,,4.9
2014,Percent,Aktobe,,,,4.9
2014,Percent,Almaty,,,,4.9
2014,Percent,Atyrau,,,,5.0
2014,Percent,Batys Kazakhstan,,,,5.0
2014,Percent,Zhambyl,,,,4.9
2014,Percent,Karagandy,,,,4.9
2014,Percent,Kostanay,,,,5.0
2014,Percent,Kyzylorda,,,,5.0
2014,Percent,Mangistau,,,,5.0
2014,Percent,Ontustik Kazakhstan,,,,5.4
2014,Percent,Pavlodar,,,,4.8
2014,Percent,Soltustik Kazakhstan,,,,5.0
2014,Percent,Shygys Kazakhstan,,,,4.8
2014,Percent,Nur-Sultan city,,,,5.1
2014,Percent,Almaty city,,,,5.5
2014,Percent,,,Male,,4.3
2014,Percent,Akmola,,Male,,4.6
2014,Percent,Aktobe,,Male,,3.8
2014,Percent,Almaty,,Male,,4.0
2014,Percent,Atyrau,,Male,,5.2
2014,Percent,Batys Kazakhstan,,Male,,4.5
2014,Percent,Zhambyl,,Male,,4.0
2014,Percent,Karagandy,,Male,,3.6
2014,Percent,Kostanay,,Male,,5.1
2014,Percent,Kyzylorda,,Male,,4.5
2014,Percent,Mangistau,,Male,,3.9
2014,Percent,Ontustik Kazakhstan,,Male,,4.5
2014,Percent,Pavlodar,,Male,,4.5
2014,Percent,Soltustik Kazakhstan,,Male,,4.9
2014,Percent,Shygys Kazakhstan,,Male,,3.3
2014,Percent,Nur-Sultan city,,Male,,5.0
2014,Percent,Almaty city,,Male,,4.5
2014,Percent,,,Female,,5.8
2014,Percent,Akmola,,Female,,5.3
2014,Percent,Aktobe,,Female,,6.0
2014,Percent,Almaty,,Female,,5.9
2014,Percent,Atyrau,,Female,,4.9
2014,Percent,Batys Kazakhstan,,Female,,5.6
2014,Percent,Zhambyl,,Female,,5.9
2014,Percent,Karagandy,,Female,,6.2
2014,Percent,Kostanay,,Female,,5.0
2014,Percent,Kyzylorda,,Female,,5.7
2014,Percent,Mangistau,,Female,,6.3
2014,Percent,Ontustik Kazakhstan,,Female,,6.4
2014,Percent,Pavlodar,,Female,,5.0
2014,Percent,Soltustik Kazakhstan,,Female,,5.1
2014,Percent,Shygys Kazakhstan,,Female,,6.3
2014,Percent,Nur-Sultan city,,Female,,5.1
2014,Percent,Almaty city,,Female,,6.5
2014,Percent,,urban,,,5.2
2014,Percent,Akmola,urban,,,4.6
2014,Percent,Aktobe,urban,,,5.1
2014,Percent,Almaty,urban,,,5.0
2014,Percent,Atyrau,urban,,,4.4
2014,Percent,Batys Kazakhstan,urban,,,4.9
2014,Percent,Zhambyl,urban,,,6.0
2014,Percent,Karagandy,urban,,,5.1
2014,Percent,Kostanay,urban,,,6.0
2014,Percent,Kyzylorda,urban,,,4.7
2014,Percent,Mangistau,urban,,,4.5
2014,Percent,Ontustik Kazakhstan,urban,,,5.7
2014,Percent,Pavlodar,urban,,,5.0
2014,Percent,Soltustik Kazakhstan,urban,,,4.7
2014,Percent,Shygys Kazakhstan,urban,,,4.8
2014,Percent,Nur-Sultan city,urban,,,5.1
2014,Percent,Almaty city,urban,,,5.5
2014,Percent,,rural,,,4.9
2014,Percent,Akmola,rural,,,5.3
2014,Percent,Aktobe,rural,,,4.5
2014,Percent,Almaty,rural,,,4.8
2014,Percent,Atyrau,rural,,,5.6
2014,Percent,Batys Kazakhstan,rural,,,5.1
2014,Percent,Zhambyl,rural,,,4.1
2014,Percent,Karagandy,rural,,,4.1
2014,Percent,Kostanay,rural,,,4.0
2014,Percent,Kyzylorda,rural,,,5.2
2014,Percent,Mangistau,rural,,,5.6
2014,Percent,Ontustik Kazakhstan,rural,,,5.3
2014,Percent,Pavlodar,rural,,,4.2
2014,Percent,Soltustik Kazakhstan,rural,,,5.2
2014,Percent,Shygys Kazakhstan,rural,,,4.7
2014,Percent,,,,16-24,3.8
2014,Percent,,,,25-28,4.7
2014,Percent,,,,29-34,7.4
2014,Percent,,,,35-44,4.6
2014,Percent,,,,45-54,4.6
2014,Percent,,,,55-64,5.1
2014,Percent,Akmola,,,16-24,3.8
2014,Percent,Akmola,,,25-28,2.2
2014,Percent,Akmola,,,29-34,5.9
2014,Percent,Akmola,,,35-44,4.9
2014,Percent,Akmola,,,45-54,6.2
2014,Percent,Akmola,,,55-64,5.5
2014,Percent,Aktobe,,,16-24,3.0
2014,Percent,Aktobe,,,25-28,3.3
2014,Percent,Aktobe,,,29-34,6.1
2014,Percent,Aktobe,,,35-44,6.1
2014,Percent,Aktobe,,,45-54,5.3
2014,Percent,Aktobe,,,55-64,1.8
2014,Percent,Almaty,,,16-24,3.0
2014,Percent,Almaty,,,25-28,3.5
2014,Percent,Almaty,,,29-34,9.4
2014,Percent,Almaty,,,35-44,4.6
2014,Percent,Almaty,,,45-54,4.2
2014,Percent,Almaty,,,55-64,8.0
2014,Percent,Atyrau,,,16-24,1.3
2014,Percent,Atyrau,,,25-28,4.9
2014,Percent,Atyrau,,,29-34,6.2
2014,Percent,Atyrau,,,35-44,5.6
2014,Percent,Atyrau,,,45-54,5.5
2014,Percent,Atyrau,,,55-64,5.8
2014,Percent,Batys Kazakhstan,,,16-24,4.1
2014,Percent,Batys Kazakhstan,,,25-28,4.7
2014,Percent,Batys Kazakhstan,,,29-34,7.4
2014,Percent,Batys Kazakhstan,,,35-44,4.4
2014,Percent,Batys Kazakhstan,,,45-54,5.5
2014,Percent,Batys Kazakhstan,,,55-64,4.6
2014,Percent,Zhambyl,,,16-24,4.8
2014,Percent,Zhambyl,,,25-28,5.7
2014,Percent,Zhambyl,,,29-34,5.9
2014,Percent,Zhambyl,,,35-44,3.4
2014,Percent,Zhambyl,,,45-54,4.6
2014,Percent,Zhambyl,,,55-64,7.2
2014,Percent,Karagandy,,,16-24,5.1
2014,Percent,Karagandy,,,25-28,3.6
2014,Percent,Karagandy,,,29-34,6.9
2014,Percent,Karagandy,,,35-44,4.8
2014,Percent,Karagandy,,,45-54,4.8
2014,Percent,Karagandy,,,55-64,3.3
2014,Percent,Kostanay,,,16-24,3.8
2014,Percent,Kostanay,,,25-28,3.5
2014,Percent,Kostanay,,,29-34,10.0
2014,Percent,Kostanay,,,35-44,5.2
2014,Percent,Kostanay,,,45-54,3.6
2014,Percent,Kostanay,,,55-64,2.5
2014,Percent,Kyzylorda,,,16-24,5.8
2014,Percent,Kyzylorda,,,25-28,3.9
2014,Percent,Kyzylorda,,,29-34,7.3
2014,Percent,Kyzylorda,,,35-44,5.0
2014,Percent,Kyzylorda,,,45-54,3.6
2014,Percent,Kyzylorda,,,55-64,2.6
2014,Percent,Mangistau,,,16-24,6.4
2014,Percent,Mangistau,,,25-28,4.9
2014,Percent,Mangistau,,,29-34,9.4
2014,Percent,Mangistau,,,35-44,2.5
2014,Percent,Mangistau,,,45-54,2.3
2014,Percent,Mangistau,,,55-64,5.1
2014,Percent,Ontustik Kazakhstan,,,16-24,1.5
2014,Percent,Ontustik Kazakhstan,,,25-28,4.1
2014,Percent,Ontustik Kazakhstan,,,29-34,9.8
2014,Percent,Ontustik Kazakhstan,,,35-44,4.9
2014,Percent,Ontustik Kazakhstan,,,45-54,5.9
2014,Percent,Ontustik Kazakhstan,,,55-64,4.7
2014,Percent,Pavlodar,,,16-24,2.3
2014,Percent,Pavlodar,,,25-28,3.0
2014,Percent,Pavlodar,,,29-34,6.7
2014,Percent,Pavlodar,,,35-44,4.4
2014,Percent,Pavlodar,,,45-54,5.5
2014,Percent,Pavlodar,,,55-64,5.2
2014,Percent,Soltustik Kazakhstan,,,16-24,5.0
2014,Percent,Soltustik Kazakhstan,,,25-28,2.7
2014,Percent,Soltustik Kazakhstan,,,29-34,8.8
2014,Percent,Soltustik Kazakhstan,,,35-44,5.7
2014,Percent,Soltustik Kazakhstan,,,45-54,4.0
2014,Percent,Soltustik Kazakhstan,,,55-64,3.3
2014,Percent,Shygys Kazakhstan,,,16-24,3.9
2014,Percent,Shygys Kazakhstan,,,25-28,4.8
2014,Percent,Shygys Kazakhstan,,,29-34,7.9
2014,Percent,Shygys Kazakhstan,,,35-44,4.2
2014,Percent,Shygys Kazakhstan,,,45-54,3.4
2014,Percent,Shygys Kazakhstan,,,55-64,4.2
2014,Percent,Nur-Sultan city,,,16-24,8.0
2014,Percent,Nur-Sultan city,,,25-28,5.3
2014,Percent,Nur-Sultan city,,,29-34,4.4
2014,Percent,Nur-Sultan city,,,35-44,5.0
2014,Percent,Nur-Sultan city,,,45-54,4.3
2014,Percent,Nur-Sultan city,,,55-64,3.6
2014,Percent,Almaty city,,,16-24,5.6
2014,Percent,Almaty city,,,25-28,12.7
2014,Percent,Almaty city,,,29-34,4.5
2014,Percent,Almaty city,,,35-44,3.4
2014,Percent,Almaty city,,,45-54,4.0
2014,Percent,Almaty city,,,55-64,9.1
2015,Percent,,,,,5.1
2015,Percent,Akmola,,,,5.1
2015,Percent,Aktobe,,,,5.1
2015,Percent,Almaty,,,,5.0
2015,Percent,Atyrau,,,,5.0
2015,Percent,Batys Kazakhstan,,,,5.1
2015,Percent,Zhambyl,,,,5.1
2015,Percent,Karagandy,,,,5.3
2015,Percent,Kostanay,,,,5.1
2015,Percent,Kyzylorda,,,,5.1
2015,Percent,Mangistau,,,,5.1
2015,Percent,Ontustik Kazakhstan,,,,5.3
2015,Percent,Pavlodar,,,,4.9
2015,Percent,Soltustik Kazakhstan,,,,5.1
2015,Percent,Shygys Kazakhstan,,,,5.0
2015,Percent,Nur-Sultan city,,,,4.7
2015,Percent,Almaty city,,,,5.3
2015,Percent,,,Male,,4.4
2015,Percent,Akmola,,Male,,5.0
2015,Percent,Aktobe,,Male,,4.3
2015,Percent,Almaty,,Male,,4.0
2015,Percent,Atyrau,,Male,,5.4
2015,Percent,Batys Kazakhstan,,Male,,4.3
2015,Percent,Zhambyl,,Male,,4.1
2015,Percent,Karagandy,,Male,,3.8
2015,Percent,Kostanay,,Male,,4.5
2015,Percent,Kyzylorda,,Male,,4.7
2015,Percent,Mangistau,,Male,,2.6
2015,Percent,Ontustik Kazakhstan,,Male,,4.7
2015,Percent,Pavlodar,,Male,,4.7
2015,Percent,Soltustik Kazakhstan,,Male,,4.4
2015,Percent,Shygys Kazakhstan,,Male,,4.3
2015,Percent,Nur-Sultan city,,Male,,4.1
2015,Percent,Almaty city,,Male,,4.8
2015,Percent,,,Female,,5.9
2015,Percent,Akmola,,Female,,5.1
2015,Percent,Aktobe,,Female,,6.0
2015,Percent,Almaty,,Female,,6.1
2015,Percent,Atyrau,,Female,,4.7
2015,Percent,Batys Kazakhstan,,Female,,6.0
2015,Percent,Zhambyl,,Female,,6.1
2015,Percent,Karagandy,,Female,,6.9
2015,Percent,Kostanay,,Female,,5.7
2015,Percent,Kyzylorda,,Female,,5.6
2015,Percent,Mangistau,,Female,,7.9
2015,Percent,Ontustik Kazakhstan,,Female,,6.1
2015,Percent,Pavlodar,,Female,,5.1
2015,Percent,Soltustik Kazakhstan,,Female,,5.8
2015,Percent,Shygys Kazakhstan,,Female,,5.8
2015,Percent,Nur-Sultan city,,Female,,5.3
2015,Percent,Almaty city,,Female,,5.6
2015,Percent,,urban,,,5.0
2015,Percent,Akmola,urban,,,4.5
2015,Percent,Aktobe,urban,,,4.9
2015,Percent,Almaty,urban,,,5.0
2015,Percent,Atyrau,urban,,,4.1
2015,Percent,Batys Kazakhstan,urban,,,4.8
2015,Percent,Zhambyl,urban,,,5.7
2015,Percent,Karagandy,urban,,,5.1
2015,Percent,Kostanay,urban,,,5.6
2015,Percent,Kyzylorda,urban,,,4.8
2015,Percent,Mangistau,urban,,,4.5
2015,Percent,Ontustik Kazakhstan,urban,,,5.2
2015,Percent,Pavlodar,urban,,,5.0
2015,Percent,Soltustik Kazakhstan,urban,,,4.5
2015,Percent,Shygys Kazakhstan,urban,,,5.1
2015,Percent,Nur-Sultan city,urban,,,4.7
2015,Percent,Almaty city,urban,,,5.3
2015,Percent,,rural,,,4.9
2015,Percent,Akmola,rural,,,5.2
2015,Percent,Aktobe,rural,,,4.9
2015,Percent,Almaty,rural,,,4.7
2015,Percent,Atyrau,rural,,,6.0
2015,Percent,Batys Kazakhstan,rural,,,5.0
2015,Percent,Zhambyl,rural,,,4.5
2015,Percent,Karagandy,rural,,,4.2
2015,Percent,Kostanay,rural,,,4.2
2015,Percent,Kyzylorda,rural,,,5.1
2015,Percent,Mangistau,rural,,,5.8
2015,Percent,Ontustik Kazakhstan,rural,,,5.3
2015,Percent,Pavlodar,rural,,,4.2
2015,Percent,Soltustik Kazakhstan,rural,,,5.2
2015,Percent,Shygys Kazakhstan,rural,,,4.6
2015,Percent,,,,16-24,4.2
2015,Percent,,,,25-28,4.6
2015,Percent,,,,29-34,7.6
2015,Percent,,,,35-44,4.5
2015,Percent,,,,45-54,4.6
2015,Percent,,,,55-64,5.4
2015,Percent,Akmola,,,16-24,3.6
2015,Percent,Akmola,,,25-28,2.7
2015,Percent,Akmola,,,29-34,6.0
2015,Percent,Akmola,,,35-44,5.3
2015,Percent,Akmola,,,45-54,5.8
2015,Percent,Akmola,,,55-64,5.8
2015,Percent,Aktobe,,,16-24,3.5
2015,Percent,Aktobe,,,25-28,3.0
2015,Percent,Aktobe,,,29-34,7.8
2015,Percent,Aktobe,,,35-44,5.1
2015,Percent,Aktobe,,,45-54,4.2
2015,Percent,Aktobe,,,55-64,5.9
2015,Percent,Almaty,,,16-24,2.7
2015,Percent,Almaty,,,25-28,2.4
2015,Percent,Almaty,,,29-34,7.7
2015,Percent,Almaty,,,35-44,5.2
2015,Percent,Almaty,,,45-54,5.0
2015,Percent,Almaty,,,55-64,9.3
2015,Percent,Atyrau,,,16-24,1.4
2015,Percent,Atyrau,,,25-28,3.9
2015,Percent,Atyrau,,,29-34,5.8
2015,Percent,Atyrau,,,35-44,4.4
2015,Percent,Atyrau,,,45-54,5.1
2015,Percent,Atyrau,,,55-64,11.9
2015,Percent,Batys Kazakhstan,,,16-24,4.3
2015,Percent,Batys Kazakhstan,,,25-28,4.1
2015,Percent,Batys Kazakhstan,,,29-34,5.6
2015,Percent,Batys Kazakhstan,,,35-44,5.5
2015,Percent,Batys Kazakhstan,,,45-54,5.1
2015,Percent,Batys Kazakhstan,,,55-64,5.7
2015,Percent,Zhambyl,,,16-24,5.5
2015,Percent,Zhambyl,,,25-28,4.5
2015,Percent,Zhambyl,,,29-34,6.7
2015,Percent,Zhambyl,,,35-44,4.4
2015,Percent,Zhambyl,,,45-54,5.4
2015,Percent,Zhambyl,,,55-64,3.5
2015,Percent,Karagandy,,,16-24,6.4
2015,Percent,Karagandy,,,25-28,4.4
2015,Percent,Karagandy,,,29-34,7.0
2015,Percent,Karagandy,,,35-44,4.4
2015,Percent,Karagandy,,,45-54,5.7
2015,Percent,Karagandy,,,55-64,3.9
2015,Percent,Kostanay,,,16-24,3.3
2015,Percent,Kostanay,,,25-28,3.4
2015,Percent,Kostanay,,,29-34,9.3
2015,Percent,Kostanay,,,35-44,5.3
2015,Percent,Kostanay,,,45-54,4.2
2015,Percent,Kostanay,,,55-64,3.8
2015,Percent,Kyzylorda,,,16-24,5.6
2015,Percent,Kyzylorda,,,25-28,3.2
2015,Percent,Kyzylorda,,,29-34,8.5
2015,Percent,Kyzylorda,,,35-44,4.9
2015,Percent,Kyzylorda,,,45-54,3.4
2015,Percent,Kyzylorda,,,55-64,3.4
2015,Percent,Mangistau,,,16-24,5.4
2015,Percent,Mangistau,,,25-28,3.1
2015,Percent,Mangistau,,,29-34,6.7
2015,Percent,Mangistau,,,35-44,5.2
2015,Percent,Mangistau,,,45-54,4.4
2015,Percent,Mangistau,,,55-64,5.4
2015,Percent,Ontustik Kazakhstan,,,16-24,3.1
2015,Percent,Ontustik Kazakhstan,,,25-28,5.2
2015,Percent,Ontustik Kazakhstan,,,29-34,8.6
2015,Percent,Ontustik Kazakhstan,,,35-44,4.8
2015,Percent,Ontustik Kazakhstan,,,45-54,4.6
2015,Percent,Ontustik Kazakhstan,,,55-64,4.7
2015,Percent,Pavlodar,,,16-24,2.9
2015,Percent,Pavlodar,,,25-28,3.7
2015,Percent,Pavlodar,,,29-34,5.8
2015,Percent,Pavlodar,,,35-44,5.3
2015,Percent,Pavlodar,,,45-54,4.9
2015,Percent,Pavlodar,,,55-64,6.0
2015,Percent,Soltustik Kazakhstan,,,16-24,4.2
2015,Percent,Soltustik Kazakhstan,,,25-28,2.0
2015,Percent,Soltustik Kazakhstan,,,29-34,10.2
2015,Percent,Soltustik Kazakhstan,,,35-44,5.1
2015,Percent,Soltustik Kazakhstan,,,45-54,4.8
2015,Percent,Soltustik Kazakhstan,,,55-64,3.3
2015,Percent,Shygys Kazakhstan,,,16-24,4.1
2015,Percent,Shygys Kazakhstan,,,25-28,4.6
2015,Percent,Shygys Kazakhstan,,,29-34,8.0
2015,Percent,Shygys Kazakhstan,,,35-44,3.4
2015,Percent,Shygys Kazakhstan,,,45-54,4.5
2015,Percent,Shygys Kazakhstan,,,55-64,5.6
2015,Percent,Nur-Sultan city,,,16-24,7.2
2015,Percent,Nur-Sultan city,,,25-28,4.9
2015,Percent,Nur-Sultan city,,,29-34,6.0
2015,Percent,Nur-Sultan city,,,35-44,3.1
2015,Percent,Nur-Sultan city,,,45-54,3.4
2015,Percent,Nur-Sultan city,,,55-64,4.2
2015,Percent,Almaty city,,,16-24,5.3
2015,Percent,Almaty city,,,25-28,15.0
2015,Percent,Almaty city,,,29-34,9.0
2015,Percent,Almaty city,,,35-44,3.0
2015,Percent,Almaty city,,,45-54,3.0
2015,Percent,Almaty city,,,55-64,3.1
2016,Percent,,,,,5.0
2016,Percent,Akmola,,,,4.9
2016,Percent,Aktobe,,,,4.8
2016,Percent,Almaty,,,,4.8
2016,Percent,Atyrau,,,,4.9
2016,Percent,Batys Kazakhstan,,,,4.9
2016,Percent,Zhambyl,,,,4.9
2016,Percent,Karagandy,,,,5.0
2016,Percent,Kostanay,,,,4.9
2016,Percent,Kyzylorda,,,,4.9
2016,Percent,Mangistau,,,,5.0
2016,Percent,Ontustik Kazakhstan,,,,5.2
2016,Percent,Pavlodar,,,,4.8
2016,Percent,Soltustik Kazakhstan,,,,5.0
2016,Percent,Shygys Kazakhstan,,,,4.9
2016,Percent,Nur-Sultan city,,,,4.6
2016,Percent,Almaty city,,,,5.3
2016,Percent,,,Male,,4.4
2016,Percent,Akmola,,Male,,5.2
2016,Percent,Aktobe,,Male,,4.8
2016,Percent,Almaty,,Male,,3.8
2016,Percent,Atyrau,,Male,,4.8
2016,Percent,Batys Kazakhstan,,Male,,4.6
2016,Percent,Zhambyl,,Male,,4.0
2016,Percent,Karagandy,,Male,,4.2
2016,Percent,Kostanay,,Male,,4.8
2016,Percent,Kyzylorda,,Male,,4.4
2016,Percent,Mangistau,,Male,,2.7
2016,Percent,Ontustik Kazakhstan,,Male,,4.4
2016,Percent,Pavlodar,,Male,,4.6
2016,Percent,Soltustik Kazakhstan,,Male,,5.0
2016,Percent,Shygys Kazakhstan,,Male,,4.2
2016,Percent,Nur-Sultan city,,Male,,4.4
2016,Percent,Almaty city,,Male,,4.9
2016,Percent,,,Female,,5.5
2016,Percent,Akmola,,Female,,4.6
2016,Percent,Aktobe,,Female,,4.9
2016,Percent,Almaty,,Female,,5.8
2016,Percent,Atyrau,,Female,,5.1
2016,Percent,Batys Kazakhstan,,Female,,5.2
2016,Percent,Zhambyl,,Female,,5.8
2016,Percent,Karagandy,,Female,,5.8
2016,Percent,Kostanay,,Female,,5.1
2016,Percent,Kyzylorda,,Female,,5.5
2016,Percent,Mangistau,,Female,,7.8
2016,Percent,Ontustik Kazakhstan,,Female,,6.1
2016,Percent,Pavlodar,,Female,,5.0
2016,Percent,Soltustik Kazakhstan,,Female,,4.9
2016,Percent,Shygys Kazakhstan,,Female,,5.6
2016,Percent,Nur-Sultan city,,Female,,4.9
2016,Percent,Almaty city,,Female,,5.7
2016,Percent,,urban,,,5.1
2016,Percent,Akmola,urban,,,4.4
2016,Percent,Aktobe,urban,,,5.1
2016,Percent,Almaty,urban,,,4.8
2016,Percent,Atyrau,urban,,,5.9
2016,Percent,Batys Kazakhstan,urban,,,4.8
2016,Percent,Zhambyl,urban,,,5.5
2016,Percent,Karagandy,urban,,,5.1
2016,Percent,Kostanay,urban,,,5.6
2016,Percent,Kyzylorda,urban,,,4.6
2016,Percent,Mangistau,urban,,,4.9
2016,Percent,Ontustik Kazakhstan,urban,,,5.3
2016,Percent,Pavlodar,urban,,,5.0
2016,Percent,Soltustik Kazakhstan,urban,,,4.7
2016,Percent,Shygys Kazakhstan,urban,,,5.0
2016,Percent,Nur-Sultan city,urban,,,4.6
2016,Percent,Almaty city,urban,,,5.3
2016,Percent,,rural,,,4.8
2016,Percent,Akmola,rural,,,5.4
2016,Percent,Aktobe,rural,,,4.3
2016,Percent,Almaty,rural,,,4.8
2016,Percent,Atyrau,rural,,,4.0
2016,Percent,Batys Kazakhstan,rural,,,4.9
2016,Percent,Zhambyl,rural,,,4.4
2016,Percent,Karagandy,rural,,,4.3
2016,Percent,Kostanay,rural,,,4.2
2016,Percent,Kyzylorda,rural,,,5.2
2016,Percent,Mangistau,rural,,,5.1
2016,Percent,Ontustik Kazakhstan,rural,,,5.1
2016,Percent,Pavlodar,rural,,,4.4
2016,Percent,Soltustik Kazakhstan,rural,,,5.1
2016,Percent,Shygys Kazakhstan,rural,,,4.7
2016,Percent,,,,16-24,3.8
2016,Percent,,,,25-28,4.3
2016,Percent,,,,29-34,7.0
2016,Percent,,,,35-44,4.8
2016,Percent,,,,45-54,4.6
2016,Percent,,,,55-64,4.6
2016,Percent,Akmola,,,16-24,3.0
2016,Percent,Akmola,,,25-28,3.6
2016,Percent,Akmola,,,29-34,5.9
2016,Percent,Akmola,,,35-44,5.5
2016,Percent,Akmola,,,45-54,5.6
2016,Percent,Akmola,,,55-64,4.9
2016,Percent,Aktobe,,,16-24,2.8
2016,Percent,Aktobe,,,25-28,3.0
2016,Percent,Aktobe,,,29-34,5.9
2016,Percent,Aktobe,,,35-44,4.8
2016,Percent,Aktobe,,,45-54,6.4
2016,Percent,Aktobe,,,55-64,3.7
2016,Percent,Almaty,,,16-24,3.3
2016,Percent,Almaty,,,25-28,2.8
2016,Percent,Almaty,,,29-34,7.2
2016,Percent,Almaty,,,35-44,5.9
2016,Percent,Almaty,,,45-54,3.9
2016,Percent,Almaty,,,55-64,6.1
2016,Percent,Atyrau,,,16-24,1.6
2016,Percent,Atyrau,,,25-28,2.9
2016,Percent,Atyrau,,,29-34,7.1
2016,Percent,Atyrau,,,35-44,6.0
2016,Percent,Atyrau,,,45-54,4.8
2016,Percent,Atyrau,,,55-64,7.1
2016,Percent,Batys Kazakhstan,,,16-24,4.0
2016,Percent,Batys Kazakhstan,,,25-28,3.9
2016,Percent,Batys Kazakhstan,,,29-34,6.8
2016,Percent,Batys Kazakhstan,,,35-44,5.6
2016,Percent,Batys Kazakhstan,,,45-54,4.4
2016,Percent,Batys Kazakhstan,,,55-64,4.2
2016,Percent,Zhambyl,,,16-24,4.7
2016,Percent,Zhambyl,,,25-28,3.7
2016,Percent,Zhambyl,,,29-34,7.4
2016,Percent,Zhambyl,,,35-44,4.2
2016,Percent,Zhambyl,,,45-54,5.4
2016,Percent,Zhambyl,,,55-64,2.8
2016,Percent,Karagandy,,,16-24,6.0
2016,Percent,Karagandy,,,25-28,4.4
2016,Percent,Karagandy,,,29-34,5.0
2016,Percent,Karagandy,,,35-44,4.1
2016,Percent,Karagandy,,,45-54,6.2
2016,Percent,Karagandy,,,55-64,4.6
2016,Percent,Kostanay,,,16-24,3.3
2016,Percent,Kostanay,,,25-28,3.2
2016,Percent,Kostanay,,,29-34,10.8
2016,Percent,Kostanay,,,35-44,5.9
2016,Percent,Kostanay,,,45-54,3.5
2016,Percent,Kostanay,,,55-64,1.7
2016,Percent,Kyzylorda,,,16-24,5.5
2016,Percent,Kyzylorda,,,25-28,4.0
2016,Percent,Kyzylorda,,,29-34,8.3
2016,Percent,Kyzylorda,,,35-44,4.7
2016,Percent,Kyzylorda,,,45-54,3.4
2016,Percent,Kyzylorda,,,55-64,2.5
2016,Percent,Mangistau,,,16-24,5.2
2016,Percent,Mangistau,,,25-28,3.9
2016,Percent,Mangistau,,,29-34,7.1
2016,Percent,Mangistau,,,35-44,4.2
2016,Percent,Mangistau,,,45-54,4.9
2016,Percent,Mangistau,,,55-64,2.9
2016,Percent,Ontustik Kazakhstan,,,16-24,1.9
2016,Percent,Ontustik Kazakhstan,,,25-28,5.5
2016,Percent,Ontustik Kazakhstan,,,29-34,7.6
2016,Percent,Ontustik Kazakhstan,,,35-44,4.9
2016,Percent,Ontustik Kazakhstan,,,45-54,4.5
2016,Percent,Ontustik Kazakhstan,,,55-64,5.4
2016,Percent,Pavlodar,,,16-24,2.7
2016,Percent,Pavlodar,,,25-28,3.3
2016,Percent,Pavlodar,,,29-34,6.2
2016,Percent,Pavlodar,,,35-44,6.0
2016,Percent,Pavlodar,,,45-54,4.5
2016,Percent,Pavlodar,,,55-64,3.6
2016,Percent,Soltustik Kazakhstan,,,16-24,4.9
2016,Percent,Soltustik Kazakhstan,,,25-28,1.8
2016,Percent,Soltustik Kazakhstan,,,29-34,10.8
2016,Percent,Soltustik Kazakhstan,,,35-44,4.4
2016,Percent,Soltustik Kazakhstan,,,45-54,4.6
2016,Percent,Soltustik Kazakhstan,,,55-64,2.5
2016,Percent,Shygys Kazakhstan,,,16-24,2.3
2016,Percent,Shygys Kazakhstan,,,25-28,3.6
2016,Percent,Shygys Kazakhstan,,,29-34,9.1
2016,Percent,Shygys Kazakhstan,,,35-44,3.4
2016,Percent,Shygys Kazakhstan,,,45-54,3.5
2016,Percent,Shygys Kazakhstan,,,55-64,6.5
2016,Percent,Nur-Sultan city,,,16-24,5.7
2016,Percent,Nur-Sultan city,,,25-28,4.3
2016,Percent,Nur-Sultan city,,,29-34,3.6
2016,Percent,Nur-Sultan city,,,35-44,4.8
2016,Percent,Nur-Sultan city,,,45-54,5.0
2016,Percent,Nur-Sultan city,,,55-64,4.3
2016,Percent,Almaty city,,,16-24,5.3
2016,Percent,Almaty city,,,25-28,9.7
2016,Percent,Almaty city,,,29-34,5.1
2016,Percent,Almaty city,,,35-44,3.9
2016,Percent,Almaty city,,,45-54,4.6
2016,Percent,Almaty city,,,55-64,6.7
2017,Percent,,,,,4.9
2017,Percent,Akmola,,,,4.8
2017,Percent,Aktobe,,,,4.8
2017,Percent,Almaty,,,,4.7
2017,Percent,Atyrau,,,,4.9
2017,Percent,Batys Kazakhstan,,,,4.9
2017,Percent,Zhambyl,,,,4.9
2017,Percent,Karagandy,,,,4.8
2017,Percent,Kostanay,,,,4.8
2017,Percent,Kyzylorda,,,,4.8
2017,Percent,Mangistau,,,,4.9
2017,Percent,Ontustik Kazakhstan,,,,5.2
2017,Percent,Pavlodar,,,,4.8
2017,Percent,Soltustik Kazakhstan,,,,4.9
2017,Percent,Shygys Kazakhstan,,,,4.8
2017,Percent,Nur-Sultan city,,,,4.6
2017,Percent,Almaty city,,,,5.3
2017,Percent,,,Male,,4.4
2017,Percent,Akmola,,Male,,5.0
2017,Percent,Aktobe,,Male,,4.8
2017,Percent,Almaty,,Male,,3.5
2017,Percent,Atyrau,,Male,,4.9
2017,Percent,Batys Kazakhstan,,Male,,4.5
2017,Percent,Zhambyl,,Male,,4.5
2017,Percent,Karagandy,,Male,,4.0
2017,Percent,Kostanay,,Male,,4.6
2017,Percent,Kyzylorda,,Male,,4.6
2017,Percent,Mangistau,,Male,,3.0
2017,Percent,Ontustik Kazakhstan,,Male,,4.6
2017,Percent,Pavlodar,,Male,,4.7
2017,Percent,Soltustik Kazakhstan,,Male,,5.3
2017,Percent,Shygys Kazakhstan,,Male,,4.7
2017,Percent,Nur-Sultan city,,Male,,4.6
2017,Percent,Almaty city,,Male,,4.2
2017,Percent,,,Female,,5.4
2017,Percent,Akmola,,Female,,4.6
2017,Percent,Aktobe,,Female,,4.8
2017,Percent,Almaty,,Female,,6.0
2017,Percent,Atyrau,,Female,,5.0
2017,Percent,Batys Kazakhstan,,Female,,5.3
2017,Percent,Zhambyl,,Female,,5.3
2017,Percent,Karagandy,,Female,,5.6
2017,Percent,Kostanay,,Female,,5.1
2017,Percent,Kyzylorda,,Female,,5.1
2017,Percent,Mangistau,,Female,,7.1
2017,Percent,Ontustik Kazakhstan,,Female,,5.9
2017,Percent,Pavlodar,,Female,,4.9
2017,Percent,Soltustik Kazakhstan,,Female,,4.4
2017,Percent,Shygys Kazakhstan,,Female,,5.0
2017,Percent,Nur-Sultan city,,Female,,4.6
2017,Percent,Almaty city,,Female,,6.2
2017,Percent,,urban,,,5.2
2017,Percent,Akmola,urban,,,4.5
2017,Percent,Aktobe,urban,,,5.0
2017,Percent,Almaty,urban,,,4.3
2017,Percent,Atyrau,urban,,,5.0
2017,Percent,Batys Kazakhstan,urban,,,5.0
2017,Percent,Zhambyl,urban,,,5.8
2017,Percent,Karagandy,urban,,,5.2
2017,Percent,Kostanay,urban,,,5.6
2017,Percent,Kyzylorda,urban,,,4.6
2017,Percent,Mangistau,urban,,,5.0
2017,Percent,Ontustik Kazakhstan,urban,,,5.5
2017,Percent,Pavlodar,urban,,,5.2
2017,Percent,Soltustik Kazakhstan,urban,,,4.8
2017,Percent,Shygys Kazakhstan,urban,,,5.1
2017,Percent,Nur-Sultan city,urban,,,4.8
2017,Percent,Almaty city,urban,,,5.6
2017,Percent,,rural,,,5.1
2017,Percent,Akmola,rural,,,5.5
2017,Percent,Aktobe,rural,,,5.2
2017,Percent,Almaty,rural,,,5.2
2017,Percent,Atyrau,rural,,,5.4
2017,Percent,Batys Kazakhstan,rural,,,5.2
2017,Percent,Zhambyl,rural,,,4.7
2017,Percent,Karagandy,rural,,,4.1
2017,Percent,Kostanay,rural,,,4.5
2017,Percent,Kyzylorda,rural,,,5.5
2017,Percent,Mangistau,rural,,,5.2
2017,Percent,Ontustik Kazakhstan,rural,,,5.4
2017,Percent,Pavlodar,rural,,,4.6
2017,Percent,Soltustik Kazakhstan,rural,,,5.4
2017,Percent,Shygys Kazakhstan,rural,,,4.9
2017,Percent,,,,16-24,3.8
2017,Percent,,,,25-28,4.0
2017,Percent,,,,29-34,6.7
2017,Percent,,,,35-44,4.6
2017,Percent,,,,45-54,4.6
2017,Percent,,,,55-64,5.2
2017,Percent,Akmola,,,16-24,2.9
2017,Percent,Akmola,,,25-28,3.1
2017,Percent,Akmola,,,29-34,4.4
2017,Percent,Akmola,,,35-44,6.3
2017,Percent,Akmola,,,45-54,6.7
2017,Percent,Akmola,,,55-64,3.9
2017,Percent,Aktobe,,,16-24,2.5
2017,Percent,Aktobe,,,25-28,3.2
2017,Percent,Aktobe,,,29-34,7.0
2017,Percent,Aktobe,,,35-44,5.0
2017,Percent,Aktobe,,,45-54,4.0
2017,Percent,Aktobe,,,55-64,6.0
2017,Percent,Almaty,,,16-24,3.2
2017,Percent,Almaty,,,25-28,2.7
2017,Percent,Almaty,,,29-34,9.8
2017,Percent,Almaty,,,35-44,4.9
2017,Percent,Almaty,,,45-54,2.8
2017,Percent,Almaty,,,55-64,2.3
2017,Percent,Atyrau,,,16-24,1.5
2017,Percent,Atyrau,,,25-28,2.9
2017,Percent,Atyrau,,,29-34,8.5
2017,Percent,Atyrau,,,35-44,4.6
2017,Percent,Atyrau,,,45-54,5.2
2017,Percent,Atyrau,,,55-64,6.1
2017,Percent,Batys Kazakhstan,,,16-24,4.0
2017,Percent,Batys Kazakhstan,,,25-28,3.9
2017,Percent,Batys Kazakhstan,,,29-34,5.7
2017,Percent,Batys Kazakhstan,,,35-44,5.3
2017,Percent,Batys Kazakhstan,,,45-54,4.5
2017,Percent,Batys Kazakhstan,,,55-64,5.5
2017,Percent,Zhambyl,,,16-24,2.8
2017,Percent,Zhambyl,,,25-28,2.1
2017,Percent,Zhambyl,,,29-34,10.4
2017,Percent,Zhambyl,,,35-44,4.7
2017,Percent,Zhambyl,,,45-54,5.4
2017,Percent,Zhambyl,,,55-64,6.2
2017,Percent,Karagandy,,,16-24,5.8
2017,Percent,Karagandy,,,25-28,4.2
2017,Percent,Karagandy,,,29-34,4.5
2017,Percent,Karagandy,,,35-44,4.6
2017,Percent,Karagandy,,,45-54,4.5
2017,Percent,Karagandy,,,55-64,6.1
2017,Percent,Kostanay,,,16-24,3.1
2017,Percent,Kostanay,,,25-28,2.9
2017,Percent,Kostanay,,,29-34,10.3
2017,Percent,Kostanay,,,35-44,5.5
2017,Percent,Kostanay,,,45-54,2.5
2017,Percent,Kostanay,,,55-64,2.1
2017,Percent,Kyzylorda,,,16-24,5.3
2017,Percent,Kyzylorda,,,25-28,3.0
2017,Percent,Kyzylorda,,,29-34,8.9
2017,Percent,Kyzylorda,,,35-44,4.5
2017,Percent,Kyzylorda,,,45-54,2.9
2017,Percent,Kyzylorda,,,55-64,3.0
2017,Percent,Mangistau,,,16-24,4.0
2017,Percent,Mangistau,,,25-28,3.6
2017,Percent,Mangistau,,,29-34,5.7
2017,Percent,Mangistau,,,35-44,5.8
2017,Percent,Mangistau,,,45-54,4.7
2017,Percent,Mangistau,,,55-64,2.8
2017,Percent,Ontustik Kazakhstan,,,16-24,3.5
2017,Percent,Ontustik Kazakhstan,,,25-28,4.7
2017,Percent,Ontustik Kazakhstan,,,29-34,7.0
2017,Percent,Ontustik Kazakhstan,,,35-44,4.7
2017,Percent,Ontustik Kazakhstan,,,45-54,3.8
2017,Percent,Ontustik Kazakhstan,,,55-64,8.8
2017,Percent,Pavlodar,,,16-24,3.1
2017,Percent,Pavlodar,,,25-28,3.4
2017,Percent,Pavlodar,,,29-34,5.6
2017,Percent,Pavlodar,,,35-44,4.1
2017,Percent,Pavlodar,,,45-54,6.6
2017,Percent,Pavlodar,,,55-64,3.9
2017,Percent,Soltustik Kazakhstan,,,16-24,4.2
2017,Percent,Soltustik Kazakhstan,,,25-28,1.4
2017,Percent,Soltustik Kazakhstan,,,29-34,6.6
2017,Percent,Soltustik Kazakhstan,,,35-44,5.0
2017,Percent,Soltustik Kazakhstan,,,45-54,6.6
2017,Percent,Soltustik Kazakhstan,,,55-64,3.4
2017,Percent,Shygys Kazakhstan,,,16-24,3.1
2017,Percent,Shygys Kazakhstan,,,25-28,4.5
2017,Percent,Shygys Kazakhstan,,,29-34,6.4
2017,Percent,Shygys Kazakhstan,,,35-44,4.0
2017,Percent,Shygys Kazakhstan,,,45-54,4.2
2017,Percent,Shygys Kazakhstan,,,55-64,6.6
2017,Percent,Nur-Sultan city,,,16-24,4.7
2017,Percent,Nur-Sultan city,,,25-28,4.3
2017,Percent,Nur-Sultan city,,,29-34,1.6
2017,Percent,Nur-Sultan city,,,35-44,3.2
2017,Percent,Nur-Sultan city,,,45-54,9.3
2017,Percent,Nur-Sultan city,,,55-64,8.6
2017,Percent,Almaty city,,,16-24,5.3
2017,Percent,Almaty city,,,25-28,8.4
2017,Percent,Almaty city,,,29-34,5.3
2017,Percent,Almaty city,,,35-44,3.4
2017,Percent,Almaty city,,,45-54,5.0
2017,Percent,Almaty city,,,55-64,7.6
2018,Percent,,,,,4.9
2018,Percent,Akmola,,,,4.8
2018,Percent,Aktobe,,,,4.8
2018,Percent,Almaty,,,,4.7
2018,Percent,Atyrau,,,,4.9
2018,Percent,Batys Kazakhstan,,,,4.9
2018,Percent,Zhambyl,,,,4.9
2018,Percent,Karagandy,,,,4.6
2018,Percent,Kostanay,,,,4.8
2018,Percent,Kyzylorda,,,,4.8
2018,Percent,Mangistau,,,,4.8
2018,Percent,Pavlodar,,,,4.8
2018,Percent,Soltustik Kazakhstan,,,,4.9
2018,Percent,Turkistan,,,,5.2
2018,Percent,Shygys Kazakhstan,,,,4.8
2018,Percent,Nur-Sultan city,,,,4.5
2018,Percent,Almaty city,,,,5.2
2018,Percent,Shymkent city,,,,5.2
2018,Percent,,,Male,,4.3
2018,Percent,Akmola,,Male,,4.8
2018,Percent,Aktobe,,Male,,4.6
2018,Percent,Almaty,,Male,,3.2
2018,Percent,Atyrau,,Male,,4.9
2018,Percent,Batys Kazakhstan,,Male,,4.5
2018,Percent,Zhambyl,,Male,,4.8
2018,Percent,Karagandy,,Male,,3.4
2018,Percent,Kostanay,,Male,,4.7
2018,Percent,Kyzylorda,,Male,,4.7
2018,Percent,Mangistau,,Male,,2.8
2018,Percent,Pavlodar,,Male,,4.7
2018,Percent,Soltustik Kazakhstan,,Male,,5.0
2018,Percent,Turkistan,,Male,,4.6
2018,Percent,Shygys Kazakhstan,,Male,,4.7
2018,Percent,Nur-Sultan city,,Male,,4.4
2018,Percent,Almaty city,,Male,,4.1
2018,Percent,Shymkent city,,Male,,5.5
2018,Percent,,,Female,,5.4
2018,Percent,Akmola,,Female,,4.7
2018,Percent,Aktobe,,Female,,5.0
2018,Percent,Almaty,,Female,,6.2
2018,Percent,Atyrau,,Female,,4.9
2018,Percent,Batys Kazakhstan,,Female,,5.3
2018,Percent,Zhambyl,,Female,,5.0
2018,Percent,Karagandy,,Female,,5.9
2018,Percent,Kostanay,,Female,,4.9
2018,Percent,Kyzylorda,,Female,,4.9
2018,Percent,Mangistau,,Female,,7.0
2018,Percent,Pavlodar,,Female,,4.8
2018,Percent,Soltustik Kazakhstan,,Female,,4.7
2018,Percent,Turkistan,,Female,,5.8
2018,Percent,Shygys Kazakhstan,,Female,,5.0
2018,Percent,Nur-Sultan city,,Female,,4.6
2018,Percent,Almaty city,,Female,,6.2
2018,Percent,Shymkent city,,Female,,4.9
2018,Percent,,urban,,,4.9
2018,Percent,Akmola,urban,,,4.4
2018,Percent,Aktobe,urban,,,4.7
2018,Percent,Almaty,urban,,,5.2
2018,Percent,Atyrau,urban,,,4.9
2018,Percent,Batys Kazakhstan,urban,,,4.7
2018,Percent,Zhambyl,urban,,,5.5
2018,Percent,Karagandy,urban,,,4.8
2018,Percent,Kostanay,urban,,,5.2
2018,Percent,Kyzylorda,urban,,,4.6
2018,Percent,Mangistau,urban,,,4.9
2018,Percent,Pavlodar,urban,,,4.9
2018,Percent,Soltustik Kazakhstan,urban,,,4.6
2018,Percent,Turkistan,urban,,,5.5
2018,Percent,Shygys Kazakhstan,urban,,,4.8
2018,Percent,Nur-Sultan city,urban,,,4.5
2018,Percent,Almaty city,urban,,,5.2
2018,Percent,Shymkent city,urban,,,5.2
2018,Percent,,rural,,,4.8
2018,Percent,Akmola,rural,,,5.2
2018,Percent,Aktobe,rural,,,5.2
2018,Percent,Almaty,rural,,,4.5
2018,Percent,Atyrau,rural,,,4.9
2018,Percent,Batys Kazakhstan,rural,,,5.1
2018,Percent,Zhambyl,rural,,,4.5
2018,Percent,Karagandy,rural,,,3.7
2018,Percent,Kostanay,rural,,,4.4
2018,Percent,Kyzylorda,rural,,,4.9
2018,Percent,Mangistau,rural,,,4.8
2018,Percent,Pavlodar,rural,,,4.4
2018,Percent,Soltustik Kazakhstan,rural,,,5.0
2018,Percent,Turkistan,rural,,,5.1
2018,Percent,Shygys Kazakhstan,rural,,,4.9
2018,Percent,,,,16-24,3.7
2018,Percent,,,,25-28,4.0
2018,Percent,,,,29-34,7.0
2018,Percent,,,,35-44,4.3
2018,Percent,,,,45-54,4.2
2018,Percent,,,,55-64,5.6
2018,Percent,Akmola,,,16-24,2.9
2018,Percent,Akmola,,,25-28,2.9
2018,Percent,Akmola,,,29-34,5.5
2018,Percent,Akmola,,,35-44,5.9
2018,Percent,Akmola,,,45-54,6.0
2018,Percent,Akmola,,,55-64,3.8
2018,Percent,Aktobe,,,16-24,2.9
2018,Percent,Aktobe,,,25-28,2.9
2018,Percent,Aktobe,,,29-34,5.6
2018,Percent,Aktobe,,,35-44,5.2
2018,Percent,Aktobe,,,45-54,4.9
2018,Percent,Aktobe,,,55-64,5.2
2018,Percent,Almaty,,,16-24,3.3
2018,Percent,Almaty,,,25-28,2.6
2018,Percent,Almaty,,,29-34,7.9
2018,Percent,Almaty,,,35-44,3.4
2018,Percent,Almaty,,,45-54,2.6
2018,Percent,Almaty,,,55-64,9.7
2018,Percent,Atyrau,,,16-24,1.6
2018,Percent,Atyrau,,,25-28,3.1
2018,Percent,Atyrau,,,29-34,6.0
2018,Percent,Atyrau,,,35-44,5.0
2018,Percent,Atyrau,,,45-54,5.7
2018,Percent,Atyrau,,,55-64,7.2
2018,Percent,Batys Kazakhstan,,,16-24,3.9
2018,Percent,Batys Kazakhstan,,,25-28,3.8
2018,Percent,Batys Kazakhstan,,,29-34,6.1
2018,Percent,Batys Kazakhstan,,,35-44,4.7
2018,Percent,Batys Kazakhstan,,,45-54,4.7
2018,Percent,Batys Kazakhstan,,,55-64,5.9
2018,Percent,Zhambyl,,,16-24,2.9
2018,Percent,Zhambyl,,,25-28,2.9
2018,Percent,Zhambyl,,,29-34,7.5
2018,Percent,Zhambyl,,,35-44,5.4
2018,Percent,Zhambyl,,,45-54,4.0
2018,Percent,Zhambyl,,,55-64,7.0
2018,Percent,Karagandy,,,16-24,5.7
2018,Percent,Karagandy,,,25-28,4.2
2018,Percent,Karagandy,,,29-34,3.7
2018,Percent,Karagandy,,,35-44,3.8
2018,Percent,Karagandy,,,45-54,4.8
2018,Percent,Karagandy,,,55-64,7.4
2018,Percent,Kostanay,,,16-24,3.0
2018,Percent,Kostanay,,,25-28,3.2
2018,Percent,Kostanay,,,29-34,10.0
2018,Percent,Kostanay,,,35-44,6.0
2018,Percent,Kostanay,,,45-54,2.7
2018,Percent,Kostanay,,,55-64,1.7
2018,Percent,Kyzylorda,,,16-24,4.5
2018,Percent,Kyzylorda,,,25-28,3.8
2018,Percent,Kyzylorda,,,29-34,5.7
2018,Percent,Kyzylorda,,,35-44,4.8
2018,Percent,Kyzylorda,,,45-54,5.4
2018,Percent,Kyzylorda,,,55-64,3.2
2018,Percent,Mangistau,,,16-24,3.2
2018,Percent,Mangistau,,,25-28,2.7
2018,Percent,Mangistau,,,29-34,6.6
2018,Percent,Mangistau,,,35-44,6.1
2018,Percent,Mangistau,,,45-54,3.7
2018,Percent,Mangistau,,,55-64,3.2
2018,Percent,Pavlodar,,,16-24,3.2
2018,Percent,Pavlodar,,,25-28,3.9
2018,Percent,Pavlodar,,,29-34,6.2
2018,Percent,Pavlodar,,,35-44,4.7
2018,Percent,Pavlodar,,,45-54,4.5
2018,Percent,Pavlodar,,,55-64,4.6
2018,Percent,Soltustik Kazakhstan,,,16-24,4.0
2018,Percent,Soltustik Kazakhstan,,,25-28,2.3
2018,Percent,Soltustik Kazakhstan,,,29-34,6.0
2018,Percent,Soltustik Kazakhstan,,,35-44,5.4
2018,Percent,Soltustik Kazakhstan,,,45-54,6.3
2018,Percent,Soltustik Kazakhstan,,,55-64,3.3
2018,Percent,Turkistan,,,16-24,2.1
2018,Percent,Turkistan,,,25-28,4.0
2018,Percent,Turkistan,,,29-34,8.4
2018,Percent,Turkistan,,,35-44,4.4
2018,Percent,Turkistan,,,45-54,4.5
2018,Percent,Turkistan,,,55-64,4.8
2018,Percent,Shygys Kazakhstan,,,16-24,3.7
2018,Percent,Shygys Kazakhstan,,,25-28,3.9
2018,Percent,Shygys Kazakhstan,,,29-34,9.7
2018,Percent,Shygys Kazakhstan,,,35-44,3.9
2018,Percent,Shygys Kazakhstan,,,45-54,3.2
2018,Percent,Shygys Kazakhstan,,,55-64,5.2
2018,Percent,Nur-Sultan city,,,16-24,4.5
2018,Percent,Nur-Sultan city,,,25-28,4.6
2018,Percent,Nur-Sultan city,,,29-34,6.9
2018,Percent,Nur-Sultan city,,,35-44,3.1
2018,Percent,Nur-Sultan city,,,45-54,3.2
2018,Percent,Nur-Sultan city,,,55-64,4.3
2018,Percent,Almaty city,,,16-24,5.2
2018,Percent,Almaty city,,,25-28,8.0
2018,Percent,Almaty city,,,29-34,6.5
2018,Percent,Almaty city,,,35-44,3.1
2018,Percent,Almaty city,,,45-54,4.7
2018,Percent,Almaty city,,,55-64,5.7
2018,Percent,Shymkent city,,,16-24,3.7
2018,Percent,Shymkent city,,,25-28,4.5
2018,Percent,Shymkent city,,,29-34,7.7
2018,Percent,Shymkent city,,,35-44,2.8
2018,Percent,Shymkent city,,,45-54,4.7
2018,Percent,Shymkent city,,,55-64,8.8
2019,Percent,,,,,4.8
2019,Percent,Akmola,,,,4.7
2019,Percent,Aktobe,,,,4.8
2019,Percent,Almaty,,,,4.6
2019,Percent,Atyrau,,,,4.8
2019,Percent,Batys Kazakhstan,,,,4.8
2019,Percent,Zhambyl,,,,4.8
2019,Percent,Karagandy,,,,4.4
2019,Percent,Kostanay,,,,4.7
2019,Percent,Kyzylorda,,,,4.8
2019,Percent,Mangistau,,,,4.8
2019,Percent,Pavlodar,,,,4.7
2019,Percent,Soltustik Kazakhstan,,,,4.8
2019,Percent,Turkistan,,,,5.1
2019,Percent,Shygys Kazakhstan,,,,4.8
2019,Percent,Nur-Sultan city,,,,4.4
2019,Percent,Almaty city,,,,5.1
2019,Percent,Shymkent city,,,,5.1
2019,Percent,,,Male,,4.3
2019,Percent,Akmola,,Male,,4.7
2019,Percent,Aktobe,,Male,,5.2
2019,Percent,Almaty,,Male,,3.3
2019,Percent,Atyrau,,Male,,4.8
2019,Percent,Batys Kazakhstan,,Male,,4.6
2019,Percent,Zhambyl,,Male,,4.6
2019,Percent,Karagandy,,Male,,3.3
2019,Percent,Kostanay,,Male,,4.6
2019,Percent,Kyzylorda,,Male,,4.8
2019,Percent,Mangistau,,Male,,3.3
2019,Percent,Pavlodar,,Male,,4.6
2019,Percent,Soltustik Kazakhstan,,Male,,5.0
2019,Percent,Turkistan,,Male,,4.7
2019,Percent,Shygys Kazakhstan,,Male,,4.3
2019,Percent,Nur-Sultan city,,Male,,4.2
2019,Percent,Almaty city,,Male,,4.3
2019,Percent,Shymkent city,,Male,,4.9
2019,Percent,,,Female,,5.3
2019,Percent,Akmola,,Female,,4.8
2019,Percent,Aktobe,,Female,,4.3
2019,Percent,Almaty,,Female,,5.9
2019,Percent,Atyrau,,Female,,4.9
2019,Percent,Batys Kazakhstan,,Female,,5.1
2019,Percent,Zhambyl,,Female,,5.0
2019,Percent,Karagandy,,Female,,5.6
2019,Percent,Kostanay,,Female,,4.8
2019,Percent,Kyzylorda,,Female,,4.9
2019,Percent,Mangistau,,Female,,6.6
2019,Percent,Pavlodar,,Female,,4.8
2019,Percent,Soltustik Kazakhstan,,Female,,4.6
2019,Percent,Turkistan,,Female,,5.5
2019,Percent,Shygys Kazakhstan,,Female,,5.4
2019,Percent,Nur-Sultan city,,Female,,4.6
2019,Percent,Almaty city,,Female,,5.8
2019,Percent,Shymkent city,,Female,,5.4
2019,Percent,,urban,,,4.8
2019,Percent,Akmola,urban,,,4.3
2019,Percent,Aktobe,urban,,,4.7
2019,Percent,Almaty,urban,,,5.0
2019,Percent,Atyrau,urban,,,4.5
2019,Percent,Batys Kazakhstan,urban,,,4.8
2019,Percent,Zhambyl,urban,,,5.3
2019,Percent,Karagandy,urban,,,4.6
2019,Percent,Kostanay,urban,,,5.2
2019,Percent,Kyzylorda,urban,,,4.6
2019,Percent,Mangistau,urban,,,4.7
2019,Percent,Pavlodar,urban,,,4.8
2019,Percent,Soltustik Kazakhstan,urban,,,4.7
2019,Percent,Turkistan,urban,,,4.6
2019,Percent,Shygys Kazakhstan,urban,,,4.6
2019,Percent,Nur-Sultan city,urban,,,4.4
2019,Percent,Almaty city,urban,,,5.1
2019,Percent,Shymkent city,urban,,,5.1
2019,Percent,,rural,,,4.8
2019,Percent,Akmola,rural,,,5.1
2019,Percent,Aktobe,rural,,,4.9
2019,Percent,Almaty,rural,,,4.5
2019,Percent,Atyrau,rural,,,5.2
2019,Percent,Batys Kazakhstan,rural,,,4.9
2019,Percent,Zhambyl,rural,,,4.4
2019,Percent,Karagandy,rural,,,3.6
2019,Percent,Kostanay,rural,,,4.3
2019,Percent,Kyzylorda,rural,,,5.0
2019,Percent,Mangistau,rural,,,4.9
2019,Percent,Pavlodar,rural,,,4.3
2019,Percent,Soltustik Kazakhstan,rural,,,5.0
2019,Percent,Turkistan,rural,,,5.2
2019,Percent,Shygys Kazakhstan,rural,,,5.2
2019,Percent,,,,16-24,3.6
2019,Percent,,,,25-28,3.9
2019,Percent,,,,29-34,6.7
2019,Percent,,,,35-44,4.5
2019,Percent,,,,45-54,4.3
2019,Percent,,,,55-64,5.1
2019,Percent,Akmola,,,16-24,2.9
2019,Percent,Akmola,,,25-28,3.0
2019,Percent,Akmola,,,29-34,6.2
2019,Percent,Akmola,,,35-44,5.7
2019,Percent,Akmola,,,45-54,5.9
2019,Percent,Akmola,,,55-64,3.0
2019,Percent,Aktobe,,,16-24,3.6
2019,Percent,Aktobe,,,25-28,3.0
2019,Percent,Aktobe,,,29-34,6.0
2019,Percent,Aktobe,,,35-44,4.1
2019,Percent,Aktobe,,,45-54,4.6
2019,Percent,Aktobe,,,55-64,6.9
2019,Percent,Almaty,,,16-24,3.2
2019,Percent,Almaty,,,25-28,2.6
2019,Percent,Almaty,,,29-34,6.8
2019,Percent,Almaty,,,35-44,3.6
2019,Percent,Almaty,,,45-54,2.2
2019,Percent,Almaty,,,55-64,11.1
2019,Percent,Atyrau,,,16-24,1.6
2019,Percent,Atyrau,,,25-28,3.4
2019,Percent,Atyrau,,,29-34,7.5
2019,Percent,Atyrau,,,35-44,4.9
2019,Percent,Atyrau,,,45-54,5.1
2019,Percent,Atyrau,,,55-64,4.9
2019,Percent,Batys Kazakhstan,,,16-24,3.8
2019,Percent,Batys Kazakhstan,,,25-28,3.8
2019,Percent,Batys Kazakhstan,,,29-34,6.6
2019,Percent,Batys Kazakhstan,,,35-44,4.3
2019,Percent,Batys Kazakhstan,,,45-54,4.6
2019,Percent,Batys Kazakhstan,,,55-64,6.0
2019,Percent,Zhambyl,,,16-24,2.7
2019,Percent,Zhambyl,,,25-28,2.9
2019,Percent,Zhambyl,,,29-34,7.6
2019,Percent,Zhambyl,,,35-44,4.6
2019,Percent,Zhambyl,,,45-54,5.1
2019,Percent,Zhambyl,,,55-64,5.8
2019,Percent,Karagandy,,,16-24,5.5
2019,Percent,Karagandy,,,25-28,4.2
2019,Percent,Karagandy,,,29-34,4.4
2019,Percent,Karagandy,,,35-44,4.2
2019,Percent,Karagandy,,,45-54,4.6
2019,Percent,Karagandy,,,55-64,4.4
2019,Percent,Kostanay,,,16-24,3.1
2019,Percent,Kostanay,,,25-28,3.5
2019,Percent,Kostanay,,,29-34,9.2
2019,Percent,Kostanay,,,35-44,5.0
2019,Percent,Kostanay,,,45-54,4.3
2019,Percent,Kostanay,,,55-64,1.4
2019,Percent,Kyzylorda,,,16-24,4.5
2019,Percent,Kyzylorda,,,25-28,3.8
2019,Percent,Kyzylorda,,,29-34,8.5
2019,Percent,Kyzylorda,,,35-44,4.2
2019,Percent,Kyzylorda,,,45-54,3.9
2019,Percent,Kyzylorda,,,55-64,2.1
2019,Percent,Mangistau,,,16-24,4.5
2019,Percent,Mangistau,,,25-28,2.7
2019,Percent,Mangistau,,,29-34,5.2
2019,Percent,Mangistau,,,35-44,6.1
2019,Percent,Mangistau,,,45-54,5.4
2019,Percent,Mangistau,,,55-64,2.4
2019,Percent,Pavlodar,,,16-24,2.6
2019,Percent,Pavlodar,,,25-28,3.2
2019,Percent,Pavlodar,,,29-34,6.6
2019,Percent,Pavlodar,,,35-44,4.8
2019,Percent,Pavlodar,,,45-54,4.7
2019,Percent,Pavlodar,,,55-64,4.5
2019,Percent,Soltustik Kazakhstan,,,16-24,3.6
2019,Percent,Soltustik Kazakhstan,,,25-28,2.6
2019,Percent,Soltustik Kazakhstan,,,29-34,6.8
2019,Percent,Soltustik Kazakhstan,,,35-44,4.7
2019,Percent,Soltustik Kazakhstan,,,45-54,5.6
2019,Percent,Soltustik Kazakhstan,,,55-64,3.8
2019,Percent,Turkistan,,,16-24,2.3
2019,Percent,Turkistan,,,25-28,3.9
2019,Percent,Turkistan,,,29-34,8.9
2019,Percent,Turkistan,,,35-44,4.6
2019,Percent,Turkistan,,,45-54,3.8
2019,Percent,Turkistan,,,55-64,3.3
2019,Percent,Shygys Kazakhstan,,,16-24,3.5
2019,Percent,Shygys Kazakhstan,,,25-28,3.9
2019,Percent,Shygys Kazakhstan,,,29-34,6.8
2019,Percent,Shygys Kazakhstan,,,35-44,4.9
2019,Percent,Shygys Kazakhstan,,,45-54,3.7
2019,Percent,Shygys Kazakhstan,,,55-64,6.8
2019,Percent,Nur-Sultan city,,,16-24,4.6
2019,Percent,Nur-Sultan city,,,25-28,4.4
2019,Percent,Nur-Sultan city,,,29-34,3.2
2019,Percent,Nur-Sultan city,,,35-44,4.1
2019,Percent,Nur-Sultan city,,,45-54,7.1
2019,Percent,Nur-Sultan city,,,55-64,2.4
2019,Percent,Almaty city,,,16-24,5.0
2019,Percent,Almaty city,,,25-28,7.4
2019,Percent,Almaty city,,,29-34,7.1
2019,Percent,Almaty city,,,35-44,3.9
2019,Percent,Almaty city,,,45-54,3.7
2019,Percent,Almaty city,,,55-64,4.1
2019,Percent,Shymkent city,,,16-24,3.2
2019,Percent,Shymkent city,,,25-28,4.3
2019,Percent,Shymkent city,,,29-34,7.0
2019,Percent,Shymkent city,,,35-44,4.6
2019,Percent,Shymkent city,,,45-54,4.5
2019,Percent,Shymkent city,,,55-64,5.0
2020,Percent,,,,,4.9
2020,Percent,Akmola,,,,4.9
2020,Percent,Aktobe,,,,4.8
2020,Percent,Almaty,,,,4.8
2020,Percent,Atyrau,,,,4.9
2020,Percent,Batys Kazakhstan,,,,5.0
2020,Percent,Zhambyl,,,,4.9
2020,Percent,Karagandy,,,,4.6
2020,Percent,Kostanay,,,,4.9
2020,Percent,Kyzylorda,,,,4.9
2020,Percent,Mangistau,,,,4.9
2020,Percent,Pavlodar,,,,4.8
2020,Percent,Soltustik Kazakhstan,,,,5.0
2020,Percent,Turkistan,,,,5.2
2020,Percent,Shygys Kazakhstan,,,,4.9
2020,Percent,Nur-Sultan city,,,,4.6
2020,Percent,Almaty city,,,,5.2
2020,Percent,Shymkent city,,,,5.1
2020,Percent,,,Male,,4.4
2020,Percent,Akmola,,Male,,4.9
2020,Percent,Aktobe,,Male,,4.3
2020,Percent,Almaty,,Male,,3.9
2020,Percent,Atyrau,,Male,,4.9
2020,Percent,Batys Kazakhstan,,Male,,4.8
2020,Percent,Zhambyl,,Male,,4.8
2020,Percent,Karagandy,,Male,,3.5
2020,Percent,Kostanay,,Male,,4.7
2020,Percent,Kyzylorda,,Male,,4.9
2020,Percent,Mangistau,,Male,,3.1
2020,Percent,Pavlodar,,Male,,4.8
2020,Percent,Soltustik Kazakhstan,,Male,,5.2
2020,Percent,Turkistan,,Male,,4.5
2020,Percent,Shygys Kazakhstan,,Male,,4.5
2020,Percent,Nur-Sultan city,,Male,,4.5
2020,Percent,Almaty city,,Male,,4.6
2020,Percent,Shymkent city,,Male,,4.8
2020,Percent,,,Female,,5.4
2020,Percent,Akmola,,Female,,4.9
2020,Percent,Aktobe,,Female,,5.3
2020,Percent,Almaty,,Female,,5.7
2020,Percent,Atyrau,,Female,,4.9
2020,Percent,Batys Kazakhstan,,Female,,5.2
2020,Percent,Zhambyl,,Female,,5.0
2020,Percent,Karagandy,,Female,,5.8
2020,Percent,Kostanay,,Female,,5.1
2020,Percent,Kyzylorda,,Female,,4.9
2020,Percent,Mangistau,,Female,,6.9
2020,Percent,Pavlodar,,Female,,4.8
2020,Percent,Soltustik Kazakhstan,,Female,,4.7
2020,Percent,Turkistan,,Female,,6.1
2020,Percent,Shygys Kazakhstan,,Female,,5.2
2020,Percent,Nur-Sultan city,,Female,,4.7
2020,Percent,Almaty city,,Female,,5.7
2020,Percent,Shymkent city,,Female,,5.5
2020,Percent,,urban,,,4.9
2020,Percent,Akmola,urban,,,4.4
2020,Percent,Aktobe,urban,,,4.7
2020,Percent,Almaty,urban,,,5.5
2020,Percent,Atyrau,urban,,,4.8
2020,Percent,Batys Kazakhstan,urban,,,4.8
2020,Percent,Zhambyl,urban,,,5.3
2020,Percent,Karagandy,urban,,,4.8
2020,Percent,Kostanay,urban,,,5.2
2020,Percent,Kyzylorda,urban,,,4.8
2020,Percent,Mangistau,urban,,,4.5
2020,Percent,Pavlodar,urban,,,5.0
2020,Percent,Soltustik Kazakhstan,urban,,,4.7
2020,Percent,Turkistan,urban,,,5.2
2020,Percent,Shygys Kazakhstan,urban,,,5.0
2020,Percent,Nur-Sultan city,urban,,,4.6
2020,Percent,Almaty city,urban,,,5.2
2020,Percent,Shymkent city,urban,,,5.1
2020,Percent,,rural,,,4.8
2020,Percent,Akmola,rural,,,5.3
2020,Percent,Aktobe,rural,,,5.0
2020,Percent,Almaty,rural,,,4.6
2020,Percent,Atyrau,rural,,,5.0
2020,Percent,Batys Kazakhstan,rural,,,5.1
2020,Percent,Zhambyl,rural,,,4.5
2020,Percent,Karagandy,rural,,,3.8
2020,Percent,Kostanay,rural,,,4.5
2020,Percent,Kyzylorda,rural,,,4.9
2020,Percent,Mangistau,rural,,,5.1
2020,Percent,Pavlodar,rural,,,4.4
2020,Percent,Soltustik Kazakhstan,rural,,,5.2
2020,Percent,Turkistan,rural,,,5.2
2020,Percent,Shygys Kazakhstan,rural,,,4.6
2020,Percent,,,,16-24,3.8
2020,Percent,,,,25-28,3.9
2020,Percent,,,,29-34,6.6
2020,Percent,,,,35-44,4.7
2020,Percent,,,,45-54,4.5
2020,Percent,,,,55-64,5.5
2020,Percent,Akmola,,,16-24,3.0
2020,Percent,Akmola,,,25-28,3.3
2020,Percent,Akmola,,,29-34,6.2
2020,Percent,Akmola,,,35-44,6.1
2020,Percent,Akmola,,,45-54,5.1
2020,Percent,Akmola,,,55-64,4.0
2020,Percent,Aktobe,,,16-24,3.5
2020,Percent,Aktobe,,,25-28,2.6
2020,Percent,Aktobe,,,29-34,6.5
2020,Percent,Aktobe,,,35-44,4.3
2020,Percent,Aktobe,,,45-54,4.7
2020,Percent,Aktobe,,,55-64,5.2
2020,Percent,Almaty,,,16-24,3.6
2020,Percent,Almaty,,,25-28,2.8
2020,Percent,Almaty,,,29-34,7.3
2020,Percent,Almaty,,,35-44,4.0
2020,Percent,Almaty,,,45-54,3.4
2020,Percent,Almaty,,,55-64,9.6
2020,Percent,Atyrau,,,16-24,1.5
2020,Percent,Atyrau,,,25-28,3.2
2020,Percent,Atyrau,,,29-34,8.7
2020,Percent,Atyrau,,,35-44,4.4
2020,Percent,Atyrau,,,45-54,4.2
2020,Percent,Atyrau,,,55-64,5.5
2020,Percent,Batys Kazakhstan,,,16-24,4.1
2020,Percent,Batys Kazakhstan,,,25-28,3.7
2020,Percent,Batys Kazakhstan,,,29-34,5.3
2020,Percent,Batys Kazakhstan,,,35-44,5.1
2020,Percent,Batys Kazakhstan,,,45-54,4.9
2020,Percent,Batys Kazakhstan,,,55-64,6.4
2020,Percent,Zhambyl,,,16-24,2.8
2020,Percent,Zhambyl,,,25-28,3.2
2020,Percent,Zhambyl,,,29-34,8.1
2020,Percent,Zhambyl,,,35-44,5.1
2020,Percent,Zhambyl,,,45-54,7.0
2020,Percent,Zhambyl,,,55-64,2.4
2020,Percent,Karagandy,,,16-24,5.8
2020,Percent,Karagandy,,,25-28,4.4
2020,Percent,Karagandy,,,29-34,4.5
2020,Percent,Karagandy,,,35-44,3.8
2020,Percent,Karagandy,,,45-54,4.3
2020,Percent,Karagandy,,,55-64,6.3
2020,Percent,Kostanay,,,16-24,3.0
2020,Percent,Kostanay,,,25-28,3.3
2020,Percent,Kostanay,,,29-34,8.1
2020,Percent,Kostanay,,,35-44,6.2
2020,Percent,Kostanay,,,45-54,4.0
2020,Percent,Kostanay,,,55-64,3.0
2020,Percent,Kyzylorda,,,16-24,4.8
2020,Percent,Kyzylorda,,,25-28,3.8
2020,Percent,Kyzylorda,,,29-34,9.8
2020,Percent,Kyzylorda,,,35-44,3.7
2020,Percent,Kyzylorda,,,45-54,2.9
2020,Percent,Kyzylorda,,,55-64,2.8
2020,Percent,Mangistau,,,16-24,3.9
2020,Percent,Mangistau,,,25-28,3.4
2020,Percent,Mangistau,,,29-34,5.8
2020,Percent,Mangistau,,,35-44,5.6
2020,Percent,Mangistau,,,45-54,4.2
2020,Percent,Mangistau,,,55-64,5.3
2020,Percent,Pavlodar,,,16-24,2.4
2020,Percent,Pavlodar,,,25-28,3.3
2020,Percent,Pavlodar,,,29-34,8.1
2020,Percent,Pavlodar,,,35-44,4.8
2020,Percent,Pavlodar,,,45-54,4.1
2020,Percent,Pavlodar,,,55-64,5.1
2020,Percent,Soltustik Kazakhstan,,,16-24,6.6
2020,Percent,Soltustik Kazakhstan,,,25-28,1.8
2020,Percent,Soltustik Kazakhstan,,,29-34,7.1
2020,Percent,Soltustik Kazakhstan,,,35-44,5.1
2020,Percent,Soltustik Kazakhstan,,,45-54,5.0
2020,Percent,Soltustik Kazakhstan,,,55-64,3.9
2020,Percent,Turkistan,,,16-24,2.1
2020,Percent,Turkistan,,,25-28,4.4
2020,Percent,Turkistan,,,29-34,5.5
2020,Percent,Turkistan,,,35-44,5.5
2020,Percent,Turkistan,,,45-54,6.1
2020,Percent,Turkistan,,,55-64,5.7
2020,Percent,Shygys Kazakhstan,,,16-24,3.3
2020,Percent,Shygys Kazakhstan,,,25-28,3.0
2020,Percent,Shygys Kazakhstan,,,29-34,7.1
2020,Percent,Shygys Kazakhstan,,,35-44,4.0
2020,Percent,Shygys Kazakhstan,,,45-54,4.4
2020,Percent,Shygys Kazakhstan,,,55-64,8.4
2020,Percent,Nur-Sultan city,,,16-24,4.7
2020,Percent,Nur-Sultan city,,,25-28,4.5
2020,Percent,Nur-Sultan city,,,29-34,4.3
2020,Percent,Nur-Sultan city,,,35-44,4.4
2020,Percent,Nur-Sultan city,,,45-54,4.9
2020,Percent,Nur-Sultan city,,,55-64,5.5
2020,Percent,Almaty city,,,16-24,5.4
2020,Percent,Almaty city,,,25-28,6.4
2020,Percent,Almaty city,,,29-34,7.2
2020,Percent,Almaty city,,,35-44,4.7
2020,Percent,Almaty city,,,45-54,3.2
2020,Percent,Almaty city,,,55-64,4.3
2020,Percent,Shymkent city,,,16-24,3.4
2020,Percent,Shymkent city,,,25-28,3.9
2020,Percent,Shymkent city,,,29-34,6.6
2020,Percent,Shymkent city,,,35-44,4.5
2020,Percent,Shymkent city,,,45-54,4.9
2020,Percent,Shymkent city,,,55-64,6.9
