Year,UNIT_MEASURE,Regions,Area,Sex,Value
2010,Percent,,,,0.9
2010,Percent,Akmola,,,0.2
2010,Percent,Aktobe,,,0.6
2010,Percent,Almaty,,,1.1
2010,Percent,Atyrau,,,0.2
2010,Percent,Batys Kazakhstan,,,1.2
2010,Percent,Zhambyl,,,1.2
2010,Percent,Karagandy,,,0.8
2010,Percent,Kostanay,,,3.3
2010,Percent,Kyzylorda,,,0.6
2010,Percent,Mangistau,,,1.0
2010,Percent,Ontustik Kazakhstan,,,1.1
2010,Percent,Pavlodar,,,1.3
2010,Percent,Soltustik Kazakhstan,,,0.8
2010,Percent,Shygys Kazakhstan,,,0.2
2010,Percent,Nur-Sultan city,,,0.1
2010,Percent,Almaty city,,,0.0
2010,Percent,,,Male,0.9
2010,Percent,Akmola,,Male,0.3
2010,Percent,Aktobe,,Male,0.4
2010,Percent,Almaty,,Male,1.5
2010,Percent,Atyrau,,Male,0.2
2010,Percent,Batys Kazakhstan,,Male,1.4
2010,Percent,Zhambyl,,Male,1.6
2010,Percent,Karagandy,,Male,0.6
2010,Percent,Kostanay,,Male,2.6
2010,Percent,Kyzylorda,,Male,0.7
2010,Percent,Mangistau,,Male,0.9
2010,Percent,Ontustik Kazakhstan,,Male,1.1
2010,Percent,Pavlodar,,Male,1.9
2010,Percent,Soltustik Kazakhstan,,Male,0.7
2010,Percent,Shygys Kazakhstan,,Male,0.1
2010,Percent,Nur-Sultan city,,Male,0.0
2010,Percent,Almaty city,,Male,0.0
2010,Percent,,,Female,0.8
2010,Percent,Akmola,,Female,0.1
2010,Percent,Aktobe,,Female,0.7
2010,Percent,Almaty,,Female,0.6
2010,Percent,Atyrau,,Female,0.2
2010,Percent,Batys Kazakhstan,,Female,1.0
2010,Percent,Zhambyl,,Female,0.9
2010,Percent,Karagandy,,Female,1.0
2010,Percent,Kostanay,,Female,3.9
2010,Percent,Kyzylorda,,Female,0.5
2010,Percent,Mangistau,,Female,1.1
2010,Percent,Ontustik Kazakhstan,,Female,1.0
2010,Percent,Pavlodar,,Female,0.7
2010,Percent,Soltustik Kazakhstan,,Female,0.8
2010,Percent,Shygys Kazakhstan,,Female,0.2
2010,Percent,Nur-Sultan city,,Female,0.2
2010,Percent,Almaty city,,Female,0.1
2010,Percent,,Population of urban areas,,0.3
2010,Percent,Akmola,Population of urban areas,,0.0
2010,Percent,Aktobe,Population of urban areas,,0.1
2010,Percent,Almaty,Population of urban areas,,0.1
2010,Percent,Atyrau,Population of urban areas,,0.0
2010,Percent,Batys Kazakhstan,Population of urban areas,,0.0
2010,Percent,Zhambyl,Population of urban areas,,0.4
2010,Percent,Karagandy,Population of urban areas,,0.1
2010,Percent,Kostanay,Population of urban areas,,1.3
2010,Percent,Kyzylorda,Population of urban areas,,0.7
2010,Percent,Mangistau,Population of urban areas,,1.3
2010,Percent,Ontustik Kazakhstan,Population of urban areas,,1.0
2010,Percent,Pavlodar,Population of urban areas,,0.0
2010,Percent,Soltustik Kazakhstan,Population of urban areas,,0.0
2010,Percent,Shygys Kazakhstan,Population of urban areas,,0.1
2010,Percent,Nur-Sultan city,Population of urban areas,,0.1
2010,Percent,Almaty city,Population of urban areas,,0.0
2010,Percent,,Population of rural areas,,1.5
2010,Percent,Akmola,Population of rural areas,,0.3
2010,Percent,Aktobe,Population of rural areas,,1.1
2010,Percent,Almaty,Population of rural areas,,1.4
2010,Percent,Atyrau,Population of rural areas,,0.3
2010,Percent,Batys Kazakhstan,Population of rural areas,,2.1
2010,Percent,Zhambyl,Population of rural areas,,1.7
2010,Percent,Karagandy,Population of rural areas,,2.8
2010,Percent,Kostanay,Population of rural areas,,5.0
2010,Percent,Kyzylorda,Population of rural areas,,0.5
2010,Percent,Mangistau,Population of rural areas,,0.6
2010,Percent,Ontustik Kazakhstan,Population of rural areas,,1.1
2010,Percent,Pavlodar,Population of rural areas,,3.4
2010,Percent,Soltustik Kazakhstan,Population of rural areas,,1.1
2010,Percent,Turkistan,Population of rural areas,,0.2
2011,Percent,,,,0.8
2011,Percent,Akmola,,,0.2
2011,Percent,Aktobe,,,0.0
2011,Percent,Almaty,,,1.8
2011,Percent,Atyrau,,,0.0
2011,Percent,Batys Kazakhstan,,,0.6
2011,Percent,Zhambyl,,,1.9
2011,Percent,Karagandy,,,0.5
2011,Percent,Kostanay,,,2.1
2011,Percent,Kyzylorda,,,1.0
2011,Percent,Mangistau,,,0.1
2011,Percent,Ontustik Kazakhstan,,,0.9
2011,Percent,Pavlodar,,,1.0
2011,Percent,Soltustik Kazakhstan,,,0.2
2011,Percent,Shygys Kazakhstan,,,0.9
2011,Percent,Nur-Sultan city,,,0.1
2011,Percent,Almaty city,,,0.0
2011,Percent,,,Male,0.9
2011,Percent,Akmola,,Male,0.2
2011,Percent,Aktobe,,Male,0.1
2011,Percent,Almaty,,Male,1.9
2011,Percent,Atyrau,,Male,0.0
2011,Percent,Batys Kazakhstan,,Male,0.7
2011,Percent,Zhambyl,,Male,2.1
2011,Percent,Karagandy,,Male,0.4
2011,Percent,Kostanay,,Male,1.6
2011,Percent,Kyzylorda,,Male,1.1
2011,Percent,Mangistau,,Male,0.1
2011,Percent,Ontustik Kazakhstan,,Male,0.8
2011,Percent,Pavlodar,,Male,1.3
2011,Percent,Soltustik Kazakhstan,,Male,0.2
2011,Percent,Shygys Kazakhstan,,Male,1.2
2011,Percent,Nur-Sultan city,,Male,0.0
2011,Percent,Almaty city,,Male,0.0
2011,Percent,,,Female,0.8
2011,Percent,Akmola,,Female,0.1
2011,Percent,Aktobe,,Female,0.0
2011,Percent,Almaty,,Female,1.6
2011,Percent,Atyrau,,Female,0.0
2011,Percent,Batys Kazakhstan,,Female,0.4
2011,Percent,Zhambyl,,Female,1.6
2011,Percent,Karagandy,,Female,0.7
2011,Percent,Kostanay,,Female,2.7
2011,Percent,Kyzylorda,,Female,0.8
2011,Percent,Mangistau,,Female,0.1
2011,Percent,Ontustik Kazakhstan,,Female,1.0
2011,Percent,Pavlodar,,Female,0.6
2011,Percent,Soltustik Kazakhstan,,Female,0.2
2011,Percent,Shygys Kazakhstan,,Female,0.6
2011,Percent,Nur-Sultan city,,Female,0.1
2011,Percent,Almaty city,,Female,0.0
2011,Percent,,Population of urban areas,,0.2
2011,Percent,Akmola,Population of urban areas,,0.1
2011,Percent,Aktobe,Population of urban areas,,0.0
2011,Percent,Almaty,Population of urban areas,,0.1
2011,Percent,Atyrau,Population of urban areas,,0.0
2011,Percent,Batys Kazakhstan,Population of urban areas,,0.1
2011,Percent,Zhambyl,Population of urban areas,,1.2
2011,Percent,Karagandy,Population of urban areas,,0.2
2011,Percent,Kostanay,Population of urban areas,,0.2
2011,Percent,Kyzylorda,Population of urban areas,,0.8
2011,Percent,Mangistau,Population of urban areas,,0.2
2011,Percent,Ontustik Kazakhstan,Population of urban areas,,0.4
2011,Percent,Pavlodar,Population of urban areas,,0.0
2011,Percent,Soltustik Kazakhstan,Population of urban areas,,0.0
2011,Percent,Shygys Kazakhstan,Population of urban areas,,0.1
2011,Percent,Nur-Sultan city,Population of urban areas,,0.1
2011,Percent,Almaty city,Population of urban areas,,0.0
2011,Percent,,Population of rural areas,,1.5
2011,Percent,Akmola,Population of rural areas,,0.2
2011,Percent,Aktobe,Population of rural areas,,0.0
2011,Percent,Almaty,Population of rural areas,,2.2
2011,Percent,Atyrau,Population of rural areas,,0.0
2011,Percent,Batys Kazakhstan,Population of rural areas,,1.0
2011,Percent,Zhambyl,Population of rural areas,,2.3
2011,Percent,Karagandy,Population of rural areas,,1.6
2011,Percent,Kostanay,Population of rural areas,,3.8
2011,Percent,Kyzylorda,Population of rural areas,,1.1
2011,Percent,Mangistau,Population of rural areas,,0.0
2011,Percent,Ontustik Kazakhstan,Population of rural areas,,1.2
2011,Percent,Pavlodar,Population of rural areas,,2.6
2011,Percent,Soltustik Kazakhstan,Population of rural areas,,0.3
2011,Percent,Turkistan,Population of rural areas,,1.9
2012,Percent,,,,0.6
2012,Percent,Akmola,,,0.4
2012,Percent,Aktobe,,,0.0
2012,Percent,Almaty,,,1.6
2012,Percent,Atyrau,,,0.1
2012,Percent,Batys Kazakhstan,,,0.1
2012,Percent,Zhambyl,,,1.8
2012,Percent,Karagandy,,,0.5
2012,Percent,Kostanay,,,1.9
2012,Percent,Kyzylorda,,,0.1
2012,Percent,Mangistau,,,0.0
2012,Percent,Ontustik Kazakhstan,,,0.4
2012,Percent,Pavlodar,,,0.4
2012,Percent,Soltustik Kazakhstan,,,0.3
2012,Percent,Shygys Kazakhstan,,,0.1
2012,Percent,Nur-Sultan city,,,0.3
2012,Percent,Almaty city,,,0.0
2012,Percent,,,Male,0.6
2012,Percent,Akmola,,Male,0.4
2012,Percent,Aktobe,,Male,0.0
2012,Percent,Almaty,,Male,1.7
2012,Percent,Atyrau,,Male,0.1
2012,Percent,Batys Kazakhstan,,Male,0.1
2012,Percent,Zhambyl,,Male,1.6
2012,Percent,Karagandy,,Male,0.4
2012,Percent,Kostanay,,Male,1.8
2012,Percent,Kyzylorda,,Male,0.2
2012,Percent,Mangistau,,Male,0.0
2012,Percent,Ontustik Kazakhstan,,Male,0.4
2012,Percent,Pavlodar,,Male,0.5
2012,Percent,Soltustik Kazakhstan,,Male,0.1
2012,Percent,Shygys Kazakhstan,,Male,0.2
2012,Percent,Nur-Sultan city,,Male,0.6
2012,Percent,Almaty city,,Male,0.0
2012,Percent,,,Female,0.6
2012,Percent,Akmola,,Female,0.4
2012,Percent,Aktobe,,Female,0.1
2012,Percent,Almaty,,Female,1.5
2012,Percent,Atyrau,,Female,0.1
2012,Percent,Batys Kazakhstan,,Female,0.0
2012,Percent,Zhambyl,,Female,1.9
2012,Percent,Karagandy,,Female,0.6
2012,Percent,Kostanay,,Female,1.9
2012,Percent,Kyzylorda,,Female,0.1
2012,Percent,Mangistau,,Female,0.0
2012,Percent,Ontustik Kazakhstan,,Female,0.4
2012,Percent,Pavlodar,,Female,0.3
2012,Percent,Soltustik Kazakhstan,,Female,0.4
2012,Percent,Shygys Kazakhstan,,Female,0.1
2012,Percent,Nur-Sultan city,,Female,0.0
2012,Percent,Almaty city,,Female,0.0
2012,Percent,,Population of urban areas,,0.2
2012,Percent,Akmola,Population of urban areas,,0.3
2012,Percent,Aktobe,Population of urban areas,,0.0
2012,Percent,Almaty,Population of urban areas,,1.2
2012,Percent,Atyrau,Population of urban areas,,0.0
2012,Percent,Batys Kazakhstan,Population of urban areas,,0.0
2012,Percent,Zhambyl,Population of urban areas,,0.0
2012,Percent,Karagandy,Population of urban areas,,0.3
2012,Percent,Kostanay,Population of urban areas,,0.2
2012,Percent,Kyzylorda,Population of urban areas,,0.1
2012,Percent,Mangistau,Population of urban areas,,0.0
2012,Percent,Ontustik Kazakhstan,Population of urban areas,,0.2
2012,Percent,Pavlodar,Population of urban areas,,0.1
2012,Percent,Soltustik Kazakhstan,Population of urban areas,,0.2
2012,Percent,Shygys Kazakhstan,Population of urban areas,,0.0
2012,Percent,Nur-Sultan city,Population of urban areas,,0.3
2012,Percent,Almaty city,Population of urban areas,,0.0
2012,Percent,,Population of rural areas,,1.1
2012,Percent,Akmola,Population of rural areas,,0.4
2012,Percent,Aktobe,Population of rural areas,,0.1
2012,Percent,Almaty,Population of rural areas,,1.7
2012,Percent,Atyrau,Population of rural areas,,0.1
2012,Percent,Batys Kazakhstan,Population of rural areas,,0.1
2012,Percent,Zhambyl,Population of rural areas,,2.8
2012,Percent,Karagandy,Population of rural areas,,1.0
2012,Percent,Kostanay,Population of rural areas,,3.5
2012,Percent,Kyzylorda,Population of rural areas,,0.1
2012,Percent,Mangistau,Population of rural areas,,0.0
2012,Percent,Ontustik Kazakhstan,Population of rural areas,,0.5
2012,Percent,Pavlodar,Population of rural areas,,1.0
2012,Percent,Soltustik Kazakhstan,Population of rural areas,,0.3
2012,Percent,Turkistan,Population of rural areas,,0.2
2013,Percent,,,,0.5
2013,Percent,Akmola,,,0.1
2013,Percent,Aktobe,,,0.0
2013,Percent,Almaty,,,1.3
2013,Percent,Atyrau,,,0.0
2013,Percent,Batys Kazakhstan,,,0.0
2013,Percent,Zhambyl,,,2.1
2013,Percent,Karagandy,,,0.1
2013,Percent,Kostanay,,,0.6
2013,Percent,Kyzylorda,,,0.1
2013,Percent,Mangistau,,,0.2
2013,Percent,Ontustik Kazakhstan,,,0.2
2013,Percent,Pavlodar,,,0.5
2013,Percent,Soltustik Kazakhstan,,,0.7
2013,Percent,Shygys Kazakhstan,,,0.3
2013,Percent,Nur-Sultan city,,,0.0
2013,Percent,Almaty city,,,0.0
2013,Percent,,,Male,0.5
2013,Percent,Akmola,,Male,0.0
2013,Percent,Aktobe,,Male,0.0
2013,Percent,Almaty,,Male,1.5
2013,Percent,Atyrau,,Male,0.0
2013,Percent,Batys Kazakhstan,,Male,0.0
2013,Percent,Zhambyl,,Male,2.2
2013,Percent,Karagandy,,Male,0.2
2013,Percent,Kostanay,,Male,0.6
2013,Percent,Kyzylorda,,Male,0.3
2013,Percent,Mangistau,,Male,0.2
2013,Percent,Ontustik Kazakhstan,,Male,0.2
2013,Percent,Pavlodar,,Male,0.4
2013,Percent,Soltustik Kazakhstan,,Male,0.6
2013,Percent,Shygys Kazakhstan,,Male,0.2
2013,Percent,Nur-Sultan city,,Male,0.0
2013,Percent,Almaty city,,Male,0.0
2013,Percent,,,Female,0.4
2013,Percent,Akmola,,Female,0.3
2013,Percent,Aktobe,,Female,0.0
2013,Percent,Almaty,,Female,1.0
2013,Percent,Atyrau,,Female,0.1
2013,Percent,Batys Kazakhstan,,Female,0.0
2013,Percent,Zhambyl,,Female,2.1
2013,Percent,Karagandy,,Female,0.1
2013,Percent,Kostanay,,Female,0.6
2013,Percent,Kyzylorda,,Female,0.0
2013,Percent,Mangistau,,Female,0.2
2013,Percent,Ontustik Kazakhstan,,Female,0.2
2013,Percent,Pavlodar,,Female,0.6
2013,Percent,Soltustik Kazakhstan,,Female,0.9
2013,Percent,Shygys Kazakhstan,,Female,0.4
2013,Percent,Nur-Sultan city,,Female,0.0
2013,Percent,Almaty city,,Female,0.0
2013,Percent,,Population of urban areas,,0.2
2013,Percent,Akmola,Population of urban areas,,0.0
2013,Percent,Aktobe,Population of urban areas,,0.0
2013,Percent,Almaty,Population of urban areas,,1.9
2013,Percent,Atyrau,Population of urban areas,,0.0
2013,Percent,Batys Kazakhstan,Population of urban areas,,0.0
2013,Percent,Zhambyl,Population of urban areas,,1.6
2013,Percent,Karagandy,Population of urban areas,,0.1
2013,Percent,Kostanay,Population of urban areas,,0.0
2013,Percent,Kyzylorda,Population of urban areas,,0.0
2013,Percent,Mangistau,Population of urban areas,,0.4
2013,Percent,Ontustik Kazakhstan,Population of urban areas,,0.1
2013,Percent,Pavlodar,Population of urban areas,,0.0
2013,Percent,Soltustik Kazakhstan,Population of urban areas,,0.4
2013,Percent,Shygys Kazakhstan,Population of urban areas,,0.2
2013,Percent,Nur-Sultan city,Population of urban areas,,0.0
2013,Percent,Almaty city,Population of urban areas,,0.0
2013,Percent,,Population of rural areas,,0.7
2013,Percent,Akmola,Population of rural areas,,0.2
2013,Percent,Aktobe,Population of rural areas,,0.0
2013,Percent,Almaty,Population of rural areas,,1.1
2013,Percent,Atyrau,Population of rural areas,,0.1
2013,Percent,Batys Kazakhstan,Population of rural areas,,0.0
2013,Percent,Zhambyl,Population of rural areas,,2.4
2013,Percent,Karagandy,Population of rural areas,,0.4
2013,Percent,Kostanay,Population of rural areas,,1.2
2013,Percent,Kyzylorda,Population of rural areas,,0.3
2013,Percent,Mangistau,Population of rural areas,,0.0
2013,Percent,Ontustik Kazakhstan,Population of rural areas,,0.2
2013,Percent,Pavlodar,Population of rural areas,,1.3
2013,Percent,Soltustik Kazakhstan,Population of rural areas,,0.9
2013,Percent,Turkistan,Population of rural areas,,0.4
2014,Percent,,,,0.4
2014,Percent,Akmola,,,0.3
2014,Percent,Aktobe,,,0.0
2014,Percent,Almaty,,,0.8
2014,Percent,Atyrau,,,0.2
2014,Percent,Batys Kazakhstan,,,0.1
2014,Percent,Zhambyl,,,1.1
2014,Percent,Karagandy,,,0.4
2014,Percent,Kostanay,,,0.4
2014,Percent,Kyzylorda,,,0.7
2014,Percent,Mangistau,,,0.1
2014,Percent,Ontustik Kazakhstan,,,0.2
2014,Percent,Pavlodar,,,0.6
2014,Percent,Soltustik Kazakhstan,,,0.4
2014,Percent,Shygys Kazakhstan,,,0.1
2014,Percent,Nur-Sultan city,,,0.0
2014,Percent,Almaty city,,,0.2
2014,Percent,,,Male,0.4
2014,Percent,Akmola,,Male,0.4
2014,Percent,Aktobe,,Male,0.0
2014,Percent,Almaty,,Male,0.8
2014,Percent,Atyrau,,Male,0.2
2014,Percent,Batys Kazakhstan,,Male,0.1
2014,Percent,Zhambyl,,Male,1.2
2014,Percent,Karagandy,,Male,0.5
2014,Percent,Kostanay,,Male,0.5
2014,Percent,Kyzylorda,,Male,0.6
2014,Percent,Mangistau,,Male,0.1
2014,Percent,Ontustik Kazakhstan,,Male,0.2
2014,Percent,Pavlodar,,Male,0.6
2014,Percent,Soltustik Kazakhstan,,Male,0.5
2014,Percent,Shygys Kazakhstan,,Male,0.2
2014,Percent,Nur-Sultan city,,Male,0.0
2014,Percent,Almaty city,,Male,0.1
2014,Percent,,,Female,0.3
2014,Percent,Akmola,,Female,0.2
2014,Percent,Aktobe,,Female,0.0
2014,Percent,Almaty,,Female,0.7
2014,Percent,Atyrau,,Female,0.2
2014,Percent,Batys Kazakhstan,,Female,0.1
2014,Percent,Zhambyl,,Female,0.9
2014,Percent,Karagandy,,Female,0.4
2014,Percent,Kostanay,,Female,0.3
2014,Percent,Kyzylorda,,Female,0.7
2014,Percent,Mangistau,,Female,0.0
2014,Percent,Ontustik Kazakhstan,,Female,0.2
2014,Percent,Pavlodar,,Female,0.5
2014,Percent,Soltustik Kazakhstan,,Female,0.3
2014,Percent,Shygys Kazakhstan,,Female,0.1
2014,Percent,Nur-Sultan city,,Female,0.0
2014,Percent,Almaty city,,Female,0.2
2014,Percent,,Population of urban areas,,0.2
2014,Percent,Akmola,Population of urban areas,,0.1
2014,Percent,Aktobe,Population of urban areas,,0.0
2014,Percent,Almaty,Population of urban areas,,0.5
2014,Percent,Atyrau,Population of urban areas,,0.1
2014,Percent,Batys Kazakhstan,Population of urban areas,,0.0
2014,Percent,Zhambyl,Population of urban areas,,0.5
2014,Percent,Karagandy,Population of urban areas,,0.4
2014,Percent,Kostanay,Population of urban areas,,0.3
2014,Percent,Kyzylorda,Population of urban areas,,0.5
2014,Percent,Mangistau,Population of urban areas,,0.1
2014,Percent,Ontustik Kazakhstan,Population of urban areas,,0.0
2014,Percent,Pavlodar,Population of urban areas,,0.0
2014,Percent,Soltustik Kazakhstan,Population of urban areas,,0.3
2014,Percent,Shygys Kazakhstan,Population of urban areas,,0.0
2014,Percent,Nur-Sultan city,Population of urban areas,,0.0
2014,Percent,Almaty city,Population of urban areas,,0.2
2014,Percent,,Population of rural areas,,0.6
2014,Percent,Akmola,Population of rural areas,,0.5
2014,Percent,Aktobe,Population of rural areas,,0.0
2014,Percent,Almaty,Population of rural areas,,0.9
2014,Percent,Atyrau,Population of rural areas,,0.3
2014,Percent,Batys Kazakhstan,Population of rural areas,,0.2
2014,Percent,Zhambyl,Population of rural areas,,1.5
2014,Percent,Karagandy,Population of rural areas,,0.7
2014,Percent,Kostanay,Population of rural areas,,0.6
2014,Percent,Kyzylorda,Population of rural areas,,0.8
2014,Percent,Mangistau,Population of rural areas,,0.0
2014,Percent,Ontustik Kazakhstan,Population of rural areas,,0.4
2014,Percent,Pavlodar,Population of rural areas,,1.7
2014,Percent,Soltustik Kazakhstan,Population of rural areas,,0.5
2014,Percent,Turkistan,Population of rural areas,,0.3
2015,Percent,,,,0.3
2015,Percent,Akmola,,,0.2
2015,Percent,Aktobe,,,0.0
2015,Percent,Almaty,,,0.7
2015,Percent,Atyrau,,,0.2
2015,Percent,Batys Kazakhstan,,,0.0
2015,Percent,Zhambyl,,,1.2
2015,Percent,Karagandy,,,0.2
2015,Percent,Kostanay,,,0.4
2015,Percent,Kyzylorda,,,0.2
2015,Percent,Mangistau,,,0.1
2015,Percent,Ontustik Kazakhstan,,,0.2
2015,Percent,Pavlodar,,,0.3
2015,Percent,Soltustik Kazakhstan,,,0.2
2015,Percent,Shygys Kazakhstan,,,0.2
2015,Percent,Nur-Sultan city,,,0.2
2015,Percent,Almaty city,,,0.1
2015,Percent,,,Male,0.3
2015,Percent,Akmola,,Male,0.2
2015,Percent,Aktobe,,Male,0.0
2015,Percent,Almaty,,Male,0.8
2015,Percent,Atyrau,,Male,0.2
2015,Percent,Batys Kazakhstan,,Male,0.0
2015,Percent,Zhambyl,,Male,1.2
2015,Percent,Karagandy,,Male,0.1
2015,Percent,Kostanay,,Male,0.4
2015,Percent,Kyzylorda,,Male,0.2
2015,Percent,Mangistau,,Male,0.0
2015,Percent,Ontustik Kazakhstan,,Male,0.2
2015,Percent,Pavlodar,,Male,0.4
2015,Percent,Soltustik Kazakhstan,,Male,0.2
2015,Percent,Shygys Kazakhstan,,Male,0.3
2015,Percent,Nur-Sultan city,,Male,0.2
2015,Percent,Almaty city,,Male,0.1
2015,Percent,,,Female,0.3
2015,Percent,Akmola,,Female,0.1
2015,Percent,Aktobe,,Female,0.1
2015,Percent,Almaty,,Female,0.6
2015,Percent,Atyrau,,Female,0.1
2015,Percent,Batys Kazakhstan,,Female,0.0
2015,Percent,Zhambyl,,Female,1.2
2015,Percent,Karagandy,,Female,0.2
2015,Percent,Kostanay,,Female,0.4
2015,Percent,Kyzylorda,,Female,0.2
2015,Percent,Mangistau,,Female,0.2
2015,Percent,Ontustik Kazakhstan,,Female,0.1
2015,Percent,Pavlodar,,Female,0.2
2015,Percent,Soltustik Kazakhstan,,Female,0.3
2015,Percent,Shygys Kazakhstan,,Female,0.1
2015,Percent,Nur-Sultan city,,Female,0.2
2015,Percent,Almaty city,,Female,0.1
2015,Percent,,Population of urban areas,,0.1
2015,Percent,Akmola,Population of urban areas,,0.1
2015,Percent,Aktobe,Population of urban areas,,0.1
2015,Percent,Almaty,Population of urban areas,,0.1
2015,Percent,Atyrau,Population of urban areas,,0.2
2015,Percent,Batys Kazakhstan,Population of urban areas,,0.0
2015,Percent,Zhambyl,Population of urban areas,,1.0
2015,Percent,Karagandy,Population of urban areas,,0.1
2015,Percent,Kostanay,Population of urban areas,,0.1
2015,Percent,Kyzylorda,Population of urban areas,,0.1
2015,Percent,Mangistau,Population of urban areas,,0.0
2015,Percent,Ontustik Kazakhstan,Population of urban areas,,0.1
2015,Percent,Pavlodar,Population of urban areas,,0.0
2015,Percent,Soltustik Kazakhstan,Population of urban areas,,0.2
2015,Percent,Shygys Kazakhstan,Population of urban areas,,0.0
2015,Percent,Nur-Sultan city,Population of urban areas,,0.2
2015,Percent,Almaty city,Population of urban areas,,0.1
2015,Percent,,Population of rural areas,,0.5
2015,Percent,Akmola,Population of rural areas,,0.3
2015,Percent,Aktobe,Population of rural areas,,0.0
2015,Percent,Almaty,Population of rural areas,,0.9
2015,Percent,Atyrau,Population of rural areas,,0.1
2015,Percent,Batys Kazakhstan,Population of rural areas,,0.1
2015,Percent,Zhambyl,Population of rural areas,,1.4
2015,Percent,Karagandy,Population of rural areas,,0.3
2015,Percent,Kostanay,Population of rural areas,,0.6
2015,Percent,Kyzylorda,Population of rural areas,,0.2
2015,Percent,Mangistau,Population of rural areas,,0.3
2015,Percent,Ontustik Kazakhstan,Population of rural areas,,0.2
2015,Percent,Pavlodar,Population of rural areas,,1.0
2015,Percent,Soltustik Kazakhstan,Population of rural areas,,0.3
2015,Percent,Turkistan,Population of rural areas,,0.4
2016,Percent,,,,0.2
2016,Percent,Akmola,,,0.2
2016,Percent,Aktobe,,,0.0
2016,Percent,Almaty,,,0.4
2016,Percent,Atyrau,,,0.2
2016,Percent,Batys Kazakhstan,,,0.0
2016,Percent,Zhambyl,,,0.5
2016,Percent,Karagandy,,,0.1
2016,Percent,Kostanay,,,0.3
2016,Percent,Kyzylorda,,,0.2
2016,Percent,Mangistau,,,0.0
2016,Percent,Ontustik Kazakhstan,,,0.2
2016,Percent,Pavlodar,,,0.1
2016,Percent,Soltustik Kazakhstan,,,0.1
2016,Percent,Shygys Kazakhstan,,,0.1
2016,Percent,Nur-Sultan city,,,0.1
2016,Percent,Almaty city,,,0.2
2016,Percent,,,Male,0.2
2016,Percent,Akmola,,Male,0.3
2016,Percent,Aktobe,,Male,0.0
2016,Percent,Almaty,,Male,0.4
2016,Percent,Atyrau,,Male,0.1
2016,Percent,Batys Kazakhstan,,Male,0.0
2016,Percent,Zhambyl,,Male,0.5
2016,Percent,Karagandy,,Male,0.1
2016,Percent,Kostanay,,Male,0.4
2016,Percent,Kyzylorda,,Male,0.2
2016,Percent,Mangistau,,Male,0.0
2016,Percent,Ontustik Kazakhstan,,Male,0.2
2016,Percent,Pavlodar,,Male,0.1
2016,Percent,Soltustik Kazakhstan,,Male,0.1
2016,Percent,Shygys Kazakhstan,,Male,0.1
2016,Percent,Nur-Sultan city,,Male,0.1
2016,Percent,Almaty city,,Male,0.1
2016,Percent,,,Female,0.2
2016,Percent,Akmola,,Female,0.1
2016,Percent,Aktobe,,Female,0.0
2016,Percent,Almaty,,Female,0.4
2016,Percent,Atyrau,,Female,0.3
2016,Percent,Batys Kazakhstan,,Female,0.0
2016,Percent,Zhambyl,,Female,0.5
2016,Percent,Karagandy,,Female,0.1
2016,Percent,Kostanay,,Female,0.3
2016,Percent,Kyzylorda,,Female,0.2
2016,Percent,Mangistau,,Female,0.0
2016,Percent,Ontustik Kazakhstan,,Female,0.2
2016,Percent,Pavlodar,,Female,0.1
2016,Percent,Soltustik Kazakhstan,,Female,0.1
2016,Percent,Shygys Kazakhstan,,Female,0.1
2016,Percent,Nur-Sultan city,,Female,0.0
2016,Percent,Almaty city,,Female,0.3
2016,Percent,,Population of urban areas,,0.1
2016,Percent,Akmola,Population of urban areas,,0.0
2016,Percent,Aktobe,Population of urban areas,,0.0
2016,Percent,Almaty,Population of urban areas,,0.1
2016,Percent,Atyrau,Population of urban areas,,0.1
2016,Percent,Batys Kazakhstan,Population of urban areas,,0.0
2016,Percent,Zhambyl,Population of urban areas,,0.2
2016,Percent,Karagandy,Population of urban areas,,0.1
2016,Percent,Kostanay,Population of urban areas,,0.0
2016,Percent,Kyzylorda,Population of urban areas,,0.2
2016,Percent,Mangistau,Population of urban areas,,0.0
2016,Percent,Ontustik Kazakhstan,Population of urban areas,,0.2
2016,Percent,Pavlodar,Population of urban areas,,0.0
2016,Percent,Soltustik Kazakhstan,Population of urban areas,,0.0
2016,Percent,Shygys Kazakhstan,Population of urban areas,,0.0
2016,Percent,Nur-Sultan city,Population of urban areas,,0.1
2016,Percent,Almaty city,Population of urban areas,,0.2
2016,Percent,,Population of rural areas,,0.3
2016,Percent,Akmola,Population of rural areas,,0.4
2016,Percent,Aktobe,Population of rural areas,,0.0
2016,Percent,Almaty,Population of rural areas,,0.5
2016,Percent,Atyrau,Population of rural areas,,0.2
2016,Percent,Batys Kazakhstan,Population of rural areas,,0.0
2016,Percent,Zhambyl,Population of rural areas,,0.7
2016,Percent,Karagandy,Population of rural areas,,0.1
2016,Percent,Kostanay,Population of rural areas,,0.7
2016,Percent,Kyzylorda,Population of rural areas,,0.2
2016,Percent,Mangistau,Population of rural areas,,0.0
2016,Percent,Ontustik Kazakhstan,Population of rural areas,,0.2
2016,Percent,Pavlodar,Population of rural areas,,0.2
2016,Percent,Soltustik Kazakhstan,Population of rural areas,,0.1
2016,Percent,Turkistan,Population of rural areas,,0.2
2017,Percent,,,,0.2
2017,Percent,Akmola,,,0.3
2017,Percent,Aktobe,,,0.0
2017,Percent,Almaty,,,0.2
2017,Percent,Atyrau,,,0.1
2017,Percent,Batys Kazakhstan,,,0.0
2017,Percent,Zhambyl,,,0.6
2017,Percent,Karagandy,,,0.1
2017,Percent,Kostanay,,,0.4
2017,Percent,Kyzylorda,,,0.1
2017,Percent,Mangistau,,,0.0
2017,Percent,Ontustik Kazakhstan,,,0.1
2017,Percent,Pavlodar,,,0.1
2017,Percent,Soltustik Kazakhstan,,,0.2
2017,Percent,Shygys Kazakhstan,,,0.4
2017,Percent,Nur-Sultan city,,,0.0
2017,Percent,Almaty city,,,0.0
2017,Percent,,,Male,0.2
2017,Percent,Akmola,,Male,0.3
2017,Percent,Aktobe,,Male,0.0
2017,Percent,Almaty,,Male,0.2
2017,Percent,Atyrau,,Male,0.1
2017,Percent,Batys Kazakhstan,,Male,0.0
2017,Percent,Zhambyl,,Male,0.7
2017,Percent,Karagandy,,Male,0.1
2017,Percent,Kostanay,,Male,0.4
2017,Percent,Kyzylorda,,Male,0.1
2017,Percent,Mangistau,,Male,0.0
2017,Percent,Ontustik Kazakhstan,,Male,0.1
2017,Percent,Pavlodar,,Male,0.2
2017,Percent,Soltustik Kazakhstan,,Male,0.2
2017,Percent,Shygys Kazakhstan,,Male,0.4
2017,Percent,Nur-Sultan city,,Male,0.0
2017,Percent,Almaty city,,Male,0.0
2017,Percent,,,Female,0.1
2017,Percent,Akmola,,Female,0.3
2017,Percent,Aktobe,,Female,0.0
2017,Percent,Almaty,,Female,0.2
2017,Percent,Atyrau,,Female,0.0
2017,Percent,Batys Kazakhstan,,Female,0.0
2017,Percent,Zhambyl,,Female,0.5
2017,Percent,Karagandy,,Female,0.1
2017,Percent,Kostanay,,Female,0.4
2017,Percent,Kyzylorda,,Female,0.0
2017,Percent,Mangistau,,Female,0.0
2017,Percent,Ontustik Kazakhstan,,Female,0.0
2017,Percent,Pavlodar,,Female,0.1
2017,Percent,Soltustik Kazakhstan,,Female,0.1
2017,Percent,Shygys Kazakhstan,,Female,0.3
2017,Percent,Nur-Sultan city,,Female,0.0
2017,Percent,Almaty city,,Female,0.0
2017,Percent,,Population of urban areas,,0.1
2017,Percent,Akmola,Population of urban areas,,0.1
2017,Percent,Aktobe,Population of urban areas,,0.0
2017,Percent,Almaty,Population of urban areas,,0.1
2017,Percent,Atyrau,Population of urban areas,,0.1
2017,Percent,Batys Kazakhstan,Population of urban areas,,0.0
2017,Percent,Zhambyl,Population of urban areas,,0.4
2017,Percent,Karagandy,Population of urban areas,,0.0
2017,Percent,Kostanay,Population of urban areas,,0.0
2017,Percent,Kyzylorda,Population of urban areas,,0.1
2017,Percent,Mangistau,Population of urban areas,,0.0
2017,Percent,Ontustik Kazakhstan,Population of urban areas,,0.0
2017,Percent,Pavlodar,Population of urban areas,,0.0
2017,Percent,Soltustik Kazakhstan,Population of urban areas,,0.0
2017,Percent,Shygys Kazakhstan,Population of urban areas,,0.4
2017,Percent,Nur-Sultan city,Population of urban areas,,0.0
2017,Percent,Almaty city,Population of urban areas,,0.0
2017,Percent,,Population of rural areas,,0.3
2017,Percent,Akmola,Population of rural areas,,0.5
2017,Percent,Aktobe,Population of rural areas,,0.0
2017,Percent,Almaty,Population of rural areas,,0.2
2017,Percent,Atyrau,Population of rural areas,,0.0
2017,Percent,Batys Kazakhstan,Population of rural areas,,0.0
2017,Percent,Zhambyl,Population of rural areas,,0.7
2017,Percent,Karagandy,Population of rural areas,,0.2
2017,Percent,Kostanay,Population of rural areas,,0.8
2017,Percent,Kyzylorda,Population of rural areas,,0.1
2017,Percent,Mangistau,Population of rural areas,,0.1
2017,Percent,Ontustik Kazakhstan,Population of rural areas,,0.1
2017,Percent,Pavlodar,Population of rural areas,,0.4
2017,Percent,Soltustik Kazakhstan,Population of rural areas,,0.3
2017,Percent,Turkistan,Population of rural areas,,0.4
2018,Percent,,,,0.1
2018,Percent,Akmola,,,0.1
2018,Percent,Aktobe,,,0.0
2018,Percent,Almaty,,,0.1
2018,Percent,Atyrau,,,0.0
2018,Percent,Batys Kazakhstan,,,0.0
2018,Percent,Zhambyl,,,0.9
2018,Percent,Karagandy,,,0.0
2018,Percent,Kostanay,,,0.5
2018,Percent,Kyzylorda,,,0.2
2018,Percent,Mangistau,,,0.0
2018,Percent,Pavlodar,,,0.1
2018,Percent,Soltustik Kazakhstan,,,0.0
2018,Percent,Turkistan,,,0.1
2018,Percent,Shygys Kazakhstan,,,0.3
2018,Percent,Nur-Sultan city,,,0.0
2018,Percent,Almaty city,,,0.0
2018,Percent,Shymkent city,,,0.0
2018,Percent,,,Male,0.1
2018,Percent,Akmola,,Male,0.1
2018,Percent,Aktobe,,Male,0.0
2018,Percent,Almaty,,Male,0.1
2018,Percent,Atyrau,,Male,0.0
2018,Percent,Batys Kazakhstan,,Male,0.0
2018,Percent,Zhambyl,,Male,0.7
2018,Percent,Karagandy,,Male,0.0
2018,Percent,Kostanay,,Male,0.5
2018,Percent,Kyzylorda,,Male,0.2
2018,Percent,Mangistau,,Male,0.0
2018,Percent,Pavlodar,,Male,0.1
2018,Percent,Soltustik Kazakhstan,,Male,0.0
2018,Percent,Turkistan,,Male,0.1
2018,Percent,Shygys Kazakhstan,,Male,0.5
2018,Percent,Nur-Sultan city,,Male,0.0
2018,Percent,Almaty city,,Male,0.0
2018,Percent,Shymkent city,,Male,0.0
2018,Percent,,,Female,0.1
2018,Percent,Akmola,,Female,0.1
2018,Percent,Aktobe,,Female,0.0
2018,Percent,Almaty,,Female,0.1
2018,Percent,Atyrau,,Female,0.0
2018,Percent,Batys Kazakhstan,,Female,0.0
2018,Percent,Zhambyl,,Female,1.1
2018,Percent,Karagandy,,Female,0.0
2018,Percent,Kostanay,,Female,0.5
2018,Percent,Kyzylorda,,Female,0.2
2018,Percent,Mangistau,,Female,0.0
2018,Percent,Pavlodar,,Female,0.1
2018,Percent,Soltustik Kazakhstan,,Female,0.1
2018,Percent,Turkistan,,Female,0.1
2018,Percent,Shygys Kazakhstan,,Female,0.2
2018,Percent,Nur-Sultan city,,Female,0.0
2018,Percent,Almaty city,,Female,0.0
2018,Percent,Shymkent city,,Female,0.0
2018,Percent,,Population of urban areas,,0.0
2018,Percent,Akmola,Population of urban areas,,0.0
2018,Percent,Aktobe,Population of urban areas,,0.0
2018,Percent,Almaty,Population of urban areas,,0.0
2018,Percent,Atyrau,Population of urban areas,,0.0
2018,Percent,Batys Kazakhstan,Population of urban areas,,0.0
2018,Percent,Zhambyl,Population of urban areas,,0.4
2018,Percent,Karagandy,Population of urban areas,,0.0
2018,Percent,Kostanay,Population of urban areas,,0.1
2018,Percent,Kyzylorda,Population of urban areas,,0.0
2018,Percent,Mangistau,Population of urban areas,,0.0
2018,Percent,Pavlodar,Population of urban areas,,0.0
2018,Percent,Soltustik Kazakhstan,Population of urban areas,,0.0
2018,Percent,Turkistan,Population of urban areas,,0.1
2018,Percent,Shygys Kazakhstan,Population of urban areas,,0.1
2018,Percent,Nur-Sultan city,Population of urban areas,,0.0
2018,Percent,Almaty city,Population of urban areas,,0.0
2018,Percent,Shymkent city,Population of urban areas,,0.0
2018,Percent,,Population of rural areas,,0.3
2018,Percent,Akmola,Population of rural areas,,0.1
2018,Percent,Aktobe,Population of rural areas,,0.1
2018,Percent,Almaty,Population of rural areas,,0.1
2018,Percent,Atyrau,Population of rural areas,,0.0
2018,Percent,Batys Kazakhstan,Population of rural areas,,0.0
2018,Percent,Zhambyl,Population of rural areas,,1.2
2018,Percent,Karagandy,Population of rural areas,,0.1
2018,Percent,Kostanay,Population of rural areas,,0.9
2018,Percent,Kyzylorda,Population of rural areas,,0.4
2018,Percent,Mangistau,Population of rural areas,,0.0
2018,Percent,Pavlodar,Population of rural areas,,0.2
2018,Percent,Soltustik Kazakhstan,Population of rural areas,,0.1
2018,Percent,Shygys Kazakhstan,Population of rural areas,,0.1
2018,Percent,Turkistan,Population of rural areas,,0.7
2019,Percent,,,,0.1
2019,Percent,Akmola,,,0.2
2019,Percent,Almaty,,,0.0
2019,Percent,Atyrau,,,0.0
2019,Percent,Batys Kazakhstan,,,0.0
2019,Percent,Zhambyl,,,0.2
2019,Percent,Karagandy,,,0.0
2019,Percent,Kostanay,,,0.3
2019,Percent,Kyzylorda,,,0.1
2019,Percent,Pavlodar,,,0.1
2019,Percent,Soltustik Kazakhstan,,,0.0
2019,Percent,Shygys Kazakhstan,,,0.2
2019,Percent,,,Male,0.1
2019,Percent,Akmola,,Male,0.3
2019,Percent,Almaty,,Male,0.0
2019,Percent,Atyrau,,Male,0.0
2019,Percent,Zhambyl,,Male,0.3
2019,Percent,Karagandy,,Male,0.1
2019,Percent,Kostanay,,Male,0.3
2019,Percent,Kyzylorda,,Male,0.0
2019,Percent,Pavlodar,,Male,0.1
2019,Percent,Soltustik Kazakhstan,,Male,0.0
2019,Percent,Shygys Kazakhstan,,Male,0.1
2019,Percent,,,Female,0.1
2019,Percent,Akmola,,Female,0.2
2019,Percent,Almaty,,Female,0.0
2019,Percent,Atyrau,,Female,0.1
2019,Percent,Batys Kazakhstan,,Female,0.0
2019,Percent,Zhambyl,,Female,0.1
2019,Percent,Karagandy,,Female,0.0
2019,Percent,Kostanay,,Female,0.3
2019,Percent,Kyzylorda,,Female,0.1
2019,Percent,Pavlodar,,Female,0.1
2019,Percent,Soltustik Kazakhstan,,Female,0.0
2019,Percent,Shygys Kazakhstan,,Female,0.4
2019,Percent,,Population of urban areas,,0.0
2019,Percent,Akmola,Population of urban areas,,0.2
2019,Percent,Almaty,Population of urban areas,,0.0
2019,Percent,Zhambyl,Population of urban areas,,0.2
2019,Percent,Karagandy,Population of urban areas,,0.0
2019,Percent,Kostanay,Population of urban areas,,0.0
2019,Percent,Pavlodar,Population of urban areas,,0.0
2019,Percent,Shygys Kazakhstan,Population of urban areas,,0.3
2019,Percent,,Population of rural areas,,0.1
2019,Percent,Akmola,Population of rural areas,,0.3
2019,Percent,Almaty,Population of rural areas,,0.0
2019,Percent,Atyrau,Population of rural areas,,0.1
2019,Percent,Batys Kazakhstan,Population of rural areas,,0.0
2019,Percent,Zhambyl,Population of rural areas,,0.2
2019,Percent,Karagandy,Population of rural areas,,0.0
2019,Percent,Kostanay,Population of rural areas,,0.6
2019,Percent,Kyzylorda,Population of rural areas,,0.1
2019,Percent,Pavlodar,Population of rural areas,,0.4
2019,Percent,Soltustik Kazakhstan,Population of rural areas,,0.1
2019,Percent,Turkistan,Population of rural areas,,0.2
