Year,UNIT_MEASURE,Regions,Area,Sex,GeoCode,Value
2010,Percent,,,,,0.9
2010,Percent,Akmola,,,KZAKM,0.2
2010,Percent,Aktobe,,,KZAKT,0.6
2010,Percent,Almaty,,,KZALM,1.1
2010,Percent,Atyrau,,,KZATY,0.2
2010,Percent,Batys Kazakhstan,,,KZZAP,1.2
2010,Percent,Zhambyl,,,KZZHA,1.2
2010,Percent,Karagandy,,,KZKAR,0.8
2010,Percent,Kostanay,,,KZKUS,3.3
2010,Percent,Kyzylorda,,,KZKZY,0.6
2010,Percent,Mangistau,,,KZMAN,1.0
2010,Percent,Ontustik Kazakhstan,,,KZONT,1.1
2010,Percent,Pavlodar,,,KZPAV,1.3
2010,Percent,Soltustik Kazakhstan,,,KZSEV,0.8
2010,Percent,Shygys Kazakhstan,,,KZVOS,0.2
2010,Percent,Astana city,,,KZNS,0.1
2010,Percent,Almaty city,,,KZALA,0.0
2010,Percent,,,Male,,0.9
2010,Percent,Akmola,,Male,KZAKM,0.3
2010,Percent,Aktobe,,Male,KZAKT,0.4
2010,Percent,Almaty,,Male,KZALM,1.5
2010,Percent,Atyrau,,Male,KZATY,0.2
2010,Percent,Batys Kazakhstan,,Male,KZZAP,1.4
2010,Percent,Zhambyl,,Male,KZZHA,1.6
2010,Percent,Karagandy,,Male,KZKAR,0.6
2010,Percent,Kostanay,,Male,KZKUS,2.6
2010,Percent,Kyzylorda,,Male,KZKZY,0.7
2010,Percent,Mangistau,,Male,KZMAN,0.9
2010,Percent,Ontustik Kazakhstan,,Male,KZONT,1.1
2010,Percent,Pavlodar,,Male,KZPAV,1.9
2010,Percent,Soltustik Kazakhstan,,Male,KZSEV,0.7
2010,Percent,Shygys Kazakhstan,,Male,KZVOS,0.1
2010,Percent,Astana city,,Male,KZNS,0.0
2010,Percent,Almaty city,,Male,KZALA,0.0
2010,Percent,,,Female,,0.8
2010,Percent,Akmola,,Female,KZAKM,0.1
2010,Percent,Aktobe,,Female,KZAKT,0.7
2010,Percent,Almaty,,Female,KZALM,0.6
2010,Percent,Atyrau,,Female,KZATY,0.2
2010,Percent,Batys Kazakhstan,,Female,KZZAP,1.0
2010,Percent,Zhambyl,,Female,KZZHA,0.9
2010,Percent,Karagandy,,Female,KZKAR,1.0
2010,Percent,Kostanay,,Female,KZKUS,3.9
2010,Percent,Kyzylorda,,Female,KZKZY,0.5
2010,Percent,Mangistau,,Female,KZMAN,1.1
2010,Percent,Ontustik Kazakhstan,,Female,KZONT,1.0
2010,Percent,Pavlodar,,Female,KZPAV,0.7
2010,Percent,Soltustik Kazakhstan,,Female,KZSEV,0.8
2010,Percent,Shygys Kazakhstan,,Female,KZVOS,0.2
2010,Percent,Astana city,,Female,KZNS,0.2
2010,Percent,Almaty city,,Female,KZALA,0.1
2010,Percent,,urban,,,0.3
2010,Percent,Akmola,urban,,KZAKM,0.0
2010,Percent,Aktobe,urban,,KZAKT,0.1
2010,Percent,Almaty,urban,,KZALM,0.1
2010,Percent,Atyrau,urban,,KZATY,0.0
2010,Percent,Batys Kazakhstan,urban,,KZZAP,0.0
2010,Percent,Zhambyl,urban,,KZZHA,0.4
2010,Percent,Karagandy,urban,,KZKAR,0.1
2010,Percent,Kostanay,urban,,KZKUS,1.3
2010,Percent,Kyzylorda,urban,,KZKZY,0.7
2010,Percent,Mangistau,urban,,KZMAN,1.3
2010,Percent,Ontustik Kazakhstan,urban,,KZONT,1.0
2010,Percent,Pavlodar,urban,,KZPAV,0.0
2010,Percent,Soltustik Kazakhstan,urban,,KZSEV,0.0
2010,Percent,Shygys Kazakhstan,urban,,KZVOS,0.1
2010,Percent,Astana city,urban,,KZNS,0.1
2010,Percent,Almaty city,urban,,KZALA,0.0
2010,Percent,,rural,,,1.5
2010,Percent,Akmola,rural,,KZAKM,0.3
2010,Percent,Aktobe,rural,,KZAKT,1.1
2010,Percent,Almaty,rural,,KZALM,1.4
2010,Percent,Atyrau,rural,,KZATY,0.3
2010,Percent,Batys Kazakhstan,rural,,KZZAP,2.1
2010,Percent,Zhambyl,rural,,KZZHA,1.7
2010,Percent,Karagandy,rural,,KZKAR,2.8
2010,Percent,Kostanay,rural,,KZKUS,5.0
2010,Percent,Kyzylorda,rural,,KZKZY,0.5
2010,Percent,Mangistau,rural,,KZMAN,0.6
2010,Percent,Ontustik Kazakhstan,rural,,KZONT,1.1
2010,Percent,Pavlodar,rural,,KZPAV,3.4
2010,Percent,Soltustik Kazakhstan,rural,,KZSEV,1.1
2010,Percent,Turkistan,rural,,KZYUZ,0.2
2011,Percent,,,,,0.8
2011,Percent,Akmola,,,KZAKM,0.2
2011,Percent,Aktobe,,,KZAKT,0.0
2011,Percent,Almaty,,,KZALM,1.8
2011,Percent,Atyrau,,,KZATY,0.0
2011,Percent,Batys Kazakhstan,,,KZZAP,0.6
2011,Percent,Zhambyl,,,KZZHA,1.9
2011,Percent,Karagandy,,,KZKAR,0.5
2011,Percent,Kostanay,,,KZKUS,2.1
2011,Percent,Kyzylorda,,,KZKZY,1.0
2011,Percent,Mangistau,,,KZMAN,0.1
2011,Percent,Ontustik Kazakhstan,,,KZONT,0.9
2011,Percent,Pavlodar,,,KZPAV,1.0
2011,Percent,Soltustik Kazakhstan,,,KZSEV,0.2
2011,Percent,Shygys Kazakhstan,,,KZVOS,0.9
2011,Percent,Astana city,,,KZNS,0.1
2011,Percent,Almaty city,,,KZALA,0.0
2011,Percent,,,Male,,0.9
2011,Percent,Akmola,,Male,KZAKM,0.2
2011,Percent,Aktobe,,Male,KZAKT,0.1
2011,Percent,Almaty,,Male,KZALM,1.9
2011,Percent,Atyrau,,Male,KZATY,0.0
2011,Percent,Batys Kazakhstan,,Male,KZZAP,0.7
2011,Percent,Zhambyl,,Male,KZZHA,2.1
2011,Percent,Karagandy,,Male,KZKAR,0.4
2011,Percent,Kostanay,,Male,KZKUS,1.6
2011,Percent,Kyzylorda,,Male,KZKZY,1.1
2011,Percent,Mangistau,,Male,KZMAN,0.1
2011,Percent,Ontustik Kazakhstan,,Male,KZONT,0.8
2011,Percent,Pavlodar,,Male,KZPAV,1.3
2011,Percent,Soltustik Kazakhstan,,Male,KZSEV,0.2
2011,Percent,Shygys Kazakhstan,,Male,KZVOS,1.2
2011,Percent,Astana city,,Male,KZNS,0.0
2011,Percent,Almaty city,,Male,KZALA,0.0
2011,Percent,,,Female,,0.8
2011,Percent,Akmola,,Female,KZAKM,0.1
2011,Percent,Aktobe,,Female,KZAKT,0.0
2011,Percent,Almaty,,Female,KZALM,1.6
2011,Percent,Atyrau,,Female,KZATY,0.0
2011,Percent,Batys Kazakhstan,,Female,KZZAP,0.4
2011,Percent,Zhambyl,,Female,KZZHA,1.6
2011,Percent,Karagandy,,Female,KZKAR,0.7
2011,Percent,Kostanay,,Female,KZKUS,2.7
2011,Percent,Kyzylorda,,Female,KZKZY,0.8
2011,Percent,Mangistau,,Female,KZMAN,0.1
2011,Percent,Ontustik Kazakhstan,,Female,KZONT,1.0
2011,Percent,Pavlodar,,Female,KZPAV,0.6
2011,Percent,Soltustik Kazakhstan,,Female,KZSEV,0.2
2011,Percent,Shygys Kazakhstan,,Female,KZVOS,0.6
2011,Percent,Astana city,,Female,KZNS,0.1
2011,Percent,Almaty city,,Female,KZALA,0.0
2011,Percent,,urban,,,0.2
2011,Percent,Akmola,urban,,KZAKM,0.1
2011,Percent,Aktobe,urban,,KZAKT,0.0
2011,Percent,Almaty,urban,,KZALM,0.1
2011,Percent,Atyrau,urban,,KZATY,0.0
2011,Percent,Batys Kazakhstan,urban,,KZZAP,0.1
2011,Percent,Zhambyl,urban,,KZZHA,1.2
2011,Percent,Karagandy,urban,,KZKAR,0.2
2011,Percent,Kostanay,urban,,KZKUS,0.2
2011,Percent,Kyzylorda,urban,,KZKZY,0.8
2011,Percent,Mangistau,urban,,KZMAN,0.2
2011,Percent,Ontustik Kazakhstan,urban,,KZONT,0.4
2011,Percent,Pavlodar,urban,,KZPAV,0.0
2011,Percent,Soltustik Kazakhstan,urban,,KZSEV,0.0
2011,Percent,Shygys Kazakhstan,urban,,KZVOS,0.1
2011,Percent,Astana city,urban,,KZNS,0.1
2011,Percent,Almaty city,urban,,KZALA,0.0
2011,Percent,,rural,,,1.5
2011,Percent,Akmola,rural,,KZAKM,0.2
2011,Percent,Aktobe,rural,,KZAKT,0.0
2011,Percent,Almaty,rural,,KZALM,2.2
2011,Percent,Atyrau,rural,,KZATY,0.0
2011,Percent,Batys Kazakhstan,rural,,KZZAP,1.0
2011,Percent,Zhambyl,rural,,KZZHA,2.3
2011,Percent,Karagandy,rural,,KZKAR,1.6
2011,Percent,Kostanay,rural,,KZKUS,3.8
2011,Percent,Kyzylorda,rural,,KZKZY,1.1
2011,Percent,Mangistau,rural,,KZMAN,0.0
2011,Percent,Ontustik Kazakhstan,rural,,KZONT,1.2
2011,Percent,Pavlodar,rural,,KZPAV,2.6
2011,Percent,Soltustik Kazakhstan,rural,,KZSEV,0.3
2011,Percent,Turkistan,rural,,KZYUZ,1.9
2012,Percent,,,,,0.6
2012,Percent,Akmola,,,KZAKM,0.4
2012,Percent,Aktobe,,,KZAKT,0.0
2012,Percent,Almaty,,,KZALM,1.6
2012,Percent,Atyrau,,,KZATY,0.1
2012,Percent,Batys Kazakhstan,,,KZZAP,0.1
2012,Percent,Zhambyl,,,KZZHA,1.8
2012,Percent,Karagandy,,,KZKAR,0.5
2012,Percent,Kostanay,,,KZKUS,1.9
2012,Percent,Kyzylorda,,,KZKZY,0.1
2012,Percent,Mangistau,,,KZMAN,0.0
2012,Percent,Ontustik Kazakhstan,,,KZONT,0.4
2012,Percent,Pavlodar,,,KZPAV,0.4
2012,Percent,Soltustik Kazakhstan,,,KZSEV,0.3
2012,Percent,Shygys Kazakhstan,,,KZVOS,0.1
2012,Percent,Astana city,,,KZNS,0.3
2012,Percent,Almaty city,,,KZALA,0.0
2012,Percent,,,Male,,0.6
2012,Percent,Akmola,,Male,KZAKM,0.4
2012,Percent,Aktobe,,Male,KZAKT,0.0
2012,Percent,Almaty,,Male,KZALM,1.7
2012,Percent,Atyrau,,Male,KZATY,0.1
2012,Percent,Batys Kazakhstan,,Male,KZZAP,0.1
2012,Percent,Zhambyl,,Male,KZZHA,1.6
2012,Percent,Karagandy,,Male,KZKAR,0.4
2012,Percent,Kostanay,,Male,KZKUS,1.8
2012,Percent,Kyzylorda,,Male,KZKZY,0.2
2012,Percent,Mangistau,,Male,KZMAN,0.0
2012,Percent,Ontustik Kazakhstan,,Male,KZONT,0.4
2012,Percent,Pavlodar,,Male,KZPAV,0.5
2012,Percent,Soltustik Kazakhstan,,Male,KZSEV,0.1
2012,Percent,Shygys Kazakhstan,,Male,KZVOS,0.2
2012,Percent,Astana city,,Male,KZNS,0.6
2012,Percent,Almaty city,,Male,KZALA,0.0
2012,Percent,,,Female,,0.6
2012,Percent,Akmola,,Female,KZAKM,0.4
2012,Percent,Aktobe,,Female,KZAKT,0.1
2012,Percent,Almaty,,Female,KZALM,1.5
2012,Percent,Atyrau,,Female,KZATY,0.1
2012,Percent,Batys Kazakhstan,,Female,KZZAP,0.0
2012,Percent,Zhambyl,,Female,KZZHA,1.9
2012,Percent,Karagandy,,Female,KZKAR,0.6
2012,Percent,Kostanay,,Female,KZKUS,1.9
2012,Percent,Kyzylorda,,Female,KZKZY,0.1
2012,Percent,Mangistau,,Female,KZMAN,0.0
2012,Percent,Ontustik Kazakhstan,,Female,KZONT,0.4
2012,Percent,Pavlodar,,Female,KZPAV,0.3
2012,Percent,Soltustik Kazakhstan,,Female,KZSEV,0.4
2012,Percent,Shygys Kazakhstan,,Female,KZVOS,0.1
2012,Percent,Astana city,,Female,KZNS,0.0
2012,Percent,Almaty city,,Female,KZALA,0.0
2012,Percent,,urban,,,0.2
2012,Percent,Akmola,urban,,KZAKM,0.3
2012,Percent,Aktobe,urban,,KZAKT,0.0
2012,Percent,Almaty,urban,,KZALM,1.2
2012,Percent,Atyrau,urban,,KZATY,0.0
2012,Percent,Batys Kazakhstan,urban,,KZZAP,0.0
2012,Percent,Zhambyl,urban,,KZZHA,0.0
2012,Percent,Karagandy,urban,,KZKAR,0.3
2012,Percent,Kostanay,urban,,KZKUS,0.2
2012,Percent,Kyzylorda,urban,,KZKZY,0.1
2012,Percent,Mangistau,urban,,KZMAN,0.0
2012,Percent,Ontustik Kazakhstan,urban,,KZONT,0.2
2012,Percent,Pavlodar,urban,,KZPAV,0.1
2012,Percent,Soltustik Kazakhstan,urban,,KZSEV,0.2
2012,Percent,Shygys Kazakhstan,urban,,KZVOS,0.0
2012,Percent,Astana city,urban,,KZNS,0.3
2012,Percent,Almaty city,urban,,KZALA,0.0
2012,Percent,,rural,,,1.1
2012,Percent,Akmola,rural,,KZAKM,0.4
2012,Percent,Aktobe,rural,,KZAKT,0.1
2012,Percent,Almaty,rural,,KZALM,1.7
2012,Percent,Atyrau,rural,,KZATY,0.1
2012,Percent,Batys Kazakhstan,rural,,KZZAP,0.1
2012,Percent,Zhambyl,rural,,KZZHA,2.8
2012,Percent,Karagandy,rural,,KZKAR,1.0
2012,Percent,Kostanay,rural,,KZKUS,3.5
2012,Percent,Kyzylorda,rural,,KZKZY,0.1
2012,Percent,Mangistau,rural,,KZMAN,0.0
2012,Percent,Ontustik Kazakhstan,rural,,KZONT,0.5
2012,Percent,Pavlodar,rural,,KZPAV,1.0
2012,Percent,Soltustik Kazakhstan,rural,,KZSEV,0.3
2012,Percent,Turkistan,rural,,KZYUZ,0.2
2013,Percent,,,,,0.5
2013,Percent,Akmola,,,KZAKM,0.1
2013,Percent,Aktobe,,,KZAKT,0.0
2013,Percent,Almaty,,,KZALM,1.3
2013,Percent,Atyrau,,,KZATY,0.0
2013,Percent,Batys Kazakhstan,,,KZZAP,0.0
2013,Percent,Zhambyl,,,KZZHA,2.1
2013,Percent,Karagandy,,,KZKAR,0.1
2013,Percent,Kostanay,,,KZKUS,0.6
2013,Percent,Kyzylorda,,,KZKZY,0.1
2013,Percent,Mangistau,,,KZMAN,0.2
2013,Percent,Ontustik Kazakhstan,,,KZONT,0.2
2013,Percent,Pavlodar,,,KZPAV,0.5
2013,Percent,Soltustik Kazakhstan,,,KZSEV,0.7
2013,Percent,Shygys Kazakhstan,,,KZVOS,0.3
2013,Percent,Astana city,,,KZNS,0.0
2013,Percent,Almaty city,,,KZALA,0.0
2013,Percent,,,Male,,0.5
2013,Percent,Akmola,,Male,KZAKM,0.0
2013,Percent,Aktobe,,Male,KZAKT,0.0
2013,Percent,Almaty,,Male,KZALM,1.5
2013,Percent,Atyrau,,Male,KZATY,0.0
2013,Percent,Batys Kazakhstan,,Male,KZZAP,0.0
2013,Percent,Zhambyl,,Male,KZZHA,2.2
2013,Percent,Karagandy,,Male,KZKAR,0.2
2013,Percent,Kostanay,,Male,KZKUS,0.6
2013,Percent,Kyzylorda,,Male,KZKZY,0.3
2013,Percent,Mangistau,,Male,KZMAN,0.2
2013,Percent,Ontustik Kazakhstan,,Male,KZONT,0.2
2013,Percent,Pavlodar,,Male,KZPAV,0.4
2013,Percent,Soltustik Kazakhstan,,Male,KZSEV,0.6
2013,Percent,Shygys Kazakhstan,,Male,KZVOS,0.2
2013,Percent,Astana city,,Male,KZNS,0.0
2013,Percent,Almaty city,,Male,KZALA,0.0
2013,Percent,,,Female,,0.4
2013,Percent,Akmola,,Female,KZAKM,0.3
2013,Percent,Aktobe,,Female,KZAKT,0.0
2013,Percent,Almaty,,Female,KZALM,1.0
2013,Percent,Atyrau,,Female,KZATY,0.1
2013,Percent,Batys Kazakhstan,,Female,KZZAP,0.0
2013,Percent,Zhambyl,,Female,KZZHA,2.1
2013,Percent,Karagandy,,Female,KZKAR,0.1
2013,Percent,Kostanay,,Female,KZKUS,0.6
2013,Percent,Kyzylorda,,Female,KZKZY,0.0
2013,Percent,Mangistau,,Female,KZMAN,0.2
2013,Percent,Ontustik Kazakhstan,,Female,KZONT,0.2
2013,Percent,Pavlodar,,Female,KZPAV,0.6
2013,Percent,Soltustik Kazakhstan,,Female,KZSEV,0.9
2013,Percent,Shygys Kazakhstan,,Female,KZVOS,0.4
2013,Percent,Astana city,,Female,KZNS,0.0
2013,Percent,Almaty city,,Female,KZALA,0.0
2013,Percent,,urban,,,0.2
2013,Percent,Akmola,urban,,KZAKM,0.0
2013,Percent,Aktobe,urban,,KZAKT,0.0
2013,Percent,Almaty,urban,,KZALM,1.9
2013,Percent,Atyrau,urban,,KZATY,0.0
2013,Percent,Batys Kazakhstan,urban,,KZZAP,0.0
2013,Percent,Zhambyl,urban,,KZZHA,1.6
2013,Percent,Karagandy,urban,,KZKAR,0.1
2013,Percent,Kostanay,urban,,KZKUS,0.0
2013,Percent,Kyzylorda,urban,,KZKZY,0.0
2013,Percent,Mangistau,urban,,KZMAN,0.4
2013,Percent,Ontustik Kazakhstan,urban,,KZONT,0.1
2013,Percent,Pavlodar,urban,,KZPAV,0.0
2013,Percent,Soltustik Kazakhstan,urban,,KZSEV,0.4
2013,Percent,Shygys Kazakhstan,urban,,KZVOS,0.2
2013,Percent,Astana city,urban,,KZNS,0.0
2013,Percent,Almaty city,urban,,KZALA,0.0
2013,Percent,,rural,,,0.7
2013,Percent,Akmola,rural,,KZAKM,0.2
2013,Percent,Aktobe,rural,,KZAKT,0.0
2013,Percent,Almaty,rural,,KZALM,1.1
2013,Percent,Atyrau,rural,,KZATY,0.1
2013,Percent,Batys Kazakhstan,rural,,KZZAP,0.0
2013,Percent,Zhambyl,rural,,KZZHA,2.4
2013,Percent,Karagandy,rural,,KZKAR,0.4
2013,Percent,Kostanay,rural,,KZKUS,1.2
2013,Percent,Kyzylorda,rural,,KZKZY,0.3
2013,Percent,Mangistau,rural,,KZMAN,0.0
2013,Percent,Ontustik Kazakhstan,rural,,KZONT,0.2
2013,Percent,Pavlodar,rural,,KZPAV,1.3
2013,Percent,Soltustik Kazakhstan,rural,,KZSEV,0.9
2013,Percent,Turkistan,rural,,KZYUZ,0.4
2014,Percent,,,,,0.4
2014,Percent,Akmola,,,KZAKM,0.3
2014,Percent,Aktobe,,,KZAKT,0.0
2014,Percent,Almaty,,,KZALM,0.8
2014,Percent,Atyrau,,,KZATY,0.2
2014,Percent,Batys Kazakhstan,,,KZZAP,0.1
2014,Percent,Zhambyl,,,KZZHA,1.1
2014,Percent,Karagandy,,,KZKAR,0.4
2014,Percent,Kostanay,,,KZKUS,0.4
2014,Percent,Kyzylorda,,,KZKZY,0.7
2014,Percent,Mangistau,,,KZMAN,0.1
2014,Percent,Ontustik Kazakhstan,,,KZONT,0.2
2014,Percent,Pavlodar,,,KZPAV,0.6
2014,Percent,Soltustik Kazakhstan,,,KZSEV,0.4
2014,Percent,Shygys Kazakhstan,,,KZVOS,0.1
2014,Percent,Astana city,,,KZNS,0.0
2014,Percent,Almaty city,,,KZALA,0.2
2014,Percent,,,Male,,0.4
2014,Percent,Akmola,,Male,KZAKM,0.4
2014,Percent,Aktobe,,Male,KZAKT,0.0
2014,Percent,Almaty,,Male,KZALM,0.8
2014,Percent,Atyrau,,Male,KZATY,0.2
2014,Percent,Batys Kazakhstan,,Male,KZZAP,0.1
2014,Percent,Zhambyl,,Male,KZZHA,1.2
2014,Percent,Karagandy,,Male,KZKAR,0.5
2014,Percent,Kostanay,,Male,KZKUS,0.5
2014,Percent,Kyzylorda,,Male,KZKZY,0.6
2014,Percent,Mangistau,,Male,KZMAN,0.1
2014,Percent,Ontustik Kazakhstan,,Male,KZONT,0.2
2014,Percent,Pavlodar,,Male,KZPAV,0.6
2014,Percent,Soltustik Kazakhstan,,Male,KZSEV,0.5
2014,Percent,Shygys Kazakhstan,,Male,KZVOS,0.2
2014,Percent,Astana city,,Male,KZNS,0.0
2014,Percent,Almaty city,,Male,KZALA,0.1
2014,Percent,,,Female,,0.3
2014,Percent,Akmola,,Female,KZAKM,0.2
2014,Percent,Aktobe,,Female,KZAKT,0.0
2014,Percent,Almaty,,Female,KZALM,0.7
2014,Percent,Atyrau,,Female,KZATY,0.2
2014,Percent,Batys Kazakhstan,,Female,KZZAP,0.1
2014,Percent,Zhambyl,,Female,KZZHA,0.9
2014,Percent,Karagandy,,Female,KZKAR,0.4
2014,Percent,Kostanay,,Female,KZKUS,0.3
2014,Percent,Kyzylorda,,Female,KZKZY,0.7
2014,Percent,Mangistau,,Female,KZMAN,0.0
2014,Percent,Ontustik Kazakhstan,,Female,KZONT,0.2
2014,Percent,Pavlodar,,Female,KZPAV,0.5
2014,Percent,Soltustik Kazakhstan,,Female,KZSEV,0.3
2014,Percent,Shygys Kazakhstan,,Female,KZVOS,0.1
2014,Percent,Astana city,,Female,KZNS,0.0
2014,Percent,Almaty city,,Female,KZALA,0.2
2014,Percent,,urban,,,0.2
2014,Percent,Akmola,urban,,KZAKM,0.1
2014,Percent,Aktobe,urban,,KZAKT,0.0
2014,Percent,Almaty,urban,,KZALM,0.5
2014,Percent,Atyrau,urban,,KZATY,0.1
2014,Percent,Batys Kazakhstan,urban,,KZZAP,0.0
2014,Percent,Zhambyl,urban,,KZZHA,0.5
2014,Percent,Karagandy,urban,,KZKAR,0.4
2014,Percent,Kostanay,urban,,KZKUS,0.3
2014,Percent,Kyzylorda,urban,,KZKZY,0.5
2014,Percent,Mangistau,urban,,KZMAN,0.1
2014,Percent,Ontustik Kazakhstan,urban,,KZONT,0.0
2014,Percent,Pavlodar,urban,,KZPAV,0.0
2014,Percent,Soltustik Kazakhstan,urban,,KZSEV,0.3
2014,Percent,Shygys Kazakhstan,urban,,KZVOS,0.0
2014,Percent,Astana city,urban,,KZNS,0.0
2014,Percent,Almaty city,urban,,KZALA,0.2
2014,Percent,,rural,,,0.6
2014,Percent,Akmola,rural,,KZAKM,0.5
2014,Percent,Aktobe,rural,,KZAKT,0.0
2014,Percent,Almaty,rural,,KZALM,0.9
2014,Percent,Atyrau,rural,,KZATY,0.3
2014,Percent,Batys Kazakhstan,rural,,KZZAP,0.2
2014,Percent,Zhambyl,rural,,KZZHA,1.5
2014,Percent,Karagandy,rural,,KZKAR,0.7
2014,Percent,Kostanay,rural,,KZKUS,0.6
2014,Percent,Kyzylorda,rural,,KZKZY,0.8
2014,Percent,Mangistau,rural,,KZMAN,0.0
2014,Percent,Ontustik Kazakhstan,rural,,KZONT,0.4
2014,Percent,Pavlodar,rural,,KZPAV,1.7
2014,Percent,Soltustik Kazakhstan,rural,,KZSEV,0.5
2014,Percent,Turkistan,rural,,KZYUZ,0.3
2015,Percent,,,,,0.3
2015,Percent,Akmola,,,KZAKM,0.2
2015,Percent,Aktobe,,,KZAKT,0.0
2015,Percent,Almaty,,,KZALM,0.7
2015,Percent,Atyrau,,,KZATY,0.2
2015,Percent,Batys Kazakhstan,,,KZZAP,0.0
2015,Percent,Zhambyl,,,KZZHA,1.2
2015,Percent,Karagandy,,,KZKAR,0.2
2015,Percent,Kostanay,,,KZKUS,0.4
2015,Percent,Kyzylorda,,,KZKZY,0.2
2015,Percent,Mangistau,,,KZMAN,0.1
2015,Percent,Ontustik Kazakhstan,,,KZONT,0.2
2015,Percent,Pavlodar,,,KZPAV,0.3
2015,Percent,Soltustik Kazakhstan,,,KZSEV,0.2
2015,Percent,Shygys Kazakhstan,,,KZVOS,0.2
2015,Percent,Astana city,,,KZNS,0.2
2015,Percent,Almaty city,,,KZALA,0.1
2015,Percent,,,Male,,0.3
2015,Percent,Akmola,,Male,KZAKM,0.2
2015,Percent,Aktobe,,Male,KZAKT,0.0
2015,Percent,Almaty,,Male,KZALM,0.8
2015,Percent,Atyrau,,Male,KZATY,0.2
2015,Percent,Batys Kazakhstan,,Male,KZZAP,0.0
2015,Percent,Zhambyl,,Male,KZZHA,1.2
2015,Percent,Karagandy,,Male,KZKAR,0.1
2015,Percent,Kostanay,,Male,KZKUS,0.4
2015,Percent,Kyzylorda,,Male,KZKZY,0.2
2015,Percent,Mangistau,,Male,KZMAN,0.0
2015,Percent,Ontustik Kazakhstan,,Male,KZONT,0.2
2015,Percent,Pavlodar,,Male,KZPAV,0.4
2015,Percent,Soltustik Kazakhstan,,Male,KZSEV,0.2
2015,Percent,Shygys Kazakhstan,,Male,KZVOS,0.3
2015,Percent,Astana city,,Male,KZNS,0.2
2015,Percent,Almaty city,,Male,KZALA,0.1
2015,Percent,,,Female,,0.3
2015,Percent,Akmola,,Female,KZAKM,0.1
2015,Percent,Aktobe,,Female,KZAKT,0.1
2015,Percent,Almaty,,Female,KZALM,0.6
2015,Percent,Atyrau,,Female,KZATY,0.1
2015,Percent,Batys Kazakhstan,,Female,KZZAP,0.0
2015,Percent,Zhambyl,,Female,KZZHA,1.2
2015,Percent,Karagandy,,Female,KZKAR,0.2
2015,Percent,Kostanay,,Female,KZKUS,0.4
2015,Percent,Kyzylorda,,Female,KZKZY,0.2
2015,Percent,Mangistau,,Female,KZMAN,0.2
2015,Percent,Ontustik Kazakhstan,,Female,KZONT,0.1
2015,Percent,Pavlodar,,Female,KZPAV,0.2
2015,Percent,Soltustik Kazakhstan,,Female,KZSEV,0.3
2015,Percent,Shygys Kazakhstan,,Female,KZVOS,0.1
2015,Percent,Astana city,,Female,KZNS,0.2
2015,Percent,Almaty city,,Female,KZALA,0.1
2015,Percent,,urban,,,0.1
2015,Percent,Akmola,urban,,KZAKM,0.1
2015,Percent,Aktobe,urban,,KZAKT,0.1
2015,Percent,Almaty,urban,,KZALM,0.1
2015,Percent,Atyrau,urban,,KZATY,0.2
2015,Percent,Batys Kazakhstan,urban,,KZZAP,0.0
2015,Percent,Zhambyl,urban,,KZZHA,1.0
2015,Percent,Karagandy,urban,,KZKAR,0.1
2015,Percent,Kostanay,urban,,KZKUS,0.1
2015,Percent,Kyzylorda,urban,,KZKZY,0.1
2015,Percent,Mangistau,urban,,KZMAN,0.0
2015,Percent,Ontustik Kazakhstan,urban,,KZONT,0.1
2015,Percent,Pavlodar,urban,,KZPAV,0.0
2015,Percent,Soltustik Kazakhstan,urban,,KZSEV,0.2
2015,Percent,Shygys Kazakhstan,urban,,KZVOS,0.0
2015,Percent,Astana city,urban,,KZNS,0.2
2015,Percent,Almaty city,urban,,KZALA,0.1
2015,Percent,,rural,,,0.5
2015,Percent,Akmola,rural,,KZAKM,0.3
2015,Percent,Aktobe,rural,,KZAKT,0.0
2015,Percent,Almaty,rural,,KZALM,0.9
2015,Percent,Atyrau,rural,,KZATY,0.1
2015,Percent,Batys Kazakhstan,rural,,KZZAP,0.1
2015,Percent,Zhambyl,rural,,KZZHA,1.4
2015,Percent,Karagandy,rural,,KZKAR,0.3
2015,Percent,Kostanay,rural,,KZKUS,0.6
2015,Percent,Kyzylorda,rural,,KZKZY,0.2
2015,Percent,Mangistau,rural,,KZMAN,0.3
2015,Percent,Ontustik Kazakhstan,rural,,KZONT,0.2
2015,Percent,Pavlodar,rural,,KZPAV,1.0
2015,Percent,Soltustik Kazakhstan,rural,,KZSEV,0.3
2015,Percent,Turkistan,rural,,KZYUZ,0.4
2016,Percent,,,,,0.2
2016,Percent,Akmola,,,KZAKM,0.2
2016,Percent,Aktobe,,,KZAKT,0.0
2016,Percent,Almaty,,,KZALM,0.4
2016,Percent,Atyrau,,,KZATY,0.2
2016,Percent,Batys Kazakhstan,,,KZZAP,0.0
2016,Percent,Zhambyl,,,KZZHA,0.5
2016,Percent,Karagandy,,,KZKAR,0.1
2016,Percent,Kostanay,,,KZKUS,0.3
2016,Percent,Kyzylorda,,,KZKZY,0.2
2016,Percent,Mangistau,,,KZMAN,0.0
2016,Percent,Ontustik Kazakhstan,,,KZONT,0.2
2016,Percent,Pavlodar,,,KZPAV,0.1
2016,Percent,Soltustik Kazakhstan,,,KZSEV,0.1
2016,Percent,Shygys Kazakhstan,,,KZVOS,0.1
2016,Percent,Astana city,,,KZNS,0.1
2016,Percent,Almaty city,,,KZALA,0.2
2016,Percent,,,Male,,0.2
2016,Percent,Akmola,,Male,KZAKM,0.3
2016,Percent,Aktobe,,Male,KZAKT,0.0
2016,Percent,Almaty,,Male,KZALM,0.4
2016,Percent,Atyrau,,Male,KZATY,0.1
2016,Percent,Batys Kazakhstan,,Male,KZZAP,0.0
2016,Percent,Zhambyl,,Male,KZZHA,0.5
2016,Percent,Karagandy,,Male,KZKAR,0.1
2016,Percent,Kostanay,,Male,KZKUS,0.4
2016,Percent,Kyzylorda,,Male,KZKZY,0.2
2016,Percent,Mangistau,,Male,KZMAN,0.0
2016,Percent,Ontustik Kazakhstan,,Male,KZONT,0.2
2016,Percent,Pavlodar,,Male,KZPAV,0.1
2016,Percent,Soltustik Kazakhstan,,Male,KZSEV,0.1
2016,Percent,Shygys Kazakhstan,,Male,KZVOS,0.1
2016,Percent,Astana city,,Male,KZNS,0.1
2016,Percent,Almaty city,,Male,KZALA,0.1
2016,Percent,,,Female,,0.2
2016,Percent,Akmola,,Female,KZAKM,0.1
2016,Percent,Aktobe,,Female,KZAKT,0.0
2016,Percent,Almaty,,Female,KZALM,0.4
2016,Percent,Atyrau,,Female,KZATY,0.3
2016,Percent,Batys Kazakhstan,,Female,KZZAP,0.0
2016,Percent,Zhambyl,,Female,KZZHA,0.5
2016,Percent,Karagandy,,Female,KZKAR,0.1
2016,Percent,Kostanay,,Female,KZKUS,0.3
2016,Percent,Kyzylorda,,Female,KZKZY,0.2
2016,Percent,Mangistau,,Female,KZMAN,0.0
2016,Percent,Ontustik Kazakhstan,,Female,KZONT,0.2
2016,Percent,Pavlodar,,Female,KZPAV,0.1
2016,Percent,Soltustik Kazakhstan,,Female,KZSEV,0.1
2016,Percent,Shygys Kazakhstan,,Female,KZVOS,0.1
2016,Percent,Astana city,,Female,KZNS,0.0
2016,Percent,Almaty city,,Female,KZALA,0.3
2016,Percent,,urban,,,0.1
2016,Percent,Akmola,urban,,KZAKM,0.0
2016,Percent,Aktobe,urban,,KZAKT,0.0
2016,Percent,Almaty,urban,,KZALM,0.1
2016,Percent,Atyrau,urban,,KZATY,0.1
2016,Percent,Batys Kazakhstan,urban,,KZZAP,0.0
2016,Percent,Zhambyl,urban,,KZZHA,0.2
2016,Percent,Karagandy,urban,,KZKAR,0.1
2016,Percent,Kostanay,urban,,KZKUS,0.0
2016,Percent,Kyzylorda,urban,,KZKZY,0.2
2016,Percent,Mangistau,urban,,KZMAN,0.0
2016,Percent,Ontustik Kazakhstan,urban,,KZONT,0.2
2016,Percent,Pavlodar,urban,,KZPAV,0.0
2016,Percent,Soltustik Kazakhstan,urban,,KZSEV,0.0
2016,Percent,Shygys Kazakhstan,urban,,KZVOS,0.0
2016,Percent,Astana city,urban,,KZNS,0.1
2016,Percent,Almaty city,urban,,KZALA,0.2
2016,Percent,,rural,,,0.3
2016,Percent,Akmola,rural,,KZAKM,0.4
2016,Percent,Aktobe,rural,,KZAKT,0.0
2016,Percent,Almaty,rural,,KZALM,0.5
2016,Percent,Atyrau,rural,,KZATY,0.2
2016,Percent,Batys Kazakhstan,rural,,KZZAP,0.0
2016,Percent,Zhambyl,rural,,KZZHA,0.7
2016,Percent,Karagandy,rural,,KZKAR,0.1
2016,Percent,Kostanay,rural,,KZKUS,0.7
2016,Percent,Kyzylorda,rural,,KZKZY,0.2
2016,Percent,Mangistau,rural,,KZMAN,0.0
2016,Percent,Ontustik Kazakhstan,rural,,KZONT,0.2
2016,Percent,Pavlodar,rural,,KZPAV,0.2
2016,Percent,Soltustik Kazakhstan,rural,,KZSEV,0.1
2016,Percent,Turkistan,rural,,KZYUZ,0.2
2017,Percent,,,,,0.2
2017,Percent,Akmola,,,KZAKM,0.3
2017,Percent,Aktobe,,,KZAKT,0.0
2017,Percent,Almaty,,,KZALM,0.2
2017,Percent,Atyrau,,,KZATY,0.1
2017,Percent,Batys Kazakhstan,,,KZZAP,0.0
2017,Percent,Zhambyl,,,KZZHA,0.6
2017,Percent,Karagandy,,,KZKAR,0.1
2017,Percent,Kostanay,,,KZKUS,0.4
2017,Percent,Kyzylorda,,,KZKZY,0.1
2017,Percent,Mangistau,,,KZMAN,0.0
2017,Percent,Ontustik Kazakhstan,,,KZONT,0.1
2017,Percent,Pavlodar,,,KZPAV,0.1
2017,Percent,Soltustik Kazakhstan,,,KZSEV,0.2
2017,Percent,Shygys Kazakhstan,,,KZVOS,0.4
2017,Percent,Astana city,,,KZNS,0.0
2017,Percent,Almaty city,,,KZALA,0.0
2017,Percent,,,Male,,0.2
2017,Percent,Akmola,,Male,KZAKM,0.3
2017,Percent,Aktobe,,Male,KZAKT,0.0
2017,Percent,Almaty,,Male,KZALM,0.2
2017,Percent,Atyrau,,Male,KZATY,0.1
2017,Percent,Batys Kazakhstan,,Male,KZZAP,0.0
2017,Percent,Zhambyl,,Male,KZZHA,0.7
2017,Percent,Karagandy,,Male,KZKAR,0.1
2017,Percent,Kostanay,,Male,KZKUS,0.4
2017,Percent,Kyzylorda,,Male,KZKZY,0.1
2017,Percent,Mangistau,,Male,KZMAN,0.0
2017,Percent,Ontustik Kazakhstan,,Male,KZONT,0.1
2017,Percent,Pavlodar,,Male,KZPAV,0.2
2017,Percent,Soltustik Kazakhstan,,Male,KZSEV,0.2
2017,Percent,Shygys Kazakhstan,,Male,KZVOS,0.4
2017,Percent,Astana city,,Male,KZNS,0.0
2017,Percent,Almaty city,,Male,KZALA,0.0
2017,Percent,,,Female,,0.1
2017,Percent,Akmola,,Female,KZAKM,0.3
2017,Percent,Aktobe,,Female,KZAKT,0.0
2017,Percent,Almaty,,Female,KZALM,0.2
2017,Percent,Atyrau,,Female,KZATY,0.0
2017,Percent,Batys Kazakhstan,,Female,KZZAP,0.0
2017,Percent,Zhambyl,,Female,KZZHA,0.5
2017,Percent,Karagandy,,Female,KZKAR,0.1
2017,Percent,Kostanay,,Female,KZKUS,0.4
2017,Percent,Kyzylorda,,Female,KZKZY,0.0
2017,Percent,Mangistau,,Female,KZMAN,0.0
2017,Percent,Ontustik Kazakhstan,,Female,KZONT,0.0
2017,Percent,Pavlodar,,Female,KZPAV,0.1
2017,Percent,Soltustik Kazakhstan,,Female,KZSEV,0.1
2017,Percent,Shygys Kazakhstan,,Female,KZVOS,0.3
2017,Percent,Astana city,,Female,KZNS,0.0
2017,Percent,Almaty city,,Female,KZALA,0.0
2017,Percent,,urban,,,0.1
2017,Percent,Akmola,urban,,KZAKM,0.1
2017,Percent,Aktobe,urban,,KZAKT,0.0
2017,Percent,Almaty,urban,,KZALM,0.1
2017,Percent,Atyrau,urban,,KZATY,0.1
2017,Percent,Batys Kazakhstan,urban,,KZZAP,0.0
2017,Percent,Zhambyl,urban,,KZZHA,0.4
2017,Percent,Karagandy,urban,,KZKAR,0.0
2017,Percent,Kostanay,urban,,KZKUS,0.0
2017,Percent,Kyzylorda,urban,,KZKZY,0.1
2017,Percent,Mangistau,urban,,KZMAN,0.0
2017,Percent,Ontustik Kazakhstan,urban,,KZONT,0.0
2017,Percent,Pavlodar,urban,,KZPAV,0.0
2017,Percent,Soltustik Kazakhstan,urban,,KZSEV,0.0
2017,Percent,Shygys Kazakhstan,urban,,KZVOS,0.4
2017,Percent,Astana city,urban,,KZNS,0.0
2017,Percent,Almaty city,urban,,KZALA,0.0
2017,Percent,,rural,,,0.3
2017,Percent,Akmola,rural,,KZAKM,0.5
2017,Percent,Aktobe,rural,,KZAKT,0.0
2017,Percent,Almaty,rural,,KZALM,0.2
2017,Percent,Atyrau,rural,,KZATY,0.0
2017,Percent,Batys Kazakhstan,rural,,KZZAP,0.0
2017,Percent,Zhambyl,rural,,KZZHA,0.7
2017,Percent,Karagandy,rural,,KZKAR,0.2
2017,Percent,Kostanay,rural,,KZKUS,0.8
2017,Percent,Kyzylorda,rural,,KZKZY,0.1
2017,Percent,Mangistau,rural,,KZMAN,0.1
2017,Percent,Ontustik Kazakhstan,rural,,KZONT,0.1
2017,Percent,Pavlodar,rural,,KZPAV,0.4
2017,Percent,Soltustik Kazakhstan,rural,,KZSEV,0.3
2017,Percent,Turkistan,rural,,KZYUZ,0.4
2018,Percent,,,,,0.1
2018,Percent,Akmola,,,KZAKM,0.1
2018,Percent,Aktobe,,,KZAKT,0.0
2018,Percent,Almaty,,,KZALM,0.1
2018,Percent,Atyrau,,,KZATY,0.0
2018,Percent,Batys Kazakhstan,,,KZZAP,0.0
2018,Percent,Zhambyl,,,KZZHA,0.9
2018,Percent,Karagandy,,,KZKAR,0.0
2018,Percent,Kostanay,,,KZKUS,0.5
2018,Percent,Kyzylorda,,,KZKZY,0.2
2018,Percent,Mangistau,,,KZMAN,0.0
2018,Percent,Pavlodar,,,KZPAV,0.1
2018,Percent,Soltustik Kazakhstan,,,KZSEV,0.0
2018,Percent,Turkistan,,,KZYUZ,0.1
2018,Percent,Shygys Kazakhstan,,,KZVOS,0.3
2018,Percent,Astana city,,,KZNS,0.0
2018,Percent,Almaty city,,,KZALA,0.0
2018,Percent,Shymkent city,,,KZSHY,0.0
2018,Percent,,,Male,,0.1
2018,Percent,Akmola,,Male,KZAKM,0.1
2018,Percent,Aktobe,,Male,KZAKT,0.0
2018,Percent,Almaty,,Male,KZALM,0.1
2018,Percent,Atyrau,,Male,KZATY,0.0
2018,Percent,Batys Kazakhstan,,Male,KZZAP,0.0
2018,Percent,Zhambyl,,Male,KZZHA,0.7
2018,Percent,Karagandy,,Male,KZKAR,0.0
2018,Percent,Kostanay,,Male,KZKUS,0.5
2018,Percent,Kyzylorda,,Male,KZKZY,0.2
2018,Percent,Mangistau,,Male,KZMAN,0.0
2018,Percent,Pavlodar,,Male,KZPAV,0.1
2018,Percent,Soltustik Kazakhstan,,Male,KZSEV,0.0
2018,Percent,Turkistan,,Male,KZYUZ,0.1
2018,Percent,Shygys Kazakhstan,,Male,KZVOS,0.5
2018,Percent,Astana city,,Male,KZNS,0.0
2018,Percent,Almaty city,,Male,KZALA,0.0
2018,Percent,Shymkent city,,Male,KZSHY,0.0
2018,Percent,,,Female,,0.1
2018,Percent,Akmola,,Female,KZAKM,0.1
2018,Percent,Aktobe,,Female,KZAKT,0.0
2018,Percent,Almaty,,Female,KZALM,0.1
2018,Percent,Atyrau,,Female,KZATY,0.0
2018,Percent,Batys Kazakhstan,,Female,KZZAP,0.0
2018,Percent,Zhambyl,,Female,KZZHA,1.1
2018,Percent,Karagandy,,Female,KZKAR,0.0
2018,Percent,Kostanay,,Female,KZKUS,0.5
2018,Percent,Kyzylorda,,Female,KZKZY,0.2
2018,Percent,Mangistau,,Female,KZMAN,0.0
2018,Percent,Pavlodar,,Female,KZPAV,0.1
2018,Percent,Soltustik Kazakhstan,,Female,KZSEV,0.1
2018,Percent,Turkistan,,Female,KZYUZ,0.1
2018,Percent,Shygys Kazakhstan,,Female,KZVOS,0.2
2018,Percent,Astana city,,Female,KZNS,0.0
2018,Percent,Almaty city,,Female,KZALA,0.0
2018,Percent,Shymkent city,,Female,KZSHY,0.0
2018,Percent,,urban,,,0.0
2018,Percent,Akmola,urban,,KZAKM,0.0
2018,Percent,Aktobe,urban,,KZAKT,0.0
2018,Percent,Almaty,urban,,KZALM,0.0
2018,Percent,Atyrau,urban,,KZATY,0.0
2018,Percent,Batys Kazakhstan,urban,,KZZAP,0.0
2018,Percent,Zhambyl,urban,,KZZHA,0.4
2018,Percent,Karagandy,urban,,KZKAR,0.0
2018,Percent,Kostanay,urban,,KZKUS,0.1
2018,Percent,Kyzylorda,urban,,KZKZY,0.0
2018,Percent,Mangistau,urban,,KZMAN,0.0
2018,Percent,Pavlodar,urban,,KZPAV,0.0
2018,Percent,Soltustik Kazakhstan,urban,,KZSEV,0.0
2018,Percent,Turkistan,urban,,KZYUZ,0.1
2018,Percent,Shygys Kazakhstan,urban,,KZVOS,0.1
2018,Percent,Astana city,urban,,KZNS,0.0
2018,Percent,Almaty city,urban,,KZALA,0.0
2018,Percent,Shymkent city,urban,,KZSHY,0.0
2018,Percent,,rural,,,0.3
2018,Percent,Akmola,rural,,KZAKM,0.1
2018,Percent,Aktobe,rural,,KZAKT,0.1
2018,Percent,Almaty,rural,,KZALM,0.1
2018,Percent,Atyrau,rural,,KZATY,0.0
2018,Percent,Batys Kazakhstan,rural,,KZZAP,0.0
2018,Percent,Zhambyl,rural,,KZZHA,1.2
2018,Percent,Karagandy,rural,,KZKAR,0.1
2018,Percent,Kostanay,rural,,KZKUS,0.9
2018,Percent,Kyzylorda,rural,,KZKZY,0.4
2018,Percent,Mangistau,rural,,KZMAN,0.0
2018,Percent,Pavlodar,rural,,KZPAV,0.2
2018,Percent,Soltustik Kazakhstan,rural,,KZSEV,0.1
2018,Percent,Shygys Kazakhstan,rural,,KZVOS,0.1
2018,Percent,Turkistan,rural,,KZYUZ,0.7
2019,Percent,,,,,0.1
2019,Percent,Akmola,,,KZAKM,0.2
2019,Percent,Almaty,,,KZALM,0.0
2019,Percent,Atyrau,,,KZATY,0.0
2019,Percent,Batys Kazakhstan,,,KZZAP,0.0
2019,Percent,Zhambyl,,,KZZHA,0.2
2019,Percent,Karagandy,,,KZKAR,0.0
2019,Percent,Kostanay,,,KZKUS,0.3
2019,Percent,Kyzylorda,,,KZKZY,0.1
2019,Percent,Pavlodar,,,KZPAV,0.1
2019,Percent,Soltustik Kazakhstan,,,KZSEV,0.0
2019,Percent,Shygys Kazakhstan,,,KZVOS,0.2
2019,Percent,,,Male,,0.1
2019,Percent,Akmola,,Male,KZAKM,0.3
2019,Percent,Almaty,,Male,KZALM,0.0
2019,Percent,Atyrau,,Male,KZATY,0.0
2019,Percent,Zhambyl,,Male,KZZHA,0.3
2019,Percent,Karagandy,,Male,KZKAR,0.1
2019,Percent,Kostanay,,Male,KZKUS,0.3
2019,Percent,Kyzylorda,,Male,KZKZY,0.0
2019,Percent,Pavlodar,,Male,KZPAV,0.1
2019,Percent,Soltustik Kazakhstan,,Male,KZSEV,0.0
2019,Percent,Shygys Kazakhstan,,Male,KZVOS,0.1
2019,Percent,,,Female,,0.1
2019,Percent,Akmola,,Female,KZAKM,0.2
2019,Percent,Almaty,,Female,KZALM,0.0
2019,Percent,Atyrau,,Female,KZATY,0.1
2019,Percent,Batys Kazakhstan,,Female,KZZAP,0.0
2019,Percent,Zhambyl,,Female,KZZHA,0.1
2019,Percent,Karagandy,,Female,KZKAR,0.0
2019,Percent,Kostanay,,Female,KZKUS,0.3
2019,Percent,Kyzylorda,,Female,KZKZY,0.1
2019,Percent,Pavlodar,,Female,KZPAV,0.1
2019,Percent,Soltustik Kazakhstan,,Female,KZSEV,0.0
2019,Percent,Shygys Kazakhstan,,Female,KZVOS,0.4
2019,Percent,,urban,,,0.0
2019,Percent,Akmola,urban,,KZAKM,0.2
2019,Percent,Almaty,urban,,KZALM,0.0
2019,Percent,Zhambyl,urban,,KZZHA,0.2
2019,Percent,Karagandy,urban,,KZKAR,0.0
2019,Percent,Kostanay,urban,,KZKUS,0.0
2019,Percent,Pavlodar,urban,,KZPAV,0.0
2019,Percent,Shygys Kazakhstan,urban,,KZVOS,0.3
2019,Percent,,rural,,,0.1
2019,Percent,Akmola,rural,,KZAKM,0.3
2019,Percent,Almaty,rural,,KZALM,0.0
2019,Percent,Atyrau,rural,,KZATY,0.1
2019,Percent,Batys Kazakhstan,rural,,KZZAP,0.0
2019,Percent,Zhambyl,rural,,KZZHA,0.2
2019,Percent,Karagandy,rural,,KZKAR,0.0
2019,Percent,Kostanay,rural,,KZKUS,0.6
2019,Percent,Kyzylorda,rural,,KZKZY,0.1
2019,Percent,Pavlodar,rural,,KZPAV,0.4
2019,Percent,Soltustik Kazakhstan,rural,,KZSEV,0.1
2019,Percent,Turkistan,rural,,KZYUZ,0.2
2020,Percent,,,,,0.1
2020,Percent,Akmola,,,KZAKM,0.2
2020,Percent,Almaty,,,KZALM,0.0
2020,Percent,Atyrau,,,KZATY,0.1
2020,Percent,Batys Kazakhstan,,,KZZAP,0.01
2020,Percent,Zhambyl,,,KZZHA,0.2
2020,Percent,Karagandy,,,KZKAR,0.1
2020,Percent,Kostanay,,,KZKUS,0.1
2020,Percent,Kyzylorda,,,KZKZY,0.0
2020,Percent,Pavlodar,,,KZPAV,0.2
2020,Percent,Soltustik Kazakhstan,,,KZSEV,0.0
2020,Percent,Shygys Kazakhstan,,,KZVOS,0.1
2020,Percent,,,Male,,0.1
2020,Percent,Akmola,,Male,KZAKM,0.2
2020,Percent,Almaty,,Male,KZALM,0.1
2020,Percent,Atyrau,,Male,KZATY,0.2
2020,Percent,Zhambyl,,Male,KZZHA,0.2
2020,Percent,Karagandy,,Male,KZKAR,0.2
2020,Percent,Kostanay,,Male,KZKUS,0.1
2020,Percent,Kyzylorda,,Male,KZKZY,0.0
2020,Percent,Pavlodar,,Male,KZPAV,0.2
2020,Percent,Soltustik Kazakhstan,,Male,KZSEV,0.0
2020,Percent,Shygys Kazakhstan,,Male,KZVOS,0.2
2020,Percent,,,Female,,0.1
2020,Percent,Akmola,,Female,KZAKM,0.2
2020,Percent,Almaty,,Female,KZALM,0.0
2020,Percent,Atyrau,,Female,KZATY,0.0
2020,Percent,Batys Kazakhstan,,Female,KZZAP,0.0
2020,Percent,Zhambyl,,Female,KZZHA,0.2
2020,Percent,Karagandy,,Female,KZKAR,0.0
2020,Percent,Kostanay,,Female,KZKUS,0.1
2020,Percent,Kyzylorda,,Female,KZKZY,0.0
2020,Percent,Pavlodar,,Female,KZPAV,0.2
2020,Percent,Soltustik Kazakhstan,,Female,KZSEV,0.0
2020,Percent,Shygys Kazakhstan,,Female,KZVOS,0.1
2020,Percent,,urban,,,0.0
2020,Percent,Astana city,urban,,KZNS,0.1
2020,Percent,Akmola,urban,,KZAKM,0.1
2020,Percent,Almaty,urban,,KZALM,0.0
2020,Percent,Zhambyl,urban,,KZZHA,0.1
2020,Percent,Karagandy,urban,,KZKAR,0.2
2020,Percent,Kostanay,urban,,KZKUS,0.0
2020,Percent,Pavlodar,urban,,KZPAV,0.0
2020,Percent,Shygys Kazakhstan,urban,,KZVOS,0.0
2020,Percent,,rural,,,0.1
2020,Percent,Akmola,rural,,KZAKM,0.3
2020,Percent,Almaty,rural,,KZALM,0.1
2020,Percent,Atyrau,rural,,KZATY,0.3
2020,Percent,Batys Kazakhstan,rural,,KZZAP,0.0
2020,Percent,Zhambyl,rural,,KZZHA,0.3
2020,Percent,Karagandy,rural,,KZKAR,0.0
2020,Percent,Kostanay,rural,,KZKUS,0.2
2020,Percent,Kyzylorda,rural,,KZKZY,0.0
2020,Percent,Mangistau,,R,KZMAN,0.1
2020,Percent,Pavlodar,rural,,KZPAV,0.5
2020,Percent,Soltustik Kazakhstan,rural,,KZSEV,0.1
2020,Percent,Turkistan,rural,,KZYUZ,0.2
2021,Percent,,,,,0.8
2021,Percent,Akmola,,,KZAKM,2.4
2021,Percent,Aktobe,,,KZAKT,0.1
2021,Percent,Almaty,,,KZALM,0.1
2021,Percent,Atyrau,,,KZATY,0.0
2021,Percent,Batys Kazakhstan,,,KZZAP,0.0
2021,Percent,Zhambyl,,,KZZHA,2.6
2021,Percent,Karagandy,,,KZKAR,1.2
2021,Percent,Kostanay,,,KZKUS,0.1
2021,Percent,Kyzylorda,,,KZKZY,0.4
2021,Percent,Mangistau,,,KZMAN,0.0
2021,Percent,Pavlodar,,,KZPAV,4.7
2021,Percent,Soltustik Kazakhstan,,,KZSEV,0.6
2021,Percent,Turkistan,,,KZYUZ,0.1
2021,Percent,Shygys Kazakhstan,,,KZVOS,0.9
2021,Percent,Astana city,,,KZNS,0.3
2021,Percent,Almaty city,,,KZALA,0.0
2021,Percent,Shymkent city,,,KZSHY,0.0
2021,Percent,,,Male,,0.9
2021,Percent,Akmola,,Male,KZAKM,2.0
2021,Percent,Aktobe,,Male,KZAKT,0.2
2021,Percent,Almaty,,Male,KZALM,0.1
2021,Percent,Atyrau,,Male,KZATY,0.0
2021,Percent,Batys Kazakhstan,,Male,KZZAP,0.0
2021,Percent,Zhambyl,,Male,KZZHA,4.9
2021,Percent,Karagandy,,Male,KZKAR,0.6
2021,Percent,Kostanay,,Male,KZKUS,0.0
2021,Percent,Kyzylorda,,Male,KZKZY,0.4
2021,Percent,Mangistau,,Male,KZMAN,0.0
2021,Percent,Pavlodar,,Male,KZPAV,5.6
2021,Percent,Soltustik Kazakhstan,,Male,KZSEV,0.9
2021,Percent,Turkistan,,Male,KZYUZ,0.3
2021,Percent,Shygys Kazakhstan,,Male,KZVOS,0.9
2021,Percent,Astana city,,Male,KZNS,0.6
2021,Percent,Almaty city,,Male,KZALA,0.0
2021,Percent,Shymkent city,,Male,KZSHY,0.0
2021,Percent,,,Female,,0.7
2021,Percent,Akmola,,Female,KZAKM,2.9
2021,Percent,Aktobe,,Female,KZAKT,0.0
2021,Percent,Almaty,,Female,KZALM,0.1
2021,Percent,Atyrau,,Female,KZATY,0.0
2021,Percent,Batys Kazakhstan,,Female,KZZAP,0.0
2021,Percent,Zhambyl,,Female,KZZHA,0.9
2021,Percent,Karagandy,,Female,KZKAR,1.7
2021,Percent,Kostanay,,Female,KZKUS,0.1
2021,Percent,Kyzylorda,,Female,KZKZY,0.4
2021,Percent,Mangistau,,Female,KZMAN,0.0
2021,Percent,Pavlodar,,Female,KZPAV,0.2
2021,Percent,Soltustik Kazakhstan,,Female,KZSEV,0.3
2021,Percent,Turkistan,,Female,KZYUZ,0.0
2021,Percent,Shygys Kazakhstan,,Female,KZVOS,0.9
2021,Percent,Astana city,,Female,KZNS,0.0
2021,Percent,Almaty city,,Female,KZALA,0.0
2021,Percent,Shymkent city,,Female,KZSHY,0.0
2021,Percent,,urban,,,0.3
2021,Percent,Akmola,urban,,KZAKM,0.9
2021,Percent,Aktobe,urban,,KZAKT,0.1
2021,Percent,Almaty,urban,,KZALM,0.0
2021,Percent,Atyrau,urban,,KZATY,0.0
2021,Percent,Batys Kazakhstan,urban,,KZZAP,0.0
2021,Percent,Zhambyl,urban,,KZZHA,1.0
2021,Percent,Karagandy,urban,,KZKAR,1.5
2021,Percent,Kostanay,urban,,KZKUS,0.0
2021,Percent,Kyzylorda,urban,,KZKZY,0.0
2021,Percent,Mangistau,urban,,KZMAN,0.0
2021,Percent,Pavlodar,urban,,KZPAV,0.0
2021,Percent,Soltustik Kazakhstan,urban,,KZSEV,0.0
2021,Percent,Turkistan,urban,,KZYUZ,0.0
2021,Percent,Shygys Kazakhstan,urban,,KZVOS,0.0
2021,Percent,Astana city,urban,,KZNS,0.3
2021,Percent,Almaty city,urban,,KZALA,0.0
2021,Percent,Shymkent city,urban,,KZSHY,0.0
2021,Percent,,rural,,,1.3
2021,Percent,Akmola,rural,,KZAKM,3.6
2021,Percent,Aktobe,rural,,KZAKT,0.0
2021,Percent,Almaty,rural,,KZALM,0.1
2021,Percent,Atyrau,rural,,KZATY,0.0
2021,Percent,Batys Kazakhstan,rural,,KZZAP,0.0
2021,Percent,Zhambyl,rural,,KZZHA,4.1
2021,Percent,Karagandy,rural,,KZKAR,0.3
2021,Percent,Kostanay,rural,,KZKUS,0.1
2021,Percent,Kyzylorda,rural,,KZKZY,0.7
2021,Percent,Mangistau,rural,,KZMAN,0.0
2021,Percent,Pavlodar,rural,,KZPAV,14.9
2021,Percent,Soltustik Kazakhstan,rural,,KZSEV,1.0
2021,Percent,Shygys Kazakhstan,rural,,KZVOS,0.2
2021,Percent,Turkistan,rural,,KZYUZ,2.3
2022,Percent,,,,,0.9
2022,Percent,Akmola,,,KZAKM,1.5
2022,Percent,Aktobe,,,KZAKT,0.6
2022,Percent,Almaty,,,KZALM,0.7
2022,Percent,Atyrau,,,KZATY,0.1
2022,Percent,Batys Kazakhstan,,,KZZAP,0.0
2022,Percent,Zhambyl,,,KZZHA,0.8
2022,Percent,Karagandy,,,KZKAR,1.1
2022,Percent,Kostanay,,,KZKUS,0.0
2022,Percent,Kyzylorda,,,KZKZY,0.0
2022,Percent,Mangistau,,,KZMAN,0.0
2022,Percent,Pavlodar,,,KZPAV,5.4
2022,Percent,Soltustik Kazakhstan,,,KZSEV,0.4
2022,Percent,Turkistan,,,KZYUZ,1.0
2022,Percent,Shygys Kazakhstan,,,KZVOS,3.6
2022,Percent,Astana city,,,KZNS,1.9
2022,Percent,Almaty city,,,KZALA,0.0
2022,Percent,Shymkent city,,,KZSHY,0.0
2022,Percent,,,Male,,0.9
2022,Percent,Akmola,,Male,KZAKM,0.0
2022,Percent,Aktobe,,Male,KZAKT,0.4
2022,Percent,Almaty,,Male,KZALM,1.3
2022,Percent,Atyrau,,Male,KZATY,0.2
2022,Percent,Batys Kazakhstan,,Male,KZZAP,0.0
2022,Percent,Zhambyl,,Male,KZZHA,0.3
2022,Percent,Karagandy,,Male,KZKAR,1.3
2022,Percent,Kostanay,,Male,KZKUS,0.0
2022,Percent,Kyzylorda,,Male,KZKZY,0.1
2022,Percent,Mangistau,,Male,KZMAN,0.0
2022,Percent,Pavlodar,,Male,KZPAV,0.4
2022,Percent,Soltustik Kazakhstan,,Male,KZSEV,0.9
2022,Percent,Turkistan,,Male,KZYUZ,5.8
2022,Percent,Shygys Kazakhstan,,Male,KZVOS,5.7
2022,Percent,Astana city,,Male,KZNS,1.2
2022,Percent,Almaty city,,Male,KZALA,0.0
2022,Percent,Shymkent city,,Male,KZSHY,0.0
2022,Percent,,,Female,,0.8
2022,Percent,Akmola,,Female,KZAKM,1.4
2022,Percent,Aktobe,,Female,KZAKT,0.8
2022,Percent,Almaty,,Female,KZALM,0.0
2022,Percent,Atyrau,,Female,KZATY,0.0
2022,Percent,Batys Kazakhstan,,Female,KZZAP,0.0
2022,Percent,Zhambyl,,Female,KZZHA,1.4
2022,Percent,Karagandy,,Female,KZKAR,0.8
2022,Percent,Kostanay,,Female,KZKUS,0.1
2022,Percent,Kyzylorda,,Female,KZKZY,0.0
2022,Percent,Mangistau,,Female,KZMAN,0.0
2022,Percent,Pavlodar,,Female,KZPAV,0.3
2022,Percent,Soltustik Kazakhstan,,Female,KZSEV,0.8
2022,Percent,Turkistan,,Female,KZYUZ,5.6
2022,Percent,Shygys Kazakhstan,,Female,KZVOS,1.0
2022,Percent,Astana city,,Female,KZNS,2.8
2022,Percent,Almaty city,,Female,KZALA,0.0
2022,Percent,Shymkent city,,Female,KZSHY,0.0
2022,Percent,,urban,,,0.4
2022,Percent,Akmola,urban,,KZAKM,0.2
2022,Percent,Aktobe,urban,,KZAKT,0.5
2022,Percent,Almaty,urban,,KZALM,1.2
2022,Percent,Atyrau,urban,,KZATY,0.0
2022,Percent,Batys Kazakhstan,urban,,KZZAP,0.0
2022,Percent,Zhambyl,urban,,KZZHA,0.0
2022,Percent,Karagandy,urban,,KZKAR,1.1
2022,Percent,Kostanay,urban,,KZKUS,0.0
2022,Percent,Kyzylorda,urban,,KZKZY,0.0
2022,Percent,Mangistau,urban,,KZMAN,0.0
2022,Percent,Pavlodar,urban,,KZPAV,0.0
2022,Percent,Soltustik Kazakhstan,urban,,KZSEV,0.0
2022,Percent,Turkistan,urban,,KZYUZ,0.0
2022,Percent,Shygys Kazakhstan,urban,,KZVOS,0.3
2022,Percent,Astana city,urban,,KZNS,1.9
2022,Percent,Almaty city,urban,,KZALA,0.0
2022,Percent,Shymkent city,urban,,KZSHY,0.0
2022,Percent,,rural,,,1.6
2022,Percent,Akmola,rural,,KZAKM,3.1
2022,Percent,Aktobe,rural,,KZAKT,0.7
2022,Percent,Almaty,rural,,KZALM,0.6
2022,Percent,Atyrau,rural,,KZATY,0.3
2022,Percent,Batys Kazakhstan,rural,,KZZAP,0.0
2022,Percent,Zhambyl,rural,,KZZHA,2.2
2022,Percent,Karagandy,rural,,KZKAR,1.1
2022,Percent,Kostanay,rural,,KZKUS,0.1
2022,Percent,Kyzylorda,rural,,KZKZY,0.1
2022,Percent,Mangistau,rural,,KZMAN,0.0
2022,Percent,Pavlodar,rural,,KZPAV,18.2
2022,Percent,Soltustik Kazakhstan,rural,,KZSEV,0.7
2022,Percent,Shygys Kazakhstan,rural,,KZVOS,0.0
2022,Percent,Turkistan,rural,,KZYUZ,0.0
2023,Percent,,,,,0.04
2023,Percent,Akmola,,,KZAKM,0.09
2023,Percent,Aktobe,,,KZAKT,0.05
2023,Percent,Almaty,,,KZALM,0.03
2023,Percent,Atyrau,,,KZATY,0.04
2023,Percent,Batys Kazakhstan,,,KZZAP,0.02
2023,Percent,Zhambyl,,,KZZHA,0.03
2023,Percent,Karagandy,,,KZKAR,0.05
2023,Percent,Kostanay,,,KZKUS,0.02
2023,Percent,Kyzylorda,,,KZKZY,0.0
2023,Percent,Mangistau,,,KZMAN,0.01
2023,Percent,Pavlodar,,,KZPAV,0.28
2023,Percent,Soltustik Kazakhstan,,,KZSEV,0.03
2023,Percent,Turkistan,,,KZYUZ,0.09
2023,Percent,Shygys Kazakhstan,,,KZVOS,0.07
2023,Percent,Astana city,,,KZNS,0.02
2023,Percent,Almaty city,,,KZALA,0.0
2023,Percent,Shymkent city,,,KZSHY,0.0
2023,Percent,,,Male,,0.06
2023,Percent,Akmola,,Male,KZAKM,0.14
2023,Percent,Aktobe,,Male,KZAKT,0.09
2023,Percent,Almaty,,Male,KZALM,0.03
2023,Percent,Atyrau,,Male,KZATY,0.08
2023,Percent,Batys Kazakhstan,,Male,KZZAP,0.03
2023,Percent,Zhambyl,,Male,KZZHA,0.03
2023,Percent,Karagandy,,Male,KZKAR,0.02
2023,Percent,Kostanay,,Male,KZKUS,0.03
2023,Percent,Kyzylorda,,Male,KZKZY,0.0
2023,Percent,Mangistau,,Male,KZMAN,0.0
2023,Percent,Pavlodar,,Male,KZPAV,0.36
2023,Percent,Soltustik Kazakhstan,,Male,KZSEV,0.03
2023,Percent,Turkistan,,Male,KZYUZ,0.17
2023,Percent,Shygys Kazakhstan,,Male,KZVOS,0.1
2023,Percent,Astana city,,Male,KZNS,0.0
2023,Percent,Almaty city,,Male,KZALA,0.0
2023,Percent,Shymkent city,,Male,KZSHY,0.0
2023,Percent,,,Female,,0.03
2023,Percent,Akmola,,Female,KZAKM,0.03
2023,Percent,Aktobe,,Female,KZAKT,0.01
2023,Percent,Almaty,,Female,KZALM,0.03
2023,Percent,Atyrau,,Female,KZATY,0.0
2023,Percent,Batys Kazakhstan,,Female,KZZAP,0.01
2023,Percent,Zhambyl,,Female,KZZHA,0.04
2023,Percent,Karagandy,,Female,KZKAR,0.08
2023,Percent,Kostanay,,Female,KZKUS,0.01
2023,Percent,Kyzylorda,,Female,KZKZY,0.0
2023,Percent,Mangistau,,Female,KZMAN,0.01
2023,Percent,Pavlodar,,Female,KZPAV,0.19
2023,Percent,Soltustik Kazakhstan,,Female,KZSEV,0.03
2023,Percent,Turkistan,,Female,KZYUZ,0.0
2023,Percent,Shygys Kazakhstan,,Female,KZVOS,0.0
2023,Percent,Astana city,,Female,KZNS,0.0
2023,Percent,Almaty city,,Female,KZALA,0.0
2023,Percent,Shymkent city,,Female,KZSHY,0.0
2023,Percent,,urban,,,0.01
2023,Percent,Akmola,urban,,KZAKM,0.0
2023,Percent,Aktobe,urban,,KZAKT,0.06
2023,Percent,Almaty,urban,,KZALM,0.03
2023,Percent,Atyrau,urban,,KZATY,0.02
2023,Percent,Batys Kazakhstan,urban,,KZZAP,0.0
2023,Percent,Zhambyl,urban,,KZZHA,0.03
2023,Percent,Karagandy,urban,,KZKAR,0.02
2023,Percent,Kostanay,urban,,KZKUS,0.0
2023,Percent,Kyzylorda,urban,,KZKZY,0.0
2023,Percent,Mangistau,urban,,KZMAN,0.0
2023,Percent,Pavlodar,urban,,KZPAV,0.0
2023,Percent,Soltustik Kazakhstan,urban,,KZSEV,0.0
2023,Percent,Turkistan,urban,,KZYUZ,0.0
2023,Percent,Shygys Kazakhstan,urban,,KZVOS,0.02
2023,Percent,Astana city,urban,,KZNS,0.02
2023,Percent,Almaty city,urban,,KZALA,0.0
2023,Percent,Shymkent city,urban,,KZSHY,0.0
2023,Percent,,rural,,,0.09
2023,Percent,Akmola,rural,,KZAKM,0.19
2023,Percent,Aktobe,rural,,KZAKT,0.05
2023,Percent,Almaty,rural,,KZALM,0.03
2023,Percent,Atyrau,rural,,KZATY,0.08
2023,Percent,Batys Kazakhstan,rural,,KZZAP,0.04
2023,Percent,Zhambyl,rural,,KZZHA,0.04
2023,Percent,Karagandy,urban,,KZKAR,0.15
2023,Percent,Kostanay,rural,,KZKUS,0.04
2023,Percent,Kyzylorda,rural,,KZKZY,0.0
2023,Percent,Mangistau,rural,,KZMAN,0.01
2023,Percent,Pavlodar,rural,,KZPAV,0.91
2023,Percent,Soltustik Kazakhstan,rural,,KZSEV,0.05
2023,Percent,Shygys Kazakhstan,rural,,KZVOS,0.12
2023,Percent,Turkistan,rural,,KZYUZ,0.0
