Year,UNIT_MEASURE,SERIES,Regions,GeoCode,Value
2010,millions tonnes,Cargo transported by all means of transport,,,2439.4
2010,millions tonnes,Pipeline,,,194.0
2010,millions tonnes,Railway,,,267.9
2010,millions tonnes,Automobile,,,1971.8
2010,millions tonnes,Air,,,0.3
2010,millions tonnes,Inland water еransport,,,1.1
2010,millions tonnes,nautical,,,4.7
2010,millions tonnes,,Akmola,KZAKM,95.8
2010,millions tonnes,,Aktobe,KZAKT,41.0
2010,millions tonnes,,Almaty,KZALM,116.6
2010,millions tonnes,,Atyrau,KZATY,118.5
2010,millions tonnes,,Batys Kazakhstan,KZZAP,30.3
2010,millions tonnes,,Zhambyl,KZZHA,56.0
2010,millions tonnes,,Karagandy,KZKAR,444.0
2010,millions tonnes,,Kostanay,KZKUS,221.5
2010,millions tonnes,,Kyzylorda,KZKZY,66.3
2010,millions tonnes,,Mangistau,KZMAN,141.5
2010,millions tonnes,,Ontustik Kazakhstan,KZONT,77.5
2010,millions tonnes,,Pavlodar,KZPAV,78.5
2010,millions tonnes,,Soltustik Kazakhstan,KZSEV,40.1
2010,millions tonnes,,Shygys Kazakhstan,KZVOS,327.3
2010,millions tonnes,,Astana city,KZNS,66.7
2010,millions tonnes,,Almaty city,KZALA,142.4
2010,mln.people,Passengers transported by all means of transport,,,13186.5
2010,mln.people,Railway transport,,,19.6
2010,mln.people,Automobile,,,13083.9
2010,mln.people,Inland water еransport,,,0.1
2010,mln.people,Air,,,3.4
2010,mln.people,City electric transport,,,79.5
2010,mln.people,,Akmola,KZAKM,1057.9
2010,mln.people,,Aktobe,KZAKT,163.5
2010,mln.people,,Almaty,KZALM,436.6
2010,mln.people,,Atyrau,KZATY,95.4
2010,mln.people,,Batys Kazakhstan,KZZAP,270.4
2010,mln.people,,Zhambyl,KZZHA,570.6
2010,mln.people,,Karagandy,KZKAR,1440.7
2010,mln.people,,Kostanay,KZKUS,1153.4
2010,mln.people,,Kyzylorda,KZKZY,139.7
2010,mln.people,,Mangistau,KZMAN,60.2
2010,mln.people,,Ontustik Kazakhstan,KZONT,1337.6
2010,mln.people,,Pavlodar,KZPAV,798.3
2010,mln.people,,Soltustik Kazakhstan,KZSEV,365.5
2010,mln.people,,Shygys Kazakhstan,KZVOS,1272.7
2010,mln.people,,Astana city,KZNS,1408.9
2010,mln.people,,Almaty city,KZALA,2595.5
2010,millions tonnes,_L_KZ_090102_1J,,,1971.8
2010,millions tonnes,_L_KZ_090102_1J,Akmola,KZAKM,95.8
2010,millions tonnes,_L_KZ_090102_1J,Aktobe,KZAKT,41.0
2010,millions tonnes,_L_KZ_090102_1J,Almaty,KZALM,116.6
2010,millions tonnes,_L_KZ_090102_1J,Atyrau,KZATY,52.1
2010,millions tonnes,_L_KZ_090102_1J,Batys Kazakhstan,KZZAP,30.0
2010,millions tonnes,_L_KZ_090102_1J,Zhambyl,KZZHA,56.0
2010,millions tonnes,_L_KZ_090102_1J,Karagandy,KZKAR,444.0
2010,millions tonnes,_L_KZ_090102_1J,Kostanay,KZKUS,221.5
2010,millions tonnes,_L_KZ_090102_1J,Kyzylorda,KZKZY,66.3
2010,millions tonnes,_L_KZ_090102_1J,Mangistau,KZMAN,136.9
2010,millions tonnes,_L_KZ_090102_1J,Ontustik Kazakhstan,KZONT,77.5
2010,millions tonnes,_L_KZ_090102_1J,Pavlodar,KZPAV,57.8
2010,millions tonnes,_L_KZ_090102_1J,Soltustik Kazakhstan,KZSEV,40.0
2010,millions tonnes,_L_KZ_090102_1J,Shygys Kazakhstan,KZVOS,327.1
2010,millions tonnes,_L_KZ_090102_1J,Astana city,KZNS,66.7
2010,millions tonnes,_L_KZ_090102_1J,Almaty city,KZALA,142.4
2010,mln.people,Passengers transported by all means of transport,,,13163.4
2010,mln.people,Passengers transported by all means of transport,Akmola,KZAKM,1057.9
2010,mln.people,Passengers transported by all means of transport,Aktobe,KZAKT,163.5
2010,mln.people,Passengers transported by all means of transport,Almaty,KZALM,436.6
2010,mln.people,Passengers transported by all means of transport,Atyrau,KZATY,95.4
2010,mln.people,Passengers transported by all means of transport,Batys Kazakhstan,KZZAP,270.4
2010,mln.people,Passengers transported by all means of transport,Zhambyl,KZZHA,570.6
2010,mln.people,Passengers transported by all means of transport,Karagandy,KZKAR,1440.6
2010,mln.people,Passengers transported by all means of transport,Kostanay,KZKUS,1153.4
2010,mln.people,Passengers transported by all means of transport,Kyzylorda,KZKZY,139.7
2010,mln.people,Passengers transported by all means of transport,Mangistau,KZMAN,60.2
2010,mln.people,Passengers transported by all means of transport,Ontustik Kazakhstan,KZONT,1337.0
2010,mln.people,Passengers transported by all means of transport,Pavlodar,KZPAV,798.2
2010,mln.people,Passengers transported by all means of transport,Soltustik Kazakhstan,KZSEV,365.5
2010,mln.people,Passengers transported by all means of transport,Shygys Kazakhstan,KZVOS,1272.7
2010,mln.people,Passengers transported by all means of transport,Astana city,KZNS,1408.9
2010,mln.people,Passengers transported by all means of transport,Almaty city,KZALA,2592.9
2010,tons,transported by air,,,28869.7
2010,tons,transported by air,Karagandy,KZKAR,9.2
2010,tons,transported by air,Ontustik Kazakhstan,KZONT,737.0
2010,tons,transported by air,Shygys Kazakhstan,KZVOS,32.5
2010,tons,transported by air,Almaty city,KZALA,28091.0
2010,thousand people,passengers transported by air,,,3379.2
2010,thousand people,passengers transported by air,Almaty,KZALM,29.3
2010,thousand people,passengers transported by air,Atyrau,KZATY,4.7
2010,thousand people,passengers transported by air,Karagandy,KZKAR,18.8
2010,thousand people,passengers transported by air,Ontustik Kazakhstan,KZONT,668.5
2010,thousand people,passengers transported by air,Pavlodar,KZPAV,4.0
2010,thousand people,passengers transported by air,Astana city,KZNS,16.1
2010,thousand people,passengers transported by air,Almaty city,KZALA,14.8
2010,thousand people,passengers transported by air,Shymkent city,KZSHY,2623.1
2010,millions tonnes,performance indicators of pipeline transport,,,194.0
2010,millions tonnes,performance indicators of pipeline transport,Atyrau,KZATY,66.3
2010,millions tonnes,performance indicators of pipeline transport,Pavlodar,KZPAV,20.2
2010,millions tonnes,_L_KZ_090102_1R,,,4.7
2010,millions tonnes,_L_KZ_090102_1R,Mangistau,KZMAN,4.7
2011,millions tonnes,Cargo transported by all means of transport,,,2974.9
2011,millions tonnes,Pipeline,,,214.1
2011,millions tonnes,Railway,,,279.7
2011,millions tonnes,Automobile,,,2475.5
2011,millions tonnes,Air,,,0.3
2011,millions tonnes,Inland water еransport,,,1.1
2011,millions tonnes,nautical,,,4.6
2011,millions tonnes,,Akmola,KZAKM,112.4
2011,millions tonnes,,Aktobe,KZAKT,54.5
2011,millions tonnes,,Almaty,KZALM,142.7
2011,millions tonnes,,Atyrau,KZATY,139.6
2011,millions tonnes,,Batys Kazakhstan,KZZAP,34.0
2011,millions tonnes,,Zhambyl,KZZHA,70.5
2011,millions tonnes,,Karagandy,KZKAR,551.1
2011,millions tonnes,,Kostanay,KZKUS,268.0
2011,millions tonnes,,Kyzylorda,KZKZY,95.5
2011,millions tonnes,,Mangistau,KZMAN,186.6
2011,millions tonnes,,Ontustik Kazakhstan,KZONT,106.5
2011,millions tonnes,,Pavlodar,KZPAV,97.0
2011,millions tonnes,,Soltustik Kazakhstan,KZSEV,46.1
2011,millions tonnes,,Shygys Kazakhstan,KZVOS,418.2
2011,millions tonnes,,Astana city,KZNS,97.2
2011,millions tonnes,,Almaty city,KZALA,155.6
2011,mln.people,Passengers transported by all means of transport,,,16647.2
2011,mln.people,Railway transport,,,20.5
2011,mln.people,Automobile,,,16544.7
2011,mln.people,Inland water еransport,,,0.1
2011,mln.people,Air,,,4.1
2011,mln.people,City electric transport,,,77.0
2011,mln.people,,Akmola,KZAKM,1385.8
2011,mln.people,,Aktobe,KZAKT,199.3
2011,mln.people,,Almaty,KZALM,550.9
2011,mln.people,,Atyrau,KZATY,126.9
2011,mln.people,,Batys Kazakhstan,KZZAP,364.8
2011,mln.people,,Zhambyl,KZZHA,745.8
2011,mln.people,,Karagandy,KZKAR,1993.3
2011,mln.people,,Kostanay,KZKUS,1436.5
2011,mln.people,,Kyzylorda,KZKZY,193.2
2011,mln.people,,Mangistau,KZMAN,73.8
2011,mln.people,,Ontustik Kazakhstan,KZONT,1800.5
2011,mln.people,,Pavlodar,KZPAV,1044.1
2011,mln.people,,Soltustik Kazakhstan,KZSEV,453.9
2011,mln.people,,Shygys Kazakhstan,KZVOS,1419.3
2011,mln.people,,Astana city,KZNS,1647.9
2011,mln.people,,Almaty city,KZALA,3190.6
2011,millions tonnes,_L_KZ_090102_1J,,,2475.5
2011,millions tonnes,_L_KZ_090102_1J,Akmola,KZAKM,112.4
2011,millions tonnes,_L_KZ_090102_1J,Aktobe,KZAKT,54.5
2011,millions tonnes,_L_KZ_090102_1J,Almaty,KZALM,142.7
2011,millions tonnes,_L_KZ_090102_1J,Atyrau,KZATY,71.5
2011,millions tonnes,_L_KZ_090102_1J,Batys Kazakhstan,KZZAP,33.8
2011,millions tonnes,_L_KZ_090102_1J,Zhambyl,KZZHA,70.5
2011,millions tonnes,_L_KZ_090102_1J,Karagandy,KZKAR,551.1
2011,millions tonnes,_L_KZ_090102_1J,Kostanay,KZKUS,268.0
2011,millions tonnes,_L_KZ_090102_1J,Kyzylorda,KZKZY,95.5
2011,millions tonnes,_L_KZ_090102_1J,Mangistau,KZMAN,182.0
2011,millions tonnes,_L_KZ_090102_1J,Ontustik Kazakhstan,KZONT,106.5
2011,millions tonnes,_L_KZ_090102_1J,Pavlodar,KZPAV,70.2
2011,millions tonnes,_L_KZ_090102_1J,Soltustik Kazakhstan,KZSEV,46.0
2011,millions tonnes,_L_KZ_090102_1J,Shygys Kazakhstan,KZVOS,417.9
2011,millions tonnes,_L_KZ_090102_1J,Astana city,KZNS,97.2
2011,millions tonnes,_L_KZ_090102_1J,Almaty city,KZALA,155.6
2011,mln.people,Passengers transported by all means of transport,,,16622.4
2011,mln.people,Passengers transported by all means of transport,Akmola,KZAKM,1385.8
2011,mln.people,Passengers transported by all means of transport,Aktobe,KZAKT,199.3
2011,mln.people,Passengers transported by all means of transport,Almaty,KZALM,550.8
2011,mln.people,Passengers transported by all means of transport,Atyrau,KZATY,126.9
2011,mln.people,Passengers transported by all means of transport,Batys Kazakhstan,KZZAP,364.7
2011,mln.people,Passengers transported by all means of transport,Zhambyl,KZZHA,745.8
2011,mln.people,Passengers transported by all means of transport,Karagandy,KZKAR,1993.3
2011,mln.people,Passengers transported by all means of transport,Kostanay,KZKUS,1436.5
2011,mln.people,Passengers transported by all means of transport,Kyzylorda,KZKZY,193.2
2011,mln.people,Passengers transported by all means of transport,Mangistau,KZMAN,73.8
2011,mln.people,Passengers transported by all means of transport,Ontustik Kazakhstan,KZONT,1799.6
2011,mln.people,Passengers transported by all means of transport,Pavlodar,KZPAV,1044.1
2011,mln.people,Passengers transported by all means of transport,Soltustik Kazakhstan,KZSEV,453.9
2011,mln.people,Passengers transported by all means of transport,Shygys Kazakhstan,KZVOS,1419.3
2011,mln.people,Passengers transported by all means of transport,Astana city,KZNS,1647.9
2011,mln.people,Passengers transported by all means of transport,Almaty city,KZALA,3187.5
2011,tons,transported by air,,,31554.9
2011,tons,transported by air,Karagandy,KZKAR,6.6
2011,tons,transported by air,Ontustik Kazakhstan,KZONT,583.0
2011,tons,transported by air,Shygys Kazakhstan,KZVOS,44.0
2011,tons,transported by air,Almaty city,KZALA,30921.3
2011,thousand people,passengers transported by air,,,4131.3
2011,thousand people,passengers transported by air,Almaty,KZALM,27.8
2011,thousand people,passengers transported by air,Atyrau,KZATY,0.8
2011,thousand people,passengers transported by air,Karagandy,KZKAR,12.2
2011,thousand people,passengers transported by air,Mangistau,KZMAN,23.8
2011,thousand people,passengers transported by air,Ontustik Kazakhstan,KZONT,900.2
2011,thousand people,passengers transported by air,Pavlodar,KZPAV,0.8
2011,thousand people,passengers transported by air,Astana city,KZNS,17.2
2011,thousand people,passengers transported by air,Almaty city,KZALA,24.2
2011,thousand people,passengers transported by air,Shymkent city,KZSHY,3124.3
2011,millions tonnes,performance indicators of pipeline transport,,,214.1
2011,millions tonnes,performance indicators of pipeline transport,Atyrau,KZATY,68.1
2011,millions tonnes,performance indicators of pipeline transport,Pavlodar,KZPAV,26.3
2011,millions tonnes,_L_KZ_090102_1R,,,4.6
2011,millions tonnes,_L_KZ_090102_1R,Mangistau,KZMAN,4.6
2012,millions tonnes,Cargo transported by all means of transport,,,3231.8
2012,millions tonnes,Pipeline,,,213.2
2012,millions tonnes,Railway,,,294.8
2012,millions tonnes,Automobile,,,2718.4
2012,millions tonnes,Air,,,0.2
2012,millions tonnes,Inland water еransport,,,1.3
2012,millions tonnes,nautical,,,4.0
2012,millions tonnes,,Akmola,KZAKM,112.6
2012,millions tonnes,,Aktobe,KZAKT,58.1
2012,millions tonnes,,Almaty,KZALM,158.1
2012,millions tonnes,,Atyrau,KZATY,140.6
2012,millions tonnes,,Batys Kazakhstan,KZZAP,35.8
2012,millions tonnes,,Zhambyl,KZZHA,80.4
2012,millions tonnes,,Karagandy,KZKAR,619.7
2012,millions tonnes,,Kostanay,KZKUS,275.6
2012,millions tonnes,,Kyzylorda,KZKZY,98.4
2012,millions tonnes,,Mangistau,KZMAN,207.7
2012,millions tonnes,,Ontustik Kazakhstan,KZONT,123.8
2012,millions tonnes,,Pavlodar,KZPAV,103.0
2012,millions tonnes,,Soltustik Kazakhstan,KZSEV,46.2
2012,millions tonnes,,Shygys Kazakhstan,KZVOS,476.9
2012,millions tonnes,,Astana city,KZNS,112.6
2012,millions tonnes,,Almaty city,KZALA,168.3
2012,mln.people,Passengers transported by all means of transport,,,18484.6
2012,mln.people,Railway transport,,,24.4
2012,mln.people,Automobile,,,18380.2
2012,mln.people,Inland water еransport,,,0.1
2012,mln.people,Air,,,4.5
2012,mln.people,City electric transport,,,69.6
2012,mln.people,,Akmola,KZAKM,1482.1
2012,mln.people,,Aktobe,KZAKT,220.1
2012,mln.people,,Almaty,KZALM,597.2
2012,mln.people,,Atyrau,KZATY,155.4
2012,mln.people,,Batys Kazakhstan,KZZAP,402.3
2012,mln.people,,Zhambyl,KZZHA,802.8
2012,mln.people,,Karagandy,KZKAR,2111.4
2012,mln.people,,Kostanay,KZKUS,1575.5
2012,mln.people,,Kyzylorda,KZKZY,232.4
2012,mln.people,,Mangistau,KZMAN,81.5
2012,mln.people,,Ontustik Kazakhstan,KZONT,2149.9
2012,mln.people,,Pavlodar,KZPAV,1166.3
2012,mln.people,,Soltustik Kazakhstan,KZSEV,470.7
2012,mln.people,,Shygys Kazakhstan,KZVOS,1459.9
2012,mln.people,,Astana city,KZNS,1750.1
2012,mln.people,,Almaty city,KZALA,3802.8
2012,millions tonnes,_L_KZ_090102_1J,,,2718.4
2012,millions tonnes,_L_KZ_090102_1J,Akmola,KZAKM,112.6
2012,millions tonnes,_L_KZ_090102_1J,Aktobe,KZAKT,58.1
2012,millions tonnes,_L_KZ_090102_1J,Almaty,KZALM,158.1
2012,millions tonnes,_L_KZ_090102_1J,Atyrau,KZATY,72.4
2012,millions tonnes,_L_KZ_090102_1J,Batys Kazakhstan,KZZAP,35.7
2012,millions tonnes,_L_KZ_090102_1J,Zhambyl,KZZHA,80.4
2012,millions tonnes,_L_KZ_090102_1J,Karagandy,KZKAR,619.7
2012,millions tonnes,_L_KZ_090102_1J,Kostanay,KZKUS,275.6
2012,millions tonnes,_L_KZ_090102_1J,Kyzylorda,KZKZY,98.4
2012,millions tonnes,_L_KZ_090102_1J,Mangistau,KZMAN,203.7
2012,millions tonnes,_L_KZ_090102_1J,Ontustik Kazakhstan,KZONT,123.8
2012,millions tonnes,_L_KZ_090102_1J,Pavlodar,KZPAV,76.6
2012,millions tonnes,_L_KZ_090102_1J,Soltustik Kazakhstan,KZSEV,46.1
2012,millions tonnes,_L_KZ_090102_1J,Shygys Kazakhstan,KZVOS,476.6
2012,millions tonnes,_L_KZ_090102_1J,Astana city,KZNS,112.6
2012,millions tonnes,_L_KZ_090102_1J,Almaty city,KZALA,168.3
2012,mln.people,Passengers transported by all means of transport,,,18455.7
2012,mln.people,Passengers transported by all means of transport,Akmola,KZAKM,1482.1
2012,mln.people,Passengers transported by all means of transport,Aktobe,KZAKT,220.1
2012,mln.people,Passengers transported by all means of transport,Almaty,KZALM,597.2
2012,mln.people,Passengers transported by all means of transport,Atyrau,KZATY,155.4
2012,mln.people,Passengers transported by all means of transport,Batys Kazakhstan,KZZAP,402.2
2012,mln.people,Passengers transported by all means of transport,Zhambyl,KZZHA,802.8
2012,mln.people,Passengers transported by all means of transport,Karagandy,KZKAR,2111.4
2012,mln.people,Passengers transported by all means of transport,Kostanay,KZKUS,1575.5
2012,mln.people,Passengers transported by all means of transport,Kyzylorda,KZKZY,2323.7
2012,mln.people,Passengers transported by all means of transport,Mangistau,KZMAN,81.5
2012,mln.people,Passengers transported by all means of transport,Ontustik Kazakhstan,KZONT,2148.8
2012,mln.people,Passengers transported by all means of transport,Pavlodar,KZPAV,1166.3
2012,mln.people,Passengers transported by all means of transport,Soltustik Kazakhstan,KZSEV,4706.9
2012,mln.people,Passengers transported by all means of transport,Shygys Kazakhstan,KZVOS,1459.9
2012,mln.people,Passengers transported by all means of transport,Astana city,KZNS,1750.0
2012,mln.people,Passengers transported by all means of transport,Almaty city,KZALA,3799.5
2012,tons,transported by air,,,21954.2
2012,tons,transported by air,Batys Kazakhstan,KZZAP,183.0
2012,tons,transported by air,Ontustik Kazakhstan,KZONT,768.0
2012,tons,transported by air,Shygys Kazakhstan,KZVOS,5.8
2012,tons,transported by air,Almaty city,KZALA,20997.4
2012,thousand people,passengers transported by air,,,4512.0
2012,thousand people,passengers transported by air,Almaty,KZALM,30.0
2012,thousand people,passengers transported by air,Atyrau,KZATY,0.4
2012,thousand people,passengers transported by air,Karagandy,KZKAR,59.7
2012,thousand people,passengers transported by air,Batys Kazakhstan,KZZAP,7.2
2012,thousand people,passengers transported by air,Ontustik Kazakhstan,KZONT,1095.8
2012,thousand people,passengers transported by air,Astana city,KZNS,5.1
2012,thousand people,passengers transported by air,Almaty city,KZALA,5.5
2012,thousand people,passengers transported by air,Shymkent city,KZSHY,3308.3
2012,millions tonnes,performance indicators of pipeline transport,,,213.2
2012,millions tonnes,performance indicators of pipeline transport,Atyrau,KZATY,68.2
2012,millions tonnes,performance indicators of pipeline transport,Pavlodar,KZPAV,25.7
2012,millions tonnes,_L_KZ_090102_1R,,,4.0
2012,millions tonnes,_L_KZ_090102_1R,Mangistau,KZMAN,4.0
2013,millions tonnes,Cargo transported by all means of transport,,,3508.0
2013,millions tonnes,Pipeline,,,225.9
2013,millions tonnes,Railway,,,293.7
2013,millions tonnes,Automobile,,,2983.4
2013,millions tonnes,Air,,,0.2
2013,millions tonnes,Inland water еransport,,,1.1
2013,millions tonnes,nautical,,,4.0
2013,millions tonnes,,Akmola,KZAKM,121.5
2013,millions tonnes,,Aktobe,KZAKT,62.2
2013,millions tonnes,,Almaty,KZALM,159.0
2013,millions tonnes,,Atyrau,KZATY,151.3
2013,millions tonnes,,Batys Kazakhstan,KZZAP,38.9
2013,millions tonnes,,Zhambyl,KZZHA,88.4
2013,millions tonnes,,Karagandy,KZKAR,676.7
2013,millions tonnes,,Kostanay,KZKUS,299.7
2013,millions tonnes,,Kyzylorda,KZKZY,106.1
2013,millions tonnes,,Mangistau,KZMAN,215.1
2013,millions tonnes,,Ontustik Kazakhstan,KZONT,133.0
2013,millions tonnes,,Pavlodar,KZPAV,116.5
2013,millions tonnes,,Soltustik Kazakhstan,KZSEV,49.3
2013,millions tonnes,,Shygys Kazakhstan,KZVOS,553.7
2013,millions tonnes,,Astana city,KZNS,124.1
2013,millions tonnes,,Almaty city,KZALA,194.4
2013,mln.people,Passengers transported by all means of transport,,,20004.3
2013,mln.people,Railway transport,,,28.6
2013,mln.people,Automobile,,,19905.3
2013,mln.people,Inland water еransport,,,0.1
2013,mln.people,Air,,,5.0
2013,mln.people,City electric transport,,,65.3
2013,mln.people,,Akmola,KZAKM,1604.5
2013,mln.people,,Aktobe,KZAKT,238.4
2013,mln.people,,Almaty,KZALM,629.0
2013,mln.people,,Atyrau,KZATY,167.9
2013,mln.people,,Batys Kazakhstan,KZZAP,425.8
2013,mln.people,,Zhambyl,KZZHA,864.6
2013,mln.people,,Karagandy,KZKAR,2299.9
2013,mln.people,,Kostanay,KZKUS,1657.4
2013,mln.people,,Kyzylorda,KZKZY,251.3
2013,mln.people,,Mangistau,KZMAN,85.5
2013,mln.people,,Ontustik Kazakhstan,KZONT,2257.6
2013,mln.people,,Pavlodar,KZPAV,1194.6
2013,mln.people,,Soltustik Kazakhstan,KZSEV,492.8
2013,mln.people,,Shygys Kazakhstan,KZVOS,1606.7
2013,mln.people,,Astana city,KZNS,1961.0
2013,mln.people,,Almaty city,KZALA,4238.8
2013,millions tonnes,_L_KZ_090102_1J,,,2983.4
2013,millions tonnes,_L_KZ_090102_1J,Akmola,KZAKM,121.5
2013,millions tonnes,_L_KZ_090102_1J,Aktobe,KZAKT,62.2
2013,millions tonnes,_L_KZ_090102_1J,Almaty,KZALM,159.0
2013,millions tonnes,_L_KZ_090102_1J,Atyrau,KZATY,82.6
2013,millions tonnes,_L_KZ_090102_1J,Batys Kazakhstan,KZZAP,38.9
2013,millions tonnes,_L_KZ_090102_1J,Zhambyl,KZZHA,88.4
2013,millions tonnes,_L_KZ_090102_1J,Karagandy,KZKAR,676.7
2013,millions tonnes,_L_KZ_090102_1J,Kostanay,KZKUS,299.7
2013,millions tonnes,_L_KZ_090102_1J,Kyzylorda,KZKZY,106.1
2013,millions tonnes,_L_KZ_090102_1J,Mangistau,KZMAN,211.1
2013,millions tonnes,_L_KZ_090102_1J,Ontustik Kazakhstan,KZONT,133.0
2013,millions tonnes,_L_KZ_090102_1J,Pavlodar,KZPAV,83.3
2013,millions tonnes,_L_KZ_090102_1J,Soltustik Kazakhstan,KZSEV,49.3
2013,millions tonnes,_L_KZ_090102_1J,Shygys Kazakhstan,KZVOS,553.3
2013,millions tonnes,_L_KZ_090102_1J,Astana city,KZNS,124.1
2013,millions tonnes,_L_KZ_090102_1J,Almaty city,KZALA,194.4
2013,mln.people,Passengers transported by all means of transport,,,19970.6
2013,mln.people,Passengers transported by all means of transport,Akmola,KZAKM,1604.5
2013,mln.people,Passengers transported by all means of transport,Aktobe,KZAKT,238.4
2013,mln.people,Passengers transported by all means of transport,Almaty,KZALM,628.9
2013,mln.people,Passengers transported by all means of transport,Atyrau,KZATY,167.9
2013,mln.people,Passengers transported by all means of transport,Batys Kazakhstan,KZZAP,425.6
2013,mln.people,Passengers transported by all means of transport,Zhambyl,KZZHA,864.6
2013,mln.people,Passengers transported by all means of transport,Karagandy,KZKAR,2299.9
2013,mln.people,Passengers transported by all means of transport,Kostanay,KZKUS,1657.4
2013,mln.people,Passengers transported by all means of transport,Kyzylorda,KZKZY,251.3
2013,mln.people,Passengers transported by all means of transport,Mangistau,KZMAN,85.5
2013,mln.people,Passengers transported by all means of transport,Ontustik Kazakhstan,KZONT,2256.5
2013,mln.people,Passengers transported by all means of transport,Pavlodar,KZPAV,1194.6
2013,mln.people,Passengers transported by all means of transport,Soltustik Kazakhstan,KZSEV,492.8
2013,mln.people,Passengers transported by all means of transport,Shygys Kazakhstan,KZVOS,1606.7
2013,mln.people,Passengers transported by all means of transport,Astana city,KZNS,1961.0
2013,mln.people,Passengers transported by all means of transport,Almaty city,KZALA,4235.1
2013,tons,transported by air,,,23873.5
2013,tons,transported by air,Batys Kazakhstan,KZZAP,227.2
2013,tons,transported by air,Shygys Kazakhstan,KZVOS,1062.0
2013,tons,transported by air,Almaty city,KZALA,22584.3
2013,thousand people,passengers transported by air,,,4985.6
2013,thousand people,passengers transported by air,Almaty,KZALM,25.5
2013,thousand people,passengers transported by air,Karagandy,KZKAR,10.0
2013,thousand people,passengers transported by air,Batys Kazakhstan,KZZAP,140.1
2013,thousand people,passengers transported by air,Ontustik Kazakhstan,KZONT,1109.6
2013,thousand people,passengers transported by air,Almaty city,KZALA,1.3
2013,thousand people,passengers transported by air,Shymkent city,KZSHY,3699.1
2013,millions tonnes,performance indicators of pipeline transport,,,225.9
2013,millions tonnes,performance indicators of pipeline transport,Atyrau,KZATY,68.7
2013,millions tonnes,performance indicators of pipeline transport,Pavlodar,KZPAV,32.5
2013,millions tonnes,_L_KZ_090102_1R,,,4.0
2013,millions tonnes,_L_KZ_090102_1R,Mangistau,KZMAN,4.0
2014,millions tonnes,Cargo transported by all means of transport,,,3749.8
2014,millions tonnes,Pipeline,,,225.0
2014,millions tonnes,Railway,,,390.7
2014,millions tonnes,Automobile,,,3129.1
2014,millions tonnes,Air,,,0.2
2014,millions tonnes,Inland water еransport,,,1.3
2014,millions tonnes,nautical,,,3.6
2014,millions tonnes,,Akmola,KZAKM,121.3
2014,millions tonnes,,Aktobe,KZAKT,63.6
2014,millions tonnes,,Almaty,KZALM,159.9
2014,millions tonnes,,Atyrau,KZATY,151.2
2014,millions tonnes,,Batys Kazakhstan,KZZAP,40.0
2014,millions tonnes,,Zhambyl,KZZHA,88.9
2014,millions tonnes,,Karagandy,KZKAR,719.2
2014,millions tonnes,,Kostanay,KZKUS,297.3
2014,millions tonnes,,Kyzylorda,KZKZY,107.2
2014,millions tonnes,,Mangistau,KZMAN,217.6
2014,millions tonnes,,Ontustik Kazakhstan,KZONT,145.4
2014,millions tonnes,,Pavlodar,KZPAV,128.1
2014,millions tonnes,,Soltustik Kazakhstan,KZSEV,49.9
2014,millions tonnes,,Shygys Kazakhstan,KZVOS,595.5
2014,millions tonnes,,Astana city,KZNS,136.7
2014,millions tonnes,,Almaty city,KZALA,216.8
2014,mln.people,Passengers transported by all means of transport,,,21281.2
2014,mln.people,Railway transport,,,23.2
2014,mln.people,Automobile,,,21189.9
2014,mln.people,Inland water еransport,,,0.1
2014,mln.people,Air,,,5.4
2014,mln.people,City electric transport,,,62.5
2014,mln.people,,Akmola,KZAKM,1723.9
2014,mln.people,,Aktobe,KZAKT,251.0
2014,mln.people,,Almaty,KZALM,654.3
2014,mln.people,,Atyrau,KZATY,172.1
2014,mln.people,,Batys Kazakhstan,KZZAP,428.3
2014,mln.people,,Zhambyl,KZZHA,882.5
2014,mln.people,,Karagandy,KZKAR,2428.7
2014,mln.people,,Kostanay,KZKUS,1752.0
2014,mln.people,,Kyzylorda,KZKZY,282.1
2014,mln.people,,Mangistau,KZMAN,85.5
2014,mln.people,,Ontustik Kazakhstan,KZONT,2262.5
2014,mln.people,,Pavlodar,KZPAV,1195.6
2014,mln.people,,Soltustik Kazakhstan,KZSEV,496.1
2014,mln.people,,Shygys Kazakhstan,KZVOS,1654.2
2014,mln.people,,Astana city,KZNS,2180.3
2014,mln.people,,Almaty city,KZALA,4808.6
2014,millions tonnes,_L_KZ_090102_1J,,,3129.1
2014,millions tonnes,_L_KZ_090102_1J,Akmola,KZAKM,121.3
2014,millions tonnes,_L_KZ_090102_1J,Aktobe,KZAKT,63.6
2014,millions tonnes,_L_KZ_090102_1J,Almaty,KZALM,159.9
2014,millions tonnes,_L_KZ_090102_1J,Atyrau,KZATY,82.1
2014,millions tonnes,_L_KZ_090102_1J,Batys Kazakhstan,KZZAP,39.9
2014,millions tonnes,_L_KZ_090102_1J,Zhambyl,KZZHA,88.9
2014,millions tonnes,_L_KZ_090102_1J,Karagandy,KZKAR,719.2
2014,millions tonnes,_L_KZ_090102_1J,Kostanay,KZKUS,297.3
2014,millions tonnes,_L_KZ_090102_1J,Kyzylorda,KZKZY,107.2
2014,millions tonnes,_L_KZ_090102_1J,Mangistau,KZMAN,214.0
2014,millions tonnes,_L_KZ_090102_1J,Ontustik Kazakhstan,KZONT,145.4
2014,millions tonnes,_L_KZ_090102_1J,Pavlodar,KZPAV,91.8
2014,millions tonnes,_L_KZ_090102_1J,Soltustik Kazakhstan,KZSEV,49.9
2014,millions tonnes,_L_KZ_090102_1J,Shygys Kazakhstan,KZVOS,595.1
2014,millions tonnes,_L_KZ_090102_1J,Astana city,KZNS,136.7
2014,millions tonnes,_L_KZ_090102_1J,Almaty city,KZALA,216.8
2014,mln.people,Passengers transported by all means of transport,,,21252.4
2014,mln.people,Passengers transported by all means of transport,Akmola,KZAKM,1723.9
2014,mln.people,Passengers transported by all means of transport,Aktobe,KZAKT,251.0
2014,mln.people,Passengers transported by all means of transport,Almaty,KZALM,654.3
2014,mln.people,Passengers transported by all means of transport,Atyrau,KZATY,172.1
2014,mln.people,Passengers transported by all means of transport,Batys Kazakhstan,KZZAP,427.9
2014,mln.people,Passengers transported by all means of transport,Zhambyl,KZZHA,882.5
2014,mln.people,Passengers transported by all means of transport,Karagandy,KZKAR,2428.7
2014,mln.people,Passengers transported by all means of transport,Kostanay,KZKUS,1752.0
2014,mln.people,Passengers transported by all means of transport,Kyzylorda,KZKZY,282.1
2014,mln.people,Passengers transported by all means of transport,Mangistau,KZMAN,85.5
2014,mln.people,Passengers transported by all means of transport,Ontustik Kazakhstan,KZONT,2261.3
2014,mln.people,Passengers transported by all means of transport,Pavlodar,KZPAV,1195.6
2014,mln.people,Passengers transported by all means of transport,Soltustik Kazakhstan,KZSEV,496.1
2014,mln.people,Passengers transported by all means of transport,Shygys Kazakhstan,KZVOS,1654.2
2014,mln.people,Passengers transported by all means of transport,Astana city,KZNS,2180.3
2014,mln.people,Passengers transported by all means of transport,Almaty city,KZALA,4804.8
2014,tons,transported by air,,,19082.4
2014,tons,transported by air,Batys Kazakhstan,KZZAP,239.4
2014,tons,transported by air,Shygys Kazakhstan,KZVOS,978.0
2014,tons,transported by air,Almaty city,KZALA,17865.0
2014,thousand people,passengers transported by air,,,5434.6
2014,thousand people,passengers transported by air,Almaty,KZALM,28.5
2014,thousand people,passengers transported by air,Karagandy,KZKAR,8.5
2014,thousand people,passengers transported by air,Batys Kazakhstan,KZZAP,354.7
2014,thousand people,passengers transported by air,Ontustik Kazakhstan,KZONT,1254.7
2014,thousand people,passengers transported by air,Almaty city,KZALA,1.4
2014,thousand people,passengers transported by air,Shymkent city,KZSHY,3786.8
2014,millions tonnes,performance indicators of pipeline transport,,,225.0
2014,millions tonnes,performance indicators of pipeline transport,Atyrau,KZATY,69.0
2014,millions tonnes,performance indicators of pipeline transport,Pavlodar,KZPAV,35.4
2014,millions tonnes,_L_KZ_090102_1R,,,3.6
2014,millions tonnes,_L_KZ_090102_1R,Mangistau,KZMAN,3.6
2015,millions tonnes,Cargo transported by all means of transport,,,3733.8
2015,millions tonnes,Pipeline,,,214.6
2015,millions tonnes,Railway,,,341.4
2015,millions tonnes,Automobile,,,3174.0
2015,millions tonnes,Air,,,0.2
2015,millions tonnes,Inland water еransport,,,1.2
2015,millions tonnes,nautical,,,2.5
2015,millions tonnes,,Akmola,KZAKM,120.3
2015,millions tonnes,,Aktobe,KZAKT,70.1
2015,millions tonnes,,Almaty,KZALM,167.2
2015,millions tonnes,,Atyrau,KZATY,144.4
2015,millions tonnes,,Batys Kazakhstan,KZZAP,39.5
2015,millions tonnes,,Zhambyl,KZZHA,91.3
2015,millions tonnes,,Karagandy,KZKAR,709.9
2015,millions tonnes,,Kostanay,KZKUS,294.9
2015,millions tonnes,,Kyzylorda,KZKZY,108.7
2015,millions tonnes,,Mangistau,KZMAN,227.8
2015,millions tonnes,,Ontustik Kazakhstan,KZONT,155.0
2015,millions tonnes,,Pavlodar,KZPAV,127.9
2015,millions tonnes,,Soltustik Kazakhstan,KZSEV,49.7
2015,millions tonnes,,Shygys Kazakhstan,KZVOS,598.8
2015,millions tonnes,,Astana city,KZNS,142.5
2015,millions tonnes,,Almaty city,KZALA,232.1
2015,mln.people,Passengers transported by all means of transport,,,21839.1
2015,mln.people,Railway transport,,,22.5
2015,mln.people,Automobile,,,21744.7
2015,mln.people,Inland water еransport,,,0.0
2015,mln.people,Air,,,5.9
2015,mln.people,City electric transport,,,65.9
2015,mln.people,,Akmola,KZAKM,1729.5
2015,mln.people,,Aktobe,KZAKT,264.7
2015,mln.people,,Almaty,KZALM,706.7
2015,mln.people,,Atyrau,KZATY,172.0
2015,mln.people,,Batys Kazakhstan,KZZAP,436.3
2015,mln.people,,Zhambyl,KZZHA,929.5
2015,mln.people,,Karagandy,KZKAR,2421.2
2015,mln.people,,Kostanay,KZKUS,1745.2
2015,mln.people,,Kyzylorda,KZKZY,298.1
2015,mln.people,,Mangistau,KZMAN,85.3
2015,mln.people,,Ontustik Kazakhstan,KZONT,2347.4
2015,mln.people,,Pavlodar,KZPAV,1240.8
2015,mln.people,,Soltustik Kazakhstan,KZSEV,495.2
2015,mln.people,,Shygys Kazakhstan,KZVOS,1681.0
2015,mln.people,,Astana city,KZNS,2279.0
2015,mln.people,,Almaty city,KZALA,4984.8
2015,millions tonnes,_L_KZ_090102_1J,,,3174.0
2015,millions tonnes,_L_KZ_090102_1J,Akmola,KZAKM,120.3
2015,millions tonnes,_L_KZ_090102_1J,Aktobe,KZAKT,70.1
2015,millions tonnes,_L_KZ_090102_1J,Almaty,KZALM,167.2
2015,millions tonnes,_L_KZ_090102_1J,Atyrau,KZATY,75.7
2015,millions tonnes,_L_KZ_090102_1J,Batys Kazakhstan,KZZAP,39.5
2015,millions tonnes,_L_KZ_090102_1J,Zhambyl,KZZHA,91.3
2015,millions tonnes,_L_KZ_090102_1J,Karagandy,KZKAR,709.9
2015,millions tonnes,_L_KZ_090102_1J,Kostanay,KZKUS,294.9
2015,millions tonnes,_L_KZ_090102_1J,Kyzylorda,KZKZY,108.7
2015,millions tonnes,_L_KZ_090102_1J,Mangistau,KZMAN,225.3
2015,millions tonnes,_L_KZ_090102_1J,Ontustik Kazakhstan,KZONT,155.0
2015,millions tonnes,_L_KZ_090102_1J,Pavlodar,KZPAV,93.6
2015,millions tonnes,_L_KZ_090102_1J,Soltustik Kazakhstan,KZSEV,49.7
2015,millions tonnes,_L_KZ_090102_1J,Shygys Kazakhstan,KZVOS,598.3
2015,millions tonnes,_L_KZ_090102_1J,Astana city,KZNS,142.5
2015,millions tonnes,_L_KZ_090102_1J,Almaty city,KZALA,232.1
2015,mln.people,Passengers transported by all means of transport,,,21810.7
2015,mln.people,Passengers transported by all means of transport,Akmola,KZAKM,1729.5
2015,mln.people,Passengers transported by all means of transport,Aktobe,KZAKT,264.7
2015,mln.people,Passengers transported by all means of transport,Almaty,KZALM,706.7
2015,mln.people,Passengers transported by all means of transport,Atyrau,KZATY,172.0
2015,mln.people,Passengers transported by all means of transport,Batys Kazakhstan,KZZAP,436.0
2015,mln.people,Passengers transported by all means of transport,Zhambyl,KZZHA,929.5
2015,mln.people,Passengers transported by all means of transport,Karagandy,KZKAR,2421.2
2015,mln.people,Passengers transported by all means of transport,Kostanay,KZKUS,1745.2
2015,mln.people,Passengers transported by all means of transport,Kyzylorda,KZKZY,298.1
2015,mln.people,Passengers transported by all means of transport,Mangistau,KZMAN,85.3
2015,mln.people,Passengers transported by all means of transport,Ontustik Kazakhstan,KZONT,2346.1
2015,mln.people,Passengers transported by all means of transport,Pavlodar,KZPAV,1240.8
2015,mln.people,Passengers transported by all means of transport,Soltustik Kazakhstan,KZSEV,495.2
2015,mln.people,Passengers transported by all means of transport,Shygys Kazakhstan,KZVOS,1681.0
2015,mln.people,Passengers transported by all means of transport,Astana city,KZNS,2279.0
2015,mln.people,Passengers transported by all means of transport,Almaty city,KZALA,4980.4
2015,tons,transported by air,,,17178.2
2015,tons,transported by air,Batys Kazakhstan,KZZAP,131.0
2015,tons,transported by air,Almaty city,KZALA,15956.2
2015,thousand people,passengers transported by air,,,5922.8
2015,thousand people,passengers transported by air,Almaty,KZALM,25.2
2015,thousand people,passengers transported by air,Atyrau,KZATY,4.3
2015,thousand people,passengers transported by air,Batys Kazakhstan,KZZAP,332.4
2015,thousand people,passengers transported by air,Ontustik Kazakhstan,KZONT,1224.7
2015,thousand people,passengers transported by air,Almaty city,KZALA,5.2
2015,thousand people,passengers transported by air,Shymkent city,KZSHY,4324.4
2015,millions tonnes,performance indicators of pipeline transport,,,214.6
2015,millions tonnes,performance indicators of pipeline transport,Atyrau,KZATY,68.6
2015,millions tonnes,_L_KZ_090102_1R,,,2.5
2015,millions tonnes,_L_KZ_090102_1R,Mangistau,KZMAN,2.5
2016,millions tonnes,Cargo transported by all means of transport,,,3729.2
2016,millions tonnes,Pipeline,,,205.8
2016,millions tonnes,Railway,,,338.9
2016,millions tonnes,Automobile,,,3180.7
2016,millions tonnes,Air,,,0.2
2016,millions tonnes,Inland water еransport,,,1.2
2016,millions tonnes,nautical,,,2.6
2016,millions tonnes,,Akmola,KZAKM,113.1
2016,millions tonnes,,Aktobe,KZAKT,76.3
2016,millions tonnes,,Almaty,KZALM,179.0
2016,millions tonnes,,Atyrau,KZATY,145.1
2016,millions tonnes,,Batys Kazakhstan,KZZAP,39.4
2016,millions tonnes,,Zhambyl,KZZHA,91.3
2016,millions tonnes,,Karagandy,KZKAR,727.5
2016,millions tonnes,,Kostanay,KZKUS,277.3
2016,millions tonnes,,Kyzylorda,KZKZY,104.3
2016,millions tonnes,,Mangistau,KZMAN,218.9
2016,millions tonnes,,Ontustik Kazakhstan,KZONT,158.7
2016,millions tonnes,,Pavlodar,KZPAV,131.5
2016,millions tonnes,,Soltustik Kazakhstan,KZSEV,48.2
2016,millions tonnes,,Shygys Kazakhstan,KZVOS,582.4
2016,millions tonnes,,Astana city,KZNS,142.6
2016,millions tonnes,,Almaty city,KZALA,252.3
2016,mln.people,Passengers transported by all means of transport,,,22332.8
2016,mln.people,Railway transport,,,23.1
2016,mln.people,Automobile,,,22239.4
2016,mln.people,Inland water еransport,,,0.1
2016,mln.people,Air,,,6.0
2016,mln.people,City electric transport,,,64.2
2016,mln.people,,Akmola,KZAKM,1700.1
2016,mln.people,,Aktobe,KZAKT,278.4
2016,mln.people,,Almaty,KZALM,808.3
2016,mln.people,,Atyrau,KZATY,181.0
2016,mln.people,,Batys Kazakhstan,KZZAP,434.3
2016,mln.people,,Zhambyl,KZZHA,957.3
2016,mln.people,,Karagandy,KZKAR,2418.1
2016,mln.people,,Kostanay,KZKUS,1751.7
2016,mln.people,,Kyzylorda,KZKZY,335.5
2016,mln.people,,Mangistau,KZMAN,84.8
2016,mln.people,,Ontustik Kazakhstan,KZONT,2478.5
2016,mln.people,,Pavlodar,KZPAV,1244.5
2016,mln.people,,Soltustik Kazakhstan,KZSEV,506.8
2016,mln.people,,Shygys Kazakhstan,KZVOS,1705.2
2016,mln.people,,Astana city,KZNS,2441.1
2016,mln.people,,Almaty city,KZALA,4984.2
2016,millions tonnes,_L_KZ_090102_1J,,,3180.7
2016,millions tonnes,_L_KZ_090102_1J,Akmola,KZAKM,113.1
2016,millions tonnes,_L_KZ_090102_1J,Aktobe,KZAKT,76.3
2016,millions tonnes,_L_KZ_090102_1J,Almaty,KZALM,179.0
2016,millions tonnes,_L_KZ_090102_1J,Atyrau,KZATY,75.0
2016,millions tonnes,_L_KZ_090102_1J,Batys Kazakhstan,KZZAP,39.4
2016,millions tonnes,_L_KZ_090102_1J,Zhambyl,KZZHA,91.3
2016,millions tonnes,_L_KZ_090102_1J,Karagandy,KZKAR,727.5
2016,millions tonnes,_L_KZ_090102_1J,Kostanay,KZKUS,277.3
2016,millions tonnes,_L_KZ_090102_1J,Kyzylorda,KZKZY,104.3
2016,millions tonnes,_L_KZ_090102_1J,Mangistau,KZMAN,216.4
2016,millions tonnes,_L_KZ_090102_1J,Ontustik Kazakhstan,KZONT,158.7
2016,millions tonnes,_L_KZ_090102_1J,Pavlodar,KZPAV,97.7
2016,millions tonnes,_L_KZ_090102_1J,Soltustik Kazakhstan,KZSEV,48.2
2016,millions tonnes,_L_KZ_090102_1J,Shygys Kazakhstan,KZVOS,581.9
2016,millions tonnes,_L_KZ_090102_1J,Astana city,KZNS,142.6
2016,millions tonnes,_L_KZ_090102_1J,Almaty city,KZALA,252.2
2016,mln.people,Passengers transported by all means of transport,,,22303.6
2016,mln.people,Passengers transported by all means of transport,Akmola,KZAKM,1700.1
2016,mln.people,Passengers transported by all means of transport,Aktobe,KZAKT,278.4
2016,mln.people,Passengers transported by all means of transport,Almaty,KZALM,808.3
2016,mln.people,Passengers transported by all means of transport,Atyrau,KZATY,181.0
2016,mln.people,Passengers transported by all means of transport,Batys Kazakhstan,KZZAP,433.6
2016,mln.people,Passengers transported by all means of transport,Zhambyl,KZZHA,957.3
2016,mln.people,Passengers transported by all means of transport,Karagandy,KZKAR,2418.1
2016,mln.people,Passengers transported by all means of transport,Kostanay,KZKUS,1751.7
2016,mln.people,Passengers transported by all means of transport,Kyzylorda,KZKZY,335.5
2016,mln.people,Passengers transported by all means of transport,Mangistau,KZMAN,84.8
2016,mln.people,Passengers transported by all means of transport,Ontustik Kazakhstan,KZONT,2477.2
2016,mln.people,Passengers transported by all means of transport,Pavlodar,KZPAV,1244.4
2016,mln.people,Passengers transported by all means of transport,Soltustik Kazakhstan,KZSEV,506.8
2016,mln.people,Passengers transported by all means of transport,Shygys Kazakhstan,KZVOS,1705.1
2016,mln.people,Passengers transported by all means of transport,Astana city,KZNS,2441.0
2016,mln.people,Passengers transported by all means of transport,Almaty city,KZALA,4980.3
2016,tons,transported by air,,,18015.9
2016,tons,transported by air,Almaty city,KZALA,16810.9
2016,thousand people,passengers transported by air,,,6021.7
2016,thousand people,passengers transported by air,Almaty,KZALM,16.2
2016,thousand people,passengers transported by air,Atyrau,KZATY,0.1
2016,thousand people,passengers transported by air,Ontustik Kazakhstan,KZONT,1288.9
2016,thousand people,passengers transported by air,Almaty city,KZALA,34.6
2016,thousand people,passengers transported by air,Shymkent city,KZSHY,3945.5
2016,millions tonnes,performance indicators of pipeline transport,,,205.8
2016,millions tonnes,performance indicators of pipeline transport,Atyrau,KZATY,70.1
2016,millions tonnes,_L_KZ_090102_1R,,,2.6
2016,millions tonnes,_L_KZ_090102_1R,Mangistau,KZMAN,2.6
2017,millions tonnes,Cargo transported by all means of transport,,,3946.1
2017,millions tonnes,Pipeline,,,232.8
2017,millions tonnes,Railway,,,387.2
2017,millions tonnes,Automobile,,,3322.3
2017,millions tonnes,Air,,,0.2
2017,millions tonnes,Inland water еransport,,,1.6
2017,millions tonnes,nautical,,,2.1
2017,millions tonnes,,Akmola,KZAKM,116.1
2017,millions tonnes,,Aktobe,KZAKT,76.8
2017,millions tonnes,,Almaty,KZALM,181.1
2017,millions tonnes,,Atyrau,KZATY,154.2
2017,millions tonnes,,Batys Kazakhstan,KZZAP,39.3
2017,millions tonnes,,Zhambyl,KZZHA,100.1
2017,millions tonnes,,Karagandy,KZKAR,795.5
2017,millions tonnes,,Kostanay,KZKUS,291.5
2017,millions tonnes,,Kyzylorda,KZKZY,104.6
2017,millions tonnes,,Mangistau,KZMAN,238.6
2017,millions tonnes,,Pavlodar,KZPAV,133.1
2017,millions tonnes,,Soltustik Kazakhstan,KZSEV,51.4
2017,millions tonnes,,Shygys Kazakhstan,KZVOS,600.8
2017,millions tonnes,,Almaty city,KZALA,256.0
2017,mln.people,Passengers transported by all means of transport,,,22744.7
2017,mln.people,Railway transport,,,22.9
2017,mln.people,Automobile,,,22643.6
2017,mln.people,Inland water еransport,,,0.1
2017,mln.people,Air,,,7.4
2017,mln.people,City electric transport,,,70.6
2017,mln.people,,Akmola,KZAKM,1643.9
2017,mln.people,,Aktobe,KZAKT,294.7
2017,mln.people,,Almaty,KZALM,873.0
2017,mln.people,,Batys Kazakhstan,KZZAP,451.5
2017,mln.people,,Zhambyl,KZZHA,957.3
2017,mln.people,,Kostanay,KZKUS,1796.6
2017,mln.people,,Kyzylorda,KZKZY,367.5
2017,mln.people,,Mangistau,KZMAN,88.8
2017,mln.people,,Ontustik Kazakhstan,KZONT,2607.6
2017,mln.people,,Pavlodar,KZPAV,1225.0
2017,mln.people,,Soltustik Kazakhstan,KZSEV,501.6
2017,mln.people,,Shygys Kazakhstan,KZVOS,1709.2
2017,mln.people,,Almaty city,KZALA,5097.2
2017,millions tonnes,_L_KZ_090102_1J,,,3322.3
2017,millions tonnes,_L_KZ_090102_1J,Akmola,KZAKM,116.1
2017,millions tonnes,_L_KZ_090102_1J,Aktobe,KZAKT,76.8
2017,millions tonnes,_L_KZ_090102_1J,Almaty,KZALM,181.1
2017,millions tonnes,_L_KZ_090102_1J,Atyrau,KZATY,75.9
2017,millions tonnes,_L_KZ_090102_1J,Batys Kazakhstan,KZZAP,39.3
2017,millions tonnes,_L_KZ_090102_1J,Zhambyl,KZZHA,100.1
2017,millions tonnes,_L_KZ_090102_1J,Karagandy,KZKAR,795.5
2017,millions tonnes,_L_KZ_090102_1J,Kostanay,KZKUS,291.5
2017,millions tonnes,_L_KZ_090102_1J,Kyzylorda,KZKZY,104.6
2017,millions tonnes,_L_KZ_090102_1J,Mangistau,KZMAN,236.5
2017,millions tonnes,_L_KZ_090102_1J,Pavlodar,KZPAV,88.6
2017,millions tonnes,_L_KZ_090102_1J,Soltustik Kazakhstan,KZSEV,51.4
2017,millions tonnes,_L_KZ_090102_1J,Shygys Kazakhstan,KZVOS,600.2
2017,millions tonnes,_L_KZ_090102_1J,Almaty city,KZALA,254.5
2017,mln.people,Passengers transported by all means of transport,,,22690.3
2017,mln.people,Passengers transported by all means of transport,Akmola,KZAKM,1643.9
2017,mln.people,Passengers transported by all means of transport,Aktobe,KZAKT,294.7
2017,mln.people,Passengers transported by all means of transport,Almaty,KZALM,872.6
2017,mln.people,Passengers transported by all means of transport,Atyrau,KZATY,181.0
2017,mln.people,Passengers transported by all means of transport,Batys Kazakhstan,KZZAP,421.7
2017,mln.people,Passengers transported by all means of transport,Zhambyl,KZZHA,957.9
2017,mln.people,Passengers transported by all means of transport,Karagandy,KZKAR,2397.7
2017,mln.people,Passengers transported by all means of transport,Kostanay,KZKUS,1796.5
2017,mln.people,Passengers transported by all means of transport,Kyzylorda,KZKZY,367.5
2017,mln.people,Passengers transported by all means of transport,Mangistau,KZMAN,88.8
2017,mln.people,Passengers transported by all means of transport,Ontustik Kazakhstan,KZONT,2605.6
2017,mln.people,Passengers transported by all means of transport,Pavlodar,KZPAV,1225.0
2017,mln.people,Passengers transported by all means of transport,Soltustik Kazakhstan,KZSEV,501.6
2017,mln.people,Passengers transported by all means of transport,Shygys Kazakhstan,KZVOS,1708.8
2017,mln.people,Passengers transported by all means of transport,Astana city,KZNS,2528.4
2017,mln.people,Passengers transported by all means of transport,Almaty city,KZALA,5098.6
2017,tons,transported by air,,,22449.9
2017,tons,transported by air,Almaty city,KZALA,20345.2
2017,thousand people,passengers transported by air,,,7363.7
2017,thousand people,passengers transported by air,Almaty,KZALM,10.6
2017,thousand people,passengers transported by air,Atyrau,KZATY,0.2
2017,thousand people,passengers transported by air,Ontustik Kazakhstan,KZONT,1931.8
2017,thousand people,passengers transported by air,Almaty city,KZALA,33.2
2017,thousand people,passengers transported by air,Shymkent city,KZSHY,4467.0
2017,millions tonnes,performance indicators of pipeline transport,,,232.8
2017,millions tonnes,performance indicators of pipeline transport,Atyrau,KZATY,78.3
2017,millions tonnes,performance indicators of pipeline transport,Pavlodar,KZPAV,43.5
2017,millions tonnes,_L_KZ_090102_1R,,,2.1
2017,millions tonnes,_L_KZ_090102_1R,Mangistau,KZMAN,2.1
2018,millions tonnes,Cargo transported by all means of transport,,,4103.8
2018,millions tonnes,Pipeline,,,281.4
2018,millions tonnes,Railway,,,397.9
2018,millions tonnes,Air,,,0.0
2018,millions tonnes,Inland water еransport,,,1.2
2018,millions tonnes,,Akmola,KZAKM,126.5
2018,millions tonnes,,Aktobe,KZAKT,79.1
2018,millions tonnes,,Almaty,KZALM,184.6
2018,millions tonnes,,Atyrau,KZATY,174.3
2018,millions tonnes,,Zhambyl,KZZHA,103.9
2018,millions tonnes,,Karagandy,KZKAR,821.2
2018,millions tonnes,,Kostanay,KZKUS,297.1
2018,millions tonnes,,Kyzylorda,KZKZY,104.7
2018,millions tonnes,,Mangistau,KZMAN,238.5
2018,millions tonnes,,Pavlodar,KZPAV,142.2
2018,millions tonnes,,Soltustik Kazakhstan,KZSEV,51.5
2018,millions tonnes,,Turkistan,KZYUZ,71.0
2018,millions tonnes,,Shygys Kazakhstan,KZVOS,631.5
2018,millions tonnes,,Astana city,KZNS,154.2
2018,millions tonnes,,Almaty city,KZALA,247.0
2018,mln.people,Passengers transported by all means of transport,,,23021.6
2018,mln.people,Railway transport,,,23.1
2018,mln.people,Automobile,,,22911.5
2018,mln.people,Air,,,7.6
2018,mln.people,City electric transport,,,69.7
2018,mln.people,,Aktobe,KZAKT,304.3
2018,mln.people,,Zhambyl,KZZHA,987.4
2018,mln.people,,Kostanay,KZKUS,1805.6
2018,mln.people,,Kyzylorda,KZKZY,397.4
2018,mln.people,,Soltustik Kazakhstan,KZSEV,507.4
2018,mln.people,,Turkistan,KZYUZ,820.6
2018,mln.people,,Almaty city,KZALA,5202.2
2018,mln.people,,Shymkent city,KZSHY,1808.1
2018,millions tonnes,_L_KZ_090102_1J,Akmola,KZAKM,126.5
2018,millions tonnes,_L_KZ_090102_1J,Aktobe,KZAKT,79.1
2018,millions tonnes,_L_KZ_090102_1J,Almaty,KZALM,184.6
2018,millions tonnes,_L_KZ_090102_1J,Batys Kazakhstan,KZZAP,39.5
2018,millions tonnes,_L_KZ_090102_1J,Zhambyl,KZZHA,103.9
2018,millions tonnes,_L_KZ_090102_1J,Karagandy,KZKAR,821.2
2018,millions tonnes,_L_KZ_090102_1J,Kostanay,KZKUS,297.1
2018,millions tonnes,_L_KZ_090102_1J,Kyzylorda,KZKZY,104.7
2018,millions tonnes,_L_KZ_090102_1J,Soltustik Kazakhstan,KZSEV,51.5
2018,millions tonnes,_L_KZ_090102_1J,Turkistan,KZYUZ,71.0
2018,millions tonnes,_L_KZ_090102_1J,Shygys Kazakhstan,KZVOS,631.1
2018,millions tonnes,_L_KZ_090102_1J,Astana city,KZNS,154.2
2018,millions tonnes,_L_KZ_090102_1J,Almaty city,KZALA,247.0
2018,mln.people,Passengers transported by all means of transport,,,22982.2
2018,mln.people,Passengers transported by all means of transport,Aktobe,KZAKT,304.3
2018,mln.people,Passengers transported by all means of transport,Zhambyl,KZZHA,987.4
2018,mln.people,Passengers transported by all means of transport,Kostanay,KZKUS,1805.6
2018,mln.people,Passengers transported by all means of transport,Kyzylorda,KZKZY,397.4
2018,mln.people,Passengers transported by all means of transport,Soltustik Kazakhstan,KZSEV,507.4
2018,mln.people,Passengers transported by all means of transport,Turkistan,KZYUZ,820.6
2018,mln.people,Passengers transported by all means of transport,Almaty city,KZALA,5197.8
2018,mln.people,Passengers transported by all means of transport,Shymkent city,KZSHY,1805.9
2018,tons,transported by air,,,44140.0
2018,tons,transported by air,Almaty city,KZALA,40560.0
2018,thousand people,passengers transported by air,,,7555.6
2018,thousand people,passengers transported by air,Almaty city,KZALA,33.4
2018,thousand people,passengers transported by air,Shymkent city,KZSHY,4380.2
2018,millions tonnes,performance indicators of pipeline transport,,,281.4
2019,millions tonnes,Cargo transported by all means of transport,,,4222.7
2019,millions tonnes,Pipeline,,,273.0
2019,millions tonnes,Railway,,,397.0
2019,millions tonnes,Automobile,,,3550.5
2019,millions tonnes,Air,,,0.0
2019,millions tonnes,Inland water еransport,,,1.3
2019,millions tonnes,nautical,,,0.8
2019,millions tonnes,,Akmola,KZAKM,130.0
2019,millions tonnes,,Aktobe,KZAKT,83.0
2019,millions tonnes,,Almaty,KZALM,197.1
2019,millions tonnes,,Atyrau,KZATY,175.7
2019,millions tonnes,,Batys Kazakhstan,KZZAP,40.0
2019,millions tonnes,,Zhambyl,KZZHA,103.4
2019,millions tonnes,,Karagandy,KZKAR,864.6
2019,millions tonnes,,Kostanay,KZKUS,320.1
2019,millions tonnes,,Kyzylorda,KZKZY,107.0
2019,millions tonnes,,Mangistau,KZMAN,233.0
2019,millions tonnes,,Pavlodar,KZPAV,133.8
2019,millions tonnes,,Soltustik Kazakhstan,KZSEV,52.3
2019,millions tonnes,,Turkistan,KZYUZ,86.0
2019,millions tonnes,,Shygys Kazakhstan,KZVOS,661.5
2019,millions tonnes,,Astana city,KZNS,155.1
2019,millions tonnes,,Almaty city,KZALA,257.5
2019,millions tonnes,,Shymkent city,KZSHY,111.2
2019,mln.people,Passengers transported by all means of transport,,,23835.9
2019,mln.people,Railway transport,,,22.4
2019,mln.people,Automobile,,,23719.2
2019,mln.people,Inland water еransport,,,0.0
2019,mln.people,nautical,,,0.1
2019,mln.people,Air,,,8.6
2019,mln.people,City electric transport,,,85.5
2019,mln.people,,Akmola,KZAKM,1744.9
2019,mln.people,,Aktobe,KZAKT,319.5
2019,mln.people,,Almaty,KZALM,937.9
2019,mln.people,,Atyrau,KZATY,195.2
2019,mln.people,,Batys Kazakhstan,KZZAP,429.4
2019,mln.people,,Zhambyl,KZZHA,1056.3
2019,mln.people,,Karagandy,KZKAR,2474.0
2019,mln.people,,Kostanay,KZKUS,1868.6
2019,mln.people,,Kyzylorda,KZKZY,405.8
2019,mln.people,,Mangistau,KZMAN,90.4
2019,mln.people,,Pavlodar,KZPAV,1237.7
2019,mln.people,,Soltustik Kazakhstan,KZSEV,508.7
2019,mln.people,,Turkistan,KZYUZ,997.9
2019,mln.people,,Shygys Kazakhstan,KZVOS,1716.3
2019,mln.people,,Astana city,KZNS,2574.2
2019,mln.people,,Almaty city,KZALA,5588.9
2019,mln.people,,Shymkent city,KZSHY,1667.6
2019,millions tonnes,_L_KZ_090102_1J,,,3550.5
2019,millions tonnes,_L_KZ_090102_1J,Akmola,KZAKM,130.0
2019,millions tonnes,_L_KZ_090102_1J,Aktobe,KZAKT,83.0
2019,millions tonnes,_L_KZ_090102_1J,Almaty,KZALM,197.1
2019,millions tonnes,_L_KZ_090102_1J,Atyrau,KZATY,61.5
2019,millions tonnes,_L_KZ_090102_1J,Batys Kazakhstan,KZZAP,40.0
2019,millions tonnes,_L_KZ_090102_1J,Zhambyl,KZZHA,103.4
2019,millions tonnes,_L_KZ_090102_1J,Karagandy,KZKAR,864.6
2019,millions tonnes,_L_KZ_090102_1J,Kostanay,KZKUS,320.1
2019,millions tonnes,_L_KZ_090102_1J,Kyzylorda,KZKZY,107.0
2019,millions tonnes,_L_KZ_090102_1J,Mangistau,KZMAN,232.2
2019,millions tonnes,_L_KZ_090102_1J,Pavlodar,KZPAV,88.7
2019,millions tonnes,_L_KZ_090102_1J,Soltustik Kazakhstan,KZSEV,52.3
2019,millions tonnes,_L_KZ_090102_1J,Turkistan,KZYUZ,86.0
2019,millions tonnes,_L_KZ_090102_1J,Shygys Kazakhstan,KZVOS,660.9
2019,millions tonnes,_L_KZ_090102_1J,Astana city,KZNS,155.1
2019,millions tonnes,_L_KZ_090102_1J,Almaty city,KZALA,257.4
2019,millions tonnes,_L_KZ_090102_1J,Shymkent city,KZSHY,111.2
2019,mln.people,Passengers transported by all means of transport,,,23804.7
2019,mln.people,Passengers transported by all means of transport,Akmola,KZAKM,1744.9
2019,mln.people,Passengers transported by all means of transport,Aktobe,KZAKT,319.5
2019,mln.people,Passengers transported by all means of transport,Almaty,KZALM,937.8
2019,mln.people,Passengers transported by all means of transport,Atyrau,KZATY,195.2
2019,mln.people,Passengers transported by all means of transport,Batys Kazakhstan,KZZAP,428.7
2019,mln.people,Passengers transported by all means of transport,Zhambyl,KZZHA,1056.3
2019,mln.people,Passengers transported by all means of transport,Karagandy,KZKAR,2474.0
2019,mln.people,Passengers transported by all means of transport,Kostanay,KZKUS,1868.6
2019,mln.people,Passengers transported by all means of transport,Kyzylorda,KZKZY,405.8
2019,mln.people,Passengers transported by all means of transport,Mangistau,KZMAN,90.4
2019,mln.people,Passengers transported by all means of transport,Pavlodar,KZPAV,1237.7
2019,mln.people,Passengers transported by all means of transport,Soltustik Kazakhstan,KZSEV,508.7
2019,mln.people,Passengers transported by all means of transport,Turkistan,KZYUZ,997.9
2019,mln.people,Passengers transported by all means of transport,Shygys Kazakhstan,KZVOS,1716.3
2019,mln.people,Passengers transported by all means of transport,Astana city,KZNS,2574.1
2019,mln.people,Passengers transported by all means of transport,Almaty city,KZALA,5583.4
2019,mln.people,Passengers transported by all means of transport,Shymkent city,KZSHY,1665.2
2019,tons,transported by air,,,26721.1
2019,tons,transported by air,Almaty city,KZALA,22551.1
2019,thousand people,passengers transported by air,,,8644.9
2019,thousand people,passengers transported by air,Almaty,KZALM,12.7
2019,thousand people,passengers transported by air,Turkistan,KZYUZ,0.0
2019,thousand people,passengers transported by air,Shygys Kazakhstan,KZVOS,0.0
2019,thousand people,passengers transported by air,Shymkent city,KZSHY,5538.3
2019,millions tonnes,performance indicators of pipeline transport,,,273.0
2019,millions tonnes,performance indicators of pipeline transport,Atyrau,KZATY,114.2
2019,millions tonnes,_L_KZ_090102_1R,,,0.8
2019,millions tonnes,_L_KZ_090102_1R,Mangistau,KZMAN,0.8
2019,millions tonnes,_L_KZ_090102_1S,,,0.1
2019,millions tonnes,_L_KZ_090102_1S,Mangistau,KZMAN,0.1
2020,millions tonnes,Cargo transported by all means of transport,,,3944.8
2020,millions tonnes,Pipeline,,,253.7
2020,millions tonnes,Railway,,,402.3
2020,millions tonnes,Automobile,,,3287.0
2020,millions tonnes,Air,,,0.02
2020,millions tonnes,Inland water еransport,,,0.9
2020,millions tonnes,,Akmola,KZAKM,134.5
2020,millions tonnes,,Aktobe,KZAKT,89.6
2020,millions tonnes,,Almaty,KZALM,193.6
2020,millions tonnes,,Atyrau,KZATY,125.8
2020,millions tonnes,,Batys Kazakhstan,KZZAP,62.3
2020,millions tonnes,,Zhambyl,KZZHA,95.6
2020,millions tonnes,,Karagandy,KZKAR,749.0
2020,millions tonnes,,Kostanay,KZKUS,318.0
2020,millions tonnes,,Kyzylorda,KZKZY,87.8
2020,millions tonnes,,Mangistau,KZMAN,227.5
2020,millions tonnes,,Pavlodar,KZPAV,105.7
2020,millions tonnes,,Soltustik Kazakhstan,KZSEV,61.0
2020,millions tonnes,,Turkistan,KZYUZ,83.4
2020,millions tonnes,,Shygys Kazakhstan,KZVOS,646.7
2020,millions tonnes,,Astana city,KZNS,141.7
2020,millions tonnes,,Almaty city,KZALA,252.3
2020,millions tonnes,,Shymkent city,KZSHY,116.8
2020,mln.people,Passengers transported by all means of transport,,,8324.0
2020,mln.people,Railway transport,,,13.2
2020,mln.people,Automobile,,,8377.7
2020,mln.people,Inland water еransport,,,0.0397
2020,mln.people,nautical,,,0.04
2020,mln.people,Air,,,5.5
2020,mln.people,City electric transport,,,53.7
2020,mln.people,,Akmola,KZAKM,540.6
2020,mln.people,,Aktobe,KZAKT,115.5
2020,mln.people,,Almaty,KZALM,379.5
2020,mln.people,,Atyrau,KZATY,72.3
2020,mln.people,,Batys Kazakhstan,KZZAP,144.0
2020,mln.people,,Zhambyl,KZZHA,449.1
2020,mln.people,,Karagandy,KZKAR,896.4
2020,mln.people,,Kostanay,KZKUS,700.1
2020,mln.people,,Kyzylorda,KZKZY,118.3
2020,mln.people,,Mangistau,KZMAN,31.4
2020,mln.people,,Pavlodar,KZPAV,576.3
2020,mln.people,,Soltustik Kazakhstan,KZSEV,157.2
2020,mln.people,,Turkistan,KZYUZ,346.1
2020,mln.people,,Shygys Kazakhstan,KZVOS,722.7
2020,mln.people,,Astana city,KZNS,690.3
2020,mln.people,,Almaty city,KZALA,1949.8
2020,mln.people,,Shymkent city,KZSHY,495.5
2020,millions tonnes,_L_KZ_090102_1J,,,3287.0
2020,millions tonnes,_L_KZ_090102_1J,Akmola,KZAKM,134.5
2020,millions tonnes,_L_KZ_090102_1J,Aktobe,KZAKT,82.0
2020,millions tonnes,_L_KZ_090102_1J,Almaty,KZALM,191.8
2020,millions tonnes,_L_KZ_090102_1J,Atyrau,KZATY,42.7
2020,millions tonnes,_L_KZ_090102_1J,Batys Kazakhstan,KZZAP,33.1
2020,millions tonnes,_L_KZ_090102_1J,Zhambyl,KZZHA,94.3
2020,millions tonnes,_L_KZ_090102_1J,Karagandy,KZKAR,733.3
2020,millions tonnes,_L_KZ_090102_1J,Kostanay,KZKUS,308.2
2020,millions tonnes,_L_KZ_090102_1J,Kyzylorda,KZKZY,87.6
2020,millions tonnes,_L_KZ_090102_1J,Mangistau,KZMAN,207.8
2020,millions tonnes,_L_KZ_090102_1J,Pavlodar,KZPAV,94.0
2020,millions tonnes,_L_KZ_090102_1J,Soltustik Kazakhstan,KZSEV,50.0
2020,millions tonnes,_L_KZ_090102_1J,Turkistan,KZYUZ,75.9
2020,millions tonnes,_L_KZ_090102_1J,Shygys Kazakhstan,KZVOS,646.5
2020,millions tonnes,_L_KZ_090102_1J,Astana city,KZNS,141.7
2020,millions tonnes,_L_KZ_090102_1J,Almaty city,KZALA,252.3
2020,millions tonnes,_L_KZ_090102_1J,Shymkent city,KZSHY,111.6
2020,mln.people,Passengers transported by all means of transport,,,8377.7
2020,mln.people,Passengers transported by all means of transport,Akmola,KZAKM,540.6
2020,mln.people,Passengers transported by all means of transport,Aktobe,KZAKT,115.5
2020,mln.people,Passengers transported by all means of transport,Almaty,KZALM,379.4
2020,mln.people,Passengers transported by all means of transport,Atyrau,KZATY,72.3
2020,mln.people,Passengers transported by all means of transport,Batys Kazakhstan,KZZAP,143.9
2020,mln.people,Passengers transported by all means of transport,Zhambyl,KZZHA,449.1
2020,mln.people,Passengers transported by all means of transport,Karagandy,KZKAR,896.4
2020,mln.people,Passengers transported by all means of transport,Kostanay,KZKUS,700.1
2020,mln.people,Passengers transported by all means of transport,Kyzylorda,KZKZY,118.3
2020,mln.people,Passengers transported by all means of transport,Mangistau,KZMAN,31.4
2020,mln.people,Passengers transported by all means of transport,Pavlodar,KZPAV,576.3
2020,mln.people,Passengers transported by all means of transport,Soltustik Kazakhstan,KZSEV,157.2
2020,mln.people,Passengers transported by all means of transport,Turkistan,KZYUZ,346.1
2020,mln.people,Passengers transported by all means of transport,Shygys Kazakhstan,KZVOS,722.7
2020,mln.people,Passengers transported by all means of transport,Astana city,KZNS,688.2
2020,mln.people,Passengers transported by all means of transport,Almaty city,KZALA,1946.1
2020,mln.people,Passengers transported by all means of transport,Shymkent city,KZSHY,494.1
2020,tons,transported by air,,,23421.6
2020,tons,transported by air,Almaty city,KZALA,15819.7
2020,thousand people,passengers transported by air,,,5494.5
2020,thousand people,passengers transported by air,Almaty,KZALM,11.8
2020,thousand people,passengers transported by air,Turkistan,KZYUZ,0.0
2020,thousand people,passengers transported by air,Shygys Kazakhstan,KZVOS,0.0
2020,thousand people,passengers transported by air,Almaty city,KZALA,3712.5
2020,thousand people,passengers transported by air,Shymkent city,KZSHY,1331.8
2020,millions tonnes,performance indicators of pipeline transport,,,253.7
2020,millions tonnes,performance indicators of pipeline transport,Aktobe,KZAKT,7.6
2020,millions tonnes,performance indicators of pipeline transport,Atyrau,KZATY,83.1
2020,millions tonnes,performance indicators of pipeline transport,Batys Kazakhstan,KZZAP,29.3
2020,millions tonnes,performance indicators of pipeline transport,Mangistau,KZMAN,18.8
2020,millions tonnes,performance indicators of pipeline transport,Turkistan,KZYUZ,7.5
2020,millions tonnes,_L_KZ_090102_1S,,,0.0
2020,millions tonnes,_L_KZ_090102_1S,Mangistau,KZMAN,0.0
2021,millions tonnes,Cargo transported by all means of transport,,,910.5
2021,millions tonnes,Pipeline,,,281.4
2021,millions tonnes,Railway,,,410.3
2021,millions tonnes,Automobile,,,217.1
2021,millions tonnes,Air,,,0.03
2021,millions tonnes,Inland water еransport,,,0.8
2021,millions tonnes,nautical,,,0.8
2021,millions tonnes,,Abai,KZABY,74.4
2021,millions tonnes,,Akmola,KZAKM,41.3
2021,millions tonnes,,Aktobe,KZAKT,68.3
2021,millions tonnes,,Almaty,KZALM,22.6
2021,millions tonnes,,Atyrau,KZATY,114.3
2021,millions tonnes,,Batys Kazakhstan,KZZAP,34.3
2021,millions tonnes,,Zhambyl,KZZHA,53.8
2021,millions tonnes,,Zhetisu,KZZHS,21.2
2021,millions tonnes,,Karagandy,KZKAR,77.7
2021,millions tonnes,,Kostanay,KZKUS,68.6
2021,millions tonnes,,Kyzylorda,KZKZY,42.4
2021,millions tonnes,,Mangistau,KZMAN,50.5
2021,millions tonnes,,Turkistan,KZYUZ,29.7
2021,millions tonnes,,Ulytau,KZULU,15.0
2021,millions tonnes,,Pavlodar,KZPAV,53.1
2021,millions tonnes,,Soltustik Kazakhstan,KZSEV,22.5
2021,millions tonnes,,Shygys Kazakhstan,KZVOS,22.9
2021,millions tonnes,,Astana city,KZNS,53.6
2021,millions tonnes,,Almaty city,KZALA,25.8
2021,millions tonnes,,Shymkent city,KZSHY,18.4
2021,mln.people,Passengers transported by all means of transport,,,1289.9
2021,mln.people,Railway transport,,,16.1
2021,mln.people,Automobile,,,1199.1
2021,mln.people,Inland water еransport,,,0.1
2021,mln.people,_L_KZ_090102_1 I,,,0.08
2021,mln.people,Air,,,9.4
2021,mln.people,City electric transport,,,65.2
2021,mln.people,,Abai,KZABY,42.2
2021,mln.people,,Akmola,KZAKM,24.1
2021,mln.people,,Aktobe,KZAKT,38.0
2021,mln.people,,Almaty,KZALM,13.4
2021,mln.people,,Atyrau,KZATY,40.2
2021,mln.people,,Batys Kazakhstan,KZZAP,42.5
2021,mln.people,,Zhambyl,KZZHA,49.1
2021,mln.people,,Zhetisu,KZZHS,15.8
2021,mln.people,,Karagandy,KZKAR,126.5
2021,mln.people,,Kostanay,KZKUS,43.3
2021,mln.people,,Kyzylorda,KZKZY,16.5
2021,mln.people,,Mangistau,KZMAN,30.9
2021,mln.people,,Turkistan,KZYUZ,15.7
2021,mln.people,,Ulytau,KZULU,16.2
2021,mln.people,,Pavlodar,KZPAV,69.9
2021,mln.people,,Soltustik Kazakhstan,KZSEV,21.0
2021,mln.people,,Shygys Kazakhstan,KZVOS,69.0
2021,mln.people,,Astana city,KZNS,176.7
2021,mln.people,,Almaty city,KZALA,357.5
2021,mln.people,,Shymkent city,KZSHY,81.6
2021,millions tonnes,_L_KZ_090102_1J,,,217.1
2021,millions tonnes,_L_KZ_090102_1J,Abai,KZABY,55.3
2021,millions tonnes,_L_KZ_090102_1J,Akmola,KZAKM,7.2
2021,millions tonnes,_L_KZ_090102_1J,Aktobe,KZAKT,17.3
2021,millions tonnes,_L_KZ_090102_1J,Almaty,KZALM,4.7
2021,millions tonnes,_L_KZ_090102_1J,Atyrau,KZATY,3.2
2021,millions tonnes,_L_KZ_090102_1J,Batys Kazakhstan,KZZAP,1.5
2021,millions tonnes,_L_KZ_090102_1J,Zhambyl,KZZHA,1.2
2021,millions tonnes,_L_KZ_090102_1J,Zhetisu,KZZHS,0.9
2021,millions tonnes,_L_KZ_090102_1J,Karagandy,KZKAR,23.5
2021,millions tonnes,_L_KZ_090102_1J,Kostanay,KZKUS,31.0
2021,millions tonnes,_L_KZ_090102_1J,Kyzylorda,KZKZY,3.4
2021,millions tonnes,_L_KZ_090102_1J,Mangistau,KZMAN,3.2
2021,millions tonnes,_L_KZ_090102_1J,Turkistan,KZYUZ,1.3
2021,millions tonnes,_L_KZ_090102_1J,Ulytau,KZULU,0.7
2021,millions tonnes,_L_KZ_090102_1J,Pavlodar,KZPAV,23.7
2021,millions tonnes,_L_KZ_090102_1J,Soltustik Kazakhstan,KZSEV,2.3
2021,millions tonnes,_L_KZ_090102_1J,Shygys Kazakhstan,KZVOS,13.8
2021,millions tonnes,_L_KZ_090102_1J,Astana city,KZNS,12.7
2021,millions tonnes,_L_KZ_090102_1J,Almaty city,KZALA,7.3
2021,millions tonnes,_L_KZ_090102_1J,Shymkent city,KZSHY,2.9
2021,mln.people,Passengers transported by all means of transport,,,1264.3
2021,mln.people,Passengers transported by all means of transport,Abai,KZABY,41.5
2021,mln.people,Passengers transported by all means of transport,Akmola,KZAKM,23.1
2021,mln.people,Passengers transported by all means of transport,Aktobe,KZAKT,36.4
2021,mln.people,Passengers transported by all means of transport,Almaty,KZALM,13.1
2021,mln.people,Passengers transported by all means of transport,Atyrau,KZATY,39.1
2021,mln.people,Passengers transported by all means of transport,Batys Kazakhstan,KZZAP,42.2
2021,mln.people,Passengers transported by all means of transport,Zhambyl,KZZHA,48.0
2021,mln.people,Passengers transported by all means of transport,Zhetisu,KZZHS,15.4
2021,mln.people,Passengers transported by all means of transport,Karagandy,KZKAR,125.4
2021,mln.people,Passengers transported by all means of transport,Kostanay,KZKUS,42.4
2021,mln.people,Passengers transported by all means of transport,Kyzylorda,KZKZY,14.9
2021,mln.people,Passengers transported by all means of transport,Mangistau,KZMAN,29.0
2021,mln.people,Passengers transported by all means of transport,Turkistan,KZYUZ,15.2
2021,mln.people,Passengers transported by all means of transport,Ulytau,KZULU,15.8
2021,mln.people,Passengers transported by all means of transport,Pavlodar,KZPAV,69.3
2021,mln.people,Passengers transported by all means of transport,Soltustik Kazakhstan,KZSEV,20.7
2021,mln.people,Passengers transported by all means of transport,Shygys Kazakhstan,KZVOS,68.6
2021,mln.people,Passengers transported by all means of transport,Astana city,KZNS,170.2
2021,mln.people,Passengers transported by all means of transport,Almaty city,KZALA,353.4
2021,mln.people,Passengers transported by all means of transport,Shymkent city,KZSHY,80.6
2021,tons,transported by air,,,33730.8
2021,tons,transported by air,Abai,KZABY,0.0
2021,tons,transported by air,Batys Kazakhstan,KZZAP,0.0
2021,tons,transported by air,Ulytau,KZULU,0.0
2021,tons,transported by air,Astana city,KZNS,2564.0
2021,tons,transported by air,Almaty city,KZALA,20824.0
2021,tons,transported by air,Shymkent city,KZSHY,10342.8
2021,thousand people,passengers transported by air,,,9442.0
2021,thousand people,passengers transported by air,Abai,KZABY,231.4
2021,thousand people,passengers transported by air,Akmola,KZAKM,1.9
2021,thousand people,passengers transported by air,Aktobe,KZAKT,286.1
2021,thousand people,passengers transported by air,Almaty,KZALM,5.9
2021,thousand people,passengers transported by air,Atyrau,KZATY,565.0
2021,thousand people,passengers transported by air,Karagandy,KZKAR,215.7
2021,thousand people,passengers transported by air,Kostanay,KZKUS,16.4
2021,thousand people,passengers transported by air,Kyzylorda,KZKZY,19.8
2021,thousand people,passengers transported by air,Batys Kazakhstan,KZZAP,146.8
2021,thousand people,passengers transported by air,Zhambyl,KZZHA,153.2
2021,thousand people,passengers transported by air,Zhetisu,KZZHS,170.2
2021,thousand people,passengers transported by air,Mangistau,KZMAN,638.9
2021,thousand people,passengers transported by air,Turkistan,KZYUZ,208.5
2021,thousand people,passengers transported by air,Ulytau,KZULU,22.5
2021,thousand people,passengers transported by air,Pavlodar,KZPAV,100.2
2021,thousand people,passengers transported by air,Soltustik Kazakhstan,KZSEV,3.9
2021,thousand people,passengers transported by air,Shygys Kazakhstan,KZVOS,44.3
2021,thousand people,passengers transported by air,Astana city,KZNS,2477.8
2021,thousand people,passengers transported by air,Almaty city,KZALA,3399.1
2021,thousand people,passengers transported by air,Shymkent city,KZSHY,714.4
2021,millions tonnes,performance indicators of pipeline transport,,,281.4
2021,millions tonnes,performance indicators of pipeline transport,Abai,KZABY,2.0
2021,millions tonnes,performance indicators of pipeline transport,Aktobe,KZAKT,13.9
2021,millions tonnes,performance indicators of pipeline transport,Almaty,KZALM,10.5
2021,millions tonnes,performance indicators of pipeline transport,Atyrau,KZATY,92.4
2021,millions tonnes,performance indicators of pipeline transport,Batys Kazakhstan,KZZAP,28.0
2021,millions tonnes,performance indicators of pipeline transport,Zhambyl,KZZHA,15.2
2021,millions tonnes,performance indicators of pipeline transport,Zhetisu,KZZHS,7.3
2021,millions tonnes,performance indicators of pipeline transport,Karagandy,KZKAR,20.3
2021,millions tonnes,performance indicators of pipeline transport,Kostanay,KZKUS,12.6
2021,millions tonnes,performance indicators of pipeline transport,Kyzylorda,KZKZY,9.9
2021,millions tonnes,performance indicators of pipeline transport,Mangistau,KZMAN,20.6
2021,millions tonnes,performance indicators of pipeline transport,Pavlodar,KZPAV,11.0
2021,millions tonnes,performance indicators of pipeline transport,Soltustik Kazakhstan,KZSEV,11.0
2021,millions tonnes,performance indicators of pipeline transport,Turkistan,KZYUZ,20.5
2021,millions tonnes,performance indicators of pipeline transport,Ulytau,KZULU,0.8
2021,millions tonnes,performance indicators of pipeline transport,Astana city,KZNS,0.0
2021,millions tonnes,performance indicators of pipeline transport,Almaty city,KZALA,0.0
2021,millions tonnes,performance indicators of pipeline transport,Shymkent city,KZSHY,5.2
2021,millions tonnes,_L_KZ_090102_1R,,,0.8
2021,millions tonnes,_L_KZ_090102_1R,Mangistau,KZMAN,0.8
2021,millions tonnes,_L_KZ_090102_1S,,,0.1
2021,millions tonnes,_L_KZ_090102_1S,Mangistau,KZMAN,0.1
2022,millions tonnes,Cargo transported by all means of transport,,,927.2
2022,millions tonnes,Pipeline,,,266.7
2022,millions tonnes,Railway,,,395.5
2022,millions tonnes,Automobile,,,263.2
2022,millions tonnes,Air,,,0.02
2022,millions tonnes,Inland water еransport,,,0.6
2022,millions tonnes,nautical,,,1.2
2022,millions tonnes,,Abai,KZABY,76.8
2022,millions tonnes,,Akmola,KZAKM,49.5
2022,millions tonnes,,Aktobe,KZAKT,82.0
2022,millions tonnes,,Almaty,KZALM,21.9
2022,millions tonnes,,Atyrau,KZATY,101.8
2022,millions tonnes,,Batys Kazakhstan,KZZAP,31.0
2022,millions tonnes,,Zhambyl,KZZHA,44.5
2022,millions tonnes,,Zhetisu,KZZHS,16.2
2022,millions tonnes,,Karagandy,KZKAR,89.4
2022,millions tonnes,,Kostanay,KZKUS,67.0
2022,millions tonnes,,Kyzylorda,KZKZY,36.1
2022,millions tonnes,,Mangistau,KZMAN,43.6
2022,millions tonnes,,Turkistan,KZYUZ,28.4
2022,millions tonnes,,Ulytau,KZULU,23.8
2022,millions tonnes,,Pavlodar,KZPAV,70.7
2022,millions tonnes,,Soltustik Kazakhstan,KZSEV,23.2
2022,millions tonnes,,Shygys Kazakhstan,KZVOS,24.8
2022,millions tonnes,,Astana city,KZNS,47.9
2022,millions tonnes,,Almaty city,KZALA,27.2
2022,millions tonnes,,Shymkent city,KZSHY,21.3
2022,mln.people,Passengers transported by all means of transport,,,1486.1
2022,mln.people,Railway transport,,,20.1
2022,mln.people,Automobile,,,1374.0
2022,mln.people,Inland water еransport,,,0.1
2022,mln.people,_L_KZ_090102_1 I,,,0.09
2022,mln.people,Air,,,11.5
2022,mln.people,City electric transport,,,80.3
2022,mln.people,,Abai,KZABY,43.8
2022,mln.people,,Akmola,KZAKM,27.9
2022,mln.people,,Aktobe,KZAKT,60.9
2022,mln.people,,Almaty,KZALM,13.1
2022,mln.people,,Atyrau,KZATY,50.6
2022,mln.people,,Batys Kazakhstan,KZZAP,55.2
2022,mln.people,,Zhambyl,KZZHA,57.6
2022,mln.people,,Zhetisu,KZZHS,17.3
2022,mln.people,,Karagandy,KZKAR,127.7
2022,mln.people,,Kostanay,KZKUS,45.0
2022,mln.people,,Kyzylorda,KZKZY,16.7
2022,mln.people,,Mangistau,KZMAN,36.6
2022,mln.people,,Turkistan,KZYUZ,17.4
2022,mln.people,,Ulytau,KZULU,11.4
2022,mln.people,,Pavlodar,KZPAV,69.2
2022,mln.people,,Soltustik Kazakhstan,KZSEV,36.5
2022,mln.people,,Shygys Kazakhstan,KZVOS,89.3
2022,mln.people,,Astana city,KZNS,212.6
2022,mln.people,,Almaty city,KZALA,407.5
2022,mln.people,,Shymkent city,KZSHY,89.9
2022,millions tonnes,_L_KZ_090102_1J,,,263.2
2022,millions tonnes,_L_KZ_090102_1J,Abai,KZABY,59.6
2022,millions tonnes,_L_KZ_090102_1J,Akmola,KZAKM,19.2
2022,millions tonnes,_L_KZ_090102_1J,Aktobe,KZAKT,28.4
2022,millions tonnes,_L_KZ_090102_1J,Almaty,KZALM,3.9
2022,millions tonnes,_L_KZ_090102_1J,Atyrau,KZATY,2.5
2022,millions tonnes,_L_KZ_090102_1J,Batys Kazakhstan,KZZAP,1.8
2022,millions tonnes,_L_KZ_090102_1J,Zhambyl,KZZHA,0.7
2022,millions tonnes,_L_KZ_090102_1J,Zhetisu,KZZHS,1.1
2022,millions tonnes,_L_KZ_090102_1J,Karagandy,KZKAR,45.4
2022,millions tonnes,_L_KZ_090102_1J,Kostanay,KZKUS,27.5
2022,millions tonnes,_L_KZ_090102_1J,Kyzylorda,KZKZY,3.5
2022,millions tonnes,_L_KZ_090102_1J,Mangistau,KZMAN,2.6
2022,millions tonnes,_L_KZ_090102_1J,Turkistan,KZYUZ,1.3
2022,millions tonnes,_L_KZ_090102_1J,Ulytau,KZULU,0.9
2022,millions tonnes,_L_KZ_090102_1J,Pavlodar,KZPAV,20.5
2022,millions tonnes,_L_KZ_090102_1J,Soltustik Kazakhstan,KZSEV,2.8
2022,millions tonnes,_L_KZ_090102_1J,Shygys Kazakhstan,KZVOS,16.6
2022,millions tonnes,_L_KZ_090102_1J,Astana city,KZNS,11.5
2022,millions tonnes,_L_KZ_090102_1J,Almaty city,KZALA,10.8
2022,millions tonnes,_L_KZ_090102_1J,Shymkent city,KZSHY,2.5
2022,mln.people,Passengers transported by all means of transport,,,1454.3
2022,mln.people,Passengers transported by all means of transport,Abai,KZABY,43.1
2022,mln.people,Passengers transported by all means of transport,Akmola,KZAKM,26.7
2022,mln.people,Passengers transported by all means of transport,Aktobe,KZAKT,58.5
2022,mln.people,Passengers transported by all means of transport,Almaty,KZALM,12.9
2022,mln.people,Passengers transported by all means of transport,Atyrau,KZATY,48.8
2022,mln.people,Passengers transported by all means of transport,Batys Kazakhstan,KZZAP,54.8
2022,mln.people,Passengers transported by all means of transport,Zhambyl,KZZHA,56.5
2022,mln.people,Passengers transported by all means of transport,Zhetisu,KZZHS,16.9
2022,mln.people,Passengers transported by all means of transport,Karagandy,KZKAR,126.2
2022,mln.people,Passengers transported by all means of transport,Kostanay,KZKUS,43.9
2022,mln.people,Passengers transported by all means of transport,Kyzylorda,KZKZY,15.0
2022,mln.people,Passengers transported by all means of transport,Mangistau,KZMAN,34.6
2022,mln.people,Passengers transported by all means of transport,Turkistan,KZYUZ,16.9
2022,mln.people,Passengers transported by all means of transport,Ulytau,KZULU,10.8
2022,mln.people,Passengers transported by all means of transport,Pavlodar,KZPAV,68.4
2022,mln.people,Passengers transported by all means of transport,Soltustik Kazakhstan,KZSEV,36.1
2022,mln.people,Passengers transported by all means of transport,Shygys Kazakhstan,KZVOS,88.7
2022,mln.people,Passengers transported by all means of transport,Astana city,KZNS,204.0
2022,mln.people,Passengers transported by all means of transport,Almaty city,KZALA,402.8
2022,mln.people,Passengers transported by all means of transport,Shymkent city,KZSHY,88.7
2022,tons,transported by air,,,22467.4
2022,tons,transported by air,Abai,KZABY,0.0
2022,tons,transported by air,Batys Kazakhstan,KZZAP,0.0
2022,tons,transported by air,Ulytau,KZULU,0.0
2022,tons,transported by air,Astana city,KZNS,3501.0
2022,tons,transported by air,Almaty city,KZALA,14674.2
2022,tons,transported by air,Shymkent city,KZSHY,6292.2
2022,thousand people,passengers transported by air,,,11493.6
2022,thousand people,passengers transported by air,Abai,KZABY,111.8
2022,thousand people,passengers transported by air,Akmola,KZAKM,13.8
2022,thousand people,passengers transported by air,Aktobe,KZAKT,452.8
2022,thousand people,passengers transported by air,Almaty,KZALM,0.0
2022,thousand people,passengers transported by air,Atyrau,KZATY,1017.6
2022,thousand people,passengers transported by air,Karagandy,KZKAR,173.8
2022,thousand people,passengers transported by air,Kostanay,KZKUS,39.7
2022,thousand people,passengers transported by air,Kyzylorda,KZKZY,39.1
2022,thousand people,passengers transported by air,Batys Kazakhstan,KZZAP,116.3
2022,thousand people,passengers transported by air,Zhambyl,KZZHA,140.4
2022,thousand people,passengers transported by air,Zhetisu,KZZHS,138.7
2022,thousand people,passengers transported by air,Mangistau,KZMAN,675.1
2022,thousand people,passengers transported by air,Turkistan,KZYUZ,213.1
2022,thousand people,passengers transported by air,Ulytau,KZULU,76.5
2022,thousand people,passengers transported by air,Pavlodar,KZPAV,70.8
2022,thousand people,passengers transported by air,Soltustik Kazakhstan,KZSEV,34.9
2022,thousand people,passengers transported by air,Shygys Kazakhstan,KZVOS,217.2
2022,thousand people,passengers transported by air,Astana city,KZNS,3182.9
2022,thousand people,passengers transported by air,Almaty city,KZALA,3858.8
2022,thousand people,passengers transported by air,Shymkent city,KZSHY,920.5
2022,millions tonnes,performance indicators of pipeline transport,,,266.7
2022,millions tonnes,performance indicators of pipeline transport,Abai,KZABY,2.2
2022,millions tonnes,performance indicators of pipeline transport,Aktobe,KZAKT,14.3
2022,millions tonnes,performance indicators of pipeline transport,Almaty,KZALM,12.5
2022,millions tonnes,performance indicators of pipeline transport,Atyrau,KZATY,80.4
2022,millions tonnes,performance indicators of pipeline transport,Batys Kazakhstan,KZZAP,23.6
2022,millions tonnes,performance indicators of pipeline transport,Zhambyl,KZZHA,15.4
2022,millions tonnes,performance indicators of pipeline transport,Zhetisu,KZZHS,5.6
2022,millions tonnes,performance indicators of pipeline transport,Karagandy,KZKAR,10.0
2022,millions tonnes,performance indicators of pipeline transport,Kostanay,KZKUS,11.3
2022,millions tonnes,performance indicators of pipeline transport,Kyzylorda,KZKZY,10.0
2022,millions tonnes,performance indicators of pipeline transport,Mangistau,KZMAN,20.4
2022,millions tonnes,performance indicators of pipeline transport,Pavlodar,KZPAV,11.1
2022,millions tonnes,performance indicators of pipeline transport,Soltustik Kazakhstan,KZSEV,11.1
2022,millions tonnes,performance indicators of pipeline transport,Turkistan,KZYUZ,21.3
2022,millions tonnes,performance indicators of pipeline transport,Ulytau,KZULU,11.0
2022,millions tonnes,performance indicators of pipeline transport,Astana city,KZNS,0.2
2022,millions tonnes,performance indicators of pipeline transport,Almaty city,KZALA,0.0
2022,millions tonnes,performance indicators of pipeline transport,Shymkent city,KZSHY,6.3
2022,millions tonnes,_L_KZ_090102_1R,,,1.2
2022,millions tonnes,_L_KZ_090102_1R,Mangistau,KZMAN,1.2
2022,millions tonnes,_L_KZ_090102_1S,,,0.1
2022,millions tonnes,_L_KZ_090102_1S,Mangistau,KZMAN,0.1
2023,millions tonnes,Cargo transported by all means of transport,,,999.2
2023,millions tonnes,Pipeline,,,282.9
2023,millions tonnes,Railway,,,414.9
2023,millions tonnes,Automobile,,,299.9
2023,millions tonnes,Air,,,0.02
2023,millions tonnes,Inland water еransport,,,0.2
2023,millions tonnes,nautical,,,1.3
2023,millions tonnes,,Abai,KZABY,74.2
2023,millions tonnes,,Akmola,KZAKM,86.2
2023,millions tonnes,,Aktobe,KZAKT,92.1
2023,millions tonnes,,Almaty,KZALM,19.4
2023,millions tonnes,,Atyrau,KZATY,110.8
2023,millions tonnes,,Batys Kazakhstan,KZZAP,30.5
2023,millions tonnes,,Zhambyl,KZZHA,48.8
2023,millions tonnes,,Zhetisu,KZZHS,11.8
2023,millions tonnes,,Karagandy,KZKAR,85.7
2023,millions tonnes,,Kostanay,KZKUS,43.0
2023,millions tonnes,,Kyzylorda,KZKZY,37.9
2023,millions tonnes,,Mangistau,KZMAN,44.1
2023,millions tonnes,,Turkistan,KZYUZ,26.3
2023,millions tonnes,,Ulytau,KZULU,39.5
2023,millions tonnes,,Pavlodar,KZPAV,84.0
2023,millions tonnes,,Soltustik Kazakhstan,KZSEV,22.8
2023,millions tonnes,,Shygys Kazakhstan,KZVOS,20.3
2023,millions tonnes,,Astana city,KZNS,63.1
2023,millions tonnes,,Almaty city,KZALA,29.7
2023,millions tonnes,,Shymkent city,KZSHY,29.0
2023,mln.people,Passengers transported by all means of transport,,,1607.3
2023,mln.people,Railway transport,,,20.5
2023,mln.people,Automobile,,,1489.4
2023,mln.people,Inland water еransport,,,0.1
2023,mln.people,_L_KZ_090102_1 I,,,0.04
2023,mln.people,Air,,,13.3
2023,mln.people,City electric transport,,,83.9
2023,mln.people,,Abai,KZABY,57.5
2023,mln.people,,Akmola,KZAKM,29.1
2023,mln.people,,Aktobe,KZAKT,63.9
2023,mln.people,,Almaty,KZALM,16.5
2023,mln.people,,Atyrau,KZATY,52.3
2023,mln.people,,Batys Kazakhstan,KZZAP,64.5
2023,mln.people,,Zhambyl,KZZHA,61.1
2023,mln.people,,Zhetisu,KZZHS,22.3
2023,mln.people,,Karagandy,KZKAR,117.4
2023,mln.people,,Kostanay,KZKUS,49.7
2023,mln.people,,Kyzylorda,KZKZY,24.7
2023,mln.people,,Mangistau,KZMAN,34.7
2023,mln.people,,Turkistan,KZYUZ,19.2
2023,mln.people,,Ulytau,KZULU,15.6
2023,mln.people,,Pavlodar,KZPAV,66.6
2023,mln.people,,Soltustik Kazakhstan,KZSEV,32.2
2023,mln.people,,Shygys Kazakhstan,KZVOS,88.7
2023,mln.people,,Astana city,KZNS,237.5
2023,mln.people,,Almaty city,KZALA,451.3
2023,mln.people,,Shymkent city,KZSHY,102.6
2023,millions tonnes,_L_KZ_090102_1J,,,299.9
2023,millions tonnes,_L_KZ_090102_1J,Abai,KZABY,58.3
2023,millions tonnes,_L_KZ_090102_1J,Akmola,KZAKM,55.9
2023,millions tonnes,_L_KZ_090102_1J,Aktobe,KZAKT,39.9
2023,millions tonnes,_L_KZ_090102_1J,Almaty,KZALM,3.6
2023,millions tonnes,_L_KZ_090102_1J,Atyrau,KZATY,4.3
2023,millions tonnes,_L_KZ_090102_1J,Batys Kazakhstan,KZZAP,2.4
2023,millions tonnes,_L_KZ_090102_1J,Zhambyl,KZZHA,0.8
2023,millions tonnes,_L_KZ_090102_1J,Zhetisu,KZZHS,1.1
2023,millions tonnes,_L_KZ_090102_1J,Karagandy,KZKAR,40.0
2023,millions tonnes,_L_KZ_090102_1J,Kostanay,KZKUS,5.7
2023,millions tonnes,_L_KZ_090102_1J,Kyzylorda,KZKZY,3.4
2023,millions tonnes,_L_KZ_090102_1J,Mangistau,KZMAN,2.8
2023,millions tonnes,_L_KZ_090102_1J,Turkistan,KZYUZ,1.8
2023,millions tonnes,_L_KZ_090102_1J,Ulytau,KZULU,12.5
2023,millions tonnes,_L_KZ_090102_1J,Pavlodar,KZPAV,25.7
2023,millions tonnes,_L_KZ_090102_1J,Soltustik Kazakhstan,KZSEV,4.0
2023,millions tonnes,_L_KZ_090102_1J,Shygys Kazakhstan,KZVOS,12.7
2023,millions tonnes,_L_KZ_090102_1J,Astana city,KZNS,14.2
2023,millions tonnes,_L_KZ_090102_1J,Almaty city,KZALA,7.6
2023,millions tonnes,_L_KZ_090102_1J,Shymkent city,KZSHY,3.0
2023,mln.people,Passengers transported by all means of transport,,,1573.3
2023,mln.people,Passengers transported by all means of transport,Abai,KZABY,56.9
2023,mln.people,Passengers transported by all means of transport,Akmola,KZAKM,28.0
2023,mln.people,Passengers transported by all means of transport,Aktobe,KZAKT,61.7
2023,mln.people,Passengers transported by all means of transport,Almaty,KZALM,16.4
2023,mln.people,Passengers transported by all means of transport,Atyrau,KZATY,50.8
2023,mln.people,Passengers transported by all means of transport,Batys Kazakhstan,KZZAP,64.1
2023,mln.people,Passengers transported by all means of transport,Zhambyl,KZZHA,59.8
2023,mln.people,Passengers transported by all means of transport,Zhetisu,KZZHS,22.0
2023,mln.people,Passengers transported by all means of transport,Karagandy,KZKAR,116.1
2023,mln.people,Passengers transported by all means of transport,Kostanay,KZKUS,48.6
2023,mln.people,Passengers transported by all means of transport,Kyzylorda,KZKZY,22.9
2023,mln.people,Passengers transported by all means of transport,Mangistau,KZMAN,32.5
2023,mln.people,Passengers transported by all means of transport,Turkistan,KZYUZ,18.9
2023,mln.people,Passengers transported by all means of transport,Ulytau,KZULU,15.2
2023,mln.people,Passengers transported by all means of transport,Pavlodar,KZPAV,65.8
2023,mln.people,Passengers transported by all means of transport,Soltustik Kazakhstan,KZSEV,31.9
2023,mln.people,Passengers transported by all means of transport,Shygys Kazakhstan,KZVOS,88.1
2023,mln.people,Passengers transported by all means of transport,Astana city,KZNS,227.6
2023,mln.people,Passengers transported by all means of transport,Almaty city,KZALA,445.0
2023,mln.people,Passengers transported by all means of transport,Shymkent city,KZSHY,101.1
2023,tons,transported by air,,,23800.0
2023,tons,transported by air,Abai,KZABY,0.0
2023,tons,transported by air,Batys Kazakhstan,KZZAP,0.0
2023,tons,transported by air,Ulytau,KZULU,0.0
2023,tons,transported by air,Astana city,KZNS,0.0
2023,tons,transported by air,Almaty city,KZALA,1400.0
2023,tons,transported by air,Shymkent city,KZSHY,0.0
2023,thousand people,passengers transported by air,,,13307.6
2023,thousand people,passengers transported by air,Abai,KZABY,114.2
2023,thousand people,passengers transported by air,Akmola,KZAKM,22.7
2023,thousand people,passengers transported by air,Aktobe,KZAKT,446.0
2023,thousand people,passengers transported by air,Almaty,KZALM,0.0
2023,thousand people,passengers transported by air,Atyrau,KZATY,723.2
2023,thousand people,passengers transported by air,Karagandy,KZKAR,200.2
2023,thousand people,passengers transported by air,Kostanay,KZKUS,0.0
2023,thousand people,passengers transported by air,Kyzylorda,KZKZY,34.2
2023,thousand people,passengers transported by air,Batys Kazakhstan,KZZAP,96.2
2023,thousand people,passengers transported by air,Zhambyl,KZZHA,138.8
2023,thousand people,passengers transported by air,Zhetisu,KZZHS,152.5
2023,thousand people,passengers transported by air,Mangistau,KZMAN,942.6
2023,thousand people,passengers transported by air,Turkistan,KZYUZ,180.3
2023,thousand people,passengers transported by air,Ulytau,KZULU,46.2
2023,thousand people,passengers transported by air,Pavlodar,KZPAV,104.7
2023,thousand people,passengers transported by air,Soltustik Kazakhstan,KZSEV,55.9
2023,thousand people,passengers transported by air,Shygys Kazakhstan,KZVOS,250.9
2023,thousand people,passengers transported by air,Astana city,KZNS,3731.4
2023,thousand people,passengers transported by air,Almaty city,KZALA,4905.0
2023,thousand people,passengers transported by air,Shymkent city,KZSHY,1062.4
2023,millions tonnes,performance indicators of pipeline transport,,,282.9
2023,millions tonnes,performance indicators of pipeline transport,Abai,KZABY,2.2
2023,millions tonnes,performance indicators of pipeline transport,Aktobe,KZAKT,16.0
2023,millions tonnes,performance indicators of pipeline transport,Almaty,KZALM,12.1
2023,millions tonnes,performance indicators of pipeline transport,Atyrau,KZATY,85.7
2023,millions tonnes,performance indicators of pipeline transport,Batys Kazakhstan,KZZAP,23.2
2023,millions tonnes,performance indicators of pipeline transport,Zhambyl,KZZHA,15.6
2023,millions tonnes,performance indicators of pipeline transport,Zhetisu,KZZHS,5.5
2023,millions tonnes,performance indicators of pipeline transport,Karagandy,KZKAR,10.3
2023,millions tonnes,performance indicators of pipeline transport,Kostanay,KZKUS,10.3
2023,millions tonnes,performance indicators of pipeline transport,Kyzylorda,KZKZY,11.3
2023,millions tonnes,performance indicators of pipeline transport,Mangistau,KZMAN,22.7
2023,millions tonnes,performance indicators of pipeline transport,Pavlodar,KZPAV,11.3
2023,millions tonnes,performance indicators of pipeline transport,Soltustik Kazakhstan,KZSEV,11.3
2023,millions tonnes,performance indicators of pipeline transport,Turkistan,KZYUZ,21.3
2023,millions tonnes,performance indicators of pipeline transport,Ulytau,KZULU,18.0
2023,millions tonnes,performance indicators of pipeline transport,Astana city,KZNS,0.3
2023,millions tonnes,performance indicators of pipeline transport,Almaty city,KZALA,0.0
2023,millions tonnes,performance indicators of pipeline transport,Shymkent city,KZSHY,5.9
2023,millions tonnes,_L_KZ_090102_1R,,,1.3
2023,millions tonnes,_L_KZ_090102_1R,Mangistau,KZMAN,1.3
2023,millions tonnes,_L_KZ_090102_1S,,,0.0
2023,millions tonnes,_L_KZ_090102_1S,Mangistau,KZMAN,0.0
