Year,UNIT_MEASURE,SERIES,Аймақ,Өңірлер,GeoCode,Value
2015,пайыз,Оқу мақсаттары үшін Интернетке қол жетімділікпен,,,,27.7
2015,пайыз,Оқу мақсаттары үшін Интернетке қол жетімділікпен,,Ақмола,KZAKM,25.9
2015,пайыз,Оқу мақсаттары үшін Интернетке қол жетімділікпен,,Ақтөбе,KZAKT,11.4
2015,пайыз,Оқу мақсаттары үшін Интернетке қол жетімділікпен,,Алматы,KZALM,18.2
2015,пайыз,Оқу мақсаттары үшін Интернетке қол жетімділікпен,,Атырау,KZATY,21.0
2015,пайыз,Оқу мақсаттары үшін Интернетке қол жетімділікпен,,Батыс Қазақстан,KZZAP,17.5
2015,пайыз,Оқу мақсаттары үшін Интернетке қол жетімділікпен,,Жамбыл,KZZHA,33.1
2015,пайыз,Оқу мақсаттары үшін Интернетке қол жетімділікпен,,Қарағанды,KZKAR,43.5
2015,пайыз,Оқу мақсаттары үшін Интернетке қол жетімділікпен,,Қостанай,KZKUS,14.0
2015,пайыз,Оқу мақсаттары үшін Интернетке қол жетімділікпен,,Қызылорда,KZKZY,21.4
2015,пайыз,Оқу мақсаттары үшін Интернетке қол жетімділікпен,,Маңғыстау,KZMAN,33.9
2015,пайыз,Оқу мақсаттары үшін Интернетке қол жетімділікпен,,Оңтүстік Қазақстан,KZONT,15.8
2015,пайыз,Оқу мақсаттары үшін Интернетке қол жетімділікпен,,Павлодар,KZPAV,39.0
2015,пайыз,Оқу мақсаттары үшін Интернетке қол жетімділікпен,,Солтүстік Қазақстан,KZSEV,45.5
2015,пайыз,Оқу мақсаттары үшін Интернетке қол жетімділікпен,,Шығыс Қазақстан,KZVOS,29.8
2015,пайыз,Оқу мақсаттары үшін Интернетке қол жетімділікпен,,Астана қаласы,KZNS,25.0
2015,пайыз,Оқу мақсаттары үшін Интернетке қол жетімділікпен,,Алматы қаласы,KZALA,100.0
2015,пайыз,базалық ауыз су көздерімен,,,,100.0
2016,пайыз,Оқу мақсаттары үшін Интернетке қол жетімділікпен,,,,34.6
2016,пайыз,Оқу мақсаттары үшін Интернетке қол жетімділікпен,,Ақмола,KZAKM,42.4
2016,пайыз,Оқу мақсаттары үшін Интернетке қол жетімділікпен,,Ақтөбе,KZAKT,27.0
2016,пайыз,Оқу мақсаттары үшін Интернетке қол жетімділікпен,,Алматы,KZALM,22.7
2016,пайыз,Оқу мақсаттары үшін Интернетке қол жетімділікпен,,Атырау,KZATY,64.1
2016,пайыз,Оқу мақсаттары үшін Интернетке қол жетімділікпен,,Батыс Қазақстан,KZZAP,24.2
2016,пайыз,Оқу мақсаттары үшін Интернетке қол жетімділікпен,,Жамбыл,KZZHA,38.0
2016,пайыз,Оқу мақсаттары үшін Интернетке қол жетімділікпен,,Қарағанды,KZKAR,46.2
2016,пайыз,Оқу мақсаттары үшін Интернетке қол жетімділікпен,,Қостанай,KZKUS,26.1
2016,пайыз,Оқу мақсаттары үшін Интернетке қол жетімділікпен,,Қызылорда,KZKZY,30.1
2016,пайыз,Оқу мақсаттары үшін Интернетке қол жетімділікпен,,Маңғыстау,KZMAN,42.1
2016,пайыз,Оқу мақсаттары үшін Интернетке қол жетімділікпен,,Оңтүстік Қазақстан,KZONT,22.8
2016,пайыз,Оқу мақсаттары үшін Интернетке қол жетімділікпен,,Павлодар,KZPAV,46.9
2016,пайыз,Оқу мақсаттары үшін Интернетке қол жетімділікпен,,Солтүстік Қазақстан,KZSEV,23.2
2016,пайыз,Оқу мақсаттары үшін Интернетке қол жетімділікпен,,Шығыс Қазақстан,KZVOS,34.7
2016,пайыз,Оқу мақсаттары үшін Интернетке қол жетімділікпен,,Астана қаласы,KZNS,75.3
2016,пайыз,Оқу мақсаттары үшін Интернетке қол жетімділікпен,,Алматы қаласы,KZALA,98.0
2016,пайыз,базалық ауыз су көздерімен,,,,100.0
2016,пайыз,ең қарапайым деңгейде бөлек дәретханалармен,,,,100.0
2016,пайыз,ең қарапайым деңгейде бөлек дәретханалармен,,Ақмола,KZAKM,100.0
2016,пайыз,ең қарапайым деңгейде бөлек дәретханалармен,,Ақтөбе,KZAKT,100.0
2016,пайыз,ең қарапайым деңгейде бөлек дәретханалармен,,Алматы,KZALM,100.0
2016,пайыз,ең қарапайым деңгейде бөлек дәретханалармен,,Атырау,KZATY,100.0
2016,пайыз,ең қарапайым деңгейде бөлек дәретханалармен,,Батыс Қазақстан,KZZAP,100.0
2016,пайыз,ең қарапайым деңгейде бөлек дәретханалармен,,Жамбыл,KZZHA,100.0
2016,пайыз,ең қарапайым деңгейде бөлек дәретханалармен,,Қарағанды,KZKAR,100.0
2016,пайыз,ең қарапайым деңгейде бөлек дәретханалармен,,Қостанай,KZKUS,100.0
2016,пайыз,ең қарапайым деңгейде бөлек дәретханалармен,,Қызылорда,KZKZY,100.0
2016,пайыз,ең қарапайым деңгейде бөлек дәретханалармен,,Маңғыстау,KZMAN,100.0
2016,пайыз,ең қарапайым деңгейде бөлек дәретханалармен,,Оңтүстік Қазақстан,KZONT,100.0
2016,пайыз,ең қарапайым деңгейде бөлек дәретханалармен,,Павлодар,KZPAV,100.0
2016,пайыз,ең қарапайым деңгейде бөлек дәретханалармен,,Солтүстік Қазақстан,KZSEV,100.0
2016,пайыз,ең қарапайым деңгейде бөлек дәретханалармен,,Түркістан,KZYUZ,100.0
2016,пайыз,ең қарапайым деңгейде бөлек дәретханалармен,,Шығыс Қазақстан,KZVOS,100.0
2016,пайыз,ең қарапайым деңгейде бөлек дәретханалармен,,Астана қаласы,KZNS,100.0
2016,пайыз,ең қарапайым деңгейде бөлек дәретханалармен,,Алматы қаласы,KZALA,100.0
2016,пайыз,ең қарапайым деңгейде бөлек дәретханалармен,,Шымкент қаласы,KZSHY,100.0
2017,пайыз,Оқу мақсаттары үшін Интернетке қол жетімділікпен,,,,62.6
2017,пайыз,Оқу мақсаттары үшін Интернетке қол жетімділікпен,,Ақмола,KZAKM,94.8
2017,пайыз,Оқу мақсаттары үшін Интернетке қол жетімділікпен,,Ақтөбе,KZAKT,31.3
2017,пайыз,Оқу мақсаттары үшін Интернетке қол жетімділікпен,,Алматы,KZALM,82.3
2017,пайыз,Оқу мақсаттары үшін Интернетке қол жетімділікпен,,Атырау,KZATY,63.8
2017,пайыз,Оқу мақсаттары үшін Интернетке қол жетімділікпен,,Батыс Қазақстан,KZZAP,72.3
2017,пайыз,Оқу мақсаттары үшін Интернетке қол жетімділікпен,,Жамбыл,KZZHA,72.0
2017,пайыз,Оқу мақсаттары үшін Интернетке қол жетімділікпен,,Қарағанды,KZKAR,71.8
2017,пайыз,Оқу мақсаттары үшін Интернетке қол жетімділікпен,,Қостанай,KZKUS,37.6
2017,пайыз,Оқу мақсаттары үшін Интернетке қол жетімділікпен,,Қызылорда,KZKZY,37.8
2017,пайыз,Оқу мақсаттары үшін Интернетке қол жетімділікпен,,Маңғыстау,KZMAN,92.5
2017,пайыз,Оқу мақсаттары үшін Интернетке қол жетімділікпен,,Оңтүстік Қазақстан,KZONT,39.7
2017,пайыз,Оқу мақсаттары үшін Интернетке қол жетімділікпен,,Павлодар,KZPAV,91.9
2017,пайыз,Оқу мақсаттары үшін Интернетке қол жетімділікпен,,Солтүстік Қазақстан,KZSEV,63.3
2017,пайыз,Оқу мақсаттары үшін Интернетке қол жетімділікпен,,Шығыс Қазақстан,KZVOS,41.5
2017,пайыз,Оқу мақсаттары үшін Интернетке қол жетімділікпен,,Астана қаласы,KZNS,84.3
2017,пайыз,Оқу мақсаттары үшін Интернетке қол жетімділікпен,,Алматы қаласы,KZALA,93.5
2017,пайыз,базалық ауыз су көздерімен,,,,100.0
2017,пайыз,ең қарапайым деңгейде бөлек дәретханалармен,,,,100.0
2017,пайыз,ең қарапайым деңгейде бөлек дәретханалармен,,Ақмола,KZAKM,100.0
2017,пайыз,ең қарапайым деңгейде бөлек дәретханалармен,,Ақтөбе,KZAKT,100.0
2017,пайыз,ең қарапайым деңгейде бөлек дәретханалармен,,Алматы,KZALM,100.0
2017,пайыз,ең қарапайым деңгейде бөлек дәретханалармен,,Атырау,KZATY,100.0
2017,пайыз,ең қарапайым деңгейде бөлек дәретханалармен,,Батыс Қазақстан,KZZAP,100.0
2017,пайыз,ең қарапайым деңгейде бөлек дәретханалармен,,Жамбыл,KZZHA,100.0
2017,пайыз,ең қарапайым деңгейде бөлек дәретханалармен,,Қарағанды,KZKAR,100.0
2017,пайыз,ең қарапайым деңгейде бөлек дәретханалармен,,Қостанай,KZKUS,100.0
2017,пайыз,ең қарапайым деңгейде бөлек дәретханалармен,,Қызылорда,KZKZY,100.0
2017,пайыз,ең қарапайым деңгейде бөлек дәретханалармен,,Маңғыстау,KZMAN,100.0
2017,пайыз,ең қарапайым деңгейде бөлек дәретханалармен,,Оңтүстік Қазақстан,KZONT,100.0
2017,пайыз,ең қарапайым деңгейде бөлек дәретханалармен,,Павлодар,KZPAV,100.0
2017,пайыз,ең қарапайым деңгейде бөлек дәретханалармен,,Солтүстік Қазақстан,KZSEV,100.0
2017,пайыз,ең қарапайым деңгейде бөлек дәретханалармен,,Түркістан,KZYUZ,100.0
2017,пайыз,ең қарапайым деңгейде бөлек дәретханалармен,,Шығыс Қазақстан,KZVOS,100.0
2017,пайыз,ең қарапайым деңгейде бөлек дәретханалармен,,Астана қаласы,KZNS,100.0
2017,пайыз,ең қарапайым деңгейде бөлек дәретханалармен,,Алматы қаласы,KZALA,100.0
2017,пайыз,ең қарапайым деңгейде бөлек дәретханалармен,,Шымкент қаласы,KZSHY,100.0
2018,пайыз,Оқу мақсаттары үшін Интернетке қол жетімділікпен,,,,89.5
2018,пайыз,Оқу мақсаттары үшін Интернетке қол жетімділікпен,,Ақмола,KZAKM,97.8
2018,пайыз,Оқу мақсаттары үшін Интернетке қол жетімділікпен,,Ақтөбе,KZAKT,93.3
2018,пайыз,Оқу мақсаттары үшін Интернетке қол жетімділікпен,,Алматы,KZALM,95.9
2018,пайыз,Оқу мақсаттары үшін Интернетке қол жетімділікпен,,Атырау,KZATY,84.2
2018,пайыз,Оқу мақсаттары үшін Интернетке қол жетімділікпен,,Батыс Қазақстан,KZZAP,86.5
2018,пайыз,Оқу мақсаттары үшін Интернетке қол жетімділікпен,,Жамбыл,KZZHA,93.1
2018,пайыз,Оқу мақсаттары үшін Интернетке қол жетімділікпен,,Қарағанды,KZKAR,94.1
2018,пайыз,Оқу мақсаттары үшін Интернетке қол жетімділікпен,,Қостанай,KZKUS,80.5
2018,пайыз,Оқу мақсаттары үшін Интернетке қол жетімділікпен,,Қызылорда,KZKZY,98.1
2018,пайыз,Оқу мақсаттары үшін Интернетке қол жетімділікпен,,Маңғыстау,KZMAN,98.1
2018,пайыз,Оқу мақсаттары үшін Интернетке қол жетімділікпен,,Павлодар,KZPAV,98.4
2018,пайыз,Оқу мақсаттары үшін Интернетке қол жетімділікпен,,Солтүстік Қазақстан,KZSEV,85.9
2018,пайыз,Оқу мақсаттары үшін Интернетке қол жетімділікпен,,Түркістан,KZYUZ,66.8
2018,пайыз,Оқу мақсаттары үшін Интернетке қол жетімділікпен,,Шығыс Қазақстан,KZVOS,95.1
2018,пайыз,Оқу мақсаттары үшін Интернетке қол жетімділікпен,,Астана қаласы,KZNS,91.1
2018,пайыз,Оқу мақсаттары үшін Интернетке қол жетімділікпен,,Алматы қаласы,KZALA,96.5
2018,пайыз,Оқу мақсаттары үшін Интернетке қол жетімділікпен,,Шымкент қаласы,KZSHY,94.2
2018,пайыз,базалық ауыз су көздерімен,,,,100.0
2018,пайыз,ең қарапайым деңгейде бөлек дәретханалармен,,,,100.0
2018,пайыз,ең қарапайым деңгейде бөлек дәретханалармен,,Ақмола,KZAKM,100.0
2018,пайыз,ең қарапайым деңгейде бөлек дәретханалармен,,Ақтөбе,KZAKT,100.0
2018,пайыз,ең қарапайым деңгейде бөлек дәретханалармен,,Алматы,KZALM,100.0
2018,пайыз,ең қарапайым деңгейде бөлек дәретханалармен,,Атырау,KZATY,100.0
2018,пайыз,ең қарапайым деңгейде бөлек дәретханалармен,,Батыс Қазақстан,KZZAP,100.0
2018,пайыз,ең қарапайым деңгейде бөлек дәретханалармен,,Жамбыл,KZZHA,100.0
2018,пайыз,ең қарапайым деңгейде бөлек дәретханалармен,,Қарағанды,KZKAR,100.0
2018,пайыз,ең қарапайым деңгейде бөлек дәретханалармен,,Қостанай,KZKUS,100.0
2018,пайыз,ең қарапайым деңгейде бөлек дәретханалармен,,Қызылорда,KZKZY,100.0
2018,пайыз,ең қарапайым деңгейде бөлек дәретханалармен,,Маңғыстау,KZMAN,100.0
2018,пайыз,ең қарапайым деңгейде бөлек дәретханалармен,,Оңтүстік Қазақстан,KZONT,100.0
2018,пайыз,ең қарапайым деңгейде бөлек дәретханалармен,,Павлодар,KZPAV,100.0
2018,пайыз,ең қарапайым деңгейде бөлек дәретханалармен,,Солтүстік Қазақстан,KZSEV,100.0
2018,пайыз,ең қарапайым деңгейде бөлек дәретханалармен,,Түркістан,KZYUZ,100.0
2018,пайыз,ең қарапайым деңгейде бөлек дәретханалармен,,Шығыс Қазақстан,KZVOS,100.0
2018,пайыз,ең қарапайым деңгейде бөлек дәретханалармен,,Астана қаласы,KZNS,100.0
2018,пайыз,ең қарапайым деңгейде бөлек дәретханалармен,,Алматы қаласы,KZALA,100.0
2018,пайыз,ең қарапайым деңгейде бөлек дәретханалармен,,Шымкент қаласы,KZSHY,100.0
2019,пайыз,Оқу мақсаттары үшін Интернетке қол жетімділікпен,,,,94.1
2019,пайыз,Оқу мақсаттары үшін Интернетке қол жетімділікпен,,Ақмола,KZAKM,100.0
2019,пайыз,Оқу мақсаттары үшін Интернетке қол жетімділікпен,,Ақтөбе,KZAKT,97.1
2019,пайыз,Оқу мақсаттары үшін Интернетке қол жетімділікпен,,Алматы,KZALM,91.8
2019,пайыз,Оқу мақсаттары үшін Интернетке қол жетімділікпен,,Атырау,KZATY,93.7
2019,пайыз,Оқу мақсаттары үшін Интернетке қол жетімділікпен,,Батыс Қазақстан,KZZAP,86.9
2019,пайыз,Оқу мақсаттары үшін Интернетке қол жетімділікпен,,Жамбыл,KZZHA,99.8
2019,пайыз,Оқу мақсаттары үшін Интернетке қол жетімділікпен,,Қарағанды,KZKAR,97.4
2019,пайыз,Оқу мақсаттары үшін Интернетке қол жетімділікпен,,Қостанай,KZKUS,91.5
2019,пайыз,Оқу мақсаттары үшін Интернетке қол жетімділікпен,,Қызылорда,KZKZY,98.1
2019,пайыз,Оқу мақсаттары үшін Интернетке қол жетімділікпен,,Маңғыстау,KZMAN,100.0
2019,пайыз,Оқу мақсаттары үшін Интернетке қол жетімділікпен,,Павлодар,KZPAV,99.5
2019,пайыз,Оқу мақсаттары үшін Интернетке қол жетімділікпен,,Солтүстік Қазақстан,KZSEV,90.7
2019,пайыз,Оқу мақсаттары үшін Интернетке қол жетімділікпен,,Түркістан,KZYUZ,83.0
2019,пайыз,Оқу мақсаттары үшін Интернетке қол жетімділікпен,,Шығыс Қазақстан,KZVOS,99.1
2019,пайыз,Оқу мақсаттары үшін Интернетке қол жетімділікпен,,Астана қаласы,KZNS,94.9
2019,пайыз,Оқу мақсаттары үшін Интернетке қол жетімділікпен,,Алматы қаласы,KZALA,98.6
2019,пайыз,Оқу мақсаттары үшін Интернетке қол жетімділікпен,,Шымкент қаласы,KZSHY,91.9
2019,пайыз,Оқу мақсаттары үшін Интернетке қол жетімділікпен,қала,,,96.7
2019,пайыз,Оқу мақсаттары үшін Интернетке қол жетімділікпен,қала,Ақмола,KZAKM,100.0
2019,пайыз,Оқу мақсаттары үшін Интернетке қол жетімділікпен,қала,Ақтөбе,KZAKT,97.8
2019,пайыз,Оқу мақсаттары үшін Интернетке қол жетімділікпен,қала,Алматы,KZALM,96.4
2019,пайыз,Оқу мақсаттары үшін Интернетке қол жетімділікпен,қала,Атырау,KZATY,96.1
2019,пайыз,Оқу мақсаттары үшін Интернетке қол жетімділікпен,қала,Батыс Қазақстан,KZZAP,93.2
2019,пайыз,Оқу мақсаттары үшін Интернетке қол жетімділікпен,қала,Жамбыл,KZZHA,99.1
2019,пайыз,Оқу мақсаттары үшін Интернетке қол жетімділікпен,қала,Қарағанды,KZKAR,97.9
2019,пайыз,Оқу мақсаттары үшін Интернетке қол жетімділікпен,қала,Қостанай,KZKUS,98.0
2019,пайыз,Оқу мақсаттары үшін Интернетке қол жетімділікпен,қала,Қызылорда,KZKZY,93.7
2019,пайыз,Оқу мақсаттары үшін Интернетке қол жетімділікпен,қала,Маңғыстау,KZMAN,100.0
2019,пайыз,Оқу мақсаттары үшін Интернетке қол жетімділікпен,қала,Павлодар,KZPAV,97.9
2019,пайыз,Оқу мақсаттары үшін Интернетке қол жетімділікпен,қала,Солтүстік Қазақстан,KZSEV,98.4
2019,пайыз,Оқу мақсаттары үшін Интернетке қол жетімділікпен,қала,Түркістан,KZYUZ,90.2
2019,пайыз,Оқу мақсаттары үшін Интернетке қол жетімділікпен,қала,Шығыс Қазақстан,KZVOS,98.3
2019,пайыз,Оқу мақсаттары үшін Интернетке қол жетімділікпен,қала,Астана қаласы,KZNS,94.9
2019,пайыз,Оқу мақсаттары үшін Интернетке қол жетімділікпен,қала,Алматы қаласы,KZALA,98.6
2019,пайыз,Оқу мақсаттары үшін Интернетке қол жетімділікпен,қала,Шымкент қаласы,KZSHY,91.9
2019,пайыз,Оқу мақсаттары үшін Интернетке қол жетімділікпен,ауыл,,,93.0
2019,пайыз,Оқу мақсаттары үшін Интернетке қол жетімділікпен,ауыл,Ақмола,KZAKM,100.0
2019,пайыз,Оқу мақсаттары үшін Интернетке қол жетімділікпен,ауыл,Ақтөбе,KZAKT,96.8
2019,пайыз,Оқу мақсаттары үшін Интернетке қол жетімділікпен,ауыл,Алматы,KZALM,91.0
2019,пайыз,Оқу мақсаттары үшін Интернетке қол жетімділікпен,ауыл,Атырау,KZATY,92.4
2019,пайыз,Оқу мақсаттары үшін Интернетке қол жетімділікпен,ауыл,Батыс Қазақстан,KZZAP,85.4
2019,пайыз,Оқу мақсаттары үшін Интернетке қол жетімділікпен,ауыл,Жамбыл,KZZHA,100.0
2019,пайыз,Оқу мақсаттары үшін Интернетке қол жетімділікпен,ауыл,Қарағанды,KZKAR,97.0
2019,пайыз,Оқу мақсаттары үшін Интернетке қол жетімділікпен,ауыл,Қостанай,KZKUS,89.9
2019,пайыз,Оқу мақсаттары үшін Интернетке қол жетімділікпен,ауыл,Қызылорда,KZKZY,99.6
2019,пайыз,Оқу мақсаттары үшін Интернетке қол жетімділікпен,ауыл,Маңғыстау,KZMAN,100.0
2019,пайыз,Оқу мақсаттары үшін Интернетке қол жетімділікпен,ауыл,Павлодар,KZPAV,100.0
2019,пайыз,Оқу мақсаттары үшін Интернетке қол жетімділікпен,ауыл,Солтүстік Қазақстан,KZSEV,89.6
2019,пайыз,Оқу мақсаттары үшін Интернетке қол жетімділікпен,ауыл,Түркістан,KZYUZ,81.9
2019,пайыз,Оқу мақсаттары үшін Интернетке қол жетімділікпен,ауыл,Шығыс Қазақстан,KZVOS,99.4
2019,пайыз,базалық ауыз су көздерімен,,,,100.0
2019,пайыз,ең қарапайым деңгейде бөлек дәретханалармен,,,,0.0
2019,пайыз,ең қарапайым деңгейде бөлек дәретханалармен,,Ақмола,KZAKM,100.0
2019,пайыз,ең қарапайым деңгейде бөлек дәретханалармен,,Ақтөбе,KZAKT,100.0
2019,пайыз,ең қарапайым деңгейде бөлек дәретханалармен,,Алматы,KZALM,100.0
2019,пайыз,ең қарапайым деңгейде бөлек дәретханалармен,,Атырау,KZATY,100.0
2019,пайыз,ең қарапайым деңгейде бөлек дәретханалармен,,Батыс Қазақстан,KZZAP,100.0
2019,пайыз,ең қарапайым деңгейде бөлек дәретханалармен,,Жамбыл,KZZHA,100.0
2019,пайыз,ең қарапайым деңгейде бөлек дәретханалармен,,Қарағанды,KZKAR,100.0
2019,пайыз,ең қарапайым деңгейде бөлек дәретханалармен,,Қостанай,KZKUS,100.0
2019,пайыз,ең қарапайым деңгейде бөлек дәретханалармен,,Қызылорда,KZKZY,100.0
2019,пайыз,ең қарапайым деңгейде бөлек дәретханалармен,,Маңғыстау,KZMAN,100.0
2019,пайыз,ең қарапайым деңгейде бөлек дәретханалармен,,Оңтүстік Қазақстан,KZONT,100.0
2019,пайыз,ең қарапайым деңгейде бөлек дәретханалармен,,Павлодар,KZPAV,100.0
2019,пайыз,ең қарапайым деңгейде бөлек дәретханалармен,,Солтүстік Қазақстан,KZSEV,100.0
2019,пайыз,ең қарапайым деңгейде бөлек дәретханалармен,,Түркістан,KZYUZ,100.0
2019,пайыз,ең қарапайым деңгейде бөлек дәретханалармен,,Шығыс Қазақстан,KZVOS,100.0
2019,пайыз,ең қарапайым деңгейде бөлек дәретханалармен,,Астана қаласы,KZNS,100.0
2019,пайыз,ең қарапайым деңгейде бөлек дәретханалармен,,Алматы қаласы,KZALA,100.0
2019,пайыз,ең қарапайым деңгейде бөлек дәретханалармен,,Шымкент қаласы,KZSHY,100.0
2019,пайыз,Жылы және сыртқы дәретханалардың болуы,,,,41.6
2019,пайыз,Жылы және сыртқы дәретханалардың болуы,,Ақмола,KZAKM,75.1
2019,пайыз,Жылы және сыртқы дәретханалардың болуы,,Ақтөбе,KZAKT,39.7
2019,пайыз,Жылы және сыртқы дәретханалардың болуы,,Алматы,KZALM,37.7
2019,пайыз,Жылы және сыртқы дәретханалардың болуы,,Атырау,KZATY,46.9
2019,пайыз,Жылы және сыртқы дәретханалардың болуы,,Батыс Қазақстан,KZZAP,30.8
2019,пайыз,Жылы және сыртқы дәретханалардың болуы,,Жамбыл,KZZHA,28.4
2019,пайыз,Жылы және сыртқы дәретханалардың болуы,,Қарағанды,KZKAR,19.4
2019,пайыз,Жылы және сыртқы дәретханалардың болуы,,Қостанай,KZKUS,66.1
2019,пайыз,Жылы және сыртқы дәретханалардың болуы,,Қызылорда,KZKZY,44.9
2019,пайыз,Жылы және сыртқы дәретханалардың болуы,,Маңғыстау,KZMAN,28.4
2019,пайыз,Жылы және сыртқы дәретханалардың болуы,,Павлодар,KZPAV,72.0
2019,пайыз,Жылы және сыртқы дәретханалардың болуы,,Солтүстік Қазақстан,KZSEV,63.0
2019,пайыз,Жылы және сыртқы дәретханалардың болуы,,Түркістан,KZYUZ,34.9
2019,пайыз,Жылы және сыртқы дәретханалардың болуы,,Шығыс Қазақстан,KZVOS,32.4
2019,пайыз,Жылы және сыртқы дәретханалардың болуы,,Астана қаласы,KZNS,0.8
2019,пайыз,Жылы және сыртқы дәретханалардың болуы,,Алматы қаласы,KZALA,3.1
2019,пайыз,Жылы және сыртқы дәретханалардың болуы,,Шымкент қаласы,KZSHY,46.2
2019,пайыз,Тек сыртқы дәретханалардың болуы,,,,31.3
2019,пайыз,Тек сыртқы дәретханалардың болуы,,Ақмола,KZAKM,0.0
2019,пайыз,Тек сыртқы дәретханалардың болуы,,Ақтөбе,KZAKT,33.0
2019,пайыз,Тек сыртқы дәретханалардың болуы,,Алматы,KZALM,52.6
2019,пайыз,Тек сыртқы дәретханалардың болуы,,Атырау,KZATY,18.4
2019,пайыз,Тек сыртқы дәретханалардың болуы,,Батыс Қазақстан,KZZAP,51.0
2019,пайыз,Тек сыртқы дәретханалардың болуы,,Жамбыл,KZZHA,58.1
2019,пайыз,Тек сыртқы дәретханалардың болуы,,Қарағанды,KZKAR,22.9
2019,пайыз,Тек сыртқы дәретханалардың болуы,,Қостанай,KZKUS,9.3
2019,пайыз,Тек сыртқы дәретханалардың болуы,,Қызылорда,KZKZY,40.8
2019,пайыз,Тек сыртқы дәретханалардың болуы,,Маңғыстау,KZMAN,25.2
2019,пайыз,Тек сыртқы дәретханалардың болуы,,Павлодар,KZPAV,0.5
2019,пайыз,Тек сыртқы дәретханалардың болуы,,Солтүстік Қазақстан,KZSEV,13.6
2019,пайыз,Тек сыртқы дәретханалардың болуы,,Түркістан,KZYUZ,59.1
2019,пайыз,Тек сыртқы дәретханалардың болуы,,Шығыс Қазақстан,KZVOS,40.5
2019,пайыз,Тек сыртқы дәретханалардың болуы,,Астана қаласы,KZNS,0.0
2019,пайыз,Тек сыртқы дәретханалардың болуы,,Алматы қаласы,KZALA,1.0
2019,пайыз,Тек сыртқы дәретханалардың болуы,,Шымкент қаласы,KZSHY,18.5
2019,пайыз,тек жылы дәретханалардың болуы,,,,27.1
2019,пайыз,тек жылы дәретханалардың болуы,,Ақмола,KZAKM,24.9
2019,пайыз,тек жылы дәретханалардың болуы,,Ақтөбе,KZAKT,27.3
2019,пайыз,тек жылы дәретханалардың болуы,,Алматы,KZALM,9.7
2019,пайыз,тек жылы дәретханалардың болуы,,Атырау,KZATY,34.8
2019,пайыз,тек жылы дәретханалардың болуы,,Батыс Қазақстан,KZZAP,18.2
2019,пайыз,тек жылы дәретханалардың болуы,,Жамбыл,KZZHA,13.4
2019,пайыз,тек жылы дәретханалардың болуы,,Қарағанды,KZKAR,57.7
2019,пайыз,тек жылы дәретханалардың болуы,,Қостанай,KZKUS,24.6
2019,пайыз,тек жылы дәретханалардың болуы,,Қызылорда,KZKZY,14.3
2019,пайыз,тек жылы дәретханалардың болуы,,Маңғыстау,KZMAN,46.5
2019,пайыз,тек жылы дәретханалардың болуы,,Павлодар,KZPAV,27.4
2019,пайыз,тек жылы дәретханалардың болуы,,Солтүстік Қазақстан,KZSEV,23.5
2019,пайыз,тек жылы дәретханалардың болуы,,Түркістан,KZYUZ,6.0
2019,пайыз,тек жылы дәретханалардың болуы,,Шығыс Қазақстан,KZVOS,27.1
2019,пайыз,тек жылы дәретханалардың болуы,,Астана қаласы,KZNS,99.2
2019,пайыз,тек жылы дәретханалардың болуы,,Алматы қаласы,KZALA,95.9
2019,пайыз,тек жылы дәретханалардың болуы,,Шымкент қаласы,KZSHY,35.3
2020,пайыз,Оқу мақсаттары үшін Интернетке қол жетімділікпен,,,,96.0
2020,пайыз,Оқу мақсаттары үшін Интернетке қол жетімділікпен,,Ақмола,KZAKM,99.0
2020,пайыз,Оқу мақсаттары үшін Интернетке қол жетімділікпен,,Ақтөбе,KZAKT,98.0
2020,пайыз,Оқу мақсаттары үшін Интернетке қол жетімділікпен,,Алматы,KZALM,94.0
2020,пайыз,Оқу мақсаттары үшін Интернетке қол жетімділікпен,,Атырау,KZATY,97.0
2020,пайыз,Оқу мақсаттары үшін Интернетке қол жетімділікпен,,Батыс Қазақстан,KZZAP,96.0
2020,пайыз,Оқу мақсаттары үшін Интернетке қол жетімділікпен,,Жамбыл,KZZHA,100.0
2020,пайыз,Оқу мақсаттары үшін Интернетке қол жетімділікпен,,Қарағанды,KZKAR,97.0
2020,пайыз,Оқу мақсаттары үшін Интернетке қол жетімділікпен,,Қостанай,KZKUS,99.0
2020,пайыз,Оқу мақсаттары үшін Интернетке қол жетімділікпен,,Қызылорда,KZKZY,99.0
2020,пайыз,Оқу мақсаттары үшін Интернетке қол жетімділікпен,,Маңғыстау,KZMAN,99.0
2020,пайыз,Оқу мақсаттары үшін Интернетке қол жетімділікпен,,Павлодар,KZPAV,99.0
2020,пайыз,Оқу мақсаттары үшін Интернетке қол жетімділікпен,,Солтүстік Қазақстан,KZSEV,96.0
2020,пайыз,Оқу мақсаттары үшін Интернетке қол жетімділікпен,,Түркістан,KZYUZ,84.0
2020,пайыз,Оқу мақсаттары үшін Интернетке қол жетімділікпен,,Шығыс Қазақстан,KZVOS,99.0
2020,пайыз,Оқу мақсаттары үшін Интернетке қол жетімділікпен,,Астана қаласы,KZNS,95.0
2020,пайыз,Оқу мақсаттары үшін Интернетке қол жетімділікпен,,Алматы қаласы,KZALA,98.0
2020,пайыз,Оқу мақсаттары үшін Интернетке қол жетімділікпен,,Шымкент қаласы,KZSHY,97.0
2020,пайыз,Оқу мақсаттары үшін Интернетке қол жетімділікпен,қала,,,97.0
2020,пайыз,Оқу мақсаттары үшін Интернетке қол жетімділікпен,қала,Ақмола,KZAKM,97.0
2020,пайыз,Оқу мақсаттары үшін Интернетке қол жетімділікпен,қала,Ақтөбе,KZAKT,99.0
2020,пайыз,Оқу мақсаттары үшін Интернетке қол жетімділікпен,қала,Алматы,KZALM,97.0
2020,пайыз,Оқу мақсаттары үшін Интернетке қол жетімділікпен,қала,Атырау,KZATY,96.0
2020,пайыз,Оқу мақсаттары үшін Интернетке қол жетімділікпен,қала,Батыс Қазақстан,KZZAP,99.0
2020,пайыз,Оқу мақсаттары үшін Интернетке қол жетімділікпен,қала,Жамбыл,KZZHA,99.0
2020,пайыз,Оқу мақсаттары үшін Интернетке қол жетімділікпен,қала,Қарағанды,KZKAR,98.0
2020,пайыз,Оқу мақсаттары үшін Интернетке қол жетімділікпен,қала,Қостанай,KZKUS,98.0
2020,пайыз,Оқу мақсаттары үшін Интернетке қол жетімділікпен,қала,Қызылорда,KZKZY,96.0
2020,пайыз,Оқу мақсаттары үшін Интернетке қол жетімділікпен,қала,Маңғыстау,KZMAN,100.0
2020,пайыз,Оқу мақсаттары үшін Интернетке қол жетімділікпен,қала,Павлодар,KZPAV,98.0
2020,пайыз,Оқу мақсаттары үшін Интернетке қол жетімділікпен,қала,Солтүстік Қазақстан,KZSEV,98.0
2020,пайыз,Оқу мақсаттары үшін Интернетке қол жетімділікпен,қала,Түркістан,KZYUZ,88.0
2020,пайыз,Оқу мақсаттары үшін Интернетке қол жетімділікпен,қала,Шығыс Қазақстан,KZVOS,98.0
2020,пайыз,Оқу мақсаттары үшін Интернетке қол жетімділікпен,қала,Астана қаласы,KZNS,95.0
2020,пайыз,Оқу мақсаттары үшін Интернетке қол жетімділікпен,қала,Алматы қаласы,KZALA,98.0
2020,пайыз,Оқу мақсаттары үшін Интернетке қол жетімділікпен,қала,Шымкент қаласы,KZSHY,97.0
2020,пайыз,Оқу мақсаттары үшін Интернетке қол жетімділікпен,ауыл,,,95.0
2020,пайыз,Оқу мақсаттары үшін Интернетке қол жетімділікпен,ауыл,Ақмола,KZAKM,99.0
2020,пайыз,Оқу мақсаттары үшін Интернетке қол жетімділікпен,ауыл,Ақтөбе,KZAKT,97.0
2020,пайыз,Оқу мақсаттары үшін Интернетке қол жетімділікпен,ауыл,Алматы,KZALM,93.0
2020,пайыз,Оқу мақсаттары үшін Интернетке қол жетімділікпен,ауыл,Атырау,KZATY,98.0
2020,пайыз,Оқу мақсаттары үшін Интернетке қол жетімділікпен,ауыл,Батыс Қазақстан,KZZAP,96.0
2020,пайыз,Оқу мақсаттары үшін Интернетке қол жетімділікпен,ауыл,Жамбыл,KZZHA,100.0
2020,пайыз,Оқу мақсаттары үшін Интернетке қол жетімділікпен,ауыл,Қарағанды,KZKAR,96.0
2020,пайыз,Оқу мақсаттары үшін Интернетке қол жетімділікпен,ауыл,Қостанай,KZKUS,100.0
2020,пайыз,Оқу мақсаттары үшін Интернетке қол жетімділікпен,ауыл,Қызылорда,KZKZY,100.0
2020,пайыз,Оқу мақсаттары үшін Интернетке қол жетімділікпен,ауыл,Маңғыстау,KZMAN,99.0
2020,пайыз,Оқу мақсаттары үшін Интернетке қол жетімділікпен,ауыл,Павлодар,KZPAV,100.0
2020,пайыз,Оқу мақсаттары үшін Интернетке қол жетімділікпен,ауыл,Солтүстік Қазақстан,KZSEV,95.0
2020,пайыз,Оқу мақсаттары үшін Интернетке қол жетімділікпен,ауыл,Түркістан,KZYUZ,83.0
2020,пайыз,Оқу мақсаттары үшін Интернетке қол жетімділікпен,ауыл,Шығыс Қазақстан,KZVOS,99.0
2020,пайыз,базалық ауыз су көздерімен,,,,100.0
2020,пайыз,ең қарапайым деңгейде бөлек дәретханалармен,,,,100.0
2020,пайыз,ең қарапайым деңгейде бөлек дәретханалармен,,Ақмола,KZAKM,100.0
2020,пайыз,ең қарапайым деңгейде бөлек дәретханалармен,,Ақтөбе,KZAKT,100.0
2020,пайыз,ең қарапайым деңгейде бөлек дәретханалармен,,Алматы,KZALM,100.0
2020,пайыз,ең қарапайым деңгейде бөлек дәретханалармен,,Атырау,KZATY,100.0
2020,пайыз,ең қарапайым деңгейде бөлек дәретханалармен,,Батыс Қазақстан,KZZAP,100.0
2020,пайыз,ең қарапайым деңгейде бөлек дәретханалармен,,Жамбыл,KZZHA,100.0
2020,пайыз,ең қарапайым деңгейде бөлек дәретханалармен,,Қарағанды,KZKAR,100.0
2020,пайыз,ең қарапайым деңгейде бөлек дәретханалармен,,Қостанай,KZKUS,100.0
2020,пайыз,ең қарапайым деңгейде бөлек дәретханалармен,,Қызылорда,KZKZY,100.0
2020,пайыз,ең қарапайым деңгейде бөлек дәретханалармен,,Маңғыстау,KZMAN,100.0
2020,пайыз,ең қарапайым деңгейде бөлек дәретханалармен,,Оңтүстік Қазақстан,KZONT,0.0
2020,пайыз,ең қарапайым деңгейде бөлек дәретханалармен,,Павлодар,KZPAV,100.0
2020,пайыз,ең қарапайым деңгейде бөлек дәретханалармен,,Солтүстік Қазақстан,KZSEV,100.0
2020,пайыз,ең қарапайым деңгейде бөлек дәретханалармен,,Түркістан,KZYUZ,100.0
2020,пайыз,ең қарапайым деңгейде бөлек дәретханалармен,,Шығыс Қазақстан,KZVOS,100.0
2020,пайыз,ең қарапайым деңгейде бөлек дәретханалармен,,Астана қаласы,KZNS,100.0
2020,пайыз,ең қарапайым деңгейде бөлек дәретханалармен,,Алматы қаласы,KZALA,100.0
2020,пайыз,ең қарапайым деңгейде бөлек дәретханалармен,,Шымкент қаласы,KZSHY,100.0
2020,пайыз,Жылы және сыртқы дәретханалардың болуы,,,,47.2
2020,пайыз,Жылы және сыртқы дәретханалардың болуы,,Ақмола,KZAKM,68.5
2020,пайыз,Жылы және сыртқы дәретханалардың болуы,,Ақтөбе,KZAKT,61.4
2020,пайыз,Жылы және сыртқы дәретханалардың болуы,,Алматы,KZALM,69.6
2020,пайыз,Жылы және сыртқы дәретханалардың болуы,,Атырау,KZATY,51.4
2020,пайыз,Жылы және сыртқы дәретханалардың болуы,,Батыс Қазақстан,KZZAP,78.6
2020,пайыз,Жылы және сыртқы дәретханалардың болуы,,Жамбыл,KZZHA,2.6
2020,пайыз,Жылы және сыртқы дәретханалардың болуы,,Қарағанды,KZKAR,12.0
2020,пайыз,Жылы және сыртқы дәретханалардың болуы,,Қостанай,KZKUS,57.4
2020,пайыз,Жылы және сыртқы дәретханалардың болуы,,Қызылорда,KZKZY,81.5
2020,пайыз,Жылы және сыртқы дәретханалардың болуы,,Маңғыстау,KZMAN,44.8
2020,пайыз,Жылы және сыртқы дәретханалардың болуы,,Павлодар,KZPAV,10.9
2020,пайыз,Жылы және сыртқы дәретханалардың болуы,,Солтүстік Қазақстан,KZSEV,70.8
2020,пайыз,Жылы және сыртқы дәретханалардың болуы,,Түркістан,KZYUZ,51.1
2020,пайыз,Жылы және сыртқы дәретханалардың болуы,,Шығыс Қазақстан,KZVOS,45.9
2020,пайыз,Жылы және сыртқы дәретханалардың болуы,,Астана қаласы,KZNS,1.5
2020,пайыз,Жылы және сыртқы дәретханалардың болуы,,Алматы қаласы,KZALA,2.3
2020,пайыз,Жылы және сыртқы дәретханалардың болуы,,Шымкент қаласы,KZSHY,15.2
2020,пайыз,Тек сыртқы дәретханалардың болуы,,,,7.1
2020,пайыз,Тек сыртқы дәретханалардың болуы,,Ақмола,KZAKM,0.2
2020,пайыз,Тек сыртқы дәретханалардың болуы,,Ақтөбе,KZAKT,0.0
2020,пайыз,Тек сыртқы дәретханалардың болуы,,Алматы,KZALM,14.5
2020,пайыз,Тек сыртқы дәретханалардың болуы,,Атырау,KZATY,1.0
2020,пайыз,Тек сыртқы дәретханалардың болуы,,Батыс Қазақстан,KZZAP,0.0
2020,пайыз,Тек сыртқы дәретханалардың болуы,,Жамбыл,KZZHA,1.1
2020,пайыз,Тек сыртқы дәретханалардың болуы,,Қарағанды,KZKAR,0.0
2020,пайыз,Тек сыртқы дәретханалардың болуы,,Қостанай,KZKUS,2.6
2020,пайыз,Тек сыртқы дәретханалардың болуы,,Қызылорда,KZKZY,1.6
2020,пайыз,Тек сыртқы дәретханалардың болуы,,Маңғыстау,KZMAN,3.7
2020,пайыз,Тек сыртқы дәретханалардың болуы,,Павлодар,KZPAV,0.0
2020,пайыз,Тек сыртқы дәретханалардың болуы,,Солтүстік Қазақстан,KZSEV,0.6
2020,пайыз,Тек сыртқы дәретханалардың болуы,,Түркістан,KZYUZ,40.3
2020,пайыз,Тек сыртқы дәретханалардың болуы,,Шығыс Қазақстан,KZVOS,0.0
2020,пайыз,Тек сыртқы дәретханалардың болуы,,Астана қаласы,KZNS,0.0
2020,пайыз,Тек сыртқы дәретханалардың болуы,,Алматы қаласы,KZALA,0.0
2020,пайыз,Тек сыртқы дәретханалардың болуы,,Шымкент қаласы,KZSHY,0.5
2020,пайыз,тек жылы дәретханалардың болуы,,,,45.6
2020,пайыз,тек жылы дәретханалардың болуы,,Ақмола,KZAKM,31.3
2020,пайыз,тек жылы дәретханалардың болуы,,Ақтөбе,KZAKT,38.6
2020,пайыз,тек жылы дәретханалардың болуы,,Алматы,KZALM,15.9
2020,пайыз,тек жылы дәретханалардың болуы,,Атырау,KZATY,47.1
2020,пайыз,тек жылы дәретханалардың болуы,,Батыс Қазақстан,KZZAP,21.4
2020,пайыз,тек жылы дәретханалардың болуы,,Жамбыл,KZZHA,96.4
2020,пайыз,тек жылы дәретханалардың болуы,,Қарағанды,KZKAR,88.0
2020,пайыз,тек жылы дәретханалардың болуы,,Қостанай,KZKUS,40.0
2020,пайыз,тек жылы дәретханалардың болуы,,Қызылорда,KZKZY,16.9
2020,пайыз,тек жылы дәретханалардың болуы,,Маңғыстау,KZMAN,51.5
2020,пайыз,тек жылы дәретханалардың болуы,,Павлодар,KZPAV,89.1
2020,пайыз,тек жылы дәретханалардың болуы,,Солтүстік Қазақстан,KZSEV,28.5
2020,пайыз,тек жылы дәретханалардың болуы,,Түркістан,KZYUZ,8.6
2020,пайыз,тек жылы дәретханалардың болуы,,Шығыс Қазақстан,KZVOS,54.1
2020,пайыз,тек жылы дәретханалардың болуы,,Астана қаласы,KZNS,97.7
2020,пайыз,тек жылы дәретханалардың болуы,,Алматы қаласы,KZALA,97.0
2020,пайыз,тек жылы дәретханалардың болуы,,Шымкент қаласы,KZSHY,84.2
2021,пайыз,Оқу мақсаттары үшін Интернетке қол жетімділікпен,,,,96.7
2021,пайыз,Оқу мақсаттары үшін Интернетке қол жетімділікпен,,Ақмола,KZAKM,99.1
2021,пайыз,Оқу мақсаттары үшін Интернетке қол жетімділікпен,,Ақтөбе,KZAKT,99.8
2021,пайыз,Оқу мақсаттары үшін Интернетке қол жетімділікпен,,Алматы,KZALM,96.0
2021,пайыз,Оқу мақсаттары үшін Интернетке қол жетімділікпен,,Атырау,KZATY,96.7
2021,пайыз,Оқу мақсаттары үшін Интернетке қол жетімділікпен,,Батыс Қазақстан,KZZAP,99.7
2021,пайыз,Оқу мақсаттары үшін Интернетке қол жетімділікпен,,Жамбыл,KZZHA,99.6
2021,пайыз,Оқу мақсаттары үшін Интернетке қол жетімділікпен,,Қарағанды,KZKAR,97.7
2021,пайыз,Оқу мақсаттары үшін Интернетке қол жетімділікпен,,Қостанай,KZKUS,99.8
2021,пайыз,Оқу мақсаттары үшін Интернетке қол жетімділікпен,,Қызылорда,KZKZY,98.8
2021,пайыз,Оқу мақсаттары үшін Интернетке қол жетімділікпен,,Маңғыстау,KZMAN,98.3
2021,пайыз,Оқу мақсаттары үшін Интернетке қол жетімділікпен,,Павлодар,KZPAV,99.5
2021,пайыз,Оқу мақсаттары үшін Интернетке қол жетімділікпен,,Солтүстік Қазақстан,KZSEV,96.2
2021,пайыз,Оқу мақсаттары үшін Интернетке қол жетімділікпен,,Түркістан,KZYUZ,85.8
2021,пайыз,Оқу мақсаттары үшін Интернетке қол жетімділікпен,,Шығыс Қазақстан,KZVOS,99.1
2021,пайыз,Оқу мақсаттары үшін Интернетке қол жетімділікпен,,Астана қаласы,KZNS,92.5
2021,пайыз,Оқу мақсаттары үшін Интернетке қол жетімділікпен,,Алматы қаласы,KZALA,98.7
2021,пайыз,Оқу мақсаттары үшін Интернетке қол жетімділікпен,,Шымкент қаласы,KZSHY,97.1
2021,пайыз,Оқу мақсаттары үшін Интернетке қол жетімділікпен,қала,,,97.1
2021,пайыз,Оқу мақсаттары үшін Интернетке қол жетімділікпен,қала,Ақмола,KZAKM,98.1
2021,пайыз,Оқу мақсаттары үшін Интернетке қол жетімділікпен,қала,Ақтөбе,KZAKT,99.3
2021,пайыз,Оқу мақсаттары үшін Интернетке қол жетімділікпен,қала,Алматы,KZALM,98.2
2021,пайыз,Оқу мақсаттары үшін Интернетке қол жетімділікпен,қала,Атырау,KZATY,96.4
2021,пайыз,Оқу мақсаттары үшін Интернетке қол жетімділікпен,қала,Батыс Қазақстан,KZZAP,98.7
2021,пайыз,Оқу мақсаттары үшін Интернетке қол жетімділікпен,қала,Жамбыл,KZZHA,99.1
2021,пайыз,Оқу мақсаттары үшін Интернетке қол жетімділікпен,қала,Қарағанды,KZKAR,98.3
2021,пайыз,Оқу мақсаттары үшін Интернетке қол жетімділікпен,қала,Қостанай,KZKUS,99.1
2021,пайыз,Оқу мақсаттары үшін Интернетке қол жетімділікпен,қала,Қызылорда,KZKZY,96.3
2021,пайыз,Оқу мақсаттары үшін Интернетке қол жетімділікпен,қала,Маңғыстау,KZMAN,98.5
2021,пайыз,Оқу мақсаттары үшін Интернетке қол жетімділікпен,қала,Павлодар,KZPAV,98.0
2021,пайыз,Оқу мақсаттары үшін Интернетке қол жетімділікпен,қала,Солтүстік Қазақстан,KZSEV,98.4
2021,пайыз,Оқу мақсаттары үшін Интернетке қол жетімділікпен,қала,Түркістан,KZYUZ,85.7
2021,пайыз,Оқу мақсаттары үшін Интернетке қол жетімділікпен,қала,Шығыс Қазақстан,KZVOS,98.4
2021,пайыз,Оқу мақсаттары үшін Интернетке қол жетімділікпен,қала,Астана қаласы,KZNS,92.5
2021,пайыз,Оқу мақсаттары үшін Интернетке қол жетімділікпен,қала,Алматы қаласы,KZALA,98.7
2021,пайыз,Оқу мақсаттары үшін Интернетке қол жетімділікпен,қала,Шымкент қаласы,KZSHY,97.1
2021,пайыз,Оқу мақсаттары үшін Интернетке қол жетімділікпен,ауыл,,,96.5
2021,пайыз,Оқу мақсаттары үшін Интернетке қол жетімділікпен,ауыл,Ақмола,KZAKM,99.4
2021,пайыз,Оқу мақсаттары үшін Интернетке қол жетімділікпен,ауыл,Ақтөбе,KZAKT,100.0
2021,пайыз,Оқу мақсаттары үшін Интернетке қол жетімділікпен,ауыл,Алматы,KZALM,95.6
2021,пайыз,Оқу мақсаттары үшін Интернетке қол жетімділікпен,ауыл,Атырау,KZATY,96.9
2021,пайыз,Оқу мақсаттары үшін Интернетке қол жетімділікпен,ауыл,Батыс Қазақстан,KZZAP,100.0
2021,пайыз,Оқу мақсаттары үшін Интернетке қол жетімділікпен,ауыл,Жамбыл,KZZHA,99.7
2021,пайыз,Оқу мақсаттары үшін Интернетке қол жетімділікпен,ауыл,Қарағанды,KZKAR,97.3
2021,пайыз,Оқу мақсаттары үшін Интернетке қол жетімділікпен,ауыл,Қостанай,KZKUS,100.0
2021,пайыз,Оқу мақсаттары үшін Интернетке қол жетімділікпен,ауыл,Қызылорда,KZKZY,99.6
2021,пайыз,Оқу мақсаттары үшін Интернетке қол жетімділікпен,ауыл,Маңғыстау,KZMAN,98.1
2021,пайыз,Оқу мақсаттары үшін Интернетке қол жетімділікпен,ауыл,Павлодар,KZPAV,100.0
2021,пайыз,Оқу мақсаттары үшін Интернетке қол жетімділікпен,ауыл,Солтүстік Қазақстан,KZSEV,95.9
2021,пайыз,Оқу мақсаттары үшін Интернетке қол жетімділікпен,ауыл,Түркістан,KZYUZ,85.8
2021,пайыз,Оқу мақсаттары үшін Интернетке қол жетімділікпен,ауыл,Шығыс Қазақстан,KZVOS,99.4
2021,пайыз,базалық ауыз су көздерімен,,,,100.0
2021,пайыз,ең қарапайым деңгейде бөлек дәретханалармен,,,,100.0
2021,пайыз,ең қарапайым деңгейде бөлек дәретханалармен,,Ақмола,KZAKM,100.0
2021,пайыз,ең қарапайым деңгейде бөлек дәретханалармен,,Ақтөбе,KZAKT,100.0
2021,пайыз,ең қарапайым деңгейде бөлек дәретханалармен,,Алматы,KZALM,100.0
2021,пайыз,ең қарапайым деңгейде бөлек дәретханалармен,,Атырау,KZATY,100.0
2021,пайыз,ең қарапайым деңгейде бөлек дәретханалармен,,Батыс Қазақстан,KZZAP,100.0
2021,пайыз,ең қарапайым деңгейде бөлек дәретханалармен,,Жамбыл,KZZHA,100.0
2021,пайыз,ең қарапайым деңгейде бөлек дәретханалармен,,Қарағанды,KZKAR,100.0
2021,пайыз,ең қарапайым деңгейде бөлек дәретханалармен,,Қостанай,KZKUS,100.0
2021,пайыз,ең қарапайым деңгейде бөлек дәретханалармен,,Қызылорда,KZKZY,100.0
2021,пайыз,ең қарапайым деңгейде бөлек дәретханалармен,,Маңғыстау,KZMAN,100.0
2021,пайыз,ең қарапайым деңгейде бөлек дәретханалармен,,Оңтүстік Қазақстан,KZONT,0.0
2021,пайыз,ең қарапайым деңгейде бөлек дәретханалармен,,Павлодар,KZPAV,100.0
2021,пайыз,ең қарапайым деңгейде бөлек дәретханалармен,,Солтүстік Қазақстан,KZSEV,100.0
2021,пайыз,ең қарапайым деңгейде бөлек дәретханалармен,,Түркістан,KZYUZ,100.0
2021,пайыз,ең қарапайым деңгейде бөлек дәретханалармен,,Шығыс Қазақстан,KZVOS,100.0
2021,пайыз,ең қарапайым деңгейде бөлек дәретханалармен,,Астана қаласы,KZNS,100.0
2021,пайыз,ең қарапайым деңгейде бөлек дәретханалармен,,Алматы қаласы,KZALA,100.0
2021,пайыз,ең қарапайым деңгейде бөлек дәретханалармен,,Шымкент қаласы,KZSHY,100.0
2021,пайыз,Жылы және сыртқы дәретханалардың болуы,,,,20.6
2021,пайыз,Жылы және сыртқы дәретханалардың болуы,,Ақмола,KZAKM,2.6
2021,пайыз,Жылы және сыртқы дәретханалардың болуы,,Ақтөбе,KZAKT,43.4
2021,пайыз,Жылы және сыртқы дәретханалардың болуы,,Алматы,KZALM,29.4
2021,пайыз,Жылы және сыртқы дәретханалардың болуы,,Атырау,KZATY,27.7
2021,пайыз,Жылы және сыртқы дәретханалардың болуы,,Батыс Қазақстан,KZZAP,66.8
2021,пайыз,Жылы және сыртқы дәретханалардың болуы,,Жамбыл,KZZHA,4.3
2021,пайыз,Жылы және сыртқы дәретханалардың болуы,,Қарағанды,KZKAR,5.7
2021,пайыз,Жылы және сыртқы дәретханалардың болуы,,Қостанай,KZKUS,27.2
2021,пайыз,Жылы және сыртқы дәретханалардың болуы,,Қызылорда,KZKZY,74.3
2021,пайыз,Жылы және сыртқы дәретханалардың болуы,,Маңғыстау,KZMAN,6.4
2021,пайыз,Жылы және сыртқы дәретханалардың болуы,,Павлодар,KZPAV,0.8
2021,пайыз,Жылы және сыртқы дәретханалардың болуы,,Солтүстік Қазақстан,KZSEV,0.6
2021,пайыз,Жылы және сыртқы дәретханалардың болуы,,Түркістан,KZYUZ,35.8
2021,пайыз,Жылы және сыртқы дәретханалардың болуы,,Шығыс Қазақстан,KZVOS,0.9
2021,пайыз,Жылы және сыртқы дәретханалардың болуы,,Астана қаласы,KZNS,0.0
2021,пайыз,Жылы және сыртқы дәретханалардың болуы,,Алматы қаласы,KZALA,0.9
2021,пайыз,Жылы және сыртқы дәретханалардың болуы,,Шымкент қаласы,KZSHY,4.4
2021,пайыз,Тек сыртқы дәретханалардың болуы,,,,1.0
2021,пайыз,Тек сыртқы дәретханалардың болуы,,Ақмола,KZAKM,0.2
2021,пайыз,Тек сыртқы дәретханалардың болуы,,Ақтөбе,KZAKT,0.0
2021,пайыз,Тек сыртқы дәретханалардың болуы,,Алматы,KZALM,1.9
2021,пайыз,Тек сыртқы дәретханалардың болуы,,Атырау,KZATY,0.5
2021,пайыз,Тек сыртқы дәретханалардың болуы,,Батыс Қазақстан,KZZAP,0.5
2021,пайыз,Тек сыртқы дәретханалардың болуы,,Жамбыл,KZZHA,0.4
2021,пайыз,Тек сыртқы дәретханалардың болуы,,Қарағанды,KZKAR,0.0
2021,пайыз,Тек сыртқы дәретханалардың болуы,,Қостанай,KZKUS,0.2
2021,пайыз,Тек сыртқы дәретханалардың болуы,,Қызылорда,KZKZY,0.0
2021,пайыз,Тек сыртқы дәретханалардың болуы,,Маңғыстау,KZMAN,0.0
2021,пайыз,Тек сыртқы дәретханалардың болуы,,Павлодар,KZPAV,0.0
2021,пайыз,Тек сыртқы дәретханалардың болуы,,Солтүстік Қазақстан,KZSEV,0.0
2021,пайыз,Тек сыртқы дәретханалардың болуы,,Түркістан,KZYUZ,5.4
2021,пайыз,Тек сыртқы дәретханалардың болуы,,Шығыс Қазақстан,KZVOS,0.3
2021,пайыз,Тек сыртқы дәретханалардың болуы,,Астана қаласы,KZNS,0.0
2021,пайыз,Тек сыртқы дәретханалардың болуы,,Алматы қаласы,KZALA,0.0
2021,пайыз,Тек сыртқы дәретханалардың болуы,,Шымкент қаласы,KZSHY,0.0
2021,пайыз,тек жылы дәретханалардың болуы,,,,78.4
2021,пайыз,тек жылы дәретханалардың болуы,,Ақмола,KZAKM,97.2
2021,пайыз,тек жылы дәретханалардың болуы,,Ақтөбе,KZAKT,56.6
2021,пайыз,тек жылы дәретханалардың болуы,,Алматы,KZALM,68.8
2021,пайыз,тек жылы дәретханалардың болуы,,Атырау,KZATY,71.8
2021,пайыз,тек жылы дәретханалардың болуы,,Батыс Қазақстан,KZZAP,32.6
2021,пайыз,тек жылы дәретханалардың болуы,,Жамбыл,KZZHA,95.2
2021,пайыз,тек жылы дәретханалардың болуы,,Қарағанды,KZKAR,94.3
2021,пайыз,тек жылы дәретханалардың болуы,,Қостанай,KZKUS,72.6
2021,пайыз,тек жылы дәретханалардың болуы,,Қызылорда,KZKZY,25.7
2021,пайыз,тек жылы дәретханалардың болуы,,Маңғыстау,KZMAN,93.6
2021,пайыз,тек жылы дәретханалардың болуы,,Павлодар,KZPAV,99.2
2021,пайыз,тек жылы дәретханалардың болуы,,Солтүстік Қазақстан,KZSEV,99.4
2021,пайыз,тек жылы дәретханалардың болуы,,Түркістан,KZYUZ,58.8
2021,пайыз,тек жылы дәретханалардың болуы,,Шығыс Қазақстан,KZVOS,98.8
2021,пайыз,тек жылы дәретханалардың болуы,,Астана қаласы,KZNS,100.0
2021,пайыз,тек жылы дәретханалардың болуы,,Алматы қаласы,KZALA,99.1
2021,пайыз,тек жылы дәретханалардың болуы,,Шымкент қаласы,KZSHY,95.6
2022,пайыз,Оқу мақсаттары үшін Интернетке қол жетімділікпен,,,,97.5
2022,пайыз,Оқу мақсаттары үшін Интернетке қол жетімділікпен,,Абай,KZABY,99.4
2022,пайыз,Оқу мақсаттары үшін Интернетке қол жетімділікпен,,Ақмола,KZAKM,99.3
2022,пайыз,Оқу мақсаттары үшін Интернетке қол жетімділікпен,,Ақтөбе,KZAKT,99.8
2022,пайыз,Оқу мақсаттары үшін Интернетке қол жетімділікпен,,Алматы,KZALM,98.3
2022,пайыз,Оқу мақсаттары үшін Интернетке қол жетімділікпен,,Атырау,KZATY,96.8
2022,пайыз,Оқу мақсаттары үшін Интернетке қол жетімділікпен,,Батыс Қазақстан,KZZAP,99.7
2022,пайыз,Оқу мақсаттары үшін Интернетке қол жетімділікпен,,Жамбыл,KZZHA,99.0
2022,пайыз,Оқу мақсаттары үшін Интернетке қол жетімділікпен,,Жетісу,KZZHS,99.7
2022,пайыз,Оқу мақсаттары үшін Интернетке қол жетімділікпен,,Қарағанды,KZKAR,98.9
2022,пайыз,Оқу мақсаттары үшін Интернетке қол жетімділікпен,,Қостанай,KZKUS,99.6
2022,пайыз,Оқу мақсаттары үшін Интернетке қол жетімділікпен,,Қызылорда,KZKZY,100.0
2022,пайыз,Оқу мақсаттары үшін Интернетке қол жетімділікпен,,Маңғыстау,KZMAN,98.9
2022,пайыз,Оқу мақсаттары үшін Интернетке қол жетімділікпен,,Павлодар,KZPAV,99.2
2022,пайыз,Оқу мақсаттары үшін Интернетке қол жетімділікпен,,Солтүстік Қазақстан,KZSEV,98.7
2022,пайыз,Оқу мақсаттары үшін Интернетке қол жетімділікпен,,Түркістан,KZYUZ,88.3
2022,пайыз,Оқу мақсаттары үшін Интернетке қол жетімділікпен,,Ұлытау,KZULU,97.7
2022,пайыз,Оқу мақсаттары үшін Интернетке қол жетімділікпен,,Шығыс Қазақстан,KZVOS,98.9
2022,пайыз,Оқу мақсаттары үшін Интернетке қол жетімділікпен,,Астана қаласы,KZNS,95.1
2022,пайыз,Оқу мақсаттары үшін Интернетке қол жетімділікпен,,Алматы қаласы,KZALA,96.7
2022,пайыз,Оқу мақсаттары үшін Интернетке қол жетімділікпен,,Шымкент қаласы,KZSHY,98.0
2022,пайыз,Оқу мақсаттары үшін Интернетке қол жетімділікпен,қала,,,97.4
2022,пайыз,Оқу мақсаттары үшін Интернетке қол жетімділікпен,қала,Абай,KZABY,98.9
2022,пайыз,Оқу мақсаттары үшін Интернетке қол жетімділікпен,қала,Ақмола,KZAKM,98.1
2022,пайыз,Оқу мақсаттары үшін Интернетке қол жетімділікпен,қала,Ақтөбе,KZAKT,99.3
2022,пайыз,Оқу мақсаттары үшін Интернетке қол жетімділікпен,қала,Алматы,KZALM,98.0
2022,пайыз,Оқу мақсаттары үшін Интернетке қол жетімділікпен,қала,Атырау,KZATY,96.7
2022,пайыз,Оқу мақсаттары үшін Интернетке қол жетімділікпен,қала,Батыс Қазақстан,KZZAP,98.7
2022,пайыз,Оқу мақсаттары үшін Интернетке қол жетімділікпен,қала,Жамбыл,KZZHA,97.6
2022,пайыз,Оқу мақсаттары үшін Интернетке қол жетімділікпен,қала,Жетісу,KZZHS,100.0
2022,пайыз,Оқу мақсаттары үшін Интернетке қол жетімділікпен,қала,Қарағанды,KZKAR,98.5
2022,пайыз,Оқу мақсаттары үшін Интернетке қол жетімділікпен,қала,Қостанай,KZKUS,99.1
2022,пайыз,Оқу мақсаттары үшін Интернетке қол жетімділікпен,қала,Қызылорда,KZKZY,100.0
2022,пайыз,Оқу мақсаттары үшін Интернетке қол жетімділікпен,қала,Маңғыстау,KZMAN,98.6
2022,пайыз,Оқу мақсаттары үшін Интернетке қол жетімділікпен,қала,Павлодар,KZPAV,97.9
2022,пайыз,Оқу мақсаттары үшін Интернетке қол жетімділікпен,қала,Солтүстік Қазақстан,KZSEV,98.4
2022,пайыз,Оқу мақсаттары үшін Интернетке қол жетімділікпен,қала,Түркістан,KZYUZ,90.1
2022,пайыз,Оқу мақсаттары үшін Интернетке қол жетімділікпен,қала,Ұлытау,KZULU,97.4
2022,пайыз,Оқу мақсаттары үшін Интернетке қол жетімділікпен,қала,Шығыс Қазақстан,KZVOS,97.1
2022,пайыз,Оқу мақсаттары үшін Интернетке қол жетімділікпен,қала,Астана қаласы,KZNS,95.1
2022,пайыз,Оқу мақсаттары үшін Интернетке қол жетімділікпен,қала,Алматы қаласы,KZALA,96.7
2022,пайыз,Оқу мақсаттары үшін Интернетке қол жетімділікпен,қала,Шымкент қаласы,KZSHY,98.0
2022,пайыз,Оқу мақсаттары үшін Интернетке қол жетімділікпен,ауыл,,,97.5
2022,пайыз,Оқу мақсаттары үшін Интернетке қол жетімділікпен,ауыл,ABY,ABY,99.6
2022,пайыз,Оқу мақсаттары үшін Интернетке қол жетімділікпен,ауыл,Ақмола,KZAKM,99.6
2022,пайыз,Оқу мақсаттары үшін Интернетке қол жетімділікпен,ауыл,Ақтөбе,KZAKT,100.0
2022,пайыз,Оқу мақсаттары үшін Интернетке қол жетімділікпен,ауыл,Алматы,KZALM,98.3
2022,пайыз,Оқу мақсаттары үшін Интернетке қол жетімділікпен,ауыл,Атырау,KZATY,96.9
2022,пайыз,Оқу мақсаттары үшін Интернетке қол жетімділікпен,ауыл,Батыс Қазақстан,KZZAP,100.0
2022,пайыз,Оқу мақсаттары үшін Интернетке қол жетімділікпен,ауыл,Жамбыл,KZZHA,99.5
2022,пайыз,Оқу мақсаттары үшін Интернетке қол жетімділікпен,ауыл,Жетісу,KZZHS,99.6
2022,пайыз,Оқу мақсаттары үшін Интернетке қол жетімділікпен,ауыл,Қарағанды,KZKAR,99.2
2022,пайыз,Оқу мақсаттары үшін Интернетке қол жетімділікпен,ауыл,Қостанай,KZKUS,99.7
2022,пайыз,Оқу мақсаттары үшін Интернетке қол жетімділікпен,ауыл,Қызылорда,KZKZY,100.0
2022,пайыз,Оқу мақсаттары үшін Интернетке қол жетімділікпен,ауыл,Маңғыстау,KZMAN,99.1
2022,пайыз,Оқу мақсаттары үшін Интернетке қол жетімділікпен,ауыл,Павлодар,KZPAV,99.6
2022,пайыз,Оқу мақсаттары үшін Интернетке қол жетімділікпен,ауыл,Солтүстік Қазақстан,KZSEV,98.8
2022,пайыз,Оқу мақсаттары үшін Интернетке қол жетімділікпен,ауыл,Түркістан,KZYUZ,88.0
2022,пайыз,Оқу мақсаттары үшін Интернетке қол жетімділікпен,ауыл,Ұлытау,KZULU,98.0
2022,пайыз,Оқу мақсаттары үшін Интернетке қол жетімділікпен,ауыл,Шығыс Қазақстан,KZVOS,99.6
2022,пайыз,базалық ауыз су көздерімен,,,,100.0
2022,пайыз,ең қарапайым деңгейде бөлек дәретханалармен,,,,100.0
2022,пайыз,ең қарапайым деңгейде бөлек дәретханалармен,,Абай,KZABY,100.0
2022,пайыз,ең қарапайым деңгейде бөлек дәретханалармен,,Ақмола,KZAKM,100.0
2022,пайыз,ең қарапайым деңгейде бөлек дәретханалармен,,Ақтөбе,KZAKT,100.0
2022,пайыз,ең қарапайым деңгейде бөлек дәретханалармен,,Алматы,KZALM,100.0
2022,пайыз,ең қарапайым деңгейде бөлек дәретханалармен,,Атырау,KZATY,100.0
2022,пайыз,ең қарапайым деңгейде бөлек дәретханалармен,,Батыс Қазақстан,KZZAP,100.0
2022,пайыз,ең қарапайым деңгейде бөлек дәретханалармен,,Жамбыл,KZZHA,100.0
2022,пайыз,ең қарапайым деңгейде бөлек дәретханалармен,,Жетісу,KZZHS,100.0
2022,пайыз,ең қарапайым деңгейде бөлек дәретханалармен,,Қарағанды,KZKAR,100.0
2022,пайыз,ең қарапайым деңгейде бөлек дәретханалармен,,Қостанай,KZKUS,100.0
2022,пайыз,ең қарапайым деңгейде бөлек дәретханалармен,,Қызылорда,KZKZY,100.0
2022,пайыз,ең қарапайым деңгейде бөлек дәретханалармен,,Маңғыстау,KZMAN,100.0
2022,пайыз,ең қарапайым деңгейде бөлек дәретханалармен,,Павлодар,KZPAV,100.0
2022,пайыз,ең қарапайым деңгейде бөлек дәретханалармен,,Солтүстік Қазақстан,KZSEV,100.0
2022,пайыз,ең қарапайым деңгейде бөлек дәретханалармен,,Түркістан,KZYUZ,100.0
2022,пайыз,ең қарапайым деңгейде бөлек дәретханалармен,,Ұлытау,KZULU,100.0
2022,пайыз,ең қарапайым деңгейде бөлек дәретханалармен,,Шығыс Қазақстан,KZVOS,100.0
2022,пайыз,ең қарапайым деңгейде бөлек дәретханалармен,,Астана қаласы,KZNS,100.0
2022,пайыз,ең қарапайым деңгейде бөлек дәретханалармен,,Алматы қаласы,KZALA,100.0
2022,пайыз,ең қарапайым деңгейде бөлек дәретханалармен,,Шымкент қаласы,KZSHY,100.0
2022,пайыз,Жылы және сыртқы дәретханалардың болуы,,,,19.9
2022,пайыз,Жылы және сыртқы дәретханалардың болуы,,Абай,KZABY,1.9
2022,пайыз,Жылы және сыртқы дәретханалардың болуы,,Ақмола,KZAKM,2.0
2022,пайыз,Жылы және сыртқы дәретханалардың болуы,,Ақтөбе,KZAKT,40.1
2022,пайыз,Жылы және сыртқы дәретханалардың болуы,,Алматы,KZALM,39.9
2022,пайыз,Жылы және сыртқы дәретханалардың болуы,,Атырау,KZATY,24.5
2022,пайыз,Жылы және сыртқы дәретханалардың болуы,,Батыс Қазақстан,KZZAP,65.4
2022,пайыз,Жылы және сыртқы дәретханалардың болуы,,Жамбыл,KZZHA,6.0
2022,пайыз,Жылы және сыртқы дәретханалардың болуы,,Жетісу,KZZHS,15.8
2022,пайыз,Жылы және сыртқы дәретханалардың болуы,,Қарағанды,KZKAR,0.2
2022,пайыз,Жылы және сыртқы дәретханалардың болуы,,Қостанай,KZKUS,24.2
2022,пайыз,Жылы және сыртқы дәретханалардың болуы,,Қызылорда,KZKZY,67.7
2022,пайыз,Жылы және сыртқы дәретханалардың болуы,,Маңғыстау,KZMAN,4.3
2022,пайыз,Жылы және сыртқы дәретханалардың болуы,,Павлодар,KZPAV,1.1
2022,пайыз,Жылы және сыртқы дәретханалардың болуы,,Солтүстік Қазақстан,KZSEV,0.9
2022,пайыз,Жылы және сыртқы дәретханалардың болуы,,Түркістан,KZYUZ,37.8
2022,пайыз,Жылы және сыртқы дәретханалардың болуы,,Ұлытау,KZULU,3.4
2022,пайыз,Жылы және сыртқы дәретханалардың болуы,,Шығыс Қазақстан,KZVOS,3.6
2022,пайыз,Жылы және сыртқы дәретханалардың болуы,,Астана қаласы,KZNS,0.0
2022,пайыз,Жылы және сыртқы дәретханалардың болуы,,Алматы қаласы,KZALA,0.9
2022,пайыз,Жылы және сыртқы дәретханалардың болуы,,Шымкент қаласы,KZSHY,4.4
2022,пайыз,Тек сыртқы дәретханалардың болуы,,,,0.5
2022,пайыз,Тек сыртқы дәретханалардың болуы,,Абай,KZABY,0.0
2022,пайыз,Тек сыртқы дәретханалардың болуы,,Ақмола,KZAKM,0.2
2022,пайыз,Тек сыртқы дәретханалардың болуы,,Ақтөбе,KZAKT,0.0
2022,пайыз,Тек сыртқы дәретханалардың болуы,,Алматы,KZALM,0.4
2022,пайыз,Тек сыртқы дәретханалардың болуы,,Атырау,KZATY,0.5
2022,пайыз,Тек сыртқы дәретханалардың болуы,,Батыс Қазақстан,KZZAP,0.5
2022,пайыз,Тек сыртқы дәретханалардың болуы,,Жамбыл,KZZHA,0.2
2022,пайыз,Тек сыртқы дәретханалардың болуы,,Жетісу,KZZHS,0.3
2022,пайыз,Тек сыртқы дәретханалардың болуы,,Қарағанды,KZKAR,0.0
2022,пайыз,Тек сыртқы дәретханалардың болуы,,Қостанай,KZKUS,0.2
2022,пайыз,Тек сыртқы дәретханалардың болуы,,Қызылорда,KZKZY,0.0
2022,пайыз,Тек сыртқы дәретханалардың болуы,,Маңғыстау,KZMAN,0.0
2022,пайыз,Тек сыртқы дәретханалардың болуы,,Павлодар,KZPAV,0.0
2022,пайыз,Тек сыртқы дәретханалардың болуы,,Солтүстік Қазақстан,KZSEV,0.0
2022,пайыз,Тек сыртқы дәретханалардың болуы,,Түркістан,KZYUZ,2.5
2022,пайыз,Тек сыртқы дәретханалардың болуы,,Ұлытау,KZULU,0.0
2022,пайыз,Тек сыртқы дәретханалардың болуы,,Шығыс Қазақстан,KZVOS,0.3
2022,пайыз,Тек сыртқы дәретханалардың болуы,,Астана қаласы,KZNS,0.0
2022,пайыз,Тек сыртқы дәретханалардың болуы,,Алматы қаласы,KZALA,0.0
2022,пайыз,Тек сыртқы дәретханалардың болуы,,Шымкент қаласы,KZSHY,0.0
2022,пайыз,тек жылы дәретханалардың болуы,,,,79.7
2022,пайыз,тек жылы дәретханалардың болуы,,Абай,KZABY,98.1
2022,пайыз,тек жылы дәретханалардың болуы,,Ақмола,KZAKM,97.9
2022,пайыз,тек жылы дәретханалардың болуы,,Ақтөбе,KZAKT,59.9
2022,пайыз,тек жылы дәретханалардың болуы,,Алматы,KZALM,59.7
2022,пайыз,тек жылы дәретханалардың болуы,,Атырау,KZATY,75.0
2022,пайыз,тек жылы дәретханалардың болуы,,Батыс Қазақстан,KZZAP,34.1
2022,пайыз,тек жылы дәретханалардың болуы,,Жамбыл,KZZHA,93.8
2022,пайыз,тек жылы дәретханалардың болуы,,Жетісу,KZZHS,84.0
2022,пайыз,тек жылы дәретханалардың болуы,,Қарағанды,KZKAR,99.8
2022,пайыз,тек жылы дәретханалардың болуы,,Қостанай,KZKUS,75.6
2022,пайыз,тек жылы дәретханалардың болуы,,Қызылорда,KZKZY,32.3
2022,пайыз,тек жылы дәретханалардың болуы,,Маңғыстау,KZMAN,95.7
2022,пайыз,тек жылы дәретханалардың болуы,,Павлодар,KZPAV,98.9
2022,пайыз,тек жылы дәретханалардың болуы,,Солтүстік Қазақстан,KZSEV,99.1
2022,пайыз,тек жылы дәретханалардың болуы,,Түркістан,KZYUZ,59.7
2022,пайыз,тек жылы дәретханалардың болуы,,Ұлытау,KZULU,96.6
2022,пайыз,тек жылы дәретханалардың болуы,,Шығыс Қазақстан,KZVOS,96.1
2022,пайыз,тек жылы дәретханалардың болуы,,Астана қаласы,KZNS,100.0
2022,пайыз,тек жылы дәретханалардың болуы,,Алматы қаласы,KZALA,99.1
2022,пайыз,тек жылы дәретханалардың болуы,,Шымкент қаласы,KZSHY,95.6
2023,пайыз,Оқу мақсаттары үшін Интернетке қол жетімділікпен,,,,98.7
2023,пайыз,Оқу мақсаттары үшін Интернетке қол жетімділікпен,,Абай,KZABY,99.4
2023,пайыз,Оқу мақсаттары үшін Интернетке қол жетімділікпен,,Ақмола,KZAKM,99.3
2023,пайыз,Оқу мақсаттары үшін Интернетке қол жетімділікпен,,Ақтөбе,KZAKT,99.8
2023,пайыз,Оқу мақсаттары үшін Интернетке қол жетімділікпен,,Алматы,KZALM,98.3
2023,пайыз,Оқу мақсаттары үшін Интернетке қол жетімділікпен,,Атырау,KZATY,97.8
2023,пайыз,Оқу мақсаттары үшін Интернетке қол жетімділікпен,,Батыс Қазақстан,KZZAP,100.0
2023,пайыз,Оқу мақсаттары үшін Интернетке қол жетімділікпен,,Жамбыл,KZZHA,98.7
2023,пайыз,Оқу мақсаттары үшін Интернетке қол жетімділікпен,,Жетісу,KZZHS,100.0
2023,пайыз,Оқу мақсаттары үшін Интернетке қол жетімділікпен,,Қарағанды,KZKAR,98.4
2023,пайыз,Оқу мақсаттары үшін Интернетке қол жетімділікпен,,Қостанай,KZKUS,99.8
2023,пайыз,Оқу мақсаттары үшін Интернетке қол жетімділікпен,,Қызылорда,KZKZY,100.0
2023,пайыз,Оқу мақсаттары үшін Интернетке қол жетімділікпен,,Маңғыстау,KZMAN,100.0
2023,пайыз,Оқу мақсаттары үшін Интернетке қол жетімділікпен,,Павлодар,KZPAV,99.5
2023,пайыз,Оқу мақсаттары үшін Интернетке қол жетімділікпен,,Солтүстік Қазақстан,KZSEV,99.8
2023,пайыз,Оқу мақсаттары үшін Интернетке қол жетімділікпен,,Түркістан,KZYUZ,94.7
2023,пайыз,Оқу мақсаттары үшін Интернетке қол жетімділікпен,,Ұлытау,KZULU,100.0
2023,пайыз,Оқу мақсаттары үшін Интернетке қол жетімділікпен,,Шығыс Қазақстан,KZVOS,99.2
2023,пайыз,Оқу мақсаттары үшін Интернетке қол жетімділікпен,,Астана қаласы,KZNS,99.4
2023,пайыз,Оқу мақсаттары үшін Интернетке қол жетімділікпен,,Алматы қаласы,KZALA,99.7
2023,пайыз,Оқу мақсаттары үшін Интернетке қол жетімділікпен,,Шымкент қаласы,KZSHY,99.3
2023,пайыз,Оқу мақсаттары үшін Интернетке қол жетімділікпен,қала,,,98.6
2023,пайыз,Оқу мақсаттары үшін Интернетке қол жетімділікпен,қала,Абай,KZABY,98.9
2023,пайыз,Оқу мақсаттары үшін Интернетке қол жетімділікпен,қала,Ақмола,KZAKM,98.2
2023,пайыз,Оқу мақсаттары үшін Интернетке қол жетімділікпен,қала,Ақтөбе,KZAKT,99.3
2023,пайыз,Оқу мақсаттары үшін Интернетке қол жетімділікпен,қала,Алматы,KZALM,98.2
2023,пайыз,Оқу мақсаттары үшін Интернетке қол жетімділікпен,қала,Атырау,KZATY,98.0
2023,пайыз,Оқу мақсаттары үшін Интернетке қол жетімділікпен,қала,Батыс Қазақстан,KZZAP,100.0
2023,пайыз,Оқу мақсаттары үшін Интернетке қол жетімділікпен,қала,Жамбыл,KZZHA,97.8
2023,пайыз,Оқу мақсаттары үшін Интернетке қол жетімділікпен,қала,Жетісу,KZZHS,100.0
2023,пайыз,Оқу мақсаттары үшін Интернетке қол жетімділікпен,қала,Қарағанды,KZKAR,98.0
2023,пайыз,Оқу мақсаттары үшін Интернетке қол жетімділікпен,қала,Қостанай,KZKUS,99.1
2023,пайыз,Оқу мақсаттары үшін Интернетке қол жетімділікпен,қала,Қызылорда,KZKZY,100.0
2023,пайыз,Оқу мақсаттары үшін Интернетке қол жетімділікпен,қала,Маңғыстау,KZMAN,100.0
2023,пайыз,Оқу мақсаттары үшін Интернетке қол жетімділікпен,қала,Павлодар,KZPAV,98.0
2023,пайыз,Оқу мақсаттары үшін Интернетке қол жетімділікпен,қала,Солтүстік Қазақстан,KZSEV,98.4
2023,пайыз,Оқу мақсаттары үшін Интернетке қол жетімділікпен,қала,Түркістан,KZYUZ,92.9
2023,пайыз,Оқу мақсаттары үшін Интернетке қол жетімділікпен,қала,Ұлытау,KZULU,100.0
2023,пайыз,Оқу мақсаттары үшін Интернетке қол жетімділікпен,қала,Шығыс Қазақстан,KZVOS,98.1
2023,пайыз,Оқу мақсаттары үшін Интернетке қол жетімділікпен,қала,Астана қаласы,KZNS,99.4
2023,пайыз,Оқу мақсаттары үшін Интернетке қол жетімділікпен,қала,Алматы қаласы,KZALA,99.7
2023,пайыз,Оқу мақсаттары үшін Интернетке қол жетімділікпен,қала,Шымкент қаласы,KZSHY,99.3
2023,пайыз,Оқу мақсаттары үшін Интернетке қол жетімділікпен,ауыл,,,98.8
2023,пайыз,Оқу мақсаттары үшін Интернетке қол жетімділікпен,ауыл,ABY,ABY,99.6
2023,пайыз,Оқу мақсаттары үшін Интернетке қол жетімділікпен,ауыл,Ақмола,KZAKM,99.6
2023,пайыз,Оқу мақсаттары үшін Интернетке қол жетімділікпен,ауыл,Ақтөбе,KZAKT,100.0
2023,пайыз,Оқу мақсаттары үшін Интернетке қол жетімділікпен,ауыл,Алматы,KZALM,98.3
2023,пайыз,Оқу мақсаттары үшін Интернетке қол жетімділікпен,ауыл,Атырау,KZATY,97.7
2023,пайыз,Оқу мақсаттары үшін Интернетке қол жетімділікпен,ауыл,Батыс Қазақстан,KZZAP,100.0
2023,пайыз,Оқу мақсаттары үшін Интернетке қол жетімділікпен,ауыл,Жамбыл,KZZHA,99.0
2023,пайыз,Оқу мақсаттары үшін Интернетке қол жетімділікпен,ауыл,Жетісу,KZZHS,100.0
2023,пайыз,Оқу мақсаттары үшін Интернетке қол жетімділікпен,ауыл,Қарағанды,KZKAR,98.7
2023,пайыз,Оқу мақсаттары үшін Интернетке қол жетімділікпен,ауыл,Қостанай,KZKUS,100.0
2023,пайыз,Оқу мақсаттары үшін Интернетке қол жетімділікпен,ауыл,Қызылорда,KZKZY,100.0
2023,пайыз,Оқу мақсаттары үшін Интернетке қол жетімділікпен,ауыл,Маңғыстау,KZMAN,100.0
2023,пайыз,Оқу мақсаттары үшін Интернетке қол жетімділікпен,ауыл,Павлодар,KZPAV,100.0
2023,пайыз,Оқу мақсаттары үшін Интернетке қол жетімділікпен,ауыл,Солтүстік Қазақстан,KZSEV,100.0
2023,пайыз,Оқу мақсаттары үшін Интернетке қол жетімділікпен,ауыл,Түркістан,KZYUZ,95.0
2023,пайыз,Оқу мақсаттары үшін Интернетке қол жетімділікпен,ауыл,Ұлытау,KZULU,100.0
2023,пайыз,Оқу мақсаттары үшін Интернетке қол жетімділікпен,ауыл,Шығыс Қазақстан,KZVOS,99.6
2023,пайыз,базалық ауыз су көздерімен,,,,99.9
2023,пайыз,ең қарапайым деңгейде бөлек дәретханалармен,,,,100.0
2023,пайыз,ең қарапайым деңгейде бөлек дәретханалармен,,Абай,KZABY,100.0
2023,пайыз,ең қарапайым деңгейде бөлек дәретханалармен,,Ақмола,KZAKM,100.0
2023,пайыз,ең қарапайым деңгейде бөлек дәретханалармен,,Ақтөбе,KZAKT,100.0
2023,пайыз,ең қарапайым деңгейде бөлек дәретханалармен,,Алматы,KZALM,100.0
2023,пайыз,ең қарапайым деңгейде бөлек дәретханалармен,,Атырау,KZATY,100.0
2023,пайыз,ең қарапайым деңгейде бөлек дәретханалармен,,Батыс Қазақстан,KZZAP,100.0
2023,пайыз,ең қарапайым деңгейде бөлек дәретханалармен,,Жамбыл,KZZHA,100.0
2023,пайыз,ең қарапайым деңгейде бөлек дәретханалармен,,Жетісу,KZZHS,100.0
2023,пайыз,ең қарапайым деңгейде бөлек дәретханалармен,,Қарағанды,KZKAR,100.0
2023,пайыз,ең қарапайым деңгейде бөлек дәретханалармен,,Қостанай,KZKUS,100.0
2023,пайыз,ең қарапайым деңгейде бөлек дәретханалармен,,Қызылорда,KZKZY,100.0
2023,пайыз,ең қарапайым деңгейде бөлек дәретханалармен,,Маңғыстау,KZMAN,100.0
2023,пайыз,ең қарапайым деңгейде бөлек дәретханалармен,,Павлодар,KZPAV,100.0
2023,пайыз,ең қарапайым деңгейде бөлек дәретханалармен,,Солтүстік Қазақстан,KZSEV,100.0
2023,пайыз,ең қарапайым деңгейде бөлек дәретханалармен,,Түркістан,KZYUZ,100.0
2023,пайыз,ең қарапайым деңгейде бөлек дәретханалармен,,Ұлытау,KZULU,100.0
2023,пайыз,ең қарапайым деңгейде бөлек дәретханалармен,,Шығыс Қазақстан,KZVOS,100.0
2023,пайыз,ең қарапайым деңгейде бөлек дәретханалармен,,Астана қаласы,KZNS,100.0
2023,пайыз,ең қарапайым деңгейде бөлек дәретханалармен,,Алматы қаласы,KZALA,100.0
2023,пайыз,ең қарапайым деңгейде бөлек дәретханалармен,,Шымкент қаласы,KZSHY,100.0
2023,пайыз,Жылы және сыртқы дәретханалардың болуы,,,,18.1
2023,пайыз,Жылы және сыртқы дәретханалардың болуы,,Абай,KZABY,2.2
2023,пайыз,Жылы және сыртқы дәретханалардың болуы,,Ақмола,KZAKM,0.0
2023,пайыз,Жылы және сыртқы дәретханалардың болуы,,Ақтөбе,KZAKT,32.7
2023,пайыз,Жылы және сыртқы дәретханалардың болуы,,Алматы,KZALM,40.5
2023,пайыз,Жылы және сыртқы дәретханалардың болуы,,Атырау,KZATY,21.8
2023,пайыз,Жылы және сыртқы дәретханалардың болуы,,Батыс Қазақстан,KZZAP,65.1
2023,пайыз,Жылы және сыртқы дәретханалардың болуы,,Жамбыл,KZZHA,6.7
2023,пайыз,Жылы және сыртқы дәретханалардың болуы,,Жетісу,KZZHS,21.3
2023,пайыз,Жылы және сыртқы дәретханалардың болуы,,Қарағанды,KZKAR,1.2
2023,пайыз,Жылы және сыртқы дәретханалардың болуы,,Қостанай,KZKUS,9.0
2023,пайыз,Жылы және сыртқы дәретханалардың болуы,,Қызылорда,KZKZY,54.0
2023,пайыз,Жылы және сыртқы дәретханалардың болуы,,Маңғыстау,KZMAN,3.6
2023,пайыз,Жылы және сыртқы дәретханалардың болуы,,Павлодар,KZPAV,1.1
2023,пайыз,Жылы және сыртқы дәретханалардың болуы,,Солтүстік Қазақстан,KZSEV,0.2
2023,пайыз,Жылы және сыртқы дәретханалардың болуы,,Түркістан,KZYUZ,37.5
2023,пайыз,Жылы және сыртқы дәретханалардың болуы,,Ұлытау,KZULU,3.4
2023,пайыз,Жылы және сыртқы дәретханалардың болуы,,Шығыс Қазақстан,KZVOS,2.5
2023,пайыз,Жылы және сыртқы дәретханалардың болуы,,Астана қаласы,KZNS,0.0
2023,пайыз,Жылы және сыртқы дәретханалардың болуы,,Алматы қаласы,KZALA,1.7
2023,пайыз,Жылы және сыртқы дәретханалардың болуы,,Шымкент қаласы,KZSHY,5.8
2023,пайыз,Тек сыртқы дәретханалардың болуы,,,,0.4
2023,пайыз,Тек сыртқы дәретханалардың болуы,,Абай,KZABY,0.0
2023,пайыз,Тек сыртқы дәретханалардың болуы,,Ақмола,KZAKM,0.0
2023,пайыз,Тек сыртқы дәретханалардың болуы,,Ақтөбе,KZAKT,0.0
2023,пайыз,Тек сыртқы дәретханалардың болуы,,Алматы,KZALM,0.4
2023,пайыз,Тек сыртқы дәретханалардың болуы,,Атырау,KZATY,0.4
2023,пайыз,Тек сыртқы дәретханалардың болуы,,Батыс Қазақстан,KZZAP,0.3
2023,пайыз,Тек сыртқы дәретханалардың болуы,,Жамбыл,KZZHA,0.6
2023,пайыз,Тек сыртқы дәретханалардың болуы,,Жетісу,KZZHS,0.0
2023,пайыз,Тек сыртқы дәретханалардың болуы,,Қарағанды,KZKAR,0.0
2023,пайыз,Тек сыртқы дәретханалардың болуы,,Қостанай,KZKUS,0.0
2023,пайыз,Тек сыртқы дәретханалардың болуы,,Қызылорда,KZKZY,0.0
2023,пайыз,Тек сыртқы дәретханалардың болуы,,Маңғыстау,KZMAN,0.5
2023,пайыз,Тек сыртқы дәретханалардың болуы,,Павлодар,KZPAV,0.0
2023,пайыз,Тек сыртқы дәретханалардың болуы,,Солтүстік Қазақстан,KZSEV,0.0
2023,пайыз,Тек сыртқы дәретханалардың болуы,,Түркістан,KZYUZ,2.1
2023,пайыз,Тек сыртқы дәретханалардың болуы,,Ұлытау,KZULU,0.0
2023,пайыз,Тек сыртқы дәретханалардың болуы,,Шығыс Қазақстан,KZVOS,0.0
2023,пайыз,Тек сыртқы дәретханалардың болуы,,Астана қаласы,KZNS,0.0
2023,пайыз,Тек сыртқы дәретханалардың болуы,,Алматы қаласы,KZALA,0.0
2023,пайыз,Тек сыртқы дәретханалардың болуы,,Шымкент қаласы,KZSHY,0.0
2023,пайыз,тек жылы дәретханалардың болуы,,,,81.6
2023,пайыз,тек жылы дәретханалардың болуы,,Абай,KZABY,97.8
2023,пайыз,тек жылы дәретханалардың болуы,,Ақмола,KZAKM,100.0
2023,пайыз,тек жылы дәретханалардың болуы,,Ақтөбе,KZAKT,67.3
2023,пайыз,тек жылы дәретханалардың болуы,,Алматы,KZALM,59.1
2023,пайыз,тек жылы дәретханалардың болуы,,Атырау,KZATY,77.7
2023,пайыз,тек жылы дәретханалардың болуы,,Батыс Қазақстан,KZZAP,34.7
2023,пайыз,тек жылы дәретханалардың болуы,,Жамбыл,KZZHA,92.7
2023,пайыз,тек жылы дәретханалардың болуы,,Жетісу,KZZHS,78.7
2023,пайыз,тек жылы дәретханалардың болуы,,Қарағанды,KZKAR,98.8
2023,пайыз,тек жылы дәретханалардың болуы,,Қостанай,KZKUS,91.0
2023,пайыз,тек жылы дәретханалардың болуы,,Қызылорда,KZKZY,46.0
2023,пайыз,тек жылы дәретханалардың болуы,,Маңғыстау,KZMAN,95.9
2023,пайыз,тек жылы дәретханалардың болуы,,Павлодар,KZPAV,98.9
2023,пайыз,тек жылы дәретханалардың болуы,,Солтүстік Қазақстан,KZSEV,99.8
2023,пайыз,тек жылы дәретханалардың болуы,,Түркістан,KZYUZ,60.4
2023,пайыз,тек жылы дәретханалардың болуы,,Ұлытау,KZULU,96.6
2023,пайыз,тек жылы дәретханалардың болуы,,Шығыс Қазақстан,KZVOS,97.5
2023,пайыз,тек жылы дәретханалардың болуы,,Астана қаласы,KZNS,100.0
2023,пайыз,тек жылы дәретханалардың болуы,,Алматы қаласы,KZALA,98.3
2023,пайыз,тек жылы дәретханалардың болуы,,Шымкент қаласы,KZSHY,94.2
2024,пайыз,Оқу мақсаттары үшін Интернетке қол жетімділікпен,,,,98.8
2024,пайыз,Оқу мақсаттары үшін Интернетке қол жетімділікпен,,Абай,KZABY,98.4
2024,пайыз,Оқу мақсаттары үшін Интернетке қол жетімділікпен,,Ақмола,KZAKM,99.3
2024,пайыз,Оқу мақсаттары үшін Интернетке қол жетімділікпен,,Ақтөбе,KZAKT,99.8
2024,пайыз,Оқу мақсаттары үшін Интернетке қол жетімділікпен,,Алматы,KZALM,98.4
2024,пайыз,Оқу мақсаттары үшін Интернетке қол жетімділікпен,,Атырау,KZATY,97.4
2024,пайыз,Оқу мақсаттары үшін Интернетке қол жетімділікпен,,Батыс Қазақстан,KZZAP,99.5
2024,пайыз,Оқу мақсаттары үшін Интернетке қол жетімділікпен,,Жамбыл,KZZHA,99.1
2024,пайыз,Оқу мақсаттары үшін Интернетке қол жетімділікпен,,Жетісу,KZZHS,99.4
2024,пайыз,Оқу мақсаттары үшін Интернетке қол жетімділікпен,,Қарағанды,KZKAR,98.8
2024,пайыз,Оқу мақсаттары үшін Интернетке қол жетімділікпен,,Қостанай,KZKUS,99.8
2024,пайыз,Оқу мақсаттары үшін Интернетке қол жетімділікпен,,Қызылорда,KZKZY,100.0
2024,пайыз,Оқу мақсаттары үшін Интернетке қол жетімділікпен,,Маңғыстау,KZMAN,99.5
2024,пайыз,Оқу мақсаттары үшін Интернетке қол жетімділікпен,,Павлодар,KZPAV,99.5
2024,пайыз,Оқу мақсаттары үшін Интернетке қол жетімділікпен,,Солтүстік Қазақстан,KZSEV,99.6
2024,пайыз,Оқу мақсаттары үшін Интернетке қол жетімділікпен,,Түркістан,KZYUZ,97.8
2024,пайыз,Оқу мақсаттары үшін Интернетке қол жетімділікпен,,Ұлытау,KZULU,100.0
2024,пайыз,Оқу мақсаттары үшін Интернетке қол жетімділікпен,,Шығыс Қазақстан,KZVOS,99.2
2024,пайыз,Оқу мақсаттары үшін Интернетке қол жетімділікпен,,Астана қаласы,KZNS,95.9
2024,пайыз,Оқу мақсаттары үшін Интернетке қол жетімділікпен,,Алматы қаласы,KZALA,99.5
2024,пайыз,Оқу мақсаттары үшін Интернетке қол жетімділікпен,,Шымкент қаласы,KZSHY,96.3
2024,пайыз,Оқу мақсаттары үшін Интернетке қол жетімділікпен,қала,,,97.9
2024,пайыз,Оқу мақсаттары үшін Интернетке қол жетімділікпен,қала,Абай,KZABY,98.9
2024,пайыз,Оқу мақсаттары үшін Интернетке қол жетімділікпен,қала,Ақмола,KZAKM,98.2
2024,пайыз,Оқу мақсаттары үшін Интернетке қол жетімділікпен,қала,Ақтөбе,KZAKT,99.3
2024,пайыз,Оқу мақсаттары үшін Интернетке қол жетімділікпен,қала,Алматы,KZALM,98.3
2024,пайыз,Оқу мақсаттары үшін Интернетке қол жетімділікпен,қала,Атырау,KZATY,97.1
2024,пайыз,Оқу мақсаттары үшін Интернетке қол жетімділікпен,қала,Батыс Қазақстан,KZZAP,97.4
2024,пайыз,Оқу мақсаттары үшін Интернетке қол жетімділікпен,қала,Жамбыл,KZZHA,98.6
2024,пайыз,Оқу мақсаттары үшін Интернетке қол жетімділікпен,қала,Жетісу,KZZHS,97.2
2024,пайыз,Оқу мақсаттары үшін Интернетке қол жетімділікпен,қала,Қарағанды,KZKAR,98.5
2024,пайыз,Оқу мақсаттары үшін Интернетке қол жетімділікпен,қала,Қостанай,KZKUS,99.1
2024,пайыз,Оқу мақсаттары үшін Интернетке қол жетімділікпен,қала,Қызылорда,KZKZY,100.0
2024,пайыз,Оқу мақсаттары үшін Интернетке қол жетімділікпен,қала,Маңғыстау,KZMAN,98.9
2024,пайыз,Оқу мақсаттары үшін Интернетке қол жетімділікпен,қала,Павлодар,KZPAV,98.0
2024,пайыз,Оқу мақсаттары үшін Интернетке қол жетімділікпен,қала,Солтүстік Қазақстан,KZSEV,98.4
2024,пайыз,Оқу мақсаттары үшін Интернетке қол жетімділікпен,қала,Түркістан,KZYUZ,95.0
2024,пайыз,Оқу мақсаттары үшін Интернетке қол жетімділікпен,қала,Ұлытау,KZULU,100.0
2024,пайыз,Оқу мақсаттары үшін Интернетке қол жетімділікпен,қала,Шығыс Қазақстан,KZVOS,98.1
2024,пайыз,Оқу мақсаттары үшін Интернетке қол жетімділікпен,қала,Астана қаласы,KZNS,95.9
2024,пайыз,Оқу мақсаттары үшін Интернетке қол жетімділікпен,қала,Алматы қаласы,KZALA,99.5
2024,пайыз,Оқу мақсаттары үшін Интернетке қол жетімділікпен,қала,Шымкент қаласы,KZSHY,96.3
2024,пайыз,Оқу мақсаттары үшін Интернетке қол жетімділікпен,ауыл,,,99.3
2024,пайыз,Оқу мақсаттары үшін Интернетке қол жетімділікпен,ауыл,ABY,ABY,98.3
2024,пайыз,Оқу мақсаттары үшін Интернетке қол жетімділікпен,ауыл,Ақмола,KZAKM,99.5
2024,пайыз,Оқу мақсаттары үшін Интернетке қол жетімділікпен,ауыл,Ақтөбе,KZAKT,100.0
2024,пайыз,Оқу мақсаттары үшін Интернетке қол жетімділікпен,ауыл,Алматы,KZALM,98.4
2024,пайыз,Оқу мақсаттары үшін Интернетке қол жетімділікпен,ауыл,Атырау,KZATY,97.7
2024,пайыз,Оқу мақсаттары үшін Интернетке қол жетімділікпен,ауыл,Батыс Қазақстан,KZZAP,100.0
2024,пайыз,Оқу мақсаттары үшін Интернетке қол жетімділікпен,ауыл,Жамбыл,KZZHA,99.2
2024,пайыз,Оқу мақсаттары үшін Интернетке қол жетімділікпен,ауыл,Жетісу,KZZHS,100.0
2024,пайыз,Оқу мақсаттары үшін Интернетке қол жетімділікпен,ауыл,Қарағанды,KZKAR,99.1
2024,пайыз,Оқу мақсаттары үшін Интернетке қол жетімділікпен,ауыл,Қостанай,KZKUS,100.0
2024,пайыз,Оқу мақсаттары үшін Интернетке қол жетімділікпен,ауыл,Қызылорда,KZKZY,100.0
2024,пайыз,Оқу мақсаттары үшін Интернетке қол жетімділікпен,ауыл,Маңғыстау,KZMAN,100.0
2024,пайыз,Оқу мақсаттары үшін Интернетке қол жетімділікпен,ауыл,Павлодар,KZPAV,100.0
2024,пайыз,Оқу мақсаттары үшін Интернетке қол жетімділікпен,ауыл,Солтүстік Қазақстан,KZSEV,99.7
2024,пайыз,Оқу мақсаттары үшін Интернетке қол жетімділікпен,ауыл,Түркістан,KZYUZ,98.4
2024,пайыз,Оқу мақсаттары үшін Интернетке қол жетімділікпен,ауыл,Ұлытау,KZULU,100.0
2024,пайыз,Оқу мақсаттары үшін Интернетке қол жетімділікпен,ауыл,Шығыс Қазақстан,KZVOS,99.6
2024,пайыз,базалық ауыз су көздерімен,,,,100.0
2024,пайыз,ең қарапайым деңгейде бөлек дәретханалармен,,,,100.0
2024,пайыз,ең қарапайым деңгейде бөлек дәретханалармен,,Абай,KZABY,100.0
2024,пайыз,ең қарапайым деңгейде бөлек дәретханалармен,,Ақмола,KZAKM,100.0
2024,пайыз,ең қарапайым деңгейде бөлек дәретханалармен,,Ақтөбе,KZAKT,100.0
2024,пайыз,ең қарапайым деңгейде бөлек дәретханалармен,,Алматы,KZALM,100.0
2024,пайыз,ең қарапайым деңгейде бөлек дәретханалармен,,Атырау,KZATY,100.0
2024,пайыз,ең қарапайым деңгейде бөлек дәретханалармен,,Батыс Қазақстан,KZZAP,100.0
2024,пайыз,ең қарапайым деңгейде бөлек дәретханалармен,,Жамбыл,KZZHA,100.0
2024,пайыз,ең қарапайым деңгейде бөлек дәретханалармен,,Жетісу,KZZHS,100.0
2024,пайыз,ең қарапайым деңгейде бөлек дәретханалармен,,Қарағанды,KZKAR,100.0
2024,пайыз,ең қарапайым деңгейде бөлек дәретханалармен,,Қостанай,KZKUS,100.0
2024,пайыз,ең қарапайым деңгейде бөлек дәретханалармен,,Қызылорда,KZKZY,100.0
2024,пайыз,ең қарапайым деңгейде бөлек дәретханалармен,,Маңғыстау,KZMAN,100.0
2024,пайыз,ең қарапайым деңгейде бөлек дәретханалармен,,Павлодар,KZPAV,100.0
2024,пайыз,ең қарапайым деңгейде бөлек дәретханалармен,,Солтүстік Қазақстан,KZSEV,100.0
2024,пайыз,ең қарапайым деңгейде бөлек дәретханалармен,,Түркістан,KZYUZ,100.0
2024,пайыз,ең қарапайым деңгейде бөлек дәретханалармен,,Ұлытау,KZULU,100.0
2024,пайыз,ең қарапайым деңгейде бөлек дәретханалармен,,Шығыс Қазақстан,KZVOS,100.0
2024,пайыз,ең қарапайым деңгейде бөлек дәретханалармен,,Астана қаласы,KZNS,100.0
2024,пайыз,ең қарапайым деңгейде бөлек дәретханалармен,,Алматы қаласы,KZALA,100.0
2024,пайыз,ең қарапайым деңгейде бөлек дәретханалармен,,Шымкент қаласы,KZSHY,100.0
2024,пайыз,Жылы және сыртқы дәретханалардың болуы,,,,15.9
2024,пайыз,Жылы және сыртқы дәретханалардың болуы,,Абай,KZABY,3.1
2024,пайыз,Жылы және сыртқы дәретханалардың болуы,,Ақмола,KZAKM,0.2
2024,пайыз,Жылы және сыртқы дәретханалардың болуы,,Ақтөбе,KZAKT,16.6
2024,пайыз,Жылы және сыртқы дәретханалардың болуы,,Алматы,KZALM,39.8
2024,пайыз,Жылы және сыртқы дәретханалардың болуы,,Атырау,KZATY,20.1
2024,пайыз,Жылы және сыртқы дәретханалардың болуы,,Батыс Қазақстан,KZZAP,63.4
2024,пайыз,Жылы және сыртқы дәретханалардың болуы,,Жамбыл,KZZHA,7.1
2024,пайыз,Жылы және сыртқы дәретханалардың болуы,,Жетісу,KZZHS,20.4
2024,пайыз,Жылы және сыртқы дәретханалардың болуы,,Қарағанды,KZKAR,0.2
2024,пайыз,Жылы және сыртқы дәретханалардың болуы,,Қостанай,KZKUS,7.3
2024,пайыз,Жылы және сыртқы дәретханалардың болуы,,Қызылорда,KZKZY,36.0
2024,пайыз,Жылы және сыртқы дәретханалардың болуы,,Маңғыстау,KZMAN,1.4
2024,пайыз,Жылы және сыртқы дәретханалардың болуы,,Павлодар,KZPAV,0.0
2024,пайыз,Жылы және сыртқы дәретханалардың болуы,,Солтүстік Қазақстан,KZSEV,0.7
2024,пайыз,Жылы және сыртқы дәретханалардың болуы,,Түркістан,KZYUZ,37.1
2024,пайыз,Жылы және сыртқы дәретханалардың болуы,,Ұлытау,KZULU,3.4
2024,пайыз,Жылы және сыртқы дәретханалардың болуы,,Шығыс Қазақстан,KZVOS,0.3
2024,пайыз,Жылы және сыртқы дәретханалардың болуы,,Астана қаласы,KZNS,1.0
2024,пайыз,Жылы және сыртқы дәретханалардың болуы,,Алматы қаласы,KZALA,1.6
2024,пайыз,Жылы және сыртқы дәретханалардың болуы,,Шымкент қаласы,KZSHY,5.4
2024,пайыз,Тек сыртқы дәретханалардың болуы,,,,0.1
2024,пайыз,Тек сыртқы дәретханалардың болуы,,Абай,KZABY,0.0
2024,пайыз,Тек сыртқы дәретханалардың болуы,,Ақмола,KZAKM,0.0
2024,пайыз,Тек сыртқы дәретханалардың болуы,,Ақтөбе,KZAKT,0.0
2024,пайыз,Тек сыртқы дәретханалардың болуы,,Алматы,KZALM,0.0
2024,пайыз,Тек сыртқы дәретханалардың болуы,,Атырау,KZATY,0.4
2024,пайыз,Тек сыртқы дәретханалардың болуы,,Батыс Қазақстан,KZZAP,0.0
2024,пайыз,Тек сыртқы дәретханалардың болуы,,Жамбыл,KZZHA,0.0
2024,пайыз,Тек сыртқы дәретханалардың болуы,,Жетісу,KZZHS,0.0
2024,пайыз,Тек сыртқы дәретханалардың болуы,,Қарағанды,KZKAR,0.0
2024,пайыз,Тек сыртқы дәретханалардың болуы,,Қостанай,KZKUS,0.0
2024,пайыз,Тек сыртқы дәретханалардың болуы,,Қызылорда,KZKZY,0.0
2024,пайыз,Тек сыртқы дәретханалардың болуы,,Маңғыстау,KZMAN,0.5
2024,пайыз,Тек сыртқы дәретханалардың болуы,,Павлодар,KZPAV,0.0
2024,пайыз,Тек сыртқы дәретханалардың болуы,,Солтүстік Қазақстан,KZSEV,0.0
2024,пайыз,Тек сыртқы дәретханалардың болуы,,Түркістан,KZYUZ,0.7
2024,пайыз,Тек сыртқы дәретханалардың болуы,,Ұлытау,KZULU,0.0
2024,пайыз,Тек сыртқы дәретханалардың болуы,,Шығыс Қазақстан,KZVOS,0.0
2024,пайыз,Тек сыртқы дәретханалардың болуы,,Астана қаласы,KZNS,0.0
2024,пайыз,Тек сыртқы дәретханалардың болуы,,Алматы қаласы,KZALA,0.0
2024,пайыз,Тек сыртқы дәретханалардың болуы,,Шымкент қаласы,KZSHY,0.0
2024,пайыз,тек жылы дәретханалардың болуы,,,,83.9
2024,пайыз,тек жылы дәретханалардың болуы,,Абай,KZABY,96.9
2024,пайыз,тек жылы дәретханалардың болуы,,Ақмола,KZAKM,99.8
2024,пайыз,тек жылы дәретханалардың болуы,,Ақтөбе,KZAKT,83.4
2024,пайыз,тек жылы дәретханалардың болуы,,Алматы,KZALM,60.2
2024,пайыз,тек жылы дәретханалардың болуы,,Атырау,KZATY,79.5
2024,пайыз,тек жылы дәретханалардың болуы,,Батыс Қазақстан,KZZAP,36.6
2024,пайыз,тек жылы дәретханалардың болуы,,Жамбыл,KZZHA,92.9
2024,пайыз,тек жылы дәретханалардың болуы,,Жетісу,KZZHS,79.6
2024,пайыз,тек жылы дәретханалардың болуы,,Қарағанды,KZKAR,99.8
2024,пайыз,тек жылы дәретханалардың болуы,,Қостанай,KZKUS,92.7
2024,пайыз,тек жылы дәретханалардың болуы,,Қызылорда,KZKZY,64.0
2024,пайыз,тек жылы дәретханалардың болуы,,Маңғыстау,KZMAN,98.6
2024,пайыз,тек жылы дәретханалардың болуы,,Павлодар,KZPAV,100.0
2024,пайыз,тек жылы дәретханалардың болуы,,Солтүстік Қазақстан,KZSEV,99.3
2024,пайыз,тек жылы дәретханалардың болуы,,Түркістан,KZYUZ,62.2
2024,пайыз,тек жылы дәретханалардың болуы,,Ұлытау,KZULU,96.6
2024,пайыз,тек жылы дәретханалардың болуы,,Шығыс Қазақстан,KZVOS,99.7
2024,пайыз,тек жылы дәретханалардың болуы,,Астана қаласы,KZNS,99.0
2024,пайыз,тек жылы дәретханалардың болуы,,Алматы қаласы,KZALA,98.4
2024,пайыз,тек жылы дәретханалардың болуы,,Шымкент қаласы,KZSHY,94.6
