Year,UNIT_MEASURE,SERIES,COMPOSITE_BREAKDOWN,Value
2016,пайыз,_L_KZ_16030302_1E,_L_TRST_HIGH,38.7
2016,пайыз,_L_KZ_16030302_1E,_L_TRST_AVG,43.3
2016,пайыз,_L_KZ_16030302_1E,_L_TRST_LOW,4.1
2016,пайыз,_L_KZ_16030302_1E,_L_TRST_NO,2.0
2016,пайыз,_L_KZ_16030302_1E,_L_TRST_NEV,11.8
2016,пайыз,_L_KZ_16030302_1C,_L_TRST_HIGH,29.8
2016,пайыз,_L_KZ_16030302_1C,_L_TRST_AVG,51.6
2016,пайыз,_L_KZ_16030302_1C,_L_TRST_LOW,6.6
2016,пайыз,_L_KZ_16030302_1C,_L_TRST_NO,3.5
2016,пайыз,_L_KZ_16030302_1C,_L_TRST_NEV,8.7
2016,пайыз,_L_KZ_16030302_1B,_L_TRST_HIGH,16.1
2016,пайыз,_L_KZ_16030302_1B,_L_TRST_AVG,38.6
2016,пайыз,_L_KZ_16030302_1B,_L_TRST_LOW,6.0
2016,пайыз,_L_KZ_16030302_1B,_L_TRST_NO,4.1
2016,пайыз,_L_KZ_16030302_1B,_L_TRST_NEV,35.1
2016,пайыз,_L_KZ_16030302_1F,_L_TRST_HIGH,14.3
2016,пайыз,_L_KZ_16030302_1F,_L_TRST_AVG,37.4
2016,пайыз,_L_KZ_16030302_1F,_L_TRST_LOW,5.4
2016,пайыз,_L_KZ_16030302_1F,_L_TRST_NO,3.7
2016,пайыз,_L_KZ_16030302_1F,_L_TRST_NEV,39.1
2016,пайыз,_L_KZ_16030302_1D,_L_TRST_HIGH,20.1
2016,пайыз,_L_KZ_16030302_1D,_L_TRST_AVG,40.7
2016,пайыз,_L_KZ_16030302_1D,_L_TRST_LOW,4.7
2016,пайыз,_L_KZ_16030302_1D,_L_TRST_NO,2.2
2016,пайыз,_L_KZ_16030302_1D,_L_TRST_NEV,32.3
2019,пайыз,_L_KZ_16030302_1H,_L_TRST_STRAGG,45.9
2019,пайыз,_L_KZ_16030302_1H,_L_TRST_PARTAGG,43.4
2019,пайыз,_L_KZ_16030302_1H,_L_TRST_PARTDIS,1.6
2019,пайыз,_L_KZ_16030302_1H,_L_TRST_STRDIS,1.0
2019,пайыз,_L_KZ_16030302_1H,_L_TRST_NEV,8.1
2019,пайыз,_L_KZ_16030302_1G,_L_TRST_STRAGG,38.3
2019,пайыз,_L_KZ_16030302_1G,_L_TRST_PARTAGG,51.2
2019,пайыз,_L_KZ_16030302_1G,_L_TRST_PARTDIS,3.3
2019,пайыз,_L_KZ_16030302_1G,_L_TRST_STRDIS,2.3
2019,пайыз,_L_KZ_16030302_1G,_L_TRST_NEV,4.9
2019,пайыз,_L_KZ_16030302_1A,_L_TRST_STRAGG,25.3
2019,пайыз,_L_KZ_16030302_1A,_L_TRST_PARTAGG,39.9
2019,пайыз,_L_KZ_16030302_1A,_L_TRST_PARTDIS,2.2
2019,пайыз,_L_KZ_16030302_1A,_L_TRST_STRDIS,1.6
2019,пайыз,_L_KZ_16030302_1A,_L_TRST_NEV,31.0
2019,пайыз,_L_KZ_16030302_1I,_L_TRST_STRAGG,24.4
2019,пайыз,_L_KZ_16030302_1I,_L_TRST_PARTAGG,35.7
2019,пайыз,_L_KZ_16030302_1I,_L_TRST_PARTDIS,1.6
2019,пайыз,_L_KZ_16030302_1I,_L_TRST_STRDIS,1.2
2019,пайыз,_L_KZ_16030302_1I,_L_TRST_NEV,37.1
2020,пайыз,_L_KZ_16030302_1H,_L_TRST_STRAGG,35.9
2020,пайыз,_L_KZ_16030302_1H,_L_TRST_PARTAGG,31.0
2020,пайыз,_L_KZ_16030302_1H,_L_TRST_PARTDIS,4.6
2020,пайыз,_L_KZ_16030302_1H,_L_TRST_STRDIS,1.6
2020,пайыз,_L_KZ_16030302_1H,_L_TRST_NEV,26.8
2020,пайыз,_L_KZ_16030302_1G,_L_TRST_STRAGG,37.0
2020,пайыз,_L_KZ_16030302_1G,_L_TRST_PARTAGG,38.4
2020,пайыз,_L_KZ_16030302_1G,_L_TRST_PARTDIS,6.3
2020,пайыз,_L_KZ_16030302_1G,_L_TRST_STRDIS,2.7
2020,пайыз,_L_KZ_16030302_1G,_L_TRST_NEV,15.6
2020,пайыз,_L_KZ_16030302_1A,_L_TRST_STRAGG,24.5
2020,пайыз,_L_KZ_16030302_1A,_L_TRST_PARTAGG,27.1
2020,пайыз,_L_KZ_16030302_1A,_L_TRST_PARTDIS,4.4
2020,пайыз,_L_KZ_16030302_1A,_L_TRST_STRDIS,1.8
2020,пайыз,_L_KZ_16030302_1A,_L_TRST_NEV,42.1
2020,пайыз,_L_KZ_16030302_1I,_L_TRST_STRAGG,20.5
2020,пайыз,_L_KZ_16030302_1I,_L_TRST_PARTAGG,25.3
2020,пайыз,_L_KZ_16030302_1I,_L_TRST_PARTDIS,3.0
2020,пайыз,_L_KZ_16030302_1I,_L_TRST_STRDIS,1.3
2020,пайыз,_L_KZ_16030302_1I,_L_TRST_NEV,49.9
2021,пайыз,_L_KZ_16030302_1H,_L_TRST_STRAGG,37.7
2021,пайыз,_L_KZ_16030302_1H,_L_TRST_PARTAGG,27.3
2021,пайыз,_L_KZ_16030302_1H,_L_TRST_PARTDIS,3.0
2021,пайыз,_L_KZ_16030302_1H,_L_TRST_STRDIS,1.7
2021,пайыз,_L_KZ_16030302_1H,_L_TRST_NEV,30.3
2021,пайыз,_L_KZ_16030302_1G,_L_TRST_STRAGG,41.0
2021,пайыз,_L_KZ_16030302_1G,_L_TRST_PARTAGG,33.6
2021,пайыз,_L_KZ_16030302_1G,_L_TRST_PARTDIS,4.3
2021,пайыз,_L_KZ_16030302_1G,_L_TRST_STRDIS,2.2
2021,пайыз,_L_KZ_16030302_1G,_L_TRST_NEV,18.9
2021,пайыз,_L_KZ_16030302_1A,_L_TRST_STRAGG,25.1
2021,пайыз,_L_KZ_16030302_1A,_L_TRST_PARTAGG,26.3
2021,пайыз,_L_KZ_16030302_1A,_L_TRST_PARTDIS,2.8
2021,пайыз,_L_KZ_16030302_1A,_L_TRST_STRDIS,1.8
2021,пайыз,_L_KZ_16030302_1A,_L_TRST_NEV,44.0
2021,пайыз,_L_KZ_16030302_1I,_L_TRST_STRAGG,21.6
2021,пайыз,_L_KZ_16030302_1I,_L_TRST_PARTAGG,23.3
2021,пайыз,_L_KZ_16030302_1I,_L_TRST_PARTDIS,2.2
2021,пайыз,_L_KZ_16030302_1I,_L_TRST_STRDIS,1.1
2021,пайыз,_L_KZ_16030302_1I,_L_TRST_NEV,51.7
2022,пайыз,_L_KZ_16030302_1H,_L_TRST_STRAGG,44.0
2022,пайыз,_L_KZ_16030302_1H,_L_TRST_PARTAGG,31.6
2022,пайыз,_L_KZ_16030302_1H,_L_TRST_PARTDIS,3.4
2022,пайыз,_L_KZ_16030302_1H,_L_TRST_STRDIS,1.7
2022,пайыз,_L_KZ_16030302_1H,_L_TRST_NEV,19.4
2022,пайыз,_L_KZ_16030302_1G,_L_TRST_STRAGG,39.5
2022,пайыз,_L_KZ_16030302_1G,_L_TRST_PARTAGG,38.0
2022,пайыз,_L_KZ_16030302_1G,_L_TRST_PARTDIS,5.2
2022,пайыз,_L_KZ_16030302_1G,_L_TRST_STRDIS,2.0
2022,пайыз,_L_KZ_16030302_1G,_L_TRST_NEV,15.3
2022,пайыз,_L_KZ_16030302_1A,_L_TRST_STRAGG,29.2
2022,пайыз,_L_KZ_16030302_1A,_L_TRST_PARTAGG,30.5
2022,пайыз,_L_KZ_16030302_1A,_L_TRST_PARTDIS,3.3
2022,пайыз,_L_KZ_16030302_1A,_L_TRST_STRDIS,1.6
2022,пайыз,_L_KZ_16030302_1A,_L_TRST_NEV,35.5
2022,пайыз,_L_KZ_16030302_1I,_L_TRST_STRAGG,24.9
2022,пайыз,_L_KZ_16030302_1I,_L_TRST_PARTAGG,27.7
2022,пайыз,_L_KZ_16030302_1I,_L_TRST_PARTDIS,2.8
2022,пайыз,_L_KZ_16030302_1I,_L_TRST_STRDIS,1.5
2022,пайыз,_L_KZ_16030302_1I,_L_TRST_NEV,43.2
2023,пайыз,_L_KZ_16030302_1J,сенемін,61.0
2023,пайыз,_L_KZ_16030302_1J,ішінара сенемін,28.1
2023,пайыз,_L_KZ_16030302_1J,сенбейтін сияктымын,2.7
2023,пайыз,_L_KZ_16030302_1J,сенбеймін,3.2
2023,пайыз,_L_KZ_16030302_1J,жауап беруге қиналамын,5.0
2023,пайыз,_L_KZ_16030302_1E,сенемін,63.8
2023,пайыз,_L_KZ_16030302_1E,ішінара сенемін,27.1
2023,пайыз,_L_KZ_16030302_1E,сенбейтін сияктымын,3.0
2023,пайыз,_L_KZ_16030302_1E,сенбеймін,2.9
2023,пайыз,_L_KZ_16030302_1E,жауап беруге қиналамын,3.2
2023,пайыз,_L_KZ_16030302_1C,сенемін,63.1
2023,пайыз,_L_KZ_16030302_1C,ішінара сенемін,27.8
2023,пайыз,_L_KZ_16030302_1C,сенбейтін сияктымын,3.6
2023,пайыз,_L_KZ_16030302_1C,сенбеймін,3.9
2023,пайыз,_L_KZ_16030302_1C,жауап беруге қиналамын,1.7
2023,пайыз,_L_KZ_16030302_1B,сенемін,51.1
2023,пайыз,_L_KZ_16030302_1B,ішінара сенемін,31.1
2023,пайыз,_L_KZ_16030302_1B,сенбейтін сияктымын,5.3
2023,пайыз,_L_KZ_16030302_1B,сенбеймін,3.9
2023,пайыз,_L_KZ_16030302_1B,жауап беруге қиналамын,8.6
2023,пайыз,_L_KZ_16030302_1F,сенемін,46.3
2023,пайыз,_L_KZ_16030302_1F,ішінара сенемін,31.5
2023,пайыз,_L_KZ_16030302_1F,сенбейтін сияктымын,5.5
2023,пайыз,_L_KZ_16030302_1F,сенбеймін,3.6
2023,пайыз,_L_KZ_16030302_1F,жауап беруге қиналамын,13.1
2023,пайыз,_L_KZ_16030302_1K,сенемін,77.2
2023,пайыз,_L_KZ_16030302_1K,ішінара сенемін,17.9
2023,пайыз,_L_KZ_16030302_1K,сенбейтін сияктымын,1.0
2023,пайыз,_L_KZ_16030302_1K,сенбеймін,1.0
2023,пайыз,_L_KZ_16030302_1K,жауап беруге қиналамын,3.0
2024,пайыз,_L_KZ_16030302_1J,сенемін,61.8
2024,пайыз,_L_KZ_16030302_1J,ішінара сенемін,25.9
2024,пайыз,_L_KZ_16030302_1J,сенбейтін сияктымын,3.4
2024,пайыз,_L_KZ_16030302_1J,сенбеймін,2.9
2024,пайыз,_L_KZ_16030302_1J,жауап беруге қиналамын,6.0
2024,пайыз,_L_KZ_16030302_1E,сенемін,66.0
2024,пайыз,_L_KZ_16030302_1E,ішінара сенемін,24.1
2024,пайыз,_L_KZ_16030302_1E,сенбейтін сияктымын,3.0
2024,пайыз,_L_KZ_16030302_1E,сенбеймін,2.3
2024,пайыз,_L_KZ_16030302_1E,жауап беруге қиналамын,4.6
2024,пайыз,_L_KZ_16030302_1C,сенемін,61.6
2024,пайыз,_L_KZ_16030302_1C,ішінара сенемін,27.0
2024,пайыз,_L_KZ_16030302_1C,сенбейтін сияктымын,4.4
2024,пайыз,_L_KZ_16030302_1C,сенбеймін,4.6
2024,пайыз,_L_KZ_16030302_1C,жауап беруге қиналамын,2.5
2024,пайыз,_L_KZ_16030302_1B,сенемін,50.9
2024,пайыз,_L_KZ_16030302_1B,ішінара сенемін,28.7
2024,пайыз,_L_KZ_16030302_1B,сенбейтін сияктымын,4.9
2024,пайыз,_L_KZ_16030302_1B,сенбеймін,4.1
2024,пайыз,_L_KZ_16030302_1B,жауап беруге қиналамын,11.4
2024,пайыз,_L_KZ_16030302_1F,сенемін,47.8
2024,пайыз,_L_KZ_16030302_1F,ішінара сенемін,29.0
2024,пайыз,_L_KZ_16030302_1F,сенбейтін сияктымын,5.2
2024,пайыз,_L_KZ_16030302_1F,сенбеймін,2.9
2024,пайыз,_L_KZ_16030302_1F,жауап беруге қиналамын,15.0
2024,пайыз,_L_KZ_16030302_1K,сенемін,79.4
2024,пайыз,_L_KZ_16030302_1K,ішінара сенемін,16.4
2024,пайыз,_L_KZ_16030302_1K,сенбейтін сияктымын,0.9
2024,пайыз,_L_KZ_16030302_1K,сенбеймін,0.4
2024,пайыз,_L_KZ_16030302_1K,жауап беруге қиналамын,2.8
2025,пайыз,_L_KZ_16030302_1J,сенемін,63.2
2025,пайыз,_L_KZ_16030302_1J,ішінара сенемін,28.7
2025,пайыз,_L_KZ_16030302_1J,сенбейтін сияктымын,2.3
2025,пайыз,_L_KZ_16030302_1J,сенбеймін,1.6
2025,пайыз,_L_KZ_16030302_1J,жауап беруге қиналамын,4.3
2025,пайыз,_L_KZ_16030302_1E,сенемін,66.2
2025,пайыз,_L_KZ_16030302_1E,ішінара сенемін,26.4
2025,пайыз,_L_KZ_16030302_1E,сенбейтін сияктымын,2.4
2025,пайыз,_L_KZ_16030302_1E,сенбеймін,2.8
2025,пайыз,_L_KZ_16030302_1E,жауап беруге қиналамын,3.2
2025,пайыз,_L_KZ_16030302_1C,сенемін,65.3
2025,пайыз,_L_KZ_16030302_1C,ішінара сенемін,27.7
2025,пайыз,_L_KZ_16030302_1C,сенбейтін сияктымын,3.2
2025,пайыз,_L_KZ_16030302_1C,сенбеймін,2.3
2025,пайыз,_L_KZ_16030302_1C,жауап беруге қиналамын,1.5
2025,пайыз,_L_KZ_16030302_1B,сенемін,51.2
2025,пайыз,_L_KZ_16030302_1B,ішінара сенемін,31.4
2025,пайыз,_L_KZ_16030302_1B,сенбейтін сияктымын,5.1
2025,пайыз,_L_KZ_16030302_1B,сенбеймін,2.9
2025,пайыз,_L_KZ_16030302_1B,жауап беруге қиналамын,9.4
2025,пайыз,_L_KZ_16030302_1F,сенемін,47.2
2025,пайыз,_L_KZ_16030302_1F,ішінара сенемін,31.0
2025,пайыз,_L_KZ_16030302_1F,сенбейтін сияктымын,6.2
2025,пайыз,_L_KZ_16030302_1F,сенбеймін,2.7
2025,пайыз,_L_KZ_16030302_1F,жауап беруге қиналамын,13.0
2025,пайыз,_L_KZ_16030302_1K,сенемін,81.8
2025,пайыз,_L_KZ_16030302_1K,ішінара сенемін,15.5
2025,пайыз,_L_KZ_16030302_1K,сенбейтін сияктымын,0.6
2025,пайыз,_L_KZ_16030302_1K,сенбеймін,0.3
2025,пайыз,_L_KZ_16030302_1K,жауап беруге қиналамын,1.9
