Year,UNIT_MEASURE,Жынысы,Аймақ,Өңірлер,GeoCode,Value
2010,1000 туылғанға,ұлдар және қыздар,,,,19.62
2010,1000 туылғанға,ұлдар және қыздар,,Абай,KZABY,22.27
2010,1000 туылғанға,ұлдар және қыздар,,Ақмола,KZAKM,16.98
2010,1000 туылғанға,ұлдар және қыздар,,Ақтөбе,KZAKT,19.56
2010,1000 туылғанға,ұлдар және қыздар,,Алматы,KZALM,16.06
2010,1000 туылғанға,ұлдар және қыздар,,Атырау,KZATY,19.78
2010,1000 туылғанға,ұлдар және қыздар,,Батыс Қазақстан,KZZAP,17.17
2010,1000 туылғанға,ұлдар және қыздар,,Жамбыл,KZZHA,20.5
2010,1000 туылғанға,ұлдар және қыздар,,Жетісу,KZZHS,16.61
2010,1000 туылғанға,ұлдар және қыздар,,Қарағанды,KZKAR,16.67
2010,1000 туылғанға,ұлдар және қыздар,,Қостанай,KZKUS,16.51
2010,1000 туылғанға,ұлдар және қыздар,,Қызылорда,KZKZY,26.52
2010,1000 туылғанға,ұлдар және қыздар,,Маңғыстау,KZMAN,21.98
2010,1000 туылғанға,ұлдар және қыздар,,Павлодар,KZPAV,15.03
2010,1000 туылғанға,ұлдар және қыздар,,Солтүстік Қазақстан,KZSEV,16.4
2010,1000 туылғанға,ұлдар және қыздар,,Түркістан,KZYUZ,24.39
2010,1000 туылғанға,ұлдар және қыздар,,Ұлытау,KZULU,19.96
2010,1000 туылғанға,ұлдар және қыздар,,Шығыс Қазақстан,KZVOS,22.21
2010,1000 туылғанға,ұлдар және қыздар,,Астана қаласы,KZNS,12.68
2010,1000 туылғанға,ұлдар және қыздар,,Алматы қаласы,KZALA,18.7
2010,1000 туылғанға,ұлдар және қыздар,,Шымкент қаласы,KZSHY,19.57
2010,1000 туылғанға,ұлдар және қыздар,қала,,,19.11
2010,1000 туылғанға,ұлдар және қыздар,қала,Абай,KZABY,19.71
2010,1000 туылғанға,ұлдар және қыздар,қала,Ақмола,KZAKM,16.55
2010,1000 туылғанға,ұлдар және қыздар,қала,Ақтөбе,KZAKT,19.25
2010,1000 туылғанға,ұлдар және қыздар,қала,Алматы,KZALM,17.57
2010,1000 туылғанға,ұлдар және қыздар,қала,Атырау,KZATY,18.94
2010,1000 туылғанға,ұлдар және қыздар,қала,Батыс Қазақстан,KZZAP,14.81
2010,1000 туылғанға,ұлдар және қыздар,қала,Жамбыл,KZZHA,21.62
2010,1000 туылғанға,ұлдар және қыздар,қала,Жетісу,KZZHS,19.9
2010,1000 туылғанға,ұлдар және қыздар,қала,Қарағанды,KZKAR,16.11
2010,1000 туылғанға,ұлдар және қыздар,қала,Қостанай,KZKUS,15.27
2010,1000 туылғанға,ұлдар және қыздар,қала,Қызылорда,KZKZY,25.36
2010,1000 туылғанға,ұлдар және қыздар,қала,Маңғыстау,KZMAN,22.43
2010,1000 туылғанға,ұлдар және қыздар,қала,Павлодар,KZPAV,14.18
2010,1000 туылғанға,ұлдар және қыздар,қала,Солтүстік Қазақстан,KZSEV,14.71
2010,1000 туылғанға,ұлдар және қыздар,қала,Түркістан,KZYUZ,30.33
2010,1000 туылғанға,ұлдар және қыздар,қала,Ұлытау,KZULU,21.29
2010,1000 туылғанға,ұлдар және қыздар,қала,Шығыс Қазақстан,KZVOS,22.76
2010,1000 туылғанға,ұлдар және қыздар,қала,Астана қаласы,KZNS,12.68
2010,1000 туылғанға,ұлдар және қыздар,қала,Алматы қаласы,KZALA,18.7
2010,1000 туылғанға,ұлдар және қыздар,қала,Шымкент қаласы,KZSHY,19.57
2010,1000 туылғанға,ұлдар және қыздар,ауыл,,,20.23
2010,1000 туылғанға,ұлдар және қыздар,ауыл,Абай,KZABY,25.18
2010,1000 туылғанға,ұлдар және қыздар,ауыл,Ақмола,KZAKM,17.49
2010,1000 туылғанға,ұлдар және қыздар,ауыл,Ақтөбе,KZAKT,20.23
2010,1000 туылғанға,ұлдар және қыздар,ауыл,Алматы,KZALM,15.74
2010,1000 туылғанға,ұлдар және қыздар,ауыл,Атырау,KZATY,20.92
2010,1000 туылғанға,ұлдар және қыздар,ауыл,Батыс Қазақстан,KZZAP,19.83
2010,1000 туылғанға,ұлдар және қыздар,ауыл,Жамбыл,KZZHA,19.82
2010,1000 туылғанға,ұлдар және қыздар,ауыл,Жетісу,KZZHS,14.28
2010,1000 туылғанға,ұлдар және қыздар,ауыл,Қарағанды,KZKAR,18.66
2010,1000 туылғанға,ұлдар және қыздар,ауыл,Қостанай,KZKUS,17.96
2010,1000 туылғанға,ұлдар және қыздар,ауыл,Қызылорда,KZKZY,27.45
2010,1000 туылғанға,ұлдар және қыздар,ауыл,Маңғыстау,KZMAN,21.54
2010,1000 туылғанға,ұлдар және қыздар,ауыл,Павлодар,KZPAV,16.75
2010,1000 туылғанға,ұлдар және қыздар,ауыл,Солтүстік Қазақстан,KZSEV,17.67
2010,1000 туылғанға,ұлдар және қыздар,ауыл,Түркістан,KZYUZ,22.68
2010,1000 туылғанға,ұлдар және қыздар,ауыл,Ұлытау,KZULU,15.49
2010,1000 туылғанға,ұлдар және қыздар,ауыл,Шығыс Қазақстан,KZVOS,21.44
2010,1000 туылғанға,ерлер,,,,21.81
2010,1000 туылғанға,ерлер,,Абай,KZABY,25.29
2010,1000 туылғанға,ерлер,,Ақмола,KZAKM,19.91
2010,1000 туылғанға,ерлер,,Ақтөбе,KZAKT,22.42
2010,1000 туылғанға,ерлер,,Алматы,KZALM,17.54
2010,1000 туылғанға,ерлер,,Атырау,KZATY,20.66
2010,1000 туылғанға,ерлер,,Батыс Қазақстан,KZZAP,17.91
2010,1000 туылғанға,ерлер,,Жамбыл,KZZHA,23.26
2010,1000 туылғанға,ерлер,,Жетісу,KZZHS,17.71
2010,1000 туылғанға,ерлер,,Қарағанды,KZKAR,18.83
2010,1000 туылғанға,ерлер,,Қостанай,KZKUS,19.6
2010,1000 туылғанға,ерлер,,Қызылорда,KZKZY,28.14
2010,1000 туылғанға,ерлер,,Маңғыстау,KZMAN,21.6
2010,1000 туылғанға,ерлер,,Павлодар,KZPAV,16.75
2010,1000 туылғанға,ерлер,,Солтүстік Қазақстан,KZSEV,17.48
2010,1000 туылғанға,ерлер,,Түркістан,KZYUZ,27.7
2010,1000 туылғанға,ерлер,,Ұлытау,KZULU,22.44
2010,1000 туылғанға,ерлер,,Шығыс Қазақстан,KZVOS,23.95
2010,1000 туылғанға,ерлер,,Астана қаласы,KZNS,14.49
2010,1000 туылғанға,ерлер,,Алматы қаласы,KZALA,21.47
2010,1000 туылғанға,ерлер,,Шымкент қаласы,KZSHY,22.35
2010,1000 туылғанға,ерлер,қала,,,21.34
2010,1000 туылғанға,ерлер,қала,Абай,KZABY,20.6
2010,1000 туылғанға,ерлер,қала,Ақмола,KZAKM,19.57
2010,1000 туылғанға,ерлер,қала,Ақтөбе,KZAKT,22.28
2010,1000 туылғанға,ерлер,қала,Алматы,KZALM,21.82
2010,1000 туылғанға,ерлер,қала,Атырау,KZATY,18.49
2010,1000 туылғанға,ерлер,қала,Батыс Қазақстан,KZZAP,11.5
2010,1000 туылғанға,ерлер,қала,Жамбыл,KZZHA,22.86
2010,1000 туылғанға,ерлер,қала,Жетісу,KZZHS,22.37
2010,1000 туылғанға,ерлер,қала,Қарағанды,KZKAR,19.58
2010,1000 туылғанға,ерлер,қала,Қостанай,KZKUS,16.78
2010,1000 туылғанға,ерлер,қала,Қызылорда,KZKZY,28.69
2010,1000 туылғанға,ерлер,қала,Маңғыстау,KZMAN,21.84
2010,1000 туылғанға,ерлер,қала,Павлодар,KZPAV,15.25
2010,1000 туылғанға,ерлер,қала,Солтүстік Қазақстан,KZSEV,15.81
2010,1000 туылғанға,ерлер,қала,Түркістан,KZYUZ,35.83
2010,1000 туылғанға,ерлер,қала,Ұлытау,KZULU,24.54
2010,1000 туылғанға,ерлер,қала,Шығыс Қазақстан,KZVOS,24.57
2010,1000 туылғанға,ерлер,қала,Астана қаласы,KZNS,14.49
2010,1000 туылғанға,ерлер,қала,Алматы қаласы,KZALA,21.74
2010,1000 туылғанға,ерлер,қала,Шымкент қаласы,KZSHY,22.35
2010,1000 туылғанға,ерлер,ауыл,,,22.37
2010,1000 туылғанға,ерлер,ауыл,Абай,KZABY,30.43
2010,1000 туылғанға,ерлер,ауыл,Ақмола,KZAKM,20.3
2010,1000 туылғанға,ерлер,ауыл,Ақтөбе,KZAKT,22.73
2010,1000 туылғанға,ерлер,ауыл,Алматы,KZALM,16.65
2010,1000 туылғанға,ерлер,ауыл,Атырау,KZATY,23.67
2010,1000 туылғанға,ерлер,ауыл,Батыс Қазақстан,KZZAP,24.97
2010,1000 туылғанға,ерлер,ауыл,Жамбыл,KZZHA,23.51
2010,1000 туылғанға,ерлер,ауыл,Жетісу,KZZHS,14.48
2010,1000 туылғанға,ерлер,ауыл,Қарағанды,KZKAR,16.23
2010,1000 туылғанға,ерлер,ауыл,Қостанай,KZKUS,22.97
2010,1000 туылғанға,ерлер,ауыл,Қызылорда,KZKZY,27.69
2010,1000 туылғанға,ерлер,ауыл,Маңғыстау,KZMAN,21.37
2010,1000 туылғанға,ерлер,ауыл,Павлодар,KZPAV,19.79
2010,1000 туылғанға,ерлер,ауыл,Солтүстік Қазақстан,KZSEV,18.72
2010,1000 туылғанға,ерлер,ауыл,Түркістан,KZYUZ,25.35
2010,1000 туылғанға,ерлер,ауыл,Ұлытау,KZULU,15.36
2010,1000 туылғанға,ерлер,ауыл,Шығыс Қазақстан,KZVOS,23.09
2010,1000 туылғанға,әйелдер,,,,17.3
2010,1000 туылғанға,әйелдер,,Ақмола,KZAKM,13.86
2010,1000 туылғанға,әйелдер,,Ақтөбе,KZAKT,16.57
2010,1000 туылғанға,әйелдер,,Алматы,KZALM,14.47
2010,1000 туылғанға,әйелдер,,Атырау,KZATY,18.84
2010,1000 туылғанға,әйелдер,,Батыс Қазақстан,KZZAP,16.38
2010,1000 туылғанға,әйелдер,,Жамбыл,KZZHA,17.54
2010,1000 туылғанға,әйелдер,,Жетісу,KZZHS,15.46
2010,1000 туылғанға,әйелдер,,Қарағанды,KZKAR,14.4
2010,1000 туылғанға,әйелдер,,Қостанай,KZKUS,13.15
2010,1000 туылғанға,әйелдер,,Қызылорда,KZKZY,24.78
2010,1000 туылғанға,әйелдер,,Маңғыстау,KZMAN,22.39
2010,1000 туылғанға,әйелдер,,Павлодар,KZPAV,13.24
2010,1000 туылғанға,әйелдер,,Солтүстік Қазақстан,KZSEV,15.26
2010,1000 туылғанға,ерлер,ауыл,Түркістан,KZYUZ,20.9
2010,1000 туылғанға,ерлер,ауыл,Ұлытау,KZULU,17.45
2010,1000 туылғанға,әйелдер,,Шығыс Қазақстан,KZVOS,20.36
2010,1000 туылғанға,әйелдер,,Астана қаласы,KZNS,10.75
2010,1000 туылғанға,әйелдер,,Алматы қаласы,KZALA,15.73
2010,1000 туылғанға,әйелдер,,Шымкент қаласы,KZSHY,16.65
2010,1000 туылғанға,әйелдер,қала,,,16.75
2010,1000 туылғанға,әйелдер,қала,Абай,KZABY,18.82
2010,1000 туылғанға,әйелдер,қала,Ақмола,KZAKM,13.3
2010,1000 туылғанға,әйелдер,қала,Ақтөбе,KZAKT,16.09
2010,1000 туылғанға,әйелдер,қала,Алматы,KZALM,13.0
2010,1000 туылғанға,әйелдер,қала,Атырау,KZATY,19.43
2010,1000 туылғанға,әйелдер,қала,Батыс Қазақстан,KZZAP,18.23
2010,1000 туылғанға,әйелдер,қала,Жамбыл,KZZHA,20.27
2010,1000 туылғанға,әйелдер,қала,Жетісу,KZZHS,17.39
2010,1000 туылғанға,әйелдер,қала,Қарағанды,KZKAR,12.48
2010,1000 туылғанға,әйелдер,қала,Қостанай,KZKUS,13.62
2010,1000 туылғанға,әйелдер,қала,Қызылорда,KZKZY,21.82
2010,1000 туылғанға,әйелдер,қала,Маңғыстау,KZMAN,23.09
2010,1000 туылғанға,әйелдер,қала,Павлодар,KZPAV,13.07
2010,1000 туылғанға,әйелдер,қала,Солтүстік Қазақстан,KZSEV,13.56
2010,1000 туылғанға,әйелдер,қала,Түркістан,KZYUZ,24.46
2010,1000 туылғанға,әйелдер,қала,Ұлытау,KZULU,17.99
2010,1000 туылғанға,әйелдер,қала,Шығыс Қазақстан,KZVOS,20.85
2010,1000 туылғанға,әйелдер,қала,Астана қаласы,KZNS,10.75
2010,1000 туылғанға,әйелдер,қала,Алматы қаласы,KZALA,15.73
2010,1000 туылғанға,әйелдер,қала,Шымкент қаласы,KZSHY,16.65
2010,1000 туылғанға,әйелдер,ауыл,,,17.95
2010,1000 туылғанға,әйелдер,ауыл,Абай,KZABY,19.61
2010,1000 туылғанға,әйелдер,ауыл,Ақмола,KZAKM,14.5
2010,1000 туылғанға,әйелдер,ауыл,Ақтөбе,KZAKT,17.59
2010,1000 туылғанға,әйелдер,ауыл,Алматы,KZALM,14.77
2010,1000 туылғанға,әйелдер,ауыл,Атырау,KZATY,18.02
2010,1000 туылғанға,әйелдер,ауыл,Батыс Қазақстан,KZZAP,14.21
2010,1000 туылғанға,әйелдер,ауыл,Жамбыл,KZZHA,15.92
2010,1000 туылғанға,әйелдер,ауыл,Жетісу,KZZHS,14.08
2010,1000 туылғанға,әйелдер,ауыл,Қарағанды,KZKAR,21.25
2010,1000 туылғанға,әйелдер,ауыл,Қостанай,KZKUS,12.61
2010,1000 туылғанға,әйелдер,ауыл,Қызылорда,KZKZY,27.2
2010,1000 туылғанға,әйелдер,ауыл,Маңғыстау,KZMAN,21.71
2010,1000 туылғанға,әйелдер,ауыл,Павлодар,KZPAV,13.59
2010,1000 туылғанға,әйелдер,ауыл,Солтүстік Қазақстан,KZSEV,16.55
2010,1000 туылғанға,әйелдер,ауыл,Түркістан,KZYUZ,19.89
2010,1000 туылғанға,әйелдер,ауыл,Ұлытау,KZULU,15.63
2010,1000 туылғанға,әйелдер,ауыл,Шығыс Қазақстан,KZVOS,19.67
2011,1000 туылғанға,ұлдар және қыздар,,,,18.03
2011,1000 туылғанға,ұлдар және қыздар,,Абай,KZABY,20.19
2011,1000 туылғанға,ұлдар және қыздар,,Ақмола,KZAKM,18.3
2011,1000 туылғанға,ұлдар және қыздар,,Ақтөбе,KZAKT,14.22
2011,1000 туылғанға,ұлдар және қыздар,,Алматы,KZALM,14.09
2011,1000 туылғанға,ұлдар және қыздар,,Атырау,KZATY,19.39
2011,1000 туылғанға,ұлдар және қыздар,,Батыс Қазақстан,KZZAP,14.54
2011,1000 туылғанға,ұлдар және қыздар,,Жамбыл,KZZHA,19.0
2011,1000 туылғанға,ұлдар және қыздар,,Жетісу,KZZHS,17.3
2011,1000 туылғанға,ұлдар және қыздар,,Қарағанды,KZKAR,13.28
2011,1000 туылғанға,ұлдар және қыздар,,Қостанай,KZKUS,16.24
2011,1000 туылғанға,ұлдар және қыздар,,Қызылорда,KZKZY,23.66
2011,1000 туылғанға,ұлдар және қыздар,,Маңғыстау,KZMAN,20.28
2011,1000 туылғанға,ұлдар және қыздар,,Павлодар,KZPAV,15.49
2011,1000 туылғанға,ұлдар және қыздар,,Солтүстік Қазақстан,KZSEV,15.0
2011,1000 туылғанға,ұлдар және қыздар,,Түркістан,KZYUZ,21.01
2011,1000 туылғанға,ұлдар және қыздар,,Ұлытау,KZULU,14.62
2011,1000 туылғанға,ұлдар және қыздар,,Шығыс Қазақстан,KZVOS,22.37
2011,1000 туылғанға,ұлдар және қыздар,,Астана қаласы,KZNS,12.87
2011,1000 туылғанға,ұлдар және қыздар,,Алматы қаласы,KZALA,19.17
2011,1000 туылғанға,ұлдар және қыздар,,Шымкент қаласы,KZSHY,19.88
2011,1000 туылғанға,ұлдар және қыздар,қала,,,17.86
2011,1000 туылғанға,ұлдар және қыздар,қала,Абай,KZABY,17.13
2011,1000 туылғанға,ұлдар және қыздар,қала,Ақмола,KZAKM,20.1
2011,1000 туылғанға,ұлдар және қыздар,қала,Ақтөбе,KZAKT,13.54
2011,1000 туылғанға,ұлдар және қыздар,қала,Алматы,KZALM,15.62
2011,1000 туылғанға,ұлдар және қыздар,қала,Атырау,KZATY,18.27
2011,1000 туылғанға,ұлдар және қыздар,қала,Батыс Қазақстан,KZZAP,12.64
2011,1000 туылғанға,ұлдар және қыздар,қала,Жамбыл,KZZHA,20.75
2010,1000 туылғанға,ұлдар және қыздар,қала,Жетісу,KZZHS,16.29
2011,1000 туылғанға,ұлдар және қыздар,қала,Қарағанды,KZKAR,12.16
2011,1000 туылғанға,ұлдар және қыздар,қала,Қостанай,KZKUS,14.48
2011,1000 туылғанға,ұлдар және қыздар,қала,Қызылорда,KZKZY,21.65
2011,1000 туылғанға,ұлдар және қыздар,қала,Маңғыстау,KZMAN,19.97
2011,1000 туылғанға,ұлдар және қыздар,қала,Павлодар,KZPAV,14.1
2011,1000 туылғанға,ұлдар және қыздар,қала,Солтүстік Қазақстан,KZSEV,14.16
2011,1000 туылғанға,ұлдар және қыздар,қала,Түркістан,KZYUZ,30.12
2011,1000 туылғанға,ұлдар және қыздар,қала,Ұлытау,KZULU,13.94
2011,1000 туылғанға,ұлдар және қыздар,қала,Шығыс Қазақстан,KZVOS,22.62
2011,1000 туылғанға,ұлдар және қыздар,қала,Астана қаласы,KZNS,12.87
2011,1000 туылғанға,ұлдар және қыздар,қала,Алматы қаласы,KZALA,19.17
2011,1000 туылғанға,ұлдар және қыздар,қала,Шымкент қаласы,KZSHY,19.88
2011,1000 туылғанға,ұлдар және қыздар,ауыл,,,18.23
2011,1000 туылғанға,ұлдар және қыздар,ауыл,Абай,KZABY,24.11
2011,1000 туылғанға,ұлдар және қыздар,ауыл,Ақмола,KZAKM,16.3
2011,1000 туылғанға,ұлдар және қыздар,ауыл,Ақтөбе,KZAKT,15.81
2011,1000 туылғанға,ұлдар және қыздар,ауыл,Алматы,KZALM,13.78
2011,1000 туылғанға,ұлдар және қыздар,ауыл,Атырау,KZATY,20.78
2011,1000 туылғанға,ұлдар және қыздар,ауыл,Батыс Қазақстан,KZZAP,16.77
2011,1000 туылғанға,ұлдар және қыздар,ауыл,Жамбыл,KZZHA,17.9
2011,1000 туылғанға,ұлдар және қыздар,ауыл,Жетісу,KZZHS,18.01
2011,1000 туылғанға,ұлдар және қыздар,ауыл,Қарағанды,KZKAR,17.27
2011,1000 туылғанға,ұлдар және қыздар,ауыл,Қостанай,KZKUS,18.42
2011,1000 туылғанға,ұлдар және қыздар,ауыл,Қызылорда,KZKZY,25.36
2011,1000 туылғанға,ұлдар және қыздар,ауыл,Маңғыстау,KZMAN,20.58
2011,1000 туылғанға,ұлдар және қыздар,ауыл,Павлодар,KZPAV,18.31
2011,1000 туылғанға,ұлдар және қыздар,ауыл,Солтүстік Қазақстан,KZSEV,15.66
2011,1000 туылғанға,ұлдар және қыздар,ауыл,Түркістан,KZYUZ,18.33
2011,1000 туылғанға,ұлдар және қыздар,ауыл,Ұлытау,KZULU,17.52
2011,1000 туылғанға,ұлдар және қыздар,ауыл,Шығыс Қазақстан,KZVOS,21.97
2011,1000 туылғанға,ерлер,,,,20.07
2011,1000 туылғанға,ерлер,,Абай,KZABY,23.53
2011,1000 туылғанға,ерлер,,Ақмола,KZAKM,20.89
2011,1000 туылғанға,ерлер,,Ақтөбе,KZAKT,16.72
2011,1000 туылғанға,ерлер,,Алматы,KZALM,16.21
2011,1000 туылғанға,ерлер,,Атырау,KZATY,21.68
2011,1000 туылғанға,ерлер,,Батыс Қазақстан,KZZAP,15.11
2011,1000 туылғанға,ерлер,,Жамбыл,KZZHA,20.55
2010,1000 туылғанға,ерлер,,Жетісу,KZZHS,19.91
2011,1000 туылғанға,ерлер,,Қарағанды,KZKAR,16.1
2011,1000 туылғанға,ерлер,,Қостанай,KZKUS,18.69
2011,1000 туылғанға,ерлер,,Қызылорда,KZKZY,26.77
2011,1000 туылғанға,ерлер,,Маңғыстау,KZMAN,21.58
2011,1000 туылғанға,ерлер,,Павлодар,KZPAV,16.26
2011,1000 туылғанға,ерлер,,Солтүстік Қазақстан,KZSEV,18.25
2011,1000 туылғанға,ерлер,,Түркістан,KZYUZ,22.87
2011,1000 туылғанға,ерлер,,Ұлытау,KZULU,16.02
2011,1000 туылғанға,ерлер,,Шығыс Қазақстан,KZVOS,25.68
2011,1000 туылғанға,ерлер,,Астана қаласы,KZNS,13.22
2011,1000 туылғанға,ерлер,,Алматы қаласы,KZALA,20.97
2011,1000 туылғанға,ерлер,,Шымкент қаласы,KZSHY,21.78
2011,1000 туылғанға,ерлер,қала,,,20.09
2011,1000 туылғанға,ерлер,қала,Абай,KZABY,19.83
2011,1000 туылғанға,ерлер,қала,Ақмола,KZAKM,23.12
2011,1000 туылғанға,ерлер,қала,Ақтөбе,KZAKT,15.97
2011,1000 туылғанға,ерлер,қала,Алматы,KZALM,16.06
2011,1000 туылғанға,ерлер,қала,Атырау,KZATY,22.26
2011,1000 туылғанға,ерлер,қала,Батыс Қазақстан,KZZAP,12.29
2011,1000 туылғанға,ерлер,қала,Жамбыл,KZZHA,23.15
2011,1000 туылғанға,ерлер,қала,Жетісу,KZZHS,20.74
2011,1000 туылғанға,ерлер,қала,Қарағанды,KZKAR,15.32
2011,1000 туылғанға,ерлер,қала,Қостанай,KZKUS,16.33
2011,1000 туылғанға,ерлер,қала,Қызылорда,KZKZY,22.65
2011,1000 туылғанға,ерлер,қала,Маңғыстау,KZMAN,22.35
2011,1000 туылғанға,ерлер,қала,Павлодар,KZPAV,16.53
2011,1000 туылғанға,ерлер,қала,Солтүстік Қазақстан,KZSEV,18.51
2011,1000 туылғанға,ерлер,қала,Түркістан,KZYUZ,33.9
2011,1000 туылғанға,ерлер,қала,Ұлытау,KZULU,15.33
2011,1000 туылғанға,ерлер,қала,Шығыс Қазақстан,KZVOS,25.98
2011,1000 туылғанға,ерлер,қала,Астана қаласы,KZNS,13.22
2011,1000 туылғанға,ерлер,қала,Алматы қаласы,KZALA,20.97
2011,1000 туылғанға,ерлер,қала,Шымкент қаласы,KZSHY,21.78
2011,1000 туылғанға,ерлер,ауыл,,,20.05
2011,1000 туылғанға,ерлер,ауыл,Абай,KZABY,28.25
2011,1000 туылғанға,ерлер,ауыл,Ақмола,KZAKM,18.3
2011,1000 туылғанға,ерлер,ауыл,Ақтөбе,KZAKT,18.51
2011,1000 туылғанға,ерлер,ауыл,Алматы,KZALM,16.24
2011,1000 туылғанға,ерлер,ауыл,Атырау,KZATY,20.97
2011,1000 туылғанға,ерлер,ауыл,Батыс Қазақстан,KZZAP,18.47
2011,1000 туылғанға,ерлер,ауыл,Жамбыл,KZZHA,18.91
2011,1000 туылғанға,ерлер,ауыл,Жетісу,KZZHS,19.34
2011,1000 туылғанға,ерлер,ауыл,Қарағанды,KZKAR,18.87
2011,1000 туылғанға,ерлер,ауыл,Қостанай,KZKUS,21.67
2011,1000 туылғанға,ерлер,ауыл,Қызылорда,KZKZY,30.27
2011,1000 туылғанға,ерлер,ауыл,Маңғыстау,KZMAN,20.84
2011,1000 туылғанға,ерлер,ауыл,Павлодар,KZPAV,15.73
2011,1000 туылғанға,ерлер,ауыл,Солтүстік Қазақстан,KZSEV,18.04
2011,1000 туылғанға,ерлер,ауыл,Түркістан,KZYUZ,19.62
2011,1000 туылғанға,ерлер,ауыл,Ұлытау,KZULU,18.83
2011,1000 туылғанға,ерлер,ауыл,Шығыс Қазақстан,KZVOS,25.21
2011,1000 туылғанға,әйелдер,,,,15.85
2011,1000 туылғанға,әйелдер,,Абай,KZABY,16.61
2011,1000 туылғанға,әйелдер,,Ақмола,KZAKM,15.48
2011,1000 туылғанға,әйелдер,,Ақтөбе,KZAKT,11.58
2011,1000 туылғанға,әйелдер,,Алматы,KZALM,11.9
2011,1000 туылғанға,әйелдер,,Атырау,KZATY,16.96
2011,1000 туылғанға,әйелдер,,Батыс Қазақстан,KZZAP,13.93
2011,1000 туылғанға,әйелдер,,Жамбыл,KZZHA,17.36
2011,1000 туылғанға,әйелдер,,Жетісу,KZZHS,14.45
2011,1000 туылғанға,әйелдер,,Қарағанды,KZKAR,10.35
2011,1000 туылғанға,әйелдер,,Қостанай,KZKUS,13.71
2011,1000 туылғанға,әйелдер,,Қызылорда,KZKZY,20.34
2011,1000 туылғанға,әйелдер,,Маңғыстау,KZMAN,18.88
2011,1000 туылғанға,әйелдер,,Павлодар,KZPAV,14.67
2011,1000 туылғанға,әйелдер,,Солтүстік Қазақстан,KZSEV,11.5
2011,1000 туылғанға,әйелдер,,Түркістан,KZYUZ,19.02
2011,1000 туылғанға,әйелдер,,Ұлытау,KZULU,13.17
2011,1000 туылғанға,әйелдер,,Шығыс Қазақстан,KZVOS,18.86
2011,1000 туылғанға,әйелдер,,Астана қаласы,KZNS,12.51
2011,1000 туылғанға,әйелдер,,Алматы қаласы,KZALA,17.2
2011,1000 туылғанға,әйелдер,,Шымкент қаласы,KZSHY,17.91
2011,1000 туылғанға,әйелдер,қала,,,15.47
2011,1000 туылғанға,әйелдер,қала,Абай,KZABY,14.27
2011,1000 туылғанға,әйелдер,қала,Ақмола,KZAKM,16.66
2011,1000 туылғанға,әйелдер,қала,Ақтөбе,KZAKT,10.9
2011,1000 туылғанға,әйелдер,қала,Алматы,KZALM,15.15
2011,1000 туылғанға,әйелдер,қала,Атырау,KZATY,14.15
2011,1000 туылғанға,әйелдер,қала,Батыс Қазақстан,KZZAP,13.02
2011,1000 туылғанға,әйелдер,қала,Жамбыл,KZZHA,18.19
2011,1000 туылғанға,әйелдер,қала,Жетісу,KZZHS,11.55
2011,1000 туылғанға,әйелдер,қала,Қарағанды,KZKAR,8.86
2011,1000 туылғанға,әйелдер,қала,Қостанай,KZKUS,12.53
2011,1000 туылғанға,әйелдер,қала,Қызылорда,KZKZY,20.59
2011,1000 туылғанға,әйелдер,қала,Маңғыстау,KZMAN,17.48
2011,1000 туылғанға,әйелдер,қала,Павлодар,KZPAV,11.56
2011,1000 туылғанға,әйелдер,қала,Солтүстік Қазақстан,KZSEV,9.37
2011,1000 туылғанға,әйелдер,қала,Түркістан,KZYUZ,26.07
2011,1000 туылғанға,әйелдер,қала,Ұлытау,KZULU,12.51
2011,1000 туылғанға,әйелдер,қала,Шығыс Қазақстан,KZVOS,19.02
2011,1000 туылғанға,әйелдер,қала,Астана қаласы,KZNS,12.51
2011,1000 туылғанға,әйелдер,қала,Алматы қаласы,KZALA,17.2
2011,1000 туылғанға,әйелдер,қала,Шымкент қаласы,KZSHY,17.91
2011,1000 туылғанға,әйелдер,ауыл,,,16.31
2011,1000 туылғанға,әйелдер,ауыл,Абай,KZABY,19.64
2011,1000 туылғанға,әйелдер,ауыл,Ақмола,KZAKM,14.23
2011,1000 туылғанға,әйелдер,ауыл,Ақтөбе,KZAKT,13.07
2011,1000 туылғанға,әйелдер,ауыл,Алматы,KZALM,11.24
2011,1000 туылғанға,әйелдер,ауыл,Атырау,KZATY,20.57
2011,1000 туылғанға,әйелдер,ауыл,Батыс Қазақстан,KZZAP,14.98
2011,1000 туылғанға,әйелдер,ауыл,Жамбыл,KZZHA,16.84
2011,1000 туылғанға,әйелдер,ауыл,Жетісу,KZZHS,16.53
2011,1000 туылғанға,әйелдер,ауыл,Қарағанды,KZKAR,15.62
2011,1000 туылғанға,әйелдер,ауыл,Қостанай,KZKUS,15.15
2011,1000 туылғанға,әйелдер,ауыл,Қызылорда,KZKZY,20.13
2011,1000 туылғанға,әйелдер,ауыл,Маңғыстау,KZMAN,20.3
2011,1000 туылғанға,әйелдер,ауыл,Павлодар,KZPAV,21.14
2011,1000 туылғанға,әйелдер,ауыл,Солтүстік Қазақстан,KZSEV,13.14
2011,1000 туылғанға,әйелдер,ауыл,Түркістан,KZYUZ,16.96
2011,1000 туылғанға,әйелдер,ауыл,Ұлытау,KZULU,16.09
2011,1000 туылғанға,әйелдер,ауыл,Шығыс Қазақстан,KZVOS,18.61
2012,1000 туылғанға,ұлдар және қыздар,,,,16.43
2012,1000 туылғанға,ұлдар және қыздар,,Абай,KZABY,18.76
2012,1000 туылғанға,ұлдар және қыздар,,Ақмола,KZAKM,13.91
2012,1000 туылғанға,ұлдар және қыздар,,Ақтөбе,KZAKT,16.35
2012,1000 туылғанға,ұлдар және қыздар,,Алматы,KZALM,14.93
2012,1000 туылғанға,ұлдар және қыздар,,Атырау,KZATY,19.12
2012,1000 туылғанға,ұлдар және қыздар,,Батыс Қазақстан,KZZAP,11.99
2012,1000 туылғанға,ұлдар және қыздар,,Жамбыл,KZZHA,17.16
2012,1000 туылғанға,ұлдар және қыздар,,Жетісу,KZZHS,14.54
2012,1000 туылғанға,ұлдар және қыздар,,Қарағанды,KZKAR,13.4
2012,1000 туылғанға,ұлдар және қыздар,,Қостанай,KZKUS,17.01
2012,1000 туылғанға,ұлдар және қыздар,,Қызылорда,KZKZY,24.38
2012,1000 туылғанға,ұлдар және қыздар,,Маңғыстау,KZMAN,16.39
2012,1000 туылғанға,ұлдар және қыздар,,Павлодар,KZPAV,10.88
2012,1000 туылғанға,ұлдар және қыздар,,Солтүстік Қазақстан,KZSEV,13.07
2012,1000 туылғанға,ұлдар және қыздар,,Түркістан,KZYUZ,19.82
2012,1000 туылғанға,ұлдар және қыздар,,Ұлытау,KZULU,19.23
2012,1000 туылғанға,ұлдар және қыздар,,Шығыс Қазақстан,KZVOS,17.84
2012,1000 туылғанға,ұлдар және қыздар,,Астана қаласы,KZNS,13.25
2012,1000 туылғанға,ұлдар және қыздар,,Алматы қаласы,KZALA,13.98
2012,1000 туылғанға,ұлдар және қыздар,,Шымкент қаласы,KZSHY,15.33
2012,1000 туылғанға,ұлдар және қыздар,қала,,,15.62
2012,1000 туылғанға,ұлдар және қыздар,қала,Абай,KZABY,19.46
2012,1000 туылғанға,ұлдар және қыздар,қала,Ақмола,KZAKM,15.63
2012,1000 туылғанға,ұлдар және қыздар,қала,Ақтөбе,KZAKT,16.7
2012,1000 туылғанға,ұлдар және қыздар,қала,Алматы,KZALM,14.12
2012,1000 туылғанға,ұлдар және қыздар,қала,Атырау,KZATY,18.73
2012,1000 туылғанға,ұлдар және қыздар,қала,Батыс Қазақстан,KZZAP,8.83
2012,1000 туылғанға,ұлдар және қыздар,қала,Жамбыл,KZZHA,15.61
2012,1000 туылғанға,ұлдар және қыздар,қала,Жетісу,KZZHS,13.95
2012,1000 туылғанға,ұлдар және қыздар,қала,Қарағанды,KZKAR,13.36
2012,1000 туылғанға,ұлдар және қыздар,қала,Қостанай,KZKUS,15.1
2012,1000 туылғанға,ұлдар және қыздар,қала,Қызылорда,KZKZY,21.36
2012,1000 туылғанға,ұлдар және қыздар,қала,Маңғыстау,KZMAN,15.26
2012,1000 туылғанға,ұлдар және қыздар,қала,Павлодар,KZPAV,10.1
2012,1000 туылғанға,ұлдар және қыздар,қала,Солтүстік Қазақстан,KZSEV,13.0
2012,1000 туылғанға,ұлдар және қыздар,қала,Түркістан,KZYUZ,24.74
2012,1000 туылғанға,ұлдар және қыздар,қала,Ұлытау,KZULU,18.58
2012,1000 туылғанға,ұлдар және қыздар,қала,Шығыс Қазақстан,KZVOS,16.91
2012,1000 туылғанға,ұлдар және қыздар,қала,Астана қаласы,KZNS,13.25
2012,1000 туылғанға,ұлдар және қыздар,қала,Алматы қаласы,KZALA,13.98
2012,1000 туылғанға,ұлдар және қыздар,қала,Шымкент қаласы,KZSHY,15.33
2012,1000 туылғанға,ұлдар және қыздар,ауыл,,,17.47
2012,1000 туылғанға,ұлдар және қыздар,ауыл,Абай,KZABY,17.76
2012,1000 туылғанға,ұлдар және қыздар,ауыл,Ақмола,KZAKM,12.03
2012,1000 туылғанға,ұлдар және қыздар,ауыл,Ақтөбе,KZAKT,15.53
2012,1000 туылғанға,ұлдар және қыздар,ауыл,Алматы,KZALM,15.1
2012,1000 туылғанға,ұлдар және қыздар,ауыл,Атырау,KZATY,19.63
2012,1000 туылғанға,ұлдар және қыздар,ауыл,Батыс Қазақстан,KZZAP,15.81
2012,1000 туылғанға,ұлдар және қыздар,ауыл,Жамбыл,KZZHA,18.23
2012,1000 туылғанға,ұлдар және қыздар,ауыл,Жетісу,KZZHS,14.96
2012,1000 туылғанға,ұлдар және қыздар,ауыл,Қарағанды,KZKAR,13.52
2012,1000 туылғанға,ұлдар және қыздар,ауыл,Қостанай,KZKUS,19.67
2012,1000 туылғанға,ұлдар және қыздар,ауыл,Қызылорда,KZKZY,26.99
2012,1000 туылғанға,ұлдар және қыздар,ауыл,Маңғыстау,KZMAN,17.41
2012,1000 туылғанға,ұлдар және қыздар,ауыл,Павлодар,KZPAV,12.58
2012,1000 туылғанға,ұлдар және қыздар,ауыл,Солтүстік Қазақстан,KZSEV,13.13
2012,1000 туылғанға,ұлдар және қыздар,қала,Түркістан,KZYUZ,18.33
2012,1000 туылғанға,ұлдар және қыздар,қала,Ұлытау,KZULU,22.0
2012,1000 туылғанға,ұлдар және қыздар,ауыл,Шығыс Қазақстан,KZVOS,19.54
2012,1000 туылғанға,ерлер,,,,18.28
2012,1000 туылғанға,ерлер,,Абай,KZABY,18.81
2012,1000 туылғанға,ерлер,,Ақмола,KZAKM,15.0
2012,1000 туылғанға,ерлер,,Ақтөбе,KZAKT,16.92
2012,1000 туылғанға,ерлер,,Алматы,KZALM,17.95
2012,1000 туылғанға,ерлер,,Атырау,KZATY,19.82
2012,1000 туылғанға,ерлер,,Батыс Қазақстан,KZZAP,15.23
2012,1000 туылғанға,ерлер,,Жамбыл,KZZHA,19.75
2012,1000 туылғанға,ерлер,,Жетісу,KZZHS,17.14
2012,1000 туылғанға,ерлер,,Қарағанды,KZKAR,15.12
2012,1000 туылғанға,ерлер,,Қостанай,KZKUS,20.03
2012,1000 туылғанға,ерлер,,Қызылорда,KZKZY,27.51
2012,1000 туылғанға,ерлер,,Маңғыстау,KZMAN,17.32
2012,1000 туылғанға,ерлер,,Павлодар,KZPAV,12.08
2012,1000 туылғанға,ерлер,,Солтүстік Қазақстан,KZSEV,14.57
2012,1000 туылғанға,ерлер,,Түркістан,KZYUZ,21.65
2012,1000 туылғанға,ерлер,,Ұлытау,KZULU,20.58
2012,1000 туылғанға,ерлер,,Шығыс Қазақстан,KZVOS,21.33
2012,1000 туылғанға,ерлер,,Астана қаласы,KZNS,14.33
2012,1000 туылғанға,ерлер,,Алматы қаласы,KZALA,15.15
2012,1000 туылғанға,ерлер,,Шымкент қаласы,KZSHY,16.71
2012,1000 туылғанға,ерлер,қала,,,17.17
2012,1000 туылғанға,ерлер,қала,Абай,KZABY,19.5
2012,1000 туылғанға,ерлер,қала,Ақмола,KZAKM,17.82
2012,1000 туылғанға,ерлер,қала,Ақтөбе,KZAKT,17.07
2012,1000 туылғанға,ерлер,қала,Алматы,KZALM,16.12
2012,1000 туылғанға,ерлер,қала,Атырау,KZATY,19.82
2012,1000 туылғанға,ерлер,қала,Батыс Қазақстан,KZZAP,11.94
2012,1000 туылғанға,ерлер,қала,Жамбыл,KZZHA,16.51
2012,1000 туылғанға,ерлер,қала,Жетісу,KZZHS,15.93
2012,1000 туылғанға,ерлер,қала,Қарағанды,KZKAR,15.24
2012,1000 туылғанға,ерлер,қала,Қостанай,KZKUS,17.48
2012,1000 туылғанға,ерлер,қала,Қызылорда,KZKZY,24.73
2012,1000 туылғанға,ерлер,қала,Маңғыстау,KZMAN,14.8
2012,1000 туылғанға,ерлер,қала,Павлодар,KZPAV,11.7
2012,1000 туылғанға,ерлер,қала,Солтүстік Қазақстан,KZSEV,12.64
2012,1000 туылғанға,ерлер,қала,Түркістан,KZYUZ,28.03
2012,1000 туылғанға,ерлер,қала,Ұлытау,KZULU,20.89
2012,1000 туылғанға,ерлер,қала,Шығыс Қазақстан,KZVOS,19.65
2012,1000 туылғанға,ерлер,қала,Астана қаласы,KZNS,14.33
2012,1000 туылғанға,ерлер,қала,Алматы қаласы,KZALA,15.15
2012,1000 туылғанға,ерлер,қала,Шымкент қаласы,KZSHY,16.71
2012,1000 туылғанға,ерлер,ауыл,,,19.68
2012,1000 туылғанға,ерлер,ауыл,Абай,KZABY,17.83
2012,1000 туылғанға,ерлер,ауыл,Ақмола,KZAKM,11.94
2012,1000 туылғанға,ерлер,ауыл,Ақтөбе,KZAKT,16.55
2012,1000 туылғанға,ерлер,ауыл,Алматы,KZALM,18.33
2012,1000 туылғанға,ерлер,ауыл,Атырау,KZATY,19.83
2012,1000 туылғанға,ерлер,ауыл,Батыс Қазақстан,KZZAP,19.19
2012,1000 туылғанға,ерлер,ауыл,Жамбыл,KZZHA,21.93
2012,1000 туылғанға,ерлер,ауыл,Жетісу,KZZHS,18.03
2012,1000 туылғанға,ерлер,ауыл,Қарағанды,KZKAR,15.46
2012,1000 туылғанға,ерлер,ауыл,Қостанай,KZKUS,23.5
2012,1000 туылғанға,ерлер,ауыл,Қызылорда,KZKZY,29.89
2012,1000 туылғанға,ерлер,ауыл,Маңғыстау,KZMAN,19.6
2012,1000 туылғанға,ерлер,ауыл,Павлодар,KZPAV,12.91
2012,1000 туылғанға,ерлер,ауыл,Солтүстік Қазақстан,KZSEV,16.22
2012,1000 туылғанға,ерлер,ауыл,Түркістан,KZYUZ,19.71
2012,1000 туылғанға,ерлер,ауыл,Ұлытау,KZULU,19.31
2012,1000 туылғанға,ерлер,ауыл,Шығыс Қазақстан,KZVOS,24.41
2012,1000 туылғанға,әйелдер,,,,14.49
2012,1000 туылғанға,әйелдер,,Абай,KZABY,18.7
2012,1000 туылғанға,әйелдер,,Ақмола,KZAKM,12.8
2012,1000 туылғанға,әйелдер,,Ақтөбе,KZAKT,15.74
2012,1000 туылғанға,әйелдер,,Алматы,KZALM,11.78
2012,1000 туылғанға,әйелдер,,Атырау,KZATY,18.38
2012,1000 туылғанға,әйелдер,,Батыс Қазақстан,KZZAP,8.51
2012,1000 туылғанға,әйелдер,,Жамбыл,KZZHA,14.47
2012,1000 туылғанға,әйелдер,,Жетісу,KZZHS,11.89
2012,1000 туылғанға,әйелдер,,Қарағанды,KZKAR,11.57
2012,1000 туылғанға,әйелдер,,Қостанай,KZKUS,13.91
2012,1000 туылғанға,әйелдер,,Қызылорда,KZKZY,20.97
2012,1000 туылғанға,әйелдер,,Маңғыстау,KZMAN,15.42
2012,1000 туылғанға,әйелдер,,Павлодар,KZPAV,9.6
2012,1000 туылғанға,әйелдер,,Солтүстік Қазақстан,KZSEV,11.51
2012,1000 туылғанға,әйелдер,,Түркістан,KZYUZ,17.85
2012,1000 туылғанға,әйелдер,,Ұлытау,KZULU,17.81
2012,1000 туылғанға,әйелдер,,Шығыс Қазақстан,KZVOS,14.23
2012,1000 туылғанға,әйелдер,,Астана қаласы,KZNS,12.12
2012,1000 туылғанға,әйелдер,,Алматы қаласы,KZALA,12.72
2012,1000 туылғанға,әйелдер,,Шымкент қаласы,KZSHY,13.89
2012,1000 туылғанға,әйелдер,қала,,,13.99
2012,1000 туылғанға,әйелдер,қала,Абай,KZABY,19.41
2012,1000 туылғанға,әйелдер,қала,Ақмола,KZAKM,13.41
2012,1000 туылғанға,әйелдер,қала,Ақтөбе,KZAKT,16.29
2012,1000 туылғанға,әйелдер,қала,Алматы,KZALM,12.11
2012,1000 туылғанға,әйелдер,қала,Атырау,KZATY,17.6
2012,1000 туылғанға,әйелдер,қала,Батыс Қазақстан,KZZAP,5.49
2012,1000 туылғанға,әйелдер,қала,Жамбыл,KZZHA,14.71
2012,1000 туылғанға,әйелдер,қала,Жетісу,KZZHS,11.88
2012,1000 туылғанға,әйелдер,қала,Қарағанды,KZKAR,11.37
2012,1000 туылғанға,әйелдер,қала,Қостанай,KZKUS,12.68
2012,1000 туылғанға,әйелдер,қала,Қызылорда,KZKZY,17.74
2012,1000 туылғанға,әйелдер,қала,Маңғыстау,KZMAN,15.73
2012,1000 туылғанға,әйелдер,қала,Павлодар,KZPAV,8.4
2012,1000 туылғанға,әйелдер,қала,Солтүстік Қазақстан,KZSEV,13.4
2012,1000 туылғанға,әйелдер,қала,Түркістан,KZYUZ,21.19
2012,1000 туылғанға,әйелдер,қала,Ұлытау,KZULU,16.14
2012,1000 туылғанға,әйелдер,қала,Шығыс Қазақстан,KZVOS,14.07
2012,1000 туылғанға,әйелдер,қала,Астана қаласы,KZNS,12.12
2012,1000 туылғанға,әйелдер,қала,Алматы қаласы,KZALA,12.72
2012,1000 туылғанға,әйелдер,қала,Шымкент қаласы,KZSHY,13.89
2012,1000 туылғанға,әйелдер,ауыл,,,15.13
2012,1000 туылғанға,әйелдер,ауыл,Абай,KZABY,17.68
2012,1000 туылғанға,әйелдер,ауыл,Ақмола,KZAKM,12.11
2012,1000 туылғанға,әйелдер,ауыл,Ақтөбе,KZAKT,14.42
2012,1000 туылғанға,әйелдер,ауыл,Алматы,KZALM,11.71
2012,1000 туылғанға,әйелдер,ауыл,Атырау,KZATY,19.42
2012,1000 туылғанға,әйелдер,ауыл,Батыс Қазақстан,KZZAP,12.18
2012,1000 туылғанға,әйелдер,ауыл,Жамбыл,KZZHA,14.31
2012,1000 туылғанға,әйелдер,ауыл,Жетісу,KZZHS,11.9
2012,1000 туылғанға,әйелдер,ауыл,Қарағанды,KZKAR,12.3
2012,1000 туылғанға,әйелдер,ауыл,Қостанай,KZKUS,15.65
2012,1000 туылғанға,әйелдер,ауыл,Қызылорда,KZKZY,23.8
2012,1000 туылғанға,әйелдер,ауыл,Маңғыстау,KZMAN,15.13
2012,1000 туылғанға,әйелдер,ауыл,Павлодар,KZPAV,12.23
2012,1000 туылғанға,әйелдер,ауыл,Солтүстік Қазақстан,KZSEV,10.03
2012,1000 туылғанға,әйелдер,ауыл,Түркістан,KZYUZ,16.84
2012,1000 туылғанға,әйелдер,ауыл,Ұлытау,KZULU,24.83
2012,1000 туылғанға,әйелдер,ауыл,Шығыс Қазақстан,KZVOS,14.53
2013,1000 туылғанға,ұлдар және қыздар,,,,14.25
2013,1000 туылғанға,ұлдар және қыздар,,Абай,KZABY,16.37
2013,1000 туылғанға,ұлдар және қыздар,,Ақмола,KZAKM,14.78
2013,1000 туылғанға,ұлдар және қыздар,,Ақтөбе,KZAKT,13.54
2013,1000 туылғанға,ұлдар және қыздар,,Алматы,KZALM,12.29
2013,1000 туылғанға,ұлдар және қыздар,,Атырау,KZATY,11.89
2013,1000 туылғанға,ұлдар және қыздар,,Батыс Қазақстан,KZZAP,9.82
2013,1000 туылғанға,ұлдар және қыздар,,Жамбыл,KZZHA,16.65
2013,1000 туылғанға,ұлдар және қыздар,,Жетісу,KZZHS,12.74
2013,1000 туылғанға,ұлдар және қыздар,,Қарағанды,KZKAR,11.06
2013,1000 туылғанға,ұлдар және қыздар,,Қостанай,KZKUS,14.2
2013,1000 туылғанға,ұлдар және қыздар,,Қызылорда,KZKZY,19.82
2013,1000 туылғанға,ұлдар және қыздар,,Маңғыстау,KZMAN,12.17
2013,1000 туылғанға,ұлдар және қыздар,,Павлодар,KZPAV,10.45
2013,1000 туылғанға,ұлдар және қыздар,,Солтүстік Қазақстан,KZSEV,13.78
2013,1000 туылғанға,ұлдар және қыздар,,Түркістан,KZYUZ,18.41
2013,1000 туылғанға,ұлдар және қыздар,,Ұлытау,KZULU,13.73
2013,1000 туылғанға,ұлдар және қыздар,,Шығыс Қазақстан,KZVOS,15.07
2013,1000 туылғанға,ұлдар және қыздар,,Астана қаласы,KZNS,11.6
2013,1000 туылғанға,ұлдар және қыздар,,Алматы қаласы,KZALA,11.72
2013,1000 туылғанға,ұлдар және қыздар,,Шымкент қаласы,KZSHY,15.15
2013,1000 туылғанға,ұлдар және қыздар,қала,,,13.61
2013,1000 туылғанға,ұлдар және қыздар,қала,Абай,KZABY,14.56
2013,1000 туылғанға,ұлдар және қыздар,қала,Ақмола,KZAKM,15.91
2013,1000 туылғанға,ұлдар және қыздар,қала,Ақтөбе,KZAKT,13.06
2013,1000 туылғанға,ұлдар және қыздар,қала,Алматы,KZALM,12.28
2013,1000 туылғанға,ұлдар және қыздар,қала,Атырау,KZATY,11.94
2013,1000 туылғанға,ұлдар және қыздар,қала,Батыс Қазақстан,KZZAP,9.36
2013,1000 туылғанға,ұлдар және қыздар,қала,Жамбыл,KZZHA,21.21
2013,1000 туылғанға,ұлдар және қыздар,қала,Жетісу,KZZHS,13.19
2013,1000 туылғанға,ұлдар және қыздар,қала,Қарағанды,KZKAR,10.56
2013,1000 туылғанға,ұлдар және қыздар,қала,Қостанай,KZKUS,12.72
2013,1000 туылғанға,ұлдар және қыздар,қала,Қызылорда,KZKZY,17.5
2013,1000 туылғанға,ұлдар және қыздар,қала,Маңғыстау,KZMAN,10.96
2013,1000 туылғанға,ұлдар және қыздар,қала,Павлодар,KZPAV,9.96
2013,1000 туылғанға,ұлдар және қыздар,қала,Солтүстік Қазақстан,KZSEV,13.75
2013,1000 туылғанға,ұлдар және қыздар,қала,Түркістан,KZYUZ,20.37
2013,1000 туылғанға,ұлдар және қыздар,қала,Ұлытау,KZULU,12.32
2013,1000 туылғанға,ұлдар және қыздар,қала,Шығыс Қазақстан,KZVOS,14.63
2013,1000 туылғанға,ұлдар және қыздар,қала,Астана қаласы,KZNS,11.6
2013,1000 туылғанға,ұлдар және қыздар,қала,Алматы қаласы,KZALA,11.72
2013,1000 туылғанға,ұлдар және қыздар,қала,Шымкент қаласы,KZSHY,15.15
2013,1000 туылғанға,ұлдар және қыздар,ауыл,,,15.07
2013,1000 туылғанға,ұлдар және қыздар,ауыл,Абай,KZABY,14.56
2013,1000 туылғанға,ұлдар және қыздар,ауыл,Ақмола,KZAKM,15.91
2013,1000 туылғанға,ұлдар және қыздар,ауыл,Ақтөбе,KZAKT,13.06
2013,1000 туылғанға,ұлдар және қыздар,ауыл,Алматы,KZALM,12.28
2013,1000 туылғанға,ұлдар және қыздар,ауыл,Атырау,KZATY,11.94
2013,1000 туылғанға,ұлдар және қыздар,ауыл,Батыс Қазақстан,KZZAP,9.36
2013,1000 туылғанға,ұлдар және қыздар,ауыл,Жамбыл,KZZHA,21.21
2013,1000 туылғанға,ұлдар және қыздар,ауыл,Жетісу,KZZHS,13.19
2013,1000 туылғанға,ұлдар және қыздар,ауыл,Қарағанды,KZKAR,12.95
2013,1000 туылғанға,ұлдар және қыздар,ауыл,Қостанай,KZKUS,16.33
2013,1000 туылғанға,ұлдар және қыздар,ауыл,Қызылорда,KZKZY,21.79
2013,1000 туылғанға,ұлдар және қыздар,ауыл,Маңғыстау,KZMAN,13.27
2013,1000 туылғанға,ұлдар және қыздар,ауыл,Павлодар,KZPAV,11.52
2013,1000 туылғанға,ұлдар және қыздар,ауыл,Солтүстік Қазақстан,KZSEV,13.81
2013,1000 туылғанға,ұлдар және қыздар,ауыл,Түркістан,KZYUZ,17.82
2013,1000 туылғанға,ұлдар және қыздар,ауыл,Ұлытау,KZULU,19.96
2013,1000 туылғанға,ұлдар және қыздар,ауыл,Шығыс Қазақстан,KZVOS,15.81
2013,1000 туылғанға,ерлер,,,,15.96
2013,1000 туылғанға,ерлер,,Абай,KZABY,18.94
2013,1000 туылғанға,ерлер,,Ақмола,KZAKM,17.35
2013,1000 туылғанға,ерлер,,Ақтөбе,KZAKT,15.36
2013,1000 туылғанға,ерлер,,Алматы,KZALM,14.62
2013,1000 туылғанға,ерлер,,Атырау,KZATY,12.63
2013,1000 туылғанға,ерлер,,Батыс Қазақстан,KZZAP,11.81
2013,1000 туылғанға,ерлер,,Жамбыл,KZZHA,17.32
2013,1000 туылғанға,ерлер,,Жетісу,KZZHS,14.71
2013,1000 туылғанға,ерлер,,Қарағанды,KZKAR,11.88
2013,1000 туылғанға,ерлер,,Қостанай,KZKUS,17.03
2013,1000 туылғанға,ерлер,,Қызылорда,KZKZY,20.94
2013,1000 туылғанға,ерлер,,Маңғыстау,KZMAN,13.5
2013,1000 туылғанға,ерлер,,Павлодар,KZPAV,12.13
2013,1000 туылғанға,ерлер,,Солтүстік Қазақстан,KZSEV,13.9
2013,1000 туылғанға,ерлер,,Түркістан,KZYUZ,20.78
2013,1000 туылғанға,ерлер,,Ұлытау,KZULU,15.76
2013,1000 туылғанға,ерлер,,Шығыс Қазақстан,KZVOS,17.65
2013,1000 туылғанға,ерлер,,Астана қаласы,KZNS,12.56
2013,1000 туылғанға,ерлер,,Алматы қаласы,KZALA,13.99
2013,1000 туылғанға,ерлер,,Шымкент қаласы,KZSHY,16.11
2013,1000 туылғанға,ерлер,қала,,,14.95
2013,1000 туылғанға,ерлер,қала,Абай,KZABY,16.75
2013,1000 туылғанға,ерлер,қала,Ақмола,KZAKM,16.93
2013,1000 туылғанға,ерлер,қала,Ақтөбе,KZAKT,14.23
2013,1000 туылғанға,ерлер,қала,Алматы,KZALM,14.33
2013,1000 туылғанға,ерлер,қала,Атырау,KZATY,12.29
2013,1000 туылғанға,ерлер,қала,Батыс Қазақстан,KZZAP,10.88
2013,1000 туылғанға,ерлер,қала,Жамбыл,KZZHA,20.8
2013,1000 туылғанға,ерлер,қала,Жетісу,KZZHS,16.3
2013,1000 туылғанға,ерлер,қала,Қарағанды,KZKAR,10.3
2013,1000 туылғанға,ерлер,қала,Қостанай,KZKUS,16.63
2013,1000 туылғанға,ерлер,қала,Қызылорда,KZKZY,16.17
2013,1000 туылғанға,ерлер,қала,Маңғыстау,KZMAN,11.68
2013,1000 туылғанға,ерлер,қала,Павлодар,KZPAV,10.56
2013,1000 туылғанға,ерлер,қала,Солтүстік Қазақстан,KZSEV,15.47
2013,1000 туылғанға,ерлер,қала,Түркістан,KZYUZ,24.07
2013,1000 туылғанға,ерлер,қала,Ұлытау,KZULU,13.87
2013,1000 туылғанға,ерлер,қала,Шығыс Қазақстан,KZVOS,17.12
2013,1000 туылғанға,ерлер,қала,Астана қаласы,KZNS,12.56
2013,1000 туылғанға,ерлер,қала,Алматы қаласы,KZALA,13.99
2013,1000 туылғанға,ерлер,қала,Шымкент қаласы,KZSHY,16.11
2013,1000 туылғанға,ерлер,ауыл,,,17.26
2013,1000 туылғанға,ерлер,ауыл,Абай,KZABY,22.27
2013,1000 туылғанға,ерлер,ауыл,Ақмола,KZAKM,17.83
2013,1000 туылғанға,ерлер,ауыл,Ақтөбе,KZAKT,18.25
2013,1000 туылғанға,ерлер,ауыл,Алматы,KZALM,14.68
2013,1000 туылғанға,ерлер,ауыл,Атырау,KZATY,13.06
2013,1000 туылғанға,ерлер,ауыл,Батыс Қазақстан,KZZAP,12.95
2013,1000 туылғанға,ерлер,ауыл,Жамбыл,KZZHA,15.14
2013,1000 туылғанға,ерлер,ауыл,Жетісу,KZZHS,13.48
2013,1000 туылғанға,ерлер,ауыл,Қарағанды,KZKAR,17.83
2013,1000 туылғанға,ерлер,ауыл,Қостанай,KZKUS,17.59
2013,1000 туылғанға,ерлер,ауыл,Қызылорда,KZKZY,24.9
2013,1000 туылғанға,ерлер,ауыл,Маңғыстау,KZMAN,15.18
2013,1000 туылғанға,ерлер,ауыл,Павлодар,KZPAV,15.44
2013,1000 туылғанға,ерлер,ауыл,Солтүстік Қазақстан,KZSEV,12.63
2013,1000 туылғанға,ерлер,ауыл,Түркістан,KZYUZ,19.78
2013,1000 туылғанға,ерлер,ауыл,Ұлытау,KZULU,24.12
2013,1000 туылғанға,ерлер,ауыл,Шығыс Қазақстан,KZVOS,18.59
2013,1000 туылғанға,әйелдер,,,,12.42
2013,1000 туылғанға,әйелдер,,Абай,KZABY,13.59
2013,1000 туылғанға,әйелдер,,Ақмола,KZAKM,12.04
2013,1000 туылғанға,әйелдер,,Ақтөбе,KZAKT,11.59
2013,1000 туылғанға,әйелдер,,Алматы,KZALM,9.84
2013,1000 туылғанға,әйелдер,,Атырау,KZATY,11.11
2013,1000 туылғанға,әйелдер,,Батыс Қазақстан,KZZAP,7.62
2013,1000 туылғанға,әйелдер,,Жамбыл,KZZHA,15.93
2013,1000 туылғанға,әйелдер,,Жетісу,KZZHS,10.67
2013,1000 туылғанға,әйелдер,,Қарағанды,KZKAR,10.19
2013,1000 туылғанға,әйелдер,,Қостанай,KZKUS,11.21
2013,1000 туылғанға,әйелдер,,Қызылорда,KZKZY,18.62
2013,1000 туылғанға,әйелдер,,Маңғыстау,KZMAN,10.74
2013,1000 туылғанға,әйелдер,,Павлодар,KZPAV,8.62
2013,1000 туылғанға,әйелдер,,Солтүстік Қазақстан,KZSEV,13.65
2013,1000 туылғанға,әйелдер,,Түркістан,KZYUZ,15.91
2013,1000 туылғанға,әйелдер,,Ұлытау,KZULU,11.64
2013,1000 туылғанға,әйелдер,,Шығыс Қазақстан,KZVOS,12.36
2013,1000 туылғанға,әйелдер,,Астана қаласы,KZNS,10.56
2013,1000 туылғанға,әйелдер,,Алматы қаласы,KZALA,9.3
2013,1000 туылғанға,әйелдер,,Шымкент қаласы,KZSHY,14.12
2013,1000 туылғанға,әйелдер,қала,,,12.17
2013,1000 туылғанға,әйелдер,қала,Абай,KZABY,12.15
2013,1000 туылғанға,әйелдер,қала,Ақмола,KZAKM,14.81
2013,1000 туылғанға,әйелдер,қала,Ақтөбе,KZAKT,11.81
2013,1000 туылғанға,әйелдер,қала,Алматы,KZALM,10.11
2013,1000 туылғанға,әйелдер,қала,Атырау,KZATY,11.57
2013,1000 туылғанға,әйелдер,қала,Батыс Қазақстан,KZZAP,7.65
2013,1000 туылғанға,әйелдер,қала,Жамбыл,KZZHA,21.63
2013,1000 туылғанға,әйелдер,қала,Жетісу,KZZHS,9.89
2013,1000 туылғанға,әйелдер,қала,Қарағанды,KZKAR,10.83
2013,1000 туылғанға,әйелдер,қала,Қостанай,KZKUS,8.7
2013,1000 туылғанға,әйелдер,қала,Қызылорда,KZKZY,18.91
2013,1000 туылғанға,әйелдер,қала,Маңғыстау,KZMAN,10.19
2013,1000 туылғанға,әйелдер,қала,Павлодар,KZPAV,9.31
2013,1000 туылғанға,әйелдер,қала,Солтүстік Қазақстан,KZSEV,11.89
2013,1000 туылғанға,әйелдер,қала,Түркістан,KZYUZ,16.4
2013,1000 туылғанға,әйелдер,қала,Ұлытау,KZULU,10.72
2013,1000 туылғанға,әйелдер,қала,Шығыс Қазақстан,KZVOS,12.0
2013,1000 туылғанға,әйелдер,қала,Астана қаласы,KZNS,10.56
2013,1000 туылғанға,әйелдер,қала,Алматы қаласы,KZALA,9.3
2013,1000 туылғанға,әйелдер,қала,Шымкент қаласы,KZSHY,14.12
2013,1000 туылғанға,әйелдер,ауыл,,,12.74
2013,1000 туылғанға,әйелдер,ауыл,Абай,KZABY,15.71
2013,1000 туылғанға,әйелдер,ауыл,Ақмола,KZAKM,8.89
2013,1000 туылғанға,әйелдер,ауыл,Ақтөбе,KZAKT,11.03
2013,1000 туылғанға,әйелдер,ауыл,Алматы,KZALM,9.79
2013,1000 туылғанға,әйелдер,ауыл,Атырау,KZATY,10.53
2013,1000 туылғанға,әйелдер,ауыл,Батыс Қазақстан,KZZAP,7.59
2013,1000 туылғанға,әйелдер,ауыл,Жамбыл,KZZHA,12.29
2013,1000 туылғанға,әйелдер,ауыл,Жетісу,KZZHS,11.26
2013,1000 туылғанға,әйелдер,ауыл,Қарағанды,KZKAR,7.84
2013,1000 туылғанға,әйелдер,ауыл,Қостанай,KZKUS,14.95
2013,1000 туылғанға,әйелдер,ауыл,Қызылорда,KZKZY,18.36
2013,1000 туылғанға,әйелдер,ауыл,Маңғыстау,KZMAN,11.24
2013,1000 туылғанға,әйелдер,ауыл,Павлодар,KZPAV,7.12
2013,1000 туылғанға,әйелдер,ауыл,Солтүстік Қазақстан,KZSEV,15.1
2013,1000 туылғанға,әйелдер,ауыл,Түркістан,KZYUZ,15.76
2013,1000 туылғанға,әйелдер,ауыл,Ұлытау,KZULU,15.7
2013,1000 туылғанға,әйелдер,ауыл,Шығыс Қазақстан,KZVOS,12.98
2014,1000 туылғанға,ұлдар және қыздар,,,,12.4
2014,1000 туылғанға,ұлдар және қыздар,,Абай,KZABY,12.95
2014,1000 туылғанға,ұлдар және қыздар,,Ақмола,KZAKM,12.02
2014,1000 туылғанға,ұлдар және қыздар,,Ақтөбе,KZAKT,11.77
2014,1000 туылғанға,ұлдар және қыздар,,Алматы,KZALM,11.23
2014,1000 туылғанға,ұлдар және қыздар,,Атырау,KZATY,11.78
2014,1000 туылғанға,ұлдар және қыздар,,Батыс Қазақстан,KZZAP,10.89
2014,1000 туылғанға,ұлдар және қыздар,,Жамбыл,KZZHA,13.29
2014,1000 туылғанға,ұлдар және қыздар,,Жетісу,KZZHS,11.62
2014,1000 туылғанға,ұлдар және қыздар,,Қарағанды,KZKAR,10.76
2014,1000 туылғанға,ұлдар және қыздар,,Қостанай,KZKUS,14.18
2014,1000 туылғанға,ұлдар және қыздар,,Қызылорда,KZKZY,17.14
2014,1000 туылғанға,ұлдар және қыздар,,Маңғыстау,KZMAN,11.52
2014,1000 туылғанға,ұлдар және қыздар,,Павлодар,KZPAV,9.89
2014,1000 туылғанға,ұлдар және қыздар,,Солтүстік Қазақстан,KZSEV,10.83
2014,1000 туылғанға,ұлдар және қыздар,,Түркістан,KZYUZ,14.91
2014,1000 туылғанға,ұлдар және қыздар,,Ұлытау,KZULU,11.55
2014,1000 туылғанға,ұлдар және қыздар,,Шығыс Қазақстан,KZVOS,13.57
2014,1000 туылғанға,ұлдар және қыздар,,Астана қаласы,KZNS,8.35
2014,1000 туылғанға,ұлдар және қыздар,,Алматы қаласы,KZALA,9.46
2014,1000 туылғанға,ұлдар және қыздар,,Шымкент қаласы,KZSHY,15.51
2014,1000 туылғанға,ұлдар және қыздар,қала,,,11.98
2014,1000 туылғанға,ұлдар және қыздар,қала,Абай,KZABY,14.15
2014,1000 туылғанға,ұлдар және қыздар,қала,Ақмола,KZAKM,11.42
2014,1000 туылғанға,ұлдар және қыздар,қала,Ақтөбе,KZAKT,12.11
2014,1000 туылғанға,ұлдар және қыздар,қала,Алматы,KZALM,10.28
2014,1000 туылғанға,ұлдар және қыздар,қала,Атырау,KZATY,10.64
2014,1000 туылғанға,ұлдар және қыздар,қала,Батыс Қазақстан,KZZAP,10.76
2014,1000 туылғанға,ұлдар және қыздар,қала,Жамбыл,KZZHA,17.59
2014,1000 туылғанға,ұлдар және қыздар,қала,Жетісу,KZZHS,10.46
2014,1000 туылғанға,ұлдар және қыздар,қала,Қарағанды,KZKAR,9.98
2014,1000 туылғанға,ұлдар және қыздар,қала,Қостанай,KZKUS,14.0
2014,1000 туылғанға,ұлдар және қыздар,қала,Қызылорда,KZKZY,17.21
2014,1000 туылғанға,ұлдар және қыздар,қала,Маңғыстау,KZMAN,11.73
2014,1000 туылғанға,ұлдар және қыздар,қала,Павлодар,KZPAV,8.8
2014,1000 туылғанға,ұлдар және қыздар,қала,Солтүстік Қазақстан,KZSEV,9.02
2014,1000 туылғанға,ұлдар және қыздар,қала,Түркістан,KZYUZ,16.16
2014,1000 туылғанға,ұлдар және қыздар,қала,Ұлытау,KZULU,10.36
2014,1000 туылғанға,ұлдар және қыздар,қала,Шығыс Қазақстан,KZVOS,12.0
2014,1000 туылғанға,ұлдар және қыздар,қала,Астана қаласы,KZNS,8.35
2014,1000 туылғанға,ұлдар және қыздар,қала,Алматы қаласы,KZALA,9.46
2014,1000 туылғанға,ұлдар және қыздар,қала,Шымкент қаласы,KZSHY,15.51
2014,1000 туылғанға,ұлдар және қыздар,ауыл,,,12.96
2014,1000 туылғанға,ұлдар және қыздар,ауыл,Абай,KZABY,14.15
2014,1000 туылғанға,ұлдар және қыздар,ауыл,Ақмола,KZAKM,11.42
2014,1000 туылғанға,ұлдар және қыздар,ауыл,Ақтөбе,KZAKT,12.11
2014,1000 туылғанға,ұлдар және қыздар,ауыл,Алматы,KZALM,10.28
2014,1000 туылғанға,ұлдар және қыздар,ауыл,Атырау,KZATY,10.64
2014,1000 туылғанға,ұлдар және қыздар,ауыл,Батыс Қазақстан,KZZAP,10.76
2014,1000 туылғанға,ұлдар және қыздар,ауыл,Жамбыл,KZZHA,17.59
2014,1000 туылғанға,ұлдар және қыздар,ауыл,Жетісу,KZZHS,10.46
2014,1000 туылғанға,ұлдар және қыздар,ауыл,Қарағанды,KZKAR,13.64
2014,1000 туылғанға,ұлдар және қыздар,ауыл,Қостанай,KZKUS,14.44
2014,1000 туылғанға,ұлдар және қыздар,ауыл,Қызылорда,KZKZY,17.08
2014,1000 туылғанға,ұлдар және қыздар,ауыл,Маңғыстау,KZMAN,11.32
2014,1000 туылғанға,ұлдар және қыздар,ауыл,Павлодар,KZPAV,12.31
2014,1000 туылғанға,ұлдар және қыздар,ауыл,Солтүстік Қазақстан,KZSEV,12.45
2014,1000 туылғанға,ұлдар және қыздар,ауыл,Түркістан,KZYUZ,14.52
2014,1000 туылғанға,ұлдар және қыздар,ауыл,Ұлытау,KZULU,17.08
2014,1000 туылғанға,ұлдар және қыздар,ауыл,Шығыс Қазақстан,KZVOS,16.29
2014,1000 туылғанға,ерлер,,,,13.6
2014,1000 туылғанға,ерлер,,Абай,KZABY,14.57
2014,1000 туылғанға,ерлер,,Ақмола,KZAKM,13.72
2014,1000 туылғанға,ерлер,,Ақтөбе,KZAKT,12.08
2014,1000 туылғанға,ерлер,,Алматы,KZALM,11.91
2014,1000 туылғанға,ерлер,,Атырау,KZATY,12.61
2014,1000 туылғанға,ерлер,,Батыс Қазақстан,KZZAP,12.04
2014,1000 туылғанға,ерлер,,Жамбыл,KZZHA,14.04
2014,1000 туылғанға,ерлер,,Жетісу,KZZHS,13.23
2014,1000 туылғанға,ерлер,,Қарағанды,KZKAR,12.25
2014,1000 туылғанға,ерлер,,Қостанай,KZKUS,15.01
2014,1000 туылғанға,ерлер,,Қызылорда,KZKZY,18.48
2014,1000 туылғанға,ерлер,,Маңғыстау,KZMAN,13.59
2014,1000 туылғанға,ерлер,,Павлодар,KZPAV,10.15
2014,1000 туылғанға,ерлер,,Солтүстік Қазақстан,KZSEV,11.85
2014,1000 туылғанға,ерлер,,Түркістан,KZYUZ,16.56
2014,1000 туылғанға,ерлер,,Ұлытау,KZULU,15.03
2014,1000 туылғанға,ерлер,,Шығыс Қазақстан,KZVOS,13.29
2014,1000 туылғанға,ерлер,,Астана қаласы,KZNS,9.54
2014,1000 туылғанға,ерлер,,Алматы қаласы,KZALA,10.65
2014,1000 туылғанға,ерлер,,Шымкент қаласы,KZSHY,17.2
2014,1000 туылғанға,ерлер,қала,,,12.11
2014,1000 туылғанға,ерлер,қала,Абай,KZABY,16.86
2014,1000 туылғанға,ерлер,қала,Ақмола,KZAKM,12.69
2014,1000 туылғанға,ерлер,қала,Ақтөбе,KZAKT,11.94
2014,1000 туылғанға,ерлер,қала,Алматы,KZALM,8.89
2014,1000 туылғанға,ерлер,қала,Атырау,KZATY,11.16
2014,1000 туылғанға,ерлер,қала,Батыс Қазақстан,KZZAP,11.01
2014,1000 туылғанға,ерлер,қала,Жамбыл,KZZHA,18.3
2014,1000 туылғанға,ерлер,қала,Жетісу,KZZHS,10.37
2014,1000 туылғанға,ерлер,қала,Қарағанды,KZKAR,11.19
2014,1000 туылғанға,ерлер,қала,Қостанай,KZKUS,13.82
2014,1000 туылғанға,ерлер,қала,Қызылорда,KZKZY,18.45
2014,1000 туылғанға,ерлер,қала,Маңғыстау,KZMAN,14.01
2014,1000 туылғанға,ерлер,қала,Павлодар,KZPAV,8.03
2014,1000 туылғанға,ерлер,қала,Солтүстік Қазақстан,KZSEV,8.82
2014,1000 туылғанға,ерлер,қала,Түркістан,KZYUZ,19.17
2014,1000 туылғанға,ерлер,қала,Ұлытау,KZULU,13.61
2014,1000 туылғанға,ерлер,қала,Шығыс Қазақстан,KZVOS,11.43
2014,1000 туылғанға,ерлер,қала,Астана қаласы,KZNS,9.54
2014,1000 туылғанға,ерлер,қала,Алматы қаласы,KZALA,10.65
2014,1000 туылғанға,ерлер,қала,Шымкент қаласы,KZSHY,17.2
2014,1000 туылғанға,ерлер,ауыл,,,14.39
2014,1000 туылғанға,ерлер,ауыл,Абай,KZABY,11.21
2014,1000 туылғанға,ерлер,ауыл,Ақмола,KZAKM,14.94
2014,1000 туылғанға,ерлер,ауыл,Ақтөбе,KZAKT,12.46
2014,1000 туылғанға,ерлер,ауыл,Алматы,KZALM,12.51
2014,1000 туылғанға,ерлер,ауыл,Атырау,KZATY,14.52
2014,1000 туылғанға,ерлер,ауыл,Батыс Қазақстан,KZZAP,13.19
2014,1000 туылғанға,ерлер,ауыл,Жамбыл,KZZHA,11.34
2014,1000 туылғанға,ерлер,ауыл,Жетісу,KZZHS,15.38
2014,1000 туылғанға,ерлер,ауыл,Қарағанды,KZKAR,16.26
2014,1000 туылғанға,ерлер,ауыл,Қостанай,KZKUS,16.72
2014,1000 туылғанға,ерлер,ауыл,Қызылорда,KZKZY,18.5
2014,1000 туылғанға,ерлер,ауыл,Маңғыстау,KZMAN,13.2
2014,1000 туылғанға,ерлер,ауыл,Павлодар,KZPAV,14.83
2014,1000 туылғанға,ерлер,ауыл,Солтүстік Қазақстан,KZSEV,14.69
2014,1000 туылғанға,ерлер,ауыл,Түркістан,KZYUZ,15.72
2014,1000 туылғанға,ерлер,ауыл,Ұлытау,KZULU,21.19
2014,1000 туылғанға,ерлер,ауыл,Шығыс Қазақстан,KZVOS,16.42
2014,1000 туылғанға,әйелдер,,,,11.13
2014,1000 туылғанға,әйелдер,,Абай,KZABY,11.23
2014,1000 туылғанға,әйелдер,,Ақмола,KZAKM,10.24
2014,1000 туылғанға,әйелдер,,Ақтөбе,KZAKT,11.43
2014,1000 туылғанға,әйелдер,,Алматы,KZALM,10.5
2014,1000 туылғанға,әйелдер,,Атырау,KZATY,10.88
2014,1000 туылғанға,әйелдер,,Батыс Қазақстан,KZZAP,9.66
2014,1000 туылғанға,әйелдер,,Жамбыл,KZZHA,12.5
2014,1000 туылғанға,әйелдер,,Жетісу,KZZHS,9.9
2014,1000 туылғанға,әйелдер,,Қарағанды,KZKAR,9.18
2014,1000 туылғанға,әйелдер,,Қостанай,KZKUS,13.31
2014,1000 туылғанға,әйелдер,,Қызылорда,KZKZY,15.74
2014,1000 туылғанға,әйелдер,,Маңғыстау,KZMAN,9.31
2014,1000 туылғанға,әйелдер,,Павлодар,KZPAV,9.62
2014,1000 туылғанға,әйелдер,,Солтүстік Қазақстан,KZSEV,9.76
2014,1000 туылғанға,әйелдер,,Түркістан,KZYUZ,13.16
2014,1000 туылғанға,әйелдер,,Ұлытау,KZULU,7.9
2014,1000 туылғанға,әйелдер,,Шығыс Қазақстан,KZVOS,13.86
2014,1000 туылғанға,әйелдер,,Астана қаласы,KZNS,7.8
2014,1000 туылғанға,әйелдер,,Алматы қаласы,KZALA,8.19
2014,1000 туылғанға,әйелдер,,Шымкент қаласы,KZSHY,13.7
2014,1000 туылғанға,әйелдер,қала,,,10.9
2014,1000 туылғанға,әйелдер,қала,Абай,KZABY,11.31
2014,1000 туылғанға,әйелдер,қала,Ақмола,KZAKM,10.1
2014,1000 туылғанға,әйелдер,қала,Ақтөбе,KZAKT,12.31
2014,1000 туылғанға,әйелдер,қала,Алматы,KZALM,11.73
2014,1000 туылғанға,әйелдер,қала,Атырау,KZATY,10.09
2014,1000 туылғанға,әйелдер,қала,Батыс Қазақстан,KZZAP,10.48
2014,1000 туылғанға,әйелдер,қала,Жамбыл,KZZHA,16.85
2014,1000 туылғанға,әйелдер,қала,Жетісу,KZZHS,10.55
2014,1000 туылғанға,әйелдер,қала,Қарағанды,KZKAR,8.69
2014,1000 туылғанға,әйелдер,қала,Қостанай,KZKUS,14.19
2014,1000 туылғанға,әйелдер,қала,Қызылорда,KZKZY,15.88
2014,1000 туылғанға,әйелдер,қала,Маңғыстау,KZMAN,9.34
2014,1000 туылғанға,әйелдер,қала,Павлодар,KZPAV,9.61
2014,1000 туылғанға,әйелдер,қала,Солтүстік Қазақстан,KZSEV,9.24
2014,1000 туылғанға,әйелдер,қала,Түркістан,KZYUZ,12.88
2014,1000 туылғанға,әйелдер,қала,Ұлытау,KZULU,7.0
2014,1000 туылғанға,әйелдер,қала,Шығыс Қазақстан,KZVOS,12.59
2014,1000 туылғанға,әйелдер,қала,Астана қаласы,KZNS,7.08
2014,1000 туылғанға,әйелдер,қала,Алматы қаласы,KZALA,8.19
2014,1000 туылғанға,әйелдер,қала,Шымкент қаласы,KZSHY,13.7
2014,1000 туылғанға,әйелдер,ауыл,,,11.43
2014,1000 туылғанға,әйелдер,ауыл,Абай,KZABY,11.1
2014,1000 туылғанға,әйелдер,ауыл,Ақмола,KZAKM,10.4
2014,1000 туылғанға,әйелдер,ауыл,Ақтөбе,KZAKT,9.17
2014,1000 туылғанға,әйелдер,ауыл,Алматы,KZALM,10.24
2014,1000 туылғанға,әйелдер,ауыл,Атырау,KZATY,11.92
2014,1000 туылғанға,әйелдер,ауыл,Батыс Қазақстан,KZZAP,8.74
2014,1000 туылғанға,әйелдер,ауыл,Жамбыл,KZZHA,9.78
2014,1000 туылғанға,әйелдер,ауыл,Жетісу,KZZHS,9.41
2014,1000 туылғанға,әйелдер,ауыл,Қарағанды,KZKAR,10.96
2014,1000 туылғанға,әйелдер,ауыл,Қостанай,KZKUS,12.06
2014,1000 туылғанға,әйелдер,ауыл,Қызылорда,KZKZY,15.62
2014,1000 туылғанға,әйелдер,ауыл,Маңғыстау,KZMAN,9.28
2014,1000 туылғанға,әйелдер,ауыл,Павлодар,KZPAV,9.64
2014,1000 туылғанға,әйелдер,ауыл,Солтүстік Қазақстан,KZSEV,10.19
2014,1000 туылғанға,әйелдер,ауыл,Түркістан,KZYUZ,13.25
2014,1000 туылғанға,әйелдер,ауыл,Ұлытау,KZULU,12.32
2014,1000 туылғанға,әйелдер,ауыл,Шығыс Қазақстан,KZVOS,16.15
2015,1000 туылғанға,ұлдар және қыздар,,,,12.11
2015,1000 туылғанға,ұлдар және қыздар,,Абай,KZABY,13.38
2015,1000 туылғанға,ұлдар және қыздар,,Ақмола,KZAKM,10.18
2015,1000 туылғанға,ұлдар және қыздар,,Ақтөбе,KZAKT,12.26
2015,1000 туылғанға,ұлдар және қыздар,,Алматы,KZALM,10.73
2015,1000 туылғанға,ұлдар және қыздар,,Атырау,KZATY,9.62
2015,1000 туылғанға,ұлдар және қыздар,,Батыс Қазақстан,KZZAP,10.79
2015,1000 туылғанға,ұлдар және қыздар,,Жамбыл,KZZHA,13.9
2015,1000 туылғанға,ұлдар және қыздар,,Жетісу,KZZHS,11.22
2015,1000 туылғанға,ұлдар және қыздар,,Қарағанды,KZKAR,10.71
2015,1000 туылғанға,ұлдар және қыздар,,Қостанай,KZKUS,12.84
2015,1000 туылғанға,ұлдар және қыздар,,Қызылорда,KZKZY,15.25
2015,1000 туылғанға,ұлдар және қыздар,,Маңғыстау,KZMAN,12.43
2015,1000 туылғанға,ұлдар және қыздар,,Павлодар,KZPAV,9.08
2015,1000 туылғанға,ұлдар және қыздар,,Солтүстік Қазақстан,KZSEV,10.21
2015,1000 туылғанға,ұлдар және қыздар,,Түркістан,KZYUZ,15.56
2015,1000 туылғанға,ұлдар және қыздар,,Ұлытау,KZULU,13.18
2015,1000 туылғанға,ұлдар және қыздар,,Шығыс Қазақстан,KZVOS,10.89
2015,1000 туылғанға,ұлдар және қыздар,,Астана қаласы,KZNS,8.95
2015,1000 туылғанға,ұлдар және қыздар,,Алматы қаласы,KZALA,10.46
2015,1000 туылғанға,ұлдар және қыздар,,Шымкент қаласы,KZSHY,13.02
2015,1000 туылғанға,ұлдар және қыздар,қала,,,11.83
2015,1000 туылғанға,ұлдар және қыздар,қала,Абай,KZABY,13.56
2015,1000 туылғанға,ұлдар және қыздар,қала,Ақмола,KZAKM,10.67
2015,1000 туылғанға,ұлдар және қыздар,қала,Ақтөбе,KZAKT,12.31
2015,1000 туылғанға,ұлдар және қыздар,қала,Алматы,KZALM,11.5
2015,1000 туылғанға,ұлдар және қыздар,қала,Атырау,KZATY,8.55
2015,1000 туылғанға,ұлдар және қыздар,қала,Батыс Қазақстан,KZZAP,11.46
2015,1000 туылғанға,ұлдар және қыздар,қала,Жамбыл,KZZHA,18.26
2015,1000 туылғанға,ұлдар және қыздар,қала,Жетісу,KZZHS,11.09
2015,1000 туылғанға,ұлдар және қыздар,қала,Қарағанды,KZKAR,10.0
2015,1000 туылғанға,ұлдар және қыздар,қала,Қостанай,KZKUS,13.8
2015,1000 туылғанға,ұлдар және қыздар,қала,Қызылорда,KZKZY,16.79
2015,1000 туылғанға,ұлдар және қыздар,қала,Маңғыстау,KZMAN,10.3
2015,1000 туылғанға,ұлдар және қыздар,қала,Павлодар,KZPAV,8.83
2015,1000 туылғанға,ұлдар және қыздар,қала,Солтүстік Қазақстан,KZSEV,9.78
2015,1000 туылғанға,ұлдар және қыздар,қала,Түркістан,KZYUZ,16.67
2015,1000 туылғанға,ұлдар және қыздар,қала,Ұлытау,KZULU,13.84
2015,1000 туылғанға,ұлдар және қыздар,қала,Шығыс Қазақстан,KZVOS,10.1
2015,1000 туылғанға,ұлдар және қыздар,қала,Астана қаласы,KZNS,8.95
2015,1000 туылғанға,ұлдар және қыздар,қала,Алматы қаласы,KZALA,10.46
2015,1000 туылғанға,ұлдар және қыздар,қала,Шымкент қаласы,KZSHY,13.02
2015,1000 туылғанға,ұлдар және қыздар,ауыл,,,12.48
2015,1000 туылғанға,ұлдар және қыздар,ауыл,Абай,KZABY,13.56
2015,1000 туылғанға,ұлдар және қыздар,ауыл,Ақмола,KZAKM,10.67
2015,1000 туылғанға,ұлдар және қыздар,ауыл,Ақтөбе,KZAKT,12.31
2015,1000 туылғанға,ұлдар және қыздар,ауыл,Алматы,KZALM,11.5
2015,1000 туылғанға,ұлдар және қыздар,ауыл,Атырау,KZATY,8.55
2015,1000 туылғанға,ұлдар және қыздар,ауыл,Батыс Қазақстан,KZZAP,11.46
2015,1000 туылғанға,ұлдар және қыздар,ауыл,Жамбыл,KZZHA,18.26
2015,1000 туылғанға,ұлдар және қыздар,ауыл,Жетісу,KZZHS,11.09
2015,1000 туылғанға,ұлдар және қыздар,ауыл,Қарағанды,KZKAR,13.42
2015,1000 туылғанға,ұлдар және қыздар,ауыл,Қостанай,KZKUS,11.43
2015,1000 туылғанға,ұлдар және қыздар,ауыл,Қызылорда,KZKZY,13.88
2015,1000 туылғанға,ұлдар және қыздар,ауыл,Маңғыстау,KZMAN,13.99
2015,1000 туылғанға,ұлдар және қыздар,ауыл,Павлодар,KZPAV,9.68
2015,1000 туылғанға,ұлдар және қыздар,ауыл,Солтүстік Қазақстан,KZSEV,10.6
2015,1000 туылғанға,ұлдар және қыздар,ауыл,Түркістан,KZYUZ,15.21
2015,1000 туылғанға,ұлдар және қыздар,ауыл,Ұлытау,KZULU,10.27
2015,1000 туылғанға,ұлдар және қыздар,ауыл,Шығыс Қазақстан,KZVOS,12.44
2015,1000 туылғанға,ерлер,,,,13.44
2015,1000 туылғанға,ерлер,,Абай,KZABY,14.08
2015,1000 туылғанға,ерлер,,Ақмола,KZAKM,10.72
2015,1000 туылғанға,ерлер,,Ақтөбе,KZAKT,13.76
2015,1000 туылғанға,ерлер,,Алматы,KZALM,12.52
2015,1000 туылғанға,ерлер,,Атырау,KZATY,9.34
2015,1000 туылғанға,ерлер,,Батыс Қазақстан,KZZAP,11.06
2015,1000 туылғанға,ерлер,,Жамбыл,KZZHA,15.34
2015,1000 туылғанға,ерлер,,Жетісу,KZZHS,12.9
2015,1000 туылғанға,ерлер,,Қарағанды,KZKAR,12.84
2015,1000 туылғанға,ерлер,,Қостанай,KZKUS,13.95
2015,1000 туылғанға,ерлер,,Қызылорда,KZKZY,16.75
2015,1000 туылғанға,ерлер,,Маңғыстау,KZMAN,14.79
2015,1000 туылғанға,ерлер,,Павлодар,KZPAV,10.3
2015,1000 туылғанға,ерлер,,Солтүстік Қазақстан,KZSEV,10.36
2015,1000 туылғанға,ерлер,,Түркістан,KZYUZ,17.27
2015,1000 туылғанға,ерлер,,Ұлытау,KZULU,13.42
2015,1000 туылғанға,ерлер,,Шығыс Қазақстан,KZVOS,12.48
2015,1000 туылғанға,ерлер,,Астана қаласы,KZNS,10.06
2015,1000 туылғанға,ерлер,,Алматы қаласы,KZALA,11.48
2015,1000 туылғанға,ерлер,,Шымкент қаласы,KZSHY,14.44
2015,1000 туылғанға,ерлер,қала,,,13.07
2015,1000 туылғанға,ерлер,қала,Абай,KZABY,12.98
2015,1000 туылғанға,ерлер,қала,Ақмола,KZAKM,10.84
2015,1000 туылғанға,ерлер,қала,Ақтөбе,KZAKT,13.09
2015,1000 туылғанға,ерлер,қала,Алматы,KZALM,13.43
2015,1000 туылғанға,ерлер,қала,Атырау,KZATY,9.93
2015,1000 туылғанға,ерлер,қала,Батыс Қазақстан,KZZAP,11.15
2015,1000 туылғанға,ерлер,қала,Жамбыл,KZZHA,20.43
2015,1000 туылғанға,ерлер,қала,Жетісу,KZZHS,12.21
2015,1000 туылғанға,ерлер,қала,Қарағанды,KZKAR,12.41
2015,1000 туылғанға,ерлер,қала,Қостанай,KZKUS,15.63
2015,1000 туылғанға,ерлер,қала,Қызылорда,KZKZY,19.36
2015,1000 туылғанға,ерлер,қала,Маңғыстау,KZMAN,10.87
2015,1000 туылғанға,ерлер,қала,Павлодар,KZPAV,9.39
2015,1000 туылғанға,ерлер,қала,Солтүстік Қазақстан,KZSEV,10.39
2015,1000 туылғанға,ерлер,қала,Түркістан,KZYUZ,18.25
2015,1000 туылғанға,ерлер,қала,Ұлытау,KZULU,13.98
2015,1000 туылғанға,ерлер,қала,Шығыс Қазақстан,KZVOS,11.74
2015,1000 туылғанға,ерлер,қала,Астана қаласы,KZNS,10.06
2015,1000 туылғанға,ерлер,қала,Алматы қаласы,KZALA,11.48
2015,1000 туылғанға,ерлер,қала,Шымкент қаласы,KZSHY,14.44
2015,1000 туылғанға,ерлер,ауыл,,,13.95
2015,1000 туылғанға,ерлер,ауыл,Абай,KZABY,15.79
2015,1000 туылғанға,ерлер,ауыл,Ақмола,KZAKM,10.57
2015,1000 туылғанға,ерлер,ауыл,Ақтөбе,KZAKT,15.64
2015,1000 туылғанға,ерлер,ауыл,Алматы,KZALM,12.32
2015,1000 туылғанға,ерлер,ауыл,Атырау,KZATY,8.59
2015,1000 туылғанға,ерлер,ауыл,Батыс Қазақстан,KZZAP,10.96
2015,1000 туылғанға,ерлер,ауыл,Жамбыл,KZZHA,11.9
2015,1000 туылғанға,ерлер,ауыл,Жетісу,KZZHS,13.46
2015,1000 туылғанға,ерлер,ауыл,Қарағанды,KZKAR,14.43
2015,1000 туылғанға,ерлер,ауыл,Қостанай,KZKUS,11.41
2015,1000 туылғанға,ерлер,ауыл,Қызылорда,KZKZY,14.42
2015,1000 туылғанға,ерлер,ауыл,Маңғыстау,KZMAN,17.66
2015,1000 туылғанға,ерлер,ауыл,Павлодар,KZPAV,12.44
2015,1000 туылғанға,ерлер,ауыл,Солтүстік Қазақстан,KZSEV,10.32
2015,1000 туылғанға,ерлер,ауыл,Түркістан,KZYUZ,16.96
2015,1000 туылғанға,ерлер,ауыл,Ұлытау,KZULU,11.06
2015,1000 туылғанға,ерлер,ауыл,Шығыс Қазақстан,KZVOS,13.93
2015,1000 туылғанға,әйелдер,,,,10.69
2015,1000 туылғанға,әйелдер,,Абай,KZABY,12.65
2015,1000 туылғанға,әйелдер,,Ақмола,KZAKM,9.6
2015,1000 туылғанға,әйелдер,,Ақтөбе,KZAKT,10.64
2015,1000 туылғанға,әйелдер,,Алматы,KZALM,8.85
2015,1000 туылғанға,әйелдер,,Атырау,KZATY,9.91
2015,1000 туылғанға,әйелдер,,Батыс Қазақстан,KZZAP,10.5
2015,1000 туылғанға,әйелдер,,Жамбыл,KZZHA,12.37
2015,1000 туылғанға,әйелдер,,Жетісу,KZZHS,9.43
2015,1000 туылғанға,әйелдер,,Қарағанды,KZKAR,8.45
2015,1000 туылғанға,әйелдер,,Қостанай,KZKUS,11.66
2015,1000 туылғанға,әйелдер,,Қызылорда,KZKZY,13.63
2015,1000 туылғанға,әйелдер,,Маңғыстау,KZMAN,9.89
2015,1000 туылғанға,әйелдер,,Павлодар,KZPAV,7.82
2015,1000 туылғанға,әйелдер,,Солтүстік Қазақстан,KZSEV,10.04
2015,1000 туылғанға,әйелдер,,Түркістан,KZYUZ,13.76
2015,1000 туылғанға,әйелдер,,Ұлытау,KZULU,12.93
2015,1000 туылғанға,әйелдер,,Шығыс Қазақстан,KZVOS,9.2
2015,1000 туылғанға,әйелдер,,Астана қаласы,KZNS,7.8
2015,1000 туылғанға,әйелдер,,Алматы қаласы,KZALA,9.36
2015,1000 туылғанға,әйелдер,,Шымкент қаласы,KZSHY,11.49
2015,1000 туылғанға,әйелдер,қала,,,10.52
2015,1000 туылғанға,әйелдер,қала,Абай,KZABY,14.16
2015,1000 туылғанға,әйелдер,қала,Ақмола,KZAKM,10.49
2015,1000 туылғанға,әйелдер,қала,Ақтөбе,KZAKT,11.48
2015,1000 туылғанға,әйелдер,қала,Алматы,KZALM,9.44
2015,1000 туылғанға,әйелдер,қала,Атырау,KZATY,7.13
2015,1000 туылғанға,әйелдер,қала,Батыс Қазақстан,KZZAP,11.79
2015,1000 туылғанға,әйелдер,қала,Жамбыл,KZZHA,15.88
2015,1000 туылғанға,әйелдер,қала,Жетісу,KZZHS,9.91
2015,1000 туылғанға,әйелдер,қала,Қарағанды,KZKAR,7.46
2015,1000 туылғанға,әйелдер,қала,Қостанай,KZKUS,11.81
2015,1000 туылғанға,әйелдер,қала,Қызылорда,KZKZY,14.0
2015,1000 туылғанға,әйелдер,қала,Маңғыстау,KZMAN,9.69
2015,1000 туылғанға,әйелдер,қала,Оңтүстік Қазақстан,KZONT,12.63
2015,1000 туылғанға,әйелдер,қала,Павлодар,KZPAV,8.23
2015,1000 туылғанға,әйелдер,қала,Солтүстік Қазақстан,KZSEV,9.13
2015,1000 туылғанға,әйелдер,қала,Түркістан,KZYUZ,15.0
2015,1000 туылғанға,әйелдер,қала,Ұлытау,KZULU,13.71
2015,1000 туылғанға,әйелдер,қала,Шығыс Қазақстан,KZVOS,8.35
2015,1000 туылғанға,әйелдер,қала,Астана қаласы,KZNS,7.8
2015,1000 туылғанға,әйелдер,қала,Алматы қаласы,KZALA,9.36
2015,1000 туылғанға,әйелдер,қала,Шымкент қаласы,KZSHY,11.49
2015,1000 туылғанға,әйелдер,ауыл,,,10.92
2015,1000 туылғанға,әйелдер,ауыл,Абай,KZABY,10.39
2015,1000 туылғанға,әйелдер,ауыл,Ақмола,KZAKM,8.55
2015,1000 туылғанға,әйелдер,ауыл,Ақтөбе,KZAKT,8.29
2015,1000 туылғанға,әйелдер,ауыл,Алматы,KZALM,8.72
2015,1000 туылғанға,әйелдер,ауыл,Атырау,KZATY,13.78
2015,1000 туылғанға,әйелдер,ауыл,Батыс Қазақстан,KZZAP,8.99
2015,1000 туылғанға,әйелдер,ауыл,Жамбыл,KZZHA,10.08
2015,1000 туылғанға,әйелдер,ауыл,Жетісу,KZZHS,9.04
2015,1000 туылғанға,әйелдер,ауыл,Қарағанды,KZKAR,12.32
2015,1000 туылғанға,әйелдер,ауыл,Қостанай,KZKUS,11.46
2015,1000 туылғанға,әйелдер,ауыл,Қызылорда,KZKZY,13.31
2015,1000 туылғанға,әйелдер,ауыл,Маңғыстау,KZMAN,10.04
2015,1000 туылғанға,әйелдер,ауыл,Павлодар,KZPAV,6.87
2015,1000 туылғанға,әйелдер,ауыл,Солтүстік Қазақстан,KZSEV,10.9
2015,1000 туылғанға,әйелдер,ауыл,Түркістан,KZYUZ,13.36
2015,1000 туылғанға,әйелдер,ауыл,Ұлытау,KZULU,9.43
2015,1000 туылғанға,әйелдер,ауыл,Шығыс Қазақстан,KZVOS,10.87
2016,1000 туылғанға,ұлдар және қыздар,,,,10.92
2016,1000 туылғанға,ұлдар және қыздар,,Абай,KZABY,11.7
2016,1000 туылғанға,ұлдар және қыздар,,Ақмола,KZAKM,9.68
2016,1000 туылғанға,ұлдар және қыздар,,Ақтөбе,KZAKT,10.37
2016,1000 туылғанға,ұлдар және қыздар,,Алматы,KZALM,9.32
2016,1000 туылғанға,ұлдар және қыздар,,Атырау,KZATY,11.05
2016,1000 туылғанға,ұлдар және қыздар,,Батыс Қазақстан,KZZAP,9.56
2016,1000 туылғанға,ұлдар және қыздар,,Жамбыл,KZZHA,11.63
2016,1000 туылғанға,ұлдар және қыздар,,Жетісу,KZZHS,11.02
2016,1000 туылғанға,ұлдар және қыздар,,Қарағанды,KZKAR,9.96
2016,1000 туылғанға,ұлдар және қыздар,,Қостанай,KZKUS,11.39
2016,1000 туылғанға,ұлдар және қыздар,,Қызылорда,KZKZY,13.65
2016,1000 туылғанға,ұлдар және қыздар,,Маңғыстау,KZMAN,11.71
2016,1000 туылғанға,ұлдар және қыздар,,Павлодар,KZPAV,9.27
2016,1000 туылғанға,ұлдар және қыздар,,Солтүстік Қазақстан,KZSEV,8.7
2016,1000 туылғанға,ұлдар және қыздар,,Түркістан,KZYUZ,15.11
2016,1000 туылғанға,ұлдар және қыздар,,Ұлытау,KZULU,10.03
2016,1000 туылғанға,ұлдар және қыздар,,Шығыс Қазақстан,KZVOS,11.54
2016,1000 туылғанға,ұлдар және қыздар,,Астана қаласы,KZNS,7.93
2016,1000 туылғанға,ұлдар және қыздар,,Алматы қаласы,KZALA,8.76
2016,1000 туылғанға,ұлдар және қыздар,,Шымкент қаласы,KZSHY,9.48
2016,1000 туылғанға,ұлдар және қыздар,қала,,,10.17
2016,1000 туылғанға,ұлдар және қыздар,қала,Абай,KZABY,11.57
2016,1000 туылғанға,ұлдар және қыздар,қала,Ақмола,KZAKM,8.79
2016,1000 туылғанға,ұлдар және қыздар,қала,Ақтөбе,KZAKT,9.66
2016,1000 туылғанға,ұлдар және қыздар,қала,Алматы,KZALM,7.57
2016,1000 туылғанға,ұлдар және қыздар,қала,Атырау,KZATY,10.34
2016,1000 туылғанға,ұлдар және қыздар,қала,Батыс Қазақстан,KZZAP,9.42
2016,1000 туылғанға,ұлдар және қыздар,қала,Жамбыл,KZZHA,13.43
2016,1000 туылғанға,ұлдар және қыздар,қала,Жетісу,KZZHS,13.45
2016,1000 туылғанға,ұлдар және қыздар,қала,Қарағанды,KZKAR,9.63
2016,1000 туылғанға,ұлдар және қыздар,қала,Қостанай,KZKUS,10.5
2016,1000 туылғанға,ұлдар және қыздар,қала,Қызылорда,KZKZY,16.01
2016,1000 туылғанға,ұлдар және қыздар,қала,Маңғыстау,KZMAN,10.71
2016,1000 туылғанға,ұлдар және қыздар,қала,Павлодар,KZPAV,8.74
2016,1000 туылғанға,ұлдар және қыздар,қала,Солтүстік Қазақстан,KZSEV,6.6
2016,1000 туылғанға,ұлдар және қыздар,қала,Түркістан,KZYUZ,15.22
2016,1000 туылғанға,ұлдар және қыздар,қала,Ұлытау,KZULU,10.01
2016,1000 туылғанға,ұлдар және қыздар,қала,Шығыс Қазақстан,KZVOS,9.51
2016,1000 туылғанға,ұлдар және қыздар,қала,Астана қаласы,KZNS,7.93
2016,1000 туылғанға,ұлдар және қыздар,қала,Алматы қаласы,KZALA,8.76
2016,1000 туылғанға,ұлдар және қыздар,қала,Шымкент қаласы,KZSHY,9.48
2016,1000 туылғанға,ұлдар және қыздар,ауыл,,,11.98
2016,1000 туылғанға,ұлдар және қыздар,ауыл,Абай,KZABY,11.57
2016,1000 туылғанға,ұлдар және қыздар,ауыл,Ақмола,KZAKM,8.79
2016,1000 туылғанға,ұлдар және қыздар,ауыл,Ақтөбе,KZAKT,9.66
2016,1000 туылғанға,ұлдар және қыздар,ауыл,Алматы,KZALM,7.57
2016,1000 туылғанға,ұлдар және қыздар,ауыл,Атырау,KZATY,10.34
2016,1000 туылғанға,ұлдар және қыздар,ауыл,Батыс Қазақстан,KZZAP,9.42
2016,1000 туылғанға,ұлдар және қыздар,ауыл,Жамбыл,KZZHA,13.43
2016,1000 туылғанға,ұлдар және қыздар,ауыл,Жетісу,KZZHS,13.45
2016,1000 туылғанға,ұлдар және қыздар,ауыл,Қарағанды,KZKAR,11.31
2016,1000 туылғанға,ұлдар және қыздар,ауыл,Қостанай,KZKUS,12.74
2016,1000 туылғанға,ұлдар және қыздар,ауыл,Қызылорда,KZKZY,11.48
2016,1000 туылғанға,ұлдар және қыздар,ауыл,Маңғыстау,KZMAN,12.5
2016,1000 туылғанға,ұлдар және қыздар,ауыл,Павлодар,KZPAV,10.5
2016,1000 туылғанға,ұлдар және қыздар,ауыл,Солтүстік Қазақстан,KZSEV,10.75
2016,1000 туылғанға,ұлдар және қыздар,ауыл,Түркістан,KZYUZ,15.07
2016,1000 туылғанға,ұлдар және қыздар,ауыл,Ұлытау,KZULU,10.14
2016,1000 туылғанға,ұлдар және қыздар,ауыл,Шығыс Қазақстан,KZVOS,15.47
2016,1000 туылғанға,ерлер,,,,12.23
2016,1000 туылғанға,ерлер,,Абай,KZABY,12.72
2016,1000 туылғанға,ерлер,,Ақмола,KZAKM,10.37
2016,1000 туылғанға,ерлер,,Ақтөбе,KZAKT,12.37
2016,1000 туылғанға,ерлер,,Алматы,KZALM,10.26
2016,1000 туылғанға,ерлер,,Атырау,KZATY,11.01
2016,1000 туылғанға,ерлер,,Батыс Қазақстан,KZZAP,11.11
2016,1000 туылғанға,ерлер,,Жамбыл,KZZHA,12.87
2016,1000 туылғанға,ерлер,,Жетісу,KZZHS,12.49
2016,1000 туылғанға,ерлер,,Қарағанды,KZKAR,11.98
2016,1000 туылғанға,ерлер,,Қостанай,KZKUS,11.74
2016,1000 туылғанға,ерлер,,Қызылорда,KZKZY,14.9
2016,1000 туылғанға,ерлер,,Маңғыстау,KZMAN,12.7
2016,1000 туылғанға,ерлер,,Павлодар,KZPAV,10.36
2016,1000 туылғанға,ерлер,,Солтүстік Қазақстан,KZSEV,10.88
2016,1000 туылғанға,ерлер,,Түркістан,KZYUZ,17.56
2016,1000 туылғанға,ерлер,,Ұлытау,KZULU,8.93
2016,1000 туылғанға,ерлер,,Шығыс Қазақстан,KZVOS,13.05
2016,1000 туылғанға,ерлер,,Астана қаласы,KZNS,8.25
2016,1000 туылғанға,ерлер,,Алматы қаласы,KZALA,10.09
2016,1000 туылғанға,ерлер,,Шымкент қаласы,KZSHY,10.94
2016,1000 туылғанға,ерлер,қала,,,11.55
2016,1000 туылғанға,ерлер,қала,Абай,KZABY,12.99
2016,1000 туылғанға,ерлер,қала,Ақмола,KZAKM,10.05
2016,1000 туылғанға,ерлер,қала,Ақтөбе,KZAKT,11.83
2016,1000 туылғанға,ерлер,қала,Алматы,KZALM,8.39
2016,1000 туылғанға,ерлер,қала,Атырау,KZATY,9.66
2016,1000 туылғанға,ерлер,қала,Батыс Қазақстан,KZZAP,11.02
2016,1000 туылғанға,ерлер,қала,Жамбыл,KZZHA,16.45
2016,1000 туылғанға,ерлер,қала,Жетісу,KZZHS,16.49
2016,1000 туылғанға,ерлер,қала,Қарағанды,KZKAR,11.72
2016,1000 туылғанға,ерлер,қала,Қостанай,KZKUS,10.47
2016,1000 туылғанға,ерлер,қала,Қызылорда,KZKZY,18.3
2016,1000 туылғанға,ерлер,қала,Маңғыстау,KZMAN,12.92
2016,1000 туылғанға,ерлер,қала,Павлодар,KZPAV,9.3
2016,1000 туылғанға,ерлер,қала,Солтүстік Қазақстан,KZSEV,7.18
2016,1000 туылғанға,ерлер,қала,Түркістан,KZYUZ,17.39
2016,1000 туылғанға,ерлер,қала,Ұлытау,KZULU,9.4
2016,1000 туылғанға,ерлер,қала,Шығыс Қазақстан,KZVOS,11.1
2016,1000 туылғанға,ерлер,қала,Астана қаласы,KZNS,8.25
2016,1000 туылғанға,ерлер,қала,Алматы қаласы,KZALA,10.09
2016,1000 туылғанға,ерлер,қала,Шымкент қаласы,KZSHY,10.94
2016,1000 туылғанға,ерлер,ауыл,,,13.17
2016,1000 туылғанға,ерлер,ауыл,Абай,KZABY,12.27
2016,1000 туылғанға,ерлер,ауыл,Ақмола,KZAKM,10.77
2016,1000 туылғанға,ерлер,ауыл,Ақтөбе,KZAKT,13.93
2016,1000 туылғанға,ерлер,ауыл,Алматы,KZALM,10.62
2016,1000 туылғанға,ерлер,ауыл,Атырау,KZATY,13.04
2016,1000 туылғанға,ерлер,ауыл,Батыс Қазақстан,KZZAP,11.22
2016,1000 туылғанға,ерлер,ауыл,Жамбыл,KZZHA,10.47
2016,1000 туылғанға,ерлер,ауыл,Жетісу,KZZHS,9.26
2016,1000 туылғанға,ерлер,ауыл,Қарағанды,KZKAR,12.98
2016,1000 туылғанға,ерлер,ауыл,Қостанай,KZKUS,13.62
2016,1000 туылғанға,ерлер,ауыл,Қызылорда,KZKZY,11.72
2016,1000 туылғанға,ерлер,ауыл,Маңғыстау,KZMAN,12.53
2016,1000 туылғанға,ерлер,ауыл,Павлодар,KZPAV,12.91
2016,1000 туылғанға,ерлер,ауыл,Солтүстік Қазақстан,KZSEV,14.49
2016,1000 туылғанға,ерлер,ауыл,Түркістан,KZYUZ,17.61
2016,1000 туылғанға,ерлер,ауыл,Ұлытау,KZULU,6.85
2016,1000 туылғанға,ерлер,ауыл,Шығыс Қазақстан,KZVOS,16.79
2016,1000 туылғанға,әйелдер,,,,9.53
2016,1000 туылғанға,әйелдер,,Абай,KZABY,10.61
2016,1000 туылғанға,әйелдер,,Ақмола,KZAKM,8.93
2016,1000 туылғанға,әйелдер,,Ақтөбе,KZAKT,8.24
2016,1000 туылғанға,әйелдер,,Алматы,KZALM,8.3
2016,1000 туылғанға,әйелдер,,Атырау,KZATY,11.1
2016,1000 туылғанға,әйелдер,,Батыс Қазақстан,KZZAP,7.83
2016,1000 туылғанға,әйелдер,,Жамбыл,KZZHA,10.53
2016,1000 туылғанға,әйелдер,,Жетісу,KZZHS,9.43
2016,1000 туылғанға,әйелдер,,Қарағанды,KZKAR,7.81
2016,1000 туылғанға,әйелдер,,Қостанай,KZKUS,11.01
2016,1000 туылғанға,әйелдер,,Қызылорда,KZKZY,12.29
2016,1000 туылғанға,әйелдер,,Маңғыстау,KZMAN,10.65
2016,1000 туылғанға,әйелдер,,Павлодар,KZPAV,8.09
2016,1000 туылғанға,әйелдер,,Солтүстік Қазақстан,KZSEV,6.41
2016,1000 туылғанға,әйелдер,,Түркістан,KZYUZ,12.5
2016,1000 туылғанға,әйелдер,,Ұлытау,KZULU,11.14
2016,1000 туылғанға,әйелдер,,Шығыс Қазақстан,KZVOS,9.9
2016,1000 туылғанға,әйелдер,,Астана қаласы,KZNS,7.6
2016,1000 туылғанға,әйелдер,,Алматы қаласы,KZALA,7.35
2016,1000 туылғанға,әйелдер,,Шымкент қаласы,KZSHY,7.9
2016,1000 туылғанға,әйелдер,қала,,,8.69
2016,1000 туылғанға,әйелдер,қала,Абай,KZABY,10.04
2016,1000 туылғанға,әйелдер,қала,Ақмола,KZAKM,7.44
2016,1000 туылғанға,әйелдер,қала,Ақтөбе,KZAKT,7.32
2016,1000 туылғанға,әйелдер,қала,Алматы,KZALM,6.66
2016,1000 туылғанға,әйелдер,қала,Атырау,KZATY,11.08
2016,1000 туылғанға,әйелдер,қала,Батыс Қазақстан,KZZAP,7.65
2016,1000 туылғанға,әйелдер,қала,Жамбыл,KZZHA,10.29
2016,1000 туылғанға,әйелдер,қала,Жетісу,KZZHS,10.19
2016,1000 туылғанға,әйелдер,қала,Қарағанды,KZKAR,7.42
2016,1000 туылғанға,әйелдер,қала,Қостанай,KZKUS,10.54
2016,1000 туылғанға,әйелдер,қала,Қызылорда,KZKZY,13.48
2016,1000 туылғанға,әйелдер,қала,Маңғыстау,KZMAN,8.39
2016,1000 туылғанға,әйелдер,қала,Павлодар,KZPAV,8.13
2016,1000 туылғанға,әйелдер,қала,Солтүстік Қазақстан,KZSEV,5.98
2016,1000 туылғанға,әйелдер,қала,Түркістан,KZYUZ,12.94
2016,1000 туылғанға,әйелдер,қала,Ұлытау,KZULU,10.62
2016,1000 туылғанға,әйелдер,қала,Шығыс Қазақстан,KZVOS,7.78
2016,1000 туылғанға,әйелдер,қала,Астана қаласы,KZNS,7.6
2016,1000 туылғанға,әйелдер,қала,Алматы қаласы,KZALA,7.35
2016,1000 туылғанға,әйелдер,қала,Шымкент қаласы,KZSHY,7.9
2016,1000 туылғанға,әйелдер,ауыл,,,10.7
2016,1000 туылғанға,әйелдер,ауыл,Абай,KZABY,11.54
2016,1000 туылғанға,әйелдер,ауыл,Ақмола,KZAKM,10.8
2016,1000 туылғанға,әйелдер,ауыл,Ақтөбе,KZAKT,10.88
2016,1000 туылғанға,әйелдер,ауыл,Алматы,KZALM,8.61
2016,1000 туылғанға,әйелдер,ауыл,Атырау,KZATY,11.13
2016,1000 туылғанға,әйелдер,ауыл,Батыс Қазақстан,KZZAP,8.06
2016,1000 туылғанға,әйелдер,ауыл,Жамбыл,KZZHA,10.69
2016,1000 туылғанға,әйелдер,ауыл,Жетісу,KZZHS,8.81
2016,1000 туылғанға,әйелдер,ауыл,Қарағанды,KZKAR,9.45
2016,1000 туылғанға,әйелдер,ауыл,Қостанай,KZKUS,11.74
2016,1000 туылғанға,әйелдер,ауыл,Қызылорда,KZKZY,11.21
2016,1000 туылғанға,әйелдер,ауыл,Маңғыстау,KZMAN,12.48
2016,1000 туылғанға,әйелдер,ауыл,Павлодар,KZPAV,8.0
2016,1000 туылғанға,әйелдер,ауыл,Солтүстік Қазақстан,KZSEV,6.82
2016,1000 туылғанға,әйелдер,ауыл,Түркістан,KZYUZ,12.36
2016,1000 туылғанға,әйелдер,ауыл,Ұлытау,KZULU,13.33
2016,1000 туылғанға,әйелдер,ауыл,Шығыс Қазақстан,KZVOS,14.01
2017,1000 туылғанға,ұлдар және қыздар,,,,10.24
2017,1000 туылғанға,ұлдар және қыздар,,Ақмола,KZAKM,10.08
2017,1000 туылғанға,ұлдар және қыздар,,Ақтөбе,KZAKT,9.3
2017,1000 туылғанға,ұлдар және қыздар,,Алматы,KZALM,10.43
2017,1000 туылғанға,ұлдар және қыздар,,Атырау,KZATY,9.67
2017,1000 туылғанға,ұлдар және қыздар,,Батыс Қазақстан,KZZAP,8.63
2017,1000 туылғанға,ұлдар және қыздар,,Жамбыл,KZZHA,10.96
2017,1000 туылғанға,ұлдар және қыздар,,Қарағанды,KZKAR,9.95
2017,1000 туылғанға,ұлдар және қыздар,,Қостанай,KZKUS,12.27
2017,1000 туылғанға,ұлдар және қыздар,,Қызылорда,KZKZY,11.54
2017,1000 туылғанға,ұлдар және қыздар,,Маңғыстау,KZMAN,10.11
2017,1000 туылғанға,ұлдар және қыздар,,Оңтүстік Қазақстан,KZONT,12.1
2017,1000 туылғанға,ұлдар және қыздар,,Павлодар,KZPAV,10.06
2017,1000 туылғанға,ұлдар және қыздар,,Солтүстік Қазақстан,KZSEV,11.37
2017,1000 туылғанға,ұлдар және қыздар,,Шығыс Қазақстан,KZVOS,9.16
2017,1000 туылғанға,ұлдар және қыздар,,Астана қаласы,KZNS,7.0
2017,1000 туылғанға,ұлдар және қыздар,,Алматы қаласы,KZALA,8.5
2017,1000 туылғанға,ұлдар және қыздар,қала,,,9.35
2017,1000 туылғанға,ұлдар және қыздар,қала,Ақмола,KZAKM,8.53
2017,1000 туылғанға,ұлдар және қыздар,қала,Ақтөбе,KZAKT,8.07
2017,1000 туылғанға,ұлдар және қыздар,қала,Алматы,KZALM,9.42
2017,1000 туылғанға,ұлдар және қыздар,қала,Атырау,KZATY,9.71
2017,1000 туылғанға,ұлдар және қыздар,қала,Батыс Қазақстан,KZZAP,8.67
2017,1000 туылғанға,ұлдар және қыздар,қала,Жамбыл,KZZHA,11.78
2017,1000 туылғанға,ұлдар және қыздар,қала,Қарағанды,KZKAR,10.36
2017,1000 туылғанға,ұлдар және қыздар,қала,Қостанай,KZKUS,10.61
2017,1000 туылғанға,ұлдар және қыздар,қала,Қызылорда,KZKZY,11.17
2017,1000 туылғанға,ұлдар және қыздар,қала,Маңғыстау,KZMAN,7.22
2017,1000 туылғанға,ұлдар және қыздар,қала,Оңтүстік Қазақстан,KZONT,11.14
2017,1000 туылғанға,ұлдар және қыздар,қала,Павлодар,KZPAV,10.38
2017,1000 туылғанға,ұлдар және қыздар,қала,Солтүстік Қазақстан,KZSEV,11.25
2017,1000 туылғанға,ұлдар және қыздар,қала,Шығыс Қазақстан,KZVOS,7.91
2017,1000 туылғанға,ұлдар және қыздар,қала,Астана қаласы,KZNS,7.0
2017,1000 туылғанға,ұлдар және қыздар,қала,Алматы қаласы,KZALA,8.5
2017,1000 туылғанға,ұлдар және қыздар,ауыл,,,11.49
2017,1000 туылғанға,ұлдар және қыздар,ауыл,Ақмола,KZAKM,11.84
2017,1000 туылғанға,ұлдар және қыздар,ауыл,Ақтөбе,KZAKT,11.92
2017,1000 туылғанға,ұлдар және қыздар,ауыл,Алматы,KZALM,10.77
2017,1000 туылғанға,ұлдар және қыздар,ауыл,Атырау,KZATY,9.63
2017,1000 туылғанға,ұлдар және қыздар,ауыл,Батыс Қазақстан,KZZAP,8.58
2017,1000 туылғанға,ұлдар және қыздар,ауыл,Жамбыл,KZZHA,10.38
2017,1000 туылғанға,ұлдар және қыздар,ауыл,Қарағанды,KZKAR,8.32
2017,1000 туылғанға,ұлдар және қыздар,ауыл,Қостанай,KZKUS,14.54
2017,1000 туылғанға,ұлдар және қыздар,ауыл,Қызылорда,KZKZY,11.87
2017,1000 туылғанға,ұлдар және қыздар,ауыл,Маңғыстау,KZMAN,12.7
2017,1000 туылғанға,ұлдар және қыздар,ауыл,Оңтүстік Қазақстан,KZONT,13.05
2017,1000 туылғанға,ұлдар және қыздар,ауыл,Павлодар,KZPAV,9.34
2017,1000 туылғанға,ұлдар және қыздар,ауыл,Солтүстік Қазақстан,KZSEV,11.49
2017,1000 туылғанға,ұлдар және қыздар,ауыл,Шығыс Қазақстан,KZVOS,11.37
2017,1000 туылғанға,ерлер,,,,11.25
2017,1000 туылғанға,ерлер,,Ақмола,KZAKM,10.53
2017,1000 туылғанға,ерлер,,Ақтөбе,KZAKT,8.8
2017,1000 туылғанға,ерлер,,Алматы,KZALM,11.62
2017,1000 туылғанға,ерлер,,Атырау,KZATY,9.67
2017,1000 туылғанға,ерлер,,Батыс Қазақстан,KZZAP,8.9
2017,1000 туылғанға,ерлер,,Жамбыл,KZZHA,12.54
2017,1000 туылғанға,ерлер,,Қарағанды,KZKAR,11.21
2017,1000 туылғанға,ерлер,,Қостанай,KZKUS,14.22
2017,1000 туылғанға,ерлер,,Қызылорда,KZKZY,12.93
2017,1000 туылғанға,ерлер,,Маңғыстау,KZMAN,11.33
2017,1000 туылғанға,ерлер,,Оңтүстік Қазақстан,KZONT,13.54
2017,1000 туылғанға,ерлер,,Павлодар,KZPAV,11.68
2017,1000 туылғанға,ерлер,,Солтүстік Қазақстан,KZSEV,11.26
2017,1000 туылғанға,ерлер,,Шығыс Қазақстан,KZVOS,10.15
2017,1000 туылғанға,ерлер,,Астана қаласы,KZNS,7.68
2017,1000 туылғанға,ерлер,,Алматы қаласы,KZALA,9.04
2017,1000 туылғанға,ерлер,қала,,,9.94
2017,1000 туылғанға,ерлер,қала,Ақмола,KZAKM,7.32
2017,1000 туылғанға,ерлер,қала,Ақтөбе,KZAKT,7.99
2017,1000 туылғанға,ерлер,қала,Алматы,KZALM,11.0
2017,1000 туылғанға,ерлер,қала,Атырау,KZATY,8.84
2017,1000 туылғанға,ерлер,қала,Батыс Қазақстан,KZZAP,7.88
2017,1000 туылғанға,ерлер,қала,Жамбыл,KZZHA,14.06
2017,1000 туылғанға,ерлер,қала,Қарағанды,KZKAR,11.91
2017,1000 туылғанға,ерлер,қала,Қостанай,KZKUS,11.2
2017,1000 туылғанға,ерлер,қала,Қызылорда,KZKZY,11.61
2017,1000 туылғанға,ерлер,қала,Маңғыстау,KZMAN,7.88
2017,1000 туылғанға,ерлер,қала,Оңтүстік Қазақстан,KZONT,11.41
2017,1000 туылғанға,ерлер,қала,Павлодар,KZPAV,11.83
2017,1000 туылғанға,ерлер,қала,Солтүстік Қазақстан,KZSEV,9.54
2017,1000 туылғанға,ерлер,қала,Шығыс Қазақстан,KZVOS,9.32
2017,1000 туылғанға,ерлер,қала,Астана қаласы,KZNS,7.68
2017,1000 туылғанға,ерлер,қала,Алматы қаласы,KZALA,9.04
2017,1000 туылғанға,ерлер,ауыл,,,13.05
2017,1000 туылғанға,ерлер,ауыл,Ақмола,KZAKM,14.26
2017,1000 туылғанға,ерлер,ауыл,Ақтөбе,KZAKT,10.57
2017,1000 туылғанға,ерлер,ауыл,Алматы,KZALM,11.83
2017,1000 туылғанға,ерлер,ауыл,Атырау,KZATY,10.52
2017,1000 туылғанға,ерлер,ауыл,Батыс Қазақстан,KZZAP,10.28
2017,1000 туылғанға,ерлер,ауыл,Жамбыл,KZZHA,11.49
2017,1000 туылғанға,ерлер,ауыл,Қарағанды,KZKAR,8.46
2017,1000 туылғанға,ерлер,ауыл,Қостанай,KZKUS,18.23
2017,1000 туылғанға,ерлер,ауыл,Қызылорда,KZKZY,14.11
2017,1000 туылғанға,ерлер,ауыл,Маңғыстау,KZMAN,14.35
2017,1000 туылғанға,ерлер,ауыл,Оңтүстік Қазақстан,KZONT,15.64
2017,1000 туылғанға,ерлер,ауыл,Павлодар,KZPAV,11.35
2017,1000 туылғанға,ерлер,ауыл,Солтүстік Қазақстан,KZSEV,12.83
2017,1000 туылғанға,ерлер,ауыл,Шығыс Қазақстан,KZVOS,11.64
2017,1000 туылғанға,әйелдер,,,,9.17
2017,1000 туылғанға,әйелдер,,Ақмола,KZAKM,9.58
2017,1000 туылғанға,әйелдер,,Ақтөбе,KZAKT,9.83
2017,1000 туылғанға,әйелдер,,Алматы,KZALM,9.14
2017,1000 туылғанға,әйелдер,,Атырау,KZATY,9.67
2017,1000 туылғанға,әйелдер,,Батыс Қазақстан,KZZAP,8.34
2017,1000 туылғанға,әйелдер,,Жамбыл,KZZHA,9.28
2017,1000 туылғанға,әйелдер,,Қарағанды,KZKAR,8.64
2017,1000 туылғанға,әйелдер,,Қостанай,KZKUS,10.14
2017,1000 туылғанға,әйелдер,,Қызылорда,KZKZY,10.05
2017,1000 туылғанға,әйелдер,,Маңғыстау,KZMAN,8.8
2017,1000 туылғанға,әйелдер,,Оңтүстік Қазақстан,KZONT,10.57
2017,1000 туылғанға,әйелдер,,Павлодар,KZPAV,8.31
2017,1000 туылғанға,әйелдер,,Солтүстік Қазақстан,KZSEV,11.49
2017,1000 туылғанға,әйелдер,,Шығыс Қазақстан,KZVOS,8.1
2017,1000 туылғанға,әйелдер,,Астана қаласы,KZNS,6.27
2017,1000 туылғанға,әйелдер,,Алматы қаласы,KZALA,7.9
2017,1000 туылғанға,әйелдер,қала,,,8.7
2017,1000 туылғанға,әйелдер,қала,Ақмола,KZAKM,9.84
2017,1000 туылғанға,әйелдер,қала,Ақтөбе,KZAKT,8.16
2017,1000 туылғанға,әйелдер,қала,Алматы,KZALM,7.76
2017,1000 туылғанға,әйелдер,қала,Атырау,KZATY,10.65
2017,1000 туылғанға,әйелдер,қала,Батыс Қазақстан,KZZAP,9.51
2017,1000 туылғанға,әйелдер,қала,Жамбыл,KZZHA,9.4
2017,1000 туылғанға,әйелдер,қала,Қарағанды,KZKAR,8.75
2017,1000 туылғанға,әйелдер,қала,Қостанай,KZKUS,10.0
2017,1000 туылғанға,әйелдер,қала,Қызылорда,KZKZY,10.71
2017,1000 туылғанға,әйелдер,қала,Маңғыстау,KZMAN,6.51
2017,1000 туылғанға,әйелдер,қала,Оңтүстік Қазақстан,KZONT,10.85
2017,1000 туылғанға,әйелдер,қала,Павлодар,KZPAV,8.78
2017,1000 туылғанға,әйелдер,қала,Солтүстік Қазақстан,KZSEV,12.96
2017,1000 туылғанға,әйелдер,қала,Шығыс Қазақстан,KZVOS,6.41
2017,1000 туылғанға,әйелдер,қала,Астана қаласы,KZNS,6.27
2017,1000 туылғанға,әйелдер,қала,Алматы қаласы,KZALA,7.9
2017,1000 туылғанға,әйелдер,ауыл,,,9.81
2017,1000 туылғанға,әйелдер,ауыл,Ақмола,KZAKM,9.3
2017,1000 туылғанға,әйелдер,ауыл,Ақтөбе,KZAKT,13.32
2017,1000 туылғанға,әйелдер,ауыл,Алматы,KZALM,9.62
2017,1000 туылғанға,әйелдер,ауыл,Атырау,KZATY,8.71
2017,1000 туылғанға,әйелдер,ауыл,Батыс Қазақстан,KZZAP,6.77
2017,1000 туылғанға,әйелдер,ауыл,Жамбыл,KZZHA,9.19
2017,1000 туылғанға,әйелдер,ауыл,Қарағанды,KZKAR,8.16
2017,1000 туылғанға,әйелдер,ауыл,Қостанай,KZKUS,10.35
2017,1000 туылғанға,әйелдер,ауыл,Қызылорда,KZKZY,9.43
2017,1000 туылғанға,әйелдер,ауыл,Маңғыстау,KZMAN,10.89
2017,1000 туылғанға,әйелдер,ауыл,Оңтүстік Қазақстан,KZONT,10.29
2017,1000 туылғанға,әйелдер,ауыл,Павлодар,KZPAV,7.26
2017,1000 туылғанға,әйелдер,ауыл,Солтүстік Қазақстан,KZSEV,10.1
2017,1000 туылғанға,әйелдер,ауыл,Шығыс Қазақстан,KZVOS,11.08
2018,1000 туылғанға,ұлдар және қыздар,,,,10.11
2018,1000 туылғанға,ұлдар және қыздар,,Ақмола,KZAKM,7.48
2018,1000 туылғанға,ұлдар және қыздар,,Ақтөбе,KZAKT,10.92
2018,1000 туылғанға,ұлдар және қыздар,,Алматы,KZALM,9.4
2018,1000 туылғанға,ұлдар және қыздар,,Атырау,KZATY,12.68
2018,1000 туылғанға,ұлдар және қыздар,,Батыс Қазақстан,KZZAP,7.73
2018,1000 туылғанға,ұлдар және қыздар,,Жамбыл,KZZHA,9.63
2018,1000 туылғанға,ұлдар және қыздар,,Қарағанды,KZKAR,9.11
2018,1000 туылғанға,ұлдар және қыздар,,Қостанай,KZKUS,11.52
2018,1000 туылғанға,ұлдар және қыздар,,Қызылорда,KZKZY,12.56
2018,1000 туылғанға,ұлдар және қыздар,,Маңғыстау,KZMAN,11.86
2018,1000 туылғанға,ұлдар және қыздар,,Павлодар,KZPAV,7.25
2018,1000 туылғанға,ұлдар және қыздар,,Солтүстік Қазақстан,KZSEV,13.07
2018,1000 туылғанға,ұлдар және қыздар,,Түркістан,KZYUZ,11.69
2018,1000 туылғанға,ұлдар және қыздар,,Шығыс Қазақстан,KZVOS,9.51
2018,1000 туылғанға,ұлдар және қыздар,,Астана қаласы,KZNS,7.44
2018,1000 туылғанға,ұлдар және қыздар,,Алматы қаласы,KZALA,9.86
2018,1000 туылғанға,ұлдар және қыздар,,Шымкент қаласы,KZSHY,10.22
2018,1000 туылғанға,ұлдар және қыздар,қала,,,9.56
2018,1000 туылғанға,ұлдар және қыздар,қала,Ақмола,KZAKM,7.61
2018,1000 туылғанға,ұлдар және қыздар,қала,Ақтөбе,KZAKT,10.63
2018,1000 туылғанға,ұлдар және қыздар,қала,Алматы,KZALM,8.48
2018,1000 туылғанға,ұлдар және қыздар,қала,Атырау,KZATY,11.13
2018,1000 туылғанға,ұлдар және қыздар,қала,Батыс Қазақстан,KZZAP,7.62
2018,1000 туылғанға,ұлдар және қыздар,қала,Жамбыл,KZZHA,9.33
2018,1000 туылғанға,ұлдар және қыздар,қала,Қарағанды,KZKAR,9.06
2018,1000 туылғанға,ұлдар және қыздар,қала,Қостанай,KZKUS,10.99
2018,1000 туылғанға,ұлдар және қыздар,қала,Қызылорда,KZKZY,13.58
2018,1000 туылғанға,ұлдар және қыздар,қала,Маңғыстау,KZMAN,10.59
2018,1000 туылғанға,ұлдар және қыздар,қала,Павлодар,KZPAV,8.06
2018,1000 туылғанға,ұлдар және қыздар,қала,Солтүстік Қазақстан,KZSEV,12.06
2018,1000 туылғанға,ұлдар және қыздар,қала,Түркістан,KZYUZ,10.62
2018,1000 туылғанға,ұлдар және қыздар,қала,Шығыс Қазақстан,KZVOS,8.73
2018,1000 туылғанға,ұлдар және қыздар,қала,Астана қаласы,KZNS,7.44
2018,1000 туылғанға,ұлдар және қыздар,қала,Алматы қаласы,KZALA,9.86
2018,1000 туылғанға,ұлдар және қыздар,қала,Шымкент қаласы,KZSHY,10.22
2018,1000 туылғанға,ұлдар және қыздар,ауыл,,,10.9
2018,1000 туылғанға,ұлдар және қыздар,ауыл,Ақмола,KZAKM,7.35
2018,1000 туылғанға,ұлдар және қыздар,ауыл,Ақтөбе,KZAKT,11.8
2018,1000 туылғанға,ұлдар және қыздар,ауыл,Алматы,KZALM,9.71
2018,1000 туылғанға,ұлдар және қыздар,ауыл,Атырау,KZATY,14.52
2018,1000 туылғанға,ұлдар және қыздар,ауыл,Батыс Қазақстан,KZZAP,7.89
2018,1000 туылғанға,ұлдар және қыздар,ауыл,Жамбыл,KZZHA,9.84
2018,1000 туылғанға,ұлдар және қыздар,ауыл,Қарағанды,KZKAR,9.31
2018,1000 туылғанға,ұлдар және қыздар,ауыл,Қостанай,KZKUS,12.28
2018,1000 туылғанға,ұлдар және қыздар,ауыл,Қызылорда,KZKZY,11.6
2018,1000 туылғанға,ұлдар және қыздар,ауыл,Маңғыстау,KZMAN,12.87
2018,1000 туылғанға,ұлдар және қыздар,ауыл,Павлодар,KZPAV,5.36
2018,1000 туылғанға,ұлдар және қыздар,ауыл,Солтүстік Қазақстан,KZSEV,14.06
2018,1000 туылғанға,ұлдар және қыздар,ауыл,Түркістан,KZYUZ,12.08
2018,1000 туылғанға,ұлдар және қыздар,ауыл,Шығыс Қазақстан,KZVOS,10.97
2018,1000 туылғанға,ерлер,,,,11.64
2018,1000 туылғанға,ерлер,,Ақмола,KZAKM,8.15
2018,1000 туылғанға,ерлер,,Ақтөбе,KZAKT,12.42
2018,1000 туылғанға,ерлер,,Алматы,KZALM,10.58
2018,1000 туылғанға,ерлер,,Атырау,KZATY,14.74
2018,1000 туылғанға,ерлер,,Батыс Қазақстан,KZZAP,9.52
2018,1000 туылғанға,ерлер,,Жамбыл,KZZHA,10.66
2018,1000 туылғанға,ерлер,,Қарағанды,KZKAR,10.93
2018,1000 туылғанға,ерлер,,Қостанай,KZKUS,13.96
2018,1000 туылғанға,ерлер,,Қызылорда,KZKZY,14.51
2018,1000 туылғанға,ерлер,,Маңғыстау,KZMAN,13.38
2018,1000 туылғанға,ерлер,,Павлодар,KZPAV,8.11
2018,1000 туылғанға,ерлер,,Солтүстік Қазақстан,KZSEV,16.18
2018,1000 туылғанға,ерлер,,Түркістан,KZYUZ,13.98
2018,1000 туылғанға,ерлер,,Шығыс Қазақстан,KZVOS,9.77
2018,1000 туылғанға,ерлер,,Астана қаласы,KZNS,9.07
2018,1000 туылғанға,ерлер,,Алматы қаласы,KZALA,11.14
2018,1000 туылғанға,ерлер,,Шымкент қаласы,KZSHY,12.2
2018,1000 туылғанға,ерлер,қала,,,11.08
2018,1000 туылғанға,ерлер,қала,Ақмола,KZAKM,7.73
2018,1000 туылғанға,ерлер,қала,Ақтөбе,KZAKT,12.6
2018,1000 туылғанға,ерлер,қала,Алматы,KZALM,9.41
2018,1000 туылғанға,ерлер,қала,Атырау,KZATY,11.05
2018,1000 туылғанға,ерлер,қала,Батыс Қазақстан,KZZAP,9.76
2018,1000 туылғанға,ерлер,қала,Жамбыл,KZZHA,10.99
2018,1000 туылғанға,ерлер,қала,Қарағанды,KZKAR,10.93
2018,1000 туылғанға,ерлер,қала,Қостанай,KZKUS,13.96
2018,1000 туылғанға,ерлер,қала,Қызылорда,KZKZY,16.02
2018,1000 туылғанға,ерлер,қала,Маңғыстау,KZMAN,10.76
2018,1000 туылғанға,ерлер,қала,Павлодар,KZPAV,8.75
2018,1000 туылғанға,ерлер,қала,Солтүстік Қазақстан,KZSEV,14.69
2018,1000 туылғанға,ерлер,қала,Түркістан,KZYUZ,13.05
2018,1000 туылғанға,ерлер,қала,Шығыс Қазақстан,KZVOS,9.41
2018,1000 туылғанға,ерлер,қала,Астана қаласы,KZNS,9.07
2018,1000 туылғанға,ерлер,қала,Алматы қаласы,KZALA,11.14
2018,1000 туылғанға,ерлер,қала,Шымкент қаласы,KZSHY,12.2
2018,1000 туылғанға,ерлер,ауыл,,,12.44
2018,1000 туылғанға,ерлер,ауыл,Ақмола,KZAKM,8.6
2018,1000 туылғанға,ерлер,ауыл,Ақтөбе,KZAKT,11.89
2018,1000 туылғанға,ерлер,ауыл,Алматы,KZALM,10.96
2018,1000 туылғанға,ерлер,ауыл,Атырау,KZATY,19.14
2018,1000 туылғанға,ерлер,ауыл,Батыс Қазақстан,KZZAP,9.18
2018,1000 туылғанға,ерлер,ауыл,Жамбыл,KZZHA,10.43
2018,1000 туылғанға,ерлер,ауыл,Қарағанды,KZKAR,10.94
2018,1000 туылғанға,ерлер,ауыл,Қостанай,KZKUS,13.97
2018,1000 туылғанға,ерлер,ауыл,Қызылорда,KZKZY,13.05
2018,1000 туылғанға,ерлер,ауыл,Маңғыстау,KZMAN,13.62
2018,1000 туылғанға,ерлер,ауыл,Павлодар,KZPAV,6.63
2018,1000 туылғанға,ерлер,ауыл,Солтүстік Қазақстан,KZSEV,17.64
2018,1000 туылғанға,ерлер,ауыл,Түркістан,KZYUZ,14.31
2018,1000 туылғанға,ерлер,ауыл,Шығыс Қазақстан,KZVOS,10.44
2018,1000 туылғанға,әйелдер,,,,8.48
2018,1000 туылғанға,әйелдер,,Ақмола,KZAKM,6.79
2018,1000 туылғанға,әйелдер,,Ақтөбе,KZAKT,9.33
2018,1000 туылғанға,әйелдер,,Алматы,KZALM,8.17
2018,1000 туылғанға,әйелдер,,Атырау,KZATY,10.47
2018,1000 туылғанға,әйелдер,,Батыс Қазақстан,KZZAP,5.83
2018,1000 туылғанға,әйелдер,,Жамбыл,KZZHA,8.52
2018,1000 туылғанға,әйелдер,,Қарағанды,KZKAR,7.11
2018,1000 туылғанға,әйелдер,,Қостанай,KZKUS,8.97
2018,1000 туылғанға,әйелдер,,Қызылорда,KZKZY,10.46
2018,1000 туылғанға,әйелдер,,Маңғыстау,KZMAN,8.87
2018,1000 туылғанға,әйелдер,,Павлодар,KZPAV,6.36
2018,1000 туылғанға,әйелдер,,Солтүстік Қазақстан,KZSEV,9.76
2018,1000 туылғанға,әйелдер,,Түркістан,KZYUZ,9.26
2018,1000 туылғанға,әйелдер,,Шығыс Қазақстан,KZVOS,9.24
2018,1000 туылғанға,әйелдер,,Астана қаласы,KZNS,5.71
2018,1000 туылғанға,әйелдер,,Алматы қаласы,KZALA,8.5
2018,1000 туылғанға,әйелдер,,Шымкент қаласы,KZSHY,8.06
2018,1000 туылғанға,әйелдер,қала,,,7.93
2018,1000 туылғанға,әйелдер,қала,Ақмола,KZAKM,7.47
2018,1000 туылғанға,әйелдер,қала,Ақтөбе,KZAKT,8.54
2018,1000 туылғанға,әйелдер,қала,Алматы,KZALM,7.52
2018,1000 туылғанға,әйелдер,қала,Атырау,KZATY,11.22
2018,1000 туылғанға,әйелдер,қала,Батыс Қазақстан,KZZAP,5.37
2018,1000 туылғанға,әйелдер,қала,Жамбыл,KZZHA,7.57
2018,1000 туылғанға,әйелдер,қала,Қарағанды,KZKAR,6.98
2018,1000 туылғанға,әйелдер,қала,Қостанай,KZKUS,7.97
2018,1000 туылғанға,әйелдер,қала,Қызылорда,KZKZY,10.88
2018,1000 туылғанға,әйелдер,қала,Маңғыстау,KZMAN,10.41
2018,1000 туылғанға,әйелдер,қала,Павлодар,KZPAV,7.35
2018,1000 туылғанға,әйелдер,қала,Солтүстік Қазақстан,KZSEV,9.26
2018,1000 туылғанға,әйелдер,қала,Түркістан,KZYUZ,8.06
2018,1000 туылғанға,әйелдер,қала,Шығыс Қазақстан,KZVOS,7.98
2018,1000 туылғанға,әйелдер,қала,Астана қаласы,KZNS,5.71
2018,1000 туылғанға,әйелдер,қала,Алматы қаласы,KZALA,8.5
2018,1000 туылғанға,әйелдер,қала,Шымкент қаласы,KZSHY,8.06
2018,1000 туылғанға,әйелдер,ауыл,,,9.28
2018,1000 туылғанға,әйелдер,ауыл,Ақмола,KZAKM,6.07
2018,1000 туылғанға,әйелдер,ауыл,Ақтөбе,KZAKT,11.7
2018,1000 туылғанға,әйелдер,ауыл,Алматы,KZALM,8.39
2018,1000 туылғанға,әйелдер,ауыл,Атырау,KZATY,9.58
2018,1000 туылғанға,әйелдер,ауыл,Батыс Қазақстан,KZZAP,6.48
2018,1000 туылғанға,әйелдер,ауыл,Жамбыл,KZZHA,9.22
2018,1000 туылғанға,әйелдер,ауыл,Қарағанды,KZKAR,7.63
2018,1000 туылғанға,әйелдер,ауыл,Қостанай,KZKUS,10.45
2018,1000 туылғанға,әйелдер,ауыл,Қызылорда,KZKZY,10.08
2018,1000 туылғанға,әйелдер,ауыл,Маңғыстау,KZMAN,12.06
2018,1000 туылғанға,әйелдер,ауыл,Павлодар,KZPAV,4.03
2018,1000 туылғанға,әйелдер,ауыл,Солтүстік Қазақстан,KZSEV,10.24
2018,1000 туылғанға,әйелдер,ауыл,Түркістан,KZYUZ,9.69
2018,1000 туылғанға,әйелдер,ауыл,Шығыс Қазақстан,KZVOS,11.52
2019,1000 туылғанға,ұлдар және қыздар,,,,10.69
2019,1000 туылғанға,ұлдар және қыздар,,Ақмола,KZAKM,8.56
2019,1000 туылғанға,ұлдар және қыздар,,Ақтөбе,KZAKT,10.54
2019,1000 туылғанға,ұлдар және қыздар,,Алматы,KZALM,10.22
2019,1000 туылғанға,ұлдар және қыздар,,Атырау,KZATY,12.9
2019,1000 туылғанға,ұлдар және қыздар,,Батыс Қазақстан,KZZAP,8.53
2019,1000 туылғанға,ұлдар және қыздар,,Жамбыл,KZZHA,11.58
2019,1000 туылғанға,ұлдар және қыздар,,Қарағанды,KZKAR,10.85
2019,1000 туылғанға,ұлдар және қыздар,,Қостанай,KZKUS,11.79
2019,1000 туылғанға,ұлдар және қыздар,,Қызылорда,KZKZY,13.13
2019,1000 туылғанға,ұлдар және қыздар,,Маңғыстау,KZMAN,11.49
2019,1000 туылғанға,ұлдар және қыздар,,Павлодар,KZPAV,8.31
2019,1000 туылғанға,ұлдар және қыздар,,Солтүстік Қазақстан,KZSEV,11.79
2019,1000 туылғанға,ұлдар және қыздар,,Түркістан,KZYUZ,11.89
2019,1000 туылғанға,ұлдар және қыздар,,Шығыс Қазақстан,KZVOS,10.11
2019,1000 туылғанға,ұлдар және қыздар,,Астана қаласы,KZNS,7.62
2019,1000 туылғанға,ұлдар және қыздар,,Алматы қаласы,KZALA,9.65
2019,1000 туылғанға,ұлдар және қыздар,,Шымкент қаласы,KZSHY,11.7
2019,1000 туылғанға,ұлдар және қыздар,қала,,,10.51
2019,1000 туылғанға,ұлдар және қыздар,қала,Ақмола,KZAKM,8.51
2019,1000 туылғанға,ұлдар және қыздар,қала,Ақтөбе,KZAKT,9.82
2019,1000 туылғанға,ұлдар және қыздар,қала,Алматы,KZALM,11.84
2019,1000 туылғанға,ұлдар және қыздар,қала,Атырау,KZATY,13.1
2019,1000 туылғанға,ұлдар және қыздар,қала,Батыс Қазақстан,KZZAP,9.05
2019,1000 туылғанға,ұлдар және қыздар,қала,Жамбыл,KZZHA,12.64
2019,1000 туылғанға,ұлдар және қыздар,қала,Қарағанды,KZKAR,11.27
2019,1000 туылғанға,ұлдар және қыздар,қала,Қостанай,KZKUS,9.58
2019,1000 туылғанға,ұлдар және қыздар,қала,Қызылорда,KZKZY,13.01
2019,1000 туылғанға,ұлдар және қыздар,қала,Маңғыстау,KZMAN,13.42
2019,1000 туылғанға,ұлдар және қыздар,қала,Павлодар,KZPAV,8.59
2019,1000 туылғанға,ұлдар және қыздар,қала,Солтүстік Қазақстан,KZSEV,11.21
2019,1000 туылғанға,ұлдар және қыздар,қала,Түркістан,KZYUZ,10.82
2019,1000 туылғанға,ұлдар және қыздар,қала,Шығыс Қазақстан,KZVOS,10.38
2019,1000 туылғанға,ұлдар және қыздар,қала,Астана қаласы,KZNS,7.62
2019,1000 туылғанға,ұлдар және қыздар,қала,Алматы қаласы,KZALA,9.65
2019,1000 туылғанға,ұлдар және қыздар,қала,Шымкент қаласы,KZSHY,11.7
2019,1000 туылғанға,ұлдар және қыздар,ауыл,,,10.96
2019,1000 туылғанға,ұлдар және қыздар,ауыл,Ақмола,KZAKM,8.62
2019,1000 туылғанға,ұлдар және қыздар,ауыл,Ақтөбе,KZAKT,12.71
2019,1000 туылғанға,ұлдар және қыздар,ауыл,Алматы,KZALM,9.67
2019,1000 туылғанға,ұлдар және қыздар,ауыл,Атырау,KZATY,12.63
2019,1000 туылғанға,ұлдар және қыздар,ауыл,Батыс Қазақстан,KZZAP,7.84
2019,1000 туылғанға,ұлдар және қыздар,ауыл,Жамбыл,KZZHA,10.75
2019,1000 туылғанға,ұлдар және қыздар,ауыл,Қарағанды,KZKAR,9.21
2019,1000 туылғанға,ұлдар және қыздар,ауыл,Қостанай,KZKUS,15.41
2019,1000 туылғанға,ұлдар және қыздар,ауыл,Қызылорда,KZKZY,13.25
2019,1000 туылғанға,ұлдар және қыздар,ауыл,Маңғыстау,KZMAN,10.18
2019,1000 туылғанға,ұлдар және қыздар,ауыл,Павлодар,KZPAV,7.62
2019,1000 туылғанға,ұлдар және қыздар,ауыл,Солтүстік Қазақстан,KZSEV,12.35
2019,1000 туылғанға,ұлдар және қыздар,ауыл,Түркістан,KZYUZ,12.31
2019,1000 туылғанға,ұлдар және қыздар,ауыл,Шығыс Қазақстан,KZVOS,9.62
2019,1000 туылғанға,ерлер,,,,12.03
2019,1000 туылғанға,ерлер,,Ақмола,KZAKM,8.49
2019,1000 туылғанға,ерлер,,Ақтөбе,KZAKT,10.39
2019,1000 туылғанға,ерлер,,Алматы,KZALM,12.2
2019,1000 туылғанға,ерлер,,Атырау,KZATY,14.0
2019,1000 туылғанға,ерлер,,Батыс Қазақстан,KZZAP,10.19
2019,1000 туылғанға,ерлер,,Жамбыл,KZZHA,13.53
2019,1000 туылғанға,ерлер,,Қарағанды,KZKAR,12.27
2019,1000 туылғанға,ерлер,,Қостанай,KZKUS,15.74
2019,1000 туылғанға,ерлер,,Қызылорда,KZKZY,15.42
2019,1000 туылғанға,ерлер,,Маңғыстау,KZMAN,12.55
2019,1000 туылғанға,ерлер,,Павлодар,KZPAV,8.97
2019,1000 туылғанға,ерлер,,Солтүстік Қазақстан,KZSEV,13.8
2019,1000 туылғанға,ерлер,,Түркістан,KZYUZ,13.01
2019,1000 туылғанға,ерлер,,Шығыс Қазақстан,KZVOS,10.21
2019,1000 туылғанға,ерлер,,Астана қаласы,KZNS,7.88
2019,1000 туылғанға,ерлер,,Алматы қаласы,KZALA,11.11
2019,1000 туылғанға,ерлер,,Шымкент қаласы,KZSHY,13.94
2019,1000 туылғанға,ерлер,қала,,,11.76
2019,1000 туылғанға,ерлер,қала,Ақмола,KZAKM,9.82
2019,1000 туылғанға,ерлер,қала,Ақтөбе,KZAKT,9.21
2019,1000 туылғанға,ерлер,қала,Алматы,KZALM,13.35
2019,1000 туылғанға,ерлер,қала,Атырау,KZATY,12.78
2019,1000 туылғанға,ерлер,қала,Батыс Қазақстан,KZZAP,10.66
2019,1000 туылғанға,ерлер,қала,Жамбыл,KZZHA,15.07
2019,1000 туылғанға,ерлер,қала,Қарағанды,KZKAR,12.63
2019,1000 туылғанға,ерлер,қала,Қостанай,KZKUS,12.41
2019,1000 туылғанға,ерлер,қала,Қызылорда,KZKZY,14.41
2019,1000 туылғанға,ерлер,қала,Маңғыстау,KZMAN,15.26
2019,1000 туылғанға,ерлер,қала,Павлодар,KZPAV,9.44
2019,1000 туылғанға,ерлер,қала,Солтүстік Қазақстан,KZSEV,13.48
2019,1000 туылғанға,ерлер,қала,Түркістан,KZYUZ,12.66
2019,1000 туылғанға,ерлер,қала,Шығыс Қазақстан,KZVOS,10.72
2019,1000 туылғанға,ерлер,қала,Астана қаласы,KZNS,7.88
2019,1000 туылғанға,ерлер,қала,Алматы қаласы,KZALA,11.11
2019,1000 туылғанға,ерлер,қала,Шымкент қаласы,KZSHY,13.94
2019,1000 туылғанға,ерлер,ауыл,,,12.43
2019,1000 туылғанға,ерлер,ауыл,Ақмола,KZAKM,7.0
2019,1000 туылғанға,ерлер,ауыл,Ақтөбе,KZAKT,13.93
2019,1000 туылғанға,ерлер,ауыл,Алматы,KZALM,11.82
2019,1000 туылғанға,ерлер,ауыл,Атырау,KZATY,15.6
2019,1000 туылғанға,ерлер,ауыл,Батыс Қазақстан,KZZAP,9.55
2019,1000 туылғанға,ерлер,ауыл,Жамбыл,KZZHA,12.33
2019,1000 туылғанға,ерлер,ауыл,Қарағанды,KZKAR,10.8
2019,1000 туылғанға,ерлер,ауыл,Қостанай,KZKUS,21.18
2019,1000 туылғанға,ерлер,ауыл,Қызылорда,KZKZY,16.44
2019,1000 туылғанға,ерлер,ауыл,Маңғыстау,KZMAN,10.7
2019,1000 туылғанға,ерлер,ауыл,Павлодар,KZPAV,7.86
2019,1000 туылғанға,ерлер,ауыл,Солтүстік Қазақстан,KZSEV,14.12
2019,1000 туылғанға,ерлер,ауыл,Түркістан,KZYUZ,13.14
2019,1000 туылғанға,ерлер,ауыл,Шығыс Қазақстан,KZVOS,9.3
2019,1000 туылғанға,әйелдер,,,,9.25
2019,1000 туылғанға,әйелдер,,Ақмола,KZAKM,8.64
2019,1000 туылғанға,әйелдер,,Ақтөбе,KZAKT,10.7
2019,1000 туылғанға,әйелдер,,Алматы,KZALM,8.1
2019,1000 туылғанға,әйелдер,,Атырау,KZATY,11.69
2019,1000 туылғанға,әйелдер,,Батыс Қазақстан,KZZAP,6.71
2019,1000 туылғанға,әйелдер,,Жамбыл,KZZHA,9.49
2019,1000 туылғанға,әйелдер,,Қарағанды,KZKAR,9.3
2019,1000 туылғанға,әйелдер,,Қостанай,KZKUS,7.68
2019,1000 туылғанға,әйелдер,,Қызылорда,KZKZY,10.68
2019,1000 туылғанға,әйелдер,,Маңғыстау,KZMAN,10.37
2019,1000 туылғанға,әйелдер,,Павлодар,KZPAV,7.58
2019,1000 туылғанға,әйелдер,,Солтүстік Қазақстан,KZSEV,9.64
2019,1000 туылғанға,әйелдер,,Түркістан,KZYUZ,10.7
2019,1000 туылғанға,әйелдер,,Шығыс Қазақстан,KZVOS,10.0
2019,1000 туылғанға,әйелдер,,Астана қаласы,KZNS,7.35
2019,1000 туылғанға,әйелдер,,Алматы қаласы,KZALA,8.1
2019,1000 туылғанға,әйелдер,,Шымкент қаласы,KZSHY,9.32
2019,1000 туылғанға,әйелдер,қала,,,9.16
2019,1000 туылғанға,әйелдер,қала,Ақмола,KZAKM,7.09
2019,1000 туылғанға,әйелдер,қала,Ақтөбе,KZAKT,10.47
2019,1000 туылғанға,әйелдер,қала,Алматы,KZALM,10.2
2019,1000 туылғанға,әйелдер,қала,Атырау,KZATY,13.45
2019,1000 туылғанға,әйелдер,қала,Батыс Қазақстан,KZZAP,7.27
2019,1000 туылғанға,әйелдер,қала,Жамбыл,KZZHA,10.02
2019,1000 туылғанға,әйелдер,қала,Қарағанды,KZKAR,9.76
2019,1000 туылғанға,әйелдер,қала,Қостанай,KZKUS,6.62
2019,1000 туылғанға,әйелдер,қала,Қызылорда,KZKZY,11.49
2019,1000 туылғанға,әйелдер,қала,Маңғыстау,KZMAN,11.46
2019,1000 туылғанға,әйелдер,қала,Павлодар,KZPAV,7.68
2019,1000 туылғанға,әйелдер,қала,Солтүстік Қазақстан,KZSEV,8.7
2019,1000 туылғанға,әйелдер,қала,Түркістан,KZYUZ,8.86
2019,1000 туылғанға,әйелдер,қала,Шығыс Қазақстан,KZVOS,10.02
2019,1000 туылғанға,әйелдер,қала,Астана қаласы,KZNS,7.35
2019,1000 туылғанға,әйелдер,қала,Алматы қаласы,KZALA,8.1
2019,1000 туылғанға,әйелдер,қала,Шымкент қаласы,KZSHY,9.32
2019,1000 туылғанға,әйелдер,ауыл,,,9.38
2019,1000 туылғанға,әйелдер,ауыл,Ақмола,KZAKM,10.36
2019,1000 туылғанға,әйелдер,ауыл,Ақтөбе,KZAKT,11.39
2019,1000 туылғанға,әйелдер,ауыл,Алматы,KZALM,7.41
2019,1000 туылғанға,әйелдер,ауыл,Атырау,KZATY,9.39
2019,1000 туылғанға,әйелдер,ауыл,Батыс Қазақстан,KZZAP,5.97
2019,1000 туылғанға,әйелдер,ауыл,Жамбыл,KZZHA,9.07
2019,1000 туылғанға,әйелдер,ауыл,Қарағанды,KZKAR,7.51
2019,1000 туылғанға,әйелдер,ауыл,Қостанай,KZKUS,9.39
2019,1000 туылғанға,әйелдер,ауыл,Қызылорда,KZKZY,9.9
2019,1000 туылғанға,әйелдер,ауыл,Маңғыстау,KZMAN,9.62
2019,1000 туылғанға,әйелдер,ауыл,Павлодар,KZPAV,7.36
2019,1000 туылғанға,әйелдер,ауыл,Солтүстік Қазақстан,KZSEV,10.52
2019,1000 туылғанға,әйелдер,ауыл,Түркістан,KZYUZ,11.41
2019,1000 туылғанға,әйелдер,ауыл,Шығыс Қазақстан,KZVOS,9.97
