Year,Units,Регионы,гражданство,Value
2010,процент,,,30.48
2011,процент,,,28.59
2012,процент,,,27.1
2013,процент,,,23.7
2014,процент,,,20.53
2015,процент,,,21.12
2016,процент,,,20.84
2017,процент,,,19.73
2018,процент,,,19.28
2010,процент,Республика Казахстан,,547.020586854253
2011,процент,Республика Казахстан,,522.4614957564386
2012,процент,Республика Казахстан,,478.67183171790003
2013,процент,Республика Казахстан,,432.5836265926255
2014,процент,Республика Казахстан,,391.8318098064672
2015,процент,Республика Казахстан,,388.085007609387
2016,процент,Республика Казахстан,,370.56758563464035
2017,процент,Республика Казахстан,,353.5716356779593
2010,процент,Акмолинская,,665.4789923291493
2011,процент,Акмолинская,,673.1845863942978
2012,процент,Акмолинская,,594.8770906070888
2013,процент,Акмолинская,,502.5946961958077
2014,процент,Акмолинская,,474.9445037672229
2015,процент,Акмолинская,,545.9898175532418
2016,процент,Акмолинская,,482.8278292764074
2017,процент,Акмолинская,,456.89690287716064
2010,процент,,,439.16910865801657
2011,процент,,,417.4201287556942
2012,процент,,,416.87206906576665
2013,процент,,,384.7074130015403
2014,процент,,,352.42733561256784
2015,процент,,,361.77930738208397
2016,процент,,,352.87368907126984
2017,процент,,,317.25716969501275
2010,процент,,,561.4981480213296
2011,процент,,,508.8282037110981
2012,процент,,,479.3008432375008
2013,процент,,,438.2149481457514
2014,процент,,,404.0322315574962
2015,процент,,,377.6257029440953
2016,процент,,,347.49286189626287
2017,процент,,,332.8582143473937
2010,процент,,,294.96115933220636
2011,процент,,,376.9330376412104
2012,процент,,,353.865290786936
2013,процент,,,326.4382963945754
2014,процент,,,316.38850698734785
2015,процент,,,288.6299855429883
2016,процент,,,308.64197530864203
2017,процент,,,282.8808244420758
2010,процент,Западно-Казахстанская,,693.6194926216309
2011,процент,Западно-Казахстанская,,572.1933368061358
2012,процент,Западно-Казахстанская,,559.2059275828324
2013,процент,Западно-Казахстанская,,508.76938686766204
2014,процент,Западно-Казахстанская,,462.14936131532363
2015,процент,Западно-Казахстанская,,434.24180528414354
2016,процент,Западно-Казахстанская,,431.1329284813671
2017,процент,Западно-Казахстанская,,417.59130540749686
2010,процент,,,449.549873410908
2011,процент,,,457.9269505185812
2012,процент,,,413.7169224052601
2013,процент,,,400.8998428153233
2014,процент,,,372.17262872802536
2015,процент,,,355.1450771714048
2016,процент,,,335.4812277858239
2017,процент,,,328.1907232377663
2010,процент,,,810.7327049617642
2011,процент,,,739.063665741023
2012,процент,,,683.0479581702958
2013,процент,,,547.7163966511933
2014,процент,,,478.49536716913286
2015,процент,,,541.4537889459458
2016,процент,,,507.95940371679717
2017,процент,,,479.3316284318502
2010,процент,,,666.6160538550532
2011,процент,,,661.2199013223262
2012,процент,,,604.7443048793239
2013,процент,,,526.8346086841967
2014,процент,,,485.550366063445
2015,процент,,,495.75841067285376
2016,процент,,,477.951603571307
2017,процент,,,445.58890917919996
2010,процент,,,404.8874361111231
2011,процент,,,348.8018338627857
2012,процент,,,346.2096847018943
2013,процент,,,297.5959105793846
2014,процент,,,280.694138516863
2015,процент,,,281.14830770852274
2016,процент,,,293.9799765960213
2017,процент,,,267.43912579148997
2010,процент,,,269.2164691179705
2011,процент,,,235.51974160119775
2012,процент,,,230.07333250715274
2013,процент,,,177.80470914127426
2014,процент,,,156.74794896313577
2015,процент,,,174.12225522366765
2016,процент,,,169.66000261500096
2017,процент,,,157.93278417541129
2010,процент,,,329.69823928618536
2011,процент,,,337.20800711956366
2012,процент,,,307.7990087943652
2013,процент,,,286.52246797363983
2014,процент,,,271.8005564249696
2015,процент,,,268.7618054084938
2016,процент,,,248.7976238515621
2017,процент,,,250.42557020380013
2010,процент,,,784.2384836356464
2011,процент,,,645.3772959508233
2012,процент,,,593.8378794521134
2013,процент,,,551.8888712840703
2014,процент,,,530.1224623982905
2015,процент,,,530.5113352720704
2016,процент,,,500.1293210381576
2017,процент,,,490.6886243982978
2010,процент,Северо-Казахстанская,,688.2014393357538
2011,процент,Северо-Казахстанская,,855.7849013631187
2012,процент,Северо-Казахстанская,,855.8865189708048
2013,процент,Северо-Казахстанская,,826.8982489417157
2014,процент,Северо-Казахстанская,,728.0178850540264
2015,процент,Северо-Казахстанская,,651.466939542186
2016,процент,Северо-Казахстанская,,608.7065515396849
2017,процент,Северо-Казахстанская,,574.2884243707967
2010,процент,,,731.4337704101922
2011,процент,,,720.193560074726
2012,процент,,,585.4876506205524
2013,процент,,,627.3722805739088
2014,процент,,,539.024622793881
2015,процент,,,513.9201944198857
2016,процент,,,472.93426019928285
2017,процент,,,463.9531214784764
2010,процент,г.Нур-Султан,,284.62899442477755
2011,процент,г.Нур-Султан,,273.4665250029514
2012,процент,г.Нур-Султан,,255.61928505495027
2013,процент,г.Нур-Султан,,246.26953767635086
2014,процент,г.Нур-Султан,,249.51686098192084
2015,процент,г.Нур-Султан,,282.2553535784415
2016,процент,г.Нур-Султан,,270.2034817555748
2017,процент,г.Нур-Султан,,225.31789122801246
2010,процент,г.Алматы,,621.9500799283247
2011,процент,г.Алматы,,571.5247904117982
2012,процент,г.Алматы,,521.9864209664546
2013,процент,г.Алматы,,421.02820224915047
2014,процент,г.Алматы,,350.94035756041285
2015,процент,г.Алматы,,322.46778760903175
2016,процент,г.Алматы,,359.922804201647
2017,процент,г.Алматы,,361.6640599647455
2010,процент,Республика Казахстан,,595.9240717784014
2011,процент,Республика Казахстан,,562.0871328418519
2012,процент,Республика Казахстан,,522.5636326354843
2013,процент,Республика Казахстан,,462.9145176700935
2014,процент,Республика Казахстан,,417.18472699345114
2015,процент,Республика Казахстан,,414.9330822405642
2016,процент,Республика Казахстан,,406.1781512870162
2017,процент,Республика Казахстан,,386.1669565844862
2010,процент,Акмолинская,,769.8710553600374
2011,процент,Акмолинская,,764.6618651201945
2012,процент,Акмолинская,,651.2834715682988
2013,процент,Акмолинская,,554.5452439419913
2014,процент,Акмолинская,,531.3137835999031
2015,процент,Акмолинская,,580.8926679836239
2016,процент,Акмолинская,,554.9205623499829
2017,процент,Акмолинская,,530.6264690824034
2010,процент,,,448.5131872627342
2011,процент,,,430.23881161063383
2012,процент,,,442.58309451475753
2013,процент,,,398.79210258234565
2014,процент,,,371.6860798015561
2015,процент,,,387.6630122966708
2016,процент,,,377.4108136650445
2017,процент,,,323.3030766716682
2010,процент,,,689.7708884966166
2011,процент,,,647.2755767841412
2012,процент,,,609.8880384760383
2013,процент,,,548.3017814311688
2014,процент,,,511.84358323424254
2015,процент,,,482.2934880771669
2016,процент,,,442.61823595591164
2017,процент,,,437.37037182866567
2010,процент,,,309.9087025714046
2011,процент,,,371.78331675783187
2012,процент,,,374.0289995386094
2013,процент,,,342.71872691616886
2014,процент,,,325.4684632921246
2015,процент,,,323.81491987104783
2016,процент,,,327.17916623205036
2017,процент,,,293.5251211980173
2010,процент,Западно-Казахстанская,,759.2792076722759
2011,процент,Западно-Казахстанская,,612.4499701950098
2012,процент,Западно-Казахстанская,,623.1090140882617
2013,процент,Западно-Казахстанская,,542.1297768221493
2014,процент,Западно-Казахстанская,,510.088781275222
2015,процент,Западно-Казахстанская,,468.4398570861453
2016,процент,Западно-Казахстанская,,471.48644437519476
2017,процент,Западно-Казахстанская,,425.396699906802
2010,процент,,,528.7992769043535
2011,процент,,,520.0233856670478
2012,процент,,,514.3238970034633
2013,процент,,,514.4154338514513
2014,процент,,,485.7107757267462
2015,процент,,,428.3792871553464
2016,процент,,,416.1749315282015
2017,процент,,,431.3090992559582
2010,процент,,,841.513659861928
2011,процент,,,766.2017985638672
2012,процент,,,725.1564260643493
2013,процент,,,587.8186308774873
2014,процент,,,500.3527773365496
2015,процент,,,558.3713132618678
2016,процент,,,520.3986807820556
2017,процент,,,499.2245409136583
2010,процент,,,723.5268315403433
2011,процент,,,697.0418989390398
2012,процент,,,640.9099316526161
2013,процент,,,534.1300018106102
2014,процент,,,483.86991024147596
2015,процент,,,520.8939713422075
2016,процент,,,518.5343446213011
2017,процент,,,485.20589384952666
2010,процент,,,375.9603706382457
2011,процент,,,307.77877396994467
2012,процент,,,367.63023913938576
2013,процент,,,302.87459587465014
2014,процент,,,286.4231083296453
2015,процент,,,289.36924791323173
2016,процент,,,309.84904865964336
2017,процент,,,270.74472266133324
2010,процент,,,323.8691172640945
2011,процент,,,275.3902257984703
2012,процент,,,270.6811263986069
2013,процент,,,215.8838152557896
2014,процент,,,199.20957631437335
2015,процент,,,224.94895104117643
2016,процент,,,230.04531195538516
2017,процент,,,205.61361896491903
2010,процент,,,355.21807945825736
2011,процент,,,366.98384720252267
2012,процент,,,331.8427252571757
2013,процент,,,310.5757218359567
2014,процент,,,300.7459085521812
2015,процент,,,292.90857102121964
2016,процент,,,282.4232425878435
2017,процент,,,275.9135425482148
2010,процент,,,760.2864006709332
2011,процент,,,642.8355693255
2012,процент,,,599.7091497762467
2013,процент,,,555.5395807573972
2014,процент,,,530.0795498494696
2015,процент,,,541.478940189311
2016,процент,,,526.5629004169481
2017,процент,,,519.0564108709737
2010,процент,Северо-Казахстанская,,732.6483539526106
2011,процент,Северо-Казахстанская,,919.2031338374844
2012,процент,Северо-Казахстанская,,919.6354944976747
2013,процент,Северо-Казахстанская,,889.6619451056108
2014,процент,Северо-Казахстанская,,737.9769196480164
2015,процент,Северо-Казахстанская,,720.8949825871761
2016,процент,Северо-Казахстанская,,658.7319109648155
2017,процент,Северо-Казахстанская,,618.2825263199992
2010,процент,,,773.312533094577
2011,процент,,,752.4552014468868
2012,процент,,,627.4638956340508
2013,процент,,,643.4813181661698
2014,процент,,,569.6817781828847
2015,процент,,,528.385544718008
2016,процент,,,505.7654151540888
2017,процент,,,496.69552576147805
2010,процент,г.Нур-Султан,,284.62899442477755
2011,процент,г.Нур-Султан,,273.4665250029514
2012,процент,г.Нур-Султан,,255.61928505495027
2013,процент,г.Нур-Султан,,246.26953767635086
2014,процент,г.Нур-Султан,,249.51686098192084
2015,процент,г.Нур-Султан,,282.2553535784415
2016,процент,г.Нур-Султан,,270.2034817555748
2017,процент,г.Нур-Султан,,225.31789122801246
2010,процент,г.Алматы,,621.9500799283247
2011,процент,г.Алматы,,571.5247904117982
2012,процент,г.Алматы,,521.9864209664546
2013,процент,г.Алматы,,421.02820224915047
2014,процент,г.Алматы,,350.94035756041285
2015,процент,г.Алматы,,322.46778760903175
2016,процент,г.Алматы,,359.922804201647
2017,процент,г.Алматы,,361.6640599647455
2010,процент,Республика Казахстан,,488.42433254443284
2011,процент,Республика Казахстан,,474.6839026445058
2012,процент,Республика Казахстан,,425.44966111865233
2013,процент,Республика Казахстан,,395.633912065988
2014,процент,Республика Казахстан,,359.9118513887065
2015,процент,Республика Казахстан,,353.0136376693369
2016,процент,Республика Казахстан,,323.36040746469683
2017,процент,Республика Казахстан,,309.80450806926257
2010,процент,Акмолинская,,574.2535342114734
2011,процент,Акмолинская,,592.9866642065664
2012,процент,Акмолинская,,545.1475188205692
2013,процент,Акмолинская,,456.4601323862964
2014,процент,Акмолинская,,424.70645666863646
2015,процент,Акмолинская,,514.8261758691207
2016,процент,Акмолинская,,418.0425951509113
2017,процент,Акмолинская,,390.6194605841759
2010,процент,,,424.4138369621609
2011,процент,,,396.86635392355004
2012,процент,,,375.52091575671255
2013,процент,,,362.05977561394167
2014,процент,,,321.17642520029324
2015,процент,,,319.084311155162
2016,процент,,,311.701225769851
2017,процент,,,306.861107829269
2010,процент,,,522.1810711475232
2011,процент,,,466.6480826235517
2012,процент,,,439.73453713986015
2013,процент,,,405.07187047231247
2014,процент,,,368.8955727837938
2015,процент,,,344.1919400299932
2016,процент,,,317.3571658269911
2017,процент,,,300.77781508827997
2010,процент,,,281.37248858737235
2011,процент,,,381.66576218902634
2012,процент,,,335.13547693572355
2013,процент,,,311.7113939163705
2014,процент,,,308.3534255113254
2015,процент,,,256.8856017884932
2016,процент,,,291.63077119428226
2017,процент,,,273.08003309492267
2010,процент,Западно-Казахстанская,,634.6223120174161
2011,процент,Западно-Казахстанская,,534.8977382819527
2012,процент,Западно-Казахстанская,,498.33359784161246
2013,процент,Западно-Казахстанская,,476.5417947735556
2014,процент,Западно-Казахстанская,,415.353586285138
2015,процент,Западно-Казахстанская,,400.4481504379509
2016,процент,Западно-Казахстанская,,390.4556677325929
2017,процент,Западно-Казахстанская,,409.4500176022278
2010,процент,,,395.5705151304105
2011,процент,,,416.1893852615502
2012,процент,,,346.67126595377715
2013,процент,,,324.8384335810065
2014,процент,,,295.6124485516217
2015,процент,,,305.5340848175983
2016,процент,,,280.89972256445634
2017,процент,,,259.4508092163257
2010,процент,,,701.9347728204406
2011,процент,,,641.7868536881599
2012,процент,,,530.6687852675751
2013,процент,,,400.998404190024
2014,процент,,,397.17715612910314
2015,процент,,,477.503693733283
2016,процент,,,460.2449048058375
2017,процент,,,402.0466543848545
2010,процент,,,609.4416896276795
2011,процент,,,624.6486064736727
2012,процент,,,567.1024889884701
2013,процент,,,519.1088164318985
2014,процент,,,487.3650895548103
2015,процент,,,467.9256093776112
2016,процент,,,432.00619225001213
2017,процент,,,399.71663165558937
2010,процент,,,425.99808288413897
2011,процент,,,378.8724070536479
2012,процент,,,330.3679965972338
2013,процент,,,293.6567288593353
2014,процент,,,276.37423327301354
2015,процент,,,274.8473910443037
2016,процент,,,281.58642457026815
2017,процент,,,264.82660874687093
2010,процент,,,207.4069157761997
2011,процент,,,192.10495490219049
2012,процент,,,187.5399901449574
2013,процент,,,139.29225604702506
2014,процент,,,119.10478693828034
2015,процент,,,134.59415682669058
2016,процент,,,124.22566005234043
2017,процент,,,123.68551178506675
2010,процент,,,313.17007658945005
2011,процент,,,318.02265705458285
2012,процент,,,292.3438275840907
2013,процент,,,271.0555317734282
2014,процент,,,250.86967947481534
2015,процент,,,249.11752083604512
2016,процент,,,221.16819102001088
2017,процент,,,229.1468325000482
2010,процент,,,836.2591765081391
2011,процент,,,650.9635974304067
2012,процент,,,580.7556727230365
2013,процент,,,543.5872398671328
2014,процент,,,530.2222261399999
2015,процент,,,504.5610541102832
2016,процент,,,436.81817163594
2017,процент,,,422.39457603891253
2010,процент,Северо-Казахстанская,,658.1484506147634
2011,процент,Северо-Казахстанская,,812.2767029498924
2012,процент,Северо-Казахстанская,,811.4643401966533
2013,процент,Северо-Казахстанская,,782.2083162965993
2014,процент,Северо-Казахстанская,,720.7413684435907
2015,процент,Северо-Казахстанская,,598.8374421262425
2016,процент,Северо-Казахстанская,,569.4351656939734
2017,процент,Северо-Казахстанская,,538.8962439736118
2010,процент,,,674.3566992014197
2011,процент,,,675.6411174418722
2012,процент,,,526.6764460789377
2013,процент,,,604.4271331443774
2014,процент,,,494.6438441494635
2015,процент,,,492.5855064959936
2016,процент,,,423.4702967891485
2017,процент,,,413.33240298348505
2010,процент,Республика Казахстан,,594.4985934589901
2011,процент,Республика Казахстан,,565.27541957558
2012,процент,Республика Казахстан,,529.2497162154406
2013,процент,Республика Казахстан,,472.4172704204223
2014,процент,Республика Казахстан,,427.9987068888592
2015,процент,Республика Казахстан,,422.30854533986684
2016,процент,Республика Казахстан,,415.437798273799
2017,процент,Республика Казахстан,,394.12507806668617
2010,процент,Акмолинская,,777.2313605788254
2011,процент,Акмолинская,,753.6159699798792
2012,процент,Акмолинская,,692.9732512325024
2013,процент,Акмолинская,,589.1045272781622
2014,процент,Акмолинская,,554.7116736990155
2015,процент,Акмолинская,,602.938381206883
2016,процент,Акмолинская,,568.9239952226047
2017,процент,Акмолинская,,527.9308503107167
2010,процент,,,489.2573752717349
2011,процент,,,465.08290434972105
2012,процент,,,466.8384618210637
2013,процент,,,434.71631013209486
2014,процент,,,400.2336389262768
2015,процент,,,391.863035252688
2016,процент,,,392.08447168278815
2017,процент,,,366.1750360351177
2010,процент,,,588.3432636180087
2011,процент,,,544.5561086699148
2012,процент,,,524.7569513395666
2013,процент,,,474.798291016232
2014,процент,,,431.6869544099472
2015,процент,,,413.6609996124882
2016,процент,,,397.3195386632799
2017,процент,,,382.03958537319704
2010,процент,,,383.66495071321333
2011,процент,,,417.6808083262769
2012,процент,,,388.555805677521
2013,процент,,,363.0778838368618
2014,процент,,,334.02478591564284
2015,процент,,,316.09304837643117
2016,процент,,,347.12002029941635
2017,процент,,,301.414597267417
2010,процент,Западно-Казахстанская,,734.7885430456779
2011,процент,Западно-Казахстанская,,622.6214604105771
2012,процент,Западно-Казахстанская,,600.2061313986621
2013,процент,Западно-Казахстанская,,532.0710406575664
2014,процент,Западно-Казахстанская,,478.7105847862474
2015,процент,Западно-Казахстанская,,459.65070466707175
2016,процент,Западно-Казахстанская,,496.39836130293236
2017,процент,Западно-Казахстанская,,466.7021638301011
2010,процент,,,518.344217641455
2011,процент,,,493.91327389488123
2012,процент,,,465.88122144746336
2013,процент,,,442.96788482835
2014,процент,,,401.1289930652909
2015,процент,,,384.66647479466013
2016,процент,,,383.4221155534742
2017,процент,,,369.1310934643208
2010,процент,,,843.0774445009323
2011,процент,,,795.7020836393526
2012,процент,,,732.0671559564495
2013,процент,,,595.8419617093709
2014,процент,,,509.13345701155447
2015,процент,,,566.7144028690682
2016,процент,,,547.0376044483237
2017,процент,,,509.0302081098149
2010,процент,,,764.9138991389914
2011,процент,,,726.5052905660194
2012,процент,,,687.6095456383982
2013,процент,,,592.1343774652222
2014,процент,,,521.7153192623925
2015,процент,,,551.1727998619672
2016,процент,,,533.9711588468332
2017,процент,,,509.3819595091848
2010,процент,,,435.65431927568136
2011,процент,,,380.3295054581964
2012,процент,,,394.50694977687266
2013,процент,,,341.85700438243214
2014,процент,,,322.91546534425095
2015,процент,,,328.4886096706414
2016,процент,,,326.74896477505786
2017,процент,,,301.31072732919097
2010,процент,,,329.3442590736702
2011,процент,,,274.71699250840356
2012,процент,,,273.90122911819725
2013,процент,,,209.58584999093304
2014,процент,,,203.5788075809512
2015,процент,,,207.30455189947685
2016,процент,,,202.84296600086068
2017,процент,,,186.44010342032848
2010,процент,,,357.43004213450683
2011,процент,,,362.445561112933
2012,процент,,,327.3680114468387
2013,процент,,,301.1350302289803
2014,процент,,,289.0907286662425
2015,процент,,,284.9534564103444
2016,процент,,,271.281499206477
2017,процент,,,267.67034393251134
2010,процент,,,842.6108957518603
2011,процент,,,721.6054654141759
2012,процент,,,694.3418945168289
2013,процент,,,625.6378650849969
2014,процент,,,592.7975658179648
2015,процент,,,597.1143671371542
2016,процент,,,541.2988377584584
2017,процент,,,540.582889376371
2010,процент,Северо-Казахстанская,,842.2474146202777
2011,процент,Северо-Казахстанская,,917.8975706501893
2012,процент,Северо-Казахстанская,,910.8789404355908
2013,процент,Северо-Казахстанская,,891.2610635545801
2014,процент,Северо-Казахстанская,,773.5267333033432
2015,процент,Северо-Казахстанская,,691.6523950577357
2016,процент,Северо-Казахстанская,,680.274625275587
2017,процент,Северо-Казахстанская,,677.1044267474912
2010,процент,,,816.124868008598
2011,процент,,,799.4900142868338
2012,процент,,,700.4841848047423
2013,процент,,,689.0529706643501
2014,процент,,,603.615668398528
2015,процент,,,571.3296919905506
2016,процент,,,576.2837534397689
2017,процент,,,545.1219678252463
2010,процент,г.Нур-Султан,,290.70210812410204
2011,процент,г.Нур-Султан,,306.2466875796772
2012,процент,г.Нур-Султан,,291.13586521769884
2013,процент,г.Нур-Султан,,265.6059770449839
2014,процент,г.Нур-Султан,,285.58078033891906
2015,процент,г.Нур-Султан,,305.92577995453166
2016,процент,г.Нур-Султан,,297.4497561721386
2017,процент,г.Нур-Султан,,245.62493528010768
2010,процент,г.Алматы,,622.9001833982544
2011,процент,г.Алматы,,594.0563772349765
2012,процент,г.Алматы,,556.3059007143286
2013,процент,г.Алматы,,455.74517132397216
2014,процент,г.Алматы,,399.53708026677305
2015,процент,г.Алматы,,362.92537469592736
2016,процент,г.Алматы,,395.8856262870082
2017,процент,г.Алматы,,396.1933398852087
2010,процент,Республика Казахстан,,644.9371854802953
2011,процент,Республика Казахстан,,617.2138893772055
2012,процент,Республика Казахстан,,584.2992573694028
2013,процент,Республика Казахстан,,507.6300765003589
2014,процент,Республика Казахстан,,458.7977429768703
2015,процент,Республика Казахстан,,456.50013000367005
2016,процент,Республика Казахстан,,456.72200786758333
2017,процент,Республика Казахстан,,428.20852681088775
2010,процент,Акмолинская,,901.8537757694859
2011,процент,Акмолинская,,866.3366336633666
2012,процент,Акмолинская,,769.1062176165802
2013,процент,Акмолинская,,664.2915460550731
2014,процент,Акмолинская,,618.0743659197243
2015,процент,Акмолинская,,651.6985695613403
2016,процент,Акмолинская,,639.1215426567977
2017,процент,Акмолинская,,617.9787276226731
2010,процент,,,495.18569463548835
2011,процент,,,487.2489210285679
2012,процент,,,499.82149232416987
2013,процент,,,453.7002921847018
2014,процент,,,418.69588177604174
2015,процент,,,421.640385780485
2016,процент,,,418.3882434506609
2017,процент,,,378.25688576328787
2010,процент,,,736.9328862962462
2011,процент,,,738.0425661759098
2012,процент,,,696.1775909628267
2013,процент,,,592.8178020921894
2014,процент,,,564.1450634069699
2015,процент,,,553.3494204604979
2016,процент,,,518.5729722069686
2017,процент,,,497.53679235626834
2010,процент,,,415.6943433785829
2011,процент,,,419.2923322423592
2012,процент,,,417.5646551724138
2013,процент,,,395.21654409453765
2014,процент,,,343.1277413344719
2015,процент,,,356.15205818399943
2016,процент,,,384.60422048706863
2017,процент,,,308.7283013924638
2010,процент,Западно-Казахстанская,,813.509368139304
2011,процент,Западно-Казахстанская,,679.0559430269858
2012,процент,Западно-Казахстанская,,689.7496144032982
2013,процент,Западно-Казахстанская,,583.340421309291
2014,процент,Западно-Казахстанская,,526.3855094087052
2015,процент,Западно-Казахстанская,,500.7511266900351
2016,процент,Западно-Казахстанская,,552.0695876982738
2017,процент,Западно-Казахстанская,,475.2680347830648
2010,процент,,,615.1191130981516
2011,процент,,,571.5720743345053
2012,процент,,,569.5379417905316
2013,процент,,,564.3794275860042
2014,процент,,,506.17319591597135
2015,процент,,,469.61025189477334
2016,процент,,,483.7861195656258
2017,процент,,,488.7772312845736
2010,процент,,,873.8552025820403
2011,процент,,,831.4739747425543
2012,процент,,,787.1102358702291
2013,процент,,,641.1556056953248
2014,процент,,,541.5496191856478
2015,процент,,,586.9600745071092
2016,процент,,,571.2316914174297
2017,процент,,,530.0960933500588
2010,процент,,,839.0159774808708
2011,процент,,,799.7204669383258
2012,процент,,,759.6442641494714
2013,процент,,,613.5087871849125
2014,процент,,,528.9791705491922
2015,процент,,,577.7053749670422
2016,процент,,,583.4653742194054
2017,процент,,,549.997453715492
2010,процент,,,404.36092020189966
2011,процент,,,344.9484295226381
2012,процент,,,440.9892098384827
2013,процент,,,361.0226358576577
2014,процент,,,332.40184256530006
2015,процент,,,341.5767181308922
2016,процент,,,346.8201082903345
2017,процент,,,312.92015181981515
2010,процент,,,388.3788582870528
2011,процент,,,326.5805614531729
2012,процент,,,313.63105452133414
2013,процент,,,250.22265575300054
2014,процент,,,259.11223385059543
2015,процент,,,255.0530066683424
2016,процент,,,269.8078441695183
2017,процент,,,233.011416093908
2010,процент,,,393.0010763723748
2011,процент,,,400.3361351410479
2012,процент,,,357.16358092006135
2013,процент,,,323.1953297101024
2014,процент,,,320.3683344944755
2015,процент,,,317.0052291201721
2016,процент,,,316.5353076984317
2017,процент,,,294.51489311796666
2010,процент,,,825.2027842069145
2011,процент,,,733.1067623801814
2012,процент,,,704.421052631579
2013,процент,,,637.1523581721352
2014,процент,,,581.5342289729249
2015,процент,,,608.9652078149855
2016,процент,,,560.31387314429
2017,процент,,,574.9574969669673
2010,процент,Северо-Казахстанская,,939.337178464791
2011,процент,Северо-Казахстанская,,1012.4870312731584
2012,процент,Северо-Казахстанская,,1023.4581039189377
2013,процент,Северо-Казахстанская,,951.513311063873
2014,процент,Северо-Казахстанская,,810.0637651544866
2015,процент,Северо-Казахстанская,,776.5980342922736
2016,процент,Северо-Казахстанская,,743.2444389389301
2017,процент,Северо-Казахстанская,,725.8249211634338
2010,процент,,,856.6288103908452
2011,процент,,,847.2298379726692
2012,процент,,,749.6043457804013
2013,процент,,,705.3185476488055
2014,процент,,,634.543818000937
2015,процент,,,611.9813744799071
2016,процент,,,618.988174476968
2017,процент,,,584.4876664612899
2010,процент,г.Нур-Султан,,290.70210812410204
2011,процент,г.Нур-Султан,,306.2466875796772
2012,процент,г.Нур-Султан,,291.13586521769884
2013,процент,г.Нур-Султан,,265.6059770449839
2014,процент,г.Нур-Султан,,285.58078033891906
2015,процент,г.Нур-Султан,,305.92577995453166
2016,процент,г.Нур-Султан,,297.4497561721386
2017,процент,г.Нур-Султан,,245.62493528010768
2010,процент,г.Алматы,,622.9001833982544
2011,процент,г.Алматы,,594.0563772349765
2012,процент,г.Алматы,,556.3059007143286
2013,процент,г.Алматы,,455.74517132397216
2014,процент,г.Алматы,,399.53708026677305
2015,процент,г.Алматы,,362.92537469592736
2016,процент,г.Алматы,,395.8856262870082
2017,процент,г.Алматы,,396.1933398852087
2010,процент,Республика Казахстан,,537.7238985036685
2011,процент,Республика Казахстан,,506.5078962474469
2012,процент,Республика Казахстан,,466.6543196392136
2013,процент,Республика Казахстан,,432.19443355873705
2014,процент,Республика Казахстан,,391.58529441824317
2015,процент,Республика Казахстан,,380.31218770584144
2016,процент,Республика Казахстан,,363.99286996827817
2017,процент,Республика Казахстан,,351.14243025424736
2010,процент,Акмолинская,,674.6101279130892
2011,процент,Акмолинская,,660.361259495602
2012,процент,Акмолинская,,629.6217605571762
2013,процент,Акмолинская,,526.0975483335925
2014,процент,Акмолинская,,501.39852895472916
2015,процент,Акмолинская,,561.7919617362979
2016,процент,Акмолинская,,509.240331420232
2017,процент,Акмолинская,,451.3525011154113
2010,процент,,,480.43695606954265
2011,процент,,,431.6095634539438
2012,процент,,,416.7987740435426
2013,процент,,,405.84997231360535
2014,процент,,,371.8454360322739
2015,процент,,,345.26714965633425
2016,процент,,,350.2146579825339
2017,процент,,,346.486638250083
2010,процент,,,544.7460860590777
2011,процент,,,488.0764332983084
2012,процент,,,474.9441081847429
2013,процент,,,440.688649462894
2014,процент,,,390.22228347595086
2015,процент,,,370.8520954583997
2016,процент,,,360.4523090760734
2017,процент,,,348.0434183181919
2010,процент,,,355.9594264133471
2011,процент,,,416.2723346117994
2012,процент,,,362.9522917045471
2013,процент,,,335.46854223056204
2014,процент,,,326.37075718015666
2015,процент,,,281.7281901858248
2016,процент,,,314.37970222664495
2017,процент,,,294.9999068421347
2010,процент,Западно-Казахстанская,,669.0726502432136
2011,процент,Западно-Казахстанская,,574.2670373242055
2012,процент,Западно-Казахстанская,,521.6500581718852
2013,процент,Западно-Казахстанская,,486.4892115345836
2014,процент,Западно-Казахстанская,,435.82958122734635
2015,процент,Западно-Казахстанская,,422.27780515341095
2016,процент,Западно-Казахстанская,,444.8764439792142
2017,процент,Западно-Казахстанская,,458.4951936514117
2010,процент,,,456.2439690958663
2011,процент,,,444.6948572010645
2012,процент,,,400.70679791720187
2013,процент,,,366.2980998286072
2014,процент,,,334.39704605753826
2015,процент,,,330.42211198074915
2016,процент,,,319.39883506316073
2017,процент,,,293.85661578099075
2010,процент,,,742.2221029178858
2011,процент,,,677.0928170163406
2012,процент,,,548.0840710954923
2013,процент,,,442.7779058571448
2014,процент,,,397.859882348124
2015,процент,,,496.1536086082308
2016,процент,,,461.5214292633648
2017,процент,,,433.6255643252052
2010,процент,,,695.195643254131
2011,процент,,,656.4479291752019
2012,процент,,,617.3426679856938
2013,процент,,,570.941382712738
2014,процент,,,514.3734786136548
2015,процент,,,523.6700829673011
2016,процент,,,481.56865067029815
2017,процент,,,465.47245454135947
2010,процент,,,457.53783769188857
2011,процент,,,405.1965613831739
2012,процент,,,361.51570214911567
2013,процент,,,328.1208984887689
2014,процент,,,316.0354440922657
2015,процент,,,318.83460454889024
2016,процент,,,311.6866570809748
2017,процент,,,292.5019297002307
2010,процент,,,265.3562653562653
2011,процент,,,220.4816676431589
2012,процент,,,233.87735239215854
2013,процент,,,170.0141793202186
2014,процент,,,154.92503525334985
2015,процент,,,169.65061301587488
2016,процент,,,151.74845462051732
2017,процент,,,152.63765310301181
2010,процент,,,335.4384752186928
2011,процент,,,339.1259484830563
2012,процент,,,309.0616279212716
2013,процент,,,287.56757537218346
2014,процент,,,267.39983318402267
2015,процент,,,259.87631977405164
2016,процент,,,235.48997656433974
2017,процент,,,246.0929159950407
2010,процент,,,877.8283664459161
2011,процент,,,698.0696855651329
2012,процент,,,673.4594179635702
2013,процент,,,601.3451140709483
2014,процент,,,617.0431575587787
2015,процент,,,571.183778380694
2016,процент,,,499.2188482051466
2017,процент,,,464.2190753477136
2010,процент,Северо-Казахстанская,,781.9162421923618
2011,процент,Северо-Казахстанская,,858.3165093183649
2012,процент,Северо-Казахстанская,,838.9043365083121
2013,процент,Северо-Казахстанская,,851.9503599325162
2014,процент,Северо-Казахстанская,,749.0751028680969
2015,процент,Северо-Казахстанская,,632.6670402889347
2016,процент,Северо-Казахстанская,,635.0356611617527
2017,процент,Северо-Казахстанская,,641.276853468239
2010,процент,,,765.0742091339032
2011,процент,,,738.5630780208019
2012,процент,,,636.8853537136648
2013,процент,,,667.637903386402
2014,процент,,,562.2192866578599
2015,процент,,,515.9202830272538
2016,процент,,,516.8536086041348
2017,процент,,,488.91313251529465
2010,процент,Республика Казахстан,,502.8495953656186
2011,процент,Республика Казахстан,,482.596121502674
2012,процент,Республика Казахстан,,431.535453028238
2013,процент,Республика Казахстан,,395.4256697428678
2014,процент,Республика Казахстан,,358.05422897303947
2015,процент,Республика Казахстан,,356.08092567803465
2016,процент,Республика Казахстан,,328.54800283297834
2017,процент,Республика Казахстан,,315.5373966069792
2010,процент,Акмолинская,,561.5319095239597
2011,процент,Акмолинская,,598.1893360283077
2012,процент,Акмолинская,,503.2559736880342
2013,процент,Акмолинская,,421.7775248693306
2014,процент,Акмолинская,,400.43511847519346
2015,процент,Акмолинская,,492.7601360707736
2016,процент,Акмолинская,,402.2237526742904
2017,процент,Акмолинская,,390.1904745606079
2010,процент,,,392.71599379658824
2011,процент,,,373.21067175455846
2012,процент,,,370.4372085763896
2013,процент,,,338.1394867499862
2014,процент,,,307.81917578394365
2015,процент,,,333.65476888161436
2016,процент,,,316.1625425736368
2017,процент,,,271.3972751076604
2010,процент,,,535.6424533694661
2011,процент,,,474.37186764962564
2012,процент,,,435.4367210147143
2013,процент,,,402.91868659103403
2014,процент,,,377.31309331116853
2015,процент,,,342.7003402575698
2016,процент,,,299.09189202200963
2017,процент,,,284.85807469919024
2010,процент,,,209.8737408505841
2011,процент,,,337.7873107242
2012,процент,,,320.49793302057685
2013,процент,,,291.16507976455125
2014,процент,,,299.38994172832764
2015,процент,,,262.110052789767
2016,процент,,,271.40729100165333
2017,процент,,,264.9151052925292
2010,процент,Западно-Казахстанская,,655.263300474556
2011,процент,Западно-Казахстанская,,525.1711792134778
2012,процент,Западно-Казахстанская,,520.95770753472
2013,процент,Западно-Казахстанская,,487.01804208782517
2014,процент,Западно-Казахстанская,,446.6750778133898
2015,процент,Западно-Казахстанская,,410.4869645954993
2016,процент,Западно-Казахстанская,,370.05632608563997
2017,процент,Западно-Казахстанская,,371.5308122385559
2010,процент,,,384.1574876962737
2011,процент,,,423.58305147147695
2012,процент,,,363.76763812579554
2013,процент,,,360.54390831779534
2014,процент,,,344.33244254985726
2015,процент,,,326.7027023183805
2016,процент,,,289.20921231981805
2017,процент,,,288.60003435714697
2010,процент,,,781.7896918333305
2011,процент,,,688.3822388153618
2012,процент,,,639.1672436539525
2013,процент,,,504.5956226746066
2014,процент,,,451.0219436602218
2015,процент,,,518.7711059881243
2016,процент,,,472.80155513821614
2017,процент,,,452.5736773847324
2010,процент,,,578.860337879428
2011,процент,,,602.8888783772743
2012,процент,,,530.6507306403975
2013,процент,,,468.4158207066904
2014,процент,,,453.16798186467764
2015,процент,,,446.0717324600985
2016,процент,,,427.59990435548735
2017,процент,,,388.1092513457055
2010,процент,,,374.33845359494
2011,процент,,,317.41011419986665
2012,процент,,,298.03612508637224
2013,процент,,,253.4239482906146
2014,процент,,,238.54719138124446
2015,процент,,,233.85837347287585
2016,процент,,,261.1855848449926
2017,процент,,,233.4680429354681
2010,процент,,,210.20719872872857
2011,процент,,,196.94165557092683
2012,процент,,,186.87455866933902
2013,процент,,,146.4702727235219
2014,процент,,,110.50238645214115
2015,процент,,,141.2843977510621
2016,процент,,,136.76672177068986
2017,процент,,,129.64695666000085
2010,процент,,,302.6142508896299
2011,процент,,,312.4899867405372
2012,процент,,,288.5769744297463
2013,процент,,,272.13907472714595
2014,процент,,,254.7526000448929
2015,процент,,,252.7695891134631
2016,процент,,,226.5557885803918
2017,процент,,,233.3472720168361
2010,процент,,,732.3956507199823
2011,процент,,,577.6501979033625
2012,процент,,,504.47920980073326
2013,процент,,,486.23589991392714
2014,процент,,,474.22959634058265
2015,процент,,,471.0282616957017
2016,процент,,,463.2951712791997
2017,процент,,,445.93955348325966
2010,процент,Северо-Казахстанская,,548.2441979103437
2011,процент,Северо-Казахстанская,,799.3178460076416
2012,процент,Северо-Казахстанская,,805.8665773812455
2013,процент,Северо-Казахстанская,,768.3562793710386
2014,процент,Северо-Казахстанская,,686.6047180361041
2015,процент,Северо-Казахстанская,,614.8487994373933
2016,процент,Северо-Казахстанская,,543.3699745031491
2017,процент,Северо-Казахстанская,,480.2662456799079
2010,процент,,,654.8561917824265
2011,процент,,,648.4125284268799
2012,процент,,,481.27786723237205
2013,процент,,,571.4332607530117
2014,процент,,,480.37598448352736
2015,процент,,,461.73709433879685
2016,процент,,,378.891765583518
2017,процент,,,390.0169443757282
2010,процент,г.Нур-Султан,,278.8636955955173
2011,процент,г.Нур-Султан,,242.62029923170243
2012,процент,г.Нур-Султан,,222.4031757341341
2013,процент,г.Нур-Султан,,228.2229203793356
2014,процент,г.Нур-Султан,,215.87254476862685
2015,процент,г.Нур-Султан,,260.19974024810784
2016,процент,г.Нур-Султан,,244.8431225241024
2017,процент,г.Нур-Султан,,206.45196047589772
2010,процент,г.Алматы,,621.1466329981845
2011,процент,г.Алматы,,552.5764390976128
2012,процент,г.Алматы,,493.2472255628988
2013,процент,г.Алматы,,391.967439963428
2014,процент,г.Алматы,,310.19503735388804
2015,процент,г.Алматы,,288.37942224940355
2016,процент,г.Алматы,,329.6298864430375
2017,процент,г.Алматы,,332.6293886872849
2010,процент,Республика Казахстан,,552.7685562789495
2011,процент,Республика Казахстан,,513.5453934774582
2012,процент,Республика Казахстан,,468.1817494345725
2013,процент,Республика Казахстан,,423.4866010890977
2014,процент,Республика Казахстан,,380.36655246867576
2015,процент,Республика Казахстан,,378.0287709970597
2016,процент,Республика Казахстан,,361.2339396738949
2017,процент,Республика Казахстан,,348.74122044800276
2010,процент,Акмолинская,,654.3893370132466
2011,процент,Акмолинская,,675.349204954757
2012,процент,Акмолинская,,547.580287109664
2013,процент,Акмолинская,,457.9313048591902
2014,процент,Акмолинская,,454.90034483506486
2015,процент,Акмолинская,,518.4195210277854
2016,процент,Акмолинская,,480.4170795811969
2017,процент,Акмолинская,,453.11087411962785
2010,процент,,,407.125088983627
2011,процент,,,379.6724394639919
2012,процент,,,391.6540118387207
2013,процент,,,349.7493590479471
2014,процент,,,329.5394338835677
2015,процент,,,357.1060420869719
2016,процент,,,340.49098583514166
2017,процент,,,273.73358481502675
2010,процент,,,647.2039042138223
2011,процент,,,565.1448021777487
2012,процент,,,531.6547221572422
2013,процент,,,507.895233501793
2014,процент,,,464.2149617936543
2015,процент,,,417.5169373928659
2016,процент,,,373.19474127323366
2017,процент,,,382.220427377099
2010,процент,,,213.47971942665447
2011,процент,,,328.42430637083714
2012,процент,,,334.2739309746038
2013,процент,,,294.7948271039098
2014,процент,,,309.3295494856332
2015,процент,,,294.17222821716507
2016,процент,,,274.3548322497096
2017,процент,,,279.5038154229944
2010,процент,Западно-Казахстанская,,712.39608182155
2011,процент,Западно-Казахстанская,,555.0234378468897
2012,процент,Западно-Казахстанская,,565.808554678301
2013,процент,Западно-Казахстанская,,506.67951149022315
2014,процент,Западно-Казахстанская,,496.03472844353325
2015,процент,Западно-Казахстанская,,440.58334417542915
2016,процент,Западно-Казахстанская,,402.046783625731
2017,процент,Западно-Казахстанская,,382.2508563780314
2010,процент,,,452.209108655551
2011,процент,,,474.07792068260056
2012,процент,,,464.92968105734735
2013,процент,,,469.68946115084884
2014,процент,,,467.35828212386923
2015,процент,,,391.2952767807341
2016,процент,,,355.2285063466928
2017,процент,,,379.38531054179634
2010,процент,,,813.4942461028569
2011,процент,,,709.688212659922
2012,процент,,,671.5157244264718
2013,процент,,,541.5919288362471
2014,процент,,,464.61493355868487
2015,процент,,,533.5344992747079
2016,процент,,,476.14665453293657
2017,процент,,,472.30410113986807
2010,процент,,,626.6268597137557
2011,процент,,,610.7148176958343
2012,процент,,,540.9598548684336
2013,процент,,,467.30112249877993
2014,процент,,,445.8496113415764
2015,процент,,,472.90256377622046
2016,процент,,,463.5657079733302
2017,процент,,,430.2645577422103
2010,процент,,,349.1096376826023
2011,процент,,,272.51331599157686
2012,процент,,,297.82403510114534
2013,процент,,,247.45686646055645
2014,процент,,,242.5113943795852
2015,процент,,,239.42632739025302
2016,процент,,,274.467023338401
2017,процент,,,230.3267332941854
2010,процент,,,263.01533899754804
2011,процент,,,226.90935494906762
2012,процент,,,229.9180916798391
2013,процент,,,183.2706766917293
2014,процент,,,140.78657459224692
2015,процент,,,194.68987092507413
2016,процент,,,189.9978643650905
2017,процент,,,178.09635601608758
2010,процент,,,320.31021138161236
2011,процент,,,336.0646881876958
2012,процент,,,308.28458986607495
2013,процент,,,298.80169022825385
2014,процент,,,282.3061363910358
2015,процент,,,270.10360138135184
2016,процент,,,250.05363688283592
2017,процент,,,258.23292787269366
2010,процент,,,705.0503218786835
2011,процент,,,565.9907724385221
2012,процент,,,510.54614813725954
2013,процент,,,486.01077104952066
2014,процент,,,486.1906401275898
2015,процент,,,483.84399949839064
2016,процент,,,497.69201402144864
2017,процент,,,471.151940415796
2010,процент,Северо-Казахстанская,,561.9870145779738
2011,процент,Северо-Казахстанская,,842.1745083490778
2012,процент,Северо-Казахстанская,,833.8811012427964
2013,процент,Северо-Казахстанская,,838.6062728356892
2014,процент,Северо-Казахстанская,,678.4107098437394
2015,процент,Северо-Казахстанская,,674.7367560618559
2016,процент,Северо-Казахстанская,,588.5508130230644
2017,процент,Северо-Казахстанская,,528.8544295220898
2010,процент,,,702.6126186016977
2011,процент,,,671.9500250011987
2012,процент,,,523.5530649005659
2013,процент,,,590.7928562223171
2014,процент,,,514.3080545719266
2015,процент,,,456.92342685880203
2016,процент,,,408.8392645327504
2017,процент,,,421.4028523016097
2010,процент,г.Нур-Султан,,278.8636955955173
2011,процент,г.Нур-Султан,,242.62029923170243
2012,процент,г.Нур-Султан,,222.4031757341341
2013,процент,г.Нур-Султан,,228.2229203793356
2014,процент,г.Нур-Султан,,215.87254476862685
2015,процент,г.Нур-Султан,,260.19974024810784
2016,процент,г.Нур-Султан,,244.8431225241024
2017,процент,г.Нур-Султан,,206.45196047589772
2010,процент,г.Алматы,,621.1466329981845
2011,процент,г.Алматы,,552.5764390976128
2012,процент,г.Алматы,,493.2472255628988
2013,процент,г.Алматы,,391.967439963428
2014,процент,г.Алматы,,310.19503735388804
2015,процент,г.Алматы,,288.37942224940355
2016,процент,г.Алматы,,329.6298864430375
2017,процент,г.Алматы,,332.6293886872849
2010,процент,Республика Казахстан,,439.4362778463809
2011,процент,Республика Казахстан,,442.9916466787326
2012,процент,Республика Казахстан,,384.3383883531332
2013,процент,Республика Казахстан,,359.1125492618242
2014,процент,Республика Казахстан,,328.25101234462096
2015,процент,Республика Казахстан,,325.6970872427899
2016,процент,Республика Казахстан,,282.6106987887216
2017,процент,Республика Казахстан,,268.2266327475645
2010,процент,Акмолинская,,475.7931993426874
2011,процент,Акмолинская,,526.7997297420866
2012,процент,Акмолинская,,462.01860313315933
2013,процент,Акмолинская,,387.88967601004435
2014,процент,Акмолинская,,349.22253377517205
2015,процент,Акмолинская,,468.612116970453
2016,процент,Акмолинская,,328.22812874289644
2017,процент,Акмолинская,,330.6140964624292
2010,процент,,,368.6537459761978
2011,процент,,,362.2490013227072
2012,процент,,,334.3865192206425
2013,процент,,,318.46100960571806
2014,процент,,,270.7349620201191
2015,процент,,,292.99306136257735
2016,процент,,,273.2466672186801
2017,процент,,,267.16947365057047
2010,процент,,,500.0111734340432
2011,процент,,,445.57754705181213
2012,процент,,,405.110668137684
2013,процент,,,370.07145528631327
2014,процент,,,347.88950582122686
2015,процент,,,317.8430067080604
2016,процент,,,274.68058381624667
2017,процент,,,253.75103856116516
2010,процент,,,206.43585587288203
2011,процент,,,346.8166672638028
2012,процент,,,307.05810103976233
2013,процент,,,287.71484867698894
2014,процент,,,290.15134030136176
2015,процент,,,231.74367587131718
2016,процент,,,268.5702169764648
2017,процент,,,250.835856922723
2010,процент,Западно-Казахстанская,,600.3001500750375
2011,процент,Западно-Казахстанская,,495.4311641368502
2012,процент,Западно-Казахстанская,,474.8307817817946
2013,процент,Западно-Казахстанская,,466.4956818919488
2014,процент,Западно-Казахстанская,,394.66849113738016
2015,процент,Западно-Казахстанская,,378.34287085812457
2016,процент,Западно-Казахстанская,,335.124040240225
2017,процент,Западно-Казахстанская,,359.4206984037492
2010,процент,,,335.1321013976202
2011,процент,,,387.70784830095533
2012,процент,,,292.5353270934167
2013,процент,,,283.1813293047603
2014,процент,,,256.53581184499444
2015,процент,,,280.4137552253379
2016,процент,,,241.98482067683062
2017,процент,,,224.6398029896915
2010,процент,,,661.5341130866657
2011,процент,,,606.2457569585879
2012,процент,,,513.0864332305341
2013,процент,,,358.7351670210577
2014,процент,,,396.4849155826183
2015,процент,,,458.53631300512285
2016,процент,,,458.9423144813952
2017,процент,,,369.75451018255285
2010,процент,,,527.9779595777948
2011,процент,,,594.4228100801217
2012,процент,,,519.2794375302761
2013,процент,,,469.6680342473889
2014,процент,,,461.55479347730767
2015,процент,,,414.5440949665841
2016,процент,,,384.34346070443985
2017,процент,,,336.1694100347778
2010,процент,,,393.54167298152015
2011,процент,,,351.7179879339806
2012,процент,,,298.1995038196065
2013,процент,,,258.05889359064986
2014,процент,,,235.44019675732463
2015,процент,,,229.4250655162301
2016,процент,,,250.39256461401348
2017,процент,,,236.05381839342618
2010,процент,,,147.93396765625525
2011,процент,,,162.98242005158468
2012,процент,,,140.02368485733226
2013,процент,,,107.83456908460433
2014,процент,,,83.3401731202687
2015,процент,,,100.31919744642045
2016,процент,,,97.2677595628415
2017,процент,,,95.2079535259638
2010,процент,,,290.62632191891714
2011,процент,,,296.6093579422486
2012,процент,,,275.3398296194133
2013,процент,,,254.23334060648256
2014,процент,,,233.99499465154298
2015,процент,,,238.1157187653954
2016,процент,,,206.50796576763085
2017,процент,,,211.7791431454257
2010,процент,,,795.7515104153537
2011,процент,,,604.9990692322012
2012,процент,,,490.0328680582234
2013,процент,,,486.7841981030115
2014,процент,,,444.3860110439127
2015,процент,,,438.4410983170948
2016,процент,,,374.6724968926326
2017,процент,,,380.55216134690215
2010,процент,Северо-Казахстанская,,538.2227482859504
2011,процент,Северо-Казахстанская,,767.5792645967517
2012,процент,Северо-Казахстанская,,784.7785187017786
2013,процент,Северо-Казахстанская,,714.2564654542051
2014,процент,Северо-Казахстанская,,693.0828779327894
2015,процент,Северо-Казахстанская,,565.7191277683963
2016,процент,Северо-Казахстанская,,504.9431938906873
2017,процент,Северо-Казахстанская,,437.8647541245582
2010,процент,,,584.9425125344824
2011,процент,,,613.4719802604375
2012,процент,,,417.60018636136283
2013,процент,,,541.7905745749626
2014,процент,,,427.57752683284974
2015,процент,,,469.37230738757347
2016,процент,,,330.3390738284465
2017,процент,,,337.7863611413508
2010,процент,,,100.0
2011,процент,,,100.0
2012,процент,,,100.0
2013,процент,,,100.0
2014,процент,,,100.0
2015,процент,,,100.0
2016,процент,,,100.0
2017,процент,,,100.0
2010,процент,,,12.719729695051534
2011,процент,,,12.473127811883602
2012,процент,,,12.236375513251215
2013,процент,,,11.984343616418602
2014,процент,,,12.65429507095474
2015,процент,,,13.068499273661864
2016,процент,,,13.362430753735106
2017,процент,,,14.118775616987875
2010,процент,,,0.7527479577434669
2011,процент,,,0.9662906407216152
2012,процент,,,1.091825307950728
2013,процент,,,1.1742287686048312
2014,процент,,,1.4330898200240714
2015,процент,,,0.7654486534808358
2016,процент,,,0.7330311678137765
2017,процент,,,0.6627714310630505
2010,процент,,,24.960437962448143
2011,процент,,,25.89924868686421
2012,процент,,,27.30496453900709
2013,процент,,,27.14631508471957
2014,процент,,,26.240658325636073
2015,процент,,,25.863224941334227
2016,процент,,,27.066196631414023
2017,процент,,,27.01374960030232
2010,процент,,,40.96060904152945
2011,процент,,,39.717648101770784
2012,процент,,,37.69130272489736
2013,процент,,,35.70067466652932
2014,процент,,,34.87558429199205
2015,процент,,,36.00402279584311
2016,процент,,,36.03323820715125
2017,процент,,,36.513473445539375
2010,процент,,,8.601000812625639
2011,процент,,,8.421799162252611
2012,процент,,,8.216685330347142
2013,процент,,,9.14147396611217
2014,процент,,,8.990399417807259
2015,процент,,,8.799865906805229
2016,процент,,,8.345923563314868
2017,процент,,,7.8689572977529725
2010,процент,,,9.678799024849235
2011,процент,,,9.804747235211986
2012,процент,,,8.296005972377753
2013,процент,,,8.634186537570171
2014,процент,,,7.865199988803988
2015,процент,,,7.96457704771483
2016,процент,,,6.68121537686755
2017,процент,,,5.342867939885468
2010,процент,,,2.3266755057525343
2011,процент,,,2.717138361295184
2012,процент,,,5.1628406121687185
2013,процент,,,6.218777360045321
2014,процент,,,7.940773084781817
2015,процент,,,7.534361381159906
2016,процент,,,7.77796429970343
2017,процент,,,8.47940466846894
2010,процент,,,100.0
2011,процент,,,100.0
2012,процент,,,100.0
2013,процент,,,100.0
2014,процент,,,100.0
2015,процент,,,100.0
2016,процент,,,100.0
2017,процент,,,100.0
2010,процент,,,8.931847043883167
2011,процент,,,8.925464037122971
2012,процент,,,9.550471924492081
2013,процент,,,9.128213957759412
2014,процент,,,9.595075923264387
2015,процент,,,9.59697654967318
2016,процент,,,10.924870809593218
2017,процент,,,12.03391561957299
2010,процент,,,0.6702412868632708
2011,процент,,,0.9184068058778035
2012,процент,,,0.8425318615688157
2013,процент,,,1.3888888888888888
2014,процент,,,1.8152846341311004
2015,процент,,,0.7062978222483813
2016,процент,,,0.6558897575195441
2017,процент,,,0.4835359417032724
2010,процент,,,20.30478340623677
2011,процент,,,20.84058391337974
2012,процент,,,22.10046392577188
2013,процент,,,22.01274104683195
2014,процент,,,21.28038492782603
2015,процент,,,21.455345249527586
2016,процент,,,22.568570292831588
2017,процент,,,23.46851908604897
2010,процент,,,36.22360190019284
2011,процент,,,35.066221964423825
2012,процент,,,33.8052578254146
2013,процент,,,30.67033976124885
2014,процент,,,30.650503030681747
2015,процент,,,32.316223165329454
2016,процент,,,33.80151053398702
2017,процент,,,34.831613716075864
2010,процент,,,11.036639857015192
2011,процент,,,10.711523588553751
2012,процент,,,10.76094491548019
2013,процент,,,11.257460973370064
2014,процент,,,10.613634943448103
2015,процент,,,11.021963384033954
2016,процент,,,10.18285411421757
2017,процент,,,9.554942622671707
2010,процент,,,21.614693570387093
2011,процент,,,22.06109822119103
2012,процент,,,18.186423505572442
2013,процент,,,18.793044077134983
2014,процент,,,17.524839092670128
2015,процент,,,17.301198847619347
2016,процент,,,14.30038425864582
2017,процент,,,11.4958967548609
2010,процент,,,100.0
2011,процент,,,100.0
2012,процент,,,100.0
2013,процент,,,100.0
2014,процент,,,100.0
2015,процент,,,100.0
2016,процент,,,100.0
2017,процент,,,100.0
2010,процент,,,14.057755059697833
2011,процент,,,13.988598388047965
2012,процент,,,14.206093376312781
2013,процент,,,14.090751645306545
2014,процент,,,14.682391580204525
2015,процент,,,14.830087078856087
2016,процент,,,15.827547701121526
2017,процент,,,16.841182364729463
2010,процент,,,0.9148009129147254
2011,процент,,,1.2620404953803814
2012,процент,,,1.2498700218363314
2013,процент,,,1.15460108532502
2014,процент,,,1.2888457614888906
2015,процент,,,0.8562349916316978
2016,процент,,,0.8059426130018934
2017,процент,,,0.7139278557114228
2010,процент,,,27.585491446139912
2011,процент,,,28.488303518773346
2012,процент,,,29.339710928564
2013,процент,,,28.61794250086595
2014,процент,,,27.80224428354607
2015,процент,,,27.440754845125767
2016,процент,,,28.90226732048357
2017,процент,,,29.21342685370741
2010,процент,,,32.823433992870214
2011,процент,,,32.042461175545505
2012,процент,,,31.124051159405216
2013,процент,,,29.897240503406078
2014,процент,,,29.262770271951428
2015,процент,,,31.518179833604197
2016,процент,,,31.97553041705103
2017,процент,,,31.713426853707414
2010,процент,,,9.444140558688725
2011,процент,,,9.565559268724199
2012,процент,,,8.998648227097847
2013,процент,,,10.118923911788476
2014,процент,,,9.534472891940982
2015,процент,,,8.901933199117082
2016,процент,,,7.823954944894887
2017,процент,,,7.124248496993988
2010,процент,,,12.752513344776206
2011,процент,,,11.877334381757422
2012,процент,,,10.034314235208484
2013,процент,,,10.32675210714698
2014,процент,,,10.149038341917345
2015,процент,,,9.699953913697335
2016,процент,,,7.457396708258486
2017,процент,,,6.452905811623246
2010,процент,,,2.4218646849123866
2011,процент,,,2.775702771771181
2012,процент,,,5.047312051575335
2013,процент,,,5.7937882461609505
2014,процент,,,7.280236868950759
2015,процент,,,6.7528561379678385
2016,процент,,,7.20736029518862
2017,процент,,,7.940881763527053
2010,процент,,,100.0
2011,процент,,,100.0
2012,процент,,,100.0
2013,процент,,,100.0
2014,процент,,,100.0
2015,процент,,,100.0
2016,процент,,,100.0
2017,процент,,,100.0
2010,процент,,,6.322552182424794
2011,процент,,,6.18912622449266
2012,процент,,,6.1824376645501005
2013,процент,,,5.704974158080126
2014,процент,,,6.139713891511147
2015,процент,,,6.189944134078213
2016,процент,,,6.282341526520053
2017,процент,,,6.9942972156994285
2010,процент,,,0.4191137949099732
2011,процент,,,0.4883936340415977
2012,процент,,,0.5668266997057457
2013,процент,,,1.4484642986470029
2014,процент,,,2.0877205722169783
2015,процент,,,0.5549348230912476
2016,процент,,,0.517464424320828
2017,процент,,,0.3564240187856424
2010,процент,,,15.664378084760251
2011,процент,,,16.327504420804445
2012,процент,,,18.228279386712092
2013,процент,,,19.15923231392172
2014,процент,,,18.19766175295912
2015,процент,,,18.1415270018622
2016,процент,,,18.51956662354463
2017,процент,,,18.965951023146594
2010,процент,,,47.30195494526705
2011,процент,,,45.27465124764925
2012,процент,,,42.9580300449125
2013,процент,,,38.203245876814705
2014,процент,,,38.156270423353426
2015,процент,,,38.45810055865922
2016,процент,,,40.06710866752911
2017,процент,,,42.477356591747736
2010,процент,,,10.224170733724874
2011,процент,,,9.447890644735734
2012,процент,,,10.007743534148986
2013,процент,,,10.175461697995193
2014,процент,,,10.082782659211386
2015,процент,,,11.314711359404097
2016,процент,,,11.456985769728329
2017,процент,,,11.191714189869172
2010,процент,,,19.179970772327454
2011,процент,,,21.079518342829875
2012,процент,,,17.196840638067215
2013,процент,,,17.875366231030053
2014,процент,,,15.757751797255102
2015,процент,,,16.52513966480447
2016,процент,,,14.6870957309185
2017,процент,,,11.061724253606172
2010,процент,,,0.8878594865856012
2011,процент,,,1.192915485446431
2012,процент,,,4.85984203190336
2013,процент,,,7.433255423511209
2014,процент,,,9.578098903492847
2015,процент,,,8.815642458100559
2016,процент,,,8.469437257438551
2017,процент,,,8.952532707145252
2010,процент,,,100.0
2011,процент,,,100.0
2012,процент,,,100.0
2013,процент,,,100.0
2014,процент,,,100.0
2015,процент,,,100.0
2016,процент,,,100.0
2017,процент,,,100.0
2010,процент,,,63.54304777383346
2011,процент,,,62.14622902861196
2012,процент,,,62.23170959313177
2013,процент,,,60.7663387753
2014,процент,,,58.748285610322725
2015,процент,,,60.593362386858864
2016,процент,,,61.664148620670346
2017,процент,,,60.66974797244266
2010,процент,,,9.270347718232754
2011,процент,,,9.966534429644733
2012,процент,,,9.642123926838373
2013,процент,,,11.219549878972037
2014,процент,,,12.094494360007836
2015,процент,,,8.995418482512012
2016,процент,,,8.242403894577807
2017,процент,,,8.424173715880352
2010,процент,,,17.028784055429618
2011,процент,,,17.30236475255424
2012,процент,,,16.358715938783124
2013,процент,,,17.02889220785909
2014,процент,,,17.020740616340582
2015,процент,,,17.65560397809811
2016,процент,,,17.09753231492362
2017,процент,,,16.697189035202467
2010,процент,,,7.920961464436936
2011,процент,,,8.080494669887635
2012,процент,,,7.8037513997760355
2013,процент,,,7.1921512077045895
2014,процент,,,7.389369384499117
2015,процент,,,7.755056430886133
2016,процент,,,7.551340160035813
2017,процент,,,8.049184616726258
2010,процент,,,2.236858988067234
2011,процент,,,2.5043771193014344
2012,процент,,,3.963699141470698
2013,процент,,,3.793067930164289
2014,процент,,,4.747110028829737
2015,процент,,,5.000558721644877
2016,процент,,,5.444575009792402
2017,процент,,,6.159704659748262
2010,процент,,,100.0
2011,процент,,,100.0
2012,процент,,,100.0
2013,процент,,,100.0
2014,процент,,,100.0
2015,процент,,,100.0
2016,процент,,,100.0
2017,процент,,,100.0
2010,процент,,,31.428437044353515
2011,процент,,,30.585363495746325
2012,процент,,,32.53879379299312
2013,процент,,,30.69616620752985
2014,процент,,,29.072673873648693
2015,процент,,,29.085220408289707
2016,процент,,,30.074864184444145
2017,процент,,,29.65233084754997
2010,процент,,,6.958750764310241
2011,процент,,,7.04514694508894
2012,процент,,,7.329493947635044
2013,процент,,,7.908631772268137
2014,процент,,,8.357807911016685
2015,процент,,,6.7005359189616165
2016,процент,,,6.373393401351532
2017,процент,,,6.5379507610583305
2010,процент,,,53.44057193923146
2011,процент,,,54.02407192575406
2012,процент,,,50.06132352156988
2013,процент,,,51.492194674012865
2014,процент,,,51.86215084671624
2015,процент,,,52.94445649143457
2016,процент,,,51.83516629124155
2017,процент,,,51.11519733033677
2010,процент,,,7.28093692676732
2011,процент,,,7.163573085846868
2012,процент,,,7.04420626033168
2013,процент,,,6.763659320477502
2014,процент,,,6.867462350809224
2015,процент,,,6.777980855611659
2016,процент,,,6.906717901152777
2017,процент,,,7.198556202540268
2010,процент,,,0.8913033253374723
2011,процент,,,1.181844547563805
2012,процент,,,3.026182477470272
2013,процент,,,3.139348025711662
2014,процент,,,3.8399050178091607
2015,процент,,,4.4918063257024246
2016,процент,,,4.809858221809991
2017,процент,,,5.495964858514659
2010,процент,,,100.0
2011,процент,,,100.0
2012,процент,,,100.0
2013,процент,,,100.0
2014,процент,,,100.0
2015,процент,,,100.0
2016,процент,,,100.0
2017,процент,,,100.0
2010,процент,,,44.28202274742065
2011,процент,,,44.36013367407117
2012,процент,,,44.74784236248311
2013,процент,,,43.0920217065004
2014,процент,,,42.07409619068946
2015,процент,,,42.75838649428773
2016,процент,,,44.16419866970918
2017,процент,,,43.08366733466934
2010,процент,,,8.010638097214104
2011,процент,,,8.470611362296049
2012,процент,,,8.850993033170429
2013,процент,,,10.095831890081977
2014,процент,,,10.116692791918588
2015,процент,,,8.399835059548353
2016,процент,,,7.726853425256106
2017,процент,,,8.076152304609218
2010,процент,,,35.78286210083557
2011,процент,,,34.914487910359746
2012,процент,,,32.856400124779036
2013,процент,,,33.9545087172382
2014,процент,,,34.10216217561145
2015,процент,,,34.78788172799379
2016,процент,,,33.6286837889013
2017,процент,,,33.366733466933866
2010,процент,,,9.679913989852313
2011,процент,,,9.695301749557695
2012,процент,,,9.558074243527088
2013,процент,,,9.349959588962014
2014,процент,,,9.3354233534871
2015,процент,,,9.316709923108641
2016,процент,,,9.13968053600039
2017,процент,,,9.473947895791584
2010,процент,,,2.244563064677368
2011,процент,,,2.5594653037153527
2012,процент,,,3.986690236040345
2013,процент,,,3.5076780972174118
2014,процент,,,4.371625488293399
2015,процент,,,4.737186795061488
2016,процент,,,5.340583580133028
2017,процент,,,5.999498997995992
2010,процент,,,100.0
2011,процент,,,100.0
2012,процент,,,100.0
2013,процент,,,100.0
2014,процент,,,100.0
2015,процент,,,100.0
2016,процент,,,100.0
2017,процент,,,100.0
2010,процент,,,54.04637825019991
2011,процент,,,50.888371179161865
2012,процент,,,53.777295957875175
2013,процент,,,51.4665701023801
2014,процент,,,48.59487328443832
2015,процент,,,50.09683426443203
2016,процент,,,52.255821474773605
2017,процент,,,51.91211003019122
2010,процент,,,8.401577191386107
2011,процент,,,8.709686473741824
2012,процент,,,8.133808270094471
2013,процент,,,9.023274187707807
2014,процент,,,10.638297872340424
2015,процент,,,7.150837988826815
2016,процент,,,6.820019404915912
2017,процент,,,6.6839986581684006
2010,процент,,,32.304850139245055
2011,процент,,,34.80225671541247
2012,процент,,,30.94006504568685
2013,процент,,,32.43572439674754
2014,процент,,,32.58296420013071
2015,процент,,,33.776536312849174
2016,процент,,,31.96151358344113
2017,процент,,,31.176618584367663
2010,процент,,,4.599222433617338
2011,процент,,,4.709911022539086
2012,процент,,,4.308502400495587
2013,процент,,,3.6244527109326135
2014,процент,,,3.94306876770024
2015,процент,,,4.182495344506518
2016,процент,,,4.119501940491591
2017,процент,,,4.616739349211674
2010,процент,,,0.6479719855516034
2011,процент,,,0.8897746091447497
2012,процент,,,2.840328325847917
2013,процент,,,3.449978602231952
2014,процент,,,4.240795875390313
2015,процент,,,4.793296089385474
2016,процент,,,4.8431435963777485
2017,процент,,,5.610533378061054
2010,процент,,,100.0
2011,процент,,,100.0
2012,процент,,,100.0
2013,процент,,,100.0
2014,процент,,,100.0
2015,процент,,,100.0
2016,процент,,,100.0
2017,процент,,,100.0
2010,процент,,Казахстан,99.51028612976349
2011,процент,,Казахстан,99.56561246426277
2012,процент,,Казахстан,98.84285181037701
2013,процент,,Казахстан,99.30988309213578
2014,процент,,Казахстан,99.2386710331122
2015,процент,,Казахстан,99.09766454352442
2016,процент,,Казахстан,99.1
2017,процент,,Казахстан,99.1
2010,процент,,не Казахстан,0.48971387023651397
2011,процент,,не Казахстан,0.43438753573722977
2012,процент,,не Казахстан,1.1571481896229872
2013,процент,,не Казахстан,0.6901169078642511
2014,процент,,не Казахстан,0.7613289668877883
2015,процент,,не Казахстан,0.9023354564755834
2016,процент,,не Казахстан,0.9000000000000057
2017,процент,,не Казахстан,0.9000000000000057
2010,процент,,,100.0
2011,процент,,,100.0
2012,процент,,,100.0
2013,процент,,,100.0
2014,процент,,,100.0
2015,процент,,,100.0
2016,процент,,,100.0
2017,процент,,,100.0
2010,процент,,Казахстан,99.6472414279667
2011,процент,,Казахстан,99.73897911832948
2012,процент,,Казахстан,98.9868287740628
2013,процент,,Казахстан,99.49207988980714
2014,процент,,Казахстан,99.46260076235707
2015,процент,,Казахстан,99.37734270933365
2016,процент,,Казахстан,99.2
2017,процент,,Казахстан,99.2
2010,процент,,не Казахстан,0.3527585720332951
2011,процент,,не Казахстан,0.2610208816705324
2012,процент,,не Казахстан,1.0131712259371852
2013,процент,,не Казахстан,0.5079201101928419
2014,процент,,не Казахстан,0.5373992376429442
2015,процент,,не Казахстан,0.6226572906663392
2016,процент,,не Казахстан,0.7999999999999972
2017,процент,,не Казахстан,0.7999999999999972
2010,процент,,,100.0
2011,процент,,,100.0
2012,процент,,,100.0
2013,процент,,,100.0
2014,процент,,,100.0
2015,процент,,,100.0
2016,процент,,,100.0
2017,процент,,,100.0
2010,процент,,Казахстан,99.3964200162212
2011,процент,,Казахстан,99.5301749557696
2012,процент,,Казахстан,98.75428927940105
2013,процент,,Казахстан,99.32802216834084
2014,процент,,Казахстан,99.26600482695129
2015,процент,,Казахстан,99.11223227496544
2016,процент,,Казахстан,99.0
2017,процент,,Казахстан,99.0
2010,процент,,не Казахстан,0.6035799837787863
2011,процент,,не Казахстан,0.4698250442303902
2012,процент,,не Казахстан,1.2457107205989362
2013,процент,,не Казахстан,0.6719778316591629
2014,процент,,не Казахстан,0.7339951730486973
2015,процент,,не Казахстан,0.8877677250345641
2016,процент,,не Казахстан,1.0
2017,процент,,не Казахстан,1.0
2010,процент,,,100.0
2011,процент,,,100.0
2012,процент,,,100.0
2013,процент,,,100.0
2014,процент,,,100.0
2015,процент,,,100.0
2016,процент,,,100.0
2017,процент,,,100.0
2010,процент,,Казахстан,99.83731767171257
2011,процент,,Казахстан,99.81755410222584
2012,процент,,Казахстан,99.1420164162924
2013,процент,,Казахстан,99.49303749547354
2014,процент,,Казахстан,99.4590080604168
2015,процент,,Казахстан,99.41154562383612
2016,процент,,Казахстан,99.4
2017,процент,,Казахстан,99.3
2010,процент,,не Казахстан,0.16268232828741702
2011,процент,,не Казахстан,0.18244589777415854
2012,процент,,не Казахстан,0.8579835837075933
2013,процент,,не Казахстан,0.5069625045264559
2014,процент,,не Казахстан,0.5409919395831793
2015,процент,,не Казахстан,0.5884543761638668
2016,процент,,не Казахстан,0.5999999999999943
2017,процент,,не Казахстан,0.7000000000000028
