Year,UNIT_MEASURE,SERIES,URBANISATION,REF_AREA,Value
2015,PT,SE_ACS_INTNT,,,27.7
2015,PT,SE_ACS_INTNT,,KZAKM,25.9
2015,PT,SE_ACS_INTNT,,KZAKT,11.4
2015,PT,SE_ACS_INTNT,,KZALM,18.2
2015,PT,SE_ACS_INTNT,,KZATY,21.0
2015,PT,SE_ACS_INTNT,,KZZAP,17.5
2015,PT,SE_ACS_INTNT,,KZZHA,33.1
2015,PT,SE_ACS_INTNT,,KZKAR,43.5
2015,PT,SE_ACS_INTNT,,KZKUS,14.0
2015,PT,SE_ACS_INTNT,,KZKZY,21.4
2015,PT,SE_ACS_INTNT,,KZMAN,33.9
2015,PT,SE_ACS_INTNT,,KZONT,15.8  
2015,PT,SE_ACS_INTNT,,KZPAV,39.0
2015,PT,SE_ACS_INTNT,,KZSEV,45.5
2015,PT,SE_ACS_INTNT,,KZVOS,29.8
2015,PT,SE_ACS_INTNT,,KZNS,25.0
2015,PT,SE_ACS_INTNT,,KZALA,100.0
2015,PT,SE_ACS_H2O,,,100.0
2016,PT,SE_ACS_INTNT,,,34.6
2016,PT,SE_ACS_INTNT,,KZAKM,42.4
2016,PT,SE_ACS_INTNT,,KZAKT,27.0
2016,PT,SE_ACS_INTNT,,KZALM,22.7
2016,PT,SE_ACS_INTNT,,KZATY,64.1
2016,PT,SE_ACS_INTNT,,KZZAP,24.2
2016,PT,SE_ACS_INTNT,,KZZHA,38.0
2016,PT,SE_ACS_INTNT,,KZKAR,46.2
2016,PT,SE_ACS_INTNT,,KZKUS,26.1
2016,PT,SE_ACS_INTNT,,KZKZY,30.1
2016,PT,SE_ACS_INTNT,,KZMAN,42.1
2016,PT,SE_ACS_INTNT,,KZONT,22.8
2016,PT,SE_ACS_INTNT,,KZPAV,46.9
2016,PT,SE_ACS_INTNT,,KZSEV,23.2
2016,PT,SE_ACS_INTNT,,KZVOS,34.7
2016,PT,SE_ACS_INTNT,,KZNS,75.3
2016,PT,SE_ACS_INTNT,,KZALA,98.0
2016,PT,SE_ACS_H2O,,,100.0
2016,PT,SE_ACS_SANIT,,,100.0
2016,PT,SE_ACS_SANIT,,KZAKM,100.0
2016,PT,SE_ACS_SANIT,,KZAKT,100.0
2016,PT,SE_ACS_SANIT,,KZALM,100.0
2016,PT,SE_ACS_SANIT,,KZATY,100.0
2016,PT,SE_ACS_SANIT,,KZZAP,100.0
2016,PT,SE_ACS_SANIT,,KZZHA,100.0
2016,PT,SE_ACS_SANIT,,KZKAR,100.0
2016,PT,SE_ACS_SANIT,,KZKUS,100.0
2016,PT,SE_ACS_SANIT,,KZKZY,100.0
2016,PT,SE_ACS_SANIT,,KZMAN,100.0
2016,PT,SE_ACS_SANIT,,KZONT,100.0
2016,PT,SE_ACS_SANIT,,KZPAV,100.0
2016,PT,SE_ACS_SANIT,,KZSEV,100.0
2016,PT,SE_ACS_SANIT,,KZYUZ,100.0
2016,PT,SE_ACS_SANIT,,KZVOS,100.0
2016,PT,SE_ACS_SANIT,,KZNS,100.0
2016,PT,SE_ACS_SANIT,,KZALA,100.0
2016,PT,SE_ACS_SANIT,,KZSHY,100.0
2017,PT,SE_ACS_INTNT,,,62.6
2017,PT,SE_ACS_INTNT,,KZAKM,94.8
2017,PT,SE_ACS_INTNT,,KZAKT,31.3
2017,PT,SE_ACS_INTNT,,KZALM,82.3
2017,PT,SE_ACS_INTNT,,KZATY,63.8
2017,PT,SE_ACS_INTNT,,KZZAP,72.3
2017,PT,SE_ACS_INTNT,,KZZHA,72.0
2017,PT,SE_ACS_INTNT,,KZKAR,71.8
2017,PT,SE_ACS_INTNT,,KZKUS,37.6
2017,PT,SE_ACS_INTNT,,KZKZY,37.8
2017,PT,SE_ACS_INTNT,,KZMAN,92.5
2017,PT,SE_ACS_INTNT,,KZONT,39.7
2017,PT,SE_ACS_INTNT,,KZPAV,91.9
2017,PT,SE_ACS_INTNT,,KZSEV,63.3
2017,PT,SE_ACS_INTNT,,KZVOS,41.5
2017,PT,SE_ACS_INTNT,,KZNS,84.3
2017,PT,SE_ACS_INTNT,,KZALA,93.5
2017,PT,SE_ACS_H2O,,,100.0
2017,PT,SE_ACS_SANIT,,,100.0
2017,PT,SE_ACS_SANIT,,KZAKM,100.0
2017,PT,SE_ACS_SANIT,,KZAKT,100.0
2017,PT,SE_ACS_SANIT,,KZALM,100.0
2017,PT,SE_ACS_SANIT,,KZATY,100.0
2017,PT,SE_ACS_SANIT,,KZZAP,100.0
2017,PT,SE_ACS_SANIT,,KZZHA,100.0
2017,PT,SE_ACS_SANIT,,KZKAR,100.0
2017,PT,SE_ACS_SANIT,,KZKUS,100.0
2017,PT,SE_ACS_SANIT,,KZKZY,100.0
2017,PT,SE_ACS_SANIT,,KZMAN,100.0
2017,PT,SE_ACS_SANIT,,KZONT,100.0
2017,PT,SE_ACS_SANIT,,KZPAV,100.0
2017,PT,SE_ACS_SANIT,,KZSEV,100.0
2017,PT,SE_ACS_SANIT,,KZYUZ,100.0
2017,PT,SE_ACS_SANIT,,KZVOS,100.0
2017,PT,SE_ACS_SANIT,,KZNS,100.0
2017,PT,SE_ACS_SANIT,,KZALA,100.0
2017,PT,SE_ACS_SANIT,,KZSHY,100.0
2018,PT,SE_ACS_INTNT,,,89.5
2018,PT,SE_ACS_INTNT,,KZAKM,97.8
2018,PT,SE_ACS_INTNT,,KZAKT,93.3
2018,PT,SE_ACS_INTNT,,KZALM,95.9
2018,PT,SE_ACS_INTNT,,KZATY,84.2
2018,PT,SE_ACS_INTNT,,KZZAP,86.5
2018,PT,SE_ACS_INTNT,,KZZHA,93.1
2018,PT,SE_ACS_INTNT,,KZKAR,94.1
2018,PT,SE_ACS_INTNT,,KZKUS,80.5
2018,PT,SE_ACS_INTNT,,KZKZY,98.1
2018,PT,SE_ACS_INTNT,,KZMAN,98.1
2018,PT,SE_ACS_INTNT,,KZPAV,98.4
2018,PT,SE_ACS_INTNT,,KZSEV,85.9
2018,PT,SE_ACS_INTNT,,KZYUZ,66.8
2018,PT,SE_ACS_INTNT,,KZVOS,95.1
2018,PT,SE_ACS_INTNT,,KZNS,91.1
2018,PT,SE_ACS_INTNT,,KZALA,96.5
2018,PT,SE_ACS_INTNT,,KZSHY,94.2
2018,PT,SE_ACS_H2O,,,100.0
2018,PT,SE_ACS_SANIT,,,100.0
2018,PT,SE_ACS_SANIT,,KZAKM,100.0
2018,PT,SE_ACS_SANIT,,KZAKT,100.0
2018,PT,SE_ACS_SANIT,,KZALM,100.0
2018,PT,SE_ACS_SANIT,,KZATY,100.0
2018,PT,SE_ACS_SANIT,,KZZAP,100.0
2018,PT,SE_ACS_SANIT,,KZZHA,100.0
2018,PT,SE_ACS_SANIT,,KZKAR,100.0
2018,PT,SE_ACS_SANIT,,KZKUS,100.0
2018,PT,SE_ACS_SANIT,,KZKZY,100.0
2018,PT,SE_ACS_SANIT,,KZMAN,100.0
2018,PT,SE_ACS_SANIT,,KZONT,100.0
2018,PT,SE_ACS_SANIT,,KZPAV,100.0
2018,PT,SE_ACS_SANIT,,KZSEV,100.0
2018,PT,SE_ACS_SANIT,,KZYUZ,100.0
2018,PT,SE_ACS_SANIT,,KZVOS,100.0
2018,PT,SE_ACS_SANIT,,KZNS,100.0
2018,PT,SE_ACS_SANIT,,KZALA,100.0
2018,PT,SE_ACS_SANIT,,KZSHY,100.0
2019,PT,SE_ACS_INTNT,,,94.1
2019,PT,SE_ACS_INTNT,,KZAKM,100.0
2019,PT,SE_ACS_INTNT,,KZAKT,97.1
2019,PT,SE_ACS_INTNT,,KZALM,91.8
2019,PT,SE_ACS_INTNT,,KZATY,93.7
2019,PT,SE_ACS_INTNT,,KZZAP,86.9
2019,PT,SE_ACS_INTNT,,KZZHA,99.8
2019,PT,SE_ACS_INTNT,,KZKAR,97.4
2019,PT,SE_ACS_INTNT,,KZKUS,91.5
2019,PT,SE_ACS_INTNT,,KZKZY,98.1
2019,PT,SE_ACS_INTNT,,KZMAN,100.0
2019,PT,SE_ACS_INTNT,,KZPAV,99.5
2019,PT,SE_ACS_INTNT,,KZSEV,90.7
2019,PT,SE_ACS_INTNT,,KZYUZ,83.0
2019,PT,SE_ACS_INTNT,,KZVOS,99.1
2019,PT,SE_ACS_INTNT,,KZNS,94.9
2019,PT,SE_ACS_INTNT,,KZALA,98.6
2019,PT,SE_ACS_INTNT,,KZSHY,91.9
2019,PT,SE_ACS_INTNT,U,,96.7
2019,PT,SE_ACS_INTNT,U,KZAKM,100.0
2019,PT,SE_ACS_INTNT,U,KZAKT,97.8
2019,PT,SE_ACS_INTNT,U,KZALM,96.4
2019,PT,SE_ACS_INTNT,U,KZATY,96.1
2019,PT,SE_ACS_INTNT,U,KZZAP,93.2
2019,PT,SE_ACS_INTNT,U,KZZHA,99.1
2019,PT,SE_ACS_INTNT,U,KZKAR,97.9
2019,PT,SE_ACS_INTNT,U,KZKUS,98.0
2019,PT,SE_ACS_INTNT,U,KZKZY,93.7
2019,PT,SE_ACS_INTNT,U,KZMAN,100.0
2019,PT,SE_ACS_INTNT,U,KZPAV,97.9
2019,PT,SE_ACS_INTNT,U,KZSEV,98.4
2019,PT,SE_ACS_INTNT,U,KZYUZ,90.2
2019,PT,SE_ACS_INTNT,U,KZVOS,98.3
2019,PT,SE_ACS_INTNT,U,KZNS,94.9
2019,PT,SE_ACS_INTNT,U,KZALA,98.6
2019,PT,SE_ACS_INTNT,U,KZSHY,91.9
2019,PT,SE_ACS_INTNT,R,,93.0
2019,PT,SE_ACS_INTNT,R,KZAKM,100.0
2019,PT,SE_ACS_INTNT,R,KZAKT,96.8
2019,PT,SE_ACS_INTNT,R,KZALM,91.0
2019,PT,SE_ACS_INTNT,R,KZATY,92.4
2019,PT,SE_ACS_INTNT,R,KZZAP,85.4
2019,PT,SE_ACS_INTNT,R,KZZHA,100.0
2019,PT,SE_ACS_INTNT,R,KZKAR,97.0
2019,PT,SE_ACS_INTNT,R,KZKUS,89.9
2019,PT,SE_ACS_INTNT,R,KZKZY,99.6
2019,PT,SE_ACS_INTNT,R,KZMAN,100.0
2019,PT,SE_ACS_INTNT,R,KZPAV,100.0
2019,PT,SE_ACS_INTNT,R,KZSEV,89.6
2019,PT,SE_ACS_INTNT,R,KZYUZ,81.9
2019,PT,SE_ACS_INTNT,R,KZVOS,99.4
2019,PT,SE_ACS_H2O,,,100.0
2019,PT,SE_ACS_SANIT,,,0.0
2019,PT,SE_ACS_SANIT,,KZAKM,100.0
2019,PT,SE_ACS_SANIT,,KZAKT,100.0
2019,PT,SE_ACS_SANIT,,KZALM,100.0
2019,PT,SE_ACS_SANIT,,KZATY,100.0
2019,PT,SE_ACS_SANIT,,KZZAP,100.0
2019,PT,SE_ACS_SANIT,,KZZHA,100.0
2019,PT,SE_ACS_SANIT,,KZKAR,100.0
2019,PT,SE_ACS_SANIT,,KZKUS,100.0
2019,PT,SE_ACS_SANIT,,KZKZY,100.0
2019,PT,SE_ACS_SANIT,,KZMAN,100.0
2019,PT,SE_ACS_SANIT,,KZONT,100.0
2019,PT,SE_ACS_SANIT,,KZPAV,100.0
2019,PT,SE_ACS_SANIT,,KZSEV,100.0
2019,PT,SE_ACS_SANIT,,KZYUZ,100.0
2019,PT,SE_ACS_SANIT,,KZVOS,100.0
2019,PT,SE_ACS_SANIT,,KZNS,100.0
2019,PT,SE_ACS_SANIT,,KZALA,100.0
2019,PT,SE_ACS_SANIT,,KZSHY,100.0
2019,PT,_L_KZ_040a01_1A,,,41.6
2019,PT,_L_KZ_040a01_1A,,KZAKM,75.1
2019,PT,_L_KZ_040a01_1A,,KZAKT,39.7
2019,PT,_L_KZ_040a01_1A,,KZALM,37.7
2019,PT,_L_KZ_040a01_1A,,KZATY,46.9
2019,PT,_L_KZ_040a01_1A,,KZZAP,30.8
2019,PT,_L_KZ_040a01_1A,,KZZHA,28.4
2019,PT,_L_KZ_040a01_1A,,KZKAR,19.4
2019,PT,_L_KZ_040a01_1A,,KZKUS,66.1
2019,PT,_L_KZ_040a01_1A,,KZKZY,44.9
2019,PT,_L_KZ_040a01_1A,,KZMAN,28.4
2019,PT,_L_KZ_040a01_1A,,KZPAV,72.0
2019,PT,_L_KZ_040a01_1A,,KZSEV,63.0
2019,PT,_L_KZ_040a01_1A,,KZYUZ,34.9
2019,PT,_L_KZ_040a01_1A,,KZVOS,32.4
2019,PT,_L_KZ_040a01_1A,,KZNS,0.8
2019,PT,_L_KZ_040a01_1A,,KZALA,3.1
2019,PT,_L_KZ_040a01_1A,,KZSHY,46.2
2019,PT,_L_KZ_040a01_1B,,,31.3
2019,PT,_L_KZ_040a01_1B,,KZAKM,0.0
2019,PT,_L_KZ_040a01_1B,,KZAKT,33.0
2019,PT,_L_KZ_040a01_1B,,KZALM,52.6
2019,PT,_L_KZ_040a01_1B,,KZATY,18.4
2019,PT,_L_KZ_040a01_1B,,KZZAP,51.0
2019,PT,_L_KZ_040a01_1B,,KZZHA,58.1
2019,PT,_L_KZ_040a01_1B,,KZKAR,22.9
2019,PT,_L_KZ_040a01_1B,,KZKUS,9.3
2019,PT,_L_KZ_040a01_1B,,KZKZY,40.8
2019,PT,_L_KZ_040a01_1B,,KZMAN,25.2
2019,PT,_L_KZ_040a01_1B,,KZPAV,0.5
2019,PT,_L_KZ_040a01_1B,,KZSEV,13.6
2019,PT,_L_KZ_040a01_1B,,KZYUZ,59.1
2019,PT,_L_KZ_040a01_1B,,KZVOS,40.5
2019,PT,_L_KZ_040a01_1B,,KZNS,0.0
2019,PT,_L_KZ_040a01_1B,,KZALA,1.0
2019,PT,_L_KZ_040a01_1B,,KZSHY,18.5
2019,PT,_L_KZ_040a01_1C,,,27.1
2019,PT,_L_KZ_040a01_1C,,KZAKM,24.9
2019,PT,_L_KZ_040a01_1C,,KZAKT,27.3
2019,PT,_L_KZ_040a01_1C,,KZALM,9.7
2019,PT,_L_KZ_040a01_1C,,KZATY,34.8
2019,PT,_L_KZ_040a01_1C,,KZZAP,18.2
2019,PT,_L_KZ_040a01_1C,,KZZHA,13.4
2019,PT,_L_KZ_040a01_1C,,KZKAR,57.7
2019,PT,_L_KZ_040a01_1C,,KZKUS,24.6
2019,PT,_L_KZ_040a01_1C,,KZKZY,14.3
2019,PT,_L_KZ_040a01_1C,,KZMAN,46.5
2019,PT,_L_KZ_040a01_1C,,KZPAV,27.4
2019,PT,_L_KZ_040a01_1C,,KZSEV,23.5
2019,PT,_L_KZ_040a01_1C,,KZYUZ,6.0
2019,PT,_L_KZ_040a01_1C,,KZVOS,27.1
2019,PT,_L_KZ_040a01_1C,,KZNS,99.2
2019,PT,_L_KZ_040a01_1C,,KZALA,95.9
2019,PT,_L_KZ_040a01_1C,,KZSHY,35.3
2020,PT,SE_ACS_INTNT,,,96.0
2020,PT,SE_ACS_INTNT,,KZAKM,99.0
2020,PT,SE_ACS_INTNT,,KZAKT,98.0
2020,PT,SE_ACS_INTNT,,KZALM,94.0
2020,PT,SE_ACS_INTNT,,KZATY,97.0
2020,PT,SE_ACS_INTNT,,KZZAP,96.0
2020,PT,SE_ACS_INTNT,,KZZHA,100.0
2020,PT,SE_ACS_INTNT,,KZKAR,97.0
2020,PT,SE_ACS_INTNT,,KZKUS,99.0
2020,PT,SE_ACS_INTNT,,KZKZY,99.0
2020,PT,SE_ACS_INTNT,,KZMAN,99.0
2020,PT,SE_ACS_INTNT,,KZPAV,99.0
2020,PT,SE_ACS_INTNT,,KZSEV,96.0
2020,PT,SE_ACS_INTNT,,KZYUZ,84.0
2020,PT,SE_ACS_INTNT,,KZVOS,99.0
2020,PT,SE_ACS_INTNT,,KZNS,95.0
2020,PT,SE_ACS_INTNT,,KZALA,98.0
2020,PT,SE_ACS_INTNT,,KZSHY,97.0
2020,PT,SE_ACS_INTNT,U,,97.0
2020,PT,SE_ACS_INTNT,U,KZAKM,97.0
2020,PT,SE_ACS_INTNT,U,KZAKT,99.0
2020,PT,SE_ACS_INTNT,U,KZALM,97.0
2020,PT,SE_ACS_INTNT,U,KZATY,96.0
2020,PT,SE_ACS_INTNT,U,KZZAP,99.0
2020,PT,SE_ACS_INTNT,U,KZZHA,99.0
2020,PT,SE_ACS_INTNT,U,KZKAR,98.0
2020,PT,SE_ACS_INTNT,U,KZKUS,98.0
2020,PT,SE_ACS_INTNT,U,KZKZY,96.0
2020,PT,SE_ACS_INTNT,U,KZMAN,100.0
2020,PT,SE_ACS_INTNT,U,KZPAV,98.0
2020,PT,SE_ACS_INTNT,U,KZSEV,98.0
2020,PT,SE_ACS_INTNT,U,KZYUZ,88.0
2020,PT,SE_ACS_INTNT,U,KZVOS,98.0
2020,PT,SE_ACS_INTNT,U,KZNS,95.0
2020,PT,SE_ACS_INTNT,U,KZALA,98.0
2020,PT,SE_ACS_INTNT,U,KZSHY,97.0
2020,PT,SE_ACS_INTNT,R,,95.0
2020,PT,SE_ACS_INTNT,R,KZAKM,99.0
2020,PT,SE_ACS_INTNT,R,KZAKT,97.0
2020,PT,SE_ACS_INTNT,R,KZALM,93.0
2020,PT,SE_ACS_INTNT,R,KZATY,98.0
2020,PT,SE_ACS_INTNT,R,KZZAP,96.0
2020,PT,SE_ACS_INTNT,R,KZZHA,100.0
2020,PT,SE_ACS_INTNT,R,KZKAR,96.0
2020,PT,SE_ACS_INTNT,R,KZKUS,100.0
2020,PT,SE_ACS_INTNT,R,KZKZY,100.0
2020,PT,SE_ACS_INTNT,R,KZMAN,99.0
2020,PT,SE_ACS_INTNT,R,KZPAV,100.0
2020,PT,SE_ACS_INTNT,R,KZSEV,95.0
2020,PT,SE_ACS_INTNT,R,KZYUZ,83.0
2020,PT,SE_ACS_INTNT,R,KZVOS,99.0
2020,PT,SE_ACS_H2O,,,100.0
2020,PT,SE_ACS_SANIT,,,100.0
2020,PT,SE_ACS_SANIT,,KZAKM,100.0
2020,PT,SE_ACS_SANIT,,KZAKT,100.0
2020,PT,SE_ACS_SANIT,,KZALM,100.0
2020,PT,SE_ACS_SANIT,,KZATY,100.0
2020,PT,SE_ACS_SANIT,,KZZAP,100.0
2020,PT,SE_ACS_SANIT,,KZZHA,100.0
2020,PT,SE_ACS_SANIT,,KZKAR,100.0
2020,PT,SE_ACS_SANIT,,KZKUS,100.0
2020,PT,SE_ACS_SANIT,,KZKZY,100.0
2020,PT,SE_ACS_SANIT,,KZMAN,100.0
2020,PT,SE_ACS_SANIT,,KZONT,0.0
2020,PT,SE_ACS_SANIT,,KZPAV,100.0
2020,PT,SE_ACS_SANIT,,KZSEV,100.0
2020,PT,SE_ACS_SANIT,,KZYUZ,100.0
2020,PT,SE_ACS_SANIT,,KZVOS,100.0
2020,PT,SE_ACS_SANIT,,KZNS,100.0
2020,PT,SE_ACS_SANIT,,KZALA,100.0
2020,PT,SE_ACS_SANIT,,KZSHY,100.0
2020,PT,_L_KZ_040a01_1A,,,47.2
2020,PT,_L_KZ_040a01_1A,,KZAKM,68.5
2020,PT,_L_KZ_040a01_1A,,KZAKT,61.4
2020,PT,_L_KZ_040a01_1A,,KZALM,69.6
2020,PT,_L_KZ_040a01_1A,,KZATY,51.4
2020,PT,_L_KZ_040a01_1A,,KZZAP,78.6
2020,PT,_L_KZ_040a01_1A,,KZZHA,2.6
2020,PT,_L_KZ_040a01_1A,,KZKAR,12.0
2020,PT,_L_KZ_040a01_1A,,KZKUS,57.4
2020,PT,_L_KZ_040a01_1A,,KZKZY,81.5
2020,PT,_L_KZ_040a01_1A,,KZMAN,44.8
2020,PT,_L_KZ_040a01_1A,,KZPAV,10.9
2020,PT,_L_KZ_040a01_1A,,KZSEV,70.8
2020,PT,_L_KZ_040a01_1A,,KZYUZ,51.1
2020,PT,_L_KZ_040a01_1A,,KZVOS,45.9
2020,PT,_L_KZ_040a01_1A,,KZNS,1.5
2020,PT,_L_KZ_040a01_1A,,KZALA,2.3
2020,PT,_L_KZ_040a01_1A,,KZSHY,15.2
2020,PT,_L_KZ_040a01_1B,,,7.1
2020,PT,_L_KZ_040a01_1B,,KZAKM,0.2
2020,PT,_L_KZ_040a01_1B,,KZAKT,0.0
2020,PT,_L_KZ_040a01_1B,,KZALM,14.5
2020,PT,_L_KZ_040a01_1B,,KZATY,1.0
2020,PT,_L_KZ_040a01_1B,,KZZAP,0.0
2020,PT,_L_KZ_040a01_1B,,KZZHA,1.1
2020,PT,_L_KZ_040a01_1B,,KZKAR,0.0
2020,PT,_L_KZ_040a01_1B,,KZKUS,2.6
2020,PT,_L_KZ_040a01_1B,,KZKZY,1.6
2020,PT,_L_KZ_040a01_1B,,KZMAN,3.7
2020,PT,_L_KZ_040a01_1B,,KZPAV,0.0
2020,PT,_L_KZ_040a01_1B,,KZSEV,0.6
2020,PT,_L_KZ_040a01_1B,,KZYUZ,40.3
2020,PT,_L_KZ_040a01_1B,,KZVOS,0.0
2020,PT,_L_KZ_040a01_1B,,KZNS,0.0
2020,PT,_L_KZ_040a01_1B,,KZALA,0.0
2020,PT,_L_KZ_040a01_1B,,KZSHY,0.5
2020,PT,_L_KZ_040a01_1C,,,45.6
2020,PT,_L_KZ_040a01_1C,,KZAKM,31.3
2020,PT,_L_KZ_040a01_1C,,KZAKT,38.6
2020,PT,_L_KZ_040a01_1C,,KZALM,15.9
2020,PT,_L_KZ_040a01_1C,,KZATY,47.1
2020,PT,_L_KZ_040a01_1C,,KZZAP,21.4
2020,PT,_L_KZ_040a01_1C,,KZZHA,96.4
2020,PT,_L_KZ_040a01_1C,,KZKAR,88.0
2020,PT,_L_KZ_040a01_1C,,KZKUS,40.0
2020,PT,_L_KZ_040a01_1C,,KZKZY,16.9
2020,PT,_L_KZ_040a01_1C,,KZMAN,51.5
2020,PT,_L_KZ_040a01_1C,,KZPAV,89.1
2020,PT,_L_KZ_040a01_1C,,KZSEV,28.5
2020,PT,_L_KZ_040a01_1C,,KZYUZ,8.6
2020,PT,_L_KZ_040a01_1C,,KZVOS,54.1
2020,PT,_L_KZ_040a01_1C,,KZNS,97.7
2020,PT,_L_KZ_040a01_1C,,KZALA,97.0
2020,PT,_L_KZ_040a01_1C,,KZSHY,84.2
2021,PT,SE_ACS_INTNT,,,96.7
2021,PT,SE_ACS_INTNT,,KZAKM,99.1
2021,PT,SE_ACS_INTNT,,KZAKT,99.8
2021,PT,SE_ACS_INTNT,,KZALM,96.0
2021,PT,SE_ACS_INTNT,,KZATY,96.7
2021,PT,SE_ACS_INTNT,,KZZAP,99.7
2021,PT,SE_ACS_INTNT,,KZZHA,99.6
2021,PT,SE_ACS_INTNT,,KZKAR,97.7
2021,PT,SE_ACS_INTNT,,KZKUS,99.8
2021,PT,SE_ACS_INTNT,,KZKZY,98.8
2021,PT,SE_ACS_INTNT,,KZMAN,98.3
2021,PT,SE_ACS_INTNT,,KZPAV,99.5
2021,PT,SE_ACS_INTNT,,KZSEV,96.2
2021,PT,SE_ACS_INTNT,,KZYUZ,85.8
2021,PT,SE_ACS_INTNT,,KZVOS,99.1
2021,PT,SE_ACS_INTNT,,KZNS,92.5
2021,PT,SE_ACS_INTNT,,KZALA,98.7
2021,PT,SE_ACS_INTNT,,KZSHY,97.1
2021,PT,SE_ACS_INTNT,U,,97.1
2021,PT,SE_ACS_INTNT,U,KZAKM,98.1
2021,PT,SE_ACS_INTNT,U,KZAKT,99.3
2021,PT,SE_ACS_INTNT,U,KZALM,98.2
2021,PT,SE_ACS_INTNT,U,KZATY,96.4
2021,PT,SE_ACS_INTNT,U,KZZAP,98.7
2021,PT,SE_ACS_INTNT,U,KZZHA,99.1
2021,PT,SE_ACS_INTNT,U,KZKAR,98.3
2021,PT,SE_ACS_INTNT,U,KZKUS,99.1
2021,PT,SE_ACS_INTNT,U,KZKZY,96.3
2021,PT,SE_ACS_INTNT,U,KZMAN,98.5
2021,PT,SE_ACS_INTNT,U,KZPAV,98.0
2021,PT,SE_ACS_INTNT,U,KZSEV,98.4
2021,PT,SE_ACS_INTNT,U,KZYUZ,85.7
2021,PT,SE_ACS_INTNT,U,KZVOS,98.4
2021,PT,SE_ACS_INTNT,U,KZNS,92.5
2021,PT,SE_ACS_INTNT,U,KZALA,98.7
2021,PT,SE_ACS_INTNT,U,KZSHY,97.1
2021,PT,SE_ACS_INTNT,R,,96.5
2021,PT,SE_ACS_INTNT,R,KZAKM,99.4
2021,PT,SE_ACS_INTNT,R,KZAKT,100.0
2021,PT,SE_ACS_INTNT,R,KZALM,95.6
2021,PT,SE_ACS_INTNT,R,KZATY,96.9
2021,PT,SE_ACS_INTNT,R,KZZAP,100.0
2021,PT,SE_ACS_INTNT,R,KZZHA,99.7
2021,PT,SE_ACS_INTNT,R,KZKAR,97.3
2021,PT,SE_ACS_INTNT,R,KZKUS,100.0
2021,PT,SE_ACS_INTNT,R,KZKZY,99.6
2021,PT,SE_ACS_INTNT,R,KZMAN,98.1
2021,PT,SE_ACS_INTNT,R,KZPAV,100.0
2021,PT,SE_ACS_INTNT,R,KZSEV,95.9
2021,PT,SE_ACS_INTNT,R,KZYUZ,85.8
2021,PT,SE_ACS_INTNT,R,KZVOS,99.4
2021,PT,SE_ACS_H2O,,,100.0
2021,PT,SE_ACS_SANIT,,,100.0
2021,PT,SE_ACS_SANIT,,KZAKM,100.0
2021,PT,SE_ACS_SANIT,,KZAKT,100.0
2021,PT,SE_ACS_SANIT,,KZALM,100.0
2021,PT,SE_ACS_SANIT,,KZATY,100.0
2021,PT,SE_ACS_SANIT,,KZZAP,100.0
2021,PT,SE_ACS_SANIT,,KZZHA,100.0
2021,PT,SE_ACS_SANIT,,KZKAR,100.0
2021,PT,SE_ACS_SANIT,,KZKUS,100.0
2021,PT,SE_ACS_SANIT,,KZKZY,100.0
2021,PT,SE_ACS_SANIT,,KZMAN,100.0
2021,PT,SE_ACS_SANIT,,KZONT,0.0
2021,PT,SE_ACS_SANIT,,KZPAV,100.0
2021,PT,SE_ACS_SANIT,,KZSEV,100.0
2021,PT,SE_ACS_SANIT,,KZYUZ,100.0
2021,PT,SE_ACS_SANIT,,KZVOS,100.0
2021,PT,SE_ACS_SANIT,,KZNS,100.0
2021,PT,SE_ACS_SANIT,,KZALA,100.0
2021,PT,SE_ACS_SANIT,,KZSHY,100.0
2021,PT,_L_KZ_040a01_1A,,,20.6
2021,PT,_L_KZ_040a01_1A,,KZAKM,2.6
2021,PT,_L_KZ_040a01_1A,,KZAKT,43.4
2021,PT,_L_KZ_040a01_1A,,KZALM,29.4
2021,PT,_L_KZ_040a01_1A,,KZATY,27.7
2021,PT,_L_KZ_040a01_1A,,KZZAP,66.8
2021,PT,_L_KZ_040a01_1A,,KZZHA,4.3
2021,PT,_L_KZ_040a01_1A,,KZKAR,5.7
2021,PT,_L_KZ_040a01_1A,,KZKUS,27.2
2021,PT,_L_KZ_040a01_1A,,KZKZY,74.3
2021,PT,_L_KZ_040a01_1A,,KZMAN,6.4
2021,PT,_L_KZ_040a01_1A,,KZPAV,0.8
2021,PT,_L_KZ_040a01_1A,,KZSEV,0.6
2021,PT,_L_KZ_040a01_1A,,KZYUZ,35.8
2021,PT,_L_KZ_040a01_1A,,KZVOS,0.9
2021,PT,_L_KZ_040a01_1A,,KZNS,0.0
2021,PT,_L_KZ_040a01_1A,,KZALA,0.9
2021,PT,_L_KZ_040a01_1A,,KZSHY,4.4
2021,PT,_L_KZ_040a01_1B,,,1.0
2021,PT,_L_KZ_040a01_1B,,KZAKM,0.2
2021,PT,_L_KZ_040a01_1B,,KZAKT,0.0
2021,PT,_L_KZ_040a01_1B,,KZALM,1.9
2021,PT,_L_KZ_040a01_1B,,KZATY,0.5
2021,PT,_L_KZ_040a01_1B,,KZZAP,0.5
2021,PT,_L_KZ_040a01_1B,,KZZHA,0.4
2021,PT,_L_KZ_040a01_1B,,KZKAR,0.0
2021,PT,_L_KZ_040a01_1B,,KZKUS,0.2
2021,PT,_L_KZ_040a01_1B,,KZKZY,0.0
2021,PT,_L_KZ_040a01_1B,,KZMAN,0.0
2021,PT,_L_KZ_040a01_1B,,KZPAV,0.0
2021,PT,_L_KZ_040a01_1B,,KZSEV,0.0
2021,PT,_L_KZ_040a01_1B,,KZYUZ,5.4
2021,PT,_L_KZ_040a01_1B,,KZVOS,0.3
2021,PT,_L_KZ_040a01_1B,,KZNS,0.0
2021,PT,_L_KZ_040a01_1B,,KZALA,0.0
2021,PT,_L_KZ_040a01_1B,,KZSHY,0.0
2021,PT,_L_KZ_040a01_1C,,,78.4
2021,PT,_L_KZ_040a01_1C,,KZAKM,97.2
2021,PT,_L_KZ_040a01_1C,,KZAKT,56.6
2021,PT,_L_KZ_040a01_1C,,KZALM,68.8
2021,PT,_L_KZ_040a01_1C,,KZATY,71.8
2021,PT,_L_KZ_040a01_1C,,KZZAP,32.6
2021,PT,_L_KZ_040a01_1C,,KZZHA,95.2
2021,PT,_L_KZ_040a01_1C,,KZKAR,94.3
2021,PT,_L_KZ_040a01_1C,,KZKUS,72.6
2021,PT,_L_KZ_040a01_1C,,KZKZY,25.7
2021,PT,_L_KZ_040a01_1C,,KZMAN,93.6
2021,PT,_L_KZ_040a01_1C,,KZPAV,99.2
2021,PT,_L_KZ_040a01_1C,,KZSEV,99.4
2021,PT,_L_KZ_040a01_1C,,KZYUZ,58.8
2021,PT,_L_KZ_040a01_1C,,KZVOS,98.8
2021,PT,_L_KZ_040a01_1C,,KZNS,100.0
2021,PT,_L_KZ_040a01_1C,,KZALA,99.1
2021,PT,_L_KZ_040a01_1C,,KZSHY,95.6
2022,PT,SE_ACS_INTNT,,,97.5
2022,PT,SE_ACS_INTNT,,KZABY,99.4
2022,PT,SE_ACS_INTNT,,KZAKM,99.3
2022,PT,SE_ACS_INTNT,,KZAKT,99.8
2022,PT,SE_ACS_INTNT,,KZALM,98.3
2022,PT,SE_ACS_INTNT,,KZATY,96.8
2022,PT,SE_ACS_INTNT,,KZZAP,99.7
2022,PT,SE_ACS_INTNT,,KZZHA,99.0
2022,PT,SE_ACS_INTNT,,KZZHS,99.7
2022,PT,SE_ACS_INTNT,,KZKAR,98.9
2022,PT,SE_ACS_INTNT,,KZKUS,99.6
2022,PT,SE_ACS_INTNT,,KZKZY,100.0
2022,PT,SE_ACS_INTNT,,KZMAN,98.9
2022,PT,SE_ACS_INTNT,,KZPAV,99.2
2022,PT,SE_ACS_INTNT,,KZSEV,98.7
2022,PT,SE_ACS_INTNT,,KZYUZ,88.3
2022,PT,SE_ACS_INTNT,,KZULU,97.7
2022,PT,SE_ACS_INTNT,,KZVOS,98.9
2022,PT,SE_ACS_INTNT,,KZNS,95.1
2022,PT,SE_ACS_INTNT,,KZALA,96.7
2022,PT,SE_ACS_INTNT,,KZSHY,98.0
2022,PT,SE_ACS_INTNT,U,,97.4
2022,PT,SE_ACS_INTNT,U,KZABY,98.9
2022,PT,SE_ACS_INTNT,U,KZAKM,98.1
2022,PT,SE_ACS_INTNT,U,KZAKT,99.3
2022,PT,SE_ACS_INTNT,U,KZALM,98.0
2022,PT,SE_ACS_INTNT,U,KZATY,96.7
2022,PT,SE_ACS_INTNT,U,KZZAP,98.7
2022,PT,SE_ACS_INTNT,U,KZZHA,97.6
2022,PT,SE_ACS_INTNT,U,KZZHS,100.0
2022,PT,SE_ACS_INTNT,U,KZKAR,98.5
2022,PT,SE_ACS_INTNT,U,KZKUS,99.1
2022,PT,SE_ACS_INTNT,U,KZKZY,100.0
2022,PT,SE_ACS_INTNT,U,KZMAN,98.6
2022,PT,SE_ACS_INTNT,U,KZPAV,97.9
2022,PT,SE_ACS_INTNT,U,KZSEV,98.4
2022,PT,SE_ACS_INTNT,U,KZYUZ,90.1
2022,PT,SE_ACS_INTNT,U,KZULU,97.4
2022,PT,SE_ACS_INTNT,U,KZVOS,97.1
2022,PT,SE_ACS_INTNT,U,KZNS,95.1
2022,PT,SE_ACS_INTNT,U,KZALA,96.7
2022,PT,SE_ACS_INTNT,U,KZSHY,98.0
2022,PT,SE_ACS_INTNT,R,,97.5
2022,PT,SE_ACS_INTNT,R,ABY,99.6
2022,PT,SE_ACS_INTNT,R,KZAKM,99.6
2022,PT,SE_ACS_INTNT,R,KZAKT,100.0
2022,PT,SE_ACS_INTNT,R,KZALM,98.3
2022,PT,SE_ACS_INTNT,R,KZATY,96.9
2022,PT,SE_ACS_INTNT,R,KZZAP,100.0
2022,PT,SE_ACS_INTNT,R,KZZHA,99.5
2022,PT,SE_ACS_INTNT,R,KZZHS,99.6
2022,PT,SE_ACS_INTNT,R,KZKAR,99.2
2022,PT,SE_ACS_INTNT,R,KZKUS,99.7
2022,PT,SE_ACS_INTNT,R,KZKZY,100.0
2022,PT,SE_ACS_INTNT,R,KZMAN,99.1
2022,PT,SE_ACS_INTNT,R,KZPAV,99.6
2022,PT,SE_ACS_INTNT,R,KZSEV,98.8
2022,PT,SE_ACS_INTNT,R,KZYUZ,88.0
2022,PT,SE_ACS_INTNT,R,KZULU,98.0
2022,PT,SE_ACS_INTNT,R,KZVOS,99.6
2022,PT,SE_ACS_H2O,,,100.0
2022,PT,SE_ACS_SANIT,,,100.0
2022,PT,SE_ACS_SANIT,,KZABY,100.0
2022,PT,SE_ACS_SANIT,,KZAKM,100.0
2022,PT,SE_ACS_SANIT,,KZAKT,100.0
2022,PT,SE_ACS_SANIT,,KZALM,100.0
2022,PT,SE_ACS_SANIT,,KZATY,100.0
2022,PT,SE_ACS_SANIT,,KZZAP,100.0
2022,PT,SE_ACS_SANIT,,KZZHA,100.0
2022,PT,SE_ACS_SANIT,,KZZHS,100.0
2022,PT,SE_ACS_SANIT,,KZKAR,100.0
2022,PT,SE_ACS_SANIT,,KZKUS,100.0
2022,PT,SE_ACS_SANIT,,KZKZY,100.0
2022,PT,SE_ACS_SANIT,,KZMAN,100.0
2022,PT,SE_ACS_SANIT,,KZPAV,100.0
2022,PT,SE_ACS_SANIT,,KZSEV,100.0
2022,PT,SE_ACS_SANIT,,KZYUZ,100.0
2022,PT,SE_ACS_SANIT,,KZULU,100.0
2022,PT,SE_ACS_SANIT,,KZVOS,100.0
2022,PT,SE_ACS_SANIT,,KZNS,100.0
2022,PT,SE_ACS_SANIT,,KZALA,100.0
2022,PT,SE_ACS_SANIT,,KZSHY,100.0
2022,PT,_L_KZ_040a01_1A,,,19.9
2022,PT,_L_KZ_040a01_1A,,KZABY,1.9
2022,PT,_L_KZ_040a01_1A,,KZAKM,2.0
2022,PT,_L_KZ_040a01_1A,,KZAKT,40.1
2022,PT,_L_KZ_040a01_1A,,KZALM,39.9
2022,PT,_L_KZ_040a01_1A,,KZATY,24.5
2022,PT,_L_KZ_040a01_1A,,KZZAP,65.4
2022,PT,_L_KZ_040a01_1A,,KZZHA,6.0
2022,PT,_L_KZ_040a01_1A,,KZZHS,15.8
2022,PT,_L_KZ_040a01_1A,,KZKAR,0.2
2022,PT,_L_KZ_040a01_1A,,KZKUS,24.2
2022,PT,_L_KZ_040a01_1A,,KZKZY,67.7
2022,PT,_L_KZ_040a01_1A,,KZMAN,4.3
2022,PT,_L_KZ_040a01_1A,,KZPAV,1.1
2022,PT,_L_KZ_040a01_1A,,KZSEV,0.9
2022,PT,_L_KZ_040a01_1A,,KZYUZ,37.8
2022,PT,_L_KZ_040a01_1A,,KZULU,3.4
2022,PT,_L_KZ_040a01_1A,,KZVOS,3.6
2022,PT,_L_KZ_040a01_1A,,KZNS,0.0
2022,PT,_L_KZ_040a01_1A,,KZALA,0.9
2022,PT,_L_KZ_040a01_1A,,KZSHY,4.4
2022,PT,_L_KZ_040a01_1B,,,0.5
2022,PT,_L_KZ_040a01_1B,,KZABY,0.0
2022,PT,_L_KZ_040a01_1B,,KZAKM,0.2
2022,PT,_L_KZ_040a01_1B,,KZAKT,0.0
2022,PT,_L_KZ_040a01_1B,,KZALM,0.4
2022,PT,_L_KZ_040a01_1B,,KZATY,0.5
2022,PT,_L_KZ_040a01_1B,,KZZAP,0.5
2022,PT,_L_KZ_040a01_1B,,KZZHA,0.2
2022,PT,_L_KZ_040a01_1B,,KZZHS,0.3
2022,PT,_L_KZ_040a01_1B,,KZKAR,0.0
2022,PT,_L_KZ_040a01_1B,,KZKUS,0.2
2022,PT,_L_KZ_040a01_1B,,KZKZY,0.0
2022,PT,_L_KZ_040a01_1B,,KZMAN,0.0
2022,PT,_L_KZ_040a01_1B,,KZPAV,0.0
2022,PT,_L_KZ_040a01_1B,,KZSEV,0.0
2022,PT,_L_KZ_040a01_1B,,KZYUZ,2.5
2022,PT,_L_KZ_040a01_1B,,KZULU,0.0
2022,PT,_L_KZ_040a01_1B,,KZVOS,0.3
2022,PT,_L_KZ_040a01_1B,,KZNS,0.0
2022,PT,_L_KZ_040a01_1B,,KZALA,0.0
2022,PT,_L_KZ_040a01_1B,,KZSHY,0.0
2022,PT,_L_KZ_040a01_1C,,,79.7
2022,PT,_L_KZ_040a01_1C,,KZABY,98.1
2022,PT,_L_KZ_040a01_1C,,KZAKM,97.9
2022,PT,_L_KZ_040a01_1C,,KZAKT,59.9
2022,PT,_L_KZ_040a01_1C,,KZALM,59.7
2022,PT,_L_KZ_040a01_1C,,KZATY,75.0
2022,PT,_L_KZ_040a01_1C,,KZZAP,34.1
2022,PT,_L_KZ_040a01_1C,,KZZHA,93.8
2022,PT,_L_KZ_040a01_1C,,KZZHS,84.0
2022,PT,_L_KZ_040a01_1C,,KZKAR,99.8
2022,PT,_L_KZ_040a01_1C,,KZKUS,75.6
2022,PT,_L_KZ_040a01_1C,,KZKZY,32.3
2022,PT,_L_KZ_040a01_1C,,KZMAN,95.7
2022,PT,_L_KZ_040a01_1C,,KZPAV,98.9
2022,PT,_L_KZ_040a01_1C,,KZSEV,99.1
2022,PT,_L_KZ_040a01_1C,,KZYUZ,59.7
2022,PT,_L_KZ_040a01_1C,,KZULU,96.6
2022,PT,_L_KZ_040a01_1C,,KZVOS,96.1
2022,PT,_L_KZ_040a01_1C,,KZNS,100.0
2022,PT,_L_KZ_040a01_1C,,KZALA,99.1
2022,PT,_L_KZ_040a01_1C,,KZSHY,95.6
2023,PT,SE_ACS_INTNT,,,98.7
2023,PT,SE_ACS_INTNT,,KZABY,99.4
2023,PT,SE_ACS_INTNT,,KZAKM,99.3
2023,PT,SE_ACS_INTNT,,KZAKT,99.8
2023,PT,SE_ACS_INTNT,,KZALM,98.3
2023,PT,SE_ACS_INTNT,,KZATY,97.8
2023,PT,SE_ACS_INTNT,,KZZAP,100.0
2023,PT,SE_ACS_INTNT,,KZZHA,98.7
2023,PT,SE_ACS_INTNT,,KZZHS,100.0
2023,PT,SE_ACS_INTNT,,KZKAR,98.4
2023,PT,SE_ACS_INTNT,,KZKUS,99.8
2023,PT,SE_ACS_INTNT,,KZKZY,100.0
2023,PT,SE_ACS_INTNT,,KZMAN,100.0
2023,PT,SE_ACS_INTNT,,KZPAV,99.5
2023,PT,SE_ACS_INTNT,,KZSEV,99.8
2023,PT,SE_ACS_INTNT,,KZYUZ,94.7
2023,PT,SE_ACS_INTNT,,KZULU,100.0
2023,PT,SE_ACS_INTNT,,KZVOS,99.2
2023,PT,SE_ACS_INTNT,,KZNS,99.4
2023,PT,SE_ACS_INTNT,,KZALA,99.7
2023,PT,SE_ACS_INTNT,,KZSHY,99.3
2023,PT,SE_ACS_INTNT,U,,98.6
2023,PT,SE_ACS_INTNT,U,KZABY,98.9
2023,PT,SE_ACS_INTNT,U,KZAKM,98.2
2023,PT,SE_ACS_INTNT,U,KZAKT,99.3
2023,PT,SE_ACS_INTNT,U,KZALM,98.2
2023,PT,SE_ACS_INTNT,U,KZATY,98.0
2023,PT,SE_ACS_INTNT,U,KZZAP,100.0
2023,PT,SE_ACS_INTNT,U,KZZHA,97.8
2023,PT,SE_ACS_INTNT,U,KZZHS,100.0
2023,PT,SE_ACS_INTNT,U,KZKAR,98.0
2023,PT,SE_ACS_INTNT,U,KZKUS,99.1
2023,PT,SE_ACS_INTNT,U,KZKZY,100.0
2023,PT,SE_ACS_INTNT,U,KZMAN,100.0
2023,PT,SE_ACS_INTNT,U,KZPAV,98.0
2023,PT,SE_ACS_INTNT,U,KZSEV,98.4
2023,PT,SE_ACS_INTNT,U,KZYUZ,92.9
2023,PT,SE_ACS_INTNT,U,KZULU,100.0
2023,PT,SE_ACS_INTNT,U,KZVOS,98.1
2023,PT,SE_ACS_INTNT,U,KZNS,99.4
2023,PT,SE_ACS_INTNT,U,KZALA,99.7
2023,PT,SE_ACS_INTNT,U,KZSHY,99.3
2023,PT,SE_ACS_INTNT,R,,98.8
2023,PT,SE_ACS_INTNT,R,ABY,99.6
2023,PT,SE_ACS_INTNT,R,KZAKM,99.6
2023,PT,SE_ACS_INTNT,R,KZAKT,100.0
2023,PT,SE_ACS_INTNT,R,KZALM,98.3
2023,PT,SE_ACS_INTNT,R,KZATY,97.7
2023,PT,SE_ACS_INTNT,R,KZZAP,100.0
2023,PT,SE_ACS_INTNT,R,KZZHA,99.0
2023,PT,SE_ACS_INTNT,R,KZZHS,100.0
2023,PT,SE_ACS_INTNT,R,KZKAR,98.7
2023,PT,SE_ACS_INTNT,R,KZKUS,100.0
2023,PT,SE_ACS_INTNT,R,KZKZY,100.0
2023,PT,SE_ACS_INTNT,R,KZMAN,100.0
2023,PT,SE_ACS_INTNT,R,KZPAV,100.0
2023,PT,SE_ACS_INTNT,R,KZSEV,100.0
2023,PT,SE_ACS_INTNT,R,KZYUZ,95.0
2023,PT,SE_ACS_INTNT,R,KZULU,100.0
2023,PT,SE_ACS_INTNT,R,KZVOS,99.6
2023,PT,SE_ACS_H2O,,,99.9
2023,PT,SE_ACS_SANIT,,,100.0
2023,PT,SE_ACS_SANIT,,KZABY,100.0
2023,PT,SE_ACS_SANIT,,KZAKM,100.0
2023,PT,SE_ACS_SANIT,,KZAKT,100.0
2023,PT,SE_ACS_SANIT,,KZALM,100.0
2023,PT,SE_ACS_SANIT,,KZATY,100.0
2023,PT,SE_ACS_SANIT,,KZZAP,100.0
2023,PT,SE_ACS_SANIT,,KZZHA,100.0
2023,PT,SE_ACS_SANIT,,KZZHS,100.0
2023,PT,SE_ACS_SANIT,,KZKAR,100.0
2023,PT,SE_ACS_SANIT,,KZKUS,100.0
2023,PT,SE_ACS_SANIT,,KZKZY,100.0
2023,PT,SE_ACS_SANIT,,KZMAN,100.0
2023,PT,SE_ACS_SANIT,,KZPAV,100.0
2023,PT,SE_ACS_SANIT,,KZSEV,100.0
2023,PT,SE_ACS_SANIT,,KZYUZ,100.0
2023,PT,SE_ACS_SANIT,,KZULU,100.0
2023,PT,SE_ACS_SANIT,,KZVOS,100.0
2023,PT,SE_ACS_SANIT,,KZNS,100.0
2023,PT,SE_ACS_SANIT,,KZALA,100.0
2023,PT,SE_ACS_SANIT,,KZSHY,100.0
2023,PT,_L_KZ_040a01_1A,,,18.1
2023,PT,_L_KZ_040a01_1A,,KZABY,2.2
2023,PT,_L_KZ_040a01_1A,,KZAKM,0.0
2023,PT,_L_KZ_040a01_1A,,KZAKT,32.7
2023,PT,_L_KZ_040a01_1A,,KZALM,40.5
2023,PT,_L_KZ_040a01_1A,,KZATY,21.8
2023,PT,_L_KZ_040a01_1A,,KZZAP,65.1
2023,PT,_L_KZ_040a01_1A,,KZZHA,6.7
2023,PT,_L_KZ_040a01_1A,,KZZHS,21.3
2023,PT,_L_KZ_040a01_1A,,KZKAR,1.2
2023,PT,_L_KZ_040a01_1A,,KZKUS,9.0
2023,PT,_L_KZ_040a01_1A,,KZKZY,54.0
2023,PT,_L_KZ_040a01_1A,,KZMAN,3.6
2023,PT,_L_KZ_040a01_1A,,KZPAV,1.1
2023,PT,_L_KZ_040a01_1A,,KZSEV,0.2
2023,PT,_L_KZ_040a01_1A,,KZYUZ,37.5
2023,PT,_L_KZ_040a01_1A,,KZULU,3.4
2023,PT,_L_KZ_040a01_1A,,KZVOS,2.5
2023,PT,_L_KZ_040a01_1A,,KZNS,0.0
2023,PT,_L_KZ_040a01_1A,,KZALA,1.7
2023,PT,_L_KZ_040a01_1A,,KZSHY,5.8
2023,PT,_L_KZ_040a01_1B,,,0.4
2023,PT,_L_KZ_040a01_1B,,KZABY,0.0
2023,PT,_L_KZ_040a01_1B,,KZAKM,0.0
2023,PT,_L_KZ_040a01_1B,,KZAKT,0.0
2023,PT,_L_KZ_040a01_1B,,KZALM,0.4
2023,PT,_L_KZ_040a01_1B,,KZATY,0.4
2023,PT,_L_KZ_040a01_1B,,KZZAP,0.3
2023,PT,_L_KZ_040a01_1B,,KZZHA,0.6
2023,PT,_L_KZ_040a01_1B,,KZZHS,0.0
2023,PT,_L_KZ_040a01_1B,,KZKAR,0.0
2023,PT,_L_KZ_040a01_1B,,KZKUS,0.0
2023,PT,_L_KZ_040a01_1B,,KZKZY,0.0
2023,PT,_L_KZ_040a01_1B,,KZMAN,0.5
2023,PT,_L_KZ_040a01_1B,,KZPAV,0.0
2023,PT,_L_KZ_040a01_1B,,KZSEV,0.0
2023,PT,_L_KZ_040a01_1B,,KZYUZ,2.1
2023,PT,_L_KZ_040a01_1B,,KZULU,0.0
2023,PT,_L_KZ_040a01_1B,,KZVOS,0.0
2023,PT,_L_KZ_040a01_1B,,KZNS,0.0
2023,PT,_L_KZ_040a01_1B,,KZALA,0.0
2023,PT,_L_KZ_040a01_1B,,KZSHY,0.0
2023,PT,_L_KZ_040a01_1C,,,81.6
2023,PT,_L_KZ_040a01_1C,,KZABY,97.8
2023,PT,_L_KZ_040a01_1C,,KZAKM,100.0
2023,PT,_L_KZ_040a01_1C,,KZAKT,67.3
2023,PT,_L_KZ_040a01_1C,,KZALM,59.1
2023,PT,_L_KZ_040a01_1C,,KZATY,77.7
2023,PT,_L_KZ_040a01_1C,,KZZAP,34.7
2023,PT,_L_KZ_040a01_1C,,KZZHA,92.7
2023,PT,_L_KZ_040a01_1C,,KZZHS,78.7
2023,PT,_L_KZ_040a01_1C,,KZKAR,98.8
2023,PT,_L_KZ_040a01_1C,,KZKUS,91.0
2023,PT,_L_KZ_040a01_1C,,KZKZY,46.0
2023,PT,_L_KZ_040a01_1C,,KZMAN,95.9
2023,PT,_L_KZ_040a01_1C,,KZPAV,98.9
2023,PT,_L_KZ_040a01_1C,,KZSEV,99.8
2023,PT,_L_KZ_040a01_1C,,KZYUZ,60.4
2023,PT,_L_KZ_040a01_1C,,KZULU,96.6
2023,PT,_L_KZ_040a01_1C,,KZVOS,97.5
2023,PT,_L_KZ_040a01_1C,,KZNS,100.0
2023,PT,_L_KZ_040a01_1C,,KZALA,98.3
2023,PT,_L_KZ_040a01_1C,,KZSHY,94.2
2024,PT,SE_ACS_INTNT,,,98.8
2024,PT,SE_ACS_INTNT,,KZABY,98.4
2024,PT,SE_ACS_INTNT,,KZAKM,99.3
2024,PT,SE_ACS_INTNT,,KZAKT,99.8
2024,PT,SE_ACS_INTNT,,KZALM,98.4
2024,PT,SE_ACS_INTNT,,KZATY,97.4
2024,PT,SE_ACS_INTNT,,KZZAP,99.5
2024,PT,SE_ACS_INTNT,,KZZHA,99.1
2024,PT,SE_ACS_INTNT,,KZZHS,99.4
2024,PT,SE_ACS_INTNT,,KZKAR,98.8
2024,PT,SE_ACS_INTNT,,KZKUS,99.8
2024,PT,SE_ACS_INTNT,,KZKZY,100.0
2024,PT,SE_ACS_INTNT,,KZMAN,99.5
2024,PT,SE_ACS_INTNT,,KZPAV,99.5
2024,PT,SE_ACS_INTNT,,KZSEV,99.6
2024,PT,SE_ACS_INTNT,,KZYUZ,97.8
2024,PT,SE_ACS_INTNT,,KZULU,100.0
2024,PT,SE_ACS_INTNT,,KZVOS,99.2
2024,PT,SE_ACS_INTNT,,KZNS,95.9
2024,PT,SE_ACS_INTNT,,KZALA,99.5
2024,PT,SE_ACS_INTNT,,KZSHY,96.3
2024,PT,SE_ACS_INTNT,U,,97.9
2024,PT,SE_ACS_INTNT,U,KZABY,98.9
2024,PT,SE_ACS_INTNT,U,KZAKM,98.2
2024,PT,SE_ACS_INTNT,U,KZAKT,99.3
2024,PT,SE_ACS_INTNT,U,KZALM,98.3
2024,PT,SE_ACS_INTNT,U,KZATY,97.1
2024,PT,SE_ACS_INTNT,U,KZZAP,97.4
2024,PT,SE_ACS_INTNT,U,KZZHA,98.6
2024,PT,SE_ACS_INTNT,U,KZZHS,97.2
2024,PT,SE_ACS_INTNT,U,KZKAR,98.5
2024,PT,SE_ACS_INTNT,U,KZKUS,99.1
2024,PT,SE_ACS_INTNT,U,KZKZY,100.0
2024,PT,SE_ACS_INTNT,U,KZMAN,98.9
2024,PT,SE_ACS_INTNT,U,KZPAV,98.0
2024,PT,SE_ACS_INTNT,U,KZSEV,98.4
2024,PT,SE_ACS_INTNT,U,KZYUZ,95.0
2024,PT,SE_ACS_INTNT,U,KZULU,100.0
2024,PT,SE_ACS_INTNT,U,KZVOS,98.1
2024,PT,SE_ACS_INTNT,U,KZNS,95.9
2024,PT,SE_ACS_INTNT,U,KZALA,99.5
2024,PT,SE_ACS_INTNT,U,KZSHY,96.3
2024,PT,SE_ACS_INTNT,R,,99.3
2024,PT,SE_ACS_INTNT,R,ABY,98.3
2024,PT,SE_ACS_INTNT,R,KZAKM,99.5
2024,PT,SE_ACS_INTNT,R,KZAKT,100.0
2024,PT,SE_ACS_INTNT,R,KZALM,98.4
2024,PT,SE_ACS_INTNT,R,KZATY,97.7
2024,PT,SE_ACS_INTNT,R,KZZAP,100.0
2024,PT,SE_ACS_INTNT,R,KZZHA,99.2
2024,PT,SE_ACS_INTNT,R,KZZHS,100.0
2024,PT,SE_ACS_INTNT,R,KZKAR,99.1
2024,PT,SE_ACS_INTNT,R,KZKUS,100.0
2024,PT,SE_ACS_INTNT,R,KZKZY,100.0
2024,PT,SE_ACS_INTNT,R,KZMAN,100.0
2024,PT,SE_ACS_INTNT,R,KZPAV,100.0
2024,PT,SE_ACS_INTNT,R,KZSEV,99.7
2024,PT,SE_ACS_INTNT,R,KZYUZ,98.4
2024,PT,SE_ACS_INTNT,R,KZULU,100.0
2024,PT,SE_ACS_INTNT,R,KZVOS,99.6
2024,PT,SE_ACS_H2O,,,100.0
2024,PT,SE_ACS_SANIT,,,100.0
2024,PT,SE_ACS_SANIT,,KZABY,100.0
2024,PT,SE_ACS_SANIT,,KZAKM,100.0
2024,PT,SE_ACS_SANIT,,KZAKT,100.0
2024,PT,SE_ACS_SANIT,,KZALM,100.0
2024,PT,SE_ACS_SANIT,,KZATY,100.0
2024,PT,SE_ACS_SANIT,,KZZAP,100.0
2024,PT,SE_ACS_SANIT,,KZZHA,100.0
2024,PT,SE_ACS_SANIT,,KZZHS,100.0
2024,PT,SE_ACS_SANIT,,KZKAR,100.0
2024,PT,SE_ACS_SANIT,,KZKUS,100.0
2024,PT,SE_ACS_SANIT,,KZKZY,100.0
2024,PT,SE_ACS_SANIT,,KZMAN,100.0
2024,PT,SE_ACS_SANIT,,KZPAV,100.0
2024,PT,SE_ACS_SANIT,,KZSEV,100.0
2024,PT,SE_ACS_SANIT,,KZYUZ,100.0
2024,PT,SE_ACS_SANIT,,KZULU,100.0
2024,PT,SE_ACS_SANIT,,KZVOS,100.0
2024,PT,SE_ACS_SANIT,,KZNS,100.0
2024,PT,SE_ACS_SANIT,,KZALA,100.0
2024,PT,SE_ACS_SANIT,,KZSHY,100.0
2024,PT,_L_KZ_040a01_1A,,,15.9
2024,PT,_L_KZ_040a01_1A,,KZABY,3.1
2024,PT,_L_KZ_040a01_1A,,KZAKM,0.2
2024,PT,_L_KZ_040a01_1A,,KZAKT,16.6
2024,PT,_L_KZ_040a01_1A,,KZALM,39.8
2024,PT,_L_KZ_040a01_1A,,KZATY,20.1
2024,PT,_L_KZ_040a01_1A,,KZZAP,63.4
2024,PT,_L_KZ_040a01_1A,,KZZHA,7.1
2024,PT,_L_KZ_040a01_1A,,KZZHS,20.4
2024,PT,_L_KZ_040a01_1A,,KZKAR,0.2
2024,PT,_L_KZ_040a01_1A,,KZKUS,7.3
2024,PT,_L_KZ_040a01_1A,,KZKZY,36.0
2024,PT,_L_KZ_040a01_1A,,KZMAN,1.4
2024,PT,_L_KZ_040a01_1A,,KZPAV,0.0
2024,PT,_L_KZ_040a01_1A,,KZSEV,0.7
2024,PT,_L_KZ_040a01_1A,,KZYUZ,37.1
2024,PT,_L_KZ_040a01_1A,,KZULU,3.4
2024,PT,_L_KZ_040a01_1A,,KZVOS,0.3
2024,PT,_L_KZ_040a01_1A,,KZNS,1.0
2024,PT,_L_KZ_040a01_1A,,KZALA,1.6
2024,PT,_L_KZ_040a01_1A,,KZSHY,5.4
2024,PT,_L_KZ_040a01_1B,,,0.1
2024,PT,_L_KZ_040a01_1B,,KZABY,0.0
2024,PT,_L_KZ_040a01_1B,,KZAKM,0.0
2024,PT,_L_KZ_040a01_1B,,KZAKT,0.0
2024,PT,_L_KZ_040a01_1B,,KZALM,0.0
2024,PT,_L_KZ_040a01_1B,,KZATY,0.4
2024,PT,_L_KZ_040a01_1B,,KZZAP,0.0
2024,PT,_L_KZ_040a01_1B,,KZZHA,0.0
2024,PT,_L_KZ_040a01_1B,,KZZHS,0.0
2024,PT,_L_KZ_040a01_1B,,KZKAR,0.0
2024,PT,_L_KZ_040a01_1B,,KZKUS,0.0
2024,PT,_L_KZ_040a01_1B,,KZKZY,0.0
2024,PT,_L_KZ_040a01_1B,,KZMAN,0.5
2024,PT,_L_KZ_040a01_1B,,KZPAV,0.0
2024,PT,_L_KZ_040a01_1B,,KZSEV,0.0
2024,PT,_L_KZ_040a01_1B,,KZYUZ,0.7
2024,PT,_L_KZ_040a01_1B,,KZULU,0.0
2024,PT,_L_KZ_040a01_1B,,KZVOS,0.0
2024,PT,_L_KZ_040a01_1B,,KZNS,0.0
2024,PT,_L_KZ_040a01_1B,,KZALA,0.0
2024,PT,_L_KZ_040a01_1B,,KZSHY,0.0
2024,PT,_L_KZ_040a01_1C,,,83.9
2024,PT,_L_KZ_040a01_1C,,KZABY,96.9
2024,PT,_L_KZ_040a01_1C,,KZAKM,99.8
2024,PT,_L_KZ_040a01_1C,,KZAKT,83.4
2024,PT,_L_KZ_040a01_1C,,KZALM,60.2
2024,PT,_L_KZ_040a01_1C,,KZATY,79.5
2024,PT,_L_KZ_040a01_1C,,KZZAP,36.6
2024,PT,_L_KZ_040a01_1C,,KZZHA,92.9
2024,PT,_L_KZ_040a01_1C,,KZZHS,79.6
2024,PT,_L_KZ_040a01_1C,,KZKAR,99.8
2024,PT,_L_KZ_040a01_1C,,KZKUS,92.7
2024,PT,_L_KZ_040a01_1C,,KZKZY,64.0
2024,PT,_L_KZ_040a01_1C,,KZMAN,98.6
2024,PT,_L_KZ_040a01_1C,,KZPAV,100.0
2024,PT,_L_KZ_040a01_1C,,KZSEV,99.3
2024,PT,_L_KZ_040a01_1C,,KZYUZ,62.2
2024,PT,_L_KZ_040a01_1C,,KZULU,96.6
2024,PT,_L_KZ_040a01_1C,,KZVOS,99.7
2024,PT,_L_KZ_040a01_1C,,KZNS,99.0
2024,PT,_L_KZ_040a01_1C,,KZALA,98.4
2024,PT,_L_KZ_040a01_1C,,KZSHY,94.6
2025,PT,SE_ACS_INTNT,,,99.1
2025,PT,SE_ACS_INTNT,,KZABY,98.8
2025,PT,SE_ACS_INTNT,,KZAKM,100.0
2025,PT,SE_ACS_INTNT,,KZAKT,99.8
2025,PT,SE_ACS_INTNT,,KZALM,98.8
2025,PT,SE_ACS_INTNT,,KZATY,97.0
2025,PT,SE_ACS_INTNT,,KZZAP,100.0
2025,PT,SE_ACS_INTNT,,KZZHA,99.6
2025,PT,SE_ACS_INTNT,,KZZHS,100.0
2025,PT,SE_ACS_INTNT,,KZKAR,98.8
2025,PT,SE_ACS_INTNT,,KZKUS,99.8
2025,PT,SE_ACS_INTNT,,KZKZY,100.0
2025,PT,SE_ACS_INTNT,,KZMAN,96.0
2025,PT,SE_ACS_INTNT,,KZPAV,99.2
2025,PT,SE_ACS_INTNT,,KZSEV,99.8
2025,PT,SE_ACS_INTNT,,KZYUZ,98.6
2025,PT,SE_ACS_INTNT,,KZULU,100.0
2025,PT,SE_ACS_INTNT,,KZVOS,99.2
2025,PT,SE_ACS_INTNT,,KZNS,98.1
2025,PT,SE_ACS_INTNT,,KZALA,98.7
2025,PT,SE_ACS_INTNT,,KZSHY,97.7
2025,PT,SE_ACS_INTNT,U,,98.4
2025,PT,SE_ACS_INTNT,U,KZABY,97.8
2025,PT,SE_ACS_INTNT,U,KZAKM,100.0
2025,PT,SE_ACS_INTNT,U,KZAKT,99.4
2025,PT,SE_ACS_INTNT,U,KZALM,96.3
2025,PT,SE_ACS_INTNT,U,KZATY,95.2
2025,PT,SE_ACS_INTNT,U,KZZAP,100.0
2025,PT,SE_ACS_INTNT,U,KZZHA,100.0
2025,PT,SE_ACS_INTNT,U,KZZHS,100.0
2025,PT,SE_ACS_INTNT,U,KZKAR,98.5
2025,PT,SE_ACS_INTNT,U,KZKUS,99.1
2025,PT,SE_ACS_INTNT,U,KZKZY,100.0
2025,PT,SE_ACS_INTNT,U,KZMAN,95.8
2025,PT,SE_ACS_INTNT,U,KZPAV,97.0
2025,PT,SE_ACS_INTNT,U,KZSEV,98.5
2025,PT,SE_ACS_INTNT,U,KZYUZ,98.1
2025,PT,SE_ACS_INTNT,U,KZULU,100.0
2025,PT,SE_ACS_INTNT,U,KZVOS,98.2
2025,PT,SE_ACS_INTNT,U,KZNS,98.1
2025,PT,SE_ACS_INTNT,U,KZALA,98.7
2025,PT,SE_ACS_INTNT,U,KZSHY,97.7
2025,PT,SE_ACS_INTNT,R,,99.4
2025,PT,SE_ACS_INTNT,R,ABY,99.1
2025,PT,SE_ACS_INTNT,R,KZAKM,1000
2025,PT,SE_ACS_INTNT,R,KZAKT,100.0
2025,PT,SE_ACS_INTNT,R,KZALM,99.3
2025,PT,SE_ACS_INTNT,R,KZATY,98.5
2025,PT,SE_ACS_INTNT,R,KZZAP,100.0
2025,PT,SE_ACS_INTNT,R,KZZHA,99.5
2025,PT,SE_ACS_INTNT,R,KZZHS,100.0
2025,PT,SE_ACS_INTNT,R,KZKAR,99.1
2025,PT,SE_ACS_INTNT,R,KZKUS,100.0
2025,PT,SE_ACS_INTNT,R,KZKZY,100.0
2025,PT,SE_ACS_INTNT,R,KZMAN,96.2
2025,PT,SE_ACS_INTNT,R,KZPAV,100.0
2025,PT,SE_ACS_INTNT,R,KZSEV,100.0
2025,PT,SE_ACS_INTNT,R,KZYUZ,98.7
2025,PT,SE_ACS_INTNT,R,KZULU,100.0
2025,PT,SE_ACS_INTNT,R,KZVOS,99.6
2025,PT,SE_ACS_H2O,,,99.9
2025,PT,SE_ACS_SANIT,,,100.0
2025,PT,SE_ACS_SANIT,,KZABY,100.0
2025,PT,SE_ACS_SANIT,,KZAKM,100.0
2025,PT,SE_ACS_SANIT,,KZAKT,100.0
2025,PT,SE_ACS_SANIT,,KZALM,100.0
2025,PT,SE_ACS_SANIT,,KZATY,100.0
2025,PT,SE_ACS_SANIT,,KZZAP,100.0
2025,PT,SE_ACS_SANIT,,KZZHA,100.0
2025,PT,SE_ACS_SANIT,,KZZHS,100.0
2025,PT,SE_ACS_SANIT,,KZKAR,100.0
2025,PT,SE_ACS_SANIT,,KZKUS,100.0
2025,PT,SE_ACS_SANIT,,KZKZY,100.0
2025,PT,SE_ACS_SANIT,,KZMAN,100.0
2025,PT,SE_ACS_SANIT,,KZPAV,100.0
2025,PT,SE_ACS_SANIT,,KZSEV,100.0
2025,PT,SE_ACS_SANIT,,KZYUZ,100.0
2025,PT,SE_ACS_SANIT,,KZULU,100.0
2025,PT,SE_ACS_SANIT,,KZVOS,100.0
2025,PT,SE_ACS_SANIT,,KZNS,100.0
2025,PT,SE_ACS_SANIT,,KZALA,100.0
2025,PT,SE_ACS_SANIT,,KZSHY,100.0
2025,PT,_L_KZ_040a01_1A,,,13.4
2025,PT,_L_KZ_040a01_1A,,KZABY,3.1
2025,PT,_L_KZ_040a01_1A,,KZAKM,0.2
2025,PT,_L_KZ_040a01_1A,,KZAKT,15.3
2025,PT,_L_KZ_040a01_1A,,KZALM,42.0
2025,PT,_L_KZ_040a01_1A,,KZATY,4.3
2025,PT,_L_KZ_040a01_1A,,KZZAP,54.9
2025,PT,_L_KZ_040a01_1A,,KZZHA,7.7
2025,PT,_L_KZ_040a01_1A,,KZZHS,19.9
2025,PT,_L_KZ_040a01_1A,,KZKAR,0.2
2025,PT,_L_KZ_040a01_1A,,KZKUS,2.0
2025,PT,_L_KZ_040a01_1A,,KZKZY,2.0
2025,PT,_L_KZ_040a01_1A,,KZMAN,1.3
2025,PT,_L_KZ_040a01_1A,,KZPAV,0.0
2025,PT,_L_KZ_040a01_1A,,KZSEV,0.5
2025,PT,_L_KZ_040a01_1A,,KZYUZ,36.3
2025,PT,_L_KZ_040a01_1A,,KZULU,3.4
2025,PT,_L_KZ_040a01_1A,,KZVOS,1.1
2025,PT,_L_KZ_040a01_1A,,KZNS,0.5
2025,PT,_L_KZ_040a01_1A,,KZALA,1.3
2025,PT,_L_KZ_040a01_1A,,KZSHY,5.2
2025,PT,_L_KZ_040a01_1B,,,0.0
2025,PT,_L_KZ_040a01_1B,,KZABY,0.0
2025,PT,_L_KZ_040a01_1B,,KZAKM,0.0
2025,PT,_L_KZ_040a01_1B,,KZAKT,0.0
2025,PT,_L_KZ_040a01_1B,,KZALM,0.0
2025,PT,_L_KZ_040a01_1B,,KZATY,0.0
2025,PT,_L_KZ_040a01_1B,,KZZAP,0.0
2025,PT,_L_KZ_040a01_1B,,KZZHA,0.0
2025,PT,_L_KZ_040a01_1B,,KZZHS,0.0
2025,PT,_L_KZ_040a01_1B,,KZKAR,0.0
2025,PT,_L_KZ_040a01_1B,,KZKUS,0.0
2025,PT,_L_KZ_040a01_1B,,KZKZY,0.0
2025,PT,_L_KZ_040a01_1B,,KZMAN,0.0
2025,PT,_L_KZ_040a01_1B,,KZPAV,0.0
2025,PT,_L_KZ_040a01_1B,,KZSEV,0.0
2025,PT,_L_KZ_040a01_1B,,KZYUZ,0.1
2025,PT,_L_KZ_040a01_1B,,KZULU,0.0
2025,PT,_L_KZ_040a01_1B,,KZVOS,0.0
2025,PT,_L_KZ_040a01_1B,,KZNS,0.0
2025,PT,_L_KZ_040a01_1B,,KZALA,0.0
2025,PT,_L_KZ_040a01_1B,,KZSHY,0.0
2025,PT,_L_KZ_040a01_1C,,,86.6
2025,PT,_L_KZ_040a01_1C,,KZABY,96.9
2025,PT,_L_KZ_040a01_1C,,KZAKM,99.8
2025,PT,_L_KZ_040a01_1C,,KZAKT,84.7
2025,PT,_L_KZ_040a01_1C,,KZALM,58.0
2025,PT,_L_KZ_040a01_1C,,KZATY,95.7
2025,PT,_L_KZ_040a01_1C,,KZZAP,45.1
2025,PT,_L_KZ_040a01_1C,,KZZHA,92.3
2025,PT,_L_KZ_040a01_1C,,KZZHS,80.1
2025,PT,_L_KZ_040a01_1C,,KZKAR,99.8
2025,PT,_L_KZ_040a01_1C,,KZKUS,98.0
2025,PT,_L_KZ_040a01_1C,,KZKZY,98.0
2025,PT,_L_KZ_040a01_1C,,KZMAN,98.7
2025,PT,_L_KZ_040a01_1C,,KZPAV,100.0
2025,PT,_L_KZ_040a01_1C,,KZSEV,99.5
2025,PT,_L_KZ_040a01_1C,,KZYUZ,63.6
2025,PT,_L_KZ_040a01_1C,,KZULU,96.6
2025,PT,_L_KZ_040a01_1C,,KZVOS,98.9
2025,PT,_L_KZ_040a01_1C,,KZNS,99.5
2025,PT,_L_KZ_040a01_1C,,KZALA,98.7
2025,PT,_L_KZ_040a01_1C,,KZSHY,94.8
