Year,UNIT_MEASURE,SERIES,Area,Regions,GeoCode,Value
2015,Percent,access to the internet for education purposes,,,,27.7
2015,Percent,access to the internet for education purposes,,Akmola,KZAKM,25.9
2015,Percent,access to the internet for education purposes,,Aktobe,KZAKT,11.4
2015,Percent,access to the internet for education purposes,,Almaty,KZALM,18.2
2015,Percent,access to the internet for education purposes,,Atyrau,KZATY,21.0
2015,Percent,access to the internet for education purposes,,Batys Kazakhstan,KZZAP,17.5
2015,Percent,access to the internet for education purposes,,Zhambyl,KZZHA,33.1
2015,Percent,access to the internet for education purposes,,Karagandy,KZKAR,43.5
2015,Percent,access to the internet for education purposes,,Kostanay,KZKUS,14.0
2015,Percent,access to the internet for education purposes,,Kyzylorda,KZKZY,21.4
2015,Percent,access to the internet for education purposes,,Mangistau,KZMAN,33.9
2015,Percent,access to the internet for education purposes,,Ontustik Kazakhstan,KZONT,15.8
2015,Percent,access to the internet for education purposes,,Pavlodar,KZPAV,39.0
2015,Percent,access to the internet for education purposes,,Soltustik Kazakhstan,KZSEV,45.5
2015,Percent,access to the internet for education purposes,,Shygys Kazakhstan,KZVOS,29.8
2015,Percent,access to the internet for education purposes,,Astana city,KZNS,25.0
2015,Percent,access to the internet for education purposes,,Almaty city,KZALA,100.0
2015,Percent,sources of drinking water,,,,100.0
2016,Percent,access to the internet for education purposes,,,,34.6
2016,Percent,access to the internet for education purposes,,Akmola,KZAKM,42.4
2016,Percent,access to the internet for education purposes,,Aktobe,KZAKT,27.0
2016,Percent,access to the internet for education purposes,,Almaty,KZALM,22.7
2016,Percent,access to the internet for education purposes,,Atyrau,KZATY,64.1
2016,Percent,access to the internet for education purposes,,Batys Kazakhstan,KZZAP,24.2
2016,Percent,access to the internet for education purposes,,Zhambyl,KZZHA,38.0
2016,Percent,access to the internet for education purposes,,Karagandy,KZKAR,46.2
2016,Percent,access to the internet for education purposes,,Kostanay,KZKUS,26.1
2016,Percent,access to the internet for education purposes,,Kyzylorda,KZKZY,30.1
2016,Percent,access to the internet for education purposes,,Mangistau,KZMAN,42.1
2016,Percent,access to the internet for education purposes,,Ontustik Kazakhstan,KZONT,22.8
2016,Percent,access to the internet for education purposes,,Pavlodar,KZPAV,46.9
2016,Percent,access to the internet for education purposes,,Soltustik Kazakhstan,KZSEV,23.2
2016,Percent,access to the internet for education purposes,,Shygys Kazakhstan,KZVOS,34.7
2016,Percent,access to the internet for education purposes,,Astana city,KZNS,75.3
2016,Percent,access to the internet for education purposes,,Almaty city,KZALA,98.0
2016,Percent,sources of drinking water,,,,100.0
2016,Percent,separate restrooms which meet minimum standards,,,,100.0
2016,Percent,separate restrooms which meet minimum standards,,Akmola,KZAKM,100.0
2016,Percent,separate restrooms which meet minimum standards,,Aktobe,KZAKT,100.0
2016,Percent,separate restrooms which meet minimum standards,,Almaty,KZALM,100.0
2016,Percent,separate restrooms which meet minimum standards,,Atyrau,KZATY,100.0
2016,Percent,separate restrooms which meet minimum standards,,Batys Kazakhstan,KZZAP,100.0
2016,Percent,separate restrooms which meet minimum standards,,Zhambyl,KZZHA,100.0
2016,Percent,separate restrooms which meet minimum standards,,Karagandy,KZKAR,100.0
2016,Percent,separate restrooms which meet minimum standards,,Kostanay,KZKUS,100.0
2016,Percent,separate restrooms which meet minimum standards,,Kyzylorda,KZKZY,100.0
2016,Percent,separate restrooms which meet minimum standards,,Mangistau,KZMAN,100.0
2016,Percent,separate restrooms which meet minimum standards,,Ontustik Kazakhstan,KZONT,100.0
2016,Percent,separate restrooms which meet minimum standards,,Pavlodar,KZPAV,100.0
2016,Percent,separate restrooms which meet minimum standards,,Soltustik Kazakhstan,KZSEV,100.0
2016,Percent,separate restrooms which meet minimum standards,,Turkistan,KZYUZ,100.0
2016,Percent,separate restrooms which meet minimum standards,,Shygys Kazakhstan,KZVOS,100.0
2016,Percent,separate restrooms which meet minimum standards,,Astana city,KZNS,100.0
2016,Percent,separate restrooms which meet minimum standards,,Almaty city,KZALA,100.0
2016,Percent,separate restrooms which meet minimum standards,,Shymkent city,KZSHY,100.0
2017,Percent,access to the internet for education purposes,,,,62.6
2017,Percent,access to the internet for education purposes,,Akmola,KZAKM,94.8
2017,Percent,access to the internet for education purposes,,Aktobe,KZAKT,31.3
2017,Percent,access to the internet for education purposes,,Almaty,KZALM,82.3
2017,Percent,access to the internet for education purposes,,Atyrau,KZATY,63.8
2017,Percent,access to the internet for education purposes,,Batys Kazakhstan,KZZAP,72.3
2017,Percent,access to the internet for education purposes,,Zhambyl,KZZHA,72.0
2017,Percent,access to the internet for education purposes,,Karagandy,KZKAR,71.8
2017,Percent,access to the internet for education purposes,,Kostanay,KZKUS,37.6
2017,Percent,access to the internet for education purposes,,Kyzylorda,KZKZY,37.8
2017,Percent,access to the internet for education purposes,,Mangistau,KZMAN,92.5
2017,Percent,access to the internet for education purposes,,Ontustik Kazakhstan,KZONT,39.7
2017,Percent,access to the internet for education purposes,,Pavlodar,KZPAV,91.9
2017,Percent,access to the internet for education purposes,,Soltustik Kazakhstan,KZSEV,63.3
2017,Percent,access to the internet for education purposes,,Shygys Kazakhstan,KZVOS,41.5
2017,Percent,access to the internet for education purposes,,Astana city,KZNS,84.3
2017,Percent,access to the internet for education purposes,,Almaty city,KZALA,93.5
2017,Percent,sources of drinking water,,,,100.0
2017,Percent,separate restrooms which meet minimum standards,,,,100.0
2017,Percent,separate restrooms which meet minimum standards,,Akmola,KZAKM,100.0
2017,Percent,separate restrooms which meet minimum standards,,Aktobe,KZAKT,100.0
2017,Percent,separate restrooms which meet minimum standards,,Almaty,KZALM,100.0
2017,Percent,separate restrooms which meet minimum standards,,Atyrau,KZATY,100.0
2017,Percent,separate restrooms which meet minimum standards,,Batys Kazakhstan,KZZAP,100.0
2017,Percent,separate restrooms which meet minimum standards,,Zhambyl,KZZHA,100.0
2017,Percent,separate restrooms which meet minimum standards,,Karagandy,KZKAR,100.0
2017,Percent,separate restrooms which meet minimum standards,,Kostanay,KZKUS,100.0
2017,Percent,separate restrooms which meet minimum standards,,Kyzylorda,KZKZY,100.0
2017,Percent,separate restrooms which meet minimum standards,,Mangistau,KZMAN,100.0
2017,Percent,separate restrooms which meet minimum standards,,Ontustik Kazakhstan,KZONT,100.0
2017,Percent,separate restrooms which meet minimum standards,,Pavlodar,KZPAV,100.0
2017,Percent,separate restrooms which meet minimum standards,,Soltustik Kazakhstan,KZSEV,100.0
2017,Percent,separate restrooms which meet minimum standards,,Turkistan,KZYUZ,100.0
2017,Percent,separate restrooms which meet minimum standards,,Shygys Kazakhstan,KZVOS,100.0
2017,Percent,separate restrooms which meet minimum standards,,Astana city,KZNS,100.0
2017,Percent,separate restrooms which meet minimum standards,,Almaty city,KZALA,100.0
2017,Percent,separate restrooms which meet minimum standards,,Shymkent city,KZSHY,100.0
2018,Percent,access to the internet for education purposes,,,,89.5
2018,Percent,access to the internet for education purposes,,Akmola,KZAKM,97.8
2018,Percent,access to the internet for education purposes,,Aktobe,KZAKT,93.3
2018,Percent,access to the internet for education purposes,,Almaty,KZALM,95.9
2018,Percent,access to the internet for education purposes,,Atyrau,KZATY,84.2
2018,Percent,access to the internet for education purposes,,Batys Kazakhstan,KZZAP,86.5
2018,Percent,access to the internet for education purposes,,Zhambyl,KZZHA,93.1
2018,Percent,access to the internet for education purposes,,Karagandy,KZKAR,94.1
2018,Percent,access to the internet for education purposes,,Kostanay,KZKUS,80.5
2018,Percent,access to the internet for education purposes,,Kyzylorda,KZKZY,98.1
2018,Percent,access to the internet for education purposes,,Mangistau,KZMAN,98.1
2018,Percent,access to the internet for education purposes,,Pavlodar,KZPAV,98.4
2018,Percent,access to the internet for education purposes,,Soltustik Kazakhstan,KZSEV,85.9
2018,Percent,access to the internet for education purposes,,Turkistan,KZYUZ,66.8
2018,Percent,access to the internet for education purposes,,Shygys Kazakhstan,KZVOS,95.1
2018,Percent,access to the internet for education purposes,,Astana city,KZNS,91.1
2018,Percent,access to the internet for education purposes,,Almaty city,KZALA,96.5
2018,Percent,access to the internet for education purposes,,Shymkent city,KZSHY,94.2
2018,Percent,sources of drinking water,,,,100.0
2018,Percent,separate restrooms which meet minimum standards,,,,100.0
2018,Percent,separate restrooms which meet minimum standards,,Akmola,KZAKM,100.0
2018,Percent,separate restrooms which meet minimum standards,,Aktobe,KZAKT,100.0
2018,Percent,separate restrooms which meet minimum standards,,Almaty,KZALM,100.0
2018,Percent,separate restrooms which meet minimum standards,,Atyrau,KZATY,100.0
2018,Percent,separate restrooms which meet minimum standards,,Batys Kazakhstan,KZZAP,100.0
2018,Percent,separate restrooms which meet minimum standards,,Zhambyl,KZZHA,100.0
2018,Percent,separate restrooms which meet minimum standards,,Karagandy,KZKAR,100.0
2018,Percent,separate restrooms which meet minimum standards,,Kostanay,KZKUS,100.0
2018,Percent,separate restrooms which meet minimum standards,,Kyzylorda,KZKZY,100.0
2018,Percent,separate restrooms which meet minimum standards,,Mangistau,KZMAN,100.0
2018,Percent,separate restrooms which meet minimum standards,,Ontustik Kazakhstan,KZONT,100.0
2018,Percent,separate restrooms which meet minimum standards,,Pavlodar,KZPAV,100.0
2018,Percent,separate restrooms which meet minimum standards,,Soltustik Kazakhstan,KZSEV,100.0
2018,Percent,separate restrooms which meet minimum standards,,Turkistan,KZYUZ,100.0
2018,Percent,separate restrooms which meet minimum standards,,Shygys Kazakhstan,KZVOS,100.0
2018,Percent,separate restrooms which meet minimum standards,,Astana city,KZNS,100.0
2018,Percent,separate restrooms which meet minimum standards,,Almaty city,KZALA,100.0
2018,Percent,separate restrooms which meet minimum standards,,Shymkent city,KZSHY,100.0
2019,Percent,access to the internet for education purposes,,,,94.1
2019,Percent,access to the internet for education purposes,,Akmola,KZAKM,100.0
2019,Percent,access to the internet for education purposes,,Aktobe,KZAKT,97.1
2019,Percent,access to the internet for education purposes,,Almaty,KZALM,91.8
2019,Percent,access to the internet for education purposes,,Atyrau,KZATY,93.7
2019,Percent,access to the internet for education purposes,,Batys Kazakhstan,KZZAP,86.9
2019,Percent,access to the internet for education purposes,,Zhambyl,KZZHA,99.8
2019,Percent,access to the internet for education purposes,,Karagandy,KZKAR,97.4
2019,Percent,access to the internet for education purposes,,Kostanay,KZKUS,91.5
2019,Percent,access to the internet for education purposes,,Kyzylorda,KZKZY,98.1
2019,Percent,access to the internet for education purposes,,Mangistau,KZMAN,100.0
2019,Percent,access to the internet for education purposes,,Pavlodar,KZPAV,99.5
2019,Percent,access to the internet for education purposes,,Soltustik Kazakhstan,KZSEV,90.7
2019,Percent,access to the internet for education purposes,,Turkistan,KZYUZ,83.0
2019,Percent,access to the internet for education purposes,,Shygys Kazakhstan,KZVOS,99.1
2019,Percent,access to the internet for education purposes,,Astana city,KZNS,94.9
2019,Percent,access to the internet for education purposes,,Almaty city,KZALA,98.6
2019,Percent,access to the internet for education purposes,,Shymkent city,KZSHY,91.9
2019,Percent,access to the internet for education purposes,urban,,,96.7
2019,Percent,access to the internet for education purposes,urban,Akmola,KZAKM,100.0
2019,Percent,access to the internet for education purposes,urban,Aktobe,KZAKT,97.8
2019,Percent,access to the internet for education purposes,urban,Almaty,KZALM,96.4
2019,Percent,access to the internet for education purposes,urban,Atyrau,KZATY,96.1
2019,Percent,access to the internet for education purposes,urban,Batys Kazakhstan,KZZAP,93.2
2019,Percent,access to the internet for education purposes,urban,Zhambyl,KZZHA,99.1
2019,Percent,access to the internet for education purposes,urban,Karagandy,KZKAR,97.9
2019,Percent,access to the internet for education purposes,urban,Kostanay,KZKUS,98.0
2019,Percent,access to the internet for education purposes,urban,Kyzylorda,KZKZY,93.7
2019,Percent,access to the internet for education purposes,urban,Mangistau,KZMAN,100.0
2019,Percent,access to the internet for education purposes,urban,Pavlodar,KZPAV,97.9
2019,Percent,access to the internet for education purposes,urban,Soltustik Kazakhstan,KZSEV,98.4
2019,Percent,access to the internet for education purposes,urban,Turkistan,KZYUZ,90.2
2019,Percent,access to the internet for education purposes,urban,Shygys Kazakhstan,KZVOS,98.3
2019,Percent,access to the internet for education purposes,urban,Astana city,KZNS,94.9
2019,Percent,access to the internet for education purposes,urban,Almaty city,KZALA,98.6
2019,Percent,access to the internet for education purposes,urban,Shymkent city,KZSHY,91.9
2019,Percent,access to the internet for education purposes,rural,,,93.0
2019,Percent,access to the internet for education purposes,rural,Akmola,KZAKM,100.0
2019,Percent,access to the internet for education purposes,rural,Aktobe,KZAKT,96.8
2019,Percent,access to the internet for education purposes,rural,Almaty,KZALM,91.0
2019,Percent,access to the internet for education purposes,rural,Atyrau,KZATY,92.4
2019,Percent,access to the internet for education purposes,rural,Batys Kazakhstan,KZZAP,85.4
2019,Percent,access to the internet for education purposes,rural,Zhambyl,KZZHA,100.0
2019,Percent,access to the internet for education purposes,rural,Karagandy,KZKAR,97.0
2019,Percent,access to the internet for education purposes,rural,Kostanay,KZKUS,89.9
2019,Percent,access to the internet for education purposes,rural,Kyzylorda,KZKZY,99.6
2019,Percent,access to the internet for education purposes,rural,Mangistau,KZMAN,100.0
2019,Percent,access to the internet for education purposes,rural,Pavlodar,KZPAV,100.0
2019,Percent,access to the internet for education purposes,rural,Soltustik Kazakhstan,KZSEV,89.6
2019,Percent,access to the internet for education purposes,rural,Turkistan,KZYUZ,81.9
2019,Percent,access to the internet for education purposes,rural,Shygys Kazakhstan,KZVOS,99.4
2019,Percent,sources of drinking water,,,,100.0
2019,Percent,separate restrooms which meet minimum standards,,,,0.0
2019,Percent,separate restrooms which meet minimum standards,,Akmola,KZAKM,100.0
2019,Percent,separate restrooms which meet minimum standards,,Aktobe,KZAKT,100.0
2019,Percent,separate restrooms which meet minimum standards,,Almaty,KZALM,100.0
2019,Percent,separate restrooms which meet minimum standards,,Atyrau,KZATY,100.0
2019,Percent,separate restrooms which meet minimum standards,,Batys Kazakhstan,KZZAP,100.0
2019,Percent,separate restrooms which meet minimum standards,,Zhambyl,KZZHA,100.0
2019,Percent,separate restrooms which meet minimum standards,,Karagandy,KZKAR,100.0
2019,Percent,separate restrooms which meet minimum standards,,Kostanay,KZKUS,100.0
2019,Percent,separate restrooms which meet minimum standards,,Kyzylorda,KZKZY,100.0
2019,Percent,separate restrooms which meet minimum standards,,Mangistau,KZMAN,100.0
2019,Percent,separate restrooms which meet minimum standards,,Ontustik Kazakhstan,KZONT,100.0
2019,Percent,separate restrooms which meet minimum standards,,Pavlodar,KZPAV,100.0
2019,Percent,separate restrooms which meet minimum standards,,Soltustik Kazakhstan,KZSEV,100.0
2019,Percent,separate restrooms which meet minimum standards,,Turkistan,KZYUZ,100.0
2019,Percent,separate restrooms which meet minimum standards,,Shygys Kazakhstan,KZVOS,100.0
2019,Percent,separate restrooms which meet minimum standards,,Astana city,KZNS,100.0
2019,Percent,separate restrooms which meet minimum standards,,Almaty city,KZALA,100.0
2019,Percent,separate restrooms which meet minimum standards,,Shymkent city,KZSHY,100.0
2019,Percent,availability of warm and outdoor toilets,,,,41.6
2019,Percent,availability of warm and outdoor toilets,,Akmola,KZAKM,75.1
2019,Percent,availability of warm and outdoor toilets,,Aktobe,KZAKT,39.7
2019,Percent,availability of warm and outdoor toilets,,Almaty,KZALM,37.7
2019,Percent,availability of warm and outdoor toilets,,Atyrau,KZATY,46.9
2019,Percent,availability of warm and outdoor toilets,,Batys Kazakhstan,KZZAP,30.8
2019,Percent,availability of warm and outdoor toilets,,Zhambyl,KZZHA,28.4
2019,Percent,availability of warm and outdoor toilets,,Karagandy,KZKAR,19.4
2019,Percent,availability of warm and outdoor toilets,,Kostanay,KZKUS,66.1
2019,Percent,availability of warm and outdoor toilets,,Kyzylorda,KZKZY,44.9
2019,Percent,availability of warm and outdoor toilets,,Mangistau,KZMAN,28.4
2019,Percent,availability of warm and outdoor toilets,,Pavlodar,KZPAV,72.0
2019,Percent,availability of warm and outdoor toilets,,Soltustik Kazakhstan,KZSEV,63.0
2019,Percent,availability of warm and outdoor toilets,,Turkistan,KZYUZ,34.9
2019,Percent,availability of warm and outdoor toilets,,Shygys Kazakhstan,KZVOS,32.4
2019,Percent,availability of warm and outdoor toilets,,Astana city,KZNS,0.8
2019,Percent,availability of warm and outdoor toilets,,Almaty city,KZALA,3.1
2019,Percent,availability of warm and outdoor toilets,,Shymkent city,KZSHY,46.2
2019,Percent,availability outdoor toilets only,,,,31.3
2019,Percent,availability outdoor toilets only,,Akmola,KZAKM,0.0
2019,Percent,availability outdoor toilets only,,Aktobe,KZAKT,33.0
2019,Percent,availability outdoor toilets only,,Almaty,KZALM,52.6
2019,Percent,availability outdoor toilets only,,Atyrau,KZATY,18.4
2019,Percent,availability outdoor toilets only,,Batys Kazakhstan,KZZAP,51.0
2019,Percent,availability outdoor toilets only,,Zhambyl,KZZHA,58.1
2019,Percent,availability outdoor toilets only,,Karagandy,KZKAR,22.9
2019,Percent,availability outdoor toilets only,,Kostanay,KZKUS,9.3
2019,Percent,availability outdoor toilets only,,Kyzylorda,KZKZY,40.8
2019,Percent,availability outdoor toilets only,,Mangistau,KZMAN,25.2
2019,Percent,availability outdoor toilets only,,Pavlodar,KZPAV,0.5
2019,Percent,availability outdoor toilets only,,Soltustik Kazakhstan,KZSEV,13.6
2019,Percent,availability outdoor toilets only,,Turkistan,KZYUZ,59.1
2019,Percent,availability outdoor toilets only,,Shygys Kazakhstan,KZVOS,40.5
2019,Percent,availability outdoor toilets only,,Astana city,KZNS,0.0
2019,Percent,availability outdoor toilets only,,Almaty city,KZALA,1.0
2019,Percent,availability outdoor toilets only,,Shymkent city,KZSHY,18.5
2019,Percent,availability of only warm toilets,,,,27.1
2019,Percent,availability of only warm toilets,,Akmola,KZAKM,24.9
2019,Percent,availability of only warm toilets,,Aktobe,KZAKT,27.3
2019,Percent,availability of only warm toilets,,Almaty,KZALM,9.7
2019,Percent,availability of only warm toilets,,Atyrau,KZATY,34.8
2019,Percent,availability of only warm toilets,,Batys Kazakhstan,KZZAP,18.2
2019,Percent,availability of only warm toilets,,Zhambyl,KZZHA,13.4
2019,Percent,availability of only warm toilets,,Karagandy,KZKAR,57.7
2019,Percent,availability of only warm toilets,,Kostanay,KZKUS,24.6
2019,Percent,availability of only warm toilets,,Kyzylorda,KZKZY,14.3
2019,Percent,availability of only warm toilets,,Mangistau,KZMAN,46.5
2019,Percent,availability of only warm toilets,,Pavlodar,KZPAV,27.4
2019,Percent,availability of only warm toilets,,Soltustik Kazakhstan,KZSEV,23.5
2019,Percent,availability of only warm toilets,,Turkistan,KZYUZ,6.0
2019,Percent,availability of only warm toilets,,Shygys Kazakhstan,KZVOS,27.1
2019,Percent,availability of only warm toilets,,Astana city,KZNS,99.2
2019,Percent,availability of only warm toilets,,Almaty city,KZALA,95.9
2019,Percent,availability of only warm toilets,,Shymkent city,KZSHY,35.3
2020,Percent,access to the internet for education purposes,,,,96.0
2020,Percent,access to the internet for education purposes,,Akmola,KZAKM,99.0
2020,Percent,access to the internet for education purposes,,Aktobe,KZAKT,98.0
2020,Percent,access to the internet for education purposes,,Almaty,KZALM,94.0
2020,Percent,access to the internet for education purposes,,Atyrau,KZATY,97.0
2020,Percent,access to the internet for education purposes,,Batys Kazakhstan,KZZAP,96.0
2020,Percent,access to the internet for education purposes,,Zhambyl,KZZHA,100.0
2020,Percent,access to the internet for education purposes,,Karagandy,KZKAR,97.0
2020,Percent,access to the internet for education purposes,,Kostanay,KZKUS,99.0
2020,Percent,access to the internet for education purposes,,Kyzylorda,KZKZY,99.0
2020,Percent,access to the internet for education purposes,,Mangistau,KZMAN,99.0
2020,Percent,access to the internet for education purposes,,Pavlodar,KZPAV,99.0
2020,Percent,access to the internet for education purposes,,Soltustik Kazakhstan,KZSEV,96.0
2020,Percent,access to the internet for education purposes,,Turkistan,KZYUZ,84.0
2020,Percent,access to the internet for education purposes,,Shygys Kazakhstan,KZVOS,99.0
2020,Percent,access to the internet for education purposes,,Astana city,KZNS,95.0
2020,Percent,access to the internet for education purposes,,Almaty city,KZALA,98.0
2020,Percent,access to the internet for education purposes,,Shymkent city,KZSHY,97.0
2020,Percent,access to the internet for education purposes,urban,,,97.0
2020,Percent,access to the internet for education purposes,urban,Akmola,KZAKM,97.0
2020,Percent,access to the internet for education purposes,urban,Aktobe,KZAKT,99.0
2020,Percent,access to the internet for education purposes,urban,Almaty,KZALM,97.0
2020,Percent,access to the internet for education purposes,urban,Atyrau,KZATY,96.0
2020,Percent,access to the internet for education purposes,urban,Batys Kazakhstan,KZZAP,99.0
2020,Percent,access to the internet for education purposes,urban,Zhambyl,KZZHA,99.0
2020,Percent,access to the internet for education purposes,urban,Karagandy,KZKAR,98.0
2020,Percent,access to the internet for education purposes,urban,Kostanay,KZKUS,98.0
2020,Percent,access to the internet for education purposes,urban,Kyzylorda,KZKZY,96.0
2020,Percent,access to the internet for education purposes,urban,Mangistau,KZMAN,100.0
2020,Percent,access to the internet for education purposes,urban,Pavlodar,KZPAV,98.0
2020,Percent,access to the internet for education purposes,urban,Soltustik Kazakhstan,KZSEV,98.0
2020,Percent,access to the internet for education purposes,urban,Turkistan,KZYUZ,88.0
2020,Percent,access to the internet for education purposes,urban,Shygys Kazakhstan,KZVOS,98.0
2020,Percent,access to the internet for education purposes,urban,Astana city,KZNS,95.0
2020,Percent,access to the internet for education purposes,urban,Almaty city,KZALA,98.0
2020,Percent,access to the internet for education purposes,urban,Shymkent city,KZSHY,97.0
2020,Percent,access to the internet for education purposes,rural,,,95.0
2020,Percent,access to the internet for education purposes,rural,Akmola,KZAKM,99.0
2020,Percent,access to the internet for education purposes,rural,Aktobe,KZAKT,97.0
2020,Percent,access to the internet for education purposes,rural,Almaty,KZALM,93.0
2020,Percent,access to the internet for education purposes,rural,Atyrau,KZATY,98.0
2020,Percent,access to the internet for education purposes,rural,Batys Kazakhstan,KZZAP,96.0
2020,Percent,access to the internet for education purposes,rural,Zhambyl,KZZHA,100.0
2020,Percent,access to the internet for education purposes,rural,Karagandy,KZKAR,96.0
2020,Percent,access to the internet for education purposes,rural,Kostanay,KZKUS,100.0
2020,Percent,access to the internet for education purposes,rural,Kyzylorda,KZKZY,100.0
2020,Percent,access to the internet for education purposes,rural,Mangistau,KZMAN,99.0
2020,Percent,access to the internet for education purposes,rural,Pavlodar,KZPAV,100.0
2020,Percent,access to the internet for education purposes,rural,Soltustik Kazakhstan,KZSEV,95.0
2020,Percent,access to the internet for education purposes,rural,Turkistan,KZYUZ,83.0
2020,Percent,access to the internet for education purposes,rural,Shygys Kazakhstan,KZVOS,99.0
2020,Percent,sources of drinking water,,,,100.0
2020,Percent,separate restrooms which meet minimum standards,,,,100.0
2020,Percent,separate restrooms which meet minimum standards,,Akmola,KZAKM,100.0
2020,Percent,separate restrooms which meet minimum standards,,Aktobe,KZAKT,100.0
2020,Percent,separate restrooms which meet minimum standards,,Almaty,KZALM,100.0
2020,Percent,separate restrooms which meet minimum standards,,Atyrau,KZATY,100.0
2020,Percent,separate restrooms which meet minimum standards,,Batys Kazakhstan,KZZAP,100.0
2020,Percent,separate restrooms which meet minimum standards,,Zhambyl,KZZHA,100.0
2020,Percent,separate restrooms which meet minimum standards,,Karagandy,KZKAR,100.0
2020,Percent,separate restrooms which meet minimum standards,,Kostanay,KZKUS,100.0
2020,Percent,separate restrooms which meet minimum standards,,Kyzylorda,KZKZY,100.0
2020,Percent,separate restrooms which meet minimum standards,,Mangistau,KZMAN,100.0
2020,Percent,separate restrooms which meet minimum standards,,Ontustik Kazakhstan,KZONT,0.0
2020,Percent,separate restrooms which meet minimum standards,,Pavlodar,KZPAV,100.0
2020,Percent,separate restrooms which meet minimum standards,,Soltustik Kazakhstan,KZSEV,100.0
2020,Percent,separate restrooms which meet minimum standards,,Turkistan,KZYUZ,100.0
2020,Percent,separate restrooms which meet minimum standards,,Shygys Kazakhstan,KZVOS,100.0
2020,Percent,separate restrooms which meet minimum standards,,Astana city,KZNS,100.0
2020,Percent,separate restrooms which meet minimum standards,,Almaty city,KZALA,100.0
2020,Percent,separate restrooms which meet minimum standards,,Shymkent city,KZSHY,100.0
2020,Percent,availability of warm and outdoor toilets,,,,47.2
2020,Percent,availability of warm and outdoor toilets,,Akmola,KZAKM,68.5
2020,Percent,availability of warm and outdoor toilets,,Aktobe,KZAKT,61.4
2020,Percent,availability of warm and outdoor toilets,,Almaty,KZALM,69.6
2020,Percent,availability of warm and outdoor toilets,,Atyrau,KZATY,51.4
2020,Percent,availability of warm and outdoor toilets,,Batys Kazakhstan,KZZAP,78.6
2020,Percent,availability of warm and outdoor toilets,,Zhambyl,KZZHA,2.6
2020,Percent,availability of warm and outdoor toilets,,Karagandy,KZKAR,12.0
2020,Percent,availability of warm and outdoor toilets,,Kostanay,KZKUS,57.4
2020,Percent,availability of warm and outdoor toilets,,Kyzylorda,KZKZY,81.5
2020,Percent,availability of warm and outdoor toilets,,Mangistau,KZMAN,44.8
2020,Percent,availability of warm and outdoor toilets,,Pavlodar,KZPAV,10.9
2020,Percent,availability of warm and outdoor toilets,,Soltustik Kazakhstan,KZSEV,70.8
2020,Percent,availability of warm and outdoor toilets,,Turkistan,KZYUZ,51.1
2020,Percent,availability of warm and outdoor toilets,,Shygys Kazakhstan,KZVOS,45.9
2020,Percent,availability of warm and outdoor toilets,,Astana city,KZNS,1.5
2020,Percent,availability of warm and outdoor toilets,,Almaty city,KZALA,2.3
2020,Percent,availability of warm and outdoor toilets,,Shymkent city,KZSHY,15.2
2020,Percent,availability outdoor toilets only,,,,7.1
2020,Percent,availability outdoor toilets only,,Akmola,KZAKM,0.2
2020,Percent,availability outdoor toilets only,,Aktobe,KZAKT,0.0
2020,Percent,availability outdoor toilets only,,Almaty,KZALM,14.5
2020,Percent,availability outdoor toilets only,,Atyrau,KZATY,1.0
2020,Percent,availability outdoor toilets only,,Batys Kazakhstan,KZZAP,0.0
2020,Percent,availability outdoor toilets only,,Zhambyl,KZZHA,1.1
2020,Percent,availability outdoor toilets only,,Karagandy,KZKAR,0.0
2020,Percent,availability outdoor toilets only,,Kostanay,KZKUS,2.6
2020,Percent,availability outdoor toilets only,,Kyzylorda,KZKZY,1.6
2020,Percent,availability outdoor toilets only,,Mangistau,KZMAN,3.7
2020,Percent,availability outdoor toilets only,,Pavlodar,KZPAV,0.0
2020,Percent,availability outdoor toilets only,,Soltustik Kazakhstan,KZSEV,0.6
2020,Percent,availability outdoor toilets only,,Turkistan,KZYUZ,40.3
2020,Percent,availability outdoor toilets only,,Shygys Kazakhstan,KZVOS,0.0
2020,Percent,availability outdoor toilets only,,Astana city,KZNS,0.0
2020,Percent,availability outdoor toilets only,,Almaty city,KZALA,0.0
2020,Percent,availability outdoor toilets only,,Shymkent city,KZSHY,0.5
2020,Percent,availability of only warm toilets,,,,45.6
2020,Percent,availability of only warm toilets,,Akmola,KZAKM,31.3
2020,Percent,availability of only warm toilets,,Aktobe,KZAKT,38.6
2020,Percent,availability of only warm toilets,,Almaty,KZALM,15.9
2020,Percent,availability of only warm toilets,,Atyrau,KZATY,47.1
2020,Percent,availability of only warm toilets,,Batys Kazakhstan,KZZAP,21.4
2020,Percent,availability of only warm toilets,,Zhambyl,KZZHA,96.4
2020,Percent,availability of only warm toilets,,Karagandy,KZKAR,88.0
2020,Percent,availability of only warm toilets,,Kostanay,KZKUS,40.0
2020,Percent,availability of only warm toilets,,Kyzylorda,KZKZY,16.9
2020,Percent,availability of only warm toilets,,Mangistau,KZMAN,51.5
2020,Percent,availability of only warm toilets,,Pavlodar,KZPAV,89.1
2020,Percent,availability of only warm toilets,,Soltustik Kazakhstan,KZSEV,28.5
2020,Percent,availability of only warm toilets,,Turkistan,KZYUZ,8.6
2020,Percent,availability of only warm toilets,,Shygys Kazakhstan,KZVOS,54.1
2020,Percent,availability of only warm toilets,,Astana city,KZNS,97.7
2020,Percent,availability of only warm toilets,,Almaty city,KZALA,97.0
2020,Percent,availability of only warm toilets,,Shymkent city,KZSHY,84.2
2021,Percent,access to the internet for education purposes,,,,96.7
2021,Percent,access to the internet for education purposes,,Akmola,KZAKM,99.1
2021,Percent,access to the internet for education purposes,,Aktobe,KZAKT,99.8
2021,Percent,access to the internet for education purposes,,Almaty,KZALM,96.0
2021,Percent,access to the internet for education purposes,,Atyrau,KZATY,96.7
2021,Percent,access to the internet for education purposes,,Batys Kazakhstan,KZZAP,99.7
2021,Percent,access to the internet for education purposes,,Zhambyl,KZZHA,99.6
2021,Percent,access to the internet for education purposes,,Karagandy,KZKAR,97.7
2021,Percent,access to the internet for education purposes,,Kostanay,KZKUS,99.8
2021,Percent,access to the internet for education purposes,,Kyzylorda,KZKZY,98.8
2021,Percent,access to the internet for education purposes,,Mangistau,KZMAN,98.3
2021,Percent,access to the internet for education purposes,,Pavlodar,KZPAV,99.5
2021,Percent,access to the internet for education purposes,,Soltustik Kazakhstan,KZSEV,96.2
2021,Percent,access to the internet for education purposes,,Turkistan,KZYUZ,85.8
2021,Percent,access to the internet for education purposes,,Shygys Kazakhstan,KZVOS,99.1
2021,Percent,access to the internet for education purposes,,Astana city,KZNS,92.5
2021,Percent,access to the internet for education purposes,,Almaty city,KZALA,98.7
2021,Percent,access to the internet for education purposes,,Shymkent city,KZSHY,97.1
2021,Percent,access to the internet for education purposes,urban,,,97.1
2021,Percent,access to the internet for education purposes,urban,Akmola,KZAKM,98.1
2021,Percent,access to the internet for education purposes,urban,Aktobe,KZAKT,99.3
2021,Percent,access to the internet for education purposes,urban,Almaty,KZALM,98.2
2021,Percent,access to the internet for education purposes,urban,Atyrau,KZATY,96.4
2021,Percent,access to the internet for education purposes,urban,Batys Kazakhstan,KZZAP,98.7
2021,Percent,access to the internet for education purposes,urban,Zhambyl,KZZHA,99.1
2021,Percent,access to the internet for education purposes,urban,Karagandy,KZKAR,98.3
2021,Percent,access to the internet for education purposes,urban,Kostanay,KZKUS,99.1
2021,Percent,access to the internet for education purposes,urban,Kyzylorda,KZKZY,96.3
2021,Percent,access to the internet for education purposes,urban,Mangistau,KZMAN,98.5
2021,Percent,access to the internet for education purposes,urban,Pavlodar,KZPAV,98.0
2021,Percent,access to the internet for education purposes,urban,Soltustik Kazakhstan,KZSEV,98.4
2021,Percent,access to the internet for education purposes,urban,Turkistan,KZYUZ,85.7
2021,Percent,access to the internet for education purposes,urban,Shygys Kazakhstan,KZVOS,98.4
2021,Percent,access to the internet for education purposes,urban,Astana city,KZNS,92.5
2021,Percent,access to the internet for education purposes,urban,Almaty city,KZALA,98.7
2021,Percent,access to the internet for education purposes,urban,Shymkent city,KZSHY,97.1
2021,Percent,access to the internet for education purposes,rural,,,96.5
2021,Percent,access to the internet for education purposes,rural,Akmola,KZAKM,99.4
2021,Percent,access to the internet for education purposes,rural,Aktobe,KZAKT,100.0
2021,Percent,access to the internet for education purposes,rural,Almaty,KZALM,95.6
2021,Percent,access to the internet for education purposes,rural,Atyrau,KZATY,96.9
2021,Percent,access to the internet for education purposes,rural,Batys Kazakhstan,KZZAP,100.0
2021,Percent,access to the internet for education purposes,rural,Zhambyl,KZZHA,99.7
2021,Percent,access to the internet for education purposes,rural,Karagandy,KZKAR,97.3
2021,Percent,access to the internet for education purposes,rural,Kostanay,KZKUS,100.0
2021,Percent,access to the internet for education purposes,rural,Kyzylorda,KZKZY,99.6
2021,Percent,access to the internet for education purposes,rural,Mangistau,KZMAN,98.1
2021,Percent,access to the internet for education purposes,rural,Pavlodar,KZPAV,100.0
2021,Percent,access to the internet for education purposes,rural,Soltustik Kazakhstan,KZSEV,95.9
2021,Percent,access to the internet for education purposes,rural,Turkistan,KZYUZ,85.8
2021,Percent,access to the internet for education purposes,rural,Shygys Kazakhstan,KZVOS,99.4
2021,Percent,sources of drinking water,,,,100.0
2021,Percent,separate restrooms which meet minimum standards,,,,100.0
2021,Percent,separate restrooms which meet minimum standards,,Akmola,KZAKM,100.0
2021,Percent,separate restrooms which meet minimum standards,,Aktobe,KZAKT,100.0
2021,Percent,separate restrooms which meet minimum standards,,Almaty,KZALM,100.0
2021,Percent,separate restrooms which meet minimum standards,,Atyrau,KZATY,100.0
2021,Percent,separate restrooms which meet minimum standards,,Batys Kazakhstan,KZZAP,100.0
2021,Percent,separate restrooms which meet minimum standards,,Zhambyl,KZZHA,100.0
2021,Percent,separate restrooms which meet minimum standards,,Karagandy,KZKAR,100.0
2021,Percent,separate restrooms which meet minimum standards,,Kostanay,KZKUS,100.0
2021,Percent,separate restrooms which meet minimum standards,,Kyzylorda,KZKZY,100.0
2021,Percent,separate restrooms which meet minimum standards,,Mangistau,KZMAN,100.0
2021,Percent,separate restrooms which meet minimum standards,,Ontustik Kazakhstan,KZONT,0.0
2021,Percent,separate restrooms which meet minimum standards,,Pavlodar,KZPAV,100.0
2021,Percent,separate restrooms which meet minimum standards,,Soltustik Kazakhstan,KZSEV,100.0
2021,Percent,separate restrooms which meet minimum standards,,Turkistan,KZYUZ,100.0
2021,Percent,separate restrooms which meet minimum standards,,Shygys Kazakhstan,KZVOS,100.0
2021,Percent,separate restrooms which meet minimum standards,,Astana city,KZNS,100.0
2021,Percent,separate restrooms which meet minimum standards,,Almaty city,KZALA,100.0
2021,Percent,separate restrooms which meet minimum standards,,Shymkent city,KZSHY,100.0
2021,Percent,availability of warm and outdoor toilets,,,,20.6
2021,Percent,availability of warm and outdoor toilets,,Akmola,KZAKM,2.6
2021,Percent,availability of warm and outdoor toilets,,Aktobe,KZAKT,43.4
2021,Percent,availability of warm and outdoor toilets,,Almaty,KZALM,29.4
2021,Percent,availability of warm and outdoor toilets,,Atyrau,KZATY,27.7
2021,Percent,availability of warm and outdoor toilets,,Batys Kazakhstan,KZZAP,66.8
2021,Percent,availability of warm and outdoor toilets,,Zhambyl,KZZHA,4.3
2021,Percent,availability of warm and outdoor toilets,,Karagandy,KZKAR,5.7
2021,Percent,availability of warm and outdoor toilets,,Kostanay,KZKUS,27.2
2021,Percent,availability of warm and outdoor toilets,,Kyzylorda,KZKZY,74.3
2021,Percent,availability of warm and outdoor toilets,,Mangistau,KZMAN,6.4
2021,Percent,availability of warm and outdoor toilets,,Pavlodar,KZPAV,0.8
2021,Percent,availability of warm and outdoor toilets,,Soltustik Kazakhstan,KZSEV,0.6
2021,Percent,availability of warm and outdoor toilets,,Turkistan,KZYUZ,35.8
2021,Percent,availability of warm and outdoor toilets,,Shygys Kazakhstan,KZVOS,0.9
2021,Percent,availability of warm and outdoor toilets,,Astana city,KZNS,0.0
2021,Percent,availability of warm and outdoor toilets,,Almaty city,KZALA,0.9
2021,Percent,availability of warm and outdoor toilets,,Shymkent city,KZSHY,4.4
2021,Percent,availability outdoor toilets only,,,,1.0
2021,Percent,availability outdoor toilets only,,Akmola,KZAKM,0.2
2021,Percent,availability outdoor toilets only,,Aktobe,KZAKT,0.0
2021,Percent,availability outdoor toilets only,,Almaty,KZALM,1.9
2021,Percent,availability outdoor toilets only,,Atyrau,KZATY,0.5
2021,Percent,availability outdoor toilets only,,Batys Kazakhstan,KZZAP,0.5
2021,Percent,availability outdoor toilets only,,Zhambyl,KZZHA,0.4
2021,Percent,availability outdoor toilets only,,Karagandy,KZKAR,0.0
2021,Percent,availability outdoor toilets only,,Kostanay,KZKUS,0.2
2021,Percent,availability outdoor toilets only,,Kyzylorda,KZKZY,0.0
2021,Percent,availability outdoor toilets only,,Mangistau,KZMAN,0.0
2021,Percent,availability outdoor toilets only,,Pavlodar,KZPAV,0.0
2021,Percent,availability outdoor toilets only,,Soltustik Kazakhstan,KZSEV,0.0
2021,Percent,availability outdoor toilets only,,Turkistan,KZYUZ,5.4
2021,Percent,availability outdoor toilets only,,Shygys Kazakhstan,KZVOS,0.3
2021,Percent,availability outdoor toilets only,,Astana city,KZNS,0.0
2021,Percent,availability outdoor toilets only,,Almaty city,KZALA,0.0
2021,Percent,availability outdoor toilets only,,Shymkent city,KZSHY,0.0
2021,Percent,availability of only warm toilets,,,,78.4
2021,Percent,availability of only warm toilets,,Akmola,KZAKM,97.2
2021,Percent,availability of only warm toilets,,Aktobe,KZAKT,56.6
2021,Percent,availability of only warm toilets,,Almaty,KZALM,68.8
2021,Percent,availability of only warm toilets,,Atyrau,KZATY,71.8
2021,Percent,availability of only warm toilets,,Batys Kazakhstan,KZZAP,32.6
2021,Percent,availability of only warm toilets,,Zhambyl,KZZHA,95.2
2021,Percent,availability of only warm toilets,,Karagandy,KZKAR,94.3
2021,Percent,availability of only warm toilets,,Kostanay,KZKUS,72.6
2021,Percent,availability of only warm toilets,,Kyzylorda,KZKZY,25.7
2021,Percent,availability of only warm toilets,,Mangistau,KZMAN,93.6
2021,Percent,availability of only warm toilets,,Pavlodar,KZPAV,99.2
2021,Percent,availability of only warm toilets,,Soltustik Kazakhstan,KZSEV,99.4
2021,Percent,availability of only warm toilets,,Turkistan,KZYUZ,58.8
2021,Percent,availability of only warm toilets,,Shygys Kazakhstan,KZVOS,98.8
2021,Percent,availability of only warm toilets,,Astana city,KZNS,100.0
2021,Percent,availability of only warm toilets,,Almaty city,KZALA,99.1
2021,Percent,availability of only warm toilets,,Shymkent city,KZSHY,95.6
2022,Percent,access to the internet for education purposes,,,,97.5
2022,Percent,access to the internet for education purposes,,Abai,KZABY,99.4
2022,Percent,access to the internet for education purposes,,Akmola,KZAKM,99.3
2022,Percent,access to the internet for education purposes,,Aktobe,KZAKT,99.8
2022,Percent,access to the internet for education purposes,,Almaty,KZALM,98.3
2022,Percent,access to the internet for education purposes,,Atyrau,KZATY,96.8
2022,Percent,access to the internet for education purposes,,Batys Kazakhstan,KZZAP,99.7
2022,Percent,access to the internet for education purposes,,Zhambyl,KZZHA,99.0
2022,Percent,access to the internet for education purposes,,Zhetisu,KZZHS,99.7
2022,Percent,access to the internet for education purposes,,Karagandy,KZKAR,98.9
2022,Percent,access to the internet for education purposes,,Kostanay,KZKUS,99.6
2022,Percent,access to the internet for education purposes,,Kyzylorda,KZKZY,100.0
2022,Percent,access to the internet for education purposes,,Mangistau,KZMAN,98.9
2022,Percent,access to the internet for education purposes,,Pavlodar,KZPAV,99.2
2022,Percent,access to the internet for education purposes,,Soltustik Kazakhstan,KZSEV,98.7
2022,Percent,access to the internet for education purposes,,Turkistan,KZYUZ,88.3
2022,Percent,access to the internet for education purposes,,Ulytau,KZULU,97.7
2022,Percent,access to the internet for education purposes,,Shygys Kazakhstan,KZVOS,98.9
2022,Percent,access to the internet for education purposes,,Astana city,KZNS,95.1
2022,Percent,access to the internet for education purposes,,Almaty city,KZALA,96.7
2022,Percent,access to the internet for education purposes,,Shymkent city,KZSHY,98.0
2022,Percent,access to the internet for education purposes,urban,,,97.4
2022,Percent,access to the internet for education purposes,urban,Abai,KZABY,98.9
2022,Percent,access to the internet for education purposes,urban,Akmola,KZAKM,98.1
2022,Percent,access to the internet for education purposes,urban,Aktobe,KZAKT,99.3
2022,Percent,access to the internet for education purposes,urban,Almaty,KZALM,98.0
2022,Percent,access to the internet for education purposes,urban,Atyrau,KZATY,96.7
2022,Percent,access to the internet for education purposes,urban,Batys Kazakhstan,KZZAP,98.7
2022,Percent,access to the internet for education purposes,urban,Zhambyl,KZZHA,97.6
2022,Percent,access to the internet for education purposes,urban,Zhetisu,KZZHS,100.0
2022,Percent,access to the internet for education purposes,urban,Karagandy,KZKAR,98.5
2022,Percent,access to the internet for education purposes,urban,Kostanay,KZKUS,99.1
2022,Percent,access to the internet for education purposes,urban,Kyzylorda,KZKZY,100.0
2022,Percent,access to the internet for education purposes,urban,Mangistau,KZMAN,98.6
2022,Percent,access to the internet for education purposes,urban,Pavlodar,KZPAV,97.9
2022,Percent,access to the internet for education purposes,urban,Soltustik Kazakhstan,KZSEV,98.4
2022,Percent,access to the internet for education purposes,urban,Turkistan,KZYUZ,90.1
2022,Percent,access to the internet for education purposes,urban,Ulytau,KZULU,97.4
2022,Percent,access to the internet for education purposes,urban,Shygys Kazakhstan,KZVOS,97.1
2022,Percent,access to the internet for education purposes,urban,Astana city,KZNS,95.1
2022,Percent,access to the internet for education purposes,urban,Almaty city,KZALA,96.7
2022,Percent,access to the internet for education purposes,urban,Shymkent city,KZSHY,98.0
2022,Percent,access to the internet for education purposes,rural,,,97.5
2022,Percent,access to the internet for education purposes,rural,ABY,ABY,99.6
2022,Percent,access to the internet for education purposes,rural,Akmola,KZAKM,99.6
2022,Percent,access to the internet for education purposes,rural,Aktobe,KZAKT,100.0
2022,Percent,access to the internet for education purposes,rural,Almaty,KZALM,98.3
2022,Percent,access to the internet for education purposes,rural,Atyrau,KZATY,96.9
2022,Percent,access to the internet for education purposes,rural,Batys Kazakhstan,KZZAP,100.0
2022,Percent,access to the internet for education purposes,rural,Zhambyl,KZZHA,99.5
2022,Percent,access to the internet for education purposes,rural,Zhetisu,KZZHS,99.6
2022,Percent,access to the internet for education purposes,rural,Karagandy,KZKAR,99.2
2022,Percent,access to the internet for education purposes,rural,Kostanay,KZKUS,99.7
2022,Percent,access to the internet for education purposes,rural,Kyzylorda,KZKZY,100.0
2022,Percent,access to the internet for education purposes,rural,Mangistau,KZMAN,99.1
2022,Percent,access to the internet for education purposes,rural,Pavlodar,KZPAV,99.6
2022,Percent,access to the internet for education purposes,rural,Soltustik Kazakhstan,KZSEV,98.8
2022,Percent,access to the internet for education purposes,rural,Turkistan,KZYUZ,88.0
2022,Percent,access to the internet for education purposes,rural,Ulytau,KZULU,98.0
2022,Percent,access to the internet for education purposes,rural,Shygys Kazakhstan,KZVOS,99.6
2022,Percent,sources of drinking water,,,,100.0
2022,Percent,separate restrooms which meet minimum standards,,,,100.0
2022,Percent,separate restrooms which meet minimum standards,,Abai,KZABY,100.0
2022,Percent,separate restrooms which meet minimum standards,,Akmola,KZAKM,100.0
2022,Percent,separate restrooms which meet minimum standards,,Aktobe,KZAKT,100.0
2022,Percent,separate restrooms which meet minimum standards,,Almaty,KZALM,100.0
2022,Percent,separate restrooms which meet minimum standards,,Atyrau,KZATY,100.0
2022,Percent,separate restrooms which meet minimum standards,,Batys Kazakhstan,KZZAP,100.0
2022,Percent,separate restrooms which meet minimum standards,,Zhambyl,KZZHA,100.0
2022,Percent,separate restrooms which meet minimum standards,,Zhetisu,KZZHS,100.0
2022,Percent,separate restrooms which meet minimum standards,,Karagandy,KZKAR,100.0
2022,Percent,separate restrooms which meet minimum standards,,Kostanay,KZKUS,100.0
2022,Percent,separate restrooms which meet minimum standards,,Kyzylorda,KZKZY,100.0
2022,Percent,separate restrooms which meet minimum standards,,Mangistau,KZMAN,100.0
2022,Percent,separate restrooms which meet minimum standards,,Pavlodar,KZPAV,100.0
2022,Percent,separate restrooms which meet minimum standards,,Soltustik Kazakhstan,KZSEV,100.0
2022,Percent,separate restrooms which meet minimum standards,,Turkistan,KZYUZ,100.0
2022,Percent,separate restrooms which meet minimum standards,,Ulytau,KZULU,100.0
2022,Percent,separate restrooms which meet minimum standards,,Shygys Kazakhstan,KZVOS,100.0
2022,Percent,separate restrooms which meet minimum standards,,Astana city,KZNS,100.0
2022,Percent,separate restrooms which meet minimum standards,,Almaty city,KZALA,100.0
2022,Percent,separate restrooms which meet minimum standards,,Shymkent city,KZSHY,100.0
2022,Percent,availability of warm and outdoor toilets,,,,19.9
2022,Percent,availability of warm and outdoor toilets,,Abai,KZABY,1.9
2022,Percent,availability of warm and outdoor toilets,,Akmola,KZAKM,2.0
2022,Percent,availability of warm and outdoor toilets,,Aktobe,KZAKT,40.1
2022,Percent,availability of warm and outdoor toilets,,Almaty,KZALM,39.9
2022,Percent,availability of warm and outdoor toilets,,Atyrau,KZATY,24.5
2022,Percent,availability of warm and outdoor toilets,,Batys Kazakhstan,KZZAP,65.4
2022,Percent,availability of warm and outdoor toilets,,Zhambyl,KZZHA,6.0
2022,Percent,availability of warm and outdoor toilets,,Zhetisu,KZZHS,15.8
2022,Percent,availability of warm and outdoor toilets,,Karagandy,KZKAR,0.2
2022,Percent,availability of warm and outdoor toilets,,Kostanay,KZKUS,24.2
2022,Percent,availability of warm and outdoor toilets,,Kyzylorda,KZKZY,67.7
2022,Percent,availability of warm and outdoor toilets,,Mangistau,KZMAN,4.3
2022,Percent,availability of warm and outdoor toilets,,Pavlodar,KZPAV,1.1
2022,Percent,availability of warm and outdoor toilets,,Soltustik Kazakhstan,KZSEV,0.9
2022,Percent,availability of warm and outdoor toilets,,Turkistan,KZYUZ,37.8
2022,Percent,availability of warm and outdoor toilets,,Ulytau,KZULU,3.4
2022,Percent,availability of warm and outdoor toilets,,Shygys Kazakhstan,KZVOS,3.6
2022,Percent,availability of warm and outdoor toilets,,Astana city,KZNS,0.0
2022,Percent,availability of warm and outdoor toilets,,Almaty city,KZALA,0.9
2022,Percent,availability of warm and outdoor toilets,,Shymkent city,KZSHY,4.4
2022,Percent,availability outdoor toilets only,,,,0.5
2022,Percent,availability outdoor toilets only,,Abai,KZABY,0.0
2022,Percent,availability outdoor toilets only,,Akmola,KZAKM,0.2
2022,Percent,availability outdoor toilets only,,Aktobe,KZAKT,0.0
2022,Percent,availability outdoor toilets only,,Almaty,KZALM,0.4
2022,Percent,availability outdoor toilets only,,Atyrau,KZATY,0.5
2022,Percent,availability outdoor toilets only,,Batys Kazakhstan,KZZAP,0.5
2022,Percent,availability outdoor toilets only,,Zhambyl,KZZHA,0.2
2022,Percent,availability outdoor toilets only,,Zhetisu,KZZHS,0.3
2022,Percent,availability outdoor toilets only,,Karagandy,KZKAR,0.0
2022,Percent,availability outdoor toilets only,,Kostanay,KZKUS,0.2
2022,Percent,availability outdoor toilets only,,Kyzylorda,KZKZY,0.0
2022,Percent,availability outdoor toilets only,,Mangistau,KZMAN,0.0
2022,Percent,availability outdoor toilets only,,Pavlodar,KZPAV,0.0
2022,Percent,availability outdoor toilets only,,Soltustik Kazakhstan,KZSEV,0.0
2022,Percent,availability outdoor toilets only,,Turkistan,KZYUZ,2.5
2022,Percent,availability outdoor toilets only,,Ulytau,KZULU,0.0
2022,Percent,availability outdoor toilets only,,Shygys Kazakhstan,KZVOS,0.3
2022,Percent,availability outdoor toilets only,,Astana city,KZNS,0.0
2022,Percent,availability outdoor toilets only,,Almaty city,KZALA,0.0
2022,Percent,availability outdoor toilets only,,Shymkent city,KZSHY,0.0
2022,Percent,availability of only warm toilets,,,,79.7
2022,Percent,availability of only warm toilets,,Abai,KZABY,98.1
2022,Percent,availability of only warm toilets,,Akmola,KZAKM,97.9
2022,Percent,availability of only warm toilets,,Aktobe,KZAKT,59.9
2022,Percent,availability of only warm toilets,,Almaty,KZALM,59.7
2022,Percent,availability of only warm toilets,,Atyrau,KZATY,75.0
2022,Percent,availability of only warm toilets,,Batys Kazakhstan,KZZAP,34.1
2022,Percent,availability of only warm toilets,,Zhambyl,KZZHA,93.8
2022,Percent,availability of only warm toilets,,Zhetisu,KZZHS,84.0
2022,Percent,availability of only warm toilets,,Karagandy,KZKAR,99.8
2022,Percent,availability of only warm toilets,,Kostanay,KZKUS,75.6
2022,Percent,availability of only warm toilets,,Kyzylorda,KZKZY,32.3
2022,Percent,availability of only warm toilets,,Mangistau,KZMAN,95.7
2022,Percent,availability of only warm toilets,,Pavlodar,KZPAV,98.9
2022,Percent,availability of only warm toilets,,Soltustik Kazakhstan,KZSEV,99.1
2022,Percent,availability of only warm toilets,,Turkistan,KZYUZ,59.7
2022,Percent,availability of only warm toilets,,Ulytau,KZULU,96.6
2022,Percent,availability of only warm toilets,,Shygys Kazakhstan,KZVOS,96.1
2022,Percent,availability of only warm toilets,,Astana city,KZNS,100.0
2022,Percent,availability of only warm toilets,,Almaty city,KZALA,99.1
2022,Percent,availability of only warm toilets,,Shymkent city,KZSHY,95.6
2023,Percent,access to the internet for education purposes,,,,98.7
2023,Percent,access to the internet for education purposes,,Abai,KZABY,99.4
2023,Percent,access to the internet for education purposes,,Akmola,KZAKM,99.3
2023,Percent,access to the internet for education purposes,,Aktobe,KZAKT,99.8
2023,Percent,access to the internet for education purposes,,Almaty,KZALM,98.3
2023,Percent,access to the internet for education purposes,,Atyrau,KZATY,97.8
2023,Percent,access to the internet for education purposes,,Batys Kazakhstan,KZZAP,100.0
2023,Percent,access to the internet for education purposes,,Zhambyl,KZZHA,98.7
2023,Percent,access to the internet for education purposes,,Zhetisu,KZZHS,100.0
2023,Percent,access to the internet for education purposes,,Karagandy,KZKAR,98.4
2023,Percent,access to the internet for education purposes,,Kostanay,KZKUS,99.8
2023,Percent,access to the internet for education purposes,,Kyzylorda,KZKZY,100.0
2023,Percent,access to the internet for education purposes,,Mangistau,KZMAN,100.0
2023,Percent,access to the internet for education purposes,,Pavlodar,KZPAV,99.5
2023,Percent,access to the internet for education purposes,,Soltustik Kazakhstan,KZSEV,99.8
2023,Percent,access to the internet for education purposes,,Turkistan,KZYUZ,94.7
2023,Percent,access to the internet for education purposes,,Ulytau,KZULU,100.0
2023,Percent,access to the internet for education purposes,,Shygys Kazakhstan,KZVOS,99.2
2023,Percent,access to the internet for education purposes,,Astana city,KZNS,99.4
2023,Percent,access to the internet for education purposes,,Almaty city,KZALA,99.7
2023,Percent,access to the internet for education purposes,,Shymkent city,KZSHY,99.3
2023,Percent,access to the internet for education purposes,urban,,,98.6
2023,Percent,access to the internet for education purposes,urban,Abai,KZABY,98.9
2023,Percent,access to the internet for education purposes,urban,Akmola,KZAKM,98.2
2023,Percent,access to the internet for education purposes,urban,Aktobe,KZAKT,99.3
2023,Percent,access to the internet for education purposes,urban,Almaty,KZALM,98.2
2023,Percent,access to the internet for education purposes,urban,Atyrau,KZATY,98.0
2023,Percent,access to the internet for education purposes,urban,Batys Kazakhstan,KZZAP,100.0
2023,Percent,access to the internet for education purposes,urban,Zhambyl,KZZHA,97.8
2023,Percent,access to the internet for education purposes,urban,Zhetisu,KZZHS,100.0
2023,Percent,access to the internet for education purposes,urban,Karagandy,KZKAR,98.0
2023,Percent,access to the internet for education purposes,urban,Kostanay,KZKUS,99.1
2023,Percent,access to the internet for education purposes,urban,Kyzylorda,KZKZY,100.0
2023,Percent,access to the internet for education purposes,urban,Mangistau,KZMAN,100.0
2023,Percent,access to the internet for education purposes,urban,Pavlodar,KZPAV,98.0
2023,Percent,access to the internet for education purposes,urban,Soltustik Kazakhstan,KZSEV,98.4
2023,Percent,access to the internet for education purposes,urban,Turkistan,KZYUZ,92.9
2023,Percent,access to the internet for education purposes,urban,Ulytau,KZULU,100.0
2023,Percent,access to the internet for education purposes,urban,Shygys Kazakhstan,KZVOS,98.1
2023,Percent,access to the internet for education purposes,urban,Astana city,KZNS,99.4
2023,Percent,access to the internet for education purposes,urban,Almaty city,KZALA,99.7
2023,Percent,access to the internet for education purposes,urban,Shymkent city,KZSHY,99.3
2023,Percent,access to the internet for education purposes,rural,,,98.8
2023,Percent,access to the internet for education purposes,rural,ABY,ABY,99.6
2023,Percent,access to the internet for education purposes,rural,Akmola,KZAKM,99.6
2023,Percent,access to the internet for education purposes,rural,Aktobe,KZAKT,100.0
2023,Percent,access to the internet for education purposes,rural,Almaty,KZALM,98.3
2023,Percent,access to the internet for education purposes,rural,Atyrau,KZATY,97.7
2023,Percent,access to the internet for education purposes,rural,Batys Kazakhstan,KZZAP,100.0
2023,Percent,access to the internet for education purposes,rural,Zhambyl,KZZHA,99.0
2023,Percent,access to the internet for education purposes,rural,Zhetisu,KZZHS,100.0
2023,Percent,access to the internet for education purposes,rural,Karagandy,KZKAR,98.7
2023,Percent,access to the internet for education purposes,rural,Kostanay,KZKUS,100.0
2023,Percent,access to the internet for education purposes,rural,Kyzylorda,KZKZY,100.0
2023,Percent,access to the internet for education purposes,rural,Mangistau,KZMAN,100.0
2023,Percent,access to the internet for education purposes,rural,Pavlodar,KZPAV,100.0
2023,Percent,access to the internet for education purposes,rural,Soltustik Kazakhstan,KZSEV,100.0
2023,Percent,access to the internet for education purposes,rural,Turkistan,KZYUZ,95.0
2023,Percent,access to the internet for education purposes,rural,Ulytau,KZULU,100.0
2023,Percent,access to the internet for education purposes,rural,Shygys Kazakhstan,KZVOS,99.6
2023,Percent,sources of drinking water,,,,99.9
2023,Percent,separate restrooms which meet minimum standards,,,,100.0
2023,Percent,separate restrooms which meet minimum standards,,Abai,KZABY,100.0
2023,Percent,separate restrooms which meet minimum standards,,Akmola,KZAKM,100.0
2023,Percent,separate restrooms which meet minimum standards,,Aktobe,KZAKT,100.0
2023,Percent,separate restrooms which meet minimum standards,,Almaty,KZALM,100.0
2023,Percent,separate restrooms which meet minimum standards,,Atyrau,KZATY,100.0
2023,Percent,separate restrooms which meet minimum standards,,Batys Kazakhstan,KZZAP,100.0
2023,Percent,separate restrooms which meet minimum standards,,Zhambyl,KZZHA,100.0
2023,Percent,separate restrooms which meet minimum standards,,Zhetisu,KZZHS,100.0
2023,Percent,separate restrooms which meet minimum standards,,Karagandy,KZKAR,100.0
2023,Percent,separate restrooms which meet minimum standards,,Kostanay,KZKUS,100.0
2023,Percent,separate restrooms which meet minimum standards,,Kyzylorda,KZKZY,100.0
2023,Percent,separate restrooms which meet minimum standards,,Mangistau,KZMAN,100.0
2023,Percent,separate restrooms which meet minimum standards,,Pavlodar,KZPAV,100.0
2023,Percent,separate restrooms which meet minimum standards,,Soltustik Kazakhstan,KZSEV,100.0
2023,Percent,separate restrooms which meet minimum standards,,Turkistan,KZYUZ,100.0
2023,Percent,separate restrooms which meet minimum standards,,Ulytau,KZULU,100.0
2023,Percent,separate restrooms which meet minimum standards,,Shygys Kazakhstan,KZVOS,100.0
2023,Percent,separate restrooms which meet minimum standards,,Astana city,KZNS,100.0
2023,Percent,separate restrooms which meet minimum standards,,Almaty city,KZALA,100.0
2023,Percent,separate restrooms which meet minimum standards,,Shymkent city,KZSHY,100.0
2023,Percent,availability of warm and outdoor toilets,,,,18.1
2023,Percent,availability of warm and outdoor toilets,,Abai,KZABY,2.2
2023,Percent,availability of warm and outdoor toilets,,Akmola,KZAKM,0.0
2023,Percent,availability of warm and outdoor toilets,,Aktobe,KZAKT,32.7
2023,Percent,availability of warm and outdoor toilets,,Almaty,KZALM,40.5
2023,Percent,availability of warm and outdoor toilets,,Atyrau,KZATY,21.8
2023,Percent,availability of warm and outdoor toilets,,Batys Kazakhstan,KZZAP,65.1
2023,Percent,availability of warm and outdoor toilets,,Zhambyl,KZZHA,6.7
2023,Percent,availability of warm and outdoor toilets,,Zhetisu,KZZHS,21.3
2023,Percent,availability of warm and outdoor toilets,,Karagandy,KZKAR,1.2
2023,Percent,availability of warm and outdoor toilets,,Kostanay,KZKUS,9.0
2023,Percent,availability of warm and outdoor toilets,,Kyzylorda,KZKZY,54.0
2023,Percent,availability of warm and outdoor toilets,,Mangistau,KZMAN,3.6
2023,Percent,availability of warm and outdoor toilets,,Pavlodar,KZPAV,1.1
2023,Percent,availability of warm and outdoor toilets,,Soltustik Kazakhstan,KZSEV,0.2
2023,Percent,availability of warm and outdoor toilets,,Turkistan,KZYUZ,37.5
2023,Percent,availability of warm and outdoor toilets,,Ulytau,KZULU,3.4
2023,Percent,availability of warm and outdoor toilets,,Shygys Kazakhstan,KZVOS,2.5
2023,Percent,availability of warm and outdoor toilets,,Astana city,KZNS,0.0
2023,Percent,availability of warm and outdoor toilets,,Almaty city,KZALA,1.7
2023,Percent,availability of warm and outdoor toilets,,Shymkent city,KZSHY,5.8
2023,Percent,availability outdoor toilets only,,,,0.4
2023,Percent,availability outdoor toilets only,,Abai,KZABY,0.0
2023,Percent,availability outdoor toilets only,,Akmola,KZAKM,0.0
2023,Percent,availability outdoor toilets only,,Aktobe,KZAKT,0.0
2023,Percent,availability outdoor toilets only,,Almaty,KZALM,0.4
2023,Percent,availability outdoor toilets only,,Atyrau,KZATY,0.4
2023,Percent,availability outdoor toilets only,,Batys Kazakhstan,KZZAP,0.3
2023,Percent,availability outdoor toilets only,,Zhambyl,KZZHA,0.6
2023,Percent,availability outdoor toilets only,,Zhetisu,KZZHS,0.0
2023,Percent,availability outdoor toilets only,,Karagandy,KZKAR,0.0
2023,Percent,availability outdoor toilets only,,Kostanay,KZKUS,0.0
2023,Percent,availability outdoor toilets only,,Kyzylorda,KZKZY,0.0
2023,Percent,availability outdoor toilets only,,Mangistau,KZMAN,0.5
2023,Percent,availability outdoor toilets only,,Pavlodar,KZPAV,0.0
2023,Percent,availability outdoor toilets only,,Soltustik Kazakhstan,KZSEV,0.0
2023,Percent,availability outdoor toilets only,,Turkistan,KZYUZ,2.1
2023,Percent,availability outdoor toilets only,,Ulytau,KZULU,0.0
2023,Percent,availability outdoor toilets only,,Shygys Kazakhstan,KZVOS,0.0
2023,Percent,availability outdoor toilets only,,Astana city,KZNS,0.0
2023,Percent,availability outdoor toilets only,,Almaty city,KZALA,0.0
2023,Percent,availability outdoor toilets only,,Shymkent city,KZSHY,0.0
2023,Percent,availability of only warm toilets,,,,81.6
2023,Percent,availability of only warm toilets,,Abai,KZABY,97.8
2023,Percent,availability of only warm toilets,,Akmola,KZAKM,100.0
2023,Percent,availability of only warm toilets,,Aktobe,KZAKT,67.3
2023,Percent,availability of only warm toilets,,Almaty,KZALM,59.1
2023,Percent,availability of only warm toilets,,Atyrau,KZATY,77.7
2023,Percent,availability of only warm toilets,,Batys Kazakhstan,KZZAP,34.7
2023,Percent,availability of only warm toilets,,Zhambyl,KZZHA,92.7
2023,Percent,availability of only warm toilets,,Zhetisu,KZZHS,78.7
2023,Percent,availability of only warm toilets,,Karagandy,KZKAR,98.8
2023,Percent,availability of only warm toilets,,Kostanay,KZKUS,91.0
2023,Percent,availability of only warm toilets,,Kyzylorda,KZKZY,46.0
2023,Percent,availability of only warm toilets,,Mangistau,KZMAN,95.9
2023,Percent,availability of only warm toilets,,Pavlodar,KZPAV,98.9
2023,Percent,availability of only warm toilets,,Soltustik Kazakhstan,KZSEV,99.8
2023,Percent,availability of only warm toilets,,Turkistan,KZYUZ,60.4
2023,Percent,availability of only warm toilets,,Ulytau,KZULU,96.6
2023,Percent,availability of only warm toilets,,Shygys Kazakhstan,KZVOS,97.5
2023,Percent,availability of only warm toilets,,Astana city,KZNS,100.0
2023,Percent,availability of only warm toilets,,Almaty city,KZALA,98.3
2023,Percent,availability of only warm toilets,,Shymkent city,KZSHY,94.2
2024,Percent,access to the internet for education purposes,,,,98.8
2024,Percent,access to the internet for education purposes,,Abai,KZABY,98.4
2024,Percent,access to the internet for education purposes,,Akmola,KZAKM,99.3
2024,Percent,access to the internet for education purposes,,Aktobe,KZAKT,99.8
2024,Percent,access to the internet for education purposes,,Almaty,KZALM,98.4
2024,Percent,access to the internet for education purposes,,Atyrau,KZATY,97.4
2024,Percent,access to the internet for education purposes,,Batys Kazakhstan,KZZAP,99.5
2024,Percent,access to the internet for education purposes,,Zhambyl,KZZHA,99.1
2024,Percent,access to the internet for education purposes,,Zhetisu,KZZHS,99.4
2024,Percent,access to the internet for education purposes,,Karagandy,KZKAR,98.8
2024,Percent,access to the internet for education purposes,,Kostanay,KZKUS,99.8
2024,Percent,access to the internet for education purposes,,Kyzylorda,KZKZY,100.0
2024,Percent,access to the internet for education purposes,,Mangistau,KZMAN,99.5
2024,Percent,access to the internet for education purposes,,Pavlodar,KZPAV,99.5
2024,Percent,access to the internet for education purposes,,Soltustik Kazakhstan,KZSEV,99.6
2024,Percent,access to the internet for education purposes,,Turkistan,KZYUZ,97.8
2024,Percent,access to the internet for education purposes,,Ulytau,KZULU,100.0
2024,Percent,access to the internet for education purposes,,Shygys Kazakhstan,KZVOS,99.2
2024,Percent,access to the internet for education purposes,,Astana city,KZNS,95.9
2024,Percent,access to the internet for education purposes,,Almaty city,KZALA,99.5
2024,Percent,access to the internet for education purposes,,Shymkent city,KZSHY,96.3
2024,Percent,access to the internet for education purposes,urban,,,97.9
2024,Percent,access to the internet for education purposes,urban,Abai,KZABY,98.9
2024,Percent,access to the internet for education purposes,urban,Akmola,KZAKM,98.2
2024,Percent,access to the internet for education purposes,urban,Aktobe,KZAKT,99.3
2024,Percent,access to the internet for education purposes,urban,Almaty,KZALM,98.3
2024,Percent,access to the internet for education purposes,urban,Atyrau,KZATY,97.1
2024,Percent,access to the internet for education purposes,urban,Batys Kazakhstan,KZZAP,97.4
2024,Percent,access to the internet for education purposes,urban,Zhambyl,KZZHA,98.6
2024,Percent,access to the internet for education purposes,urban,Zhetisu,KZZHS,97.2
2024,Percent,access to the internet for education purposes,urban,Karagandy,KZKAR,98.5
2024,Percent,access to the internet for education purposes,urban,Kostanay,KZKUS,99.1
2024,Percent,access to the internet for education purposes,urban,Kyzylorda,KZKZY,100.0
2024,Percent,access to the internet for education purposes,urban,Mangistau,KZMAN,98.9
2024,Percent,access to the internet for education purposes,urban,Pavlodar,KZPAV,98.0
2024,Percent,access to the internet for education purposes,urban,Soltustik Kazakhstan,KZSEV,98.4
2024,Percent,access to the internet for education purposes,urban,Turkistan,KZYUZ,95.0
2024,Percent,access to the internet for education purposes,urban,Ulytau,KZULU,100.0
2024,Percent,access to the internet for education purposes,urban,Shygys Kazakhstan,KZVOS,98.1
2024,Percent,access to the internet for education purposes,urban,Astana city,KZNS,95.9
2024,Percent,access to the internet for education purposes,urban,Almaty city,KZALA,99.5
2024,Percent,access to the internet for education purposes,urban,Shymkent city,KZSHY,96.3
2024,Percent,access to the internet for education purposes,rural,,,99.3
2024,Percent,access to the internet for education purposes,rural,ABY,ABY,98.3
2024,Percent,access to the internet for education purposes,rural,Akmola,KZAKM,99.5
2024,Percent,access to the internet for education purposes,rural,Aktobe,KZAKT,100.0
2024,Percent,access to the internet for education purposes,rural,Almaty,KZALM,98.4
2024,Percent,access to the internet for education purposes,rural,Atyrau,KZATY,97.7
2024,Percent,access to the internet for education purposes,rural,Batys Kazakhstan,KZZAP,100.0
2024,Percent,access to the internet for education purposes,rural,Zhambyl,KZZHA,99.2
2024,Percent,access to the internet for education purposes,rural,Zhetisu,KZZHS,100.0
2024,Percent,access to the internet for education purposes,rural,Karagandy,KZKAR,99.1
2024,Percent,access to the internet for education purposes,rural,Kostanay,KZKUS,100.0
2024,Percent,access to the internet for education purposes,rural,Kyzylorda,KZKZY,100.0
2024,Percent,access to the internet for education purposes,rural,Mangistau,KZMAN,100.0
2024,Percent,access to the internet for education purposes,rural,Pavlodar,KZPAV,100.0
2024,Percent,access to the internet for education purposes,rural,Soltustik Kazakhstan,KZSEV,99.7
2024,Percent,access to the internet for education purposes,rural,Turkistan,KZYUZ,98.4
2024,Percent,access to the internet for education purposes,rural,Ulytau,KZULU,100.0
2024,Percent,access to the internet for education purposes,rural,Shygys Kazakhstan,KZVOS,99.6
2024,Percent,sources of drinking water,,,,100.0
2024,Percent,separate restrooms which meet minimum standards,,,,100.0
2024,Percent,separate restrooms which meet minimum standards,,Abai,KZABY,100.0
2024,Percent,separate restrooms which meet minimum standards,,Akmola,KZAKM,100.0
2024,Percent,separate restrooms which meet minimum standards,,Aktobe,KZAKT,100.0
2024,Percent,separate restrooms which meet minimum standards,,Almaty,KZALM,100.0
2024,Percent,separate restrooms which meet minimum standards,,Atyrau,KZATY,100.0
2024,Percent,separate restrooms which meet minimum standards,,Batys Kazakhstan,KZZAP,100.0
2024,Percent,separate restrooms which meet minimum standards,,Zhambyl,KZZHA,100.0
2024,Percent,separate restrooms which meet minimum standards,,Zhetisu,KZZHS,100.0
2024,Percent,separate restrooms which meet minimum standards,,Karagandy,KZKAR,100.0
2024,Percent,separate restrooms which meet minimum standards,,Kostanay,KZKUS,100.0
2024,Percent,separate restrooms which meet minimum standards,,Kyzylorda,KZKZY,100.0
2024,Percent,separate restrooms which meet minimum standards,,Mangistau,KZMAN,100.0
2024,Percent,separate restrooms which meet minimum standards,,Pavlodar,KZPAV,100.0
2024,Percent,separate restrooms which meet minimum standards,,Soltustik Kazakhstan,KZSEV,100.0
2024,Percent,separate restrooms which meet minimum standards,,Turkistan,KZYUZ,100.0
2024,Percent,separate restrooms which meet minimum standards,,Ulytau,KZULU,100.0
2024,Percent,separate restrooms which meet minimum standards,,Shygys Kazakhstan,KZVOS,100.0
2024,Percent,separate restrooms which meet minimum standards,,Astana city,KZNS,100.0
2024,Percent,separate restrooms which meet minimum standards,,Almaty city,KZALA,100.0
2024,Percent,separate restrooms which meet minimum standards,,Shymkent city,KZSHY,100.0
2024,Percent,availability of warm and outdoor toilets,,,,15.9
2024,Percent,availability of warm and outdoor toilets,,Abai,KZABY,3.1
2024,Percent,availability of warm and outdoor toilets,,Akmola,KZAKM,0.2
2024,Percent,availability of warm and outdoor toilets,,Aktobe,KZAKT,16.6
2024,Percent,availability of warm and outdoor toilets,,Almaty,KZALM,39.8
2024,Percent,availability of warm and outdoor toilets,,Atyrau,KZATY,20.1
2024,Percent,availability of warm and outdoor toilets,,Batys Kazakhstan,KZZAP,63.4
2024,Percent,availability of warm and outdoor toilets,,Zhambyl,KZZHA,7.1
2024,Percent,availability of warm and outdoor toilets,,Zhetisu,KZZHS,20.4
2024,Percent,availability of warm and outdoor toilets,,Karagandy,KZKAR,0.2
2024,Percent,availability of warm and outdoor toilets,,Kostanay,KZKUS,7.3
2024,Percent,availability of warm and outdoor toilets,,Kyzylorda,KZKZY,36.0
2024,Percent,availability of warm and outdoor toilets,,Mangistau,KZMAN,1.4
2024,Percent,availability of warm and outdoor toilets,,Pavlodar,KZPAV,0.0
2024,Percent,availability of warm and outdoor toilets,,Soltustik Kazakhstan,KZSEV,0.7
2024,Percent,availability of warm and outdoor toilets,,Turkistan,KZYUZ,37.1
2024,Percent,availability of warm and outdoor toilets,,Ulytau,KZULU,3.4
2024,Percent,availability of warm and outdoor toilets,,Shygys Kazakhstan,KZVOS,0.3
2024,Percent,availability of warm and outdoor toilets,,Astana city,KZNS,1.0
2024,Percent,availability of warm and outdoor toilets,,Almaty city,KZALA,1.6
2024,Percent,availability of warm and outdoor toilets,,Shymkent city,KZSHY,5.4
2024,Percent,availability outdoor toilets only,,,,0.1
2024,Percent,availability outdoor toilets only,,Abai,KZABY,0.0
2024,Percent,availability outdoor toilets only,,Akmola,KZAKM,0.0
2024,Percent,availability outdoor toilets only,,Aktobe,KZAKT,0.0
2024,Percent,availability outdoor toilets only,,Almaty,KZALM,0.0
2024,Percent,availability outdoor toilets only,,Atyrau,KZATY,0.4
2024,Percent,availability outdoor toilets only,,Batys Kazakhstan,KZZAP,0.0
2024,Percent,availability outdoor toilets only,,Zhambyl,KZZHA,0.0
2024,Percent,availability outdoor toilets only,,Zhetisu,KZZHS,0.0
2024,Percent,availability outdoor toilets only,,Karagandy,KZKAR,0.0
2024,Percent,availability outdoor toilets only,,Kostanay,KZKUS,0.0
2024,Percent,availability outdoor toilets only,,Kyzylorda,KZKZY,0.0
2024,Percent,availability outdoor toilets only,,Mangistau,KZMAN,0.5
2024,Percent,availability outdoor toilets only,,Pavlodar,KZPAV,0.0
2024,Percent,availability outdoor toilets only,,Soltustik Kazakhstan,KZSEV,0.0
2024,Percent,availability outdoor toilets only,,Turkistan,KZYUZ,0.7
2024,Percent,availability outdoor toilets only,,Ulytau,KZULU,0.0
2024,Percent,availability outdoor toilets only,,Shygys Kazakhstan,KZVOS,0.0
2024,Percent,availability outdoor toilets only,,Astana city,KZNS,0.0
2024,Percent,availability outdoor toilets only,,Almaty city,KZALA,0.0
2024,Percent,availability outdoor toilets only,,Shymkent city,KZSHY,0.0
2024,Percent,availability of only warm toilets,,,,83.9
2024,Percent,availability of only warm toilets,,Abai,KZABY,96.9
2024,Percent,availability of only warm toilets,,Akmola,KZAKM,99.8
2024,Percent,availability of only warm toilets,,Aktobe,KZAKT,83.4
2024,Percent,availability of only warm toilets,,Almaty,KZALM,60.2
2024,Percent,availability of only warm toilets,,Atyrau,KZATY,79.5
2024,Percent,availability of only warm toilets,,Batys Kazakhstan,KZZAP,36.6
2024,Percent,availability of only warm toilets,,Zhambyl,KZZHA,92.9
2024,Percent,availability of only warm toilets,,Zhetisu,KZZHS,79.6
2024,Percent,availability of only warm toilets,,Karagandy,KZKAR,99.8
2024,Percent,availability of only warm toilets,,Kostanay,KZKUS,92.7
2024,Percent,availability of only warm toilets,,Kyzylorda,KZKZY,64.0
2024,Percent,availability of only warm toilets,,Mangistau,KZMAN,98.6
2024,Percent,availability of only warm toilets,,Pavlodar,KZPAV,100.0
2024,Percent,availability of only warm toilets,,Soltustik Kazakhstan,KZSEV,99.3
2024,Percent,availability of only warm toilets,,Turkistan,KZYUZ,62.2
2024,Percent,availability of only warm toilets,,Ulytau,KZULU,96.6
2024,Percent,availability of only warm toilets,,Shygys Kazakhstan,KZVOS,99.7
2024,Percent,availability of only warm toilets,,Astana city,KZNS,99.0
2024,Percent,availability of only warm toilets,,Almaty city,KZALA,98.4
2024,Percent,availability of only warm toilets,,Shymkent city,KZSHY,94.6
