Year,UNIT_MEASURE,SEX,URBANISATION,SERIES,REF_AREA,GeoCode,Value
2011,PT,,,_L_KZ_010101_1A,,,0.1
2011,PT,,,_L_KZ_010101_1B,,,1.2
2011,PT,,,_L_KZ_010101_1C,,,15.3
2011,PT,M,,_L_KZ_010101_1A,,,0.1
2011,PT,M,,_L_KZ_010101_1B,,,1.2
2011,PT,M,,_L_KZ_010101_1C,,,15.9
2011,PT,F,,_L_KZ_010101_1A,,,0.1
2011,PT,F,,_L_KZ_010101_1B,,,1.2
2011,PT,F,,_L_KZ_010101_1C,,,14.7
2011,PT,,U,_L_KZ_010101_1A,,,0.0
2011,PT,,U,_L_KZ_010101_1B,,,0.4
2011,PT,,U,_L_KZ_010101_1C,,,9.0
2011,PT,,R,_L_KZ_010101_1A,,,0.2
2011,PT,,R,_L_KZ_010101_1B,,,2.1
2011,PT,,R,_L_KZ_010101_1C,,,22.7
2011,PT,,,_L_KZ_010101_1A,KZAKM,KZAKM,0.2
2011,PT,,,_L_KZ_010101_1A,KZKAR,KZKAR,0.0
2011,PT,,,_L_KZ_010101_1A,KZKUS,KZKUS,0.1
2011,PT,,,_L_KZ_010101_1A,KZONT,KZONT,0.4
2011,PT,,,_L_KZ_010101_1A,KZPAV,KZPAV,0.2
2011,PT,,,_L_KZ_010101_1A,KZSEV,KZSEV,0.2
2011,PT,,,_L_KZ_010101_1A,KZVOS,KZVOS,0.2
2011,PT,,,_L_KZ_010101_1A,KZNS,KZNS,0.0
2011,PT,,,_L_KZ_010101_1B,KZAKM,KZAKM,2.1
2011,PT,,,_L_KZ_010101_1B,KZAKT,KZAKT,0.9
2011,PT,,,_L_KZ_010101_1B,KZALM,KZALM,0.2
2011,PT,,,_L_KZ_010101_1B,KZATY,KZATY,0.1
2011,PT,,,_L_KZ_010101_1B,KZZAP,KZZAP,0.8
2011,PT,,,_L_KZ_010101_1B,KZZHA,KZZHA,0.8
2011,PT,,,_L_KZ_010101_1B,KZKAR,KZKAR,0.9
2011,PT,,,_L_KZ_010101_1B,KZKUS,KZKUS,1.3
2011,PT,,,_L_KZ_010101_1B,KZKZY,KZKZY,0.7
2011,PT,,,_L_KZ_010101_1B,KZMAN,KZMAN,0.1
2011,PT,,,_L_KZ_010101_1B,KZONT,KZONT,2.6
2011,PT,,,_L_KZ_010101_1B,KZPAV,KZPAV,1.5
2011,PT,,,_L_KZ_010101_1B,KZSEV,KZSEV,3.3
2011,PT,,,_L_KZ_010101_1B,KZVOS,KZVOS,2.0
2011,PT,,,_L_KZ_010101_1B,KZNS,KZNS,0.1
2011,PT,,,_L_KZ_010101_1B,KZALA,KZALA,0.1
2011,PT,,,_L_KZ_010101_1C,KZAKM,KZAKM,13.6
2011,PT,,,_L_KZ_010101_1C,KZAKT,KZAKT,13.1
2011,PT,,,_L_KZ_010101_1C,KZALM,KZALM,6.2
2011,PT,,,_L_KZ_010101_1C,KZATY,KZATY,6.2
2011,PT,,,_L_KZ_010101_1C,KZZAP,KZZAP,20.5
2011,PT,,,_L_KZ_010101_1C,KZZHA,KZZHA,24.5
2011,PT,,,_L_KZ_010101_1C,KZKAR,KZKAR,10.8
2011,PT,,,_L_KZ_010101_1C,KZKUS,KZKUS,15.6
2011,PT,,,_L_KZ_010101_1C,KZKZY,KZKZY,13.2
2011,PT,,,_L_KZ_010101_1C,KZMAN,KZMAN,4.6
2011,PT,,,_L_KZ_010101_1C,KZONT,KZONT,32.7
2011,PT,,,_L_KZ_010101_1C,KZPAV,KZPAV,17.0
2011,PT,,,_L_KZ_010101_1C,KZSEV,KZSEV,21.9
2011,PT,,,_L_KZ_010101_1C,KZVOS,KZVOS,17.8
2011,PT,,,_L_KZ_010101_1C,KZNS,KZNS,1.7
2011,PT,,,_L_KZ_010101_1C,KZALA,KZALA,2.0
2011,PT,,U,_L_KZ_010101_1A,KZAKM,KZAKM,0.1
2011,PT,,U,_L_KZ_010101_1A,KZONT,KZONT,0.2
2011,PT,,U,_L_KZ_010101_1A,KZNS,KZNS,0.0
2011,PT,,U,_L_KZ_010101_1B,KZAKM,KZAKM,0.7
2011,PT,,U,_L_KZ_010101_1B,KZAKT,KZAKT,0.2
2011,PT,,U,_L_KZ_010101_1B,KZALM,KZALM,0.7
2011,PT,,U,_L_KZ_010101_1B,KZZHA,KZZHA,1.3
2011,PT,,U,_L_KZ_010101_1B,KZKAR,KZKAR,0.3
2011,PT,,U,_L_KZ_010101_1B,KZKUS,KZKUS,0.4
2011,PT,,U,_L_KZ_010101_1B,KZKZY,KZKZY,0.2
2011,PT,,U,_L_KZ_010101_1B,KZONT,KZONT,1.1
2011,PT,,U,_L_KZ_010101_1B,KZPAV,KZPAV,0.5
2011,PT,,U,_L_KZ_010101_1B,KZSEV,KZSEV,0.9
2011,PT,,U,_L_KZ_010101_1B,KZVOS,KZVOS,0.5
2011,PT,,U,_L_KZ_010101_1B,KZNS,KZNS,0.1
2011,PT,,U,_L_KZ_010101_1B,KZALA,KZALA,0.1
2011,PT,,U,_L_KZ_010101_1C,KZAKM,KZAKM,10.6
2011,PT,,U,_L_KZ_010101_1C,KZAKT,KZAKT,8.3
2011,PT,,U,_L_KZ_010101_1C,KZALM,KZALM,5.3
2011,PT,,U,_L_KZ_010101_1C,KZATY,KZATY,1.4
2011,PT,,U,_L_KZ_010101_1C,KZZAP,KZZAP,11.6
2011,PT,,U,_L_KZ_010101_1C,KZZHA,KZZHA,20.3
2011,PT,,U,_L_KZ_010101_1C,KZKAR,KZKAR,7.4
2011,PT,,U,_L_KZ_010101_1C,KZKUS,KZKUS,9.8
2011,PT,,U,_L_KZ_010101_1C,KZKZY,KZKZY,7.8
2011,PT,,U,_L_KZ_010101_1C,KZMAN,KZMAN,2.0
2011,PT,,U,_L_KZ_010101_1C,KZONT,KZONT,20.9
2011,PT,,U,_L_KZ_010101_1C,KZPAV,KZPAV,12.7
2011,PT,,U,_L_KZ_010101_1C,KZSEV,KZSEV,13.9
2011,PT,,U,_L_KZ_010101_1C,KZVOS,KZVOS,11.5
2011,PT,,U,_L_KZ_010101_1C,KZNS,KZNS,1.7
2011,PT,,U,_L_KZ_010101_1C,KZALA,KZALA,2.0
2011,PT,,R,_L_KZ_010101_1A,KZAKM,KZAKM,0.3
2011,PT,,R,_L_KZ_010101_1A,KZKAR,KZKAR,0.2
2011,PT,,R,_L_KZ_010101_1A,KZKUS,KZKUS,0.1
2011,PT,,R,_L_KZ_010101_1A,KZONT,KZONT,0.5
2011,PT,,R,_L_KZ_010101_1A,KZPAV,KZPAV,0.6
2011,PT,,R,_L_KZ_010101_1A,KZSEV,KZSEV,0.3
2011,PT,,R,_L_KZ_010101_1A,KZVOS,KZVOS,0.4
2011,PT,,R,_L_KZ_010101_1B,KZAKM,KZAKM,3.4
2011,PT,,R,_L_KZ_010101_1B,KZAKT,KZAKT,2.0
2011,PT,,R,_L_KZ_010101_1B,KZALM,KZALM,0.1
2011,PT,,R,_L_KZ_010101_1B,KZATY,KZATY,0.2
2011,PT,,R,_L_KZ_010101_1B,KZZAP,KZZAP,1.5
2011,PT,,R,_L_KZ_010101_1B,KZZHA,KZZHA,0.4
2011,PT,,R,_L_KZ_010101_1B,KZKAR,KZKAR,3.1
2011,PT,,R,_L_KZ_010101_1B,KZKUS,KZKUS,2.3
2011,PT,,R,_L_KZ_010101_1B,KZKZY,KZKZY,1.0
2011,PT,,R,_L_KZ_010101_1B,KZMAN,KZMAN,0.2
2011,PT,,R,_L_KZ_010101_1B,KZONT,KZONT,3.5
2011,PT,,R,_L_KZ_010101_1B,KZPAV,KZPAV,3.7
2011,PT,,R,_L_KZ_010101_1B,KZSEV,KZSEV,5.0
2011,PT,,R,_L_KZ_010101_1B,KZVOS,KZVOS,4.2
2011,PT,,R,_L_KZ_010101_1C,KZAKM,KZAKM,16.2
2011,PT,,R,_L_KZ_010101_1C,KZAKT,KZAKT,20.9
2011,PT,,R,_L_KZ_010101_1C,KZALM,KZALM,6.4
2011,PT,,R,_L_KZ_010101_1C,KZATY,KZATY,10.7
2011,PT,,R,_L_KZ_010101_1C,KZZAP,KZZAP,28.8
2011,PT,,R,_L_KZ_010101_1C,KZZHA,KZZHA,27.1
2011,PT,,R,_L_KZ_010101_1C,KZKAR,KZKAR,22.9
2011,PT,,R,_L_KZ_010101_1C,KZKUS,KZKUS,21.4
2011,PT,,R,_L_KZ_010101_1C,KZKZY,KZKZY,16.6
2011,PT,,R,_L_KZ_010101_1C,KZMAN,KZMAN,7.3
2011,PT,,R,_L_KZ_010101_1C,KZONT,KZONT,40.4
2011,PT,,R,_L_KZ_010101_1C,KZPAV,KZPAV,26.3
2011,PT,,R,_L_KZ_010101_1C,KZSEV,KZSEV,27.5
2011,PT,,R,_L_KZ_010101_1C,KZVOS,KZVOS,26.5
2012,PT,,,_L_KZ_010101_1A,,,0.0
2012,PT,,,_L_KZ_010101_1B,,,1.0
2012,PT,,,_L_KZ_010101_1C,,,17.7
2012,PT,M,,_L_KZ_010101_1A,,,0.0
2012,PT,M,,_L_KZ_010101_1B,,,1.1
2012,PT,M,,_L_KZ_010101_1C,,,18.4
2012,PT,F,,_L_KZ_010101_1A,,,0.0
2012,PT,F,,_L_KZ_010101_1B,,,1.0
2012,PT,F,,_L_KZ_010101_1C,,,17.1
2012,PT,,U,_L_KZ_010101_1A,,,0.0
2012,PT,,U,_L_KZ_010101_1B,,,0.5
2012,PT,,U,_L_KZ_010101_1C,,,11.6
2012,PT,,R,_L_KZ_010101_1A,,,0.1
2012,PT,,R,_L_KZ_010101_1B,,,1.7
2012,PT,,R,_L_KZ_010101_1C,,,25.1
2012,PT,,,_L_KZ_010101_1A,KZAKM,KZAKM,0.3
2012,PT,,,_L_KZ_010101_1A,KZALM,KZALM,0.1
2012,PT,,,_L_KZ_010101_1A,KZZHA,KZZHA,0.1
2012,PT,,,_L_KZ_010101_1A,KZKUS,KZKUS,0.1
2012,PT,,,_L_KZ_010101_1A,KZONT,KZONT,0.0
2012,PT,,,_L_KZ_010101_1A,KZPAV,KZPAV,0.0
2012,PT,,,_L_KZ_010101_1A,KZSEV,KZSEV,0.1
2012,PT,,,_L_KZ_010101_1A,KZVOS,KZVOS,0.0
2012,PT,,,_L_KZ_010101_1B,KZAKM,KZAKM,1.5
2012,PT,,,_L_KZ_010101_1B,KZAKT,KZAKT,0.7
2012,PT,,,_L_KZ_010101_1B,KZALM,KZALM,0.4
2012,PT,,,_L_KZ_010101_1B,KZZAP,KZZAP,0.4
2012,PT,,,_L_KZ_010101_1B,KZZHA,KZZHA,2.3
2012,PT,,,_L_KZ_010101_1B,KZKAR,KZKAR,0.7
2012,PT,,,_L_KZ_010101_1B,KZKUS,KZKUS,0.9
2012,PT,,,_L_KZ_010101_1B,KZKZY,KZKZY,0.5
2012,PT,,,_L_KZ_010101_1B,KZMAN,KZMAN,0.0
2012,PT,,,_L_KZ_010101_1B,KZONT,KZONT,2.2
2012,PT,,,_L_KZ_010101_1B,KZPAV,KZPAV,1.3
2012,PT,,,_L_KZ_010101_1B,KZSEV,KZSEV,2.9
2012,PT,,,_L_KZ_010101_1B,KZVOS,KZVOS,1.0
2012,PT,,,_L_KZ_010101_1B,KZNS,KZNS,0.1
2012,PT,,,_L_KZ_010101_1B,KZALA,KZALA,0.1
2012,PT,,,_L_KZ_010101_1C,KZAKM,KZAKM,17.0
2012,PT,,,_L_KZ_010101_1C,KZAKT,KZAKT,15.2
2012,PT,,,_L_KZ_010101_1C,KZALM,KZALM,8.8
2012,PT,,,_L_KZ_010101_1C,KZATY,KZATY,6.3
2012,PT,,,_L_KZ_010101_1C,KZZAP,KZZAP,27.4
2012,PT,,,_L_KZ_010101_1C,KZZHA,KZZHA,36.4
2012,PT,,,_L_KZ_010101_1C,KZKAR,KZKAR,11.6
2012,PT,,,_L_KZ_010101_1C,KZKUS,KZKUS,17.0
2012,PT,,,_L_KZ_010101_1C,KZKZY,KZKZY,12.2
2012,PT,,,_L_KZ_010101_1C,KZMAN,KZMAN,4.0
2012,PT,,,_L_KZ_010101_1C,KZONT,KZONT,40.9
2012,PT,,,_L_KZ_010101_1C,KZPAV,KZPAV,15.4
2012,PT,,,_L_KZ_010101_1C,KZSEV,KZSEV,20.1
2012,PT,,,_L_KZ_010101_1C,KZVOS,KZVOS,15.0
2012,PT,,,_L_KZ_010101_1C,KZNS,KZNS,1.3
2012,PT,,,_L_KZ_010101_1C,KZALA,KZALA,1.1
2012,PT,,U,_L_KZ_010101_1A,KZAKM,KZAKM,0.3
2012,PT,,U,_L_KZ_010101_1A,KZKUS,KZKUS,0.1
2012,PT,,U,_L_KZ_010101_1A,KZONT,KZONT,0.1
2012,PT,,U,_L_KZ_010101_1B,KZAKM,KZAKM,1.4
2012,PT,,U,_L_KZ_010101_1B,KZAKT,KZAKT,0.3
2012,PT,,U,_L_KZ_010101_1B,KZZHA,KZZHA,2.6
2012,PT,,U,_L_KZ_010101_1B,KZKAR,KZKAR,0.2
2012,PT,,U,_L_KZ_010101_1B,KZKUS,KZKUS,0.3
2012,PT,,U,_L_KZ_010101_1B,KZKZY,KZKZY,0.3
2012,PT,,U,_L_KZ_010101_1B,KZMAN,KZMAN,0.1
2012,PT,,U,_L_KZ_010101_1B,KZONT,KZONT,1.2
2012,PT,,U,_L_KZ_010101_1B,KZPAV,KZPAV,0.4
2012,PT,,U,_L_KZ_010101_1B,KZSEV,KZSEV,1.4
2012,PT,,U,_L_KZ_010101_1B,KZVOS,KZVOS,0.7
2012,PT,,U,_L_KZ_010101_1B,KZNS,KZNS,0.1
2012,PT,,U,_L_KZ_010101_1B,KZALA,KZALA,0.1
2012,PT,,U,_L_KZ_010101_1C,KZAKM,KZAKM,16.7
2012,PT,,U,_L_KZ_010101_1C,KZAKT,KZAKT,15.0
2012,PT,,U,_L_KZ_010101_1C,KZALM,KZALM,10.1
2012,PT,,U,_L_KZ_010101_1C,KZATY,KZATY,3.9
2012,PT,,U,_L_KZ_010101_1C,KZZAP,KZZAP,19.7
2012,PT,,U,_L_KZ_010101_1C,KZZHA,KZZHA,28.7
2012,PT,,U,_L_KZ_010101_1C,KZKAR,KZKAR,7.7
2012,PT,,U,_L_KZ_010101_1C,KZKUS,KZKUS,15.1
2012,PT,,U,_L_KZ_010101_1C,KZKZY,KZKZY,11.2
2012,PT,,U,_L_KZ_010101_1C,KZMAN,KZMAN,1.3
2012,PT,,U,_L_KZ_010101_1C,KZONT,KZONT,28.2
2012,PT,,U,_L_KZ_010101_1C,KZPAV,KZPAV,11.7
2012,PT,,U,_L_KZ_010101_1C,KZSEV,KZSEV,15.4
2012,PT,,U,_L_KZ_010101_1C,KZVOS,KZVOS,12.2
2012,PT,,U,_L_KZ_010101_1C,KZNS,KZNS,1.3
2012,PT,,U,_L_KZ_010101_1C,KZALA,KZALA,1.1
2012,PT,,R,_L_KZ_010101_1A,KZAKM,KZAKM,0.3
2012,PT,,R,_L_KZ_010101_1A,KZALM,KZALM,0.1
2012,PT,,R,_L_KZ_010101_1A,KZZHA,KZZHA,0.2
2012,PT,,R,_L_KZ_010101_1A,KZKUS,KZKUS,0.2
2012,PT,,R,_L_KZ_010101_1A,KZPAV,KZPAV,0.1
2012,PT,,R,_L_KZ_010101_1A,KZSEV,KZSEV,0.1
2012,PT,,R,_L_KZ_010101_1A,KZVOS,KZVOS,0.1
2012,PT,,R,_L_KZ_010101_1B,KZAKM,KZAKM,1.7
2012,PT,,R,_L_KZ_010101_1B,KZAKT,KZAKT,1.4
2012,PT,,R,_L_KZ_010101_1B,KZALM,KZALM,0.6
2012,PT,,R,_L_KZ_010101_1B,KZZAP,KZZAP,0.8
2012,PT,,R,_L_KZ_010101_1B,KZZHA,KZZHA,2.1
2012,PT,,R,_L_KZ_010101_1B,KZKAR,KZKAR,2.8
2012,PT,,R,_L_KZ_010101_1B,KZKUS,KZKUS,1.4
2012,PT,,R,_L_KZ_010101_1B,KZKZY,KZKZY,0.5
2012,PT,,R,_L_KZ_010101_1B,KZONT,KZONT,2.9
2012,PT,,R,_L_KZ_010101_1B,KZPAV,KZPAV,3.2
2012,PT,,R,_L_KZ_010101_1B,KZSEV,KZSEV,3.9
2012,PT,,R,_L_KZ_010101_1B,KZVOS,KZVOS,1.4
2012,PT,,R,_L_KZ_010101_1C,KZAKM,KZAKM,17.3
2012,PT,,R,_L_KZ_010101_1C,KZAKT,KZAKT,15.6
2012,PT,,R,_L_KZ_010101_1C,KZALM,KZALM,8.4
2012,PT,,R,_L_KZ_010101_1C,KZATY,KZATY,8.6
2012,PT,,R,_L_KZ_010101_1C,KZZAP,KZZAP,34.8
2012,PT,,R,_L_KZ_010101_1C,KZZHA,KZZHA,41.3
2012,PT,,R,_L_KZ_010101_1C,KZKAR,KZKAR,25.6
2012,PT,,R,_L_KZ_010101_1C,KZKUS,KZKUS,19.0
2012,PT,,R,_L_KZ_010101_1C,KZKZY,KZKZY,13.0
2012,PT,,R,_L_KZ_010101_1C,KZMAN,KZMAN,6.7
2012,PT,,R,_L_KZ_010101_1C,KZONT,KZONT,49.0
2012,PT,,R,_L_KZ_010101_1C,KZPAV,KZPAV,23.7
2012,PT,,R,_L_KZ_010101_1C,KZSEV,KZSEV,23.4
2012,PT,,R,_L_KZ_010101_1C,KZVOS,KZVOS,18.9
2013,PT,,,_L_KZ_010101_1A,,,0.0
2013,PT,,,_L_KZ_010101_1B,,,0.7
2013,PT,,,_L_KZ_010101_1C,,,13.6
2013,PT,M,,_L_KZ_010101_1A,,,0.0
2013,PT,M,,_L_KZ_010101_1B,,,0.7
2013,PT,M,,_L_KZ_010101_1C,,,14.2
2013,PT,F,,_L_KZ_010101_1A,,,0.0
2013,PT,F,,_L_KZ_010101_1B,,,0.6
2013,PT,F,,_L_KZ_010101_1C,,,13.1
2013,PT,,U,_L_KZ_010101_1A,,,0.0
2013,PT,,U,_L_KZ_010101_1B,,,0.3
2013,PT,,U,_L_KZ_010101_1C,,,8.4
2013,PT,,R,_L_KZ_010101_1A,,,0.0
2013,PT,,R,_L_KZ_010101_1B,,,1.1
2013,PT,,R,_L_KZ_010101_1C,,,20.0
2013,PT,,,_L_KZ_010101_1A,KZAKM,KZAKM,0.1
2013,PT,,,_L_KZ_010101_1A,KZKAR,KZKAR,0.2
2013,PT,,,_L_KZ_010101_1A,KZSEV,KZSEV,0.4
2013,PT,,,_L_KZ_010101_1B,KZAKM,KZAKM,1.5
2013,PT,,,_L_KZ_010101_1B,KZAKT,KZAKT,0.5
2013,PT,,,_L_KZ_010101_1B,KZALM,KZALM,0.6
2013,PT,,,_L_KZ_010101_1B,KZZAP,KZZAP,0.4
2013,PT,,,_L_KZ_010101_1B,KZZHA,KZZHA,0.4
2013,PT,,,_L_KZ_010101_1B,KZKAR,KZKAR,0.9
2013,PT,,,_L_KZ_010101_1B,KZKUS,KZKUS,1.3
2013,PT,,,_L_KZ_010101_1B,KZKZY,KZKZY,0.3
2013,PT,,,_L_KZ_010101_1B,KZPAV,KZPAV,0.3
2013,PT,,,_L_KZ_010101_1B,KZSEV,KZSEV,2.2
2013,PT,,,_L_KZ_010101_1B,KZYUZ,KZYUZ,1.6
2013,PT,,,_L_KZ_010101_1B,KZVOS,KZVOS,0.1
2013,PT,,,_L_KZ_010101_1B,KZNS,KZNS,0.0
2013,PT,,,_L_KZ_010101_1B,KZALA,KZALA,0.0
2013,PT,,,_L_KZ_010101_1B,KZSHY,KZSHY,0.6
2013,PT,,,_L_KZ_010101_1C,KZAKM,KZAKM,16.3
2013,PT,,,_L_KZ_010101_1C,KZAKT,KZAKT,12.8
2013,PT,,,_L_KZ_010101_1C,KZALM,KZALM,4.3
2013,PT,,,_L_KZ_010101_1C,KZATY,KZATY,6.8
2013,PT,,,_L_KZ_010101_1C,KZZAP,KZZAP,23.2
2013,PT,,,_L_KZ_010101_1C,KZZHA,KZZHA,15.1
2013,PT,,,_L_KZ_010101_1C,KZKAR,KZKAR,11.2
2013,PT,,,_L_KZ_010101_1C,KZKUS,KZKUS,15.0
2013,PT,,,_L_KZ_010101_1C,KZKZY,KZKZY,11.3
2013,PT,,,_L_KZ_010101_1C,KZMAN,KZMAN,3.1
2013,PT,,,_L_KZ_010101_1C,KZPAV,KZPAV,7.8
2013,PT,,,_L_KZ_010101_1C,KZSEV,KZSEV,20.0
2013,PT,,,_L_KZ_010101_1C,KZYUZ,KZYUZ,38.4
2013,PT,,,_L_KZ_010101_1C,KZVOS,KZVOS,11.9
2013,PT,,,_L_KZ_010101_1C,KZNS,KZNS,0.9
2013,PT,,,_L_KZ_010101_1C,KZALA,KZALA,1.2
2013,PT,,,_L_KZ_010101_1C,KZSHY,KZSHY,17.3
2013,PT,,U,_L_KZ_010101_1A,KZSEV,KZSEV,1.0
2013,PT,,U,_L_KZ_010101_1B,KZAKM,KZAKM,1.3
2013,PT,,U,_L_KZ_010101_1B,KZAKT,KZAKT,0.4
2013,PT,,U,_L_KZ_010101_1B,KZALM,KZALM,0.1
2013,PT,,U,_L_KZ_010101_1B,KZZHA,KZZHA,0.2
2013,PT,,U,_L_KZ_010101_1B,KZKAR,KZKAR,0.2
2013,PT,,U,_L_KZ_010101_1B,KZKUS,KZKUS,1.4
2013,PT,,U,_L_KZ_010101_1B,KZKZY,KZKZY,0.8
2013,PT,,U,_L_KZ_010101_1B,KZSEV,KZSEV,1.9
2013,PT,,U,_L_KZ_010101_1B,KZVOS,KZVOS,0.2
2013,PT,,U,_L_KZ_010101_1B,KZNS,KZNS,0.0
2013,PT,,U,_L_KZ_010101_1B,KZALA,KZALA,0.0
2013,PT,,U,_L_KZ_010101_1B,KZSHY,KZSHY,0.6
2013,PT,,U,_L_KZ_010101_1C,KZAKM,KZAKM,16.5
2013,PT,,U,_L_KZ_010101_1C,KZAKT,KZAKT,9.3
2013,PT,,U,_L_KZ_010101_1C,KZALM,KZALM,5.8
2013,PT,,U,_L_KZ_010101_1C,KZATY,KZATY,2.8
2013,PT,,U,_L_KZ_010101_1C,KZZAP,KZZAP,13.9
2013,PT,,U,_L_KZ_010101_1C,KZZHA,KZZHA,10.3
2013,PT,,U,_L_KZ_010101_1C,KZKAR,KZKAR,7.8
2013,PT,,U,_L_KZ_010101_1C,KZKUS,KZKUS,14.2
2013,PT,,U,_L_KZ_010101_1C,KZKZY,KZKZY,10.9
2013,PT,,U,_L_KZ_010101_1C,KZMAN,KZMAN,1.1
2013,PT,,U,_L_KZ_010101_1C,KZPAV,KZPAV,5.5
2013,PT,,U,_L_KZ_010101_1C,KZSEV,KZSEV,15.5
2013,PT,,U,_L_KZ_010101_1C,KZYUZ,KZYUZ,23.8
2013,PT,,U,_L_KZ_010101_1C,KZVOS,KZVOS,9.0
2013,PT,,U,_L_KZ_010101_1C,KZNS,KZNS,0.9
2013,PT,,U,_L_KZ_010101_1C,KZALA,KZALA,1.2
2013,PT,,U,_L_KZ_010101_1C,KZSHY,KZSHY,17.3
2013,PT,,R,_L_KZ_010101_1A,KZAKM,KZAKM,0.2
2013,PT,,R,_L_KZ_010101_1A,KZKAR,KZKAR,0.7
2013,PT,,R,_L_KZ_010101_1A,KZSEV,KZSEV,0.1
2013,PT,,R,_L_KZ_010101_1B,KZAKM,KZAKM,1.6
2013,PT,,R,_L_KZ_010101_1B,KZAKT,KZAKT,0.7
2013,PT,,R,_L_KZ_010101_1B,KZALM,KZALM,0.7
2013,PT,,R,_L_KZ_010101_1B,KZZAP,KZZAP,0.8
2013,PT,,R,_L_KZ_010101_1B,KZZHA,KZZHA,0.6
2013,PT,,R,_L_KZ_010101_1B,KZKAR,KZKAR,3.5
2013,PT,,R,_L_KZ_010101_1B,KZKUS,KZKUS,1.3
2013,PT,,R,_L_KZ_010101_1B,KZPAV,KZPAV,0.9
2013,PT,,R,_L_KZ_010101_1B,KZSEV,KZSEV,2.5
2013,PT,,R,_L_KZ_010101_1B,KZYUZ,KZYUZ,2.1
2013,PT,,R,_L_KZ_010101_1B,KZVOS,KZVOS,0.1
2013,PT,,R,_L_KZ_010101_1C,KZAKM,KZAKM,16.1
2013,PT,,R,_L_KZ_010101_1C,KZAKT,KZAKT,18.3
2013,PT,,R,_L_KZ_010101_1C,KZALM,KZALM,3.8
2013,PT,,R,_L_KZ_010101_1C,KZATY,KZATY,10.7
2013,PT,,R,_L_KZ_010101_1C,KZZAP,KZZAP,32.2
2013,PT,,R,_L_KZ_010101_1C,KZZHA,KZZHA,18.3
2013,PT,,R,_L_KZ_010101_1C,KZKAR,KZKAR,23.5
2013,PT,,R,_L_KZ_010101_1C,KZKUS,KZKUS,16.0
2013,PT,,R,_L_KZ_010101_1C,KZKZY,KZKZY,11.6
2013,PT,,R,_L_KZ_010101_1C,KZMAN,KZMAN,5.1
2013,PT,,R,_L_KZ_010101_1C,KZPAV,KZPAV,13.1
2013,PT,,R,_L_KZ_010101_1C,KZSEV,KZSEV,23.2
2013,PT,,R,_L_KZ_010101_1C,KZYUZ,KZYUZ,42.7
2013,PT,,R,_L_KZ_010101_1C,KZVOS,KZVOS,16.1
2014,PT,,,_L_KZ_010101_1A,,,0.0
2014,PT,,,_L_KZ_010101_1B,,,0.7
2014,PT,,,_L_KZ_010101_1C,,,15.0
2014,PT,M,,_L_KZ_010101_1A,,,0.0
2014,PT,M,,_L_KZ_010101_1B,,,0.7
2014,PT,M,,_L_KZ_010101_1C,,,15.7
2014,PT,F,,_L_KZ_010101_1A,,,0.0
2014,PT,F,,_L_KZ_010101_1B,,,0.6
2014,PT,F,,_L_KZ_010101_1C,,,14.5
2014,PT,,U,_L_KZ_010101_1A,,,0.0
2014,PT,,U,_L_KZ_010101_1B,,,0.3
2014,PT,,U,_L_KZ_010101_1C,,,9.3
2014,PT,,R,_L_KZ_010101_1A,,,0.0
2014,PT,,R,_L_KZ_010101_1B,,,1.1
2014,PT,,R,_L_KZ_010101_1C,,,22.1
2014,PT,,,_L_KZ_010101_1A,KZAKM,KZAKM,0.1
2014,PT,,,_L_KZ_010101_1A,KZKAR,KZKAR,0.0
2014,PT,,,_L_KZ_010101_1A,KZYUZ,KZYUZ,0.1
2014,PT,,,_L_KZ_010101_1B,KZAKM,KZAKM,0.8
2014,PT,,,_L_KZ_010101_1B,KZAKT,KZAKT,0.9
2014,PT,,,_L_KZ_010101_1B,KZALM,KZALM,0.3
2014,PT,,,_L_KZ_010101_1B,KZZAP,KZZAP,1.3
2014,PT,,,_L_KZ_010101_1B,KZZHA,KZZHA,0.7
2014,PT,,,_L_KZ_010101_1B,KZKAR,KZKAR,0.6
2014,PT,,,_L_KZ_010101_1B,KZKUS,KZKUS,1.2
2014,PT,,,_L_KZ_010101_1B,KZKZY,KZKZY,0.6
2014,PT,,,_L_KZ_010101_1B,KZMAN,KZMAN,0.1
2014,PT,,,_L_KZ_010101_1B,KZPAV,KZPAV,0.2
2014,PT,,,_L_KZ_010101_1B,KZSEV,KZSEV,1.2
2014,PT,,,_L_KZ_010101_1B,KZYUZ,KZYUZ,1.6
2014,PT,,,_L_KZ_010101_1B,KZVOS,KZVOS,0.6
2014,PT,,,_L_KZ_010101_1B,KZALA,KZALA,0.1
2014,PT,,,_L_KZ_010101_1C,KZAKM,KZAKM,15.8
2014,PT,,,_L_KZ_010101_1C,KZAKT,KZAKT,13.0
2014,PT,,,_L_KZ_010101_1C,KZALM,KZALM,5.8
2014,PT,,,_L_KZ_010101_1C,KZATY,KZATY,10.7
2014,PT,,,_L_KZ_010101_1C,KZZAP,KZZAP,21.1
2014,PT,,,_L_KZ_010101_1C,KZZHA,KZZHA,24.7
2014,PT,,,_L_KZ_010101_1C,KZKAR,KZKAR,9.1
2014,PT,,,_L_KZ_010101_1C,KZKUS,KZKUS,15.3
2014,PT,,,_L_KZ_010101_1C,KZKZY,KZKZY,15.9
2014,PT,,,_L_KZ_010101_1C,KZMAN,KZMAN,4.2
2014,PT,,,_L_KZ_010101_1C,KZPAV,KZPAV,9.6
2014,PT,,,_L_KZ_010101_1C,KZSEV,KZSEV,19.1
2014,PT,,,_L_KZ_010101_1C,KZYUZ,KZYUZ,41.9
2014,PT,,,_L_KZ_010101_1C,KZVOS,KZVOS,13.9
2014,PT,,,_L_KZ_010101_1C,KZNS,KZNS,0.6
2014,PT,,,_L_KZ_010101_1C,KZALA,KZALA,1.8
2014,PT,,,_L_KZ_010101_1C,KZSHY,KZSHY,13.4
2014,PT,,U,_L_KZ_010101_1A,KZYUZ,KZYUZ,0.3
2014,PT,,U,_L_KZ_010101_1B,KZAKM,KZAKM,0.3
2014,PT,,U,_L_KZ_010101_1B,KZAKT,KZAKT,0.5
2014,PT,,U,_L_KZ_010101_1B,KZALM,KZALM,0.5
2014,PT,,U,_L_KZ_010101_1B,KZZAP,KZZAP,0.3
2014,PT,,U,_L_KZ_010101_1B,KZZHA,KZZHA,0.8
2014,PT,,U,_L_KZ_010101_1B,KZKAR,KZKAR,0.1
2014,PT,,U,_L_KZ_010101_1B,KZKUS,KZKUS,0.4
2014,PT,,U,_L_KZ_010101_1B,KZKZY,KZKZY,1.0
2014,PT,,U,_L_KZ_010101_1B,KZPAV,KZPAV,0.2
2014,PT,,U,_L_KZ_010101_1B,KZSEV,KZSEV,0.5
2014,PT,,U,_L_KZ_010101_1B,KZYUZ,KZYUZ,1.1
2014,PT,,U,_L_KZ_010101_1B,KZVOS,KZVOS,0.2
2014,PT,,U,_L_KZ_010101_1B,KZALA,KZALA,0.1
2014,PT,,U,_L_KZ_010101_1C,KZAKM,KZAKM,15.9
2014,PT,,U,_L_KZ_010101_1C,KZAKT,KZAKT,10.8
2014,PT,,U,_L_KZ_010101_1C,KZALM,KZALM,6.9
2014,PT,,U,_L_KZ_010101_1C,KZATY,KZATY,3.8
2014,PT,,U,_L_KZ_010101_1C,KZZAP,KZZAP,11.6
2014,PT,,U,_L_KZ_010101_1C,KZZHA,KZZHA,18.2
2014,PT,,U,_L_KZ_010101_1C,KZKAR,KZKAR,6.2
2014,PT,,U,_L_KZ_010101_1C,KZKUS,KZKUS,10.6
2014,PT,,U,_L_KZ_010101_1C,KZKZY,KZKZY,15.3
2014,PT,,U,_L_KZ_010101_1C,KZMAN,KZMAN,1.0
2014,PT,,U,_L_KZ_010101_1C,KZPAV,KZPAV,7.9
2014,PT,,U,_L_KZ_010101_1C,KZSEV,KZSEV,14.1
2014,PT,,U,_L_KZ_010101_1C,KZYUZ,KZYUZ,32.6
2014,PT,,U,_L_KZ_010101_1C,KZVOS,KZVOS,12.8
2014,PT,,U,_L_KZ_010101_1C,KZNS,KZNS,0.6
2014,PT,,U,_L_KZ_010101_1C,KZALA,KZALA,1.8
2014,PT,,U,_L_KZ_010101_1C,KZSHY,KZSHY,13.4
2014,PT,,R,_L_KZ_010101_1A,KZAKM,KZAKM,0.2
2014,PT,,R,_L_KZ_010101_1A,KZKAR,KZKAR,0.1
2014,PT,,R,_L_KZ_010101_1B,KZAKM,KZAKM,1.2
2014,PT,,R,_L_KZ_010101_1B,KZAKT,KZAKT,1.6
2014,PT,,R,_L_KZ_010101_1B,KZALM,KZALM,0.3
2014,PT,,R,_L_KZ_010101_1B,KZZAP,KZZAP,2.4
2014,PT,,R,_L_KZ_010101_1B,KZZHA,KZZHA,0.6
2014,PT,,R,_L_KZ_010101_1B,KZKAR,KZKAR,2.7
2014,PT,,R,_L_KZ_010101_1B,KZKUS,KZKUS,2.0
2014,PT,,R,_L_KZ_010101_1B,KZKZY,KZKZY,0.4
2014,PT,,R,_L_KZ_010101_1B,KZMAN,KZMAN,0.1
2014,PT,,R,_L_KZ_010101_1B,KZPAV,KZPAV,0.3
2014,PT,,R,_L_KZ_010101_1B,KZSEV,KZSEV,1.8
2014,PT,,R,_L_KZ_010101_1B,KZYUZ,KZYUZ,1.7
2014,PT,,R,_L_KZ_010101_1B,KZVOS,KZVOS,1.3
2014,PT,,R,_L_KZ_010101_1C,KZAKM,KZAKM,15.8
2014,PT,,R,_L_KZ_010101_1C,KZAKT,KZAKT,16.5
2014,PT,,R,_L_KZ_010101_1C,KZALM,KZALM,5.5
2014,PT,,R,_L_KZ_010101_1C,KZATY,KZATY,17.0
2014,PT,,R,_L_KZ_010101_1C,KZZAP,KZZAP,30.5
2014,PT,,R,_L_KZ_010101_1C,KZZHA,KZZHA,29.1
2014,PT,,R,_L_KZ_010101_1C,KZKAR,KZKAR,20.3
2014,PT,,R,_L_KZ_010101_1C,KZKUS,KZKUS,20.4
2014,PT,,R,_L_KZ_010101_1C,KZKZY,KZKZY,16.3
2014,PT,,R,_L_KZ_010101_1C,KZMAN,KZMAN,7.4
2014,PT,,R,_L_KZ_010101_1C,KZPAV,KZPAV,13.6
2014,PT,,R,_L_KZ_010101_1C,KZSEV,KZSEV,22.9
2014,PT,,R,_L_KZ_010101_1C,KZYUZ,KZYUZ,44.7
2014,PT,,R,_L_KZ_010101_1C,KZVOS,KZVOS,15.6
2015,PT,,,_L_KZ_010101_1A,,,0.0
2015,PT,,,_L_KZ_010101_1B,,,0.7
2015,PT,,,_L_KZ_010101_1C,,,16.1
2015,PT,M,,_L_KZ_010101_1A,,,0.0
2015,PT,M,,_L_KZ_010101_1B,,,0.7
2015,PT,M,,_L_KZ_010101_1C,,,16.8
2015,PT,F,,_L_KZ_010101_1A,,,0.0
2015,PT,F,,_L_KZ_010101_1B,,,0.7
2015,PT,F,,_L_KZ_010101_1C,,,15.6
2015,PT,,U,_L_KZ_010101_1B,,,0.3
2015,PT,,U,_L_KZ_010101_1C,,,10.1
2015,PT,,R,_L_KZ_010101_1A,,,0.1
2015,PT,,R,_L_KZ_010101_1B,,,1.2
2015,PT,,R,_L_KZ_010101_1C,,,24.0
2015,PT,,,_L_KZ_010101_1A,KZAKM,KZAKM,0.0
2015,PT,,,_L_KZ_010101_1A,KZALM,KZALM,0.1
2015,PT,,,_L_KZ_010101_1A,KZKAR,KZKAR,0.0
2015,PT,,,_L_KZ_010101_1A,KZKUS,KZKUS,0.1
2015,PT,,,_L_KZ_010101_1A,KZSEV,KZSEV,0.3
2015,PT,,,_L_KZ_010101_1A,KZVOS,KZVOS,0.0
2015,PT,,,_L_KZ_010101_1B,KZAKM,KZAKM,1.3
2015,PT,,,_L_KZ_010101_1B,KZAKT,KZAKT,0.8
2015,PT,,,_L_KZ_010101_1B,KZALM,KZALM,0.3
2015,PT,,,_L_KZ_010101_1B,KZZAP,KZZAP,1.7
2015,PT,,,_L_KZ_010101_1B,KZZHA,KZZHA,1.0
2015,PT,,,_L_KZ_010101_1B,KZKAR,KZKAR,0.7
2015,PT,,,_L_KZ_010101_1B,KZKUS,KZKUS,1.0
2015,PT,,,_L_KZ_010101_1B,KZKZY,KZKZY,0.8
2015,PT,,,_L_KZ_010101_1B,KZMAN,KZMAN,0.1
2015,PT,,,_L_KZ_010101_1B,KZPAV,KZPAV,0.9
2015,PT,,,_L_KZ_010101_1B,KZSEV,KZSEV,2.0
2015,PT,,,_L_KZ_010101_1B,KZYUZ,KZYUZ,0.7
2015,PT,,,_L_KZ_010101_1B,KZVOS,KZVOS,1.1
2015,PT,,,_L_KZ_010101_1B,KZNS,KZNS,0.1
2015,PT,,,_L_KZ_010101_1C,KZAKM,KZAKM,16.2
2015,PT,,,_L_KZ_010101_1C,KZAKT,KZAKT,17.8
2015,PT,,,_L_KZ_010101_1C,KZALM,KZALM,8.7
2015,PT,,,_L_KZ_010101_1C,KZATY,KZATY,11.8
2015,PT,,,_L_KZ_010101_1C,KZZAP,KZZAP,21.3
2015,PT,,,_L_KZ_010101_1C,KZZHA,KZZHA,35.8
2015,PT,,,_L_KZ_010101_1C,KZKAR,KZKAR,12.1
2015,PT,,,_L_KZ_010101_1C,KZKUS,KZKUS,16.3
2015,PT,,,_L_KZ_010101_1C,KZKZY,KZKZY,26.7
2015,PT,,,_L_KZ_010101_1C,KZMAN,KZMAN,4.8
2015,PT,,,_L_KZ_010101_1C,KZPAV,KZPAV,10.9
2015,PT,,,_L_KZ_010101_1C,KZSEV,KZSEV,16.1
2015,PT,,,_L_KZ_010101_1C,KZYUZ,KZYUZ,36.1
2015,PT,,,_L_KZ_010101_1C,KZVOS,KZVOS,13.1
2015,PT,,,_L_KZ_010101_1C,KZNS,KZNS,0.8
2015,PT,,,_L_KZ_010101_1C,KZALA,KZALA,2.1
2015,PT,,,_L_KZ_010101_1C,KZSHY,KZSHY,12.5
2015,PT,,U,_L_KZ_010101_1B,KZAKM,KZAKM,1.2
2015,PT,,U,_L_KZ_010101_1B,KZAKT,KZAKT,0.2
2015,PT,,U,_L_KZ_010101_1B,KZALM,KZALM,0.7
2015,PT,,U,_L_KZ_010101_1B,KZZAP,KZZAP,0.1
2015,PT,,U,_L_KZ_010101_1B,KZZHA,KZZHA,1.2
2015,PT,,U,_L_KZ_010101_1B,KZKUS,KZKUS,0.2
2015,PT,,U,_L_KZ_010101_1B,KZKZY,KZKZY,0.5
2015,PT,,U,_L_KZ_010101_1B,KZPAV,KZPAV,0.6
2015,PT,,U,_L_KZ_010101_1B,KZSEV,KZSEV,1.3
2015,PT,,U,_L_KZ_010101_1B,KZVOS,KZVOS,0.4
2015,PT,,U,_L_KZ_010101_1B,KZNS,KZNS,0.1
2015,PT,,U,_L_KZ_010101_1C,KZAKM,KZAKM,16.6
2015,PT,,U,_L_KZ_010101_1C,KZAKT,KZAKT,14.6
2015,PT,,U,_L_KZ_010101_1C,KZALM,KZALM,9.0
2015,PT,,U,_L_KZ_010101_1C,KZATY,KZATY,4.6
2015,PT,,U,_L_KZ_010101_1C,KZZAP,KZZAP,11.6
2015,PT,,U,_L_KZ_010101_1C,KZZHA,KZZHA,30.2
2015,PT,,U,_L_KZ_010101_1C,KZKAR,KZKAR,10.0
2015,PT,,U,_L_KZ_010101_1C,KZKUS,KZKUS,10.9
2015,PT,,U,_L_KZ_010101_1C,KZKZY,KZKZY,21.5
2015,PT,,U,_L_KZ_010101_1C,KZMAN,KZMAN,1.5
2015,PT,,U,_L_KZ_010101_1C,KZPAV,KZPAV,10.9
2015,PT,,U,_L_KZ_010101_1C,KZSEV,KZSEV,11.7
2015,PT,,U,_L_KZ_010101_1C,KZYUZ,KZYUZ,25.2
2015,PT,,U,_L_KZ_010101_1C,KZVOS,KZVOS,7.2
2015,PT,,U,_L_KZ_010101_1C,KZNS,KZNS,0.8
2015,PT,,U,_L_KZ_010101_1C,KZALA,KZALA,2.1
2015,PT,,U,_L_KZ_010101_1C,KZSHY,KZSHY,12.5
2015,PT,,R,_L_KZ_010101_1A,KZAKM,KZAKM,0.0
2015,PT,,R,_L_KZ_010101_1A,KZALM,KZALM,0.1
2015,PT,,R,_L_KZ_010101_1A,KZKAR,KZKAR,0.1
2015,PT,,R,_L_KZ_010101_1A,KZSEV,KZSEV,0.5
2015,PT,,R,_L_KZ_010101_1A,KZVOS,KZVOS,0.1
2015,PT,,R,_L_KZ_010101_1B,KZAKM,KZAKM,1.5
2015,PT,,R,_L_KZ_010101_1B,KZAKT,KZAKT,1.8
2015,PT,,R,_L_KZ_010101_1B,KZALM,KZALM,0.2
2015,PT,,R,_L_KZ_010101_1B,KZZAP,KZZAP,3.2
2015,PT,,R,_L_KZ_010101_1B,KZZHA,KZZHA,0.9
2015,PT,,R,_L_KZ_010101_1B,KZKAR,KZKAR,3.3
2015,PT,,R,_L_KZ_010101_1B,KZKUS,KZKUS,2.0
2015,PT,,R,_L_KZ_010101_1B,KZKZY,KZKZY,1.0
2015,PT,,R,_L_KZ_010101_1B,KZMAN,KZMAN,0.1
2015,PT,,R,_L_KZ_010101_1B,KZPAV,KZPAV,1.4
2015,PT,,R,_L_KZ_010101_1B,KZSEV,KZSEV,2.6
2015,PT,,R,_L_KZ_010101_1B,KZYUZ,KZYUZ,1.0
2015,PT,,R,_L_KZ_010101_1B,KZVOS,KZVOS,2.3
2015,PT,,R,_L_KZ_010101_1C,KZAKM,KZAKM,15.9
2015,PT,,R,_L_KZ_010101_1C,KZAKT,KZAKT,23.2
2015,PT,,R,_L_KZ_010101_1C,KZALM,KZALM,8.7
2015,PT,,R,_L_KZ_010101_1C,KZATY,KZATY,18.4
2015,PT,,R,_L_KZ_010101_1C,KZZAP,KZZAP,30.9
2015,PT,,R,_L_KZ_010101_1C,KZZHA,KZZHA,39.7
2015,PT,,R,_L_KZ_010101_1C,KZKAR,KZKAR,20.4
2015,PT,,R,_L_KZ_010101_1C,KZKUS,KZKUS,22.3
2015,PT,,R,_L_KZ_010101_1C,KZKZY,KZKZY,30.3
2015,PT,,R,_L_KZ_010101_1C,KZMAN,KZMAN,7.8
2015,PT,,R,_L_KZ_010101_1C,KZPAV,KZPAV,10.7
2015,PT,,R,_L_KZ_010101_1C,KZSEV,KZSEV,19.5
2015,PT,,R,_L_KZ_010101_1C,KZYUZ,KZYUZ,40.3
2015,PT,,R,_L_KZ_010101_1C,KZVOS,KZVOS,21.9
2016,PT,,,_L_KZ_010101_1A,,,0.0
2016,PT,,,_L_KZ_010101_1B,,,0.5
2016,PT,,,_L_KZ_010101_1C,,,13.7
2016,PT,M,,_L_KZ_010101_1A,,,0.0
2016,PT,M,,_L_KZ_010101_1B,,,0.5
2016,PT,M,,_L_KZ_010101_1C,,,14.4
2016,PT,F,,_L_KZ_010101_1A,,,0.0
2016,PT,F,,_L_KZ_010101_1B,,,0.5
2016,PT,F,,_L_KZ_010101_1C,,,13.1
2016,PT,,U,_L_KZ_010101_1A,,,0.0
2016,PT,,U,_L_KZ_010101_1B,,,0.2
2016,PT,,U,_L_KZ_010101_1C,,,7.9
2016,PT,,R,_L_KZ_010101_1A,,,0.0
2016,PT,,R,_L_KZ_010101_1B,,,0.9
2016,PT,,R,_L_KZ_010101_1C,,,21.5
2016,PT,,,_L_KZ_010101_1A,KZKAR,KZKAR,0.0
2016,PT,,,_L_KZ_010101_1A,KZSEV,KZSEV,0.4
2016,PT,,,_L_KZ_010101_1A,KZYUZ,KZYUZ,0.1
2016,PT,,,_L_KZ_010101_1B,KZAKM,KZAKM,0.8
2016,PT,,,_L_KZ_010101_1B,KZAKT,KZAKT,0.2
2016,PT,,,_L_KZ_010101_1B,KZZAP,KZZAP,0.9
2016,PT,,,_L_KZ_010101_1B,KZZHA,KZZHA,0.8
2016,PT,,,_L_KZ_010101_1B,KZKAR,KZKAR,0.4
2016,PT,,,_L_KZ_010101_1B,KZKUS,KZKUS,0.9
2016,PT,,,_L_KZ_010101_1B,KZKZY,KZKZY,0.4
2016,PT,,,_L_KZ_010101_1B,KZMAN,KZMAN,0.1
2016,PT,,,_L_KZ_010101_1B,KZPAV,KZPAV,0.3
2016,PT,,,_L_KZ_010101_1B,KZSEV,KZSEV,1.4
2016,PT,,,_L_KZ_010101_1B,KZYUZ,KZYUZ,1.5
2016,PT,,,_L_KZ_010101_1B,KZVOS,KZVOS,0.3
2016,PT,,,_L_KZ_010101_1B,KZALA,KZALA,0.1
2016,PT,,,_L_KZ_010101_1C,KZAKM,KZAKM,14.7
2016,PT,,,_L_KZ_010101_1C,KZAKT,KZAKT,13.2
2016,PT,,,_L_KZ_010101_1C,KZALM,KZALM,5.7
2016,PT,,,_L_KZ_010101_1C,KZATY,KZATY,9.4
2016,PT,,,_L_KZ_010101_1C,KZZAP,KZZAP,17.9
2016,PT,,,_L_KZ_010101_1C,KZZHA,KZZHA,33.1
2016,PT,,,_L_KZ_010101_1C,KZKAR,KZKAR,9.5
2016,PT,,,_L_KZ_010101_1C,KZKUS,KZKUS,15.9
2016,PT,,,_L_KZ_010101_1C,KZKZY,KZKZY,22.8
2016,PT,,,_L_KZ_010101_1C,KZMAN,KZMAN,3.3
2016,PT,,,_L_KZ_010101_1C,KZPAV,KZPAV,9.8
2016,PT,,,_L_KZ_010101_1C,KZSEV,KZSEV,13.1
2016,PT,,,_L_KZ_010101_1C,KZYUZ,KZYUZ,34.5
2016,PT,,,_L_KZ_010101_1C,KZVOS,KZVOS,9.4
2016,PT,,,_L_KZ_010101_1C,KZNS,KZNS,0.8
2016,PT,,,_L_KZ_010101_1C,KZALA,KZALA,2.1
2016,PT,,,_L_KZ_010101_1C,KZSHY,KZSHY,5.1
2016,PT,,U,_L_KZ_010101_1A,KZSEV,KZSEV,0.4
2016,PT,,U,_L_KZ_010101_1B,KZAKM,KZAKM,0.8
2016,PT,,U,_L_KZ_010101_1B,KZZHA,KZZHA,0.8
2016,PT,,U,_L_KZ_010101_1B,KZKAR,KZKAR,0.1
2016,PT,,U,_L_KZ_010101_1B,KZKUS,KZKUS,0.3
2016,PT,,U,_L_KZ_010101_1B,KZKZY,KZKZY,0.8
2016,PT,,U,_L_KZ_010101_1B,KZSEV,KZSEV,1.0
2016,PT,,U,_L_KZ_010101_1B,KZYUZ,KZYUZ,0.4
2016,PT,,U,_L_KZ_010101_1B,KZVOS,KZVOS,0.1
2016,PT,,U,_L_KZ_010101_1B,KZALA,KZALA,0.1
2016,PT,,U,_L_KZ_010101_1C,KZAKM,KZAKM,12.8
2016,PT,,U,_L_KZ_010101_1C,KZAKT,KZAKT,11.2
2016,PT,,U,_L_KZ_010101_1C,KZALM,KZALM,5.6
2016,PT,,U,_L_KZ_010101_1C,KZATY,KZATY,2.7
2016,PT,,U,_L_KZ_010101_1C,KZZAP,KZZAP,10.3
2016,PT,,U,_L_KZ_010101_1C,KZZHA,KZZHA,26.3
2016,PT,,U,_L_KZ_010101_1C,KZKAR,KZKAR,7.8
2016,PT,,U,_L_KZ_010101_1C,KZKUS,KZKUS,11.5
2016,PT,,U,_L_KZ_010101_1C,KZKZY,KZKZY,20.3
2016,PT,,U,_L_KZ_010101_1C,KZMAN,KZMAN,1.2
2016,PT,,U,_L_KZ_010101_1C,KZPAV,KZPAV,8.3
2016,PT,,U,_L_KZ_010101_1C,KZSEV,KZSEV,10.2
2016,PT,,U,_L_KZ_010101_1C,KZYUZ,KZYUZ,20.3
2016,PT,,U,_L_KZ_010101_1C,KZVOS,KZVOS,4.3
2016,PT,,U,_L_KZ_010101_1C,KZNS,KZNS,0.8
2016,PT,,U,_L_KZ_010101_1C,KZALA,KZALA,2.1
2016,PT,,U,_L_KZ_010101_1C,KZSHY,KZSHY,5.1
2016,PT,,R,_L_KZ_010101_1A,KZKAR,KZKAR,0.1
2016,PT,,R,_L_KZ_010101_1A,KZKUS,KZKUS,0.1
2016,PT,,R,_L_KZ_010101_1A,KZSEV,KZSEV,0.4
2016,PT,,R,_L_KZ_010101_1A,KZYUZ,KZYUZ,0.1
2016,PT,,R,_L_KZ_010101_1B,KZAKM,KZAKM,0.9
2016,PT,,R,_L_KZ_010101_1B,KZAKT,KZAKT,0.5
2016,PT,,R,_L_KZ_010101_1B,KZZAP,KZZAP,1.7
2016,PT,,R,_L_KZ_010101_1B,KZZHA,KZZHA,0.8
2016,PT,,R,_L_KZ_010101_1B,KZKAR,KZKAR,1.8
2016,PT,,R,_L_KZ_010101_1B,KZKUS,KZKUS,1.7
2016,PT,,R,_L_KZ_010101_1B,KZKZY,KZKZY,0.1
2016,PT,,R,_L_KZ_010101_1B,KZMAN,KZMAN,0.1
2016,PT,,R,_L_KZ_010101_1B,KZPAV,KZPAV,1.1
2016,PT,,R,_L_KZ_010101_1B,KZSEV,KZSEV,1.7
2016,PT,,R,_L_KZ_010101_1B,KZYUZ,KZYUZ,1.9
2016,PT,,R,_L_KZ_010101_1B,KZVOS,KZVOS,0.6
2016,PT,,R,_L_KZ_010101_1C,KZAKM,KZAKM,16.4
2016,PT,,R,_L_KZ_010101_1C,KZAKT,KZAKT,16.4
2016,PT,,R,_L_KZ_010101_1C,KZALM,KZALM,5.8
2016,PT,,R,_L_KZ_010101_1C,KZATY,KZATY,15.5
2016,PT,,R,_L_KZ_010101_1C,KZZAP,KZZAP,25.7
2016,PT,,R,_L_KZ_010101_1C,KZZHA,KZZHA,37.7
2016,PT,,R,_L_KZ_010101_1C,KZKAR,KZKAR,16.0
2016,PT,,R,_L_KZ_010101_1C,KZKUS,KZKUS,21.0
2016,PT,,R,_L_KZ_010101_1C,KZKZY,KZKZY,24.5
2016,PT,,R,_L_KZ_010101_1C,KZMAN,KZMAN,5.1
2016,PT,,R,_L_KZ_010101_1C,KZPAV,KZPAV,13.3
2016,PT,,R,_L_KZ_010101_1C,KZSEV,KZSEV,15.3
2016,PT,,R,_L_KZ_010101_1C,KZYUZ,KZYUZ,40.1
2016,PT,,R,_L_KZ_010101_1C,KZVOS,KZVOS,17.1
2017,PT,,,_L_KZ_010101_1A,,,0.0
2017,PT,,,_L_KZ_010101_1B,,,0.5
2017,PT,,,_L_KZ_010101_1C,,,11.4
2017,PT,M,,_L_KZ_010101_1A,,,0.0
2017,PT,M,,_L_KZ_010101_1B,,,0.5
2017,PT,M,,_L_KZ_010101_1C,,,11.9
2017,PT,F,,_L_KZ_010101_1A,,,0.0
2017,PT,F,,_L_KZ_010101_1B,,,0.5
2017,PT,F,,_L_KZ_010101_1C,,,11.0
2017,PT,,U,_L_KZ_010101_1A,,,0.0
2017,PT,,U,_L_KZ_010101_1B,,,0.2
2017,PT,,U,_L_KZ_010101_1C,,,7.0
2017,PT,,R,_L_KZ_010101_1A,,,0.1
2017,PT,,R,_L_KZ_010101_1B,,,0.9
2017,PT,,R,_L_KZ_010101_1C,,,17.3
2017,PT,,,_L_KZ_010101_1A,KZKAR,KZKAR,0.0
2017,PT,,,_L_KZ_010101_1A,KZSEV,KZSEV,0.1
2017,PT,,,_L_KZ_010101_1A,KZVOS,KZVOS,0.3
2017,PT,,,_L_KZ_010101_1B,KZAKM,KZAKM,0.8
2017,PT,,,_L_KZ_010101_1B,KZAKT,KZAKT,0.3
2017,PT,,,_L_KZ_010101_1B,KZZAP,KZZAP,0.7
2017,PT,,,_L_KZ_010101_1B,KZZHA,KZZHA,1.4
2017,PT,,,_L_KZ_010101_1B,KZKAR,KZKAR,0.5
2017,PT,,,_L_KZ_010101_1B,KZKUS,KZKUS,0.7
2017,PT,,,_L_KZ_010101_1B,KZKZY,KZKZY,0.1
2017,PT,,,_L_KZ_010101_1B,KZPAV,KZPAV,0.1
2017,PT,,,_L_KZ_010101_1B,KZSEV,KZSEV,1.1
2017,PT,,,_L_KZ_010101_1B,KZYUZ,KZYUZ,0.9
2017,PT,,,_L_KZ_010101_1B,KZVOS,KZVOS,1.1
2017,PT,,,_L_KZ_010101_1B,KZALA,KZALA,0.1
2017,PT,,,_L_KZ_010101_1C,KZAKM,KZAKM,11.5
2017,PT,,,_L_KZ_010101_1C,KZAKT,KZAKT,13.0
2017,PT,,,_L_KZ_010101_1C,KZALM,KZALM,6.4
2017,PT,,,_L_KZ_010101_1C,KZATY,KZATY,6.8
2017,PT,,,_L_KZ_010101_1C,KZZAP,KZZAP,17.0
2017,PT,,,_L_KZ_010101_1C,KZZHA,KZZHA,21.9
2017,PT,,,_L_KZ_010101_1C,KZKAR,KZKAR,8.7
2017,PT,,,_L_KZ_010101_1C,KZKUS,KZKUS,10.4
2017,PT,,,_L_KZ_010101_1C,KZKZY,KZKZY,18.7
2017,PT,,,_L_KZ_010101_1C,KZMAN,KZMAN,3.2
2017,PT,,,_L_KZ_010101_1C,KZPAV,KZPAV,6.6
2017,PT,,,_L_KZ_010101_1C,KZSEV,KZSEV,11.5
2017,PT,,,_L_KZ_010101_1C,KZYUZ,KZYUZ,29.2
2017,PT,,,_L_KZ_010101_1C,KZVOS,KZVOS,9.0
2017,PT,,,_L_KZ_010101_1C,KZNS,KZNS,0.8
2017,PT,,,_L_KZ_010101_1C,KZALA,KZALA,1.5
2017,PT,,,_L_KZ_010101_1C,KZSHY,KZSHY,6.1
2017,PT,,U,_L_KZ_010101_1A,KZSEV,KZSEV,0.1
2017,PT,,U,_L_KZ_010101_1B,KZAKM,KZAKM,0.6
2017,PT,,U,_L_KZ_010101_1B,KZAKT,KZAKT,0.2
2017,PT,,U,_L_KZ_010101_1B,KZZHA,KZZHA,0.6
2017,PT,,U,_L_KZ_010101_1B,KZKAR,KZKAR,0.3
2017,PT,,U,_L_KZ_010101_1B,KZKUS,KZKUS,0.3
2017,PT,,U,_L_KZ_010101_1B,KZKZY,KZKZY,0.3
2017,PT,,U,_L_KZ_010101_1B,KZSEV,KZSEV,1.1
2017,PT,,U,_L_KZ_010101_1B,KZVOS,KZVOS,0.3
2017,PT,,U,_L_KZ_010101_1B,KZALA,KZALA,0.1
2017,PT,,U,_L_KZ_010101_1C,KZAKM,KZAKM,10.2
2017,PT,,U,_L_KZ_010101_1C,KZAKT,KZAKT,12.0
2017,PT,,U,_L_KZ_010101_1C,KZALM,KZALM,4.7
2017,PT,,U,_L_KZ_010101_1C,KZATY,KZATY,2.5
2017,PT,,U,_L_KZ_010101_1C,KZZAP,KZZAP,10.4
2017,PT,,U,_L_KZ_010101_1C,KZZHA,KZZHA,18.4
2017,PT,,U,_L_KZ_010101_1C,KZKAR,KZKAR,6.8
2017,PT,,U,_L_KZ_010101_1C,KZKUS,KZKUS,7.7
2017,PT,,U,_L_KZ_010101_1C,KZKZY,KZKZY,15.9
2017,PT,,U,_L_KZ_010101_1C,KZMAN,KZMAN,0.8
2017,PT,,U,_L_KZ_010101_1C,KZPAV,KZPAV,5.0
2017,PT,,U,_L_KZ_010101_1C,KZSEV,KZSEV,10.3
2017,PT,,U,_L_KZ_010101_1C,KZYUZ,KZYUZ,22.0
2017,PT,,U,_L_KZ_010101_1C,KZVOS,KZVOS,5.3
2017,PT,,U,_L_KZ_010101_1C,KZNS,KZNS,0.8
2017,PT,,U,_L_KZ_010101_1C,KZALA,KZALA,1.5
2017,PT,,U,_L_KZ_010101_1C,KZSHY,KZSHY,6.1
2017,PT,,R,_L_KZ_010101_1A,KZKAR,KZKAR,0.1
2017,PT,,R,_L_KZ_010101_1A,KZSEV,KZSEV,0.1
2017,PT,,R,_L_KZ_010101_1A,KZVOS,KZVOS,0.7
2017,PT,,R,_L_KZ_010101_1B,KZAKM,KZAKM,0.9
2017,PT,,R,_L_KZ_010101_1B,KZAKT,KZAKT,0.5
2017,PT,,R,_L_KZ_010101_1B,KZZAP,KZZAP,1.5
2017,PT,,R,_L_KZ_010101_1B,KZZHA,KZZHA,1.9
2017,PT,,R,_L_KZ_010101_1B,KZKAR,KZKAR,1.2
2017,PT,,R,_L_KZ_010101_1B,KZKUS,KZKUS,1.2
2017,PT,,R,_L_KZ_010101_1B,KZPAV,KZPAV,0.3
2017,PT,,R,_L_KZ_010101_1B,KZSEV,KZSEV,1.0
2017,PT,,R,_L_KZ_010101_1B,KZYUZ,KZYUZ,1.3
2017,PT,,R,_L_KZ_010101_1B,KZVOS,KZVOS,2.4
2017,PT,,R,_L_KZ_010101_1C,KZAKM,KZAKM,12.7
2017,PT,,R,_L_KZ_010101_1C,KZAKT,KZAKT,14.8
2017,PT,,R,_L_KZ_010101_1C,KZALM,KZALM,6.9
2017,PT,,R,_L_KZ_010101_1C,KZATY,KZATY,10.7
2017,PT,,R,_L_KZ_010101_1C,KZZAP,KZZAP,24.0
2017,PT,,R,_L_KZ_010101_1C,KZZHA,KZZHA,24.3
2017,PT,,R,_L_KZ_010101_1C,KZKAR,KZKAR,16.0
2017,PT,,R,_L_KZ_010101_1C,KZKUS,KZKUS,13.5
2017,PT,,R,_L_KZ_010101_1C,KZKZY,KZKZY,20.6
2017,PT,,R,_L_KZ_010101_1C,KZMAN,KZMAN,4.9
2017,PT,,R,_L_KZ_010101_1C,KZPAV,KZPAV,10.6
2017,PT,,R,_L_KZ_010101_1C,KZSEV,KZSEV,12.4
2017,PT,,R,_L_KZ_010101_1C,KZYUZ,KZYUZ,32.3
2017,PT,,R,_L_KZ_010101_1C,KZVOS,KZVOS,14.7
2018,PT,,,_L_KZ_010101_1A,,,0.0
2018,PT,,,_L_KZ_010101_1B,,,0.3
2018,PT,,,_L_KZ_010101_1C,,,8.5
2018,PT,M,,_L_KZ_010101_1A,,,0.0
2018,PT,M,,_L_KZ_010101_1B,,,0.3
2018,PT,M,,_L_KZ_010101_1C,,,8.9
2018,PT,F,,_L_KZ_010101_1A,,,0.0
2018,PT,F,,_L_KZ_010101_1B,,,0.3
2018,PT,F,,_L_KZ_010101_1C,,,8.2
2018,PT,,U,_L_KZ_010101_1B,,,0.2
2018,PT,,U,_L_KZ_010101_1C,,,5.0
2018,PT,,R,_L_KZ_010101_1A,,,0.0
2018,PT,,R,_L_KZ_010101_1B,,,0.4
2018,PT,,R,_L_KZ_010101_1C,,,13.4
2018,PT,,,_L_KZ_010101_1A,KZALM,KZALM,0.1
2018,PT,,,_L_KZ_010101_1A,KZKAR,KZKAR,0.0
2018,PT,,,_L_KZ_010101_1B,KZAKM,KZAKM,0.6
2018,PT,,,_L_KZ_010101_1B,KZAKT,KZAKT,0.2
2018,PT,,,_L_KZ_010101_1B,KZALM,KZALM,0.1
2018,PT,,,_L_KZ_010101_1B,KZZAP,KZZAP,0.1
2018,PT,,,_L_KZ_010101_1B,KZZHA,KZZHA,0.2
2018,PT,,,_L_KZ_010101_1B,KZKAR,KZKAR,0.5
2018,PT,,,_L_KZ_010101_1B,KZKUS,KZKUS,1.0
2018,PT,,,_L_KZ_010101_1B,KZKZY,KZKZY,0.1
2018,PT,,,_L_KZ_010101_1B,KZMAN,KZMAN,0.2
2018,PT,,,_L_KZ_010101_1B,KZPAV,KZPAV,0.1
2018,PT,,,_L_KZ_010101_1B,KZSEV,KZSEV,0.5
2018,PT,,,_L_KZ_010101_1B,KZYUZ,KZYUZ,0.5
2018,PT,,,_L_KZ_010101_1B,KZVOS,KZVOS,0.5
2018,PT,,,_L_KZ_010101_1B,KZNS,KZNS,0.1
2018,PT,,,_L_KZ_010101_1B,KZALA,KZALA,0.2
2018,PT,,,_L_KZ_010101_1B,KZSHY,KZSHY,0.5
2018,PT,,,_L_KZ_010101_1C,KZAKM,KZAKM,8.7
2018,PT,,,_L_KZ_010101_1C,KZAKT,KZAKT,12.0
2018,PT,,,_L_KZ_010101_1C,KZALM,KZALM,4.7
2018,PT,,,_L_KZ_010101_1C,KZATY,KZATY,5.2
2018,PT,,,_L_KZ_010101_1C,KZZAP,KZZAP,11.8
2018,PT,,,_L_KZ_010101_1C,KZZHA,KZZHA,13.8
2018,PT,,,_L_KZ_010101_1C,KZKAR,KZKAR,5.1
2018,PT,,,_L_KZ_010101_1C,KZKUS,KZKUS,10.5
2018,PT,,,_L_KZ_010101_1C,KZKZY,KZKZY,13.7
2018,PT,,,_L_KZ_010101_1C,KZMAN,KZMAN,4.1
2018,PT,,,_L_KZ_010101_1C,KZPAV,KZPAV,8.5
2018,PT,,,_L_KZ_010101_1C,KZSEV,KZSEV,8.4
2018,PT,,,_L_KZ_010101_1C,KZYUZ,KZYUZ,21.7
2018,PT,,,_L_KZ_010101_1C,KZVOS,KZVOS,8.3
2018,PT,,,_L_KZ_010101_1C,KZNS,KZNS,0.8
2018,PT,,,_L_KZ_010101_1C,KZALA,KZALA,2.4
2018,PT,,,_L_KZ_010101_1C,KZSHY,KZSHY,3.8
2018,PT,,U,_L_KZ_010101_1B,KZAKM,KZAKM,0.5
2018,PT,,U,_L_KZ_010101_1B,KZAKT,KZAKT,0.1
2018,PT,,U,_L_KZ_010101_1B,KZKAR,KZKAR,0.5
2018,PT,,U,_L_KZ_010101_1B,KZKUS,KZKUS,0.7
2018,PT,,U,_L_KZ_010101_1B,KZSEV,KZSEV,0.8
2018,PT,,U,_L_KZ_010101_1B,KZYUZ,KZYUZ,0.3
2018,PT,,U,_L_KZ_010101_1B,KZVOS,KZVOS,0.1
2018,PT,,U,_L_KZ_010101_1B,KZNS,KZNS,0.1
2018,PT,,U,_L_KZ_010101_1B,KZALA,KZALA,0.2
2018,PT,,U,_L_KZ_010101_1B,KZSHY,KZSHY,0.5
2018,PT,,U,_L_KZ_010101_1C,KZAKM,KZAKM,7.8
2018,PT,,U,_L_KZ_010101_1C,KZAKT,KZAKT,9.9
2018,PT,,U,_L_KZ_010101_1C,KZALM,KZALM,4.5
2018,PT,,U,_L_KZ_010101_1C,KZATY,KZATY,1.6
2018,PT,,U,_L_KZ_010101_1C,KZZAP,KZZAP,6.5
2018,PT,,U,_L_KZ_010101_1C,KZZHA,KZZHA,8.7
2018,PT,,U,_L_KZ_010101_1C,KZKAR,KZKAR,4.3
2018,PT,,U,_L_KZ_010101_1C,KZKUS,KZKUS,6.4
2018,PT,,U,_L_KZ_010101_1C,KZKZY,KZKZY,11.5
2018,PT,,U,_L_KZ_010101_1C,KZMAN,KZMAN,1.1
2018,PT,,U,_L_KZ_010101_1C,KZPAV,KZPAV,6.7
2018,PT,,U,_L_KZ_010101_1C,KZSEV,KZSEV,5.9
2018,PT,,U,_L_KZ_010101_1C,KZYUZ,KZYUZ,16.5
2018,PT,,U,_L_KZ_010101_1C,KZVOS,KZVOS,4.6
2018,PT,,U,_L_KZ_010101_1C,KZNS,KZNS,0.8
2018,PT,,U,_L_KZ_010101_1C,KZALA,KZALA,2.4
2018,PT,,U,_L_KZ_010101_1C,KZSHY,KZSHY,3.8
2018,PT,,R,_L_KZ_010101_1A,KZALM,KZALM,0.1
2018,PT,,R,_L_KZ_010101_1A,KZKAR,KZKAR,0.2
2018,PT,,R,_L_KZ_010101_1B,KZAKM,KZAKM,0.7
2018,PT,,R,_L_KZ_010101_1B,KZAKT,KZAKT,0.4
2018,PT,,R,_L_KZ_010101_1B,KZALM,KZALM,0.1
2018,PT,,R,_L_KZ_010101_1B,KZZAP,KZZAP,0.1
2018,PT,,R,_L_KZ_010101_1B,KZZHA,KZZHA,0.3
2018,PT,,R,_L_KZ_010101_1B,KZKAR,KZKAR,0.5
2018,PT,,R,_L_KZ_010101_1B,KZKUS,KZKUS,1.4
2018,PT,,R,_L_KZ_010101_1B,KZKZY,KZKZY,0.2
2018,PT,,R,_L_KZ_010101_1B,KZMAN,KZMAN,0.3
2018,PT,,R,_L_KZ_010101_1B,KZPAV,KZPAV,0.3
2018,PT,,R,_L_KZ_010101_1B,KZSEV,KZSEV,0.3
2018,PT,,R,_L_KZ_010101_1B,KZYUZ,KZYUZ,0.6
2018,PT,,R,_L_KZ_010101_1B,KZVOS,KZVOS,1.1
2018,PT,,R,_L_KZ_010101_1C,KZAKM,KZAKM,9.5
2018,PT,,R,_L_KZ_010101_1C,KZAKT,KZAKT,15.7
2018,PT,,R,_L_KZ_010101_1C,KZALM,KZALM,4.8
2018,PT,,R,_L_KZ_010101_1C,KZATY,KZATY,9.1
2018,PT,,R,_L_KZ_010101_1C,KZZAP,KZZAP,17.5
2018,PT,,R,_L_KZ_010101_1C,KZZHA,KZZHA,17.2
2018,PT,,R,_L_KZ_010101_1C,KZKAR,KZKAR,8.4
2018,PT,,R,_L_KZ_010101_1C,KZKUS,KZKUS,15.5
2018,PT,,R,_L_KZ_010101_1C,KZKZY,KZKZY,15.2
2018,PT,,R,_L_KZ_010101_1C,KZMAN,KZMAN,6.1
2018,PT,,R,_L_KZ_010101_1C,KZPAV,KZPAV,12.9
2018,PT,,R,_L_KZ_010101_1C,KZSEV,KZSEV,10.5
2018,PT,,R,_L_KZ_010101_1C,KZYUZ,KZYUZ,22.9
2018,PT,,R,_L_KZ_010101_1C,KZVOS,KZVOS,14.1
2019,PT,,,_L_KZ_010101_1A,,,0.0
2019,PT,,,_L_KZ_010101_1B,,,0.2
2019,PT,,,_L_KZ_010101_1C,,,6.2
2019,PT,M,,_L_KZ_010101_1A,,,0.0
2019,PT,M,,_L_KZ_010101_1B,,,0.2
2019,PT,M,,_L_KZ_010101_1C,,,6.4
2019,PT,F,,_L_KZ_010101_1A,,,0.0
2019,PT,F,,_L_KZ_010101_1B,,,0.2
2019,PT,F,,_L_KZ_010101_1C,,,5.9
2019,PT,,U,_L_KZ_010101_1A,,,0.0
2019,PT,,U,_L_KZ_010101_1B,,,0.1
2019,PT,,U,_L_KZ_010101_1C,,,3.6
2019,PT,,R,_L_KZ_010101_1A,,,0.0
2019,PT,,R,_L_KZ_010101_1B,,,0.4
2019,PT,,R,_L_KZ_010101_1C,,,9.7
2019,PT,,,_L_KZ_010101_1A,KZAKM,KZAKM,0.0
2019,PT,,,_L_KZ_010101_1A,KZKAR,KZKAR,0.1
2019,PT,,,_L_KZ_010101_1B,KZAKM,KZAKM,0.7
2019,PT,,,_L_KZ_010101_1B,KZAKT,KZAKT,0.2
2019,PT,,,_L_KZ_010101_1B,KZALM,KZALM,0.2
2019,PT,,,_L_KZ_010101_1B,KZZHA,KZZHA,0.3
2019,PT,,,_L_KZ_010101_1B,KZKAR,KZKAR,0.4
2019,PT,,,_L_KZ_010101_1B,KZKUS,KZKUS,0.4
2019,PT,,,_L_KZ_010101_1B,KZKZY,KZKZY,0.2
2019,PT,,,_L_KZ_010101_1B,KZPAV,KZPAV,0.2
2019,PT,,,_L_KZ_010101_1B,KZSEV,KZSEV,0.5
2019,PT,,,_L_KZ_010101_1B,KZYUZ,KZYUZ,0.2
2019,PT,,,_L_KZ_010101_1B,KZVOS,KZVOS,0.6
2019,PT,,,_L_KZ_010101_1B,KZALA,KZALA,0.0
2019,PT,,,_L_KZ_010101_1C,KZAKM,KZAKM,6.2
2019,PT,,,_L_KZ_010101_1C,KZAKT,KZAKT,4.5
2019,PT,,,_L_KZ_010101_1C,KZALM,KZALM,3.0
2019,PT,,,_L_KZ_010101_1C,KZATY,KZATY,3.2
2019,PT,,,_L_KZ_010101_1C,KZZAP,KZZAP,7.3
2019,PT,,,_L_KZ_010101_1C,KZZHA,KZZHA,9.6
2019,PT,,,_L_KZ_010101_1C,KZKAR,KZKAR,3.9
2019,PT,,,_L_KZ_010101_1C,KZKUS,KZKUS,6.0
2019,PT,,,_L_KZ_010101_1C,KZKZY,KZKZY,10.4
2019,PT,,,_L_KZ_010101_1C,KZMAN,KZMAN,4.2
2019,PT,,,_L_KZ_010101_1C,KZPAV,KZPAV,6.4
2019,PT,,,_L_KZ_010101_1C,KZSEV,KZSEV,8.6
2019,PT,,,_L_KZ_010101_1C,KZYUZ,KZYUZ,15.3
2019,PT,,,_L_KZ_010101_1C,KZVOS,KZVOS,7.9
2019,PT,,,_L_KZ_010101_1C,KZNS,KZNS,0.6
2019,PT,,,_L_KZ_010101_1C,KZALA,KZALA,2.4
2019,PT,,,_L_KZ_010101_1C,KZSHY,KZSHY,4.3
2019,PT,,U,_L_KZ_010101_1A,KZKAR,KZKAR,0.1
2019,PT,,U,_L_KZ_010101_1B,KZAKM,KZAKM,0.4
2019,PT,,U,_L_KZ_010101_1B,KZKAR,KZKAR,0.5
2019,PT,,U,_L_KZ_010101_1B,KZKUS,KZKUS,0.4
2019,PT,,U,_L_KZ_010101_1B,KZYUZ,KZYUZ,0.5
2019,PT,,U,_L_KZ_010101_1B,KZALA,KZALA,0.0
2019,PT,,U,_L_KZ_010101_1C,KZAKM,KZAKM,5.3
2019,PT,,U,_L_KZ_010101_1C,KZAKT,KZAKT,2.8
2019,PT,,U,_L_KZ_010101_1C,KZALM,KZALM,1.8
2019,PT,,U,_L_KZ_010101_1C,KZATY,KZATY,0.8
2019,PT,,U,_L_KZ_010101_1C,KZZAP,KZZAP,4.4
2019,PT,,U,_L_KZ_010101_1C,KZZHA,KZZHA,5.0
2019,PT,,U,_L_KZ_010101_1C,KZKAR,KZKAR,3.4
2019,PT,,U,_L_KZ_010101_1C,KZKUS,KZKUS,3.6
2019,PT,,U,_L_KZ_010101_1C,KZKZY,KZKZY,9.2
2019,PT,,U,_L_KZ_010101_1C,KZMAN,KZMAN,0.4
2019,PT,,U,_L_KZ_010101_1C,KZPAV,KZPAV,5.7
2019,PT,,U,_L_KZ_010101_1C,KZSEV,KZSEV,6.6
2019,PT,,U,_L_KZ_010101_1C,KZYUZ,KZYUZ,11.4
2019,PT,,U,_L_KZ_010101_1C,KZVOS,KZVOS,3.9
2019,PT,,U,_L_KZ_010101_1C,KZNS,KZNS,0.6
2019,PT,,U,_L_KZ_010101_1C,KZALA,KZALA,2.4
2019,PT,,U,_L_KZ_010101_1C,KZSHY,KZSHY,4.3
2019,PT,,R,_L_KZ_010101_1A,KZAKM,KZAKM,0.1
2019,PT,,R,_L_KZ_010101_1B,KZAKM,KZAKM,0.9
2019,PT,,R,_L_KZ_010101_1B,KZAKT,KZAKT,0.7
2019,PT,,R,_L_KZ_010101_1B,KZALM,KZALM,0.2
2019,PT,,R,_L_KZ_010101_1B,KZZHA,KZZHA,0.5
2019,PT,,R,_L_KZ_010101_1B,KZKAR,KZKAR,0.2
2019,PT,,R,_L_KZ_010101_1B,KZKUS,KZKUS,0.4
2019,PT,,R,_L_KZ_010101_1B,KZKZY,KZKZY,0.4
2019,PT,,R,_L_KZ_010101_1B,KZPAV,KZPAV,0.5
2019,PT,,R,_L_KZ_010101_1B,KZSEV,KZSEV,0.9
2019,PT,,R,_L_KZ_010101_1B,KZYUZ,KZYUZ,0.1
2019,PT,,R,_L_KZ_010101_1B,KZVOS,KZVOS,1.5
2019,PT,,R,_L_KZ_010101_1C,KZAKM,KZAKM,7.0
2019,PT,,R,_L_KZ_010101_1C,KZAKT,KZAKT,8.6
2019,PT,,R,_L_KZ_010101_1C,KZALM,KZALM,3.3
2019,PT,,R,_L_KZ_010101_1C,KZATY,KZATY,5.9
2019,PT,,R,_L_KZ_010101_1C,KZZAP,KZZAP,10.4
2019,PT,,R,_L_KZ_010101_1C,KZZHA,KZZHA,12.6
2019,PT,,R,_L_KZ_010101_1C,KZKAR,KZKAR,5.9
2019,PT,,R,_L_KZ_010101_1C,KZKUS,KZKUS,8.9
2019,PT,,R,_L_KZ_010101_1C,KZKZY,KZKZY,11.3
2019,PT,,R,_L_KZ_010101_1C,KZMAN,KZMAN,6.7
2019,PT,,R,_L_KZ_010101_1C,KZPAV,KZPAV,7.8
2019,PT,,R,_L_KZ_010101_1C,KZSEV,KZSEV,10.3
2019,PT,,R,_L_KZ_010101_1C,KZYUZ,KZYUZ,16.2
2019,PT,,R,_L_KZ_010101_1C,KZVOS,KZVOS,14.5
2020,PT,,,_L_KZ_010101_1B,,,0.0
2020,PT,,,_L_KZ_010101_1C,,,0.8
2020,PT,M,,_L_KZ_010101_1B,,,0.0
2020,PT,M,,_L_KZ_010101_1C,,,0.8
