Year,UNIT_MEASURE,URBANISATION,REF_AREA,GeoCode,Value
2010,SQ_METER,,,,18.4
2010,SQ_METER,U,,,20.2
2010,SQ_METER,R,,,16.5
2010,SQ_METER,,KZAKM,KZAKM,19.5
2010,SQ_METER,,KZAKT,KZAKT,17.3
2010,SQ_METER,,KZALM,KZALM,15.7
2010,SQ_METER,,KZATY,KZATY,16.5
2010,SQ_METER,,KZZAP,KZZAP,17.0
2010,SQ_METER,,KZZHA,KZZHA,15.7
2010,SQ_METER,,KZKAR,KZKAR,21.3
2010,SQ_METER,,KZKUS,KZKUS,19.8
2010,SQ_METER,,KZKZY,KZKZY,17.2
2010,SQ_METER,,KZMAN,KZMAN,16.0
2010,SQ_METER,,KZONT,KZONT,17.7
2010,SQ_METER,,KZPAV,KZPAV,20.9
2010,SQ_METER,,KZSEV,KZSEV,19.8
2010,SQ_METER,,KZVOS,KZVOS,19.0
2010,SQ_METER,,KZNS,KZNS,22.5
2010,SQ_METER,,KZALA,KZALA,20.3
2010,SQ_METER,U,KZAKM,KZAKM,21.1
2010,SQ_METER,U,KZAKT,KZAKT,18.9
2010,SQ_METER,U,KZALM,KZALM,18.0
2010,SQ_METER,U,KZATY,KZATY,17.8
2010,SQ_METER,U,KZZAP,KZZAP,19.7
2010,SQ_METER,U,KZZHA,KZZHA,17.5
2010,SQ_METER,U,KZKAR,KZKAR,22.1
2010,SQ_METER,U,KZKUS,KZKUS,20.4
2010,SQ_METER,U,KZKZY,KZKZY,18.0
2010,SQ_METER,U,KZMAN,KZMAN,17.1
2010,SQ_METER,U,KZONT,KZONT,19.6
2010,SQ_METER,U,KZPAV,KZPAV,22.0
2010,SQ_METER,U,KZSEV,KZSEV,20.9
2010,SQ_METER,U,KZVOS,KZVOS,20.7
2010,SQ_METER,U,KZNS,KZNS,22.5
2010,SQ_METER,U,KZALA,KZALA,20.3
2010,SQ_METER,R,KZAKM,KZAKM,18.3
2010,SQ_METER,R,KZAKT,KZAKT,14.8
2010,SQ_METER,R,KZALM,KZALM,15.0
2010,SQ_METER,R,KZATY,KZATY,15.1
2010,SQ_METER,R,KZZAP,KZZAP,14.7
2010,SQ_METER,R,KZZHA,KZZHA,14.4
2010,SQ_METER,R,KZKAR,KZKAR,18.8
2010,SQ_METER,R,KZKUS,KZKUS,19.2
2010,SQ_METER,R,KZKZY,KZKZY,16.7
2010,SQ_METER,R,KZMAN,KZMAN,14.0
2010,SQ_METER,R,KZONT,KZONT,16.6
2010,SQ_METER,R,KZPAV,KZPAV,18.9
2010,SQ_METER,R,KZSEV,KZSEV,19.1
2010,SQ_METER,R,KZVOS,KZVOS,16.9
2011,SQ_METER,,,,18.7
2011,SQ_METER,U,,,20.6
2011,SQ_METER,R,,,16.6
2011,SQ_METER,,KZAKM,KZAKM,19.6
2011,SQ_METER,,KZAKT,KZAKT,18.2
2011,SQ_METER,,KZALM,KZALM,15.9
2011,SQ_METER,,KZATY,KZATY,16.2
2011,SQ_METER,,KZZAP,KZZAP,17.4
2011,SQ_METER,,KZZHA,KZZHA,16.0
2011,SQ_METER,,KZKAR,KZKAR,21.3
2011,SQ_METER,,KZKUS,KZKUS,20.3
2011,SQ_METER,,KZKZY,KZKZY,17.9
2011,SQ_METER,,KZMAN,KZMAN,16.5
2011,SQ_METER,,KZONT,KZONT,17.6
2011,SQ_METER,,KZPAV,KZPAV,21.4
2011,SQ_METER,,KZSEV,KZSEV,19.9
2011,SQ_METER,,KZVOS,KZVOS,19.0
2011,SQ_METER,,KZNS,KZNS,24.4
2011,SQ_METER,,KZALA,KZALA,20.7
2011,SQ_METER,U,KZAKM,KZAKM,21.1
2011,SQ_METER,U,KZAKT,KZAKT,20.2
2011,SQ_METER,U,KZALM,KZALM,18.5
2011,SQ_METER,U,KZATY,KZATY,16.8
2011,SQ_METER,U,KZZAP,KZZAP,20.1
2011,SQ_METER,U,KZZHA,KZZHA,18.3
2011,SQ_METER,U,KZKAR,KZKAR,22.0
2011,SQ_METER,U,KZKUS,KZKUS,21.1
2011,SQ_METER,U,KZKZY,KZKZY,19.3
2011,SQ_METER,U,KZMAN,KZMAN,17.2
2011,SQ_METER,U,KZONT,KZONT,19.7
2011,SQ_METER,U,KZPAV,KZPAV,22.4
2011,SQ_METER,U,KZSEV,KZSEV,21.2
2011,SQ_METER,U,KZVOS,KZVOS,20.7
2011,SQ_METER,U,KZNS,KZNS,24.4
2011,SQ_METER,U,KZALA,KZALA,20.7
2011,SQ_METER,R,KZAKM,KZAKM,18.5
2011,SQ_METER,R,KZAKT,KZAKT,15.3
2011,SQ_METER,R,KZALM,KZALM,15.1
2011,SQ_METER,R,KZATY,KZATY,15.5
2011,SQ_METER,R,KZZAP,KZZAP,15.0
2011,SQ_METER,R,KZZHA,KZZHA,14.3
2011,SQ_METER,R,KZKAR,KZKAR,19.2
2011,SQ_METER,R,KZKUS,KZKUS,19.5
2011,SQ_METER,R,KZKZY,KZKZY,17.0
2011,SQ_METER,R,KZMAN,KZMAN,15.6
2011,SQ_METER,R,KZONT,KZONT,16.3
2011,SQ_METER,R,KZPAV,KZPAV,19.6
2011,SQ_METER,R,KZSEV,KZSEV,19.1
2011,SQ_METER,R,KZVOS,KZVOS,16.7
2012,SQ_METER,,,,19.6
2012,SQ_METER,U,,,22.1
2012,SQ_METER,R,,,16.8
2012,SQ_METER,,KZAKM,KZAKM,20.2
2012,SQ_METER,,KZAKT,KZAKT,18.7
2012,SQ_METER,,KZALM,KZALM,16.1
2012,SQ_METER,,KZATY,KZATY,19.5
2012,SQ_METER,,KZZAP,KZZAP,18.4
2012,SQ_METER,,KZZHA,KZZHA,15.7
2012,SQ_METER,,KZKAR,KZKAR,21.9
2012,SQ_METER,,KZKUS,KZKUS,20.9
2012,SQ_METER,,KZKZY,KZKZY,19.1
2012,SQ_METER,,KZMAN,KZMAN,17.5
2012,SQ_METER,,KZONT,KZONT,19.1
2012,SQ_METER,,KZPAV,KZPAV,21.6
2012,SQ_METER,,KZSEV,KZSEV,20.2
2012,SQ_METER,,KZVOS,KZVOS,19.0
2012,SQ_METER,,KZNS,KZNS,25.4
2012,SQ_METER,,KZALA,KZALA,24.4
2012,SQ_METER,U,KZAKM,KZAKM,22.0
2012,SQ_METER,U,KZAKT,KZAKT,21.2
2012,SQ_METER,U,KZALM,KZALM,18.8
2012,SQ_METER,U,KZATY,KZATY,22.1
2012,SQ_METER,U,KZZAP,KZZAP,21.9
2012,SQ_METER,U,KZZHA,KZZHA,18.0
2012,SQ_METER,U,KZKAR,KZKAR,22.6
2012,SQ_METER,U,KZKUS,KZKUS,21.7
2012,SQ_METER,U,KZKZY,KZKZY,21.0
2012,SQ_METER,U,KZMAN,KZMAN,18.0
2012,SQ_METER,U,KZONT,KZONT,22.6
2012,SQ_METER,U,KZPAV,KZPAV,22.5
2012,SQ_METER,U,KZSEV,KZSEV,21.7
2012,SQ_METER,U,KZVOS,KZVOS,20.9
2012,SQ_METER,U,KZNS,KZNS,25.4
2012,SQ_METER,U,KZALA,KZALA,24.4
2012,SQ_METER,R,KZAKM,KZAKM,18.8
2012,SQ_METER,R,KZAKT,KZAKT,15.2
2012,SQ_METER,R,KZALM,KZALM,15.3
2012,SQ_METER,R,KZATY,KZATY,16.7
2012,SQ_METER,R,KZZAP,KZZAP,15.4
2012,SQ_METER,R,KZZHA,KZZHA,14.0
2012,SQ_METER,R,KZKAR,KZKAR,19.5
2012,SQ_METER,R,KZKUS,KZKUS,20.1
2012,SQ_METER,R,KZKZY,KZKZY,18.0
2012,SQ_METER,R,KZMAN,KZMAN,16.9
2012,SQ_METER,R,KZONT,KZONT,16.7
2012,SQ_METER,R,KZPAV,KZPAV,19.7
2012,SQ_METER,R,KZSEV,KZSEV,19.1
2012,SQ_METER,R,KZVOS,KZVOS,16.5
2013,SQ_METER,,,,20.9
2013,SQ_METER,U,,,23.7
2013,SQ_METER,R,,,17.4
2013,SQ_METER,,KZAKM,KZAKM,21.4
2013,SQ_METER,,KZAKT,KZAKT,20.1
2013,SQ_METER,,KZALM,KZALM,17.1
2013,SQ_METER,,KZATY,KZATY,19.9
2013,SQ_METER,,KZZAP,KZZAP,19.1
2013,SQ_METER,,KZZHA,KZZHA,15.6
2013,SQ_METER,,KZKAR,KZKAR,22.4
2013,SQ_METER,,KZKUS,KZKUS,21.5
2013,SQ_METER,,KZKZY,KZKZY,19.5
2013,SQ_METER,,KZMAN,KZMAN,20.1
2013,SQ_METER,,KZONT,KZONT,20.7
2013,SQ_METER,,KZPAV,KZPAV,22.6
2013,SQ_METER,,KZSEV,KZSEV,20.7
2013,SQ_METER,,KZVOS,KZVOS,19.4
2013,SQ_METER,,KZNS,KZNS,27.7
2013,SQ_METER,,KZALA,KZALA,27.6
2013,SQ_METER,U,KZAKM,KZAKM,22.4
2013,SQ_METER,U,KZAKT,KZAKT,22.9
2013,SQ_METER,U,KZALM,KZALM,19.8
2013,SQ_METER,U,KZATY,KZATY,22.3
2013,SQ_METER,U,KZZAP,KZZAP,23.1
2013,SQ_METER,U,KZZHA,KZZHA,18.5
2013,SQ_METER,U,KZKAR,KZKAR,23.2
2013,SQ_METER,U,KZKUS,KZKUS,22.3
2013,SQ_METER,U,KZKZY,KZKZY,21.7
2013,SQ_METER,U,KZMAN,KZMAN,19.9
2013,SQ_METER,U,KZONT,KZONT,25.1
2013,SQ_METER,U,KZPAV,KZPAV,23.5
2013,SQ_METER,U,KZSEV,KZSEV,22.3
2013,SQ_METER,U,KZVOS,KZVOS,21.4
2013,SQ_METER,U,KZNS,KZNS,27.7
2013,SQ_METER,U,KZALA,KZALA,27.6
2013,SQ_METER,R,KZAKM,KZAKM,20.6
2013,SQ_METER,R,KZAKT,KZAKT,16.2
2013,SQ_METER,R,KZALM,KZALM,16.2
2013,SQ_METER,R,KZATY,KZATY,17.3
2013,SQ_METER,R,KZZAP,KZZAP,15.5
2013,SQ_METER,R,KZZHA,KZZHA,13.6
2013,SQ_METER,R,KZKAR,KZKAR,19.7
2013,SQ_METER,R,KZKUS,KZKUS,20.6
2013,SQ_METER,R,KZKZY,KZKZY,18.0
2013,SQ_METER,R,KZMAN,KZMAN,20.3
2013,SQ_METER,R,KZONT,KZONT,17.1
2013,SQ_METER,R,KZPAV,KZPAV,20.7
2013,SQ_METER,R,KZSEV,KZSEV,19.6
2013,SQ_METER,R,KZVOS,KZVOS,16.9
2014,SQ_METER,,,,21.0
2014,SQ_METER,U,,,23.8
2014,SQ_METER,R,,,17.6
2014,SQ_METER,,KZAKM,KZAKM,21.6
2014,SQ_METER,,KZAKT,KZAKT,20.8
2014,SQ_METER,,KZALM,KZALM,17.6
2014,SQ_METER,,KZATY,KZATY,20.0
2014,SQ_METER,,KZZAP,KZZAP,19.5
2014,SQ_METER,,KZZHA,KZZHA,15.9
2014,SQ_METER,,KZKAR,KZKAR,22.6
2014,SQ_METER,,KZKUS,KZKUS,21.9
2014,SQ_METER,,KZKZY,KZKZY,19.1
2014,SQ_METER,,KZMAN,KZMAN,20.9
2014,SQ_METER,,KZONT,KZONT,20.3
2014,SQ_METER,,KZPAV,KZPAV,22.8
2014,SQ_METER,,KZSEV,KZSEV,20.9
2014,SQ_METER,,KZVOS,KZVOS,19.5
2014,SQ_METER,,KZNS,KZNS,28.5
2014,SQ_METER,,KZALA,KZALA,26.7
2014,SQ_METER,U,KZAKM,KZAKM,22.7
2014,SQ_METER,U,KZAKT,KZAKT,23.7
2014,SQ_METER,U,KZALM,KZALM,20.6
2014,SQ_METER,U,KZATY,KZATY,22.4
2014,SQ_METER,U,KZZAP,KZZAP,23.6
2014,SQ_METER,U,KZZHA,KZZHA,18.6
2014,SQ_METER,U,KZKAR,KZKAR,23.4
2014,SQ_METER,U,KZKUS,KZKUS,22.7
2014,SQ_METER,U,KZKZY,KZKZY,20.4
2014,SQ_METER,U,KZMAN,KZMAN,20.4
2014,SQ_METER,U,KZONT,KZONT,25.5
2014,SQ_METER,U,KZPAV,KZPAV,23.7
2014,SQ_METER,U,KZSEV,KZSEV,22.3
2014,SQ_METER,U,KZVOS,KZVOS,21.5
2014,SQ_METER,U,KZNS,KZNS,28.5
2014,SQ_METER,U,KZALA,KZALA,26.7
2014,SQ_METER,R,KZAKM,KZAKM,20.7
2014,SQ_METER,R,KZAKT,KZAKT,16.6
2014,SQ_METER,R,KZALM,KZALM,16.7
2014,SQ_METER,R,KZATY,KZATY,17.5
2014,SQ_METER,R,KZZAP,KZZAP,15.7
2014,SQ_METER,R,KZZHA,KZZHA,14.0
2014,SQ_METER,R,KZKAR,KZKAR,20.1
2014,SQ_METER,R,KZKUS,KZKUS,21.0
2014,SQ_METER,R,KZKZY,KZKZY,18.0
2014,SQ_METER,R,KZMAN,KZMAN,21.3
2014,SQ_METER,R,KZONT,KZONT,16.9
2014,SQ_METER,R,KZPAV,KZPAV,20.9
2014,SQ_METER,R,KZSEV,KZSEV,19.9
2014,SQ_METER,R,KZVOS,KZVOS,17.0
2015,SQ_METER,,,,21.0
2015,SQ_METER,U,,,23.5
2015,SQ_METER,R,,,17.8
2015,SQ_METER,,KZAKM,KZAKM,21.6
2015,SQ_METER,,KZAKT,KZAKT,21.3
2015,SQ_METER,,KZALM,KZALM,18.1
2015,SQ_METER,,KZATY,KZATY,20.1
2015,SQ_METER,,KZZAP,KZZAP,19.8
2015,SQ_METER,,KZZHA,KZZHA,16.1
2015,SQ_METER,,KZKAR,KZKAR,22.7
2015,SQ_METER,,KZKUS,KZKUS,21.8
2015,SQ_METER,,KZKZY,KZKZY,19.3
2015,SQ_METER,,KZMAN,KZMAN,21.8
2015,SQ_METER,,KZONT,KZONT,18.9
2015,SQ_METER,,KZPAV,KZPAV,21.9
2015,SQ_METER,,KZSEV,KZSEV,20.8
2015,SQ_METER,,KZVOS,KZVOS,19.7
2015,SQ_METER,,KZNS,KZNS,29.0
2015,SQ_METER,,KZALA,KZALA,27.0
2015,SQ_METER,U,KZAKM,KZAKM,22.9
2015,SQ_METER,U,KZAKT,KZAKT,24.3
2015,SQ_METER,U,KZALM,KZALM,21.1
2015,SQ_METER,U,KZATY,KZATY,22.3
2015,SQ_METER,U,KZZAP,KZZAP,23.7
2015,SQ_METER,U,KZZHA,KZZHA,18.8
2015,SQ_METER,U,KZKAR,KZKAR,23.5
2015,SQ_METER,U,KZKUS,KZKUS,22.4
2015,SQ_METER,U,KZKZY,KZKZY,20.8
2015,SQ_METER,U,KZMAN,KZMAN,21.4
2015,SQ_METER,U,KZONT,KZONT,21.7
2015,SQ_METER,U,KZPAV,KZPAV,22.6
2015,SQ_METER,U,KZSEV,KZSEV,21.9
2015,SQ_METER,U,KZVOS,KZVOS,21.5
2015,SQ_METER,U,KZNS,KZNS,29.0
2015,SQ_METER,U,KZALA,KZALA,27.0
2015,SQ_METER,R,KZAKM,KZAKM,20.5
2015,SQ_METER,R,KZAKT,KZAKT,17.1
2015,SQ_METER,R,KZALM,KZALM,17.2
2015,SQ_METER,R,KZATY,KZATY,17.8
2015,SQ_METER,R,KZZAP,KZZAP,16.1
2015,SQ_METER,R,KZZHA,KZZHA,14.3
2015,SQ_METER,R,KZKAR,KZKAR,20.0
2015,SQ_METER,R,KZKUS,KZKUS,21.1
2015,SQ_METER,R,KZKZY,KZKZY,18.1
2015,SQ_METER,R,KZMAN,KZMAN,22.2
2015,SQ_METER,R,KZONT,KZONT,16.7
2015,SQ_METER,R,KZPAV,KZPAV,20.4
2015,SQ_METER,R,KZSEV,KZSEV,20.0
2015,SQ_METER,R,KZVOS,KZVOS,17.0
2016,SQ_METER,,,,21.4
2016,SQ_METER,U,,,24.0
2016,SQ_METER,R,,,18.0
2016,SQ_METER,,KZAKM,KZAKM,21.8
2016,SQ_METER,,KZAKT,KZAKT,21.7
2016,SQ_METER,,KZALM,KZALM,18.5
2016,SQ_METER,,KZATY,KZATY,20.6
2016,SQ_METER,,KZZAP,KZZAP,20.2
2016,SQ_METER,,KZZHA,KZZHA,16.3
2016,SQ_METER,,KZKAR,KZKAR,22.9
2016,SQ_METER,,KZKUS,KZKUS,21.8
2016,SQ_METER,,KZKZY,KZKZY,19.6
2016,SQ_METER,,KZMAN,KZMAN,22.4
2016,SQ_METER,,KZONT,KZONT,19.4
2016,SQ_METER,,KZPAV,KZPAV,21.9
2016,SQ_METER,,KZSEV,KZSEV,21.0
2016,SQ_METER,,KZVOS,KZVOS,20.0
2016,SQ_METER,,KZNS,KZNS,29.6
2016,SQ_METER,,KZALA,KZALA,27.6
2016,SQ_METER,U,KZAKM,KZAKM,23.5
2016,SQ_METER,U,KZAKT,KZAKT,24.6
2016,SQ_METER,U,KZALM,KZALM,21.5
2016,SQ_METER,U,KZATY,KZATY,23.2
2016,SQ_METER,U,KZZAP,KZZAP,24.2
2016,SQ_METER,U,KZZHA,KZZHA,19.0
2016,SQ_METER,U,KZKAR,KZKAR,23.6
2016,SQ_METER,U,KZKUS,KZKUS,22.3
2016,SQ_METER,U,KZKZY,KZKZY,21.1
2016,SQ_METER,U,KZMAN,KZMAN,22.1
2016,SQ_METER,U,KZONT,KZONT,22.7
2016,SQ_METER,U,KZPAV,KZPAV,22.4
2016,SQ_METER,U,KZSEV,KZSEV,22.0
2016,SQ_METER,U,KZVOS,KZVOS,22.0
2016,SQ_METER,U,KZNS,KZNS,29.6
2016,SQ_METER,U,KZALA,KZALA,27.6
2016,SQ_METER,R,KZAKM,KZAKM,20.5
2016,SQ_METER,R,KZAKT,KZAKT,17.5
2016,SQ_METER,R,KZALM,KZALM,17.6
2016,SQ_METER,R,KZATY,KZATY,18.0
2016,SQ_METER,R,KZZAP,KZZAP,16.4
2016,SQ_METER,R,KZZHA,KZZHA,14.5
2016,SQ_METER,R,KZKAR,KZKAR,20.2
2016,SQ_METER,R,KZKUS,KZKUS,21.2
2016,SQ_METER,R,KZKZY,KZKZY,18.4
2016,SQ_METER,R,KZMAN,KZMAN,22.7
2016,SQ_METER,R,KZONT,KZONT,16.7
2016,SQ_METER,R,KZPAV,KZPAV,20.7
2016,SQ_METER,R,KZSEV,KZSEV,20.2
2016,SQ_METER,R,KZVOS,KZVOS,17.1
2017,SQ_METER,,,,21.6
2017,SQ_METER,U,,,24.1
2017,SQ_METER,R,,,18.2
2017,SQ_METER,,KZAKM,KZAKM,22.0
2017,SQ_METER,,KZAKT,KZAKT,22.0
2017,SQ_METER,,KZALM,KZALM,18.9
2017,SQ_METER,,KZATY,KZATY,21.4
2017,SQ_METER,,KZZAP,KZZAP,20.6
2017,SQ_METER,,KZZHA,KZZHA,16.6
2017,SQ_METER,,KZKAR,KZKAR,23.0
2017,SQ_METER,,KZKUS,KZKUS,21.7
2017,SQ_METER,,KZKZY,KZKZY,19.9
2017,SQ_METER,,KZMAN,KZMAN,23.3
2017,SQ_METER,,KZONT,KZONT,19.7
2017,SQ_METER,,KZPAV,KZPAV,22.0
2017,SQ_METER,,KZSEV,KZSEV,21.0
2017,SQ_METER,,KZVOS,KZVOS,20.2
2017,SQ_METER,,KZNS,KZNS,29.8
2017,SQ_METER,,KZALA,KZALA,27.1
2017,SQ_METER,U,KZAKM,KZAKM,23.8
2017,SQ_METER,U,KZAKT,KZAKT,24.6
2017,SQ_METER,U,KZALM,KZALM,21.8
2017,SQ_METER,U,KZATY,KZATY,23.7
2017,SQ_METER,U,KZZAP,KZZAP,24.8
2017,SQ_METER,U,KZZHA,KZZHA,19.4
2017,SQ_METER,U,KZKAR,KZKAR,23.8
2017,SQ_METER,U,KZKUS,KZKUS,22.3
2017,SQ_METER,U,KZKZY,KZKZY,21.7
2017,SQ_METER,U,KZMAN,KZMAN,23.2
2017,SQ_METER,U,KZONT,KZONT,23.2
2017,SQ_METER,U,KZPAV,KZPAV,22.4
2017,SQ_METER,U,KZSEV,KZSEV,21.7
2017,SQ_METER,U,KZVOS,KZVOS,22.2
2017,SQ_METER,U,KZNS,KZNS,29.8
2017,SQ_METER,U,KZALA,KZALA,27.1
2017,SQ_METER,R,KZAKM,KZAKM,20.6
2017,SQ_METER,R,KZAKT,KZAKT,16.5
2017,SQ_METER,R,KZALM,KZALM,18.0
2017,SQ_METER,R,KZATY,KZATY,19.0
2017,SQ_METER,R,KZZAP,KZZAP,16.6
2017,SQ_METER,R,KZZHA,KZZHA,14.7
2017,SQ_METER,R,KZKAR,KZKAR,20.4
2017,SQ_METER,R,KZKUS,KZKUS,20.9
2017,SQ_METER,R,KZKZY,KZKZY,18.4
2017,SQ_METER,R,KZMAN,KZMAN,23.3
2017,SQ_METER,R,KZONT,KZONT,17.0
2017,SQ_METER,R,KZPAV,KZPAV,20.9
2017,SQ_METER,R,KZSEV,KZSEV,20.5
2017,SQ_METER,R,KZVOS,KZVOS,17.3
2018,SQ_METER,,,,21.9
2018,SQ_METER,U,,,24.2
2018,SQ_METER,R,,,18.6
2018,SQ_METER,,KZAKM,KZAKM,22.4
2018,SQ_METER,,KZAKT,KZAKT,21.6
2018,SQ_METER,,KZALM,KZALM,19.1
2018,SQ_METER,,KZATY,KZATY,22.2
2018,SQ_METER,,KZZAP,KZZAP,21.0
2018,SQ_METER,,KZZHA,KZZHA,16.9
2018,SQ_METER,,KZKAR,KZKAR,23.2
2018,SQ_METER,,KZKUS,KZKUS,21.8
2018,SQ_METER,,KZKZY,KZKZY,20.0
2018,SQ_METER,,KZMAN,KZMAN,24.4
2018,SQ_METER,,KZPAV,KZPAV,22.1
2018,SQ_METER,,KZSEV,KZSEV,21.4
2018,SQ_METER,,KZYUZ,KZYUZ,18.2
2018,SQ_METER,,KZVOS,KZVOS,20.5
2018,SQ_METER,,KZNS,KZNS,30.0
2018,SQ_METER,,KZALA,KZALA,27.5
2018,SQ_METER,,KZSHY,KZSHY,23.5
2018,SQ_METER,U,KZAKM,KZAKM,24.1
2018,SQ_METER,U,KZAKT,KZAKT,23.3
2018,SQ_METER,U,KZALM,KZALM,21.6
2018,SQ_METER,U,KZATY,KZATY,24.4
2018,SQ_METER,U,KZZAP,KZZAP,25.3
2018,SQ_METER,U,KZZHA,KZZHA,19.8
2018,SQ_METER,U,KZKAR,KZKAR,23.9
2018,SQ_METER,U,KZKUS,KZKUS,22.5
2018,SQ_METER,U,KZKZY,KZKZY,21.8
2018,SQ_METER,U,KZMAN,KZMAN,24.5
2018,SQ_METER,U,KZPAV,KZPAV,22.5
2018,SQ_METER,U,KZSEV,KZSEV,21.8
2018,SQ_METER,U,KZYUZ,KZYUZ,21.5
2018,SQ_METER,U,KZVOS,KZVOS,22.5
2018,SQ_METER,U,KZNS,KZNS,30.0
2018,SQ_METER,U,KZALA,KZALA,27.5
2018,SQ_METER,U,KZSHY,KZSHY,23.5
2018,SQ_METER,R,KZAKM,KZAKM,21.0
2018,SQ_METER,R,KZAKT,KZAKT,17.4
2018,SQ_METER,R,KZALM,KZALM,18.3
2018,SQ_METER,R,KZATY,KZATY,19.6
2018,SQ_METER,R,KZZAP,KZZAP,17.0
2018,SQ_METER,R,KZZHA,KZZHA,15.0
2018,SQ_METER,R,KZKAR,KZKAR,20.5
2018,SQ_METER,R,KZKUS,KZKUS,21.0
2018,SQ_METER,R,KZKZY,KZKZY,18.5
2018,SQ_METER,R,KZMAN,KZMAN,24.3
2018,SQ_METER,R,KZPAV,KZPAV,21.2
2018,SQ_METER,R,KZSEV,KZSEV,21.0
2018,SQ_METER,R,KZYUZ,KZYUZ,17.3
2018,SQ_METER,R,KZVOS,KZVOS,17.6
2019,SQ_METER,,,,22.2
2019,SQ_METER,U,,,24.7
2019,SQ_METER,R,,,18.9
2019,SQ_METER,,KZAKM,KZAKM,22.7
2019,SQ_METER,,KZAKT,KZAKT,21.9
2019,SQ_METER,,KZALM,KZALM,19.6
2019,SQ_METER,,KZATY,KZATY,22.7
2019,SQ_METER,,KZZAP,KZZAP,21.4
2019,SQ_METER,,KZZHA,KZZHA,17.2
2019,SQ_METER,,KZKAR,KZKAR,23.3
2019,SQ_METER,,KZKUS,KZKUS,22.0
2019,SQ_METER,,KZKZY,KZKZY,20.5
2019,SQ_METER,,KZMAN,KZMAN,25.5
2019,SQ_METER,,KZPAV,KZPAV,22.3
2019,SQ_METER,,KZSEV,KZSEV,21.7
2019,SQ_METER,,KZYUZ,KZYUZ,18.4
2019,SQ_METER,,KZVOS,KZVOS,20.7
2019,SQ_METER,,KZNS,KZNS,30.5
2019,SQ_METER,,KZALA,KZALA,28.0
2019,SQ_METER,,KZSHY,KZSHY,24.1
2019,SQ_METER,U,KZAKM,KZAKM,24.3
2019,SQ_METER,U,KZAKT,KZAKT,23.7
2019,SQ_METER,U,KZALM,KZALM,22.1
2019,SQ_METER,U,KZATY,KZATY,24.8
2019,SQ_METER,U,KZZAP,KZZAP,25.8
2019,SQ_METER,U,KZZHA,KZZHA,20.2
2019,SQ_METER,U,KZKAR,KZKAR,24.0
2019,SQ_METER,U,KZKUS,KZKUS,22.7
2019,SQ_METER,U,KZKZY,KZKZY,22.5
2019,SQ_METER,U,KZMAN,KZMAN,25.3
2019,SQ_METER,U,KZPAV,KZPAV,22.6
2019,SQ_METER,U,KZSEV,KZSEV,22.1
2019,SQ_METER,U,KZYUZ,KZYUZ,21.7
2019,SQ_METER,U,KZVOS,KZVOS,22.7
2019,SQ_METER,U,KZNS,KZNS,30.5
2019,SQ_METER,U,KZALA,KZALA,28.0
2019,SQ_METER,U,KZSHY,KZSHY,24.1
2019,SQ_METER,R,KZAKM,KZAKM,21.4
2019,SQ_METER,R,KZAKT,KZAKT,17.6
2019,SQ_METER,R,KZALM,KZALM,18.8
2019,SQ_METER,R,KZATY,KZATY,20.1
2019,SQ_METER,R,KZZAP,KZZAP,17.2
2019,SQ_METER,R,KZZHA,KZZHA,15.2
2019,SQ_METER,R,KZKAR,KZKAR,20.6
2019,SQ_METER,R,KZKUS,KZKUS,21.1
2019,SQ_METER,R,KZKZY,KZKZY,18.8
2019,SQ_METER,R,KZMAN,KZMAN,25.6
2019,SQ_METER,R,KZPAV,KZPAV,21.3
2019,SQ_METER,R,KZSEV,KZSEV,21.3
2019,SQ_METER,R,KZYUZ,KZYUZ,17.5
2019,SQ_METER,R,KZVOS,KZVOS,17.8
2020,SQ_METER,,,,22.6
2020,SQ_METER,U,,,25.0
2020,SQ_METER,R,,,19.3
2020,SQ_METER,,KZAKM,KZAKM,23.2
2020,SQ_METER,,KZAKT,KZAKT,22.4
2020,SQ_METER,,KZALM,KZALM,20.2
2020,SQ_METER,,KZATY,KZATY,23.2
2020,SQ_METER,,KZZAP,KZZAP,21.9
2020,SQ_METER,,KZZHA,KZZHA,17.6
2020,SQ_METER,,KZKAR,KZKAR,23.3
2020,SQ_METER,,KZKUS,KZKUS,22.2
2020,SQ_METER,,KZKZY,KZKZY,20.6
2020,SQ_METER,,KZMAN,KZMAN,26.3
2020,SQ_METER,,KZPAV,KZPAV,22.5
2020,SQ_METER,,KZSEV,KZSEV,21.9
2020,SQ_METER,,KZYUZ,KZYUZ,18.7
2020,SQ_METER,,KZVOS,KZVOS,20.9
2020,SQ_METER,,KZNS,KZNS,30.5
2020,SQ_METER,,KZALA,KZALA,28.3
2020,SQ_METER,,KZSHY,KZSHY,24.8
2020,SQ_METER,U,KZAKM,KZAKM,24.6
2020,SQ_METER,U,KZAKT,KZAKT,24.1
2020,SQ_METER,U,KZALM,KZALM,22.7
2020,SQ_METER,U,KZATY,KZATY,25.1
2020,SQ_METER,U,KZZAP,KZZAP,26.3
2020,SQ_METER,U,KZZHA,KZZHA,20.6
2020,SQ_METER,U,KZKAR,KZKAR,24.1
2020,SQ_METER,U,KZKUS,KZKUS,22.9
2020,SQ_METER,U,KZKZY,KZKZY,22.4
2020,SQ_METER,U,KZMAN,KZMAN,26.5
2020,SQ_METER,U,KZPAV,KZPAV,22.8
2020,SQ_METER,U,KZSEV,KZSEV,22.3
2020,SQ_METER,U,KZYUZ,KZYUZ,22.2
2020,SQ_METER,U,KZVOS,KZVOS,22.9
2020,SQ_METER,U,KZNS,KZNS,30.5
2020,SQ_METER,U,KZALA,KZALA,28.3
2020,SQ_METER,U,KZSHY,KZSHY,24.8
2020,SQ_METER,R,KZAKM,KZAKM,22.0
2020,SQ_METER,R,KZAKT,KZAKT,18.0
2020,SQ_METER,R,KZALM,KZALM,19.4
2020,SQ_METER,R,KZATY,KZATY,20.9
2020,SQ_METER,R,KZZAP,KZZAP,17.4
2020,SQ_METER,R,KZZHA,KZZHA,15.4
2020,SQ_METER,R,KZKAR,KZKAR,20.6
2020,SQ_METER,R,KZKUS,KZKUS,21.1
2020,SQ_METER,R,KZKZY,KZKZY,19.0
2020,SQ_METER,R,KZMAN,KZMAN,26.2
2020,SQ_METER,R,KZPAV,KZPAV,21.6
2020,SQ_METER,R,KZSEV,KZSEV,21.6
2020,SQ_METER,R,KZYUZ,KZYUZ,17.8
2020,SQ_METER,R,KZVOS,KZVOS,18.0
2021,SQ_METER,,,,23.2
2021,SQ_METER,U,,,25.5
2021,SQ_METER,R,,,18.8
2021,SQ_METER,,KZAKM,KZAKM,23.6
2021,SQ_METER,,KZAKT,KZAKT,23.0
2021,SQ_METER,,KZALM,KZALM,21.0
2021,SQ_METER,,KZATY,KZATY,24.2
2021,SQ_METER,,KZZAP,KZZAP,22.5
2021,SQ_METER,,KZZHA,KZZHA,18.0
2021,SQ_METER,,KZKAR,KZKAR,23.5
2021,SQ_METER,,KZKUS,KZKUS,22.5
2021,SQ_METER,,KZKZY,KZKZY,20.9
2021,SQ_METER,,KZMAN,KZMAN,27.3
2021,SQ_METER,,KZPAV,KZPAV,22.6
2021,SQ_METER,,KZSEV,KZSEV,22.2
2021,SQ_METER,,KZYUZ,KZYUZ,19.1
2021,SQ_METER,,KZVOS,KZVOS,21.2
2021,SQ_METER,,KZNS,KZNS,30.6
2021,SQ_METER,,KZALA,KZALA,29.0
2021,SQ_METER,,KZSHY,KZSHY,25.8
2021,SQ_METER,U,KZAKM,KZAKM,25.6
2021,SQ_METER,U,KZAKT,KZAKT,24.7
2021,SQ_METER,U,KZALM,KZALM,23.5
2021,SQ_METER,U,KZATY,KZATY,26.1
2021,SQ_METER,U,KZZAP,KZZAP,26.9
2021,SQ_METER,U,KZZHA,KZZHA,21.2
2021,SQ_METER,U,KZKAR,KZKAR,24.2
2021,SQ_METER,U,KZKUS,KZKUS,23.2
2021,SQ_METER,U,KZKZY,KZKZY,22.7
2021,SQ_METER,U,KZMAN,KZMAN,27.9
2021,SQ_METER,U,KZPAV,KZPAV,23.0
2021,SQ_METER,U,KZSEV,KZSEV,22.4
2021,SQ_METER,U,KZYUZ,KZYUZ,22.7
2021,SQ_METER,U,KZVOS,KZVOS,23.2
2021,SQ_METER,U,KZNS,KZNS,30.6
2021,SQ_METER,U,KZALA,KZALA,29.0
2021,SQ_METER,U,KZSHY,KZSHY,25.8
2021,SQ_METER,R,KZAKM,KZAKM,21.7
2021,SQ_METER,R,KZAKT,KZAKT,18.4
2021,SQ_METER,R,KZALM,KZALM,20.2
2021,SQ_METER,R,KZATY,KZATY,22.1
2021,SQ_METER,R,KZZAP,KZZAP,17.9
2021,SQ_METER,R,KZZHA,KZZHA,15.7
2021,SQ_METER,R,KZKAR,KZKAR,20.9
2021,SQ_METER,R,KZKUS,KZKUS,21.5
2021,SQ_METER,R,KZKZY,KZKZY,19.3
2021,SQ_METER,R,KZMAN,KZMAN,26.8
2021,SQ_METER,R,KZPAV,KZPAV,21.8
2021,SQ_METER,R,KZSEV,KZSEV,21.9
2021,SQ_METER,R,KZYUZ,KZYUZ,18.2
2021,SQ_METER,R,KZVOS,KZVOS,18.3
