Year,UNIT_MEASURE,Виды подпоказателей,REF_AREA,Value
2010,TH_HA,"Площадь территории, покрытой лесом",,12317.8
2010,TH_HA,"Площадь территории, покрытой лесом",KZAKM,373.7
2010,TH_HA,"Площадь территории, покрытой лесом",KZAKT,47.3
2010,TH_HA,"Площадь территории, покрытой лесом",KZALM,1797.6
2010,TH_HA,"Площадь территории, покрытой лесом",KZATY,15.8
2010,TH_HA,"Площадь территории, покрытой лесом",KZZAP,103.3
2010,TH_HA,"Площадь территории, покрытой лесом",KZZHA,2213.6
2010,TH_HA,"Площадь территории, покрытой лесом",KZKAR,155.4
2010,TH_HA,"Площадь территории, покрытой лесом",KZKUS,222.4
2010,TH_HA,"Площадь территории, покрытой лесом",KZKZY,3094.7
2010,TH_HA,"Площадь территории, покрытой лесом",KZMAN,122.7
2010,TH_HA,"Площадь территории, покрытой лесом",KZPAV,247.0
2010,TH_HA,"Площадь территории, покрытой лесом",KZSEV,530.2
2010,TH_HA,"Площадь территории, покрытой лесом",KZYUZ,1603.4
2010,TH_HA,"Площадь территории, покрытой лесом",KZVOS,1800.8
2010,M_METER3,Запасы наземной биомассы в лесах,,380.7
2010,M_METER3,Запасы наземной биомассы в лесах,KZAKM,42.7
2010,M_METER3,Запасы наземной биомассы в лесах,KZAKT,1.0
2010,M_METER3,Запасы наземной биомассы в лесах,KZALM,38.7
2010,M_METER3,Запасы наземной биомассы в лесах,KZATY,0.5
2010,M_METER3,Запасы наземной биомассы в лесах,KZZAP,8.0
2010,M_METER3,Запасы наземной биомассы в лесах,KZZHA,3.4
2010,M_METER3,Запасы наземной биомассы в лесах,KZKAR,4.6
2010,M_METER3,Запасы наземной биомассы в лесах,KZKUS,16.5
2010,M_METER3,Запасы наземной биомассы в лесах,KZKZY,6.0
2010,M_METER3,Запасы наземной биомассы в лесах,KZMAN,0.1
2010,M_METER3,Запасы наземной биомассы в лесах,KZPAV,26.6
2010,M_METER3,Запасы наземной биомассы в лесах,KZSEV,54.4
2010,M_METER3,Запасы наземной биомассы в лесах,KZYUZ,3.1
2010,M_METER3,Запасы наземной биомассы в лесах,KZVOS,175.1
2010,PT,Изменение чистой площади лесов,,24.0
2010,PT,Изменение чистой площади лесов,KZAKM,-6.4
2010,PT,Изменение чистой площади лесов,KZAKT,-0.2
2010,PT,Изменение чистой площади лесов,KZALM,-0.6
2010,PT,Изменение чистой площади лесов,KZATY,0.0
2010,PT,Изменение чистой площади лесов,KZZAP,1.6
2010,PT,Изменение чистой площади лесов,KZZHA,2.9
2010,PT,Изменение чистой площади лесов,KZKAR,10.4
2010,PT,Изменение чистой площади лесов,KZKUS,7.2
2010,PT,Изменение чистой площади лесов,KZKZY,3.8
2010,PT,Изменение чистой площади лесов,KZMAN,0.0
2010,PT,Изменение чистой площади лесов,KZPAV,1.1
2010,PT,Изменение чистой площади лесов,KZSEV,-0.2
2010,PT,Изменение чистой площади лесов,KZYUZ,4.2
2010,PT,Изменение чистой площади лесов,KZVOS,0.3
2010,TH_HA,"Доля лесной площади, находящейся в охраняемых законом зонах",,12317.8
2010,TH_HA,"Доля лесной площади, находящейся в охраняемых законом зонах",KZAKM,373.7
2010,TH_HA,"Доля лесной площади, находящейся в охраняемых законом зонах",KZAKT,47.3
2010,TH_HA,"Доля лесной площади, находящейся в охраняемых законом зонах",KZALM,1797.6
2010,TH_HA,"Доля лесной площади, находящейся в охраняемых законом зонах",KZATY,15.8
2010,TH_HA,"Доля лесной площади, находящейся в охраняемых законом зонах",KZZAP,103.3
2010,TH_HA,"Доля лесной площади, находящейся в охраняемых законом зонах",KZZHA,2213.6
2010,TH_HA,"Доля лесной площади, находящейся в охраняемых законом зонах",KZKAR,155.4
2010,TH_HA,"Доля лесной площади, находящейся в охраняемых законом зонах",KZKUS,222.4
2010,TH_HA,"Доля лесной площади, находящейся в охраняемых законом зонах",KZKZY,3094.7
2010,TH_HA,"Доля лесной площади, находящейся в охраняемых законом зонах",KZMAN,122.7
2010,TH_HA,"Доля лесной площади, находящейся в охраняемых законом зонах",KZPAV,247.0
2010,TH_HA,"Доля лесной площади, находящейся в охраняемых законом зонах",KZSEV,530.2
2010,TH_HA,"Доля лесной площади, находящейся в охраняемых законом зонах",KZYUZ,1603.4
2010,TH_HA,"Доля лесной площади, находящейся в охраняемых законом зонах",KZVOS,1800.8
2010,TH_HA,"Доля площади лесов, в отношении которых разработан долгосрочный план управления лесным хозяйством",,12317.8
2010,TH_HA,"Доля площади лесов, в отношении которых разработан долгосрочный план управления лесным хозяйством",KZAKM,373.7
2010,TH_HA,"Доля площади лесов, в отношении которых разработан долгосрочный план управления лесным хозяйством",KZAKT,47.3
2010,TH_HA,"Доля площади лесов, в отношении которых разработан долгосрочный план управления лесным хозяйством",KZALM,1797.6
2010,TH_HA,"Доля площади лесов, в отношении которых разработан долгосрочный план управления лесным хозяйством",KZATY,15.8
2010,TH_HA,"Доля площади лесов, в отношении которых разработан долгосрочный план управления лесным хозяйством",KZZAP,103.3
2010,TH_HA,"Доля площади лесов, в отношении которых разработан долгосрочный план управления лесным хозяйством",KZZHA,2213.6
2010,TH_HA,"Доля площади лесов, в отношении которых разработан долгосрочный план управления лесным хозяйством",KZKAR,155.4
2010,TH_HA,"Доля площади лесов, в отношении которых разработан долгосрочный план управления лесным хозяйством",KZKUS,222.4
2010,TH_HA,"Доля площади лесов, в отношении которых разработан долгосрочный план управления лесным хозяйством",KZKZY,3094.7
2010,TH_HA,"Доля площади лесов, в отношении которых разработан долгосрочный план управления лесным хозяйством",KZMAN,122.7
2010,TH_HA,"Доля площади лесов, в отношении которых разработан долгосрочный план управления лесным хозяйством",KZPAV,247.0
2010,TH_HA,"Доля площади лесов, в отношении которых разработан долгосрочный план управления лесным хозяйством",KZSEV,530.2
2010,TH_HA,"Доля площади лесов, в отношении которых разработан долгосрочный план управления лесным хозяйством",KZYUZ,1603.4
2010,TH_HA,"Доля площади лесов, в отношении которых разработан долгосрочный план управления лесным хозяйством",KZVOS,1800.8
2011,TH_HA,"Площадь территории, покрытой лесом",,12452.0
2011,TH_HA,"Площадь территории, покрытой лесом",KZAKM,378.6
2011,TH_HA,"Площадь территории, покрытой лесом",KZAKT,47.2
2011,TH_HA,"Площадь территории, покрытой лесом",KZALM,1850.9
2011,TH_HA,"Площадь территории, покрытой лесом",KZATY,15.8
2011,TH_HA,"Площадь территории, покрытой лесом",KZZAP,104.6
2011,TH_HA,"Площадь территории, покрытой лесом",KZZHA,2219.6
2011,TH_HA,"Площадь территории, покрытой лесом",KZKAR,155.4
2011,TH_HA,"Площадь территории, покрытой лесом",KZKUS,223.7
2011,TH_HA,"Площадь территории, покрытой лесом",KZKZY,3088.2
2011,TH_HA,"Площадь территории, покрытой лесом",KZMAN,122.8
2011,TH_HA,"Площадь территории, покрытой лесом",KZPAV,249.9
2011,TH_HA,"Площадь территории, покрытой лесом",KZSEV,529.4
2011,TH_HA,"Площадь территории, покрытой лесом",KZYUZ,1603.4
2011,TH_HA,"Площадь территории, покрытой лесом",KZVOS,1862.5
2011,M_METER3,Запасы наземной биомассы в лесах,,380.7
2011,M_METER3,Запасы наземной биомассы в лесах,KZAKM,42.7
2011,M_METER3,Запасы наземной биомассы в лесах,KZAKT,1.0
2011,M_METER3,Запасы наземной биомассы в лесах,KZALM,38.7
2011,M_METER3,Запасы наземной биомассы в лесах,KZATY,0.5
2011,M_METER3,Запасы наземной биомассы в лесах,KZZAP,8.0
2011,M_METER3,Запасы наземной биомассы в лесах,KZZHA,3.4
2011,M_METER3,Запасы наземной биомассы в лесах,KZKAR,4.6
2011,M_METER3,Запасы наземной биомассы в лесах,KZKUS,16.5
2011,M_METER3,Запасы наземной биомассы в лесах,KZKZY,6.0
2011,M_METER3,Запасы наземной биомассы в лесах,KZMAN,0.1
2011,M_METER3,Запасы наземной биомассы в лесах,KZPAV,26.6
2011,M_METER3,Запасы наземной биомассы в лесах,KZSEV,54.4
2011,M_METER3,Запасы наземной биомассы в лесах,KZYUZ,3.1
2011,M_METER3,Запасы наземной биомассы в лесах,KZVOS,175.1
2011,PT,Изменение чистой площади лесов,,134.20000000000073
2011,PT,Изменение чистой площади лесов,KZAKM,4.900000000000034
2011,PT,Изменение чистой площади лесов,KZAKT,-0.09999999999999433
2011,PT,Изменение чистой площади лесов,KZALM,53.30000000000018
2011,PT,Изменение чистой площади лесов,KZATY,0.0
2011,PT,Изменение чистой площади лесов,KZZAP,1.2999999999999972
2011,PT,Изменение чистой площади лесов,KZZHA,6.0
2011,PT,Изменение чистой площади лесов,KZKAR,0.0
2011,PT,Изменение чистой площади лесов,KZKUS,1.299999999999983
2011,PT,Изменение чистой площади лесов,KZKZY,-6.5
2011,PT,Изменение чистой площади лесов,KZMAN,0.09999999999999433
2011,PT,Изменение чистой площади лесов,KZPAV,2.9000000000000057
2011,PT,Изменение чистой площади лесов,KZSEV,-0.8
2011,PT,Изменение чистой площади лесов,KZYUZ,0.0
2011,PT,Изменение чистой площади лесов,KZVOS,61.700000000000045
2011,TH_HA,"Доля лесной площади, находящейся в охраняемых законом зонах",,12452.0
2011,TH_HA,"Доля лесной площади, находящейся в охраняемых законом зонах",KZAKM,378.6
2011,TH_HA,"Доля лесной площади, находящейся в охраняемых законом зонах",KZAKT,47.2
2011,TH_HA,"Доля лесной площади, находящейся в охраняемых законом зонах",KZALM,1850.9
2011,TH_HA,"Доля лесной площади, находящейся в охраняемых законом зонах",KZATY,15.8
2011,TH_HA,"Доля лесной площади, находящейся в охраняемых законом зонах",KZZAP,104.6
2011,TH_HA,"Доля лесной площади, находящейся в охраняемых законом зонах",KZZHA,2219.6
2011,TH_HA,"Доля лесной площади, находящейся в охраняемых законом зонах",KZKAR,155.4
2011,TH_HA,"Доля лесной площади, находящейся в охраняемых законом зонах",KZKUS,223.7
2011,TH_HA,"Доля лесной площади, находящейся в охраняемых законом зонах",KZKZY,3088.2
2011,TH_HA,"Доля лесной площади, находящейся в охраняемых законом зонах",KZMAN,122.8
2011,TH_HA,"Доля лесной площади, находящейся в охраняемых законом зонах",KZPAV,249.9
2011,TH_HA,"Доля лесной площади, находящейся в охраняемых законом зонах",KZSEV,529.4
2011,TH_HA,"Доля лесной площади, находящейся в охраняемых законом зонах",KZYUZ,1603.4
2011,TH_HA,"Доля лесной площади, находящейся в охраняемых законом зонах",KZVOS,1862.5
2011,TH_HA,"Доля площади лесов, в отношении которых разработан долгосрочный план управления лесным хозяйством",,12452.0
2011,TH_HA,"Доля площади лесов, в отношении которых разработан долгосрочный план управления лесным хозяйством",KZAKM,378.6
2011,TH_HA,"Доля площади лесов, в отношении которых разработан долгосрочный план управления лесным хозяйством",KZAKT,47.2
2011,TH_HA,"Доля площади лесов, в отношении которых разработан долгосрочный план управления лесным хозяйством",KZALM,1850.9
2011,TH_HA,"Доля площади лесов, в отношении которых разработан долгосрочный план управления лесным хозяйством",KZATY,15.8
2011,TH_HA,"Доля площади лесов, в отношении которых разработан долгосрочный план управления лесным хозяйством",KZZAP,104.6
2011,TH_HA,"Доля площади лесов, в отношении которых разработан долгосрочный план управления лесным хозяйством",KZZHA,2219.6
2011,TH_HA,"Доля площади лесов, в отношении которых разработан долгосрочный план управления лесным хозяйством",KZKAR,155.4
2011,TH_HA,"Доля площади лесов, в отношении которых разработан долгосрочный план управления лесным хозяйством",KZKUS,223.7
2011,TH_HA,"Доля площади лесов, в отношении которых разработан долгосрочный план управления лесным хозяйством",KZKZY,3088.2
2011,TH_HA,"Доля площади лесов, в отношении которых разработан долгосрочный план управления лесным хозяйством",KZMAN,122.8
2011,TH_HA,"Доля площади лесов, в отношении которых разработан долгосрочный план управления лесным хозяйством",KZPAV,249.9
2011,TH_HA,"Доля площади лесов, в отношении которых разработан долгосрочный план управления лесным хозяйством",KZSEV,529.4
2011,TH_HA,"Доля площади лесов, в отношении которых разработан долгосрочный план управления лесным хозяйством",KZYUZ,1603.4
2011,TH_HA,"Доля площади лесов, в отношении которых разработан долгосрочный план управления лесным хозяйством",KZVOS,1862.5
2012,TH_HA,"Площадь территории, покрытой лесом",,12548.6
2012,TH_HA,"Площадь территории, покрытой лесом",KZAKM,378.0
2012,TH_HA,"Площадь территории, покрытой лесом",KZAKT,47.9
2012,TH_HA,"Площадь территории, покрытой лесом",KZALM,1851.7
2012,TH_HA,"Площадь территории, покрытой лесом",KZATY,15.8
2012,TH_HA,"Площадь территории, покрытой лесом",KZZAP,106.1
2012,TH_HA,"Площадь территории, покрытой лесом",KZZHA,2222.3
2012,TH_HA,"Площадь территории, покрытой лесом",KZKAR,156.0
2012,TH_HA,"Площадь территории, покрытой лесом",KZKUS,224.1
2012,TH_HA,"Площадь территории, покрытой лесом",KZKZY,3056.8
2012,TH_HA,"Площадь территории, покрытой лесом",KZMAN,122.8
2012,TH_HA,"Площадь территории, покрытой лесом",KZPAV,249.3
2012,TH_HA,"Площадь территории, покрытой лесом",KZSEV,529.7
2012,TH_HA,"Площадь территории, покрытой лесом",KZYUZ,1614.1
2012,TH_HA,"Площадь территории, покрытой лесом",KZVOS,1974.1
2012,M_METER3,Запасы наземной биомассы в лесах,,412.2
2012,M_METER3,Запасы наземной биомассы в лесах,KZAKM,45.4
2012,M_METER3,Запасы наземной биомассы в лесах,KZAKT,1.1
2012,M_METER3,Запасы наземной биомассы в лесах,KZALM,40.7
2012,M_METER3,Запасы наземной биомассы в лесах,KZATY,0.5
2012,M_METER3,Запасы наземной биомассы в лесах,KZZAP,8.3
2012,M_METER3,Запасы наземной биомассы в лесах,KZZHA,3.4
2012,M_METER3,Запасы наземной биомассы в лесах,KZKAR,4.6
2012,M_METER3,Запасы наземной биомассы в лесах,KZKUS,15.5
2012,M_METER3,Запасы наземной биомассы в лесах,KZKZY,5.9
2012,M_METER3,Запасы наземной биомассы в лесах,KZMAN,0.1
2012,M_METER3,Запасы наземной биомассы в лесах,KZPAV,27.0
2012,M_METER3,Запасы наземной биомассы в лесах,KZSEV,52.0
2012,M_METER3,Запасы наземной биомассы в лесах,KZYUZ,3.1
2012,M_METER3,Запасы наземной биомассы в лесах,KZVOS,204.6
2012,PT,Изменение чистой площади лесов,,96.60000000000036
2012,PT,Изменение чистой площади лесов,KZAKM,-0.6000000000000227
2012,PT,Изменение чистой площади лесов,KZAKT,0.6999999999999957
2012,PT,Изменение чистой площади лесов,KZALM,0.7999999999999545
2012,PT,Изменение чистой площади лесов,KZATY,0.0
2012,PT,Изменение чистой площади лесов,KZZAP,1.5
2012,PT,Изменение чистой площади лесов,KZZHA,2.700000000000273
2012,PT,Изменение чистой площади лесов,KZKAR,0.5999999999999943
2012,PT,Изменение чистой площади лесов,KZKUS,0.4000000000000057
2012,PT,Изменение чистой площади лесов,KZKZY,-31.399999999999643
2012,PT,Изменение чистой площади лесов,KZMAN,0.0
2012,PT,Изменение чистой площади лесов,KZPAV,-0.5999999999999943
2012,PT,Изменение чистой площади лесов,KZSEV,0.3
2012,PT,Изменение чистой площади лесов,KZYUZ,10.699999999999818
2012,PT,Изменение чистой площади лесов,KZVOS,111.59999999999992
2012,TH_HA,"Доля лесной площади, находящейся в охраняемых законом зонах",,12548.6
2012,TH_HA,"Доля лесной площади, находящейся в охраняемых законом зонах",KZAKM,378.0
2012,TH_HA,"Доля лесной площади, находящейся в охраняемых законом зонах",KZAKT,47.9
2012,TH_HA,"Доля лесной площади, находящейся в охраняемых законом зонах",KZALM,1851.7
2012,TH_HA,"Доля лесной площади, находящейся в охраняемых законом зонах",KZATY,15.8
2012,TH_HA,"Доля лесной площади, находящейся в охраняемых законом зонах",KZZAP,106.1
2012,TH_HA,"Доля лесной площади, находящейся в охраняемых законом зонах",KZZHA,2222.3
2012,TH_HA,"Доля лесной площади, находящейся в охраняемых законом зонах",KZKAR,156.0
2012,TH_HA,"Доля лесной площади, находящейся в охраняемых законом зонах",KZKUS,224.1
2012,TH_HA,"Доля лесной площади, находящейся в охраняемых законом зонах",KZKZY,3056.8
2012,TH_HA,"Доля лесной площади, находящейся в охраняемых законом зонах",KZMAN,122.8
2012,TH_HA,"Доля лесной площади, находящейся в охраняемых законом зонах",KZPAV,249.3
2012,TH_HA,"Доля лесной площади, находящейся в охраняемых законом зонах",KZSEV,529.7
2012,TH_HA,"Доля лесной площади, находящейся в охраняемых законом зонах",KZYUZ,1614.1
2012,TH_HA,"Доля лесной площади, находящейся в охраняемых законом зонах",KZVOS,1974.1
2012,TH_HA,"Доля площади лесов, в отношении которых разработан долгосрочный план управления лесным хозяйством",,12548.6
2012,TH_HA,"Доля площади лесов, в отношении которых разработан долгосрочный план управления лесным хозяйством",KZAKM,378.0
2012,TH_HA,"Доля площади лесов, в отношении которых разработан долгосрочный план управления лесным хозяйством",KZAKT,47.9
2012,TH_HA,"Доля площади лесов, в отношении которых разработан долгосрочный план управления лесным хозяйством",KZALM,1851.7
2012,TH_HA,"Доля площади лесов, в отношении которых разработан долгосрочный план управления лесным хозяйством",KZATY,15.8
2012,TH_HA,"Доля площади лесов, в отношении которых разработан долгосрочный план управления лесным хозяйством",KZZAP,106.1
2012,TH_HA,"Доля площади лесов, в отношении которых разработан долгосрочный план управления лесным хозяйством",KZZHA,2222.3
2012,TH_HA,"Доля площади лесов, в отношении которых разработан долгосрочный план управления лесным хозяйством",KZKAR,156.0
2012,TH_HA,"Доля площади лесов, в отношении которых разработан долгосрочный план управления лесным хозяйством",KZKUS,224.1
2012,TH_HA,"Доля площади лесов, в отношении которых разработан долгосрочный план управления лесным хозяйством",KZKZY,3056.8
2012,TH_HA,"Доля площади лесов, в отношении которых разработан долгосрочный план управления лесным хозяйством",KZMAN,122.8
2012,TH_HA,"Доля площади лесов, в отношении которых разработан долгосрочный план управления лесным хозяйством",KZPAV,249.3
2012,TH_HA,"Доля площади лесов, в отношении которых разработан долгосрочный план управления лесным хозяйством",KZSEV,529.7
2012,TH_HA,"Доля площади лесов, в отношении которых разработан долгосрочный план управления лесным хозяйством",KZYUZ,1614.1
2012,TH_HA,"Доля площади лесов, в отношении которых разработан долгосрочный план управления лесным хозяйством",KZVOS,1974.1
2013,TH_HA,"Площадь территории, покрытой лесом",,12593.9
2013,TH_HA,"Площадь территории, покрытой лесом",KZAKM,379.3
2013,TH_HA,"Площадь территории, покрытой лесом",KZAKT,49.8
2013,TH_HA,"Площадь территории, покрытой лесом",KZALM,1854.4
2013,TH_HA,"Площадь территории, покрытой лесом",KZATY,16.4
2013,TH_HA,"Площадь территории, покрытой лесом",KZZAP,106.1
2013,TH_HA,"Площадь территории, покрытой лесом",KZZHA,2231.0
2013,TH_HA,"Площадь территории, покрытой лесом",KZKAR,155.6
2013,TH_HA,"Площадь территории, покрытой лесом",KZKUS,229.0
2013,TH_HA,"Площадь территории, покрытой лесом",KZKZY,3055.0
2013,TH_HA,"Площадь территории, покрытой лесом",KZMAN,122.4
2013,TH_HA,"Площадь территории, покрытой лесом",KZPAV,250.5
2013,TH_HA,"Площадь территории, покрытой лесом",KZSEV,529.3
2013,TH_HA,"Площадь территории, покрытой лесом",KZYUZ,1614.2
2013,TH_HA,"Площадь территории, покрытой лесом",KZVOS,2000.8
2013,M_METER3,Запасы наземной биомассы в лесах,,412.2
2013,M_METER3,Запасы наземной биомассы в лесах,KZAKM,45.4
2013,M_METER3,Запасы наземной биомассы в лесах,KZAKT,1.1
2013,M_METER3,Запасы наземной биомассы в лесах,KZALM,40.7
2013,M_METER3,Запасы наземной биомассы в лесах,KZATY,0.5
2013,M_METER3,Запасы наземной биомассы в лесах,KZZAP,8.3
2013,M_METER3,Запасы наземной биомассы в лесах,KZZHA,3.4
2013,M_METER3,Запасы наземной биомассы в лесах,KZKAR,4.6
2013,M_METER3,Запасы наземной биомассы в лесах,KZKUS,15.5
2013,M_METER3,Запасы наземной биомассы в лесах,KZKZY,5.9
2013,M_METER3,Запасы наземной биомассы в лесах,KZMAN,0.1
2013,M_METER3,Запасы наземной биомассы в лесах,KZPAV,27.0
2013,M_METER3,Запасы наземной биомассы в лесах,KZSEV,52.0
2013,M_METER3,Запасы наземной биомассы в лесах,KZYUZ,3.1
2013,M_METER3,Запасы наземной биомассы в лесах,KZVOS,204.6
2013,PT,Изменение чистой площади лесов,,45.29999999999927
2013,PT,Изменение чистой площади лесов,KZAKM,1.3000000000000114
2013,PT,Изменение чистой площади лесов,KZAKT,1.8999999999999984
2013,PT,Изменение чистой площади лесов,KZALM,2.700000000000045
2013,PT,Изменение чистой площади лесов,KZATY,0.5999999999999979
2013,PT,Изменение чистой площади лесов,KZZAP,0.0
2013,PT,Изменение чистой площади лесов,KZZHA,8.699999999999818
2013,PT,Изменение чистой площади лесов,KZKAR,-0.4000000000000057
2013,PT,Изменение чистой площади лесов,KZKUS,4.900000000000006
2013,PT,Изменение чистой площади лесов,KZKZY,-1.800000000000182
2013,PT,Изменение чистой площади лесов,KZMAN,-0.3999999999999915
2013,PT,Изменение чистой площади лесов,KZPAV,1.2
2013,PT,Изменение чистой площади лесов,KZSEV,-0.40000000000009095
2013,PT,Изменение чистой площади лесов,KZYUZ,0.10000000000013642
2013,PT,Изменение чистой площади лесов,KZVOS,26.70000000000005
2013,TH_HA,"Доля лесной площади, находящейся в охраняемых законом зонах",,12593.9
2013,TH_HA,"Доля лесной площади, находящейся в охраняемых законом зонах",KZAKM,379.3
2013,TH_HA,"Доля лесной площади, находящейся в охраняемых законом зонах",KZAKT,49.8
2013,TH_HA,"Доля лесной площади, находящейся в охраняемых законом зонах",KZALM,1854.4
2013,TH_HA,"Доля лесной площади, находящейся в охраняемых законом зонах",KZATY,16.4
2013,TH_HA,"Доля лесной площади, находящейся в охраняемых законом зонах",KZZAP,106.1
2013,TH_HA,"Доля лесной площади, находящейся в охраняемых законом зонах",KZZHA,2231.0
2013,TH_HA,"Доля лесной площади, находящейся в охраняемых законом зонах",KZKAR,155.6
2013,TH_HA,"Доля лесной площади, находящейся в охраняемых законом зонах",KZKUS,229.0
2013,TH_HA,"Доля лесной площади, находящейся в охраняемых законом зонах",KZKZY,3055.0
2013,TH_HA,"Доля лесной площади, находящейся в охраняемых законом зонах",KZMAN,122.4
2013,TH_HA,"Доля лесной площади, находящейся в охраняемых законом зонах",KZPAV,250.5
2013,TH_HA,"Доля лесной площади, находящейся в охраняемых законом зонах",KZSEV,529.3
2013,TH_HA,"Доля лесной площади, находящейся в охраняемых законом зонах",KZYUZ,1614.2
2013,TH_HA,"Доля лесной площади, находящейся в охраняемых законом зонах",KZVOS,2000.8
2013,TH_HA,"Доля площади лесов, в отношении которых разработан долгосрочный план управления лесным хозяйством",,12593.9
2013,TH_HA,"Доля площади лесов, в отношении которых разработан долгосрочный план управления лесным хозяйством",KZAKM,379.3
2013,TH_HA,"Доля площади лесов, в отношении которых разработан долгосрочный план управления лесным хозяйством",KZAKT,49.8
2013,TH_HA,"Доля площади лесов, в отношении которых разработан долгосрочный план управления лесным хозяйством",KZALM,1854.4
2013,TH_HA,"Доля площади лесов, в отношении которых разработан долгосрочный план управления лесным хозяйством",KZATY,16.4
2013,TH_HA,"Доля площади лесов, в отношении которых разработан долгосрочный план управления лесным хозяйством",KZZAP,106.1
2013,TH_HA,"Доля площади лесов, в отношении которых разработан долгосрочный план управления лесным хозяйством",KZZHA,2231.0
2013,TH_HA,"Доля площади лесов, в отношении которых разработан долгосрочный план управления лесным хозяйством",KZKAR,155.6
2013,TH_HA,"Доля площади лесов, в отношении которых разработан долгосрочный план управления лесным хозяйством",KZKUS,229.0
2013,TH_HA,"Доля площади лесов, в отношении которых разработан долгосрочный план управления лесным хозяйством",KZKZY,3055.0
2013,TH_HA,"Доля площади лесов, в отношении которых разработан долгосрочный план управления лесным хозяйством",KZMAN,122.4
2013,TH_HA,"Доля площади лесов, в отношении которых разработан долгосрочный план управления лесным хозяйством",KZPAV,250.5
2013,TH_HA,"Доля площади лесов, в отношении которых разработан долгосрочный план управления лесным хозяйством",KZSEV,529.3
2013,TH_HA,"Доля площади лесов, в отношении которых разработан долгосрочный план управления лесным хозяйством",KZYUZ,1614.2
2013,TH_HA,"Доля площади лесов, в отношении которых разработан долгосрочный план управления лесным хозяйством",KZVOS,2000.8
2014,TH_HA,"Площадь территории, покрытой лесом",,12627.0
2014,TH_HA,"Площадь территории, покрытой лесом",KZAKM,379.4
2014,TH_HA,"Площадь территории, покрытой лесом",KZAKT,50.3
2014,TH_HA,"Площадь территории, покрытой лесом",KZALM,1856.2
2014,TH_HA,"Площадь территории, покрытой лесом",KZATY,16.4
2014,TH_HA,"Площадь территории, покрытой лесом",KZZAP,106.0
2014,TH_HA,"Площадь территории, покрытой лесом",KZZHA,2236.1
2014,TH_HA,"Площадь территории, покрытой лесом",KZKAR,155.8
2014,TH_HA,"Площадь территории, покрытой лесом",KZKUS,234.9
2014,TH_HA,"Площадь территории, покрытой лесом",KZKZY,3063.0
2014,TH_HA,"Площадь территории, покрытой лесом",KZMAN,122.4
2014,TH_HA,"Площадь территории, покрытой лесом",KZPAV,253.1
2014,TH_HA,"Площадь территории, покрытой лесом",KZSEV,531.9
2014,TH_HA,"Площадь территории, покрытой лесом",KZYUZ,1616.8
2014,TH_HA,"Площадь территории, покрытой лесом",KZVOS,2004.7
2014,M_METER3,Запасы наземной биомассы в лесах,,412.2
2014,M_METER3,Запасы наземной биомассы в лесах,KZAKM,45.4
2014,M_METER3,Запасы наземной биомассы в лесах,KZAKT,1.1
2014,M_METER3,Запасы наземной биомассы в лесах,KZALM,40.7
2014,M_METER3,Запасы наземной биомассы в лесах,KZATY,0.5
2014,M_METER3,Запасы наземной биомассы в лесах,KZZAP,8.3
2014,M_METER3,Запасы наземной биомассы в лесах,KZZHA,3.4
2014,M_METER3,Запасы наземной биомассы в лесах,KZKAR,4.6
2014,M_METER3,Запасы наземной биомассы в лесах,KZKUS,15.5
2014,M_METER3,Запасы наземной биомассы в лесах,KZKZY,5.9
2014,M_METER3,Запасы наземной биомассы в лесах,KZMAN,0.1
2014,M_METER3,Запасы наземной биомассы в лесах,KZPAV,27.0
2014,M_METER3,Запасы наземной биомассы в лесах,KZSEV,52.0
2014,M_METER3,Запасы наземной биомассы в лесах,KZYUZ,3.1
2014,M_METER3,Запасы наземной биомассы в лесах,KZVOS,204.6
2014,PT,Изменение чистой площади лесов,,33.100000000000364
2014,PT,Изменение чистой площади лесов,KZAKM,0.0999999999999659
2014,PT,Изменение чистой площади лесов,KZAKT,0.5
2014,PT,Изменение чистой площади лесов,KZALM,1.7999999999999543
2014,PT,Изменение чистой площади лесов,KZATY,0.0
2014,PT,Изменение чистой площади лесов,KZZAP,-0.09999999999999433
2014,PT,Изменение чистой площади лесов,KZZHA,5.099999999999909
2014,PT,Изменение чистой площади лесов,KZKAR,0.20000000000001705
2014,PT,Изменение чистой площади лесов,KZKUS,5.900000000000006
2014,PT,Изменение чистой площади лесов,KZKZY,8.0
2014,PT,Изменение чистой площади лесов,KZMAN,0.0
2014,PT,Изменение чистой площади лесов,KZPAV,2.6
2014,PT,Изменение чистой площади лесов,KZSEV,2.6000000000000227
2014,PT,Изменение чистой площади лесов,KZYUZ,2.599999999999909
2014,PT,Изменение чистой площади лесов,KZVOS,3.9000000000000914
2014,TH_HA,"Доля лесной площади, находящейся в охраняемых законом зонах",,12627.0
2014,TH_HA,"Доля лесной площади, находящейся в охраняемых законом зонах",KZAKM,379.4
2014,TH_HA,"Доля лесной площади, находящейся в охраняемых законом зонах",KZAKT,50.3
2014,TH_HA,"Доля лесной площади, находящейся в охраняемых законом зонах",KZALM,1856.2
2014,TH_HA,"Доля лесной площади, находящейся в охраняемых законом зонах",KZATY,16.4
2014,TH_HA,"Доля лесной площади, находящейся в охраняемых законом зонах",KZZAP,106.0
2014,TH_HA,"Доля лесной площади, находящейся в охраняемых законом зонах",KZZHA,2236.1
2014,TH_HA,"Доля лесной площади, находящейся в охраняемых законом зонах",KZKAR,155.8
2014,TH_HA,"Доля лесной площади, находящейся в охраняемых законом зонах",KZKUS,234.9
2014,TH_HA,"Доля лесной площади, находящейся в охраняемых законом зонах",KZKZY,3063.0
2014,TH_HA,"Доля лесной площади, находящейся в охраняемых законом зонах",KZMAN,122.4
2014,TH_HA,"Доля лесной площади, находящейся в охраняемых законом зонах",KZPAV,253.1
2014,TH_HA,"Доля лесной площади, находящейся в охраняемых законом зонах",KZSEV,531.9
2014,TH_HA,"Доля лесной площади, находящейся в охраняемых законом зонах",KZYUZ,1616.8
2014,TH_HA,"Доля лесной площади, находящейся в охраняемых законом зонах",KZVOS,2004.7
2014,TH_HA,"Доля площади лесов, в отношении которых разработан долгосрочный план управления лесным хозяйством",,12627.0
2014,TH_HA,"Доля площади лесов, в отношении которых разработан долгосрочный план управления лесным хозяйством",KZAKM,379.4
2014,TH_HA,"Доля площади лесов, в отношении которых разработан долгосрочный план управления лесным хозяйством",KZAKT,50.3
2014,TH_HA,"Доля площади лесов, в отношении которых разработан долгосрочный план управления лесным хозяйством",KZALM,1856.2
2014,TH_HA,"Доля площади лесов, в отношении которых разработан долгосрочный план управления лесным хозяйством",KZATY,16.4
2014,TH_HA,"Доля площади лесов, в отношении которых разработан долгосрочный план управления лесным хозяйством",KZZAP,106.0
2014,TH_HA,"Доля площади лесов, в отношении которых разработан долгосрочный план управления лесным хозяйством",KZZHA,2236.1
2014,TH_HA,"Доля площади лесов, в отношении которых разработан долгосрочный план управления лесным хозяйством",KZKAR,155.8
2014,TH_HA,"Доля площади лесов, в отношении которых разработан долгосрочный план управления лесным хозяйством",KZKUS,234.9
2014,TH_HA,"Доля площади лесов, в отношении которых разработан долгосрочный план управления лесным хозяйством",KZKZY,3063.0
2014,TH_HA,"Доля площади лесов, в отношении которых разработан долгосрочный план управления лесным хозяйством",KZMAN,122.4
2014,TH_HA,"Доля площади лесов, в отношении которых разработан долгосрочный план управления лесным хозяйством",KZPAV,253.1
2014,TH_HA,"Доля площади лесов, в отношении которых разработан долгосрочный план управления лесным хозяйством",KZSEV,531.9
2014,TH_HA,"Доля площади лесов, в отношении которых разработан долгосрочный план управления лесным хозяйством",KZYUZ,1616.8
2014,TH_HA,"Доля площади лесов, в отношении которых разработан долгосрочный план управления лесным хозяйством",KZVOS,2004.7
2015,TH_HA,"Площадь территории, покрытой лесом",,12652.4
2015,TH_HA,"Площадь территории, покрытой лесом",KZAKM,380.3
2015,TH_HA,"Площадь территории, покрытой лесом",KZAKT,51.6
2015,TH_HA,"Площадь территории, покрытой лесом",KZALM,1870.6
2015,TH_HA,"Площадь территории, покрытой лесом",KZATY,16.5
2015,TH_HA,"Площадь территории, покрытой лесом",KZZAP,103.9
2015,TH_HA,"Площадь территории, покрытой лесом",KZZHA,2240.6
2015,TH_HA,"Площадь территории, покрытой лесом",KZKAR,153.3
2015,TH_HA,"Площадь территории, покрытой лесом",KZKUS,236.4
2015,TH_HA,"Площадь территории, покрытой лесом",KZKZY,3059.1
2015,TH_HA,"Площадь территории, покрытой лесом",KZMAN,122.4
2015,TH_HA,"Площадь территории, покрытой лесом",KZPAV,254.5
2015,TH_HA,"Площадь территории, покрытой лесом",KZSEV,534.0
2015,TH_HA,"Площадь территории, покрытой лесом",KZYUZ,1623.7
2015,TH_HA,"Площадь территории, покрытой лесом",KZVOS,2005.3
2015,M_METER3,Запасы наземной биомассы в лесах,,412.2
2015,M_METER3,Запасы наземной биомассы в лесах,KZAKM,45.4
2015,M_METER3,Запасы наземной биомассы в лесах,KZAKT,1.1
2015,M_METER3,Запасы наземной биомассы в лесах,KZALM,40.7
2015,M_METER3,Запасы наземной биомассы в лесах,KZATY,0.5
2015,M_METER3,Запасы наземной биомассы в лесах,KZZAP,8.3
2015,M_METER3,Запасы наземной биомассы в лесах,KZZHA,3.4
2015,M_METER3,Запасы наземной биомассы в лесах,KZKAR,4.6
2015,M_METER3,Запасы наземной биомассы в лесах,KZKUS,15.5
2015,M_METER3,Запасы наземной биомассы в лесах,KZKZY,5.9
2015,M_METER3,Запасы наземной биомассы в лесах,KZMAN,0.1
2015,M_METER3,Запасы наземной биомассы в лесах,KZPAV,27.0
2015,M_METER3,Запасы наземной биомассы в лесах,KZSEV,52.0
2015,M_METER3,Запасы наземной биомассы в лесах,KZYUZ,3.1
2015,M_METER3,Запасы наземной биомассы в лесах,KZVOS,204.6
2015,PT,Изменение чистой площади лесов,,25.399999999999643
2015,PT,Изменение чистой площади лесов,KZAKM,0.9000000000000341
2015,PT,Изменение чистой площади лесов,KZAKT,1.3000000000000045
2015,PT,Изменение чистой площади лесов,KZALM,14.399999999999864
2015,PT,Изменение чистой площади лесов,KZATY,0.10000000000000142
2015,PT,Изменение чистой площади лесов,KZZAP,-2.0999999999999943
2015,PT,Изменение чистой площади лесов,KZZHA,4.5
2015,PT,Изменение чистой площади лесов,KZKAR,-2.5
2015,PT,Изменение чистой площади лесов,KZKUS,1.5
2015,PT,Изменение чистой площади лесов,KZKZY,-3.9000000000000914
2015,PT,Изменение чистой площади лесов,KZMAN,0.0
2015,PT,Изменение чистой площади лесов,KZPAV,1.4000000000000057
2015,PT,Изменение чистой площади лесов,KZSEV,2.1000000000000227
2015,PT,Изменение чистой площади лесов,KZYUZ,6.900000000000091
2015,PT,Изменение чистой площади лесов,KZVOS,0.5999999999999089
2015,TH_HA,"Доля лесной площади, находящейся в охраняемых законом зонах",,12652.4
2015,TH_HA,"Доля лесной площади, находящейся в охраняемых законом зонах",KZAKM,380.3
2015,TH_HA,"Доля лесной площади, находящейся в охраняемых законом зонах",KZAKT,51.6
2015,TH_HA,"Доля лесной площади, находящейся в охраняемых законом зонах",KZALM,1870.6
2015,TH_HA,"Доля лесной площади, находящейся в охраняемых законом зонах",KZATY,16.5
2015,TH_HA,"Доля лесной площади, находящейся в охраняемых законом зонах",KZZAP,103.9
2015,TH_HA,"Доля лесной площади, находящейся в охраняемых законом зонах",KZZHA,2240.6
2015,TH_HA,"Доля лесной площади, находящейся в охраняемых законом зонах",KZKAR,153.3
2015,TH_HA,"Доля лесной площади, находящейся в охраняемых законом зонах",KZKUS,236.4
2015,TH_HA,"Доля лесной площади, находящейся в охраняемых законом зонах",KZKZY,3059.1
2015,TH_HA,"Доля лесной площади, находящейся в охраняемых законом зонах",KZMAN,122.4
2015,TH_HA,"Доля лесной площади, находящейся в охраняемых законом зонах",KZPAV,254.5
2015,TH_HA,"Доля лесной площади, находящейся в охраняемых законом зонах",KZSEV,534.0
2015,TH_HA,"Доля лесной площади, находящейся в охраняемых законом зонах",KZYUZ,1623.7
2015,TH_HA,"Доля лесной площади, находящейся в охраняемых законом зонах",KZVOS,2005.3
2015,TH_HA,"Доля площади лесов, в отношении которых разработан долгосрочный план управления лесным хозяйством",,12652.4
2015,TH_HA,"Доля площади лесов, в отношении которых разработан долгосрочный план управления лесным хозяйством",KZAKM,380.3
2015,TH_HA,"Доля площади лесов, в отношении которых разработан долгосрочный план управления лесным хозяйством",KZAKT,51.6
2015,TH_HA,"Доля площади лесов, в отношении которых разработан долгосрочный план управления лесным хозяйством",KZALM,1870.6
2015,TH_HA,"Доля площади лесов, в отношении которых разработан долгосрочный план управления лесным хозяйством",KZATY,16.5
2015,TH_HA,"Доля площади лесов, в отношении которых разработан долгосрочный план управления лесным хозяйством",KZZAP,103.9
2015,TH_HA,"Доля площади лесов, в отношении которых разработан долгосрочный план управления лесным хозяйством",KZZHA,2240.6
2015,TH_HA,"Доля площади лесов, в отношении которых разработан долгосрочный план управления лесным хозяйством",KZKAR,153.3
2015,TH_HA,"Доля площади лесов, в отношении которых разработан долгосрочный план управления лесным хозяйством",KZKUS,236.4
2015,TH_HA,"Доля площади лесов, в отношении которых разработан долгосрочный план управления лесным хозяйством",KZKZY,3059.1
2015,TH_HA,"Доля площади лесов, в отношении которых разработан долгосрочный план управления лесным хозяйством",KZMAN,122.4
2015,TH_HA,"Доля площади лесов, в отношении которых разработан долгосрочный план управления лесным хозяйством",KZPAV,254.5
2015,TH_HA,"Доля площади лесов, в отношении которых разработан долгосрочный план управления лесным хозяйством",KZSEV,534.0
2015,TH_HA,"Доля площади лесов, в отношении которых разработан долгосрочный план управления лесным хозяйством",KZYUZ,1623.7
2015,TH_HA,"Доля площади лесов, в отношении которых разработан долгосрочный план управления лесным хозяйством",KZVOS,2005.3
2016,TH_HA,"Площадь территории, покрытой лесом",,12706.8
2016,TH_HA,"Площадь территории, покрытой лесом",KZAKM,382.1
2016,TH_HA,"Площадь территории, покрытой лесом",KZAKT,51.7
2016,TH_HA,"Площадь территории, покрытой лесом",KZALM,1882.3
2016,TH_HA,"Площадь территории, покрытой лесом",KZATY,16.5
2016,TH_HA,"Площадь территории, покрытой лесом",KZZAP,106.0
2016,TH_HA,"Площадь территории, покрытой лесом",KZZHA,2240.7
2016,TH_HA,"Площадь территории, покрытой лесом",KZKAR,153.3
2016,TH_HA,"Площадь территории, покрытой лесом",KZKUS,238.2
2016,TH_HA,"Площадь территории, покрытой лесом",KZKZY,3080.3
2016,TH_HA,"Площадь территории, покрытой лесом",KZMAN,122.4
2016,TH_HA,"Площадь территории, покрытой лесом",KZPAV,257.1
2016,TH_HA,"Площадь территории, покрытой лесом",KZSEV,535.6
2016,TH_HA,"Площадь территории, покрытой лесом",KZYUZ,1630.1
2016,TH_HA,"Площадь территории, покрытой лесом",KZVOS,2010.3
2016,M_METER3,Запасы наземной биомассы в лесах,,412.2
2016,M_METER3,Запасы наземной биомассы в лесах,KZAKM,45.4
2016,M_METER3,Запасы наземной биомассы в лесах,KZAKT,1.1
2016,M_METER3,Запасы наземной биомассы в лесах,KZALM,40.7
2016,M_METER3,Запасы наземной биомассы в лесах,KZATY,0.5
2016,M_METER3,Запасы наземной биомассы в лесах,KZZAP,8.3
2016,M_METER3,Запасы наземной биомассы в лесах,KZZHA,3.4
2016,M_METER3,Запасы наземной биомассы в лесах,KZKAR,4.6
2016,M_METER3,Запасы наземной биомассы в лесах,KZKUS,15.5
2016,M_METER3,Запасы наземной биомассы в лесах,KZKZY,5.9
2016,M_METER3,Запасы наземной биомассы в лесах,KZMAN,0.1
2016,M_METER3,Запасы наземной биомассы в лесах,KZPAV,27.0
2016,M_METER3,Запасы наземной биомассы в лесах,KZSEV,52.0
2016,M_METER3,Запасы наземной биомассы в лесах,KZYUZ,3.1
2016,M_METER3,Запасы наземной биомассы в лесах,KZVOS,204.6
2016,PT,Изменение чистой площади лесов,,54.399999999999636
2016,PT,Изменение чистой площади лесов,KZAKM,1.8000000000000114
2016,PT,Изменение чистой площади лесов,KZAKT,0.10000000000000142
2016,PT,Изменение чистой площади лесов,KZALM,11.700000000000045
2016,PT,Изменение чистой площади лесов,KZATY,0.0
2016,PT,Изменение чистой площади лесов,KZZAP,2.0999999999999943
2016,PT,Изменение чистой площади лесов,KZZHA,0.09999999999990904
2016,PT,Изменение чистой площади лесов,KZKAR,0.0
2016,PT,Изменение чистой площади лесов,KZKUS,1.8
2016,PT,Изменение чистой площади лесов,KZKZY,21.200000000000273
2016,PT,Изменение чистой площади лесов,KZMAN,0.0
2016,PT,Изменение чистой площади лесов,KZPAV,2.6000000000000227
2016,PT,Изменение чистой площади лесов,KZSEV,1.6000000000000227
2016,PT,Изменение чистой площади лесов,KZYUZ,6.399999999999863
2016,PT,Изменение чистой площади лесов,KZVOS,5.0
2016,TH_HA,"Доля лесной площади, находящейся в охраняемых законом зонах",,12706.8
2016,TH_HA,"Доля лесной площади, находящейся в охраняемых законом зонах",KZAKM,382.1
2016,TH_HA,"Доля лесной площади, находящейся в охраняемых законом зонах",KZAKT,51.7
2016,TH_HA,"Доля лесной площади, находящейся в охраняемых законом зонах",KZALM,1882.3
2016,TH_HA,"Доля лесной площади, находящейся в охраняемых законом зонах",KZATY,16.5
2016,TH_HA,"Доля лесной площади, находящейся в охраняемых законом зонах",KZZAP,106.0
2016,TH_HA,"Доля лесной площади, находящейся в охраняемых законом зонах",KZZHA,2240.7
2016,TH_HA,"Доля лесной площади, находящейся в охраняемых законом зонах",KZKAR,153.3
2016,TH_HA,"Доля лесной площади, находящейся в охраняемых законом зонах",KZKUS,238.2
2016,TH_HA,"Доля лесной площади, находящейся в охраняемых законом зонах",KZKZY,3080.3
2016,TH_HA,"Доля лесной площади, находящейся в охраняемых законом зонах",KZMAN,122.4
2016,TH_HA,"Доля лесной площади, находящейся в охраняемых законом зонах",KZPAV,257.1
2016,TH_HA,"Доля лесной площади, находящейся в охраняемых законом зонах",KZSEV,535.6
2016,TH_HA,"Доля лесной площади, находящейся в охраняемых законом зонах",KZYUZ,1630.1
2016,TH_HA,"Доля лесной площади, находящейся в охраняемых законом зонах",KZVOS,2010.3
2016,TH_HA,"Доля площади лесов, в отношении которых разработан долгосрочный план управления лесным хозяйством",,12706.8
2016,TH_HA,"Доля площади лесов, в отношении которых разработан долгосрочный план управления лесным хозяйством",KZAKM,382.1
2016,TH_HA,"Доля площади лесов, в отношении которых разработан долгосрочный план управления лесным хозяйством",KZAKT,51.7
2016,TH_HA,"Доля площади лесов, в отношении которых разработан долгосрочный план управления лесным хозяйством",KZALM,1882.3
2016,TH_HA,"Доля площади лесов, в отношении которых разработан долгосрочный план управления лесным хозяйством",KZATY,16.5
2016,TH_HA,"Доля площади лесов, в отношении которых разработан долгосрочный план управления лесным хозяйством",KZZAP,106.0
2016,TH_HA,"Доля площади лесов, в отношении которых разработан долгосрочный план управления лесным хозяйством",KZZHA,2240.7
2016,TH_HA,"Доля площади лесов, в отношении которых разработан долгосрочный план управления лесным хозяйством",KZKAR,153.3
2016,TH_HA,"Доля площади лесов, в отношении которых разработан долгосрочный план управления лесным хозяйством",KZKUS,238.2
2016,TH_HA,"Доля площади лесов, в отношении которых разработан долгосрочный план управления лесным хозяйством",KZKZY,3080.3
2016,TH_HA,"Доля площади лесов, в отношении которых разработан долгосрочный план управления лесным хозяйством",KZMAN,122.4
2016,TH_HA,"Доля площади лесов, в отношении которых разработан долгосрочный план управления лесным хозяйством",KZPAV,257.1
2016,TH_HA,"Доля площади лесов, в отношении которых разработан долгосрочный план управления лесным хозяйством",KZSEV,535.6
2016,TH_HA,"Доля площади лесов, в отношении которых разработан долгосрочный план управления лесным хозяйством",KZYUZ,1630.1
2016,TH_HA,"Доля площади лесов, в отношении которых разработан долгосрочный план управления лесным хозяйством",KZVOS,2010.3
2017,TH_HA,"Площадь территории, покрытой лесом",,12903.5
2017,TH_HA,"Площадь территории, покрытой лесом",KZAKM,382.1
2017,TH_HA,"Площадь территории, покрытой лесом",KZAKT,51.9
2017,TH_HA,"Площадь территории, покрытой лесом",KZALM,1928.7
2017,TH_HA,"Площадь территории, покрытой лесом",KZATY,16.6
2017,TH_HA,"Площадь территории, покрытой лесом",KZZAP,91.2
2017,TH_HA,"Площадь территории, покрытой лесом",KZZHA,2361.3
2017,TH_HA,"Площадь территории, покрытой лесом",KZKAR,153.5
2017,TH_HA,"Площадь территории, покрытой лесом",KZKUS,240.0
2017,TH_HA,"Площадь территории, покрытой лесом",KZKZY,3103.2
2017,TH_HA,"Площадь территории, покрытой лесом",KZMAN,125.1
2017,TH_HA,"Площадь территории, покрытой лесом",KZPAV,258.4
2017,TH_HA,"Площадь территории, покрытой лесом",KZSEV,537.2
2017,TH_HA,"Площадь территории, покрытой лесом",KZYUZ,1639.2
2017,TH_HA,"Площадь территории, покрытой лесом",KZVOS,2015.3
2017,M_METER3,Запасы наземной биомассы в лесах,,421.8
2017,M_METER3,Запасы наземной биомассы в лесах,KZAKM,44.7
2017,M_METER3,Запасы наземной биомассы в лесах,KZAKT,1.1
2017,M_METER3,Запасы наземной биомассы в лесах,KZALM,49.4
2017,M_METER3,Запасы наземной биомассы в лесах,KZATY,0.5
2017,M_METER3,Запасы наземной биомассы в лесах,KZZAP,7.7
2017,M_METER3,Запасы наземной биомассы в лесах,KZZHA,3.4
2017,M_METER3,Запасы наземной биомассы в лесах,KZKAR,5.5
2017,M_METER3,Запасы наземной биомассы в лесах,KZKUS,17.3
2017,M_METER3,Запасы наземной биомассы в лесах,KZKZY,5.9
2017,M_METER3,Запасы наземной биомассы в лесах,KZMAN,0.1
2017,M_METER3,Запасы наземной биомассы в лесах,KZPAV,26.9
2017,M_METER3,Запасы наземной биомассы в лесах,KZSEV,49.6
2017,M_METER3,Запасы наземной биомассы в лесах,KZYUZ,3.2
2017,M_METER3,Запасы наземной биомассы в лесах,KZVOS,206.5
2017,PT,Изменение чистой площади лесов,,196.70000000000076
2017,PT,Изменение чистой площади лесов,KZAKM,0.0
2017,PT,Изменение чистой площади лесов,KZAKT,0.19999999999999574
2017,PT,Изменение чистой площади лесов,KZALM,46.4000000000001
2017,PT,Изменение чистой площади лесов,KZATY,0.10000000000000142
2017,PT,Изменение чистой площади лесов,KZZAP,-14.799999999999995
2017,PT,Изменение чистой площади лесов,KZZHA,120.60000000000036
2017,PT,Изменение чистой площади лесов,KZKAR,0.19999999999998866
2017,PT,Изменение чистой площади лесов,KZKUS,1.8000000000000114
2017,PT,Изменение чистой площади лесов,KZKZY,22.899999999999643
2017,PT,Изменение чистой площади лесов,KZMAN,2.6999999999999886
2017,PT,Изменение чистой площади лесов,KZPAV,1.2999999999999543
2017,PT,Изменение чистой площади лесов,KZSEV,1.6000000000000227
2017,PT,Изменение чистой площади лесов,KZYUZ,9.100000000000136
2017,PT,Изменение чистой площади лесов,KZVOS,5.0
2017,TH_HA,"Доля лесной площади, находящейся в охраняемых законом зонах",,12903.5
2017,TH_HA,"Доля лесной площади, находящейся в охраняемых законом зонах",KZAKM,382.1
2017,TH_HA,"Доля лесной площади, находящейся в охраняемых законом зонах",KZAKT,51.9
2017,TH_HA,"Доля лесной площади, находящейся в охраняемых законом зонах",KZALM,1928.7
2017,TH_HA,"Доля лесной площади, находящейся в охраняемых законом зонах",KZATY,16.6
2017,TH_HA,"Доля лесной площади, находящейся в охраняемых законом зонах",KZZAP,91.2
2017,TH_HA,"Доля лесной площади, находящейся в охраняемых законом зонах",KZZHA,2361.3
2017,TH_HA,"Доля лесной площади, находящейся в охраняемых законом зонах",KZKAR,153.5
2017,TH_HA,"Доля лесной площади, находящейся в охраняемых законом зонах",KZKUS,240.0
2017,TH_HA,"Доля лесной площади, находящейся в охраняемых законом зонах",KZKZY,3103.2
2017,TH_HA,"Доля лесной площади, находящейся в охраняемых законом зонах",KZMAN,125.1
2017,TH_HA,"Доля лесной площади, находящейся в охраняемых законом зонах",KZPAV,258.4
2017,TH_HA,"Доля лесной площади, находящейся в охраняемых законом зонах",KZSEV,537.2
2017,TH_HA,"Доля лесной площади, находящейся в охраняемых законом зонах",KZYUZ,1639.2
2017,TH_HA,"Доля лесной площади, находящейся в охраняемых законом зонах",KZVOS,2015.3
2017,TH_HA,"Доля площади лесов, в отношении которых разработан долгосрочный план управления лесным хозяйством",,12903.5
2017,TH_HA,"Доля площади лесов, в отношении которых разработан долгосрочный план управления лесным хозяйством",KZAKM,382.1
2017,TH_HA,"Доля площади лесов, в отношении которых разработан долгосрочный план управления лесным хозяйством",KZAKT,51.9
2017,TH_HA,"Доля площади лесов, в отношении которых разработан долгосрочный план управления лесным хозяйством",KZALM,1928.7
2017,TH_HA,"Доля площади лесов, в отношении которых разработан долгосрочный план управления лесным хозяйством",KZATY,16.6
2017,TH_HA,"Доля площади лесов, в отношении которых разработан долгосрочный план управления лесным хозяйством",KZZAP,91.2
2017,TH_HA,"Доля площади лесов, в отношении которых разработан долгосрочный план управления лесным хозяйством",KZZHA,2361.3
2017,TH_HA,"Доля площади лесов, в отношении которых разработан долгосрочный план управления лесным хозяйством",KZKAR,153.5
2017,TH_HA,"Доля площади лесов, в отношении которых разработан долгосрочный план управления лесным хозяйством",KZKUS,240.0
2017,TH_HA,"Доля площади лесов, в отношении которых разработан долгосрочный план управления лесным хозяйством",KZKZY,3103.2
2017,TH_HA,"Доля площади лесов, в отношении которых разработан долгосрочный план управления лесным хозяйством",KZMAN,125.1
2017,TH_HA,"Доля площади лесов, в отношении которых разработан долгосрочный план управления лесным хозяйством",KZPAV,258.4
2017,TH_HA,"Доля площади лесов, в отношении которых разработан долгосрочный план управления лесным хозяйством",KZSEV,537.2
2017,TH_HA,"Доля площади лесов, в отношении которых разработан долгосрочный план управления лесным хозяйством",KZYUZ,1639.2
2017,TH_HA,"Доля площади лесов, в отношении которых разработан долгосрочный план управления лесным хозяйством",KZVOS,2015.3
2018,TH_HA,"Площадь территории, покрытой лесом",,12933.1
2018,TH_HA,"Площадь территории, покрытой лесом",KZAKM,383.8
2018,TH_HA,"Площадь территории, покрытой лесом",KZAKT,52.5
2018,TH_HA,"Площадь территории, покрытой лесом",KZALM,1949.5
2018,TH_HA,"Площадь территории, покрытой лесом",KZATY,18.7
2018,TH_HA,"Площадь территории, покрытой лесом",KZZAP,91.1
2018,TH_HA,"Площадь территории, покрытой лесом",KZZHA,2323.1
2018,TH_HA,"Площадь территории, покрытой лесом",KZKAR,153.6
2018,TH_HA,"Площадь территории, покрытой лесом",KZKUS,241.3
2018,TH_HA,"Площадь территории, покрытой лесом",KZKZY,3118.9
2018,TH_HA,"Площадь территории, покрытой лесом",KZMAN,125.2
2018,TH_HA,"Площадь территории, покрытой лесом",KZPAV,261.6
2018,TH_HA,"Площадь территории, покрытой лесом",KZSEV,538.5
2018,TH_HA,"Площадь территории, покрытой лесом",KZYUZ,1654.4
2018,TH_HA,"Площадь территории, покрытой лесом",KZVOS,2020.9
2018,M_METER3,Запасы наземной биомассы в лесах,,428.6
2018,M_METER3,Запасы наземной биомассы в лесах,KZAKM,45.5
2018,M_METER3,Запасы наземной биомассы в лесах,KZAKT,1.2
2018,M_METER3,Запасы наземной биомассы в лесах,KZALM,50.6
2018,M_METER3,Запасы наземной биомассы в лесах,KZATY,0.4
2018,M_METER3,Запасы наземной биомассы в лесах,KZZAP,7.9
2018,M_METER3,Запасы наземной биомассы в лесах,KZZHA,3.6
2018,M_METER3,Запасы наземной биомассы в лесах,KZKAR,5.6
2018,M_METER3,Запасы наземной биомассы в лесах,KZKUS,17.5
2018,M_METER3,Запасы наземной биомассы в лесах,KZKZY,6.2
2018,M_METER3,Запасы наземной биомассы в лесах,KZMAN,0.1
2018,M_METER3,Запасы наземной биомассы в лесах,KZPAV,27.4
2018,M_METER3,Запасы наземной биомассы в лесах,KZSEV,50.2
2018,M_METER3,Запасы наземной биомассы в лесах,KZYUZ,3.3
2018,M_METER3,Запасы наземной биомассы в лесах,KZVOS,209.3
2018,PT,Изменение чистой площади лесов,,29.600000000000364
2018,PT,Изменение чистой площади лесов,KZAKM,1.6999999999999886
2018,PT,Изменение чистой площади лесов,KZAKT,0.6000000000000014
2018,PT,Изменение чистой площади лесов,KZALM,20.79999999999995
2018,PT,Изменение чистой площади лесов,KZATY,2.099999999999998
2018,PT,Изменение чистой площади лесов,KZZAP,-0.10000000000000853
2018,PT,Изменение чистой площади лесов,KZZHA,-38.20000000000027
2018,PT,Изменение чистой площади лесов,KZKAR,0.09999999999999433
2018,PT,Изменение чистой площади лесов,KZKUS,1.3000000000000114
2018,PT,Изменение чистой площади лесов,KZKZY,15.700000000000275
2018,PT,Изменение чистой площади лесов,KZMAN,0.10000000000000853
2018,PT,Изменение чистой площади лесов,KZPAV,3.200000000000045
2018,PT,Изменение чистой площади лесов,KZSEV,1.2999999999999543
2018,PT,Изменение чистой площади лесов,KZYUZ,15.200000000000045
2018,PT,Изменение чистой площади лесов,KZVOS,5.600000000000137
2018,TH_HA,"Доля лесной площади, находящейся в охраняемых законом зонах",,12933.1
2018,TH_HA,"Доля лесной площади, находящейся в охраняемых законом зонах",KZAKM,383.8
2018,TH_HA,"Доля лесной площади, находящейся в охраняемых законом зонах",KZAKT,52.5
2018,TH_HA,"Доля лесной площади, находящейся в охраняемых законом зонах",KZALM,1949.5
2018,TH_HA,"Доля лесной площади, находящейся в охраняемых законом зонах",KZATY,18.7
2018,TH_HA,"Доля лесной площади, находящейся в охраняемых законом зонах",KZZAP,91.1
2018,TH_HA,"Доля лесной площади, находящейся в охраняемых законом зонах",KZZHA,2323.1
2018,TH_HA,"Доля лесной площади, находящейся в охраняемых законом зонах",KZKAR,153.6
2018,TH_HA,"Доля лесной площади, находящейся в охраняемых законом зонах",KZKUS,241.3
2018,TH_HA,"Доля лесной площади, находящейся в охраняемых законом зонах",KZKZY,3118.9
2018,TH_HA,"Доля лесной площади, находящейся в охраняемых законом зонах",KZMAN,125.2
2018,TH_HA,"Доля лесной площади, находящейся в охраняемых законом зонах",KZPAV,261.6
2018,TH_HA,"Доля лесной площади, находящейся в охраняемых законом зонах",KZSEV,538.5
2018,TH_HA,"Доля лесной площади, находящейся в охраняемых законом зонах",KZYUZ,1654.4
2018,TH_HA,"Доля лесной площади, находящейся в охраняемых законом зонах",KZVOS,2020.9
2018,TH_HA,"Доля площади лесов, в отношении которых разработан долгосрочный план управления лесным хозяйством",,12933.1
2018,TH_HA,"Доля площади лесов, в отношении которых разработан долгосрочный план управления лесным хозяйством",KZAKM,383.8
2018,TH_HA,"Доля площади лесов, в отношении которых разработан долгосрочный план управления лесным хозяйством",KZAKT,52.5
2018,TH_HA,"Доля площади лесов, в отношении которых разработан долгосрочный план управления лесным хозяйством",KZALM,1949.5
2018,TH_HA,"Доля площади лесов, в отношении которых разработан долгосрочный план управления лесным хозяйством",KZATY,18.7
2018,TH_HA,"Доля площади лесов, в отношении которых разработан долгосрочный план управления лесным хозяйством",KZZAP,91.1
2018,TH_HA,"Доля площади лесов, в отношении которых разработан долгосрочный план управления лесным хозяйством",KZZHA,2323.1
2018,TH_HA,"Доля площади лесов, в отношении которых разработан долгосрочный план управления лесным хозяйством",KZKAR,153.6
2018,TH_HA,"Доля площади лесов, в отношении которых разработан долгосрочный план управления лесным хозяйством",KZKUS,241.3
2018,TH_HA,"Доля площади лесов, в отношении которых разработан долгосрочный план управления лесным хозяйством",KZKZY,3118.9
2018,TH_HA,"Доля площади лесов, в отношении которых разработан долгосрочный план управления лесным хозяйством",KZMAN,125.2
2018,TH_HA,"Доля площади лесов, в отношении которых разработан долгосрочный план управления лесным хозяйством",KZPAV,261.6
2018,TH_HA,"Доля площади лесов, в отношении которых разработан долгосрочный план управления лесным хозяйством",KZSEV,538.5
2018,TH_HA,"Доля площади лесов, в отношении которых разработан долгосрочный план управления лесным хозяйством",KZYUZ,1654.4
2018,TH_HA,"Доля площади лесов, в отношении которых разработан долгосрочный план управления лесным хозяйством",KZVOS,2020.9
2019,TH_HA,"Площадь территории, покрытой лесом",,13121.8
2019,TH_HA,"Площадь территории, покрытой лесом",KZAKM,384.2
2019,TH_HA,"Площадь территории, покрытой лесом",KZAKT,56.3
2019,TH_HA,"Площадь территории, покрытой лесом",KZALM,2104.2
2019,TH_HA,"Площадь территории, покрытой лесом",KZATY,18.7
2019,TH_HA,"Площадь территории, покрытой лесом",KZZAP,91.2
2019,TH_HA,"Площадь территории, покрытой лесом",KZZHA,2297.9
2019,TH_HA,"Площадь территории, покрытой лесом",KZKAR,152.3
2019,TH_HA,"Площадь территории, покрытой лесом",KZKUS,242.2
2019,TH_HA,"Площадь территории, покрытой лесом",KZKZY,3146.7
2019,TH_HA,"Площадь территории, покрытой лесом",KZMAN,125.4
2019,TH_HA,"Площадь территории, покрытой лесом",KZPAV,267.5
2019,TH_HA,"Площадь территории, покрытой лесом",KZSEV,540.4
2019,TH_HA,"Площадь территории, покрытой лесом",KZYUZ,1665.6
2019,TH_HA,"Площадь территории, покрытой лесом",KZVOS,2029.1
2019,M_METER3,Запасы наземной биомассы в лесах,,435.8
2019,M_METER3,Запасы наземной биомассы в лесах,KZAKM,46.0
2019,M_METER3,Запасы наземной биомассы в лесах,KZAKT,1.2
2019,M_METER3,Запасы наземной биомассы в лесах,KZALM,51.9
2019,M_METER3,Запасы наземной биомассы в лесах,KZATY,0.4
2019,M_METER3,Запасы наземной биомассы в лесах,KZZAP,7.9
2019,M_METER3,Запасы наземной биомассы в лесах,KZZHA,3.7
2019,M_METER3,Запасы наземной биомассы в лесах,KZKAR,5.7
2019,M_METER3,Запасы наземной биомассы в лесах,KZKUS,17.7
2019,M_METER3,Запасы наземной биомассы в лесах,KZKZY,6.5
2019,M_METER3,Запасы наземной биомассы в лесах,KZMAN,0.1
2019,M_METER3,Запасы наземной биомассы в лесах,KZPAV,28.0
2019,M_METER3,Запасы наземной биомассы в лесах,KZSEV,51.0
2019,M_METER3,Запасы наземной биомассы в лесах,KZYUZ,3.4
2019,M_METER3,Запасы наземной биомассы в лесах,KZVOS,212.3
2019,PT,Изменение чистой площади лесов,,188.69999999999888
2019,PT,Изменение чистой площади лесов,KZAKM,0.4
2019,PT,Изменение чистой площади лесов,KZAKT,3.8
2019,PT,Изменение чистой площади лесов,KZALM,154.7
2019,PT,Изменение чистой площади лесов,KZATY,0.0
2019,PT,Изменение чистой площади лесов,KZZAP,0.1
2019,PT,Изменение чистой площади лесов,KZZHA,-25.2
2019,PT,Изменение чистой площади лесов,KZKAR,-1.3
2019,PT,Изменение чистой площади лесов,KZKUS,0.9
2019,PT,Изменение чистой площади лесов,KZKZY,27.8
2019,PT,Изменение чистой площади лесов,KZMAN,0.2
2019,PT,Изменение чистой площади лесов,KZPAV,5.9
2019,PT,Изменение чистой площади лесов,KZSEV,1.9
2019,PT,Изменение чистой площади лесов,KZYUZ,11.2
2019,PT,Изменение чистой площади лесов,KZVOS,8.2
2019,TH_HA,"Доля лесной площади, находящейся в охраняемых законом зонах",,13121.8
2019,TH_HA,"Доля лесной площади, находящейся в охраняемых законом зонах",KZAKM,384.2
2019,TH_HA,"Доля лесной площади, находящейся в охраняемых законом зонах",KZAKT,56.3
2019,TH_HA,"Доля лесной площади, находящейся в охраняемых законом зонах",KZALM,2104.2
2019,TH_HA,"Доля лесной площади, находящейся в охраняемых законом зонах",KZATY,18.7
2019,TH_HA,"Доля лесной площади, находящейся в охраняемых законом зонах",KZZAP,91.2
2019,TH_HA,"Доля лесной площади, находящейся в охраняемых законом зонах",KZZHA,2297.9
2019,TH_HA,"Доля лесной площади, находящейся в охраняемых законом зонах",KZKAR,152.3
2019,TH_HA,"Доля лесной площади, находящейся в охраняемых законом зонах",KZKUS,242.2
2019,TH_HA,"Доля лесной площади, находящейся в охраняемых законом зонах",KZKZY,3146.7
2019,TH_HA,"Доля лесной площади, находящейся в охраняемых законом зонах",KZMAN,125.4
2019,TH_HA,"Доля лесной площади, находящейся в охраняемых законом зонах",KZPAV,267.5
2019,TH_HA,"Доля лесной площади, находящейся в охраняемых законом зонах",KZSEV,540.4
2019,TH_HA,"Доля лесной площади, находящейся в охраняемых законом зонах",KZYUZ,1665.6
2019,TH_HA,"Доля лесной площади, находящейся в охраняемых законом зонах",KZVOS,2029.1
2019,TH_HA,"Доля площади лесов, в отношении которых разработан долгосрочный план управления лесным хозяйством",,13121.8
2019,TH_HA,"Доля площади лесов, в отношении которых разработан долгосрочный план управления лесным хозяйством",KZAKM,384.2
2019,TH_HA,"Доля площади лесов, в отношении которых разработан долгосрочный план управления лесным хозяйством",KZAKT,56.3
2019,TH_HA,"Доля площади лесов, в отношении которых разработан долгосрочный план управления лесным хозяйством",KZALM,2104.2
2019,TH_HA,"Доля площади лесов, в отношении которых разработан долгосрочный план управления лесным хозяйством",KZATY,18.7
2019,TH_HA,"Доля площади лесов, в отношении которых разработан долгосрочный план управления лесным хозяйством",KZZAP,91.2
2019,TH_HA,"Доля площади лесов, в отношении которых разработан долгосрочный план управления лесным хозяйством",KZZHA,2297.9
2019,TH_HA,"Доля площади лесов, в отношении которых разработан долгосрочный план управления лесным хозяйством",KZKAR,152.3
2019,TH_HA,"Доля площади лесов, в отношении которых разработан долгосрочный план управления лесным хозяйством",KZKUS,242.2
2019,TH_HA,"Доля площади лесов, в отношении которых разработан долгосрочный план управления лесным хозяйством",KZKZY,3146.7
2019,TH_HA,"Доля площади лесов, в отношении которых разработан долгосрочный план управления лесным хозяйством",KZMAN,125.4
2019,TH_HA,"Доля площади лесов, в отношении которых разработан долгосрочный план управления лесным хозяйством",KZPAV,267.5
2019,TH_HA,"Доля площади лесов, в отношении которых разработан долгосрочный план управления лесным хозяйством",KZSEV,540.4
2019,TH_HA,"Доля площади лесов, в отношении которых разработан долгосрочный план управления лесным хозяйством",KZYUZ,1665.6
2019,TH_HA,"Доля площади лесов, в отношении которых разработан долгосрочный план управления лесным хозяйством",KZVOS,2029.1
