Year,UNIT_MEASURE,SERIES,REF_AREA,GeoCode,Value
2010,TH_HA,_L_KZ_150201_1A,,,12317.8
2010,TH_HA,_L_KZ_150201_1A,KZAKM,KZAKM,373.7
2010,TH_HA,_L_KZ_150201_1A,KZAKT,KZAKT,47.3
2010,TH_HA,_L_KZ_150201_1A,KZALM,KZALM,1797.6
2010,TH_HA,_L_KZ_150201_1A,KZATY,KZATY,15.8
2010,TH_HA,_L_KZ_150201_1A,KZZAP,KZZAP,103.3
2010,TH_HA,_L_KZ_150201_1A,KZZHA,KZZHA,2213.6
2010,TH_HA,_L_KZ_150201_1A,KZKAR,KZKAR,155.4
2010,TH_HA,_L_KZ_150201_1A,KZKUS,KZKUS,222.4
2010,TH_HA,_L_KZ_150201_1A,KZKZY,KZKZY,3094.7
2010,TH_HA,_L_KZ_150201_1A,KZMAN,KZMAN,122.7
2010,TH_HA,_L_KZ_150201_1A,KZPAV,KZPAV,247.0
2010,TH_HA,_L_KZ_150201_1A,KZSEV,KZSEV,530.2
2010,TH_HA,_L_KZ_150201_1A,KZYUZ,KZYUZ,1603.4
2010,TH_HA,_L_KZ_150201_1A,KZVOS,KZVOS,1800.8
2010,M_METER3,AG_LND_FRSTBIOM,,,380.7
2010,M_METER3,AG_LND_FRSTBIOM,KZAKM,KZAKM,42.7
2010,M_METER3,AG_LND_FRSTBIOM,KZAKT,KZAKT,1.0
2010,M_METER3,AG_LND_FRSTBIOM,KZALM,KZALM,38.7
2010,M_METER3,AG_LND_FRSTBIOM,KZATY,KZATY,0.5
2010,M_METER3,AG_LND_FRSTBIOM,KZZAP,KZZAP,8.0
2010,M_METER3,AG_LND_FRSTBIOM,KZZHA,KZZHA,3.4
2010,M_METER3,AG_LND_FRSTBIOM,KZKAR,KZKAR,4.6
2010,M_METER3,AG_LND_FRSTBIOM,KZKUS,KZKUS,16.5
2010,M_METER3,AG_LND_FRSTBIOM,KZKZY,KZKZY,6.0
2010,M_METER3,AG_LND_FRSTBIOM,KZMAN,KZMAN,0.1
2010,M_METER3,AG_LND_FRSTBIOM,KZPAV,KZPAV,26.6
2010,M_METER3,AG_LND_FRSTBIOM,KZSEV,KZSEV,54.4
2010,M_METER3,AG_LND_FRSTBIOM,KZYUZ,KZYUZ,3.1
2010,M_METER3,AG_LND_FRSTBIOM,KZVOS,KZVOS,175.1
2010,PT,_L_KZ_150201_1B,,,24.0
2010,PT,_L_KZ_150201_1B,KZAKM,KZAKM,-6.4
2010,PT,_L_KZ_150201_1B,KZAKT,KZAKT,-0.2
2010,PT,_L_KZ_150201_1B,KZALM,KZALM,-0.6
2010,PT,_L_KZ_150201_1B,KZATY,KZATY,0.0
2010,PT,_L_KZ_150201_1B,KZZAP,KZZAP,1.6
2010,PT,_L_KZ_150201_1B,KZZHA,KZZHA,2.9
2010,PT,_L_KZ_150201_1B,KZKAR,KZKAR,10.4
2010,PT,_L_KZ_150201_1B,KZKUS,KZKUS,7.2
2010,PT,_L_KZ_150201_1B,KZKZY,KZKZY,3.8
2010,PT,_L_KZ_150201_1B,KZMAN,KZMAN,0.0
2010,PT,_L_KZ_150201_1B,KZPAV,KZPAV,1.1
2010,PT,_L_KZ_150201_1B,KZSEV,KZSEV,-0.2
2010,PT,_L_KZ_150201_1B,KZYUZ,KZYUZ,4.2
2010,PT,_L_KZ_150201_1B,KZVOS,KZVOS,0.3
2010,TH_HA,AG_LND_FRSTPRCT,,,100.0
2010,TH_HA,AG_LND_FRSTPRCT,KZAKM,KZAKM,7.0
2010,TH_HA,AG_LND_FRSTPRCT,KZAKT,KZAKT,0.0
2010,TH_HA,AG_LND_FRSTPRCT,KZALM,KZALM,13.0
2010,TH_HA,AG_LND_FRSTPRCT,KZATY,KZATY,0.0
2010,TH_HA,AG_LND_FRSTPRCT,KZZAP,KZZAP,0.0
2010,TH_HA,AG_LND_FRSTPRCT,KZZHA,KZZHA,0.0
2010,TH_HA,AG_LND_FRSTPRCT,KZKAR,KZKAR,4.0
2010,TH_HA,AG_LND_FRSTPRCT,KZKUS,KZKUS,0.0
2010,TH_HA,AG_LND_FRSTPRCT,KZKZY,KZKZY,3.0
2010,TH_HA,AG_LND_FRSTPRCT,KZMAN,KZMAN,0.0
2010,TH_HA,AG_LND_FRSTPRCT,KZPAV,KZPAV,12.0
2010,TH_HA,AG_LND_FRSTPRCT,KZSEV,KZSEV,8.0
2010,TH_HA,AG_LND_FRSTPRCT,KZYUZ,KZYUZ,4.0
2010,TH_HA,AG_LND_FRSTPRCT,KZVOS,KZVOS,49.0
2010,TH_HA,AG_LND_FRSTMGT,,,12317.8
2010,TH_HA,AG_LND_FRSTMGT,KZAKM,KZAKM,373.7
2010,TH_HA,AG_LND_FRSTMGT,KZAKT,KZAKT,47.3
2010,TH_HA,AG_LND_FRSTMGT,KZALM,KZALM,1797.6
2010,TH_HA,AG_LND_FRSTMGT,KZATY,KZATY,15.8
2010,TH_HA,AG_LND_FRSTMGT,KZZAP,KZZAP,103.3
2010,TH_HA,AG_LND_FRSTMGT,KZZHA,KZZHA,2213.6
2010,TH_HA,AG_LND_FRSTMGT,KZKAR,KZKAR,155.4
2010,TH_HA,AG_LND_FRSTMGT,KZKUS,KZKUS,222.4
2010,TH_HA,AG_LND_FRSTMGT,KZKZY,KZKZY,3094.7
2010,TH_HA,AG_LND_FRSTMGT,KZMAN,KZMAN,122.7
2010,TH_HA,AG_LND_FRSTMGT,KZPAV,KZPAV,247.0
2010,TH_HA,AG_LND_FRSTMGT,KZSEV,KZSEV,530.2
2010,TH_HA,AG_LND_FRSTMGT,KZYUZ,KZYUZ,1603.4
2010,TH_HA,AG_LND_FRSTMGT,KZVOS,KZVOS,1800.8
2011,TH_HA,_L_KZ_150201_1A,,,12452.0
2011,TH_HA,_L_KZ_150201_1A,KZAKM,KZAKM,378.6
2011,TH_HA,_L_KZ_150201_1A,KZAKT,KZAKT,47.2
2011,TH_HA,_L_KZ_150201_1A,KZALM,KZALM,1850.9
2011,TH_HA,_L_KZ_150201_1A,KZATY,KZATY,15.8
2011,TH_HA,_L_KZ_150201_1A,KZZAP,KZZAP,104.6
2011,TH_HA,_L_KZ_150201_1A,KZZHA,KZZHA,2219.6
2011,TH_HA,_L_KZ_150201_1A,KZKAR,KZKAR,155.4
2011,TH_HA,_L_KZ_150201_1A,KZKUS,KZKUS,223.7
2011,TH_HA,_L_KZ_150201_1A,KZKZY,KZKZY,3088.2
2011,TH_HA,_L_KZ_150201_1A,KZMAN,KZMAN,122.8
2011,TH_HA,_L_KZ_150201_1A,KZPAV,KZPAV,249.9
2011,TH_HA,_L_KZ_150201_1A,KZSEV,KZSEV,529.4
2011,TH_HA,_L_KZ_150201_1A,KZYUZ,KZYUZ,1603.4
2011,TH_HA,_L_KZ_150201_1A,KZVOS,KZVOS,1862.5
2011,M_METER3,AG_LND_FRSTBIOM,,,380.7
2011,M_METER3,AG_LND_FRSTBIOM,KZAKM,KZAKM,42.7
2011,M_METER3,AG_LND_FRSTBIOM,KZAKT,KZAKT,1.0
2011,M_METER3,AG_LND_FRSTBIOM,KZALM,KZALM,38.7
2011,M_METER3,AG_LND_FRSTBIOM,KZATY,KZATY,0.5
2011,M_METER3,AG_LND_FRSTBIOM,KZZAP,KZZAP,8.0
2011,M_METER3,AG_LND_FRSTBIOM,KZZHA,KZZHA,3.4
2011,M_METER3,AG_LND_FRSTBIOM,KZKAR,KZKAR,4.6
2011,M_METER3,AG_LND_FRSTBIOM,KZKUS,KZKUS,16.5
2011,M_METER3,AG_LND_FRSTBIOM,KZKZY,KZKZY,6.0
2011,M_METER3,AG_LND_FRSTBIOM,KZMAN,KZMAN,0.1
2011,M_METER3,AG_LND_FRSTBIOM,KZPAV,KZPAV,26.6
2011,M_METER3,AG_LND_FRSTBIOM,KZSEV,KZSEV,54.4
2011,M_METER3,AG_LND_FRSTBIOM,KZYUZ,KZYUZ,3.1
2011,M_METER3,AG_LND_FRSTBIOM,KZVOS,KZVOS,175.1
2011,PT,_L_KZ_150201_1B,,,134.2
2011,PT,_L_KZ_150201_1B,KZAKM,KZAKM,4.9
2011,PT,_L_KZ_150201_1B,KZAKT,KZAKT,-0.1
2011,PT,_L_KZ_150201_1B,KZALM,KZALM,53.3
2011,PT,_L_KZ_150201_1B,KZATY,KZATY,0.0
2011,PT,_L_KZ_150201_1B,KZZAP,KZZAP,1.3
2011,PT,_L_KZ_150201_1B,KZZHA,KZZHA,6.0
2011,PT,_L_KZ_150201_1B,KZKAR,KZKAR,0.0
2011,PT,_L_KZ_150201_1B,KZKUS,KZKUS,1.3
2011,PT,_L_KZ_150201_1B,KZKZY,KZKZY,-6.5
2011,PT,_L_KZ_150201_1B,KZMAN,KZMAN,0.1
2011,PT,_L_KZ_150201_1B,KZPAV,KZPAV,2.9
2011,PT,_L_KZ_150201_1B,KZSEV,KZSEV,-0.8
2011,PT,_L_KZ_150201_1B,KZYUZ,KZYUZ,0.0
2011,PT,_L_KZ_150201_1B,KZVOS,KZVOS,61.7
2011,TH_HA,AG_LND_FRSTPRCT,,,100.0
2011,TH_HA,AG_LND_FRSTPRCT,KZAKM,KZAKM,9.0
2011,TH_HA,AG_LND_FRSTPRCT,KZAKT,KZAKT,0.0
2011,TH_HA,AG_LND_FRSTPRCT,KZALM,KZALM,13.0
2011,TH_HA,AG_LND_FRSTPRCT,KZATY,KZATY,0.0
2011,TH_HA,AG_LND_FRSTPRCT,KZZAP,KZZAP,0.0
2011,TH_HA,AG_LND_FRSTPRCT,KZZHA,KZZHA,0.0
2011,TH_HA,AG_LND_FRSTPRCT,KZKAR,KZKAR,4.0
2011,TH_HA,AG_LND_FRSTPRCT,KZKUS,KZKUS,0.0
2011,TH_HA,AG_LND_FRSTPRCT,KZKZY,KZKZY,3.0
2011,TH_HA,AG_LND_FRSTPRCT,KZMAN,KZMAN,0.0
2011,TH_HA,AG_LND_FRSTPRCT,KZPAV,KZPAV,12.0
2011,TH_HA,AG_LND_FRSTPRCT,KZSEV,KZSEV,7.0
2011,TH_HA,AG_LND_FRSTPRCT,KZYUZ,KZYUZ,4.0
2011,TH_HA,AG_LND_FRSTPRCT,KZVOS,KZVOS,48.0
2011,TH_HA,AG_LND_FRSTMGT,,,12452.0
2011,TH_HA,AG_LND_FRSTMGT,KZAKM,KZAKM,378.6
2011,TH_HA,AG_LND_FRSTMGT,KZAKT,KZAKT,47.2
2011,TH_HA,AG_LND_FRSTMGT,KZALM,KZALM,1850.9
2011,TH_HA,AG_LND_FRSTMGT,KZATY,KZATY,15.8
2011,TH_HA,AG_LND_FRSTMGT,KZZAP,KZZAP,104.6
2011,TH_HA,AG_LND_FRSTMGT,KZZHA,KZZHA,2219.6
2011,TH_HA,AG_LND_FRSTMGT,KZKAR,KZKAR,155.4
2011,TH_HA,AG_LND_FRSTMGT,KZKUS,KZKUS,223.7
2011,TH_HA,AG_LND_FRSTMGT,KZKZY,KZKZY,3088.2
2011,TH_HA,AG_LND_FRSTMGT,KZMAN,KZMAN,122.8
2011,TH_HA,AG_LND_FRSTMGT,KZPAV,KZPAV,249.9
2011,TH_HA,AG_LND_FRSTMGT,KZSEV,KZSEV,529.4
2011,TH_HA,AG_LND_FRSTMGT,KZYUZ,KZYUZ,1603.4
2011,TH_HA,AG_LND_FRSTMGT,KZVOS,KZVOS,1862.5
2012,TH_HA,_L_KZ_150201_1A,,,12548.6
2012,TH_HA,_L_KZ_150201_1A,KZAKM,KZAKM,378.0
2012,TH_HA,_L_KZ_150201_1A,KZAKT,KZAKT,47.9
2012,TH_HA,_L_KZ_150201_1A,KZALM,KZALM,1851.7
2012,TH_HA,_L_KZ_150201_1A,KZATY,KZATY,15.8
2012,TH_HA,_L_KZ_150201_1A,KZZAP,KZZAP,106.1
2012,TH_HA,_L_KZ_150201_1A,KZZHA,KZZHA,2222.3
2012,TH_HA,_L_KZ_150201_1A,KZKAR,KZKAR,156.0
2012,TH_HA,_L_KZ_150201_1A,KZKUS,KZKUS,224.1
2012,TH_HA,_L_KZ_150201_1A,KZKZY,KZKZY,3056.8
2012,TH_HA,_L_KZ_150201_1A,KZMAN,KZMAN,122.8
2012,TH_HA,_L_KZ_150201_1A,KZPAV,KZPAV,249.3
2012,TH_HA,_L_KZ_150201_1A,KZSEV,KZSEV,529.7
2012,TH_HA,_L_KZ_150201_1A,KZYUZ,KZYUZ,1614.1
2012,TH_HA,_L_KZ_150201_1A,KZVOS,KZVOS,1974.1
2012,M_METER3,AG_LND_FRSTBIOM,,,412.2
2012,M_METER3,AG_LND_FRSTBIOM,KZAKM,KZAKM,45.4
2012,M_METER3,AG_LND_FRSTBIOM,KZAKT,KZAKT,1.1
2012,M_METER3,AG_LND_FRSTBIOM,KZALM,KZALM,40.7
2012,M_METER3,AG_LND_FRSTBIOM,KZATY,KZATY,0.5
2012,M_METER3,AG_LND_FRSTBIOM,KZZAP,KZZAP,8.3
2012,M_METER3,AG_LND_FRSTBIOM,KZZHA,KZZHA,3.4
2012,M_METER3,AG_LND_FRSTBIOM,KZKAR,KZKAR,4.6
2012,M_METER3,AG_LND_FRSTBIOM,KZKUS,KZKUS,15.5
2012,M_METER3,AG_LND_FRSTBIOM,KZKZY,KZKZY,5.9
2012,M_METER3,AG_LND_FRSTBIOM,KZMAN,KZMAN,0.1
2012,M_METER3,AG_LND_FRSTBIOM,KZPAV,KZPAV,27.0
2012,M_METER3,AG_LND_FRSTBIOM,KZSEV,KZSEV,52.0
2012,M_METER3,AG_LND_FRSTBIOM,KZYUZ,KZYUZ,3.1
2012,M_METER3,AG_LND_FRSTBIOM,KZVOS,KZVOS,204.6
2012,PT,_L_KZ_150201_1B,,,96.6
2012,PT,_L_KZ_150201_1B,KZAKM,KZAKM,-0.6
2012,PT,_L_KZ_150201_1B,KZAKT,KZAKT,0.7
2012,PT,_L_KZ_150201_1B,KZALM,KZALM,0.8
2012,PT,_L_KZ_150201_1B,KZATY,KZATY,0.0
2012,PT,_L_KZ_150201_1B,KZZAP,KZZAP,1.5
2012,PT,_L_KZ_150201_1B,KZZHA,KZZHA,2.7
2012,PT,_L_KZ_150201_1B,KZKAR,KZKAR,0.6
2012,PT,_L_KZ_150201_1B,KZKUS,KZKUS,0.4
2012,PT,_L_KZ_150201_1B,KZKZY,KZKZY,-31.4
2012,PT,_L_KZ_150201_1B,KZMAN,KZMAN,0.0
2012,PT,_L_KZ_150201_1B,KZPAV,KZPAV,-0.6
2012,PT,_L_KZ_150201_1B,KZSEV,KZSEV,0.3
2012,PT,_L_KZ_150201_1B,KZYUZ,KZYUZ,10.7
2012,PT,_L_KZ_150201_1B,KZVOS,KZVOS,111.6
2012,TH_HA,AG_LND_FRSTPRCT,,,100.0
2012,TH_HA,AG_LND_FRSTPRCT,KZAKM,KZAKM,9.0
2012,TH_HA,AG_LND_FRSTPRCT,KZAKT,KZAKT,0.0
2012,TH_HA,AG_LND_FRSTPRCT,KZALM,KZALM,13.0
2012,TH_HA,AG_LND_FRSTPRCT,KZATY,KZATY,0.0
2012,TH_HA,AG_LND_FRSTPRCT,KZZAP,KZZAP,0.0
2012,TH_HA,AG_LND_FRSTPRCT,KZZHA,KZZHA,0.0
2012,TH_HA,AG_LND_FRSTPRCT,KZKAR,KZKAR,4.0
2012,TH_HA,AG_LND_FRSTPRCT,KZKUS,KZKUS,0.0
2012,TH_HA,AG_LND_FRSTPRCT,KZKZY,KZKZY,3.0
2012,TH_HA,AG_LND_FRSTPRCT,KZMAN,KZMAN,0.0
2012,TH_HA,AG_LND_FRSTPRCT,KZPAV,KZPAV,11.0
2012,TH_HA,AG_LND_FRSTPRCT,KZSEV,KZSEV,7.0
2012,TH_HA,AG_LND_FRSTPRCT,KZYUZ,KZYUZ,3.0
2012,TH_HA,AG_LND_FRSTPRCT,KZVOS,KZVOS,50.0
2012,TH_HA,AG_LND_FRSTMGT,,,12548.6
2012,TH_HA,AG_LND_FRSTMGT,KZAKM,KZAKM,378.0
2012,TH_HA,AG_LND_FRSTMGT,KZAKT,KZAKT,47.9
2012,TH_HA,AG_LND_FRSTMGT,KZALM,KZALM,1851.7
2012,TH_HA,AG_LND_FRSTMGT,KZATY,KZATY,15.8
2012,TH_HA,AG_LND_FRSTMGT,KZZAP,KZZAP,106.1
2012,TH_HA,AG_LND_FRSTMGT,KZZHA,KZZHA,2222.3
2012,TH_HA,AG_LND_FRSTMGT,KZKAR,KZKAR,156.0
2012,TH_HA,AG_LND_FRSTMGT,KZKUS,KZKUS,224.1
2012,TH_HA,AG_LND_FRSTMGT,KZKZY,KZKZY,3056.8
2012,TH_HA,AG_LND_FRSTMGT,KZMAN,KZMAN,122.8
2012,TH_HA,AG_LND_FRSTMGT,KZPAV,KZPAV,249.3
2012,TH_HA,AG_LND_FRSTMGT,KZSEV,KZSEV,529.7
2012,TH_HA,AG_LND_FRSTMGT,KZYUZ,KZYUZ,1614.1
2012,TH_HA,AG_LND_FRSTMGT,KZVOS,KZVOS,1974.1
2013,TH_HA,_L_KZ_150201_1A,,,12593.9
2013,TH_HA,_L_KZ_150201_1A,KZAKM,KZAKM,379.3
2013,TH_HA,_L_KZ_150201_1A,KZAKT,KZAKT,49.8
2013,TH_HA,_L_KZ_150201_1A,KZALM,KZALM,1854.4
2013,TH_HA,_L_KZ_150201_1A,KZATY,KZATY,16.4
2013,TH_HA,_L_KZ_150201_1A,KZZAP,KZZAP,106.1
2013,TH_HA,_L_KZ_150201_1A,KZZHA,KZZHA,2231.0
2013,TH_HA,_L_KZ_150201_1A,KZKAR,KZKAR,155.6
2013,TH_HA,_L_KZ_150201_1A,KZKUS,KZKUS,229.0
2013,TH_HA,_L_KZ_150201_1A,KZKZY,KZKZY,3055.0
2013,TH_HA,_L_KZ_150201_1A,KZMAN,KZMAN,122.4
2013,TH_HA,_L_KZ_150201_1A,KZPAV,KZPAV,250.5
2013,TH_HA,_L_KZ_150201_1A,KZSEV,KZSEV,529.3
2013,TH_HA,_L_KZ_150201_1A,KZYUZ,KZYUZ,1614.2
2013,TH_HA,_L_KZ_150201_1A,KZVOS,KZVOS,2000.8
2013,M_METER3,AG_LND_FRSTBIOM,,,412.2
2013,M_METER3,AG_LND_FRSTBIOM,KZAKM,KZAKM,45.4
2013,M_METER3,AG_LND_FRSTBIOM,KZAKT,KZAKT,1.1
2013,M_METER3,AG_LND_FRSTBIOM,KZALM,KZALM,40.7
2013,M_METER3,AG_LND_FRSTBIOM,KZATY,KZATY,0.5
2013,M_METER3,AG_LND_FRSTBIOM,KZZAP,KZZAP,8.3
2013,M_METER3,AG_LND_FRSTBIOM,KZZHA,KZZHA,3.4
2013,M_METER3,AG_LND_FRSTBIOM,KZKAR,KZKAR,4.6
2013,M_METER3,AG_LND_FRSTBIOM,KZKUS,KZKUS,15.5
2013,M_METER3,AG_LND_FRSTBIOM,KZKZY,KZKZY,5.9
2013,M_METER3,AG_LND_FRSTBIOM,KZMAN,KZMAN,0.1
2013,M_METER3,AG_LND_FRSTBIOM,KZPAV,KZPAV,27.0
2013,M_METER3,AG_LND_FRSTBIOM,KZSEV,KZSEV,52.0
2013,M_METER3,AG_LND_FRSTBIOM,KZYUZ,KZYUZ,3.1
2013,M_METER3,AG_LND_FRSTBIOM,KZVOS,KZVOS,204.6
2013,PT,_L_KZ_150201_1B,,,45.3
2013,PT,_L_KZ_150201_1B,KZAKM,KZAKM,1.3
2013,PT,_L_KZ_150201_1B,KZAKT,KZAKT,1.9
2013,PT,_L_KZ_150201_1B,KZALM,KZALM,2.7
2013,PT,_L_KZ_150201_1B,KZATY,KZATY,0.6
2013,PT,_L_KZ_150201_1B,KZZAP,KZZAP,0.0
2013,PT,_L_KZ_150201_1B,KZZHA,KZZHA,8.7
2013,PT,_L_KZ_150201_1B,KZKAR,KZKAR,-0.4
2013,PT,_L_KZ_150201_1B,KZKUS,KZKUS,4.9
2013,PT,_L_KZ_150201_1B,KZKZY,KZKZY,-1.8
2013,PT,_L_KZ_150201_1B,KZMAN,KZMAN,-0.4
2013,PT,_L_KZ_150201_1B,KZPAV,KZPAV,1.2
2013,PT,_L_KZ_150201_1B,KZSEV,KZSEV,-0.4
2013,PT,_L_KZ_150201_1B,KZYUZ,KZYUZ,0.1
2013,PT,_L_KZ_150201_1B,KZVOS,KZVOS,26.7
2013,TH_HA,AG_LND_FRSTPRCT,,,100.0
2013,TH_HA,AG_LND_FRSTPRCT,KZAKM,KZAKM,9.0
2013,TH_HA,AG_LND_FRSTPRCT,KZAKT,KZAKT,0.0
2013,TH_HA,AG_LND_FRSTPRCT,KZALM,KZALM,13.0
2013,TH_HA,AG_LND_FRSTPRCT,KZATY,KZATY,0.0
2013,TH_HA,AG_LND_FRSTPRCT,KZZAP,KZZAP,0.0
2013,TH_HA,AG_LND_FRSTPRCT,KZZHA,KZZHA,0.0
2013,TH_HA,AG_LND_FRSTPRCT,KZKAR,KZKAR,4.0
2013,TH_HA,AG_LND_FRSTPRCT,KZKUS,KZKUS,0.0
2013,TH_HA,AG_LND_FRSTPRCT,KZKZY,KZKZY,3.0
2013,TH_HA,AG_LND_FRSTPRCT,KZMAN,KZMAN,0.0
2013,TH_HA,AG_LND_FRSTPRCT,KZPAV,KZPAV,11.0
2013,TH_HA,AG_LND_FRSTPRCT,KZSEV,KZSEV,7.0
2013,TH_HA,AG_LND_FRSTPRCT,KZYUZ,KZYUZ,3.0
2013,TH_HA,AG_LND_FRSTPRCT,KZVOS,KZVOS,50.0
2013,TH_HA,AG_LND_FRSTMGT,,,12593.9
2013,TH_HA,AG_LND_FRSTMGT,KZAKM,KZAKM,379.3
2013,TH_HA,AG_LND_FRSTMGT,KZAKT,KZAKT,49.8
2013,TH_HA,AG_LND_FRSTMGT,KZALM,KZALM,1854.4
2013,TH_HA,AG_LND_FRSTMGT,KZATY,KZATY,16.4
2013,TH_HA,AG_LND_FRSTMGT,KZZAP,KZZAP,106.1
2013,TH_HA,AG_LND_FRSTMGT,KZZHA,KZZHA,2231.0
2013,TH_HA,AG_LND_FRSTMGT,KZKAR,KZKAR,155.6
2013,TH_HA,AG_LND_FRSTMGT,KZKUS,KZKUS,229.0
2013,TH_HA,AG_LND_FRSTMGT,KZKZY,KZKZY,3055.0
2013,TH_HA,AG_LND_FRSTMGT,KZMAN,KZMAN,122.4
2013,TH_HA,AG_LND_FRSTMGT,KZPAV,KZPAV,250.5
2013,TH_HA,AG_LND_FRSTMGT,KZSEV,KZSEV,529.3
2013,TH_HA,AG_LND_FRSTMGT,KZYUZ,KZYUZ,1614.2
2013,TH_HA,AG_LND_FRSTMGT,KZVOS,KZVOS,2000.8
2014,TH_HA,_L_KZ_150201_1A,,,12627.0
2014,TH_HA,_L_KZ_150201_1A,KZAKM,KZAKM,379.4
2014,TH_HA,_L_KZ_150201_1A,KZAKT,KZAKT,50.3
2014,TH_HA,_L_KZ_150201_1A,KZALM,KZALM,1856.2
2014,TH_HA,_L_KZ_150201_1A,KZATY,KZATY,16.4
2014,TH_HA,_L_KZ_150201_1A,KZZAP,KZZAP,106.0
2014,TH_HA,_L_KZ_150201_1A,KZZHA,KZZHA,2236.1
2014,TH_HA,_L_KZ_150201_1A,KZKAR,KZKAR,155.8
2014,TH_HA,_L_KZ_150201_1A,KZKUS,KZKUS,234.9
2014,TH_HA,_L_KZ_150201_1A,KZKZY,KZKZY,3063.0
2014,TH_HA,_L_KZ_150201_1A,KZMAN,KZMAN,122.4
2014,TH_HA,_L_KZ_150201_1A,KZPAV,KZPAV,253.1
2014,TH_HA,_L_KZ_150201_1A,KZSEV,KZSEV,531.9
2014,TH_HA,_L_KZ_150201_1A,KZYUZ,KZYUZ,1616.8
2014,TH_HA,_L_KZ_150201_1A,KZVOS,KZVOS,2004.7
2014,M_METER3,AG_LND_FRSTBIOM,,,412.2
2014,M_METER3,AG_LND_FRSTBIOM,KZAKM,KZAKM,45.4
2014,M_METER3,AG_LND_FRSTBIOM,KZAKT,KZAKT,1.1
2014,M_METER3,AG_LND_FRSTBIOM,KZALM,KZALM,40.7
2014,M_METER3,AG_LND_FRSTBIOM,KZATY,KZATY,0.5
2014,M_METER3,AG_LND_FRSTBIOM,KZZAP,KZZAP,8.3
2014,M_METER3,AG_LND_FRSTBIOM,KZZHA,KZZHA,3.4
2014,M_METER3,AG_LND_FRSTBIOM,KZKAR,KZKAR,4.6
2014,M_METER3,AG_LND_FRSTBIOM,KZKUS,KZKUS,15.5
2014,M_METER3,AG_LND_FRSTBIOM,KZKZY,KZKZY,5.9
2014,M_METER3,AG_LND_FRSTBIOM,KZMAN,KZMAN,0.1
2014,M_METER3,AG_LND_FRSTBIOM,KZPAV,KZPAV,27.0
2014,M_METER3,AG_LND_FRSTBIOM,KZSEV,KZSEV,52.0
2014,M_METER3,AG_LND_FRSTBIOM,KZYUZ,KZYUZ,3.1
2014,M_METER3,AG_LND_FRSTBIOM,KZVOS,KZVOS,204.6
2014,PT,_L_KZ_150201_1B,,,33.1
2014,PT,_L_KZ_150201_1B,KZAKM,KZAKM,0.1
2014,PT,_L_KZ_150201_1B,KZAKT,KZAKT,0.5
2014,PT,_L_KZ_150201_1B,KZALM,KZALM,1.8
2014,PT,_L_KZ_150201_1B,KZATY,KZATY,0.0
2014,PT,_L_KZ_150201_1B,KZZAP,KZZAP,-0.1
2014,PT,_L_KZ_150201_1B,KZZHA,KZZHA,5.1
2014,PT,_L_KZ_150201_1B,KZKAR,KZKAR,0.2
2014,PT,_L_KZ_150201_1B,KZKUS,KZKUS,5.9
2014,PT,_L_KZ_150201_1B,KZKZY,KZKZY,8.0
2014,PT,_L_KZ_150201_1B,KZMAN,KZMAN,0.0
2014,PT,_L_KZ_150201_1B,KZPAV,KZPAV,2.6
2014,PT,_L_KZ_150201_1B,KZSEV,KZSEV,2.6
2014,PT,_L_KZ_150201_1B,KZYUZ,KZYUZ,2.6
2014,PT,_L_KZ_150201_1B,KZVOS,KZVOS,3.9
2014,TH_HA,AG_LND_FRSTPRCT,,,100.0
2014,TH_HA,AG_LND_FRSTPRCT,KZAKM,KZAKM,8.0
2014,TH_HA,AG_LND_FRSTPRCT,KZAKT,KZAKT,0.0
2014,TH_HA,AG_LND_FRSTPRCT,KZALM,KZALM,12.0
2014,TH_HA,AG_LND_FRSTPRCT,KZATY,KZATY,0.0
2014,TH_HA,AG_LND_FRSTPRCT,KZZAP,KZZAP,0.0
2014,TH_HA,AG_LND_FRSTPRCT,KZZHA,KZZHA,0.0
2014,TH_HA,AG_LND_FRSTPRCT,KZKAR,KZKAR,4.0
2014,TH_HA,AG_LND_FRSTPRCT,KZKUS,KZKUS,0.0
2014,TH_HA,AG_LND_FRSTPRCT,KZKZY,KZKZY,3.0
2014,TH_HA,AG_LND_FRSTPRCT,KZMAN,KZMAN,0.0
2014,TH_HA,AG_LND_FRSTPRCT,KZPAV,KZPAV,11.0
2014,TH_HA,AG_LND_FRSTPRCT,KZSEV,KZSEV,7.0
2014,TH_HA,AG_LND_FRSTPRCT,KZYUZ,KZYUZ,7.0
2014,TH_HA,AG_LND_FRSTPRCT,KZVOS,KZVOS,48.0
2014,TH_HA,AG_LND_FRSTMGT,,,12627.0
2014,TH_HA,AG_LND_FRSTMGT,KZAKM,KZAKM,379.4
2014,TH_HA,AG_LND_FRSTMGT,KZAKT,KZAKT,50.3
2014,TH_HA,AG_LND_FRSTMGT,KZALM,KZALM,1856.2
2014,TH_HA,AG_LND_FRSTMGT,KZATY,KZATY,16.4
2014,TH_HA,AG_LND_FRSTMGT,KZZAP,KZZAP,106.0
2014,TH_HA,AG_LND_FRSTMGT,KZZHA,KZZHA,2236.1
2014,TH_HA,AG_LND_FRSTMGT,KZKAR,KZKAR,155.8
2014,TH_HA,AG_LND_FRSTMGT,KZKUS,KZKUS,234.9
2014,TH_HA,AG_LND_FRSTMGT,KZKZY,KZKZY,3063.0
2014,TH_HA,AG_LND_FRSTMGT,KZMAN,KZMAN,122.4
2014,TH_HA,AG_LND_FRSTMGT,KZPAV,KZPAV,253.1
2014,TH_HA,AG_LND_FRSTMGT,KZSEV,KZSEV,531.9
2014,TH_HA,AG_LND_FRSTMGT,KZYUZ,KZYUZ,1616.8
2014,TH_HA,AG_LND_FRSTMGT,KZVOS,KZVOS,2004.7
2015,TH_HA,_L_KZ_150201_1A,,,12652.4
2015,TH_HA,_L_KZ_150201_1A,KZAKM,KZAKM,380.3
2015,TH_HA,_L_KZ_150201_1A,KZAKT,KZAKT,51.6
2015,TH_HA,_L_KZ_150201_1A,KZALM,KZALM,1870.6
2015,TH_HA,_L_KZ_150201_1A,KZATY,KZATY,16.5
2015,TH_HA,_L_KZ_150201_1A,KZZAP,KZZAP,103.9
2015,TH_HA,_L_KZ_150201_1A,KZZHA,KZZHA,2240.6
2015,TH_HA,_L_KZ_150201_1A,KZKAR,KZKAR,153.3
2015,TH_HA,_L_KZ_150201_1A,KZKUS,KZKUS,236.4
2015,TH_HA,_L_KZ_150201_1A,KZKZY,KZKZY,3059.1
2015,TH_HA,_L_KZ_150201_1A,KZMAN,KZMAN,122.4
2015,TH_HA,_L_KZ_150201_1A,KZPAV,KZPAV,254.5
2015,TH_HA,_L_KZ_150201_1A,KZSEV,KZSEV,534.0
2015,TH_HA,_L_KZ_150201_1A,KZYUZ,KZYUZ,1623.7
2015,TH_HA,_L_KZ_150201_1A,KZVOS,KZVOS,2005.3
2015,M_METER3,AG_LND_FRSTBIOM,,,412.2
2015,M_METER3,AG_LND_FRSTBIOM,KZAKM,KZAKM,45.4
2015,M_METER3,AG_LND_FRSTBIOM,KZAKT,KZAKT,1.1
2015,M_METER3,AG_LND_FRSTBIOM,KZALM,KZALM,40.7
2015,M_METER3,AG_LND_FRSTBIOM,KZATY,KZATY,0.5
2015,M_METER3,AG_LND_FRSTBIOM,KZZAP,KZZAP,8.3
2015,M_METER3,AG_LND_FRSTBIOM,KZZHA,KZZHA,3.4
2015,M_METER3,AG_LND_FRSTBIOM,KZKAR,KZKAR,4.6
2015,M_METER3,AG_LND_FRSTBIOM,KZKUS,KZKUS,15.5
2015,M_METER3,AG_LND_FRSTBIOM,KZKZY,KZKZY,5.9
2015,M_METER3,AG_LND_FRSTBIOM,KZMAN,KZMAN,0.1
2015,M_METER3,AG_LND_FRSTBIOM,KZPAV,KZPAV,27.0
2015,M_METER3,AG_LND_FRSTBIOM,KZSEV,KZSEV,52.0
2015,M_METER3,AG_LND_FRSTBIOM,KZYUZ,KZYUZ,3.1
2015,M_METER3,AG_LND_FRSTBIOM,KZVOS,KZVOS,204.6
2015,PT,_L_KZ_150201_1B,,,25.4
2015,PT,_L_KZ_150201_1B,KZAKM,KZAKM,0.9
2015,PT,_L_KZ_150201_1B,KZAKT,KZAKT,1.3
2015,PT,_L_KZ_150201_1B,KZALM,KZALM,14.4
2015,PT,_L_KZ_150201_1B,KZATY,KZATY,0.1
2015,PT,_L_KZ_150201_1B,KZZAP,KZZAP,-2.1
2015,PT,_L_KZ_150201_1B,KZZHA,KZZHA,4.5
2015,PT,_L_KZ_150201_1B,KZKAR,KZKAR,-2.5
2015,PT,_L_KZ_150201_1B,KZKUS,KZKUS,1.5
2015,PT,_L_KZ_150201_1B,KZKZY,KZKZY,-3.9
2015,PT,_L_KZ_150201_1B,KZMAN,KZMAN,0.0
2015,PT,_L_KZ_150201_1B,KZPAV,KZPAV,1.4
2015,PT,_L_KZ_150201_1B,KZSEV,KZSEV,2.1
2015,PT,_L_KZ_150201_1B,KZYUZ,KZYUZ,6.9
2015,PT,_L_KZ_150201_1B,KZVOS,KZVOS,0.6
2015,TH_HA,AG_LND_FRSTPRCT,,,100.0
2015,TH_HA,AG_LND_FRSTPRCT,KZAKM,KZAKM,8.0
2015,TH_HA,AG_LND_FRSTPRCT,KZAKT,KZAKT,0.0
2015,TH_HA,AG_LND_FRSTPRCT,KZALM,KZALM,13.0
2015,TH_HA,AG_LND_FRSTPRCT,KZATY,KZATY,0.0
2015,TH_HA,AG_LND_FRSTPRCT,KZZAP,KZZAP,0.0
2015,TH_HA,AG_LND_FRSTPRCT,KZZHA,KZZHA,0.0
2015,TH_HA,AG_LND_FRSTPRCT,KZKAR,KZKAR,4.0
2015,TH_HA,AG_LND_FRSTPRCT,KZKUS,KZKUS,0.0
2015,TH_HA,AG_LND_FRSTPRCT,KZKZY,KZKZY,3.0
2015,TH_HA,AG_LND_FRSTPRCT,KZMAN,KZMAN,0.0
2015,TH_HA,AG_LND_FRSTPRCT,KZPAV,KZPAV,11.0
2015,TH_HA,AG_LND_FRSTPRCT,KZSEV,KZSEV,6.0
2015,TH_HA,AG_LND_FRSTPRCT,KZYUZ,KZYUZ,7.0
2015,TH_HA,AG_LND_FRSTPRCT,KZVOS,KZVOS,48.0
2015,TH_HA,AG_LND_FRSTMGT,,,12652.4
2015,TH_HA,AG_LND_FRSTMGT,KZAKM,KZAKM,380.3
2015,TH_HA,AG_LND_FRSTMGT,KZAKT,KZAKT,51.6
2015,TH_HA,AG_LND_FRSTMGT,KZALM,KZALM,1870.6
2015,TH_HA,AG_LND_FRSTMGT,KZATY,KZATY,16.5
2015,TH_HA,AG_LND_FRSTMGT,KZZAP,KZZAP,103.9
2015,TH_HA,AG_LND_FRSTMGT,KZZHA,KZZHA,2240.6
2015,TH_HA,AG_LND_FRSTMGT,KZKAR,KZKAR,153.3
2015,TH_HA,AG_LND_FRSTMGT,KZKUS,KZKUS,236.4
2015,TH_HA,AG_LND_FRSTMGT,KZKZY,KZKZY,3059.1
2015,TH_HA,AG_LND_FRSTMGT,KZMAN,KZMAN,122.4
2015,TH_HA,AG_LND_FRSTMGT,KZPAV,KZPAV,254.5
2015,TH_HA,AG_LND_FRSTMGT,KZSEV,KZSEV,534.0
2015,TH_HA,AG_LND_FRSTMGT,KZYUZ,KZYUZ,1623.7
2015,TH_HA,AG_LND_FRSTMGT,KZVOS,KZVOS,2005.3
2016,TH_HA,_L_KZ_150201_1A,,,12706.8
2016,TH_HA,_L_KZ_150201_1A,KZAKM,KZAKM,382.1
2016,TH_HA,_L_KZ_150201_1A,KZAKT,KZAKT,51.7
2016,TH_HA,_L_KZ_150201_1A,KZALM,KZALM,1882.3
2016,TH_HA,_L_KZ_150201_1A,KZATY,KZATY,16.5
2016,TH_HA,_L_KZ_150201_1A,KZZAP,KZZAP,106.0
2016,TH_HA,_L_KZ_150201_1A,KZZHA,KZZHA,2240.7
2016,TH_HA,_L_KZ_150201_1A,KZKAR,KZKAR,153.3
2016,TH_HA,_L_KZ_150201_1A,KZKUS,KZKUS,238.2
2016,TH_HA,_L_KZ_150201_1A,KZKZY,KZKZY,3080.3
2016,TH_HA,_L_KZ_150201_1A,KZMAN,KZMAN,122.4
2016,TH_HA,_L_KZ_150201_1A,KZPAV,KZPAV,257.1
2016,TH_HA,_L_KZ_150201_1A,KZSEV,KZSEV,535.6
2016,TH_HA,_L_KZ_150201_1A,KZYUZ,KZYUZ,1630.1
2016,TH_HA,_L_KZ_150201_1A,KZVOS,KZVOS,2010.3
2016,M_METER3,AG_LND_FRSTBIOM,,,412.2
2016,M_METER3,AG_LND_FRSTBIOM,KZAKM,KZAKM,45.4
2016,M_METER3,AG_LND_FRSTBIOM,KZAKT,KZAKT,1.1
2016,M_METER3,AG_LND_FRSTBIOM,KZALM,KZALM,40.7
2016,M_METER3,AG_LND_FRSTBIOM,KZATY,KZATY,0.5
2016,M_METER3,AG_LND_FRSTBIOM,KZZAP,KZZAP,8.3
2016,M_METER3,AG_LND_FRSTBIOM,KZZHA,KZZHA,3.4
2016,M_METER3,AG_LND_FRSTBIOM,KZKAR,KZKAR,4.6
2016,M_METER3,AG_LND_FRSTBIOM,KZKUS,KZKUS,15.5
2016,M_METER3,AG_LND_FRSTBIOM,KZKZY,KZKZY,5.9
2016,M_METER3,AG_LND_FRSTBIOM,KZMAN,KZMAN,0.1
2016,M_METER3,AG_LND_FRSTBIOM,KZPAV,KZPAV,27.0
2016,M_METER3,AG_LND_FRSTBIOM,KZSEV,KZSEV,52.0
2016,M_METER3,AG_LND_FRSTBIOM,KZYUZ,KZYUZ,3.1
2016,M_METER3,AG_LND_FRSTBIOM,KZVOS,KZVOS,204.6
2016,PT,_L_KZ_150201_1B,,,54.4
2016,PT,_L_KZ_150201_1B,KZAKM,KZAKM,1.8
2016,PT,_L_KZ_150201_1B,KZAKT,KZAKT,0.1
2016,PT,_L_KZ_150201_1B,KZALM,KZALM,11.7
2016,PT,_L_KZ_150201_1B,KZATY,KZATY,0.0
2016,PT,_L_KZ_150201_1B,KZZAP,KZZAP,2.1
2016,PT,_L_KZ_150201_1B,KZZHA,KZZHA,0.1
2016,PT,_L_KZ_150201_1B,KZKAR,KZKAR,0.0
2016,PT,_L_KZ_150201_1B,KZKUS,KZKUS,1.8
2016,PT,_L_KZ_150201_1B,KZKZY,KZKZY,21.2
2016,PT,_L_KZ_150201_1B,KZMAN,KZMAN,0.0
2016,PT,_L_KZ_150201_1B,KZPAV,KZPAV,2.6
2016,PT,_L_KZ_150201_1B,KZSEV,KZSEV,1.6
2016,PT,_L_KZ_150201_1B,KZYUZ,KZYUZ,6.4
2016,PT,_L_KZ_150201_1B,KZVOS,KZVOS,5.0
2016,TH_HA,AG_LND_FRSTPRCT,,,100.0
2016,TH_HA,AG_LND_FRSTPRCT,KZAKM,KZAKM,8.0
2016,TH_HA,AG_LND_FRSTPRCT,KZAKT,KZAKT,0.0
2016,TH_HA,AG_LND_FRSTPRCT,KZALM,KZALM,13.0
2016,TH_HA,AG_LND_FRSTPRCT,KZATY,KZATY,0.0
2016,TH_HA,AG_LND_FRSTPRCT,KZZAP,KZZAP,0.0
2016,TH_HA,AG_LND_FRSTPRCT,KZZHA,KZZHA,0.0
2016,TH_HA,AG_LND_FRSTPRCT,KZKAR,KZKAR,4.0
2016,TH_HA,AG_LND_FRSTPRCT,KZKUS,KZKUS,0.0
2016,TH_HA,AG_LND_FRSTPRCT,KZKZY,KZKZY,3.0
2016,TH_HA,AG_LND_FRSTPRCT,KZMAN,KZMAN,0.0
2016,TH_HA,AG_LND_FRSTPRCT,KZPAV,KZPAV,11.0
2016,TH_HA,AG_LND_FRSTPRCT,KZSEV,KZSEV,6.0
2016,TH_HA,AG_LND_FRSTPRCT,KZYUZ,KZYUZ,7.0
2016,TH_HA,AG_LND_FRSTPRCT,KZVOS,KZVOS,48.0
2016,TH_HA,AG_LND_FRSTMGT,,,12706.8
2016,TH_HA,AG_LND_FRSTMGT,KZAKM,KZAKM,382.1
2016,TH_HA,AG_LND_FRSTMGT,KZAKT,KZAKT,51.7
2016,TH_HA,AG_LND_FRSTMGT,KZALM,KZALM,1882.3
2016,TH_HA,AG_LND_FRSTMGT,KZATY,KZATY,16.5
2016,TH_HA,AG_LND_FRSTMGT,KZZAP,KZZAP,106.0
2016,TH_HA,AG_LND_FRSTMGT,KZZHA,KZZHA,2240.7
2016,TH_HA,AG_LND_FRSTMGT,KZKAR,KZKAR,153.3
2016,TH_HA,AG_LND_FRSTMGT,KZKUS,KZKUS,238.2
2016,TH_HA,AG_LND_FRSTMGT,KZKZY,KZKZY,3080.3
2016,TH_HA,AG_LND_FRSTMGT,KZMAN,KZMAN,122.4
2016,TH_HA,AG_LND_FRSTMGT,KZPAV,KZPAV,257.1
2016,TH_HA,AG_LND_FRSTMGT,KZSEV,KZSEV,535.6
2016,TH_HA,AG_LND_FRSTMGT,KZYUZ,KZYUZ,1630.1
2016,TH_HA,AG_LND_FRSTMGT,KZVOS,KZVOS,2010.3
2017,TH_HA,_L_KZ_150201_1A,,,12903.5
2017,TH_HA,_L_KZ_150201_1A,KZAKM,KZAKM,382.1
2017,TH_HA,_L_KZ_150201_1A,KZAKT,KZAKT,51.9
2017,TH_HA,_L_KZ_150201_1A,KZALM,KZALM,1928.7
2017,TH_HA,_L_KZ_150201_1A,KZATY,KZATY,16.6
2017,TH_HA,_L_KZ_150201_1A,KZZAP,KZZAP,91.2
2017,TH_HA,_L_KZ_150201_1A,KZZHA,KZZHA,2361.3
2017,TH_HA,_L_KZ_150201_1A,KZKAR,KZKAR,153.5
2017,TH_HA,_L_KZ_150201_1A,KZKUS,KZKUS,240.0
2017,TH_HA,_L_KZ_150201_1A,KZKZY,KZKZY,3103.2
2017,TH_HA,_L_KZ_150201_1A,KZMAN,KZMAN,125.1
2017,TH_HA,_L_KZ_150201_1A,KZPAV,KZPAV,258.4
2017,TH_HA,_L_KZ_150201_1A,KZSEV,KZSEV,537.2
2017,TH_HA,_L_KZ_150201_1A,KZYUZ,KZYUZ,1639.2
2017,TH_HA,_L_KZ_150201_1A,KZVOS,KZVOS,2015.3
2017,M_METER3,AG_LND_FRSTBIOM,,,421.8
2017,M_METER3,AG_LND_FRSTBIOM,KZAKM,KZAKM,44.7
2017,M_METER3,AG_LND_FRSTBIOM,KZAKT,KZAKT,1.1
2017,M_METER3,AG_LND_FRSTBIOM,KZALM,KZALM,49.4
2017,M_METER3,AG_LND_FRSTBIOM,KZATY,KZATY,0.5
2017,M_METER3,AG_LND_FRSTBIOM,KZZAP,KZZAP,7.7
2017,M_METER3,AG_LND_FRSTBIOM,KZZHA,KZZHA,3.4
2017,M_METER3,AG_LND_FRSTBIOM,KZKAR,KZKAR,5.5
2017,M_METER3,AG_LND_FRSTBIOM,KZKUS,KZKUS,17.3
2017,M_METER3,AG_LND_FRSTBIOM,KZKZY,KZKZY,5.9
2017,M_METER3,AG_LND_FRSTBIOM,KZMAN,KZMAN,0.1
2017,M_METER3,AG_LND_FRSTBIOM,KZPAV,KZPAV,26.9
2017,M_METER3,AG_LND_FRSTBIOM,KZSEV,KZSEV,49.6
2017,M_METER3,AG_LND_FRSTBIOM,KZYUZ,KZYUZ,3.2
2017,M_METER3,AG_LND_FRSTBIOM,KZVOS,KZVOS,206.5
2017,PT,_L_KZ_150201_1B,,,196.7
2017,PT,_L_KZ_150201_1B,KZAKM,KZAKM,0.0
2017,PT,_L_KZ_150201_1B,KZAKT,KZAKT,0.2
2017,PT,_L_KZ_150201_1B,KZALM,KZALM,46.4
2017,PT,_L_KZ_150201_1B,KZATY,KZATY,0.1
2017,PT,_L_KZ_150201_1B,KZZAP,KZZAP,-14.8
2017,PT,_L_KZ_150201_1B,KZZHA,KZZHA,120.6
2017,PT,_L_KZ_150201_1B,KZKAR,KZKAR,0.2
2017,PT,_L_KZ_150201_1B,KZKUS,KZKUS,1.8
2017,PT,_L_KZ_150201_1B,KZKZY,KZKZY,22.9
2017,PT,_L_KZ_150201_1B,KZMAN,KZMAN,2.7
2017,PT,_L_KZ_150201_1B,KZPAV,KZPAV,1.3
2017,PT,_L_KZ_150201_1B,KZSEV,KZSEV,1.6
2017,PT,_L_KZ_150201_1B,KZYUZ,KZYUZ,9.1
2017,PT,_L_KZ_150201_1B,KZVOS,KZVOS,5.0
2017,TH_HA,AG_LND_FRSTPRCT,,,100.0
2017,TH_HA,AG_LND_FRSTPRCT,KZAKM,KZAKM,7.0
2017,TH_HA,AG_LND_FRSTPRCT,KZAKT,KZAKT,0.0
2017,TH_HA,AG_LND_FRSTPRCT,KZALM,KZALM,10.0
2017,TH_HA,AG_LND_FRSTPRCT,KZATY,KZATY,0.0
2017,TH_HA,AG_LND_FRSTPRCT,KZZAP,KZZAP,0.0
2017,TH_HA,AG_LND_FRSTPRCT,KZZHA,KZZHA,20.0
2017,TH_HA,AG_LND_FRSTPRCT,KZKAR,KZKAR,4.0
2017,TH_HA,AG_LND_FRSTPRCT,KZKUS,KZKUS,0.0
2017,TH_HA,AG_LND_FRSTPRCT,KZKZY,KZKZY,2.0
2017,TH_HA,AG_LND_FRSTPRCT,KZMAN,KZMAN,0.0
2017,TH_HA,AG_LND_FRSTPRCT,KZPAV,KZPAV,7.0
2017,TH_HA,AG_LND_FRSTPRCT,KZSEV,KZSEV,6.0
2017,TH_HA,AG_LND_FRSTPRCT,KZYUZ,KZYUZ,6.0
2017,TH_HA,AG_LND_FRSTPRCT,KZVOS,KZVOS,38.0
2017,TH_HA,AG_LND_FRSTMGT,,,12903.5
2017,TH_HA,AG_LND_FRSTMGT,KZAKM,KZAKM,382.1
2017,TH_HA,AG_LND_FRSTMGT,KZAKT,KZAKT,51.9
2017,TH_HA,AG_LND_FRSTMGT,KZALM,KZALM,1928.7
2017,TH_HA,AG_LND_FRSTMGT,KZATY,KZATY,16.6
2017,TH_HA,AG_LND_FRSTMGT,KZZAP,KZZAP,91.2
2017,TH_HA,AG_LND_FRSTMGT,KZZHA,KZZHA,2361.3
2017,TH_HA,AG_LND_FRSTMGT,KZKAR,KZKAR,153.5
2017,TH_HA,AG_LND_FRSTMGT,KZKUS,KZKUS,240.0
2017,TH_HA,AG_LND_FRSTMGT,KZKZY,KZKZY,3103.2
2017,TH_HA,AG_LND_FRSTMGT,KZMAN,KZMAN,125.1
2017,TH_HA,AG_LND_FRSTMGT,KZPAV,KZPAV,258.4
2017,TH_HA,AG_LND_FRSTMGT,KZSEV,KZSEV,537.2
2017,TH_HA,AG_LND_FRSTMGT,KZYUZ,KZYUZ,1639.2
2017,TH_HA,AG_LND_FRSTMGT,KZVOS,KZVOS,2015.3
2018,TH_HA,_L_KZ_150201_1A,,,12933.1
2018,TH_HA,_L_KZ_150201_1A,KZAKM,KZAKM,383.8
2018,TH_HA,_L_KZ_150201_1A,KZAKT,KZAKT,52.5
2018,TH_HA,_L_KZ_150201_1A,KZALM,KZALM,1949.5
2018,TH_HA,_L_KZ_150201_1A,KZATY,KZATY,18.7
2018,TH_HA,_L_KZ_150201_1A,KZZAP,KZZAP,91.1
2018,TH_HA,_L_KZ_150201_1A,KZZHA,KZZHA,2323.1
2018,TH_HA,_L_KZ_150201_1A,KZKAR,KZKAR,153.6
2018,TH_HA,_L_KZ_150201_1A,KZKUS,KZKUS,241.3
2018,TH_HA,_L_KZ_150201_1A,KZKZY,KZKZY,3118.9
2018,TH_HA,_L_KZ_150201_1A,KZMAN,KZMAN,125.2
2018,TH_HA,_L_KZ_150201_1A,KZPAV,KZPAV,261.6
2018,TH_HA,_L_KZ_150201_1A,KZSEV,KZSEV,538.5
2018,TH_HA,_L_KZ_150201_1A,KZYUZ,KZYUZ,1654.4
2018,TH_HA,_L_KZ_150201_1A,KZVOS,KZVOS,2020.9
2018,M_METER3,AG_LND_FRSTBIOM,,,428.6
2018,M_METER3,AG_LND_FRSTBIOM,KZAKM,KZAKM,45.5
2018,M_METER3,AG_LND_FRSTBIOM,KZAKT,KZAKT,1.2
2018,M_METER3,AG_LND_FRSTBIOM,KZALM,KZALM,50.6
2018,M_METER3,AG_LND_FRSTBIOM,KZATY,KZATY,0.4
2018,M_METER3,AG_LND_FRSTBIOM,KZZAP,KZZAP,7.9
2018,M_METER3,AG_LND_FRSTBIOM,KZZHA,KZZHA,3.6
2018,M_METER3,AG_LND_FRSTBIOM,KZKAR,KZKAR,5.6
2018,M_METER3,AG_LND_FRSTBIOM,KZKUS,KZKUS,17.5
2018,M_METER3,AG_LND_FRSTBIOM,KZKZY,KZKZY,6.2
2018,M_METER3,AG_LND_FRSTBIOM,KZMAN,KZMAN,0.1
2018,M_METER3,AG_LND_FRSTBIOM,KZPAV,KZPAV,27.4
2018,M_METER3,AG_LND_FRSTBIOM,KZSEV,KZSEV,50.2
2018,M_METER3,AG_LND_FRSTBIOM,KZYUZ,KZYUZ,3.3
2018,M_METER3,AG_LND_FRSTBIOM,KZVOS,KZVOS,209.3
2018,PT,_L_KZ_150201_1B,,,29.6
2018,PT,_L_KZ_150201_1B,KZAKM,KZAKM,1.7
2018,PT,_L_KZ_150201_1B,KZAKT,KZAKT,0.6
2018,PT,_L_KZ_150201_1B,KZALM,KZALM,20.8
2018,PT,_L_KZ_150201_1B,KZATY,KZATY,2.1
2018,PT,_L_KZ_150201_1B,KZZAP,KZZAP,-0.1
2018,PT,_L_KZ_150201_1B,KZZHA,KZZHA,-38.2
2018,PT,_L_KZ_150201_1B,KZKAR,KZKAR,0.1
2018,PT,_L_KZ_150201_1B,KZKUS,KZKUS,1.3
2018,PT,_L_KZ_150201_1B,KZKZY,KZKZY,15.7
2018,PT,_L_KZ_150201_1B,KZMAN,KZMAN,0.1
2018,PT,_L_KZ_150201_1B,KZPAV,KZPAV,3.2
2018,PT,_L_KZ_150201_1B,KZSEV,KZSEV,1.3
2018,PT,_L_KZ_150201_1B,KZYUZ,KZYUZ,15.2
2018,PT,_L_KZ_150201_1B,KZVOS,KZVOS,5.6
2018,TH_HA,AG_LND_FRSTPRCT,,,100.0
2018,TH_HA,AG_LND_FRSTPRCT,KZAKM,KZAKM,6.0
2018,TH_HA,AG_LND_FRSTPRCT,KZAKT,KZAKT,0.0
2018,TH_HA,AG_LND_FRSTPRCT,KZALM,KZALM,15.0
2018,TH_HA,AG_LND_FRSTPRCT,KZATY,KZATY,0.0
2018,TH_HA,AG_LND_FRSTPRCT,KZZAP,KZZAP,0.0
2018,TH_HA,AG_LND_FRSTPRCT,KZZHA,KZZHA,19.0
2018,TH_HA,AG_LND_FRSTPRCT,KZKAR,KZKAR,3.0
2018,TH_HA,AG_LND_FRSTPRCT,KZKUS,KZKUS,0.0
2018,TH_HA,AG_LND_FRSTPRCT,KZKZY,KZKZY,2.0
2018,TH_HA,AG_LND_FRSTPRCT,KZMAN,KZMAN,0.0
2018,TH_HA,AG_LND_FRSTPRCT,KZPAV,KZPAV,8.0
2018,TH_HA,AG_LND_FRSTPRCT,KZSEV,KZSEV,5.0
2018,TH_HA,AG_LND_FRSTPRCT,KZYUZ,KZYUZ,6.0
2018,TH_HA,AG_LND_FRSTPRCT,KZVOS,KZVOS,36.0
2018,TH_HA,AG_LND_FRSTMGT,,,12933.1
2018,TH_HA,AG_LND_FRSTMGT,KZAKM,KZAKM,383.8
2018,TH_HA,AG_LND_FRSTMGT,KZAKT,KZAKT,52.5
2018,TH_HA,AG_LND_FRSTMGT,KZALM,KZALM,1949.5
2018,TH_HA,AG_LND_FRSTMGT,KZATY,KZATY,18.7
2018,TH_HA,AG_LND_FRSTMGT,KZZAP,KZZAP,91.1
2018,TH_HA,AG_LND_FRSTMGT,KZZHA,KZZHA,2323.1
2018,TH_HA,AG_LND_FRSTMGT,KZKAR,KZKAR,153.6
2018,TH_HA,AG_LND_FRSTMGT,KZKUS,KZKUS,241.3
2018,TH_HA,AG_LND_FRSTMGT,KZKZY,KZKZY,3118.9
2018,TH_HA,AG_LND_FRSTMGT,KZMAN,KZMAN,125.2
2018,TH_HA,AG_LND_FRSTMGT,KZPAV,KZPAV,261.6
2018,TH_HA,AG_LND_FRSTMGT,KZSEV,KZSEV,538.5
2018,TH_HA,AG_LND_FRSTMGT,KZYUZ,KZYUZ,1654.4
2018,TH_HA,AG_LND_FRSTMGT,KZVOS,KZVOS,2020.9
2019,TH_HA,_L_KZ_150201_1A,,,13121.8
2019,TH_HA,_L_KZ_150201_1A,KZAKM,KZAKM,384.2
2019,TH_HA,_L_KZ_150201_1A,KZAKT,KZAKT,56.3
2019,TH_HA,_L_KZ_150201_1A,KZALM,KZALM,2104.2
2019,TH_HA,_L_KZ_150201_1A,KZATY,KZATY,18.7
2019,TH_HA,_L_KZ_150201_1A,KZZAP,KZZAP,91.2
2019,TH_HA,_L_KZ_150201_1A,KZZHA,KZZHA,2297.9
2019,TH_HA,_L_KZ_150201_1A,KZKAR,KZKAR,152.3
2019,TH_HA,_L_KZ_150201_1A,KZKUS,KZKUS,242.2
2019,TH_HA,_L_KZ_150201_1A,KZKZY,KZKZY,3146.7
2019,TH_HA,_L_KZ_150201_1A,KZMAN,KZMAN,125.4
2019,TH_HA,_L_KZ_150201_1A,KZPAV,KZPAV,267.5
2019,TH_HA,_L_KZ_150201_1A,KZSEV,KZSEV,540.4
2019,TH_HA,_L_KZ_150201_1A,KZYUZ,KZYUZ,1665.6
2019,TH_HA,_L_KZ_150201_1A,KZVOS,KZVOS,2029.1
2019,M_METER3,AG_LND_FRSTBIOM,,,435.8
2019,M_METER3,AG_LND_FRSTBIOM,KZAKM,KZAKM,46.0
2019,M_METER3,AG_LND_FRSTBIOM,KZAKT,KZAKT,1.2
2019,M_METER3,AG_LND_FRSTBIOM,KZALM,KZALM,51.9
2019,M_METER3,AG_LND_FRSTBIOM,KZATY,KZATY,0.4
2019,M_METER3,AG_LND_FRSTBIOM,KZZAP,KZZAP,7.9
2019,M_METER3,AG_LND_FRSTBIOM,KZZHA,KZZHA,3.7
2019,M_METER3,AG_LND_FRSTBIOM,KZKAR,KZKAR,5.7
2019,M_METER3,AG_LND_FRSTBIOM,KZKUS,KZKUS,17.7
2019,M_METER3,AG_LND_FRSTBIOM,KZKZY,KZKZY,6.5
2019,M_METER3,AG_LND_FRSTBIOM,KZMAN,KZMAN,0.1
2019,M_METER3,AG_LND_FRSTBIOM,KZPAV,KZPAV,28.0
2019,M_METER3,AG_LND_FRSTBIOM,KZSEV,KZSEV,51.0
2019,M_METER3,AG_LND_FRSTBIOM,KZYUZ,KZYUZ,3.4
2019,M_METER3,AG_LND_FRSTBIOM,KZVOS,KZVOS,212.3
2019,PT,_L_KZ_150201_1B,,,188.7
2019,PT,_L_KZ_150201_1B,KZAKM,KZAKM,0.4
2019,PT,_L_KZ_150201_1B,KZAKT,KZAKT,3.8
2019,PT,_L_KZ_150201_1B,KZALM,KZALM,154.7
2019,PT,_L_KZ_150201_1B,KZATY,KZATY,0.0
2019,PT,_L_KZ_150201_1B,KZZAP,KZZAP,0.1
2019,PT,_L_KZ_150201_1B,KZZHA,KZZHA,-25.2
2019,PT,_L_KZ_150201_1B,KZKAR,KZKAR,-1.3
2019,PT,_L_KZ_150201_1B,KZKUS,KZKUS,0.9
2019,PT,_L_KZ_150201_1B,KZKZY,KZKZY,27.8
2019,PT,_L_KZ_150201_1B,KZMAN,KZMAN,0.2
2019,PT,_L_KZ_150201_1B,KZPAV,KZPAV,5.9
2019,PT,_L_KZ_150201_1B,KZSEV,KZSEV,1.9
2019,PT,_L_KZ_150201_1B,KZYUZ,KZYUZ,11.2
2019,PT,_L_KZ_150201_1B,KZVOS,KZVOS,8.2
2019,TH_HA,AG_LND_FRSTPRCT,,,100.0
2019,TH_HA,AG_LND_FRSTPRCT,KZAKM,KZAKM,6.0
2019,TH_HA,AG_LND_FRSTPRCT,KZAKT,KZAKT,0.0
2019,TH_HA,AG_LND_FRSTPRCT,KZALM,KZALM,22.0
2019,TH_HA,AG_LND_FRSTPRCT,KZATY,KZATY,0.0
2019,TH_HA,AG_LND_FRSTPRCT,KZZAP,KZZAP,0.0
2019,TH_HA,AG_LND_FRSTPRCT,KZZHA,KZZHA,17.0
2019,TH_HA,AG_LND_FRSTPRCT,KZKAR,KZKAR,3.0
2019,TH_HA,AG_LND_FRSTPRCT,KZKUS,KZKUS,0.0
2019,TH_HA,AG_LND_FRSTPRCT,KZKZY,KZKZY,2.0
2019,TH_HA,AG_LND_FRSTPRCT,KZMAN,KZMAN,0.0
2019,TH_HA,AG_LND_FRSTPRCT,KZPAV,KZPAV,8.0
2019,TH_HA,AG_LND_FRSTPRCT,KZSEV,KZSEV,4.0
2019,TH_HA,AG_LND_FRSTPRCT,KZYUZ,KZYUZ,5.0
2019,TH_HA,AG_LND_FRSTPRCT,KZVOS,KZVOS,33.0
2019,TH_HA,AG_LND_FRSTMGT,,,13121.8
2019,TH_HA,AG_LND_FRSTMGT,KZAKM,KZAKM,384.2
2019,TH_HA,AG_LND_FRSTMGT,KZAKT,KZAKT,56.3
2019,TH_HA,AG_LND_FRSTMGT,KZALM,KZALM,2104.2
2019,TH_HA,AG_LND_FRSTMGT,KZATY,KZATY,18.7
2019,TH_HA,AG_LND_FRSTMGT,KZZAP,KZZAP,91.2
2019,TH_HA,AG_LND_FRSTMGT,KZZHA,KZZHA,2297.9
2019,TH_HA,AG_LND_FRSTMGT,KZKAR,KZKAR,152.3
2019,TH_HA,AG_LND_FRSTMGT,KZKUS,KZKUS,242.2
2019,TH_HA,AG_LND_FRSTMGT,KZKZY,KZKZY,3146.7
2019,TH_HA,AG_LND_FRSTMGT,KZMAN,KZMAN,125.4
2019,TH_HA,AG_LND_FRSTMGT,KZPAV,KZPAV,267.5
2019,TH_HA,AG_LND_FRSTMGT,KZSEV,KZSEV,540.4
2019,TH_HA,AG_LND_FRSTMGT,KZYUZ,KZYUZ,1665.6
2019,TH_HA,AG_LND_FRSTMGT,KZVOS,KZVOS,2029.1
2020,TH_HA,_L_KZ_150201_1A,,,13316.9
2020,TH_HA,_L_KZ_150201_1A,KZAKM,KZAKM,384.8
2020,TH_HA,_L_KZ_150201_1A,KZAKT,KZAKT,57.3
2020,TH_HA,_L_KZ_150201_1A,KZALM,KZALM,2005.9
2020,TH_HA,_L_KZ_150201_1A,KZATY,KZATY,18.7
2020,TH_HA,_L_KZ_150201_1A,KZZAP,KZZAP,89.7
2020,TH_HA,_L_KZ_150201_1A,KZZHA,KZZHA,2282.4
2020,TH_HA,_L_KZ_150201_1A,KZKAR,KZKAR,152.6
2020,TH_HA,_L_KZ_150201_1A,KZKUS,KZKUS,272.3
2020,TH_HA,_L_KZ_150201_1A,KZKZY,KZKZY,3540.5
2020,TH_HA,_L_KZ_150201_1A,KZMAN,KZMAN,125.5
2020,TH_HA,_L_KZ_150201_1A,KZPAV,KZPAV,270.6
2020,TH_HA,_L_KZ_150201_1A,KZSEV,KZSEV,542.7
2020,TH_HA,_L_KZ_150201_1A,KZYUZ,KZYUZ,1540.6
2020,TH_HA,_L_KZ_150201_1A,KZVOS,KZVOS,2033.4
2020,M_METER3,AG_LND_FRSTBIOM,,,446.3
2020,M_METER3,AG_LND_FRSTBIOM,KZAKM,KZAKM,47.1
2020,M_METER3,AG_LND_FRSTBIOM,KZAKT,KZAKT,1.2
2020,M_METER3,AG_LND_FRSTBIOM,KZALM,KZALM,52.8
2020,M_METER3,AG_LND_FRSTBIOM,KZATY,KZATY,0.4
2020,M_METER3,AG_LND_FRSTBIOM,KZZAP,KZZAP,8.0
2020,M_METER3,AG_LND_FRSTBIOM,KZZHA,KZZHA,3.9
2020,M_METER3,AG_LND_FRSTBIOM,KZKAR,KZKAR,5.8
2020,M_METER3,AG_LND_FRSTBIOM,KZKUS,KZKUS,20.8
2020,M_METER3,AG_LND_FRSTBIOM,KZKZY,KZKZY,7.9
2020,M_METER3,AG_LND_FRSTBIOM,KZMAN,KZMAN,0.1
2020,M_METER3,AG_LND_FRSTBIOM,KZPAV,KZPAV,28.6
2020,M_METER3,AG_LND_FRSTBIOM,KZSEV,KZSEV,51.7
2020,M_METER3,AG_LND_FRSTBIOM,KZYUZ,KZYUZ,2.9
2020,M_METER3,AG_LND_FRSTBIOM,KZVOS,KZVOS,215.1
2020,PT,_L_KZ_150201_1B,,,195.1
2020,PT,_L_KZ_150201_1B,KZAKM,KZAKM,0.6
2020,PT,_L_KZ_150201_1B,KZAKT,KZAKT,1.0
2020,PT,_L_KZ_150201_1B,KZALM,KZALM,-98.3
2020,PT,_L_KZ_150201_1B,KZATY,KZATY,0.0
2020,PT,_L_KZ_150201_1B,KZZAP,KZZAP,-1.5
2020,PT,_L_KZ_150201_1B,KZZHA,KZZHA,-15.5
2020,PT,_L_KZ_150201_1B,KZKAR,KZKAR,0.3
2020,PT,_L_KZ_150201_1B,KZKUS,KZKUS,30.1
2020,PT,_L_KZ_150201_1B,KZKZY,KZKZY,393.8
2020,PT,_L_KZ_150201_1B,KZMAN,KZMAN,0.1
2020,PT,_L_KZ_150201_1B,KZPAV,KZPAV,3.1
2020,PT,_L_KZ_150201_1B,KZSEV,KZSEV,2.3
2020,PT,_L_KZ_150201_1B,KZYUZ,KZYUZ,-125.0
2020,PT,_L_KZ_150201_1B,KZVOS,KZVOS,4.3
2020,TH_HA,AG_LND_FRSTPRCT,,,100.0
2020,TH_HA,AG_LND_FRSTPRCT,KZAKM,KZAKM,3.3
2020,TH_HA,AG_LND_FRSTPRCT,KZAKT,KZAKT,0.1
2020,TH_HA,AG_LND_FRSTPRCT,KZALM,KZALM,12.9
2020,TH_HA,AG_LND_FRSTPRCT,KZATY,KZATY,0.0
2020,TH_HA,AG_LND_FRSTPRCT,KZZAP,KZZAP,0.0
2020,TH_HA,AG_LND_FRSTPRCT,KZZHA,KZZHA,10.0
2020,TH_HA,AG_LND_FRSTPRCT,KZKAR,KZKAR,1.7
2020,TH_HA,AG_LND_FRSTPRCT,KZKUS,KZKUS,0.7
2020,TH_HA,AG_LND_FRSTPRCT,KZKZY,KZKZY,18.8
2020,TH_HA,AG_LND_FRSTPRCT,KZMAN,KZMAN,0.0
2020,TH_HA,AG_LND_FRSTPRCT,KZPAV,KZPAV,4.6
2020,TH_HA,AG_LND_FRSTPRCT,KZSEV,KZSEV,2.6
2020,TH_HA,AG_LND_FRSTPRCT,KZYUZ,KZYUZ,25.9
2020,TH_HA,AG_LND_FRSTPRCT,KZVOS,KZVOS,19.4
2021,TH_HA,_L_KZ_150201_1A,,,13635.3
