Year,UNIT_MEASURE,REF_AREA,GeoCode,Value
2010,PT,,,19.7
2010,PT,KZAKM,KZAKM,8.8
2010,PT,KZALM,KZALM,32.8
2010,PT,KZZHA,KZZHA,4.1
2010,PT,KZKAR,KZKAR,29.7
2010,PT,KZPAV,KZPAV,14.3
2010,PT,KZSEV,KZSEV,1.6
2010,PT,KZYUZ,KZYUZ,11.0
2010,PT,KZVOS,KZVOS,82.2
2011,PT,,,19.6
2011,PT,KZAKM,KZAKM,8.4
2011,PT,KZALM,KZALM,32.6
2011,PT,KZZHA,KZZHA,4.1
2011,PT,KZKAR,KZKAR,28.7
2011,PT,KZPAV,KZPAV,14.3
2011,PT,KZSEV,KZSEV,1.6
2011,PT,KZYUZ,KZYUZ,11.0
2011,PT,KZVOS,KZVOS,82.2
2012,PT,,,19.7
2012,PT,KZAKM,KZAKM,7.2
2012,PT,KZALM,KZALM,32.6
2012,PT,KZZHA,KZZHA,4.1
2012,PT,KZKAR,KZKAR,25.2
2012,PT,KZPAV,KZPAV,14.3
2012,PT,KZSEV,KZSEV,1.6
2012,PT,KZYUZ,KZYUZ,12.6
2012,PT,KZVOS,KZVOS,82.1
2013,PT,,,19.4
2013,PT,KZAKM,KZAKM,7.2
2013,PT,KZALM,KZALM,32.6
2013,PT,KZZHA,KZZHA,4.1
2013,PT,KZKAR,KZKAR,25.2
2013,PT,KZPAV,KZPAV,14.3
2013,PT,KZSEV,KZSEV,1.6
2013,PT,KZYUZ,KZYUZ,9.7
2013,PT,KZVOS,KZVOS,82.1
2014,PT,,,19.4
2014,PT,KZAKM,KZAKM,7.1
2014,PT,KZALM,KZALM,32.6
2014,PT,KZZHA,KZZHA,4.1
2014,PT,KZKAR,KZKAR,25.2
2014,PT,KZPAV,KZPAV,14.3
2014,PT,KZSEV,KZSEV,1.6
2014,PT,KZYUZ,KZYUZ,12.6
2014,PT,KZVOS,KZVOS,82.2
2015,PT,,,19.4
2015,PT,KZAKM,KZAKM,7.0
2015,PT,KZALM,KZALM,32.6
2015,PT,KZZHA,KZZHA,4.1
2015,PT,KZKAR,KZKAR,25.0
2015,PT,KZPAV,KZPAV,14.3
2015,PT,KZSEV,KZSEV,1.6
2015,PT,KZYUZ,KZYUZ,12.6
2015,PT,KZVOS,KZVOS,82.2
2016,PT,,,193.0
2016,PT,KZAKM,KZAKM,7.0
2016,PT,KZALM,KZALM,32.0
2016,PT,KZZHA,KZZHA,4.1
2016,PT,KZKAR,KZKAR,25.0
2016,PT,KZPAV,KZPAV,14.3
2016,PT,KZSEV,KZSEV,1.6
2016,PT,KZYUZ,KZYUZ,12.6
2016,PT,KZVOS,KZVOS,82.2
2017,PT,,,19.1
2017,PT,KZAKM,KZAKM,9.4
2017,PT,KZALM,KZALM,32.0
2017,PT,KZZHA,KZZHA,4.9
2017,PT,KZKAR,KZKAR,29.1
2017,PT,KZPAV,KZPAV,14.3
2017,PT,KZSEV,KZSEV,1.6
2017,PT,KZYUZ,KZYUZ,12.6
2017,PT,KZVOS,KZVOS,80.6
2018,PT,,,19.8
2018,PT,KZAKM,KZAKM,9.4
2018,PT,KZALM,KZALM,31.5
2018,PT,KZZHA,KZZHA,4.9
2018,PT,KZKAR,KZKAR,29.1
2018,PT,KZPAV,KZPAV,14.3
2018,PT,KZSEV,KZSEV,1.6
2018,PT,KZYUZ,KZYUZ,12.6
2018,PT,KZVOS,KZVOS,81.4
2019,PT,,,20.0
2019,PT,KZAKM,KZAKM,9.4
2019,PT,KZALM,KZALM,31.5
2019,PT,KZZHA,KZZHA,7.3
2019,PT,KZKAR,KZKAR,29.1
2019,PT,KZPAV,KZPAV,14.3
2019,PT,KZSEV,KZSEV,1.6
2019,PT,KZYUZ,KZYUZ,12.6
2019,PT,KZVOS,KZVOS,82.7
2020,PT,,,19.5
2020,PT,KZAKM,KZAKM,6.6
2020,PT,KZALM,KZALM,33.3
2020,PT,KZZHA,KZZHA,7.3
2020,PT,KZKAR,KZKAR,29.1
2020,PT,KZPAV,KZPAV,14.3
2020,PT,KZSEV,KZSEV,1.6
2020,PT,KZYUZ,KZYUZ,8.4
2020,PT,KZVOS,KZVOS,81.5
2021,PT,,,18.2
2021,PT,KZAKM,KZAKM,9.4
2021,PT,KZALM,KZALM,31.9
2021,PT,KZZHA,KZZHA,5.0
2021,PT,KZKAR,KZKAR,25.2
2021,PT,KZPAV,KZPAV,14.3
2021,PT,KZSEV,KZSEV,1.6
2021,PT,KZYUZ,KZYUZ,6.2
2021,PT,KZVOS,KZVOS,81.5
2022,PT,,,24.3
2022,PT,KZAKM,KZAKM,9.4
2022,PT,KZALM,KZALM,26.7
2022,PT,KZZHA,KZZHA,7.1
2022,PT,KZKAR,KZKAR,28.9
2022,PT,KZPAV,KZPAV,14.3
2022,PT,KZSEV,KZSEV,1.6
2022,PT,KZYUZ,KZYUZ,6.2
2022,PT,KZVOS,KZVOS,99.9
2023,PT,,,26.5
2023,PT,KZAKM,KZAKM,9.5
2023,PT,KZALM,KZALM,26.8
2023,PT,KZZHA,KZZHA,7.3
2023,PT,KZKAR,KZKAR,28.9
2023,PT,KZPAV,KZPAV,14.3
2023,PT,KZSEV,KZSEV,1.6
2023,PT,KZYUZ,KZYUZ,12.4
2023,PT,KZVOS,KZVOS,99.9
2023,PT,KZABY,KZABY,16.6
2023,PT,KZZHS,KZZHS,43.5
2023,PT,KZULU,KZULU,30.7
