Year,UNIT_MEASURE,REF_AREA,GeoCode,Value
2010,TH_HA,,,5640.9
2010,TH_HA,KZAKM,KZAKM,86.6
2010,TH_HA,KZALM,KZALM,1701.6
2010,TH_HA,KZZHA,KZZHA,182.6
2010,TH_HA,KZKAR,KZKAR,175.7
2010,TH_HA,KZPAV,KZPAV,68.5
2010,TH_HA,KZSEV,KZSEV,11.1
2010,TH_HA,KZYUZ,KZYUZ,379.6
2010,TH_HA,KZVOS,KZVOS,3035.2
2011,TH_HA,,,5646.8
2011,TH_HA,KZAKM,KZAKM,86.6
2011,TH_HA,KZALM,KZALM,1707.4
2011,TH_HA,KZZHA,KZZHA,182.6
2011,TH_HA,KZKAR,KZKAR,175.7
2011,TH_HA,KZPAV,KZPAV,68.5
2011,TH_HA,KZSEV,KZSEV,11.1
2011,TH_HA,KZYUZ,KZYUZ,379.6
2011,TH_HA,KZVOS,KZVOS,3034.9
2012,TH_HA,,,5663.6
2012,TH_HA,KZAKM,KZAKM,74.5
2012,TH_HA,KZALM,KZALM,1707.5
2012,TH_HA,KZZHA,KZZHA,182.6
2012,TH_HA,KZKAR,KZKAR,153.8
2012,TH_HA,KZPAV,KZPAV,68.5
2012,TH_HA,KZSEV,KZSEV,11.1
2012,TH_HA,KZYUZ,KZYUZ,431.8
2012,TH_HA,KZVOS,KZVOS,3033.7
2013,TH_HA,,,5669.2
2013,TH_HA,KZAKM,KZAKM,74.5
2013,TH_HA,KZALM,KZALM,1707.5
2013,TH_HA,KZZHA,KZZHA,182.6
2013,TH_HA,KZKAR,KZKAR,153.8
2013,TH_HA,KZPAV,KZPAV,68.5
2013,TH_HA,KZSEV,KZSEV,11.1
2013,TH_HA,KZYUZ,KZYUZ,431.8
2013,TH_HA,KZVOS,KZVOS,3039.4
2014,TH_HA,,,5674.5
2014,TH_HA,KZAKM,KZAKM,74.5
2014,TH_HA,KZALM,KZALM,1706.5
2014,TH_HA,KZZHA,KZZHA,182.6
2014,TH_HA,KZKAR,KZKAR,153.8
2014,TH_HA,KZPAV,KZPAV,68.5
2014,TH_HA,KZSEV,KZSEV,11.1
2014,TH_HA,KZYUZ,KZYUZ,431.8
2014,TH_HA,KZVOS,KZVOS,3045.6
2015,TH_HA,,,5675.0
2015,TH_HA,KZAKM,KZAKM,74.5
2015,TH_HA,KZALM,KZALM,1707.1
2015,TH_HA,KZZHA,KZZHA,182.6
2015,TH_HA,KZKAR,KZKAR,153.8
2015,TH_HA,KZPAV,KZPAV,68.5
2015,TH_HA,KZSEV,KZSEV,11.1
2015,TH_HA,KZYUZ,KZYUZ,431.8
2015,TH_HA,KZVOS,KZVOS,3045.6
2016,TH_HA,,,5675.2
2016,TH_HA,KZAKM,KZAKM,74.5
2016,TH_HA,KZALM,KZALM,1707.3
2016,TH_HA,KZZHA,KZZHA,182.6
2016,TH_HA,KZKAR,KZKAR,153.8
2016,TH_HA,KZPAV,KZPAV,68.5
2016,TH_HA,KZSEV,KZSEV,11.1
2016,TH_HA,KZYUZ,KZYUZ,431.8
2016,TH_HA,KZVOS,KZVOS,3045.6
2017,TH_HA,,,5699.2
2017,TH_HA,KZAKM,KZAKM,99.8
2017,TH_HA,KZALM,KZALM,1707.3
2017,TH_HA,KZZHA,KZZHA,215.8
2017,TH_HA,KZKAR,KZKAR,179.2
2017,TH_HA,KZPAV,KZPAV,68.5
2017,TH_HA,KZSEV,KZSEV,11.1
2017,TH_HA,KZYUZ,KZYUZ,431.8
2017,TH_HA,KZVOS,KZVOS,2985.8
2018,TH_HA,,,5841.6
2018,TH_HA,KZAKM,KZAKM,99.8
2018,TH_HA,KZALM,KZALM,1706.1
2018,TH_HA,KZZHA,KZZHA,215.8
2018,TH_HA,KZKAR,KZKAR,179.2
2018,TH_HA,KZPAV,KZPAV,68.5
2018,TH_HA,KZSEV,KZSEV,11.1
2018,TH_HA,KZYUZ,KZYUZ,431.8
2018,TH_HA,KZVOS,KZVOS,3129.3
2019,TH_HA,,,5999.6
2019,TH_HA,KZAKM,KZAKM,99.8
2019,TH_HA,KZALM,KZALM,1705.9
2019,TH_HA,KZZHA,KZZHA,324.9
2019,TH_HA,KZKAR,KZKAR,179.2
2019,TH_HA,KZPAV,KZPAV,68.5
2019,TH_HA,KZSEV,KZSEV,11.1
2019,TH_HA,KZYUZ,KZYUZ,431.8
2019,TH_HA,KZVOS,KZVOS,3178.4
2020,TH_HA,,,5872.2
2020,TH_HA,KZAKM,KZAKM,70.2
2020,TH_HA,KZALM,KZALM,1799.9
2020,TH_HA,KZZHA,KZZHA,324.9
2020,TH_HA,KZKAR,KZKAR,179.1
2020,TH_HA,KZPAV,KZPAV,68.5
2020,TH_HA,KZSEV,KZSEV,11.1
2020,TH_HA,KZYUZ,KZYUZ,287.8
2020,TH_HA,KZVOS,KZVOS,3130.6
2021,TH_HA,,,5628.7
2021,TH_HA,KZAKM,KZAKM,99.8
2021,TH_HA,KZALM,KZALM,1728.2
2021,TH_HA,KZZHA,KZZHA,221.9
2021,TH_HA,KZKAR,KZKAR,154.9
2021,TH_HA,KZPAV,KZPAV,68.5
2021,TH_HA,KZSEV,KZSEV,11.1
2021,TH_HA,KZYUZ,KZYUZ,213.6
2021,TH_HA,KZVOS,KZVOS,3130.7
2022,TH_HA,,,5693.5
2022,TH_HA,KZAKM,KZAKM,99.4
2022,TH_HA,KZALM,KZALM,863.4
2022,TH_HA,KZZHA,KZZHA,314.2
2022,TH_HA,KZKAR,KZKAR,154.9
2022,TH_HA,KZPAV,KZPAV,68.5
2022,TH_HA,KZSEV,KZSEV,11.1
2022,TH_HA,KZYUZ,KZYUZ,214.3
2022,TH_HA,KZVOS,KZVOS,2987.1
2022,TH_HA,KZABY,KZABY,0.0
2022,TH_HA,KZZHS,KZZHS,956.3
2022,TH_HA,KZULU,KZULU,24.3
2023,TH_HA,,,6070.9
2023,TH_HA,KZAKM,KZAKM,100.7
2023,TH_HA,KZALM,KZALM,868.8
2023,TH_HA,KZZHA,KZZHA,324.9
2023,TH_HA,KZKAR,KZKAR,154.9
2023,TH_HA,KZPAV,KZPAV,68.5
2023,TH_HA,KZSEV,KZSEV,11.1
2023,TH_HA,KZYUZ,KZYUZ,431.7
2023,TH_HA,KZVOS,KZVOS,2987.3
2023,TH_HA,KZABY,KZABY,141.5
2023,TH_HA,KZZHS,KZZHS,956.3
2023,TH_HA,KZULU,KZULU,25.2
