Year,UNIT_MEASURE,REF_AREA,GeoCode,Value
2013,PT,,,1.0
2014,PT,,,1.7
2015,PT,,,0.4
2016,PT,,,-3.8
2017,PT,,,0.5
2018,PT,,,-0.6
2019,PT,,,-1.4
2020,PT,,,-1.3
2021,PT,,,0.7
2022,PT,,,-0.7
2023,PT,,,0.3
2021,PT,,,1.32
2014,M_USD,,,1.5
2015,M_USD,,,0.85
2016,M_USD,,,1.32
2017,M_USD,,,1.22
2018,M_USD,,,0.77
2019,M_USD,,,1.5
2020,M_USD,,,0.85
2021,M_USD,,,1.32
2014,M_USD,KZAKM,KZAKM,-13.19906
2015,M_USD,KZAKM,KZAKM,15.626779999999997
2016,M_USD,KZAKM,KZAKM,253.38455
2017,M_USD,KZAKM,KZAKM,74.99448000000002
2014,M_USD,KZAKT,KZAKT,1418.9309
2015,M_USD,KZAKT,KZAKT,367.97854
2016,M_USD,KZAKT,KZAKT,1200.97734
2017,M_USD,KZAKT,KZAKT,1997.88333
2014,M_USD,KZALM,KZALM,235.3059
2015,M_USD,KZALM,KZALM,131.19776000000002
2016,M_USD,KZALM,KZALM,99.92902
2017,M_USD,KZALM,KZALM,175.53900000000004
2014,M_USD,KZATY,KZATY,9135.67141357933
2015,M_USD,KZATY,KZATY,6820.981067740854
2016,M_USD,KZATY,KZATY,8581.573300303999
2017,M_USD,KZATY,KZATY,7668.545003758431
2014,M_USD,KZZAP,KZZAP,1628.1023699999996
2015,M_USD,KZZAP,KZZAP,1396.7453
2016,M_USD,KZZAP,KZZAP,1356.78257
2017,M_USD,KZZAP,KZZAP,1201.6102
2014,M_USD,KZZHA,KZZHA,94.37473
2015,M_USD,KZZHA,KZZHA,-30.900720000000003
2016,M_USD,KZZHA,KZZHA,149.599
2017,M_USD,KZZHA,KZZHA,85.52842999999999
2014,M_USD,KZKAR,KZKAR,71.12025000000003
2015,M_USD,KZKAR,KZKAR,31.702079999999995
2016,M_USD,KZKAR,KZKAR,304.23569
2017,M_USD,KZKAR,KZKAR,461.7872
2014,M_USD,KZKUS,KZKUS,335.15974
2015,M_USD,KZKUS,KZKUS,14.408630000000016
2016,M_USD,KZKUS,KZKUS,358.09765000000016
2017,M_USD,KZKUS,KZKUS,-120.26878000000002
2014,M_USD,KZKZY,KZKZY,359.04341999999986
2015,M_USD,KZKZY,KZKZY,169.21308
2016,M_USD,KZKZY,KZKZY,206.78115
2017,M_USD,KZKZY,KZKZY,99.29908
2014,M_USD,KZMAN,KZMAN,1609.3645399999998
2015,M_USD,KZMAN,KZMAN,227.04216
2016,M_USD,KZMAN,KZMAN,450.22523
2017,M_USD,KZMAN,KZMAN,623.1418600000002
2014,M_USD,KZPAV,KZPAV,346.91643
2015,M_USD,KZPAV,KZPAV,792.7140300000003
2016,M_USD,KZPAV,KZPAV,472.41042
2017,M_USD,KZPAV,KZPAV,593.76484
2014,M_USD,KZSEV,KZSEV,6.7222100000000005
2015,M_USD,KZSEV,KZSEV,-13.48079
2016,M_USD,KZSEV,KZSEV,2.53991
2017,M_USD,KZSEV,KZSEV,18.011789999999994
2014,M_USD,KZYUZ,KZYUZ,128.76013
2015,M_USD,KZYUZ,KZYUZ,170.42156
2016,M_USD,KZYUZ,KZYUZ,207.98848
2017,M_USD,KZYUZ,KZYUZ,151.40365999999997
2014,M_USD,KZVOS,KZVOS,2638.50016
2015,M_USD,KZVOS,KZVOS,1796.1106
2016,M_USD,KZVOS,KZVOS,2458.5033
2017,M_USD,KZVOS,KZVOS,2927.62632
2014,M_USD,KZNS,KZNS,676.06448
2015,M_USD,KZNS,KZNS,424.00141
2016,M_USD,KZNS,KZNS,208.08627
2017,M_USD,KZNS,KZNS,583.74077
2014,M_USD,KZALA,KZALA,4949.19033069387
2015,M_USD,KZALA,KZALA,2742.53180193814
2016,M_USD,KZALA,KZALA,4671.06978765747
2017,M_USD,KZALA,KZALA,4015.9699250211615
2014,M_USD,KZSHY,KZSHY,105.5049
2015,M_USD,KZSHY,KZSHY,113.20858999999996
2016,M_USD,KZSHY,KZSHY,64.22973999999999
2017,M_USD,KZSHY,KZSHY,340.9084200000001
