Year,UNIT_MEASURE,SERIES,AGE,URBANISATION,SEX,REF_AREA,GeoCode,Value
2010,PT,_L_KZ_DD_MSD,,,,,,13.1
2010,PT,_L_KZ_DD_MSD,,,M,,,13.2
2010,PT,_L_KZ_DD_MSD,,,F,,,13.0
2010,PT,_L_KZ_DD_MSD,,U,,,,12.8
2010,PT,_L_KZ_DD_MSD,,R,,,,13.4
2010,PT,_L_KZ_DD_MSD,,,,KZAKM,KZAKM,8.1
2010,PT,_L_KZ_DD_MSD,,,,KZAKT,KZAKT,36.2
2010,PT,_L_KZ_DD_MSD,,,,KZALM,KZALM,10.8
2010,PT,_L_KZ_DD_MSD,,,,KZATY,KZATY,18.4
2010,PT,_L_KZ_DD_MSD,,,,KZZAP,KZZAP,9.8
2010,PT,_L_KZ_DD_MSD,,,,KZZHA,KZZHA,16.2
2010,PT,_L_KZ_DD_MSD,,,,KZKAR,KZKAR,4.8
2010,PT,_L_KZ_DD_MSD,,,,KZKUS,KZKUS,12.7
2010,PT,_L_KZ_DD_MSD,,,,KZKZY,KZKZY,7.1
2010,PT,_L_KZ_DD_MSD,,,,KZMAN,KZMAN,10.2
2010,PT,_L_KZ_DD_MSD,,,,KZONT,KZONT,12.1
2010,PT,_L_KZ_DD_MSD,,,,KZPAV,KZPAV,8.9
2010,PT,_L_KZ_DD_MSD,,,,KZSEV,KZSEV,10.6
2010,PT,_L_KZ_DD_MSD,,,,KZVOS,KZVOS,16.6
2010,PT,_L_KZ_DD_MSD,,,,KZNS,KZNS,19.7
2010,PT,_L_KZ_DD_MSD,,,,KZALA,KZALA,17.1
2010,PT,_L_KZ_DD_MSD,M0T5,,,,,10.7
2010,PT,_L_KZ_DD_MSD,M6T11,,,,,13.8
2010,PT,_L_KZ_DD_MSD,M12T23,,,,,18.6
2010,PT,_L_KZ_DD_MSD,M24T35,,,,,14.4
2010,PT,_L_KZ_DD_MSD,M36T47,,,,,11.6
2010,PT,_L_KZ_DD_MSD,M48T59,,,,,8.1
2010,PT,_L_KZ_DD_SDD,,,,,,5.4
2010,PT,_L_KZ_DD_SDD,,,M,,,5.5
2010,PT,_L_KZ_DD_SDD,,,F,,,5.3
2010,PT,_L_KZ_DD_SDD,,U,,,,5.7
2010,PT,_L_KZ_DD_SDD,,R,,,,5.1
2010,PT,_L_KZ_DD_SDD,,,,KZAKM,KZAKM,2.8
2010,PT,_L_KZ_DD_SDD,,,,KZAKT,KZAKT,19.7
2010,PT,_L_KZ_DD_SDD,,,,KZALM,KZALM,4.2
2010,PT,_L_KZ_DD_SDD,,,,KZATY,KZATY,11.1
2010,PT,_L_KZ_DD_SDD,,,,KZZAP,KZZAP,1.1
2010,PT,_L_KZ_DD_SDD,,,,KZZHA,KZZHA,3.7
2010,PT,_L_KZ_DD_SDD,,,,KZKAR,KZKAR,1.5
2010,PT,_L_KZ_DD_SDD,,,,KZKUS,KZKUS,5.0
2010,PT,_L_KZ_DD_SDD,,,,KZKZY,KZKZY,1.8
2010,PT,_L_KZ_DD_SDD,,,,KZMAN,KZMAN,4.2
2010,PT,_L_KZ_DD_SDD,,,,KZONT,KZONT,5.8
2010,PT,_L_KZ_DD_SDD,,,,KZPAV,KZPAV,2.5
2010,PT,_L_KZ_DD_SDD,,,,KZSEV,KZSEV,2.3
2010,PT,_L_KZ_DD_SDD,,,,KZVOS,KZVOS,7.2
2010,PT,_L_KZ_DD_SDD,,,,KZNS,KZNS,10.1
2010,PT,_L_KZ_DD_SDD,,,,KZALA,KZALA,7.1
2010,PT,_L_KZ_DD_SDD,M0T5,,,,,3.7
2010,PT,_L_KZ_DD_SDD,M6T11,,,,,6.6
2010,PT,_L_KZ_DD_SDD,M12T23,,,,,8.1
2010,PT,_L_KZ_DD_SDD,M24T35,,,,,6.5
2010,PT,_L_KZ_DD_SDD,M36T47,,,,,5.3
2010,PT,_L_KZ_DD_SDD,M48T59,,,,,1.7
2015,PT,_L_KZ_DD_MSD,,,,,,8.0
2015,PT,_L_KZ_DD_MSD,,,M,,,7.7
2015,PT,_L_KZ_DD_MSD,,,F,,,8.3
2015,PT,_L_KZ_DD_MSD,,U,,,,7.2
2015,PT,_L_KZ_DD_MSD,,R,,,,8.9
2015,PT,_L_KZ_DD_MSD,,,,KZAKM,KZAKM,2.9
2015,PT,_L_KZ_DD_MSD,,,,KZAKT,KZAKT,6.6
2015,PT,_L_KZ_DD_MSD,,,,KZALM,KZALM,8.1
2015,PT,_L_KZ_DD_MSD,,,,KZATY,KZATY,11.8
2015,PT,_L_KZ_DD_MSD,,,,KZZAP,KZZAP,7.4
2015,PT,_L_KZ_DD_MSD,,,,KZZHA,KZZHA,6.9
2015,PT,_L_KZ_DD_MSD,,,,KZKAR,KZKAR,5.4
2015,PT,_L_KZ_DD_MSD,,,,KZKUS,KZKUS,11.4
2015,PT,_L_KZ_DD_MSD,,,,KZKZY,KZKZY,10.0
2015,PT,_L_KZ_DD_MSD,,,,KZMAN,KZMAN,4.5
2015,PT,_L_KZ_DD_MSD,,,,KZONT,KZONT,11.4
2015,PT,_L_KZ_DD_MSD,,,,KZPAV,KZPAV,5.5
2015,PT,_L_KZ_DD_MSD,,,,KZSEV,KZSEV,2.3
2015,PT,_L_KZ_DD_MSD,,,,KZVOS,KZVOS,7.2
2015,PT,_L_KZ_DD_MSD,,,,KZNS,KZNS,7.1
2015,PT,_L_KZ_DD_MSD,,,,KZALA,KZALA,6.3
2015,PT,_L_KZ_DD_MSD,M0T5,,,,,5.0
2015,PT,_L_KZ_DD_MSD,M6T11,,,,,5.8
2015,PT,_L_KZ_DD_MSD,M12T17,,,,,6.8
2015,PT,_L_KZ_DD_MSD,M18T23,,,,,11.0
2015,PT,_L_KZ_DD_MSD,M24T35,,,,,11.5
2015,PT,_L_KZ_DD_MSD,M36T47,,,,,8.4
2015,PT,_L_KZ_DD_MSD,M48T59,,,,,6.0
2015,PT,_L_KZ_DD_SDD,,,,,,2.4
2015,PT,_L_KZ_DD_SDD,,,M,,,2.3
2015,PT,_L_KZ_DD_SDD,,,F,,,2.6
2015,PT,_L_KZ_DD_SDD,,U,,,,2.3
2015,PT,_L_KZ_DD_SDD,,R,,,,2.5
2015,PT,_L_KZ_DD_SDD,,,,KZAKM,KZAKM,0.1
2015,PT,_L_KZ_DD_SDD,,,,KZAKT,KZAKT,4.1
2015,PT,_L_KZ_DD_SDD,,,,KZALM,KZALM,2.3
2015,PT,_L_KZ_DD_SDD,,,,KZATY,KZATY,4.2
2015,PT,_L_KZ_DD_SDD,,,,KZZAP,KZZAP,2.5
2015,PT,_L_KZ_DD_SDD,,,,KZZHA,KZZHA,2.5
2015,PT,_L_KZ_DD_SDD,,,,KZKAR,KZKAR,0.0
2015,PT,_L_KZ_DD_SDD,,,,KZKUS,KZKUS,3.3
2015,PT,_L_KZ_DD_SDD,,,,KZKZY,KZKZY,3.3
2015,PT,_L_KZ_DD_SDD,,,,KZMAN,KZMAN,2.0
2015,PT,_L_KZ_DD_SDD,,,,KZONT,KZONT,2.4
2015,PT,_L_KZ_DD_SDD,,,,KZPAV,KZPAV,1.6
2015,PT,_L_KZ_DD_SDD,,,,KZSEV,KZSEV,0.0
2015,PT,_L_KZ_DD_SDD,,,,KZVOS,KZVOS,2.2
2015,PT,_L_KZ_DD_SDD,,,,KZNS,KZNS,3.5
2015,PT,_L_KZ_DD_SDD,,,,KZALA,KZALA,2.7
2015,PT,_L_KZ_DD_SDD,M0T5,,,,,1.9
2015,PT,_L_KZ_DD_SDD,M6T11,,,,,1.6
2015,PT,_L_KZ_DD_SDD,M12T17,,,,,3.2
2015,PT,_L_KZ_DD_SDD,M18T23,,,,,5.0
2015,PT,_L_KZ_DD_SDD,M24T35,,,,,3.0
2015,PT,_L_KZ_DD_SDD,M36T47,,,,,2.0
2015,PT,_L_KZ_DD_SDD,M48T59,,,,,1.4
