Year,UNIT_MEASURE,URBANISATION,REF_AREA,Unnamed: 5,Unnamed: 6,Unnamed: 7,Unnamed: 8,GeoCode,Value
2010,PT,,,,,,,,99.4
2010,PT,,KZAKM,,,,,KZAKM,99.7
2010,PT,,KZAKT,,,,,KZAKT,99.7
2010,PT,,KZALM,,,,,KZALM,99.8
2010,PT,,KZATY,,,,,KZATY,99.5
2010,PT,,KZZAP,,,,,KZZAP,99.4
2010,PT,,KZZHA,,,,,KZZHA,99.3
2010,PT,,KZKAR,,,,,KZKAR,99.5
2010,PT,,KZKUS,,,,,KZKUS,99.3
2010,PT,,KZKZY,,,,,KZKZY,99.7
2010,PT,,KZMAN,,,,,KZMAN,99.5
2010,PT,,KZONT,,,,,KZONT,98.8
2010,PT,,KZPAV,,,,,KZPAV,99.6
2010,PT,,KZSEV,,,,,KZSEV,99.5
2010,PT,,KZVOS,,,,,KZVOS,99.2
2010,PT,,KZNS,,,,,KZNS,99.3
2010,PT,,KZALA,,,,,KZALA,99.7
2010,PT,U,,,,,,,99.8
2010,PT,U,KZAKM,,,,,KZAKM,100.0
2010,PT,U,KZAKT,,,,,KZAKT,100.0
2010,PT,U,KZALM,,,,,KZALM,100.0
2010,PT,U,KZATY,,,,,KZATY,100.0
2010,PT,U,KZZAP,,,,,KZZAP,99.7
2010,PT,U,KZZHA,,,,,KZZHA,99.7
2010,PT,U,KZKAR,,,,,KZKAR,99.8
2010,PT,U,KZKUS,,,,,KZKUS,99.6
2010,PT,U,KZKZY,,,,,KZKZY,100.0
2010,PT,U,KZMAN,,,,,KZMAN,99.8
2010,PT,U,KZONT,,,,,KZONT,99.6
2010,PT,U,KZPAV,,,,,KZPAV,99.9
2010,PT,U,KZSEV,,,,,KZSEV,99.8
2010,PT,U,KZVOS,,,,,KZVOS,99.8
2010,PT,U,KZNS,,,,,KZNS,99.7
2010,PT,U,KZALA,,,,,KZALA,100.0
2010,PT,R,,,,,,,99.7
2010,PT,R,KZAKM,,,,,KZAKM,99.9
2010,PT,R,KZAKT,,,,,KZAKT,99.9
2010,PT,R,KZALM,,,,,KZALM,100.0
2010,PT,R,KZATY,,,,,KZATY,99.7
2010,PT,R,KZZAP,,,,,KZZAP,99.8
2010,PT,R,KZZHA,,,,,KZZHA,99.6
2010,PT,R,KZKAR,,,,,KZKAR,99.4
2010,PT,R,KZKUS,,,,,KZKUS,99.9
2010,PT,R,KZKZY,,,,,KZKZY,99.8
2010,PT,R,KZMAN,,,,,KZMAN,100.0
2010,PT,R,KZONT,,,,,KZONT,99.6
2010,PT,R,KZPAV,,,,,KZPAV,99.9
2010,PT,R,KZSEV,,,,,KZSEV,99.9
2010,PT,R,KZVOS,,,,,KZVOS,99.1
2011,PT,,,,,,,,99.9
2011,PT,,KZAKM,,,,,KZAKM,99.9
2011,PT,,KZAKT,,,,,KZAKT,100.0
2011,PT,,KZALM,,,,,KZALM,100.0
2011,PT,,KZATY,,,,,KZATY,100.0
2011,PT,,KZZAP,,,,,KZZAP,99.9
2011,PT,,KZZHA,,,,,KZZHA,99.8
2011,PT,,KZKAR,,,,,KZKAR,99.8
2011,PT,,KZKUS,,,,,KZKUS,99.9
2011,PT,,KZKZY,,,,,KZKZY,99.9
2011,PT,,KZMAN,,,,,KZMAN,99.8
2011,PT,,KZONT,,,,,KZONT,99.8
2011,PT,,KZPAV,,,,,KZPAV,99.8
2011,PT,,KZSEV,,,,,KZSEV,99.9
2011,PT,,KZVOS,,,,,KZVOS,99.8
2011,PT,,KZNS,,,,,KZNS,99.6
2011,PT,,KZALA,,,,,KZALA,99.9
2011,PT,U,,,,,,,99.9
2011,PT,U,KZAKM,,,,,KZAKM,100.0
2011,PT,U,KZAKT,,,,,KZAKT,100.0
2011,PT,U,KZALM,,,,,KZALM,100.0
2011,PT,U,KZATY,,,,,KZATY,100.0
2011,PT,U,KZZAP,,,,,KZZAP,99.9
2011,PT,U,KZZHA,,,,,KZZHA,100.0
2011,PT,U,KZKAR,,,,,KZKAR,99.9
2011,PT,U,KZKUS,,,,,KZKUS,99.9
2011,PT,U,KZKZY,,,,,KZKZY,99.9
2011,PT,U,KZMAN,,,,,KZMAN,99.8
2011,PT,U,KZONT,,,,,KZONT,99.6
2011,PT,U,KZPAV,,,,,KZPAV,99.8
2011,PT,U,KZSEV,,,,,KZSEV,100.0
2011,PT,U,KZVOS,,,,,KZVOS,100.0
2011,PT,U,KZNS,,,,,KZNS,99.6
2011,PT,U,KZALA,,,,,KZALA,99.9
2011,PT,R,,,,,,,99.8
2011,PT,R,KZAKM,,,,,KZAKM,99.9
2011,PT,R,KZAKT,,,,,KZAKT,99.9
2011,PT,R,KZALM,,,,,KZALM,100.0
2011,PT,R,KZATY,,,,,KZATY,100.0
2011,PT,R,KZZAP,,,,,KZZAP,100.0
2011,PT,R,KZZHA,,,,,KZZHA,99.6
2011,PT,R,KZKAR,,,,,KZKAR,99.1
2011,PT,R,KZKUS,,,,,KZKUS,99.9
2011,PT,R,KZKZY,,,,,KZKZY,100.0
2011,PT,R,KZMAN,,,,,KZMAN,99.7
2011,PT,R,KZONT,,,,,KZONT,99.9
2011,PT,R,KZPAV,,,,,KZPAV,99.6
2011,PT,R,KZSEV,,,,,KZSEV,99.9
2011,PT,R,KZVOS,,,,,KZVOS,98.9
2012,PT,,,,,,,,99.8
2012,PT,,KZAKM,,,,,KZAKM,99.9
2012,PT,,KZAKT,,,,,KZAKT,100.0
2012,PT,,KZALM,,,,,KZALM,100.0
2012,PT,,KZATY,,,,,KZATY,99.9
2012,PT,,KZZAP,,,,,KZZAP,99.8
2012,PT,,KZZHA,,,,,KZZHA,99.9
2012,PT,,KZKAR,,,,,KZKAR,99.9
2012,PT,,KZKUS,,,,,KZKUS,99.9
2012,PT,,KZKZY,,,,,KZKZY,99.8
2012,PT,,KZMAN,,,,,KZMAN,99.8
2012,PT,,KZONT,,,,,KZONT,99.7
2012,PT,,KZPAV,,,,,KZPAV,99.8
2012,PT,,KZSEV,,,,,KZSEV,99.9
2012,PT,,KZVOS,,,,,KZVOS,99.8
2012,PT,,KZNS,,,,,KZNS,99.6
2012,PT,,KZALA,,,,,KZALA,99.8
2012,PT,U,,,,,,,99.9
2012,PT,U,KZAKM,,,,,KZAKM,100.0
2012,PT,U,KZAKT,,,,,KZAKT,100.0
2012,PT,U,KZALM,,,,,KZALM,100.0
2012,PT,U,KZATY,,,,,KZATY,99.9
2012,PT,U,KZZAP,,,,,KZZAP,99.8
2012,PT,U,KZZHA,,,,,KZZHA,100.0
2012,PT,U,KZKAR,,,,,KZKAR,99.9
2012,PT,U,KZKUS,,,,,KZKUS,100.0
2012,PT,U,KZKZY,,,,,KZKZY,99.9
2012,PT,U,KZMAN,,,,,KZMAN,99.8
2012,PT,U,KZONT,,,,,KZONT,100.0
2012,PT,U,KZPAV,,,,,KZPAV,99.9
2012,PT,U,KZSEV,,,,,KZSEV,99.9
2012,PT,U,KZVOS,,,,,KZVOS,99.8
2012,PT,U,KZNS,,,,,KZNS,99.6
2012,PT,R,,,,,,,99.5
2012,PT,R,KZAKM,,,,,KZAKM,99.9
2012,PT,R,KZAKT,,,,,KZAKT,99.9
2012,PT,R,KZALM,,,,,KZALM,100.0
2012,PT,R,KZATY,,,,,KZATY,99.7
2012,PT,R,KZZAP,,,,,KZZAP,99.7
2012,PT,R,KZZHA,,,,,KZZHA,99.7
2012,PT,R,KZKAR,,,,,KZKAR,99.5
2012,PT,R,KZKUS,,,,,KZKUS,99.8
2012,PT,R,KZKZY,,,,,KZKZY,99.7
2012,PT,R,KZMAN,,,,,KZMAN,99.8
2012,PT,R,KZONT,,,,,KZONT,99.1
2012,PT,R,KZPAV,,,,,KZPAV,99.1
2012,PT,R,KZSEV,,,,,KZSEV,99.9
2012,PT,R,KZVOS,,,,,KZVOS,99.4
2013,PT,,,,,,,,99.8
2013,PT,,KZAKM,,,,,KZAKM,99.9
2013,PT,,KZAKT,,,,,KZAKT,100.0
2013,PT,,KZALM,,,,,KZALM,100.0
2013,PT,,KZATY,,,,,KZATY,100.0
2013,PT,,KZZAP,,,,,KZZAP,99.8
2013,PT,,KZZHA,,,,,KZZHA,99.8
2013,PT,,KZKAR,,,,,KZKAR,99.8
2013,PT,,KZKUS,,,,,KZKUS,100.0
2013,PT,,KZKZY,,,,,KZKZY,99.6
2013,PT,,KZMAN,,,,,KZMAN,99.7
2013,PT,,KZONT,,,,,KZONT,99.8
2013,PT,,KZPAV,,,,,KZPAV,99.9
2013,PT,,KZSEV,,,,,KZSEV,99.9
2013,PT,,KZVOS,,,,,KZVOS,99.8
2013,PT,,KZNS,,,,,KZNS,99.5
2013,PT,,KZALA,,,,,KZALA,100.0
2013,PT,U,,,,,,,99.8
2013,PT,U,KZAKM,,,,,KZAKM,100.0
2013,PT,U,KZAKT,,,,,KZAKT,100.0
2013,PT,U,KZALM,,,,,KZALM,100.0
2013,PT,U,KZATY,,,,,KZATY,100.0
2013,PT,U,KZZAP,,,,,KZZAP,99.8
2013,PT,U,KZZHA,,,,,KZZHA,100.0
2013,PT,U,KZKAR,,,,,KZKAR,99.8
2013,PT,U,KZKUS,,,,,KZKUS,100.0
2013,PT,U,KZKZY,,,,,KZKZY,99.4
2013,PT,U,KZMAN,,,,,KZMAN,99.7
2013,PT,U,KZONT,,,,,KZONT,99.7
2013,PT,U,KZPAV,,,,,KZPAV,99.9
2013,PT,U,KZSEV,,,,,KZSEV,100.0
2013,PT,U,KZVOS,,,,,KZVOS,99.8
2013,PT,U,KZNS,,,,,KZNS,99.5
2013,PT,U,KZALA,,,,,KZALA,100.0
2013,PT,R,,,,,,,99.8
2013,PT,R,KZAKM,,,,,KZAKM,99.9
2013,PT,R,KZAKT,,,,,KZAKT,99.9
2013,PT,R,KZALM,,,,,KZALM,100.0
2013,PT,R,KZATY,,,,,KZATY,99.8
2013,PT,R,KZZAP,,,,,KZZAP,99.7
2013,PT,R,KZZHA,,,,,KZZHA,99.4
2013,PT,R,KZKAR,,,,,KZKAR,99.4
2013,PT,R,KZKUS,,,,,KZKUS,100.0
2013,PT,R,KZKZY,,,,,KZKZY,99.8
2013,PT,R,KZMAN,,,,,KZMAN,99.7
2013,PT,R,KZONT,,,,,KZONT,99.9
2013,PT,R,KZPAV,,,,,KZPAV,99.3
2013,PT,R,KZSEV,,,,,KZSEV,99.8
2013,PT,R,KZVOS,,,,,KZVOS,99.8
2014,PT,,,,,,,,99.7
2014,PT,,KZAKM,,,,,KZAKM,99.9
2014,PT,,KZAKT,,,,,KZAKT,100.0
2014,PT,,KZALM,,,,,KZALM,100.0
2014,PT,,KZATY,,,,,KZATY,99.9
2014,PT,,KZZAP,,,,,KZZAP,99.8
2014,PT,,KZZHA,,,,,KZZHA,99.7
2014,PT,,KZKAR,,,,,KZKAR,99.8
2014,PT,,KZKUS,,,,,KZKUS,99.9
2014,PT,,KZKZY,,,,,KZKZY,98.8
2014,PT,,KZMAN,,,,,KZMAN,99.8
2014,PT,,KZONT,,,,,KZONT,99.4
2014,PT,,KZPAV,,,,,KZPAV,99.9
2014,PT,,KZSEV,,,,,KZSEV,99.7
2014,PT,,KZVOS,,,,,KZVOS,99.9
2014,PT,,KZNS,,,,,KZNS,99.7
2014,PT,,KZALA,,,,,KZALA,99.9
2014,PT,U,,,,,,,99.8
2014,PT,U,KZAKM,,,,,KZAKM,99.9
2014,PT,U,KZAKT,,,,,KZAKT,100.0
2014,PT,U,KZALM,,,,,KZALM,100.0
2014,PT,U,KZATY,,,,,KZATY,99.9
2014,PT,U,KZZAP,,,,,KZZAP,99.8
2014,PT,U,KZZHA,,,,,KZZHA,99.7
2014,PT,U,KZKAR,,,,,KZKAR,99.8
2014,PT,U,KZKUS,,,,,KZKUS,100.0
2014,PT,U,KZKZY,,,,,KZKZY,98.6
2014,PT,U,KZMAN,,,,,KZMAN,99.8
2014,PT,U,KZONT,,,,,KZONT,99.4
2014,PT,U,KZPAV,,,,,KZPAV,99.9
2014,PT,U,KZSEV,,,,,KZSEV,99.8
2014,PT,U,KZVOS,,,,,KZVOS,99.9
2014,PT,U,KZNS,,,,,KZNS,99.7
2014,PT,U,KZALA,,,,,KZALA,99.9
2014,PT,R,,,,,,,99.5
2014,PT,R,KZAKM,,,,,KZAKM,100.0
2014,PT,R,KZAKT,,,,,KZAKT,99.9
2014,PT,R,KZALM,,,,,KZALM,100.0
2014,PT,R,KZATY,,,,,KZATY,99.9
2014,PT,R,KZZAP,,,,,KZZAP,99.6
2014,PT,R,KZZHA,,,,,KZZHA,99.6
2014,PT,R,KZKAR,,,,,KZKAR,99.6
2014,PT,R,KZKUS,,,,,KZKUS,99.7
2014,PT,R,KZKZY,,,,,KZKZY,99.0
2014,PT,R,KZMAN,,,,,KZMAN,99.5
2014,PT,R,KZONT,,,,,KZONT,99.3
2014,PT,R,KZPAV,,,,,KZPAV,99.8
2014,PT,R,KZSEV,,,,,KZSEV,99.4
2014,PT,R,KZVOS,,,,,KZVOS,99.4
2015,PT,,,,,,,,99.5
2015,PT,,KZAKM,,,,,KZAKM,100.0
2015,PT,,KZAKT,,,,,KZAKT,100.0
2015,PT,,KZALM,,,,,KZALM,100.0
2015,PT,,KZATY,,,,,KZATY,99.9
2015,PT,,KZZAP,,,,,KZZAP,99.8
2015,PT,,KZZHA,,,,,KZZHA,99.8
2015,PT,,KZKAR,,,,,KZKAR,99.7
2015,PT,,KZKUS,,,,,KZKUS,99.9
2015,PT,,KZKZY,,,,,KZKZY,98.9
2015,PT,,KZMAN,,,,,KZMAN,99.6
2015,PT,,KZONT,,,,,KZONT,98.3
2015,PT,,KZPAV,,,,,KZPAV,99.9
2015,PT,,KZSEV,,,,,KZSEV,99.9
2015,PT,,KZVOS,,,,,KZVOS,99.9
2015,PT,,KZNS,,,,,KZNS,99.7
2015,PT,,KZALA,,,,,KZALA,100.0
2015,PT,U,,,,,,,99.8
2015,PT,U,KZAKM,,,,,KZAKM,99.9
2015,PT,U,KZAKT,,,,,KZAKT,100.0
2015,PT,U,KZALM,,,,,KZALM,100.0
2015,PT,U,KZATY,,,,,KZATY,99.9
2015,PT,U,KZZAP,,,,,KZZAP,99.8
2015,PT,U,KZZHA,,,,,KZZHA,99.8
2015,PT,U,KZKAR,,,,,KZKAR,99.8
2015,PT,U,KZKUS,,,,,KZKUS,99.9
2015,PT,U,KZKZY,,,,,KZKZY,99.1
2015,PT,U,KZMAN,,,,,KZMAN,99.7
2015,PT,U,KZONT,,,,,KZONT,99.8
2015,PT,U,KZPAV,,,,,KZPAV,99.9
2015,PT,U,KZSEV,,,,,KZSEV,99.9
2015,PT,U,KZVOS,,,,,KZVOS,99.9
2015,PT,U,KZNS,,,,,KZNS,99.7
2015,PT,U,KZALA,,,,,KZALA,100.0
2015,PT,R,,,,,,,98.2
2015,PT,R,KZAKM,,,,,KZAKM,100.0
2015,PT,R,KZAKT,,,,,KZAKT,100.0
2015,PT,R,KZALM,,,,,KZALM,100.0
2015,PT,R,KZATY,,,,,KZATY,99.4
2015,PT,R,KZZAP,,,,,KZZAP,99.8
2015,PT,R,KZZHA,,,,,KZZHA,99.7
2015,PT,R,KZKAR,,,,,KZKAR,99.0
2015,PT,R,KZKUS,,,,,KZKUS,99.8
2015,PT,R,KZKZY,,,,,KZKZY,98.7
2015,PT,R,KZMAN,,,,,KZMAN,99.0
2015,PT,R,KZONT,,,,,KZONT,96.2
2015,PT,R,KZPAV,,,,,KZPAV,99.3
2015,PT,R,KZSEV,,,,,KZSEV,99.9
2015,PT,R,KZVOS,,,,,KZVOS,99.4
2016,PT,,,,,,,,99.9
2016,PT,,KZAKM,,,,,KZAKM,99.9
2016,PT,,KZAKT,,,,,KZAKT,100.0
2016,PT,,KZALM,,,,,KZALM,100.0
2016,PT,,KZATY,,,,,KZATY,99.9
2016,PT,,KZZAP,,,,,KZZAP,99.7
2016,PT,,KZZHA,,,,,KZZHA,99.7
2016,PT,,KZKAR,,,,,KZKAR,99.7
2016,PT,,KZKUS,,,,,KZKUS,100.0
2016,PT,,KZKZY,,,,,KZKZY,99.3
2016,PT,,KZMAN,,,,,KZMAN,99.7
2016,PT,,KZONT,,,,,KZONT,100.0
2016,PT,,KZPAV,,,,,KZPAV,99.7
2016,PT,,KZSEV,,,,,KZSEV,99.8
2016,PT,,KZVOS,,,,,KZVOS,99.9
2016,PT,,KZNS,,,,,KZNS,99.8
2016,PT,,KZALA,,,,,KZALA,100.0
2016,PT,U,,,,,,,99.8
2016,PT,U,KZAKM,,,,,KZAKM,99.8
2016,PT,U,KZAKT,,,,,KZAKT,100.0
2016,PT,U,KZALM,,,,,KZALM,99.9
2016,PT,U,KZATY,,,,,KZATY,99.9
2016,PT,U,KZZAP,,,,,KZZAP,99.8
2016,PT,U,KZZHA,,,,,KZZHA,99.8
2016,PT,U,KZKAR,,,,,KZKAR,99.7
2016,PT,U,KZKUS,,,,,KZKUS,100.0
2016,PT,U,KZKZY,,,,,KZKZY,98.7
2016,PT,U,KZMAN,,,,,KZMAN,99.8
2016,PT,U,KZONT,,,,,KZONT,100.0
2016,PT,U,KZPAV,,,,,KZPAV,99.6
2016,PT,U,KZSEV,,,,,KZSEV,99.9
2016,PT,U,KZVOS,,,,,KZVOS,99.9
2016,PT,U,KZNS,,,,,KZNS,100.0
2016,PT,U,KZALA,,,,,KZALA,100.0
2016,PT,R,,,,,,,99.9
2016,PT,R,KZAKM,,,,,KZAKM,100.0
2016,PT,R,KZAKT,,,,,KZAKT,99.9
2016,PT,R,KZALM,,,,,KZALM,99.9
2016,PT,R,KZATY,,,,,KZATY,99.9
2016,PT,R,KZZAP,,,,,KZZAP,99.9
2016,PT,R,KZZHA,,,,,KZZHA,99.9
2016,PT,R,KZKAR,,,,,KZKAR,99.7
2016,PT,R,KZKUS,,,,,KZKUS,99.9
2016,PT,R,KZKZY,,,,,KZKZY,99.8
2016,PT,R,KZMAN,,,,,KZMAN,100.0
2016,PT,R,KZONT,,,,,KZONT,99.1
2016,PT,R,KZPAV,,,,,KZPAV,99.9
2016,PT,R,KZSEV,,,,,KZSEV,99.7
2016,PT,R,KZVOS,,,,,KZVOS,99.9
2017,PT,,,,,,,,99.9
2017,PT,,KZAKM,,,,,KZAKM,99.8
2017,PT,,KZAKT,,,,,KZAKT,100.0
2017,PT,,KZALM,,,,,KZALM,99.9
2017,PT,,KZATY,,,,,KZATY,100.0
2017,PT,,KZZAP,,,,,KZZAP,99.7
2017,PT,,KZZHA,,,,,KZZHA,99.9
2017,PT,,KZKAR,,,,,KZKAR,99.7
2017,PT,,KZKUS,,,,,KZKUS,100.0
2017,PT,,KZKZY,,,,,KZKZY,100.0
2017,PT,,KZMAN,,,,,KZMAN,99.7
2017,PT,,KZONT,,,,,KZONT,99.8
2017,PT,,KZPAV,,,,,KZPAV,99.9
2017,PT,,KZSEV,,,,,KZSEV,99.8
2017,PT,,KZVOS,,,,,KZVOS,99.9
2017,PT,,KZNS,,,,,KZNS,99.9
2017,PT,,KZALA,,,,,KZALA,100.0
2017,PT,U,,,,,,,99.9
2017,PT,U,KZAKM,,,,,KZAKM,99.2
2017,PT,U,KZAKT,,,,,KZAKT,99.9
2017,PT,U,KZALM,,,,,KZALM,99.9
2017,PT,U,KZATY,,,,,KZATY,99.9
2017,PT,U,KZZAP,,,,,KZZAP,99.6
2017,PT,U,KZZHA,,,,,KZZHA,99.9
2017,PT,U,KZKAR,,,,,KZKAR,99.8
2017,PT,U,KZKUS,,,,,KZKUS,99.9
2017,PT,U,KZKZY,,,,,KZKZY,99.9
2017,PT,U,KZMAN,,,,,KZMAN,99.7
2017,PT,U,KZONT,,,,,KZONT,99.7
2017,PT,U,KZPAV,,,,,KZPAV,99.9
2017,PT,U,KZSEV,,,,,KZSEV,99.8
2017,PT,U,KZVOS,,,,,KZVOS,100.0
2017,PT,U,KZNS,,,,,KZNS,100.0
2017,PT,U,KZALA,,,,,KZALA,100.0
2017,PT,R,,,,,,,99.9
2017,PT,R,KZAKM,,,,,KZAKM,94.0
2017,PT,R,KZAKT,,,,,KZAKT,100.0
2017,PT,R,KZALM,,,,,KZALM,99.9
2017,PT,R,KZATY,,,,,KZATY,99.8
2017,PT,R,KZZAP,,,,,KZZAP,99.9
2017,PT,R,KZZHA,,,,,KZZHA,99.9
2017,PT,R,KZKAR,,,,,KZKAR,98.2
2017,PT,R,KZKUS,,,,,KZKUS,99.9
2017,PT,R,KZKZY,,,,,KZKZY,99.9
2017,PT,R,KZMAN,,,,,KZMAN,99.9
2017,PT,R,KZONT,,,,,KZONT,99.9
2017,PT,R,KZPAV,,,,,KZPAV,99.1
2017,PT,R,KZSEV,,,,,KZSEV,99.3
2017,PT,R,KZVOS,,,,,KZVOS,99.4
2018,PT,,,,,,,,99.9
2018,PT,,KZAKM,,,,,KZAKM,99.9
2018,PT,,KZAKT,,,,,KZAKT,100.0
2018,PT,,KZALM,,,,,KZALM,100.0
2018,PT,,KZATY,,,,,KZATY,100.0
2018,PT,,KZZAP,,,,,KZZAP,99.8
2018,PT,,KZZHA,,,,,KZZHA,99.9
2018,PT,,KZKAR,,,,,KZKAR,99.8
2018,PT,,KZKUS,,,,,KZKUS,100.0
2018,PT,,KZKZY,,,,,KZKZY,100.0
2018,PT,,KZMAN,,,,,KZMAN,99.8
2018,PT,,KZPAV,,,,,KZPAV,99.9
2018,PT,,KZSEV,,,,,KZSEV,99.9
2018,PT,,KZYUZ,,,,,KZYUZ,99.9
2018,PT,,KZVOS,,,,,KZVOS,100.0
2018,PT,,KZNS,,,,,KZNS,99.9
2018,PT,,KZALA,,,,,KZALA,100.0
2018,PT,,KZSHY,,,,,KZSHY,99.9
2018,PT,U,,,,,,,99.90285358
2018,PT,U,KZAKM,,,,,KZAKM,99.67732177
2018,PT,U,KZAKT,,,,,KZAKT,99.57688453
2018,PT,U,KZALM,,,,,KZALM,99.95825361
2018,PT,U,KZATY,,,,,KZATY,99.66018124
2018,PT,U,KZZAP,,,,,KZZAP,99.79395604
2018,PT,U,KZZHA,,,,,KZZHA,99.92751603
2018,PT,U,KZKAR,,,,,KZKAR,99.71934272
2018,PT,U,KZKUS,,,,,KZKUS,99.96871415
2018,PT,U,KZKZY,,,,,KZKZY,99.76907363
2018,PT,U,KZMAN,,,,,KZMAN,99.71410954
2018,PT,U,KZPAV,,,,,KZPAV,99.83043284
2018,PT,U,KZSEV,,,,,KZSEV,99.74137931
2018,PT,U,KZYUZ,,,,,KZYUZ,99.15737212
2018,PT,U,KZVOS,,,,,KZVOS,99.85781028
2018,PT,U,KZNS,,,,,KZNS,99.8
2018,PT,U,KZALA,,,,,KZALA,99.8
2018,PT,U,KZSHY,,,,,KZSHY,99.2
2018,PT,R,,,,,,,99.8
2018,PT,R,KZAKM,,,,,KZAKM,99.9
2018,PT,R,KZAKT,,,,,KZAKT,99.9
2018,PT,R,KZALM,,,,,KZALM,100.0
2018,PT,R,KZATY,,,,,KZATY,100.0
2018,PT,R,KZZAP,,,,,KZZAP,100.0
2018,PT,R,KZZHA,,,,,KZZHA,99.9
2018,PT,R,KZKAR,,,,,KZKAR,99.6
2018,PT,R,KZKUS,,,,,KZKUS,99.9
2018,PT,R,KZKZY,,,,,KZKZY,99.7
2018,PT,R,KZMAN,,,,,KZMAN,99.3
2018,PT,R,KZPAV,,,,,KZPAV,99.8
2018,PT,R,KZSEV,,,,,KZSEV,100.0
2018,PT,R,KZYUZ,,,,,KZYUZ,99.7
2018,PT,R,KZVOS,,,,,KZVOS,100.0
2019,PT,,,,,,,,99.9
2019,PT,,KZAKM,,,,,KZAKM,99.9
2019,PT,,KZAKT,,,,,KZAKT,100.0
2019,PT,,KZALM,,,,,KZALM,100.0
2019,PT,,KZATY,,,,,KZATY,100.0
2019,PT,,KZZAP,,,,,KZZAP,99.8
2019,PT,,KZZHA,,,,,KZZHA,99.9
2019,PT,,KZKAR,,,,,KZKAR,99.9
2019,PT,,KZKUS,,,,,KZKUS,100.0
2019,PT,,KZKZY,,,,,KZKZY,100.0
2019,PT,,KZMAN,,,,,KZMAN,99.9
2019,PT,,KZPAV,,,,,KZPAV,99.9
2019,PT,,KZSEV,,,,,KZSEV,99.9
2019,PT,,KZYUZ,,,,,KZYUZ,99.9
2019,PT,,KZVOS,,,,,KZVOS,100.0
2019,PT,,KZNS,,,,,KZNS,100.0
2019,PT,,KZALA,,,,,KZALA,100.0
2019,PT,,KZSHY,,,,,KZSHY,99.9
2019,PT,U,,,,,,,99.9
2019,PT,U,KZAKM,,,,,KZAKM,99.8
2019,PT,U,KZAKT,,,,,KZAKT,99.7
2019,PT,U,KZALM,,,,,KZALM,100.0
2019,PT,U,KZATY,,,,,KZATY,99.8
2019,PT,U,KZZAP,,,,,KZZAP,99.9
2019,PT,U,KZZHA,,,,,KZZHA,99.9
2019,PT,U,KZKAR,,,,,KZKAR,99.8
2019,PT,U,KZKUS,,,,,KZKUS,100.0
2019,PT,U,KZKZY,,,,,KZKZY,99.9
2019,PT,U,KZMAN,,,,,KZMAN,99.8
2019,PT,U,KZPAV,,,,,KZPAV,99.9
2019,PT,U,KZSEV,,,,,KZSEV,99.8
2019,PT,U,KZYUZ,,,,,KZYUZ,99.4
2019,PT,U,KZVOS,,,,,KZVOS,99.9
2019,PT,U,KZNS,,,,,KZNS,99.9
2019,PT,U,KZALA,,,,,KZALA,99.9
2019,PT,U,KZSHY,,,,,KZSHY,99.3
2019,PT,R,,,,,,,99.8
2019,PT,R,KZAKM,,,,,KZAKM,99.9
2019,PT,R,KZAKT,,,,,KZAKT,99.9
2019,PT,R,KZALM,,,,,KZALM,100.0
2019,PT,R,KZATY,,,,,KZATY,100.0
2019,PT,R,KZZAP,,,,,KZZAP,100.0
2019,PT,R,KZZHA,,,,,KZZHA,99.9
2019,PT,R,KZKAR,,,,,KZKAR,99.6
2019,PT,R,KZKUS,,,,,KZKUS,99.9
2019,PT,R,KZKZY,,,,,KZKZY,99.8
2019,PT,R,KZMAN,,,,,KZMAN,99.4
2019,PT,R,KZPAV,,,,,KZPAV,99.9
2019,PT,R,KZSEV,,,,,KZSEV,100.0
2019,PT,R,KZYUZ,,,,,KZYUZ,99.8
2019,PT,R,KZVOS,,,,,KZVOS,100.0
2020,PT,,,,,,,,99.9
2020,PT,,KZAKM,,,,,KZAKM,99.8
2020,PT,,KZAKT,,,,,KZAKT,100.0
2020,PT,,KZALM,,,,,KZALM,99.9
2020,PT,,KZATY,,,,,KZATY,99.9
2020,PT,,KZZAP,,,,,KZZAP,99.7
2020,PT,,KZZHA,,,,,KZZHA,99.7
2020,PT,,KZKAR,,,,,KZKAR,99.7
2020,PT,,KZKUS,,,,,KZKUS,99.7
2020,PT,,KZKZY,,,,,KZKZY,99.9
2020,PT,,KZMAN,,,,,KZMAN,99.8
2020,PT,,KZPAV,,,,,KZPAV,99.9
2020,PT,,KZSEV,,,,,KZSEV,99.8
2020,PT,,KZYUZ,,,,,KZYUZ,99.9
2020,PT,,KZVOS,,,,,KZVOS,99.9
2020,PT,,KZNS,,,,,KZNS,99.9
2020,PT,,KZALA,,,,,KZALA,100.0
2020,PT,,KZSHY,,,,,KZSHY,99.9
2020,PT,U,,,,,,,99.9
2020,PT,U,KZAKM,,,,,KZAKM,99.9
2020,PT,U,KZAKT,,,,,KZAKT,100.0
2020,PT,U,KZALM,,,,,KZALM,100.0
2020,PT,U,KZATY,,,,,KZATY,100.0
2020,PT,U,KZZAP,,,,,KZZAP,99.7
2020,PT,U,KZZHA,,,,,KZZHA,99.7
2020,PT,U,KZKAR,,,,,KZKAR,99.8
2020,PT,U,KZKUS,,,,,KZKUS,99.8
2020,PT,U,KZKZY,,,,,KZKZY,100.0
2020,PT,U,KZMAN,,,,,KZMAN,99.8
2020,PT,U,KZPAV,,,,,KZPAV,99.9
2020,PT,U,KZSEV,,,,,KZSEV,99.9
2020,PT,U,KZYUZ,,,,,KZYUZ,99.9
2020,PT,U,KZVOS,,,,,KZVOS,100.0
2020,PT,U,KZNS,,,,,KZNS,100.0
2020,PT,U,KZALA,,,,,KZALA,100.0
2020,PT,U,KZSHY,,,,,KZSHY,100.0
2020,PT,R,,,,,,,99.8
2020,PT,R,KZAKM,,,,,KZAKM,99.4
2020,PT,R,KZAKT,,,,,KZAKT,100.0
2020,PT,R,KZALM,,,,,KZALM,99.9
2020,PT,R,KZATY,,,,,KZATY,99.7
2020,PT,R,KZZAP,,,,,KZZAP,99.7
2020,PT,R,KZZHA,,,,,KZZHA,99.7
2020,PT,R,KZKAR,,,,,KZKAR,98.0
2020,PT,R,KZKUS,,,,,KZKUS,99.5
2020,PT,R,KZKZY,,,,,KZKZY,99.8
2020,PT,R,KZMAN,,,,,KZMAN,99.7
2020,PT,R,KZPAV,,,,,KZPAV,99.2
2020,PT,R,KZSEV,,,,,KZSEV,99.4
2020,PT,R,KZYUZ,,,,,KZYUZ,100.0
2020,PT,R,KZVOS,,,,,KZVOS,99.8
2021,PT,,,,,,,,99.9
2021,PT,,KZAKM,,,,,KZAKM,100.0
2021,PT,,KZAKT,,,,,KZAKT,99.9
2021,PT,,KZALM,,,,,KZALM,100.0
2021,PT,,KZATY,,,,,KZATY,99.9
2021,PT,,KZZAP,,,,,KZZAP,99.6
2021,PT,,KZZHA,,,,,KZZHA,99.9
2021,PT,,KZKAR,,,,,KZKAR,99.8
2021,PT,,KZKUS,,,,,KZKUS,99.7
2021,PT,,KZKZY,,,,,KZKZY,99.9
2021,PT,,KZMAN,,,,,KZMAN,99.7
2021,PT,,KZPAV,,,,,KZPAV,100.0
2021,PT,,KZSEV,,,,,KZSEV,99.9
2021,PT,,KZYUZ,,,,,KZYUZ,100.0
2021,PT,,KZVOS,,,,,KZVOS,99.9
2021,PT,,KZNS,,,,,KZNS,99.9
2021,PT,,KZALA,,,,,KZALA,99.9
2021,PT,,KZSHY,,,,,KZSHY,99.9
2021,PT,U,,,,,,,99.9
2021,PT,U,KZAKM,,,,,KZAKM,100.0
2021,PT,U,KZAKT,,,,,KZAKT,100.0
2021,PT,U,KZALM,,,,,KZALM,99.9
2021,PT,U,KZATY,,,,,KZATY,100.0
2021,PT,U,KZZAP,,,,,KZZAP,99.6
2021,PT,U,KZZHA,,,,,KZZHA,100.0
2021,PT,U,KZKAR,,,,,KZKAR,99.9
2021,PT,U,KZKUS,,,,,KZKUS,99.8
2021,PT,U,KZKZY,,,,,KZKZY,100.0
2021,PT,U,KZMAN,,,,,KZMAN,99.7
2021,PT,U,KZPAV,,,,,KZPAV,100.0
2021,PT,U,KZSEV,,,,,KZSEV,99.9
2021,PT,U,KZYUZ,,,,,KZYUZ,100.0
2021,PT,U,KZVOS,,,,,KZVOS,100.0
2021,PT,U,KZNS,,,,,KZNS,99.9
2021,PT,U,KZALA,,,,,KZALA,99.9
2021,PT,U,KZSHY,,,,,KZSHY,99.9
2021,PT,R,,,,,,,99.9
2021,PT,R,KZAKM,,,,,KZAKM,100.0
2021,PT,R,KZAKT,,,,,KZAKT,99.6
2021,PT,R,KZALM,,,,,KZALM,100.0
2021,PT,R,KZATY,,,,,KZATY,99.7
2021,PT,R,KZZAP,,,,,KZZAP,99.6
2021,PT,R,KZZHA,,,,,KZZHA,99.8
2021,PT,R,KZKAR,,,,,KZKAR,95.8
2021,PT,R,KZKUS,,,,,KZKUS,99.5
2021,PT,R,KZKZY,,,,,KZKZY,99.7
2021,PT,R,KZMAN,,,,,KZMAN,99.8
2021,PT,R,KZPAV,,,,,KZPAV,100.0
2021,PT,R,KZSEV,,,,,KZSEV,99.8
2021,PT,R,KZYUZ,,,,,KZYUZ,99.9
2021,PT,R,KZVOS,,,,,KZVOS,99.6
2022,PT,,,,,,,,99.7
2022,PT,,KZABY,,,,,KZABY,99.8
2022,PT,,KZAKM,,,,,KZAKM,100.0
2022,PT,,KZAKT,,,,,KZAKT,100.0
2022,PT,,KZALM,,,,,KZALM,100.0
2022,PT,,KZATY,,,,,KZATY,99.7
2022,PT,,KZZAP,,,,,KZZAP,100.0
2022,PT,,KZZHA,,,,,KZZHA,99.9
2022,PT,,KZZHS,,,,,KZZHS,100.0
2022,PT,,KZKAR,,,,,KZKAR,99.6
2022,PT,,KZKUS,,,,,KZKUS,99.6
2022,PT,,KZKZY,,,,,KZKZY,99.6
2022,PT,,KZMAN,,,,,KZMAN,99.6
2022,PT,,KZPAV,,,,,KZPAV,99.8
2022,PT,,KZSEV,,,,,KZSEV,100.0
2022,PT,,KZYUZ,,,,,KZYUZ,99.4
2022,PT,,KZVOS,,,,,KZVOS,99.7
2022,PT,,KZULU,,,,,KZULU,99.6
2022,PT,,KZNS,,,,,KZNS,99.9
2022,PT,,KZALA,,,,,KZALA,99.8
2022,PT,,KZSHY,,,,,KZSHY,99.4
2022,PT,U,,,,,,,99.7
2022,PT,U,KZABY,,,,,KZABY,99.8
2022,PT,U,KZAKM,,,,,KZAKM,100.1
2022,PT,U,KZAKT,,,,,KZAKT,100.0
2022,PT,U,KZALM,,,,,KZALM,100.3
2022,PT,U,KZATY,,,,,KZATY,99.7
2022,PT,U,KZZAP,,,,,KZZAP,100.0
2022,PT,U,KZZHA,,,,,KZZHA,99.9
2022,PT,U,KZZHS,,,,,KZZHS,100.0
2022,PT,U,KZKAR,,,,,KZKAR,99.6
2022,PT,U,KZKUS,,,,,KZKUS,99.6
2022,PT,U,KZKZY,,,,,KZKZY,99.3
2022,PT,U,KZMAN,,,,,KZMAN,99.6
2022,PT,U,KZPAV,,,,,KZPAV,99.8
2022,PT,U,KZSEV,,,,,KZSEV,100.0
2022,PT,U,KZYUZ,,,,,KZYUZ,99.5
2022,PT,U,KZVOS,,,,,KZVOS,99.7
2022,PT,U,KZULU,,,,,KZULU,99.6
2022,PT,U,KZNS,,,,,KZNS,99.9
2022,PT,U,KZALA,,,,,KZALA,99.8
2022,PT,U,KZSHY,,,,,KZSHY,99.3
2022,PT,R,,,,,,,99.5
2022,PT,R,KZABY,,,,,KZABY,99.6
2022,PT,R,KZAKM,,,,,KZAKM,99.5
2022,PT,R,KZAKT,,,,,KZAKT,100.0
2022,PT,R,KZALM,,,,,KZALM,99.8
2022,PT,R,KZATY,,,,,KZATY,100.0
2022,PT,R,KZZAP,,,,,KZZAP,100.0
2022,PT,R,KZZHA,,,,,KZZHA,100.0
2022,PT,R,KZZHS,,,,,KZZHS,100.0
2022,PT,R,KZKAR,,,,,KZKAR,100.0
2022,PT,R,KZKUS,,,,,KZKUS,100.0
2022,PT,R,KZKZY,,,,,KZKZY,100.0
2022,PT,R,KZMAN,,,,,KZMAN,100.0
2022,PT,R,KZPAV,,,,,KZPAV,99.8
2022,PT,R,KZSEV,,,,,KZSEV,100.0
2022,PT,R,KZYUZ,,,,,KZYUZ,99.3
2022,PT,R,KZVOS,,,,,KZVOS,100.0
2022,PT,R,KZULU,,,,,KZULU,100.0
2023,PT,,,,,,,,98.7
2023,PT,,KZABY,,,,,KZABY,100.0
2023,PT,,KZAKM,,,,,KZAKM,94.3
2023,PT,,KZAKT,,,,,KZAKT,100.0
2023,PT,,KZALM,,,,,KZALM,99.7
2023,PT,,KZATY,,,,,KZATY,98.2
2023,PT,,KZZAP,,,,,KZZAP,100.0
2023,PT,,KZZHA,,,,,KZZHA,98.6
2023,PT,,KZZHS,,,,,KZZHS,99.0
2023,PT,,KZKAR,,,,,KZKAR,99.3
2023,PT,,KZKUS,,,,,KZKUS,99.1
2023,PT,,KZKZY,,,,,KZKZY,98.8
2023,PT,,KZMAN,,,,,KZMAN,97.9
2023,PT,,KZPAV,,,,,KZPAV,99.7
2023,PT,,KZSEV,,,,,KZSEV,99.0
2023,PT,,KZYUZ,,,,,KZYUZ,99.8
2023,PT,,KZVOS,,,,,KZVOS,99.8
2023,PT,,KZULU,,,,,KZULU,97.9
2023,PT,,KZNS,,,,,KZNS,93.7
2023,PT,,KZALA,,,,,KZALA,98.6
2023,PT,,KZSHY,,,,,KZSHY,100.0
2023,PT,U,,,,,,,98.3
2023,PT,U,KZABY,,,,,KZABY,100.0
2023,PT,U,KZAKM,,,,,KZAKM,94.2
2023,PT,U,KZAKT,,,,,KZAKT,100.0
2023,PT,U,KZALM,,,,,KZALM,100.0
2023,PT,U,KZATY,,,,,KZATY,97.5
2023,PT,U,KZZAP,,,,,KZZAP,99.9
2023,PT,U,KZZHA,,,,,KZZHA,99.1
2023,PT,U,KZZHS,,,,,KZZHS,98.4
2023,PT,U,KZKAR,,,,,KZKAR,99.4
2023,PT,U,KZKUS,,,,,KZKUS,99.0
2023,PT,U,KZKZY,,,,,KZKZY,98.4
2023,PT,U,KZMAN,,,,,KZMAN,96.6
2023,PT,U,KZPAV,,,,,KZPAV,100.1
2023,PT,U,KZSEV,,,,,KZSEV,99.1
2023,PT,U,KZYUZ,,,,,KZYUZ,99.2
2023,PT,U,KZVOS,,,,,KZVOS,99.9
2023,PT,U,KZULU,,,,,KZULU,97.5
2023,PT,U,KZNS,,,,,KZNS,93.7
2023,PT,U,KZALA,,,,,KZALA,98.6
2023,PT,U,KZSHY,,,,,KZSHY,100.0
2023,PT,R,,,,,,,99.3
2023,PT,R,KZABY,,,,,KZABY,100.0
2023,PT,R,KZAKM,,,,,KZAKM,94.5
2023,PT,R,KZAKT,,,,,KZAKT,100.0
2023,PT,R,KZALM,,,,,KZALM,99.4
2023,PT,R,KZATY,,,,,KZATY,99.4
2023,PT,R,KZZAP,,,,,KZZAP,100.0
2023,PT,R,KZZHA,,,,,KZZHA,98.2
2023,PT,R,KZZHS,,,,,KZZHS,99.6
2023,PT,R,KZKAR,,,,,KZKAR,98.6
2023,PT,R,KZKUS,,,,,KZKUS,99.4
2023,PT,R,KZKZY,,,,,KZKZY,99.3
2023,PT,R,KZMAN,,,,,KZMAN,99.7
2023,PT,R,KZPAV,,,,,KZPAV,98.4
2023,PT,R,KZSEV,,,,,KZSEV,98.8
2023,PT,R,KZYUZ,,,,,KZYUZ,100.0
2023,PT,R,KZVOS,,,,,KZVOS,99.7
2023,PT,R,KZULU,,,,,KZULU,99.8
