Year,UNIT_MEASURE,SEX,URBANISATION,REF_AREA,Value
2010,PER_1000_LIVE_BIRTHS,_T,,,19.55
2010,PER_1000_LIVE_BIRTHS,_T,,KZAKM,16.99
2010,PER_1000_LIVE_BIRTHS,_T,,KZAKT,19.45
2010,PER_1000_LIVE_BIRTHS,_T,,KZALM,16.06
2010,PER_1000_LIVE_BIRTHS,_T,,KZATY,19.78
2010,PER_1000_LIVE_BIRTHS,_T,,KZZAP,17.17
2010,PER_1000_LIVE_BIRTHS,_T,,KZZHA,20.5
2010,PER_1000_LIVE_BIRTHS,_T,,KZKAR,17.31
2010,PER_1000_LIVE_BIRTHS,_T,,KZKUS,16.51
2010,PER_1000_LIVE_BIRTHS,_T,,KZKZY,26.47
2010,PER_1000_LIVE_BIRTHS,_T,,KZMAN,21.64
2010,PER_1000_LIVE_BIRTHS,_T,,KZONT,23.0
2010,PER_1000_LIVE_BIRTHS,_T,,KZPAV,15.03
2010,PER_1000_LIVE_BIRTHS,_T,,KZSEV,16.4
2010,PER_1000_LIVE_BIRTHS,_T,,KZVOS,22.27
2010,PER_1000_LIVE_BIRTHS,_T,,KZNS,12.68
2010,PER_1000_LIVE_BIRTHS,_T,,KZALA,18.84
2010,PER_1000_LIVE_BIRTHS,_T,U,,19.09
2010,PER_1000_LIVE_BIRTHS,_T,U,KZAKM,16.63
2010,PER_1000_LIVE_BIRTHS,_T,U,KZAKT,19.15
2010,PER_1000_LIVE_BIRTHS,_T,U,KZALM,18.68
2010,PER_1000_LIVE_BIRTHS,_T,U,KZATY,17.69
2010,PER_1000_LIVE_BIRTHS,_T,U,KZZAP,15.04
2010,PER_1000_LIVE_BIRTHS,_T,U,KZZHA,21.62
2010,PER_1000_LIVE_BIRTHS,_T,U,KZKAR,17.1
2010,PER_1000_LIVE_BIRTHS,_T,U,KZKUS,15.02
2010,PER_1000_LIVE_BIRTHS,_T,U,KZKZY,25.25
2010,PER_1000_LIVE_BIRTHS,_T,U,KZMAN,22.03
2010,PER_1000_LIVE_BIRTHS,_T,U,KZONT,24.55
2010,PER_1000_LIVE_BIRTHS,_T,U,KZPAV,14.18
2010,PER_1000_LIVE_BIRTHS,_T,U,KZSEV,14.21
2010,PER_1000_LIVE_BIRTHS,_T,U,KZVOS,21.29
2010,PER_1000_LIVE_BIRTHS,_T,U,KZNS,12.68
2010,PER_1000_LIVE_BIRTHS,_T,U,KZALA,18.84
2010,PER_1000_LIVE_BIRTHS,_T,R,,20.06
2010,PER_1000_LIVE_BIRTHS,_T,R,KZAKM,17.4
2010,PER_1000_LIVE_BIRTHS,_T,R,KZAKT,19.93
2010,PER_1000_LIVE_BIRTHS,_T,R,KZALM,15.18
2010,PER_1000_LIVE_BIRTHS,_T,R,KZATY,22.07
2010,PER_1000_LIVE_BIRTHS,_T,R,KZZAP,19.6
2010,PER_1000_LIVE_BIRTHS,_T,R,KZZHA,19.82
2010,PER_1000_LIVE_BIRTHS,_T,R,KZKAR,18.03
2010,PER_1000_LIVE_BIRTHS,_T,R,KZKUS,18.08
2010,PER_1000_LIVE_BIRTHS,_T,R,KZKZY,27.45
2010,PER_1000_LIVE_BIRTHS,_T,R,KZMAN,21.27
2010,PER_1000_LIVE_BIRTHS,_T,R,KZONT,22.05
2010,PER_1000_LIVE_BIRTHS,_T,R,KZPAV,16.76
2010,PER_1000_LIVE_BIRTHS,_T,R,KZSEV,18.04
2010,PER_1000_LIVE_BIRTHS,_T,R,KZVOS,23.51
2010,PER_1000_LIVE_BIRTHS,M,,,21.76
2010,PER_1000_LIVE_BIRTHS,M,,KZAKM,19.91
2010,PER_1000_LIVE_BIRTHS,M,,KZAKT,22.31
2010,PER_1000_LIVE_BIRTHS,M,,KZALM,17.44
2010,PER_1000_LIVE_BIRTHS,M,,KZATY,20.66
2010,PER_1000_LIVE_BIRTHS,M,,KZZAP,17.91
2010,PER_1000_LIVE_BIRTHS,M,,KZZHA,23.26
2010,PER_1000_LIVE_BIRTHS,M,,KZKAR,19.52
2010,PER_1000_LIVE_BIRTHS,M,,KZKUS,19.6
2010,PER_1000_LIVE_BIRTHS,M,,KZKZY,28.04
2010,PER_1000_LIVE_BIRTHS,M,,KZMAN,21.6
2010,PER_1000_LIVE_BIRTHS,M,,KZONT,26.15
2010,PER_1000_LIVE_BIRTHS,M,,KZPAV,16.75
2010,PER_1000_LIVE_BIRTHS,M,,KZSEV,17.48
2010,PER_1000_LIVE_BIRTHS,M,,KZVOS,24.66
2010,PER_1000_LIVE_BIRTHS,M,,KZNS,14.49
2010,PER_1000_LIVE_BIRTHS,M,,KZALA,21.74
2010,PER_1000_LIVE_BIRTHS,M,U,,21.36
2010,PER_1000_LIVE_BIRTHS,M,U,KZAKM,19.65
2010,PER_1000_LIVE_BIRTHS,M,U,KZAKT,22.32
2010,PER_1000_LIVE_BIRTHS,M,U,KZALM,22.09
2010,PER_1000_LIVE_BIRTHS,M,U,KZATY,17.41
2010,PER_1000_LIVE_BIRTHS,M,U,KZZAP,12.04
2010,PER_1000_LIVE_BIRTHS,M,U,KZZHA,22.86
2010,PER_1000_LIVE_BIRTHS,M,U,KZKAR,20.52
2010,PER_1000_LIVE_BIRTHS,M,U,KZKUS,15.9
2010,PER_1000_LIVE_BIRTHS,M,U,KZKZY,28.48
2010,PER_1000_LIVE_BIRTHS,M,U,KZMAN,21.84
2010,PER_1000_LIVE_BIRTHS,M,U,KZONT,28.55
2010,PER_1000_LIVE_BIRTHS,M,U,KZPAV,15.25
2010,PER_1000_LIVE_BIRTHS,M,U,KZSEV,15.32
2010,PER_1000_LIVE_BIRTHS,M,U,KZVOS,22.69
2010,PER_1000_LIVE_BIRTHS,M,U,KZNS,14.49
2010,PER_1000_LIVE_BIRTHS,M,U,KZALA,21.74
2010,PER_1000_LIVE_BIRTHS,M,R,,22.2
2010,PER_1000_LIVE_BIRTHS,M,R,KZAKM,20.22
2010,PER_1000_LIVE_BIRTHS,M,R,KZAKT,22.28
2010,PER_1000_LIVE_BIRTHS,M,R,KZALM,15.91
2010,PER_1000_LIVE_BIRTHS,M,R,KZATY,24.27
2010,PER_1000_LIVE_BIRTHS,M,R,KZZAP,24.47
2010,PER_1000_LIVE_BIRTHS,M,R,KZZHA,23.51
2010,PER_1000_LIVE_BIRTHS,M,R,KZKAR,16.06
2010,PER_1000_LIVE_BIRTHS,M,R,KZKUS,23.58
2010,PER_1000_LIVE_BIRTHS,M,R,KZKZY,27.69
2010,PER_1000_LIVE_BIRTHS,M,R,KZMAN,21.37
2010,PER_1000_LIVE_BIRTHS,M,R,KZONT,24.66
2010,PER_1000_LIVE_BIRTHS,M,R,KZPAV,19.8
2010,PER_1000_LIVE_BIRTHS,M,R,KZSEV,19.08
2010,PER_1000_LIVE_BIRTHS,M,R,KZVOS,27.1
2010,PER_1000_LIVE_BIRTHS,F,,,17.21
2010,PER_1000_LIVE_BIRTHS,F,,KZAKM,13.86
2010,PER_1000_LIVE_BIRTHS,F,,KZAKT,16.45
2010,PER_1000_LIVE_BIRTHS,F,,KZALM,14.6
2010,PER_1000_LIVE_BIRTHS,F,,KZATY,18.84
2010,PER_1000_LIVE_BIRTHS,F,,KZZAP,16.38
2010,PER_1000_LIVE_BIRTHS,F,,KZZHA,17.54
2010,PER_1000_LIVE_BIRTHS,F,,KZKAR,14.99
2010,PER_1000_LIVE_BIRTHS,F,,KZKUS,13.15
2010,PER_1000_LIVE_BIRTHS,F,,KZKZY,24.78
2010,PER_1000_LIVE_BIRTHS,F,,KZMAN,21.69
2010,PER_1000_LIVE_BIRTHS,F,,KZONT,19.69
2010,PER_1000_LIVE_BIRTHS,F,,KZPAV,13.24
2010,PER_1000_LIVE_BIRTHS,F,,KZSEV,15.26
2010,PER_1000_LIVE_BIRTHS,F,,KZVOS,19.77
2010,PER_1000_LIVE_BIRTHS,F,,KZNS,10.75
2010,PER_1000_LIVE_BIRTHS,F,,KZALA,15.71
2010,PER_1000_LIVE_BIRTHS,F,U,,16.68
2010,PER_1000_LIVE_BIRTHS,F,U,KZAKM,13.37
2010,PER_1000_LIVE_BIRTHS,F,U,KZAKT,15.82
2010,PER_1000_LIVE_BIRTHS,F,U,KZALM,15.12
2010,PER_1000_LIVE_BIRTHS,F,U,KZATY,18.0
2010,PER_1000_LIVE_BIRTHS,F,U,KZZAP,18.14
2010,PER_1000_LIVE_BIRTHS,F,U,KZZHA,20.27
2010,PER_1000_LIVE_BIRTHS,F,U,KZKAR,13.54
2010,PER_1000_LIVE_BIRTHS,F,U,KZKUS,14.04
2010,PER_1000_LIVE_BIRTHS,F,U,KZKZY,21.82
2010,PER_1000_LIVE_BIRTHS,F,U,KZMAN,22.24
2010,PER_1000_LIVE_BIRTHS,F,U,KZONT,20.31
2010,PER_1000_LIVE_BIRTHS,F,U,KZPAV,13.07
2010,PER_1000_LIVE_BIRTHS,F,U,KZSEV,13.06
2010,PER_1000_LIVE_BIRTHS,F,U,KZVOS,19.86
2010,PER_1000_LIVE_BIRTHS,F,U,KZNS,10.75
2010,PER_1000_LIVE_BIRTHS,F,U,KZALA,15.71
2010,PER_1000_LIVE_BIRTHS,F,R,,17.8
2010,PER_1000_LIVE_BIRTHS,F,R,KZAKM,14.41
2010,PER_1000_LIVE_BIRTHS,F,R,KZAKT,17.46
2010,PER_1000_LIVE_BIRTHS,F,R,KZALM,14.42
2010,PER_1000_LIVE_BIRTHS,F,R,KZATY,19.76
2010,PER_1000_LIVE_BIRTHS,F,R,KZZAP,14.29
2010,PER_1000_LIVE_BIRTHS,F,R,KZZHA,15.92
2010,PER_1000_LIVE_BIRTHS,F,R,KZKAR,20.11
2010,PER_1000_LIVE_BIRTHS,F,R,KZKUS,12.22
2010,PER_1000_LIVE_BIRTHS,F,R,KZKZY,27.2
2010,PER_1000_LIVE_BIRTHS,F,R,KZMAN,21.16
2010,PER_1000_LIVE_BIRTHS,F,R,KZONT,19.31
2010,PER_1000_LIVE_BIRTHS,F,R,KZPAV,13.59
2010,PER_1000_LIVE_BIRTHS,F,R,KZSEV,16.93
2010,PER_1000_LIVE_BIRTHS,F,R,KZVOS,19.66
2011,PER_1000_LIVE_BIRTHS,_T,,,17.99
2011,PER_1000_LIVE_BIRTHS,_T,,KZAKM,18.3
2011,PER_1000_LIVE_BIRTHS,_T,,KZAKT,14.22
2011,PER_1000_LIVE_BIRTHS,_T,,KZALM,15.08
2011,PER_1000_LIVE_BIRTHS,_T,,KZATY,19.33
2011,PER_1000_LIVE_BIRTHS,_T,,KZZAP,14.54
2011,PER_1000_LIVE_BIRTHS,_T,,KZZHA,18.9
2011,PER_1000_LIVE_BIRTHS,_T,,KZKAR,13.5
2011,PER_1000_LIVE_BIRTHS,_T,,KZKUS,16.24
2011,PER_1000_LIVE_BIRTHS,_T,,KZKZY,23.61
2011,PER_1000_LIVE_BIRTHS,_T,,KZMAN,20.22
2011,PER_1000_LIVE_BIRTHS,_T,,KZONT,20.66
2011,PER_1000_LIVE_BIRTHS,_T,,KZPAV,15.49
2011,PER_1000_LIVE_BIRTHS,_T,,KZSEV,15.0
2011,PER_1000_LIVE_BIRTHS,_T,,KZVOS,21.28
2011,PER_1000_LIVE_BIRTHS,_T,,KZNS,12.82
2011,PER_1000_LIVE_BIRTHS,_T,,KZALA,19.45
2011,PER_1000_LIVE_BIRTHS,_T,U,,17.88
2011,PER_1000_LIVE_BIRTHS,_T,U,KZAKM,20.27
2011,PER_1000_LIVE_BIRTHS,_T,U,KZAKT,12.98
2011,PER_1000_LIVE_BIRTHS,_T,U,KZALM,15.98
2011,PER_1000_LIVE_BIRTHS,_T,U,KZATY,17.69
2011,PER_1000_LIVE_BIRTHS,_T,U,KZZAP,12.58
2011,PER_1000_LIVE_BIRTHS,_T,U,KZZHA,20.66
2011,PER_1000_LIVE_BIRTHS,_T,U,KZKAR,12.52
2011,PER_1000_LIVE_BIRTHS,_T,U,KZKUS,14.76
2011,PER_1000_LIVE_BIRTHS,_T,U,KZKZY,21.54
2011,PER_1000_LIVE_BIRTHS,_T,U,KZMAN,19.97
2011,PER_1000_LIVE_BIRTHS,_T,U,KZONT,24.63
2011,PER_1000_LIVE_BIRTHS,_T,U,KZPAV,14.1
2011,PER_1000_LIVE_BIRTHS,_T,U,KZSEV,14.19
2011,PER_1000_LIVE_BIRTHS,_T,U,KZVOS,19.94
2011,PER_1000_LIVE_BIRTHS,_T,U,KZNS,12.82
2011,PER_1000_LIVE_BIRTHS,_T,U,KZALA,19.45
2011,PER_1000_LIVE_BIRTHS,_T,R,,18.12
2011,PER_1000_LIVE_BIRTHS,_T,R,KZAKM,16.16
2011,PER_1000_LIVE_BIRTHS,_T,R,KZAKT,16.39
2011,PER_1000_LIVE_BIRTHS,_T,R,KZALM,14.79
2011,PER_1000_LIVE_BIRTHS,_T,R,KZATY,20.97
2011,PER_1000_LIVE_BIRTHS,_T,R,KZZAP,16.86
2011,PER_1000_LIVE_BIRTHS,_T,R,KZZHA,17.79
2011,PER_1000_LIVE_BIRTHS,_T,R,KZKAR,17.12
2011,PER_1000_LIVE_BIRTHS,_T,R,KZKUS,17.89
2011,PER_1000_LIVE_BIRTHS,_T,R,KZKZY,25.37
2011,PER_1000_LIVE_BIRTHS,_T,R,KZMAN,20.46
2011,PER_1000_LIVE_BIRTHS,_T,R,KZONT,18.12
2011,PER_1000_LIVE_BIRTHS,_T,R,KZPAV,18.31
2011,PER_1000_LIVE_BIRTHS,_T,R,KZSEV,15.63
2011,PER_1000_LIVE_BIRTHS,_T,R,KZVOS,23.17
2011,PER_1000_LIVE_BIRTHS,M,,,20.04
2011,PER_1000_LIVE_BIRTHS,M,,KZAKM,20.89
2011,PER_1000_LIVE_BIRTHS,M,,KZAKT,16.72
2011,PER_1000_LIVE_BIRTHS,M,,KZALM,17.29
2011,PER_1000_LIVE_BIRTHS,M,,KZATY,21.68
2011,PER_1000_LIVE_BIRTHS,M,,KZZAP,15.11
2011,PER_1000_LIVE_BIRTHS,M,,KZZHA,20.35
2011,PER_1000_LIVE_BIRTHS,M,,KZKAR,16.0
2011,PER_1000_LIVE_BIRTHS,M,,KZKUS,18.69
2011,PER_1000_LIVE_BIRTHS,M,,KZKZY,26.77
2011,PER_1000_LIVE_BIRTHS,M,,KZMAN,21.58
2011,PER_1000_LIVE_BIRTHS,M,,KZONT,22.53
2011,PER_1000_LIVE_BIRTHS,M,,KZPAV,16.26
2011,PER_1000_LIVE_BIRTHS,M,,KZSEV,18.25
2011,PER_1000_LIVE_BIRTHS,M,,KZVOS,24.62
2011,PER_1000_LIVE_BIRTHS,M,,KZNS,13.11
2011,PER_1000_LIVE_BIRTHS,M,,KZALA,21.45
2011,PER_1000_LIVE_BIRTHS,M,U,,20.2
2011,PER_1000_LIVE_BIRTHS,M,U,KZAKM,23.29
2011,PER_1000_LIVE_BIRTHS,M,U,KZAKT,15.78
2011,PER_1000_LIVE_BIRTHS,M,U,KZALM,18.63
2011,PER_1000_LIVE_BIRTHS,M,U,KZATY,21.04
2011,PER_1000_LIVE_BIRTHS,M,U,KZZAP,12.2
2011,PER_1000_LIVE_BIRTHS,M,U,KZZHA,22.97
2011,PER_1000_LIVE_BIRTHS,M,U,KZKAR,15.33
2011,PER_1000_LIVE_BIRTHS,M,U,KZKUS,16.83
2011,PER_1000_LIVE_BIRTHS,M,U,KZKZY,22.65
2011,PER_1000_LIVE_BIRTHS,M,U,KZMAN,22.35
2011,PER_1000_LIVE_BIRTHS,M,U,KZONT,27.75
2011,PER_1000_LIVE_BIRTHS,M,U,KZPAV,16.53
2011,PER_1000_LIVE_BIRTHS,M,U,KZSEV,18.55
2011,PER_1000_LIVE_BIRTHS,M,U,KZVOS,22.99
2011,PER_1000_LIVE_BIRTHS,M,U,KZNS,13.11
2011,PER_1000_LIVE_BIRTHS,M,U,KZALA,21.45
2011,PER_1000_LIVE_BIRTHS,M,R,,19.85
2011,PER_1000_LIVE_BIRTHS,M,R,KZAKM,18.15
2011,PER_1000_LIVE_BIRTHS,M,R,KZAKT,18.43
2011,PER_1000_LIVE_BIRTHS,M,R,KZALM,16.84
2011,PER_1000_LIVE_BIRTHS,M,R,KZATY,22.3
2011,PER_1000_LIVE_BIRTHS,M,R,KZZAP,18.62
2011,PER_1000_LIVE_BIRTHS,M,R,KZZHA,18.69
2011,PER_1000_LIVE_BIRTHS,M,R,KZKAR,18.48
2011,PER_1000_LIVE_BIRTHS,M,R,KZKUS,20.82
2011,PER_1000_LIVE_BIRTHS,M,R,KZKZY,30.28
2011,PER_1000_LIVE_BIRTHS,M,R,KZMAN,20.84
2011,PER_1000_LIVE_BIRTHS,M,R,KZONT,19.23
2011,PER_1000_LIVE_BIRTHS,M,R,KZPAV,15.73
2011,PER_1000_LIVE_BIRTHS,M,R,KZSEV,18.01
2011,PER_1000_LIVE_BIRTHS,M,R,KZVOS,26.93
2011,PER_1000_LIVE_BIRTHS,F,,,15.82
2011,PER_1000_LIVE_BIRTHS,F,,KZAKM,15.49
2011,PER_1000_LIVE_BIRTHS,F,,KZAKT,11.58
2011,PER_1000_LIVE_BIRTHS,F,,KZALM,12.76
2011,PER_1000_LIVE_BIRTHS,F,,KZATY,16.83
2011,PER_1000_LIVE_BIRTHS,F,,KZZAP,13.93
2011,PER_1000_LIVE_BIRTHS,F,,KZZHA,17.36
2011,PER_1000_LIVE_BIRTHS,F,,KZKAR,10.91
2011,PER_1000_LIVE_BIRTHS,F,,KZKUS,13.71
2011,PER_1000_LIVE_BIRTHS,F,,KZKZY,20.24
2011,PER_1000_LIVE_BIRTHS,F,,KZMAN,18.75
2011,PER_1000_LIVE_BIRTHS,F,,KZONT,18.67
2011,PER_1000_LIVE_BIRTHS,F,,KZPAV,14.67
2011,PER_1000_LIVE_BIRTHS,F,,KZSEV,11.5
2011,PER_1000_LIVE_BIRTHS,F,,KZVOS,17.73
2011,PER_1000_LIVE_BIRTHS,F,,KZNS,12.51
2011,PER_1000_LIVE_BIRTHS,F,,KZALA,17.27
2011,PER_1000_LIVE_BIRTHS,F,U,,15.41
2011,PER_1000_LIVE_BIRTHS,F,U,KZAKM,16.82
2011,PER_1000_LIVE_BIRTHS,F,U,KZAKT,9.95
2011,PER_1000_LIVE_BIRTHS,F,U,KZALM,13.15
2011,PER_1000_LIVE_BIRTHS,F,U,KZATY,14.26
2011,PER_1000_LIVE_BIRTHS,F,U,KZZAP,12.99
2011,PER_1000_LIVE_BIRTHS,F,U,KZZHA,18.19
2011,PER_1000_LIVE_BIRTHS,F,U,KZKAR,9.61
2011,PER_1000_LIVE_BIRTHS,F,U,KZKUS,12.58
2011,PER_1000_LIVE_BIRTHS,F,U,KZKZY,20.36
2011,PER_1000_LIVE_BIRTHS,F,U,KZMAN,17.48
2011,PER_1000_LIVE_BIRTHS,F,U,KZONT,21.35
2011,PER_1000_LIVE_BIRTHS,F,U,KZPAV,11.56
2011,PER_1000_LIVE_BIRTHS,F,U,KZSEV,9.39
2011,PER_1000_LIVE_BIRTHS,F,U,KZVOS,16.68
2011,PER_1000_LIVE_BIRTHS,F,U,KZNS,12.51
2011,PER_1000_LIVE_BIRTHS,F,U,KZALA,17.27
2011,PER_1000_LIVE_BIRTHS,F,R,,16.28
2011,PER_1000_LIVE_BIRTHS,F,R,KZAKM,14.1
2011,PER_1000_LIVE_BIRTHS,F,R,KZAKT,14.33
2011,PER_1000_LIVE_BIRTHS,F,R,KZALM,12.63
2011,PER_1000_LIVE_BIRTHS,F,R,KZATY,19.51
2011,PER_1000_LIVE_BIRTHS,F,R,KZZAP,15.02
2011,PER_1000_LIVE_BIRTHS,F,R,KZZHA,16.84
2011,PER_1000_LIVE_BIRTHS,F,R,KZKAR,15.7
2011,PER_1000_LIVE_BIRTHS,F,R,KZKUS,14.95
2011,PER_1000_LIVE_BIRTHS,F,R,KZKZY,20.13
2011,PER_1000_LIVE_BIRTHS,F,R,KZMAN,20.04
2011,PER_1000_LIVE_BIRTHS,F,R,KZONT,16.94
2011,PER_1000_LIVE_BIRTHS,F,R,KZPAV,21.14
2011,PER_1000_LIVE_BIRTHS,F,R,KZSEV,13.12
2011,PER_1000_LIVE_BIRTHS,F,R,KZVOS,19.19
2012,PER_1000_LIVE_BIRTHS,_T,,,16.36
2012,PER_1000_LIVE_BIRTHS,_T,,KZAKM,13.84
2012,PER_1000_LIVE_BIRTHS,_T,,KZAKT,16.3
2012,PER_1000_LIVE_BIRTHS,_T,,KZALM,14.55
2012,PER_1000_LIVE_BIRTHS,_T,,KZATY,19.12
2012,PER_1000_LIVE_BIRTHS,_T,,KZZAP,11.99
2012,PER_1000_LIVE_BIRTHS,_T,,KZZHA,17.06
2012,PER_1000_LIVE_BIRTHS,_T,,KZKAR,14.53
2012,PER_1000_LIVE_BIRTHS,_T,,KZKUS,17.01
2012,PER_1000_LIVE_BIRTHS,_T,,KZKZY,24.28
2012,PER_1000_LIVE_BIRTHS,_T,,KZMAN,15.98
2012,PER_1000_LIVE_BIRTHS,_T,,KZONT,18.49
2012,PER_1000_LIVE_BIRTHS,_T,,KZPAV,10.88
2012,PER_1000_LIVE_BIRTHS,_T,,KZSEV,13.07
2012,PER_1000_LIVE_BIRTHS,_T,,KZVOS,18.3
2012,PER_1000_LIVE_BIRTHS,_T,,KZNS,13.26
2012,PER_1000_LIVE_BIRTHS,_T,,KZALA,14.08
2012,PER_1000_LIVE_BIRTHS,_T,U,,15.74
2012,PER_1000_LIVE_BIRTHS,_T,U,KZAKM,15.66
2012,PER_1000_LIVE_BIRTHS,_T,U,KZAKT,17.55
2012,PER_1000_LIVE_BIRTHS,_T,U,KZALM,13.93
2012,PER_1000_LIVE_BIRTHS,_T,U,KZATY,19.69
2012,PER_1000_LIVE_BIRTHS,_T,U,KZZAP,8.9
2012,PER_1000_LIVE_BIRTHS,_T,U,KZZHA,15.61
2012,PER_1000_LIVE_BIRTHS,_T,U,KZKAR,14.4
2012,PER_1000_LIVE_BIRTHS,_T,U,KZKUS,15.36
2012,PER_1000_LIVE_BIRTHS,_T,U,KZKZY,21.36
2012,PER_1000_LIVE_BIRTHS,_T,U,KZMAN,14.89
2012,PER_1000_LIVE_BIRTHS,_T,U,KZONT,19.46
2012,PER_1000_LIVE_BIRTHS,_T,U,KZPAV,10.1
2012,PER_1000_LIVE_BIRTHS,_T,U,KZSEV,13.02
2012,PER_1000_LIVE_BIRTHS,_T,U,KZVOS,18.12
2012,PER_1000_LIVE_BIRTHS,_T,U,KZNS,13.26
2012,PER_1000_LIVE_BIRTHS,_T,U,KZALA,14.08
2012,PER_1000_LIVE_BIRTHS,_T,R,,17.1
2012,PER_1000_LIVE_BIRTHS,_T,R,KZAKM,11.89
2012,PER_1000_LIVE_BIRTHS,_T,R,KZAKT,14.03
2012,PER_1000_LIVE_BIRTHS,_T,R,KZALM,14.75
2012,PER_1000_LIVE_BIRTHS,_T,R,KZATY,18.51
2012,PER_1000_LIVE_BIRTHS,_T,R,KZZAP,15.8
2012,PER_1000_LIVE_BIRTHS,_T,R,KZZHA,18.05
2012,PER_1000_LIVE_BIRTHS,_T,R,KZKAR,14.98
2012,PER_1000_LIVE_BIRTHS,_T,R,KZKUS,19.04
2012,PER_1000_LIVE_BIRTHS,_T,R,KZKZY,26.8
2012,PER_1000_LIVE_BIRTHS,_T,R,KZMAN,16.96
2012,PER_1000_LIVE_BIRTHS,_T,R,KZONT,17.85
2012,PER_1000_LIVE_BIRTHS,_T,R,KZPAV,12.58
2012,PER_1000_LIVE_BIRTHS,_T,R,KZSEV,13.11
2012,PER_1000_LIVE_BIRTHS,_T,R,KZVOS,18.59
2012,PER_1000_LIVE_BIRTHS,M,,,18.2
2012,PER_1000_LIVE_BIRTHS,M,,KZAKM,15.0
2012,PER_1000_LIVE_BIRTHS,M,,KZAKT,16.81
2012,PER_1000_LIVE_BIRTHS,M,,KZALM,17.49
2012,PER_1000_LIVE_BIRTHS,M,,KZATY,19.82
2012,PER_1000_LIVE_BIRTHS,M,,KZZAP,15.23
2012,PER_1000_LIVE_BIRTHS,M,,KZZHA,19.62
2012,PER_1000_LIVE_BIRTHS,M,,KZKAR,16.17
2012,PER_1000_LIVE_BIRTHS,M,,KZKUS,20.03
2012,PER_1000_LIVE_BIRTHS,M,,KZKZY,27.42
2012,PER_1000_LIVE_BIRTHS,M,,KZMAN,16.98
2012,PER_1000_LIVE_BIRTHS,M,,KZONT,20.19
2012,PER_1000_LIVE_BIRTHS,M,,KZPAV,12.09
2012,PER_1000_LIVE_BIRTHS,M,,KZSEV,14.57
2012,PER_1000_LIVE_BIRTHS,M,,KZVOS,19.99
2012,PER_1000_LIVE_BIRTHS,M,,KZNS,14.33
2012,PER_1000_LIVE_BIRTHS,M,,KZALA,15.08
2012,PER_1000_LIVE_BIRTHS,M,U,,17.37
2012,PER_1000_LIVE_BIRTHS,M,U,KZAKM,17.75
2012,PER_1000_LIVE_BIRTHS,M,U,KZAKT,18.32
2012,PER_1000_LIVE_BIRTHS,M,U,KZALM,15.99
2012,PER_1000_LIVE_BIRTHS,M,U,KZATY,21.13
2012,PER_1000_LIVE_BIRTHS,M,U,KZZAP,11.84
2012,PER_1000_LIVE_BIRTHS,M,U,KZZHA,16.51
2012,PER_1000_LIVE_BIRTHS,M,U,KZKAR,16.37
2012,PER_1000_LIVE_BIRTHS,M,U,KZKUS,18.16
2012,PER_1000_LIVE_BIRTHS,M,U,KZKZY,24.73
2012,PER_1000_LIVE_BIRTHS,M,U,KZMAN,14.81
2012,PER_1000_LIVE_BIRTHS,M,U,KZONT,21.88
2012,PER_1000_LIVE_BIRTHS,M,U,KZPAV,11.7
2012,PER_1000_LIVE_BIRTHS,M,U,KZSEV,12.65
2012,PER_1000_LIVE_BIRTHS,M,U,KZVOS,19.47
2012,PER_1000_LIVE_BIRTHS,M,U,KZNS,14.33
2012,PER_1000_LIVE_BIRTHS,M,U,KZALA,15.08
2012,PER_1000_LIVE_BIRTHS,M,R,,19.18
2012,PER_1000_LIVE_BIRTHS,M,R,KZAKM,12.1
2012,PER_1000_LIVE_BIRTHS,M,R,KZAKT,14.06
2012,PER_1000_LIVE_BIRTHS,M,R,KZALM,17.99
2012,PER_1000_LIVE_BIRTHS,M,R,KZATY,18.42
2012,PER_1000_LIVE_BIRTHS,M,R,KZZAP,19.38
2012,PER_1000_LIVE_BIRTHS,M,R,KZZHA,21.7
2012,PER_1000_LIVE_BIRTHS,M,R,KZKAR,15.46
2012,PER_1000_LIVE_BIRTHS,M,R,KZKUS,22.29
2012,PER_1000_LIVE_BIRTHS,M,R,KZKZY,29.71
2012,PER_1000_LIVE_BIRTHS,M,R,KZMAN,18.94
2012,PER_1000_LIVE_BIRTHS,M,R,KZONT,19.07
2012,PER_1000_LIVE_BIRTHS,M,R,KZPAV,12.91
2012,PER_1000_LIVE_BIRTHS,M,R,KZSEV,16.2
2012,PER_1000_LIVE_BIRTHS,M,R,KZVOS,20.82
2012,PER_1000_LIVE_BIRTHS,F,,,14.42
2012,PER_1000_LIVE_BIRTHS,F,,KZAKM,12.65
2012,PER_1000_LIVE_BIRTHS,F,,KZAKT,15.74
2012,PER_1000_LIVE_BIRTHS,F,,KZALM,11.51
2012,PER_1000_LIVE_BIRTHS,F,,KZATY,18.38
2012,PER_1000_LIVE_BIRTHS,F,,KZZAP,8.51
2012,PER_1000_LIVE_BIRTHS,F,,KZZHA,14.4
2012,PER_1000_LIVE_BIRTHS,F,,KZKAR,12.78
2012,PER_1000_LIVE_BIRTHS,F,,KZKUS,13.91
2012,PER_1000_LIVE_BIRTHS,F,,KZKZY,20.87
2012,PER_1000_LIVE_BIRTHS,F,,KZMAN,14.94
2012,PER_1000_LIVE_BIRTHS,F,,KZONT,16.67
2012,PER_1000_LIVE_BIRTHS,F,,KZPAV,9.6
2012,PER_1000_LIVE_BIRTHS,F,,KZSEV,11.51
2012,PER_1000_LIVE_BIRTHS,F,,KZVOS,16.55
2012,PER_1000_LIVE_BIRTHS,F,,KZNS,12.13
2012,PER_1000_LIVE_BIRTHS,F,,KZALA,13.03
2012,PER_1000_LIVE_BIRTHS,F,U,,14.02
2012,PER_1000_LIVE_BIRTHS,F,U,KZAKM,13.55
2012,PER_1000_LIVE_BIRTHS,F,U,KZAKT,16.71
2012,PER_1000_LIVE_BIRTHS,F,U,KZALM,11.81
2012,PER_1000_LIVE_BIRTHS,F,U,KZATY,18.18
2012,PER_1000_LIVE_BIRTHS,F,U,KZZAP,5.74
2012,PER_1000_LIVE_BIRTHS,F,U,KZZHA,14.71
2012,PER_1000_LIVE_BIRTHS,F,U,KZKAR,12.32
2012,PER_1000_LIVE_BIRTHS,F,U,KZKUS,12.53
2012,PER_1000_LIVE_BIRTHS,F,U,KZKZY,17.74
2012,PER_1000_LIVE_BIRTHS,F,U,KZMAN,14.98
2012,PER_1000_LIVE_BIRTHS,F,U,KZONT,16.89
2012,PER_1000_LIVE_BIRTHS,F,U,KZPAV,8.4
2012,PER_1000_LIVE_BIRTHS,F,U,KZSEV,13.43
2012,PER_1000_LIVE_BIRTHS,F,U,KZVOS,16.71
2012,PER_1000_LIVE_BIRTHS,F,U,KZNS,12.13
2012,PER_1000_LIVE_BIRTHS,F,U,KZALA,13.03
2012,PER_1000_LIVE_BIRTHS,F,R,,14.89
2012,PER_1000_LIVE_BIRTHS,F,R,KZAKM,11.67
2012,PER_1000_LIVE_BIRTHS,F,R,KZAKT,14.01
2012,PER_1000_LIVE_BIRTHS,F,R,KZALM,11.4
2012,PER_1000_LIVE_BIRTHS,F,R,KZATY,18.6
2012,PER_1000_LIVE_BIRTHS,F,R,KZZAP,11.94
2012,PER_1000_LIVE_BIRTHS,F,R,KZZHA,14.18
2012,PER_1000_LIVE_BIRTHS,F,R,KZKAR,14.47
2012,PER_1000_LIVE_BIRTHS,F,R,KZKUS,15.64
2012,PER_1000_LIVE_BIRTHS,F,R,KZKZY,23.6
2012,PER_1000_LIVE_BIRTHS,F,R,KZMAN,14.9
2012,PER_1000_LIVE_BIRTHS,F,R,KZONT,16.53
2012,PER_1000_LIVE_BIRTHS,F,R,KZPAV,12.23
2012,PER_1000_LIVE_BIRTHS,F,R,KZSEV,10.01
2012,PER_1000_LIVE_BIRTHS,F,R,KZVOS,16.29
2013,PER_1000_LIVE_BIRTHS,_T,,,14.19
2013,PER_1000_LIVE_BIRTHS,_T,,KZAKM,14.78
2013,PER_1000_LIVE_BIRTHS,_T,,KZAKT,13.54
2013,PER_1000_LIVE_BIRTHS,_T,,KZALM,12.25
2013,PER_1000_LIVE_BIRTHS,_T,,KZATY,11.89
2013,PER_1000_LIVE_BIRTHS,_T,,KZZAP,9.75
2013,PER_1000_LIVE_BIRTHS,_T,,KZZHA,16.58
2013,PER_1000_LIVE_BIRTHS,_T,,KZKAR,11.59
2013,PER_1000_LIVE_BIRTHS,_T,,KZKUS,14.2
2013,PER_1000_LIVE_BIRTHS,_T,,KZKZY,19.67
2013,PER_1000_LIVE_BIRTHS,_T,,KZMAN,11.79
2013,PER_1000_LIVE_BIRTHS,_T,,KZONT,17.47
2013,PER_1000_LIVE_BIRTHS,_T,,KZPAV,10.38
2013,PER_1000_LIVE_BIRTHS,_T,,KZSEV,13.67
2013,PER_1000_LIVE_BIRTHS,_T,,KZVOS,15.73
2013,PER_1000_LIVE_BIRTHS,_T,,KZNS,11.6
2013,PER_1000_LIVE_BIRTHS,_T,,KZALA,11.86
2013,PER_1000_LIVE_BIRTHS,_T,U,,13.65
2013,PER_1000_LIVE_BIRTHS,_T,U,KZAKM,16.04
2013,PER_1000_LIVE_BIRTHS,_T,U,KZAKT,13.25
2013,PER_1000_LIVE_BIRTHS,_T,U,KZALM,12.78
2013,PER_1000_LIVE_BIRTHS,_T,U,KZATY,11.28
2013,PER_1000_LIVE_BIRTHS,_T,U,KZZAP,9.29
2013,PER_1000_LIVE_BIRTHS,_T,U,KZZHA,21.21
2013,PER_1000_LIVE_BIRTHS,_T,U,KZKAR,10.91
2013,PER_1000_LIVE_BIRTHS,_T,U,KZKUS,13.22
2013,PER_1000_LIVE_BIRTHS,_T,U,KZKZY,17.39
2013,PER_1000_LIVE_BIRTHS,_T,U,KZMAN,10.74
2013,PER_1000_LIVE_BIRTHS,_T,U,KZONT,17.76
2013,PER_1000_LIVE_BIRTHS,_T,U,KZPAV,9.84
2013,PER_1000_LIVE_BIRTHS,_T,U,KZSEV,13.25
2013,PER_1000_LIVE_BIRTHS,_T,U,KZVOS,14.64
2013,PER_1000_LIVE_BIRTHS,_T,U,KZNS,11.6
2013,PER_1000_LIVE_BIRTHS,_T,U,KZALA,11.86
2013,PER_1000_LIVE_BIRTHS,_T,R,,14.83
2013,PER_1000_LIVE_BIRTHS,_T,R,KZAKM,13.39
2013,PER_1000_LIVE_BIRTHS,_T,R,KZAKT,14.09
2013,PER_1000_LIVE_BIRTHS,_T,R,KZALM,12.08
2013,PER_1000_LIVE_BIRTHS,_T,R,KZATY,12.53
2013,PER_1000_LIVE_BIRTHS,_T,R,KZZAP,10.31
2013,PER_1000_LIVE_BIRTHS,_T,R,KZZHA,13.67
2013,PER_1000_LIVE_BIRTHS,_T,R,KZKAR,14.2
2013,PER_1000_LIVE_BIRTHS,_T,R,KZKUS,15.43
2013,PER_1000_LIVE_BIRTHS,_T,R,KZKZY,21.6
2013,PER_1000_LIVE_BIRTHS,_T,R,KZMAN,12.75
2013,PER_1000_LIVE_BIRTHS,_T,R,KZONT,17.28
2013,PER_1000_LIVE_BIRTHS,_T,R,KZPAV,11.52
2013,PER_1000_LIVE_BIRTHS,_T,R,KZSEV,14.01
2013,PER_1000_LIVE_BIRTHS,_T,R,KZVOS,17.48
2013,PER_1000_LIVE_BIRTHS,M,,,15.88
2013,PER_1000_LIVE_BIRTHS,M,,KZAKM,17.36
2013,PER_1000_LIVE_BIRTHS,M,,KZAKT,15.36
2013,PER_1000_LIVE_BIRTHS,M,,KZALM,14.37
2013,PER_1000_LIVE_BIRTHS,M,,KZATY,12.63
2013,PER_1000_LIVE_BIRTHS,M,,KZZAP,11.66
2013,PER_1000_LIVE_BIRTHS,M,,KZZHA,17.25
2013,PER_1000_LIVE_BIRTHS,M,,KZKAR,12.64
2013,PER_1000_LIVE_BIRTHS,M,,KZKUS,17.03
2013,PER_1000_LIVE_BIRTHS,M,,KZKZY,20.74
2013,PER_1000_LIVE_BIRTHS,M,,KZMAN,12.98
2013,PER_1000_LIVE_BIRTHS,M,,KZONT,19.46
2013,PER_1000_LIVE_BIRTHS,M,,KZPAV,11.98
2013,PER_1000_LIVE_BIRTHS,M,,KZSEV,13.9
2013,PER_1000_LIVE_BIRTHS,M,,KZVOS,18.27
2013,PER_1000_LIVE_BIRTHS,M,,KZNS,12.56
2013,PER_1000_LIVE_BIRTHS,M,,KZALA,14.16
2013,PER_1000_LIVE_BIRTHS,M,U,,14.99
2013,PER_1000_LIVE_BIRTHS,M,U,KZAKM,16.97
2013,PER_1000_LIVE_BIRTHS,M,U,KZAKT,14.28
2013,PER_1000_LIVE_BIRTHS,M,U,KZALM,15.42
2013,PER_1000_LIVE_BIRTHS,M,U,KZATY,11.61
2013,PER_1000_LIVE_BIRTHS,M,U,KZZAP,10.79
2013,PER_1000_LIVE_BIRTHS,M,U,KZZHA,20.8
2013,PER_1000_LIVE_BIRTHS,M,U,KZKAR,11.02
2013,PER_1000_LIVE_BIRTHS,M,U,KZKUS,17.43
2013,PER_1000_LIVE_BIRTHS,M,U,KZKZY,16.17
2013,PER_1000_LIVE_BIRTHS,M,U,KZMAN,11.46
2013,PER_1000_LIVE_BIRTHS,M,U,KZONT,19.83
2013,PER_1000_LIVE_BIRTHS,M,U,KZPAV,10.34
2013,PER_1000_LIVE_BIRTHS,M,U,KZSEV,15.49
2013,PER_1000_LIVE_BIRTHS,M,U,KZVOS,16.99
2013,PER_1000_LIVE_BIRTHS,M,U,KZNS,12.56
2013,PER_1000_LIVE_BIRTHS,M,U,KZALA,14.16
2013,PER_1000_LIVE_BIRTHS,M,R,,16.93
2013,PER_1000_LIVE_BIRTHS,M,R,KZAKM,17.78
2013,PER_1000_LIVE_BIRTHS,M,R,KZAKT,17.37
2013,PER_1000_LIVE_BIRTHS,M,R,KZALM,14.03
2013,PER_1000_LIVE_BIRTHS,M,R,KZATY,13.69
2013,PER_1000_LIVE_BIRTHS,M,R,KZZAP,12.74
2013,PER_1000_LIVE_BIRTHS,M,R,KZZHA,15.04
2013,PER_1000_LIVE_BIRTHS,M,R,KZKAR,18.95
2013,PER_1000_LIVE_BIRTHS,M,R,KZKUS,16.55
2013,PER_1000_LIVE_BIRTHS,M,R,KZKZY,24.54
2013,PER_1000_LIVE_BIRTHS,M,R,KZMAN,14.37
2013,PER_1000_LIVE_BIRTHS,M,R,KZONT,19.23
2013,PER_1000_LIVE_BIRTHS,M,R,KZPAV,15.44
2013,PER_1000_LIVE_BIRTHS,M,R,KZSEV,12.61
2013,PER_1000_LIVE_BIRTHS,M,R,KZVOS,20.38
2013,PER_1000_LIVE_BIRTHS,F,,,12.38
2013,PER_1000_LIVE_BIRTHS,F,,KZAKM,12.04
2013,PER_1000_LIVE_BIRTHS,F,,KZAKT,11.59
2013,PER_1000_LIVE_BIRTHS,F,,KZALM,10.03
2013,PER_1000_LIVE_BIRTHS,F,,KZATY,11.11
2013,PER_1000_LIVE_BIRTHS,F,,KZZAP,7.62
2013,PER_1000_LIVE_BIRTHS,F,,KZZHA,15.86
2013,PER_1000_LIVE_BIRTHS,F,,KZKAR,10.48
2013,PER_1000_LIVE_BIRTHS,F,,KZKUS,11.21
2013,PER_1000_LIVE_BIRTHS,F,,KZKZY,18.51
2013,PER_1000_LIVE_BIRTHS,F,,KZMAN,10.52
2013,PER_1000_LIVE_BIRTHS,F,,KZONT,15.35
2013,PER_1000_LIVE_BIRTHS,F,,KZPAV,8.62
2013,PER_1000_LIVE_BIRTHS,F,,KZSEV,13.41
2013,PER_1000_LIVE_BIRTHS,F,,KZVOS,13.02
2013,PER_1000_LIVE_BIRTHS,F,,KZNS,10.56
2013,PER_1000_LIVE_BIRTHS,F,,KZALA,9.43
2013,PER_1000_LIVE_BIRTHS,F,U,,12.22
2013,PER_1000_LIVE_BIRTHS,F,U,KZAKM,15.05
2013,PER_1000_LIVE_BIRTHS,F,U,KZAKT,12.15
2013,PER_1000_LIVE_BIRTHS,F,U,KZALM,9.98
2013,PER_1000_LIVE_BIRTHS,F,U,KZATY,10.93
2013,PER_1000_LIVE_BIRTHS,F,U,KZZAP,7.59
2013,PER_1000_LIVE_BIRTHS,F,U,KZZHA,21.63
2013,PER_1000_LIVE_BIRTHS,F,U,KZKAR,10.81
2013,PER_1000_LIVE_BIRTHS,F,U,KZKUS,8.92
2013,PER_1000_LIVE_BIRTHS,F,U,KZKZY,18.68
2013,PER_1000_LIVE_BIRTHS,F,U,KZMAN,9.96
2013,PER_1000_LIVE_BIRTHS,F,U,KZONT,15.54
2013,PER_1000_LIVE_BIRTHS,F,U,KZPAV,9.31
2013,PER_1000_LIVE_BIRTHS,F,U,KZSEV,10.82
2013,PER_1000_LIVE_BIRTHS,F,U,KZVOS,12.11
2013,PER_1000_LIVE_BIRTHS,F,U,KZNS,10.56
2013,PER_1000_LIVE_BIRTHS,F,U,KZALA,9.43
2013,PER_1000_LIVE_BIRTHS,F,R,,12.58
2013,PER_1000_LIVE_BIRTHS,F,R,KZAKM,8.74
2013,PER_1000_LIVE_BIRTHS,F,R,KZAKT,10.53
2013,PER_1000_LIVE_BIRTHS,F,R,KZALM,10.04
2013,PER_1000_LIVE_BIRTHS,F,R,KZATY,11.31
2013,PER_1000_LIVE_BIRTHS,F,R,KZZAP,7.66
2013,PER_1000_LIVE_BIRTHS,F,R,KZZHA,12.17
2013,PER_1000_LIVE_BIRTHS,F,R,KZKAR,9.25
2013,PER_1000_LIVE_BIRTHS,F,R,KZKUS,14.2
2013,PER_1000_LIVE_BIRTHS,F,R,KZKZY,18.36
2013,PER_1000_LIVE_BIRTHS,F,R,KZMAN,11.02
2013,PER_1000_LIVE_BIRTHS,F,R,KZONT,15.22
2013,PER_1000_LIVE_BIRTHS,F,R,KZPAV,7.13
2013,PER_1000_LIVE_BIRTHS,F,R,KZSEV,15.53
2013,PER_1000_LIVE_BIRTHS,F,R,KZVOS,14.46
2014,PER_1000_LIVE_BIRTHS,_T,,,12.35
2014,PER_1000_LIVE_BIRTHS,_T,,KZAKM,11.95
2014,PER_1000_LIVE_BIRTHS,_T,,KZAKT,11.77
2014,PER_1000_LIVE_BIRTHS,_T,,KZALM,11.27
2014,PER_1000_LIVE_BIRTHS,_T,,KZATY,11.72
2014,PER_1000_LIVE_BIRTHS,_T,,KZZAP,10.89
2014,PER_1000_LIVE_BIRTHS,_T,,KZZHA,13.29
2014,PER_1000_LIVE_BIRTHS,_T,,KZKAR,10.92
2014,PER_1000_LIVE_BIRTHS,_T,,KZKUS,14.1
2014,PER_1000_LIVE_BIRTHS,_T,,KZKZY,16.95
2014,PER_1000_LIVE_BIRTHS,_T,,KZMAN,11.36
2014,PER_1000_LIVE_BIRTHS,_T,,KZONT,15.0
2014,PER_1000_LIVE_BIRTHS,_T,,KZPAV,9.89
2014,PER_1000_LIVE_BIRTHS,_T,,KZSEV,10.83
2014,PER_1000_LIVE_BIRTHS,_T,,KZVOS,13.23
2014,PER_1000_LIVE_BIRTHS,_T,,KZNS,8.3
2014,PER_1000_LIVE_BIRTHS,_T,,KZALA,9.4
2014,PER_1000_LIVE_BIRTHS,_T,U,,11.94
2014,PER_1000_LIVE_BIRTHS,_T,U,KZAKM,11.39
2014,PER_1000_LIVE_BIRTHS,_T,U,KZAKT,12.22
2014,PER_1000_LIVE_BIRTHS,_T,U,KZALM,10.3
2014,PER_1000_LIVE_BIRTHS,_T,U,KZATY,10.8
2014,PER_1000_LIVE_BIRTHS,_T,U,KZZAP,10.76
2014,PER_1000_LIVE_BIRTHS,_T,U,KZZHA,17.59
2014,PER_1000_LIVE_BIRTHS,_T,U,KZKAR,10.06
2014,PER_1000_LIVE_BIRTHS,_T,U,KZKUS,13.53
2014,PER_1000_LIVE_BIRTHS,_T,U,KZKZY,16.89
2014,PER_1000_LIVE_BIRTHS,_T,U,KZMAN,11.73
2014,PER_1000_LIVE_BIRTHS,_T,U,KZONT,15.67
2014,PER_1000_LIVE_BIRTHS,_T,U,KZPAV,8.8
2014,PER_1000_LIVE_BIRTHS,_T,U,KZSEV,9.03
2014,PER_1000_LIVE_BIRTHS,_T,U,KZVOS,13.12
2014,PER_1000_LIVE_BIRTHS,_T,U,KZNS,8.3
2014,PER_1000_LIVE_BIRTHS,_T,U,KZALA,9.4
2014,PER_1000_LIVE_BIRTHS,_T,R,,12.86
2014,PER_1000_LIVE_BIRTHS,_T,R,KZAKM,12.58
2014,PER_1000_LIVE_BIRTHS,_T,R,KZAKT,10.91
2014,PER_1000_LIVE_BIRTHS,_T,R,KZALM,11.6
2014,PER_1000_LIVE_BIRTHS,_T,R,KZATY,12.62
2014,PER_1000_LIVE_BIRTHS,_T,R,KZZAP,11.04
2014,PER_1000_LIVE_BIRTHS,_T,R,KZZHA,10.58
2014,PER_1000_LIVE_BIRTHS,_T,R,KZKAR,14.24
2014,PER_1000_LIVE_BIRTHS,_T,R,KZKUS,14.82
2014,PER_1000_LIVE_BIRTHS,_T,R,KZKZY,16.99
2014,PER_1000_LIVE_BIRTHS,_T,R,KZMAN,11.02
2014,PER_1000_LIVE_BIRTHS,_T,R,KZONT,14.44
2014,PER_1000_LIVE_BIRTHS,_T,R,KZPAV,12.31
2014,PER_1000_LIVE_BIRTHS,_T,R,KZSEV,12.45
2014,PER_1000_LIVE_BIRTHS,_T,R,KZVOS,13.42
2014,PER_1000_LIVE_BIRTHS,M,,,13.56
2014,PER_1000_LIVE_BIRTHS,M,,KZAKM,13.58
2014,PER_1000_LIVE_BIRTHS,M,,KZAKT,12.08
2014,PER_1000_LIVE_BIRTHS,M,,KZALM,12.26
2014,PER_1000_LIVE_BIRTHS,M,,KZATY,12.49
2014,PER_1000_LIVE_BIRTHS,M,,KZZAP,12.04
2014,PER_1000_LIVE_BIRTHS,M,,KZZHA,14.04
2014,PER_1000_LIVE_BIRTHS,M,,KZKAR,12.8
2014,PER_1000_LIVE_BIRTHS,M,,KZKUS,15.01
2014,PER_1000_LIVE_BIRTHS,M,,KZKZY,18.38
2014,PER_1000_LIVE_BIRTHS,M,,KZMAN,13.49
2014,PER_1000_LIVE_BIRTHS,M,,KZONT,16.68
2014,PER_1000_LIVE_BIRTHS,M,,KZPAV,10.15
2014,PER_1000_LIVE_BIRTHS,M,,KZSEV,11.85
2014,PER_1000_LIVE_BIRTHS,M,,KZVOS,13.9
2014,PER_1000_LIVE_BIRTHS,M,,KZNS,9.54
2014,PER_1000_LIVE_BIRTHS,M,,KZALA,10.65
2014,PER_1000_LIVE_BIRTHS,M,U,,12.99
2014,PER_1000_LIVE_BIRTHS,M,U,KZAKM,12.68
2014,PER_1000_LIVE_BIRTHS,M,U,KZAKT,12.14
2014,PER_1000_LIVE_BIRTHS,M,U,KZALM,9.7
2014,PER_1000_LIVE_BIRTHS,M,U,KZATY,11.32
2014,PER_1000_LIVE_BIRTHS,M,U,KZZAP,11.01
2014,PER_1000_LIVE_BIRTHS,M,U,KZZHA,18.3
2014,PER_1000_LIVE_BIRTHS,M,U,KZKAR,11.68
2014,PER_1000_LIVE_BIRTHS,M,U,KZKUS,13.45
2014,PER_1000_LIVE_BIRTHS,M,U,KZKZY,18.45
2014,PER_1000_LIVE_BIRTHS,M,U,KZMAN,14.02
2014,PER_1000_LIVE_BIRTHS,M,U,KZONT,17.77
2014,PER_1000_LIVE_BIRTHS,M,U,KZPAV,8.03
2014,PER_1000_LIVE_BIRTHS,M,U,KZSEV,8.82
2014,PER_1000_LIVE_BIRTHS,M,U,KZVOS,14.22
2014,PER_1000_LIVE_BIRTHS,M,U,KZNS,9.54
2014,PER_1000_LIVE_BIRTHS,M,U,KZALA,10.65
2014,PER_1000_LIVE_BIRTHS,M,R,,14.28
2014,PER_1000_LIVE_BIRTHS,M,R,KZAKM,14.6
2014,PER_1000_LIVE_BIRTHS,M,R,KZAKT,11.97
2014,PER_1000_LIVE_BIRTHS,M,R,KZALM,13.12
2014,PER_1000_LIVE_BIRTHS,M,R,KZATY,13.66
2014,PER_1000_LIVE_BIRTHS,M,R,KZZAP,13.19
2014,PER_1000_LIVE_BIRTHS,M,R,KZZHA,11.34
2014,PER_1000_LIVE_BIRTHS,M,R,KZKAR,17.16
2014,PER_1000_LIVE_BIRTHS,M,R,KZKUS,16.99
2014,PER_1000_LIVE_BIRTHS,M,R,KZKZY,18.32
2014,PER_1000_LIVE_BIRTHS,M,R,KZMAN,13.01
2014,PER_1000_LIVE_BIRTHS,M,R,KZONT,15.75
2014,PER_1000_LIVE_BIRTHS,M,R,KZPAV,14.83
2014,PER_1000_LIVE_BIRTHS,M,R,KZSEV,14.69
2014,PER_1000_LIVE_BIRTHS,M,R,KZVOS,13.41
2014,PER_1000_LIVE_BIRTHS,F,,,11.06
2014,PER_1000_LIVE_BIRTHS,F,,KZAKM,10.24
2014,PER_1000_LIVE_BIRTHS,F,,KZAKT,11.43
2014,PER_1000_LIVE_BIRTHS,F,,KZALM,10.22
2014,PER_1000_LIVE_BIRTHS,F,,KZATY,10.88
2014,PER_1000_LIVE_BIRTHS,F,,KZZAP,9.66
2014,PER_1000_LIVE_BIRTHS,F,,KZZHA,12.5
2014,PER_1000_LIVE_BIRTHS,F,,KZKAR,8.92
2014,PER_1000_LIVE_BIRTHS,F,,KZKUS,13.15
2014,PER_1000_LIVE_BIRTHS,F,,KZKZY,15.43
2014,PER_1000_LIVE_BIRTHS,F,,KZMAN,9.09
2014,PER_1000_LIVE_BIRTHS,F,,KZONT,13.23
2014,PER_1000_LIVE_BIRTHS,F,,KZPAV,9.62
2014,PER_1000_LIVE_BIRTHS,F,,KZSEV,9.76
2014,PER_1000_LIVE_BIRTHS,F,,KZVOS,12.52
2014,PER_1000_LIVE_BIRTHS,F,,KZNS,7.0
2014,PER_1000_LIVE_BIRTHS,F,,KZALA,8.06
2014,PER_1000_LIVE_BIRTHS,F,U,,10.81
2014,PER_1000_LIVE_BIRTHS,F,U,KZAKM,10.03
2014,PER_1000_LIVE_BIRTHS,F,U,KZAKT,12.32
2014,PER_1000_LIVE_BIRTHS,F,U,KZALM,10.93
2014,PER_1000_LIVE_BIRTHS,F,U,KZATY,10.24
2014,PER_1000_LIVE_BIRTHS,F,U,KZZAP,10.48
2014,PER_1000_LIVE_BIRTHS,F,U,KZZHA,16.85
2014,PER_1000_LIVE_BIRTHS,F,U,KZKAR,8.34
2014,PER_1000_LIVE_BIRTHS,F,U,KZKUS,13.62
2014,PER_1000_LIVE_BIRTHS,F,U,KZKZY,15.21
2014,PER_1000_LIVE_BIRTHS,F,U,KZMAN,9.34
2014,PER_1000_LIVE_BIRTHS,F,U,KZONT,13.42
2014,PER_1000_LIVE_BIRTHS,F,U,KZPAV,9.61
2014,PER_1000_LIVE_BIRTHS,F,U,KZSEV,9.25
2014,PER_1000_LIVE_BIRTHS,F,U,KZVOS,11.98
2014,PER_1000_LIVE_BIRTHS,F,U,KZNS,7.0
2014,PER_1000_LIVE_BIRTHS,F,U,KZALA,8.06
2014,PER_1000_LIVE_BIRTHS,F,R,,11.36
2014,PER_1000_LIVE_BIRTHS,F,R,KZAKM,10.47
2014,PER_1000_LIVE_BIRTHS,F,R,KZAKT,9.78
2014,PER_1000_LIVE_BIRTHS,F,R,KZALM,9.98
2014,PER_1000_LIVE_BIRTHS,F,R,KZATY,11.51
2014,PER_1000_LIVE_BIRTHS,F,R,KZZAP,8.74
2014,PER_1000_LIVE_BIRTHS,F,R,KZZHA,9.78
2014,PER_1000_LIVE_BIRTHS,F,R,KZKAR,11.18
2014,PER_1000_LIVE_BIRTHS,F,R,KZKUS,12.57
2014,PER_1000_LIVE_BIRTHS,F,R,KZKZY,15.62
2014,PER_1000_LIVE_BIRTHS,F,R,KZMAN,8.86
2014,PER_1000_LIVE_BIRTHS,F,R,KZONT,13.07
2014,PER_1000_LIVE_BIRTHS,F,R,KZPAV,9.64
2014,PER_1000_LIVE_BIRTHS,F,R,KZSEV,10.19
2014,PER_1000_LIVE_BIRTHS,F,R,KZVOS,13.43
2015,PER_1000_LIVE_BIRTHS,_T,,,12.04
2015,PER_1000_LIVE_BIRTHS,_T,,KZAKM,10.02
2015,PER_1000_LIVE_BIRTHS,_T,,KZAKT,12.26
2015,PER_1000_LIVE_BIRTHS,_T,,KZALM,10.77
2015,PER_1000_LIVE_BIRTHS,_T,,KZATY,9.56
2015,PER_1000_LIVE_BIRTHS,_T,,KZZAP,10.64
2015,PER_1000_LIVE_BIRTHS,_T,,KZZHA,13.87
2015,PER_1000_LIVE_BIRTHS,_T,,KZKAR,11.14
2015,PER_1000_LIVE_BIRTHS,_T,,KZKUS,12.84
2015,PER_1000_LIVE_BIRTHS,_T,,KZKZY,15.25
2015,PER_1000_LIVE_BIRTHS,_T,,KZMAN,12.33
2015,PER_1000_LIVE_BIRTHS,_T,,KZONT,14.67
2015,PER_1000_LIVE_BIRTHS,_T,,KZPAV,9.08
2015,PER_1000_LIVE_BIRTHS,_T,,KZSEV,10.21
2015,PER_1000_LIVE_BIRTHS,_T,,KZVOS,12.19
2015,PER_1000_LIVE_BIRTHS,_T,,KZNS,8.95
2015,PER_1000_LIVE_BIRTHS,_T,,KZALA,10.37
2015,PER_1000_LIVE_BIRTHS,_T,U,,11.78
2015,PER_1000_LIVE_BIRTHS,_T,U,KZAKM,10.67
2015,PER_1000_LIVE_BIRTHS,_T,U,KZAKT,11.91
2015,PER_1000_LIVE_BIRTHS,_T,U,KZALM,11.2
2015,PER_1000_LIVE_BIRTHS,_T,U,KZATY,8.78
2015,PER_1000_LIVE_BIRTHS,_T,U,KZZAP,11.17
2015,PER_1000_LIVE_BIRTHS,_T,U,KZZHA,18.17
2015,PER_1000_LIVE_BIRTHS,_T,U,KZKAR,10.7
2015,PER_1000_LIVE_BIRTHS,_T,U,KZKUS,13.98
2015,PER_1000_LIVE_BIRTHS,_T,U,KZKZY,16.79
2015,PER_1000_LIVE_BIRTHS,_T,U,KZMAN,10.3
2015,PER_1000_LIVE_BIRTHS,_T,U,KZONT,14.24
2015,PER_1000_LIVE_BIRTHS,_T,U,KZPAV,8.83
2015,PER_1000_LIVE_BIRTHS,_T,U,KZSEV,9.8
2015,PER_1000_LIVE_BIRTHS,_T,U,KZVOS,11.81
2015,PER_1000_LIVE_BIRTHS,_T,U,KZNS,8.95
2015,PER_1000_LIVE_BIRTHS,_T,U,KZALA,10.37
2015,PER_1000_LIVE_BIRTHS,_T,R,,12.37
2015,PER_1000_LIVE_BIRTHS,_T,R,KZAKM,9.28
2015,PER_1000_LIVE_BIRTHS,_T,R,KZAKT,12.95
2015,PER_1000_LIVE_BIRTHS,_T,R,KZALM,10.61
2015,PER_1000_LIVE_BIRTHS,_T,R,KZATY,10.34
2015,PER_1000_LIVE_BIRTHS,_T,R,KZZAP,10.02
2015,PER_1000_LIVE_BIRTHS,_T,R,KZZHA,11.01
2015,PER_1000_LIVE_BIRTHS,_T,R,KZKAR,12.87
2015,PER_1000_LIVE_BIRTHS,_T,R,KZKUS,11.4
2015,PER_1000_LIVE_BIRTHS,_T,R,KZKZY,13.88
2015,PER_1000_LIVE_BIRTHS,_T,R,KZMAN,13.81
2015,PER_1000_LIVE_BIRTHS,_T,R,KZONT,15.05
2015,PER_1000_LIVE_BIRTHS,_T,R,KZPAV,9.68
2015,PER_1000_LIVE_BIRTHS,_T,R,KZSEV,10.58
2015,PER_1000_LIVE_BIRTHS,_T,R,KZVOS,12.84
2015,PER_1000_LIVE_BIRTHS,M,,,13.35
2015,PER_1000_LIVE_BIRTHS,M,,KZAKM,10.41
2015,PER_1000_LIVE_BIRTHS,M,,KZAKT,13.76
2015,PER_1000_LIVE_BIRTHS,M,,KZALM,12.56
2015,PER_1000_LIVE_BIRTHS,M,,KZATY,9.22
2015,PER_1000_LIVE_BIRTHS,M,,KZZAP,10.76
2015,PER_1000_LIVE_BIRTHS,M,,KZZHA,15.28
2015,PER_1000_LIVE_BIRTHS,M,,KZKAR,12.87
2015,PER_1000_LIVE_BIRTHS,M,,KZKUS,13.95
2015,PER_1000_LIVE_BIRTHS,M,,KZKZY,16.75
2015,PER_1000_LIVE_BIRTHS,M,,KZMAN,14.59
2015,PER_1000_LIVE_BIRTHS,M,,KZONT,16.3
2015,PER_1000_LIVE_BIRTHS,M,,KZPAV,10.3
2015,PER_1000_LIVE_BIRTHS,M,,KZSEV,10.36
2015,PER_1000_LIVE_BIRTHS,M,,KZVOS,13.32
2015,PER_1000_LIVE_BIRTHS,M,,KZNS,10.07
2015,PER_1000_LIVE_BIRTHS,M,,KZALA,11.29
2015,PER_1000_LIVE_BIRTHS,M,U,,13.01
2015,PER_1000_LIVE_BIRTHS,M,U,KZAKM,11.16
2015,PER_1000_LIVE_BIRTHS,M,U,KZAKT,12.61
2015,PER_1000_LIVE_BIRTHS,M,U,KZALM,12.62
2015,PER_1000_LIVE_BIRTHS,M,U,KZATY,10.42
2015,PER_1000_LIVE_BIRTHS,M,U,KZZAP,10.59
2015,PER_1000_LIVE_BIRTHS,M,U,KZZHA,20.26
2015,PER_1000_LIVE_BIRTHS,M,U,KZKAR,12.61
2015,PER_1000_LIVE_BIRTHS,M,U,KZKUS,15.76
2015,PER_1000_LIVE_BIRTHS,M,U,KZKZY,19.36
2015,PER_1000_LIVE_BIRTHS,M,U,KZMAN,10.87
2015,PER_1000_LIVE_BIRTHS,M,U,KZONT,15.75
2015,PER_1000_LIVE_BIRTHS,M,U,KZPAV,9.39
2015,PER_1000_LIVE_BIRTHS,M,U,KZSEV,10.41
2015,PER_1000_LIVE_BIRTHS,M,U,KZVOS,12.36
2015,PER_1000_LIVE_BIRTHS,M,U,KZNS,10.07
2015,PER_1000_LIVE_BIRTHS,M,U,KZALA,11.29
2015,PER_1000_LIVE_BIRTHS,M,R,,13.81
2015,PER_1000_LIVE_BIRTHS,M,R,KZAKM,9.56
2015,PER_1000_LIVE_BIRTHS,M,R,KZAKT,16.05
2015,PER_1000_LIVE_BIRTHS,M,R,KZALM,12.54
2015,PER_1000_LIVE_BIRTHS,M,R,KZATY,8.09
2015,PER_1000_LIVE_BIRTHS,M,R,KZZAP,10.96
2015,PER_1000_LIVE_BIRTHS,M,R,KZZHA,11.9
2015,PER_1000_LIVE_BIRTHS,M,R,KZKAR,13.85
2015,PER_1000_LIVE_BIRTHS,M,R,KZKUS,11.57
2015,PER_1000_LIVE_BIRTHS,M,R,KZKZY,14.42
2015,PER_1000_LIVE_BIRTHS,M,R,KZMAN,17.31
2015,PER_1000_LIVE_BIRTHS,M,R,KZONT,16.78
2015,PER_1000_LIVE_BIRTHS,M,R,KZPAV,12.44
2015,PER_1000_LIVE_BIRTHS,M,R,KZSEV,10.3
2015,PER_1000_LIVE_BIRTHS,M,R,KZVOS,14.98
2015,PER_1000_LIVE_BIRTHS,F,,,10.64
2015,PER_1000_LIVE_BIRTHS,F,,KZAKM,9.6
2015,PER_1000_LIVE_BIRTHS,F,,KZAKT,10.64
2015,PER_1000_LIVE_BIRTHS,F,,KZALM,8.87
2015,PER_1000_LIVE_BIRTHS,F,,KZATY,9.91
2015,PER_1000_LIVE_BIRTHS,F,,KZZAP,10.5
2015,PER_1000_LIVE_BIRTHS,F,,KZZHA,12.37
2015,PER_1000_LIVE_BIRTHS,F,,KZKAR,9.32
2015,PER_1000_LIVE_BIRTHS,F,,KZKUS,11.66
2015,PER_1000_LIVE_BIRTHS,F,,KZKZY,13.63
2015,PER_1000_LIVE_BIRTHS,F,,KZMAN,9.89
2015,PER_1000_LIVE_BIRTHS,F,,KZONT,12.95
2015,PER_1000_LIVE_BIRTHS,F,,KZPAV,7.82
2015,PER_1000_LIVE_BIRTHS,F,,KZSEV,10.04
2015,PER_1000_LIVE_BIRTHS,F,,KZVOS,11.0
2015,PER_1000_LIVE_BIRTHS,F,,KZNS,7.8
2015,PER_1000_LIVE_BIRTHS,F,,KZALA,9.36
2015,PER_1000_LIVE_BIRTHS,F,U,,10.48
2015,PER_1000_LIVE_BIRTHS,F,U,KZAKM,10.15
2015,PER_1000_LIVE_BIRTHS,F,U,KZAKT,11.16
2015,PER_1000_LIVE_BIRTHS,F,U,KZALM,9.7
2015,PER_1000_LIVE_BIRTHS,F,U,KZATY,7.12
2015,PER_1000_LIVE_BIRTHS,F,U,KZZAP,11.79
2015,PER_1000_LIVE_BIRTHS,F,U,KZZHA,15.88
2015,PER_1000_LIVE_BIRTHS,F,U,KZKAR,8.7
2015,PER_1000_LIVE_BIRTHS,F,U,KZKUS,12.02
2015,PER_1000_LIVE_BIRTHS,F,U,KZKZY,14.0
2015,PER_1000_LIVE_BIRTHS,F,U,KZMAN,9.69
2015,PER_1000_LIVE_BIRTHS,F,U,KZONT,12.63
2015,PER_1000_LIVE_BIRTHS,F,U,KZPAV,8.23
2015,PER_1000_LIVE_BIRTHS,F,U,KZSEV,9.13
2015,PER_1000_LIVE_BIRTHS,F,U,KZVOS,11.22
2015,PER_1000_LIVE_BIRTHS,F,U,KZNS,7.8
2015,PER_1000_LIVE_BIRTHS,F,U,KZALA,9.36
2015,PER_1000_LIVE_BIRTHS,F,R,,10.85
2015,PER_1000_LIVE_BIRTHS,F,R,KZAKM,8.99
2015,PER_1000_LIVE_BIRTHS,F,R,KZAKT,9.6
2015,PER_1000_LIVE_BIRTHS,F,R,KZALM,8.57
2015,PER_1000_LIVE_BIRTHS,F,R,KZATY,12.84
2015,PER_1000_LIVE_BIRTHS,F,R,KZZAP,9.0
2015,PER_1000_LIVE_BIRTHS,F,R,KZZHA,10.09
2015,PER_1000_LIVE_BIRTHS,F,R,KZKAR,11.8
2015,PER_1000_LIVE_BIRTHS,F,R,KZKUS,11.23
2015,PER_1000_LIVE_BIRTHS,F,R,KZKZY,13.31
2015,PER_1000_LIVE_BIRTHS,F,R,KZMAN,10.05
2015,PER_1000_LIVE_BIRTHS,F,R,KZONT,13.22
2015,PER_1000_LIVE_BIRTHS,F,R,KZPAV,6.87
2015,PER_1000_LIVE_BIRTHS,F,R,KZSEV,10.89
2015,PER_1000_LIVE_BIRTHS,F,R,KZVOS,10.63
2016,PER_1000_LIVE_BIRTHS,_T,,,10.79
2016,PER_1000_LIVE_BIRTHS,_T,,KZAKM,9.6
2016,PER_1000_LIVE_BIRTHS,_T,,KZAKT,10.27
2016,PER_1000_LIVE_BIRTHS,_T,,KZALM,9.61
2016,PER_1000_LIVE_BIRTHS,_T,,KZATY,10.94
2016,PER_1000_LIVE_BIRTHS,_T,,KZZAP,9.56
2016,PER_1000_LIVE_BIRTHS,_T,,KZZHA,11.63
2016,PER_1000_LIVE_BIRTHS,_T,,KZKAR,9.9
2016,PER_1000_LIVE_BIRTHS,_T,,KZKUS,11.39
2016,PER_1000_LIVE_BIRTHS,_T,,KZKZY,13.55
2016,PER_1000_LIVE_BIRTHS,_T,,KZMAN,11.52
2016,PER_1000_LIVE_BIRTHS,_T,,KZONT,13.12
2016,PER_1000_LIVE_BIRTHS,_T,,KZPAV,9.12
2016,PER_1000_LIVE_BIRTHS,_T,,KZSEV,8.58
2016,PER_1000_LIVE_BIRTHS,_T,,KZVOS,11.61
2016,PER_1000_LIVE_BIRTHS,_T,,KZNS,7.86
2016,PER_1000_LIVE_BIRTHS,_T,,KZALA,8.71
2016,PER_1000_LIVE_BIRTHS,_T,U,,10.13
2016,PER_1000_LIVE_BIRTHS,_T,U,KZAKM,8.92
2016,PER_1000_LIVE_BIRTHS,_T,U,KZAKT,9.67
2016,PER_1000_LIVE_BIRTHS,_T,U,KZALM,10.64
2016,PER_1000_LIVE_BIRTHS,_T,U,KZATY,10.85
2016,PER_1000_LIVE_BIRTHS,_T,U,KZZAP,9.42
2016,PER_1000_LIVE_BIRTHS,_T,U,KZZHA,13.35
2016,PER_1000_LIVE_BIRTHS,_T,U,KZKAR,9.6
2016,PER_1000_LIVE_BIRTHS,_T,U,KZKUS,10.68
2016,PER_1000_LIVE_BIRTHS,_T,U,KZKZY,15.8
2016,PER_1000_LIVE_BIRTHS,_T,U,KZMAN,10.73
2016,PER_1000_LIVE_BIRTHS,_T,U,KZONT,11.36
2016,PER_1000_LIVE_BIRTHS,_T,U,KZPAV,8.63
2016,PER_1000_LIVE_BIRTHS,_T,U,KZSEV,6.62
2016,PER_1000_LIVE_BIRTHS,_T,U,KZVOS,10.58
2016,PER_1000_LIVE_BIRTHS,_T,U,KZNS,7.86
2016,PER_1000_LIVE_BIRTHS,_T,U,KZALA,8.71
2016,PER_1000_LIVE_BIRTHS,_T,R,,11.68
2016,PER_1000_LIVE_BIRTHS,_T,R,KZAKM,10.4
2016,PER_1000_LIVE_BIRTHS,_T,R,KZAKT,11.44
2016,PER_1000_LIVE_BIRTHS,_T,R,KZALM,9.27
2016,PER_1000_LIVE_BIRTHS,_T,R,KZATY,11.03
2016,PER_1000_LIVE_BIRTHS,_T,R,KZZAP,9.73
2016,PER_1000_LIVE_BIRTHS,_T,R,KZZHA,10.47
2016,PER_1000_LIVE_BIRTHS,_T,R,KZKAR,11.1
2016,PER_1000_LIVE_BIRTHS,_T,R,KZKUS,12.33
2016,PER_1000_LIVE_BIRTHS,_T,R,KZKZY,11.48
2016,PER_1000_LIVE_BIRTHS,_T,R,KZMAN,12.15
2016,PER_1000_LIVE_BIRTHS,_T,R,KZONT,14.73
2016,PER_1000_LIVE_BIRTHS,_T,R,KZPAV,10.24
2016,PER_1000_LIVE_BIRTHS,_T,R,KZSEV,10.47
2016,PER_1000_LIVE_BIRTHS,_T,R,KZVOS,13.44
2016,PER_1000_LIVE_BIRTHS,M,,,12.04
2016,PER_1000_LIVE_BIRTHS,M,,KZAKM,10.23
2016,PER_1000_LIVE_BIRTHS,M,,KZAKT,12.27
2016,PER_1000_LIVE_BIRTHS,M,,KZALM,10.57
2016,PER_1000_LIVE_BIRTHS,M,,KZATY,10.78
2016,PER_1000_LIVE_BIRTHS,M,,KZZAP,11.11
2016,PER_1000_LIVE_BIRTHS,M,,KZZHA,12.74
2016,PER_1000_LIVE_BIRTHS,M,,KZKAR,11.24
2016,PER_1000_LIVE_BIRTHS,M,,KZKUS,11.74
2016,PER_1000_LIVE_BIRTHS,M,,KZKZY,14.8
2016,PER_1000_LIVE_BIRTHS,M,,KZMAN,12.42
2016,PER_1000_LIVE_BIRTHS,M,,KZONT,15.19
2016,PER_1000_LIVE_BIRTHS,M,,KZPAV,10.07
2016,PER_1000_LIVE_BIRTHS,M,,KZSEV,10.63
2016,PER_1000_LIVE_BIRTHS,M,,KZVOS,12.82
2016,PER_1000_LIVE_BIRTHS,M,,KZNS,8.25
2016,PER_1000_LIVE_BIRTHS,M,,KZALA,10.03
2016,PER_1000_LIVE_BIRTHS,M,U,,11.53
2016,PER_1000_LIVE_BIRTHS,M,U,KZAKM,10.37
2016,PER_1000_LIVE_BIRTHS,M,U,KZAKT,12.2
2016,PER_1000_LIVE_BIRTHS,M,U,KZALM,12.66
2016,PER_1000_LIVE_BIRTHS,M,U,KZATY,9.82
2016,PER_1000_LIVE_BIRTHS,M,U,KZZAP,11.02
2016,PER_1000_LIVE_BIRTHS,M,U,KZZHA,16.45
2016,PER_1000_LIVE_BIRTHS,M,U,KZKAR,11.08
2016,PER_1000_LIVE_BIRTHS,M,U,KZKUS,10.54
2016,PER_1000_LIVE_BIRTHS,M,U,KZKZY,18.1
2016,PER_1000_LIVE_BIRTHS,M,U,KZMAN,12.94
2016,PER_1000_LIVE_BIRTHS,M,U,KZONT,13.03
2016,PER_1000_LIVE_BIRTHS,M,U,KZPAV,9.09
2016,PER_1000_LIVE_BIRTHS,M,U,KZSEV,7.19
2016,PER_1000_LIVE_BIRTHS,M,U,KZVOS,12.08
2016,PER_1000_LIVE_BIRTHS,M,U,KZNS,8.25
2016,PER_1000_LIVE_BIRTHS,M,U,KZALA,10.03
2016,PER_1000_LIVE_BIRTHS,M,R,,12.73
2016,PER_1000_LIVE_BIRTHS,M,R,KZAKM,10.06
2016,PER_1000_LIVE_BIRTHS,M,R,KZAKT,12.4
2016,PER_1000_LIVE_BIRTHS,M,R,KZALM,9.88
2016,PER_1000_LIVE_BIRTHS,M,R,KZATY,11.83
2016,PER_1000_LIVE_BIRTHS,M,R,KZZAP,11.23
2016,PER_1000_LIVE_BIRTHS,M,R,KZZHA,10.25
2016,PER_1000_LIVE_BIRTHS,M,R,KZKAR,11.89
2016,PER_1000_LIVE_BIRTHS,M,R,KZKUS,13.29
2016,PER_1000_LIVE_BIRTHS,M,R,KZKZY,11.72
2016,PER_1000_LIVE_BIRTHS,M,R,KZMAN,12.01
2016,PER_1000_LIVE_BIRTHS,M,R,KZONT,17.17
2016,PER_1000_LIVE_BIRTHS,M,R,KZPAV,12.4
2016,PER_1000_LIVE_BIRTHS,M,R,KZSEV,13.97
2016,PER_1000_LIVE_BIRTHS,M,R,KZVOS,14.12
2016,PER_1000_LIVE_BIRTHS,F,,,9.45
2016,PER_1000_LIVE_BIRTHS,F,,KZAKM,8.94
2016,PER_1000_LIVE_BIRTHS,F,,KZAKT,8.14
2016,PER_1000_LIVE_BIRTHS,F,,KZALM,8.57
2016,PER_1000_LIVE_BIRTHS,F,,KZATY,11.1
2016,PER_1000_LIVE_BIRTHS,F,,KZZAP,7.83
2016,PER_1000_LIVE_BIRTHS,F,,KZZHA,10.47
2016,PER_1000_LIVE_BIRTHS,F,,KZKAR,8.48
2016,PER_1000_LIVE_BIRTHS,F,,KZKUS,11.01
2016,PER_1000_LIVE_BIRTHS,F,,KZKZY,12.19
2016,PER_1000_LIVE_BIRTHS,F,,KZMAN,10.56
2016,PER_1000_LIVE_BIRTHS,F,,KZONT,10.91
2016,PER_1000_LIVE_BIRTHS,F,,KZPAV,8.09
2016,PER_1000_LIVE_BIRTHS,F,,KZSEV,6.41
2016,PER_1000_LIVE_BIRTHS,F,,KZVOS,10.29
2016,PER_1000_LIVE_BIRTHS,F,,KZNS,7.46
2016,PER_1000_LIVE_BIRTHS,F,,KZALA,7.29
2016,PER_1000_LIVE_BIRTHS,F,U,,8.64
2016,PER_1000_LIVE_BIRTHS,F,U,KZAKM,7.38
2016,PER_1000_LIVE_BIRTHS,F,U,KZAKT,6.95
2016,PER_1000_LIVE_BIRTHS,F,U,KZALM,8.45
2016,PER_1000_LIVE_BIRTHS,F,U,KZATY,11.96
2016,PER_1000_LIVE_BIRTHS,F,U,KZZAP,7.66
2016,PER_1000_LIVE_BIRTHS,F,U,KZZHA,10.12
2016,PER_1000_LIVE_BIRTHS,F,U,KZKAR,8.06
2016,PER_1000_LIVE_BIRTHS,F,U,KZKUS,10.83
2016,PER_1000_LIVE_BIRTHS,F,U,KZKZY,13.25
2016,PER_1000_LIVE_BIRTHS,F,U,KZMAN,8.41
2016,PER_1000_LIVE_BIRTHS,F,U,KZONT,9.57
2016,PER_1000_LIVE_BIRTHS,F,U,KZPAV,8.13
2016,PER_1000_LIVE_BIRTHS,F,U,KZSEV,6.0
2016,PER_1000_LIVE_BIRTHS,F,U,KZVOS,8.95
2016,PER_1000_LIVE_BIRTHS,F,U,KZNS,7.46
2016,PER_1000_LIVE_BIRTHS,F,U,KZALA,7.29
2016,PER_1000_LIVE_BIRTHS,F,R,,10.55
2016,PER_1000_LIVE_BIRTHS,F,R,KZAKM,10.76
2016,PER_1000_LIVE_BIRTHS,F,R,KZAKT,10.45
2016,PER_1000_LIVE_BIRTHS,F,R,KZALM,8.61
2016,PER_1000_LIVE_BIRTHS,F,R,KZATY,10.19
2016,PER_1000_LIVE_BIRTHS,F,R,KZZAP,8.06
2016,PER_1000_LIVE_BIRTHS,F,R,KZZHA,10.7
2016,PER_1000_LIVE_BIRTHS,F,R,KZKAR,10.23
2016,PER_1000_LIVE_BIRTHS,F,R,KZKUS,11.26
2016,PER_1000_LIVE_BIRTHS,F,R,KZKZY,11.22
2016,PER_1000_LIVE_BIRTHS,F,R,KZMAN,12.3
2016,PER_1000_LIVE_BIRTHS,F,R,KZONT,12.12
2016,PER_1000_LIVE_BIRTHS,F,R,KZPAV,8.0
2016,PER_1000_LIVE_BIRTHS,F,R,KZSEV,6.8
2016,PER_1000_LIVE_BIRTHS,F,R,KZVOS,12.69
2017,PER_1000_LIVE_BIRTHS,_T,,,10.24
2017,PER_1000_LIVE_BIRTHS,_T,,KZAKM,10.08
2017,PER_1000_LIVE_BIRTHS,_T,,KZAKT,9.3
2017,PER_1000_LIVE_BIRTHS,_T,,KZALM,10.43
2017,PER_1000_LIVE_BIRTHS,_T,,KZATY,9.67
2017,PER_1000_LIVE_BIRTHS,_T,,KZZAP,8.63
2017,PER_1000_LIVE_BIRTHS,_T,,KZZHA,10.96
2017,PER_1000_LIVE_BIRTHS,_T,,KZKAR,9.95
2017,PER_1000_LIVE_BIRTHS,_T,,KZKUS,12.27
2017,PER_1000_LIVE_BIRTHS,_T,,KZKZY,11.54
2017,PER_1000_LIVE_BIRTHS,_T,,KZMAN,10.11
2017,PER_1000_LIVE_BIRTHS,_T,,KZONT,12.1
2017,PER_1000_LIVE_BIRTHS,_T,,KZPAV,10.06
2017,PER_1000_LIVE_BIRTHS,_T,,KZSEV,11.37
2017,PER_1000_LIVE_BIRTHS,_T,,KZVOS,9.16
2017,PER_1000_LIVE_BIRTHS,_T,,KZNS,7.0
2017,PER_1000_LIVE_BIRTHS,_T,,KZALA,8.5
2017,PER_1000_LIVE_BIRTHS,_T,U,,9.34550600184265
2017,PER_1000_LIVE_BIRTHS,_T,U,KZAKM,8.53008377760853
2017,PER_1000_LIVE_BIRTHS,_T,U,KZAKT,8.069474331386413
2017,PER_1000_LIVE_BIRTHS,_T,U,KZALM,9.424330479855492
2017,PER_1000_LIVE_BIRTHS,_T,U,KZATY,9.70638194612958
2017,PER_1000_LIVE_BIRTHS,_T,U,KZZAP,8.67091180056903
2017,PER_1000_LIVE_BIRTHS,_T,U,KZZHA,11.778779792030921
2017,PER_1000_LIVE_BIRTHS,_T,U,KZKAR,10.3592682389244
2017,PER_1000_LIVE_BIRTHS,_T,U,KZKUS,10.61320754716981
2017,PER_1000_LIVE_BIRTHS,_T,U,KZKZY,11.173802411771216
2017,PER_1000_LIVE_BIRTHS,_T,U,KZMAN,7.215480485405051
2017,PER_1000_LIVE_BIRTHS,_T,U,KZONT,11.142630785351017
2017,PER_1000_LIVE_BIRTHS,_T,U,KZPAV,10.378146248359776
2017,PER_1000_LIVE_BIRTHS,_T,U,KZSEV,11.245431543435481
2017,PER_1000_LIVE_BIRTHS,_T,U,KZVOS,7.909045971329707
2017,PER_1000_LIVE_BIRTHS,_T,U,KZNS,7.002404866317725
2017,PER_1000_LIVE_BIRTHS,_T,U,KZALA,8.4969608248735
2017,PER_1000_LIVE_BIRTHS,_T,R,,11.486093687849953
2017,PER_1000_LIVE_BIRTHS,_T,R,KZAKM,11.842563566701493
2017,PER_1000_LIVE_BIRTHS,_T,R,KZAKT,11.916421808684294
2017,PER_1000_LIVE_BIRTHS,_T,R,KZALM,10.76885893063351
2017,PER_1000_LIVE_BIRTHS,_T,R,KZATY,9.63297158883063
2017,PER_1000_LIVE_BIRTHS,_T,R,KZZAP,8.578207702135426
2017,PER_1000_LIVE_BIRTHS,_T,R,KZZHA,10.384615384615383
2017,PER_1000_LIVE_BIRTHS,_T,R,KZKAR,8.318739054290718
2017,PER_1000_LIVE_BIRTHS,_T,R,KZKUS,14.539579967689825
2017,PER_1000_LIVE_BIRTHS,_T,R,KZKZY,11.868839267752964
2017,PER_1000_LIVE_BIRTHS,_T,R,KZMAN,12.703996872862305
2017,PER_1000_LIVE_BIRTHS,_T,R,KZONT,13.045659809332664
2017,PER_1000_LIVE_BIRTHS,_T,R,KZPAV,9.335529928610654
2017,PER_1000_LIVE_BIRTHS,_T,R,KZSEV,11.488250652741511
2017,PER_1000_LIVE_BIRTHS,_T,R,KZVOS,11.370735974009746
2017,PER_1000_LIVE_BIRTHS,M,,,11.246257856024108
2017,PER_1000_LIVE_BIRTHS,M,,KZAKM,10.534591194968552
2017,PER_1000_LIVE_BIRTHS,M,,KZAKT,8.802995041991299
2017,PER_1000_LIVE_BIRTHS,M,,KZALM,11.61803303998765
2017,PER_1000_LIVE_BIRTHS,M,,KZATY,9.665252239509664
2017,PER_1000_LIVE_BIRTHS,M,,KZZAP,8.902972687490568
2017,PER_1000_LIVE_BIRTHS,M,,KZZHA,12.537576068626732
2017,PER_1000_LIVE_BIRTHS,M,,KZKAR,11.205930523230755
2017,PER_1000_LIVE_BIRTHS,M,,KZKUS,14.224983649444082
2017,PER_1000_LIVE_BIRTHS,M,,KZKZY,12.928840476432862
2017,PER_1000_LIVE_BIRTHS,M,,KZMAN,11.333134506412167
2017,PER_1000_LIVE_BIRTHS,M,,KZONT,13.54036352932519
2017,PER_1000_LIVE_BIRTHS,M,,KZPAV,11.683738796414854
2017,PER_1000_LIVE_BIRTHS,M,,KZSEV,11.257035647279551
2017,PER_1000_LIVE_BIRTHS,M,,KZVOS,10.154950538387464
2017,PER_1000_LIVE_BIRTHS,M,,KZNS,7.67610895998913
2017,PER_1000_LIVE_BIRTHS,M,,KZALA,9.04313821336918
2017,PER_1000_LIVE_BIRTHS,M,U,,9.944902171502653
2017,PER_1000_LIVE_BIRTHS,M,U,KZAKM,7.320644216691068
2017,PER_1000_LIVE_BIRTHS,M,U,KZAKT,7.988165680473371
2017,PER_1000_LIVE_BIRTHS,M,U,KZALM,10.997403390866046
2017,PER_1000_LIVE_BIRTHS,M,U,KZATY,8.837209302325583
2017,PER_1000_LIVE_BIRTHS,M,U,KZZAP,7.884362680683311
2017,PER_1000_LIVE_BIRTHS,M,U,KZZHA,14.061654948620875
2017,PER_1000_LIVE_BIRTHS,M,U,KZKAR,11.907339250920112
2017,PER_1000_LIVE_BIRTHS,M,U,KZKUS,11.197243755383289
2017,PER_1000_LIVE_BIRTHS,M,U,KZKZY,11.610406364222749
2017,PER_1000_LIVE_BIRTHS,M,U,KZMAN,7.880724174653888
2017,PER_1000_LIVE_BIRTHS,M,U,KZONT,11.413607391669547
2017,PER_1000_LIVE_BIRTHS,M,U,KZPAV,11.826245167159426
2017,PER_1000_LIVE_BIRTHS,M,U,KZSEV,9.539842873176207
2017,PER_1000_LIVE_BIRTHS,M,U,KZVOS,9.315068493150683
2017,PER_1000_LIVE_BIRTHS,M,U,KZNS,7.67610895998913
2017,PER_1000_LIVE_BIRTHS,M,U,KZALA,9.04313821336918
2017,PER_1000_LIVE_BIRTHS,M,R,,13.051709856821676
2017,PER_1000_LIVE_BIRTHS,M,R,KZAKM,14.261460101867574
2017,PER_1000_LIVE_BIRTHS,M,R,KZAKT,10.566762728146012
2017,PER_1000_LIVE_BIRTHS,M,R,KZALM,11.827901451371314
2017,PER_1000_LIVE_BIRTHS,M,R,KZATY,10.516252390057364
2017,PER_1000_LIVE_BIRTHS,M,R,KZZAP,10.276399716513113
2017,PER_1000_LIVE_BIRTHS,M,R,KZZHA,11.492832427088482
2017,PER_1000_LIVE_BIRTHS,M,R,KZKAR,8.463817181548878
2017,PER_1000_LIVE_BIRTHS,M,R,KZKUS,18.230155715913405
2017,PER_1000_LIVE_BIRTHS,M,R,KZKZY,14.11446249033256
2017,PER_1000_LIVE_BIRTHS,M,R,KZMAN,14.35495898583147
2017,PER_1000_LIVE_BIRTHS,M,R,KZONT,15.63717848791894
2017,PER_1000_LIVE_BIRTHS,M,R,KZPAV,11.3452188006483
2017,PER_1000_LIVE_BIRTHS,M,R,KZSEV,12.827090815802975
2017,PER_1000_LIVE_BIRTHS,M,R,KZVOS,11.642008246422508
2017,PER_1000_LIVE_BIRTHS,F,,,9.166816971343088
2017,PER_1000_LIVE_BIRTHS,F,,KZAKM,9.584664536741213
2017,PER_1000_LIVE_BIRTHS,F,,KZAKT,9.832522960561857
2017,PER_1000_LIVE_BIRTHS,F,,KZALM,9.143047128252014
2017,PER_1000_LIVE_BIRTHS,F,,KZATY,9.674582233948987
2017,PER_1000_LIVE_BIRTHS,F,,KZZAP,8.3426921225734
2017,PER_1000_LIVE_BIRTHS,F,,KZZHA,9.276582475834113
2017,PER_1000_LIVE_BIRTHS,F,,KZKAR,8.636977058029691
2017,PER_1000_LIVE_BIRTHS,F,,KZKUS,10.1423487544484
2017,PER_1000_LIVE_BIRTHS,F,,KZKZY,10.045861541821356
2017,PER_1000_LIVE_BIRTHS,F,,KZMAN,8.797339341272398
2017,PER_1000_LIVE_BIRTHS,F,,KZONT,10.569828894354037
2017,PER_1000_LIVE_BIRTHS,F,,KZPAV,8.308810801454044
2017,PER_1000_LIVE_BIRTHS,F,,KZSEV,11.487964989059082
2017,PER_1000_LIVE_BIRTHS,F,,KZVOS,8.099804487477888
2017,PER_1000_LIVE_BIRTHS,F,,KZNS,6.270748801180376
2017,PER_1000_LIVE_BIRTHS,F,,KZALA,7.9033007903300785
2017,PER_1000_LIVE_BIRTHS,F,U,,8.704300143246869
2017,PER_1000_LIVE_BIRTHS,F,U,KZAKM,9.841269841269842
2017,PER_1000_LIVE_BIRTHS,F,U,KZAKT,8.157389635316697
2017,PER_1000_LIVE_BIRTHS,F,U,KZALM,7.75945683802134
2017,PER_1000_LIVE_BIRTHS,F,U,KZATY,10.6544901065449
2017,PER_1000_LIVE_BIRTHS,F,U,KZZAP,9.507829977628637
2017,PER_1000_LIVE_BIRTHS,F,U,KZZHA,9.398496240601505
2017,PER_1000_LIVE_BIRTHS,F,U,KZKAR,8.754208754208754
2017,PER_1000_LIVE_BIRTHS,F,U,KZKUS,9.99697061496516
2017,PER_1000_LIVE_BIRTHS,F,U,KZKZY,10.711030082041932
2017,PER_1000_LIVE_BIRTHS,F,U,KZMAN,6.5139263252470805
2017,PER_1000_LIVE_BIRTHS,F,U,KZONT,10.852302805717311
2017,PER_1000_LIVE_BIRTHS,F,U,KZPAV,8.780732563973908
2017,PER_1000_LIVE_BIRTHS,F,U,KZSEV,12.957746478873238
2017,PER_1000_LIVE_BIRTHS,F,U,KZVOS,6.413059320798718
2017,PER_1000_LIVE_BIRTHS,F,U,KZNS,6.270748801180376
2017,PER_1000_LIVE_BIRTHS,F,U,KZALA,7.9033007903300785
2017,PER_1000_LIVE_BIRTHS,F,R,,9.809264305177113
2017,PER_1000_LIVE_BIRTHS,F,R,KZAKM,9.295673936360387
2017,PER_1000_LIVE_BIRTHS,F,R,KZAKT,13.32001332001332
2017,PER_1000_LIVE_BIRTHS,F,R,KZALM,9.621839337659432
2017,PER_1000_LIVE_BIRTHS,F,R,KZATY,8.712969878018423
2017,PER_1000_LIVE_BIRTHS,F,R,KZZAP,6.774557771923223
2017,PER_1000_LIVE_BIRTHS,F,R,KZZHA,9.190197123068726
2017,PER_1000_LIVE_BIRTHS,F,R,KZKAR,8.16326530612245
2017,PER_1000_LIVE_BIRTHS,F,R,KZKUS,10.34928848641656
2017,PER_1000_LIVE_BIRTHS,F,R,KZKZY,9.433962264150944
2017,PER_1000_LIVE_BIRTHS,F,R,KZMAN,10.885192031217908
2017,PER_1000_LIVE_BIRTHS,F,R,KZONT,10.293813366439066
2017,PER_1000_LIVE_BIRTHS,F,R,KZPAV,7.2585147962032375
2017,PER_1000_LIVE_BIRTHS,F,R,KZSEV,10.101010101010102
2017,PER_1000_LIVE_BIRTHS,F,R,KZVOS,11.082474226804123
2018,PER_1000_LIVE_BIRTHS,_T,,,10.11
2018,PER_1000_LIVE_BIRTHS,_T,,KZAKM,7.48
2018,PER_1000_LIVE_BIRTHS,_T,,KZAKT,10.92
2018,PER_1000_LIVE_BIRTHS,_T,,KZALM,9.4
2018,PER_1000_LIVE_BIRTHS,_T,,KZATY,12.68
2018,PER_1000_LIVE_BIRTHS,_T,,KZZAP,7.73
2018,PER_1000_LIVE_BIRTHS,_T,,KZZHA,9.63
2018,PER_1000_LIVE_BIRTHS,_T,,KZKAR,9.11
2018,PER_1000_LIVE_BIRTHS,_T,,KZKUS,11.52
2018,PER_1000_LIVE_BIRTHS,_T,,KZKZY,12.56
2018,PER_1000_LIVE_BIRTHS,_T,,KZMAN,11.86
2018,PER_1000_LIVE_BIRTHS,_T,,KZPAV,7.25
2018,PER_1000_LIVE_BIRTHS,_T,,KZSEV,13.07
2018,PER_1000_LIVE_BIRTHS,_T,,KZYUZ,11.69
2018,PER_1000_LIVE_BIRTHS,_T,,KZVOS,9.51
2018,PER_1000_LIVE_BIRTHS,_T,,KZNS,7.44
2018,PER_1000_LIVE_BIRTHS,_T,,KZALA,9.86
2018,PER_1000_LIVE_BIRTHS,_T,,KZSHY,10.22
2018,PER_1000_LIVE_BIRTHS,_T,U,,9.56
2018,PER_1000_LIVE_BIRTHS,_T,U,KZAKM,7.61
2018,PER_1000_LIVE_BIRTHS,_T,U,KZAKT,10.63
2018,PER_1000_LIVE_BIRTHS,_T,U,KZALM,8.48
2018,PER_1000_LIVE_BIRTHS,_T,U,KZATY,11.13
2018,PER_1000_LIVE_BIRTHS,_T,U,KZZAP,7.62
2018,PER_1000_LIVE_BIRTHS,_T,U,KZZHA,9.33
2018,PER_1000_LIVE_BIRTHS,_T,U,KZKAR,9.06
2018,PER_1000_LIVE_BIRTHS,_T,U,KZKUS,10.99
2018,PER_1000_LIVE_BIRTHS,_T,U,KZKZY,13.58
2018,PER_1000_LIVE_BIRTHS,_T,U,KZMAN,10.59
2018,PER_1000_LIVE_BIRTHS,_T,U,KZPAV,8.06
2018,PER_1000_LIVE_BIRTHS,_T,U,KZSEV,12.06
2018,PER_1000_LIVE_BIRTHS,_T,U,KZYUZ,10.62
2018,PER_1000_LIVE_BIRTHS,_T,U,KZVOS,8.73
2018,PER_1000_LIVE_BIRTHS,_T,U,KZNS,7.44
2018,PER_1000_LIVE_BIRTHS,_T,U,KZALA,9.86
2018,PER_1000_LIVE_BIRTHS,_T,U,KZSHY,10.22
2018,PER_1000_LIVE_BIRTHS,_T,R,,10.9
2018,PER_1000_LIVE_BIRTHS,_T,R,KZAKM,7.35
2018,PER_1000_LIVE_BIRTHS,_T,R,KZAKT,11.8
2018,PER_1000_LIVE_BIRTHS,_T,R,KZALM,9.71
2018,PER_1000_LIVE_BIRTHS,_T,R,KZATY,14.52
2018,PER_1000_LIVE_BIRTHS,_T,R,KZZAP,7.89
2018,PER_1000_LIVE_BIRTHS,_T,R,KZZHA,9.84
2018,PER_1000_LIVE_BIRTHS,_T,R,KZKAR,9.31
2018,PER_1000_LIVE_BIRTHS,_T,R,KZKUS,12.28
2018,PER_1000_LIVE_BIRTHS,_T,R,KZKZY,11.6
2018,PER_1000_LIVE_BIRTHS,_T,R,KZMAN,12.87
2018,PER_1000_LIVE_BIRTHS,_T,R,KZPAV,5.36
2018,PER_1000_LIVE_BIRTHS,_T,R,KZSEV,14.06
2018,PER_1000_LIVE_BIRTHS,_T,R,KZYUZ,12.08
2018,PER_1000_LIVE_BIRTHS,_T,R,KZVOS,10.97
2018,PER_1000_LIVE_BIRTHS,M,,,11.64
2018,PER_1000_LIVE_BIRTHS,M,,KZAKM,8.15
2018,PER_1000_LIVE_BIRTHS,M,,KZAKT,12.42
2018,PER_1000_LIVE_BIRTHS,M,,KZALM,10.58
2018,PER_1000_LIVE_BIRTHS,M,,KZATY,14.74
2018,PER_1000_LIVE_BIRTHS,M,,KZZAP,9.52
2018,PER_1000_LIVE_BIRTHS,M,,KZZHA,10.66
2018,PER_1000_LIVE_BIRTHS,M,,KZKAR,10.93
2018,PER_1000_LIVE_BIRTHS,M,,KZKUS,13.96
2018,PER_1000_LIVE_BIRTHS,M,,KZKZY,14.51
2018,PER_1000_LIVE_BIRTHS,M,,KZMAN,13.38
2018,PER_1000_LIVE_BIRTHS,M,,KZPAV,8.11
2018,PER_1000_LIVE_BIRTHS,M,,KZSEV,16.18
2018,PER_1000_LIVE_BIRTHS,M,,KZYUZ,13.98
2018,PER_1000_LIVE_BIRTHS,M,,KZVOS,9.77
2018,PER_1000_LIVE_BIRTHS,M,,KZNS,9.07
2018,PER_1000_LIVE_BIRTHS,M,,KZALA,11.14
2018,PER_1000_LIVE_BIRTHS,M,,KZSHY,12.2
2018,PER_1000_LIVE_BIRTHS,M,U,,11.08
2018,PER_1000_LIVE_BIRTHS,M,U,KZAKM,7.73
2018,PER_1000_LIVE_BIRTHS,M,U,KZAKT,12.6
2018,PER_1000_LIVE_BIRTHS,M,U,KZALM,9.41
2018,PER_1000_LIVE_BIRTHS,M,U,KZATY,11.05
2018,PER_1000_LIVE_BIRTHS,M,U,KZZAP,9.76
2018,PER_1000_LIVE_BIRTHS,M,U,KZZHA,10.99
2018,PER_1000_LIVE_BIRTHS,M,U,KZKAR,10.93
2018,PER_1000_LIVE_BIRTHS,M,U,KZKUS,13.96
2018,PER_1000_LIVE_BIRTHS,M,U,KZKZY,16.02
2018,PER_1000_LIVE_BIRTHS,M,U,KZMAN,10.76
2018,PER_1000_LIVE_BIRTHS,M,U,KZPAV,8.75
2018,PER_1000_LIVE_BIRTHS,M,U,KZSEV,14.69
2018,PER_1000_LIVE_BIRTHS,M,U,KZYUZ,13.05
2018,PER_1000_LIVE_BIRTHS,M,U,KZVOS,9.41
2018,PER_1000_LIVE_BIRTHS,M,U,KZNS,9.07
2018,PER_1000_LIVE_BIRTHS,M,U,KZALA,11.14
2018,PER_1000_LIVE_BIRTHS,M,U,KZSHY,12.2
2018,PER_1000_LIVE_BIRTHS,M,R,,12.44
2018,PER_1000_LIVE_BIRTHS,M,R,KZAKM,8.6
2018,PER_1000_LIVE_BIRTHS,M,R,KZAKT,11.89
2018,PER_1000_LIVE_BIRTHS,M,R,KZALM,10.96
2018,PER_1000_LIVE_BIRTHS,M,R,KZATY,19.14
2018,PER_1000_LIVE_BIRTHS,M,R,KZZAP,9.18
2018,PER_1000_LIVE_BIRTHS,M,R,KZZHA,10.43
2018,PER_1000_LIVE_BIRTHS,M,R,KZKAR,10.94
2018,PER_1000_LIVE_BIRTHS,M,R,KZKUS,13.97
2018,PER_1000_LIVE_BIRTHS,M,R,KZKZY,13.05
2018,PER_1000_LIVE_BIRTHS,M,R,KZMAN,13.62
2018,PER_1000_LIVE_BIRTHS,M,R,KZPAV,6.63
2018,PER_1000_LIVE_BIRTHS,M,R,KZSEV,17.64
2018,PER_1000_LIVE_BIRTHS,M,R,KZYUZ,14.31
2018,PER_1000_LIVE_BIRTHS,M,R,KZVOS,10.44
2018,PER_1000_LIVE_BIRTHS,F,,,8.48
2018,PER_1000_LIVE_BIRTHS,F,,KZAKM,6.79
2018,PER_1000_LIVE_BIRTHS,F,,KZAKT,9.33
2018,PER_1000_LIVE_BIRTHS,F,,KZALM,8.17
2018,PER_1000_LIVE_BIRTHS,F,,KZATY,10.47
2018,PER_1000_LIVE_BIRTHS,F,,KZZAP,5.83
2018,PER_1000_LIVE_BIRTHS,F,,KZZHA,8.52
2018,PER_1000_LIVE_BIRTHS,F,,KZKAR,7.11
2018,PER_1000_LIVE_BIRTHS,F,,KZKUS,8.97
2018,PER_1000_LIVE_BIRTHS,F,,KZKZY,10.46
2018,PER_1000_LIVE_BIRTHS,F,,KZMAN,8.87
2018,PER_1000_LIVE_BIRTHS,F,,KZPAV,6.36
2018,PER_1000_LIVE_BIRTHS,F,,KZSEV,9.76
2018,PER_1000_LIVE_BIRTHS,F,,KZYUZ,9.26
2018,PER_1000_LIVE_BIRTHS,F,,KZVOS,9.24
2018,PER_1000_LIVE_BIRTHS,F,,KZNS,5.71
2018,PER_1000_LIVE_BIRTHS,F,,KZALA,8.5
2018,PER_1000_LIVE_BIRTHS,F,,KZSHY,8.06
2018,PER_1000_LIVE_BIRTHS,F,U,,7.93
2018,PER_1000_LIVE_BIRTHS,F,U,KZAKM,7.47
2018,PER_1000_LIVE_BIRTHS,F,U,KZAKT,8.54
2018,PER_1000_LIVE_BIRTHS,F,U,KZALM,7.52
2018,PER_1000_LIVE_BIRTHS,F,U,KZATY,11.22
2018,PER_1000_LIVE_BIRTHS,F,U,KZZAP,5.37
2018,PER_1000_LIVE_BIRTHS,F,U,KZZHA,7.57
2018,PER_1000_LIVE_BIRTHS,F,U,KZKAR,6.98
2018,PER_1000_LIVE_BIRTHS,F,U,KZKUS,7.97
2018,PER_1000_LIVE_BIRTHS,F,U,KZKZY,10.88
2018,PER_1000_LIVE_BIRTHS,F,U,KZMAN,10.41
2018,PER_1000_LIVE_BIRTHS,F,U,KZPAV,7.35
2018,PER_1000_LIVE_BIRTHS,F,U,KZSEV,9.26
2018,PER_1000_LIVE_BIRTHS,F,U,KZYUZ,8.06
2018,PER_1000_LIVE_BIRTHS,F,U,KZVOS,7.98
2018,PER_1000_LIVE_BIRTHS,F,U,KZNS,5.71
2018,PER_1000_LIVE_BIRTHS,F,U,KZALA,8.5
2018,PER_1000_LIVE_BIRTHS,F,U,KZSHY,8.06
2018,PER_1000_LIVE_BIRTHS,F,R,,9.28
2018,PER_1000_LIVE_BIRTHS,F,R,KZAKM,6.07
2018,PER_1000_LIVE_BIRTHS,F,R,KZAKT,11.7
2018,PER_1000_LIVE_BIRTHS,F,R,KZALM,8.39
2018,PER_1000_LIVE_BIRTHS,F,R,KZATY,9.58
2018,PER_1000_LIVE_BIRTHS,F,R,KZZAP,6.48
2018,PER_1000_LIVE_BIRTHS,F,R,KZZHA,9.22
2018,PER_1000_LIVE_BIRTHS,F,R,KZKAR,7.63
2018,PER_1000_LIVE_BIRTHS,F,R,KZKUS,10.45
2018,PER_1000_LIVE_BIRTHS,F,R,KZKZY,10.08
2018,PER_1000_LIVE_BIRTHS,F,R,KZMAN,12.06
2018,PER_1000_LIVE_BIRTHS,F,R,KZPAV,4.03
2018,PER_1000_LIVE_BIRTHS,F,R,KZSEV,10.24
2018,PER_1000_LIVE_BIRTHS,F,R,KZYUZ,9.69
2018,PER_1000_LIVE_BIRTHS,F,R,KZVOS,11.52
2019,PER_1000_LIVE_BIRTHS,_T,,,10.69
2019,PER_1000_LIVE_BIRTHS,_T,,KZAKM,8.56
2019,PER_1000_LIVE_BIRTHS,_T,,KZAKT,10.54
2019,PER_1000_LIVE_BIRTHS,_T,,KZALM,10.22
2019,PER_1000_LIVE_BIRTHS,_T,,KZATY,12.9
2019,PER_1000_LIVE_BIRTHS,_T,,KZZAP,8.53
2019,PER_1000_LIVE_BIRTHS,_T,,KZZHA,11.58
2019,PER_1000_LIVE_BIRTHS,_T,,KZKAR,10.85
2019,PER_1000_LIVE_BIRTHS,_T,,KZKUS,11.79
2019,PER_1000_LIVE_BIRTHS,_T,,KZKZY,13.13
2019,PER_1000_LIVE_BIRTHS,_T,,KZMAN,11.49
2019,PER_1000_LIVE_BIRTHS,_T,,KZPAV,8.31
2019,PER_1000_LIVE_BIRTHS,_T,,KZSEV,11.79
2019,PER_1000_LIVE_BIRTHS,_T,,KZYUZ,11.89
2019,PER_1000_LIVE_BIRTHS,_T,,KZVOS,10.11
2019,PER_1000_LIVE_BIRTHS,_T,,KZNS,7.62
2019,PER_1000_LIVE_BIRTHS,_T,,KZALA,9.65
2019,PER_1000_LIVE_BIRTHS,_T,,KZSHY,11.7
2019,PER_1000_LIVE_BIRTHS,_T,U,,10.51
2019,PER_1000_LIVE_BIRTHS,_T,U,KZAKM,8.51
2019,PER_1000_LIVE_BIRTHS,_T,U,KZAKT,9.82
2019,PER_1000_LIVE_BIRTHS,_T,U,KZALM,11.84
2019,PER_1000_LIVE_BIRTHS,_T,U,KZATY,13.1
2019,PER_1000_LIVE_BIRTHS,_T,U,KZZAP,9.05
2019,PER_1000_LIVE_BIRTHS,_T,U,KZZHA,12.64
2019,PER_1000_LIVE_BIRTHS,_T,U,KZKAR,11.27
2019,PER_1000_LIVE_BIRTHS,_T,U,KZKUS,9.58
2019,PER_1000_LIVE_BIRTHS,_T,U,KZKZY,13.01
2019,PER_1000_LIVE_BIRTHS,_T,U,KZMAN,13.42
2019,PER_1000_LIVE_BIRTHS,_T,U,KZPAV,8.59
2019,PER_1000_LIVE_BIRTHS,_T,U,KZSEV,11.21
2019,PER_1000_LIVE_BIRTHS,_T,U,KZYUZ,10.82
2019,PER_1000_LIVE_BIRTHS,_T,U,KZVOS,10.38
2019,PER_1000_LIVE_BIRTHS,_T,U,KZNS,7.62
2019,PER_1000_LIVE_BIRTHS,_T,U,KZALA,9.65
2019,PER_1000_LIVE_BIRTHS,_T,U,KZSHY,11.7
2019,PER_1000_LIVE_BIRTHS,_T,R,,10.96
2019,PER_1000_LIVE_BIRTHS,_T,R,KZAKM,8.62
2019,PER_1000_LIVE_BIRTHS,_T,R,KZAKT,12.71
2019,PER_1000_LIVE_BIRTHS,_T,R,KZALM,9.67
2019,PER_1000_LIVE_BIRTHS,_T,R,KZATY,12.63
2019,PER_1000_LIVE_BIRTHS,_T,R,KZZAP,7.84
2019,PER_1000_LIVE_BIRTHS,_T,R,KZZHA,10.75
2019,PER_1000_LIVE_BIRTHS,_T,R,KZKAR,9.21
2019,PER_1000_LIVE_BIRTHS,_T,R,KZKUS,15.41
2019,PER_1000_LIVE_BIRTHS,_T,R,KZKZY,13.25
2019,PER_1000_LIVE_BIRTHS,_T,R,KZMAN,10.18
2019,PER_1000_LIVE_BIRTHS,_T,R,KZPAV,7.62
2019,PER_1000_LIVE_BIRTHS,_T,R,KZSEV,12.35
2019,PER_1000_LIVE_BIRTHS,_T,R,KZYUZ,12.31
2019,PER_1000_LIVE_BIRTHS,_T,R,KZVOS,9.62
2019,PER_1000_LIVE_BIRTHS,M,,,12.031455791730357
2019,PER_1000_LIVE_BIRTHS,M,,KZAKM,8.48923125294765
2019,PER_1000_LIVE_BIRTHS,M,,KZAKT,10.391082561874171
2019,PER_1000_LIVE_BIRTHS,M,,KZALM,12.20401427639406
2019,PER_1000_LIVE_BIRTHS,M,,KZATY,14.001806684733513
2019,PER_1000_LIVE_BIRTHS,M,,KZZAP,10.189228529839882
2019,PER_1000_LIVE_BIRTHS,M,,KZZHA,13.528990694345026
2019,PER_1000_LIVE_BIRTHS,M,,KZKAR,12.267904509283818
2019,PER_1000_LIVE_BIRTHS,M,,KZKUS,15.737256243585358
2019,PER_1000_LIVE_BIRTHS,M,,KZKZY,15.421590226316846
2019,PER_1000_LIVE_BIRTHS,M,,KZMAN,12.545143508838626
2019,PER_1000_LIVE_BIRTHS,M,,KZPAV,8.970099667774086
2019,PER_1000_LIVE_BIRTHS,M,,KZSEV,13.795045045045045
2019,PER_1000_LIVE_BIRTHS,M,,KZYUZ,13.008637735456345
2019,PER_1000_LIVE_BIRTHS,M,,KZVOS,10.214772132006287
2019,PER_1000_LIVE_BIRTHS,M,,KZNS,7.8793642168183675
2019,PER_1000_LIVE_BIRTHS,M,,KZALA,11.114261411964844
2019,PER_1000_LIVE_BIRTHS,M,,KZSHY,13.936097892590075
2019,PER_1000_LIVE_BIRTHS,M,U,,11.76
2019,PER_1000_LIVE_BIRTHS,M,U,KZAKM,9.82
2019,PER_1000_LIVE_BIRTHS,M,U,KZAKT,9.21
2019,PER_1000_LIVE_BIRTHS,M,U,KZALM,13.35
2019,PER_1000_LIVE_BIRTHS,M,U,KZATY,12.78
2019,PER_1000_LIVE_BIRTHS,M,U,KZZAP,10.66
2019,PER_1000_LIVE_BIRTHS,M,U,KZZHA,15.07
2019,PER_1000_LIVE_BIRTHS,M,U,KZKAR,12.63
2019,PER_1000_LIVE_BIRTHS,M,U,KZKUS,12.41
2019,PER_1000_LIVE_BIRTHS,M,U,KZKZY,14.41
2019,PER_1000_LIVE_BIRTHS,M,U,KZMAN,15.26
2019,PER_1000_LIVE_BIRTHS,M,U,KZPAV,9.44
2019,PER_1000_LIVE_BIRTHS,M,U,KZSEV,13.48
2019,PER_1000_LIVE_BIRTHS,M,U,KZYUZ,12.66
2019,PER_1000_LIVE_BIRTHS,M,U,KZVOS,10.72
2019,PER_1000_LIVE_BIRTHS,M,U,KZNS,7.88
2019,PER_1000_LIVE_BIRTHS,M,U,KZALA,11.11
2019,PER_1000_LIVE_BIRTHS,M,U,KZSHY,13.94
2019,PER_1000_LIVE_BIRTHS,M,R,,12.43
2019,PER_1000_LIVE_BIRTHS,M,R,KZAKM,7.0
2019,PER_1000_LIVE_BIRTHS,M,R,KZAKT,13.93
2019,PER_1000_LIVE_BIRTHS,M,R,KZALM,11.82
2019,PER_1000_LIVE_BIRTHS,M,R,KZATY,15.6
2019,PER_1000_LIVE_BIRTHS,M,R,KZZAP,9.55
2019,PER_1000_LIVE_BIRTHS,M,R,KZZHA,12.33
2019,PER_1000_LIVE_BIRTHS,M,R,KZKAR,10.8
2019,PER_1000_LIVE_BIRTHS,M,R,KZKUS,21.18
2019,PER_1000_LIVE_BIRTHS,M,R,KZKZY,16.44
2019,PER_1000_LIVE_BIRTHS,M,R,KZMAN,10.7
2019,PER_1000_LIVE_BIRTHS,M,R,KZPAV,7.86
2019,PER_1000_LIVE_BIRTHS,M,R,KZSEV,14.12
2019,PER_1000_LIVE_BIRTHS,M,R,KZYUZ,13.14
2019,PER_1000_LIVE_BIRTHS,M,R,KZVOS,9.3
2019,PER_1000_LIVE_BIRTHS,F,,,9.25
2019,PER_1000_LIVE_BIRTHS,F,,KZAKM,8.64
2019,PER_1000_LIVE_BIRTHS,F,,KZAKT,10.7
2019,PER_1000_LIVE_BIRTHS,F,,KZALM,8.1
2019,PER_1000_LIVE_BIRTHS,F,,KZATY,11.69
2019,PER_1000_LIVE_BIRTHS,F,,KZZAP,6.71
2019,PER_1000_LIVE_BIRTHS,F,,KZZHA,9.49
2019,PER_1000_LIVE_BIRTHS,F,,KZKAR,9.3
2019,PER_1000_LIVE_BIRTHS,F,,KZKUS,7.68
2019,PER_1000_LIVE_BIRTHS,F,,KZKZY,10.68
2019,PER_1000_LIVE_BIRTHS,F,,KZMAN,10.37
2019,PER_1000_LIVE_BIRTHS,F,,KZPAV,7.58
2019,PER_1000_LIVE_BIRTHS,F,,KZSEV,9.64
2019,PER_1000_LIVE_BIRTHS,F,,KZYUZ,10.7
2019,PER_1000_LIVE_BIRTHS,F,,KZVOS,10.0
2019,PER_1000_LIVE_BIRTHS,F,,KZNS,7.35
2019,PER_1000_LIVE_BIRTHS,F,,KZALA,8.1
2019,PER_1000_LIVE_BIRTHS,F,,KZSHY,9.32
2019,PER_1000_LIVE_BIRTHS,F,U,,9.16
2019,PER_1000_LIVE_BIRTHS,F,U,KZAKM,7.09
2019,PER_1000_LIVE_BIRTHS,F,U,KZAKT,10.47
2019,PER_1000_LIVE_BIRTHS,F,U,KZALM,10.2
2019,PER_1000_LIVE_BIRTHS,F,U,KZATY,13.45
2019,PER_1000_LIVE_BIRTHS,F,U,KZZAP,7.27
2019,PER_1000_LIVE_BIRTHS,F,U,KZZHA,10.02
2019,PER_1000_LIVE_BIRTHS,F,U,KZKAR,9.76
2019,PER_1000_LIVE_BIRTHS,F,U,KZKUS,6.62
2019,PER_1000_LIVE_BIRTHS,F,U,KZKZY,11.49
2019,PER_1000_LIVE_BIRTHS,F,U,KZMAN,11.46
2019,PER_1000_LIVE_BIRTHS,F,U,KZPAV,7.68
2019,PER_1000_LIVE_BIRTHS,F,U,KZSEV,8.7
2019,PER_1000_LIVE_BIRTHS,F,U,KZYUZ,8.86
2019,PER_1000_LIVE_BIRTHS,F,U,KZVOS,10.02
2019,PER_1000_LIVE_BIRTHS,F,U,KZNS,7.35
2019,PER_1000_LIVE_BIRTHS,F,U,KZALA,8.1
2019,PER_1000_LIVE_BIRTHS,F,U,KZSHY,9.32
2019,PER_1000_LIVE_BIRTHS,F,R,,9.38
2019,PER_1000_LIVE_BIRTHS,F,R,KZAKM,10.36
2019,PER_1000_LIVE_BIRTHS,F,R,KZAKT,11.39
2019,PER_1000_LIVE_BIRTHS,F,R,KZALM,7.41
2019,PER_1000_LIVE_BIRTHS,F,R,KZATY,9.39
2019,PER_1000_LIVE_BIRTHS,F,R,KZZAP,5.97
2019,PER_1000_LIVE_BIRTHS,F,R,KZZHA,9.07
2019,PER_1000_LIVE_BIRTHS,F,R,KZKAR,7.51
2019,PER_1000_LIVE_BIRTHS,F,R,KZKUS,9.39
2019,PER_1000_LIVE_BIRTHS,F,R,KZKZY,9.9
2019,PER_1000_LIVE_BIRTHS,F,R,KZMAN,9.62
2019,PER_1000_LIVE_BIRTHS,F,R,KZPAV,7.36
2019,PER_1000_LIVE_BIRTHS,F,R,KZSEV,10.52
2019,PER_1000_LIVE_BIRTHS,F,R,KZYUZ,11.41
2019,PER_1000_LIVE_BIRTHS,F,R,KZVOS,9.97
