Year,UNIT_MEASURE,SEX,REF_AREA,URBANISATION,GeoCode,Value
2010,PER_1000_LIVE_BIRTHS,_T,,,,11.52004177238943
2010,PER_1000_LIVE_BIRTHS,_T,KZAKM,,KZAKM,9.649892335911955
2010,PER_1000_LIVE_BIRTHS,_T,KZAKT,,KZAKT,12.109920819748488
2010,PER_1000_LIVE_BIRTHS,_T,KZALM,,KZALM,8.588310233487821
2010,PER_1000_LIVE_BIRTHS,_T,KZATY,,KZATY,11.838299589695298
2010,PER_1000_LIVE_BIRTHS,_T,KZZAP,,KZZAP,9.964830011723327
2010,PER_1000_LIVE_BIRTHS,_T,KZZHA,,KZZHA,11.089344434338487
2010,PER_1000_LIVE_BIRTHS,_T,KZKAR,,KZKAR,9.548574108018244
2010,PER_1000_LIVE_BIRTHS,_T,KZKUS,,KZKUS,9.2657478782216
2010,PER_1000_LIVE_BIRTHS,_T,KZKZY,,KZKZY,15.380005992210126
2010,PER_1000_LIVE_BIRTHS,_T,KZMAN,,KZMAN,13.865404125803176
2010,PER_1000_LIVE_BIRTHS,_T,KZONT,,KZONT,12.794046435762164
2010,PER_1000_LIVE_BIRTHS,_T,KZPAV,,KZPAV,9.26076360682372
2010,PER_1000_LIVE_BIRTHS,_T,KZSEV,,KZSEV,8.71459694989107
2010,PER_1000_LIVE_BIRTHS,_T,KZVOS,,KZVOS,15.781435601561176
2010,PER_1000_LIVE_BIRTHS,_T,KZNS,,KZNS,7.321994811184779
2010,PER_1000_LIVE_BIRTHS,_T,KZALA,,KZALA,13.902486782847072
2010,PER_1000_LIVE_BIRTHS,_T,,U,,12.345294459672733
2010,PER_1000_LIVE_BIRTHS,_T,KZAKM,U,KZAKM,10.18573996405033
2010,PER_1000_LIVE_BIRTHS,_T,KZAKT,U,KZAKT,12.733446519524618
2010,PER_1000_LIVE_BIRTHS,_T,KZALM,U,KZALM,11.72012689460698
2010,PER_1000_LIVE_BIRTHS,_T,KZATY,U,KZATY,10.25772534940377
2010,PER_1000_LIVE_BIRTHS,_T,KZZAP,U,KZZAP,9.71634540040746
2010,PER_1000_LIVE_BIRTHS,_T,KZZHA,U,KZZHA,12.209898406188834
2010,PER_1000_LIVE_BIRTHS,_T,KZKAR,U,KZKAR,9.920526171553847
2010,PER_1000_LIVE_BIRTHS,_T,KZKUS,U,KZKUS,8.645533141210375
2010,PER_1000_LIVE_BIRTHS,_T,KZKZY,U,KZKZY,16.242073645566805
2010,PER_1000_LIVE_BIRTHS,_T,KZMAN,U,KZMAN,15.186756054179778
2010,PER_1000_LIVE_BIRTHS,_T,KZONT,U,KZONT,15.8311345646438
2010,PER_1000_LIVE_BIRTHS,_T,KZPAV,U,KZPAV,9.694619486185166
2010,PER_1000_LIVE_BIRTHS,_T,KZSEV,U,KZSEV,8.308764406325382
2010,PER_1000_LIVE_BIRTHS,_T,KZVOS,U,KZVOS,15.74264202600958
2010,PER_1000_LIVE_BIRTHS,_T,KZNS,U,KZNS,7.321994811184779
2010,PER_1000_LIVE_BIRTHS,_T,KZALA,U,KZALA,13.902486782847072
2010,PER_1000_LIVE_BIRTHS,_T,,R,,10.612109685120773
2010,PER_1000_LIVE_BIRTHS,_T,KZAKM,R,KZAKM,9.039740747057822
2010,PER_1000_LIVE_BIRTHS,_T,KZAKT,R,KZAKT,11.104350471554609
2010,PER_1000_LIVE_BIRTHS,_T,KZALM,R,KZALM,7.548494689721759
2010,PER_1000_LIVE_BIRTHS,_T,KZATY,R,KZATY,13.582342954159593
2010,PER_1000_LIVE_BIRTHS,_T,KZZAP,R,KZZAP,10.249955044056824
2010,PER_1000_LIVE_BIRTHS,_T,KZZHA,R,KZZHA,10.41608332866663
2010,PER_1000_LIVE_BIRTHS,_T,KZKAR,R,KZKAR,8.247027234369007
2010,PER_1000_LIVE_BIRTHS,_T,KZKUS,R,KZKUS,9.92
2010,PER_1000_LIVE_BIRTHS,_T,KZKZY,R,KZKZY,14.677901603696656
2010,PER_1000_LIVE_BIRTHS,_T,KZMAN,R,KZMAN,12.573568753344034
2010,PER_1000_LIVE_BIRTHS,_T,KZONT,R,KZONT,10.92040467310902
2010,PER_1000_LIVE_BIRTHS,_T,KZPAV,R,KZPAV,8.378511582060128
2010,PER_1000_LIVE_BIRTHS,_T,KZSEV,R,KZSEV,9.01803607214429
2010,PER_1000_LIVE_BIRTHS,_T,KZVOS,R,KZVOS,15.830375131919793
2010,PER_1000_LIVE_BIRTHS,M,,,,13.049889797406935
2010,PER_1000_LIVE_BIRTHS,M,KZAKM,,KZAKM,11.886384686631676
2010,PER_1000_LIVE_BIRTHS,M,KZAKT,,KZAKT,14.568631914409288
2010,PER_1000_LIVE_BIRTHS,M,KZALM,,KZALM,9.531136470487668
2010,PER_1000_LIVE_BIRTHS,M,KZATY,,KZATY,13.3385641428011
2010,PER_1000_LIVE_BIRTHS,M,KZZAP,,KZZAP,10.42175541442762
2010,PER_1000_LIVE_BIRTHS,M,KZZHA,,KZZHA,13.187259078920674
2010,PER_1000_LIVE_BIRTHS,M,KZKAR,,KZKAR,10.510510510510512
2010,PER_1000_LIVE_BIRTHS,M,KZKUS,,KZKUS,12.271774917689314
2010,PER_1000_LIVE_BIRTHS,M,KZKZY,,KZKZY,16.536118363794603
2010,PER_1000_LIVE_BIRTHS,M,KZMAN,,KZMAN,13.454075032341526
2010,PER_1000_LIVE_BIRTHS,M,KZONT,,KZONT,14.392602351537448
2010,PER_1000_LIVE_BIRTHS,M,KZPAV,,KZPAV,10.368479821343117
2010,PER_1000_LIVE_BIRTHS,M,KZSEV,,KZSEV,9.41492938802959
2010,PER_1000_LIVE_BIRTHS,M,KZVOS,,KZVOS,17.68809167912307
2010,PER_1000_LIVE_BIRTHS,M,KZNS,,KZNS,8.692744901370778
2010,PER_1000_LIVE_BIRTHS,M,KZALA,,KZALA,16.60878755850823
2010,PER_1000_LIVE_BIRTHS,M,,U,,13.926846239953209
2010,PER_1000_LIVE_BIRTHS,M,KZAKM,U,KZAKM,12.135221034383129
2010,PER_1000_LIVE_BIRTHS,M,KZAKT,U,KZAKT,15.498154981549815
2010,PER_1000_LIVE_BIRTHS,M,KZALM,U,KZALM,14.325163962720056
2010,PER_1000_LIVE_BIRTHS,M,KZATY,U,KZATY,11.191245958716737
2010,PER_1000_LIVE_BIRTHS,M,KZZAP,U,KZZAP,8.335906143871565
2010,PER_1000_LIVE_BIRTHS,M,KZZHA,U,KZZHA,13.39524915163422
2010,PER_1000_LIVE_BIRTHS,M,KZKAR,U,KZKAR,11.385606874328678
2010,PER_1000_LIVE_BIRTHS,M,KZKUS,U,KZKUS,10.696733159872796
2010,PER_1000_LIVE_BIRTHS,M,KZKZY,U,KZKZY,17.691477885652642
2010,PER_1000_LIVE_BIRTHS,M,KZMAN,U,KZMAN,14.82059282371295
2010,PER_1000_LIVE_BIRTHS,M,KZONT,U,KZONT,17.9718419515993
2010,PER_1000_LIVE_BIRTHS,M,KZPAV,U,KZPAV,9.52834683182468
2010,PER_1000_LIVE_BIRTHS,M,KZSEV,U,KZSEV,8.452192287374539
2010,PER_1000_LIVE_BIRTHS,M,KZVOS,U,KZVOS,16.831980763450556
2010,PER_1000_LIVE_BIRTHS,M,KZNS,U,KZNS,8.692744901370778
2010,PER_1000_LIVE_BIRTHS,M,KZALA,U,KZALA,16.60878755850823
2010,PER_1000_LIVE_BIRTHS,M,,R,,12.084055266782176
2010,PER_1000_LIVE_BIRTHS,M,KZAKM,R,KZAKM,11.60092807424594
2010,PER_1000_LIVE_BIRTHS,M,KZAKT,R,KZAKT,13.0718954248366
2010,PER_1000_LIVE_BIRTHS,M,KZALM,R,KZALM,7.95318979719366
2010,PER_1000_LIVE_BIRTHS,M,KZATY,R,KZATY,15.719801434087149
2010,PER_1000_LIVE_BIRTHS,M,KZZAP,R,KZZAP,12.749827705031011
2010,PER_1000_LIVE_BIRTHS,M,KZZHA,R,KZZHA,13.060513713539398
2010,PER_1000_LIVE_BIRTHS,M,KZKAR,R,KZKAR,7.468259895444362
2010,PER_1000_LIVE_BIRTHS,M,KZKUS,R,KZKUS,13.962147067949116
2010,PER_1000_LIVE_BIRTHS,M,KZKZY,R,KZKZY,15.597616543988783
2010,PER_1000_LIVE_BIRTHS,M,KZMAN,R,KZMAN,12.100926879505664
2010,PER_1000_LIVE_BIRTHS,M,KZONT,R,KZONT,12.16956802063185
2010,PER_1000_LIVE_BIRTHS,M,KZPAV,R,KZPAV,12.071463061323032
2010,PER_1000_LIVE_BIRTHS,M,KZSEV,R,KZSEV,10.12461059190031
2010,PER_1000_LIVE_BIRTHS,M,KZVOS,R,KZVOS,18.74536005939124
2010,PER_1000_LIVE_BIRTHS,F,,,,9.898605120161337
2010,PER_1000_LIVE_BIRTHS,F,KZAKM,,KZAKM,7.259528130671506
2010,PER_1000_LIVE_BIRTHS,F,KZAKT,,KZAKT,9.535160905840286
2010,PER_1000_LIVE_BIRTHS,F,KZALM,,KZALM,7.591504744690465
2010,PER_1000_LIVE_BIRTHS,F,KZATY,,KZATY,10.249307479224376
2010,PER_1000_LIVE_BIRTHS,F,KZZAP,,KZZAP,9.481123944147562
2010,PER_1000_LIVE_BIRTHS,F,KZZHA,,KZZHA,8.84122037828828
2010,PER_1000_LIVE_BIRTHS,F,KZKAR,,KZKAR,8.543283061633685
2010,PER_1000_LIVE_BIRTHS,F,KZKUS,,KZKUS,6.00551858464535
2010,PER_1000_LIVE_BIRTHS,F,KZKZY,,KZKZY,14.145585957666496
2010,PER_1000_LIVE_BIRTHS,F,KZMAN,,KZMAN,14.316087880935507
2010,PER_1000_LIVE_BIRTHS,F,KZONT,,KZONT,11.112563733821414
2010,PER_1000_LIVE_BIRTHS,F,KZPAV,,KZPAV,8.111239860950173
2010,PER_1000_LIVE_BIRTHS,F,KZSEV,,KZSEV,7.981220657276996
2010,PER_1000_LIVE_BIRTHS,F,KZVOS,,KZVOS,13.790112749349523
2010,PER_1000_LIVE_BIRTHS,F,KZNS,,KZNS,5.852842809364548
2010,PER_1000_LIVE_BIRTHS,F,KZALA,,KZALA,10.985434128082025
2010,PER_1000_LIVE_BIRTHS,F,,U,,10.667322897831228
2010,PER_1000_LIVE_BIRTHS,F,KZAKM,U,KZAKM,8.087091757387247
2010,PER_1000_LIVE_BIRTHS,F,KZAKT,U,KZAKT,9.84175993824778
2010,PER_1000_LIVE_BIRTHS,F,KZALM,U,KZALM,9.002520705797624
2010,PER_1000_LIVE_BIRTHS,F,KZATY,U,KZATY,9.2641609317099
2010,PER_1000_LIVE_BIRTHS,F,KZZAP,U,KZZAP,11.139401654996815
2010,PER_1000_LIVE_BIRTHS,F,KZZHA,U,KZZHA,10.91617933723197
2010,PER_1000_LIVE_BIRTHS,F,KZKAR,U,KZKAR,8.393956351426972
2010,PER_1000_LIVE_BIRTHS,F,KZKUS,U,KZKUS,6.381620931716657
2010,PER_1000_LIVE_BIRTHS,F,KZKZY,U,KZKZY,14.699127239320166
2010,PER_1000_LIVE_BIRTHS,F,KZMAN,U,KZMAN,15.59341611319665
2010,PER_1000_LIVE_BIRTHS,F,KZONT,U,KZONT,13.560022026431716
2010,PER_1000_LIVE_BIRTHS,F,KZPAV,U,KZPAV,9.86679822397632
2010,PER_1000_LIVE_BIRTHS,F,KZSEV,U,KZSEV,8.161044613710555
2010,PER_1000_LIVE_BIRTHS,F,KZVOS,U,KZVOS,14.626635873749038
2010,PER_1000_LIVE_BIRTHS,F,KZNS,U,KZNS,5.852842809364548
2010,PER_1000_LIVE_BIRTHS,F,KZALA,U,KZALA,10.985434128082025
2010,PER_1000_LIVE_BIRTHS,F,,R,,9.053817301021788
2010,PER_1000_LIVE_BIRTHS,F,KZAKM,R,KZAKM,6.324666198172874
2010,PER_1000_LIVE_BIRTHS,F,KZAKT,R,KZAKT,9.03990024937656
2010,PER_1000_LIVE_BIRTHS,F,KZALM,R,KZALM,7.1187258687258685
2010,PER_1000_LIVE_BIRTHS,F,KZATY,R,KZATY,11.330621731551425
2010,PER_1000_LIVE_BIRTHS,F,KZZAP,R,KZZAP,7.52162467092892
2010,PER_1000_LIVE_BIRTHS,F,KZZHA,R,KZZHA,7.613334871380782
2010,PER_1000_LIVE_BIRTHS,F,KZKAR,R,KZKAR,9.069400630914828
2010,PER_1000_LIVE_BIRTHS,F,KZKUS,R,KZKUS,5.61612157251404
2010,PER_1000_LIVE_BIRTHS,F,KZKZY,R,KZKZY,13.693490902269742
2010,PER_1000_LIVE_BIRTHS,F,KZMAN,R,KZMAN,13.084632516703786
2010,PER_1000_LIVE_BIRTHS,F,KZONT,R,KZONT,9.613357507273264
2010,PER_1000_LIVE_BIRTHS,F,KZPAV,R,KZPAV,4.529441368897836
2010,PER_1000_LIVE_BIRTHS,F,KZSEV,R,KZSEV,7.844756399669695
2010,PER_1000_LIVE_BIRTHS,F,KZVOS,R,KZVOS,12.711022840119163
2011,PER_1000_LIVE_BIRTHS,_T,,,,9.796345488207358
2011,PER_1000_LIVE_BIRTHS,_T,KZAKM,,KZAKM,10.019723865877712
2011,PER_1000_LIVE_BIRTHS,_T,KZAKT,,KZAKT,7.195862379132
2011,PER_1000_LIVE_BIRTHS,_T,KZALM,,KZALM,7.858075750979538
2011,PER_1000_LIVE_BIRTHS,_T,KZATY,,KZATY,11.752415774353617
2011,PER_1000_LIVE_BIRTHS,_T,KZZAP,,KZZAP,8.826496301277741
2011,PER_1000_LIVE_BIRTHS,_T,KZZHA,,KZZHA,9.554250773025744
2011,PER_1000_LIVE_BIRTHS,_T,KZKAR,,KZKAR,6.586801696101436
2011,PER_1000_LIVE_BIRTHS,_T,KZKUS,,KZKUS,7.768361581920904
2011,PER_1000_LIVE_BIRTHS,_T,KZKZY,,KZKZY,11.82961379790248
2011,PER_1000_LIVE_BIRTHS,_T,KZMAN,,KZMAN,12.627519283403831
2011,PER_1000_LIVE_BIRTHS,_T,KZONT,,KZONT,10.22744427112162
2011,PER_1000_LIVE_BIRTHS,_T,KZPAV,,KZPAV,8.828996282527882
2011,PER_1000_LIVE_BIRTHS,_T,KZSEV,,KZSEV,7.038190838813892
2011,PER_1000_LIVE_BIRTHS,_T,KZVOS,,KZVOS,13.47520823339584
2011,PER_1000_LIVE_BIRTHS,_T,KZNS,,KZNS,7.052896725440806
2011,PER_1000_LIVE_BIRTHS,_T,KZALA,,KZALA,13.971025997221671
2011,PER_1000_LIVE_BIRTHS,_T,,U,,10.994578710036988
2011,PER_1000_LIVE_BIRTHS,_T,KZAKM,U,KZAKM,11.19177253478524
2011,PER_1000_LIVE_BIRTHS,_T,KZAKT,U,KZAKT,6.88924218335983
2011,PER_1000_LIVE_BIRTHS,_T,KZALM,U,KZALM,10.24101703893352
2011,PER_1000_LIVE_BIRTHS,_T,KZATY,U,KZATY,11.31928181108509
2011,PER_1000_LIVE_BIRTHS,_T,KZZAP,U,KZZAP,7.763975155279503
2011,PER_1000_LIVE_BIRTHS,_T,KZZHA,U,KZZHA,12.126111560226354
2011,PER_1000_LIVE_BIRTHS,_T,KZKAR,U,KZKAR,6.494866959983239
2011,PER_1000_LIVE_BIRTHS,_T,KZKUS,U,KZKUS,8.796779484121068
2011,PER_1000_LIVE_BIRTHS,_T,KZKZY,U,KZKZY,12.01558778956484
2011,PER_1000_LIVE_BIRTHS,_T,KZMAN,U,KZMAN,14.065050860228558
2011,PER_1000_LIVE_BIRTHS,_T,KZONT,U,KZONT,15.28765352294764
2011,PER_1000_LIVE_BIRTHS,_T,KZPAV,U,KZPAV,8.08967987981047
2011,PER_1000_LIVE_BIRTHS,_T,KZSEV,U,KZSEV,6.307490144546649
2011,PER_1000_LIVE_BIRTHS,_T,KZVOS,U,KZVOS,13.366188769414576
2011,PER_1000_LIVE_BIRTHS,_T,KZNS,U,KZNS,7.052896725440806
2011,PER_1000_LIVE_BIRTHS,_T,KZALA,U,KZALA,13.971025997221671
2011,PER_1000_LIVE_BIRTHS,_T,,R,,8.447410449463838
2011,PER_1000_LIVE_BIRTHS,_T,KZAKM,R,KZAKM,8.741547088899885
2011,PER_1000_LIVE_BIRTHS,_T,KZAKT,R,KZAKT,7.732755954222085
2011,PER_1000_LIVE_BIRTHS,_T,KZALM,R,KZALM,7.078265391615867
2011,PER_1000_LIVE_BIRTHS,_T,KZATY,R,KZATY,12.18872870249017
2011,PER_1000_LIVE_BIRTHS,_T,KZZAP,R,KZZAP,10.080645161290322
2011,PER_1000_LIVE_BIRTHS,_T,KZZHA,R,KZZHA,7.93201133144476
2011,PER_1000_LIVE_BIRTHS,_T,KZKAR,R,KZKAR,6.924408540103866
2011,PER_1000_LIVE_BIRTHS,_T,KZKUS,R,KZKUS,6.625807520291535
2011,PER_1000_LIVE_BIRTHS,_T,KZKZY,R,KZKZY,11.671721349140704
2011,PER_1000_LIVE_BIRTHS,_T,KZMAN,R,KZMAN,11.216566005176878
2011,PER_1000_LIVE_BIRTHS,_T,KZONT,R,KZONT,7.002801120448179
2011,PER_1000_LIVE_BIRTHS,_T,KZPAV,R,KZPAV,10.331063629960084
2011,PER_1000_LIVE_BIRTHS,_T,KZSEV,R,KZSEV,7.610037021801728
2011,PER_1000_LIVE_BIRTHS,_T,KZVOS,R,KZVOS,13.628262920641577
2011,PER_1000_LIVE_BIRTHS,M,,,,11.120370852648575
2011,PER_1000_LIVE_BIRTHS,M,KZAKM,,KZAKM,10.74780502573418
2011,PER_1000_LIVE_BIRTHS,M,KZAKT,,KZAKT,9.18032786885246
2011,PER_1000_LIVE_BIRTHS,M,KZALM,,KZALM,9.279267827634422
2011,PER_1000_LIVE_BIRTHS,M,KZATY,,KZATY,13.309671694764862
2011,PER_1000_LIVE_BIRTHS,M,KZZAP,,KZZAP,9.751340809361286
2011,PER_1000_LIVE_BIRTHS,M,KZZHA,,KZZHA,10.375261065822274
2011,PER_1000_LIVE_BIRTHS,M,KZKAR,,KZKAR,7.678008567041138
2011,PER_1000_LIVE_BIRTHS,M,KZKUS,,KZKUS,8.805808744013596
2011,PER_1000_LIVE_BIRTHS,M,KZKZY,,KZKZY,13.771186440677964
2011,PER_1000_LIVE_BIRTHS,M,KZMAN,,KZMAN,13.306161591944376
2011,PER_1000_LIVE_BIRTHS,M,KZONT,,KZONT,11.72991862368955
2011,PER_1000_LIVE_BIRTHS,M,KZPAV,,KZPAV,9.486523113988858
2011,PER_1000_LIVE_BIRTHS,M,KZSEV,,KZSEV,8.678237650200266
2011,PER_1000_LIVE_BIRTHS,M,KZVOS,,KZVOS,15.737372028090364
2011,PER_1000_LIVE_BIRTHS,M,KZNS,,KZNS,7.539335664335664
2011,PER_1000_LIVE_BIRTHS,M,KZALA,,KZALA,15.134230739980229
2011,PER_1000_LIVE_BIRTHS,M,,U,,12.40099836880687
2011,PER_1000_LIVE_BIRTHS,M,KZAKM,U,KZAKM,11.928429423459244
2011,PER_1000_LIVE_BIRTHS,M,KZAKT,U,KZAKT,8.651399491094146
2011,PER_1000_LIVE_BIRTHS,M,KZALM,U,KZALM,12.307692307692308
2011,PER_1000_LIVE_BIRTHS,M,KZATY,U,KZATY,13.853258081067214
2011,PER_1000_LIVE_BIRTHS,M,KZZAP,U,KZZAP,8.035714285714285
2011,PER_1000_LIVE_BIRTHS,M,KZZHA,U,KZZHA,13.574660633484164
2011,PER_1000_LIVE_BIRTHS,M,KZKAR,U,KZKAR,7.714462044846739
2011,PER_1000_LIVE_BIRTHS,M,KZKUS,U,KZKUS,10.733971569480708
2011,PER_1000_LIVE_BIRTHS,M,KZKZY,U,KZKZY,13.000629062696582
2011,PER_1000_LIVE_BIRTHS,M,KZMAN,U,KZMAN,14.489194499017682
2011,PER_1000_LIVE_BIRTHS,M,KZONT,U,KZONT,17.279434949864413
2011,PER_1000_LIVE_BIRTHS,M,KZPAV,U,KZPAV,9.73731884057971
2011,PER_1000_LIVE_BIRTHS,M,KZSEV,U,KZSEV,7.518796992481203
2011,PER_1000_LIVE_BIRTHS,M,KZVOS,U,KZVOS,15.17999132571924
2011,PER_1000_LIVE_BIRTHS,M,KZNS,U,KZNS,7.539335664335664
2011,PER_1000_LIVE_BIRTHS,M,KZALA,U,KZALA,15.134230739980229
2011,PER_1000_LIVE_BIRTHS,M,,R,,9.675917715907076
2011,PER_1000_LIVE_BIRTHS,M,KZAKM,R,KZAKM,9.40032414910859
2011,PER_1000_LIVE_BIRTHS,M,KZAKT,R,KZAKT,10.138248847926269
2011,PER_1000_LIVE_BIRTHS,M,KZALM,R,KZALM,8.281223593037012
2011,PER_1000_LIVE_BIRTHS,M,KZATY,R,KZATY,12.778752192432975
2011,PER_1000_LIVE_BIRTHS,M,KZZAP,R,KZZAP,11.815252416756175
2011,PER_1000_LIVE_BIRTHS,M,KZZHA,R,KZZHA,8.354402550291304
2011,PER_1000_LIVE_BIRTHS,M,KZKAR,R,KZKAR,7.544322897019992
2011,PER_1000_LIVE_BIRTHS,M,KZKUS,R,KZKUS,6.609385327164574
2011,PER_1000_LIVE_BIRTHS,M,KZKZY,R,KZKZY,14.425645592163846
2011,PER_1000_LIVE_BIRTHS,M,KZMAN,R,KZMAN,12.177985948477753
2011,PER_1000_LIVE_BIRTHS,M,KZONT,R,KZONT,8.218959463772743
2011,PER_1000_LIVE_BIRTHS,M,KZPAV,R,KZPAV,8.98876404494382
2011,PER_1000_LIVE_BIRTHS,M,KZSEV,R,KZSEV,9.603841536614643
2011,PER_1000_LIVE_BIRTHS,M,KZVOS,R,KZVOS,16.523867809057528
2011,PER_1000_LIVE_BIRTHS,F,,,,8.389596015495297
2011,PER_1000_LIVE_BIRTHS,F,KZAKM,,KZAKM,9.22722029988466
2011,PER_1000_LIVE_BIRTHS,F,KZAKT,,KZAKT,5.093771706413522
2011,PER_1000_LIVE_BIRTHS,F,KZALM,,KZALM,6.356596087559873
2011,PER_1000_LIVE_BIRTHS,F,KZATY,,KZATY,10.098290022889458
2011,PER_1000_LIVE_BIRTHS,F,KZZAP,,KZZAP,7.835625979453249
2011,PER_1000_LIVE_BIRTHS,F,KZZHA,,KZZHA,8.680057388809182
2011,PER_1000_LIVE_BIRTHS,F,KZKAR,,KZKAR,5.453935224030878
2011,PER_1000_LIVE_BIRTHS,F,KZKUS,,KZKUS,6.697496412055494
2011,PER_1000_LIVE_BIRTHS,F,KZKZY,,KZKZY,9.758602978941962
2011,PER_1000_LIVE_BIRTHS,F,KZMAN,,KZMAN,11.895526247737266
2011,PER_1000_LIVE_BIRTHS,F,KZONT,,KZONT,8.633429260325116
2011,PER_1000_LIVE_BIRTHS,F,KZPAV,,KZPAV,8.132674214638813
2011,PER_1000_LIVE_BIRTHS,F,KZSEV,,KZSEV,5.271986580397795
2011,PER_1000_LIVE_BIRTHS,F,KZVOS,,KZVOS,11.069114470842331
2011,PER_1000_LIVE_BIRTHS,F,KZNS,,KZNS,6.541948812119821
2011,PER_1000_LIVE_BIRTHS,F,KZALA,,KZALA,12.701311638718249
2011,PER_1000_LIVE_BIRTHS,F,,U,,9.497510564411533
2011,PER_1000_LIVE_BIRTHS,F,KZAKM,U,KZAKM,10.35263668715626
2011,PER_1000_LIVE_BIRTHS,F,KZAKT,U,KZAKT,4.975124378109452
2011,PER_1000_LIVE_BIRTHS,F,KZALM,U,KZALM,8.033595033777615
2011,PER_1000_LIVE_BIRTHS,F,KZATY,U,KZATY,8.711721224920803
2011,PER_1000_LIVE_BIRTHS,F,KZZAP,U,KZZAP,7.467532467532467
2011,PER_1000_LIVE_BIRTHS,F,KZZHA,U,KZZHA,10.581028401707815
2011,PER_1000_LIVE_BIRTHS,F,KZKAR,U,KZKAR,5.229455709711846
2011,PER_1000_LIVE_BIRTHS,F,KZKUS,U,KZKUS,6.748466257668712
2011,PER_1000_LIVE_BIRTHS,F,KZKZY,U,KZKZY,10.964421570821214
2011,PER_1000_LIVE_BIRTHS,F,KZMAN,U,KZMAN,13.621177075301976
2011,PER_1000_LIVE_BIRTHS,F,KZONT,U,KZONT,13.19366173838096
2011,PER_1000_LIVE_BIRTHS,F,KZPAV,U,KZPAV,6.372433325466131
2011,PER_1000_LIVE_BIRTHS,F,KZSEV,U,KZSEV,4.972375690607734
2011,PER_1000_LIVE_BIRTHS,F,KZVOS,U,KZVOS,11.428571428571429
2011,PER_1000_LIVE_BIRTHS,F,KZNS,U,KZNS,6.541948812119821
2011,PER_1000_LIVE_BIRTHS,F,KZALA,U,KZALA,12.701311638718249
2011,PER_1000_LIVE_BIRTHS,F,,R,,7.14487167434427
2011,PER_1000_LIVE_BIRTHS,F,KZAKM,R,KZAKM,8.059100067159166
2011,PER_1000_LIVE_BIRTHS,F,KZAKT,R,KZAKT,5.294300840859545
2011,PER_1000_LIVE_BIRTHS,F,KZALM,R,KZALM,5.811884711184913
2011,PER_1000_LIVE_BIRTHS,F,KZATY,R,KZATY,11.541632316570489
2011,PER_1000_LIVE_BIRTHS,F,KZZAP,R,KZZAP,8.261359369132558
2011,PER_1000_LIVE_BIRTHS,F,KZZHA,R,KZZHA,7.482754589033087
2011,PER_1000_LIVE_BIRTHS,F,KZKAR,R,KZKAR,6.279434850863423
2011,PER_1000_LIVE_BIRTHS,F,KZKUS,R,KZKUS,6.642311524410495
2011,PER_1000_LIVE_BIRTHS,F,KZKZY,R,KZKZY,8.735282947208509
2011,PER_1000_LIVE_BIRTHS,F,KZMAN,R,KZMAN,10.14832162373146
2011,PER_1000_LIVE_BIRTHS,F,KZONT,R,KZONT,5.705040871934605
2011,PER_1000_LIVE_BIRTHS,F,KZPAV,R,KZPAV,11.799410029498524
2011,PER_1000_LIVE_BIRTHS,F,KZSEV,R,KZSEV,5.50148116800677
2011,PER_1000_LIVE_BIRTHS,F,KZVOS,R,KZVOS,10.567177054129829
2012,PER_1000_LIVE_BIRTHS,_T,,,,9.025247079256886
2012,PER_1000_LIVE_BIRTHS,_T,KZAKM,,KZAKM,6.921187765126144
2012,PER_1000_LIVE_BIRTHS,_T,KZAKT,,KZAKT,8.72523733743072
2012,PER_1000_LIVE_BIRTHS,_T,KZALM,,KZALM,7.509333333333333
2012,PER_1000_LIVE_BIRTHS,_T,KZATY,,KZATY,11.548825869369947
2012,PER_1000_LIVE_BIRTHS,_T,KZZAP,,KZZAP,7.082494969818914
2012,PER_1000_LIVE_BIRTHS,_T,KZZHA,,KZZHA,8.721339147559432
2012,PER_1000_LIVE_BIRTHS,_T,KZKAR,,KZKAR,6.895707524073772
2012,PER_1000_LIVE_BIRTHS,_T,KZKUS,,KZKUS,9.688000610267755
2012,PER_1000_LIVE_BIRTHS,_T,KZKZY,,KZKZY,13.006923837784372
2012,PER_1000_LIVE_BIRTHS,_T,KZMAN,,KZMAN,9.080188679245282
2012,PER_1000_LIVE_BIRTHS,_T,KZONT,,KZONT,9.575650132960462
2012,PER_1000_LIVE_BIRTHS,_T,KZPAV,,KZPAV,6.527820951196768
2012,PER_1000_LIVE_BIRTHS,_T,KZSEV,,KZSEV,7.10927645912166
2012,PER_1000_LIVE_BIRTHS,_T,KZVOS,,KZVOS,12.65768655120804
2012,PER_1000_LIVE_BIRTHS,_T,KZNS,,KZNS,6.987617530699276
2012,PER_1000_LIVE_BIRTHS,_T,KZALA,,KZALA,9.76227736791117
2012,PER_1000_LIVE_BIRTHS,_T,,U,,9.5173417414504
2012,PER_1000_LIVE_BIRTHS,_T,KZAKM,U,KZAKM,8.475793707800603
2012,PER_1000_LIVE_BIRTHS,_T,KZAKT,U,KZAKT,10.819560402112796
2012,PER_1000_LIVE_BIRTHS,_T,KZALM,U,KZALM,8.548469823901522
2012,PER_1000_LIVE_BIRTHS,_T,KZATY,U,KZATY,12.257026123560728
2012,PER_1000_LIVE_BIRTHS,_T,KZZAP,U,KZZAP,5.979291235234068
2012,PER_1000_LIVE_BIRTHS,_T,KZZHA,U,KZZHA,8.970156977747111
2012,PER_1000_LIVE_BIRTHS,_T,KZKAR,U,KZKAR,7.2783987522745
2012,PER_1000_LIVE_BIRTHS,_T,KZKUS,U,KZKUS,10.655964572377526
2012,PER_1000_LIVE_BIRTHS,_T,KZKZY,U,KZKZY,12.38919149845135
2012,PER_1000_LIVE_BIRTHS,_T,KZMAN,U,KZMAN,7.942417473318442
2012,PER_1000_LIVE_BIRTHS,_T,KZONT,U,KZONT,11.06305628682462
2012,PER_1000_LIVE_BIRTHS,_T,KZPAV,U,KZPAV,6.693896074427048
2012,PER_1000_LIVE_BIRTHS,_T,KZSEV,U,KZSEV,7.660878447395301
2012,PER_1000_LIVE_BIRTHS,_T,KZVOS,U,KZVOS,13.537906137184116
2012,PER_1000_LIVE_BIRTHS,_T,KZNS,U,KZNS,6.987617530699276
2012,PER_1000_LIVE_BIRTHS,_T,KZALA,U,KZALA,9.76227736791117
2012,PER_1000_LIVE_BIRTHS,_T,,R,,8.44556950452278
2012,PER_1000_LIVE_BIRTHS,_T,KZAKM,R,KZAKM,5.250154416306362
2012,PER_1000_LIVE_BIRTHS,_T,KZAKT,R,KZAKT,4.934464148033924
2012,PER_1000_LIVE_BIRTHS,_T,KZALM,R,KZALM,7.163771782698922
2012,PER_1000_LIVE_BIRTHS,_T,KZATY,R,KZATY,10.787055533359968
2012,PER_1000_LIVE_BIRTHS,_T,KZZAP,R,KZZAP,8.441091954022989
2012,PER_1000_LIVE_BIRTHS,_T,KZZHA,R,KZZHA,8.550053437833986
2012,PER_1000_LIVE_BIRTHS,_T,KZKAR,R,KZKAR,5.499715531955244
2012,PER_1000_LIVE_BIRTHS,_T,KZKUS,R,KZKUS,8.499065102838687
2012,PER_1000_LIVE_BIRTHS,_T,KZKZY,R,KZKZY,13.53965183752418
2012,PER_1000_LIVE_BIRTHS,_T,KZMAN,R,KZMAN,10.11008762075938
2012,PER_1000_LIVE_BIRTHS,_T,KZONT,R,KZONT,8.590815712477433
2012,PER_1000_LIVE_BIRTHS,_T,KZPAV,R,KZPAV,6.166748889985199
2012,PER_1000_LIVE_BIRTHS,_T,KZSEV,R,KZSEV,6.659729448491155
2012,PER_1000_LIVE_BIRTHS,_T,KZVOS,R,KZVOS,11.245963701146866
2012,PER_1000_LIVE_BIRTHS,M,,,,10.101061736094426
2012,PER_1000_LIVE_BIRTHS,M,KZAKM,,KZAKM,6.472491909385114
2012,PER_1000_LIVE_BIRTHS,M,KZAKT,,KZAKT,9.094754653130288
2012,PER_1000_LIVE_BIRTHS,M,KZALM,,KZALM,9.143528227497692
2012,PER_1000_LIVE_BIRTHS,M,KZATY,,KZATY,11.541839166980305
2012,PER_1000_LIVE_BIRTHS,M,KZZAP,,KZZAP,9.16860916860917
2012,PER_1000_LIVE_BIRTHS,M,KZZHA,,KZZHA,10.084265782566652
2012,PER_1000_LIVE_BIRTHS,M,KZKAR,,KZKAR,7.5307173999207295
2012,PER_1000_LIVE_BIRTHS,M,KZKUS,,KZKUS,11.897590361445785
2012,PER_1000_LIVE_BIRTHS,M,KZKZY,,KZKZY,14.04041362299592
2012,PER_1000_LIVE_BIRTHS,M,KZMAN,,KZMAN,9.469915694652965
2012,PER_1000_LIVE_BIRTHS,M,KZONT,,KZONT,10.638812321678998
2012,PER_1000_LIVE_BIRTHS,M,KZPAV,,KZPAV,8.15833207433147
2012,PER_1000_LIVE_BIRTHS,M,KZSEV,,KZSEV,8.292245629762439
2012,PER_1000_LIVE_BIRTHS,M,KZVOS,,KZVOS,13.94254997480262
2012,PER_1000_LIVE_BIRTHS,M,KZNS,,KZNS,8.117045796171961
2012,PER_1000_LIVE_BIRTHS,M,KZALA,,KZALA,10.747259088286208
2012,PER_1000_LIVE_BIRTHS,M,,U,,10.562647754137116
2012,PER_1000_LIVE_BIRTHS,M,KZAKM,U,KZAKM,8.016032064128256
2012,PER_1000_LIVE_BIRTHS,M,KZAKT,U,KZAKT,10.962041884816752
2012,PER_1000_LIVE_BIRTHS,M,KZALM,U,KZALM,9.764309764309765
2012,PER_1000_LIVE_BIRTHS,M,KZATY,U,KZATY,13.116346854505707
2012,PER_1000_LIVE_BIRTHS,M,KZZAP,U,KZZAP,7.896221094190638
2012,PER_1000_LIVE_BIRTHS,M,KZZHA,U,KZZHA,8.771929824561402
2012,PER_1000_LIVE_BIRTHS,M,KZKAR,U,KZKAR,8.384685321749672
2012,PER_1000_LIVE_BIRTHS,M,KZKUS,U,KZKUS,14.309301045679693
2012,PER_1000_LIVE_BIRTHS,M,KZKZY,U,KZKZY,13.18771893674016
2012,PER_1000_LIVE_BIRTHS,M,KZMAN,U,KZMAN,8.011653313911145
2012,PER_1000_LIVE_BIRTHS,M,KZONT,U,KZONT,12.642071354768127
2012,PER_1000_LIVE_BIRTHS,M,KZPAV,U,KZPAV,8.8339222614841
2012,PER_1000_LIVE_BIRTHS,M,KZSEV,U,KZSEV,7.299270072992701
2012,PER_1000_LIVE_BIRTHS,M,KZVOS,U,KZVOS,14.43355119825708
2012,PER_1000_LIVE_BIRTHS,M,KZNS,U,KZNS,8.117045796171961
2012,PER_1000_LIVE_BIRTHS,M,KZALA,U,KZALA,10.747259088286208
2012,PER_1000_LIVE_BIRTHS,M,,R,,9.557931748133475
2012,PER_1000_LIVE_BIRTHS,M,KZAKM,R,KZAKM,4.841149773071104
2012,PER_1000_LIVE_BIRTHS,M,KZAKT,R,KZAKT,5.681818181818182
2012,PER_1000_LIVE_BIRTHS,M,KZALM,R,KZALM,8.937548877220424
2012,PER_1000_LIVE_BIRTHS,M,KZATY,R,KZATY,9.859885832900884
2012,PER_1000_LIVE_BIRTHS,M,KZZAP,R,KZZAP,10.730356524749048
2012,PER_1000_LIVE_BIRTHS,M,KZZHA,R,KZZHA,10.964912280701752
2012,PER_1000_LIVE_BIRTHS,M,KZKAR,R,KZKAR,4.418262150220913
2012,PER_1000_LIVE_BIRTHS,M,KZKUS,R,KZKUS,8.982035928143713
2012,PER_1000_LIVE_BIRTHS,M,KZKZY,R,KZKZY,14.767932489451477
2012,PER_1000_LIVE_BIRTHS,M,KZMAN,R,KZMAN,10.79295154185022
2012,PER_1000_LIVE_BIRTHS,M,KZONT,R,KZONT,9.315398514354548
2012,PER_1000_LIVE_BIRTHS,M,KZPAV,R,KZPAV,6.695361071257771
2012,PER_1000_LIVE_BIRTHS,M,KZSEV,R,KZSEV,9.140008309098464
2012,PER_1000_LIVE_BIRTHS,M,KZVOS,R,KZVOS,13.1521262604121
2012,PER_1000_LIVE_BIRTHS,F,,,,7.890907130922224
2012,PER_1000_LIVE_BIRTHS,F,KZAKM,,KZAKM,7.380629612893508
2012,PER_1000_LIVE_BIRTHS,F,KZAKT,,KZAKT,8.32667959393179
2012,PER_1000_LIVE_BIRTHS,F,KZALM,,KZALM,5.817739764685451
2012,PER_1000_LIVE_BIRTHS,F,KZATY,,KZATY,11.556139198949442
2012,PER_1000_LIVE_BIRTHS,F,KZZAP,,KZZAP,4.841402337228715
2012,PER_1000_LIVE_BIRTHS,F,KZZHA,,KZZHA,7.307637197306204
2012,PER_1000_LIVE_BIRTHS,F,KZKAR,,KZKAR,6.222147481711931
2012,PER_1000_LIVE_BIRTHS,F,KZKUS,,KZKUS,7.420003091667955
2012,PER_1000_LIVE_BIRTHS,F,KZKZY,,KZKZY,11.881392705858044
2012,PER_1000_LIVE_BIRTHS,F,KZMAN,,KZMAN,8.673653776653415
2012,PER_1000_LIVE_BIRTHS,F,KZONT,,KZONT,8.440670091117937
2012,PER_1000_LIVE_BIRTHS,F,KZPAV,,KZPAV,4.800768122899664
2012,PER_1000_LIVE_BIRTHS,F,KZSEV,,KZSEV,5.869922517022775
2012,PER_1000_LIVE_BIRTHS,F,KZVOS,,KZVOS,11.32502831257078
2012,PER_1000_LIVE_BIRTHS,F,KZNS,,KZNS,5.799240826655419
2012,PER_1000_LIVE_BIRTHS,F,KZALA,,KZALA,8.709727146600894
2012,PER_1000_LIVE_BIRTHS,F,,U,,8.41633466135458
2012,PER_1000_LIVE_BIRTHS,F,KZAKM,U,KZAKM,8.938869665513264
2012,PER_1000_LIVE_BIRTHS,F,KZAKT,U,KZAKT,10.66477070742979
2012,PER_1000_LIVE_BIRTHS,F,KZALM,U,KZALM,7.29419937478291
2012,PER_1000_LIVE_BIRTHS,F,KZATY,U,KZATY,11.363636363636363
2012,PER_1000_LIVE_BIRTHS,F,KZZAP,U,KZZAP,3.926306251887647
2012,PER_1000_LIVE_BIRTHS,F,KZZHA,U,KZZHA,9.16955017301038
2012,PER_1000_LIVE_BIRTHS,F,KZKAR,U,KZKAR,6.105398457583547
2012,PER_1000_LIVE_BIRTHS,F,KZKUS,U,KZKUS,6.9599109131403125
2012,PER_1000_LIVE_BIRTHS,F,KZKZY,U,KZKZY,11.529933481152993
2012,PER_1000_LIVE_BIRTHS,F,KZMAN,U,KZMAN,7.870017771007871
2012,PER_1000_LIVE_BIRTHS,F,KZONT,U,KZONT,9.38207699773536
2012,PER_1000_LIVE_BIRTHS,F,KZPAV,U,KZPAV,4.433037797480168
2012,PER_1000_LIVE_BIRTHS,F,KZSEV,U,KZSEV,8.060182697474476
2012,PER_1000_LIVE_BIRTHS,F,KZVOS,U,KZVOS,12.606232294617564
2012,PER_1000_LIVE_BIRTHS,F,KZNS,U,KZNS,5.799240826655419
2012,PER_1000_LIVE_BIRTHS,F,KZALA,U,KZALA,8.709727146600894
2012,PER_1000_LIVE_BIRTHS,F,,R,,7.271232233055327
2012,PER_1000_LIVE_BIRTHS,F,KZAKM,R,KZAKM,5.676442762535478
2012,PER_1000_LIVE_BIRTHS,F,KZAKT,R,KZAKT,4.138809296402419
2012,PER_1000_LIVE_BIRTHS,F,KZALM,R,KZALM,5.32561505065123
2012,PER_1000_LIVE_BIRTHS,F,KZATY,R,KZATY,11.76470588235294
2012,PER_1000_LIVE_BIRTHS,F,KZZAP,R,KZZAP,5.972377752892871
2012,PER_1000_LIVE_BIRTHS,F,KZZHA,R,KZZHA,5.99168500855955
2012,PER_1000_LIVE_BIRTHS,F,KZKAR,R,KZKAR,6.64841611263199
2012,PER_1000_LIVE_BIRTHS,F,KZKUS,R,KZKUS,7.994438651372959
2012,PER_1000_LIVE_BIRTHS,F,KZKZY,R,KZKZY,12.188044109112012
2012,PER_1000_LIVE_BIRTHS,F,KZMAN,R,KZMAN,9.399358092618064
2012,PER_1000_LIVE_BIRTHS,F,KZONT,R,KZONT,7.8158550201838
2012,PER_1000_LIVE_BIRTHS,F,KZPAV,R,KZPAV,5.603667855323485
2012,PER_1000_LIVE_BIRTHS,F,KZSEV,R,KZSEV,4.170141784820684
2012,PER_1000_LIVE_BIRTHS,F,KZVOS,R,KZVOS,9.278117221090746
2013,PER_1000_LIVE_BIRTHS,_T,,,,7.134815212675853
2013,PER_1000_LIVE_BIRTHS,_T,KZAKM,,KZAKM,8.088978766430738
2013,PER_1000_LIVE_BIRTHS,_T,KZAKT,,KZAKT,7.463880151410141
2013,PER_1000_LIVE_BIRTHS,_T,KZALM,,KZALM,5.611139762764311
2013,PER_1000_LIVE_BIRTHS,_T,KZATY,,KZATY,5.726735138499844
2013,PER_1000_LIVE_BIRTHS,_T,KZZAP,,KZZAP,5.34465141869056
2013,PER_1000_LIVE_BIRTHS,_T,KZZHA,,KZZHA,9.278814527576776
2013,PER_1000_LIVE_BIRTHS,_T,KZKAR,,KZKAR,6.320907617504052
2013,PER_1000_LIVE_BIRTHS,_T,KZKUS,,KZKUS,6.677411927239235
2013,PER_1000_LIVE_BIRTHS,_T,KZKZY,,KZKZY,8.590017281691573
2013,PER_1000_LIVE_BIRTHS,_T,KZMAN,,KZMAN,6.331186551686497
2013,PER_1000_LIVE_BIRTHS,_T,KZONT,,KZONT,7.953254341827625
2013,PER_1000_LIVE_BIRTHS,_T,KZPAV,,KZPAV,4.349484929416253
2013,PER_1000_LIVE_BIRTHS,_T,KZSEV,,KZSEV,5.957247985048475
2013,PER_1000_LIVE_BIRTHS,_T,KZVOS,,KZVOS,9.331872946330778
2013,PER_1000_LIVE_BIRTHS,_T,KZNS,,KZNS,5.343441724515894
2013,PER_1000_LIVE_BIRTHS,_T,KZALA,,KZALA,7.908901175350591
2013,PER_1000_LIVE_BIRTHS,_T,,U,,7.622395323402568
2013,PER_1000_LIVE_BIRTHS,_T,KZAKM,U,KZAKM,9.5068330362448
2013,PER_1000_LIVE_BIRTHS,_T,KZAKT,U,KZAKT,7.524331397726343
2013,PER_1000_LIVE_BIRTHS,_T,KZALM,U,KZALM,6.848743005094797
2013,PER_1000_LIVE_BIRTHS,_T,KZATY,U,KZATY,6.306852637962401
2013,PER_1000_LIVE_BIRTHS,_T,KZZAP,U,KZZAP,5.428571428571429
2013,PER_1000_LIVE_BIRTHS,_T,KZZHA,U,KZZHA,13.869005010737297
2013,PER_1000_LIVE_BIRTHS,_T,KZKAR,U,KZKAR,6.272949816401469
2013,PER_1000_LIVE_BIRTHS,_T,KZKUS,U,KZKUS,6.886103842445944
2013,PER_1000_LIVE_BIRTHS,_T,KZKZY,U,KZKZY,8.97308075772682
2013,PER_1000_LIVE_BIRTHS,_T,KZMAN,U,KZMAN,6.055066834228264
2013,PER_1000_LIVE_BIRTHS,_T,KZONT,U,KZONT,8.910037364672819
2013,PER_1000_LIVE_BIRTHS,_T,KZPAV,U,KZPAV,4.02729611813402
2013,PER_1000_LIVE_BIRTHS,_T,KZSEV,U,KZSEV,7.274616783580151
2013,PER_1000_LIVE_BIRTHS,_T,KZVOS,U,KZVOS,9.23754707596106
2013,PER_1000_LIVE_BIRTHS,_T,KZNS,U,KZNS,5.343441724515894
2013,PER_1000_LIVE_BIRTHS,_T,KZALA,U,KZALA,7.908901175350591
2013,PER_1000_LIVE_BIRTHS,_T,,R,,6.560860838913157
2013,PER_1000_LIVE_BIRTHS,_T,KZAKM,R,KZAKM,6.530612244897959
2013,PER_1000_LIVE_BIRTHS,_T,KZAKT,R,KZAKT,7.350689127105666
2013,PER_1000_LIVE_BIRTHS,_T,KZALM,R,KZALM,5.205194235932278
2013,PER_1000_LIVE_BIRTHS,_T,KZATY,R,KZATY,5.115089514066496
2013,PER_1000_LIVE_BIRTHS,_T,KZZAP,R,KZZAP,5.242005940940066
2013,PER_1000_LIVE_BIRTHS,_T,KZZHA,R,KZZHA,6.381656971819054
2013,PER_1000_LIVE_BIRTHS,_T,KZKAR,R,KZKAR,6.506309148264984
2013,PER_1000_LIVE_BIRTHS,_T,KZKUS,R,KZKUS,6.414701803051317
2013,PER_1000_LIVE_BIRTHS,_T,KZKZY,R,KZKZY,8.265239034469804
2013,PER_1000_LIVE_BIRTHS,_T,KZMAN,R,KZMAN,6.583760058522311
2013,PER_1000_LIVE_BIRTHS,_T,KZONT,R,KZONT,7.339073390733907
2013,PER_1000_LIVE_BIRTHS,_T,KZPAV,R,KZPAV,5.040806529044647
2013,PER_1000_LIVE_BIRTHS,_T,KZSEV,R,KZSEV,4.881154499151104
2013,PER_1000_LIVE_BIRTHS,_T,KZVOS,R,KZVOS,9.483546617915906
2013,PER_1000_LIVE_BIRTHS,M,,,,8.083516329603379
2013,PER_1000_LIVE_BIRTHS,M,KZAKM,,KZAKM,9.8098400241473
2013,PER_1000_LIVE_BIRTHS,M,KZAKT,,KZAKT,8.558465663023304
2013,PER_1000_LIVE_BIRTHS,M,KZALM,,KZALM,6.965975437890074
2013,PER_1000_LIVE_BIRTHS,M,KZATY,,KZATY,5.827364331674153
2013,PER_1000_LIVE_BIRTHS,M,KZZAP,,KZZAP,5.9790732436472345
2013,PER_1000_LIVE_BIRTHS,M,KZZHA,,KZZHA,9.32525144874442
2013,PER_1000_LIVE_BIRTHS,M,KZKAR,,KZKAR,6.949928921181488
2013,PER_1000_LIVE_BIRTHS,M,KZKUS,,KZKUS,7.618763071407231
2013,PER_1000_LIVE_BIRTHS,M,KZKZY,,KZKZY,9.393346379647747
2013,PER_1000_LIVE_BIRTHS,M,KZMAN,,KZMAN,7.49024158666526
2013,PER_1000_LIVE_BIRTHS,M,KZONT,,KZONT,9.041328323839537
2013,PER_1000_LIVE_BIRTHS,M,KZPAV,,KZPAV,5.5523085914669785
2013,PER_1000_LIVE_BIRTHS,M,KZSEV,,KZSEV,6.503700381251401
2013,PER_1000_LIVE_BIRTHS,M,KZVOS,,KZVOS,10.62473438164046
2013,PER_1000_LIVE_BIRTHS,M,KZNS,,KZNS,5.708765150184437
2013,PER_1000_LIVE_BIRTHS,M,KZALA,,KZALA,9.323843416370106
2013,PER_1000_LIVE_BIRTHS,M,,U,,8.490016369639406
2013,PER_1000_LIVE_BIRTHS,M,KZAKM,U,KZAKM,10.93210586881473
2013,PER_1000_LIVE_BIRTHS,M,KZAKT,U,KZAKT,8.410028562361155
2013,PER_1000_LIVE_BIRTHS,M,KZALM,U,KZALM,8.6011035378124
2013,PER_1000_LIVE_BIRTHS,M,KZATY,U,KZATY,6.399620763214032
2013,PER_1000_LIVE_BIRTHS,M,KZZAP,U,KZZAP,6.202804746494067
2013,PER_1000_LIVE_BIRTHS,M,KZZHA,U,KZZHA,14.042995839112344
2013,PER_1000_LIVE_BIRTHS,M,KZKAR,U,KZKAR,6.252481143310838
2013,PER_1000_LIVE_BIRTHS,M,KZKUS,U,KZKUS,8.986928104575163
2013,PER_1000_LIVE_BIRTHS,M,KZKZY,U,KZKZY,8.624407072013799
2013,PER_1000_LIVE_BIRTHS,M,KZMAN,U,KZMAN,6.610841780520053
2013,PER_1000_LIVE_BIRTHS,M,KZONT,U,KZONT,10.130335412934707
2013,PER_1000_LIVE_BIRTHS,M,KZPAV,U,KZPAV,5.170185264971995
2013,PER_1000_LIVE_BIRTHS,M,KZSEV,U,KZSEV,8.995502248875562
2013,PER_1000_LIVE_BIRTHS,M,KZVOS,U,KZVOS,10.273972602739724
2013,PER_1000_LIVE_BIRTHS,M,KZNS,U,KZNS,5.708765150184437
2013,PER_1000_LIVE_BIRTHS,M,KZALA,U,KZALA,9.323843416370106
2013,PER_1000_LIVE_BIRTHS,M,,R,,7.604645588651865
2013,PER_1000_LIVE_BIRTHS,M,KZAKM,R,KZAKM,8.571428571428571
2013,PER_1000_LIVE_BIRTHS,M,KZAKT,R,KZAKT,8.8339222614841
2013,PER_1000_LIVE_BIRTHS,M,KZALM,R,KZALM,6.426391045895143
2013,PER_1000_LIVE_BIRTHS,M,KZATY,R,KZATY,5.226480836236934
2013,PER_1000_LIVE_BIRTHS,M,KZZAP,R,KZZAP,5.700871898054997
2013,PER_1000_LIVE_BIRTHS,M,KZZHA,R,KZZHA,6.381828015143321
2013,PER_1000_LIVE_BIRTHS,M,KZKAR,R,KZKAR,9.667440061871616
2013,PER_1000_LIVE_BIRTHS,M,KZKUS,R,KZKUS,5.956320317670417
2013,PER_1000_LIVE_BIRTHS,M,KZKZY,R,KZKZY,10.032246506628448
2013,PER_1000_LIVE_BIRTHS,M,KZMAN,R,KZMAN,8.297915401740537
2013,PER_1000_LIVE_BIRTHS,M,KZONT,R,KZONT,8.337987712439162
2013,PER_1000_LIVE_BIRTHS,M,KZPAV,R,KZPAV,6.357856494096277
2013,PER_1000_LIVE_BIRTHS,M,KZSEV,R,KZSEV,4.475183075671278
2013,PER_1000_LIVE_BIRTHS,M,KZVOS,R,KZVOS,11.198208286674133
2013,PER_1000_LIVE_BIRTHS,F,,,,6.122459873067048
2013,PER_1000_LIVE_BIRTHS,F,KZAKM,,KZAKM,6.259027443428021
2013,PER_1000_LIVE_BIRTHS,F,KZAKT,,KZAKT,6.292085219119109
2013,PER_1000_LIVE_BIRTHS,F,KZALM,,KZALM,4.187817258883249
2013,PER_1000_LIVE_BIRTHS,F,KZATY,,KZATY,5.620848237097598
2013,PER_1000_LIVE_BIRTHS,F,KZZAP,,KZZAP,4.641140394496934
2013,PER_1000_LIVE_BIRTHS,F,KZZHA,,KZZHA,9.228550829127617
2013,PER_1000_LIVE_BIRTHS,F,KZKAR,,KZKAR,5.658179397570311
2013,PER_1000_LIVE_BIRTHS,F,KZKUS,,KZKUS,5.682715074980268
2013,PER_1000_LIVE_BIRTHS,F,KZKZY,,KZKZY,7.721599323037867
2013,PER_1000_LIVE_BIRTHS,F,KZMAN,,KZMAN,5.088770779147349
2013,PER_1000_LIVE_BIRTHS,F,KZONT,,KZONT,6.797466398887687
2013,PER_1000_LIVE_BIRTHS,F,KZPAV,,KZPAV,3.034659000159719
2013,PER_1000_LIVE_BIRTHS,F,KZSEV,,KZSEV,5.363237445148708
2013,PER_1000_LIVE_BIRTHS,F,KZVOS,,KZVOS,7.956600361663654
2013,PER_1000_LIVE_BIRTHS,F,KZNS,,KZNS,4.947668886774501
2013,PER_1000_LIVE_BIRTHS,F,KZALA,,KZALA,6.409773018626047
2013,PER_1000_LIVE_BIRTHS,F,,U,,6.695899502251718
2013,PER_1000_LIVE_BIRTHS,F,KZAKM,U,KZAKM,7.985257985257985
2013,PER_1000_LIVE_BIRTHS,F,KZAKT,U,KZAKT,6.582278481012658
2013,PER_1000_LIVE_BIRTHS,F,KZALM,U,KZALM,4.990535191877474
2013,PER_1000_LIVE_BIRTHS,F,KZATY,U,KZATY,6.209637357178341
2013,PER_1000_LIVE_BIRTHS,F,KZZAP,U,KZZAP,4.556500607533414
2013,PER_1000_LIVE_BIRTHS,F,KZZHA,U,KZZHA,13.683431952662724
2013,PER_1000_LIVE_BIRTHS,F,KZKAR,U,KZKAR,6.29458665547629
2013,PER_1000_LIVE_BIRTHS,F,KZKUS,U,KZKUS,4.736695458344943
2013,PER_1000_LIVE_BIRTHS,F,KZKZY,U,KZKZY,9.341535657325132
2013,PER_1000_LIVE_BIRTHS,F,KZMAN,U,KZMAN,5.456702253855279
2013,PER_1000_LIVE_BIRTHS,F,KZONT,U,KZONT,7.603808516265539
2013,PER_1000_LIVE_BIRTHS,F,KZPAV,U,KZPAV,2.7926460321154294
2013,PER_1000_LIVE_BIRTHS,F,KZSEV,U,KZSEV,5.411255411255411
2013,PER_1000_LIVE_BIRTHS,F,KZVOS,U,KZVOS,8.120478369998523
2013,PER_1000_LIVE_BIRTHS,F,KZNS,U,KZNS,4.947668886774501
2013,PER_1000_LIVE_BIRTHS,F,KZALA,U,KZALA,6.409773018626047
2013,PER_1000_LIVE_BIRTHS,F,,R,,5.44797704647624
2013,PER_1000_LIVE_BIRTHS,F,KZAKM,R,KZAKM,4.369747899159663
2013,PER_1000_LIVE_BIRTHS,F,KZAKT,R,KZAKT,5.74345883854499
2013,PER_1000_LIVE_BIRTHS,F,KZALM,R,KZALM,3.926187671770711
2013,PER_1000_LIVE_BIRTHS,F,KZATY,R,KZATY,4.997369805365597
2013,PER_1000_LIVE_BIRTHS,F,KZZAP,R,KZZAP,4.742794600510763
2013,PER_1000_LIVE_BIRTHS,F,KZZHA,R,KZZHA,6.38147010163082
2013,PER_1000_LIVE_BIRTHS,F,KZKAR,R,KZKAR,3.218020917135961
2013,PER_1000_LIVE_BIRTHS,F,KZKUS,R,KZKUS,6.919155134741442
2013,PER_1000_LIVE_BIRTHS,F,KZKZY,R,KZKZY,6.317867719644619
2013,PER_1000_LIVE_BIRTHS,F,KZMAN,R,KZMAN,4.753673292999135
2013,PER_1000_LIVE_BIRTHS,F,KZONT,R,KZONT,6.283208231424475
2013,PER_1000_LIVE_BIRTHS,F,KZPAV,R,KZPAV,3.564154786150713
2013,PER_1000_LIVE_BIRTHS,F,KZSEV,R,KZSEV,5.323868677905945
2013,PER_1000_LIVE_BIRTHS,F,KZVOS,R,KZVOS,7.697690692792162
2014,PER_1000_LIVE_BIRTHS,_T,,,,5.885166625345284
2014,PER_1000_LIVE_BIRTHS,_T,KZAKM,,KZAKM,5.623681949543076
2014,PER_1000_LIVE_BIRTHS,_T,KZAKT,,KZAKT,5.75796178343949
2014,PER_1000_LIVE_BIRTHS,_T,KZALM,,KZALM,5.197609099814086
2014,PER_1000_LIVE_BIRTHS,_T,KZATY,,KZATY,4.637256696564768
2014,PER_1000_LIVE_BIRTHS,_T,KZZAP,,KZZAP,5.598159509202453
2014,PER_1000_LIVE_BIRTHS,_T,KZZHA,,KZZHA,6.4568473006321625
2014,PER_1000_LIVE_BIRTHS,_T,KZKAR,,KZKAR,5.5392766828563405
2014,PER_1000_LIVE_BIRTHS,_T,KZKUS,,KZKUS,7.44339105226044
2014,PER_1000_LIVE_BIRTHS,_T,KZKZY,,KZKZY,6.9751449061793895
2014,PER_1000_LIVE_BIRTHS,_T,KZMAN,,KZMAN,4.817258351659859
2014,PER_1000_LIVE_BIRTHS,_T,KZONT,,KZONT,6.550458044133253
2014,PER_1000_LIVE_BIRTHS,_T,KZPAV,,KZPAV,4.524192929990032
2014,PER_1000_LIVE_BIRTHS,_T,KZSEV,,KZSEV,5.111976630963973
2014,PER_1000_LIVE_BIRTHS,_T,KZVOS,,KZVOS,7.755205260052263
2014,PER_1000_LIVE_BIRTHS,_T,KZNS,,KZNS,4.027904659081472
2014,PER_1000_LIVE_BIRTHS,_T,KZALA,,KZALA,6.0326233486114855
2014,PER_1000_LIVE_BIRTHS,_T,,U,,6.368340506505222
2014,PER_1000_LIVE_BIRTHS,_T,KZAKM,U,KZAKM,5.473372781065089
2014,PER_1000_LIVE_BIRTHS,_T,KZAKT,U,KZAKT,6.695212144803425
2014,PER_1000_LIVE_BIRTHS,_T,KZALM,U,KZALM,4.832448704745306
2014,PER_1000_LIVE_BIRTHS,_T,KZATY,U,KZATY,5.03190967108493
2014,PER_1000_LIVE_BIRTHS,_T,KZZAP,U,KZZAP,6.686046511627907
2014,PER_1000_LIVE_BIRTHS,_T,KZZHA,U,KZZHA,10.763038151907596
2014,PER_1000_LIVE_BIRTHS,_T,KZKAR,U,KZKAR,5.155420773313116
2014,PER_1000_LIVE_BIRTHS,_T,KZKUS,U,KZKUS,7.610993657505285
2014,PER_1000_LIVE_BIRTHS,_T,KZKZY,U,KZKZY,8.181045473863152
2014,PER_1000_LIVE_BIRTHS,_T,KZMAN,U,KZMAN,5.539865305235716
2014,PER_1000_LIVE_BIRTHS,_T,KZONT,U,KZONT,7.488232777064613
2014,PER_1000_LIVE_BIRTHS,_T,KZPAV,U,KZPAV,4.231625835189309
2014,PER_1000_LIVE_BIRTHS,_T,KZSEV,U,KZSEV,4.641567818463125
2014,PER_1000_LIVE_BIRTHS,_T,KZVOS,U,KZVOS,8.814485821660403
2014,PER_1000_LIVE_BIRTHS,_T,KZNS,U,KZNS,4.027904659081472
2014,PER_1000_LIVE_BIRTHS,_T,KZALA,U,KZALA,6.0326233486114855
2014,PER_1000_LIVE_BIRTHS,_T,,R,,5.275146185576357
2014,PER_1000_LIVE_BIRTHS,_T,KZAKM,R,KZAKM,5.7918252523581
2014,PER_1000_LIVE_BIRTHS,_T,KZAKT,R,KZAKT,3.982300884955752
2014,PER_1000_LIVE_BIRTHS,_T,KZALM,R,KZALM,5.3208556149732615
2014,PER_1000_LIVE_BIRTHS,_T,KZATY,R,KZATY,4.247057395947094
2014,PER_1000_LIVE_BIRTHS,_T,KZZAP,R,KZZAP,4.383116883116883
2014,PER_1000_LIVE_BIRTHS,_T,KZZHA,R,KZZHA,3.74593731063736
2014,PER_1000_LIVE_BIRTHS,_T,KZKAR,R,KZKAR,7.02028081123245
2014,PER_1000_LIVE_BIRTHS,_T,KZKUS,R,KZKUS,7.233592095977418
2014,PER_1000_LIVE_BIRTHS,_T,KZKZY,R,KZKZY,5.938242280285036
2014,PER_1000_LIVE_BIRTHS,_T,KZMAN,R,KZMAN,4.144763445208249
2014,PER_1000_LIVE_BIRTHS,_T,KZONT,R,KZONT,5.764011931728979
2014,PER_1000_LIVE_BIRTHS,_T,KZPAV,R,KZPAV,5.171140113272593
2014,PER_1000_LIVE_BIRTHS,_T,KZSEV,R,KZSEV,5.532503457814661
2014,PER_1000_LIVE_BIRTHS,_T,KZVOS,R,KZVOS,6.049939500604994
2014,PER_1000_LIVE_BIRTHS,M,,,,6.512568284764479
2014,PER_1000_LIVE_BIRTHS,M,KZAKM,,KZAKM,7.0186145865120535
2014,PER_1000_LIVE_BIRTHS,M,KZAKT,,KZAKT,6.332813717848792
2014,PER_1000_LIVE_BIRTHS,M,KZALM,,KZALM,5.491530667491686
2014,PER_1000_LIVE_BIRTHS,M,KZATY,,KZATY,4.71253534401508
2014,PER_1000_LIVE_BIRTHS,M,KZZAP,,KZZAP,6.096654275092937
2014,PER_1000_LIVE_BIRTHS,M,KZZHA,,KZZHA,6.818934127772261
2014,PER_1000_LIVE_BIRTHS,M,KZKAR,,KZKAR,6.869096869877449
2014,PER_1000_LIVE_BIRTHS,M,KZKUS,,KZKUS,7.507277462846638
2014,PER_1000_LIVE_BIRTHS,M,KZKZY,,KZKZY,7.180469123982767
2014,PER_1000_LIVE_BIRTHS,M,KZMAN,,KZMAN,5.983772819472617
2014,PER_1000_LIVE_BIRTHS,M,KZONT,,KZONT,7.439347990902198
2014,PER_1000_LIVE_BIRTHS,M,KZPAV,,KZPAV,4.179728317659353
2014,PER_1000_LIVE_BIRTHS,M,KZSEV,,KZSEV,6.162597771983883
2014,PER_1000_LIVE_BIRTHS,M,KZVOS,,KZVOS,8.42397971701971
2014,PER_1000_LIVE_BIRTHS,M,KZNS,,KZNS,4.366106080206986
2014,PER_1000_LIVE_BIRTHS,M,KZALA,,KZALA,6.9489544096635925
2014,PER_1000_LIVE_BIRTHS,M,,U,,6.956763713520471
2014,PER_1000_LIVE_BIRTHS,M,KZAKM,U,KZAKM,7.778738115816767
2014,PER_1000_LIVE_BIRTHS,M,KZAKT,U,KZAKT,7.252812314979278
2014,PER_1000_LIVE_BIRTHS,M,KZALM,U,KZALM,4.158324349299246
2014,PER_1000_LIVE_BIRTHS,M,KZATY,U,KZATY,5.421970768505422
2014,PER_1000_LIVE_BIRTHS,M,KZZAP,U,KZZAP,6.495340299350466
2014,PER_1000_LIVE_BIRTHS,M,KZZHA,U,KZZHA,11.285909712722296
2014,PER_1000_LIVE_BIRTHS,M,KZKAR,U,KZKAR,6.0855908912446015
2014,PER_1000_LIVE_BIRTHS,M,KZKUS,U,KZKUS,7.685973099094153
2014,PER_1000_LIVE_BIRTHS,M,KZKZY,U,KZKZY,8.816895632561
2014,PER_1000_LIVE_BIRTHS,M,KZMAN,U,KZMAN,7.432575918454024
2014,PER_1000_LIVE_BIRTHS,M,KZONT,U,KZONT,8.21365843578882
2014,PER_1000_LIVE_BIRTHS,M,KZPAV,U,KZPAV,3.4714688652636148
2014,PER_1000_LIVE_BIRTHS,M,KZSEV,U,KZSEV,5.3921568627450975
2014,PER_1000_LIVE_BIRTHS,M,KZVOS,U,KZVOS,9.389671361502348
2014,PER_1000_LIVE_BIRTHS,M,KZNS,U,KZNS,4.366106080206986
2014,PER_1000_LIVE_BIRTHS,M,KZALA,U,KZALA,6.9489544096635925
2014,PER_1000_LIVE_BIRTHS,M,,R,,5.949757602468048
2014,PER_1000_LIVE_BIRTHS,M,KZAKM,R,KZAKM,6.162828413882583
2014,PER_1000_LIVE_BIRTHS,M,KZAKT,R,KZAKT,4.561003420752566
2014,PER_1000_LIVE_BIRTHS,M,KZALM,R,KZALM,5.938548928479215
2014,PER_1000_LIVE_BIRTHS,M,KZATY,R,KZATY,4.003768252472916
2014,PER_1000_LIVE_BIRTHS,M,KZZAP,R,KZZAP,5.653266331658291
2014,PER_1000_LIVE_BIRTHS,M,KZZHA,R,KZZHA,3.996975261963919
2014,PER_1000_LIVE_BIRTHS,M,KZKAR,R,KZKAR,9.912314144109796
2014,PER_1000_LIVE_BIRTHS,M,KZKUS,R,KZKUS,7.281553398058253
2014,PER_1000_LIVE_BIRTHS,M,KZKZY,R,KZKZY,5.747126436781609
2014,PER_1000_LIVE_BIRTHS,M,KZMAN,R,KZMAN,4.659289458357601
2014,PER_1000_LIVE_BIRTHS,M,KZONT,R,KZONT,6.783369803063457
2014,PER_1000_LIVE_BIRTHS,M,KZPAV,R,KZPAV,5.741626794258373
2014,PER_1000_LIVE_BIRTHS,M,KZSEV,R,KZSEV,6.883891693437357
2014,PER_1000_LIVE_BIRTHS,M,KZVOS,R,KZVOS,6.9153394803017605
2014,PER_1000_LIVE_BIRTHS,F,,,,5.218208966019643
2014,PER_1000_LIVE_BIRTHS,F,KZAKM,,KZAKM,4.160665706513042
2014,PER_1000_LIVE_BIRTHS,F,KZAKT,,KZAKT,5.127657301570345
2014,PER_1000_LIVE_BIRTHS,F,KZALM,,KZALM,4.883095385888682
2014,PER_1000_LIVE_BIRTHS,F,KZATY,,KZATY,4.556385267687634
2014,PER_1000_LIVE_BIRTHS,F,KZZAP,,KZZAP,5.067300079176564
2014,PER_1000_LIVE_BIRTHS,F,KZZHA,,KZZHA,6.079027355623101
2014,PER_1000_LIVE_BIRTHS,F,KZKAR,,KZKAR,4.131548504379442
2014,PER_1000_LIVE_BIRTHS,F,KZKUS,,KZKUS,7.376523412443874
2014,PER_1000_LIVE_BIRTHS,F,KZKZY,,KZKZY,6.7588015736911125
2014,PER_1000_LIVE_BIRTHS,F,KZMAN,,KZMAN,3.5722017752760338
2014,PER_1000_LIVE_BIRTHS,F,KZONT,,KZONT,5.607100651228282
2014,PER_1000_LIVE_BIRTHS,F,KZPAV,,KZPAV,4.888047934405551
2014,PER_1000_LIVE_BIRTHS,F,KZSEV,,KZSEV,4.003002251688766
2014,PER_1000_LIVE_BIRTHS,F,KZVOS,,KZVOS,7.044090790503522
2014,PER_1000_LIVE_BIRTHS,F,KZNS,,KZNS,3.670821239542428
2014,PER_1000_LIVE_BIRTHS,F,KZALA,,KZALA,5.044136191677175
2014,PER_1000_LIVE_BIRTHS,F,,U,,5.740783677254812
2014,PER_1000_LIVE_BIRTHS,F,KZAKM,U,KZAKM,3.0404378230465183
2014,PER_1000_LIVE_BIRTHS,F,KZAKT,U,KZAKT,6.076531450156019
2014,PER_1000_LIVE_BIRTHS,F,KZALM,U,KZALM,5.5464926590538335
2014,PER_1000_LIVE_BIRTHS,F,KZATY,U,KZATY,4.608294930875576
2014,PER_1000_LIVE_BIRTHS,F,KZZAP,U,KZZAP,6.888289907157832
2014,PER_1000_LIVE_BIRTHS,F,KZZHA,U,KZZHA,10.21505376344086
2014,PER_1000_LIVE_BIRTHS,F,KZKAR,U,KZKAR,4.167969157028238
2014,PER_1000_LIVE_BIRTHS,F,KZKUS,U,KZKUS,7.531865585168019
2014,PER_1000_LIVE_BIRTHS,F,KZKZY,U,KZKZY,7.497243660418963
2014,PER_1000_LIVE_BIRTHS,F,KZMAN,U,KZMAN,3.55792750722704
2014,PER_1000_LIVE_BIRTHS,F,KZONT,U,KZONT,6.709548630364866
2014,PER_1000_LIVE_BIRTHS,F,KZPAV,U,KZPAV,5.033173186913749
2014,PER_1000_LIVE_BIRTHS,F,KZSEV,U,KZSEV,3.808487486398259
2014,PER_1000_LIVE_BIRTHS,F,KZVOS,U,KZVOS,8.217270194986073
2014,PER_1000_LIVE_BIRTHS,F,KZNS,U,KZNS,3.670821239542428
2014,PER_1000_LIVE_BIRTHS,F,KZALA,U,KZALA,5.044136191677175
2014,PER_1000_LIVE_BIRTHS,F,,R,,4.560936916759985
2014,PER_1000_LIVE_BIRTHS,F,KZAKM,R,KZAKM,5.405405405405405
2014,PER_1000_LIVE_BIRTHS,F,KZAKT,R,KZAKT,3.361858190709046
2014,PER_1000_LIVE_BIRTHS,F,KZALM,R,KZALM,4.657610202384253
2014,PER_1000_LIVE_BIRTHS,F,KZATY,R,KZATY,4.505632040050063
2014,PER_1000_LIVE_BIRTHS,F,KZZAP,R,KZZAP,3.0241935483870965
2014,PER_1000_LIVE_BIRTHS,F,KZZHA,R,KZZHA,3.4847122302158278
2014,PER_1000_LIVE_BIRTHS,F,KZKAR,R,KZKAR,3.992015968063872
2014,PER_1000_LIVE_BIRTHS,F,KZKUS,R,KZKUS,7.183908045977011
2014,PER_1000_LIVE_BIRTHS,F,KZKZY,R,KZKZY,6.136110078095946
2014,PER_1000_LIVE_BIRTHS,F,KZMAN,R,KZMAN,3.585741404766927
2014,PER_1000_LIVE_BIRTHS,F,KZONT,R,KZONT,4.692459861066385
2014,PER_1000_LIVE_BIRTHS,F,KZPAV,R,KZPAV,4.5662100456621
2014,PER_1000_LIVE_BIRTHS,F,KZSEV,R,KZSEV,4.168596572487263
2014,PER_1000_LIVE_BIRTHS,F,KZVOS,R,KZVOS,5.093771706413522
2015,PER_1000_LIVE_BIRTHS,_T,,,,5.606613495023315
2015,PER_1000_LIVE_BIRTHS,_T,KZAKM,,KZAKM,4.181789490295093
2015,PER_1000_LIVE_BIRTHS,_T,KZAKT,,KZAKT,6.056056056056057
2015,PER_1000_LIVE_BIRTHS,_T,KZALM,,KZALM,5.065980308044287
2015,PER_1000_LIVE_BIRTHS,_T,KZATY,,KZATY,4.749147588894301
2015,PER_1000_LIVE_BIRTHS,_T,KZZAP,,KZZAP,4.855865577308463
2015,PER_1000_LIVE_BIRTHS,_T,KZZHA,,KZZHA,6.44184736693889
2015,PER_1000_LIVE_BIRTHS,_T,KZKAR,,KZKAR,5.143696930111038
2015,PER_1000_LIVE_BIRTHS,_T,KZKUS,,KZKUS,6.891690813689404
2015,PER_1000_LIVE_BIRTHS,_T,KZKZY,,KZKZY,6.149311378767088
2015,PER_1000_LIVE_BIRTHS,_T,KZMAN,,KZMAN,4.610204610204611
2015,PER_1000_LIVE_BIRTHS,_T,KZONT,,KZONT,6.376286577977946
2015,PER_1000_LIVE_BIRTHS,_T,KZPAV,,KZPAV,4.384934617492757
2015,PER_1000_LIVE_BIRTHS,_T,KZSEV,,KZSEV,3.4431874077717657
2015,PER_1000_LIVE_BIRTHS,_T,KZVOS,,KZVOS,6.377773894810414
2015,PER_1000_LIVE_BIRTHS,_T,KZNS,,KZNS,4.515190939006658
2015,PER_1000_LIVE_BIRTHS,_T,KZALA,,KZALA,6.258223948136974
2015,PER_1000_LIVE_BIRTHS,_T,,U,,6.226528732374407
2015,PER_1000_LIVE_BIRTHS,_T,KZAKM,U,KZAKM,5.632132799762857
2015,PER_1000_LIVE_BIRTHS,_T,KZAKT,U,KZAKT,6.032727546942161
2015,PER_1000_LIVE_BIRTHS,_T,KZALM,U,KZALM,5.484174240050141
2015,PER_1000_LIVE_BIRTHS,_T,KZATY,U,KZATY,4.999390318253871
2015,PER_1000_LIVE_BIRTHS,_T,KZZAP,U,KZZAP,6.157811828726908
2015,PER_1000_LIVE_BIRTHS,_T,KZZHA,U,KZZHA,10.494752623688155
2015,PER_1000_LIVE_BIRTHS,_T,KZKAR,U,KZKAR,5.4804343372259785
2015,PER_1000_LIVE_BIRTHS,_T,KZKUS,U,KZKUS,8.245981830887493
2015,PER_1000_LIVE_BIRTHS,_T,KZKZY,U,KZKZY,8.23045267489712
2015,PER_1000_LIVE_BIRTHS,_T,KZMAN,U,KZMAN,4.537650233014471
2015,PER_1000_LIVE_BIRTHS,_T,KZONT,U,KZONT,6.79139580360446
2015,PER_1000_LIVE_BIRTHS,_T,KZPAV,U,KZPAV,4.581005586592179
2015,PER_1000_LIVE_BIRTHS,_T,KZSEV,U,KZSEV,4.124774426398557
2015,PER_1000_LIVE_BIRTHS,_T,KZVOS,U,KZVOS,7.526584725866592
2015,PER_1000_LIVE_BIRTHS,_T,KZNS,U,KZNS,4.515190939006658
2015,PER_1000_LIVE_BIRTHS,_T,KZALA,U,KZALA,6.258223948136974
2015,PER_1000_LIVE_BIRTHS,_T,,R,,4.843153196890556
2015,PER_1000_LIVE_BIRTHS,_T,KZAKM,R,KZAKM,2.6001040041601664
2015,PER_1000_LIVE_BIRTHS,_T,KZAKT,R,KZAKT,6.173769010691161
2015,PER_1000_LIVE_BIRTHS,_T,KZALM,R,KZALM,4.649583365984902
2015,PER_1000_LIVE_BIRTHS,_T,KZATY,R,KZATY,4.58601883986118
2015,PER_1000_LIVE_BIRTHS,_T,KZZAP,R,KZZAP,3.4746351633078527
2015,PER_1000_LIVE_BIRTHS,_T,KZZHA,R,KZZHA,3.807031110582357
2015,PER_1000_LIVE_BIRTHS,_T,KZKAR,R,KZKAR,4.054630815194195
2015,PER_1000_LIVE_BIRTHS,_T,KZKUS,R,KZKUS,5.502846299810247
2015,PER_1000_LIVE_BIRTHS,_T,KZKZY,R,KZKZY,4.491914553803154
2015,PER_1000_LIVE_BIRTHS,_T,KZMAN,R,KZMAN,4.714415231187671
2015,PER_1000_LIVE_BIRTHS,_T,KZONT,R,KZONT,6.190788856580058
2015,PER_1000_LIVE_BIRTHS,_T,KZPAV,R,KZPAV,3.9380414807035966
2015,PER_1000_LIVE_BIRTHS,_T,KZSEV,R,KZSEV,3.0643513789581203
2015,PER_1000_LIVE_BIRTHS,_T,KZVOS,R,KZVOS,4.478334543694021
2015,PER_1000_LIVE_BIRTHS,M,,,,6.405541402204675
2015,PER_1000_LIVE_BIRTHS,M,KZAKM,,KZAKM,4.134129536058796
2015,PER_1000_LIVE_BIRTHS,M,KZAKT,,KZAKT,6.929740134744947
2015,PER_1000_LIVE_BIRTHS,M,KZALM,,KZALM,6.321313561006639
2015,PER_1000_LIVE_BIRTHS,M,KZATY,,KZATY,5.4399243140965
2015,PER_1000_LIVE_BIRTHS,M,KZZAP,,KZZAP,5.082212257100149
2015,PER_1000_LIVE_BIRTHS,M,KZZHA,,KZZHA,7.024483393575666
2015,PER_1000_LIVE_BIRTHS,M,KZKAR,,KZKAR,6.354754150448804
2015,PER_1000_LIVE_BIRTHS,M,KZKUS,,KZKUS,7.883565797453001
2015,PER_1000_LIVE_BIRTHS,M,KZKZY,,KZKZY,6.560908734821778
2015,PER_1000_LIVE_BIRTHS,M,KZMAN,,KZMAN,5.895872888977716
2015,PER_1000_LIVE_BIRTHS,M,KZONT,,KZONT,7.37761488850282
2015,PER_1000_LIVE_BIRTHS,M,KZPAV,,KZPAV,4.917025199754148
2015,PER_1000_LIVE_BIRTHS,M,KZSEV,,KZSEV,3.2948929159802307
2015,PER_1000_LIVE_BIRTHS,M,KZVOS,,KZVOS,7.00076837701699
2015,PER_1000_LIVE_BIRTHS,M,KZNS,,KZNS,5.108556832694764
2015,PER_1000_LIVE_BIRTHS,M,KZALA,,KZALA,6.788447296963713
2015,PER_1000_LIVE_BIRTHS,M,,U,,6.919108241979929
2015,PER_1000_LIVE_BIRTHS,M,KZAKM,U,KZAKM,4.862700228832952
2015,PER_1000_LIVE_BIRTHS,M,KZAKT,U,KZAKT,6.086074481959136
2015,PER_1000_LIVE_BIRTHS,M,KZALM,U,KZALM,6.386861313868613
2015,PER_1000_LIVE_BIRTHS,M,KZATY,U,KZATY,5.813953488372093
2015,PER_1000_LIVE_BIRTHS,M,KZZAP,U,KZZAP,5.851212036779048
2015,PER_1000_LIVE_BIRTHS,M,KZZHA,U,KZZHA,11.649501941583656
2015,PER_1000_LIVE_BIRTHS,M,KZKAR,U,KZKAR,6.607267994794274
2015,PER_1000_LIVE_BIRTHS,M,KZKUS,U,KZKUS,9.617953513224686
2015,PER_1000_LIVE_BIRTHS,M,KZKZY,U,KZKZY,9.57535387177352
2015,PER_1000_LIVE_BIRTHS,M,KZMAN,U,KZMAN,4.727014890096904
2015,PER_1000_LIVE_BIRTHS,M,KZONT,U,KZONT,7.874015748031496
2015,PER_1000_LIVE_BIRTHS,M,KZPAV,U,KZPAV,5.024027959807776
2015,PER_1000_LIVE_BIRTHS,M,KZSEV,U,KZSEV,3.966286564204264
2015,PER_1000_LIVE_BIRTHS,M,KZVOS,U,KZVOS,8.063432334363661
2015,PER_1000_LIVE_BIRTHS,M,KZNS,U,KZNS,5.108556832694764
2015,PER_1000_LIVE_BIRTHS,M,KZALA,U,KZALA,6.788447296963713
2015,PER_1000_LIVE_BIRTHS,M,,R,,5.731852886196257
2015,PER_1000_LIVE_BIRTHS,M,KZAKM,R,KZAKM,3.2948929159802307
2015,PER_1000_LIVE_BIRTHS,M,KZAKT,R,KZAKT,8.598452278589853
2015,PER_1000_LIVE_BIRTHS,M,KZALM,R,KZALM,6.298110566829951
2015,PER_1000_LIVE_BIRTHS,M,KZATY,R,KZATY,5.0831792975970425
2015,PER_1000_LIVE_BIRTHS,M,KZZAP,R,KZZAP,4.19219606578523
2015,PER_1000_LIVE_BIRTHS,M,KZZHA,R,KZZHA,3.890160183066362
2015,PER_1000_LIVE_BIRTHS,M,KZKAR,R,KZKAR,5.384615384615384
2015,PER_1000_LIVE_BIRTHS,M,KZKUS,R,KZKUS,5.608131791097091
2015,PER_1000_LIVE_BIRTHS,M,KZKZY,R,KZKZY,3.883136094674556
2015,PER_1000_LIVE_BIRTHS,M,KZMAN,R,KZMAN,6.752077562326869
2015,PER_1000_LIVE_BIRTHS,M,KZONT,R,KZONT,6.945371978095365
2015,PER_1000_LIVE_BIRTHS,M,KZPAV,R,KZPAV,4.66321243523316
2015,PER_1000_LIVE_BIRTHS,M,KZSEV,R,KZSEV,2.688172043010753
2015,PER_1000_LIVE_BIRTHS,M,KZVOS,R,KZVOS,5.1498127340823965
2015,PER_1000_LIVE_BIRTHS,F,,,,4.757541401999306
2015,PER_1000_LIVE_BIRTHS,F,KZAKM,,KZAKM,4.232459710239297
2015,PER_1000_LIVE_BIRTHS,F,KZAKT,,KZAKT,5.109489051094891
2015,PER_1000_LIVE_BIRTHS,F,KZALM,,KZALM,3.739338683248603
2015,PER_1000_LIVE_BIRTHS,F,KZATY,,KZATY,4.016064257028112
2015,PER_1000_LIVE_BIRTHS,F,KZZAP,,KZZAP,4.614894971355825
2015,PER_1000_LIVE_BIRTHS,F,KZZHA,,KZZHA,5.820298290287377
2015,PER_1000_LIVE_BIRTHS,F,KZKAR,,KZKAR,3.8632737045435457
2015,PER_1000_LIVE_BIRTHS,F,KZKUS,,KZKUS,5.831848371942329
2015,PER_1000_LIVE_BIRTHS,F,KZKZY,,KZKZY,5.705229793977813
2015,PER_1000_LIVE_BIRTHS,F,KZMAN,,KZMAN,3.226500322650032
2015,PER_1000_LIVE_BIRTHS,F,KZONT,,KZONT,5.316200554295793
2015,PER_1000_LIVE_BIRTHS,F,KZPAV,,KZPAV,3.832029378891905
2015,PER_1000_LIVE_BIRTHS,F,KZSEV,,KZSEV,3.605459696111254
2015,PER_1000_LIVE_BIRTHS,F,KZVOS,,KZVOS,5.7250201270238845
2015,PER_1000_LIVE_BIRTHS,F,KZNS,,KZNS,3.89924354675193
2015,PER_1000_LIVE_BIRTHS,F,KZALA,,KZALA,5.683717820127048
2015,PER_1000_LIVE_BIRTHS,F,,U,,5.488524410212315
2015,PER_1000_LIVE_BIRTHS,F,KZAKM,U,KZAKM,6.459550907413104
2015,PER_1000_LIVE_BIRTHS,F,KZAKT,U,KZAKT,5.9748427672955975
2015,PER_1000_LIVE_BIRTHS,F,KZALM,U,KZALM,4.524886877828055
2015,PER_1000_LIVE_BIRTHS,F,KZATY,U,KZATY,4.173827645470169
2015,PER_1000_LIVE_BIRTHS,F,KZZAP,U,KZZAP,6.48202710665881
2015,PER_1000_LIVE_BIRTHS,F,KZZHA,U,KZZHA,9.231905465288037
2015,PER_1000_LIVE_BIRTHS,F,KZKAR,U,KZKAR,4.299947561615102
2015,PER_1000_LIVE_BIRTHS,F,KZKUS,U,KZKUS,6.740914419695193
2015,PER_1000_LIVE_BIRTHS,F,KZKZY,U,KZKZY,6.772009029345372
2015,PER_1000_LIVE_BIRTHS,F,KZMAN,U,KZMAN,4.333418302319653
2015,PER_1000_LIVE_BIRTHS,F,KZONT,U,KZONT,5.633340625683658
2015,PER_1000_LIVE_BIRTHS,F,KZPAV,U,KZPAV,4.117108874656907
2015,PER_1000_LIVE_BIRTHS,F,KZSEV,U,KZSEV,4.296455424274973
2015,PER_1000_LIVE_BIRTHS,F,KZVOS,U,KZVOS,6.9592387444965205
2015,PER_1000_LIVE_BIRTHS,F,KZNS,U,KZNS,3.89924354675193
2015,PER_1000_LIVE_BIRTHS,F,KZALA,U,KZALA,5.683717820127048
2015,PER_1000_LIVE_BIRTHS,F,,R,,3.8045033870813856
2015,PER_1000_LIVE_BIRTHS,F,KZAKM,R,KZAKM,1.7289073305670817
2015,PER_1000_LIVE_BIRTHS,F,KZAKT,R,KZAKT,3.405572755417957
2015,PER_1000_LIVE_BIRTHS,F,KZALM,R,KZALM,3.463350933969227
2015,PER_1000_LIVE_BIRTHS,F,KZATY,R,KZATY,3.851091142490372
2015,PER_1000_LIVE_BIRTHS,F,KZZAP,R,KZZAP,2.422145328719723
2015,PER_1000_LIVE_BIRTHS,F,KZZHA,R,KZZHA,3.601872973946452
2015,PER_1000_LIVE_BIRTHS,F,KZKAR,R,KZKAR,2.1079258010118043
2015,PER_1000_LIVE_BIRTHS,F,KZKUS,R,KZKUS,4.708438971387179
2015,PER_1000_LIVE_BIRTHS,F,KZKZY,R,KZKZY,4.766633565044687
2015,PER_1000_LIVE_BIRTHS,F,KZMAN,R,KZMAN,2.4186046511627906
2015,PER_1000_LIVE_BIRTHS,F,KZONT,R,KZONT,5.045314397832383
2015,PER_1000_LIVE_BIRTHS,F,KZPAV,R,KZPAV,3.1729243786356425
2015,PER_1000_LIVE_BIRTHS,F,KZSEV,R,KZSEV,2.968827313211281
2015,PER_1000_LIVE_BIRTHS,F,KZVOS,R,KZVOS,3.624939584340261
2016,PER_1000_LIVE_BIRTHS,_T,,,,5.156054245883392
2016,PER_1000_LIVE_BIRTHS,_T,KZAKM,,KZAKM,3.921254801536492
2016,PER_1000_LIVE_BIRTHS,_T,KZAKT,,KZAKT,5.513683039101624
2016,PER_1000_LIVE_BIRTHS,_T,KZALM,,KZALM,4.5799426032944135
2016,PER_1000_LIVE_BIRTHS,_T,KZATY,,KZATY,4.84160191273162
2016,PER_1000_LIVE_BIRTHS,_T,KZZAP,,KZZAP,5.157766990291263
2016,PER_1000_LIVE_BIRTHS,_T,KZZHA,,KZZHA,4.6584403115109705
2016,PER_1000_LIVE_BIRTHS,_T,KZKAR,,KZKAR,5.093945720250522
2016,PER_1000_LIVE_BIRTHS,_T,KZKUS,,KZKUS,5.370219690805533
2016,PER_1000_LIVE_BIRTHS,_T,KZKZY,,KZKZY,6.076028250934773
2016,PER_1000_LIVE_BIRTHS,_T,KZMAN,,KZMAN,5.607759927250682
2016,PER_1000_LIVE_BIRTHS,_T,KZONT,,KZONT,5.929581614614024
2016,PER_1000_LIVE_BIRTHS,_T,KZPAV,,KZPAV,4.360580353603425
2016,PER_1000_LIVE_BIRTHS,_T,KZSEV,,KZSEV,5.328827657915259
2016,PER_1000_LIVE_BIRTHS,_T,KZVOS,,KZVOS,5.846932542106641
2016,PER_1000_LIVE_BIRTHS,_T,KZNS,,KZNS,3.627222122463638
2016,PER_1000_LIVE_BIRTHS,_T,KZALA,,KZALA,5.20439061317184
2016,PER_1000_LIVE_BIRTHS,_T,,U,,5.314911788134819
2016,PER_1000_LIVE_BIRTHS,_T,KZAKM,U,KZAKM,4.4596402556860415
2016,PER_1000_LIVE_BIRTHS,_T,KZAKT,U,KZAKT,6.0938452163315056
2016,PER_1000_LIVE_BIRTHS,_T,KZALM,U,KZALM,5.400683027559368
2016,PER_1000_LIVE_BIRTHS,_T,KZATY,U,KZATY,4.617871161394597
2016,PER_1000_LIVE_BIRTHS,_T,KZZAP,U,KZZAP,5.250403877221325
2016,PER_1000_LIVE_BIRTHS,_T,KZZHA,U,KZZHA,7.250221043324492
2016,PER_1000_LIVE_BIRTHS,_T,KZKAR,U,KZKAR,5.29485049833887
2016,PER_1000_LIVE_BIRTHS,_T,KZKUS,U,KZKUS,5.27065527065527
2016,PER_1000_LIVE_BIRTHS,_T,KZKZY,U,KZKZY,8.443386014288807
2016,PER_1000_LIVE_BIRTHS,_T,KZMAN,U,KZMAN,5.70515746234596
2016,PER_1000_LIVE_BIRTHS,_T,KZONT,U,KZONT,5.333402040605998
2016,PER_1000_LIVE_BIRTHS,_T,KZPAV,U,KZPAV,4.202635165833712
2016,PER_1000_LIVE_BIRTHS,_T,KZSEV,U,KZSEV,4.235044997353097
2016,PER_1000_LIVE_BIRTHS,_T,KZVOS,U,KZVOS,6.0725982532751095
2016,PER_1000_LIVE_BIRTHS,_T,KZNS,U,KZNS,3.627222122463638
2016,PER_1000_LIVE_BIRTHS,_T,KZALA,U,KZALA,5.20439061317184
2016,PER_1000_LIVE_BIRTHS,_T,,R,,4.942589917116569
2016,PER_1000_LIVE_BIRTHS,_T,KZAKM,R,KZAKM,3.29346507193621
2016,PER_1000_LIVE_BIRTHS,_T,KZAKT,R,KZAKT,4.366812227074235
2016,PER_1000_LIVE_BIRTHS,_T,KZALM,R,KZALM,4.310007052738814
2016,PER_1000_LIVE_BIRTHS,_T,KZATY,R,KZATY,5.081804660386712
2016,PER_1000_LIVE_BIRTHS,_T,KZZAP,R,KZZAP,5.038220986796386
2016,PER_1000_LIVE_BIRTHS,_T,KZZHA,R,KZZHA,2.914758194039617
2016,PER_1000_LIVE_BIRTHS,_T,KZKAR,R,KZKAR,4.268032437046522
2016,PER_1000_LIVE_BIRTHS,_T,KZKUS,R,KZKUS,5.502846299810247
2016,PER_1000_LIVE_BIRTHS,_T,KZKZY,R,KZKZY,3.8929926132960673
2016,PER_1000_LIVE_BIRTHS,_T,KZMAN,R,KZMAN,5.530371713508613
2016,PER_1000_LIVE_BIRTHS,_T,KZONT,R,KZONT,6.47218835006097
2016,PER_1000_LIVE_BIRTHS,_T,KZPAV,R,KZPAV,4.725649776844317
2016,PER_1000_LIVE_BIRTHS,_T,KZSEV,R,KZSEV,6.384065372829418
2016,PER_1000_LIVE_BIRTHS,_T,KZVOS,R,KZVOS,5.446623093681917
2016,PER_1000_LIVE_BIRTHS,M,,,,5.87290020895364
2016,PER_1000_LIVE_BIRTHS,M,KZAKM,,KZAKM,3.873566780291292
2016,PER_1000_LIVE_BIRTHS,M,KZAKT,,KZAKT,6.380681260429959
2016,PER_1000_LIVE_BIRTHS,M,KZALM,,KZALM,5.096647538508004
2016,PER_1000_LIVE_BIRTHS,M,KZATY,,KZATY,4.753623188405797
2016,PER_1000_LIVE_BIRTHS,M,KZZAP,,KZZAP,6.783085582335113
2016,PER_1000_LIVE_BIRTHS,M,KZZHA,,KZZHA,5.569867019424912
2016,PER_1000_LIVE_BIRTHS,M,KZKAR,,KZKAR,5.945593744909595
2016,PER_1000_LIVE_BIRTHS,M,KZKUS,,KZKUS,5.322479649342517
2016,PER_1000_LIVE_BIRTHS,M,KZKZY,,KZKZY,6.7547432204231646
2016,PER_1000_LIVE_BIRTHS,M,KZMAN,,KZMAN,6.55192646195971
2016,PER_1000_LIVE_BIRTHS,M,KZONT,,KZONT,6.930928079753145
2016,PER_1000_LIVE_BIRTHS,M,KZPAV,,KZPAV,4.422754308372731
2016,PER_1000_LIVE_BIRTHS,M,KZSEV,,KZSEV,6.329113924050633
2016,PER_1000_LIVE_BIRTHS,M,KZVOS,,KZVOS,7.204490240428918
2016,PER_1000_LIVE_BIRTHS,M,KZNS,,KZNS,4.055660443325642
2016,PER_1000_LIVE_BIRTHS,M,KZALA,,KZALA,5.629321422015542
2016,PER_1000_LIVE_BIRTHS,M,,U,,6.048353129475191
2016,PER_1000_LIVE_BIRTHS,M,KZAKM,U,KZAKM,4.319032536711776
2016,PER_1000_LIVE_BIRTHS,M,KZAKT,U,KZAKT,7.204822820173504
2016,PER_1000_LIVE_BIRTHS,M,KZALM,U,KZALM,6.713457430576747
2016,PER_1000_LIVE_BIRTHS,M,KZATY,U,KZATY,4.239178937974119
2016,PER_1000_LIVE_BIRTHS,M,KZZAP,U,KZZAP,6.664957703153037
2016,PER_1000_LIVE_BIRTHS,M,KZZHA,U,KZZHA,8.832698302736405
2016,PER_1000_LIVE_BIRTHS,M,KZKAR,U,KZKAR,6.199186991869919
2016,PER_1000_LIVE_BIRTHS,M,KZKUS,U,KZKUS,4.994450610432853
2016,PER_1000_LIVE_BIRTHS,M,KZKZY,U,KZKZY,9.872480460715757
2016,PER_1000_LIVE_BIRTHS,M,KZMAN,U,KZMAN,7.587592055344789
2016,PER_1000_LIVE_BIRTHS,M,KZONT,U,KZONT,6.016907011437096
2016,PER_1000_LIVE_BIRTHS,M,KZPAV,U,KZPAV,3.8944180008654254
2016,PER_1000_LIVE_BIRTHS,M,KZSEV,U,KZSEV,4.624871531346352
2016,PER_1000_LIVE_BIRTHS,M,KZVOS,U,KZVOS,7.221638655462185
2016,PER_1000_LIVE_BIRTHS,M,KZNS,U,KZNS,4.055660443325642
2016,PER_1000_LIVE_BIRTHS,M,KZALA,U,KZALA,5.629321422015542
2016,PER_1000_LIVE_BIRTHS,M,,R,,5.637589958537164
2016,PER_1000_LIVE_BIRTHS,M,KZAKM,R,KZAKM,3.3545790003354576
2016,PER_1000_LIVE_BIRTHS,M,KZAKT,R,KZAKT,4.725339633786178
2016,PER_1000_LIVE_BIRTHS,M,KZALM,R,KZALM,4.56506471355473
2016,PER_1000_LIVE_BIRTHS,M,KZATY,R,KZATY,5.310161718561429
2016,PER_1000_LIVE_BIRTHS,M,KZZAP,R,KZZAP,6.935270805812417
2016,PER_1000_LIVE_BIRTHS,M,KZZHA,R,KZZHA,3.3764116893701246
2016,PER_1000_LIVE_BIRTHS,M,KZKAR,R,KZKAR,4.9220672682526665
2016,PER_1000_LIVE_BIRTHS,M,KZKUS,R,KZKUS,5.747126436781609
2016,PER_1000_LIVE_BIRTHS,M,KZKZY,R,KZKZY,3.8424591738712777
2016,PER_1000_LIVE_BIRTHS,M,KZMAN,R,KZMAN,5.744125326370757
2016,PER_1000_LIVE_BIRTHS,M,KZONT,R,KZONT,7.76566757493188
2016,PER_1000_LIVE_BIRTHS,M,KZPAV,R,KZPAV,5.684754521963824
2016,PER_1000_LIVE_BIRTHS,M,KZSEV,R,KZSEV,7.984031936127744
2016,PER_1000_LIVE_BIRTHS,M,KZVOS,R,KZVOS,7.174265216385097
2016,PER_1000_LIVE_BIRTHS,F,,,,4.388254570452419
2016,PER_1000_LIVE_BIRTHS,F,KZAKM,,KZAKM,3.972194637537239
2016,PER_1000_LIVE_BIRTHS,F,KZAKT,,KZAKT,4.59194322688374
2016,PER_1000_LIVE_BIRTHS,F,KZALM,,KZALM,4.018699253670138
2016,PER_1000_LIVE_BIRTHS,F,KZATY,,KZATY,4.9352251696483656
2016,PER_1000_LIVE_BIRTHS,F,KZZAP,,KZZAP,3.357314148681055
2016,PER_1000_LIVE_BIRTHS,F,KZZHA,,KZZHA,3.706934147405146
2016,PER_1000_LIVE_BIRTHS,F,KZKAR,,KZKAR,4.198080877313228
2016,PER_1000_LIVE_BIRTHS,F,KZKUS,,KZKUS,5.421890884445951
2016,PER_1000_LIVE_BIRTHS,F,KZKZY,,KZKZY,5.3324627271737945
2016,PER_1000_LIVE_BIRTHS,F,KZMAN,,KZMAN,4.59866220735786
2016,PER_1000_LIVE_BIRTHS,F,KZONT,,KZONT,4.856837715506281
2016,PER_1000_LIVE_BIRTHS,F,KZPAV,,KZPAV,4.29326287978864
2016,PER_1000_LIVE_BIRTHS,F,KZSEV,,KZSEV,4.273504273504274
2016,PER_1000_LIVE_BIRTHS,F,KZVOS,,KZVOS,4.371186595027775
2016,PER_1000_LIVE_BIRTHS,F,KZNS,,KZNS,3.1748375664500883
2016,PER_1000_LIVE_BIRTHS,F,KZALA,,KZALA,4.752294772475751
2016,PER_1000_LIVE_BIRTHS,F,,U,,4.530674376919682
2016,PER_1000_LIVE_BIRTHS,F,KZAKM,U,KZAKM,4.609711124769515
2016,PER_1000_LIVE_BIRTHS,F,KZAKT,U,KZAKT,4.899636478583846
2016,PER_1000_LIVE_BIRTHS,F,KZALM,U,KZALM,3.975484512174921
2016,PER_1000_LIVE_BIRTHS,F,KZATY,U,KZATY,5.023923444976076
2016,PER_1000_LIVE_BIRTHS,F,KZZAP,U,KZZAP,3.685851998865892
2016,PER_1000_LIVE_BIRTHS,F,KZZHA,U,KZZHA,5.59971098265896
2016,PER_1000_LIVE_BIRTHS,F,KZKAR,U,KZKAR,4.350594227504245
2016,PER_1000_LIVE_BIRTHS,F,KZKUS,U,KZKUS,5.562060889929742
2016,PER_1000_LIVE_BIRTHS,F,KZKZY,U,KZKZY,6.855575868372943
2016,PER_1000_LIVE_BIRTHS,F,KZMAN,U,KZMAN,3.7356992762082655
2016,PER_1000_LIVE_BIRTHS,F,KZONT,U,KZONT,4.598438669660999
2016,PER_1000_LIVE_BIRTHS,F,KZPAV,U,KZPAV,4.543280726924916
2016,PER_1000_LIVE_BIRTHS,F,KZSEV,U,KZSEV,3.820960698689956
2016,PER_1000_LIVE_BIRTHS,F,KZVOS,U,KZVOS,4.829545454545454
2016,PER_1000_LIVE_BIRTHS,F,KZNS,U,KZNS,3.1748375664500883
2016,PER_1000_LIVE_BIRTHS,F,KZALA,U,KZALA,4.752294772475751
2016,PER_1000_LIVE_BIRTHS,F,,R,,4.19648271679806
2016,PER_1000_LIVE_BIRTHS,F,KZAKM,R,KZAKM,3.2281205164992826
2016,PER_1000_LIVE_BIRTHS,F,KZAKT,R,KZAKT,3.993855606758832
2016,PER_1000_LIVE_BIRTHS,F,KZALM,R,KZALM,4.032917325194833
2016,PER_1000_LIVE_BIRTHS,F,KZATY,R,KZATY,4.840764331210191
2016,PER_1000_LIVE_BIRTHS,F,KZZAP,R,KZZAP,2.932551319648094
2016,PER_1000_LIVE_BIRTHS,F,KZZHA,R,KZZHA,2.4324981756263684
2016,PER_1000_LIVE_BIRTHS,F,KZKAR,R,KZKAR,3.558718861209964
2016,PER_1000_LIVE_BIRTHS,F,KZKUS,R,KZKUS,5.229283990345937
2016,PER_1000_LIVE_BIRTHS,F,KZKZY,R,KZKZY,3.947641803448992
2016,PER_1000_LIVE_BIRTHS,F,KZMAN,R,KZMAN,5.298013245033113
2016,PER_1000_LIVE_BIRTHS,F,KZONT,R,KZONT,5.091155934833204
2016,PER_1000_LIVE_BIRTHS,F,KZPAV,R,KZPAV,3.735325506937033
2016,PER_1000_LIVE_BIRTHS,F,KZSEV,R,KZSEV,4.7071129707112975
2016,PER_1000_LIVE_BIRTHS,F,KZVOS,R,KZVOS,3.552397868561279
2017,PER_1000_LIVE_BIRTHS,_T,,,,4.614848486401443
2017,PER_1000_LIVE_BIRTHS,_T,KZAKM,,KZAKM,3.818964816770943
2017,PER_1000_LIVE_BIRTHS,_T,KZAKT,,KZAKT,4.389173372348208
2017,PER_1000_LIVE_BIRTHS,_T,KZALM,,KZALM,4.682809685811487
2017,PER_1000_LIVE_BIRTHS,_T,KZATY,,KZATY,4.378762999452655
2017,PER_1000_LIVE_BIRTHS,_T,KZZAP,,KZZAP,4.976671850699844
2017,PER_1000_LIVE_BIRTHS,_T,KZZHA,,KZZHA,4.042770242188386
2017,PER_1000_LIVE_BIRTHS,_T,KZKAR,,KZKAR,4.710336326818102
2017,PER_1000_LIVE_BIRTHS,_T,KZKUS,,KZKUS,7.07225630538514
2017,PER_1000_LIVE_BIRTHS,_T,KZKZY,,KZKZY,3.951319740793425
2017,PER_1000_LIVE_BIRTHS,_T,KZMAN,,KZMAN,5.056759545923633
2017,PER_1000_LIVE_BIRTHS,_T,KZONT,,KZONT,5.051336262011167
2017,PER_1000_LIVE_BIRTHS,_T,KZPAV,,KZPAV,4.823284823284823
2017,PER_1000_LIVE_BIRTHS,_T,KZSEV,,KZSEV,5.414918099363747
2017,PER_1000_LIVE_BIRTHS,_T,KZVOS,,KZVOS,4.60205739036275
2017,PER_1000_LIVE_BIRTHS,_T,KZNS,,KZNS,3.430471070872825
2017,PER_1000_LIVE_BIRTHS,_T,KZALA,,KZALA,4.264392324093817
2017,PER_1000_LIVE_BIRTHS,_T,,U,,4.492014441451728
2017,PER_1000_LIVE_BIRTHS,_T,KZAKM,U,KZAKM,3.351104341203351
2017,PER_1000_LIVE_BIRTHS,_T,KZAKT,U,KZAKT,3.996311097448509
2017,PER_1000_LIVE_BIRTHS,_T,KZALM,U,KZALM,4.162412628602843
2017,PER_1000_LIVE_BIRTHS,_T,KZATY,U,KZATY,4.246542101431691
2017,PER_1000_LIVE_BIRTHS,_T,KZZAP,U,KZZAP,5.554802872239534
2017,PER_1000_LIVE_BIRTHS,_T,KZZHA,U,KZZHA,5.613324744639734
2017,PER_1000_LIVE_BIRTHS,_T,KZKAR,U,KZKAR,4.904121666299317
2017,PER_1000_LIVE_BIRTHS,_T,KZKUS,U,KZKUS,6.633254716981132
2017,PER_1000_LIVE_BIRTHS,_T,KZKZY,U,KZKZY,3.982741453700631
2017,PER_1000_LIVE_BIRTHS,_T,KZMAN,U,KZMAN,3.8263911665026784
2017,PER_1000_LIVE_BIRTHS,_T,KZONT,U,KZONT,5.009072554882568
2017,PER_1000_LIVE_BIRTHS,_T,KZPAV,U,KZPAV,5.487295717523559
2017,PER_1000_LIVE_BIRTHS,_T,KZSEV,U,KZSEV,5.060444194545966
2017,PER_1000_LIVE_BIRTHS,_T,KZVOS,U,KZVOS,4.166372431325471
2017,PER_1000_LIVE_BIRTHS,_T,KZNS,U,KZNS,3.430471070872825
2017,PER_1000_LIVE_BIRTHS,_T,KZALA,U,KZALA,4.264392324093817
2017,PER_1000_LIVE_BIRTHS,_T,,R,,4.785362420830402
2017,PER_1000_LIVE_BIRTHS,_T,KZAKM,R,KZAKM,4.353883664228492
2017,PER_1000_LIVE_BIRTHS,_T,KZAKT,R,KZAKT,5.223636957231473
2017,PER_1000_LIVE_BIRTHS,_T,KZALM,R,KZALM,4.860756774176222
2017,PER_1000_LIVE_BIRTHS,_T,KZATY,R,KZATY,4.511644921351055
2017,PER_1000_LIVE_BIRTHS,_T,KZZAP,R,KZZAP,4.197846322321591
2017,PER_1000_LIVE_BIRTHS,_T,KZZHA,R,KZZHA,2.948717948717949
2017,PER_1000_LIVE_BIRTHS,_T,KZKAR,R,KZKAR,3.9404553415061296
2017,PER_1000_LIVE_BIRTHS,_T,KZKUS,R,KZKUS,7.673667205169628
2017,PER_1000_LIVE_BIRTHS,_T,KZKZY,R,KZKZY,3.922751961375981
2017,PER_1000_LIVE_BIRTHS,_T,KZMAN,R,KZMAN,6.156552330694811
2017,PER_1000_LIVE_BIRTHS,_T,KZONT,R,KZONT,5.092824887104867
2017,PER_1000_LIVE_BIRTHS,_T,KZPAV,R,KZPAV,3.2948929159802307
2017,PER_1000_LIVE_BIRTHS,_T,KZSEV,R,KZSEV,5.744125326370757
2017,PER_1000_LIVE_BIRTHS,_T,KZVOS,R,KZVOS,5.372985130576033
2017,PER_1000_LIVE_BIRTHS,M,,,,5.149784888677412
2017,PER_1000_LIVE_BIRTHS,M,KZAKM,,KZAKM,3.6163522012578615
2017,PER_1000_LIVE_BIRTHS,M,KZAKT,,KZAKT,3.946170191237479
2017,PER_1000_LIVE_BIRTHS,M,KZALM,,KZALM,5.287941948432916
2017,PER_1000_LIVE_BIRTHS,M,KZATY,,KZATY,4.3611504007543616
2017,PER_1000_LIVE_BIRTHS,M,KZZAP,,KZZAP,5.432322317790856
2017,PER_1000_LIVE_BIRTHS,M,KZZHA,,KZZHA,4.985702764132268
2017,PER_1000_LIVE_BIRTHS,M,KZKAR,,KZKAR,5.602965261615378
2017,PER_1000_LIVE_BIRTHS,M,KZKUS,,KZKUS,9.156311314584697
2017,PER_1000_LIVE_BIRTHS,M,KZKZY,,KZKZY,4.072075740608775
2017,PER_1000_LIVE_BIRTHS,M,KZMAN,,KZMAN,5.865394174371209
2017,PER_1000_LIVE_BIRTHS,M,KZONT,,KZONT,5.788996001668016
2017,PER_1000_LIVE_BIRTHS,M,KZPAV,,KZPAV,5.28169014084507
2017,PER_1000_LIVE_BIRTHS,M,KZSEV,,KZSEV,5.896542481908336
2017,PER_1000_LIVE_BIRTHS,M,KZVOS,,KZVOS,5.340103300358925
2017,PER_1000_LIVE_BIRTHS,M,KZNS,,KZNS,3.4644385571632363
2017,PER_1000_LIVE_BIRTHS,M,KZALA,,KZALA,4.643773677135525
2017,PER_1000_LIVE_BIRTHS,M,,U,,4.742166044044147
2017,PER_1000_LIVE_BIRTHS,M,KZAKM,U,KZAKM,2.6354319180087846
2017,PER_1000_LIVE_BIRTHS,M,KZAKT,U,KZAKT,3.4023668639053253
2017,PER_1000_LIVE_BIRTHS,M,KZALM,U,KZALM,4.5822514128608525
2017,PER_1000_LIVE_BIRTHS,M,KZATY,U,KZATY,3.72093023255814
2017,PER_1000_LIVE_BIRTHS,M,KZZAP,U,KZZAP,4.993429697766097
2017,PER_1000_LIVE_BIRTHS,M,KZZHA,U,KZZHA,6.670272219217595
2017,PER_1000_LIVE_BIRTHS,M,KZKAR,U,KZKAR,5.845421086815328
2017,PER_1000_LIVE_BIRTHS,M,KZKUS,U,KZKUS,7.751937984496124
2017,PER_1000_LIVE_BIRTHS,M,KZKZY,U,KZKZY,4.0851429800043
2017,PER_1000_LIVE_BIRTHS,M,KZMAN,U,KZMAN,4.046858359957401
2017,PER_1000_LIVE_BIRTHS,M,KZONT,U,KZONT,5.286822471465982
2017,PER_1000_LIVE_BIRTHS,M,KZPAV,U,KZPAV,5.68569479190357
2017,PER_1000_LIVE_BIRTHS,M,KZSEV,U,KZSEV,4.489337822671156
2017,PER_1000_LIVE_BIRTHS,M,KZVOS,U,KZVOS,4.931506849315069
2017,PER_1000_LIVE_BIRTHS,M,KZNS,U,KZNS,3.4644385571632363
2017,PER_1000_LIVE_BIRTHS,M,KZALA,U,KZALA,4.643773677135525
2017,PER_1000_LIVE_BIRTHS,M,,R,,5.715299964501243
2017,PER_1000_LIVE_BIRTHS,M,KZAKM,R,KZAKM,4.753820033955857
2017,PER_1000_LIVE_BIRTHS,M,KZAKT,R,KZAKT,5.123278898495037
2017,PER_1000_LIVE_BIRTHS,M,KZALM,R,KZALM,5.526574040597076
2017,PER_1000_LIVE_BIRTHS,M,KZATY,R,KZATY,5.019120458891013
2017,PER_1000_LIVE_BIRTHS,M,KZZAP,R,KZZAP,6.024096385542169
2017,PER_1000_LIVE_BIRTHS,M,KZZHA,R,KZZHA,3.830944142362827
2017,PER_1000_LIVE_BIRTHS,M,KZKAR,R,KZKAR,4.655099449851884
2017,PER_1000_LIVE_BIRTHS,M,KZKUS,R,KZKUS,11.014052411697683
2017,PER_1000_LIVE_BIRTHS,M,KZKZY,R,KZKZY,4.060324825986079
2017,PER_1000_LIVE_BIRTHS,M,KZMAN,R,KZMAN,7.457121551081283
2017,PER_1000_LIVE_BIRTHS,M,KZONT,R,KZONT,6.284099766173032
2017,PER_1000_LIVE_BIRTHS,M,KZPAV,R,KZPAV,4.321988114532685
2017,PER_1000_LIVE_BIRTHS,M,KZSEV,R,KZSEV,7.183170856849666
2017,PER_1000_LIVE_BIRTHS,M,KZVOS,R,KZVOS,6.06354596167839
2017,PER_1000_LIVE_BIRTHS,F,,,,4.042311650557542
2017,PER_1000_LIVE_BIRTHS,F,KZAKM,,KZAKM,4.035648225996301
2017,PER_1000_LIVE_BIRTHS,F,KZAKT,,KZAKT,4.862236628849271
2017,PER_1000_LIVE_BIRTHS,F,KZALM,,KZALM,4.03125259745657
2017,PER_1000_LIVE_BIRTHS,F,KZATY,,KZATY,4.397537379067723
2017,PER_1000_LIVE_BIRTHS,F,KZZAP,,KZZAP,4.492218835231831
2017,PER_1000_LIVE_BIRTHS,F,KZZHA,,KZZHA,3.0402245088868103
2017,PER_1000_LIVE_BIRTHS,F,KZKAR,,KZKAR,3.778677462887989
2017,PER_1000_LIVE_BIRTHS,F,KZKUS,,KZKUS,4.804270462633451
2017,PER_1000_LIVE_BIRTHS,F,KZKZY,,KZKZY,3.821795151779865
2017,PER_1000_LIVE_BIRTHS,F,KZMAN,,KZMAN,4.184100418410042
2017,PER_1000_LIVE_BIRTHS,F,KZONT,,KZONT,4.264559677672544
2017,PER_1000_LIVE_BIRTHS,F,KZPAV,,KZPAV,4.327505625757314
2017,PER_1000_LIVE_BIRTHS,F,KZSEV,,KZSEV,4.923413566739606
2017,PER_1000_LIVE_BIRTHS,F,KZVOS,,KZVOS,3.817149241225212
2017,PER_1000_LIVE_BIRTHS,F,KZNS,,KZNS,3.3935817041682035
2017,PER_1000_LIVE_BIRTHS,F,KZALA,,KZALA,3.852028956631467
2017,PER_1000_LIVE_BIRTHS,F,,U,,4.224414010821069
2017,PER_1000_LIVE_BIRTHS,F,KZAKM,U,KZAKM,4.126984126984127
2017,PER_1000_LIVE_BIRTHS,F,KZAKT,U,KZAKT,4.6385156749840055
2017,PER_1000_LIVE_BIRTHS,F,KZALM,U,KZALM,3.7180730682185583
2017,PER_1000_LIVE_BIRTHS,F,KZATY,U,KZATY,4.819888381532217
2017,PER_1000_LIVE_BIRTHS,F,KZZAP,U,KZZAP,6.152125279642059
2017,PER_1000_LIVE_BIRTHS,F,KZZHA,U,KZZHA,4.511278195488722
2017,PER_1000_LIVE_BIRTHS,F,KZKAR,U,KZKAR,3.928170594837262
2017,PER_1000_LIVE_BIRTHS,F,KZKUS,U,KZKUS,5.45289306270827
2017,PER_1000_LIVE_BIRTHS,F,KZKZY,U,KZKZY,3.8742023701002735
2017,PER_1000_LIVE_BIRTHS,F,KZMAN,U,KZMAN,3.593890386343217
2017,PER_1000_LIVE_BIRTHS,F,KZONT,U,KZONT,4.71148755955532
2017,PER_1000_LIVE_BIRTHS,F,KZPAV,U,KZPAV,5.268439538384346
2017,PER_1000_LIVE_BIRTHS,F,KZSEV,U,KZSEV,5.633802816901409
2017,PER_1000_LIVE_BIRTHS,F,KZVOS,U,KZVOS,3.3522810085993293
2017,PER_1000_LIVE_BIRTHS,F,KZNS,U,KZNS,3.3935817041682035
2017,PER_1000_LIVE_BIRTHS,F,KZALA,U,KZALA,3.852028956631467
2017,PER_1000_LIVE_BIRTHS,F,,R,,3.7893669602686777
2017,PER_1000_LIVE_BIRTHS,F,KZAKM,R,KZAKM,3.9327851269217016
2017,PER_1000_LIVE_BIRTHS,F,KZAKT,R,KZAKT,5.328005328005328
2017,PER_1000_LIVE_BIRTHS,F,KZALM,R,KZALM,4.139628552248825
2017,PER_1000_LIVE_BIRTHS,F,KZATY,R,KZATY,3.983071944236993
2017,PER_1000_LIVE_BIRTHS,F,KZZAP,R,KZZAP,2.2581859239744078
2017,PER_1000_LIVE_BIRTHS,F,KZZHA,R,KZZHA,1.997868939797549
2017,PER_1000_LIVE_BIRTHS,F,KZKAR,R,KZKAR,3.1746031746031744
2017,PER_1000_LIVE_BIRTHS,F,KZKUS,R,KZKUS,3.8809831824062098
2017,PER_1000_LIVE_BIRTHS,F,KZKZY,R,KZKZY,3.7735849056603774
2017,PER_1000_LIVE_BIRTHS,F,KZMAN,R,KZMAN,4.72376257958513
2017,PER_1000_LIVE_BIRTHS,F,KZONT,R,KZONT,3.82785019656528
2017,PER_1000_LIVE_BIRTHS,F,KZPAV,R,KZPAV,2.233389168062535
2017,PER_1000_LIVE_BIRTHS,F,KZSEV,R,KZSEV,4.253056884635832
2017,PER_1000_LIVE_BIRTHS,F,KZVOS,R,KZVOS,4.639175257731959
2018,PER_1000_LIVE_BIRTHS,_T,,,,4.58
2018,PER_1000_LIVE_BIRTHS,_T,KZAKM,,KZAKM,3.38
2018,PER_1000_LIVE_BIRTHS,_T,KZAKT,,KZAKT,5.15
2018,PER_1000_LIVE_BIRTHS,_T,KZALM,,KZALM,4.15
2018,PER_1000_LIVE_BIRTHS,_T,KZATY,,KZATY,6.05
2018,PER_1000_LIVE_BIRTHS,_T,KZZAP,,KZZAP,3.98
2018,PER_1000_LIVE_BIRTHS,_T,KZZHA,,KZZHA,3.28
2018,PER_1000_LIVE_BIRTHS,_T,KZKAR,,KZKAR,4.88
2018,PER_1000_LIVE_BIRTHS,_T,KZKUS,,KZKUS,6.19
2018,PER_1000_LIVE_BIRTHS,_T,KZKZY,,KZKZY,4.95
2018,PER_1000_LIVE_BIRTHS,_T,KZMAN,,KZMAN,5.53
2018,PER_1000_LIVE_BIRTHS,_T,KZPAV,,KZPAV,3.46
2018,PER_1000_LIVE_BIRTHS,_T,KZSEV,,KZSEV,6.12
2018,PER_1000_LIVE_BIRTHS,_T,KZYUZ,,KZYUZ,4.14
2018,PER_1000_LIVE_BIRTHS,_T,KZVOS,,KZVOS,4.94
2018,PER_1000_LIVE_BIRTHS,_T,KZNS,,KZNS,3.43
2018,PER_1000_LIVE_BIRTHS,_T,KZALA,,KZALA,5.74
2018,PER_1000_LIVE_BIRTHS,_T,KZSHY,,KZSHY,4.74
2018,PER_1000_LIVE_BIRTHS,_T,,U,,4.89
2018,PER_1000_LIVE_BIRTHS,_T,KZAKM,U,KZAKM,4.5
2018,PER_1000_LIVE_BIRTHS,_T,KZAKT,U,KZAKT,5.45
2018,PER_1000_LIVE_BIRTHS,_T,KZALM,U,KZALM,4.0
2018,PER_1000_LIVE_BIRTHS,_T,KZATY,U,KZATY,5.51
2018,PER_1000_LIVE_BIRTHS,_T,KZZAP,U,KZZAP,3.81
2018,PER_1000_LIVE_BIRTHS,_T,KZZHA,U,KZZHA,3.93
2018,PER_1000_LIVE_BIRTHS,_T,KZKAR,U,KZKAR,5.21
2018,PER_1000_LIVE_BIRTHS,_T,KZKUS,U,KZKUS,6.3
2018,PER_1000_LIVE_BIRTHS,_T,KZKZY,U,KZKZY,6.47
2018,PER_1000_LIVE_BIRTHS,_T,KZMAN,U,KZMAN,5.69
2018,PER_1000_LIVE_BIRTHS,_T,KZPAV,U,KZPAV,4.09
2018,PER_1000_LIVE_BIRTHS,_T,KZSEV,U,KZSEV,7.01
2018,PER_1000_LIVE_BIRTHS,_T,KZYUZ,U,KZYUZ,4.08
2018,PER_1000_LIVE_BIRTHS,_T,KZVOS,U,KZVOS,5.63
2018,PER_1000_LIVE_BIRTHS,_T,KZNS,U,KZNS,3.43
2018,PER_1000_LIVE_BIRTHS,_T,KZALA,U,KZALA,5.74
2018,PER_1000_LIVE_BIRTHS,_T,KZSHY,U,KZSHY,4.74
2018,PER_1000_LIVE_BIRTHS,_T,,R,,4.13
2018,PER_1000_LIVE_BIRTHS,_T,KZAKM,R,KZAKM,2.17
2018,PER_1000_LIVE_BIRTHS,_T,KZAKT,R,KZAKT,4.27
2018,PER_1000_LIVE_BIRTHS,_T,KZALM,R,KZALM,4.19
2018,PER_1000_LIVE_BIRTHS,_T,KZATY,R,KZATY,6.68
2018,PER_1000_LIVE_BIRTHS,_T,KZZAP,R,KZZAP,4.22
2018,PER_1000_LIVE_BIRTHS,_T,KZZHA,R,KZZHA,2.81
2018,PER_1000_LIVE_BIRTHS,_T,KZKAR,R,KZKAR,3.55
2018,PER_1000_LIVE_BIRTHS,_T,KZKUS,R,KZKUS,6.04
2018,PER_1000_LIVE_BIRTHS,_T,KZKZY,R,KZKZY,3.53
2018,PER_1000_LIVE_BIRTHS,_T,KZMAN,R,KZMAN,5.4
2018,PER_1000_LIVE_BIRTHS,_T,KZPAV,R,KZPAV,1.97
2018,PER_1000_LIVE_BIRTHS,_T,KZSEV,R,KZSEV,5.24
2018,PER_1000_LIVE_BIRTHS,_T,KZYUZ,R,KZYUZ,4.16
2018,PER_1000_LIVE_BIRTHS,_T,KZVOS,R,KZVOS,3.66
2018,PER_1000_LIVE_BIRTHS,M,,,,5.32
2018,PER_1000_LIVE_BIRTHS,M,KZAKM,,KZAKM,3.45
2018,PER_1000_LIVE_BIRTHS,M,KZAKT,,KZAKT,5.66
2018,PER_1000_LIVE_BIRTHS,M,KZALM,,KZALM,4.8
2018,PER_1000_LIVE_BIRTHS,M,KZATY,,KZATY,8.05
2018,PER_1000_LIVE_BIRTHS,M,KZZAP,,KZZAP,5.06
2018,PER_1000_LIVE_BIRTHS,M,KZZHA,,KZZHA,4.15
2018,PER_1000_LIVE_BIRTHS,M,KZKAR,,KZKAR,6.01
2018,PER_1000_LIVE_BIRTHS,M,KZKUS,,KZKUS,7.23
2018,PER_1000_LIVE_BIRTHS,M,KZKZY,,KZKZY,6.15
2018,PER_1000_LIVE_BIRTHS,M,KZMAN,,KZMAN,5.89
2018,PER_1000_LIVE_BIRTHS,M,KZPAV,,KZPAV,3.64
2018,PER_1000_LIVE_BIRTHS,M,KZSEV,,KZSEV,7.28
2018,PER_1000_LIVE_BIRTHS,M,KZYUZ,,KZYUZ,4.84
2018,PER_1000_LIVE_BIRTHS,M,KZVOS,,KZVOS,5.9
2018,PER_1000_LIVE_BIRTHS,M,KZNS,,KZNS,4.07
2018,PER_1000_LIVE_BIRTHS,M,KZALA,,KZALA,6.13
2018,PER_1000_LIVE_BIRTHS,M,KZSHY,,KZSHY,5.11
2018,PER_1000_LIVE_BIRTHS,M,,U,,5.62
2018,PER_1000_LIVE_BIRTHS,M,KZAKM,U,KZAKM,4.46
2018,PER_1000_LIVE_BIRTHS,M,KZAKT,U,KZAKT,6.76
2018,PER_1000_LIVE_BIRTHS,M,KZALM,U,KZALM,4.39
2018,PER_1000_LIVE_BIRTHS,M,KZATY,U,KZATY,6.05
2018,PER_1000_LIVE_BIRTHS,M,KZZAP,U,KZZAP,5.4
2018,PER_1000_LIVE_BIRTHS,M,KZZHA,U,KZZHA,5.24
2018,PER_1000_LIVE_BIRTHS,M,KZKAR,U,KZKAR,6.5
2018,PER_1000_LIVE_BIRTHS,M,KZKUS,U,KZKUS,7.85
2018,PER_1000_LIVE_BIRTHS,M,KZKZY,U,KZKZY,8.22
2018,PER_1000_LIVE_BIRTHS,M,KZMAN,U,KZMAN,5.93
2018,PER_1000_LIVE_BIRTHS,M,KZPAV,U,KZPAV,4.02
2018,PER_1000_LIVE_BIRTHS,M,KZSEV,U,KZSEV,7.07
2018,PER_1000_LIVE_BIRTHS,M,KZYUZ,U,KZYUZ,4.26
2018,PER_1000_LIVE_BIRTHS,M,KZVOS,U,KZVOS,6.99
2018,PER_1000_LIVE_BIRTHS,M,KZNS,U,KZNS,4.07
2018,PER_1000_LIVE_BIRTHS,M,KZALA,U,KZALA,6.13
2018,PER_1000_LIVE_BIRTHS,M,KZSHY,U,KZSHY,5.11
2018,PER_1000_LIVE_BIRTHS,M,,R,,4.88
2018,PER_1000_LIVE_BIRTHS,M,KZAKM,R,KZAKM,2.32
2018,PER_1000_LIVE_BIRTHS,M,KZAKT,R,KZAKT,2.38
2018,PER_1000_LIVE_BIRTHS,M,KZALM,R,KZALM,4.94
2018,PER_1000_LIVE_BIRTHS,M,KZATY,R,KZATY,10.44
2018,PER_1000_LIVE_BIRTHS,M,KZZAP,R,KZZAP,4.59
2018,PER_1000_LIVE_BIRTHS,M,KZZHA,R,KZZHA,3.35
2018,PER_1000_LIVE_BIRTHS,M,KZKAR,R,KZKAR,3.94
2018,PER_1000_LIVE_BIRTHS,M,KZKUS,R,KZKUS,6.38
2018,PER_1000_LIVE_BIRTHS,M,KZKZY,R,KZKZY,4.15
2018,PER_1000_LIVE_BIRTHS,M,KZMAN,R,KZMAN,5.86
2018,PER_1000_LIVE_BIRTHS,M,KZPAV,R,KZPAV,2.76
2018,PER_1000_LIVE_BIRTHS,M,KZSEV,R,KZSEV,7.48
2018,PER_1000_LIVE_BIRTHS,M,KZYUZ,R,KZYUZ,5.04
2018,PER_1000_LIVE_BIRTHS,M,KZVOS,R,KZVOS,3.82
2018,PER_1000_LIVE_BIRTHS,F,,,,3.79
2018,PER_1000_LIVE_BIRTHS,F,KZAKM,,KZAKM,3.31
2018,PER_1000_LIVE_BIRTHS,F,KZAKT,,KZAKT,4.61
2018,PER_1000_LIVE_BIRTHS,F,KZALM,,KZALM,3.46
2018,PER_1000_LIVE_BIRTHS,F,KZATY,,KZATY,3.9
2018,PER_1000_LIVE_BIRTHS,F,KZZAP,,KZZAP,2.84
2018,PER_1000_LIVE_BIRTHS,F,KZZHA,,KZZHA,2.36
2018,PER_1000_LIVE_BIRTHS,F,KZKAR,,KZKAR,3.65
2018,PER_1000_LIVE_BIRTHS,F,KZKUS,,KZKUS,5.1
2018,PER_1000_LIVE_BIRTHS,F,KZKZY,,KZKZY,3.67
2018,PER_1000_LIVE_BIRTHS,F,KZMAN,,KZMAN,5.14
2018,PER_1000_LIVE_BIRTHS,F,KZPAV,,KZPAV,3.27
2018,PER_1000_LIVE_BIRTHS,F,KZSEV,,KZSEV,4.88
2018,PER_1000_LIVE_BIRTHS,F,KZYUZ,,KZYUZ,3.39
2018,PER_1000_LIVE_BIRTHS,F,KZVOS,,KZVOS,3.91
2018,PER_1000_LIVE_BIRTHS,F,KZNS,,KZNS,2.75
2018,PER_1000_LIVE_BIRTHS,F,KZALA,,KZALA,5.34
2018,PER_1000_LIVE_BIRTHS,F,KZSHY,,KZSHY,4.34
2018,PER_1000_LIVE_BIRTHS,F,,U,,4.1
2018,PER_1000_LIVE_BIRTHS,F,KZAKM,U,KZAKM,4.55
2018,PER_1000_LIVE_BIRTHS,F,KZAKT,U,KZAKT,4.06
2018,PER_1000_LIVE_BIRTHS,F,KZALM,U,KZALM,3.6
2018,PER_1000_LIVE_BIRTHS,F,KZATY,U,KZATY,4.94
2018,PER_1000_LIVE_BIRTHS,F,KZZAP,U,KZZAP,2.15
2018,PER_1000_LIVE_BIRTHS,F,KZZHA,U,KZZHA,2.52
2018,PER_1000_LIVE_BIRTHS,F,KZKAR,U,KZKAR,3.77
2018,PER_1000_LIVE_BIRTHS,F,KZKUS,U,KZKUS,4.72
2018,PER_1000_LIVE_BIRTHS,F,KZKZY,U,KZKZY,4.54
2018,PER_1000_LIVE_BIRTHS,F,KZMAN,U,KZMAN,5.44
2018,PER_1000_LIVE_BIRTHS,F,KZPAV,U,KZPAV,4.17
2018,PER_1000_LIVE_BIRTHS,F,KZSEV,U,KZSEV,6.94
2018,PER_1000_LIVE_BIRTHS,F,KZYUZ,U,KZYUZ,3.89
2018,PER_1000_LIVE_BIRTHS,F,KZVOS,U,KZVOS,4.14
2018,PER_1000_LIVE_BIRTHS,F,KZNS,U,KZNS,2.75
2018,PER_1000_LIVE_BIRTHS,F,KZALA,U,KZALA,5.34
2018,PER_1000_LIVE_BIRTHS,F,KZSHY,U,KZSHY,4.34
2018,PER_1000_LIVE_BIRTHS,F,,R,,3.33
2018,PER_1000_LIVE_BIRTHS,F,KZAKM,R,KZAKM,2.02
2018,PER_1000_LIVE_BIRTHS,F,KZAKT,R,KZAKT,6.27
2018,PER_1000_LIVE_BIRTHS,F,KZALM,R,KZALM,3.41
2018,PER_1000_LIVE_BIRTHS,F,KZATY,R,KZATY,2.66
2018,PER_1000_LIVE_BIRTHS,F,KZZAP,R,KZZAP,3.81
2018,PER_1000_LIVE_BIRTHS,F,KZZHA,R,KZZHA,2.24
2018,PER_1000_LIVE_BIRTHS,F,KZKAR,R,KZKAR,3.14
2018,PER_1000_LIVE_BIRTHS,F,KZKUS,R,KZKUS,5.66
2018,PER_1000_LIVE_BIRTHS,F,KZKZY,R,KZKZY,2.88
2018,PER_1000_LIVE_BIRTHS,F,KZMAN,R,KZMAN,4.9
2018,PER_1000_LIVE_BIRTHS,F,KZPAV,R,KZPAV,1.15
2018,PER_1000_LIVE_BIRTHS,F,KZSEV,R,KZSEV,2.85
2018,PER_1000_LIVE_BIRTHS,F,KZYUZ,R,KZYUZ,3.21
2018,PER_1000_LIVE_BIRTHS,F,KZVOS,R,KZVOS,3.48
2019,PER_1000_LIVE_BIRTHS,_T,,,,4.807238199398474
2019,PER_1000_LIVE_BIRTHS,_T,KZAKM,,KZAKM,4.4027721157766
2019,PER_1000_LIVE_BIRTHS,_T,KZAKT,,KZAKT,5.56287512809252
2019,PER_1000_LIVE_BIRTHS,_T,KZALM,,KZALM,4.415666706269058
2019,PER_1000_LIVE_BIRTHS,_T,KZATY,,KZATY,7.950530035335689
2019,PER_1000_LIVE_BIRTHS,_T,KZZAP,,KZZAP,4.722010662604722
2019,PER_1000_LIVE_BIRTHS,_T,KZZHA,,KZZHA,4.8444953958803305
2019,PER_1000_LIVE_BIRTHS,_T,KZKAR,,KZKAR,5.513588608144482
2019,PER_1000_LIVE_BIRTHS,_T,KZKUS,,KZKUS,6.114605171208945
2019,PER_1000_LIVE_BIRTHS,_T,KZKZY,,KZKZY,5.013697214038352
2019,PER_1000_LIVE_BIRTHS,_T,KZMAN,,KZMAN,5.572119849455008
2019,PER_1000_LIVE_BIRTHS,_T,KZPAV,,KZPAV,3.8068870046720886
2019,PER_1000_LIVE_BIRTHS,_T,KZSEV,,KZSEV,5.09313154831199
2019,PER_1000_LIVE_BIRTHS,_T,KZYUZ,,KZYUZ,3.5164519717248552
2019,PER_1000_LIVE_BIRTHS,_T,KZVOS,,KZVOS,5.170678136725542
2019,PER_1000_LIVE_BIRTHS,_T,KZNS,,KZNS,3.13195991091314
2019,PER_1000_LIVE_BIRTHS,_T,KZALA,,KZALA,4.751078465663985
2019,PER_1000_LIVE_BIRTHS,_T,KZSHY,,KZSHY,5.8153792257838495
2019,PER_1000_LIVE_BIRTHS,_T,,U,,5.261048201222567
2019,PER_1000_LIVE_BIRTHS,_T,KZAKM,U,KZAKM,5.10519801980198
2019,PER_1000_LIVE_BIRTHS,_T,KZAKT,U,KZAKT,5.462348809988295
2019,PER_1000_LIVE_BIRTHS,_T,KZALM,U,KZALM,5.761186962354984
2019,PER_1000_LIVE_BIRTHS,_T,KZATY,U,KZATY,8.214619943849433
2019,PER_1000_LIVE_BIRTHS,_T,KZZAP,U,KZZAP,5.055208194758547
2019,PER_1000_LIVE_BIRTHS,_T,KZZHA,U,KZZHA,6.530958439355386
2019,PER_1000_LIVE_BIRTHS,_T,KZKAR,U,KZKAR,6.099221260142678
2019,PER_1000_LIVE_BIRTHS,_T,KZKUS,U,KZKUS,5.916326243132835
2019,PER_1000_LIVE_BIRTHS,_T,KZKZY,U,KZKZY,4.786182499219644
2019,PER_1000_LIVE_BIRTHS,_T,KZMAN,U,KZMAN,7.252508159071679
2019,PER_1000_LIVE_BIRTHS,_T,KZPAV,U,KZPAV,4.542664211172498
2019,PER_1000_LIVE_BIRTHS,_T,KZSEV,U,KZSEV,5.899705014749262
2019,PER_1000_LIVE_BIRTHS,_T,KZYUZ,U,KZYUZ,4.017886073488432
2019,PER_1000_LIVE_BIRTHS,_T,KZVOS,U,KZVOS,5.509252719310637
2019,PER_1000_LIVE_BIRTHS,_T,KZNS,U,KZNS,3.13195991091314
2019,PER_1000_LIVE_BIRTHS,_T,KZALA,U,KZALA,4.751078465663985
2019,PER_1000_LIVE_BIRTHS,_T,KZSHY,U,KZSHY,5.8153792257838495
2019,PER_1000_LIVE_BIRTHS,_T,,R,,4.139693146780989
2019,PER_1000_LIVE_BIRTHS,_T,KZAKM,R,KZAKM,3.62006550594725
2019,PER_1000_LIVE_BIRTHS,_T,KZAKT,R,KZAKT,5.865102639296188
2019,PER_1000_LIVE_BIRTHS,_T,KZALM,R,KZALM,3.9650022468346062
2019,PER_1000_LIVE_BIRTHS,_T,KZATY,R,KZATY,7.605595545294038
2019,PER_1000_LIVE_BIRTHS,_T,KZZAP,R,KZZAP,4.27578834847675
2019,PER_1000_LIVE_BIRTHS,_T,KZZHA,R,KZZHA,3.540751426135991
2019,PER_1000_LIVE_BIRTHS,_T,KZKAR,R,KZKAR,3.2113037893384715
2019,PER_1000_LIVE_BIRTHS,_T,KZKUS,R,KZKUS,6.438261669349275
2019,PER_1000_LIVE_BIRTHS,_T,KZKZY,R,KZKZY,5.238290879211175
2019,PER_1000_LIVE_BIRTHS,_T,KZMAN,R,KZMAN,4.431314623338257
2019,PER_1000_LIVE_BIRTHS,_T,KZPAV,R,KZPAV,2.0509815411661294
2019,PER_1000_LIVE_BIRTHS,_T,KZSEV,R,KZSEV,4.30786904078116
2019,PER_1000_LIVE_BIRTHS,_T,KZYUZ,R,KZYUZ,3.324484580842037
2019,PER_1000_LIVE_BIRTHS,_T,KZVOS,R,KZVOS,4.547817047817048
2019,PER_1000_LIVE_BIRTHS,M,,,,5.532643074822869
2019,PER_1000_LIVE_BIRTHS,M,KZAKM,,KZAKM,4.873447571136614
2019,PER_1000_LIVE_BIRTHS,M,KZAKT,,KZAKT,5.573398828641602
2019,PER_1000_LIVE_BIRTHS,M,KZALM,,KZALM,5.449591280653951
2019,PER_1000_LIVE_BIRTHS,M,KZATY,,KZATY,8.807588075880759
2019,PER_1000_LIVE_BIRTHS,M,KZZAP,,KZZAP,5.967976710334789
2019,PER_1000_LIVE_BIRTHS,M,KZZHA,,KZZHA,5.941302791696492
2019,PER_1000_LIVE_BIRTHS,M,KZKAR,,KZKAR,5.968169761273209
2019,PER_1000_LIVE_BIRTHS,M,KZKUS,,KZKUS,7.868628121792679
2019,PER_1000_LIVE_BIRTHS,M,KZKZY,,KZKZY,6.008411776487082
2019,PER_1000_LIVE_BIRTHS,M,KZMAN,,KZMAN,6.557688652347462
2019,PER_1000_LIVE_BIRTHS,M,KZPAV,,KZPAV,4.152823920265781
2019,PER_1000_LIVE_BIRTHS,M,KZSEV,,KZSEV,7.038288288288288
2019,PER_1000_LIVE_BIRTHS,M,KZYUZ,,KZYUZ,3.8852464703229614
2019,PER_1000_LIVE_BIRTHS,M,KZVOS,,KZVOS,5.238344683080147
2019,PER_1000_LIVE_BIRTHS,M,KZNS,,KZNS,3.3962776796630894
2019,PER_1000_LIVE_BIRTHS,M,KZALA,,KZALA,5.727246952083924
2019,PER_1000_LIVE_BIRTHS,M,KZSHY,,KZSHY,6.594153636981646
2019,PER_1000_LIVE_BIRTHS,M,,U,,5.915679375020177
2019,PER_1000_LIVE_BIRTHS,M,KZAKM,U,KZAKM,6.25
2019,PER_1000_LIVE_BIRTHS,M,KZAKT,U,KZAKT,5.549249590112247
2019,PER_1000_LIVE_BIRTHS,M,KZALM,U,KZALM,6.524047944166288
2019,PER_1000_LIVE_BIRTHS,M,KZATY,U,KZATY,7.985625873427829
2019,PER_1000_LIVE_BIRTHS,M,KZZAP,U,KZZAP,6.346788525006346
2019,PER_1000_LIVE_BIRTHS,M,KZZHA,U,KZZHA,7.044560943643512
2019,PER_1000_LIVE_BIRTHS,M,KZKAR,U,KZKAR,6.730868799834317
2019,PER_1000_LIVE_BIRTHS,M,KZKUS,U,KZKUS,7.719878687620623
2019,PER_1000_LIVE_BIRTHS,M,KZKZY,U,KZKZY,4.801920768307323
2019,PER_1000_LIVE_BIRTHS,M,KZMAN,U,KZMAN,8.687485325193707
2019,PER_1000_LIVE_BIRTHS,M,KZPAV,U,KZPAV,4.719207173194904
2019,PER_1000_LIVE_BIRTHS,M,KZSEV,U,KZSEV,8.422234699606962
2019,PER_1000_LIVE_BIRTHS,M,KZYUZ,U,KZYUZ,4.762501566612357
2019,PER_1000_LIVE_BIRTHS,M,KZVOS,U,KZVOS,5.698778833107191
2019,PER_1000_LIVE_BIRTHS,M,KZNS,U,KZNS,3.3962776796630894
2019,PER_1000_LIVE_BIRTHS,M,KZALA,U,KZALA,5.727246952083924
2019,PER_1000_LIVE_BIRTHS,M,KZSHY,U,KZSHY,6.594153636981646
2019,PER_1000_LIVE_BIRTHS,M,,R,,4.968501129204802
2019,PER_1000_LIVE_BIRTHS,M,KZAKM,R,KZAKM,3.332222592469177
2019,PER_1000_LIVE_BIRTHS,M,KZAKT,R,KZAKT,5.645464809936017
2019,PER_1000_LIVE_BIRTHS,M,KZALM,R,KZALM,5.085790609267441
2019,PER_1000_LIVE_BIRTHS,M,KZATY,R,KZATY,9.877826878086822
2019,PER_1000_LIVE_BIRTHS,M,KZZAP,R,KZZAP,5.458887751620607
2019,PER_1000_LIVE_BIRTHS,M,KZZHA,R,KZZHA,5.0851767098906695
2019,PER_1000_LIVE_BIRTHS,M,KZKAR,R,KZKAR,2.9081844619858743
2019,PER_1000_LIVE_BIRTHS,M,KZKUS,R,KZKUS,8.111762054979721
2019,PER_1000_LIVE_BIRTHS,M,KZKZY,R,KZKZY,7.217321571772254
2019,PER_1000_LIVE_BIRTHS,M,KZMAN,R,KZMAN,5.109372505189207
2019,PER_1000_LIVE_BIRTHS,M,KZPAV,R,KZPAV,2.805836139169472
2019,PER_1000_LIVE_BIRTHS,M,KZSEV,R,KZSEV,5.64652738565782
2019,PER_1000_LIVE_BIRTHS,M,KZYUZ,R,KZYUZ,3.5495011511895624
2019,PER_1000_LIVE_BIRTHS,M,KZVOS,R,KZVOS,4.407443682664055
2019,PER_1000_LIVE_BIRTHS,F,,,,4.030431559874815
2019,PER_1000_LIVE_BIRTHS,F,KZAKM,,KZAKM,3.895663956639567
2019,PER_1000_LIVE_BIRTHS,F,KZAKT,,KZAKT,5.551630160492581
2019,PER_1000_LIVE_BIRTHS,F,KZALM,,KZALM,3.313561055430559
2019,PER_1000_LIVE_BIRTHS,F,KZATY,,KZATY,7.016248153618907
2019,PER_1000_LIVE_BIRTHS,F,KZZAP,,KZZAP,3.3546325878594248
2019,PER_1000_LIVE_BIRTHS,F,KZZHA,,KZZHA,3.6722515492311225
2019,PER_1000_LIVE_BIRTHS,F,KZKAR,,KZKAR,5.013673655423883
2019,PER_1000_LIVE_BIRTHS,F,KZKUS,,KZKUS,4.284184219921457
2019,PER_1000_LIVE_BIRTHS,F,KZKZY,,KZKZY,3.952569169960474
2019,PER_1000_LIVE_BIRTHS,F,KZMAN,,KZMAN,4.528529737345275
2019,PER_1000_LIVE_BIRTHS,F,KZPAV,,KZPAV,3.430841459010473
2019,PER_1000_LIVE_BIRTHS,F,KZSEV,,KZSEV,3.0120481927710845
2019,PER_1000_LIVE_BIRTHS,F,KZYUZ,,KZYUZ,3.121400170933819
2019,PER_1000_LIVE_BIRTHS,F,KZVOS,,KZVOS,5.096153846153846
2019,PER_1000_LIVE_BIRTHS,F,KZNS,,KZNS,2.8542885685742827
2019,PER_1000_LIVE_BIRTHS,F,KZALA,,KZALA,3.7185869369639537
2019,PER_1000_LIVE_BIRTHS,F,KZSHY,,KZSHY,4.987350921575714
2019,PER_1000_LIVE_BIRTHS,F,,U,,4.55929681281794
2019,PER_1000_LIVE_BIRTHS,F,KZAKM,U,KZAKM,3.865979381443299
2019,PER_1000_LIVE_BIRTHS,F,KZAKT,U,KZAKT,5.369848301785474
2019,PER_1000_LIVE_BIRTHS,F,KZALM,U,KZALM,4.934210526315789
2019,PER_1000_LIVE_BIRTHS,F,KZATY,U,KZATY,8.463541666666666
2019,PER_1000_LIVE_BIRTHS,F,KZZAP,U,KZZAP,3.633314700950252
2019,PER_1000_LIVE_BIRTHS,F,KZZHA,U,KZZHA,5.979599015124868
2019,PER_1000_LIVE_BIRTHS,F,KZKAR,U,KZKAR,5.398575694923042
2019,PER_1000_LIVE_BIRTHS,F,KZKUS,U,KZKUS,4.032258064516129
2019,PER_1000_LIVE_BIRTHS,F,KZKZY,U,KZKZY,4.769130717537394
2019,PER_1000_LIVE_BIRTHS,F,KZMAN,U,KZMAN,5.7299451918286
2019,PER_1000_LIVE_BIRTHS,F,KZPAV,U,KZPAV,4.351164576401331
2019,PER_1000_LIVE_BIRTHS,F,KZSEV,U,KZSEV,3.107520198881293
2019,PER_1000_LIVE_BIRTHS,F,KZYUZ,U,KZYUZ,3.2206119162640903
2019,PER_1000_LIVE_BIRTHS,F,KZVOS,U,KZVOS,5.303476723629935
2019,PER_1000_LIVE_BIRTHS,F,KZNS,U,KZNS,2.8542885685742827
2019,PER_1000_LIVE_BIRTHS,F,KZALA,U,KZALA,3.7185869369639537
2019,PER_1000_LIVE_BIRTHS,F,KZSHY,U,KZSHY,4.987350921575714
2019,PER_1000_LIVE_BIRTHS,F,,R,,3.2535204107569515
2019,PER_1000_LIVE_BIRTHS,F,KZAKM,R,KZAKM,3.928571428571429
2019,PER_1000_LIVE_BIRTHS,F,KZAKT,R,KZAKT,6.102522375915378
2019,PER_1000_LIVE_BIRTHS,F,KZALM,R,KZALM,2.777021508303839
2019,PER_1000_LIVE_BIRTHS,F,KZATY,R,KZATY,5.119453924914676
2019,PER_1000_LIVE_BIRTHS,F,KZZAP,R,KZZAP,2.9828486204325126
2019,PER_1000_LIVE_BIRTHS,F,KZZHA,R,KZZHA,1.895734597156398
2019,PER_1000_LIVE_BIRTHS,F,KZKAR,R,KZKAR,3.53356890459364
2019,PER_1000_LIVE_BIRTHS,F,KZKUS,R,KZKUS,4.694835680751174
2019,PER_1000_LIVE_BIRTHS,F,KZKZY,R,KZKZY,3.1592249368155016
2019,PER_1000_LIVE_BIRTHS,F,KZMAN,R,KZMAN,3.714333952388992
2019,PER_1000_LIVE_BIRTHS,F,KZPAV,R,KZPAV,1.226241569589209
2019,PER_1000_LIVE_BIRTHS,F,KZSEV,R,KZSEV,2.922267679719462
2019,PER_1000_LIVE_BIRTHS,F,KZYUZ,R,KZYUZ,3.083406135978211
2019,PER_1000_LIVE_BIRTHS,F,KZVOS,R,KZVOS,4.706533776301218
