Year,UNIT_MEASURE,REF_AREA,URBANISATION,SEX,Value
2010,PER_100000_POP,,,,22.26
2010,PER_100000_POP,KZAKM,,,44.13
2010,PER_100000_POP,KZAKT,,,18.56
2010,PER_100000_POP,KZALM,,,21.52
2010,PER_100000_POP,KZATY,,,17.66
2010,PER_100000_POP,KZZAP,,,28.54
2010,PER_100000_POP,KZZHA,,,17.4
2010,PER_100000_POP,KZKAR,,,33.57
2010,PER_100000_POP,KZKUS,,,38.19
2010,PER_100000_POP,KZKZY,,,8.64
2010,PER_100000_POP,KZMAN,,,13.24
2010,PER_100000_POP,KZONT,,,11.46
2010,PER_100000_POP,KZPAV,,,27.1
2010,PER_100000_POP,KZSEV,,,26.22
2010,PER_100000_POP,KZVOS,,,40.41
2010,PER_100000_POP,KZNS,,,12.18
2010,PER_100000_POP,KZALA,,,7.63
2010,PER_100000_POP,,U,,19.38
2010,PER_100000_POP,KZAKM,U,,39.43
2010,PER_100000_POP,KZAKT,U,,15.05
2010,PER_100000_POP,KZALM,U,,22.07
2010,PER_100000_POP,KZATY,U,,9.97
2010,PER_100000_POP,KZZAP,U,,24.75
2010,PER_100000_POP,KZZHA,U,,16.13
2010,PER_100000_POP,KZKAR,U,,31.09
2010,PER_100000_POP,KZKUS,U,,26.23
2010,PER_100000_POP,KZKZY,U,,6.48
2010,PER_100000_POP,KZMAN,U,,11.0
2010,PER_100000_POP,KZONT,U,,11.02
2010,PER_100000_POP,KZPAV,U,,23.91
2010,PER_100000_POP,KZSEV,U,,26.42
2010,PER_100000_POP,KZVOS,U,,34.97
2010,PER_100000_POP,KZNS,U,,12.18
2010,PER_100000_POP,KZALA,U,,7.63
2010,PER_100000_POP,,R,,25.71
2010,PER_100000_POP,KZAKM,R,,48.24
2010,PER_100000_POP,KZAKT,R,,24.1
2010,PER_100000_POP,KZALM,R,,21.35
2010,PER_100000_POP,KZATY,R,,24.66
2010,PER_100000_POP,KZZAP,R,,31.95
2010,PER_100000_POP,KZZHA,R,,18.26
2010,PER_100000_POP,KZKAR,R,,42.34
2010,PER_100000_POP,KZKUS,R,,50.2
2010,PER_100000_POP,KZKZY,R,,10.21
2010,PER_100000_POP,KZMAN,R,,15.76
2010,PER_100000_POP,KZONT,R,,11.74
2010,PER_100000_POP,KZPAV,R,,34.05
2010,PER_100000_POP,KZSEV,R,,26.09
2010,PER_100000_POP,KZVOS,R,,47.83
2010,PER_100000_POP,,,M,37.97
2010,PER_100000_POP,KZAKM,,M,76.88
2010,PER_100000_POP,KZAKT,,M,33.17
2010,PER_100000_POP,KZALM,,M,36.16
2010,PER_100000_POP,KZATY,,M,31.03
2010,PER_100000_POP,KZZAP,,M,47.89
2010,PER_100000_POP,KZZHA,,M,29.19
2010,PER_100000_POP,KZKAR,,M,56.33
2010,PER_100000_POP,KZKUS,,M,67.75
2010,PER_100000_POP,KZKZY,,M,14.44
2010,PER_100000_POP,KZMAN,,M,21.22
2010,PER_100000_POP,KZONT,,M,16.97
2010,PER_100000_POP,KZPAV,,M,47.92
2010,PER_100000_POP,KZSEV,,M,48.33
2010,PER_100000_POP,KZVOS,,M,72.91
2010,PER_100000_POP,KZNS,,M,20.44
2010,PER_100000_POP,KZALA,,M,12.77
2010,PER_100000_POP,,U,M,33.68
2010,PER_100000_POP,KZAKM,U,M,67.59
2010,PER_100000_POP,KZAKT,U,M,28.41
2010,PER_100000_POP,KZALM,U,M,40.21
2010,PER_100000_POP,KZATY,U,M,18.4
2010,PER_100000_POP,KZZAP,U,M,42.86
2010,PER_100000_POP,KZZHA,U,M,27.75
2010,PER_100000_POP,KZKAR,U,M,53.04
2010,PER_100000_POP,KZKUS,U,M,46.09
2010,PER_100000_POP,KZKZY,U,M,10.53
2010,PER_100000_POP,KZMAN,U,M,18.89
2010,PER_100000_POP,KZONT,U,M,16.48
2010,PER_100000_POP,KZPAV,U,M,43.9
2010,PER_100000_POP,KZSEV,U,M,51.0
2010,PER_100000_POP,KZVOS,U,M,64.02
2010,PER_100000_POP,KZNS,U,M,20.44
2010,PER_100000_POP,KZALA,U,M,12.77
2010,PER_100000_POP,,R,M,42.8
2010,PER_100000_POP,KZAKM,R,M,84.52
2010,PER_100000_POP,KZAKT,R,M,40.26
2010,PER_100000_POP,KZALM,R,M,34.97
2010,PER_100000_POP,KZATY,R,M,41.96
2010,PER_100000_POP,KZZAP,R,M,52.09
2010,PER_100000_POP,KZZHA,R,M,30.11
2010,PER_100000_POP,KZKAR,R,M,67.11
2010,PER_100000_POP,KZKUS,R,M,88.12
2010,PER_100000_POP,KZKZY,R,M,17.18
2010,PER_100000_POP,KZMAN,R,M,23.75
2010,PER_100000_POP,KZONT,R,M,17.28
2010,PER_100000_POP,KZPAV,R,M,56.05
2010,PER_100000_POP,KZSEV,R,M,46.67
2010,PER_100000_POP,KZVOS,R,M,84.1
2010,PER_100000_POP,,,F,7.64
2010,PER_100000_POP,KZAKM,,F,13.67
2010,PER_100000_POP,KZAKT,,F,5.0
2010,PER_100000_POP,KZALM,,F,7.41
2010,PER_100000_POP,KZATY,,F,4.84
2010,PER_100000_POP,KZZAP,,F,10.52
2010,PER_100000_POP,KZZHA,,F,6.19
2010,PER_100000_POP,KZKAR,,F,13.2
2010,PER_100000_POP,KZKUS,,F,11.8
2010,PER_100000_POP,KZKZY,,F,2.87
2010,PER_100000_POP,KZMAN,,F,5.4
2010,PER_100000_POP,KZONT,,F,6.07
2010,PER_100000_POP,KZPAV,,F,8.61
2010,PER_100000_POP,KZSEV,,F,6.13
2010,PER_100000_POP,KZVOS,,F,11.03
2010,PER_100000_POP,KZNS,,F,4.34
2010,PER_100000_POP,KZALA,,F,3.29
2010,PER_100000_POP,,U,F,6.78
2010,PER_100000_POP,KZAKM,U,F,14.79
2010,PER_100000_POP,KZAKT,U,F,3.2
2010,PER_100000_POP,KZALM,U,F,5.68
2010,PER_100000_POP,KZATY,U,F,2.29
2010,PER_100000_POP,KZZAP,U,F,9.1
2010,PER_100000_POP,KZZHA,U,F,5.82
2010,PER_100000_POP,KZKAR,U,F,12.06
2010,PER_100000_POP,KZKUS,U,F,9.56
2010,PER_100000_POP,KZKZY,U,F,2.65
2010,PER_100000_POP,KZMAN,U,F,3.56
2010,PER_100000_POP,KZONT,U,F,5.97
2010,PER_100000_POP,KZPAV,U,F,6.89
2010,PER_100000_POP,KZSEV,U,F,6.13
2010,PER_100000_POP,KZVOS,U,F,10.32
2010,PER_100000_POP,KZNS,U,F,4.34
2010,PER_100000_POP,KZALA,U,F,3.29
2010,PER_100000_POP,,R,F,8.73
2010,PER_100000_POP,KZAKM,R,F,12.64
2010,PER_100000_POP,KZAKT,R,F,8.01
2010,PER_100000_POP,KZALM,R,F,7.96
2010,PER_100000_POP,KZATY,R,F,7.27
2010,PER_100000_POP,KZZAP,R,F,11.88
2010,PER_100000_POP,KZZHA,R,F,6.45
2010,PER_100000_POP,KZKAR,R,F,17.5
2010,PER_100000_POP,KZKUS,R,F,14.17
2010,PER_100000_POP,KZKZY,R,F,3.03
2010,PER_100000_POP,KZMAN,R,F,7.56
2010,PER_100000_POP,KZONT,R,F,6.14
2010,PER_100000_POP,KZPAV,R,F,12.6
2010,PER_100000_POP,KZSEV,R,F,6.14
2010,PER_100000_POP,KZVOS,R,F,12.08
2011,PER_100000_POP,,,,20.8
2011,PER_100000_POP,KZAKM,,,34.96
2011,PER_100000_POP,KZAKT,,,17.39
2011,PER_100000_POP,KZALM,,,20.47
2011,PER_100000_POP,KZATY,,,13.4
2011,PER_100000_POP,KZZAP,,,33.75
2011,PER_100000_POP,KZZHA,,,17.89
2011,PER_100000_POP,KZKAR,,,29.0
2011,PER_100000_POP,KZKUS,,,40.99
2011,PER_100000_POP,KZKZY,,,7.22
2011,PER_100000_POP,KZMAN,,,10.65
2011,PER_100000_POP,KZONT,,,10.68
2011,PER_100000_POP,KZPAV,,,32.01
2011,PER_100000_POP,KZSEV,,,17.56
2011,PER_100000_POP,KZVOS,,,36.88
2011,PER_100000_POP,KZNS,,,11.81
2011,PER_100000_POP,KZALA,,,8.24
2011,PER_100000_POP,,U,,18.21
2011,PER_100000_POP,KZAKM,U,,27.77
2011,PER_100000_POP,KZAKT,U,,15.57
2011,PER_100000_POP,KZALM,U,,22.19
2011,PER_100000_POP,KZATY,U,,12.04
2011,PER_100000_POP,KZZAP,U,,26.91
2011,PER_100000_POP,KZZHA,U,,20.36
2011,PER_100000_POP,KZKAR,U,,26.52
2011,PER_100000_POP,KZKUS,U,,31.92
2011,PER_100000_POP,KZKZY,U,,6.02
2011,PER_100000_POP,KZMAN,U,,11.12
2011,PER_100000_POP,KZONT,U,,10.23
2011,PER_100000_POP,KZPAV,U,,25.33
2011,PER_100000_POP,KZSEV,U,,12.57
2011,PER_100000_POP,KZVOS,U,,30.25
2011,PER_100000_POP,KZNS,U,,11.81
2011,PER_100000_POP,KZALA,U,,8.24
2011,PER_100000_POP,,R,,23.93
2011,PER_100000_POP,KZAKM,R,,41.26
2011,PER_100000_POP,KZAKT,R,,20.31
2011,PER_100000_POP,KZALM,R,,19.94
2011,PER_100000_POP,KZATY,R,,14.64
2011,PER_100000_POP,KZZAP,R,,40.08
2011,PER_100000_POP,KZZHA,R,,16.23
2011,PER_100000_POP,KZKAR,R,,37.89
2011,PER_100000_POP,KZKUS,R,,50.26
2011,PER_100000_POP,KZKZY,R,,8.09
2011,PER_100000_POP,KZMAN,R,,10.15
2011,PER_100000_POP,KZONT,R,,10.96
2011,PER_100000_POP,KZPAV,R,,46.68
2011,PER_100000_POP,KZSEV,R,,20.98
2011,PER_100000_POP,KZVOS,R,,46.03
2011,PER_100000_POP,,,M,35.42
2011,PER_100000_POP,KZAKM,,M,59.15
2011,PER_100000_POP,KZAKT,,M,30.03
2011,PER_100000_POP,KZALM,,M,34.69
2011,PER_100000_POP,KZATY,,M,24.68
2011,PER_100000_POP,KZZAP,,M,57.37
2011,PER_100000_POP,KZZHA,,M,29.62
2011,PER_100000_POP,KZKAR,,M,50.94
2011,PER_100000_POP,KZKUS,,M,72.19
2011,PER_100000_POP,KZKZY,,M,12.48
2011,PER_100000_POP,KZMAN,,M,14.7
2011,PER_100000_POP,KZONT,,M,16.51
2011,PER_100000_POP,KZPAV,,M,54.08
2011,PER_100000_POP,KZSEV,,M,30.07
2011,PER_100000_POP,KZVOS,,M,65.41
2011,PER_100000_POP,KZNS,,M,20.34
2011,PER_100000_POP,KZALA,,M,14.99
2011,PER_100000_POP,,U,M,31.55
2011,PER_100000_POP,KZAKM,U,M,48.13
2011,PER_100000_POP,KZAKT,U,M,26.5
2011,PER_100000_POP,KZALM,U,M,38.14
2011,PER_100000_POP,KZATY,U,M,23.61
2011,PER_100000_POP,KZZAP,U,M,43.41
2011,PER_100000_POP,KZZHA,U,M,34.66
2011,PER_100000_POP,KZKAR,U,M,46.58
2011,PER_100000_POP,KZKUS,U,M,57.58
2011,PER_100000_POP,KZKZY,U,M,9.62
2011,PER_100000_POP,KZMAN,U,M,15.48
2011,PER_100000_POP,KZONT,U,M,16.36
2011,PER_100000_POP,KZPAV,U,M,42.8
2011,PER_100000_POP,KZSEV,U,M,23.16
2011,PER_100000_POP,KZVOS,U,M,55.64
2011,PER_100000_POP,KZNS,U,M,20.34
2011,PER_100000_POP,KZALA,U,M,14.99
2011,PER_100000_POP,,R,M,39.81
2011,PER_100000_POP,KZAKM,R,M,68.26
2011,PER_100000_POP,KZAKT,R,M,35.36
2011,PER_100000_POP,KZALM,R,M,33.68
2011,PER_100000_POP,KZATY,R,M,25.62
2011,PER_100000_POP,KZZAP,R,M,69.34
2011,PER_100000_POP,KZZHA,R,M,26.42
2011,PER_100000_POP,KZKAR,R,M,65.42
2011,PER_100000_POP,KZKUS,R,M,86.18
2011,PER_100000_POP,KZKZY,R,M,14.49
2011,PER_100000_POP,KZMAN,R,M,13.88
2011,PER_100000_POP,KZONT,R,M,16.61
2011,PER_100000_POP,KZPAV,R,M,77.18
2011,PER_100000_POP,KZSEV,R,M,34.43
2011,PER_100000_POP,KZVOS,R,M,77.87
2011,PER_100000_POP,,,F,7.18
2011,PER_100000_POP,KZAKM,,F,12.4
2011,PER_100000_POP,KZAKT,,F,5.67
2011,PER_100000_POP,KZALM,,F,6.75
2011,PER_100000_POP,KZATY,,F,2.55
2011,PER_100000_POP,KZZAP,,F,11.71
2011,PER_100000_POP,KZZHA,,F,6.69
2011,PER_100000_POP,KZKAR,,F,9.37
2011,PER_100000_POP,KZKUS,,F,13.12
2011,PER_100000_POP,KZKZY,,F,1.98
2011,PER_100000_POP,KZMAN,,F,6.68
2011,PER_100000_POP,KZONT,,F,4.96
2011,PER_100000_POP,KZPAV,,F,12.39
2011,PER_100000_POP,KZSEV,,F,6.18
2011,PER_100000_POP,KZVOS,,F,11.05
2011,PER_100000_POP,KZNS,,F,3.77
2011,PER_100000_POP,KZALA,,F,2.57
2011,PER_100000_POP,,U,F,6.46
2011,PER_100000_POP,KZAKM,U,F,9.88
2011,PER_100000_POP,KZAKT,U,F,5.88
2011,PER_100000_POP,KZALM,U,F,7.77
2011,PER_100000_POP,KZATY,U,F,1.49
2011,PER_100000_POP,KZZAP,U,F,12.69
2011,PER_100000_POP,KZZHA,U,F,7.61
2011,PER_100000_POP,KZKAR,U,F,9.16
2011,PER_100000_POP,KZKUS,U,F,10.34
2011,PER_100000_POP,KZKZY,U,F,2.61
2011,PER_100000_POP,KZMAN,U,F,6.98
2011,PER_100000_POP,KZONT,U,F,4.55
2011,PER_100000_POP,KZPAV,U,F,10.46
2011,PER_100000_POP,KZSEV,U,F,3.82
2011,PER_100000_POP,KZVOS,U,F,8.68
2011,PER_100000_POP,KZNS,U,F,3.77
2011,PER_100000_POP,KZALA,U,F,2.57
2011,PER_100000_POP,,R,F,8.11
2011,PER_100000_POP,KZAKM,R,F,14.73
2011,PER_100000_POP,KZAKT,R,F,5.32
2011,PER_100000_POP,KZALM,R,F,6.43
2011,PER_100000_POP,KZATY,R,F,3.58
2011,PER_100000_POP,KZZAP,R,F,10.74
2011,PER_100000_POP,KZZHA,R,F,6.04
2011,PER_100000_POP,KZKAR,R,F,10.18
2011,PER_100000_POP,KZKUS,R,F,16.11
2011,PER_100000_POP,KZKZY,R,F,1.49
2011,PER_100000_POP,KZMAN,R,F,6.33
2011,PER_100000_POP,KZONT,R,F,5.24
2011,PER_100000_POP,KZPAV,R,F,16.92
2011,PER_100000_POP,KZSEV,R,F,7.93
2011,PER_100000_POP,KZVOS,R,F,14.57
2012,PER_100000_POP,,,,19.68
2012,PER_100000_POP,KZAKM,,,35.24
2012,PER_100000_POP,KZAKT,,,21.49
2012,PER_100000_POP,KZALM,,,21.11
2012,PER_100000_POP,KZATY,,,17.48
2012,PER_100000_POP,KZZAP,,,32.19
2012,PER_100000_POP,KZZHA,,,14.49
2012,PER_100000_POP,KZKAR,,,26.83
2012,PER_100000_POP,KZKUS,,,38.87
2012,PER_100000_POP,KZKZY,,,14.17
2012,PER_100000_POP,KZMAN,,,5.21
2012,PER_100000_POP,KZONT,,,11.66
2012,PER_100000_POP,KZPAV,,,28.34
2012,PER_100000_POP,KZSEV,,,8.42
2012,PER_100000_POP,KZVOS,,,30.91
2012,PER_100000_POP,KZNS,,,10.12
2012,PER_100000_POP,KZALA,,,7.25
2012,PER_100000_POP,,U,,17.11
2012,PER_100000_POP,KZAKM,U,,29.15
2012,PER_100000_POP,KZAKT,U,,16.19
2012,PER_100000_POP,KZALM,U,,23.87
2012,PER_100000_POP,KZATY,U,,16.26
2012,PER_100000_POP,KZZAP,U,,24.99
2012,PER_100000_POP,KZZHA,U,,13.41
2012,PER_100000_POP,KZKAR,U,,24.39
2012,PER_100000_POP,KZKUS,U,,31.87
2012,PER_100000_POP,KZKZY,U,,15.69
2012,PER_100000_POP,KZMAN,U,,6.32
2012,PER_100000_POP,KZONT,U,,12.15
2012,PER_100000_POP,KZPAV,U,,25.37
2012,PER_100000_POP,KZSEV,U,,3.77
2012,PER_100000_POP,KZVOS,U,,24.09
2012,PER_100000_POP,KZNS,U,,10.12
2012,PER_100000_POP,KZALA,U,,7.25
2012,PER_100000_POP,,R,,22.8
2012,PER_100000_POP,KZAKM,R,,40.61
2012,PER_100000_POP,KZAKT,R,,30.0
2012,PER_100000_POP,KZALM,R,,20.28
2012,PER_100000_POP,KZATY,R,,18.62
2012,PER_100000_POP,KZZAP,R,,39.04
2012,PER_100000_POP,KZZHA,R,,15.21
2012,PER_100000_POP,KZKAR,R,,35.65
2012,PER_100000_POP,KZKUS,R,,46.16
2012,PER_100000_POP,KZKZY,R,,13.05
2012,PER_100000_POP,KZMAN,R,,4.04
2012,PER_100000_POP,KZONT,R,,11.34
2012,PER_100000_POP,KZPAV,R,,34.95
2012,PER_100000_POP,KZSEV,R,,11.67
2012,PER_100000_POP,KZVOS,R,,40.46
2012,PER_100000_POP,,,M,33.76
2012,PER_100000_POP,KZAKM,,M,62.23
2012,PER_100000_POP,KZAKT,,M,38.58
2012,PER_100000_POP,KZALM,,M,35.81
2012,PER_100000_POP,KZATY,,M,33.06
2012,PER_100000_POP,KZZAP,,M,58.94
2012,PER_100000_POP,KZZHA,,M,23.47
2012,PER_100000_POP,KZKAR,,M,44.51
2012,PER_100000_POP,KZKUS,,M,70.78
2012,PER_100000_POP,KZKZY,,M,22.81
2012,PER_100000_POP,KZMAN,,M,8.68
2012,PER_100000_POP,KZONT,,M,16.83
2012,PER_100000_POP,KZPAV,,M,50.83
2012,PER_100000_POP,KZSEV,,M,16.24
2012,PER_100000_POP,KZVOS,,M,54.0
2012,PER_100000_POP,KZNS,,M,17.69
2012,PER_100000_POP,KZALA,,M,13.36
2012,PER_100000_POP,,U,M,29.98
2012,PER_100000_POP,KZAKM,U,M,53.56
2012,PER_100000_POP,KZAKT,U,M,26.99
2012,PER_100000_POP,KZALM,U,M,40.34
2012,PER_100000_POP,KZATY,U,M,31.69
2012,PER_100000_POP,KZZAP,U,M,47.57
2012,PER_100000_POP,KZZHA,U,M,21.92
2012,PER_100000_POP,KZKAR,U,M,40.84
2012,PER_100000_POP,KZKUS,U,M,59.48
2012,PER_100000_POP,KZKZY,U,M,28.15
2012,PER_100000_POP,KZMAN,U,M,10.81
2012,PER_100000_POP,KZONT,U,M,18.61
2012,PER_100000_POP,KZPAV,U,M,46.74
2012,PER_100000_POP,KZSEV,U,M,8.33
2012,PER_100000_POP,KZVOS,U,M,42.77
2012,PER_100000_POP,KZNS,U,M,17.69
2012,PER_100000_POP,KZALA,U,M,13.36
2012,PER_100000_POP,,R,M,38.07
2012,PER_100000_POP,KZAKM,R,M,69.44
2012,PER_100000_POP,KZAKT,R,M,56.15
2012,PER_100000_POP,KZALM,R,M,34.49
2012,PER_100000_POP,KZATY,R,M,34.27
2012,PER_100000_POP,KZZAP,R,M,68.92
2012,PER_100000_POP,KZZHA,R,M,24.44
2012,PER_100000_POP,KZKAR,R,M,56.77
2012,PER_100000_POP,KZKUS,R,M,81.81
2012,PER_100000_POP,KZKZY,R,M,19.03
2012,PER_100000_POP,KZMAN,R,M,6.54
2012,PER_100000_POP,KZONT,R,M,15.74
2012,PER_100000_POP,KZPAV,R,M,59.32
2012,PER_100000_POP,KZSEV,R,M,21.3
2012,PER_100000_POP,KZVOS,R,M,68.53
2012,PER_100000_POP,,,F,6.56
2012,PER_100000_POP,KZAKM,,F,10.04
2012,PER_100000_POP,KZAKT,,F,5.61
2012,PER_100000_POP,KZALM,,F,6.93
2012,PER_100000_POP,KZATY,,F,2.5
2012,PER_100000_POP,KZZAP,,F,7.23
2012,PER_100000_POP,KZZHA,,F,5.89
2012,PER_100000_POP,KZKAR,,F,11.01
2012,PER_100000_POP,KZKUS,,F,10.33
2012,PER_100000_POP,KZKZY,,F,5.55
2012,PER_100000_POP,KZMAN,,F,1.78
2012,PER_100000_POP,KZONT,,F,6.58
2012,PER_100000_POP,KZPAV,,F,8.33
2012,PER_100000_POP,KZSEV,,F,1.31
2012,PER_100000_POP,KZVOS,,F,9.98
2012,PER_100000_POP,KZNS,,F,3.05
2012,PER_100000_POP,KZALA,,F,2.14
2012,PER_100000_POP,,U,F,5.78
2012,PER_100000_POP,KZAKM,U,F,7.67
2012,PER_100000_POP,KZAKT,U,F,6.59
2012,PER_100000_POP,KZALM,U,F,8.93
2012,PER_100000_POP,KZATY,U,F,2.17
2012,PER_100000_POP,KZZAP,U,F,5.58
2012,PER_100000_POP,KZZHA,U,F,5.79
2012,PER_100000_POP,KZKAR,U,F,10.15
2012,PER_100000_POP,KZKUS,U,F,8.62
2012,PER_100000_POP,KZKZY,U,F,3.83
2012,PER_100000_POP,KZMAN,U,F,2.05
2012,PER_100000_POP,KZONT,U,F,6.14
2012,PER_100000_POP,KZPAV,U,F,7.17
2012,PER_100000_POP,KZSEV,U,F,0.0
2012,PER_100000_POP,KZVOS,U,F,8.19
2012,PER_100000_POP,KZNS,U,F,3.05
2012,PER_100000_POP,KZALA,U,F,2.14
2012,PER_100000_POP,,R,F,7.55
2012,PER_100000_POP,KZAKM,R,F,12.24
2012,PER_100000_POP,KZAKT,R,F,3.95
2012,PER_100000_POP,KZALM,R,F,6.3
2012,PER_100000_POP,KZATY,R,F,2.82
2012,PER_100000_POP,KZZAP,R,F,8.92
2012,PER_100000_POP,KZZHA,R,F,5.96
2012,PER_100000_POP,KZKAR,R,F,14.33
2012,PER_100000_POP,KZKUS,R,F,12.22
2012,PER_100000_POP,KZKZY,R,F,6.88
2012,PER_100000_POP,KZMAN,R,F,1.49
2012,PER_100000_POP,KZONT,R,F,6.88
2012,PER_100000_POP,KZPAV,R,F,11.1
2012,PER_100000_POP,KZSEV,R,F,2.3
2012,PER_100000_POP,KZVOS,R,F,12.68
2013,PER_100000_POP,,,,20.67
2013,PER_100000_POP,KZAKM,,,37.05
2013,PER_100000_POP,KZAKT,,,20.94
2013,PER_100000_POP,KZALM,,,22.28
2013,PER_100000_POP,KZATY,,,19.77
2013,PER_100000_POP,KZZAP,,,26.41
2013,PER_100000_POP,KZZHA,,,19.59
2013,PER_100000_POP,KZKAR,,,25.76
2013,PER_100000_POP,KZKUS,,,42.25
2013,PER_100000_POP,KZKZY,,,16.91
2013,PER_100000_POP,KZMAN,,,12.47
2013,PER_100000_POP,KZONT,,,13.53
2013,PER_100000_POP,KZPAV,,,25.43
2013,PER_100000_POP,KZSEV,,,10.56
2013,PER_100000_POP,KZVOS,,,31.27
2013,PER_100000_POP,KZNS,,,12.56
2013,PER_100000_POP,KZALA,,,5.63
2013,PER_100000_POP,,U,,17.71
2013,PER_100000_POP,KZAKM,U,,32.72
2013,PER_100000_POP,KZAKT,U,,17.99
2013,PER_100000_POP,KZALM,U,,26.16
2013,PER_100000_POP,KZATY,U,,17.62
2013,PER_100000_POP,KZZAP,U,,22.94
2013,PER_100000_POP,KZZHA,U,,22.68
2013,PER_100000_POP,KZKAR,U,,21.81
2013,PER_100000_POP,KZKUS,U,,33.34
2013,PER_100000_POP,KZKZY,U,,15.32
2013,PER_100000_POP,KZMAN,U,,13.43
2013,PER_100000_POP,KZONT,U,,12.56
2013,PER_100000_POP,KZPAV,U,,22.62
2013,PER_100000_POP,KZSEV,U,,3.75
2013,PER_100000_POP,KZVOS,U,,25.03
2013,PER_100000_POP,KZNS,U,,12.56
2013,PER_100000_POP,KZALA,U,,5.63
2013,PER_100000_POP,,R,,24.28
2013,PER_100000_POP,KZAKM,R,,40.89
2013,PER_100000_POP,KZAKT,R,,25.68
2013,PER_100000_POP,KZALM,R,,21.11
2013,PER_100000_POP,KZATY,R,,21.71
2013,PER_100000_POP,KZZAP,R,,29.76
2013,PER_100000_POP,KZZHA,R,,17.52
2013,PER_100000_POP,KZKAR,R,,40.24
2013,PER_100000_POP,KZKUS,R,,51.68
2013,PER_100000_POP,KZKZY,R,,18.1
2013,PER_100000_POP,KZMAN,R,,11.49
2013,PER_100000_POP,KZONT,R,,14.15
2013,PER_100000_POP,KZPAV,R,,31.82
2013,PER_100000_POP,KZSEV,R,,15.41
2013,PER_100000_POP,KZVOS,R,,40.17
2013,PER_100000_POP,,,M,34.6
2013,PER_100000_POP,KZAKM,,M,61.76
2013,PER_100000_POP,KZAKT,,M,36.44
2013,PER_100000_POP,KZALM,,M,36.16
2013,PER_100000_POP,KZATY,,M,33.04
2013,PER_100000_POP,KZZAP,,M,46.7
2013,PER_100000_POP,KZZHA,,M,32.62
2013,PER_100000_POP,KZKAR,,M,43.99
2013,PER_100000_POP,KZKUS,,M,74.32
2013,PER_100000_POP,KZKZY,,M,26.49
2013,PER_100000_POP,KZMAN,,M,20.23
2013,PER_100000_POP,KZONT,,M,20.26
2013,PER_100000_POP,KZPAV,,M,43.82
2013,PER_100000_POP,KZSEV,,M,19.26
2013,PER_100000_POP,KZVOS,,M,54.59
2013,PER_100000_POP,KZNS,,M,21.33
2013,PER_100000_POP,KZALA,,M,8.98
2013,PER_100000_POP,,U,M,30.11
2013,PER_100000_POP,KZAKM,U,M,55.05
2013,PER_100000_POP,KZAKT,U,M,32.13
2013,PER_100000_POP,KZALM,U,M,45.28
2013,PER_100000_POP,KZATY,U,M,29.07
2013,PER_100000_POP,KZZAP,U,M,39.69
2013,PER_100000_POP,KZZHA,U,M,39.19
2013,PER_100000_POP,KZKAR,U,M,37.34
2013,PER_100000_POP,KZKUS,U,M,61.35
2013,PER_100000_POP,KZKZY,U,M,22.89
2013,PER_100000_POP,KZMAN,U,M,21.21
2013,PER_100000_POP,KZONT,U,M,18.59
2013,PER_100000_POP,KZPAV,U,M,38.75
2013,PER_100000_POP,KZSEV,U,M,8.28
2013,PER_100000_POP,KZVOS,U,M,44.31
2013,PER_100000_POP,KZNS,U,M,21.33
2013,PER_100000_POP,KZALA,U,M,8.98
2013,PER_100000_POP,,R,M,39.74
2013,PER_100000_POP,KZAKM,R,M,67.38
2013,PER_100000_POP,KZAKT,R,M,43.0
2013,PER_100000_POP,KZALM,R,M,33.52
2013,PER_100000_POP,KZATY,R,M,36.45
2013,PER_100000_POP,KZZAP,R,M,52.93
2013,PER_100000_POP,KZZHA,R,M,28.46
2013,PER_100000_POP,KZKAR,R,M,66.45
2013,PER_100000_POP,KZKUS,R,M,87.17
2013,PER_100000_POP,KZKZY,R,M,29.06
2013,PER_100000_POP,KZMAN,R,M,19.27
2013,PER_100000_POP,KZONT,R,M,21.3
2013,PER_100000_POP,KZPAV,R,M,54.51
2013,PER_100000_POP,KZSEV,R,M,26.42
2013,PER_100000_POP,KZVOS,R,M,68.13
2013,PER_100000_POP,,,F,7.68
2013,PER_100000_POP,KZAKM,,F,13.96
2013,PER_100000_POP,KZAKT,,F,6.5
2013,PER_100000_POP,KZALM,,F,8.9
2013,PER_100000_POP,KZATY,,F,6.99
2013,PER_100000_POP,KZZAP,,F,7.47
2013,PER_100000_POP,KZZHA,,F,7.09
2013,PER_100000_POP,KZKAR,,F,9.44
2013,PER_100000_POP,KZKUS,,F,13.56
2013,PER_100000_POP,KZKZY,,F,7.36
2013,PER_100000_POP,KZMAN,,F,4.81
2013,PER_100000_POP,KZONT,,F,6.89
2013,PER_100000_POP,KZPAV,,F,9.06
2013,PER_100000_POP,KZSEV,,F,2.64
2013,PER_100000_POP,KZVOS,,F,10.12
2013,PER_100000_POP,KZNS,,F,4.37
2013,PER_100000_POP,KZALA,,F,2.83
2013,PER_100000_POP,,U,F,6.78
2013,PER_100000_POP,KZAKM,U,F,13.07
2013,PER_100000_POP,KZAKT,U,F,5.36
2013,PER_100000_POP,KZALM,U,F,8.81
2013,PER_100000_POP,KZATY,U,F,7.17
2013,PER_100000_POP,KZZAP,U,F,8.54
2013,PER_100000_POP,KZZHA,U,F,7.89
2013,PER_100000_POP,KZKAR,U,F,8.35
2013,PER_100000_POP,KZKUS,U,F,9.76
2013,PER_100000_POP,KZKZY,U,F,8.1
2013,PER_100000_POP,KZMAN,U,F,6.04
2013,PER_100000_POP,KZONT,U,F,6.94
2013,PER_100000_POP,KZPAV,U,F,8.88
2013,PER_100000_POP,KZSEV,U,F,0.0
2013,PER_100000_POP,KZVOS,U,F,8.59
2013,PER_100000_POP,KZNS,U,F,4.37
2013,PER_100000_POP,KZALA,U,F,2.83
2013,PER_100000_POP,,R,F,8.85
2013,PER_100000_POP,KZAKM,R,F,14.8
2013,PER_100000_POP,KZAKT,R,F,8.43
2013,PER_100000_POP,KZALM,R,F,8.92
2013,PER_100000_POP,KZATY,R,F,6.82
2013,PER_100000_POP,KZZAP,R,F,6.36
2013,PER_100000_POP,KZZHA,R,F,6.53
2013,PER_100000_POP,KZKAR,R,F,13.72
2013,PER_100000_POP,KZKUS,R,F,17.82
2013,PER_100000_POP,KZKZY,R,F,6.78
2013,PER_100000_POP,KZMAN,R,F,3.52
2013,PER_100000_POP,KZONT,R,F,6.86
2013,PER_100000_POP,KZPAV,R,F,9.51
2013,PER_100000_POP,KZSEV,R,F,4.68
2013,PER_100000_POP,KZVOS,R,F,12.46
2014,PER_100000_POP,,,,18.1
2014,PER_100000_POP,KZAKM,,,36.54
2014,PER_100000_POP,KZAKT,,,18.14
2014,PER_100000_POP,KZALM,,,21.44
2014,PER_100000_POP,KZATY,,,16.01
2014,PER_100000_POP,KZZAP,,,23.76
2014,PER_100000_POP,KZZHA,,,17.04
2014,PER_100000_POP,KZKAR,,,26.57
2014,PER_100000_POP,KZKUS,,,31.66
2014,PER_100000_POP,KZKZY,,,9.38
2014,PER_100000_POP,KZMAN,,,8.37
2014,PER_100000_POP,KZONT,,,13.11
2014,PER_100000_POP,KZPAV,,,13.52
2014,PER_100000_POP,KZSEV,,,11.33
2014,PER_100000_POP,KZVOS,,,28.32
2014,PER_100000_POP,KZNS,,,8.4
2014,PER_100000_POP,KZALA,,,6.71
2014,PER_100000_POP,,U,,14.85
2014,PER_100000_POP,KZAKM,U,,30.56
2014,PER_100000_POP,KZAKT,U,,13.27
2014,PER_100000_POP,KZALM,U,,21.4
2014,PER_100000_POP,KZATY,U,,12.6
2014,PER_100000_POP,KZZAP,U,,23.24
2014,PER_100000_POP,KZZHA,U,,15.47
2014,PER_100000_POP,KZKAR,U,,24.2
2014,PER_100000_POP,KZKUS,U,,24.7
2014,PER_100000_POP,KZKZY,U,,11.53
2014,PER_100000_POP,KZMAN,U,,7.48
2014,PER_100000_POP,KZONT,U,,9.58
2014,PER_100000_POP,KZPAV,U,,12.32
2014,PER_100000_POP,KZSEV,U,,6.19
2014,PER_100000_POP,KZVOS,U,,22.06
2014,PER_100000_POP,KZNS,U,,8.4
2014,PER_100000_POP,KZALA,U,,6.71
2014,PER_100000_POP,,R,,22.2
2014,PER_100000_POP,KZAKM,R,,41.88
2014,PER_100000_POP,KZAKT,R,,26.04
2014,PER_100000_POP,KZALM,R,,21.46
2014,PER_100000_POP,KZATY,R,,19.03
2014,PER_100000_POP,KZZAP,R,,24.27
2014,PER_100000_POP,KZZHA,R,,18.1
2014,PER_100000_POP,KZKAR,R,,35.39
2014,PER_100000_POP,KZKUS,R,,39.18
2014,PER_100000_POP,KZKZY,R,,7.76
2014,PER_100000_POP,KZMAN,R,,9.16
2014,PER_100000_POP,KZONT,R,,15.67
2014,PER_100000_POP,KZPAV,R,,16.31
2014,PER_100000_POP,KZSEV,R,,15.08
2014,PER_100000_POP,KZVOS,R,,37.37
2014,PER_100000_POP,,,M,30.75
2014,PER_100000_POP,KZAKM,,M,64.7
2014,PER_100000_POP,KZAKT,,M,31.49
2014,PER_100000_POP,KZALM,,M,36.12
2014,PER_100000_POP,KZATY,,M,26.24
2014,PER_100000_POP,KZZAP,,M,40.28
2014,PER_100000_POP,KZZHA,,M,27.1
2014,PER_100000_POP,KZKAR,,M,44.65
2014,PER_100000_POP,KZKUS,,M,57.89
2014,PER_100000_POP,KZKZY,,M,15.02
2014,PER_100000_POP,KZMAN,,M,13.14
2014,PER_100000_POP,KZONT,,M,20.94
2014,PER_100000_POP,KZPAV,,M,22.78
2014,PER_100000_POP,KZSEV,,M,19.75
2014,PER_100000_POP,KZVOS,,M,49.26
2014,PER_100000_POP,KZNS,,M,14.42
2014,PER_100000_POP,KZALA,,M,12.45
2014,PER_100000_POP,,U,M,25.78
2014,PER_100000_POP,KZAKM,U,M,54.17
2014,PER_100000_POP,KZAKT,U,M,24.31
2014,PER_100000_POP,KZALM,U,M,38.85
2014,PER_100000_POP,KZATY,U,M,18.63
2014,PER_100000_POP,KZZAP,U,M,38.35
2014,PER_100000_POP,KZZHA,U,M,26.94
2014,PER_100000_POP,KZKAR,U,M,41.35
2014,PER_100000_POP,KZKUS,U,M,44.92
2014,PER_100000_POP,KZKZY,U,M,17.86
2014,PER_100000_POP,KZMAN,U,M,12.27
2014,PER_100000_POP,KZONT,U,M,16.75
2014,PER_100000_POP,KZPAV,U,M,20.59
2014,PER_100000_POP,KZSEV,U,M,11.86
2014,PER_100000_POP,KZVOS,U,M,38.16
2014,PER_100000_POP,KZNS,U,M,14.42
2014,PER_100000_POP,KZALA,U,M,12.45
2014,PER_100000_POP,,R,M,36.62
2014,PER_100000_POP,KZAKM,R,M,73.55
2014,PER_100000_POP,KZAKT,R,M,42.53
2014,PER_100000_POP,KZALM,R,M,35.27
2014,PER_100000_POP,KZATY,R,M,32.64
2014,PER_100000_POP,KZZAP,R,M,42.02
2014,PER_100000_POP,KZZHA,R,M,27.2
2014,PER_100000_POP,KZKAR,R,M,55.96
2014,PER_100000_POP,KZKUS,R,M,71.0
2014,PER_100000_POP,KZKZY,R,M,12.96
2014,PER_100000_POP,KZMAN,R,M,13.91
2014,PER_100000_POP,KZONT,R,M,23.85
2014,PER_100000_POP,KZPAV,R,M,27.48
2014,PER_100000_POP,KZSEV,R,M,25.03
2014,PER_100000_POP,KZVOS,R,M,64.11
2014,PER_100000_POP,,,F,6.3
2014,PER_100000_POP,KZAKM,,F,10.25
2014,PER_100000_POP,KZAKT,,F,5.69
2014,PER_100000_POP,KZALM,,F,7.26
2014,PER_100000_POP,KZATY,,F,6.15
2014,PER_100000_POP,KZZAP,,F,8.33
2014,PER_100000_POP,KZZHA,,F,7.37
2014,PER_100000_POP,KZKAR,,F,10.35
2014,PER_100000_POP,KZKUS,,F,8.17
2014,PER_100000_POP,KZKZY,,F,3.75
2014,PER_100000_POP,KZMAN,,F,3.66
2014,PER_100000_POP,KZONT,,F,5.4
2014,PER_100000_POP,KZPAV,,F,5.27
2014,PER_100000_POP,KZSEV,,F,3.66
2014,PER_100000_POP,KZVOS,,F,9.3
2014,PER_100000_POP,KZNS,,F,2.78
2014,PER_100000_POP,KZALA,,F,1.9
2014,PER_100000_POP,,U,F,5.18
2014,PER_100000_POP,KZAKM,U,F,9.76
2014,PER_100000_POP,KZAKT,U,F,3.38
2014,PER_100000_POP,KZALM,U,F,5.5
2014,PER_100000_POP,KZATY,U,F,7.09
2014,PER_100000_POP,KZZAP,U,F,10.22
2014,PER_100000_POP,KZZHA,U,F,5.18
2014,PER_100000_POP,KZKAR,U,F,9.31
2014,PER_100000_POP,KZKUS,U,F,7.65
2014,PER_100000_POP,KZKZY,U,F,5.48
2014,PER_100000_POP,KZMAN,U,F,2.82
2014,PER_100000_POP,KZONT,U,F,2.85
2014,PER_100000_POP,KZPAV,U,F,5.27
2014,PER_100000_POP,KZSEV,U,F,1.51
2014,PER_100000_POP,KZVOS,U,F,8.31
2014,PER_100000_POP,KZNS,U,F,2.78
2014,PER_100000_POP,KZALA,U,F,1.9
2014,PER_100000_POP,,R,F,7.79
2014,PER_100000_POP,KZAKM,R,F,10.71
2014,PER_100000_POP,KZAKT,R,F,9.62
2014,PER_100000_POP,KZALM,R,F,7.85
2014,PER_100000_POP,KZATY,R,F,5.28
2014,PER_100000_POP,KZZAP,R,F,6.33
2014,PER_100000_POP,KZZHA,R,F,8.93
2014,PER_100000_POP,KZKAR,R,F,14.53
2014,PER_100000_POP,KZKUS,R,F,8.77
2014,PER_100000_POP,KZKZY,R,F,2.39
2014,PER_100000_POP,KZMAN,R,F,4.42
2014,PER_100000_POP,KZONT,R,F,7.32
2014,PER_100000_POP,KZPAV,R,F,5.26
2014,PER_100000_POP,KZSEV,R,F,5.36
2014,PER_100000_POP,KZVOS,R,F,10.84
2015,PER_100000_POP,,,,16.52
2015,PER_100000_POP,KZAKM,,,33.9
2015,PER_100000_POP,KZAKT,,,20.39
2015,PER_100000_POP,KZALM,,,17.37
2015,PER_100000_POP,KZATY,,,18.37
2015,PER_100000_POP,KZZAP,,,19.1
2015,PER_100000_POP,KZZHA,,,12.76
2015,PER_100000_POP,KZKAR,,,22.87
2015,PER_100000_POP,KZKUS,,,36.82
2015,PER_100000_POP,KZKZY,,,7.38
2015,PER_100000_POP,KZMAN,,,8.11
2015,PER_100000_POP,KZONT,,,11.12
2015,PER_100000_POP,KZPAV,,,4.89
2015,PER_100000_POP,KZSEV,,,16.65
2015,PER_100000_POP,KZVOS,,,26.72
2015,PER_100000_POP,KZNS,,,12.98
2015,PER_100000_POP,KZALA,,,5.68
2015,PER_100000_POP,,U,,13.49
2015,PER_100000_POP,KZAKM,U,,30.06
2015,PER_100000_POP,KZAKT,U,,19.19
2015,PER_100000_POP,KZALM,U,,14.94
2015,PER_100000_POP,KZATY,U,,13.27
2015,PER_100000_POP,KZZAP,U,,15.24
2015,PER_100000_POP,KZZHA,U,,14.57
2015,PER_100000_POP,KZKAR,U,,21.79
2015,PER_100000_POP,KZKUS,U,,27.81
2015,PER_100000_POP,KZKZY,U,,8.5
2015,PER_100000_POP,KZMAN,U,,7.04
2015,PER_100000_POP,KZONT,U,,6.89
2015,PER_100000_POP,KZPAV,U,,3.19
2015,PER_100000_POP,KZSEV,U,,12.19
2015,PER_100000_POP,KZVOS,U,,19.36
2015,PER_100000_POP,KZNS,U,,12.98
2015,PER_100000_POP,KZALA,U,,5.68
2015,PER_100000_POP,,R,,20.48
2015,PER_100000_POP,KZAKM,R,,37.32
2015,PER_100000_POP,KZAKT,R,,22.38
2015,PER_100000_POP,KZALM,R,,18.14
2015,PER_100000_POP,KZATY,R,,22.97
2015,PER_100000_POP,KZZAP,R,,22.91
2015,PER_100000_POP,KZZHA,R,,11.54
2015,PER_100000_POP,KZKAR,R,,26.99
2015,PER_100000_POP,KZKUS,R,,46.79
2015,PER_100000_POP,KZKZY,R,,6.52
2015,PER_100000_POP,KZMAN,R,,8.93
2015,PER_100000_POP,KZONT,R,,14.56
2015,PER_100000_POP,KZPAV,R,,8.89
2015,PER_100000_POP,KZSEV,R,,20.02
2015,PER_100000_POP,KZVOS,R,,37.59
2015,PER_100000_POP,,,M,27.87
2015,PER_100000_POP,KZAKM,,M,57.3
2015,PER_100000_POP,KZAKT,,M,37.21
2015,PER_100000_POP,KZALM,,M,27.2
2015,PER_100000_POP,KZATY,,M,30.47
2015,PER_100000_POP,KZZAP,,M,33.98
2015,PER_100000_POP,KZZHA,,M,21.77
2015,PER_100000_POP,KZKAR,,M,39.17
2015,PER_100000_POP,KZKUS,,M,63.5
2015,PER_100000_POP,KZKZY,,M,12.65
2015,PER_100000_POP,KZMAN,,M,13.69
2015,PER_100000_POP,KZONT,,M,17.3
2015,PER_100000_POP,KZPAV,,M,7.28
2015,PER_100000_POP,KZSEV,,M,27.2
2015,PER_100000_POP,KZVOS,,M,46.8
2015,PER_100000_POP,KZNS,,M,22.59
2015,PER_100000_POP,KZALA,,M,10.72
2015,PER_100000_POP,,U,M,23.09
2015,PER_100000_POP,KZAKM,U,M,51.31
2015,PER_100000_POP,KZAKT,U,M,34.39
2015,PER_100000_POP,KZALM,U,M,23.28
2015,PER_100000_POP,KZATY,U,M,22.49
2015,PER_100000_POP,KZZAP,U,M,26.75
2015,PER_100000_POP,KZZHA,U,M,25.56
2015,PER_100000_POP,KZKAR,U,M,37.41
2015,PER_100000_POP,KZKUS,U,M,49.91
2015,PER_100000_POP,KZKZY,U,M,14.91
2015,PER_100000_POP,KZMAN,U,M,11.83
2015,PER_100000_POP,KZONT,U,M,10.91
2015,PER_100000_POP,KZPAV,U,M,4.08
2015,PER_100000_POP,KZSEV,U,M,19.73
2015,PER_100000_POP,KZVOS,U,M,32.61
2015,PER_100000_POP,KZNS,U,M,22.59
2015,PER_100000_POP,KZALA,U,M,10.72
2015,PER_100000_POP,,R,M,33.75
2015,PER_100000_POP,KZAKM,R,M,62.36
2015,PER_100000_POP,KZAKT,R,M,41.64
2015,PER_100000_POP,KZALM,R,M,28.4
2015,PER_100000_POP,KZATY,R,M,37.31
2015,PER_100000_POP,KZZAP,R,M,40.54
2015,PER_100000_POP,KZZHA,R,M,19.35
2015,PER_100000_POP,KZKAR,R,M,45.29
2015,PER_100000_POP,KZKUS,R,M,77.6
2015,PER_100000_POP,KZKZY,R,M,10.99
2015,PER_100000_POP,KZMAN,R,M,15.16
2015,PER_100000_POP,KZONT,R,M,22.3
2015,PER_100000_POP,KZPAV,R,M,14.28
2015,PER_100000_POP,KZSEV,R,M,32.38
2015,PER_100000_POP,KZVOS,R,M,66.13
2015,PER_100000_POP,,,F,5.9
2015,PER_100000_POP,KZAKM,,F,12.02
2015,PER_100000_POP,KZAKT,,F,4.67
2015,PER_100000_POP,KZALM,,F,7.84
2015,PER_100000_POP,KZATY,,F,6.69
2015,PER_100000_POP,KZZAP,,F,5.19
2015,PER_100000_POP,KZZHA,,F,4.09
2015,PER_100000_POP,KZKAR,,F,8.24
2015,PER_100000_POP,KZKUS,,F,12.89
2015,PER_100000_POP,KZKZY,,F,2.11
2015,PER_100000_POP,KZMAN,,F,2.58
2015,PER_100000_POP,KZONT,,F,5.01
2015,PER_100000_POP,KZPAV,,F,2.75
2015,PER_100000_POP,KZSEV,,F,7.03
2015,PER_100000_POP,KZVOS,,F,8.48
2015,PER_100000_POP,KZNS,,F,4.03
2015,PER_100000_POP,KZALA,,F,1.43
2015,PER_100000_POP,,U,F,4.96
2015,PER_100000_POP,KZAKM,U,F,11.32
2015,PER_100000_POP,KZAKT,U,F,5.52
2015,PER_100000_POP,KZALM,U,F,7.35
2015,PER_100000_POP,KZATY,U,F,4.81
2015,PER_100000_POP,KZZAP,U,F,5.32
2015,PER_100000_POP,KZZHA,U,F,4.68
2015,PER_100000_POP,KZKAR,U,F,8.21
2015,PER_100000_POP,KZKUS,U,F,9.15
2015,PER_100000_POP,KZKZY,U,F,2.38
2015,PER_100000_POP,KZMAN,U,F,2.23
2015,PER_100000_POP,KZONT,U,F,3.08
2015,PER_100000_POP,KZPAV,U,F,2.44
2015,PER_100000_POP,KZSEV,U,F,5.94
2015,PER_100000_POP,KZVOS,U,F,8.03
2015,PER_100000_POP,KZNS,U,F,4.03
2015,PER_100000_POP,KZALA,U,F,1.43
2015,PER_100000_POP,,R,F,7.21
2015,PER_100000_POP,KZAKM,R,F,12.68
2015,PER_100000_POP,KZAKT,R,F,3.19
2015,PER_100000_POP,KZALM,R,F,8.0
2015,PER_100000_POP,KZATY,R,F,8.46
2015,PER_100000_POP,KZZAP,R,F,5.05
2015,PER_100000_POP,KZZHA,R,F,3.66
2015,PER_100000_POP,KZKAR,R,F,8.38
2015,PER_100000_POP,KZKUS,R,F,17.29
2015,PER_100000_POP,KZKZY,R,F,1.89
2015,PER_100000_POP,KZMAN,R,F,2.85
2015,PER_100000_POP,KZONT,R,F,6.65
2015,PER_100000_POP,KZPAV,R,F,3.54
2015,PER_100000_POP,KZSEV,R,F,7.92
2015,PER_100000_POP,KZVOS,R,F,9.2
2016,PER_100000_POP,,,,14.47
2016,PER_100000_POP,KZAKM,,,27.18
2016,PER_100000_POP,KZAKT,,,17.73
2016,PER_100000_POP,KZALM,,,16.54
2016,PER_100000_POP,KZATY,,,13.98
2016,PER_100000_POP,KZZAP,,,17.52
2016,PER_100000_POP,KZZHA,,,10.33
2016,PER_100000_POP,KZKAR,,,21.82
2016,PER_100000_POP,KZKUS,,,31.99
2016,PER_100000_POP,KZKZY,,,7.28
2016,PER_100000_POP,KZMAN,,,11.18
2016,PER_100000_POP,KZONT,,,8.71
2016,PER_100000_POP,KZPAV,,,4.49
2016,PER_100000_POP,KZSEV,,,17.48
2016,PER_100000_POP,KZVOS,,,22.69
2016,PER_100000_POP,KZNS,,,10.51
2016,PER_100000_POP,KZALA,,,4.75
2016,PER_100000_POP,,U,,11.95
2016,PER_100000_POP,KZAKM,U,,26.0
2016,PER_100000_POP,KZAKT,U,,15.95
2016,PER_100000_POP,KZALM,U,,16.92
2016,PER_100000_POP,KZATY,U,,13.56
2016,PER_100000_POP,KZZAP,U,,14.33
2016,PER_100000_POP,KZZHA,U,,10.47
2016,PER_100000_POP,KZKAR,U,,19.22
2016,PER_100000_POP,KZKUS,U,,23.5
2016,PER_100000_POP,KZKZY,U,,9.19
2016,PER_100000_POP,KZMAN,U,,10.07
2016,PER_100000_POP,KZONT,U,,5.66
2016,PER_100000_POP,KZPAV,U,,4.12
2016,PER_100000_POP,KZSEV,U,,12.44
2016,PER_100000_POP,KZVOS,U,,16.84
2016,PER_100000_POP,KZNS,U,,10.51
2016,PER_100000_POP,KZALA,U,,4.75
2016,PER_100000_POP,,R,,17.81
2016,PER_100000_POP,KZAKM,R,,28.25
2016,PER_100000_POP,KZAKT,R,,20.72
2016,PER_100000_POP,KZALM,R,,16.41
2016,PER_100000_POP,KZATY,R,,14.36
2016,PER_100000_POP,KZZAP,R,,20.73
2016,PER_100000_POP,KZZHA,R,,10.24
2016,PER_100000_POP,KZKAR,R,,31.8
2016,PER_100000_POP,KZKUS,R,,41.6
2016,PER_100000_POP,KZKZY,R,,5.79
2016,PER_100000_POP,KZMAN,R,,12.11
2016,PER_100000_POP,KZONT,R,,11.21
2016,PER_100000_POP,KZPAV,R,,5.38
2016,PER_100000_POP,KZSEV,R,,21.43
2016,PER_100000_POP,KZVOS,R,,31.49
2016,PER_100000_POP,,,M,24.59
2016,PER_100000_POP,KZAKM,,M,48.39
2016,PER_100000_POP,KZAKT,,M,31.01
2016,PER_100000_POP,KZALM,,M,26.23
2016,PER_100000_POP,KZATY,,M,23.68
2016,PER_100000_POP,KZZAP,,M,32.04
2016,PER_100000_POP,KZZHA,,M,16.46
2016,PER_100000_POP,KZKAR,,M,38.91
2016,PER_100000_POP,KZKUS,,M,57.28
2016,PER_100000_POP,KZKZY,,M,12.48
2016,PER_100000_POP,KZMAN,,M,16.14
2016,PER_100000_POP,KZONT,,M,13.36
2016,PER_100000_POP,KZPAV,,M,8.94
2016,PER_100000_POP,KZSEV,,M,29.22
2016,PER_100000_POP,KZVOS,,M,39.94
2016,PER_100000_POP,KZNS,,M,18.44
2016,PER_100000_POP,KZALA,,M,7.98
2016,PER_100000_POP,,U,M,20.57
2016,PER_100000_POP,KZAKM,U,M,46.87
2016,PER_100000_POP,KZAKT,U,M,26.85
2016,PER_100000_POP,KZALM,U,M,27.9
2016,PER_100000_POP,KZATY,U,M,23.22
2016,PER_100000_POP,KZZAP,U,M,28.28
2016,PER_100000_POP,KZZHA,U,M,15.5
2016,PER_100000_POP,KZKAR,U,M,34.06
2016,PER_100000_POP,KZKUS,U,M,41.94
2016,PER_100000_POP,KZKZY,U,M,16.37
2016,PER_100000_POP,KZMAN,U,M,14.73
2016,PER_100000_POP,KZONT,U,M,8.76
2016,PER_100000_POP,KZPAV,U,M,8.11
2016,PER_100000_POP,KZSEV,U,M,23.01
2016,PER_100000_POP,KZVOS,U,M,28.75
2016,PER_100000_POP,KZNS,U,M,18.44
2016,PER_100000_POP,KZALA,U,M,7.98
2016,PER_100000_POP,,R,M,29.62
2016,PER_100000_POP,KZAKM,R,M,49.68
2016,PER_100000_POP,KZAKT,R,M,37.64
2016,PER_100000_POP,KZALM,R,M,25.72
2016,PER_100000_POP,KZATY,R,M,24.09
2016,PER_100000_POP,KZZAP,R,M,35.52
2016,PER_100000_POP,KZZHA,R,M,17.08
2016,PER_100000_POP,KZKAR,R,M,56.05
2016,PER_100000_POP,KZKUS,R,M,73.52
2016,PER_100000_POP,KZKZY,R,M,9.56
2016,PER_100000_POP,KZMAN,R,M,17.29
2016,PER_100000_POP,KZONT,R,M,17.0
2016,PER_100000_POP,KZPAV,R,M,10.77
2016,PER_100000_POP,KZSEV,R,M,33.69
2016,PER_100000_POP,KZVOS,R,M,55.51
2016,PER_100000_POP,,,F,4.98
2016,PER_100000_POP,KZAKM,,F,7.33
2016,PER_100000_POP,KZAKT,,F,5.3
2016,PER_100000_POP,KZALM,,F,7.12
2016,PER_100000_POP,KZATY,,F,4.58
2016,PER_100000_POP,KZZAP,,F,3.94
2016,PER_100000_POP,KZZHA,,F,4.41
2016,PER_100000_POP,KZKAR,,F,6.45
2016,PER_100000_POP,KZKUS,,F,9.26
2016,PER_100000_POP,KZKZY,,F,2.08
2016,PER_100000_POP,KZMAN,,F,6.27
2016,PER_100000_POP,KZONT,,F,4.1
2016,PER_100000_POP,KZPAV,,F,0.5
2016,PER_100000_POP,KZSEV,,F,6.75
2016,PER_100000_POP,KZVOS,,F,6.99
2016,PER_100000_POP,KZNS,,F,3.14
2016,PER_100000_POP,KZALA,,F,2.03
2016,PER_100000_POP,,U,F,4.29
2016,PER_100000_POP,KZAKM,U,F,7.54
2016,PER_100000_POP,KZAKT,U,F,6.14
2016,PER_100000_POP,KZALM,U,F,6.88
2016,PER_100000_POP,KZATY,U,F,4.67
2016,PER_100000_POP,KZZAP,U,F,2.32
2016,PER_100000_POP,KZZHA,U,F,5.93
2016,PER_100000_POP,KZKAR,U,F,6.31
2016,PER_100000_POP,KZKUS,U,F,7.89
2016,PER_100000_POP,KZKZY,U,F,2.32
2016,PER_100000_POP,KZMAN,U,F,5.5
2016,PER_100000_POP,KZONT,U,F,2.72
2016,PER_100000_POP,KZPAV,U,F,0.69
2016,PER_100000_POP,KZSEV,U,F,3.67
2016,PER_100000_POP,KZVOS,U,F,6.65
2016,PER_100000_POP,KZNS,U,F,3.14
2016,PER_100000_POP,KZALA,U,F,2.03
2016,PER_100000_POP,,R,F,5.96
2016,PER_100000_POP,KZAKM,R,F,7.14
2016,PER_100000_POP,KZAKT,R,F,3.82
2016,PER_100000_POP,KZALM,R,F,7.2
2016,PER_100000_POP,KZATY,R,F,4.5
2016,PER_100000_POP,KZZAP,R,F,5.7
2016,PER_100000_POP,KZZHA,R,F,3.33
2016,PER_100000_POP,KZKAR,R,F,7.06
2016,PER_100000_POP,KZKUS,R,F,10.91
2016,PER_100000_POP,KZKZY,R,F,1.89
2016,PER_100000_POP,KZMAN,R,F,6.92
2016,PER_100000_POP,KZONT,R,F,5.29
2016,PER_100000_POP,KZPAV,R,F,0.0
2016,PER_100000_POP,KZSEV,R,F,9.37
2016,PER_100000_POP,KZVOS,R,F,7.55
2017,PER_100000_POP,,,,14.77
2017,PER_100000_POP,KZAKM,,,34.34
2017,PER_100000_POP,KZAKT,,,14.911791469750783
2017,PER_100000_POP,KZALM,,,18.9
2017,PER_100000_POP,KZATY,,,13.02847780965231
2017,PER_100000_POP,KZZAP,,,15.834317156715496
2017,PER_100000_POP,KZZHA,,,9.5
2017,PER_100000_POP,KZKAR,,,22.149724901864413
2017,PER_100000_POP,KZKUS,,,28.611618368886973
2017,PER_100000_POP,KZKZY,,,5.269103391374864
2017,PER_100000_POP,KZMAN,,,9.52
2017,PER_100000_POP,KZONT,,,11.262434528488878
2017,PER_100000_POP,KZPAV,,,9.657662329758896
2017,PER_100000_POP,KZSEV,,,11.589179628718345
2017,PER_100000_POP,KZVOS,,,21.996844714897453
2017,PER_100000_POP,KZNS,,,9.98
2017,PER_100000_POP,KZALA,,,5.009821219745112
2017,PER_100000_POP,,U,,12.35
2017,PER_100000_POP,KZAKM,U,,28.39
2017,PER_100000_POP,KZAKT,U,,12.441876012063048
2017,PER_100000_POP,KZALM,U,,20.44
2017,PER_100000_POP,KZATY,U,,10.531572635577012
2017,PER_100000_POP,KZZAP,U,,9.122159397572592
2017,PER_100000_POP,KZZHA,U,,10.52519608776222
2017,PER_100000_POP,KZKAR,U,,21.38883630167907
2017,PER_100000_POP,KZKUS,U,,21.243690623884707
2017,PER_100000_POP,KZKZY,U,,6.1135905117075255
2017,PER_100000_POP,KZMAN,U,,10.69
2017,PER_100000_POP,KZONT,U,,9.462055642942897
2017,PER_100000_POP,KZPAV,U,,8.238990648745615
2017,PER_100000_POP,KZSEV,U,,9.198252332056908
2017,PER_100000_POP,KZVOS,U,,16.74654929037982
2017,PER_100000_POP,KZNS,U,,9.98
2017,PER_100000_POP,KZALA,U,,5.009821219745112
2017,PER_100000_POP,,R,,18.02
2017,PER_100000_POP,KZAKM,R,,39.69
2017,PER_100000_POP,KZAKT,R,,19.158862091317523
2017,PER_100000_POP,KZALM,R,,18.4229678225228
2017,PER_100000_POP,KZATY,R,,15.32
2017,PER_100000_POP,KZZAP,R,,22.83
2017,PER_100000_POP,KZZHA,R,,8.807593638528893
2017,PER_100000_POP,KZKAR,R,,25.1
2017,PER_100000_POP,KZKUS,R,,37.142899310765536
2017,PER_100000_POP,KZKZY,R,,4.601678692386982
2017,PER_100000_POP,KZMAN,R,,8.68
2017,PER_100000_POP,KZONT,R,,12.7654881867098
2017,PER_100000_POP,KZPAV,R,,13.073044509208604
2017,PER_100000_POP,KZSEV,R,,13.512622236950264
2017,PER_100000_POP,KZVOS,R,,30.11395561496737
2017,PER_100000_POP,,,M,24.81
2017,PER_100000_POP,KZAKM,,M,61.95
2017,PER_100000_POP,KZAKT,,M,24.75139408587278
2017,PER_100000_POP,KZALM,,M,31.17038206488601
2017,PER_100000_POP,KZATY,,M,21.83
2017,PER_100000_POP,KZZAP,,M,28.22
2017,PER_100000_POP,KZZHA,,M,14.940152845051484
2017,PER_100000_POP,KZKAR,,M,36.8
2017,PER_100000_POP,KZKUS,,M,51.46
2017,PER_100000_POP,KZKZY,,M,9.49616431957416
2017,PER_100000_POP,KZMAN,,M,14.17
2017,PER_100000_POP,KZONT,,M,16.958684836686135
2017,PER_100000_POP,KZPAV,,M,16.788288489949412
2017,PER_100000_POP,KZSEV,,M,20.529627051329665
2017,PER_100000_POP,KZVOS,,M,36.462501872296514
2017,PER_100000_POP,KZNS,,M,17.41
2017,PER_100000_POP,KZALA,,M,9.365690149697
2017,PER_100000_POP,,U,M,21.03
2017,PER_100000_POP,KZAKM,U,M,53.07418489947933
2017,PER_100000_POP,KZAKT,U,M,21.144794856332865
2017,PER_100000_POP,KZALM,U,M,35.17
2017,PER_100000_POP,KZATY,U,M,16.994218425273235
2017,PER_100000_POP,KZZAP,U,M,16.388552923553956
2017,PER_100000_POP,KZZHA,U,M,16.52
2017,PER_100000_POP,KZKAR,U,M,36.34274727722482
2017,PER_100000_POP,KZKUS,U,M,39.814630487821816
2017,PER_100000_POP,KZKZY,U,M,10.70829416873892
2017,PER_100000_POP,KZMAN,U,M,15.43
2017,PER_100000_POP,KZONT,U,M,13.82480247230962
2017,PER_100000_POP,KZPAV,U,M,15.01300450795892
2017,PER_100000_POP,KZSEV,U,M,17.617109736976552
2017,PER_100000_POP,KZVOS,U,M,26.49
2017,PER_100000_POP,KZNS,U,M,17.41
2017,PER_100000_POP,KZALA,U,M,9.365690149697
2017,PER_100000_POP,,R,M,29.57
2017,PER_100000_POP,KZAKM,R,M,69.5
2017,PER_100000_POP,KZAKT,R,M,30.62865310497971
2017,PER_100000_POP,KZALM,R,M,29.99
2017,PER_100000_POP,KZATY,R,M,26.08420228919928
2017,PER_100000_POP,KZZAP,R,M,36.56
2017,PER_100000_POP,KZZHA,R,M,13.95076862798643
2017,PER_100000_POP,KZKAR,R,M,38.46
2017,PER_100000_POP,KZKUS,R,M,64.06
2017,PER_100000_POP,KZKZY,R,M,8.57644546960553
2017,PER_100000_POP,KZMAN,R,M,13.27
2017,PER_100000_POP,KZONT,R,M,19.47767371650246
2017,PER_100000_POP,KZPAV,R,M,20.732114044655173
2017,PER_100000_POP,KZSEV,R,M,22.671403910493297
2017,PER_100000_POP,KZVOS,R,M,50.69121884831755
2017,PER_100000_POP,,,F,5.36
2017,PER_100000_POP,KZAKM,,F,8.42
2017,PER_100000_POP,KZAKT,,F,5.687285731510065
2017,PER_100000_POP,KZALM,,F,6.92
2017,PER_100000_POP,KZATY,,F,4.49008653038185
2017,PER_100000_POP,KZZAP,,F,4.211685320922901
2017,PER_100000_POP,KZZHA,,F,4.228571931972849
2017,PER_100000_POP,KZKAR,,F,8.944143821832656
2017,PER_100000_POP,KZKUS,,F,8.017890731318316
2017,PER_100000_POP,KZKZY,,F,1.029627532240212
2017,PER_100000_POP,KZMAN,,F,4.89
2017,PER_100000_POP,KZONT,,F,5.621174002755747
2017,PER_100000_POP,KZPAV,,F,3.262360267463352
2017,PER_100000_POP,KZSEV,,F,3.41340615266459
2017,PER_100000_POP,KZVOS,,F,8.820171180228485
2017,PER_100000_POP,KZNS,,F,3.0785008085874783
2017,PER_100000_POP,KZALA,,F,1.347097212752244
2017,PER_100000_POP,,U,F,4.625748598791271
2017,PER_100000_POP,KZAKM,U,F,6.496213249026921
2017,PER_100000_POP,KZAKT,U,F,4.591660132381094
2017,PER_100000_POP,KZALM,U,F,6.94
2017,PER_100000_POP,KZATY,U,F,4.571324084020937
2017,PER_100000_POP,KZZAP,U,F,2.835688845534357
2017,PER_100000_POP,KZZHA,U,F,5.115307557866917
2017,PER_100000_POP,KZKAR,U,F,8.348809868634032
2017,PER_100000_POP,KZKUS,U,F,5.496080117145023
2017,PER_100000_POP,KZKZY,U,F,1.7103470294122678
2017,PER_100000_POP,KZMAN,U,F,5.91
2017,PER_100000_POP,KZONT,U,F,5.31
2017,PER_100000_POP,KZPAV,U,F,2.433995264140643
2017,PER_100000_POP,KZSEV,U,F,2.1974560783466344
2017,PER_100000_POP,KZVOS,U,F,8.383931092911606
2017,PER_100000_POP,KZNS,U,F,3.0785008085874783
2017,PER_100000_POP,KZALA,U,F,1.347097212752244
2017,PER_100000_POP,,R,F,6.41
2017,PER_100000_POP,KZAKM,R,F,10.25159989030788
2017,PER_100000_POP,KZAKT,R,F,7.669937042600109
2017,PER_100000_POP,KZALM,R,F,6.90744994542463
2017,PER_100000_POP,KZATY,R,F,4.411685925776535
2017,PER_100000_POP,KZZAP,R,F,5.766107461022715
2017,PER_100000_POP,KZZHA,R,F,3.603847106786495
2017,PER_100000_POP,KZKAR,R,F,11.443079618802413
2017,PER_100000_POP,KZKUS,R,F,11.12
2017,PER_100000_POP,KZKZY,R,F,0.4692918854740083
2017,PER_100000_POP,KZMAN,R,F,4.17
2017,PER_100000_POP,KZONT,R,F,5.886308510386455
2017,PER_100000_POP,KZPAV,R,F,5.410694237159746
2017,PER_100000_POP,KZSEV,R,F,4.474530334119573
2017,PER_100000_POP,KZVOS,R,F,9.54613629312513
2018,PER_100000_POP,,,,13.65
2018,PER_100000_POP,KZAKM,,,25.58
2018,PER_100000_POP,KZAKT,,,14.94
2018,PER_100000_POP,KZALM,,,15.19
2018,PER_100000_POP,KZATY,,,10.68
2018,PER_100000_POP,KZZAP,,,21.24
2018,PER_100000_POP,KZZHA,,,8.83
2018,PER_100000_POP,KZKAR,,,20.01
2018,PER_100000_POP,KZKUS,,,25.85
2018,PER_100000_POP,KZKZY,,,4.44
2018,PER_100000_POP,KZMAN,,,9.56
2018,PER_100000_POP,KZPAV,,,7.82
2018,PER_100000_POP,KZSEV,,,15.09
2018,PER_100000_POP,KZYUZ,,,1.97
2018,PER_100000_POP,KZVOS,,,19.84
2018,PER_100000_POP,KZNS,,,11.19
2018,PER_100000_POP,KZALA,,,7.6
2018,PER_100000_POP,KZSHY,,,2.24
2018,PER_100000_POP,,U,,12.36
2018,PER_100000_POP,KZAKM,U,,27.26
2018,PER_100000_POP,KZAKT,U,,13.32
2018,PER_100000_POP,KZALM,U,,15.84
2018,PER_100000_POP,KZATY,U,,11.9
2018,PER_100000_POP,KZZAP,U,,16.95
2018,PER_100000_POP,KZZHA,U,,10.1
2018,PER_100000_POP,KZKAR,U,,18.67
2018,PER_100000_POP,KZKUS,U,,19.82
2018,PER_100000_POP,KZKZY,U,,6.59
2018,PER_100000_POP,KZMAN,U,,10.36
2018,PER_100000_POP,KZPAV,U,,7.32
2018,PER_100000_POP,KZSEV,U,,5.55
2018,PER_100000_POP,KZYUZ,U,,4.37
2018,PER_100000_POP,KZVOS,U,,15.34
2018,PER_100000_POP,KZNS,U,,11.19
2018,PER_100000_POP,KZALA,U,,7.6
2018,PER_100000_POP,KZSHY,U,,2.24
2018,PER_100000_POP,,R,,15.42
2018,PER_100000_POP,KZAKM,R,,24.08
2018,PER_100000_POP,KZAKT,R,,18.8
2018,PER_100000_POP,KZALM,R,,15.0
2018,PER_100000_POP,KZATY,R,,9.35
2018,PER_100000_POP,KZZAP,R,,25.85
2018,PER_100000_POP,KZZHA,R,,7.99
2018,PER_100000_POP,KZKAR,R,,25.24
2018,PER_100000_POP,KZKUS,R,,33.0
2018,PER_100000_POP,KZKZY,R,,2.73
2018,PER_100000_POP,KZMAN,R,,9.02
2018,PER_100000_POP,KZPAV,R,,9.03
2018,PER_100000_POP,KZSEV,R,,23.0
2018,PER_100000_POP,KZYUZ,R,,9.93
2018,PER_100000_POP,KZVOS,R,,26.98
2018,PER_100000_POP,,,M,23.55
2018,PER_100000_POP,KZAKM,,M,46.6
2018,PER_100000_POP,KZAKT,,M,26.54
2018,PER_100000_POP,KZALM,,M,25.89
2018,PER_100000_POP,KZATY,,M,19.09
2018,PER_100000_POP,KZZAP,,M,39.39
2018,PER_100000_POP,KZZHA,,M,15.22
2018,PER_100000_POP,KZKAR,,M,35.3
2018,PER_100000_POP,KZKUS,,M,44.6
2018,PER_100000_POP,KZKZY,,M,7.08
2018,PER_100000_POP,KZMAN,,M,14.7
2018,PER_100000_POP,KZPAV,,M,13.73
2018,PER_100000_POP,KZSEV,,M,28.56
2018,PER_100000_POP,KZYUZ,,M,16.55
2018,PER_100000_POP,KZVOS,,M,35.22
2018,PER_100000_POP,KZNS,,M,19.34
2018,PER_100000_POP,KZALA,,M,12.58
2018,PER_100000_POP,KZSHY,,M,12.94
2018,PER_100000_POP,,U,M,21.49
2018,PER_100000_POP,KZAKM,U,M,51.8
2018,PER_100000_POP,KZAKT,U,M,23.12
2018,PER_100000_POP,KZALM,U,M,28.1
2018,PER_100000_POP,KZATY,U,M,20.89
2018,PER_100000_POP,KZZAP,U,M,31.97
2018,PER_100000_POP,KZZHA,U,M,17.01
2018,PER_100000_POP,KZKAR,U,M,33.0
2018,PER_100000_POP,KZKUS,U,M,34.43
2018,PER_100000_POP,KZKZY,U,M,10.52
2018,PER_100000_POP,KZMAN,U,M,17.75
2018,PER_100000_POP,KZPAV,U,M,13.01
2018,PER_100000_POP,KZSEV,U,M,12.21
2018,PER_100000_POP,KZYUZ,U,M,20.94
2018,PER_100000_POP,KZVOS,U,M,26.55
2018,PER_100000_POP,KZNS,U,M,19.34
2018,PER_100000_POP,KZALA,U,M,12.58
2018,PER_100000_POP,KZSHY,U,M,12.94
2018,PER_100000_POP,,R,M,26.23
2018,PER_100000_POP,KZAKM,R,M,42.21
2018,PER_100000_POP,KZAKT,R,M,34.28
2018,PER_100000_POP,KZALM,R,M,25.27
2018,PER_100000_POP,KZATY,R,M,17.2
2018,PER_100000_POP,KZZAP,R,M,46.72
2018,PER_100000_POP,KZZHA,R,M,14.11
2018,PER_100000_POP,KZKAR,R,M,43.57
2018,PER_100000_POP,KZKUS,R,M,55.85
2018,PER_100000_POP,KZKZY,R,M,4.46
2018,PER_100000_POP,KZMAN,R,M,12.61
2018,PER_100000_POP,KZPAV,R,M,15.31
2018,PER_100000_POP,KZSEV,R,M,40.95
2018,PER_100000_POP,KZYUZ,R,M,15.49
2018,PER_100000_POP,KZVOS,R,M,47.93
2018,PER_100000_POP,,,F,4.34
2018,PER_100000_POP,KZAKM,,F,5.78
2018,PER_100000_POP,KZAKT,,F,4.04
2018,PER_100000_POP,KZALM,,F,4.69
2018,PER_100000_POP,KZATY,,F,2.51
2018,PER_100000_POP,KZZAP,,F,4.18
2018,PER_100000_POP,KZZHA,,F,2.63
2018,PER_100000_POP,KZKAR,,F,6.21
2018,PER_100000_POP,KZKUS,,F,8.92
2018,PER_100000_POP,KZKZY,,F,1.78
2018,PER_100000_POP,KZMAN,,F,4.47
2018,PER_100000_POP,KZPAV,,F,2.52
2018,PER_100000_POP,KZSEV,,F,2.75
2018,PER_100000_POP,KZYUZ,,F,5.01
2018,PER_100000_POP,KZVOS,,F,5.81
2018,PER_100000_POP,KZNS,,F,3.65
2018,PER_100000_POP,KZALA,,F,3.42
2018,PER_100000_POP,KZSHY,,F,2.55
2018,PER_100000_POP,,U,F,4.23
2018,PER_100000_POP,KZAKM,U,F,5.42
2018,PER_100000_POP,KZAKT,U,F,4.4
2018,PER_100000_POP,KZALM,U,F,4.58
2018,PER_100000_POP,KZATY,U,F,3.53
2018,PER_100000_POP,KZZAP,U,F,3.89
2018,PER_100000_POP,KZZHA,U,F,3.85
2018,PER_100000_POP,KZKAR,U,F,6.14
2018,PER_100000_POP,KZKUS,U,F,7.41
2018,PER_100000_POP,KZKZY,U,F,2.81
2018,PER_100000_POP,KZMAN,U,F,2.96
2018,PER_100000_POP,KZPAV,U,F,2.44
2018,PER_100000_POP,KZSEV,U,F,0.0
2018,PER_100000_POP,KZYUZ,U,F,8.28
2018,PER_100000_POP,KZVOS,U,F,5.71
2018,PER_100000_POP,KZNS,U,F,3.65
2018,PER_100000_POP,KZALA,U,F,3.42
2018,PER_100000_POP,KZSHY,U,F,2.55
2018,PER_100000_POP,,R,F,4.5
2018,PER_100000_POP,KZAKM,R,F,6.12
2018,PER_100000_POP,KZAKT,R,F,3.15
2018,PER_100000_POP,KZALM,R,F,4.72
2018,PER_100000_POP,KZATY,R,F,1.35
2018,PER_100000_POP,KZZAP,R,F,4.52
2018,PER_100000_POP,KZZHA,R,F,1.79
2018,PER_100000_POP,KZKAR,R,F,6.48
2018,PER_100000_POP,KZKUS,R,F,10.84
2018,PER_100000_POP,KZKZY,R,F,0.93
2018,PER_100000_POP,KZMAN,R,F,5.48
2018,PER_100000_POP,KZPAV,R,F,2.71
2018,PER_100000_POP,KZSEV,R,F,5.23
2018,PER_100000_POP,KZYUZ,R,F,4.21
2018,PER_100000_POP,KZVOS,R,F,6.0
2019,PER_100000_POP,,,,12.82
2019,PER_100000_POP,KZAKM,,,23.86
2019,PER_100000_POP,KZAKT,,,11.65
2019,PER_100000_POP,KZALM,,,15.48
2019,PER_100000_POP,KZATY,,,10.63
2019,PER_100000_POP,KZZAP,,,21.08
2019,PER_100000_POP,KZZHA,,,12.5
2019,PER_100000_POP,KZKAR,,,17.64
2019,PER_100000_POP,KZKUS,,,25.96
2019,PER_100000_POP,KZKZY,,,5.51
2019,PER_100000_POP,KZMAN,,,8.42
2019,PER_100000_POP,KZPAV,,,9.69
2019,PER_100000_POP,KZSEV,,,20.85
2019,PER_100000_POP,KZYUZ,,,7.9
2019,PER_100000_POP,KZVOS,,,16.67
2019,PER_100000_POP,KZNS,,,9.21
2019,PER_100000_POP,KZALA,,,5.25
2019,PER_100000_POP,KZSHY,,,8.21
2019,PER_100000_POP,,U,,11.05
2019,PER_100000_POP,KZAKM,U,,18.96
2019,PER_100000_POP,KZAKT,U,,11.75
2019,PER_100000_POP,KZALM,U,,17.16
2019,PER_100000_POP,KZATY,U,,10.57
2019,PER_100000_POP,KZZAP,U,,14.33
2019,PER_100000_POP,KZZHA,U,,15.19
2019,PER_100000_POP,KZKAR,U,,16.22
2019,PER_100000_POP,KZKUS,U,,18.33
2019,PER_100000_POP,KZKZY,U,,5.91
2019,PER_100000_POP,KZMAN,U,,6.94
2019,PER_100000_POP,KZPAV,U,,9.97
2019,PER_100000_POP,KZSEV,U,,10.29
2019,PER_100000_POP,KZYUZ,U,,7.55
2019,PER_100000_POP,KZVOS,U,,14.48
2019,PER_100000_POP,KZNS,U,,9.21
2019,PER_100000_POP,KZALA,U,,5.25
2019,PER_100000_POP,KZSHY,U,,8.21
2019,PER_100000_POP,,R,,15.31
2019,PER_100000_POP,KZAKM,R,,28.24
2019,PER_100000_POP,KZAKT,R,,11.4
2019,PER_100000_POP,KZALM,R,,15.0
2019,PER_100000_POP,KZATY,R,,10.71
2019,PER_100000_POP,KZZAP,R,,28.46
2019,PER_100000_POP,KZZHA,R,,10.73
2019,PER_100000_POP,KZKAR,R,,23.21
2019,PER_100000_POP,KZKUS,R,,36.33
2019,PER_100000_POP,KZKZY,R,,5.18
2019,PER_100000_POP,KZMAN,R,,9.41
2019,PER_100000_POP,KZPAV,R,,9.02
2019,PER_100000_POP,KZSEV,R,,29.78
2019,PER_100000_POP,KZYUZ,R,,7.99
2019,PER_100000_POP,KZVOS,R,,20.21
2019,PER_100000_POP,,,M,22.387731211272094
2019,PER_100000_POP,KZAKM,,M,40.77255616000715
2019,PER_100000_POP,KZAKT,,M,20.97105405465905
2019,PER_100000_POP,KZALM,,M,26.152601912495367
2019,PER_100000_POP,KZATY,,M,17.12456375966626
2019,PER_100000_POP,KZZAP,,M,36.53106084941015
2019,PER_100000_POP,KZZHA,,M,20.87440357240224
2019,PER_100000_POP,KZKAR,,M,33.327931558493574
2019,PER_100000_POP,KZKUS,,M,47.88953480637995
2019,PER_100000_POP,KZKZY,,M,9.97987807083967
2019,PER_100000_POP,KZMAN,,M,13.99106903426646
2019,PER_100000_POP,KZPAV,,M,17.66777020120225
2019,PER_100000_POP,KZSEV,,M,37.89565431584133
2019,PER_100000_POP,KZYUZ,,M,12.127737614917708
2019,PER_100000_POP,KZVOS,,M,30.037058411405543
2019,PER_100000_POP,KZNS,,M,16.937031879257784
2019,PER_100000_POP,KZALA,,M,9.380710942078164
2019,PER_100000_POP,KZSHY,,M,13.197822156300791
2019,PER_100000_POP,,U,M,19.866720896036043
2019,PER_100000_POP,KZAKM,U,M,32.298658996243
2019,PER_100000_POP,KZAKT,U,M,21.60009450041344
2019,PER_100000_POP,KZALM,U,M,26.70104041985084
2019,PER_100000_POP,KZATY,U,M,18.91571570861522
2019,PER_100000_POP,KZZAP,U,M,23.21153550580759
2019,PER_100000_POP,KZZHA,U,M,29.14629559984957
2019,PER_100000_POP,KZKAR,U,M,31.422635422288018
2019,PER_100000_POP,KZKUS,U,M,34.631135122031466
2019,PER_100000_POP,KZKZY,U,M,11.472461789531952
2019,PER_100000_POP,KZMAN,U,M,10.241741681328207
2019,PER_100000_POP,KZPAV,U,M,17.940181725886255
2019,PER_100000_POP,KZSEV,U,M,18.262378196459707
2019,PER_100000_POP,KZYUZ,U,M,13.984093094105454
2019,PER_100000_POP,KZVOS,U,M,26.9762659758028
2019,PER_100000_POP,KZNS,U,M,16.937031879257784
2019,PER_100000_POP,KZALA,U,M,9.380710942078164
2019,PER_100000_POP,KZSHY,U,M,13.197822156300791
2019,PER_100000_POP,,R,M,25.72815471093395
2019,PER_100000_POP,KZAKM,R,M,47.94049193130592
2019,PER_100000_POP,KZAKT,R,M,19.5160792977334
2019,PER_100000_POP,KZALM,R,M,26.002950769630814
2019,PER_100000_POP,KZATY,R,M,15.051482913146105
2019,PER_100000_POP,KZZAP,R,M,49.95747291071841
2019,PER_100000_POP,KZZHA,R,M,15.744151703648416
2019,PER_100000_POP,KZKAR,R,M,40.21547025642654
2019,PER_100000_POP,KZKUS,R,M,64.6768487027633
2019,PER_100000_POP,KZKZY,R,M,8.830957805683603
2019,PER_100000_POP,KZMAN,R,M,16.474424667059147
2019,PER_100000_POP,KZPAV,R,M,17.06760568441099
2019,PER_100000_POP,KZSEV,R,M,53.05859280552346
2019,PER_100000_POP,KZYUZ,R,M,11.67109861279779
2019,PER_100000_POP,KZVOS,R,M,34.61148606887686
2019,PER_100000_POP,,,F,3.815510427244925
2019,PER_100000_POP,KZAKM,,F,7.903534724179811
2019,PER_100000_POP,KZAKT,,F,2.8808896187142587
2019,PER_100000_POP,KZALM,,F,5.028789821729401
2019,PER_100000_POP,KZATY,,F,4.318335343415618
2019,PER_100000_POP,KZZAP,,F,6.527289261274038
2019,PER_100000_POP,KZZHA,,F,4.370132764633389
2019,PER_100000_POP,KZKAR,,F,3.454942710139981
2019,PER_100000_POP,KZKUS,,F,6.123959883688504
2019,PER_100000_POP,KZKZY,,F,1.004705790747413
2019,PER_100000_POP,KZMAN,,F,2.895013773028025
2019,PER_100000_POP,KZPAV,,F,2.522516613925049
2019,PER_100000_POP,KZSEV,,F,5.212794979035876
2019,PER_100000_POP,KZYUZ,,F,3.5504195074249414
2019,PER_100000_POP,KZVOS,,F,4.455549282204049
2019,PER_100000_POP,KZNS,,F,2.083731268124121
2019,PER_100000_POP,KZALA,,F,1.7607958797376413
2019,PER_100000_POP,KZSHY,,F,3.5773931347942907
2019,PER_100000_POP,,U,F,3.178824140724099
2019,PER_100000_POP,KZAKM,U,F,7.061398863114784
2019,PER_100000_POP,KZAKT,U,F,2.7695759009968937
2019,PER_100000_POP,KZALM,U,F,8.42953540615609
2019,PER_100000_POP,KZATY,U,F,2.765479077768037
2019,PER_100000_POP,KZZAP,U,F,6.578045772235165
2019,PER_100000_POP,KZZHA,U,F,2.554827666228797
2019,PER_100000_POP,KZKAR,U,F,2.9043197485200785
2019,PER_100000_POP,KZKUS,U,F,4.43043115479188
2019,PER_100000_POP,KZKZY,U,F,0.5532916704705468
2019,PER_100000_POP,KZMAN,U,F,3.645497264054303
2019,PER_100000_POP,KZPAV,U,F,3.145357452400257
2019,PER_100000_POP,KZSEV,U,F,3.629526927460275
2019,PER_100000_POP,KZYUZ,U,F,1.0139648306298497
2019,PER_100000_POP,KZVOS,U,F,3.7239623835987934
2019,PER_100000_POP,KZNS,U,F,2.083731268124121
2019,PER_100000_POP,KZALA,U,F,1.7607958797376413
2019,PER_100000_POP,KZSHY,U,F,3.5773931347942907
2019,PER_100000_POP,,R,F,4.771116812275298
2019,PER_100000_POP,KZAKM,R,F,8.696653067488585
2019,PER_100000_POP,KZAKT,R,F,3.1673133264708206
2019,PER_100000_POP,KZALM,R,F,4.0161398620706965
2019,PER_100000_POP,KZATY,R,F,6.276216278412954
2019,PER_100000_POP,KZZAP,R,F,6.467405891160026
2019,PER_100000_POP,KZZHA,R,F,5.634379202616724
2019,PER_100000_POP,KZKAR,R,F,5.785948823282658
2019,PER_100000_POP,KZKUS,R,F,8.58523393421028
2019,PER_100000_POP,KZKZY,R,F,1.3800082800496802
2019,PER_100000_POP,KZMAN,R,F,2.4007759307808287
2019,PER_100000_POP,KZPAV,R,F,0.9066717440284332
2019,PER_100000_POP,KZSEV,R,F,6.666911120074403
2019,PER_100000_POP,KZYUZ,R,F,4.1848777540141535
2019,PER_100000_POP,KZVOS,R,F,5.731699162216639
