Year,UNIT_MEASURE,REF_AREA,URBANISATION,SEX,Value
2010,PER_100000_POP,,,,20.71
2010,PER_100000_POP,KZAKM,,,19.75
2010,PER_100000_POP,KZAKT,,,14.66
2010,PER_100000_POP,KZALM,,,24.64
2010,PER_100000_POP,KZATY,,,3.8
2010,PER_100000_POP,KZZAP,,,14.35
2010,PER_100000_POP,KZZHA,,,31.43
2010,PER_100000_POP,KZKAR,,,20.3
2010,PER_100000_POP,KZKUS,,,11.67
2010,PER_100000_POP,KZKZY,,,20.72655200853243
2010,PER_100000_POP,KZMAN,,,21.8
2010,PER_100000_POP,KZONT,,,32.41
2010,PER_100000_POP,KZPAV,,,16.23
2010,PER_100000_POP,KZSEV,,,17.59
2010,PER_100000_POP,KZVOS,,,17.95
2010,PER_100000_POP,KZNS,,,14.41
2010,PER_100000_POP,KZALA,,,14.48
2010,PER_100000_POP,,U,,18.58
2010,PER_100000_POP,KZAKM,U,,20.74
2010,PER_100000_POP,KZAKT,U,,13.57
2010,PER_100000_POP,KZALM,U,,26.43
2010,PER_100000_POP,KZATY,U,,4.79
2010,PER_100000_POP,KZZAP,U,,12.9
2010,PER_100000_POP,KZZHA,U,,30.6
2010,PER_100000_POP,KZKAR,U,,19.58
2010,PER_100000_POP,KZKUS,U,,10.17
2010,PER_100000_POP,KZKZY,U,,17.4
2010,PER_100000_POP,KZMAN,U,,23.11
2010,PER_100000_POP,KZONT,U,,32.86
2010,PER_100000_POP,KZPAV,U,,13.32
2010,PER_100000_POP,KZSEV,U,,15.52
2010,PER_100000_POP,KZVOS,U,,15.75
2010,PER_100000_POP,KZNS,U,,14.41
2010,PER_100000_POP,KZALA,U,,14.48
2010,PER_100000_POP,,R,,23.27
2010,PER_100000_POP,KZAKM,R,,18.89
2010,PER_100000_POP,KZAKT,R,,16.4
2010,PER_100000_POP,KZALM,R,,24.09
2010,PER_100000_POP,KZATY,R,,2.9
2010,PER_100000_POP,KZZAP,R,,15.66
2010,PER_100000_POP,KZZHA,R,,31.99
2010,PER_100000_POP,KZKAR,R,,22.85
2010,PER_100000_POP,KZKUS,R,,13.17
2010,PER_100000_POP,KZKZY,R,,23.15
2010,PER_100000_POP,KZMAN,R,,20.33
2010,PER_100000_POP,KZONT,R,,32.12
2010,PER_100000_POP,KZPAV,R,,22.56
2010,PER_100000_POP,KZSEV,R,,19.0
2010,PER_100000_POP,KZVOS,R,,20.96
2010,PER_100000_POP,,,M,31.46
2010,PER_100000_POP,KZAKM,,M,27.98
2010,PER_100000_POP,KZAKT,,M,22.39
2010,PER_100000_POP,KZALM,,M,37.81
2010,PER_100000_POP,KZATY,,M,1.94
2010,PER_100000_POP,KZZAP,,M,19.84
2010,PER_100000_POP,KZZHA,,M,46.75
2010,PER_100000_POP,KZKAR,,M,31.07
2010,PER_100000_POP,KZKUS,,M,19.7
2010,PER_100000_POP,KZKZY,,M,29.76
2010,PER_100000_POP,KZMAN,,M,36.55
2010,PER_100000_POP,KZONT,,M,50.05
2010,PER_100000_POP,KZPAV,,M,22.25
2010,PER_100000_POP,KZSEV,,M,26.65
2010,PER_100000_POP,KZVOS,,M,29.37
2010,PER_100000_POP,KZNS,,M,20.13
2010,PER_100000_POP,KZALA,,M,20.39
2010,PER_100000_POP,,U,M,27.39
2010,PER_100000_POP,KZAKM,U,M,26.91
2010,PER_100000_POP,KZAKT,U,M,19.84
2010,PER_100000_POP,KZALM,U,M,38.76
2010,PER_100000_POP,KZATY,U,M,2.51
2010,PER_100000_POP,KZZAP,U,M,18.8
2010,PER_100000_POP,KZZHA,U,M,42.89
2010,PER_100000_POP,KZKAR,U,M,30.31
2010,PER_100000_POP,KZKUS,U,M,16.35
2010,PER_100000_POP,KZKZY,U,M,27.38
2010,PER_100000_POP,KZMAN,U,M,36.27
2010,PER_100000_POP,KZONT,U,M,50.06
2010,PER_100000_POP,KZPAV,U,M,17.9
2010,PER_100000_POP,KZSEV,U,M,19.47
2010,PER_100000_POP,KZVOS,U,M,25.12
2010,PER_100000_POP,KZNS,U,M,20.13
2010,PER_100000_POP,KZALA,U,M,20.39
2010,PER_100000_POP,,R,M,36.05
2010,PER_100000_POP,KZAKM,R,M,28.86
2010,PER_100000_POP,KZAKT,R,M,26.17
2010,PER_100000_POP,KZALM,R,M,37.53
2010,PER_100000_POP,KZATY,R,M,1.45
2010,PER_100000_POP,KZZAP,R,M,20.71
2010,PER_100000_POP,KZZHA,R,M,49.22
2010,PER_100000_POP,KZKAR,R,M,33.55
2010,PER_100000_POP,KZKUS,R,M,22.85
2010,PER_100000_POP,KZKZY,R,M,31.42
2010,PER_100000_POP,KZMAN,R,M,36.86
2010,PER_100000_POP,KZONT,R,M,50.04
2010,PER_100000_POP,KZPAV,R,M,31.04
2010,PER_100000_POP,KZSEV,R,M,31.12
2010,PER_100000_POP,KZVOS,R,M,34.73
2010,PER_100000_POP,,,F,10.72
2010,PER_100000_POP,KZAKM,,F,12.09
2010,PER_100000_POP,KZAKT,,F,7.5
2010,PER_100000_POP,KZALM,,F,11.96
2010,PER_100000_POP,KZATY,,F,5.58
2010,PER_100000_POP,KZZAP,,F,9.24
2010,PER_100000_POP,KZZHA,,F,16.87
2010,PER_100000_POP,KZKAR,,F,10.67
2010,PER_100000_POP,KZKUS,,F,4.5
2010,PER_100000_POP,KZKZY,,F,11.76
2010,PER_100000_POP,KZMAN,,F,7.33
2010,PER_100000_POP,KZONT,,F,15.18
2010,PER_100000_POP,KZPAV,,F,10.89
2010,PER_100000_POP,KZSEV,,F,9.36
2010,PER_100000_POP,KZVOS,,F,7.63
2010,PER_100000_POP,KZNS,,F,8.98
2010,PER_100000_POP,KZALA,,F,9.48
2010,PER_100000_POP,,U,F,10.82
2010,PER_100000_POP,KZAKM,U,F,15.33
2010,PER_100000_POP,KZAKT,U,F,8.0
2010,PER_100000_POP,KZALM,U,F,15.31
2010,PER_100000_POP,KZATY,U,F,6.86
2010,PER_100000_POP,KZZAP,U,F,7.8
2010,PER_100000_POP,KZZHA,U,F,19.7
2010,PER_100000_POP,KZKAR,U,F,10.29
2010,PER_100000_POP,KZKUS,U,F,4.99
2010,PER_100000_POP,KZKZY,U,F,7.96
2010,PER_100000_POP,KZMAN,U,F,10.69
2010,PER_100000_POP,KZONT,U,F,16.96
2010,PER_100000_POP,KZPAV,U,F,9.43
2010,PER_100000_POP,KZSEV,U,F,12.25
2010,PER_100000_POP,KZVOS,U,F,7.79
2010,PER_100000_POP,KZNS,U,F,8.98
2010,PER_100000_POP,KZALA,U,F,9.48
2010,PER_100000_POP,,R,F,10.58
2010,PER_100000_POP,KZAKM,R,F,9.1
2010,PER_100000_POP,KZAKT,R,F,6.68
2010,PER_100000_POP,KZALM,R,F,10.89
2010,PER_100000_POP,KZATY,R,F,4.36
2010,PER_100000_POP,KZZAP,R,F,10.63
2010,PER_100000_POP,KZZHA,R,F,14.84
2010,PER_100000_POP,KZKAR,R,F,12.11
2010,PER_100000_POP,KZKUS,R,F,3.99
2010,PER_100000_POP,KZKZY,R,F,14.65
2010,PER_100000_POP,KZMAN,R,F,3.36
2010,PER_100000_POP,KZONT,R,F,13.97
2010,PER_100000_POP,KZPAV,R,F,14.28
2010,PER_100000_POP,KZSEV,R,F,7.26
2010,PER_100000_POP,KZVOS,R,F,7.38
2011,PER_100000_POP,,,,19.33
2011,PER_100000_POP,KZAKM,,,15.43
2011,PER_100000_POP,KZAKT,,,14.07
2011,PER_100000_POP,KZALM,,,26.71
2011,PER_100000_POP,KZATY,,,20.65
2011,PER_100000_POP,KZZAP,,,17.20020050519446
2011,PER_100000_POP,KZZHA,,,30.35
2011,PER_100000_POP,KZKAR,,,16.38
2011,PER_100000_POP,KZKUS,,,11.36
2011,PER_100000_POP,KZKZY,,,18.54
2011,PER_100000_POP,KZMAN,,,16.45
2011,PER_100000_POP,KZONT,,,27.13
2011,PER_100000_POP,KZPAV,,,16.47
2011,PER_100000_POP,KZSEV,,,11.762780516744062
2011,PER_100000_POP,KZVOS,,,16.11091181316498
2011,PER_100000_POP,KZNS,,,10.28
2011,PER_100000_POP,KZALA,,,14.11
2011,PER_100000_POP,,U,,17.11
2011,PER_100000_POP,KZAKM,U,,14.32
2011,PER_100000_POP,KZAKT,U,,12.25
2011,PER_100000_POP,KZALM,U,,26.72
2011,PER_100000_POP,KZATY,U,,21.37
2011,PER_100000_POP,KZZAP,U,,20.78
2011,PER_100000_POP,KZZHA,U,,29.59
2011,PER_100000_POP,KZKAR,U,,16.23
2011,PER_100000_POP,KZKUS,U,,10.34
2011,PER_100000_POP,KZKZY,U,,14.39
2011,PER_100000_POP,KZMAN,U,,20.08
2011,PER_100000_POP,KZONT,U,,26.26
2011,PER_100000_POP,KZPAV,U,,13.45
2011,PER_100000_POP,KZSEV,U,,10.47
2011,PER_100000_POP,KZVOS,U,,15.8
2011,PER_100000_POP,KZNS,U,,10.28
2011,PER_100000_POP,KZALA,U,,14.11
2011,PER_100000_POP,,R,,22.01
2011,PER_100000_POP,KZAKM,R,,16.4
2011,PER_100000_POP,KZAKT,R,,16.98
2011,PER_100000_POP,KZALM,R,,26.7
2011,PER_100000_POP,KZATY,R,,19.99
2011,PER_100000_POP,KZZAP,R,,13.89
2011,PER_100000_POP,KZZHA,R,,30.86
2011,PER_100000_POP,KZKAR,R,,16.92
2011,PER_100000_POP,KZKUS,R,,12.39
2011,PER_100000_POP,KZKZY,R,,21.58
2011,PER_100000_POP,KZMAN,R,,12.49
2011,PER_100000_POP,KZONT,R,,27.7
2011,PER_100000_POP,KZPAV,R,,23.13
2011,PER_100000_POP,KZSEV,R,,12.65
2011,PER_100000_POP,KZVOS,R,,16.54
2011,PER_100000_POP,,,M,28.78
2011,PER_100000_POP,KZAKM,,M,24.34
2011,PER_100000_POP,KZAKT,,M,20.2
2011,PER_100000_POP,KZALM,,M,38.67
2011,PER_100000_POP,KZATY,,M,29.24
2011,PER_100000_POP,KZZAP,,M,25.46
2011,PER_100000_POP,KZZHA,,M,45.79
2011,PER_100000_POP,KZKAR,,M,26.1
2011,PER_100000_POP,KZKUS,,M,18.05
2011,PER_100000_POP,KZKZY,,M,26.94
2011,PER_100000_POP,KZMAN,,M,22.61
2011,PER_100000_POP,KZONT,,M,39.96
2011,PER_100000_POP,KZPAV,,M,26.76
2011,PER_100000_POP,KZSEV,,M,16.83
2011,PER_100000_POP,KZVOS,,M,24.41
2011,PER_100000_POP,KZNS,,M,15.47
2011,PER_100000_POP,KZALA,,M,18.81
2011,PER_100000_POP,,U,M,25.11
2011,PER_100000_POP,KZAKM,U,M,20.63
2011,PER_100000_POP,KZAKT,U,M,16.79
2011,PER_100000_POP,KZALM,U,M,38.62
2011,PER_100000_POP,KZATY,U,M,30.12
2011,PER_100000_POP,KZZAP,U,M,32.37
2011,PER_100000_POP,KZZHA,U,M,46.71
2011,PER_100000_POP,KZKAR,U,M,25.83
2011,PER_100000_POP,KZKUS,U,M,15.26
2011,PER_100000_POP,KZKZY,U,M,19.24
2011,PER_100000_POP,KZMAN,U,M,28.01
2011,PER_100000_POP,KZONT,U,M,38.85
2011,PER_100000_POP,KZPAV,U,M,20.76
2011,PER_100000_POP,KZSEV,U,M,11.12
2011,PER_100000_POP,KZVOS,U,M,23.12
2011,PER_100000_POP,KZNS,U,M,15.47
2011,PER_100000_POP,KZALA,U,M,18.81
2011,PER_100000_POP,,R,M,32.95
2011,PER_100000_POP,KZAKM,R,M,27.41
2011,PER_100000_POP,KZAKT,R,M,25.35
2011,PER_100000_POP,KZALM,R,M,38.69
2011,PER_100000_POP,KZATY,R,M,28.46
2011,PER_100000_POP,KZZAP,R,M,19.54
2011,PER_100000_POP,KZZHA,R,M,45.2
2011,PER_100000_POP,KZKAR,R,M,26.98
2011,PER_100000_POP,KZKUS,R,M,20.72
2011,PER_100000_POP,KZKZY,R,M,32.36
2011,PER_100000_POP,KZMAN,R,M,16.96
2011,PER_100000_POP,KZONT,R,M,40.64
2011,PER_100000_POP,KZPAV,R,M,39.02
2011,PER_100000_POP,KZSEV,R,M,20.42
2011,PER_100000_POP,KZVOS,R,M,26.07
2011,PER_100000_POP,,,F,10.53
2011,PER_100000_POP,KZAKM,,F,7.12
2011,PER_100000_POP,KZAKT,,F,8.38
2011,PER_100000_POP,KZALM,,F,15.17
2011,PER_100000_POP,KZATY,,F,12.4
2011,PER_100000_POP,KZZAP,,F,9.5
2011,PER_100000_POP,KZZHA,,F,15.62
2011,PER_100000_POP,KZKAR,,F,7.69
2011,PER_100000_POP,KZKUS,,F,5.38
2011,PER_100000_POP,KZKZY,,F,10.17
2011,PER_100000_POP,KZMAN,,F,10.38
2011,PER_100000_POP,KZONT,,F,14.57
2011,PER_100000_POP,KZPAV,,F,7.33
2011,PER_100000_POP,KZSEV,,F,7.16
2011,PER_100000_POP,KZVOS,,F,8.59
2011,PER_100000_POP,KZNS,,F,5.39
2011,PER_100000_POP,KZALA,,F,10.16
2011,PER_100000_POP,,U,F,10.08
2011,PER_100000_POP,KZAKM,U,F,8.79
2011,PER_100000_POP,KZAKT,U,F,8.23
2011,PER_100000_POP,KZALM,U,F,15.96
2011,PER_100000_POP,KZATY,U,F,13.37
2011,PER_100000_POP,KZZAP,U,F,10.78
2011,PER_100000_POP,KZZHA,U,F,14.33
2011,PER_100000_POP,KZKAR,U,F,7.92
2011,PER_100000_POP,KZKUS,U,F,6.21
2011,PER_100000_POP,KZKZY,U,F,9.78
2011,PER_100000_POP,KZMAN,U,F,12.57
2011,PER_100000_POP,KZONT,U,F,14.6
2011,PER_100000_POP,KZPAV,U,F,7.21
2011,PER_100000_POP,KZSEV,U,F,9.94
2011,PER_100000_POP,KZVOS,U,F,9.59
2011,PER_100000_POP,KZNS,U,F,5.39
2011,PER_100000_POP,KZALA,U,F,10.16
2011,PER_100000_POP,,R,F,11.11
2011,PER_100000_POP,KZAKM,R,F,5.59
2011,PER_100000_POP,KZAKT,R,F,8.64
2011,PER_100000_POP,KZALM,R,F,14.92
2011,PER_100000_POP,KZATY,R,F,11.47
2011,PER_100000_POP,KZZAP,R,F,8.22
2011,PER_100000_POP,KZZHA,R,F,16.54
2011,PER_100000_POP,KZKAR,R,F,6.79
2011,PER_100000_POP,KZKUS,R,F,4.48
2011,PER_100000_POP,KZKZY,R,F,10.46
2011,PER_100000_POP,KZMAN,R,F,7.91
2011,PER_100000_POP,KZONT,R,F,14.56
2011,PER_100000_POP,KZPAV,R,F,7.62
2011,PER_100000_POP,KZSEV,R,F,5.1
2011,PER_100000_POP,KZVOS,R,F,7.12
2012,PER_100000_POP,,,,19.11
2012,PER_100000_POP,KZAKM,,,14.89
2012,PER_100000_POP,KZAKT,,,17.19
2012,PER_100000_POP,KZALM,,,26.61
2012,PER_100000_POP,KZATY,,,20.4
2012,PER_100000_POP,KZZAP,,,18.86
2012,PER_100000_POP,KZZHA,,,27.76
2012,PER_100000_POP,KZKAR,,,21.32
2012,PER_100000_POP,KZKUS,,,11.93
2012,PER_100000_POP,KZKZY,,,19.17
2012,PER_100000_POP,KZMAN,,,16.34
2012,PER_100000_POP,KZONT,,,22.64
2012,PER_100000_POP,KZPAV,,,14.97
2012,PER_100000_POP,KZSEV,,,12.548647496458877
2012,PER_100000_POP,KZVOS,,,16.49
2012,PER_100000_POP,KZNS,,,11.05
2012,PER_100000_POP,KZALA,,,14.02
2012,PER_100000_POP,,U,,16.57
2012,PER_100000_POP,KZAKM,U,,13.99
2012,PER_100000_POP,KZAKT,U,,14.96
2012,PER_100000_POP,KZALM,U,,27.66
2012,PER_100000_POP,KZATY,U,,23.45
2012,PER_100000_POP,KZZAP,U,,21.33
2012,PER_100000_POP,KZZHA,U,,25.65
2012,PER_100000_POP,KZKAR,U,,18.11
2012,PER_100000_POP,KZKUS,U,,7.58
2012,PER_100000_POP,KZKZY,U,,19.28
2012,PER_100000_POP,KZMAN,U,,15.45
2012,PER_100000_POP,KZONT,U,,20.73
2012,PER_100000_POP,KZPAV,U,,14.91
2012,PER_100000_POP,KZSEV,U,,10.46
2012,PER_100000_POP,KZVOS,U,,13.39
2012,PER_100000_POP,KZNS,U,,11.05
2012,PER_100000_POP,KZALA,U,,14.02
2012,PER_100000_POP,,R,,22.19
2012,PER_100000_POP,KZAKM,R,,15.68
2012,PER_100000_POP,KZAKT,R,,20.77
2012,PER_100000_POP,KZALM,R,,26.29
2012,PER_100000_POP,KZATY,R,,17.56
2012,PER_100000_POP,KZZAP,R,,16.51
2012,PER_100000_POP,KZZHA,R,,29.16
2012,PER_100000_POP,KZKAR,R,,32.93
2012,PER_100000_POP,KZKUS,R,,16.47
2012,PER_100000_POP,KZKZY,R,,19.09
2012,PER_100000_POP,KZMAN,R,,17.28
2012,PER_100000_POP,KZONT,R,,23.87
2012,PER_100000_POP,KZPAV,R,,15.1
2012,PER_100000_POP,KZSEV,R,,14.0
2012,PER_100000_POP,KZVOS,R,,20.83
2012,PER_100000_POP,,,M,29.25
2012,PER_100000_POP,KZAKM,,M,23.76
2012,PER_100000_POP,KZAKT,,M,27.55
2012,PER_100000_POP,KZALM,,M,39.08
2012,PER_100000_POP,KZATY,,M,28.6
2012,PER_100000_POP,KZZAP,,M,24.92
2012,PER_100000_POP,KZZHA,,M,42.51
2012,PER_100000_POP,KZKAR,,M,32.37
2012,PER_100000_POP,KZKUS,,M,20.46
2012,PER_100000_POP,KZKZY,,M,30.6
2012,PER_100000_POP,KZMAN,,M,23.16
2012,PER_100000_POP,KZONT,,M,33.58
2012,PER_100000_POP,KZPAV,,M,24.42
2012,PER_100000_POP,KZSEV,,M,19.85
2012,PER_100000_POP,KZVOS,,M,28.51
2012,PER_100000_POP,KZNS,,M,15.78
2012,PER_100000_POP,KZALA,,M,21.31
2012,PER_100000_POP,,U,M,25.41
2012,PER_100000_POP,KZAKM,U,M,22.42
2012,PER_100000_POP,KZAKT,U,M,24.38
2012,PER_100000_POP,KZALM,U,M,42.69
2012,PER_100000_POP,KZATY,U,M,35.66
2012,PER_100000_POP,KZZAP,U,M,30.27
2012,PER_100000_POP,KZZHA,U,M,38.87
2012,PER_100000_POP,KZKAR,U,M,27.3
2012,PER_100000_POP,KZKUS,U,M,13.65
2012,PER_100000_POP,KZKZY,U,M,29.49
2012,PER_100000_POP,KZMAN,U,M,22.35
2012,PER_100000_POP,KZONT,U,M,29.01
2012,PER_100000_POP,KZPAV,U,M,24.42
2012,PER_100000_POP,KZSEV,U,M,16.66
2012,PER_100000_POP,KZVOS,U,M,23.53
2012,PER_100000_POP,KZNS,U,M,15.78
2012,PER_100000_POP,KZALA,U,M,21.31
2012,PER_100000_POP,,R,M,33.61
2012,PER_100000_POP,KZAKM,R,M,24.87
2012,PER_100000_POP,KZAKT,R,M,32.37
2012,PER_100000_POP,KZALM,R,M,38.03
2012,PER_100000_POP,KZATY,R,M,22.38
2012,PER_100000_POP,KZZAP,R,M,20.23
2012,PER_100000_POP,KZZHA,R,M,44.8
2012,PER_100000_POP,KZKAR,R,M,49.33
2012,PER_100000_POP,KZKUS,R,M,27.11
2012,PER_100000_POP,KZKZY,R,M,31.39
2012,PER_100000_POP,KZMAN,R,M,23.97
2012,PER_100000_POP,KZONT,R,M,36.39
2012,PER_100000_POP,KZPAV,R,M,24.43
2012,PER_100000_POP,KZSEV,R,M,21.89
2012,PER_100000_POP,KZVOS,R,M,34.96
2012,PER_100000_POP,,,F,9.66
2012,PER_100000_POP,KZAKM,,F,6.6
2012,PER_100000_POP,KZAKT,,F,7.56
2012,PER_100000_POP,KZALM,,F,14.58
2012,PER_100000_POP,KZATY,,F,12.51
2012,PER_100000_POP,KZZAP,,F,13.2
2012,PER_100000_POP,KZZHA,,F,13.63
2012,PER_100000_POP,KZKAR,,F,11.42
2012,PER_100000_POP,KZKUS,,F,4.31
2012,PER_100000_POP,KZKZY,,F,7.77
2012,PER_100000_POP,KZMAN,,F,9.63
2012,PER_100000_POP,KZONT,,F,11.89
2012,PER_100000_POP,KZPAV,,F,6.56
2012,PER_100000_POP,KZSEV,,F,5.91
2012,PER_100000_POP,KZVOS,,F,5.6
2012,PER_100000_POP,KZNS,,F,6.62
2012,PER_100000_POP,KZALA,,F,7.92
2012,PER_100000_POP,,U,F,8.79
2012,PER_100000_POP,KZAKM,U,F,6.58
2012,PER_100000_POP,KZAKT,U,F,6.59
2012,PER_100000_POP,KZALM,U,F,14.04
2012,PER_100000_POP,KZATY,U,F,12.3
2012,PER_100000_POP,KZZAP,U,F,13.63
2012,PER_100000_POP,KZZHA,U,F,13.82
2012,PER_100000_POP,KZKAR,U,F,10.15
2012,PER_100000_POP,KZKUS,U,F,2.46
2012,PER_100000_POP,KZKZY,U,F,9.57
2012,PER_100000_POP,KZMAN,U,F,8.9
2012,PER_100000_POP,KZONT,U,F,13.03
2012,PER_100000_POP,KZPAV,U,F,6.81
2012,PER_100000_POP,KZSEV,U,F,5.35
2012,PER_100000_POP,KZVOS,U,F,4.78
2012,PER_100000_POP,KZNS,U,F,6.62
2012,PER_100000_POP,KZALA,U,F,7.92
2012,PER_100000_POP,,R,F,10.79
2012,PER_100000_POP,KZAKM,R,F,6.63
2012,PER_100000_POP,KZAKT,R,F,9.22
2012,PER_100000_POP,KZALM,R,F,14.75
2012,PER_100000_POP,KZATY,R,F,12.71
2012,PER_100000_POP,KZZAP,R,F,12.75
2012,PER_100000_POP,KZZHA,R,F,13.5
2012,PER_100000_POP,KZKAR,R,F,16.37
2012,PER_100000_POP,KZKUS,R,F,6.34
2012,PER_100000_POP,KZKZY,R,F,6.39
2012,PER_100000_POP,KZMAN,R,F,10.43
2012,PER_100000_POP,KZONT,R,F,11.13
2012,PER_100000_POP,KZPAV,R,F,5.98
2012,PER_100000_POP,KZSEV,R,F,6.33
2012,PER_100000_POP,KZVOS,R,F,6.85
2013,PER_100000_POP,,,,19.08
2013,PER_100000_POP,KZAKM,,,16.21
2013,PER_100000_POP,KZAKT,,,19.19
2013,PER_100000_POP,KZALM,,,28.54
2013,PER_100000_POP,KZATY,,,20.3
2013,PER_100000_POP,KZZAP,,,18.36
2013,PER_100000_POP,KZZHA,,,26.55
2013,PER_100000_POP,KZKAR,,,19.32
2013,PER_100000_POP,KZKUS,,,13.4
2013,PER_100000_POP,KZKZY,,,17.46
2013,PER_100000_POP,KZMAN,,,20.6
2013,PER_100000_POP,KZONT,,,23.02
2013,PER_100000_POP,KZPAV,,,12.92
2013,PER_100000_POP,KZSEV,,,11.42
2013,PER_100000_POP,KZVOS,,,15.85
2013,PER_100000_POP,KZNS,,,13.19
2013,PER_100000_POP,KZALA,,,10.8
2013,PER_100000_POP,,U,,16.54
2013,PER_100000_POP,KZAKM,U,,16.51
2013,PER_100000_POP,KZAKT,U,,17.38
2013,PER_100000_POP,KZALM,U,,32.98
2013,PER_100000_POP,KZATY,U,,18.0
2013,PER_100000_POP,KZZAP,U,,19.01
2013,PER_100000_POP,KZZHA,U,,21.52
2013,PER_100000_POP,KZKAR,U,,17.8
2013,PER_100000_POP,KZKUS,U,,16.12
2013,PER_100000_POP,KZKZY,U,,15.96
2013,PER_100000_POP,KZMAN,U,,17.9
2013,PER_100000_POP,KZONT,U,,21.06
2013,PER_100000_POP,KZPAV,U,,12.08
2013,PER_100000_POP,KZSEV,U,,11.65
2013,PER_100000_POP,KZVOS,U,,13.31
2013,PER_100000_POP,KZNS,U,,13.19
2013,PER_100000_POP,KZALA,U,,10.8
2013,PER_100000_POP,,R,,22.17
2013,PER_100000_POP,KZAKM,R,,15.94
2013,PER_100000_POP,KZAKT,R,,22.1
2013,PER_100000_POP,KZALM,R,,27.2
2013,PER_100000_POP,KZATY,R,,22.39
2013,PER_100000_POP,KZZAP,R,,17.73
2013,PER_100000_POP,KZZHA,R,,29.93
2013,PER_100000_POP,KZKAR,R,,24.89
2013,PER_100000_POP,KZKUS,R,,10.52
2013,PER_100000_POP,KZKZY,R,,18.58
2013,PER_100000_POP,KZMAN,R,,23.33
2013,PER_100000_POP,KZONT,R,,24.29
2013,PER_100000_POP,KZPAV,R,,14.82
2013,PER_100000_POP,KZSEV,R,,11.26
2013,PER_100000_POP,KZVOS,R,,19.48
2013,PER_100000_POP,,,M,28.79
2013,PER_100000_POP,KZAKM,,M,24.53
2013,PER_100000_POP,KZAKT,,M,28.95
2013,PER_100000_POP,KZALM,,M,42.99
2013,PER_100000_POP,KZATY,,M,31.59
2013,PER_100000_POP,KZZAP,,M,26.35
2013,PER_100000_POP,KZZHA,,M,37.55
2013,PER_100000_POP,KZKAR,,M,29.27
2013,PER_100000_POP,KZKUS,,M,23.57
2013,PER_100000_POP,KZKZY,,M,24.57
2013,PER_100000_POP,KZMAN,,M,26.5
2013,PER_100000_POP,KZONT,,M,35.39
2013,PER_100000_POP,KZPAV,,M,18.09
2013,PER_100000_POP,KZSEV,,M,17.44
2013,PER_100000_POP,KZVOS,,M,24.13
2013,PER_100000_POP,KZNS,,M,17.95
2013,PER_100000_POP,KZALA,,M,17.66
2013,PER_100000_POP,,U,M,25.02
2013,PER_100000_POP,KZAKM,U,M,24.74
2013,PER_100000_POP,KZAKT,U,M,24.85
2013,PER_100000_POP,KZALM,U,M,49.44
2013,PER_100000_POP,KZATY,U,M,32.21
2013,PER_100000_POP,KZZAP,U,M,29.06
2013,PER_100000_POP,KZZHA,U,M,31.84
2013,PER_100000_POP,KZKAR,U,M,26.3
2013,PER_100000_POP,KZKUS,U,M,28.5
2013,PER_100000_POP,KZKZY,U,M,20.93
2013,PER_100000_POP,KZMAN,U,M,24.03
2013,PER_100000_POP,KZONT,U,M,32.48
2013,PER_100000_POP,KZPAV,U,M,15.42
2013,PER_100000_POP,KZSEV,U,M,19.32
2013,PER_100000_POP,KZVOS,U,M,20.17
2013,PER_100000_POP,KZNS,U,M,17.95
2013,PER_100000_POP,KZALA,U,M,17.66
2013,PER_100000_POP,,R,M,33.09
2013,PER_100000_POP,KZAKM,R,M,24.36
2013,PER_100000_POP,KZAKT,R,M,35.18
2013,PER_100000_POP,KZALM,R,M,41.13
2013,PER_100000_POP,KZATY,R,M,31.05
2013,PER_100000_POP,KZZAP,R,M,23.95
2013,PER_100000_POP,KZZHA,R,M,41.15
2013,PER_100000_POP,KZKAR,R,M,39.33
2013,PER_100000_POP,KZKUS,R,M,18.68
2013,PER_100000_POP,KZKZY,R,M,27.19
2013,PER_100000_POP,KZMAN,R,M,28.91
2013,PER_100000_POP,KZONT,R,M,37.18
2013,PER_100000_POP,KZPAV,R,M,23.74
2013,PER_100000_POP,KZSEV,R,M,16.21
2013,PER_100000_POP,KZVOS,R,M,29.35
2013,PER_100000_POP,,,F,10.02
2013,PER_100000_POP,KZAKM,,F,8.43
2013,PER_100000_POP,KZAKT,,F,10.11
2013,PER_100000_POP,KZALM,,F,14.59
2013,PER_100000_POP,KZATY,,F,9.44
2013,PER_100000_POP,KZZAP,,F,10.9
2013,PER_100000_POP,KZZHA,,F,16.01
2013,PER_100000_POP,KZKAR,,F,10.41
2013,PER_100000_POP,KZKUS,,F,4.3
2013,PER_100000_POP,KZKZY,,F,10.35
2013,PER_100000_POP,KZMAN,,F,14.78
2013,PER_100000_POP,KZONT,,F,10.85
2013,PER_100000_POP,KZPAV,,F,8.31
2013,PER_100000_POP,KZSEV,,F,5.95
2013,PER_100000_POP,KZVOS,,F,8.34
2013,PER_100000_POP,KZNS,,F,8.74
2013,PER_100000_POP,KZALA,,F,5.05
2013,PER_100000_POP,,U,F,9.05
2013,PER_100000_POP,KZAKM,U,F,9.26
2013,PER_100000_POP,KZAKT,U,F,10.71
2013,PER_100000_POP,KZALM,U,F,18.03
2013,PER_100000_POP,KZATY,U,F,5.02
2013,PER_100000_POP,KZZAP,U,F,10.37
2013,PER_100000_POP,KZZHA,U,F,12.28
2013,PER_100000_POP,KZKAR,U,F,10.44
2013,PER_100000_POP,KZKUS,U,F,5.69
2013,PER_100000_POP,KZKZY,U,F,11.22
2013,PER_100000_POP,KZMAN,U,F,12.08
2013,PER_100000_POP,KZONT,U,F,10.4
2013,PER_100000_POP,KZPAV,U,F,9.23
2013,PER_100000_POP,KZSEV,U,F,5.32
2013,PER_100000_POP,KZVOS,U,F,7.46
2013,PER_100000_POP,KZNS,U,F,8.74
2013,PER_100000_POP,KZALA,U,F,5.05
2013,PER_100000_POP,,R,F,11.27
2013,PER_100000_POP,KZAKM,R,F,7.66
2013,PER_100000_POP,KZAKT,R,F,9.08
2013,PER_100000_POP,KZALM,R,F,13.52
2013,PER_100000_POP,KZATY,R,F,13.64
2013,PER_100000_POP,KZZAP,R,F,11.46
2013,PER_100000_POP,KZZHA,R,F,18.65
2013,PER_100000_POP,KZKAR,R,F,10.29
2013,PER_100000_POP,KZKUS,R,F,2.74
2013,PER_100000_POP,KZKZY,R,F,9.68
2013,PER_100000_POP,KZMAN,R,F,17.62
2013,PER_100000_POP,KZONT,R,F,11.15
2013,PER_100000_POP,KZPAV,R,F,6.05
2013,PER_100000_POP,KZSEV,R,F,6.43
2013,PER_100000_POP,KZVOS,R,F,9.69
2014,PER_100000_POP,,,,16.28
2014,PER_100000_POP,KZAKM,,,13.59
2014,PER_100000_POP,KZAKT,,,15.2
2014,PER_100000_POP,KZALM,,,23.51
2014,PER_100000_POP,KZATY,,,14.79
2014,PER_100000_POP,KZZAP,,,13.24
2014,PER_100000_POP,KZZHA,,,18.05
2014,PER_100000_POP,KZKAR,,,14.7
2014,PER_100000_POP,KZKUS,,,16.34
2014,PER_100000_POP,KZKZY,,,14.47
2014,PER_100000_POP,KZMAN,,,17.25
2014,PER_100000_POP,KZONT,,,20.65
2014,PER_100000_POP,KZPAV,,,14.58
2014,PER_100000_POP,KZSEV,,,14.114276852411711
2014,PER_100000_POP,KZVOS,,,13.12
2014,PER_100000_POP,KZNS,,,8.88
2014,PER_100000_POP,KZALA,,,11.94
2014,PER_100000_POP,,U,,14.47
2014,PER_100000_POP,KZAKM,U,,13.55
2014,PER_100000_POP,KZAKT,U,,16.25
2014,PER_100000_POP,KZALM,U,,26.13
2014,PER_100000_POP,KZATY,U,,11.86
2014,PER_100000_POP,KZZAP,U,,13.88
2014,PER_100000_POP,KZZHA,U,,17.97
2014,PER_100000_POP,KZKAR,U,,14.68
2014,PER_100000_POP,KZKUS,U,,11.15
2014,PER_100000_POP,KZKZY,U,,14.65
2014,PER_100000_POP,KZMAN,U,,14.61
2014,PER_100000_POP,KZONT,U,,22.01
2014,PER_100000_POP,KZPAV,U,,11.56
2014,PER_100000_POP,KZSEV,U,,7.84
2014,PER_100000_POP,KZVOS,U,,11.15
2014,PER_100000_POP,KZNS,U,,8.88
2014,PER_100000_POP,KZALA,U,,11.94
2014,PER_100000_POP,,R,,18.55
2014,PER_100000_POP,KZAKM,R,,13.62
2014,PER_100000_POP,KZAKT,R,,13.5
2014,PER_100000_POP,KZALM,R,,22.66
2014,PER_100000_POP,KZATY,R,,17.39
2014,PER_100000_POP,KZZAP,R,,12.61
2014,PER_100000_POP,KZZHA,R,,18.1
2014,PER_100000_POP,KZKAR,R,,14.77
2014,PER_100000_POP,KZKUS,R,,21.95
2014,PER_100000_POP,KZKZY,R,,14.34
2014,PER_100000_POP,KZMAN,R,,19.59
2014,PER_100000_POP,KZONT,R,,19.66
2014,PER_100000_POP,KZPAV,R,,21.6
2014,PER_100000_POP,KZSEV,R,,18.7
2014,PER_100000_POP,KZVOS,R,,15.97
2014,PER_100000_POP,,,M,25.28
2014,PER_100000_POP,KZAKM,,M,21.1
2014,PER_100000_POP,KZAKT,,M,20.82
2014,PER_100000_POP,KZALM,,M,34.58
2014,PER_100000_POP,KZATY,,M,20.57
2014,PER_100000_POP,KZZAP,,M,21.79
2014,PER_100000_POP,KZZHA,,M,27.85
2014,PER_100000_POP,KZKAR,,M,23.71
2014,PER_100000_POP,KZKUS,,M,27.14
2014,PER_100000_POP,KZKZY,,M,18.24
2014,PER_100000_POP,KZMAN,,M,27.3
2014,PER_100000_POP,KZONT,,M,32.69
2014,PER_100000_POP,KZPAV,,M,23.9
2014,PER_100000_POP,KZSEV,,M,23.41
2014,PER_100000_POP,KZVOS,,M,20.49
2014,PER_100000_POP,KZNS,,M,14.66
2014,PER_100000_POP,KZALA,,M,19.38
2014,PER_100000_POP,,U,M,22.42
2014,PER_100000_POP,KZAKM,U,M,18.47
2014,PER_100000_POP,KZAKT,U,M,22.63
2014,PER_100000_POP,KZALM,U,M,37.12
2014,PER_100000_POP,KZATY,U,M,18.63
2014,PER_100000_POP,KZZAP,U,M,24.4
2014,PER_100000_POP,KZZHA,U,M,26.46
2014,PER_100000_POP,KZKAR,U,M,23.86
2014,PER_100000_POP,KZKUS,U,M,18.64
2014,PER_100000_POP,KZKZY,U,M,15.95
2014,PER_100000_POP,KZMAN,U,M,20.93
2014,PER_100000_POP,KZONT,U,M,35.1
2014,PER_100000_POP,KZPAV,U,M,18.53
2014,PER_100000_POP,KZSEV,U,M,15.51
2014,PER_100000_POP,KZVOS,U,M,16.32
2014,PER_100000_POP,KZNS,U,M,14.66
2014,PER_100000_POP,KZALA,U,M,19.38
2014,PER_100000_POP,,R,M,28.67
2014,PER_100000_POP,KZAKM,R,M,23.31
2014,PER_100000_POP,KZAKT,R,M,18.04
2014,PER_100000_POP,KZALM,R,M,33.78
2014,PER_100000_POP,KZATY,R,M,22.19
2014,PER_100000_POP,KZZAP,R,M,19.44
2014,PER_100000_POP,KZZHA,R,M,28.73
2014,PER_100000_POP,KZKAR,R,M,23.2
2014,PER_100000_POP,KZKUS,R,M,35.74
2014,PER_100000_POP,KZKZY,R,M,19.9
2014,PER_100000_POP,KZMAN,R,M,32.88
2014,PER_100000_POP,KZONT,R,M,31.02
2014,PER_100000_POP,KZPAV,R,M,35.46
2014,PER_100000_POP,KZSEV,R,M,28.69
2014,PER_100000_POP,KZVOS,R,M,26.07
2014,PER_100000_POP,,,F,7.86
2014,PER_100000_POP,KZAKM,,F,6.57
2014,PER_100000_POP,KZAKT,,F,9.95
2014,PER_100000_POP,KZALM,,F,12.83
2014,PER_100000_POP,KZATY,,F,9.23
2014,PER_100000_POP,KZZAP,,F,5.24
2014,PER_100000_POP,KZZHA,,F,8.63
2014,PER_100000_POP,KZKAR,,F,6.63
2014,PER_100000_POP,KZKUS,,F,6.67
2014,PER_100000_POP,KZKZY,,F,10.71
2014,PER_100000_POP,KZMAN,,F,7.32
2014,PER_100000_POP,KZONT,,F,8.78
2014,PER_100000_POP,KZPAV,,F,6.27
2014,PER_100000_POP,KZSEV,,F,5.66
2014,PER_100000_POP,KZVOS,,F,6.43
2014,PER_100000_POP,KZNS,,F,3.48
2014,PER_100000_POP,KZALA,,F,5.69
2014,PER_100000_POP,,U,F,7.43
2014,PER_100000_POP,KZAKM,U,F,9.22
2014,PER_100000_POP,KZAKT,U,F,10.52
2014,PER_100000_POP,KZALM,U,F,16.12
2014,PER_100000_POP,KZATY,U,F,5.68
2014,PER_100000_POP,KZZAP,U,F,4.81
2014,PER_100000_POP,KZZHA,U,F,10.36
2014,PER_100000_POP,KZKAR,U,F,6.73
2014,PER_100000_POP,KZKUS,U,F,4.83
2014,PER_100000_POP,KZKZY,U,F,13.41
2014,PER_100000_POP,KZMAN,U,F,8.45
2014,PER_100000_POP,KZONT,U,F,9.71
2014,PER_100000_POP,KZPAV,U,F,5.62
2014,PER_100000_POP,KZSEV,U,F,1.51
2014,PER_100000_POP,KZVOS,U,F,6.74
2014,PER_100000_POP,KZNS,U,F,3.48
2014,PER_100000_POP,KZALA,U,F,5.69
2014,PER_100000_POP,,R,F,8.44
2014,PER_100000_POP,KZAKM,R,F,4.08
2014,PER_100000_POP,KZAKT,R,F,8.98
2014,PER_100000_POP,KZALM,R,F,11.71
2014,PER_100000_POP,KZATY,R,F,12.53
2014,PER_100000_POP,KZZAP,R,F,5.7
2014,PER_100000_POP,KZZHA,R,F,7.39
2014,PER_100000_POP,KZKAR,R,F,6.23
2014,PER_100000_POP,KZKUS,R,F,8.77
2014,PER_100000_POP,KZKZY,R,F,8.6
2014,PER_100000_POP,KZMAN,R,F,6.31
2014,PER_100000_POP,KZONT,R,F,8.07
2014,PER_100000_POP,KZPAV,R,F,7.89
2014,PER_100000_POP,KZSEV,R,F,8.94
2014,PER_100000_POP,KZVOS,R,F,5.94
2015,PER_100000_POP,,,,15.16
2015,PER_100000_POP,KZAKM,,,10.803657037907332
2015,PER_100000_POP,KZAKT,,,15.2
2015,PER_100000_POP,KZALM,,,24.29
2015,PER_100000_POP,KZATY,,,12.08
2015,PER_100000_POP,KZZAP,,,15.153476302172944
2015,PER_100000_POP,KZZHA,,,21.91
2015,PER_100000_POP,KZKAR,,,13.83
2015,PER_100000_POP,KZKUS,,,14.5
2015,PER_100000_POP,KZKZY,,,13.0429627287459
2015,PER_100000_POP,KZMAN,,,14.1
2015,PER_100000_POP,KZONT,,,17.552661537783703
2015,PER_100000_POP,KZPAV,,,12.55
2015,PER_100000_POP,KZSEV,,,10.337963806613494
2015,PER_100000_POP,KZVOS,,,14.47
2015,PER_100000_POP,KZNS,,,8.35
2015,PER_100000_POP,KZALA,,,8.79
2015,PER_100000_POP,,U,,13.0
2015,PER_100000_POP,KZAKM,U,,10.31
2015,PER_100000_POP,KZAKT,U,,14.54
2015,PER_100000_POP,KZALM,U,,28.61
2015,PER_100000_POP,KZATY,U,,8.25
2015,PER_100000_POP,KZZAP,U,,15.56
2015,PER_100000_POP,KZZHA,U,,19.28
2015,PER_100000_POP,KZKAR,U,,13.36
2015,PER_100000_POP,KZKUS,U,,11.64
2015,PER_100000_POP,KZKZY,U,,13.66
2015,PER_100000_POP,KZMAN,U,,15.56
2015,PER_100000_POP,KZONT,U,,16.55
2015,PER_100000_POP,KZPAV,U,,10.9
2015,PER_100000_POP,KZSEV,U,,10.16
2015,PER_100000_POP,KZVOS,U,,10.94
2015,PER_100000_POP,KZNS,U,,8.35
2015,PER_100000_POP,KZALA,U,,8.79
2015,PER_100000_POP,,R,,17.97
2015,PER_100000_POP,KZAKM,R,,11.25
2015,PER_100000_POP,KZAKT,R,,16.31
2015,PER_100000_POP,KZALM,R,,22.91
2015,PER_100000_POP,KZATY,R,,15.53
2015,PER_100000_POP,KZZAP,R,,14.75
2015,PER_100000_POP,KZZHA,R,,23.69
2015,PER_100000_POP,KZKAR,R,,15.57
2015,PER_100000_POP,KZKUS,R,,17.67
2015,PER_100000_POP,KZKZY,R,,12.57
2015,PER_100000_POP,KZMAN,R,,12.97
2015,PER_100000_POP,KZONT,R,,18.36
2015,PER_100000_POP,KZPAV,R,,16.45
2015,PER_100000_POP,KZSEV,R,,10.47
2015,PER_100000_POP,KZVOS,R,,19.68
2015,PER_100000_POP,,,M,23.38
2015,PER_100000_POP,KZAKM,,M,14.54
2015,PER_100000_POP,KZAKT,,M,23.73
2015,PER_100000_POP,KZALM,,M,37.07
2015,PER_100000_POP,KZATY,,M,17.66
2015,PER_100000_POP,KZZAP,,M,21.89
2015,PER_100000_POP,KZZHA,,M,33.95
2015,PER_100000_POP,KZKAR,,M,22.8
2015,PER_100000_POP,KZKUS,,M,23.01
2015,PER_100000_POP,KZKZY,,M,20.04
2015,PER_100000_POP,KZMAN,,M,20.53
2015,PER_100000_POP,KZONT,,M,27.32
2015,PER_100000_POP,KZPAV,,M,18.2
2015,PER_100000_POP,KZSEV,,M,17.27
2015,PER_100000_POP,KZVOS,,M,21.67
2015,PER_100000_POP,KZNS,,M,12.5
2015,PER_100000_POP,KZALA,,M,13.86
2015,PER_100000_POP,,U,M,19.77
2015,PER_100000_POP,KZAKM,U,M,12.22
2015,PER_100000_POP,KZAKT,U,M,23.33
2015,PER_100000_POP,KZALM,U,M,40.74
2015,PER_100000_POP,KZATY,U,M,12.0
2015,PER_100000_POP,KZZAP,U,M,19.89
2015,PER_100000_POP,KZZHA,U,M,29.35
2015,PER_100000_POP,KZKAR,U,M,22.45
2015,PER_100000_POP,KZKUS,U,M,17.89
2015,PER_100000_POP,KZKZY,U,M,20.49
2015,PER_100000_POP,KZMAN,U,M,20.7
2015,PER_100000_POP,KZONT,U,M,25.25
2015,PER_100000_POP,KZPAV,U,M,15.91
2015,PER_100000_POP,KZSEV,U,M,17.04
2015,PER_100000_POP,KZVOS,U,M,16.96
2015,PER_100000_POP,KZNS,U,M,12.5
2015,PER_100000_POP,KZALA,U,M,13.86
2015,PER_100000_POP,,R,M,27.81
2015,PER_100000_POP,KZAKM,R,M,16.49
2015,PER_100000_POP,KZAKT,R,M,24.34
2015,PER_100000_POP,KZALM,R,M,35.95
2015,PER_100000_POP,KZATY,R,M,22.51
2015,PER_100000_POP,KZZAP,R,M,23.7
2015,PER_100000_POP,KZZHA,R,M,36.88
2015,PER_100000_POP,KZKAR,R,M,24.02
2015,PER_100000_POP,KZKUS,R,M,28.31
2015,PER_100000_POP,KZKZY,R,M,19.7
2015,PER_100000_POP,KZMAN,R,M,20.4
2015,PER_100000_POP,KZONT,R,M,28.93
2015,PER_100000_POP,KZPAV,R,M,23.2
2015,PER_100000_POP,KZSEV,R,M,17.44
2015,PER_100000_POP,KZVOS,R,M,28.09
2015,PER_100000_POP,,,F,7.47
2015,PER_100000_POP,KZAKM,,F,7.32
2015,PER_100000_POP,KZAKT,,F,7.24
2015,PER_100000_POP,KZALM,,F,11.91
2015,PER_100000_POP,KZATY,,F,6.69
2015,PER_100000_POP,KZZAP,,F,8.86
2015,PER_100000_POP,KZZHA,,F,10.31
2015,PER_100000_POP,KZKAR,,F,5.77
2015,PER_100000_POP,KZKUS,,F,6.88
2015,PER_100000_POP,KZKZY,,F,6.06
2015,PER_100000_POP,KZMAN,,F,7.74
2015,PER_100000_POP,KZONT,,F,7.91
2015,PER_100000_POP,KZPAV,,F,7.5
2015,PER_100000_POP,KZSEV,,F,4.02
2015,PER_100000_POP,KZVOS,,F,7.93
2015,PER_100000_POP,KZNS,,F,4.48
2015,PER_100000_POP,KZALA,,F,4.52
2015,PER_100000_POP,,U,F,6.99
2015,PER_100000_POP,KZAKM,U,F,8.62
2015,PER_100000_POP,KZAKT,U,F,6.63
2015,PER_100000_POP,KZALM,U,F,17.55
2015,PER_100000_POP,KZATY,U,F,4.81
2015,PER_100000_POP,KZZAP,U,F,11.83
2015,PER_100000_POP,KZZHA,U,F,10.22
2015,PER_100000_POP,KZKAR,U,F,5.47
2015,PER_100000_POP,KZKUS,U,F,6.36
2015,PER_100000_POP,KZKZY,U,F,7.13
2015,PER_100000_POP,KZMAN,U,F,10.4
2015,PER_100000_POP,KZONT,U,F,8.33
2015,PER_100000_POP,KZPAV,U,F,6.62
2015,PER_100000_POP,KZSEV,U,F,4.46
2015,PER_100000_POP,KZVOS,U,F,5.8
2015,PER_100000_POP,KZNS,U,F,4.48
2015,PER_100000_POP,KZALA,U,F,4.52
2015,PER_100000_POP,,R,F,8.13
2015,PER_100000_POP,KZAKM,R,F,6.09
2015,PER_100000_POP,KZAKT,R,F,8.3
2015,PER_100000_POP,KZALM,R,F,10.03
2015,PER_100000_POP,KZATY,R,F,8.46
2015,PER_100000_POP,KZZAP,R,F,5.68
2015,PER_100000_POP,KZZHA,R,F,10.37
2015,PER_100000_POP,KZKAR,R,F,6.98
2015,PER_100000_POP,KZKUS,R,F,7.48
2015,PER_100000_POP,KZKZY,R,F,5.2
2015,PER_100000_POP,KZMAN,R,F,5.7
2015,PER_100000_POP,KZONT,R,F,7.56
2015,PER_100000_POP,KZPAV,R,F,9.74
2015,PER_100000_POP,KZSEV,R,F,3.66
2015,PER_100000_POP,KZVOS,R,F,11.32
2016,PER_100000_POP,,,,15.27
2016,PER_100000_POP,KZAKM,,,12.98
2016,PER_100000_POP,KZAKT,,,11.19
2016,PER_100000_POP,KZALM,,,23.51
2016,PER_100000_POP,KZATY,,,11.979634621144056
2016,PER_100000_POP,KZZAP,,,14.24
2016,PER_100000_POP,KZZHA,,,22.46
2016,PER_100000_POP,KZKAR,,,11.92
2016,PER_100000_POP,KZKUS,,,9.3
2016,PER_100000_POP,KZKZY,,,17.94
2016,PER_100000_POP,KZMAN,,,16.23
2016,PER_100000_POP,KZONT,,,19.931784342289586
2016,PER_100000_POP,KZPAV,,,12.66818332972642
2016,PER_100000_POP,KZSEV,,,9.356568222622773
2016,PER_100000_POP,KZVOS,,,15.08
2016,PER_100000_POP,KZNS,,,8.670789627134369
2016,PER_100000_POP,KZALA,,,9.03
2016,PER_100000_POP,,U,,12.49
2016,PER_100000_POP,KZAKM,U,,10.86
2016,PER_100000_POP,KZAKT,U,,10.26
2016,PER_100000_POP,KZALM,U,,24.32
2016,PER_100000_POP,KZATY,U,,10.78
2016,PER_100000_POP,KZZAP,U,,13.09
2016,PER_100000_POP,KZZHA,U,,20.26
2016,PER_100000_POP,KZKAR,U,,11.02
2016,PER_100000_POP,KZKUS,U,,7.26
2016,PER_100000_POP,KZKZY,U,,12.16
2016,PER_100000_POP,KZMAN,U,,12.16
2016,PER_100000_POP,KZONT,U,,19.07
2016,PER_100000_POP,KZPAV,U,,10.1
2016,PER_100000_POP,KZSEV,U,,9.63
2016,PER_100000_POP,KZVOS,U,,12.78
2016,PER_100000_POP,KZNS,U,,8.67
2016,PER_100000_POP,KZALA,U,,9.03
2016,PER_100000_POP,,R,,18.98
2016,PER_100000_POP,KZAKM,R,,14.89
2016,PER_100000_POP,KZAKT,R,,12.75
2016,PER_100000_POP,KZALM,R,,23.25
2016,PER_100000_POP,KZATY,R,,13.08
2016,PER_100000_POP,KZZAP,R,,15.39
2016,PER_100000_POP,KZZHA,R,,23.95
2016,PER_100000_POP,KZKAR,R,,15.38
2016,PER_100000_POP,KZKUS,R,,11.61
2016,PER_100000_POP,KZKZY,R,,22.46
2016,PER_100000_POP,KZMAN,R,,19.6
2016,PER_100000_POP,KZONT,R,,20.64
2016,PER_100000_POP,KZPAV,R,,18.82
2016,PER_100000_POP,KZSEV,R,,9.14
2016,PER_100000_POP,KZVOS,R,,18.54
2016,PER_100000_POP,,,M,23.3
2016,PER_100000_POP,KZAKM,,M,19.58
2016,PER_100000_POP,KZAKT,,M,16.74
2016,PER_100000_POP,KZALM,,M,36.45
2016,PER_100000_POP,KZATY,,M,15.9
2016,PER_100000_POP,KZZAP,,M,23.95
2016,PER_100000_POP,KZZHA,,M,33.84
2016,PER_100000_POP,KZKAR,,M,18.16
2016,PER_100000_POP,KZKUS,,M,13.9
2016,PER_100000_POP,KZKZY,,M,27.29
2016,PER_100000_POP,KZMAN,,M,24.05
2016,PER_100000_POP,KZONT,,M,29.39
2016,PER_100000_POP,KZPAV,,M,21.24
2016,PER_100000_POP,KZSEV,,M,15.91
2016,PER_100000_POP,KZVOS,,M,23.66
2016,PER_100000_POP,KZNS,,M,12.59
2016,PER_100000_POP,KZALA,,M,12.66
2016,PER_100000_POP,,U,M,18.54
2016,PER_100000_POP,KZAKM,U,M,15.22
2016,PER_100000_POP,KZAKT,U,M,15.63
2016,PER_100000_POP,KZALM,U,M,38.97
2016,PER_100000_POP,KZATY,U,M,12.34
2016,PER_100000_POP,KZZAP,U,M,22.89
2016,PER_100000_POP,KZZHA,U,M,29.12
2016,PER_100000_POP,KZKAR,U,M,16.25
2016,PER_100000_POP,KZKUS,U,M,11.65
2016,PER_100000_POP,KZKZY,U,M,18.8
2016,PER_100000_POP,KZMAN,U,M,16.14
2016,PER_100000_POP,KZONT,U,M,26.91
2016,PER_100000_POP,KZPAV,U,M,17.04
2016,PER_100000_POP,KZSEV,U,M,14.16
2016,PER_100000_POP,KZVOS,U,M,19.68
2016,PER_100000_POP,KZNS,U,M,12.59
2016,PER_100000_POP,KZALA,U,M,12.66
2016,PER_100000_POP,,R,M,29.25
2016,PER_100000_POP,KZAKM,R,M,23.29
2016,PER_100000_POP,KZAKT,R,M,18.5
2016,PER_100000_POP,KZALM,R,M,35.68
2016,PER_100000_POP,KZATY,R,M,19.01
2016,PER_100000_POP,KZZAP,R,M,24.92
2016,PER_100000_POP,KZZHA,R,M,36.85
2016,PER_100000_POP,KZKAR,R,M,24.91
2016,PER_100000_POP,KZKUS,R,M,16.28
2016,PER_100000_POP,KZKZY,R,M,33.67
2016,PER_100000_POP,KZMAN,R,M,30.55
2016,PER_100000_POP,KZONT,R,M,31.36
2016,PER_100000_POP,KZPAV,R,M,30.53
2016,PER_100000_POP,KZSEV,R,M,17.16
2016,PER_100000_POP,KZVOS,R,M,29.19
2016,PER_100000_POP,,,F,7.76
2016,PER_100000_POP,KZAKM,,F,6.81
2016,PER_100000_POP,KZAKT,,F,5.99
2016,PER_100000_POP,KZALM,,F,10.93
2016,PER_100000_POP,KZATY,,F,8.18
2016,PER_100000_POP,KZZAP,,F,5.15
2016,PER_100000_POP,KZZHA,,F,11.48
2016,PER_100000_POP,KZKAR,,F,6.32
2016,PER_100000_POP,KZKUS,,F,5.17
2016,PER_100000_POP,KZKZY,,F,8.58
2016,PER_100000_POP,KZMAN,,F,8.47
2016,PER_100000_POP,KZONT,,F,10.57
2016,PER_100000_POP,KZPAV,,F,5.0
2016,PER_100000_POP,KZSEV,,F,3.38
2016,PER_100000_POP,KZVOS,,F,7.27
2016,PER_100000_POP,KZNS,,F,5.02
2016,PER_100000_POP,KZALA,,F,5.97
2016,PER_100000_POP,,U,F,7.12
2016,PER_100000_POP,KZAKM,U,F,7.0
2016,PER_100000_POP,KZAKT,U,F,5.42
2016,PER_100000_POP,KZALM,U,F,10.93
2016,PER_100000_POP,KZATY,U,F,9.35
2016,PER_100000_POP,KZZAP,U,F,4.64
2016,PER_100000_POP,KZZHA,U,F,12.28
2016,PER_100000_POP,KZKAR,U,F,6.48
2016,PER_100000_POP,KZKUS,U,F,3.55
2016,PER_100000_POP,KZKZY,U,F,5.8
2016,PER_100000_POP,KZMAN,U,F,8.26
2016,PER_100000_POP,KZONT,U,F,11.63
2016,PER_100000_POP,KZPAV,U,F,4.16
2016,PER_100000_POP,KZSEV,U,F,5.88
2016,PER_100000_POP,KZVOS,U,F,6.87
2016,PER_100000_POP,KZNS,U,F,5.02
2016,PER_100000_POP,KZALA,U,F,5.97
2016,PER_100000_POP,,R,F,8.66
2016,PER_100000_POP,KZAKM,R,F,6.63
2016,PER_100000_POP,KZAKT,R,F,7.01
2016,PER_100000_POP,KZALM,R,F,10.93
2016,PER_100000_POP,KZATY,R,F,7.07
2016,PER_100000_POP,KZZAP,R,F,5.7
2016,PER_100000_POP,KZZHA,R,F,10.9
2016,PER_100000_POP,KZKAR,R,F,5.65
2016,PER_100000_POP,KZKUS,R,F,7.12
2016,PER_100000_POP,KZKZY,R,F,10.85
2016,PER_100000_POP,KZMAN,R,F,8.65
2016,PER_100000_POP,KZONT,R,F,9.67
2016,PER_100000_POP,KZPAV,R,F,7.15
2016,PER_100000_POP,KZSEV,R,F,1.25
2016,PER_100000_POP,KZVOS,R,F,7.91
2017,PER_100000_POP,,,,13.04
2017,PER_100000_POP,KZAKM,,,15.2
2017,PER_100000_POP,KZAKT,,,10.68
2017,PER_100000_POP,KZALM,,,19.8
2017,PER_100000_POP,KZATY,,,8.957078494135963
2017,PER_100000_POP,KZZAP,,,15.21
2017,PER_100000_POP,KZZHA,,,17.2
2017,PER_100000_POP,KZKAR,,,11.8
2017,PER_100000_POP,KZKUS,,,10.37
2017,PER_100000_POP,KZKZY,,,11.437809800789337
2017,PER_100000_POP,KZMAN,,,11.05
2017,PER_100000_POP,KZONT,,,17.63
2017,PER_100000_POP,KZPAV,,,8.202398143082897
2017,PER_100000_POP,KZSEV,,,9.093048631763624
2017,PER_100000_POP,KZVOS,,,10.17
2017,PER_100000_POP,KZNS,,,8.09
2017,PER_100000_POP,KZALA,,,8.24
2017,PER_100000_POP,,U,,10.82
2017,PER_100000_POP,KZAKM,U,,18.64
2017,PER_100000_POP,KZAKT,U,,8.91
2017,PER_100000_POP,KZALM,U,,17.25
2017,PER_100000_POP,KZATY,U,,6.79
2017,PER_100000_POP,KZZAP,U,,14.29
2017,PER_100000_POP,KZZHA,U,,14.34
2017,PER_100000_POP,KZKAR,U,,10.19
2017,PER_100000_POP,KZKUS,U,,9.35
2017,PER_100000_POP,KZKZY,U,,12.52
2017,PER_100000_POP,KZMAN,U,,10.69
2017,PER_100000_POP,KZONT,U,,16.19
2017,PER_100000_POP,KZPAV,U,,7.49
2017,PER_100000_POP,KZSEV,U,,5.6
2017,PER_100000_POP,KZVOS,U,,8.19
2017,PER_100000_POP,KZNS,U,,8.09
2017,PER_100000_POP,KZALA,U,,8.27
2017,PER_100000_POP,,R,,16.04
2017,PER_100000_POP,KZAKM,R,,12.11
2017,PER_100000_POP,KZAKT,R,,13.73
2017,PER_100000_POP,KZALM,R,,20.58
2017,PER_100000_POP,KZATY,R,,10.95
2017,PER_100000_POP,KZZAP,R,,16.17
2017,PER_100000_POP,KZZHA,R,,19.11
2017,PER_100000_POP,KZKAR,R,,18.03
2017,PER_100000_POP,KZKUS,R,,11.56
2017,PER_100000_POP,KZKZY,R,,10.58
2017,PER_100000_POP,KZMAN,R,,11.31
2017,PER_100000_POP,KZONT,R,,18.83
2017,PER_100000_POP,KZPAV,R,,9.92
2017,PER_100000_POP,KZSEV,R,,11.9
2017,PER_100000_POP,KZVOS,R,,13.22
2017,PER_100000_POP,,,M,19.35
2017,PER_100000_POP,KZAKM,,M,22.14
2017,PER_100000_POP,KZAKT,,M,15.29
2017,PER_100000_POP,KZALM,,M,28.94
2017,PER_100000_POP,KZATY,,M,12.24
2017,PER_100000_POP,KZZAP,,M,21.49
2017,PER_100000_POP,KZZHA,,M,23.69
2017,PER_100000_POP,KZKAR,,M,17.87
2017,PER_100000_POP,KZKUS,,M,16.11
2017,PER_100000_POP,KZKZY,,M,17.2
2017,PER_100000_POP,KZMAN,,M,15.1
2017,PER_100000_POP,KZONT,,M,26.37
2017,PER_100000_POP,KZPAV,,M,11.75
2017,PER_100000_POP,KZSEV,,M,15.68
2017,PER_100000_POP,KZVOS,,M,16.04
2017,PER_100000_POP,KZNS,,M,12.02
2017,PER_100000_POP,KZALA,,M,12.08
2017,PER_100000_POP,,U,M,16.47
2017,PER_100000_POP,KZAKM,U,M,26.84
2017,PER_100000_POP,KZAKT,U,M,12.92
2017,PER_100000_POP,KZALM,U,M,27.16
2017,PER_100000_POP,KZATY,U,M,9.91
2017,PER_100000_POP,KZZAP,U,M,22.29
2017,PER_100000_POP,KZZHA,U,M,18.88
2017,PER_100000_POP,KZKAR,U,M,15.43
2017,PER_100000_POP,KZKUS,U,M,16.2
2017,PER_100000_POP,KZKZY,U,M,17.85
2017,PER_100000_POP,KZMAN,U,M,16.16
2017,PER_100000_POP,KZONT,U,M,25.0
2017,PER_100000_POP,KZPAV,U,M,10.55
2017,PER_100000_POP,KZSEV,U,M,11.45
2017,PER_100000_POP,KZVOS,U,M,13.89
2017,PER_100000_POP,KZNS,U,M,12.02
2017,PER_100000_POP,KZALA,U,M,12.08
2017,PER_100000_POP,,R,M,22.97
2017,PER_100000_POP,KZAKM,R,M,18.15
2017,PER_100000_POP,KZAKT,R,M,19.14
2017,PER_100000_POP,KZALM,R,M,29.47
2017,PER_100000_POP,KZATY,R,M,14.28
2017,PER_100000_POP,KZZAP,R,M,20.72
2017,PER_100000_POP,KZZHA,R,M,26.71
2017,PER_100000_POP,KZKAR,R,M,26.58
2017,PER_100000_POP,KZKUS,R,M,16.02
2017,PER_100000_POP,KZKZY,R,M,16.7
2017,PER_100000_POP,KZMAN,R,M,14.33
2017,PER_100000_POP,KZONT,R,M,27.47
2017,PER_100000_POP,KZPAV,R,M,14.42
2017,PER_100000_POP,KZSEV,R,M,18.78
2017,PER_100000_POP,KZVOS,R,M,19.1
2017,PER_100000_POP,,,F,7.13
2017,PER_100000_POP,KZAKM,,F,8.69
2017,PER_100000_POP,KZAKT,,F,6.37
2017,PER_100000_POP,KZALM,,F,10.87
2017,PER_100000_POP,KZATY,,F,5.77
2017,PER_100000_POP,KZZAP,,F,9.33
2017,PER_100000_POP,KZZHA,,F,10.93
2017,PER_100000_POP,KZKAR,,F,6.33
2017,PER_100000_POP,KZKUS,,F,5.2
2017,PER_100000_POP,KZKZY,,F,5.66
2017,PER_100000_POP,KZMAN,,F,7.03
2017,PER_100000_POP,KZONT,,F,8.98
2017,PER_100000_POP,KZPAV,,F,5.02
2017,PER_100000_POP,KZSEV,,F,3.07
2017,PER_100000_POP,KZVOS,,F,4.82
2017,PER_100000_POP,KZNS,,F,4.43
2017,PER_100000_POP,KZALA,,F,5.08
2017,PER_100000_POP,,U,F,5.78
2017,PER_100000_POP,KZAKM,U,F,11.37
2017,PER_100000_POP,KZAKT,U,F,5.3
2017,PER_100000_POP,KZALM,U,F,8.16
2017,PER_100000_POP,KZATY,U,F,3.92
2017,PER_100000_POP,KZZAP,U,F,7.37
2017,PER_100000_POP,KZZHA,U,F,10.24
2017,PER_100000_POP,KZKAR,U,F,5.62
2017,PER_100000_POP,KZKUS,U,F,3.53
2017,PER_100000_POP,KZKZY,U,F,7.41
2017,PER_100000_POP,KZMAN,U,F,5.17
2017,PER_100000_POP,KZONT,U,F,7.82
2017,PER_100000_POP,KZPAV,U,F,4.87
2017,PER_100000_POP,KZSEV,U,F,0.73
2017,PER_100000_POP,KZVOS,U,F,3.31
2017,PER_100000_POP,KZNS,U,F,4.43
2017,PER_100000_POP,KZALA,U,F,5.08
2017,PER_100000_POP,,R,F,9.06
2017,PER_100000_POP,KZAKM,R,F,6.15
2017,PER_100000_POP,KZAKT,R,F,8.31
2017,PER_100000_POP,KZALM,R,F,11.73
2017,PER_100000_POP,KZATY,R,F,7.56
2017,PER_100000_POP,KZZAP,R,F,11.53
2017,PER_100000_POP,KZZHA,R,F,11.41
2017,PER_100000_POP,KZKAR,R,F,9.3
2017,PER_100000_POP,KZKUS,R,F,7.26
2017,PER_100000_POP,KZKZY,R,F,4.22
2017,PER_100000_POP,KZMAN,R,F,8.34
2017,PER_100000_POP,KZONT,R,F,9.98
2017,PER_100000_POP,KZPAV,R,F,5.41
2017,PER_100000_POP,KZSEV,R,F,5.11
2017,PER_100000_POP,KZVOS,R,F,7.34
2018,PER_100000_POP,,,,13.2
2018,PER_100000_POP,KZAKM,,,10.56
2018,PER_100000_POP,KZAKT,,,12.74
2018,PER_100000_POP,KZALM,,,16.72
2018,PER_100000_POP,KZATY,,,16.1
2018,PER_100000_POP,KZZAP,,,17.86
2018,PER_100000_POP,KZZHA,,,17.57
2018,PER_100000_POP,KZKAR,,,14.72
2018,PER_100000_POP,KZKUS,,,9.72
2018,PER_100000_POP,KZKZY,,,12.04
2018,PER_100000_POP,KZMAN,,,7.77
2018,PER_100000_POP,KZPAV,,,11.27
2018,PER_100000_POP,KZSEV,,,9.7
2018,PER_100000_POP,KZYUZ,,,18.58
2018,PER_100000_POP,KZVOS,,,10.79
2018,PER_100000_POP,KZNS,,,8.16
2018,PER_100000_POP,KZALA,,,10.01
2018,PER_100000_POP,KZSHY,,,11.42
2018,PER_100000_POP,,U,,11.49
2018,PER_100000_POP,KZAKM,U,,10.9
2018,PER_100000_POP,KZAKT,U,,11.51
2018,PER_100000_POP,KZALM,U,,17.36
2018,PER_100000_POP,KZATY,U,,16.17
2018,PER_100000_POP,KZZAP,U,,18.14
2018,PER_100000_POP,KZZHA,U,,15.27
2018,PER_100000_POP,KZKAR,U,,13.02
2018,PER_100000_POP,KZKUS,U,,10.12
2018,PER_100000_POP,KZKZY,U,,11.74
2018,PER_100000_POP,KZMAN,U,,8.51
2018,PER_100000_POP,KZPAV,U,,9.2
2018,PER_100000_POP,KZSEV,U,,5.95
2018,PER_100000_POP,KZYUZ,U,,20.05
2018,PER_100000_POP,KZVOS,U,,8.26
2018,PER_100000_POP,KZNS,U,,8.16
2018,PER_100000_POP,KZALA,U,,10.01
2018,PER_100000_POP,KZSHY,U,,11.42
2018,PER_100000_POP,,R,,15.58
2018,PER_100000_POP,KZAKM,R,,10.25
2018,PER_100000_POP,KZAKT,R,,15.66
2018,PER_100000_POP,KZALM,R,,16.53
2018,PER_100000_POP,KZATY,R,,16.03
2018,PER_100000_POP,KZZAP,R,,17.55
2018,PER_100000_POP,KZZHA,R,,19.09
2018,PER_100000_POP,KZKAR,R,,21.33
2018,PER_100000_POP,KZKUS,R,,9.25
2018,PER_100000_POP,KZKZY,R,,12.28
2018,PER_100000_POP,KZMAN,R,,7.27
2018,PER_100000_POP,KZPAV,R,,16.25
2018,PER_100000_POP,KZSEV,R,,12.81
2018,PER_100000_POP,KZYUZ,R,,18.22
2018,PER_100000_POP,KZVOS,R,,14.8
2018,PER_100000_POP,,,M,20.02
2018,PER_100000_POP,KZAKM,,M,17.02
2018,PER_100000_POP,KZAKT,,M,18.65
2018,PER_100000_POP,KZALM,,M,26.49
2018,PER_100000_POP,KZATY,,M,22.65
2018,PER_100000_POP,KZZAP,,M,27.64
2018,PER_100000_POP,KZZHA,,M,26.82
2018,PER_100000_POP,KZKAR,,M,21.85
2018,PER_100000_POP,KZKUS,,M,14.46
2018,PER_100000_POP,KZKZY,,M,18.46
2018,PER_100000_POP,KZMAN,,M,11.7
2018,PER_100000_POP,KZPAV,,M,16.81
2018,PER_100000_POP,KZSEV,,M,14.66
2018,PER_100000_POP,KZYUZ,,M,28.02
2018,PER_100000_POP,KZVOS,,M,17.46
2018,PER_100000_POP,KZNS,,M,12.23
2018,PER_100000_POP,KZALA,,M,13.29
2018,PER_100000_POP,KZSHY,,M,16.75
2018,PER_100000_POP,,U,M,17.73
2018,PER_100000_POP,KZAKM,U,M,16.45
2018,PER_100000_POP,KZAKT,U,M,16.91
2018,PER_100000_POP,KZALM,U,M,30.37
2018,PER_100000_POP,KZATY,U,M,24.69
2018,PER_100000_POP,KZZAP,U,M,30.69
2018,PER_100000_POP,KZZHA,U,M,23.15
2018,PER_100000_POP,KZKAR,U,M,19.92
2018,PER_100000_POP,KZKUS,U,M,16.07
2018,PER_100000_POP,KZKZY,U,M,19.29
2018,PER_100000_POP,KZMAN,U,M,12.57
2018,PER_100000_POP,KZPAV,U,M,13.83
2018,PER_100000_POP,KZSEV,U,M,10.47
2018,PER_100000_POP,KZYUZ,U,M,33.7
2018,PER_100000_POP,KZVOS,U,M,14.3
2018,PER_100000_POP,KZNS,U,M,12.23
2018,PER_100000_POP,KZALA,U,M,13.29
2018,PER_100000_POP,KZSHY,U,M,16.75
2018,PER_100000_POP,,R,M,22.99
2018,PER_100000_POP,KZAKM,R,M,17.5
2018,PER_100000_POP,KZAKT,R,M,22.59
2018,PER_100000_POP,KZALM,R,M,25.4
2018,PER_100000_POP,KZATY,R,M,20.51
2018,PER_100000_POP,KZZAP,R,M,24.62
2018,PER_100000_POP,KZZHA,R,M,29.09
2018,PER_100000_POP,KZKAR,R,M,28.82
2018,PER_100000_POP,KZKUS,R,M,12.69
2018,PER_100000_POP,KZKZY,R,M,17.84
2018,PER_100000_POP,KZMAN,R,M,11.1
2018,PER_100000_POP,KZPAV,R,M,23.41
2018,PER_100000_POP,KZSEV,R,M,17.83
2018,PER_100000_POP,KZYUZ,R,M,26.65
2018,PER_100000_POP,KZVOS,R,M,22.09
2018,PER_100000_POP,,,F,6.8
2018,PER_100000_POP,KZAKM,,F,4.47
2018,PER_100000_POP,KZAKT,,F,7.18
2018,PER_100000_POP,KZALM,,F,7.13
2018,PER_100000_POP,KZATY,,F,9.74
2018,PER_100000_POP,KZZAP,,F,8.66
2018,PER_100000_POP,KZZHA,,F,8.61
2018,PER_100000_POP,KZKAR,,F,8.27
2018,PER_100000_POP,KZKUS,,F,5.44
2018,PER_100000_POP,KZKZY,,F,5.59
2018,PER_100000_POP,KZMAN,,F,3.87
2018,PER_100000_POP,KZPAV,,F,6.29
2018,PER_100000_POP,KZSEV,,F,5.16
2018,PER_100000_POP,KZYUZ,,F,8.9
2018,PER_100000_POP,KZVOS,,F,4.71
2018,PER_100000_POP,KZNS,,F,4.38
2018,PER_100000_POP,KZALA,,F,7.25
2018,PER_100000_POP,KZSHY,,F,6.48
2018,PER_100000_POP,,U,F,5.92
2018,PER_100000_POP,KZAKM,U,F,5.97
2018,PER_100000_POP,KZAKT,U,F,6.59
2018,PER_100000_POP,KZALM,U,F,5.41
2018,PER_100000_POP,KZATY,U,F,8.24
2018,PER_100000_POP,KZZAP,U,F,7.23
2018,PER_100000_POP,KZZHA,U,F,8.13
2018,PER_100000_POP,KZKAR,U,F,6.99
2018,PER_100000_POP,KZKUS,U,F,5.07
2018,PER_100000_POP,KZKZY,U,F,4.49
2018,PER_100000_POP,KZMAN,U,F,4.45
2018,PER_100000_POP,KZPAV,U,F,5.23
2018,PER_100000_POP,KZSEV,U,F,2.18
2018,PER_100000_POP,KZYUZ,U,F,6.21
2018,PER_100000_POP,KZVOS,U,F,3.07
2018,PER_100000_POP,KZNS,U,F,4.38
2018,PER_100000_POP,KZALA,U,F,7.25
2018,PER_100000_POP,KZSHY,U,F,6.48
2018,PER_100000_POP,,R,F,8.09
2018,PER_100000_POP,KZAKM,R,F,3.06
2018,PER_100000_POP,KZAKT,R,F,8.66
2018,PER_100000_POP,KZALM,R,F,7.66
2018,PER_100000_POP,KZATY,R,F,11.46
2018,PER_100000_POP,KZZAP,R,F,10.32
2018,PER_100000_POP,KZZHA,R,F,8.94
2018,PER_100000_POP,KZKAR,R,F,13.67
2018,PER_100000_POP,KZKUS,R,F,5.91
2018,PER_100000_POP,KZKZY,R,F,6.5
2018,PER_100000_POP,KZMAN,R,F,3.48
2018,PER_100000_POP,KZPAV,R,F,9.05
2018,PER_100000_POP,KZSEV,R,F,7.85
2018,PER_100000_POP,KZYUZ,R,F,9.56
2018,PER_100000_POP,KZVOS,R,F,7.5
2019,PER_100000_POP,,,,14.5622103188276
2019,PER_100000_POP,KZAKM,,,14.369744367670243
2019,PER_100000_POP,KZAKT,,,14.046804409097762
2019,PER_100000_POP,KZALM,,,20.123775874865284
2019,PER_100000_POP,KZATY,,,11.570897940771074
2019,PER_100000_POP,KZZAP,,,20.01269507603678
2019,PER_100000_POP,KZZHA,,,19.50753234592707
2019,PER_100000_POP,KZKAR,,,12.992602926456788
2019,PER_100000_POP,KZKUS,,,10.221989451825715
2019,PER_100000_POP,KZKZY,,,15.771034617420986
2019,PER_100000_POP,KZMAN,,,11.329017171449426
2019,PER_100000_POP,KZPAV,,,10.624014788628584
2019,PER_100000_POP,KZSEV,,,7.251158372550014
2019,PER_100000_POP,KZYUZ,,,24.099963850054223
2019,PER_100000_POP,KZVOS,,,9.897661095350864
2019,PER_100000_POP,KZNS,,,6.502479070145493
2019,PER_100000_POP,KZALA,,,11.083188076398695
2019,PER_100000_POP,KZSHY,,,13.579277826651238
2019,PER_100000_POP,,U,,12.020885712328582
2019,PER_100000_POP,KZAKM,U,,14.934246237000744
2019,PER_100000_POP,KZAKT,U,,12.394276419728149
2019,PER_100000_POP,KZALM,U,,20.022839238604035
2019,PER_100000_POP,KZATY,U,,9.71506291931926
2019,PER_100000_POP,KZZAP,U,,17.845206002425194
2019,PER_100000_POP,KZZHA,U,,18.76803490854493
2019,PER_100000_POP,KZKAR,U,,11.84289578843851
2019,PER_100000_POP,KZKUS,U,,9.962937871119436
2019,PER_100000_POP,KZKZY,U,,15.7716712620435
2019,PER_100000_POP,KZMAN,U,,13.510996855954517
2019,PER_100000_POP,KZPAV,U,,7.715533910241994
2019,PER_100000_POP,KZSEV,U,,5.539081185125984
2019,PER_100000_POP,KZYUZ,U,,23.14622628455266
2019,PER_100000_POP,KZVOS,U,,7.534366718818611
2019,PER_100000_POP,KZNS,U,,6.502479070145493
2019,PER_100000_POP,KZALA,U,,11.083188076398695
2019,PER_100000_POP,KZSHY,U,,13.579277826651238
2019,PER_100000_POP,,R,,18.151716161366803
2019,PER_100000_POP,KZAKM,R,,13.865067219899965
2019,PER_100000_POP,KZAKT,R,,18.08250733619116
2019,PER_100000_POP,KZALM,R,,20.15257571576958
2019,PER_100000_POP,KZATY,R,,13.813895743075353
2019,PER_100000_POP,KZZAP,R,,22.381664940081084
2019,PER_100000_POP,KZZHA,R,,19.994119376653924
2019,PER_100000_POP,KZKAR,R,,17.499843751395076
2019,PER_100000_POP,KZKUS,R,,10.574493237747143
2019,PER_100000_POP,KZKZY,R,,15.770525338728357
2019,PER_100000_POP,KZMAN,R,,9.887940691649394
2019,PER_100000_POP,KZPAV,R,,17.59804706800743
2019,PER_100000_POP,KZSEV,R,,8.698954285322355
2019,PER_100000_POP,KZYUZ,R,,24.33651788110051
2019,PER_100000_POP,KZVOS,R,,13.724193274764067
2019,PER_100000_POP,,,M,22.16485683385774
2019,PER_100000_POP,KZAKM,,M,21.224070329866738
2019,PER_100000_POP,KZAKT,,M,20.735424233820183
2019,PER_100000_POP,KZALM,,M,28.91589569947601
2019,PER_100000_POP,KZATY,,M,19.344414617400776
2019,PER_100000_POP,KZZAP,,M,29.6027562055565
2019,PER_100000_POP,KZZHA,,M,30.051943074061843
2019,PER_100000_POP,KZKAR,,M,19.110052499136227
2019,PER_100000_POP,KZKUS,,M,14.99571291916948
2019,PER_100000_POP,KZKZY,,M,26.696173839496115
2019,PER_100000_POP,KZMAN,,M,17.78031689771363
2019,PER_100000_POP,KZPAV,,M,15.985125420135368
2019,PER_100000_POP,KZSEV,,M,11.368696294752398
2019,PER_100000_POP,KZYUZ,,M,37.27060827999101
2019,PER_100000_POP,KZVOS,,M,15.24723777228708
2019,PER_100000_POP,KZNS,,M,10.16221912755467
2019,PER_100000_POP,KZALA,,M,15.866140729193932
2019,PER_100000_POP,KZSHY,,M,20.10129836113505
2019,PER_100000_POP,,U,M,18.04821199511936
2019,PER_100000_POP,KZAKM,U,M,21.938711771032978
2019,PER_100000_POP,KZAKT,U,M,19.23758416443072
2019,PER_100000_POP,KZALM,U,M,26.240677653991344
2019,PER_100000_POP,KZATY,U,M,17.142367360932543
2019,PER_100000_POP,KZZAP,U,M,23.838874303261846
2019,PER_100000_POP,KZZHA,U,M,28.206092515983453
2019,PER_100000_POP,KZKAR,U,M,18.150963318464505
2019,PER_100000_POP,KZKUS,U,M,14.285343237837978
2019,PER_100000_POP,KZKZY,U,M,26.38666211592349
2019,PER_100000_POP,KZMAN,U,M,21.215036339894144
2019,PER_100000_POP,KZPAV,U,M,11.008747877248384
2019,PER_100000_POP,KZSEV,U,M,8.696370569742719
2019,PER_100000_POP,KZYUZ,U,M,35.95909652769974
2019,PER_100000_POP,KZVOS,U,M,11.70668146119744
2019,PER_100000_POP,KZNS,U,M,10.16221912755467
2019,PER_100000_POP,KZALA,U,M,15.866140729193932
2019,PER_100000_POP,KZSHY,U,M,20.10129836113505
2019,PER_100000_POP,,R,M,27.61954977024732
2019,PER_100000_POP,KZAKM,R,M,20.61956642206706
2019,PER_100000_POP,KZAKT,R,M,24.19993832918942
2019,PER_100000_POP,KZALM,R,M,29.645876239772328
2019,PER_100000_POP,KZATY,R,M,21.89306605548524
2019,PER_100000_POP,KZZAP,R,M,35.41289218987634
2019,PER_100000_POP,KZZHA,R,M,31.19674504241445
2019,PER_100000_POP,KZKAR,R,M,22.57710610887104
2019,PER_100000_POP,KZKUS,R,M,15.895157732035049
2019,PER_100000_POP,KZKZY,R,M,26.934421307335
2019,PER_100000_POP,KZMAN,R,M,15.505340863114489
2019,PER_100000_POP,KZPAV,R,M,26.94885108064893
2019,PER_100000_POP,KZSEV,R,M,13.43255514063885
2019,PER_100000_POP,KZYUZ,R,M,37.59322290016972
2019,PER_100000_POP,KZVOS,R,M,20.53868404087198
2019,PER_100000_POP,,,F,7.410895252918026
2019,PER_100000_POP,KZAKM,,F,7.903534724179811
2019,PER_100000_POP,KZAKT,,F,7.756241281153775
2019,PER_100000_POP,KZALM,,F,11.50819209203459
2019,PER_100000_POP,KZATY,,F,4.009882818885931
2019,PER_100000_POP,KZZAP,,F,10.977713757597243
2019,PER_100000_POP,KZZHA,,F,9.264681461022786
2019,PER_100000_POP,KZKAR,,F,7.462676253902358
2019,PER_100000_POP,KZKUS,,F,5.90524703069963
2019,PER_100000_POP,KZKZY,,F,4.772352506050213
2019,PER_100000_POP,KZMAN,,F,4.921523414147643
2019,PER_100000_POP,KZPAV,,F,5.801788212027612
2019,PER_100000_POP,KZSEV,,F,3.475196652690584
2019,PER_100000_POP,KZYUZ,,F,10.549817964919828
2019,PER_100000_POP,KZVOS,,F,5.012492942479555
2019,PER_100000_POP,KZNS,,F,3.1255969021861816
2019,PER_100000_POP,KZALA,,F,7.043183518950565
2019,PER_100000_POP,KZSHY,,F,7.53135396798798
2019,PER_100000_POP,,U,F,6.637105348764603
2019,PER_100000_POP,KZAKM,U,F,8.690952446910503
2019,PER_100000_POP,KZAKT,U,F,6.15461311332643
2019,PER_100000_POP,KZALM,U,F,14.330210190465351
2019,PER_100000_POP,KZATY,U,F,2.765479077768037
2019,PER_100000_POP,KZZAP,U,F,12.607921063450734
2019,PER_100000_POP,KZZHA,U,F,10.21931066491519
2019,PER_100000_POP,KZKAR,U,F,6.3211665114848765
2019,PER_100000_POP,KZKUS,U,F,6.276444135955165
2019,PER_100000_POP,KZKZY,U,F,5.532916704705468
2019,PER_100000_POP,KZMAN,U,F,5.832795622486885
2019,PER_100000_POP,KZPAV,U,F,4.892778259289289
2019,PER_100000_POP,KZSEV,U,F,2.90362154196822
2019,PER_100000_POP,KZYUZ,U,F,10.139648306298495
2019,PER_100000_POP,KZVOS,U,F,3.9430189943987215
2019,PER_100000_POP,KZNS,U,F,3.1255969021861816
2019,PER_100000_POP,KZALA,U,F,7.043183518950565
2019,PER_100000_POP,KZSHY,U,F,7.53135396798798
2019,PER_100000_POP,,R,F,8.57228130557155
2019,PER_100000_POP,KZAKM,R,F,7.1619495849906
2019,PER_100000_POP,KZAKT,R,F,11.87742497426558
2019,PER_100000_POP,KZALM,R,F,10.667871508625288
2019,PER_100000_POP,KZATY,R,F,5.578858914144848
2019,PER_100000_POP,KZZAP,R,F,9.054368247624035
2019,PER_100000_POP,KZZHA,R,F,8.599841940836052
2019,PER_100000_POP,KZKAR,R,F,12.295141249475648
2019,PER_100000_POP,KZKUS,R,F,5.365771208881425
2019,PER_100000_POP,KZKZY,R,F,4.1400248401490405
2019,PER_100000_POP,KZMAN,R,F,4.321396675405491
2019,PER_100000_POP,KZPAV,R,F,8.160045696255898
2019,PER_100000_POP,KZSEV,R,F,4.000146672044641
2019,PER_100000_POP,KZYUZ,R,F,10.652416101126937
2019,PER_100000_POP,KZVOS,R,F,6.878038994659967
