Year,UNIT_MEASURE,REF_AREA,URBANISATION,SEX,GeoCode,Value
2010,PER_100000_POP,,,,,7.14
2010,PER_100000_POP,KZAKM,,,KZAKM,11.3
2010,PER_100000_POP,KZAKT,,,KZAKT,4.15
2010,PER_100000_POP,KZALM,,,KZALM,6.96
2010,PER_100000_POP,KZATY,,,KZATY,2.66
2010,PER_100000_POP,KZZAP,,,KZZAP,6.6
2010,PER_100000_POP,KZZHA,,,KZZHA,4.04
2010,PER_100000_POP,KZKAR,,,KZKAR,13.41
2010,PER_100000_POP,KZKUS,,,KZKUS,11.33
2010,PER_100000_POP,KZKZY,,,KZKZY,1.87
2010,PER_100000_POP,KZMAN,,,KZMAN,1.36
2010,PER_100000_POP,KZONT,,,KZONT,2.76
2010,PER_100000_POP,KZPAV,,,KZPAV,13.82
2010,PER_100000_POP,KZSEV,,,KZSEV,2.03
2010,PER_100000_POP,KZVOS,,,KZVOS,10.16
2010,PER_100000_POP,KZNS,,,KZNS,10.7
2010,PER_100000_POP,KZALA,,,KZALA,8.99
2010,PER_100000_POP,,U,,,8.68
2010,PER_100000_POP,KZAKM,U,,KZAKM,11.97
2010,PER_100000_POP,KZAKT,U,,KZAKT,3.18
2010,PER_100000_POP,KZALM,U,,KZALM,9.42
2010,PER_100000_POP,KZATY,U,,KZATY,2.79
2010,PER_100000_POP,KZZAP,U,,KZZAP,7.67
2010,PER_100000_POP,KZZHA,U,,KZZHA,5.93
2010,PER_100000_POP,KZKAR,U,,KZKAR,15.4
2010,PER_100000_POP,KZKUS,U,,KZKUS,10.17
2010,PER_100000_POP,KZKZY,U,,KZKZY,1.02
2010,PER_100000_POP,KZMAN,U,,KZMAN,1.47
2010,PER_100000_POP,KZONT,U,,KZONT,4.51
2010,PER_100000_POP,KZPAV,U,,KZPAV,12.15
2010,PER_100000_POP,KZSEV,U,,KZSEV,2.52
2010,PER_100000_POP,KZVOS,U,,KZVOS,11.9
2010,PER_100000_POP,KZNS,U,,KZNS,10.7
2010,PER_100000_POP,KZALA,U,,KZALA,8.99
2010,PER_100000_POP,,R,,,5.31
2010,PER_100000_POP,KZAKM,R,,KZAKM,10.72
2010,PER_100000_POP,KZAKT,R,,KZAKT,5.69
2010,PER_100000_POP,KZALM,R,,KZALM,6.2
2010,PER_100000_POP,KZATY,R,,KZATY,2.54
2010,PER_100000_POP,KZZAP,R,,KZZAP,5.64
2010,PER_100000_POP,KZZHA,R,,KZZHA,2.75
2010,PER_100000_POP,KZKAR,R,,KZKAR,6.38
2010,PER_100000_POP,KZKUS,R,,KZKUS,12.49
2010,PER_100000_POP,KZKZY,R,,KZKZY,2.49
2010,PER_100000_POP,KZMAN,R,,KZMAN,1.24
2010,PER_100000_POP,KZONT,R,,KZONT,1.62
2010,PER_100000_POP,KZPAV,R,,KZPAV,17.45
2010,PER_100000_POP,KZSEV,R,,KZSEV,1.7
2010,PER_100000_POP,KZVOS,R,,KZVOS,7.77
2010,PER_100000_POP,,,M,,10.58
2010,PER_100000_POP,KZAKM,,M,KZAKM,16.68
2010,PER_100000_POP,KZAKT,,M,KZAKT,5.12
2010,PER_100000_POP,KZALM,,M,KZALM,10.11
2010,PER_100000_POP,KZATY,,M,KZATY,4.66
2010,PER_100000_POP,KZZAP,,M,KZZAP,9.24
2010,PER_100000_POP,KZZHA,,M,KZZHA,5.92
2010,PER_100000_POP,KZKAR,,M,KZKAR,21.34
2010,PER_100000_POP,KZKUS,,M,KZKUS,16.34
2010,PER_100000_POP,KZKZY,,M,KZKZY,2.02
2010,PER_100000_POP,KZMAN,,M,KZMAN,1.97
2010,PER_100000_POP,KZONT,,M,KZONT,3.83
2010,PER_100000_POP,KZPAV,,M,KZPAV,21.96
2010,PER_100000_POP,KZSEV,,M,KZSEV,2.49
2010,PER_100000_POP,KZVOS,,M,KZVOS,14.31
2010,PER_100000_POP,KZNS,,M,KZNS,16.78
2010,PER_100000_POP,KZALA,,M,KZALA,14.79
2010,PER_100000_POP,,U,M,,13.32
2010,PER_100000_POP,KZAKM,U,M,KZAKM,16.9
2010,PER_100000_POP,KZAKT,U,M,KZAKT,4.06
2010,PER_100000_POP,KZALM,U,M,KZALM,12.6
2010,PER_100000_POP,KZATY,U,M,KZATY,5.02
2010,PER_100000_POP,KZZAP,U,M,KZZAP,10.53
2010,PER_100000_POP,KZZHA,U,M,KZZHA,8.07
2010,PER_100000_POP,KZKAR,U,M,KZKAR,25.39
2010,PER_100000_POP,KZKUS,U,M,KZKUS,14.87
2010,PER_100000_POP,KZKZY,U,M,KZKZY,1.4
2010,PER_100000_POP,KZMAN,U,M,KZMAN,1.51
2010,PER_100000_POP,KZONT,U,M,KZONT,7.09
2010,PER_100000_POP,KZPAV,U,M,KZPAV,20.89
2010,PER_100000_POP,KZSEV,U,M,KZSEV,4.64
2010,PER_100000_POP,KZVOS,U,M,KZVOS,16.48
2010,PER_100000_POP,KZNS,U,M,KZNS,16.78
2010,PER_100000_POP,KZALA,U,M,KZALA,14.79
2010,PER_100000_POP,,R,M,,7.48
2010,PER_100000_POP,KZAKM,R,M,KZAKM,16.49
2010,PER_100000_POP,KZAKT,R,M,KZAKT,6.71
2010,PER_100000_POP,KZALM,R,M,KZALM,9.38
2010,PER_100000_POP,KZATY,R,M,KZATY,4.34
2010,PER_100000_POP,KZZAP,R,M,KZZAP,8.16
2010,PER_100000_POP,KZZHA,R,M,KZZHA,4.53
2010,PER_100000_POP,KZKAR,R,M,KZKAR,8.05
2010,PER_100000_POP,KZKUS,R,M,KZKUS,17.72
2010,PER_100000_POP,KZKZY,R,M,KZKZY,2.45
2010,PER_100000_POP,KZMAN,R,M,KZMAN,2.46
2010,PER_100000_POP,KZONT,R,M,KZONT,1.81
2010,PER_100000_POP,KZPAV,R,M,KZPAV,24.14
2010,PER_100000_POP,KZSEV,R,M,KZSEV,1.15
2010,PER_100000_POP,KZVOS,R,M,KZVOS,11.58
2010,PER_100000_POP,,,F,,3.95
2010,PER_100000_POP,KZAKM,,F,KZAKM,6.31
2010,PER_100000_POP,KZAKT,,F,KZAKT,3.25
2010,PER_100000_POP,KZALM,,F,KZALM,3.92
2010,PER_100000_POP,KZATY,,F,KZATY,0.74
2010,PER_100000_POP,KZZAP,,F,KZZAP,4.14
2010,PER_100000_POP,KZZHA,,F,KZZHA,2.25
2010,PER_100000_POP,KZKAR,,F,KZKAR,6.32
2010,PER_100000_POP,KZKUS,,F,KZKUS,6.86
2010,PER_100000_POP,KZKZY,,F,KZKZY,1.72
2010,PER_100000_POP,KZMAN,,F,KZMAN,0.77
2010,PER_100000_POP,KZONT,,F,KZONT,1.71
2010,PER_100000_POP,KZPAV,,F,KZPAV,6.59
2010,PER_100000_POP,KZSEV,,F,KZSEV,1.61
2010,PER_100000_POP,KZVOS,,F,KZVOS,6.4
2010,PER_100000_POP,KZNS,,F,KZNS,4.92
2010,PER_100000_POP,KZALA,,F,KZALA,4.08
2010,PER_100000_POP,,U,F,,4.59
2010,PER_100000_POP,KZAKM,U,F,KZAKM,7.67
2010,PER_100000_POP,KZAKT,U,F,KZAKT,2.4
2010,PER_100000_POP,KZALM,U,F,KZALM,6.56
2010,PER_100000_POP,KZATY,U,F,KZATY,0.76
2010,PER_100000_POP,KZZAP,U,F,KZZAP,5.2
2010,PER_100000_POP,KZZHA,U,F,KZZHA,4.03
2010,PER_100000_POP,KZKAR,U,F,KZKAR,6.74
2010,PER_100000_POP,KZKUS,U,F,KZKUS,6.24
2010,PER_100000_POP,KZKZY,U,F,KZKZY,0.66
2010,PER_100000_POP,KZMAN,U,F,KZMAN,1.43
2010,PER_100000_POP,KZONT,U,F,KZONT,2.12
2010,PER_100000_POP,KZPAV,U,F,KZPAV,4.71
2010,PER_100000_POP,KZSEV,U,F,KZSEV,0.77
2010,PER_100000_POP,KZVOS,U,F,KZVOS,8.02
2010,PER_100000_POP,KZNS,U,F,KZNS,4.92
2010,PER_100000_POP,KZALA,U,F,KZALA,4.08
2010,PER_100000_POP,,R,F,,3.14
2010,PER_100000_POP,KZAKM,R,F,KZAKM,5.06
2010,PER_100000_POP,KZAKT,R,F,KZAKT,4.67
2010,PER_100000_POP,KZALM,R,F,KZALM,3.07
2010,PER_100000_POP,KZATY,R,F,KZATY,0.73
2010,PER_100000_POP,KZZAP,R,F,KZZAP,3.13
2010,PER_100000_POP,KZZHA,R,F,KZZHA,0.97
2010,PER_100000_POP,KZKAR,R,F,KZKAR,4.71
2010,PER_100000_POP,KZKUS,R,F,KZKUS,7.53
2010,PER_100000_POP,KZKZY,R,F,KZKZY,2.53
2010,PER_100000_POP,KZMAN,R,F,KZMAN,0.0
2010,PER_100000_POP,KZONT,R,F,KZONT,1.44
2010,PER_100000_POP,KZPAV,R,F,KZPAV,10.92
2010,PER_100000_POP,KZSEV,R,F,KZSEV,2.23
2010,PER_100000_POP,KZVOS,R,F,KZVOS,4.03
2011,PER_100000_POP,,,,,5.99
2011,PER_100000_POP,KZAKM,,,KZAKM,10.38
2011,PER_100000_POP,KZAKT,,,KZAKT,2.69
2011,PER_100000_POP,KZALM,,,KZALM,5.66
2011,PER_100000_POP,KZATY,,,KZATY,4.84
2011,PER_100000_POP,KZZAP,,,KZZAP,6.06
2011,PER_100000_POP,KZZHA,,,KZZHA,5.42
2011,PER_100000_POP,KZKAR,,,KZKAR,9.74
2011,PER_100000_POP,KZKUS,,,KZKUS,9.77
2011,PER_100000_POP,KZKZY,,,KZKZY,0.42
2011,PER_100000_POP,KZMAN,,,KZMAN,1.87
2011,PER_100000_POP,KZONT,,,KZONT,1.77
2011,PER_100000_POP,KZPAV,,,KZPAV,8.97
2011,PER_100000_POP,KZSEV,,,KZSEV,1.7
2011,PER_100000_POP,KZVOS,,,KZVOS,7.45
2011,PER_100000_POP,KZNS,,,KZNS,8.06
2011,PER_100000_POP,KZALA,,,KZALA,10.62
2011,PER_100000_POP,,U,,,7.33
2011,PER_100000_POP,KZAKM,U,,KZAKM,11.4
2011,PER_100000_POP,KZAKT,U,,KZAKT,2.49
2011,PER_100000_POP,KZALM,U,,KZALM,8.61
2011,PER_100000_POP,KZATY,U,,KZATY,6.22
2011,PER_100000_POP,KZZAP,U,,KZZAP,7.49
2011,PER_100000_POP,KZZHA,U,,KZZHA,6.15
2011,PER_100000_POP,KZKAR,U,,KZKAR,11.33
2011,PER_100000_POP,KZKUS,U,,KZKUS,9.44
2011,PER_100000_POP,KZKZY,U,,KZKZY,0.0
2011,PER_100000_POP,KZMAN,U,,KZMAN,1.43
2011,PER_100000_POP,KZONT,U,,KZONT,2.95
2011,PER_100000_POP,KZPAV,U,,KZPAV,7.79
2011,PER_100000_POP,KZSEV,U,,KZSEV,0.42
2011,PER_100000_POP,KZVOS,U,,KZVOS,7.78
2011,PER_100000_POP,KZNS,U,,KZNS,8.06
2011,PER_100000_POP,KZALA,U,,KZALA,10.62
2011,PER_100000_POP,,R,,,4.38
2011,PER_100000_POP,KZAKM,R,,KZAKM,9.48
2011,PER_100000_POP,KZAKT,R,,KZAKT,3.0
2011,PER_100000_POP,KZALM,R,,KZALM,4.76
2011,PER_100000_POP,KZATY,R,,KZATY,3.57
2011,PER_100000_POP,KZZAP,R,,KZZAP,4.73
2011,PER_100000_POP,KZZHA,R,,KZZHA,4.93
2011,PER_100000_POP,KZKAR,R,,KZKAR,4.06
2011,PER_100000_POP,KZKUS,R,,KZKUS,10.1
2011,PER_100000_POP,KZKZY,R,,KZKZY,0.74
2011,PER_100000_POP,KZMAN,R,,KZMAN,2.34
2011,PER_100000_POP,KZONT,R,,KZONT,1.01
2011,PER_100000_POP,KZPAV,R,,KZPAV,11.56
2011,PER_100000_POP,KZSEV,R,,KZSEV,2.59
2011,PER_100000_POP,KZVOS,R,,KZVOS,6.99
2011,PER_100000_POP,,,M,,8.74
2011,PER_100000_POP,KZAKM,,M,KZAKM,15.0
2011,PER_100000_POP,KZAKT,,M,KZAKT,3.19
2011,PER_100000_POP,KZALM,,M,KZALM,8.94
2011,PER_100000_POP,KZATY,,M,KZATY,5.7
2011,PER_100000_POP,KZZAP,,M,KZZAP,8.49
2011,PER_100000_POP,KZZHA,,M,KZZHA,7.01
2011,PER_100000_POP,KZKAR,,M,KZKAR,13.28
2011,PER_100000_POP,KZKUS,,M,KZKUS,14.68
2011,PER_100000_POP,KZKZY,,M,KZKZY,0.57
2011,PER_100000_POP,KZMAN,,M,KZMAN,2.26
2011,PER_100000_POP,KZONT,,M,KZONT,2.18
2011,PER_100000_POP,KZPAV,,M,KZPAV,15.09
2011,PER_100000_POP,KZSEV,,M,KZSEV,1.07
2011,PER_100000_POP,KZVOS,,M,KZVOS,10.85
2011,PER_100000_POP,KZNS,,M,KZNS,13.18
2011,PER_100000_POP,KZALA,,M,KZALA,18.05
2011,PER_100000_POP,,U,M,,11.33
2011,PER_100000_POP,KZAKM,U,M,KZAKM,16.25
2011,PER_100000_POP,KZAKT,U,M,KZAKT,3.09
2011,PER_100000_POP,KZALM,U,M,KZALM,15.26
2011,PER_100000_POP,KZATY,U,M,KZATY,8.14
2011,PER_100000_POP,KZZAP,U,M,KZZAP,11.04
2011,PER_100000_POP,KZZHA,U,M,KZZHA,9.04
2011,PER_100000_POP,KZKAR,U,M,KZKAR,15.86
2011,PER_100000_POP,KZKUS,U,M,KZKUS,15.26
2011,PER_100000_POP,KZKZY,U,M,KZKZY,0.0
2011,PER_100000_POP,KZMAN,U,M,KZMAN,0.74
2011,PER_100000_POP,KZONT,U,M,KZONT,3.88
2011,PER_100000_POP,KZPAV,U,M,KZPAV,13.98
2011,PER_100000_POP,KZSEV,U,M,KZSEV,0.0
2011,PER_100000_POP,KZVOS,U,M,KZVOS,12.36
2011,PER_100000_POP,KZNS,U,M,KZNS,13.18
2011,PER_100000_POP,KZALA,U,M,KZALA,18.05
2011,PER_100000_POP,,R,M,,5.82
2011,PER_100000_POP,KZAKM,R,M,KZAKM,13.96
2011,PER_100000_POP,KZAKT,R,M,KZAKT,3.34
2011,PER_100000_POP,KZALM,R,M,KZALM,7.1
2011,PER_100000_POP,KZATY,R,M,KZATY,3.56
2011,PER_100000_POP,KZZAP,R,M,KZZAP,6.3
2011,PER_100000_POP,KZZHA,R,M,KZZHA,5.73
2011,PER_100000_POP,KZKAR,R,M,KZKAR,4.72
2011,PER_100000_POP,KZKUS,R,M,KZKUS,14.13
2011,PER_100000_POP,KZKZY,R,M,KZKZY,0.97
2011,PER_100000_POP,KZMAN,R,M,KZMAN,3.85
2011,PER_100000_POP,KZONT,R,M,KZONT,1.13
2011,PER_100000_POP,KZPAV,R,M,KZPAV,17.34
2011,PER_100000_POP,KZSEV,R,M,KZSEV,1.75
2011,PER_100000_POP,KZVOS,R,M,KZVOS,8.92
2011,PER_100000_POP,,,F,,3.43
2011,PER_100000_POP,KZAKM,,F,KZAKM,6.07
2011,PER_100000_POP,KZAKT,,F,KZAKT,2.22
2011,PER_100000_POP,KZALM,,F,KZALM,2.49
2011,PER_100000_POP,KZATY,,F,KZATY,4.01
2011,PER_100000_POP,KZZAP,,F,KZZAP,3.8
2011,PER_100000_POP,KZZHA,,F,KZZHA,3.9
2011,PER_100000_POP,KZKAR,,F,KZKAR,6.57
2011,PER_100000_POP,KZKUS,,F,KZKUS,5.38
2011,PER_100000_POP,KZKZY,,F,KZKZY,0.28
2011,PER_100000_POP,KZMAN,,F,KZMAN,1.48
2011,PER_100000_POP,KZONT,,F,KZONT,1.37
2011,PER_100000_POP,KZPAV,,F,KZPAV,3.54
2011,PER_100000_POP,KZSEV,,F,KZSEV,2.28
2011,PER_100000_POP,KZVOS,,F,KZVOS,4.37
2011,PER_100000_POP,KZNS,,F,KZNS,3.23
2011,PER_100000_POP,KZALA,,F,KZALA,4.37
2011,PER_100000_POP,,U,F,,3.8
2011,PER_100000_POP,KZAKM,U,F,KZAKM,7.14
2011,PER_100000_POP,KZAKT,U,F,KZAKT,1.96
2011,PER_100000_POP,KZALM,U,F,KZALM,2.59
2011,PER_100000_POP,KZATY,U,F,KZATY,4.46
2011,PER_100000_POP,KZZAP,U,F,KZZAP,4.44
2011,PER_100000_POP,KZZHA,U,F,KZZHA,3.58
2011,PER_100000_POP,KZKAR,U,F,KZKAR,7.4
2011,PER_100000_POP,KZKUS,U,F,KZKUS,4.55
2011,PER_100000_POP,KZKZY,U,F,KZKZY,0.0
2011,PER_100000_POP,KZMAN,U,F,KZMAN,2.09
2011,PER_100000_POP,KZONT,U,F,KZONT,2.09
2011,PER_100000_POP,KZPAV,U,F,KZPAV,2.53
2011,PER_100000_POP,KZSEV,U,F,KZSEV,0.76
2011,PER_100000_POP,KZVOS,U,F,KZVOS,3.88
2011,PER_100000_POP,KZNS,U,F,KZNS,3.23
2011,PER_100000_POP,KZALA,U,F,KZALA,4.37
2011,PER_100000_POP,,R,F,,2.95
2011,PER_100000_POP,KZAKM,R,F,KZAKM,5.08
2011,PER_100000_POP,KZAKT,R,F,KZAKT,2.66
2011,PER_100000_POP,KZALM,R,F,KZALM,2.46
2011,PER_100000_POP,KZATY,R,F,KZATY,3.58
2011,PER_100000_POP,KZZAP,R,F,KZZAP,3.16
2011,PER_100000_POP,KZZHA,R,F,KZZHA,4.13
2011,PER_100000_POP,KZKAR,R,F,KZKAR,3.39
2011,PER_100000_POP,KZKUS,R,F,KZKUS,6.27
2011,PER_100000_POP,KZKZY,R,F,KZKZY,0.5
2011,PER_100000_POP,KZMAN,R,F,KZMAN,0.79
2011,PER_100000_POP,KZONT,R,F,KZONT,0.89
2011,PER_100000_POP,KZPAV,R,F,KZPAV,5.92
2011,PER_100000_POP,KZSEV,R,F,KZSEV,3.4
2011,PER_100000_POP,KZVOS,R,F,KZVOS,5.08
2012,PER_100000_POP,,,,,5.84
2012,PER_100000_POP,KZAKM,,,KZAKM,8.61
2012,PER_100000_POP,KZAKT,,,KZAKT,4.04
2012,PER_100000_POP,KZALM,,,KZALM,5.91
2012,PER_100000_POP,KZATY,,,KZATY,3.1
2012,PER_100000_POP,KZZAP,,,KZZAP,4.39
2012,PER_100000_POP,KZZHA,,,KZZHA,5.93
2012,PER_100000_POP,KZKAR,,,KZKAR,11.03
2012,PER_100000_POP,KZKUS,,,KZKUS,9.66
2012,PER_100000_POP,KZKZY,,,KZKZY,0.56
2012,PER_100000_POP,KZMAN,,,KZMAN,1.08
2012,PER_100000_POP,KZONT,,,KZONT,1.89
2012,PER_100000_POP,KZPAV,,,KZPAV,7.48
2012,PER_100000_POP,KZSEV,,,KZSEV,3.61
2012,PER_100000_POP,KZVOS,,,KZVOS,7.31
2012,PER_100000_POP,KZNS,,,KZNS,7.63
2012,PER_100000_POP,KZALA,,,KZALA,9.1
2012,PER_100000_POP,,U,,,7.15
2012,PER_100000_POP,KZAKM,U,,KZAKM,7.58
2012,PER_100000_POP,KZAKT,U,,KZAKT,5.12
2012,PER_100000_POP,KZALM,U,,KZALM,8.25
2012,PER_100000_POP,KZATY,U,,KZATY,2.65
2012,PER_100000_POP,KZZAP,U,,KZZAP,4.66
2012,PER_100000_POP,KZZHA,U,,KZZHA,7.29
2012,PER_100000_POP,KZKAR,U,,KZKAR,11.73
2012,PER_100000_POP,KZKUS,U,,KZKUS,11.59
2012,PER_100000_POP,KZKZY,U,,KZKZY,0.33
2012,PER_100000_POP,KZMAN,U,,KZMAN,1.05
2012,PER_100000_POP,KZONT,U,,KZONT,3.09
2012,PER_100000_POP,KZPAV,U,,KZPAV,7.94
2012,PER_100000_POP,KZSEV,U,,KZSEV,5.44
2012,PER_100000_POP,KZVOS,U,,KZVOS,7.37
2012,PER_100000_POP,KZNS,U,,KZNS,7.63
2012,PER_100000_POP,KZALA,U,,KZALA,9.1
2012,PER_100000_POP,,R,,,4.26
2012,PER_100000_POP,KZAKM,R,,KZAKM,9.51
2012,PER_100000_POP,KZAKT,R,,KZAKT,2.31
2012,PER_100000_POP,KZALM,R,,KZALM,5.2
2012,PER_100000_POP,KZATY,R,,KZATY,3.51
2012,PER_100000_POP,KZZAP,R,,KZZAP,4.13
2012,PER_100000_POP,KZZHA,R,,KZZHA,5.02
2012,PER_100000_POP,KZKAR,R,,KZKAR,8.49
2012,PER_100000_POP,KZKUS,R,,KZKUS,7.65
2012,PER_100000_POP,KZKZY,R,,KZKZY,0.73
2012,PER_100000_POP,KZMAN,R,,KZMAN,1.1
2012,PER_100000_POP,KZONT,R,,KZONT,1.12
2012,PER_100000_POP,KZPAV,R,,KZPAV,6.47
2012,PER_100000_POP,KZSEV,R,,KZSEV,2.33
2012,PER_100000_POP,KZVOS,R,,KZVOS,7.23
2012,PER_100000_POP,,,M,,8.86
2012,PER_100000_POP,KZAKM,,M,KZAKM,13.01
2012,PER_100000_POP,KZAKT,,M,KZAKT,5.51
2012,PER_100000_POP,KZALM,,M,KZALM,8.34
2012,PER_100000_POP,KZATY,,M,KZATY,4.46
2012,PER_100000_POP,KZZAP,,M,KZZAP,7.07
2012,PER_100000_POP,KZZHA,,M,KZZHA,8.27
2012,PER_100000_POP,KZKAR,,M,KZKAR,17.43
2012,PER_100000_POP,KZKUS,,M,KZKUS,14.69
2012,PER_100000_POP,KZKZY,,M,KZKZY,0.83
2012,PER_100000_POP,KZMAN,,M,KZMAN,1.81
2012,PER_100000_POP,KZONT,,M,KZONT,2.74
2012,PER_100000_POP,KZPAV,,M,KZPAV,11.93
2012,PER_100000_POP,KZSEV,,M,KZSEV,5.41
2012,PER_100000_POP,KZVOS,,M,KZVOS,10.71
2012,PER_100000_POP,KZNS,,M,KZNS,11.43
2012,PER_100000_POP,KZALA,,M,KZALA,16.36
2012,PER_100000_POP,,U,M,,11.07
2012,PER_100000_POP,KZAKM,U,M,KZAKM,11.83
2012,PER_100000_POP,KZAKT,U,M,KZAKT,6.53
2012,PER_100000_POP,KZALM,U,M,KZALM,9.38
2012,PER_100000_POP,KZATY,U,M,KZATY,3.17
2012,PER_100000_POP,KZZAP,U,M,KZZAP,7.93
2012,PER_100000_POP,KZZHA,U,M,KZZHA,9.97
2012,PER_100000_POP,KZKAR,U,M,KZKAR,18.8
2012,PER_100000_POP,KZKUS,U,M,KZKUS,17.07
2012,PER_100000_POP,KZKZY,U,M,KZKZY,0.67
2012,PER_100000_POP,KZMAN,U,M,KZMAN,1.44
2012,PER_100000_POP,KZONT,U,M,KZONT,4.6
2012,PER_100000_POP,KZPAV,U,M,KZPAV,13.47
2012,PER_100000_POP,KZSEV,U,M,KZSEV,9.25
2012,PER_100000_POP,KZVOS,U,M,KZVOS,10.96
2012,PER_100000_POP,KZNS,U,M,KZNS,11.43
2012,PER_100000_POP,KZALA,U,M,KZALA,16.36
2012,PER_100000_POP,,R,M,,6.36
2012,PER_100000_POP,KZAKM,R,M,KZAKM,13.99
2012,PER_100000_POP,KZAKT,R,M,KZAKT,3.96
2012,PER_100000_POP,KZALM,R,M,KZALM,8.04
2012,PER_100000_POP,KZATY,R,M,KZATY,5.59
2012,PER_100000_POP,KZZAP,R,M,KZZAP,6.32
2012,PER_100000_POP,KZZHA,R,M,KZZHA,7.21
2012,PER_100000_POP,KZKAR,R,M,KZKAR,12.84
2012,PER_100000_POP,KZKUS,R,M,KZKUS,12.37
2012,PER_100000_POP,KZKZY,R,M,KZKZY,0.95
2012,PER_100000_POP,KZMAN,R,M,KZMAN,2.18
2012,PER_100000_POP,KZONT,R,M,KZONT,1.6
2012,PER_100000_POP,KZPAV,R,M,KZPAV,8.72
2012,PER_100000_POP,KZSEV,R,M,KZSEV,2.96
2012,PER_100000_POP,KZVOS,R,M,KZVOS,10.38
2012,PER_100000_POP,,,F,,3.03
2012,PER_100000_POP,KZAKM,,F,KZAKM,4.49
2012,PER_100000_POP,KZAKT,,F,KZAKT,2.68
2012,PER_100000_POP,KZALM,,F,KZALM,3.57
2012,PER_100000_POP,KZATY,,F,KZATY,1.79
2012,PER_100000_POP,KZZAP,,F,KZZAP,1.89
2012,PER_100000_POP,KZZHA,,F,KZZHA,3.68
2012,PER_100000_POP,KZKAR,,F,KZKAR,5.29
2012,PER_100000_POP,KZKUS,,F,KZKUS,5.17
2012,PER_100000_POP,KZKZY,,F,KZKZY,0.28
2012,PER_100000_POP,KZMAN,,F,KZMAN,0.36
2012,PER_100000_POP,KZONT,,F,KZONT,1.05
2012,PER_100000_POP,KZPAV,,F,KZPAV,3.53
2012,PER_100000_POP,KZSEV,,F,KZSEV,1.97
2012,PER_100000_POP,KZVOS,,F,KZVOS,4.24
2012,PER_100000_POP,KZNS,,F,KZNS,4.07
2012,PER_100000_POP,KZALA,,F,KZALA,3.02
2012,PER_100000_POP,,U,F,,3.7
2012,PER_100000_POP,KZAKM,U,F,KZAKM,3.84
2012,PER_100000_POP,KZAKT,U,F,KZAKT,3.87
2012,PER_100000_POP,KZALM,U,F,KZALM,7.23
2012,PER_100000_POP,KZATY,U,F,KZATY,2.17
2012,PER_100000_POP,KZZAP,U,F,KZZAP,1.86
2012,PER_100000_POP,KZZHA,U,F,KZZHA,4.9
2012,PER_100000_POP,KZKAR,U,F,KZKAR,5.6
2012,PER_100000_POP,KZKUS,U,F,KZKUS,6.98
2012,PER_100000_POP,KZKZY,U,F,KZKZY,0.0
2012,PER_100000_POP,KZMAN,U,F,KZMAN,0.68
2012,PER_100000_POP,KZONT,U,F,KZONT,1.68
2012,PER_100000_POP,KZPAV,U,F,KZPAV,3.23
2012,PER_100000_POP,KZSEV,U,F,KZSEV,2.29
2012,PER_100000_POP,KZVOS,U,F,KZVOS,4.32
2012,PER_100000_POP,KZNS,U,F,KZNS,4.07
2012,PER_100000_POP,KZALA,U,F,KZALA,3.02
2012,PER_100000_POP,,R,F,,2.16
2012,PER_100000_POP,KZAKM,R,F,KZAKM,5.1
2012,PER_100000_POP,KZAKT,R,F,KZAKT,0.66
2012,PER_100000_POP,KZALM,R,F,KZALM,2.41
2012,PER_100000_POP,KZATY,R,F,KZATY,1.41
2012,PER_100000_POP,KZZAP,R,F,KZZAP,1.91
2012,PER_100000_POP,KZZHA,R,F,KZZHA,2.82
2012,PER_100000_POP,KZKAR,R,F,KZKAR,4.09
2012,PER_100000_POP,KZKUS,R,F,KZKUS,3.17
2012,PER_100000_POP,KZKZY,R,F,KZKZY,0.49
2012,PER_100000_POP,KZMAN,R,F,KZMAN,0.0
2012,PER_100000_POP,KZONT,R,F,KZONT,0.63
2012,PER_100000_POP,KZPAV,R,F,KZPAV,4.27
2012,PER_100000_POP,KZSEV,R,F,KZSEV,1.73
2012,PER_100000_POP,KZVOS,R,F,KZVOS,4.11
2013,PER_100000_POP,,,,,4.63
2013,PER_100000_POP,KZAKM,,,KZAKM,6.4
2013,PER_100000_POP,KZAKT,,,KZAKT,3.24
2013,PER_100000_POP,KZALM,,,KZALM,4.17
2013,PER_100000_POP,KZATY,,,KZATY,2.32
2013,PER_100000_POP,KZZAP,,,KZZAP,3.7
2013,PER_100000_POP,KZZHA,,,KZZHA,7.33
2013,PER_100000_POP,KZKAR,,,KZKAR,6.59
2013,PER_100000_POP,KZKUS,,,KZKUS,8.29
2013,PER_100000_POP,KZKZY,,,KZKZY,2.32
2013,PER_100000_POP,KZMAN,,,KZMAN,1.04
2013,PER_100000_POP,KZONT,,,KZONT,3.14
2013,PER_100000_POP,KZPAV,,,KZPAV,3.2
2013,PER_100000_POP,KZSEV,,,KZSEV,3.63
2013,PER_100000_POP,KZVOS,,,KZVOS,3.66
2013,PER_100000_POP,KZNS,,,KZNS,6.28
2013,PER_100000_POP,KZALA,,,KZALA,6.84
2013,PER_100000_POP,,U,,,5.55
2013,PER_100000_POP,KZAKM,U,,KZAKM,5.21
2013,PER_100000_POP,KZAKT,U,,KZAKT,2.22
2013,PER_100000_POP,KZALM,U,,KZALM,7.69
2013,PER_100000_POP,KZATY,U,,KZATY,2.25
2013,PER_100000_POP,KZZAP,U,,KZZAP,4.26
2013,PER_100000_POP,KZZHA,U,,KZZHA,12.26
2013,PER_100000_POP,KZKAR,U,,KZKAR,7.64
2013,PER_100000_POP,KZKUS,U,,KZKUS,9.05
2013,PER_100000_POP,KZKZY,U,,KZKZY,1.91
2013,PER_100000_POP,KZMAN,U,,KZMAN,1.03
2013,PER_100000_POP,KZONT,U,,KZONT,4.72
2013,PER_100000_POP,KZPAV,U,,KZPAV,4.03
2013,PER_100000_POP,KZSEV,U,,KZSEV,2.5
2013,PER_100000_POP,KZVOS,U,,KZVOS,2.69
2013,PER_100000_POP,KZNS,U,,KZNS,6.28
2013,PER_100000_POP,KZALA,U,,KZALA,6.84
2013,PER_100000_POP,,R,,,3.52
2013,PER_100000_POP,KZAKM,R,,KZAKM,7.46
2013,PER_100000_POP,KZAKT,R,,KZAKT,4.88
2013,PER_100000_POP,KZALM,R,,KZALM,3.11
2013,PER_100000_POP,KZATY,R,,KZATY,2.37
2013,PER_100000_POP,KZZAP,R,,KZZAP,3.17
2013,PER_100000_POP,KZZHA,R,,KZZHA,4.03
2013,PER_100000_POP,KZKAR,R,,KZKAR,2.73
2013,PER_100000_POP,KZKUS,R,,KZKUS,7.48
2013,PER_100000_POP,KZKZY,R,,KZKZY,2.62
2013,PER_100000_POP,KZMAN,R,,KZMAN,1.04
2013,PER_100000_POP,KZONT,R,,KZONT,2.13
2013,PER_100000_POP,KZPAV,R,,KZPAV,1.31
2013,PER_100000_POP,KZSEV,R,,KZSEV,4.44
2013,PER_100000_POP,KZVOS,R,,KZVOS,5.04
2013,PER_100000_POP,,,M,,6.87
2013,PER_100000_POP,KZAKM,,M,KZAKM,9.31
2013,PER_100000_POP,KZAKT,,M,KZAKT,4.14
2013,PER_100000_POP,KZALM,,M,KZALM,5.59
2013,PER_100000_POP,KZATY,,M,KZATY,3.27
2013,PER_100000_POP,KZZAP,,M,KZZAP,6.0
2013,PER_100000_POP,KZZHA,,M,KZZHA,8.91
2013,PER_100000_POP,KZKAR,,M,KZKAR,11.0
2013,PER_100000_POP,KZKUS,,M,KZKUS,13.23
2013,PER_100000_POP,KZKZY,,M,KZKZY,3.28
2013,PER_100000_POP,KZMAN,,M,KZMAN,1.74
2013,PER_100000_POP,KZONT,,M,KZONT,4.1
2013,PER_100000_POP,KZPAV,,M,KZPAV,5.09
2013,PER_100000_POP,KZSEV,,M,KZSEV,5.81
2013,PER_100000_POP,KZVOS,,M,KZVOS,5.43
2013,PER_100000_POP,KZNS,,M,KZNS,9.89
2013,PER_100000_POP,KZALA,,M,KZALA,12.07
2013,PER_100000_POP,,U,M,,8.74
2013,PER_100000_POP,KZAKM,U,M,KZAKM,8.04
2013,PER_100000_POP,KZAKT,U,M,KZAKT,2.57
2013,PER_100000_POP,KZALM,U,M,KZALM,10.63
2013,PER_100000_POP,KZATY,U,M,KZATY,3.93
2013,PER_100000_POP,KZZAP,U,M,KZZAP,8.51
2013,PER_100000_POP,KZZHA,U,M,KZZHA,15.19
2013,PER_100000_POP,KZKAR,U,M,KZKAR,12.65
2013,PER_100000_POP,KZKUS,U,M,KZKUS,15.46
2013,PER_100000_POP,KZKZY,U,M,KZKZY,2.62
2013,PER_100000_POP,KZMAN,U,M,KZMAN,2.12
2013,PER_100000_POP,KZONT,U,M,KZONT,7.04
2013,PER_100000_POP,KZPAV,U,M,KZPAV,6.67
2013,PER_100000_POP,KZSEV,U,M,KZSEV,3.68
2013,PER_100000_POP,KZVOS,U,M,KZVOS,3.98
2013,PER_100000_POP,KZNS,U,M,KZNS,9.89
2013,PER_100000_POP,KZALA,U,M,KZALA,12.07
2013,PER_100000_POP,,R,M,,4.74
2013,PER_100000_POP,KZAKM,R,M,KZAKM,10.37
2013,PER_100000_POP,KZAKT,R,M,KZAKT,6.51
2013,PER_100000_POP,KZALM,R,M,KZALM,4.14
2013,PER_100000_POP,KZATY,R,M,KZATY,2.7
2013,PER_100000_POP,KZZAP,R,M,KZZAP,3.78
2013,PER_100000_POP,KZZHA,R,M,KZZHA,4.95
2013,PER_100000_POP,KZKAR,R,M,KZKAR,5.42
2013,PER_100000_POP,KZKUS,R,M,KZKUS,11.02
2013,PER_100000_POP,KZKZY,R,M,KZKZY,3.75
2013,PER_100000_POP,KZMAN,R,M,KZMAN,1.38
2013,PER_100000_POP,KZONT,R,M,KZONT,2.29
2013,PER_100000_POP,KZPAV,R,M,KZPAV,1.76
2013,PER_100000_POP,KZSEV,R,M,KZSEV,7.2
2013,PER_100000_POP,KZVOS,R,M,KZVOS,7.34
2013,PER_100000_POP,,,F,,2.54
2013,PER_100000_POP,KZAKM,,F,KZAKM,3.69
2013,PER_100000_POP,KZAKT,,F,KZAKT,2.41
2013,PER_100000_POP,KZALM,,F,KZALM,2.8
2013,PER_100000_POP,KZATY,,F,KZATY,1.4
2013,PER_100000_POP,KZZAP,,F,KZZAP,1.56
2013,PER_100000_POP,KZZHA,,F,KZZHA,5.82
2013,PER_100000_POP,KZKAR,,F,KZKAR,2.64
2013,PER_100000_POP,KZKUS,,F,KZKUS,3.87
2013,PER_100000_POP,KZKZY,,F,KZKZY,1.36
2013,PER_100000_POP,KZMAN,,F,KZMAN,0.34
2013,PER_100000_POP,KZONT,,F,KZONT,2.2
2013,PER_100000_POP,KZPAV,,F,KZPAV,1.51
2013,PER_100000_POP,KZSEV,,F,KZSEV,1.65
2013,PER_100000_POP,KZVOS,,F,KZVOS,2.05
2013,PER_100000_POP,KZNS,,F,KZNS,2.91
2013,PER_100000_POP,KZALA,,F,KZALA,2.46
2013,PER_100000_POP,,U,F,,2.74
2013,PER_100000_POP,KZAKM,U,F,KZAKM,2.72
2013,PER_100000_POP,KZAKT,U,F,KZAKT,1.91
2013,PER_100000_POP,KZALM,U,F,KZALM,5.03
2013,PER_100000_POP,KZATY,U,F,KZATY,0.72
2013,PER_100000_POP,KZZAP,U,F,KZZAP,0.61
2013,PER_100000_POP,KZZHA,U,F,KZZHA,9.65
2013,PER_100000_POP,KZKAR,U,F,KZKAR,3.31
2013,PER_100000_POP,KZKUS,U,F,KZKUS,3.66
2013,PER_100000_POP,KZKZY,U,F,KZKZY,1.25
2013,PER_100000_POP,KZMAN,U,F,KZMAN,0.0
2013,PER_100000_POP,KZONT,U,F,KZONT,2.56
2013,PER_100000_POP,KZPAV,U,F,KZPAV,1.78
2013,PER_100000_POP,KZSEV,U,F,KZSEV,1.52
2013,PER_100000_POP,KZVOS,U,F,KZVOS,1.58
2013,PER_100000_POP,KZNS,U,F,KZNS,2.91
2013,PER_100000_POP,KZALA,U,F,KZALA,2.46
2013,PER_100000_POP,,R,F,,2.29
2013,PER_100000_POP,KZAKM,R,F,KZAKM,4.59
2013,PER_100000_POP,KZAKT,R,F,KZAKT,3.24
2013,PER_100000_POP,KZALM,R,F,KZALM,2.1
2013,PER_100000_POP,KZATY,R,F,KZATY,2.05
2013,PER_100000_POP,KZZAP,R,F,KZZAP,2.55
2013,PER_100000_POP,KZZHA,R,F,KZZHA,3.11
2013,PER_100000_POP,KZKAR,R,F,KZKAR,0.0
2013,PER_100000_POP,KZKUS,R,F,KZKUS,4.11
2013,PER_100000_POP,KZKZY,R,F,KZKZY,1.45
2013,PER_100000_POP,KZMAN,R,F,KZMAN,0.7
2013,PER_100000_POP,KZONT,R,F,KZONT,1.96
2013,PER_100000_POP,KZPAV,R,F,KZPAV,0.86
2013,PER_100000_POP,KZSEV,R,F,KZSEV,1.75
2013,PER_100000_POP,KZVOS,R,F,KZVOS,2.77
2014,PER_100000_POP,,,,,4.35
2014,PER_100000_POP,KZAKM,,,KZAKM,8.29
2014,PER_100000_POP,KZAKT,,,KZAKT,2.45
2014,PER_100000_POP,KZALM,,,KZALM,3.74
2014,PER_100000_POP,KZATY,,,KZATY,3.65
2014,PER_100000_POP,KZZAP,,,KZZAP,4.15
2014,PER_100000_POP,KZZHA,,,KZZHA,3.76
2014,PER_100000_POP,KZKAR,,,KZKAR,5.6
2014,PER_100000_POP,KZKUS,,,KZKUS,8.4
2014,PER_100000_POP,KZKZY,,,KZKZY,1.34
2014,PER_100000_POP,KZMAN,,,KZMAN,1.51
2014,PER_100000_POP,KZONT,,,KZONT,4.13
2014,PER_100000_POP,KZPAV,,,KZPAV,3.98
2014,PER_100000_POP,KZSEV,,,KZSEV,3.31
2014,PER_100000_POP,KZVOS,,,KZVOS,3.87
2014,PER_100000_POP,KZNS,,,KZNS,5.04
2014,PER_100000_POP,KZALA,,,KZALA,5.15
2014,PER_100000_POP,,U,,,4.75
2014,PER_100000_POP,KZAKM,U,,KZAKM,8.36
2014,PER_100000_POP,KZAKT,U,,KZAKT,2.18
2014,PER_100000_POP,KZALM,U,,KZALM,3.47
2014,PER_100000_POP,KZATY,U,,KZATY,2.97
2014,PER_100000_POP,KZZAP,U,,KZZAP,5.81
2014,PER_100000_POP,KZZHA,U,,KZZHA,3.64
2014,PER_100000_POP,KZKAR,U,,KZKAR,6.37
2014,PER_100000_POP,KZKUS,U,,KZKUS,7.21
2014,PER_100000_POP,KZKZY,U,,KZKZY,1.56
2014,PER_100000_POP,KZMAN,U,,KZMAN,1.43
2014,PER_100000_POP,KZONT,U,,KZONT,5.7
2014,PER_100000_POP,KZPAV,U,,KZPAV,4.36
2014,PER_100000_POP,KZSEV,U,,KZSEV,2.89
2014,PER_100000_POP,KZVOS,U,,KZVOS,3.64
2014,PER_100000_POP,KZNS,U,,KZNS,5.04
2014,PER_100000_POP,KZALA,U,,KZALA,5.15
2014,PER_100000_POP,,R,,,3.84
2014,PER_100000_POP,KZAKM,R,,KZAKM,8.22
2014,PER_100000_POP,KZAKT,R,,KZAKT,2.89
2014,PER_100000_POP,KZALM,R,,KZALM,3.82
2014,PER_100000_POP,KZATY,R,,KZATY,4.26
2014,PER_100000_POP,KZZAP,R,,KZZAP,2.52
2014,PER_100000_POP,KZZHA,R,,KZZHA,3.84
2014,PER_100000_POP,KZKAR,R,,KZKAR,2.75
2014,PER_100000_POP,KZKUS,R,,KZKUS,9.68
2014,PER_100000_POP,KZKZY,R,,KZKZY,1.18
2014,PER_100000_POP,KZMAN,R,,KZMAN,1.58
2014,PER_100000_POP,KZONT,R,,KZONT,3.0
2014,PER_100000_POP,KZPAV,R,,KZPAV,3.09
2014,PER_100000_POP,KZSEV,R,,KZSEV,3.62
2014,PER_100000_POP,KZVOS,R,,KZVOS,4.21
2014,PER_100000_POP,,,M,,6.29
2014,PER_100000_POP,KZAKM,,M,KZAKM,12.66
2014,PER_100000_POP,KZAKT,,M,KZAKT,3.81
2014,PER_100000_POP,KZALM,,M,KZALM,5.21
2014,PER_100000_POP,KZATY,,M,KZATY,3.55
2014,PER_100000_POP,KZZAP,,M,KZZAP,5.94
2014,PER_100000_POP,KZZHA,,M,KZZHA,5.79
2014,PER_100000_POP,KZKAR,,M,KZKAR,8.16
2014,PER_100000_POP,KZKUS,,M,KZKUS,10.57
2014,PER_100000_POP,KZKZY,,M,KZKZY,2.15
2014,PER_100000_POP,KZMAN,,M,KZMAN,1.01
2014,PER_100000_POP,KZONT,,M,KZONT,5.55
2014,PER_100000_POP,KZPAV,,M,KZPAV,6.19
2014,PER_100000_POP,KZSEV,,M,KZSEV,4.75
2014,PER_100000_POP,KZVOS,,M,KZVOS,6.18
2014,PER_100000_POP,KZNS,,M,KZNS,6.71
2014,PER_100000_POP,KZALA,,M,KZALA,9.6
2014,PER_100000_POP,,U,M,,7.34
2014,PER_100000_POP,KZAKM,U,M,KZAKM,12.93
2014,PER_100000_POP,KZAKT,U,M,KZAKT,3.77
2014,PER_100000_POP,KZALM,U,M,KZALM,5.46
2014,PER_100000_POP,KZATY,U,M,KZATY,4.66
2014,PER_100000_POP,KZZAP,U,M,KZZAP,10.46
2014,PER_100000_POP,KZZHA,U,M,KZZHA,5.29
2014,PER_100000_POP,KZKAR,U,M,KZKAR,9.54
2014,PER_100000_POP,KZKUS,U,M,KZKUS,10.03
2014,PER_100000_POP,KZKZY,U,M,KZKZY,2.55
2014,PER_100000_POP,KZMAN,U,M,KZMAN,0.0
2014,PER_100000_POP,KZONT,U,M,KZONT,7.84
2014,PER_100000_POP,KZPAV,U,M,KZPAV,6.59
2014,PER_100000_POP,KZSEV,U,M,KZSEV,4.56
2014,PER_100000_POP,KZVOS,U,M,KZVOS,6.32
2014,PER_100000_POP,KZNS,U,M,KZNS,6.71
2014,PER_100000_POP,KZALA,U,M,KZALA,9.6
2014,PER_100000_POP,,R,M,,5.04
2014,PER_100000_POP,KZAKM,R,M,KZAKM,12.43
2014,PER_100000_POP,KZAKT,R,M,KZAKT,3.87
2014,PER_100000_POP,KZALM,R,M,KZALM,5.13
2014,PER_100000_POP,KZATY,R,M,KZATY,2.61
2014,PER_100000_POP,KZZAP,R,M,KZZAP,1.88
2014,PER_100000_POP,KZZHA,R,M,KZZHA,6.11
2014,PER_100000_POP,KZKAR,R,M,KZKAR,3.41
2014,PER_100000_POP,KZKUS,R,M,KZKUS,11.11
2014,PER_100000_POP,KZKZY,R,M,KZKZY,1.85
2014,PER_100000_POP,KZMAN,R,M,KZMAN,1.9
2014,PER_100000_POP,KZONT,R,M,KZONT,3.95
2014,PER_100000_POP,KZPAV,R,M,KZPAV,5.32
2014,PER_100000_POP,KZSEV,R,M,KZSEV,4.88
2014,PER_100000_POP,KZVOS,R,M,KZVOS,5.99
2014,PER_100000_POP,,,F,,2.54
2014,PER_100000_POP,KZAKM,,F,KZAKM,4.2
2014,PER_100000_POP,KZAKT,,F,KZAKT,1.18
2014,PER_100000_POP,KZALM,,F,KZALM,2.32
2014,PER_100000_POP,KZATY,,F,KZATY,3.76
2014,PER_100000_POP,KZZAP,,F,KZZAP,2.47
2014,PER_100000_POP,KZZHA,,F,KZZHA,1.8
2014,PER_100000_POP,KZKAR,,F,KZKAR,3.31
2014,PER_100000_POP,KZKUS,,F,KZKUS,6.45
2014,PER_100000_POP,KZKZY,,F,KZKZY,0.54
2014,PER_100000_POP,KZMAN,,F,KZMAN,2.0
2014,PER_100000_POP,KZONT,,F,KZONT,2.73
2014,PER_100000_POP,KZPAV,,F,KZPAV,2.01
2014,PER_100000_POP,KZSEV,,F,KZSEV,2.0
2014,PER_100000_POP,KZVOS,,F,KZVOS,1.78
2014,PER_100000_POP,KZNS,,F,KZNS,3.48
2014,PER_100000_POP,KZALA,,F,KZALA,1.4
2014,PER_100000_POP,,U,F,,2.46
2014,PER_100000_POP,KZAKM,U,F,KZAKM,4.34
2014,PER_100000_POP,KZAKT,U,F,KZAKT,0.75
2014,PER_100000_POP,KZALM,U,F,KZALM,1.65
2014,PER_100000_POP,KZATY,U,F,KZATY,1.42
2014,PER_100000_POP,KZZAP,U,F,KZZAP,1.8
2014,PER_100000_POP,KZZHA,U,F,KZZHA,2.16
2014,PER_100000_POP,KZKAR,U,F,KZKAR,3.62
2014,PER_100000_POP,KZKUS,U,F,KZKUS,4.83
2014,PER_100000_POP,KZKZY,U,F,KZKZY,0.61
2014,PER_100000_POP,KZMAN,U,F,KZMAN,2.82
2014,PER_100000_POP,KZONT,U,F,KZONT,3.68
2014,PER_100000_POP,KZPAV,U,F,KZPAV,2.46
2014,PER_100000_POP,KZSEV,U,F,KZSEV,1.51
2014,PER_100000_POP,KZVOS,U,F,KZVOS,1.35
2014,PER_100000_POP,KZNS,U,F,KZNS,3.48
2014,PER_100000_POP,KZALA,U,F,KZALA,1.4
2014,PER_100000_POP,,R,F,,2.64
2014,PER_100000_POP,KZAKM,R,F,KZAKM,4.08
2014,PER_100000_POP,KZAKT,R,F,KZAKT,1.92
2014,PER_100000_POP,KZALM,R,F,KZALM,2.53
2014,PER_100000_POP,KZATY,R,F,KZATY,5.93
2014,PER_100000_POP,KZZAP,R,F,KZZAP,3.17
2014,PER_100000_POP,KZZHA,R,F,KZZHA,1.54
2014,PER_100000_POP,KZKAR,R,F,KZKAR,2.08
2014,PER_100000_POP,KZKUS,R,F,KZKUS,8.31
2014,PER_100000_POP,KZKZY,R,F,KZKZY,0.48
2014,PER_100000_POP,KZMAN,R,F,KZMAN,1.26
2014,PER_100000_POP,KZONT,R,F,KZONT,2.02
2014,PER_100000_POP,KZPAV,R,F,KZPAV,0.88
2014,PER_100000_POP,KZSEV,R,F,KZSEV,2.38
2014,PER_100000_POP,KZVOS,R,F,KZVOS,2.45
2015,PER_100000_POP,,,,,3.73
2015,PER_100000_POP,KZAKM,,,KZAKM,8.1
2015,PER_100000_POP,KZAKT,,,KZAKT,2.41
2015,PER_100000_POP,KZALM,,,KZALM,5.53
2015,PER_100000_POP,KZATY,,,KZATY,0.85
2015,PER_100000_POP,KZZAP,,,KZZAP,2.84
2015,PER_100000_POP,KZZHA,,,KZZHA,1.81
2015,PER_100000_POP,KZKAR,,,KZKAR,5.5
2015,PER_100000_POP,KZKUS,,,KZKUS,7.59
2015,PER_100000_POP,KZKZY,,,KZKZY,1.32
2015,PER_100000_POP,KZMAN,,,KZMAN,0.32
2015,PER_100000_POP,KZONT,,,KZONT,2.38
2015,PER_100000_POP,KZPAV,,,KZPAV,0.92
2015,PER_100000_POP,KZSEV,,,KZSEV,2.45
2015,PER_100000_POP,KZVOS,,,KZVOS,3.58
2015,PER_100000_POP,KZNS,,,KZNS,5.22
2015,PER_100000_POP,KZALA,,,KZALA,5.2
2015,PER_100000_POP,,U,,,4.02
2015,PER_100000_POP,KZAKM,U,,KZAKM,9.73
2015,PER_100000_POP,KZAKT,U,,KZAKT,2.52
2015,PER_100000_POP,KZALM,U,,KZALM,8.33
2015,PER_100000_POP,KZATY,U,,KZATY,1.08
2015,PER_100000_POP,KZZAP,U,,KZZAP,2.86
2015,PER_100000_POP,KZZHA,U,,KZZHA,1.57
2015,PER_100000_POP,KZKAR,U,,KZKAR,5.4
2015,PER_100000_POP,KZKUS,U,,KZKUS,7.55
2015,PER_100000_POP,KZKZY,U,,KZKZY,1.21
2015,PER_100000_POP,KZMAN,U,,KZMAN,0.37
2015,PER_100000_POP,KZONT,U,,KZONT,2.69
2015,PER_100000_POP,KZPAV,U,,KZPAV,0.56
2015,PER_100000_POP,KZSEV,U,,KZSEV,0.81
2015,PER_100000_POP,KZVOS,U,,KZVOS,2.89
2015,PER_100000_POP,KZNS,U,,KZNS,5.22
2015,PER_100000_POP,KZALA,U,,KZALA,5.2
2015,PER_100000_POP,,R,,,3.37
2015,PER_100000_POP,KZAKM,R,,KZAKM,6.65
2015,PER_100000_POP,KZAKT,R,,KZAKT,2.24
2015,PER_100000_POP,KZALM,R,,KZALM,4.64
2015,PER_100000_POP,KZATY,R,,KZATY,0.65
2015,PER_100000_POP,KZZAP,R,,KZZAP,2.82
2015,PER_100000_POP,KZZHA,R,,KZZHA,1.97
2015,PER_100000_POP,KZKAR,R,,KZKAR,5.88
2015,PER_100000_POP,KZKUS,R,,KZKUS,7.64
2015,PER_100000_POP,KZKZY,R,,KZKZY,1.4
2015,PER_100000_POP,KZMAN,R,,KZMAN,0.29
2015,PER_100000_POP,KZONT,R,,KZONT,2.13
2015,PER_100000_POP,KZPAV,R,,KZPAV,1.78
2015,PER_100000_POP,KZSEV,R,,KZSEV,3.7
2015,PER_100000_POP,KZVOS,R,,KZVOS,4.61
2015,PER_100000_POP,,,M,,5.25
2015,PER_100000_POP,KZAKM,,M,KZAKM,11.18
2015,PER_100000_POP,KZAKT,,M,KZAKT,2.75
2015,PER_100000_POP,KZALM,,M,KZALM,7.14
2015,PER_100000_POP,KZATY,,M,KZATY,1.04
2015,PER_100000_POP,KZZAP,,M,KZZAP,4.25
2015,PER_100000_POP,KZZHA,,M,KZZHA,2.21
2015,PER_100000_POP,KZKAR,,M,KZKAR,8.42
2015,PER_100000_POP,KZKUS,,M,KZKUS,11.02
2015,PER_100000_POP,KZKZY,,M,KZKZY,1.58
2015,PER_100000_POP,KZMAN,,M,KZMAN,0.33
2015,PER_100000_POP,KZONT,,M,KZONT,2.93
2015,PER_100000_POP,KZPAV,,M,KZPAV,1.68
2015,PER_100000_POP,KZSEV,,M,KZSEV,3.68
2015,PER_100000_POP,KZVOS,,M,KZVOS,4.36
2015,PER_100000_POP,KZNS,,M,KZNS,7.45
2015,PER_100000_POP,KZALA,,M,KZALA,9.55
2015,PER_100000_POP,,U,M,,6.06
2015,PER_100000_POP,KZAKM,U,M,KZAKM,12.83
2015,PER_100000_POP,KZAKT,U,M,KZAKT,3.27
2015,PER_100000_POP,KZALM,U,M,KZALM,12.54
2015,PER_100000_POP,KZATY,U,M,KZATY,1.5
2015,PER_100000_POP,KZZAP,U,M,KZZAP,4.8
2015,PER_100000_POP,KZZHA,U,M,KZZHA,2.37
2015,PER_100000_POP,KZKAR,U,M,KZKAR,8.47
2015,PER_100000_POP,KZKUS,U,M,KZKUS,11.3
2015,PER_100000_POP,KZKZY,U,M,KZKZY,1.24
2015,PER_100000_POP,KZMAN,U,M,KZMAN,0.0
2015,PER_100000_POP,KZONT,U,M,KZONT,3.42
2015,PER_100000_POP,KZPAV,U,M,KZPAV,0.82
2015,PER_100000_POP,KZSEV,U,M,KZSEV,1.79
2015,PER_100000_POP,KZVOS,U,M,KZVOS,3.65
2015,PER_100000_POP,KZNS,U,M,KZNS,7.45
2015,PER_100000_POP,KZALA,U,M,KZALA,9.55
2015,PER_100000_POP,,R,M,,4.26
2015,PER_100000_POP,KZAKM,R,M,KZAKM,9.79
2015,PER_100000_POP,KZAKT,R,M,KZAKT,1.92
2015,PER_100000_POP,KZALM,R,M,KZALM,5.49
2015,PER_100000_POP,KZATY,R,M,KZATY,0.64
2015,PER_100000_POP,KZZAP,R,M,KZZAP,3.74
2015,PER_100000_POP,KZZHA,R,M,KZZHA,2.12
2015,PER_100000_POP,KZKAR,R,M,KZKAR,8.23
2015,PER_100000_POP,KZKUS,R,M,KZKUS,10.74
2015,PER_100000_POP,KZKZY,R,M,KZKZY,1.83
2015,PER_100000_POP,KZMAN,R,M,KZMAN,0.58
2015,PER_100000_POP,KZONT,R,M,KZONT,2.55
2015,PER_100000_POP,KZPAV,R,M,KZPAV,3.57
2015,PER_100000_POP,KZSEV,R,M,KZSEV,4.98
2015,PER_100000_POP,KZVOS,R,M,KZVOS,5.33
2015,PER_100000_POP,,,F,,2.32
2015,PER_100000_POP,KZAKM,,F,KZAKM,5.23
2015,PER_100000_POP,KZAKT,,F,KZAKT,2.1
2015,PER_100000_POP,KZALM,,F,KZALM,3.97
2015,PER_100000_POP,KZATY,,F,KZATY,0.67
2015,PER_100000_POP,KZZAP,,F,KZZAP,1.53
2015,PER_100000_POP,KZZHA,,F,KZZHA,1.42
2015,PER_100000_POP,KZKAR,,F,KZKAR,2.89
2015,PER_100000_POP,KZKUS,,F,KZKUS,4.51
2015,PER_100000_POP,KZKZY,,F,KZKZY,1.05
2015,PER_100000_POP,KZMAN,,F,KZMAN,0.32
2015,PER_100000_POP,KZONT,,F,KZONT,1.84
2015,PER_100000_POP,KZPAV,,F,KZPAV,0.25
2015,PER_100000_POP,KZSEV,,F,KZSEV,1.34
2015,PER_100000_POP,KZVOS,,F,KZVOS,2.87
2015,PER_100000_POP,KZNS,,F,KZNS,3.13
2015,PER_100000_POP,KZALA,,F,KZALA,1.54
2015,PER_100000_POP,,U,F,,2.2
2015,PER_100000_POP,KZAKM,U,F,KZAKM,7.01
2015,PER_100000_POP,KZAKT,U,F,KZAKT,1.84
2015,PER_100000_POP,KZALM,U,F,KZALM,4.49
2015,PER_100000_POP,KZATY,U,F,KZATY,0.69
2015,PER_100000_POP,KZZAP,U,F,KZZAP,1.18
2015,PER_100000_POP,KZZHA,U,F,KZZHA,0.85
2015,PER_100000_POP,KZKAR,U,F,KZKAR,2.74
2015,PER_100000_POP,KZKUS,U,F,KZKUS,4.38
2015,PER_100000_POP,KZKZY,U,F,KZKZY,1.19
2015,PER_100000_POP,KZMAN,U,F,KZMAN,0.74
2015,PER_100000_POP,KZONT,U,F,KZONT,2.0
2015,PER_100000_POP,KZPAV,U,F,KZPAV,0.35
2015,PER_100000_POP,KZSEV,U,F,KZSEV,0.0
2015,PER_100000_POP,KZVOS,U,F,KZVOS,2.23
2015,PER_100000_POP,KZNS,U,F,KZNS,3.13
2015,PER_100000_POP,KZALA,U,F,KZALA,1.54
2015,PER_100000_POP,,R,F,,2.47
2015,PER_100000_POP,KZAKM,R,F,KZAKM,3.55
2015,PER_100000_POP,KZAKT,R,F,KZAKT,2.55
2015,PER_100000_POP,KZALM,R,F,KZALM,3.8
2015,PER_100000_POP,KZATY,R,F,KZATY,0.65
2015,PER_100000_POP,KZZAP,R,F,KZZAP,1.89
2015,PER_100000_POP,KZZHA,R,F,KZZHA,1.83
2015,PER_100000_POP,KZKAR,R,F,KZKAR,3.49
2015,PER_100000_POP,KZKUS,R,F,KZKUS,4.67
2015,PER_100000_POP,KZKZY,R,F,KZKZY,0.95
2015,PER_100000_POP,KZMAN,R,F,KZMAN,0.0
2015,PER_100000_POP,KZONT,R,F,KZONT,1.69
2015,PER_100000_POP,KZPAV,R,F,KZPAV,0.0
2015,PER_100000_POP,KZSEV,R,F,KZSEV,2.44
2015,PER_100000_POP,KZVOS,R,F,KZVOS,3.89
2016,PER_100000_POP,,,,,3.15
2016,PER_100000_POP,KZAKM,,,KZAKM,7.03
2016,PER_100000_POP,KZAKT,,,KZAKT,1.9
2016,PER_100000_POP,KZALM,,,KZALM,4.02
2016,PER_100000_POP,KZATY,,,KZATY,1.33
2016,PER_100000_POP,KZZAP,,,KZZAP,2.82
2016,PER_100000_POP,KZZHA,,,KZZHA,1.8
2016,PER_100000_POP,KZKAR,,,KZKAR,3.83
2016,PER_100000_POP,KZKUS,,,KZKUS,5.56
2016,PER_100000_POP,KZKZY,,,KZKZY,1.04
2016,PER_100000_POP,KZMAN,,,KZMAN,1.26
2016,PER_100000_POP,KZONT,,,KZONT,2.8
2016,PER_100000_POP,KZPAV,,,KZPAV,1.98
2016,PER_100000_POP,KZSEV,,,KZSEV,3.18
2016,PER_100000_POP,KZVOS,,,KZVOS,2.58
2016,PER_100000_POP,KZNS,,,KZNS,3.58
2016,PER_100000_POP,KZALA,,,KZALA,3.94
2016,PER_100000_POP,,U,,,3.09
2016,PER_100000_POP,KZAKM,U,,KZAKM,6.86
2016,PER_100000_POP,KZAKT,U,,KZAKT,1.9
2016,PER_100000_POP,KZALM,U,,KZALM,4.86
2016,PER_100000_POP,KZATY,U,,KZATY,1.74
2016,PER_100000_POP,KZZAP,U,,KZZAP,2.49
2016,PER_100000_POP,KZZHA,U,,KZZHA,0.67
2016,PER_100000_POP,KZKAR,U,,KZKAR,4.19
2016,PER_100000_POP,KZKUS,U,,KZKUS,3.42
2016,PER_100000_POP,KZKZY,U,,KZKZY,1.48
2016,PER_100000_POP,KZMAN,U,,KZMAN,1.1
2016,PER_100000_POP,KZONT,U,,KZONT,2.95
2016,PER_100000_POP,KZPAV,U,,KZPAV,1.68
2016,PER_100000_POP,KZSEV,U,,KZSEV,2.41
2016,PER_100000_POP,KZVOS,U,,KZVOS,1.91
2016,PER_100000_POP,KZNS,U,,KZNS,3.58
2016,PER_100000_POP,KZALA,U,,KZALA,3.94
2016,PER_100000_POP,,R,,,3.24
2016,PER_100000_POP,KZAKM,R,,KZAKM,7.19
2016,PER_100000_POP,KZAKT,R,,KZAKT,1.91
2016,PER_100000_POP,KZALM,R,,KZALM,3.75
2016,PER_100000_POP,KZATY,R,,KZATY,0.96
2016,PER_100000_POP,KZZAP,R,,KZZAP,3.14
2016,PER_100000_POP,KZZHA,R,,KZZHA,2.56
2016,PER_100000_POP,KZKAR,R,,KZKAR,2.45
2016,PER_100000_POP,KZKUS,R,,KZKUS,7.98
2016,PER_100000_POP,KZKZY,R,,KZKZY,0.69
2016,PER_100000_POP,KZMAN,R,,KZMAN,1.38
2016,PER_100000_POP,KZONT,R,,KZONT,2.68
2016,PER_100000_POP,KZPAV,R,,KZPAV,2.69
2016,PER_100000_POP,KZSEV,R,,KZSEV,3.78
2016,PER_100000_POP,KZVOS,R,,KZVOS,3.6
2016,PER_100000_POP,,,M,,4.43
2016,PER_100000_POP,KZAKM,,M,KZAKM,10.07
2016,PER_100000_POP,KZAKT,,M,KZAKT,3.45
2016,PER_100000_POP,KZALM,,M,KZALM,5.99
2016,PER_100000_POP,KZATY,,M,KZATY,2.71
2016,PER_100000_POP,KZZAP,,M,KZZAP,3.24
2016,PER_100000_POP,KZZHA,,M,KZZHA,2.2
2016,PER_100000_POP,KZKAR,,M,KZKAR,5.49
2016,PER_100000_POP,KZKUS,,M,KZKUS,8.39
2016,PER_100000_POP,KZKZY,,M,KZKZY,1.56
2016,PER_100000_POP,KZMAN,,M,KZMAN,1.58
2016,PER_100000_POP,KZONT,,M,KZONT,2.88
2016,PER_100000_POP,KZPAV,,M,KZPAV,3.07
2016,PER_100000_POP,KZSEV,,M,KZSEV,3.7
2016,PER_100000_POP,KZVOS,,M,KZVOS,3.62
2016,PER_100000_POP,KZNS,,M,KZNS,5.85
2016,PER_100000_POP,KZALA,,M,KZALA,6.21
2016,PER_100000_POP,,U,M,,4.59
2016,PER_100000_POP,KZAKM,U,M,KZAKM,9.74
2016,PER_100000_POP,KZAKT,U,M,KZAKT,4.01
2016,PER_100000_POP,KZALM,U,M,KZALM,8.41
2016,PER_100000_POP,KZATY,U,M,KZATY,3.63
2016,PER_100000_POP,KZZAP,U,M,KZZAP,2.69
2016,PER_100000_POP,KZZHA,U,M,KZZHA,0.94
2016,PER_100000_POP,KZKAR,U,M,KZKAR,5.68
2016,PER_100000_POP,KZKUS,U,M,KZKUS,5.59
2016,PER_100000_POP,KZKZY,U,M,KZKZY,2.43
2016,PER_100000_POP,KZMAN,U,M,KZMAN,0.73
2016,PER_100000_POP,KZONT,U,M,KZONT,3.5
2016,PER_100000_POP,KZPAV,U,M,KZPAV,2.84
2016,PER_100000_POP,KZSEV,U,M,KZSEV,3.54
2016,PER_100000_POP,KZVOS,U,M,KZVOS,2.33
2016,PER_100000_POP,KZNS,U,M,KZNS,5.85
2016,PER_100000_POP,KZALA,U,M,KZALA,6.21
2016,PER_100000_POP,,R,M,,4.23
2016,PER_100000_POP,KZAKM,R,M,KZAKM,10.35
2016,PER_100000_POP,KZAKT,R,M,KZAKT,2.55
2016,PER_100000_POP,KZALM,R,M,KZALM,5.25
2016,PER_100000_POP,KZATY,R,M,KZATY,1.9
2016,PER_100000_POP,KZZAP,R,M,KZZAP,3.74
2016,PER_100000_POP,KZZHA,R,M,KZZHA,3.0
2016,PER_100000_POP,KZKAR,R,M,KZKAR,4.84
2016,PER_100000_POP,KZKUS,R,M,KZKUS,11.35
2016,PER_100000_POP,KZKZY,R,M,KZKZY,0.91
2016,PER_100000_POP,KZMAN,R,M,KZMAN,2.23
2016,PER_100000_POP,KZONT,R,M,KZONT,2.39
2016,PER_100000_POP,KZPAV,R,M,KZPAV,3.59
2016,PER_100000_POP,KZSEV,R,M,KZSEV,3.81
2016,PER_100000_POP,KZVOS,R,M,KZVOS,5.41
2016,PER_100000_POP,,,F,,1.96
2016,PER_100000_POP,KZAKM,,F,KZAKM,4.19
2016,PER_100000_POP,KZAKT,,F,KZAKT,0.46
2016,PER_100000_POP,KZALM,,F,KZALM,2.11
2016,PER_100000_POP,KZATY,,F,KZATY,0.0
2016,PER_100000_POP,KZZAP,,F,KZZAP,2.42
2016,PER_100000_POP,KZZHA,,F,KZZHA,1.41
2016,PER_100000_POP,KZKAR,,F,KZKAR,2.33
2016,PER_100000_POP,KZKUS,,F,KZKUS,3.02
2016,PER_100000_POP,KZKZY,,F,KZKZY,0.52
2016,PER_100000_POP,KZMAN,,F,KZMAN,0.94
2016,PER_100000_POP,KZONT,,F,KZONT,2.71
2016,PER_100000_POP,KZPAV,,F,KZPAV,1.0
2016,PER_100000_POP,KZSEV,,F,KZSEV,2.7
2016,PER_100000_POP,KZVOS,,F,KZVOS,1.65
2016,PER_100000_POP,KZNS,,F,KZNS,1.46
2016,PER_100000_POP,KZALA,,F,KZALA,2.03
2016,PER_100000_POP,,U,F,,1.75
2016,PER_100000_POP,KZAKM,U,F,KZAKM,4.31
2016,PER_100000_POP,KZAKT,U,F,KZAKT,0.0
2016,PER_100000_POP,KZALM,U,F,KZALM,1.62
2016,PER_100000_POP,KZATY,U,F,KZATY,0.0
2016,PER_100000_POP,KZZAP,U,F,KZZAP,2.32
2016,PER_100000_POP,KZZHA,U,F,KZZHA,0.42
2016,PER_100000_POP,KZKAR,U,F,KZKAR,2.9
2016,PER_100000_POP,KZKUS,U,F,KZKUS,1.58
2016,PER_100000_POP,KZKZY,U,F,KZKZY,0.58
2016,PER_100000_POP,KZMAN,U,F,KZMAN,1.47
2016,PER_100000_POP,KZONT,U,F,KZONT,2.42
2016,PER_100000_POP,KZPAV,U,F,KZPAV,0.69
2016,PER_100000_POP,KZSEV,U,F,KZSEV,1.47
2016,PER_100000_POP,KZVOS,U,F,KZVOS,1.55
2016,PER_100000_POP,KZNS,U,F,KZNS,1.46
2016,PER_100000_POP,KZALA,U,F,KZALA,2.03
2016,PER_100000_POP,,R,F,,2.25
2016,PER_100000_POP,KZAKM,R,F,KZAKM,4.08
2016,PER_100000_POP,KZAKT,R,F,KZAKT,1.27
2016,PER_100000_POP,KZALM,R,F,KZALM,2.27
2016,PER_100000_POP,KZATY,R,F,KZATY,0.0
2016,PER_100000_POP,KZZAP,R,F,KZZAP,2.53
2016,PER_100000_POP,KZZHA,R,F,KZZHA,2.12
2016,PER_100000_POP,KZKAR,R,F,KZKAR,0.0
2016,PER_100000_POP,KZKUS,R,F,KZKUS,4.74
2016,PER_100000_POP,KZKZY,R,F,KZKZY,0.47
2016,PER_100000_POP,KZMAN,R,F,KZMAN,0.55
2016,PER_100000_POP,KZONT,R,F,KZONT,2.96
2016,PER_100000_POP,KZPAV,R,F,KZPAV,1.79
2016,PER_100000_POP,KZSEV,R,F,KZSEV,3.75
2016,PER_100000_POP,KZVOS,R,F,KZVOS,1.8
2017,PER_100000_POP,,,,,2.95
2017,PER_100000_POP,KZAKM,,,KZAKM,6.11
2017,PER_100000_POP,KZAKT,,,KZAKT,2.47
2017,PER_100000_POP,KZALM,,,KZALM,3.9
2017,PER_100000_POP,KZATY,,,KZATY,0.98
2017,PER_100000_POP,KZZAP,,,KZZAP,1.86
2017,PER_100000_POP,KZZHA,,,KZZHA,1.79
2017,PER_100000_POP,KZKAR,,,KZKAR,3.76
2017,PER_100000_POP,KZKUS,,,KZKUS,3.31
2017,PER_100000_POP,KZKZY,,,KZKZY,1.93
2017,PER_100000_POP,KZMAN,,,KZMAN,1.84
2017,PER_100000_POP,KZONT,,,KZONT,2.58
2017,PER_100000_POP,KZPAV,,,KZPAV,0.93
2017,PER_100000_POP,KZSEV,,,KZSEV,2.85
2017,PER_100000_POP,KZVOS,,,KZVOS,2.74
2017,PER_100000_POP,KZNS,,,KZNS,3.0
2017,PER_100000_POP,KZALA,,,KZALA,4.28
2017,PER_100000_POP,,U,,,3.12
2017,PER_100000_POP,KZAKM,U,,KZAKM,6.02
2017,PER_100000_POP,KZAKT,U,,KZAKT,2.6
2017,PER_100000_POP,KZALM,U,,KZALM,4.68
2017,PER_100000_POP,KZATY,U,,KZATY,0.68
2017,PER_100000_POP,KZZAP,U,,KZZAP,2.74
2017,PER_100000_POP,KZZHA,U,,KZZHA,1.57
2017,PER_100000_POP,KZKAR,U,,KZKAR,4.1
2017,PER_100000_POP,KZKUS,U,,KZKUS,2.76
2017,PER_100000_POP,KZKZY,U,,KZKZY,3.2
2017,PER_100000_POP,KZMAN,U,,KZMAN,2.21
2017,PER_100000_POP,KZONT,U,,KZONT,3.1
2017,PER_100000_POP,KZPAV,U,,KZPAV,1.12
2017,PER_100000_POP,KZSEV,U,,KZSEV,1.2
2017,PER_100000_POP,KZVOS,U,,KZVOS,1.9
2017,PER_100000_POP,KZNS,U,,KZNS,3.0
2017,PER_100000_POP,KZALA,U,,KZALA,4.28
2017,PER_100000_POP,,R,,,2.73
2017,PER_100000_POP,KZAKM,R,,KZAKM,6.19
2017,PER_100000_POP,KZAKT,R,,KZAKT,2.24
2017,PER_100000_POP,KZALM,R,,KZALM,3.66
2017,PER_100000_POP,KZATY,R,,KZATY,1.25
2017,PER_100000_POP,KZZAP,R,,KZZAP,0.95
2017,PER_100000_POP,KZZHA,R,,KZZHA,1.94
2017,PER_100000_POP,KZKAR,R,,KZKAR,2.48
2017,PER_100000_POP,KZKUS,R,,KZKUS,3.94
2017,PER_100000_POP,KZKZY,R,,KZKZY,0.92
2017,PER_100000_POP,KZMAN,R,,KZMAN,1.58
2017,PER_100000_POP,KZONT,R,,KZONT,2.15
2017,PER_100000_POP,KZPAV,R,,KZPAV,0.45
2017,PER_100000_POP,KZSEV,R,,KZSEV,4.18
2017,PER_100000_POP,KZVOS,R,,KZVOS,4.04
2017,PER_100000_POP,,,M,,4.08
2017,PER_100000_POP,KZAKM,,M,KZAKM,8.13
2017,PER_100000_POP,KZAKT,,M,KZAKT,4.61
2017,PER_100000_POP,KZALM,,M,KZALM,5.36
2017,PER_100000_POP,KZATY,,M,KZATY,1.65
2017,PER_100000_POP,KZZAP,,M,KZZAP,2.89
2017,PER_100000_POP,KZZHA,,M,KZZHA,2.55
2017,PER_100000_POP,KZKAR,,M,KZKAR,5.65
2017,PER_100000_POP,KZKUS,,M,KZKUS,4.33
2017,PER_100000_POP,KZKZY,,M,KZKZY,2.82
2017,PER_100000_POP,KZMAN,,M,KZMAN,3.39
2017,PER_100000_POP,KZONT,,M,KZONT,2.7
2017,PER_100000_POP,KZPAV,,M,KZPAV,1.12
2017,PER_100000_POP,KZSEV,,M,KZSEV,2.61
2017,PER_100000_POP,KZVOS,,M,KZVOS,3.63
2017,PER_100000_POP,KZNS,,M,KZNS,3.52
2017,PER_100000_POP,KZALA,,M,KZALA,7.27
2017,PER_100000_POP,,U,M,,4.56
2017,PER_100000_POP,KZAKM,U,M,KZAKM,9.15
2017,PER_100000_POP,KZAKT,U,M,KZAKT,4.7
2017,PER_100000_POP,KZALM,U,M,KZALM,6.68
2017,PER_100000_POP,KZATY,U,M,KZATY,0.71
2017,PER_100000_POP,KZZAP,U,M,KZZAP,4.59
2017,PER_100000_POP,KZZHA,U,M,KZZHA,2.83
2017,PER_100000_POP,KZKAR,U,M,KZKAR,6.25
2017,PER_100000_POP,KZKUS,U,M,KZKUS,3.7
2017,PER_100000_POP,KZKZY,U,M,KZKZY,4.16
2017,PER_100000_POP,KZMAN,U,M,KZMAN,3.67
2017,PER_100000_POP,KZONT,U,M,KZONT,3.73
2017,PER_100000_POP,KZPAV,U,M,KZPAV,1.62
2017,PER_100000_POP,KZSEV,U,M,KZSEV,0.88
2017,PER_100000_POP,KZVOS,U,M,KZVOS,2.32
2017,PER_100000_POP,KZNS,U,M,KZNS,3.52
2017,PER_100000_POP,KZALA,U,M,KZALA,7.27
2017,PER_100000_POP,,R,M,,3.47
2017,PER_100000_POP,KZAKM,R,M,KZAKM,7.26
2017,PER_100000_POP,KZAKT,R,M,KZAKT,4.47
2017,PER_100000_POP,KZALM,R,M,KZALM,4.98
2017,PER_100000_POP,KZATY,R,M,KZATY,2.48
2017,PER_100000_POP,KZZAP,R,M,KZZAP,1.26
2017,PER_100000_POP,KZZHA,R,M,KZZHA,2.37
2017,PER_100000_POP,KZKAR,R,M,KZKAR,3.5
2017,PER_100000_POP,KZKUS,R,M,KZKUS,5.0
2017,PER_100000_POP,KZKZY,R,M,KZKZY,1.81
2017,PER_100000_POP,KZMAN,R,M,KZMAN,3.18
2017,PER_100000_POP,KZONT,R,M,KZONT,1.87
2017,PER_100000_POP,KZPAV,R,M,KZPAV,0.0
2017,PER_100000_POP,KZSEV,R,M,KZSEV,3.89
2017,PER_100000_POP,KZVOS,R,M,KZVOS,5.51
2017,PER_100000_POP,,,F,,1.89
2017,PER_100000_POP,KZAKM,,F,KZAKM,4.21
2017,PER_100000_POP,KZAKT,,F,KZAKT,0.45
2017,PER_100000_POP,KZALM,,F,KZALM,2.47
2017,PER_100000_POP,KZATY,,F,KZATY,0.32
2017,PER_100000_POP,KZZAP,,F,KZZAP,0.9
2017,PER_100000_POP,KZZHA,,F,KZZHA,1.06
2017,PER_100000_POP,KZKAR,,F,KZKAR,2.06
2017,PER_100000_POP,KZKUS,,F,KZKUS,2.38
2017,PER_100000_POP,KZKZY,,F,KZKZY,1.03
2017,PER_100000_POP,KZMAN,,F,KZMAN,0.31
2017,PER_100000_POP,KZONT,,F,KZONT,2.47
2017,PER_100000_POP,KZPAV,,F,KZPAV,0.75
2017,PER_100000_POP,KZSEV,,F,KZSEV,3.07
2017,PER_100000_POP,KZVOS,,F,KZVOS,1.93
2017,PER_100000_POP,KZNS,,F,KZNS,2.5
2017,PER_100000_POP,KZALA,,F,KZALA,1.76
2017,PER_100000_POP,,U,F,,1.83
2017,PER_100000_POP,KZAKM,U,F,KZAKM,3.25
2017,PER_100000_POP,KZAKT,U,F,KZAKT,0.71
2017,PER_100000_POP,KZALM,U,F,KZALM,2.86
2017,PER_100000_POP,KZATY,U,F,KZATY,0.65
2017,PER_100000_POP,KZZAP,U,F,KZZAP,1.13
2017,PER_100000_POP,KZZHA,U,F,KZZHA,0.43
2017,PER_100000_POP,KZKAR,U,F,KZKAR,2.21
2017,PER_100000_POP,KZKUS,U,F,KZKUS,1.96
2017,PER_100000_POP,KZKZY,U,F,KZKZY,2.28
2017,PER_100000_POP,KZMAN,U,F,KZMAN,0.74
2017,PER_100000_POP,KZONT,U,F,KZONT,2.51
2017,PER_100000_POP,KZPAV,U,F,KZPAV,0.7
2017,PER_100000_POP,KZSEV,U,F,KZSEV,1.46
2017,PER_100000_POP,KZVOS,U,F,KZVOS,1.54
2017,PER_100000_POP,KZNS,U,F,KZNS,2.5
2017,PER_100000_POP,KZALA,U,F,KZALA,1.76
2017,PER_100000_POP,,R,F,,1.98
2017,PER_100000_POP,KZAKM,R,F,KZAKM,5.12
2017,PER_100000_POP,KZAKT,R,F,KZAKT,0.0
2017,PER_100000_POP,KZALM,R,F,KZALM,2.35
2017,PER_100000_POP,KZATY,R,F,KZATY,0.0
2017,PER_100000_POP,KZZAP,R,F,KZZAP,0.64
2017,PER_100000_POP,KZZHA,R,F,KZZHA,1.5
2017,PER_100000_POP,KZKAR,R,F,KZKAR,1.43
2017,PER_100000_POP,KZKUS,R,F,KZKUS,2.9
2017,PER_100000_POP,KZKZY,R,F,KZKZY,0.0
2017,PER_100000_POP,KZMAN,R,F,KZMAN,0.0
2017,PER_100000_POP,KZONT,R,F,KZONT,2.43
2017,PER_100000_POP,KZPAV,R,F,KZPAV,0.9
2017,PER_100000_POP,KZSEV,R,F,KZSEV,4.47
2017,PER_100000_POP,KZVOS,R,F,KZVOS,2.57
2018,PER_100000_POP,,,,,2.77
2018,PER_100000_POP,KZAKM,,,KZAKM,6.36
2018,PER_100000_POP,KZAKT,,,KZAKT,2.08
2018,PER_100000_POP,KZALM,,,KZALM,3.45
2018,PER_100000_POP,KZATY,,,KZATY,0.8
2018,PER_100000_POP,KZZAP,,,KZZAP,3.54
2018,PER_100000_POP,KZZHA,,,KZZHA,1.87
2018,PER_100000_POP,KZKAR,,,KZKAR,3.04
2018,PER_100000_POP,KZKUS,,,KZKUS,3.32
2018,PER_100000_POP,KZKZY,,,KZKZY,0.51
2018,PER_100000_POP,KZMAN,,,KZMAN,2.09
2018,PER_100000_POP,KZPAV,,,KZPAV,1.72
2018,PER_100000_POP,KZSEV,,,KZSEV,3.41
2018,PER_100000_POP,KZYUZ,,,KZYUZ,2.52
2018,PER_100000_POP,KZVOS,,,KZVOS,2.9
2018,PER_100000_POP,KZNS,,,KZNS,2.85
2018,PER_100000_POP,KZALA,,,KZALA,3.06
2018,PER_100000_POP,KZSHY,,,KZSHY,2.55
2018,PER_100000_POP,,U,,,2.84
2018,PER_100000_POP,KZAKM,U,,KZAKM,6.89
2018,PER_100000_POP,KZAKT,U,,KZAKT,2.3
2018,PER_100000_POP,KZALM,U,,KZALM,5.42
2018,PER_100000_POP,KZATY,U,,KZATY,0.31
2018,PER_100000_POP,KZZAP,U,,KZZAP,2.38
2018,PER_100000_POP,KZZHA,U,,KZZHA,2.24
2018,PER_100000_POP,KZKAR,U,,KZKAR,3.64
2018,PER_100000_POP,KZKUS,U,,KZKUS,3.37
2018,PER_100000_POP,KZKZY,U,,KZKZY,0.86
2018,PER_100000_POP,KZMAN,U,,KZMAN,3.33
2018,PER_100000_POP,KZPAV,U,,KZPAV,2.25
2018,PER_100000_POP,KZSEV,U,,KZSEV,0.79
2018,PER_100000_POP,KZYUZ,U,,KZYUZ,2.31
2018,PER_100000_POP,KZVOS,U,,KZVOS,2.01
2018,PER_100000_POP,KZNS,U,,KZNS,2.85
2018,PER_100000_POP,KZALA,U,,KZALA,3.06
2018,PER_100000_POP,KZSHY,U,,KZSHY,2.55
2018,PER_100000_POP,,R,,,2.67
2018,PER_100000_POP,KZAKM,R,,KZAKM,5.89
2018,PER_100000_POP,KZAKT,R,,KZAKT,1.57
2018,PER_100000_POP,KZALM,R,,KZALM,2.87
2018,PER_100000_POP,KZATY,R,,KZATY,1.34
2018,PER_100000_POP,KZZAP,R,,KZZAP,4.79
2018,PER_100000_POP,KZZHA,R,,KZZHA,1.63
2018,PER_100000_POP,KZKAR,R,,KZKAR,0.71
2018,PER_100000_POP,KZKUS,R,,KZKUS,3.25
2018,PER_100000_POP,KZKZY,R,,KZKZY,0.23
2018,PER_100000_POP,KZMAN,R,,KZMAN,1.25
2018,PER_100000_POP,KZPAV,R,,KZPAV,0.45
2018,PER_100000_POP,KZSEV,R,,KZSEV,5.59
2018,PER_100000_POP,KZYUZ,R,,KZYUZ,2.58
2018,PER_100000_POP,KZVOS,R,,KZVOS,4.31
2018,PER_100000_POP,,,M,,3.89
2018,PER_100000_POP,KZAKM,,M,KZAKM,9.49
2018,PER_100000_POP,KZAKT,,M,KZAKT,3.11
2018,PER_100000_POP,KZALM,,M,KZALM,4.38
2018,PER_100000_POP,KZATY,,M,KZATY,0.65
2018,PER_100000_POP,KZZAP,,M,KZZAP,5.08
2018,PER_100000_POP,KZZHA,,M,KZZHA,2.36
2018,PER_100000_POP,KZKAR,,M,KZKAR,4.74
2018,PER_100000_POP,KZKUS,,M,KZKUS,5.06
2018,PER_100000_POP,KZKZY,,M,KZKZY,0.51
2018,PER_100000_POP,KZMAN,,M,KZMAN,2.1
2018,PER_100000_POP,KZPAV,,M,KZPAV,3.08
2018,PER_100000_POP,KZSEV,,M,KZSEV,4.13
2018,PER_100000_POP,KZYUZ,,M,KZYUZ,2.79
2018,PER_100000_POP,KZVOS,,M,KZVOS,4.25
2018,PER_100000_POP,KZNS,,M,KZNS,4.14
2018,PER_100000_POP,KZALA,,M,KZALA,4.91
2018,PER_100000_POP,KZSHY,,M,KZSHY,4.45
2018,PER_100000_POP,,U,M,,4.34
2018,PER_100000_POP,KZAKM,U,M,KZAKM,11.58
2018,PER_100000_POP,KZAKT,U,M,KZAKT,3.45
2018,PER_100000_POP,KZALM,U,M,KZALM,7.71
2018,PER_100000_POP,KZATY,U,M,KZATY,0.0
2018,PER_100000_POP,KZZAP,U,M,KZZAP,4.48
2018,PER_100000_POP,KZZHA,U,M,KZZHA,3.31
2018,PER_100000_POP,KZKAR,U,M,KZKAR,5.66
2018,PER_100000_POP,KZKUS,U,M,KZKUS,5.05
2018,PER_100000_POP,KZKZY,U,M,KZKZY,1.17
2018,PER_100000_POP,KZMAN,U,M,KZMAN,3.7
2018,PER_100000_POP,KZPAV,U,M,KZPAV,4.47
2018,PER_100000_POP,KZSEV,U,M,KZSEV,0.87
2018,PER_100000_POP,KZYUZ,U,M,KZYUZ,1.53
2018,PER_100000_POP,KZVOS,U,M,KZVOS,3.06
2018,PER_100000_POP,KZNS,U,M,KZNS,4.14
2018,PER_100000_POP,KZALA,U,M,KZALA,4.91
2018,PER_100000_POP,KZSHY,U,M,KZSHY,4.45
2018,PER_100000_POP,,R,M,,3.3
2018,PER_100000_POP,KZAKM,R,M,KZAKM,7.72
2018,PER_100000_POP,KZAKT,R,M,KZAKT,2.34
2018,PER_100000_POP,KZALM,R,M,KZALM,3.45
2018,PER_100000_POP,KZATY,R,M,KZATY,1.32
2018,PER_100000_POP,KZZAP,R,M,KZZAP,5.68
2018,PER_100000_POP,KZZHA,R,M,KZZHA,1.76
2018,PER_100000_POP,KZKAR,R,M,KZKAR,1.41
2018,PER_100000_POP,KZKUS,R,M,KZKUS,5.08
2018,PER_100000_POP,KZKZY,R,M,KZKZY,0.0
2018,PER_100000_POP,KZMAN,R,M,KZMAN,1.01
2018,PER_100000_POP,KZPAV,R,M,KZPAV,0.0
2018,PER_100000_POP,KZSEV,R,M,KZSEV,6.6
2018,PER_100000_POP,KZYUZ,R,M,KZYUZ,3.1
2018,PER_100000_POP,KZVOS,R,M,KZVOS,5.99
2018,PER_100000_POP,,,F,,1.72
2018,PER_100000_POP,KZAKM,,F,KZAKM,3.42
2018,PER_100000_POP,KZAKT,,F,KZAKT,1.12
2018,PER_100000_POP,KZALM,,F,KZALM,2.54
2018,PER_100000_POP,KZATY,,F,KZATY,0.94
2018,PER_100000_POP,KZZAP,,F,KZZAP,2.09
2018,PER_100000_POP,KZZHA,,F,KZZHA,1.4
2018,PER_100000_POP,KZKAR,,F,KZKAR,1.52
2018,PER_100000_POP,KZKUS,,F,KZKUS,1.74
2018,PER_100000_POP,KZKZY,,F,KZKZY,0.51
2018,PER_100000_POP,KZMAN,,F,KZMAN,2.08
2018,PER_100000_POP,KZPAV,,F,KZPAV,0.5
2018,PER_100000_POP,KZSEV,,F,KZSEV,2.75
2018,PER_100000_POP,KZYUZ,,F,KZYUZ,2.25
2018,PER_100000_POP,KZVOS,,F,KZVOS,1.66
2018,PER_100000_POP,KZNS,,F,KZNS,1.64
2018,PER_100000_POP,KZALA,,F,KZALA,1.51
2018,PER_100000_POP,KZSHY,,F,KZSHY,0.79
2018,PER_100000_POP,,U,F,,1.5
2018,PER_100000_POP,KZAKM,U,F,KZAKM,2.71
2018,PER_100000_POP,KZAKT,U,F,KZAKT,1.26
2018,PER_100000_POP,KZALM,U,F,KZALM,3.33
2018,PER_100000_POP,KZATY,U,F,KZATY,0.59
2018,PER_100000_POP,KZZAP,U,F,KZZAP,0.56
2018,PER_100000_POP,KZZHA,U,F,KZZHA,1.28
2018,PER_100000_POP,KZKAR,U,F,KZKAR,1.88
2018,PER_100000_POP,KZKUS,U,F,KZKUS,1.95
2018,PER_100000_POP,KZKZY,U,F,KZKZY,0.56
2018,PER_100000_POP,KZMAN,U,F,KZMAN,2.96
2018,PER_100000_POP,KZPAV,U,F,KZPAV,0.35
2018,PER_100000_POP,KZSEV,U,F,KZSEV,0.73
2018,PER_100000_POP,KZYUZ,U,F,KZYUZ,3.1
2018,PER_100000_POP,KZVOS,U,F,KZVOS,1.1
2018,PER_100000_POP,KZNS,U,F,KZNS,1.64
2018,PER_100000_POP,KZALA,U,F,KZALA,1.51
2018,PER_100000_POP,KZSHY,U,F,KZSHY,0.79
2018,PER_100000_POP,,R,F,,2.04
2018,PER_100000_POP,KZAKM,R,F,KZAKM,4.08
2018,PER_100000_POP,KZAKT,R,F,KZAKT,0.79
2018,PER_100000_POP,KZALM,R,F,KZALM,2.3
2018,PER_100000_POP,KZATY,R,F,KZATY,1.35
2018,PER_100000_POP,KZZAP,R,F,KZZAP,3.87
2018,PER_100000_POP,KZZHA,R,F,KZZHA,1.49
2018,PER_100000_POP,KZKAR,R,F,KZKAR,0.0
2018,PER_100000_POP,KZKUS,R,F,KZKUS,1.48
2018,PER_100000_POP,KZKZY,R,F,KZKZY,0.46
2018,PER_100000_POP,KZMAN,R,F,KZMAN,1.49
2018,PER_100000_POP,KZPAV,R,F,KZPAV,0.9
2018,PER_100000_POP,KZSEV,R,F,KZSEV,4.58
2018,PER_100000_POP,KZYUZ,R,F,KZYUZ,2.04
2018,PER_100000_POP,KZVOS,R,F,KZVOS,2.63
2019,PER_100000_POP,,,,,2.33
2019,PER_100000_POP,KZAKM,,,KZAKM,4.74
2019,PER_100000_POP,KZAKT,,,KZAKT,2.28
2019,PER_100000_POP,KZALM,,,KZALM,2.54
2019,PER_100000_POP,KZATY,,,KZATY,0.47
2019,PER_100000_POP,KZZAP,,,KZZAP,3.36
2019,PER_100000_POP,KZZHA,,,KZZHA,0.71
2019,PER_100000_POP,KZKAR,,,KZKAR,3.41
2019,PER_100000_POP,KZKUS,,,KZKUS,2.76
2019,PER_100000_POP,KZKZY,,,KZKZY,0.5
2019,PER_100000_POP,KZMAN,,,KZMAN,1.16
2019,PER_100000_POP,KZPAV,,,KZPAV,2.12
2019,PER_100000_POP,KZSEV,,,KZSEV,2.72
2019,PER_100000_POP,KZYUZ,,,KZYUZ,1.6
2019,PER_100000_POP,KZVOS,,,KZVOS,2.4
2019,PER_100000_POP,KZNS,,,KZNS,2.44
2019,PER_100000_POP,KZALA,,,KZALA,2.7
2019,PER_100000_POP,KZSHY,,,KZSHY,3.42
2019,PER_100000_POP,,U,,,2.5
2019,PER_100000_POP,KZAKM,U,,KZAKM,4.88
2019,PER_100000_POP,KZAKT,U,,KZAKT,2.74
2019,PER_100000_POP,KZALM,U,,KZALM,3.74
2019,PER_100000_POP,KZATY,U,,KZATY,0.0
2019,PER_100000_POP,KZZAP,U,,KZZAP,2.93
2019,PER_100000_POP,KZZHA,U,,KZZHA,0.67
2019,PER_100000_POP,KZKAR,U,,KZKAR,3.46
2019,PER_100000_POP,KZKUS,U,,KZKUS,2.59
2019,PER_100000_POP,KZKZY,U,,KZKZY,0.56
2019,PER_100000_POP,KZMAN,U,,KZMAN,1.83
2019,PER_100000_POP,KZPAV,U,,KZPAV,1.88
2019,PER_100000_POP,KZSEV,U,,KZSEV,1.58
2019,PER_100000_POP,KZYUZ,U,,KZYUZ,1.26
2019,PER_100000_POP,KZVOS,U,,KZVOS,2.0
2019,PER_100000_POP,KZNS,U,,KZNS,2.44
2019,PER_100000_POP,KZALA,U,,KZALA,2.7
2019,PER_100000_POP,KZSHY,U,,KZSHY,3.42
2019,PER_100000_POP,,R,,,2.1
2019,PER_100000_POP,KZAKM,R,,KZAKM,4.62
2019,PER_100000_POP,KZAKT,R,,KZAKT,1.18
2019,PER_100000_POP,KZALM,R,,KZALM,2.2
2019,PER_100000_POP,KZATY,R,,KZATY,1.04
2019,PER_100000_POP,KZZAP,R,,KZZAP,3.84
2019,PER_100000_POP,KZZHA,R,,KZZHA,0.74
2019,PER_100000_POP,KZKAR,R,,KZKAR,3.21
2019,PER_100000_POP,KZKUS,R,,KZKUS,2.98
2019,PER_100000_POP,KZKZY,R,,KZKZY,0.45
2019,PER_100000_POP,KZMAN,R,,KZMAN,0.72
2019,PER_100000_POP,KZPAV,R,,KZPAV,2.71
2019,PER_100000_POP,KZSEV,R,,KZSEV,3.68
2019,PER_100000_POP,KZYUZ,R,,KZYUZ,1.68
2019,PER_100000_POP,KZVOS,R,,KZVOS,3.05
2019,PER_100000_POP,,,M,,3.11
2019,PER_100000_POP,KZAKM,,M,KZAKM,8.66
2019,PER_100000_POP,KZAKT,,M,KZAKT,3.3
2019,PER_100000_POP,KZALM,,M,KZALM,2.66
2019,PER_100000_POP,KZATY,,M,KZATY,0.95
2019,PER_100000_POP,KZZAP,,M,KZZAP,3.78
2019,PER_100000_POP,KZZHA,,M,KZZHA,1.26
2019,PER_100000_POP,KZKAR,,M,KZKAR,4.89
2019,PER_100000_POP,KZKUS,,M,KZKUS,4.11
2019,PER_100000_POP,KZKZY,,M,KZKZY,0.75
2019,PER_100000_POP,KZMAN,,M,KZMAN,2.04
2019,PER_100000_POP,KZPAV,,M,KZPAV,3.08
2019,PER_100000_POP,KZSEV,,M,KZSEV,4.17
2019,PER_100000_POP,KZYUZ,,M,KZYUZ,1.48
2019,PER_100000_POP,KZVOS,,M,KZVOS,3.35
2019,PER_100000_POP,KZNS,,M,KZNS,2.63
2019,PER_100000_POP,KZALA,,M,KZALA,3.94
2019,PER_100000_POP,KZSHY,,M,KZSHY,3.86
2019,PER_100000_POP,,U,M,,3.58
2019,PER_100000_POP,KZAKM,U,M,KZAKM,9.14
2019,PER_100000_POP,KZAKT,U,M,KZAKT,4.39
2019,PER_100000_POP,KZALM,U,M,KZALM,4.6
2019,PER_100000_POP,KZATY,U,M,KZATY,0.0
2019,PER_100000_POP,KZZAP,U,M,KZZAP,3.76
2019,PER_100000_POP,KZZHA,U,M,KZZHA,1.41
2019,PER_100000_POP,KZKAR,U,M,KZKAR,5.07
2019,PER_100000_POP,KZKUS,U,M,KZKUS,3.9
2019,PER_100000_POP,KZKZY,U,M,KZKZY,1.15
2019,PER_100000_POP,KZMAN,U,M,KZMAN,2.93
2019,PER_100000_POP,KZPAV,U,M,KZPAV,3.67
2019,PER_100000_POP,KZSEV,U,M,KZSEV,3.48
2019,PER_100000_POP,KZYUZ,U,M,KZYUZ,2.0
2019,PER_100000_POP,KZVOS,U,M,KZVOS,2.8
2019,PER_100000_POP,KZNS,U,M,KZNS,2.63
2019,PER_100000_POP,KZALA,U,M,KZALA,3.94
2019,PER_100000_POP,KZSHY,U,M,KZSHY,3.86
2019,PER_100000_POP,,R,M,,2.49
2019,PER_100000_POP,KZAKM,R,M,KZAKM,8.25
2019,PER_100000_POP,KZAKT,R,M,KZAKT,0.78
2019,PER_100000_POP,KZALM,R,M,KZALM,2.14
2019,PER_100000_POP,KZATY,R,M,KZATY,2.05
2019,PER_100000_POP,KZZAP,R,M,KZZAP,3.79
2019,PER_100000_POP,KZZHA,R,M,KZZHA,1.17
2019,PER_100000_POP,KZKAR,R,M,KZKAR,4.23
2019,PER_100000_POP,KZKUS,R,M,KZKUS,4.38
2019,PER_100000_POP,KZKZY,R,M,KZKZY,0.44
2019,PER_100000_POP,KZMAN,R,M,KZMAN,1.45
2019,PER_100000_POP,KZPAV,R,M,KZPAV,1.8
2019,PER_100000_POP,KZSEV,R,M,KZSEV,4.7
2019,PER_100000_POP,KZYUZ,R,M,KZYUZ,1.35
2019,PER_100000_POP,KZVOS,R,M,KZVOS,4.18
2019,PER_100000_POP,,,F,,1.6
2019,PER_100000_POP,KZAKM,,F,KZAKM,1.05
2019,PER_100000_POP,KZAKT,,F,KZAKT,1.33
2019,PER_100000_POP,KZALM,,F,KZALM,2.42
2019,PER_100000_POP,KZATY,,F,KZATY,0.0
2019,PER_100000_POP,KZZAP,,F,KZZAP,2.97
2019,PER_100000_POP,KZZHA,,F,KZZHA,0.17
2019,PER_100000_POP,KZKAR,,F,KZKAR,2.07
2019,PER_100000_POP,KZKUS,,F,KZKUS,1.53
2019,PER_100000_POP,KZKZY,,F,KZKZY,0.25
2019,PER_100000_POP,KZMAN,,F,KZMAN,0.29
2019,PER_100000_POP,KZPAV,,F,KZPAV,1.26
2019,PER_100000_POP,KZSEV,,F,KZSEV,1.39
2019,PER_100000_POP,KZYUZ,,F,KZYUZ,1.72
2019,PER_100000_POP,KZVOS,,F,KZVOS,1.53
2019,PER_100000_POP,KZNS,,F,KZNS,2.26
2019,PER_100000_POP,KZALA,,F,KZALA,1.66
2019,PER_100000_POP,KZSHY,,F,KZSHY,3.01
2019,PER_100000_POP,,U,F,,1.54
2019,PER_100000_POP,KZAKM,U,F,KZAKM,1.09
2019,PER_100000_POP,KZAKT,U,F,KZAKT,1.23
2019,PER_100000_POP,KZALM,U,F,KZALM,2.95
2019,PER_100000_POP,KZATY,U,F,KZATY,0.0
2019,PER_100000_POP,KZZAP,U,F,KZZAP,2.19
2019,PER_100000_POP,KZZHA,U,F,KZZHA,0.0
2019,PER_100000_POP,KZKAR,U,F,KZKAR,2.05
2019,PER_100000_POP,KZKUS,U,F,KZKUS,1.48
2019,PER_100000_POP,KZKZY,U,F,KZKZY,0.0
2019,PER_100000_POP,KZMAN,U,F,KZMAN,0.73
2019,PER_100000_POP,KZPAV,U,F,KZPAV,0.35
2019,PER_100000_POP,KZSEV,U,F,KZSEV,0.0
2019,PER_100000_POP,KZYUZ,U,F,KZYUZ,0.51
2019,PER_100000_POP,KZVOS,U,F,KZVOS,1.31
2019,PER_100000_POP,KZNS,U,F,KZNS,2.26
2019,PER_100000_POP,KZALA,U,F,KZALA,1.66
2019,PER_100000_POP,KZSHY,U,F,KZSHY,3.01
2019,PER_100000_POP,,R,F,,1.7
2019,PER_100000_POP,KZAKM,R,F,KZAKM,1.02
2019,PER_100000_POP,KZAKT,R,F,KZAKT,1.58
2019,PER_100000_POP,KZALM,R,F,KZALM,2.26
2019,PER_100000_POP,KZATY,R,F,KZATY,0.0
2019,PER_100000_POP,KZZAP,R,F,KZZAP,3.88
2019,PER_100000_POP,KZZHA,R,F,KZZHA,0.3
2019,PER_100000_POP,KZKAR,R,F,KZKAR,2.17
2019,PER_100000_POP,KZKUS,R,F,KZKUS,1.61
2019,PER_100000_POP,KZKZY,R,F,KZKZY,0.46
2019,PER_100000_POP,KZMAN,R,F,KZMAN,0.0
2019,PER_100000_POP,KZPAV,R,F,KZPAV,3.63
2019,PER_100000_POP,KZSEV,R,F,KZSEV,2.67
2019,PER_100000_POP,KZYUZ,R,F,KZYUZ,2.03
2019,PER_100000_POP,KZVOS,R,F,KZVOS,1.91
