Year,UNIT_MEASURE,REF_AREA,URBANISATION,SEX,GeoCode,Value
2010,PER_100000_POP,,,,,0.78
2010,PER_100000_POP,KZAKM,,,KZAKM,0.14
2010,PER_100000_POP,KZAKT,,,KZAKT,0.39
2010,PER_100000_POP,KZALM,,,KZALM,0.97
2010,PER_100000_POP,KZATY,,,KZATY,0.19
2010,PER_100000_POP,KZZAP,,,KZZAP,0.16
2010,PER_100000_POP,KZZHA,,,KZZHA,0.48
2010,PER_100000_POP,KZKAR,,,KZKAR,0.67
2010,PER_100000_POP,KZKUS,,,KZKUS,0.23
2010,PER_100000_POP,KZKZY,,,KZKZY,2.45
2010,PER_100000_POP,KZMAN,,,KZMAN,0.39
2010,PER_100000_POP,KZONT,,,KZONT,1.97
2010,PER_100000_POP,KZPAV,,,KZPAV,0.4
2010,PER_100000_POP,KZSEV,,,KZSEV,0.17
2010,PER_100000_POP,KZVOS,,,KZVOS,0.57
2010,PER_100000_POP,KZNS,,,KZNS,0.45
2010,PER_100000_POP,KZALA,,,KZALA,0.21
2010,PER_100000_POP,,U,,,0.63
2010,PER_100000_POP,KZAKM,U,,KZAKM,0.0
2010,PER_100000_POP,KZAKT,U,,KZAKT,0.42
2010,PER_100000_POP,KZALM,U,,KZALM,0.23
2010,PER_100000_POP,KZATY,U,,KZATY,0.4
2010,PER_100000_POP,KZZAP,U,,KZZAP,0.0
2010,PER_100000_POP,KZZHA,U,,KZZHA,0.47
2010,PER_100000_POP,KZKAR,U,,KZKAR,0.57
2010,PER_100000_POP,KZKUS,U,,KZKUS,0.0
2010,PER_100000_POP,KZKZY,U,,KZKZY,1.02
2010,PER_100000_POP,KZMAN,U,,KZMAN,0.73
2010,PER_100000_POP,KZONT,U,,KZONT,2.5
2010,PER_100000_POP,KZPAV,U,,KZPAV,0.39
2010,PER_100000_POP,KZSEV,U,,KZSEV,0.0
2010,PER_100000_POP,KZVOS,U,,KZVOS,0.74
2010,PER_100000_POP,KZNS,U,,KZNS,0.45
2010,PER_100000_POP,KZALA,U,,KZALA,0.21
2010,PER_100000_POP,,R,,,0.96
2010,PER_100000_POP,KZAKM,R,,KZAKM,0.26
2010,PER_100000_POP,KZAKT,R,,KZAKT,0.33
2010,PER_100000_POP,KZALM,R,,KZALM,1.2
2010,PER_100000_POP,KZATY,R,,KZATY,0.0
2010,PER_100000_POP,KZZAP,R,,KZZAP,0.31
2010,PER_100000_POP,KZZHA,R,,KZZHA,0.48
2010,PER_100000_POP,KZKAR,R,,KZKAR,1.01
2010,PER_100000_POP,KZKUS,R,,KZKUS,0.45
2010,PER_100000_POP,KZKZY,R,,KZKZY,3.49
2010,PER_100000_POP,KZMAN,R,,KZMAN,0.0
2010,PER_100000_POP,KZONT,R,,KZONT,1.62
2010,PER_100000_POP,KZPAV,R,,KZPAV,0.43
2010,PER_100000_POP,KZSEV,R,,KZSEV,0.28
2010,PER_100000_POP,KZVOS,R,,KZVOS,0.34
2010,PER_100000_POP,,,M,,0.92
2010,PER_100000_POP,KZAKM,,M,KZAKM,0.28
2010,PER_100000_POP,KZAKT,,M,KZAKT,0.54
2010,PER_100000_POP,KZALM,,M,KZALM,0.88
2010,PER_100000_POP,KZATY,,M,KZATY,0.0
2010,PER_100000_POP,KZZAP,,M,KZZAP,0.0
2010,PER_100000_POP,KZZHA,,M,KZZHA,0.59
2010,PER_100000_POP,KZKAR,,M,KZKAR,1.1
2010,PER_100000_POP,KZKUS,,M,KZKUS,0.24
2010,PER_100000_POP,KZKZY,,M,KZKZY,2.31
2010,PER_100000_POP,KZMAN,,M,KZMAN,0.39
2010,PER_100000_POP,KZONT,,M,KZONT,2.23
2010,PER_100000_POP,KZPAV,,M,KZPAV,0.57
2010,PER_100000_POP,KZSEV,,M,KZSEV,0.36
2010,PER_100000_POP,KZVOS,,M,KZVOS,1.05
2010,PER_100000_POP,KZNS,,M,KZNS,0.31
2010,PER_100000_POP,KZALA,,M,KZALA,0.31
2010,PER_100000_POP,,U,M,,0.86
2010,PER_100000_POP,KZAKM,U,M,KZAKM,0.0
2010,PER_100000_POP,KZAKT,U,M,KZAKT,0.45
2010,PER_100000_POP,KZALM,U,M,KZALM,0.0
2010,PER_100000_POP,KZATY,U,M,KZATY,0.0
2010,PER_100000_POP,KZZAP,U,M,KZZAP,0.0
2010,PER_100000_POP,KZZHA,U,M,KZZHA,0.5
2010,PER_100000_POP,KZKAR,U,M,KZKAR,1.23
2010,PER_100000_POP,KZKUS,U,M,KZKUS,0.0
2010,PER_100000_POP,KZKZY,U,M,KZKZY,2.11
2010,PER_100000_POP,KZMAN,U,M,KZMAN,0.76
2010,PER_100000_POP,KZONT,U,M,KZONT,3.13
2010,PER_100000_POP,KZPAV,U,M,KZPAV,0.43
2010,PER_100000_POP,KZSEV,U,M,KZSEV,0.0
2010,PER_100000_POP,KZVOS,U,M,KZVOS,1.35
2010,PER_100000_POP,KZNS,U,M,KZNS,0.31
2010,PER_100000_POP,KZALA,U,M,KZALA,0.31
2010,PER_100000_POP,,R,M,,0.97
2010,PER_100000_POP,KZAKM,R,M,KZAKM,0.52
2010,PER_100000_POP,KZAKT,R,M,KZAKT,0.67
2010,PER_100000_POP,KZALM,R,M,KZALM,1.14
2010,PER_100000_POP,KZATY,R,M,KZATY,0.0
2010,PER_100000_POP,KZZAP,R,M,KZZAP,0.0
2010,PER_100000_POP,KZZHA,R,M,KZZHA,0.65
2010,PER_100000_POP,KZKAR,R,M,KZKAR,0.67
2010,PER_100000_POP,KZKUS,R,M,KZKUS,0.47
2010,PER_100000_POP,KZKZY,R,M,KZKZY,2.45
2010,PER_100000_POP,KZMAN,R,M,KZMAN,0.0
2010,PER_100000_POP,KZONT,R,M,KZONT,1.68
2010,PER_100000_POP,KZPAV,R,M,KZPAV,0.86
2010,PER_100000_POP,KZSEV,R,M,KZSEV,0.58
2010,PER_100000_POP,KZVOS,R,M,KZVOS,0.68
2010,PER_100000_POP,,,F,,0.65
2010,PER_100000_POP,KZAKM,,F,KZAKM,0.0
2010,PER_100000_POP,KZAKT,,F,KZAKT,0.25
2010,PER_100000_POP,KZALM,,F,KZALM,1.06
2010,PER_100000_POP,KZATY,,F,KZATY,0.37
2010,PER_100000_POP,KZZAP,,F,KZZAP,0.32
2010,PER_100000_POP,KZZHA,,F,KZZHA,0.37
2010,PER_100000_POP,KZKAR,,F,KZKAR,0.28
2010,PER_100000_POP,KZKUS,,F,KZKUS,0.21
2010,PER_100000_POP,KZKZY,,F,KZKZY,2.58
2010,PER_100000_POP,KZMAN,,F,KZMAN,0.39
2010,PER_100000_POP,KZONT,,F,KZONT,1.71
2010,PER_100000_POP,KZPAV,,F,KZPAV,0.25
2010,PER_100000_POP,KZSEV,,F,KZSEV,0.0
2010,PER_100000_POP,KZVOS,,F,KZVOS,0.14
2010,PER_100000_POP,KZNS,,F,KZNS,0.58
2010,PER_100000_POP,KZALA,,F,KZALA,0.13
2010,PER_100000_POP,,U,F,,0.42
2010,PER_100000_POP,KZAKM,U,F,KZAKM,0.0
2010,PER_100000_POP,KZAKT,U,F,KZAKT,0.4
2010,PER_100000_POP,KZALM,U,F,KZALM,0.44
2010,PER_100000_POP,KZATY,U,F,KZATY,0.76
2010,PER_100000_POP,KZZAP,U,F,KZZAP,0.0
2010,PER_100000_POP,KZZHA,U,F,KZZHA,0.45
2010,PER_100000_POP,KZKAR,U,F,KZKAR,0.0
2010,PER_100000_POP,KZKUS,U,F,KZKUS,0.0
2010,PER_100000_POP,KZKZY,U,F,KZKZY,0.0
2010,PER_100000_POP,KZMAN,U,F,KZMAN,0.71
2010,PER_100000_POP,KZONT,U,F,KZONT,1.93
2010,PER_100000_POP,KZPAV,U,F,KZPAV,0.36
2010,PER_100000_POP,KZSEV,U,F,KZSEV,0.0
2010,PER_100000_POP,KZVOS,U,F,KZVOS,0.23
2010,PER_100000_POP,KZNS,U,F,KZNS,0.58
2010,PER_100000_POP,KZALA,U,F,KZALA,0.13
2010,PER_100000_POP,,R,F,,0.94
2010,PER_100000_POP,KZAKM,R,F,KZAKM,0.0
2010,PER_100000_POP,KZAKT,R,F,KZAKT,0.0
2010,PER_100000_POP,KZALM,R,F,KZALM,1.26
2010,PER_100000_POP,KZATY,R,F,KZATY,0.0
2010,PER_100000_POP,KZZAP,R,F,KZZAP,0.63
2010,PER_100000_POP,KZZHA,R,F,KZZHA,0.32
2010,PER_100000_POP,KZKAR,R,F,KZKAR,1.35
2010,PER_100000_POP,KZKUS,R,F,KZKUS,0.44
2010,PER_100000_POP,KZKZY,R,F,KZKZY,4.55
2010,PER_100000_POP,KZMAN,R,F,KZMAN,0.0
2010,PER_100000_POP,KZONT,R,F,KZONT,1.57
2010,PER_100000_POP,KZPAV,R,F,KZPAV,0.0
2010,PER_100000_POP,KZSEV,R,F,KZSEV,0.0
2010,PER_100000_POP,KZVOS,R,F,KZVOS,0.0
2011,PER_100000_POP,,,,,1.08
2011,PER_100000_POP,KZAKM,,,KZAKM,0.27
2011,PER_100000_POP,KZAKT,,,KZAKT,0.38
2011,PER_100000_POP,KZALM,,,KZALM,2.49
2011,PER_100000_POP,KZATY,,,KZATY,0.37
2011,PER_100000_POP,KZZAP,,,KZZAP,0.16
2011,PER_100000_POP,KZZHA,,,KZZHA,1.43
2011,PER_100000_POP,KZKAR,,,KZKAR,0.89
2011,PER_100000_POP,KZKUS,,,KZKUS,0.0
2011,PER_100000_POP,KZKZY,,,KZKZY,1.84
2011,PER_100000_POP,KZMAN,,,KZMAN,0.75
2011,PER_100000_POP,KZONT,,,KZONT,1.31
2011,PER_100000_POP,KZPAV,,,KZPAV,0.27
2011,PER_100000_POP,KZSEV,,,KZSEV,0.34
2011,PER_100000_POP,KZVOS,,,KZVOS,2.72
2011,PER_100000_POP,KZNS,,,KZNS,0.14
2011,PER_100000_POP,KZALA,,,KZALA,0.14
2011,PER_100000_POP,,U,,,1.07
2011,PER_100000_POP,KZAKM,U,,KZAKM,0.29
2011,PER_100000_POP,KZAKT,U,,KZAKT,0.62
2011,PER_100000_POP,KZALM,U,,KZALM,5.21
2011,PER_100000_POP,KZATY,U,,KZATY,0.39
2011,PER_100000_POP,KZZAP,U,,KZZAP,0.0
2011,PER_100000_POP,KZZHA,U,,KZZHA,1.66
2011,PER_100000_POP,KZKAR,U,,KZKAR,0.57
2011,PER_100000_POP,KZKUS,U,,KZKUS,0.0
2011,PER_100000_POP,KZKZY,U,,KZKZY,1.0
2011,PER_100000_POP,KZMAN,U,,KZMAN,0.36
2011,PER_100000_POP,KZONT,U,,KZONT,2.66
2011,PER_100000_POP,KZPAV,U,,KZPAV,0.39
2011,PER_100000_POP,KZSEV,U,,KZSEV,0.0
2011,PER_100000_POP,KZVOS,U,,KZVOS,2.47
2011,PER_100000_POP,KZNS,U,,KZNS,0.14
2011,PER_100000_POP,KZALA,U,,KZALA,0.14
2011,PER_100000_POP,,R,,,1.08
2011,PER_100000_POP,KZAKM,R,,KZAKM,0.26
2011,PER_100000_POP,KZAKT,R,,KZAKT,0.0
2011,PER_100000_POP,KZALM,R,,KZALM,1.66
2011,PER_100000_POP,KZATY,R,,KZATY,0.36
2011,PER_100000_POP,KZZAP,R,,KZZAP,0.32
2011,PER_100000_POP,KZZHA,R,,KZZHA,1.27
2011,PER_100000_POP,KZKAR,R,,KZKAR,2.03
2011,PER_100000_POP,KZKUS,R,,KZKUS,0.0
2011,PER_100000_POP,KZKZY,R,,KZKZY,2.45
2011,PER_100000_POP,KZMAN,R,,KZMAN,1.17
2011,PER_100000_POP,KZONT,R,,KZONT,0.44
2011,PER_100000_POP,KZPAV,R,,KZPAV,0.0
2011,PER_100000_POP,KZSEV,R,,KZSEV,0.57
2011,PER_100000_POP,KZVOS,R,,KZVOS,3.07
2011,PER_100000_POP,,,M,,1.05
2011,PER_100000_POP,KZAKM,,M,KZAKM,0.57
2011,PER_100000_POP,KZAKT,,M,KZAKT,0.53
2011,PER_100000_POP,KZALM,,M,KZALM,2.26
2011,PER_100000_POP,KZATY,,M,KZATY,0.38
2011,PER_100000_POP,KZZAP,,M,KZZAP,0.0
2011,PER_100000_POP,KZZHA,,M,KZZHA,1.36
2011,PER_100000_POP,KZKAR,,M,KZKAR,0.63
2011,PER_100000_POP,KZKUS,,M,KZKUS,0.0
2011,PER_100000_POP,KZKZY,,M,KZKZY,2.27
2011,PER_100000_POP,KZMAN,,M,KZMAN,1.13
2011,PER_100000_POP,KZONT,,M,KZONT,1.79
2011,PER_100000_POP,KZPAV,,M,KZPAV,0.28
2011,PER_100000_POP,KZSEV,,M,KZSEV,0.36
2011,PER_100000_POP,KZVOS,,M,KZVOS,1.51
2011,PER_100000_POP,KZNS,,M,KZNS,0.0
2011,PER_100000_POP,KZALA,,M,KZALA,0.15
2011,PER_100000_POP,,U,M,,1.13
2011,PER_100000_POP,KZAKM,U,M,KZAKM,0.63
2011,PER_100000_POP,KZAKT,U,M,KZAKT,0.88
2011,PER_100000_POP,KZALM,U,M,KZALM,4.77
2011,PER_100000_POP,KZATY,U,M,KZATY,0.0
2011,PER_100000_POP,KZZAP,U,M,KZZAP,0.0
2011,PER_100000_POP,KZZHA,U,M,KZZHA,2.01
2011,PER_100000_POP,KZKAR,U,M,KZKAR,0.41
2011,PER_100000_POP,KZKUS,U,M,KZKUS,0.0
2011,PER_100000_POP,KZKZY,U,M,KZKZY,0.69
2011,PER_100000_POP,KZMAN,U,M,KZMAN,0.0
2011,PER_100000_POP,KZONT,U,M,KZONT,3.88
2011,PER_100000_POP,KZPAV,U,M,KZPAV,0.42
2011,PER_100000_POP,KZSEV,U,M,KZSEV,0.0
2011,PER_100000_POP,KZVOS,U,M,KZVOS,1.88
2011,PER_100000_POP,KZNS,U,M,KZNS,0.0
2011,PER_100000_POP,KZALA,U,M,KZALA,0.15
2011,PER_100000_POP,,R,M,,0.96
2011,PER_100000_POP,KZAKM,R,M,KZAKM,0.52
2011,PER_100000_POP,KZAKT,R,M,KZAKT,0.0
2011,PER_100000_POP,KZALM,R,M,KZALM,1.53
2011,PER_100000_POP,KZATY,R,M,KZATY,0.71
2011,PER_100000_POP,KZZAP,R,M,KZZAP,0.0
2011,PER_100000_POP,KZZHA,R,M,KZZHA,0.95
2011,PER_100000_POP,KZKAR,R,M,KZKAR,1.35
2011,PER_100000_POP,KZKUS,R,M,KZKUS,0.0
2011,PER_100000_POP,KZKZY,R,M,KZKZY,3.38
2011,PER_100000_POP,KZMAN,R,M,KZMAN,2.31
2011,PER_100000_POP,KZONT,R,M,KZONT,0.5
2011,PER_100000_POP,KZPAV,R,M,KZPAV,0.0
2011,PER_100000_POP,KZSEV,R,M,KZSEV,0.58
2011,PER_100000_POP,KZVOS,R,M,KZVOS,1.03
2011,PER_100000_POP,,,F,,1.1
2011,PER_100000_POP,KZAKM,,F,KZAKM,0.0
2011,PER_100000_POP,KZAKT,,F,KZAKT,0.25
2011,PER_100000_POP,KZALM,,F,KZALM,2.7
2011,PER_100000_POP,KZATY,,F,KZATY,0.36
2011,PER_100000_POP,KZZAP,,F,KZZAP,0.32
2011,PER_100000_POP,KZZHA,,F,KZZHA,1.49
2011,PER_100000_POP,KZKAR,,F,KZKAR,1.12
2011,PER_100000_POP,KZKUS,,F,KZKUS,0.0
2011,PER_100000_POP,KZKZY,,F,KZKZY,1.41
2011,PER_100000_POP,KZMAN,,F,KZMAN,0.37
2011,PER_100000_POP,KZONT,,F,KZONT,0.84
2011,PER_100000_POP,KZPAV,,F,KZPAV,0.25
2011,PER_100000_POP,KZSEV,,F,KZSEV,0.33
2011,PER_100000_POP,KZVOS,,F,KZVOS,3.82
2011,PER_100000_POP,KZNS,,F,KZNS,0.27
2011,PER_100000_POP,KZALA,,F,KZALA,0.13
2011,PER_100000_POP,,U,F,,1.02
2011,PER_100000_POP,KZAKM,U,F,KZAKM,0.0
2011,PER_100000_POP,KZAKT,U,F,KZAKT,0.39
2011,PER_100000_POP,KZALM,U,F,KZALM,5.61
2011,PER_100000_POP,KZATY,U,F,KZATY,0.74
2011,PER_100000_POP,KZZAP,U,F,KZZAP,0.0
2011,PER_100000_POP,KZZHA,U,F,KZZHA,1.34
2011,PER_100000_POP,KZKAR,U,F,KZKAR,0.7
2011,PER_100000_POP,KZKUS,U,F,KZKUS,0.0
2011,PER_100000_POP,KZKZY,U,F,KZKZY,1.3
2011,PER_100000_POP,KZMAN,U,F,KZMAN,0.7
2011,PER_100000_POP,KZONT,U,F,KZONT,1.52
2011,PER_100000_POP,KZPAV,U,F,KZPAV,0.36
2011,PER_100000_POP,KZSEV,U,F,KZSEV,0.0
2011,PER_100000_POP,KZVOS,U,F,KZVOS,2.97
2011,PER_100000_POP,KZNS,U,F,KZNS,0.27
2011,PER_100000_POP,KZALA,U,F,KZALA,0.13
2011,PER_100000_POP,,R,F,,1.2
2011,PER_100000_POP,KZAKM,R,F,KZAKM,0.0
2011,PER_100000_POP,KZAKT,R,F,KZAKT,0.0
2011,PER_100000_POP,KZALM,R,F,KZALM,1.78
2011,PER_100000_POP,KZATY,R,F,KZATY,0.0
2011,PER_100000_POP,KZZAP,R,F,KZZAP,0.63
2011,PER_100000_POP,KZZHA,R,F,KZZHA,1.59
2011,PER_100000_POP,KZKAR,R,F,KZKAR,2.72
2011,PER_100000_POP,KZKUS,R,F,KZKUS,0.0
2011,PER_100000_POP,KZKZY,R,F,KZKZY,1.49
2011,PER_100000_POP,KZMAN,R,F,KZMAN,0.0
2011,PER_100000_POP,KZONT,R,F,KZONT,0.38
2011,PER_100000_POP,KZPAV,R,F,KZPAV,0.0
2011,PER_100000_POP,KZSEV,R,F,KZSEV,0.57
2011,PER_100000_POP,KZVOS,R,F,KZVOS,5.08
2012,PER_100000_POP,,,,,0.58
2012,PER_100000_POP,KZAKM,,,KZAKM,0.55
2012,PER_100000_POP,KZAKT,,,KZAKT,0.13
2012,PER_100000_POP,KZALM,,,KZALM,0.21
2012,PER_100000_POP,KZATY,,,KZATY,0.91
2012,PER_100000_POP,KZZAP,,,KZZAP,0.65
2012,PER_100000_POP,KZZHA,,,KZZHA,0.66
2012,PER_100000_POP,KZKAR,,,KZKAR,1.4
2012,PER_100000_POP,KZKUS,,,KZKUS,0.34
2012,PER_100000_POP,KZKZY,,,KZKZY,0.28
2012,PER_100000_POP,KZMAN,,,KZMAN,0.54
2012,PER_100000_POP,KZONT,,,KZONT,1.13
2012,PER_100000_POP,KZPAV,,,KZPAV,0.13
2012,PER_100000_POP,KZSEV,,,KZSEV,0.0
2012,PER_100000_POP,KZVOS,,,KZVOS,0.57
2012,PER_100000_POP,KZNS,,,KZNS,0.26
2012,PER_100000_POP,KZALA,,,KZALA,0.27
2012,PER_100000_POP,,U,,,0.52
2012,PER_100000_POP,KZAKM,U,,KZAKM,0.29
2012,PER_100000_POP,KZAKT,U,,KZAKT,0.0
2012,PER_100000_POP,KZALM,U,,KZALM,0.0
2012,PER_100000_POP,KZATY,U,,KZATY,1.51
2012,PER_100000_POP,KZZAP,U,,KZZAP,0.0
2012,PER_100000_POP,KZZHA,U,,KZZHA,0.47
2012,PER_100000_POP,KZKAR,U,,KZKAR,0.75
2012,PER_100000_POP,KZKUS,U,,KZKUS,0.22
2012,PER_100000_POP,KZKZY,U,,KZKZY,0.33
2012,PER_100000_POP,KZMAN,U,,KZMAN,0.35
2012,PER_100000_POP,KZONT,U,,KZONT,1.93
2012,PER_100000_POP,KZPAV,U,,KZPAV,0.19
2012,PER_100000_POP,KZSEV,U,,KZSEV,0.0
2012,PER_100000_POP,KZVOS,U,,KZVOS,0.37
2012,PER_100000_POP,KZNS,U,,KZNS,0.26
2012,PER_100000_POP,KZALA,U,,KZALA,0.27
2012,PER_100000_POP,,R,,,0.65
2012,PER_100000_POP,KZAKM,R,,KZAKM,0.77
2012,PER_100000_POP,KZAKT,R,,KZAKT,0.33
2012,PER_100000_POP,KZALM,R,,KZALM,0.27
2012,PER_100000_POP,KZATY,R,,KZATY,0.35
2012,PER_100000_POP,KZZAP,R,,KZZAP,1.27
2012,PER_100000_POP,KZZHA,R,,KZZHA,0.78
2012,PER_100000_POP,KZKAR,R,,KZKAR,3.73
2012,PER_100000_POP,KZKUS,R,,KZKUS,0.46
2012,PER_100000_POP,KZKZY,R,,KZKZY,0.24
2012,PER_100000_POP,KZMAN,R,,KZMAN,0.74
2012,PER_100000_POP,KZONT,R,,KZONT,0.62
2012,PER_100000_POP,KZPAV,R,,KZPAV,0.0
2012,PER_100000_POP,KZSEV,R,,KZSEV,0.0
2012,PER_100000_POP,KZVOS,R,,KZVOS,0.86
2012,PER_100000_POP,,,M,,0.59
2012,PER_100000_POP,KZAKM,,M,KZAKM,0.57
2012,PER_100000_POP,KZAKT,,M,KZAKT,0.26
2012,PER_100000_POP,KZALM,,M,KZALM,0.11
2012,PER_100000_POP,KZATY,,M,KZATY,0.0
2012,PER_100000_POP,KZZAP,,M,KZZAP,1.35
2012,PER_100000_POP,KZZHA,,M,KZZHA,0.58
2012,PER_100000_POP,KZKAR,,M,KZKAR,1.25
2012,PER_100000_POP,KZKUS,,M,KZKUS,0.0
2012,PER_100000_POP,KZKZY,,M,KZKZY,0.28
2012,PER_100000_POP,KZMAN,,M,KZMAN,0.72
2012,PER_100000_POP,KZONT,,M,KZONT,1.22
2012,PER_100000_POP,KZPAV,,M,KZPAV,0.0
2012,PER_100000_POP,KZSEV,,M,KZSEV,0.0
2012,PER_100000_POP,KZVOS,,M,KZVOS,0.75
2012,PER_100000_POP,KZNS,,M,KZNS,0.54
2012,PER_100000_POP,KZALA,,M,KZALA,0.45
2012,PER_100000_POP,,U,M,,0.65
2012,PER_100000_POP,KZAKM,U,M,KZAKM,0.0
2012,PER_100000_POP,KZAKT,U,M,KZAKT,0.0
2012,PER_100000_POP,KZALM,U,M,KZALM,0.0
2012,PER_100000_POP,KZATY,U,M,KZATY,0.0
2012,PER_100000_POP,KZZAP,U,M,KZZAP,0.0
2012,PER_100000_POP,KZZHA,U,M,KZZHA,0.0
2012,PER_100000_POP,KZKAR,U,M,KZKAR,1.01
2012,PER_100000_POP,KZKUS,U,M,KZKUS,0.0
2012,PER_100000_POP,KZKZY,U,M,KZKZY,0.67
2012,PER_100000_POP,KZMAN,U,M,KZMAN,0.72
2012,PER_100000_POP,KZONT,U,M,KZONT,2.6
2012,PER_100000_POP,KZPAV,U,M,KZPAV,0.0
2012,PER_100000_POP,KZSEV,U,M,KZSEV,0.0
2012,PER_100000_POP,KZVOS,U,M,KZVOS,0.8
2012,PER_100000_POP,KZNS,U,M,KZNS,0.54
2012,PER_100000_POP,KZALA,U,M,KZALA,0.45
2012,PER_100000_POP,,R,M,,0.53
2012,PER_100000_POP,KZAKM,R,M,KZAKM,1.04
2012,PER_100000_POP,KZAKT,R,M,KZAKT,0.66
2012,PER_100000_POP,KZALM,R,M,KZALM,0.14
2012,PER_100000_POP,KZATY,R,M,KZATY,0.0
2012,PER_100000_POP,KZZAP,R,M,KZZAP,2.53
2012,PER_100000_POP,KZZHA,R,M,KZZHA,0.94
2012,PER_100000_POP,KZKAR,R,M,KZKAR,2.03
2012,PER_100000_POP,KZKUS,R,M,KZKUS,0.0
2012,PER_100000_POP,KZKZY,R,M,KZKZY,0.0
2012,PER_100000_POP,KZMAN,R,M,KZMAN,0.73
2012,PER_100000_POP,KZONT,R,M,KZONT,0.37
2012,PER_100000_POP,KZPAV,R,M,KZPAV,0.0
2012,PER_100000_POP,KZSEV,R,M,KZSEV,0.0
2012,PER_100000_POP,KZVOS,R,M,KZVOS,0.69
2012,PER_100000_POP,,,F,,0.56
2012,PER_100000_POP,KZAKM,,F,KZAKM,0.53
2012,PER_100000_POP,KZAKT,,F,KZAKT,0.0
2012,PER_100000_POP,KZALM,,F,KZALM,0.31
2012,PER_100000_POP,KZATY,,F,KZATY,1.79
2012,PER_100000_POP,KZZAP,,F,KZZAP,0.0
2012,PER_100000_POP,KZZHA,,F,KZZHA,0.74
2012,PER_100000_POP,KZKAR,,F,KZKAR,1.53
2012,PER_100000_POP,KZKUS,,F,KZKUS,0.65
2012,PER_100000_POP,KZKZY,,F,KZKZY,0.28
2012,PER_100000_POP,KZMAN,,F,KZMAN,0.36
2012,PER_100000_POP,KZONT,,F,KZONT,1.05
2012,PER_100000_POP,KZPAV,,F,KZPAV,0.25
2012,PER_100000_POP,KZSEV,,F,KZSEV,0.0
2012,PER_100000_POP,KZVOS,,F,KZVOS,0.41
2012,PER_100000_POP,KZNS,,F,KZNS,0.0
2012,PER_100000_POP,KZALA,,F,KZALA,0.13
2012,PER_100000_POP,,U,F,,0.41
2012,PER_100000_POP,KZAKM,U,F,KZAKM,0.55
2012,PER_100000_POP,KZAKT,U,F,KZAKT,0.0
2012,PER_100000_POP,KZALM,U,F,KZALM,0.0
2012,PER_100000_POP,KZATY,U,F,KZATY,2.89
2012,PER_100000_POP,KZZAP,U,F,KZZAP,0.0
2012,PER_100000_POP,KZZHA,U,F,KZZHA,0.89
2012,PER_100000_POP,KZKAR,U,F,KZKAR,0.53
2012,PER_100000_POP,KZKUS,U,F,KZKUS,0.41
2012,PER_100000_POP,KZKZY,U,F,KZKZY,0.0
2012,PER_100000_POP,KZMAN,U,F,KZMAN,0.0
2012,PER_100000_POP,KZONT,U,F,KZONT,1.3
2012,PER_100000_POP,KZPAV,U,F,KZPAV,0.36
2012,PER_100000_POP,KZSEV,U,F,KZSEV,0.0
2012,PER_100000_POP,KZVOS,U,F,KZVOS,0.0
2012,PER_100000_POP,KZNS,U,F,KZNS,0.0
2012,PER_100000_POP,KZALA,U,F,KZALA,0.13
2012,PER_100000_POP,,R,F,,0.76
2012,PER_100000_POP,KZAKM,R,F,KZAKM,0.51
2012,PER_100000_POP,KZAKT,R,F,KZAKT,0.0
2012,PER_100000_POP,KZALM,R,F,KZALM,0.4
2012,PER_100000_POP,KZATY,R,F,KZATY,0.71
2012,PER_100000_POP,KZZAP,R,F,KZZAP,0.0
2012,PER_100000_POP,KZZHA,R,F,KZZHA,0.63
2012,PER_100000_POP,KZKAR,R,F,KZKAR,5.46
2012,PER_100000_POP,KZKUS,R,F,KZKUS,0.91
2012,PER_100000_POP,KZKZY,R,F,KZKZY,0.49
2012,PER_100000_POP,KZMAN,R,F,KZMAN,0.74
2012,PER_100000_POP,KZONT,R,F,KZONT,0.88
2012,PER_100000_POP,KZPAV,R,F,KZPAV,0.0
2012,PER_100000_POP,KZSEV,R,F,KZSEV,0.0
2012,PER_100000_POP,KZVOS,R,F,KZVOS,1.03
2013,PER_100000_POP,,,,,0.66
2013,PER_100000_POP,KZAKM,,,KZAKM,0.68
2013,PER_100000_POP,KZAKT,,,KZAKT,0.12
2013,PER_100000_POP,KZALM,,,KZALM,0.15
2013,PER_100000_POP,KZATY,,,KZATY,0.36
2013,PER_100000_POP,KZZAP,,,KZZAP,0.48
2013,PER_100000_POP,KZZHA,,,KZZHA,0.37
2013,PER_100000_POP,KZKAR,,,KZKAR,0.51
2013,PER_100000_POP,KZKUS,,,KZKUS,0.34
2013,PER_100000_POP,KZKZY,,,KZKZY,0.27
2013,PER_100000_POP,KZMAN,,,KZMAN,0.17
2013,PER_100000_POP,KZONT,,,KZONT,1.03
2013,PER_100000_POP,KZPAV,,,KZPAV,0.27
2013,PER_100000_POP,KZSEV,,,KZSEV,0.17
2013,PER_100000_POP,KZVOS,,,KZVOS,3.01
2013,PER_100000_POP,KZNS,,,KZNS,0.63
2013,PER_100000_POP,KZALA,,,KZALA,0.2
2013,PER_100000_POP,,U,,,0.63
2013,PER_100000_POP,KZAKM,U,,KZAKM,0.87
2013,PER_100000_POP,KZAKT,U,,KZAKT,0.2
2013,PER_100000_POP,KZALM,U,,KZALM,0.44
2013,PER_100000_POP,KZATY,U,,KZATY,0.37
2013,PER_100000_POP,KZZAP,U,,KZZAP,0.33
2013,PER_100000_POP,KZZHA,U,,KZZHA,0.23
2013,PER_100000_POP,KZKAR,U,,KZKAR,0.37
2013,PER_100000_POP,KZKUS,U,,KZKUS,0.22
2013,PER_100000_POP,KZKZY,U,,KZKZY,0.0
2013,PER_100000_POP,KZMAN,U,,KZMAN,0.34
2013,PER_100000_POP,KZONT,U,,KZONT,1.42
2013,PER_100000_POP,KZPAV,U,,KZPAV,0.38
2013,PER_100000_POP,KZSEV,U,,KZSEV,0.0
2013,PER_100000_POP,KZVOS,U,,KZVOS,2.32
2013,PER_100000_POP,KZNS,U,,KZNS,0.63
2013,PER_100000_POP,KZALA,U,,KZALA,0.2
2013,PER_100000_POP,,R,,,0.69
2013,PER_100000_POP,KZAKM,R,,KZAKM,0.51
2013,PER_100000_POP,KZAKT,R,,KZAKT,0.0
2013,PER_100000_POP,KZALM,R,,KZALM,0.07
2013,PER_100000_POP,KZATY,R,,KZATY,0.34
2013,PER_100000_POP,KZZAP,R,,KZZAP,0.63
2013,PER_100000_POP,KZZHA,R,,KZZHA,0.47
2013,PER_100000_POP,KZKAR,R,,KZKAR,1.02
2013,PER_100000_POP,KZKUS,R,,KZKUS,0.47
2013,PER_100000_POP,KZKZY,R,,KZKZY,0.48
2013,PER_100000_POP,KZMAN,R,,KZMAN,0.0
2013,PER_100000_POP,KZONT,R,,KZONT,0.79
2013,PER_100000_POP,KZPAV,R,,KZPAV,0.0
2013,PER_100000_POP,KZSEV,R,,KZSEV,0.3
2013,PER_100000_POP,KZVOS,R,,KZVOS,4.0
2013,PER_100000_POP,,,M,,0.74
2013,PER_100000_POP,KZAKM,,M,KZAKM,0.85
2013,PER_100000_POP,KZAKT,,M,KZAKT,0.26
2013,PER_100000_POP,KZALM,,M,KZALM,0.31
2013,PER_100000_POP,KZATY,,M,KZATY,0.0
2013,PER_100000_POP,KZZAP,,M,KZZAP,0.33
2013,PER_100000_POP,KZZHA,,M,KZZHA,0.38
2013,PER_100000_POP,KZKAR,,M,KZKAR,0.15
2013,PER_100000_POP,KZKUS,,M,KZKUS,0.48
2013,PER_100000_POP,KZKZY,,M,KZKZY,0.55
2013,PER_100000_POP,KZMAN,,M,KZMAN,0.0
2013,PER_100000_POP,KZONT,,M,KZONT,1.19
2013,PER_100000_POP,KZPAV,,M,KZPAV,0.57
2013,PER_100000_POP,KZSEV,,M,KZSEV,0.36
2013,PER_100000_POP,KZVOS,,M,KZVOS,3.32
2013,PER_100000_POP,KZNS,,M,KZNS,0.78
2013,PER_100000_POP,KZALA,,M,KZALA,0.29
2013,PER_100000_POP,,U,M,,0.8
2013,PER_100000_POP,KZAKM,U,M,KZAKM,1.24
2013,PER_100000_POP,KZAKT,U,M,KZAKT,0.43
2013,PER_100000_POP,KZALM,U,M,KZALM,0.92
2013,PER_100000_POP,KZATY,U,M,KZATY,0.0
2013,PER_100000_POP,KZZAP,U,M,KZZAP,0.71
2013,PER_100000_POP,KZZHA,U,M,KZZHA,0.49
2013,PER_100000_POP,KZKAR,U,M,KZKAR,0.0
2013,PER_100000_POP,KZKUS,U,M,KZKUS,0.48
2013,PER_100000_POP,KZKZY,U,M,KZKZY,0.0
2013,PER_100000_POP,KZMAN,U,M,KZMAN,0.0
2013,PER_100000_POP,KZONT,U,M,KZONT,1.96
2013,PER_100000_POP,KZPAV,U,M,KZPAV,0.83
2013,PER_100000_POP,KZSEV,U,M,KZSEV,0.0
2013,PER_100000_POP,KZVOS,U,M,KZVOS,2.65
2013,PER_100000_POP,KZNS,U,M,KZNS,0.78
2013,PER_100000_POP,KZALA,U,M,KZALA,0.29
2013,PER_100000_POP,,R,M,,0.68
2013,PER_100000_POP,KZAKM,R,M,KZAKM,0.52
2013,PER_100000_POP,KZAKT,R,M,KZAKT,0.0
2013,PER_100000_POP,KZALM,R,M,KZALM,0.13
2013,PER_100000_POP,KZATY,R,M,KZATY,0.0
2013,PER_100000_POP,KZZAP,R,M,KZZAP,0.0
2013,PER_100000_POP,KZZHA,R,M,KZZHA,0.31
2013,PER_100000_POP,KZKAR,R,M,KZKAR,0.68
2013,PER_100000_POP,KZKUS,R,M,KZKUS,0.48
2013,PER_100000_POP,KZKZY,R,M,KZKZY,0.94
2013,PER_100000_POP,KZMAN,R,M,KZMAN,0.0
2013,PER_100000_POP,KZONT,R,M,KZONT,0.72
2013,PER_100000_POP,KZPAV,R,M,KZPAV,0.0
2013,PER_100000_POP,KZSEV,R,M,KZSEV,0.6
2013,PER_100000_POP,KZVOS,R,M,KZVOS,4.19
2013,PER_100000_POP,,,F,,0.58
2013,PER_100000_POP,KZAKM,,F,KZAKM,0.53
2013,PER_100000_POP,KZAKT,,F,KZAKT,0.0
2013,PER_100000_POP,KZALM,,F,KZALM,0.0
2013,PER_100000_POP,KZATY,,F,KZATY,0.7
2013,PER_100000_POP,KZZAP,,F,KZZAP,0.62
2013,PER_100000_POP,KZZHA,,F,KZZHA,0.36
2013,PER_100000_POP,KZKAR,,F,KZKAR,0.83
2013,PER_100000_POP,KZKUS,,F,KZKUS,0.22
2013,PER_100000_POP,KZKZY,,F,KZKZY,0.0
2013,PER_100000_POP,KZMAN,,F,KZMAN,0.34
2013,PER_100000_POP,KZONT,,F,KZONT,0.88
2013,PER_100000_POP,KZPAV,,F,KZPAV,0.0
2013,PER_100000_POP,KZSEV,,F,KZSEV,0.0
2013,PER_100000_POP,KZVOS,,F,KZVOS,2.74
2013,PER_100000_POP,KZNS,,F,KZNS,0.49
2013,PER_100000_POP,KZALA,,F,KZALA,0.12
2013,PER_100000_POP,,U,F,,0.48
2013,PER_100000_POP,KZAKM,U,F,KZAKM,0.54
2013,PER_100000_POP,KZAKT,U,F,KZAKT,0.0
2013,PER_100000_POP,KZALM,U,F,KZALM,0.0
2013,PER_100000_POP,KZATY,U,F,KZATY,0.72
2013,PER_100000_POP,KZZAP,U,F,KZZAP,0.0
2013,PER_100000_POP,KZZHA,U,F,KZZHA,0.0
2013,PER_100000_POP,KZKAR,U,F,KZKAR,0.7
2013,PER_100000_POP,KZKUS,U,F,KZKUS,0.0
2013,PER_100000_POP,KZKZY,U,F,KZKZY,0.0
2013,PER_100000_POP,KZMAN,U,F,KZMAN,0.67
2013,PER_100000_POP,KZONT,U,F,KZONT,0.91
2013,PER_100000_POP,KZPAV,U,F,KZPAV,0.0
2013,PER_100000_POP,KZSEV,U,F,KZSEV,0.0
2013,PER_100000_POP,KZVOS,U,F,KZVOS,2.03
2013,PER_100000_POP,KZNS,U,F,KZNS,0.49
2013,PER_100000_POP,KZALA,U,F,KZALA,0.12
2013,PER_100000_POP,,R,F,,0.7
2013,PER_100000_POP,KZAKM,R,F,KZAKM,0.51
2013,PER_100000_POP,KZAKT,R,F,KZAKT,0.0
2013,PER_100000_POP,KZALM,R,F,KZALM,0.0
2013,PER_100000_POP,KZATY,R,F,KZATY,0.68
2013,PER_100000_POP,KZZAP,R,F,KZZAP,1.27
2013,PER_100000_POP,KZZHA,R,F,KZZHA,0.62
2013,PER_100000_POP,KZKAR,R,F,KZKAR,1.37
2013,PER_100000_POP,KZKUS,R,F,KZKUS,0.46
2013,PER_100000_POP,KZKZY,R,F,KZKZY,0.0
2013,PER_100000_POP,KZMAN,R,F,KZMAN,0.0
2013,PER_100000_POP,KZONT,R,F,KZONT,0.86
2013,PER_100000_POP,KZPAV,R,F,KZPAV,0.0
2013,PER_100000_POP,KZSEV,R,F,KZSEV,0.0
2013,PER_100000_POP,KZVOS,R,F,KZVOS,3.81
2014,PER_100000_POP,,,,,0.57
2014,PER_100000_POP,KZAKM,,,KZAKM,0.41
2014,PER_100000_POP,KZAKT,,,KZAKT,0.12
2014,PER_100000_POP,KZALM,,,KZALM,0.15
2014,PER_100000_POP,KZATY,,,KZATY,0.35
2014,PER_100000_POP,KZZAP,,,KZZAP,0.8
2014,PER_100000_POP,KZZHA,,,KZZHA,0.27
2014,PER_100000_POP,KZKAR,,,KZKAR,0.73
2014,PER_100000_POP,KZKUS,,,KZKUS,0.23
2014,PER_100000_POP,KZKZY,,,KZKZY,0.13
2014,PER_100000_POP,KZMAN,,,KZMAN,0.67
2014,PER_100000_POP,KZONT,,,KZONT,0.54
2014,PER_100000_POP,KZPAV,,,KZPAV,0.13
2014,PER_100000_POP,KZSEV,,,KZSEV,0.17
2014,PER_100000_POP,KZVOS,,,KZVOS,3.01
2014,PER_100000_POP,KZNS,,,KZNS,0.48
2014,PER_100000_POP,KZALA,,,KZALA,0.06
2014,PER_100000_POP,,U,,,0.42
2014,PER_100000_POP,KZAKM,U,,KZAKM,0.86
2014,PER_100000_POP,KZAKT,U,,KZAKT,0.2
2014,PER_100000_POP,KZALM,U,,KZALM,0.0
2014,PER_100000_POP,KZATY,U,,KZATY,0.37
2014,PER_100000_POP,KZZAP,U,,KZZAP,0.0
2014,PER_100000_POP,KZZHA,U,,KZZHA,0.23
2014,PER_100000_POP,KZKAR,U,,KZKAR,0.37
2014,PER_100000_POP,KZKUS,U,,KZKUS,0.0
2014,PER_100000_POP,KZKZY,U,,KZKZY,0.0
2014,PER_100000_POP,KZMAN,U,,KZMAN,0.71
2014,PER_100000_POP,KZONT,U,,KZONT,0.35
2014,PER_100000_POP,KZPAV,U,,KZPAV,0.19
2014,PER_100000_POP,KZSEV,U,,KZSEV,0.41
2014,PER_100000_POP,KZVOS,U,,KZVOS,2.06
2014,PER_100000_POP,KZNS,U,,KZNS,0.48
2014,PER_100000_POP,KZALA,U,,KZALA,0.06
2014,PER_100000_POP,,R,,,0.76
2014,PER_100000_POP,KZAKM,R,,KZAKM,0.0
2014,PER_100000_POP,KZAKT,R,,KZAKT,0.0
2014,PER_100000_POP,KZALM,R,,KZALM,0.2
2014,PER_100000_POP,KZATY,R,,KZATY,0.33
2014,PER_100000_POP,KZZAP,R,,KZZAP,1.58
2014,PER_100000_POP,KZZHA,R,,KZZHA,0.31
2014,PER_100000_POP,KZKAR,R,,KZKAR,2.06
2014,PER_100000_POP,KZKUS,R,,KZKUS,0.47
2014,PER_100000_POP,KZKZY,R,,KZKZY,0.24
2014,PER_100000_POP,KZMAN,R,,KZMAN,0.63
2014,PER_100000_POP,KZONT,R,,KZONT,0.69
2014,PER_100000_POP,KZPAV,R,,KZPAV,0.0
2014,PER_100000_POP,KZSEV,R,,KZSEV,0.0
2014,PER_100000_POP,KZVOS,R,,KZVOS,4.39
2014,PER_100000_POP,,,M,,0.47
2014,PER_100000_POP,KZAKM,,M,KZAKM,0.56
2014,PER_100000_POP,KZAKT,,M,KZAKT,0.0
2014,PER_100000_POP,KZALM,,M,KZALM,0.1
2014,PER_100000_POP,KZATY,,M,KZATY,0.0
2014,PER_100000_POP,KZZAP,,M,KZZAP,0.66
2014,PER_100000_POP,KZZHA,,M,KZZHA,0.56
2014,PER_100000_POP,KZKAR,,M,KZKAR,0.31
2014,PER_100000_POP,KZKUS,,M,KZKUS,0.24
2014,PER_100000_POP,KZKZY,,M,KZKZY,0.27
2014,PER_100000_POP,KZMAN,,M,KZMAN,1.01
2014,PER_100000_POP,KZONT,,M,KZONT,0.44
2014,PER_100000_POP,KZPAV,,M,KZPAV,0.28
2014,PER_100000_POP,KZSEV,,M,KZSEV,0.0
2014,PER_100000_POP,KZVOS,,M,KZVOS,2.11
2014,PER_100000_POP,KZNS,,M,KZNS,0.5
2014,PER_100000_POP,KZALA,,M,KZALA,0.14
2014,PER_100000_POP,,U,M,,0.33
2014,PER_100000_POP,KZAKM,U,M,KZAKM,1.23
2014,PER_100000_POP,KZAKT,U,M,KZAKT,0.0
2014,PER_100000_POP,KZALM,U,M,KZALM,0.0
2014,PER_100000_POP,KZATY,U,M,KZATY,0.0
2014,PER_100000_POP,KZZAP,U,M,KZZAP,0.0
2014,PER_100000_POP,KZZHA,U,M,KZZHA,0.48
2014,PER_100000_POP,KZKAR,U,M,KZKAR,0.2
2014,PER_100000_POP,KZKUS,U,M,KZKUS,0.0
2014,PER_100000_POP,KZKZY,U,M,KZKZY,0.0
2014,PER_100000_POP,KZMAN,U,M,KZMAN,1.44
2014,PER_100000_POP,KZONT,U,M,KZONT,0.18
2014,PER_100000_POP,KZPAV,U,M,KZPAV,0.41
2014,PER_100000_POP,KZSEV,U,M,KZSEV,0.0
2014,PER_100000_POP,KZVOS,U,M,KZVOS,1.05
2014,PER_100000_POP,KZNS,U,M,KZNS,0.5
2014,PER_100000_POP,KZALA,U,M,KZALA,0.14
2014,PER_100000_POP,,R,M,,0.63
2014,PER_100000_POP,KZAKM,R,M,KZAKM,0.0
2014,PER_100000_POP,KZAKT,R,M,KZAKT,0.0
2014,PER_100000_POP,KZALM,R,M,KZALM,0.14
2014,PER_100000_POP,KZATY,R,M,KZATY,0.0
2014,PER_100000_POP,KZZAP,R,M,KZZAP,1.25
2014,PER_100000_POP,KZZHA,R,M,KZZHA,0.61
2014,PER_100000_POP,KZKAR,R,M,KZKAR,0.68
2014,PER_100000_POP,KZKUS,R,M,KZKUS,0.48
2014,PER_100000_POP,KZKZY,R,M,KZKZY,0.46
2014,PER_100000_POP,KZMAN,R,M,KZMAN,0.63
2014,PER_100000_POP,KZONT,R,M,KZONT,0.62
2014,PER_100000_POP,KZPAV,R,M,KZPAV,0.0
2014,PER_100000_POP,KZSEV,R,M,KZSEV,0.0
2014,PER_100000_POP,KZVOS,R,M,KZVOS,3.52
2014,PER_100000_POP,,,F,,0.66
2014,PER_100000_POP,KZAKM,,F,KZAKM,0.26
2014,PER_100000_POP,KZAKT,,F,KZAKT,0.24
2014,PER_100000_POP,KZALM,,F,KZALM,0.2
2014,PER_100000_POP,KZATY,,F,KZATY,0.68
2014,PER_100000_POP,KZZAP,,F,KZZAP,0.93
2014,PER_100000_POP,KZZHA,,F,KZZHA,0.0
2014,PER_100000_POP,KZKAR,,F,KZKAR,1.1
2014,PER_100000_POP,KZKUS,,F,KZKUS,0.22
2014,PER_100000_POP,KZKZY,,F,KZKZY,0.0
2014,PER_100000_POP,KZMAN,,F,KZMAN,0.33
2014,PER_100000_POP,KZONT,,F,KZONT,0.65
2014,PER_100000_POP,KZPAV,,F,KZPAV,0.0
2014,PER_100000_POP,KZSEV,,F,KZSEV,0.33
2014,PER_100000_POP,KZVOS,,F,KZVOS,3.83
2014,PER_100000_POP,KZNS,,F,KZNS,0.46
2014,PER_100000_POP,KZALA,,F,KZALA,0.0
2014,PER_100000_POP,,U,F,,0.49
2014,PER_100000_POP,KZAKM,U,F,KZAKM,0.54
2014,PER_100000_POP,KZAKT,U,F,KZAKT,0.38
2014,PER_100000_POP,KZALM,U,F,KZALM,0.0
2014,PER_100000_POP,KZATY,U,F,KZATY,0.71
2014,PER_100000_POP,KZZAP,U,F,KZZAP,0.0
2014,PER_100000_POP,KZZHA,U,F,KZZHA,0.0
2014,PER_100000_POP,KZKAR,U,F,KZKAR,0.52
2014,PER_100000_POP,KZKUS,U,F,KZKUS,0.0
2014,PER_100000_POP,KZKZY,U,F,KZKZY,0.0
2014,PER_100000_POP,KZMAN,U,F,KZMAN,0.0
2014,PER_100000_POP,KZONT,U,F,KZONT,0.5
2014,PER_100000_POP,KZPAV,U,F,KZPAV,0.0
2014,PER_100000_POP,KZSEV,U,F,KZSEV,0.75
2014,PER_100000_POP,KZVOS,U,F,KZVOS,2.92
2014,PER_100000_POP,KZNS,U,F,KZNS,0.46
2014,PER_100000_POP,KZALA,U,F,KZALA,0.0
2014,PER_100000_POP,,R,F,,0.89
2014,PER_100000_POP,KZAKM,R,F,KZAKM,0.0
2014,PER_100000_POP,KZAKT,R,F,KZAKT,0.0
2014,PER_100000_POP,KZALM,R,F,KZALM,0.27
2014,PER_100000_POP,KZATY,R,F,KZATY,0.66
2014,PER_100000_POP,KZZAP,R,F,KZZAP,1.9
2014,PER_100000_POP,KZZHA,R,F,KZZHA,0.0
2014,PER_100000_POP,KZKAR,R,F,KZKAR,3.46
2014,PER_100000_POP,KZKUS,R,F,KZKUS,0.46
2014,PER_100000_POP,KZKZY,R,F,KZKZY,0.0
2014,PER_100000_POP,KZMAN,R,F,KZMAN,0.63
2014,PER_100000_POP,KZONT,R,F,KZONT,0.76
2014,PER_100000_POP,KZPAV,R,F,KZPAV,0.0
2014,PER_100000_POP,KZSEV,R,F,KZSEV,0.0
2014,PER_100000_POP,KZVOS,R,F,KZVOS,5.24
2015,PER_100000_POP,,,,,0.67
2015,PER_100000_POP,KZAKM,,,KZAKM,0.41
2015,PER_100000_POP,KZAKT,,,KZAKT,0.12
2015,PER_100000_POP,KZALM,,,KZALM,0.26
2015,PER_100000_POP,KZATY,,,KZATY,0.85
2015,PER_100000_POP,KZZAP,,,KZZAP,0.79
2015,PER_100000_POP,KZZHA,,,KZZHA,0.18
2015,PER_100000_POP,KZKAR,,,KZKAR,1.23
2015,PER_100000_POP,KZKUS,,,KZKUS,0.11
2015,PER_100000_POP,KZKZY,,,KZKZY,0.4
2015,PER_100000_POP,KZMAN,,,KZMAN,0.49
2015,PER_100000_POP,KZONT,,,KZONT,0.92
2015,PER_100000_POP,KZPAV,,,KZPAV,0.4
2015,PER_100000_POP,KZSEV,,,KZSEV,0.18
2015,PER_100000_POP,KZVOS,,,KZVOS,2.15
2015,PER_100000_POP,KZNS,,,KZNS,1.28
2015,PER_100000_POP,KZALA,,,KZALA,0.06
2015,PER_100000_POP,,U,,,0.72
2015,PER_100000_POP,KZAKM,U,,KZAKM,0.29
2015,PER_100000_POP,KZAKT,U,,KZAKT,0.19
2015,PER_100000_POP,KZALM,U,,KZALM,0.43
2015,PER_100000_POP,KZATY,U,,KZATY,0.36
2015,PER_100000_POP,KZZAP,U,,KZZAP,0.64
2015,PER_100000_POP,KZZHA,U,,KZZHA,0.45
2015,PER_100000_POP,KZKAR,U,,KZKAR,0.92
2015,PER_100000_POP,KZKUS,U,,KZKUS,0.0
2015,PER_100000_POP,KZKZY,U,,KZKZY,0.61
2015,PER_100000_POP,KZMAN,U,,KZMAN,0.74
2015,PER_100000_POP,KZONT,U,,KZONT,1.43
2015,PER_100000_POP,KZPAV,U,,KZPAV,0.0
2015,PER_100000_POP,KZSEV,U,,KZSEV,0.41
2015,PER_100000_POP,KZVOS,U,,KZVOS,2.16
2015,PER_100000_POP,KZNS,U,,KZNS,1.28
2015,PER_100000_POP,KZALA,U,,KZALA,0.06
2015,PER_100000_POP,,R,,,0.59
2015,PER_100000_POP,KZAKM,R,,KZAKM,0.51
2015,PER_100000_POP,KZAKT,R,,KZAKT,0.0
2015,PER_100000_POP,KZALM,R,,KZALM,0.2
2015,PER_100000_POP,KZATY,R,,KZATY,1.29
2015,PER_100000_POP,KZZAP,R,,KZZAP,0.94
2015,PER_100000_POP,KZZHA,R,,KZZHA,0.0
2015,PER_100000_POP,KZKAR,R,,KZKAR,2.42
2015,PER_100000_POP,KZKUS,R,,KZKUS,0.24
2015,PER_100000_POP,KZKZY,R,,KZKZY,0.23
2015,PER_100000_POP,KZMAN,R,,KZMAN,0.29
2015,PER_100000_POP,KZONT,R,,KZONT,0.52
2015,PER_100000_POP,KZPAV,R,,KZPAV,1.33
2015,PER_100000_POP,KZSEV,R,,KZSEV,0.0
2015,PER_100000_POP,KZVOS,R,,KZVOS,2.13
2015,PER_100000_POP,,,M,,0.57
2015,PER_100000_POP,KZAKM,,M,KZAKM,0.56
2015,PER_100000_POP,KZAKT,,M,KZAKT,0.0
2015,PER_100000_POP,KZALM,,M,KZALM,0.11
2015,PER_100000_POP,KZATY,,M,KZATY,0.35
2015,PER_100000_POP,KZZAP,,M,KZZAP,0.33
2015,PER_100000_POP,KZZHA,,M,KZZHA,0.18
2015,PER_100000_POP,KZKAR,,M,KZKAR,1.07
2015,PER_100000_POP,KZKUS,,M,KZKUS,0.24
2015,PER_100000_POP,KZKZY,,M,KZKZY,0.79
2015,PER_100000_POP,KZMAN,,M,KZMAN,0.65
2015,PER_100000_POP,KZONT,,M,KZONT,0.86
2015,PER_100000_POP,KZPAV,,M,KZPAV,0.28
2015,PER_100000_POP,KZSEV,,M,KZSEV,0.0
2015,PER_100000_POP,KZVOS,,M,KZVOS,1.5
2015,PER_100000_POP,KZNS,,M,KZNS,1.2
2015,PER_100000_POP,KZALA,,M,KZALA,0.13
2015,PER_100000_POP,,U,M,,0.64
2015,PER_100000_POP,KZAKM,U,M,KZAKM,0.61
2015,PER_100000_POP,KZAKT,U,M,KZAKT,0.0
2015,PER_100000_POP,KZALM,U,M,KZALM,0.0
2015,PER_100000_POP,KZATY,U,M,KZATY,0.0
2015,PER_100000_POP,KZZAP,U,M,KZZAP,0.0
2015,PER_100000_POP,KZZHA,U,M,KZZHA,0.47
2015,PER_100000_POP,KZKAR,U,M,KZKAR,0.79
2015,PER_100000_POP,KZKUS,U,M,KZKUS,0.0
2015,PER_100000_POP,KZKZY,U,M,KZKZY,1.24
2015,PER_100000_POP,KZMAN,U,M,KZMAN,0.74
2015,PER_100000_POP,KZONT,U,M,KZONT,1.3
2015,PER_100000_POP,KZPAV,U,M,KZPAV,0.0
2015,PER_100000_POP,KZSEV,U,M,KZSEV,0.0
2015,PER_100000_POP,KZVOS,U,M,KZVOS,1.83
2015,PER_100000_POP,KZNS,U,M,KZNS,1.2
2015,PER_100000_POP,KZALA,U,M,KZALA,0.13
2015,PER_100000_POP,,R,M,,0.47
2015,PER_100000_POP,KZAKM,R,M,KZAKM,0.52
2015,PER_100000_POP,KZAKT,R,M,KZAKT,0.0
2015,PER_100000_POP,KZALM,R,M,KZALM,0.14
2015,PER_100000_POP,KZATY,R,M,KZATY,0.64
2015,PER_100000_POP,KZZAP,R,M,KZZAP,0.62
2015,PER_100000_POP,KZZHA,R,M,KZZHA,0.0
2015,PER_100000_POP,KZKAR,R,M,KZKAR,2.06
2015,PER_100000_POP,KZKUS,R,M,KZKUS,0.49
2015,PER_100000_POP,KZKZY,R,M,KZKZY,0.46
2015,PER_100000_POP,KZMAN,R,M,KZMAN,0.58
2015,PER_100000_POP,KZONT,R,M,KZONT,0.51
2015,PER_100000_POP,KZPAV,R,M,KZPAV,0.89
2015,PER_100000_POP,KZSEV,R,M,KZSEV,0.0
2015,PER_100000_POP,KZVOS,R,M,KZVOS,1.07
2015,PER_100000_POP,,,F,,0.76
2015,PER_100000_POP,KZAKM,,F,KZAKM,0.26
2015,PER_100000_POP,KZAKT,,F,KZAKT,0.23
2015,PER_100000_POP,KZALM,,F,KZALM,0.41
2015,PER_100000_POP,KZATY,,F,KZATY,1.34
2015,PER_100000_POP,KZZAP,,F,KZZAP,1.22
2015,PER_100000_POP,KZZHA,,F,KZZHA,0.18
2015,PER_100000_POP,KZKAR,,F,KZKAR,1.37
2015,PER_100000_POP,KZKUS,,F,KZKUS,0.0
2015,PER_100000_POP,KZKZY,,F,KZKZY,0.0
2015,PER_100000_POP,KZMAN,,F,KZMAN,0.32
2015,PER_100000_POP,KZONT,,F,KZONT,0.99
2015,PER_100000_POP,KZPAV,,F,KZPAV,0.5
2015,PER_100000_POP,KZSEV,,F,KZSEV,0.33
2015,PER_100000_POP,KZVOS,,F,KZVOS,2.74
2015,PER_100000_POP,KZNS,,F,KZNS,1.34
2015,PER_100000_POP,KZALA,,F,KZALA,0.0
2015,PER_100000_POP,,U,F,,0.8
2015,PER_100000_POP,KZAKM,U,F,KZAKM,0.0
2015,PER_100000_POP,KZAKT,U,F,KZAKT,0.37
2015,PER_100000_POP,KZALM,U,F,KZALM,0.82
2015,PER_100000_POP,KZATY,U,F,KZATY,0.69
2015,PER_100000_POP,KZZAP,U,F,KZZAP,1.18
2015,PER_100000_POP,KZZHA,U,F,KZZHA,0.43
2015,PER_100000_POP,KZKAR,U,F,KZKAR,1.03
2015,PER_100000_POP,KZKUS,U,F,KZKUS,0.0
2015,PER_100000_POP,KZKZY,U,F,KZKZY,0.0
2015,PER_100000_POP,KZMAN,U,F,KZMAN,0.74
2015,PER_100000_POP,KZONT,U,F,KZONT,1.54
2015,PER_100000_POP,KZPAV,U,F,KZPAV,0.0
2015,PER_100000_POP,KZSEV,U,F,KZSEV,0.74
2015,PER_100000_POP,KZVOS,U,F,KZVOS,2.45
2015,PER_100000_POP,KZNS,U,F,KZNS,1.34
2015,PER_100000_POP,KZALA,U,F,KZALA,0.0
2015,PER_100000_POP,,R,F,,0.71
2015,PER_100000_POP,KZAKM,R,F,KZAKM,0.51
2015,PER_100000_POP,KZAKT,R,F,KZAKT,0.0
2015,PER_100000_POP,KZALM,R,F,KZALM,0.27
2015,PER_100000_POP,KZATY,R,F,KZATY,1.95
2015,PER_100000_POP,KZZAP,R,F,KZZAP,1.26
2015,PER_100000_POP,KZZHA,R,F,KZZHA,0.0
2015,PER_100000_POP,KZKAR,R,F,KZKAR,2.79
2015,PER_100000_POP,KZKUS,R,F,KZKUS,0.0
2015,PER_100000_POP,KZKZY,R,F,KZKZY,0.0
2015,PER_100000_POP,KZMAN,R,F,KZMAN,0.0
2015,PER_100000_POP,KZONT,R,F,KZONT,0.52
2015,PER_100000_POP,KZPAV,R,F,KZPAV,1.77
2015,PER_100000_POP,KZSEV,R,F,KZSEV,0.0
2015,PER_100000_POP,KZVOS,R,F,KZVOS,3.18
2016,PER_100000_POP,,,,,0.8
2016,PER_100000_POP,KZAKM,,,KZAKM,0.95
2016,PER_100000_POP,KZAKT,,,KZAKT,0.0
2016,PER_100000_POP,KZALM,,,KZALM,0.2
2016,PER_100000_POP,KZATY,,,KZATY,1.0
2016,PER_100000_POP,KZZAP,,,KZZAP,0.78
2016,PER_100000_POP,KZZHA,,,KZZHA,0.54
2016,PER_100000_POP,KZKAR,,,KZKAR,0.58
2016,PER_100000_POP,KZKUS,,,KZKUS,0.57
2016,PER_100000_POP,KZKZY,,,KZKZY,0.39
2016,PER_100000_POP,KZMAN,,,KZMAN,1.26
2016,PER_100000_POP,KZONT,,,KZONT,1.96
2016,PER_100000_POP,KZPAV,,,KZPAV,0.92
2016,PER_100000_POP,KZSEV,,,KZSEV,0.18
2016,PER_100000_POP,KZVOS,,,KZVOS,1.51
2016,PER_100000_POP,KZNS,,,KZNS,0.22
2016,PER_100000_POP,KZALA,,,KZALA,0.17
2016,PER_100000_POP,,U,,,0.64
2016,PER_100000_POP,KZAKM,U,,KZAKM,0.57
2016,PER_100000_POP,KZAKT,U,,KZAKT,0.0
2016,PER_100000_POP,KZALM,U,,KZALM,0.42
2016,PER_100000_POP,KZATY,U,,KZATY,1.04
2016,PER_100000_POP,KZZAP,U,,KZZAP,0.31
2016,PER_100000_POP,KZZHA,U,,KZZHA,0.45
2016,PER_100000_POP,KZKAR,U,,KZKAR,0.18
2016,PER_100000_POP,KZKUS,U,,KZKUS,0.43
2016,PER_100000_POP,KZKZY,U,,KZKZY,0.0
2016,PER_100000_POP,KZMAN,U,,KZMAN,1.83
2016,PER_100000_POP,KZONT,U,,KZONT,2.02
2016,PER_100000_POP,KZPAV,U,,KZPAV,1.12
2016,PER_100000_POP,KZSEV,U,,KZSEV,0.0
2016,PER_100000_POP,KZVOS,U,,KZVOS,1.08
2016,PER_100000_POP,KZNS,U,,KZNS,0.22
2016,PER_100000_POP,KZALA,U,,KZALA,0.17
2016,PER_100000_POP,,R,,,1.01
2016,PER_100000_POP,KZAKM,R,,KZAKM,1.28
2016,PER_100000_POP,KZAKT,R,,KZAKT,0.0
2016,PER_100000_POP,KZALM,R,,KZALM,0.13
2016,PER_100000_POP,KZATY,R,,KZATY,0.96
2016,PER_100000_POP,KZZAP,R,,KZZAP,1.26
2016,PER_100000_POP,KZZHA,R,,KZZHA,0.6
2016,PER_100000_POP,KZKAR,R,,KZKAR,2.1
2016,PER_100000_POP,KZKUS,R,,KZKUS,0.73
2016,PER_100000_POP,KZKZY,R,,KZKZY,0.69
2016,PER_100000_POP,KZMAN,R,,KZMAN,0.83
2016,PER_100000_POP,KZONT,R,,KZONT,1.91
2016,PER_100000_POP,KZPAV,R,,KZPAV,0.45
2016,PER_100000_POP,KZSEV,R,,KZSEV,0.32
2016,PER_100000_POP,KZVOS,R,,KZVOS,2.16
2016,PER_100000_POP,,,M,,0.81
2016,PER_100000_POP,KZAKM,,M,KZAKM,1.4
2016,PER_100000_POP,KZAKT,,M,KZAKT,0.0
2016,PER_100000_POP,KZALM,,M,KZALM,0.1
2016,PER_100000_POP,KZATY,,M,KZATY,1.01
2016,PER_100000_POP,KZZAP,,M,KZZAP,0.32
2016,PER_100000_POP,KZZHA,,M,KZZHA,0.91
2016,PER_100000_POP,KZKAR,,M,KZKAR,0.46
2016,PER_100000_POP,KZKUS,,M,KZKUS,0.72
2016,PER_100000_POP,KZKZY,,M,KZKZY,0.52
2016,PER_100000_POP,KZMAN,,M,KZMAN,1.58
2016,PER_100000_POP,KZONT,,M,KZONT,2.04
2016,PER_100000_POP,KZPAV,,M,KZPAV,0.56
2016,PER_100000_POP,KZSEV,,M,KZSEV,0.0
2016,PER_100000_POP,KZVOS,,M,KZVOS,1.36
2016,PER_100000_POP,KZNS,,M,KZNS,0.22
2016,PER_100000_POP,KZALA,,M,KZALA,0.13
2016,PER_100000_POP,,U,M,,0.54
2016,PER_100000_POP,KZAKM,U,M,KZAKM,0.61
2016,PER_100000_POP,KZAKT,U,M,KZAKT,0.0
2016,PER_100000_POP,KZALM,U,M,KZALM,0.44
2016,PER_100000_POP,KZATY,U,M,KZATY,0.73
2016,PER_100000_POP,KZZAP,U,M,KZZAP,0.0
2016,PER_100000_POP,KZZHA,U,M,KZZHA,0.47
2016,PER_100000_POP,KZKAR,U,M,KZKAR,0.2
2016,PER_100000_POP,KZKUS,U,M,KZKUS,0.47
2016,PER_100000_POP,KZKZY,U,M,KZKZY,0.0
2016,PER_100000_POP,KZMAN,U,M,KZMAN,2.19
2016,PER_100000_POP,KZONT,U,M,KZONT,1.43
2016,PER_100000_POP,KZPAV,U,M,KZPAV,0.81
2016,PER_100000_POP,KZSEV,U,M,KZSEV,0.0
2016,PER_100000_POP,KZVOS,U,M,KZVOS,1.04
2016,PER_100000_POP,KZNS,U,M,KZNS,0.22
2016,PER_100000_POP,KZALA,U,M,KZALA,0.13
2016,PER_100000_POP,,R,M,,1.15
2016,PER_100000_POP,KZAKM,R,M,KZAKM,2.07
2016,PER_100000_POP,KZAKT,R,M,KZAKT,0.0
2016,PER_100000_POP,KZALM,R,M,KZALM,0.0
2016,PER_100000_POP,KZATY,R,M,KZATY,1.27
2016,PER_100000_POP,KZZAP,R,M,KZZAP,0.62
2016,PER_100000_POP,KZZHA,R,M,KZZHA,1.2
2016,PER_100000_POP,KZKAR,R,M,KZKAR,1.38
2016,PER_100000_POP,KZKUS,R,M,KZKUS,0.99
2016,PER_100000_POP,KZKZY,R,M,KZKZY,0.91
2016,PER_100000_POP,KZMAN,R,M,KZMAN,1.12
2016,PER_100000_POP,KZONT,R,M,KZONT,2.52
2016,PER_100000_POP,KZPAV,R,M,KZPAV,0.0
2016,PER_100000_POP,KZSEV,R,M,KZSEV,0.0
2016,PER_100000_POP,KZVOS,R,M,KZVOS,1.8
2016,PER_100000_POP,,,F,,0.78
2016,PER_100000_POP,KZAKM,,F,KZAKM,0.52
2016,PER_100000_POP,KZAKT,,F,KZAKT,0.0
2016,PER_100000_POP,KZALM,,F,KZALM,0.3
2016,PER_100000_POP,KZATY,,F,KZATY,0.98
2016,PER_100000_POP,KZZAP,,F,KZZAP,1.21
2016,PER_100000_POP,KZZHA,,F,KZZHA,0.18
2016,PER_100000_POP,KZKAR,,F,KZKAR,0.69
2016,PER_100000_POP,KZKUS,,F,KZKUS,0.43
2016,PER_100000_POP,KZKZY,,F,KZKZY,0.26
2016,PER_100000_POP,KZMAN,,F,KZMAN,0.94
2016,PER_100000_POP,KZONT,,F,KZONT,1.88
2016,PER_100000_POP,KZPAV,,F,KZPAV,1.25
2016,PER_100000_POP,KZSEV,,F,KZSEV,0.34
2016,PER_100000_POP,KZVOS,,F,KZVOS,1.65
2016,PER_100000_POP,KZNS,,F,KZNS,0.21
2016,PER_100000_POP,KZALA,,F,KZALA,0.21
2016,PER_100000_POP,,U,F,,0.73
2016,PER_100000_POP,KZAKM,U,F,KZAKM,0.54
2016,PER_100000_POP,KZAKT,U,F,KZAKT,0.0
2016,PER_100000_POP,KZALM,U,F,KZALM,0.4
2016,PER_100000_POP,KZATY,U,F,KZATY,1.34
2016,PER_100000_POP,KZZAP,U,F,KZZAP,0.58
2016,PER_100000_POP,KZZHA,U,F,KZZHA,0.42
2016,PER_100000_POP,KZKAR,U,F,KZKAR,0.17
2016,PER_100000_POP,KZKUS,U,F,KZKUS,0.39
2016,PER_100000_POP,KZKZY,U,F,KZKZY,0.0
2016,PER_100000_POP,KZMAN,U,F,KZMAN,1.47
2016,PER_100000_POP,KZONT,U,F,KZONT,2.57
2016,PER_100000_POP,KZPAV,U,F,KZPAV,1.39
2016,PER_100000_POP,KZSEV,U,F,KZSEV,0.0
2016,PER_100000_POP,KZVOS,U,F,KZVOS,1.11
2016,PER_100000_POP,KZNS,U,F,KZNS,0.21
2016,PER_100000_POP,KZALA,U,F,KZALA,0.21
2016,PER_100000_POP,,R,F,,0.86
2016,PER_100000_POP,KZAKM,R,F,KZAKM,0.51
2016,PER_100000_POP,KZAKT,R,F,KZAKT,0.0
2016,PER_100000_POP,KZALM,R,F,KZALM,0.27
2016,PER_100000_POP,KZATY,R,F,KZATY,0.64
2016,PER_100000_POP,KZZAP,R,F,KZZAP,1.9
2016,PER_100000_POP,KZZHA,R,F,KZZHA,0.0
2016,PER_100000_POP,KZKAR,R,F,KZKAR,2.82
2016,PER_100000_POP,KZKUS,R,F,KZKUS,0.47
2016,PER_100000_POP,KZKZY,R,F,KZKZY,0.47
2016,PER_100000_POP,KZMAN,R,F,KZMAN,0.55
2016,PER_100000_POP,KZONT,R,F,KZONT,1.29
2016,PER_100000_POP,KZPAV,R,F,KZPAV,0.89
2016,PER_100000_POP,KZSEV,R,F,KZSEV,0.62
2016,PER_100000_POP,KZVOS,R,F,KZVOS,2.52
2017,PER_100000_POP,,,,,0.99
2017,PER_100000_POP,KZAKM,,,KZAKM,0.81
2017,PER_100000_POP,KZAKT,,,KZAKT,0.23
2017,PER_100000_POP,KZALM,,,KZALM,0.2
2017,PER_100000_POP,KZATY,,,KZATY,0.33
2017,PER_100000_POP,KZZAP,,,KZZAP,1.55
2017,PER_100000_POP,KZZHA,,,KZZHA,0.45
2017,PER_100000_POP,KZKAR,,,KZKAR,0.43
2017,PER_100000_POP,KZKUS,,,KZKUS,0.23
2017,PER_100000_POP,KZKZY,,,KZKZY,0.13
2017,PER_100000_POP,KZMAN,,,KZMAN,0.31
2017,PER_100000_POP,KZONT,,,KZONT,3.06
2017,PER_100000_POP,KZPAV,,,KZPAV,0.13
2017,PER_100000_POP,KZSEV,,,KZSEV,0.0
2017,PER_100000_POP,KZVOS,,,KZVOS,3.32
2017,PER_100000_POP,KZNS,,,KZNS,0.0
2017,PER_100000_POP,KZALA,,,KZALA,0.11
2017,PER_100000_POP,,U,,,0.63
2017,PER_100000_POP,KZAKM,U,,KZAKM,0.29
2017,PER_100000_POP,KZAKT,U,,KZAKT,0.0
2017,PER_100000_POP,KZALM,U,,KZALM,0.21
2017,PER_100000_POP,KZATY,U,,KZATY,0.34
2017,PER_100000_POP,KZZAP,U,,KZZAP,2.43
2017,PER_100000_POP,KZZHA,U,,KZZHA,0.67
2017,PER_100000_POP,KZKAR,U,,KZKAR,0.36
2017,PER_100000_POP,KZKUS,U,,KZKUS,0.42
2017,PER_100000_POP,KZKZY,U,,KZKZY,0.29
2017,PER_100000_POP,KZMAN,U,,KZMAN,0.37
2017,PER_100000_POP,KZONT,U,,KZONT,2.19
2017,PER_100000_POP,KZPAV,U,,KZPAV,0.19
2017,PER_100000_POP,KZSEV,U,,KZSEV,0.0
2017,PER_100000_POP,KZVOS,U,,KZVOS,1.31
2017,PER_100000_POP,KZNS,U,,KZNS,0.0
2017,PER_100000_POP,KZALA,U,,KZALA,0.11
2017,PER_100000_POP,,R,,,1.47
2017,PER_100000_POP,KZAKM,R,,KZAKM,1.29
2017,PER_100000_POP,KZAKT,R,,KZAKT,0.64
2017,PER_100000_POP,KZALM,R,,KZALM,0.2
2017,PER_100000_POP,KZATY,R,,KZATY,0.31
2017,PER_100000_POP,KZZAP,R,,KZZAP,0.63
2017,PER_100000_POP,KZZHA,R,,KZZHA,0.3
2017,PER_100000_POP,KZKAR,R,,KZKAR,0.71
2017,PER_100000_POP,KZKUS,R,,KZKUS,0.0
2017,PER_100000_POP,KZKZY,R,,KZKZY,0.0
2017,PER_100000_POP,KZMAN,R,,KZMAN,0.26
2017,PER_100000_POP,KZONT,R,,KZONT,3.79
2017,PER_100000_POP,KZPAV,R,,KZPAV,0.0
2017,PER_100000_POP,KZSEV,R,,KZSEV,0.0
2017,PER_100000_POP,KZVOS,R,,KZVOS,6.43
2017,PER_100000_POP,,,M,,0.82
2017,PER_100000_POP,KZAKM,,M,KZAKM,0.84
2017,PER_100000_POP,KZAKT,,M,KZAKT,0.49
2017,PER_100000_POP,KZALM,,M,KZALM,0.1
2017,PER_100000_POP,KZATY,,M,KZATY,0.33
2017,PER_100000_POP,KZZAP,,M,KZZAP,1.28
2017,PER_100000_POP,KZZHA,,M,KZZHA,0.55
2017,PER_100000_POP,KZKAR,,M,KZKAR,0.46
2017,PER_100000_POP,KZKUS,,M,KZKUS,0.0
2017,PER_100000_POP,KZKZY,,M,KZKZY,0.0
2017,PER_100000_POP,KZMAN,,M,KZMAN,0.31
2017,PER_100000_POP,KZONT,,M,KZONT,2.84
2017,PER_100000_POP,KZPAV,,M,KZPAV,0.0
2017,PER_100000_POP,KZSEV,,M,KZSEV,0.0
2017,PER_100000_POP,KZVOS,,M,KZVOS,1.97
2017,PER_100000_POP,KZNS,,M,KZNS,0.0
2017,PER_100000_POP,KZALA,,M,KZALA,0.0
2017,PER_100000_POP,,U,M,,0.55
2017,PER_100000_POP,KZAKM,U,M,KZAKM,0.61
2017,PER_100000_POP,KZAKT,U,M,KZAKT,0.0
2017,PER_100000_POP,KZALM,U,M,KZALM,0.0
2017,PER_100000_POP,KZATY,U,M,KZATY,0.0
2017,PER_100000_POP,KZZAP,U,M,KZZAP,2.62
2017,PER_100000_POP,KZZHA,U,M,KZZHA,0.94
2017,PER_100000_POP,KZKAR,U,M,KZKAR,0.2
2017,PER_100000_POP,KZKUS,U,M,KZKUS,0.0
2017,PER_100000_POP,KZKZY,U,M,KZKZY,0.0
2017,PER_100000_POP,KZMAN,U,M,KZMAN,0.0
2017,PER_100000_POP,KZONT,U,M,KZONT,2.8
2017,PER_100000_POP,KZPAV,U,M,KZPAV,0.0
2017,PER_100000_POP,KZSEV,U,M,KZSEV,0.0
2017,PER_100000_POP,KZVOS,U,M,KZVOS,0.26
2017,PER_100000_POP,KZNS,U,M,KZNS,0.0
2017,PER_100000_POP,KZALA,U,M,KZALA,0.0
2017,PER_100000_POP,,R,M,,1.17
2017,PER_100000_POP,KZAKM,R,M,KZAKM,1.04
2017,PER_100000_POP,KZAKT,R,M,KZAKT,1.28
2017,PER_100000_POP,KZALM,R,M,KZALM,0.13
2017,PER_100000_POP,KZATY,R,M,KZATY,0.62
2017,PER_100000_POP,KZZAP,R,M,KZZAP,0.0
2017,PER_100000_POP,KZZHA,R,M,KZZHA,0.3
2017,PER_100000_POP,KZKAR,R,M,KZKAR,1.4
2017,PER_100000_POP,KZKUS,R,M,KZKUS,0.0
2017,PER_100000_POP,KZKZY,R,M,KZKZY,0.0
2017,PER_100000_POP,KZMAN,R,M,KZMAN,0.53
2017,PER_100000_POP,KZONT,R,M,KZONT,2.87
2017,PER_100000_POP,KZPAV,R,M,KZPAV,0.0
2017,PER_100000_POP,KZSEV,R,M,KZSEV,0.0
2017,PER_100000_POP,KZVOS,R,M,KZVOS,4.41
2017,PER_100000_POP,,,F,,1.14
2017,PER_100000_POP,KZAKM,,F,KZAKM,0.79
2017,PER_100000_POP,KZAKT,,F,KZAKT,0.0
2017,PER_100000_POP,KZALM,,F,KZALM,0.3
2017,PER_100000_POP,KZATY,,F,KZATY,0.32
2017,PER_100000_POP,KZZAP,,F,KZZAP,1.8
2017,PER_100000_POP,KZZHA,,F,KZZHA,0.35
2017,PER_100000_POP,KZKAR,,F,KZKAR,0.41
2017,PER_100000_POP,KZKUS,,F,KZKUS,0.43
2017,PER_100000_POP,KZKZY,,F,KZKZY,0.26
2017,PER_100000_POP,KZMAN,,F,KZMAN,0.31
2017,PER_100000_POP,KZONT,,F,KZONT,3.29
2017,PER_100000_POP,KZPAV,,F,KZPAV,0.25
2017,PER_100000_POP,KZSEV,,F,KZSEV,0.0
2017,PER_100000_POP,KZVOS,,F,KZVOS,4.55
2017,PER_100000_POP,KZNS,,F,KZNS,0.0
2017,PER_100000_POP,KZALA,,F,KZALA,0.21
2017,PER_100000_POP,,U,F,,0.69
2017,PER_100000_POP,KZAKM,U,F,KZAKM,0.0
2017,PER_100000_POP,KZAKT,U,F,KZAKT,0.0
2017,PER_100000_POP,KZALM,U,F,KZALM,0.41
2017,PER_100000_POP,KZATY,U,F,KZATY,0.65
2017,PER_100000_POP,KZZAP,U,F,KZZAP,2.27
2017,PER_100000_POP,KZZHA,U,F,KZZHA,0.43
2017,PER_100000_POP,KZKAR,U,F,KZKAR,0.51
2017,PER_100000_POP,KZKUS,U,F,KZKUS,0.79
2017,PER_100000_POP,KZKZY,U,F,KZKZY,0.57
2017,PER_100000_POP,KZMAN,U,F,KZMAN,0.74
2017,PER_100000_POP,KZONT,U,F,KZONT,1.62
2017,PER_100000_POP,KZPAV,U,F,KZPAV,0.35
2017,PER_100000_POP,KZSEV,U,F,KZSEV,0.0
2017,PER_100000_POP,KZVOS,U,F,KZVOS,2.21
2017,PER_100000_POP,KZNS,U,F,KZNS,0.0
2017,PER_100000_POP,KZALA,U,F,KZALA,0.21
2017,PER_100000_POP,,R,F,,1.77
2017,PER_100000_POP,KZAKM,R,F,KZAKM,1.54
2017,PER_100000_POP,KZAKT,R,F,KZAKT,0.0
2017,PER_100000_POP,KZALM,R,F,KZALM,0.26
2017,PER_100000_POP,KZATY,R,F,KZATY,0.0
2017,PER_100000_POP,KZZAP,R,F,KZZAP,1.28
2017,PER_100000_POP,KZZHA,R,F,KZZHA,0.3
2017,PER_100000_POP,KZKAR,R,F,KZKAR,0.0
2017,PER_100000_POP,KZKUS,R,F,KZKUS,0.0
2017,PER_100000_POP,KZKZY,R,F,KZKZY,0.0
2017,PER_100000_POP,KZMAN,R,F,KZMAN,0.0
2017,PER_100000_POP,KZONT,R,F,KZONT,4.73
2017,PER_100000_POP,KZPAV,R,F,KZPAV,0.0
2017,PER_100000_POP,KZSEV,R,F,KZSEV,0.0
2017,PER_100000_POP,KZVOS,R,F,KZVOS,8.44
2018,PER_100000_POP,,,,,0.83
2018,PER_100000_POP,KZAKM,,,KZAKM,1.08
2018,PER_100000_POP,KZAKT,,,KZAKT,0.23
2018,PER_100000_POP,KZALM,,,KZALM,0.3
2018,PER_100000_POP,KZATY,,,KZATY,0.0
2018,PER_100000_POP,KZZAP,,,KZZAP,1.85
2018,PER_100000_POP,KZZHA,,,KZZHA,0.27
2018,PER_100000_POP,KZKAR,,,KZKAR,0.72
2018,PER_100000_POP,KZKUS,,,KZKUS,0.34
2018,PER_100000_POP,KZKZY,,,KZKZY,0.25
2018,PER_100000_POP,KZMAN,,,KZMAN,0.3
2018,PER_100000_POP,KZPAV,,,KZPAV,1.86
2018,PER_100000_POP,KZSEV,,,KZSEV,0.0
2018,PER_100000_POP,KZYUZ,,,KZYUZ,2.32
2018,PER_100000_POP,KZVOS,,,KZVOS,1.59
2018,PER_100000_POP,KZNS,,,KZNS,0.28
2018,PER_100000_POP,KZALA,,,KZALA,0.05
2018,PER_100000_POP,KZSHY,,,KZSHY,1.84
2018,PER_100000_POP,,U,,,0.62
2018,PER_100000_POP,KZAKM,U,,KZAKM,0.57
2018,PER_100000_POP,KZAKT,U,,KZAKT,0.16
2018,PER_100000_POP,KZALM,U,,KZALM,0.22
2018,PER_100000_POP,KZATY,U,,KZATY,0.0
2018,PER_100000_POP,KZZAP,U,,KZZAP,2.68
2018,PER_100000_POP,KZZHA,U,,KZZHA,0.22
2018,PER_100000_POP,KZKAR,U,,KZKAR,0.64
2018,PER_100000_POP,KZKUS,U,,KZKUS,0.63
2018,PER_100000_POP,KZKZY,U,,KZKZY,0.0
2018,PER_100000_POP,KZMAN,U,,KZMAN,0.0
2018,PER_100000_POP,KZPAV,U,,KZPAV,2.25
2018,PER_100000_POP,KZSEV,U,,KZSEV,0.0
2018,PER_100000_POP,KZYUZ,U,,KZYUZ,1.28
2018,PER_100000_POP,KZVOS,U,,KZVOS,0.35
2018,PER_100000_POP,KZNS,U,,KZNS,0.28
2018,PER_100000_POP,KZALA,U,,KZALA,0.05
2018,PER_100000_POP,KZSHY,U,,KZSHY,1.84
2018,PER_100000_POP,,R,,,1.12
2018,PER_100000_POP,KZAKM,R,,KZAKM,1.54
2018,PER_100000_POP,KZAKT,R,,KZAKT,0.39
2018,PER_100000_POP,KZALM,R,,KZALM,0.32
2018,PER_100000_POP,KZATY,R,,KZATY,0.0
2018,PER_100000_POP,KZZAP,R,,KZZAP,0.96
2018,PER_100000_POP,KZZHA,R,,KZZHA,0.3
2018,PER_100000_POP,KZKAR,R,,KZKAR,1.07
2018,PER_100000_POP,KZKUS,R,,KZKUS,0.0
2018,PER_100000_POP,KZKZY,R,,KZKZY,0.45
2018,PER_100000_POP,KZMAN,R,,KZMAN,0.5
2018,PER_100000_POP,KZPAV,R,,KZPAV,0.9
2018,PER_100000_POP,KZSEV,R,,KZSEV,0.0
2018,PER_100000_POP,KZYUZ,R,,KZYUZ,2.58
2018,PER_100000_POP,KZVOS,R,,KZVOS,3.56
2018,PER_100000_POP,,,M,,0.84
2018,PER_100000_POP,KZAKM,,M,KZAKM,1.12
2018,PER_100000_POP,KZAKT,,M,KZAKT,0.24
2018,PER_100000_POP,KZALM,,M,KZALM,0.3
2018,PER_100000_POP,KZATY,,M,KZATY,0.0
2018,PER_100000_POP,KZZAP,,M,KZZAP,0.95
2018,PER_100000_POP,KZZHA,,M,KZZHA,0.36
2018,PER_100000_POP,KZKAR,,M,KZKAR,0.92
2018,PER_100000_POP,KZKUS,,M,KZKUS,0.24
2018,PER_100000_POP,KZKZY,,M,KZKZY,0.25
2018,PER_100000_POP,KZMAN,,M,KZMAN,0.3
2018,PER_100000_POP,KZPAV,,M,KZPAV,1.68
2018,PER_100000_POP,KZSEV,,M,KZSEV,0.0
2018,PER_100000_POP,KZYUZ,,M,KZYUZ,1.89
2018,PER_100000_POP,KZVOS,,M,KZVOS,1.97
2018,PER_100000_POP,KZNS,,M,KZNS,0.39
2018,PER_100000_POP,KZALA,,M,KZALA,0.12
2018,PER_100000_POP,KZSHY,,M,KZSHY,2.33
2018,PER_100000_POP,,U,M,,0.68
2018,PER_100000_POP,KZAKM,U,M,KZAKM,0.61
2018,PER_100000_POP,KZAKT,U,M,KZAKT,0.35
2018,PER_100000_POP,KZALM,U,M,KZALM,0.0
2018,PER_100000_POP,KZATY,U,M,KZATY,0.0
2018,PER_100000_POP,KZZAP,U,M,KZZAP,1.28
2018,PER_100000_POP,KZZHA,U,M,KZZHA,0.47
2018,PER_100000_POP,KZKAR,U,M,KZKAR,0.78
2018,PER_100000_POP,KZKUS,U,M,KZKUS,0.46
2018,PER_100000_POP,KZKZY,U,M,KZKZY,0.0
2018,PER_100000_POP,KZMAN,U,M,KZMAN,0.0
2018,PER_100000_POP,KZPAV,U,M,KZPAV,2.03
2018,PER_100000_POP,KZSEV,U,M,KZSEV,0.0
2018,PER_100000_POP,KZYUZ,U,M,KZYUZ,2.04
2018,PER_100000_POP,KZVOS,U,M,KZVOS,0.26
2018,PER_100000_POP,KZNS,U,M,KZNS,0.39
2018,PER_100000_POP,KZALA,U,M,KZALA,0.12
2018,PER_100000_POP,KZSHY,U,M,KZSHY,2.33
2018,PER_100000_POP,,R,M,,1.04
2018,PER_100000_POP,KZAKM,R,M,KZAKM,1.54
2018,PER_100000_POP,KZAKT,R,M,KZAKT,0.0
2018,PER_100000_POP,KZALM,R,M,KZALM,0.38
2018,PER_100000_POP,KZATY,R,M,KZATY,0.0
2018,PER_100000_POP,KZZAP,R,M,KZZAP,0.63
2018,PER_100000_POP,KZZHA,R,M,KZZHA,0.29
2018,PER_100000_POP,KZKAR,R,M,KZKAR,1.41
2018,PER_100000_POP,KZKUS,R,M,KZKUS,0.0
2018,PER_100000_POP,KZKZY,R,M,KZKZY,0.45
2018,PER_100000_POP,KZMAN,R,M,KZMAN,0.5
2018,PER_100000_POP,KZPAV,R,M,KZPAV,0.9
2018,PER_100000_POP,KZSEV,R,M,KZSEV,0.0
2018,PER_100000_POP,KZYUZ,R,M,KZYUZ,1.86
2018,PER_100000_POP,KZVOS,R,M,KZVOS,4.49
2018,PER_100000_POP,,,F,,0.83
2018,PER_100000_POP,KZAKM,,F,KZAKM,1.05
2018,PER_100000_POP,KZAKT,,F,KZAKT,0.22
2018,PER_100000_POP,KZALM,,F,KZALM,0.29
2018,PER_100000_POP,KZATY,,F,KZATY,0.0
2018,PER_100000_POP,KZZAP,,F,KZZAP,2.69
2018,PER_100000_POP,KZZHA,,F,KZZHA,0.18
2018,PER_100000_POP,KZKAR,,F,KZKAR,0.55
2018,PER_100000_POP,KZKUS,,F,KZKUS,0.44
2018,PER_100000_POP,KZKZY,,F,KZKZY,0.25
2018,PER_100000_POP,KZMAN,,F,KZMAN,0.3
2018,PER_100000_POP,KZPAV,,F,KZPAV,2.01
2018,PER_100000_POP,KZSEV,,F,KZSEV,0.0
2018,PER_100000_POP,KZYUZ,,F,KZYUZ,2.76
2018,PER_100000_POP,KZVOS,,F,KZVOS,1.25
2018,PER_100000_POP,KZNS,,F,KZNS,0.18
2018,PER_100000_POP,KZALA,,F,KZALA,0.0
2018,PER_100000_POP,KZSHY,,F,KZSHY,1.37
2018,PER_100000_POP,,U,F,,0.57
2018,PER_100000_POP,KZAKM,U,F,KZAKM,0.54
2018,PER_100000_POP,KZAKT,U,F,KZAKT,0.0
2018,PER_100000_POP,KZALM,U,F,KZALM,0.42
2018,PER_100000_POP,KZATY,U,F,KZATY,0.0
2018,PER_100000_POP,KZZAP,U,F,KZZAP,3.89
2018,PER_100000_POP,KZZHA,U,F,KZZHA,0.0
2018,PER_100000_POP,KZKAR,U,F,KZKAR,0.51
2018,PER_100000_POP,KZKUS,U,F,KZKUS,0.78
2018,PER_100000_POP,KZKZY,U,F,KZKZY,0.0
2018,PER_100000_POP,KZMAN,U,F,KZMAN,0.0
2018,PER_100000_POP,KZPAV,U,F,KZPAV,2.44
2018,PER_100000_POP,KZSEV,U,F,KZSEV,0.0
2018,PER_100000_POP,KZYUZ,U,F,KZYUZ,0.52
2018,PER_100000_POP,KZVOS,U,F,KZVOS,0.44
2018,PER_100000_POP,KZNS,U,F,KZNS,0.18
2018,PER_100000_POP,KZALA,U,F,KZALA,0.0
2018,PER_100000_POP,KZSHY,U,F,KZSHY,1.37
2018,PER_100000_POP,,R,F,,1.04
2018,PER_100000_POP,KZAKM,R,F,KZAKM,1.54
2018,PER_100000_POP,KZAKT,R,F,KZAKT,0.0
2018,PER_100000_POP,KZALM,R,F,KZALM,0.38
2018,PER_100000_POP,KZATY,R,F,KZATY,0.0
2018,PER_100000_POP,KZZAP,R,F,KZZAP,0.63
2018,PER_100000_POP,KZZHA,R,F,KZZHA,0.29
2018,PER_100000_POP,KZKAR,R,F,KZKAR,1.41
2018,PER_100000_POP,KZKUS,R,F,KZKUS,0.0
2018,PER_100000_POP,KZKZY,R,F,KZKZY,0.45
2018,PER_100000_POP,KZMAN,R,F,KZMAN,0.5
2018,PER_100000_POP,KZPAV,R,F,KZPAV,0.9
2018,PER_100000_POP,KZSEV,R,F,KZSEV,0.0
2018,PER_100000_POP,KZYUZ,R,F,KZYUZ,3.31
2018,PER_100000_POP,KZVOS,R,F,KZVOS,4.49
2019,PER_100000_POP,,,,,1.28
2019,PER_100000_POP,KZAKM,,,KZAKM,1.08
2019,PER_100000_POP,KZAKT,,,KZAKT,0.11
2019,PER_100000_POP,KZALM,,,KZALM,0.19
2019,PER_100000_POP,KZATY,,,KZATY,0.0
2019,PER_100000_POP,KZZAP,,,KZZAP,3.21
2019,PER_100000_POP,KZZHA,,,KZZHA,0.27
2019,PER_100000_POP,KZKAR,,,KZKAR,0.87
2019,PER_100000_POP,KZKUS,,,KZKUS,1.03
2019,PER_100000_POP,KZKZY,,,KZKZY,0.25
2019,PER_100000_POP,KZMAN,,,KZMAN,0.44
2019,PER_100000_POP,KZPAV,,,KZPAV,9.83
2019,PER_100000_POP,KZSEV,,,KZSEV,0.54
2019,PER_100000_POP,KZYUZ,,,KZYUZ,2.85
2019,PER_100000_POP,KZVOS,,,KZVOS,0.8
2019,PER_100000_POP,KZNS,,,KZNS,0.18
2019,PER_100000_POP,KZALA,,,KZALA,0.21
2019,PER_100000_POP,KZSHY,,,KZSHY,2.25
2019,PER_100000_POP,,U,,,1.4
2019,PER_100000_POP,KZAKM,U,,KZAKM,1.44
2019,PER_100000_POP,KZAKT,U,,KZAKT,0.0
2019,PER_100000_POP,KZALM,U,,KZALM,0.0
2019,PER_100000_POP,KZATY,U,,KZATY,0.0
2019,PER_100000_POP,KZZAP,U,,KZZAP,4.39
2019,PER_100000_POP,KZZHA,U,,KZZHA,0.22
2019,PER_100000_POP,KZKAR,U,,KZKAR,0.91
2019,PER_100000_POP,KZKUS,U,,KZKUS,1.2
2019,PER_100000_POP,KZKZY,U,,KZKZY,0.28
2019,PER_100000_POP,KZMAN,U,,KZMAN,0.0
2019,PER_100000_POP,KZPAV,U,,KZPAV,12.8
2019,PER_100000_POP,KZSEV,U,,KZSEV,1.19
2019,PER_100000_POP,KZYUZ,U,,KZYUZ,1.76
2019,PER_100000_POP,KZVOS,U,,KZVOS,0.82
2019,PER_100000_POP,KZNS,U,,KZNS,0.18
2019,PER_100000_POP,KZALA,U,,KZALA,0.21
2019,PER_100000_POP,KZSHY,U,,KZSHY,2.25
2019,PER_100000_POP,,R,,,1.11
2019,PER_100000_POP,KZAKM,R,,KZAKM,0.77
2019,PER_100000_POP,KZAKT,R,,KZAKT,0.39
2019,PER_100000_POP,KZALM,R,,KZALM,0.25
2019,PER_100000_POP,KZATY,R,,KZATY,0.0
2019,PER_100000_POP,KZZAP,R,,KZZAP,1.92
2019,PER_100000_POP,KZZHA,R,,KZZHA,0.29
2019,PER_100000_POP,KZKAR,R,,KZKAR,0.71
2019,PER_100000_POP,KZKUS,R,,KZKUS,0.81
2019,PER_100000_POP,KZKZY,R,,KZKZY,0.23
2019,PER_100000_POP,KZMAN,R,,KZMAN,0.72
2019,PER_100000_POP,KZPAV,R,,KZPAV,2.71
2019,PER_100000_POP,KZSEV,R,,KZSEV,0.0
2019,PER_100000_POP,KZYUZ,R,,KZYUZ,3.12
2019,PER_100000_POP,KZVOS,R,,KZVOS,0.76
2019,PER_100000_POP,,,M,,1.06
2019,PER_100000_POP,KZAKM,,M,KZAKM,0.84
2019,PER_100000_POP,KZAKT,,M,KZAKT,0.24
2019,PER_100000_POP,KZALM,,M,KZALM,0.2
2019,PER_100000_POP,KZATY,,M,KZATY,0.0
2019,PER_100000_POP,KZZAP,,M,KZZAP,2.52
2019,PER_100000_POP,KZZHA,,M,KZZHA,0.0
2019,PER_100000_POP,KZKAR,,M,KZKAR,0.76
2019,PER_100000_POP,KZKUS,,M,KZKUS,1.45
2019,PER_100000_POP,KZKZY,,M,KZKZY,0.5
2019,PER_100000_POP,KZMAN,,M,KZMAN,0.29
2019,PER_100000_POP,KZPAV,,M,KZPAV,7.29
2019,PER_100000_POP,KZSEV,,M,KZSEV,0.0
2019,PER_100000_POP,KZYUZ,,M,KZYUZ,2.46
2019,PER_100000_POP,KZVOS,,M,KZVOS,1.07
2019,PER_100000_POP,KZNS,,M,KZNS,0.19
2019,PER_100000_POP,KZALA,,M,KZALA,0.12
2019,PER_100000_POP,KZSHY,,M,KZSHY,1.42
2019,PER_100000_POP,,U,M,,1.1
2019,PER_100000_POP,KZAKM,U,M,KZAKM,1.22
2019,PER_100000_POP,KZAKT,U,M,KZAKT,0.0
2019,PER_100000_POP,KZALM,U,M,KZALM,0.0
2019,PER_100000_POP,KZATY,U,M,KZATY,0.0
2019,PER_100000_POP,KZZAP,U,M,KZZAP,4.39
2019,PER_100000_POP,KZZHA,U,M,KZZHA,0.0
2019,PER_100000_POP,KZKAR,U,M,KZKAR,0.78
2019,PER_100000_POP,KZKUS,U,M,KZKUS,1.3
2019,PER_100000_POP,KZKZY,U,M,KZKZY,0.57
2019,PER_100000_POP,KZMAN,U,M,KZMAN,0.0
2019,PER_100000_POP,KZPAV,U,M,KZPAV,8.97
2019,PER_100000_POP,KZSEV,U,M,KZSEV,0.0
2019,PER_100000_POP,KZYUZ,U,M,KZYUZ,2.0
2019,PER_100000_POP,KZVOS,U,M,KZVOS,1.02
2019,PER_100000_POP,KZNS,U,M,KZNS,0.19
2019,PER_100000_POP,KZALA,U,M,KZALA,0.12
2019,PER_100000_POP,KZSHY,U,M,KZSHY,1.42
2019,PER_100000_POP,,R,M,,1.01
2019,PER_100000_POP,KZAKM,R,M,KZAKM,0.52
2019,PER_100000_POP,KZAKT,R,M,KZAKT,0.78
2019,PER_100000_POP,KZALM,R,M,KZALM,0.25
2019,PER_100000_POP,KZATY,R,M,KZATY,0.0
2019,PER_100000_POP,KZZAP,R,M,KZZAP,0.63
2019,PER_100000_POP,KZZHA,R,M,KZZHA,0.0
2019,PER_100000_POP,KZKAR,R,M,KZKAR,0.71
2019,PER_100000_POP,KZKUS,R,M,KZKUS,1.64
2019,PER_100000_POP,KZKZY,R,M,KZKZY,0.44
2019,PER_100000_POP,KZMAN,R,M,KZMAN,0.48
2019,PER_100000_POP,KZPAV,R,M,KZPAV,3.59
2019,PER_100000_POP,KZSEV,R,M,KZSEV,0.0
2019,PER_100000_POP,KZYUZ,R,M,KZYUZ,2.58
2019,PER_100000_POP,KZVOS,R,M,KZVOS,1.14
2019,PER_100000_POP,,,F,,1.49
2019,PER_100000_POP,KZAKM,,F,KZAKM,1.32
2019,PER_100000_POP,KZAKT,,F,KZAKT,0.0
2019,PER_100000_POP,KZALM,,F,KZALM,0.19
2019,PER_100000_POP,KZATY,,F,KZATY,0.0
2019,PER_100000_POP,KZZAP,,F,KZZAP,3.86
2019,PER_100000_POP,KZZHA,,F,KZZHA,0.52
2019,PER_100000_POP,KZKAR,,F,KZKAR,0.97
2019,PER_100000_POP,KZKUS,,F,KZKUS,0.66
2019,PER_100000_POP,KZKZY,,F,KZKZY,0.0
2019,PER_100000_POP,KZMAN,,F,KZMAN,0.58
2019,PER_100000_POP,KZPAV,,F,KZPAV,12.11
2019,PER_100000_POP,KZSEV,,F,KZSEV,1.04
2019,PER_100000_POP,KZYUZ,,F,KZYUZ,3.25
2019,PER_100000_POP,KZVOS,,F,KZVOS,0.56
2019,PER_100000_POP,KZNS,,F,KZNS,0.17
2019,PER_100000_POP,KZALA,,F,KZALA,0.29
2019,PER_100000_POP,KZSHY,,F,KZSHY,3.01
2019,PER_100000_POP,,U,F,,1.68
2019,PER_100000_POP,KZAKM,U,F,KZAKM,1.63
2019,PER_100000_POP,KZAKT,U,F,KZAKT,0.0
2019,PER_100000_POP,KZALM,U,F,KZALM,0.0
2019,PER_100000_POP,KZATY,U,F,KZATY,0.0
2019,PER_100000_POP,KZZAP,U,F,KZZAP,4.39
2019,PER_100000_POP,KZZHA,U,F,KZZHA,0.43
2019,PER_100000_POP,KZKAR,U,F,KZKAR,1.03
2019,PER_100000_POP,KZKUS,U,F,KZKUS,1.11
2019,PER_100000_POP,KZKZY,U,F,KZKZY,0.0
2019,PER_100000_POP,KZMAN,U,F,KZMAN,0.0
2019,PER_100000_POP,KZPAV,U,F,KZPAV,16.08
2019,PER_100000_POP,KZSEV,U,F,KZSEV,2.18
2019,PER_100000_POP,KZYUZ,U,F,KZYUZ,1.52
2019,PER_100000_POP,KZVOS,U,F,KZVOS,0.66
2019,PER_100000_POP,KZNS,U,F,KZNS,0.17
2019,PER_100000_POP,KZALA,U,F,KZALA,0.29
2019,PER_100000_POP,KZSHY,U,F,KZSHY,3.01
2019,PER_100000_POP,,R,F,,1.21
2019,PER_100000_POP,KZAKM,R,F,KZAKM,1.02
2019,PER_100000_POP,KZAKT,R,F,KZAKT,0.0
2019,PER_100000_POP,KZALM,R,F,KZALM,0.25
2019,PER_100000_POP,KZATY,R,F,KZATY,0.0
2019,PER_100000_POP,KZZAP,R,F,KZZAP,3.23
2019,PER_100000_POP,KZZHA,R,F,KZZHA,0.59
2019,PER_100000_POP,KZKAR,R,F,KZKAR,0.72
2019,PER_100000_POP,KZKUS,R,F,KZKUS,0.0
2019,PER_100000_POP,KZKZY,R,F,KZKZY,0.0
2019,PER_100000_POP,KZMAN,R,F,KZMAN,0.96
2019,PER_100000_POP,KZPAV,R,F,KZPAV,1.81
2019,PER_100000_POP,KZSEV,R,F,KZSEV,0.0
2019,PER_100000_POP,KZYUZ,R,F,KZYUZ,3.68
2019,PER_100000_POP,KZVOS,R,F,KZVOS,0.38
