Year,UNIT_MEASURE,REF_AREA,URBANISATION,SEX,Value
2010,PER_100000_POP,,,,0.78
2010,PER_100000_POP,KZAKM,,,0.14
2010,PER_100000_POP,KZAKT,,,0.39
2010,PER_100000_POP,KZALM,,,0.97
2010,PER_100000_POP,KZATY,,,0.19
2010,PER_100000_POP,KZZAP,,,0.16
2010,PER_100000_POP,KZZHA,,,0.48
2010,PER_100000_POP,KZKAR,,,0.67
2010,PER_100000_POP,KZKUS,,,0.23
2010,PER_100000_POP,KZKZY,,,2.45
2010,PER_100000_POP,KZMAN,,,0.39
2010,PER_100000_POP,KZONT,,,1.97
2010,PER_100000_POP,KZPAV,,,0.4
2010,PER_100000_POP,KZSEV,,,0.17
2010,PER_100000_POP,KZVOS,,,0.57
2010,PER_100000_POP,KZNS,,,0.45
2010,PER_100000_POP,KZALA,,,0.21
2010,PER_100000_POP,,U,,0.63
2010,PER_100000_POP,KZAKM,U,,0.0
2010,PER_100000_POP,KZAKT,U,,0.42
2010,PER_100000_POP,KZALM,U,,0.23
2010,PER_100000_POP,KZATY,U,,0.4
2010,PER_100000_POP,KZZAP,U,,0.0
2010,PER_100000_POP,KZZHA,U,,0.47
2010,PER_100000_POP,KZKAR,U,,0.57
2010,PER_100000_POP,KZKUS,U,,0.0
2010,PER_100000_POP,KZKZY,U,,1.02
2010,PER_100000_POP,KZMAN,U,,0.73
2010,PER_100000_POP,KZONT,U,,2.5
2010,PER_100000_POP,KZPAV,U,,0.39
2010,PER_100000_POP,KZSEV,U,,0.0
2010,PER_100000_POP,KZVOS,U,,0.74
2010,PER_100000_POP,KZNS,U,,0.45
2010,PER_100000_POP,KZALA,U,,0.21
2010,PER_100000_POP,,R,,0.96
2010,PER_100000_POP,KZAKM,R,,0.26
2010,PER_100000_POP,KZAKT,R,,0.33
2010,PER_100000_POP,KZALM,R,,1.2
2010,PER_100000_POP,KZATY,R,,0.0
2010,PER_100000_POP,KZZAP,R,,0.31
2010,PER_100000_POP,KZZHA,R,,0.48
2010,PER_100000_POP,KZKAR,R,,1.01
2010,PER_100000_POP,KZKUS,R,,0.45
2010,PER_100000_POP,KZKZY,R,,3.49
2010,PER_100000_POP,KZMAN,R,,0.0
2010,PER_100000_POP,KZONT,R,,1.62
2010,PER_100000_POP,KZPAV,R,,0.43
2010,PER_100000_POP,KZSEV,R,,0.28
2010,PER_100000_POP,KZVOS,R,,0.34
2010,PER_100000_POP,,,M,0.92
2010,PER_100000_POP,KZAKM,,M,0.28
2010,PER_100000_POP,KZAKT,,M,0.54
2010,PER_100000_POP,KZALM,,M,0.88
2010,PER_100000_POP,KZATY,,M,0.0
2010,PER_100000_POP,KZZAP,,M,0.0
2010,PER_100000_POP,KZZHA,,M,0.59
2010,PER_100000_POP,KZKAR,,M,1.1
2010,PER_100000_POP,KZKUS,,M,0.24
2010,PER_100000_POP,KZKZY,,M,2.31
2010,PER_100000_POP,KZMAN,,M,0.39
2010,PER_100000_POP,KZONT,,M,2.23
2010,PER_100000_POP,KZPAV,,M,0.57
2010,PER_100000_POP,KZSEV,,M,0.36
2010,PER_100000_POP,KZVOS,,M,1.05
2010,PER_100000_POP,KZNS,,M,0.31
2010,PER_100000_POP,KZALA,,M,0.31
2010,PER_100000_POP,,U,M,0.86
2010,PER_100000_POP,KZAKM,U,M,0.0
2010,PER_100000_POP,KZAKT,U,M,0.45
2010,PER_100000_POP,KZALM,U,M,0.0
2010,PER_100000_POP,KZATY,U,M,0.0
2010,PER_100000_POP,KZZAP,U,M,0.0
2010,PER_100000_POP,KZZHA,U,M,0.5
2010,PER_100000_POP,KZKAR,U,M,1.23
2010,PER_100000_POP,KZKUS,U,M,0.0
2010,PER_100000_POP,KZKZY,U,M,2.11
2010,PER_100000_POP,KZMAN,U,M,0.76
2010,PER_100000_POP,KZONT,U,M,3.13
2010,PER_100000_POP,KZPAV,U,M,0.43
2010,PER_100000_POP,KZSEV,U,M,0.0
2010,PER_100000_POP,KZVOS,U,M,1.35
2010,PER_100000_POP,KZNS,U,M,0.31
2010,PER_100000_POP,KZALA,U,M,0.31
2010,PER_100000_POP,,R,M,0.97
2010,PER_100000_POP,KZAKM,R,M,0.52
2010,PER_100000_POP,KZAKT,R,M,0.67
2010,PER_100000_POP,KZALM,R,M,1.14
2010,PER_100000_POP,KZATY,R,M,0.0
2010,PER_100000_POP,KZZAP,R,M,0.0
2010,PER_100000_POP,KZZHA,R,M,0.65
2010,PER_100000_POP,KZKAR,R,M,0.67
2010,PER_100000_POP,KZKUS,R,M,0.47
2010,PER_100000_POP,KZKZY,R,M,2.45
2010,PER_100000_POP,KZMAN,R,M,0.0
2010,PER_100000_POP,KZONT,R,M,1.68
2010,PER_100000_POP,KZPAV,R,M,0.86
2010,PER_100000_POP,KZSEV,R,M,0.58
2010,PER_100000_POP,KZVOS,R,M,0.68
2010,PER_100000_POP,,,F,0.65
2010,PER_100000_POP,KZAKM,,F,0.0
2010,PER_100000_POP,KZAKT,,F,0.25
2010,PER_100000_POP,KZALM,,F,1.06
2010,PER_100000_POP,KZATY,,F,0.37
2010,PER_100000_POP,KZZAP,,F,0.32
2010,PER_100000_POP,KZZHA,,F,0.37
2010,PER_100000_POP,KZKAR,,F,0.28
2010,PER_100000_POP,KZKUS,,F,0.21
2010,PER_100000_POP,KZKZY,,F,2.58
2010,PER_100000_POP,KZMAN,,F,0.39
2010,PER_100000_POP,KZONT,,F,1.71
2010,PER_100000_POP,KZPAV,,F,0.25
2010,PER_100000_POP,KZSEV,,F,0.0
2010,PER_100000_POP,KZVOS,,F,0.14
2010,PER_100000_POP,KZNS,,F,0.58
2010,PER_100000_POP,KZALA,,F,0.13
2010,PER_100000_POP,,U,F,0.42
2010,PER_100000_POP,KZAKM,U,F,0.0
2010,PER_100000_POP,KZAKT,U,F,0.4
2010,PER_100000_POP,KZALM,U,F,0.44
2010,PER_100000_POP,KZATY,U,F,0.76
2010,PER_100000_POP,KZZAP,U,F,0.0
2010,PER_100000_POP,KZZHA,U,F,0.45
2010,PER_100000_POP,KZKAR,U,F,0.0
2010,PER_100000_POP,KZKUS,U,F,0.0
2010,PER_100000_POP,KZKZY,U,F,0.0
2010,PER_100000_POP,KZMAN,U,F,0.71
2010,PER_100000_POP,KZONT,U,F,1.93
2010,PER_100000_POP,KZPAV,U,F,0.36
2010,PER_100000_POP,KZSEV,U,F,0.0
2010,PER_100000_POP,KZVOS,U,F,0.23
2010,PER_100000_POP,KZNS,U,F,0.58
2010,PER_100000_POP,KZALA,U,F,0.13
2010,PER_100000_POP,,R,F,0.94
2010,PER_100000_POP,KZAKM,R,F,0.0
2010,PER_100000_POP,KZAKT,R,F,0.0
2010,PER_100000_POP,KZALM,R,F,1.26
2010,PER_100000_POP,KZATY,R,F,0.0
2010,PER_100000_POP,KZZAP,R,F,0.63
2010,PER_100000_POP,KZZHA,R,F,0.32
2010,PER_100000_POP,KZKAR,R,F,1.35
2010,PER_100000_POP,KZKUS,R,F,0.44
2010,PER_100000_POP,KZKZY,R,F,4.55
2010,PER_100000_POP,KZMAN,R,F,0.0
2010,PER_100000_POP,KZONT,R,F,1.57
2010,PER_100000_POP,KZPAV,R,F,0.0
2010,PER_100000_POP,KZSEV,R,F,0.0
2010,PER_100000_POP,KZVOS,R,F,0.0
2011,PER_100000_POP,,,,1.08
2011,PER_100000_POP,KZAKM,,,0.27
2011,PER_100000_POP,KZAKT,,,0.38
2011,PER_100000_POP,KZALM,,,2.49
2011,PER_100000_POP,KZATY,,,0.37
2011,PER_100000_POP,KZZAP,,,0.16
2011,PER_100000_POP,KZZHA,,,1.43
2011,PER_100000_POP,KZKAR,,,0.89
2011,PER_100000_POP,KZKUS,,,0.0
2011,PER_100000_POP,KZKZY,,,1.84
2011,PER_100000_POP,KZMAN,,,0.75
2011,PER_100000_POP,KZONT,,,1.31
2011,PER_100000_POP,KZPAV,,,0.27
2011,PER_100000_POP,KZSEV,,,0.34
2011,PER_100000_POP,KZVOS,,,2.72
2011,PER_100000_POP,KZNS,,,0.14
2011,PER_100000_POP,KZALA,,,0.14
2011,PER_100000_POP,,U,,1.07
2011,PER_100000_POP,KZAKM,U,,0.29
2011,PER_100000_POP,KZAKT,U,,0.62
2011,PER_100000_POP,KZALM,U,,5.21
2011,PER_100000_POP,KZATY,U,,0.39
2011,PER_100000_POP,KZZAP,U,,0.0
2011,PER_100000_POP,KZZHA,U,,1.66
2011,PER_100000_POP,KZKAR,U,,0.57
2011,PER_100000_POP,KZKUS,U,,0.0
2011,PER_100000_POP,KZKZY,U,,1.0
2011,PER_100000_POP,KZMAN,U,,0.36
2011,PER_100000_POP,KZONT,U,,2.66
2011,PER_100000_POP,KZPAV,U,,0.39
2011,PER_100000_POP,KZSEV,U,,0.0
2011,PER_100000_POP,KZVOS,U,,2.47
2011,PER_100000_POP,KZNS,U,,0.14
2011,PER_100000_POP,KZALA,U,,0.14
2011,PER_100000_POP,,R,,1.08
2011,PER_100000_POP,KZAKM,R,,0.26
2011,PER_100000_POP,KZAKT,R,,0.0
2011,PER_100000_POP,KZALM,R,,1.66
2011,PER_100000_POP,KZATY,R,,0.36
2011,PER_100000_POP,KZZAP,R,,0.32
2011,PER_100000_POP,KZZHA,R,,1.27
2011,PER_100000_POP,KZKAR,R,,2.03
2011,PER_100000_POP,KZKUS,R,,0.0
2011,PER_100000_POP,KZKZY,R,,2.45
2011,PER_100000_POP,KZMAN,R,,1.17
2011,PER_100000_POP,KZONT,R,,0.44
2011,PER_100000_POP,KZPAV,R,,0.0
2011,PER_100000_POP,KZSEV,R,,0.57
2011,PER_100000_POP,KZVOS,R,,3.07
2011,PER_100000_POP,,,M,1.05
2011,PER_100000_POP,KZAKM,,M,0.57
2011,PER_100000_POP,KZAKT,,M,0.53
2011,PER_100000_POP,KZALM,,M,2.26
2011,PER_100000_POP,KZATY,,M,0.38
2011,PER_100000_POP,KZZAP,,M,0.0
2011,PER_100000_POP,KZZHA,,M,1.36
2011,PER_100000_POP,KZKAR,,M,0.63
2011,PER_100000_POP,KZKUS,,M,0.0
2011,PER_100000_POP,KZKZY,,M,2.27
2011,PER_100000_POP,KZMAN,,M,1.13
2011,PER_100000_POP,KZONT,,M,1.79
2011,PER_100000_POP,KZPAV,,M,0.28
2011,PER_100000_POP,KZSEV,,M,0.36
2011,PER_100000_POP,KZVOS,,M,1.51
2011,PER_100000_POP,KZNS,,M,0.0
2011,PER_100000_POP,KZALA,,M,0.15
2011,PER_100000_POP,,U,M,1.13
2011,PER_100000_POP,KZAKM,U,M,0.63
2011,PER_100000_POP,KZAKT,U,M,0.88
2011,PER_100000_POP,KZALM,U,M,4.77
2011,PER_100000_POP,KZATY,U,M,0.0
2011,PER_100000_POP,KZZAP,U,M,0.0
2011,PER_100000_POP,KZZHA,U,M,2.01
2011,PER_100000_POP,KZKAR,U,M,0.41
2011,PER_100000_POP,KZKUS,U,M,0.0
2011,PER_100000_POP,KZKZY,U,M,0.69
2011,PER_100000_POP,KZMAN,U,M,0.0
2011,PER_100000_POP,KZONT,U,M,3.88
2011,PER_100000_POP,KZPAV,U,M,0.42
2011,PER_100000_POP,KZSEV,U,M,0.0
2011,PER_100000_POP,KZVOS,U,M,1.88
2011,PER_100000_POP,KZNS,U,M,0.0
2011,PER_100000_POP,KZALA,U,M,0.15
2011,PER_100000_POP,,R,M,0.96
2011,PER_100000_POP,KZAKM,R,M,0.52
2011,PER_100000_POP,KZAKT,R,M,0.0
2011,PER_100000_POP,KZALM,R,M,1.53
2011,PER_100000_POP,KZATY,R,M,0.71
2011,PER_100000_POP,KZZAP,R,M,0.0
2011,PER_100000_POP,KZZHA,R,M,0.95
2011,PER_100000_POP,KZKAR,R,M,1.35
2011,PER_100000_POP,KZKUS,R,M,0.0
2011,PER_100000_POP,KZKZY,R,M,3.38
2011,PER_100000_POP,KZMAN,R,M,2.31
2011,PER_100000_POP,KZONT,R,M,0.5
2011,PER_100000_POP,KZPAV,R,M,0.0
2011,PER_100000_POP,KZSEV,R,M,0.58
2011,PER_100000_POP,KZVOS,R,M,1.03
2011,PER_100000_POP,,,F,1.1
2011,PER_100000_POP,KZAKM,,F,0.0
2011,PER_100000_POP,KZAKT,,F,0.25
2011,PER_100000_POP,KZALM,,F,2.7
2011,PER_100000_POP,KZATY,,F,0.36
2011,PER_100000_POP,KZZAP,,F,0.32
2011,PER_100000_POP,KZZHA,,F,1.49
2011,PER_100000_POP,KZKAR,,F,1.12
2011,PER_100000_POP,KZKUS,,F,0.0
2011,PER_100000_POP,KZKZY,,F,1.41
2011,PER_100000_POP,KZMAN,,F,0.37
2011,PER_100000_POP,KZONT,,F,0.84
2011,PER_100000_POP,KZPAV,,F,0.25
2011,PER_100000_POP,KZSEV,,F,0.33
2011,PER_100000_POP,KZVOS,,F,3.82
2011,PER_100000_POP,KZNS,,F,0.27
2011,PER_100000_POP,KZALA,,F,0.13
2011,PER_100000_POP,,U,F,1.02
2011,PER_100000_POP,KZAKM,U,F,0.0
2011,PER_100000_POP,KZAKT,U,F,0.39
2011,PER_100000_POP,KZALM,U,F,5.61
2011,PER_100000_POP,KZATY,U,F,0.74
2011,PER_100000_POP,KZZAP,U,F,0.0
2011,PER_100000_POP,KZZHA,U,F,1.34
2011,PER_100000_POP,KZKAR,U,F,0.7
2011,PER_100000_POP,KZKUS,U,F,0.0
2011,PER_100000_POP,KZKZY,U,F,1.3
2011,PER_100000_POP,KZMAN,U,F,0.7
2011,PER_100000_POP,KZONT,U,F,1.52
2011,PER_100000_POP,KZPAV,U,F,0.36
2011,PER_100000_POP,KZSEV,U,F,0.0
2011,PER_100000_POP,KZVOS,U,F,2.97
2011,PER_100000_POP,KZNS,U,F,0.27
2011,PER_100000_POP,KZALA,U,F,0.13
2011,PER_100000_POP,,R,F,1.2
2011,PER_100000_POP,KZAKM,R,F,0.0
2011,PER_100000_POP,KZAKT,R,F,0.0
2011,PER_100000_POP,KZALM,R,F,1.78
2011,PER_100000_POP,KZATY,R,F,0.0
2011,PER_100000_POP,KZZAP,R,F,0.63
2011,PER_100000_POP,KZZHA,R,F,1.59
2011,PER_100000_POP,KZKAR,R,F,2.72
2011,PER_100000_POP,KZKUS,R,F,0.0
2011,PER_100000_POP,KZKZY,R,F,1.49
2011,PER_100000_POP,KZMAN,R,F,0.0
2011,PER_100000_POP,KZONT,R,F,0.38
2011,PER_100000_POP,KZPAV,R,F,0.0
2011,PER_100000_POP,KZSEV,R,F,0.57
2011,PER_100000_POP,KZVOS,R,F,5.08
2012,PER_100000_POP,,,,0.58
2012,PER_100000_POP,KZAKM,,,0.55
2012,PER_100000_POP,KZAKT,,,0.13
2012,PER_100000_POP,KZALM,,,0.21
2012,PER_100000_POP,KZATY,,,0.91
2012,PER_100000_POP,KZZAP,,,0.65
2012,PER_100000_POP,KZZHA,,,0.66
2012,PER_100000_POP,KZKAR,,,1.4
2012,PER_100000_POP,KZKUS,,,0.34
2012,PER_100000_POP,KZKZY,,,0.28
2012,PER_100000_POP,KZMAN,,,0.54
2012,PER_100000_POP,KZONT,,,1.13
2012,PER_100000_POP,KZPAV,,,0.13
2012,PER_100000_POP,KZSEV,,,0.0
2012,PER_100000_POP,KZVOS,,,0.57
2012,PER_100000_POP,KZNS,,,0.26
2012,PER_100000_POP,KZALA,,,0.27
2012,PER_100000_POP,,U,,0.52
2012,PER_100000_POP,KZAKM,U,,0.29
2012,PER_100000_POP,KZAKT,U,,0.0
2012,PER_100000_POP,KZALM,U,,0.0
2012,PER_100000_POP,KZATY,U,,1.51
2012,PER_100000_POP,KZZAP,U,,0.0
2012,PER_100000_POP,KZZHA,U,,0.47
2012,PER_100000_POP,KZKAR,U,,0.75
2012,PER_100000_POP,KZKUS,U,,0.22
2012,PER_100000_POP,KZKZY,U,,0.33
2012,PER_100000_POP,KZMAN,U,,0.35
2012,PER_100000_POP,KZONT,U,,1.93
2012,PER_100000_POP,KZPAV,U,,0.19
2012,PER_100000_POP,KZSEV,U,,0.0
2012,PER_100000_POP,KZVOS,U,,0.37
2012,PER_100000_POP,KZNS,U,,0.26
2012,PER_100000_POP,KZALA,U,,0.27
2012,PER_100000_POP,,R,,0.65
2012,PER_100000_POP,KZAKM,R,,0.77
2012,PER_100000_POP,KZAKT,R,,0.33
2012,PER_100000_POP,KZALM,R,,0.27
2012,PER_100000_POP,KZATY,R,,0.35
2012,PER_100000_POP,KZZAP,R,,1.27
2012,PER_100000_POP,KZZHA,R,,0.78
2012,PER_100000_POP,KZKAR,R,,3.73
2012,PER_100000_POP,KZKUS,R,,0.46
2012,PER_100000_POP,KZKZY,R,,0.24
2012,PER_100000_POP,KZMAN,R,,0.74
2012,PER_100000_POP,KZONT,R,,0.62
2012,PER_100000_POP,KZPAV,R,,0.0
2012,PER_100000_POP,KZSEV,R,,0.0
2012,PER_100000_POP,KZVOS,R,,0.86
2012,PER_100000_POP,,,M,0.59
2012,PER_100000_POP,KZAKM,,M,0.57
2012,PER_100000_POP,KZAKT,,M,0.26
2012,PER_100000_POP,KZALM,,M,0.11
2012,PER_100000_POP,KZATY,,M,0.0
2012,PER_100000_POP,KZZAP,,M,1.35
2012,PER_100000_POP,KZZHA,,M,0.58
2012,PER_100000_POP,KZKAR,,M,1.25
2012,PER_100000_POP,KZKUS,,M,0.0
2012,PER_100000_POP,KZKZY,,M,0.28
2012,PER_100000_POP,KZMAN,,M,0.72
2012,PER_100000_POP,KZONT,,M,1.22
2012,PER_100000_POP,KZPAV,,M,0.0
2012,PER_100000_POP,KZSEV,,M,0.0
2012,PER_100000_POP,KZVOS,,M,0.75
2012,PER_100000_POP,KZNS,,M,0.54
2012,PER_100000_POP,KZALA,,M,0.45
2012,PER_100000_POP,,U,M,0.65
2012,PER_100000_POP,KZAKM,U,M,0.0
2012,PER_100000_POP,KZAKT,U,M,0.0
2012,PER_100000_POP,KZALM,U,M,0.0
2012,PER_100000_POP,KZATY,U,M,0.0
2012,PER_100000_POP,KZZAP,U,M,0.0
2012,PER_100000_POP,KZZHA,U,M,0.0
2012,PER_100000_POP,KZKAR,U,M,1.01
2012,PER_100000_POP,KZKUS,U,M,0.0
2012,PER_100000_POP,KZKZY,U,M,0.67
2012,PER_100000_POP,KZMAN,U,M,0.72
2012,PER_100000_POP,KZONT,U,M,2.6
2012,PER_100000_POP,KZPAV,U,M,0.0
2012,PER_100000_POP,KZSEV,U,M,0.0
2012,PER_100000_POP,KZVOS,U,M,0.8
2012,PER_100000_POP,KZNS,U,M,0.54
2012,PER_100000_POP,KZALA,U,M,0.45
2012,PER_100000_POP,,R,M,0.53
2012,PER_100000_POP,KZAKM,R,M,1.04
2012,PER_100000_POP,KZAKT,R,M,0.66
2012,PER_100000_POP,KZALM,R,M,0.14
2012,PER_100000_POP,KZATY,R,M,0.0
2012,PER_100000_POP,KZZAP,R,M,2.53
2012,PER_100000_POP,KZZHA,R,M,0.94
2012,PER_100000_POP,KZKAR,R,M,2.03
2012,PER_100000_POP,KZKUS,R,M,0.0
2012,PER_100000_POP,KZKZY,R,M,0.0
2012,PER_100000_POP,KZMAN,R,M,0.73
2012,PER_100000_POP,KZONT,R,M,0.37
2012,PER_100000_POP,KZPAV,R,M,0.0
2012,PER_100000_POP,KZSEV,R,M,0.0
2012,PER_100000_POP,KZVOS,R,M,0.69
2012,PER_100000_POP,,,F,0.56
2012,PER_100000_POP,KZAKM,,F,0.53
2012,PER_100000_POP,KZAKT,,F,0.0
2012,PER_100000_POP,KZALM,,F,0.31
2012,PER_100000_POP,KZATY,,F,1.79
2012,PER_100000_POP,KZZAP,,F,0.0
2012,PER_100000_POP,KZZHA,,F,0.74
2012,PER_100000_POP,KZKAR,,F,1.53
2012,PER_100000_POP,KZKUS,,F,0.65
2012,PER_100000_POP,KZKZY,,F,0.28
2012,PER_100000_POP,KZMAN,,F,0.36
2012,PER_100000_POP,KZONT,,F,1.05
2012,PER_100000_POP,KZPAV,,F,0.25
2012,PER_100000_POP,KZSEV,,F,0.0
2012,PER_100000_POP,KZVOS,,F,0.41
2012,PER_100000_POP,KZNS,,F,0.0
2012,PER_100000_POP,KZALA,,F,0.13
2012,PER_100000_POP,,U,F,0.41
2012,PER_100000_POP,KZAKM,U,F,0.55
2012,PER_100000_POP,KZAKT,U,F,0.0
2012,PER_100000_POP,KZALM,U,F,0.0
2012,PER_100000_POP,KZATY,U,F,2.89
2012,PER_100000_POP,KZZAP,U,F,0.0
2012,PER_100000_POP,KZZHA,U,F,0.89
2012,PER_100000_POP,KZKAR,U,F,0.53
2012,PER_100000_POP,KZKUS,U,F,0.41
2012,PER_100000_POP,KZKZY,U,F,0.0
2012,PER_100000_POP,KZMAN,U,F,0.0
2012,PER_100000_POP,KZONT,U,F,1.3
2012,PER_100000_POP,KZPAV,U,F,0.36
2012,PER_100000_POP,KZSEV,U,F,0.0
2012,PER_100000_POP,KZVOS,U,F,0.0
2012,PER_100000_POP,KZNS,U,F,0.0
2012,PER_100000_POP,KZALA,U,F,0.13
2012,PER_100000_POP,,R,F,0.76
2012,PER_100000_POP,KZAKM,R,F,0.51
2012,PER_100000_POP,KZAKT,R,F,0.0
2012,PER_100000_POP,KZALM,R,F,0.4
2012,PER_100000_POP,KZATY,R,F,0.71
2012,PER_100000_POP,KZZAP,R,F,0.0
2012,PER_100000_POP,KZZHA,R,F,0.63
2012,PER_100000_POP,KZKAR,R,F,5.46
2012,PER_100000_POP,KZKUS,R,F,0.91
2012,PER_100000_POP,KZKZY,R,F,0.49
2012,PER_100000_POP,KZMAN,R,F,0.74
2012,PER_100000_POP,KZONT,R,F,0.88
2012,PER_100000_POP,KZPAV,R,F,0.0
2012,PER_100000_POP,KZSEV,R,F,0.0
2012,PER_100000_POP,KZVOS,R,F,1.03
2013,PER_100000_POP,,,,0.66
2013,PER_100000_POP,KZAKM,,,0.68
2013,PER_100000_POP,KZAKT,,,0.12
2013,PER_100000_POP,KZALM,,,0.15
2013,PER_100000_POP,KZATY,,,0.36
2013,PER_100000_POP,KZZAP,,,0.48
2013,PER_100000_POP,KZZHA,,,0.37
2013,PER_100000_POP,KZKAR,,,0.51
2013,PER_100000_POP,KZKUS,,,0.34
2013,PER_100000_POP,KZKZY,,,0.27
2013,PER_100000_POP,KZMAN,,,0.17
2013,PER_100000_POP,KZONT,,,1.03
2013,PER_100000_POP,KZPAV,,,0.27
2013,PER_100000_POP,KZSEV,,,0.17
2013,PER_100000_POP,KZVOS,,,3.01
2013,PER_100000_POP,KZNS,,,0.63
2013,PER_100000_POP,KZALA,,,0.2
2013,PER_100000_POP,,U,,0.63
2013,PER_100000_POP,KZAKM,U,,0.87
2013,PER_100000_POP,KZAKT,U,,0.2
2013,PER_100000_POP,KZALM,U,,0.44
2013,PER_100000_POP,KZATY,U,,0.37
2013,PER_100000_POP,KZZAP,U,,0.33
2013,PER_100000_POP,KZZHA,U,,0.23
2013,PER_100000_POP,KZKAR,U,,0.37
2013,PER_100000_POP,KZKUS,U,,0.22
2013,PER_100000_POP,KZKZY,U,,0.0
2013,PER_100000_POP,KZMAN,U,,0.34
2013,PER_100000_POP,KZONT,U,,1.42
2013,PER_100000_POP,KZPAV,U,,0.38
2013,PER_100000_POP,KZSEV,U,,0.0
2013,PER_100000_POP,KZVOS,U,,2.32
2013,PER_100000_POP,KZNS,U,,0.63
2013,PER_100000_POP,KZALA,U,,0.2
2013,PER_100000_POP,,R,,0.69
2013,PER_100000_POP,KZAKM,R,,0.51
2013,PER_100000_POP,KZAKT,R,,0.0
2013,PER_100000_POP,KZALM,R,,0.07
2013,PER_100000_POP,KZATY,R,,0.34
2013,PER_100000_POP,KZZAP,R,,0.63
2013,PER_100000_POP,KZZHA,R,,0.47
2013,PER_100000_POP,KZKAR,R,,1.02
2013,PER_100000_POP,KZKUS,R,,0.47
2013,PER_100000_POP,KZKZY,R,,0.48
2013,PER_100000_POP,KZMAN,R,,0.0
2013,PER_100000_POP,KZONT,R,,0.79
2013,PER_100000_POP,KZPAV,R,,0.0
2013,PER_100000_POP,KZSEV,R,,0.3
2013,PER_100000_POP,KZVOS,R,,4.0
2013,PER_100000_POP,,,M,0.74
2013,PER_100000_POP,KZAKM,,M,0.85
2013,PER_100000_POP,KZAKT,,M,0.26
2013,PER_100000_POP,KZALM,,M,0.31
2013,PER_100000_POP,KZATY,,M,0.0
2013,PER_100000_POP,KZZAP,,M,0.33
2013,PER_100000_POP,KZZHA,,M,0.38
2013,PER_100000_POP,KZKAR,,M,0.15
2013,PER_100000_POP,KZKUS,,M,0.48
2013,PER_100000_POP,KZKZY,,M,0.55
2013,PER_100000_POP,KZMAN,,M,0.0
2013,PER_100000_POP,KZONT,,M,1.19
2013,PER_100000_POP,KZPAV,,M,0.57
2013,PER_100000_POP,KZSEV,,M,0.36
2013,PER_100000_POP,KZVOS,,M,3.32
2013,PER_100000_POP,KZNS,,M,0.78
2013,PER_100000_POP,KZALA,,M,0.29
2013,PER_100000_POP,,U,M,0.8
2013,PER_100000_POP,KZAKM,U,M,1.24
2013,PER_100000_POP,KZAKT,U,M,0.43
2013,PER_100000_POP,KZALM,U,M,0.92
2013,PER_100000_POP,KZATY,U,M,0.0
2013,PER_100000_POP,KZZAP,U,M,0.71
2013,PER_100000_POP,KZZHA,U,M,0.49
2013,PER_100000_POP,KZKAR,U,M,0.0
2013,PER_100000_POP,KZKUS,U,M,0.48
2013,PER_100000_POP,KZKZY,U,M,0.0
2013,PER_100000_POP,KZMAN,U,M,0.0
2013,PER_100000_POP,KZONT,U,M,1.96
2013,PER_100000_POP,KZPAV,U,M,0.83
2013,PER_100000_POP,KZSEV,U,M,0.0
2013,PER_100000_POP,KZVOS,U,M,2.65
2013,PER_100000_POP,KZNS,U,M,0.78
2013,PER_100000_POP,KZALA,U,M,0.29
2013,PER_100000_POP,,R,M,0.68
2013,PER_100000_POP,KZAKM,R,M,0.52
2013,PER_100000_POP,KZAKT,R,M,0.0
2013,PER_100000_POP,KZALM,R,M,0.13
2013,PER_100000_POP,KZATY,R,M,0.0
2013,PER_100000_POP,KZZAP,R,M,0.0
2013,PER_100000_POP,KZZHA,R,M,0.31
2013,PER_100000_POP,KZKAR,R,M,0.68
2013,PER_100000_POP,KZKUS,R,M,0.48
2013,PER_100000_POP,KZKZY,R,M,0.94
2013,PER_100000_POP,KZMAN,R,M,0.0
2013,PER_100000_POP,KZONT,R,M,0.72
2013,PER_100000_POP,KZPAV,R,M,0.0
2013,PER_100000_POP,KZSEV,R,M,0.6
2013,PER_100000_POP,KZVOS,R,M,4.19
2013,PER_100000_POP,,,F,0.58
2013,PER_100000_POP,KZAKM,,F,0.53
2013,PER_100000_POP,KZAKT,,F,0.0
2013,PER_100000_POP,KZALM,,F,0.0
2013,PER_100000_POP,KZATY,,F,0.7
2013,PER_100000_POP,KZZAP,,F,0.62
2013,PER_100000_POP,KZZHA,,F,0.36
2013,PER_100000_POP,KZKAR,,F,0.83
2013,PER_100000_POP,KZKUS,,F,0.22
2013,PER_100000_POP,KZKZY,,F,0.0
2013,PER_100000_POP,KZMAN,,F,0.34
2013,PER_100000_POP,KZONT,,F,0.88
2013,PER_100000_POP,KZPAV,,F,0.0
2013,PER_100000_POP,KZSEV,,F,0.0
2013,PER_100000_POP,KZVOS,,F,2.74
2013,PER_100000_POP,KZNS,,F,0.49
2013,PER_100000_POP,KZALA,,F,0.12
2013,PER_100000_POP,,U,F,0.48
2013,PER_100000_POP,KZAKM,U,F,0.54
2013,PER_100000_POP,KZAKT,U,F,0.0
2013,PER_100000_POP,KZALM,U,F,0.0
2013,PER_100000_POP,KZATY,U,F,0.72
2013,PER_100000_POP,KZZAP,U,F,0.0
2013,PER_100000_POP,KZZHA,U,F,0.0
2013,PER_100000_POP,KZKAR,U,F,0.7
2013,PER_100000_POP,KZKUS,U,F,0.0
2013,PER_100000_POP,KZKZY,U,F,0.0
2013,PER_100000_POP,KZMAN,U,F,0.67
2013,PER_100000_POP,KZONT,U,F,0.91
2013,PER_100000_POP,KZPAV,U,F,0.0
2013,PER_100000_POP,KZSEV,U,F,0.0
2013,PER_100000_POP,KZVOS,U,F,2.03
2013,PER_100000_POP,KZNS,U,F,0.49
2013,PER_100000_POP,KZALA,U,F,0.12
2013,PER_100000_POP,,R,F,0.7
2013,PER_100000_POP,KZAKM,R,F,0.51
2013,PER_100000_POP,KZAKT,R,F,0.0
2013,PER_100000_POP,KZALM,R,F,0.0
2013,PER_100000_POP,KZATY,R,F,0.68
2013,PER_100000_POP,KZZAP,R,F,1.27
2013,PER_100000_POP,KZZHA,R,F,0.62
2013,PER_100000_POP,KZKAR,R,F,1.37
2013,PER_100000_POP,KZKUS,R,F,0.46
2013,PER_100000_POP,KZKZY,R,F,0.0
2013,PER_100000_POP,KZMAN,R,F,0.0
2013,PER_100000_POP,KZONT,R,F,0.86
2013,PER_100000_POP,KZPAV,R,F,0.0
2013,PER_100000_POP,KZSEV,R,F,0.0
2013,PER_100000_POP,KZVOS,R,F,3.81
2014,PER_100000_POP,,,,0.57
2014,PER_100000_POP,KZAKM,,,0.41
2014,PER_100000_POP,KZAKT,,,0.12
2014,PER_100000_POP,KZALM,,,0.15
2014,PER_100000_POP,KZATY,,,0.35
2014,PER_100000_POP,KZZAP,,,0.8
2014,PER_100000_POP,KZZHA,,,0.27
2014,PER_100000_POP,KZKAR,,,0.73
2014,PER_100000_POP,KZKUS,,,0.23
2014,PER_100000_POP,KZKZY,,,0.13
2014,PER_100000_POP,KZMAN,,,0.67
2014,PER_100000_POP,KZONT,,,0.54
2014,PER_100000_POP,KZPAV,,,0.13
2014,PER_100000_POP,KZSEV,,,0.17
2014,PER_100000_POP,KZVOS,,,3.01
2014,PER_100000_POP,KZNS,,,0.48
2014,PER_100000_POP,KZALA,,,0.06
2014,PER_100000_POP,,U,,0.42
2014,PER_100000_POP,KZAKM,U,,0.86
2014,PER_100000_POP,KZAKT,U,,0.2
2014,PER_100000_POP,KZALM,U,,0.0
2014,PER_100000_POP,KZATY,U,,0.37
2014,PER_100000_POP,KZZAP,U,,0.0
2014,PER_100000_POP,KZZHA,U,,0.23
2014,PER_100000_POP,KZKAR,U,,0.37
2014,PER_100000_POP,KZKUS,U,,0.0
2014,PER_100000_POP,KZKZY,U,,0.0
2014,PER_100000_POP,KZMAN,U,,0.71
2014,PER_100000_POP,KZONT,U,,0.35
2014,PER_100000_POP,KZPAV,U,,0.19
2014,PER_100000_POP,KZSEV,U,,0.41
2014,PER_100000_POP,KZVOS,U,,2.06
2014,PER_100000_POP,KZNS,U,,0.48
2014,PER_100000_POP,KZALA,U,,0.06
2014,PER_100000_POP,,R,,0.76
2014,PER_100000_POP,KZAKM,R,,0.0
2014,PER_100000_POP,KZAKT,R,,0.0
2014,PER_100000_POP,KZALM,R,,0.2
2014,PER_100000_POP,KZATY,R,,0.33
2014,PER_100000_POP,KZZAP,R,,1.58
2014,PER_100000_POP,KZZHA,R,,0.31
2014,PER_100000_POP,KZKAR,R,,2.06
2014,PER_100000_POP,KZKUS,R,,0.47
2014,PER_100000_POP,KZKZY,R,,0.24
2014,PER_100000_POP,KZMAN,R,,0.63
2014,PER_100000_POP,KZONT,R,,0.69
2014,PER_100000_POP,KZPAV,R,,0.0
2014,PER_100000_POP,KZSEV,R,,0.0
2014,PER_100000_POP,KZVOS,R,,4.39
2014,PER_100000_POP,,,M,0.47
2014,PER_100000_POP,KZAKM,,M,0.56
2014,PER_100000_POP,KZAKT,,M,0.0
2014,PER_100000_POP,KZALM,,M,0.1
2014,PER_100000_POP,KZATY,,M,0.0
2014,PER_100000_POP,KZZAP,,M,0.66
2014,PER_100000_POP,KZZHA,,M,0.56
2014,PER_100000_POP,KZKAR,,M,0.31
2014,PER_100000_POP,KZKUS,,M,0.24
2014,PER_100000_POP,KZKZY,,M,0.27
2014,PER_100000_POP,KZMAN,,M,1.01
2014,PER_100000_POP,KZONT,,M,0.44
2014,PER_100000_POP,KZPAV,,M,0.28
2014,PER_100000_POP,KZSEV,,M,0.0
2014,PER_100000_POP,KZVOS,,M,2.11
2014,PER_100000_POP,KZNS,,M,0.5
2014,PER_100000_POP,KZALA,,M,0.14
2014,PER_100000_POP,,U,M,0.33
2014,PER_100000_POP,KZAKM,U,M,1.23
2014,PER_100000_POP,KZAKT,U,M,0.0
2014,PER_100000_POP,KZALM,U,M,0.0
2014,PER_100000_POP,KZATY,U,M,0.0
2014,PER_100000_POP,KZZAP,U,M,0.0
2014,PER_100000_POP,KZZHA,U,M,0.48
2014,PER_100000_POP,KZKAR,U,M,0.2
2014,PER_100000_POP,KZKUS,U,M,0.0
2014,PER_100000_POP,KZKZY,U,M,0.0
2014,PER_100000_POP,KZMAN,U,M,1.44
2014,PER_100000_POP,KZONT,U,M,0.18
2014,PER_100000_POP,KZPAV,U,M,0.41
2014,PER_100000_POP,KZSEV,U,M,0.0
2014,PER_100000_POP,KZVOS,U,M,1.05
2014,PER_100000_POP,KZNS,U,M,0.5
2014,PER_100000_POP,KZALA,U,M,0.14
2014,PER_100000_POP,,R,M,0.63
2014,PER_100000_POP,KZAKM,R,M,0.0
2014,PER_100000_POP,KZAKT,R,M,0.0
2014,PER_100000_POP,KZALM,R,M,0.14
2014,PER_100000_POP,KZATY,R,M,0.0
2014,PER_100000_POP,KZZAP,R,M,1.25
2014,PER_100000_POP,KZZHA,R,M,0.61
2014,PER_100000_POP,KZKAR,R,M,0.68
2014,PER_100000_POP,KZKUS,R,M,0.48
2014,PER_100000_POP,KZKZY,R,M,0.46
2014,PER_100000_POP,KZMAN,R,M,0.63
2014,PER_100000_POP,KZONT,R,M,0.62
2014,PER_100000_POP,KZPAV,R,M,0.0
2014,PER_100000_POP,KZSEV,R,M,0.0
2014,PER_100000_POP,KZVOS,R,M,3.52
2014,PER_100000_POP,,,F,0.66
2014,PER_100000_POP,KZAKM,,F,0.26
2014,PER_100000_POP,KZAKT,,F,0.24
2014,PER_100000_POP,KZALM,,F,0.2
2014,PER_100000_POP,KZATY,,F,0.68
2014,PER_100000_POP,KZZAP,,F,0.93
2014,PER_100000_POP,KZZHA,,F,0.0
2014,PER_100000_POP,KZKAR,,F,1.1
2014,PER_100000_POP,KZKUS,,F,0.22
2014,PER_100000_POP,KZKZY,,F,0.0
2014,PER_100000_POP,KZMAN,,F,0.33
2014,PER_100000_POP,KZONT,,F,0.65
2014,PER_100000_POP,KZPAV,,F,0.0
2014,PER_100000_POP,KZSEV,,F,0.33
2014,PER_100000_POP,KZVOS,,F,3.83
2014,PER_100000_POP,KZNS,,F,0.46
2014,PER_100000_POP,KZALA,,F,0.0
2014,PER_100000_POP,,U,F,0.49
2014,PER_100000_POP,KZAKM,U,F,0.54
2014,PER_100000_POP,KZAKT,U,F,0.38
2014,PER_100000_POP,KZALM,U,F,0.0
2014,PER_100000_POP,KZATY,U,F,0.71
2014,PER_100000_POP,KZZAP,U,F,0.0
2014,PER_100000_POP,KZZHA,U,F,0.0
2014,PER_100000_POP,KZKAR,U,F,0.52
2014,PER_100000_POP,KZKUS,U,F,0.0
2014,PER_100000_POP,KZKZY,U,F,0.0
2014,PER_100000_POP,KZMAN,U,F,0.0
2014,PER_100000_POP,KZONT,U,F,0.5
2014,PER_100000_POP,KZPAV,U,F,0.0
2014,PER_100000_POP,KZSEV,U,F,0.75
2014,PER_100000_POP,KZVOS,U,F,2.92
2014,PER_100000_POP,KZNS,U,F,0.46
2014,PER_100000_POP,KZALA,U,F,0.0
2014,PER_100000_POP,,R,F,0.89
2014,PER_100000_POP,KZAKM,R,F,0.0
2014,PER_100000_POP,KZAKT,R,F,0.0
2014,PER_100000_POP,KZALM,R,F,0.27
2014,PER_100000_POP,KZATY,R,F,0.66
2014,PER_100000_POP,KZZAP,R,F,1.9
2014,PER_100000_POP,KZZHA,R,F,0.0
2014,PER_100000_POP,KZKAR,R,F,3.46
2014,PER_100000_POP,KZKUS,R,F,0.46
2014,PER_100000_POP,KZKZY,R,F,0.0
2014,PER_100000_POP,KZMAN,R,F,0.63
2014,PER_100000_POP,KZONT,R,F,0.76
2014,PER_100000_POP,KZPAV,R,F,0.0
2014,PER_100000_POP,KZSEV,R,F,0.0
2014,PER_100000_POP,KZVOS,R,F,5.24
2015,PER_100000_POP,,,,0.67
2015,PER_100000_POP,KZAKM,,,0.41
2015,PER_100000_POP,KZAKT,,,0.12
2015,PER_100000_POP,KZALM,,,0.26
2015,PER_100000_POP,KZATY,,,0.85
2015,PER_100000_POP,KZZAP,,,0.79
2015,PER_100000_POP,KZZHA,,,0.18
2015,PER_100000_POP,KZKAR,,,1.23
2015,PER_100000_POP,KZKUS,,,0.11
2015,PER_100000_POP,KZKZY,,,0.4
2015,PER_100000_POP,KZMAN,,,0.49
2015,PER_100000_POP,KZONT,,,0.92
2015,PER_100000_POP,KZPAV,,,0.4
2015,PER_100000_POP,KZSEV,,,0.18
2015,PER_100000_POP,KZVOS,,,2.15
2015,PER_100000_POP,KZNS,,,1.28
2015,PER_100000_POP,KZALA,,,0.06
2015,PER_100000_POP,,U,,0.72
2015,PER_100000_POP,KZAKM,U,,0.29
2015,PER_100000_POP,KZAKT,U,,0.19
2015,PER_100000_POP,KZALM,U,,0.43
2015,PER_100000_POP,KZATY,U,,0.36
2015,PER_100000_POP,KZZAP,U,,0.64
2015,PER_100000_POP,KZZHA,U,,0.45
2015,PER_100000_POP,KZKAR,U,,0.92
2015,PER_100000_POP,KZKUS,U,,0.0
2015,PER_100000_POP,KZKZY,U,,0.61
2015,PER_100000_POP,KZMAN,U,,0.74
2015,PER_100000_POP,KZONT,U,,1.43
2015,PER_100000_POP,KZPAV,U,,0.0
2015,PER_100000_POP,KZSEV,U,,0.41
2015,PER_100000_POP,KZVOS,U,,2.16
2015,PER_100000_POP,KZNS,U,,1.28
2015,PER_100000_POP,KZALA,U,,0.06
2015,PER_100000_POP,,R,,0.59
2015,PER_100000_POP,KZAKM,R,,0.51
2015,PER_100000_POP,KZAKT,R,,0.0
2015,PER_100000_POP,KZALM,R,,0.2
2015,PER_100000_POP,KZATY,R,,1.29
2015,PER_100000_POP,KZZAP,R,,0.94
2015,PER_100000_POP,KZZHA,R,,0.0
2015,PER_100000_POP,KZKAR,R,,2.42
2015,PER_100000_POP,KZKUS,R,,0.24
2015,PER_100000_POP,KZKZY,R,,0.23
2015,PER_100000_POP,KZMAN,R,,0.29
2015,PER_100000_POP,KZONT,R,,0.52
2015,PER_100000_POP,KZPAV,R,,1.33
2015,PER_100000_POP,KZSEV,R,,0.0
2015,PER_100000_POP,KZVOS,R,,2.13
2015,PER_100000_POP,,,M,0.57
2015,PER_100000_POP,KZAKM,,M,0.56
2015,PER_100000_POP,KZAKT,,M,0.0
2015,PER_100000_POP,KZALM,,M,0.11
2015,PER_100000_POP,KZATY,,M,0.35
2015,PER_100000_POP,KZZAP,,M,0.33
2015,PER_100000_POP,KZZHA,,M,0.18
2015,PER_100000_POP,KZKAR,,M,1.07
2015,PER_100000_POP,KZKUS,,M,0.24
2015,PER_100000_POP,KZKZY,,M,0.79
2015,PER_100000_POP,KZMAN,,M,0.65
2015,PER_100000_POP,KZONT,,M,0.86
2015,PER_100000_POP,KZPAV,,M,0.28
2015,PER_100000_POP,KZSEV,,M,0.0
2015,PER_100000_POP,KZVOS,,M,1.5
2015,PER_100000_POP,KZNS,,M,1.2
2015,PER_100000_POP,KZALA,,M,0.13
2015,PER_100000_POP,,U,M,0.64
2015,PER_100000_POP,KZAKM,U,M,0.61
2015,PER_100000_POP,KZAKT,U,M,0.0
2015,PER_100000_POP,KZALM,U,M,0.0
2015,PER_100000_POP,KZATY,U,M,0.0
2015,PER_100000_POP,KZZAP,U,M,0.0
2015,PER_100000_POP,KZZHA,U,M,0.47
2015,PER_100000_POP,KZKAR,U,M,0.79
2015,PER_100000_POP,KZKUS,U,M,0.0
2015,PER_100000_POP,KZKZY,U,M,1.24
2015,PER_100000_POP,KZMAN,U,M,0.74
2015,PER_100000_POP,KZONT,U,M,1.3
2015,PER_100000_POP,KZPAV,U,M,0.0
2015,PER_100000_POP,KZSEV,U,M,0.0
2015,PER_100000_POP,KZVOS,U,M,1.83
2015,PER_100000_POP,KZNS,U,M,1.2
2015,PER_100000_POP,KZALA,U,M,0.13
2015,PER_100000_POP,,R,M,0.47
2015,PER_100000_POP,KZAKM,R,M,0.52
2015,PER_100000_POP,KZAKT,R,M,0.0
2015,PER_100000_POP,KZALM,R,M,0.14
2015,PER_100000_POP,KZATY,R,M,0.64
2015,PER_100000_POP,KZZAP,R,M,0.62
2015,PER_100000_POP,KZZHA,R,M,0.0
2015,PER_100000_POP,KZKAR,R,M,2.06
2015,PER_100000_POP,KZKUS,R,M,0.49
2015,PER_100000_POP,KZKZY,R,M,0.46
2015,PER_100000_POP,KZMAN,R,M,0.58
2015,PER_100000_POP,KZONT,R,M,0.51
2015,PER_100000_POP,KZPAV,R,M,0.89
2015,PER_100000_POP,KZSEV,R,M,0.0
2015,PER_100000_POP,KZVOS,R,M,1.07
2015,PER_100000_POP,,,F,0.76
2015,PER_100000_POP,KZAKM,,F,0.26
2015,PER_100000_POP,KZAKT,,F,0.23
2015,PER_100000_POP,KZALM,,F,0.41
2015,PER_100000_POP,KZATY,,F,1.34
2015,PER_100000_POP,KZZAP,,F,1.22
2015,PER_100000_POP,KZZHA,,F,0.18
2015,PER_100000_POP,KZKAR,,F,1.37
2015,PER_100000_POP,KZKUS,,F,0.0
2015,PER_100000_POP,KZKZY,,F,0.0
2015,PER_100000_POP,KZMAN,,F,0.32
2015,PER_100000_POP,KZONT,,F,0.99
2015,PER_100000_POP,KZPAV,,F,0.5
2015,PER_100000_POP,KZSEV,,F,0.33
2015,PER_100000_POP,KZVOS,,F,2.74
2015,PER_100000_POP,KZNS,,F,1.34
2015,PER_100000_POP,KZALA,,F,0.0
2015,PER_100000_POP,,U,F,0.8
2015,PER_100000_POP,KZAKM,U,F,0.0
2015,PER_100000_POP,KZAKT,U,F,0.37
2015,PER_100000_POP,KZALM,U,F,0.82
2015,PER_100000_POP,KZATY,U,F,0.69
2015,PER_100000_POP,KZZAP,U,F,1.18
2015,PER_100000_POP,KZZHA,U,F,0.43
2015,PER_100000_POP,KZKAR,U,F,1.03
2015,PER_100000_POP,KZKUS,U,F,0.0
2015,PER_100000_POP,KZKZY,U,F,0.0
2015,PER_100000_POP,KZMAN,U,F,0.74
2015,PER_100000_POP,KZONT,U,F,1.54
2015,PER_100000_POP,KZPAV,U,F,0.0
2015,PER_100000_POP,KZSEV,U,F,0.74
2015,PER_100000_POP,KZVOS,U,F,2.45
2015,PER_100000_POP,KZNS,U,F,1.34
2015,PER_100000_POP,KZALA,U,F,0.0
2015,PER_100000_POP,,R,F,0.71
2015,PER_100000_POP,KZAKM,R,F,0.51
2015,PER_100000_POP,KZAKT,R,F,0.0
2015,PER_100000_POP,KZALM,R,F,0.27
2015,PER_100000_POP,KZATY,R,F,1.95
2015,PER_100000_POP,KZZAP,R,F,1.26
2015,PER_100000_POP,KZZHA,R,F,0.0
2015,PER_100000_POP,KZKAR,R,F,2.79
2015,PER_100000_POP,KZKUS,R,F,0.0
2015,PER_100000_POP,KZKZY,R,F,0.0
2015,PER_100000_POP,KZMAN,R,F,0.0
2015,PER_100000_POP,KZONT,R,F,0.52
2015,PER_100000_POP,KZPAV,R,F,1.77
2015,PER_100000_POP,KZSEV,R,F,0.0
2015,PER_100000_POP,KZVOS,R,F,3.18
2016,PER_100000_POP,,,,0.8
2016,PER_100000_POP,KZAKM,,,0.95
2016,PER_100000_POP,KZAKT,,,0.0
2016,PER_100000_POP,KZALM,,,0.2
2016,PER_100000_POP,KZATY,,,1.0
2016,PER_100000_POP,KZZAP,,,0.78
2016,PER_100000_POP,KZZHA,,,0.54
2016,PER_100000_POP,KZKAR,,,0.58
2016,PER_100000_POP,KZKUS,,,0.57
2016,PER_100000_POP,KZKZY,,,0.39
2016,PER_100000_POP,KZMAN,,,1.26
2016,PER_100000_POP,KZONT,,,1.96
2016,PER_100000_POP,KZPAV,,,0.92
2016,PER_100000_POP,KZSEV,,,0.18
2016,PER_100000_POP,KZVOS,,,1.51
2016,PER_100000_POP,KZNS,,,0.22
2016,PER_100000_POP,KZALA,,,0.17
2016,PER_100000_POP,,U,,0.64
2016,PER_100000_POP,KZAKM,U,,0.57
2016,PER_100000_POP,KZAKT,U,,0.0
2016,PER_100000_POP,KZALM,U,,0.42
2016,PER_100000_POP,KZATY,U,,1.04
2016,PER_100000_POP,KZZAP,U,,0.31
2016,PER_100000_POP,KZZHA,U,,0.45
2016,PER_100000_POP,KZKAR,U,,0.18
2016,PER_100000_POP,KZKUS,U,,0.43
2016,PER_100000_POP,KZKZY,U,,0.0
2016,PER_100000_POP,KZMAN,U,,1.83
2016,PER_100000_POP,KZONT,U,,2.02
2016,PER_100000_POP,KZPAV,U,,1.12
2016,PER_100000_POP,KZSEV,U,,0.0
2016,PER_100000_POP,KZVOS,U,,1.08
2016,PER_100000_POP,KZNS,U,,0.22
2016,PER_100000_POP,KZALA,U,,0.17
2016,PER_100000_POP,,R,,1.01
2016,PER_100000_POP,KZAKM,R,,1.28
2016,PER_100000_POP,KZAKT,R,,0.0
2016,PER_100000_POP,KZALM,R,,0.13
2016,PER_100000_POP,KZATY,R,,0.96
2016,PER_100000_POP,KZZAP,R,,1.26
2016,PER_100000_POP,KZZHA,R,,0.6
2016,PER_100000_POP,KZKAR,R,,2.1
2016,PER_100000_POP,KZKUS,R,,0.73
2016,PER_100000_POP,KZKZY,R,,0.69
2016,PER_100000_POP,KZMAN,R,,0.83
2016,PER_100000_POP,KZONT,R,,1.91
2016,PER_100000_POP,KZPAV,R,,0.45
2016,PER_100000_POP,KZSEV,R,,0.32
2016,PER_100000_POP,KZVOS,R,,2.16
2016,PER_100000_POP,,,M,0.81
2016,PER_100000_POP,KZAKM,,M,1.4
2016,PER_100000_POP,KZAKT,,M,0.0
2016,PER_100000_POP,KZALM,,M,0.1
2016,PER_100000_POP,KZATY,,M,1.01
2016,PER_100000_POP,KZZAP,,M,0.32
2016,PER_100000_POP,KZZHA,,M,0.91
2016,PER_100000_POP,KZKAR,,M,0.46
2016,PER_100000_POP,KZKUS,,M,0.72
2016,PER_100000_POP,KZKZY,,M,0.52
2016,PER_100000_POP,KZMAN,,M,1.58
2016,PER_100000_POP,KZONT,,M,2.04
2016,PER_100000_POP,KZPAV,,M,0.56
2016,PER_100000_POP,KZSEV,,M,0.0
2016,PER_100000_POP,KZVOS,,M,1.36
2016,PER_100000_POP,KZNS,,M,0.22
2016,PER_100000_POP,KZALA,,M,0.13
2016,PER_100000_POP,,U,M,0.54
2016,PER_100000_POP,KZAKM,U,M,0.61
2016,PER_100000_POP,KZAKT,U,M,0.0
2016,PER_100000_POP,KZALM,U,M,0.44
2016,PER_100000_POP,KZATY,U,M,0.73
2016,PER_100000_POP,KZZAP,U,M,0.0
2016,PER_100000_POP,KZZHA,U,M,0.47
2016,PER_100000_POP,KZKAR,U,M,0.2
2016,PER_100000_POP,KZKUS,U,M,0.47
2016,PER_100000_POP,KZKZY,U,M,0.0
2016,PER_100000_POP,KZMAN,U,M,2.19
2016,PER_100000_POP,KZONT,U,M,1.43
2016,PER_100000_POP,KZPAV,U,M,0.81
2016,PER_100000_POP,KZSEV,U,M,0.0
2016,PER_100000_POP,KZVOS,U,M,1.04
2016,PER_100000_POP,KZNS,U,M,0.22
2016,PER_100000_POP,KZALA,U,M,0.13
2016,PER_100000_POP,,R,M,1.15
2016,PER_100000_POP,KZAKM,R,M,2.07
2016,PER_100000_POP,KZAKT,R,M,0.0
2016,PER_100000_POP,KZALM,R,M,0.0
2016,PER_100000_POP,KZATY,R,M,1.27
2016,PER_100000_POP,KZZAP,R,M,0.62
2016,PER_100000_POP,KZZHA,R,M,1.2
2016,PER_100000_POP,KZKAR,R,M,1.38
2016,PER_100000_POP,KZKUS,R,M,0.99
2016,PER_100000_POP,KZKZY,R,M,0.91
2016,PER_100000_POP,KZMAN,R,M,1.12
2016,PER_100000_POP,KZONT,R,M,2.52
2016,PER_100000_POP,KZPAV,R,M,0.0
2016,PER_100000_POP,KZSEV,R,M,0.0
2016,PER_100000_POP,KZVOS,R,M,1.8
2016,PER_100000_POP,,,F,0.78
2016,PER_100000_POP,KZAKM,,F,0.52
2016,PER_100000_POP,KZAKT,,F,0.0
2016,PER_100000_POP,KZALM,,F,0.3
2016,PER_100000_POP,KZATY,,F,0.98
2016,PER_100000_POP,KZZAP,,F,1.21
2016,PER_100000_POP,KZZHA,,F,0.18
2016,PER_100000_POP,KZKAR,,F,0.69
2016,PER_100000_POP,KZKUS,,F,0.43
2016,PER_100000_POP,KZKZY,,F,0.26
2016,PER_100000_POP,KZMAN,,F,0.94
2016,PER_100000_POP,KZONT,,F,1.88
2016,PER_100000_POP,KZPAV,,F,1.25
2016,PER_100000_POP,KZSEV,,F,0.34
2016,PER_100000_POP,KZVOS,,F,1.65
2016,PER_100000_POP,KZNS,,F,0.21
2016,PER_100000_POP,KZALA,,F,0.21
2016,PER_100000_POP,,U,F,0.73
2016,PER_100000_POP,KZAKM,U,F,0.54
2016,PER_100000_POP,KZAKT,U,F,0.0
2016,PER_100000_POP,KZALM,U,F,0.4
2016,PER_100000_POP,KZATY,U,F,1.34
2016,PER_100000_POP,KZZAP,U,F,0.58
2016,PER_100000_POP,KZZHA,U,F,0.42
2016,PER_100000_POP,KZKAR,U,F,0.17
2016,PER_100000_POP,KZKUS,U,F,0.39
2016,PER_100000_POP,KZKZY,U,F,0.0
2016,PER_100000_POP,KZMAN,U,F,1.47
2016,PER_100000_POP,KZONT,U,F,2.57
2016,PER_100000_POP,KZPAV,U,F,1.39
2016,PER_100000_POP,KZSEV,U,F,0.0
2016,PER_100000_POP,KZVOS,U,F,1.11
2016,PER_100000_POP,KZNS,U,F,0.21
2016,PER_100000_POP,KZALA,U,F,0.21
2016,PER_100000_POP,,R,F,0.86
2016,PER_100000_POP,KZAKM,R,F,0.51
2016,PER_100000_POP,KZAKT,R,F,0.0
2016,PER_100000_POP,KZALM,R,F,0.27
2016,PER_100000_POP,KZATY,R,F,0.64
2016,PER_100000_POP,KZZAP,R,F,1.9
2016,PER_100000_POP,KZZHA,R,F,0.0
2016,PER_100000_POP,KZKAR,R,F,2.82
2016,PER_100000_POP,KZKUS,R,F,0.47
2016,PER_100000_POP,KZKZY,R,F,0.47
2016,PER_100000_POP,KZMAN,R,F,0.55
2016,PER_100000_POP,KZONT,R,F,1.29
2016,PER_100000_POP,KZPAV,R,F,0.89
2016,PER_100000_POP,KZSEV,R,F,0.62
2016,PER_100000_POP,KZVOS,R,F,2.52
2017,PER_100000_POP,,,,0.99
2017,PER_100000_POP,KZAKM,,,0.81
2017,PER_100000_POP,KZAKT,,,0.23
2017,PER_100000_POP,KZALM,,,0.2
2017,PER_100000_POP,KZATY,,,0.33
2017,PER_100000_POP,KZZAP,,,1.55
2017,PER_100000_POP,KZZHA,,,0.45
2017,PER_100000_POP,KZKAR,,,0.43
2017,PER_100000_POP,KZKUS,,,0.23
2017,PER_100000_POP,KZKZY,,,0.13
2017,PER_100000_POP,KZMAN,,,0.31
2017,PER_100000_POP,KZONT,,,3.06
2017,PER_100000_POP,KZPAV,,,0.13
2017,PER_100000_POP,KZSEV,,,0.0
2017,PER_100000_POP,KZVOS,,,3.32
2017,PER_100000_POP,KZNS,,,0.0
2017,PER_100000_POP,KZALA,,,0.11
2017,PER_100000_POP,,U,,0.63
2017,PER_100000_POP,KZAKM,U,,0.29
2017,PER_100000_POP,KZAKT,U,,0.0
2017,PER_100000_POP,KZALM,U,,0.21
2017,PER_100000_POP,KZATY,U,,0.34
2017,PER_100000_POP,KZZAP,U,,2.43
2017,PER_100000_POP,KZZHA,U,,0.67
2017,PER_100000_POP,KZKAR,U,,0.36
2017,PER_100000_POP,KZKUS,U,,0.42
2017,PER_100000_POP,KZKZY,U,,0.29
2017,PER_100000_POP,KZMAN,U,,0.37
2017,PER_100000_POP,KZONT,U,,2.19
2017,PER_100000_POP,KZPAV,U,,0.19
2017,PER_100000_POP,KZSEV,U,,0.0
2017,PER_100000_POP,KZVOS,U,,1.31
2017,PER_100000_POP,KZNS,U,,0.0
2017,PER_100000_POP,KZALA,U,,0.11
2017,PER_100000_POP,,R,,1.47
2017,PER_100000_POP,KZAKM,R,,1.29
2017,PER_100000_POP,KZAKT,R,,0.64
2017,PER_100000_POP,KZALM,R,,0.2
2017,PER_100000_POP,KZATY,R,,0.31
2017,PER_100000_POP,KZZAP,R,,0.63
2017,PER_100000_POP,KZZHA,R,,0.3
2017,PER_100000_POP,KZKAR,R,,0.71
2017,PER_100000_POP,KZKUS,R,,0.0
2017,PER_100000_POP,KZKZY,R,,0.0
2017,PER_100000_POP,KZMAN,R,,0.26
2017,PER_100000_POP,KZONT,R,,3.79
2017,PER_100000_POP,KZPAV,R,,0.0
2017,PER_100000_POP,KZSEV,R,,0.0
2017,PER_100000_POP,KZVOS,R,,6.43
2017,PER_100000_POP,,,M,0.82
2017,PER_100000_POP,KZAKM,,M,0.84
2017,PER_100000_POP,KZAKT,,M,0.49
2017,PER_100000_POP,KZALM,,M,0.1
2017,PER_100000_POP,KZATY,,M,0.33
2017,PER_100000_POP,KZZAP,,M,1.28
2017,PER_100000_POP,KZZHA,,M,0.55
2017,PER_100000_POP,KZKAR,,M,0.46
2017,PER_100000_POP,KZKUS,,M,0.0
2017,PER_100000_POP,KZKZY,,M,0.0
2017,PER_100000_POP,KZMAN,,M,0.31
2017,PER_100000_POP,KZONT,,M,2.84
2017,PER_100000_POP,KZPAV,,M,0.0
2017,PER_100000_POP,KZSEV,,M,0.0
2017,PER_100000_POP,KZVOS,,M,1.97
2017,PER_100000_POP,KZNS,,M,0.0
2017,PER_100000_POP,KZALA,,M,0.0
2017,PER_100000_POP,,U,M,0.55
2017,PER_100000_POP,KZAKM,U,M,0.61
2017,PER_100000_POP,KZAKT,U,M,0.0
2017,PER_100000_POP,KZALM,U,M,0.0
2017,PER_100000_POP,KZATY,U,M,0.0
2017,PER_100000_POP,KZZAP,U,M,2.62
2017,PER_100000_POP,KZZHA,U,M,0.94
2017,PER_100000_POP,KZKAR,U,M,0.2
2017,PER_100000_POP,KZKUS,U,M,0.0
2017,PER_100000_POP,KZKZY,U,M,0.0
2017,PER_100000_POP,KZMAN,U,M,0.0
2017,PER_100000_POP,KZONT,U,M,2.8
2017,PER_100000_POP,KZPAV,U,M,0.0
2017,PER_100000_POP,KZSEV,U,M,0.0
2017,PER_100000_POP,KZVOS,U,M,0.26
2017,PER_100000_POP,KZNS,U,M,0.0
2017,PER_100000_POP,KZALA,U,M,0.0
2017,PER_100000_POP,,R,M,1.17
2017,PER_100000_POP,KZAKM,R,M,1.04
2017,PER_100000_POP,KZAKT,R,M,1.28
2017,PER_100000_POP,KZALM,R,M,0.13
2017,PER_100000_POP,KZATY,R,M,0.62
2017,PER_100000_POP,KZZAP,R,M,0.0
2017,PER_100000_POP,KZZHA,R,M,0.3
2017,PER_100000_POP,KZKAR,R,M,1.4
2017,PER_100000_POP,KZKUS,R,M,0.0
2017,PER_100000_POP,KZKZY,R,M,0.0
2017,PER_100000_POP,KZMAN,R,M,0.53
2017,PER_100000_POP,KZONT,R,M,2.87
2017,PER_100000_POP,KZPAV,R,M,0.0
2017,PER_100000_POP,KZSEV,R,M,0.0
2017,PER_100000_POP,KZVOS,R,M,4.41
2017,PER_100000_POP,,,F,1.14
2017,PER_100000_POP,KZAKM,,F,0.79
2017,PER_100000_POP,KZAKT,,F,0.0
2017,PER_100000_POP,KZALM,,F,0.3
2017,PER_100000_POP,KZATY,,F,0.32
2017,PER_100000_POP,KZZAP,,F,1.8
2017,PER_100000_POP,KZZHA,,F,0.35
2017,PER_100000_POP,KZKAR,,F,0.41
2017,PER_100000_POP,KZKUS,,F,0.43
2017,PER_100000_POP,KZKZY,,F,0.26
2017,PER_100000_POP,KZMAN,,F,0.31
2017,PER_100000_POP,KZONT,,F,3.29
2017,PER_100000_POP,KZPAV,,F,0.25
2017,PER_100000_POP,KZSEV,,F,0.0
2017,PER_100000_POP,KZVOS,,F,4.55
2017,PER_100000_POP,KZNS,,F,0.0
2017,PER_100000_POP,KZALA,,F,0.21
2017,PER_100000_POP,,U,F,0.69
2017,PER_100000_POP,KZAKM,U,F,0.0
2017,PER_100000_POP,KZAKT,U,F,0.0
2017,PER_100000_POP,KZALM,U,F,0.41
2017,PER_100000_POP,KZATY,U,F,0.65
2017,PER_100000_POP,KZZAP,U,F,2.27
2017,PER_100000_POP,KZZHA,U,F,0.43
2017,PER_100000_POP,KZKAR,U,F,0.51
2017,PER_100000_POP,KZKUS,U,F,0.79
2017,PER_100000_POP,KZKZY,U,F,0.57
2017,PER_100000_POP,KZMAN,U,F,0.74
2017,PER_100000_POP,KZONT,U,F,1.62
2017,PER_100000_POP,KZPAV,U,F,0.35
2017,PER_100000_POP,KZSEV,U,F,0.0
2017,PER_100000_POP,KZVOS,U,F,2.21
2017,PER_100000_POP,KZNS,U,F,0.0
2017,PER_100000_POP,KZALA,U,F,0.21
2017,PER_100000_POP,,R,F,1.77
2017,PER_100000_POP,KZAKM,R,F,1.54
2017,PER_100000_POP,KZAKT,R,F,0.0
2017,PER_100000_POP,KZALM,R,F,0.26
2017,PER_100000_POP,KZATY,R,F,0.0
2017,PER_100000_POP,KZZAP,R,F,1.28
2017,PER_100000_POP,KZZHA,R,F,0.3
2017,PER_100000_POP,KZKAR,R,F,0.0
2017,PER_100000_POP,KZKUS,R,F,0.0
2017,PER_100000_POP,KZKZY,R,F,0.0
2017,PER_100000_POP,KZMAN,R,F,0.0
2017,PER_100000_POP,KZONT,R,F,4.73
2017,PER_100000_POP,KZPAV,R,F,0.0
2017,PER_100000_POP,KZSEV,R,F,0.0
2017,PER_100000_POP,KZVOS,R,F,8.44
2018,PER_100000_POP,,,,0.83
2018,PER_100000_POP,KZAKM,,,1.08
2018,PER_100000_POP,KZAKT,,,0.23
2018,PER_100000_POP,KZALM,,,0.3
2018,PER_100000_POP,KZATY,,,0.0
2018,PER_100000_POP,KZZAP,,,1.85
2018,PER_100000_POP,KZZHA,,,0.27
2018,PER_100000_POP,KZKAR,,,0.72
2018,PER_100000_POP,KZKUS,,,0.34
2018,PER_100000_POP,KZKZY,,,0.25
2018,PER_100000_POP,KZMAN,,,0.3
2018,PER_100000_POP,KZPAV,,,1.86
2018,PER_100000_POP,KZSEV,,,0.0
2018,PER_100000_POP,KZYUZ,,,2.32
2018,PER_100000_POP,KZVOS,,,1.59
2018,PER_100000_POP,KZNS,,,0.28
2018,PER_100000_POP,KZALA,,,0.05
2018,PER_100000_POP,KZSHY,,,1.84
2018,PER_100000_POP,,U,,0.62
2018,PER_100000_POP,KZAKM,U,,0.57
2018,PER_100000_POP,KZAKT,U,,0.16
2018,PER_100000_POP,KZALM,U,,0.22
2018,PER_100000_POP,KZATY,U,,0.0
2018,PER_100000_POP,KZZAP,U,,2.68
2018,PER_100000_POP,KZZHA,U,,0.22
2018,PER_100000_POP,KZKAR,U,,0.64
2018,PER_100000_POP,KZKUS,U,,0.63
2018,PER_100000_POP,KZKZY,U,,0.0
2018,PER_100000_POP,KZMAN,U,,0.0
2018,PER_100000_POP,KZPAV,U,,2.25
2018,PER_100000_POP,KZSEV,U,,0.0
2018,PER_100000_POP,KZYUZ,U,,1.28
2018,PER_100000_POP,KZVOS,U,,0.35
2018,PER_100000_POP,KZNS,U,,0.28
2018,PER_100000_POP,KZALA,U,,0.05
2018,PER_100000_POP,KZSHY,U,,1.84
2018,PER_100000_POP,,R,,1.12
2018,PER_100000_POP,KZAKM,R,,1.54
2018,PER_100000_POP,KZAKT,R,,0.39
2018,PER_100000_POP,KZALM,R,,0.32
2018,PER_100000_POP,KZATY,R,,0.0
2018,PER_100000_POP,KZZAP,R,,0.96
2018,PER_100000_POP,KZZHA,R,,0.3
2018,PER_100000_POP,KZKAR,R,,1.07
2018,PER_100000_POP,KZKUS,R,,0.0
2018,PER_100000_POP,KZKZY,R,,0.45
2018,PER_100000_POP,KZMAN,R,,0.5
2018,PER_100000_POP,KZPAV,R,,0.9
2018,PER_100000_POP,KZSEV,R,,0.0
2018,PER_100000_POP,KZYUZ,R,,2.58
2018,PER_100000_POP,KZVOS,R,,3.56
2018,PER_100000_POP,,,M,0.84
2018,PER_100000_POP,KZAKM,,M,1.12
2018,PER_100000_POP,KZAKT,,M,0.24
2018,PER_100000_POP,KZALM,,M,0.3
2018,PER_100000_POP,KZATY,,M,0.0
2018,PER_100000_POP,KZZAP,,M,0.95
2018,PER_100000_POP,KZZHA,,M,0.36
2018,PER_100000_POP,KZKAR,,M,0.92
2018,PER_100000_POP,KZKUS,,M,0.24
2018,PER_100000_POP,KZKZY,,M,0.25
2018,PER_100000_POP,KZMAN,,M,0.3
2018,PER_100000_POP,KZPAV,,M,1.68
2018,PER_100000_POP,KZSEV,,M,0.0
2018,PER_100000_POP,KZYUZ,,M,1.89
2018,PER_100000_POP,KZVOS,,M,1.97
2018,PER_100000_POP,KZNS,,M,0.39
2018,PER_100000_POP,KZALA,,M,0.12
2018,PER_100000_POP,KZSHY,,M,2.33
2018,PER_100000_POP,,U,M,0.68
2018,PER_100000_POP,KZAKM,U,M,0.61
2018,PER_100000_POP,KZAKT,U,M,0.35
2018,PER_100000_POP,KZALM,U,M,0.0
2018,PER_100000_POP,KZATY,U,M,0.0
2018,PER_100000_POP,KZZAP,U,M,1.28
2018,PER_100000_POP,KZZHA,U,M,0.47
2018,PER_100000_POP,KZKAR,U,M,0.78
2018,PER_100000_POP,KZKUS,U,M,0.46
2018,PER_100000_POP,KZKZY,U,M,0.0
2018,PER_100000_POP,KZMAN,U,M,0.0
2018,PER_100000_POP,KZPAV,U,M,2.03
2018,PER_100000_POP,KZSEV,U,M,0.0
2018,PER_100000_POP,KZYUZ,U,M,2.04
2018,PER_100000_POP,KZVOS,U,M,0.26
2018,PER_100000_POP,KZNS,U,M,0.39
2018,PER_100000_POP,KZALA,U,M,0.12
2018,PER_100000_POP,KZSHY,U,M,2.33
2018,PER_100000_POP,,R,M,1.04
2018,PER_100000_POP,KZAKM,R,M,1.54
2018,PER_100000_POP,KZAKT,R,M,0.0
2018,PER_100000_POP,KZALM,R,M,0.38
2018,PER_100000_POP,KZATY,R,M,0.0
2018,PER_100000_POP,KZZAP,R,M,0.63
2018,PER_100000_POP,KZZHA,R,M,0.29
2018,PER_100000_POP,KZKAR,R,M,1.41
2018,PER_100000_POP,KZKUS,R,M,0.0
2018,PER_100000_POP,KZKZY,R,M,0.45
2018,PER_100000_POP,KZMAN,R,M,0.5
2018,PER_100000_POP,KZPAV,R,M,0.9
2018,PER_100000_POP,KZSEV,R,M,0.0
2018,PER_100000_POP,KZYUZ,R,M,1.86
2018,PER_100000_POP,KZVOS,R,M,4.49
2018,PER_100000_POP,,,F,0.83
2018,PER_100000_POP,KZAKM,,F,1.05
2018,PER_100000_POP,KZAKT,,F,0.22
2018,PER_100000_POP,KZALM,,F,0.29
2018,PER_100000_POP,KZATY,,F,0.0
2018,PER_100000_POP,KZZAP,,F,2.69
2018,PER_100000_POP,KZZHA,,F,0.18
2018,PER_100000_POP,KZKAR,,F,0.55
2018,PER_100000_POP,KZKUS,,F,0.44
2018,PER_100000_POP,KZKZY,,F,0.25
2018,PER_100000_POP,KZMAN,,F,0.3
2018,PER_100000_POP,KZPAV,,F,2.01
2018,PER_100000_POP,KZSEV,,F,0.0
2018,PER_100000_POP,KZYUZ,,F,2.76
2018,PER_100000_POP,KZVOS,,F,1.25
2018,PER_100000_POP,KZNS,,F,0.18
2018,PER_100000_POP,KZALA,,F,0.0
2018,PER_100000_POP,KZSHY,,F,1.37
2018,PER_100000_POP,,U,F,0.57
2018,PER_100000_POP,KZAKM,U,F,0.54
2018,PER_100000_POP,KZAKT,U,F,0.0
2018,PER_100000_POP,KZALM,U,F,0.42
2018,PER_100000_POP,KZATY,U,F,0.0
2018,PER_100000_POP,KZZAP,U,F,3.89
2018,PER_100000_POP,KZZHA,U,F,0.0
2018,PER_100000_POP,KZKAR,U,F,0.51
2018,PER_100000_POP,KZKUS,U,F,0.78
2018,PER_100000_POP,KZKZY,U,F,0.0
2018,PER_100000_POP,KZMAN,U,F,0.0
2018,PER_100000_POP,KZPAV,U,F,2.44
2018,PER_100000_POP,KZSEV,U,F,0.0
2018,PER_100000_POP,KZYUZ,U,F,0.52
2018,PER_100000_POP,KZVOS,U,F,0.44
2018,PER_100000_POP,KZNS,U,F,0.18
2018,PER_100000_POP,KZALA,U,F,0.0
2018,PER_100000_POP,KZSHY,U,F,1.37
2018,PER_100000_POP,,R,F,1.04
2018,PER_100000_POP,KZAKM,R,F,1.54
2018,PER_100000_POP,KZAKT,R,F,0.0
2018,PER_100000_POP,KZALM,R,F,0.38
2018,PER_100000_POP,KZATY,R,F,0.0
2018,PER_100000_POP,KZZAP,R,F,0.63
2018,PER_100000_POP,KZZHA,R,F,0.29
2018,PER_100000_POP,KZKAR,R,F,1.41
2018,PER_100000_POP,KZKUS,R,F,0.0
2018,PER_100000_POP,KZKZY,R,F,0.45
2018,PER_100000_POP,KZMAN,R,F,0.5
2018,PER_100000_POP,KZPAV,R,F,0.9
2018,PER_100000_POP,KZSEV,R,F,0.0
2018,PER_100000_POP,KZYUZ,R,F,3.31
2018,PER_100000_POP,KZVOS,R,F,4.49
2019,PER_100000_POP,,,,1.28
2019,PER_100000_POP,KZAKM,,,1.08
2019,PER_100000_POP,KZAKT,,,0.11
2019,PER_100000_POP,KZALM,,,0.19
2019,PER_100000_POP,KZATY,,,0.0
2019,PER_100000_POP,KZZAP,,,3.21
2019,PER_100000_POP,KZZHA,,,0.27
2019,PER_100000_POP,KZKAR,,,0.87
2019,PER_100000_POP,KZKUS,,,1.03
2019,PER_100000_POP,KZKZY,,,0.25
2019,PER_100000_POP,KZMAN,,,0.44
2019,PER_100000_POP,KZPAV,,,9.83
2019,PER_100000_POP,KZSEV,,,0.54
2019,PER_100000_POP,KZYUZ,,,2.85
2019,PER_100000_POP,KZVOS,,,0.8
2019,PER_100000_POP,KZNS,,,0.18
2019,PER_100000_POP,KZALA,,,0.21
2019,PER_100000_POP,KZSHY,,,2.25
2019,PER_100000_POP,,U,,1.4
2019,PER_100000_POP,KZAKM,U,,1.44
2019,PER_100000_POP,KZAKT,U,,0.0
2019,PER_100000_POP,KZALM,U,,0.0
2019,PER_100000_POP,KZATY,U,,0.0
2019,PER_100000_POP,KZZAP,U,,4.39
2019,PER_100000_POP,KZZHA,U,,0.22
2019,PER_100000_POP,KZKAR,U,,0.91
2019,PER_100000_POP,KZKUS,U,,1.2
2019,PER_100000_POP,KZKZY,U,,0.28
2019,PER_100000_POP,KZMAN,U,,0.0
2019,PER_100000_POP,KZPAV,U,,12.8
2019,PER_100000_POP,KZSEV,U,,1.19
2019,PER_100000_POP,KZYUZ,U,,1.76
2019,PER_100000_POP,KZVOS,U,,0.82
2019,PER_100000_POP,KZNS,U,,0.18
2019,PER_100000_POP,KZALA,U,,0.21
2019,PER_100000_POP,KZSHY,U,,2.25
2019,PER_100000_POP,,R,,1.11
2019,PER_100000_POP,KZAKM,R,,0.77
2019,PER_100000_POP,KZAKT,R,,0.39
2019,PER_100000_POP,KZALM,R,,0.25
2019,PER_100000_POP,KZATY,R,,0.0
2019,PER_100000_POP,KZZAP,R,,1.92
2019,PER_100000_POP,KZZHA,R,,0.29
2019,PER_100000_POP,KZKAR,R,,0.71
2019,PER_100000_POP,KZKUS,R,,0.81
2019,PER_100000_POP,KZKZY,R,,0.23
2019,PER_100000_POP,KZMAN,R,,0.72
2019,PER_100000_POP,KZPAV,R,,2.71
2019,PER_100000_POP,KZSEV,R,,0.0
2019,PER_100000_POP,KZYUZ,R,,3.12
2019,PER_100000_POP,KZVOS,R,,0.76
2019,PER_100000_POP,,,M,1.06
2019,PER_100000_POP,KZAKM,,M,0.84
2019,PER_100000_POP,KZAKT,,M,0.24
2019,PER_100000_POP,KZALM,,M,0.2
2019,PER_100000_POP,KZATY,,M,0.0
2019,PER_100000_POP,KZZAP,,M,2.52
2019,PER_100000_POP,KZZHA,,M,0.0
2019,PER_100000_POP,KZKAR,,M,0.76
2019,PER_100000_POP,KZKUS,,M,1.45
2019,PER_100000_POP,KZKZY,,M,0.5
2019,PER_100000_POP,KZMAN,,M,0.29
2019,PER_100000_POP,KZPAV,,M,7.29
2019,PER_100000_POP,KZSEV,,M,0.0
2019,PER_100000_POP,KZYUZ,,M,2.46
2019,PER_100000_POP,KZVOS,,M,1.07
2019,PER_100000_POP,KZNS,,M,0.19
2019,PER_100000_POP,KZALA,,M,0.12
2019,PER_100000_POP,KZSHY,,M,1.42
2019,PER_100000_POP,,U,M,1.1
2019,PER_100000_POP,KZAKM,U,M,1.22
2019,PER_100000_POP,KZAKT,U,M,0.0
2019,PER_100000_POP,KZALM,U,M,0.0
2019,PER_100000_POP,KZATY,U,M,0.0
2019,PER_100000_POP,KZZAP,U,M,4.39
2019,PER_100000_POP,KZZHA,U,M,0.0
2019,PER_100000_POP,KZKAR,U,M,0.78
2019,PER_100000_POP,KZKUS,U,M,1.3
2019,PER_100000_POP,KZKZY,U,M,0.57
2019,PER_100000_POP,KZMAN,U,M,0.0
2019,PER_100000_POP,KZPAV,U,M,8.97
2019,PER_100000_POP,KZSEV,U,M,0.0
2019,PER_100000_POP,KZYUZ,U,M,2.0
2019,PER_100000_POP,KZVOS,U,M,1.02
2019,PER_100000_POP,KZNS,U,M,0.19
2019,PER_100000_POP,KZALA,U,M,0.12
2019,PER_100000_POP,KZSHY,U,M,1.42
2019,PER_100000_POP,,R,M,1.01
2019,PER_100000_POP,KZAKM,R,M,0.52
2019,PER_100000_POP,KZAKT,R,M,0.78
2019,PER_100000_POP,KZALM,R,M,0.25
2019,PER_100000_POP,KZATY,R,M,0.0
2019,PER_100000_POP,KZZAP,R,M,0.63
2019,PER_100000_POP,KZZHA,R,M,0.0
2019,PER_100000_POP,KZKAR,R,M,0.71
2019,PER_100000_POP,KZKUS,R,M,1.64
2019,PER_100000_POP,KZKZY,R,M,0.44
2019,PER_100000_POP,KZMAN,R,M,0.48
2019,PER_100000_POP,KZPAV,R,M,3.59
2019,PER_100000_POP,KZSEV,R,M,0.0
2019,PER_100000_POP,KZYUZ,R,M,2.58
2019,PER_100000_POP,KZVOS,R,M,1.14
2019,PER_100000_POP,,,F,1.49
2019,PER_100000_POP,KZAKM,,F,1.32
2019,PER_100000_POP,KZAKT,,F,0.0
2019,PER_100000_POP,KZALM,,F,0.19
2019,PER_100000_POP,KZATY,,F,0.0
2019,PER_100000_POP,KZZAP,,F,3.86
2019,PER_100000_POP,KZZHA,,F,0.52
2019,PER_100000_POP,KZKAR,,F,0.97
2019,PER_100000_POP,KZKUS,,F,0.66
2019,PER_100000_POP,KZKZY,,F,0.0
2019,PER_100000_POP,KZMAN,,F,0.58
2019,PER_100000_POP,KZPAV,,F,12.11
2019,PER_100000_POP,KZSEV,,F,1.04
2019,PER_100000_POP,KZYUZ,,F,3.25
2019,PER_100000_POP,KZVOS,,F,0.56
2019,PER_100000_POP,KZNS,,F,0.17
2019,PER_100000_POP,KZALA,,F,0.29
2019,PER_100000_POP,KZSHY,,F,3.01
2019,PER_100000_POP,,U,F,1.68
2019,PER_100000_POP,KZAKM,U,F,1.63
2019,PER_100000_POP,KZAKT,U,F,0.0
2019,PER_100000_POP,KZALM,U,F,0.0
2019,PER_100000_POP,KZATY,U,F,0.0
2019,PER_100000_POP,KZZAP,U,F,4.39
2019,PER_100000_POP,KZZHA,U,F,0.43
2019,PER_100000_POP,KZKAR,U,F,1.03
2019,PER_100000_POP,KZKUS,U,F,1.11
2019,PER_100000_POP,KZKZY,U,F,0.0
2019,PER_100000_POP,KZMAN,U,F,0.0
2019,PER_100000_POP,KZPAV,U,F,16.08
2019,PER_100000_POP,KZSEV,U,F,2.18
2019,PER_100000_POP,KZYUZ,U,F,1.52
2019,PER_100000_POP,KZVOS,U,F,0.66
2019,PER_100000_POP,KZNS,U,F,0.17
2019,PER_100000_POP,KZALA,U,F,0.29
2019,PER_100000_POP,KZSHY,U,F,3.01
2019,PER_100000_POP,,R,F,1.21
2019,PER_100000_POP,KZAKM,R,F,1.02
2019,PER_100000_POP,KZAKT,R,F,0.0
2019,PER_100000_POP,KZALM,R,F,0.25
2019,PER_100000_POP,KZATY,R,F,0.0
2019,PER_100000_POP,KZZAP,R,F,3.23
2019,PER_100000_POP,KZZHA,R,F,0.59
2019,PER_100000_POP,KZKAR,R,F,0.72
2019,PER_100000_POP,KZKUS,R,F,0.0
2019,PER_100000_POP,KZKZY,R,F,0.0
2019,PER_100000_POP,KZMAN,R,F,0.96
2019,PER_100000_POP,KZPAV,R,F,1.81
2019,PER_100000_POP,KZSEV,R,F,0.0
2019,PER_100000_POP,KZYUZ,R,F,3.68
2019,PER_100000_POP,KZVOS,R,F,0.38
