Year,UNIT_MEASURE,COMPOSITE_BREAKDOWN,Value
2014,PER_1000_POP,_L_HLTH_NUM_DOC,3.95
2014,PER_1000_POP,_L_HLTH_PRV_MEDW,7.17
2014,PER_1000_POP,_L_HLTH_PRV_DENT,0.37
2014,PER_1000_POP,_L_HLTH_PRV_PHMT,0.81
2015,PER_1000_POP,_L_HLTH_NUM_DOC,3.95
2015,PER_1000_POP,_L_HLTH_PRV_MEDW,7.22
2015,PER_1000_POP,_L_HLTH_PRV_DENT,0.36
2015,PER_1000_POP,_L_HLTH_PRV_PHMT,0.81
2016,PER_1000_POP,_L_HLTH_NUM_DOC,4.16
2016,PER_1000_POP,_L_HLTH_PRV_MEDW,7.28
2016,PER_1000_POP,_L_HLTH_PRV_DENT,0.42
2016,PER_1000_POP,_L_HLTH_PRV_PHMT,0.69
2017,PER_1000_POP,_L_HLTH_NUM_DOC,3.97
2017,PER_1000_POP,_L_HLTH_PRV_MEDW,7.56
2017,PER_1000_POP,_L_HLTH_PRV_DENT,0.37
2017,PER_1000_POP,_L_HLTH_PRV_PHMT,0.49
2018,PER_1000_POP,_L_HLTH_NUM_DOC,3.96
2018,PER_1000_POP,_L_HLTH_PRV_MEDW,7.47
2018,PER_1000_POP,_L_HLTH_PRV_DENT,0.38
2018,PER_1000_POP,_L_HLTH_PRV_PHMT,0.46
2019,PER_1000_POP,_L_HLTH_NUM_DOC,3.97
2019,PER_1000_POP,_L_HLTH_PRV_MEDW,7.4
2019,PER_1000_POP,_L_HLTH_PRV_DENT,0.36
2019,PER_1000_POP,_L_HLTH_PRV_PHMT,0.3
2020,PER_1000_POP,_L_HLTH_NUM_DOC,4.1
2020,PER_1000_POP,_L_HLTH_PRV_MEDW,7.5
2020,PER_1000_POP,_L_HLTH_PRV_DENT,0.4
2020,PER_1000_POP,_L_HLTH_PRV_PHMT,0.4
2021,PER_1000_POP,_L_HLTH_NUM_DOC,3.8
2021,PER_1000_POP,_L_HLTH_PRV_MEDW,7.5
2021,PER_1000_POP,_L_HLTH_PRV_DENT,0.4
2021,PER_1000_POP,_L_HLTH_PRV_PHMT,0.4
2022,PER_1000_POP,_L_HLTH_NUM_DOC,3.8
2022,PER_1000_POP,_L_HLTH_PRV_MEDW,7.4
2022,PER_1000_POP,_L_HLTH_PRV_DENT,0.4
2022,PER_1000_POP,_L_HLTH_PRV_PHMT,0.3
2023,PER_1000_POP,_L_HLTH_NUM_DOC,3.8
2023,PER_1000_POP,_L_HLTH_PRV_MEDW,7.3
2023,PER_1000_POP,_L_HLTH_PRV_DENT,0.4
2023,PER_1000_POP,_L_HLTH_PRV_PHMT,0.3
