Year,UNIT_MEASURE,URBANISATION,SEX,REF_AREA,Value
2010,PT,,,,23.4
2011,PT,,,,25.0
2012,PT,,,,27.8
2013,PT,,,,27.4
2014,PT,,,,32.4
2015,PT,,,,32.5
2016,PT,,,,34.6
2017,PT,,,,36.6
2018,PT,,,,40.0
2010,PT,,,KZAKM,27.3
2011,PT,,,KZAKM,30.0
2012,PT,,,KZAKM,34.3
2013,PT,,,KZAKM,33.0
2014,PT,,,KZAKM,36.2
2015,PT,,,KZAKM,41.9
2016,PT,,,KZAKM,42.6
2017,PT,,,KZAKM,41.9
2018,PT,,,KZAKM,42.5
2010,PT,,,KZAKT,30.8
2011,PT,,,KZAKT,34.1
2012,PT,,,KZAKT,40.3
2013,PT,,,KZAKT,36.8
2014,PT,,,KZAKT,53.2
2015,PT,,,KZAKT,46.6
2016,PT,,,KZAKT,50.3
2017,PT,,,KZAKT,48.6
2018,PT,,,KZAKT,52.2
2010,PT,,,KZALM,16.4
2011,PT,,,KZALM,19.7
2012,PT,,,KZALM,26.7
2013,PT,,,KZALM,19.9
2014,PT,,,KZALM,29.2
2015,PT,,,KZALM,25.8
2016,PT,,,KZALM,26.3
2017,PT,,,KZALM,27.9
2018,PT,,,KZALM,38.0
2010,PT,,,KZATY,32.9
2011,PT,,,KZATY,35.4
2012,PT,,,KZATY,26.7
2013,PT,,,KZATY,28.1
2014,PT,,,KZATY,30.3
2015,PT,,,KZATY,40.2
2016,PT,,,KZATY,32.0
2017,PT,,,KZATY,40.3
2018,PT,,,KZATY,33.9
2010,PT,,,KZZAP,25.3
2011,PT,,,KZZAP,28.9
2012,PT,,,KZZAP,41.4
2013,PT,,,KZZAP,47.3
2014,PT,,,KZZAP,34.9
2015,PT,,,KZZAP,37.7
2016,PT,,,KZZAP,39.8
2017,PT,,,KZZAP,45.6
2018,PT,,,KZZAP,50.6
2010,PT,,,KZZHA,18.8
2011,PT,,,KZZHA,22.3
2012,PT,,,KZZHA,24.1
2013,PT,,,KZZHA,37.6
2014,PT,,,KZZHA,23.6
2015,PT,,,KZZHA,25.6
2016,PT,,,KZZHA,31.3
2017,PT,,,KZZHA,25.0
2018,PT,,,KZZHA,31.0
2010,PT,,,KZKAR,28.0
2011,PT,,,KZKAR,28.6
2012,PT,,,KZKAR,29.6
2013,PT,,,KZKAR,26.4
2014,PT,,,KZKAR,36.9
2015,PT,,,KZKAR,33.8
2016,PT,,,KZKAR,39.0
2017,PT,,,KZKAR,42.2
2018,PT,,,KZKAR,45.1
2010,PT,,,KZKUS,27.3
2011,PT,,,KZKUS,33.5
2012,PT,,,KZKUS,37.9
2013,PT,,,KZKUS,38.0
2014,PT,,,KZKUS,39.0
2015,PT,,,KZKUS,46.1
2016,PT,,,KZKUS,43.6
2017,PT,,,KZKUS,44.8
2018,PT,,,KZKUS,51.1
2010,PT,,,KZKZY,20.3
2011,PT,,,KZKZY,23.4
2012,PT,,,KZKZY,28.7
2013,PT,,,KZKZY,27.0
2014,PT,,,KZKZY,39.9
2015,PT,,,KZKZY,39.6
2016,PT,,,KZKZY,38.6
2017,PT,,,KZKZY,43.2
2018,PT,,,KZKZY,43.8
2010,PT,,,KZMAN,42.6
2011,PT,,,KZMAN,36.3
2012,PT,,,KZMAN,35.8
2013,PT,,,KZMAN,42.9
2014,PT,,,KZMAN,44.6
2015,PT,,,KZMAN,61.0
2016,PT,,,KZMAN,60.1
2017,PT,,,KZMAN,70.3
2018,PT,,,KZMAN,67.2
2010,PT,,,KZONT,12.0
2011,PT,,,KZONT,12.8
2012,PT,,,KZONT,16.9
2013,PT,,,KZONT,14.7
2014,PT,,,KZONT,27.4
2015,PT,,,KZONT,26.6
2016,PT,,,KZONT,25.6
2017,PT,,,KZONT,29.2
2010,PT,,,KZPAV,39.1
2011,PT,,,KZPAV,36.5
2012,PT,,,KZPAV,38.1
2013,PT,,,KZPAV,45.9
2014,PT,,,KZPAV,42.2
2015,PT,,,KZPAV,48.6
2016,PT,,,KZPAV,44.6
2017,PT,,,KZPAV,50.0
2018,PT,,,KZPAV,58.5
2010,PT,,,KZSEV,27.2
2011,PT,,,KZSEV,30.0
2012,PT,,,KZSEV,31.3
2013,PT,,,KZSEV,30.2
2014,PT,,,KZSEV,40.7
2015,PT,,,KZSEV,37.7
2016,PT,,,KZSEV,35.3
2017,PT,,,KZSEV,42.1
2018,PT,,,KZSEV,50.0
2018,PT,,,KZYUZ,37.3
2010,PT,,,KZVOS,25.7
2011,PT,,,KZVOS,28.2
2012,PT,,,KZVOS,32.4
2013,PT,,,KZVOS,33.5
2014,PT,,,KZVOS,37.2
2015,PT,,,KZVOS,38.8
2016,PT,,,KZVOS,39.9
2017,PT,,,KZVOS,46.5
2018,PT,,,KZVOS,50.7
2010,PT,,,KZNS,31.6
2011,PT,,,KZNS,23.3
2012,PT,,,KZNS,24.2
2013,PT,,,KZNS,23.4
2014,PT,,,KZNS,32.0
2015,PT,,,KZNS,32.4
2016,PT,,,KZNS,33.7
2017,PT,,,KZNS,34.6
2018,PT,,,KZNS,36.3
2010,PT,,,KZALA,18.7
2011,PT,,,KZALA,20.2
2012,PT,,,KZALA,18.7
2013,PT,,,KZALA,18.0
2014,PT,,,KZALA,16.9
2015,PT,,,KZALA,14.4
2016,PT,,,KZALA,26.3
2017,PT,,,KZALA,25.3
2018,PT,,,KZALA,25.9
2018,PT,,,KZSHY,28.6
2010,PT,,M,,23.6
2011,PT,,M,,26.0
2012,PT,,M,,28.1
2013,PT,,M,,28.4
2014,PT,,M,,33.6
2015,PT,,M,,34.5
2016,PT,,M,,35.8
2017,PT,,M,,38.4
2018,PT,,M,,42.0
2010,PT,,M,KZAKM,26.7
2011,PT,,M,KZAKM,29.5
2012,PT,,M,KZAKM,33.9
2013,PT,,M,KZAKM,34.0
2014,PT,,M,KZAKM,37.2
2015,PT,,M,KZAKM,45.4
2016,PT,,M,KZAKM,43.0
2017,PT,,M,KZAKM,42.0
2018,PT,,M,KZAKM,44.5
2010,PT,,M,KZAKT,28.3
2011,PT,,M,KZAKT,38.1
2012,PT,,M,KZAKT,38.9
2013,PT,,M,KZAKT,41.8
2014,PT,,M,KZAKT,61.1
2015,PT,,M,KZAKT,49.6
2016,PT,,M,KZAKT,55.5
2017,PT,,M,KZAKT,54.6
2018,PT,,M,KZAKT,57.2
2010,PT,,M,KZALM,17.0
2011,PT,,M,KZALM,21.0
2012,PT,,M,KZALM,25.1
2013,PT,,M,KZALM,20.2
2014,PT,,M,KZALM,29.0
2015,PT,,M,KZALM,26.0
2016,PT,,M,KZALM,25.5
2017,PT,,M,KZALM,26.9
2018,PT,,M,KZALM,38.4
2010,PT,,M,KZATY,31.3
2011,PT,,M,KZATY,36.9
2012,PT,,M,KZATY,29.7
2013,PT,,M,KZATY,29.6
2014,PT,,M,KZATY,32.1
2015,PT,,M,KZATY,42.6
2016,PT,,M,KZATY,34.1
2017,PT,,M,KZATY,43.7
2018,PT,,M,KZATY,34.9
2010,PT,,M,KZZAP,23.9
2011,PT,,M,KZZAP,27.1
2012,PT,,M,KZZAP,44.3
2013,PT,,M,KZZAP,49.0
2014,PT,,M,KZZAP,36.5
2015,PT,,M,KZZAP,39.0
2016,PT,,M,KZZAP,42.8
2017,PT,,M,KZZAP,47.2
2018,PT,,M,KZZAP,52.9
2010,PT,,M,KZZHA,21.1
2011,PT,,M,KZZHA,25.0
2012,PT,,M,KZZHA,23.5
2013,PT,,M,KZZHA,38.5
2014,PT,,M,KZZHA,23.1
2015,PT,,M,KZZHA,27.0
2016,PT,,M,KZZHA,31.3
2017,PT,,M,KZZHA,26.0
2018,PT,,M,KZZHA,33.6
2010,PT,,M,KZKAR,29.2
2011,PT,,M,KZKAR,29.3
2012,PT,,M,KZKAR,29.1
2013,PT,,M,KZKAR,28.0
2014,PT,,M,KZKAR,37.6
2015,PT,,M,KZKAR,37.2
2016,PT,,M,KZKAR,41.3
2017,PT,,M,KZKAR,44.6
2018,PT,,M,KZKAR,48.3
2010,PT,,M,KZKUS,29.0
2011,PT,,M,KZKUS,36.0
2012,PT,,M,KZKUS,38.3
2013,PT,,M,KZKUS,39.1
2014,PT,,M,KZKUS,39.6
2015,PT,,M,KZKUS,48.2
2016,PT,,M,KZKUS,47.4
2017,PT,,M,KZKUS,48.4
2018,PT,,M,KZKUS,54.2
2010,PT,,M,KZKZY,18.0
2011,PT,,M,KZKZY,19.6
2012,PT,,M,KZKZY,26.8
2013,PT,,M,KZKZY,25.6
2014,PT,,M,KZKZY,40.0
2015,PT,,M,KZKZY,40.6
2016,PT,,M,KZKZY,39.8
2017,PT,,M,KZKZY,44.8
2018,PT,,M,KZKZY,44.0
2010,PT,,M,KZMAN,43.7
2011,PT,,M,KZMAN,40.8
2012,PT,,M,KZMAN,43.7
2013,PT,,M,KZMAN,34.6
2014,PT,,M,KZMAN,48.6
2015,PT,,M,KZMAN,65.8
2016,PT,,M,KZMAN,64.8
2017,PT,,M,KZMAN,74.0
2018,PT,,M,KZMAN,69.2
2010,PT,,M,KZONT,13.0
2011,PT,,M,KZONT,13.1
2012,PT,,M,KZONT,15.9
2013,PT,,M,KZONT,14.9
2014,PT,,M,KZONT,27.1
2015,PT,,M,KZONT,25.7
2016,PT,,M,KZONT,23.1
2017,PT,,M,KZONT,29.1
2010,PT,,M,KZPAV,37.4
2011,PT,,M,KZPAV,38.3
2012,PT,,M,KZPAV,39.1
2013,PT,,M,KZPAV,47.1
2014,PT,,M,KZPAV,43.9
2015,PT,,M,KZPAV,53.7
2016,PT,,M,KZPAV,45.5
2017,PT,,M,KZPAV,53.7
2018,PT,,M,KZPAV,61.6
2010,PT,,M,KZSEV,25.3
2011,PT,,M,KZSEV,31.0
2012,PT,,M,KZSEV,38.2
2013,PT,,M,KZSEV,30.8
2014,PT,,M,KZSEV,42.9
2015,PT,,M,KZSEV,40.6
2016,PT,,M,KZSEV,37.0
2017,PT,,M,KZSEV,42.4
2018,PT,,M,KZSEV,50.2
2018,PT,,M,KZYUZ,39.4
2010,PT,,M,KZVOS,24.5
2011,PT,,M,KZVOS,27.4
2012,PT,,M,KZVOS,33.4
2013,PT,,M,KZVOS,38.4
2014,PT,,M,KZVOS,39.6
2015,PT,,M,KZVOS,43.9
2016,PT,,M,KZVOS,40.9
2017,PT,,M,KZVOS,50.8
2018,PT,,M,KZVOS,53.0
2010,PT,,M,KZNS,36.2
2011,PT,,M,KZNS,23.6
2012,PT,,M,KZNS,26.9
2013,PT,,M,KZNS,24.3
2014,PT,,M,KZNS,31.7
2015,PT,,M,KZNS,32.5
2016,PT,,M,KZNS,34.0
2017,PT,,M,KZNS,35.5
2018,PT,,M,KZNS,38.6
2010,PT,,M,KZALA,21.1
2011,PT,,M,KZALA,25.0
2012,PT,,M,KZALA,17.5
2013,PT,,M,KZALA,20.1
2014,PT,,M,KZALA,18.6
2015,PT,,M,KZALA,16.5
2016,PT,,M,KZALA,29.8
2017,PT,,M,KZALA,26.7
2018,PT,,M,KZALA,27.8
2018,PT,,M,KZSHY,25.3
2010,PT,,F,,23.1
2011,PT,,F,,23.9
2012,PT,,F,,27.4
2013,PT,,F,,26.3
2014,PT,,F,,31.0
2015,PT,,F,,30.2
2016,PT,,F,,33.0
2017,PT,,F,,34.4
2018,PT,,F,,37.7
2010,PT,,F,KZAKM,28.1
2011,PT,,F,KZAKM,30.6
2012,PT,,F,KZAKM,34.7
2013,PT,,F,KZAKM,31.5
2014,PT,,F,KZAKM,35.1
2015,PT,,F,KZAKM,38.1
2016,PT,,F,KZAKM,42.2
2017,PT,,F,KZAKM,41.7
2018,PT,,F,KZAKM,40.2
2010,PT,,F,KZAKT,33.2
2011,PT,,F,KZAKT,30.5
2012,PT,,F,KZAKT,41.7
2013,PT,,F,KZAKT,32.0
2014,PT,,F,KZAKT,44.1
2015,PT,,F,KZAKT,42.9
2016,PT,,F,KZAKT,43.9
2017,PT,,F,KZAKT,41.5
2018,PT,,F,KZAKT,46.3
2010,PT,,F,KZALM,15.5
2011,PT,,F,KZALM,18.2
2012,PT,,F,KZALM,28.7
2013,PT,,F,KZALM,19.6
2014,PT,,F,KZALM,29.4
2015,PT,,F,KZALM,25.6
2016,PT,,F,KZALM,27.2
2017,PT,,F,KZALM,28.9
2018,PT,,F,KZALM,37.5
2010,PT,,F,KZATY,34.8
2011,PT,,F,KZATY,33.8
2012,PT,,F,KZATY,23.4
2013,PT,,F,KZATY,26.4
2014,PT,,F,KZATY,28.2
2015,PT,,F,KZATY,37.2
2016,PT,,F,KZATY,29.4
2017,PT,,F,KZATY,35.8
2018,PT,,F,KZATY,32.7
2010,PT,,F,KZZAP,27.1
2011,PT,,F,KZZAP,30.9
2012,PT,,F,KZZAP,38.0
2013,PT,,F,KZZAP,45.2
2014,PT,,F,KZZAP,33.0
2015,PT,,F,KZZAP,36.1
2016,PT,,F,KZZAP,36.4
2017,PT,,F,KZZAP,43.8
2018,PT,,F,KZZAP,47.8
2010,PT,,F,KZZHA,16.4
2011,PT,,F,KZZHA,19.4
2012,PT,,F,KZZHA,24.8
2013,PT,,F,KZZHA,36.7
2014,PT,,F,KZZHA,24.1
2015,PT,,F,KZZHA,24.0
2016,PT,,F,KZZHA,31.4
2017,PT,,F,KZZHA,23.7
2018,PT,,F,KZZHA,27.8
2010,PT,,F,KZKAR,26.7
2011,PT,,F,KZKAR,27.7
2012,PT,,F,KZKAR,30.1
2013,PT,,F,KZKAR,24.5
2014,PT,,F,KZKAR,35.9
2015,PT,,F,KZKAR,29.3
2016,PT,,F,KZKAR,35.9
2017,PT,,F,KZKAR,38.8
2018,PT,,F,KZKAR,40.6
2010,PT,,F,KZKUS,25.2
2011,PT,,F,KZKUS,30.7
2012,PT,,F,KZKUS,37.4
2013,PT,,F,KZKUS,36.9
2014,PT,,F,KZKUS,38.3
2015,PT,,F,KZKUS,43.6
2016,PT,,F,KZKUS,39.5
2017,PT,,F,KZKUS,40.9
2018,PT,,F,KZKUS,47.9
2010,PT,,F,KZKZY,23.2
2011,PT,,F,KZKZY,28.0
2012,PT,,F,KZKZY,31.1
2013,PT,,F,KZKZY,28.8
2014,PT,,F,KZKZY,39.7
2015,PT,,F,KZKZY,38.2
2016,PT,,F,KZKZY,37.3
2017,PT,,F,KZKZY,41.2
2018,PT,,F,KZKZY,43.6
2010,PT,,F,KZMAN,41.1
2011,PT,,F,KZMAN,30.5
2012,PT,,F,KZMAN,25.8
2013,PT,,F,KZMAN,52.9
2014,PT,,F,KZMAN,38.9
2015,PT,,F,KZMAN,54.9
2016,PT,,F,KZMAN,52.8
2017,PT,,F,KZMAN,65.2
2018,PT,,F,KZMAN,64.8
2010,PT,,F,KZONT,10.7
2011,PT,,F,KZONT,12.5
2012,PT,,F,KZONT,18.0
2013,PT,,F,KZONT,14.5
2014,PT,,F,KZONT,27.8
2015,PT,,F,KZONT,27.7
2016,PT,,F,KZONT,29.1
2017,PT,,F,KZONT,29.4
2010,PT,,F,KZPAV,40.9
2011,PT,,F,KZPAV,34.5
2012,PT,,F,KZPAV,36.9
2013,PT,,F,KZPAV,44.1
2014,PT,,F,KZPAV,40.4
2015,PT,,F,KZPAV,42.8
2016,PT,,F,KZPAV,43.6
2017,PT,,F,KZPAV,45.6
2018,PT,,F,KZPAV,55.5
2010,PT,,F,KZSEV,29.5
2011,PT,,F,KZSEV,28.9
2012,PT,,F,KZSEV,24.3
2013,PT,,F,KZSEV,29.6
2014,PT,,F,KZSEV,37.7
2015,PT,,F,KZSEV,34.1
2016,PT,,F,KZSEV,33.1
2017,PT,,F,KZSEV,41.8
2018,PT,,F,KZSEV,49.7
2018,PT,,F,KZYUZ,34.5
2010,PT,,F,KZVOS,27.1
2011,PT,,F,KZVOS,29.2
2012,PT,,F,KZVOS,31.1
2013,PT,,F,KZVOS,27.7
2014,PT,,F,KZVOS,34.1
2015,PT,,F,KZVOS,32.8
2016,PT,,F,KZVOS,38.7
2017,PT,,F,KZVOS,41.4
2018,PT,,F,KZVOS,47.9
2010,PT,,F,KZNS,26.9
2011,PT,,F,KZNS,23.1
2012,PT,,F,KZNS,21.2
2013,PT,,F,KZNS,16.7
2014,PT,,F,KZNS,34.3
2015,PT,,F,KZNS,31.9
2016,PT,,F,KZNS,31.0
2017,PT,,F,KZNS,28.0
2018,PT,,F,KZNS,18.5
2010,PT,,F,KZALA,16.2
2011,PT,,F,KZALA,15.4
2012,PT,,F,KZALA,19.8
2013,PT,,F,KZALA,15.7
2014,PT,,F,KZALA,14.9
2015,PT,,F,KZALA,12.2
2016,PT,,F,KZALA,22.2
2017,PT,,F,KZALA,23.6
2018,PT,,F,KZALA,23.9
2018,PT,,F,KZSHY,32.2
2010,PT,U,,,28.3
2011,PT,U,,,29.1
2012,PT,U,,,30.6
2013,PT,U,,,29.3
2014,PT,U,,,32.7
2015,PT,U,,,32.7
2016,PT,U,,,35.6
2017,PT,U,,,37.5
2018,PT,U,,,38.4
2010,PT,U,,KZAKM,32.4
2011,PT,U,,KZAKM,36.9
2012,PT,U,,KZAKM,45.0
2013,PT,U,,KZAKM,43.3
2014,PT,U,,KZAKM,40.4
2015,PT,U,,KZAKM,44.0
2016,PT,U,,KZAKM,46.7
2017,PT,U,,KZAKM,44.6
2018,PT,U,,KZAKM,41.1
2010,PT,U,,KZAKT,35.8
2011,PT,U,,KZAKT,35.7
2012,PT,U,,KZAKT,38.7
2013,PT,U,,KZAKT,33.0
2014,PT,U,,KZAKT,56.1
2015,PT,U,,KZAKT,47.3
2016,PT,U,,KZAKT,51.7
2017,PT,U,,KZAKT,47.5
2018,PT,U,,KZAKT,53.7
2010,PT,U,,KZALM,15.0
2011,PT,U,,KZALM,23.2
2012,PT,U,,KZALM,27.2
2013,PT,U,,KZALM,22.9
2014,PT,U,,KZALM,29.9
2015,PT,U,,KZALM,28.2
2016,PT,U,,KZALM,27.8
2017,PT,U,,KZALM,35.2
2018,PT,U,,KZALM,38.8
2010,PT,U,,KZATY,38.0
2011,PT,U,,KZATY,37.8
2012,PT,U,,KZATY,27.3
2013,PT,U,,KZATY,29.5
2014,PT,U,,KZATY,30.5
2015,PT,U,,KZATY,49.4
2016,PT,U,,KZATY,34.9
2017,PT,U,,KZATY,42.3
2018,PT,U,,KZATY,35.7
2010,PT,U,,KZZAP,33.8
2011,PT,U,,KZZAP,35.1
2012,PT,U,,KZZAP,44.7
2013,PT,U,,KZZAP,42.8
2014,PT,U,,KZZAP,35.7
2015,PT,U,,KZZAP,40.1
2016,PT,U,,KZZAP,41.5
2017,PT,U,,KZZAP,38.8
2018,PT,U,,KZZAP,44.3
2010,PT,U,,KZZHA,33.9
2011,PT,U,,KZZHA,35.4
2012,PT,U,,KZZHA,25.4
2013,PT,U,,KZZHA,42.2
2014,PT,U,,KZZHA,23.8
2015,PT,U,,KZZHA,29.1
2016,PT,U,,KZZHA,41.1
2017,PT,U,,KZZHA,31.0
2018,PT,U,,KZZHA,33.5
2010,PT,U,,KZKAR,30.7
2011,PT,U,,KZKAR,30.0
2012,PT,U,,KZKAR,30.4
2013,PT,U,,KZKAR,26.7
2014,PT,U,,KZKAR,35.6
2015,PT,U,,KZKAR,31.8
2016,PT,U,,KZKAR,38.4
2017,PT,U,,KZKAR,42.4
2018,PT,U,,KZKAR,44.3
2010,PT,U,,KZKUS,27.7
2011,PT,U,,KZKUS,35.5
2012,PT,U,,KZKUS,41.8
2013,PT,U,,KZKUS,40.5
2014,PT,U,,KZKUS,41.4
2015,PT,U,,KZKUS,48.9
2016,PT,U,,KZKUS,45.4
2017,PT,U,,KZKUS,47.0
2018,PT,U,,KZKUS,54.8
2010,PT,U,,KZKZY,20.1
2011,PT,U,,KZKZY,23.9
2012,PT,U,,KZKZY,29.4
2013,PT,U,,KZKZY,31.8
2014,PT,U,,KZKZY,44.0
2015,PT,U,,KZKZY,33.7
2016,PT,U,,KZKZY,38.3
2017,PT,U,,KZKZY,43.8
2018,PT,U,,KZKZY,45.3
2010,PT,U,,KZMAN,46.3
2011,PT,U,,KZMAN,37.9
2012,PT,U,,KZMAN,38.7
2013,PT,U,,KZMAN,45.8
2014,PT,U,,KZMAN,39.3
2015,PT,U,,KZMAN,59.5
2016,PT,U,,KZMAN,55.5
2017,PT,U,,KZMAN,67.1
2018,PT,U,,KZMAN,60.9
2010,PT,U,,KZONT,18.8
2011,PT,U,,KZONT,19.1
2012,PT,U,,KZONT,26.6
2013,PT,U,,KZONT,24.0
2014,PT,U,,KZONT,28.9
2015,PT,U,,KZONT,32.5
2016,PT,U,,KZONT,25.4
2017,PT,U,,KZONT,28.6
2010,PT,U,,KZPAV,41.2
2011,PT,U,,KZPAV,43.5
2012,PT,U,,KZPAV,42.9
2013,PT,U,,KZPAV,48.6
2014,PT,U,,KZPAV,45.8
2015,PT,U,,KZPAV,52.8
2016,PT,U,,KZPAV,46.9
2017,PT,U,,KZPAV,50.4
2018,PT,U,,KZPAV,59.7
2010,PT,U,,KZSEV,29.8
2011,PT,U,,KZSEV,39.7
2012,PT,U,,KZSEV,41.0
2013,PT,U,,KZSEV,40.0
2014,PT,U,,KZSEV,42.1
2015,PT,U,,KZSEV,38.9
2016,PT,U,,KZSEV,31.2
2017,PT,U,,KZSEV,45.6
2018,PT,U,,KZSEV,54.3
2018,PT,U,,KZYUZ,42.9
2010,PT,U,,KZVOS,32.9
2011,PT,U,,KZVOS,32.3
2012,PT,U,,KZVOS,36.9
2013,PT,U,,KZVOS,35.3
2014,PT,U,,KZVOS,37.1
2015,PT,U,,KZVOS,37.1
2016,PT,U,,KZVOS,38.2
2017,PT,U,,KZVOS,49.2
2018,PT,U,,KZVOS,53.2
2010,PT,U,,KZNS,31.6
2011,PT,U,,KZNS,23.3
2012,PT,U,,KZNS,24.2
2013,PT,U,,KZNS,18.0
2014,PT,U,,KZNS,33.4
2015,PT,U,,KZNS,34.1
2016,PT,U,,KZNS,34.6
2017,PT,U,,KZNS,32.7
2018,PT,U,,KZNS,21.2
2010,PT,U,,KZALA,18.7
2011,PT,U,,KZALA,20.2
2012,PT,U,,KZALA,18.7
2013,PT,U,,KZALA,17.5
2014,PT,U,,KZALA,15.6
2015,PT,U,,KZALA,12.7
2016,PT,U,,KZALA,25.3
2017,PT,U,,KZALA,24.2
2018,PT,U,,KZALA,24.7
2018,PT,U,,KZSHY,26.9
2010,PT,U,M,,30.7
2011,PT,U,M,,32.0
2012,PT,U,M,,32.4
2013,PT,U,M,,31.2
2014,PT,U,M,,34.8
2015,PT,U,M,,36.2
2016,PT,U,M,,38.2
2017,PT,U,M,,40.8
2018,PT,U,M,,41.1
2010,PT,U,M,KZAKM,33.2
2011,PT,U,M,KZAKM,38.5
2012,PT,U,M,KZAKM,46.7
2013,PT,U,M,KZAKM,47.0
2014,PT,U,M,KZAKM,41.8
2015,PT,U,M,KZAKM,50.7
2016,PT,U,M,KZAKM,46.9
2017,PT,U,M,KZAKM,43.9
2018,PT,U,M,KZAKM,42.6
2010,PT,U,M,KZAKT,33.3
2011,PT,U,M,KZAKT,45.7
2012,PT,U,M,KZAKT,38.9
2013,PT,U,M,KZAKT,41.6
2014,PT,U,M,KZAKT,66.2
2015,PT,U,M,KZAKT,51.1
2016,PT,U,M,KZAKT,58.7
2017,PT,U,M,KZAKT,55.1
2018,PT,U,M,KZAKT,58.7
2010,PT,U,M,KZALM,15.1
2011,PT,U,M,KZALM,25.7
2012,PT,U,M,KZALM,23.2
2013,PT,U,M,KZALM,21.5
2014,PT,U,M,KZALM,31.6
2015,PT,U,M,KZALM,30.3
2016,PT,U,M,KZALM,29.3
2017,PT,U,M,KZALM,34.6
2018,PT,U,M,KZALM,42.8
2010,PT,U,M,KZATY,40.3
2011,PT,U,M,KZATY,41.2
2012,PT,U,M,KZATY,32.8
2013,PT,U,M,KZATY,31.4
2014,PT,U,M,KZATY,32.8
2015,PT,U,M,KZATY,53.4
2016,PT,U,M,KZATY,34.9
2017,PT,U,M,KZATY,45.5
2018,PT,U,M,KZATY,37.6
2010,PT,U,M,KZZAP,37.5
2011,PT,U,M,KZZAP,38.3
2012,PT,U,M,KZZAP,56.9
2013,PT,U,M,KZZAP,43.0
2014,PT,U,M,KZZAP,40.5
2015,PT,U,M,KZZAP,42.3
2016,PT,U,M,KZZAP,47.5
2017,PT,U,M,KZZAP,44.8
2018,PT,U,M,KZZAP,50.2
2010,PT,U,M,KZZHA,44.9
2011,PT,U,M,KZZHA,44.2
2012,PT,U,M,KZZHA,29.2
2013,PT,U,M,KZZHA,51.7
2014,PT,U,M,KZZHA,25.2
2015,PT,U,M,KZZHA,33.7
2016,PT,U,M,KZZHA,45.1
2017,PT,U,M,KZZHA,33.7
2018,PT,U,M,KZZHA,37.7
2010,PT,U,M,KZKAR,32.5
2011,PT,U,M,KZKAR,31.2
2012,PT,U,M,KZKAR,30.2
2013,PT,U,M,KZKAR,28.1
2014,PT,U,M,KZKAR,36.4
2015,PT,U,M,KZKAR,36.1
2016,PT,U,M,KZKAR,41.2
2017,PT,U,M,KZKAR,45.6
2018,PT,U,M,KZKAR,48.3
2010,PT,U,M,KZKUS,32.4
2011,PT,U,M,KZKUS,40.7
2012,PT,U,M,KZKUS,42.5
2013,PT,U,M,KZKUS,38.2
2014,PT,U,M,KZKUS,41.9
2015,PT,U,M,KZKUS,51.0
2016,PT,U,M,KZKUS,51.6
2017,PT,U,M,KZKUS,52.1
2018,PT,U,M,KZKUS,59.1
2010,PT,U,M,KZKZY,21.9
2011,PT,U,M,KZKZY,22.0
2012,PT,U,M,KZKZY,25.6
2013,PT,U,M,KZKZY,30.7
2014,PT,U,M,KZKZY,44.3
2015,PT,U,M,KZKZY,34.4
2016,PT,U,M,KZKZY,41.1
2017,PT,U,M,KZKZY,47.6
2018,PT,U,M,KZKZY,47.2
2010,PT,U,M,KZMAN,50.1
2011,PT,U,M,KZMAN,43.9
2012,PT,U,M,KZMAN,45.8
2013,PT,U,M,KZMAN,32.6
2014,PT,U,M,KZMAN,41.8
2015,PT,U,M,KZMAN,65.5
2016,PT,U,M,KZMAN,63.3
2017,PT,U,M,KZMAN,72.2
2018,PT,U,M,KZMAN,64.0
2010,PT,U,M,KZONT,20.3
2011,PT,U,M,KZONT,19.6
2012,PT,U,M,KZONT,28.7
2013,PT,U,M,KZONT,24.8
2014,PT,U,M,KZONT,27.1
2015,PT,U,M,KZONT,34.8
2016,PT,U,M,KZONT,20.9
2017,PT,U,M,KZONT,31.1
2010,PT,U,M,KZPAV,40.6
2011,PT,U,M,KZPAV,45.6
2012,PT,U,M,KZPAV,44.3
2013,PT,U,M,KZPAV,50.0
2014,PT,U,M,KZPAV,49.7
2015,PT,U,M,KZPAV,60.3
2016,PT,U,M,KZPAV,48.9
2017,PT,U,M,KZPAV,56.4
2018,PT,U,M,KZPAV,62.9
2010,PT,U,M,KZSEV,28.0
2011,PT,U,M,KZSEV,43.2
2012,PT,U,M,KZSEV,50.8
2013,PT,U,M,KZSEV,44.0
2014,PT,U,M,KZSEV,45.4
2015,PT,U,M,KZSEV,44.1
2016,PT,U,M,KZSEV,32.6
2017,PT,U,M,KZSEV,47.3
2018,PT,U,M,KZSEV,54.3
2018,PT,U,M,KZYUZ,41.9
2010,PT,U,M,KZVOS,35.7
2011,PT,U,M,KZVOS,33.4
2012,PT,U,M,KZVOS,41.3
2013,PT,U,M,KZVOS,42.0
2014,PT,U,M,KZVOS,42.5
2015,PT,U,M,KZVOS,43.6
2016,PT,U,M,KZVOS,39.0
2017,PT,U,M,KZVOS,55.6
2018,PT,U,M,KZVOS,58.4
2010,PT,U,M,KZNS,36.2
2011,PT,U,M,KZNS,23.6
2012,PT,U,M,KZNS,26.9
2013,PT,U,M,KZNS,19.4
2014,PT,U,M,KZNS,32.5
2015,PT,U,M,KZNS,36.2
2016,PT,U,M,KZNS,38.1
2017,PT,U,M,KZNS,37.0
2018,PT,U,M,KZNS,23.9
2010,PT,U,M,KZALA,21.1
2011,PT,U,M,KZALA,25.0
2012,PT,U,M,KZALA,17.5
2013,PT,U,M,KZALA,19.4
2014,PT,U,M,KZALA,16.2
2015,PT,U,M,KZALA,13.3
2016,PT,U,M,KZALA,28.5
2017,PT,U,M,KZALA,24.9
2018,PT,U,M,KZALA,25.6
2018,PT,U,M,KZSHY,20.7
2010,PT,U,F,,25.7
2011,PT,U,F,,26.1
2012,PT,U,F,,28.7
2013,PT,U,F,,27.2
2014,PT,U,F,,30.5
2015,PT,U,F,,29.1
2016,PT,U,F,,32.8
2017,PT,U,F,,33.8
2018,PT,U,F,,35.6
2010,PT,U,F,KZAKM,31.6
2011,PT,U,F,KZAKM,35.2
2012,PT,U,F,KZAKM,43.0
2013,PT,U,F,KZAKM,38.9
2014,PT,U,F,KZAKM,39.1
2015,PT,U,F,KZAKM,37.5
2016,PT,U,F,KZAKM,46.5
2017,PT,U,F,KZAKM,45.4
2018,PT,U,F,KZAKM,39.7
2010,PT,U,F,KZAKT,37.7
2011,PT,U,F,KZAKT,27.1
2012,PT,U,F,KZAKT,38.6
2013,PT,U,F,KZAKT,24.4
2014,PT,U,F,KZAKT,44.5
2015,PT,U,F,KZAKT,43.1
2016,PT,U,F,KZAKT,43.4
2017,PT,U,F,KZAKT,39.0
2018,PT,U,F,KZAKT,48.5
2010,PT,U,F,KZALM,14.9
2011,PT,U,F,KZALM,20.7
2012,PT,U,F,KZALM,32.5
2013,PT,U,F,KZALM,24.6
2014,PT,U,F,KZALM,28.1
2015,PT,U,F,KZALM,25.8
2016,PT,U,F,KZALM,26.0
2017,PT,U,F,KZALM,35.7
2018,PT,U,F,KZALM,34.4
2010,PT,U,F,KZATY,35.1
2011,PT,U,F,KZATY,34.4
2012,PT,U,F,KZATY,21.7
2013,PT,U,F,KZATY,27.6
2014,PT,U,F,KZATY,28.0
2015,PT,U,F,KZATY,44.8
2016,PT,U,F,KZATY,34.9
2017,PT,U,F,KZATY,38.6
2018,PT,U,F,KZATY,33.9
2010,PT,U,F,KZZAP,28.5
2011,PT,U,F,KZZAP,31.8
2012,PT,U,F,KZZAP,30.5
2013,PT,U,F,KZZAP,42.5
2014,PT,U,F,KZZAP,30.5
2015,PT,U,F,KZZAP,37.7
2016,PT,U,F,KZZAP,34.9
2017,PT,U,F,KZZAP,33.0
2018,PT,U,F,KZZAP,37.2
2010,PT,U,F,KZZHA,22.8
2011,PT,U,F,KZZHA,26.3
2012,PT,U,F,KZZHA,21.2
2013,PT,U,F,KZZHA,32.9
2014,PT,U,F,KZZHA,22.3
2015,PT,U,F,KZZHA,23.4
2016,PT,U,F,KZZHA,35.7
2017,PT,U,F,KZZHA,27.3
2018,PT,U,F,KZZHA,28.4
2010,PT,U,F,KZKAR,28.8
2011,PT,U,F,KZKAR,28.8
2012,PT,U,F,KZKAR,30.7
2013,PT,U,F,KZKAR,25.2
2014,PT,U,F,KZKAR,34.6
2015,PT,U,F,KZKAR,26.7
2016,PT,U,F,KZKAR,34.8
2017,PT,U,F,KZKAR,37.9
2018,PT,U,F,KZKAR,39.0
2010,PT,U,F,KZKUS,22.8
2011,PT,U,F,KZKUS,30.2
2012,PT,U,F,KZKUS,41.1
2013,PT,U,F,KZKUS,42.6
2014,PT,U,F,KZKUS,41.0
2015,PT,U,F,KZKUS,46.5
2016,PT,U,F,KZKUS,39.2
2017,PT,U,F,KZKUS,42.0
2018,PT,U,F,KZKUS,50.8
2010,PT,U,F,KZKZY,18.3
2011,PT,U,F,KZKZY,26.1
2012,PT,U,F,KZKZY,34.0
2013,PT,U,F,KZKZY,33.2
2014,PT,U,F,KZKZY,43.6
2015,PT,U,F,KZKZY,32.7
2016,PT,U,F,KZKZY,35.5
2017,PT,U,F,KZKZY,39.7
2018,PT,U,F,KZKZY,42.9
2010,PT,U,F,KZMAN,41.0
2011,PT,U,F,KZMAN,30.6
2012,PT,U,F,KZMAN,29.9
2013,PT,U,F,KZMAN,59.0
2014,PT,U,F,KZMAN,36.4
2015,PT,U,F,KZMAN,52.9
2016,PT,U,F,KZMAN,44.6
2017,PT,U,F,KZMAN,59.9
2018,PT,U,F,KZMAN,57.1
2010,PT,U,F,KZONT,16.9
2011,PT,U,F,KZONT,18.6
2012,PT,U,F,KZONT,24.2
2013,PT,U,F,KZONT,23.0
2014,PT,U,F,KZONT,30.8
2015,PT,U,F,KZONT,30.2
2016,PT,U,F,KZONT,31.1
2017,PT,U,F,KZONT,25.0
2010,PT,U,F,KZPAV,41.8
2011,PT,U,F,KZPAV,41.0
2012,PT,U,F,KZPAV,41.2
2013,PT,U,F,KZPAV,46.9
2014,PT,U,F,KZPAV,41.6
2015,PT,U,F,KZPAV,44.4
2016,PT,U,F,KZPAV,44.7
2017,PT,U,F,KZPAV,43.9
2018,PT,U,F,KZPAV,56.7
2010,PT,U,F,KZSEV,32.0
2011,PT,U,F,KZSEV,36.1
2012,PT,U,F,KZSEV,32.4
2013,PT,U,F,KZSEV,36.3
2014,PT,U,F,KZSEV,37.8
2015,PT,U,F,KZSEV,33.0
2016,PT,U,F,KZSEV,29.6
2017,PT,U,F,KZSEV,43.5
2018,PT,U,F,KZSEV,54.2
2018,PT,U,F,KZYUZ,44.2
2010,PT,U,F,KZVOS,30.3
2011,PT,U,F,KZVOS,31.2
2012,PT,U,F,KZVOS,32.0
2013,PT,U,F,KZVOS,27.9
2014,PT,U,F,KZVOS,30.9
2015,PT,U,F,KZVOS,30.7
2016,PT,U,F,KZVOS,37.5
2017,PT,U,F,KZVOS,42.4
2018,PT,U,F,KZVOS,47.7
2010,PT,U,F,KZNS,26.9
2011,PT,U,F,KZNS,23.1
2012,PT,U,F,KZNS,21.2
2013,PT,U,F,KZNS,16.7
2014,PT,U,F,KZNS,34.3
2015,PT,U,F,KZNS,31.9
2016,PT,U,F,KZNS,31.0
2017,PT,U,F,KZNS,28.0
2018,PT,U,F,KZNS,18.5
2010,PT,U,F,KZALA,16.2
2011,PT,U,F,KZALA,15.4
2012,PT,U,F,KZALA,19.8
2013,PT,U,F,KZALA,15.7
2014,PT,U,F,KZALA,14.9
2015,PT,U,F,KZALA,12.2
2016,PT,U,F,KZALA,22.2
2017,PT,U,F,KZALA,23.6
2018,PT,U,F,KZALA,23.9
2018,PT,U,F,KZSHY,32.2
2010,PT,R,,,18.9
2011,PT,R,,,20.8
2012,PT,R,,,24.5
2013,PT,R,,,25.3
2014,PT,R,,,32.0
2015,PT,R,,,32.3
2016,PT,R,,,33.3
2017,PT,R,,,35.4
2018,PT,R,,,42.1
2010,PT,R,,KZAKM,24.2
2011,PT,R,,KZAKM,25.2
2012,PT,R,,KZAKM,24.3
2013,PT,R,,KZAKM,24.4
2014,PT,R,,KZAKM,32.1
2015,PT,R,,KZAKM,39.9
2016,PT,R,,KZAKM,38.8
2017,PT,R,,KZAKM,39.2
2018,PT,R,,KZAKM,43.7
2010,PT,R,,KZAKT,26.4
2011,PT,R,,KZAKT,32.3
2012,PT,R,,KZAKT,42.6
2013,PT,R,,KZAKT,44.3
2014,PT,R,,KZAKT,48.8
2015,PT,R,,KZAKT,45.2
2016,PT,R,,KZAKT,48.0
2017,PT,R,,KZAKT,50.8
2018,PT,R,,KZAKT,49.4
2010,PT,R,,KZALM,16.7
2011,PT,R,,KZALM,18.9
2012,PT,R,,KZALM,26.5
2013,PT,R,,KZALM,18.9
2014,PT,R,,KZALM,29.0
2015,PT,R,,KZALM,25.2
2016,PT,R,,KZALM,25.9
2017,PT,R,,KZALM,25.6
2018,PT,R,,KZALM,37.7
2010,PT,R,,KZATY,30.0
2011,PT,R,,KZATY,33.9
2012,PT,R,,KZATY,26.2
2013,PT,R,,KZATY,26.7
2014,PT,R,,KZATY,30.1
2015,PT,R,,KZATY,31.1
2016,PT,R,,KZATY,29.7
2017,PT,R,,KZATY,38.2
2018,PT,R,,KZATY,32.3
2010,PT,R,,KZZAP,19.8
2011,PT,R,,KZZAP,24.5
2012,PT,R,,KZZAP,39.5
2013,PT,R,,KZZAP,50.0
2014,PT,R,,KZZAP,34.2
2015,PT,R,,KZZAP,35.9
2016,PT,R,,KZZAP,38.4
2017,PT,R,,KZZAP,50.3
2018,PT,R,,KZZAP,55.1
2010,PT,R,,KZZHA,10.3
2011,PT,R,,KZZHA,15.2
2012,PT,R,,KZZHA,23.5
2013,PT,R,,KZZHA,35.4
2014,PT,R,,KZZHA,23.4
2015,PT,R,,KZZHA,23.6
2016,PT,R,,KZZHA,26.8
2017,PT,R,,KZZHA,21.7
2018,PT,R,,KZZHA,29.7
2010,PT,R,,KZKAR,20.8
2011,PT,R,,KZKAR,24.3
2012,PT,R,,KZKAR,26.5
2013,PT,R,,KZKAR,25.0
2014,PT,R,,KZKAR,41.5
2015,PT,R,,KZKAR,42.3
2016,PT,R,,KZKAR,41.5
2017,PT,R,,KZKAR,41.6
2018,PT,R,,KZKAR,48.2
2010,PT,R,,KZKUS,26.9
2011,PT,R,,KZKUS,31.8
2012,PT,R,,KZKUS,34.0
2013,PT,R,,KZKUS,35.8
2014,PT,R,,KZKUS,35.9
2015,PT,R,,KZKUS,42.4
2016,PT,R,,KZKUS,41.2
2017,PT,R,,KZKUS,42.1
2018,PT,R,,KZKUS,45.9
2010,PT,R,,KZKZY,20.5
2011,PT,R,,KZKZY,23.0
2012,PT,R,,KZKZY,28.1
2013,PT,R,,KZKZY,23.5
2014,PT,R,,KZKZY,37.5
2015,PT,R,,KZKZY,42.9
2016,PT,R,,KZKZY,38.9
2017,PT,R,,KZKZY,42.8
2018,PT,R,,KZKZY,42.9
2010,PT,R,,KZMAN,37.6
2011,PT,R,,KZMAN,34.3
2012,PT,R,,KZMAN,32.0
2013,PT,R,,KZMAN,39.7
2014,PT,R,,KZMAN,51.6
2015,PT,R,,KZMAN,62.6
2016,PT,R,,KZMAN,64.3
2017,PT,R,,KZMAN,73.1
2018,PT,R,,KZMAN,71.0
2010,PT,R,,KZONT,8.8
2011,PT,R,,KZONT,9.4
2012,PT,R,,KZONT,11.7
2013,PT,R,,KZONT,9.9
2014,PT,R,,KZONT,26.8
2015,PT,R,,KZONT,23.5
2016,PT,R,,KZONT,25.7
2017,PT,R,,KZONT,29.6
2010,PT,R,,KZPAV,36.1
2011,PT,R,,KZPAV,24.8
2012,PT,R,,KZPAV,30.5
2013,PT,R,,KZPAV,40.9
2014,PT,R,,KZPAV,35.3
2015,PT,R,,KZPAV,40.0
2016,PT,R,,KZPAV,39.8
2017,PT,R,,KZPAV,49.0
2018,PT,R,,KZPAV,55.9
2010,PT,R,,KZSEV,26.1
2011,PT,R,,KZSEV,24.7
2012,PT,R,,KZSEV,23.3
2013,PT,R,,KZSEV,21.1
2014,PT,R,,KZSEV,39.7
2015,PT,R,,KZSEV,36.6
2016,PT,R,,KZSEV,39.7
2017,PT,R,,KZSEV,38.8
2018,PT,R,,KZSEV,46.2
2018,PT,R,,KZYUZ,36.4
2010,PT,R,,KZVOS,18.9
2011,PT,R,,KZVOS,22.7
2012,PT,R,,KZVOS,24.8
2013,PT,R,,KZVOS,30.8
2014,PT,R,,KZVOS,37.3
2015,PT,R,,KZVOS,41.8
2016,PT,R,,KZVOS,42.9
2017,PT,R,,KZVOS,41.3
2018,PT,R,,KZVOS,46.7
2010,PT,R,M,,17.6
2011,PT,R,M,,20.3
2012,PT,R,M,,23.5
2013,PT,R,M,,25.4
2014,PT,R,M,,32.3
2015,PT,R,M,,32.6
2016,PT,R,M,,33.2
2017,PT,R,M,,35.5
2018,PT,R,M,,43.1
2010,PT,R,M,KZAKM,22.9
2011,PT,R,M,KZAKM,23.8
2012,PT,R,M,KZAKM,22.4
2013,PT,R,M,KZAKM,25.1
2014,PT,R,M,KZAKM,33.3
2015,PT,R,M,KZAKM,40.7
2016,PT,R,M,KZAKM,39.7
2017,PT,R,M,KZAKM,40.2
2018,PT,R,M,KZAKM,46.1
2010,PT,R,M,KZAKT,24.4
2011,PT,R,M,KZAKT,29.8
2012,PT,R,M,KZAKT,39.1
2013,PT,R,M,KZAKT,42.1
2014,PT,R,M,KZAKT,53.3
2015,PT,R,M,KZAKT,47.3
2016,PT,R,M,KZAKT,50.4
2017,PT,R,M,KZAKT,53.5
2018,PT,R,M,KZAKT,54.8
2010,PT,R,M,KZALM,17.4
2011,PT,R,M,KZALM,20.0
2012,PT,R,M,KZALM,25.6
2013,PT,R,M,KZALM,19.7
2014,PT,R,M,KZALM,28.4
2015,PT,R,M,KZALM,24.8
2016,PT,R,M,KZALM,24.5
2017,PT,R,M,KZALM,24.5
2018,PT,R,M,KZALM,37.2
2010,PT,R,M,KZATY,25.9
2011,PT,R,M,KZATY,34.3
2012,PT,R,M,KZATY,27.0
2013,PT,R,M,KZATY,28.0
2014,PT,R,M,KZATY,31.6
2015,PT,R,M,KZATY,32.7
2016,PT,R,M,KZATY,33.6
2017,PT,R,M,KZATY,42.1
2018,PT,R,M,KZATY,32.8
2010,PT,R,M,KZZAP,14.1
2011,PT,R,M,KZZAP,20.0
2012,PT,R,M,KZZAP,37.0
2013,PT,R,M,KZZAP,52.7
2014,PT,R,M,KZZAP,33.4
2015,PT,R,M,KZZAP,36.7
2016,PT,R,M,KZZAP,39.2
2017,PT,R,M,KZZAP,48.7
2018,PT,R,M,KZZAP,54.8
2010,PT,R,M,KZZHA,8.4
2011,PT,R,M,KZZHA,14.9
2012,PT,R,M,KZZHA,20.8
2013,PT,R,M,KZZHA,32.6
2014,PT,R,M,KZZHA,21.7
2015,PT,R,M,KZZHA,23.0
2016,PT,R,M,KZZHA,24.9
2017,PT,R,M,KZZHA,21.6
2018,PT,R,M,KZZHA,31.5
2010,PT,R,M,KZKAR,21.0
2011,PT,R,M,KZKAR,24.3
2012,PT,R,M,KZKAR,25.6
2013,PT,R,M,KZKAR,27.6
2014,PT,R,M,KZKAR,41.7
2015,PT,R,M,KZKAR,41.4
2016,PT,R,M,KZKAR,41.6
2017,PT,R,M,KZKAR,41.0
2018,PT,R,M,KZKAR,48.4
2010,PT,R,M,KZKUS,26.4
2011,PT,R,M,KZKUS,32.4
2012,PT,R,M,KZKUS,34.5
2013,PT,R,M,KZKUS,39.8
2014,PT,R,M,KZKUS,37.1
2015,PT,R,M,KZKUS,44.6
2016,PT,R,M,KZKUS,42.3
2017,PT,R,M,KZKUS,44.3
2018,PT,R,M,KZKUS,48.0
2010,PT,R,M,KZKZY,15.6
2011,PT,R,M,KZKZY,17.9
2012,PT,R,M,KZKZY,27.7
2013,PT,R,M,KZKZY,22.0
2014,PT,R,M,KZKZY,37.6
2015,PT,R,M,KZKZY,44.1
2016,PT,R,M,KZKZY,39.0
2017,PT,R,M,KZKZY,43.2
2018,PT,R,M,KZKZY,42.1
2010,PT,R,M,KZMAN,34.7
2011,PT,R,M,KZMAN,37.0
2012,PT,R,M,KZMAN,41.0
2013,PT,R,M,KZMAN,36.3
2014,PT,R,M,KZMAN,56.5
2015,PT,R,M,KZMAN,66.1
2016,PT,R,M,KZMAN,66.2
2017,PT,R,M,KZMAN,75.6
2018,PT,R,M,KZMAN,72.4
2010,PT,R,M,KZONT,9.6
2011,PT,R,M,KZONT,9.6
2012,PT,R,M,KZONT,9.2
2013,PT,R,M,KZONT,9.9
2014,PT,R,M,KZONT,27.1
2015,PT,R,M,KZONT,21.6
2016,PT,R,M,KZONT,24.2
2017,PT,R,M,KZONT,27.9
2010,PT,R,M,KZPAV,33.1
2011,PT,R,M,KZPAV,25.5
2012,PT,R,M,KZPAV,31.9
2013,PT,R,M,KZPAV,42.5
2014,PT,R,M,KZPAV,33.0
2015,PT,R,M,KZPAV,40.3
2016,PT,R,M,KZPAV,38.9
2017,PT,R,M,KZPAV,48.5
2018,PT,R,M,KZPAV,58.8
2010,PT,R,M,KZSEV,24.3
2011,PT,R,M,KZSEV,24.9
2012,PT,R,M,KZSEV,29.1
2013,PT,R,M,KZSEV,21.0
2014,PT,R,M,KZSEV,41.1
2015,PT,R,M,KZSEV,37.5
2016,PT,R,M,KZSEV,41.4
2017,PT,R,M,KZSEV,37.8
2018,PT,R,M,KZSEV,46.8
2018,PT,R,M,KZYUZ,39.0
2010,PT,R,M,KZVOS,15.6
2011,PT,R,M,KZVOS,20.5
2012,PT,R,M,KZVOS,21.5
2013,PT,R,M,KZVOS,33.5
2014,PT,R,M,KZVOS,35.8
2015,PT,R,M,KZVOS,44.4
2016,PT,R,M,KZVOS,43.7
2017,PT,R,M,KZVOS,42.6
2018,PT,R,M,KZVOS,45.5
2010,PT,R,F,,20.5
2011,PT,R,F,,21.4
2012,PT,R,F,,25.8
2013,PT,R,F,,25.1
2014,PT,R,F,,31.6
2015,PT,R,F,,31.9
2016,PT,R,F,,33.4
2017,PT,R,F,,35.2
2018,PT,R,F,,40.8
2010,PT,R,F,KZAKM,25.9
2011,PT,R,F,KZAKM,27.0
2012,PT,R,F,KZAKM,26.7
2013,PT,R,F,KZAKM,23.3
2014,PT,R,F,KZAKM,30.5
2015,PT,R,F,KZAKM,38.8
2016,PT,R,F,KZAKM,37.6
2017,PT,R,F,KZAKM,38.1
2018,PT,R,F,KZAKM,40.8
2010,PT,R,F,KZAKT,28.5
2011,PT,R,F,KZAKT,34.8
2012,PT,R,F,KZAKT,46.5
2013,PT,R,F,KZAKT,46.3
2014,PT,R,F,KZAKT,43.3
2015,PT,R,F,KZAKT,42.6
2016,PT,R,F,KZAKT,44.8
2017,PT,R,F,KZAKT,47.2
2018,PT,R,F,KZAKT,41.1
2010,PT,R,F,KZALM,15.7
2011,PT,R,F,KZALM,17.6
2012,PT,R,F,KZALM,27.6
2013,PT,R,F,KZALM,18.0
2014,PT,R,F,KZALM,29.8
2015,PT,R,F,KZALM,25.6
2016,PT,R,F,KZALM,27.6
2017,PT,R,F,KZALM,26.8
2018,PT,R,F,KZALM,38.3
2010,PT,R,F,KZATY,34.7
2011,PT,R,F,KZATY,33.3
2012,PT,R,F,KZATY,25.2
2013,PT,R,F,KZATY,25.3
2014,PT,R,F,KZATY,28.4
2015,PT,R,F,KZATY,29.0
2016,PT,R,F,KZATY,24.9
2017,PT,R,F,KZATY,32.5
2018,PT,R,F,KZATY,31.4
2010,PT,R,F,KZZAP,26.3
2011,PT,R,F,KZZAP,30.2
2012,PT,R,F,KZZAP,42.6
2013,PT,R,F,KZZAP,46.9
2014,PT,R,F,KZZAP,35.3
2015,PT,R,F,KZZAP,34.7
2016,PT,R,F,KZZAP,37.6
2017,PT,R,F,KZZAP,52.3
2018,PT,R,F,KZZAP,55.5
2010,PT,R,F,KZZHA,12.5
2011,PT,R,F,KZZHA,15.6
2012,PT,R,F,KZZHA,26.5
2013,PT,R,F,KZZHA,38.5
2014,PT,R,F,KZZHA,25.6
2015,PT,R,F,KZZHA,24.5
2016,PT,R,F,KZZHA,29.5
2017,PT,R,F,KZZHA,21.8
2018,PT,R,F,KZZHA,27.5
2010,PT,R,F,KZKAR,20.4
2011,PT,R,F,KZKAR,24.2
2012,PT,R,F,KZKAR,27.8
2013,PT,R,F,KZKAR,21.6
2014,PT,R,F,KZKAR,41.1
2015,PT,R,F,KZKAR,44.0
2016,PT,R,F,KZKAR,41.3
2017,PT,R,F,KZKAR,42.4
2018,PT,R,F,KZKAR,48.0
2010,PT,R,F,KZKUS,27.4
2011,PT,R,F,KZKUS,31.2
2012,PT,R,F,KZKUS,33.4
2013,PT,R,F,KZKUS,31.5
2014,PT,R,F,KZKUS,34.5
2015,PT,R,F,KZKUS,39.6
2016,PT,R,F,KZKUS,39.9
2017,PT,R,F,KZKUS,39.6
2018,PT,R,F,KZKUS,43.5
2010,PT,R,F,KZKZY,26.8
2011,PT,R,F,KZKZY,29.4
2012,PT,R,F,KZKZY,28.7
2013,PT,R,F,KZKZY,25.5
2014,PT,R,F,KZKZY,37.5
2015,PT,R,F,KZKZY,41.3
2016,PT,R,F,KZKZY,38.7
2017,PT,R,F,KZKZY,42.3
2018,PT,R,F,KZKZY,44.0
2010,PT,R,F,KZMAN,41.3
2011,PT,R,F,KZMAN,30.3
2012,PT,R,F,KZMAN,19.7
2013,PT,R,F,KZMAN,44.8
2014,PT,R,F,KZMAN,43.2
2015,PT,R,F,KZMAN,57.5
2016,PT,R,F,KZMAN,61.2
2017,PT,R,F,KZMAN,69.6
2018,PT,R,F,KZMAN,69.3
2010,PT,R,F,KZONT,7.9
2011,PT,R,F,KZONT,9.1
2012,PT,R,F,KZONT,14.7
2013,PT,R,F,KZONT,10.0
2014,PT,R,F,KZONT,26.5
2015,PT,R,F,KZONT,26.2
2016,PT,R,F,KZONT,28.0
2017,PT,R,F,KZONT,32.0
2010,PT,R,F,KZPAV,39.7
2011,PT,R,F,KZPAV,24.0
2012,PT,R,F,KZPAV,28.4
2013,PT,R,F,KZPAV,37.9
2014,PT,R,F,KZPAV,37.9
2015,PT,R,F,KZPAV,39.7
2016,PT,R,F,KZPAV,41.1
2017,PT,R,F,KZPAV,49.8
2018,PT,R,F,KZPAV,52.8
2010,PT,R,F,KZSEV,28.4
2011,PT,R,F,KZSEV,24.5
2012,PT,R,F,KZSEV,16.7
2013,PT,R,F,KZSEV,21.3
2014,PT,R,F,KZSEV,37.7
2015,PT,R,F,KZSEV,35.3
2016,PT,R,F,KZSEV,37.4
2017,PT,R,F,KZSEV,40.0
2018,PT,R,F,KZSEV,45.3
2018,PT,R,F,KZYUZ,33.0
2010,PT,R,F,KZVOS,23.4
2011,PT,R,F,KZVOS,26.0
2012,PT,R,F,KZVOS,29.3
2013,PT,R,F,KZVOS,27.5
2014,PT,R,F,KZVOS,39.3
2015,PT,R,F,KZVOS,37.7
2016,PT,R,F,KZVOS,41.8
2017,PT,R,F,KZVOS,39.4
2018,PT,R,F,KZVOS,48.3
