Year,UNIT_MEASURE,COMPOSITE_BREAKDOWN,AGE,REF_AREA,Value
2015,PT,SKILL_ICTCMFL,Y15T24,,13.22816217108324
2015,PT,SKILL_ICTCPT,Y15T24,,19.461043106059417
2015,PT,SKILL_ICTATCH,Y15T24,,45.17932106932099
2015,PT,SKILL_ICTSSHT,Y15T24,,37.20976806718313
2015,PT,SKILL_ICTCDV,Y15T24,,13.228123878752696
2015,PT,SKILL_ICTSFWR,Y15T24,,14.749631340587689
2015,PT,SKILL_ICTPST,Y15T24,,19.964893591357267
2015,PT,SKILL_ICTTRFF,Y15T24,,19.546090372197625
2015,PT,SKILL_ICTPRGM,Y15T24,,3.4932178538757004
2015,PT,SKILL_ICTCMFL,Y15T24,KZAKM,21.673480244505537
2015,PT,SKILL_ICTCPT,Y15T24,KZAKM,20.51214460553568
2015,PT,SKILL_ICTATCH,Y15T24,KZAKM,46.05064959517981
2015,PT,SKILL_ICTSSHT,Y15T24,KZAKM,50.31444172472227
2015,PT,SKILL_ICTCDV,Y15T24,KZAKM,30.390698550178875
2015,PT,SKILL_ICTSFWR,Y15T24,KZAKM,21.9742044812653
2015,PT,SKILL_ICTPST,Y15T24,KZAKM,32.21238938053098
2015,PT,SKILL_ICTTRFF,Y15T24,KZAKM,34.94916211636227
2015,PT,SKILL_ICTPRGM,Y15T24,KZAKM,3.7318772359254377
2015,PT,SKILL_ICTCMFL,Y15T24,KZAKT,14.568321881318427
2015,PT,SKILL_ICTCPT,Y15T24,KZAKT,16.91179805003401
2015,PT,SKILL_ICTATCH,Y15T24,KZAKT,50.20784521200211
2015,PT,SKILL_ICTSSHT,Y15T24,KZAKT,36.38349331116318
2015,PT,SKILL_ICTCDV,Y15T24,KZAKT,13.967954047313128
2015,PT,SKILL_ICTSFWR,Y15T24,KZAKT,16.35250547955559
2015,PT,SKILL_ICTPST,Y15T24,KZAKT,18.750661325674557
2015,PT,SKILL_ICTTRFF,Y15T24,KZAKT,20.984808404504573
2015,PT,SKILL_ICTPRGM,Y15T24,KZAKT,1.4670092963494823
2015,PT,SKILL_ICTCMFL,Y15T24,KZALM,10.10353472487036
2015,PT,SKILL_ICTCPT,Y15T24,KZALM,20.424349216152883
2015,PT,SKILL_ICTATCH,Y15T24,KZALM,40.324074915075656
2015,PT,SKILL_ICTSSHT,Y15T24,KZALM,31.40184199531327
2015,PT,SKILL_ICTCDV,Y15T24,KZALM,7.604861123726135
2015,PT,SKILL_ICTSFWR,Y15T24,KZALM,10.665043870006722
2015,PT,SKILL_ICTPST,Y15T24,KZALM,9.463205507820309
2015,PT,SKILL_ICTTRFF,Y15T24,KZALM,21.127722574433687
2015,PT,SKILL_ICTPRGM,Y15T24,KZALM,1.9491725553597703
2015,PT,SKILL_ICTCMFL,Y15T24,KZATY,10.957498199007588
2015,PT,SKILL_ICTCPT,Y15T24,KZATY,14.972867957392644
2015,PT,SKILL_ICTATCH,Y15T24,KZATY,56.23813670976531
2015,PT,SKILL_ICTSSHT,Y15T24,KZATY,30.43031642884259
2015,PT,SKILL_ICTCDV,Y15T24,KZATY,4.575601259462719
2015,PT,SKILL_ICTSFWR,Y15T24,KZATY,3.840914673633907
2015,PT,SKILL_ICTPST,Y15T24,KZATY,16.189901967352224
2015,PT,SKILL_ICTTRFF,Y15T24,KZATY,21.74471315959893
2015,PT,SKILL_ICTPRGM,Y15T24,KZATY,3.9157231861727073
2015,PT,SKILL_ICTCMFL,Y15T24,KZZAP,13.269356995784385
2015,PT,SKILL_ICTCPT,Y15T24,KZZAP,23.489568356816516
2015,PT,SKILL_ICTATCH,Y15T24,KZZAP,74.70952213595749
2015,PT,SKILL_ICTSSHT,Y15T24,KZZAP,52.097511102591135
2015,PT,SKILL_ICTCDV,Y15T24,KZZAP,15.416892978476415
2015,PT,SKILL_ICTSFWR,Y15T24,KZZAP,18.28386423421409
2015,PT,SKILL_ICTPST,Y15T24,KZZAP,18.45852370150271
2015,PT,SKILL_ICTTRFF,Y15T24,KZZAP,19.445775690384146
2015,PT,SKILL_ICTPRGM,Y15T24,KZZAP,5.899017007998126
2015,PT,SKILL_ICTCMFL,Y15T24,KZZHA,6.054250434159915
2015,PT,SKILL_ICTCPT,Y15T24,KZZHA,5.0844777605340985
2015,PT,SKILL_ICTATCH,Y15T24,KZZHA,24.62768293754209
2015,PT,SKILL_ICTSSHT,Y15T24,KZZHA,33.04032092764487
2015,PT,SKILL_ICTCDV,Y15T24,KZZHA,8.037831981493953
2015,PT,SKILL_ICTSFWR,Y15T24,KZZHA,8.723024215981964
2015,PT,SKILL_ICTPST,Y15T24,KZZHA,16.82586161459401
2015,PT,SKILL_ICTTRFF,Y15T24,KZZHA,6.086498199174256
2015,PT,SKILL_ICTPRGM,Y15T24,KZZHA,1.3440309214957102
2015,PT,SKILL_ICTCMFL,Y15T24,KZKAR,17.101585272058227
2015,PT,SKILL_ICTCPT,Y15T24,KZKAR,31.426392457542967
2015,PT,SKILL_ICTATCH,Y15T24,KZKAR,52.285872224553934
2015,PT,SKILL_ICTSSHT,Y15T24,KZKAR,36.20645531135156
2015,PT,SKILL_ICTCDV,Y15T24,KZKAR,21.80484609006316
2015,PT,SKILL_ICTSFWR,Y15T24,KZKAR,18.794721917962477
2015,PT,SKILL_ICTPST,Y15T24,KZKAR,27.514408263126107
2015,PT,SKILL_ICTTRFF,Y15T24,KZKAR,31.53387861230256
2015,PT,SKILL_ICTPRGM,Y15T24,KZKAR,2.6144727548189626
2015,PT,SKILL_ICTCMFL,Y15T24,KZKUS,16.07829351743426
2015,PT,SKILL_ICTCPT,Y15T24,KZKUS,25.91009273506051
2015,PT,SKILL_ICTATCH,Y15T24,KZKUS,49.76421175198569
2015,PT,SKILL_ICTSSHT,Y15T24,KZKUS,47.19757142263068
2015,PT,SKILL_ICTCDV,Y15T24,KZKUS,17.558947062003575
2015,PT,SKILL_ICTSFWR,Y15T24,KZKUS,15.20272799101759
2015,PT,SKILL_ICTPST,Y15T24,KZKUS,25.516696469414065
2015,PT,SKILL_ICTTRFF,Y15T24,KZKUS,28.047573501892124
2015,PT,SKILL_ICTPRGM,Y15T24,KZKUS,3.316006154613881
2015,PT,SKILL_ICTCMFL,Y15T24,KZKZY,8.066946606270289
2015,PT,SKILL_ICTCPT,Y15T24,KZKZY,17.696099118539337
2015,PT,SKILL_ICTATCH,Y15T24,KZKZY,24.11634962217427
2015,PT,SKILL_ICTSSHT,Y15T24,KZKZY,33.649183434591166
2015,PT,SKILL_ICTCDV,Y15T24,KZKZY,11.94231887058374
2015,PT,SKILL_ICTSFWR,Y15T24,KZKZY,15.109844171769373
2015,PT,SKILL_ICTPST,Y15T24,KZKZY,13.452029270545518
2015,PT,SKILL_ICTTRFF,Y15T24,KZKZY,17.522514272974114
2015,PT,SKILL_ICTPRGM,Y15T24,KZKZY,3.747999394841823
2015,PT,SKILL_ICTCMFL,Y15T24,KZMAN,8.09717935354822
2015,PT,SKILL_ICTCPT,Y15T24,KZMAN,12.852402913127856
2015,PT,SKILL_ICTATCH,Y15T24,KZMAN,57.14300619770039
2015,PT,SKILL_ICTSSHT,Y15T24,KZMAN,33.08153001815488
2015,PT,SKILL_ICTCDV,Y15T24,KZMAN,8.693474677072683
2015,PT,SKILL_ICTSFWR,Y15T24,KZMAN,27.89173848625863
2015,PT,SKILL_ICTPST,Y15T24,KZMAN,18.11627470211389
2015,PT,SKILL_ICTTRFF,Y15T24,KZMAN,10.033179608105003
2015,PT,SKILL_ICTPRGM,Y15T24,KZMAN,3.306483587571211
2015,PT,SKILL_ICTCMFL,Y15T24,KZPAV,11.962867767773266
2015,PT,SKILL_ICTCPT,Y15T24,KZPAV,22.77398817644384
2015,PT,SKILL_ICTATCH,Y15T24,KZPAV,37.34626850588651
2015,PT,SKILL_ICTSSHT,Y15T24,KZPAV,28.182507200242533
2015,PT,SKILL_ICTCDV,Y15T24,KZPAV,13.394977515032084
2015,PT,SKILL_ICTSFWR,Y15T24,KZPAV,11.230357233085746
2015,PT,SKILL_ICTPST,Y15T24,KZPAV,19.694810772573398
2015,PT,SKILL_ICTTRFF,Y15T24,KZPAV,25.636905664190795
2015,PT,SKILL_ICTPRGM,Y15T24,KZPAV,3.968470516901622
2015,PT,SKILL_ICTCMFL,Y15T24,KZSEV,17.65415390428117
2015,PT,SKILL_ICTCPT,Y15T24,KZSEV,22.41472293380073
2015,PT,SKILL_ICTATCH,Y15T24,KZSEV,38.69219360927599
2015,PT,SKILL_ICTSSHT,Y15T24,KZSEV,36.64149925846029
2015,PT,SKILL_ICTCDV,Y15T24,KZSEV,20.513684778212216
2015,PT,SKILL_ICTSFWR,Y15T24,KZSEV,14.248348388836456
2015,PT,SKILL_ICTPST,Y15T24,KZSEV,24.47755157071592
2015,PT,SKILL_ICTTRFF,Y15T24,KZSEV,28.886342186868006
2015,PT,SKILL_ICTPRGM,Y15T24,KZSEV,3.719832816502629
2015,PT,SKILL_ICTCMFL,Y15T24,KZYUZ,18.55739451179479
2015,PT,SKILL_ICTCPT,Y15T24,KZYUZ,13.599361250158362
2015,PT,SKILL_ICTATCH,Y15T24,KZYUZ,40.9504055531167
2015,PT,SKILL_ICTSSHT,Y15T24,KZYUZ,43.99448459546335
2015,PT,SKILL_ICTCDV,Y15T24,KZYUZ,11.1692834393497
2015,PT,SKILL_ICTSFWR,Y15T24,KZYUZ,15.313791752231056
2015,PT,SKILL_ICTPST,Y15T24,KZYUZ,20.023393329071077
2015,PT,SKILL_ICTTRFF,Y15T24,KZYUZ,14.018319864000494
2015,PT,SKILL_ICTPRGM,Y15T24,KZYUZ,2.8967658869872395
2015,PT,SKILL_ICTCMFL,Y15T24,KZVOS,14.84530006923104
2015,PT,SKILL_ICTCPT,Y15T24,KZVOS,20.93821386425888
2015,PT,SKILL_ICTATCH,Y15T24,KZVOS,51.54708932843981
2015,PT,SKILL_ICTSSHT,Y15T24,KZVOS,43.01157339742549
2015,PT,SKILL_ICTCDV,Y15T24,KZVOS,9.372394902941526
2015,PT,SKILL_ICTSFWR,Y15T24,KZVOS,5.470027174207239
2015,PT,SKILL_ICTPST,Y15T24,KZVOS,20.17603689629413
2015,PT,SKILL_ICTTRFF,Y15T24,KZVOS,17.19553520196607
2015,PT,SKILL_ICTPRGM,Y15T24,KZVOS,2.3157621228360776
2015,PT,SKILL_ICTCMFL,Y15T24,KZNS,29.116626205069743
2015,PT,SKILL_ICTCPT,Y15T24,KZNS,58.58194290614169
2015,PT,SKILL_ICTATCH,Y15T24,KZNS,81.40430168994962
2015,PT,SKILL_ICTSSHT,Y15T24,KZNS,66.34660045017685
2015,PT,SKILL_ICTCDV,Y15T24,KZNS,42.11386616170639
2015,PT,SKILL_ICTSFWR,Y15T24,KZNS,47.29000678838115
2015,PT,SKILL_ICTPST,Y15T24,KZNS,51.52470613455286
2015,PT,SKILL_ICTTRFF,Y15T24,KZNS,50.11254421379828
2015,PT,SKILL_ICTPRGM,Y15T24,KZNS,19.527314302047238
2015,PT,SKILL_ICTCMFL,Y15T24,KZALA,58.2647278858238
2015,PT,SKILL_ICTCPT,Y15T24,KZALA,14.387030618252425
2015,PT,SKILL_ICTATCH,Y15T24,KZALA,42.261610021794986
2015,PT,SKILL_ICTSSHT,Y15T24,KZALA,22.06011361465372
2015,PT,SKILL_ICTCDV,Y15T24,KZALA,4.796066765179487
2015,PT,SKILL_ICTSFWR,Y15T24,KZALA,6.11468295897162
2015,PT,SKILL_ICTPST,Y15T24,KZALA,12.10927904991013
2015,PT,SKILL_ICTTRFF,Y15T24,KZALA,5.755202139729649
2015,PT,SKILL_ICTPRGM,Y15T24,KZALA,2.0383576171334328
2015,PT,SKILL_ICTCMFL,Y15T24,KZSHY,20.793399786609644
2015,PT,SKILL_ICTCPT,Y15T24,KZSHY,7.186347715501623
2015,PT,SKILL_ICTATCH,Y15T24,KZSHY,31.619929948207144
2015,PT,SKILL_ICTSSHT,Y15T24,KZSHY,24.844230673591326
2015,PT,SKILL_ICTCDV,Y15T24,KZSHY,8.007644597273238
2015,PT,SKILL_ICTSFWR,Y15T24,KZSHY,15.809964974103572
2015,PT,SKILL_ICTPST,Y15T24,KZSHY,18.06853139897551
2015,PT,SKILL_ICTTRFF,Y15T24,KZSHY,10.882183683473889
2015,PT,SKILL_ICTPRGM,Y15T24,KZSHY,2.669214865757746
2015,PT,SKILL_ICTCMFL,Y_GE15,,25.313156102543765
2015,PT,SKILL_ICTCPT,Y_GE15,,17.799810171106323
2015,PT,SKILL_ICTATCH,Y_GE15,,46.157484718836415
2015,PT,SKILL_ICTSSHT,Y_GE15,,34.13156398713004
2015,PT,SKILL_ICTCDV,Y_GE15,,11.163039450833647
2015,PT,SKILL_ICTSFWR,Y_GE15,,11.945806952837854
2015,PT,SKILL_ICTPST,Y_GE15,,16.716882940355724
2015,PT,SKILL_ICTTRFF,Y_GE15,,18.158221712603297
2015,PT,SKILL_ICTPRGM,Y_GE15,,3.035041029571563
2015,PT,SKILL_ICTCMFL,Y_GE15,KZAKM,33.55498730192671
2015,PT,SKILL_ICTCPT,Y_GE15,KZAKM,12.439204359233663
2015,PT,SKILL_ICTATCH,Y_GE15,KZAKM,36.77498733698005
2015,PT,SKILL_ICTSSHT,Y_GE15,KZAKM,44.62080170499458
2015,PT,SKILL_ICTCDV,Y_GE15,KZAKM,20.12342281867432
2015,PT,SKILL_ICTSFWR,Y_GE15,KZAKM,12.41904868733996
2015,PT,SKILL_ICTPST,Y_GE15,KZAKM,21.801952120639584
2015,PT,SKILL_ICTTRFF,Y_GE15,KZAKM,20.452398437322
2015,PT,SKILL_ICTPRGM,Y_GE15,KZAKM,2.41009255835067
2015,PT,SKILL_ICTCMFL,Y_GE15,KZAKT,26.028413025009943
2015,PT,SKILL_ICTCPT,Y_GE15,KZAKT,12.700088555401145
2015,PT,SKILL_ICTATCH,Y_GE15,KZAKT,45.45396510491605
2015,PT,SKILL_ICTSSHT,Y_GE15,KZAKT,28.34984130413788
2015,PT,SKILL_ICTCDV,Y_GE15,KZAKT,12.1052450660237
2015,PT,SKILL_ICTSFWR,Y_GE15,KZAKT,12.78569756611782
2015,PT,SKILL_ICTPST,Y_GE15,KZAKT,12.942019947063184
2015,PT,SKILL_ICTTRFF,Y_GE15,KZAKT,19.21684942471727
2015,PT,SKILL_ICTPRGM,Y_GE15,KZAKT,1.871285297348085
2015,PT,SKILL_ICTCMFL,Y_GE15,KZALM,21.643120045710702
2015,PT,SKILL_ICTCPT,Y_GE15,KZALM,17.249773041705218
2015,PT,SKILL_ICTATCH,Y_GE15,KZALM,48.16649602496687
2015,PT,SKILL_ICTSSHT,Y_GE15,KZALM,30.35955124616781
2015,PT,SKILL_ICTCDV,Y_GE15,KZALM,6.558804676646064
2015,PT,SKILL_ICTSFWR,Y_GE15,KZALM,8.400502353695288
2015,PT,SKILL_ICTPST,Y_GE15,KZALM,8.505497756520882
2015,PT,SKILL_ICTTRFF,Y_GE15,KZALM,16.844873642963424
2015,PT,SKILL_ICTPRGM,Y_GE15,KZALM,1.805369847756666
2015,PT,SKILL_ICTCMFL,Y_GE15,KZATY,18.647869034461223
2015,PT,SKILL_ICTCPT,Y_GE15,KZATY,10.889756793862103
2015,PT,SKILL_ICTATCH,Y_GE15,KZATY,49.46546195288531
2015,PT,SKILL_ICTSSHT,Y_GE15,KZATY,23.47035878729004
2015,PT,SKILL_ICTCDV,Y_GE15,KZATY,3.783399334863181
2015,PT,SKILL_ICTSFWR,Y_GE15,KZATY,3.423075588685735
2015,PT,SKILL_ICTPST,Y_GE15,KZATY,12.238864410223876
2015,PT,SKILL_ICTTRFF,Y_GE15,KZATY,20.99121246214618
2015,PT,SKILL_ICTPRGM,Y_GE15,KZATY,3.226310076674117
2015,PT,SKILL_ICTCMFL,Y_GE15,KZZAP,24.196782962542944
2015,PT,SKILL_ICTCPT,Y_GE15,KZZAP,22.521346853006904
2015,PT,SKILL_ICTATCH,Y_GE15,KZZAP,76.56390714118942
2015,PT,SKILL_ICTSSHT,Y_GE15,KZZAP,46.03874120276175
2015,PT,SKILL_ICTCDV,Y_GE15,KZZAP,12.261724091924886
2015,PT,SKILL_ICTSFWR,Y_GE15,KZZAP,15.785622560955272
2015,PT,SKILL_ICTPST,Y_GE15,KZZAP,21.87718888629465
2015,PT,SKILL_ICTTRFF,Y_GE15,KZZAP,16.853799072746074
2015,PT,SKILL_ICTPRGM,Y_GE15,KZZAP,7.39176478436343
2015,PT,SKILL_ICTCMFL,Y_GE15,KZZHA,11.491325905819552
2015,PT,SKILL_ICTCPT,Y_GE15,KZZHA,6.101514685130181
2015,PT,SKILL_ICTATCH,Y_GE15,KZZHA,20.906838935949352
2015,PT,SKILL_ICTSSHT,Y_GE15,KZZHA,27.02727552558255
2015,PT,SKILL_ICTCDV,Y_GE15,KZZHA,5.929885016116932
2015,PT,SKILL_ICTSFWR,Y_GE15,KZZHA,9.34182420484694
2015,PT,SKILL_ICTPST,Y_GE15,KZZHA,14.0814947771546
2015,PT,SKILL_ICTTRFF,Y_GE15,KZZHA,6.562702794178983
2015,PT,SKILL_ICTPRGM,Y_GE15,KZZHA,0.8692083315011068
2015,PT,SKILL_ICTCMFL,Y_GE15,KZKAR,32.07563938726595
2015,PT,SKILL_ICTCPT,Y_GE15,KZKAR,25.087144522384403
2015,PT,SKILL_ICTATCH,Y_GE15,KZKAR,52.86337347999933
2015,PT,SKILL_ICTSSHT,Y_GE15,KZKAR,30.08389823690213
2015,PT,SKILL_ICTCDV,Y_GE15,KZKAR,16.533041947247394
2015,PT,SKILL_ICTSFWR,Y_GE15,KZKAR,14.12078053051976
2015,PT,SKILL_ICTPST,Y_GE15,KZKAR,19.287519856602124
2015,PT,SKILL_ICTTRFF,Y_GE15,KZKAR,24.87056956873986
2015,PT,SKILL_ICTPRGM,Y_GE15,KZKAR,1.527251023000915
2015,PT,SKILL_ICTCMFL,Y_GE15,KZKUS,27.79827902503506
2015,PT,SKILL_ICTCPT,Y_GE15,KZKUS,21.26899660634922
2015,PT,SKILL_ICTATCH,Y_GE15,KZKUS,45.62998614577023
2015,PT,SKILL_ICTSSHT,Y_GE15,KZKUS,40.38811614956919
2015,PT,SKILL_ICTCDV,Y_GE15,KZKUS,10.457613259387616
2015,PT,SKILL_ICTSFWR,Y_GE15,KZKUS,9.46324392341619
2015,PT,SKILL_ICTPST,Y_GE15,KZKUS,17.970673095255243
2015,PT,SKILL_ICTTRFF,Y_GE15,KZKUS,20.72146501771675
2015,PT,SKILL_ICTPRGM,Y_GE15,KZKUS,2.3595970551641257
2015,PT,SKILL_ICTCMFL,Y_GE15,KZKZY,15.475442515629606
2015,PT,SKILL_ICTCPT,Y_GE15,KZKZY,15.999790571042958
2015,PT,SKILL_ICTATCH,Y_GE15,KZKZY,22.29584555002249
2015,PT,SKILL_ICTSSHT,Y_GE15,KZKZY,27.265711050092307
2015,PT,SKILL_ICTCDV,Y_GE15,KZKZY,10.65721909371558
2015,PT,SKILL_ICTSFWR,Y_GE15,KZKZY,14.58439986968865
2015,PT,SKILL_ICTPST,Y_GE15,KZKZY,10.719853865127751
2015,PT,SKILL_ICTTRFF,Y_GE15,KZKZY,16.523556879353407
2015,PT,SKILL_ICTPRGM,Y_GE15,KZKZY,3.82091497184344
2015,PT,SKILL_ICTCMFL,Y_GE15,KZMAN,16.21092187405297
2015,PT,SKILL_ICTCPT,Y_GE15,KZMAN,11.340323655979152
2015,PT,SKILL_ICTATCH,Y_GE15,KZMAN,54.71434632401964
2015,PT,SKILL_ICTSSHT,Y_GE15,KZMAN,31.9335717316201
2015,PT,SKILL_ICTCDV,Y_GE15,KZMAN,7.135220316382811
2015,PT,SKILL_ICTSFWR,Y_GE15,KZMAN,23.354142675313653
2015,PT,SKILL_ICTPST,Y_GE15,KZMAN,14.64040244863325
2015,PT,SKILL_ICTTRFF,Y_GE15,KZMAN,11.954663919025396
2015,PT,SKILL_ICTPRGM,Y_GE15,KZMAN,2.8285350627310746
2015,PT,SKILL_ICTCMFL,Y_GE15,KZPAV,22.459812001333702
2015,PT,SKILL_ICTCPT,Y_GE15,KZPAV,20.83174759276161
2015,PT,SKILL_ICTATCH,Y_GE15,KZPAV,41.3922072498375
2015,PT,SKILL_ICTSSHT,Y_GE15,KZPAV,35.43465008739816
2015,PT,SKILL_ICTCDV,Y_GE15,KZPAV,11.15732679503026
2015,PT,SKILL_ICTSFWR,Y_GE15,KZPAV,8.912254939932708
2015,PT,SKILL_ICTPST,Y_GE15,KZPAV,19.395824422313307
2015,PT,SKILL_ICTTRFF,Y_GE15,KZPAV,37.71575894947073
2015,PT,SKILL_ICTPRGM,Y_GE15,KZPAV,4.4236268047973
2015,PT,SKILL_ICTCMFL,Y_GE15,KZSEV,33.82910431003738
2015,PT,SKILL_ICTCPT,Y_GE15,KZSEV,16.81064278512335
2015,PT,SKILL_ICTATCH,Y_GE15,KZSEV,41.231326033259805
2015,PT,SKILL_ICTSSHT,Y_GE15,KZSEV,35.19335508385398
2015,PT,SKILL_ICTCDV,Y_GE15,KZSEV,16.849168504893868
2015,PT,SKILL_ICTSFWR,Y_GE15,KZSEV,8.962623447413494
2015,PT,SKILL_ICTPST,Y_GE15,KZSEV,17.06028944923631
2015,PT,SKILL_ICTTRFF,Y_GE15,KZSEV,22.784330819254937
2015,PT,SKILL_ICTPRGM,Y_GE15,KZSEV,1.7726234033840993
2015,PT,SKILL_ICTCMFL,Y_GE15,KZYUZ,36.77773029967153
2015,PT,SKILL_ICTCPT,Y_GE15,KZYUZ,9.289014908575815
2015,PT,SKILL_ICTATCH,Y_GE15,KZYUZ,29.472795720808197
2015,PT,SKILL_ICTSSHT,Y_GE15,KZYUZ,29.571553785442024
2015,PT,SKILL_ICTCDV,Y_GE15,KZYUZ,9.195770430473267
2015,PT,SKILL_ICTSFWR,Y_GE15,KZYUZ,10.421894776444336
2015,PT,SKILL_ICTPST,Y_GE15,KZYUZ,12.487705918267569
2015,PT,SKILL_ICTTRFF,Y_GE15,KZYUZ,10.687763162268906
2015,PT,SKILL_ICTPRGM,Y_GE15,KZYUZ,1.4915873210212784
2015,PT,SKILL_ICTCMFL,Y_GE15,KZVOS,22.66280072810743
2015,PT,SKILL_ICTCPT,Y_GE15,KZVOS,17.09142646188036
2015,PT,SKILL_ICTATCH,Y_GE15,KZVOS,48.510066304562365
2015,PT,SKILL_ICTSSHT,Y_GE15,KZVOS,39.3773804215128
2015,PT,SKILL_ICTCDV,Y_GE15,KZVOS,5.901435014949595
2015,PT,SKILL_ICTSFWR,Y_GE15,KZVOS,4.041233835064659
2015,PT,SKILL_ICTPST,Y_GE15,KZVOS,16.68524705211524
2015,PT,SKILL_ICTTRFF,Y_GE15,KZVOS,13.090856257264626
2015,PT,SKILL_ICTPRGM,Y_GE15,KZVOS,1.4267908445607598
2015,PT,SKILL_ICTCMFL,Y_GE15,KZNS,51.12545499123022
2015,PT,SKILL_ICTCPT,Y_GE15,KZNS,46.82024781698508
2015,PT,SKILL_ICTATCH,Y_GE15,KZNS,76.9573266947048
2015,PT,SKILL_ICTSSHT,Y_GE15,KZNS,58.287126970057024
2015,PT,SKILL_ICTCDV,Y_GE15,KZNS,33.53167493351942
2015,PT,SKILL_ICTSFWR,Y_GE15,KZNS,38.08535918375045
2015,PT,SKILL_ICTPST,Y_GE15,KZNS,39.203113114434615
2015,PT,SKILL_ICTTRFF,Y_GE15,KZNS,45.82665384204339
2015,PT,SKILL_ICTPRGM,Y_GE15,KZNS,13.122921499475073
2015,PT,SKILL_ICTCMFL,Y_GE15,KZALA,14.049945661983552
2015,PT,SKILL_ICTCPT,Y_GE15,KZALA,22.80504999928254
2015,PT,SKILL_ICTATCH,Y_GE15,KZALA,60.14753960935535
2015,PT,SKILL_ICTSSHT,Y_GE15,KZALA,33.83593166475218
2015,PT,SKILL_ICTCDV,Y_GE15,KZALA,8.522874454637385
2015,PT,SKILL_ICTSFWR,Y_GE15,KZALA,9.707284617168094
2015,PT,SKILL_ICTPST,Y_GE15,KZALA,18.369421479489382
2015,PT,SKILL_ICTTRFF,Y_GE15,KZALA,11.448970976173593
2015,PT,SKILL_ICTPRGM,Y_GE15,KZALA,3.8550915740956815
2015,PT,SKILL_ICTCMFL,Y_GE15,KZSHY,22.684877812645496
2015,PT,SKILL_ICTCPT,Y_GE15,KZSHY,8.403605699331202
2015,PT,SKILL_ICTATCH,Y_GE15,KZSHY,34.34305912963676
2015,PT,SKILL_ICTSSHT,Y_GE15,KZSHY,25.162241342506142
2015,PT,SKILL_ICTCDV,Y_GE15,KZSHY,8.79221174323091
2015,PT,SKILL_ICTSFWR,Y_GE15,KZSHY,13.698363047464731
2015,PT,SKILL_ICTPST,Y_GE15,KZSHY,15.641393266963274
2015,PT,SKILL_ICTTRFF,Y_GE15,KZSHY,9.375120809080473
2015,PT,SKILL_ICTPRGM,Y_GE15,KZSHY,2.865969573760352
2016,PT,SKILL_ICTCMFL,Y15T24,,37.093443808248935
2016,PT,SKILL_ICTCPT,Y15T24,,19.76483359324544
2016,PT,SKILL_ICTATCH,Y15T24,,56.07647185925829
2016,PT,SKILL_ICTSSHT,Y15T24,,48.35929072048114
2016,PT,SKILL_ICTCDV,Y15T24,,19.118641289057944
2016,PT,SKILL_ICTSFWR,Y15T24,,16.726149996677318
2016,PT,SKILL_ICTPST,Y15T24,,28.534609031571065
2016,PT,SKILL_ICTTRFF,Y15T24,,25.052436720785952
2016,PT,SKILL_ICTPRGM,Y15T24,,6.9052525856247575
2016,PT,SKILL_ICTCMFL,Y15T24,KZAKM,61.04584583794029
2016,PT,SKILL_ICTCPT,Y15T24,KZAKM,28.79481914389512
2016,PT,SKILL_ICTATCH,Y15T24,KZAKM,61.325225082925286
2016,PT,SKILL_ICTSSHT,Y15T24,KZAKM,65.94534828621072
2016,PT,SKILL_ICTCDV,Y15T24,KZAKM,26.299162849470857
2016,PT,SKILL_ICTSFWR,Y15T24,KZAKM,21.963354920233773
2016,PT,SKILL_ICTPST,Y15T24,KZAKM,47.94463749802559
2016,PT,SKILL_ICTTRFF,Y15T24,KZAKM,47.99794661190965
2016,PT,SKILL_ICTPRGM,Y15T24,KZAKM,3.672405623124309
2016,PT,SKILL_ICTCMFL,Y15T24,KZAKT,48.8047614401405
2016,PT,SKILL_ICTCPT,Y15T24,KZAKT,17.22525774872345
2016,PT,SKILL_ICTATCH,Y15T24,KZAKT,67.81555924155202
2016,PT,SKILL_ICTSSHT,Y15T24,KZAKT,48.73320974404007
2016,PT,SKILL_ICTCDV,Y15T24,KZAKT,19.811688945262954
2016,PT,SKILL_ICTSFWR,Y15T24,KZAKT,20.12879305298078
2016,PT,SKILL_ICTPST,Y15T24,KZAKT,34.54971216704069
2016,PT,SKILL_ICTTRFF,Y15T24,KZAKT,24.313754187400395
2016,PT,SKILL_ICTPRGM,Y15T24,KZAKT,4.70208475623638
2016,PT,SKILL_ICTCMFL,Y15T24,KZALM,25.377429310201016
2016,PT,SKILL_ICTCPT,Y15T24,KZALM,17.91907733604289
2016,PT,SKILL_ICTATCH,Y15T24,KZALM,56.79145277110078
2016,PT,SKILL_ICTSSHT,Y15T24,KZALM,45.641459216402914
2016,PT,SKILL_ICTCDV,Y15T24,KZALM,22.067197961767985
2016,PT,SKILL_ICTSFWR,Y15T24,KZALM,8.032362999416131
2016,PT,SKILL_ICTPST,Y15T24,KZALM,30.237945389334165
2016,PT,SKILL_ICTTRFF,Y15T24,KZALM,10.744318655737455
2016,PT,SKILL_ICTPRGM,Y15T24,KZALM,1.9388985357790096
2016,PT,SKILL_ICTCMFL,Y15T24,KZATY,32.13580004391084
2016,PT,SKILL_ICTCPT,Y15T24,KZATY,9.240920278718264
2016,PT,SKILL_ICTATCH,Y15T24,KZATY,77.67942777244942
2016,PT,SKILL_ICTSSHT,Y15T24,KZATY,35.90750990882724
2016,PT,SKILL_ICTCDV,Y15T24,KZATY,12.973341499208448
2016,PT,SKILL_ICTSFWR,Y15T24,KZATY,19.36236841192988
2016,PT,SKILL_ICTPST,Y15T24,KZATY,12.38516738118074
2016,PT,SKILL_ICTTRFF,Y15T24,KZATY,15.32950461641572
2016,PT,SKILL_ICTPRGM,Y15T24,KZATY,5.183789967529091
2016,PT,SKILL_ICTCMFL,Y15T24,KZZAP,32.176029293560774
2016,PT,SKILL_ICTCPT,Y15T24,KZZAP,15.741939805304993
2016,PT,SKILL_ICTATCH,Y15T24,KZZAP,80.96365097794052
2016,PT,SKILL_ICTSSHT,Y15T24,KZZAP,41.572519424845936
2016,PT,SKILL_ICTCDV,Y15T24,KZZAP,8.83049030990444
2016,PT,SKILL_ICTSFWR,Y15T24,KZZAP,10.988434402071984
2016,PT,SKILL_ICTPST,Y15T24,KZZAP,21.59507010806466
2016,PT,SKILL_ICTTRFF,Y15T24,KZZAP,14.974993301777262
2016,PT,SKILL_ICTPRGM,Y15T24,KZZAP,1.0103152630168797
2016,PT,SKILL_ICTCMFL,Y15T24,KZZHA,25.574921766974747
2016,PT,SKILL_ICTCPT,Y15T24,KZZHA,17.009315188123136
2016,PT,SKILL_ICTATCH,Y15T24,KZZHA,33.7912087912088
2016,PT,SKILL_ICTSSHT,Y15T24,KZZHA,52.260267326492496
2016,PT,SKILL_ICTCDV,Y15T24,KZZHA,9.329743104577542
2016,PT,SKILL_ICTSFWR,Y15T24,KZZHA,14.722970186546345
2016,PT,SKILL_ICTPST,Y15T24,KZZHA,22.803410717318
2016,PT,SKILL_ICTTRFF,Y15T24,KZZHA,16.672731242267666
2016,PT,SKILL_ICTPRGM,Y15T24,KZZHA,5.442956601897
2016,PT,SKILL_ICTCMFL,Y15T24,KZKAR,51.86146719810406
2016,PT,SKILL_ICTCPT,Y15T24,KZKAR,28.966928794570723
2016,PT,SKILL_ICTATCH,Y15T24,KZKAR,70.31670796078853
2016,PT,SKILL_ICTSSHT,Y15T24,KZKAR,55.08240870408273
2016,PT,SKILL_ICTCDV,Y15T24,KZKAR,22.85144888505871
2016,PT,SKILL_ICTSFWR,Y15T24,KZKAR,22.927394161370245
2016,PT,SKILL_ICTPST,Y15T24,KZKAR,35.07271356242594
2016,PT,SKILL_ICTTRFF,Y15T24,KZKAR,36.58838737477109
2016,PT,SKILL_ICTPRGM,Y15T24,KZKAR,5.716901863621674
2016,PT,SKILL_ICTCMFL,Y15T24,KZKUS,46.45567163125573
2016,PT,SKILL_ICTCPT,Y15T24,KZKUS,29.677242888402628
2016,PT,SKILL_ICTATCH,Y15T24,KZKUS,72.90799040022587
2016,PT,SKILL_ICTSSHT,Y15T24,KZKUS,51.6702548175337
2016,PT,SKILL_ICTCDV,Y15T24,KZKUS,25.18264276134679
2016,PT,SKILL_ICTSFWR,Y15T24,KZKUS,25.28146396555375
2016,PT,SKILL_ICTPST,Y15T24,KZKUS,41.43431919248959
2016,PT,SKILL_ICTTRFF,Y15T24,KZKUS,35.69474835886214
2016,PT,SKILL_ICTPRGM,Y15T24,KZKUS,0.7085127408766853
2016,PT,SKILL_ICTCMFL,Y15T24,KZKZY,23.258322423404064
2016,PT,SKILL_ICTCPT,Y15T24,KZKZY,20.8293193027526
2016,PT,SKILL_ICTATCH,Y15T24,KZKZY,29.09369364918608
2016,PT,SKILL_ICTSSHT,Y15T24,KZKZY,54.38661495771888
2016,PT,SKILL_ICTCDV,Y15T24,KZKZY,14.438159227329992
2016,PT,SKILL_ICTSFWR,Y15T24,KZKZY,8.974137292196724
2016,PT,SKILL_ICTPST,Y15T24,KZKZY,13.380925326680334
2016,PT,SKILL_ICTTRFF,Y15T24,KZKZY,19.197358562030157
2016,PT,SKILL_ICTPRGM,Y15T24,KZKZY,5.766206391160075
2016,PT,SKILL_ICTCMFL,Y15T24,KZMAN,32.12309007372583
2016,PT,SKILL_ICTCPT,Y15T24,KZMAN,1.6508173950208354
2016,PT,SKILL_ICTATCH,Y15T24,KZMAN,54.78576771022545
2016,PT,SKILL_ICTSSHT,Y15T24,KZMAN,33.60188054279303
2016,PT,SKILL_ICTCDV,Y15T24,KZMAN,3.965167218719949
2016,PT,SKILL_ICTSFWR,Y15T24,KZMAN,10.490437012501337
2016,PT,SKILL_ICTPST,Y15T24,KZMAN,9.051180681696762
2016,PT,SKILL_ICTTRFF,Y15T24,KZMAN,15.177903622181857
2016,PT,SKILL_ICTPRGM,Y15T24,KZMAN,2.213911742707554
2016,PT,SKILL_ICTCMFL,Y15T24,KZPAV,28.98544525125924
2016,PT,SKILL_ICTCPT,Y15T24,KZPAV,21.0001176357356
2016,PT,SKILL_ICTATCH,Y15T24,KZPAV,61.539530954239694
2016,PT,SKILL_ICTSSHT,Y15T24,KZPAV,36.82105465784042
2016,PT,SKILL_ICTCDV,Y15T24,KZPAV,18.554363751082786
2016,PT,SKILL_ICTSFWR,Y15T24,KZPAV,18.221775444074904
2016,PT,SKILL_ICTPST,Y15T24,KZPAV,21.41398154188367
2016,PT,SKILL_ICTTRFF,Y15T24,KZPAV,25.88093124725962
2016,PT,SKILL_ICTPRGM,Y15T24,KZPAV,5.815483001636206
2016,PT,SKILL_ICTCMFL,Y15T24,KZSEV,47.640289178191374
2016,PT,SKILL_ICTCPT,Y15T24,KZSEV,28.980744759694044
2016,PT,SKILL_ICTATCH,Y15T24,KZSEV,72.68888174178122
2016,PT,SKILL_ICTSSHT,Y15T24,KZSEV,55.11305636737377
2016,PT,SKILL_ICTCDV,Y15T24,KZSEV,24.81227189462056
2016,PT,SKILL_ICTSFWR,Y15T24,KZSEV,11.71814914770741
2016,PT,SKILL_ICTPST,Y15T24,KZSEV,31.334163019311173
2016,PT,SKILL_ICTTRFF,Y15T24,KZSEV,42.70831876721715
2016,PT,SKILL_ICTPRGM,Y15T24,KZSEV,0.4572595192482485
2016,PT,SKILL_ICTCMFL,Y15T24,KZYUZ,45.6415622732479
2016,PT,SKILL_ICTCPT,Y15T24,KZYUZ,12.507121140341932
2016,PT,SKILL_ICTATCH,Y15T24,KZYUZ,45.04068794713265
2016,PT,SKILL_ICTSSHT,Y15T24,KZYUZ,45.73151351967234
2016,PT,SKILL_ICTCDV,Y15T24,KZYUZ,13.725061016928825
2016,PT,SKILL_ICTSFWR,Y15T24,KZYUZ,9.593000593678228
2016,PT,SKILL_ICTPST,Y15T24,KZYUZ,25.099995802275167
2016,PT,SKILL_ICTTRFF,Y15T24,KZYUZ,21.965194864383506
2016,PT,SKILL_ICTPRGM,Y15T24,KZYUZ,3.3156029432047838
2016,PT,SKILL_ICTCMFL,Y15T24,KZVOS,37.626530080736174
2016,PT,SKILL_ICTCPT,Y15T24,KZVOS,13.845530572677026
2016,PT,SKILL_ICTATCH,Y15T24,KZVOS,49.00830511907862
2016,PT,SKILL_ICTSSHT,Y15T24,KZVOS,55.21717741702116
2016,PT,SKILL_ICTCDV,Y15T24,KZVOS,10.140347831119598
2016,PT,SKILL_ICTSFWR,Y15T24,KZVOS,12.04792082646063
2016,PT,SKILL_ICTPST,Y15T24,KZVOS,26.105275342188268
2016,PT,SKILL_ICTTRFF,Y15T24,KZVOS,25.83499725091877
2016,PT,SKILL_ICTPRGM,Y15T24,KZVOS,1.2339034059669531
2016,PT,SKILL_ICTCMFL,Y15T24,KZNS,62.67474009698453
2016,PT,SKILL_ICTCPT,Y15T24,KZNS,63.8366594602975
2016,PT,SKILL_ICTATCH,Y15T24,KZNS,72.94683077665137
2016,PT,SKILL_ICTSSHT,Y15T24,KZNS,74.28359790182685
2016,PT,SKILL_ICTCDV,Y15T24,KZNS,65.2819527824911
2016,PT,SKILL_ICTSFWR,Y15T24,KZNS,65.5549909130843
2016,PT,SKILL_ICTPST,Y15T24,KZNS,63.36810191126692
2016,PT,SKILL_ICTTRFF,Y15T24,KZNS,58.99776918372797
2016,PT,SKILL_ICTPRGM,Y15T24,KZNS,64.63510219550218
2016,PT,SKILL_ICTCMFL,Y15T24,KZALA,21.8623153767004
2016,PT,SKILL_ICTCPT,Y15T24,KZALA,11.23619629416578
2016,PT,SKILL_ICTATCH,Y15T24,KZALA,48.6878883874679
2016,PT,SKILL_ICTSSHT,Y15T24,KZALA,37.8381553468852
2016,PT,SKILL_ICTCDV,Y15T24,KZALA,16.510163902549685
2016,PT,SKILL_ICTSFWR,Y15T24,KZALA,13.00363777779578
2016,PT,SKILL_ICTPST,Y15T24,KZALA,26.55415751820914
2016,PT,SKILL_ICTTRFF,Y15T24,KZALA,18.548615780987955
2016,PT,SKILL_ICTPRGM,Y15T24,KZALA,10.334448702471908
2016,PT,SKILL_ICTCMFL,Y15T24,KZSHY,23.720230855980365
2016,PT,SKILL_ICTCPT,Y15T24,KZSHY,19.774598471279365
2016,PT,SKILL_ICTATCH,Y15T24,KZSHY,51.11189733837501
2016,PT,SKILL_ICTSSHT,Y15T24,KZSHY,39.75115907097421
2016,PT,SKILL_ICTCDV,Y15T24,KZSHY,21.798642283793647
2016,PT,SKILL_ICTSFWR,Y15T24,KZSHY,16.871945691351744
2016,PT,SKILL_ICTPST,Y15T24,KZSHY,23.17257442746685
2016,PT,SKILL_ICTTRFF,Y15T24,KZSHY,26.322888795524403
2016,PT,SKILL_ICTPRGM,Y15T24,KZSHY,3.352276496473033
2016,PT,SKILL_ICTCMFL,Y_GE15,,28.201704482540368
2016,PT,SKILL_ICTCPT,Y_GE15,,14.434301259259223
2016,PT,SKILL_ICTATCH,Y_GE15,,48.37209853359246
2016,PT,SKILL_ICTSSHT,Y_GE15,,36.033462754574
2016,PT,SKILL_ICTCDV,Y_GE15,,13.176397109029612
2016,PT,SKILL_ICTSFWR,Y_GE15,,13.317743006305047
2016,PT,SKILL_ICTPST,Y_GE15,,17.456380922469755
2016,PT,SKILL_ICTTRFF,Y_GE15,,19.20821364152841
2016,PT,SKILL_ICTPRGM,Y_GE15,,5.0200636219146695
2016,PT,SKILL_ICTCMFL,Y_GE15,KZAKM,41.1250214037299
2016,PT,SKILL_ICTCPT,Y_GE15,KZAKM,17.669001151061295
2016,PT,SKILL_ICTATCH,Y_GE15,KZAKM,47.95804302751663
2016,PT,SKILL_ICTSSHT,Y_GE15,KZAKM,39.78125657055126
2016,PT,SKILL_ICTCDV,Y_GE15,KZAKM,19.079877030011197
2016,PT,SKILL_ICTSFWR,Y_GE15,KZAKM,12.763453571492215
2016,PT,SKILL_ICTPST,Y_GE15,KZAKM,20.2333478650796
2016,PT,SKILL_ICTTRFF,Y_GE15,KZAKM,30.07213389981539
2016,PT,SKILL_ICTPRGM,Y_GE15,KZAKM,2.072311648057483
2016,PT,SKILL_ICTCMFL,Y_GE15,KZAKT,34.72024817265893
2016,PT,SKILL_ICTCPT,Y_GE15,KZAKT,10.469129328434626
2016,PT,SKILL_ICTATCH,Y_GE15,KZAKT,59.24463443110361
2016,PT,SKILL_ICTSSHT,Y_GE15,KZAKT,35.45843838596979
2016,PT,SKILL_ICTCDV,Y_GE15,KZAKT,15.915010524852752
2016,PT,SKILL_ICTSFWR,Y_GE15,KZAKT,14.639999666050752
2016,PT,SKILL_ICTPST,Y_GE15,KZAKT,21.134236283689923
2016,PT,SKILL_ICTTRFF,Y_GE15,KZAKT,15.94674632179388
2016,PT,SKILL_ICTPRGM,Y_GE15,KZAKT,4.788873918107287
2016,PT,SKILL_ICTCMFL,Y_GE15,KZALM,19.589286035517
2016,PT,SKILL_ICTCPT,Y_GE15,KZALM,13.36647321805262
2016,PT,SKILL_ICTATCH,Y_GE15,KZALM,50.72573097597637
2016,PT,SKILL_ICTSSHT,Y_GE15,KZALM,36.79325154925666
2016,PT,SKILL_ICTCDV,Y_GE15,KZALM,14.135749908340248
2016,PT,SKILL_ICTSFWR,Y_GE15,KZALM,7.465615637941358
2016,PT,SKILL_ICTPST,Y_GE15,KZALM,24.1256791394728
2016,PT,SKILL_ICTTRFF,Y_GE15,KZALM,8.417548019933644
2016,PT,SKILL_ICTPRGM,Y_GE15,KZALM,1.3394958856948107
2016,PT,SKILL_ICTCMFL,Y_GE15,KZATY,22.99729154778996
2016,PT,SKILL_ICTCPT,Y_GE15,KZATY,7.36612741724993
2016,PT,SKILL_ICTATCH,Y_GE15,KZATY,62.49163043556072
2016,PT,SKILL_ICTSSHT,Y_GE15,KZATY,26.959575694368432
2016,PT,SKILL_ICTCDV,Y_GE15,KZATY,9.098335606767272
2016,PT,SKILL_ICTSFWR,Y_GE15,KZATY,13.481825830239297
2016,PT,SKILL_ICTPST,Y_GE15,KZATY,7.579925301061804
2016,PT,SKILL_ICTTRFF,Y_GE15,KZATY,14.41130268603082
2016,PT,SKILL_ICTPRGM,Y_GE15,KZATY,5.057693721061271
2016,PT,SKILL_ICTCMFL,Y_GE15,KZZAP,23.977129458510444
2016,PT,SKILL_ICTCPT,Y_GE15,KZZAP,11.49206491229658
2016,PT,SKILL_ICTATCH,Y_GE15,KZZAP,69.87093887018294
2016,PT,SKILL_ICTSSHT,Y_GE15,KZZAP,28.482917110543735
2016,PT,SKILL_ICTCDV,Y_GE15,KZZAP,7.4634854776372865
2016,PT,SKILL_ICTSFWR,Y_GE15,KZZAP,6.790436385658291
2016,PT,SKILL_ICTPST,Y_GE15,KZZAP,14.011138254107813
2016,PT,SKILL_ICTTRFF,Y_GE15,KZZAP,9.18297217417974
2016,PT,SKILL_ICTPRGM,Y_GE15,KZZAP,2.264292330589178
2016,PT,SKILL_ICTCMFL,Y_GE15,KZZHA,17.598876598401322
2016,PT,SKILL_ICTCPT,Y_GE15,KZZHA,9.602037138064953
2016,PT,SKILL_ICTATCH,Y_GE15,KZZHA,27.258003301295314
2016,PT,SKILL_ICTSSHT,Y_GE15,KZZHA,35.90499591176749
2016,PT,SKILL_ICTCDV,Y_GE15,KZZHA,5.7563848760935175
2016,PT,SKILL_ICTSFWR,Y_GE15,KZZHA,12.516090562694597
2016,PT,SKILL_ICTPST,Y_GE15,KZZHA,12.496526689995497
2016,PT,SKILL_ICTTRFF,Y_GE15,KZZHA,13.026255176251675
2016,PT,SKILL_ICTPRGM,Y_GE15,KZZHA,2.524638512814696
2016,PT,SKILL_ICTCMFL,Y_GE15,KZKAR,40.05462414057816
2016,PT,SKILL_ICTCPT,Y_GE15,KZKAR,19.50408248780032
2016,PT,SKILL_ICTATCH,Y_GE15,KZKAR,54.84562987683847
2016,PT,SKILL_ICTSSHT,Y_GE15,KZKAR,37.80898966130549
2016,PT,SKILL_ICTCDV,Y_GE15,KZKAR,18.42483645392912
2016,PT,SKILL_ICTSFWR,Y_GE15,KZKAR,13.622595652036653
2016,PT,SKILL_ICTPST,Y_GE15,KZKAR,20.0404670408608
2016,PT,SKILL_ICTTRFF,Y_GE15,KZKAR,25.83908727445892
2016,PT,SKILL_ICTPRGM,Y_GE15,KZKAR,3.8375205447288097
2016,PT,SKILL_ICTCMFL,Y_GE15,KZKUS,34.72770659984861
2016,PT,SKILL_ICTCPT,Y_GE15,KZKUS,17.666558550700103
2016,PT,SKILL_ICTATCH,Y_GE15,KZKUS,56.16529780630706
2016,PT,SKILL_ICTSSHT,Y_GE15,KZKUS,36.43465095463901
2016,PT,SKILL_ICTCDV,Y_GE15,KZKUS,14.030330794221662
2016,PT,SKILL_ICTSFWR,Y_GE15,KZKUS,14.247271786616386
2016,PT,SKILL_ICTPST,Y_GE15,KZKUS,20.639476538686232
2016,PT,SKILL_ICTTRFF,Y_GE15,KZKUS,24.952652413119445
2016,PT,SKILL_ICTPRGM,Y_GE15,KZKUS,0.5345554443571868
2016,PT,SKILL_ICTCMFL,Y_GE15,KZKZY,16.254029388312325
2016,PT,SKILL_ICTCPT,Y_GE15,KZKZY,17.359343497153663
2016,PT,SKILL_ICTATCH,Y_GE15,KZKZY,22.48704976977183
2016,PT,SKILL_ICTSSHT,Y_GE15,KZKZY,37.34869988192548
2016,PT,SKILL_ICTCDV,Y_GE15,KZKZY,9.13060266340846
2016,PT,SKILL_ICTSFWR,Y_GE15,KZKZY,13.83832092486142
2016,PT,SKILL_ICTPST,Y_GE15,KZKZY,11.403218065473016
2016,PT,SKILL_ICTTRFF,Y_GE15,KZKZY,17.945233165250947
2016,PT,SKILL_ICTPRGM,Y_GE15,KZKZY,5.218487297787953
2016,PT,SKILL_ICTCMFL,Y_GE15,KZMAN,31.965485069628187
2016,PT,SKILL_ICTCPT,Y_GE15,KZMAN,3.439062630202355
2016,PT,SKILL_ICTATCH,Y_GE15,KZMAN,50.05241834777591
2016,PT,SKILL_ICTSSHT,Y_GE15,KZMAN,32.03393434013069
2016,PT,SKILL_ICTCDV,Y_GE15,KZMAN,4.658945775545845
2016,PT,SKILL_ICTSFWR,Y_GE15,KZMAN,9.147764955068258
2016,PT,SKILL_ICTPST,Y_GE15,KZMAN,6.553661781963008
2016,PT,SKILL_ICTTRFF,Y_GE15,KZMAN,9.871495415585528
2016,PT,SKILL_ICTPRGM,Y_GE15,KZMAN,2.160405656334809
2016,PT,SKILL_ICTCMFL,Y_GE15,KZPAV,26.851386845804576
2016,PT,SKILL_ICTCPT,Y_GE15,KZPAV,20.424746027133956
2016,PT,SKILL_ICTATCH,Y_GE15,KZPAV,52.27686663648549
2016,PT,SKILL_ICTSSHT,Y_GE15,KZPAV,22.7899799996238
2016,PT,SKILL_ICTCDV,Y_GE15,KZPAV,9.80775312631678
2016,PT,SKILL_ICTSFWR,Y_GE15,KZPAV,11.46941959732706
2016,PT,SKILL_ICTPST,Y_GE15,KZPAV,9.48022138539246
2016,PT,SKILL_ICTTRFF,Y_GE15,KZPAV,17.951440479035575
2016,PT,SKILL_ICTPRGM,Y_GE15,KZPAV,3.0535358645790853
2016,PT,SKILL_ICTCMFL,Y_GE15,KZSEV,36.411772836636686
2016,PT,SKILL_ICTCPT,Y_GE15,KZSEV,19.538956269242146
2016,PT,SKILL_ICTATCH,Y_GE15,KZSEV,53.45678662976876
2016,PT,SKILL_ICTSSHT,Y_GE15,KZSEV,36.74036372796803
2016,PT,SKILL_ICTCDV,Y_GE15,KZSEV,16.159960443842223
2016,PT,SKILL_ICTSFWR,Y_GE15,KZSEV,6.178121023254449
2016,PT,SKILL_ICTPST,Y_GE15,KZSEV,14.507786841975392
2016,PT,SKILL_ICTTRFF,Y_GE15,KZSEV,30.96465445162256
2016,PT,SKILL_ICTPRGM,Y_GE15,KZSEV,0.9828917217290708
2016,PT,SKILL_ICTCMFL,Y_GE15,KZYUZ,35.82127054951109
2016,PT,SKILL_ICTCPT,Y_GE15,KZYUZ,7.829861058283813
2016,PT,SKILL_ICTATCH,Y_GE15,KZYUZ,33.63753520677621
2016,PT,SKILL_ICTSSHT,Y_GE15,KZYUZ,32.107211386802106
2016,PT,SKILL_ICTCDV,Y_GE15,KZYUZ,12.77956488862076
2016,PT,SKILL_ICTSFWR,Y_GE15,KZYUZ,6.537677390367367
2016,PT,SKILL_ICTPST,Y_GE15,KZYUZ,16.23517664627945
2016,PT,SKILL_ICTTRFF,Y_GE15,KZYUZ,16.850561362456382
2016,PT,SKILL_ICTPRGM,Y_GE15,KZYUZ,1.5856609250671974
2016,PT,SKILL_ICTCMFL,Y_GE15,KZVOS,25.03556594587122
2016,PT,SKILL_ICTCPT,Y_GE15,KZVOS,9.01373041552165
2016,PT,SKILL_ICTATCH,Y_GE15,KZVOS,42.556182562477616
2016,PT,SKILL_ICTSSHT,Y_GE15,KZVOS,43.210070753681904
2016,PT,SKILL_ICTCDV,Y_GE15,KZVOS,6.573248167384602
2016,PT,SKILL_ICTSFWR,Y_GE15,KZVOS,7.460039297294049
2016,PT,SKILL_ICTPST,Y_GE15,KZVOS,14.805000907098115
2016,PT,SKILL_ICTTRFF,Y_GE15,KZVOS,16.580250577795614
2016,PT,SKILL_ICTPRGM,Y_GE15,KZVOS,1.445197442467492
2016,PT,SKILL_ICTCMFL,Y_GE15,KZNS,34.6925653839916
2016,PT,SKILL_ICTCPT,Y_GE15,KZNS,28.9230676175126
2016,PT,SKILL_ICTATCH,Y_GE15,KZNS,75.21699140895899
2016,PT,SKILL_ICTSSHT,Y_GE15,KZNS,58.53113592152353
2016,PT,SKILL_ICTCDV,Y_GE15,KZNS,24.081869723438583
2016,PT,SKILL_ICTSFWR,Y_GE15,KZNS,48.263195190800886
2016,PT,SKILL_ICTPST,Y_GE15,KZNS,30.548147070898462
2016,PT,SKILL_ICTTRFF,Y_GE15,KZNS,34.40114601858325
2016,PT,SKILL_ICTPRGM,Y_GE15,KZNS,25.135264186698898
2016,PT,SKILL_ICTCMFL,Y_GE15,KZALA,118.29302760468757
2016,PT,SKILL_ICTCPT,Y_GE15,KZALA,58.8008077489517
2016,PT,SKILL_ICTATCH,Y_GE15,KZALA,203.8954899018058
2016,PT,SKILL_ICTSSHT,Y_GE15,KZALA,164.92041572333818
2016,PT,SKILL_ICTCDV,Y_GE15,KZALA,15.595325136354829
2016,PT,SKILL_ICTSFWR,Y_GE15,KZALA,51.2009546713045
2016,PT,SKILL_ICTPST,Y_GE15,KZALA,78.46752005220907
2016,PT,SKILL_ICTTRFF,Y_GE15,KZALA,75.54176663497158
2016,PT,SKILL_ICTPRGM,Y_GE15,KZALA,15.879818544088344
2016,PT,SKILL_ICTCMFL,Y_GE15,KZSHY,31.782476068935978
2016,PT,SKILL_ICTCPT,Y_GE15,KZSHY,19.37365800835979
2016,PT,SKILL_ICTATCH,Y_GE15,KZSHY,58.433195263884585
2016,PT,SKILL_ICTSSHT,Y_GE15,KZSHY,45.70679161649021
2016,PT,SKILL_ICTCDV,Y_GE15,KZSHY,14.505464503393243
2016,PT,SKILL_ICTSFWR,Y_GE15,KZSHY,17.254823928701647
2016,PT,SKILL_ICTPST,Y_GE15,KZSHY,23.604852125206204
2016,PT,SKILL_ICTTRFF,Y_GE15,KZSHY,31.06627382453336
2016,PT,SKILL_ICTPRGM,Y_GE15,KZSHY,2.501921326809873
2017,PT,SKILL_ICTCMFL,Y15T24,,35.553287910102604
2017,PT,SKILL_ICTCPT,Y15T24,,19.516016147864
2017,PT,SKILL_ICTATCH,Y15T24,,67.1475298806582
2017,PT,SKILL_ICTSSHT,Y15T24,,48.34964407875351
2017,PT,SKILL_ICTCDV,Y15T24,,19.21913085433017
2017,PT,SKILL_ICTSFWR,Y15T24,,20.52700427368517
2017,PT,SKILL_ICTPST,Y15T24,,27.98932955459398
2017,PT,SKILL_ICTTRFF,Y15T24,,23.472226389009325
2017,PT,SKILL_ICTPRGM,Y15T24,,6.2879762689031145
2017,PT,SKILL_ICTCMFL,Y15T24,KZAKM,66.80628710849555
2017,PT,SKILL_ICTCPT,Y15T24,KZAKM,36.24302334104736
2017,PT,SKILL_ICTATCH,Y15T24,KZAKM,67.20929008244904
2017,PT,SKILL_ICTSSHT,Y15T24,KZAKM,50.426714975339536
2017,PT,SKILL_ICTCDV,Y15T24,KZAKM,32.1036262919254
2017,PT,SKILL_ICTSFWR,Y15T24,KZAKM,19.97549661245903
2017,PT,SKILL_ICTPST,Y15T24,KZAKM,48.21617433008367
2017,PT,SKILL_ICTTRFF,Y15T24,KZAKM,49.41621202760296
2017,PT,SKILL_ICTPRGM,Y15T24,KZAKM,5.624260447972188
2017,PT,SKILL_ICTCMFL,Y15T24,KZAKT,48.66748542935135
2017,PT,SKILL_ICTCPT,Y15T24,KZAKT,18.67907251257437
2017,PT,SKILL_ICTATCH,Y15T24,KZAKT,88.63860367696842
2017,PT,SKILL_ICTSSHT,Y15T24,KZAKT,49.061533053565306
2017,PT,SKILL_ICTCDV,Y15T24,KZAKT,30.701864782644545
2017,PT,SKILL_ICTSFWR,Y15T24,KZAKT,23.47447586892275
2017,PT,SKILL_ICTPST,Y15T24,KZAKT,30.9969665276506
2017,PT,SKILL_ICTTRFF,Y15T24,KZAKT,38.20699651519557
2017,PT,SKILL_ICTPRGM,Y15T24,KZAKT,7.876612752735116
2017,PT,SKILL_ICTCMFL,Y15T24,KZALM,30.022620904836195
2017,PT,SKILL_ICTCPT,Y15T24,KZALM,17.6801872074883
2017,PT,SKILL_ICTATCH,Y15T24,KZALM,71.93232449774445
2017,PT,SKILL_ICTSSHT,Y15T24,KZALM,43.864664586583466
2017,PT,SKILL_ICTCDV,Y15T24,KZALM,21.52145085803432
2017,PT,SKILL_ICTSFWR,Y15T24,KZALM,17.966458658346333
2017,PT,SKILL_ICTPST,Y15T24,KZALM,17.609594383775352
2017,PT,SKILL_ICTTRFF,Y15T24,KZALM,10.904836193447736
2017,PT,SKILL_ICTPRGM,Y15T24,KZALM,3.06396255850234
2017,PT,SKILL_ICTCMFL,Y15T24,KZATY,39.347463343629066
2017,PT,SKILL_ICTCPT,Y15T24,KZATY,14.005751411225903
2017,PT,SKILL_ICTATCH,Y15T24,KZATY,79.84379821730084
2017,PT,SKILL_ICTSSHT,Y15T24,KZATY,37.0610998686406
2017,PT,SKILL_ICTCDV,Y15T24,KZATY,11.12531212648371
2017,PT,SKILL_ICTSFWR,Y15T24,KZATY,17.140625554727162
2017,PT,SKILL_ICTPST,Y15T24,KZATY,23.338185346918973
2017,PT,SKILL_ICTTRFF,Y15T24,KZATY,26.965361356670336
2017,PT,SKILL_ICTPRGM,Y15T24,KZATY,8.37623223393806
2017,PT,SKILL_ICTCMFL,Y15T24,KZZAP,35.30163419380553
2017,PT,SKILL_ICTCPT,Y15T24,KZZAP,25.372206982251296
2017,PT,SKILL_ICTATCH,Y15T24,KZZAP,84.89625188592765
2017,PT,SKILL_ICTSSHT,Y15T24,KZZAP,56.80640547701109
2017,PT,SKILL_ICTCDV,Y15T24,KZZAP,21.36526693395231
2017,PT,SKILL_ICTSFWR,Y15T24,KZZAP,10.777004056176876
2017,PT,SKILL_ICTPST,Y15T24,KZZAP,29.488171437949877
2017,PT,SKILL_ICTTRFF,Y15T24,KZZAP,16.85775245597993
2017,PT,SKILL_ICTPRGM,Y15T24,KZZAP,3.825232702632998
2017,PT,SKILL_ICTCMFL,Y15T24,KZZHA,27.97091961547738
2017,PT,SKILL_ICTCPT,Y15T24,KZZHA,14.09978919540302
2017,PT,SKILL_ICTATCH,Y15T24,KZZHA,54.01445098935621
2017,PT,SKILL_ICTSSHT,Y15T24,KZZHA,46.581864540035646
2017,PT,SKILL_ICTCDV,Y15T24,KZZHA,12.546162447964468
2017,PT,SKILL_ICTSFWR,Y15T24,KZZHA,19.54500036021588
2017,PT,SKILL_ICTPST,Y15T24,KZZHA,20.57490454279208
2017,PT,SKILL_ICTTRFF,Y15T24,KZZHA,22.99618171168321
2017,PT,SKILL_ICTPRGM,Y15T24,KZZHA,6.275900304773957
2017,PT,SKILL_ICTCMFL,Y15T24,KZKAR,49.35117083336868
2017,PT,SKILL_ICTCPT,Y15T24,KZKAR,38.72388918580352
2017,PT,SKILL_ICTATCH,Y15T24,KZKAR,80.16832204961806
2017,PT,SKILL_ICTSSHT,Y15T24,KZKAR,60.69953087488017
2017,PT,SKILL_ICTCDV,Y15T24,KZKAR,28.917788579814896
2017,PT,SKILL_ICTSFWR,Y15T24,KZKAR,36.13705579450114
2017,PT,SKILL_ICTPST,Y15T24,KZKAR,50.51281398722419
2017,PT,SKILL_ICTTRFF,Y15T24,KZKAR,41.83838229597016
2017,PT,SKILL_ICTPRGM,Y15T24,KZKAR,10.869337767258516
2017,PT,SKILL_ICTCMFL,Y15T24,KZKUS,51.81388599493973
2017,PT,SKILL_ICTCPT,Y15T24,KZKUS,35.98563774371186
2017,PT,SKILL_ICTATCH,Y15T24,KZKUS,81.92689833390627
2017,PT,SKILL_ICTSSHT,Y15T24,KZKUS,63.306481619288576
2017,PT,SKILL_ICTCDV,Y15T24,KZKUS,22.57590415240363
2017,PT,SKILL_ICTSFWR,Y15T24,KZKUS,25.4827727340378
2017,PT,SKILL_ICTPST,Y15T24,KZKUS,45.21878255692812
2017,PT,SKILL_ICTTRFF,Y15T24,KZKUS,38.97715433844322
2017,PT,SKILL_ICTPRGM,Y15T24,KZKUS,2.599903259413604
2017,PT,SKILL_ICTCMFL,Y15T24,KZKZY,19.75537561241154
2017,PT,SKILL_ICTCPT,Y15T24,KZKZY,16.808145073489385
2017,PT,SKILL_ICTATCH,Y15T24,KZKZY,18.756224620214475
2017,PT,SKILL_ICTSSHT,Y15T24,KZKZY,51.1661336418073
2017,PT,SKILL_ICTCDV,Y15T24,KZKZY,11.515888677191072
2017,PT,SKILL_ICTSFWR,Y15T24,KZKZY,11.26497005988024
2017,PT,SKILL_ICTPST,Y15T24,KZKZY,24.40715160587915
2017,PT,SKILL_ICTTRFF,Y15T24,KZKZY,17.34910860097986
2017,PT,SKILL_ICTPRGM,Y15T24,KZKZY,3.921135002721829
2017,PT,SKILL_ICTCMFL,Y15T24,KZMAN,8.507993960240064
2017,PT,SKILL_ICTCPT,Y15T24,KZMAN,5.671269167243569
2017,PT,SKILL_ICTATCH,Y15T24,KZMAN,68.87206968429071
2017,PT,SKILL_ICTSSHT,Y15T24,KZMAN,32.531847741358725
2017,PT,SKILL_ICTCDV,Y15T24,KZMAN,16.749976833050788
2017,PT,SKILL_ICTSFWR,Y15T24,KZMAN,14.54121263988749
2017,PT,SKILL_ICTPST,Y15T24,KZMAN,30.887812004295423
2017,PT,SKILL_ICTTRFF,Y15T24,KZMAN,5.216651857989326
2017,PT,SKILL_ICTPRGM,Y15T24,KZMAN,4.851431717461339
2017,PT,SKILL_ICTCMFL,Y15T24,KZPAV,36.06129034074591
2017,PT,SKILL_ICTCPT,Y15T24,KZPAV,32.71859038973764
2017,PT,SKILL_ICTATCH,Y15T24,KZPAV,51.8488934730852
2017,PT,SKILL_ICTSSHT,Y15T24,KZPAV,40.15744927666811
2017,PT,SKILL_ICTCDV,Y15T24,KZPAV,18.88039824080279
2017,PT,SKILL_ICTSFWR,Y15T24,KZPAV,14.392305483131643
2017,PT,SKILL_ICTPST,Y15T24,KZPAV,28.21698267269584
2017,PT,SKILL_ICTTRFF,Y15T24,KZPAV,31.6069849815014
2017,PT,SKILL_ICTPRGM,Y15T24,KZPAV,2.8167427821670112
2017,PT,SKILL_ICTCMFL,Y15T24,KZSEV,67.17074592074593
2017,PT,SKILL_ICTCPT,Y15T24,KZSEV,30.69055944055944
2017,PT,SKILL_ICTATCH,Y15T24,KZSEV,73.83571235608322
2017,PT,SKILL_ICTSSHT,Y15T24,KZSEV,55.26515151515151
2017,PT,SKILL_ICTCDV,Y15T24,KZSEV,23.419289044289044
2017,PT,SKILL_ICTSFWR,Y15T24,KZSEV,25.90763403263403
2017,PT,SKILL_ICTPST,Y15T24,KZSEV,37.40675990675991
2017,PT,SKILL_ICTTRFF,Y15T24,KZSEV,43.48339160839161
2017,PT,SKILL_ICTPRGM,Y15T24,KZSEV,3.782051282051282
2017,PT,SKILL_ICTCMFL,Y15T24,KZYUZ,52.84953929971105
2017,PT,SKILL_ICTCPT,Y15T24,KZYUZ,8.933632806395568
2017,PT,SKILL_ICTATCH,Y15T24,KZYUZ,50.23701562871331
2017,PT,SKILL_ICTSSHT,Y15T24,KZYUZ,57.04655417020325
2017,PT,SKILL_ICTCDV,Y15T24,KZYUZ,17.57249096831326
2017,PT,SKILL_ICTSFWR,Y15T24,KZYUZ,19.341138835180526
2017,PT,SKILL_ICTPST,Y15T24,KZYUZ,27.263590428710195
2017,PT,SKILL_ICTTRFF,Y15T24,KZYUZ,25.76642939656995
2017,PT,SKILL_ICTPRGM,Y15T24,KZYUZ,6.53345630931114
2017,PT,SKILL_ICTCMFL,Y15T24,KZVOS,25.673424987554775
2017,PT,SKILL_ICTCPT,Y15T24,KZVOS,18.401111158911704
2017,PT,SKILL_ICTATCH,Y15T24,KZVOS,61.71895909957159
2017,PT,SKILL_ICTSSHT,Y15T24,KZVOS,43.586560385463976
2017,PT,SKILL_ICTCDV,Y15T24,KZVOS,24.42705868615292
2017,PT,SKILL_ICTSFWR,Y15T24,KZVOS,20.098578478671037
2017,PT,SKILL_ICTPST,Y15T24,KZVOS,29.12059884582056
2017,PT,SKILL_ICTTRFF,Y15T24,KZVOS,13.235574293387744
2017,PT,SKILL_ICTPRGM,Y15T24,KZVOS,13.027846576487434
2017,PT,SKILL_ICTCMFL,Y15T24,KZNS,11.758021962627732
2017,PT,SKILL_ICTCPT,Y15T24,KZNS,18.47911526877369
2017,PT,SKILL_ICTATCH,Y15T24,KZNS,88.42109335716115
2017,PT,SKILL_ICTSSHT,Y15T24,KZNS,46.66630347650808
2017,PT,SKILL_ICTCDV,Y15T24,KZNS,11.474733638931909
2017,PT,SKILL_ICTSFWR,Y15T24,KZNS,34.656902039831586
2017,PT,SKILL_ICTPST,Y15T24,KZNS,11.275497894794189
2017,PT,SKILL_ICTTRFF,Y15T24,KZNS,11.814835280292003
2017,PT,SKILL_ICTPRGM,Y15T24,KZNS,10.21783626868808
2017,PT,SKILL_ICTCMFL,Y15T24,KZALA,28.421210177464182
2017,PT,SKILL_ICTCPT,Y15T24,KZALA,20.60679923027582
2017,PT,SKILL_ICTATCH,Y15T24,KZALA,368.9099097001282
2017,PT,SKILL_ICTSSHT,Y15T24,KZALA,33.93200769724182
2017,PT,SKILL_ICTCDV,Y15T24,KZALA,16.581141757536884
2017,PT,SKILL_ICTSFWR,Y15T24,KZALA,20.23348300192431
2017,PT,SKILL_ICTPST,Y15T24,KZALA,24.00384862091084
2017,PT,SKILL_ICTTRFF,Y15T24,KZALA,19.18965148599529
2017,PT,SKILL_ICTPRGM,Y15T24,KZALA,6.595253367543297
2017,PT,SKILL_ICTCMFL,Y15T24,KZSHY,9.1658257025929
2017,PT,SKILL_ICTCPT,Y15T24,KZSHY,3.098968127771923
2017,PT,SKILL_ICTATCH,Y15T24,KZSHY,84.6871807877691
2017,PT,SKILL_ICTSSHT,Y15T24,KZSHY,51.99727415925315
2017,PT,SKILL_ICTCDV,Y15T24,KZSHY,8.214760502120718
2017,PT,SKILL_ICTSFWR,Y15T24,KZSHY,12.144141862881272
2017,PT,SKILL_ICTPST,Y15T24,KZSHY,17.69785619328147
2017,PT,SKILL_ICTTRFF,Y15T24,KZSHY,10.01113424020913
2017,PT,SKILL_ICTPRGM,Y15T24,KZSHY,2.308027452046429
2017,PT,SKILL_ICTCMFL,Y_GE15,,26.84254323889001
2017,PT,SKILL_ICTCPT,Y_GE15,,15.511213156384551
2017,PT,SKILL_ICTATCH,Y_GE15,,52.56961260732759
2017,PT,SKILL_ICTSSHT,Y_GE15,,37.10116473085833
2017,PT,SKILL_ICTCDV,Y_GE15,,15.389270575849109
2017,PT,SKILL_ICTSFWR,Y_GE15,,17.580875797551315
2017,PT,SKILL_ICTPST,Y_GE15,,19.19806485570064
2017,PT,SKILL_ICTTRFF,Y_GE15,,19.491022406314617
2017,PT,SKILL_ICTPRGM,Y_GE15,,5.436051638614002
2017,PT,SKILL_ICTCMFL,Y_GE15,KZAKM,41.87410553148607
2017,PT,SKILL_ICTCPT,Y_GE15,KZAKM,20.69605938942863
2017,PT,SKILL_ICTATCH,Y_GE15,KZAKM,48.00337981175948
2017,PT,SKILL_ICTSSHT,Y_GE15,KZAKM,37.43411829596144
2017,PT,SKILL_ICTCDV,Y_GE15,KZAKM,18.715761511966537
2017,PT,SKILL_ICTSFWR,Y_GE15,KZAKM,12.382986759183998
2017,PT,SKILL_ICTPST,Y_GE15,KZAKM,20.369450277062857
2017,PT,SKILL_ICTTRFF,Y_GE15,KZAKM,30.27159789583746
2017,PT,SKILL_ICTPRGM,Y_GE15,KZAKM,2.4842899966692573
2017,PT,SKILL_ICTCMFL,Y_GE15,KZAKT,30.641594308396808
2017,PT,SKILL_ICTCPT,Y_GE15,KZAKT,12.878540617914783
2017,PT,SKILL_ICTATCH,Y_GE15,KZAKT,66.26349643145699
2017,PT,SKILL_ICTSSHT,Y_GE15,KZAKT,32.48554816662483
2017,PT,SKILL_ICTCDV,Y_GE15,KZAKT,19.280560374948333
2017,PT,SKILL_ICTSFWR,Y_GE15,KZAKT,16.09657632856009
2017,PT,SKILL_ICTPST,Y_GE15,KZAKT,17.519964908053794
2017,PT,SKILL_ICTTRFF,Y_GE15,KZAKT,23.063922943270743
2017,PT,SKILL_ICTPRGM,Y_GE15,KZAKT,5.129929734779253
2017,PT,SKILL_ICTCMFL,Y_GE15,KZALM,20.91547665444829
2017,PT,SKILL_ICTCPT,Y_GE15,KZALM,15.42004795878617
2017,PT,SKILL_ICTATCH,Y_GE15,KZALM,63.263024848205
2017,PT,SKILL_ICTSSHT,Y_GE15,KZALM,35.839161747230825
2017,PT,SKILL_ICTCDV,Y_GE15,KZALM,16.484337760054306
2017,PT,SKILL_ICTSFWR,Y_GE15,KZALM,16.172820190190812
2017,PT,SKILL_ICTPST,Y_GE15,KZALM,13.604058227007451
2017,PT,SKILL_ICTTRFF,Y_GE15,KZALM,10.75520111138098
2017,PT,SKILL_ICTPRGM,Y_GE15,KZALM,2.435606628338175
2017,PT,SKILL_ICTCMFL,Y_GE15,KZATY,33.117179965673685
2017,PT,SKILL_ICTCPT,Y_GE15,KZATY,8.686496958531881
2017,PT,SKILL_ICTATCH,Y_GE15,KZATY,62.04854677467734
2017,PT,SKILL_ICTSSHT,Y_GE15,KZATY,25.1295403190515
2017,PT,SKILL_ICTCDV,Y_GE15,KZATY,8.755444395332418
2017,PT,SKILL_ICTSFWR,Y_GE15,KZATY,13.937770052654871
2017,PT,SKILL_ICTPST,Y_GE15,KZATY,18.56786658835028
2017,PT,SKILL_ICTTRFF,Y_GE15,KZATY,22.276692214056943
2017,PT,SKILL_ICTPRGM,Y_GE15,KZATY,5.45945579679983
2017,PT,SKILL_ICTCMFL,Y_GE15,KZZAP,23.808620309161
2017,PT,SKILL_ICTCPT,Y_GE15,KZZAP,18.37033132650805
2017,PT,SKILL_ICTATCH,Y_GE15,KZZAP,63.07952691046667
2017,PT,SKILL_ICTSSHT,Y_GE15,KZZAP,38.22032177912851
2017,PT,SKILL_ICTCDV,Y_GE15,KZZAP,16.197259170634005
2017,PT,SKILL_ICTSFWR,Y_GE15,KZZAP,7.396726186173293
2017,PT,SKILL_ICTPST,Y_GE15,KZZAP,18.78369529706925
2017,PT,SKILL_ICTTRFF,Y_GE15,KZZAP,12.182398383117077
2017,PT,SKILL_ICTPRGM,Y_GE15,KZZAP,3.1423121009700496
2017,PT,SKILL_ICTCMFL,Y_GE15,KZZHA,20.676979278555866
2017,PT,SKILL_ICTCPT,Y_GE15,KZZHA,10.89090932500674
2017,PT,SKILL_ICTATCH,Y_GE15,KZZHA,40.588360848536254
2017,PT,SKILL_ICTSSHT,Y_GE15,KZZHA,33.17427400662732
2017,PT,SKILL_ICTCDV,Y_GE15,KZZHA,8.052277555474742
2017,PT,SKILL_ICTSFWR,Y_GE15,KZZHA,17.939471599109353
2017,PT,SKILL_ICTPST,Y_GE15,KZZHA,14.514179767943844
2017,PT,SKILL_ICTTRFF,Y_GE15,KZZHA,20.486904473504367
2017,PT,SKILL_ICTPRGM,Y_GE15,KZZHA,4.298236095537792
2017,PT,SKILL_ICTCMFL,Y_GE15,KZKAR,34.274128760227775
2017,PT,SKILL_ICTCPT,Y_GE15,KZKAR,26.58318191921763
2017,PT,SKILL_ICTATCH,Y_GE15,KZKAR,56.15912404292833
2017,PT,SKILL_ICTSSHT,Y_GE15,KZKAR,39.71885140998166
2017,PT,SKILL_ICTCDV,Y_GE15,KZKAR,20.24580702867395
2017,PT,SKILL_ICTSFWR,Y_GE15,KZKAR,22.216301053770188
2017,PT,SKILL_ICTPST,Y_GE15,KZKAR,29.977827641642907
2017,PT,SKILL_ICTTRFF,Y_GE15,KZKAR,27.38027020812898
2017,PT,SKILL_ICTPRGM,Y_GE15,KZKAR,5.688569418304486
2017,PT,SKILL_ICTCMFL,Y_GE15,KZKUS,35.47098618767132
2017,PT,SKILL_ICTCPT,Y_GE15,KZKUS,21.43463389398636
2017,PT,SKILL_ICTATCH,Y_GE15,KZKUS,56.8661038968681
2017,PT,SKILL_ICTSSHT,Y_GE15,KZKUS,37.311212330160686
2017,PT,SKILL_ICTCDV,Y_GE15,KZKUS,14.19233214575864
2017,PT,SKILL_ICTSFWR,Y_GE15,KZKUS,14.866626245377144
2017,PT,SKILL_ICTPST,Y_GE15,KZKUS,21.23694897383627
2017,PT,SKILL_ICTTRFF,Y_GE15,KZKUS,27.30737946908951
2017,PT,SKILL_ICTPRGM,Y_GE15,KZKUS,0.8514438736130867
2017,PT,SKILL_ICTCMFL,Y_GE15,KZKZY,17.47464415436972
2017,PT,SKILL_ICTCPT,Y_GE15,KZKZY,16.82076915594704
2017,PT,SKILL_ICTATCH,Y_GE15,KZKZY,22.41879643700107
2017,PT,SKILL_ICTSSHT,Y_GE15,KZKZY,36.70363015095901
2017,PT,SKILL_ICTCDV,Y_GE15,KZKZY,9.458534861549204
2017,PT,SKILL_ICTSFWR,Y_GE15,KZKZY,15.659518551294402
2017,PT,SKILL_ICTPST,Y_GE15,KZKZY,14.348399302227389
2017,PT,SKILL_ICTTRFF,Y_GE15,KZKZY,15.820224777532236
2017,PT,SKILL_ICTPRGM,Y_GE15,KZKZY,4.932389356776164
2017,PT,SKILL_ICTCMFL,Y_GE15,KZMAN,8.93809824883423
2017,PT,SKILL_ICTCPT,Y_GE15,KZMAN,3.9435593437854894
2017,PT,SKILL_ICTATCH,Y_GE15,KZMAN,51.30227865570627
2017,PT,SKILL_ICTSSHT,Y_GE15,KZMAN,25.694064098941915
2017,PT,SKILL_ICTCDV,Y_GE15,KZMAN,11.387602244585322
2017,PT,SKILL_ICTSFWR,Y_GE15,KZMAN,12.276032657309914
2017,PT,SKILL_ICTPST,Y_GE15,KZMAN,22.646723369497764
2017,PT,SKILL_ICTTRFF,Y_GE15,KZMAN,5.840217144345799
2017,PT,SKILL_ICTPRGM,Y_GE15,KZMAN,4.201714115821041
2017,PT,SKILL_ICTCMFL,Y_GE15,KZPAV,26.23403320836904
2017,PT,SKILL_ICTCPT,Y_GE15,KZPAV,24.97530081411668
2017,PT,SKILL_ICTATCH,Y_GE15,KZPAV,44.7787757941023
2017,PT,SKILL_ICTSSHT,Y_GE15,KZPAV,23.160427424628494
2017,PT,SKILL_ICTCDV,Y_GE15,KZPAV,9.847573716486098
2017,PT,SKILL_ICTSFWR,Y_GE15,KZPAV,7.928933900593119
2017,PT,SKILL_ICTPST,Y_GE15,KZPAV,12.088667662037867
2017,PT,SKILL_ICTTRFF,Y_GE15,KZPAV,27.31513556399343
2017,PT,SKILL_ICTPRGM,Y_GE15,KZPAV,1.445432453895101
2017,PT,SKILL_ICTCMFL,Y_GE15,KZSEV,47.90018752061168
2017,PT,SKILL_ICTCPT,Y_GE15,KZSEV,19.185381025582736
2017,PT,SKILL_ICTATCH,Y_GE15,KZSEV,50.15355168784161
2017,PT,SKILL_ICTSSHT,Y_GE15,KZSEV,34.79815211329704
2017,PT,SKILL_ICTCDV,Y_GE15,KZSEV,11.8220123421535
2017,PT,SKILL_ICTSFWR,Y_GE15,KZSEV,11.844516974606869
2017,PT,SKILL_ICTPST,Y_GE15,KZSEV,16.756148596459774
2017,PT,SKILL_ICTTRFF,Y_GE15,KZSEV,31.264674865591434
2017,PT,SKILL_ICTPRGM,Y_GE15,KZSEV,1.7974659893997904
2017,PT,SKILL_ICTCMFL,Y_GE15,KZYUZ,42.92035856282146
2017,PT,SKILL_ICTCPT,Y_GE15,KZYUZ,9.794883022507117
2017,PT,SKILL_ICTATCH,Y_GE15,KZYUZ,41.11677507870068
2017,PT,SKILL_ICTSSHT,Y_GE15,KZYUZ,45.76923007990191
2017,PT,SKILL_ICTCDV,Y_GE15,KZYUZ,18.19576620968422
2017,PT,SKILL_ICTSFWR,Y_GE15,KZYUZ,17.100190215743968
2017,PT,SKILL_ICTPST,Y_GE15,KZYUZ,26.56240214330442
2017,PT,SKILL_ICTTRFF,Y_GE15,KZYUZ,21.218515800716144
2017,PT,SKILL_ICTPRGM,Y_GE15,KZYUZ,5.62139173561328
2017,PT,SKILL_ICTCMFL,Y_GE15,KZVOS,17.776407523921954
2017,PT,SKILL_ICTCPT,Y_GE15,KZVOS,8.226913435408195
2017,PT,SKILL_ICTATCH,Y_GE15,KZVOS,49.28065503041465
2017,PT,SKILL_ICTSSHT,Y_GE15,KZVOS,30.8320647838664
2017,PT,SKILL_ICTCDV,Y_GE15,KZVOS,20.565800855002397
2017,PT,SKILL_ICTSFWR,Y_GE15,KZVOS,15.968943719725754
2017,PT,SKILL_ICTPST,Y_GE15,KZVOS,24.088477377098616
2017,PT,SKILL_ICTTRFF,Y_GE15,KZVOS,7.317643272240902
2017,PT,SKILL_ICTPRGM,Y_GE15,KZVOS,14.039739903882376
2017,PT,SKILL_ICTCMFL,Y_GE15,KZNS,24.59773126876952
2017,PT,SKILL_ICTCPT,Y_GE15,KZNS,23.91694963006062
2017,PT,SKILL_ICTATCH,Y_GE15,KZNS,58.57463627703993
2017,PT,SKILL_ICTSSHT,Y_GE15,KZNS,64.3072171995131
2017,PT,SKILL_ICTCDV,Y_GE15,KZNS,23.228774592390288
2017,PT,SKILL_ICTSFWR,Y_GE15,KZNS,55.133028540778525
2017,PT,SKILL_ICTPST,Y_GE15,KZNS,26.522127849187072
2017,PT,SKILL_ICTTRFF,Y_GE15,KZNS,28.355333602645
2017,PT,SKILL_ICTPRGM,Y_GE15,KZNS,15.543102803531214
2017,PT,SKILL_ICTCMFL,Y_GE15,KZALA,128.1384061745998
2017,PT,SKILL_ICTCPT,Y_GE15,KZALA,65.30694124514864
2017,PT,SKILL_ICTATCH,Y_GE15,KZALA,236.51630572301684
2017,PT,SKILL_ICTSSHT,Y_GE15,KZALA,161.28395113811203
2017,PT,SKILL_ICTCDV,Y_GE15,KZALA,60.50079861182235
2017,PT,SKILL_ICTSFWR,Y_GE15,KZALA,65.63682270812127
2017,PT,SKILL_ICTPST,Y_GE15,KZALA,78.70469193411786
2017,PT,SKILL_ICTTRFF,Y_GE15,KZALA,85.56557347500285
2017,PT,SKILL_ICTPRGM,Y_GE15,KZALA,6.151821394044909
2017,PT,SKILL_ICTCMFL,Y_GE15,KZSHY,25.457380500619863
2017,PT,SKILL_ICTCPT,Y_GE15,KZSHY,8.781737512374429
2017,PT,SKILL_ICTATCH,Y_GE15,KZSHY,65.81553335142264
2017,PT,SKILL_ICTSSHT,Y_GE15,KZSHY,68.6093637989558
2017,PT,SKILL_ICTCDV,Y_GE15,KZSHY,13.849927742894256
2017,PT,SKILL_ICTSFWR,Y_GE15,KZSHY,14.761593275503154
2017,PT,SKILL_ICTPST,Y_GE15,KZSHY,17.12519695800604
2017,PT,SKILL_ICTTRFF,Y_GE15,KZSHY,20.19043478008188
2017,PT,SKILL_ICTPRGM,Y_GE15,KZSHY,2.0686394705000923
2018,PT,SKILL_ICTCMFL,Y15T24,,37.70937386997274
2018,PT,SKILL_ICTCPT,Y15T24,,22.200756159812123
2018,PT,SKILL_ICTATCH,Y15T24,,74.17358522953529
2018,PT,SKILL_ICTSSHT,Y15T24,,70.65863905117573
2018,PT,SKILL_ICTCDV,Y15T24,,22.084889909181307
2018,PT,SKILL_ICTSFWR,Y15T24,,24.01035644017984
2018,PT,SKILL_ICTPST,Y15T24,,29.746787646066046
2018,PT,SKILL_ICTTRFF,Y15T24,,26.86805404651521
2018,PT,SKILL_ICTPRGM,Y15T24,,8.523279587071867
2018,PT,SKILL_ICTCMFL,Y15T24,KZAKM,67.8976037533811
2018,PT,SKILL_ICTCPT,Y15T24,KZAKM,36.99043676078964
2018,PT,SKILL_ICTATCH,Y15T24,KZAKM,92.6331538724206
2018,PT,SKILL_ICTSSHT,Y15T24,KZAKM,89.99056773127155
2018,PT,SKILL_ICTCDV,Y15T24,KZAKM,37.60374133429994
2018,PT,SKILL_ICTSFWR,Y15T24,KZAKM,24.36146326269587
2018,PT,SKILL_ICTPST,Y15T24,KZAKM,49.03604466587581
2018,PT,SKILL_ICTTRFF,Y15T24,KZAKM,57.7361107619106
2018,PT,SKILL_ICTPRGM,Y15T24,KZAKM,6.223494621221937
2018,PT,SKILL_ICTCMFL,Y15T24,KZAKT,51.30352019729509
2018,PT,SKILL_ICTCPT,Y15T24,KZAKT,21.787875328233817
2018,PT,SKILL_ICTATCH,Y15T24,KZAKT,90.20616876766351
2018,PT,SKILL_ICTSSHT,Y15T24,KZAKT,92.30472422024062
2018,PT,SKILL_ICTCDV,Y15T24,KZAKT,37.11246647177005
2018,PT,SKILL_ICTSFWR,Y15T24,KZAKT,27.0936426670202
2018,PT,SKILL_ICTPST,Y15T24,KZAKT,47.13936364973995
2018,PT,SKILL_ICTTRFF,Y15T24,KZAKT,42.86006061189879
2018,PT,SKILL_ICTPRGM,Y15T24,KZAKT,10.364704280771091
2018,PT,SKILL_ICTCMFL,Y15T24,KZALM,27.69798181724863
2018,PT,SKILL_ICTCPT,Y15T24,KZALM,16.725784609772006
2018,PT,SKILL_ICTATCH,Y15T24,KZALM,83.22788215317514
2018,PT,SKILL_ICTSSHT,Y15T24,KZALM,74.97244982873545
2018,PT,SKILL_ICTCDV,Y15T24,KZALM,20.79001666176469
2018,PT,SKILL_ICTSFWR,Y15T24,KZALM,11.049737144675246
2018,PT,SKILL_ICTPST,Y15T24,KZALM,15.889288660828631
2018,PT,SKILL_ICTTRFF,Y15T24,KZALM,10.467160358013242
2018,PT,SKILL_ICTPRGM,Y15T24,KZALM,0.6669852228273908
2018,PT,SKILL_ICTCMFL,Y15T24,KZATY,39.99527596644485
2018,PT,SKILL_ICTCPT,Y15T24,KZATY,27.03290141517884
2018,PT,SKILL_ICTATCH,Y15T24,KZATY,62.20498505019981
2018,PT,SKILL_ICTSSHT,Y15T24,KZATY,75.72435683883946
2018,PT,SKILL_ICTCDV,Y15T24,KZATY,13.932987866189976
2018,PT,SKILL_ICTSFWR,Y15T24,KZATY,42.60287501218716
2018,PT,SKILL_ICTPST,Y15T24,KZATY,28.00947283246361
2018,PT,SKILL_ICTTRFF,Y15T24,KZATY,41.502265354152335
2018,PT,SKILL_ICTPRGM,Y15T24,KZATY,2.993063077441574
2018,PT,SKILL_ICTCMFL,Y15T24,KZZAP,41.61040815872471
2018,PT,SKILL_ICTCPT,Y15T24,KZZAP,30.0707180839724
2018,PT,SKILL_ICTATCH,Y15T24,KZZAP,68.093011474407
2018,PT,SKILL_ICTSSHT,Y15T24,KZZAP,89.2505136560469
2018,PT,SKILL_ICTCDV,Y15T24,KZZAP,33.997249241347575
2018,PT,SKILL_ICTSFWR,Y15T24,KZZAP,30.75225107521113
2018,PT,SKILL_ICTPST,Y15T24,KZZAP,32.26208435838489
2018,PT,SKILL_ICTTRFF,Y15T24,KZZAP,30.07646714378225
2018,PT,SKILL_ICTPRGM,Y15T24,KZZAP,22.39183004969405
2018,PT,SKILL_ICTCMFL,Y15T24,KZZHA,42.241995791971775
2018,PT,SKILL_ICTCPT,Y15T24,KZZHA,14.76661299976634
2018,PT,SKILL_ICTATCH,Y15T24,KZZHA,60.021062065357576
2018,PT,SKILL_ICTSSHT,Y15T24,KZZHA,71.2838989711963
2018,PT,SKILL_ICTCDV,Y15T24,KZZHA,14.397043212982114
2018,PT,SKILL_ICTSFWR,Y15T24,KZZHA,24.33491154563135
2018,PT,SKILL_ICTPST,Y15T24,KZZHA,21.363031078780597
2018,PT,SKILL_ICTTRFF,Y15T24,KZZHA,15.692223658967238
2018,PT,SKILL_ICTPRGM,Y15T24,KZZHA,8.256603390746838
2018,PT,SKILL_ICTCMFL,Y15T24,KZKAR,50.11048325078578
2018,PT,SKILL_ICTCPT,Y15T24,KZKAR,35.277591620891585
2018,PT,SKILL_ICTATCH,Y15T24,KZKAR,90.24347532722598
2018,PT,SKILL_ICTSSHT,Y15T24,KZKAR,74.92486303900071
2018,PT,SKILL_ICTCDV,Y15T24,KZKAR,35.39984033326246
2018,PT,SKILL_ICTSFWR,Y15T24,KZKAR,35.693148313756
2018,PT,SKILL_ICTPST,Y15T24,KZKAR,50.47167044426048
2018,PT,SKILL_ICTTRFF,Y15T24,KZKAR,46.9359921471235
2018,PT,SKILL_ICTPRGM,Y15T24,KZKAR,12.921969380248283
2018,PT,SKILL_ICTCMFL,Y15T24,KZKUS,52.581636100345634
2018,PT,SKILL_ICTCPT,Y15T24,KZKUS,26.68221506910044
2018,PT,SKILL_ICTATCH,Y15T24,KZKUS,72.76406624053328
2018,PT,SKILL_ICTSSHT,Y15T24,KZKUS,61.39405898303493
2018,PT,SKILL_ICTCDV,Y15T24,KZKUS,26.355935747109307
2018,PT,SKILL_ICTSFWR,Y15T24,KZKUS,24.206746978769512
2018,PT,SKILL_ICTPST,Y15T24,KZKUS,37.54881423778371
2018,PT,SKILL_ICTTRFF,Y15T24,KZKUS,46.56320497604758
2018,PT,SKILL_ICTPRGM,Y15T24,KZKUS,0.5104715418543515
2018,PT,SKILL_ICTCMFL,Y15T24,KZKZY,18.36521227505468
2018,PT,SKILL_ICTCPT,Y15T24,KZKZY,22.40868749863713
2018,PT,SKILL_ICTATCH,Y15T24,KZKZY,37.84376165899521
2018,PT,SKILL_ICTSSHT,Y15T24,KZKZY,52.90943394565365
2018,PT,SKILL_ICTCDV,Y15T24,KZKZY,15.320637359095898
2018,PT,SKILL_ICTSFWR,Y15T24,KZKZY,20.02087000766365
2018,PT,SKILL_ICTPST,Y15T24,KZKZY,19.00193171527169
2018,PT,SKILL_ICTTRFF,Y15T24,KZKZY,13.767130390319368
2018,PT,SKILL_ICTPRGM,Y15T24,KZKZY,9.34670371884102
2018,PT,SKILL_ICTCMFL,Y15T24,KZMAN,27.49057284250984
2018,PT,SKILL_ICTCPT,Y15T24,KZMAN,12.822414503502266
2018,PT,SKILL_ICTATCH,Y15T24,KZMAN,85.46073818916663
2018,PT,SKILL_ICTSSHT,Y15T24,KZMAN,62.83383043508014
2018,PT,SKILL_ICTCDV,Y15T24,KZMAN,13.66232334063969
2018,PT,SKILL_ICTSFWR,Y15T24,KZMAN,37.06088777451802
2018,PT,SKILL_ICTPST,Y15T24,KZMAN,29.96181674872985
2018,PT,SKILL_ICTTRFF,Y15T24,KZMAN,5.740692271787505
2018,PT,SKILL_ICTPRGM,Y15T24,KZMAN,6.94191413236073
2018,PT,SKILL_ICTCMFL,Y15T24,KZPAV,43.10889530688244
2018,PT,SKILL_ICTCPT,Y15T24,KZPAV,34.353372314228025
2018,PT,SKILL_ICTATCH,Y15T24,KZPAV,82.00096947684152
2018,PT,SKILL_ICTSSHT,Y15T24,KZPAV,69.26055116737265
2018,PT,SKILL_ICTCDV,Y15T24,KZPAV,19.21346202854628
2018,PT,SKILL_ICTSFWR,Y15T24,KZPAV,31.521176550375667
2018,PT,SKILL_ICTPST,Y15T24,KZPAV,32.88440026398277
2018,PT,SKILL_ICTTRFF,Y15T24,KZPAV,42.08395975546054
2018,PT,SKILL_ICTPRGM,Y15T24,KZPAV,8.954258721694233
2018,PT,SKILL_ICTCMFL,Y15T24,KZSEV,70.0795862627358
2018,PT,SKILL_ICTCPT,Y15T24,KZSEV,46.29841783288781
2018,PT,SKILL_ICTATCH,Y15T24,KZSEV,77.51410112580606
2018,PT,SKILL_ICTSSHT,Y15T24,KZSEV,89.76499565831834
2018,PT,SKILL_ICTCDV,Y15T24,KZSEV,21.606008450165508
2018,PT,SKILL_ICTSFWR,Y15T24,KZSEV,26.63723568753893
2018,PT,SKILL_ICTPST,Y15T24,KZSEV,36.686975848215845
2018,PT,SKILL_ICTTRFF,Y15T24,KZSEV,52.14587903862649
2018,PT,SKILL_ICTPRGM,Y15T24,KZSEV,1.6712716490329536
2018,PT,SKILL_ICTCMFL,Y15T24,KZYUZ,56.96476986766823
2018,PT,SKILL_ICTCPT,Y15T24,KZYUZ,20.320106446268305
2018,PT,SKILL_ICTATCH,Y15T24,KZYUZ,65.45441835743371
2018,PT,SKILL_ICTSSHT,Y15T24,KZYUZ,70.02693221987026
2018,PT,SKILL_ICTCDV,Y15T24,KZYUZ,21.190792684738945
2018,PT,SKILL_ICTSFWR,Y15T24,KZYUZ,16.13303850440174
2018,PT,SKILL_ICTPST,Y15T24,KZYUZ,22.23811791691201
2018,PT,SKILL_ICTTRFF,Y15T24,KZYUZ,27.670556140515856
2018,PT,SKILL_ICTPRGM,Y15T24,KZYUZ,7.127742849891113
2018,PT,SKILL_ICTCMFL,Y15T24,KZVOS,17.740061664512275
2018,PT,SKILL_ICTCPT,Y15T24,KZVOS,18.64544535319792
2018,PT,SKILL_ICTATCH,Y15T24,KZVOS,64.32105371103385
2018,PT,SKILL_ICTSSHT,Y15T24,KZVOS,51.7490137241993
2018,PT,SKILL_ICTCDV,Y15T24,KZVOS,25.76190080677928
2018,PT,SKILL_ICTSFWR,Y15T24,KZVOS,18.80958168141749
2018,PT,SKILL_ICTPST,Y15T24,KZVOS,29.62580679982374
2018,PT,SKILL_ICTTRFF,Y15T24,KZVOS,14.03549368906686
2018,PT,SKILL_ICTPRGM,Y15T24,KZVOS,14.86650565096282
2018,PT,SKILL_ICTCMFL,Y15T24,KZNS,25.76715622688851
2018,PT,SKILL_ICTCPT,Y15T24,KZNS,31.71235077964369
2018,PT,SKILL_ICTATCH,Y15T24,KZNS,79.66286778056947
2018,PT,SKILL_ICTSSHT,Y15T24,KZNS,80.6957578634349
2018,PT,SKILL_ICTCDV,Y15T24,KZNS,30.115504203144905
2018,PT,SKILL_ICTSFWR,Y15T24,KZNS,43.69683501118023
2018,PT,SKILL_ICTPST,Y15T24,KZNS,48.01981748069718
2018,PT,SKILL_ICTTRFF,Y15T24,KZNS,37.16985143632589
2018,PT,SKILL_ICTPRGM,Y15T24,KZNS,28.07467437492977
2018,PT,SKILL_ICTCMFL,Y15T24,KZALA,23.59675624105581
2018,PT,SKILL_ICTCPT,Y15T24,KZALA,14.87282736008994
2018,PT,SKILL_ICTATCH,Y15T24,KZALA,85.17929774648506
2018,PT,SKILL_ICTSSHT,Y15T24,KZALA,54.03443659383703
2018,PT,SKILL_ICTCDV,Y15T24,KZALA,14.05449712106316
2018,PT,SKILL_ICTSFWR,Y15T24,KZALA,21.963367641907983
2018,PT,SKILL_ICTPST,Y15T24,KZALA,24.750394130572197
2018,PT,SKILL_ICTTRFF,Y15T24,KZALA,16.128801996536335
2018,PT,SKILL_ICTPRGM,Y15T24,KZALA,7.324298682990124
2018,PT,SKILL_ICTCMFL,Y15T24,KZSHY,8.142676133782782
2018,PT,SKILL_ICTCPT,Y15T24,KZSHY,3.0491490865872275
2018,PT,SKILL_ICTATCH,Y15T24,KZSHY,65.3324148104258
2018,PT,SKILL_ICTSSHT,Y15T24,KZSHY,71.28876281880954
2018,PT,SKILL_ICTCDV,Y15T24,KZSHY,6.445289153458127
2018,PT,SKILL_ICTSFWR,Y15T24,KZSHY,12.821341916768144
2018,PT,SKILL_ICTPST,Y15T24,KZSHY,18.14691169988852
2018,PT,SKILL_ICTTRFF,Y15T24,KZSHY,10.212200297025731
2018,PT,SKILL_ICTPRGM,Y15T24,KZSHY,2.3579336720045347
2018,PT,SKILL_ICTCMFL,Y_GE15,,29.1582321902456
2018,PT,SKILL_ICTCPT,Y_GE15,,17.48488628107642
2018,PT,SKILL_ICTATCH,Y_GE15,,52.26510503342675
2018,PT,SKILL_ICTSSHT,Y_GE15,,42.64493421738329
2018,PT,SKILL_ICTCDV,Y_GE15,,16.47268039013343
2018,PT,SKILL_ICTSFWR,Y_GE15,,18.43831331087703
2018,PT,SKILL_ICTPST,Y_GE15,,20.021265150465258
2018,PT,SKILL_ICTTRFF,Y_GE15,,21.297334526014303
2018,PT,SKILL_ICTPRGM,Y_GE15,,6.753666711334937
2018,PT,SKILL_ICTCMFL,Y_GE15,KZAKM,42.23244240040881
2018,PT,SKILL_ICTCPT,Y_GE15,KZAKM,21.759025972583263
2018,PT,SKILL_ICTATCH,Y_GE15,KZAKM,51.21660123575109
2018,PT,SKILL_ICTSSHT,Y_GE15,KZAKM,41.29876966525935
2018,PT,SKILL_ICTCDV,Y_GE15,KZAKM,19.76795751960719
2018,PT,SKILL_ICTSFWR,Y_GE15,KZAKM,14.995223177586706
2018,PT,SKILL_ICTPST,Y_GE15,KZAKM,23.5750183296674
2018,PT,SKILL_ICTTRFF,Y_GE15,KZAKM,33.530182852318426
2018,PT,SKILL_ICTPRGM,Y_GE15,KZAKM,2.9099957786220534
2018,PT,SKILL_ICTCMFL,Y_GE15,KZAKT,38.902123486469605
2018,PT,SKILL_ICTCPT,Y_GE15,KZAKT,17.316185172350004
2018,PT,SKILL_ICTATCH,Y_GE15,KZAKT,61.20061598979157
2018,PT,SKILL_ICTSSHT,Y_GE15,KZAKT,53.50736012573126
2018,PT,SKILL_ICTCDV,Y_GE15,KZAKT,24.949007082058007
2018,PT,SKILL_ICTSFWR,Y_GE15,KZAKT,20.595241845778027
2018,PT,SKILL_ICTPST,Y_GE15,KZAKT,30.887692793620253
2018,PT,SKILL_ICTTRFF,Y_GE15,KZAKT,31.73556870129419
2018,PT,SKILL_ICTPRGM,Y_GE15,KZAKT,6.449220747432986
2018,PT,SKILL_ICTCMFL,Y_GE15,KZALM,19.344270706762607
2018,PT,SKILL_ICTCPT,Y_GE15,KZALM,15.11864658021196
2018,PT,SKILL_ICTATCH,Y_GE15,KZALM,61.24653227220496
2018,PT,SKILL_ICTSSHT,Y_GE15,KZALM,47.204573777671605
2018,PT,SKILL_ICTCDV,Y_GE15,KZALM,16.78077481415706
2018,PT,SKILL_ICTSFWR,Y_GE15,KZALM,9.350905536697878
2018,PT,SKILL_ICTPST,Y_GE15,KZALM,13.663117400857042
2018,PT,SKILL_ICTTRFF,Y_GE15,KZALM,10.97597564425909
2018,PT,SKILL_ICTPRGM,Y_GE15,KZALM,0.990520958864767
2018,PT,SKILL_ICTCMFL,Y_GE15,KZATY,30.16839098494349
2018,PT,SKILL_ICTCPT,Y_GE15,KZATY,19.228047903077048
2018,PT,SKILL_ICTATCH,Y_GE15,KZATY,47.89553452636056
2018,PT,SKILL_ICTSSHT,Y_GE15,KZATY,43.88610368463438
2018,PT,SKILL_ICTCDV,Y_GE15,KZATY,11.200452447116067
2018,PT,SKILL_ICTSFWR,Y_GE15,KZATY,27.125350043968027
2018,PT,SKILL_ICTPST,Y_GE15,KZATY,19.370988737741747
2018,PT,SKILL_ICTTRFF,Y_GE15,KZATY,33.34912284678962
2018,PT,SKILL_ICTPRGM,Y_GE15,KZATY,4.514448597974726
2018,PT,SKILL_ICTCMFL,Y_GE15,KZZAP,33.9937395854422
2018,PT,SKILL_ICTCPT,Y_GE15,KZZAP,22.11556330753378
2018,PT,SKILL_ICTATCH,Y_GE15,KZZAP,48.711977029887
2018,PT,SKILL_ICTSSHT,Y_GE15,KZZAP,54.25126572521442
2018,PT,SKILL_ICTCDV,Y_GE15,KZZAP,24.172052388145705
2018,PT,SKILL_ICTSFWR,Y_GE15,KZZAP,23.19883305042073
2018,PT,SKILL_ICTPST,Y_GE15,KZZAP,23.07424768608641
2018,PT,SKILL_ICTTRFF,Y_GE15,KZZAP,20.195910485415723
2018,PT,SKILL_ICTPRGM,Y_GE15,KZZAP,17.288088081852585
2018,PT,SKILL_ICTCMFL,Y_GE15,KZZHA,37.60763157912375
2018,PT,SKILL_ICTCPT,Y_GE15,KZZHA,13.401241679853568
2018,PT,SKILL_ICTATCH,Y_GE15,KZZHA,45.460160787740655
2018,PT,SKILL_ICTSSHT,Y_GE15,KZZHA,43.11809035006564
2018,PT,SKILL_ICTCDV,Y_GE15,KZZHA,11.71707179102567
2018,PT,SKILL_ICTSFWR,Y_GE15,KZZHA,18.560452972531703
2018,PT,SKILL_ICTPST,Y_GE15,KZZHA,16.227092159508206
2018,PT,SKILL_ICTTRFF,Y_GE15,KZZHA,13.549632006734535
2018,PT,SKILL_ICTPRGM,Y_GE15,KZZHA,6.118989739351788
2018,PT,SKILL_ICTCMFL,Y_GE15,KZKAR,38.16592228355538
2018,PT,SKILL_ICTCPT,Y_GE15,KZKAR,26.288985186696976
2018,PT,SKILL_ICTATCH,Y_GE15,KZKAR,58.64199119636382
2018,PT,SKILL_ICTSSHT,Y_GE15,KZKAR,43.9243515840754
2018,PT,SKILL_ICTCDV,Y_GE15,KZKAR,24.79265647470917
2018,PT,SKILL_ICTSFWR,Y_GE15,KZKAR,24.096084750509046
2018,PT,SKILL_ICTPST,Y_GE15,KZKAR,30.548248840708343
2018,PT,SKILL_ICTTRFF,Y_GE15,KZKAR,31.64863851458785
2018,PT,SKILL_ICTPRGM,Y_GE15,KZKAR,8.29592432447826
2018,PT,SKILL_ICTCMFL,Y_GE15,KZKUS,41.29357940179907
2018,PT,SKILL_ICTCPT,Y_GE15,KZKUS,19.566513590524185
2018,PT,SKILL_ICTATCH,Y_GE15,KZKUS,49.30077961872587
2018,PT,SKILL_ICTSSHT,Y_GE15,KZKUS,30.70017255945579
2018,PT,SKILL_ICTCDV,Y_GE15,KZKUS,14.10536454481347
2018,PT,SKILL_ICTSFWR,Y_GE15,KZKUS,10.63191207581569
2018,PT,SKILL_ICTPST,Y_GE15,KZKUS,16.211594801144344
2018,PT,SKILL_ICTTRFF,Y_GE15,KZKUS,32.15344306656805
2018,PT,SKILL_ICTPRGM,Y_GE15,KZKUS,0.7696806040487779
2018,PT,SKILL_ICTCMFL,Y_GE15,KZKZY,14.950655079959688
2018,PT,SKILL_ICTCPT,Y_GE15,KZKZY,17.60634353191732
2018,PT,SKILL_ICTATCH,Y_GE15,KZKZY,25.330042799019758
2018,PT,SKILL_ICTSSHT,Y_GE15,KZKZY,33.522387027881926
2018,PT,SKILL_ICTCDV,Y_GE15,KZKZY,11.49879252315123
2018,PT,SKILL_ICTSFWR,Y_GE15,KZKZY,19.38713419156097
2018,PT,SKILL_ICTPST,Y_GE15,KZKZY,13.781208998079448
2018,PT,SKILL_ICTTRFF,Y_GE15,KZKZY,11.927209112171749
2018,PT,SKILL_ICTPRGM,Y_GE15,KZKZY,6.835459887048623
2018,PT,SKILL_ICTCMFL,Y_GE15,KZMAN,17.376852609043215
2018,PT,SKILL_ICTCPT,Y_GE15,KZMAN,8.624681852011799
2018,PT,SKILL_ICTATCH,Y_GE15,KZMAN,59.01684405037485
2018,PT,SKILL_ICTSSHT,Y_GE15,KZMAN,40.14679213004138
2018,PT,SKILL_ICTCDV,Y_GE15,KZMAN,9.135556311045365
2018,PT,SKILL_ICTSFWR,Y_GE15,KZMAN,29.930489833046963
2018,PT,SKILL_ICTPST,Y_GE15,KZMAN,19.79799325572207
2018,PT,SKILL_ICTTRFF,Y_GE15,KZMAN,4.22022732075749
2018,PT,SKILL_ICTPRGM,Y_GE15,KZMAN,3.926428564865436
2018,PT,SKILL_ICTCMFL,Y_GE15,KZPAV,34.08564765232352
2018,PT,SKILL_ICTCPT,Y_GE15,KZPAV,26.718839159185503
2018,PT,SKILL_ICTATCH,Y_GE15,KZPAV,47.62959011883649
2018,PT,SKILL_ICTSSHT,Y_GE15,KZPAV,30.675187392688585
2018,PT,SKILL_ICTCDV,Y_GE15,KZPAV,8.771421766107986
2018,PT,SKILL_ICTSFWR,Y_GE15,KZPAV,13.571302501640744
2018,PT,SKILL_ICTPST,Y_GE15,KZPAV,15.115914438026174
2018,PT,SKILL_ICTTRFF,Y_GE15,KZPAV,30.75635263212909
2018,PT,SKILL_ICTPRGM,Y_GE15,KZPAV,3.726843244336224
2018,PT,SKILL_ICTCMFL,Y_GE15,KZSEV,48.65521453449036
2018,PT,SKILL_ICTCPT,Y_GE15,KZSEV,31.15483991081686
2018,PT,SKILL_ICTATCH,Y_GE15,KZSEV,51.14335050855116
2018,PT,SKILL_ICTSSHT,Y_GE15,KZSEV,48.446234242289954
2018,PT,SKILL_ICTCDV,Y_GE15,KZSEV,12.689979611390376
2018,PT,SKILL_ICTSFWR,Y_GE15,KZSEV,12.572824571680266
2018,PT,SKILL_ICTPST,Y_GE15,KZSEV,21.35241416576984
2018,PT,SKILL_ICTTRFF,Y_GE15,KZSEV,36.252900495411424
2018,PT,SKILL_ICTPRGM,Y_GE15,KZSEV,1.8188546959645089
2018,PT,SKILL_ICTCMFL,Y_GE15,KZYUZ,43.01205257983469
2018,PT,SKILL_ICTCPT,Y_GE15,KZYUZ,19.387377764831065
2018,PT,SKILL_ICTATCH,Y_GE15,KZYUZ,47.69720913441804
2018,PT,SKILL_ICTSSHT,Y_GE15,KZYUZ,43.45816680909302
2018,PT,SKILL_ICTCDV,Y_GE15,KZYUZ,17.255135191995695
2018,PT,SKILL_ICTSFWR,Y_GE15,KZYUZ,17.217832477636577
2018,PT,SKILL_ICTPST,Y_GE15,KZYUZ,19.99198922186214
2018,PT,SKILL_ICTTRFF,Y_GE15,KZYUZ,23.264675300505328
2018,PT,SKILL_ICTPRGM,Y_GE15,KZYUZ,6.998507082256126
2018,PT,SKILL_ICTCMFL,Y_GE15,KZVOS,15.90271018414849
2018,PT,SKILL_ICTCPT,Y_GE15,KZVOS,6.782211919859117
2018,PT,SKILL_ICTATCH,Y_GE15,KZVOS,49.04447785945359
2018,PT,SKILL_ICTSSHT,Y_GE15,KZVOS,34.351159033449136
2018,PT,SKILL_ICTCDV,Y_GE15,KZVOS,18.210520788205795
2018,PT,SKILL_ICTSFWR,Y_GE15,KZVOS,14.976997848881588
2018,PT,SKILL_ICTPST,Y_GE15,KZVOS,23.1012676032565
2018,PT,SKILL_ICTTRFF,Y_GE15,KZVOS,8.403615079208794
2018,PT,SKILL_ICTPRGM,Y_GE15,KZVOS,11.59747267029375
2018,PT,SKILL_ICTCMFL,Y_GE15,KZNS,26.18755811567984
2018,PT,SKILL_ICTCPT,Y_GE15,KZNS,24.474927330422112
2018,PT,SKILL_ICTATCH,Y_GE15,KZNS,63.47970528791642
2018,PT,SKILL_ICTSSHT,Y_GE15,KZNS,55.014255156408055
2018,PT,SKILL_ICTCDV,Y_GE15,KZNS,24.518888761593164
2018,PT,SKILL_ICTSFWR,Y_GE15,KZNS,41.55607480370555
2018,PT,SKILL_ICTPST,Y_GE15,KZNS,28.67430973892239
2018,PT,SKILL_ICTTRFF,Y_GE15,KZNS,33.992577178955
2018,PT,SKILL_ICTPRGM,Y_GE15,KZNS,22.47308361464209
2018,PT,SKILL_ICTCMFL,Y_GE15,KZALA,20.85067515130516
2018,PT,SKILL_ICTCPT,Y_GE15,KZALA,14.902343557435396
2018,PT,SKILL_ICTATCH,Y_GE15,KZALA,57.37866656971281
2018,PT,SKILL_ICTSSHT,Y_GE15,KZALA,38.32076591001952
2018,PT,SKILL_ICTCDV,Y_GE15,KZALA,14.415293758072307
2018,PT,SKILL_ICTSFWR,Y_GE15,KZALA,18.601274104246684
2018,PT,SKILL_ICTPST,Y_GE15,KZALA,17.331395275138064
2018,PT,SKILL_ICTTRFF,Y_GE15,KZALA,17.750979240523446
2018,PT,SKILL_ICTPRGM,Y_GE15,KZALA,6.902360459105704
2018,PT,SKILL_ICTCMFL,Y_GE15,KZSHY,7.128671506736733
2018,PT,SKILL_ICTCPT,Y_GE15,KZSHY,2.6109847684931413
2018,PT,SKILL_ICTATCH,Y_GE15,KZSHY,43.499064621691794
2018,PT,SKILL_ICTSSHT,Y_GE15,KZSHY,47.47691600540822
2018,PT,SKILL_ICTCDV,Y_GE15,KZSHY,6.462202549537276
2018,PT,SKILL_ICTSFWR,Y_GE15,KZSHY,9.826719595879815
2018,PT,SKILL_ICTPST,Y_GE15,KZSHY,9.54372568497563
2018,PT,SKILL_ICTTRFF,Y_GE15,KZSHY,7.575271272382402
2018,PT,SKILL_ICTPRGM,Y_GE15,KZSHY,2.1413612525530064
2019,PT,SKILL_ICTCMFL,Y15T24,,32.1
2019,PT,SKILL_ICTCPT,Y15T24,,18.5
2019,PT,SKILL_ICTATCH,Y15T24,,61.9
2019,PT,SKILL_ICTSSHT,Y15T24,,52.9
2019,PT,SKILL_ICTCDV,Y15T24,,18.6
2019,PT,SKILL_ICTSFWR,Y15T24,,22.5
2019,PT,SKILL_ICTPST,Y15T24,,27.1
2019,PT,SKILL_ICTTRFF,Y15T24,,26.0
2019,PT,SKILL_ICTPRGM,Y15T24,,7.8
2019,PT,SKILL_ICTCMFL,Y15T24,KZAKM,66.1
2019,PT,SKILL_ICTCPT,Y15T24,KZAKM,42.1
2019,PT,SKILL_ICTATCH,Y15T24,KZAKM,83.8
2019,PT,SKILL_ICTSSHT,Y15T24,KZAKM,72.5
2019,PT,SKILL_ICTCDV,Y15T24,KZAKM,42.5
2019,PT,SKILL_ICTSFWR,Y15T24,KZAKM,49.3
2019,PT,SKILL_ICTPST,Y15T24,KZAKM,45.3
2019,PT,SKILL_ICTTRFF,Y15T24,KZAKM,53.2
2019,PT,SKILL_ICTPRGM,Y15T24,KZAKM,10.7
2019,PT,SKILL_ICTCMFL,Y15T24,KZAKT,48.4
2019,PT,SKILL_ICTCPT,Y15T24,KZAKT,19.1
2019,PT,SKILL_ICTATCH,Y15T24,KZAKT,77.6
2019,PT,SKILL_ICTSSHT,Y15T24,KZAKT,62.9
2019,PT,SKILL_ICTCDV,Y15T24,KZAKT,24.6
2019,PT,SKILL_ICTSFWR,Y15T24,KZAKT,22.8
2019,PT,SKILL_ICTPST,Y15T24,KZAKT,28.9
2019,PT,SKILL_ICTTRFF,Y15T24,KZAKT,31.0
2019,PT,SKILL_ICTPRGM,Y15T24,KZAKT,5.4
2019,PT,SKILL_ICTCMFL,Y15T24,KZALM,24.2
2019,PT,SKILL_ICTCPT,Y15T24,KZALM,16.5
2019,PT,SKILL_ICTATCH,Y15T24,KZALM,69.2
2019,PT,SKILL_ICTSSHT,Y15T24,KZALM,50.5
2019,PT,SKILL_ICTCDV,Y15T24,KZALM,16.7
2019,PT,SKILL_ICTSFWR,Y15T24,KZALM,10.4
2019,PT,SKILL_ICTPST,Y15T24,KZALM,20.8
2019,PT,SKILL_ICTTRFF,Y15T24,KZALM,16.0
2019,PT,SKILL_ICTPRGM,Y15T24,KZALM,2.9
2019,PT,SKILL_ICTCMFL,Y15T24,KZATY,32.3
2019,PT,SKILL_ICTCPT,Y15T24,KZATY,20.0
2019,PT,SKILL_ICTATCH,Y15T24,KZATY,65.9
2019,PT,SKILL_ICTSSHT,Y15T24,KZATY,51.4
2019,PT,SKILL_ICTCDV,Y15T24,KZATY,9.8
2019,PT,SKILL_ICTSFWR,Y15T24,KZATY,32.0
2019,PT,SKILL_ICTPST,Y15T24,KZATY,23.7
2019,PT,SKILL_ICTTRFF,Y15T24,KZATY,33.8
2019,PT,SKILL_ICTPRGM,Y15T24,KZATY,3.9
2019,PT,SKILL_ICTCMFL,Y15T24,KZZAP,35.9
2019,PT,SKILL_ICTCPT,Y15T24,KZZAP,19.6
2019,PT,SKILL_ICTATCH,Y15T24,KZZAP,80.2
2019,PT,SKILL_ICTSSHT,Y15T24,KZZAP,52.2
2019,PT,SKILL_ICTCDV,Y15T24,KZZAP,14.3
2019,PT,SKILL_ICTSFWR,Y15T24,KZZAP,32.5
2019,PT,SKILL_ICTPST,Y15T24,KZZAP,30.8
2019,PT,SKILL_ICTTRFF,Y15T24,KZZAP,29.1
2019,PT,SKILL_ICTPRGM,Y15T24,KZZAP,5.4
2019,PT,SKILL_ICTCMFL,Y15T24,KZZHA,29.7
2019,PT,SKILL_ICTCPT,Y15T24,KZZHA,9.3
2019,PT,SKILL_ICTATCH,Y15T24,KZZHA,41.1
2019,PT,SKILL_ICTSSHT,Y15T24,KZZHA,48.2
2019,PT,SKILL_ICTCDV,Y15T24,KZZHA,13.2
2019,PT,SKILL_ICTSFWR,Y15T24,KZZHA,16.3
2019,PT,SKILL_ICTPST,Y15T24,KZZHA,16.2
2019,PT,SKILL_ICTTRFF,Y15T24,KZZHA,15.5
2019,PT,SKILL_ICTPRGM,Y15T24,KZZHA,2.2
2019,PT,SKILL_ICTCMFL,Y15T24,KZKAR,56.7
2019,PT,SKILL_ICTCPT,Y15T24,KZKAR,36.6
2019,PT,SKILL_ICTATCH,Y15T24,KZKAR,81.3
2019,PT,SKILL_ICTSSHT,Y15T24,KZKAR,68.6
2019,PT,SKILL_ICTCDV,Y15T24,KZKAR,34.6
2019,PT,SKILL_ICTSFWR,Y15T24,KZKAR,40.5
2019,PT,SKILL_ICTPST,Y15T24,KZKAR,52.0
2019,PT,SKILL_ICTTRFF,Y15T24,KZKAR,53.1
2019,PT,SKILL_ICTPRGM,Y15T24,KZKAR,13.5
2019,PT,SKILL_ICTCMFL,Y15T24,KZKUS,47.3
2019,PT,SKILL_ICTCPT,Y15T24,KZKUS,25.7
2019,PT,SKILL_ICTATCH,Y15T24,KZKUS,69.9
2019,PT,SKILL_ICTSSHT,Y15T24,KZKUS,54.0
2019,PT,SKILL_ICTCDV,Y15T24,KZKUS,15.7
2019,PT,SKILL_ICTSFWR,Y15T24,KZKUS,20.7
2019,PT,SKILL_ICTPST,Y15T24,KZKUS,34.1
2019,PT,SKILL_ICTTRFF,Y15T24,KZKUS,33.4
2019,PT,SKILL_ICTPRGM,Y15T24,KZKUS,1.1
2019,PT,SKILL_ICTCMFL,Y15T24,KZKZY,15.9
2019,PT,SKILL_ICTCPT,Y15T24,KZKZY,16.0
2019,PT,SKILL_ICTATCH,Y15T24,KZKZY,18.3
2019,PT,SKILL_ICTSSHT,Y15T24,KZKZY,42.9
2019,PT,SKILL_ICTCDV,Y15T24,KZKZY,9.2
2019,PT,SKILL_ICTSFWR,Y15T24,KZKZY,20.4
2019,PT,SKILL_ICTPST,Y15T24,KZKZY,15.0
2019,PT,SKILL_ICTTRFF,Y15T24,KZKZY,16.6
2019,PT,SKILL_ICTPRGM,Y15T24,KZKZY,4.9
2019,PT,SKILL_ICTCMFL,Y15T24,KZMAN,20.7
2019,PT,SKILL_ICTCPT,Y15T24,KZMAN,15.7
2019,PT,SKILL_ICTATCH,Y15T24,KZMAN,83.3
2019,PT,SKILL_ICTSSHT,Y15T24,KZMAN,75.3
2019,PT,SKILL_ICTCDV,Y15T24,KZMAN,15.3
2019,PT,SKILL_ICTSFWR,Y15T24,KZMAN,48.0
2019,PT,SKILL_ICTPST,Y15T24,KZMAN,24.5
2019,PT,SKILL_ICTTRFF,Y15T24,KZMAN,4.8
2019,PT,SKILL_ICTPRGM,Y15T24,KZMAN,5.9
2019,PT,SKILL_ICTCMFL,Y15T24,KZPAV,27.6
2019,PT,SKILL_ICTCPT,Y15T24,KZPAV,13.9
2019,PT,SKILL_ICTATCH,Y15T24,KZPAV,51.4
2019,PT,SKILL_ICTSSHT,Y15T24,KZPAV,30.2
2019,PT,SKILL_ICTCDV,Y15T24,KZPAV,32.9
2019,PT,SKILL_ICTSFWR,Y15T24,KZPAV,9.1
2019,PT,SKILL_ICTPST,Y15T24,KZPAV,30.0
2019,PT,SKILL_ICTTRFF,Y15T24,KZPAV,17.6
2019,PT,SKILL_ICTPRGM,Y15T24,KZPAV,12.5
2019,PT,SKILL_ICTCMFL,Y15T24,KZSEV,64.8
2019,PT,SKILL_ICTCPT,Y15T24,KZSEV,50.1
2019,PT,SKILL_ICTATCH,Y15T24,KZSEV,67.9
2019,PT,SKILL_ICTSSHT,Y15T24,KZSEV,70.8
2019,PT,SKILL_ICTCDV,Y15T24,KZSEV,23.5
2019,PT,SKILL_ICTSFWR,Y15T24,KZSEV,19.3
2019,PT,SKILL_ICTPST,Y15T24,KZSEV,36.7
2019,PT,SKILL_ICTTRFF,Y15T24,KZSEV,56.0
2019,PT,SKILL_ICTPRGM,Y15T24,KZSEV,2.3
2019,PT,SKILL_ICTCMFL,Y15T24,KZYUZ,37.9
2019,PT,SKILL_ICTCPT,Y15T24,KZYUZ,10.6
2019,PT,SKILL_ICTATCH,Y15T24,KZYUZ,45.7
2019,PT,SKILL_ICTSSHT,Y15T24,KZYUZ,46.4
2019,PT,SKILL_ICTCDV,Y15T24,KZYUZ,12.8
2019,PT,SKILL_ICTSFWR,Y15T24,KZYUZ,15.7
2019,PT,SKILL_ICTPST,Y15T24,KZYUZ,20.1
2019,PT,SKILL_ICTTRFF,Y15T24,KZYUZ,26.9
2019,PT,SKILL_ICTPRGM,Y15T24,KZYUZ,8.9
2019,PT,SKILL_ICTCMFL,Y15T24,KZVOS,13.8
2019,PT,SKILL_ICTCPT,Y15T24,KZVOS,8.2
2019,PT,SKILL_ICTATCH,Y15T24,KZVOS,53.1
2019,PT,SKILL_ICTSSHT,Y15T24,KZVOS,37.9
2019,PT,SKILL_ICTCDV,Y15T24,KZVOS,19.5
2019,PT,SKILL_ICTSFWR,Y15T24,KZVOS,15.2
2019,PT,SKILL_ICTPST,Y15T24,KZVOS,26.5
2019,PT,SKILL_ICTTRFF,Y15T24,KZVOS,10.4
2019,PT,SKILL_ICTPRGM,Y15T24,KZVOS,8.9
2019,PT,SKILL_ICTCMFL,Y15T24,KZNS,28.2
2019,PT,SKILL_ICTCPT,Y15T24,KZNS,31.8
2019,PT,SKILL_ICTATCH,Y15T24,KZNS,67.3
2019,PT,SKILL_ICTSSHT,Y15T24,KZNS,58.4
2019,PT,SKILL_ICTCDV,Y15T24,KZNS,28.3
2019,PT,SKILL_ICTSFWR,Y15T24,KZNS,34.9
2019,PT,SKILL_ICTPST,Y15T24,KZNS,44.1
2019,PT,SKILL_ICTTRFF,Y15T24,KZNS,35.7
2019,PT,SKILL_ICTPRGM,Y15T24,KZNS,23.8
2019,PT,SKILL_ICTCMFL,Y15T24,KZALA,21.9
2019,PT,SKILL_ICTCPT,Y15T24,KZALA,15.1
2019,PT,SKILL_ICTATCH,Y15T24,KZALA,72.6
2019,PT,SKILL_ICTSSHT,Y15T24,KZALA,49.4
2019,PT,SKILL_ICTCDV,Y15T24,KZALA,14.9
2019,PT,SKILL_ICTSFWR,Y15T24,KZALA,21.4
2019,PT,SKILL_ICTPST,Y15T24,KZALA,22.7
2019,PT,SKILL_ICTTRFF,Y15T24,KZALA,26.2
2019,PT,SKILL_ICTPRGM,Y15T24,KZALA,12.3
2019,PT,SKILL_ICTCMFL,Y15T24,KZSHY,9.2
2019,PT,SKILL_ICTCPT,Y15T24,KZSHY,3.6
2019,PT,SKILL_ICTATCH,Y15T24,KZSHY,52.7
2019,PT,SKILL_ICTSSHT,Y15T24,KZSHY,52.8
2019,PT,SKILL_ICTCDV,Y15T24,KZSHY,7.4
2019,PT,SKILL_ICTSFWR,Y15T24,KZSHY,11.0
2019,PT,SKILL_ICTPST,Y15T24,KZSHY,15.9
2019,PT,SKILL_ICTTRFF,Y15T24,KZSHY,9.4
2019,PT,SKILL_ICTPRGM,Y15T24,KZSHY,3.0
2019,PT,SKILL_ICTCMFL,Y_GE15,,26.8
2019,PT,SKILL_ICTCPT,Y_GE15,,15.8
2019,PT,SKILL_ICTATCH,Y_GE15,,55.1
2019,PT,SKILL_ICTSSHT,Y_GE15,,42.2
2019,PT,SKILL_ICTCDV,Y_GE15,,16.2
2019,PT,SKILL_ICTSFWR,Y_GE15,,18.8
2019,PT,SKILL_ICTPST,Y_GE15,,20.6
2019,PT,SKILL_ICTTRFF,Y_GE15,,21.7
2019,PT,SKILL_ICTPRGM,Y_GE15,,7.1
2019,PT,SKILL_ICTCMFL,Y_GE15,KZAKM,39.4
2019,PT,SKILL_ICTCPT,Y_GE15,KZAKM,24.3
2019,PT,SKILL_ICTATCH,Y_GE15,KZAKM,54.7
2019,PT,SKILL_ICTSSHT,Y_GE15,KZAKM,43.5
2019,PT,SKILL_ICTCDV,Y_GE15,KZAKM,20.4
2019,PT,SKILL_ICTSFWR,Y_GE15,KZAKM,19.4
2019,PT,SKILL_ICTPST,Y_GE15,KZAKM,23.0
2019,PT,SKILL_ICTTRFF,Y_GE15,KZAKM,35.6
2019,PT,SKILL_ICTPRGM,Y_GE15,KZAKM,3.6
2019,PT,SKILL_ICTCMFL,Y_GE15,KZAKT,34.2
2019,PT,SKILL_ICTCPT,Y_GE15,KZAKT,14.8
2019,PT,SKILL_ICTATCH,Y_GE15,KZAKT,66.7
2019,PT,SKILL_ICTSSHT,Y_GE15,KZAKT,44.2
2019,PT,SKILL_ICTCDV,Y_GE15,KZAKT,17.7
2019,PT,SKILL_ICTSFWR,Y_GE15,KZAKT,19.0
2019,PT,SKILL_ICTPST,Y_GE15,KZAKT,20.1
2019,PT,SKILL_ICTTRFF,Y_GE15,KZAKT,21.4
2019,PT,SKILL_ICTPRGM,Y_GE15,KZAKT,4.4
2019,PT,SKILL_ICTCMFL,Y_GE15,KZALM,20.3
2019,PT,SKILL_ICTCPT,Y_GE15,KZALM,15.4
2019,PT,SKILL_ICTATCH,Y_GE15,KZALM,65.9
2019,PT,SKILL_ICTSSHT,Y_GE15,KZALM,45.0
2019,PT,SKILL_ICTCDV,Y_GE15,KZALM,15.3
2019,PT,SKILL_ICTSFWR,Y_GE15,KZALM,9.6
2019,PT,SKILL_ICTPST,Y_GE15,KZALM,17.1
2019,PT,SKILL_ICTTRFF,Y_GE15,KZALM,15.0
2019,PT,SKILL_ICTPRGM,Y_GE15,KZALM,2.2
2019,PT,SKILL_ICTCMFL,Y_GE15,KZATY,24.5
2019,PT,SKILL_ICTCPT,Y_GE15,KZATY,15.1
2019,PT,SKILL_ICTATCH,Y_GE15,KZATY,55.0
2019,PT,SKILL_ICTSSHT,Y_GE15,KZATY,42.9
2019,PT,SKILL_ICTCDV,Y_GE15,KZATY,9.6
2019,PT,SKILL_ICTSFWR,Y_GE15,KZATY,24.5
2019,PT,SKILL_ICTPST,Y_GE15,KZATY,16.9
2019,PT,SKILL_ICTTRFF,Y_GE15,KZATY,30.2
2019,PT,SKILL_ICTPRGM,Y_GE15,KZATY,3.8
2019,PT,SKILL_ICTCMFL,Y_GE15,KZZAP,31.9
2019,PT,SKILL_ICTCPT,Y_GE15,KZZAP,15.8
2019,PT,SKILL_ICTATCH,Y_GE15,KZZAP,74.3
2019,PT,SKILL_ICTSSHT,Y_GE15,KZZAP,42.0
2019,PT,SKILL_ICTCDV,Y_GE15,KZZAP,14.4
2019,PT,SKILL_ICTSFWR,Y_GE15,KZZAP,27.3
2019,PT,SKILL_ICTPST,Y_GE15,KZZAP,22.8
2019,PT,SKILL_ICTTRFF,Y_GE15,KZZAP,23.1
2019,PT,SKILL_ICTPRGM,Y_GE15,KZZAP,6.6
2019,PT,SKILL_ICTCMFL,Y_GE15,KZZHA,22.0
2019,PT,SKILL_ICTCPT,Y_GE15,KZZHA,8.5
2019,PT,SKILL_ICTATCH,Y_GE15,KZZHA,37.4
2019,PT,SKILL_ICTSSHT,Y_GE15,KZZHA,35.7
2019,PT,SKILL_ICTCDV,Y_GE15,KZZHA,11.5
2019,PT,SKILL_ICTSFWR,Y_GE15,KZZHA,12.9
2019,PT,SKILL_ICTPST,Y_GE15,KZZHA,11.1
2019,PT,SKILL_ICTTRFF,Y_GE15,KZZHA,12.1
2019,PT,SKILL_ICTPRGM,Y_GE15,KZZHA,2.6
2019,PT,SKILL_ICTCMFL,Y_GE15,KZKAR,44.7
2019,PT,SKILL_ICTCPT,Y_GE15,KZKAR,30.0
2019,PT,SKILL_ICTATCH,Y_GE15,KZKAR,68.4
2019,PT,SKILL_ICTSSHT,Y_GE15,KZKAR,52.7
2019,PT,SKILL_ICTCDV,Y_GE15,KZKAR,27.0
2019,PT,SKILL_ICTSFWR,Y_GE15,KZKAR,30.4
2019,PT,SKILL_ICTPST,Y_GE15,KZKAR,37.5
2019,PT,SKILL_ICTTRFF,Y_GE15,KZKAR,42.6
2019,PT,SKILL_ICTPRGM,Y_GE15,KZKAR,12.2
2019,PT,SKILL_ICTCMFL,Y_GE15,KZKUS,33.2
2019,PT,SKILL_ICTCPT,Y_GE15,KZKUS,15.0
2019,PT,SKILL_ICTATCH,Y_GE15,KZKUS,53.8
2019,PT,SKILL_ICTSSHT,Y_GE15,KZKUS,37.4
2019,PT,SKILL_ICTCDV,Y_GE15,KZKUS,11.9
2019,PT,SKILL_ICTSFWR,Y_GE15,KZKUS,10.7
2019,PT,SKILL_ICTPST,Y_GE15,KZKUS,17.5
2019,PT,SKILL_ICTTRFF,Y_GE15,KZKUS,24.4
2019,PT,SKILL_ICTPRGM,Y_GE15,KZKUS,0.6
2019,PT,SKILL_ICTCMFL,Y_GE15,KZKZY,13.9
2019,PT,SKILL_ICTCPT,Y_GE15,KZKZY,14.4
2019,PT,SKILL_ICTATCH,Y_GE15,KZKZY,22.7
2019,PT,SKILL_ICTSSHT,Y_GE15,KZKZY,34.5
2019,PT,SKILL_ICTCDV,Y_GE15,KZKZY,8.1
2019,PT,SKILL_ICTSFWR,Y_GE15,KZKZY,20.2
2019,PT,SKILL_ICTPST,Y_GE15,KZKZY,11.3
2019,PT,SKILL_ICTTRFF,Y_GE15,KZKZY,11.5
2019,PT,SKILL_ICTPRGM,Y_GE15,KZKZY,5.9
2019,PT,SKILL_ICTCMFL,Y_GE15,KZMAN,15.6
2019,PT,SKILL_ICTCPT,Y_GE15,KZMAN,13.0
2019,PT,SKILL_ICTATCH,Y_GE15,KZMAN,65.7
2019,PT,SKILL_ICTSSHT,Y_GE15,KZMAN,64.4
2019,PT,SKILL_ICTCDV,Y_GE15,KZMAN,12.4
2019,PT,SKILL_ICTSFWR,Y_GE15,KZMAN,39.6
2019,PT,SKILL_ICTPST,Y_GE15,KZMAN,18.4
2019,PT,SKILL_ICTTRFF,Y_GE15,KZMAN,5.1
2019,PT,SKILL_ICTPRGM,Y_GE15,KZMAN,5.8
2019,PT,SKILL_ICTCMFL,Y_GE15,KZPAV,20.4
2019,PT,SKILL_ICTCPT,Y_GE15,KZPAV,9.4
2019,PT,SKILL_ICTATCH,Y_GE15,KZPAV,42.9
2019,PT,SKILL_ICTSSHT,Y_GE15,KZPAV,20.7
2019,PT,SKILL_ICTCDV,Y_GE15,KZPAV,27.2
2019,PT,SKILL_ICTSFWR,Y_GE15,KZPAV,7.5
2019,PT,SKILL_ICTPST,Y_GE15,KZPAV,19.6
2019,PT,SKILL_ICTTRFF,Y_GE15,KZPAV,13.1
2019,PT,SKILL_ICTPRGM,Y_GE15,KZPAV,10.2
2019,PT,SKILL_ICTCMFL,Y_GE15,KZSEV,49.2
2019,PT,SKILL_ICTCPT,Y_GE15,KZSEV,35.1
2019,PT,SKILL_ICTATCH,Y_GE15,KZSEV,58.3
2019,PT,SKILL_ICTSSHT,Y_GE15,KZSEV,44.1
2019,PT,SKILL_ICTCDV,Y_GE15,KZSEV,16.7
2019,PT,SKILL_ICTSFWR,Y_GE15,KZSEV,11.7
2019,PT,SKILL_ICTPST,Y_GE15,KZSEV,22.5
2019,PT,SKILL_ICTTRFF,Y_GE15,KZSEV,39.8
2019,PT,SKILL_ICTPRGM,Y_GE15,KZSEV,2.3
2019,PT,SKILL_ICTCMFL,Y_GE15,KZYUZ,36.8
2019,PT,SKILL_ICTCPT,Y_GE15,KZYUZ,11.5
2019,PT,SKILL_ICTATCH,Y_GE15,KZYUZ,42.7
2019,PT,SKILL_ICTSSHT,Y_GE15,KZYUZ,41.9
2019,PT,SKILL_ICTCDV,Y_GE15,KZYUZ,11.9
2019,PT,SKILL_ICTSFWR,Y_GE15,KZYUZ,16.6
2019,PT,SKILL_ICTPST,Y_GE15,KZYUZ,18.3
2019,PT,SKILL_ICTTRFF,Y_GE15,KZYUZ,26.2
2019,PT,SKILL_ICTPRGM,Y_GE15,KZYUZ,8.5
2019,PT,SKILL_ICTCMFL,Y_GE15,KZVOS,15.8
2019,PT,SKILL_ICTCPT,Y_GE15,KZVOS,6.3
2019,PT,SKILL_ICTATCH,Y_GE15,KZVOS,46.0
2019,PT,SKILL_ICTSSHT,Y_GE15,KZVOS,29.2
2019,PT,SKILL_ICTCDV,Y_GE15,KZVOS,16.9
2019,PT,SKILL_ICTSFWR,Y_GE15,KZVOS,14.4
2019,PT,SKILL_ICTPST,Y_GE15,KZVOS,23.3
2019,PT,SKILL_ICTTRFF,Y_GE15,KZVOS,8.7
2019,PT,SKILL_ICTPRGM,Y_GE15,KZVOS,11.2
2019,PT,SKILL_ICTCMFL,Y_GE15,KZNS,29.3
2019,PT,SKILL_ICTCPT,Y_GE15,KZNS,27.4
2019,PT,SKILL_ICTATCH,Y_GE15,KZNS,69.4
2019,PT,SKILL_ICTSSHT,Y_GE15,KZNS,55.2
2019,PT,SKILL_ICTCDV,Y_GE15,KZNS,26.4
2019,PT,SKILL_ICTSFWR,Y_GE15,KZNS,37.1
2019,PT,SKILL_ICTPST,Y_GE15,KZNS,31.1
2019,PT,SKILL_ICTTRFF,Y_GE15,KZNS,34.0
2019,PT,SKILL_ICTPRGM,Y_GE15,KZNS,21.6
2019,PT,SKILL_ICTCMFL,Y_GE15,KZALA,21.0
2019,PT,SKILL_ICTCPT,Y_GE15,KZALA,15.9
2019,PT,SKILL_ICTATCH,Y_GE15,KZALA,61.8
2019,PT,SKILL_ICTSSHT,Y_GE15,KZALA,41.0
2019,PT,SKILL_ICTCDV,Y_GE15,KZALA,14.8
2019,PT,SKILL_ICTSFWR,Y_GE15,KZALA,20.7
2019,PT,SKILL_ICTPST,Y_GE15,KZALA,21.3
2019,PT,SKILL_ICTTRFF,Y_GE15,KZALA,20.7
2019,PT,SKILL_ICTPRGM,Y_GE15,KZALA,8.2
2019,PT,SKILL_ICTCMFL,Y_GE15,KZSHY,8.6
2019,PT,SKILL_ICTCPT,Y_GE15,KZSHY,3.7
2019,PT,SKILL_ICTATCH,Y_GE15,KZSHY,42.8
2019,PT,SKILL_ICTSSHT,Y_GE15,KZSHY,46.2
2019,PT,SKILL_ICTCDV,Y_GE15,KZSHY,8.0
2019,PT,SKILL_ICTSFWR,Y_GE15,KZSHY,9.9
2019,PT,SKILL_ICTPST,Y_GE15,KZSHY,9.9
2019,PT,SKILL_ICTTRFF,Y_GE15,KZSHY,8.4
2019,PT,SKILL_ICTPRGM,Y_GE15,KZSHY,3.6
