Year,UNIT_MEASURE,REF_AREA,GeoCode,Value
2017,PT,,,77.1
2017,PT,KZAKM,KZAKM,67.4
2017,PT,KZAKT,KZAKT,78.0
2017,PT,KZALM,KZALM,84.6
2017,PT,KZATY,KZATY,79.8
2017,PT,KZZAP,KZZAP,75.7
2017,PT,KZZHA,KZZHA,61.0
2017,PT,KZKAR,KZKAR,70.5
2017,PT,KZKUS,KZKUS,80.4
2017,PT,KZKZY,KZKZY,71.8
2017,PT,KZMAN,KZMAN,78.0
2017,PT,KZPAV,KZPAV,79.6
2017,PT,KZSEV,KZSEV,74.6
2017,PT,KZYUZ,KZYUZ,76.8
2017,PT,KZVOS,KZVOS,77.4
2017,PT,KZNS,KZNS,83.8
2017,PT,KZALA,KZALA,81.6
2017,PT,KZSHY,KZSHY,80.1
2018,PT,,,79.6
2018,PT,KZAKM,KZAKM,68.9
2018,PT,KZAKT,KZAKT,78.0
2018,PT,KZALM,KZALM,86.7
2018,PT,KZATY,KZATY,81.2
2018,PT,KZZAP,KZZAP,76.4
2018,PT,KZZHA,KZZHA,78.2
2018,PT,KZKAR,KZKAR,70.6
2018,PT,KZKUS,KZKUS,80.8
2018,PT,KZKZY,KZKZY,78.6
2018,PT,KZMAN,KZMAN,78.1
2018,PT,KZPAV,KZPAV,79.6
2018,PT,KZSEV,KZSEV,74.8
2018,PT,KZYUZ,KZYUZ,76.9
2018,PT,KZVOS,KZVOS,77.8
2018,PT,KZNS,KZNS,85.4
2018,PT,KZALA,KZALA,87.2
2018,PT,KZSHY,KZSHY,80.8
2019,PT,,,82.1
2019,PT,KZAKM,KZAKM,74.7
2019,PT,KZAKT,KZAKT,80.0
2019,PT,KZALM,KZALM,87.9
2019,PT,KZATY,KZATY,82.6
2019,PT,KZZAP,KZZAP,78.4
2019,PT,KZZHA,KZZHA,79.8
2019,PT,KZKAR,KZKAR,78.5
2019,PT,KZKUS,KZKUS,82.9
2019,PT,KZKZY,KZKZY,80.1
2019,PT,KZMAN,KZMAN,78.7
2019,PT,KZPAV,KZPAV,82.4
2019,PT,KZSEV,KZSEV,77.1
2019,PT,KZYUZ,KZYUZ,77.7
2019,PT,KZVOS,KZVOS,82.5
2019,PT,KZNS,KZNS,88.7
2019,PT,KZALA,KZALA,89.0
2019,PT,KZSHY,KZSHY,81.5
2020,PT,,,84.1
2020,PT,KZAKM,KZAKM,74.9
2020,PT,KZAKT,KZAKT,81.0
2020,PT,KZALM,KZALM,88.0
2020,PT,KZATY,KZATY,83.1
2020,PT,KZZAP,KZZAP,78.8
2020,PT,KZZHA,KZZHA,80.9
2020,PT,KZKAR,KZKAR,83.2
2020,PT,KZKUS,KZKUS,85.8
2020,PT,KZKZY,KZKZY,83.0
2020,PT,KZMAN,KZMAN,79.6
2020,PT,KZPAV,KZPAV,83.5
2020,PT,KZSEV,KZSEV,78.8
2020,PT,KZYUZ,KZYUZ,82.1
2020,PT,KZVOS,KZVOS,84.1
2020,PT,KZNS,KZNS,91.3
2020,PT,KZALA,KZALA,91.4
2020,PT,KZSHY,KZSHY,82.3
