Year,UNIT_MEASURE,REF_AREA,URBANISATION,AGE,Value
2010,PT,,,,37.2
2010,PT,KZAKM,,,39.9
2010,PT,KZAKT,,,41.7
2010,PT,KZALM,,,31.5
2010,PT,KZATY,,,18.9
2010,PT,KZZAP,,,21.2
2010,PT,KZZHA,,,22.3
2010,PT,KZKAR,,,41.0
2010,PT,KZKUS,,,39.6
2010,PT,KZKZY,,,38.1
2010,PT,KZMAN,,,30.4
2010,PT,KZONT,,,18.4
2010,PT,KZPAV,,,41.7
2010,PT,KZSEV,,,32.7
2010,PT,KZVOS,,,35.7
2010,PT,KZNS,,,40.4
2010,PT,KZALA,,,39.2
2010,PT,,U,,38.0
2010,PT,KZAKM,U,,40.5
2010,PT,KZAKT,U,,36.1
2010,PT,KZALM,U,,29.7
2010,PT,KZATY,U,,16.1
2010,PT,KZZAP,U,,23.4
2010,PT,KZZHA,U,,28.0
2010,PT,KZKAR,U,,41.7
2010,PT,KZKUS,U,,35.3
2010,PT,KZKZY,U,,38.5
2010,PT,KZMAN,U,,30.5
2010,PT,KZONT,U,,24.8
2010,PT,KZPAV,U,,41.4
2010,PT,KZSEV,U,,36.6
2010,PT,KZVOS,U,,39.5
2010,PT,KZNS,U,,40.4
2010,PT,KZALA,U,,39.2
2010,PT,,R,,33.4
2010,PT,KZAKM,R,,37.5
2010,PT,KZAKT,R,,55.8
2010,PT,KZALM,R,,32.7
2010,PT,KZATY,R,,26.8
2010,PT,KZZAP,R,,8.6
2010,PT,KZZHA,R,,19.1
2010,PT,KZKAR,R,,31.5
2010,PT,KZKUS,R,,46.9
2010,PT,KZKZY,R,,37.3
2010,PT,KZMAN,R,,29.6
2010,PT,KZONT,R,,4.2
2010,PT,KZPAV,R,,43.3
2010,PT,KZSEV,R,,27.3
2010,PT,KZVOS,R,,28.8
2010,PT,,,Y16T24,41.5
2010,PT,,,M25T28,43.5
2010,PT,,,M29T34,32.8
2010,PT,,,Y35T44,40.6
2010,PT,,,Y45T54,35.8
2010,PT,,,Y55T64,30.9
2010,PT,,,Y_GE65,51.0
2010,PT,KZAKM,,Y16T24,44.0
2010,PT,KZAKM,,M25T28,22.2
2010,PT,KZAKM,,M29T34,45.3
2010,PT,KZAKM,,Y35T44,46.2
2010,PT,KZAKM,,Y45T54,44.3
2010,PT,KZAKM,,Y55T64,24.6
2010,PT,KZAKT,,Y16T24,100.0
2010,PT,KZAKT,,M25T28,56.3
2010,PT,KZAKT,,M29T34,25.8
2010,PT,KZAKT,,Y35T44,47.6
2010,PT,KZAKT,,Y45T54,24.1
2010,PT,KZAKT,,Y55T64,51.9
2010,PT,KZALM,,Y16T24,29.8
2010,PT,KZALM,,M25T28,25.2
2010,PT,KZALM,,M29T34,0.0
2010,PT,KZALM,,Y35T44,40.4
2010,PT,KZALM,,Y45T54,36.6
2010,PT,KZALM,,Y55T64,46.9
2010,PT,KZATY,,M29T34,33.4
2010,PT,KZATY,,Y35T44,0.0
2010,PT,KZATY,,Y45T54,32.6
2010,PT,KZATY,,Y55T64,15.6
2010,PT,KZZAP,,Y16T24,7.0
2010,PT,KZZAP,,M25T28,13.2
2010,PT,KZZAP,,M29T34,31.4
2010,PT,KZZAP,,Y35T44,14.9
2010,PT,KZZAP,,Y45T54,19.3
2010,PT,KZZAP,,Y55T64,32.5
2010,PT,KZZHA,,M25T28,100.0
2010,PT,KZZHA,,M29T34,0.0
2010,PT,KZZHA,,Y35T44,30.2
2010,PT,KZZHA,,Y45T54,39.8
2010,PT,KZZHA,,Y55T64,6.5
2010,PT,KZKAR,,Y16T24,32.9
2010,PT,KZKAR,,M25T28,33.8
2010,PT,KZKAR,,M29T34,36.0
2010,PT,KZKAR,,Y35T44,41.8
2010,PT,KZKAR,,Y45T54,46.6
2010,PT,KZKAR,,Y55T64,44.6
2010,PT,KZKAR,,Y_GE65,0.0
2010,PT,KZKUS,,Y16T24,13.4
2010,PT,KZKUS,,M25T28,40.4
2010,PT,KZKUS,,M29T34,49.1
2010,PT,KZKUS,,Y35T44,33.0
2010,PT,KZKUS,,Y45T54,40.5
2010,PT,KZKUS,,Y55T64,36.1
2010,PT,KZKUS,,Y_GE65,83.9
2010,PT,KZKZY,,Y16T24,100.0
2010,PT,KZKZY,,M25T28,89.4
2010,PT,KZKZY,,M29T34,58.7
2010,PT,KZKZY,,Y35T44,34.6
2010,PT,KZKZY,,Y45T54,33.4
2010,PT,KZKZY,,Y55T64,23.6
2010,PT,KZKZY,,Y_GE65,0.0
2010,PT,KZMAN,,Y16T24,25.8
2010,PT,KZMAN,,M25T28,22.7
2010,PT,KZMAN,,M29T34,30.0
2010,PT,KZMAN,,Y35T44,35.3
2010,PT,KZMAN,,Y45T54,34.2
2010,PT,KZMAN,,Y55T64,15.4
2010,PT,KZMAN,,Y_GE65,0.0
2010,PT,KZONT,,Y16T24,0.0
2010,PT,KZONT,,M25T28,100.0
2010,PT,KZONT,,M29T34,34.8
2010,PT,KZONT,,Y35T44,14.3
2010,PT,KZONT,,Y45T54,14.7
2010,PT,KZONT,,Y55T64,23.3
2010,PT,KZPAV,,Y16T24,77.4
2010,PT,KZPAV,,M25T28,35.0
2010,PT,KZPAV,,M29T34,47.4
2010,PT,KZPAV,,Y35T44,35.2
2010,PT,KZPAV,,Y45T54,44.7
2010,PT,KZPAV,,Y55T64,34.2
2010,PT,KZSEV,,Y16T24,43.8
2010,PT,KZSEV,,M25T28,35.2
2010,PT,KZSEV,,M29T34,50.8
2010,PT,KZSEV,,Y35T44,40.3
2010,PT,KZSEV,,Y45T54,19.6
2010,PT,KZSEV,,Y55T64,25.3
2010,PT,KZVOS,,Y16T24,53.9
2010,PT,KZVOS,,M25T28,47.9
2010,PT,KZVOS,,M29T34,23.1
2010,PT,KZVOS,,Y35T44,35.7
2010,PT,KZVOS,,Y45T54,39.1
2010,PT,KZVOS,,Y55T64,25.4
2010,PT,KZNS,,Y16T24,44.0
2010,PT,KZNS,,M25T28,54.0
2010,PT,KZNS,,M29T34,28.9
2010,PT,KZNS,,Y35T44,48.5
2010,PT,KZNS,,Y45T54,34.6
2010,PT,KZNS,,Y55T64,35.8
2010,PT,KZNS,,Y_GE65,25.6
2010,PT,KZALA,,Y16T24,23.7
2010,PT,KZALA,,M25T28,42.7
2010,PT,KZALA,,M29T34,43.5
2010,PT,KZALA,,Y35T44,46.4
2010,PT,KZALA,,Y45T54,31.7
2010,PT,KZALA,,Y55T64,26.8
2011,PT,,,,38.5
2011,PT,KZAKM,,,43.1
2011,PT,KZAKT,,,41.6
2011,PT,KZALM,,,24.4
2011,PT,KZATY,,,26.7
2011,PT,KZZAP,,,24.7
2011,PT,KZZHA,,,30.1
2011,PT,KZKAR,,,40.0
2011,PT,KZKUS,,,43.9
2011,PT,KZKZY,,,40.8
2011,PT,KZMAN,,,32.9
2011,PT,KZONT,,,28.1
2011,PT,KZPAV,,,41.9
2011,PT,KZSEV,,,35.0
2011,PT,KZVOS,,,37.6
2011,PT,KZNS,,,41.4
2011,PT,KZALA,,,40.3
2011,PT,,U,,39.5
2011,PT,KZAKM,U,,46.1
2011,PT,KZAKT,U,,40.4
2011,PT,KZALM,U,,26.2
2011,PT,KZATY,U,,27.8
2011,PT,KZZAP,U,,27.5
2011,PT,KZZHA,U,,35.3
2011,PT,KZKAR,U,,40.0
2011,PT,KZKUS,U,,42.6
2011,PT,KZKZY,U,,40.2
2011,PT,KZMAN,U,,34.7
2011,PT,KZONT,U,,31.5
2011,PT,KZPAV,U,,39.0
2011,PT,KZSEV,U,,35.1
2011,PT,KZVOS,U,,40.1
2011,PT,KZNS,U,,41.4
2011,PT,KZALA,U,,40.3
2011,PT,,R,,34.3
2011,PT,KZAKM,R,,30.0
2011,PT,KZAKT,R,,48.8
2011,PT,KZALM,R,,23.3
2011,PT,KZATY,R,,23.6
2011,PT,KZZAP,R,,11.0
2011,PT,KZZHA,R,,25.0
2011,PT,KZKAR,R,,39.8
2011,PT,KZKUS,R,,46.7
2011,PT,KZKZY,R,,41.9
2011,PT,KZMAN,R,,20.5
2011,PT,KZONT,R,,21.4
2011,PT,KZPAV,R,,51.8
2011,PT,KZSEV,R,,34.7
2011,PT,KZVOS,R,,32.9
2011,PT,,,Y16T24,49.8
2011,PT,,,M25T28,44.1
2011,PT,,,M29T34,36.3
2011,PT,,,Y35T44,39.3
2011,PT,,,Y45T54,38.2
2011,PT,,,Y55T64,29.4
2011,PT,,,Y_GE65,13.6
2011,PT,KZAKM,,Y16T24,53.2
2011,PT,KZAKM,,M25T28,40.9
2011,PT,KZAKM,,M29T34,51.6
2011,PT,KZAKM,,Y35T44,44.1
2011,PT,KZAKM,,Y45T54,42.5
2011,PT,KZAKM,,Y55T64,26.9
2011,PT,KZAKT,,Y16T24,76.5
2011,PT,KZAKT,,M25T28,61.7
2011,PT,KZAKT,,M29T34,22.6
2011,PT,KZAKT,,Y35T44,37.3
2011,PT,KZAKT,,Y45T54,38.1
2011,PT,KZAKT,,Y55T64,24.7
2011,PT,KZALM,,Y16T24,48.0
2011,PT,KZALM,,M25T28,20.7
2011,PT,KZALM,,M29T34,0.0
2011,PT,KZALM,,Y35T44,27.5
2011,PT,KZALM,,Y45T54,32.9
2011,PT,KZALM,,Y55T64,24.1
2011,PT,KZALM,,Y_GE65,47.1
2011,PT,KZATY,,Y16T24,0.0
2011,PT,KZATY,,M25T28,71.3
2011,PT,KZATY,,M29T34,25.2
2011,PT,KZATY,,Y35T44,24.4
2011,PT,KZATY,,Y45T54,34.7
2011,PT,KZATY,,Y55T64,6.1
2011,PT,KZZAP,,Y16T24,31.0
2011,PT,KZZAP,,M25T28,0.0
2011,PT,KZZAP,,M29T34,32.4
2011,PT,KZZAP,,Y35T44,22.7
2011,PT,KZZAP,,Y45T54,17.2
2011,PT,KZZAP,,Y55T64,38.1
2011,PT,KZZHA,,Y16T24,19.0
2011,PT,KZZHA,,M25T28,61.4
2011,PT,KZZHA,,M29T34,0.0
2011,PT,KZZHA,,Y35T44,39.6
2011,PT,KZZHA,,Y45T54,44.8
2011,PT,KZZHA,,Y55T64,15.9
2011,PT,KZKAR,,Y16T24,53.0
2011,PT,KZKAR,,M25T28,40.0
2011,PT,KZKAR,,M29T34,36.5
2011,PT,KZKAR,,Y35T44,37.5
2011,PT,KZKAR,,Y45T54,45.3
2011,PT,KZKAR,,Y55T64,33.1
2011,PT,KZKAR,,Y_GE65,0.0
2011,PT,KZKUS,,Y16T24,57.7
2011,PT,KZKUS,,M25T28,41.2
2011,PT,KZKUS,,M29T34,53.6
2011,PT,KZKUS,,Y35T44,42.2
2011,PT,KZKUS,,Y45T54,45.9
2011,PT,KZKUS,,Y55T64,28.9
2011,PT,KZKUS,,Y_GE65,0.0
2011,PT,KZKZY,,Y16T24,100.0
2011,PT,KZKZY,,M25T28,33.2
2011,PT,KZKZY,,M29T34,53.6
2011,PT,KZKZY,,Y35T44,39.8
2011,PT,KZKZY,,Y45T54,41.9
2011,PT,KZKZY,,Y55T64,18.9
2011,PT,KZKZY,,Y_GE65,0.0
2011,PT,KZMAN,,Y16T24,33.4
2011,PT,KZMAN,,M25T28,34.2
2011,PT,KZMAN,,M29T34,19.0
2011,PT,KZMAN,,Y35T44,40.4
2011,PT,KZMAN,,Y45T54,38.1
2011,PT,KZMAN,,Y55T64,24.8
2011,PT,KZMAN,,Y_GE65,0.0
2011,PT,KZONT,,Y16T24,31.6
2011,PT,KZONT,,M25T28,46.6
2011,PT,KZONT,,M29T34,48.4
2011,PT,KZONT,,Y35T44,7.5
2011,PT,KZONT,,Y45T54,24.4
2011,PT,KZONT,,Y55T64,27.4
2011,PT,KZPAV,,Y16T24,21.9
2011,PT,KZPAV,,M25T28,52.7
2011,PT,KZPAV,,M29T34,38.4
2011,PT,KZPAV,,Y35T44,35.4
2011,PT,KZPAV,,Y45T54,51.1
2011,PT,KZPAV,,Y55T64,32.5
2011,PT,KZSEV,,Y16T24,76.0
2011,PT,KZSEV,,M25T28,15.2
2011,PT,KZSEV,,M29T34,48.0
2011,PT,KZSEV,,Y35T44,39.9
2011,PT,KZSEV,,Y45T54,27.0
2011,PT,KZSEV,,Y55T64,28.1
2011,PT,KZVOS,,Y16T24,37.6
2011,PT,KZVOS,,M25T28,40.4
2011,PT,KZVOS,,M29T34,40.1
2011,PT,KZVOS,,Y35T44,38.6
2011,PT,KZVOS,,Y45T54,36.2
2011,PT,KZVOS,,Y55T64,33.9
2011,PT,KZVOS,,Y_GE65,0.0
2011,PT,KZNS,,Y16T24,48.1
2011,PT,KZNS,,M25T28,46.7
2011,PT,KZNS,,M29T34,34.4
2011,PT,KZNS,,Y35T44,45.9
2011,PT,KZNS,,Y45T54,38.6
2011,PT,KZNS,,Y55T64,36.1
2011,PT,KZNS,,Y_GE65,42.2
2011,PT,KZALA,,Y16T24,72.3
2011,PT,KZALA,,M25T28,62.5
2011,PT,KZALA,,M29T34,40.6
2011,PT,KZALA,,Y35T44,42.5
2011,PT,KZALA,,Y45T54,31.3
2011,PT,KZALA,,Y55T64,27.1
2012,PT,,,,39.7
2012,PT,KZAKM,,,36.3
2012,PT,KZAKT,,,36.1
2012,PT,KZALM,,,33.4
2012,PT,KZATY,,,31.8
2012,PT,KZZAP,,,20.404275584718
2012,PT,KZZHA,,,39.4
2012,PT,KZKAR,,,43.1
2012,PT,KZKUS,,,43.1
2012,PT,KZKZY,,,31.0
2012,PT,KZMAN,,,40.7
2012,PT,KZONT,,,28.7
2012,PT,KZPAV,,,30.9
2012,PT,KZSEV,,,40.4
2012,PT,KZVOS,,,38.1
2012,PT,KZNS,,,46.2
2012,PT,KZALA,,,46.2
2012,PT,,U,,41.9
2012,PT,KZAKM,U,,44.6
2012,PT,KZAKT,U,,35.3
2012,PT,KZALM,U,,36.9
2012,PT,KZATY,U,,39.5
2012,PT,KZZAP,U,,19.1
2012,PT,KZZHA,U,,38.8
2012,PT,KZKAR,U,,44.7
2012,PT,KZKUS,U,,45.6
2012,PT,KZKZY,U,,32.4
2012,PT,KZMAN,U,,43.9
2012,PT,KZONT,U,,35.4
2012,PT,KZPAV,U,,29.0
2012,PT,KZSEV,U,,33.8
2012,PT,KZVOS,U,,34.4
2012,PT,KZNS,U,,46.2
2012,PT,KZALA,U,,46.2
2012,PT,,R,,32.2
2012,PT,KZAKM,R,,12.8
2012,PT,KZAKT,R,,42.5
2012,PT,KZALM,R,,32.1
2012,PT,KZATY,R,,10.1
2012,PT,KZZAP,R,,25.5
2012,PT,KZZHA,R,,42.6
2012,PT,KZKAR,R,,27.0
2012,PT,KZKUS,R,,36.1
2012,PT,KZKZY,R,,28.7
2012,PT,KZMAN,R,,16.7
2012,PT,KZONT,R,,15.8
2012,PT,KZPAV,R,,39.1
2012,PT,KZSEV,R,,45.8
2012,PT,KZVOS,R,,41.6
2012,PT,,,Y16T24,58.5
2012,PT,,,M25T28,40.2
2012,PT,,,M29T34,39.0
2012,PT,,,Y35T44,38.6
2012,PT,,,Y45T54,39.2
2012,PT,,,Y55T64,33.1
2012,PT,,,Y_GE65,25.0
2012,PT,KZAKM,,Y16T24,28.2
2012,PT,KZAKM,,M25T28,31.2
2012,PT,KZAKM,,M29T34,53.5
2012,PT,KZAKM,,Y35T44,39.6
2012,PT,KZAKM,,Y45T54,37.3
2012,PT,KZAKM,,Y55T64,20.1
2012,PT,KZAKT,,Y16T24,100.0
2012,PT,KZAKT,,M25T28,48.7
2012,PT,KZAKT,,M29T34,31.7
2012,PT,KZAKT,,Y35T44,34.3
2012,PT,KZAKT,,Y45T54,37.3
2012,PT,KZAKT,,Y55T64,16.7
2012,PT,KZALM,,Y16T24,40.0
2012,PT,KZALM,,M25T28,41.0
2012,PT,KZALM,,M29T34,45.1
2012,PT,KZALM,,Y35T44,19.2
2012,PT,KZALM,,Y45T54,28.7
2012,PT,KZALM,,Y55T64,46.7
2012,PT,KZATY,,Y16T24,78.9
2012,PT,KZATY,,M25T28,35.3
2012,PT,KZATY,,M29T34,24.8
2012,PT,KZATY,,Y35T44,42.2
2012,PT,KZATY,,Y45T54,25.9
2012,PT,KZATY,,Y55T64,13.7
2012,PT,KZATY,,Y_GE65,0.0
2012,PT,KZZAP,,M29T34,11.7
2012,PT,KZZAP,,Y35T44,15.5
2012,PT,KZZAP,,Y45T54,26.8
2012,PT,KZZAP,,Y55T64,31.6
2012,PT,KZZHA,,Y16T24,36.6
2012,PT,KZZHA,,M25T28,54.2
2012,PT,KZZHA,,M29T34,24.9
2012,PT,KZZHA,,Y35T44,28.7
2012,PT,KZZHA,,Y45T54,53.3
2012,PT,KZZHA,,Y55T64,21.5
2012,PT,KZZHA,,Y_GE65,100.0
2012,PT,KZKAR,,Y16T24,82.0
2012,PT,KZKAR,,M25T28,33.0
2012,PT,KZKAR,,M29T34,45.5
2012,PT,KZKAR,,Y35T44,47.5
2012,PT,KZKAR,,Y45T54,42.1
2012,PT,KZKAR,,Y55T64,35.3
2012,PT,KZKAR,,Y_GE65,54.4
2012,PT,KZKUS,,Y16T24,47.3
2012,PT,KZKUS,,M25T28,54.0
2012,PT,KZKUS,,M29T34,55.9
2012,PT,KZKUS,,Y35T44,43.3
2012,PT,KZKUS,,Y45T54,39.6
2012,PT,KZKUS,,Y55T64,15.1
2012,PT,KZKZY,,Y16T24,0.0
2012,PT,KZKZY,,M25T28,21.3
2012,PT,KZKZY,,M29T34,46.9
2012,PT,KZKZY,,Y35T44,33.3
2012,PT,KZKZY,,Y45T54,28.2
2012,PT,KZKZY,,Y55T64,37.0
2012,PT,KZKZY,,Y_GE65,0.0
2012,PT,KZMAN,,Y16T24,100.0
2012,PT,KZMAN,,M25T28,52.6
2012,PT,KZMAN,,M29T34,36.4
2012,PT,KZMAN,,Y35T44,38.0
2012,PT,KZMAN,,Y45T54,56.6
2012,PT,KZMAN,,Y55T64,33.0
2012,PT,KZMAN,,Y_GE65,0.0
2012,PT,KZONT,,Y16T24,68.7
2012,PT,KZONT,,M25T28,43.3
2012,PT,KZONT,,M29T34,56.3
2012,PT,KZONT,,Y35T44,17.9
2012,PT,KZONT,,Y45T54,23.4
2012,PT,KZONT,,Y55T64,31.1
2012,PT,KZPAV,,Y16T24,27.6
2012,PT,KZPAV,,M25T28,29.1
2012,PT,KZPAV,,M29T34,29.6
2012,PT,KZPAV,,Y35T44,23.5
2012,PT,KZPAV,,Y45T54,38.6
2012,PT,KZPAV,,Y55T64,35.9
2012,PT,KZSEV,,Y16T24,76.4
2012,PT,KZSEV,,M25T28,18.3
2012,PT,KZSEV,,M29T34,37.3
2012,PT,KZSEV,,Y35T44,33.2
2012,PT,KZSEV,,Y45T54,46.5
2012,PT,KZSEV,,Y55T64,62.8
2012,PT,KZVOS,,Y16T24,35.9
2012,PT,KZVOS,,M25T28,38.0
2012,PT,KZVOS,,M29T34,17.6
2012,PT,KZVOS,,Y35T44,31.9
2012,PT,KZVOS,,Y45T54,50.4
2012,PT,KZVOS,,Y55T64,43.0
2012,PT,KZNS,,Y16T24,68.5
2012,PT,KZNS,,M25T28,38.7
2012,PT,KZNS,,M29T34,40.0
2012,PT,KZNS,,Y35T44,48.8
2012,PT,KZNS,,Y45T54,46.0
2012,PT,KZNS,,Y55T64,43.8
2012,PT,KZNS,,Y_GE65,0.0
2012,PT,KZALA,,Y16T24,75.3
2012,PT,KZALA,,M25T28,52.9
2012,PT,KZALA,,M29T34,36.9
2012,PT,KZALA,,Y35T44,51.0
2012,PT,KZALA,,Y45T54,39.9
2012,PT,KZALA,,Y55T64,18.4
2013,PT,,,,38.3
2013,PT,KZAKM,,,44.8
2013,PT,KZAKT,,,27.2
2013,PT,KZALM,,,45.6
2013,PT,KZATY,,,28.9
2013,PT,KZZAP,,,23.5
2013,PT,KZZHA,,,27.0
2013,PT,KZKAR,,,38.6
2013,PT,KZKUS,,,34.6
2013,PT,KZKZY,,,30.9
2013,PT,KZMAN,,,30.0
2013,PT,KZONT,,,32.5
2013,PT,KZPAV,,,36.3
2013,PT,KZSEV,,,27.5
2013,PT,KZVOS,,,35.5
2013,PT,KZNS,,,48.0
2013,PT,KZALA,,,39.5
2013,PT,,U,,38.9
2013,PT,KZAKM,U,,50.5
2013,PT,KZAKT,U,,23.8
2013,PT,KZALM,U,,46.3
2013,PT,KZATY,U,,31.9
2013,PT,KZZAP,U,,26.0
2013,PT,KZZHA,U,,29.9
2013,PT,KZKAR,U,,39.4
2013,PT,KZKUS,U,,39.1
2013,PT,KZKZY,U,,31.7
2013,PT,KZMAN,U,,28.0
2013,PT,KZONT,U,,29.4
2013,PT,KZPAV,U,,33.9
2013,PT,KZSEV,U,,29.4
2013,PT,KZVOS,U,,40.1
2013,PT,KZNS,U,,48.0
2013,PT,KZALA,U,,39.5
2013,PT,,R,,37.0
2013,PT,KZAKM,R,,31.2
2013,PT,KZAKT,R,,54.4
2013,PT,KZALM,R,,45.3
2013,PT,KZATY,R,,18.0
2013,PT,KZZAP,R,,16.9
2013,PT,KZZHA,R,,10.1
2013,PT,KZKAR,R,,30.7
2013,PT,KZKUS,R,,20.5
2013,PT,KZKZY,R,,29.4
2013,PT,KZMAN,R,,35.8
2013,PT,KZONT,R,,34.8
2013,PT,KZPAV,R,,44.0
2013,PT,KZSEV,R,,23.9
2013,PT,KZVOS,R,,29.1
2013,PT,,,Y16T24,42.0
2013,PT,,,M25T28,41.6
2013,PT,,,M29T34,38.4
2013,PT,,,Y35T44,39.3
2013,PT,,,Y45T54,38.4
2013,PT,,,Y55T64,30.0
2013,PT,,,Y_GE65,17.5
2013,PT,KZAKM,,Y16T24,69.1
2013,PT,KZAKM,,M25T28,61.2
2013,PT,KZAKM,,M29T34,64.4
2013,PT,KZAKM,,Y35T44,32.9
2013,PT,KZAKM,,Y45T54,41.0
2013,PT,KZAKM,,Y55T64,40.7
2013,PT,KZAKT,,Y16T24,6.7
2013,PT,KZAKT,,M25T28,33.6
2013,PT,KZAKT,,M29T34,15.6
2013,PT,KZAKT,,Y35T44,41.9
2013,PT,KZAKT,,Y45T54,24.5
2013,PT,KZAKT,,Y55T64,29.1
2013,PT,KZALM,,Y16T24,34.1
2013,PT,KZALM,,M25T28,70.6
2013,PT,KZALM,,M29T34,58.9
2013,PT,KZALM,,Y35T44,43.7
2013,PT,KZALM,,Y45T54,44.4
2013,PT,KZALM,,Y55T64,39.5
2013,PT,KZALM,,Y_GE65,33.4
2013,PT,KZATY,,Y16T24,47.4
2013,PT,KZATY,,M25T28,20.7
2013,PT,KZATY,,M29T34,61.7
2013,PT,KZATY,,Y35T44,24.4
2013,PT,KZATY,,Y45T54,28.7
2013,PT,KZATY,,Y55T64,17.7
2013,PT,KZATY,,Y_GE65,0.0
2013,PT,KZZAP,,Y16T24,0.0
2013,PT,KZZAP,,M25T28,80.4
2013,PT,KZZAP,,M29T34,0.0
2013,PT,KZZAP,,Y35T44,30.4
2013,PT,KZZAP,,Y45T54,26.8
2013,PT,KZZAP,,Y55T64,17.7
2013,PT,KZZHA,,Y16T24,0.0
2013,PT,KZZHA,,M25T28,28.1
2013,PT,KZZHA,,M29T34,21.0
2013,PT,KZZHA,,Y35T44,31.7
2013,PT,KZZHA,,Y45T54,29.6
2013,PT,KZZHA,,Y55T64,24.6
2013,PT,KZKAR,,Y16T24,53.1
2013,PT,KZKAR,,M25T28,31.1
2013,PT,KZKAR,,M29T34,30.1
2013,PT,KZKAR,,Y35T44,44.5
2013,PT,KZKAR,,Y45T54,45.0
2013,PT,KZKAR,,Y55T64,22.8
2013,PT,KZKAR,,Y_GE65,26.8
2013,PT,KZKUS,,Y16T24,56.2
2013,PT,KZKUS,,M25T28,44.3
2013,PT,KZKUS,,M29T34,35.4
2013,PT,KZKUS,,Y35T44,27.3
2013,PT,KZKUS,,Y45T54,37.0
2013,PT,KZKUS,,Y55T64,17.6
2013,PT,KZKZY,,Y16T24,0.0
2013,PT,KZKZY,,M25T28,0.0
2013,PT,KZKZY,,M29T34,35.1
2013,PT,KZKZY,,Y35T44,34.6
2013,PT,KZKZY,,Y45T54,26.8
2013,PT,KZKZY,,Y55T64,44.9
2013,PT,KZMAN,,Y16T24,0.0
2013,PT,KZMAN,,M25T28,10.3
2013,PT,KZMAN,,M29T34,24.7
2013,PT,KZMAN,,Y35T44,43.5
2013,PT,KZMAN,,Y45T54,28.1
2013,PT,KZMAN,,Y55T64,12.1
2013,PT,KZONT,,Y16T24,32.6
2013,PT,KZONT,,M25T28,3.0
2013,PT,KZONT,,M29T34,47.2
2013,PT,KZONT,,Y35T44,34.9
2013,PT,KZONT,,Y45T54,32.3
2013,PT,KZONT,,Y55T64,26.7
2013,PT,KZPAV,,Y16T24,45.9
2013,PT,KZPAV,,M25T28,17.2
2013,PT,KZPAV,,M29T34,41.9
2013,PT,KZPAV,,Y35T44,34.4
2013,PT,KZPAV,,Y45T54,47.6
2013,PT,KZPAV,,Y55T64,31.2
2013,PT,KZSEV,,Y16T24,0.0
2013,PT,KZSEV,,M25T28,51.7
2013,PT,KZSEV,,M29T34,13.2
2013,PT,KZSEV,,Y35T44,22.5
2013,PT,KZSEV,,Y45T54,34.3
2013,PT,KZSEV,,Y55T64,33.4
2013,PT,KZVOS,,Y16T24,46.1
2013,PT,KZVOS,,M25T28,23.5
2013,PT,KZVOS,,M29T34,25.9
2013,PT,KZVOS,,Y35T44,43.0
2013,PT,KZVOS,,Y45T54,38.3
2013,PT,KZVOS,,Y55T64,37.8
2013,PT,KZNS,,Y16T24,74.3
2013,PT,KZNS,,M25T28,42.8
2013,PT,KZNS,,M29T34,47.1
2013,PT,KZNS,,Y35T44,46.3
2013,PT,KZNS,,Y45T54,46.9
2013,PT,KZNS,,Y55T64,27.7
2013,PT,KZNS,,Y_GE65,0.0
2013,PT,KZALA,,Y16T24,62.3
2013,PT,KZALA,,M25T28,53.6
2013,PT,KZALA,,M29T34,32.5
2013,PT,KZALA,,Y35T44,46.4
2013,PT,KZALA,,Y45T54,32.7
2013,PT,KZALA,,Y55T64,22.1
2014,PT,,,,34.8
2014,PT,KZAKM,,,34.8
2014,PT,KZAKT,,,37.6
2014,PT,KZALM,,,26.5
2014,PT,KZATY,,,25.4
2014,PT,KZZAP,,,30.6
2014,PT,KZZHA,,,22.8
2014,PT,KZKAR,,,35.7
2014,PT,KZKUS,,,38.6
2014,PT,KZKZY,,,34.0
2014,PT,KZMAN,,,44.6
2014,PT,KZONT,,,32.9
2014,PT,KZPAV,,,32.0
2014,PT,KZSEV,,,31.3
2014,PT,KZVOS,,,35.0
2014,PT,KZNS,,,35.9
2014,PT,KZALA,,,38.4
2014,PT,,U,,37.1
2014,PT,KZAKM,U,,37.7
2014,PT,KZAKT,U,,39.6
2014,PT,KZALM,U,,30.5
2014,PT,KZATY,U,,23.7
2014,PT,KZZAP,U,,32.0
2014,PT,KZZHA,U,,27.5
2014,PT,KZKAR,U,,37.0
2014,PT,KZKUS,U,,41.4
2014,PT,KZKZY,U,,38.1
2014,PT,KZMAN,U,,46.4
2014,PT,KZONT,U,,35.5
2014,PT,KZPAV,U,,31.5
2014,PT,KZSEV,U,,34.0
2014,PT,KZVOS,U,,37.8
2014,PT,KZNS,U,,37.6
2014,PT,KZALA,U,,39.3
2014,PT,,R,,30.2
2014,PT,KZAKM,R,,29.6
2014,PT,KZAKT,R,,30.6
2014,PT,KZALM,R,,25.3
2014,PT,KZATY,R,,32.7
2014,PT,KZZAP,R,,28.8
2014,PT,KZZHA,R,,16.7
2014,PT,KZKAR,R,,32.0
2014,PT,KZKUS,R,,34.4
2014,PT,KZKZY,R,,28.8
2014,PT,KZMAN,R,,45.5
2014,PT,KZONT,R,,30.4
2014,PT,KZPAV,R,,38.6
2014,PT,KZSEV,R,,28.0
2014,PT,KZVOS,R,,29.2
2014,PT,,,Y16T24,29.6
2014,PT,,,M25T28,34.8
2014,PT,,,M29T34,33.2
2014,PT,,,Y35T44,36.5
2014,PT,,,Y45T54,38.3
2014,PT,,,Y55T64,30.2
2014,PT,,,Y_GE65,16.0
2014,PT,KZAKM,,Y16T24,25.6
2014,PT,KZAKM,,M25T28,26.6
2014,PT,KZAKM,,M29T34,32.1
2014,PT,KZAKM,,Y35T44,36.4
2014,PT,KZAKM,,Y45T54,36.8
2014,PT,KZAKM,,Y55T64,37.8
2014,PT,KZAKT,,Y16T24,13.5
2014,PT,KZAKT,,M25T28,43.8
2014,PT,KZAKT,,M29T34,43.3
2014,PT,KZAKT,,Y35T44,41.8
2014,PT,KZAKT,,Y45T54,36.5
2014,PT,KZAKT,,Y55T64,16.7
2014,PT,KZAKT,,Y_GE65,0.0
2014,PT,KZALM,,Y16T24,17.3
2014,PT,KZALM,,M25T28,34.2
2014,PT,KZALM,,M29T34,20.2
2014,PT,KZALM,,Y35T44,27.6
2014,PT,KZALM,,Y45T54,31.1
2014,PT,KZALM,,Y55T64,26.1
2014,PT,KZALM,,Y_GE65,25.6
2014,PT,KZATY,,Y16T24,39.1
2014,PT,KZATY,,M25T28,12.7
2014,PT,KZATY,,M29T34,18.4
2014,PT,KZATY,,Y35T44,36.2
2014,PT,KZATY,,Y45T54,28.7
2014,PT,KZATY,,Y55T64,13.3
2014,PT,KZATY,,Y_GE65,0.0
2014,PT,KZZAP,,Y16T24,31.3
2014,PT,KZZAP,,M25T28,27.1
2014,PT,KZZAP,,M29T34,43.2
2014,PT,KZZAP,,Y35T44,32.6
2014,PT,KZZAP,,Y45T54,27.6
2014,PT,KZZAP,,Y55T64,26.9
2014,PT,KZZAP,,Y_GE65,0.0
2014,PT,KZZHA,,Y16T24,4.2
2014,PT,KZZHA,,M25T28,25.0
2014,PT,KZZHA,,M29T34,11.3
2014,PT,KZZHA,,Y35T44,22.8
2014,PT,KZZHA,,Y45T54,42.2
2014,PT,KZZHA,,Y55T64,28.3
2014,PT,KZZHA,,Y_GE65,0.0
2014,PT,KZKAR,,Y16T24,31.1
2014,PT,KZKAR,,M25T28,20.2
2014,PT,KZKAR,,M29T34,33.4
2014,PT,KZKAR,,Y35T44,35.2
2014,PT,KZKAR,,Y45T54,43.4
2014,PT,KZKAR,,Y55T64,42.9
2014,PT,KZKAR,,Y_GE65,8.1
2014,PT,KZKUS,,Y16T24,44.5
2014,PT,KZKUS,,M25T28,35.6
2014,PT,KZKUS,,M29T34,34.7
2014,PT,KZKUS,,Y35T44,40.3
2014,PT,KZKUS,,Y45T54,43.2
2014,PT,KZKUS,,Y55T64,27.2
2014,PT,KZKUS,,Y_GE65,32.5
2014,PT,KZKZY,,Y16T24,27.7
2014,PT,KZKZY,,M25T28,65.2
2014,PT,KZKZY,,M29T34,28.9
2014,PT,KZKZY,,Y35T44,47.7
2014,PT,KZKZY,,Y45T54,29.2
2014,PT,KZKZY,,Y55T64,16.2
2014,PT,KZMAN,,Y16T24,41.1
2014,PT,KZMAN,,M25T28,47.7
2014,PT,KZMAN,,M29T34,38.5
2014,PT,KZMAN,,Y35T44,50.2
2014,PT,KZMAN,,Y45T54,48.2
2014,PT,KZMAN,,Y55T64,31.6
2014,PT,KZMAN,,Y_GE65,6.8
2014,PT,KZONT,,Y16T24,22.0
2014,PT,KZONT,,M25T28,31.6
2014,PT,KZONT,,M29T34,36.2
2014,PT,KZONT,,Y35T44,36.6
2014,PT,KZONT,,Y45T54,31.5
2014,PT,KZONT,,Y55T64,25.2
2014,PT,KZPAV,,Y16T24,22.1
2014,PT,KZPAV,,M25T28,33.4
2014,PT,KZPAV,,M29T34,27.9
2014,PT,KZPAV,,Y35T44,31.9
2014,PT,KZPAV,,Y45T54,37.0
2014,PT,KZPAV,,Y55T64,24.9
2014,PT,KZPAV,,Y_GE65,84.8
2014,PT,KZSEV,,Y16T24,2.1
2014,PT,KZSEV,,M25T28,23.0
2014,PT,KZSEV,,M29T34,28.0
2014,PT,KZSEV,,Y35T44,38.0
2014,PT,KZSEV,,Y45T54,32.2
2014,PT,KZSEV,,Y55T64,32.2
2014,PT,KZSEV,,Y_GE65,21.9
2014,PT,KZVOS,,Y16T24,25.8
2014,PT,KZVOS,,M25T28,27.2
2014,PT,KZVOS,,M29T34,35.2
2014,PT,KZVOS,,Y35T44,30.2
2014,PT,KZVOS,,Y45T54,45.2
2014,PT,KZVOS,,Y55T64,29.0
2014,PT,KZVOS,,Y_GE65,10.6
2014,PT,KZNS,,Y16T24,20.8
2014,PT,KZNS,,M25T28,47.7
2014,PT,KZNS,,M29T34,43.1
2014,PT,KZNS,,Y35T44,38.5
2014,PT,KZNS,,Y45T54,28.3
2014,PT,KZNS,,Y55T64,28.0
2014,PT,KZALA,,Y16T24,37.0
2014,PT,KZALA,,M25T28,43.4
2014,PT,KZALA,,M29T34,32.8
2014,PT,KZALA,,Y35T44,39.1
2014,PT,KZALA,,Y45T54,42.3
2014,PT,KZALA,,Y55T64,35.1
2014,PT,KZALA,,Y_GE65,0.0
2015,PT,,,,37.0
2015,PT,KZAKM,,,30.0
2015,PT,KZAKT,,,34.3
2015,PT,KZALM,,,31.3
2015,PT,KZATY,,,33.8
2015,PT,KZZAP,,,35.9
2015,PT,KZZHA,,,20.5
2015,PT,KZKAR,,,38.9
2015,PT,KZKUS,,,42.9
2015,PT,KZKZY,,,32.6
2015,PT,KZMAN,,,52.0
2015,PT,KZONT,,,28.7
2015,PT,KZPAV,,,39.1
2015,PT,KZSEV,,,39.6
2015,PT,KZVOS,,,33.0
2015,PT,KZNS,,,41.9
2015,PT,KZALA,,,35.3
2015,PT,,U,,38.4
2015,PT,KZAKM,U,,29.8
2015,PT,KZAKT,U,,33.1
2015,PT,KZALM,U,,34.3
2015,PT,KZATY,U,,33.6
2015,PT,KZZAP,U,,38.4
2015,PT,KZZHA,U,,20.3
2015,PT,KZKAR,U,,39.9
2015,PT,KZKUS,U,,44.7
2015,PT,KZKZY,U,,37.6
2015,PT,KZMAN,U,,51.6
2015,PT,KZONT,U,,32.8
2015,PT,KZPAV,U,,40.7
2015,PT,KZSEV,U,,42.1
2015,PT,KZVOS,U,,34.6
2015,PT,KZNS,U,,41.9
2015,PT,KZALA,U,,35.3
2015,PT,,R,,32.1
2015,PT,KZAKM,R,,30.3
2015,PT,KZAKT,R,,38.1
2015,PT,KZALM,R,,29.3
2015,PT,KZATY,R,,34.6
2015,PT,KZZAP,R,,30.7
2015,PT,KZZHA,R,,21.1
2015,PT,KZKAR,R,,30.9
2015,PT,KZKUS,R,,38.4
2015,PT,KZKZY,R,,26.3
2015,PT,KZMAN,R,,53.0
2015,PT,KZONT,R,,23.7
2015,PT,KZPAV,R,,31.6
2015,PT,KZSEV,R,,32.9
2015,PT,KZVOS,R,,28.5
2015,PT,,,Y16T24,38.3
2015,PT,,,M25T28,36.7
2015,PT,,,M29T34,37.1
2015,PT,,,Y35T44,35.9
2015,PT,,,Y45T54,39.4
2015,PT,,,Y55T64,34.3
2015,PT,,,Y_GE65,28.4
2015,PT,KZAKM,,Y16T24,45.5
2015,PT,KZAKM,,M25T28,15.1
2015,PT,KZAKM,,M29T34,30.7
2015,PT,KZAKM,,Y35T44,29.0
2015,PT,KZAKM,,Y45T54,32.1
2015,PT,KZAKM,,Y55T64,30.3
2015,PT,KZAKT,,Y16T24,33.0
2015,PT,KZAKT,,M25T28,42.2
2015,PT,KZAKT,,M29T34,27.3
2015,PT,KZAKT,,Y35T44,24.5
2015,PT,KZAKT,,Y45T54,52.7
2015,PT,KZAKT,,Y55T64,29.9
2015,PT,KZAKT,,Y_GE65,0.0
2015,PT,KZALM,,Y16T24,44.1
2015,PT,KZALM,,M25T28,31.1
2015,PT,KZALM,,M29T34,26.9
2015,PT,KZALM,,Y35T44,28.1
2015,PT,KZALM,,Y45T54,31.0
2015,PT,KZALM,,Y55T64,33.9
2015,PT,KZALM,,Y_GE65,9.8
2015,PT,KZATY,,Y16T24,17.1
2015,PT,KZATY,,M25T28,0.0
2015,PT,KZATY,,M29T34,39.3
2015,PT,KZATY,,Y35T44,50.5
2015,PT,KZATY,,Y45T54,29.7
2015,PT,KZATY,,Y55T64,18.5
2015,PT,KZATY,,Y_GE65,0.0
2015,PT,KZZAP,,Y16T24,48.1
2015,PT,KZZAP,,M25T28,43.0
2015,PT,KZZAP,,M29T34,31.9
2015,PT,KZZAP,,Y35T44,24.9
2015,PT,KZZAP,,Y45T54,41.8
2015,PT,KZZAP,,Y55T64,36.7
2015,PT,KZZHA,,Y16T24,4.1
2015,PT,KZZHA,,M25T28,32.7
2015,PT,KZZHA,,M29T34,13.6
2015,PT,KZZHA,,Y35T44,18.4
2015,PT,KZZHA,,Y45T54,37.4
2015,PT,KZZHA,,Y55T64,10.4
2015,PT,KZKAR,,Y16T24,49.8
2015,PT,KZKAR,,M25T28,34.3
2015,PT,KZKAR,,M29T34,36.7
2015,PT,KZKAR,,Y35T44,34.4
2015,PT,KZKAR,,Y45T54,46.8
2015,PT,KZKAR,,Y55T64,38.1
2015,PT,KZKAR,,Y_GE65,27.8
2015,PT,KZKUS,,Y16T24,45.3
2015,PT,KZKUS,,M25T28,40.2
2015,PT,KZKUS,,M29T34,44.0
2015,PT,KZKUS,,Y35T44,42.9
2015,PT,KZKUS,,Y45T54,45.0
2015,PT,KZKUS,,Y55T64,36.0
2015,PT,KZKUS,,Y_GE65,17.7
2015,PT,KZKZY,,Y16T24,0.0
2015,PT,KZKZY,,M25T28,33.8
2015,PT,KZKZY,,M29T34,33.6
2015,PT,KZKZY,,Y35T44,44.2
2015,PT,KZKZY,,Y45T54,30.3
2015,PT,KZKZY,,Y55T64,13.0
2015,PT,KZMAN,,Y16T24,36.3
2015,PT,KZMAN,,M25T28,63.3
2015,PT,KZMAN,,M29T34,47.5
2015,PT,KZMAN,,Y35T44,62.3
2015,PT,KZMAN,,Y45T54,46.5
2015,PT,KZMAN,,Y55T64,41.6
2015,PT,KZMAN,,Y_GE65,54.5
2015,PT,KZONT,,Y16T24,5.3
2015,PT,KZONT,,M25T28,12.9
2015,PT,KZONT,,M29T34,33.9
2015,PT,KZONT,,Y35T44,39.7
2015,PT,KZONT,,Y45T54,21.4
2015,PT,KZONT,,Y55T64,24.3
2015,PT,KZONT,,Y_GE65,0.0
2015,PT,KZPAV,,Y16T24,42.0
2015,PT,KZPAV,,M25T28,32.5
2015,PT,KZPAV,,M29T34,56.7
2015,PT,KZPAV,,Y35T44,38.6
2015,PT,KZPAV,,Y45T54,35.8
2015,PT,KZPAV,,Y55T64,30.6
2015,PT,KZPAV,,Y_GE65,11.8
2015,PT,KZSEV,,Y16T24,48.7
2015,PT,KZSEV,,M25T28,37.7
2015,PT,KZSEV,,M29T34,38.0
2015,PT,KZSEV,,Y35T44,38.2
2015,PT,KZSEV,,Y45T54,42.2
2015,PT,KZSEV,,Y55T64,40.6
2015,PT,KZSEV,,Y_GE65,2.8
2015,PT,KZVOS,,Y16T24,29.9
2015,PT,KZVOS,,M25T28,13.7
2015,PT,KZVOS,,M29T34,32.2
2015,PT,KZVOS,,Y35T44,34.8
2015,PT,KZVOS,,Y45T54,36.9
2015,PT,KZVOS,,Y55T64,38.3
2015,PT,KZVOS,,Y_GE65,0.0
2015,PT,KZNS,,Y16T24,41.3
2015,PT,KZNS,,M25T28,52.4
2015,PT,KZNS,,M29T34,37.3
2015,PT,KZNS,,Y35T44,37.2
2015,PT,KZNS,,Y45T54,46.1
2015,PT,KZNS,,Y55T64,41.1
2015,PT,KZNS,,Y_GE65,55.6
2015,PT,KZALA,,Y16T24,35.1
2015,PT,KZALA,,M25T28,22.9
2015,PT,KZALA,,M29T34,43.7
2015,PT,KZALA,,Y35T44,35.1
2015,PT,KZALA,,Y45T54,33.8
2015,PT,KZALA,,Y55T64,35.8
2015,PT,KZALA,,Y_GE65,32.1
2016,PT,,,,37.3
2016,PT,KZAKM,,,34.6
2016,PT,KZAKT,,,34.1
2016,PT,KZALM,,,35.7
2016,PT,KZATY,,,30.0
2016,PT,KZZAP,,,34.5
2016,PT,KZZHA,,,19.2
2016,PT,KZKAR,,,33.8
2016,PT,KZKUS,,,39.6
2016,PT,KZKZY,,,31.1
2016,PT,KZMAN,,,44.4
2016,PT,KZONT,,,40.9
2016,PT,KZPAV,,,40.0
2016,PT,KZSEV,,,32.6
2016,PT,KZVOS,,,33.7
2016,PT,KZNS,,,44.2
2016,PT,KZALA,,,39.9
2016,PT,,U,,38.3
2016,PT,KZAKM,U,,31.8
2016,PT,KZAKT,U,,36.8
2016,PT,KZALM,U,,42.2
2016,PT,KZATY,U,,30.5
2016,PT,KZZAP,U,,35.0
2016,PT,KZZHA,U,,16.2
2016,PT,KZKAR,U,,34.2
2016,PT,KZKUS,U,,41.4
2016,PT,KZKZY,U,,32.2
2016,PT,KZMAN,U,,43.8
2016,PT,KZONT,U,,43.0
2016,PT,KZPAV,U,,40.5
2016,PT,KZSEV,U,,33.5
2016,PT,KZVOS,U,,35.2
2016,PT,KZNS,U,,44.2
2016,PT,KZALA,U,,39.9
2016,PT,,R,,32.9
2016,PT,KZAKM,R,,38.3
2016,PT,KZAKT,R,,27.0
2016,PT,KZALM,R,,31.1
2016,PT,KZATY,R,,28.4
2016,PT,KZZAP,R,,33.5
2016,PT,KZZHA,R,,29.4
2016,PT,KZKAR,R,,30.7
2016,PT,KZKUS,R,,35.9
2016,PT,KZKZY,R,,27.3
2016,PT,KZMAN,R,,47.1
2016,PT,KZONT,R,,33.7
2016,PT,KZPAV,R,,37.6
2016,PT,KZSEV,R,,30.4
2016,PT,KZVOS,R,,25.2
2016,PT,,,Y16T24,37.9
2016,PT,,,M25T28,36.1
2016,PT,,,M29T34,35.6
2016,PT,,,Y35T44,35.4
2016,PT,,,Y45T54,41.5
2016,PT,,,Y55T64,36.7
2016,PT,,,Y_GE65,29.8
2016,PT,KZAKM,,Y16T24,45.0
2016,PT,KZAKM,,M25T28,15.8
2016,PT,KZAKM,,M29T34,45.4
2016,PT,KZAKM,,Y35T44,28.7
2016,PT,KZAKM,,Y45T54,35.8
2016,PT,KZAKM,,Y55T64,44.0
2016,PT,KZAKT,,Y16T24,25.1
2016,PT,KZAKT,,M25T28,35.2
2016,PT,KZAKT,,M29T34,42.9
2016,PT,KZAKT,,Y35T44,32.2
2016,PT,KZAKT,,Y45T54,47.6
2016,PT,KZAKT,,Y55T64,24.0
2016,PT,KZAKT,,Y_GE65,4.7
2016,PT,KZALM,,Y16T24,25.1
2016,PT,KZALM,,M25T28,35.2
2016,PT,KZALM,,M29T34,42.9
2016,PT,KZALM,,Y35T44,32.2
2016,PT,KZALM,,Y45T54,47.6
2016,PT,KZALM,,Y55T64,24.0
2016,PT,KZALM,,Y_GE65,4.7
2016,PT,KZATY,,Y16T24,33.8
2016,PT,KZATY,,M25T28,49.1
2016,PT,KZATY,,M29T34,7.5
2016,PT,KZATY,,Y35T44,34.1
2016,PT,KZATY,,Y45T54,49.1
2016,PT,KZATY,,Y55T64,23.4
2016,PT,KZATY,,Y_GE65,0.0
2016,PT,KZZAP,,Y16T24,40.4
2016,PT,KZZAP,,M25T28,47.7
2016,PT,KZZAP,,M29T34,37.3
2016,PT,KZZAP,,Y35T44,31.4
2016,PT,KZZAP,,Y45T54,34.1
2016,PT,KZZAP,,Y55T64,31.1
2016,PT,KZZHA,,Y16T24,0.0
2016,PT,KZZHA,,M25T28,9.7
2016,PT,KZZHA,,M29T34,17.8
2016,PT,KZZHA,,Y35T44,13.3
2016,PT,KZZHA,,Y45T54,36.7
2016,PT,KZZHA,,Y55T64,22.5
2016,PT,KZZHA,,Y_GE65,100.0
2016,PT,KZKAR,,Y16T24,47.9
2016,PT,KZKAR,,M25T28,26.9
2016,PT,KZKAR,,M29T34,36.3
2016,PT,KZKAR,,Y35T44,28.6
2016,PT,KZKAR,,Y45T54,37.2
2016,PT,KZKAR,,Y55T64,36.3
2016,PT,KZKAR,,Y_GE65,14.0
2016,PT,KZKUS,,Y16T24,40.2
2016,PT,KZKUS,,M25T28,38.2
2016,PT,KZKUS,,M29T34,25.1
2016,PT,KZKUS,,Y35T44,42.5
2016,PT,KZKUS,,Y45T54,51.4
2016,PT,KZKUS,,Y55T64,33.8
2016,PT,KZKUS,,Y_GE65,15.9
2016,PT,KZKZY,,Y16T24,21.7
2016,PT,KZKZY,,M25T28,22.9
2016,PT,KZKZY,,M29T34,31.0
2016,PT,KZKZY,,Y35T44,22.8
2016,PT,KZKZY,,Y45T54,42.5
2016,PT,KZKZY,,Y55T64,30.8
2016,PT,KZMAN,,Y16T24,40.7
2016,PT,KZMAN,,M25T28,46.0
2016,PT,KZMAN,,M29T34,47.4
2016,PT,KZMAN,,Y35T44,41.9
2016,PT,KZMAN,,Y45T54,47.1
2016,PT,KZMAN,,Y55T64,37.6
2016,PT,KZONT,,Y16T24,5.2
2016,PT,KZONT,,M25T28,10.9
2016,PT,KZONT,,M29T34,46.9
2016,PT,KZONT,,Y35T44,60.7
2016,PT,KZONT,,Y45T54,39.8
2016,PT,KZONT,,Y55T64,67.2
2016,PT,KZONT,,Y_GE65,0.0
2016,PT,KZPAV,,Y16T24,72.0
2016,PT,KZPAV,,M25T28,32.9
2016,PT,KZPAV,,M29T34,31.7
2016,PT,KZPAV,,Y35T44,40.3
2016,PT,KZPAV,,Y45T54,44.9
2016,PT,KZPAV,,Y55T64,38.1
2016,PT,KZPAV,,Y_GE65,70.3
2016,PT,KZSEV,,Y16T24,0.0
2016,PT,KZSEV,,M25T28,34.2
2016,PT,KZSEV,,M29T34,27.1
2016,PT,KZSEV,,Y35T44,34.8
2016,PT,KZSEV,,Y45T54,37.3
2016,PT,KZSEV,,Y55T64,27.3
2016,PT,KZSEV,,Y_GE65,16.5
2016,PT,KZVOS,,Y16T24,1.5
2016,PT,KZVOS,,M25T28,71.9
2016,PT,KZVOS,,M29T34,31.7
2016,PT,KZVOS,,Y35T44,29.43
2016,PT,KZVOS,,Y45T54,28.5
2016,PT,KZVOS,,Y55T64,30.7
2016,PT,KZVOS,,Y_GE65,17.5
2016,PT,KZNS,,Y16T24,61.6
2016,PT,KZNS,,M25T28,46.3
2016,PT,KZNS,,M29T34,40.6
2016,PT,KZNS,,Y35T44,38.3
2016,PT,KZNS,,Y45T54,48.7
2016,PT,KZNS,,Y55T64,56.7
2016,PT,KZNS,,Y_GE65,66.0
2016,PT,KZALA,,Y16T24,40.6
2016,PT,KZALA,,M25T28,37.3
2016,PT,KZALA,,M29T34,36.8
2016,PT,KZALA,,Y35T44,37.0
2016,PT,KZALA,,Y45T54,43.2
2016,PT,KZALA,,Y55T64,48.9
2016,PT,KZALA,,Y_GE65,78.8
2017,PT,,,,37.0
2017,PT,KZAKM,,,35.8
2017,PT,KZAKT,,,39.8
2017,PT,KZALM,,,33.8
2017,PT,KZATY,,,31.0
2017,PT,KZZAP,,,35.8
2017,PT,KZZHA,,,18.5
2017,PT,KZKAR,,,32.9
2017,PT,KZKUS,,,38.8
2017,PT,KZKZY,,,30.5
2017,PT,KZMAN,,,42.0
2017,PT,KZONT,,,26.5
2017,PT,KZPAV,,,43.6
2017,PT,KZSEV,,,33.9
2017,PT,KZVOS,,,41.1
2017,PT,KZNS,,,43.2
2017,PT,KZALA,,,36.1
2017,PT,,U,,37.8
2017,PT,KZAKM,U,,33.1
2017,PT,KZAKT,U,,42.3
2017,PT,KZALM,U,,35.2
2017,PT,KZATY,U,,30.8
2017,PT,KZZAP,U,,39.1
2017,PT,KZZHA,U,,17.8
2017,PT,KZKAR,U,,33.3
2017,PT,KZKUS,U,,40.0
2017,PT,KZKZY,U,,29.6
2017,PT,KZMAN,U,,39.5
2017,PT,KZONT,U,,24.9
2017,PT,KZPAV,U,,46.1
2017,PT,KZSEV,U,,37.2
2017,PT,KZVOS,U,,42.3
2017,PT,KZNS,U,,43.2
2017,PT,KZALA,U,,36.1
2017,PT,,R,,33.3
2017,PT,KZAKM,R,,39.8
2017,PT,KZAKT,R,,31.7
2017,PT,KZALM,R,,33.0
2017,PT,KZATY,R,,32.6
2017,PT,KZZAP,R,,28.8
2017,PT,KZZHA,R,,20.9
2017,PT,KZKAR,R,,29.6
2017,PT,KZKUS,R,,36.5
2017,PT,KZKZY,R,,33.3
2017,PT,KZMAN,R,,49.1
2017,PT,KZONT,R,,32.1
2017,PT,KZPAV,R,,30.4
2017,PT,KZSEV,R,,24.3
2017,PT,KZVOS,R,,33.3
2017,PT,,,Y16T24,41.2
2017,PT,,,M25T28,35.0
2017,PT,,,M29T34,36.9
2017,PT,,,Y35T44,37.0
2017,PT,,,Y45T54,39.6
2017,PT,,,Y55T64,31.4
2017,PT,,,Y_GE65,35.3
2017,PT,KZAKM,,Y16T24,49.3
2017,PT,KZAKM,,M25T28,22.6
2017,PT,KZAKM,,M29T34,32.2
2017,PT,KZAKM,,Y35T44,38.6
2017,PT,KZAKM,,Y45T54,43.4
2017,PT,KZAKM,,Y55T64,26.7
2017,PT,KZAKT,,Y16T24,50.8
2017,PT,KZAKT,,M25T28,49.7
2017,PT,KZAKT,,M29T34,41.5
2017,PT,KZAKT,,Y35T44,36.5
2017,PT,KZAKT,,Y45T54,41.0
2017,PT,KZAKT,,Y55T64,22.2
2017,PT,KZAKT,,Y_GE65,0.0
2017,PT,KZALM,,Y16T24,35.9
2017,PT,KZALM,,M25T28,31.9
2017,PT,KZALM,,M29T34,32.6
2017,PT,KZALM,,Y35T44,30.1
2017,PT,KZALM,,Y45T54,40.2
2017,PT,KZALM,,Y55T64,27.4
2017,PT,KZALM,,Y_GE65,72.5
2017,PT,KZATY,,Y16T24,2.2
2017,PT,KZATY,,M25T28,21.4
2017,PT,KZATY,,M29T34,32.8
2017,PT,KZATY,,Y35T44,40.2
2017,PT,KZATY,,Y45T54,28.7
2017,PT,KZATY,,Y55T64,31.3
2017,PT,KZZAP,,Y16T24,44.1
2017,PT,KZZAP,,M25T28,33.9
2017,PT,KZZAP,,M29T34,25.9
2017,PT,KZZAP,,Y35T44,38.6
2017,PT,KZZAP,,Y45T54,40.3
2017,PT,KZZAP,,Y55T64,32.5
2017,PT,KZZHA,,Y16T24,31.1
2017,PT,KZZHA,,M25T28,20.7
2017,PT,KZZHA,,M29T34,9.0
2017,PT,KZZHA,,Y35T44,20.1
2017,PT,KZZHA,,Y45T54,12.0
2017,PT,KZZHA,,Y55T64,17.6
2017,PT,KZKAR,,Y16T24,26.0
2017,PT,KZKAR,,M25T28,36.9
2017,PT,KZKAR,,M29T34,20.2
2017,PT,KZKAR,,Y35T44,35.4
2017,PT,KZKAR,,Y45T54,39.3
2017,PT,KZKAR,,Y55T64,32.7
2017,PT,KZKAR,,Y_GE65,26.9
2017,PT,KZKUS,,Y16T24,40.1
2017,PT,KZKUS,,M25T28,30.8
2017,PT,KZKUS,,M29T34,29.9
2017,PT,KZKUS,,Y35T44,49.6
2017,PT,KZKUS,,Y45T54,44.0
2017,PT,KZKUS,,Y55T64,25.1
2017,PT,KZKUS,,Y_GE65,14.1
2017,PT,KZKZY,,Y16T24,100.0
2017,PT,KZKZY,,M25T28,43.3
2017,PT,KZKZY,,M29T34,29.0
2017,PT,KZKZY,,Y35T44,34.0
2017,PT,KZKZY,,Y45T54,33.5
2017,PT,KZKZY,,Y55T64,16.6
2017,PT,KZMAN,,Y16T24,18.8
2017,PT,KZMAN,,M25T28,53.1
2017,PT,KZMAN,,M29T34,44.9
2017,PT,KZMAN,,Y35T44,46.5
2017,PT,KZMAN,,Y45T54,38.0
2017,PT,KZMAN,,Y55T64,29.3
2017,PT,KZMAN,,Y_GE65,0.0
2017,PT,KZONT,,Y16T24,12.4
2017,PT,KZONT,,M25T28,14.9
2017,PT,KZONT,,M29T34,21.1
2017,PT,KZONT,,Y35T44,29.9
2017,PT,KZONT,,Y45T54,40.2
2017,PT,KZONT,,Y55T64,11.3
2017,PT,KZPAV,,Y16T24,60.4
2017,PT,KZPAV,,M25T28,54.5
2017,PT,KZPAV,,M29T34,49.9
2017,PT,KZPAV,,Y35T44,41.8
2017,PT,KZPAV,,Y45T54,39.1
2017,PT,KZPAV,,Y55T64,36.0
2017,PT,KZPAV,,Y_GE65,0.0
2017,PT,KZSEV,,Y16T24,7.9
2017,PT,KZSEV,,M25T28,24.7
2017,PT,KZSEV,,M29T34,32.3
2017,PT,KZSEV,,Y35T44,37.9
2017,PT,KZSEV,,Y45T54,37.3
2017,PT,KZSEV,,Y55T64,27.4
2017,PT,KZSEV,,Y_GE65,14.4
2017,PT,KZVOS,,Y16T24,67.7
2017,PT,KZVOS,,M25T28,54.5
2017,PT,KZVOS,,M29T34,35.2
2017,PT,KZVOS,,Y35T44,46.5
2017,PT,KZVOS,,Y45T54,39.0
2017,PT,KZVOS,,Y55T64,30.4
2017,PT,KZVOS,,Y_GE65,12.5
2017,PT,KZNS,,Y16T24,62.5
2017,PT,KZNS,,M25T28,25.4
2017,PT,KZNS,,M29T34,58.1
2017,PT,KZNS,,Y35T44,29.8
2017,PT,KZNS,,Y45T54,42.1
2017,PT,KZNS,,Y55T64,51.1
2017,PT,KZNS,,Y_GE65,66.7
2017,PT,KZALA,,Y16T24,39.2
2017,PT,KZALA,,M25T28,34.3
2017,PT,KZALA,,M29T34,36.5
2017,PT,KZALA,,Y35T44,32.4
2017,PT,KZALA,,Y45T54,39.2
2017,PT,KZALA,,Y55T64,38.4
2017,PT,KZALA,,Y_GE65,42.5
2018,PT,,,,41.2
2018,PT,KZAKM,,,45.7
2018,PT,KZAKT,,,33.7
2018,PT,KZALM,,,39.3
2018,PT,KZATY,,,35.6
2018,PT,KZZAP,,,36.4
2018,PT,KZZHA,,,40.7
2018,PT,KZKAR,,,36.3
2018,PT,KZKUS,,,42.9
2018,PT,KZKZY,,,37.2
2018,PT,KZMAN,,,37.4
2018,PT,KZPAV,,,40.2
2018,PT,KZSEV,,,39.3
2018,PT,KZYUZ,,,40.3
2018,PT,KZVOS,,,45.1
2018,PT,KZNS,,,43.3
2018,PT,KZALA,,,43.2
2018,PT,KZSHY,,,46.7
2018,PT,,U,,41.7
2018,PT,KZAKM,U,,45.8
2018,PT,KZAKT,U,,34.1
2018,PT,KZALM,U,,38.0
2018,PT,KZATY,U,,33.8
2018,PT,KZZAP,U,,36.9
2018,PT,KZZHA,U,,42.6
2018,PT,KZKAR,U,,37.0
2018,PT,KZKUS,U,,42.5
2018,PT,KZKZY,U,,38.2
2018,PT,KZMAN,U,,36.6
2018,PT,KZPAV,U,,40.1
2018,PT,KZSEV,U,,43.1
2018,PT,KZYUZ,U,,37.9
2018,PT,KZVOS,U,,46.7
2018,PT,KZNS,U,,43.3
2018,PT,KZALA,U,,43.2
2018,PT,KZSHY,U,,46.7
2018,PT,,R,,39.5
2018,PT,KZAKM,R,,45.6
2018,PT,KZAKT,R,,32.4
2018,PT,KZALM,R,,39.8
2018,PT,KZATY,R,,43.0
2018,PT,KZZAP,R,,35.6
2018,PT,KZZHA,R,,36.2
2018,PT,KZKAR,R,,33.6
2018,PT,KZKUS,R,,43.7
2018,PT,KZKZY,R,,34.9
2018,PT,KZMAN,R,,38.9
2018,PT,KZPAV,R,,40.7
2018,PT,KZSEV,R,,34.1
2018,PT,KZYUZ,R,,41.0
2018,PT,KZVOS,R,,41.5
2018,PT,,,Y16T24,45.2
2018,PT,,,M25T28,42.0
2018,PT,,,M29T34,37.2
2018,PT,,,Y35T44,41.7
2018,PT,,,Y45T54,44.5
2018,PT,,,Y55T64,37.8
2018,PT,,,Y_GE65,32.7
2018,PT,KZAKM,,Y16T24,38.3
2018,PT,KZAKM,,M25T28,44.1
2018,PT,KZAKM,,M29T34,47.2
2018,PT,KZAKM,,Y35T44,45.2
2018,PT,KZAKM,,Y45T54,48.1
2018,PT,KZAKM,,Y55T64,47.0
2018,PT,KZAKT,,Y16T24,32.6
2018,PT,KZAKT,,M25T28,21.4
2018,PT,KZAKT,,M29T34,23.1
2018,PT,KZAKT,,Y35T44,32.4
2018,PT,KZAKT,,Y45T54,46.5
2018,PT,KZAKT,,Y55T64,46.4
2018,PT,KZAKT,,Y_GE65,0.0
2018,PT,KZALM,,Y16T24,46.5
2018,PT,KZALM,,M25T28,37.9
2018,PT,KZALM,,M29T34,39.0
2018,PT,KZALM,,Y35T44,41.6
2018,PT,KZALM,,Y45T54,37.9
2018,PT,KZALM,,Y55T64,35.8
2018,PT,KZALM,,Y_GE65,0.0
2018,PT,KZATY,,Y16T24,23.0
2018,PT,KZATY,,M25T28,61.6
2018,PT,KZATY,,M29T34,24.6
2018,PT,KZATY,,Y35T44,35.7
2018,PT,KZATY,,Y45T54,41.4
2018,PT,KZATY,,Y55T64,38.1
2018,PT,KZATY,,Y_GE65,0.0
2018,PT,KZZAP,,Y16T24,56.1
2018,PT,KZZAP,,M25T28,36.8
2018,PT,KZZAP,,M29T34,47.3
2018,PT,KZZAP,,Y35T44,34.2
2018,PT,KZZAP,,Y45T54,31.6
2018,PT,KZZAP,,Y55T64,32.0
2018,PT,KZZHA,,Y16T24,23.6
2018,PT,KZZHA,,M25T28,35.5
2018,PT,KZZHA,,M29T34,39.6
2018,PT,KZZHA,,Y35T44,46.8
2018,PT,KZZHA,,Y45T54,47.8
2018,PT,KZZHA,,Y55T64,23.1
2018,PT,KZKAR,,Y16T24,36.1
2018,PT,KZKAR,,M25T28,31.9
2018,PT,KZKAR,,M29T34,36.1
2018,PT,KZKAR,,Y35T44,40.1
2018,PT,KZKAR,,Y45T54,37.6
2018,PT,KZKAR,,Y55T64,29.1
2018,PT,KZKAR,,Y_GE65,37.8
2018,PT,KZKUS,,Y16T24,48.6
2018,PT,KZKUS,,M25T28,44.5
2018,PT,KZKUS,,M29T34,35.0
2018,PT,KZKUS,,Y35T44,45.3
2018,PT,KZKUS,,Y45T54,47.9
2018,PT,KZKUS,,Y55T64,37.4
2018,PT,KZKUS,,Y_GE65,48.6
2018,PT,KZKZY,,Y16T24,47.8
2018,PT,KZKZY,,M25T28,33.9
2018,PT,KZKZY,,M29T34,32.1
2018,PT,KZKZY,,Y35T44,35.8
2018,PT,KZKZY,,Y45T54,47.3
2018,PT,KZKZY,,Y55T64,31.8
2018,PT,KZMAN,,Y16T24,35.2
2018,PT,KZMAN,,M25T28,47.8
2018,PT,KZMAN,,M29T34,30.8
2018,PT,KZMAN,,Y35T44,39.7
2018,PT,KZMAN,,Y45T54,40.9
2018,PT,KZMAN,,Y55T64,27.0
2018,PT,KZPAV,,Y16T24,63.4
2018,PT,KZPAV,,M25T28,45.8
2018,PT,KZPAV,,M29T34,36.1
2018,PT,KZPAV,,Y35T44,34.1
2018,PT,KZPAV,,Y45T54,50.2
2018,PT,KZPAV,,Y55T64,32.8
2018,PT,KZPAV,,Y_GE65,0.0
2018,PT,KZSEV,,Y16T24,50.1
2018,PT,KZSEV,,M25T28,38.7
2018,PT,KZSEV,,M29T34,29.1
2018,PT,KZSEV,,Y35T44,49.0
2018,PT,KZSEV,,Y45T54,42.3
2018,PT,KZSEV,,Y55T64,32.6
2018,PT,KZSEV,,Y_GE65,42.6
2018,PT,KZYUZ,,Y16T24,46.9
2018,PT,KZYUZ,,M25T28,54.7
2018,PT,KZYUZ,,M29T34,29.5
2018,PT,KZYUZ,,Y35T44,26.1
2018,PT,KZYUZ,,Y45T54,64.4
2018,PT,KZYUZ,,Y55T64,41.3
2018,PT,KZVOS,,Y16T24,77.1
2018,PT,KZVOS,,M25T28,63.3
2018,PT,KZVOS,,M29T34,44.3
2018,PT,KZVOS,,Y35T44,28.5
2018,PT,KZVOS,,Y45T54,48.4
2018,PT,KZVOS,,Y55T64,42.7
2018,PT,KZVOS,,Y_GE65,17.6
2018,PT,KZNS,,Y16T24,42.8
2018,PT,KZNS,,M25T28,41.5
2018,PT,KZNS,,M29T34,44.3
2018,PT,KZNS,,Y35T44,44.0
2018,PT,KZNS,,Y45T54,44.6
2018,PT,KZNS,,Y55T64,35.9
2018,PT,KZNS,,Y_GE65,46.3
2018,PT,KZALA,,Y16T24,45.3
2018,PT,KZALA,,M25T28,39.4
2018,PT,KZALA,,M29T34,39.3
2018,PT,KZALA,,Y35T44,43.2
2018,PT,KZALA,,Y45T54,44.6
2018,PT,KZALA,,Y55T64,50.4
2018,PT,KZALA,,Y_GE65,39.1
2018,PT,KZSHY,,Y16T24,31.4
2018,PT,KZSHY,,M25T28,38.3
2018,PT,KZSHY,,M29T34,18.8
2018,PT,KZSHY,,Y35T44,74.2
2018,PT,KZSHY,,Y45T54,43.2
2018,PT,KZSHY,,Y55T64,32.2
2019,PT,,,,43.0
2019,PT,KZAKM,,,43.5
2019,PT,KZAKT,,,27.3
2019,PT,KZALM,,,43.6
2019,PT,KZATY,,,41.3
2019,PT,KZZAP,,,38.9
2019,PT,KZZHA,,,35.2
2019,PT,KZKAR,,,34.4
2019,PT,KZKUS,,,40.1
2019,PT,KZKZY,,,44.4
2019,PT,KZMAN,,,34.5
2019,PT,KZPAV,,,45.0
2019,PT,KZSEV,,,40.8
2019,PT,KZYUZ,,,34.7
2019,PT,KZVOS,,,44.5
2019,PT,KZNS,,,52.1
2019,PT,KZALA,,,48.1
2019,PT,KZSHY,,,38.3
2019,PT,,U,,43.9
2019,PT,KZAKM,U,,45.6
2019,PT,KZAKT,U,,22.6
2019,PT,KZALM,U,,41.0
2019,PT,KZATY,U,,36.8
2019,PT,KZZAP,U,,41.1
2019,PT,KZZHA,U,,37.3
2019,PT,KZKAR,U,,34.6
2019,PT,KZKUS,U,,38.2
2019,PT,KZKZY,U,,50.0
2019,PT,KZMAN,U,,33.2
2019,PT,KZPAV,U,,45.9
2019,PT,KZSEV,U,,44.9
2019,PT,KZYUZ,U,,27.5
2019,PT,KZVOS,U,,45.0
2019,PT,KZNS,U,,52.1
2019,PT,KZALA,U,,48.1
2019,PT,KZSHY,U,,38.3
2019,PT,,R,,40.0
2019,PT,KZAKM,R,,40.7
2019,PT,KZAKT,R,,39.7
2019,PT,KZALM,R,,44.5
2019,PT,KZATY,R,,48.5
2019,PT,KZZAP,R,,35.4
2019,PT,KZZHA,R,,26.5
2019,PT,KZKAR,R,,33.5
2019,PT,KZKUS,R,,42.4
2019,PT,KZKZY,R,,33.2
2019,PT,KZMAN,R,,37.4
2019,PT,KZPAV,R,,41.7
2019,PT,KZSEV,R,,35.9
2019,PT,KZYUZ,R,,36.6
2019,PT,KZVOS,R,,43.4
2019,PT,,,Y16T24,42.4
2019,PT,,,M25T28,47.7
2019,PT,,,M29T34,41.2
2019,PT,,,Y35T44,41.3
2019,PT,,,Y45T54,46.9
2019,PT,,,Y55T64,39.8
2019,PT,,,Y_GE65,42.5
2019,PT,KZAKM,,Y16T24,41.6
2019,PT,KZAKM,,M25T28,43.2
2019,PT,KZAKM,,M29T34,40.2
2019,PT,KZAKM,,Y35T44,41.4
2019,PT,KZAKM,,Y45T54,50.7
2019,PT,KZAKM,,Y55T64,42.2
2019,PT,KZAKM,,Y_GE65,37.0
2019,PT,KZAKT,,Y16T24,11.0
2019,PT,KZAKT,,M25T28,15.7
2019,PT,KZAKT,,M29T34,19.4
2019,PT,KZAKT,,Y35T44,26.7
2019,PT,KZAKT,,Y45T54,37.1
2019,PT,KZAKT,,Y55T64,34.1
2019,PT,KZAKT,,Y_GE65,100.0
2019,PT,KZALM,,Y16T24,41.7
2019,PT,KZALM,,M25T28,38.2
2019,PT,KZALM,,M29T34,38.8
2019,PT,KZALM,,Y35T44,45.4
2019,PT,KZALM,,Y45T54,49.5
2019,PT,KZALM,,Y55T64,43.3
2019,PT,KZALM,,Y_GE65,34.0
2019,PT,KZATY,,Y16T24,4.1
2019,PT,KZATY,,M25T28,55.2
2019,PT,KZATY,,M29T34,38.9
2019,PT,KZATY,,Y35T44,43.5
2019,PT,KZATY,,Y45T54,52.4
2019,PT,KZATY,,Y55T64,18.8
2019,PT,KZZAP,,Y16T24,41.7
2019,PT,KZZAP,,M25T28,55.6
2019,PT,KZZAP,,M29T34,34.1
2019,PT,KZZAP,,Y35T44,44.7
2019,PT,KZZAP,,Y45T54,36.5
2019,PT,KZZAP,,Y55T64,31.8
2019,PT,KZZHA,,Y16T24,47.2
2019,PT,KZZHA,,M25T28,31.6
2019,PT,KZZHA,,M29T34,20.3
2019,PT,KZZHA,,Y35T44,36.2
2019,PT,KZZHA,,Y45T54,41.9
2019,PT,KZZHA,,Y55T64,33.7
2019,PT,KZKAR,,Y16T24,21.7
2019,PT,KZKAR,,M25T28,32.2
2019,PT,KZKAR,,M29T34,22.3
2019,PT,KZKAR,,Y35T44,40.0
2019,PT,KZKAR,,Y45T54,41.6
2019,PT,KZKAR,,Y55T64,34.2
2019,PT,KZKAR,,Y_GE65,87.7
2019,PT,KZKUS,,Y16T24,42.2
2019,PT,KZKUS,,M25T28,42.7
2019,PT,KZKUS,,M29T34,28.9
2019,PT,KZKUS,,Y35T44,38.5
2019,PT,KZKUS,,Y45T54,54.7
2019,PT,KZKUS,,Y55T64,35.2
2019,PT,KZKUS,,Y_GE65,47.8
2019,PT,KZKZY,,Y16T24,11.7
2019,PT,KZKZY,,M25T28,34.0
2019,PT,KZKZY,,M29T34,53.1
2019,PT,KZKZY,,Y35T44,49.9
2019,PT,KZKZY,,Y45T54,45.1
2019,PT,KZKZY,,Y55T64,27.0
2019,PT,KZMAN,,Y16T24,51.8
2019,PT,KZMAN,,M25T28,32.7
2019,PT,KZMAN,,M29T34,35.8
2019,PT,KZMAN,,Y35T44,28.3
2019,PT,KZMAN,,Y45T54,39.0
2019,PT,KZMAN,,Y55T64,38.5
2019,PT,KZMAN,,Y_GE65,7.1
2019,PT,KZPAV,,Y16T24,24.5
2019,PT,KZPAV,,M25T28,26.0
2019,PT,KZPAV,,M29T34,33.8
2019,PT,KZPAV,,Y35T44,49.3
2019,PT,KZPAV,,Y45T54,56.3
2019,PT,KZPAV,,Y55T64,46.6
2019,PT,KZPAV,,Y_GE65,4.2
2019,PT,KZSEV,,Y16T24,24.9
2019,PT,KZSEV,,M25T28,39.4
2019,PT,KZSEV,,M29T34,44.2
2019,PT,KZSEV,,Y35T44,40.3
2019,PT,KZSEV,,Y45T54,46.7
2019,PT,KZSEV,,Y55T64,32.8
2019,PT,KZSEV,,Y_GE65,15.8
2019,PT,KZYUZ,,Y16T24,38.2
2019,PT,KZYUZ,,M25T28,26.9
2019,PT,KZYUZ,,M29T34,28.0
2019,PT,KZYUZ,,Y35T44,46.6
2019,PT,KZYUZ,,Y45T54,36.7
2019,PT,KZYUZ,,Y55T64,13.0
2019,PT,KZVOS,,Y16T24,44.4
2019,PT,KZVOS,,M25T28,41.5
2019,PT,KZVOS,,M29T34,49.3
2019,PT,KZVOS,,Y35T44,35.7
2019,PT,KZVOS,,Y45T54,50.4
2019,PT,KZVOS,,Y55T64,49.0
2019,PT,KZNS,,Y16T24,41.3
2019,PT,KZNS,,M25T28,72.1
2019,PT,KZNS,,M29T34,64.5
2019,PT,KZNS,,Y35T44,38.4
2019,PT,KZNS,,Y45T54,43.8
2019,PT,KZNS,,Y55T64,42.6
2019,PT,KZNS,,Y_GE65,49.0
2019,PT,KZALA,,Y16T24,41.3
2019,PT,KZALA,,M25T28,72.1
2019,PT,KZALA,,M29T34,64.5
2019,PT,KZALA,,Y35T44,38.4
2019,PT,KZALA,,Y45T54,43.8
2019,PT,KZALA,,Y55T64,42.6
2019,PT,KZALA,,Y_GE65,49.0
2019,PT,KZSHY,,Y16T24,30.5
2019,PT,KZSHY,,M25T28,38.5
2019,PT,KZSHY,,M29T34,29.7
2019,PT,KZSHY,,Y35T44,47.3
2019,PT,KZSHY,,Y45T54,37.5
2019,PT,KZSHY,,Y55T64,41.2
