Year,UNIT_MEASURE,REF_AREA,URBANISATION,AGE,Unnamed: 6,GeoCode,Value
2010,PT,,,,,,37.2
2010,PT,KZAKM,,,,KZAKM,39.9
2010,PT,KZAKT,,,,KZAKT,41.7
2010,PT,KZALM,,,,KZALM,31.5
2010,PT,KZATY,,,,KZATY,18.9
2010,PT,KZZAP,,,,KZZAP,21.2
2010,PT,KZZHA,,,,KZZHA,22.3
2010,PT,KZKAR,,,,KZKAR,41.0
2010,PT,KZKUS,,,,KZKUS,39.6
2010,PT,KZKZY,,,,KZKZY,38.1
2010,PT,KZMAN,,,,KZMAN,30.4
2010,PT,KZONT,,,,KZONT,18.4
2010,PT,KZPAV,,,,KZPAV,41.7
2010,PT,KZSEV,,,,KZSEV,32.7
2010,PT,KZVOS,,,,KZVOS,35.7
2010,PT,KZNS,,,,KZNS,40.4
2010,PT,KZALA,,,,KZALA,39.2
2010,PT,,U,,,,38.0
2010,PT,KZAKM,U,,,KZAKM,40.5
2010,PT,KZAKT,U,,,KZAKT,36.1
2010,PT,KZALM,U,,,KZALM,29.7
2010,PT,KZATY,U,,,KZATY,16.1
2010,PT,KZZAP,U,,,KZZAP,23.4
2010,PT,KZZHA,U,,,KZZHA,28.0
2010,PT,KZKAR,U,,,KZKAR,41.7
2010,PT,KZKUS,U,,,KZKUS,35.3
2010,PT,KZKZY,U,,,KZKZY,38.5
2010,PT,KZMAN,U,,,KZMAN,30.5
2010,PT,KZONT,U,,,KZONT,24.8
2010,PT,KZPAV,U,,,KZPAV,41.4
2010,PT,KZSEV,U,,,KZSEV,36.6
2010,PT,KZVOS,U,,,KZVOS,39.5
2010,PT,KZNS,U,,,KZNS,40.4
2010,PT,KZALA,U,,,KZALA,39.2
2010,PT,,R,,,,33.4
2010,PT,KZAKM,R,,,KZAKM,37.5
2010,PT,KZAKT,R,,,KZAKT,55.8
2010,PT,KZALM,R,,,KZALM,32.7
2010,PT,KZATY,R,,,KZATY,26.8
2010,PT,KZZAP,R,,,KZZAP,8.6
2010,PT,KZZHA,R,,,KZZHA,19.1
2010,PT,KZKAR,R,,,KZKAR,31.5
2010,PT,KZKUS,R,,,KZKUS,46.9
2010,PT,KZKZY,R,,,KZKZY,37.3
2010,PT,KZMAN,R,,,KZMAN,29.6
2010,PT,KZONT,R,,,KZONT,4.2
2010,PT,KZPAV,R,,,KZPAV,43.3
2010,PT,KZSEV,R,,,KZSEV,27.3
2010,PT,KZVOS,R,,,KZVOS,28.8
2010,PT,,,Y16T24,,,41.5
2010,PT,,,M25T28,,,43.5
2010,PT,,,M29T34,,,32.8
2010,PT,,,Y35T44,,,40.6
2010,PT,,,Y45T54,,,35.8
2010,PT,,,Y55T64,,,30.9
2010,PT,,,Y_GE65,,,51.0
2010,PT,KZAKM,,Y16T24,,KZAKM,44.0
2010,PT,KZAKM,,M25T28,,KZAKM,22.2
2010,PT,KZAKM,,M29T34,,KZAKM,45.3
2010,PT,KZAKM,,Y35T44,,KZAKM,46.2
2010,PT,KZAKM,,Y45T54,,KZAKM,44.3
2010,PT,KZAKM,,Y55T64,,KZAKM,24.6
2010,PT,KZAKT,,Y16T24,,KZAKT,100.0
2010,PT,KZAKT,,M25T28,,KZAKT,56.3
2010,PT,KZAKT,,M29T34,,KZAKT,25.8
2010,PT,KZAKT,,Y35T44,,KZAKT,47.6
2010,PT,KZAKT,,Y45T54,,KZAKT,24.1
2010,PT,KZAKT,,Y55T64,,KZAKT,51.9
2010,PT,KZALM,,Y16T24,,KZALM,29.8
2010,PT,KZALM,,M25T28,,KZALM,25.2
2010,PT,KZALM,,M29T34,,KZALM,0.0
2010,PT,KZALM,,Y35T44,,KZALM,40.4
2010,PT,KZALM,,Y45T54,,KZALM,36.6
2010,PT,KZALM,,Y55T64,,KZALM,46.9
2010,PT,KZATY,,M29T34,,KZATY,33.4
2010,PT,KZATY,,Y35T44,,KZATY,0.0
2010,PT,KZATY,,Y45T54,,KZATY,32.6
2010,PT,KZATY,,Y55T64,,KZATY,15.6
2010,PT,KZZAP,,Y16T24,,KZZAP,7.0
2010,PT,KZZAP,,M25T28,,KZZAP,13.2
2010,PT,KZZAP,,M29T34,,KZZAP,31.4
2010,PT,KZZAP,,Y35T44,,KZZAP,14.9
2010,PT,KZZAP,,Y45T54,,KZZAP,19.3
2010,PT,KZZAP,,Y55T64,,KZZAP,32.5
2010,PT,KZZHA,,M25T28,,KZZHA,100.0
2010,PT,KZZHA,,M29T34,,KZZHA,0.0
2010,PT,KZZHA,,Y35T44,,KZZHA,30.2
2010,PT,KZZHA,,Y45T54,,KZZHA,39.8
2010,PT,KZZHA,,Y55T64,,KZZHA,6.5
2010,PT,KZKAR,,Y16T24,,KZKAR,32.9
2010,PT,KZKAR,,M25T28,,KZKAR,33.8
2010,PT,KZKAR,,M29T34,,KZKAR,36.0
2010,PT,KZKAR,,Y35T44,,KZKAR,41.8
2010,PT,KZKAR,,Y45T54,,KZKAR,46.6
2010,PT,KZKAR,,Y55T64,,KZKAR,44.6
2010,PT,KZKAR,,Y_GE65,,KZKAR,0.0
2010,PT,KZKUS,,Y16T24,,KZKUS,13.4
2010,PT,KZKUS,,M25T28,,KZKUS,40.4
2010,PT,KZKUS,,M29T34,,KZKUS,49.1
2010,PT,KZKUS,,Y35T44,,KZKUS,33.0
2010,PT,KZKUS,,Y45T54,,KZKUS,40.5
2010,PT,KZKUS,,Y55T64,,KZKUS,36.1
2010,PT,KZKUS,,Y_GE65,,KZKUS,83.9
2010,PT,KZKZY,,Y16T24,,KZKZY,100.0
2010,PT,KZKZY,,M25T28,,KZKZY,89.4
2010,PT,KZKZY,,M29T34,,KZKZY,58.7
2010,PT,KZKZY,,Y35T44,,KZKZY,34.6
2010,PT,KZKZY,,Y45T54,,KZKZY,33.4
2010,PT,KZKZY,,Y55T64,,KZKZY,23.6
2010,PT,KZKZY,,Y_GE65,,KZKZY,0.0
2010,PT,KZMAN,,Y16T24,,KZMAN,25.8
2010,PT,KZMAN,,M25T28,,KZMAN,22.7
2010,PT,KZMAN,,M29T34,,KZMAN,30.0
2010,PT,KZMAN,,Y35T44,,KZMAN,35.3
2010,PT,KZMAN,,Y45T54,,KZMAN,34.2
2010,PT,KZMAN,,Y55T64,,KZMAN,15.4
2010,PT,KZMAN,,Y_GE65,,KZMAN,0.0
2010,PT,KZONT,,Y16T24,,KZONT,0.0
2010,PT,KZONT,,M25T28,,KZONT,100.0
2010,PT,KZONT,,M29T34,,KZONT,34.8
2010,PT,KZONT,,Y35T44,,KZONT,14.3
2010,PT,KZONT,,Y45T54,,KZONT,14.7
2010,PT,KZONT,,Y55T64,,KZONT,23.3
2010,PT,KZPAV,,Y16T24,,KZPAV,77.4
2010,PT,KZPAV,,M25T28,,KZPAV,35.0
2010,PT,KZPAV,,M29T34,,KZPAV,47.4
2010,PT,KZPAV,,Y35T44,,KZPAV,35.2
2010,PT,KZPAV,,Y45T54,,KZPAV,44.7
2010,PT,KZPAV,,Y55T64,,KZPAV,34.2
2010,PT,KZSEV,,Y16T24,,KZSEV,43.8
2010,PT,KZSEV,,M25T28,,KZSEV,35.2
2010,PT,KZSEV,,M29T34,,KZSEV,50.8
2010,PT,KZSEV,,Y35T44,,KZSEV,40.3
2010,PT,KZSEV,,Y45T54,,KZSEV,19.6
2010,PT,KZSEV,,Y55T64,,KZSEV,25.3
2010,PT,KZVOS,,Y16T24,,KZVOS,53.9
2010,PT,KZVOS,,M25T28,,KZVOS,47.9
2010,PT,KZVOS,,M29T34,,KZVOS,23.1
2010,PT,KZVOS,,Y35T44,,KZVOS,35.7
2010,PT,KZVOS,,Y45T54,,KZVOS,39.1
2010,PT,KZVOS,,Y55T64,,KZVOS,25.4
2010,PT,KZNS,,Y16T24,,KZNS,44.0
2010,PT,KZNS,,M25T28,,KZNS,54.0
2010,PT,KZNS,,M29T34,,KZNS,28.9
2010,PT,KZNS,,Y35T44,,KZNS,48.5
2010,PT,KZNS,,Y45T54,,KZNS,34.6
2010,PT,KZNS,,Y55T64,,KZNS,35.8
2010,PT,KZNS,,Y_GE65,,KZNS,25.6
2010,PT,KZALA,,Y16T24,,KZALA,23.7
2010,PT,KZALA,,M25T28,,KZALA,42.7
2010,PT,KZALA,,M29T34,,KZALA,43.5
2010,PT,KZALA,,Y35T44,,KZALA,46.4
2010,PT,KZALA,,Y45T54,,KZALA,31.7
2010,PT,KZALA,,Y55T64,,KZALA,26.8
2011,PT,,,,,,38.5
2011,PT,KZAKM,,,,KZAKM,43.1
2011,PT,KZAKT,,,,KZAKT,41.6
2011,PT,KZALM,,,,KZALM,24.4
2011,PT,KZATY,,,,KZATY,26.7
2011,PT,KZZAP,,,,KZZAP,24.7
2011,PT,KZZHA,,,,KZZHA,30.1
2011,PT,KZKAR,,,,KZKAR,40.0
2011,PT,KZKUS,,,,KZKUS,43.9
2011,PT,KZKZY,,,,KZKZY,40.8
2011,PT,KZMAN,,,,KZMAN,32.9
2011,PT,KZONT,,,,KZONT,28.1
2011,PT,KZPAV,,,,KZPAV,41.9
2011,PT,KZSEV,,,,KZSEV,35.0
2011,PT,KZVOS,,,,KZVOS,37.6
2011,PT,KZNS,,,,KZNS,41.4
2011,PT,KZALA,,,,KZALA,40.3
2011,PT,,U,,,,39.5
2011,PT,KZAKM,U,,,KZAKM,46.1
2011,PT,KZAKT,U,,,KZAKT,40.4
2011,PT,KZALM,U,,,KZALM,26.2
2011,PT,KZATY,U,,,KZATY,27.8
2011,PT,KZZAP,U,,,KZZAP,27.5
2011,PT,KZZHA,U,,,KZZHA,35.3
2011,PT,KZKAR,U,,,KZKAR,40.0
2011,PT,KZKUS,U,,,KZKUS,42.6
2011,PT,KZKZY,U,,,KZKZY,40.2
2011,PT,KZMAN,U,,,KZMAN,34.7
2011,PT,KZONT,U,,,KZONT,31.5
2011,PT,KZPAV,U,,,KZPAV,39.0
2011,PT,KZSEV,U,,,KZSEV,35.1
2011,PT,KZVOS,U,,,KZVOS,40.1
2011,PT,KZNS,U,,,KZNS,41.4
2011,PT,KZALA,U,,,KZALA,40.3
2011,PT,,R,,,,34.3
2011,PT,KZAKM,R,,,KZAKM,30.0
2011,PT,KZAKT,R,,,KZAKT,48.8
2011,PT,KZALM,R,,,KZALM,23.3
2011,PT,KZATY,R,,,KZATY,23.6
2011,PT,KZZAP,R,,,KZZAP,11.0
2011,PT,KZZHA,R,,,KZZHA,25.0
2011,PT,KZKAR,R,,,KZKAR,39.8
2011,PT,KZKUS,R,,,KZKUS,46.7
2011,PT,KZKZY,R,,,KZKZY,41.9
2011,PT,KZMAN,R,,,KZMAN,20.5
2011,PT,KZONT,R,,,KZONT,21.4
2011,PT,KZPAV,R,,,KZPAV,51.8
2011,PT,KZSEV,R,,,KZSEV,34.7
2011,PT,KZVOS,R,,,KZVOS,32.9
2011,PT,,,Y16T24,,,49.8
2011,PT,,,M25T28,,,44.1
2011,PT,,,M29T34,,,36.3
2011,PT,,,Y35T44,,,39.3
2011,PT,,,Y45T54,,,38.2
2011,PT,,,Y55T64,,,29.4
2011,PT,,,Y_GE65,,,13.6
2011,PT,KZAKM,,Y16T24,,KZAKM,53.2
2011,PT,KZAKM,,M25T28,,KZAKM,40.9
2011,PT,KZAKM,,M29T34,,KZAKM,51.6
2011,PT,KZAKM,,Y35T44,,KZAKM,44.1
2011,PT,KZAKM,,Y45T54,,KZAKM,42.5
2011,PT,KZAKM,,Y55T64,,KZAKM,26.9
2011,PT,KZAKT,,Y16T24,,KZAKT,76.5
2011,PT,KZAKT,,M25T28,,KZAKT,61.7
2011,PT,KZAKT,,M29T34,,KZAKT,22.6
2011,PT,KZAKT,,Y35T44,,KZAKT,37.3
2011,PT,KZAKT,,Y45T54,,KZAKT,38.1
2011,PT,KZAKT,,Y55T64,,KZAKT,24.7
2011,PT,KZALM,,Y16T24,,KZALM,48.0
2011,PT,KZALM,,M25T28,,KZALM,20.7
2011,PT,KZALM,,M29T34,,KZALM,0.0
2011,PT,KZALM,,Y35T44,,KZALM,27.5
2011,PT,KZALM,,Y45T54,,KZALM,32.9
2011,PT,KZALM,,Y55T64,,KZALM,24.1
2011,PT,KZALM,,Y_GE65,,KZALM,47.1
2011,PT,KZATY,,Y16T24,,KZATY,0.0
2011,PT,KZATY,,M25T28,,KZATY,71.3
2011,PT,KZATY,,M29T34,,KZATY,25.2
2011,PT,KZATY,,Y35T44,,KZATY,24.4
2011,PT,KZATY,,Y45T54,,KZATY,34.7
2011,PT,KZATY,,Y55T64,,KZATY,6.1
2011,PT,KZZAP,,Y16T24,,KZZAP,31.0
2011,PT,KZZAP,,M25T28,,KZZAP,0.0
2011,PT,KZZAP,,M29T34,,KZZAP,32.4
2011,PT,KZZAP,,Y35T44,,KZZAP,22.7
2011,PT,KZZAP,,Y45T54,,KZZAP,17.2
2011,PT,KZZAP,,Y55T64,,KZZAP,38.1
2011,PT,KZZHA,,Y16T24,,KZZHA,19.0
2011,PT,KZZHA,,M25T28,,KZZHA,61.4
2011,PT,KZZHA,,M29T34,,KZZHA,0.0
2011,PT,KZZHA,,Y35T44,,KZZHA,39.6
2011,PT,KZZHA,,Y45T54,,KZZHA,44.8
2011,PT,KZZHA,,Y55T64,,KZZHA,15.9
2011,PT,KZKAR,,Y16T24,,KZKAR,53.0
2011,PT,KZKAR,,M25T28,,KZKAR,40.0
2011,PT,KZKAR,,M29T34,,KZKAR,36.5
2011,PT,KZKAR,,Y35T44,,KZKAR,37.5
2011,PT,KZKAR,,Y45T54,,KZKAR,45.3
2011,PT,KZKAR,,Y55T64,,KZKAR,33.1
2011,PT,KZKAR,,Y_GE65,,KZKAR,0.0
2011,PT,KZKUS,,Y16T24,,KZKUS,57.7
2011,PT,KZKUS,,M25T28,,KZKUS,41.2
2011,PT,KZKUS,,M29T34,,KZKUS,53.6
2011,PT,KZKUS,,Y35T44,,KZKUS,42.2
2011,PT,KZKUS,,Y45T54,,KZKUS,45.9
2011,PT,KZKUS,,Y55T64,,KZKUS,28.9
2011,PT,KZKUS,,Y_GE65,,KZKUS,0.0
2011,PT,KZKZY,,Y16T24,,KZKZY,100.0
2011,PT,KZKZY,,M25T28,,KZKZY,33.2
2011,PT,KZKZY,,M29T34,,KZKZY,53.6
2011,PT,KZKZY,,Y35T44,,KZKZY,39.8
2011,PT,KZKZY,,Y45T54,,KZKZY,41.9
2011,PT,KZKZY,,Y55T64,,KZKZY,18.9
2011,PT,KZKZY,,Y_GE65,,KZKZY,0.0
2011,PT,KZMAN,,Y16T24,,KZMAN,33.4
2011,PT,KZMAN,,M25T28,,KZMAN,34.2
2011,PT,KZMAN,,M29T34,,KZMAN,19.0
2011,PT,KZMAN,,Y35T44,,KZMAN,40.4
2011,PT,KZMAN,,Y45T54,,KZMAN,38.1
2011,PT,KZMAN,,Y55T64,,KZMAN,24.8
2011,PT,KZMAN,,Y_GE65,,KZMAN,0.0
2011,PT,KZONT,,Y16T24,,KZONT,31.6
2011,PT,KZONT,,M25T28,,KZONT,46.6
2011,PT,KZONT,,M29T34,,KZONT,48.4
2011,PT,KZONT,,Y35T44,,KZONT,7.5
2011,PT,KZONT,,Y45T54,,KZONT,24.4
2011,PT,KZONT,,Y55T64,,KZONT,27.4
2011,PT,KZPAV,,Y16T24,,KZPAV,21.9
2011,PT,KZPAV,,M25T28,,KZPAV,52.7
2011,PT,KZPAV,,M29T34,,KZPAV,38.4
2011,PT,KZPAV,,Y35T44,,KZPAV,35.4
2011,PT,KZPAV,,Y45T54,,KZPAV,51.1
2011,PT,KZPAV,,Y55T64,,KZPAV,32.5
2011,PT,KZSEV,,Y16T24,,KZSEV,76.0
2011,PT,KZSEV,,M25T28,,KZSEV,15.2
2011,PT,KZSEV,,M29T34,,KZSEV,48.0
2011,PT,KZSEV,,Y35T44,,KZSEV,39.9
2011,PT,KZSEV,,Y45T54,,KZSEV,27.0
2011,PT,KZSEV,,Y55T64,,KZSEV,28.1
2011,PT,KZVOS,,Y16T24,,KZVOS,37.6
2011,PT,KZVOS,,M25T28,,KZVOS,40.4
2011,PT,KZVOS,,M29T34,,KZVOS,40.1
2011,PT,KZVOS,,Y35T44,,KZVOS,38.6
2011,PT,KZVOS,,Y45T54,,KZVOS,36.2
2011,PT,KZVOS,,Y55T64,,KZVOS,33.9
2011,PT,KZVOS,,Y_GE65,,KZVOS,0.0
2011,PT,KZNS,,Y16T24,,KZNS,48.1
2011,PT,KZNS,,M25T28,,KZNS,46.7
2011,PT,KZNS,,M29T34,,KZNS,34.4
2011,PT,KZNS,,Y35T44,,KZNS,45.9
2011,PT,KZNS,,Y45T54,,KZNS,38.6
2011,PT,KZNS,,Y55T64,,KZNS,36.1
2011,PT,KZNS,,Y_GE65,,KZNS,42.2
2011,PT,KZALA,,Y16T24,,KZALA,72.3
2011,PT,KZALA,,M25T28,,KZALA,62.5
2011,PT,KZALA,,M29T34,,KZALA,40.6
2011,PT,KZALA,,Y35T44,,KZALA,42.5
2011,PT,KZALA,,Y45T54,,KZALA,31.3
2011,PT,KZALA,,Y55T64,,KZALA,27.1
2012,PT,,,,,,39.7
2012,PT,KZAKM,,,,KZAKM,36.3
2012,PT,KZAKT,,,,KZAKT,36.1
2012,PT,KZALM,,,,KZALM,33.4
2012,PT,KZATY,,,,KZATY,31.8
2012,PT,KZZAP,,,,KZZAP,20.4
2012,PT,KZZHA,,,,KZZHA,39.4
2012,PT,KZKAR,,,,KZKAR,43.1
2012,PT,KZKUS,,,,KZKUS,43.1
2012,PT,KZKZY,,,,KZKZY,31.0
2012,PT,KZMAN,,,,KZMAN,40.7
2012,PT,KZONT,,,,KZONT,28.7
2012,PT,KZPAV,,,,KZPAV,30.9
2012,PT,KZSEV,,,,KZSEV,40.4
2012,PT,KZVOS,,,,KZVOS,38.1
2012,PT,KZNS,,,,KZNS,46.2
2012,PT,KZALA,,,,KZALA,46.2
2012,PT,,U,,,,41.9
2012,PT,KZAKM,U,,,KZAKM,44.6
2012,PT,KZAKT,U,,,KZAKT,35.3
2012,PT,KZALM,U,,,KZALM,36.9
2012,PT,KZATY,U,,,KZATY,39.5
2012,PT,KZZAP,U,,,KZZAP,19.1
2012,PT,KZZHA,U,,,KZZHA,38.8
2012,PT,KZKAR,U,,,KZKAR,44.7
2012,PT,KZKUS,U,,,KZKUS,45.6
2012,PT,KZKZY,U,,,KZKZY,32.4
2012,PT,KZMAN,U,,,KZMAN,43.9
2012,PT,KZONT,U,,,KZONT,35.4
2012,PT,KZPAV,U,,,KZPAV,29.0
2012,PT,KZSEV,U,,,KZSEV,33.8
2012,PT,KZVOS,U,,,KZVOS,34.4
2012,PT,KZNS,U,,,KZNS,46.2
2012,PT,KZALA,U,,,KZALA,46.2
2012,PT,,R,,,,32.2
2012,PT,KZAKM,R,,,KZAKM,12.8
2012,PT,KZAKT,R,,,KZAKT,42.5
2012,PT,KZALM,R,,,KZALM,32.1
2012,PT,KZATY,R,,,KZATY,10.1
2012,PT,KZZAP,R,,,KZZAP,25.5
2012,PT,KZZHA,R,,,KZZHA,42.6
2012,PT,KZKAR,R,,,KZKAR,27.0
2012,PT,KZKUS,R,,,KZKUS,36.1
2012,PT,KZKZY,R,,,KZKZY,28.7
2012,PT,KZMAN,R,,,KZMAN,16.7
2012,PT,KZONT,R,,,KZONT,15.8
2012,PT,KZPAV,R,,,KZPAV,39.1
2012,PT,KZSEV,R,,,KZSEV,45.8
2012,PT,KZVOS,R,,,KZVOS,41.6
2012,PT,,,Y16T24,,,58.5
2012,PT,,,M25T28,,,40.2
2012,PT,,,M29T34,,,39.0
2012,PT,,,Y35T44,,,38.6
2012,PT,,,Y45T54,,,39.2
2012,PT,,,Y55T64,,,33.1
2012,PT,,,Y_GE65,,,25.0
2012,PT,KZAKM,,Y16T24,,KZAKM,28.2
2012,PT,KZAKM,,M25T28,,KZAKM,31.2
2012,PT,KZAKM,,M29T34,,KZAKM,53.5
2012,PT,KZAKM,,Y35T44,,KZAKM,39.6
2012,PT,KZAKM,,Y45T54,,KZAKM,37.3
2012,PT,KZAKM,,Y55T64,,KZAKM,20.1
2012,PT,KZAKT,,Y16T24,,KZAKT,100.0
2012,PT,KZAKT,,M25T28,,KZAKT,48.7
2012,PT,KZAKT,,M29T34,,KZAKT,31.7
2012,PT,KZAKT,,Y35T44,,KZAKT,34.3
2012,PT,KZAKT,,Y45T54,,KZAKT,37.3
2012,PT,KZAKT,,Y55T64,,KZAKT,16.7
2012,PT,KZALM,,Y16T24,,KZALM,40.0
2012,PT,KZALM,,M25T28,,KZALM,41.0
2012,PT,KZALM,,M29T34,,KZALM,45.1
2012,PT,KZALM,,Y35T44,,KZALM,19.2
2012,PT,KZALM,,Y45T54,,KZALM,28.7
2012,PT,KZALM,,Y55T64,,KZALM,46.7
2012,PT,KZATY,,Y16T24,,KZATY,78.9
2012,PT,KZATY,,M25T28,,KZATY,35.3
2012,PT,KZATY,,M29T34,,KZATY,24.8
2012,PT,KZATY,,Y35T44,,KZATY,42.2
2012,PT,KZATY,,Y45T54,,KZATY,25.9
2012,PT,KZATY,,Y55T64,,KZATY,13.7
2012,PT,KZATY,,Y_GE65,,KZATY,0.0
2012,PT,KZZAP,,M29T34,,KZZAP,11.7
2012,PT,KZZAP,,Y35T44,,KZZAP,15.5
2012,PT,KZZAP,,Y45T54,,KZZAP,26.8
2012,PT,KZZAP,,Y55T64,,KZZAP,31.6
2012,PT,KZZHA,,Y16T24,,KZZHA,36.6
2012,PT,KZZHA,,M25T28,,KZZHA,54.2
2012,PT,KZZHA,,M29T34,,KZZHA,24.9
2012,PT,KZZHA,,Y35T44,,KZZHA,28.7
2012,PT,KZZHA,,Y45T54,,KZZHA,53.3
2012,PT,KZZHA,,Y55T64,,KZZHA,21.5
2012,PT,KZZHA,,Y_GE65,,KZZHA,100.0
2012,PT,KZKAR,,Y16T24,,KZKAR,82.0
2012,PT,KZKAR,,M25T28,,KZKAR,33.0
2012,PT,KZKAR,,M29T34,,KZKAR,45.5
2012,PT,KZKAR,,Y35T44,,KZKAR,47.5
2012,PT,KZKAR,,Y45T54,,KZKAR,42.1
2012,PT,KZKAR,,Y55T64,,KZKAR,35.3
2012,PT,KZKAR,,Y_GE65,,KZKAR,54.4
2012,PT,KZKUS,,Y16T24,,KZKUS,47.3
2012,PT,KZKUS,,M25T28,,KZKUS,54.0
2012,PT,KZKUS,,M29T34,,KZKUS,55.9
2012,PT,KZKUS,,Y35T44,,KZKUS,43.3
2012,PT,KZKUS,,Y45T54,,KZKUS,39.6
2012,PT,KZKUS,,Y55T64,,KZKUS,15.1
2012,PT,KZKZY,,Y16T24,,KZKZY,0.0
2012,PT,KZKZY,,M25T28,,KZKZY,21.3
2012,PT,KZKZY,,M29T34,,KZKZY,46.9
2012,PT,KZKZY,,Y35T44,,KZKZY,33.3
2012,PT,KZKZY,,Y45T54,,KZKZY,28.2
2012,PT,KZKZY,,Y55T64,,KZKZY,37.0
2012,PT,KZKZY,,Y_GE65,,KZKZY,0.0
2012,PT,KZMAN,,Y16T24,,KZMAN,100.0
2012,PT,KZMAN,,M25T28,,KZMAN,52.6
2012,PT,KZMAN,,M29T34,,KZMAN,36.4
2012,PT,KZMAN,,Y35T44,,KZMAN,38.0
2012,PT,KZMAN,,Y45T54,,KZMAN,56.6
2012,PT,KZMAN,,Y55T64,,KZMAN,33.0
2012,PT,KZMAN,,Y_GE65,,KZMAN,0.0
2012,PT,KZONT,,Y16T24,,KZONT,68.7
2012,PT,KZONT,,M25T28,,KZONT,43.3
2012,PT,KZONT,,M29T34,,KZONT,56.3
2012,PT,KZONT,,Y35T44,,KZONT,17.9
2012,PT,KZONT,,Y45T54,,KZONT,23.4
2012,PT,KZONT,,Y55T64,,KZONT,31.1
2012,PT,KZPAV,,Y16T24,,KZPAV,27.6
2012,PT,KZPAV,,M25T28,,KZPAV,29.1
2012,PT,KZPAV,,M29T34,,KZPAV,29.6
2012,PT,KZPAV,,Y35T44,,KZPAV,23.5
2012,PT,KZPAV,,Y45T54,,KZPAV,38.6
2012,PT,KZPAV,,Y55T64,,KZPAV,35.9
2012,PT,KZSEV,,Y16T24,,KZSEV,76.4
2012,PT,KZSEV,,M25T28,,KZSEV,18.3
2012,PT,KZSEV,,M29T34,,KZSEV,37.3
2012,PT,KZSEV,,Y35T44,,KZSEV,33.2
2012,PT,KZSEV,,Y45T54,,KZSEV,46.5
2012,PT,KZSEV,,Y55T64,,KZSEV,62.8
2012,PT,KZVOS,,Y16T24,,KZVOS,35.9
2012,PT,KZVOS,,M25T28,,KZVOS,38.0
2012,PT,KZVOS,,M29T34,,KZVOS,17.6
2012,PT,KZVOS,,Y35T44,,KZVOS,31.9
2012,PT,KZVOS,,Y45T54,,KZVOS,50.4
2012,PT,KZVOS,,Y55T64,,KZVOS,43.0
2012,PT,KZNS,,Y16T24,,KZNS,68.5
2012,PT,KZNS,,M25T28,,KZNS,38.7
2012,PT,KZNS,,M29T34,,KZNS,40.0
2012,PT,KZNS,,Y35T44,,KZNS,48.8
2012,PT,KZNS,,Y45T54,,KZNS,46.0
2012,PT,KZNS,,Y55T64,,KZNS,43.8
2012,PT,KZNS,,Y_GE65,,KZNS,0.0
2012,PT,KZALA,,Y16T24,,KZALA,75.3
2012,PT,KZALA,,M25T28,,KZALA,52.9
2012,PT,KZALA,,M29T34,,KZALA,36.9
2012,PT,KZALA,,Y35T44,,KZALA,51.0
2012,PT,KZALA,,Y45T54,,KZALA,39.9
2012,PT,KZALA,,Y55T64,,KZALA,18.4
2013,PT,,,,,,38.3
2013,PT,KZAKM,,,,KZAKM,44.8
2013,PT,KZAKT,,,,KZAKT,27.2
2013,PT,KZALM,,,,KZALM,45.6
2013,PT,KZATY,,,,KZATY,28.9
2013,PT,KZZAP,,,,KZZAP,23.5
2013,PT,KZZHA,,,,KZZHA,27.0
2013,PT,KZKAR,,,,KZKAR,38.6
2013,PT,KZKUS,,,,KZKUS,34.6
2013,PT,KZKZY,,,,KZKZY,30.9
2013,PT,KZMAN,,,,KZMAN,30.0
2013,PT,KZONT,,,,KZONT,32.5
2013,PT,KZPAV,,,,KZPAV,36.3
2013,PT,KZSEV,,,,KZSEV,27.5
2013,PT,KZVOS,,,,KZVOS,35.5
2013,PT,KZNS,,,,KZNS,48.0
2013,PT,KZALA,,,,KZALA,39.5
2013,PT,,U,,,,38.9
2013,PT,KZAKM,U,,,KZAKM,50.5
2013,PT,KZAKT,U,,,KZAKT,23.8
2013,PT,KZALM,U,,,KZALM,46.3
2013,PT,KZATY,U,,,KZATY,31.9
2013,PT,KZZAP,U,,,KZZAP,26.0
2013,PT,KZZHA,U,,,KZZHA,29.9
2013,PT,KZKAR,U,,,KZKAR,39.4
2013,PT,KZKUS,U,,,KZKUS,39.1
2013,PT,KZKZY,U,,,KZKZY,31.7
2013,PT,KZMAN,U,,,KZMAN,28.0
2013,PT,KZONT,U,,,KZONT,29.4
2013,PT,KZPAV,U,,,KZPAV,33.9
2013,PT,KZSEV,U,,,KZSEV,29.4
2013,PT,KZVOS,U,,,KZVOS,40.1
2013,PT,KZNS,U,,,KZNS,48.0
2013,PT,KZALA,U,,,KZALA,39.5
2013,PT,,R,,,,37.0
2013,PT,KZAKM,R,,,KZAKM,31.2
2013,PT,KZAKT,R,,,KZAKT,54.4
2013,PT,KZALM,R,,,KZALM,45.3
2013,PT,KZATY,R,,,KZATY,18.0
2013,PT,KZZAP,R,,,KZZAP,16.9
2013,PT,KZZHA,R,,,KZZHA,10.1
2013,PT,KZKAR,R,,,KZKAR,30.7
2013,PT,KZKUS,R,,,KZKUS,20.5
2013,PT,KZKZY,R,,,KZKZY,29.4
2013,PT,KZMAN,R,,,KZMAN,35.8
2013,PT,KZONT,R,,,KZONT,34.8
2013,PT,KZPAV,R,,,KZPAV,44.0
2013,PT,KZSEV,R,,,KZSEV,23.9
2013,PT,KZVOS,R,,,KZVOS,29.1
2013,PT,,,Y16T24,,,42.0
2013,PT,,,M25T28,,,41.6
2013,PT,,,M29T34,,,38.4
2013,PT,,,Y35T44,,,39.3
2013,PT,,,Y45T54,,,38.4
2013,PT,,,Y55T64,,,30.0
2013,PT,,,Y_GE65,,,17.5
2013,PT,KZAKM,,Y16T24,,KZAKM,69.1
2013,PT,KZAKM,,M25T28,,KZAKM,61.2
2013,PT,KZAKM,,M29T34,,KZAKM,64.4
2013,PT,KZAKM,,Y35T44,,KZAKM,32.9
2013,PT,KZAKM,,Y45T54,,KZAKM,41.0
2013,PT,KZAKM,,Y55T64,,KZAKM,40.7
2013,PT,KZAKT,,Y16T24,,KZAKT,6.7
2013,PT,KZAKT,,M25T28,,KZAKT,33.6
2013,PT,KZAKT,,M29T34,,KZAKT,15.6
2013,PT,KZAKT,,Y35T44,,KZAKT,41.9
2013,PT,KZAKT,,Y45T54,,KZAKT,24.5
2013,PT,KZAKT,,Y55T64,,KZAKT,29.1
2013,PT,KZALM,,Y16T24,,KZALM,34.1
2013,PT,KZALM,,M25T28,,KZALM,70.6
2013,PT,KZALM,,M29T34,,KZALM,58.9
2013,PT,KZALM,,Y35T44,,KZALM,43.7
2013,PT,KZALM,,Y45T54,,KZALM,44.4
2013,PT,KZALM,,Y55T64,,KZALM,39.5
2013,PT,KZALM,,Y_GE65,,KZALM,33.4
2013,PT,KZATY,,Y16T24,,KZATY,47.4
2013,PT,KZATY,,M25T28,,KZATY,20.7
2013,PT,KZATY,,M29T34,,KZATY,61.7
2013,PT,KZATY,,Y35T44,,KZATY,24.4
2013,PT,KZATY,,Y45T54,,KZATY,28.7
2013,PT,KZATY,,Y55T64,,KZATY,17.7
2013,PT,KZATY,,Y_GE65,,KZATY,0.0
2013,PT,KZZAP,,Y16T24,,KZZAP,0.0
2013,PT,KZZAP,,M25T28,,KZZAP,80.4
2013,PT,KZZAP,,M29T34,,KZZAP,0.0
2013,PT,KZZAP,,Y35T44,,KZZAP,30.4
2013,PT,KZZAP,,Y45T54,,KZZAP,26.8
2013,PT,KZZAP,,Y55T64,,KZZAP,17.7
2013,PT,KZZHA,,Y16T24,,KZZHA,0.0
2013,PT,KZZHA,,M25T28,,KZZHA,28.1
2013,PT,KZZHA,,M29T34,,KZZHA,21.0
2013,PT,KZZHA,,Y35T44,,KZZHA,31.7
2013,PT,KZZHA,,Y45T54,,KZZHA,29.6
2013,PT,KZZHA,,Y55T64,,KZZHA,24.6
2013,PT,KZKAR,,Y16T24,,KZKAR,53.1
2013,PT,KZKAR,,M25T28,,KZKAR,31.1
2013,PT,KZKAR,,M29T34,,KZKAR,30.1
2013,PT,KZKAR,,Y35T44,,KZKAR,44.5
2013,PT,KZKAR,,Y45T54,,KZKAR,45.0
2013,PT,KZKAR,,Y55T64,,KZKAR,22.8
2013,PT,KZKAR,,Y_GE65,,KZKAR,26.8
2013,PT,KZKUS,,Y16T24,,KZKUS,56.2
2013,PT,KZKUS,,M25T28,,KZKUS,44.3
2013,PT,KZKUS,,M29T34,,KZKUS,35.4
2013,PT,KZKUS,,Y35T44,,KZKUS,27.3
2013,PT,KZKUS,,Y45T54,,KZKUS,37.0
2013,PT,KZKUS,,Y55T64,,KZKUS,17.6
2013,PT,KZKZY,,Y16T24,,KZKZY,0.0
2013,PT,KZKZY,,M25T28,,KZKZY,0.0
2013,PT,KZKZY,,M29T34,,KZKZY,35.1
2013,PT,KZKZY,,Y35T44,,KZKZY,34.6
2013,PT,KZKZY,,Y45T54,,KZKZY,26.8
2013,PT,KZKZY,,Y55T64,,KZKZY,44.9
2013,PT,KZMAN,,Y16T24,,KZMAN,0.0
2013,PT,KZMAN,,M25T28,,KZMAN,10.3
2013,PT,KZMAN,,M29T34,,KZMAN,24.7
2013,PT,KZMAN,,Y35T44,,KZMAN,43.5
2013,PT,KZMAN,,Y45T54,,KZMAN,28.1
2013,PT,KZMAN,,Y55T64,,KZMAN,12.1
2013,PT,KZONT,,Y16T24,,KZONT,32.6
2013,PT,KZONT,,M25T28,,KZONT,3.0
2013,PT,KZONT,,M29T34,,KZONT,47.2
2013,PT,KZONT,,Y35T44,,KZONT,34.9
2013,PT,KZONT,,Y45T54,,KZONT,32.3
2013,PT,KZONT,,Y55T64,,KZONT,26.7
2013,PT,KZPAV,,Y16T24,,KZPAV,45.9
2013,PT,KZPAV,,M25T28,,KZPAV,17.2
2013,PT,KZPAV,,M29T34,,KZPAV,41.9
2013,PT,KZPAV,,Y35T44,,KZPAV,34.4
2013,PT,KZPAV,,Y45T54,,KZPAV,47.6
2013,PT,KZPAV,,Y55T64,,KZPAV,31.2
2013,PT,KZSEV,,Y16T24,,KZSEV,0.0
2013,PT,KZSEV,,M25T28,,KZSEV,51.7
2013,PT,KZSEV,,M29T34,,KZSEV,13.2
2013,PT,KZSEV,,Y35T44,,KZSEV,22.5
2013,PT,KZSEV,,Y45T54,,KZSEV,34.3
2013,PT,KZSEV,,Y55T64,,KZSEV,33.4
2013,PT,KZVOS,,Y16T24,,KZVOS,46.1
2013,PT,KZVOS,,M25T28,,KZVOS,23.5
2013,PT,KZVOS,,M29T34,,KZVOS,25.9
2013,PT,KZVOS,,Y35T44,,KZVOS,43.0
2013,PT,KZVOS,,Y45T54,,KZVOS,38.3
2013,PT,KZVOS,,Y55T64,,KZVOS,37.8
2013,PT,KZNS,,Y16T24,,KZNS,74.3
2013,PT,KZNS,,M25T28,,KZNS,42.8
2013,PT,KZNS,,M29T34,,KZNS,47.1
2013,PT,KZNS,,Y35T44,,KZNS,46.3
2013,PT,KZNS,,Y45T54,,KZNS,46.9
2013,PT,KZNS,,Y55T64,,KZNS,27.7
2013,PT,KZNS,,Y_GE65,,KZNS,0.0
2013,PT,KZALA,,Y16T24,,KZALA,62.3
2013,PT,KZALA,,M25T28,,KZALA,53.6
2013,PT,KZALA,,M29T34,,KZALA,32.5
2013,PT,KZALA,,Y35T44,,KZALA,46.4
2013,PT,KZALA,,Y45T54,,KZALA,32.7
2013,PT,KZALA,,Y55T64,,KZALA,22.1
2014,PT,,,,,,34.8
2014,PT,KZAKM,,,,KZAKM,34.8
2014,PT,KZAKT,,,,KZAKT,37.6
2014,PT,KZALM,,,,KZALM,26.5
2014,PT,KZATY,,,,KZATY,25.4
2014,PT,KZZAP,,,,KZZAP,30.6
2014,PT,KZZHA,,,,KZZHA,22.8
2014,PT,KZKAR,,,,KZKAR,35.7
2014,PT,KZKUS,,,,KZKUS,38.6
2014,PT,KZKZY,,,,KZKZY,34.0
2014,PT,KZMAN,,,,KZMAN,44.6
2014,PT,KZONT,,,,KZONT,32.9
2014,PT,KZPAV,,,,KZPAV,32.0
2014,PT,KZSEV,,,,KZSEV,31.3
2014,PT,KZVOS,,,,KZVOS,35.0
2014,PT,KZNS,,,,KZNS,35.9
2014,PT,KZALA,,,,KZALA,38.4
2014,PT,,U,,,,37.1
2014,PT,KZAKM,U,,,KZAKM,37.7
2014,PT,KZAKT,U,,,KZAKT,39.6
2014,PT,KZALM,U,,,KZALM,30.5
2014,PT,KZATY,U,,,KZATY,23.7
2014,PT,KZZAP,U,,,KZZAP,32.0
2014,PT,KZZHA,U,,,KZZHA,27.5
2014,PT,KZKAR,U,,,KZKAR,37.0
2014,PT,KZKUS,U,,,KZKUS,41.4
2014,PT,KZKZY,U,,,KZKZY,38.1
2014,PT,KZMAN,U,,,KZMAN,46.4
2014,PT,KZONT,U,,,KZONT,35.5
2014,PT,KZPAV,U,,,KZPAV,31.5
2014,PT,KZSEV,U,,,KZSEV,34.0
2014,PT,KZVOS,U,,,KZVOS,37.8
2014,PT,KZNS,U,,,KZNS,37.6
2014,PT,KZALA,U,,,KZALA,39.3
2014,PT,,R,,,,30.2
2014,PT,KZAKM,R,,,KZAKM,29.6
2014,PT,KZAKT,R,,,KZAKT,30.6
2014,PT,KZALM,R,,,KZALM,25.3
2014,PT,KZATY,R,,,KZATY,32.7
2014,PT,KZZAP,R,,,KZZAP,28.8
2014,PT,KZZHA,R,,,KZZHA,16.7
2014,PT,KZKAR,R,,,KZKAR,32.0
2014,PT,KZKUS,R,,,KZKUS,34.4
2014,PT,KZKZY,R,,,KZKZY,28.8
2014,PT,KZMAN,R,,,KZMAN,45.5
2014,PT,KZONT,R,,,KZONT,30.4
2014,PT,KZPAV,R,,,KZPAV,38.6
2014,PT,KZSEV,R,,,KZSEV,28.0
2014,PT,KZVOS,R,,,KZVOS,29.2
2014,PT,,,Y16T24,,,29.6
2014,PT,,,M25T28,,,34.8
2014,PT,,,M29T34,,,33.2
2014,PT,,,Y35T44,,,36.5
2014,PT,,,Y45T54,,,38.3
2014,PT,,,Y55T64,,,30.2
2014,PT,,,Y_GE65,,,16.0
2014,PT,KZAKM,,Y16T24,,KZAKM,25.6
2014,PT,KZAKM,,M25T28,,KZAKM,26.6
2014,PT,KZAKM,,M29T34,,KZAKM,32.1
2014,PT,KZAKM,,Y35T44,,KZAKM,36.4
2014,PT,KZAKM,,Y45T54,,KZAKM,36.8
2014,PT,KZAKM,,Y55T64,,KZAKM,37.8
2014,PT,KZAKT,,Y16T24,,KZAKT,13.5
2014,PT,KZAKT,,M25T28,,KZAKT,43.8
2014,PT,KZAKT,,M29T34,,KZAKT,43.3
2014,PT,KZAKT,,Y35T44,,KZAKT,41.8
2014,PT,KZAKT,,Y45T54,,KZAKT,36.5
2014,PT,KZAKT,,Y55T64,,KZAKT,16.7
2014,PT,KZAKT,,Y_GE65,,KZAKT,0.0
2014,PT,KZALM,,Y16T24,,KZALM,17.3
2014,PT,KZALM,,M25T28,,KZALM,34.2
2014,PT,KZALM,,M29T34,,KZALM,20.2
2014,PT,KZALM,,Y35T44,,KZALM,27.6
2014,PT,KZALM,,Y45T54,,KZALM,31.1
2014,PT,KZALM,,Y55T64,,KZALM,26.1
2014,PT,KZALM,,Y_GE65,,KZALM,25.6
2014,PT,KZATY,,Y16T24,,KZATY,39.1
2014,PT,KZATY,,M25T28,,KZATY,12.7
2014,PT,KZATY,,M29T34,,KZATY,18.4
2014,PT,KZATY,,Y35T44,,KZATY,36.2
2014,PT,KZATY,,Y45T54,,KZATY,28.7
2014,PT,KZATY,,Y55T64,,KZATY,13.3
2014,PT,KZATY,,Y_GE65,,KZATY,0.0
2014,PT,KZZAP,,Y16T24,,KZZAP,31.3
2014,PT,KZZAP,,M25T28,,KZZAP,27.1
2014,PT,KZZAP,,M29T34,,KZZAP,43.2
2014,PT,KZZAP,,Y35T44,,KZZAP,32.6
2014,PT,KZZAP,,Y45T54,,KZZAP,27.6
2014,PT,KZZAP,,Y55T64,,KZZAP,26.9
2014,PT,KZZAP,,Y_GE65,,KZZAP,0.0
2014,PT,KZZHA,,Y16T24,,KZZHA,4.2
2014,PT,KZZHA,,M25T28,,KZZHA,25.0
2014,PT,KZZHA,,M29T34,,KZZHA,11.3
2014,PT,KZZHA,,Y35T44,,KZZHA,22.8
2014,PT,KZZHA,,Y45T54,,KZZHA,42.2
2014,PT,KZZHA,,Y55T64,,KZZHA,28.3
2014,PT,KZZHA,,Y_GE65,,KZZHA,0.0
2014,PT,KZKAR,,Y16T24,,KZKAR,31.1
2014,PT,KZKAR,,M25T28,,KZKAR,20.2
2014,PT,KZKAR,,M29T34,,KZKAR,33.4
2014,PT,KZKAR,,Y35T44,,KZKAR,35.2
2014,PT,KZKAR,,Y45T54,,KZKAR,43.4
2014,PT,KZKAR,,Y55T64,,KZKAR,42.9
2014,PT,KZKAR,,Y_GE65,,KZKAR,8.1
2014,PT,KZKUS,,Y16T24,,KZKUS,44.5
2014,PT,KZKUS,,M25T28,,KZKUS,35.6
2014,PT,KZKUS,,M29T34,,KZKUS,34.7
2014,PT,KZKUS,,Y35T44,,KZKUS,40.3
2014,PT,KZKUS,,Y45T54,,KZKUS,43.2
2014,PT,KZKUS,,Y55T64,,KZKUS,27.2
2014,PT,KZKUS,,Y_GE65,,KZKUS,32.5
2014,PT,KZKZY,,Y16T24,,KZKZY,27.7
2014,PT,KZKZY,,M25T28,,KZKZY,65.2
2014,PT,KZKZY,,M29T34,,KZKZY,28.9
2014,PT,KZKZY,,Y35T44,,KZKZY,47.7
2014,PT,KZKZY,,Y45T54,,KZKZY,29.2
2014,PT,KZKZY,,Y55T64,,KZKZY,16.2
2014,PT,KZMAN,,Y16T24,,KZMAN,41.1
2014,PT,KZMAN,,M25T28,,KZMAN,47.7
2014,PT,KZMAN,,M29T34,,KZMAN,38.5
2014,PT,KZMAN,,Y35T44,,KZMAN,50.2
2014,PT,KZMAN,,Y45T54,,KZMAN,48.2
2014,PT,KZMAN,,Y55T64,,KZMAN,31.6
2014,PT,KZMAN,,Y_GE65,,KZMAN,6.8
2014,PT,KZONT,,Y16T24,,KZONT,22.0
2014,PT,KZONT,,M25T28,,KZONT,31.6
2014,PT,KZONT,,M29T34,,KZONT,36.2
2014,PT,KZONT,,Y35T44,,KZONT,36.6
2014,PT,KZONT,,Y45T54,,KZONT,31.5
2014,PT,KZONT,,Y55T64,,KZONT,25.2
2014,PT,KZPAV,,Y16T24,,KZPAV,22.1
2014,PT,KZPAV,,M25T28,,KZPAV,33.4
2014,PT,KZPAV,,M29T34,,KZPAV,27.9
2014,PT,KZPAV,,Y35T44,,KZPAV,31.9
2014,PT,KZPAV,,Y45T54,,KZPAV,37.0
2014,PT,KZPAV,,Y55T64,,KZPAV,24.9
2014,PT,KZPAV,,Y_GE65,,KZPAV,84.8
2014,PT,KZSEV,,Y16T24,,KZSEV,2.1
2014,PT,KZSEV,,M25T28,,KZSEV,23.0
2014,PT,KZSEV,,M29T34,,KZSEV,28.0
2014,PT,KZSEV,,Y35T44,,KZSEV,38.0
2014,PT,KZSEV,,Y45T54,,KZSEV,32.2
2014,PT,KZSEV,,Y55T64,,KZSEV,32.2
2014,PT,KZSEV,,Y_GE65,,KZSEV,21.9
2014,PT,KZVOS,,Y16T24,,KZVOS,25.8
2014,PT,KZVOS,,M25T28,,KZVOS,27.2
2014,PT,KZVOS,,M29T34,,KZVOS,35.2
2014,PT,KZVOS,,Y35T44,,KZVOS,30.2
2014,PT,KZVOS,,Y45T54,,KZVOS,45.2
2014,PT,KZVOS,,Y55T64,,KZVOS,29.0
2014,PT,KZVOS,,Y_GE65,,KZVOS,10.6
2014,PT,KZNS,,Y16T24,,KZNS,20.8
2014,PT,KZNS,,M25T28,,KZNS,47.7
2014,PT,KZNS,,M29T34,,KZNS,43.1
2014,PT,KZNS,,Y35T44,,KZNS,38.5
2014,PT,KZNS,,Y45T54,,KZNS,28.3
2014,PT,KZNS,,Y55T64,,KZNS,28.0
2014,PT,KZALA,,Y16T24,,KZALA,37.0
2014,PT,KZALA,,M25T28,,KZALA,43.4
2014,PT,KZALA,,M29T34,,KZALA,32.8
2014,PT,KZALA,,Y35T44,,KZALA,39.1
2014,PT,KZALA,,Y45T54,,KZALA,42.3
2014,PT,KZALA,,Y55T64,,KZALA,35.1
2014,PT,KZALA,,Y_GE65,,KZALA,0.0
2015,PT,,,,,,37.0
2015,PT,KZAKM,,,,KZAKM,30.0
2015,PT,KZAKT,,,,KZAKT,34.3
2015,PT,KZALM,,,,KZALM,31.3
2015,PT,KZATY,,,,KZATY,33.8
2015,PT,KZZAP,,,,KZZAP,35.9
2015,PT,KZZHA,,,,KZZHA,20.5
2015,PT,KZKAR,,,,KZKAR,38.9
2015,PT,KZKUS,,,,KZKUS,42.9
2015,PT,KZKZY,,,,KZKZY,32.6
2015,PT,KZMAN,,,,KZMAN,52.0
2015,PT,KZONT,,,,KZONT,28.7
2015,PT,KZPAV,,,,KZPAV,39.1
2015,PT,KZSEV,,,,KZSEV,39.6
2015,PT,KZVOS,,,,KZVOS,33.0
2015,PT,KZNS,,,,KZNS,41.9
2015,PT,KZALA,,,,KZALA,35.3
2015,PT,,U,,,,38.4
2015,PT,KZAKM,U,,,KZAKM,29.8
2015,PT,KZAKT,U,,,KZAKT,33.1
2015,PT,KZALM,U,,,KZALM,34.3
2015,PT,KZATY,U,,,KZATY,33.6
2015,PT,KZZAP,U,,,KZZAP,38.4
2015,PT,KZZHA,U,,,KZZHA,20.3
2015,PT,KZKAR,U,,,KZKAR,39.9
2015,PT,KZKUS,U,,,KZKUS,44.7
2015,PT,KZKZY,U,,,KZKZY,37.6
2015,PT,KZMAN,U,,,KZMAN,51.6
2015,PT,KZONT,U,,,KZONT,32.8
2015,PT,KZPAV,U,,,KZPAV,40.7
2015,PT,KZSEV,U,,,KZSEV,42.1
2015,PT,KZVOS,U,,,KZVOS,34.6
2015,PT,KZNS,U,,,KZNS,41.9
2015,PT,KZALA,U,,,KZALA,35.3
2015,PT,,R,,,,32.1
2015,PT,KZAKM,R,,,KZAKM,30.3
2015,PT,KZAKT,R,,,KZAKT,38.1
2015,PT,KZALM,R,,,KZALM,29.3
2015,PT,KZATY,R,,,KZATY,34.6
2015,PT,KZZAP,R,,,KZZAP,30.7
2015,PT,KZZHA,R,,,KZZHA,21.1
2015,PT,KZKAR,R,,,KZKAR,30.9
2015,PT,KZKUS,R,,,KZKUS,38.4
2015,PT,KZKZY,R,,,KZKZY,26.3
2015,PT,KZMAN,R,,,KZMAN,53.0
2015,PT,KZONT,R,,,KZONT,23.7
2015,PT,KZPAV,R,,,KZPAV,31.6
2015,PT,KZSEV,R,,,KZSEV,32.9
2015,PT,KZVOS,R,,,KZVOS,28.5
2015,PT,,,Y16T24,,,38.3
2015,PT,,,M25T28,,,36.7
2015,PT,,,M29T34,,,37.1
2015,PT,,,Y35T44,,,35.9
2015,PT,,,Y45T54,,,39.4
2015,PT,,,Y55T64,,,34.3
2015,PT,,,Y_GE65,,,28.4
2015,PT,KZAKM,,Y16T24,,KZAKM,45.5
2015,PT,KZAKM,,M25T28,,KZAKM,15.1
2015,PT,KZAKM,,M29T34,,KZAKM,30.7
2015,PT,KZAKM,,Y35T44,,KZAKM,29.0
2015,PT,KZAKM,,Y45T54,,KZAKM,32.1
2015,PT,KZAKM,,Y55T64,,KZAKM,30.3
2015,PT,KZAKT,,Y16T24,,KZAKT,33.0
2015,PT,KZAKT,,M25T28,,KZAKT,42.2
2015,PT,KZAKT,,M29T34,,KZAKT,27.3
2015,PT,KZAKT,,Y35T44,,KZAKT,24.5
2015,PT,KZAKT,,Y45T54,,KZAKT,52.7
2015,PT,KZAKT,,Y55T64,,KZAKT,29.9
2015,PT,KZAKT,,Y_GE65,,KZAKT,0.0
2015,PT,KZALM,,Y16T24,,KZALM,44.1
2015,PT,KZALM,,M25T28,,KZALM,31.1
2015,PT,KZALM,,M29T34,,KZALM,26.9
2015,PT,KZALM,,Y35T44,,KZALM,28.1
2015,PT,KZALM,,Y45T54,,KZALM,31.0
2015,PT,KZALM,,Y55T64,,KZALM,33.9
2015,PT,KZALM,,Y_GE65,,KZALM,9.8
2015,PT,KZATY,,Y16T24,,KZATY,17.1
2015,PT,KZATY,,M25T28,,KZATY,0.0
2015,PT,KZATY,,M29T34,,KZATY,39.3
2015,PT,KZATY,,Y35T44,,KZATY,50.5
2015,PT,KZATY,,Y45T54,,KZATY,29.7
2015,PT,KZATY,,Y55T64,,KZATY,18.5
2015,PT,KZATY,,Y_GE65,,KZATY,0.0
2015,PT,KZZAP,,Y16T24,,KZZAP,48.1
2015,PT,KZZAP,,M25T28,,KZZAP,43.0
2015,PT,KZZAP,,M29T34,,KZZAP,31.9
2015,PT,KZZAP,,Y35T44,,KZZAP,24.9
2015,PT,KZZAP,,Y45T54,,KZZAP,41.8
2015,PT,KZZAP,,Y55T64,,KZZAP,36.7
2015,PT,KZZHA,,Y16T24,,KZZHA,4.1
2015,PT,KZZHA,,M25T28,,KZZHA,32.7
2015,PT,KZZHA,,M29T34,,KZZHA,13.6
2015,PT,KZZHA,,Y35T44,,KZZHA,18.4
2015,PT,KZZHA,,Y45T54,,KZZHA,37.4
2015,PT,KZZHA,,Y55T64,,KZZHA,10.4
2015,PT,KZKAR,,Y16T24,,KZKAR,49.8
2015,PT,KZKAR,,M25T28,,KZKAR,34.3
2015,PT,KZKAR,,M29T34,,KZKAR,36.7
2015,PT,KZKAR,,Y35T44,,KZKAR,34.4
2015,PT,KZKAR,,Y45T54,,KZKAR,46.8
2015,PT,KZKAR,,Y55T64,,KZKAR,38.1
2015,PT,KZKAR,,Y_GE65,,KZKAR,27.8
2015,PT,KZKUS,,Y16T24,,KZKUS,45.3
2015,PT,KZKUS,,M25T28,,KZKUS,40.2
2015,PT,KZKUS,,M29T34,,KZKUS,44.0
2015,PT,KZKUS,,Y35T44,,KZKUS,42.9
2015,PT,KZKUS,,Y45T54,,KZKUS,45.0
2015,PT,KZKUS,,Y55T64,,KZKUS,36.0
2015,PT,KZKUS,,Y_GE65,,KZKUS,17.7
2015,PT,KZKZY,,Y16T24,,KZKZY,0.0
2015,PT,KZKZY,,M25T28,,KZKZY,33.8
2015,PT,KZKZY,,M29T34,,KZKZY,33.6
2015,PT,KZKZY,,Y35T44,,KZKZY,44.2
2015,PT,KZKZY,,Y45T54,,KZKZY,30.3
2015,PT,KZKZY,,Y55T64,,KZKZY,13.0
2015,PT,KZMAN,,Y16T24,,KZMAN,36.3
2015,PT,KZMAN,,M25T28,,KZMAN,63.3
2015,PT,KZMAN,,M29T34,,KZMAN,47.5
2015,PT,KZMAN,,Y35T44,,KZMAN,62.3
2015,PT,KZMAN,,Y45T54,,KZMAN,46.5
2015,PT,KZMAN,,Y55T64,,KZMAN,41.6
2015,PT,KZMAN,,Y_GE65,,KZMAN,54.5
2015,PT,KZONT,,Y16T24,,KZONT,5.3
2015,PT,KZONT,,M25T28,,KZONT,12.9
2015,PT,KZONT,,M29T34,,KZONT,33.9
2015,PT,KZONT,,Y35T44,,KZONT,39.7
2015,PT,KZONT,,Y45T54,,KZONT,21.4
2015,PT,KZONT,,Y55T64,,KZONT,24.3
2015,PT,KZONT,,Y_GE65,,KZONT,0.0
2015,PT,KZPAV,,Y16T24,,KZPAV,42.0
2015,PT,KZPAV,,M25T28,,KZPAV,32.5
2015,PT,KZPAV,,M29T34,,KZPAV,56.7
2015,PT,KZPAV,,Y35T44,,KZPAV,38.6
2015,PT,KZPAV,,Y45T54,,KZPAV,35.8
2015,PT,KZPAV,,Y55T64,,KZPAV,30.6
2015,PT,KZPAV,,Y_GE65,,KZPAV,11.8
2015,PT,KZSEV,,Y16T24,,KZSEV,48.7
2015,PT,KZSEV,,M25T28,,KZSEV,37.7
2015,PT,KZSEV,,M29T34,,KZSEV,38.0
2015,PT,KZSEV,,Y35T44,,KZSEV,38.2
2015,PT,KZSEV,,Y45T54,,KZSEV,42.2
2015,PT,KZSEV,,Y55T64,,KZSEV,40.6
2015,PT,KZSEV,,Y_GE65,,KZSEV,2.8
2015,PT,KZVOS,,Y16T24,,KZVOS,29.9
2015,PT,KZVOS,,M25T28,,KZVOS,13.7
2015,PT,KZVOS,,M29T34,,KZVOS,32.2
2015,PT,KZVOS,,Y35T44,,KZVOS,34.8
2015,PT,KZVOS,,Y45T54,,KZVOS,36.9
2015,PT,KZVOS,,Y55T64,,KZVOS,38.3
2015,PT,KZVOS,,Y_GE65,,KZVOS,0.0
2015,PT,KZNS,,Y16T24,,KZNS,41.3
2015,PT,KZNS,,M25T28,,KZNS,52.4
2015,PT,KZNS,,M29T34,,KZNS,37.3
2015,PT,KZNS,,Y35T44,,KZNS,37.2
2015,PT,KZNS,,Y45T54,,KZNS,46.1
2015,PT,KZNS,,Y55T64,,KZNS,41.1
2015,PT,KZNS,,Y_GE65,,KZNS,55.6
2015,PT,KZALA,,Y16T24,,KZALA,35.1
2015,PT,KZALA,,M25T28,,KZALA,22.9
2015,PT,KZALA,,M29T34,,KZALA,43.7
2015,PT,KZALA,,Y35T44,,KZALA,35.1
2015,PT,KZALA,,Y45T54,,KZALA,33.8
2015,PT,KZALA,,Y55T64,,KZALA,35.8
2015,PT,KZALA,,Y_GE65,,KZALA,32.1
2016,PT,,,,,,37.3
2016,PT,KZAKM,,,,KZAKM,34.6
2016,PT,KZAKT,,,,KZAKT,34.1
2016,PT,KZALM,,,,KZALM,35.7
2016,PT,KZATY,,,,KZATY,30.0
2016,PT,KZZAP,,,,KZZAP,34.5
2016,PT,KZZHA,,,,KZZHA,19.2
2016,PT,KZKAR,,,,KZKAR,33.8
2016,PT,KZKUS,,,,KZKUS,39.6
2016,PT,KZKZY,,,,KZKZY,31.1
2016,PT,KZMAN,,,,KZMAN,44.4
2016,PT,KZONT,,,,KZONT,40.9
2016,PT,KZPAV,,,,KZPAV,40.0
2016,PT,KZSEV,,,,KZSEV,32.6
2016,PT,KZVOS,,,,KZVOS,33.7
2016,PT,KZNS,,,,KZNS,44.2
2016,PT,KZALA,,,,KZALA,39.9
2016,PT,,U,,,,38.3
2016,PT,KZAKM,U,,,KZAKM,31.8
2016,PT,KZAKT,U,,,KZAKT,36.8
2016,PT,KZALM,U,,,KZALM,42.2
2016,PT,KZATY,U,,,KZATY,30.5
2016,PT,KZZAP,U,,,KZZAP,35.0
2016,PT,KZZHA,U,,,KZZHA,16.2
2016,PT,KZKAR,U,,,KZKAR,34.2
2016,PT,KZKUS,U,,,KZKUS,41.4
2016,PT,KZKZY,U,,,KZKZY,32.2
2016,PT,KZMAN,U,,,KZMAN,43.8
2016,PT,KZONT,U,,,KZONT,43.0
2016,PT,KZPAV,U,,,KZPAV,40.5
2016,PT,KZSEV,U,,,KZSEV,33.5
2016,PT,KZVOS,U,,,KZVOS,35.2
2016,PT,KZNS,U,,,KZNS,44.2
2016,PT,KZALA,U,,,KZALA,39.9
2016,PT,,R,,,,32.9
2016,PT,KZAKM,R,,,KZAKM,38.3
2016,PT,KZAKT,R,,,KZAKT,27.0
2016,PT,KZALM,R,,,KZALM,31.1
2016,PT,KZATY,R,,,KZATY,28.4
2016,PT,KZZAP,R,,,KZZAP,33.5
2016,PT,KZZHA,R,,,KZZHA,29.4
2016,PT,KZKAR,R,,,KZKAR,30.7
2016,PT,KZKUS,R,,,KZKUS,35.9
2016,PT,KZKZY,R,,,KZKZY,27.3
2016,PT,KZMAN,R,,,KZMAN,47.1
2016,PT,KZONT,R,,,KZONT,33.7
2016,PT,KZPAV,R,,,KZPAV,37.6
2016,PT,KZSEV,R,,,KZSEV,30.4
2016,PT,KZVOS,R,,,KZVOS,25.2
2016,PT,,,Y16T24,,,37.9
2016,PT,,,M25T28,,,36.1
2016,PT,,,M29T34,,,35.6
2016,PT,,,Y35T44,,,35.4
2016,PT,,,Y45T54,,,41.5
2016,PT,,,Y55T64,,,36.7
2016,PT,,,Y_GE65,,,29.8
2016,PT,KZAKM,,Y16T24,,KZAKM,45.0
2016,PT,KZAKM,,M25T28,,KZAKM,15.8
2016,PT,KZAKM,,M29T34,,KZAKM,45.4
2016,PT,KZAKM,,Y35T44,,KZAKM,28.7
2016,PT,KZAKM,,Y45T54,,KZAKM,35.8
2016,PT,KZAKM,,Y55T64,,KZAKM,44.0
2016,PT,KZAKT,,Y16T24,,KZAKT,25.1
2016,PT,KZAKT,,M25T28,,KZAKT,35.2
2016,PT,KZAKT,,M29T34,,KZAKT,42.9
2016,PT,KZAKT,,Y35T44,,KZAKT,32.2
2016,PT,KZAKT,,Y45T54,,KZAKT,47.6
2016,PT,KZAKT,,Y55T64,,KZAKT,24.0
2016,PT,KZAKT,,Y_GE65,,KZAKT,4.7
2016,PT,KZALM,,Y16T24,,KZALM,25.1
2016,PT,KZALM,,M25T28,,KZALM,35.2
2016,PT,KZALM,,M29T34,,KZALM,42.9
2016,PT,KZALM,,Y35T44,,KZALM,32.2
2016,PT,KZALM,,Y45T54,,KZALM,47.6
2016,PT,KZALM,,Y55T64,,KZALM,24.0
2016,PT,KZALM,,Y_GE65,,KZALM,4.7
2016,PT,KZATY,,Y16T24,,KZATY,33.8
2016,PT,KZATY,,M25T28,,KZATY,49.1
2016,PT,KZATY,,M29T34,,KZATY,7.5
2016,PT,KZATY,,Y35T44,,KZATY,34.1
2016,PT,KZATY,,Y45T54,,KZATY,49.1
2016,PT,KZATY,,Y55T64,,KZATY,23.4
2016,PT,KZATY,,Y_GE65,,KZATY,0.0
2016,PT,KZZAP,,Y16T24,,KZZAP,40.4
2016,PT,KZZAP,,M25T28,,KZZAP,47.7
2016,PT,KZZAP,,M29T34,,KZZAP,37.3
2016,PT,KZZAP,,Y35T44,,KZZAP,31.4
2016,PT,KZZAP,,Y45T54,,KZZAP,34.1
2016,PT,KZZAP,,Y55T64,,KZZAP,31.1
2016,PT,KZZHA,,Y16T24,,KZZHA,0.0
2016,PT,KZZHA,,M25T28,,KZZHA,9.7
2016,PT,KZZHA,,M29T34,,KZZHA,17.8
2016,PT,KZZHA,,Y35T44,,KZZHA,13.3
2016,PT,KZZHA,,Y45T54,,KZZHA,36.7
2016,PT,KZZHA,,Y55T64,,KZZHA,22.5
2016,PT,KZZHA,,Y_GE65,,KZZHA,100.0
2016,PT,KZKAR,,Y16T24,,KZKAR,47.9
2016,PT,KZKAR,,M25T28,,KZKAR,26.9
2016,PT,KZKAR,,M29T34,,KZKAR,36.3
2016,PT,KZKAR,,Y35T44,,KZKAR,28.6
2016,PT,KZKAR,,Y45T54,,KZKAR,37.2
2016,PT,KZKAR,,Y55T64,,KZKAR,36.3
2016,PT,KZKAR,,Y_GE65,,KZKAR,14.0
2016,PT,KZKUS,,Y16T24,,KZKUS,40.2
2016,PT,KZKUS,,M25T28,,KZKUS,38.2
2016,PT,KZKUS,,M29T34,,KZKUS,25.1
2016,PT,KZKUS,,Y35T44,,KZKUS,42.5
2016,PT,KZKUS,,Y45T54,,KZKUS,51.4
2016,PT,KZKUS,,Y55T64,,KZKUS,33.8
2016,PT,KZKUS,,Y_GE65,,KZKUS,15.9
2016,PT,KZKZY,,Y16T24,,KZKZY,21.7
2016,PT,KZKZY,,M25T28,,KZKZY,22.9
2016,PT,KZKZY,,M29T34,,KZKZY,31.0
2016,PT,KZKZY,,Y35T44,,KZKZY,22.8
2016,PT,KZKZY,,Y45T54,,KZKZY,42.5
2016,PT,KZKZY,,Y55T64,,KZKZY,30.8
2016,PT,KZMAN,,Y16T24,,KZMAN,40.7
2016,PT,KZMAN,,M25T28,,KZMAN,46.0
2016,PT,KZMAN,,M29T34,,KZMAN,47.4
2016,PT,KZMAN,,Y35T44,,KZMAN,41.9
2016,PT,KZMAN,,Y45T54,,KZMAN,47.1
2016,PT,KZMAN,,Y55T64,,KZMAN,37.6
2016,PT,KZONT,,Y16T24,,KZONT,5.2
2016,PT,KZONT,,M25T28,,KZONT,10.9
2016,PT,KZONT,,M29T34,,KZONT,46.9
2016,PT,KZONT,,Y35T44,,KZONT,60.7
2016,PT,KZONT,,Y45T54,,KZONT,39.8
2016,PT,KZONT,,Y55T64,,KZONT,67.2
2016,PT,KZONT,,Y_GE65,,KZONT,0.0
2016,PT,KZPAV,,Y16T24,,KZPAV,72.0
2016,PT,KZPAV,,M25T28,,KZPAV,32.9
2016,PT,KZPAV,,M29T34,,KZPAV,31.7
2016,PT,KZPAV,,Y35T44,,KZPAV,40.3
2016,PT,KZPAV,,Y45T54,,KZPAV,44.9
2016,PT,KZPAV,,Y55T64,,KZPAV,38.1
2016,PT,KZPAV,,Y_GE65,,KZPAV,70.3
2016,PT,KZSEV,,Y16T24,,KZSEV,0.0
2016,PT,KZSEV,,M25T28,,KZSEV,34.2
2016,PT,KZSEV,,M29T34,,KZSEV,27.1
2016,PT,KZSEV,,Y35T44,,KZSEV,34.8
2016,PT,KZSEV,,Y45T54,,KZSEV,37.3
2016,PT,KZSEV,,Y55T64,,KZSEV,27.3
2016,PT,KZSEV,,Y_GE65,,KZSEV,16.5
2016,PT,KZVOS,,Y16T24,,KZVOS,1.5
2016,PT,KZVOS,,M25T28,,KZVOS,71.9
2016,PT,KZVOS,,M29T34,,KZVOS,31.7
2016,PT,KZVOS,,Y35T44,,KZVOS,29.43
2016,PT,KZVOS,,Y45T54,,KZVOS,28.5
2016,PT,KZVOS,,Y55T64,,KZVOS,30.7
2016,PT,KZVOS,,Y_GE65,,KZVOS,17.5
2016,PT,KZNS,,Y16T24,,KZNS,61.6
2016,PT,KZNS,,M25T28,,KZNS,46.3
2016,PT,KZNS,,M29T34,,KZNS,40.6
2016,PT,KZNS,,Y35T44,,KZNS,38.3
2016,PT,KZNS,,Y45T54,,KZNS,48.7
2016,PT,KZNS,,Y55T64,,KZNS,56.7
2016,PT,KZNS,,Y_GE65,,KZNS,66.0
2016,PT,KZALA,,Y16T24,,KZALA,40.6
2016,PT,KZALA,,M25T28,,KZALA,37.3
2016,PT,KZALA,,M29T34,,KZALA,36.8
2016,PT,KZALA,,Y35T44,,KZALA,37.0
2016,PT,KZALA,,Y45T54,,KZALA,43.2
2016,PT,KZALA,,Y55T64,,KZALA,48.9
2016,PT,KZALA,,Y_GE65,,KZALA,78.8
2017,PT,,,,,,37.0
2017,PT,KZAKM,,,,KZAKM,35.8
2017,PT,KZAKT,,,,KZAKT,39.8
2017,PT,KZALM,,,,KZALM,33.8
2017,PT,KZATY,,,,KZATY,31.0
2017,PT,KZZAP,,,,KZZAP,35.8
2017,PT,KZZHA,,,,KZZHA,18.5
2017,PT,KZKAR,,,,KZKAR,32.9
2017,PT,KZKUS,,,,KZKUS,38.8
2017,PT,KZKZY,,,,KZKZY,30.5
2017,PT,KZMAN,,,,KZMAN,42.0
2017,PT,KZONT,,,,KZONT,26.5
2017,PT,KZPAV,,,,KZPAV,43.6
2017,PT,KZSEV,,,,KZSEV,33.9
2017,PT,KZVOS,,,,KZVOS,41.1
2017,PT,KZNS,,,,KZNS,43.2
2017,PT,KZALA,,,,KZALA,36.1
2017,PT,,U,,,,37.8
2017,PT,KZAKM,U,,,KZAKM,33.1
2017,PT,KZAKT,U,,,KZAKT,42.3
2017,PT,KZALM,U,,,KZALM,35.2
2017,PT,KZATY,U,,,KZATY,30.8
2017,PT,KZZAP,U,,,KZZAP,39.1
2017,PT,KZZHA,U,,,KZZHA,17.8
2017,PT,KZKAR,U,,,KZKAR,33.3
2017,PT,KZKUS,U,,,KZKUS,40.0
2017,PT,KZKZY,U,,,KZKZY,29.6
2017,PT,KZMAN,U,,,KZMAN,39.5
2017,PT,KZONT,U,,,KZONT,24.9
2017,PT,KZPAV,U,,,KZPAV,46.1
2017,PT,KZSEV,U,,,KZSEV,37.2
2017,PT,KZVOS,U,,,KZVOS,42.3
2017,PT,KZNS,U,,,KZNS,43.2
2017,PT,KZALA,U,,,KZALA,36.1
2017,PT,,R,,,,33.3
2017,PT,KZAKM,R,,,KZAKM,39.8
2017,PT,KZAKT,R,,,KZAKT,31.7
2017,PT,KZALM,R,,,KZALM,33.0
2017,PT,KZATY,R,,,KZATY,32.6
2017,PT,KZZAP,R,,,KZZAP,28.8
2017,PT,KZZHA,R,,,KZZHA,20.9
2017,PT,KZKAR,R,,,KZKAR,29.6
2017,PT,KZKUS,R,,,KZKUS,36.5
2017,PT,KZKZY,R,,,KZKZY,33.3
2017,PT,KZMAN,R,,,KZMAN,49.1
2017,PT,KZONT,R,,,KZONT,32.1
2017,PT,KZPAV,R,,,KZPAV,30.4
2017,PT,KZSEV,R,,,KZSEV,24.3
2017,PT,KZVOS,R,,,KZVOS,33.3
2017,PT,,,Y16T24,,,41.2
2017,PT,,,M25T28,,,35.0
2017,PT,,,M29T34,,,36.9
2017,PT,,,Y35T44,,,37.0
2017,PT,,,Y45T54,,,39.6
2017,PT,,,Y55T64,,,31.4
2017,PT,,,Y_GE65,,,35.3
2017,PT,KZAKM,,Y16T24,,KZAKM,49.3
2017,PT,KZAKM,,M25T28,,KZAKM,22.6
2017,PT,KZAKM,,M29T34,,KZAKM,32.2
2017,PT,KZAKM,,Y35T44,,KZAKM,38.6
2017,PT,KZAKM,,Y45T54,,KZAKM,43.4
2017,PT,KZAKM,,Y55T64,,KZAKM,26.7
2017,PT,KZAKT,,Y16T24,,KZAKT,50.8
2017,PT,KZAKT,,M25T28,,KZAKT,49.7
2017,PT,KZAKT,,M29T34,,KZAKT,41.5
2017,PT,KZAKT,,Y35T44,,KZAKT,36.5
2017,PT,KZAKT,,Y45T54,,KZAKT,41.0
2017,PT,KZAKT,,Y55T64,,KZAKT,22.2
2017,PT,KZAKT,,Y_GE65,,KZAKT,0.0
2017,PT,KZALM,,Y16T24,,KZALM,35.9
2017,PT,KZALM,,M25T28,,KZALM,31.9
2017,PT,KZALM,,M29T34,,KZALM,32.6
2017,PT,KZALM,,Y35T44,,KZALM,30.1
2017,PT,KZALM,,Y45T54,,KZALM,40.2
2017,PT,KZALM,,Y55T64,,KZALM,27.4
2017,PT,KZALM,,Y_GE65,,KZALM,72.5
2017,PT,KZATY,,Y16T24,,KZATY,2.2
2017,PT,KZATY,,M25T28,,KZATY,21.4
2017,PT,KZATY,,M29T34,,KZATY,32.8
2017,PT,KZATY,,Y35T44,,KZATY,40.2
2017,PT,KZATY,,Y45T54,,KZATY,28.7
2017,PT,KZATY,,Y55T64,,KZATY,31.3
2017,PT,KZZAP,,Y16T24,,KZZAP,44.1
2017,PT,KZZAP,,M25T28,,KZZAP,33.9
2017,PT,KZZAP,,M29T34,,KZZAP,25.9
2017,PT,KZZAP,,Y35T44,,KZZAP,38.6
2017,PT,KZZAP,,Y45T54,,KZZAP,40.3
2017,PT,KZZAP,,Y55T64,,KZZAP,32.5
2017,PT,KZZHA,,Y16T24,,KZZHA,31.1
2017,PT,KZZHA,,M25T28,,KZZHA,20.7
2017,PT,KZZHA,,M29T34,,KZZHA,9.0
2017,PT,KZZHA,,Y35T44,,KZZHA,20.1
2017,PT,KZZHA,,Y45T54,,KZZHA,12.0
2017,PT,KZZHA,,Y55T64,,KZZHA,17.6
2017,PT,KZKAR,,Y16T24,,KZKAR,26.0
2017,PT,KZKAR,,M25T28,,KZKAR,36.9
2017,PT,KZKAR,,M29T34,,KZKAR,20.2
2017,PT,KZKAR,,Y35T44,,KZKAR,35.4
2017,PT,KZKAR,,Y45T54,,KZKAR,39.3
2017,PT,KZKAR,,Y55T64,,KZKAR,32.7
2017,PT,KZKAR,,Y_GE65,,KZKAR,26.9
2017,PT,KZKUS,,Y16T24,,KZKUS,40.1
2017,PT,KZKUS,,M25T28,,KZKUS,30.8
2017,PT,KZKUS,,M29T34,,KZKUS,29.9
2017,PT,KZKUS,,Y35T44,,KZKUS,49.6
2017,PT,KZKUS,,Y45T54,,KZKUS,44.0
2017,PT,KZKUS,,Y55T64,,KZKUS,25.1
2017,PT,KZKUS,,Y_GE65,,KZKUS,14.1
2017,PT,KZKZY,,Y16T24,,KZKZY,100.0
2017,PT,KZKZY,,M25T28,,KZKZY,43.3
2017,PT,KZKZY,,M29T34,,KZKZY,29.0
2017,PT,KZKZY,,Y35T44,,KZKZY,34.0
2017,PT,KZKZY,,Y45T54,,KZKZY,33.5
2017,PT,KZKZY,,Y55T64,,KZKZY,16.6
2017,PT,KZMAN,,Y16T24,,KZMAN,18.8
2017,PT,KZMAN,,M25T28,,KZMAN,53.1
2017,PT,KZMAN,,M29T34,,KZMAN,44.9
2017,PT,KZMAN,,Y35T44,,KZMAN,46.5
2017,PT,KZMAN,,Y45T54,,KZMAN,38.0
2017,PT,KZMAN,,Y55T64,,KZMAN,29.3
2017,PT,KZMAN,,Y_GE65,,KZMAN,0.0
2017,PT,KZONT,,Y16T24,,KZONT,12.4
2017,PT,KZONT,,M25T28,,KZONT,14.9
2017,PT,KZONT,,M29T34,,KZONT,21.1
2017,PT,KZONT,,Y35T44,,KZONT,29.9
2017,PT,KZONT,,Y45T54,,KZONT,40.2
2017,PT,KZONT,,Y55T64,,KZONT,11.3
2017,PT,KZPAV,,Y16T24,,KZPAV,60.4
2017,PT,KZPAV,,M25T28,,KZPAV,54.5
2017,PT,KZPAV,,M29T34,,KZPAV,49.9
2017,PT,KZPAV,,Y35T44,,KZPAV,41.8
2017,PT,KZPAV,,Y45T54,,KZPAV,39.1
2017,PT,KZPAV,,Y55T64,,KZPAV,36.0
2017,PT,KZPAV,,Y_GE65,,KZPAV,0.0
2017,PT,KZSEV,,Y16T24,,KZSEV,7.9
2017,PT,KZSEV,,M25T28,,KZSEV,24.7
2017,PT,KZSEV,,M29T34,,KZSEV,32.3
2017,PT,KZSEV,,Y35T44,,KZSEV,37.9
2017,PT,KZSEV,,Y45T54,,KZSEV,37.3
2017,PT,KZSEV,,Y55T64,,KZSEV,27.4
2017,PT,KZSEV,,Y_GE65,,KZSEV,14.4
2017,PT,KZVOS,,Y16T24,,KZVOS,67.7
2017,PT,KZVOS,,M25T28,,KZVOS,54.5
2017,PT,KZVOS,,M29T34,,KZVOS,35.2
2017,PT,KZVOS,,Y35T44,,KZVOS,46.5
2017,PT,KZVOS,,Y45T54,,KZVOS,39.0
2017,PT,KZVOS,,Y55T64,,KZVOS,30.4
2017,PT,KZVOS,,Y_GE65,,KZVOS,12.5
2017,PT,KZNS,,Y16T24,,KZNS,62.5
2017,PT,KZNS,,M25T28,,KZNS,25.4
2017,PT,KZNS,,M29T34,,KZNS,58.1
2017,PT,KZNS,,Y35T44,,KZNS,29.8
2017,PT,KZNS,,Y45T54,,KZNS,42.1
2017,PT,KZNS,,Y55T64,,KZNS,51.1
2017,PT,KZNS,,Y_GE65,,KZNS,66.7
2017,PT,KZALA,,Y16T24,,KZALA,39.2
2017,PT,KZALA,,M25T28,,KZALA,34.3
2017,PT,KZALA,,M29T34,,KZALA,36.5
2017,PT,KZALA,,Y35T44,,KZALA,32.4
2017,PT,KZALA,,Y45T54,,KZALA,39.2
2017,PT,KZALA,,Y55T64,,KZALA,38.4
2017,PT,KZALA,,Y_GE65,,KZALA,42.5
2018,PT,,,,,,41.2
2018,PT,KZAKM,,,,KZAKM,45.7
2018,PT,KZAKT,,,,KZAKT,33.7
2018,PT,KZALM,,,,KZALM,39.3
2018,PT,KZATY,,,,KZATY,35.6
2018,PT,KZZAP,,,,KZZAP,36.4
2018,PT,KZZHA,,,,KZZHA,40.7
2018,PT,KZKAR,,,,KZKAR,36.3
2018,PT,KZKUS,,,,KZKUS,42.9
2018,PT,KZKZY,,,,KZKZY,37.2
2018,PT,KZMAN,,,,KZMAN,37.4
2018,PT,KZPAV,,,,KZPAV,40.2
2018,PT,KZSEV,,,,KZSEV,39.3
2018,PT,KZYUZ,,,,KZYUZ,40.3
2018,PT,KZVOS,,,,KZVOS,45.1
2018,PT,KZNS,,,,KZNS,43.3
2018,PT,KZALA,,,,KZALA,43.2
2018,PT,KZSHY,,,,KZSHY,46.7
2018,PT,,U,,,,41.7
2018,PT,KZAKM,U,,,KZAKM,45.8
2018,PT,KZAKT,U,,,KZAKT,34.1
2018,PT,KZALM,U,,,KZALM,38.0
2018,PT,KZATY,U,,,KZATY,33.8
2018,PT,KZZAP,U,,,KZZAP,36.9
2018,PT,KZZHA,U,,,KZZHA,42.6
2018,PT,KZKAR,U,,,KZKAR,37.0
2018,PT,KZKUS,U,,,KZKUS,42.5
2018,PT,KZKZY,U,,,KZKZY,38.2
2018,PT,KZMAN,U,,,KZMAN,36.6
2018,PT,KZPAV,U,,,KZPAV,40.1
2018,PT,KZSEV,U,,,KZSEV,43.1
2018,PT,KZYUZ,U,,,KZYUZ,37.9
2018,PT,KZVOS,U,,,KZVOS,46.7
2018,PT,KZNS,U,,,KZNS,43.3
2018,PT,KZALA,U,,,KZALA,43.2
2018,PT,KZSHY,U,,,KZSHY,46.7
2018,PT,,R,,,,39.5
2018,PT,KZAKM,R,,,KZAKM,45.6
2018,PT,KZAKT,R,,,KZAKT,32.4
2018,PT,KZALM,R,,,KZALM,39.8
2018,PT,KZATY,R,,,KZATY,43.0
2018,PT,KZZAP,R,,,KZZAP,35.6
2018,PT,KZZHA,R,,,KZZHA,36.2
2018,PT,KZKAR,R,,,KZKAR,33.6
2018,PT,KZKUS,R,,,KZKUS,43.7
2018,PT,KZKZY,R,,,KZKZY,34.9
2018,PT,KZMAN,R,,,KZMAN,38.9
2018,PT,KZPAV,R,,,KZPAV,40.7
2018,PT,KZSEV,R,,,KZSEV,34.1
2018,PT,KZYUZ,R,,,KZYUZ,41.0
2018,PT,KZVOS,R,,,KZVOS,41.5
2018,PT,,,Y16T24,,,45.2
2018,PT,,,M25T28,,,42.0
2018,PT,,,M29T34,,,37.2
2018,PT,,,Y35T44,,,41.7
2018,PT,,,Y45T54,,,44.5
2018,PT,,,Y55T64,,,37.8
2018,PT,,,Y_GE65,,,32.7
2018,PT,KZAKM,,Y16T24,,KZAKM,38.3
2018,PT,KZAKM,,M25T28,,KZAKM,44.1
2018,PT,KZAKM,,M29T34,,KZAKM,47.2
2018,PT,KZAKM,,Y35T44,,KZAKM,45.2
2018,PT,KZAKM,,Y45T54,,KZAKM,48.1
2018,PT,KZAKM,,Y55T64,,KZAKM,47.0
2018,PT,KZAKT,,Y16T24,,KZAKT,32.6
2018,PT,KZAKT,,M25T28,,KZAKT,21.4
2018,PT,KZAKT,,M29T34,,KZAKT,23.1
2018,PT,KZAKT,,Y35T44,,KZAKT,32.4
2018,PT,KZAKT,,Y45T54,,KZAKT,46.5
2018,PT,KZAKT,,Y55T64,,KZAKT,46.4
2018,PT,KZAKT,,Y_GE65,,KZAKT,0.0
2018,PT,KZALM,,Y16T24,,KZALM,46.5
2018,PT,KZALM,,M25T28,,KZALM,37.9
2018,PT,KZALM,,M29T34,,KZALM,39.0
2018,PT,KZALM,,Y35T44,,KZALM,41.6
2018,PT,KZALM,,Y45T54,,KZALM,37.9
2018,PT,KZALM,,Y55T64,,KZALM,35.8
2018,PT,KZALM,,Y_GE65,,KZALM,0.0
2018,PT,KZATY,,Y16T24,,KZATY,23.0
2018,PT,KZATY,,M25T28,,KZATY,61.6
2018,PT,KZATY,,M29T34,,KZATY,24.6
2018,PT,KZATY,,Y35T44,,KZATY,35.7
2018,PT,KZATY,,Y45T54,,KZATY,41.4
2018,PT,KZATY,,Y55T64,,KZATY,38.1
2018,PT,KZATY,,Y_GE65,,KZATY,0.0
2018,PT,KZZAP,,Y16T24,,KZZAP,56.1
2018,PT,KZZAP,,M25T28,,KZZAP,36.8
2018,PT,KZZAP,,M29T34,,KZZAP,47.3
2018,PT,KZZAP,,Y35T44,,KZZAP,34.2
2018,PT,KZZAP,,Y45T54,,KZZAP,31.6
2018,PT,KZZAP,,Y55T64,,KZZAP,32.0
2018,PT,KZZHA,,Y16T24,,KZZHA,23.6
2018,PT,KZZHA,,M25T28,,KZZHA,35.5
2018,PT,KZZHA,,M29T34,,KZZHA,39.6
2018,PT,KZZHA,,Y35T44,,KZZHA,46.8
2018,PT,KZZHA,,Y45T54,,KZZHA,47.8
2018,PT,KZZHA,,Y55T64,,KZZHA,23.1
2018,PT,KZKAR,,Y16T24,,KZKAR,36.1
2018,PT,KZKAR,,M25T28,,KZKAR,31.9
2018,PT,KZKAR,,M29T34,,KZKAR,36.1
2018,PT,KZKAR,,Y35T44,,KZKAR,40.1
2018,PT,KZKAR,,Y45T54,,KZKAR,37.6
2018,PT,KZKAR,,Y55T64,,KZKAR,29.1
2018,PT,KZKAR,,Y_GE65,,KZKAR,37.8
2018,PT,KZKUS,,Y16T24,,KZKUS,48.6
2018,PT,KZKUS,,M25T28,,KZKUS,44.5
2018,PT,KZKUS,,M29T34,,KZKUS,35.0
2018,PT,KZKUS,,Y35T44,,KZKUS,45.3
2018,PT,KZKUS,,Y45T54,,KZKUS,47.9
2018,PT,KZKUS,,Y55T64,,KZKUS,37.4
2018,PT,KZKUS,,Y_GE65,,KZKUS,48.6
2018,PT,KZKZY,,Y16T24,,KZKZY,47.8
2018,PT,KZKZY,,M25T28,,KZKZY,33.9
2018,PT,KZKZY,,M29T34,,KZKZY,32.1
2018,PT,KZKZY,,Y35T44,,KZKZY,35.8
2018,PT,KZKZY,,Y45T54,,KZKZY,47.3
2018,PT,KZKZY,,Y55T64,,KZKZY,31.8
2018,PT,KZMAN,,Y16T24,,KZMAN,35.2
2018,PT,KZMAN,,M25T28,,KZMAN,47.8
2018,PT,KZMAN,,M29T34,,KZMAN,30.8
2018,PT,KZMAN,,Y35T44,,KZMAN,39.7
2018,PT,KZMAN,,Y45T54,,KZMAN,40.9
2018,PT,KZMAN,,Y55T64,,KZMAN,27.0
2018,PT,KZPAV,,Y16T24,,KZPAV,63.4
2018,PT,KZPAV,,M25T28,,KZPAV,45.8
2018,PT,KZPAV,,M29T34,,KZPAV,36.1
2018,PT,KZPAV,,Y35T44,,KZPAV,34.1
2018,PT,KZPAV,,Y45T54,,KZPAV,50.2
2018,PT,KZPAV,,Y55T64,,KZPAV,32.8
2018,PT,KZPAV,,Y_GE65,,KZPAV,0.0
2018,PT,KZSEV,,Y16T24,,KZSEV,50.1
2018,PT,KZSEV,,M25T28,,KZSEV,38.7
2018,PT,KZSEV,,M29T34,,KZSEV,29.1
2018,PT,KZSEV,,Y35T44,,KZSEV,49.0
2018,PT,KZSEV,,Y45T54,,KZSEV,42.3
2018,PT,KZSEV,,Y55T64,,KZSEV,32.6
2018,PT,KZSEV,,Y_GE65,,KZSEV,42.6
2018,PT,KZYUZ,,Y16T24,,KZYUZ,46.9
2018,PT,KZYUZ,,M25T28,,KZYUZ,54.7
2018,PT,KZYUZ,,M29T34,,KZYUZ,29.5
2018,PT,KZYUZ,,Y35T44,,KZYUZ,26.1
2018,PT,KZYUZ,,Y45T54,,KZYUZ,64.4
2018,PT,KZYUZ,,Y55T64,,KZYUZ,41.3
2018,PT,KZVOS,,Y16T24,,KZVOS,77.1
2018,PT,KZVOS,,M25T28,,KZVOS,63.3
2018,PT,KZVOS,,M29T34,,KZVOS,44.3
2018,PT,KZVOS,,Y35T44,,KZVOS,28.5
2018,PT,KZVOS,,Y45T54,,KZVOS,48.4
2018,PT,KZVOS,,Y55T64,,KZVOS,42.7
2018,PT,KZVOS,,Y_GE65,,KZVOS,17.6
2018,PT,KZNS,,Y16T24,,KZNS,42.8
2018,PT,KZNS,,M25T28,,KZNS,41.5
2018,PT,KZNS,,M29T34,,KZNS,44.3
2018,PT,KZNS,,Y35T44,,KZNS,44.0
2018,PT,KZNS,,Y45T54,,KZNS,44.6
2018,PT,KZNS,,Y55T64,,KZNS,35.9
2018,PT,KZNS,,Y_GE65,,KZNS,46.3
2018,PT,KZALA,,Y16T24,,KZALA,45.3
2018,PT,KZALA,,M25T28,,KZALA,39.4
2018,PT,KZALA,,M29T34,,KZALA,39.3
2018,PT,KZALA,,Y35T44,,KZALA,43.2
2018,PT,KZALA,,Y45T54,,KZALA,44.6
2018,PT,KZALA,,Y55T64,,KZALA,50.4
2018,PT,KZALA,,Y_GE65,,KZALA,39.1
2018,PT,KZSHY,,Y16T24,,KZSHY,31.4
2018,PT,KZSHY,,M25T28,,KZSHY,38.3
2018,PT,KZSHY,,M29T34,,KZSHY,18.8
2018,PT,KZSHY,,Y35T44,,KZSHY,74.2
2018,PT,KZSHY,,Y45T54,,KZSHY,43.2
2018,PT,KZSHY,,Y55T64,,KZSHY,32.2
2019,PT,,,,,,43.0
2019,PT,KZAKM,,,,KZAKM,43.5
2019,PT,KZAKT,,,,KZAKT,27.3
2019,PT,KZALM,,,,KZALM,43.6
2019,PT,KZATY,,,,KZATY,41.3
2019,PT,KZZAP,,,,KZZAP,38.9
2019,PT,KZZHA,,,,KZZHA,35.2
2019,PT,KZKAR,,,,KZKAR,34.4
2019,PT,KZKUS,,,,KZKUS,40.1
2019,PT,KZKZY,,,,KZKZY,44.4
2019,PT,KZMAN,,,,KZMAN,34.5
2019,PT,KZPAV,,,,KZPAV,45.0
2019,PT,KZSEV,,,,KZSEV,40.8
2019,PT,KZYUZ,,,,KZYUZ,34.7
2019,PT,KZVOS,,,,KZVOS,44.5
2019,PT,KZNS,,,,KZNS,52.1
2019,PT,KZALA,,,,KZALA,48.1
2019,PT,KZSHY,,,,KZSHY,38.3
2019,PT,,U,,,,43.9
2019,PT,KZAKM,U,,,KZAKM,45.6
2019,PT,KZAKT,U,,,KZAKT,22.6
2019,PT,KZALM,U,,,KZALM,41.0
2019,PT,KZATY,U,,,KZATY,36.8
2019,PT,KZZAP,U,,,KZZAP,41.1
2019,PT,KZZHA,U,,,KZZHA,37.3
2019,PT,KZKAR,U,,,KZKAR,34.6
2019,PT,KZKUS,U,,,KZKUS,38.2
2019,PT,KZKZY,U,,,KZKZY,50.0
2019,PT,KZMAN,U,,,KZMAN,33.2
2019,PT,KZPAV,U,,,KZPAV,45.9
2019,PT,KZSEV,U,,,KZSEV,44.9
2019,PT,KZYUZ,U,,,KZYUZ,27.5
2019,PT,KZVOS,U,,,KZVOS,45.0
2019,PT,KZNS,U,,,KZNS,52.1
2019,PT,KZALA,U,,,KZALA,48.1
2019,PT,KZSHY,U,,,KZSHY,38.3
2019,PT,,R,,,,40.0
2019,PT,KZAKM,R,,,KZAKM,40.7
2019,PT,KZAKT,R,,,KZAKT,39.7
2019,PT,KZALM,R,,,KZALM,44.5
2019,PT,KZATY,R,,,KZATY,48.5
2019,PT,KZZAP,R,,,KZZAP,35.4
2019,PT,KZZHA,R,,,KZZHA,26.5
2019,PT,KZKAR,R,,,KZKAR,33.5
2019,PT,KZKUS,R,,,KZKUS,42.4
2019,PT,KZKZY,R,,,KZKZY,33.2
2019,PT,KZMAN,R,,,KZMAN,37.4
2019,PT,KZPAV,R,,,KZPAV,41.7
2019,PT,KZSEV,R,,,KZSEV,35.9
2019,PT,KZYUZ,R,,,KZYUZ,36.6
2019,PT,KZVOS,R,,,KZVOS,43.4
2019,PT,,,Y16T24,,,42.4
2019,PT,,,M25T28,,,47.7
2019,PT,,,M29T34,,,41.2
2019,PT,,,Y35T44,,,41.3
2019,PT,,,Y45T54,,,46.9
2019,PT,,,Y55T64,,,39.8
2019,PT,,,Y_GE65,,,42.5
2019,PT,KZAKM,,Y16T24,,KZAKM,41.6
2019,PT,KZAKM,,M25T28,,KZAKM,43.2
2019,PT,KZAKM,,M29T34,,KZAKM,40.2
2019,PT,KZAKM,,Y35T44,,KZAKM,41.4
2019,PT,KZAKM,,Y45T54,,KZAKM,50.7
2019,PT,KZAKM,,Y55T64,,KZAKM,42.2
2019,PT,KZAKM,,Y_GE65,,KZAKM,37.0
2019,PT,KZAKT,,Y16T24,,KZAKT,11.0
2019,PT,KZAKT,,M25T28,,KZAKT,15.7
2019,PT,KZAKT,,M29T34,,KZAKT,19.4
2019,PT,KZAKT,,Y35T44,,KZAKT,26.7
2019,PT,KZAKT,,Y45T54,,KZAKT,37.1
2019,PT,KZAKT,,Y55T64,,KZAKT,34.1
2019,PT,KZAKT,,Y_GE65,,KZAKT,100.0
2019,PT,KZALM,,Y16T24,,KZALM,41.7
2019,PT,KZALM,,M25T28,,KZALM,38.2
2019,PT,KZALM,,M29T34,,KZALM,38.8
2019,PT,KZALM,,Y35T44,,KZALM,45.4
2019,PT,KZALM,,Y45T54,,KZALM,49.5
2019,PT,KZALM,,Y55T64,,KZALM,43.3
2019,PT,KZALM,,Y_GE65,,KZALM,34.0
2019,PT,KZATY,,Y16T24,,KZATY,4.1
2019,PT,KZATY,,M25T28,,KZATY,55.2
2019,PT,KZATY,,M29T34,,KZATY,38.9
2019,PT,KZATY,,Y35T44,,KZATY,43.5
2019,PT,KZATY,,Y45T54,,KZATY,52.4
2019,PT,KZATY,,Y55T64,,KZATY,18.8
2019,PT,KZZAP,,Y16T24,,KZZAP,41.7
2019,PT,KZZAP,,M25T28,,KZZAP,55.6
2019,PT,KZZAP,,M29T34,,KZZAP,34.1
2019,PT,KZZAP,,Y35T44,,KZZAP,44.7
2019,PT,KZZAP,,Y45T54,,KZZAP,36.5
2019,PT,KZZAP,,Y55T64,,KZZAP,31.8
2019,PT,KZZHA,,Y16T24,,KZZHA,47.2
2019,PT,KZZHA,,M25T28,,KZZHA,31.6
2019,PT,KZZHA,,M29T34,,KZZHA,20.3
2019,PT,KZZHA,,Y35T44,,KZZHA,36.2
2019,PT,KZZHA,,Y45T54,,KZZHA,41.9
2019,PT,KZZHA,,Y55T64,,KZZHA,33.7
2019,PT,KZKAR,,Y16T24,,KZKAR,21.7
2019,PT,KZKAR,,M25T28,,KZKAR,32.2
2019,PT,KZKAR,,M29T34,,KZKAR,22.3
2019,PT,KZKAR,,Y35T44,,KZKAR,40.0
2019,PT,KZKAR,,Y45T54,,KZKAR,41.6
2019,PT,KZKAR,,Y55T64,,KZKAR,34.2
2019,PT,KZKAR,,Y_GE65,,KZKAR,87.7
2019,PT,KZKUS,,Y16T24,,KZKUS,42.2
2019,PT,KZKUS,,M25T28,,KZKUS,42.7
2019,PT,KZKUS,,M29T34,,KZKUS,28.9
2019,PT,KZKUS,,Y35T44,,KZKUS,38.5
2019,PT,KZKUS,,Y45T54,,KZKUS,54.7
2019,PT,KZKUS,,Y55T64,,KZKUS,35.2
2019,PT,KZKUS,,Y_GE65,,KZKUS,47.8
2019,PT,KZKZY,,Y16T24,,KZKZY,11.7
2019,PT,KZKZY,,M25T28,,KZKZY,34.0
2019,PT,KZKZY,,M29T34,,KZKZY,53.1
2019,PT,KZKZY,,Y35T44,,KZKZY,49.9
2019,PT,KZKZY,,Y45T54,,KZKZY,45.1
2019,PT,KZKZY,,Y55T64,,KZKZY,27.0
2019,PT,KZMAN,,Y16T24,,KZMAN,51.8
2019,PT,KZMAN,,M25T28,,KZMAN,32.7
2019,PT,KZMAN,,M29T34,,KZMAN,35.8
2019,PT,KZMAN,,Y35T44,,KZMAN,28.3
2019,PT,KZMAN,,Y45T54,,KZMAN,39.0
2019,PT,KZMAN,,Y55T64,,KZMAN,38.5
2019,PT,KZMAN,,Y_GE65,,KZMAN,7.1
2019,PT,KZPAV,,Y16T24,,KZPAV,24.5
2019,PT,KZPAV,,M25T28,,KZPAV,26.0
2019,PT,KZPAV,,M29T34,,KZPAV,33.8
2019,PT,KZPAV,,Y35T44,,KZPAV,49.3
2019,PT,KZPAV,,Y45T54,,KZPAV,56.3
2019,PT,KZPAV,,Y55T64,,KZPAV,46.6
2019,PT,KZPAV,,Y_GE65,,KZPAV,4.2
2019,PT,KZSEV,,Y16T24,,KZSEV,24.9
2019,PT,KZSEV,,M25T28,,KZSEV,39.4
2019,PT,KZSEV,,M29T34,,KZSEV,44.2
2019,PT,KZSEV,,Y35T44,,KZSEV,40.3
2019,PT,KZSEV,,Y45T54,,KZSEV,46.7
2019,PT,KZSEV,,Y55T64,,KZSEV,32.8
2019,PT,KZSEV,,Y_GE65,,KZSEV,15.8
2019,PT,KZYUZ,,Y16T24,,KZYUZ,38.2
2019,PT,KZYUZ,,M25T28,,KZYUZ,26.9
2019,PT,KZYUZ,,M29T34,,KZYUZ,28.0
2019,PT,KZYUZ,,Y35T44,,KZYUZ,46.6
2019,PT,KZYUZ,,Y45T54,,KZYUZ,36.7
2019,PT,KZYUZ,,Y55T64,,KZYUZ,13.0
2019,PT,KZVOS,,Y16T24,,KZVOS,44.4
2019,PT,KZVOS,,M25T28,,KZVOS,41.5
2019,PT,KZVOS,,M29T34,,KZVOS,49.3
2019,PT,KZVOS,,Y35T44,,KZVOS,35.7
2019,PT,KZVOS,,Y45T54,,KZVOS,50.4
2019,PT,KZVOS,,Y55T64,,KZVOS,49.0
2019,PT,KZNS,,Y16T24,,KZNS,41.3
2019,PT,KZNS,,M25T28,,KZNS,72.1
2019,PT,KZNS,,M29T34,,KZNS,64.5
2019,PT,KZNS,,Y35T44,,KZNS,38.4
2019,PT,KZNS,,Y45T54,,KZNS,43.8
2019,PT,KZNS,,Y55T64,,KZNS,42.6
2019,PT,KZNS,,Y_GE65,,KZNS,49.0
2019,PT,KZALA,,Y16T24,,KZALA,41.3
2019,PT,KZALA,,M25T28,,KZALA,72.1
2019,PT,KZALA,,M29T34,,KZALA,64.5
2019,PT,KZALA,,Y35T44,,KZALA,38.4
2019,PT,KZALA,,Y45T54,,KZALA,43.8
2019,PT,KZALA,,Y55T64,,KZALA,42.6
2019,PT,KZALA,,Y_GE65,,KZALA,49.0
2019,PT,KZSHY,,Y16T24,,KZSHY,30.5
2019,PT,KZSHY,,M25T28,,KZSHY,38.5
2019,PT,KZSHY,,M29T34,,KZSHY,29.7
2019,PT,KZSHY,,Y35T44,,KZSHY,47.3
2019,PT,KZSHY,,Y45T54,,KZSHY,37.5
2019,PT,KZSHY,,Y55T64,,KZSHY,41.2
2020,PT,,,,,,41.1
2020,PT,KZAKM,,,,KZAKM,44.6
2020,PT,KZAKT,,,,KZAKT,33.3
2020,PT,KZALM,,,,KZALM,41.2
2020,PT,KZATY,,,,KZATY,35.8
2020,PT,KZZAP,,,,KZZAP,42.5
2020,PT,KZZHA,,,,KZZHA,43.6
2020,PT,KZKAR,,,,KZKAR,32.2
2020,PT,KZKUS,,,,KZKUS,45.3
2020,PT,KZKZY,,,,KZKZY,40.1
2020,PT,KZMAN,,,,KZMAN,30.5
2020,PT,KZONT,,,,KZONT,43.3
2020,PT,KZPAV,,,,KZPAV,40.6
2020,PT,KZYUZ,,,,KZYUZ,35.5
2020,PT,KZVOS,,,,KZVOS,46.0
2020,PT,KZNS,,,,KZNS,40.9
2020,PT,KZALA,,,,KZALA,46.1
2020,PT,KZSHY,,,,KZSHY,36.3
2020,PT,,,,,,41.5
2020,PT,KZAKM,U,,,KZAKM,47.3
2020,PT,KZAKT,U,,,KZAKT,29.7
2020,PT,KZALM,U,,,KZALM,40.3
2020,PT,KZATY,U,,,KZATY,30.4
2020,PT,KZZAP,U,,,KZZAP,45.0
2020,PT,KZZHA,U,,,KZZHA,44.4
2020,PT,KZKAR,U,,,KZKAR,31.0
2020,PT,KZKUS,U,,,KZKUS,44.8
2020,PT,KZKZY,U,,,KZKZY,44.1
2020,PT,KZMAN,U,,,KZMAN,31.3
2020,PT,KZONT,U,,,KZONT,45.0
2020,PT,KZPAV,U,,,KZPAV,44.8
2020,PT,KZYUZ,U,,,KZYUZ,43.3
2020,PT,KZVOS,U,,,KZVOS,46.7
2020,PT,KZNS,U,,,KZNS,40.9
2020,PT,KZALA,U,,,KZALA,46.1
2020,PT,KZSHY,U,,,KZSHY,36.3
2020,PT,,,,,,40.0
2020,PT,KZAKM,R,,,KZAKM,40.5
2020,PT,KZAKT,R,,,KZAKT,42.9
2020,PT,KZALM,R,,,KZALM,41.5
2020,PT,KZATY,R,,,KZATY,52.6
2020,PT,KZZAP,R,,,KZZAP,38.8
2020,PT,KZZHA,R,,,KZZHA,41.3
2020,PT,KZKAR,R,,,KZKAR,36.7
2020,PT,KZKUS,R,,,KZKUS,46.0
2020,PT,KZKZY,R,,,KZKZY,33.0
2020,PT,KZMAN,R,,,KZMAN,28.9
2020,PT,KZPAV,R,,,KZPAV,36.2
2020,PT,KZONT,R,,,KZONT,36.4
2020,PT,KZYUZ,R,,,KZYUZ,32.5
2020,PT,KZVOS,R,,,KZVOS,45.5
2020,PT,,,,,,41.1
2020,PT,,,Y16T24,,,43.6
2020,PT,,,M25T28,,,41.8
2020,PT,,,M29T34,,,36.4
2020,PT,,,Y35T44,,,41.6
2020,PT,,,Y45T54,,,44.1
2020,PT,,,Y55T64,,,40.8
2020,PT,,,Y_GE65,,,30.4
2020,PT,KZAKM,,,,KZAKM,44.6
2020,PT,KZAKM,,Y16T24,,KZAKM,50.1
2020,PT,KZAKM,,M25T28,,KZAKM,39.7
2020,PT,KZAKM,,M29T34,,KZAKM,41.6
2020,PT,KZAKM,,Y35T44,,KZAKM,43.3
2020,PT,KZAKM,,Y45T54,,KZAKM,48.9
2020,PT,KZAKM,,Y55T64,,KZAKM,48.7
2020,PT,KZAKM,,Y_GE65,,KZAKM,27.7
2020,PT,KZAKT,,,,KZAKT,33.3
2020,PT,KZAKT,,Y16T24,,KZAKT,15.8
2020,PT,KZAKT,,M25T28,,KZAKT,27.7
2020,PT,KZAKT,,M29T34,,KZAKT,36.5
2020,PT,KZAKT,,Y35T44,,KZAKT,38.2
2020,PT,KZAKT,,Y45T54,,KZAKT,31.7
2020,PT,KZAKT,,Y55T64,,KZAKT,27.1
2020,PT,KZAKT,,Y_GE65,,KZAKT,0.0
2020,PT,KZALM,,,,KZALM,41.2
2020,PT,KZALM,,Y16T24,,KZALM,39.3
2020,PT,KZALM,,M25T28,,KZALM,31.2
2020,PT,KZALM,,M29T34,,KZALM,36.7
2020,PT,KZALM,,Y35T44,,KZALM,43.1
2020,PT,KZALM,,Y45T54,,KZALM,43.2
2020,PT,KZALM,,Y55T64,,KZALM,48.0
2020,PT,KZALM,,Y_GE65,,KZALM,46.9
2020,PT,KZATY,,,,KZATY,35.8
2020,PT,KZATY,,Y16T24,,KZATY,73.3
2020,PT,KZATY,,M25T28,,KZATY,55.9
2020,PT,KZATY,,M29T34,,KZATY,26.1
2020,PT,KZATY,,Y35T44,,KZATY,34.2
2020,PT,KZATY,,Y45T54,,KZATY,31.7
2020,PT,KZATY,,Y55T64,,KZATY,35.3
2020,PT,KZZAP,,,,KZZAP,42.5
2020,PT,KZZAP,,Y16T24,,KZZAP,53.2
2020,PT,KZZAP,,M25T28,,KZZAP,57.5
2020,PT,KZZAP,,M29T34,,KZZAP,32.5
2020,PT,KZZAP,,Y35T44,,KZZAP,34.4
2020,PT,KZZAP,,Y45T54,,KZZAP,47.7
2020,PT,KZZAP,,Y55T64,,KZZAP,44.8
2020,PT,KZZHA,,,,KZZHA,43.6
2020,PT,KZZHA,,Y16T24,,KZZHA,37.6
2020,PT,KZZHA,,M25T28,,KZZHA,21.0
2020,PT,KZZHA,,M29T34,,KZZHA,49.1
2020,PT,KZZHA,,Y35T44,,KZZHA,46.3
2020,PT,KZZHA,,Y45T54,,KZZHA,53.5
2020,PT,KZZHA,,Y55T64,,KZZHA,46.9
2020,PT,KZZHA,,Y_GE65,,KZZHA,100.0
2020,PT,KZKAR,,,,KZKAR,32.2
2020,PT,KZKAR,,Y16T24,,KZKAR,40.1
2020,PT,KZKAR,,M25T28,,KZKAR,26.2
2020,PT,KZKAR,,M29T34,,KZKAR,24.6
2020,PT,KZKAR,,Y35T44,,KZKAR,32.7
2020,PT,KZKAR,,Y45T54,,KZKAR,38.9
2020,PT,KZKAR,,Y55T64,,KZKAR,32.7
2020,PT,KZKAR,,Y_GE65,,KZKAR,8.6
2020,PT,KZKUS,,,,KZKUS,45.3
2020,PT,KZKUS,,Y16T24,,KZKUS,52.5
2020,PT,KZKUS,,M25T28,,KZKUS,29.0
2020,PT,KZKUS,,M29T34,,KZKUS,45.9
2020,PT,KZKUS,,Y35T44,,KZKUS,51.7
2020,PT,KZKUS,,Y45T54,,KZKUS,47.1
2020,PT,KZKUS,,Y55T64,,KZKUS,39.3
2020,PT,KZKUS,,Y_GE65,,KZKUS,26.0
2020,PT,KZKZY,,,,KZKZY,40.1
2020,PT,KZKZY,,Y16T24,,KZKZY,69.1
2020,PT,KZKZY,,M25T28,,KZKZY,44.9
2020,PT,KZKZY,,M29T34,,KZKZY,53.6
2020,PT,KZKZY,,Y35T44,,KZKZY,21.8
2020,PT,KZKZY,,Y45T54,,KZKZY,48.2
2020,PT,KZKZY,,Y55T64,,KZKZY,33.1
2020,PT,KZMAN,,,,KZMAN,30.5
2020,PT,KZMAN,,Y16T24,,KZMAN,22.8
2020,PT,KZMAN,,M25T28,,KZMAN,23.7
2020,PT,KZMAN,,M29T34,,KZMAN,31.6
2020,PT,KZMAN,,Y35T44,,KZMAN,26.5
2020,PT,KZMAN,,Y45T54,,KZMAN,40.0
2020,PT,KZMAN,,Y55T64,,KZMAN,30.1
2020,PT,KZPAV,,,,KZPAV,43.3
2020,PT,KZPAV,,Y16T24,,KZPAV,16.1
2020,PT,KZPAV,,M25T28,,KZPAV,41.0
2020,PT,KZPAV,,M29T34,,KZPAV,45.1
2020,PT,KZPAV,,Y35T44,,KZPAV,49.2
2020,PT,KZPAV,,Y45T54,,KZPAV,47.3
2020,PT,KZPAV,,Y55T64,,KZPAV,30.5
2020,PT,KZPAV,,Y_GE65,,KZPAV,3.0
2020,PT,KZONT,,,,KZONT,40.6
2020,PT,KZONT,,Y16T24,,KZONT,62.6
2020,PT,KZONT,,M25T28,,KZONT,34.2
2020,PT,KZONT,,M29T34,,KZONT,36.2
2020,PT,KZONT,,Y35T44,,KZONT,40.9
2020,PT,KZONT,,Y45T54,,KZONT,46.7
2020,PT,KZONT,,Y55T64,,KZONT,36.0
2020,PT,KZONT,,Y_GE65,,KZONT,20.9
2020,PT,KZYUZ,,,,KZYUZ,35.5
2020,PT,KZYUZ,,Y16T24,,KZYUZ,45.6
2020,PT,KZYUZ,,M25T28,,KZYUZ,26.9
2020,PT,KZYUZ,,M29T34,,KZYUZ,36.3
2020,PT,KZYUZ,,Y35T44,,KZYUZ,31.6
2020,PT,KZYUZ,,Y45T54,,KZYUZ,44.8
2020,PT,KZYUZ,,Y55T64,,KZYUZ,20.5
2020,PT,KZVOS,,,,KZVOS,46.0
2020,PT,KZVOS,,Y16T24,,KZVOS,44.1
2020,PT,KZVOS,,M25T28,,KZVOS,40.7
2020,PT,KZVOS,,M29T34,,KZVOS,42.5
2020,PT,KZVOS,,Y35T44,,KZVOS,45.6
2020,PT,KZVOS,,Y45T54,,KZVOS,53.3
2020,PT,KZVOS,,Y55T64,,KZVOS,46.4
2020,PT,KZVOS,,Y_GE65,,KZVOS,36.5
2020,PT,KZNS,,,,KZNS,40.9
2020,PT,KZNS,,Y16T24,,KZNS,39.8
2020,PT,KZNS,,M25T28,,KZNS,58.6
2020,PT,KZNS,,M29T34,,KZNS,27.4
2020,PT,KZNS,,Y35T44,,KZNS,40.9
2020,PT,KZNS,,Y45T54,,KZNS,42.8
2020,PT,KZNS,,Y55T64,,KZNS,33.8
2020,PT,KZNS,,Y_GE65,,KZNS,77.1
2020,PT,KZALA,,,,KZALA,46.1
2020,PT,KZALA,,Y16T24,,KZALA,46.6
2020,PT,KZALA,,M25T28,,KZALA,40.9
2020,PT,KZALA,,M29T34,,KZALA,41.5
2020,PT,KZALA,,Y35T44,,KZALA,47.3
2020,PT,KZALA,,Y45T54,,KZALA,43.3
2020,PT,KZALA,,Y55T64,,KZALA,59.6
2020,PT,KZALA,,Y_GE65,,KZALA,73.6
2020,PT,KZSHY,,,,KZSHY,36.3
2020,PT,KZSHY,,Y16T24,,KZSHY,25.3
2020,PT,KZSHY,,M25T28,,KZSHY,42.9
2020,PT,KZSHY,,M29T34,,KZSHY,30.0
2020,PT,KZSHY,,Y35T44,,KZSHY,40.4
2020,PT,KZSHY,,Y45T54,,KZSHY,47.1
2020,PT,KZSHY,,Y55T64,,KZSHY,26.8
2021,PT,,,,,,39.0
2021,PT,KZAKM,,,,KZAKM,43.0
2021,PT,KZAKT,,,,KZAKT,34.9
2021,PT,KZALM,,,,KZALM,41.2
2021,PT,KZATY,,,,KZATY,32.9
2021,PT,KZZAP,,,,KZZAP,44.7
2021,PT,KZZHA,,,,KZZHA,37.6
2021,PT,KZKAR,,,,KZKAR,33.5
2021,PT,KZKUS,,,,KZKUS,40.9
2021,PT,KZKZY,,,,KZKZY,38.5
2021,PT,KZMAN,,,,KZMAN,31.3
2021,PT,KZONT,,,,KZONT,42.2
2021,PT,KZPAV,,,,KZPAV,45.5
2021,PT,KZYUZ,,,,KZYUZ,33.6
2021,PT,KZVOS,,,,KZVOS,35.3
2021,PT,KZNS,,,,KZNS,39.3
2021,PT,KZALA,,,,KZALA,40.9
2021,PT,KZSHY,,,,KZSHY,34.8
2021,PT,,,,,,39.3
2021,PT,KZAKM,U,,,KZAKM,45.6
2021,PT,KZAKT,U,,,KZAKT,36.4
2021,PT,KZALM,U,,,KZALM,40.7
2021,PT,KZATY,U,,,KZATY,27.9
2021,PT,KZZAP,U,,,KZZAP,49.7
2021,PT,KZZHA,U,,,KZZHA,37.4
2021,PT,KZKAR,U,,,KZKAR,33.5
2021,PT,KZKUS,U,,,KZKUS,37.1
2021,PT,KZKZY,U,,,KZKZY,41.6
2021,PT,KZMAN,U,,,KZMAN,29.1
2021,PT,KZONT,U,,,KZONT,44.2
2021,PT,KZPAV,U,,,KZPAV,52.2
2021,PT,KZYUZ,U,,,KZYUZ,48.6
2021,PT,KZVOS,U,,,KZVOS,34.6
2021,PT,KZNS,U,,,KZNS,39.3
2021,PT,KZALA,U,,,KZALA,40.9
2021,PT,KZSHY,U,,,KZSHY,34.8
2021,PT,,,,,,38.2
2021,PT,KZAKM,R,,,KZAKM,39.5
2021,PT,KZAKT,R,,,KZAKT,30.8
2021,PT,KZALM,R,,,KZALM,41.5
2021,PT,KZATY,R,,,KZATY,51.4
2021,PT,KZZAP,R,,,KZZAP,37.1
2021,PT,KZZHA,R,,,KZZHA,38.8
2021,PT,KZKAR,R,,,KZKAR,33.6
2021,PT,KZKUS,R,,,KZKUS,46.3
2021,PT,KZKZY,R,,,KZKZY,32.9
2021,PT,KZMAN,R,,,KZMAN,34.6
2021,PT,KZPAV,R,,,KZPAV,35.0
2021,PT,KZONT,R,,,KZONT,38.6
2021,PT,KZYUZ,R,,,KZYUZ,28.6
2021,PT,KZVOS,R,,,KZVOS,36.0
2021,PT,,,,,,39.0
2021,PT,,,Y16T24,,,41.6
2021,PT,,,M25T28,,,36.4
2021,PT,,,M29T34,,,34.5
2021,PT,,,Y35T44,,,36.8
2021,PT,,,Y45T54,,,44.4
2021,PT,,,Y55T64,,,43.1
2021,PT,,,Y_GE65,,,24.5
2021,PT,KZAKM,,,,KZAKM,43.0
2021,PT,KZAKM,,Y16T24,,KZAKM,52.7
2021,PT,KZAKM,,M25T28,,KZAKM,38.6
2021,PT,KZAKM,,M29T34,,KZAKM,41.2
2021,PT,KZAKM,,Y35T44,,KZAKM,36.1
2021,PT,KZAKM,,Y45T54,,KZAKM,52.0
2021,PT,KZAKM,,Y55T64,,KZAKM,43.2
2021,PT,KZAKM,,Y_GE65,,KZAKM,38.9
2021,PT,KZAKT,,,,KZAKT,34.9
2021,PT,KZAKT,,Y16T24,,KZAKT,37.9
2021,PT,KZAKT,,M25T28,,KZAKT,32.8
2021,PT,KZAKT,,M29T34,,KZAKT,31.4
2021,PT,KZAKT,,Y35T44,,KZAKT,37.1
2021,PT,KZAKT,,Y45T54,,KZAKT,42.9
2021,PT,KZAKT,,Y55T64,,KZAKT,23.7
2021,PT,KZAKT,,Y_GE65,,KZAKT,0.0
2021,PT,KZALM,,,,KZALM,41.2
2021,PT,KZALM,,Y16T24,,KZALM,42.8
2021,PT,KZALM,,M25T28,,KZALM,44.8
2021,PT,KZALM,,M29T34,,KZALM,35.3
2021,PT,KZALM,,Y35T44,,KZALM,35.4
2021,PT,KZALM,,Y45T54,,KZALM,51.3
2021,PT,KZALM,,Y55T64,,KZALM,37.9
2021,PT,KZALM,,Y_GE65,,KZALM,50.0
2021,PT,KZATY,,,,KZATY,32.9
2021,PT,KZATY,,Y16T24,,KZATY,23.8
2021,PT,KZATY,,M25T28,,KZATY,35.1
2021,PT,KZATY,,M29T34,,KZATY,32.6
2021,PT,KZATY,,Y35T44,,KZATY,32.9
2021,PT,KZATY,,Y45T54,,KZATY,26.2
2021,PT,KZATY,,Y55T64,,KZATY,60.2
2021,PT,KZZAP,,,,KZZAP,44.7
2021,PT,KZZAP,,Y16T24,,KZZAP,35.1
2021,PT,KZZAP,,M25T28,,KZZAP,55.0
2021,PT,KZZAP,,M29T34,,KZZAP,46.5
2021,PT,KZZAP,,Y35T44,,KZZAP,40.8
2021,PT,KZZAP,,Y45T54,,KZZAP,46.5
2021,PT,KZZAP,,Y55T64,,KZZAP,45.5
2021,PT,KZZHA,,,,KZZHA,37.6
2021,PT,KZZHA,,Y16T24,,KZZHA,34.1
2021,PT,KZZHA,,M25T28,,KZZHA,29.7
2021,PT,KZZHA,,M29T34,,KZZHA,27.5
2021,PT,KZZHA,,Y35T44,,KZZHA,35.3
2021,PT,KZZHA,,Y45T54,,KZZHA,43.3
2021,PT,KZZHA,,Y55T64,,KZZHA,63.2
2021,PT,KZZHA,,Y_GE65,,KZZHA,100.0
2021,PT,KZKAR,,,,KZKAR,33.5
2021,PT,KZKAR,,Y16T24,,KZKAR,26.1
2021,PT,KZKAR,,M25T28,,KZKAR,33.8
2021,PT,KZKAR,,M29T34,,KZKAR,22.7
2021,PT,KZKAR,,Y35T44,,KZKAR,34.3
2021,PT,KZKAR,,Y45T54,,KZKAR,40.4
2021,PT,KZKAR,,Y55T64,,KZKAR,34.7
2021,PT,KZKAR,,Y_GE65,,KZKAR,34.6
2021,PT,KZKUS,,,,KZKUS,40.9
2021,PT,KZKUS,,Y16T24,,KZKUS,37.0
2021,PT,KZKUS,,M25T28,,KZKUS,33.1
2021,PT,KZKUS,,M29T34,,KZKUS,43.8
2021,PT,KZKUS,,Y35T44,,KZKUS,32.6
2021,PT,KZKUS,,Y45T54,,KZKUS,48.3
2021,PT,KZKUS,,Y55T64,,KZKUS,46.4
2021,PT,KZKUS,,Y_GE65,,KZKUS,17.3
2021,PT,KZKZY,,,,KZKZY,38.5
2021,PT,KZKZY,,Y16T24,,KZKZY,36.4
2021,PT,KZKZY,,M25T28,,KZKZY,13.1
2021,PT,KZKZY,,M29T34,,KZKZY,41.0
2021,PT,KZKZY,,Y35T44,,KZKZY,36.8
2021,PT,KZKZY,,Y45T54,,KZKZY,41.2
2021,PT,KZKZY,,Y55T64,,KZKZY,52.4
2021,PT,KZMAN,,,,KZMAN,31.3
2021,PT,KZMAN,,Y16T24,,KZMAN,60.4
2021,PT,KZMAN,,M25T28,,KZMAN,40.4
2021,PT,KZMAN,,M29T34,,KZMAN,21.2
2021,PT,KZMAN,,Y35T44,,KZMAN,24.2
2021,PT,KZMAN,,Y45T54,,KZMAN,36.9
2021,PT,KZMAN,,Y55T64,,KZMAN,52.2
2021,PT,KZPAV,,,,KZPAV,42.2
2021,PT,KZPAV,,Y16T24,,KZPAV,30.6
2021,PT,KZPAV,,M25T28,,KZPAV,51.4
2021,PT,KZPAV,,M29T34,,KZPAV,43.6
2021,PT,KZPAV,,Y35T44,,KZPAV,34.5
2021,PT,KZPAV,,Y45T54,,KZPAV,49.5
2021,PT,KZPAV,,Y55T64,,KZPAV,37.8
2021,PT,KZPAV,,Y_GE65,,KZPAV,69.3
2021,PT,KZONT,,,,KZONT,45.5
2021,PT,KZONT,,Y16T24,,KZONT,21.6
2021,PT,KZONT,,M25T28,,KZONT,35.9
2021,PT,KZONT,,M29T34,,KZONT,40.6
2021,PT,KZONT,,Y35T44,,KZONT,52.7
2021,PT,KZONT,,Y45T54,,KZONT,52.0
2021,PT,KZONT,,Y55T64,,KZONT,36.0
2021,PT,KZONT,,Y_GE65,,KZONT,21.6
2021,PT,KZYUZ,,,,KZYUZ,33.6
2021,PT,KZYUZ,,Y16T24,,KZYUZ,5.8
2021,PT,KZYUZ,,M25T28,,KZYUZ,36.2
2021,PT,KZYUZ,,M29T34,,KZYUZ,35.7
2021,PT,KZYUZ,,Y35T44,,KZYUZ,30.3
2021,PT,KZYUZ,,Y45T54,,KZYUZ,36.5
2021,PT,KZYUZ,,Y55T64,,KZYUZ,39.6
2021,PT,KZVOS,,,,KZVOS,35.3
2021,PT,KZVOS,,Y16T24,,KZVOS,52.4
2021,PT,KZVOS,,M25T28,,KZVOS,22.9
2021,PT,KZVOS,,M29T34,,KZVOS,23.0
2021,PT,KZVOS,,Y35T44,,KZVOS,40.3
2021,PT,KZVOS,,Y45T54,,KZVOS,40.6
2021,PT,KZVOS,,Y55T64,,KZVOS,30.4
2021,PT,KZVOS,,Y_GE65,,KZVOS,0.0
2021,PT,KZNS,,,,KZNS,39.3
2021,PT,KZNS,,Y16T24,,KZNS,44.7
2021,PT,KZNS,,M25T28,,KZNS,34.5
2021,PT,KZNS,,M29T34,,KZNS,33.3
2021,PT,KZNS,,Y35T44,,KZNS,39.8
2021,PT,KZNS,,Y45T54,,KZNS,39.6
2021,PT,KZNS,,Y55T64,,KZNS,49.3
2021,PT,KZNS,,Y_GE65,,KZNS,0.0
2021,PT,KZALA,,,,KZALA,40.9
2021,PT,KZALA,,Y16T24,,KZALA,45.3
2021,PT,KZALA,,M25T28,,KZALA,34.9
2021,PT,KZALA,,M29T34,,KZALA,37.2
2021,PT,KZALA,,Y35T44,,KZALA,36.8
2021,PT,KZALA,,Y45T54,,KZALA,47.3
2021,PT,KZALA,,Y55T64,,KZALA,52.7
2021,PT,KZALA,,Y_GE65,,KZALA,35.7
2021,PT,KZSHY,,,,KZSHY,34.8
2021,PT,KZSHY,,Y16T24,,KZSHY,32.2
2021,PT,KZSHY,,M25T28,,KZSHY,44.7
2021,PT,KZSHY,,M29T34,,KZSHY,31.8
2021,PT,KZSHY,,Y35T44,,KZSHY,33.8
2021,PT,KZSHY,,Y45T54,,KZSHY,38.5
2021,PT,KZSHY,,Y55T64,,KZSHY,14.9
2022,PT,,,,,,40.8
2022,PT,KZAKM,,,,KZAKM,39.1
2022,PT,KZAKT,,,,KZAKT,38.6
2022,PT,KZALM,,,,KZALM,47.5
2022,PT,KZATY,,,,KZATY,33.9
2022,PT,KZZAP,,,,KZZAP,35.3
2022,PT,KZZHA,,,,KZZHA,35.8
2022,PT,KZKAR,,,,KZKAR,40.1
2022,PT,KZKUS,,,,KZKUS,45.2
2022,PT,KZKZY,,,,KZKZY,36.7
2022,PT,KZMAN,,,,KZMAN,33.3
2022,PT,KZONT,,,,KZONT,37.9
2022,PT,KZPAV,,,,KZPAV,38.7
2022,PT,KZYUZ,,,,KZYUZ,27.4
2022,PT,KZVOS,,,,KZVOS,30.9
2022,PT,KZNS,,,,KZNS,49.9
2022,PT,KZALA,,,,KZALA,40.8
2022,PT,KZSHY,,,,KZSHY,38.1
2022,PT,,,,,,41.5
2022,PT,KZAKM,U,,,KZAKM,38.1
2022,PT,KZAKT,U,,,KZAKT,37.4
2022,PT,KZALM,U,,,KZALM,53.3
2022,PT,KZATY,U,,,KZATY,31.8
2022,PT,KZZAP,U,,,KZZAP,35.7
2022,PT,KZZHA,U,,,KZZHA,34.2
2022,PT,KZKAR,U,,,KZKAR,40.3
2022,PT,KZKUS,U,,,KZKUS,45.6
2022,PT,KZKZY,U,,,KZKZY,40.1
2022,PT,KZMAN,U,,,KZMAN,31.0
2022,PT,KZONT,U,,,KZONT,39.2
2022,PT,KZPAV,U,,,KZPAV,42.9
2022,PT,KZYUZ,U,,,KZYUZ,31.3
2022,PT,KZVOS,U,,,KZVOS,29.6
2022,PT,KZNS,U,,,KZNS,49.9
2022,PT,KZALA,U,,,KZALA,40.8
2022,PT,KZSHY,U,,,KZSHY,38.1
2022,PT,,,,,,38.5
2022,PT,KZAKM,R,,,KZAKM,41.2
2022,PT,KZAKT,R,,,KZAKT,41.8
2022,PT,KZALM,R,,,KZALM,46.7
2022,PT,KZATY,R,,,KZATY,40.1
2022,PT,KZZAP,R,,,KZZAP,34.5
2022,PT,KZZHA,R,,,KZZHA,44.2
2022,PT,KZKAR,R,,,KZKAR,39.2
2022,PT,KZKUS,R,,,KZKUS,44.7
2022,PT,KZKZY,R,,,KZKZY,30.9
2022,PT,KZMAN,R,,,KZMAN,36.6
2022,PT,KZPAV,R,,,KZPAV,33.0
2022,PT,KZONT,R,,,KZONT,34.0
2022,PT,KZYUZ,R,,,KZYUZ,25.7
2022,PT,KZVOS,R,,,KZVOS,34.1
2022,PT,,,,,,40.8
2022,PT,,,Y16T24,,,40.8
2022,PT,,,M25T28,,,38.3
2022,PT,,,M29T34,,,36.7
2022,PT,,,Y35T44,,,41.0
2022,PT,,,Y45T54,,,44.3
2022,PT,,,Y55T64,,,42.7
2022,PT,,,Y_GE65,,,41.9
2022,PT,KZAKM,,,,KZAKM,39.1
2022,PT,KZAKM,,Y16T24,,KZAKM,46.2
2022,PT,KZAKM,,M25T28,,KZAKM,34.4
2022,PT,KZAKM,,M29T34,,KZAKM,39.1
2022,PT,KZAKM,,Y35T44,,KZAKM,39.4
2022,PT,KZAKM,,Y45T54,,KZAKM,44.6
2022,PT,KZAKM,,Y55T64,,KZAKM,32.6
2022,PT,KZAKM,,Y_GE65,,KZAKM,8.4
2022,PT,KZAKT,,,,KZAKT,38.6
2022,PT,KZAKT,,Y16T24,,KZAKT,49.1
2022,PT,KZAKT,,M25T28,,KZAKT,36.2
2022,PT,KZAKT,,M29T34,,KZAKT,26.7
2022,PT,KZAKT,,Y35T44,,KZAKT,42.0
2022,PT,KZAKT,,Y45T54,,KZAKT,54.4
2022,PT,KZAKT,,Y55T64,,KZAKT,32.3
2022,PT,KZAKT,,Y_GE65,,KZAKT,2.1
2022,PT,KZALM,,,,KZALM,47.5
2022,PT,KZALM,,Y16T24,,KZALM,31.4
2022,PT,KZALM,,M25T28,,KZALM,48.9
2022,PT,KZALM,,M29T34,,KZALM,50.8
2022,PT,KZALM,,Y35T44,,KZALM,43.5
2022,PT,KZALM,,Y45T54,,KZALM,53.9
2022,PT,KZALM,,Y55T64,,KZALM,65.1
2022,PT,KZALM,,Y_GE65,,KZALM,0.0
2022,PT,KZATY,,,,KZATY,33.9
2022,PT,KZATY,,Y16T24,,KZATY,50.3
2022,PT,KZATY,,M25T28,,KZATY,12.1
2022,PT,KZATY,,M29T34,,KZATY,18.7
2022,PT,KZATY,,Y35T44,,KZATY,32.3
2022,PT,KZATY,,Y45T54,,KZATY,40.6
2022,PT,KZATY,,Y55T64,,KZATY,58.0
2022,PT,KZZAP,,,,KZZAP,35.3
2022,PT,KZZAP,,Y16T24,,KZZAP,44.9
2022,PT,KZZAP,,M25T28,,KZZAP,36.1
2022,PT,KZZAP,,M29T34,,KZZAP,33.1
2022,PT,KZZAP,,Y35T44,,KZZAP,32.8
2022,PT,KZZAP,,Y45T54,,KZZAP,36.7
2022,PT,KZZAP,,Y55T64,,KZZAP,35.2
2022,PT,KZZHA,,,,KZZHA,36.0
2022,PT,KZZHA,,Y16T24,,KZZHA,25.9
2022,PT,KZZHA,,M25T28,,KZZHA,15.4
2022,PT,KZZHA,,M29T34,,KZZHA,42.8
2022,PT,KZZHA,,Y35T44,,KZZHA,41.4
2022,PT,KZZHA,,Y45T54,,KZZHA,33.5
2022,PT,KZZHA,,Y55T64,,KZZHA,27.7
2022,PT,KZZHA,,Y_GE65,,KZZHA,0.0
2022,PT,KZKAR,,,,KZKAR,39.5
2022,PT,KZKAR,,Y16T24,,KZKAR,36.1
2022,PT,KZKAR,,M25T28,,KZKAR,40.7
2022,PT,KZKAR,,M29T34,,KZKAR,34.3
2022,PT,KZKAR,,Y35T44,,KZKAR,38.9
2022,PT,KZKAR,,Y45T54,,KZKAR,35.6
2022,PT,KZKAR,,Y55T64,,KZKAR,59.5
2022,PT,KZKAR,,Y_GE65,,KZKAR,11.8
2022,PT,KZKUS,,,,KZKUS,45.0
2022,PT,KZKUS,,Y16T24,,KZKUS,32.9
2022,PT,KZKUS,,M25T28,,KZKUS,49.1
2022,PT,KZKUS,,M29T34,,KZKUS,46.9
2022,PT,KZKUS,,Y35T44,,KZKUS,40.8
2022,PT,KZKUS,,Y45T54,,KZKUS,51.2
2022,PT,KZKUS,,Y55T64,,KZKUS,45.1
2022,PT,KZKUS,,Y_GE65,,KZKUS,0.0
2022,PT,KZKZY,,,,KZKZY,36.7
2022,PT,KZKZY,,Y16T24,,KZKZY,16.1
2022,PT,KZKZY,,M25T28,,KZKZY,44.6
2022,PT,KZKZY,,M29T34,,KZKZY,35.6
2022,PT,KZKZY,,Y35T44,,KZKZY,40.8
2022,PT,KZKZY,,Y45T54,,KZKZY,30.8
2022,PT,KZKZY,,Y55T64,,KZKZY,42.2
2022,PT,KZMAN,,,,KZMAN,33.3
2022,PT,KZMAN,,Y16T24,,KZMAN,41.8
2022,PT,KZMAN,,M25T28,,KZMAN,24.2
2022,PT,KZMAN,,M29T34,,KZMAN,20.3
2022,PT,KZMAN,,Y35T44,,KZMAN,45.5
2022,PT,KZMAN,,Y45T54,,KZMAN,27.5
2022,PT,KZMAN,,Y55T64,,KZMAN,16.6
2022,PT,KZPAV,,,,KZPAV,37.9
2022,PT,KZPAV,,Y16T24,,KZPAV,38.3
2022,PT,KZPAV,,M25T28,,KZPAV,44.2
2022,PT,KZPAV,,M29T34,,KZPAV,35.5
2022,PT,KZPAV,,Y35T44,,KZPAV,45.1
2022,PT,KZPAV,,Y45T54,,KZPAV,36.9
2022,PT,KZPAV,,Y55T64,,KZPAV,28.1
2022,PT,KZPAV,,Y_GE65,,KZPAV,7.8
2022,PT,KZONT,,,,KZONT,38.7
2022,PT,KZONT,,Y16T24,,KZONT,43.1
2022,PT,KZONT,,M25T28,,KZONT,30.7
2022,PT,KZONT,,M29T34,,KZONT,36.3
2022,PT,KZONT,,Y35T44,,KZONT,41.2
2022,PT,KZONT,,Y45T54,,KZONT,40.4
2022,PT,KZONT,,Y55T64,,KZONT,37.3
2022,PT,KZONT,,Y_GE65,,KZONT,29.9
2022,PT,KZYUZ,,,,KZYUZ,27.4
2022,PT,KZYUZ,,Y16T24,,KZYUZ,29.1
2022,PT,KZYUZ,,M25T28,,KZYUZ,15.6
2022,PT,KZYUZ,,M29T34,,KZYUZ,19.0
2022,PT,KZYUZ,,Y35T44,,KZYUZ,34.7
2022,PT,KZYUZ,,Y45T54,,KZYUZ,29.4
2022,PT,KZYUZ,,Y55T64,,KZYUZ,36.5
2022,PT,KZVOS,,,,KZVOS,30.9
2022,PT,KZVOS,,Y16T24,,KZVOS,22.8
2022,PT,KZVOS,,M25T28,,KZVOS,14.2
2022,PT,KZVOS,,M29T34,,KZVOS,19.9
2022,PT,KZVOS,,Y35T44,,KZVOS,41.6
2022,PT,KZVOS,,Y45T54,,KZVOS,36.3
2022,PT,KZVOS,,Y55T64,,KZVOS,30.2
2022,PT,KZVOS,,Y_GE65,,KZVOS,33.9
2022,PT,KZNS,,,,KZNS,49.9
2022,PT,KZNS,,Y16T24,,KZNS,48.0
2022,PT,KZNS,,M25T28,,KZNS,48.8
2022,PT,KZNS,,M29T34,,KZNS,46.3
2022,PT,KZNS,,Y35T44,,KZNS,49.3
2022,PT,KZNS,,Y45T54,,KZNS,53.6
2022,PT,KZNS,,Y55T64,,KZNS,54.0
2022,PT,KZNS,,Y_GE65,,KZNS,0.0
2022,PT,KZALA,,,,KZALA,40.8
2022,PT,KZALA,,Y16T24,,KZALA,47.8
2022,PT,KZALA,,M25T28,,KZALA,40.7
2022,PT,KZALA,,M29T34,,KZALA,35.4
2022,PT,KZALA,,Y35T44,,KZALA,36.6
2022,PT,KZALA,,Y45T54,,KZALA,45.9
2022,PT,KZALA,,Y55T64,,KZALA,48.0
2022,PT,KZALA,,Y_GE65,,KZALA,55.0
2022,PT,KZSHY,,,,KZSHY,38.1
2022,PT,KZSHY,,Y16T24,,KZSHY,38.3
2022,PT,KZSHY,,M25T28,,KZSHY,39.8
2022,PT,KZSHY,,M29T34,,KZSHY,36.7
2022,PT,KZSHY,,Y35T44,,KZSHY,33.4
2022,PT,KZSHY,,Y45T54,,KZSHY,51.9
2022,PT,KZSHY,,Y55T64,,KZSHY,28.7
2023,PT,,,,,,41.2
2023,PT,KZAKM,,,,KZAKM,42.3
2023,PT,KZAKT,,,,KZAKT,32.0
2023,PT,KZALM,,,,KZALM,39.4
2023,PT,KZATY,,,,KZATY,26.0
2023,PT,KZZAP,,,,KZZAP,41.3
2023,PT,KZZHA,,,,KZZHA,47.7
2023,PT,KZKAR,,,,KZKAR,39.1
2023,PT,KZKUS,,,,KZKUS,42.9
2023,PT,KZKZY,,,,KZKZY,43.3
2023,PT,KZMAN,,,,KZMAN,26.0
2023,PT,KZONT,,,,KZONT,39.8
2023,PT,KZPAV,,,,KZPAV,39.8
2023,PT,KZYUZ,,,,KZYUZ,35.0
2023,PT,KZVOS,,,,KZVOS,39.3
2023,PT,KZNS,,,,KZNS,46.7
2023,PT,KZALA,,,,KZALA,42.7
2023,PT,KZSHY,,,,KZSHY,35.0
2023,PT,,,,,,41.5
2023,PT,KZAKM,U,,,KZAKM,40.5
2023,PT,KZAKT,U,,,KZAKT,27.7
2023,PT,KZALM,U,,,KZALM,43.8
2023,PT,KZATY,U,,,KZATY,24.5
2023,PT,KZZAP,U,,,KZZAP,43.9
2023,PT,KZZHA,U,,,KZZHA,48.3
2023,PT,KZKAR,U,,,KZKAR,39.7
2023,PT,KZKUS,U,,,KZKUS,42.0
2023,PT,KZKZY,U,,,KZKZY,47.5
2023,PT,KZMAN,U,,,KZMAN,20.4
2023,PT,KZONT,U,,,KZONT,40.3
2023,PT,KZPAV,U,,,KZPAV,40.3
2023,PT,KZYUZ,U,,,KZYUZ,40.6
2023,PT,KZVOS,U,,,KZVOS,36.0
2023,PT,KZNS,U,,,KZNS,46.7
2023,PT,KZALA,U,,,KZALA,42.7
2023,PT,KZSHY,U,,,KZSHY,35.0
2023,PT,,,,,,40.1
2023,PT,KZAKM,R,,,KZAKM,45.8
2023,PT,KZAKT,R,,,KZAKT,40.2
2023,PT,KZALM,R,,,KZALM,38.8
2023,PT,KZATY,R,,,KZATY,29.8
2023,PT,KZZAP,R,,,KZZAP,37.5
2023,PT,KZZHA,R,,,KZZHA,46.2
2023,PT,KZKAR,R,,,KZKAR,35.5
2023,PT,KZKUS,R,,,KZKUS,44.5
2023,PT,KZKZY,R,,,KZKZY,36.7
2023,PT,KZMAN,R,,,KZMAN,37.0
2023,PT,KZPAV,R,,,KZPAV,37.7
2023,PT,KZONT,R,,,KZONT,39.3
2023,PT,KZYUZ,R,,,KZYUZ,32.2
2023,PT,KZVOS,R,,,KZVOS,47.8
2023,PT,,,,,,41.2
2023,PT,,,Y16T24,,,39.6
2023,PT,,,M25T28,,,37.1
2023,PT,,,M29T34,,,37.7
2023,PT,,,Y35T44,,,39.7
2023,PT,,,Y45T54,,,46.8
2023,PT,,,Y55T64,,,43.6
2023,PT,,,Y_GE65,,,55.0
2023,PT,KZAKM,,,,KZAKM,42.3
2023,PT,KZAKM,,Y16T24,,KZAKM,42.1
2023,PT,KZAKM,,M25T28,,KZAKM,46.5
2023,PT,KZAKM,,M29T34,,KZAKM,35.2
2023,PT,KZAKM,,Y35T44,,KZAKM,41.0
2023,PT,KZAKM,,Y45T54,,KZAKM,49.4
2023,PT,KZAKM,,Y55T64,,KZAKM,41.3
2023,PT,KZAKM,,Y_GE65,,KZAKM,55.3
2023,PT,KZAKT,,,,KZAKT,32.0
2023,PT,KZAKT,,Y16T24,,KZAKT,58.8
2023,PT,KZAKT,,M25T28,,KZAKT,4.3
2023,PT,KZAKT,,M29T34,,KZAKT,30.2
2023,PT,KZAKT,,Y35T44,,KZAKT,38.3
2023,PT,KZAKT,,Y45T54,,KZAKT,31.7
2023,PT,KZAKT,,Y55T64,,KZAKT,38.7
2023,PT,KZAKT,,Y_GE65,,KZAKT,100.0
2023,PT,KZALM,,,,KZALM,39.4
2023,PT,KZALM,,Y16T24,,KZALM,34.0
2023,PT,KZALM,,M25T28,,KZALM,25.2
2023,PT,KZALM,,M29T34,,KZALM,38.0
2023,PT,KZALM,,Y35T44,,KZALM,40.4
2023,PT,KZALM,,Y45T54,,KZALM,47.0
2023,PT,KZALM,,Y55T64,,KZALM,43.8
2023,PT,KZALM,,Y_GE65,,KZALM,0.0
2023,PT,KZATY,,,,KZATY,26.0
2023,PT,KZATY,,Y16T24,,KZATY,7.1
2023,PT,KZATY,,M25T28,,KZATY,50.9
2023,PT,KZATY,,M29T34,,KZATY,30.8
2023,PT,KZATY,,Y35T44,,KZATY,11.0
2023,PT,KZATY,,Y45T54,,KZATY,31.9
2023,PT,KZATY,,Y55T64,,KZATY,45.8
2023,PT,KZZAP,,,,KZZAP,41.3
2023,PT,KZZAP,,Y16T24,,KZZAP,44.0
2023,PT,KZZAP,,M25T28,,KZZAP,52.5
2023,PT,KZZAP,,M29T34,,KZZAP,48.4
2023,PT,KZZAP,,Y35T44,,KZZAP,39.9
2023,PT,KZZAP,,Y45T54,,KZZAP,47.5
2023,PT,KZZAP,,Y55T64,,KZZAP,30.8
2023,PT,KZZHA,,,,KZZHA,47.7
2023,PT,KZZHA,,Y16T24,,KZZHA,23.5
2023,PT,KZZHA,,M25T28,,KZZHA,31.4
2023,PT,KZZHA,,M29T34,,KZZHA,49.2
2023,PT,KZZHA,,Y35T44,,KZZHA,43.3
2023,PT,KZZHA,,Y45T54,,KZZHA,55.1
2023,PT,KZZHA,,Y55T64,,KZZHA,62.8
2023,PT,KZZHA,,Y_GE65,,KZZHA,0.0
2023,PT,KZKAR,,,,KZKAR,39.1
2023,PT,KZKAR,,Y16T24,,KZKAR,43.3
2023,PT,KZKAR,,M25T28,,KZKAR,24.3
2023,PT,KZKAR,,M29T34,,KZKAR,29.0
2023,PT,KZKAR,,Y35T44,,KZKAR,36.1
2023,PT,KZKAR,,Y45T54,,KZKAR,52.0
2023,PT,KZKAR,,Y55T64,,KZKAR,39.4
2023,PT,KZKAR,,Y_GE65,,KZKAR,59.9
2023,PT,KZKUS,,,,KZKUS,42.9
2023,PT,KZKUS,,Y16T24,,KZKUS,39.4
2023,PT,KZKUS,,M25T28,,KZKUS,24.1
2023,PT,KZKUS,,M29T34,,KZKUS,44.6
2023,PT,KZKUS,,Y35T44,,KZKUS,36.5
2023,PT,KZKUS,,Y45T54,,KZKUS,52.1
2023,PT,KZKUS,,Y55T64,,KZKUS,41.3
2023,PT,KZKUS,,Y_GE65,,KZKUS,74.8
2023,PT,KZKZY,,,,KZKZY,43.3
2023,PT,KZKZY,,Y16T24,,KZKZY,40.0
2023,PT,KZKZY,,M25T28,,KZKZY,19.7
2023,PT,KZKZY,,M29T34,,KZKZY,43.0
2023,PT,KZKZY,,Y35T44,,KZKZY,45.1
2023,PT,KZKZY,,Y45T54,,KZKZY,45.2
2023,PT,KZKZY,,Y55T64,,KZKZY,53.7
2023,PT,KZMAN,,,,KZMAN,26.0
2023,PT,KZMAN,,Y16T24,,KZMAN,27.4
2023,PT,KZMAN,,M25T28,,KZMAN,20.7
2023,PT,KZMAN,,M29T34,,KZMAN,23.6
2023,PT,KZMAN,,Y35T44,,KZMAN,28.4
2023,PT,KZMAN,,Y45T54,,KZMAN,35.8
2023,PT,KZMAN,,Y55T64,,KZMAN,18.8
2023,PT,KZPAV,,,,KZPAV,39.8
2023,PT,KZPAV,,Y16T24,,KZPAV,17.6
2023,PT,KZPAV,,M25T28,,KZPAV,76.1
2023,PT,KZPAV,,M29T34,,KZPAV,30.2
2023,PT,KZPAV,,Y35T44,,KZPAV,37.3
2023,PT,KZPAV,,Y45T54,,KZPAV,47.6
2023,PT,KZPAV,,Y55T64,,KZPAV,38.0
2023,PT,KZPAV,,Y_GE65,,KZPAV,83.0
2023,PT,KZONT,,,,KZONT,39.8
2023,PT,KZONT,,Y16T24,,KZONT,18.5
2023,PT,KZONT,,M25T28,,KZONT,24.0
2023,PT,KZONT,,M29T34,,KZONT,34.7
2023,PT,KZONT,,Y35T44,,KZONT,39.9
2023,PT,KZONT,,Y45T54,,KZONT,49.0
2023,PT,KZONT,,Y55T64,,KZONT,37.6
2023,PT,KZONT,,Y_GE65,,KZONT,34.7
2023,PT,KZYUZ,,,,KZYUZ,35.0
2023,PT,KZYUZ,,Y16T24,,KZYUZ,28.6
2023,PT,KZYUZ,,M25T28,,KZYUZ,38.4
2023,PT,KZYUZ,,M29T34,,KZYUZ,28.8
2023,PT,KZYUZ,,Y35T44,,KZYUZ,39.5
2023,PT,KZYUZ,,Y45T54,,KZYUZ,31.9
2023,PT,KZYUZ,,Y55T64,,KZYUZ,45.8
2023,PT,KZVOS,,,,KZVOS,39.3
2023,PT,KZVOS,,Y16T24,,KZVOS,11.5
2023,PT,KZVOS,,M25T28,,KZVOS,26.3
2023,PT,KZVOS,,M29T34,,KZVOS,42.4
2023,PT,KZVOS,,Y35T44,,KZVOS,39.8
2023,PT,KZVOS,,Y45T54,,KZVOS,51.8
2023,PT,KZVOS,,Y55T64,,KZVOS,34.2
2023,PT,KZVOS,,Y_GE65,,KZVOS,41.0
2023,PT,KZNS,,,,KZNS,46.7
2023,PT,KZNS,,Y16T24,,KZNS,39.3
2023,PT,KZNS,,M25T28,,KZNS,44.1
2023,PT,KZNS,,M29T34,,KZNS,45.6
2023,PT,KZNS,,Y35T44,,KZNS,47.9
2023,PT,KZNS,,Y45T54,,KZNS,49.1
2023,PT,KZNS,,Y55T64,,KZNS,49.4
2023,PT,KZNS,,Y_GE65,,KZNS,44.4
2023,PT,KZALA,,,,KZALA,42.7
2023,PT,KZALA,,Y16T24,,KZALA,49.8
2023,PT,KZALA,,M25T28,,KZALA,43.2
2023,PT,KZALA,,M29T34,,KZALA,35.7
2023,PT,KZALA,,Y35T44,,KZALA,38.7
2023,PT,KZALA,,Y45T54,,KZALA,47.2
2023,PT,KZALA,,Y55T64,,KZALA,51.8
2023,PT,KZALA,,Y_GE65,,KZALA,47.1
2023,PT,KZSHY,,,,KZSHY,35.0
2023,PT,KZSHY,,Y16T24,,KZSHY,15.0
2023,PT,KZSHY,,M25T28,,KZSHY,31.9
2023,PT,KZSHY,,M29T34,,KZSHY,32.8
2023,PT,KZSHY,,Y35T44,,KZSHY,40.7
2023,PT,KZSHY,,Y45T54,,KZSHY,30.3
2023,PT,KZSHY,,Y55T64,,KZSHY,43.4
