Year,UNIT_MEASURE,URBANISATION,REF_AREA,Value
2012,PT,,KZAKM,4.95
2012,PT,,KZAKT,1.87
2012,PT,,KZALM,6.19
2012,PT,,KZATY,1.54
2012,PT,,KZZAP,6.38
2012,PT,,KZZHA,1.93
2012,PT,,KZKAR,4.32
2012,PT,,KZKUS,12.09
2012,PT,,KZKZY,0.2
2012,PT,,KZMAN,0.03
2012,PT,,KZONT,0.85
2012,PT,,KZPAV,5.65
2012,PT,,KZSEV,5.54
2012,PT,,KZVOS,4.62
2012,PT,U,,4.14
2012,PT,U,KZAKM,8.47
2012,PT,U,KZAKT,2.86
2012,PT,U,KZALM,5.68
2012,PT,U,KZATY,1.72
2012,PT,U,KZZAP,9.82
2012,PT,U,KZZHA,2.08
2012,PT,U,KZKAR,4.62
2012,PT,U,KZKUS,17.41
2012,PT,U,KZKZY,0.2
2012,PT,U,KZMAN,0.03
2012,PT,U,KZYUZ,0.26
2012,PT,U,KZPAV,7.4
2012,PT,U,KZSEV,11.5
2012,PT,U,KZVOS,6.71
2012,PT,R,,2.59
2012,PT,R,KZAKM,1.49
2012,PT,R,KZAKT,0.0
2012,PT,R,KZALM,6.35
2012,PT,R,KZATY,1.35
2012,PT,R,KZZAP,2.51
2012,PT,R,KZZHA,1.8
2012,PT,R,KZKAR,2.97
2012,PT,R,KZKUS,5.83
2012,PT,R,KZKZY,0.2
2012,PT,R,KZMAN,0.06
2012,PT,R,KZYUZ,1.28
2012,PT,R,KZPAV,1.14
2012,PT,R,KZSEV,0.62
2012,PT,R,KZVOS,1.16
2013,PT,,,3.69
2013,PT,,KZAKM,4.93
2013,PT,,KZAKT,5.94
2013,PT,,KZALM,6.18
2013,PT,,KZATY,1.63
2013,PT,,KZZAP,6.18
2013,PT,,KZZHA,1.63
2013,PT,,KZKAR,4.31
2013,PT,,KZKUS,12.09
2013,PT,,KZKZY,0.2
2013,PT,,KZMAN,0.03
2013,PT,,KZONT,0.87
2013,PT,,KZPAV,5.94
2013,PT,,KZSEV,5.61
2013,PT,,KZVOS,4.75
2013,PT,U,,4.44
2013,PT,U,KZAKM,8.44
2013,PT,U,KZAKT,8.68
2013,PT,U,KZALM,5.52
2013,PT,U,KZATY,1.79
2013,PT,U,KZZAP,10.13
2013,PT,U,KZZHA,1.79
2013,PT,U,KZKAR,4.61
2013,PT,U,KZKUS,17.3
2013,PT,U,KZKZY,0.19
2013,PT,U,KZMAN,0.0
2013,PT,U,KZYUZ,0.23
2013,PT,U,KZPAV,7.76
2013,PT,U,KZSEV,11.52
2013,PT,U,KZVOS,6.94
2013,PT,R,,2.58
2013,PT,R,KZAKM,1.49
2013,PT,R,KZAKT,0.89
2013,PT,R,KZALM,6.39
2013,PT,R,KZATY,1.47
2013,PT,R,KZZAP,1.72
2013,PT,R,KZZHA,1.49
2013,PT,R,KZKAR,2.98
2013,PT,R,KZKUS,5.83
2013,PT,R,KZKZY,0.19
2013,PT,R,KZMAN,0.05
2013,PT,R,KZYUZ,1.33
2013,PT,R,KZPAV,1.15
2013,PT,R,KZSEV,0.64
2013,PT,R,KZVOS,1.09
2014,PT,,,3.43
2014,PT,,KZAKM,4.92
2014,PT,,KZAKT,5.87
2014,PT,,KZALM,6.38
2014,PT,,KZATY,1.61
2014,PT,,KZZAP,6.16
2014,PT,,KZZHA,1.5
2014,PT,,KZKAR,4.14
2014,PT,,KZKUS,12.1
2014,PT,,KZKZY,0.2
2014,PT,,KZMAN,0.01
2014,PT,,KZONT,1.16
2014,PT,,KZPAV,0.23
2014,PT,,KZSEV,5.65
2014,PT,,KZVOS,5.07
2014,PT,U,,3.87
2014,PT,U,KZAKM,8.44
2014,PT,U,KZAKT,8.6
2014,PT,U,KZALM,5.45
2014,PT,U,KZATY,1.78
2014,PT,U,KZZAP,10.06
2014,PT,U,KZZHA,1.12
2014,PT,U,KZKAR,4.4
2014,PT,U,KZKUS,17.2
2014,PT,U,KZKZY,0.19
2014,PT,U,KZMAN,0.0
2014,PT,U,KZYUZ,0.25
2014,PT,U,KZPAV,0.04
2014,PT,U,KZSEV,11.49
2014,PT,U,KZVOS,7.1
2014,PT,R,,2.78
2014,PT,R,KZAKM,1.48
2014,PT,R,KZAKT,0.88
2014,PT,R,KZALM,6.68
2014,PT,R,KZATY,1.43
2014,PT,R,KZZAP,1.73
2014,PT,R,KZZHA,1.78
2014,PT,R,KZKAR,3.01
2014,PT,R,KZKUS,5.88
2014,PT,R,KZKZY,0.19
2014,PT,R,KZMAN,0.02
2014,PT,R,KZYUZ,1.9
2014,PT,R,KZPAV,0.7
2014,PT,R,KZSEV,0.65
2014,PT,R,KZVOS,1.64
2015,PT,,,3.4
2015,PT,,KZAKM,4.9
2015,PT,,KZAKT,5.83
2015,PT,,KZALM,6.52
2015,PT,,KZATY,1.82
2015,PT,,KZZAP,6.15
2015,PT,,KZZHA,1.61
2015,PT,,KZKAR,4.15
2015,PT,,KZKUS,12.1
2015,PT,,KZKZY,0.19
2015,PT,,KZMAN,0.02
2015,PT,,KZONT,0.88
2015,PT,,KZPAV,0.24
2015,PT,,KZSEV,5.93
2015,PT,,KZVOS,5.18
2015,PT,U,,3.8
2015,PT,U,KZAKM,8.43
2015,PT,U,KZAKT,8.51
2015,PT,U,KZALM,5.43
2015,PT,U,KZATY,0.3
2015,PT,U,KZZAP,9.98
2015,PT,U,KZZHA,1.77
2015,PT,U,KZKAR,4.39
2015,PT,U,KZKUS,17.07
2015,PT,U,KZKZY,0.19
2015,PT,U,KZMAN,0.0
2015,PT,U,KZYUZ,0.15
2015,PT,U,KZPAV,0.08
2015,PT,U,KZSEV,11.93
2015,PT,U,KZVOS,7.2
2015,PT,R,,4.75
2015,PT,R,KZAKM,1.48
2015,PT,R,KZAKT,15.68
2015,PT,R,KZALM,1.16
2015,PT,R,KZATY,0.92
2015,PT,R,KZZAP,11.41
2015,PT,R,KZZHA,1.06
2015,PT,R,KZKAR,18.8
2015,PT,R,KZKUS,21.15
2015,PT,R,KZKZY,0.15
2015,PT,R,KZMAN,0.0
2015,PT,R,KZYUZ,0.22
2015,PT,R,KZPAV,0.69
2015,PT,R,KZSEV,0.17
2015,PT,R,KZVOS,11.83
2016,PT,,,3.04
2016,PT,,KZAKM,4.92
2016,PT,,KZAKT,5.8
2016,PT,,KZALM,5.48
2016,PT,,KZATY,1.78
2016,PT,,KZZAP,6.17
2016,PT,,KZZHA,1.6
2016,PT,,KZKAR,4.16
2016,PT,,KZKUS,12.16
2016,PT,,KZKZY,0.19
2016,PT,,KZMAN,0.01
2016,PT,,KZONT,0.97
2016,PT,,KZPAV,0.05
2016,PT,,KZSEV,0.2
2016,PT,,KZVOS,4.88
2016,PT,U,,3.31
2016,PT,U,KZAKM,8.47
2016,PT,U,KZAKT,8.44
2016,PT,U,KZALM,3.42
2016,PT,U,KZATY,0.93
2016,PT,U,KZZAP,9.9
2016,PT,U,KZZHA,1.37
2016,PT,U,KZKAR,4.26
2016,PT,U,KZKUS,17.02
2016,PT,U,KZKZY,0.19
2016,PT,U,KZMAN,0.0
2016,PT,U,KZYUZ,0.24
2016,PT,U,KZPAV,0.69
2016,PT,U,KZSEV,0.19
2016,PT,U,KZVOS,6.92
2016,PT,R,,2.62
2016,PT,R,KZAKM,1.48
2016,PT,R,KZAKT,0.87
2016,PT,R,KZALM,6.17
2016,PT,R,KZATY,2.61
2016,PT,R,KZZAP,1.83
2016,PT,R,KZZHA,1.77
2016,PT,R,KZKAR,3.7
2016,PT,R,KZKUS,6.02
2016,PT,R,KZKZY,0.19
2016,PT,R,KZMAN,0.01
2016,PT,R,KZYUZ,1.62
2016,PT,R,KZPAV,0.16
2016,PT,R,KZSEV,0.21
2016,PT,R,KZVOS,1.3
2017,PT,,,2.63
2017,PT,,KZAKM,3.29
2017,PT,,KZAKT,5.77
2017,PT,,KZALM,1.87
2017,PT,,KZATY,1.78
2017,PT,,KZZAP,5.31
2017,PT,,KZZHA,1.53
2017,PT,,KZKAR,4.08
2017,PT,,KZKUS,12.25
2017,PT,,KZKZY,0.19
2017,PT,,KZMAN,0.02
2017,PT,,KZONT,1.03
2017,PT,,KZPAV,0.16
2017,PT,,KZSEV,2.66
2017,PT,,KZVOS,4.88
2017,PT,U,,2.91
2017,PT,U,KZAKM,0.01
2017,PT,U,KZAKT,7.96
2017,PT,U,KZALM,0.04
2017,PT,U,KZATY,0.88
2017,PT,U,KZZAP,8.19
2017,PT,U,KZZHA,0.46
2017,PT,U,KZKAR,4.28
2017,PT,U,KZKUS,17.02
2017,PT,U,KZKZY,0.18
2017,PT,U,KZMAN,0.0
2017,PT,U,KZYUZ,0.7
2017,PT,U,KZPAV,0.0
2017,PT,U,KZSEV,5.05
2017,PT,U,KZVOS,6.98
2017,PT,R,,2.16
2017,PT,R,KZAKM,6.46
2017,PT,R,KZAKT,0.97
2017,PT,R,KZALM,2.46
2017,PT,R,KZATY,2.74
2017,PT,R,KZZAP,1.89
2017,PT,R,KZZHA,2.32
2017,PT,R,KZKAR,3.14
2017,PT,R,KZKUS,6.12
2017,PT,R,KZKZY,0.19
2017,PT,R,KZMAN,0.02
2017,PT,R,KZYUZ,1.33
2017,PT,R,KZPAV,0.61
2017,PT,R,KZSEV,0.42
2017,PT,R,KZVOS,1.12
2018,PT,,,2.61
2018,PT,,KZAKM,2.88
2018,PT,,KZAKT,5.74
2018,PT,,KZALM,2.08
2018,PT,,KZATY,1.76
2018,PT,,KZZAP,6.19
2018,PT,,KZZHA,1.32
2018,PT,,KZKAR,4.12
2018,PT,,KZKUS,12.04
2018,PT,,KZKZY,0.19
2018,PT,,KZMAN,0.01
2018,PT,,KZPAV,0.23
2018,PT,,KZSEV,2.77
2018,PT,,KZYUZ,1.44
2018,PT,,KZVOS,4.93
2018,PT,U,,3.05
2018,PT,U,KZAKM,5.4
2018,PT,U,KZAKT,7.52
2018,PT,U,KZALM,0.18
2018,PT,U,KZATY,0.84
2018,PT,U,KZZAP,9.7
2018,PT,U,KZZHA,0.07
2018,PT,U,KZKAR,4.31
2018,PT,U,KZKUS,16.57
2018,PT,U,KZKZY,0.18
2018,PT,U,KZMAN,0.0
2018,PT,U,KZYUZ,0.87
2018,PT,U,KZPAV,0.0
2018,PT,U,KZSEV,5.4
2018,PT,U,KZVOS,6.89
2018,PT,R,,1.89
2018,PT,R,KZAKM,0.46
2018,PT,R,KZAKT,1.09
2018,PT,R,KZALM,2.67
2018,PT,R,KZATY,2.87
2018,PT,R,KZZAP,1.93
2018,PT,R,KZZHA,2.23
2018,PT,R,KZKAR,3.22
2018,PT,R,KZKUS,6.09
2018,PT,R,KZKZY,0.18
2018,PT,R,KZMAN,0.02
2018,PT,R,KZYUZ,7.75
2018,PT,R,KZPAV,0.61
2018,PT,R,KZSEV,0.1
2018,PT,R,KZVOS,1.33
2019,PT,,,1.99
2019,PT,,KZAKM,2.91
2019,PT,,KZAKT,5.65
2019,PT,,KZALM,2.08
2019,PT,,KZATY,2.36
2019,PT,,KZZAP,6.2
2019,PT,,KZZHA,1.53
2019,PT,,KZKAR,4.15
2019,PT,,KZKUS,12.11
2019,PT,,KZKZY,0.19
2019,PT,,KZMAN,0.01
2019,PT,,KZPAV,0.24
2019,PT,,KZSEV,2.8
2019,PT,,KZYUZ,1.43
2019,PT,,KZVOS,4.98
