Year,UNIT_MEASURE,REF_AREA,GeoCode,Value
2010,PT,,,79.7
2010,PT,KZAKM,KZAKM,82.1
2010,PT,KZAKT,KZAKT,94.1
2010,PT,KZALM,KZALM,41.5
2010,PT,KZATY,KZATY,1.5
2010,PT,KZZAP,KZZAP,99.0
2010,PT,KZZHA,KZZHA,18.3
2010,PT,KZKAR,KZKAR,68.4
2010,PT,KZKUS,KZKUS,56.5
2010,PT,KZKZY,KZKZY,68.9
2010,PT,KZMAN,KZMAN,81.7
2010,PT,KZPAV,KZPAV,84.3
2010,PT,KZSEV,KZSEV,46.3
2010,PT,KZVOS,KZVOS,97.7
2010,PT,KZNS,KZNS,100.0
2010,PT,KZALA,KZALA,95.2
2011,PT,,,79.4
2011,PT,KZAKM,KZAKM,79.4
2011,PT,KZAKT,KZAKT,94.3
2011,PT,KZALM,KZALM,41.1
2011,PT,KZATY,KZATY,1.6
2011,PT,KZZAP,KZZAP,98.6
2011,PT,KZZHA,KZZHA,17.8
2011,PT,KZKAR,KZKAR,69.0
2011,PT,KZKUS,KZKUS,54.2
2011,PT,KZKZY,KZKZY,77.8
2011,PT,KZMAN,KZMAN,81.7
2011,PT,KZPAV,KZPAV,83.9
2011,PT,KZSEV,KZSEV,53.1
2011,PT,KZVOS,KZVOS,94.1
2011,PT,KZNS,KZNS,100.0
2011,PT,KZALA,KZALA,96.9
2012,PT,,,60.2
2012,PT,KZAKM,KZAKM,72.9
2012,PT,KZAKT,KZAKT,91.5
2012,PT,KZALM,KZALM,40.8
2012,PT,KZATY,KZATY,1.5
2012,PT,KZZAP,KZZAP,98.8
2012,PT,KZZHA,KZZHA,21.3
2012,PT,KZKAR,KZKAR,66.8
2012,PT,KZKUS,KZKUS,48.9
2012,PT,KZKZY,KZKZY,77.8
2012,PT,KZMAN,KZMAN,62.7
2012,PT,KZPAV,KZPAV,84.5
2012,PT,KZSEV,KZSEV,97.9
2012,PT,KZVOS,KZVOS,97.5
2012,PT,KZNS,KZNS,100.0
2012,PT,KZALA,KZALA,97.6
2013,PT,,,81.1
2013,PT,KZAKM,KZAKM,74.2
2013,PT,KZAKT,KZAKT,92.8
2013,PT,KZALM,KZALM,33.7
2013,PT,KZATY,KZATY,1.7
2013,PT,KZZAP,KZZAP,98.7
2013,PT,KZZHA,KZZHA,20.5
2013,PT,KZKAR,KZKAR,67.5
2013,PT,KZKUS,KZKUS,51.2
2013,PT,KZKZY,KZKZY,87.8
2013,PT,KZMAN,KZMAN,75.2
2013,PT,KZPAV,KZPAV,82.1
2013,PT,KZSEV,KZSEV,98.1
2013,PT,KZVOS,KZVOS,97.4
2013,PT,KZNS,KZNS,100.0
2013,PT,KZALA,KZALA,97.4
2014,PT,,,81.1
2014,PT,KZAKM,KZAKM,74.2
2014,PT,KZAKT,KZAKT,92.8
2014,PT,KZALM,KZALM,33.7
2014,PT,KZATY,KZATY,1.7
2014,PT,KZZAP,KZZAP,98.7
2014,PT,KZZHA,KZZHA,20.5
2014,PT,KZKAR,KZKAR,67.5
2014,PT,KZKUS,KZKUS,51.2
2014,PT,KZKZY,KZKZY,87.8
2014,PT,KZMAN,KZMAN,75.2
2014,PT,KZPAV,KZPAV,82.1
2014,PT,KZSEV,KZSEV,98.1
2014,PT,KZVOS,KZVOS,97.4
2014,PT,KZNS,KZNS,100.0
2014,PT,KZALA,KZALA,97.4
2015,PT,,,82.6
2015,PT,KZAKM,KZAKM,79.6
2015,PT,KZAKT,KZAKT,97.8
2015,PT,KZALM,KZALM,84.7
2015,PT,KZATY,KZATY,1.8
2015,PT,KZZAP,KZZAP,98.6
2015,PT,KZZHA,KZZHA,16.6
2015,PT,KZKAR,KZKAR,67.6
2015,PT,KZKUS,KZKUS,51.6
2015,PT,KZKZY,KZKZY,96.1
2015,PT,KZMAN,KZMAN,75.3
2015,PT,KZPAV,KZPAV,87.8
2015,PT,KZSEV,KZSEV,52.4
2015,PT,KZVOS,KZVOS,97.9
2015,PT,KZNS,KZNS,100.0
2015,PT,KZALA,KZALA,98.2
2016,PT,,,83.7
2016,PT,KZAKM,KZAKM,79.5
2016,PT,KZAKT,KZAKT,98.0
2016,PT,KZALM,KZALM,83.2
2016,PT,KZATY,KZATY,35.4
2016,PT,KZZAP,KZZAP,99.3
2016,PT,KZZHA,KZZHA,17.7
2016,PT,KZKAR,KZKAR,69.6
2016,PT,KZKUS,KZKUS,50.5
2016,PT,KZKZY,KZKZY,95.8
2016,PT,KZMAN,KZMAN,74.5
2016,PT,KZPAV,KZPAV,88.4
2016,PT,KZSEV,KZSEV,54.6
2016,PT,KZVOS,KZVOS,97.9
2016,PT,KZNS,KZNS,100.0
2016,PT,KZALA,KZALA,97.3
2017,PT,,,81.3
2017,PT,KZAKM,KZAKM,79.9
2017,PT,KZAKT,KZAKT,97.3
2017,PT,KZALM,KZALM,80.7
2017,PT,KZATY,KZATY,32.3
2017,PT,KZZAP,KZZAP,99.4
2017,PT,KZZHA,KZZHA,18.8
2017,PT,KZKAR,KZKAR,59.6
2017,PT,KZKUS,KZKUS,54.5
2017,PT,KZKZY,KZKZY,95.9
2017,PT,KZMAN,KZMAN,73.8
2017,PT,KZPAV,KZPAV,88.1
2017,PT,KZSEV,KZSEV,52.0
2017,PT,KZVOS,KZVOS,97.8
2017,PT,KZNS,KZNS,100.0
2017,PT,KZALA,KZALA,97.9
2018,PT,,,79.7
2018,PT,KZAKM,KZAKM,77.4
2018,PT,KZAKT,KZAKT,97.2
2018,PT,KZALM,KZALM,62.6
2018,PT,KZATY,KZATY,42.5
2018,PT,KZZAP,KZZAP,99.6
2018,PT,KZZHA,KZZHA,18.3
2018,PT,KZKAR,KZKAR,58.6
2018,PT,KZKUS,KZKUS,39.1
2018,PT,KZKZY,KZKZY,95.4
2018,PT,KZMAN,KZMAN,77.0
2018,PT,KZPAV,KZPAV,87.7
2018,PT,KZSEV,KZSEV,51.7
2018,PT,KZYUZ,KZYUZ,69.2
2018,PT,KZVOS,KZVOS,97.7
2018,PT,KZNS,KZNS,100.0
2018,PT,KZALA,KZALA,98.1
2019,PT,,,72.3
2019,PT,KZAKM,KZAKM,81.3
2019,PT,KZAKT,KZAKT,96.1
2019,PT,KZALM,KZALM,39.7
2019,PT,KZATY,KZATY,41.8
2019,PT,KZZAP,KZZAP,99.6
2019,PT,KZZHA,KZZHA,2.0
2019,PT,KZKAR,KZKAR,55.9
2019,PT,KZKUS,KZKUS,36.0
2019,PT,KZKZY,KZKZY,94.6
2019,PT,KZMAN,KZMAN,18.2
2019,PT,KZPAV,KZPAV,87.6
2019,PT,KZSEV,KZSEV,0.1
2019,PT,KZYUZ,KZYUZ,52.5
2019,PT,KZVOS,KZVOS,80.8
2019,PT,KZNS,KZNS,100.0
2019,PT,KZALA,KZALA,98.1
2019,PT,KZSHY,KZSHY,89.6
2019,PT,KZABY,KZABY,28.7
2019,PT,KZZHS,KZZHS,88.0
2019,PT,KZULU,KZULU,88.9
2020,PT,,,73.4
2020,PT,KZAKM,KZAKM,84.4
2020,PT,KZAKT,KZAKT,96.1
2020,PT,KZALM,KZALM,39.8
2020,PT,KZATY,KZATY,39.0
2020,PT,KZZAP,KZZAP,99.7
2020,PT,KZZHA,KZZHA,2.0
2020,PT,KZKAR,KZKAR,58.4
2020,PT,KZKUS,KZKUS,35.3
2020,PT,KZKZY,KZKZY,95.2
2020,PT,KZMAN,KZMAN,18.7
2020,PT,KZPAV,KZPAV,88.7
2020,PT,KZSEV,KZSEV,0.1
2020,PT,KZYUZ,KZYUZ,51.2
2020,PT,KZVOS,KZVOS,81.3
2020,PT,KZNS,KZNS,100.0
2020,PT,KZALA,KZALA,98.1
2020,PT,KZSHY,KZSHY,88.8
2020,PT,KZABY,KZABY,28.3
2020,PT,KZZHS,KZZHS,92.4
2020,PT,KZULU,KZULU,89.3
2021,PT,,,73.2
2021,PT,KZAKM,KZAKM,82.7
2021,PT,KZAKT,KZAKT,96.6
2021,PT,KZALM,KZALM,7.3
2021,PT,KZATY,KZATY,44.4
2021,PT,KZZAP,KZZAP,99.6
2021,PT,KZZHA,KZZHA,1.8
2021,PT,KZKAR,KZKAR,48.4
2021,PT,KZKUS,KZKUS,34.7
2021,PT,KZKZY,KZKZY,94.8
2021,PT,KZMAN,KZMAN,16.8
2021,PT,KZPAV,KZPAV,88.5
2021,PT,KZSEV,KZSEV,0.1
2021,PT,KZYUZ,KZYUZ,47.3
2021,PT,KZVOS,KZVOS,99.4
2021,PT,KZNS,KZNS,100.0
2021,PT,KZALA,KZALA,98.4
2021,PT,KZSHY,KZSHY,86.6
2021,PT,KZABY,KZABY,28.5
2021,PT,KZZHS,KZZHS,94.6
2021,PT,KZULU,KZULU,92.0
2022,PT,,,75.2
2022,PT,KZAKM,KZAKM,82.4
2022,PT,KZAKT,KZAKT,97.5
2022,PT,KZALM,KZALM,7.8
2022,PT,KZATY,KZATY,90.0
2022,PT,KZZAP,KZZAP,99.5
2022,PT,KZZHA,KZZHA,1.8
2022,PT,KZKAR,KZKAR,49.5
2022,PT,KZKUS,KZKUS,46.6
2022,PT,KZKZY,KZKZY,93.8
2022,PT,KZMAN,KZMAN,16.7
2022,PT,KZPAV,KZPAV,88.4
2022,PT,KZSEV,KZSEV,0.1
2022,PT,KZYUZ,KZYUZ,48.3
2022,PT,KZVOS,KZVOS,99.5
2022,PT,KZNS,KZNS,100.0
2022,PT,KZALA,KZALA,96.5
2022,PT,KZSHY,KZSHY,86.7
2022,PT,KZABY,KZABY,26.7
2022,PT,KZZHS,KZZHS,92.9
2022,PT,KZULU,KZULU,95.3
