Year,UNIT_MEASURE,ACTIVITY,REF_AREA,GeoCode,Value
2010,PT,_L_ACT_ELWPP,,,0.0
2011,PT,_L_ACT_ILWPP,,,9.1
2011,PT,_L_ACT_ILWPP,KZALM,KZALM,34.5
2011,PT,_L_ACT_ILWPP,KZVOS,KZVOS,74.8
2011,PT,_L_ACT_ILWPP,KZZHA,KZZHA,1.5
2011,PT,_L_ACT_ILWPP,KZSEV,KZSEV,0.6
2011,PT,_L_ACT_ILWPP,KZONT,KZONT,37.0
2011,PT,_L_ACT_ELWPP,,,0.0
2012,PT,_L_ACT_ILWPP,,,8.4
2012,PT,_L_ACT_ILWPP,KZALM,KZALM,33.9
2012,PT,_L_ACT_ILWPP,KZVOS,KZVOS,74.2
2012,PT,_L_ACT_ILWPP,KZZHA,KZZHA,1.2
2012,PT,_L_ACT_ILWPP,KZSEV,KZSEV,0.7
2012,PT,_L_ACT_ILWPP,KZONT,KZONT,29.1
2012,PT,_L_ACT_ILWPP,KZALA,KZALA,0.1
2012,PT,_L_ACT_ELWPP,,,0.0
2013,PT,_L_ACT_ILWPP,,,8.1
2013,PT,_L_ACT_ILWPP,KZALM,KZALM,26.9
2013,PT,_L_ACT_ILWPP,KZVOS,KZVOS,73.5
2013,PT,_L_ACT_ILWPP,KZZHA,KZZHA,1.5
2013,PT,_L_ACT_ILWPP,KZSEV,KZSEV,0.7
2013,PT,_L_ACT_ILWPP,KZONT,KZONT,27.5
2013,PT,_L_ACT_ILWPP,KZALA,KZALA,0.1
2013,PT,_L_ACT_ELWPP,,,0.0
2014,PT,_L_ACT_ILWPP,,,8.7
2014,PT,_L_ACT_ILWPP,KZAKM,KZAKM,0.2
2014,PT,_L_ACT_ILWPP,KZALM,KZALM,55.6
2014,PT,_L_ACT_ILWPP,KZVOS,KZVOS,75.3
2014,PT,_L_ACT_ILWPP,KZZHA,KZZHA,1.6
2014,PT,_L_ACT_ILWPP,KZSEV,KZSEV,0.7
2014,PT,_L_ACT_ILWPP,KZONT,KZONT,29.6
2014,PT,_L_ACT_ILWPP,KZALA,KZALA,5.0
2014,PT,_L_ACT_ELWPP,,,0.62
2015,PT,_L_ACT_ILWPP,,,10.3
2015,PT,_L_ACT_ILWPP,KZAKM,KZAKM,9.7
2015,PT,_L_ACT_ILWPP,KZALM,KZALM,58.7
2015,PT,_L_ACT_ILWPP,KZVOS,KZVOS,75.9
2015,PT,_L_ACT_ILWPP,KZZHA,KZZHA,4.4
2015,PT,_L_ACT_ILWPP,KZKZY,KZKZY,0.1
2015,PT,_L_ACT_ILWPP,KZSEV,KZSEV,0.7
2015,PT,_L_ACT_ILWPP,KZONT,KZONT,51.7
2015,PT,_L_ACT_ILWPP,KZALA,KZALA,5.8
2015,PT,_L_ACT_ELWPP,,,0.77
2016,PT,_L_ACT_ILWPP,,,12.7
2016,PT,_L_ACT_ILWPP,KZAKM,KZAKM,17.3
2016,PT,_L_ACT_ILWPP,KZALM,KZALM,72.2
2016,PT,_L_ACT_ILWPP,KZVOS,KZVOS,79.3
2016,PT,_L_ACT_ILWPP,KZZHA,KZZHA,9.2
2016,PT,_L_ACT_ILWPP,KZKZY,KZKZY,0.1
2016,PT,_L_ACT_ILWPP,KZSEV,KZSEV,0.7
2016,PT,_L_ACT_ILWPP,KZONT,KZONT,35.4
2016,PT,_L_ACT_ILWPP,KZALA,KZALA,6.6
2016,PT,_L_ACT_ELWPP,,,0.98
2017,PT,_L_ACT_ILWPP,,,11.3
2017,PT,_L_ACT_ILWPP,KZAKM,KZAKM,19.3
2017,PT,_L_ACT_ILWPP,KZALM,KZALM,71.1
2017,PT,_L_ACT_ILWPP,KZVOS,KZVOS,75.7
2017,PT,_L_ACT_ILWPP,KZZHA,KZZHA,10.1
2017,PT,_L_ACT_ILWPP,KZKZY,KZKZY,0.1
2017,PT,_L_ACT_ILWPP,KZSEV,KZSEV,0.6
2017,PT,_L_ACT_ILWPP,KZONT,KZONT,62.5
2017,PT,_L_ACT_ILWPP,KZALA,KZALA,6.2
2017,PT,_L_ACT_ELWPP,,,1.3
2018,PT,_L_ACT_ILWPP,,,10.2
2018,PT,_L_ACT_ILWPP,KZAKM,KZAKM,15.7
2018,PT,_L_ACT_ILWPP,KZALM,KZALM,64.9
2018,PT,_L_ACT_ILWPP,KZVOS,KZVOS,74.3
2018,PT,_L_ACT_ILWPP,KZZHA,KZZHA,19.0
2018,PT,_L_ACT_ILWPP,KZKZY,KZKZY,0.1
2018,PT,_L_ACT_ILWPP,KZSEV,KZSEV,0.7
2018,PT,_L_ACT_ILWPP,KZYUZ,KZYUZ,95.8
2018,PT,_L_ACT_ILWPP,KZALA,KZALA,6.0
2018,PT,_L_ACT_ELWPP,,,1.3
2019,PT,_L_ACT_ILWPP,,,10.4
2019,PT,_L_ACT_ILWPP,KZAKM,KZAKM,21.4
2019,PT,_L_ACT_ILWPP,KZALM,KZALM,65.9
2019,PT,_L_ACT_ILWPP,KZATY,KZATY,3.4
2019,PT,_L_ACT_ILWPP,KZVOS,KZVOS,70.6
2019,PT,_L_ACT_ILWPP,KZZHA,KZZHA,17.0
2019,PT,_L_ACT_ILWPP,KZKAR,KZKAR,1.1
2019,PT,_L_ACT_ILWPP,KZKZY,KZKZY,0.2
2019,PT,_L_ACT_ILWPP,KZMAN,KZMAN,0.8
2019,PT,_L_ACT_ILWPP,KZPAV,KZPAV,0.0
2019,PT,_L_ACT_ILWPP,KZSEV,KZSEV,0.6
2019,PT,_L_ACT_ILWPP,KZYUZ,KZYUZ,96.6
2019,PT,_L_ACT_ILWPP,KZNS,KZNS,0.0
2019,PT,_L_ACT_ILWPP,KZALA,KZALA,5.9
2019,PT,_L_ACT_ILWPP,KZSHY,KZSHY,0.6
2019,PT,_L_ACT_ELWPP,,,1.6
2020,PT,_L_ACT_ILWPP,,,11.0
2020,PT,_L_ACT_ILWPP,KZAKM,KZAKM,37.2
2020,PT,_L_ACT_ILWPP,KZAKT,KZAKT,2.7
2020,PT,_L_ACT_ILWPP,KZALM,KZALM,64.8
2020,PT,_L_ACT_ILWPP,KZATY,KZATY,3.0
2020,PT,_L_ACT_ILWPP,KZVOS,KZVOS,69.5
2020,PT,_L_ACT_ILWPP,KZZHA,KZZHA,23.0
2020,PT,_L_ACT_ILWPP,KZKAR,KZKAR,2.1
2020,PT,_L_ACT_ILWPP,KZKZY,KZKZY,7.8
2020,PT,_L_ACT_ILWPP,KZMAN,KZMAN,1.6
2020,PT,_L_ACT_ILWPP,KZPAV,KZPAV,0.0
2020,PT,_L_ACT_ILWPP,KZSEV,KZSEV,0.7
2020,PT,_L_ACT_ILWPP,KZYUZ,KZYUZ,97.5
2020,PT,_L_ACT_ILWPP,KZNS,KZNS,0.0
2020,PT,_L_ACT_ILWPP,KZALA,KZALA,5.1
2020,PT,_L_ACT_ILWPP,KZSHY,KZSHY,0.5
2020,PT,_L_ACT_ELWPP,,,3.0
