Year,UNIT_MEASURE,ACTIVITY,REF_AREA,Value
2010,PT,_L_ACT_ELWPP,,0.0
2011,PT,_L_ACT_ILWPP,,9.1
2011,PT,_L_ACT_ILWPP,KZALM,34.5
2011,PT,_L_ACT_ILWPP,KZVOS,74.8
2011,PT,_L_ACT_ILWPP,KZZHA,1.5
2011,PT,_L_ACT_ILWPP,KZSEV,0.6
2011,PT,_L_ACT_ILWPP,KZONT,37.0
2011,PT,_L_ACT_ELWPP,,0.0
2012,PT,_L_ACT_ILWPP,,8.4
2012,PT,_L_ACT_ILWPP,KZALM,33.9
2012,PT,_L_ACT_ILWPP,KZVOS,74.2
2012,PT,_L_ACT_ILWPP,KZZHA,1.2
2012,PT,_L_ACT_ILWPP,KZSEV,0.7
2012,PT,_L_ACT_ILWPP,KZONT,29.1
2012,PT,_L_ACT_ILWPP,KZALA,0.1
2012,PT,_L_ACT_ELWPP,,0.0
2013,PT,_L_ACT_ILWPP,,8.1
2013,PT,_L_ACT_ILWPP,KZALM,26.9
2013,PT,_L_ACT_ILWPP,KZVOS,73.5
2013,PT,_L_ACT_ILWPP,KZZHA,1.5
2013,PT,_L_ACT_ILWPP,KZSEV,0.7
2013,PT,_L_ACT_ILWPP,KZONT,27.5
2013,PT,_L_ACT_ILWPP,KZALA,0.1
2013,PT,_L_ACT_ELWPP,,0.0
2014,PT,_L_ACT_ILWPP,,8.7
2014,PT,_L_ACT_ILWPP,KZAKM,0.2
2014,PT,_L_ACT_ILWPP,KZALM,55.6
2014,PT,_L_ACT_ILWPP,KZVOS,75.3
2014,PT,_L_ACT_ILWPP,KZZHA,1.6
2014,PT,_L_ACT_ILWPP,KZSEV,0.7
2014,PT,_L_ACT_ILWPP,KZONT,29.6
2014,PT,_L_ACT_ILWPP,KZALA,5.0
2014,PT,_L_ACT_ELWPP,,0.62
2015,PT,_L_ACT_ILWPP,,10.3
2015,PT,_L_ACT_ILWPP,KZAKM,9.7
2015,PT,_L_ACT_ILWPP,KZALM,58.7
2015,PT,_L_ACT_ILWPP,KZVOS,75.9
2015,PT,_L_ACT_ILWPP,KZZHA,4.4
2015,PT,_L_ACT_ILWPP,KZKZY,0.1
2015,PT,_L_ACT_ILWPP,KZSEV,0.7
2015,PT,_L_ACT_ILWPP,KZONT,51.7
2015,PT,_L_ACT_ILWPP,KZALA,5.8
2015,PT,_L_ACT_ELWPP,,0.77
2016,PT,_L_ACT_ILWPP,,12.7
2016,PT,_L_ACT_ILWPP,KZAKM,17.3
2016,PT,_L_ACT_ILWPP,KZALM,72.2
2016,PT,_L_ACT_ILWPP,KZVOS,79.3
2016,PT,_L_ACT_ILWPP,KZZHA,9.2
2016,PT,_L_ACT_ILWPP,KZKZY,0.1
2016,PT,_L_ACT_ILWPP,KZSEV,0.7
2016,PT,_L_ACT_ILWPP,KZONT,35.4
2016,PT,_L_ACT_ILWPP,KZALA,6.6
2016,PT,_L_ACT_ELWPP,,0.98
2017,PT,_L_ACT_ILWPP,,11.3
2017,PT,_L_ACT_ILWPP,KZAKM,19.3
2017,PT,_L_ACT_ILWPP,KZALM,71.1
2017,PT,_L_ACT_ILWPP,KZVOS,75.7
2017,PT,_L_ACT_ILWPP,KZZHA,10.1
2017,PT,_L_ACT_ILWPP,KZKZY,0.1
2017,PT,_L_ACT_ILWPP,KZSEV,0.6
2017,PT,_L_ACT_ILWPP,KZONT,62.5
2017,PT,_L_ACT_ILWPP,KZALA,6.2
2017,PT,_L_ACT_ELWPP,,1.3
2018,PT,_L_ACT_ILWPP,,10.2
2018,PT,_L_ACT_ILWPP,KZAKM,15.7
2018,PT,_L_ACT_ILWPP,KZALM,64.9
2018,PT,_L_ACT_ILWPP,KZVOS,74.3
2018,PT,_L_ACT_ILWPP,KZZHA,19.0
2018,PT,_L_ACT_ILWPP,KZKZY,0.1
2018,PT,_L_ACT_ILWPP,KZSEV,0.7
2018,PT,_L_ACT_ILWPP,KZYUZ,95.8
2018,PT,_L_ACT_ILWPP,KZALA,6.0
2018,PT,_L_ACT_ELWPP,,1.3
2019,PT,_L_ACT_ILWPP,,10.4
2019,PT,_L_ACT_ILWPP,KZAKM,21.4
2019,PT,_L_ACT_ILWPP,KZALM,65.9
2019,PT,_L_ACT_ILWPP,KZATY,3.4
2019,PT,_L_ACT_ILWPP,KZVOS,70.6
2019,PT,_L_ACT_ILWPP,KZZHA,17.0
2019,PT,_L_ACT_ILWPP,KZKAR,1.1
2019,PT,_L_ACT_ILWPP,KZKZY,0.2
2019,PT,_L_ACT_ILWPP,KZMAN,0.8
2019,PT,_L_ACT_ILWPP,KZPAV,0.0
2019,PT,_L_ACT_ILWPP,KZSEV,0.6
2019,PT,_L_ACT_ILWPP,KZYUZ,96.6
2019,PT,_L_ACT_ILWPP,KZNS,0.0
2019,PT,_L_ACT_ILWPP,KZALA,5.9
2019,PT,_L_ACT_ILWPP,KZSHY,0.6
2019,PT,_L_ACT_ELWPP,,1.6
2020,PT,_L_ACT_ILWPP,,11.0
2020,PT,_L_ACT_ILWPP,KZAKM,37.2
2020,PT,_L_ACT_ILWPP,KZAKT,2.7
2020,PT,_L_ACT_ILWPP,KZALM,64.8
2020,PT,_L_ACT_ILWPP,KZATY,3.0
2020,PT,_L_ACT_ILWPP,KZVOS,69.5
2020,PT,_L_ACT_ILWPP,KZZHA,23.0
2020,PT,_L_ACT_ILWPP,KZKAR,2.1
2020,PT,_L_ACT_ILWPP,KZKZY,7.8
2020,PT,_L_ACT_ILWPP,KZMAN,1.6
2020,PT,_L_ACT_ILWPP,KZPAV,0.0
2020,PT,_L_ACT_ILWPP,KZSEV,0.7
2020,PT,_L_ACT_ILWPP,KZYUZ,97.5
2020,PT,_L_ACT_ILWPP,KZNS,0.0
2020,PT,_L_ACT_ILWPP,KZALA,5.1
2020,PT,_L_ACT_ILWPP,KZSHY,0.5
2020,PT,_L_ACT_ELWPP,,3.0
