Year,UNIT_MEASURE,REF_AREA,SEX,URBANISATION,AGE,GeoCode,Value
2013,PT,,,,,,11.8
2013,PT,KZAKM,,,,KZAKM,9.7
2013,PT,KZAKT,,,,KZAKT,13.9
2013,PT,KZALM,,,,KZALM,14.6
2013,PT,KZATY,,,,KZATY,1.7
2013,PT,KZZAP,,,,KZZAP,10.8
2013,PT,KZZHA,,,,KZZHA,20.2
2013,PT,KZKAR,,,,KZKAR,8.0
2013,PT,KZKUS,,,,KZKUS,19.8
2013,PT,KZKZY,,,,KZKZY,12.7
2013,PT,KZMAN,,,,KZMAN,3.5
2013,PT,KZONT,,,,KZONT,14.2
2013,PT,KZPAV,,,,KZPAV,14.6
2013,PT,KZSEV,,,,KZSEV,24.8
2013,PT,KZVOS,,,,KZVOS,12.5
2013,PT,KZNS,,,,KZNS,0.2
2013,PT,KZALA,,,,KZALA,1.2
2013,PT,,M,,,,10.9
2013,PT,KZAKM,M,,,KZAKM,9.1
2013,PT,KZAKT,M,,,KZAKT,15.2
2013,PT,KZALM,M,,,KZALM,14.4
2013,PT,KZATY,M,,,KZATY,1.9
2013,PT,KZZAP,M,,,KZZAP,13.1
2013,PT,KZZHA,M,,,KZZHA,19.8
2013,PT,KZKAR,M,,,KZKAR,6.8
2013,PT,KZKUS,M,,,KZKUS,17.0
2013,PT,KZKZY,M,,,KZKZY,11.3
2013,PT,KZMAN,M,,,KZMAN,2.6
2013,PT,KZONT,M,,,KZONT,12.2
2013,PT,KZPAV,M,,,KZPAV,12.6
2013,PT,KZSEV,M,,,KZSEV,20.2
2013,PT,KZVOS,M,,,KZVOS,11.7
2013,PT,KZNS,M,,,KZNS,0.0
2013,PT,KZALA,M,,,KZALA,1.5
2013,PT,,F,,,,12.7
2013,PT,KZAKM,F,,,KZAKM,10.2
2013,PT,KZAKT,F,,,KZAKT,12.6
2013,PT,KZALM,F,,,KZALM,14.8
2013,PT,KZATY,F,,,KZATY,1.5
2013,PT,KZZAP,F,,,KZZAP,8.4
2013,PT,KZZHA,F,,,KZZHA,20.6
2013,PT,KZKAR,F,,,KZKAR,9.2
2013,PT,KZKUS,F,,,KZKUS,22.4
2013,PT,KZKZY,F,,,KZKZY,14.4
2013,PT,KZMAN,F,,,KZMAN,4.7
2013,PT,KZONT,F,,,KZONT,16.7
2013,PT,KZPAV,F,,,KZPAV,16.6
2013,PT,KZSEV,F,,,KZSEV,29.4
2013,PT,KZVOS,F,,,KZVOS,13.4
2013,PT,KZNS,F,,,KZNS,0.3
2013,PT,KZALA,F,,,KZALA,0.9
2013,PT,,,U,,,5.1
2013,PT,KZAKM,,U,,KZAKM,2.4
2013,PT,KZAKT,,U,,KZAKT,7.1
2013,PT,KZALM,,U,,KZALM,12.1
2013,PT,KZATY,,U,,KZATY,0.2
2013,PT,KZZAP,,U,,KZZAP,2.1
2013,PT,KZZHA,,U,,KZZHA,25.5
2013,PT,KZKAR,,U,,KZKAR,6.0
2013,PT,KZKUS,,U,,KZKUS,6.4
2013,PT,KZKZY,,U,,KZKZY,8.4
2013,PT,KZMAN,,U,,KZMAN,4.0
2013,PT,KZONT,,U,,KZONT,7.1
2013,PT,KZPAV,,U,,KZPAV,3.1
2013,PT,KZSEV,,U,,KZSEV,7.7
2013,PT,KZVOS,,U,,KZVOS,1.7
2013,PT,KZNS,,U,,KZNS,0.2
2013,PT,KZALA,,U,,KZALA,1.2
2013,PT,,,R,,,19.8
2013,PT,KZAKM,,R,,KZAKM,15.9
2013,PT,KZAKT,,R,,KZAKT,25.4
2013,PT,KZALM,,R,,KZALM,15.4
2013,PT,KZATY,,R,,KZATY,3.1
2013,PT,KZZAP,,R,,KZZAP,18.1
2013,PT,KZZHA,,R,,KZZHA,17.2
2013,PT,KZKAR,,R,,KZKAR,15.0
2013,PT,KZKUS,,R,,KZKUS,32.3
2013,PT,KZKZY,,R,,KZKZY,16.2
2013,PT,KZMAN,,R,,KZMAN,2.9
2013,PT,KZONT,,R,,KZONT,18.6
2013,PT,KZPAV,,R,,KZPAV,36.3
2013,PT,KZSEV,,R,,KZSEV,36.0
2013,PT,KZVOS,,R,,KZVOS,27.8
2013,PT,,,,Y15,,97.8
2013,PT,,,,Y16T24,,16.1
2013,PT,,,,M25T28,,10.0
2013,PT,,,,M29T34,,11.1
2013,PT,,,,Y35T44,,9.9
2013,PT,,,,Y45T54,,10.6
2013,PT,,,,Y55T64,,15.2
2013,PT,,,,Y_GE65,,47.5
2013,PT,KZAKM,,,Y16T24,KZAKM,12.9
2013,PT,KZAKM,,,M25T28,KZAKM,5.9
2013,PT,KZAKM,,,M29T34,KZAKM,6.4
2013,PT,KZAKM,,,Y35T44,KZAKM,8.8
2013,PT,KZAKM,,,Y45T54,KZAKM,12.1
2013,PT,KZAKM,,,Y55T64,KZAKM,9.8
2013,PT,KZAKM,,,Y_GE65,KZAKM,25.5
2013,PT,KZAKT,,,Y16T24,KZAKT,20.8
2013,PT,KZAKT,,,M25T28,KZAKT,15.4
2013,PT,KZAKT,,,M29T34,KZAKT,19.8
2013,PT,KZAKT,,,Y35T44,KZAKT,8.4
2013,PT,KZAKT,,,Y45T54,KZAKT,8.5
2013,PT,KZAKT,,,Y55T64,KZAKT,16.5
2013,PT,KZAKT,,,Y_GE65,KZAKT,22.0
2013,PT,KZALM,,,Y16T24,KZALM,19.3
2013,PT,KZALM,,,M25T28,KZALM,10.9
2013,PT,KZALM,,,M29T34,KZALM,13.7
2013,PT,KZALM,,,Y35T44,KZALM,14.1
2013,PT,KZALM,,,Y45T54,KZALM,14.5
2013,PT,KZALM,,,Y55T64,KZALM,14.3
2013,PT,KZALM,,,Y_GE65,KZALM,10.8
2013,PT,KZATY,,,Y16T24,KZATY,2.0
2013,PT,KZATY,,,M25T28,KZATY,0.2
2013,PT,KZATY,,,M29T34,KZATY,1.7
2013,PT,KZATY,,,Y35T44,KZATY,1.4
2013,PT,KZATY,,,Y45T54,KZATY,2.2
2013,PT,KZATY,,,Y55T64,KZATY,2.9
2013,PT,KZZAP,,,Y16T24,KZZAP,12.4
2013,PT,KZZAP,,,M25T28,KZZAP,9.1
2013,PT,KZZAP,,,M29T34,KZZAP,10.3
2013,PT,KZZAP,,,Y35T44,KZZAP,10.5
2013,PT,KZZAP,,,Y45T54,KZZAP,10.4
2013,PT,KZZAP,,,Y55T64,KZZAP,11.0
2013,PT,KZZHA,,,Y15,KZZHA,100.0
2013,PT,KZZHA,,,Y16T24,KZZHA,24.1
2013,PT,KZZHA,,,M25T28,KZZHA,15.7
2013,PT,KZZHA,,,M29T34,KZZHA,18.3
2013,PT,KZZHA,,,Y35T44,KZZHA,16.7
2013,PT,KZZHA,,,Y45T54,KZZHA,21.4
2013,PT,KZZHA,,,Y55T64,KZZHA,27.5
2013,PT,KZZHA,,,Y_GE65,KZZHA,40.0
2013,PT,KZKAR,,,Y16T24,KZKAR,13.1
2013,PT,KZKAR,,,M25T28,KZKAR,8.1
2013,PT,KZKAR,,,M29T34,KZKAR,6.6
2013,PT,KZKAR,,,Y35T44,KZKAR,6.3
2013,PT,KZKAR,,,Y45T54,KZKAR,5.0
2013,PT,KZKAR,,,Y55T64,KZKAR,9.8
2013,PT,KZKAR,,,Y_GE65,KZKAR,55.2
2013,PT,KZKUS,,,Y15,KZKUS,100.0
2013,PT,KZKUS,,,Y16T24,KZKUS,32.5
2013,PT,KZKUS,,,M25T28,KZKUS,21.8
2013,PT,KZKUS,,,M29T34,KZKUS,14.6
2013,PT,KZKUS,,,Y35T44,KZKUS,14.3
2013,PT,KZKUS,,,Y45T54,KZKUS,17.2
2013,PT,KZKUS,,,Y55T64,KZKUS,27.5
2013,PT,KZKUS,,,Y_GE65,KZKUS,36.3
2013,PT,KZKZY,,,Y16T24,KZKZY,24.6
2013,PT,KZKZY,,,M25T28,KZKZY,7.9
2013,PT,KZKZY,,,M29T34,KZKZY,14.4
2013,PT,KZKZY,,,Y35T44,KZKZY,9.6
2013,PT,KZKZY,,,Y45T54,KZKZY,10.8
2013,PT,KZKZY,,,Y55T64,KZKZY,8.6
2013,PT,KZMAN,,,Y16T24,KZMAN,5.1
2013,PT,KZMAN,,,M25T28,KZMAN,3.7
2013,PT,KZMAN,,,M29T34,KZMAN,4.5
2013,PT,KZMAN,,,Y35T44,KZMAN,2.3
2013,PT,KZMAN,,,Y45T54,KZMAN,3.5
2013,PT,KZMAN,,,Y55T64,KZMAN,2.3
2013,PT,KZONT,,,Y15,KZONT,89.8
2013,PT,KZONT,,,Y16T24,KZONT,17.2
2013,PT,KZONT,,,M25T28,KZONT,15.2
2013,PT,KZONT,,,M29T34,KZONT,14.4
2013,PT,KZONT,,,Y35T44,KZONT,13.8
2013,PT,KZONT,,,Y45T54,KZONT,12.5
2013,PT,KZONT,,,Y55T64,KZONT,11.9
2013,PT,KZPAV,,,Y15,KZPAV,100.0
2013,PT,KZPAV,,,Y16T24,KZPAV,23.0
2013,PT,KZPAV,,,M25T28,KZPAV,10.4
2013,PT,KZPAV,,,M29T34,KZPAV,13.0
2013,PT,KZPAV,,,Y35T44,KZPAV,9.9
2013,PT,KZPAV,,,Y45T54,KZPAV,10.0
2013,PT,KZPAV,,,Y55T64,KZPAV,23.9
2013,PT,KZPAV,,,Y_GE65,KZPAV,88.3
2013,PT,KZSEV,,,Y15,KZSEV,100.0
2013,PT,KZSEV,,,Y16T24,KZSEV,32.4
2013,PT,KZSEV,,,M25T28,KZSEV,16.2
2013,PT,KZSEV,,,M29T34,KZSEV,17.4
2013,PT,KZSEV,,,Y35T44,KZSEV,21.7
2013,PT,KZSEV,,,Y45T54,KZSEV,17.0
2013,PT,KZSEV,,,Y55T64,KZSEV,37.3
2013,PT,KZSEV,,,Y_GE65,KZSEV,85.5
2013,PT,KZVOS,,,Y16T24,KZVOS,16.8
2013,PT,KZVOS,,,M25T28,KZVOS,11.6
2013,PT,KZVOS,,,M29T34,KZVOS,13.5
2013,PT,KZVOS,,,Y35T44,KZVOS,12.1
2013,PT,KZVOS,,,Y45T54,KZVOS,11.3
2013,PT,KZVOS,,,Y55T64,KZVOS,12.1
2013,PT,KZVOS,,,Y_GE65,KZVOS,14.6
2013,PT,KZNS,,,Y35T44,KZNS,0.7
2013,PT,KZALA,,,Y16T24,KZALA,2.4
2013,PT,KZALA,,,M25T28,KZALA,1.8
2013,PT,KZALA,,,M29T34,KZALA,1.2
2013,PT,KZALA,,,Y35T44,KZALA,0.6
2013,PT,KZALA,,,Y45T54,KZALA,0.8
2013,PT,KZALA,,,Y55T64,KZALA,1.1
2014,PT,,,,,,8.3
2014,PT,KZAKM,,,,KZAKM,8.3
2014,PT,KZAKT,,,,KZAKT,7.0
2014,PT,KZALM,,,,KZALM,11.5
2014,PT,KZATY,,,,KZATY,1.8
2014,PT,KZZAP,,,,KZZAP,7.4
2014,PT,KZZHA,,,,KZZHA,22.4
2014,PT,KZKAR,,,,KZKAR,6.4
2014,PT,KZKUS,,,,KZKUS,11.0
2014,PT,KZKZY,,,,KZKZY,10.0
2014,PT,KZMAN,,,,KZMAN,2.4
2014,PT,KZONT,,,,KZONT,8.6
2014,PT,KZPAV,,,,KZPAV,6.5
2014,PT,KZSEV,,,,KZSEV,8.1
2014,PT,KZVOS,,,,KZVOS,11.6
2014,PT,KZNS,,,,KZNS,0.3
2014,PT,KZALA,,,,KZALA,1.2
2014,PT,,M,,,,8.0
2014,PT,KZAKM,M,,,KZAKM,6.9
2014,PT,KZAKT,M,,,KZAKT,6.9
2014,PT,KZALM,M,,,KZALM,10.7
2014,PT,KZATY,M,,,KZATY,1.8
2014,PT,KZZAP,M,,,KZZAP,8.4
2014,PT,KZZHA,M,,,KZZHA,20.6
2014,PT,KZKAR,M,,,KZKAR,6.3
2014,PT,KZKUS,M,,,KZKUS,10.1
2014,PT,KZKZY,M,,,KZKZY,10.9
2014,PT,KZMAN,M,,,KZMAN,2.0
2014,PT,KZONT,M,,,KZONT,8.8
2014,PT,KZPAV,M,,,KZPAV,5.7
2014,PT,KZSEV,M,,,KZSEV,7.0
2014,PT,KZVOS,M,,,KZVOS,11.2
2014,PT,KZNS,M,,,KZNS,0.3
2014,PT,KZALA,M,,,KZALA,1.5
2014,PT,,F,,,,8.7
2014,PT,KZAKM,F,,,KZAKM,9.8
2014,PT,KZAKT,F,,,KZAKT,7.0
2014,PT,KZALM,F,,,KZALM,12.5
2014,PT,KZATY,F,,,KZATY,1.9
2014,PT,KZZAP,F,,,KZZAP,6.3
2014,PT,KZZHA,F,,,KZZHA,24.3
2014,PT,KZKAR,F,,,KZKAR,6.4
2014,PT,KZKUS,F,,,KZKUS,11.9
2014,PT,KZKZY,F,,,KZKZY,9.0
2014,PT,KZMAN,F,,,KZMAN,2.9
2014,PT,KZONT,F,,,KZONT,8.4
2014,PT,KZPAV,F,,,KZPAV,7.4
2014,PT,KZSEV,F,,,KZSEV,9.3
2014,PT,KZVOS,F,,,KZVOS,11.9
2014,PT,KZNS,F,,,KZNS,0.2
2014,PT,KZALA,F,,,KZALA,1.0
2014,PT,,,U,,,4.8
2014,PT,KZAKM,,U,,KZAKM,4.0
2014,PT,KZAKT,,U,,KZAKT,3.0
2014,PT,KZALM,,U,,KZALM,8.0
2014,PT,KZATY,,U,,KZATY,0.3
2014,PT,KZZAP,,U,,KZZAP,2.8
2014,PT,KZZHA,,U,,KZZHA,27.8
2014,PT,KZKAR,,U,,KZKAR,3.9
2014,PT,KZKUS,,U,,KZKUS,7.8
2014,PT,KZKZY,,U,,KZKZY,4.9
2014,PT,KZMAN,,U,,KZMAN,2.5
2014,PT,KZONT,,U,,KZONT,8.3
2014,PT,KZPAV,,U,,KZPAV,2.0
2014,PT,KZSEV,,U,,KZSEV,5.7
2014,PT,KZVOS,,U,,KZVOS,2.8
2014,PT,KZNS,,U,,KZNS,0.3
2014,PT,KZALA,,U,,KZALA,1.2
2014,PT,,,R,,,12.7
2014,PT,KZAKM,,R,,KZAKM,12.2
2014,PT,KZAKT,,R,,KZAKT,13.4
2014,PT,KZALM,,R,,KZALM,12.6
2014,PT,KZATY,,R,,KZATY,3.4
2014,PT,KZZAP,,R,,KZZAP,11.3
2014,PT,KZZHA,,R,,KZZHA,18.0
2014,PT,KZKAR,,R,,KZKAR,15.4
2014,PT,KZKUS,,R,,KZKUS,14.3
2014,PT,KZKZY,,R,,KZKZY,13.4
2014,PT,KZMAN,,R,,KZMAN,2.3
2014,PT,KZONT,,R,,KZONT,8.9
2014,PT,KZPAV,,R,,KZPAV,15.6
2014,PT,KZSEV,,R,,KZSEV,9.8
2014,PT,KZVOS,,R,,KZVOS,24.4
2014,PT,,,,Y15,,46.0
2014,PT,,,,Y16T24,,10.2
2014,PT,,,,M25T28,,7.3
2014,PT,,,,M29T34,,7.6
2014,PT,,,,Y35T44,,6.7
2014,PT,,,,Y45T54,,7.7
2014,PT,,,,Y55T64,,11.7
2014,PT,,,,Y_GE65,,42.6
2014,PT,KZAKM,,,Y15,KZAKM,89.4
2014,PT,KZAKM,,,Y16T24,KZAKM,9.5
2014,PT,KZAKM,,,M25T28,KZAKM,7.7
2014,PT,KZAKM,,,M29T34,KZAKM,6.3
2014,PT,KZAKM,,,Y35T44,KZAKM,6.9
2014,PT,KZAKM,,,Y45T54,KZAKM,8.1
2014,PT,KZAKM,,,Y55T64,KZAKM,10.0
2014,PT,KZAKM,,,Y_GE65,KZAKM,48.1
2014,PT,KZAKT,,,Y16T24,KZAKT,9.6
2014,PT,KZAKT,,,M25T28,KZAKT,6.8
2014,PT,KZAKT,,,M29T34,KZAKT,5.5
2014,PT,KZAKT,,,Y35T44,KZAKT,5.8
2014,PT,KZAKT,,,Y45T54,KZAKT,7.3
2014,PT,KZAKT,,,Y55T64,KZAKT,9.6
2014,PT,KZAKT,,,Y_GE65,KZAKT,32.0
2014,PT,KZALM,,,Y15,KZALM,16.7
2014,PT,KZALM,,,Y16T24,KZALM,11.6
2014,PT,KZALM,,,M25T28,KZALM,9.1
2014,PT,KZALM,,,M29T34,KZALM,11.9
2014,PT,KZALM,,,Y35T44,KZALM,10.9
2014,PT,KZALM,,,Y45T54,KZALM,11.2
2014,PT,KZALM,,,Y55T64,KZALM,14.4
2014,PT,KZALM,,,Y_GE65,KZALM,47.4
2014,PT,KZATY,,,Y16T24,KZATY,2.1
2014,PT,KZATY,,,M25T28,KZATY,1.6
2014,PT,KZATY,,,M29T34,KZATY,1.5
2014,PT,KZATY,,,Y35T44,KZATY,1.5
2014,PT,KZATY,,,Y45T54,KZATY,2.7
2014,PT,KZATY,,,Y55T64,KZATY,1.8
2014,PT,KZATY,,,Y_GE65,KZATY,2.8
2014,PT,KZZAP,,,Y16T24,KZZAP,8.1
2014,PT,KZZAP,,,M25T28,KZZAP,5.6
2014,PT,KZZAP,,,M29T34,KZZAP,8.5
2014,PT,KZZAP,,,Y35T44,KZZAP,6.8
2014,PT,KZZAP,,,Y45T54,KZZAP,7.2
2014,PT,KZZAP,,,Y55T64,KZZAP,7.6
2014,PT,KZZAP,,,Y_GE65,KZZAP,17.9
2014,PT,KZZHA,,,Y15,KZZHA,41.6
2014,PT,KZZHA,,,Y16T24,KZZHA,30.5
2014,PT,KZZHA,,,M25T28,KZZHA,22.6
2014,PT,KZZHA,,,M29T34,KZZHA,18.0
2014,PT,KZZHA,,,Y35T44,KZZHA,17.5
2014,PT,KZZHA,,,Y45T54,KZZHA,17.0
2014,PT,KZZHA,,,Y55T64,KZZHA,35.9
2014,PT,KZZHA,,,Y_GE65,KZZHA,69.7
2014,PT,KZKAR,,,Y15,KZKAR,62.9
2014,PT,KZKAR,,,Y16T24,KZKAR,7.8
2014,PT,KZKAR,,,M25T28,KZKAR,4.4
2014,PT,KZKAR,,,M29T34,KZKAR,4.5
2014,PT,KZKAR,,,Y35T44,KZKAR,4.9
2014,PT,KZKAR,,,Y45T54,KZKAR,5.8
2014,PT,KZKAR,,,Y55T64,KZKAR,10.5
2014,PT,KZKAR,,,Y_GE65,KZKAR,42.0
2014,PT,KZKUS,,,Y15,KZKUS,59.0
2014,PT,KZKUS,,,Y16T24,KZKUS,17.5
2014,PT,KZKUS,,,M25T28,KZKUS,11.6
2014,PT,KZKUS,,,M29T34,KZKUS,10.6
2014,PT,KZKUS,,,Y35T44,KZKUS,8.2
2014,PT,KZKUS,,,Y45T54,KZKUS,8.4
2014,PT,KZKUS,,,Y55T64,KZKUS,13.3
2014,PT,KZKUS,,,Y_GE65,KZKUS,26.2
2014,PT,KZKZY,,,Y16T24,KZKZY,15.1
2014,PT,KZKZY,,,M25T28,KZKZY,8.0
2014,PT,KZKZY,,,M29T34,KZKZY,9.7
2014,PT,KZKZY,,,Y35T44,KZKZY,9.5
2014,PT,KZKZY,,,Y45T54,KZKZY,8.6
2014,PT,KZKZY,,,Y55T64,KZKZY,7.4
2014,PT,KZKZY,,,Y_GE65,KZKZY,15.6
2014,PT,KZMAN,,,Y16T24,KZMAN,3.2
2014,PT,KZMAN,,,M25T28,KZMAN,2.0
2014,PT,KZMAN,,,M29T34,KZMAN,2.0
2014,PT,KZMAN,,,Y35T44,KZMAN,2.5
2014,PT,KZMAN,,,Y45T54,KZMAN,2.5
2014,PT,KZMAN,,,Y55T64,KZMAN,2.3
2014,PT,KZONT,,,Y16T24,KZONT,8.6
2014,PT,KZONT,,,M25T28,KZONT,9.1
2014,PT,KZONT,,,M29T34,KZONT,10.9
2014,PT,KZONT,,,Y35T44,KZONT,7.4
2014,PT,KZONT,,,Y45T54,KZONT,8.3
2014,PT,KZONT,,,Y55T64,KZONT,6.7
2014,PT,KZPAV,,,Y15,KZPAV,89.6
2014,PT,KZPAV,,,Y16T24,KZPAV,12.1
2014,PT,KZPAV,,,M25T28,KZPAV,3.6
2014,PT,KZPAV,,,M29T34,KZPAV,5.2
2014,PT,KZPAV,,,Y35T44,KZPAV,3.4
2014,PT,KZPAV,,,Y45T54,KZPAV,5.3
2014,PT,KZPAV,,,Y55T64,KZPAV,12.7
2014,PT,KZPAV,,,Y_GE65,KZPAV,40.8
2014,PT,KZSEV,,,Y15,KZSEV,100.0
2014,PT,KZSEV,,,Y16T24,KZSEV,10.6
2014,PT,KZSEV,,,M25T28,KZSEV,5.5
2014,PT,KZSEV,,,M29T34,KZSEV,4.9
2014,PT,KZSEV,,,Y35T44,KZSEV,5.4
2014,PT,KZSEV,,,Y45T54,KZSEV,5.5
2014,PT,KZSEV,,,Y55T64,KZSEV,13.7
2014,PT,KZSEV,,,Y_GE65,KZSEV,49.9
2014,PT,KZVOS,,,Y15,KZVOS,76.0
2014,PT,KZVOS,,,Y16T24,KZVOS,18.7
2014,PT,KZVOS,,,M25T28,KZVOS,9.6
2014,PT,KZVOS,,,M29T34,KZVOS,10.2
2014,PT,KZVOS,,,Y35T44,KZVOS,9.6
2014,PT,KZVOS,,,Y45T54,KZVOS,12.4
2014,PT,KZVOS,,,Y55T64,KZVOS,13.3
2014,PT,KZVOS,,,Y_GE65,KZVOS,25.0
2014,PT,KZNS,,,M25T28,KZNS,0.3
2014,PT,KZNS,,,M29T34,KZNS,0.2
2014,PT,KZNS,,,Y35T44,KZNS,0.2
2014,PT,KZNS,,,Y45T54,KZNS,0.5
2014,PT,KZALA,,,Y16T24,KZALA,1.0
2014,PT,KZALA,,,M25T28,KZALA,1.1
2014,PT,KZALA,,,M29T34,KZALA,1.1
2014,PT,KZALA,,,Y35T44,KZALA,1.1
2014,PT,KZALA,,,Y45T54,KZALA,1.6
2014,PT,KZALA,,,Y55T64,KZALA,1.8
2014,PT,KZALA,,,Y_GE65,KZALA,5.1
2015,PT,,,,,,3.9
2015,PT,KZAKM,,,,KZAKM,4.5
2015,PT,KZAKT,,,,KZAKT,3.1
2015,PT,KZALM,,,,KZALM,6.0
2015,PT,KZATY,,,,KZATY,1.2
2015,PT,KZZAP,,,,KZZAP,4.2
2015,PT,KZZHA,,,,KZZHA,12.8
2015,PT,KZKAR,,,,KZKAR,2.9
2015,PT,KZKUS,,,,KZKUS,3.5
2015,PT,KZKZY,,,,KZKZY,12.6
2015,PT,KZMAN,,,,KZMAN,2.1
2015,PT,KZONT,,,,KZONT,1.9
2015,PT,KZPAV,,,,KZPAV,1.7
2015,PT,KZSEV,,,,KZSEV,2.3
2015,PT,KZVOS,,,,KZVOS,5.3
2015,PT,KZNS,,,,KZNS,0.6
2015,PT,KZALA,,,,KZALA,1.0
2015,PT,,M,,,,4.4
2015,PT,KZAKM,M,,,KZAKM,3.6
2015,PT,KZAKT,M,,,KZAKT,3.1
2015,PT,KZALM,M,,,KZALM,6.3
2015,PT,KZATY,M,,,KZATY,1.4
2015,PT,KZZAP,M,,,KZZAP,5.1
2015,PT,KZZHA,M,,,KZZHA,13.4
2015,PT,KZKAR,M,,,KZKAR,3.3
2015,PT,KZKUS,M,,,KZKUS,3.2
2015,PT,KZKZY,M,,,KZKZY,15.5
2015,PT,KZMAN,M,,,KZMAN,2.5
2015,PT,KZONT,M,,,KZONT,2.4
2015,PT,KZPAV,M,,,KZPAV,1.8
2015,PT,KZSEV,M,,,KZSEV,2.7
2015,PT,KZVOS,M,,,KZVOS,6.2
2015,PT,KZNS,M,,,KZNS,0.9
2015,PT,KZALA,M,,,KZALA,1.2
2015,PT,,F,,,,3.4
2015,PT,KZAKM,F,,,KZAKM,5.5
2015,PT,KZAKT,F,,,KZAKT,3.2
2015,PT,KZALM,F,,,KZALM,5.6
2015,PT,KZATY,F,,,KZATY,1.0
2015,PT,KZZAP,F,,,KZZAP,3.3
2015,PT,KZZHA,F,,,KZZHA,12.0
2015,PT,KZKAR,F,,,KZKAR,2.4
2015,PT,KZKUS,F,,,KZKUS,3.9
2015,PT,KZKZY,F,,,KZKZY,9.2
2015,PT,KZMAN,F,,,KZMAN,1.6
2015,PT,KZONT,F,,,KZONT,1.2
2015,PT,KZPAV,F,,,KZPAV,1.6
2015,PT,KZSEV,F,,,KZSEV,1.9
2015,PT,KZVOS,F,,,KZVOS,4.3
2015,PT,KZNS,F,,,KZNS,0.4
2015,PT,KZALA,F,,,KZALA,0.8
2015,PT,,,U,,,2.5
2015,PT,KZAKM,,U,,KZAKM,1.6
2015,PT,KZAKT,,U,,KZAKT,2.4
2015,PT,KZALM,,U,,KZALM,4.0
2015,PT,KZATY,,U,,KZATY,0.3
2015,PT,KZZAP,,U,,KZZAP,2.5
2015,PT,KZZHA,,U,,KZZHA,12.1
2015,PT,KZKAR,,U,,KZKAR,2.6
2015,PT,KZKUS,,U,,KZKUS,5.0
2015,PT,KZKZY,,U,,KZKZY,5.0
2015,PT,KZMAN,,U,,KZMAN,3.3
2015,PT,KZONT,,U,,KZONT,1.6
2015,PT,KZPAV,,U,,KZPAV,0.4
2015,PT,KZSEV,,U,,KZSEV,2.6
2015,PT,KZVOS,,U,,KZVOS,2.7
2015,PT,KZNS,,U,,KZNS,0.6
2015,PT,KZALA,,U,,KZALA,1.0
2015,PT,,,R,,,5.6
2015,PT,KZAKM,,R,,KZAKM,6.9
2015,PT,KZAKT,,R,,KZAKT,4.0
2015,PT,KZALM,,R,,KZALM,6.2
2015,PT,KZATY,,R,,KZATY,2.2
2015,PT,KZZAP,,R,,KZZAP,5.5
2015,PT,KZZHA,,R,,KZZHA,12.6
2015,PT,KZKAR,,R,,KZKAR,3.4
2015,PT,KZKUS,,R,,KZKUS,1.8
2015,PT,KZKZY,,R,,KZKZY,17.6
2015,PT,KZMAN,,R,,KZMAN,0.7
2015,PT,KZONT,,R,,KZONT,2.0
2015,PT,KZPAV,,R,,KZPAV,4.3
2015,PT,KZSEV,,R,,KZSEV,2.1
2015,PT,KZVOS,,R,,KZVOS,8.7
2015,PT,,,,Y15,,43.9
2015,PT,,,,Y16T24,,5.0
2015,PT,,,,M25T28,,3.6
2015,PT,,,,M29T34,,3.7
2015,PT,,,,Y35T44,,3.6
2015,PT,,,,Y45T54,,3.9
2015,PT,,,,Y55T64,,3.8
2015,PT,,,,Y_GE65,,6.3
2015,PT,KZAKM,,,Y15,KZAKM,38.6
2015,PT,KZAKM,,,Y16T24,KZAKM,5.6
2015,PT,KZAKM,,,M25T28,KZAKM,3.7
2015,PT,KZAKM,,,M29T34,KZAKM,4.5
2015,PT,KZAKM,,,Y35T44,KZAKM,4.1
2015,PT,KZAKM,,,Y45T54,KZAKM,5.3
2015,PT,KZAKM,,,Y55T64,KZAKM,4.1
2015,PT,KZAKM,,,Y_GE65,KZAKM,2.0
2015,PT,KZAKT,,,Y16T24,KZAKT,4.0
2015,PT,KZAKT,,,M25T28,KZAKT,2.7
2015,PT,KZAKT,,,M29T34,KZAKT,2.7
2015,PT,KZAKT,,,Y35T44,KZAKT,3.5
2015,PT,KZAKT,,,Y45T54,KZAKT,3.2
2015,PT,KZAKT,,,Y55T64,KZAKT,2.3
2015,PT,KZALM,,,Y16T24,KZALM,5.2
2015,PT,KZALM,,,M25T28,KZALM,4.6
2015,PT,KZALM,,,M29T34,KZALM,6.1
2015,PT,KZALM,,,Y35T44,KZALM,5.9
2015,PT,KZALM,,,Y45T54,KZALM,7.2
2015,PT,KZALM,,,Y55T64,KZALM,6.2
2015,PT,KZALM,,,Y_GE65,KZALM,5.2
2015,PT,KZATY,,,Y16T24,KZATY,1.2
2015,PT,KZATY,,,M25T28,KZATY,1.2
2015,PT,KZATY,,,M29T34,KZATY,1.2
2015,PT,KZATY,,,Y35T44,KZATY,0.8
2015,PT,KZATY,,,Y45T54,KZATY,1.6
2015,PT,KZATY,,,Y55T64,KZATY,1.4
2015,PT,KZZAP,,,Y16T24,KZZAP,6.5
2015,PT,KZZAP,,,M25T28,KZZAP,5.5
2015,PT,KZZAP,,,M29T34,KZZAP,4.2
2015,PT,KZZAP,,,Y35T44,KZZAP,2.9
2015,PT,KZZAP,,,Y45T54,KZZAP,3.7
2015,PT,KZZAP,,,Y55T64,KZZAP,4.0
2015,PT,KZZHA,,,Y15,KZZHA,58.7
2015,PT,KZZHA,,,Y16T24,KZZHA,20.2
2015,PT,KZZHA,,,M25T28,KZZHA,12.9
2015,PT,KZZHA,,,M29T34,KZZHA,11.2
2015,PT,KZZHA,,,Y35T44,KZZHA,10.2
2015,PT,KZZHA,,,Y45T54,KZZHA,9.8
2015,PT,KZZHA,,,Y55T64,KZZHA,13.3
2015,PT,KZZHA,,,Y_GE65,KZZHA,49.8
2015,PT,KZKAR,,,Y15,KZKAR,95.0
2015,PT,KZKAR,,,Y16T24,KZKAR,3.0
2015,PT,KZKAR,,,M25T28,KZKAR,1.6
2015,PT,KZKAR,,,M29T34,KZKAR,3.1
2015,PT,KZKAR,,,Y35T44,KZKAR,3.9
2015,PT,KZKAR,,,Y45T54,KZKAR,2.7
2015,PT,KZKAR,,,Y55T64,KZKAR,1.7
2015,PT,KZKAR,,,Y_GE65,KZKAR,0.5
2015,PT,KZKUS,,,Y16T24,KZKUS,3.4
2015,PT,KZKUS,,,M25T28,KZKUS,3.8
2015,PT,KZKUS,,,M29T34,KZKUS,3.9
2015,PT,KZKUS,,,Y35T44,KZKUS,3.9
2015,PT,KZKUS,,,Y45T54,KZKUS,3.2
2015,PT,KZKUS,,,Y55T64,KZKUS,3.0
2015,PT,KZKUS,,,Y_GE65,KZKUS,0.8
2015,PT,KZKZY,,,Y16T24,KZKZY,16.2
2015,PT,KZKZY,,,M25T28,KZKZY,10.8
2015,PT,KZKZY,,,M29T34,KZKZY,10.2
2015,PT,KZKZY,,,Y35T44,KZKZY,12.2
2015,PT,KZKZY,,,Y45T54,KZKZY,13.1
2015,PT,KZKZY,,,Y55T64,KZKZY,13.2
2015,PT,KZMAN,,,Y16T24,KZMAN,2.4
2015,PT,KZMAN,,,M25T28,KZMAN,2.1
2015,PT,KZMAN,,,M29T34,KZMAN,1.3
2015,PT,KZMAN,,,Y35T44,KZMAN,2.1
2015,PT,KZMAN,,,Y45T54,KZMAN,2.8
2015,PT,KZMAN,,,Y55T64,KZMAN,1.4
2015,PT,KZMAN,,,Y_GE65,KZMAN,7.2
2015,PT,KZONT,,,Y16T24,KZONT,2.4
2015,PT,KZONT,,,M25T28,KZONT,2.2
2015,PT,KZONT,,,M29T34,KZONT,2.0
2015,PT,KZONT,,,Y35T44,KZONT,1.7
2015,PT,KZONT,,,Y45T54,KZONT,1.4
2015,PT,KZONT,,,Y55T64,KZONT,1.8
2015,PT,KZPAV,,,Y15,KZPAV,56.3
2015,PT,KZPAV,,,Y16T24,KZPAV,3.9
2015,PT,KZPAV,,,M25T28,KZPAV,0.6
2015,PT,KZPAV,,,M29T34,KZPAV,1.2
2015,PT,KZPAV,,,Y35T44,KZPAV,1.2
2015,PT,KZPAV,,,Y45T54,KZPAV,2.5
2015,PT,KZPAV,,,Y55T64,KZPAV,1.8
2015,PT,KZPAV,,,Y_GE65,KZPAV,0.2
2015,PT,KZSEV,,,Y15,KZSEV,29.5
2015,PT,KZSEV,,,Y16T24,KZSEV,4.6
2015,PT,KZSEV,,,M25T28,KZSEV,3.5
2015,PT,KZSEV,,,M29T34,KZSEV,2.6
2015,PT,KZSEV,,,Y35T44,KZSEV,2.0
2015,PT,KZSEV,,,Y45T54,KZSEV,1.8
2015,PT,KZSEV,,,Y55T64,KZSEV,1.6
2015,PT,KZSEV,,,Y_GE65,KZSEV,0.1
2015,PT,KZVOS,,,Y15,KZVOS,62.5
2015,PT,KZVOS,,,Y16T24,KZVOS,9.2
2015,PT,KZVOS,,,M25T28,KZVOS,5.6
2015,PT,KZVOS,,,M29T34,KZVOS,4.5
2015,PT,KZVOS,,,Y35T44,KZVOS,4.7
2015,PT,KZVOS,,,Y45T54,KZVOS,5.1
2015,PT,KZVOS,,,Y55T64,KZVOS,4.6
2015,PT,KZVOS,,,Y_GE65,KZVOS,8.0
2015,PT,KZNS,,,Y16T24,KZNS,3.5
2015,PT,KZNS,,,M25T28,KZNS,0.5
2015,PT,KZNS,,,M29T34,KZNS,0.2
2015,PT,KZNS,,,Y35T44,KZNS,0.4
2015,PT,KZNS,,,Y45T54,KZNS,0.1
2015,PT,KZNS,,,Y55T64,KZNS,0.5
2015,PT,KZALA,,,Y16T24,KZALA,0.7
2015,PT,KZALA,,,M25T28,KZALA,0.8
2015,PT,KZALA,,,M29T34,KZALA,1.2
2015,PT,KZALA,,,Y35T44,KZALA,1.0
2015,PT,KZALA,,,Y45T54,KZALA,1.2
2015,PT,KZALA,,,Y55T64,KZALA,0.8
2015,PT,KZALA,,,Y_GE65,KZALA,0.9
2016,PT,,,,,,3.5
2016,PT,KZAKM,,,,KZAKM,4.1
2016,PT,KZAKT,,,,KZAKT,5.0
2016,PT,KZALM,,,,KZALM,4.2
2016,PT,KZATY,,,,KZATY,0.4
2016,PT,KZZAP,,,,KZZAP,4.1
2016,PT,KZZHA,,,,KZZHA,15.6
2016,PT,KZKAR,,,,KZKAR,2.5
2016,PT,KZKUS,,,,KZKUS,5.1
2016,PT,KZKZY,,,,KZKZY,5.5
2016,PT,KZMAN,,,,KZMAN,1.1
2016,PT,KZONT,,,,KZONT,2.1
2016,PT,KZPAV,,,,KZPAV,1.9
2016,PT,KZSEV,,,,KZSEV,1.7
2016,PT,KZVOS,,,,KZVOS,3.5
2016,PT,KZNS,,,,KZNS,0.0
2016,PT,KZALA,,,,KZALA,0.7
2016,PT,,M,,,,3.4
2016,PT,KZAKM,M,,,KZAKM,3.0
2016,PT,KZAKT,M,,,KZAKT,5.4
2016,PT,KZALM,M,,,KZALM,3.2
2016,PT,KZATY,M,,,KZATY,0.4
2016,PT,KZZAP,M,,,KZZAP,3.9
2016,PT,KZZHA,M,,,KZZHA,16.3
2016,PT,KZKAR,M,,,KZKAR,2.7
2016,PT,KZKUS,M,,,KZKUS,4.1
2016,PT,KZKZY,M,,,KZKZY,5.7
2016,PT,KZMAN,M,,,KZMAN,1.0
2016,PT,KZONT,M,,,KZONT,1.9
2016,PT,KZPAV,M,,,KZPAV,1.8
2016,PT,KZSEV,M,,,KZSEV,1.1
2016,PT,KZVOS,M,,,KZVOS,3.8
2016,PT,KZNS,M,,,KZNS,0.0
2016,PT,KZALA,M,,,KZALA,1.0
2016,PT,,F,,,,3.7
2016,PT,KZAKM,F,,,KZAKM,5.2
2016,PT,KZAKT,F,,,KZAKT,4.6
2016,PT,KZALM,F,,,KZALM,5.4
2016,PT,KZATY,F,,,KZATY,0.4
2016,PT,KZZAP,F,,,KZZAP,4.2
2016,PT,KZZHA,F,,,KZZHA,14.9
2016,PT,KZKAR,F,,,KZKAR,2.3
2016,PT,KZKUS,F,,,KZKUS,6.1
2016,PT,KZKZY,F,,,KZKZY,5.2
2016,PT,KZMAN,F,,,KZMAN,1.1
2016,PT,KZONT,F,,,KZONT,2.3
2016,PT,KZPAV,F,,,KZPAV,2.0
2016,PT,KZSEV,F,,,KZSEV,2.4
2016,PT,KZVOS,F,,,KZVOS,3.1
2016,PT,KZNS,F,,,KZNS,0.1
2016,PT,KZALA,F,,,KZALA,0.5
2016,PT,,,U,,,2.1
2016,PT,KZAKM,,U,,KZAKM,1.7
2016,PT,KZAKT,,U,,KZAKT,3.7
2016,PT,KZALM,,U,,KZALM,2.7
2016,PT,KZATY,,U,,KZATY,0.1
2016,PT,KZZAP,,U,,KZZAP,2.5
2016,PT,KZZHA,,U,,KZZHA,17.7
2016,PT,KZKAR,,U,,KZKAR,1.8
2016,PT,KZKUS,,U,,KZKUS,7.8
2016,PT,KZKZY,,U,,KZKZY,0.9
2016,PT,KZMAN,,U,,KZMAN,1.6
2016,PT,KZONT,,U,,KZONT,0.0
2016,PT,KZPAV,,U,,KZPAV,0.6
2016,PT,KZSEV,,U,,KZSEV,1.4
2016,PT,KZVOS,,U,,KZVOS,0.5
2016,PT,KZNS,,U,,KZNS,0.0
2016,PT,KZALA,,U,,KZALA,0.7
2016,PT,,,R,,,5.4
2016,PT,KZAKM,,R,,KZAKM,6.3
2016,PT,KZAKT,,R,,KZAKT,7.2
2016,PT,KZALM,,R,,KZALM,4.7
2016,PT,KZATY,,R,,KZATY,0.7
2016,PT,KZZAP,,R,,KZZAP,5.5
2016,PT,KZZHA,,R,,KZZHA,14.3
2016,PT,KZKAR,,R,,KZKAR,5.1
2016,PT,KZKUS,,R,,KZKUS,2.1
2016,PT,KZKZY,,R,,KZKZY,9.1
2016,PT,KZMAN,,R,,KZMAN,0.5
2016,PT,KZONT,,R,,KZONT,3.6
2016,PT,KZPAV,,R,,KZPAV,4.8
2016,PT,KZSEV,,R,,KZSEV,2.0
2016,PT,KZVOS,,R,,KZVOS,8.0
2016,PT,,,,Y15,,45.7
2016,PT,,,,Y16T24,,4.7
2016,PT,,,,M25T28,,2.9
2016,PT,,,,M29T34,,2.8
2016,PT,,,,Y35T44,,3.0
2016,PT,,,,Y45T54,,3.2
2016,PT,,,,Y55T64,,5.5
2016,PT,,,,Y_GE65,,14.4
2016,PT,KZAKM,,,Y15,KZAKM,87.5
2016,PT,KZAKM,,,Y16T24,KZAKM,6.0
2016,PT,KZAKM,,,M25T28,KZAKM,3.1
2016,PT,KZAKM,,,M29T34,KZAKM,2.7
2016,PT,KZAKM,,,Y35T44,KZAKM,3.0
2016,PT,KZAKM,,,Y45T54,KZAKM,3.2
2016,PT,KZAKM,,,Y55T64,KZAKM,6.1
2016,PT,KZAKM,,,Y_GE65,KZAKM,18.4
2016,PT,KZAKT,,,Y16T24,KZAKT,6.6
2016,PT,KZAKT,,,M25T28,KZAKT,5.5
2016,PT,KZAKT,,,M29T34,KZAKT,4.5
2016,PT,KZAKT,,,Y35T44,KZAKT,5.3
2016,PT,KZAKT,,,Y45T54,KZAKT,4.2
2016,PT,KZAKT,,,Y55T64,KZAKT,4.7
2016,PT,KZAKT,,,Y_GE65,KZAKT,6.3
2016,PT,KZALM,,,Y15,KZALM,100.0
2016,PT,KZALM,,,Y16T24,KZALM,3.1
2016,PT,KZALM,,,M25T28,KZALM,3.0
2016,PT,KZALM,,,M29T34,KZALM,3.6
2016,PT,KZALM,,,Y35T44,KZALM,3.9
2016,PT,KZALM,,,Y45T54,KZALM,4.0
2016,PT,KZALM,,,Y55T64,KZALM,9.3
2016,PT,KZALM,,,Y_GE65,KZALM,18.7
2016,PT,KZATY,,,Y16T24,KZATY,0.3
2016,PT,KZATY,,,M25T28,KZATY,0.3
2016,PT,KZATY,,,M29T34,KZATY,0.4
2016,PT,KZATY,,,Y35T44,KZATY,0.5
2016,PT,KZATY,,,Y45T54,KZATY,0.5
2016,PT,KZATY,,,Y55T64,KZATY,0.4
2016,PT,KZZAP,,,Y16T24,KZZAP,5.2
2016,PT,KZZAP,,,M25T28,KZZAP,4.0
2016,PT,KZZAP,,,M29T34,KZZAP,4.4
2016,PT,KZZAP,,,Y35T44,KZZAP,3.6
2016,PT,KZZAP,,,Y45T54,KZZAP,3.5
2016,PT,KZZAP,,,Y55T64,KZZAP,4.2
2016,PT,KZZHA,,,Y16T24,KZZHA,29.2
2016,PT,KZZHA,,,M25T28,KZZHA,13.0
2016,PT,KZZHA,,,M29T34,KZZHA,11.6
2016,PT,KZZHA,,,Y35T44,KZZHA,10.9
2016,PT,KZZHA,,,Y45T54,KZZHA,10.2
2016,PT,KZZHA,,,Y55T64,KZZHA,25.1
2016,PT,KZZHA,,,Y_GE65,KZZHA,45.7
2016,PT,KZKAR,,,Y15,KZKAR,41.0
2016,PT,KZKAR,,,Y16T24,KZKAR,2.4
2016,PT,KZKAR,,,M25T28,KZKAR,3.1
2016,PT,KZKAR,,,M29T34,KZKAR,1.9
2016,PT,KZKAR,,,Y35T44,KZKAR,2.4
2016,PT,KZKAR,,,Y45T54,KZKAR,2.6
2016,PT,KZKAR,,,Y55T64,KZKAR,2.8
2016,PT,KZKAR,,,Y_GE65,KZKAR,5.0
2016,PT,KZKUS,,,Y16T24,KZKUS,7.2
2016,PT,KZKUS,,,M25T28,KZKUS,5.8
2016,PT,KZKUS,,,M29T34,KZKUS,4.1
2016,PT,KZKUS,,,Y35T44,KZKUS,4.2
2016,PT,KZKUS,,,Y45T54,KZKUS,3.8
2016,PT,KZKUS,,,Y55T64,KZKUS,6.5
2016,PT,KZKUS,,,Y_GE65,KZKUS,9.9
2016,PT,KZKZY,,,Y15,KZKZY,100.0
2016,PT,KZKZY,,,Y16T24,KZKZY,6.8
2016,PT,KZKZY,,,M25T28,KZKZY,4.4
2016,PT,KZKZY,,,M29T34,KZKZY,5.5
2016,PT,KZKZY,,,Y35T44,KZKZY,4.9
2016,PT,KZKZY,,,Y45T54,KZKZY,5.5
2016,PT,KZKZY,,,Y55T64,KZKZY,6.4
2016,PT,KZMAN,,,Y16T24,KZMAN,0.8
2016,PT,KZMAN,,,M25T28,KZMAN,0.3
2016,PT,KZMAN,,,M29T34,KZMAN,0.5
2016,PT,KZMAN,,,Y35T44,KZMAN,1.6
2016,PT,KZMAN,,,Y45T54,KZMAN,0.9
2016,PT,KZMAN,,,Y55T64,KZMAN,3.1
2016,PT,KZONT,,,Y16T24,KZONT,1.8
2016,PT,KZONT,,,M25T28,KZONT,1.9
2016,PT,KZONT,,,M29T34,KZONT,1.8
2016,PT,KZONT,,,Y35T44,KZONT,2.4
2016,PT,KZONT,,,Y45T54,KZONT,2.2
2016,PT,KZONT,,,Y55T64,KZONT,2.1
2016,PT,KZONT,,,Y_GE65,KZONT,7.2
2016,PT,KZPAV,,,Y16T24,KZPAV,3.3
2016,PT,KZPAV,,,M25T28,KZPAV,1.8
2016,PT,KZPAV,,,M29T34,KZPAV,1.2
2016,PT,KZPAV,,,Y35T44,KZPAV,1.4
2016,PT,KZPAV,,,Y45T54,KZPAV,2.3
2016,PT,KZPAV,,,Y55T64,KZPAV,2.5
2016,PT,KZPAV,,,Y_GE65,KZPAV,0.3
2016,PT,KZSEV,,,Y15,KZSEV,43.8
2016,PT,KZSEV,,,Y16T24,KZSEV,4.5
2016,PT,KZSEV,,,M25T28,KZSEV,1.3
2016,PT,KZSEV,,,M29T34,KZSEV,2.1
2016,PT,KZSEV,,,Y35T44,KZSEV,1.1
2016,PT,KZSEV,,,Y45T54,KZSEV,1.2
2016,PT,KZSEV,,,Y55T64,KZSEV,1.8
2016,PT,KZSEV,,,Y_GE65,KZSEV,2.9
2016,PT,KZVOS,,,Y15,KZVOS,100.0
2016,PT,KZVOS,,,Y16T24,KZVOS,6.7
2016,PT,KZVOS,,,M25T28,KZVOS,2.3
2016,PT,KZVOS,,,M29T34,KZVOS,2.4
2016,PT,KZVOS,,,Y35T44,KZVOS,3.2
2016,PT,KZVOS,,,Y45T54,KZVOS,3.8
2016,PT,KZVOS,,,Y55T64,KZVOS,4.0
2016,PT,KZVOS,,,Y_GE65,KZVOS,12.1
2016,PT,KZNS,,,M29T34,KZNS,0.1
2016,PT,KZNS,,,Y45T54,KZNS,0.1
2016,PT,KZALA,,,Y16T24,KZALA,0.3
2016,PT,KZALA,,,M25T28,KZALA,0.4
2016,PT,KZALA,,,M29T34,KZALA,0.7
2016,PT,KZALA,,,Y35T44,KZALA,0.6
2016,PT,KZALA,,,Y45T54,KZALA,1.3
2016,PT,KZALA,,,Y55T64,KZALA,1.1
2016,PT,KZALA,,,Y_GE65,KZALA,2.6
2017,PT,,,,,,2.5
2017,PT,KZAKM,,,,KZAKM,4.1
2017,PT,KZAKT,,,,KZAKT,1.8
2017,PT,KZALM,,,,KZALM,3.9
2017,PT,KZATY,,,,KZATY,0.4
2017,PT,KZZAP,,,,KZZAP,3.8
2017,PT,KZZHA,,,,KZZHA,3.6
2017,PT,KZKAR,,,,KZKAR,1.8
2017,PT,KZKUS,,,,KZKUS,5.3
2017,PT,KZKZY,,,,KZKZY,4.3
2017,PT,KZMAN,,,,KZMAN,1.1
2017,PT,KZONT,,,,KZONT,1.7
2017,PT,KZPAV,,,,KZPAV,1.7
2017,PT,KZSEV,,,,KZSEV,0.8
2017,PT,KZVOS,,,,KZVOS,4.9
2017,PT,KZNS,,,,KZNS,0.0
2017,PT,KZALA,,,,KZALA,0.6
2017,PT,,M,,,,2.5
2017,PT,KZAKM,M,,,KZAKM,4.4
2017,PT,KZAKT,M,,,KZAKT,2.1
2017,PT,KZALM,M,,,KZALM,4.1
2017,PT,KZATY,M,,,KZATY,0.4
2017,PT,KZZAP,M,,,KZZAP,3.8
2017,PT,KZZHA,M,,,KZZHA,4.2
2017,PT,KZKAR,M,,,KZKAR,2.1
2017,PT,KZKUS,M,,,KZKUS,5.4
2017,PT,KZKZY,M,,,KZKZY,5.3
2017,PT,KZMAN,M,,,KZMAN,1.1
2017,PT,KZONT,M,,,KZONT,0.3
2017,PT,KZPAV,M,,,KZPAV,1.7
2017,PT,KZSEV,M,,,KZSEV,0.9
2017,PT,KZVOS,M,,,KZVOS,5.2
2017,PT,KZNS,M,,,KZNS,0.0
2017,PT,KZALA,M,,,KZALA,0.7
2017,PT,,F,,,,2.5
2017,PT,KZAKM,F,,,KZAKM,3.8
2017,PT,KZAKT,F,,,KZAKT,1.5
2017,PT,KZALM,F,,,KZALM,3.7
2017,PT,KZATY,F,,,KZATY,0.4
2017,PT,KZZAP,F,,,KZZAP,3.8
2017,PT,KZZHA,F,,,KZZHA,3.0
2017,PT,KZKAR,F,,,KZKAR,1.6
2017,PT,KZKUS,F,,,KZKUS,5.1
2017,PT,KZKZY,F,,,KZKZY,3.2
2017,PT,KZMAN,F,,,KZMAN,1.1
2017,PT,KZONT,F,,,KZONT,3.3
2017,PT,KZPAV,F,,,KZPAV,1.8
2017,PT,KZSEV,F,,,KZSEV,0.8
2017,PT,KZVOS,F,,,KZVOS,4.6
2017,PT,KZNS,F,,,KZNS,0.0
2017,PT,KZALA,F,,,KZALA,0.5
2017,PT,,,U,,,1.5
2017,PT,KZAKM,,U,,KZAKM,2.3
2017,PT,KZAKT,,U,,KZAKT,1.5
2017,PT,KZALM,,U,,KZALM,2.2
2017,PT,KZATY,,U,,KZATY,0.1
2017,PT,KZZAP,,U,,KZZAP,1.7
2017,PT,KZZHA,,U,,KZZHA,3.0
2017,PT,KZKAR,,U,,KZKAR,1.6
2017,PT,KZKUS,,U,,KZKUS,8.9
2017,PT,KZKZY,,U,,KZKZY,1.7
2017,PT,KZMAN,,U,,KZMAN,0.9
2017,PT,KZONT,,U,,KZONT,0.3
2017,PT,KZPAV,,U,,KZPAV,0.4
2017,PT,KZSEV,,U,,KZSEV,1.3
2017,PT,KZVOS,,U,,KZVOS,1.7
2017,PT,KZNS,,U,,KZNS,0.0
2017,PT,KZALA,,U,,KZALA,0.6
2017,PT,,,R,,,4.0
2017,PT,KZAKM,,R,,KZAKM,5.8
2017,PT,KZAKT,,R,,KZAKT,2.4
2017,PT,KZALM,,R,,KZALM,4.4
2017,PT,KZATY,,R,,KZATY,0.7
2017,PT,KZZAP,,R,,KZZAP,5.7
2017,PT,KZZHA,,R,,KZZHA,4.0
2017,PT,KZKAR,,R,,KZKAR,2.7
2017,PT,KZKUS,,R,,KZKUS,1.5
2017,PT,KZKZY,,R,,KZKZY,6.4
2017,PT,KZMAN,,R,,KZMAN,1.3
2017,PT,KZONT,,R,,KZONT,2.7
2017,PT,KZPAV,,R,,KZPAV,4.8
2017,PT,KZSEV,,R,,KZSEV,0.5
2017,PT,KZVOS,,R,,KZVOS,9.9
2017,PT,,,,Y15,,41.0
2017,PT,,,,Y16T24,,3.6
2017,PT,,,,M25T28,,2.4
2017,PT,,,,M29T34,,2.2
2017,PT,,,,Y35T44,,2.1
2017,PT,,,,Y45T54,,2.6
2017,PT,,,,Y55T64,,3.0
2017,PT,,,,Y_GE65,,3.6
2017,PT,KZAKM,,,Y15,KZAKM,78.6
2017,PT,KZAKM,,,Y16T24,KZAKM,4.0
2017,PT,KZAKM,,,M25T28,KZAKM,3.7
2017,PT,KZAKM,,,M29T34,KZAKM,3.6
2017,PT,KZAKM,,,Y35T44,KZAKM,3.3
2017,PT,KZAKM,,,Y45T54,KZAKM,4.1
2017,PT,KZAKM,,,Y55T64,KZAKM,5.0
2017,PT,KZAKM,,,Y_GE65,KZAKM,8.6
2017,PT,KZAKT,,,Y16T24,KZAKT,1.6
2017,PT,KZAKT,,,M25T28,KZAKT,2.3
2017,PT,KZAKT,,,M29T34,KZAKT,1.0
2017,PT,KZAKT,,,Y35T44,KZAKT,1.6
2017,PT,KZAKT,,,Y45T54,KZAKT,2.1
2017,PT,KZAKT,,,Y55T64,KZAKT,3.1
2017,PT,KZALM,,,Y15,KZALM,41.8
2017,PT,KZALM,,,Y16T24,KZALM,3.5
2017,PT,KZALM,,,M25T28,KZALM,4.1
2017,PT,KZALM,,,M29T34,KZALM,2.4
2017,PT,KZALM,,,Y35T44,KZALM,3.6
2017,PT,KZALM,,,Y45T54,KZALM,4.6
2017,PT,KZALM,,,Y55T64,KZALM,7.0
2017,PT,KZALM,,,Y_GE65,KZALM,1.9
2017,PT,KZATY,,,Y16T24,KZATY,0.3
2017,PT,KZATY,,,M25T28,KZATY,0.4
2017,PT,KZATY,,,M29T34,KZATY,0.0
2017,PT,KZATY,,,Y35T44,KZATY,0.6
2017,PT,KZATY,,,Y45T54,KZATY,0.5
2017,PT,KZATY,,,Y55T64,KZATY,0.5
2017,PT,KZZAP,,,Y16T24,KZZAP,5.5
2017,PT,KZZAP,,,M25T28,KZZAP,4.5
2017,PT,KZZAP,,,M29T34,KZZAP,2.9
2017,PT,KZZAP,,,Y35T44,KZZAP,3.4
2017,PT,KZZAP,,,Y45T54,KZZAP,3.1
2017,PT,KZZAP,,,Y55T64,KZZAP,4.4
2017,PT,KZZHA,,,Y16T24,KZZHA,5.9
2017,PT,KZZHA,,,M25T28,KZZHA,3.5
2017,PT,KZZHA,,,M29T34,KZZHA,3.1
2017,PT,KZZHA,,,Y35T44,KZZHA,2.6
2017,PT,KZZHA,,,Y45T54,KZZHA,3.2
2017,PT,KZZHA,,,Y55T64,KZZHA,3.0
2017,PT,KZZHA,,,Y_GE65,KZZHA,4.8
2017,PT,KZKAR,,,Y15,KZKAR,38.1
2017,PT,KZKAR,,,Y16T24,KZKAR,3.2
2017,PT,KZKAR,,,M25T28,KZKAR,1.5
2017,PT,KZKAR,,,M29T34,KZKAR,1.8
2017,PT,KZKAR,,,Y35T44,KZKAR,1.6
2017,PT,KZKAR,,,Y45T54,KZKAR,1.4
2017,PT,KZKAR,,,Y55T64,KZKAR,2.7
2017,PT,KZKAR,,,Y_GE65,KZKAR,3.3
2017,PT,KZKUS,,,Y16T24,KZKUS,8.5
2017,PT,KZKUS,,,M25T28,KZKUS,7.2
2017,PT,KZKUS,,,M29T34,KZKUS,8.6
2017,PT,KZKUS,,,Y35T44,KZKUS,3.1
2017,PT,KZKUS,,,Y45T54,KZKUS,4.2
2017,PT,KZKUS,,,Y55T64,KZKUS,2.4
2017,PT,KZKUS,,,Y_GE65,KZKUS,0.3
2017,PT,KZKZY,,,Y16T24,KZKZY,6.9
2017,PT,KZKZY,,,M25T28,KZKZY,5.0
2017,PT,KZKZY,,,M29T34,KZKZY,5.0
2017,PT,KZKZY,,,Y35T44,KZKZY,3.5
2017,PT,KZKZY,,,Y45T54,KZKZY,3.3
2017,PT,KZKZY,,,Y55T64,KZKZY,2.5
2017,PT,KZMAN,,,Y16T24,KZMAN,1.1
2017,PT,KZMAN,,,M25T28,KZMAN,1.4
2017,PT,KZMAN,,,M29T34,KZMAN,1.0
2017,PT,KZMAN,,,Y35T44,KZMAN,0.9
2017,PT,KZMAN,,,Y45T54,KZMAN,1.1
2017,PT,KZMAN,,,Y55T64,KZMAN,1.0
2017,PT,KZONT,,,Y16T24,KZONT,1.4
2017,PT,KZONT,,,M25T28,KZONT,1.4
2017,PT,KZONT,,,M29T34,KZONT,1.9
2017,PT,KZONT,,,Y35T44,KZONT,1.7
2017,PT,KZONT,,,Y45T54,KZONT,1.9
2017,PT,KZONT,,,Y55T64,KZONT,1.1
2017,PT,KZPAV,,,Y16T24,KZPAV,5.4
2017,PT,KZPAV,,,M25T28,KZPAV,1.3
2017,PT,KZPAV,,,M29T34,KZPAV,1.2
2017,PT,KZPAV,,,Y35T44,KZPAV,1.5
2017,PT,KZPAV,,,Y45T54,KZPAV,1.6
2017,PT,KZPAV,,,Y55T64,KZPAV,1.9
2017,PT,KZSEV,,,Y15,KZSEV,39.2
2017,PT,KZSEV,,,Y16T24,KZSEV,1.8
2017,PT,KZSEV,,,M25T28,KZSEV,0.4
2017,PT,KZSEV,,,M29T34,KZSEV,0.9
2017,PT,KZSEV,,,Y35T44,KZSEV,1.3
2017,PT,KZSEV,,,Y45T54,KZSEV,0.4
2017,PT,KZSEV,,,Y55T64,KZSEV,0.4
2017,PT,KZSEV,,,Y_GE65,KZSEV,0.4
2017,PT,KZVOS,,,Y15,KZVOS,100.0
2017,PT,KZVOS,,,Y16T24,KZVOS,10.4
2017,PT,KZVOS,,,M25T28,KZVOS,3.8
2017,PT,KZVOS,,,M29T34,KZVOS,2.5
2017,PT,KZVOS,,,Y35T44,KZVOS,4.4
2017,PT,KZVOS,,,Y45T54,KZVOS,5.8
2017,PT,KZVOS,,,Y55T64,KZVOS,5.4
2017,PT,KZVOS,,,Y_GE65,KZVOS,17.5
2017,PT,KZALA,,,Y16T24,KZALA,0.3
2017,PT,KZALA,,,M25T28,KZALA,0.6
2017,PT,KZALA,,,M29T34,KZALA,0.6
2017,PT,KZALA,,,Y35T44,KZALA,0.7
2017,PT,KZALA,,,Y45T54,KZALA,0.8
2017,PT,KZALA,,,Y55T64,KZALA,1.2
2018,PT,,,,,,2.2
2018,PT,KZAKM,,,,KZAKM,4.0
2018,PT,KZAKT,,,,KZAKT,1.5
2018,PT,KZALM,,,,KZALM,3.8
2018,PT,KZATY,,,,KZATY,0.4
2018,PT,KZZAP,,,,KZZAP,3.5
2018,PT,KZZHA,,,,KZZHA,1.9
2018,PT,KZKAR,,,,KZKAR,1.6
2018,PT,KZKUS,,,,KZKUS,4.6
2018,PT,KZKZY,,,,KZKZY,3.8
2018,PT,KZMAN,,,,KZMAN,1.7
2018,PT,KZPAV,,,,KZPAV,1.6
2018,PT,KZSEV,,,,KZSEV,0.7
2018,PT,KZYUZ,,,,KZYUZ,2.9
2018,PT,KZVOS,,,,KZVOS,3.3
2018,PT,KZNS,,,,KZNS,0.0
2018,PT,KZALA,,,,KZALA,0.5
2018,PT,KZSHY,,,,KZSHY,0.7
2018,PT,,M,,,,2.3
2018,PT,KZAKM,M,,,KZAKM,4.0
2018,PT,KZAKT,M,,,KZAKT,1.8
2018,PT,KZALM,M,,,KZALM,3.6
2018,PT,KZATY,M,,,KZATY,0.4
2018,PT,KZZAP,M,,,KZZAP,3.0
2018,PT,KZZHA,M,,,KZZHA,1.8
2018,PT,KZKAR,M,,,KZKAR,1.9
2018,PT,KZKUS,M,,,KZKUS,4.6
2018,PT,KZKZY,M,,,KZKZY,4.9
2018,PT,KZMAN,M,,,KZMAN,1.9
2018,PT,KZPAV,M,,,KZPAV,1.6
2018,PT,KZSEV,M,,,KZSEV,0.8
2018,PT,KZYUZ,M,,,KZYUZ,2.3
2018,PT,KZVOS,M,,,KZVOS,3.5
2018,PT,KZNS,M,,,KZNS,0.1
2018,PT,KZALA,M,,,KZALA,0.5
2018,PT,KZSHY,M,,,KZSHY,1.2
2018,PT,,F,,,,2.2
2018,PT,KZAKM,F,,,KZAKM,3.9
2018,PT,KZAKT,F,,,KZAKT,1.2
2018,PT,KZALM,F,,,KZALM,4.0
2018,PT,KZATY,F,,,KZATY,0.4
2018,PT,KZZAP,F,,,KZZAP,4.1
2018,PT,KZZHA,F,,,KZZHA,1.9
2018,PT,KZKAR,F,,,KZKAR,1.4
2018,PT,KZKUS,F,,,KZKUS,4.7
2018,PT,KZKZY,F,,,KZKZY,2.5
2018,PT,KZMAN,F,,,KZMAN,1.5
2018,PT,KZPAV,F,,,KZPAV,1.6
2018,PT,KZSEV,F,,,KZSEV,0.6
2018,PT,KZYUZ,F,,,KZYUZ,3.6
2018,PT,KZVOS,F,,,KZVOS,3.1
2018,PT,KZNS,F,,,KZNS,0.0
2018,PT,KZALA,F,,,KZALA,0.5
2018,PT,KZSHY,F,,,KZSHY,0.3
2018,PT,,,U,,,1.1
2018,PT,KZAKM,,U,,KZAKM,2.0
2018,PT,KZAKT,,U,,KZAKT,0.9
2018,PT,KZALM,,U,,KZALM,2.9
2018,PT,KZATY,,U,,KZATY,0.4
2018,PT,KZZAP,,U,,KZZAP,1.5
2018,PT,KZZHA,,U,,KZZHA,0.1
2018,PT,KZKAR,,U,,KZKAR,1.9
2018,PT,KZKUS,,U,,KZKUS,3.6
2018,PT,KZKZY,,U,,KZKZY,1.5
2018,PT,KZMAN,,U,,KZMAN,0.5
2018,PT,KZPAV,,U,,KZPAV,0.4
2018,PT,KZSEV,,U,,KZSEV,0.9
2018,PT,KZYUZ,,U,,KZYUZ,1.9
2018,PT,KZVOS,,U,,KZVOS,0.7
2018,PT,KZNS,,U,,KZNS,0.0
2018,PT,KZALA,,U,,KZALA,0.5
2018,PT,KZSHY,,U,,KZSHY,0.7
2018,PT,,,R,,,3.9
2018,PT,KZAKM,,R,,KZAKM,5.8
2018,PT,KZAKT,,R,,KZAKT,2.9
2018,PT,KZALM,,R,,KZALM,4.0
2018,PT,KZATY,,R,,KZATY,0.5
2018,PT,KZZAP,,R,,KZZAP,5.4
2018,PT,KZZHA,,R,,KZZHA,3.0
2018,PT,KZKAR,,R,,KZKAR,0.9
2018,PT,KZKUS,,R,,KZKUS,5.7
2018,PT,KZKZY,,R,,KZKZY,5.5
2018,PT,KZMAN,,R,,KZMAN,2.7
2018,PT,KZPAV,,R,,KZPAV,4.4
2018,PT,KZSEV,,R,,KZSEV,0.5
2018,PT,KZYUZ,,R,,KZYUZ,3.1
2018,PT,KZVOS,,R,,KZVOS,7.4
2018,PT,,,,Y15,,40.4
2018,PT,,,,Y16T24,,2.4
2018,PT,,,,M25T28,,2.0
2018,PT,,,,M29T34,,1.9
2018,PT,,,,Y35T44,,2.0
2018,PT,,,,Y45T54,,2.1
2018,PT,,,,Y55T64,,3.7
2018,PT,,,,Y_GE65,,6.7
2018,PT,KZAKM,,,Y16T24,KZAKM,4.1
2018,PT,KZAKM,,,M25T28,KZAKM,3.7
2018,PT,KZAKM,,,M29T34,KZAKM,3.6
2018,PT,KZAKM,,,Y35T44,KZAKM,3.3
2018,PT,KZAKM,,,Y45T54,KZAKM,3.8
2018,PT,KZAKM,,,Y55T64,KZAKM,4.6
2018,PT,KZAKM,,,Y_GE65,KZAKM,9.0
2018,PT,KZAKT,,,Y16T24,KZAKT,2.7
2018,PT,KZAKT,,,M25T28,KZAKT,1.5
2018,PT,KZAKT,,,M29T34,KZAKT,1.4
2018,PT,KZAKT,,,Y35T44,KZAKT,1.7
2018,PT,KZAKT,,,Y45T54,KZAKT,1.1
2018,PT,KZAKT,,,Y55T64,KZAKT,1.6
2018,PT,KZAKT,,,Y_GE65,KZAKT,0.8
2018,PT,KZALM,,,Y16T24,KZALM,0.8
2018,PT,KZALM,,,M25T28,KZALM,1.8
2018,PT,KZALM,,,M29T34,KZALM,2.2
2018,PT,KZALM,,,Y35T44,KZALM,3.1
2018,PT,KZALM,,,Y45T54,KZALM,3.8
2018,PT,KZALM,,,Y55T64,KZALM,14.4
2018,PT,KZALM,,,Y_GE65,KZALM,14.9
2018,PT,KZATY,,,Y16T24,KZATY,0.5
2018,PT,KZATY,,,M25T28,KZATY,0.1
2018,PT,KZATY,,,M29T34,KZATY,0.5
2018,PT,KZATY,,,Y35T44,KZATY,0.4
2018,PT,KZATY,,,Y45T54,KZATY,0.5
2018,PT,KZATY,,,Y55T64,KZATY,0.4
2018,PT,KZZAP,,,Y16T24,KZZAP,5.2
2018,PT,KZZAP,,,M25T28,KZZAP,4.1
2018,PT,KZZAP,,,M29T34,KZZAP,2.5
2018,PT,KZZAP,,,Y35T44,KZZAP,2.8
2018,PT,KZZAP,,,Y45T54,KZZAP,2.9
2018,PT,KZZAP,,,Y55T64,KZZAP,4.7
2018,PT,KZZHA,,,Y16T24,KZZHA,2.2
2018,PT,KZZHA,,,M25T28,KZZHA,1.8
2018,PT,KZZHA,,,M29T34,KZZHA,2.4
2018,PT,KZZHA,,,Y35T44,KZZHA,1.8
2018,PT,KZZHA,,,Y45T54,KZZHA,1.9
2018,PT,KZZHA,,,Y55T64,KZZHA,1.0
2018,PT,KZKAR,,,Y16T24,KZKAR,1.1
2018,PT,KZKAR,,,M25T28,KZKAR,0.7
2018,PT,KZKAR,,,M29T34,KZKAR,1.4
2018,PT,KZKAR,,,Y35T44,KZKAR,3.0
2018,PT,KZKAR,,,Y45T54,KZKAR,1.3
2018,PT,KZKAR,,,Y55T64,KZKAR,1.0
2018,PT,KZKAR,,,Y_GE65,KZKAR,1.7
2018,PT,KZKUS,,,Y15,KZKUS,45.7
2018,PT,KZKUS,,,Y16T24,KZKUS,4.6
2018,PT,KZKUS,,,M25T28,KZKUS,4.7
2018,PT,KZKUS,,,M29T34,KZKUS,3.6
2018,PT,KZKUS,,,Y35T44,KZKUS,4.0
2018,PT,KZKUS,,,Y45T54,KZKUS,4.5
2018,PT,KZKUS,,,Y55T64,KZKUS,5.9
2018,PT,KZKUS,,,Y_GE65,KZKUS,11.7
2018,PT,KZKZY,,,Y16T24,KZKZY,4.9
2018,PT,KZKZY,,,M25T28,KZKZY,3.9
2018,PT,KZKZY,,,M29T34,KZKZY,3.7
2018,PT,KZKZY,,,Y35T44,KZKZY,3.7
2018,PT,KZKZY,,,Y45T54,KZKZY,3.2
2018,PT,KZKZY,,,Y55T64,KZKZY,2.9
2018,PT,KZKZY,,,Y_GE65,KZKZY,42.9
2018,PT,KZMAN,,,Y16T24,KZMAN,2.7
2018,PT,KZMAN,,,M25T28,KZMAN,1.5
2018,PT,KZMAN,,,M29T34,KZMAN,1.8
2018,PT,KZMAN,,,Y35T44,KZMAN,2.0
2018,PT,KZMAN,,,Y45T54,KZMAN,1.2
2018,PT,KZMAN,,,Y55T64,KZMAN,1.0
2018,PT,KZPAV,,,Y16T24,KZPAV,2.7
2018,PT,KZPAV,,,M25T28,KZPAV,1.3
2018,PT,KZPAV,,,M29T34,KZPAV,1.2
2018,PT,KZPAV,,,Y35T44,KZPAV,1.2
2018,PT,KZPAV,,,Y45T54,KZPAV,1.5
2018,PT,KZPAV,,,Y55T64,KZPAV,2.7
2018,PT,KZSEV,,,Y16T24,KZSEV,0.8
2018,PT,KZSEV,,,M25T28,KZSEV,0.5
2018,PT,KZSEV,,,M29T34,KZSEV,1.1
2018,PT,KZSEV,,,Y35T44,KZSEV,0.8
2018,PT,KZSEV,,,Y45T54,KZSEV,0.5
2018,PT,KZSEV,,,Y55T64,KZSEV,0.6
2018,PT,KZYUZ,,,Y16T24,KZYUZ,2.8
2018,PT,KZYUZ,,,M25T28,KZYUZ,3.2
2018,PT,KZYUZ,,,M29T34,KZYUZ,3.9
2018,PT,KZYUZ,,,Y35T44,KZYUZ,2.5
2018,PT,KZYUZ,,,Y45T54,KZYUZ,2.6
2018,PT,KZYUZ,,,Y55T64,KZYUZ,1.1
2018,PT,KZVOS,,,Y16T24,KZVOS,5.2
2018,PT,KZVOS,,,M25T28,KZVOS,3.3
2018,PT,KZVOS,,,M29T34,KZVOS,2.4
2018,PT,KZVOS,,,Y35T44,KZVOS,2.3
2018,PT,KZVOS,,,Y45T54,KZVOS,3.0
2018,PT,KZVOS,,,Y55T64,KZVOS,4.8
2018,PT,KZVOS,,,Y_GE65,KZVOS,15.3
2018,PT,KZNS,,,M29T34,KZNS,0.1
2018,PT,KZNS,,,Y45T54,KZNS,0.2
2018,PT,KZALA,,,Y16T24,KZALA,0.4
2018,PT,KZALA,,,M25T28,KZALA,0.8
2018,PT,KZALA,,,M29T34,KZALA,0.6
2018,PT,KZALA,,,Y35T44,KZALA,0.3
2018,PT,KZALA,,,Y45T54,KZALA,0.3
2018,PT,KZALA,,,Y55T64,KZALA,0.9
2018,PT,KZALA,,,Y_GE65,KZALA,1.3
2018,PT,KZSHY,,,Y16T24,KZSHY,1.5
2018,PT,KZSHY,,,M25T28,KZSHY,1.2
2018,PT,KZSHY,,,M29T34,KZSHY,0.3
2018,PT,KZSHY,,,Y35T44,KZSHY,0.9
2018,PT,KZSHY,,,Y45T54,KZSHY,0.6
2019,PT,,,,,,2.1
2019,PT,KZAKM,,,,KZAKM,3.8
2019,PT,KZAKT,,,,KZAKT,1.6
2019,PT,KZALM,,,,KZALM,3.8
2019,PT,KZATY,,,,KZATY,0.4
2019,PT,KZZAP,,,,KZZAP,3.4
2019,PT,KZZHA,,,,KZZHA,1.4
2019,PT,KZKAR,,,,KZKAR,1.8
2019,PT,KZKUS,,,,KZKUS,4.2
2019,PT,KZKZY,,,,KZKZY,3.8
2019,PT,KZMAN,,,,KZMAN,1.3
2019,PT,KZPAV,,,,KZPAV,1.5
2019,PT,KZSEV,,,,KZSEV,0.7
2019,PT,KZYUZ,,,,KZYUZ,2.7
2019,PT,KZVOS,,,,KZVOS,3.3
2019,PT,KZNS,,,,KZNS,0.1
2019,PT,KZALA,,,,KZALA,0.5
2019,PT,KZSHY,,,,KZSHY,0.7
2019,PT,,M,,,,2.3
2019,PT,KZAKM,M,,,KZAKM,3.3
2019,PT,KZAKT,M,,,KZAKT,1.5
2019,PT,KZALM,M,,,KZALM,4.0
2019,PT,KZATY,M,,,KZATY,0.3
2019,PT,KZZAP,M,,,KZZAP,3.0
2019,PT,KZZHA,M,,,KZZHA,1.2
2019,PT,KZKAR,M,,,KZKAR,2.0
2019,PT,KZKUS,M,,,KZKUS,4.5
2019,PT,KZKZY,M,,,KZKZY,4.5
2019,PT,KZMAN,M,,,KZMAN,1.3
2019,PT,KZPAV,M,,,KZPAV,1.5
2019,PT,KZSEV,M,,,KZSEV,0.8
2019,PT,KZYUZ,M,,,KZYUZ,3.5
2019,PT,KZVOS,M,,,KZVOS,3.3
2019,PT,KZNS,M,,,KZNS,0.2
2019,PT,KZALA,M,,,KZALA,0.5
2019,PT,KZSHY,M,,,KZSHY,0.8
2019,PT,,F,,,,2.0
2019,PT,KZAKM,F,,,KZAKM,4.4
2019,PT,KZAKT,F,,,KZAKT,1.6
2019,PT,KZALM,F,,,KZALM,3.5
2019,PT,KZATY,F,,,KZATY,0.4
2019,PT,KZZAP,F,,,KZZAP,3.8
2019,PT,KZZHA,F,,,KZZHA,1.7
2019,PT,KZKAR,F,,,KZKAR,1.6
2019,PT,KZKUS,F,,,KZKUS,3.8
2019,PT,KZKZY,F,,,KZKZY,3.0
2019,PT,KZMAN,F,,,KZMAN,1.3
2019,PT,KZPAV,F,,,KZPAV,1.5
2019,PT,KZSEV,F,,,KZSEV,0.6
2019,PT,KZYUZ,F,,,KZYUZ,1.7
2019,PT,KZVOS,F,,,KZVOS,3.4
2019,PT,KZNS,F,,,KZNS,0.0
2019,PT,KZALA,F,,,KZALA,0.5
2019,PT,KZSHY,F,,,KZSHY,0.7
2019,PT,,,U,,,1.1
2019,PT,KZAKM,,U,,KZAKM,2.0
2019,PT,KZAKT,,U,,KZAKT,0.8
2019,PT,KZALM,,U,,KZALM,3.0
2019,PT,KZATY,,U,,KZATY,0.4
2019,PT,KZZAP,,U,,KZZAP,1.4
2019,PT,KZZHA,,U,,KZZHA,2.8
2019,PT,KZKAR,,U,,KZKAR,1.9
2019,PT,KZKUS,,U,,KZKUS,2.7
2019,PT,KZKZY,,U,,KZKZY,1.2
2019,PT,KZMAN,,U,,KZMAN,0.5
2019,PT,KZPAV,,U,,KZPAV,0.2
2019,PT,KZSEV,,U,,KZSEV,0.8
2019,PT,KZYUZ,,U,,KZYUZ,3.8
2019,PT,KZVOS,,U,,KZVOS,0.6
2019,PT,KZNS,,U,,KZNS,0.1
2019,PT,KZALA,,U,,KZALA,0.5
2019,PT,KZSHY,,U,,KZSHY,0.7
2019,PT,,,R,,,3.6
2019,PT,KZAKM,,R,,KZAKM,5.5
2019,PT,KZAKT,,R,,KZAKT,3.5
2019,PT,KZALM,,R,,KZALM,4.0
2019,PT,KZATY,,R,,KZATY,0.4
2019,PT,KZZAP,,R,,KZZAP,5.3
2019,PT,KZZHA,,R,,KZZHA,0.5
2019,PT,KZKAR,,R,,KZKAR,1.6
2019,PT,KZKUS,,R,,KZKUS,5.8
2019,PT,KZKZY,,R,,KZKZY,5.8
2019,PT,KZMAN,,R,,KZMAN,1.9
2019,PT,KZPAV,,R,,KZPAV,4.3
2019,PT,KZSEV,,R,,KZSEV,0.6
2019,PT,KZYUZ,,R,,KZYUZ,2.5
2019,PT,KZVOS,,R,,KZVOS,7.7
2019,PT,,,,Y15,,35.6
2019,PT,,,,Y16T24,,2.6
2019,PT,,,,M25T28,,1.6
2019,PT,,,,M29T34,,1.6
2019,PT,,,,Y35T44,,1.9
2019,PT,,,,Y45T54,,2.3
2019,PT,,,,Y55T64,,3.2
2019,PT,,,,Y_GE65,,8.4
2019,PT,KZAKM,,,Y16T24,KZAKM,4.8
2019,PT,KZAKM,,,M25T28,KZAKM,3.4
2019,PT,KZAKM,,,M29T34,KZAKM,3.1
2019,PT,KZAKM,,,Y35T44,KZAKM,3.1
2019,PT,KZAKM,,,Y45T54,KZAKM,3.1
2019,PT,KZAKM,,,Y55T64,KZAKM,4.8
2019,PT,KZAKM,,,Y_GE65,KZAKM,11.5
2019,PT,KZAKT,,,Y16T24,KZAKT,1.2
2019,PT,KZAKT,,,M25T28,KZAKT,1.2
2019,PT,KZAKT,,,M29T34,KZAKT,0.9
2019,PT,KZAKT,,,Y35T44,KZAKT,1.7
2019,PT,KZAKT,,,Y45T54,KZAKT,2.6
2019,PT,KZAKT,,,Y55T64,KZAKT,2.1
2019,PT,KZAKT,,,Y_GE65,KZAKT,1.4
2019,PT,KZALM,,,Y16T24,KZALM,5.1
2019,PT,KZALM,,,M25T28,KZALM,1.9
2019,PT,KZALM,,,M29T34,KZALM,1.9
2019,PT,KZALM,,,Y35T44,KZALM,3.0
2019,PT,KZALM,,,Y45T54,KZALM,4.5
2019,PT,KZALM,,,Y55T64,KZALM,8.3
2019,PT,KZALM,,,Y_GE65,KZALM,8.3
2019,PT,KZATY,,,Y16T24,KZATY,0.9
2019,PT,KZATY,,,M25T28,KZATY,0.2
2019,PT,KZATY,,,M29T34,KZATY,0.2
2019,PT,KZATY,,,Y35T44,KZATY,0.1
2019,PT,KZATY,,,Y45T54,KZATY,0.6
2019,PT,KZATY,,,Y55T64,KZATY,0.7
2019,PT,KZZAP,,,Y16T24,KZZAP,3.7
2019,PT,KZZAP,,,M25T28,KZZAP,3.1
2019,PT,KZZAP,,,M29T34,KZZAP,2.8
2019,PT,KZZAP,,,Y35T44,KZZAP,2.6
2019,PT,KZZAP,,,Y45T54,KZZAP,3.2
2019,PT,KZZAP,,,Y55T64,KZZAP,5.5
2019,PT,KZZHA,,,Y16T24,KZZHA,2.3
2019,PT,KZZHA,,,M25T28,KZZHA,1.7
2019,PT,KZZHA,,,M29T34,KZZHA,0.3
2019,PT,KZZHA,,,Y35T44,KZZHA,0.6
2019,PT,KZZHA,,,Y45T54,KZZHA,0.9
2019,PT,KZZHA,,,Y55T64,KZZHA,2.6
2019,PT,KZZHA,,,Y_GE65,KZZHA,26.4
2019,PT,KZKAR,,,Y16T24,KZKAR,1.8
2019,PT,KZKAR,,,M25T28,KZKAR,0.8
2019,PT,KZKAR,,,M29T34,KZKAR,1.6
2019,PT,KZKAR,,,Y35T44,KZKAR,2.4
2019,PT,KZKAR,,,Y45T54,KZKAR,1.5
2019,PT,KZKAR,,,Y55T64,KZKAR,1.9
2019,PT,KZKAR,,,Y_GE65,KZKAR,7.3
2019,PT,KZKUS,,,Y15,KZKUS,40.3
2019,PT,KZKUS,,,Y16T24,KZKUS,4.3
2019,PT,KZKUS,,,M25T28,KZKUS,3.1
2019,PT,KZKUS,,,M29T34,KZKUS,3.8
2019,PT,KZKUS,,,Y35T44,KZKUS,3.8
2019,PT,KZKUS,,,Y45T54,KZKUS,4.3
2019,PT,KZKUS,,,Y55T64,KZKUS,5.0
2019,PT,KZKUS,,,Y_GE65,KZKUS,8.1
2019,PT,KZKZY,,,Y16T24,KZKZY,5.0
2019,PT,KZKZY,,,M25T28,KZKZY,3.4
2019,PT,KZKZY,,,M29T34,KZKZY,3.8
2019,PT,KZKZY,,,Y35T44,KZKZY,4.0
2019,PT,KZKZY,,,Y45T54,KZKZY,3.5
2019,PT,KZKZY,,,Y55T64,KZKZY,2.2
2019,PT,KZMAN,,,Y16T24,KZMAN,1.2
2019,PT,KZMAN,,,M25T28,KZMAN,1.4
2019,PT,KZMAN,,,M29T34,KZMAN,0.7
2019,PT,KZMAN,,,Y35T44,KZMAN,1.5
2019,PT,KZMAN,,,Y45T54,KZMAN,1.5
2019,PT,KZMAN,,,Y55T64,KZMAN,2.5
2019,PT,KZPAV,,,Y16T24,KZPAV,1.7
2019,PT,KZPAV,,,M25T28,KZPAV,0.9
2019,PT,KZPAV,,,M29T34,KZPAV,1.2
2019,PT,KZPAV,,,Y35T44,KZPAV,1.5
2019,PT,KZPAV,,,Y45T54,KZPAV,1.5
2019,PT,KZPAV,,,Y55T64,KZPAV,1.9
2019,PT,KZSEV,,,Y16T24,KZSEV,0.7
2019,PT,KZSEV,,,M25T28,KZSEV,1.1
2019,PT,KZSEV,,,M29T34,KZSEV,0.3
2019,PT,KZSEV,,,Y35T44,KZSEV,0.8
2019,PT,KZSEV,,,Y45T54,KZSEV,0.5
2019,PT,KZSEV,,,Y55T64,KZSEV,0.7
2019,PT,KZSEV,,,Y_GE65,KZSEV,1.2
2019,PT,KZYUZ,,,Y16T24,KZYUZ,2.7
2019,PT,KZYUZ,,,M25T28,KZYUZ,2.1
2019,PT,KZYUZ,,,M29T34,KZYUZ,2.4
2019,PT,KZYUZ,,,Y35T44,KZYUZ,2.7
2019,PT,KZYUZ,,,Y45T54,KZYUZ,3.2
2019,PT,KZYUZ,,,Y55T64,KZYUZ,3.6
2019,PT,KZYUZ,,,Y_GE65,KZYUZ,7.7
2019,PT,KZVOS,,,Y16T24,KZVOS,4.2
2019,PT,KZVOS,,,M25T28,KZVOS,2.4
2019,PT,KZVOS,,,M29T34,KZVOS,2.6
2019,PT,KZVOS,,,Y35T44,KZVOS,2.9
2019,PT,KZVOS,,,Y45T54,KZVOS,3.8
2019,PT,KZVOS,,,Y55T64,KZVOS,4.0
2019,PT,KZVOS,,,Y_GE65,KZVOS,13.6
2019,PT,KZNS,,,Y35T44,KZNS,0.3
2019,PT,KZNS,,,Y45T54,KZNS,0.2
2019,PT,KZALA,,,Y16T24,KZALA,0.5
2019,PT,KZALA,,,M25T28,KZALA,0.4
2019,PT,KZALA,,,M29T34,KZALA,0.5
2019,PT,KZALA,,,Y35T44,KZALA,0.5
2019,PT,KZALA,,,Y45T54,KZALA,0.4
2019,PT,KZALA,,,Y55T64,KZALA,0.9
2019,PT,KZALA,,,Y_GE65,KZALA,2.4
2019,PT,KZSHY,,,Y16T24,KZSHY,0.9
2019,PT,KZSHY,,,M25T28,KZSHY,1.0
2019,PT,KZSHY,,,M29T34,KZSHY,1.3
2019,PT,KZSHY,,,Y35T44,KZSHY,0.5
2019,PT,KZSHY,,,Y45T54,KZSHY,0.6
2019,PT,KZSHY,,,Y55T64,KZSHY,0.4
2020,PT,,,,,,2.3
2020,PT,KZAKM,,,,KZAKM,4.2
2020,PT,KZAKT,,,,KZAKT,1.6
2020,PT,KZALM,,,,KZALM,3.7
2020,PT,KZATY,,,,KZATY,0.5
2020,PT,KZZAP,,,,KZZAP,2.9
2020,PT,KZZHA,,,,KZZHA,1.4
2020,PT,KZKAR,,,,KZKAR,3.0
2020,PT,KZKUS,,,,KZKUS,4.6
2020,PT,KZKZY,,,,KZKZY,3.6
2020,PT,KZMAN,,,,KZMAN,1.1
2020,PT,KZPAV,,,,KZPAV,1.5
2020,PT,KZSEV,,,,KZSEV,1.2
2020,PT,KZYUZ,,,,KZYUZ,2.7
2020,PT,KZVOS,,,,KZVOS,3.0
2020,PT,KZNS,,,,KZNS,0.5
2020,PT,KZALA,,,,KZALA,0.9
2020,PT,KZSHY,,,,KZSHY,0.8
2020,PT,,M,,,,2.5
2020,PT,KZAKM,M,,,KZAKM,3.9
2020,PT,KZAKT,M,,,KZAKT,1.7
2020,PT,KZALM,M,,,KZALM,4.0
2020,PT,KZATY,M,,,KZATY,0.5
2020,PT,KZZAP,M,,,KZZAP,3.0
2020,PT,KZZHA,M,,,KZZHA,1.5
2020,PT,KZKAR,M,,,KZKAR,3.6
2020,PT,KZKUS,M,,,KZKUS,3.9
2020,PT,KZKZY,M,,,KZKZY,4.7
2020,PT,KZMAN,M,,,KZMAN,0.6
2020,PT,KZPAV,M,,,KZPAV,1.6
2020,PT,KZSEV,M,,,KZSEV,1.2
2020,PT,KZYUZ,M,,,KZYUZ,3.4
2020,PT,KZVOS,M,,,KZVOS,3.0
2020,PT,KZNS,M,,,KZNS,0.7
2020,PT,KZALA,M,,,KZALA,0.9
2020,PT,KZSHY,M,,,KZSHY,0.9
2020,PT,,F,,,,2.1
2020,PT,KZAKM,F,,,KZAKM,4.5
2020,PT,KZAKT,F,,,KZAKT,1.5
2020,PT,KZALM,F,,,KZALM,3.4
2020,PT,KZATY,F,,,KZATY,0.4
2020,PT,KZZAP,F,,,KZZAP,2.8
2020,PT,KZZHA,F,,,KZZHA,1.3
2020,PT,KZKAR,F,,,KZKAR,2.3
2020,PT,KZKUS,F,,,KZKUS,5.4
2020,PT,KZKZY,F,,,KZKZY,2.4
2020,PT,KZMAN,F,,,KZMAN,1.8
2020,PT,KZPAV,F,,,KZPAV,1.3
2020,PT,KZSEV,F,,,KZSEV,1.3
2020,PT,KZYUZ,F,,,KZYUZ,1.9
2020,PT,KZVOS,F,,,KZVOS,2.9
2020,PT,KZNS,F,,,KZNS,0.2
2020,PT,KZALA,F,,,KZALA,0.9
2020,PT,KZSHY,F,,,KZSHY,0.6
2020,PT,,,U,,,1.4
2020,PT,KZAKM,,U,,KZAKM,2.7
2020,PT,KZAKT,,U,,KZAKT,1.6
2020,PT,KZALM,,U,,KZALM,3.6
2020,PT,KZATY,,U,,KZATY,0.2
2020,PT,KZZAP,,U,,KZZAP,1.2
2020,PT,KZZHA,,U,,KZZHA,1.6
2020,PT,KZKAR,,U,,KZKAR,3.3
2020,PT,KZKUS,,U,,KZKUS,2.5
2020,PT,KZKZY,,U,,KZKZY,1.8
2020,PT,KZMAN,,U,,KZMAN,0.7
2020,PT,KZPAV,,U,,KZPAV,0.5
2020,PT,KZSEV,,U,,KZSEV,1.7
2020,PT,KZYUZ,,U,,KZYUZ,1.6
2020,PT,KZVOS,,U,,KZVOS,0.8
2020,PT,KZNS,,U,,KZNS,0.5
2020,PT,KZALA,,U,,KZALA,0.9
2020,PT,KZSHY,,U,,KZSHY,0.8
2020,PT,,,R,,,3.5
2020,PT,KZAKM,,R,,KZAKM,5.5
2020,PT,KZAKT,,R,,KZAKT,1.6
2020,PT,KZALM,,R,,KZALM,3.7
2020,PT,KZATY,,R,,KZATY,0.7
2020,PT,KZZAP,,R,,KZZAP,4.6
2020,PT,KZZHA,,R,,KZZHA,1.3
2020,PT,KZKAR,,R,,KZKAR,1.9
2020,PT,KZKUS,,R,,KZKUS,7.5
2020,PT,KZKZY,,R,,KZKZY,5.1
2020,PT,KZMAN,,R,,KZMAN,1.4
2020,PT,KZPAV,,R,,KZPAV,3.5
2020,PT,KZSEV,,R,,KZSEV,0.9
2020,PT,KZYUZ,,R,,KZYUZ,3.0
2020,PT,KZVOS,,R,,KZVOS,6.5
2020,PT,,,,Y15,,89.6
2020,PT,,,,Y16T24,,2.6
2020,PT,,,,M25T28,,1.6
2020,PT,,,,M29T34,,1.8
2020,PT,,,,Y35T44,,1.9
2020,PT,,,,Y45T54,,2.5
2020,PT,,,,Y55T64,,3.5
2020,PT,,,,Y_GE65,,9.2
2020,PT,,,,Y15,,48.5
2020,PT,KZAKM,,,Y16T24,KZAKM,4.6
2020,PT,KZAKM,,,M25T28,KZAKM,2.8
2020,PT,KZAKM,,,M29T34,KZAKM,2.6
2020,PT,KZAKM,,,Y35T44,KZAKM,2.8
2020,PT,KZAKM,,,Y45T54,KZAKM,3.1
2020,PT,KZAKM,,,Y55T64,KZAKM,7.7
2020,PT,KZAKM,,,Y_GE65,KZAKM,14.3
2020,PT,KZAKT,,,Y16T24,KZAKT,0.9
2020,PT,KZAKT,,,M25T28,KZAKT,1.5
2020,PT,KZAKT,,,M29T34,KZAKT,1.9
2020,PT,KZAKT,,,Y35T44,KZAKT,2.2
2020,PT,KZAKT,,,Y45T54,KZAKT,1.4
2020,PT,KZAKT,,,Y55T64,KZAKT,0.4
2020,PT,KZAKT,,,Y_GE65,KZAKT,0.0
2020,PT,,,,Y15,,100.0
2020,PT,KZALM,,,Y16T24,KZALM,2.8
2020,PT,KZALM,,,M25T28,KZALM,2.0
2020,PT,KZALM,,,M29T34,KZALM,3.8
2020,PT,KZALM,,,Y35T44,KZALM,3.2
2020,PT,KZALM,,,Y45T54,KZALM,3.8
2020,PT,KZALM,,,Y55T64,KZALM,7.1
2020,PT,KZALM,,,Y_GE65,KZALM,13.9
2020,PT,KZATY,,,Y16T24,KZATY,0.7
2020,PT,KZATY,,,M25T28,KZATY,0.7
2020,PT,KZATY,,,M29T34,KZATY,0.6
2020,PT,KZATY,,,Y35T44,KZATY,0.3
2020,PT,KZATY,,,Y45T54,KZATY,0.3
2020,PT,KZATY,,,Y55T64,KZATY,0.3
2020,PT,KZALM,,,Y_GE65,KZALM,0.0
2020,PT,KZZAP,,,Y16T24,KZZAP,2.7
2020,PT,KZZAP,,,M25T28,KZZAP,2.8
2020,PT,KZZAP,,,M29T34,KZZAP,3.9
2020,PT,KZZAP,,,Y35T44,KZZAP,3.0
2020,PT,KZZAP,,,Y45T54,KZZAP,3.6
2020,PT,KZZAP,,,Y55T64,KZZAP,1.3
2020,PT,KZAP,,,Y_GE65,KZAP,0.0
2020,PT,KZZHA,,,Y16T24,KZZHA,2.0
2020,PT,KZZHA,,,M25T28,KZZHA,0.9
2020,PT,KZZHA,,,M29T34,KZZHA,1.3
2020,PT,KZZHA,,,Y35T44,KZZHA,2.1
2020,PT,KZZHA,,,Y45T54,KZZHA,0.9
2020,PT,KZZHA,,,Y55T64,KZZHA,1.2
2020,PT,KZZHA,,,Y_GE65,KZZHA,0.4
2020,PT,KZZHA,,,Y_GE65,KZZHA,100.0
2020,PT,KZKAR,,,Y16T24,KZKAR,3.6
2020,PT,KZKAR,,,M25T28,KZKAR,3.1
2020,PT,KZKAR,,,M29T34,KZKAR,2.2
2020,PT,KZKAR,,,Y35T44,KZKAR,3.2
2020,PT,KZKAR,,,Y45T54,KZKAR,2.7
2020,PT,KZKAR,,,Y55T64,KZKAR,3.0
2020,PT,KZKAR,,,Y_GE65,KZKAR,9.4
2020,PT,KZKUS,,,Y15,KZKUS,100.0
2020,PT,KZKUS,,,Y16T24,KZKUS,3.0
2020,PT,KZKUS,,,M25T28,KZKUS,2.8
2020,PT,KZKUS,,,M29T34,KZKUS,3.6
2020,PT,KZKUS,,,Y35T44,KZKUS,3.6
2020,PT,KZKUS,,,Y45T54,KZKUS,3.6
2020,PT,KZKUS,,,Y55T64,KZKUS,8.5
2020,PT,KZKUS,,,Y_GE65,KZKUS,19.3
2020,PT,KZKZY,,,Y16T24,KZKZY,7.6
2020,PT,KZKZY,,,M25T28,KZKZY,4.8
2020,PT,KZKZY,,,M29T34,KZKZY,4.1
2020,PT,KZKZY,,,Y35T44,KZKZY,2.6
2020,PT,KZKZY,,,Y45T54,KZKZY,2.0
2020,PT,KZKZY,,,Y55T64,KZKZY,2.8
2020,PT,KZKZY,,,Y_GE65,KZKZY,0.0
2020,PT,KZMAN,,,Y16T24,KZMAN,3.3
2020,PT,KZMAN,,,M25T28,KZMAN,0.6
2020,PT,KZMAN,,,M29T34,KZMAN,1.0
2020,PT,KZMAN,,,Y35T44,KZMAN,0.5
2020,PT,KZMAN,,,Y45T54,KZMAN,1.6
2020,PT,KZMAN,,,Y55T64,KZMAN,0.6
2020,PT,KZMAN,,,Y_GE65,KZMAN,0.0
2020,PT,,,,Y15,,70.9
2020,PT,KZPAV,,,Y16T24,KZPAV,5.1
2020,PT,KZPAV,,,M25T28,KZPAV,1.0
2020,PT,KZPAV,,,M29T34,KZPAV,1.3
2020,PT,KZPAV,,,Y35T44,KZPAV,1.1
2020,PT,KZPAV,,,Y45T54,KZPAV,1.2
2020,PT,KZPAV,,,Y55T64,KZPAV,0.9
2020,PT,KZPAV,,,Y_GE65,KZPAV,5.1
2020,PT,KZSEV,,,Y16T24,KZSEV,1.3
2020,PT,KZSEV,,,M25T28,KZSEV,1.8
2020,PT,KZSEV,,,M29T34,KZSEV,1.1
2020,PT,KZSEV,,,Y35T44,KZSEV,0.9
2020,PT,KZSEV,,,Y45T54,KZSEV,1.6
2020,PT,KZSEV,,,Y55T64,KZSEV,1.2
2020,PT,KZSEV,,,Y_GE65,KZSEV,0.5
2020,PT,KZYUZ,,,Y16T24,KZYUZ,3.2
2020,PT,KZYUZ,,,M25T28,KZYUZ,1.7
2020,PT,KZYUZ,,,M29T34,KZYUZ,2.7
2020,PT,KZYUZ,,,Y35T44,KZYUZ,2.1
2020,PT,KZYUZ,,,Y45T54,KZYUZ,3.6
2020,PT,KZYUZ,,,Y55T64,KZYUZ,3.6
2020,PT,KZYUZ,,,Y_GE65,KZYUZ,18.3
2020,PT,KZVOS,,,Y16T24,KZVOS,3.1
2020,PT,KZVOS,,,M25T28,KZVOS,0.9
2020,PT,KZVOS,,,M29T34,KZVOS,1.6
2020,PT,KZVOS,,,Y35T44,KZVOS,2.2
2020,PT,KZVOS,,,Y45T54,KZVOS,5.3
2020,PT,KZVOS,,,Y55T64,KZVOS,3.4
2020,PT,KZVOS,,,Y_GE65,KZVOS,11.5
2020,PT,KZNS,,,Y16T24,KZNS,0.7
2020,PT,KZNS,,,M25T28,KZNS,0.3
2020,PT,KZNS,,,M29T34,KZNS,0.2
2020,PT,KZNS,,,Y35T44,KZNS,0.1
2020,PT,KZNS,,,Y45T54,KZNS,1.4
2020,PT,KZNS,,,Y55T64,KZNS,0.4
2020,PT,KZNS,,,Y_GE65,KZNS,0.0
2020,PT,KZALA,,,Y16T24,KZALA,0.6
2020,PT,KZALA,,,M25T28,KZALA,0.8
2020,PT,KZALA,,,M29T34,KZALA,0.1
2020,PT,KZALA,,,Y35T44,KZALA,0.6
2020,PT,KZALA,,,Y45T54,KZALA,0.7
2020,PT,KZALA,,,Y55T64,KZALA,4.9
2020,PT,KZALA,,,Y_GE65,KZALA,0.0
2020,PT,KZSHY,,,Y16T24,KZSHY,1.1
2020,PT,KZSHY,,,M25T28,KZSHY,0.7
2020,PT,KZSHY,,,M29T34,KZSHY,0.9
2020,PT,KZSHY,,,Y35T44,KZSHY,0.6
2020,PT,KZSHY,,,Y45T54,KZSHY,0.8
2020,PT,KZSHY,,,Y55T64,KZSHY,0.8
2021,PT,,,,,,2.0
2021,PT,KZAKM,,,,KZAKM,4.4
2021,PT,KZAKT,,,,KZAKT,1.6
2021,PT,KZALM,,,,KZALM,3.4
2021,PT,KZATY,,,,KZATY,0.5
2021,PT,KZZAP,,,,KZZAP,2.6
2021,PT,KZZHA,,,,KZZHA,1.4
2021,PT,KZKAR,,,,KZKAR,2.7
2021,PT,KZKUS,,,,KZKUS,2.3
2021,PT,KZKZY,,,,KZKZY,3.6
2021,PT,KZMAN,,,,KZMAN,0.9
2021,PT,KZPAV,,,,KZPAV,1.5
2021,PT,KZSEV,,,,KZSEV,0.8
2021,PT,KZYUZ,,,,KZYUZ,2.3
2021,PT,KZVOS,,,,KZVOS,3.0
2021,PT,KZNS,,,,KZNS,0.5
2021,PT,KZALA,,,,KZALA,1.0
2021,PT,KZSHY,,,,KZSHY,0.7
2021,PT,,M,,,,2.3
2021,PT,KZAKM,M,,,KZAKM,3.8
2021,PT,KZAKT,M,,,KZAKT,1.4
2021,PT,KZALM,M,,,KZALM,4.0
2021,PT,KZATY,M,,,KZATY,0.6
2021,PT,KZZAP,M,,,KZZAP,2.4
2021,PT,KZZHA,M,,,KZZHA,1.3
2021,PT,KZKAR,M,,,KZKAR,2.9
2021,PT,KZKUS,M,,,KZKUS,2.3
2021,PT,KZKZY,M,,,KZKZY,4.9
2021,PT,KZMAN,M,,,KZMAN,0.7
2021,PT,KZPAV,M,,,KZPAV,1.8
2021,PT,KZSEV,M,,,KZSEV,0.8
2021,PT,KZYUZ,M,,,KZYUZ,3.2
2021,PT,KZVOS,M,,,KZVOS,3.4
2021,PT,KZNS,M,,,KZNS,0.5
2021,PT,KZALA,M,,,KZALA,1.2
2021,PT,KZSHY,M,,,KZSHY,0.8
2021,PT,,F,,,,1.8
2021,PT,KZAKM,F,,,KZAKM,5.0
2021,PT,KZAKT,F,,,KZAKT,1.8
2021,PT,KZALM,F,,,KZALM,2.8
2021,PT,KZATY,F,,,KZATY,0.5
2021,PT,KZZAP,F,,,KZZAP,2.9
2021,PT,KZZHA,F,,,KZZHA,1.6
2021,PT,KZKAR,F,,,KZKAR,2.5
2021,PT,KZKUS,F,,,KZKUS,5.4
2021,PT,KZKZY,F,,,KZKZY,2.4
2021,PT,KZMAN,F,,,KZMAN,1.2
2021,PT,KZPAV,F,,,KZPAV,1.2
2021,PT,KZSEV,F,,,KZSEV,0.9
2021,PT,KZYUZ,F,,,KZYUZ,1.2
2021,PT,KZVOS,F,,,KZVOS,2.6
2021,PT,KZNS,F,,,KZNS,0.5
2021,PT,KZALA,F,,,KZALA,0.7
2021,PT,KZSHY,F,,,KZSHY,0.6
2021,PT,,,U,,,1.3
2021,PT,KZAKM,,U,,KZAKM,2.6
2021,PT,KZAKT,,U,,KZAKT,0.9
2021,PT,KZALM,,U,,KZALM,3.4
2021,PT,KZATY,,U,,KZATY,0.5
2021,PT,KZZAP,,U,,KZZAP,1.3
2021,PT,KZZHA,,U,,KZZHA,1.8
2021,PT,KZKAR,,U,,KZKAR,3.0
2021,PT,KZKUS,,U,,KZKUS,1.4
2021,PT,KZKZY,,U,,KZKZY,2.1
2021,PT,KZMAN,,U,,KZMAN,0.6
2021,PT,KZPAV,,U,,KZPAV,0.7
2021,PT,KZSEV,,U,,KZSEV,0.9
2021,PT,KZYUZ,,U,,KZYUZ,2.4
2021,PT,KZVOS,,U,,KZVOS,0.9
2021,PT,KZNS,,U,,KZNS,0.5
2021,PT,KZALA,,U,,KZALA,1.0
2021,PT,KZSHY,,U,,KZSHY,0.7
2021,PT,,,R,,,3.0
2021,PT,KZAKM,,R,,KZAKM,6.0
2021,PT,KZAKT,,R,,KZAKT,3.1
2021,PT,KZALM,,R,,KZALM,3.4
2021,PT,KZATY,,R,,KZATY,0.5
2021,PT,KZZAP,,R,,KZZAP,4.0
2021,PT,KZZHA,,R,,KZZHA,1.1
2021,PT,KZKAR,,R,,KZKAR,1.6
2021,PT,KZKUS,,R,,KZKUS,3.6
2021,PT,KZKZY,,R,,KZKZY,4.7
2021,PT,KZMAN,,R,,KZMAN,1.2
2021,PT,KZPAV,,R,,KZPAV,3.1
2021,PT,KZSEV,,R,,KZSEV,0.8
2021,PT,KZYUZ,,R,,KZYUZ,2.3
2021,PT,KZVOS,,R,,KZVOS,6.3
2021,PT,,,,Y15,,48.5
2021,PT,,,,Y16T24,,2.5
2021,PT,,,,M25T28,,1.7
2021,PT,,,,M29T34,,1.7
2021,PT,,,,Y35T44,,1.7
2021,PT,,,,Y45T54,,2.0
2021,PT,,,,Y55T64,,2.7
2021,PT,,,,Y_GE65,,8.3
2021,PT,,,,Y15,,48.5
2021,PT,KZAKM,,,Y16T24,KZAKM,3.8
2021,PT,KZAKM,,,M25T28,KZAKM,3.1
2021,PT,KZAKM,,,M29T34,KZAKM,2.9
2021,PT,KZAKM,,,Y35T44,KZAKM,2.8
2021,PT,KZAKM,,,Y45T54,KZAKM,3.2
2021,PT,KZAKM,,,Y55T64,KZAKM,7.0
2021,PT,KZAKM,,,Y_GE65,KZAKM,21.8
2021,PT,KZAKT,,,Y16T24,KZAKT,1.1
2021,PT,KZAKT,,,M25T28,KZAKT,0.7
2021,PT,KZAKT,,,M29T34,KZAKT,0.9
2021,PT,KZAKT,,,Y35T44,KZAKT,1.8
2021,PT,KZAKT,,,Y45T54,KZAKT,2.3
2021,PT,KZAKT,,,Y55T64,KZAKT,2.3
2021,PT,KZAKT,,,Y_GE65,KZAKT,0.0
2021,PT,,,,Y15,,100.0
2021,PT,KZALM,,,Y16T24,KZALM,3.8
2021,PT,KZALM,,,M25T28,KZALM,2.8
2021,PT,KZALM,,,M29T34,KZALM,3.5
2021,PT,KZALM,,,Y35T44,KZALM,2.9
2021,PT,KZALM,,,Y45T54,KZALM,3.6
2021,PT,KZALM,,,Y55T64,KZALM,3.8
2021,PT,KZALM,,,Y_GE65,KZALM,6.9
2021,PT,KZATY,,,Y16T24,KZATY,0.6
2021,PT,KZATY,,,M25T28,KZATY,1.4
2021,PT,KZATY,,,M29T34,KZATY,0.7
2021,PT,KZATY,,,Y35T44,KZATY,0.3
2021,PT,KZATY,,,Y45T54,KZATY,0.3
2021,PT,KZATY,,,Y55T64,KZATY,0.3
2021,PT,KZALM,,,Y_GE65,KZALM,0.0
2021,PT,KZZAP,,,Y16T24,KZZAP,2.2
2021,PT,KZZAP,,,M25T28,KZZAP,3.0
2021,PT,KZZAP,,,M29T34,KZZAP,1.9
2021,PT,KZZAP,,,Y35T44,KZZAP,2.1
2021,PT,KZZAP,,,Y45T54,KZZAP,3.0
2021,PT,KZZAP,,,Y55T64,KZZAP,3.7
2021,PT,KZAP,,,Y_GE65,KZAP,0.0
2021,PT,KZZHA,,,Y16T24,KZZHA,2.6
2021,PT,KZZHA,,,M25T28,KZZHA,1.0
2021,PT,KZZHA,,,M29T34,KZZHA,0.8
2021,PT,KZZHA,,,Y35T44,KZZHA,1.1
2021,PT,KZZHA,,,Y45T54,KZZHA,0.9
2021,PT,KZZHA,,,Y55T64,KZZHA,2.8
2021,PT,KZZHA,,,Y_GE65,KZZHA,6.3
2021,PT,KZKAR,,,Y16T24,KZKAR,4.7
2021,PT,KZKAR,,,M25T28,KZKAR,1.6
2021,PT,KZKAR,,,M29T34,KZKAR,2.3
2021,PT,KZKAR,,,Y35T44,KZKAR,3.1
2021,PT,KZKAR,,,Y45T54,KZKAR,2.3
2021,PT,KZKAR,,,Y55T64,KZKAR,3.0
2021,PT,KZKAR,,,Y_GE65,KZKAR,5.3
2021,PT,KZKUS,,,Y15,KZKUS,0.0
2021,PT,KZKUS,,,Y16T24,KZKUS,2.7
2021,PT,KZKUS,,,M25T28,KZKUS,2.2
2021,PT,KZKUS,,,M29T34,KZKUS,1.6
2021,PT,KZKUS,,,Y35T44,KZKUS,1.7
2021,PT,KZKUS,,,Y45T54,KZKUS,1.3
2021,PT,KZKUS,,,Y55T64,KZKUS,4.2
2021,PT,KZKUS,,,Y_GE65,KZKUS,6.4
2021,PT,KZKZY,,,Y16T24,KZKZY,5.0
2021,PT,KZKZY,,,M25T28,KZKZY,4.7
2021,PT,KZKZY,,,M29T34,KZKZY,3.0
2021,PT,KZKZY,,,Y35T44,KZKZY,3.1
2021,PT,KZKZY,,,Y45T54,KZKZY,3.6
2021,PT,KZKZY,,,Y55T64,KZKZY,2.6
2021,PT,KZKZY,,,Y_GE65,KZKZY,0.0
2021,PT,KZMAN,,,Y16T24,KZMAN,1.8
2021,PT,KZMAN,,,M25T28,KZMAN,1.7
2021,PT,KZMAN,,,M29T34,KZMAN,0.7
2021,PT,KZMAN,,,Y35T44,KZMAN,0.6
2021,PT,KZMAN,,,Y45T54,KZMAN,1.1
2021,PT,KZMAN,,,Y55T64,KZMAN,0.3
2021,PT,KZMAN,,,Y_GE65,KZMAN,0.0
2021,PT,,,,Y15,,48.8
2021,PT,KZPAV,,,Y16T24,KZPAV,3.4
2021,PT,KZPAV,,,M25T28,KZPAV,1.0
2021,PT,KZPAV,,,M29T34,KZPAV,1.3
2021,PT,KZPAV,,,Y35T44,KZPAV,1.2
2021,PT,KZPAV,,,Y45T54,KZPAV,1.4
2021,PT,KZPAV,,,Y55T64,KZPAV,1.2
2021,PT,KZPAV,,,Y_GE65,KZPAV,2.1
2021,PT,,,,Y15,,100.0
2021,PT,KZSEV,,,Y16T24,KZSEV,0.8
2021,PT,KZSEV,,,M25T28,KZSEV,1.2
2021,PT,KZSEV,,,M29T34,KZSEV,0.8
2021,PT,KZSEV,,,Y35T44,KZSEV,0.9
2021,PT,KZSEV,,,Y45T54,KZSEV,0.6
2021,PT,KZSEV,,,Y55T64,KZSEV,0.8
2021,PT,KZSEV,,,Y_GE65,KZSEV,1.2
2021,PT,KZYUZ,,,Y16T24,KZYUZ,2.6
2021,PT,KZYUZ,,,M25T28,KZYUZ,2.6
2021,PT,KZYUZ,,,M29T34,KZYUZ,2.4
2021,PT,KZYUZ,,,Y35T44,KZYUZ,2.5
2021,PT,KZYUZ,,,Y45T54,KZYUZ,2.1
2021,PT,KZYUZ,,,Y55T64,KZYUZ,1.4
2021,PT,KZYUZ,,,Y_GE65,KZYUZ,0.0
2021,PT,KZVOS,,,Y16T24,KZVOS,4.1
2021,PT,KZVOS,,,M25T28,KZVOS,1.9
2021,PT,KZVOS,,,M29T34,KZVOS,2.4
2021,PT,KZVOS,,,Y35T44,KZVOS,2.5
2021,PT,KZVOS,,,Y45T54,KZVOS,2.9
2021,PT,KZVOS,,,Y55T64,KZVOS,4.1
2021,PT,KZVOS,,,Y_GE65,KZVOS,11.2
2021,PT,KZNS,,,Y16T24,KZNS,0.0
2021,PT,KZNS,,,M25T28,KZNS,0.6
2021,PT,KZNS,,,M29T34,KZNS,0.8
2021,PT,KZNS,,,Y35T44,KZNS,0.5
2021,PT,KZNS,,,Y45T54,KZNS,0.5
2021,PT,KZNS,,,Y55T64,KZNS,0.6
2021,PT,KZNS,,,Y_GE65,KZNS,0.0
2021,PT,KZALA,,,Y16T24,KZALA,0.5
2021,PT,KZALA,,,M25T28,KZALA,0.7
2021,PT,KZALA,,,M29T34,KZALA,1.2
2021,PT,KZALA,,,Y35T44,KZALA,0.9
2021,PT,KZALA,,,Y45T54,KZALA,0.9
2021,PT,KZALA,,,Y55T64,KZALA,1.6
2021,PT,KZALA,,,Y_GE65,KZALA,0.5
2021,PT,KZSHY,,,Y16T24,KZSHY,0.3
2021,PT,KZSHY,,,M25T28,KZSHY,1.1
2021,PT,KZSHY,,,M29T34,KZSHY,0.6
2021,PT,KZSHY,,,Y35T44,KZSHY,0.4
2021,PT,KZSHY,,,Y45T54,KZSHY,1.2
2021,PT,KZSHY,,,Y55T64,KZSHY,1.1
2022,PT,,,,,,2.0
2022,PT,KZABY,,,,KZABY,1.8
2022,PT,KZAKM,,,,KZAKM,3.4
2022,PT,KZAKT,,,,KZAKT,1.5
2022,PT,KZALM,,,,KZALM,4.8
2022,PT,KZATY,,,,KZATY,0.4
2022,PT,KZZAP,,,,KZZAP,2.5
2022,PT,KZZHA,,,,KZZHA,1.5
2022,PT,KZZHS,,,,KZZHS,5.7
2022,PT,KZKAR,,,,KZKAR,2.7
2022,PT,KZKUS,,,,KZKUS,2.2
2022,PT,KZKZY,,,,KZKZY,3.3
2022,PT,KZMAN,,,,KZMAN,1.3
2022,PT,KZPAV,,,,KZPAV,1.5
2022,PT,KZSEV,,,,KZSEV,0.5
2022,PT,KZYUZ,,,,KZYUZ,2.6
2022,PT,KZULU,,,,KZULU,1.1
2022,PT,KZVOS,,,,KZVOS,1.6
2022,PT,KZNS,,,,KZNS,0.6
2022,PT,KZALA,,,,KZALA,0.6
2022,PT,KZSHY,,,,KZSHY,0.7
2022,PT,,M,,,,2.3
2022,PT,KZABY,M,,,KZABY,1.9
2022,PT,KZAKM,M,,,KZAKM,3.1
2022,PT,KZAKT,M,,,KZAKT,1.3
2022,PT,KZALM,M,,,KZALM,5.0
2022,PT,KZATY,M,,,KZATY,0.5
2022,PT,KZZAP,M,,,KZZAP,2.5
2022,PT,KZZHA,M,,,KZZHA,1.7
2022,PT,KZZHS,M,,,KZZHS,6.7
2022,PT,KZKAR,M,,,KZKAR,3.2
2022,PT,KZKUS,M,,,KZKUS,2.6
2022,PT,KZKZY,M,,,KZKZY,4.6
2022,PT,KZMAN,M,,,KZMAN,0.7
2022,PT,KZPAV,M,,,KZPAV,1.7
2022,PT,KZSEV,M,,,KZSEV,0.5
2022,PT,KZYUZ,M,,,KZYUZ,3.1
2022,PT,KZULU,M,,,KZULU,1.7
2022,PT,KZVOS,M,,,KZVOS,1.4
2022,PT,KZNS,M,,,KZNS,0.6
2022,PT,KZALA,M,,,KZALA,0.8
2022,PT,KZSHY,M,,,KZSHY,0.6
2022,PT,,F,,,,1.8
2022,PT,KZABY,F,,,KZABY,1.8
2022,PT,KZAKM,F,,,KZAKM,3.8
2022,PT,KZAKT,F,,,KZAKT,1.7
2022,PT,KZALM,F,,,KZALM,4.5
2022,PT,KZATY,F,,,KZATY,0.3
2022,PT,KZZAP,F,,,KZZAP,2.5
2022,PT,KZZHA,F,,,KZZHA,1.4
2022,PT,KZZHS,F,,,KZZHS,4.6
2022,PT,KZKAR,F,,,KZKAR,1.9
2022,PT,KZKUS,F,,,KZKUS,1.9
2022,PT,KZKZY,F,,,KZKZY,1.8
2022,PT,KZMAN,F,,,KZMAN,2.0
2022,PT,KZPAV,F,,,KZPAV,1.2
2022,PT,KZSEV,F,,,KZSEV,0.5
2022,PT,KZYUZ,F,,,KZYUZ,2.1
2022,PT,KZULU,F,,,KZULU,0.5
2022,PT,KZVOS,F,,,KZVOS,1.9
2022,PT,KZNS,F,,,KZNS,0.6
2022,PT,KZALA,F,,,KZALA,0.3
2022,PT,KZSHY,F,,,KZSHY,0.8
2022,PT,,,U,,,1.3
2022,PT,KZABY,,U,,KZABY,0.9
2022,PT,KZAKM,,U,,KZAKM,2.6
2022,PT,KZAKT,,U,,KZAKT,1.0
2022,PT,KZALM,,U,,KZALM,3.2
2022,PT,KZATY,,U,,KZATY,0.1
2022,PT,KZZAP,,U,,KZZAP,1.3
2022,PT,KZZHA,,U,,KZZHA,1.8
2022,PT,KZZHS,,U,,KZZHS,5.2
2022,PT,KZKAR,,U,,KZKAR,2.8
2022,PT,KZKUS,,U,,KZKUS,1.1
2022,PT,KZKZY,,U,,KZKZY,1.4
2022,PT,KZMAN,,U,,KZMAN,1.8
2022,PT,KZPAV,,U,,KZPAV,0.8
2022,PT,KZSEV,,U,,KZSEV,0.4
2022,PT,KZYUZ,,U,,KZYUZ,4.5
2022,PT,KZULU,,U,,KZULU,1.4
2022,PT,KZVOS,,U,,KZVOS,0.3
2022,PT,KZNS,,U,,KZNS,0.6
2022,PT,KZALA,,U,,KZALA,0.6
2022,PT,KZSHY,,U,,KZSHY,0.7
2022,PT,,,R,,,3.2
2022,PT,KZABY,,R,,KZABY,3.1
2022,PT,KZAKM,,R,,KZAKM,4.4
2022,PT,KZAKT,,R,,KZAKT,2.9
2022,PT,KZALM,,R,,KZALM,5.0
2022,PT,KZATY,,R,,KZATY,0.9
2022,PT,KZZAP,,R,,KZZAP,3.9
2022,PT,KZZHA,,R,,KZZHA,1.3
2022,PT,KZZHS,,R,,KZZHS,6.2
2022,PT,KZKAR,,R,,KZKAR,2.3
2022,PT,KZKUS,,R,,KZKUS,4.0
2022,PT,KZKZY,,R,,KZKZY,5.0
2022,PT,KZMAN,,R,,KZMAN,0.8
2022,PT,KZPAV,,R,,KZPAV,3.0
2022,PT,KZSEV,,R,,KZSEV,0.6
2022,PT,KZYUZ,,R,,KZYUZ,2.1
2022,PT,KZULU,,R,,KZULU,0.1
2022,PT,KZVOS,,R,,KZVOS,4.0
2022,PT,,,,Y15,,56.3
2022,PT,,,,Y16T24,,2.2
2022,PT,,,,M25T28,,2.0
2022,PT,,,,M29T34,,1.9
2022,PT,,,,Y35T44,,1.8
2022,PT,,,,Y45T54,,2.0
2022,PT,,,,Y55T64,,2.3
2022,PT,,,,Y_GE65,,7.9
2022,PT,KZABY,,,Y16T24,KZABY,1.4
2022,PT,KZABY,,,M25T28,KZABY,1.6
2022,PT,KZABY,,,M29T34,KZABY,1.9
2022,PT,KZABY,,,Y35T44,KZABY,1.3
2022,PT,KZABY,,,Y45T54,KZABY,2.6
2022,PT,KZABY,,,Y55T64,KZABY,2.6
2022,PT,KZABY,,,Y_GE65,KZABY,0.0
2022,PT,KZAKM,,,Y16T24,KZAKM,3.2
2022,PT,KZAKM,,,M25T28,KZAKM,3.0
2022,PT,KZAKM,,,M29T34,KZAKM,2.2
2022,PT,KZAKM,,,Y35T44,KZAKM,2.0
2022,PT,KZAKM,,,Y45T54,KZAKM,2.1
2022,PT,KZAKM,,,Y55T64,KZAKM,4.9
2022,PT,KZAKM,,,Y_GE65,KZAKM,18.7
2022,PT,KZAKT,,,Y16T24,KZAKT,1.0
2022,PT,KZAKT,,,M25T28,KZAKT,1.3
2022,PT,KZAKT,,,M29T34,KZAKT,1.1
2022,PT,KZAKT,,,Y35T44,KZAKT,1.4
2022,PT,KZAKT,,,Y45T54,KZAKT,1.6
2022,PT,KZAKT,,,Y55T64,KZAKT,2.8
2022,PT,KZAKT,,,Y_GE65,KZAKT,7.1
2022,PT,KZALM,,,Y16T24,KZALM,3.8
2022,PT,KZALM,,,M25T28,KZALM,3.5
2022,PT,KZALM,,,M29T34,KZALM,6.7
2022,PT,KZALM,,,Y35T44,KZALM,4.8
2022,PT,KZALM,,,Y45T54,KZALM,4.5
2022,PT,KZALM,,,Y55T64,KZALM,4.3
2022,PT,KZALM,,,Y_GE65,KZALM,0.0
2022,PT,KZATY,,,Y16T24,KZATY,0.4
2022,PT,KZATY,,,M25T28,KZATY,0.5
2022,PT,KZATY,,,M29T34,KZATY,0.4
2022,PT,KZATY,,,Y35T44,KZATY,0.5
2022,PT,KZATY,,,Y45T54,KZATY,0.5
2022,PT,KZATY,,,Y55T64,KZATY,0.3
2022,PT,KZALM,,,Y_GE65,KZALM,0.0
2022,PT,KZZAP,,,Y16T24,KZZAP,2.2
2022,PT,KZZAP,,,M25T28,KZZAP,2.7
2022,PT,KZZAP,,,M29T34,KZZAP,1.8
2022,PT,KZZAP,,,Y35T44,KZZAP,2.0
2022,PT,KZZAP,,,Y45T54,KZZAP,3.5
2022,PT,KZZAP,,,Y55T64,KZZAP,2.7
2022,PT,KZAP,,,Y_GE65,KZAP,0.0
2022,PT,KZZHA,,,Y16T24,KZZHA,0.9
2022,PT,KZZHA,,,M25T28,KZZHA,1.3
2022,PT,KZZHA,,,M29T34,KZZHA,1.9
2022,PT,KZZHA,,,Y35T44,KZZHA,1.8
2022,PT,KZZHA,,,Y45T54,KZZHA,1.9
2022,PT,KZZHA,,,Y55T64,KZZHA,0.8
2022,PT,KZZHA,,,Y_GE65,KZZHA,2.2
2022,PT,KZZHS,,,Y16T24,KZZHS,5.2
2022,PT,KZZHS,,,M25T28,KZZHS,5.9
2022,PT,KZZHS,,,M29T34,KZZHS,5.4
2022,PT,KZZHS,,,Y35T44,KZZHS,4.9
2022,PT,KZZHS,,,Y45T54,KZZHS,6.3
2022,PT,KZZHS,,,Y55T64,KZZHS,8.1
2022,PT,KZZHS,,,Y_GE65,KZZHS,7.3
2022,PT,KZKAR,,,Y15,KZKAR,100.0
2022,PT,KZKAR,,,Y16T24,KZKAR,4.2
2022,PT,KZKAR,,,M25T28,KZKAR,1.9
2022,PT,KZKAR,,,M29T34,KZKAR,2.9
2022,PT,KZKAR,,,Y35T44,KZKAR,2.9
2022,PT,KZKAR,,,Y45T54,KZKAR,1.8
2022,PT,KZKAR,,,Y55T64,KZKAR,2.5
2022,PT,KZKAR,,,Y_GE65,KZKAR,4.4
2022,PT,KZKUS,,,Y15,KZKUS,0.0
2022,PT,KZKUS,,,Y16T24,KZKUS,1.1
2022,PT,KZKUS,,,M25T28,KZKUS,1.5
2022,PT,KZKUS,,,M29T34,KZKUS,1.5
2022,PT,KZKUS,,,Y35T44,KZKUS,1.9
2022,PT,KZKUS,,,Y45T54,KZKUS,1.9
2022,PT,KZKUS,,,Y55T64,KZKUS,2.7
2022,PT,KZKUS,,,Y_GE65,KZKUS,10.4
2022,PT,KZKZY,,,Y16T24,KZKZY,6.9
2022,PT,KZKZY,,,M25T28,KZKZY,3.9
2022,PT,KZKZY,,,M29T34,KZKZY,2.9
2022,PT,KZKZY,,,Y35T44,KZKZY,2.7
2022,PT,KZKZY,,,Y45T54,KZKZY,2.6
2022,PT,KZKZY,,,Y55T64,KZKZY,3.0
2022,PT,KZKZY,,,Y_GE65,KZKZY,0.0
2022,PT,KZMAN,,,Y16T24,KZMAN,5.8
2022,PT,KZMAN,,,M25T28,KZMAN,4.3
2022,PT,KZMAN,,,M29T34,KZMAN,0.8
2022,PT,KZMAN,,,Y35T44,KZMAN,0.6
2022,PT,KZMAN,,,Y45T54,KZMAN,0.2
2022,PT,KZMAN,,,Y55T64,KZMAN,0.0
2022,PT,KZMAN,,,Y_GE65,KZMAN,0.0
2022,PT,,,,Y15,,34.3
2022,PT,KZPAV,,,Y16T24,KZPAV,2.5
2022,PT,KZPAV,,,M25T28,KZPAV,1.8
2022,PT,KZPAV,,,M29T34,KZPAV,1.0
2022,PT,KZPAV,,,Y35T44,KZPAV,1.6
2022,PT,KZPAV,,,Y45T54,KZPAV,1.4
2022,PT,KZPAV,,,Y55T64,KZPAV,1.1
2022,PT,KZPAV,,,Y_GE65,KZPAV,0.1
2022,PT,,,,Y15,,0.0
2022,PT,KZSEV,,,Y16T24,KZSEV,1.2
2022,PT,KZSEV,,,M25T28,KZSEV,1.5
2022,PT,KZSEV,,,M29T34,KZSEV,0.4
2022,PT,KZSEV,,,Y35T44,KZSEV,0.3
2022,PT,KZSEV,,,Y45T54,KZSEV,0.6
2022,PT,KZSEV,,,Y55T64,KZSEV,0.2
2022,PT,KZSEV,,,Y_GE65,KZSEV,1.0
2022,PT,KZYUZ,,,Y16T24,KZYUZ,2.8
2022,PT,KZYUZ,,,M25T28,KZYUZ,3.2
2022,PT,KZYUZ,,,M29T34,KZYUZ,2.2
2022,PT,KZYUZ,,,Y35T44,KZYUZ,2.2
2022,PT,KZYUZ,,,Y45T54,KZYUZ,3.1
2022,PT,KZYUZ,,,Y55T64,KZYUZ,3.3
2022,PT,KZYUZ,,,Y_GE65,KZYUZ,0.0
2022,PT,KZVOS,,,Y16T24,KZVOS,2.0
2022,PT,KZVOS,,,M25T28,KZVOS,3.8
2022,PT,KZVOS,,,M29T34,KZVOS,1.0
2022,PT,KZVOS,,,Y35T44,KZVOS,1.1
2022,PT,KZVOS,,,Y45T54,KZVOS,1.5
2022,PT,KZVOS,,,Y55T64,KZVOS,2.5
2022,PT,KZVOS,,,Y_GE65,KZVOS,2.8
2022,PT,KZNS,,,Y16T24,KZNS,0.1
2022,PT,KZNS,,,M25T28,KZNS,0.3
2022,PT,KZNS,,,M29T34,KZNS,0.5
2022,PT,KZNS,,,Y35T44,KZNS,0.9
2022,PT,KZNS,,,Y45T54,KZNS,0.4
2022,PT,KZNS,,,Y55T64,KZNS,1.1
2022,PT,KZNS,,,Y_GE65,KZNS,0.0
2022,PT,KZALA,,,Y16T24,KZALA,0.3
2022,PT,KZALA,,,M25T28,KZALA,0.5
2022,PT,KZALA,,,M29T34,KZALA,0.5
2022,PT,KZALA,,,Y35T44,KZALA,0.7
2022,PT,KZALA,,,Y45T54,KZALA,0.4
2022,PT,KZALA,,,Y55T64,KZALA,0.9
2022,PT,KZALA,,,Y_GE65,KZALA,0.0
2022,PT,KZSHY,,,Y16T24,KZSHY,0.2
2022,PT,KZSHY,,,M25T28,KZSHY,0.9
2022,PT,KZSHY,,,M29T34,KZSHY,0.8
2022,PT,KZSHY,,,Y35T44,KZSHY,0.8
2022,PT,KZSHY,,,Y45T54,KZSHY,0.5
2022,PT,KZSHY,,,Y55T64,KZSHY,0.5
2022,PT,KZSHY,,,Y_GE65,KZSHY,0.0
2023,PT,,,,,,1.7
2023,PT,KZABY,,,,KZABY,0.3
2023,PT,KZAKM,,,,KZAKM,3.6
2023,PT,KZAKT,,,,KZAKT,1.5
2023,PT,KZALM,,,,KZALM,5.1
2023,PT,KZATY,,,,KZATY,0.7
2023,PT,KZZAP,,,,KZZAP,2.3
2023,PT,KZZHA,,,,KZZHA,1.6
2023,PT,KZZHS,,,,KZZHS,4.5
2023,PT,KZKAR,,,,KZKAR,1.6
2023,PT,KZKUS,,,,KZKUS,2.1
2023,PT,KZKZY,,,,KZKZY,3.1
2023,PT,KZMAN,,,,KZMAN,2.9
2023,PT,KZPAV,,,,KZPAV,1.4
2023,PT,KZSEV,,,,KZSEV,0.8
2023,PT,KZYUZ,,,,KZYUZ,0.8
2023,PT,KZULU,,,,KZULU,0.9
2023,PT,KZVOS,,,,KZVOS,0.2
2023,PT,KZNS,,,,KZNS,0.6
2023,PT,KZALA,,,,KZALA,0.5
2023,PT,KZSHY,,,,KZSHY,0.7
2023,PT,,M,,,,2.0
2023,PT,KZABY,M,,,KZABY,0.4
2023,PT,KZAKM,M,,,KZAKM,3.6
2023,PT,KZAKT,M,,,KZAKT,1.6
2023,PT,KZALM,M,,,KZALM,5.8
2023,PT,KZATY,M,,,KZATY,0.8
2023,PT,KZZAP,M,,,KZZAP,1.7
2023,PT,KZZHA,M,,,KZZHA,2.1
2023,PT,KZZHS,M,,,KZZHS,5.2
2023,PT,KZKAR,M,,,KZKAR,1.4
2023,PT,KZKUS,M,,,KZKUS,1.6
2023,PT,KZKZY,M,,,KZKZY,4.8
2023,PT,KZMAN,M,,,KZMAN,3.2
2023,PT,KZPAV,M,,,KZPAV,1.7
2023,PT,KZSEV,M,,,KZSEV,0.7
2023,PT,KZYUZ,M,,,KZYUZ,1.2
2023,PT,KZULU,M,,,KZULU,0.9
2023,PT,KZVOS,M,,,KZVOS,0.1
2023,PT,KZNS,M,,,KZNS,0.7
2023,PT,KZALA,M,,,KZALA,0.8
2023,PT,KZSHY,M,,,KZSHY,0.8
2023,PT,,F,,,,1.5
2023,PT,KZABY,F,,,KZABY,0.3
2023,PT,KZAKM,F,,,KZAKM,3.7
2023,PT,KZAKT,F,,,KZAKT,1.5
2023,PT,KZALM,F,,,KZALM,4.2
2023,PT,KZATY,F,,,KZATY,0.6
2023,PT,KZZAP,F,,,KZZAP,2.8
2023,PT,KZZHA,F,,,KZZHA,1.0
2023,PT,KZZHS,F,,,KZZHS,3.7
2023,PT,KZKAR,F,,,KZKAR,1.9
2023,PT,KZKUS,F,,,KZKUS,2.6
2023,PT,KZKZY,F,,,KZKZY,1.2
2023,PT,KZMAN,F,,,KZMAN,2.6
2023,PT,KZPAV,F,,,KZPAV,1.2
2023,PT,KZSEV,F,,,KZSEV,1.0
2023,PT,KZYUZ,F,,,KZYUZ,0.4
2023,PT,KZULU,F,,,KZULU,0.7
2023,PT,KZVOS,F,,,KZVOS,0.2
2023,PT,KZNS,F,,,KZNS,0.5
2023,PT,KZALA,F,,,KZALA,0.3
2023,PT,KZSHY,F,,,KZSHY,0.6
2023,PT,,,U,,,1.1
2023,PT,KZABY,,U,,KZABY,1.1
2023,PT,KZAKM,,U,,KZAKM,0.2
2023,PT,KZAKT,,U,,KZAKT,3.1
2023,PT,KZALM,,U,,KZALM,1.1
2023,PT,KZATY,,U,,KZATY,2.6
2023,PT,KZZAP,,U,,KZZAP,0.3
2023,PT,KZZHA,,U,,KZZHA,1.4
2023,PT,KZZHS,,U,,KZZHS,1.2
2023,PT,KZKAR,,U,,KZKAR,4.1
2023,PT,KZKUS,,U,,KZKUS,1.7
2023,PT,KZKZY,,U,,KZKZY,1.6
2023,PT,KZMAN,,U,,KZMAN,5.3
2023,PT,KZPAV,,U,,KZPAV,0.7
2023,PT,KZSEV,,U,,KZSEV,0.8
2023,PT,KZYUZ,,U,,KZYUZ,1.0
2023,PT,KZULU,,U,,KZULU,1.0
2023,PT,KZVOS,,U,,KZVOS,0.0
2023,PT,KZNS,,U,,KZNS,0.6
2023,PT,KZALA,,U,,KZALA,0.5
2023,PT,KZSHY,,U,,KZSHY,0.7
2023,PT,,,R,,,2.7
2023,PT,KZABY,,R,,KZABY,0.5
2023,PT,KZAKM,,R,,KZAKM,4.3
2023,PT,KZAKT,,R,,KZAKT,2.6
2023,PT,KZALM,,R,,KZALM,5.5
2023,PT,KZATY,,R,,KZATY,1.2
2023,PT,KZZAP,,R,,KZZAP,3.3
2023,PT,KZZHA,,R,,KZZHA,2.0
2023,PT,KZZHS,,R,,KZZHS,4.8
2023,PT,KZKAR,,R,,KZKAR,1.2
2023,PT,KZKUS,,R,,KZKUS,4.8
2023,PT,KZKZY,,R,,KZKZY,4.4
2023,PT,KZMAN,,R,,KZMAN,0.9
2023,PT,KZPAV,,R,,KZPAV,3.2
2023,PT,KZSEV,,R,,KZSEV,0.8
2023,PT,KZYUZ,,R,,KZYUZ,8.8
2023,PT,KZULU,,R,,KZULU,0.3
2023,PT,KZVOS,,R,,KZVOS,0.4
2023,PT,,,,Y15,,69.1
2023,PT,,,,Y16T24,,1.9
2023,PT,,,,M25T28,,1.3
2023,PT,,,,M29T34,,1.4
2023,PT,,,,Y35T44,,1.5
2023,PT,,,,Y45T54,,1.9
2023,PT,,,,Y55T64,,2.2
2023,PT,,,,Y_GE65,,8.0
2023,PT,KZABY,,,Y16T24,KZABY,0.3
2023,PT,KZABY,,,M25T28,KZABY,0.4
2023,PT,KZABY,,,M29T34,KZABY,0.3
2023,PT,KZABY,,,Y35T44,KZABY,0.4
2023,PT,KZABY,,,Y45T54,KZABY,0.4
2023,PT,KZABY,,,Y55T64,KZABY,0.2
2023,PT,KZABY,,,Y_GE65,KZABY,0.5
2023,PT,KZAKM,,,Y15,KZAKM,100.0
2023,PT,KZAKM,,,Y16T24,KZAKM,4.5
2023,PT,KZAKM,,,M25T28,KZAKM,2.3
2023,PT,KZAKM,,,M29T34,KZAKM,2.3
2023,PT,KZAKM,,,Y35T44,KZAKM,2.3
2023,PT,KZAKM,,,Y45T54,KZAKM,2.4
2023,PT,KZAKM,,,Y55T64,KZAKM,4.8
2023,PT,KZAKM,,,Y_GE65,KZAKM,19.9
2023,PT,KZAKT,,,Y16T24,KZAKT,1.9
2023,PT,KZAKT,,,M25T28,KZAKT,1.7
2023,PT,KZAKT,,,M29T34,KZAKT,1.2
2023,PT,KZAKT,,,Y35T44,KZAKT,1.3
2023,PT,KZAKT,,,Y45T54,KZAKT,1.7
2023,PT,KZAKT,,,Y55T64,KZAKT,1.9
2023,PT,KZAKT,,,Y_GE65,KZAKT,2.5
2023,PT,KZALM,,,Y16T24,KZALM,5.2
2023,PT,KZALM,,,M25T28,KZALM,2.4
2023,PT,KZALM,,,M29T34,KZALM,3.7
2023,PT,KZALM,,,Y35T44,KZALM,3.8
2023,PT,KZALM,,,Y45T54,KZALM,6.9
2023,PT,KZALM,,,Y55T64,KZALM,7.3
2023,PT,KZALM,,,Y_GE65,KZALM,6.8
2023,PT,KZATY,,,Y16T24,KZATY,0.3
2023,PT,KZATY,,,M25T28,KZATY,0.6
2023,PT,KZATY,,,M29T34,KZATY,0.6
2023,PT,KZATY,,,Y35T44,KZATY,0.8
2023,PT,KZATY,,,Y45T54,KZATY,0.9
2023,PT,KZATY,,,Y55T64,KZATY,0.7
2023,PT,KZALM,,,Y_GE65,KZALM,0.0
2023,PT,KZZAP,,,Y16T24,KZZAP,1.9
2023,PT,KZZAP,,,M25T28,KZZAP,2.3
2023,PT,KZZAP,,,M29T34,KZZAP,1.7
2023,PT,KZZAP,,,Y35T44,KZZAP,2.0
2023,PT,KZZAP,,,Y45T54,KZZAP,2.2
2023,PT,KZZAP,,,Y55T64,KZZAP,3.5
2023,PT,KZAP,,,Y_GE65,KZAP,0.0
2023,PT,KZZHA,,,Y16T24,KZZHA,1.4
2023,PT,KZZHA,,,M25T28,KZZHA,1.0
2023,PT,KZZHA,,,M29T34,KZZHA,1.0
2023,PT,KZZHA,,,Y35T44,KZZHA,2.1
2023,PT,KZZHA,,,Y45T54,KZZHA,2.2
2023,PT,KZZHA,,,Y55T64,KZZHA,1.8
2023,PT,KZZHA,,,Y_GE65,KZZHA,0.0
2023,PT,KZZHS,,,Y16T24,KZZHS,4.7
2023,PT,KZZHS,,,M25T28,KZZHS,3.0
2023,PT,KZZHS,,,M29T34,KZZHS,5.6
2023,PT,KZZHS,,,Y35T44,KZZHS,4.1
2023,PT,KZZHS,,,Y45T54,KZZHS,4.4
2023,PT,KZZHS,,,Y55T64,KZZHS,4.9
2023,PT,KZZHS,,,Y_GE65,KZZHS,7.3
2023,PT,KZKAR,,,Y15,KZKAR,0.0
2023,PT,KZKAR,,,Y16T24,KZKAR,2.2
2023,PT,KZKAR,,,M25T28,KZKAR,1.2
2023,PT,KZKAR,,,M29T34,KZKAR,2.0
2023,PT,KZKAR,,,Y35T44,KZKAR,1.6
2023,PT,KZKAR,,,Y45T54,KZKAR,1.5
2023,PT,KZKAR,,,Y55T64,KZKAR,1.4
2023,PT,KZKAR,,,Y_GE65,KZKAR,2.2
2023,PT,KZKUS,,,Y15,KZKUS,0.0
2023,PT,KZKUS,,,Y16T24,KZKUS,1.6
2023,PT,KZKUS,,,M25T28,KZKUS,0.9
2023,PT,KZKUS,,,M29T34,KZKUS,0.8
2023,PT,KZKUS,,,Y35T44,KZKUS,0.9
2023,PT,KZKUS,,,Y45T54,KZKUS,1.1
2023,PT,KZKUS,,,Y55T64,KZKUS,3.5
2023,PT,KZKUS,,,Y_GE65,KZKUS,13.7
2023,PT,KZKZY,,,Y16T24,KZKZY,4.0
2023,PT,KZKZY,,,M25T28,KZKZY,4.0
2023,PT,KZKZY,,,M29T34,KZKZY,3.2
2023,PT,KZKZY,,,Y35T44,KZKZY,3.0
2023,PT,KZKZY,,,Y45T54,KZKZY,2.7
2023,PT,KZKZY,,,Y55T64,KZKZY,1.7
2023,PT,KZKZY,,,Y_GE65,KZKZY,0.0
2023,PT,KZMAN,,,Y16T24,KZMAN,3.1
2023,PT,KZMAN,,,M25T28,KZMAN,1.9
2023,PT,KZMAN,,,M29T34,KZMAN,3.4
2023,PT,KZMAN,,,Y35T44,KZMAN,2.9
2023,PT,KZMAN,,,Y45T54,KZMAN,2.7
2023,PT,KZMAN,,,Y55T64,KZMAN,3.3
2023,PT,KZMAN,,,Y_GE65,KZMAN,0.0
2023,PT,,,,Y15,,70.9
2023,PT,KZPAV,,,Y16T24,KZPAV,2.8
2023,PT,KZPAV,,,M25T28,KZPAV,1.6
2023,PT,KZPAV,,,M29T34,KZPAV,1.2
2023,PT,KZPAV,,,Y35T44,KZPAV,1.2
2023,PT,KZPAV,,,Y45T54,KZPAV,1.5
2023,PT,KZPAV,,,Y55T64,KZPAV,1.1
2023,PT,KZPAV,,,Y_GE65,KZPAV,0.9
2023,PT,,,,Y15,,0.0
2023,PT,KZSEV,,,Y16T24,KZSEV,0.9
2023,PT,KZSEV,,,M25T28,KZSEV,0.5
2023,PT,KZSEV,,,M29T34,KZSEV,1.3
2023,PT,KZSEV,,,Y35T44,KZSEV,0.6
2023,PT,KZSEV,,,Y45T54,KZSEV,0.9
2023,PT,KZSEV,,,Y55T64,KZSEV,0.6
2023,PT,KZSEV,,,Y_GE65,KZSEV,1.1
2023,PT,KZYUZ,,,Y16T24,KZYUZ,0.9
2023,PT,KZYUZ,,,M25T28,KZYUZ,1.1
2023,PT,KZYUZ,,,M29T34,KZYUZ,0.6
2023,PT,KZYUZ,,,Y35T44,KZYUZ,0.9
2023,PT,KZYUZ,,,Y45T54,KZYUZ,0.9
2023,PT,KZYUZ,,,Y55T64,KZYUZ,0.7
2023,PT,KZYUZ,,,Y_GE65,KZYUZ,0.0
2023,PT,KZULU,,,Y16T24,KZULU,0.4
2023,PT,KZULU,,,M25T28,KZULU,0.2
2023,PT,KZULU,,,M29T34,KZULU,2.1
2023,PT,KZULU,,,Y35T44,KZULU,0.6
2023,PT,KZULU,,,Y45T54,KZULU,0.6
2023,PT,KZULU,,,Y55T64,KZULU,0.5
2023,PT,KZULU,,,Y_GE65,KZULU,7.7
2023,PT,KZVOS,,,Y16T24,KZVOS,0.4
2023,PT,KZVOS,,,M25T28,KZVOS,0.6
2023,PT,KZVOS,,,M29T34,KZVOS,0.1
2023,PT,KZVOS,,,Y35T44,KZVOS,0.1
2023,PT,KZVOS,,,Y45T54,KZVOS,0.1
2023,PT,KZVOS,,,Y55T64,KZVOS,0.2
2023,PT,KZVOS,,,Y_GE65,KZVOS,0.0
2023,PT,KZNS,,,Y16T24,KZNS,0.0
2023,PT,KZNS,,,M25T28,KZNS,0.2
2023,PT,KZNS,,,M29T34,KZNS,0.3
2023,PT,KZNS,,,Y35T44,KZNS,1.1
2023,PT,KZNS,,,Y45T54,KZNS,0.4
2023,PT,KZNS,,,Y55T64,KZNS,1.3
2023,PT,KZNS,,,Y_GE65,KZNS,2.9
2023,PT,KZALA,,,Y16T24,KZALA,0.3
2023,PT,KZALA,,,M25T28,KZALA,0.4
2023,PT,KZALA,,,M29T34,KZALA,0.3
2023,PT,KZALA,,,Y35T44,KZALA,0.4
2023,PT,KZALA,,,Y45T54,KZALA,0.4
2023,PT,KZALA,,,Y55T64,KZALA,1.4
2023,PT,KZALA,,,Y_GE65,KZALA,0.9
2023,PT,KZSHY,,,Y16T24,KZSHY,1.5
2023,PT,KZSHY,,,M25T28,KZSHY,0.6
2023,PT,KZSHY,,,M29T34,KZSHY,0.9
2023,PT,KZSHY,,,Y35T44,KZSHY,0.7
2023,PT,KZSHY,,,Y45T54,KZSHY,0.4
2023,PT,KZSHY,,,Y55T64,KZSHY,0.0
2023,PT,KZSHY,,,Y_GE65,KZSHY,0.0
