Year,UNIT_MEASURE,REF_AREA,SEX,URBANISATION,AGE,Value
2012,PT,,,,,26.0
2012,PT,KZAKM,,,,20.5
2012,PT,KZAKT,,,,24.7
2012,PT,KZALM,,,,28.2
2012,PT,KZATY,,,,8.2
2012,PT,KZZAP,,,,28.4
2012,PT,KZZHA,,,,31.3
2012,PT,KZKAR,,,,25.8
2012,PT,KZKUS,,,,38.3
2012,PT,KZKZY,,,,17.1
2012,PT,KZMAN,,,,2.4
2012,PT,KZONT,,,,37.2
2012,PT,KZPAV,,,,29.4
2012,PT,KZSEV,,,,40.0
2012,PT,KZVOS,,,,29.8
2012,PT,KZNS,,,,13.3
2012,PT,KZALA,,,,9.8
2012,PT,,M,,,24.7
2012,PT,KZAKM,M,,,21.6
2012,PT,KZAKT,M,,,21.8
2012,PT,KZALM,M,,,28.7
2012,PT,KZATY,M,,,7.5
2012,PT,KZZAP,M,,,30.9
2012,PT,KZZHA,M,,,28.0
2012,PT,KZKAR,M,,,23.0
2012,PT,KZKUS,M,,,35.9
2012,PT,KZKZY,M,,,15.8
2012,PT,KZMAN,M,,,2.3
2012,PT,KZONT,M,,,35.4
2012,PT,KZPAV,M,,,27.1
2012,PT,KZSEV,M,,,35.2
2012,PT,KZVOS,M,,,27.3
2012,PT,KZNS,M,,,12.4
2012,PT,KZALA,M,,,10.5
2012,PT,,F,,,27.5
2012,PT,KZAKM,F,,,19.3
2012,PT,KZAKT,F,,,27.7
2012,PT,KZALM,F,,,27.6
2012,PT,KZATY,F,,,8.9
2012,PT,KZZAP,F,,,25.7
2012,PT,KZZHA,F,,,34.7
2012,PT,KZKAR,F,,,28.9
2012,PT,KZKUS,F,,,40.7
2012,PT,KZKZY,F,,,18.6
2012,PT,KZMAN,F,,,2.6
2012,PT,KZONT,F,,,39.2
2012,PT,KZPAV,F,,,31.8
2012,PT,KZSEV,F,,,44.6
2012,PT,KZVOS,F,,,32.5
2012,PT,KZNS,F,,,14.3
2012,PT,KZALA,F,,,9.1
2012,PT,,,Город,,16.0
2012,PT,KZAKM,,Город,,14.9
2012,PT,KZAKT,,Город,,16.8
2012,PT,KZALM,,Город,,21.4
2012,PT,KZATY,,Город,,3.1
2012,PT,KZZAP,,Город,,5.6
2012,PT,KZZHA,,Город,,14.6
2012,PT,KZKAR,,Город,,23.5
2012,PT,KZKUS,,Город,,18.2
2012,PT,KZKZY,,Город,,11.5
2012,PT,KZMAN,,Город,,2.1
2012,PT,KZONT,,Город,,23.9
2012,PT,KZPAV,,Город,,17.9
2012,PT,KZSEV,,Город,,24.9
2012,PT,KZVOS,,Город,,18.0
2012,PT,KZNS,,Город,,13.3
2012,PT,KZALA,,Город,,9.8
2012,PT,,,R,,37.9
2012,PT,KZAKM,,R,,25.2
2012,PT,KZAKT,,R,,37.9
2012,PT,KZALM,,R,,30.2
2012,PT,KZATY,,R,,13.2
2012,PT,KZZAP,,R,,47.0
2012,PT,KZZHA,,R,,40.7
2012,PT,KZKAR,,R,,33.6
2012,PT,KZKUS,,R,,56.8
2012,PT,KZKZY,,R,,21.5
2012,PT,KZMAN,,R,,2.8
2012,PT,KZONT,,R,,45.3
2012,PT,KZPAV,,R,,50.9
2012,PT,KZSEV,,R,,49.3
2012,PT,KZVOS,,R,,46.2
2012,PT,,,,Y15,99.3
2012,PT,,,,Y16T24,33.1
2012,PT,,,,M25T28,22.9
2012,PT,,,,M29T34,24.4
2012,PT,,,,Y35T44,24.2
2012,PT,,,,Y45T54,23.5
2012,PT,,,,Y55T64,30.4
2012,PT,,,,Y_GE65,62.6
2012,PT,KZAKM,,,Y15,73.9
2012,PT,KZAKM,,,Y16T24,18.5
2012,PT,KZAKM,,,M25T28,14.8
2012,PT,KZAKM,,,M29T34,17.7
2012,PT,KZAKM,,,Y35T44,22.5
2012,PT,KZAKM,,,Y45T54,22.6
2012,PT,KZAKM,,,Y55T64,18.2
2012,PT,KZAKM,,,Y_GE65,77.0
2012,PT,KZAKT,,,Y16T24,38.8
2012,PT,KZAKT,,,M25T28,25.8
2012,PT,KZAKT,,,M29T34,22.4
2012,PT,KZAKT,,,Y35T44,19.4
2012,PT,KZAKT,,,Y45T54,22.3
2012,PT,KZAKT,,,Y55T64,37.6
2012,PT,KZAKT,,,Y_GE65,100.0
2012,PT,KZALM,,,Y16T24,27.0
2012,PT,KZALM,,,M25T28,25.7
2012,PT,KZALM,,,M29T34,28.4
2012,PT,KZALM,,,Y35T44,29.2
2012,PT,KZALM,,,Y45T54,29.2
2012,PT,KZALM,,,Y55T64,28.3
2012,PT,KZALM,,,Y_GE65,36.0
2012,PT,KZATY,,,Y16T24,11.3
2012,PT,KZATY,,,M25T28,5.8
2012,PT,KZATY,,,M29T34,8.2
2012,PT,KZATY,,,Y35T44,9.7
2012,PT,KZATY,,,Y45T54,5.9
2012,PT,KZATY,,,Y55T64,7.3
2012,PT,KZZAP,,,Y16T24,28.2
2012,PT,KZZAP,,,M25T28,31.4
2012,PT,KZZAP,,,M29T34,24.2
2012,PT,KZZAP,,,Y35T44,27.5
2012,PT,KZZAP,,,Y45T54,25.6
2012,PT,KZZAP,,,Y55T64,42.1
2012,PT,KZZAP,,,Y_GE65,81.5
2012,PT,KZZHA,,,Y15,100.0
2012,PT,KZZHA,,,Y16T24,39.4
2012,PT,KZZHA,,,M25T28,33.1
2012,PT,KZZHA,,,M29T34,30.0
2012,PT,KZZHA,,,Y35T44,29.5
2012,PT,KZZHA,,,Y45T54,25.1
2012,PT,KZZHA,,,Y55T64,32.6
2012,PT,KZZHA,,,Y_GE65,36.3
2012,PT,KZKAR,,,Y16T24,40.0
2012,PT,KZKAR,,,M25T28,22.3
2012,PT,KZKAR,,,M29T34,23.3
2012,PT,KZKAR,,,Y35T44,20.6
2012,PT,KZKAR,,,Y45T54,19.7
2012,PT,KZKAR,,,Y55T64,33.0
2012,PT,KZKAR,,,Y_GE65,76.2
2012,PT,KZKUS,,,Y15,100.0
2012,PT,KZKUS,,,Y16T24,57.5
2012,PT,KZKUS,,,M25T28,32.8
2012,PT,KZKUS,,,M29T34,31.7
2012,PT,KZKUS,,,Y35T44,33.0
2012,PT,KZKUS,,,Y45T54,34.1
2012,PT,KZKUS,,,Y55T64,40.1
2012,PT,KZKUS,,,Y_GE65,90.3
2012,PT,KZKZY,,,Y16T24,20.8
2012,PT,KZKZY,,,M25T28,14.6
2012,PT,KZKZY,,,M29T34,19.4
2012,PT,KZKZY,,,Y35T44,16.0
2012,PT,KZKZY,,,Y45T54,15.5
2012,PT,KZKZY,,,Y55T64,17.6
2012,PT,KZMAN,,,Y16T24,1.8
2012,PT,KZMAN,,,M25T28,2.1
2012,PT,KZMAN,,,M29T34,1.4
2012,PT,KZMAN,,,Y35T44,3.2
2012,PT,KZMAN,,,Y45T54,3.6
2012,PT,KZMAN,,,Y55T64,2.2
2012,PT,KZONT,,,Y16T24,44.8
2012,PT,KZONT,,,M25T28,33.2
2012,PT,KZONT,,,M29T34,38.7
2012,PT,KZONT,,,Y35T44,37.2
2012,PT,KZONT,,,Y45T54,32.9
2012,PT,KZONT,,,Y55T64,34.7
2012,PT,KZONT,,,Y_GE65,38.4
2012,PT,KZPAV,,,Y15,100.0
2012,PT,KZPAV,,,Y16T24,41.0
2012,PT,KZPAV,,,M25T28,24.3
2012,PT,KZPAV,,,M29T34,30.2
2012,PT,KZPAV,,,Y35T44,22.9
2012,PT,KZPAV,,,Y45T54,22.5
2012,PT,KZPAV,,,Y55T64,41.6
2012,PT,KZPAV,,,Y_GE65,98.7
2012,PT,KZSEV,,,Y16T24,49.1
2012,PT,KZSEV,,,M25T28,30.7
2012,PT,KZSEV,,,M29T34,37.2
2012,PT,KZSEV,,,Y35T44,32.0
2012,PT,KZSEV,,,Y45T54,32.1
2012,PT,KZSEV,,,Y55T64,59.2
2012,PT,KZSEV,,,Y_GE65,96.5
2012,PT,KZVOS,,,Y16T24,35.7
2012,PT,KZVOS,,,M25T28,24.2
2012,PT,KZVOS,,,M29T34,29.2
2012,PT,KZVOS,,,Y35T44,29.9
2012,PT,KZVOS,,,Y45T54,29.5
2012,PT,KZVOS,,,Y55T64,29.6
2012,PT,KZVOS,,,Y_GE65,38.0
2012,PT,KZNS,,,Y16T24,24.9
2012,PT,KZNS,,,M25T28,13.7
2012,PT,KZNS,,,M29T34,11.2
2012,PT,KZNS,,,Y35T44,12.6
2012,PT,KZNS,,,Y45T54,9.7
2012,PT,KZNS,,,Y55T64,5.0
2012,PT,KZALA,,,Y16T24,13.8
2012,PT,KZALA,,,M25T28,9.9
2012,PT,KZALA,,,M29T34,10.4
2012,PT,KZALA,,,Y35T44,9.0
2012,PT,KZALA,,,Y45T54,7.7
2012,PT,KZALA,,,Y55T64,9.4
2012,PT,KZALA,,,Y_GE65,28.6
2013,PT,,,,,24.3
2013,PT,KZAKM,,,,21.3
2013,PT,KZAKT,,,,21.5
2013,PT,KZALM,,,,21.5
2013,PT,KZATY,,,,7.5
2013,PT,KZZAP,,,,28.9
2013,PT,KZZHA,,,,43.9
2013,PT,KZKAR,,,,19.7
2013,PT,KZKUS,,,,37.3
2013,PT,KZKZY,,,,14.9
2013,PT,KZMAN,,,,5.9
2013,PT,KZONT,,,,32.4
2013,PT,KZPAV,,,,29.3
2013,PT,KZSEV,,,,39.0
2013,PT,KZVOS,,,,29.5
2013,PT,KZNS,,,,4.9
2013,PT,KZALA,,,,10.5
2013,PT,,M,,,24.0
2013,PT,KZAKM,M,,,21.7
2013,PT,KZAKT,M,,,23.6
2013,PT,KZALM,M,,,22.9
2013,PT,KZATY,M,,,7.7
2013,PT,KZZAP,M,,,32.4
2013,PT,KZZHA,M,,,41.9
2013,PT,KZKAR,M,,,17.8
2013,PT,KZKUS,M,,,34.9
2013,PT,KZKZY,M,,,14.8
2013,PT,KZMAN,M,,,4.7
2013,PT,KZONT,M,,,31.9
2013,PT,KZPAV,M,,,25.9
2013,PT,KZSEV,M,,,34.5
2013,PT,KZVOS,M,,,29.6
2013,PT,KZNS,M,,,5.3
2013,PT,KZALA,M,,,11.8
2013,PT,,F,,,24.6
2013,PT,KZAKM,F,,,20.9
2013,PT,KZAKT,F,,,19.3
2013,PT,KZALM,F,,,20.0
2013,PT,KZATY,F,,,7.3
2013,PT,KZZAP,F,,,25.2
2013,PT,KZZHA,F,,,45.9
2013,PT,KZKAR,F,,,21.7
2013,PT,KZKUS,F,,,39.6
2013,PT,KZKZY,F,,,14.9
2013,PT,KZMAN,F,,,7.4
2013,PT,KZONT,F,,,33.1
2013,PT,KZPAV,F,,,32.9
2013,PT,KZSEV,F,,,43.4
2013,PT,KZVOS,F,,,29.4
2013,PT,KZNS,F,,,4.5
2013,PT,KZALA,F,,,9.2
2013,PT,,,Город,,14.4
2013,PT,KZAKM,,Город,,12.8
2013,PT,KZAKT,,Город,,13.1
2013,PT,KZALM,,Город,,12.9
2013,PT,KZATY,,Город,,3.0
2013,PT,KZZAP,,Город,,11.0
2013,PT,KZZHA,,Город,,31.6
2013,PT,KZKAR,,Город,,18.9
2013,PT,KZKUS,,Город,,18.6
2013,PT,KZKZY,,Город,,12.2
2013,PT,KZMAN,,Город,,6.6
2013,PT,KZONT,,Город,,18.7
2013,PT,KZPAV,,Город,,17.7
2013,PT,KZSEV,,Город,,24.9
2013,PT,KZVOS,,Город,,15.2
2013,PT,KZNS,,Город,,4.9
2013,PT,KZALA,,Город,,10.5
2013,PT,,,R,,36.1
2013,PT,KZAKM,,R,,28.6
2013,PT,KZAKT,,R,,35.6
2013,PT,KZALM,,R,,24.1
2013,PT,KZATY,,R,,11.8
2013,PT,KZZAP,,R,,43.7
2013,PT,KZZHA,,R,,50.8
2013,PT,KZKAR,,R,,22.4
2013,PT,KZKUS,,R,,54.8
2013,PT,KZKZY,,R,,17.0
2013,PT,KZMAN,,R,,5.1
2013,PT,KZONT,,R,,41.0
2013,PT,KZPAV,,R,,51.5
2013,PT,KZSEV,,R,,48.2
2013,PT,KZVOS,,R,,49.7
2013,PT,,,,Y15,100.0
2013,PT,,,,Y16T24,30.2
2013,PT,,,,M25T28,23.4
2013,PT,,,,M29T34,23.9
2013,PT,,,,Y35T44,22.0
2013,PT,,,,Y45T54,21.3
2013,PT,,,,Y55T64,28.1
2013,PT,,,,Y_GE65,71.2
2013,PT,KZAKM,,,Y16T24,22.0
2013,PT,KZAKM,,,M25T28,19.2
2013,PT,KZAKM,,,M29T34,16.8
2013,PT,KZAKM,,,Y35T44,21.4
2013,PT,KZAKM,,,Y45T54,24.1
2013,PT,KZAKM,,,Y55T64,21.4
2013,PT,KZAKM,,,Y_GE65,33.5
2013,PT,KZAKT,,,Y16T24,29.5
2013,PT,KZAKT,,,M25T28,22.9
2013,PT,KZAKT,,,M29T34,25.9
2013,PT,KZAKT,,,Y35T44,15.6
2013,PT,KZAKT,,,Y45T54,16.3
2013,PT,KZAKT,,,Y55T64,27.9
2013,PT,KZAKT,,,Y_GE65,22.0
2013,PT,KZALM,,,Y16T24,25.0
2013,PT,KZALM,,,M25T28,25.0
2013,PT,KZALM,,,M29T34,23.0
2013,PT,KZALM,,,Y35T44,21.5
2013,PT,KZALM,,,Y45T54,18.3
2013,PT,KZALM,,,Y55T64,15.6
2013,PT,KZALM,,,Y_GE65,16.2
2013,PT,KZATY,,,Y16T24,8.4
2013,PT,KZATY,,,M25T28,7.1
2013,PT,KZATY,,,M29T34,6.8
2013,PT,KZATY,,,Y35T44,9.1
2013,PT,KZATY,,,Y45T54,6.9
2013,PT,KZATY,,,Y55T64,5.4
2013,PT,KZZAP,,,Y16T24,28.2
2013,PT,KZZAP,,,M25T28,27.4
2013,PT,KZZAP,,,M29T34,28.4
2013,PT,KZZAP,,,Y35T44,28.2
2013,PT,KZZAP,,,Y45T54,30.1
2013,PT,KZZAP,,,Y55T64,30.8
2013,PT,KZZAP,,,Y_GE65,100.0
2013,PT,KZZHA,,,Y15,100.0
2013,PT,KZZHA,,,Y16T24,59.4
2013,PT,KZZHA,,,M25T28,40.3
2013,PT,KZZHA,,,M29T34,39.0
2013,PT,KZZHA,,,Y35T44,37.4
2013,PT,KZZHA,,,Y45T54,38.6
2013,PT,KZZHA,,,Y55T64,56.8
2013,PT,KZZHA,,,Y_GE65,98.8
2013,PT,KZKAR,,,Y16T24,29.4
2013,PT,KZKAR,,,M25T28,17.5
2013,PT,KZKAR,,,M29T34,18.1
2013,PT,KZKAR,,,Y35T44,16.8
2013,PT,KZKAR,,,Y45T54,16.6
2013,PT,KZKAR,,,Y55T64,22.0
2013,PT,KZKAR,,,Y_GE65,66.3
2013,PT,KZKUS,,,Y15,100.0
2013,PT,KZKUS,,,Y16T24,49.8
2013,PT,KZKUS,,,M25T28,36.7
2013,PT,KZKUS,,,M29T34,34.3
2013,PT,KZKUS,,,Y35T44,30.5
2013,PT,KZKUS,,,Y45T54,30.9
2013,PT,KZKUS,,,Y55T64,49.0
2013,PT,KZKUS,,,Y_GE65,95.7
2013,PT,KZKZY,,,Y16T24,24.1
2013,PT,KZKZY,,,M25T28,11.7
2013,PT,KZKZY,,,M29T34,14.9
2013,PT,KZKZY,,,Y35T44,10.8
2013,PT,KZKZY,,,Y45T54,15.1
2013,PT,KZKZY,,,Y55T64,12.5
2013,PT,KZKZY,,,Y_GE65,57.4
2013,PT,KZMAN,,,Y16T24,8.5
2013,PT,KZMAN,,,M25T28,5.7
2013,PT,KZMAN,,,M29T34,8.5
2013,PT,KZMAN,,,Y35T44,4.6
2013,PT,KZMAN,,,Y45T54,5.0
2013,PT,KZMAN,,,Y55T64,2.5
2013,PT,KZONT,,,Y15,100.0
2013,PT,KZONT,,,Y16T24,40.8
2013,PT,KZONT,,,M25T28,34.8
2013,PT,KZONT,,,M29T34,31.5
2013,PT,KZONT,,,Y35T44,32.5
2013,PT,KZONT,,,Y45T54,28.0
2013,PT,KZONT,,,Y55T64,27.0
2013,PT,KZPAV,,,Y15,100.0
2013,PT,KZPAV,,,Y16T24,37.4
2013,PT,KZPAV,,,M25T28,26.9
2013,PT,KZPAV,,,M29T34,31.4
2013,PT,KZPAV,,,Y35T44,23.9
2013,PT,KZPAV,,,Y45T54,24.8
2013,PT,KZPAV,,,Y55T64,34.0
2013,PT,KZPAV,,,Y_GE65,99.1
2013,PT,KZSEV,,,Y15,100.0
2013,PT,KZSEV,,,Y16T24,49.2
2013,PT,KZSEV,,,M25T28,33.0
2013,PT,KZSEV,,,M29T34,37.4
2013,PT,KZSEV,,,Y35T44,33.2
2013,PT,KZSEV,,,Y45T54,27.6
2013,PT,KZSEV,,,Y55T64,52.0
2013,PT,KZSEV,,,Y_GE65,98.0
2013,PT,KZVOS,,,Y16T24,38.3
2013,PT,KZVOS,,,M25T28,26.7
2013,PT,KZVOS,,,M29T34,30.7
2013,PT,KZVOS,,,Y35T44,31.1
2013,PT,KZVOS,,,Y45T54,25.7
2013,PT,KZVOS,,,Y55T64,28.4
2013,PT,KZVOS,,,Y_GE65,14.6
2013,PT,KZNS,,,Y16T24,2.7
2013,PT,KZNS,,,M25T28,6.3
2013,PT,KZNS,,,M29T34,6.0
2013,PT,KZNS,,,Y35T44,4.5
2013,PT,KZNS,,,Y45T54,4.0
2013,PT,KZNS,,,Y55T64,5.3
2013,PT,KZNS,,,Y_GE65,19.6
2013,PT,KZALA,,,Y16T24,13.1
2013,PT,KZALA,,,M25T28,12.9
2013,PT,KZALA,,,M29T34,10.8
2013,PT,KZALA,,,Y35T44,9.8
2013,PT,KZALA,,,Y45T54,8.0
2013,PT,KZALA,,,Y55T64,8.2
2013,PT,KZALA,,,Y_GE65,33.7
2014,PT,,,,,25.0
2014,PT,KZAKM,,,,24.2
2014,PT,KZAKT,,,,19.6
2014,PT,KZALM,,,,25.5
2014,PT,KZATY,,,,7.3
2014,PT,KZZAP,,,,30.6
2014,PT,KZZHA,,,,39.8
2014,PT,KZKAR,,,,23.7
2014,PT,KZKUS,,,,35.1
2014,PT,KZKZY,,,,19.3
2014,PT,KZMAN,,,,7.3
2014,PT,KZONT,,,,22.4
2014,PT,KZPAV,,,,31.1
2014,PT,KZSEV,,,,35.8
2014,PT,KZVOS,,,,32.3
2014,PT,KZNS,,,,22.9
2014,PT,KZALA,,,,14.8
2014,PT,,M,,,25.0
2014,PT,KZAKM,M,,,23.3
2014,PT,KZAKT,M,,,19.1
2014,PT,KZALM,M,,,27.9
2014,PT,KZATY,M,,,8.3
2014,PT,KZZAP,M,,,32.4
2014,PT,KZZHA,M,,,39.6
2014,PT,KZKAR,M,,,21.9
2014,PT,KZKUS,M,,,33.0
2014,PT,KZKZY,M,,,19.2
2014,PT,KZMAN,M,,,5.6
2014,PT,KZONT,M,,,24.5
2014,PT,KZPAV,M,,,28.9
2014,PT,KZSEV,M,,,34.2
2014,PT,KZVOS,M,,,30.9
2014,PT,KZNS,M,,,22.9
2014,PT,KZALA,M,,,15.4
2014,PT,,F,,,25.0
2014,PT,KZAKM,F,,,25.1
2014,PT,KZAKT,F,,,20.3
2014,PT,KZALM,F,,,23.0
2014,PT,KZATY,F,,,6.2
2014,PT,KZZAP,F,,,28.6
2014,PT,KZZHA,F,,,40.0
2014,PT,KZKAR,F,,,25.7
2014,PT,KZKUS,F,,,37.3
2014,PT,KZKZY,F,,,19.5
2014,PT,KZMAN,F,,,9.6
2014,PT,KZONT,F,,,20.1
2014,PT,KZPAV,F,,,33.2
2014,PT,KZSEV,F,,,37.5
2014,PT,KZVOS,F,,,33.7
2014,PT,KZNS,F,,,22.8
2014,PT,KZALA,F,,,14.2
2014,PT,,,Город,,19.6
2014,PT,KZAKM,,Город,,17.7
2014,PT,KZAKT,,Город,,13.9
2014,PT,KZALM,,Город,,23.1
2014,PT,KZATY,,Город,,2.7
2014,PT,KZZAP,,Город,,13.4
2014,PT,KZZHA,,Город,,39.6
2014,PT,KZKAR,,Город,,21.0
2014,PT,KZKUS,,Город,,23.7
2014,PT,KZKZY,,Город,,13.9
2014,PT,KZMAN,,Город,,9.3
2014,PT,KZONT,,Город,,21.7
2014,PT,KZPAV,,Город,,18.0
2014,PT,KZSEV,,Город,,29.0
2014,PT,KZVOS,,Город,,21.4
2014,PT,KZNS,,Город,,22.9
2014,PT,KZALA,,Город,,14.8
2014,PT,,,R,,31.6
2014,PT,KZAKM,,R,,30.0
2014,PT,KZAKT,,R,,28.9
2014,PT,KZALM,,R,,26.3
2014,PT,KZATY,,R,,11.8
2014,PT,KZZAP,,R,,45.2
2014,PT,KZZHA,,R,,40.0
2014,PT,KZKAR,,R,,33.6
2014,PT,KZKUS,,R,,47.2
2014,PT,KZKZY,,R,,23.0
2014,PT,KZMAN,,R,,4.5
2014,PT,KZONT,,R,,22.9
2014,PT,KZPAV,,R,,57.1
2014,PT,KZSEV,,R,,40.5
2014,PT,KZVOS,,R,,48.1
2014,PT,,,,Y15,65.8
2014,PT,,,,Y16T24,28.5
2014,PT,,,,M25T28,23.2
2014,PT,,,,M29T34,23.0
2014,PT,,,,Y35T44,23.1
2014,PT,,,,Y45T54,23.9
2014,PT,,,,Y55T64,30.1
2014,PT,,,,Y_GE65,77.3
2014,PT,KZAKM,,,Y15,89.4
2014,PT,KZAKM,,,Y16T24,28.7
2014,PT,KZAKM,,,M25T28,23.1
2014,PT,KZAKM,,,M29T34,21.0
2014,PT,KZAKM,,,Y35T44,22.8
2014,PT,KZAKM,,,Y45T54,23.3
2014,PT,KZAKM,,,Y55T64,24.7
2014,PT,KZAKM,,,Y_GE65,80.0
2014,PT,KZAKT,,,Y16T24,23.9
2014,PT,KZAKT,,,M25T28,20.4
2014,PT,KZAKT,,,M29T34,18.0
2014,PT,KZAKT,,,Y35T44,18.2
2014,PT,KZAKT,,,Y45T54,19.5
2014,PT,KZAKT,,,Y55T64,20.2
2014,PT,KZAKT,,,Y_GE65,41.4
2014,PT,KZALM,,,Y15,7.7
2014,PT,KZALM,,,Y16T24,23.9
2014,PT,KZALM,,,M25T28,23.1
2014,PT,KZALM,,,M29T34,24.0
2014,PT,KZALM,,,Y35T44,27.2
2014,PT,KZALM,,,Y45T54,26.4
2014,PT,KZALM,,,Y55T64,27.5
2014,PT,KZALM,,,Y_GE65,58.1
2014,PT,KZATY,,,Y16T24,11.9
2014,PT,KZATY,,,M25T28,6.0
2014,PT,KZATY,,,M29T34,5.5
2014,PT,KZATY,,,Y35T44,6.0
2014,PT,KZATY,,,Y45T54,8.3
2014,PT,KZATY,,,Y55T64,7.4
2014,PT,KZATY,,,Y_GE65,17.1
2014,PT,KZZAP,,,Y15,100.0
2014,PT,KZZAP,,,Y16T24,29.1
2014,PT,KZZAP,,,M25T28,26.1
2014,PT,KZZAP,,,M29T34,29.6
2014,PT,KZZAP,,,Y35T44,30.1
2014,PT,KZZAP,,,Y45T54,32.3
2014,PT,KZZAP,,,Y55T64,35.5
2014,PT,KZZAP,,,Y_GE65,71.8
2014,PT,KZZHA,,,Y15,87.4
2014,PT,KZZHA,,,Y16T24,54.2
2014,PT,KZZHA,,,M25T28,40.9
2014,PT,KZZHA,,,M29T34,33.5
2014,PT,KZZHA,,,Y35T44,35.1
2014,PT,KZZHA,,,Y45T54,33.2
2014,PT,KZZHA,,,Y55T64,49.7
2014,PT,KZZHA,,,Y_GE65,78.7
2014,PT,KZKAR,,,Y15,86.8
2014,PT,KZKAR,,,Y16T24,33.5
2014,PT,KZKAR,,,M25T28,21.8
2014,PT,KZKAR,,,M29T34,23.3
2014,PT,KZKAR,,,Y35T44,19.9
2014,PT,KZKAR,,,Y45T54,20.1
2014,PT,KZKAR,,,Y55T64,26.6
2014,PT,KZKAR,,,Y_GE65,71.9
2014,PT,KZKUS,,,Y15,100.0
2014,PT,KZKUS,,,Y16T24,46.0
2014,PT,KZKUS,,,M25T28,35.3
2014,PT,KZKUS,,,M29T34,33.7
2014,PT,KZKUS,,,Y35T44,30.9
2014,PT,KZKUS,,,Y45T54,31.1
2014,PT,KZKUS,,,Y55T64,37.1
2014,PT,KZKUS,,,Y_GE65,87.8
2014,PT,KZKZY,,,Y16T24,26.0
2014,PT,KZKZY,,,M25T28,16.5
2014,PT,KZKZY,,,M29T34,17.7
2014,PT,KZKZY,,,Y35T44,19.0
2014,PT,KZKZY,,,Y45T54,17.4
2014,PT,KZKZY,,,Y55T64,17.6
2014,PT,KZKZY,,,Y_GE65,90.8
2014,PT,KZMAN,,,Y16T24,11.3
2014,PT,KZMAN,,,M25T28,6.2
2014,PT,KZMAN,,,M29T34,6.2
2014,PT,KZMAN,,,Y35T44,7.4
2014,PT,KZMAN,,,Y45T54,7.5
2014,PT,KZMAN,,,Y55T64,5.1
2014,PT,KZMAN,,,Y_GE65,4.2
2014,PT,KZONT,,,Y15,100.0
2014,PT,KZONT,,,Y16T24,24.0
2014,PT,KZONT,,,M25T28,22.2
2014,PT,KZONT,,,M29T34,23.4
2014,PT,KZONT,,,Y35T44,21.3
2014,PT,KZONT,,,Y45T54,22.1
2014,PT,KZONT,,,Y55T64,20.9
2014,PT,KZONT,,,Y_GE65,2.2
2014,PT,KZPAV,,,Y15,97.2
2014,PT,KZPAV,,,Y16T24,44.8
2014,PT,KZPAV,,,M25T28,24.9
2014,PT,KZPAV,,,M29T34,27.8
2014,PT,KZPAV,,,Y35T44,25.6
2014,PT,KZPAV,,,Y45T54,26.7
2014,PT,KZPAV,,,Y55T64,46.0
2014,PT,KZPAV,,,Y_GE65,97.3
2014,PT,KZSEV,,,Y15,100.0
2014,PT,KZSEV,,,Y16T24,39.7
2014,PT,KZSEV,,,M25T28,28.8
2014,PT,KZSEV,,,M29T34,30.9
2014,PT,KZSEV,,,Y35T44,31.1
2014,PT,KZSEV,,,Y45T54,32.2
2014,PT,KZSEV,,,Y55T64,48.2
2014,PT,KZSEV,,,Y_GE65,92.7
2014,PT,KZVOS,,,Y15,100.0
2014,PT,KZVOS,,,Y16T24,42.0
2014,PT,KZVOS,,,M25T28,28.6
2014,PT,KZVOS,,,M29T34,28.2
2014,PT,KZVOS,,,Y35T44,29.2
2014,PT,KZVOS,,,Y45T54,33.0
2014,PT,KZVOS,,,Y55T64,41.3
2014,PT,KZVOS,,,Y_GE65,80.3
2014,PT,KZNS,,,Y16T24,36.9
2014,PT,KZNS,,,M25T28,22.9
2014,PT,KZNS,,,M29T34,20.7
2014,PT,KZNS,,,Y35T44,21.8
2014,PT,KZNS,,,Y45T54,21.2
2014,PT,KZNS,,,Y55T64,11.9
2014,PT,KZNS,,,Y_GE65,35.6
2014,PT,KZALA,,,Y16T24,16.7
2014,PT,KZALA,,,M25T28,14.0
2014,PT,KZALA,,,M29T34,14.5
2014,PT,KZALA,,,Y35T44,16.1
2014,PT,KZALA,,,Y45T54,12.0
2014,PT,KZALA,,,Y55T64,13.2
2014,PT,KZALA,,,Y_GE65,29.7
2015,PT,,,,,22.9
2015,PT,KZAKM,,,,23.3
2015,PT,KZAKT,,,,19.3
2015,PT,KZALM,,,,26.3
2015,PT,KZATY,,,,7.0
2015,PT,KZZAP,,,,31.0
2015,PT,KZZHA,,,,36.8
2015,PT,KZKAR,,,,22.6
2015,PT,KZKUS,,,,38.1
2015,PT,KZKZY,,,,23.1
2015,PT,KZMAN,,,,5.4
2015,PT,KZONT,,,,15.4
2015,PT,KZPAV,,,,25.9
2015,PT,KZSEV,,,,35.2
2015,PT,KZVOS,,,,26.2
2015,PT,KZNS,,,,26.4
2015,PT,KZALA,,,,11.4
2015,PT,,M,,,22.7
2015,PT,KZAKM,M,,,22.2
2015,PT,KZAKT,M,,,18.1
2015,PT,KZALM,M,,,28.6
2015,PT,KZATY,M,,,7.6
2015,PT,KZZAP,M,,,32.1
2015,PT,KZZHA,M,,,38.0
2015,PT,KZKAR,M,,,20.8
2015,PT,KZKUS,M,,,33.1
2015,PT,KZKZY,M,,,25.1
2015,PT,KZMAN,M,,,5.5
2015,PT,KZONT,M,,,16.3
2015,PT,KZPAV,M,,,23.0
2015,PT,KZSEV,M,,,31.2
2015,PT,KZVOS,M,,,25.6
2015,PT,KZNS,M,,,27.1
2015,PT,KZALA,M,,,11.7
2015,PT,,F,,,23.2
2015,PT,KZAKM,F,,,24.4
2015,PT,KZAKT,F,,,20.6
2015,PT,KZALM,F,,,23.9
2015,PT,KZATY,F,,,6.4
2015,PT,KZZAP,F,,,29.7
2015,PT,KZZHA,F,,,35.5
2015,PT,KZKAR,F,,,24.6
2015,PT,KZKUS,F,,,43.1
2015,PT,KZKZY,F,,,20.8
2015,PT,KZMAN,F,,,5.4
2015,PT,KZONT,F,,,14.3
2015,PT,KZPAV,F,,,28.8
2015,PT,KZSEV,F,,,39.3
2015,PT,KZVOS,F,,,26.9
2015,PT,KZNS,F,,,25.8
2015,PT,KZALA,F,,,11.1
2015,PT,,,Город,,16.9
2015,PT,KZAKM,,Город,,16.2
2015,PT,KZAKT,,Город,,12.2
2015,PT,KZALM,,Город,,17.7
2015,PT,KZATY,,Город,,3.0
2015,PT,KZZAP,,Город,,13.1
2015,PT,KZZHA,,Город,,26.3
2015,PT,KZKAR,,Город,,21.4
2015,PT,KZKUS,,Город,,30.6
2015,PT,KZKZY,,Город,,16.2
2015,PT,KZMAN,,Город,,7.4
2015,PT,KZONT,,Город,,14.0
2015,PT,KZPAV,,Город,,13.2
2015,PT,KZSEV,,Город,,23.7
2015,PT,KZVOS,,Город,,15.5
2015,PT,KZNS,,Город,,26.4
2015,PT,KZALA,,Город,,11.4
2015,PT,,,R,,30.8
2015,PT,KZAKM,,R,,29.7
2015,PT,KZAKT,,R,,30.9
2015,PT,KZALM,,R,,29.0
2015,PT,KZATY,,R,,11.1
2015,PT,KZZAP,,R,,46.5
2015,PT,KZZHA,,R,,43.6
2015,PT,KZKAR,,R,,27.2
2015,PT,KZKUS,,R,,46.0
2015,PT,KZKZY,,R,,27.8
2015,PT,KZMAN,,R,,3.1
2015,PT,KZONT,,R,,16.4
2015,PT,KZPAV,,R,,51.7
2015,PT,KZSEV,,R,,43.0
2015,PT,KZVOS,,R,,42.0
2015,PT,,,,Y15,93.9
2015,PT,,,,Y16T24,25.2
2015,PT,,,,M25T28,21.7
2015,PT,,,,M29T34,21.1
2015,PT,,,,Y35T44,21.4
2015,PT,,,,Y45T54,22.2
2015,PT,,,,Y55T64,26.7
2015,PT,,,,Y_GE65,72.0
2015,PT,KZAKM,,,Y15,84.9
2015,PT,KZAKM,,,Y16T24,25.4
2015,PT,KZAKM,,,M25T28,21.3
2015,PT,KZAKM,,,M29T34,22.1
2015,PT,KZAKM,,,Y35T44,22.2
2015,PT,KZAKM,,,Y45T54,20.9
2015,PT,KZAKM,,,Y55T64,23.7
2015,PT,KZAKM,,,Y_GE65,83.7
2015,PT,KZAKT,,,Y16T24,22.7
2015,PT,KZAKT,,,M25T28,18.2
2015,PT,KZAKT,,,M29T34,20.4
2015,PT,KZAKT,,,Y35T44,17.8
2015,PT,KZAKT,,,Y45T54,18.8
2015,PT,KZAKT,,,Y55T64,18.1
2015,PT,KZAKT,,,Y_GE65,34.7
2015,PT,KZALM,,,Y15,100.0
2015,PT,KZALM,,,Y16T24,27.0
2015,PT,KZALM,,,M25T28,24.8
2015,PT,KZALM,,,M29T34,23.6
2015,PT,KZALM,,,Y35T44,27.5
2015,PT,KZALM,,,Y45T54,27.0
2015,PT,KZALM,,,Y55T64,26.7
2015,PT,KZALM,,,Y_GE65,33.8
2015,PT,KZATY,,,Y16T24,8.1
2015,PT,KZATY,,,M25T28,5.8
2015,PT,KZATY,,,M29T34,6.7
2015,PT,KZATY,,,Y35T44,6.4
2015,PT,KZATY,,,Y45T54,8.5
2015,PT,KZATY,,,Y55T64,5.6
2015,PT,KZZAP,,,Y16T24,34.8
2015,PT,KZZAP,,,M25T28,27.9
2015,PT,KZZAP,,,M29T34,27.8
2015,PT,KZZAP,,,Y35T44,28.5
2015,PT,KZZAP,,,Y45T54,32.0
2015,PT,KZZAP,,,Y55T64,36.5
2015,PT,KZZAP,,,Y_GE65,66.7
2015,PT,KZZHA,,,Y15,80.5
2015,PT,KZZHA,,,Y16T24,51.7
2015,PT,KZZHA,,,M25T28,34.7
2015,PT,KZZHA,,,M29T34,32.6
2015,PT,KZZHA,,,Y35T44,33.1
2015,PT,KZZHA,,,Y45T54,30.9
2015,PT,KZZHA,,,Y55T64,43.0
2015,PT,KZZHA,,,Y_GE65,84.1
2015,PT,KZKAR,,,Y15,100.0
2015,PT,KZKAR,,,Y16T24,30.3
2015,PT,KZKAR,,,M25T28,22.1
2015,PT,KZKAR,,,M29T34,21.6
2015,PT,KZKAR,,,Y35T44,20.2
2015,PT,KZKAR,,,Y45T54,19.1
2015,PT,KZKAR,,,Y55T64,23.2
2015,PT,KZKAR,,,Y_GE65,73.3
2015,PT,KZKUS,,,Y15,100.0
2015,PT,KZKUS,,,Y16T24,41.5
2015,PT,KZKUS,,,M25T28,35.7
2015,PT,KZKUS,,,M29T34,37.3
2015,PT,KZKUS,,,Y35T44,34.6
2015,PT,KZKUS,,,Y45T54,34.2
2015,PT,KZKUS,,,Y55T64,44.9
2015,PT,KZKUS,,,Y_GE65,87.2
2015,PT,KZKZY,,,Y16T24,26.6
2015,PT,KZKZY,,,M25T28,21.4
2015,PT,KZKZY,,,M29T34,20.8
2015,PT,KZKZY,,,Y35T44,24.4
2015,PT,KZKZY,,,Y45T54,22.5
2015,PT,KZKZY,,,Y55T64,20.9
2015,PT,KZKZY,,,Y_GE65,100.0
2015,PT,KZMAN,,,Y16T24,9.3
2015,PT,KZMAN,,,M25T28,4.8
2015,PT,KZMAN,,,M29T34,4.0
2015,PT,KZMAN,,,Y35T44,6.2
2015,PT,KZMAN,,,Y45T54,5.0
2015,PT,KZMAN,,,Y55T64,3.0
2015,PT,KZMAN,,,Y_GE65,7.2
2015,PT,KZONT,,,Y16T24,16.4
2015,PT,KZONT,,,M25T28,15.2
2015,PT,KZONT,,,M29T34,12.8
2015,PT,KZONT,,,Y35T44,15.6
2015,PT,KZONT,,,Y45T54,16.0
2015,PT,KZONT,,,Y55T64,19.2
2015,PT,KZONT,,,Y_GE65,13.7
2015,PT,KZPAV,,,Y15,100.0
2015,PT,KZPAV,,,Y16T24,38.2
2015,PT,KZPAV,,,M25T28,18.0
2015,PT,KZPAV,,,M29T34,23.5
2015,PT,KZPAV,,,Y35T44,19.1
2015,PT,KZPAV,,,Y45T54,25.3
2015,PT,KZPAV,,,Y55T64,35.2
2015,PT,KZPAV,,,Y_GE65,96.9
2015,PT,KZSEV,,,Y15,100.0
2015,PT,KZSEV,,,Y16T24,38.7
2015,PT,KZSEV,,,M25T28,26.1
2015,PT,KZSEV,,,M29T34,29.0
2015,PT,KZSEV,,,Y35T44,27.7
2015,PT,KZSEV,,,Y45T54,30.7
2015,PT,KZSEV,,,Y55T64,48.5
2015,PT,KZSEV,,,Y_GE65,94.4
2015,PT,KZVOS,,,Y15,75.7
2015,PT,KZVOS,,,Y16T24,28.3
2015,PT,KZVOS,,,M25T28,25.2
2015,PT,KZVOS,,,M29T34,23.0
2015,PT,KZVOS,,,Y35T44,25.6
2015,PT,KZVOS,,,Y45T54,28.9
2015,PT,KZVOS,,,Y55T64,26.9
2015,PT,KZVOS,,,Y_GE65,52.8
2015,PT,KZNS,,,Y16T24,41.4
2015,PT,KZNS,,,M25T28,28.7
2015,PT,KZNS,,,M29T34,23.5
2015,PT,KZNS,,,Y35T44,24.8
2015,PT,KZNS,,,Y45T54,23.9
2015,PT,KZNS,,,Y55T64,17.9
2015,PT,KZNS,,,Y_GE65,18.5
2015,PT,KZALA,,,Y16T24,12.2
2015,PT,KZALA,,,M25T28,13.6
2015,PT,KZALA,,,M29T34,12.1
2015,PT,KZALA,,,Y35T44,11.1
2015,PT,KZALA,,,Y45T54,10.5
2015,PT,KZALA,,,Y55T64,8.4
2015,PT,KZALA,,,Y_GE65,9.8
2016,PT,,,,,18.6
2016,PT,KZAKM,,,,17.9
2016,PT,KZAKT,,,,15.4
2016,PT,KZALM,,,,16.2
2016,PT,KZATY,,,,5.1
2016,PT,KZZAP,,,,29.6
2016,PT,KZZHA,,,,33.1
2016,PT,KZKAR,,,,17.4
2016,PT,KZKUS,,,,35.6
2016,PT,KZKZY,,,,16.1
2016,PT,KZMAN,,,,3.0
2016,PT,KZONT,,,,10.0
2016,PT,KZPAV,,,,25.7
2016,PT,KZSEV,,,,28.6
2016,PT,KZVOS,,,,19.4
2016,PT,KZNS,,,,17.2
2016,PT,KZALA,,,,17.2
2016,PT,,M,,,18.3
2016,PT,KZAKM,M,,,18.0
2016,PT,KZAKT,M,,,14.3
2016,PT,KZALM,M,,,18.5
2016,PT,KZATY,M,,,6.4
2016,PT,KZZAP,M,,,30.2
2016,PT,KZZHA,M,,,33.5
2016,PT,KZKAR,M,,,15.6
2016,PT,KZKUS,M,,,32.3
2016,PT,KZKZY,M,,,15.0
2016,PT,KZMAN,M,,,3.1
2016,PT,KZONT,M,,,11.2
2016,PT,KZPAV,M,,,22.6
2016,PT,KZSEV,M,,,24.5
2016,PT,KZVOS,M,,,18.1
2016,PT,KZNS,M,,,18.8
2016,PT,KZALA,M,,,17.5
2016,PT,,F,,,18.9
2016,PT,KZAKM,F,,,17.9
2016,PT,KZAKT,F,,,16.6
2016,PT,KZALM,F,,,13.7
2016,PT,KZATY,F,,,3.7
2016,PT,KZZAP,F,,,28.9
2016,PT,KZZHA,F,,,32.7
2016,PT,KZKAR,F,,,19.5
2016,PT,KZKUS,F,,,38.9
2016,PT,KZKZY,F,,,17.3
2016,PT,KZMAN,F,,,2.8
2016,PT,KZONT,F,,,8.4
2016,PT,KZPAV,F,,,28.6
2016,PT,KZSEV,F,,,33.0
2016,PT,KZVOS,F,,,20.9
2016,PT,KZNS,F,,,15.5
2016,PT,KZALA,F,,,16.9
2016,PT,,,Город,,14.9
2016,PT,KZAKM,,Город,,13.7
2016,PT,KZAKT,,Город,,8.3
2016,PT,KZALM,,Город,,14.8
2016,PT,KZATY,,Город,,2.2
2016,PT,KZZAP,,Город,,12.1
2016,PT,KZZHA,,Город,,26.7
2016,PT,KZKAR,,Город,,16.8
2016,PT,KZKUS,,Город,,27.5
2016,PT,KZKZY,,Город,,11.8
2016,PT,KZMAN,,Город,,2.4
2016,PT,KZONT,,Город,,11.9
2016,PT,KZPAV,,Город,,14.8
2016,PT,KZSEV,,Город,,15.4
2016,PT,KZVOS,,Город,,11.0
2016,PT,KZNS,,Город,,17.2
2016,PT,KZALA,,Город,,17.2
2016,PT,,,R,,23.5
2016,PT,KZAKM,,R,,21.7
2016,PT,KZAKT,,R,,27.2
2016,PT,KZALM,,R,,16.6
2016,PT,KZATY,,R,,7.8
2016,PT,KZZAP,,R,,45.3
2016,PT,KZZHA,,R,,37.3
2016,PT,KZKAR,,R,,19.7
2016,PT,KZKUS,,R,,44.5
2016,PT,KZKZY,,R,,19.4
2016,PT,KZMAN,,R,,3.6
2016,PT,KZONT,,R,,8.5
2016,PT,KZPAV,,R,,50.2
2016,PT,KZSEV,,R,,37.8
2016,PT,KZVOS,,R,,32.5
2016,PT,,,,Y15,88.4
2016,PT,,,,Y16T24,21.9
2016,PT,,,,M25T28,17.1
2016,PT,,,,M29T34,16.5
2016,PT,,,,Y35T44,17.2
2016,PT,,,,Y45T54,17.3
2016,PT,,,,Y55T64,23.7
2016,PT,,,,Y_GE65,56.0
2016,PT,KZAKM,,,Y15,100.0
2016,PT,KZAKM,,,Y16T24,21.0
2016,PT,KZAKM,,,M25T28,16.8
2016,PT,KZAKM,,,M29T34,15.3
2016,PT,KZAKM,,,Y35T44,15.9
2016,PT,KZAKM,,,Y45T54,15.8
2016,PT,KZAKM,,,Y55T64,21.9
2016,PT,KZAKM,,,Y_GE65,47.1
2016,PT,KZAKT,,,Y16T24,20.6
2016,PT,KZAKT,,,M25T28,13.3
2016,PT,KZAKT,,,M29T34,14.1
2016,PT,KZAKT,,,Y35T44,14.5
2016,PT,KZAKT,,,Y45T54,14.9
2016,PT,KZAKT,,,Y55T64,18.9
2016,PT,KZAKT,,,Y_GE65,60.2
2016,PT,KZALM,,,Y16T24,17.3
2016,PT,KZALM,,,M25T28,16.0
2016,PT,KZALM,,,M29T34,15.0
2016,PT,KZALM,,,Y35T44,17.0
2016,PT,KZALM,,,Y45T54,16.9
2016,PT,KZALM,,,Y55T64,13.2
2016,PT,KZALM,,,Y_GE65,5.2
2016,PT,KZATY,,,Y16T24,6.2
2016,PT,KZATY,,,M25T28,4.9
2016,PT,KZATY,,,M29T34,3.5
2016,PT,KZATY,,,Y35T44,4.5
2016,PT,KZATY,,,Y45T54,5.3
2016,PT,KZATY,,,Y55T64,7.4
2016,PT,KZATY,,,Y_GE65,1.2
2016,PT,KZZAP,,,Y16T24,29.2
2016,PT,KZZAP,,,M25T28,23.5
2016,PT,KZZAP,,,M29T34,27.7
2016,PT,KZZAP,,,Y35T44,29.4
2016,PT,KZZAP,,,Y45T54,29.8
2016,PT,KZZAP,,,Y55T64,38.4
2016,PT,KZZHA,,,Y16T24,50.4
2016,PT,KZZHA,,,M25T28,29.6
2016,PT,KZZHA,,,M29T34,28.1
2016,PT,KZZHA,,,Y35T44,26.9
2016,PT,KZZHA,,,Y45T54,25.5
2016,PT,KZZHA,,,Y55T64,45.2
2016,PT,KZZHA,,,Y_GE65,82.6
2016,PT,KZKAR,,,Y15,100.0
2016,PT,KZKAR,,,Y16T24,27.1
2016,PT,KZKAR,,,M25T28,20.0
2016,PT,KZKAR,,,M29T34,16.8
2016,PT,KZKAR,,,Y35T44,16.0
2016,PT,KZKAR,,,Y45T54,12.4
2016,PT,KZKAR,,,Y55T64,16.4
2016,PT,KZKAR,,,Y_GE65,54.3
2016,PT,KZKUS,,,Y15,100.0
2016,PT,KZKUS,,,Y16T24,43.9
2016,PT,KZKUS,,,M25T28,35.8
2016,PT,KZKUS,,,M29T34,33.5
2016,PT,KZKUS,,,Y35T44,31.1
2016,PT,KZKUS,,,Y45T54,30.4
2016,PT,KZKUS,,,Y55T64,39.3
2016,PT,KZKUS,,,Y_GE65,87.1
2016,PT,KZKZY,,,Y15,100.0
2016,PT,KZKZY,,,Y16T24,16.5
2016,PT,KZKZY,,,M25T28,15.4
2016,PT,KZKZY,,,M29T34,17.0
2016,PT,KZKZY,,,Y35T44,15.7
2016,PT,KZKZY,,,Y45T54,15.9
2016,PT,KZKZY,,,Y55T64,15.8
2016,PT,KZKZY,,,Y_GE65,64.1
2016,PT,KZMAN,,,Y16T24,2.4
2016,PT,KZMAN,,,M25T28,2.4
2016,PT,KZMAN,,,M29T34,2.2
2016,PT,KZMAN,,,Y35T44,3.6
2016,PT,KZMAN,,,Y45T54,3.0
2016,PT,KZMAN,,,Y55T64,4.8
2016,PT,KZONT,,,Y16T24,13.5
2016,PT,KZONT,,,M25T28,9.0
2016,PT,KZONT,,,M29T34,8.3
2016,PT,KZONT,,,Y35T44,10.6
2016,PT,KZONT,,,Y45T54,9.4
2016,PT,KZONT,,,Y55T64,10.2
2016,PT,KZONT,,,Y_GE65,53.9
2016,PT,KZPAV,,,Y16T24,37.3
2016,PT,KZPAV,,,M25T28,24.1
2016,PT,KZPAV,,,M29T34,21.7
2016,PT,KZPAV,,,Y35T44,20.3
2016,PT,KZPAV,,,Y45T54,24.0
2016,PT,KZPAV,,,Y55T64,36.5
2016,PT,KZPAV,,,Y_GE65,97.8
2016,PT,KZSEV,,,Y15,100.0
2016,PT,KZSEV,,,Y16T24,30.0
2016,PT,KZSEV,,,M25T28,22.8
2016,PT,KZSEV,,,M29T34,22.1
2016,PT,KZSEV,,,Y35T44,22.9
2016,PT,KZSEV,,,Y45T54,26.6
2016,PT,KZSEV,,,Y55T64,41.9
2016,PT,KZSEV,,,Y_GE65,93.8
2016,PT,KZVOS,,,Y15,23.6
2016,PT,KZVOS,,,Y16T24,19.6
2016,PT,KZVOS,,,M25T28,15.6
2016,PT,KZVOS,,,M29T34,16.2
2016,PT,KZVOS,,,Y35T44,20.5
2016,PT,KZVOS,,,Y45T54,21.6
2016,PT,KZVOS,,,Y55T64,21.8
2016,PT,KZVOS,,,Y_GE65,61.4
2016,PT,KZNS,,,Y16T24,18.5
2016,PT,KZNS,,,M25T28,18.5
2016,PT,KZNS,,,M29T34,18.7
2016,PT,KZNS,,,Y35T44,16.5
2016,PT,KZNS,,,Y45T54,14.1
2016,PT,KZNS,,,Y55T64,18.0
2016,PT,KZNS,,,Y_GE65,5.9
2016,PT,KZALA,,,Y16T24,19.2
2016,PT,KZALA,,,M25T28,19.9
2016,PT,KZALA,,,M29T34,17.8
2016,PT,KZALA,,,Y35T44,16.5
2016,PT,KZALA,,,Y45T54,14.2
2016,PT,KZALA,,,Y55T64,16.5
2016,PT,KZALA,,,Y_GE65,21.0
2017,PT,,,,,16.2
2017,PT,KZAKM,,,,16.5
2017,PT,KZAKT,,,,8.4
2017,PT,KZALM,,,,18.3
2017,PT,KZATY,,,,6.8
2017,PT,KZZAP,,,,29.7
2017,PT,KZZHA,,,,30.8
2017,PT,KZKAR,,,,16.2
2017,PT,KZKUS,,,,27.1
2017,PT,KZKZY,,,,13.6
2017,PT,KZMAN,,,,2.4
2017,PT,KZONT,,,,6.4
2017,PT,KZPAV,,,,20.9
2017,PT,KZSEV,,,,23.7
2017,PT,KZVOS,,,,14.9
2017,PT,KZNS,,,,24.6
2017,PT,KZALA,,,,10.5
2017,PT,,M,,,16.3
2017,PT,KZAKM,M,,,17.7
2017,PT,KZAKT,M,,,7.1
2017,PT,KZALM,M,,,21.5
2017,PT,KZATY,M,,,5.7
2017,PT,KZZAP,M,,,30.2
2017,PT,KZZHA,M,,,31.7
2017,PT,KZKAR,M,,,14.9
2017,PT,KZKUS,M,,,25.2
2017,PT,KZKZY,M,,,14.2
2017,PT,KZMAN,M,,,2.3
2017,PT,KZONT,M,,,6.8
2017,PT,KZPAV,M,,,19.7
2017,PT,KZSEV,M,,,20.7
2017,PT,KZVOS,M,,,15.1
2017,PT,KZNS,M,,,25.2
2017,PT,KZALA,M,,,10.5
2017,PT,,F,,,16.1
2017,PT,KZAKM,F,,,15.2
2017,PT,KZAKT,F,,,9.7
2017,PT,KZALM,F,,,15.1
2017,PT,KZATY,F,,,7.9
2017,PT,KZZAP,F,,,29.2
2017,PT,KZZHA,F,,,29.7
2017,PT,KZKAR,F,,,17.7
2017,PT,KZKUS,F,,,28.9
2017,PT,KZKZY,F,,,12.9
2017,PT,KZMAN,F,,,2.4
2017,PT,KZONT,F,,,5.8
2017,PT,KZPAV,F,,,22.0
2017,PT,KZSEV,F,,,26.9
2017,PT,KZVOS,F,,,14.7
2017,PT,KZNS,F,,,23.9
2017,PT,KZALA,F,,,10.5
2017,PT,,,Город,,11.7
2017,PT,KZAKM,,Город,,11.4
2017,PT,KZAKT,,Город,,2.3
2017,PT,KZALM,,Город,,15.1
2017,PT,KZATY,,Город,,4.5
2017,PT,KZZAP,,Город,,13.4
2017,PT,KZZHA,,Город,,12.3
2017,PT,KZKAR,,Город,,15.3
2017,PT,KZKUS,,Город,,17.8
2017,PT,KZKZY,,Город,,9.3
2017,PT,KZMAN,,Город,,2.0
2017,PT,KZONT,,Город,,5.0
2017,PT,KZPAV,,Город,,11.4
2017,PT,KZSEV,,Город,,8.8
2017,PT,KZVOS,,Город,,9.0
2017,PT,KZNS,,Город,,24.6
2017,PT,KZALA,,Город,,10.5
2017,PT,,,R,,22.2
2017,PT,KZAKM,,R,,21.2
2017,PT,KZAKT,,R,,19.0
2017,PT,KZALM,,R,,19.3
2017,PT,KZATY,,R,,9.1
2017,PT,KZZAP,,R,,44.8
2017,PT,KZZHA,,R,,42.3
2017,PT,KZKAR,,R,,19.6
2017,PT,KZKUS,,R,,36.8
2017,PT,KZKZY,,R,,16.9
2017,PT,KZMAN,,R,,2.7
2017,PT,KZONT,,R,,7.4
2017,PT,KZPAV,,R,,42.4
2017,PT,KZSEV,,R,,34.2
2017,PT,KZVOS,,R,,24.0
2017,PT,,,,Y15,46.5
2017,PT,,,,Y16T24,19.2
2017,PT,,,,M25T28,14.5
2017,PT,,,,M29T34,14.7
2017,PT,,,,Y35T44,15.0
2017,PT,,,,Y45T54,15.0
2017,PT,,,,Y55T64,20.9
2017,PT,,,,Y_GE65,48.0
2017,PT,KZAKM,,,Y15,100.0
2017,PT,KZAKM,,,Y16T24,19.8
2017,PT,KZAKM,,,M25T28,15.7
2017,PT,KZAKM,,,M29T34,15.3
2017,PT,KZAKM,,,Y35T44,14.8
2017,PT,KZAKM,,,Y45T54,16.0
2017,PT,KZAKM,,,Y55T64,17.0
2017,PT,KZAKM,,,Y_GE65,27.2
2017,PT,KZAKT,,,Y16T24,6.4
2017,PT,KZAKT,,,M25T28,9.3
2017,PT,KZAKT,,,M29T34,9.5
2017,PT,KZAKT,,,Y35T44,7.4
2017,PT,KZAKT,,,Y45T54,8.6
2017,PT,KZAKT,,,Y55T64,8.1
2017,PT,KZAKT,,,Y_GE65,17.6
2017,PT,KZALM,,,Y16T24,14.9
2017,PT,KZALM,,,M25T28,16.6
2017,PT,KZALM,,,M29T34,17.2
2017,PT,KZALM,,,Y35T44,19.6
2017,PT,KZALM,,,Y45T54,19.6
2017,PT,KZALM,,,Y55T64,21.5
2017,PT,KZALM,,,Y_GE65,11.7
2017,PT,KZATY,,,Y16T24,10.4
2017,PT,KZATY,,,M25T28,4.9
2017,PT,KZATY,,,M29T34,5.3
2017,PT,KZATY,,,Y35T44,7.9
2017,PT,KZATY,,,Y45T54,5.8
2017,PT,KZATY,,,Y55T64,6.6
2017,PT,KZATY,,,Y_GE65,11.7
2017,PT,KZZAP,,,Y16T24,30.7
2017,PT,KZZAP,,,M25T28,26.5
2017,PT,KZZAP,,,M29T34,26.5
2017,PT,KZZAP,,,Y35T44,27.0
2017,PT,KZZAP,,,Y45T54,31.6
2017,PT,KZZAP,,,Y55T64,36.7
2017,PT,KZZHA,,,Y16T24,38.8
2017,PT,KZZHA,,,M25T28,28.7
2017,PT,KZZHA,,,M29T34,24.7
2017,PT,KZZHA,,,Y35T44,23.9
2017,PT,KZZHA,,,Y45T54,26.7
2017,PT,KZZHA,,,Y55T64,43.6
2017,PT,KZZHA,,,Y_GE65,57.9
2017,PT,KZKAR,,,Y15,100.0
2017,PT,KZKAR,,,Y16T24,23.1
2017,PT,KZKAR,,,M25T28,16.3
2017,PT,KZKAR,,,M29T34,15.7
2017,PT,KZKAR,,,Y35T44,15.1
2017,PT,KZKAR,,,Y45T54,14.1
2017,PT,KZKAR,,,Y55T64,16.7
2017,PT,KZKAR,,,Y_GE65,47.6
2017,PT,KZKUS,,,Y15,100.0
2017,PT,KZKUS,,,Y16T24,35.1
2017,PT,KZKUS,,,M25T28,27.9
2017,PT,KZKUS,,,M29T34,25.2
2017,PT,KZKUS,,,Y35T44,19.6
2017,PT,KZKUS,,,Y45T54,23.1
2017,PT,KZKUS,,,Y55T64,34.2
2017,PT,KZKUS,,,Y_GE65,91.9
2017,PT,KZKZY,,,Y16T24,16.9
2017,PT,KZKZY,,,M25T28,14.4
2017,PT,KZKZY,,,M29T34,13.8
2017,PT,KZKZY,,,Y35T44,13.5
2017,PT,KZKZY,,,Y45T54,11.2
2017,PT,KZKZY,,,Y55T64,12.3
2017,PT,KZKZY,,,Y_GE65,26.6
2017,PT,KZMAN,,,Y16T24,4.6
2017,PT,KZMAN,,,M25T28,2.4
2017,PT,KZMAN,,,M29T34,2.2
2017,PT,KZMAN,,,Y35T44,2.0
2017,PT,KZMAN,,,Y45T54,2.3
2017,PT,KZMAN,,,Y55T64,1.7
2017,PT,KZONT,,,Y16T24,9.1
2017,PT,KZONT,,,M25T28,6.1
2017,PT,KZONT,,,M29T34,5.9
2017,PT,KZONT,,,Y35T44,6.6
2017,PT,KZONT,,,Y45T54,5.4
2017,PT,KZONT,,,Y55T64,6.8
2017,PT,KZPAV,,,Y16T24,25.5
2017,PT,KZPAV,,,M25T28,18.2
2017,PT,KZPAV,,,M29T34,18.0
2017,PT,KZPAV,,,Y35T44,17.4
2017,PT,KZPAV,,,Y45T54,17.3
2017,PT,KZPAV,,,Y55T64,32.3
2017,PT,KZPAV,,,Y_GE65,99.5
2017,PT,KZSEV,,,Y15,100.0
2017,PT,KZSEV,,,Y16T24,26.7
2017,PT,KZSEV,,,M25T28,15.5
2017,PT,KZSEV,,,M29T34,16.7
2017,PT,KZSEV,,,Y35T44,18.8
2017,PT,KZSEV,,,Y45T54,20.8
2017,PT,KZSEV,,,Y55T64,36.3
2017,PT,KZSEV,,,Y_GE65,91.2
2017,PT,KZVOS,,,Y15,100.0
2017,PT,KZVOS,,,Y16T24,18.5
2017,PT,KZVOS,,,M25T28,11.4
2017,PT,KZVOS,,,M29T34,12.8
2017,PT,KZVOS,,,Y35T44,14.0
2017,PT,KZVOS,,,Y45T54,15.3
2017,PT,KZVOS,,,Y55T64,19.4
2017,PT,KZVOS,,,Y_GE65,60.4
2017,PT,KZNS,,,Y16T24,21.9
2017,PT,KZNS,,,M25T28,22.6
2017,PT,KZNS,,,M29T34,30.8
2017,PT,KZNS,,,Y35T44,30.9
2017,PT,KZNS,,,Y45T54,14.9
2017,PT,KZNS,,,Y55T64,9.6
2017,PT,KZNS,,,Y_GE65,7.6
2017,PT,KZALA,,,Y16T24,11.9
2017,PT,KZALA,,,M25T28,8.8
2017,PT,KZALA,,,M29T34,11.4
2017,PT,KZALA,,,Y35T44,10.3
2017,PT,KZALA,,,Y45T54,9.7
2017,PT,KZALA,,,Y55T64,11.0
2017,PT,KZALA,,,Y_GE65,1.3
2018,PT,,,,,14.9
2018,PT,KZAKM,,,,17.0
2018,PT,KZAKT,,,,8.0
2018,PT,KZALM,,,,17.7
2018,PT,KZATY,,,,5.6
2018,PT,KZZAP,,,,29.8
2018,PT,KZZHA,,,,32.1
2018,PT,KZKAR,,,,17.8
2018,PT,KZKUS,,,,22.4
2018,PT,KZKZY,,,,11.6
2018,PT,KZMAN,,,,3.0
2018,PT,KZPAV,,,,12.6
2018,PT,KZSEV,,,,23.0
2018,PT,KZYUZ,,,,8.8
2018,PT,KZVOS,,,,11.8
2018,PT,KZNS,,,,16.6
2018,PT,KZALA,,,,10.9
2018,PT,KZSHY,,,,4.5
2018,PT,,M,,,15.1
2018,PT,KZAKM,M,,,16.9
2018,PT,KZAKT,M,,,7.6
2018,PT,KZALM,M,,,18.4
2018,PT,KZATY,M,,,5.0
2018,PT,KZZAP,M,,,30.7
2018,PT,KZZHA,M,,,33.6
2018,PT,KZKAR,M,,,17.9
2018,PT,KZKUS,M,,,22.3
2018,PT,KZKZY,M,,,11.0
2018,PT,KZMAN,M,,,2.5
2018,PT,KZPAV,M,,,11.6
2018,PT,KZSEV,M,,,20.8
2018,PT,KZYUZ,M,,,11.2
2018,PT,KZVOS,M,,,11.7
2018,PT,KZNS,M,,,16.0
2018,PT,KZALA,M,,,11.4
2018,PT,KZSHY,M,,,4.6
2018,PT,,F,,,14.7
2018,PT,KZAKM,F,,,17.1
2018,PT,KZAKT,F,,,8.5
2018,PT,KZALM,F,,,17.0
2018,PT,KZATY,F,,,6.3
2018,PT,KZZAP,F,,,28.9
2018,PT,KZZHA,F,,,30.5
2018,PT,KZKAR,F,,,17.7
2018,PT,KZKUS,F,,,22.5
2018,PT,KZKZY,F,,,12.2
2018,PT,KZMAN,F,,,3.6
2018,PT,KZPAV,F,,,13.6
2018,PT,KZSEV,F,,,25.4
2018,PT,KZYUZ,F,,,6.0
2018,PT,KZVOS,F,,,12.0
2018,PT,KZNS,F,,,17.2
2018,PT,KZALA,F,,,10.4
2018,PT,KZSHY,F,,,4.4
2018,PT,,,Город,,10.4
2018,PT,KZAKM,,Город,,12.3
2018,PT,KZAKT,,Город,,3.4
2018,PT,KZALM,,Город,,18.6
2018,PT,KZATY,,Город,,4.0
2018,PT,KZZAP,,Город,,13.6
2018,PT,KZZHA,,Город,,17.9
2018,PT,KZKAR,,Город,,17.3
2018,PT,KZKUS,,Город,,9.0
2018,PT,KZKZY,,Город,,6.9
2018,PT,KZMAN,,Город,,2.7
2018,PT,KZPAV,,Город,,4.4
2018,PT,KZSEV,,Город,,9.8
2018,PT,KZYUZ,,Город,,8.3
2018,PT,KZVOS,,Город,,5.1
2018,PT,KZNS,,Город,,16.6
2018,PT,KZALA,,Город,,10.9
2018,PT,KZSHY,,Город,,4.5
2018,PT,,,R,,21.1
2018,PT,KZAKM,,R,,21.2
2018,PT,KZAKT,,R,,19.0
2018,PT,KZALM,,R,,17.4
2018,PT,KZATY,,R,,7.5
2018,PT,KZZAP,,R,,45.4
2018,PT,KZZHA,,R,,40.9
2018,PT,KZKAR,,R,,19.8
2018,PT,KZKUS,,R,,37.0
2018,PT,KZKZY,,R,,15.1
2018,PT,KZMAN,,R,,3.2
2018,PT,KZPAV,,R,,31.5
2018,PT,KZSEV,,R,,32.3
2018,PT,KZYUZ,,R,,8.9
2018,PT,KZVOS,,R,,22.4
2018,PT,,,,Y15,100.0
2018,PT,,,,Y16T24,17.1
2018,PT,,,,M25T28,13.2
2018,PT,,,,M29T34,12.8
2018,PT,,,,Y35T44,13.3
2018,PT,,,,Y45T54,14.3
2018,PT,,,,Y55T64,21.0
2018,PT,,,,Y_GE65,60.0
2018,PT,KZAKM,,,Y16T24,19.0
2018,PT,KZAKM,,,M25T28,14.8
2018,PT,KZAKM,,,M29T34,15.8
2018,PT,KZAKM,,,Y35T44,15.0
2018,PT,KZAKM,,,Y45T54,15.2
2018,PT,KZAKM,,,Y55T64,20.1
2018,PT,KZAKM,,,Y_GE65,36.8
2018,PT,KZAKT,,,Y16T24,12.2
2018,PT,KZAKT,,,M25T28,7.5
2018,PT,KZAKT,,,M29T34,6.3
2018,PT,KZAKT,,,Y35T44,8.1
2018,PT,KZAKT,,,Y45T54,8.8
2018,PT,KZAKT,,,Y55T64,9.0
2018,PT,KZAKT,,,Y_GE65,7.1
2018,PT,KZALM,,,Y16T24,14.7
2018,PT,KZALM,,,M25T28,12.8
2018,PT,KZALM,,,M29T34,15.2
2018,PT,KZALM,,,Y35T44,14.8
2018,PT,KZALM,,,Y45T54,17.3
2018,PT,KZALM,,,Y55T64,37.3
2018,PT,KZALM,,,Y_GE65,77.4
2018,PT,KZATY,,,Y16T24,6.3
2018,PT,KZATY,,,M25T28,4.2
2018,PT,KZATY,,,M29T34,4.1
2018,PT,KZATY,,,Y35T44,6.2
2018,PT,KZATY,,,Y45T54,6.6
2018,PT,KZATY,,,Y55T64,6.0
2018,PT,KZATY,,,Y_GE65,15.0
2018,PT,KZZAP,,,Y16T24,33.4
2018,PT,KZZAP,,,M25T28,28.4
2018,PT,KZZAP,,,M29T34,23.7
2018,PT,KZZAP,,,Y35T44,26.1
2018,PT,KZZAP,,,Y45T54,32.3
2018,PT,KZZAP,,,Y55T64,36.4
2018,PT,KZZHA,,,Y16T24,44.0
2018,PT,KZZHA,,,M25T28,30.4
2018,PT,KZZHA,,,M29T34,29.2
2018,PT,KZZHA,,,Y35T44,27.1
2018,PT,KZZHA,,,Y45T54,27.9
2018,PT,KZZHA,,,Y55T64,39.3
2018,PT,KZZHA,,,Y_GE65,64.3
2018,PT,KZKAR,,,Y16T24,21.4
2018,PT,KZKAR,,,M25T28,16.4
2018,PT,KZKAR,,,M29T34,18.3
2018,PT,KZKAR,,,Y35T44,17.1
2018,PT,KZKAR,,,Y45T54,16.5
2018,PT,KZKAR,,,Y55T64,17.4
2018,PT,KZKAR,,,Y_GE65,48.5
2018,PT,KZKUS,,,Y15,100.0
2018,PT,KZKUS,,,Y16T24,26.6
2018,PT,KZKUS,,,M25T28,19.1
2018,PT,KZKUS,,,M29T34,17.0
2018,PT,KZKUS,,,Y35T44,17.5
2018,PT,KZKUS,,,Y45T54,18.4
2018,PT,KZKUS,,,Y55T64,34.1
2018,PT,KZKUS,,,Y_GE65,88.6
2018,PT,KZKZY,,,Y16T24,16.1
2018,PT,KZKZY,,,M25T28,10.9
2018,PT,KZKZY,,,M29T34,12.5
2018,PT,KZKZY,,,Y35T44,10.5
2018,PT,KZKZY,,,Y45T54,9.4
2018,PT,KZKZY,,,Y55T64,8.8
2018,PT,KZKZY,,,Y_GE65,57.1
2018,PT,KZMAN,,,Y16T24,4.4
2018,PT,KZMAN,,,M25T28,3.1
2018,PT,KZMAN,,,M29T34,3.0
2018,PT,KZMAN,,,Y35T44,3.3
2018,PT,KZMAN,,,Y45T54,2.3
2018,PT,KZMAN,,,Y55T64,2.0
2018,PT,KZPAV,,,Y16T24,11.5
2018,PT,KZPAV,,,M25T28,9.3
2018,PT,KZPAV,,,M29T34,9.1
2018,PT,KZPAV,,,Y35T44,10.7
2018,PT,KZPAV,,,Y45T54,10.7
2018,PT,KZPAV,,,Y55T64,22.5
2018,PT,KZPAV,,,Y_GE65,97.5
2018,PT,KZSEV,,,Y15,100.0
2018,PT,KZSEV,,,Y16T24,22.4
2018,PT,KZSEV,,,M25T28,19.3
2018,PT,KZSEV,,,M29T34,15.4
2018,PT,KZSEV,,,Y35T44,17.5
2018,PT,KZSEV,,,Y45T54,19.7
2018,PT,KZSEV,,,Y55T64,35.8
2018,PT,KZSEV,,,Y_GE65,94.2
2018,PT,KZYUZ,,,Y16T24,9.1
2018,PT,KZYUZ,,,M25T28,8.9
2018,PT,KZYUZ,,,M29T34,8.4
2018,PT,KZYUZ,,,Y35T44,8.6
2018,PT,KZYUZ,,,Y45T54,9.5
2018,PT,KZYUZ,,,Y55T64,8.1
2018,PT,KZYUZ,,,Y_GE65,2.5
2018,PT,KZVOS,,,Y16T24,14.2
2018,PT,KZVOS,,,M25T28,9.1
2018,PT,KZVOS,,,M29T34,8.7
2018,PT,KZVOS,,,Y35T44,10.5
2018,PT,KZVOS,,,Y45T54,12.9
2018,PT,KZVOS,,,Y55T64,15.8
2018,PT,KZVOS,,,Y_GE65,44.0
2018,PT,KZNS,,,Y16T24,15.3
2018,PT,KZNS,,,M25T28,16.1
2018,PT,KZNS,,,M29T34,22.7
2018,PT,KZNS,,,Y35T44,13.8
2018,PT,KZNS,,,Y45T54,14.8
2018,PT,KZNS,,,Y55T64,13.0
2018,PT,KZALA,,,Y16T24,12.1
2018,PT,KZALA,,,M25T28,11.1
2018,PT,KZALA,,,M29T34,11.1
2018,PT,KZALA,,,Y35T44,12.0
2018,PT,KZALA,,,Y45T54,10.3
2018,PT,KZALA,,,Y55T64,6.6
2018,PT,KZALA,,,Y_GE65,5.6
2018,PT,KZSHY,,,Y16T24,4.6
2018,PT,KZSHY,,,M25T28,5.0
2018,PT,KZSHY,,,M29T34,2.4
2018,PT,KZSHY,,,Y35T44,5.6
2018,PT,KZSHY,,,Y45T54,6.0
2018,PT,KZSHY,,,Y55T64,1.8
2019,PT,,,,,13.7
2019,PT,KZAKM,,,,17.7
2019,PT,KZAKT,,,,8.1
2019,PT,KZALM,,,,18.7
2019,PT,KZATY,,,,6.7
2019,PT,KZZAP,,,,24.0
2019,PT,KZZHA,,,,28.3
2019,PT,KZKAR,,,,15.7
2019,PT,KZKUS,,,,20.8
2019,PT,KZKZY,,,,10.3
2019,PT,KZMAN,,,,3.5
2019,PT,KZPAV,,,,14.0
2019,PT,KZSEV,,,,19.1
2019,PT,KZYUZ,,,,14.9
2019,PT,KZVOS,,,,10.3
2019,PT,KZNS,,,,9.7
2019,PT,KZALA,,,,4.6
2019,PT,KZSHY,,,,7.5
2019,PT,,M,,,13.8
2019,PT,KZAKM,M,,,15.9
2019,PT,KZAKT,M,,,7.2
2019,PT,KZALM,M,,,20.4
2019,PT,KZATY,M,,,6.0
2019,PT,KZZAP,M,,,25.0
2019,PT,KZZHA,M,,,27.5
2019,PT,KZKAR,M,,,14.3
2019,PT,KZKUS,M,,,20.2
2019,PT,KZKZY,M,,,12.0
2019,PT,KZMAN,M,,,2.8
2019,PT,KZPAV,M,,,13.2
2019,PT,KZSEV,M,,,16.8
2019,PT,KZYUZ,M,,,13.9
2019,PT,KZVOS,M,,,10.3
2019,PT,KZNS,M,,,12.9
2019,PT,KZALA,M,,,5.1
2019,PT,KZSHY,M,,,9.1
2019,PT,,F,,,13.6
2019,PT,KZAKM,F,,,19.6
2019,PT,KZAKT,F,,,9.0
2019,PT,KZALM,F,,,16.8
2019,PT,KZATY,F,,,7.5
2019,PT,KZZAP,F,,,23.0
2019,PT,KZZHA,F,,,29.2
2019,PT,KZKAR,F,,,17.4
2019,PT,KZKUS,F,,,21.4
2019,PT,KZKZY,F,,,8.3
2019,PT,KZMAN,F,,,4.3
2019,PT,KZPAV,F,,,14.8
2019,PT,KZSEV,F,,,21.6
2019,PT,KZYUZ,F,,,16.2
2019,PT,KZVOS,F,,,10.3
2019,PT,KZNS,F,,,6.7
2019,PT,KZALA,F,,,4.1
2019,PT,KZSHY,F,,,5.7
2019,PT,,,Город,,8.3
2019,PT,KZAKM,,Город,,12.8
2019,PT,KZAKT,,Город,,3.2
2019,PT,KZALM,,Город,,16.3
2019,PT,KZATY,,Город,,6.8
2019,PT,KZZAP,,Город,,13.3
2019,PT,KZZHA,,Город,,19.1
2019,PT,KZKAR,,Город,,16.0
2019,PT,KZKUS,,Город,,6.6
2019,PT,KZKZY,,Город,,4.7
2019,PT,KZMAN,,Город,,1.8
2019,PT,KZPAV,,Город,,5.3
2019,PT,KZSEV,,Город,,6.0
2019,PT,KZYUZ,,Город,,10.6
2019,PT,KZVOS,,Город,,2.6
2019,PT,KZNS,,Город,,9.7
2019,PT,KZALA,,Город,,4.6
2019,PT,KZSHY,,Город,,7.5
2019,PT,,,R,,21.4
2019,PT,KZAKM,,R,,22.2
2019,PT,KZAKT,,R,,19.7
2019,PT,KZALM,,R,,19.3
2019,PT,KZATY,,R,,6.5
2019,PT,KZZAP,,R,,34.5
2019,PT,KZZHA,,R,,34.4
2019,PT,KZKAR,,R,,14.7
2019,PT,KZKUS,,R,,36.5
2019,PT,KZKZY,,R,,14.7
2019,PT,KZMAN,,R,,4.8
2019,PT,KZPAV,,R,,34.1
2019,PT,KZSEV,,R,,28.8
2019,PT,KZYUZ,,R,,15.9
2019,PT,KZVOS,,R,,22.5
2019,PT,,,,Y15,100.0
2019,PT,,,,Y16T24,15.6
2019,PT,,,,M25T28,11.7
2019,PT,,,,M29T34,11.4
2019,PT,,,,Y35T44,11.6
2019,PT,,,,Y45T54,14.0
2019,PT,,,,Y55T64,19.7
2019,PT,,,,Y_GE65,62.9
2019,PT,KZAKM,,,Y16T24,19.5
2019,PT,KZAKM,,,M25T28,13.6
2019,PT,KZAKM,,,M29T34,13.3
2019,PT,KZAKM,,,Y35T44,13.7
2019,PT,KZAKM,,,Y45T54,13.3
2019,PT,KZAKM,,,Y55T64,26.8
2019,PT,KZAKM,,,Y_GE65,59.2
2019,PT,KZAKT,,,Y16T24,7.3
2019,PT,KZAKT,,,M25T28,7.1
2019,PT,KZAKT,,,M29T34,8.6
2019,PT,KZAKT,,,Y35T44,6.9
2019,PT,KZAKT,,,Y45T54,9.3
2019,PT,KZAKT,,,Y55T64,8.0
2019,PT,KZAKT,,,Y_GE65,42.6
2019,PT,KZALM,,,Y16T24,16.3
2019,PT,KZALM,,,M25T28,14.8
2019,PT,KZALM,,,M29T34,13.8
2019,PT,KZALM,,,Y35T44,15.9
2019,PT,KZALM,,,Y45T54,22.7
2019,PT,KZALM,,,Y55T64,29.2
2019,PT,KZALM,,,Y_GE65,44.3
2019,PT,KZATY,,,Y16T24,5.3
2019,PT,KZATY,,,M25T28,7.4
2019,PT,KZATY,,,M29T34,8.6
2019,PT,KZATY,,,Y35T44,6.7
2019,PT,KZATY,,,Y45T54,5.4
2019,PT,KZATY,,,Y55T64,6.4
2019,PT,KZATY,,,Y_GE65,1.9
2019,PT,KZZAP,,,Y16T24,25.7
2019,PT,KZZAP,,,M25T28,19.8
2019,PT,KZZAP,,,M29T34,21.3
2019,PT,KZZAP,,,Y35T44,24.0
2019,PT,KZZAP,,,Y45T54,25.2
2019,PT,KZZAP,,,Y55T64,26.1
2019,PT,KZZAP,,,Y_GE65,100.0
2019,PT,KZZHA,,,Y16T24,41.7
2019,PT,KZZHA,,,M25T28,26.9
2019,PT,KZZHA,,,M29T34,22.7
2019,PT,KZZHA,,,Y35T44,21.5
2019,PT,KZZHA,,,Y45T54,22.4
2019,PT,KZZHA,,,Y55T64,39.3
2019,PT,KZZHA,,,Y_GE65,64.0
2019,PT,KZKAR,,,Y16T24,22.3
2019,PT,KZKAR,,,M25T28,14.4
2019,PT,KZKAR,,,M29T34,15.4
2019,PT,KZKAR,,,Y35T44,15.9
2019,PT,KZKAR,,,Y45T54,13.7
2019,PT,KZKAR,,,Y55T64,13.9
2019,PT,KZKAR,,,Y_GE65,57.9
2019,PT,KZKUS,,,Y15,100.0
2019,PT,KZKUS,,,Y16T24,24.8
2019,PT,KZKUS,,,M25T28,18.0
2019,PT,KZKUS,,,M29T34,15.9
2019,PT,KZKUS,,,Y35T44,15.2
2019,PT,KZKUS,,,Y45T54,18.4
2019,PT,KZKUS,,,Y55T64,28.9
2019,PT,KZKUS,,,Y_GE65,88.3
2019,PT,KZKZY,,,Y16T24,14.9
2019,PT,KZKZY,,,M25T28,8.6
2019,PT,KZKZY,,,M29T34,9.2
2019,PT,KZKZY,,,Y35T44,10.3
2019,PT,KZKZY,,,Y45T54,9.9
2019,PT,KZKZY,,,Y55T64,9.5
2019,PT,KZKZY,,,Y_GE65,100.0
2019,PT,KZMAN,,,Y16T24,6.5
2019,PT,KZMAN,,,M25T28,5.4
2019,PT,KZMAN,,,M29T34,2.0
2019,PT,KZMAN,,,Y35T44,3.3
2019,PT,KZMAN,,,Y45T54,2.7
2019,PT,KZMAN,,,Y55T64,3.4
2019,PT,KZPAV,,,Y15,100.0
2019,PT,KZPAV,,,Y16T24,15.3
2019,PT,KZPAV,,,M25T28,8.2
2019,PT,KZPAV,,,M29T34,12.1
2019,PT,KZPAV,,,Y35T44,11.2
2019,PT,KZPAV,,,Y45T54,12.5
2019,PT,KZPAV,,,Y55T64,22.2
2019,PT,KZPAV,,,Y_GE65,84.2
2019,PT,KZSEV,,,Y15,100.0
2019,PT,KZSEV,,,Y16T24,21.3
2019,PT,KZSEV,,,M25T28,14.6
2019,PT,KZSEV,,,M29T34,14.3
2019,PT,KZSEV,,,Y35T44,13.5
2019,PT,KZSEV,,,Y45T54,17.7
2019,PT,KZSEV,,,Y55T64,29.8
2019,PT,KZSEV,,,Y_GE65,85.1
2019,PT,KZYUZ,,,Y16T24,15.3
2019,PT,KZYUZ,,,M25T28,16.0
2019,PT,KZYUZ,,,M29T34,14.3
2019,PT,KZYUZ,,,Y35T44,15.1
2019,PT,KZYUZ,,,Y45T54,14.8
2019,PT,KZYUZ,,,Y55T64,14.3
2019,PT,KZYUZ,,,Y_GE65,11.1
2019,PT,KZVOS,,,Y16T24,9.9
2019,PT,KZVOS,,,M25T28,7.2
2019,PT,KZVOS,,,M29T34,8.1
2019,PT,KZVOS,,,Y35T44,9.5
2019,PT,KZVOS,,,Y45T54,11.9
2019,PT,KZVOS,,,Y55T64,14.3
2019,PT,KZVOS,,,Y_GE65,60.0
2019,PT,KZNS,,,Y16T24,12.2
2019,PT,KZNS,,,M25T28,7.8
2019,PT,KZNS,,,M29T34,7.9
2019,PT,KZNS,,,Y35T44,6.7
2019,PT,KZNS,,,Y45T54,12.6
2019,PT,KZNS,,,Y55T64,23.7
2019,PT,KZNS,,,Y_GE65,77.7
2019,PT,KZALA,,,Y16T24,4.0
2019,PT,KZALA,,,M25T28,5.3
2019,PT,KZALA,,,M29T34,4.5
2019,PT,KZALA,,,Y35T44,4.2
2019,PT,KZALA,,,Y45T54,5.8
2019,PT,KZALA,,,Y55T64,3.7
2019,PT,KZALA,,,Y_GE65,2.0
2019,PT,KZSHY,,,Y16T24,7.5
2019,PT,KZSHY,,,M25T28,6.2
2019,PT,KZSHY,,,M29T34,10.0
2019,PT,KZSHY,,,Y35T44,6.3
2019,PT,KZSHY,,,Y45T54,6.2
2019,PT,KZSHY,,,Y55T64,7.9
