Year,UNIT_MEASURE,REF_AREA,SEX,URBANISATION,AGE,GeoCode,Value
2012,PT,,,,,,26.0
2012,PT,KZAKM,,,,KZAKM,20.5
2012,PT,KZAKT,,,,KZAKT,24.7
2012,PT,KZALM,,,,KZALM,28.2
2012,PT,KZATY,,,,KZATY,8.2
2012,PT,KZZAP,,,,KZZAP,28.4
2012,PT,KZZHA,,,,KZZHA,31.3
2012,PT,KZKAR,,,,KZKAR,25.8
2012,PT,KZKUS,,,,KZKUS,38.3
2012,PT,KZKZY,,,,KZKZY,17.1
2012,PT,KZMAN,,,,KZMAN,2.4
2012,PT,KZONT,,,,KZONT,37.2
2012,PT,KZPAV,,,,KZPAV,29.4
2012,PT,KZSEV,,,,KZSEV,40.0
2012,PT,KZVOS,,,,KZVOS,29.8
2012,PT,KZNS,,,,KZNS,13.3
2012,PT,KZALA,,,,KZALA,9.8
2012,PT,,M,,,,24.7
2012,PT,KZAKM,M,,,KZAKM,21.6
2012,PT,KZAKT,M,,,KZAKT,21.8
2012,PT,KZALM,M,,,KZALM,28.7
2012,PT,KZATY,M,,,KZATY,7.5
2012,PT,KZZAP,M,,,KZZAP,30.9
2012,PT,KZZHA,M,,,KZZHA,28.0
2012,PT,KZKAR,M,,,KZKAR,23.0
2012,PT,KZKUS,M,,,KZKUS,35.9
2012,PT,KZKZY,M,,,KZKZY,15.8
2012,PT,KZMAN,M,,,KZMAN,2.3
2012,PT,KZONT,M,,,KZONT,35.4
2012,PT,KZPAV,M,,,KZPAV,27.1
2012,PT,KZSEV,M,,,KZSEV,35.2
2012,PT,KZVOS,M,,,KZVOS,27.3
2012,PT,KZNS,M,,,KZNS,12.4
2012,PT,KZALA,M,,,KZALA,10.5
2012,PT,,F,,,,27.5
2012,PT,KZAKM,F,,,KZAKM,19.3
2012,PT,KZAKT,F,,,KZAKT,27.7
2012,PT,KZALM,F,,,KZALM,27.6
2012,PT,KZATY,F,,,KZATY,8.9
2012,PT,KZZAP,F,,,KZZAP,25.7
2012,PT,KZZHA,F,,,KZZHA,34.7
2012,PT,KZKAR,F,,,KZKAR,28.9
2012,PT,KZKUS,F,,,KZKUS,40.7
2012,PT,KZKZY,F,,,KZKZY,18.6
2012,PT,KZMAN,F,,,KZMAN,2.6
2012,PT,KZONT,F,,,KZONT,39.2
2012,PT,KZPAV,F,,,KZPAV,31.8
2012,PT,KZSEV,F,,,KZSEV,44.6
2012,PT,KZVOS,F,,,KZVOS,32.5
2012,PT,KZNS,F,,,KZNS,14.3
2012,PT,KZALA,F,,,KZALA,9.1
2012,PT,,,U,,,16.0
2012,PT,KZAKM,,U,,KZAKM,14.9
2012,PT,KZAKT,,U,,KZAKT,16.8
2012,PT,KZALM,,U,,KZALM,21.4
2012,PT,KZATY,,U,,KZATY,3.1
2012,PT,KZZAP,,U,,KZZAP,5.6
2012,PT,KZZHA,,U,,KZZHA,14.6
2012,PT,KZKAR,,U,,KZKAR,23.5
2012,PT,KZKUS,,U,,KZKUS,18.2
2012,PT,KZKZY,,U,,KZKZY,11.5
2012,PT,KZMAN,,U,,KZMAN,2.1
2012,PT,KZONT,,U,,KZONT,23.9
2012,PT,KZPAV,,U,,KZPAV,17.9
2012,PT,KZSEV,,U,,KZSEV,24.9
2012,PT,KZVOS,,U,,KZVOS,18.0
2012,PT,KZNS,,U,,KZNS,13.3
2012,PT,KZALA,,U,,KZALA,9.8
2012,PT,,,R,,,37.9
2012,PT,KZAKM,,R,,KZAKM,25.2
2012,PT,KZAKT,,R,,KZAKT,37.9
2012,PT,KZALM,,R,,KZALM,30.2
2012,PT,KZATY,,R,,KZATY,13.2
2012,PT,KZZAP,,R,,KZZAP,47.0
2012,PT,KZZHA,,R,,KZZHA,40.7
2012,PT,KZKAR,,R,,KZKAR,33.6
2012,PT,KZKUS,,R,,KZKUS,56.8
2012,PT,KZKZY,,R,,KZKZY,21.5
2012,PT,KZMAN,,R,,KZMAN,2.8
2012,PT,KZONT,,R,,KZONT,45.3
2012,PT,KZPAV,,R,,KZPAV,50.9
2012,PT,KZSEV,,R,,KZSEV,49.3
2012,PT,KZVOS,,R,,KZVOS,46.2
2012,PT,,,,Y15,,99.3
2012,PT,,,,Y16T24,,33.1
2012,PT,,,,M25T28,,22.9
2012,PT,,,,M29T34,,24.4
2012,PT,,,,Y35T44,,24.2
2012,PT,,,,Y45T54,,23.5
2012,PT,,,,Y55T64,,30.4
2012,PT,,,,Y_GE65,,62.6
2012,PT,KZAKM,,,Y15,KZAKM,73.9
2012,PT,KZAKM,,,Y16T24,KZAKM,18.5
2012,PT,KZAKM,,,M25T28,KZAKM,14.8
2012,PT,KZAKM,,,M29T34,KZAKM,17.7
2012,PT,KZAKM,,,Y35T44,KZAKM,22.5
2012,PT,KZAKM,,,Y45T54,KZAKM,22.6
2012,PT,KZAKM,,,Y55T64,KZAKM,18.2
2012,PT,KZAKM,,,Y_GE65,KZAKM,77.0
2012,PT,KZAKT,,,Y16T24,KZAKT,38.8
2012,PT,KZAKT,,,M25T28,KZAKT,25.8
2012,PT,KZAKT,,,M29T34,KZAKT,22.4
2012,PT,KZAKT,,,Y35T44,KZAKT,19.4
2012,PT,KZAKT,,,Y45T54,KZAKT,22.3
2012,PT,KZAKT,,,Y55T64,KZAKT,37.6
2012,PT,KZAKT,,,Y_GE65,KZAKT,100.0
2012,PT,KZALM,,,Y16T24,KZALM,27.0
2012,PT,KZALM,,,M25T28,KZALM,25.7
2012,PT,KZALM,,,M29T34,KZALM,28.4
2012,PT,KZALM,,,Y35T44,KZALM,29.2
2012,PT,KZALM,,,Y45T54,KZALM,29.2
2012,PT,KZALM,,,Y55T64,KZALM,28.3
2012,PT,KZALM,,,Y_GE65,KZALM,36.0
2012,PT,KZATY,,,Y16T24,KZATY,11.3
2012,PT,KZATY,,,M25T28,KZATY,5.8
2012,PT,KZATY,,,M29T34,KZATY,8.2
2012,PT,KZATY,,,Y35T44,KZATY,9.7
2012,PT,KZATY,,,Y45T54,KZATY,5.9
2012,PT,KZATY,,,Y55T64,KZATY,7.3
2012,PT,KZZAP,,,Y16T24,KZZAP,28.2
2012,PT,KZZAP,,,M25T28,KZZAP,31.4
2012,PT,KZZAP,,,M29T34,KZZAP,24.2
2012,PT,KZZAP,,,Y35T44,KZZAP,27.5
2012,PT,KZZAP,,,Y45T54,KZZAP,25.6
2012,PT,KZZAP,,,Y55T64,KZZAP,42.1
2012,PT,KZZAP,,,Y_GE65,KZZAP,81.5
2012,PT,KZZHA,,,Y15,KZZHA,100.0
2012,PT,KZZHA,,,Y16T24,KZZHA,39.4
2012,PT,KZZHA,,,M25T28,KZZHA,33.1
2012,PT,KZZHA,,,M29T34,KZZHA,30.0
2012,PT,KZZHA,,,Y35T44,KZZHA,29.5
2012,PT,KZZHA,,,Y45T54,KZZHA,25.1
2012,PT,KZZHA,,,Y55T64,KZZHA,32.6
2012,PT,KZZHA,,,Y_GE65,KZZHA,36.3
2012,PT,KZKAR,,,Y16T24,KZKAR,40.0
2012,PT,KZKAR,,,M25T28,KZKAR,22.3
2012,PT,KZKAR,,,M29T34,KZKAR,23.3
2012,PT,KZKAR,,,Y35T44,KZKAR,20.6
2012,PT,KZKAR,,,Y45T54,KZKAR,19.7
2012,PT,KZKAR,,,Y55T64,KZKAR,33.0
2012,PT,KZKAR,,,Y_GE65,KZKAR,76.2
2012,PT,KZKUS,,,Y15,KZKUS,100.0
2012,PT,KZKUS,,,Y16T24,KZKUS,57.5
2012,PT,KZKUS,,,M25T28,KZKUS,32.8
2012,PT,KZKUS,,,M29T34,KZKUS,31.7
2012,PT,KZKUS,,,Y35T44,KZKUS,33.0
2012,PT,KZKUS,,,Y45T54,KZKUS,34.1
2012,PT,KZKUS,,,Y55T64,KZKUS,40.1
2012,PT,KZKUS,,,Y_GE65,KZKUS,90.3
2012,PT,KZKZY,,,Y16T24,KZKZY,20.8
2012,PT,KZKZY,,,M25T28,KZKZY,14.6
2012,PT,KZKZY,,,M29T34,KZKZY,19.4
2012,PT,KZKZY,,,Y35T44,KZKZY,16.0
2012,PT,KZKZY,,,Y45T54,KZKZY,15.5
2012,PT,KZKZY,,,Y55T64,KZKZY,17.6
2012,PT,KZMAN,,,Y16T24,KZMAN,1.8
2012,PT,KZMAN,,,M25T28,KZMAN,2.1
2012,PT,KZMAN,,,M29T34,KZMAN,1.4
2012,PT,KZMAN,,,Y35T44,KZMAN,3.2
2012,PT,KZMAN,,,Y45T54,KZMAN,3.6
2012,PT,KZMAN,,,Y55T64,KZMAN,2.2
2012,PT,KZONT,,,Y16T24,KZONT,44.8
2012,PT,KZONT,,,M25T28,KZONT,33.2
2012,PT,KZONT,,,M29T34,KZONT,38.7
2012,PT,KZONT,,,Y35T44,KZONT,37.2
2012,PT,KZONT,,,Y45T54,KZONT,32.9
2012,PT,KZONT,,,Y55T64,KZONT,34.7
2012,PT,KZONT,,,Y_GE65,KZONT,38.4
2012,PT,KZPAV,,,Y15,KZPAV,100.0
2012,PT,KZPAV,,,Y16T24,KZPAV,41.0
2012,PT,KZPAV,,,M25T28,KZPAV,24.3
2012,PT,KZPAV,,,M29T34,KZPAV,30.2
2012,PT,KZPAV,,,Y35T44,KZPAV,22.9
2012,PT,KZPAV,,,Y45T54,KZPAV,22.5
2012,PT,KZPAV,,,Y55T64,KZPAV,41.6
2012,PT,KZPAV,,,Y_GE65,KZPAV,98.7
2012,PT,KZSEV,,,Y16T24,KZSEV,49.1
2012,PT,KZSEV,,,M25T28,KZSEV,30.7
2012,PT,KZSEV,,,M29T34,KZSEV,37.2
2012,PT,KZSEV,,,Y35T44,KZSEV,32.0
2012,PT,KZSEV,,,Y45T54,KZSEV,32.1
2012,PT,KZSEV,,,Y55T64,KZSEV,59.2
2012,PT,KZSEV,,,Y_GE65,KZSEV,96.5
2012,PT,KZVOS,,,Y16T24,KZVOS,35.7
2012,PT,KZVOS,,,M25T28,KZVOS,24.2
2012,PT,KZVOS,,,M29T34,KZVOS,29.2
2012,PT,KZVOS,,,Y35T44,KZVOS,29.9
2012,PT,KZVOS,,,Y45T54,KZVOS,29.5
2012,PT,KZVOS,,,Y55T64,KZVOS,29.6
2012,PT,KZVOS,,,Y_GE65,KZVOS,38.0
2012,PT,KZNS,,,Y16T24,KZNS,24.9
2012,PT,KZNS,,,M25T28,KZNS,13.7
2012,PT,KZNS,,,M29T34,KZNS,11.2
2012,PT,KZNS,,,Y35T44,KZNS,12.6
2012,PT,KZNS,,,Y45T54,KZNS,9.7
2012,PT,KZNS,,,Y55T64,KZNS,5.0
2012,PT,KZALA,,,Y16T24,KZALA,13.8
2012,PT,KZALA,,,M25T28,KZALA,9.9
2012,PT,KZALA,,,M29T34,KZALA,10.4
2012,PT,KZALA,,,Y35T44,KZALA,9.0
2012,PT,KZALA,,,Y45T54,KZALA,7.7
2012,PT,KZALA,,,Y55T64,KZALA,9.4
2012,PT,KZALA,,,Y_GE65,KZALA,28.6
2013,PT,,,,,,24.3
2013,PT,KZAKM,,,,KZAKM,21.3
2013,PT,KZAKT,,,,KZAKT,21.5
2013,PT,KZALM,,,,KZALM,21.5
2013,PT,KZATY,,,,KZATY,7.5
2013,PT,KZZAP,,,,KZZAP,28.9
2013,PT,KZZHA,,,,KZZHA,43.9
2013,PT,KZKAR,,,,KZKAR,19.7
2013,PT,KZKUS,,,,KZKUS,37.3
2013,PT,KZKZY,,,,KZKZY,14.9
2013,PT,KZMAN,,,,KZMAN,5.9
2013,PT,KZONT,,,,KZONT,32.4
2013,PT,KZPAV,,,,KZPAV,29.3
2013,PT,KZSEV,,,,KZSEV,39.0
2013,PT,KZVOS,,,,KZVOS,29.5
2013,PT,KZNS,,,,KZNS,4.9
2013,PT,KZALA,,,,KZALA,10.5
2013,PT,,M,,,,24.0
2013,PT,KZAKM,M,,,KZAKM,21.7
2013,PT,KZAKT,M,,,KZAKT,23.6
2013,PT,KZALM,M,,,KZALM,22.9
2013,PT,KZATY,M,,,KZATY,7.7
2013,PT,KZZAP,M,,,KZZAP,32.4
2013,PT,KZZHA,M,,,KZZHA,41.9
2013,PT,KZKAR,M,,,KZKAR,17.8
2013,PT,KZKUS,M,,,KZKUS,34.9
2013,PT,KZKZY,M,,,KZKZY,14.8
2013,PT,KZMAN,M,,,KZMAN,4.7
2013,PT,KZONT,M,,,KZONT,31.9
2013,PT,KZPAV,M,,,KZPAV,25.9
2013,PT,KZSEV,M,,,KZSEV,34.5
2013,PT,KZVOS,M,,,KZVOS,29.6
2013,PT,KZNS,M,,,KZNS,5.3
2013,PT,KZALA,M,,,KZALA,11.8
2013,PT,,F,,,,24.6
2013,PT,KZAKM,F,,,KZAKM,20.9
2013,PT,KZAKT,F,,,KZAKT,19.3
2013,PT,KZALM,F,,,KZALM,20.0
2013,PT,KZATY,F,,,KZATY,7.3
2013,PT,KZZAP,F,,,KZZAP,25.2
2013,PT,KZZHA,F,,,KZZHA,45.9
2013,PT,KZKAR,F,,,KZKAR,21.7
2013,PT,KZKUS,F,,,KZKUS,39.6
2013,PT,KZKZY,F,,,KZKZY,14.9
2013,PT,KZMAN,F,,,KZMAN,7.4
2013,PT,KZONT,F,,,KZONT,33.1
2013,PT,KZPAV,F,,,KZPAV,32.9
2013,PT,KZSEV,F,,,KZSEV,43.4
2013,PT,KZVOS,F,,,KZVOS,29.4
2013,PT,KZNS,F,,,KZNS,4.5
2013,PT,KZALA,F,,,KZALA,9.2
2013,PT,,,U,,,14.4
2013,PT,KZAKM,,U,,KZAKM,12.8
2013,PT,KZAKT,,U,,KZAKT,13.1
2013,PT,KZALM,,U,,KZALM,12.9
2013,PT,KZATY,,U,,KZATY,3.0
2013,PT,KZZAP,,U,,KZZAP,11.0
2013,PT,KZZHA,,U,,KZZHA,31.6
2013,PT,KZKAR,,U,,KZKAR,18.9
2013,PT,KZKUS,,U,,KZKUS,18.6
2013,PT,KZKZY,,U,,KZKZY,12.2
2013,PT,KZMAN,,U,,KZMAN,6.6
2013,PT,KZONT,,U,,KZONT,18.7
2013,PT,KZPAV,,U,,KZPAV,17.7
2013,PT,KZSEV,,U,,KZSEV,24.9
2013,PT,KZVOS,,U,,KZVOS,15.2
2013,PT,KZNS,,U,,KZNS,4.9
2013,PT,KZALA,,U,,KZALA,10.5
2013,PT,,,R,,,36.1
2013,PT,KZAKM,,R,,KZAKM,28.6
2013,PT,KZAKT,,R,,KZAKT,35.6
2013,PT,KZALM,,R,,KZALM,24.1
2013,PT,KZATY,,R,,KZATY,11.8
2013,PT,KZZAP,,R,,KZZAP,43.7
2013,PT,KZZHA,,R,,KZZHA,50.8
2013,PT,KZKAR,,R,,KZKAR,22.4
2013,PT,KZKUS,,R,,KZKUS,54.8
2013,PT,KZKZY,,R,,KZKZY,17.0
2013,PT,KZMAN,,R,,KZMAN,5.1
2013,PT,KZONT,,R,,KZONT,41.0
2013,PT,KZPAV,,R,,KZPAV,51.5
2013,PT,KZSEV,,R,,KZSEV,48.2
2013,PT,KZVOS,,R,,KZVOS,49.7
2013,PT,,,,Y15,,100.0
2013,PT,,,,Y16T24,,30.2
2013,PT,,,,M25T28,,23.4
2013,PT,,,,M29T34,,23.9
2013,PT,,,,Y35T44,,22.0
2013,PT,,,,Y45T54,,21.3
2013,PT,,,,Y55T64,,28.1
2013,PT,,,,Y_GE65,,71.2
2013,PT,KZAKM,,,Y16T24,KZAKM,22.0
2013,PT,KZAKM,,,M25T28,KZAKM,19.2
2013,PT,KZAKM,,,M29T34,KZAKM,16.8
2013,PT,KZAKM,,,Y35T44,KZAKM,21.4
2013,PT,KZAKM,,,Y45T54,KZAKM,24.1
2013,PT,KZAKM,,,Y55T64,KZAKM,21.4
2013,PT,KZAKM,,,Y_GE65,KZAKM,33.5
2013,PT,KZAKT,,,Y16T24,KZAKT,29.5
2013,PT,KZAKT,,,M25T28,KZAKT,22.9
2013,PT,KZAKT,,,M29T34,KZAKT,25.9
2013,PT,KZAKT,,,Y35T44,KZAKT,15.6
2013,PT,KZAKT,,,Y45T54,KZAKT,16.3
2013,PT,KZAKT,,,Y55T64,KZAKT,27.9
2013,PT,KZAKT,,,Y_GE65,KZAKT,22.0
2013,PT,KZALM,,,Y16T24,KZALM,25.0
2013,PT,KZALM,,,M25T28,KZALM,25.0
2013,PT,KZALM,,,M29T34,KZALM,23.0
2013,PT,KZALM,,,Y35T44,KZALM,21.5
2013,PT,KZALM,,,Y45T54,KZALM,18.3
2013,PT,KZALM,,,Y55T64,KZALM,15.6
2013,PT,KZALM,,,Y_GE65,KZALM,16.2
2013,PT,KZATY,,,Y16T24,KZATY,8.4
2013,PT,KZATY,,,M25T28,KZATY,7.1
2013,PT,KZATY,,,M29T34,KZATY,6.8
2013,PT,KZATY,,,Y35T44,KZATY,9.1
2013,PT,KZATY,,,Y45T54,KZATY,6.9
2013,PT,KZATY,,,Y55T64,KZATY,5.4
2013,PT,KZZAP,,,Y16T24,KZZAP,28.2
2013,PT,KZZAP,,,M25T28,KZZAP,27.4
2013,PT,KZZAP,,,M29T34,KZZAP,28.4
2013,PT,KZZAP,,,Y35T44,KZZAP,28.2
2013,PT,KZZAP,,,Y45T54,KZZAP,30.1
2013,PT,KZZAP,,,Y55T64,KZZAP,30.8
2013,PT,KZZAP,,,Y_GE65,KZZAP,100.0
2013,PT,KZZHA,,,Y15,KZZHA,100.0
2013,PT,KZZHA,,,Y16T24,KZZHA,59.4
2013,PT,KZZHA,,,M25T28,KZZHA,40.3
2013,PT,KZZHA,,,M29T34,KZZHA,39.0
2013,PT,KZZHA,,,Y35T44,KZZHA,37.4
2013,PT,KZZHA,,,Y45T54,KZZHA,38.6
2013,PT,KZZHA,,,Y55T64,KZZHA,56.8
2013,PT,KZZHA,,,Y_GE65,KZZHA,98.8
2013,PT,KZKAR,,,Y16T24,KZKAR,29.4
2013,PT,KZKAR,,,M25T28,KZKAR,17.5
2013,PT,KZKAR,,,M29T34,KZKAR,18.1
2013,PT,KZKAR,,,Y35T44,KZKAR,16.8
2013,PT,KZKAR,,,Y45T54,KZKAR,16.6
2013,PT,KZKAR,,,Y55T64,KZKAR,22.0
2013,PT,KZKAR,,,Y_GE65,KZKAR,66.3
2013,PT,KZKUS,,,Y15,KZKUS,100.0
2013,PT,KZKUS,,,Y16T24,KZKUS,49.8
2013,PT,KZKUS,,,M25T28,KZKUS,36.7
2013,PT,KZKUS,,,M29T34,KZKUS,34.3
2013,PT,KZKUS,,,Y35T44,KZKUS,30.5
2013,PT,KZKUS,,,Y45T54,KZKUS,30.9
2013,PT,KZKUS,,,Y55T64,KZKUS,49.0
2013,PT,KZKUS,,,Y_GE65,KZKUS,95.7
2013,PT,KZKZY,,,Y16T24,KZKZY,24.1
2013,PT,KZKZY,,,M25T28,KZKZY,11.7
2013,PT,KZKZY,,,M29T34,KZKZY,14.9
2013,PT,KZKZY,,,Y35T44,KZKZY,10.8
2013,PT,KZKZY,,,Y45T54,KZKZY,15.1
2013,PT,KZKZY,,,Y55T64,KZKZY,12.5
2013,PT,KZKZY,,,Y_GE65,KZKZY,57.4
2013,PT,KZMAN,,,Y16T24,KZMAN,8.5
2013,PT,KZMAN,,,M25T28,KZMAN,5.7
2013,PT,KZMAN,,,M29T34,KZMAN,8.5
2013,PT,KZMAN,,,Y35T44,KZMAN,4.6
2013,PT,KZMAN,,,Y45T54,KZMAN,5.0
2013,PT,KZMAN,,,Y55T64,KZMAN,2.5
2013,PT,KZONT,,,Y15,KZONT,100.0
2013,PT,KZONT,,,Y16T24,KZONT,40.8
2013,PT,KZONT,,,M25T28,KZONT,34.8
2013,PT,KZONT,,,M29T34,KZONT,31.5
2013,PT,KZONT,,,Y35T44,KZONT,32.5
2013,PT,KZONT,,,Y45T54,KZONT,28.0
2013,PT,KZONT,,,Y55T64,KZONT,27.0
2013,PT,KZPAV,,,Y15,KZPAV,100.0
2013,PT,KZPAV,,,Y16T24,KZPAV,37.4
2013,PT,KZPAV,,,M25T28,KZPAV,26.9
2013,PT,KZPAV,,,M29T34,KZPAV,31.4
2013,PT,KZPAV,,,Y35T44,KZPAV,23.9
2013,PT,KZPAV,,,Y45T54,KZPAV,24.8
2013,PT,KZPAV,,,Y55T64,KZPAV,34.0
2013,PT,KZPAV,,,Y_GE65,KZPAV,99.1
2013,PT,KZSEV,,,Y15,KZSEV,100.0
2013,PT,KZSEV,,,Y16T24,KZSEV,49.2
2013,PT,KZSEV,,,M25T28,KZSEV,33.0
2013,PT,KZSEV,,,M29T34,KZSEV,37.4
2013,PT,KZSEV,,,Y35T44,KZSEV,33.2
2013,PT,KZSEV,,,Y45T54,KZSEV,27.6
2013,PT,KZSEV,,,Y55T64,KZSEV,52.0
2013,PT,KZSEV,,,Y_GE65,KZSEV,98.0
2013,PT,KZVOS,,,Y16T24,KZVOS,38.3
2013,PT,KZVOS,,,M25T28,KZVOS,26.7
2013,PT,KZVOS,,,M29T34,KZVOS,30.7
2013,PT,KZVOS,,,Y35T44,KZVOS,31.1
2013,PT,KZVOS,,,Y45T54,KZVOS,25.7
2013,PT,KZVOS,,,Y55T64,KZVOS,28.4
2013,PT,KZVOS,,,Y_GE65,KZVOS,14.6
2013,PT,KZNS,,,Y16T24,KZNS,2.7
2013,PT,KZNS,,,M25T28,KZNS,6.3
2013,PT,KZNS,,,M29T34,KZNS,6.0
2013,PT,KZNS,,,Y35T44,KZNS,4.5
2013,PT,KZNS,,,Y45T54,KZNS,4.0
2013,PT,KZNS,,,Y55T64,KZNS,5.3
2013,PT,KZNS,,,Y_GE65,KZNS,19.6
2013,PT,KZALA,,,Y16T24,KZALA,13.1
2013,PT,KZALA,,,M25T28,KZALA,12.9
2013,PT,KZALA,,,M29T34,KZALA,10.8
2013,PT,KZALA,,,Y35T44,KZALA,9.8
2013,PT,KZALA,,,Y45T54,KZALA,8.0
2013,PT,KZALA,,,Y55T64,KZALA,8.2
2013,PT,KZALA,,,Y_GE65,KZALA,33.7
2014,PT,,,,,,25.0
2014,PT,KZAKM,,,,KZAKM,24.2
2014,PT,KZAKT,,,,KZAKT,19.6
2014,PT,KZALM,,,,KZALM,25.5
2014,PT,KZATY,,,,KZATY,7.3
2014,PT,KZZAP,,,,KZZAP,30.6
2014,PT,KZZHA,,,,KZZHA,39.8
2014,PT,KZKAR,,,,KZKAR,23.7
2014,PT,KZKUS,,,,KZKUS,35.1
2014,PT,KZKZY,,,,KZKZY,19.3
2014,PT,KZMAN,,,,KZMAN,7.3
2014,PT,KZONT,,,,KZONT,22.4
2014,PT,KZPAV,,,,KZPAV,31.1
2014,PT,KZSEV,,,,KZSEV,35.8
2014,PT,KZVOS,,,,KZVOS,32.3
2014,PT,KZNS,,,,KZNS,22.9
2014,PT,KZALA,,,,KZALA,14.8
2014,PT,,M,,,,25.0
2014,PT,KZAKM,M,,,KZAKM,23.3
2014,PT,KZAKT,M,,,KZAKT,19.1
2014,PT,KZALM,M,,,KZALM,27.9
2014,PT,KZATY,M,,,KZATY,8.3
2014,PT,KZZAP,M,,,KZZAP,32.4
2014,PT,KZZHA,M,,,KZZHA,39.6
2014,PT,KZKAR,M,,,KZKAR,21.9
2014,PT,KZKUS,M,,,KZKUS,33.0
2014,PT,KZKZY,M,,,KZKZY,19.2
2014,PT,KZMAN,M,,,KZMAN,5.6
2014,PT,KZONT,M,,,KZONT,24.5
2014,PT,KZPAV,M,,,KZPAV,28.9
2014,PT,KZSEV,M,,,KZSEV,34.2
2014,PT,KZVOS,M,,,KZVOS,30.9
2014,PT,KZNS,M,,,KZNS,22.9
2014,PT,KZALA,M,,,KZALA,15.4
2014,PT,,F,,,,25.0
2014,PT,KZAKM,F,,,KZAKM,25.1
2014,PT,KZAKT,F,,,KZAKT,20.3
2014,PT,KZALM,F,,,KZALM,23.0
2014,PT,KZATY,F,,,KZATY,6.2
2014,PT,KZZAP,F,,,KZZAP,28.6
2014,PT,KZZHA,F,,,KZZHA,40.0
2014,PT,KZKAR,F,,,KZKAR,25.7
2014,PT,KZKUS,F,,,KZKUS,37.3
2014,PT,KZKZY,F,,,KZKZY,19.5
2014,PT,KZMAN,F,,,KZMAN,9.6
2014,PT,KZONT,F,,,KZONT,20.1
2014,PT,KZPAV,F,,,KZPAV,33.2
2014,PT,KZSEV,F,,,KZSEV,37.5
2014,PT,KZVOS,F,,,KZVOS,33.7
2014,PT,KZNS,F,,,KZNS,22.8
2014,PT,KZALA,F,,,KZALA,14.2
2014,PT,,,U,,,19.6
2014,PT,KZAKM,,U,,KZAKM,17.7
2014,PT,KZAKT,,U,,KZAKT,13.9
2014,PT,KZALM,,U,,KZALM,23.1
2014,PT,KZATY,,U,,KZATY,2.7
2014,PT,KZZAP,,U,,KZZAP,13.4
2014,PT,KZZHA,,U,,KZZHA,39.6
2014,PT,KZKAR,,U,,KZKAR,21.0
2014,PT,KZKUS,,U,,KZKUS,23.7
2014,PT,KZKZY,,U,,KZKZY,13.9
2014,PT,KZMAN,,U,,KZMAN,9.3
2014,PT,KZONT,,U,,KZONT,21.7
2014,PT,KZPAV,,U,,KZPAV,18.0
2014,PT,KZSEV,,U,,KZSEV,29.0
2014,PT,KZVOS,,U,,KZVOS,21.4
2014,PT,KZNS,,U,,KZNS,22.9
2014,PT,KZALA,,U,,KZALA,14.8
2014,PT,,,R,,,31.6
2014,PT,KZAKM,,R,,KZAKM,30.0
2014,PT,KZAKT,,R,,KZAKT,28.9
2014,PT,KZALM,,R,,KZALM,26.3
2014,PT,KZATY,,R,,KZATY,11.8
2014,PT,KZZAP,,R,,KZZAP,45.2
2014,PT,KZZHA,,R,,KZZHA,40.0
2014,PT,KZKAR,,R,,KZKAR,33.6
2014,PT,KZKUS,,R,,KZKUS,47.2
2014,PT,KZKZY,,R,,KZKZY,23.0
2014,PT,KZMAN,,R,,KZMAN,4.5
2014,PT,KZONT,,R,,KZONT,22.9
2014,PT,KZPAV,,R,,KZPAV,57.1
2014,PT,KZSEV,,R,,KZSEV,40.5
2014,PT,KZVOS,,R,,KZVOS,48.1
2014,PT,,,,Y15,,65.8
2014,PT,,,,Y16T24,,28.5
2014,PT,,,,M25T28,,23.2
2014,PT,,,,M29T34,,23.0
2014,PT,,,,Y35T44,,23.1
2014,PT,,,,Y45T54,,23.9
2014,PT,,,,Y55T64,,30.1
2014,PT,,,,Y_GE65,,77.3
2014,PT,KZAKM,,,Y15,KZAKM,89.4
2014,PT,KZAKM,,,Y16T24,KZAKM,28.7
2014,PT,KZAKM,,,M25T28,KZAKM,23.1
2014,PT,KZAKM,,,M29T34,KZAKM,21.0
2014,PT,KZAKM,,,Y35T44,KZAKM,22.8
2014,PT,KZAKM,,,Y45T54,KZAKM,23.3
2014,PT,KZAKM,,,Y55T64,KZAKM,24.7
2014,PT,KZAKM,,,Y_GE65,KZAKM,80.0
2014,PT,KZAKT,,,Y16T24,KZAKT,23.9
2014,PT,KZAKT,,,M25T28,KZAKT,20.4
2014,PT,KZAKT,,,M29T34,KZAKT,18.0
2014,PT,KZAKT,,,Y35T44,KZAKT,18.2
2014,PT,KZAKT,,,Y45T54,KZAKT,19.5
2014,PT,KZAKT,,,Y55T64,KZAKT,20.2
2014,PT,KZAKT,,,Y_GE65,KZAKT,41.4
2014,PT,KZALM,,,Y15,KZALM,7.7
2014,PT,KZALM,,,Y16T24,KZALM,23.9
2014,PT,KZALM,,,M25T28,KZALM,23.1
2014,PT,KZALM,,,M29T34,KZALM,24.0
2014,PT,KZALM,,,Y35T44,KZALM,27.2
2014,PT,KZALM,,,Y45T54,KZALM,26.4
2014,PT,KZALM,,,Y55T64,KZALM,27.5
2014,PT,KZALM,,,Y_GE65,KZALM,58.1
2014,PT,KZATY,,,Y16T24,KZATY,11.9
2014,PT,KZATY,,,M25T28,KZATY,6.0
2014,PT,KZATY,,,M29T34,KZATY,5.5
2014,PT,KZATY,,,Y35T44,KZATY,6.0
2014,PT,KZATY,,,Y45T54,KZATY,8.3
2014,PT,KZATY,,,Y55T64,KZATY,7.4
2014,PT,KZATY,,,Y_GE65,KZATY,17.1
2014,PT,KZZAP,,,Y15,KZZAP,100.0
2014,PT,KZZAP,,,Y16T24,KZZAP,29.1
2014,PT,KZZAP,,,M25T28,KZZAP,26.1
2014,PT,KZZAP,,,M29T34,KZZAP,29.6
2014,PT,KZZAP,,,Y35T44,KZZAP,30.1
2014,PT,KZZAP,,,Y45T54,KZZAP,32.3
2014,PT,KZZAP,,,Y55T64,KZZAP,35.5
2014,PT,KZZAP,,,Y_GE65,KZZAP,71.8
2014,PT,KZZHA,,,Y15,KZZHA,87.4
2014,PT,KZZHA,,,Y16T24,KZZHA,54.2
2014,PT,KZZHA,,,M25T28,KZZHA,40.9
2014,PT,KZZHA,,,M29T34,KZZHA,33.5
2014,PT,KZZHA,,,Y35T44,KZZHA,35.1
2014,PT,KZZHA,,,Y45T54,KZZHA,33.2
2014,PT,KZZHA,,,Y55T64,KZZHA,49.7
2014,PT,KZZHA,,,Y_GE65,KZZHA,78.7
2014,PT,KZKAR,,,Y15,KZKAR,86.8
2014,PT,KZKAR,,,Y16T24,KZKAR,33.5
2014,PT,KZKAR,,,M25T28,KZKAR,21.8
2014,PT,KZKAR,,,M29T34,KZKAR,23.3
2014,PT,KZKAR,,,Y35T44,KZKAR,19.9
2014,PT,KZKAR,,,Y45T54,KZKAR,20.1
2014,PT,KZKAR,,,Y55T64,KZKAR,26.6
2014,PT,KZKAR,,,Y_GE65,KZKAR,71.9
2014,PT,KZKUS,,,Y15,KZKUS,100.0
2014,PT,KZKUS,,,Y16T24,KZKUS,46.0
2014,PT,KZKUS,,,M25T28,KZKUS,35.3
2014,PT,KZKUS,,,M29T34,KZKUS,33.7
2014,PT,KZKUS,,,Y35T44,KZKUS,30.9
2014,PT,KZKUS,,,Y45T54,KZKUS,31.1
2014,PT,KZKUS,,,Y55T64,KZKUS,37.1
2014,PT,KZKUS,,,Y_GE65,KZKUS,87.8
2014,PT,KZKZY,,,Y16T24,KZKZY,26.0
2014,PT,KZKZY,,,M25T28,KZKZY,16.5
2014,PT,KZKZY,,,M29T34,KZKZY,17.7
2014,PT,KZKZY,,,Y35T44,KZKZY,19.0
2014,PT,KZKZY,,,Y45T54,KZKZY,17.4
2014,PT,KZKZY,,,Y55T64,KZKZY,17.6
2014,PT,KZKZY,,,Y_GE65,KZKZY,90.8
2014,PT,KZMAN,,,Y16T24,KZMAN,11.3
2014,PT,KZMAN,,,M25T28,KZMAN,6.2
2014,PT,KZMAN,,,M29T34,KZMAN,6.2
2014,PT,KZMAN,,,Y35T44,KZMAN,7.4
2014,PT,KZMAN,,,Y45T54,KZMAN,7.5
2014,PT,KZMAN,,,Y55T64,KZMAN,5.1
2014,PT,KZMAN,,,Y_GE65,KZMAN,4.2
2014,PT,KZONT,,,Y15,KZONT,100.0
2014,PT,KZONT,,,Y16T24,KZONT,24.0
2014,PT,KZONT,,,M25T28,KZONT,22.2
2014,PT,KZONT,,,M29T34,KZONT,23.4
2014,PT,KZONT,,,Y35T44,KZONT,21.3
2014,PT,KZONT,,,Y45T54,KZONT,22.1
2014,PT,KZONT,,,Y55T64,KZONT,20.9
2014,PT,KZONT,,,Y_GE65,KZONT,2.2
2014,PT,KZPAV,,,Y15,KZPAV,97.2
2014,PT,KZPAV,,,Y16T24,KZPAV,44.8
2014,PT,KZPAV,,,M25T28,KZPAV,24.9
2014,PT,KZPAV,,,M29T34,KZPAV,27.8
2014,PT,KZPAV,,,Y35T44,KZPAV,25.6
2014,PT,KZPAV,,,Y45T54,KZPAV,26.7
2014,PT,KZPAV,,,Y55T64,KZPAV,46.0
2014,PT,KZPAV,,,Y_GE65,KZPAV,97.3
2014,PT,KZSEV,,,Y15,KZSEV,100.0
2014,PT,KZSEV,,,Y16T24,KZSEV,39.7
2014,PT,KZSEV,,,M25T28,KZSEV,28.8
2014,PT,KZSEV,,,M29T34,KZSEV,30.9
2014,PT,KZSEV,,,Y35T44,KZSEV,31.1
2014,PT,KZSEV,,,Y45T54,KZSEV,32.2
2014,PT,KZSEV,,,Y55T64,KZSEV,48.2
2014,PT,KZSEV,,,Y_GE65,KZSEV,92.7
2014,PT,KZVOS,,,Y15,KZVOS,100.0
2014,PT,KZVOS,,,Y16T24,KZVOS,42.0
2014,PT,KZVOS,,,M25T28,KZVOS,28.6
2014,PT,KZVOS,,,M29T34,KZVOS,28.2
2014,PT,KZVOS,,,Y35T44,KZVOS,29.2
2014,PT,KZVOS,,,Y45T54,KZVOS,33.0
2014,PT,KZVOS,,,Y55T64,KZVOS,41.3
2014,PT,KZVOS,,,Y_GE65,KZVOS,80.3
2014,PT,KZNS,,,Y16T24,KZNS,36.9
2014,PT,KZNS,,,M25T28,KZNS,22.9
2014,PT,KZNS,,,M29T34,KZNS,20.7
2014,PT,KZNS,,,Y35T44,KZNS,21.8
2014,PT,KZNS,,,Y45T54,KZNS,21.2
2014,PT,KZNS,,,Y55T64,KZNS,11.9
2014,PT,KZNS,,,Y_GE65,KZNS,35.6
2014,PT,KZALA,,,Y16T24,KZALA,16.7
2014,PT,KZALA,,,M25T28,KZALA,14.0
2014,PT,KZALA,,,M29T34,KZALA,14.5
2014,PT,KZALA,,,Y35T44,KZALA,16.1
2014,PT,KZALA,,,Y45T54,KZALA,12.0
2014,PT,KZALA,,,Y55T64,KZALA,13.2
2014,PT,KZALA,,,Y_GE65,KZALA,29.7
2015,PT,,,,,,22.9
2015,PT,KZAKM,,,,KZAKM,23.3
2015,PT,KZAKT,,,,KZAKT,19.3
2015,PT,KZALM,,,,KZALM,26.3
2015,PT,KZATY,,,,KZATY,7.0
2015,PT,KZZAP,,,,KZZAP,31.0
2015,PT,KZZHA,,,,KZZHA,36.8
2015,PT,KZKAR,,,,KZKAR,22.6
2015,PT,KZKUS,,,,KZKUS,38.1
2015,PT,KZKZY,,,,KZKZY,23.1
2015,PT,KZMAN,,,,KZMAN,5.4
2015,PT,KZONT,,,,KZONT,15.4
2015,PT,KZPAV,,,,KZPAV,25.9
2015,PT,KZSEV,,,,KZSEV,35.2
2015,PT,KZVOS,,,,KZVOS,26.2
2015,PT,KZNS,,,,KZNS,26.4
2015,PT,KZALA,,,,KZALA,11.4
2015,PT,,M,,,,22.7
2015,PT,KZAKM,M,,,KZAKM,22.2
2015,PT,KZAKT,M,,,KZAKT,18.1
2015,PT,KZALM,M,,,KZALM,28.6
2015,PT,KZATY,M,,,KZATY,7.6
2015,PT,KZZAP,M,,,KZZAP,32.1
2015,PT,KZZHA,M,,,KZZHA,38.0
2015,PT,KZKAR,M,,,KZKAR,20.8
2015,PT,KZKUS,M,,,KZKUS,33.1
2015,PT,KZKZY,M,,,KZKZY,25.1
2015,PT,KZMAN,M,,,KZMAN,5.5
2015,PT,KZONT,M,,,KZONT,16.3
2015,PT,KZPAV,M,,,KZPAV,23.0
2015,PT,KZSEV,M,,,KZSEV,31.2
2015,PT,KZVOS,M,,,KZVOS,25.6
2015,PT,KZNS,M,,,KZNS,27.1
2015,PT,KZALA,M,,,KZALA,11.7
2015,PT,,F,,,,23.2
2015,PT,KZAKM,F,,,KZAKM,24.4
2015,PT,KZAKT,F,,,KZAKT,20.6
2015,PT,KZALM,F,,,KZALM,23.9
2015,PT,KZATY,F,,,KZATY,6.4
2015,PT,KZZAP,F,,,KZZAP,29.7
2015,PT,KZZHA,F,,,KZZHA,35.5
2015,PT,KZKAR,F,,,KZKAR,24.6
2015,PT,KZKUS,F,,,KZKUS,43.1
2015,PT,KZKZY,F,,,KZKZY,20.8
2015,PT,KZMAN,F,,,KZMAN,5.4
2015,PT,KZONT,F,,,KZONT,14.3
2015,PT,KZPAV,F,,,KZPAV,28.8
2015,PT,KZSEV,F,,,KZSEV,39.3
2015,PT,KZVOS,F,,,KZVOS,26.9
2015,PT,KZNS,F,,,KZNS,25.8
2015,PT,KZALA,F,,,KZALA,11.1
2015,PT,,,U,,,16.9
2015,PT,KZAKM,,U,,KZAKM,16.2
2015,PT,KZAKT,,U,,KZAKT,12.2
2015,PT,KZALM,,U,,KZALM,17.7
2015,PT,KZATY,,U,,KZATY,3.0
2015,PT,KZZAP,,U,,KZZAP,13.1
2015,PT,KZZHA,,U,,KZZHA,26.3
2015,PT,KZKAR,,U,,KZKAR,21.4
2015,PT,KZKUS,,U,,KZKUS,30.6
2015,PT,KZKZY,,U,,KZKZY,16.2
2015,PT,KZMAN,,U,,KZMAN,7.4
2015,PT,KZONT,,U,,KZONT,14.0
2015,PT,KZPAV,,U,,KZPAV,13.2
2015,PT,KZSEV,,U,,KZSEV,23.7
2015,PT,KZVOS,,U,,KZVOS,15.5
2015,PT,KZNS,,U,,KZNS,26.4
2015,PT,KZALA,,U,,KZALA,11.4
2015,PT,,,R,,,30.8
2015,PT,KZAKM,,R,,KZAKM,29.7
2015,PT,KZAKT,,R,,KZAKT,30.9
2015,PT,KZALM,,R,,KZALM,29.0
2015,PT,KZATY,,R,,KZATY,11.1
2015,PT,KZZAP,,R,,KZZAP,46.5
2015,PT,KZZHA,,R,,KZZHA,43.6
2015,PT,KZKAR,,R,,KZKAR,27.2
2015,PT,KZKUS,,R,,KZKUS,46.0
2015,PT,KZKZY,,R,,KZKZY,27.8
2015,PT,KZMAN,,R,,KZMAN,3.1
2015,PT,KZONT,,R,,KZONT,16.4
2015,PT,KZPAV,,R,,KZPAV,51.7
2015,PT,KZSEV,,R,,KZSEV,43.0
2015,PT,KZVOS,,R,,KZVOS,42.0
2015,PT,,,,Y15,,93.9
2015,PT,,,,Y16T24,,25.2
2015,PT,,,,M25T28,,21.7
2015,PT,,,,M29T34,,21.1
2015,PT,,,,Y35T44,,21.4
2015,PT,,,,Y45T54,,22.2
2015,PT,,,,Y55T64,,26.7
2015,PT,,,,Y_GE65,,72.0
2015,PT,KZAKM,,,Y15,KZAKM,84.9
2015,PT,KZAKM,,,Y16T24,KZAKM,25.4
2015,PT,KZAKM,,,M25T28,KZAKM,21.3
2015,PT,KZAKM,,,M29T34,KZAKM,22.1
2015,PT,KZAKM,,,Y35T44,KZAKM,22.2
2015,PT,KZAKM,,,Y45T54,KZAKM,20.9
2015,PT,KZAKM,,,Y55T64,KZAKM,23.7
2015,PT,KZAKM,,,Y_GE65,KZAKM,83.7
2015,PT,KZAKT,,,Y16T24,KZAKT,22.7
2015,PT,KZAKT,,,M25T28,KZAKT,18.2
2015,PT,KZAKT,,,M29T34,KZAKT,20.4
2015,PT,KZAKT,,,Y35T44,KZAKT,17.8
2015,PT,KZAKT,,,Y45T54,KZAKT,18.8
2015,PT,KZAKT,,,Y55T64,KZAKT,18.1
2015,PT,KZAKT,,,Y_GE65,KZAKT,34.7
2015,PT,KZALM,,,Y15,KZALM,100.0
2015,PT,KZALM,,,Y16T24,KZALM,27.0
2015,PT,KZALM,,,M25T28,KZALM,24.8
2015,PT,KZALM,,,M29T34,KZALM,23.6
2015,PT,KZALM,,,Y35T44,KZALM,27.5
2015,PT,KZALM,,,Y45T54,KZALM,27.0
2015,PT,KZALM,,,Y55T64,KZALM,26.7
2015,PT,KZALM,,,Y_GE65,KZALM,33.8
2015,PT,KZATY,,,Y16T24,KZATY,8.1
2015,PT,KZATY,,,M25T28,KZATY,5.8
2015,PT,KZATY,,,M29T34,KZATY,6.7
2015,PT,KZATY,,,Y35T44,KZATY,6.4
2015,PT,KZATY,,,Y45T54,KZATY,8.5
2015,PT,KZATY,,,Y55T64,KZATY,5.6
2015,PT,KZZAP,,,Y16T24,KZZAP,34.8
2015,PT,KZZAP,,,M25T28,KZZAP,27.9
2015,PT,KZZAP,,,M29T34,KZZAP,27.8
2015,PT,KZZAP,,,Y35T44,KZZAP,28.5
2015,PT,KZZAP,,,Y45T54,KZZAP,32.0
2015,PT,KZZAP,,,Y55T64,KZZAP,36.5
2015,PT,KZZAP,,,Y_GE65,KZZAP,66.7
2015,PT,KZZHA,,,Y15,KZZHA,80.5
2015,PT,KZZHA,,,Y16T24,KZZHA,51.7
2015,PT,KZZHA,,,M25T28,KZZHA,34.7
2015,PT,KZZHA,,,M29T34,KZZHA,32.6
2015,PT,KZZHA,,,Y35T44,KZZHA,33.1
2015,PT,KZZHA,,,Y45T54,KZZHA,30.9
2015,PT,KZZHA,,,Y55T64,KZZHA,43.0
2015,PT,KZZHA,,,Y_GE65,KZZHA,84.1
2015,PT,KZKAR,,,Y15,KZKAR,100.0
2015,PT,KZKAR,,,Y16T24,KZKAR,30.3
2015,PT,KZKAR,,,M25T28,KZKAR,22.1
2015,PT,KZKAR,,,M29T34,KZKAR,21.6
2015,PT,KZKAR,,,Y35T44,KZKAR,20.2
2015,PT,KZKAR,,,Y45T54,KZKAR,19.1
2015,PT,KZKAR,,,Y55T64,KZKAR,23.2
2015,PT,KZKAR,,,Y_GE65,KZKAR,73.3
2015,PT,KZKUS,,,Y15,KZKUS,100.0
2015,PT,KZKUS,,,Y16T24,KZKUS,41.5
2015,PT,KZKUS,,,M25T28,KZKUS,35.7
2015,PT,KZKUS,,,M29T34,KZKUS,37.3
2015,PT,KZKUS,,,Y35T44,KZKUS,34.6
2015,PT,KZKUS,,,Y45T54,KZKUS,34.2
2015,PT,KZKUS,,,Y55T64,KZKUS,44.9
2015,PT,KZKUS,,,Y_GE65,KZKUS,87.2
2015,PT,KZKZY,,,Y16T24,KZKZY,26.6
2015,PT,KZKZY,,,M25T28,KZKZY,21.4
2015,PT,KZKZY,,,M29T34,KZKZY,20.8
2015,PT,KZKZY,,,Y35T44,KZKZY,24.4
2015,PT,KZKZY,,,Y45T54,KZKZY,22.5
2015,PT,KZKZY,,,Y55T64,KZKZY,20.9
2015,PT,KZKZY,,,Y_GE65,KZKZY,100.0
2015,PT,KZMAN,,,Y16T24,KZMAN,9.3
2015,PT,KZMAN,,,M25T28,KZMAN,4.8
2015,PT,KZMAN,,,M29T34,KZMAN,4.0
2015,PT,KZMAN,,,Y35T44,KZMAN,6.2
2015,PT,KZMAN,,,Y45T54,KZMAN,5.0
2015,PT,KZMAN,,,Y55T64,KZMAN,3.0
2015,PT,KZMAN,,,Y_GE65,KZMAN,7.2
2015,PT,KZONT,,,Y16T24,KZONT,16.4
2015,PT,KZONT,,,M25T28,KZONT,15.2
2015,PT,KZONT,,,M29T34,KZONT,12.8
2015,PT,KZONT,,,Y35T44,KZONT,15.6
2015,PT,KZONT,,,Y45T54,KZONT,16.0
2015,PT,KZONT,,,Y55T64,KZONT,19.2
2015,PT,KZONT,,,Y_GE65,KZONT,13.7
2015,PT,KZPAV,,,Y15,KZPAV,100.0
2015,PT,KZPAV,,,Y16T24,KZPAV,38.2
2015,PT,KZPAV,,,M25T28,KZPAV,18.0
2015,PT,KZPAV,,,M29T34,KZPAV,23.5
2015,PT,KZPAV,,,Y35T44,KZPAV,19.1
2015,PT,KZPAV,,,Y45T54,KZPAV,25.3
2015,PT,KZPAV,,,Y55T64,KZPAV,35.2
2015,PT,KZPAV,,,Y_GE65,KZPAV,96.9
2015,PT,KZSEV,,,Y15,KZSEV,100.0
2015,PT,KZSEV,,,Y16T24,KZSEV,38.7
2015,PT,KZSEV,,,M25T28,KZSEV,26.1
2015,PT,KZSEV,,,M29T34,KZSEV,29.0
2015,PT,KZSEV,,,Y35T44,KZSEV,27.7
2015,PT,KZSEV,,,Y45T54,KZSEV,30.7
2015,PT,KZSEV,,,Y55T64,KZSEV,48.5
2015,PT,KZSEV,,,Y_GE65,KZSEV,94.4
2015,PT,KZVOS,,,Y15,KZVOS,75.7
2015,PT,KZVOS,,,Y16T24,KZVOS,28.3
2015,PT,KZVOS,,,M25T28,KZVOS,25.2
2015,PT,KZVOS,,,M29T34,KZVOS,23.0
2015,PT,KZVOS,,,Y35T44,KZVOS,25.6
2015,PT,KZVOS,,,Y45T54,KZVOS,28.9
2015,PT,KZVOS,,,Y55T64,KZVOS,26.9
2015,PT,KZVOS,,,Y_GE65,KZVOS,52.8
2015,PT,KZNS,,,Y16T24,KZNS,41.4
2015,PT,KZNS,,,M25T28,KZNS,28.7
2015,PT,KZNS,,,M29T34,KZNS,23.5
2015,PT,KZNS,,,Y35T44,KZNS,24.8
2015,PT,KZNS,,,Y45T54,KZNS,23.9
2015,PT,KZNS,,,Y55T64,KZNS,17.9
2015,PT,KZNS,,,Y_GE65,KZNS,18.5
2015,PT,KZALA,,,Y16T24,KZALA,12.2
2015,PT,KZALA,,,M25T28,KZALA,13.6
2015,PT,KZALA,,,M29T34,KZALA,12.1
2015,PT,KZALA,,,Y35T44,KZALA,11.1
2015,PT,KZALA,,,Y45T54,KZALA,10.5
2015,PT,KZALA,,,Y55T64,KZALA,8.4
2015,PT,KZALA,,,Y_GE65,KZALA,9.8
2016,PT,,,,,,18.6
2016,PT,KZAKM,,,,KZAKM,17.9
2016,PT,KZAKT,,,,KZAKT,15.4
2016,PT,KZALM,,,,KZALM,16.2
2016,PT,KZATY,,,,KZATY,5.1
2016,PT,KZZAP,,,,KZZAP,29.6
2016,PT,KZZHA,,,,KZZHA,33.1
2016,PT,KZKAR,,,,KZKAR,17.4
2016,PT,KZKUS,,,,KZKUS,35.6
2016,PT,KZKZY,,,,KZKZY,16.1
2016,PT,KZMAN,,,,KZMAN,3.0
2016,PT,KZONT,,,,KZONT,10.0
2016,PT,KZPAV,,,,KZPAV,25.7
2016,PT,KZSEV,,,,KZSEV,28.6
2016,PT,KZVOS,,,,KZVOS,19.4
2016,PT,KZNS,,,,KZNS,17.2
2016,PT,KZALA,,,,KZALA,17.2
2016,PT,,M,,,,18.3
2016,PT,KZAKM,M,,,KZAKM,18.0
2016,PT,KZAKT,M,,,KZAKT,14.3
2016,PT,KZALM,M,,,KZALM,18.5
2016,PT,KZATY,M,,,KZATY,6.4
2016,PT,KZZAP,M,,,KZZAP,30.2
2016,PT,KZZHA,M,,,KZZHA,33.5
2016,PT,KZKAR,M,,,KZKAR,15.6
2016,PT,KZKUS,M,,,KZKUS,32.3
2016,PT,KZKZY,M,,,KZKZY,15.0
2016,PT,KZMAN,M,,,KZMAN,3.1
2016,PT,KZONT,M,,,KZONT,11.2
2016,PT,KZPAV,M,,,KZPAV,22.6
2016,PT,KZSEV,M,,,KZSEV,24.5
2016,PT,KZVOS,M,,,KZVOS,18.1
2016,PT,KZNS,M,,,KZNS,18.8
2016,PT,KZALA,M,,,KZALA,17.5
2016,PT,,F,,,,18.9
2016,PT,KZAKM,F,,,KZAKM,17.9
2016,PT,KZAKT,F,,,KZAKT,16.6
2016,PT,KZALM,F,,,KZALM,13.7
2016,PT,KZATY,F,,,KZATY,3.7
2016,PT,KZZAP,F,,,KZZAP,28.9
2016,PT,KZZHA,F,,,KZZHA,32.7
2016,PT,KZKAR,F,,,KZKAR,19.5
2016,PT,KZKUS,F,,,KZKUS,38.9
2016,PT,KZKZY,F,,,KZKZY,17.3
2016,PT,KZMAN,F,,,KZMAN,2.8
2016,PT,KZONT,F,,,KZONT,8.4
2016,PT,KZPAV,F,,,KZPAV,28.6
2016,PT,KZSEV,F,,,KZSEV,33.0
2016,PT,KZVOS,F,,,KZVOS,20.9
2016,PT,KZNS,F,,,KZNS,15.5
2016,PT,KZALA,F,,,KZALA,16.9
2016,PT,,,U,,,14.9
2016,PT,KZAKM,,U,,KZAKM,13.7
2016,PT,KZAKT,,U,,KZAKT,8.3
2016,PT,KZALM,,U,,KZALM,14.8
2016,PT,KZATY,,U,,KZATY,2.2
2016,PT,KZZAP,,U,,KZZAP,12.1
2016,PT,KZZHA,,U,,KZZHA,26.7
2016,PT,KZKAR,,U,,KZKAR,16.8
2016,PT,KZKUS,,U,,KZKUS,27.5
2016,PT,KZKZY,,U,,KZKZY,11.8
2016,PT,KZMAN,,U,,KZMAN,2.4
2016,PT,KZONT,,U,,KZONT,11.9
2016,PT,KZPAV,,U,,KZPAV,14.8
2016,PT,KZSEV,,U,,KZSEV,15.4
2016,PT,KZVOS,,U,,KZVOS,11.0
2016,PT,KZNS,,U,,KZNS,17.2
2016,PT,KZALA,,U,,KZALA,17.2
2016,PT,,,R,,,23.5
2016,PT,KZAKM,,R,,KZAKM,21.7
2016,PT,KZAKT,,R,,KZAKT,27.2
2016,PT,KZALM,,R,,KZALM,16.6
2016,PT,KZATY,,R,,KZATY,7.8
2016,PT,KZZAP,,R,,KZZAP,45.3
2016,PT,KZZHA,,R,,KZZHA,37.3
2016,PT,KZKAR,,R,,KZKAR,19.7
2016,PT,KZKUS,,R,,KZKUS,44.5
2016,PT,KZKZY,,R,,KZKZY,19.4
2016,PT,KZMAN,,R,,KZMAN,3.6
2016,PT,KZONT,,R,,KZONT,8.5
2016,PT,KZPAV,,R,,KZPAV,50.2
2016,PT,KZSEV,,R,,KZSEV,37.8
2016,PT,KZVOS,,R,,KZVOS,32.5
2016,PT,,,,Y15,,88.4
2016,PT,,,,Y16T24,,21.9
2016,PT,,,,M25T28,,17.1
2016,PT,,,,M29T34,,16.5
2016,PT,,,,Y35T44,,17.2
2016,PT,,,,Y45T54,,17.3
2016,PT,,,,Y55T64,,23.7
2016,PT,,,,Y_GE65,,56.0
2016,PT,KZAKM,,,Y15,KZAKM,100.0
2016,PT,KZAKM,,,Y16T24,KZAKM,21.0
2016,PT,KZAKM,,,M25T28,KZAKM,16.8
2016,PT,KZAKM,,,M29T34,KZAKM,15.3
2016,PT,KZAKM,,,Y35T44,KZAKM,15.9
2016,PT,KZAKM,,,Y45T54,KZAKM,15.8
2016,PT,KZAKM,,,Y55T64,KZAKM,21.9
2016,PT,KZAKM,,,Y_GE65,KZAKM,47.1
2016,PT,KZAKT,,,Y16T24,KZAKT,20.6
2016,PT,KZAKT,,,M25T28,KZAKT,13.3
2016,PT,KZAKT,,,M29T34,KZAKT,14.1
2016,PT,KZAKT,,,Y35T44,KZAKT,14.5
2016,PT,KZAKT,,,Y45T54,KZAKT,14.9
2016,PT,KZAKT,,,Y55T64,KZAKT,18.9
2016,PT,KZAKT,,,Y_GE65,KZAKT,60.2
2016,PT,KZALM,,,Y16T24,KZALM,17.3
2016,PT,KZALM,,,M25T28,KZALM,16.0
2016,PT,KZALM,,,M29T34,KZALM,15.0
2016,PT,KZALM,,,Y35T44,KZALM,17.0
2016,PT,KZALM,,,Y45T54,KZALM,16.9
2016,PT,KZALM,,,Y55T64,KZALM,13.2
2016,PT,KZALM,,,Y_GE65,KZALM,5.2
2016,PT,KZATY,,,Y16T24,KZATY,6.2
2016,PT,KZATY,,,M25T28,KZATY,4.9
2016,PT,KZATY,,,M29T34,KZATY,3.5
2016,PT,KZATY,,,Y35T44,KZATY,4.5
2016,PT,KZATY,,,Y45T54,KZATY,5.3
2016,PT,KZATY,,,Y55T64,KZATY,7.4
2016,PT,KZATY,,,Y_GE65,KZATY,1.2
2016,PT,KZZAP,,,Y16T24,KZZAP,29.2
2016,PT,KZZAP,,,M25T28,KZZAP,23.5
2016,PT,KZZAP,,,M29T34,KZZAP,27.7
2016,PT,KZZAP,,,Y35T44,KZZAP,29.4
2016,PT,KZZAP,,,Y45T54,KZZAP,29.8
2016,PT,KZZAP,,,Y55T64,KZZAP,38.4
2016,PT,KZZHA,,,Y16T24,KZZHA,50.4
2016,PT,KZZHA,,,M25T28,KZZHA,29.6
2016,PT,KZZHA,,,M29T34,KZZHA,28.1
2016,PT,KZZHA,,,Y35T44,KZZHA,26.9
2016,PT,KZZHA,,,Y45T54,KZZHA,25.5
2016,PT,KZZHA,,,Y55T64,KZZHA,45.2
2016,PT,KZZHA,,,Y_GE65,KZZHA,82.6
2016,PT,KZKAR,,,Y15,KZKAR,100.0
2016,PT,KZKAR,,,Y16T24,KZKAR,27.1
2016,PT,KZKAR,,,M25T28,KZKAR,20.0
2016,PT,KZKAR,,,M29T34,KZKAR,16.8
2016,PT,KZKAR,,,Y35T44,KZKAR,16.0
2016,PT,KZKAR,,,Y45T54,KZKAR,12.4
2016,PT,KZKAR,,,Y55T64,KZKAR,16.4
2016,PT,KZKAR,,,Y_GE65,KZKAR,54.3
2016,PT,KZKUS,,,Y15,KZKUS,100.0
2016,PT,KZKUS,,,Y16T24,KZKUS,43.9
2016,PT,KZKUS,,,M25T28,KZKUS,35.8
2016,PT,KZKUS,,,M29T34,KZKUS,33.5
2016,PT,KZKUS,,,Y35T44,KZKUS,31.1
2016,PT,KZKUS,,,Y45T54,KZKUS,30.4
2016,PT,KZKUS,,,Y55T64,KZKUS,39.3
2016,PT,KZKUS,,,Y_GE65,KZKUS,87.1
2016,PT,KZKZY,,,Y15,KZKZY,100.0
2016,PT,KZKZY,,,Y16T24,KZKZY,16.5
2016,PT,KZKZY,,,M25T28,KZKZY,15.4
2016,PT,KZKZY,,,M29T34,KZKZY,17.0
2016,PT,KZKZY,,,Y35T44,KZKZY,15.7
2016,PT,KZKZY,,,Y45T54,KZKZY,15.9
2016,PT,KZKZY,,,Y55T64,KZKZY,15.8
2016,PT,KZKZY,,,Y_GE65,KZKZY,64.1
2016,PT,KZMAN,,,Y16T24,KZMAN,2.4
2016,PT,KZMAN,,,M25T28,KZMAN,2.4
2016,PT,KZMAN,,,M29T34,KZMAN,2.2
2016,PT,KZMAN,,,Y35T44,KZMAN,3.6
2016,PT,KZMAN,,,Y45T54,KZMAN,3.0
2016,PT,KZMAN,,,Y55T64,KZMAN,4.8
2016,PT,KZONT,,,Y16T24,KZONT,13.5
2016,PT,KZONT,,,M25T28,KZONT,9.0
2016,PT,KZONT,,,M29T34,KZONT,8.3
2016,PT,KZONT,,,Y35T44,KZONT,10.6
2016,PT,KZONT,,,Y45T54,KZONT,9.4
2016,PT,KZONT,,,Y55T64,KZONT,10.2
2016,PT,KZONT,,,Y_GE65,KZONT,53.9
2016,PT,KZPAV,,,Y16T24,KZPAV,37.3
2016,PT,KZPAV,,,M25T28,KZPAV,24.1
2016,PT,KZPAV,,,M29T34,KZPAV,21.7
2016,PT,KZPAV,,,Y35T44,KZPAV,20.3
2016,PT,KZPAV,,,Y45T54,KZPAV,24.0
2016,PT,KZPAV,,,Y55T64,KZPAV,36.5
2016,PT,KZPAV,,,Y_GE65,KZPAV,97.8
2016,PT,KZSEV,,,Y15,KZSEV,100.0
2016,PT,KZSEV,,,Y16T24,KZSEV,30.0
2016,PT,KZSEV,,,M25T28,KZSEV,22.8
2016,PT,KZSEV,,,M29T34,KZSEV,22.1
2016,PT,KZSEV,,,Y35T44,KZSEV,22.9
2016,PT,KZSEV,,,Y45T54,KZSEV,26.6
2016,PT,KZSEV,,,Y55T64,KZSEV,41.9
2016,PT,KZSEV,,,Y_GE65,KZSEV,93.8
2016,PT,KZVOS,,,Y15,KZVOS,23.6
2016,PT,KZVOS,,,Y16T24,KZVOS,19.6
2016,PT,KZVOS,,,M25T28,KZVOS,15.6
2016,PT,KZVOS,,,M29T34,KZVOS,16.2
2016,PT,KZVOS,,,Y35T44,KZVOS,20.5
2016,PT,KZVOS,,,Y45T54,KZVOS,21.6
2016,PT,KZVOS,,,Y55T64,KZVOS,21.8
2016,PT,KZVOS,,,Y_GE65,KZVOS,61.4
2016,PT,KZNS,,,Y16T24,KZNS,18.5
2016,PT,KZNS,,,M25T28,KZNS,18.5
2016,PT,KZNS,,,M29T34,KZNS,18.7
2016,PT,KZNS,,,Y35T44,KZNS,16.5
2016,PT,KZNS,,,Y45T54,KZNS,14.1
2016,PT,KZNS,,,Y55T64,KZNS,18.0
2016,PT,KZNS,,,Y_GE65,KZNS,5.9
2016,PT,KZALA,,,Y16T24,KZALA,19.2
2016,PT,KZALA,,,M25T28,KZALA,19.9
2016,PT,KZALA,,,M29T34,KZALA,17.8
2016,PT,KZALA,,,Y35T44,KZALA,16.5
2016,PT,KZALA,,,Y45T54,KZALA,14.2
2016,PT,KZALA,,,Y55T64,KZALA,16.5
2016,PT,KZALA,,,Y_GE65,KZALA,21.0
2017,PT,,,,,,16.2
2017,PT,KZAKM,,,,KZAKM,16.5
2017,PT,KZAKT,,,,KZAKT,8.4
2017,PT,KZALM,,,,KZALM,18.3
2017,PT,KZATY,,,,KZATY,6.8
2017,PT,KZZAP,,,,KZZAP,29.7
2017,PT,KZZHA,,,,KZZHA,30.8
2017,PT,KZKAR,,,,KZKAR,16.2
2017,PT,KZKUS,,,,KZKUS,27.1
2017,PT,KZKZY,,,,KZKZY,13.6
2017,PT,KZMAN,,,,KZMAN,2.4
2017,PT,KZONT,,,,KZONT,6.4
2017,PT,KZPAV,,,,KZPAV,20.9
2017,PT,KZSEV,,,,KZSEV,23.7
2017,PT,KZVOS,,,,KZVOS,14.9
2017,PT,KZNS,,,,KZNS,24.6
2017,PT,KZALA,,,,KZALA,10.5
2017,PT,,M,,,,16.3
2017,PT,KZAKM,M,,,KZAKM,17.7
2017,PT,KZAKT,M,,,KZAKT,7.1
2017,PT,KZALM,M,,,KZALM,21.5
2017,PT,KZATY,M,,,KZATY,5.7
2017,PT,KZZAP,M,,,KZZAP,30.2
2017,PT,KZZHA,M,,,KZZHA,31.7
2017,PT,KZKAR,M,,,KZKAR,14.9
2017,PT,KZKUS,M,,,KZKUS,25.2
2017,PT,KZKZY,M,,,KZKZY,14.2
2017,PT,KZMAN,M,,,KZMAN,2.3
2017,PT,KZONT,M,,,KZONT,6.8
2017,PT,KZPAV,M,,,KZPAV,19.7
2017,PT,KZSEV,M,,,KZSEV,20.7
2017,PT,KZVOS,M,,,KZVOS,15.1
2017,PT,KZNS,M,,,KZNS,25.2
2017,PT,KZALA,M,,,KZALA,10.5
2017,PT,,F,,,,16.1
2017,PT,KZAKM,F,,,KZAKM,15.2
2017,PT,KZAKT,F,,,KZAKT,9.7
2017,PT,KZALM,F,,,KZALM,15.1
2017,PT,KZATY,F,,,KZATY,7.9
2017,PT,KZZAP,F,,,KZZAP,29.2
2017,PT,KZZHA,F,,,KZZHA,29.7
2017,PT,KZKAR,F,,,KZKAR,17.7
2017,PT,KZKUS,F,,,KZKUS,28.9
2017,PT,KZKZY,F,,,KZKZY,12.9
2017,PT,KZMAN,F,,,KZMAN,2.4
2017,PT,KZONT,F,,,KZONT,5.8
2017,PT,KZPAV,F,,,KZPAV,22.0
2017,PT,KZSEV,F,,,KZSEV,26.9
2017,PT,KZVOS,F,,,KZVOS,14.7
2017,PT,KZNS,F,,,KZNS,23.9
2017,PT,KZALA,F,,,KZALA,10.5
2017,PT,,,U,,,11.7
2017,PT,KZAKM,,U,,KZAKM,11.4
2017,PT,KZAKT,,U,,KZAKT,2.3
2017,PT,KZALM,,U,,KZALM,15.1
2017,PT,KZATY,,U,,KZATY,4.5
2017,PT,KZZAP,,U,,KZZAP,13.4
2017,PT,KZZHA,,U,,KZZHA,12.3
2017,PT,KZKAR,,U,,KZKAR,15.3
2017,PT,KZKUS,,U,,KZKUS,17.8
2017,PT,KZKZY,,U,,KZKZY,9.3
2017,PT,KZMAN,,U,,KZMAN,2.0
2017,PT,KZONT,,U,,KZONT,5.0
2017,PT,KZPAV,,U,,KZPAV,11.4
2017,PT,KZSEV,,U,,KZSEV,8.8
2017,PT,KZVOS,,U,,KZVOS,9.0
2017,PT,KZNS,,U,,KZNS,24.6
2017,PT,KZALA,,U,,KZALA,10.5
2017,PT,,,R,,,22.2
2017,PT,KZAKM,,R,,KZAKM,21.2
2017,PT,KZAKT,,R,,KZAKT,19.0
2017,PT,KZALM,,R,,KZALM,19.3
2017,PT,KZATY,,R,,KZATY,9.1
2017,PT,KZZAP,,R,,KZZAP,44.8
2017,PT,KZZHA,,R,,KZZHA,42.3
2017,PT,KZKAR,,R,,KZKAR,19.6
2017,PT,KZKUS,,R,,KZKUS,36.8
2017,PT,KZKZY,,R,,KZKZY,16.9
2017,PT,KZMAN,,R,,KZMAN,2.7
2017,PT,KZONT,,R,,KZONT,7.4
2017,PT,KZPAV,,R,,KZPAV,42.4
2017,PT,KZSEV,,R,,KZSEV,34.2
2017,PT,KZVOS,,R,,KZVOS,24.0
2017,PT,,,,Y15,,46.5
2017,PT,,,,Y16T24,,19.2
2017,PT,,,,M25T28,,14.5
2017,PT,,,,M29T34,,14.7
2017,PT,,,,Y35T44,,15.0
2017,PT,,,,Y45T54,,15.0
2017,PT,,,,Y55T64,,20.9
2017,PT,,,,Y_GE65,,48.0
2017,PT,KZAKM,,,Y15,KZAKM,100.0
2017,PT,KZAKM,,,Y16T24,KZAKM,19.8
2017,PT,KZAKM,,,M25T28,KZAKM,15.7
2017,PT,KZAKM,,,M29T34,KZAKM,15.3
2017,PT,KZAKM,,,Y35T44,KZAKM,14.8
2017,PT,KZAKM,,,Y45T54,KZAKM,16.0
2017,PT,KZAKM,,,Y55T64,KZAKM,17.0
2017,PT,KZAKM,,,Y_GE65,KZAKM,27.2
2017,PT,KZAKT,,,Y16T24,KZAKT,6.4
2017,PT,KZAKT,,,M25T28,KZAKT,9.3
2017,PT,KZAKT,,,M29T34,KZAKT,9.5
2017,PT,KZAKT,,,Y35T44,KZAKT,7.4
2017,PT,KZAKT,,,Y45T54,KZAKT,8.6
2017,PT,KZAKT,,,Y55T64,KZAKT,8.1
2017,PT,KZAKT,,,Y_GE65,KZAKT,17.6
2017,PT,KZALM,,,Y16T24,KZALM,14.9
2017,PT,KZALM,,,M25T28,KZALM,16.6
2017,PT,KZALM,,,M29T34,KZALM,17.2
2017,PT,KZALM,,,Y35T44,KZALM,19.6
2017,PT,KZALM,,,Y45T54,KZALM,19.6
2017,PT,KZALM,,,Y55T64,KZALM,21.5
2017,PT,KZALM,,,Y_GE65,KZALM,11.7
2017,PT,KZATY,,,Y16T24,KZATY,10.4
2017,PT,KZATY,,,M25T28,KZATY,4.9
2017,PT,KZATY,,,M29T34,KZATY,5.3
2017,PT,KZATY,,,Y35T44,KZATY,7.9
2017,PT,KZATY,,,Y45T54,KZATY,5.8
2017,PT,KZATY,,,Y55T64,KZATY,6.6
2017,PT,KZATY,,,Y_GE65,KZATY,11.7
2017,PT,KZZAP,,,Y16T24,KZZAP,30.7
2017,PT,KZZAP,,,M25T28,KZZAP,26.5
2017,PT,KZZAP,,,M29T34,KZZAP,26.5
2017,PT,KZZAP,,,Y35T44,KZZAP,27.0
2017,PT,KZZAP,,,Y45T54,KZZAP,31.6
2017,PT,KZZAP,,,Y55T64,KZZAP,36.7
2017,PT,KZZHA,,,Y16T24,KZZHA,38.8
2017,PT,KZZHA,,,M25T28,KZZHA,28.7
2017,PT,KZZHA,,,M29T34,KZZHA,24.7
2017,PT,KZZHA,,,Y35T44,KZZHA,23.9
2017,PT,KZZHA,,,Y45T54,KZZHA,26.7
2017,PT,KZZHA,,,Y55T64,KZZHA,43.6
2017,PT,KZZHA,,,Y_GE65,KZZHA,57.9
2017,PT,KZKAR,,,Y15,KZKAR,100.0
2017,PT,KZKAR,,,Y16T24,KZKAR,23.1
2017,PT,KZKAR,,,M25T28,KZKAR,16.3
2017,PT,KZKAR,,,M29T34,KZKAR,15.7
2017,PT,KZKAR,,,Y35T44,KZKAR,15.1
2017,PT,KZKAR,,,Y45T54,KZKAR,14.1
2017,PT,KZKAR,,,Y55T64,KZKAR,16.7
2017,PT,KZKAR,,,Y_GE65,KZKAR,47.6
2017,PT,KZKUS,,,Y15,KZKUS,100.0
2017,PT,KZKUS,,,Y16T24,KZKUS,35.1
2017,PT,KZKUS,,,M25T28,KZKUS,27.9
2017,PT,KZKUS,,,M29T34,KZKUS,25.2
2017,PT,KZKUS,,,Y35T44,KZKUS,19.6
2017,PT,KZKUS,,,Y45T54,KZKUS,23.1
2017,PT,KZKUS,,,Y55T64,KZKUS,34.2
2017,PT,KZKUS,,,Y_GE65,KZKUS,91.9
2017,PT,KZKZY,,,Y16T24,KZKZY,16.9
2017,PT,KZKZY,,,M25T28,KZKZY,14.4
2017,PT,KZKZY,,,M29T34,KZKZY,13.8
2017,PT,KZKZY,,,Y35T44,KZKZY,13.5
2017,PT,KZKZY,,,Y45T54,KZKZY,11.2
2017,PT,KZKZY,,,Y55T64,KZKZY,12.3
2017,PT,KZKZY,,,Y_GE65,KZKZY,26.6
2017,PT,KZMAN,,,Y16T24,KZMAN,4.6
2017,PT,KZMAN,,,M25T28,KZMAN,2.4
2017,PT,KZMAN,,,M29T34,KZMAN,2.2
2017,PT,KZMAN,,,Y35T44,KZMAN,2.0
2017,PT,KZMAN,,,Y45T54,KZMAN,2.3
2017,PT,KZMAN,,,Y55T64,KZMAN,1.7
2017,PT,KZONT,,,Y16T24,KZONT,9.1
2017,PT,KZONT,,,M25T28,KZONT,6.1
2017,PT,KZONT,,,M29T34,KZONT,5.9
2017,PT,KZONT,,,Y35T44,KZONT,6.6
2017,PT,KZONT,,,Y45T54,KZONT,5.4
2017,PT,KZONT,,,Y55T64,KZONT,6.8
2017,PT,KZPAV,,,Y16T24,KZPAV,25.5
2017,PT,KZPAV,,,M25T28,KZPAV,18.2
2017,PT,KZPAV,,,M29T34,KZPAV,18.0
2017,PT,KZPAV,,,Y35T44,KZPAV,17.4
2017,PT,KZPAV,,,Y45T54,KZPAV,17.3
2017,PT,KZPAV,,,Y55T64,KZPAV,32.3
2017,PT,KZPAV,,,Y_GE65,KZPAV,99.5
2017,PT,KZSEV,,,Y15,KZSEV,100.0
2017,PT,KZSEV,,,Y16T24,KZSEV,26.7
2017,PT,KZSEV,,,M25T28,KZSEV,15.5
2017,PT,KZSEV,,,M29T34,KZSEV,16.7
2017,PT,KZSEV,,,Y35T44,KZSEV,18.8
2017,PT,KZSEV,,,Y45T54,KZSEV,20.8
2017,PT,KZSEV,,,Y55T64,KZSEV,36.3
2017,PT,KZSEV,,,Y_GE65,KZSEV,91.2
2017,PT,KZVOS,,,Y15,KZVOS,100.0
2017,PT,KZVOS,,,Y16T24,KZVOS,18.5
2017,PT,KZVOS,,,M25T28,KZVOS,11.4
2017,PT,KZVOS,,,M29T34,KZVOS,12.8
2017,PT,KZVOS,,,Y35T44,KZVOS,14.0
2017,PT,KZVOS,,,Y45T54,KZVOS,15.3
2017,PT,KZVOS,,,Y55T64,KZVOS,19.4
2017,PT,KZVOS,,,Y_GE65,KZVOS,60.4
2017,PT,KZNS,,,Y16T24,KZNS,21.9
2017,PT,KZNS,,,M25T28,KZNS,22.6
2017,PT,KZNS,,,M29T34,KZNS,30.8
2017,PT,KZNS,,,Y35T44,KZNS,30.9
2017,PT,KZNS,,,Y45T54,KZNS,14.9
2017,PT,KZNS,,,Y55T64,KZNS,9.6
2017,PT,KZNS,,,Y_GE65,KZNS,7.6
2017,PT,KZALA,,,Y16T24,KZALA,11.9
2017,PT,KZALA,,,M25T28,KZALA,8.8
2017,PT,KZALA,,,M29T34,KZALA,11.4
2017,PT,KZALA,,,Y35T44,KZALA,10.3
2017,PT,KZALA,,,Y45T54,KZALA,9.7
2017,PT,KZALA,,,Y55T64,KZALA,11.0
2017,PT,KZALA,,,Y_GE65,KZALA,1.3
2018,PT,,,,,,14.9
2018,PT,KZAKM,,,,KZAKM,17.0
2018,PT,KZAKT,,,,KZAKT,8.0
2018,PT,KZALM,,,,KZALM,17.7
2018,PT,KZATY,,,,KZATY,5.6
2018,PT,KZZAP,,,,KZZAP,29.8
2018,PT,KZZHA,,,,KZZHA,32.1
2018,PT,KZKAR,,,,KZKAR,17.8
2018,PT,KZKUS,,,,KZKUS,22.4
2018,PT,KZKZY,,,,KZKZY,11.6
2018,PT,KZMAN,,,,KZMAN,3.0
2018,PT,KZPAV,,,,KZPAV,12.6
2018,PT,KZSEV,,,,KZSEV,23.0
2018,PT,KZYUZ,,,,KZYUZ,8.8
2018,PT,KZVOS,,,,KZVOS,11.8
2018,PT,KZNS,,,,KZNS,16.6
2018,PT,KZALA,,,,KZALA,10.9
2018,PT,KZSHY,,,,KZSHY,4.5
2018,PT,,M,,,,15.1
2018,PT,KZAKM,M,,,KZAKM,16.9
2018,PT,KZAKT,M,,,KZAKT,7.6
2018,PT,KZALM,M,,,KZALM,18.4
2018,PT,KZATY,M,,,KZATY,5.0
2018,PT,KZZAP,M,,,KZZAP,30.7
2018,PT,KZZHA,M,,,KZZHA,33.6
2018,PT,KZKAR,M,,,KZKAR,17.9
2018,PT,KZKUS,M,,,KZKUS,22.3
2018,PT,KZKZY,M,,,KZKZY,11.0
2018,PT,KZMAN,M,,,KZMAN,2.5
2018,PT,KZPAV,M,,,KZPAV,11.6
2018,PT,KZSEV,M,,,KZSEV,20.8
2018,PT,KZYUZ,M,,,KZYUZ,11.2
2018,PT,KZVOS,M,,,KZVOS,11.7
2018,PT,KZNS,M,,,KZNS,16.0
2018,PT,KZALA,M,,,KZALA,11.4
2018,PT,KZSHY,M,,,KZSHY,4.6
2018,PT,,F,,,,14.7
2018,PT,KZAKM,F,,,KZAKM,17.1
2018,PT,KZAKT,F,,,KZAKT,8.5
2018,PT,KZALM,F,,,KZALM,17.0
2018,PT,KZATY,F,,,KZATY,6.3
2018,PT,KZZAP,F,,,KZZAP,28.9
2018,PT,KZZHA,F,,,KZZHA,30.5
2018,PT,KZKAR,F,,,KZKAR,17.7
2018,PT,KZKUS,F,,,KZKUS,22.5
2018,PT,KZKZY,F,,,KZKZY,12.2
2018,PT,KZMAN,F,,,KZMAN,3.6
2018,PT,KZPAV,F,,,KZPAV,13.6
2018,PT,KZSEV,F,,,KZSEV,25.4
2018,PT,KZYUZ,F,,,KZYUZ,6.0
2018,PT,KZVOS,F,,,KZVOS,12.0
2018,PT,KZNS,F,,,KZNS,17.2
2018,PT,KZALA,F,,,KZALA,10.4
2018,PT,KZSHY,F,,,KZSHY,4.4
2018,PT,,,U,,,10.4
2018,PT,KZAKM,,U,,KZAKM,12.3
2018,PT,KZAKT,,U,,KZAKT,3.4
2018,PT,KZALM,,U,,KZALM,18.6
2018,PT,KZATY,,U,,KZATY,4.0
2018,PT,KZZAP,,U,,KZZAP,13.6
2018,PT,KZZHA,,U,,KZZHA,17.9
2018,PT,KZKAR,,U,,KZKAR,17.3
2018,PT,KZKUS,,U,,KZKUS,9.0
2018,PT,KZKZY,,U,,KZKZY,6.9
2018,PT,KZMAN,,U,,KZMAN,2.7
2018,PT,KZPAV,,U,,KZPAV,4.4
2018,PT,KZSEV,,U,,KZSEV,9.8
2018,PT,KZYUZ,,U,,KZYUZ,8.3
2018,PT,KZVOS,,U,,KZVOS,5.1
2018,PT,KZNS,,U,,KZNS,16.6
2018,PT,KZALA,,U,,KZALA,10.9
2018,PT,KZSHY,,U,,KZSHY,4.5
2018,PT,,,R,,,21.1
2018,PT,KZAKM,,R,,KZAKM,21.2
2018,PT,KZAKT,,R,,KZAKT,19.0
2018,PT,KZALM,,R,,KZALM,17.4
2018,PT,KZATY,,R,,KZATY,7.5
2018,PT,KZZAP,,R,,KZZAP,45.4
2018,PT,KZZHA,,R,,KZZHA,40.9
2018,PT,KZKAR,,R,,KZKAR,19.8
2018,PT,KZKUS,,R,,KZKUS,37.0
2018,PT,KZKZY,,R,,KZKZY,15.1
2018,PT,KZMAN,,R,,KZMAN,3.2
2018,PT,KZPAV,,R,,KZPAV,31.5
2018,PT,KZSEV,,R,,KZSEV,32.3
2018,PT,KZYUZ,,R,,KZYUZ,8.9
2018,PT,KZVOS,,R,,KZVOS,22.4
2018,PT,,,,Y15,,100.0
2018,PT,,,,Y16T24,,17.1
2018,PT,,,,M25T28,,13.2
2018,PT,,,,M29T34,,12.8
2018,PT,,,,Y35T44,,13.3
2018,PT,,,,Y45T54,,14.3
2018,PT,,,,Y55T64,,21.0
2018,PT,,,,Y_GE65,,60.0
2018,PT,KZAKM,,,Y16T24,KZAKM,19.0
2018,PT,KZAKM,,,M25T28,KZAKM,14.8
2018,PT,KZAKM,,,M29T34,KZAKM,15.8
2018,PT,KZAKM,,,Y35T44,KZAKM,15.0
2018,PT,KZAKM,,,Y45T54,KZAKM,15.2
2018,PT,KZAKM,,,Y55T64,KZAKM,20.1
2018,PT,KZAKM,,,Y_GE65,KZAKM,36.8
2018,PT,KZAKT,,,Y16T24,KZAKT,12.2
2018,PT,KZAKT,,,M25T28,KZAKT,7.5
2018,PT,KZAKT,,,M29T34,KZAKT,6.3
2018,PT,KZAKT,,,Y35T44,KZAKT,8.1
2018,PT,KZAKT,,,Y45T54,KZAKT,8.8
2018,PT,KZAKT,,,Y55T64,KZAKT,9.0
2018,PT,KZAKT,,,Y_GE65,KZAKT,7.1
2018,PT,KZALM,,,Y16T24,KZALM,14.7
2018,PT,KZALM,,,M25T28,KZALM,12.8
2018,PT,KZALM,,,M29T34,KZALM,15.2
2018,PT,KZALM,,,Y35T44,KZALM,14.8
2018,PT,KZALM,,,Y45T54,KZALM,17.3
2018,PT,KZALM,,,Y55T64,KZALM,37.3
2018,PT,KZALM,,,Y_GE65,KZALM,77.4
2018,PT,KZATY,,,Y16T24,KZATY,6.3
2018,PT,KZATY,,,M25T28,KZATY,4.2
2018,PT,KZATY,,,M29T34,KZATY,4.1
2018,PT,KZATY,,,Y35T44,KZATY,6.2
2018,PT,KZATY,,,Y45T54,KZATY,6.6
2018,PT,KZATY,,,Y55T64,KZATY,6.0
2018,PT,KZATY,,,Y_GE65,KZATY,15.0
2018,PT,KZZAP,,,Y16T24,KZZAP,33.4
2018,PT,KZZAP,,,M25T28,KZZAP,28.4
2018,PT,KZZAP,,,M29T34,KZZAP,23.7
2018,PT,KZZAP,,,Y35T44,KZZAP,26.1
2018,PT,KZZAP,,,Y45T54,KZZAP,32.3
2018,PT,KZZAP,,,Y55T64,KZZAP,36.4
2018,PT,KZZHA,,,Y16T24,KZZHA,44.0
2018,PT,KZZHA,,,M25T28,KZZHA,30.4
2018,PT,KZZHA,,,M29T34,KZZHA,29.2
2018,PT,KZZHA,,,Y35T44,KZZHA,27.1
2018,PT,KZZHA,,,Y45T54,KZZHA,27.9
2018,PT,KZZHA,,,Y55T64,KZZHA,39.3
2018,PT,KZZHA,,,Y_GE65,KZZHA,64.3
2018,PT,KZKAR,,,Y16T24,KZKAR,21.4
2018,PT,KZKAR,,,M25T28,KZKAR,16.4
2018,PT,KZKAR,,,M29T34,KZKAR,18.3
2018,PT,KZKAR,,,Y35T44,KZKAR,17.1
2018,PT,KZKAR,,,Y45T54,KZKAR,16.5
2018,PT,KZKAR,,,Y55T64,KZKAR,17.4
2018,PT,KZKAR,,,Y_GE65,KZKAR,48.5
2018,PT,KZKUS,,,Y15,KZKUS,100.0
2018,PT,KZKUS,,,Y16T24,KZKUS,26.6
2018,PT,KZKUS,,,M25T28,KZKUS,19.1
2018,PT,KZKUS,,,M29T34,KZKUS,17.0
2018,PT,KZKUS,,,Y35T44,KZKUS,17.5
2018,PT,KZKUS,,,Y45T54,KZKUS,18.4
2018,PT,KZKUS,,,Y55T64,KZKUS,34.1
2018,PT,KZKUS,,,Y_GE65,KZKUS,88.6
2018,PT,KZKZY,,,Y16T24,KZKZY,16.1
2018,PT,KZKZY,,,M25T28,KZKZY,10.9
2018,PT,KZKZY,,,M29T34,KZKZY,12.5
2018,PT,KZKZY,,,Y35T44,KZKZY,10.5
2018,PT,KZKZY,,,Y45T54,KZKZY,9.4
2018,PT,KZKZY,,,Y55T64,KZKZY,8.8
2018,PT,KZKZY,,,Y_GE65,KZKZY,57.1
2018,PT,KZMAN,,,Y16T24,KZMAN,4.4
2018,PT,KZMAN,,,M25T28,KZMAN,3.1
2018,PT,KZMAN,,,M29T34,KZMAN,3.0
2018,PT,KZMAN,,,Y35T44,KZMAN,3.3
2018,PT,KZMAN,,,Y45T54,KZMAN,2.3
2018,PT,KZMAN,,,Y55T64,KZMAN,2.0
2018,PT,KZPAV,,,Y16T24,KZPAV,11.5
2018,PT,KZPAV,,,M25T28,KZPAV,9.3
2018,PT,KZPAV,,,M29T34,KZPAV,9.1
2018,PT,KZPAV,,,Y35T44,KZPAV,10.7
2018,PT,KZPAV,,,Y45T54,KZPAV,10.7
2018,PT,KZPAV,,,Y55T64,KZPAV,22.5
2018,PT,KZPAV,,,Y_GE65,KZPAV,97.5
2018,PT,KZSEV,,,Y15,KZSEV,100.0
2018,PT,KZSEV,,,Y16T24,KZSEV,22.4
2018,PT,KZSEV,,,M25T28,KZSEV,19.3
2018,PT,KZSEV,,,M29T34,KZSEV,15.4
2018,PT,KZSEV,,,Y35T44,KZSEV,17.5
2018,PT,KZSEV,,,Y45T54,KZSEV,19.7
2018,PT,KZSEV,,,Y55T64,KZSEV,35.8
2018,PT,KZSEV,,,Y_GE65,KZSEV,94.2
2018,PT,KZYUZ,,,Y16T24,KZYUZ,9.1
2018,PT,KZYUZ,,,M25T28,KZYUZ,8.9
2018,PT,KZYUZ,,,M29T34,KZYUZ,8.4
2018,PT,KZYUZ,,,Y35T44,KZYUZ,8.6
2018,PT,KZYUZ,,,Y45T54,KZYUZ,9.5
2018,PT,KZYUZ,,,Y55T64,KZYUZ,8.1
2018,PT,KZYUZ,,,Y_GE65,KZYUZ,2.5
2018,PT,KZVOS,,,Y16T24,KZVOS,14.2
2018,PT,KZVOS,,,M25T28,KZVOS,9.1
2018,PT,KZVOS,,,M29T34,KZVOS,8.7
2018,PT,KZVOS,,,Y35T44,KZVOS,10.5
2018,PT,KZVOS,,,Y45T54,KZVOS,12.9
2018,PT,KZVOS,,,Y55T64,KZVOS,15.8
2018,PT,KZVOS,,,Y_GE65,KZVOS,44.0
2018,PT,KZNS,,,Y16T24,KZNS,15.3
2018,PT,KZNS,,,M25T28,KZNS,16.1
2018,PT,KZNS,,,M29T34,KZNS,22.7
2018,PT,KZNS,,,Y35T44,KZNS,13.8
2018,PT,KZNS,,,Y45T54,KZNS,14.8
2018,PT,KZNS,,,Y55T64,KZNS,13.0
2018,PT,KZALA,,,Y16T24,KZALA,12.1
2018,PT,KZALA,,,M25T28,KZALA,11.1
2018,PT,KZALA,,,M29T34,KZALA,11.1
2018,PT,KZALA,,,Y35T44,KZALA,12.0
2018,PT,KZALA,,,Y45T54,KZALA,10.3
2018,PT,KZALA,,,Y55T64,KZALA,6.6
2018,PT,KZALA,,,Y_GE65,KZALA,5.6
2018,PT,KZSHY,,,Y16T24,KZSHY,4.6
2018,PT,KZSHY,,,M25T28,KZSHY,5.0
2018,PT,KZSHY,,,M29T34,KZSHY,2.4
2018,PT,KZSHY,,,Y35T44,KZSHY,5.6
2018,PT,KZSHY,,,Y45T54,KZSHY,6.0
2018,PT,KZSHY,,,Y55T64,KZSHY,1.8
2019,PT,,,,,,13.7
2019,PT,KZAKM,,,,KZAKM,17.7
2019,PT,KZAKT,,,,KZAKT,8.1
2019,PT,KZALM,,,,KZALM,18.7
2019,PT,KZATY,,,,KZATY,6.7
2019,PT,KZZAP,,,,KZZAP,24.0
2019,PT,KZZHA,,,,KZZHA,28.3
2019,PT,KZKAR,,,,KZKAR,15.7
2019,PT,KZKUS,,,,KZKUS,20.8
2019,PT,KZKZY,,,,KZKZY,10.3
2019,PT,KZMAN,,,,KZMAN,3.5
2019,PT,KZPAV,,,,KZPAV,14.0
2019,PT,KZSEV,,,,KZSEV,19.1
2019,PT,KZYUZ,,,,KZYUZ,14.9
2019,PT,KZVOS,,,,KZVOS,10.3
2019,PT,KZNS,,,,KZNS,9.7
2019,PT,KZALA,,,,KZALA,4.6
2019,PT,KZSHY,,,,KZSHY,7.5
2019,PT,,M,,,,13.8
2019,PT,KZAKM,M,,,KZAKM,15.9
2019,PT,KZAKT,M,,,KZAKT,7.2
2019,PT,KZALM,M,,,KZALM,20.4
2019,PT,KZATY,M,,,KZATY,6.0
2019,PT,KZZAP,M,,,KZZAP,25.0
2019,PT,KZZHA,M,,,KZZHA,27.5
2019,PT,KZKAR,M,,,KZKAR,14.3
2019,PT,KZKUS,M,,,KZKUS,20.2
2019,PT,KZKZY,M,,,KZKZY,12.0
2019,PT,KZMAN,M,,,KZMAN,2.8
2019,PT,KZPAV,M,,,KZPAV,13.2
2019,PT,KZSEV,M,,,KZSEV,16.8
2019,PT,KZYUZ,M,,,KZYUZ,13.9
2019,PT,KZVOS,M,,,KZVOS,10.3
2019,PT,KZNS,M,,,KZNS,12.9
2019,PT,KZALA,M,,,KZALA,5.1
2019,PT,KZSHY,M,,,KZSHY,9.1
2019,PT,,F,,,,13.6
2019,PT,KZAKM,F,,,KZAKM,19.6
2019,PT,KZAKT,F,,,KZAKT,9.0
2019,PT,KZALM,F,,,KZALM,16.8
2019,PT,KZATY,F,,,KZATY,7.5
2019,PT,KZZAP,F,,,KZZAP,23.0
2019,PT,KZZHA,F,,,KZZHA,29.2
2019,PT,KZKAR,F,,,KZKAR,17.4
2019,PT,KZKUS,F,,,KZKUS,21.4
2019,PT,KZKZY,F,,,KZKZY,8.3
2019,PT,KZMAN,F,,,KZMAN,4.3
2019,PT,KZPAV,F,,,KZPAV,14.8
2019,PT,KZSEV,F,,,KZSEV,21.6
2019,PT,KZYUZ,F,,,KZYUZ,16.2
2019,PT,KZVOS,F,,,KZVOS,10.3
2019,PT,KZNS,F,,,KZNS,6.7
2019,PT,KZALA,F,,,KZALA,4.1
2019,PT,KZSHY,F,,,KZSHY,5.7
2019,PT,,,U,,,8.3
2019,PT,KZAKM,,U,,KZAKM,12.8
2019,PT,KZAKT,,U,,KZAKT,3.2
2019,PT,KZALM,,U,,KZALM,16.3
2019,PT,KZATY,,U,,KZATY,6.8
2019,PT,KZZAP,,U,,KZZAP,13.3
2019,PT,KZZHA,,U,,KZZHA,19.1
2019,PT,KZKAR,,U,,KZKAR,16.0
2019,PT,KZKUS,,U,,KZKUS,6.6
2019,PT,KZKZY,,U,,KZKZY,4.7
2019,PT,KZMAN,,U,,KZMAN,1.8
2019,PT,KZPAV,,U,,KZPAV,5.3
2019,PT,KZSEV,,U,,KZSEV,6.0
2019,PT,KZYUZ,,U,,KZYUZ,10.6
2019,PT,KZVOS,,U,,KZVOS,2.6
2019,PT,KZNS,,U,,KZNS,9.7
2019,PT,KZALA,,U,,KZALA,4.6
2019,PT,KZSHY,,U,,KZSHY,7.5
2019,PT,,,R,,,21.4
2019,PT,KZAKM,,R,,KZAKM,22.2
2019,PT,KZAKT,,R,,KZAKT,19.7
2019,PT,KZALM,,R,,KZALM,19.3
2019,PT,KZATY,,R,,KZATY,6.5
2019,PT,KZZAP,,R,,KZZAP,34.5
2019,PT,KZZHA,,R,,KZZHA,34.4
2019,PT,KZKAR,,R,,KZKAR,14.7
2019,PT,KZKUS,,R,,KZKUS,36.5
2019,PT,KZKZY,,R,,KZKZY,14.7
2019,PT,KZMAN,,R,,KZMAN,4.8
2019,PT,KZPAV,,R,,KZPAV,34.1
2019,PT,KZSEV,,R,,KZSEV,28.8
2019,PT,KZYUZ,,R,,KZYUZ,15.9
2019,PT,KZVOS,,R,,KZVOS,22.5
2019,PT,,,,Y15,,100.0
2019,PT,,,,Y16T24,,15.6
2019,PT,,,,M25T28,,11.7
2019,PT,,,,M29T34,,11.4
2019,PT,,,,Y35T44,,11.6
2019,PT,,,,Y45T54,,14.0
2019,PT,,,,Y55T64,,19.7
2019,PT,,,,Y_GE65,,62.9
2019,PT,KZAKM,,,Y16T24,KZAKM,19.5
2019,PT,KZAKM,,,M25T28,KZAKM,13.6
2019,PT,KZAKM,,,M29T34,KZAKM,13.3
2019,PT,KZAKM,,,Y35T44,KZAKM,13.7
2019,PT,KZAKM,,,Y45T54,KZAKM,13.3
2019,PT,KZAKM,,,Y55T64,KZAKM,26.8
2019,PT,KZAKM,,,Y_GE65,KZAKM,59.2
2019,PT,KZAKT,,,Y16T24,KZAKT,7.3
2019,PT,KZAKT,,,M25T28,KZAKT,7.1
2019,PT,KZAKT,,,M29T34,KZAKT,8.6
2019,PT,KZAKT,,,Y35T44,KZAKT,6.9
2019,PT,KZAKT,,,Y45T54,KZAKT,9.3
2019,PT,KZAKT,,,Y55T64,KZAKT,8.0
2019,PT,KZAKT,,,Y_GE65,KZAKT,42.6
2019,PT,KZALM,,,Y16T24,KZALM,16.3
2019,PT,KZALM,,,M25T28,KZALM,14.8
2019,PT,KZALM,,,M29T34,KZALM,13.8
2019,PT,KZALM,,,Y35T44,KZALM,15.9
2019,PT,KZALM,,,Y45T54,KZALM,22.7
2019,PT,KZALM,,,Y55T64,KZALM,29.2
2019,PT,KZALM,,,Y_GE65,KZALM,44.3
2019,PT,KZATY,,,Y16T24,KZATY,5.3
2019,PT,KZATY,,,M25T28,KZATY,7.4
2019,PT,KZATY,,,M29T34,KZATY,8.6
2019,PT,KZATY,,,Y35T44,KZATY,6.7
2019,PT,KZATY,,,Y45T54,KZATY,5.4
2019,PT,KZATY,,,Y55T64,KZATY,6.4
2019,PT,KZATY,,,Y_GE65,KZATY,1.9
2019,PT,KZZAP,,,Y16T24,KZZAP,25.7
2019,PT,KZZAP,,,M25T28,KZZAP,19.8
2019,PT,KZZAP,,,M29T34,KZZAP,21.3
2019,PT,KZZAP,,,Y35T44,KZZAP,24.0
2019,PT,KZZAP,,,Y45T54,KZZAP,25.2
2019,PT,KZZAP,,,Y55T64,KZZAP,26.1
2019,PT,KZZAP,,,Y_GE65,KZZAP,100.0
2019,PT,KZZHA,,,Y16T24,KZZHA,41.7
2019,PT,KZZHA,,,M25T28,KZZHA,26.9
2019,PT,KZZHA,,,M29T34,KZZHA,22.7
2019,PT,KZZHA,,,Y35T44,KZZHA,21.5
2019,PT,KZZHA,,,Y45T54,KZZHA,22.4
2019,PT,KZZHA,,,Y55T64,KZZHA,39.3
2019,PT,KZZHA,,,Y_GE65,KZZHA,64.0
2019,PT,KZKAR,,,Y16T24,KZKAR,22.3
2019,PT,KZKAR,,,M25T28,KZKAR,14.4
2019,PT,KZKAR,,,M29T34,KZKAR,15.4
2019,PT,KZKAR,,,Y35T44,KZKAR,15.9
2019,PT,KZKAR,,,Y45T54,KZKAR,13.7
2019,PT,KZKAR,,,Y55T64,KZKAR,13.9
2019,PT,KZKAR,,,Y_GE65,KZKAR,57.9
2019,PT,KZKUS,,,Y15,KZKUS,100.0
2019,PT,KZKUS,,,Y16T24,KZKUS,24.8
2019,PT,KZKUS,,,M25T28,KZKUS,18.0
2019,PT,KZKUS,,,M29T34,KZKUS,15.9
2019,PT,KZKUS,,,Y35T44,KZKUS,15.2
2019,PT,KZKUS,,,Y45T54,KZKUS,18.4
2019,PT,KZKUS,,,Y55T64,KZKUS,28.9
2019,PT,KZKUS,,,Y_GE65,KZKUS,88.3
2019,PT,KZKZY,,,Y16T24,KZKZY,14.9
2019,PT,KZKZY,,,M25T28,KZKZY,8.6
2019,PT,KZKZY,,,M29T34,KZKZY,9.2
2019,PT,KZKZY,,,Y35T44,KZKZY,10.3
2019,PT,KZKZY,,,Y45T54,KZKZY,9.9
2019,PT,KZKZY,,,Y55T64,KZKZY,9.5
2019,PT,KZKZY,,,Y_GE65,KZKZY,100.0
2019,PT,KZMAN,,,Y16T24,KZMAN,6.5
2019,PT,KZMAN,,,M25T28,KZMAN,5.4
2019,PT,KZMAN,,,M29T34,KZMAN,2.0
2019,PT,KZMAN,,,Y35T44,KZMAN,3.3
2019,PT,KZMAN,,,Y45T54,KZMAN,2.7
2019,PT,KZMAN,,,Y55T64,KZMAN,3.4
2019,PT,KZPAV,,,Y15,KZPAV,100.0
2019,PT,KZPAV,,,Y16T24,KZPAV,15.3
2019,PT,KZPAV,,,M25T28,KZPAV,8.2
2019,PT,KZPAV,,,M29T34,KZPAV,12.1
2019,PT,KZPAV,,,Y35T44,KZPAV,11.2
2019,PT,KZPAV,,,Y45T54,KZPAV,12.5
2019,PT,KZPAV,,,Y55T64,KZPAV,22.2
2019,PT,KZPAV,,,Y_GE65,KZPAV,84.2
2019,PT,KZSEV,,,Y15,KZSEV,100.0
2019,PT,KZSEV,,,Y16T24,KZSEV,21.3
2019,PT,KZSEV,,,M25T28,KZSEV,14.6
2019,PT,KZSEV,,,M29T34,KZSEV,14.3
2019,PT,KZSEV,,,Y35T44,KZSEV,13.5
2019,PT,KZSEV,,,Y45T54,KZSEV,17.7
2019,PT,KZSEV,,,Y55T64,KZSEV,29.8
2019,PT,KZSEV,,,Y_GE65,KZSEV,85.1
2019,PT,KZYUZ,,,Y16T24,KZYUZ,15.3
2019,PT,KZYUZ,,,M25T28,KZYUZ,16.0
2019,PT,KZYUZ,,,M29T34,KZYUZ,14.3
2019,PT,KZYUZ,,,Y35T44,KZYUZ,15.1
2019,PT,KZYUZ,,,Y45T54,KZYUZ,14.8
2019,PT,KZYUZ,,,Y55T64,KZYUZ,14.3
2019,PT,KZYUZ,,,Y_GE65,KZYUZ,11.1
2019,PT,KZVOS,,,Y16T24,KZVOS,9.9
2019,PT,KZVOS,,,M25T28,KZVOS,7.2
2019,PT,KZVOS,,,M29T34,KZVOS,8.1
2019,PT,KZVOS,,,Y35T44,KZVOS,9.5
2019,PT,KZVOS,,,Y45T54,KZVOS,11.9
2019,PT,KZVOS,,,Y55T64,KZVOS,14.3
2019,PT,KZVOS,,,Y_GE65,KZVOS,60.0
2019,PT,KZNS,,,Y16T24,KZNS,12.2
2019,PT,KZNS,,,M25T28,KZNS,7.8
2019,PT,KZNS,,,M29T34,KZNS,7.9
2019,PT,KZNS,,,Y35T44,KZNS,6.7
2019,PT,KZNS,,,Y45T54,KZNS,12.6
2019,PT,KZNS,,,Y55T64,KZNS,23.7
2019,PT,KZNS,,,Y_GE65,KZNS,77.7
2019,PT,KZALA,,,Y16T24,KZALA,4.0
2019,PT,KZALA,,,M25T28,KZALA,5.3
2019,PT,KZALA,,,M29T34,KZALA,4.5
2019,PT,KZALA,,,Y35T44,KZALA,4.2
2019,PT,KZALA,,,Y45T54,KZALA,5.8
2019,PT,KZALA,,,Y55T64,KZALA,3.7
2019,PT,KZALA,,,Y_GE65,KZALA,2.0
2019,PT,KZSHY,,,Y16T24,KZSHY,7.5
2019,PT,KZSHY,,,M25T28,KZSHY,6.2
2019,PT,KZSHY,,,M29T34,KZSHY,10.0
2019,PT,KZSHY,,,Y35T44,KZSHY,6.3
2019,PT,KZSHY,,,Y45T54,KZSHY,6.2
2019,PT,KZSHY,,,Y55T64,KZSHY,7.9
2020,PT,,,,,,14.1
2020,PT,KZAKM,,,,KZAKM,19.3
2020,PT,KZAKT,,,,KZAKT,7.6
2020,PT,KZALM,,,,KZALM,18.9
2020,PT,KZATY,,,,KZATY,6.5
2020,PT,KZZAP,,,,KZZAP,29.2
2020,PT,KZZHA,,,,KZZHA,26.5
2020,PT,KZKAR,,,,KZKAR,17.1
2020,PT,KZKUS,,,,KZKUS,17.2
2020,PT,KZKZY,,,,KZKZY,10.2
2020,PT,KZMAN,,,,KZMAN,2.6
2020,PT,KZPAV,,,,KZPAV,15.4
2020,PT,KZSEV,,,,KZSEV,19.3
2020,PT,KZYUZ,,,,KZYUZ,18.6
2020,PT,KZVOS,,,,KZVOS,10.0
2020,PT,KZNS,,,,KZNS,10.3
2020,PT,KZALA,,,,KZALA,3.7
2020,PT,KZSHY,,,,KZSHY,8.2
2020,PT,,M,,,,14.2
2020,PT,KZAKM,M,,,KZAKM,17.0
2020,PT,KZAKT,M,,,KZAKT,7.6
2020,PT,KZALM,M,,,KZALM,20.1
2020,PT,KZATY,M,,,KZATY,6.2
2020,PT,KZZAP,M,,,KZZAP,32.7
2020,PT,KZZHA,M,,,KZZHA,27.1
2020,PT,KZKAR,M,,,KZKAR,15.7
2020,PT,KZKUS,M,,,KZKUS,15.3
2020,PT,KZKZY,M,,,KZKZY,12.7
2020,PT,KZMAN,M,,,KZMAN,1.7
2020,PT,KZPAV,M,,,KZPAV,13.8
2020,PT,KZSEV,M,,,KZSEV,17.2
2020,PT,KZYUZ,M,,,KZYUZ,17.9
2020,PT,KZVOS,M,,,KZVOS,10.0
2020,PT,KZNS,M,,,KZNS,12.1
2020,PT,KZALA,M,,,KZALA,3.9
2020,PT,KZSHY,M,,,KZSHY,9.1
2020,PT,,F,,,,13.9
2020,PT,KZAKM,F,,,KZAKM,21.7
2020,PT,KZAKT,F,,,KZAKT,7.6
2020,PT,KZALM,F,,,KZALM,17.6
2020,PT,KZATY,F,,,KZATY,6.7
2020,PT,KZZAP,F,,,KZZAP,25.6
2020,PT,KZZHA,F,,,KZZHA,25.9
2020,PT,KZKAR,F,,,KZKAR,18.8
2020,PT,KZKUS,F,,,KZKUS,19.2
2020,PT,KZKZY,F,,,KZKZY,7.1
2020,PT,KZMAN,F,,,KZMAN,3.7
2020,PT,KZPAV,F,,,KZPAV,17.1
2020,PT,KZSEV,F,,,KZSEV,21.5
2020,PT,KZYUZ,F,,,KZYUZ,19.5
2020,PT,KZVOS,F,,,KZVOS,10.0
2020,PT,KZNS,F,,,KZNS,8.6
2020,PT,KZALA,F,,,KZALA,3.5
2020,PT,KZSHY,F,,,KZSHY,7.3
2020,PT,,,U,,,8.3
2020,PT,KZAKM,,U,,KZAKM,13.6
2020,PT,KZAKT,,U,,KZAKT,3.2
2020,PT,KZALM,,U,,KZALM,15.5
2020,PT,KZATY,,U,,KZATY,4.9
2020,PT,KZZAP,,U,,KZZAP,17.5
2020,PT,KZZHA,,U,,KZZHA,15.6
2020,PT,KZKAR,,U,,KZKAR,17.0
2020,PT,KZKUS,,U,,KZKUS,8.0
2020,PT,KZKZY,,U,,KZKZY,4.7
2020,PT,KZMAN,,U,,KZMAN,1.4
2020,PT,KZPAV,,U,,KZPAV,6.9
2020,PT,KZSEV,,U,,KZSEV,5.9
2020,PT,KZYUZ,,U,,KZYUZ,9.3
2020,PT,KZVOS,,U,,KZVOS,3.1
2020,PT,KZNS,,U,,KZNS,10.3
2020,PT,KZALA,,U,,KZALA,3.7
2020,PT,KZSHY,,U,,KZSHY,8.2
2020,PT,,,R,,,22.3
2020,PT,KZAKM,,R,,KZAKM,24.3
2020,PT,KZAKT,,R,,KZAKT,18.6
2020,PT,KZALM,,R,,KZALM,19.8
2020,PT,KZATY,,R,,KZATY,8.3
2020,PT,KZZAP,,R,,KZZAP,40.5
2020,PT,KZZHA,,R,,KZZHA,33.6
2020,PT,KZKAR,,R,,KZKAR,17.6
2020,PT,KZKUS,,R,,KZKUS,29.5
2020,PT,KZKZY,,R,,KZKZY,14.5
2020,PT,KZMAN,,R,,KZMAN,3.4
2020,PT,KZPAV,,R,,KZPAV,34.9
2020,PT,KZSEV,,R,,KZSEV,29.8
2020,PT,KZYUZ,,R,,KZYUZ,20.7
2020,PT,KZVOS,,R,,KZVOS,21.3
2020,PT,,,,Y15,,100.0
2020,PT,,,,Y16T24,,16.9
2020,PT,,,,M25T28,,12.7
2020,PT,,,,M29T34,,12.0
2020,PT,,,,Y35T44,,11.8
2020,PT,,,,Y45T54,,13.3
2020,PT,,,,Y55T64,,19.4
2020,PT,,,,Y_GE65,,60.3
2020,PT,,,,Y15,,100.0
2020,PT,KZAKM,,,Y16T24,KZAKM,19.4
2020,PT,KZAKM,,,M25T28,KZAKM,12.6
2020,PT,KZAKM,,,M29T34,KZAKM,15.3
2020,PT,KZAKM,,,Y35T44,KZAKM,14.0
2020,PT,KZAKM,,,Y45T54,KZAKM,15.8
2020,PT,KZAKM,,,Y55T64,KZAKM,29.0
2020,PT,KZAKM,,,Y_GE65,KZAKM,69.6
2020,PT,KZAKT,,,Y16T24,KZAKT,8.5
2020,PT,KZAKT,,,M25T28,KZAKT,8.3
2020,PT,KZAKT,,,M29T34,KZAKT,7.0
2020,PT,KZAKT,,,Y35T44,KZAKT,6.4
2020,PT,KZAKT,,,Y45T54,KZAKT,8.6
2020,PT,KZAKT,,,Y55T64,KZAKT,8.0
2020,PT,KZAKT,,,Y_GE65,KZAKT,16.8
2020,PT,,,,Y15,,100.0
2020,PT,KZALM,,,Y16T24,KZALM,15.6
2020,PT,KZALM,,,M25T28,KZALM,14.3
2020,PT,KZALM,,,M29T34,KZALM,19.1
2020,PT,KZALM,,,Y35T44,KZALM,19.2
2020,PT,KZALM,,,Y45T54,KZALM,18.2
2020,PT,KZALM,,,Y55T64,KZALM,28.4
2020,PT,KZALM,,,Y_GE65,KZALM,64.2
2020,PT,KZATY,,,Y16T24,KZATY,6.9
2020,PT,KZATY,,,M25T28,KZATY,5.4
2020,PT,KZATY,,,M29T34,KZATY,4.2
2020,PT,KZATY,,,Y35T44,KZATY,6.2
2020,PT,KZATY,,,Y45T54,KZATY,8.4
2020,PT,KZATY,,,Y55T64,KZATY,8.2
2020,PT,KZATY,,,Y_GE65,KZATY,3.4
2020,PT,KZZAP,,,Y16T24,KZZAP,33.7
2020,PT,KZZAP,,,M25T28,KZZAP,27.6
2020,PT,KZZAP,,,M29T34,KZZAP,29.4
2020,PT,KZZAP,,,Y35T44,KZZAP,25.5
2020,PT,KZZAP,,,Y45T54,KZZAP,27.2
2020,PT,KZZAP,,,Y55T64,KZZAP,34.2
2020,PT,KZZAP,,,Y_GE65,KZZAP,10.8
2020,PT,KZZHA,,,Y16T24,KZZHA,35.8
2020,PT,KZZHA,,,M25T28,KZZHA,26.3
2020,PT,KZZHA,,,M29T34,KZZHA,24.8
2020,PT,KZZHA,,,Y35T44,KZZHA,20.7
2020,PT,KZZHA,,,Y45T54,KZZHA,23.5
2020,PT,KZZHA,,,Y55T64,KZZHA,29.7
2020,PT,KZZHA,,,Y_GE65,KZZHA,30.5
2020,PT,,,,Y15,,100.0
2020,PT,KZKAR,,,Y16T24,KZKAR,21.4
2020,PT,KZKAR,,,M25T28,KZKAR,18.6
2020,PT,KZKAR,,,M29T34,KZKAR,15.6
2020,PT,KZKAR,,,Y35T44,KZKAR,16.3
2020,PT,KZKAR,,,Y45T54,KZKAR,16.0
2020,PT,KZKAR,,,Y55T64,KZKAR,15.7
2020,PT,KZKAR,,,Y_GE65,KZKAR,49.9
2020,PT,KZKUS,,,Y15,KZKUS,100.0
2020,PT,KZKUS,,,Y16T24,KZKUS,16.6
2020,PT,KZKUS,,,M25T28,KZKUS,12.5
2020,PT,KZKUS,,,M29T34,KZKUS,10.8
2020,PT,KZKUS,,,Y35T44,KZKUS,12.0
2020,PT,KZKUS,,,Y45T54,KZKUS,14.4
2020,PT,KZKUS,,,Y55T64,KZKUS,30.0
2020,PT,KZKUS,,,Y_GE65,KZKUS,78.4
2020,PT,KZKZY,,,Y16T24,KZKZY,11.0
2020,PT,KZKZY,,,M25T28,KZKZY,9.3
2020,PT,KZKZY,,,M29T34,KZKZY,9.4
2020,PT,KZKZY,,,Y35T44,KZKZY,8.8
2020,PT,KZKZY,,,Y45T54,KZKZY,11.8
2020,PT,KZKZY,,,Y55T64,KZKZY,12.3
2020,PT,KZKZY,,,Y_GE65,KZKZY,0.0
2020,PT,KZMAN,,,Y16T24,KZMAN,7.8
2020,PT,KZMAN,,,M25T28,KZMAN,4.9
2020,PT,KZMAN,,,M29T34,KZMAN,1.9
2020,PT,KZMAN,,,Y35T44,KZMAN,1.1
2020,PT,KZMAN,,,Y45T54,KZMAN,1.4
2020,PT,KZMAN,,,Y55T64,KZMAN,1.7
2020,PT,KZPAV,,,Y15,KZPAV,100.0
2020,PT,KZPAV,,,Y16T24,KZPAV,22.3
2020,PT,KZPAV,,,M25T28,KZPAV,10.1
2020,PT,KZPAV,,,M29T34,KZPAV,12.8
2020,PT,KZPAV,,,Y35T44,KZPAV,12.3
2020,PT,KZPAV,,,Y45T54,KZPAV,13.2
2020,PT,KZPAV,,,Y55T64,KZPAV,20.1
2020,PT,KZPAV,,,Y_GE65,KZPAV,85.3
2020,PT,KZSEV,,,Y16T24,KZSEV,20.0
2020,PT,KZSEV,,,M25T28,KZSEV,12.2
2020,PT,KZSEV,,,M29T34,KZSEV,12.0
2020,PT,KZSEV,,,Y35T44,KZSEV,13.4
2020,PT,KZSEV,,,Y45T54,KZSEV,16.5
2020,PT,KZSEV,,,Y55T64,KZSEV,32.8
2020,PT,KZSEV,,,Y_GE65,KZSEV,93.0
2020,PT,KZYUZ,,,Y16T24,KZYUZ,22.4
2020,PT,KZYUZ,,,M25T28,KZYUZ,18.8
2020,PT,KZYUZ,,,M29T34,KZYUZ,19.1
2020,PT,KZYUZ,,,Y35T44,KZYUZ,16.9
2020,PT,KZYUZ,,,Y45T54,KZYUZ,18.0
2020,PT,KZYUZ,,,Y55T64,KZYUZ,19.1
2020,PT,KZYUZ,,,Y_GE65,KZYUZ,18.3
2020,PT,KZVOS,,,Y16T24,KZVOS,9.9
2020,PT,KZVOS,,,M25T28,KZVOS,6.7
2020,PT,KZVOS,,,M29T34,KZVOS,7.4
2020,PT,KZVOS,,,Y35T44,KZVOS,9.7
2020,PT,KZVOS,,,Y45T54,KZVOS,10.8
2020,PT,KZVOS,,,Y55T64,KZVOS,14.5
2020,PT,KZVOS,,,Y_GE65,KZVOS,45.8
2020,PT,KZNS,,,Y16T24,KZNS,27.2
2020,PT,KZNS,,,M25T28,KZNS,15.1
2020,PT,KZNS,,,M29T34,KZNS,8.2
2020,PT,KZNS,,,Y35T44,KZNS,6.9
2020,PT,KZNS,,,Y45T54,KZNS,7.8
2020,PT,KZNS,,,Y55T64,KZNS,9.5
2020,PT,KZNS,,,Y_GE65,KZNS,0.0
2020,PT,KZALA,,,Y16T24,KZALA,3.5
2020,PT,KZALA,,,M25T28,KZALA,3.6
2020,PT,KZALA,,,M29T34,KZALA,4.3
2020,PT,KZALA,,,Y35T44,KZALA,3.4
2020,PT,KZALA,,,Y45T54,KZALA,3.3
2020,PT,KZALA,,,Y55T64,KZALA,5.1
2020,PT,KZALA,,,Y_GE65,KZALA,0.5
2020,PT,KZSHY,,,Y16T24,KZSHY,13.3
2020,PT,KZSHY,,,M25T28,KZSHY,7.8
2020,PT,KZSHY,,,M29T34,KZSHY,9.0
2020,PT,KZSHY,,,Y35T44,KZSHY,7.8
2020,PT,KZSHY,,,Y45T54,KZSHY,7.1
2020,PT,KZSHY,,,Y55T64,KZSHY,4.7
2021,PT,,,,,,13.6
2021,PT,KZAKM,,,,KZAKM,18.9
2021,PT,KZAKT,,,,KZAKT,6.8
2021,PT,KZALM,,,,KZALM,18.9
2021,PT,KZATY,,,,KZATY,9.1
2021,PT,KZZAP,,,,KZZAP,28.4
2021,PT,KZZHA,,,,KZZHA,25.3
2021,PT,KZKAR,,,,KZKAR,16.9
2021,PT,KZKUS,,,,KZKUS,16.7
2021,PT,KZKZY,,,,KZKZY,11.8
2021,PT,KZMAN,,,,KZMAN,1.8
2021,PT,KZPAV,,,,KZPAV,15.0
2021,PT,KZSEV,,,,KZSEV,19.2
2021,PT,KZYUZ,,,,KZYUZ,17.7
2021,PT,KZVOS,,,,KZVOS,9.7
2021,PT,KZNS,,,,KZNS,7.1
2021,PT,KZALA,,,,KZALA,6.1
2021,PT,KZSHY,,,,KZSHY,3.9
2021,PT,,M,,,,13.7
2021,PT,KZAKM,M,,,KZAKM,16.4
2021,PT,KZAKT,M,,,KZAKT,6.8
2021,PT,KZALM,M,,,KZALM,20.5
2021,PT,KZATY,M,,,KZATY,8.3
2021,PT,KZZAP,M,,,KZZAP,30.6
2021,PT,KZZHA,M,,,KZZHA,27.5
2021,PT,KZKAR,M,,,KZKAR,14.6
2021,PT,KZKUS,M,,,KZKUS,14.3
2021,PT,KZKZY,M,,,KZKZY,14.3
2021,PT,KZMAN,M,,,KZMAN,1.3
2021,PT,KZPAV,M,,,KZPAV,14.1
2021,PT,KZSEV,M,,,KZSEV,16.2
2021,PT,KZYUZ,M,,,KZYUZ,17.2
2021,PT,KZVOS,M,,,KZVOS,10.1
2021,PT,KZNS,M,,,KZNS,7.6
2021,PT,KZALA,M,,,KZALA,6.3
2021,PT,KZSHY,M,,,KZSHY,4.4
2021,PT,,F,,,,13.6
2021,PT,KZAKM,F,,,KZAKM,21.5
2021,PT,KZAKT,F,,,KZAKT,6.7
2021,PT,KZALM,F,,,KZALM,17.1
2021,PT,KZATY,F,,,KZATY,9.9
2021,PT,KZZAP,F,,,KZZAP,26.1
2021,PT,KZZHA,F,,,KZZHA,22.7
2021,PT,KZKAR,F,,,KZKAR,19.6
2021,PT,KZKUS,F,,,KZKUS,19.1
2021,PT,KZKZY,F,,,KZKZY,8.9
2021,PT,KZMAN,F,,,KZMAN,2.4
2021,PT,KZPAV,F,,,KZPAV,15.8
2021,PT,KZSEV,F,,,KZSEV,22.4
2021,PT,KZYUZ,F,,,KZYUZ,18.2
2021,PT,KZVOS,F,,,KZVOS,9.2
2021,PT,KZNS,F,,,KZNS,6.5
2021,PT,KZALA,F,,,KZALA,6.0
2021,PT,KZSHY,F,,,KZSHY,3.3
2021,PT,,,U,,,8.2
2021,PT,KZAKM,,U,,KZAKM,12.7
2021,PT,KZAKT,,U,,KZAKT,2.0
2021,PT,KZALM,,U,,KZALM,15.6
2021,PT,KZATY,,U,,KZATY,10.5
2021,PT,KZZAP,,U,,KZZAP,16.5
2021,PT,KZZHA,,U,,KZZHA,16.5
2021,PT,KZKAR,,U,,KZKAR,16.0
2021,PT,KZKUS,,U,,KZKUS,10.8
2021,PT,KZKZY,,U,,KZKZY,6.2
2021,PT,KZMAN,,U,,KZMAN,1.1
2021,PT,KZPAV,,U,,KZPAV,6.2
2021,PT,KZSEV,,U,,KZSEV,7.4
2021,PT,KZYUZ,,U,,KZYUZ,8.7
2021,PT,KZVOS,,U,,KZVOS,2.7
2021,PT,KZNS,,U,,KZNS,7.1
2021,PT,KZALA,,U,,KZALA,6.1
2021,PT,KZSHY,,U,,KZSHY,3.9
2021,PT,,,R,,,21.5
2021,PT,KZAKM,,R,,KZAKM,24.3
2021,PT,KZAKT,,R,,KZAKT,18.4
2021,PT,KZALM,,R,,KZALM,19.8
2021,PT,KZATY,,R,,KZATY,7.3
2021,PT,KZZAP,,R,,KZZAP,39.9
2021,PT,KZZHA,,R,,KZZHA,31.1
2021,PT,KZKAR,,R,,KZKAR,20.1
2021,PT,KZKUS,,R,,KZKUS,25.2
2021,PT,KZKZY,,R,,KZKZY,16.2
2021,PT,KZMAN,,R,,KZMAN,2.3
2021,PT,KZPAV,,R,,KZPAV,35.2
2021,PT,KZSEV,,R,,KZSEV,28.7
2021,PT,KZYUZ,,R,,KZYUZ,19.6
2021,PT,KZVOS,,R,,KZVOS,20.8
2021,PT,,,,Y15,,100.0
2021,PT,,,,Y16T24,,15.5
2021,PT,,,,M25T28,,11.5
2021,PT,,,,M29T34,,11.3
2021,PT,,,,Y35T44,,11.3
2021,PT,,,,Y45T54,,13.2
2021,PT,,,,Y55T64,,19.6
2021,PT,,,,Y_GE65,,73.4
2021,PT,,,,Y15,,100.0
2021,PT,KZAKM,,,Y16T24,KZAKM,19.2
2021,PT,KZAKM,,,M25T28,KZAKM,12.4
2021,PT,KZAKM,,,M29T34,KZAKM,13.1
2021,PT,KZAKM,,,Y35T44,KZAKM,13.5
2021,PT,KZAKM,,,Y45T54,KZAKM,14.0
2021,PT,KZAKM,,,Y55T64,KZAKM,29.2
2021,PT,KZAKM,,,Y_GE65,KZAKM,77.8
2021,PT,KZAKT,,,Y16T24,KZAKT,7.9
2021,PT,KZAKT,,,M25T28,KZAKT,5.0
2021,PT,KZAKT,,,M29T34,KZAKT,6.8
2021,PT,KZAKT,,,Y35T44,KZAKT,6.5
2021,PT,KZAKT,,,Y45T54,KZAKT,7.9
2021,PT,KZAKT,,,Y55T64,KZAKT,6.5
2021,PT,KZAKT,,,Y_GE65,KZAKT,8.8
2021,PT,,,,Y15,,100.0
2021,PT,KZALM,,,Y16T24,KZALM,15.9
2021,PT,KZALM,,,M25T28,KZALM,10.5
2021,PT,KZALM,,,M29T34,KZALM,14.2
2021,PT,KZALM,,,Y35T44,KZALM,18.1
2021,PT,KZALM,,,Y45T54,KZALM,18.5
2021,PT,KZALM,,,Y55T64,KZALM,35.0
2021,PT,KZALM,,,Y_GE65,KZALM,96.7
2021,PT,KZATY,,,Y16T24,KZATY,6.5
2021,PT,KZATY,,,M25T28,KZATY,6.1
2021,PT,KZATY,,,M29T34,KZATY,7.5
2021,PT,KZATY,,,Y35T44,KZATY,8.7
2021,PT,KZATY,,,Y45T54,KZATY,11.1
2021,PT,KZATY,,,Y55T64,KZATY,12.0
2021,PT,KZATY,,,Y_GE65,KZATY,58.2
2021,PT,KZZAP,,,Y16T24,KZZAP,38.5
2021,PT,KZZAP,,,M25T28,KZZAP,28.8
2021,PT,KZZAP,,,M29T34,KZZAP,26.6
2021,PT,KZZAP,,,Y35T44,KZZAP,23.6
2021,PT,KZZAP,,,Y45T54,KZZAP,24.4
2021,PT,KZZAP,,,Y55T64,KZZAP,33.0
2021,PT,KZZAP,,,Y_GE65,KZZAP,40.0
2021,PT,KZZHA,,,Y16T24,KZZHA,32.6
2021,PT,KZZHA,,,M25T28,KZZHA,22.7
2021,PT,KZZHA,,,M29T34,KZZHA,25.2
2021,PT,KZZHA,,,Y35T44,KZZHA,22.5
2021,PT,KZZHA,,,Y45T54,KZZHA,23.4
2021,PT,KZZHA,,,Y55T64,KZZHA,27.1
2021,PT,KZZHA,,,Y_GE65,KZZHA,43.4
2021,PT,,,,Y15,,100.0
2021,PT,KZKAR,,,Y16T24,KZKAR,28.3
2021,PT,KZKAR,,,M25T28,KZKAR,15.7
2021,PT,KZKAR,,,M29T34,KZKAR,16.4
2021,PT,KZKAR,,,Y35T44,KZKAR,15.3
2021,PT,KZKAR,,,Y45T54,KZKAR,14.8
2021,PT,KZKAR,,,Y55T64,KZKAR,17.2
2021,PT,KZKAR,,,Y_GE65,KZKAR,60.4
2021,PT,KZKUS,,,Y15,KZKUS,100.0
2021,PT,KZKUS,,,Y16T24,KZKUS,13.6
2021,PT,KZKUS,,,M25T28,KZKUS,11.3
2021,PT,KZKUS,,,M29T34,KZKUS,9.9
2021,PT,KZKUS,,,Y35T44,KZKUS,10.5
2021,PT,KZKUS,,,Y45T54,KZKUS,11.7
2021,PT,KZKUS,,,Y55T64,KZKUS,26.5
2021,PT,KZKUS,,,Y_GE65,KZKUS,87.1
2021,PT,KZKZY,,,Y16T24,KZKZY,11.9
2021,PT,KZKZY,,,M25T28,KZKZY,12.7
2021,PT,KZKZY,,,M29T34,KZKZY,11.2
2021,PT,KZKZY,,,Y35T44,KZKZY,10.4
2021,PT,KZKZY,,,Y45T54,KZKZY,12.1
2021,PT,KZKZY,,,Y55T64,KZKZY,14.8
2021,PT,KZKZY,,,Y_GE65,KZKZY,100.0
2021,PT,KZMAN,,,Y16T24,KZMAN,2.1
2021,PT,KZMAN,,,M25T28,KZMAN,4.3
2021,PT,KZMAN,,,M29T34,KZMAN,1.1
2021,PT,KZMAN,,,Y35T44,KZMAN,1.5
2021,PT,KZMAN,,,Y45T54,KZMAN,1.6
2021,PT,KZMAN,,,Y55T64,KZMAN,1.3
2021,PT,KZPAV,,,Y15,KZPAV,100.0
2021,PT,KZPAV,,,Y16T24,KZPAV,20.2
2021,PT,KZPAV,,,M25T28,KZPAV,8.4
2021,PT,KZPAV,,,M29T34,KZPAV,12.0
2021,PT,KZPAV,,,Y35T44,KZPAV,12.2
2021,PT,KZPAV,,,Y45T54,KZPAV,13.8
2021,PT,KZPAV,,,Y55T64,KZPAV,19.3
2021,PT,KZPAV,,,Y_GE65,KZPAV,79.2
2021,PT,KZSEV,,,Y16T24,KZSEV,18.8
2021,PT,KZSEV,,,M25T28,KZSEV,12.6
2021,PT,KZSEV,,,M29T34,KZSEV,10.9
2021,PT,KZSEV,,,Y35T44,KZSEV,14.1
2021,PT,KZSEV,,,Y45T54,KZSEV,15.2
2021,PT,KZSEV,,,Y55T64,KZSEV,32.3
2021,PT,KZSEV,,,Y_GE65,KZSEV,93.7
2021,PT,KZYUZ,,,Y16T24,KZYUZ,19.9
2021,PT,KZYUZ,,,M25T28,KZYUZ,19.9
2021,PT,KZYUZ,,,M29T34,KZYUZ,18.5
2021,PT,KZYUZ,,,Y35T44,KZYUZ,15.1
2021,PT,KZYUZ,,,Y45T54,KZYUZ,17.8
2021,PT,KZYUZ,,,Y55T64,KZYUZ,17.4
2021,PT,KZYUZ,,,Y_GE65,KZYUZ,0.0
2021,PT,KZVOS,,,Y16T24,KZVOS,8.9
2021,PT,KZVOS,,,M25T28,KZVOS,7.0
2021,PT,KZVOS,,,M29T34,KZVOS,7.2
2021,PT,KZVOS,,,Y35T44,KZVOS,8.5
2021,PT,KZVOS,,,Y45T54,KZVOS,11.3
2021,PT,KZVOS,,,Y55T64,KZVOS,14.0
2021,PT,KZVOS,,,Y_GE65,KZVOS,55.9
2021,PT,KZNS,,,Y16T24,KZNS,8.6
2021,PT,KZNS,,,M25T28,KZNS,7.1
2021,PT,KZNS,,,M29T34,KZNS,5.1
2021,PT,KZNS,,,Y35T44,KZNS,6.9
2021,PT,KZNS,,,Y45T54,KZNS,7.4
2021,PT,KZNS,,,Y55T64,KZNS,9.1
2021,PT,KZNS,,,Y_GE65,KZNS,0.0
2021,PT,KZALA,,,Y16T24,KZALA,6.8
2021,PT,KZALA,,,M25T28,KZALA,6.7
2021,PT,KZALA,,,M29T34,KZALA,6.9
2021,PT,KZALA,,,Y35T44,KZALA,5.1
2021,PT,KZALA,,,Y45T54,KZALA,6.6
2021,PT,KZALA,,,Y55T64,KZALA,5.3
2021,PT,KZALA,,,Y_GE65,KZALA,0.5
2021,PT,KZSHY,,,Y16T24,KZSHY,5.6
2021,PT,KZSHY,,,M25T28,KZSHY,5.1
2021,PT,KZSHY,,,M29T34,KZSHY,3.7
2021,PT,KZSHY,,,Y35T44,KZSHY,3.8
2021,PT,KZSHY,,,Y45T54,KZSHY,2.9
2021,PT,KZSHY,,,Y55T64,KZSHY,3.4
2022,PT,,,,,,12.9
2022,PT,KZABY,,,,KZABY,9.6
2022,PT,KZAKM,,,,KZAKM,17.6
2022,PT,KZAKT,,,,KZAKT,7.0
2022,PT,KZALM,,,,KZALM,19.2
2022,PT,KZATY,,,,KZATY,5.5
2022,PT,KZZAP,,,,KZZAP,25.5
2022,PT,KZZHA,,,,KZZHA,21.0
2022,PT,KZZHS,,,,KZZHS,21.9
2022,PT,KZKAR,,,,KZKAR,16.9
2022,PT,KZKUS,,,,KZKUS,15.8
2022,PT,KZKZY,,,,KZKZY,9.6
2022,PT,KZMAN,,,,KZMAN,2.3
2022,PT,KZPAV,,,,KZPAV,16.4
2022,PT,KZSEV,,,,KZSEV,18.4
2022,PT,KZYUZ,,,,KZYUZ,15.5
2022,PT,KZULU,,,,KZULU,12.7
2022,PT,KZVOS,,,,KZVOS,7.2
2022,PT,KZNS,,,,KZNS,9.9
2022,PT,KZALA,,,,KZALA,4.3
2022,PT,KZSHY,,,,KZSHY,4.5
2022,PT,,M,,,,13.2
2022,PT,KZABY,M,,,KZABY,9.6
2022,PT,KZAKM,M,,,KZAKM,15.5
2022,PT,KZAKT,M,,,KZAKT,7.9
2022,PT,KZALM,M,,,KZALM,21.0
2022,PT,KZATY,M,,,KZATY,5.1
2022,PT,KZZAP,M,,,KZZAP,27.2
2022,PT,KZZHA,M,,,KZZHA,25.4
2022,PT,KZZHS,M,,,KZZHS,24.0
2022,PT,KZKAR,M,,,KZKAR,15.3
2022,PT,KZKUS,M,,,KZKUS,15.8
2022,PT,KZKZY,M,,,KZKZY,11.2
2022,PT,KZMAN,M,,,KZMAN,1.7
2022,PT,KZPAV,M,,,KZPAV,15.7
2022,PT,KZSEV,M,,,KZSEV,15.8
2022,PT,KZYUZ,M,,,KZYUZ,14.5
2022,PT,KZVOS,M,,,KZVOS,6.9
2022,PT,KZNS,M,,,KZNS,10.7
2022,PT,KZALA,M,,,KZALA,4.4
2022,PT,KZSHY,M,,,KZSHY,5.2
2022,PT,,F,,,,12.5
2022,PT,KZAKM,F,,,KZAKM,19.9
2022,PT,KZAKT,F,,,KZAKT,6.0
2022,PT,KZALM,F,,,KZALM,17.1
2022,PT,KZATY,F,,,KZATY,6.0
2022,PT,KZZAP,F,,,KZZAP,23.7
2022,PT,KZZHA,F,,,KZZHA,16.1
2022,PT,KZZHS,F,,,KZZHS,19.6
2022,PT,KZKAR,F,,,KZKAR,18.8
2022,PT,KZKUS,F,,,KZKUS,15.9
2022,PT,KZKZY,F,,,KZKZY,7.7
2022,PT,KZMAN,F,,,KZMAN,3.1
2022,PT,KZPAV,F,,,KZPAV,17.2
2022,PT,KZSEV,F,,,KZSEV,21.1
2022,PT,KZYUZ,F,,,KZYUZ,16.8
2022,PT,KZULU,F,,,KZULU,15.8
2022,PT,KZVOS,F,,,KZVOS,7.6
2022,PT,KZNS,F,,,KZNS,9.1
2022,PT,KZALA,F,,,KZALA,4.1
2022,PT,KZSHY,F,,,KZSHY,3.8
2022,PT,,,U,,,7.9
2022,PT,KZABY,,U,,KZABY,3.3
2022,PT,KZAKM,,U,,KZAKM,12.4
2022,PT,KZAKT,,U,,KZAKT,3.7
2022,PT,KZALM,,U,,KZALM,10.9
2022,PT,KZATY,,U,,KZATY,4.7
2022,PT,KZZAP,,U,,KZZAP,14.7
2022,PT,KZZHA,,U,,KZZHA,13.9
2022,PT,KZZHS,,U,,KZZHS,19.7
2022,PT,KZKAR,,U,,KZKAR,17.3
2022,PT,KZKUS,,U,,KZKUS,8.8
2022,PT,KZKZY,,U,,KZKZY,4.6
2022,PT,KZMAN,,U,,KZMAN,2.5
2022,PT,KZPAV,,U,,KZPAV,7.8
2022,PT,KZSEV,,U,,KZSEV,6.0
2022,PT,KZYUZ,,U,,KZYUZ,6.6
2022,PT,KZULU,,U,,KZULU,11.2
2022,PT,KZVOS,,U,,KZVOS,1.5
2022,PT,KZNS,,U,,KZNS,9.9
2022,PT,KZALA,,U,,KZALA,4.3
2022,PT,KZSHY,,U,,KZSHY,4.5
2022,PT,,,R,,,20.6
2022,PT,KZABY,,R,,KZABY,18.5
2022,PT,KZAKM,,R,,KZAKM,24.0
2022,PT,KZAKT,,R,,KZAKT,16.7
2022,PT,KZALM,,R,,KZALM,20.3
2022,PT,KZATY,,R,,KZATY,6.6
2022,PT,KZZAP,,R,,KZZAP,37.8
2022,PT,KZZHA,,R,,KZZHA,26.5
2022,PT,KZZHS,,R,,KZZHS,23.7
2022,PT,KZKAR,,R,,KZKAR,15.5
2022,PT,KZKUS,,R,,KZKUS,27.1
2022,PT,KZKZY,,R,,KZKZY,14.0
2022,PT,KZMAN,,R,,KZMAN,2.2
2022,PT,KZPAV,,R,,KZPAV,36.4
2022,PT,KZSEV,,R,,KZSEV,28.7
2022,PT,KZYUZ,,R,,KZYUZ,18.2
2022,PT,KZULU,,R,,KZULU,18.4
2022,PT,KZVOS,,R,,KZVOS,17.5
2022,PT,,,,Y15,,100.0
2022,PT,,,,Y16T24,,14.6
2022,PT,,,,M25T28,,12.0
2022,PT,,,,M29T34,,10.5
2022,PT,,,,Y35T44,,10.9
2022,PT,,,,Y45T54,,12.5
2022,PT,,,,Y55T64,,17.5
2022,PT,,,,Y_GE65,,65.0
2022,PT,,,,Y15,,0.0
2022,PT,KZABY,,,Y16T24,KZABY,5.7
2022,PT,KZABY,,,M25T28,KZABY,9.5
2022,PT,KZABY,,,M29T34,KZABY,8.9
2022,PT,KZABY,,,Y35T44,KZABY,9.4
2022,PT,KZABY,,,Y45T54,KZABY,10.5
2022,PT,KZABY,,,Y55T64,KZABY,16.8
2022,PT,KZABY,,,Y_GE65,KZABY,76.3
2022,PT,,,,Y15,,100.0
2022,PT,KZAKM,,,Y16T24,KZAKM,19.4
2022,PT,KZAKM,,,M25T28,KZAKM,13.4
2022,PT,KZAKM,,,M29T34,KZAKM,11.2
2022,PT,KZAKM,,,Y35T44,KZAKM,11.4
2022,PT,KZAKM,,,Y45T54,KZAKM,13.3
2022,PT,KZAKM,,,Y55T64,KZAKM,24.3
2022,PT,KZAKM,,,Y_GE65,KZAKM,82.5
2022,PT,KZAKT,,,Y16T24,KZAKT,7.5
2022,PT,KZAKT,,,M25T28,KZAKT,7.0
2022,PT,KZAKT,,,M29T34,KZAKT,5.9
2022,PT,KZAKT,,,Y35T44,KZAKT,6.3
2022,PT,KZAKT,,,Y45T54,KZAKT,8.1
2022,PT,KZAKT,,,Y55T64,KZAKT,8.4
2022,PT,KZAKT,,,Y_GE65,KZAKT,34.7
2022,PT,,,,Y15,,100.0
2022,PT,KZALM,,,Y16T24,KZALM,18.2
2022,PT,KZALM,,,M25T28,KZALM,12.4
2022,PT,KZALM,,,M29T34,KZALM,17.3
2022,PT,KZALM,,,Y35T44,KZALM,19.2
2022,PT,KZALM,,,Y45T54,KZALM,18.5
2022,PT,KZALM,,,Y55T64,KZALM,31.4
2022,PT,KZALM,,,Y_GE65,KZALM,0.0
2022,PT,KZATY,,,Y16T24,KZATY,3.1
2022,PT,KZATY,,,M25T28,KZATY,4.5
2022,PT,KZATY,,,M29T34,KZATY,5.5
2022,PT,KZATY,,,Y35T44,KZATY,5.2
2022,PT,KZATY,,,Y45T54,KZATY,5.3
2022,PT,KZATY,,,Y55T64,KZATY,7.8
2022,PT,KZATY,,,Y_GE65,KZATY,36.6
2022,PT,KZZAP,,,Y16T24,KZZAP,38.7
2022,PT,KZZAP,,,M25T28,KZZAP,25.8
2022,PT,KZZAP,,,M29T34,KZZAP,20.2
2022,PT,KZZAP,,,Y35T44,KZZAP,19.5
2022,PT,KZZAP,,,Y45T54,KZZAP,25.4
2022,PT,KZZAP,,,Y55T64,KZZAP,30.4
2022,PT,KZZAP,,,Y_GE65,KZZAP,0.0
2022,PT,KZZHA,,,Y16T24,KZZHA,26.6
2022,PT,KZZHA,,,M25T28,KZZHA,20.9
2022,PT,KZZHA,,,M29T34,KZZHA,21.7
2022,PT,KZZHA,,,Y35T44,KZZHA,19.0
2022,PT,KZZHA,,,Y45T54,KZZHA,19.7
2022,PT,KZZHA,,,Y55T64,KZZHA,20.4
2022,PT,KZZHA,,,Y_GE65,KZZHA,29.5
2022,PT,KZZHS,,,Y16T24,KZZHS,18.3
2022,PT,KZZHS,,,M25T28,KZZHS,15.7
2022,PT,KZZHS,,,M29T34,KZZHS,13.2
2022,PT,KZZHS,,,Y35T44,KZZHS,20.2
2022,PT,KZZHS,,,Y45T54,KZZHS,26.8
2022,PT,KZZHS,,,Y55T64,KZZHS,36.3
2022,PT,KZZHS,,,Y_GE65,KZZHS,88.4
2022,PT,,,,Y15,,100.0
2022,PT,KZKAR,,,Y16T24,KZKAR,26.6
2022,PT,KZKAR,,,M25T28,KZKAR,14.2
2022,PT,KZKAR,,,M29T34,KZKAR,14.0
2022,PT,KZKAR,,,Y35T44,KZKAR,17.0
2022,PT,KZKAR,,,Y45T54,KZKAR,14.6
2022,PT,KZKAR,,,Y55T64,KZKAR,17.8
2022,PT,KZKAR,,,Y_GE65,KZKAR,53.7
2022,PT,KZKUS,,,Y15,KZKUS,100.0
2022,PT,KZKUS,,,Y16T24,KZKUS,13.4
2022,PT,KZKUS,,,M25T28,KZKUS,10.3
2022,PT,KZKUS,,,M29T34,KZKUS,10.0
2022,PT,KZKUS,,,Y35T44,KZKUS,11.9
2022,PT,KZKUS,,,Y45T54,KZKUS,12.4
2022,PT,KZKUS,,,Y55T64,KZKUS,21.3
2022,PT,KZKUS,,,Y_GE65,KZKUS,73.2
2022,PT,KZKZY,,,Y16T24,KZKZY,14.3
2022,PT,KZKZY,,,M25T28,KZKZY,9.8
2022,PT,KZKZY,,,M29T34,KZKZY,8.7
2022,PT,KZKZY,,,Y35T44,KZKZY,7.5
2022,PT,KZKZY,,,Y45T54,KZKZY,10.1
2022,PT,KZKZY,,,Y55T64,KZKZY,11.1
2022,PT,KZKZY,,,Y_GE65,KZKZY,0.0
2022,PT,KZMAN,,,Y16T24,KZMAN,8.1
2022,PT,KZMAN,,,M25T28,KZMAN,5.9
2022,PT,KZMAN,,,M29T34,KZMAN,1.6
2022,PT,KZMAN,,,Y35T44,KZMAN,1.5
2022,PT,KZMAN,,,Y45T54,KZMAN,0.8
2022,PT,KZMAN,,,Y55T64,KZMAN,1.4
2022,PT,KZPAV,,,Y15,KZPAV,100.0
2022,PT,KZPAV,,,Y16T24,KZPAV,15.0
2022,PT,KZPAV,,,M25T28,KZPAV,14.9
2022,PT,KZPAV,,,M29T34,KZPAV,13.7
2022,PT,KZPAV,,,Y35T44,KZPAV,14.2
2022,PT,KZPAV,,,Y45T54,KZPAV,14.0
2022,PT,KZPAV,,,Y55T64,KZPAV,20.1
2022,PT,KZPAV,,,Y_GE65,KZPAV,69.0
2022,PT,KZSEV,,,Y16T24,KZSEV,16.3
2022,PT,KZSEV,,,M25T28,KZSEV,13.1
2022,PT,KZSEV,,,M29T34,KZSEV,12.9
2022,PT,KZSEV,,,Y35T44,KZSEV,12.3
2022,PT,KZSEV,,,Y45T54,KZSEV,14.8
2022,PT,KZSEV,,,Y55T64,KZSEV,28.2
2022,PT,KZSEV,,,Y_GE65,KZSEV,95.8
2022,PT,KZYUZ,,,Y16T24,KZYUZ,16.1
2022,PT,KZYUZ,,,M25T28,KZYUZ,19.8
2022,PT,KZYUZ,,,M29T34,KZYUZ,15.7
2022,PT,KZYUZ,,,Y35T44,KZYUZ,13.1
2022,PT,KZYUZ,,,Y45T54,KZYUZ,15.1
2022,PT,KZYUZ,,,Y55T64,KZYUZ,17.2
2022,PT,KZYUZ,,,Y_GE65,KZYUZ,0.0
2022,PT,KZULU,,,Y16T24,KZULU,16.8
2022,PT,KZULU,,,M25T28,KZULU,14.0
2022,PT,KZULU,,,M29T34,KZULU,11.2
2022,PT,KZULU,,,Y35T44,KZULU,12.2
2022,PT,KZULU,,,Y45T54,KZULU,12.7
2022,PT,KZULU,,,Y55T64,KZULU,12.9
2022,PT,KZULU,,,Y_GE65,KZULU,32.8
2022,PT,KZVOS,,,Y16T24,KZVOS,10.2
2022,PT,KZVOS,,,M25T28,KZVOS,6.7
2022,PT,KZVOS,,,M29T34,KZVOS,3.5
2022,PT,KZVOS,,,Y35T44,KZVOS,4.9
2022,PT,KZVOS,,,Y45T54,KZVOS,9.0
2022,PT,KZVOS,,,Y55T64,KZVOS,10.1
2022,PT,KZVOS,,,Y_GE65,KZVOS,20.4
2022,PT,KZNS,,,Y16T24,KZNS,13.8
2022,PT,KZNS,,,M25T28,KZNS,11.2
2022,PT,KZNS,,,M29T34,KZNS,11.3
2022,PT,KZNS,,,Y35T44,KZNS,9.2
2022,PT,KZNS,,,Y45T54,KZNS,6.6
2022,PT,KZNS,,,Y55T64,KZNS,8.6
2022,PT,KZNS,,,Y_GE65,KZNS,0.0
2022,PT,KZALA,,,Y16T24,KZALA,4.6
2022,PT,KZALA,,,M25T28,KZALA,4.4
2022,PT,KZALA,,,M29T34,KZALA,3.9
2022,PT,KZALA,,,Y35T44,KZALA,4.5
2022,PT,KZALA,,,Y45T54,KZALA,4.0
2022,PT,KZALA,,,Y55T64,KZALA,4.2
2022,PT,KZALA,,,Y_GE65,KZALA,1.4
2022,PT,KZSHY,,,Y16T24,KZSHY,5.8
2022,PT,KZSHY,,,M25T28,KZSHY,8.1
2022,PT,KZSHY,,,M29T34,KZSHY,4.4
2022,PT,KZSHY,,,Y35T44,KZSHY,3.9
2022,PT,KZSHY,,,Y45T54,KZSHY,3.4
2022,PT,KZSHY,,,Y55T64,KZSHY,3.4
