Year,UNIT_MEASURE,REF_AREA,SEX,URBANISATION,AGE,Value
2013,PT,,,,,11.8
2013,PT,KZAKM,,,,9.7
2013,PT,KZAKT,,,,13.9
2013,PT,KZALM,,,,14.6
2013,PT,KZATY,,,,1.7
2013,PT,KZZAP,,,,10.8
2013,PT,KZZHA,,,,20.2
2013,PT,KZKAR,,,,8.0
2013,PT,KZKUS,,,,19.8
2013,PT,KZKZY,,,,12.7
2013,PT,KZMAN,,,,3.5
2013,PT,KZONT,,,,14.2
2013,PT,KZPAV,,,,14.6
2013,PT,KZSEV,,,,24.8
2013,PT,KZVOS,,,,12.5
2013,PT,KZNS,,,,0.2
2013,PT,KZALA,,,,1.2
2013,PT,,M,,,10.9
2013,PT,KZAKM,M,,,9.1
2013,PT,KZAKT,M,,,15.2
2013,PT,KZALM,M,,,14.4
2013,PT,KZATY,M,,,1.9
2013,PT,KZZAP,M,,,13.1
2013,PT,KZZHA,M,,,19.8
2013,PT,KZKAR,M,,,6.8
2013,PT,KZKUS,M,,,17.0
2013,PT,KZKZY,M,,,11.3
2013,PT,KZMAN,M,,,2.6
2013,PT,KZONT,M,,,12.2
2013,PT,KZPAV,M,,,12.6
2013,PT,KZSEV,M,,,20.2
2013,PT,KZVOS,M,,,11.7
2013,PT,KZNS,M,,,0.0
2013,PT,KZALA,M,,,1.5
2013,PT,,F,,,12.7
2013,PT,KZAKM,F,,,10.2
2013,PT,KZAKT,F,,,12.6
2013,PT,KZALM,F,,,14.8
2013,PT,KZATY,F,,,1.5
2013,PT,KZZAP,F,,,8.4
2013,PT,KZZHA,F,,,20.6
2013,PT,KZKAR,F,,,9.2
2013,PT,KZKUS,F,,,22.4
2013,PT,KZKZY,F,,,14.4
2013,PT,KZMAN,F,,,4.7
2013,PT,KZONT,F,,,16.7
2013,PT,KZPAV,F,,,16.6
2013,PT,KZSEV,F,,,29.4
2013,PT,KZVOS,F,,,13.4
2013,PT,KZNS,F,,,0.3
2013,PT,KZALA,F,,,0.9
2013,PT,,,U,,5.1
2013,PT,KZAKM,,U,,2.4
2013,PT,KZAKT,,U,,7.1
2013,PT,KZALM,,U,,12.1
2013,PT,KZATY,,U,,0.2
2013,PT,KZZAP,,U,,2.1
2013,PT,KZZHA,,U,,25.5
2013,PT,KZKAR,,U,,6.0
2013,PT,KZKUS,,U,,6.4
2013,PT,KZKZY,,U,,8.4
2013,PT,KZMAN,,U,,4.0
2013,PT,KZONT,,U,,7.1
2013,PT,KZPAV,,U,,3.1
2013,PT,KZSEV,,U,,7.7
2013,PT,KZVOS,,U,,1.7
2013,PT,KZNS,,U,,0.2
2013,PT,KZALA,,U,,1.2
2013,PT,,,R,,19.8
2013,PT,KZAKM,,R,,15.9
2013,PT,KZAKT,,R,,25.4
2013,PT,KZALM,,R,,15.4
2013,PT,KZATY,,R,,3.1
2013,PT,KZZAP,,R,,18.1
2013,PT,KZZHA,,R,,17.2
2013,PT,KZKAR,,R,,15.0
2013,PT,KZKUS,,R,,32.3
2013,PT,KZKZY,,R,,16.2
2013,PT,KZMAN,,R,,2.9
2013,PT,KZONT,,R,,18.6
2013,PT,KZPAV,,R,,36.3
2013,PT,KZSEV,,R,,36.0
2013,PT,KZVOS,,R,,27.8
2013,PT,,,,Y15,97.8
2013,PT,,,,Y16T24,16.1
2013,PT,,,,M25T28,10.0
2013,PT,,,,M29T34,11.1
2013,PT,,,,Y35T44,9.9
2013,PT,,,,Y45T54,10.6
2013,PT,,,,Y55T64,15.2
2013,PT,,,,Y_GE65,47.5
2013,PT,KZAKM,,,Y16T24,12.9
2013,PT,KZAKM,,,M25T28,5.9
2013,PT,KZAKM,,,M29T34,6.4
2013,PT,KZAKM,,,Y35T44,8.8
2013,PT,KZAKM,,,Y45T54,12.1
2013,PT,KZAKM,,,Y55T64,9.8
2013,PT,KZAKM,,,Y_GE65,25.5
2013,PT,KZAKT,,,Y16T24,20.8
2013,PT,KZAKT,,,M25T28,15.4
2013,PT,KZAKT,,,M29T34,19.8
2013,PT,KZAKT,,,Y35T44,8.4
2013,PT,KZAKT,,,Y45T54,8.5
2013,PT,KZAKT,,,Y55T64,16.5
2013,PT,KZAKT,,,Y_GE65,22.0
2013,PT,KZALM,,,Y16T24,19.3
2013,PT,KZALM,,,M25T28,10.9
2013,PT,KZALM,,,M29T34,13.7
2013,PT,KZALM,,,Y35T44,14.1
2013,PT,KZALM,,,Y45T54,14.5
2013,PT,KZALM,,,Y55T64,14.3
2013,PT,KZALM,,,Y_GE65,10.8
2013,PT,KZATY,,,Y16T24,2.0
2013,PT,KZATY,,,M25T28,0.2
2013,PT,KZATY,,,M29T34,1.7
2013,PT,KZATY,,,Y35T44,1.4
2013,PT,KZATY,,,Y45T54,2.2
2013,PT,KZATY,,,Y55T64,2.9
2013,PT,KZZAP,,,Y16T24,12.4
2013,PT,KZZAP,,,M25T28,9.1
2013,PT,KZZAP,,,M29T34,10.3
2013,PT,KZZAP,,,Y35T44,10.5
2013,PT,KZZAP,,,Y45T54,10.4
2013,PT,KZZAP,,,Y55T64,11.0
2013,PT,KZZHA,,,Y15,100.0
2013,PT,KZZHA,,,Y16T24,24.1
2013,PT,KZZHA,,,M25T28,15.7
2013,PT,KZZHA,,,M29T34,18.3
2013,PT,KZZHA,,,Y35T44,16.7
2013,PT,KZZHA,,,Y45T54,21.4
2013,PT,KZZHA,,,Y55T64,27.5
2013,PT,KZZHA,,,Y_GE65,40.0
2013,PT,KZKAR,,,Y16T24,13.1
2013,PT,KZKAR,,,M25T28,8.1
2013,PT,KZKAR,,,M29T34,6.6
2013,PT,KZKAR,,,Y35T44,6.3
2013,PT,KZKAR,,,Y45T54,5.0
2013,PT,KZKAR,,,Y55T64,9.8
2013,PT,KZKAR,,,Y_GE65,55.2
2013,PT,KZKUS,,,Y15,100.0
2013,PT,KZKUS,,,Y16T24,32.5
2013,PT,KZKUS,,,M25T28,21.8
2013,PT,KZKUS,,,M29T34,14.6
2013,PT,KZKUS,,,Y35T44,14.3
2013,PT,KZKUS,,,Y45T54,17.2
2013,PT,KZKUS,,,Y55T64,27.5
2013,PT,KZKUS,,,Y_GE65,36.3
2013,PT,KZKZY,,,Y16T24,24.6
2013,PT,KZKZY,,,M25T28,7.9
2013,PT,KZKZY,,,M29T34,14.4
2013,PT,KZKZY,,,Y35T44,9.6
2013,PT,KZKZY,,,Y45T54,10.8
2013,PT,KZKZY,,,Y55T64,8.6
2013,PT,KZMAN,,,Y16T24,5.1
2013,PT,KZMAN,,,M25T28,3.7
2013,PT,KZMAN,,,M29T34,4.5
2013,PT,KZMAN,,,Y35T44,2.3
2013,PT,KZMAN,,,Y45T54,3.5
2013,PT,KZMAN,,,Y55T64,2.3
2013,PT,KZONT,,,Y15,89.8
2013,PT,KZONT,,,Y16T24,17.2
2013,PT,KZONT,,,M25T28,15.2
2013,PT,KZONT,,,M29T34,14.4
2013,PT,KZONT,,,Y35T44,13.8
2013,PT,KZONT,,,Y45T54,12.5
2013,PT,KZONT,,,Y55T64,11.9
2013,PT,KZPAV,,,Y15,100.0
2013,PT,KZPAV,,,Y16T24,23.0
2013,PT,KZPAV,,,M25T28,10.4
2013,PT,KZPAV,,,M29T34,13.0
2013,PT,KZPAV,,,Y35T44,9.9
2013,PT,KZPAV,,,Y45T54,10.0
2013,PT,KZPAV,,,Y55T64,23.9
2013,PT,KZPAV,,,Y_GE65,88.3
2013,PT,KZSEV,,,Y15,100.0
2013,PT,KZSEV,,,Y16T24,32.4
2013,PT,KZSEV,,,M25T28,16.2
2013,PT,KZSEV,,,M29T34,17.4
2013,PT,KZSEV,,,Y35T44,21.7
2013,PT,KZSEV,,,Y45T54,17.0
2013,PT,KZSEV,,,Y55T64,37.3
2013,PT,KZSEV,,,Y_GE65,85.5
2013,PT,KZVOS,,,Y16T24,16.8
2013,PT,KZVOS,,,M25T28,11.6
2013,PT,KZVOS,,,M29T34,13.5
2013,PT,KZVOS,,,Y35T44,12.1
2013,PT,KZVOS,,,Y45T54,11.3
2013,PT,KZVOS,,,Y55T64,12.1
2013,PT,KZVOS,,,Y_GE65,14.6
2013,PT,KZNS,,,Y35T44,0.7
2013,PT,KZALA,,,Y16T24,2.4
2013,PT,KZALA,,,M25T28,1.8
2013,PT,KZALA,,,M29T34,1.2
2013,PT,KZALA,,,Y35T44,0.6
2013,PT,KZALA,,,Y45T54,0.8
2013,PT,KZALA,,,Y55T64,1.1
2014,PT,,,,,8.3
2014,PT,KZAKM,,,,8.3
2014,PT,KZAKT,,,,7.0
2014,PT,KZALM,,,,11.5
2014,PT,KZATY,,,,1.8
2014,PT,KZZAP,,,,7.4
2014,PT,KZZHA,,,,22.4
2014,PT,KZKAR,,,,6.4
2014,PT,KZKUS,,,,11.0
2014,PT,KZKZY,,,,10.0
2014,PT,KZMAN,,,,2.4
2014,PT,KZONT,,,,8.6
2014,PT,KZPAV,,,,6.5
2014,PT,KZSEV,,,,8.1
2014,PT,KZVOS,,,,11.6
2014,PT,KZNS,,,,0.3
2014,PT,KZALA,,,,1.2
2014,PT,,M,,,8.0
2014,PT,KZAKM,M,,,6.9
2014,PT,KZAKT,M,,,6.9
2014,PT,KZALM,M,,,10.7
2014,PT,KZATY,M,,,1.8
2014,PT,KZZAP,M,,,8.4
2014,PT,KZZHA,M,,,20.6
2014,PT,KZKAR,M,,,6.3
2014,PT,KZKUS,M,,,10.1
2014,PT,KZKZY,M,,,10.9
2014,PT,KZMAN,M,,,2.0
2014,PT,KZONT,M,,,8.8
2014,PT,KZPAV,M,,,5.7
2014,PT,KZSEV,M,,,7.0
2014,PT,KZVOS,M,,,11.2
2014,PT,KZNS,M,,,0.3
2014,PT,KZALA,M,,,1.5
2014,PT,,F,,,8.7
2014,PT,KZAKM,F,,,9.8
2014,PT,KZAKT,F,,,7.0
2014,PT,KZALM,F,,,12.5
2014,PT,KZATY,F,,,1.9
2014,PT,KZZAP,F,,,6.3
2014,PT,KZZHA,F,,,24.3
2014,PT,KZKAR,F,,,6.4
2014,PT,KZKUS,F,,,11.9
2014,PT,KZKZY,F,,,9.0
2014,PT,KZMAN,F,,,2.9
2014,PT,KZONT,F,,,8.4
2014,PT,KZPAV,F,,,7.4
2014,PT,KZSEV,F,,,9.3
2014,PT,KZVOS,F,,,11.9
2014,PT,KZNS,F,,,0.2
2014,PT,KZALA,F,,,1.0
2014,PT,,,U,,4.8
2014,PT,KZAKM,,U,,4.0
2014,PT,KZAKT,,U,,3.0
2014,PT,KZALM,,U,,8.0
2014,PT,KZATY,,U,,0.3
2014,PT,KZZAP,,U,,2.8
2014,PT,KZZHA,,U,,27.8
2014,PT,KZKAR,,U,,3.9
2014,PT,KZKUS,,U,,7.8
2014,PT,KZKZY,,U,,4.9
2014,PT,KZMAN,,U,,2.5
2014,PT,KZONT,,U,,8.3
2014,PT,KZPAV,,U,,2.0
2014,PT,KZSEV,,U,,5.7
2014,PT,KZVOS,,U,,2.8
2014,PT,KZNS,,U,,0.3
2014,PT,KZALA,,U,,1.2
2014,PT,,,R,,12.7
2014,PT,KZAKM,,R,,12.2
2014,PT,KZAKT,,R,,13.4
2014,PT,KZALM,,R,,12.6
2014,PT,KZATY,,R,,3.4
2014,PT,KZZAP,,R,,11.3
2014,PT,KZZHA,,R,,18.0
2014,PT,KZKAR,,R,,15.4
2014,PT,KZKUS,,R,,14.3
2014,PT,KZKZY,,R,,13.4
2014,PT,KZMAN,,R,,2.3
2014,PT,KZONT,,R,,8.9
2014,PT,KZPAV,,R,,15.6
2014,PT,KZSEV,,R,,9.8
2014,PT,KZVOS,,R,,24.4
2014,PT,,,,Y15,46.0
2014,PT,,,,Y16T24,10.2
2014,PT,,,,M25T28,7.3
2014,PT,,,,M29T34,7.6
2014,PT,,,,Y35T44,6.7
2014,PT,,,,Y45T54,7.7
2014,PT,,,,Y55T64,11.7
2014,PT,,,,Y_GE65,42.6
2014,PT,KZAKM,,,Y15,89.4
2014,PT,KZAKM,,,Y16T24,9.5
2014,PT,KZAKM,,,M25T28,7.7
2014,PT,KZAKM,,,M29T34,6.3
2014,PT,KZAKM,,,Y35T44,6.9
2014,PT,KZAKM,,,Y45T54,8.1
2014,PT,KZAKM,,,Y55T64,10.0
2014,PT,KZAKM,,,Y_GE65,48.1
2014,PT,KZAKT,,,Y16T24,9.6
2014,PT,KZAKT,,,M25T28,6.8
2014,PT,KZAKT,,,M29T34,5.5
2014,PT,KZAKT,,,Y35T44,5.8
2014,PT,KZAKT,,,Y45T54,7.3
2014,PT,KZAKT,,,Y55T64,9.6
2014,PT,KZAKT,,,Y_GE65,32.0
2014,PT,KZALM,,,Y15,16.7
2014,PT,KZALM,,,Y16T24,11.6
2014,PT,KZALM,,,M25T28,9.1
2014,PT,KZALM,,,M29T34,11.9
2014,PT,KZALM,,,Y35T44,10.9
2014,PT,KZALM,,,Y45T54,11.2
2014,PT,KZALM,,,Y55T64,14.4
2014,PT,KZALM,,,Y_GE65,47.4
2014,PT,KZATY,,,Y16T24,2.1
2014,PT,KZATY,,,M25T28,1.6
2014,PT,KZATY,,,M29T34,1.5
2014,PT,KZATY,,,Y35T44,1.5
2014,PT,KZATY,,,Y45T54,2.7
2014,PT,KZATY,,,Y55T64,1.8
2014,PT,KZATY,,,Y_GE65,2.8
2014,PT,KZZAP,,,Y16T24,8.1
2014,PT,KZZAP,,,M25T28,5.6
2014,PT,KZZAP,,,M29T34,8.5
2014,PT,KZZAP,,,Y35T44,6.8
2014,PT,KZZAP,,,Y45T54,7.2
2014,PT,KZZAP,,,Y55T64,7.6
2014,PT,KZZAP,,,Y_GE65,17.9
2014,PT,KZZHA,,,Y15,41.6
2014,PT,KZZHA,,,Y16T24,30.5
2014,PT,KZZHA,,,M25T28,22.6
2014,PT,KZZHA,,,M29T34,18.0
2014,PT,KZZHA,,,Y35T44,17.5
2014,PT,KZZHA,,,Y45T54,17.0
2014,PT,KZZHA,,,Y55T64,35.9
2014,PT,KZZHA,,,Y_GE65,69.7
2014,PT,KZKAR,,,Y15,62.9
2014,PT,KZKAR,,,Y16T24,7.8
2014,PT,KZKAR,,,M25T28,4.4
2014,PT,KZKAR,,,M29T34,4.5
2014,PT,KZKAR,,,Y35T44,4.9
2014,PT,KZKAR,,,Y45T54,5.8
2014,PT,KZKAR,,,Y55T64,10.5
2014,PT,KZKAR,,,Y_GE65,42.0
2014,PT,KZKUS,,,Y15,59.0
2014,PT,KZKUS,,,Y16T24,17.5
2014,PT,KZKUS,,,M25T28,11.6
2014,PT,KZKUS,,,M29T34,10.6
2014,PT,KZKUS,,,Y35T44,8.2
2014,PT,KZKUS,,,Y45T54,8.4
2014,PT,KZKUS,,,Y55T64,13.3
2014,PT,KZKUS,,,Y_GE65,26.2
2014,PT,KZKZY,,,Y16T24,15.1
2014,PT,KZKZY,,,M25T28,8.0
2014,PT,KZKZY,,,M29T34,9.7
2014,PT,KZKZY,,,Y35T44,9.5
2014,PT,KZKZY,,,Y45T54,8.6
2014,PT,KZKZY,,,Y55T64,7.4
2014,PT,KZKZY,,,Y_GE65,15.6
2014,PT,KZMAN,,,Y16T24,3.2
2014,PT,KZMAN,,,M25T28,2.0
2014,PT,KZMAN,,,M29T34,2.0
2014,PT,KZMAN,,,Y35T44,2.5
2014,PT,KZMAN,,,Y45T54,2.5
2014,PT,KZMAN,,,Y55T64,2.3
2014,PT,KZONT,,,Y16T24,8.6
2014,PT,KZONT,,,M25T28,9.1
2014,PT,KZONT,,,M29T34,10.9
2014,PT,KZONT,,,Y35T44,7.4
2014,PT,KZONT,,,Y45T54,8.3
2014,PT,KZONT,,,Y55T64,6.7
2014,PT,KZPAV,,,Y15,89.6
2014,PT,KZPAV,,,Y16T24,12.1
2014,PT,KZPAV,,,M25T28,3.6
2014,PT,KZPAV,,,M29T34,5.2
2014,PT,KZPAV,,,Y35T44,3.4
2014,PT,KZPAV,,,Y45T54,5.3
2014,PT,KZPAV,,,Y55T64,12.7
2014,PT,KZPAV,,,Y_GE65,40.8
2014,PT,KZSEV,,,Y15,100.0
2014,PT,KZSEV,,,Y16T24,10.6
2014,PT,KZSEV,,,M25T28,5.5
2014,PT,KZSEV,,,M29T34,4.9
2014,PT,KZSEV,,,Y35T44,5.4
2014,PT,KZSEV,,,Y45T54,5.5
2014,PT,KZSEV,,,Y55T64,13.7
2014,PT,KZSEV,,,Y_GE65,49.9
2014,PT,KZVOS,,,Y15,76.0
2014,PT,KZVOS,,,Y16T24,18.7
2014,PT,KZVOS,,,M25T28,9.6
2014,PT,KZVOS,,,M29T34,10.2
2014,PT,KZVOS,,,Y35T44,9.6
2014,PT,KZVOS,,,Y45T54,12.4
2014,PT,KZVOS,,,Y55T64,13.3
2014,PT,KZVOS,,,Y_GE65,25.0
2014,PT,KZNS,,,M25T28,0.3
2014,PT,KZNS,,,M29T34,0.2
2014,PT,KZNS,,,Y35T44,0.2
2014,PT,KZNS,,,Y45T54,0.5
2014,PT,KZALA,,,Y16T24,1.0
2014,PT,KZALA,,,M25T28,1.1
2014,PT,KZALA,,,M29T34,1.1
2014,PT,KZALA,,,Y35T44,1.1
2014,PT,KZALA,,,Y45T54,1.6
2014,PT,KZALA,,,Y55T64,1.8
2014,PT,KZALA,,,Y_GE65,5.1
2015,PT,,,,,3.9
2015,PT,KZAKM,,,,4.5
2015,PT,KZAKT,,,,3.1
2015,PT,KZALM,,,,6.0
2015,PT,KZATY,,,,1.2
2015,PT,KZZAP,,,,4.2
2015,PT,KZZHA,,,,12.8
2015,PT,KZKAR,,,,2.9
2015,PT,KZKUS,,,,3.5
2015,PT,KZKZY,,,,12.6
2015,PT,KZMAN,,,,2.1
2015,PT,KZONT,,,,1.9
2015,PT,KZPAV,,,,1.7
2015,PT,KZSEV,,,,2.3
2015,PT,KZVOS,,,,5.3
2015,PT,KZNS,,,,0.6
2015,PT,KZALA,,,,1.0
2015,PT,,M,,,4.4
2015,PT,KZAKM,M,,,3.6
2015,PT,KZAKT,M,,,3.1
2015,PT,KZALM,M,,,6.3
2015,PT,KZATY,M,,,1.4
2015,PT,KZZAP,M,,,5.1
2015,PT,KZZHA,M,,,13.4
2015,PT,KZKAR,M,,,3.3
2015,PT,KZKUS,M,,,3.2
2015,PT,KZKZY,M,,,15.5
2015,PT,KZMAN,M,,,2.5
2015,PT,KZONT,M,,,2.4
2015,PT,KZPAV,M,,,1.8
2015,PT,KZSEV,M,,,2.7
2015,PT,KZVOS,M,,,6.2
2015,PT,KZNS,M,,,0.9
2015,PT,KZALA,M,,,1.2
2015,PT,,F,,,3.4
2015,PT,KZAKM,F,,,5.5
2015,PT,KZAKT,F,,,3.2
2015,PT,KZALM,F,,,5.6
2015,PT,KZATY,F,,,1.0
2015,PT,KZZAP,F,,,3.3
2015,PT,KZZHA,F,,,12.0
2015,PT,KZKAR,F,,,2.4
2015,PT,KZKUS,F,,,3.9
2015,PT,KZKZY,F,,,9.2
2015,PT,KZMAN,F,,,1.6
2015,PT,KZONT,F,,,1.2
2015,PT,KZPAV,F,,,1.6
2015,PT,KZSEV,F,,,1.9
2015,PT,KZVOS,F,,,4.3
2015,PT,KZNS,F,,,0.4
2015,PT,KZALA,F,,,0.8
2015,PT,,,U,,2.5
2015,PT,KZAKM,,U,,1.6
2015,PT,KZAKT,,U,,2.4
2015,PT,KZALM,,U,,4.0
2015,PT,KZATY,,U,,0.3
2015,PT,KZZAP,,U,,2.5
2015,PT,KZZHA,,U,,12.1
2015,PT,KZKAR,,U,,2.6
2015,PT,KZKUS,,U,,5.0
2015,PT,KZKZY,,U,,5.0
2015,PT,KZMAN,,U,,3.3
2015,PT,KZONT,,U,,1.6
2015,PT,KZPAV,,U,,0.4
2015,PT,KZSEV,,U,,2.6
2015,PT,KZVOS,,U,,2.7
2015,PT,KZNS,,U,,0.6
2015,PT,KZALA,,U,,1.0
2015,PT,,,R,,5.6
2015,PT,KZAKM,,R,,6.9
2015,PT,KZAKT,,R,,4.0
2015,PT,KZALM,,R,,6.2
2015,PT,KZATY,,R,,2.2
2015,PT,KZZAP,,R,,5.5
2015,PT,KZZHA,,R,,12.6
2015,PT,KZKAR,,R,,3.4
2015,PT,KZKUS,,R,,1.8
2015,PT,KZKZY,,R,,17.6
2015,PT,KZMAN,,R,,0.7
2015,PT,KZONT,,R,,2.0
2015,PT,KZPAV,,R,,4.3
2015,PT,KZSEV,,R,,2.1
2015,PT,KZVOS,,R,,8.7
2015,PT,,,,Y15,43.9
2015,PT,,,,Y16T24,5.0
2015,PT,,,,M25T28,3.6
2015,PT,,,,M29T34,3.7
2015,PT,,,,Y35T44,3.6
2015,PT,,,,Y45T54,3.9
2015,PT,,,,Y55T64,3.8
2015,PT,,,,Y_GE65,6.3
2015,PT,KZAKM,,,Y15,38.6
2015,PT,KZAKM,,,Y16T24,5.6
2015,PT,KZAKM,,,M25T28,3.7
2015,PT,KZAKM,,,M29T34,4.5
2015,PT,KZAKM,,,Y35T44,4.1
2015,PT,KZAKM,,,Y45T54,5.3
2015,PT,KZAKM,,,Y55T64,4.1
2015,PT,KZAKM,,,Y_GE65,2.0
2015,PT,KZAKT,,,Y16T24,4.0
2015,PT,KZAKT,,,M25T28,2.7
2015,PT,KZAKT,,,M29T34,2.7
2015,PT,KZAKT,,,Y35T44,3.5
2015,PT,KZAKT,,,Y45T54,3.2
2015,PT,KZAKT,,,Y55T64,2.3
2015,PT,KZALM,,,Y16T24,5.2
2015,PT,KZALM,,,M25T28,4.6
2015,PT,KZALM,,,M29T34,6.1
2015,PT,KZALM,,,Y35T44,5.9
2015,PT,KZALM,,,Y45T54,7.2
2015,PT,KZALM,,,Y55T64,6.2
2015,PT,KZALM,,,Y_GE65,5.2
2015,PT,KZATY,,,Y16T24,1.2
2015,PT,KZATY,,,M25T28,1.2
2015,PT,KZATY,,,M29T34,1.2
2015,PT,KZATY,,,Y35T44,0.8
2015,PT,KZATY,,,Y45T54,1.6
2015,PT,KZATY,,,Y55T64,1.4
2015,PT,KZZAP,,,Y16T24,6.5
2015,PT,KZZAP,,,M25T28,5.5
2015,PT,KZZAP,,,M29T34,4.2
2015,PT,KZZAP,,,Y35T44,2.9
2015,PT,KZZAP,,,Y45T54,3.7
2015,PT,KZZAP,,,Y55T64,4.0
2015,PT,KZZHA,,,Y15,58.7
2015,PT,KZZHA,,,Y16T24,20.2
2015,PT,KZZHA,,,M25T28,12.9
2015,PT,KZZHA,,,M29T34,11.2
2015,PT,KZZHA,,,Y35T44,10.2
2015,PT,KZZHA,,,Y45T54,9.8
2015,PT,KZZHA,,,Y55T64,13.3
2015,PT,KZZHA,,,Y_GE65,49.8
2015,PT,KZKAR,,,Y15,95.0
2015,PT,KZKAR,,,Y16T24,3.0
2015,PT,KZKAR,,,M25T28,1.6
2015,PT,KZKAR,,,M29T34,3.1
2015,PT,KZKAR,,,Y35T44,3.9
2015,PT,KZKAR,,,Y45T54,2.7
2015,PT,KZKAR,,,Y55T64,1.7
2015,PT,KZKAR,,,Y_GE65,0.5
2015,PT,KZKUS,,,Y16T24,3.4
2015,PT,KZKUS,,,M25T28,3.8
2015,PT,KZKUS,,,M29T34,3.9
2015,PT,KZKUS,,,Y35T44,3.9
2015,PT,KZKUS,,,Y45T54,3.2
2015,PT,KZKUS,,,Y55T64,3.0
2015,PT,KZKUS,,,Y_GE65,0.8
2015,PT,KZKZY,,,Y16T24,16.2
2015,PT,KZKZY,,,M25T28,10.8
2015,PT,KZKZY,,,M29T34,10.2
2015,PT,KZKZY,,,Y35T44,12.2
2015,PT,KZKZY,,,Y45T54,13.1
2015,PT,KZKZY,,,Y55T64,13.2
2015,PT,KZMAN,,,Y16T24,2.4
2015,PT,KZMAN,,,M25T28,2.1
2015,PT,KZMAN,,,M29T34,1.3
2015,PT,KZMAN,,,Y35T44,2.1
2015,PT,KZMAN,,,Y45T54,2.8
2015,PT,KZMAN,,,Y55T64,1.4
2015,PT,KZMAN,,,Y_GE65,7.2
2015,PT,KZONT,,,Y16T24,2.4
2015,PT,KZONT,,,M25T28,2.2
2015,PT,KZONT,,,M29T34,2.0
2015,PT,KZONT,,,Y35T44,1.7
2015,PT,KZONT,,,Y45T54,1.4
2015,PT,KZONT,,,Y55T64,1.8
2015,PT,KZPAV,,,Y15,56.3
2015,PT,KZPAV,,,Y16T24,3.9
2015,PT,KZPAV,,,M25T28,0.6
2015,PT,KZPAV,,,M29T34,1.2
2015,PT,KZPAV,,,Y35T44,1.2
2015,PT,KZPAV,,,Y45T54,2.5
2015,PT,KZPAV,,,Y55T64,1.8
2015,PT,KZPAV,,,Y_GE65,0.2
2015,PT,KZSEV,,,Y15,29.5
2015,PT,KZSEV,,,Y16T24,4.6
2015,PT,KZSEV,,,M25T28,3.5
2015,PT,KZSEV,,,M29T34,2.6
2015,PT,KZSEV,,,Y35T44,2.0
2015,PT,KZSEV,,,Y45T54,1.8
2015,PT,KZSEV,,,Y55T64,1.6
2015,PT,KZSEV,,,Y_GE65,0.1
2015,PT,KZVOS,,,Y15,62.5
2015,PT,KZVOS,,,Y16T24,9.2
2015,PT,KZVOS,,,M25T28,5.6
2015,PT,KZVOS,,,M29T34,4.5
2015,PT,KZVOS,,,Y35T44,4.7
2015,PT,KZVOS,,,Y45T54,5.1
2015,PT,KZVOS,,,Y55T64,4.6
2015,PT,KZVOS,,,Y_GE65,8.0
2015,PT,KZNS,,,Y16T24,3.5
2015,PT,KZNS,,,M25T28,0.5
2015,PT,KZNS,,,M29T34,0.2
2015,PT,KZNS,,,Y35T44,0.4
2015,PT,KZNS,,,Y45T54,0.1
2015,PT,KZNS,,,Y55T64,0.5
2015,PT,KZALA,,,Y16T24,0.7
2015,PT,KZALA,,,M25T28,0.8
2015,PT,KZALA,,,M29T34,1.2
2015,PT,KZALA,,,Y35T44,1.0
2015,PT,KZALA,,,Y45T54,1.2
2015,PT,KZALA,,,Y55T64,0.8
2015,PT,KZALA,,,Y_GE65,0.9
2016,PT,,,,,3.5
2016,PT,KZAKM,,,,4.1
2016,PT,KZAKT,,,,5.0
2016,PT,KZALM,,,,4.2
2016,PT,KZATY,,,,0.4
2016,PT,KZZAP,,,,4.1
2016,PT,KZZHA,,,,15.6
2016,PT,KZKAR,,,,2.5
2016,PT,KZKUS,,,,5.1
2016,PT,KZKZY,,,,5.5
2016,PT,KZMAN,,,,1.1
2016,PT,KZONT,,,,2.1
2016,PT,KZPAV,,,,1.9
2016,PT,KZSEV,,,,1.7
2016,PT,KZVOS,,,,3.5
2016,PT,KZNS,,,,0.0
2016,PT,KZALA,,,,0.7
2016,PT,,M,,,3.4
2016,PT,KZAKM,M,,,3.0
2016,PT,KZAKT,M,,,5.4
2016,PT,KZALM,M,,,3.2
2016,PT,KZATY,M,,,0.4
2016,PT,KZZAP,M,,,3.9
2016,PT,KZZHA,M,,,16.3
2016,PT,KZKAR,M,,,2.7
2016,PT,KZKUS,M,,,4.1
2016,PT,KZKZY,M,,,5.7
2016,PT,KZMAN,M,,,1.0
2016,PT,KZONT,M,,,1.9
2016,PT,KZPAV,M,,,1.8
2016,PT,KZSEV,M,,,1.1
2016,PT,KZVOS,M,,,3.8
2016,PT,KZNS,M,,,0.0
2016,PT,KZALA,M,,,1.0
2016,PT,,F,,,3.7
2016,PT,KZAKM,F,,,5.2
2016,PT,KZAKT,F,,,4.6
2016,PT,KZALM,F,,,5.4
2016,PT,KZATY,F,,,0.4
2016,PT,KZZAP,F,,,4.2
2016,PT,KZZHA,F,,,14.9
2016,PT,KZKAR,F,,,2.3
2016,PT,KZKUS,F,,,6.1
2016,PT,KZKZY,F,,,5.2
2016,PT,KZMAN,F,,,1.1
2016,PT,KZONT,F,,,2.3
2016,PT,KZPAV,F,,,2.0
2016,PT,KZSEV,F,,,2.4
2016,PT,KZVOS,F,,,3.1
2016,PT,KZNS,F,,,0.1
2016,PT,KZALA,F,,,0.5
2016,PT,,,U,,2.1
2016,PT,KZAKM,,U,,1.7
2016,PT,KZAKT,,U,,3.7
2016,PT,KZALM,,U,,2.7
2016,PT,KZATY,,U,,0.1
2016,PT,KZZAP,,U,,2.5
2016,PT,KZZHA,,U,,17.7
2016,PT,KZKAR,,U,,1.8
2016,PT,KZKUS,,U,,7.8
2016,PT,KZKZY,,U,,0.9
2016,PT,KZMAN,,U,,1.6
2016,PT,KZONT,,U,,0.0
2016,PT,KZPAV,,U,,0.6
2016,PT,KZSEV,,U,,1.4
2016,PT,KZVOS,,U,,0.5
2016,PT,KZNS,,U,,0.0
2016,PT,KZALA,,U,,0.7
2016,PT,,,R,,5.4
2016,PT,KZAKM,,R,,6.3
2016,PT,KZAKT,,R,,7.2
2016,PT,KZALM,,R,,4.7
2016,PT,KZATY,,R,,0.7
2016,PT,KZZAP,,R,,5.5
2016,PT,KZZHA,,R,,14.3
2016,PT,KZKAR,,R,,5.1
2016,PT,KZKUS,,R,,2.1
2016,PT,KZKZY,,R,,9.1
2016,PT,KZMAN,,R,,0.5
2016,PT,KZONT,,R,,3.6
2016,PT,KZPAV,,R,,4.8
2016,PT,KZSEV,,R,,2.0
2016,PT,KZVOS,,R,,8.0
2016,PT,,,,Y15,45.7
2016,PT,,,,Y16T24,4.7
2016,PT,,,,M25T28,2.9
2016,PT,,,,M29T34,2.8
2016,PT,,,,Y35T44,3.0
2016,PT,,,,Y45T54,3.2
2016,PT,,,,Y55T64,5.5
2016,PT,,,,Y_GE65,14.4
2016,PT,KZAKM,,,Y15,87.5
2016,PT,KZAKM,,,Y16T24,6.0
2016,PT,KZAKM,,,M25T28,3.1
2016,PT,KZAKM,,,M29T34,2.7
2016,PT,KZAKM,,,Y35T44,3.0
2016,PT,KZAKM,,,Y45T54,3.2
2016,PT,KZAKM,,,Y55T64,6.1
2016,PT,KZAKM,,,Y_GE65,18.4
2016,PT,KZAKT,,,Y16T24,6.6
2016,PT,KZAKT,,,M25T28,5.5
2016,PT,KZAKT,,,M29T34,4.5
2016,PT,KZAKT,,,Y35T44,5.3
2016,PT,KZAKT,,,Y45T54,4.2
2016,PT,KZAKT,,,Y55T64,4.7
2016,PT,KZAKT,,,Y_GE65,6.3
2016,PT,KZALM,,,Y15,100.0
2016,PT,KZALM,,,Y16T24,3.1
2016,PT,KZALM,,,M25T28,3.0
2016,PT,KZALM,,,M29T34,3.6
2016,PT,KZALM,,,Y35T44,3.9
2016,PT,KZALM,,,Y45T54,4.0
2016,PT,KZALM,,,Y55T64,9.3
2016,PT,KZALM,,,Y_GE65,18.7
2016,PT,KZATY,,,Y16T24,0.3
2016,PT,KZATY,,,M25T28,0.3
2016,PT,KZATY,,,M29T34,0.4
2016,PT,KZATY,,,Y35T44,0.5
2016,PT,KZATY,,,Y45T54,0.5
2016,PT,KZATY,,,Y55T64,0.4
2016,PT,KZZAP,,,Y16T24,5.2
2016,PT,KZZAP,,,M25T28,4.0
2016,PT,KZZAP,,,M29T34,4.4
2016,PT,KZZAP,,,Y35T44,3.6
2016,PT,KZZAP,,,Y45T54,3.5
2016,PT,KZZAP,,,Y55T64,4.2
2016,PT,KZZHA,,,Y16T24,29.2
2016,PT,KZZHA,,,M25T28,13.0
2016,PT,KZZHA,,,M29T34,11.6
2016,PT,KZZHA,,,Y35T44,10.9
2016,PT,KZZHA,,,Y45T54,10.2
2016,PT,KZZHA,,,Y55T64,25.1
2016,PT,KZZHA,,,Y_GE65,45.7
2016,PT,KZKAR,,,Y15,41.0
2016,PT,KZKAR,,,Y16T24,2.4
2016,PT,KZKAR,,,M25T28,3.1
2016,PT,KZKAR,,,M29T34,1.9
2016,PT,KZKAR,,,Y35T44,2.4
2016,PT,KZKAR,,,Y45T54,2.6
2016,PT,KZKAR,,,Y55T64,2.8
2016,PT,KZKAR,,,Y_GE65,5.0
2016,PT,KZKUS,,,Y16T24,7.2
2016,PT,KZKUS,,,M25T28,5.8
2016,PT,KZKUS,,,M29T34,4.1
2016,PT,KZKUS,,,Y35T44,4.2
2016,PT,KZKUS,,,Y45T54,3.8
2016,PT,KZKUS,,,Y55T64,6.5
2016,PT,KZKUS,,,Y_GE65,9.9
2016,PT,KZKZY,,,Y15,100.0
2016,PT,KZKZY,,,Y16T24,6.8
2016,PT,KZKZY,,,M25T28,4.4
2016,PT,KZKZY,,,M29T34,5.5
2016,PT,KZKZY,,,Y35T44,4.9
2016,PT,KZKZY,,,Y45T54,5.5
2016,PT,KZKZY,,,Y55T64,6.4
2016,PT,KZMAN,,,Y16T24,0.8
2016,PT,KZMAN,,,M25T28,0.3
2016,PT,KZMAN,,,M29T34,0.5
2016,PT,KZMAN,,,Y35T44,1.6
2016,PT,KZMAN,,,Y45T54,0.9
2016,PT,KZMAN,,,Y55T64,3.1
2016,PT,KZONT,,,Y16T24,1.8
2016,PT,KZONT,,,M25T28,1.9
2016,PT,KZONT,,,M29T34,1.8
2016,PT,KZONT,,,Y35T44,2.4
2016,PT,KZONT,,,Y45T54,2.2
2016,PT,KZONT,,,Y55T64,2.1
2016,PT,KZONT,,,Y_GE65,7.2
2016,PT,KZPAV,,,Y16T24,3.3
2016,PT,KZPAV,,,M25T28,1.8
2016,PT,KZPAV,,,M29T34,1.2
2016,PT,KZPAV,,,Y35T44,1.4
2016,PT,KZPAV,,,Y45T54,2.3
2016,PT,KZPAV,,,Y55T64,2.5
2016,PT,KZPAV,,,Y_GE65,0.3
2016,PT,KZSEV,,,Y15,43.8
2016,PT,KZSEV,,,Y16T24,4.5
2016,PT,KZSEV,,,M25T28,1.3
2016,PT,KZSEV,,,M29T34,2.1
2016,PT,KZSEV,,,Y35T44,1.1
2016,PT,KZSEV,,,Y45T54,1.2
2016,PT,KZSEV,,,Y55T64,1.8
2016,PT,KZSEV,,,Y_GE65,2.9
2016,PT,KZVOS,,,Y15,100.0
2016,PT,KZVOS,,,Y16T24,6.7
2016,PT,KZVOS,,,M25T28,2.3
2016,PT,KZVOS,,,M29T34,2.4
2016,PT,KZVOS,,,Y35T44,3.2
2016,PT,KZVOS,,,Y45T54,3.8
2016,PT,KZVOS,,,Y55T64,4.0
2016,PT,KZVOS,,,Y_GE65,12.1
2016,PT,KZNS,,,M29T34,0.1
2016,PT,KZNS,,,Y45T54,0.1
2016,PT,KZALA,,,Y16T24,0.3
2016,PT,KZALA,,,M25T28,0.4
2016,PT,KZALA,,,M29T34,0.7
2016,PT,KZALA,,,Y35T44,0.6
2016,PT,KZALA,,,Y45T54,1.3
2016,PT,KZALA,,,Y55T64,1.1
2016,PT,KZALA,,,Y_GE65,2.6
2017,PT,,,,,2.5
2017,PT,KZAKM,,,,4.1
2017,PT,KZAKT,,,,1.8
2017,PT,KZALM,,,,3.9
2017,PT,KZATY,,,,0.4
2017,PT,KZZAP,,,,3.8
2017,PT,KZZHA,,,,3.6
2017,PT,KZKAR,,,,1.8
2017,PT,KZKUS,,,,5.3
2017,PT,KZKZY,,,,4.3
2017,PT,KZMAN,,,,1.1
2017,PT,KZONT,,,,1.7
2017,PT,KZPAV,,,,1.7
2017,PT,KZSEV,,,,0.8
2017,PT,KZVOS,,,,4.9
2017,PT,KZNS,,,,0.0
2017,PT,KZALA,,,,0.6
2017,PT,,M,,,2.5
2017,PT,KZAKM,M,,,4.4
2017,PT,KZAKT,M,,,2.1
2017,PT,KZALM,M,,,4.1
2017,PT,KZATY,M,,,0.4
2017,PT,KZZAP,M,,,3.8
2017,PT,KZZHA,M,,,4.2
2017,PT,KZKAR,M,,,2.1
2017,PT,KZKUS,M,,,5.4
2017,PT,KZKZY,M,,,5.3
2017,PT,KZMAN,M,,,1.1
2017,PT,KZONT,M,,,0.3
2017,PT,KZPAV,M,,,1.7
2017,PT,KZSEV,M,,,0.9
2017,PT,KZVOS,M,,,5.2
2017,PT,KZNS,M,,,0.0
2017,PT,KZALA,M,,,0.7
2017,PT,,F,,,2.5
2017,PT,KZAKM,F,,,3.8
2017,PT,KZAKT,F,,,1.5
2017,PT,KZALM,F,,,3.7
2017,PT,KZATY,F,,,0.4
2017,PT,KZZAP,F,,,3.8
2017,PT,KZZHA,F,,,3.0
2017,PT,KZKAR,F,,,1.6
2017,PT,KZKUS,F,,,5.1
2017,PT,KZKZY,F,,,3.2
2017,PT,KZMAN,F,,,1.1
2017,PT,KZONT,F,,,3.3
2017,PT,KZPAV,F,,,1.8
2017,PT,KZSEV,F,,,0.8
2017,PT,KZVOS,F,,,4.6
2017,PT,KZNS,F,,,0.0
2017,PT,KZALA,F,,,0.5
2017,PT,,,U,,1.5
2017,PT,KZAKM,,U,,2.3
2017,PT,KZAKT,,U,,1.5
2017,PT,KZALM,,U,,2.2
2017,PT,KZATY,,U,,0.1
2017,PT,KZZAP,,U,,1.7
2017,PT,KZZHA,,U,,3.0
2017,PT,KZKAR,,U,,1.6
2017,PT,KZKUS,,U,,8.9
2017,PT,KZKZY,,U,,1.7
2017,PT,KZMAN,,U,,0.9
2017,PT,KZONT,,U,,0.3
2017,PT,KZPAV,,U,,0.4
2017,PT,KZSEV,,U,,1.3
2017,PT,KZVOS,,U,,1.7
2017,PT,KZNS,,U,,0.0
2017,PT,KZALA,,U,,0.6
2017,PT,,,R,,4.0
2017,PT,KZAKM,,R,,5.8
2017,PT,KZAKT,,R,,2.4
2017,PT,KZALM,,R,,4.4
2017,PT,KZATY,,R,,0.7
2017,PT,KZZAP,,R,,5.7
2017,PT,KZZHA,,R,,4.0
2017,PT,KZKAR,,R,,2.7
2017,PT,KZKUS,,R,,1.5
2017,PT,KZKZY,,R,,6.4
2017,PT,KZMAN,,R,,1.3
2017,PT,KZONT,,R,,2.7
2017,PT,KZPAV,,R,,4.8
2017,PT,KZSEV,,R,,0.5
2017,PT,KZVOS,,R,,9.9
2017,PT,,,,Y15,41.0
2017,PT,,,,Y16T24,3.6
2017,PT,,,,M25T28,2.4
2017,PT,,,,M29T34,2.2
2017,PT,,,,Y35T44,2.1
2017,PT,,,,Y45T54,2.6
2017,PT,,,,Y55T64,3.0
2017,PT,,,,Y_GE65,3.6
2017,PT,KZAKM,,,Y15,78.6
2017,PT,KZAKM,,,Y16T24,4.0
2017,PT,KZAKM,,,M25T28,3.7
2017,PT,KZAKM,,,M29T34,3.6
2017,PT,KZAKM,,,Y35T44,3.3
2017,PT,KZAKM,,,Y45T54,4.1
2017,PT,KZAKM,,,Y55T64,5.0
2017,PT,KZAKM,,,Y_GE65,8.6
2017,PT,KZAKT,,,Y16T24,1.6
2017,PT,KZAKT,,,M25T28,2.3
2017,PT,KZAKT,,,M29T34,1.0
2017,PT,KZAKT,,,Y35T44,1.6
2017,PT,KZAKT,,,Y45T54,2.1
2017,PT,KZAKT,,,Y55T64,3.1
2017,PT,KZALM,,,Y15,41.8
2017,PT,KZALM,,,Y16T24,3.5
2017,PT,KZALM,,,M25T28,4.1
2017,PT,KZALM,,,M29T34,2.4
2017,PT,KZALM,,,Y35T44,3.6
2017,PT,KZALM,,,Y45T54,4.6
2017,PT,KZALM,,,Y55T64,7.0
2017,PT,KZALM,,,Y_GE65,1.9
2017,PT,KZATY,,,Y16T24,0.3
2017,PT,KZATY,,,M25T28,0.4
2017,PT,KZATY,,,M29T34,0.0
2017,PT,KZATY,,,Y35T44,0.6
2017,PT,KZATY,,,Y45T54,0.5
2017,PT,KZATY,,,Y55T64,0.5
2017,PT,KZZAP,,,Y16T24,5.5
2017,PT,KZZAP,,,M25T28,4.5
2017,PT,KZZAP,,,M29T34,2.9
2017,PT,KZZAP,,,Y35T44,3.4
2017,PT,KZZAP,,,Y45T54,3.1
2017,PT,KZZAP,,,Y55T64,4.4
2017,PT,KZZHA,,,Y16T24,5.9
2017,PT,KZZHA,,,M25T28,3.5
2017,PT,KZZHA,,,M29T34,3.1
2017,PT,KZZHA,,,Y35T44,2.6
2017,PT,KZZHA,,,Y45T54,3.2
2017,PT,KZZHA,,,Y55T64,3.0
2017,PT,KZZHA,,,Y_GE65,4.8
2017,PT,KZKAR,,,Y15,38.1
2017,PT,KZKAR,,,Y16T24,3.2
2017,PT,KZKAR,,,M25T28,1.5
2017,PT,KZKAR,,,M29T34,1.8
2017,PT,KZKAR,,,Y35T44,1.6
2017,PT,KZKAR,,,Y45T54,1.4
2017,PT,KZKAR,,,Y55T64,2.7
2017,PT,KZKAR,,,Y_GE65,3.3
2017,PT,KZKUS,,,Y16T24,8.5
2017,PT,KZKUS,,,M25T28,7.2
2017,PT,KZKUS,,,M29T34,8.6
2017,PT,KZKUS,,,Y35T44,3.1
2017,PT,KZKUS,,,Y45T54,4.2
2017,PT,KZKUS,,,Y55T64,2.4
2017,PT,KZKUS,,,Y_GE65,0.3
2017,PT,KZKZY,,,Y16T24,6.9
2017,PT,KZKZY,,,M25T28,5.0
2017,PT,KZKZY,,,M29T34,5.0
2017,PT,KZKZY,,,Y35T44,3.5
2017,PT,KZKZY,,,Y45T54,3.3
2017,PT,KZKZY,,,Y55T64,2.5
2017,PT,KZMAN,,,Y16T24,1.1
2017,PT,KZMAN,,,M25T28,1.4
2017,PT,KZMAN,,,M29T34,1.0
2017,PT,KZMAN,,,Y35T44,0.9
2017,PT,KZMAN,,,Y45T54,1.1
2017,PT,KZMAN,,,Y55T64,1.0
2017,PT,KZONT,,,Y16T24,1.4
2017,PT,KZONT,,,M25T28,1.4
2017,PT,KZONT,,,M29T34,1.9
2017,PT,KZONT,,,Y35T44,1.7
2017,PT,KZONT,,,Y45T54,1.9
2017,PT,KZONT,,,Y55T64,1.1
2017,PT,KZPAV,,,Y16T24,5.4
2017,PT,KZPAV,,,M25T28,1.3
2017,PT,KZPAV,,,M29T34,1.2
2017,PT,KZPAV,,,Y35T44,1.5
2017,PT,KZPAV,,,Y45T54,1.6
2017,PT,KZPAV,,,Y55T64,1.9
2017,PT,KZSEV,,,Y15,39.2
2017,PT,KZSEV,,,Y16T24,1.8
2017,PT,KZSEV,,,M25T28,0.4
2017,PT,KZSEV,,,M29T34,0.9
2017,PT,KZSEV,,,Y35T44,1.3
2017,PT,KZSEV,,,Y45T54,0.4
2017,PT,KZSEV,,,Y55T64,0.4
2017,PT,KZSEV,,,Y_GE65,0.4
2017,PT,KZVOS,,,Y15,100.0
2017,PT,KZVOS,,,Y16T24,10.4
2017,PT,KZVOS,,,M25T28,3.8
2017,PT,KZVOS,,,M29T34,2.5
2017,PT,KZVOS,,,Y35T44,4.4
2017,PT,KZVOS,,,Y45T54,5.8
2017,PT,KZVOS,,,Y55T64,5.4
2017,PT,KZVOS,,,Y_GE65,17.5
2017,PT,KZALA,,,Y16T24,0.3
2017,PT,KZALA,,,M25T28,0.6
2017,PT,KZALA,,,M29T34,0.6
2017,PT,KZALA,,,Y35T44,0.7
2017,PT,KZALA,,,Y45T54,0.8
2017,PT,KZALA,,,Y55T64,1.2
2018,PT,,,,,2.2
2018,PT,KZAKM,,,,4.0
2018,PT,KZAKT,,,,1.5
2018,PT,KZALM,,,,3.8
2018,PT,KZATY,,,,0.4
2018,PT,KZZAP,,,,3.5
2018,PT,KZZHA,,,,1.9
2018,PT,KZKAR,,,,1.6
2018,PT,KZKUS,,,,4.6
2018,PT,KZKZY,,,,3.8
2018,PT,KZMAN,,,,1.7
2018,PT,KZPAV,,,,1.6
2018,PT,KZSEV,,,,0.7
2018,PT,KZYUZ,,,,2.9
2018,PT,KZVOS,,,,3.3
2018,PT,KZNS,,,,0.0
2018,PT,KZALA,,,,0.5
2018,PT,KZSHY,,,,0.7
2018,PT,,M,,,2.3
2018,PT,KZAKM,M,,,4.0
2018,PT,KZAKT,M,,,1.8
2018,PT,KZALM,M,,,3.6
2018,PT,KZATY,M,,,0.4
2018,PT,KZZAP,M,,,3.0
2018,PT,KZZHA,M,,,1.8
2018,PT,KZKAR,M,,,1.9
2018,PT,KZKUS,M,,,4.6
2018,PT,KZKZY,M,,,4.9
2018,PT,KZMAN,M,,,1.9
2018,PT,KZPAV,M,,,1.6
2018,PT,KZSEV,M,,,0.8
2018,PT,KZYUZ,M,,,2.3
2018,PT,KZVOS,M,,,3.5
2018,PT,KZNS,M,,,0.1
2018,PT,KZALA,M,,,0.5
2018,PT,KZSHY,M,,,1.2
2018,PT,,F,,,2.2
2018,PT,KZAKM,F,,,3.9
2018,PT,KZAKT,F,,,1.2
2018,PT,KZALM,F,,,4.0
2018,PT,KZATY,F,,,0.4
2018,PT,KZZAP,F,,,4.1
2018,PT,KZZHA,F,,,1.9
2018,PT,KZKAR,F,,,1.4
2018,PT,KZKUS,F,,,4.7
2018,PT,KZKZY,F,,,2.5
2018,PT,KZMAN,F,,,1.5
2018,PT,KZPAV,F,,,1.6
2018,PT,KZSEV,F,,,0.6
2018,PT,KZYUZ,F,,,3.6
2018,PT,KZVOS,F,,,3.1
2018,PT,KZNS,F,,,0.0
2018,PT,KZALA,F,,,0.5
2018,PT,KZSHY,F,,,0.3
2018,PT,,,U,,1.1
2018,PT,KZAKM,,U,,2.0
2018,PT,KZAKT,,U,,0.9
2018,PT,KZALM,,U,,2.9
2018,PT,KZATY,,U,,0.4
2018,PT,KZZAP,,U,,1.5
2018,PT,KZZHA,,U,,0.1
2018,PT,KZKAR,,U,,1.9
2018,PT,KZKUS,,U,,3.6
2018,PT,KZKZY,,U,,1.5
2018,PT,KZMAN,,U,,0.5
2018,PT,KZPAV,,U,,0.4
2018,PT,KZSEV,,U,,0.9
2018,PT,KZYUZ,,U,,1.9
2018,PT,KZVOS,,U,,0.7
2018,PT,KZNS,,U,,0.0
2018,PT,KZALA,,U,,0.5
2018,PT,KZSHY,,U,,0.7
2018,PT,,,R,,3.9
2018,PT,KZAKM,,R,,5.8
2018,PT,KZAKT,,R,,2.9
2018,PT,KZALM,,R,,4.0
2018,PT,KZATY,,R,,0.5
2018,PT,KZZAP,,R,,5.4
2018,PT,KZZHA,,R,,3.0
2018,PT,KZKAR,,R,,0.9
2018,PT,KZKUS,,R,,5.7
2018,PT,KZKZY,,R,,5.5
2018,PT,KZMAN,,R,,2.7
2018,PT,KZPAV,,R,,4.4
2018,PT,KZSEV,,R,,0.5
2018,PT,KZYUZ,,R,,3.1
2018,PT,KZVOS,,R,,7.4
2018,PT,,,,Y15,40.4
2018,PT,,,,Y16T24,2.4
2018,PT,,,,M25T28,2.0
2018,PT,,,,M29T34,1.9
2018,PT,,,,Y35T44,2.0
2018,PT,,,,Y45T54,2.1
2018,PT,,,,Y55T64,3.7
2018,PT,,,,Y_GE65,6.7
2018,PT,KZAKM,,,Y16T24,4.1
2018,PT,KZAKM,,,M25T28,3.7
2018,PT,KZAKM,,,M29T34,3.6
2018,PT,KZAKM,,,Y35T44,3.3
2018,PT,KZAKM,,,Y45T54,3.8
2018,PT,KZAKM,,,Y55T64,4.6
2018,PT,KZAKM,,,Y_GE65,9.0
2018,PT,KZAKT,,,Y16T24,2.7
2018,PT,KZAKT,,,M25T28,1.5
2018,PT,KZAKT,,,M29T34,1.4
2018,PT,KZAKT,,,Y35T44,1.7
2018,PT,KZAKT,,,Y45T54,1.1
2018,PT,KZAKT,,,Y55T64,1.6
2018,PT,KZAKT,,,Y_GE65,0.8
2018,PT,KZALM,,,Y16T24,0.8
2018,PT,KZALM,,,M25T28,1.8
2018,PT,KZALM,,,M29T34,2.2
2018,PT,KZALM,,,Y35T44,3.1
2018,PT,KZALM,,,Y45T54,3.8
2018,PT,KZALM,,,Y55T64,14.4
2018,PT,KZALM,,,Y_GE65,14.9
2018,PT,KZATY,,,Y16T24,0.5
2018,PT,KZATY,,,M25T28,0.1
2018,PT,KZATY,,,M29T34,0.5
2018,PT,KZATY,,,Y35T44,0.4
2018,PT,KZATY,,,Y45T54,0.5
2018,PT,KZATY,,,Y55T64,0.4
2018,PT,KZZAP,,,Y16T24,5.2
2018,PT,KZZAP,,,M25T28,4.1
2018,PT,KZZAP,,,M29T34,2.5
2018,PT,KZZAP,,,Y35T44,2.8
2018,PT,KZZAP,,,Y45T54,2.9
2018,PT,KZZAP,,,Y55T64,4.7
2018,PT,KZZHA,,,Y16T24,2.2
2018,PT,KZZHA,,,M25T28,1.8
2018,PT,KZZHA,,,M29T34,2.4
2018,PT,KZZHA,,,Y35T44,1.8
2018,PT,KZZHA,,,Y45T54,1.9
2018,PT,KZZHA,,,Y55T64,1.0
2018,PT,KZKAR,,,Y16T24,1.1
2018,PT,KZKAR,,,M25T28,0.7
2018,PT,KZKAR,,,M29T34,1.4
2018,PT,KZKAR,,,Y35T44,3.0
2018,PT,KZKAR,,,Y45T54,1.3
2018,PT,KZKAR,,,Y55T64,1.0
2018,PT,KZKAR,,,Y_GE65,1.7
2018,PT,KZKUS,,,Y15,45.7
2018,PT,KZKUS,,,Y16T24,4.6
2018,PT,KZKUS,,,M25T28,4.7
2018,PT,KZKUS,,,M29T34,3.6
2018,PT,KZKUS,,,Y35T44,4.0
2018,PT,KZKUS,,,Y45T54,4.5
2018,PT,KZKUS,,,Y55T64,5.9
2018,PT,KZKUS,,,Y_GE65,11.7
2018,PT,KZKZY,,,Y16T24,4.9
2018,PT,KZKZY,,,M25T28,3.9
2018,PT,KZKZY,,,M29T34,3.7
2018,PT,KZKZY,,,Y35T44,3.7
2018,PT,KZKZY,,,Y45T54,3.2
2018,PT,KZKZY,,,Y55T64,2.9
2018,PT,KZKZY,,,Y_GE65,42.9
2018,PT,KZMAN,,,Y16T24,2.7
2018,PT,KZMAN,,,M25T28,1.5
2018,PT,KZMAN,,,M29T34,1.8
2018,PT,KZMAN,,,Y35T44,2.0
2018,PT,KZMAN,,,Y45T54,1.2
2018,PT,KZMAN,,,Y55T64,1.0
2018,PT,KZPAV,,,Y16T24,2.7
2018,PT,KZPAV,,,M25T28,1.3
2018,PT,KZPAV,,,M29T34,1.2
2018,PT,KZPAV,,,Y35T44,1.2
2018,PT,KZPAV,,,Y45T54,1.5
2018,PT,KZPAV,,,Y55T64,2.7
2018,PT,KZSEV,,,Y16T24,0.8
2018,PT,KZSEV,,,M25T28,0.5
2018,PT,KZSEV,,,M29T34,1.1
2018,PT,KZSEV,,,Y35T44,0.8
2018,PT,KZSEV,,,Y45T54,0.5
2018,PT,KZSEV,,,Y55T64,0.6
2018,PT,KZYUZ,,,Y16T24,2.8
2018,PT,KZYUZ,,,M25T28,3.2
2018,PT,KZYUZ,,,M29T34,3.9
2018,PT,KZYUZ,,,Y35T44,2.5
2018,PT,KZYUZ,,,Y45T54,2.6
2018,PT,KZYUZ,,,Y55T64,1.1
2018,PT,KZVOS,,,Y16T24,5.2
2018,PT,KZVOS,,,M25T28,3.3
2018,PT,KZVOS,,,M29T34,2.4
2018,PT,KZVOS,,,Y35T44,2.3
2018,PT,KZVOS,,,Y45T54,3.0
2018,PT,KZVOS,,,Y55T64,4.8
2018,PT,KZVOS,,,Y_GE65,15.3
2018,PT,KZNS,,,M29T34,0.1
2018,PT,KZNS,,,Y45T54,0.2
2018,PT,KZALA,,,Y16T24,0.4
2018,PT,KZALA,,,M25T28,0.8
2018,PT,KZALA,,,M29T34,0.6
2018,PT,KZALA,,,Y35T44,0.3
2018,PT,KZALA,,,Y45T54,0.3
2018,PT,KZALA,,,Y55T64,0.9
2018,PT,KZALA,,,Y_GE65,1.3
2018,PT,KZSHY,,,Y16T24,1.5
2018,PT,KZSHY,,,M25T28,1.2
2018,PT,KZSHY,,,M29T34,0.3
2018,PT,KZSHY,,,Y35T44,0.9
2018,PT,KZSHY,,,Y45T54,0.6
2019,PT,,,,,2.1
2019,PT,KZAKM,,,,3.8
2019,PT,KZAKT,,,,1.6
2019,PT,KZALM,,,,3.8
2019,PT,KZATY,,,,0.4
2019,PT,KZZAP,,,,3.4
2019,PT,KZZHA,,,,1.4
2019,PT,KZKAR,,,,1.8
2019,PT,KZKUS,,,,4.2
2019,PT,KZKZY,,,,3.8
2019,PT,KZMAN,,,,1.3
2019,PT,KZPAV,,,,1.5
2019,PT,KZSEV,,,,0.7
2019,PT,KZYUZ,,,,2.7
2019,PT,KZVOS,,,,3.3
2019,PT,KZNS,,,,0.1
2019,PT,KZALA,,,,0.5
2019,PT,KZSHY,,,,0.7
2019,PT,,M,,,2.3
2019,PT,KZAKM,M,,,3.3
2019,PT,KZAKT,M,,,1.5
2019,PT,KZALM,M,,,4.0
2019,PT,KZATY,M,,,0.3
2019,PT,KZZAP,M,,,3.0
2019,PT,KZZHA,M,,,1.2
2019,PT,KZKAR,M,,,2.0
2019,PT,KZKUS,M,,,4.5
2019,PT,KZKZY,M,,,4.5
2019,PT,KZMAN,M,,,1.3
2019,PT,KZPAV,M,,,1.5
2019,PT,KZSEV,M,,,0.8
2019,PT,KZYUZ,M,,,3.5
2019,PT,KZVOS,M,,,3.3
2019,PT,KZNS,M,,,0.2
2019,PT,KZALA,M,,,0.5
2019,PT,KZSHY,M,,,0.8
2019,PT,,F,,,2.0
2019,PT,KZAKM,F,,,4.4
2019,PT,KZAKT,F,,,1.6
2019,PT,KZALM,F,,,3.5
2019,PT,KZATY,F,,,0.4
2019,PT,KZZAP,F,,,3.8
2019,PT,KZZHA,F,,,1.7
2019,PT,KZKAR,F,,,1.6
2019,PT,KZKUS,F,,,3.8
2019,PT,KZKZY,F,,,3.0
2019,PT,KZMAN,F,,,1.3
2019,PT,KZPAV,F,,,1.5
2019,PT,KZSEV,F,,,0.6
2019,PT,KZYUZ,F,,,1.7
2019,PT,KZVOS,F,,,3.4
2019,PT,KZNS,F,,,0.0
2019,PT,KZALA,F,,,0.5
2019,PT,KZSHY,F,,,0.7
2019,PT,,,U,,1.1
2019,PT,KZAKM,,U,,2.0
2019,PT,KZAKT,,U,,0.8
2019,PT,KZALM,,U,,3.0
2019,PT,KZATY,,U,,0.4
2019,PT,KZZAP,,U,,1.4
2019,PT,KZZHA,,U,,2.8
2019,PT,KZKAR,,U,,1.9
2019,PT,KZKUS,,U,,2.7
2019,PT,KZKZY,,U,,1.2
2019,PT,KZMAN,,U,,0.5
2019,PT,KZPAV,,U,,0.2
2019,PT,KZSEV,,U,,0.8
2019,PT,KZYUZ,,U,,3.8
2019,PT,KZVOS,,U,,0.6
2019,PT,KZNS,,U,,0.1
2019,PT,KZALA,,U,,0.5
2019,PT,KZSHY,,U,,0.7
2019,PT,,,R,,3.6
2019,PT,KZAKM,,R,,5.5
2019,PT,KZAKT,,R,,3.5
2019,PT,KZALM,,R,,4.0
2019,PT,KZATY,,R,,0.4
2019,PT,KZZAP,,R,,5.3
2019,PT,KZZHA,,R,,0.5
2019,PT,KZKAR,,R,,1.6
2019,PT,KZKUS,,R,,5.8
2019,PT,KZKZY,,R,,5.8
2019,PT,KZMAN,,R,,1.9
2019,PT,KZPAV,,R,,4.3
2019,PT,KZSEV,,R,,0.6
2019,PT,KZYUZ,,R,,2.5
2019,PT,KZVOS,,R,,7.7
2019,PT,,,,Y15,35.6
2019,PT,,,,Y16T24,2.6
2019,PT,,,,M25T28,1.6
2019,PT,,,,M29T34,1.6
2019,PT,,,,Y35T44,1.9
2019,PT,,,,Y45T54,2.3
2019,PT,,,,Y55T64,3.2
2019,PT,,,,Y_GE65,8.4
2019,PT,KZAKM,,,Y16T24,4.8
2019,PT,KZAKM,,,M25T28,3.4
2019,PT,KZAKM,,,M29T34,3.1
2019,PT,KZAKM,,,Y35T44,3.1
2019,PT,KZAKM,,,Y45T54,3.1
2019,PT,KZAKM,,,Y55T64,4.8
2019,PT,KZAKM,,,Y_GE65,11.5
2019,PT,KZAKT,,,Y16T24,1.2
2019,PT,KZAKT,,,M25T28,1.2
2019,PT,KZAKT,,,M29T34,0.9
2019,PT,KZAKT,,,Y35T44,1.7
2019,PT,KZAKT,,,Y45T54,2.6
2019,PT,KZAKT,,,Y55T64,2.1
2019,PT,KZAKT,,,Y_GE65,1.4
2019,PT,KZALM,,,Y16T24,5.1
2019,PT,KZALM,,,M25T28,1.9
2019,PT,KZALM,,,M29T34,1.9
2019,PT,KZALM,,,Y35T44,3.0
2019,PT,KZALM,,,Y45T54,4.5
2019,PT,KZALM,,,Y55T64,8.3
2019,PT,KZALM,,,Y_GE65,8.3
2019,PT,KZATY,,,Y16T24,0.9
2019,PT,KZATY,,,M25T28,0.2
2019,PT,KZATY,,,M29T34,0.2
2019,PT,KZATY,,,Y35T44,0.1
2019,PT,KZATY,,,Y45T54,0.6
2019,PT,KZATY,,,Y55T64,0.7
2019,PT,KZZAP,,,Y16T24,3.7
2019,PT,KZZAP,,,M25T28,3.1
2019,PT,KZZAP,,,M29T34,2.8
2019,PT,KZZAP,,,Y35T44,2.6
2019,PT,KZZAP,,,Y45T54,3.2
2019,PT,KZZAP,,,Y55T64,5.5
2019,PT,KZZHA,,,Y16T24,2.3
2019,PT,KZZHA,,,M25T28,1.7
2019,PT,KZZHA,,,M29T34,0.3
2019,PT,KZZHA,,,Y35T44,0.6
2019,PT,KZZHA,,,Y45T54,0.9
2019,PT,KZZHA,,,Y55T64,2.6
2019,PT,KZZHA,,,Y_GE65,26.4
2019,PT,KZKAR,,,Y16T24,1.8
2019,PT,KZKAR,,,M25T28,0.8
2019,PT,KZKAR,,,M29T34,1.6
2019,PT,KZKAR,,,Y35T44,2.4
2019,PT,KZKAR,,,Y45T54,1.5
2019,PT,KZKAR,,,Y55T64,1.9
2019,PT,KZKAR,,,Y_GE65,7.3
2019,PT,KZKUS,,,Y15,40.3
2019,PT,KZKUS,,,Y16T24,4.3
2019,PT,KZKUS,,,M25T28,3.1
2019,PT,KZKUS,,,M29T34,3.8
2019,PT,KZKUS,,,Y35T44,3.8
2019,PT,KZKUS,,,Y45T54,4.3
2019,PT,KZKUS,,,Y55T64,5.0
2019,PT,KZKUS,,,Y_GE65,8.1
2019,PT,KZKZY,,,Y16T24,5.0
2019,PT,KZKZY,,,M25T28,3.4
2019,PT,KZKZY,,,M29T34,3.8
2019,PT,KZKZY,,,Y35T44,4.0
2019,PT,KZKZY,,,Y45T54,3.5
2019,PT,KZKZY,,,Y55T64,2.2
2019,PT,KZMAN,,,Y16T24,1.2
2019,PT,KZMAN,,,M25T28,1.4
2019,PT,KZMAN,,,M29T34,0.7
2019,PT,KZMAN,,,Y35T44,1.5
2019,PT,KZMAN,,,Y45T54,1.5
2019,PT,KZMAN,,,Y55T64,2.5
2019,PT,KZPAV,,,Y16T24,1.7
2019,PT,KZPAV,,,M25T28,0.9
2019,PT,KZPAV,,,M29T34,1.2
2019,PT,KZPAV,,,Y35T44,1.5
2019,PT,KZPAV,,,Y45T54,1.5
2019,PT,KZPAV,,,Y55T64,1.9
2019,PT,KZSEV,,,Y16T24,0.7
2019,PT,KZSEV,,,M25T28,1.1
2019,PT,KZSEV,,,M29T34,0.3
2019,PT,KZSEV,,,Y35T44,0.8
2019,PT,KZSEV,,,Y45T54,0.5
2019,PT,KZSEV,,,Y55T64,0.7
2019,PT,KZSEV,,,Y_GE65,1.2
2019,PT,KZYUZ,,,Y16T24,2.7
2019,PT,KZYUZ,,,M25T28,2.1
2019,PT,KZYUZ,,,M29T34,2.4
2019,PT,KZYUZ,,,Y35T44,2.7
2019,PT,KZYUZ,,,Y45T54,3.2
2019,PT,KZYUZ,,,Y55T64,3.6
2019,PT,KZYUZ,,,Y_GE65,7.7
2019,PT,KZVOS,,,Y16T24,4.2
2019,PT,KZVOS,,,M25T28,2.4
2019,PT,KZVOS,,,M29T34,2.6
2019,PT,KZVOS,,,Y35T44,2.9
2019,PT,KZVOS,,,Y45T54,3.8
2019,PT,KZVOS,,,Y55T64,4.0
2019,PT,KZVOS,,,Y_GE65,13.6
2019,PT,KZNS,,,Y35T44,0.3
2019,PT,KZNS,,,Y45T54,0.2
2019,PT,KZALA,,,Y16T24,0.5
2019,PT,KZALA,,,M25T28,0.4
2019,PT,KZALA,,,M29T34,0.5
2019,PT,KZALA,,,Y35T44,0.5
2019,PT,KZALA,,,Y45T54,0.4
2019,PT,KZALA,,,Y55T64,0.9
2019,PT,KZALA,,,Y_GE65,2.4
2019,PT,KZSHY,,,Y16T24,0.9
2019,PT,KZSHY,,,M25T28,1.0
2019,PT,KZSHY,,,M29T34,1.3
2019,PT,KZSHY,,,Y35T44,0.5
2019,PT,KZSHY,,,Y45T54,0.6
2019,PT,KZSHY,,,Y55T64,0.4
2020,PT,,,,,2.3
2020,PT,KZAKM,,,,4.2
2020,PT,KZAKT,,,,1.6
2020,PT,KZALM,,,,3.7
2020,PT,KZATY,,,,0.5
2020,PT,KZZAP,,,,2.9
2020,PT,KZZHA,,,,1.4
2020,PT,KZKAR,,,,3.0
2020,PT,KZKUS,,,,4.6
2020,PT,KZKZY,,,,3.6
2020,PT,KZMAN,,,,1.1
2020,PT,KZPAV,,,,1.5
2020,PT,KZSEV,,,,1.2
2020,PT,KZYUZ,,,,2.7
2020,PT,KZVOS,,,,3.0
2020,PT,KZNS,,,,0.5
2020,PT,KZALA,,,,0.9
2020,PT,KZSHY,,,,0.8
2020,PT,,M,,,2.5
2020,PT,KZAKM,M,,,3.9
2020,PT,KZAKT,M,,,1.7
2020,PT,KZALM,M,,,4.0
2020,PT,KZATY,M,,,0.5
2020,PT,KZZAP,M,,,3.0
2020,PT,KZZHA,M,,,1.5
2020,PT,KZKAR,M,,,3.6
2020,PT,KZKUS,M,,,3.9
2020,PT,KZKZY,M,,,4.7
2020,PT,KZMAN,M,,,0.6
2020,PT,KZPAV,M,,,1.6
2020,PT,KZSEV,M,,,1.2
2020,PT,KZYUZ,M,,,3.4
2020,PT,KZVOS,M,,,3.0
2020,PT,KZNS,M,,,0.7
2020,PT,KZALA,M,,,0.9
2020,PT,KZSHY,M,,,0.9
2020,PT,,F,,,2.1
2020,PT,KZAKM,F,,,4.5
2020,PT,KZAKT,F,,,1.5
2020,PT,KZALM,F,,,3.4
2020,PT,KZATY,F,,,0.4
2020,PT,KZZAP,F,,,2.8
2020,PT,KZZHA,F,,,1.3
2020,PT,KZKAR,F,,,2.3
2020,PT,KZKUS,F,,,5.4
2020,PT,KZKZY,F,,,2.4
2020,PT,KZMAN,F,,,1.8
2020,PT,KZPAV,F,,,1.3
2020,PT,KZSEV,F,,,1.3
2020,PT,KZYUZ,F,,,1.9
2020,PT,KZVOS,F,,,2.9
2020,PT,KZNS,F,,,0.2
2020,PT,KZALA,F,,,0.9
2020,PT,KZSHY,F,,,0.6
2020,PT,,,U,,1.4
2020,PT,KZAKM,,U,,2.7
2020,PT,KZAKT,,U,,1.6
2020,PT,KZALM,,U,,3.6
2020,PT,KZATY,,U,,0.2
2020,PT,KZZAP,,U,,1.2
2020,PT,KZZHA,,U,,1.6
2020,PT,KZKAR,,U,,3.3
2020,PT,KZKUS,,U,,2.5
2020,PT,KZKZY,,U,,1.8
2020,PT,KZMAN,,U,,0.7
2020,PT,KZPAV,,U,,0.5
2020,PT,KZSEV,,U,,1.7
2020,PT,KZYUZ,,U,,1.6
2020,PT,KZVOS,,U,,0.8
2020,PT,KZNS,,U,,0.5
2020,PT,KZALA,,U,,0.9
2020,PT,KZSHY,,U,,0.8
2020,PT,,,R,,3.5
2020,PT,KZAKM,,R,,5.5
2020,PT,KZAKT,,R,,1.6
2020,PT,KZALM,,R,,3.7
2020,PT,KZATY,,R,,0.7
2020,PT,KZZAP,,R,,4.6
2020,PT,KZZHA,,R,,1.3
2020,PT,KZKAR,,R,,1.9
2020,PT,KZKUS,,R,,7.5
2020,PT,KZKZY,,R,,5.1
2020,PT,KZMAN,,R,,1.4
2020,PT,KZPAV,,R,,3.5
2020,PT,KZSEV,,R,,0.9
2020,PT,KZYUZ,,R,,3.0
2020,PT,KZVOS,,R,,6.5
2020,PT,,,,Y15,89.6
2020,PT,,,,Y16T24,2.6
2020,PT,,,,M25T28,1.6
2020,PT,,,,M29T34,1.8
2020,PT,,,,Y35T44,1.9
2020,PT,,,,Y45T54,2.5
2020,PT,,,,Y55T64,3.5
2020,PT,,,,Y_GE65,9.2
2020,PT,,,,Y15,48.5
2020,PT,KZAKM,,,Y16T24,4.6
2020,PT,KZAKM,,,M25T28,2.8
2020,PT,KZAKM,,,M29T34,2.6
2020,PT,KZAKM,,,Y35T44,2.8
2020,PT,KZAKM,,,Y45T54,3.1
2020,PT,KZAKM,,,Y55T64,7.7
2020,PT,KZAKM,,,Y_GE65,14.3
2020,PT,KZAKT,,,Y16T24,0.9
2020,PT,KZAKT,,,M25T28,1.5
2020,PT,KZAKT,,,M29T34,1.9
2020,PT,KZAKT,,,Y35T44,2.2
2020,PT,KZAKT,,,Y45T54,1.4
2020,PT,KZAKT,,,Y55T64,0.4
2020,PT,KZAKT,,,Y_GE65,0.0
2020,PT,,,,Y15,100.0
2020,PT,KZALM,,,Y16T24,2.8
2020,PT,KZALM,,,M25T28,2.0
2020,PT,KZALM,,,M29T34,3.8
2020,PT,KZALM,,,Y35T44,3.2
2020,PT,KZALM,,,Y45T54,3.8
2020,PT,KZALM,,,Y55T64,7.1
2020,PT,KZALM,,,Y_GE65,13.9
2020,PT,KZATY,,,Y16T24,0.7
2020,PT,KZATY,,,M25T28,0.7
2020,PT,KZATY,,,M29T34,0.6
2020,PT,KZATY,,,Y35T44,0.3
2020,PT,KZATY,,,Y45T54,0.3
2020,PT,KZATY,,,Y55T64,0.3
2020,PT,KZALM,,,Y_GE65,0.0
2020,PT,KZZAP,,,Y16T24,2.7
2020,PT,KZZAP,,,M25T28,2.8
2020,PT,KZZAP,,,M29T34,3.9
2020,PT,KZZAP,,,Y35T44,3.0
2020,PT,KZZAP,,,Y45T54,3.6
2020,PT,KZZAP,,,Y55T64,1.3
2020,PT,KZAP,,,Y_GE65,0.0
2020,PT,KZZHA,,,Y16T24,2.0
2020,PT,KZZHA,,,M25T28,0.9
2020,PT,KZZHA,,,M29T34,1.3
2020,PT,KZZHA,,,Y35T44,2.1
2020,PT,KZZHA,,,Y45T54,0.9
2020,PT,KZZHA,,,Y55T64,1.2
2020,PT,KZZHA,,,Y_GE65,0.4
2020,PT,KZZHA,,,Y_GE65,100.0
2020,PT,KZKAR,,,Y16T24,3.6
2020,PT,KZKAR,,,M25T28,3.1
2020,PT,KZKAR,,,M29T34,2.2
2020,PT,KZKAR,,,Y35T44,3.2
2020,PT,KZKAR,,,Y45T54,2.7
2020,PT,KZKAR,,,Y55T64,3.0
2020,PT,KZKAR,,,Y_GE65,9.4
2020,PT,KZKUS,,,Y15,100.0
2020,PT,KZKUS,,,Y16T24,3.0
2020,PT,KZKUS,,,M25T28,2.8
2020,PT,KZKUS,,,M29T34,3.6
2020,PT,KZKUS,,,Y35T44,3.6
2020,PT,KZKUS,,,Y45T54,3.6
2020,PT,KZKUS,,,Y55T64,8.5
2020,PT,KZKUS,,,Y_GE65,19.3
2020,PT,KZKZY,,,Y16T24,7.6
2020,PT,KZKZY,,,M25T28,4.8
2020,PT,KZKZY,,,M29T34,4.1
2020,PT,KZKZY,,,Y35T44,2.6
2020,PT,KZKZY,,,Y45T54,2.0
2020,PT,KZKZY,,,Y55T64,2.8
2020,PT,KZKZY,,,Y_GE65,0.0
2020,PT,KZMAN,,,Y16T24,3.3
2020,PT,KZMAN,,,M25T28,0.6
2020,PT,KZMAN,,,M29T34,1.0
2020,PT,KZMAN,,,Y35T44,0.5
2020,PT,KZMAN,,,Y45T54,1.6
2020,PT,KZMAN,,,Y55T64,0.6
2020,PT,KZMAN,,,Y_GE65,0.0
2020,PT,,,,Y15,70.9
2020,PT,KZPAV,,,Y16T24,5.1
2020,PT,KZPAV,,,M25T28,1.0
2020,PT,KZPAV,,,M29T34,1.3
2020,PT,KZPAV,,,Y35T44,1.1
2020,PT,KZPAV,,,Y45T54,1.2
2020,PT,KZPAV,,,Y55T64,0.9
2020,PT,KZPAV,,,Y_GE65,5.1
2020,PT,KZSEV,,,Y16T24,1.3
2020,PT,KZSEV,,,M25T28,1.8
2020,PT,KZSEV,,,M29T34,1.1
2020,PT,KZSEV,,,Y35T44,0.9
2020,PT,KZSEV,,,Y45T54,1.6
2020,PT,KZSEV,,,Y55T64,1.2
2020,PT,KZSEV,,,Y_GE65,0.5
2020,PT,KZYUZ,,,Y16T24,3.2
2020,PT,KZYUZ,,,M25T28,1.7
2020,PT,KZYUZ,,,M29T34,2.7
2020,PT,KZYUZ,,,Y35T44,2.1
2020,PT,KZYUZ,,,Y45T54,3.6
2020,PT,KZYUZ,,,Y55T64,3.6
2020,PT,KZYUZ,,,Y_GE65,18.3
2020,PT,KZVOS,,,Y16T24,3.1
2020,PT,KZVOS,,,M25T28,0.9
2020,PT,KZVOS,,,M29T34,1.6
2020,PT,KZVOS,,,Y35T44,2.2
2020,PT,KZVOS,,,Y45T54,5.3
2020,PT,KZVOS,,,Y55T64,3.4
2020,PT,KZVOS,,,Y_GE65,11.5
2020,PT,KZNS,,,Y16T24,0.7
2020,PT,KZNS,,,M25T28,0.3
2020,PT,KZNS,,,M29T34,0.2
2020,PT,KZNS,,,Y35T44,0.1
2020,PT,KZNS,,,Y45T54,1.4
2020,PT,KZNS,,,Y55T64,0.4
2020,PT,KZNS,,,Y_GE65,0.0
2020,PT,KZALA,,,Y16T24,0.6
2020,PT,KZALA,,,M25T28,0.8
2020,PT,KZALA,,,M29T34,0.1
2020,PT,KZALA,,,Y35T44,0.6
2020,PT,KZALA,,,Y45T54,0.7
2020,PT,KZALA,,,Y55T64,4.9
2020,PT,KZALA,,,Y_GE65,0.0
2020,PT,KZSHY,,,Y16T24,1.1
2020,PT,KZSHY,,,M25T28,0.7
2020,PT,KZSHY,,,M29T34,0.9
2020,PT,KZSHY,,,Y35T44,0.6
2020,PT,KZSHY,,,Y45T54,0.8
2020,PT,KZSHY,,,Y55T64,0.8
