Year,UNIT_MEASURE,REF_AREA,URBANISATION,SEX,AGE,GeoCode,Value
2010,PT,,,,,,5.8
2010,PT,KZAKM,,,,KZAKM,5.8
2010,PT,KZAKT,,,,KZAKT,5.3
2010,PT,KZALM,,,,KZALM,5.6
2010,PT,KZATY,,,,KZATY,5.4
2010,PT,KZZAP,,,,KZZAP,5.6
2010,PT,KZZHA,,,,KZZHA,5.7
2010,PT,KZKAR,,,,KZKAR,5.5
2010,PT,KZKUS,,,,KZKUS,5.7
2010,PT,KZKZY,,,,KZKZY,5.9
2010,PT,KZMAN,,,,KZMAN,6.4
2010,PT,KZONT,,,,KZONT,5.9
2010,PT,KZPAV,,,,KZPAV,5.6
2010,PT,KZSEV,,,,KZSEV,5.8
2010,PT,KZVOS,,,,KZVOS,5.7
2010,PT,KZNS,,,,KZNS,6.2
2010,PT,KZALA,,,,KZALA,6.3
2010,PT,,,M,,,4.9
2010,PT,KZAKM,,M,,KZAKM,6.1
2010,PT,KZAKT,,M,,KZAKT,2.9
2010,PT,KZALM,,M,,KZALM,5.3
2010,PT,KZATY,,M,,KZATY,3.9
2010,PT,KZZAP,,M,,KZZAP,4.7
2010,PT,KZZHA,,M,,KZZHA,5.5
2010,PT,KZKAR,,M,,KZKAR,4.5
2010,PT,KZKUS,,M,,KZKUS,5.2
2010,PT,KZKZY,,M,,KZKZY,5.7
2010,PT,KZMAN,,M,,KZMAN,5.9
2010,PT,KZONT,,M,,KZONT,4.8
2010,PT,KZPAV,,M,,KZPAV,4.6
2010,PT,KZSEV,,M,,KZSEV,6.1
2010,PT,KZVOS,,M,,KZVOS,4.9
2010,PT,KZNS,,M,,KZNS,2.9
2010,PT,KZALA,,M,,KZALA,5.5
2010,PT,,,F,,,6.6
2010,PT,KZAKM,,F,,KZAKM,5.5
2010,PT,KZAKT,,F,,KZAKT,7.7
2010,PT,KZALM,,F,,KZALM,6.0
2010,PT,KZATY,,F,,KZATY,7.0
2010,PT,KZZAP,,F,,KZZAP,6.6
2010,PT,KZZHA,,F,,KZZHA,5.9
2010,PT,KZKAR,,F,,KZKAR,6.4
2010,PT,KZKUS,,F,,KZKUS,6.1
2010,PT,KZKZY,,F,,KZKZY,6.1
2010,PT,KZMAN,,F,,KZMAN,7.1
2010,PT,KZONT,,F,,KZONT,7.2
2010,PT,KZPAV,,F,,KZPAV,6.7
2010,PT,KZSEV,,F,,KZSEV,5.5
2010,PT,KZVOS,,F,,KZVOS,6.5
2010,PT,KZNS,,F,,KZNS,9.7
2010,PT,KZALA,,F,,KZALA,7.0
2010,PT,,U,,,,6.2
2010,PT,KZAKM,U,,,KZAKM,5.7
2010,PT,KZAKT,U,,,KZAKT,5.4
2010,PT,KZALM,U,,,KZALM,5.6
2010,PT,KZATY,U,,,KZATY,6.1
2010,PT,KZZAP,U,,,KZZAP,4.8
2010,PT,KZZHA,U,,,KZZHA,7.0
2010,PT,KZKAR,U,,,KZKAR,5.5
2010,PT,KZKUS,U,,,KZKUS,7.6
2010,PT,KZKZY,U,,,KZKZY,5.4
2010,PT,KZMAN,U,,,KZMAN,5.8
2010,PT,KZONT,U,,,KZONT,7.2
2010,PT,KZPAV,U,,,KZPAV,6.3
2010,PT,KZSEV,U,,,KZSEV,6.5
2010,PT,KZVOS,U,,,KZVOS,6.6
2010,PT,KZNS,U,,,KZNS,6.2
2010,PT,KZALA,U,,,KZALA,6.3
2010,PT,,R,,,,5.2
2010,PT,KZAKM,R,,,KZAKM,5.9
2010,PT,KZAKT,R,,,KZAKT,5.3
2010,PT,KZALM,R,,,KZALM,5.6
2010,PT,KZATY,R,,,KZATY,4.9
2010,PT,KZZAP,R,,,KZZAP,6.1
2010,PT,KZZHA,R,,,KZZHA,4.9
2010,PT,KZKAR,R,,,KZKAR,5.3
2010,PT,KZKUS,R,,,KZKUS,3.9
2010,PT,KZKZY,R,,,KZKZY,6.2
2010,PT,KZMAN,R,,,KZMAN,7.3
2010,PT,KZONT,R,,,KZONT,5.1
2010,PT,KZPAV,R,,,KZPAV,4.5
2010,PT,KZSEV,R,,,KZSEV,5.4
2010,PT,KZVOS,R,,,KZVOS,4.7
2010,PT,,,,Y15,,6.8
2010,PT,,,,Y16T24,,5.2
2010,PT,,,,M25T28,,8.4
2010,PT,,,,M29T34,,5.8
2010,PT,,,,Y35T44,,5.3
2010,PT,,,,Y45T54,,5.2
2010,PT,,,,Y55T64,,6.0
2010,PT,KZAKM,,,Y16T24,KZAKM,6.0
2010,PT,KZAKM,,,M25T28,KZAKM,5.2
2010,PT,KZAKM,,,M29T34,KZAKM,4.9
2010,PT,KZAKM,,,Y35T44,KZAKM,6.4
2010,PT,KZAKM,,,Y45T54,KZAKM,6.1
2010,PT,KZAKM,,,Y55T64,KZAKM,6.3
2010,PT,KZAKT,,,Y16T24,KZAKT,2.2
2010,PT,KZAKT,,,M25T28,KZAKT,7.6
2010,PT,KZAKT,,,M29T34,KZAKT,7.5
2010,PT,KZAKT,,,Y35T44,KZAKT,6.8
2010,PT,KZAKT,,,Y45T54,KZAKT,4.2
2010,PT,KZAKT,,,Y55T64,KZAKT,1.2
2010,PT,KZALM,,,Y15,KZALM,53.1
2010,PT,KZALM,,,Y16T24,KZALM,3.3
2010,PT,KZALM,,,M25T28,KZALM,5.0
2010,PT,KZALM,,,M29T34,KZALM,5.1
2010,PT,KZALM,,,Y35T44,KZALM,4.4
2010,PT,KZALM,,,Y45T54,KZALM,5.6
2010,PT,KZALM,,,Y55T64,KZALM,13.3
2010,PT,KZATY,,,Y16T24,KZATY,1.5
2010,PT,KZATY,,,M25T28,KZATY,15.4
2010,PT,KZATY,,,M29T34,KZATY,6.2
2010,PT,KZATY,,,Y35T44,KZATY,3.7
2010,PT,KZATY,,,Y45T54,KZATY,3.5
2010,PT,KZATY,,,Y55T64,KZATY,5.4
2010,PT,KZZAP,,,Y16T24,KZZAP,6.5
2010,PT,KZZAP,,,M25T28,KZZAP,6.4
2010,PT,KZZAP,,,M29T34,KZZAP,6.9
2010,PT,KZZAP,,,Y35T44,KZZAP,5.9
2010,PT,KZZAP,,,Y45T54,KZZAP,5.1
2010,PT,KZZAP,,,Y55T64,KZZAP,1.9
2010,PT,KZZHA,,,Y16T24,KZZHA,6.0
2010,PT,KZZHA,,,M25T28,KZZHA,1.9
2010,PT,KZZHA,,,M29T34,KZZHA,9.7
2010,PT,KZZHA,,,Y35T44,KZZHA,7.7
2010,PT,KZZHA,,,Y45T54,KZZHA,4.3
2010,PT,KZZHA,,,Y55T64,KZZHA,1.2
2010,PT,KZKAR,,,Y16T24,KZKAR,5.9
2010,PT,KZKAR,,,M25T28,KZKAR,9.9
2010,PT,KZKAR,,,M29T34,KZKAR,5.5
2010,PT,KZKAR,,,Y35T44,KZKAR,4.8
2010,PT,KZKAR,,,Y45T54,KZKAR,4.6
2010,PT,KZKAR,,,Y55T64,KZKAR,4.2
2010,PT,KZKUS,,,Y16T24,KZKUS,5.3
2010,PT,KZKUS,,,M25T28,KZKUS,13.3
2010,PT,KZKUS,,,M29T34,KZKUS,5.1
2010,PT,KZKUS,,,Y35T44,KZKUS,3.6
2010,PT,KZKUS,,,Y45T54,KZKUS,4.4
2010,PT,KZKUS,,,Y55T64,KZKUS,8.4
2010,PT,KZKZY,,,Y16T24,KZKZY,6.5
2010,PT,KZKZY,,,M25T28,KZKZY,8.6
2010,PT,KZKZY,,,M29T34,KZKZY,4.1
2010,PT,KZKZY,,,Y35T44,KZKZY,4.0
2010,PT,KZKZY,,,Y45T54,KZKZY,6.1
2010,PT,KZKZY,,,Y55T64,KZKZY,10.8
2010,PT,KZMAN,,,Y16T24,KZMAN,7.0
2010,PT,KZMAN,,,M25T28,KZMAN,11.7
2010,PT,KZMAN,,,M29T34,KZMAN,2.7
2010,PT,KZMAN,,,Y35T44,KZMAN,3.9
2010,PT,KZMAN,,,Y45T54,KZMAN,10.4
2010,PT,KZMAN,,,Y55T64,KZMAN,8.4
2010,PT,KZONT,,,Y16T24,KZONT,2.1
2010,PT,KZONT,,,M25T28,KZONT,11.3
2010,PT,KZONT,,,M29T34,KZONT,6.1
2010,PT,KZONT,,,Y35T44,KZONT,6.0
2010,PT,KZONT,,,Y45T54,KZONT,5.3
2010,PT,KZONT,,,Y55T64,KZONT,2.9
2010,PT,KZPAV,,,Y15,KZPAV,3.1
2010,PT,KZPAV,,,Y16T24,KZPAV,5.5
2010,PT,KZPAV,,,M25T28,KZPAV,8.8
2010,PT,KZPAV,,,M29T34,KZPAV,4.3
2010,PT,KZPAV,,,Y35T44,KZPAV,4.6
2010,PT,KZPAV,,,Y45T54,KZPAV,6.4
2010,PT,KZPAV,,,Y55T64,KZPAV,4.9
2010,PT,KZSEV,,,Y16T24,KZSEV,5.9
2010,PT,KZSEV,,,M25T28,KZSEV,9.8
2010,PT,KZSEV,,,M29T34,KZSEV,7.6
2010,PT,KZSEV,,,Y35T44,KZSEV,4.7
2010,PT,KZSEV,,,Y45T54,KZSEV,4.2
2010,PT,KZSEV,,,Y55T64,KZSEV,5.8
2010,PT,KZVOS,,,Y16T24,KZVOS,7.0
2010,PT,KZVOS,,,M25T28,KZVOS,6.7
2010,PT,KZVOS,,,M29T34,KZVOS,4.4
2010,PT,KZVOS,,,Y35T44,KZVOS,5.0
2010,PT,KZVOS,,,Y45T54,KZVOS,4.9
2010,PT,KZVOS,,,Y55T64,KZVOS,8.8
2010,PT,KZNS,,,Y16T24,KZNS,11.2
2010,PT,KZNS,,,M25T28,KZNS,4.7
2010,PT,KZNS,,,M29T34,KZNS,6.6
2010,PT,KZNS,,,Y35T44,KZNS,6.4
2010,PT,KZNS,,,Y45T54,KZNS,5.6
2010,PT,KZNS,,,Y55T64,KZNS,2.9
2010,PT,KZALA,,,Y16T24,KZALA,9.0
2010,PT,KZALA,,,M25T28,KZALA,8.5
2010,PT,KZALA,,,M29T34,KZALA,5.7
2010,PT,KZALA,,,Y35T44,KZALA,5.6
2010,PT,KZALA,,,Y45T54,KZALA,5.5
2010,PT,KZALA,,,Y55T64,KZALA,4.2
2011,PT,,,,,,5.4
2011,PT,KZAKM,,,,KZAKM,5.5
2011,PT,KZAKT,,,,KZAKT,4.9
2011,PT,KZALM,,,,KZALM,5.1
2011,PT,KZATY,,,,KZATY,5.0
2011,PT,KZZAP,,,,KZZAP,5.3
2011,PT,KZZHA,,,,KZZHA,5.5
2011,PT,KZKAR,,,,KZKAR,5.3
2011,PT,KZKUS,,,,KZKUS,5.4
2011,PT,KZKZY,,,,KZKZY,5.5
2011,PT,KZMAN,,,,KZMAN,5.8
2011,PT,KZONT,,,,KZONT,5.7
2011,PT,KZPAV,,,,KZPAV,5.2
2011,PT,KZSEV,,,,KZSEV,5.4
2011,PT,KZVOS,,,,KZVOS,5.2
2011,PT,KZNS,,,,KZNS,5.8
2011,PT,KZALA,,,,KZALA,5.6
2011,PT,,,M,,,4.6
2011,PT,KZAKM,,M,,KZAKM,5.3
2011,PT,KZAKT,,M,,KZAKT,3.5
2011,PT,KZALM,,M,,KZALM,5.1
2011,PT,KZATY,,M,,KZATY,4.2
2011,PT,KZZAP,,M,,KZZAP,4.9
2011,PT,KZZHA,,M,,KZZHA,4.9
2011,PT,KZKAR,,M,,KZKAR,3.7
2011,PT,KZKUS,,M,,KZKUS,4.8
2011,PT,KZKZY,,M,,KZKZY,5.2
2011,PT,KZMAN,,M,,KZMAN,5.4
2011,PT,KZONT,,M,,KZONT,5.1
2011,PT,KZPAV,,M,,KZPAV,4.4
2011,PT,KZSEV,,M,,KZSEV,5.3
2011,PT,KZVOS,,M,,KZVOS,3.7
2011,PT,KZNS,,M,,KZNS,4.0
2011,PT,KZALA,,M,,KZALA,4.4
2011,PT,,,F,,,6.2
2011,PT,KZAKM,,F,,KZAKM,5.6
2011,PT,KZAKT,,F,,KZAKT,6.2
2011,PT,KZALM,,F,,KZALM,5.0
2011,PT,KZATY,,F,,KZATY,5.9
2011,PT,KZZAP,,F,,KZZAP,5.8
2011,PT,KZZHA,,F,,KZZHA,6.1
2011,PT,KZKAR,,F,,KZKAR,6.8
2011,PT,KZKUS,,F,,KZKUS,5.9
2011,PT,KZKZY,,F,,KZKZY,5.8
2011,PT,KZMAN,,F,,KZMAN,6.3
2011,PT,KZONT,,F,,KZONT,6.4
2011,PT,KZPAV,,F,,KZPAV,6.0
2011,PT,KZSEV,,F,,KZSEV,5.6
2011,PT,KZVOS,,F,,KZVOS,6.8
2011,PT,KZNS,,F,,KZNS,7.8
2011,PT,KZALA,,F,,KZALA,6.7
2011,PT,,U,,,,5.8
2011,PT,KZAKM,U,,,KZAKM,5.2
2011,PT,KZAKT,U,,,KZAKT,4.7
2011,PT,KZALM,U,,,KZALM,6.0
2011,PT,KZATY,U,,,KZATY,5.2
2011,PT,KZZAP,U,,,KZZAP,4.9
2011,PT,KZZHA,U,,,KZZHA,6.8
2011,PT,KZKAR,U,,,KZKAR,5.3
2011,PT,KZKUS,U,,,KZKUS,7.4
2011,PT,KZKZY,U,,,KZKZY,5.1
2011,PT,KZMAN,U,,,KZMAN,4.9
2011,PT,KZONT,U,,,KZONT,6.7
2011,PT,KZPAV,U,,,KZPAV,5.8
2011,PT,KZSEV,U,,,KZSEV,5.8
2011,PT,KZVOS,U,,,KZVOS,5.7
2011,PT,KZNS,U,,,KZNS,5.8
2011,PT,KZALA,U,,,KZALA,5.6
2011,PT,,R,,,,4.9
2011,PT,KZAKM,R,,,KZAKM,5.7
2011,PT,KZAKT,R,,,KZAKT,5.0
2011,PT,KZALM,R,,,KZALM,4.8
2011,PT,KZATY,R,,,KZATY,4.9
2011,PT,KZZAP,R,,,KZZAP,5.6
2011,PT,KZZHA,R,,,KZZHA,4.6
2011,PT,KZKAR,R,,,KZKAR,5.1
2011,PT,KZKUS,R,,,KZKUS,3.5
2011,PT,KZKZY,R,,,KZKZY,5.8
2011,PT,KZMAN,R,,,KZMAN,7.2
2011,PT,KZONT,R,,,KZONT,5.1
2011,PT,KZPAV,R,,,KZPAV,4.1
2011,PT,KZSEV,R,,,KZSEV,5.2
2011,PT,KZVOS,R,,,KZVOS,4.6
2011,PT,,,,Y16T24,,4.6
2011,PT,,,,M25T28,,7.8
2011,PT,,,,M29T34,,6.6
2011,PT,,,,Y35T44,,4.7
2011,PT,,,,Y45T54,,4.5
2011,PT,,,,Y55T64,,5.3
2011,PT,KZAKM,,,Y16T24,KZAKM,4.8
2011,PT,KZAKM,,,M25T28,KZAKM,6.0
2011,PT,KZAKM,,,M29T34,KZAKM,5.2
2011,PT,KZAKM,,,Y35T44,KZAKM,5.8
2011,PT,KZAKM,,,Y45T54,KZAKM,5.5
2011,PT,KZAKM,,,Y55T64,KZAKM,6.0
2011,PT,KZAKT,,,Y16T24,KZAKT,2.1
2011,PT,KZAKT,,,M25T28,KZAKT,7.5
2011,PT,KZAKT,,,M29T34,KZAKT,6.7
2011,PT,KZAKT,,,Y35T44,KZAKT,5.4
2011,PT,KZAKT,,,Y45T54,KZAKT,3.2
2011,PT,KZAKT,,,Y55T64,KZAKT,3.4
2011,PT,KZALM,,,Y16T24,KZALM,2.1
2011,PT,KZALM,,,M25T28,KZALM,6.2
2011,PT,KZALM,,,M29T34,KZALM,8.0
2011,PT,KZALM,,,Y35T44,KZALM,3.4
2011,PT,KZALM,,,Y45T54,KZALM,4.0
2011,PT,KZALM,,,Y55T64,KZALM,10.2
2011,PT,KZATY,,,Y16T24,KZATY,0.8
2011,PT,KZATY,,,M25T28,KZATY,9.2
2011,PT,KZATY,,,M29T34,KZATY,8.1
2011,PT,KZATY,,,Y35T44,KZATY,3.1
2011,PT,KZATY,,,Y45T54,KZATY,4.2
2011,PT,KZATY,,,Y55T64,KZATY,7.8
2011,PT,KZZAP,,,Y16T24,KZZAP,5.5
2011,PT,KZZAP,,,M25T28,KZZAP,4.4
2011,PT,KZZAP,,,M29T34,KZZAP,6.4
2011,PT,KZZAP,,,Y35T44,KZZAP,5.9
2011,PT,KZZAP,,,Y45T54,KZZAP,5.2
2011,PT,KZZAP,,,Y55T64,KZZAP,2.7
2011,PT,KZZHA,,,Y16T24,KZZHA,5.6
2011,PT,KZZHA,,,M25T28,KZZHA,7.8
2011,PT,KZZHA,,,M29T34,KZZHA,6.6
2011,PT,KZZHA,,,Y35T44,KZZHA,5.1
2011,PT,KZZHA,,,Y45T54,KZZHA,3.7
2011,PT,KZZHA,,,Y55T64,KZZHA,5.4
2011,PT,KZKAR,,,Y16T24,KZKAR,5.0
2011,PT,KZKAR,,,M25T28,KZKAR,7.7
2011,PT,KZKAR,,,M29T34,KZKAR,5.2
2011,PT,KZKAR,,,Y35T44,KZKAR,4.4
2011,PT,KZKAR,,,Y45T54,KZKAR,6.0
2011,PT,KZKAR,,,Y55T64,KZKAR,3.6
2011,PT,KZKUS,,,Y16T24,KZKUS,5.0
2011,PT,KZKUS,,,M25T28,KZKUS,11.0
2011,PT,KZKUS,,,M29T34,KZKUS,6.7
2011,PT,KZKUS,,,Y35T44,KZKUS,4.7
2011,PT,KZKUS,,,Y45T54,KZKUS,4.1
2011,PT,KZKUS,,,Y55T64,KZKUS,3.5
2011,PT,KZKZY,,,Y16T24,KZKZY,6.8
2011,PT,KZKZY,,,M25T28,KZKZY,6.4
2011,PT,KZKZY,,,M29T34,KZKZY,4.9
2011,PT,KZKZY,,,Y35T44,KZKZY,5.2
2011,PT,KZKZY,,,Y45T54,KZKZY,4.3
2011,PT,KZKZY,,,Y55T64,KZKZY,7.3
2011,PT,KZMAN,,,Y16T24,KZMAN,6.2
2011,PT,KZMAN,,,M25T28,KZMAN,9.2
2011,PT,KZMAN,,,M29T34,KZMAN,6.1
2011,PT,KZMAN,,,Y35T44,KZMAN,4.0
2011,PT,KZMAN,,,Y45T54,KZMAN,5.3
2011,PT,KZMAN,,,Y55T64,KZMAN,7.4
2011,PT,KZONT,,,Y16T24,KZONT,1.8
2011,PT,KZONT,,,M25T28,KZONT,9.3
2011,PT,KZONT,,,M29T34,KZONT,9.8
2011,PT,KZONT,,,Y35T44,KZONT,4.7
2011,PT,KZONT,,,Y45T54,KZONT,4.0
2011,PT,KZONT,,,Y55T64,KZONT,3.6
2011,PT,KZPAV,,,Y16T24,KZPAV,4.6
2011,PT,KZPAV,,,M25T28,KZPAV,9.0
2011,PT,KZPAV,,,M29T34,KZPAV,4.5
2011,PT,KZPAV,,,Y35T44,KZPAV,4.0
2011,PT,KZPAV,,,Y45T54,KZPAV,5.3
2011,PT,KZPAV,,,Y55T64,KZPAV,5.5
2011,PT,KZSEV,,,Y16T24,KZSEV,5.8
2011,PT,KZSEV,,,M25T28,KZSEV,9.0
2011,PT,KZSEV,,,M29T34,KZSEV,6.4
2011,PT,KZSEV,,,Y35T44,KZSEV,4.0
2011,PT,KZSEV,,,Y45T54,KZSEV,5.1
2011,PT,KZSEV,,,Y55T64,KZSEV,4.9
2011,PT,KZVOS,,,Y16T24,KZVOS,9.2
2011,PT,KZVOS,,,M25T28,KZVOS,5.0
2011,PT,KZVOS,,,M29T34,KZVOS,5.9
2011,PT,KZVOS,,,Y35T44,KZVOS,4.1
2011,PT,KZVOS,,,Y45T54,KZVOS,4.0
2011,PT,KZVOS,,,Y55T64,KZVOS,4.4
2011,PT,KZNS,,,Y16T24,KZNS,9.0
2011,PT,KZNS,,,M25T28,KZNS,8.2
2011,PT,KZNS,,,M29T34,KZNS,4.5
2011,PT,KZNS,,,Y35T44,KZNS,6.2
2011,PT,KZNS,,,Y45T54,KZNS,4.6
2011,PT,KZNS,,,Y55T64,KZNS,3.3
2011,PT,KZALA,,,Y16T24,KZALA,6.6
2011,PT,KZALA,,,M25T28,KZALA,7.3
2011,PT,KZALA,,,M29T34,KZALA,5.6
2011,PT,KZALA,,,Y35T44,KZALA,5.4
2011,PT,KZALA,,,Y45T54,KZALA,4.9
2011,PT,KZALA,,,Y55T64,KZALA,4.1
2012,PT,,,,,,5.3
2012,PT,KZAKM,,,,KZAKM,5.3
2012,PT,KZAKT,,,,KZAKT,5.0
2012,PT,KZALM,,,,KZALM,5.0
2012,PT,KZATY,,,,KZATY,5.0
2012,PT,KZZAP,,,,KZZAP,5.1
2012,PT,KZZHA,,,,KZZHA,5.4
2012,PT,KZKAR,,,,KZKAR,5.1
2012,PT,KZKUS,,,,KZKUS,5.2
2012,PT,KZKZY,,,,KZKZY,5.3
2012,PT,KZMAN,,,,KZMAN,5.7
2012,PT,KZONT,,,,KZONT,5.6
2012,PT,KZPAV,,,,KZPAV,4.9
2012,PT,KZSEV,,,,KZSEV,5.2
2012,PT,KZVOS,,,,KZVOS,5.1
2012,PT,KZNS,,,,KZNS,5.7
2012,PT,KZALA,,,,KZALA,5.6
2012,PT,,,M,,,4.1
2012,PT,KZAKM,,M,,KZAKM,4.0
2012,PT,KZAKT,,M,,KZAKT,2.9
2012,PT,KZALM,,M,,KZALM,3.6
2012,PT,KZATY,,M,,KZATY,3.9
2012,PT,KZZAP,,M,,KZZAP,5.2
2012,PT,KZZHA,,M,,KZZHA,5.3
2012,PT,KZKAR,,M,,KZKAR,3.7
2012,PT,KZKUS,,M,,KZKUS,4.2
2012,PT,KZKZY,,M,,KZKZY,4.0
2012,PT,KZMAN,,M,,KZMAN,5.0
2012,PT,KZONT,,M,,KZONT,4.4
2012,PT,KZPAV,,M,,KZPAV,4.1
2012,PT,KZSEV,,M,,KZSEV,4.1
2012,PT,KZVOS,,M,,KZVOS,4.5
2012,PT,KZNS,,M,,KZNS,5.5
2012,PT,KZALA,,M,,KZALA,3.0
2012,PT,,,F,,,6.5
2012,PT,KZAKM,,F,,KZAKM,6.6
2012,PT,KZAKT,,F,,KZAKT,6.9
2012,PT,KZALM,,F,,KZALM,6.5
2012,PT,KZATY,,F,,KZATY,6.1
2012,PT,KZZAP,,F,,KZZAP,5.1
2012,PT,KZZHA,,F,,KZZHA,5.6
2012,PT,KZKAR,,F,,KZKAR,6.6
2012,PT,KZKUS,,F,,KZKUS,6.3
2012,PT,KZKZY,,F,,KZKZY,6.8
2012,PT,KZMAN,,F,,KZMAN,6.5
2012,PT,KZONT,,F,,KZONT,7.0
2012,PT,KZPAV,,F,,KZPAV,5.8
2012,PT,KZSEV,,F,,KZSEV,6.3
2012,PT,KZVOS,,F,,KZVOS,5.7
2012,PT,KZNS,,F,,KZNS,5.9
2012,PT,KZALA,,F,,KZALA,8.0
2012,PT,,U,,,,5.6
2012,PT,KZAKM,U,,,KZAKM,4.8
2012,PT,KZAKT,U,,,KZAKT,5.4
2012,PT,KZALM,U,,,KZALM,4.4
2012,PT,KZATY,U,,,KZATY,4.4
2012,PT,KZZAP,U,,,KZZAP,5.0
2012,PT,KZZHA,U,,,KZZHA,6.8
2012,PT,KZKAR,U,,,KZKAR,5.1
2012,PT,KZKUS,U,,,KZKUS,7.1
2012,PT,KZKZY,U,,,KZKZY,5.0
2012,PT,KZMAN,U,,,KZMAN,4.8
2012,PT,KZONT,U,,,KZONT,6.5
2012,PT,KZPAV,U,,,KZPAV,5.5
2012,PT,KZSEV,U,,,KZSEV,5.6
2012,PT,KZVOS,U,,,KZVOS,5.5
2012,PT,KZNS,U,,,KZNS,5.7
2012,PT,KZALA,U,,,KZALA,5.6
2012,PT,,R,,,,5.0
2012,PT,KZAKM,R,,,KZAKM,5.8
2012,PT,KZAKT,R,,,KZAKT,4.2
2012,PT,KZALM,R,,,KZALM,5.2
2012,PT,KZATY,R,,,KZATY,5.5
2012,PT,KZZAP,R,,,KZZAP,5.2
2012,PT,KZZHA,R,,,KZZHA,4.6
2012,PT,KZKAR,R,,,KZKAR,5.3
2012,PT,KZKUS,R,,,KZKUS,3.5
2012,PT,KZKZY,R,,,KZKZY,5.6
2012,PT,KZMAN,R,,,KZMAN,6.7
2012,PT,KZONT,R,,,KZONT,5.1
2012,PT,KZPAV,R,,,KZPAV,3.9
2012,PT,KZSEV,R,,,KZSEV,5.0
2012,PT,KZVOS,R,,,KZVOS,4.5
2012,PT,,,,Y16T24,,4.0
2012,PT,,,,M25T28,,7.0
2012,PT,,,,M29T34,,6.0
2012,PT,,,,Y35T44,,5.1
2012,PT,,,,Y45T54,,4.9
2012,PT,,,,Y55T64,,5.1
2012,PT,KZAKM,,,Y16T24,KZAKM,3.7
2012,PT,KZAKM,,,M25T28,KZAKM,7.0
2012,PT,KZAKM,,,M29T34,KZAKM,7.4
2012,PT,KZAKM,,,Y35T44,KZAKM,4.8
2012,PT,KZAKM,,,Y45T54,KZAKM,4.3
2012,PT,KZAKM,,,Y55T64,KZAKM,6.0
2012,PT,KZAKT,,,Y16T24,KZAKT,2.3
2012,PT,KZAKT,,,M25T28,KZAKT,6.8
2012,PT,KZAKT,,,M29T34,KZAKT,7.2
2012,PT,KZAKT,,,Y35T44,KZAKT,4.0
2012,PT,KZAKT,,,Y45T54,KZAKT,4.1
2012,PT,KZAKT,,,Y55T64,KZAKT,3.8
2012,PT,KZALM,,,Y16T24,KZALM,1.9
2012,PT,KZALM,,,M25T28,KZALM,6.0
2012,PT,KZALM,,,M29T34,KZALM,4.7
2012,PT,KZALM,,,Y35T44,KZALM,6.3
2012,PT,KZALM,,,Y45T54,KZALM,5.4
2012,PT,KZALM,,,Y55T64,KZALM,6.5
2012,PT,KZATY,,,Y16T24,KZATY,1.0
2012,PT,KZATY,,,M25T28,KZATY,6.8
2012,PT,KZATY,,,M29T34,KZATY,5.9
2012,PT,KZATY,,,Y35T44,KZATY,3.5
2012,PT,KZATY,,,Y45T54,KZATY,5.8
2012,PT,KZATY,,,Y55T64,KZATY,10.3
2012,PT,KZZAP,,,Y16T24,KZZAP,5.0
2012,PT,KZZAP,,,M25T28,KZZAP,9.2
2012,PT,KZZAP,,,M29T34,KZZAP,6.7
2012,PT,KZZAP,,,Y35T44,KZZAP,4.5
2012,PT,KZZAP,,,Y45T54,KZZAP,3.9
2012,PT,KZZAP,,,Y55T64,KZZAP,4.8
2012,PT,KZZHA,,,Y16T24,KZZHA,5.6
2012,PT,KZZHA,,,M25T28,KZZHA,10.9
2012,PT,KZZHA,,,M29T34,KZZHA,2.8
2012,PT,KZZHA,,,Y35T44,KZZHA,3.7
2012,PT,KZZHA,,,Y45T54,KZZHA,3.8
2012,PT,KZZHA,,,Y55T64,KZZHA,9.6
2012,PT,KZKAR,,,Y16T24,KZKAR,4.8
2012,PT,KZKAR,,,M25T28,KZKAR,5.4
2012,PT,KZKAR,,,M29T34,KZKAR,6.2
2012,PT,KZKAR,,,Y35T44,KZKAR,5.6
2012,PT,KZKAR,,,Y45T54,KZKAR,5.6
2012,PT,KZKAR,,,Y55T64,KZKAR,2.1
2012,PT,KZKUS,,,Y16T24,KZKUS,5.2
2012,PT,KZKUS,,,M25T28,KZKUS,7.3
2012,PT,KZKUS,,,M29T34,KZKUS,5.7
2012,PT,KZKUS,,,Y35T44,KZKUS,6.8
2012,PT,KZKUS,,,Y45T54,KZKUS,4.5
2012,PT,KZKUS,,,Y55T64,KZKUS,2.5
2012,PT,KZKZY,,,Y16T24,KZKZY,6.9
2012,PT,KZKZY,,,M25T28,KZKZY,5.9
2012,PT,KZKZY,,,M29T34,KZKZY,5.5
2012,PT,KZKZY,,,Y35T44,KZKZY,4.9
2012,PT,KZKZY,,,Y45T54,KZKZY,3.9
2012,PT,KZKZY,,,Y55T64,KZKZY,7.2
2012,PT,KZMAN,,,Y16T24,KZMAN,4.3
2012,PT,KZMAN,,,M25T28,KZMAN,4.8
2012,PT,KZMAN,,,M29T34,KZMAN,9.5
2012,PT,KZMAN,,,Y35T44,KZMAN,4.5
2012,PT,KZMAN,,,Y45T54,KZMAN,4.5
2012,PT,KZMAN,,,Y55T64,KZMAN,4.4
2012,PT,KZONT,,,Y16T24,KZONT,0.9
2012,PT,KZONT,,,M25T28,KZONT,9.3
2012,PT,KZONT,,,M29T34,KZONT,8.2
2012,PT,KZONT,,,Y35T44,KZONT,4.8
2012,PT,KZONT,,,Y45T54,KZONT,5.8
2012,PT,KZONT,,,Y55T64,KZONT,3.6
2012,PT,KZPAV,,,Y16T24,KZPAV,4.1
2012,PT,KZPAV,,,M25T28,KZPAV,6.2
2012,PT,KZPAV,,,M29T34,KZPAV,2.9
2012,PT,KZPAV,,,Y35T44,KZPAV,4.6
2012,PT,KZPAV,,,Y45T54,KZPAV,5.4
2012,PT,KZPAV,,,Y55T64,KZPAV,7.6
2012,PT,KZSEV,,,Y16T24,KZSEV,4.3
2012,PT,KZSEV,,,M25T28,KZSEV,8.9
2012,PT,KZSEV,,,M29T34,KZSEV,3.9
2012,PT,KZSEV,,,Y35T44,KZSEV,5.9
2012,PT,KZSEV,,,Y45T54,KZSEV,5.0
2012,PT,KZSEV,,,Y55T64,KZSEV,4.8
2012,PT,KZVOS,,,Y16T24,KZVOS,5.7
2012,PT,KZVOS,,,M25T28,KZVOS,6.3
2012,PT,KZVOS,,,M29T34,KZVOS,8.7
2012,PT,KZVOS,,,Y35T44,KZVOS,4.5
2012,PT,KZVOS,,,Y45T54,KZVOS,3.0
2012,PT,KZVOS,,,Y55T64,KZVOS,2.5
2012,PT,KZNS,,,Y16T24,KZNS,8.9
2012,PT,KZNS,,,M25T28,KZNS,5.2
2012,PT,KZNS,,,M29T34,KZNS,5.9
2012,PT,KZNS,,,Y35T44,KZNS,4.3
2012,PT,KZNS,,,Y45T54,KZNS,5.3
2012,PT,KZNS,,,Y55T64,KZNS,4.7
2012,PT,KZALA,,,Y16T24,KZALA,6.0
2012,PT,KZALA,,,M25T28,KZALA,4.9
2012,PT,KZALA,,,M29T34,KZALA,3.7
2012,PT,KZALA,,,Y35T44,KZALA,6.8
2012,PT,KZALA,,,Y45T54,KZALA,6.7
2012,PT,KZALA,,,Y55T64,KZALA,5.6
2013,PT,,,,,,5.2
2013,PT,KZAKM,,,,KZAKM,5.2
2013,PT,KZAKT,,,,KZAKT,4.9
2013,PT,KZALM,,,,KZALM,4.9
2013,PT,KZATY,,,,KZATY,5.0
2013,PT,KZZAP,,,,KZZAP,5.1
2013,PT,KZZHA,,,,KZZHA,5.2
2013,PT,KZKAR,,,,KZKAR,5.0
2013,PT,KZKUS,,,,KZKUS,5.2
2013,PT,KZKZY,,,,KZKZY,5.2
2013,PT,KZMAN,,,,KZMAN,5.5
2013,PT,KZONT,,,,KZONT,5.5
2013,PT,KZPAV,,,,KZPAV,5.0
2013,PT,KZSEV,,,,KZSEV,5.1
2013,PT,KZVOS,,,,KZVOS,5.1
2013,PT,KZNS,,,,KZNS,5.5
2013,PT,KZALA,,,,KZALA,5.6
2013,PT,,,M,,,4.6
2013,PT,KZAKM,,M,,KZAKM,4.7
2013,PT,KZAKT,,M,,KZAKT,3.3
2013,PT,KZALM,,M,,KZALM,5.9
2013,PT,KZATY,,M,,KZATY,4.7
2013,PT,KZZAP,,M,,KZZAP,4.2
2013,PT,KZZHA,,M,,KZZHA,5.1
2013,PT,KZKAR,,M,,KZKAR,4.8
2013,PT,KZKUS,,M,,KZKUS,4.4
2013,PT,KZKZY,,M,,KZKZY,4.1
2013,PT,KZMAN,,M,,KZMAN,2.7
2013,PT,KZONT,,M,,KZONT,3.9
2013,PT,KZPAV,,M,,KZPAV,4.2
2013,PT,KZSEV,,M,,KZSEV,5.1
2013,PT,KZVOS,,M,,KZVOS,4.7
2013,PT,KZNS,,M,,KZNS,4.7
2013,PT,KZALA,,M,,KZALA,4.7
2013,PT,,,F,,,5.9
2013,PT,KZAKM,,F,,KZAKM,5.6
2013,PT,KZAKT,,F,,KZAKT,6.6
2013,PT,KZALM,,F,,KZALM,3.9
2013,PT,KZATY,,F,,KZATY,5.3
2013,PT,KZZAP,,F,,KZZAP,6.0
2013,PT,KZZHA,,F,,KZZHA,5.3
2013,PT,KZKAR,,F,,KZKAR,5.2
2013,PT,KZKUS,,F,,KZKUS,5.9
2013,PT,KZKZY,,F,,KZKZY,6.4
2013,PT,KZMAN,,F,,KZMAN,8.8
2013,PT,KZONT,,F,,KZONT,7.4
2013,PT,KZPAV,,F,,KZPAV,5.8
2013,PT,KZSEV,,F,,KZSEV,5.1
2013,PT,KZVOS,,F,,KZVOS,5.4
2013,PT,KZNS,,F,,KZNS,6.3
2013,PT,KZALA,,F,,KZALA,6.5
2013,PT,,U,,,,5.4
2013,PT,KZAKM,U,,,KZAKM,4.8
2013,PT,KZAKT,U,,,KZAKT,5.4
2013,PT,KZALM,U,,,KZALM,4.7
2013,PT,KZATY,U,,,KZATY,4.7
2013,PT,KZZAP,U,,,KZZAP,4.9
2013,PT,KZZHA,U,,,KZZHA,6.5
2013,PT,KZKAR,U,,,KZKAR,4.9
2013,PT,KZKUS,U,,,KZKUS,6.7
2013,PT,KZKZY,U,,,KZKZY,5.0
2013,PT,KZMAN,U,,,KZMAN,4.9
2013,PT,KZONT,U,,,KZONT,6.1
2013,PT,KZPAV,U,,,KZPAV,5.4
2013,PT,KZSEV,U,,,KZSEV,5.1
2013,PT,KZVOS,U,,,KZVOS,5.4
2013,PT,KZNS,U,,,KZNS,5.5
2013,PT,KZALA,U,,,KZALA,5.6
2013,PT,,R,,,,4.9
2013,PT,KZAKM,R,,,KZAKM,5.5
2013,PT,KZAKT,R,,,KZAKT,4.2
2013,PT,KZALM,R,,,KZALM,5.0
2013,PT,KZATY,R,,,KZATY,5.3
2013,PT,KZZAP,R,,,KZZAP,5.2
2013,PT,KZZHA,R,,,KZZHA,4.4
2013,PT,KZKAR,R,,,KZKAR,5.2
2013,PT,KZKUS,R,,,KZKUS,3.7
2013,PT,KZKZY,R,,,KZKZY,5.3
2013,PT,KZMAN,R,,,KZMAN,6.3
2013,PT,KZONT,R,,,KZONT,5.2
2013,PT,KZPAV,R,,,KZPAV,4.2
2013,PT,KZSEV,R,,,KZSEV,5.0
2013,PT,KZVOS,R,,,KZVOS,4.6
2013,PT,,,,Y16T24,,3.9
2013,PT,,,,M25T28,,7.1
2013,PT,,,,M29T34,,7.0
2013,PT,,,,Y35T44,,4.8
2013,PT,,,,Y45T54,,4.3
2013,PT,,,,Y55T64,,4.2
2013,PT,KZAKM,,,Y16T24,KZAKM,3.8
2013,PT,KZAKM,,,M25T28,KZAKM,6.6
2013,PT,KZAKM,,,M29T34,KZAKM,3.5
2013,PT,KZAKM,,,Y35T44,KZAKM,5.9
2013,PT,KZAKM,,,Y45T54,KZAKM,4.6
2013,PT,KZAKM,,,Y55T64,KZAKM,6.9
2013,PT,KZAKT,,,Y16T24,KZAKT,2.5
2013,PT,KZAKT,,,M25T28,KZAKT,3.8
2013,PT,KZAKT,,,M29T34,KZAKT,4.8
2013,PT,KZAKT,,,Y35T44,KZAKT,6.2
2013,PT,KZAKT,,,Y45T54,KZAKT,7.0
2013,PT,KZAKT,,,Y55T64,KZAKT,0.4
2013,PT,KZALM,,,Y16T24,KZALM,2.4
2013,PT,KZALM,,,M25T28,KZALM,11.6
2013,PT,KZALM,,,M29T34,KZALM,11.7
2013,PT,KZALM,,,Y35T44,KZALM,2.2
2013,PT,KZALM,,,Y45T54,KZALM,1.7
2013,PT,KZALM,,,Y55T64,KZALM,0.1
2013,PT,KZATY,,,Y16T24,KZATY,1.0
2013,PT,KZATY,,,M25T28,KZATY,6.8
2013,PT,KZATY,,,M29T34,KZATY,6.8
2013,PT,KZATY,,,Y35T44,KZATY,4.1
2013,PT,KZATY,,,Y45T54,KZATY,6.4
2013,PT,KZATY,,,Y55T64,KZATY,5.6
2013,PT,KZZAP,,,Y16T24,KZZAP,4.5
2013,PT,KZZAP,,,M25T28,KZZAP,5.5
2013,PT,KZZAP,,,M29T34,KZZAP,6.5
2013,PT,KZZAP,,,Y35T44,KZZAP,5.6
2013,PT,KZZAP,,,Y45T54,KZZAP,4.7
2013,PT,KZZAP,,,Y55T64,KZZAP,3.7
2013,PT,KZZHA,,,Y16T24,KZZHA,5.2
2013,PT,KZZHA,,,M25T28,KZZHA,9.4
2013,PT,KZZHA,,,M29T34,KZZHA,3.2
2013,PT,KZZHA,,,Y35T44,KZZHA,3.7
2013,PT,KZZHA,,,Y45T54,KZZHA,3.4
2013,PT,KZZHA,,,Y55T64,KZZHA,9.3
2013,PT,KZKAR,,,Y16T24,KZKAR,5.2
2013,PT,KZKAR,,,M25T28,KZKAR,3.6
2013,PT,KZKAR,,,M29T34,KZKAR,8.3
2013,PT,KZKAR,,,Y35T44,KZKAR,5.1
2013,PT,KZKAR,,,Y45T54,KZKAR,4.0
2013,PT,KZKAR,,,Y55T64,KZKAR,3.1
2013,PT,KZKUS,,,Y16T24,KZKUS,4.6
2013,PT,KZKUS,,,M25T28,KZKUS,2.8
2013,PT,KZKUS,,,M29T34,KZKUS,6.5
2013,PT,KZKUS,,,Y35T44,KZKUS,5.8
2013,PT,KZKUS,,,Y45T54,KZKUS,6.2
2013,PT,KZKUS,,,Y55T64,KZKUS,3.3
2013,PT,KZKZY,,,Y16T24,KZKZY,6.7
2013,PT,KZKZY,,,M25T28,KZKZY,6.8
2013,PT,KZKZY,,,M29T34,KZKZY,4.6
2013,PT,KZKZY,,,Y35T44,KZKZY,4.6
2013,PT,KZKZY,,,Y45T54,KZKZY,4.5
2013,PT,KZKZY,,,Y55T64,KZKZY,3.9
2013,PT,KZMAN,,,Y16T24,KZMAN,7.9
2013,PT,KZMAN,,,M25T28,KZMAN,7.1
2013,PT,KZMAN,,,M29T34,KZMAN,4.1
2013,PT,KZMAN,,,Y35T44,KZMAN,3.4
2013,PT,KZMAN,,,Y45T54,KZMAN,6.7
2013,PT,KZMAN,,,Y55T64,KZMAN,7.1
2013,PT,KZONT,,,Y16T24,KZONT,1.0
2013,PT,KZONT,,,M25T28,KZONT,5.4
2013,PT,KZONT,,,M29T34,KZONT,10.4
2013,PT,KZONT,,,Y35T44,KZONT,4.6
2013,PT,KZONT,,,Y45T54,KZONT,4.8
2013,PT,KZONT,,,Y55T64,KZONT,5.1
2013,PT,KZPAV,,,Y16T24,KZPAV,3.6
2013,PT,KZPAV,,,M25T28,KZPAV,7.6
2013,PT,KZPAV,,,M29T34,KZPAV,4.7
2013,PT,KZPAV,,,Y35T44,KZPAV,4.4
2013,PT,KZPAV,,,Y45T54,KZPAV,4.9
2013,PT,KZPAV,,,Y55T64,KZPAV,5.5
2013,PT,KZSEV,,,Y16T24,KZSEV,3.7
2013,PT,KZSEV,,,M25T28,KZSEV,12.1
2013,PT,KZSEV,,,M29T34,KZSEV,5.6
2013,PT,KZSEV,,,Y35T44,KZSEV,5.9
2013,PT,KZSEV,,,Y45T54,KZSEV,3.4
2013,PT,KZSEV,,,Y55T64,KZSEV,3.1
2013,PT,KZVOS,,,Y16T24,KZVOS,3.7
2013,PT,KZVOS,,,M25T28,KZVOS,8.3
2013,PT,KZVOS,,,M29T34,KZVOS,8.6
2013,PT,KZVOS,,,Y35T44,KZVOS,4.7
2013,PT,KZVOS,,,Y45T54,KZVOS,2.7
2013,PT,KZVOS,,,Y55T64,KZVOS,2.5
2013,PT,KZNS,,,Y16T24,KZNS,7.7
2013,PT,KZNS,,,M25T28,KZNS,2.9
2013,PT,KZNS,,,M29T34,KZNS,3.0
2013,PT,KZNS,,,Y35T44,KZNS,8.2
2013,PT,KZNS,,,Y45T54,KZNS,5.9
2013,PT,KZNS,,,Y55T64,KZNS,6.4
2013,PT,KZALA,,,Y16T24,KZALA,5.9
2013,PT,KZALA,,,M25T28,KZALA,10.0
2013,PT,KZALA,,,M29T34,KZALA,4.9
2013,PT,KZALA,,,Y35T44,KZALA,5.4
2013,PT,KZALA,,,Y45T54,KZALA,3.6
2013,PT,KZALA,,,Y55T64,KZALA,4.1
2014,PT,,,,,,5.0
2014,PT,KZAKM,,,,KZAKM,4.9
2014,PT,KZAKT,,,,KZAKT,4.9
2014,PT,KZALM,,,,KZALM,4.9
2014,PT,KZATY,,,,KZATY,5.0
2014,PT,KZZAP,,,,KZZAP,5.0
2014,PT,KZZHA,,,,KZZHA,4.9
2014,PT,KZKAR,,,,KZKAR,4.9
2014,PT,KZKUS,,,,KZKUS,5.0
2014,PT,KZKZY,,,,KZKZY,5.0
2014,PT,KZMAN,,,,KZMAN,5.0
2014,PT,KZONT,,,,KZONT,5.4
2014,PT,KZPAV,,,,KZPAV,4.8
2014,PT,KZSEV,,,,KZSEV,5.0
2014,PT,KZVOS,,,,KZVOS,4.8
2014,PT,KZNS,,,,KZNS,5.1
2014,PT,KZALA,,,,KZALA,5.5
2014,PT,,,M,,,4.3
2014,PT,KZAKM,,M,,KZAKM,4.6
2014,PT,KZAKT,,M,,KZAKT,3.8
2014,PT,KZALM,,M,,KZALM,4.0
2014,PT,KZATY,,M,,KZATY,5.2
2014,PT,KZZAP,,M,,KZZAP,4.5
2014,PT,KZZHA,,M,,KZZHA,4.0
2014,PT,KZKAR,,M,,KZKAR,3.6
2014,PT,KZKUS,,M,,KZKUS,5.1
2014,PT,KZKZY,,M,,KZKZY,4.5
2014,PT,KZMAN,,M,,KZMAN,3.9
2014,PT,KZONT,,M,,KZONT,4.5
2014,PT,KZPAV,,M,,KZPAV,4.5
2014,PT,KZSEV,,M,,KZSEV,4.9
2014,PT,KZVOS,,M,,KZVOS,3.3
2014,PT,KZNS,,M,,KZNS,5.0
2014,PT,KZALA,,M,,KZALA,4.5
2014,PT,,,F,,,5.8
2014,PT,KZAKM,,F,,KZAKM,5.3
2014,PT,KZAKT,,F,,KZAKT,6.0
2014,PT,KZALM,,F,,KZALM,5.9
2014,PT,KZATY,,F,,KZATY,4.9
2014,PT,KZZAP,,F,,KZZAP,5.6
2014,PT,KZZHA,,F,,KZZHA,5.9
2014,PT,KZKAR,,F,,KZKAR,6.2
2014,PT,KZKUS,,F,,KZKUS,5.0
2014,PT,KZKZY,,F,,KZKZY,5.7
2014,PT,KZMAN,,F,,KZMAN,6.3
2014,PT,KZONT,,F,,KZONT,6.4
2014,PT,KZPAV,,F,,KZPAV,5.0
2014,PT,KZSEV,,F,,KZSEV,5.1
2014,PT,KZVOS,,F,,KZVOS,6.3
2014,PT,KZNS,,F,,KZNS,5.1
2014,PT,KZALA,,F,,KZALA,6.5
2014,PT,,U,,,,5.2
2014,PT,KZAKM,U,,,KZAKM,4.6
2014,PT,KZAKT,U,,,KZAKT,5.1
2014,PT,KZALM,U,,,KZALM,5.0
2014,PT,KZATY,U,,,KZATY,4.4
2014,PT,KZZAP,U,,,KZZAP,4.9
2014,PT,KZZHA,U,,,KZZHA,6.0
2014,PT,KZKAR,U,,,KZKAR,5.1
2014,PT,KZKUS,U,,,KZKUS,6.0
2014,PT,KZKZY,U,,,KZKZY,4.7
2014,PT,KZMAN,U,,,KZMAN,4.5
2014,PT,KZONT,U,,,KZONT,5.7
2014,PT,KZPAV,U,,,KZPAV,5.0
2014,PT,KZSEV,U,,,KZSEV,4.7
2014,PT,KZVOS,U,,,KZVOS,4.8
2014,PT,KZNS,U,,,KZNS,5.1
2014,PT,KZALA,U,,,KZALA,5.5
2014,PT,,R,,,,4.9
2014,PT,KZAKM,R,,,KZAKM,5.3
2014,PT,KZAKT,R,,,KZAKT,4.5
2014,PT,KZALM,R,,,KZALM,4.8
2014,PT,KZATY,R,,,KZATY,5.6
2014,PT,KZZAP,R,,,KZZAP,5.1
2014,PT,KZZHA,R,,,KZZHA,4.1
2014,PT,KZKAR,R,,,KZKAR,4.1
2014,PT,KZKUS,R,,,KZKUS,4.0
2014,PT,KZKZY,R,,,KZKZY,5.2
2014,PT,KZMAN,R,,,KZMAN,5.6
2014,PT,KZONT,R,,,KZONT,5.3
2014,PT,KZPAV,R,,,KZPAV,4.2
2014,PT,KZSEV,R,,,KZSEV,5.2
2014,PT,KZVOS,R,,,KZVOS,4.7
2014,PT,,,,Y16T24,,3.8
2014,PT,,,,M25T28,,4.7
2014,PT,,,,M29T34,,7.4
2014,PT,,,,Y35T44,,4.6
2014,PT,,,,Y45T54,,4.6
2014,PT,,,,Y55T64,,5.1
2014,PT,KZAKM,,,Y16T24,KZAKM,3.8
2014,PT,KZAKM,,,M25T28,KZAKM,2.2
2014,PT,KZAKM,,,M29T34,KZAKM,5.9
2014,PT,KZAKM,,,Y35T44,KZAKM,4.9
2014,PT,KZAKM,,,Y45T54,KZAKM,6.2
2014,PT,KZAKM,,,Y55T64,KZAKM,5.5
2014,PT,KZAKT,,,Y16T24,KZAKT,3.0
2014,PT,KZAKT,,,M25T28,KZAKT,3.3
2014,PT,KZAKT,,,M29T34,KZAKT,6.1
2014,PT,KZAKT,,,Y35T44,KZAKT,6.1
2014,PT,KZAKT,,,Y45T54,KZAKT,5.3
2014,PT,KZAKT,,,Y55T64,KZAKT,1.8
2014,PT,KZALM,,,Y16T24,KZALM,3.0
2014,PT,KZALM,,,M25T28,KZALM,3.5
2014,PT,KZALM,,,M29T34,KZALM,9.4
2014,PT,KZALM,,,Y35T44,KZALM,4.6
2014,PT,KZALM,,,Y45T54,KZALM,4.2
2014,PT,KZALM,,,Y55T64,KZALM,8.0
2014,PT,KZATY,,,Y16T24,KZATY,1.3
2014,PT,KZATY,,,M25T28,KZATY,4.9
2014,PT,KZATY,,,M29T34,KZATY,6.2
2014,PT,KZATY,,,Y35T44,KZATY,5.6
2014,PT,KZATY,,,Y45T54,KZATY,5.5
2014,PT,KZATY,,,Y55T64,KZATY,5.8
2014,PT,KZZAP,,,Y16T24,KZZAP,4.1
2014,PT,KZZAP,,,M25T28,KZZAP,4.7
2014,PT,KZZAP,,,M29T34,KZZAP,7.4
2014,PT,KZZAP,,,Y35T44,KZZAP,4.4
2014,PT,KZZAP,,,Y45T54,KZZAP,5.5
2014,PT,KZZAP,,,Y55T64,KZZAP,4.6
2014,PT,KZZHA,,,Y16T24,KZZHA,4.8
2014,PT,KZZHA,,,M25T28,KZZHA,5.7
2014,PT,KZZHA,,,M29T34,KZZHA,5.9
2014,PT,KZZHA,,,Y35T44,KZZHA,3.4
2014,PT,KZZHA,,,Y45T54,KZZHA,4.6
2014,PT,KZZHA,,,Y55T64,KZZHA,7.2
2014,PT,KZKAR,,,Y16T24,KZKAR,5.1
2014,PT,KZKAR,,,M25T28,KZKAR,3.6
2014,PT,KZKAR,,,M29T34,KZKAR,6.9
2014,PT,KZKAR,,,Y35T44,KZKAR,4.8
2014,PT,KZKAR,,,Y45T54,KZKAR,4.8
2014,PT,KZKAR,,,Y55T64,KZKAR,3.3
2014,PT,KZKUS,,,Y16T24,KZKUS,3.8
2014,PT,KZKUS,,,M25T28,KZKUS,3.5
2014,PT,KZKUS,,,M29T34,KZKUS,10.0
2014,PT,KZKUS,,,Y35T44,KZKUS,5.2
2014,PT,KZKUS,,,Y45T54,KZKUS,3.6
2014,PT,KZKUS,,,Y55T64,KZKUS,2.5
2014,PT,KZKZY,,,Y16T24,KZKZY,5.8
2014,PT,KZKZY,,,M25T28,KZKZY,3.9
2014,PT,KZKZY,,,M29T34,KZKZY,7.3
2014,PT,KZKZY,,,Y35T44,KZKZY,5.0
2014,PT,KZKZY,,,Y45T54,KZKZY,3.6
2014,PT,KZKZY,,,Y55T64,KZKZY,2.6
2014,PT,KZMAN,,,Y16T24,KZMAN,6.4
2014,PT,KZMAN,,,M25T28,KZMAN,4.9
2014,PT,KZMAN,,,M29T34,KZMAN,9.4
2014,PT,KZMAN,,,Y35T44,KZMAN,2.5
2014,PT,KZMAN,,,Y45T54,KZMAN,2.3
2014,PT,KZMAN,,,Y55T64,KZMAN,5.1
2014,PT,KZONT,,,Y16T24,KZONT,1.5
2014,PT,KZONT,,,M25T28,KZONT,4.1
2014,PT,KZONT,,,M29T34,KZONT,9.8
2014,PT,KZONT,,,Y35T44,KZONT,4.9
2014,PT,KZONT,,,Y45T54,KZONT,5.9
2014,PT,KZONT,,,Y55T64,KZONT,4.7
2014,PT,KZPAV,,,Y16T24,KZPAV,2.3
2014,PT,KZPAV,,,M25T28,KZPAV,3.0
2014,PT,KZPAV,,,M29T34,KZPAV,6.7
2014,PT,KZPAV,,,Y35T44,KZPAV,4.4
2014,PT,KZPAV,,,Y45T54,KZPAV,5.5
2014,PT,KZPAV,,,Y55T64,KZPAV,5.2
2014,PT,KZSEV,,,Y16T24,KZSEV,5.0
2014,PT,KZSEV,,,M25T28,KZSEV,2.7
2014,PT,KZSEV,,,M29T34,KZSEV,8.8
2014,PT,KZSEV,,,Y35T44,KZSEV,5.7
2014,PT,KZSEV,,,Y45T54,KZSEV,4.0
2014,PT,KZSEV,,,Y55T64,KZSEV,3.3
2014,PT,KZVOS,,,Y16T24,KZVOS,3.9
2014,PT,KZVOS,,,M25T28,KZVOS,4.8
2014,PT,KZVOS,,,M29T34,KZVOS,7.9
2014,PT,KZVOS,,,Y35T44,KZVOS,4.2
2014,PT,KZVOS,,,Y45T54,KZVOS,3.4
2014,PT,KZVOS,,,Y55T64,KZVOS,4.2
2014,PT,KZNS,,,Y16T24,KZNS,8.0
2014,PT,KZNS,,,M25T28,KZNS,5.3
2014,PT,KZNS,,,M29T34,KZNS,4.4
2014,PT,KZNS,,,Y35T44,KZNS,5.0
2014,PT,KZNS,,,Y45T54,KZNS,4.3
2014,PT,KZNS,,,Y55T64,KZNS,3.6
2014,PT,KZALA,,,Y16T24,KZALA,5.6
2014,PT,KZALA,,,M25T28,KZALA,12.7
2014,PT,KZALA,,,M29T34,KZALA,4.5
2014,PT,KZALA,,,Y35T44,KZALA,3.4
2014,PT,KZALA,,,Y45T54,KZALA,4.0
2014,PT,KZALA,,,Y55T64,KZALA,9.1
2015,PT,,,,,,5.1
2015,PT,KZAKM,,,,KZAKM,5.1
2015,PT,KZAKT,,,,KZAKT,5.1
2015,PT,KZALM,,,,KZALM,5.0
2015,PT,KZATY,,,,KZATY,5.0
2015,PT,KZZAP,,,,KZZAP,5.1
2015,PT,KZZHA,,,,KZZHA,5.1
2015,PT,KZKAR,,,,KZKAR,5.3
2015,PT,KZKUS,,,,KZKUS,5.1
2015,PT,KZKZY,,,,KZKZY,5.1
2015,PT,KZMAN,,,,KZMAN,5.1
2015,PT,KZONT,,,,KZONT,5.3
2015,PT,KZPAV,,,,KZPAV,4.9
2015,PT,KZSEV,,,,KZSEV,5.1
2015,PT,KZVOS,,,,KZVOS,5.0
2015,PT,KZNS,,,,KZNS,4.7
2015,PT,KZALA,,,,KZALA,5.3
2015,PT,,,M,,,4.4
2015,PT,KZAKM,,M,,KZAKM,5.0
2015,PT,KZAKT,,M,,KZAKT,4.3
2015,PT,KZALM,,M,,KZALM,4.0
2015,PT,KZATY,,M,,KZATY,5.4
2015,PT,KZZAP,,M,,KZZAP,4.3
2015,PT,KZZHA,,M,,KZZHA,4.1
2015,PT,KZKAR,,M,,KZKAR,3.8
2015,PT,KZKUS,,M,,KZKUS,4.5
2015,PT,KZKZY,,M,,KZKZY,4.7
2015,PT,KZMAN,,M,,KZMAN,2.6
2015,PT,KZONT,,M,,KZONT,4.7
2015,PT,KZPAV,,M,,KZPAV,4.7
2015,PT,KZSEV,,M,,KZSEV,4.4
2015,PT,KZVOS,,M,,KZVOS,4.3
2015,PT,KZNS,,M,,KZNS,4.1
2015,PT,KZALA,,M,,KZALA,4.8
2015,PT,,,F,,,5.9
2015,PT,KZAKM,,F,,KZAKM,5.1
2015,PT,KZAKT,,F,,KZAKT,6.0
2015,PT,KZALM,,F,,KZALM,6.1
2015,PT,KZATY,,F,,KZATY,4.7
2015,PT,KZZAP,,F,,KZZAP,6.0
2015,PT,KZZHA,,F,,KZZHA,6.1
2015,PT,KZKAR,,F,,KZKAR,6.9
2015,PT,KZKUS,,F,,KZKUS,5.7
2015,PT,KZKZY,,F,,KZKZY,5.6
2015,PT,KZMAN,,F,,KZMAN,7.9
2015,PT,KZONT,,F,,KZONT,6.1
2015,PT,KZPAV,,F,,KZPAV,5.1
2015,PT,KZSEV,,F,,KZSEV,5.8
2015,PT,KZVOS,,F,,KZVOS,5.8
2015,PT,KZNS,,F,,KZNS,5.3
2015,PT,KZALA,,F,,KZALA,5.6
2015,PT,,U,,,,5.0
2015,PT,KZAKM,U,,,KZAKM,4.5
2015,PT,KZAKT,U,,,KZAKT,4.9
2015,PT,KZALM,U,,,KZALM,5.0
2015,PT,KZATY,U,,,KZATY,4.1
2015,PT,KZZAP,U,,,KZZAP,4.8
2015,PT,KZZHA,U,,,KZZHA,5.7
2015,PT,KZKAR,U,,,KZKAR,5.1
2015,PT,KZKUS,U,,,KZKUS,5.6
2015,PT,KZKZY,U,,,KZKZY,4.8
2015,PT,KZMAN,U,,,KZMAN,4.5
2015,PT,KZONT,U,,,KZONT,5.2
2015,PT,KZPAV,U,,,KZPAV,5.0
2015,PT,KZSEV,U,,,KZSEV,4.5
2015,PT,KZVOS,U,,,KZVOS,5.1
2015,PT,KZNS,U,,,KZNS,4.7
2015,PT,KZALA,U,,,KZALA,5.3
2015,PT,,R,,,,4.9
2015,PT,KZAKM,R,,,KZAKM,5.2
2015,PT,KZAKT,R,,,KZAKT,4.9
2015,PT,KZALM,R,,,KZALM,4.7
2015,PT,KZATY,R,,,KZATY,6.0
2015,PT,KZZAP,R,,,KZZAP,5.0
2015,PT,KZZHA,R,,,KZZHA,4.5
2015,PT,KZKAR,R,,,KZKAR,4.2
2015,PT,KZKUS,R,,,KZKUS,4.2
2015,PT,KZKZY,R,,,KZKZY,5.1
2015,PT,KZMAN,R,,,KZMAN,5.8
2015,PT,KZONT,R,,,KZONT,5.3
2015,PT,KZPAV,R,,,KZPAV,4.2
2015,PT,KZSEV,R,,,KZSEV,5.2
2015,PT,KZVOS,R,,,KZVOS,4.6
2015,PT,,,,Y16T24,,4.2
2015,PT,,,,M25T28,,4.6
2015,PT,,,,M29T34,,7.6
2015,PT,,,,Y35T44,,4.5
2015,PT,,,,Y45T54,,4.6
2015,PT,,,,Y55T64,,5.4
2015,PT,KZAKM,,,Y16T24,KZAKM,3.6
2015,PT,KZAKM,,,M25T28,KZAKM,2.7
2015,PT,KZAKM,,,M29T34,KZAKM,6.0
2015,PT,KZAKM,,,Y35T44,KZAKM,5.3
2015,PT,KZAKM,,,Y45T54,KZAKM,5.8
2015,PT,KZAKM,,,Y55T64,KZAKM,5.8
2015,PT,KZAKT,,,Y16T24,KZAKT,3.5
2015,PT,KZAKT,,,M25T28,KZAKT,3.0
2015,PT,KZAKT,,,M29T34,KZAKT,7.8
2015,PT,KZAKT,,,Y35T44,KZAKT,5.1
2015,PT,KZAKT,,,Y45T54,KZAKT,4.2
2015,PT,KZAKT,,,Y55T64,KZAKT,5.9
2015,PT,KZALM,,,Y16T24,KZALM,2.7
2015,PT,KZALM,,,M25T28,KZALM,2.4
2015,PT,KZALM,,,M29T34,KZALM,7.7
2015,PT,KZALM,,,Y35T44,KZALM,5.2
2015,PT,KZALM,,,Y45T54,KZALM,5.0
2015,PT,KZALM,,,Y55T64,KZALM,9.3
2015,PT,KZATY,,,Y16T24,KZATY,1.4
2015,PT,KZATY,,,M25T28,KZATY,3.9
2015,PT,KZATY,,,M29T34,KZATY,5.8
2015,PT,KZATY,,,Y35T44,KZATY,4.4
2015,PT,KZATY,,,Y45T54,KZATY,5.1
2015,PT,KZATY,,,Y55T64,KZATY,11.9
2015,PT,KZZAP,,,Y16T24,KZZAP,4.3
2015,PT,KZZAP,,,M25T28,KZZAP,4.1
2015,PT,KZZAP,,,M29T34,KZZAP,5.6
2015,PT,KZZAP,,,Y35T44,KZZAP,5.5
2015,PT,KZZAP,,,Y45T54,KZZAP,5.1
2015,PT,KZZAP,,,Y55T64,KZZAP,5.7
2015,PT,KZZHA,,,Y16T24,KZZHA,5.5
2015,PT,KZZHA,,,M25T28,KZZHA,4.5
2015,PT,KZZHA,,,M29T34,KZZHA,6.7
2015,PT,KZZHA,,,Y35T44,KZZHA,4.4
2015,PT,KZZHA,,,Y45T54,KZZHA,5.4
2015,PT,KZZHA,,,Y55T64,KZZHA,3.5
2015,PT,KZKAR,,,Y16T24,KZKAR,6.4
2015,PT,KZKAR,,,M25T28,KZKAR,4.4
2015,PT,KZKAR,,,M29T34,KZKAR,7.0
2015,PT,KZKAR,,,Y35T44,KZKAR,4.4
2015,PT,KZKAR,,,Y45T54,KZKAR,5.7
2015,PT,KZKAR,,,Y55T64,KZKAR,3.9
2015,PT,KZKUS,,,Y16T24,KZKUS,3.3
2015,PT,KZKUS,,,M25T28,KZKUS,3.4
2015,PT,KZKUS,,,M29T34,KZKUS,9.3
2015,PT,KZKUS,,,Y35T44,KZKUS,5.3
2015,PT,KZKUS,,,Y45T54,KZKUS,4.2
2015,PT,KZKUS,,,Y55T64,KZKUS,3.8
2015,PT,KZKZY,,,Y16T24,KZKZY,5.6
2015,PT,KZKZY,,,M25T28,KZKZY,3.2
2015,PT,KZKZY,,,M29T34,KZKZY,8.5
2015,PT,KZKZY,,,Y35T44,KZKZY,4.9
2015,PT,KZKZY,,,Y45T54,KZKZY,3.4
2015,PT,KZKZY,,,Y55T64,KZKZY,3.4
2015,PT,KZMAN,,,Y16T24,KZMAN,5.4
2015,PT,KZMAN,,,M25T28,KZMAN,3.1
2015,PT,KZMAN,,,M29T34,KZMAN,6.7
2015,PT,KZMAN,,,Y35T44,KZMAN,5.2
2015,PT,KZMAN,,,Y45T54,KZMAN,4.4
2015,PT,KZMAN,,,Y55T64,KZMAN,5.4
2015,PT,KZONT,,,Y16T24,KZONT,3.1
2015,PT,KZONT,,,M25T28,KZONT,5.2
2015,PT,KZONT,,,M29T34,KZONT,8.6
2015,PT,KZONT,,,Y35T44,KZONT,4.8
2015,PT,KZONT,,,Y45T54,KZONT,4.6
2015,PT,KZONT,,,Y55T64,KZONT,4.7
2015,PT,KZPAV,,,Y16T24,KZPAV,2.9
2015,PT,KZPAV,,,M25T28,KZPAV,3.7
2015,PT,KZPAV,,,M29T34,KZPAV,5.8
2015,PT,KZPAV,,,Y35T44,KZPAV,5.3
2015,PT,KZPAV,,,Y45T54,KZPAV,4.9
2015,PT,KZPAV,,,Y55T64,KZPAV,6.0
2015,PT,KZSEV,,,Y16T24,KZSEV,4.2
2015,PT,KZSEV,,,M25T28,KZSEV,2.0
2015,PT,KZSEV,,,M29T34,KZSEV,10.2
2015,PT,KZSEV,,,Y35T44,KZSEV,5.1
2015,PT,KZSEV,,,Y45T54,KZSEV,4.8
2015,PT,KZSEV,,,Y55T64,KZSEV,3.3
2015,PT,KZVOS,,,Y16T24,KZVOS,4.1
2015,PT,KZVOS,,,M25T28,KZVOS,4.6
2015,PT,KZVOS,,,M29T34,KZVOS,8.0
2015,PT,KZVOS,,,Y35T44,KZVOS,3.4
2015,PT,KZVOS,,,Y45T54,KZVOS,4.5
2015,PT,KZVOS,,,Y55T64,KZVOS,5.6
2015,PT,KZNS,,,Y16T24,KZNS,7.2
2015,PT,KZNS,,,M25T28,KZNS,4.9
2015,PT,KZNS,,,M29T34,KZNS,6.0
2015,PT,KZNS,,,Y35T44,KZNS,3.1
2015,PT,KZNS,,,Y45T54,KZNS,3.4
2015,PT,KZNS,,,Y55T64,KZNS,4.2
2015,PT,KZALA,,,Y16T24,KZALA,5.3
2015,PT,KZALA,,,M25T28,KZALA,15.0
2015,PT,KZALA,,,M29T34,KZALA,9.0
2015,PT,KZALA,,,Y35T44,KZALA,3.0
2015,PT,KZALA,,,Y45T54,KZALA,3.0
2015,PT,KZALA,,,Y55T64,KZALA,3.1
2016,PT,,,,,,5.0
2016,PT,KZAKM,,,,KZAKM,4.9
2016,PT,KZAKT,,,,KZAKT,4.8
2016,PT,KZALM,,,,KZALM,4.8
2016,PT,KZATY,,,,KZATY,4.9
2016,PT,KZZAP,,,,KZZAP,4.9
2016,PT,KZZHA,,,,KZZHA,4.9
2016,PT,KZKAR,,,,KZKAR,5.0
2016,PT,KZKUS,,,,KZKUS,4.9
2016,PT,KZKZY,,,,KZKZY,4.9
2016,PT,KZMAN,,,,KZMAN,5.0
2016,PT,KZONT,,,,KZONT,5.2
2016,PT,KZPAV,,,,KZPAV,4.8
2016,PT,KZSEV,,,,KZSEV,5.0
2016,PT,KZVOS,,,,KZVOS,4.9
2016,PT,KZNS,,,,KZNS,4.6
2016,PT,KZALA,,,,KZALA,5.3
2016,PT,,,M,,,4.4
2016,PT,KZAKM,,M,,KZAKM,5.2
2016,PT,KZAKT,,M,,KZAKT,4.8
2016,PT,KZALM,,M,,KZALM,3.8
2016,PT,KZATY,,M,,KZATY,4.8
2016,PT,KZZAP,,M,,KZZAP,4.6
2016,PT,KZZHA,,M,,KZZHA,4.0
2016,PT,KZKAR,,M,,KZKAR,4.2
2016,PT,KZKUS,,M,,KZKUS,4.8
2016,PT,KZKZY,,M,,KZKZY,4.4
2016,PT,KZMAN,,M,,KZMAN,2.7
2016,PT,KZONT,,M,,KZONT,4.4
2016,PT,KZPAV,,M,,KZPAV,4.6
2016,PT,KZSEV,,M,,KZSEV,5.0
2016,PT,KZVOS,,M,,KZVOS,4.2
2016,PT,KZNS,,M,,KZNS,4.4
2016,PT,KZALA,,M,,KZALA,4.9
2016,PT,,,F,,,5.5
2016,PT,KZAKM,,F,,KZAKM,4.6
2016,PT,KZAKT,,F,,KZAKT,4.9
2016,PT,KZALM,,F,,KZALM,5.8
2016,PT,KZATY,,F,,KZATY,5.1
2016,PT,KZZAP,,F,,KZZAP,5.2
2016,PT,KZZHA,,F,,KZZHA,5.8
2016,PT,KZKAR,,F,,KZKAR,5.8
2016,PT,KZKUS,,F,,KZKUS,5.1
2016,PT,KZKZY,,F,,KZKZY,5.5
2016,PT,KZMAN,,F,,KZMAN,7.8
2016,PT,KZONT,,F,,KZONT,6.1
2016,PT,KZPAV,,F,,KZPAV,5.0
2016,PT,KZSEV,,F,,KZSEV,4.9
2016,PT,KZVOS,,F,,KZVOS,5.6
2016,PT,KZNS,,F,,KZNS,4.9
2016,PT,KZALA,,F,,KZALA,5.7
2016,PT,,U,,,,5.1
2016,PT,KZAKM,U,,,KZAKM,4.4
2016,PT,KZAKT,U,,,KZAKT,5.1
2016,PT,KZALM,U,,,KZALM,4.8
2016,PT,KZATY,U,,,KZATY,5.9
2016,PT,KZZAP,U,,,KZZAP,4.8
2016,PT,KZZHA,U,,,KZZHA,5.5
2016,PT,KZKAR,U,,,KZKAR,5.1
2016,PT,KZKUS,U,,,KZKUS,5.6
2016,PT,KZKZY,U,,,KZKZY,4.6
2016,PT,KZMAN,U,,,KZMAN,4.9
2016,PT,KZONT,U,,,KZONT,5.3
2016,PT,KZPAV,U,,,KZPAV,5.0
2016,PT,KZSEV,U,,,KZSEV,4.7
2016,PT,KZVOS,U,,,KZVOS,5.0
2016,PT,KZNS,U,,,KZNS,4.6
2016,PT,KZALA,U,,,KZALA,5.3
2016,PT,,R,,,,4.8
2016,PT,KZAKM,R,,,KZAKM,5.4
2016,PT,KZAKT,R,,,KZAKT,4.3
2016,PT,KZALM,R,,,KZALM,4.8
2016,PT,KZATY,R,,,KZATY,4.0
2016,PT,KZZAP,R,,,KZZAP,4.9
2016,PT,KZZHA,R,,,KZZHA,4.4
2016,PT,KZKAR,R,,,KZKAR,4.3
2016,PT,KZKUS,R,,,KZKUS,4.2
2016,PT,KZKZY,R,,,KZKZY,5.2
2016,PT,KZMAN,R,,,KZMAN,5.1
2016,PT,KZONT,R,,,KZONT,5.1
2016,PT,KZPAV,R,,,KZPAV,4.4
2016,PT,KZSEV,R,,,KZSEV,5.1
2016,PT,KZVOS,R,,,KZVOS,4.7
2016,PT,,,,Y16T24,,3.8
2016,PT,,,,M25T28,,4.3
2016,PT,,,,M29T34,,7.0
2016,PT,,,,Y35T44,,4.8
2016,PT,,,,Y45T54,,4.6
2016,PT,,,,Y55T64,,4.6
2016,PT,KZAKM,,,Y16T24,KZAKM,3.0
2016,PT,KZAKM,,,M25T28,KZAKM,3.6
2016,PT,KZAKM,,,M29T34,KZAKM,5.9
2016,PT,KZAKM,,,Y35T44,KZAKM,5.5
2016,PT,KZAKM,,,Y45T54,KZAKM,5.6
2016,PT,KZAKM,,,Y55T64,KZAKM,4.9
2016,PT,KZAKT,,,Y16T24,KZAKT,2.8
2016,PT,KZAKT,,,M25T28,KZAKT,3.0
2016,PT,KZAKT,,,M29T34,KZAKT,5.9
2016,PT,KZAKT,,,Y35T44,KZAKT,4.8
2016,PT,KZAKT,,,Y45T54,KZAKT,6.4
2016,PT,KZAKT,,,Y55T64,KZAKT,3.7
2016,PT,KZALM,,,Y16T24,KZALM,3.3
2016,PT,KZALM,,,M25T28,KZALM,2.8
2016,PT,KZALM,,,M29T34,KZALM,7.2
2016,PT,KZALM,,,Y35T44,KZALM,5.9
2016,PT,KZALM,,,Y45T54,KZALM,3.9
2016,PT,KZALM,,,Y55T64,KZALM,6.1
2016,PT,KZATY,,,Y16T24,KZATY,1.6
2016,PT,KZATY,,,M25T28,KZATY,2.9
2016,PT,KZATY,,,M29T34,KZATY,7.1
2016,PT,KZATY,,,Y35T44,KZATY,6.0
2016,PT,KZATY,,,Y45T54,KZATY,4.8
2016,PT,KZATY,,,Y55T64,KZATY,7.1
2016,PT,KZZAP,,,Y16T24,KZZAP,4.0
2016,PT,KZZAP,,,M25T28,KZZAP,3.9
2016,PT,KZZAP,,,M29T34,KZZAP,6.8
2016,PT,KZZAP,,,Y35T44,KZZAP,5.6
2016,PT,KZZAP,,,Y45T54,KZZAP,4.4
2016,PT,KZZAP,,,Y55T64,KZZAP,4.2
2016,PT,KZZHA,,,Y16T24,KZZHA,4.7
2016,PT,KZZHA,,,M25T28,KZZHA,3.7
2016,PT,KZZHA,,,M29T34,KZZHA,7.4
2016,PT,KZZHA,,,Y35T44,KZZHA,4.2
2016,PT,KZZHA,,,Y45T54,KZZHA,5.4
2016,PT,KZZHA,,,Y55T64,KZZHA,2.8
2016,PT,KZKAR,,,Y16T24,KZKAR,6.0
2016,PT,KZKAR,,,M25T28,KZKAR,4.4
2016,PT,KZKAR,,,M29T34,KZKAR,5.0
2016,PT,KZKAR,,,Y35T44,KZKAR,4.1
2016,PT,KZKAR,,,Y45T54,KZKAR,6.2
2016,PT,KZKAR,,,Y55T64,KZKAR,4.6
2016,PT,KZKUS,,,Y16T24,KZKUS,3.3
2016,PT,KZKUS,,,M25T28,KZKUS,3.2
2016,PT,KZKUS,,,M29T34,KZKUS,10.8
2016,PT,KZKUS,,,Y35T44,KZKUS,5.9
2016,PT,KZKUS,,,Y45T54,KZKUS,3.5
2016,PT,KZKUS,,,Y55T64,KZKUS,1.7
2016,PT,KZKZY,,,Y16T24,KZKZY,5.5
2016,PT,KZKZY,,,M25T28,KZKZY,4.0
2016,PT,KZKZY,,,M29T34,KZKZY,8.3
2016,PT,KZKZY,,,Y35T44,KZKZY,4.7
2016,PT,KZKZY,,,Y45T54,KZKZY,3.4
2016,PT,KZKZY,,,Y55T64,KZKZY,2.5
2016,PT,KZMAN,,,Y16T24,KZMAN,5.2
2016,PT,KZMAN,,,M25T28,KZMAN,3.9
2016,PT,KZMAN,,,M29T34,KZMAN,7.1
2016,PT,KZMAN,,,Y35T44,KZMAN,4.2
2016,PT,KZMAN,,,Y45T54,KZMAN,4.9
2016,PT,KZMAN,,,Y55T64,KZMAN,2.9
2016,PT,KZONT,,,Y16T24,KZONT,1.9
2016,PT,KZONT,,,M25T28,KZONT,5.5
2016,PT,KZONT,,,M29T34,KZONT,7.6
2016,PT,KZONT,,,Y35T44,KZONT,4.9
2016,PT,KZONT,,,Y45T54,KZONT,4.5
2016,PT,KZONT,,,Y55T64,KZONT,5.4
2016,PT,KZPAV,,,Y16T24,KZPAV,2.7
2016,PT,KZPAV,,,M25T28,KZPAV,3.3
2016,PT,KZPAV,,,M29T34,KZPAV,6.2
2016,PT,KZPAV,,,Y35T44,KZPAV,6.0
2016,PT,KZPAV,,,Y45T54,KZPAV,4.5
2016,PT,KZPAV,,,Y55T64,KZPAV,3.6
2016,PT,KZSEV,,,Y16T24,KZSEV,4.9
2016,PT,KZSEV,,,M25T28,KZSEV,1.8
2016,PT,KZSEV,,,M29T34,KZSEV,10.8
2016,PT,KZSEV,,,Y35T44,KZSEV,4.4
2016,PT,KZSEV,,,Y45T54,KZSEV,4.6
2016,PT,KZSEV,,,Y55T64,KZSEV,2.5
2016,PT,KZVOS,,,Y16T24,KZVOS,2.3
2016,PT,KZVOS,,,M25T28,KZVOS,3.6
2016,PT,KZVOS,,,M29T34,KZVOS,9.1
2016,PT,KZVOS,,,Y35T44,KZVOS,3.4
2016,PT,KZVOS,,,Y45T54,KZVOS,3.5
2016,PT,KZVOS,,,Y55T64,KZVOS,6.5
2016,PT,KZNS,,,Y16T24,KZNS,5.7
2016,PT,KZNS,,,M25T28,KZNS,4.3
2016,PT,KZNS,,,M29T34,KZNS,3.6
2016,PT,KZNS,,,Y35T44,KZNS,4.8
2016,PT,KZNS,,,Y45T54,KZNS,5.0
2016,PT,KZNS,,,Y55T64,KZNS,4.3
2016,PT,KZALA,,,Y16T24,KZALA,5.3
2016,PT,KZALA,,,M25T28,KZALA,9.7
2016,PT,KZALA,,,M29T34,KZALA,5.1
2016,PT,KZALA,,,Y35T44,KZALA,3.9
2016,PT,KZALA,,,Y45T54,KZALA,4.6
2016,PT,KZALA,,,Y55T64,KZALA,6.7
2017,PT,,,,,,4.9
2017,PT,KZAKM,,,,KZAKM,4.8
2017,PT,KZAKT,,,,KZAKT,4.8
2017,PT,KZALM,,,,KZALM,4.7
2017,PT,KZATY,,,,KZATY,4.9
2017,PT,KZZAP,,,,KZZAP,4.9
2017,PT,KZZHA,,,,KZZHA,4.9
2017,PT,KZKAR,,,,KZKAR,4.8
2017,PT,KZKUS,,,,KZKUS,4.8
2017,PT,KZKZY,,,,KZKZY,4.8
2017,PT,KZMAN,,,,KZMAN,4.9
2017,PT,KZONT,,,,KZONT,5.2
2017,PT,KZPAV,,,,KZPAV,4.8
2017,PT,KZSEV,,,,KZSEV,4.9
2017,PT,KZVOS,,,,KZVOS,4.8
2017,PT,KZNS,,,,KZNS,4.6
2017,PT,KZALA,,,,KZALA,5.3
2017,PT,,,M,,,4.4
2017,PT,KZAKM,,M,,KZAKM,5.0
2017,PT,KZAKT,,M,,KZAKT,4.8
2017,PT,KZALM,,M,,KZALM,3.5
2017,PT,KZATY,,M,,KZATY,4.9
2017,PT,KZZAP,,M,,KZZAP,4.5
2017,PT,KZZHA,,M,,KZZHA,4.5
2017,PT,KZKAR,,M,,KZKAR,4.0
2017,PT,KZKUS,,M,,KZKUS,4.6
2017,PT,KZKZY,,M,,KZKZY,4.6
2017,PT,KZMAN,,M,,KZMAN,3.0
2017,PT,KZONT,,M,,KZONT,4.6
2017,PT,KZPAV,,M,,KZPAV,4.7
2017,PT,KZSEV,,M,,KZSEV,5.3
2017,PT,KZVOS,,M,,KZVOS,4.7
2017,PT,KZNS,,M,,KZNS,4.6
2017,PT,KZALA,,M,,KZALA,4.2
2017,PT,,,F,,,5.4
2017,PT,KZAKM,,F,,KZAKM,4.6
2017,PT,KZAKT,,F,,KZAKT,4.8
2017,PT,KZALM,,F,,KZALM,6.0
2017,PT,KZATY,,F,,KZATY,5.0
2017,PT,KZZAP,,F,,KZZAP,5.3
2017,PT,KZZHA,,F,,KZZHA,5.3
2017,PT,KZKAR,,F,,KZKAR,5.6
2017,PT,KZKUS,,F,,KZKUS,5.1
2017,PT,KZKZY,,F,,KZKZY,5.1
2017,PT,KZMAN,,F,,KZMAN,7.1
2017,PT,KZONT,,F,,KZONT,5.9
2017,PT,KZPAV,,F,,KZPAV,4.9
2017,PT,KZSEV,,F,,KZSEV,4.4
2017,PT,KZVOS,,F,,KZVOS,5.0
2017,PT,KZNS,,F,,KZNS,4.6
2017,PT,KZALA,,F,,KZALA,6.2
2017,PT,,U,,,,5.2
2017,PT,KZAKM,U,,,KZAKM,4.5
2017,PT,KZAKT,U,,,KZAKT,5.0
2017,PT,KZALM,U,,,KZALM,4.3
2017,PT,KZATY,U,,,KZATY,5.0
2017,PT,KZZAP,U,,,KZZAP,5.0
2017,PT,KZZHA,U,,,KZZHA,5.8
2017,PT,KZKAR,U,,,KZKAR,5.2
2017,PT,KZKUS,U,,,KZKUS,5.6
2017,PT,KZKZY,U,,,KZKZY,4.6
2017,PT,KZMAN,U,,,KZMAN,5.0
2017,PT,KZONT,U,,,KZONT,5.5
2017,PT,KZPAV,U,,,KZPAV,5.2
2017,PT,KZSEV,U,,,KZSEV,4.8
2017,PT,KZVOS,U,,,KZVOS,5.1
2017,PT,KZNS,U,,,KZNS,4.8
2017,PT,KZALA,U,,,KZALA,5.6
2017,PT,,R,,,,5.1
2017,PT,KZAKM,R,,,KZAKM,5.5
2017,PT,KZAKT,R,,,KZAKT,5.2
2017,PT,KZALM,R,,,KZALM,5.2
2017,PT,KZATY,R,,,KZATY,5.4
2017,PT,KZZAP,R,,,KZZAP,5.2
2017,PT,KZZHA,R,,,KZZHA,4.7
2017,PT,KZKAR,R,,,KZKAR,4.1
2017,PT,KZKUS,R,,,KZKUS,4.5
2017,PT,KZKZY,R,,,KZKZY,5.5
2017,PT,KZMAN,R,,,KZMAN,5.2
2017,PT,KZONT,R,,,KZONT,5.4
2017,PT,KZPAV,R,,,KZPAV,4.6
2017,PT,KZSEV,R,,,KZSEV,5.4
2017,PT,KZVOS,R,,,KZVOS,4.9
2017,PT,,,,Y16T24,,3.8
2017,PT,,,,M25T28,,4.0
2017,PT,,,,M29T34,,6.7
2017,PT,,,,Y35T44,,4.6
2017,PT,,,,Y45T54,,4.6
2017,PT,,,,Y55T64,,5.2
2017,PT,KZAKM,,,Y16T24,KZAKM,2.9
2017,PT,KZAKM,,,M25T28,KZAKM,3.1
2017,PT,KZAKM,,,M29T34,KZAKM,4.4
2017,PT,KZAKM,,,Y35T44,KZAKM,6.3
2017,PT,KZAKM,,,Y45T54,KZAKM,6.7
2017,PT,KZAKM,,,Y55T64,KZAKM,3.9
2017,PT,KZAKT,,,Y16T24,KZAKT,2.5
2017,PT,KZAKT,,,M25T28,KZAKT,3.2
2017,PT,KZAKT,,,M29T34,KZAKT,7.0
2017,PT,KZAKT,,,Y35T44,KZAKT,5.0
2017,PT,KZAKT,,,Y45T54,KZAKT,4.0
2017,PT,KZAKT,,,Y55T64,KZAKT,6.0
2017,PT,KZALM,,,Y16T24,KZALM,3.2
2017,PT,KZALM,,,M25T28,KZALM,2.7
2017,PT,KZALM,,,M29T34,KZALM,9.8
2017,PT,KZALM,,,Y35T44,KZALM,4.9
2017,PT,KZALM,,,Y45T54,KZALM,2.8
2017,PT,KZALM,,,Y55T64,KZALM,2.3
2017,PT,KZATY,,,Y16T24,KZATY,1.5
2017,PT,KZATY,,,M25T28,KZATY,2.9
2017,PT,KZATY,,,M29T34,KZATY,8.5
2017,PT,KZATY,,,Y35T44,KZATY,4.6
2017,PT,KZATY,,,Y45T54,KZATY,5.2
2017,PT,KZATY,,,Y55T64,KZATY,6.1
2017,PT,KZZAP,,,Y16T24,KZZAP,4.0
2017,PT,KZZAP,,,M25T28,KZZAP,3.9
2017,PT,KZZAP,,,M29T34,KZZAP,5.7
2017,PT,KZZAP,,,Y35T44,KZZAP,5.3
2017,PT,KZZAP,,,Y45T54,KZZAP,4.5
2017,PT,KZZAP,,,Y55T64,KZZAP,5.5
2017,PT,KZZHA,,,Y16T24,KZZHA,2.8
2017,PT,KZZHA,,,M25T28,KZZHA,2.1
2017,PT,KZZHA,,,M29T34,KZZHA,10.4
2017,PT,KZZHA,,,Y35T44,KZZHA,4.7
2017,PT,KZZHA,,,Y45T54,KZZHA,5.4
2017,PT,KZZHA,,,Y55T64,KZZHA,6.2
2017,PT,KZKAR,,,Y16T24,KZKAR,5.8
2017,PT,KZKAR,,,M25T28,KZKAR,4.2
2017,PT,KZKAR,,,M29T34,KZKAR,4.5
2017,PT,KZKAR,,,Y35T44,KZKAR,4.6
2017,PT,KZKAR,,,Y45T54,KZKAR,4.5
2017,PT,KZKAR,,,Y55T64,KZKAR,6.1
2017,PT,KZKUS,,,Y16T24,KZKUS,3.1
2017,PT,KZKUS,,,M25T28,KZKUS,2.9
2017,PT,KZKUS,,,M29T34,KZKUS,10.3
2017,PT,KZKUS,,,Y35T44,KZKUS,5.5
2017,PT,KZKUS,,,Y45T54,KZKUS,2.5
2017,PT,KZKUS,,,Y55T64,KZKUS,2.1
2017,PT,KZKZY,,,Y16T24,KZKZY,5.3
2017,PT,KZKZY,,,M25T28,KZKZY,3.0
2017,PT,KZKZY,,,M29T34,KZKZY,8.9
2017,PT,KZKZY,,,Y35T44,KZKZY,4.5
2017,PT,KZKZY,,,Y45T54,KZKZY,2.9
2017,PT,KZKZY,,,Y55T64,KZKZY,3.0
2017,PT,KZMAN,,,Y16T24,KZMAN,4.0
2017,PT,KZMAN,,,M25T28,KZMAN,3.6
2017,PT,KZMAN,,,M29T34,KZMAN,5.7
2017,PT,KZMAN,,,Y35T44,KZMAN,5.8
2017,PT,KZMAN,,,Y45T54,KZMAN,4.7
2017,PT,KZMAN,,,Y55T64,KZMAN,2.8
2017,PT,KZONT,,,Y16T24,KZONT,3.5
2017,PT,KZONT,,,M25T28,KZONT,4.7
2017,PT,KZONT,,,M29T34,KZONT,7.0
2017,PT,KZONT,,,Y35T44,KZONT,4.7
2017,PT,KZONT,,,Y45T54,KZONT,3.8
2017,PT,KZONT,,,Y55T64,KZONT,8.8
2017,PT,KZPAV,,,Y16T24,KZPAV,3.1
2017,PT,KZPAV,,,M25T28,KZPAV,3.4
2017,PT,KZPAV,,,M29T34,KZPAV,5.6
2017,PT,KZPAV,,,Y35T44,KZPAV,4.1
2017,PT,KZPAV,,,Y45T54,KZPAV,6.6
2017,PT,KZPAV,,,Y55T64,KZPAV,3.9
2017,PT,KZSEV,,,Y16T24,KZSEV,4.2
2017,PT,KZSEV,,,M25T28,KZSEV,1.4
2017,PT,KZSEV,,,M29T34,KZSEV,6.6
2017,PT,KZSEV,,,Y35T44,KZSEV,5.0
2017,PT,KZSEV,,,Y45T54,KZSEV,6.6
2017,PT,KZSEV,,,Y55T64,KZSEV,3.4
2017,PT,KZVOS,,,Y16T24,KZVOS,3.1
2017,PT,KZVOS,,,M25T28,KZVOS,4.5
2017,PT,KZVOS,,,M29T34,KZVOS,6.4
2017,PT,KZVOS,,,Y35T44,KZVOS,4.0
2017,PT,KZVOS,,,Y45T54,KZVOS,4.2
2017,PT,KZVOS,,,Y55T64,KZVOS,6.6
2017,PT,KZNS,,,Y16T24,KZNS,4.7
2017,PT,KZNS,,,M25T28,KZNS,4.3
2017,PT,KZNS,,,M29T34,KZNS,1.6
2017,PT,KZNS,,,Y35T44,KZNS,3.2
2017,PT,KZNS,,,Y45T54,KZNS,9.3
2017,PT,KZNS,,,Y55T64,KZNS,8.6
2017,PT,KZALA,,,Y16T24,KZALA,5.3
2017,PT,KZALA,,,M25T28,KZALA,8.4
2017,PT,KZALA,,,M29T34,KZALA,5.3
2017,PT,KZALA,,,Y35T44,KZALA,3.4
2017,PT,KZALA,,,Y45T54,KZALA,5.0
2017,PT,KZALA,,,Y55T64,KZALA,7.6
2018,PT,,,,,,4.9
2018,PT,KZAKM,,,,KZAKM,4.8
2018,PT,KZAKT,,,,KZAKT,4.8
2018,PT,KZALM,,,,KZALM,4.7
2018,PT,KZATY,,,,KZATY,4.9
2018,PT,KZZAP,,,,KZZAP,4.9
2018,PT,KZZHA,,,,KZZHA,4.9
2018,PT,KZKAR,,,,KZKAR,4.6
2018,PT,KZKUS,,,,KZKUS,4.8
2018,PT,KZKZY,,,,KZKZY,4.8
2018,PT,KZMAN,,,,KZMAN,4.8
2018,PT,KZPAV,,,,KZPAV,4.8
2018,PT,KZSEV,,,,KZSEV,4.9
2018,PT,KZYUZ,,,,KZYUZ,5.2
2018,PT,KZVOS,,,,KZVOS,4.8
2018,PT,KZNS,,,,KZNS,4.5
2018,PT,KZALA,,,,KZALA,5.2
2018,PT,KZSHY,,,,KZSHY,5.2
2018,PT,,,M,,,4.3
2018,PT,KZAKM,,M,,KZAKM,4.8
2018,PT,KZAKT,,M,,KZAKT,4.6
2018,PT,KZALM,,M,,KZALM,3.2
2018,PT,KZATY,,M,,KZATY,4.9
2018,PT,KZZAP,,M,,KZZAP,4.5
2018,PT,KZZHA,,M,,KZZHA,4.8
2018,PT,KZKAR,,M,,KZKAR,3.4
2018,PT,KZKUS,,M,,KZKUS,4.7
2018,PT,KZKZY,,M,,KZKZY,4.7
2018,PT,KZMAN,,M,,KZMAN,2.8
2018,PT,KZPAV,,M,,KZPAV,4.7
2018,PT,KZSEV,,M,,KZSEV,5.0
2018,PT,KZYUZ,,M,,KZYUZ,4.6
2018,PT,KZVOS,,M,,KZVOS,4.7
2018,PT,KZNS,,M,,KZNS,4.4
2018,PT,KZALA,,M,,KZALA,4.1
2018,PT,KZSHY,,M,,KZSHY,5.5
2018,PT,,,F,,,5.4
2018,PT,KZAKM,,F,,KZAKM,4.7
2018,PT,KZAKT,,F,,KZAKT,5.0
2018,PT,KZALM,,F,,KZALM,6.2
2018,PT,KZATY,,F,,KZATY,4.9
2018,PT,KZZAP,,F,,KZZAP,5.3
2018,PT,KZZHA,,F,,KZZHA,5.0
2018,PT,KZKAR,,F,,KZKAR,5.9
2018,PT,KZKUS,,F,,KZKUS,4.9
2018,PT,KZKZY,,F,,KZKZY,4.9
2018,PT,KZMAN,,F,,KZMAN,7.0
2018,PT,KZPAV,,F,,KZPAV,4.8
2018,PT,KZSEV,,F,,KZSEV,4.7
2018,PT,KZYUZ,,F,,KZYUZ,5.8
2018,PT,KZVOS,,F,,KZVOS,5.0
2018,PT,KZNS,,F,,KZNS,4.6
2018,PT,KZALA,,F,,KZALA,6.2
2018,PT,KZSHY,,F,,KZSHY,4.9
2018,PT,,U,,,,4.9
2018,PT,KZAKM,U,,,KZAKM,4.4
2018,PT,KZAKT,U,,,KZAKT,4.7
2018,PT,KZALM,U,,,KZALM,5.2
2018,PT,KZATY,U,,,KZATY,4.9
2018,PT,KZZAP,U,,,KZZAP,4.7
2018,PT,KZZHA,U,,,KZZHA,5.5
2018,PT,KZKAR,U,,,KZKAR,4.8
2018,PT,KZKUS,U,,,KZKUS,5.2
2018,PT,KZKZY,U,,,KZKZY,4.6
2018,PT,KZMAN,U,,,KZMAN,4.9
2018,PT,KZPAV,U,,,KZPAV,4.9
2018,PT,KZSEV,U,,,KZSEV,4.6
2018,PT,KZYUZ,U,,,KZYUZ,5.5
2018,PT,KZVOS,U,,,KZVOS,4.8
2018,PT,KZNS,U,,,KZNS,4.5
2018,PT,KZALA,U,,,KZALA,5.2
2018,PT,KZSHY,U,,,KZSHY,5.2
2018,PT,,R,,,,4.8
2018,PT,KZAKM,R,,,KZAKM,5.2
2018,PT,KZAKT,R,,,KZAKT,5.2
2018,PT,KZALM,R,,,KZALM,4.5
2018,PT,KZATY,R,,,KZATY,4.9
2018,PT,KZZAP,R,,,KZZAP,5.1
2018,PT,KZZHA,R,,,KZZHA,4.5
2018,PT,KZKAR,R,,,KZKAR,3.7
2018,PT,KZKUS,R,,,KZKUS,4.4
2018,PT,KZKZY,R,,,KZKZY,4.9
2018,PT,KZMAN,R,,,KZMAN,4.8
2018,PT,KZPAV,R,,,KZPAV,4.4
2018,PT,KZSEV,R,,,KZSEV,5.0
2018,PT,KZYUZ,R,,,KZYUZ,5.1
2018,PT,KZVOS,R,,,KZVOS,4.9
2018,PT,,,,Y16T24,,3.7
2018,PT,,,,M25T28,,4.0
2018,PT,,,,M29T34,,7.0
2018,PT,,,,Y35T44,,4.3
2018,PT,,,,Y45T54,,4.2
2018,PT,,,,Y55T64,,5.6
2018,PT,KZAKM,,,Y16T24,KZAKM,2.9
2018,PT,KZAKM,,,M25T28,KZAKM,2.9
2018,PT,KZAKM,,,M29T34,KZAKM,5.5
2018,PT,KZAKM,,,Y35T44,KZAKM,5.9
2018,PT,KZAKM,,,Y45T54,KZAKM,6.0
2018,PT,KZAKM,,,Y55T64,KZAKM,3.8
2018,PT,KZAKT,,,Y16T24,KZAKT,2.9
2018,PT,KZAKT,,,M25T28,KZAKT,2.9
2018,PT,KZAKT,,,M29T34,KZAKT,5.6
2018,PT,KZAKT,,,Y35T44,KZAKT,5.2
2018,PT,KZAKT,,,Y45T54,KZAKT,4.9
2018,PT,KZAKT,,,Y55T64,KZAKT,5.2
2018,PT,KZALM,,,Y16T24,KZALM,3.3
2018,PT,KZALM,,,M25T28,KZALM,2.6
2018,PT,KZALM,,,M29T34,KZALM,7.9
2018,PT,KZALM,,,Y35T44,KZALM,3.4
2018,PT,KZALM,,,Y45T54,KZALM,2.6
2018,PT,KZALM,,,Y55T64,KZALM,9.7
2018,PT,KZATY,,,Y16T24,KZATY,1.6
2018,PT,KZATY,,,M25T28,KZATY,3.1
2018,PT,KZATY,,,M29T34,KZATY,6.0
2018,PT,KZATY,,,Y35T44,KZATY,5.0
2018,PT,KZATY,,,Y45T54,KZATY,5.7
2018,PT,KZATY,,,Y55T64,KZATY,7.2
2018,PT,KZZAP,,,Y16T24,KZZAP,3.9
2018,PT,KZZAP,,,M25T28,KZZAP,3.8
2018,PT,KZZAP,,,M29T34,KZZAP,6.1
2018,PT,KZZAP,,,Y35T44,KZZAP,4.7
2018,PT,KZZAP,,,Y45T54,KZZAP,4.7
2018,PT,KZZAP,,,Y55T64,KZZAP,5.9
2018,PT,KZZHA,,,Y16T24,KZZHA,2.9
2018,PT,KZZHA,,,M25T28,KZZHA,2.9
2018,PT,KZZHA,,,M29T34,KZZHA,7.5
2018,PT,KZZHA,,,Y35T44,KZZHA,5.4
2018,PT,KZZHA,,,Y45T54,KZZHA,4.0
2018,PT,KZZHA,,,Y55T64,KZZHA,7.0
2018,PT,KZKAR,,,Y16T24,KZKAR,5.7
2018,PT,KZKAR,,,M25T28,KZKAR,4.2
2018,PT,KZKAR,,,M29T34,KZKAR,3.7
2018,PT,KZKAR,,,Y35T44,KZKAR,3.8
2018,PT,KZKAR,,,Y45T54,KZKAR,4.8
2018,PT,KZKAR,,,Y55T64,KZKAR,7.4
2018,PT,KZKUS,,,Y16T24,KZKUS,3.0
2018,PT,KZKUS,,,M25T28,KZKUS,3.2
2018,PT,KZKUS,,,M29T34,KZKUS,10.0
2018,PT,KZKUS,,,Y35T44,KZKUS,6.0
2018,PT,KZKUS,,,Y45T54,KZKUS,2.7
2018,PT,KZKUS,,,Y55T64,KZKUS,1.7
2018,PT,KZKZY,,,Y16T24,KZKZY,4.5
2018,PT,KZKZY,,,M25T28,KZKZY,3.8
2018,PT,KZKZY,,,M29T34,KZKZY,5.7
2018,PT,KZKZY,,,Y35T44,KZKZY,4.8
2018,PT,KZKZY,,,Y45T54,KZKZY,5.4
2018,PT,KZKZY,,,Y55T64,KZKZY,3.2
2018,PT,KZMAN,,,Y16T24,KZMAN,3.2
2018,PT,KZMAN,,,M25T28,KZMAN,2.7
2018,PT,KZMAN,,,M29T34,KZMAN,6.6
2018,PT,KZMAN,,,Y35T44,KZMAN,6.1
2018,PT,KZMAN,,,Y45T54,KZMAN,3.7
2018,PT,KZMAN,,,Y55T64,KZMAN,3.2
2018,PT,KZPAV,,,Y16T24,KZPAV,3.2
2018,PT,KZPAV,,,M25T28,KZPAV,3.9
2018,PT,KZPAV,,,M29T34,KZPAV,6.2
2018,PT,KZPAV,,,Y35T44,KZPAV,4.7
2018,PT,KZPAV,,,Y45T54,KZPAV,4.5
2018,PT,KZPAV,,,Y55T64,KZPAV,4.6
2018,PT,KZSEV,,,Y16T24,KZSEV,4.0
2018,PT,KZSEV,,,M25T28,KZSEV,2.3
2018,PT,KZSEV,,,M29T34,KZSEV,6.0
2018,PT,KZSEV,,,Y35T44,KZSEV,5.4
2018,PT,KZSEV,,,Y45T54,KZSEV,6.3
2018,PT,KZSEV,,,Y55T64,KZSEV,3.3
2018,PT,KZYUZ,,,Y16T24,KZYUZ,2.1
2018,PT,KZYUZ,,,M25T28,KZYUZ,4.0
2018,PT,KZYUZ,,,M29T34,KZYUZ,8.4
2018,PT,KZYUZ,,,Y35T44,KZYUZ,4.4
2018,PT,KZYUZ,,,Y45T54,KZYUZ,4.5
2018,PT,KZYUZ,,,Y55T64,KZYUZ,4.8
2018,PT,KZVOS,,,Y16T24,KZVOS,3.7
2018,PT,KZVOS,,,M25T28,KZVOS,3.9
2018,PT,KZVOS,,,M29T34,KZVOS,9.7
2018,PT,KZVOS,,,Y35T44,KZVOS,3.9
2018,PT,KZVOS,,,Y45T54,KZVOS,3.2
2018,PT,KZVOS,,,Y55T64,KZVOS,5.2
2018,PT,KZNS,,,Y16T24,KZNS,4.5
2018,PT,KZNS,,,M25T28,KZNS,4.6
2018,PT,KZNS,,,M29T34,KZNS,6.9
2018,PT,KZNS,,,Y35T44,KZNS,3.1
2018,PT,KZNS,,,Y45T54,KZNS,3.2
2018,PT,KZNS,,,Y55T64,KZNS,4.3
2018,PT,KZALA,,,Y16T24,KZALA,5.2
2018,PT,KZALA,,,M25T28,KZALA,8.0
2018,PT,KZALA,,,M29T34,KZALA,6.5
2018,PT,KZALA,,,Y35T44,KZALA,3.1
2018,PT,KZALA,,,Y45T54,KZALA,4.7
2018,PT,KZALA,,,Y55T64,KZALA,5.7
2018,PT,KZSHY,,,Y16T24,KZSHY,3.7
2018,PT,KZSHY,,,M25T28,KZSHY,4.5
2018,PT,KZSHY,,,M29T34,KZSHY,7.7
2018,PT,KZSHY,,,Y35T44,KZSHY,2.8
2018,PT,KZSHY,,,Y45T54,KZSHY,4.7
2018,PT,KZSHY,,,Y55T64,KZSHY,8.8
2019,PT,,,,,,4.8
2019,PT,KZAKM,,,,KZAKM,4.7
2019,PT,KZAKT,,,,KZAKT,4.8
2019,PT,KZALM,,,,KZALM,4.6
2019,PT,KZATY,,,,KZATY,4.8
2019,PT,KZZAP,,,,KZZAP,4.8
2019,PT,KZZHA,,,,KZZHA,4.8
2019,PT,KZKAR,,,,KZKAR,4.4
2019,PT,KZKUS,,,,KZKUS,4.7
2019,PT,KZKZY,,,,KZKZY,4.8
2019,PT,KZMAN,,,,KZMAN,4.8
2019,PT,KZPAV,,,,KZPAV,4.7
2019,PT,KZSEV,,,,KZSEV,4.8
2019,PT,KZYUZ,,,,KZYUZ,5.1
2019,PT,KZVOS,,,,KZVOS,4.8
2019,PT,KZNS,,,,KZNS,4.4
2019,PT,KZALA,,,,KZALA,5.1
2019,PT,KZSHY,,,,KZSHY,5.1
2019,PT,,,M,,,4.3
2019,PT,KZAKM,,M,,KZAKM,4.7
2019,PT,KZAKT,,M,,KZAKT,5.2
2019,PT,KZALM,,M,,KZALM,3.3
2019,PT,KZATY,,M,,KZATY,4.8
2019,PT,KZZAP,,M,,KZZAP,4.6
2019,PT,KZZHA,,M,,KZZHA,4.6
2019,PT,KZKAR,,M,,KZKAR,3.3
2019,PT,KZKUS,,M,,KZKUS,4.6
2019,PT,KZKZY,,M,,KZKZY,4.8
2019,PT,KZMAN,,M,,KZMAN,3.3
2019,PT,KZPAV,,M,,KZPAV,4.6
2019,PT,KZSEV,,M,,KZSEV,5.0
2019,PT,KZYUZ,,M,,KZYUZ,4.7
2019,PT,KZVOS,,M,,KZVOS,4.3
2019,PT,KZNS,,M,,KZNS,4.2
2019,PT,KZALA,,M,,KZALA,4.3
2019,PT,KZSHY,,M,,KZSHY,4.9
2019,PT,,,F,,,5.3
2019,PT,KZAKM,,F,,KZAKM,4.8
2019,PT,KZAKT,,F,,KZAKT,4.3
2019,PT,KZALM,,F,,KZALM,5.9
2019,PT,KZATY,,F,,KZATY,4.9
2019,PT,KZZAP,,F,,KZZAP,5.1
2019,PT,KZZHA,,F,,KZZHA,5.0
2019,PT,KZKAR,,F,,KZKAR,5.6
2019,PT,KZKUS,,F,,KZKUS,4.8
2019,PT,KZKZY,,F,,KZKZY,4.9
2019,PT,KZMAN,,F,,KZMAN,6.6
2019,PT,KZPAV,,F,,KZPAV,4.8
2019,PT,KZSEV,,F,,KZSEV,4.6
2019,PT,KZYUZ,,F,,KZYUZ,5.5
2019,PT,KZVOS,,F,,KZVOS,5.4
2019,PT,KZNS,,F,,KZNS,4.6
2019,PT,KZALA,,F,,KZALA,5.8
2019,PT,KZSHY,,F,,KZSHY,5.4
2019,PT,,U,,,,4.8
2019,PT,KZAKM,U,,,KZAKM,4.3
2019,PT,KZAKT,U,,,KZAKT,4.7
2019,PT,KZALM,U,,,KZALM,5.0
2019,PT,KZATY,U,,,KZATY,4.5
2019,PT,KZZAP,U,,,KZZAP,4.8
2019,PT,KZZHA,U,,,KZZHA,5.3
2019,PT,KZKAR,U,,,KZKAR,4.6
2019,PT,KZKUS,U,,,KZKUS,5.2
2019,PT,KZKZY,U,,,KZKZY,4.6
2019,PT,KZMAN,U,,,KZMAN,4.7
2019,PT,KZPAV,U,,,KZPAV,4.8
2019,PT,KZSEV,U,,,KZSEV,4.7
2019,PT,KZYUZ,U,,,KZYUZ,4.6
2019,PT,KZVOS,U,,,KZVOS,4.6
2019,PT,KZNS,U,,,KZNS,4.4
2019,PT,KZALA,U,,,KZALA,5.1
2019,PT,KZSHY,U,,,KZSHY,5.1
2019,PT,,R,,,,4.8
2019,PT,KZAKM,R,,,KZAKM,5.1
2019,PT,KZAKT,R,,,KZAKT,4.9
2019,PT,KZALM,R,,,KZALM,4.5
2019,PT,KZATY,R,,,KZATY,5.2
2019,PT,KZZAP,R,,,KZZAP,4.9
2019,PT,KZZHA,R,,,KZZHA,4.4
2019,PT,KZKAR,R,,,KZKAR,3.6
2019,PT,KZKUS,R,,,KZKUS,4.3
2019,PT,KZKZY,R,,,KZKZY,5.0
2019,PT,KZMAN,R,,,KZMAN,4.9
2019,PT,KZPAV,R,,,KZPAV,4.3
2019,PT,KZSEV,R,,,KZSEV,5.0
2019,PT,KZYUZ,R,,,KZYUZ,5.2
2019,PT,KZVOS,R,,,KZVOS,5.2
2019,PT,,,,Y16T24,,3.6
2019,PT,,,,M25T28,,3.9
2019,PT,,,,M29T34,,6.7
2019,PT,,,,Y35T44,,4.5
2019,PT,,,,Y45T54,,4.3
2019,PT,,,,Y55T64,,5.1
2019,PT,KZAKM,,,Y16T24,KZAKM,2.9
2019,PT,KZAKM,,,M25T28,KZAKM,3.0
2019,PT,KZAKM,,,M29T34,KZAKM,6.2
2019,PT,KZAKM,,,Y35T44,KZAKM,5.7
2019,PT,KZAKM,,,Y45T54,KZAKM,5.9
2019,PT,KZAKM,,,Y55T64,KZAKM,3.0
2019,PT,KZAKT,,,Y16T24,KZAKT,3.6
2019,PT,KZAKT,,,M25T28,KZAKT,3.0
2019,PT,KZAKT,,,M29T34,KZAKT,6.0
2019,PT,KZAKT,,,Y35T44,KZAKT,4.1
2019,PT,KZAKT,,,Y45T54,KZAKT,4.6
2019,PT,KZAKT,,,Y55T64,KZAKT,6.9
2019,PT,KZALM,,,Y16T24,KZALM,3.2
2019,PT,KZALM,,,M25T28,KZALM,2.6
2019,PT,KZALM,,,M29T34,KZALM,6.8
2019,PT,KZALM,,,Y35T44,KZALM,3.6
2019,PT,KZALM,,,Y45T54,KZALM,2.2
2019,PT,KZALM,,,Y55T64,KZALM,11.1
2019,PT,KZATY,,,Y16T24,KZATY,1.6
2019,PT,KZATY,,,M25T28,KZATY,3.4
2019,PT,KZATY,,,M29T34,KZATY,7.5
2019,PT,KZATY,,,Y35T44,KZATY,4.9
2019,PT,KZATY,,,Y45T54,KZATY,5.1
2019,PT,KZATY,,,Y55T64,KZATY,4.9
2019,PT,KZZAP,,,Y16T24,KZZAP,3.8
2019,PT,KZZAP,,,M25T28,KZZAP,3.8
2019,PT,KZZAP,,,M29T34,KZZAP,6.6
2019,PT,KZZAP,,,Y35T44,KZZAP,4.3
2019,PT,KZZAP,,,Y45T54,KZZAP,4.6
2019,PT,KZZAP,,,Y55T64,KZZAP,6.0
2019,PT,KZZHA,,,Y16T24,KZZHA,2.7
2019,PT,KZZHA,,,M25T28,KZZHA,2.9
2019,PT,KZZHA,,,M29T34,KZZHA,7.6
2019,PT,KZZHA,,,Y35T44,KZZHA,4.6
2019,PT,KZZHA,,,Y45T54,KZZHA,5.1
2019,PT,KZZHA,,,Y55T64,KZZHA,5.8
2019,PT,KZKAR,,,Y16T24,KZKAR,5.5
2019,PT,KZKAR,,,M25T28,KZKAR,4.2
2019,PT,KZKAR,,,M29T34,KZKAR,4.4
2019,PT,KZKAR,,,Y35T44,KZKAR,4.2
2019,PT,KZKAR,,,Y45T54,KZKAR,4.6
2019,PT,KZKAR,,,Y55T64,KZKAR,4.4
2019,PT,KZKUS,,,Y16T24,KZKUS,3.1
2019,PT,KZKUS,,,M25T28,KZKUS,3.5
2019,PT,KZKUS,,,M29T34,KZKUS,9.2
2019,PT,KZKUS,,,Y35T44,KZKUS,5.0
2019,PT,KZKUS,,,Y45T54,KZKUS,4.3
2019,PT,KZKUS,,,Y55T64,KZKUS,1.4
2019,PT,KZKZY,,,Y16T24,KZKZY,4.5
2019,PT,KZKZY,,,M25T28,KZKZY,3.8
2019,PT,KZKZY,,,M29T34,KZKZY,8.5
2019,PT,KZKZY,,,Y35T44,KZKZY,4.2
2019,PT,KZKZY,,,Y45T54,KZKZY,3.9
2019,PT,KZKZY,,,Y55T64,KZKZY,2.1
2019,PT,KZMAN,,,Y16T24,KZMAN,4.5
2019,PT,KZMAN,,,M25T28,KZMAN,2.7
2019,PT,KZMAN,,,M29T34,KZMAN,5.2
2019,PT,KZMAN,,,Y35T44,KZMAN,6.1
2019,PT,KZMAN,,,Y45T54,KZMAN,5.4
2019,PT,KZMAN,,,Y55T64,KZMAN,2.4
2019,PT,KZPAV,,,Y16T24,KZPAV,2.6
2019,PT,KZPAV,,,M25T28,KZPAV,3.2
2019,PT,KZPAV,,,M29T34,KZPAV,6.6
2019,PT,KZPAV,,,Y35T44,KZPAV,4.8
2019,PT,KZPAV,,,Y45T54,KZPAV,4.7
2019,PT,KZPAV,,,Y55T64,KZPAV,4.5
2019,PT,KZSEV,,,Y16T24,KZSEV,3.6
2019,PT,KZSEV,,,M25T28,KZSEV,2.6
2019,PT,KZSEV,,,M29T34,KZSEV,6.8
2019,PT,KZSEV,,,Y35T44,KZSEV,4.7
2019,PT,KZSEV,,,Y45T54,KZSEV,5.6
2019,PT,KZSEV,,,Y55T64,KZSEV,3.8
2019,PT,KZYUZ,,,Y16T24,KZYUZ,2.3
2019,PT,KZYUZ,,,M25T28,KZYUZ,3.9
2019,PT,KZYUZ,,,M29T34,KZYUZ,8.9
2019,PT,KZYUZ,,,Y35T44,KZYUZ,4.6
2019,PT,KZYUZ,,,Y45T54,KZYUZ,3.8
2019,PT,KZYUZ,,,Y55T64,KZYUZ,3.3
2019,PT,KZVOS,,,Y16T24,KZVOS,3.5
2019,PT,KZVOS,,,M25T28,KZVOS,3.9
2019,PT,KZVOS,,,M29T34,KZVOS,6.8
2019,PT,KZVOS,,,Y35T44,KZVOS,4.9
2019,PT,KZVOS,,,Y45T54,KZVOS,3.7
2019,PT,KZVOS,,,Y55T64,KZVOS,6.8
2019,PT,KZNS,,,Y16T24,KZNS,4.6
2019,PT,KZNS,,,M25T28,KZNS,4.4
2019,PT,KZNS,,,M29T34,KZNS,3.2
2019,PT,KZNS,,,Y35T44,KZNS,4.1
2019,PT,KZNS,,,Y45T54,KZNS,7.1
2019,PT,KZNS,,,Y55T64,KZNS,2.4
2019,PT,KZALA,,,Y16T24,KZALA,5.0
2019,PT,KZALA,,,M25T28,KZALA,7.4
2019,PT,KZALA,,,M29T34,KZALA,7.1
2019,PT,KZALA,,,Y35T44,KZALA,3.9
2019,PT,KZALA,,,Y45T54,KZALA,3.7
2019,PT,KZALA,,,Y55T64,KZALA,4.1
2019,PT,KZSHY,,,Y16T24,KZSHY,3.2
2019,PT,KZSHY,,,M25T28,KZSHY,4.3
2019,PT,KZSHY,,,M29T34,KZSHY,7.0
2019,PT,KZSHY,,,Y35T44,KZSHY,4.6
2019,PT,KZSHY,,,Y45T54,KZSHY,4.5
2019,PT,KZSHY,,,Y55T64,KZSHY,5.0
2020,PT,,,,,,4.9
2020,PT,KZAKM,,,,KZAKM,4.9
2020,PT,KZAKT,,,,KZAKT,4.8
2020,PT,KZALM,,,,KZALM,4.8
2020,PT,KZATY,,,,KZATY,4.9
2020,PT,KZZAP,,,,KZZAP,5.0
2020,PT,KZZHA,,,,KZZHA,4.9
2020,PT,KZKAR,,,,KZKAR,4.6
2020,PT,KZKUS,,,,KZKUS,4.9
2020,PT,KZKZY,,,,KZKZY,4.9
2020,PT,KZMAN,,,,KZMAN,4.9
2020,PT,KZPAV,,,,KZPAV,4.8
2020,PT,KZSEV,,,,KZSEV,5.0
2020,PT,KZYUZ,,,,KZYUZ,5.2
2020,PT,KZVOS,,,,KZVOS,4.9
2020,PT,KZNS,,,,KZNS,4.6
2020,PT,KZALA,,,,KZALA,5.2
2020,PT,KZSHY,,,,KZSHY,5.1
2020,PT,,,M,,,4.4
2020,PT,KZAKM,,M,,KZAKM,4.9
2020,PT,KZAKT,,M,,KZAKT,4.3
2020,PT,KZALM,,M,,KZALM,3.9
2020,PT,KZATY,,M,,KZATY,4.9
2020,PT,KZZAP,,M,,KZZAP,4.8
2020,PT,KZZHA,,M,,KZZHA,4.8
2020,PT,KZKAR,,M,,KZKAR,3.5
2020,PT,KZKUS,,M,,KZKUS,4.7
2020,PT,KZKZY,,M,,KZKZY,4.9
2020,PT,KZMAN,,M,,KZMAN,3.1
2020,PT,KZPAV,,M,,KZPAV,4.8
2020,PT,KZSEV,,M,,KZSEV,5.2
2020,PT,KZYUZ,,M,,KZYUZ,4.5
2020,PT,KZVOS,,M,,KZVOS,4.5
2020,PT,KZNS,,M,,KZNS,4.5
2020,PT,KZALA,,M,,KZALA,4.6
2020,PT,KZSHY,,M,,KZSHY,4.8
2020,PT,,,F,,,5.4
2020,PT,KZAKM,,F,,KZAKM,4.9
2020,PT,KZAKT,,F,,KZAKT,5.3
2020,PT,KZALM,,F,,KZALM,5.7
2020,PT,KZATY,,F,,KZATY,4.9
2020,PT,KZZAP,,F,,KZZAP,5.2
2020,PT,KZZHA,,F,,KZZHA,5.0
2020,PT,KZKAR,,F,,KZKAR,5.8
2020,PT,KZKUS,,F,,KZKUS,5.1
2020,PT,KZKZY,,F,,KZKZY,4.9
2020,PT,KZMAN,,F,,KZMAN,6.9
2020,PT,KZPAV,,F,,KZPAV,4.8
2020,PT,KZSEV,,F,,KZSEV,4.7
2020,PT,KZYUZ,,F,,KZYUZ,6.1
2020,PT,KZVOS,,F,,KZVOS,5.2
2020,PT,KZNS,,F,,KZNS,4.7
2020,PT,KZALA,,F,,KZALA,5.7
2020,PT,KZSHY,,F,,KZSHY,5.5
2020,PT,,U,,,,4.9
2020,PT,KZAKM,U,,,KZAKM,4.4
2020,PT,KZAKT,U,,,KZAKT,4.7
2020,PT,KZALM,U,,,KZALM,5.5
2020,PT,KZATY,U,,,KZATY,4.8
2020,PT,KZZAP,U,,,KZZAP,4.8
2020,PT,KZZHA,U,,,KZZHA,5.3
2020,PT,KZKAR,U,,,KZKAR,4.8
2020,PT,KZKUS,U,,,KZKUS,5.2
2020,PT,KZKZY,U,,,KZKZY,4.8
2020,PT,KZMAN,U,,,KZMAN,4.5
2020,PT,KZPAV,U,,,KZPAV,5.0
2020,PT,KZSEV,U,,,KZSEV,4.7
2020,PT,KZYUZ,U,,,KZYUZ,5.2
2020,PT,KZVOS,U,,,KZVOS,5.0
2020,PT,KZNS,U,,,KZNS,4.6
2020,PT,KZALA,U,,,KZALA,5.2
2020,PT,KZSHY,U,,,KZSHY,5.1
2020,PT,,R,,,,4.8
2020,PT,KZAKM,R,,,KZAKM,5.3
2020,PT,KZAKT,R,,,KZAKT,5.0
2020,PT,KZALM,R,,,KZALM,4.6
2020,PT,KZATY,R,,,KZATY,5.0
2020,PT,KZZAP,R,,,KZZAP,5.1
2020,PT,KZZHA,R,,,KZZHA,4.5
2020,PT,KZKAR,R,,,KZKAR,3.8
2020,PT,KZKUS,R,,,KZKUS,4.5
2020,PT,KZKZY,R,,,KZKZY,4.9
2020,PT,KZMAN,R,,,KZMAN,5.1
2020,PT,KZPAV,R,,,KZPAV,4.4
2020,PT,KZSEV,R,,,KZSEV,5.2
2020,PT,KZYUZ,R,,,KZYUZ,5.2
2020,PT,KZVOS,R,,,KZVOS,4.6
2020,PT,,,,Y16T24,,3.8
2020,PT,,,,M25T28,,3.9
2020,PT,,,,M29T34,,6.6
2020,PT,,,,Y35T44,,4.7
2020,PT,,,,Y45T54,,4.5
2020,PT,,,,Y55T64,,5.5
2020,PT,KZAKM,,,Y16T24,KZAKM,3.0
2020,PT,KZAKM,,,M25T28,KZAKM,3.3
2020,PT,KZAKM,,,M29T34,KZAKM,6.2
2020,PT,KZAKM,,,Y35T44,KZAKM,6.1
2020,PT,KZAKM,,,Y45T54,KZAKM,5.1
2020,PT,KZAKM,,,Y55T64,KZAKM,4.0
2020,PT,KZAKT,,,Y16T24,KZAKT,3.5
2020,PT,KZAKT,,,M25T28,KZAKT,2.6
2020,PT,KZAKT,,,M29T34,KZAKT,6.5
2020,PT,KZAKT,,,Y35T44,KZAKT,4.3
2020,PT,KZAKT,,,Y45T54,KZAKT,4.7
2020,PT,KZAKT,,,Y55T64,KZAKT,5.2
2020,PT,KZALM,,,Y16T24,KZALM,3.6
2020,PT,KZALM,,,M25T28,KZALM,2.8
2020,PT,KZALM,,,M29T34,KZALM,7.3
2020,PT,KZALM,,,Y35T44,KZALM,4.0
2020,PT,KZALM,,,Y45T54,KZALM,3.4
2020,PT,KZALM,,,Y55T64,KZALM,9.6
2020,PT,KZATY,,,Y16T24,KZATY,1.5
2020,PT,KZATY,,,M25T28,KZATY,3.2
2020,PT,KZATY,,,M29T34,KZATY,8.7
2020,PT,KZATY,,,Y35T44,KZATY,4.4
2020,PT,KZATY,,,Y45T54,KZATY,4.2
2020,PT,KZATY,,,Y55T64,KZATY,5.5
2020,PT,KZZAP,,,Y16T24,KZZAP,4.1
2020,PT,KZZAP,,,M25T28,KZZAP,3.7
2020,PT,KZZAP,,,M29T34,KZZAP,5.3
2020,PT,KZZAP,,,Y35T44,KZZAP,5.1
2020,PT,KZZAP,,,Y45T54,KZZAP,4.9
2020,PT,KZZAP,,,Y55T64,KZZAP,6.4
2020,PT,KZZHA,,,Y16T24,KZZHA,2.8
2020,PT,KZZHA,,,M25T28,KZZHA,3.2
2020,PT,KZZHA,,,M29T34,KZZHA,8.1
2020,PT,KZZHA,,,Y35T44,KZZHA,5.1
2020,PT,KZZHA,,,Y45T54,KZZHA,7.0
2020,PT,KZZHA,,,Y55T64,KZZHA,2.4
2020,PT,KZKAR,,,Y16T24,KZKAR,5.8
2020,PT,KZKAR,,,M25T28,KZKAR,4.4
2020,PT,KZKAR,,,M29T34,KZKAR,4.5
2020,PT,KZKAR,,,Y35T44,KZKAR,3.8
2020,PT,KZKAR,,,Y45T54,KZKAR,4.3
2020,PT,KZKAR,,,Y55T64,KZKAR,6.3
2020,PT,KZKUS,,,Y16T24,KZKUS,3.0
2020,PT,KZKUS,,,M25T28,KZKUS,3.3
2020,PT,KZKUS,,,M29T34,KZKUS,8.1
2020,PT,KZKUS,,,Y35T44,KZKUS,6.2
2020,PT,KZKUS,,,Y45T54,KZKUS,4.0
2020,PT,KZKUS,,,Y55T64,KZKUS,3.0
2020,PT,KZKZY,,,Y16T24,KZKZY,4.8
2020,PT,KZKZY,,,M25T28,KZKZY,3.8
2020,PT,KZKZY,,,M29T34,KZKZY,9.8
2020,PT,KZKZY,,,Y35T44,KZKZY,3.7
2020,PT,KZKZY,,,Y45T54,KZKZY,2.9
2020,PT,KZKZY,,,Y55T64,KZKZY,2.8
2020,PT,KZMAN,,,Y16T24,KZMAN,3.9
2020,PT,KZMAN,,,M25T28,KZMAN,3.4
2020,PT,KZMAN,,,M29T34,KZMAN,5.8
2020,PT,KZMAN,,,Y35T44,KZMAN,5.6
2020,PT,KZMAN,,,Y45T54,KZMAN,4.2
2020,PT,KZMAN,,,Y55T64,KZMAN,5.3
2020,PT,KZPAV,,,Y16T24,KZPAV,2.4
2020,PT,KZPAV,,,M25T28,KZPAV,3.3
2020,PT,KZPAV,,,M29T34,KZPAV,8.1
2020,PT,KZPAV,,,Y35T44,KZPAV,4.8
2020,PT,KZPAV,,,Y45T54,KZPAV,4.1
2020,PT,KZPAV,,,Y55T64,KZPAV,5.1
2020,PT,KZSEV,,,Y16T24,KZSEV,6.6
2020,PT,KZSEV,,,M25T28,KZSEV,1.8
2020,PT,KZSEV,,,M29T34,KZSEV,7.1
2020,PT,KZSEV,,,Y35T44,KZSEV,5.1
2020,PT,KZSEV,,,Y45T54,KZSEV,5.0
2020,PT,KZSEV,,,Y55T64,KZSEV,3.9
2020,PT,KZYUZ,,,Y16T24,KZYUZ,2.1
2020,PT,KZYUZ,,,M25T28,KZYUZ,4.4
2020,PT,KZYUZ,,,M29T34,KZYUZ,5.5
2020,PT,KZYUZ,,,Y35T44,KZYUZ,5.5
2020,PT,KZYUZ,,,Y45T54,KZYUZ,6.1
2020,PT,KZYUZ,,,Y55T64,KZYUZ,5.7
2020,PT,KZVOS,,,Y16T24,KZVOS,3.3
2020,PT,KZVOS,,,M25T28,KZVOS,3.0
2020,PT,KZVOS,,,M29T34,KZVOS,7.1
2020,PT,KZVOS,,,Y35T44,KZVOS,4.0
2020,PT,KZVOS,,,Y45T54,KZVOS,4.4
2020,PT,KZVOS,,,Y55T64,KZVOS,8.4
2020,PT,KZNS,,,Y16T24,KZNS,4.7
2020,PT,KZNS,,,M25T28,KZNS,4.5
2020,PT,KZNS,,,M29T34,KZNS,4.3
2020,PT,KZNS,,,Y35T44,KZNS,4.4
2020,PT,KZNS,,,Y45T54,KZNS,4.9
2020,PT,KZNS,,,Y55T64,KZNS,5.5
2020,PT,KZALA,,,Y16T24,KZALA,5.4
2020,PT,KZALA,,,M25T28,KZALA,6.4
2020,PT,KZALA,,,M29T34,KZALA,7.2
2020,PT,KZALA,,,Y35T44,KZALA,4.7
2020,PT,KZALA,,,Y45T54,KZALA,3.2
2020,PT,KZALA,,,Y55T64,KZALA,4.3
2020,PT,KZSHY,,,Y16T24,KZSHY,3.4
2020,PT,KZSHY,,,M25T28,KZSHY,3.9
2020,PT,KZSHY,,,M29T34,KZSHY,6.6
2020,PT,KZSHY,,,Y35T44,KZSHY,4.5
2020,PT,KZSHY,,,Y45T54,KZSHY,4.9
2020,PT,KZSHY,,,Y55T64,KZSHY,6.9
2021,PT,,,,,,4.9
2021,PT,KZAKM,,,,KZAKM,4.9
2021,PT,KZAKT,,,,KZAKT,4.8
2021,PT,KZALM,,,,KZALM,4.8
2021,PT,KZATY,,,,KZATY,4.9
2021,PT,KZZAP,,,,KZZAP,4.9
2021,PT,KZZHA,,,,KZZHA,4.9
2021,PT,KZKAR,,,,KZKAR,4.5
2021,PT,KZKUS,,,,KZKUS,4.8
2021,PT,KZKZY,,,,KZKZY,4.9
2021,PT,KZMAN,,,,KZMAN,4.9
2021,PT,KZPAV,,,,KZPAV,4.8
2021,PT,KZSEV,,,,KZSEV,4.9
2021,PT,KZYUZ,,,,KZYUZ,5.1
2021,PT,KZVOS,,,,KZVOS,4.8
2021,PT,KZNS,,,,KZNS,4.6
2021,PT,KZALA,,,,KZALA,5.2
2021,PT,KZSHY,,,,KZSHY,5.0
2021,PT,,,M,,,4.2
2021,PT,KZAKM,,M,,KZAKM,4.9
2021,PT,KZAKT,,M,,KZAKT,4.4
2021,PT,KZALM,,M,,KZALM,3.6
2021,PT,KZATY,,M,,KZATY,4.8
2021,PT,KZZAP,,M,,KZZAP,4.5
2021,PT,KZZHA,,M,,KZZHA,4.8
2021,PT,KZKAR,,M,,KZKAR,3.3
2021,PT,KZKUS,,M,,KZKUS,4.9
2021,PT,KZKZY,,M,,KZKZY,4.9
2021,PT,KZMAN,,M,,KZMAN,2.1
2021,PT,KZPAV,,M,,KZPAV,4.8
2021,PT,KZSEV,,M,,KZSEV,4.8
2021,PT,KZYUZ,,M,,KZYUZ,4.6
2021,PT,KZVOS,,M,,KZVOS,4.5
2021,PT,KZNS,,M,,KZNS,4.5
2021,PT,KZALA,,M,,KZALA,3.9
2021,PT,KZSHY,,M,,KZSHY,4.1
2021,PT,,,F,,,5.5
2021,PT,KZAKM,,F,,KZAKM,5.0
2021,PT,KZAKT,,F,,KZAKT,5.2
2021,PT,KZALM,,F,,KZALM,6.0
2021,PT,KZATY,,F,,KZATY,4.9
2021,PT,KZZAP,,F,,KZZAP,5.2
2021,PT,KZZHA,,F,,KZZHA,4.9
2021,PT,KZKAR,,F,,KZKAR,5.7
2021,PT,KZKUS,,F,,KZKUS,4.7
2021,PT,KZKZY,,F,,KZKZY,4.9
2021,PT,KZMAN,,F,,KZMAN,8.0
2021,PT,KZPAV,,F,,KZPAV,4.8
2021,PT,KZSEV,,F,,KZSEV,4.9
2021,PT,KZYUZ,,F,,KZYUZ,5.7
2021,PT,KZVOS,,F,,KZVOS,5.1
2021,PT,KZNS,,F,,KZNS,4.7
2021,PT,KZALA,,F,,KZALA,6.3
2021,PT,KZSHY,,F,,KZSHY,6.0
2021,PT,,U,,,,4.9
2021,PT,KZAKM,U,,,KZAKM,4.4
2021,PT,KZAKT,U,,,KZAKT,4.7
2021,PT,KZALM,U,,,KZALM,5.3
2021,PT,KZATY,U,,,KZATY,4.8
2021,PT,KZZAP,U,,,KZZAP,4.7
2021,PT,KZZHA,U,,,KZZHA,5.3
2021,PT,KZKAR,U,,,KZKAR,4.7
2021,PT,KZKUS,U,,,KZKUS,5.1
2021,PT,KZKZY,U,,,KZKZY,5.0
2021,PT,KZMAN,U,,,KZMAN,4.4
2021,PT,KZPAV,U,,,KZPAV,5.0
2021,PT,KZSEV,U,,,KZSEV,4.5
2021,PT,KZYUZ,U,,,KZYUZ,4.9
2021,PT,KZVOS,U,,,KZVOS,4.9
2021,PT,KZNS,U,,,KZNS,4.6
2021,PT,KZALA,U,,,KZALA,5.2
2021,PT,KZSHY,U,,,KZSHY,5.0
2021,PT,,R,,,,4.8
2021,PT,KZAKM,R,,,KZAKM,5.4
2021,PT,KZAKT,R,,,KZAKT,5.0
2021,PT,KZALM,R,,,KZALM,4.6
2021,PT,KZATY,R,,,KZATY,5.0
2021,PT,KZZAP,R,,,KZZAP,5.0
2021,PT,KZZHA,R,,,KZZHA,4.6
2021,PT,KZKAR,R,,,KZKAR,3.6
2021,PT,KZKUS,R,,,KZKUS,4.5
2021,PT,KZKZY,R,,,KZKZY,4.8
2021,PT,KZMAN,R,,,KZMAN,5.2
2021,PT,KZPAV,R,,,KZPAV,4.3
2021,PT,KZSEV,R,,,KZSEV,5.2
2021,PT,KZYUZ,R,,,KZYUZ,5.1
2021,PT,KZVOS,R,,,KZVOS,4.6
2021,PT,,,,Y16T24,,3.7
2021,PT,,,,M25T28,,3.8
2021,PT,,,,M29T34,,6.9
2021,PT,,,,Y35T44,,4.4
2021,PT,,,,Y45T54,,4.4
2021,PT,,,,Y55T64,,5.7
2021,PT,KZAKM,,,Y16T24,KZAKM,3.1
2021,PT,KZAKM,,,M25T28,KZAKM,3.0
2021,PT,KZAKM,,,M29T34,KZAKM,6.3
2021,PT,KZAKM,,,Y35T44,KZAKM,5.5
2021,PT,KZAKM,,,Y45T54,KZAKM,5.6
2021,PT,KZAKM,,,Y55T64,KZAKM,4.6
2021,PT,KZAKT,,,Y16T24,KZAKT,1.8
2021,PT,KZAKT,,,M25T28,KZAKT,3.3
2021,PT,KZAKT,,,M29T34,KZAKT,5.7
2021,PT,KZAKT,,,Y35T44,KZAKT,5.2
2021,PT,KZAKT,,,Y45T54,KZAKT,4.2
2021,PT,KZAKT,,,Y55T64,KZAKT,6.3
2021,PT,KZALM,,,Y16T24,KZALM,3.4
2021,PT,KZALM,,,M25T28,KZALM,3.1
2021,PT,KZALM,,,M29T34,KZALM,9.3
2021,PT,KZALM,,,Y35T44,KZALM,4.2
2021,PT,KZALM,,,Y45T54,KZALM,3.4
2021,PT,KZALM,,,Y55T64,KZALM,6.1
2021,PT,KZATY,,,Y16T24,KZATY,1.5
2021,PT,KZATY,,,M25T28,KZATY,3.3
2021,PT,KZATY,,,M29T34,KZATY,7.5
2021,PT,KZATY,,,Y35T44,KZATY,4.4
2021,PT,KZATY,,,Y45T54,KZATY,5.0
2021,PT,KZATY,,,Y55T64,KZATY,6.1
2021,PT,KZZAP,,,Y16T24,KZZAP,4.0
2021,PT,KZZAP,,,M25T28,KZZAP,3.8
2021,PT,KZZAP,,,M29T34,KZZAP,6.3
2021,PT,KZZAP,,,Y35T44,KZZAP,4.4
2021,PT,KZZAP,,,Y45T54,KZZAP,3.8
2021,PT,KZZAP,,,Y55T64,KZZAP,7.0
2021,PT,KZZHA,,,Y16T24,KZZHA,3.0
2021,PT,KZZHA,,,M25T28,KZZHA,2.5
2021,PT,KZZHA,,,M29T34,KZZHA,9.8
2021,PT,KZZHA,,,Y35T44,KZZHA,4.3
2021,PT,KZZHA,,,Y45T54,KZZHA,4.4
2021,PT,KZZHA,,,Y55T64,KZZHA,6.1
2021,PT,KZKAR,,,Y16T24,KZKAR,5.3
2021,PT,KZKAR,,,M25T28,KZKAR,4.4
2021,PT,KZKAR,,,M29T34,KZKAR,5.0
2021,PT,KZKAR,,,Y35T44,KZKAR,2.9
2021,PT,KZKAR,,,Y45T54,KZKAR,3.9
2021,PT,KZKAR,,,Y55T64,KZKAR,7.6
2021,PT,KZKUS,,,Y16T24,KZKUS,3.2
2021,PT,KZKUS,,,M25T28,KZKUS,2.8
2021,PT,KZKUS,,,M29T34,KZKUS,7.9
2021,PT,KZKUS,,,Y35T44,KZKUS,5.0
2021,PT,KZKUS,,,Y45T54,KZKUS,4.7
2021,PT,KZKUS,,,Y55T64,KZKUS,4.6
2021,PT,KZKZY,,,Y16T24,KZKZY,4.7
2021,PT,KZKZY,,,M25T28,KZKZY,3.6
2021,PT,KZKZY,,,M29T34,KZKZY,9.4
2021,PT,KZKZY,,,Y35T44,KZKZY,4.0
2021,PT,KZKZY,,,Y45T54,KZKZY,3.0
2021,PT,KZKZY,,,Y55T64,KZKZY,4.1
2021,PT,KZMAN,,,Y16T24,KZMAN,3.8
2021,PT,KZMAN,,,M25T28,KZMAN,3.6
2021,PT,KZMAN,,,M29T34,KZMAN,7.6
2021,PT,KZMAN,,,Y35T44,KZMAN,4.3
2021,PT,KZMAN,,,Y45T54,KZMAN,3.9
2021,PT,KZMAN,,,Y55T64,KZMAN,2.4
2021,PT,KZPAV,,,Y16T24,KZPAV,2.4
2021,PT,KZPAV,,,M25T28,KZPAV,3.2
2021,PT,KZPAV,,,M29T34,KZPAV,6.5
2021,PT,KZPAV,,,Y35T44,KZPAV,4.2
2021,PT,KZPAV,,,Y45T54,KZPAV,5.4
2021,PT,KZPAV,,,Y55T64,KZPAV,5.7
2021,PT,KZSEV,,,Y16T24,KZSEV,4.4
2021,PT,KZSEV,,,M25T28,KZSEV,1.7
2021,PT,KZSEV,,,M29T34,KZSEV,6.7
2021,PT,KZSEV,,,Y35T44,KZSEV,5.0
2021,PT,KZSEV,,,Y45T54,KZSEV,6.3
2021,PT,KZSEV,,,Y55T64,KZSEV,3.4
2021,PT,KZYUZ,,,Y16T24,KZYUZ,2.6
2021,PT,KZYUZ,,,M25T28,KZYUZ,4.2
2021,PT,KZYUZ,,,M29T34,KZYUZ,5.3
2021,PT,KZYUZ,,,Y35T44,KZYUZ,4.8
2021,PT,KZYUZ,,,Y45T54,KZYUZ,4.9
2021,PT,KZYUZ,,,Y55T64,KZYUZ,10.1
2021,PT,KZVOS,,,Y16T24,KZVOS,3.1
2021,PT,KZVOS,,,M25T28,KZVOS,3.0
2021,PT,KZVOS,,,M29T34,KZVOS,9.1
2021,PT,KZVOS,,,Y35T44,KZVOS,4.0
2021,PT,KZVOS,,,Y45T54,KZVOS,3.7
2021,PT,KZVOS,,,Y55T64,KZVOS,7.3
2021,PT,KZNS,,,Y16T24,KZNS,4.7
2021,PT,KZNS,,,M25T28,KZNS,4.5
2021,PT,KZNS,,,M29T34,KZNS,6.0
2021,PT,KZNS,,,Y35T44,KZNS,3.9
2021,PT,KZNS,,,Y45T54,KZNS,4.6
2021,PT,KZNS,,,Y55T64,KZNS,4.3
2021,PT,KZALA,,,Y16T24,KZALA,5.7
2021,PT,KZALA,,,M25T28,KZALA,6.0
2021,PT,KZALA,,,M29T34,KZALA,6.5
2021,PT,KZALA,,,Y35T44,KZALA,4.9
2021,PT,KZALA,,,Y45T54,KZALA,4.5
2021,PT,KZALA,,,Y55T64,KZALA,3.4
2021,PT,KZSHY,,,Y16T24,KZSHY,3.5
2021,PT,KZSHY,,,M25T28,KZSHY,3.8
2021,PT,KZSHY,,,M29T34,KZSHY,6.1
2021,PT,KZSHY,,,Y35T44,KZSHY,4.3
2021,PT,KZSHY,,,Y45T54,KZSHY,6.2
2021,PT,KZSHY,,,Y55T64,KZSHY,5.3
2022,PT,,,,,,4.9
2022,PT,KZAKM,,,,KZAKM,4.8
2022,PT,KZAKT,,,,KZAKT,4.8
2022,PT,KZALM,,,,KZALM,4.7
2022,PT,KZATY,,,,KZATY,4.8
2022,PT,KZZAP,,,,KZZAP,5.0
2022,PT,KZZHA,,,,KZZHA,5.0
2022,PT,KZKAR,,,,KZKAR,4.4
2022,PT,KZKUS,,,,KZKUS,4.9
2022,PT,KZKZY,,,,KZKZY,4.9
2022,PT,KZMAN,,,,KZMAN,5.1
2022,PT,KZPAV,,,,KZPAV,4.8
2022,PT,KZSEV,,,,KZSEV,4.9
2022,PT,KZYUZ,,,,KZYUZ,5.2
2022,PT,KZVOS,,,,KZVOS,4.7
2022,PT,KZNS,,,,KZNS,4.6
2022,PT,KZALA,,,,KZALA,5.0
2022,PT,KZSHY,,,,KZSHY,5.0
2022,PT,,,M,,,4.3
2022,PT,KZAKM,,M,,KZAKM,4.6
2022,PT,KZAKT,,M,,KZAKT,5.3
2022,PT,KZALM,,M,,KZALM,3.4
2022,PT,KZATY,,M,,KZATY,4.8
2022,PT,KZZAP,,M,,KZZAP,4.5
2022,PT,KZZHA,,M,,KZZHA,4.8
2022,PT,KZKAR,,M,,KZKAR,2.7
2022,PT,KZKUS,,M,,KZKUS,5.0
2022,PT,KZKZY,,M,,KZKZY,4.9
2022,PT,KZMAN,,M,,KZMAN,2.7
2022,PT,KZPAV,,M,,KZPAV,4.8
2022,PT,KZSEV,,M,,KZSEV,4.6
2022,PT,KZYUZ,,M,,KZYUZ,4.4
2022,PT,KZVOS,,M,,KZVOS,4.7
2022,PT,KZNS,,M,,KZNS,4.6
2022,PT,KZALA,,M,,KZALA,3.9
2022,PT,KZSHY,,M,,KZSHY,4.9
2022,PT,,,F,,,5.5
2022,PT,KZAKM,,F,,KZAKM,4.9
2022,PT,KZAKT,,F,,KZAKT,4.2
2022,PT,KZALM,,F,,KZALM,6.1
2022,PT,KZATY,,F,,KZATY,4.9
2022,PT,KZZAP,,F,,KZZAP,5.5
2022,PT,KZZHA,,F,,KZZHA,5.1
2022,PT,KZKAR,,F,,KZKAR,6.4
2022,PT,KZKUS,,F,,KZKUS,4.7
2022,PT,KZKZY,,F,,KZKZY,4.9
2022,PT,KZMAN,,F,,KZMAN,7.9
2022,PT,KZPAV,,F,,KZPAV,4.7
2022,PT,KZSEV,,F,,KZSEV,5.1
2022,PT,KZYUZ,,F,,KZYUZ,6.1
2022,PT,KZVOS,,F,,KZVOS,4.8
2022,PT,KZNS,,F,,KZNS,4.6
2022,PT,KZALA,,F,,KZALA,6.2
2022,PT,KZSHY,,F,,KZSHY,5.1
2022,PT,,U,,,,4.9
2022,PT,KZAKM,U,,,KZAKM,4.4
2022,PT,KZAKT,U,,,KZAKT,4.6
2022,PT,KZALM,U,,,KZALM,6.9
2022,PT,KZATY,U,,,KZATY,4.8
2022,PT,KZZAP,U,,,KZZAP,4.9
2022,PT,KZZHA,U,,,KZZHA,5.4
2022,PT,KZKAR,U,,,KZKAR,4.7
2022,PT,KZKUS,U,,,KZKUS,5.0
2022,PT,KZKZY,U,,,KZKZY,5.1
2022,PT,KZMAN,U,,,KZMAN,5.1
2022,PT,KZPAV,U,,,KZPAV,4.9
2022,PT,KZSEV,U,,,KZSEV,4.3
2022,PT,KZYUZ,U,,,KZYUZ,4.8
2022,PT,KZVOS,U,,,KZVOS,4.7
2022,PT,KZNS,U,,,KZNS,4.6
2022,PT,KZALA,U,,,KZALA,5.0
2022,PT,KZSHY,U,,,KZSHY,5.0
2022,PT,,R,,,,4.8
2022,PT,KZAKM,R,,,KZAKM,5.2
2022,PT,KZAKT,R,,,KZAKT,5.5
2022,PT,KZALM,R,,,KZALM,4.4
2022,PT,KZATY,R,,,KZATY,4.9
2022,PT,KZZAP,R,,,KZZAP,5.1
2022,PT,KZZHA,R,,,KZZHA,4.6
2022,PT,KZKAR,R,,,KZKAR,3.3
2022,PT,KZKUS,R,,,KZKUS,4.7
2022,PT,KZKZY,R,,,KZKZY,4.7
2022,PT,KZMAN,R,,,KZMAN,5.1
2022,PT,KZPAV,R,,,KZPAV,4.3
2022,PT,KZSEV,R,,,KZSEV,5.3
2022,PT,KZYUZ,R,,,KZYUZ,5.3
2022,PT,KZVOS,R,,,KZVOS,4.8
2022,PT,,,,Y16T24,,3.8
2022,PT,,,,M25T28,,3.8
2022,PT,,,,M29T34,,6.4
2022,PT,,,,Y35T44,,4.6
2022,PT,,,,Y45T54,,4.1
2022,PT,,,,Y55T64,,6.3
2022,PT,KZAKM,,,Y16T24,KZAKM,3.2
2022,PT,KZAKM,,,M25T28,KZAKM,2.9
2022,PT,KZAKM,,,M29T34,KZAKM,5.4
2022,PT,KZAKM,,,Y35T44,KZAKM,5.4
2022,PT,KZAKM,,,Y45T54,KZAKM,5.4
2022,PT,KZAKM,,,Y55T64,KZAKM,5.0
2022,PT,KZAKT,,,Y16T24,KZAKT,4.2
2022,PT,KZAKT,,,M25T28,KZAKT,2.0
2022,PT,KZAKT,,,M29T34,KZAKT,6.4
2022,PT,KZAKT,,,Y35T44,KZAKT,4.1
2022,PT,KZAKT,,,Y45T54,KZAKT,5.4
2022,PT,KZAKT,,,Y55T64,KZAKT,5.1
2022,PT,KZALM,,,Y16T24,KZALM,3.4
2022,PT,KZALM,,,M25T28,KZALM,3.1
2022,PT,KZALM,,,M29T34,KZALM,8.6
2022,PT,KZALM,,,Y35T44,KZALM,4.2
2022,PT,KZALM,,,Y45T54,KZALM,2.1
2022,PT,KZALM,,,Y55T64,KZALM,7.4
2022,PT,KZATY,,,Y16T24,KZATY,1.1
2022,PT,KZATY,,,M25T28,KZATY,3.9
2022,PT,KZATY,,,M29T34,KZATY,5.2
2022,PT,KZATY,,,Y35T44,KZATY,5.7
2022,PT,KZATY,,,Y45T54,KZATY,4.0
2022,PT,KZATY,,,Y55T64,KZATY,8.0
2022,PT,KZZAP,,,Y16T24,KZZAP,4.1
2022,PT,KZZAP,,,M25T28,KZZAP,3.9
2022,PT,KZZAP,,,M29T34,KZZAP,5.6
2022,PT,KZZAP,,,Y35T44,KZZAP,4.4
2022,PT,KZZAP,,,Y45T54,KZZAP,5.9
2022,PT,KZZAP,,,Y55T64,KZZAP,5.4
2022,PT,KZZHA,,,Y16T24,KZZHA,2.9
2022,PT,KZZHA,,,M25T28,KZZHA,3.2
2022,PT,KZZHA,,,M29T34,KZZHA,10.0
2022,PT,KZZHA,,,Y35T44,KZZHA,4.0
2022,PT,KZZHA,,,Y45T54,KZZHA,4.4
2022,PT,KZZHA,,,Y55T64,KZZHA,3.8
2022,PT,KZKAR,,,Y16T24,KZKAR,5.2
2022,PT,KZKAR,,,M25T28,KZKAR,4.0
2022,PT,KZKAR,,,M29T34,KZKAR,3.7
2022,PT,KZKAR,,,Y35T44,KZKAR,4.9
2022,PT,KZKAR,,,Y45T54,KZKAR,2.8
2022,PT,KZKAR,,,Y55T64,KZKAR,7.6
2022,PT,KZKUS,,,Y16T24,KZKUS,3.0
2022,PT,KZKUS,,,M25T28,KZKUS,2.6
2022,PT,KZKUS,,,M29T34,KZKUS,7.4
2022,PT,KZKUS,,,Y35T44,KZKUS,5.8
2022,PT,KZKUS,,,Y45T54,KZKUS,6.1
2022,PT,KZKUS,,,Y55T64,KZKUS,2.7
2022,PT,KZKZY,,,Y16T24,KZKZY,4.7
2022,PT,KZKZY,,,M25T28,KZKZY,3.4
2022,PT,KZKZY,,,M29T34,KZKZY,8.8
2022,PT,KZKZY,,,Y35T44,KZKZY,3.8
2022,PT,KZKZY,,,Y45T54,KZKZY,3.7
2022,PT,KZKZY,,,Y55T64,KZKZY,5.2
2022,PT,KZMAN,,,Y16T24,KZMAN,3.0
2022,PT,KZMAN,,,M25T28,KZMAN,3.6
2022,PT,KZMAN,,,M29T34,KZMAN,7.7
2022,PT,KZMAN,,,Y35T44,KZMAN,4.4
2022,PT,KZMAN,,,Y45T54,KZMAN,3.7
2022,PT,KZMAN,,,Y55T64,KZMAN,2.9
2022,PT,KZPAV,,,Y16T24,KZPAV,2.4
2022,PT,KZPAV,,,M25T28,KZPAV,3.1
2022,PT,KZPAV,,,M29T34,KZPAV,8.9
2022,PT,KZPAV,,,Y35T44,KZPAV,4.7
2022,PT,KZPAV,,,Y45T54,KZPAV,3.1
2022,PT,KZPAV,,,Y55T64,KZPAV,5.7
2022,PT,KZSEV,,,Y16T24,KZSEV,5.2
2022,PT,KZSEV,,,M25T28,KZSEV,2.2
2022,PT,KZSEV,,,M29T34,KZSEV,5.6
2022,PT,KZSEV,,,Y35T44,KZSEV,4.9
2022,PT,KZSEV,,,Y45T54,KZSEV,6.5
2022,PT,KZSEV,,,Y55T64,KZSEV,3.7
2022,PT,KZYUZ,,,Y16T24,KZYUZ,2.7
2022,PT,KZYUZ,,,M25T28,KZYUZ,4.8
2022,PT,KZYUZ,,,M29T34,KZYUZ,5.3
2022,PT,KZYUZ,,,Y35T44,KZYUZ,4.7
2022,PT,KZYUZ,,,Y45T54,KZYUZ,4.8
2022,PT,KZYUZ,,,Y55T64,KZYUZ,10.4
2022,PT,KZVOS,,,Y16T24,KZVOS,4.6
2022,PT,KZVOS,,,M25T28,KZVOS,1.9
2022,PT,KZVOS,,,M29T34,KZVOS,7.8
2022,PT,KZVOS,,,Y35T44,KZVOS,3.1
2022,PT,KZVOS,,,Y45T54,KZVOS,3.5
2022,PT,KZVOS,,,Y55T64,KZVOS,7.9
2022,PT,KZNS,,,Y16T24,KZNS,4.7
2022,PT,KZNS,,,M25T28,KZNS,4.6
2022,PT,KZNS,,,M29T34,KZNS,4.6
2022,PT,KZNS,,,Y35T44,KZNS,3.6
2022,PT,KZNS,,,Y45T54,KZNS,4.1
2022,PT,KZNS,,,Y55T64,KZNS,9.2
2022,PT,KZALA,,,Y16T24,KZALA,5.6
2022,PT,KZALA,,,M25T28,KZALA,5.3
2022,PT,KZALA,,,M29T34,KZALA,6.0
2022,PT,KZALA,,,Y35T44,KZALA,5.5
2022,PT,KZALA,,,Y45T54,KZALA,2.2
2022,PT,KZALA,,,Y55T64,KZALA,5.6
2022,PT,KZSHY,,,Y16T24,KZSHY,2.5
2022,PT,KZSHY,,,M25T28,KZSHY,4.6
2022,PT,KZSHY,,,M29T34,KZSHY,5.0
2022,PT,KZSHY,,,Y35T44,KZSHY,4.1
2022,PT,KZSHY,,,Y45T54,KZSHY,4.9
2022,PT,KZSHY,,,Y55T64,KZSHY,11.3
2023,PT,,,,,,4.7
2023,PT,KZAKM,,,,KZAKM,4.8
2023,PT,KZAKT,,,,KZAKT,4.7
2023,PT,KZALM,,,,KZALM,4.7
2023,PT,KZATY,,,,KZATY,4.8
2023,PT,KZZAP,,,,KZZAP,4.9
2023,PT,KZZHA,,,,KZZHA,4.8
2023,PT,KZKAR,,,,KZKAR,4.1
2023,PT,KZKUS,,,,KZKUS,4.8
2023,PT,KZKZY,,,,KZKZY,4.9
2023,PT,KZMAN,,,,KZMAN,5.0
2023,PT,KZPAV,,,,KZPAV,4.8
2023,PT,KZSEV,,,,KZSEV,4.8
2023,PT,KZYUZ,,,,KZYUZ,5.0
2023,PT,KZVOS,,,,KZVOS,4.6
2023,PT,KZNS,,,,KZNS,4.5
2023,PT,KZALA,,,,KZALA,4.8
2023,PT,KZSHY,,,,KZSHY,4.9
2023,PT,,,M,,,4.2
2023,PT,KZAKM,,M,,KZAKM,4.6
2023,PT,KZAKT,,M,,KZAKT,4.0
2023,PT,KZALM,,M,,KZALM,4.3
2023,PT,KZATY,,M,,KZATY,4.8
2023,PT,KZZAP,,M,,KZZAP,4.4
2023,PT,KZZHA,,M,,KZZHA,4.5
2023,PT,KZKAR,,M,,KZKAR,3.1
2023,PT,KZKUS,,M,,KZKUS,4.7
2023,PT,KZKZY,,M,,KZKZY,4.9
2023,PT,KZMAN,,M,,KZMAN,2.8
2023,PT,KZPAV,,M,,KZPAV,4.8
2023,PT,KZSEV,,M,,KZSEV,4.6
2023,PT,KZYUZ,,M,,KZYUZ,4.4
2023,PT,KZVOS,,M,,KZVOS,3.8
2023,PT,KZNS,,M,,KZNS,4.4
2023,PT,KZALA,,M,,KZALA,4.1
2023,PT,KZSHY,,M,,KZSHY,4.9
2023,PT,,,F,,,5.3
2023,PT,KZAKM,,F,,KZAKM,5.0
2023,PT,KZAKT,,F,,KZAKT,5.6
2023,PT,KZALM,,F,,KZALM,5.1
2023,PT,KZATY,,F,,KZATY,4.8
2023,PT,KZZAP,,F,,KZZAP,5.4
2023,PT,KZZHA,,F,,KZZHA,5.1
2023,PT,KZKAR,,F,,KZKAR,5.1
2023,PT,KZKUS,,F,,KZKUS,4.9
2023,PT,KZKZY,,F,,KZKZY,4.9
2023,PT,KZMAN,,F,,KZMAN,7.5
2023,PT,KZPAV,,F,,KZPAV,4.8
2023,PT,KZSEV,,F,,KZSEV,5.0
2023,PT,KZYUZ,,F,,KZYUZ,5.4
2023,PT,KZVOS,,F,,KZVOS,5.6
2023,PT,KZNS,,F,,KZNS,4.6
2023,PT,KZALA,,F,,KZALA,5.4
2023,PT,KZSHY,,F,,KZSHY,4.8
2023,PT,,U,,,,4.7
2023,PT,KZAKM,U,,,KZAKM,4.5
2023,PT,KZAKT,U,,,KZAKT,4.5
2023,PT,KZALM,U,,,KZALM,6.1
2023,PT,KZATY,U,,,KZATY,4.8
2023,PT,KZZAP,U,,,KZZAP,4.7
2023,PT,KZZHA,U,,,KZZHA,4.8
2023,PT,KZKAR,U,,,KZKAR,4.3
2023,PT,KZKUS,U,,,KZKUS,4.9
2023,PT,KZKZY,U,,,KZKZY,5.0
2023,PT,KZMAN,U,,,KZMAN,4.8
2023,PT,KZPAV,U,,,KZPAV,5.0
2023,PT,KZSEV,U,,,KZSEV,4.8
2023,PT,KZYUZ,U,,,KZYUZ,4.7
2023,PT,KZVOS,U,,,KZVOS,4.4
2023,PT,KZNS,U,,,KZNS,4.5
2023,PT,KZALA,U,,,KZALA,4.8
2023,PT,KZSHY,U,,,KZSHY,4.9
2023,PT,,R,,,,4.8
2023,PT,KZAKM,R,,,KZAKM,5.2
2023,PT,KZAKT,R,,,KZAKT,5.4
2023,PT,KZALM,R,,,KZALM,4.5
2023,PT,KZATY,R,,,KZATY,4.8
2023,PT,KZZAP,R,,,KZZAP,5.0
2023,PT,KZZHA,R,,,KZZHA,4.7
2023,PT,KZKAR,R,,,KZKAR,3.2
2023,PT,KZKUS,R,,,KZKUS,4.7
2023,PT,KZKZY,R,,,KZKZY,4.8
2023,PT,KZMAN,R,,,KZMAN,5.1
2023,PT,KZPAV,R,,,KZPAV,4.3
2023,PT,KZSEV,R,,,KZSEV,4.8
2023,PT,KZYUZ,R,,,KZYUZ,5.0
2023,PT,KZVOS,R,,,KZVOS,5.1
2023,PT,,,,Y16T24,,3.8
2023,PT,,,,M25T28,,3.5
2023,PT,,,,M29T34,,3.4
2023,PT,,,,Y35T44,,5.8
2023,PT,,,,Y45T54,,5.0
2023,PT,,,,Y55T64,,6.2
2023,PT,KZAKM,,,Y16T24,KZAKM,3.8
2023,PT,KZAKM,,,M25T28,KZAKM,2.8
2023,PT,KZAKM,,,M29T34,KZAKM,3.4
2023,PT,KZAKM,,,Y35T44,KZAKM,5.8
2023,PT,KZAKM,,,Y45T54,KZAKM,7.1
2023,PT,KZAKM,,,Y55T64,KZAKM,4.5
2023,PT,KZAKT,,,Y16T24,KZAKT,2.7
2023,PT,KZAKT,,,M25T28,KZAKT,1.3
2023,PT,KZAKT,,,M29T34,KZAKT,2.9
2023,PT,KZAKT,,,Y35T44,KZAKT,5.3
2023,PT,KZAKT,,,Y45T54,KZAKT,6.1
2023,PT,KZAKT,,,Y55T64,KZAKT,8.3
2023,PT,KZALM,,,Y16T24,KZALM,3.4
2023,PT,KZALM,,,M25T28,KZALM,4.0
2023,PT,KZALM,,,M29T34,KZALM,2.2
2023,PT,KZALM,,,Y35T44,KZALM,6.3
2023,PT,KZALM,,,Y45T54,KZALM,3.7
2023,PT,KZALM,,,Y55T64,KZALM,9.1
2023,PT,KZATY,,,Y16T24,KZATY,2.0
2023,PT,KZATY,,,M25T28,KZATY,3.1
2023,PT,KZATY,,,M29T34,KZATY,2.6
2023,PT,KZATY,,,Y35T44,KZATY,7.0
2023,PT,KZATY,,,Y45T54,KZATY,7.9
2023,PT,KZATY,,,Y55T64,KZATY,3.5
2023,PT,KZZAP,,,Y16T24,KZZAP,4.3
2023,PT,KZZAP,,,M25T28,KZZAP,3.9
2023,PT,KZZAP,,,M29T34,KZZAP,3.5
2023,PT,KZZAP,,,Y35T44,KZZAP,3.6
2023,PT,KZZAP,,,Y45T54,KZZAP,5.7
2023,PT,KZZAP,,,Y55T64,KZZAP,7.8
2023,PT,KZZHA,,,Y16T24,KZZHA,2.7
2023,PT,KZZHA,,,M25T28,KZZHA,1.3
2023,PT,KZZHA,,,M29T34,KZZHA,4.3
2023,PT,KZZHA,,,Y35T44,KZZHA,6.2
2023,PT,KZZHA,,,Y45T54,KZZHA,5.4
2023,PT,KZZHA,,,Y55T64,KZZHA,7.2
2023,PT,KZKAR,,,Y16T24,KZKAR,4.1
2023,PT,KZKAR,,,M25T28,KZKAR,3.1
2023,PT,KZKAR,,,M29T34,KZKAR,2.6
2023,PT,KZKAR,,,Y35T44,KZKAR,4.6
2023,PT,KZKAR,,,Y45T54,KZKAR,5.0
2023,PT,KZKAR,,,Y55T64,KZKAR,4.6
2023,PT,KZKUS,,,Y16T24,KZKUS,2.7
2023,PT,KZKUS,,,M25T28,KZKUS,1.9
2023,PT,KZKUS,,,M29T34,KZKUS,3.7
2023,PT,KZKUS,,,Y35T44,KZKUS,8.0
2023,PT,KZKUS,,,Y45T54,KZKUS,5.1
2023,PT,KZKUS,,,Y55T64,KZKUS,3.7
2023,PT,KZKZY,,,Y16T24,KZKZY,4.9
2023,PT,KZKZY,,,M25T28,KZKZY,3.2
2023,PT,KZKZY,,,M29T34,KZKZY,3.1
2023,PT,KZKZY,,,Y35T44,KZKZY,6.8
2023,PT,KZKZY,,,Y45T54,KZKZY,5.4
2023,PT,KZKZY,,,Y55T64,KZKZY,4.1
2023,PT,KZMAN,,,Y16T24,KZMAN,4.6
2023,PT,KZMAN,,,M25T28,KZMAN,3.3
2023,PT,KZMAN,,,M29T34,KZMAN,4.3
2023,PT,KZMAN,,,Y35T44,KZMAN,6.7
2023,PT,KZMAN,,,Y45T54,KZMAN,4.8
2023,PT,KZMAN,,,Y55T64,KZMAN,4.5
2023,PT,KZPAV,,,Y16T24,KZPAV,2.4
2023,PT,KZPAV,,,M25T28,KZPAV,0.9
2023,PT,KZPAV,,,M29T34,KZPAV,3.4
2023,PT,KZPAV,,,Y35T44,KZPAV,5.5
2023,PT,KZPAV,,,Y45T54,KZPAV,6.6
2023,PT,KZPAV,,,Y55T64,KZPAV,5.8
2023,PT,KZSEV,,,Y16T24,KZSEV,5.6
2023,PT,KZSEV,,,M25T28,KZSEV,5.0
2023,PT,KZSEV,,,M29T34,KZSEV,4.5
2023,PT,KZSEV,,,Y35T44,KZSEV,5.9
2023,PT,KZSEV,,,Y45T54,KZSEV,4.7
2023,PT,KZSEV,,,Y55T64,KZSEV,4.2
2023,PT,KZYUZ,,,Y16T24,KZYUZ,1.7
2023,PT,KZYUZ,,,M25T28,KZYUZ,4.1
2023,PT,KZYUZ,,,M29T34,KZYUZ,2.6
2023,PT,KZYUZ,,,Y35T44,KZYUZ,6.6
2023,PT,KZYUZ,,,Y45T54,KZYUZ,5.0
2023,PT,KZYUZ,,,Y55T64,KZYUZ,10.2
2023,PT,KZVOS,,,Y16T24,KZVOS,4.7
2023,PT,KZVOS,,,M25T28,KZVOS,3.2
2023,PT,KZVOS,,,M29T34,KZVOS,2.3
2023,PT,KZVOS,,,Y35T44,KZVOS,5.2
2023,PT,KZVOS,,,Y45T54,KZVOS,3.4
2023,PT,KZVOS,,,Y55T64,KZVOS,8.0
2023,PT,KZNS,,,Y16T24,KZNS,4.7
2023,PT,KZNS,,,M25T28,KZNS,5.9
2023,PT,KZNS,,,M29T34,KZNS,2.5
2023,PT,KZNS,,,Y35T44,KZNS,4.4
2023,PT,KZNS,,,Y45T54,KZNS,5.5
2023,PT,KZNS,,,Y55T64,KZNS,5.8
2023,PT,KZALA,,,Y16T24,KZALA,5.4
2023,PT,KZALA,,,M25T28,KZALA,4.9
2023,PT,KZALA,,,M29T34,KZALA,5.2
2023,PT,KZALA,,,Y35T44,KZALA,5.6
2023,PT,KZALA,,,Y45T54,KZALA,2.8
2023,PT,KZALA,,,Y55T64,KZALA,4.5
2023,PT,KZSHY,,,Y16T24,KZSHY,2.4
2023,PT,KZSHY,,,M25T28,KZSHY,2.3
2023,PT,KZSHY,,,M29T34,KZSHY,4.5
2023,PT,KZSHY,,,Y35T44,KZSHY,4.9
2023,PT,KZSHY,,,Y45T54,KZSHY,6.7
2023,PT,KZSHY,,,Y55T64,KZSHY,7.1
