Year,UNIT_MEASURE,REF_AREA,URBANISATION,SEX,AGE,Value
2010,PT,,,,,5.8
2010,PT,KZAKM,,,,5.8
2010,PT,KZAKT,,,,5.3
2010,PT,KZALM,,,,5.6
2010,PT,KZATY,,,,5.4
2010,PT,KZZAP,,,,5.6
2010,PT,KZZHA,,,,5.7
2010,PT,KZKAR,,,,5.5
2010,PT,KZKUS,,,,5.7
2010,PT,KZKZY,,,,5.9
2010,PT,KZMAN,,,,6.4
2010,PT,KZONT,,,,5.9
2010,PT,KZPAV,,,,5.6
2010,PT,KZSEV,,,,5.8
2010,PT,KZVOS,,,,5.7
2010,PT,KZNS,,,,6.2
2010,PT,KZALA,,,,6.3
2010,PT,,,M,,4.9
2010,PT,KZAKM,,M,,6.1
2010,PT,KZAKT,,M,,2.9
2010,PT,KZALM,,M,,5.3
2010,PT,KZATY,,M,,3.9
2010,PT,KZZAP,,M,,4.7
2010,PT,KZZHA,,M,,5.5
2010,PT,KZKAR,,M,,4.5
2010,PT,KZKUS,,M,,5.2
2010,PT,KZKZY,,M,,5.7
2010,PT,KZMAN,,M,,5.9
2010,PT,KZONT,,M,,4.8
2010,PT,KZPAV,,M,,4.6
2010,PT,KZSEV,,M,,6.1
2010,PT,KZVOS,,M,,4.9
2010,PT,KZNS,,M,,2.9
2010,PT,KZALA,,M,,5.5
2010,PT,,,F,,6.6
2010,PT,KZAKM,,F,,5.5
2010,PT,KZAKT,,F,,7.7
2010,PT,KZALM,,F,,6.0
2010,PT,KZATY,,F,,7.0
2010,PT,KZZAP,,F,,6.6
2010,PT,KZZHA,,F,,5.9
2010,PT,KZKAR,,F,,6.4
2010,PT,KZKUS,,F,,6.1
2010,PT,KZKZY,,F,,6.1
2010,PT,KZMAN,,F,,7.1
2010,PT,KZONT,,F,,7.2
2010,PT,KZPAV,,F,,6.7
2010,PT,KZSEV,,F,,5.5
2010,PT,KZVOS,,F,,6.5
2010,PT,KZNS,,F,,9.7
2010,PT,KZALA,,F,,7.0
2010,PT,,Город,,,6.2
2010,PT,KZAKM,Город,,,5.7
2010,PT,KZAKT,Город,,,5.4
2010,PT,KZALM,Город,,,5.6
2010,PT,KZATY,Город,,,6.1
2010,PT,KZZAP,Город,,,4.8
2010,PT,KZZHA,Город,,,7.0
2010,PT,KZKAR,Город,,,5.5
2010,PT,KZKUS,Город,,,7.6
2010,PT,KZKZY,Город,,,5.4
2010,PT,KZMAN,Город,,,5.8
2010,PT,KZONT,Город,,,7.2
2010,PT,KZPAV,Город,,,6.3
2010,PT,KZSEV,Город,,,6.5
2010,PT,KZVOS,Город,,,6.6
2010,PT,KZNS,Город,,,6.2
2010,PT,KZALA,Город,,,6.3
2010,PT,,R,,,5.2
2010,PT,KZAKM,R,,,5.9
2010,PT,KZAKT,R,,,5.3
2010,PT,KZALM,R,,,5.6
2010,PT,KZATY,R,,,4.9
2010,PT,KZZAP,R,,,6.1
2010,PT,KZZHA,R,,,4.9
2010,PT,KZKAR,R,,,5.3
2010,PT,KZKUS,R,,,3.9
2010,PT,KZKZY,R,,,6.2
2010,PT,KZMAN,R,,,7.3
2010,PT,KZONT,R,,,5.1
2010,PT,KZPAV,R,,,4.5
2010,PT,KZSEV,R,,,5.4
2010,PT,KZVOS,R,,,4.7
2010,PT,,,,Y15,6.8
2010,PT,,,,Y16T24,5.2
2010,PT,,,,M25T28,8.4
2010,PT,,,,M29T34,5.8
2010,PT,,,,Y35T44,5.3
2010,PT,,,,Y45T54,5.2
2010,PT,,,,Y55T64,6.0
2010,PT,KZAKM,,,Y16T24,6.0
2010,PT,KZAKM,,,M25T28,5.2
2010,PT,KZAKM,,,M29T34,4.9
2010,PT,KZAKM,,,Y35T44,6.4
2010,PT,KZAKM,,,Y45T54,6.1
2010,PT,KZAKM,,,Y55T64,6.3
2010,PT,KZAKT,,,Y16T24,2.2
2010,PT,KZAKT,,,M25T28,7.6
2010,PT,KZAKT,,,M29T34,7.5
2010,PT,KZAKT,,,Y35T44,6.8
2010,PT,KZAKT,,,Y45T54,4.2
2010,PT,KZAKT,,,Y55T64,1.2
2010,PT,KZALM,,,Y15,53.1
2010,PT,KZALM,,,Y16T24,3.3
2010,PT,KZALM,,,M25T28,5.0
2010,PT,KZALM,,,M29T34,5.1
2010,PT,KZALM,,,Y35T44,4.4
2010,PT,KZALM,,,Y45T54,5.6
2010,PT,KZALM,,,Y55T64,13.3
2010,PT,KZATY,,,Y16T24,1.5
2010,PT,KZATY,,,M25T28,15.4
2010,PT,KZATY,,,M29T34,6.2
2010,PT,KZATY,,,Y35T44,3.7
2010,PT,KZATY,,,Y45T54,3.5
2010,PT,KZATY,,,Y55T64,5.4
2010,PT,KZZAP,,,Y16T24,6.5
2010,PT,KZZAP,,,M25T28,6.4
2010,PT,KZZAP,,,M29T34,6.9
2010,PT,KZZAP,,,Y35T44,5.9
2010,PT,KZZAP,,,Y45T54,5.1
2010,PT,KZZAP,,,Y55T64,1.9
2010,PT,KZZHA,,,Y16T24,6.0
2010,PT,KZZHA,,,M25T28,1.9
2010,PT,KZZHA,,,M29T34,9.7
2010,PT,KZZHA,,,Y35T44,7.7
2010,PT,KZZHA,,,Y45T54,4.3
2010,PT,KZZHA,,,Y55T64,1.2
2010,PT,KZKAR,,,Y16T24,5.9
2010,PT,KZKAR,,,M25T28,9.9
2010,PT,KZKAR,,,M29T34,5.5
2010,PT,KZKAR,,,Y35T44,4.8
2010,PT,KZKAR,,,Y45T54,4.6
2010,PT,KZKAR,,,Y55T64,4.2
2010,PT,KZKUS,,,Y16T24,5.3
2010,PT,KZKUS,,,M25T28,13.3
2010,PT,KZKUS,,,M29T34,5.1
2010,PT,KZKUS,,,Y35T44,3.6
2010,PT,KZKUS,,,Y45T54,4.4
2010,PT,KZKUS,,,Y55T64,8.4
2010,PT,KZKZY,,,Y16T24,6.5
2010,PT,KZKZY,,,M25T28,8.6
2010,PT,KZKZY,,,M29T34,4.1
2010,PT,KZKZY,,,Y35T44,4.0
2010,PT,KZKZY,,,Y45T54,6.1
2010,PT,KZKZY,,,Y55T64,10.8
2010,PT,KZMAN,,,Y16T24,7.0
2010,PT,KZMAN,,,M25T28,11.7
2010,PT,KZMAN,,,M29T34,2.7
2010,PT,KZMAN,,,Y35T44,3.9
2010,PT,KZMAN,,,Y45T54,10.4
2010,PT,KZMAN,,,Y55T64,8.4
2010,PT,KZONT,,,Y16T24,2.1
2010,PT,KZONT,,,M25T28,11.3
2010,PT,KZONT,,,M29T34,6.1
2010,PT,KZONT,,,Y35T44,6.0
2010,PT,KZONT,,,Y45T54,5.3
2010,PT,KZONT,,,Y55T64,2.9
2010,PT,KZPAV,,,Y15,3.1
2010,PT,KZPAV,,,Y16T24,5.5
2010,PT,KZPAV,,,M25T28,8.8
2010,PT,KZPAV,,,M29T34,4.3
2010,PT,KZPAV,,,Y35T44,4.6
2010,PT,KZPAV,,,Y45T54,6.4
2010,PT,KZPAV,,,Y55T64,4.9
2010,PT,KZSEV,,,Y16T24,5.9
2010,PT,KZSEV,,,M25T28,9.8
2010,PT,KZSEV,,,M29T34,7.6
2010,PT,KZSEV,,,Y35T44,4.7
2010,PT,KZSEV,,,Y45T54,4.2
2010,PT,KZSEV,,,Y55T64,5.8
2010,PT,KZVOS,,,Y16T24,7.0
2010,PT,KZVOS,,,M25T28,6.7
2010,PT,KZVOS,,,M29T34,4.4
2010,PT,KZVOS,,,Y35T44,5.0
2010,PT,KZVOS,,,Y45T54,4.9
2010,PT,KZVOS,,,Y55T64,8.8
2010,PT,KZNS,,,Y16T24,11.2
2010,PT,KZNS,,,M25T28,4.7
2010,PT,KZNS,,,M29T34,6.6
2010,PT,KZNS,,,Y35T44,6.4
2010,PT,KZNS,,,Y45T54,5.6
2010,PT,KZNS,,,Y55T64,2.9
2010,PT,KZALA,,,Y16T24,9.0
2010,PT,KZALA,,,M25T28,8.5
2010,PT,KZALA,,,M29T34,5.7
2010,PT,KZALA,,,Y35T44,5.6
2010,PT,KZALA,,,Y45T54,5.5
2010,PT,KZALA,,,Y55T64,4.2
2011,PT,,,,,5.4
2011,PT,KZAKM,,,,5.5
2011,PT,KZAKT,,,,4.9
2011,PT,KZALM,,,,5.1
2011,PT,KZATY,,,,5.0
2011,PT,KZZAP,,,,5.3
2011,PT,KZZHA,,,,5.5
2011,PT,KZKAR,,,,5.3
2011,PT,KZKUS,,,,5.4
2011,PT,KZKZY,,,,5.5
2011,PT,KZMAN,,,,5.8
2011,PT,KZONT,,,,5.7
2011,PT,KZPAV,,,,5.2
2011,PT,KZSEV,,,,5.4
2011,PT,KZVOS,,,,5.2
2011,PT,KZNS,,,,5.8
2011,PT,KZALA,,,,5.6
2011,PT,,,M,,4.6
2011,PT,KZAKM,,M,,5.3
2011,PT,KZAKT,,M,,3.5
2011,PT,KZALM,,M,,5.1
2011,PT,KZATY,,M,,4.2
2011,PT,KZZAP,,M,,4.9
2011,PT,KZZHA,,M,,4.9
2011,PT,KZKAR,,M,,3.7
2011,PT,KZKUS,,M,,4.8
2011,PT,KZKZY,,M,,5.2
2011,PT,KZMAN,,M,,5.4
2011,PT,KZONT,,M,,5.1
2011,PT,KZPAV,,M,,4.4
2011,PT,KZSEV,,M,,5.3
2011,PT,KZVOS,,M,,3.7
2011,PT,KZNS,,M,,4.0
2011,PT,KZALA,,M,,4.4
2011,PT,,,F,,6.2
2011,PT,KZAKM,,F,,5.6
2011,PT,KZAKT,,F,,6.2
2011,PT,KZALM,,F,,5.0
2011,PT,KZATY,,F,,5.9
2011,PT,KZZAP,,F,,5.8
2011,PT,KZZHA,,F,,6.1
2011,PT,KZKAR,,F,,6.8
2011,PT,KZKUS,,F,,5.9
2011,PT,KZKZY,,F,,5.8
2011,PT,KZMAN,,F,,6.3
2011,PT,KZONT,,F,,6.4
2011,PT,KZPAV,,F,,6.0
2011,PT,KZSEV,,F,,5.6
2011,PT,KZVOS,,F,,6.8
2011,PT,KZNS,,F,,7.8
2011,PT,KZALA,,F,,6.7
2011,PT,,Город,,,5.8
2011,PT,KZAKM,Город,,,5.2
2011,PT,KZAKT,Город,,,4.7
2011,PT,KZALM,Город,,,6.0
2011,PT,KZATY,Город,,,5.2
2011,PT,KZZAP,Город,,,4.9
2011,PT,KZZHA,Город,,,6.8
2011,PT,KZKAR,Город,,,5.3
2011,PT,KZKUS,Город,,,7.4
2011,PT,KZKZY,Город,,,5.1
2011,PT,KZMAN,Город,,,4.9
2011,PT,KZONT,Город,,,6.7
2011,PT,KZPAV,Город,,,5.8
2011,PT,KZSEV,Город,,,5.8
2011,PT,KZVOS,Город,,,5.7
2011,PT,KZNS,Город,,,5.8
2011,PT,KZALA,Город,,,5.6
2011,PT,,R,,,4.9
2011,PT,KZAKM,R,,,5.7
2011,PT,KZAKT,R,,,5.0
2011,PT,KZALM,R,,,4.8
2011,PT,KZATY,R,,,4.9
2011,PT,KZZAP,R,,,5.6
2011,PT,KZZHA,R,,,4.6
2011,PT,KZKAR,R,,,5.1
2011,PT,KZKUS,R,,,3.5
2011,PT,KZKZY,R,,,5.8
2011,PT,KZMAN,R,,,7.2
2011,PT,KZONT,R,,,5.1
2011,PT,KZPAV,R,,,4.1
2011,PT,KZSEV,R,,,5.2
2011,PT,KZVOS,R,,,4.6
2011,PT,,,,Y16T24,4.6
2011,PT,,,,M25T28,7.8
2011,PT,,,,M29T34,6.6
2011,PT,,,,Y35T44,4.7
2011,PT,,,,Y45T54,4.5
2011,PT,,,,Y55T64,5.3
2011,PT,KZAKM,,,Y16T24,4.8
2011,PT,KZAKM,,,M25T28,6.0
2011,PT,KZAKM,,,M29T34,5.2
2011,PT,KZAKM,,,Y35T44,5.8
2011,PT,KZAKM,,,Y45T54,5.5
2011,PT,KZAKM,,,Y55T64,6.0
2011,PT,KZAKT,,,Y16T24,2.1
2011,PT,KZAKT,,,M25T28,7.5
2011,PT,KZAKT,,,M29T34,6.7
2011,PT,KZAKT,,,Y35T44,5.4
2011,PT,KZAKT,,,Y45T54,3.2
2011,PT,KZAKT,,,Y55T64,3.4
2011,PT,KZALM,,,Y16T24,2.1
2011,PT,KZALM,,,M25T28,6.2
2011,PT,KZALM,,,M29T34,8.0
2011,PT,KZALM,,,Y35T44,3.4
2011,PT,KZALM,,,Y45T54,4.0
2011,PT,KZALM,,,Y55T64,10.2
2011,PT,KZATY,,,Y16T24,0.8
2011,PT,KZATY,,,M25T28,9.2
2011,PT,KZATY,,,M29T34,8.1
2011,PT,KZATY,,,Y35T44,3.1
2011,PT,KZATY,,,Y45T54,4.2
2011,PT,KZATY,,,Y55T64,7.8
2011,PT,KZZAP,,,Y16T24,5.5
2011,PT,KZZAP,,,M25T28,4.4
2011,PT,KZZAP,,,M29T34,6.4
2011,PT,KZZAP,,,Y35T44,5.9
2011,PT,KZZAP,,,Y45T54,5.2
2011,PT,KZZAP,,,Y55T64,2.7
2011,PT,KZZHA,,,Y16T24,5.6
2011,PT,KZZHA,,,M25T28,7.8
2011,PT,KZZHA,,,M29T34,6.6
2011,PT,KZZHA,,,Y35T44,5.1
2011,PT,KZZHA,,,Y45T54,3.7
2011,PT,KZZHA,,,Y55T64,5.4
2011,PT,KZKAR,,,Y16T24,5.0
2011,PT,KZKAR,,,M25T28,7.7
2011,PT,KZKAR,,,M29T34,5.2
2011,PT,KZKAR,,,Y35T44,4.4
2011,PT,KZKAR,,,Y45T54,6.0
2011,PT,KZKAR,,,Y55T64,3.6
2011,PT,KZKUS,,,Y16T24,5.0
2011,PT,KZKUS,,,M25T28,11.0
2011,PT,KZKUS,,,M29T34,6.7
2011,PT,KZKUS,,,Y35T44,4.7
2011,PT,KZKUS,,,Y45T54,4.1
2011,PT,KZKUS,,,Y55T64,3.5
2011,PT,KZKZY,,,Y16T24,6.8
2011,PT,KZKZY,,,M25T28,6.4
2011,PT,KZKZY,,,M29T34,4.9
2011,PT,KZKZY,,,Y35T44,5.2
2011,PT,KZKZY,,,Y45T54,4.3
2011,PT,KZKZY,,,Y55T64,7.3
2011,PT,KZMAN,,,Y16T24,6.2
2011,PT,KZMAN,,,M25T28,9.2
2011,PT,KZMAN,,,M29T34,6.1
2011,PT,KZMAN,,,Y35T44,4.0
2011,PT,KZMAN,,,Y45T54,5.3
2011,PT,KZMAN,,,Y55T64,7.4
2011,PT,KZONT,,,Y16T24,1.8
2011,PT,KZONT,,,M25T28,9.3
2011,PT,KZONT,,,M29T34,9.8
2011,PT,KZONT,,,Y35T44,4.7
2011,PT,KZONT,,,Y45T54,4.0
2011,PT,KZONT,,,Y55T64,3.6
2011,PT,KZPAV,,,Y16T24,4.6
2011,PT,KZPAV,,,M25T28,9.0
2011,PT,KZPAV,,,M29T34,4.5
2011,PT,KZPAV,,,Y35T44,4.0
2011,PT,KZPAV,,,Y45T54,5.3
2011,PT,KZPAV,,,Y55T64,5.5
2011,PT,KZSEV,,,Y16T24,5.8
2011,PT,KZSEV,,,M25T28,9.0
2011,PT,KZSEV,,,M29T34,6.4
2011,PT,KZSEV,,,Y35T44,4.0
2011,PT,KZSEV,,,Y45T54,5.1
2011,PT,KZSEV,,,Y55T64,4.9
2011,PT,KZVOS,,,Y16T24,9.2
2011,PT,KZVOS,,,M25T28,5.0
2011,PT,KZVOS,,,M29T34,5.9
2011,PT,KZVOS,,,Y35T44,4.1
2011,PT,KZVOS,,,Y45T54,4.0
2011,PT,KZVOS,,,Y55T64,4.4
2011,PT,KZNS,,,Y16T24,9.0
2011,PT,KZNS,,,M25T28,8.2
2011,PT,KZNS,,,M29T34,4.5
2011,PT,KZNS,,,Y35T44,6.2
2011,PT,KZNS,,,Y45T54,4.6
2011,PT,KZNS,,,Y55T64,3.3
2011,PT,KZALA,,,Y16T24,6.6
2011,PT,KZALA,,,M25T28,7.3
2011,PT,KZALA,,,M29T34,5.6
2011,PT,KZALA,,,Y35T44,5.4
2011,PT,KZALA,,,Y45T54,4.9
2011,PT,KZALA,,,Y55T64,4.1
2012,PT,,,,,5.3
2012,PT,KZAKM,,,,5.3
2012,PT,KZAKT,,,,5.0
2012,PT,KZALM,,,,5.0
2012,PT,KZATY,,,,5.0
2012,PT,KZZAP,,,,5.1
2012,PT,KZZHA,,,,5.4
2012,PT,KZKAR,,,,5.1
2012,PT,KZKUS,,,,5.2
2012,PT,KZKZY,,,,5.3
2012,PT,KZMAN,,,,5.7
2012,PT,KZONT,,,,5.6
2012,PT,KZPAV,,,,4.9
2012,PT,KZSEV,,,,5.2
2012,PT,KZVOS,,,,5.1
2012,PT,KZNS,,,,5.7
2012,PT,KZALA,,,,5.6
2012,PT,,,M,,4.1
2012,PT,KZAKM,,M,,4.0
2012,PT,KZAKT,,M,,2.9
2012,PT,KZALM,,M,,3.6
2012,PT,KZATY,,M,,3.9
2012,PT,KZZAP,,M,,5.2
2012,PT,KZZHA,,M,,5.3
2012,PT,KZKAR,,M,,3.7
2012,PT,KZKUS,,M,,4.2
2012,PT,KZKZY,,M,,4.0
2012,PT,KZMAN,,M,,5.0
2012,PT,KZONT,,M,,4.4
2012,PT,KZPAV,,M,,4.1
2012,PT,KZSEV,,M,,4.1
2012,PT,KZVOS,,M,,4.5
2012,PT,KZNS,,M,,5.5
2012,PT,KZALA,,M,,3.0
2012,PT,,,F,,6.5
2012,PT,KZAKM,,F,,6.6
2012,PT,KZAKT,,F,,6.9
2012,PT,KZALM,,F,,6.5
2012,PT,KZATY,,F,,6.1
2012,PT,KZZAP,,F,,5.1
2012,PT,KZZHA,,F,,5.6
2012,PT,KZKAR,,F,,6.6
2012,PT,KZKUS,,F,,6.3
2012,PT,KZKZY,,F,,6.8
2012,PT,KZMAN,,F,,6.5
2012,PT,KZONT,,F,,7.0
2012,PT,KZPAV,,F,,5.8
2012,PT,KZSEV,,F,,6.3
2012,PT,KZVOS,,F,,5.7
2012,PT,KZNS,,F,,5.9
2012,PT,KZALA,,F,,8.0
2012,PT,,Город,,,5.6
2012,PT,KZAKM,Город,,,4.8
2012,PT,KZAKT,Город,,,5.4
2012,PT,KZALM,Город,,,4.4
2012,PT,KZATY,Город,,,4.4
2012,PT,KZZAP,Город,,,5.0
2012,PT,KZZHA,Город,,,6.8
2012,PT,KZKAR,Город,,,5.1
2012,PT,KZKUS,Город,,,7.1
2012,PT,KZKZY,Город,,,5.0
2012,PT,KZMAN,Город,,,4.8
2012,PT,KZONT,Город,,,6.5
2012,PT,KZPAV,Город,,,5.5
2012,PT,KZSEV,Город,,,5.6
2012,PT,KZVOS,Город,,,5.5
2012,PT,KZNS,Город,,,5.7
2012,PT,KZALA,Город,,,5.6
2012,PT,,R,,,5.0
2012,PT,KZAKM,R,,,5.8
2012,PT,KZAKT,R,,,4.2
2012,PT,KZALM,R,,,5.2
2012,PT,KZATY,R,,,5.5
2012,PT,KZZAP,R,,,5.2
2012,PT,KZZHA,R,,,4.6
2012,PT,KZKAR,R,,,5.3
2012,PT,KZKUS,R,,,3.5
2012,PT,KZKZY,R,,,5.6
2012,PT,KZMAN,R,,,6.7
2012,PT,KZONT,R,,,5.1
2012,PT,KZPAV,R,,,3.9
2012,PT,KZSEV,R,,,5.0
2012,PT,KZVOS,R,,,4.5
2012,PT,,,,Y16T24,4.0
2012,PT,,,,M25T28,7.0
2012,PT,,,,M29T34,6.0
2012,PT,,,,Y35T44,5.1
2012,PT,,,,Y45T54,4.9
2012,PT,,,,Y55T64,5.1
2012,PT,KZAKM,,,Y16T24,3.7
2012,PT,KZAKM,,,M25T28,7.0
2012,PT,KZAKM,,,M29T34,7.4
2012,PT,KZAKM,,,Y35T44,4.8
2012,PT,KZAKM,,,Y45T54,4.3
2012,PT,KZAKM,,,Y55T64,6.0
2012,PT,KZAKT,,,Y16T24,2.3
2012,PT,KZAKT,,,M25T28,6.8
2012,PT,KZAKT,,,M29T34,7.2
2012,PT,KZAKT,,,Y35T44,4.0
2012,PT,KZAKT,,,Y45T54,4.1
2012,PT,KZAKT,,,Y55T64,3.8
2012,PT,KZALM,,,Y16T24,1.9
2012,PT,KZALM,,,M25T28,6.0
2012,PT,KZALM,,,M29T34,4.7
2012,PT,KZALM,,,Y35T44,6.3
2012,PT,KZALM,,,Y45T54,5.4
2012,PT,KZALM,,,Y55T64,6.5
2012,PT,KZATY,,,Y16T24,1.0
2012,PT,KZATY,,,M25T28,6.8
2012,PT,KZATY,,,M29T34,5.9
2012,PT,KZATY,,,Y35T44,3.5
2012,PT,KZATY,,,Y45T54,5.8
2012,PT,KZATY,,,Y55T64,10.3
2012,PT,KZZAP,,,Y16T24,5.0
2012,PT,KZZAP,,,M25T28,9.2
2012,PT,KZZAP,,,M29T34,6.7
2012,PT,KZZAP,,,Y35T44,4.5
2012,PT,KZZAP,,,Y45T54,3.9
2012,PT,KZZAP,,,Y55T64,4.8
2012,PT,KZZHA,,,Y16T24,5.6
2012,PT,KZZHA,,,M25T28,10.9
2012,PT,KZZHA,,,M29T34,2.8
2012,PT,KZZHA,,,Y35T44,3.7
2012,PT,KZZHA,,,Y45T54,3.8
2012,PT,KZZHA,,,Y55T64,9.6
2012,PT,KZKAR,,,Y16T24,4.8
2012,PT,KZKAR,,,M25T28,5.4
2012,PT,KZKAR,,,M29T34,6.2
2012,PT,KZKAR,,,Y35T44,5.6
2012,PT,KZKAR,,,Y45T54,5.6
2012,PT,KZKAR,,,Y55T64,2.1
2012,PT,KZKUS,,,Y16T24,5.2
2012,PT,KZKUS,,,M25T28,7.3
2012,PT,KZKUS,,,M29T34,5.7
2012,PT,KZKUS,,,Y35T44,6.8
2012,PT,KZKUS,,,Y45T54,4.5
2012,PT,KZKUS,,,Y55T64,2.5
2012,PT,KZKZY,,,Y16T24,6.9
2012,PT,KZKZY,,,M25T28,5.9
2012,PT,KZKZY,,,M29T34,5.5
2012,PT,KZKZY,,,Y35T44,4.9
2012,PT,KZKZY,,,Y45T54,3.9
2012,PT,KZKZY,,,Y55T64,7.2
2012,PT,KZMAN,,,Y16T24,4.3
2012,PT,KZMAN,,,M25T28,4.8
2012,PT,KZMAN,,,M29T34,9.5
2012,PT,KZMAN,,,Y35T44,4.5
2012,PT,KZMAN,,,Y45T54,4.5
2012,PT,KZMAN,,,Y55T64,4.4
2012,PT,KZONT,,,Y16T24,0.9
2012,PT,KZONT,,,M25T28,9.3
2012,PT,KZONT,,,M29T34,8.2
2012,PT,KZONT,,,Y35T44,4.8
2012,PT,KZONT,,,Y45T54,5.8
2012,PT,KZONT,,,Y55T64,3.6
2012,PT,KZPAV,,,Y16T24,4.1
2012,PT,KZPAV,,,M25T28,6.2
2012,PT,KZPAV,,,M29T34,2.9
2012,PT,KZPAV,,,Y35T44,4.6
2012,PT,KZPAV,,,Y45T54,5.4
2012,PT,KZPAV,,,Y55T64,7.6
2012,PT,KZSEV,,,Y16T24,4.3
2012,PT,KZSEV,,,M25T28,8.9
2012,PT,KZSEV,,,M29T34,3.9
2012,PT,KZSEV,,,Y35T44,5.9
2012,PT,KZSEV,,,Y45T54,5.0
2012,PT,KZSEV,,,Y55T64,4.8
2012,PT,KZVOS,,,Y16T24,5.7
2012,PT,KZVOS,,,M25T28,6.3
2012,PT,KZVOS,,,M29T34,8.7
2012,PT,KZVOS,,,Y35T44,4.5
2012,PT,KZVOS,,,Y45T54,3.0
2012,PT,KZVOS,,,Y55T64,2.5
2012,PT,KZNS,,,Y16T24,8.9
2012,PT,KZNS,,,M25T28,5.2
2012,PT,KZNS,,,M29T34,5.9
2012,PT,KZNS,,,Y35T44,4.3
2012,PT,KZNS,,,Y45T54,5.3
2012,PT,KZNS,,,Y55T64,4.7
2012,PT,KZALA,,,Y16T24,6.0
2012,PT,KZALA,,,M25T28,4.9
2012,PT,KZALA,,,M29T34,3.7
2012,PT,KZALA,,,Y35T44,6.8
2012,PT,KZALA,,,Y45T54,6.7
2012,PT,KZALA,,,Y55T64,5.6
2013,PT,,,,,5.2
2013,PT,KZAKM,,,,5.2
2013,PT,KZAKT,,,,4.9
2013,PT,KZALM,,,,4.9
2013,PT,KZATY,,,,5.0
2013,PT,KZZAP,,,,5.1
2013,PT,KZZHA,,,,5.2
2013,PT,KZKAR,,,,5.0
2013,PT,KZKUS,,,,5.2
2013,PT,KZKZY,,,,5.2
2013,PT,KZMAN,,,,5.5
2013,PT,KZONT,,,,5.5
2013,PT,KZPAV,,,,5.0
2013,PT,KZSEV,,,,5.1
2013,PT,KZVOS,,,,5.1
2013,PT,KZNS,,,,5.5
2013,PT,KZALA,,,,5.6
2013,PT,,,M,,4.6
2013,PT,KZAKM,,M,,4.7
2013,PT,KZAKT,,M,,3.3
2013,PT,KZALM,,M,,5.9
2013,PT,KZATY,,M,,4.7
2013,PT,KZZAP,,M,,4.2
2013,PT,KZZHA,,M,,5.1
2013,PT,KZKAR,,M,,4.8
2013,PT,KZKUS,,M,,4.4
2013,PT,KZKZY,,M,,4.1
2013,PT,KZMAN,,M,,2.7
2013,PT,KZONT,,M,,3.9
2013,PT,KZPAV,,M,,4.2
2013,PT,KZSEV,,M,,5.1
2013,PT,KZVOS,,M,,4.7
2013,PT,KZNS,,M,,4.7
2013,PT,KZALA,,M,,4.7
2013,PT,,,F,,5.9
2013,PT,KZAKM,,F,,5.6
2013,PT,KZAKT,,F,,6.6
2013,PT,KZALM,,F,,3.9
2013,PT,KZATY,,F,,5.3
2013,PT,KZZAP,,F,,6.0
2013,PT,KZZHA,,F,,5.3
2013,PT,KZKAR,,F,,5.2
2013,PT,KZKUS,,F,,5.9
2013,PT,KZKZY,,F,,6.4
2013,PT,KZMAN,,F,,8.8
2013,PT,KZONT,,F,,7.4
2013,PT,KZPAV,,F,,5.8
2013,PT,KZSEV,,F,,5.1
2013,PT,KZVOS,,F,,5.4
2013,PT,KZNS,,F,,6.3
2013,PT,KZALA,,F,,6.5
2013,PT,,Город,,,5.4
2013,PT,KZAKM,Город,,,4.8
2013,PT,KZAKT,Город,,,5.4
2013,PT,KZALM,Город,,,4.7
2013,PT,KZATY,Город,,,4.7
2013,PT,KZZAP,Город,,,4.9
2013,PT,KZZHA,Город,,,6.5
2013,PT,KZKAR,Город,,,4.9
2013,PT,KZKUS,Город,,,6.7
2013,PT,KZKZY,Город,,,5.0
2013,PT,KZMAN,Город,,,4.9
2013,PT,KZONT,Город,,,6.1
2013,PT,KZPAV,Город,,,5.4
2013,PT,KZSEV,Город,,,5.1
2013,PT,KZVOS,Город,,,5.4
2013,PT,KZNS,Город,,,5.5
2013,PT,KZALA,Город,,,5.6
2013,PT,,R,,,4.9
2013,PT,KZAKM,R,,,5.5
2013,PT,KZAKT,R,,,4.2
2013,PT,KZALM,R,,,5.0
2013,PT,KZATY,R,,,5.3
2013,PT,KZZAP,R,,,5.2
2013,PT,KZZHA,R,,,4.4
2013,PT,KZKAR,R,,,5.2
2013,PT,KZKUS,R,,,3.7
2013,PT,KZKZY,R,,,5.3
2013,PT,KZMAN,R,,,6.3
2013,PT,KZONT,R,,,5.2
2013,PT,KZPAV,R,,,4.2
2013,PT,KZSEV,R,,,5.0
2013,PT,KZVOS,R,,,4.6
2013,PT,,,,Y16T24,3.9
2013,PT,,,,M25T28,7.1
2013,PT,,,,M29T34,7.0
2013,PT,,,,Y35T44,4.8
2013,PT,,,,Y45T54,4.3
2013,PT,,,,Y55T64,4.2
2013,PT,KZAKM,,,Y16T24,3.8
2013,PT,KZAKM,,,M25T28,6.6
2013,PT,KZAKM,,,M29T34,3.5
2013,PT,KZAKM,,,Y35T44,5.9
2013,PT,KZAKM,,,Y45T54,4.6
2013,PT,KZAKM,,,Y55T64,6.9
2013,PT,KZAKT,,,Y16T24,2.5
2013,PT,KZAKT,,,M25T28,3.8
2013,PT,KZAKT,,,M29T34,4.8
2013,PT,KZAKT,,,Y35T44,6.2
2013,PT,KZAKT,,,Y45T54,7.0
2013,PT,KZAKT,,,Y55T64,0.4
2013,PT,KZALM,,,Y16T24,2.4
2013,PT,KZALM,,,M25T28,11.6
2013,PT,KZALM,,,M29T34,11.7
2013,PT,KZALM,,,Y35T44,2.2
2013,PT,KZALM,,,Y45T54,1.7
2013,PT,KZALM,,,Y55T64,0.1
2013,PT,KZATY,,,Y16T24,1.0
2013,PT,KZATY,,,M25T28,6.8
2013,PT,KZATY,,,M29T34,6.8
2013,PT,KZATY,,,Y35T44,4.1
2013,PT,KZATY,,,Y45T54,6.4
2013,PT,KZATY,,,Y55T64,5.6
2013,PT,KZZAP,,,Y16T24,4.5
2013,PT,KZZAP,,,M25T28,5.5
2013,PT,KZZAP,,,M29T34,6.5
2013,PT,KZZAP,,,Y35T44,5.6
2013,PT,KZZAP,,,Y45T54,4.7
2013,PT,KZZAP,,,Y55T64,3.7
2013,PT,KZZHA,,,Y16T24,5.2
2013,PT,KZZHA,,,M25T28,9.4
2013,PT,KZZHA,,,M29T34,3.2
2013,PT,KZZHA,,,Y35T44,3.7
2013,PT,KZZHA,,,Y45T54,3.4
2013,PT,KZZHA,,,Y55T64,9.3
2013,PT,KZKAR,,,Y16T24,5.2
2013,PT,KZKAR,,,M25T28,3.6
2013,PT,KZKAR,,,M29T34,8.3
2013,PT,KZKAR,,,Y35T44,5.1
2013,PT,KZKAR,,,Y45T54,4.0
2013,PT,KZKAR,,,Y55T64,3.1
2013,PT,KZKUS,,,Y16T24,4.6
2013,PT,KZKUS,,,M25T28,2.8
2013,PT,KZKUS,,,M29T34,6.5
2013,PT,KZKUS,,,Y35T44,5.8
2013,PT,KZKUS,,,Y45T54,6.2
2013,PT,KZKUS,,,Y55T64,3.3
2013,PT,KZKZY,,,Y16T24,6.7
2013,PT,KZKZY,,,M25T28,6.8
2013,PT,KZKZY,,,M29T34,4.6
2013,PT,KZKZY,,,Y35T44,4.6
2013,PT,KZKZY,,,Y45T54,4.5
2013,PT,KZKZY,,,Y55T64,3.9
2013,PT,KZMAN,,,Y16T24,7.9
2013,PT,KZMAN,,,M25T28,7.1
2013,PT,KZMAN,,,M29T34,4.1
2013,PT,KZMAN,,,Y35T44,3.4
2013,PT,KZMAN,,,Y45T54,6.7
2013,PT,KZMAN,,,Y55T64,7.1
2013,PT,KZONT,,,Y16T24,1.0
2013,PT,KZONT,,,M25T28,5.4
2013,PT,KZONT,,,M29T34,10.4
2013,PT,KZONT,,,Y35T44,4.6
2013,PT,KZONT,,,Y45T54,4.8
2013,PT,KZONT,,,Y55T64,5.1
2013,PT,KZPAV,,,Y16T24,3.6
2013,PT,KZPAV,,,M25T28,7.6
2013,PT,KZPAV,,,M29T34,4.7
2013,PT,KZPAV,,,Y35T44,4.4
2013,PT,KZPAV,,,Y45T54,4.9
2013,PT,KZPAV,,,Y55T64,5.5
2013,PT,KZSEV,,,Y16T24,3.7
2013,PT,KZSEV,,,M25T28,12.1
2013,PT,KZSEV,,,M29T34,5.6
2013,PT,KZSEV,,,Y35T44,5.9
2013,PT,KZSEV,,,Y45T54,3.4
2013,PT,KZSEV,,,Y55T64,3.1
2013,PT,KZVOS,,,Y16T24,3.7
2013,PT,KZVOS,,,M25T28,8.3
2013,PT,KZVOS,,,M29T34,8.6
2013,PT,KZVOS,,,Y35T44,4.7
2013,PT,KZVOS,,,Y45T54,2.7
2013,PT,KZVOS,,,Y55T64,2.5
2013,PT,KZNS,,,Y16T24,7.7
2013,PT,KZNS,,,M25T28,2.9
2013,PT,KZNS,,,M29T34,3.0
2013,PT,KZNS,,,Y35T44,8.2
2013,PT,KZNS,,,Y45T54,5.9
2013,PT,KZNS,,,Y55T64,6.4
2013,PT,KZALA,,,Y16T24,5.9
2013,PT,KZALA,,,M25T28,10.0
2013,PT,KZALA,,,M29T34,4.9
2013,PT,KZALA,,,Y35T44,5.4
2013,PT,KZALA,,,Y45T54,3.6
2013,PT,KZALA,,,Y55T64,4.1
2014,PT,,,,,5.0
2014,PT,KZAKM,,,,4.9
2014,PT,KZAKT,,,,4.9
2014,PT,KZALM,,,,4.9
2014,PT,KZATY,,,,5.0
2014,PT,KZZAP,,,,5.0
2014,PT,KZZHA,,,,4.9
2014,PT,KZKAR,,,,4.9
2014,PT,KZKUS,,,,5.0
2014,PT,KZKZY,,,,5.0
2014,PT,KZMAN,,,,5.0
2014,PT,KZONT,,,,5.4
2014,PT,KZPAV,,,,4.8
2014,PT,KZSEV,,,,5.0
2014,PT,KZVOS,,,,4.8
2014,PT,KZNS,,,,5.1
2014,PT,KZALA,,,,5.5
2014,PT,,,M,,4.3
2014,PT,KZAKM,,M,,4.6
2014,PT,KZAKT,,M,,3.8
2014,PT,KZALM,,M,,4.0
2014,PT,KZATY,,M,,5.2
2014,PT,KZZAP,,M,,4.5
2014,PT,KZZHA,,M,,4.0
2014,PT,KZKAR,,M,,3.6
2014,PT,KZKUS,,M,,5.1
2014,PT,KZKZY,,M,,4.5
2014,PT,KZMAN,,M,,3.9
2014,PT,KZONT,,M,,4.5
2014,PT,KZPAV,,M,,4.5
2014,PT,KZSEV,,M,,4.9
2014,PT,KZVOS,,M,,3.3
2014,PT,KZNS,,M,,5.0
2014,PT,KZALA,,M,,4.5
2014,PT,,,F,,5.8
2014,PT,KZAKM,,F,,5.3
2014,PT,KZAKT,,F,,6.0
2014,PT,KZALM,,F,,5.9
2014,PT,KZATY,,F,,4.9
2014,PT,KZZAP,,F,,5.6
2014,PT,KZZHA,,F,,5.9
2014,PT,KZKAR,,F,,6.2
2014,PT,KZKUS,,F,,5.0
2014,PT,KZKZY,,F,,5.7
2014,PT,KZMAN,,F,,6.3
2014,PT,KZONT,,F,,6.4
2014,PT,KZPAV,,F,,5.0
2014,PT,KZSEV,,F,,5.1
2014,PT,KZVOS,,F,,6.3
2014,PT,KZNS,,F,,5.1
2014,PT,KZALA,,F,,6.5
2014,PT,,Город,,,5.2
2014,PT,KZAKM,Город,,,4.6
2014,PT,KZAKT,Город,,,5.1
2014,PT,KZALM,Город,,,5.0
2014,PT,KZATY,Город,,,4.4
2014,PT,KZZAP,Город,,,4.9
2014,PT,KZZHA,Город,,,6.0
2014,PT,KZKAR,Город,,,5.1
2014,PT,KZKUS,Город,,,6.0
2014,PT,KZKZY,Город,,,4.7
2014,PT,KZMAN,Город,,,4.5
2014,PT,KZONT,Город,,,5.7
2014,PT,KZPAV,Город,,,5.0
2014,PT,KZSEV,Город,,,4.7
2014,PT,KZVOS,Город,,,4.8
2014,PT,KZNS,Город,,,5.1
2014,PT,KZALA,Город,,,5.5
2014,PT,,R,,,4.9
2014,PT,KZAKM,R,,,5.3
2014,PT,KZAKT,R,,,4.5
2014,PT,KZALM,R,,,4.8
2014,PT,KZATY,R,,,5.6
2014,PT,KZZAP,R,,,5.1
2014,PT,KZZHA,R,,,4.1
2014,PT,KZKAR,R,,,4.1
2014,PT,KZKUS,R,,,4.0
2014,PT,KZKZY,R,,,5.2
2014,PT,KZMAN,R,,,5.6
2014,PT,KZONT,R,,,5.3
2014,PT,KZPAV,R,,,4.2
2014,PT,KZSEV,R,,,5.2
2014,PT,KZVOS,R,,,4.7
2014,PT,,,,Y16T24,3.8
2014,PT,,,,M25T28,4.7
2014,PT,,,,M29T34,7.4
2014,PT,,,,Y35T44,4.6
2014,PT,,,,Y45T54,4.6
2014,PT,,,,Y55T64,5.1
2014,PT,KZAKM,,,Y16T24,3.8
2014,PT,KZAKM,,,M25T28,2.2
2014,PT,KZAKM,,,M29T34,5.9
2014,PT,KZAKM,,,Y35T44,4.9
2014,PT,KZAKM,,,Y45T54,6.2
2014,PT,KZAKM,,,Y55T64,5.5
2014,PT,KZAKT,,,Y16T24,3.0
2014,PT,KZAKT,,,M25T28,3.3
2014,PT,KZAKT,,,M29T34,6.1
2014,PT,KZAKT,,,Y35T44,6.1
2014,PT,KZAKT,,,Y45T54,5.3
2014,PT,KZAKT,,,Y55T64,1.8
2014,PT,KZALM,,,Y16T24,3.0
2014,PT,KZALM,,,M25T28,3.5
2014,PT,KZALM,,,M29T34,9.4
2014,PT,KZALM,,,Y35T44,4.6
2014,PT,KZALM,,,Y45T54,4.2
2014,PT,KZALM,,,Y55T64,8.0
2014,PT,KZATY,,,Y16T24,1.3
2014,PT,KZATY,,,M25T28,4.9
2014,PT,KZATY,,,M29T34,6.2
2014,PT,KZATY,,,Y35T44,5.6
2014,PT,KZATY,,,Y45T54,5.5
2014,PT,KZATY,,,Y55T64,5.8
2014,PT,KZZAP,,,Y16T24,4.1
2014,PT,KZZAP,,,M25T28,4.7
2014,PT,KZZAP,,,M29T34,7.4
2014,PT,KZZAP,,,Y35T44,4.4
2014,PT,KZZAP,,,Y45T54,5.5
2014,PT,KZZAP,,,Y55T64,4.6
2014,PT,KZZHA,,,Y16T24,4.8
2014,PT,KZZHA,,,M25T28,5.7
2014,PT,KZZHA,,,M29T34,5.9
2014,PT,KZZHA,,,Y35T44,3.4
2014,PT,KZZHA,,,Y45T54,4.6
2014,PT,KZZHA,,,Y55T64,7.2
2014,PT,KZKAR,,,Y16T24,5.1
2014,PT,KZKAR,,,M25T28,3.6
2014,PT,KZKAR,,,M29T34,6.9
2014,PT,KZKAR,,,Y35T44,4.8
2014,PT,KZKAR,,,Y45T54,4.8
2014,PT,KZKAR,,,Y55T64,3.3
2014,PT,KZKUS,,,Y16T24,3.8
2014,PT,KZKUS,,,M25T28,3.5
2014,PT,KZKUS,,,M29T34,10.0
2014,PT,KZKUS,,,Y35T44,5.2
2014,PT,KZKUS,,,Y45T54,3.6
2014,PT,KZKUS,,,Y55T64,2.5
2014,PT,KZKZY,,,Y16T24,5.8
2014,PT,KZKZY,,,M25T28,3.9
2014,PT,KZKZY,,,M29T34,7.3
2014,PT,KZKZY,,,Y35T44,5.0
2014,PT,KZKZY,,,Y45T54,3.6
2014,PT,KZKZY,,,Y55T64,2.6
2014,PT,KZMAN,,,Y16T24,6.4
2014,PT,KZMAN,,,M25T28,4.9
2014,PT,KZMAN,,,M29T34,9.4
2014,PT,KZMAN,,,Y35T44,2.5
2014,PT,KZMAN,,,Y45T54,2.3
2014,PT,KZMAN,,,Y55T64,5.1
2014,PT,KZONT,,,Y16T24,1.5
2014,PT,KZONT,,,M25T28,4.1
2014,PT,KZONT,,,M29T34,9.8
2014,PT,KZONT,,,Y35T44,4.9
2014,PT,KZONT,,,Y45T54,5.9
2014,PT,KZONT,,,Y55T64,4.7
2014,PT,KZPAV,,,Y16T24,2.3
2014,PT,KZPAV,,,M25T28,3.0
2014,PT,KZPAV,,,M29T34,6.7
2014,PT,KZPAV,,,Y35T44,4.4
2014,PT,KZPAV,,,Y45T54,5.5
2014,PT,KZPAV,,,Y55T64,5.2
2014,PT,KZSEV,,,Y16T24,5.0
2014,PT,KZSEV,,,M25T28,2.7
2014,PT,KZSEV,,,M29T34,8.8
2014,PT,KZSEV,,,Y35T44,5.7
2014,PT,KZSEV,,,Y45T54,4.0
2014,PT,KZSEV,,,Y55T64,3.3
2014,PT,KZVOS,,,Y16T24,3.9
2014,PT,KZVOS,,,M25T28,4.8
2014,PT,KZVOS,,,M29T34,7.9
2014,PT,KZVOS,,,Y35T44,4.2
2014,PT,KZVOS,,,Y45T54,3.4
2014,PT,KZVOS,,,Y55T64,4.2
2014,PT,KZNS,,,Y16T24,8.0
2014,PT,KZNS,,,M25T28,5.3
2014,PT,KZNS,,,M29T34,4.4
2014,PT,KZNS,,,Y35T44,5.0
2014,PT,KZNS,,,Y45T54,4.3
2014,PT,KZNS,,,Y55T64,3.6
2014,PT,KZALA,,,Y16T24,5.6
2014,PT,KZALA,,,M25T28,12.7
2014,PT,KZALA,,,M29T34,4.5
2014,PT,KZALA,,,Y35T44,3.4
2014,PT,KZALA,,,Y45T54,4.0
2014,PT,KZALA,,,Y55T64,9.1
2015,PT,,,,,5.1
2015,PT,KZAKM,,,,5.1
2015,PT,KZAKT,,,,5.1
2015,PT,KZALM,,,,5.0
2015,PT,KZATY,,,,5.0
2015,PT,KZZAP,,,,5.1
2015,PT,KZZHA,,,,5.1
2015,PT,KZKAR,,,,5.3
2015,PT,KZKUS,,,,5.1
2015,PT,KZKZY,,,,5.1
2015,PT,KZMAN,,,,5.1
2015,PT,KZONT,,,,5.3
2015,PT,KZPAV,,,,4.9
2015,PT,KZSEV,,,,5.1
2015,PT,KZVOS,,,,5.0
2015,PT,KZNS,,,,4.7
2015,PT,KZALA,,,,5.3
2015,PT,,,M,,4.4
2015,PT,KZAKM,,M,,5.0
2015,PT,KZAKT,,M,,4.3
2015,PT,KZALM,,M,,4.0
2015,PT,KZATY,,M,,5.4
2015,PT,KZZAP,,M,,4.3
2015,PT,KZZHA,,M,,4.1
2015,PT,KZKAR,,M,,3.8
2015,PT,KZKUS,,M,,4.5
2015,PT,KZKZY,,M,,4.7
2015,PT,KZMAN,,M,,2.6
2015,PT,KZONT,,M,,4.7
2015,PT,KZPAV,,M,,4.7
2015,PT,KZSEV,,M,,4.4
2015,PT,KZVOS,,M,,4.3
2015,PT,KZNS,,M,,4.1
2015,PT,KZALA,,M,,4.8
2015,PT,,,F,,5.9
2015,PT,KZAKM,,F,,5.1
2015,PT,KZAKT,,F,,6.0
2015,PT,KZALM,,F,,6.1
2015,PT,KZATY,,F,,4.7
2015,PT,KZZAP,,F,,6.0
2015,PT,KZZHA,,F,,6.1
2015,PT,KZKAR,,F,,6.9
2015,PT,KZKUS,,F,,5.7
2015,PT,KZKZY,,F,,5.6
2015,PT,KZMAN,,F,,7.9
2015,PT,KZONT,,F,,6.1
2015,PT,KZPAV,,F,,5.1
2015,PT,KZSEV,,F,,5.8
2015,PT,KZVOS,,F,,5.8
2015,PT,KZNS,,F,,5.3
2015,PT,KZALA,,F,,5.6
2015,PT,,Город,,,5.0
2015,PT,KZAKM,Город,,,4.5
2015,PT,KZAKT,Город,,,4.9
2015,PT,KZALM,Город,,,5.0
2015,PT,KZATY,Город,,,4.1
2015,PT,KZZAP,Город,,,4.8
2015,PT,KZZHA,Город,,,5.7
2015,PT,KZKAR,Город,,,5.1
2015,PT,KZKUS,Город,,,5.6
2015,PT,KZKZY,Город,,,4.8
2015,PT,KZMAN,Город,,,4.5
2015,PT,KZONT,Город,,,5.2
2015,PT,KZPAV,Город,,,5.0
2015,PT,KZSEV,Город,,,4.5
2015,PT,KZVOS,Город,,,5.1
2015,PT,KZNS,Город,,,4.7
2015,PT,KZALA,Город,,,5.3
2015,PT,,R,,,4.9
2015,PT,KZAKM,R,,,5.2
2015,PT,KZAKT,R,,,4.9
2015,PT,KZALM,R,,,4.7
2015,PT,KZATY,R,,,6.0
2015,PT,KZZAP,R,,,5.0
2015,PT,KZZHA,R,,,4.5
2015,PT,KZKAR,R,,,4.2
2015,PT,KZKUS,R,,,4.2
2015,PT,KZKZY,R,,,5.1
2015,PT,KZMAN,R,,,5.8
2015,PT,KZONT,R,,,5.3
2015,PT,KZPAV,R,,,4.2
2015,PT,KZSEV,R,,,5.2
2015,PT,KZVOS,R,,,4.6
2015,PT,,,,Y16T24,4.2
2015,PT,,,,M25T28,4.6
2015,PT,,,,M29T34,7.6
2015,PT,,,,Y35T44,4.5
2015,PT,,,,Y45T54,4.6
2015,PT,,,,Y55T64,5.4
2015,PT,KZAKM,,,Y16T24,3.6
2015,PT,KZAKM,,,M25T28,2.7
2015,PT,KZAKM,,,M29T34,6.0
2015,PT,KZAKM,,,Y35T44,5.3
2015,PT,KZAKM,,,Y45T54,5.8
2015,PT,KZAKM,,,Y55T64,5.8
2015,PT,KZAKT,,,Y16T24,3.5
2015,PT,KZAKT,,,M25T28,3.0
2015,PT,KZAKT,,,M29T34,7.8
2015,PT,KZAKT,,,Y35T44,5.1
2015,PT,KZAKT,,,Y45T54,4.2
2015,PT,KZAKT,,,Y55T64,5.9
2015,PT,KZALM,,,Y16T24,2.7
2015,PT,KZALM,,,M25T28,2.4
2015,PT,KZALM,,,M29T34,7.7
2015,PT,KZALM,,,Y35T44,5.2
2015,PT,KZALM,,,Y45T54,5.0
2015,PT,KZALM,,,Y55T64,9.3
2015,PT,KZATY,,,Y16T24,1.4
2015,PT,KZATY,,,M25T28,3.9
2015,PT,KZATY,,,M29T34,5.8
2015,PT,KZATY,,,Y35T44,4.4
2015,PT,KZATY,,,Y45T54,5.1
2015,PT,KZATY,,,Y55T64,11.9
2015,PT,KZZAP,,,Y16T24,4.3
2015,PT,KZZAP,,,M25T28,4.1
2015,PT,KZZAP,,,M29T34,5.6
2015,PT,KZZAP,,,Y35T44,5.5
2015,PT,KZZAP,,,Y45T54,5.1
2015,PT,KZZAP,,,Y55T64,5.7
2015,PT,KZZHA,,,Y16T24,5.5
2015,PT,KZZHA,,,M25T28,4.5
2015,PT,KZZHA,,,M29T34,6.7
2015,PT,KZZHA,,,Y35T44,4.4
2015,PT,KZZHA,,,Y45T54,5.4
2015,PT,KZZHA,,,Y55T64,3.5
2015,PT,KZKAR,,,Y16T24,6.4
2015,PT,KZKAR,,,M25T28,4.4
2015,PT,KZKAR,,,M29T34,7.0
2015,PT,KZKAR,,,Y35T44,4.4
2015,PT,KZKAR,,,Y45T54,5.7
2015,PT,KZKAR,,,Y55T64,3.9
2015,PT,KZKUS,,,Y16T24,3.3
2015,PT,KZKUS,,,M25T28,3.4
2015,PT,KZKUS,,,M29T34,9.3
2015,PT,KZKUS,,,Y35T44,5.3
2015,PT,KZKUS,,,Y45T54,4.2
2015,PT,KZKUS,,,Y55T64,3.8
2015,PT,KZKZY,,,Y16T24,5.6
2015,PT,KZKZY,,,M25T28,3.2
2015,PT,KZKZY,,,M29T34,8.5
2015,PT,KZKZY,,,Y35T44,4.9
2015,PT,KZKZY,,,Y45T54,3.4
2015,PT,KZKZY,,,Y55T64,3.4
2015,PT,KZMAN,,,Y16T24,5.4
2015,PT,KZMAN,,,M25T28,3.1
2015,PT,KZMAN,,,M29T34,6.7
2015,PT,KZMAN,,,Y35T44,5.2
2015,PT,KZMAN,,,Y45T54,4.4
2015,PT,KZMAN,,,Y55T64,5.4
2015,PT,KZONT,,,Y16T24,3.1
2015,PT,KZONT,,,M25T28,5.2
2015,PT,KZONT,,,M29T34,8.6
2015,PT,KZONT,,,Y35T44,4.8
2015,PT,KZONT,,,Y45T54,4.6
2015,PT,KZONT,,,Y55T64,4.7
2015,PT,KZPAV,,,Y16T24,2.9
2015,PT,KZPAV,,,M25T28,3.7
2015,PT,KZPAV,,,M29T34,5.8
2015,PT,KZPAV,,,Y35T44,5.3
2015,PT,KZPAV,,,Y45T54,4.9
2015,PT,KZPAV,,,Y55T64,6.0
2015,PT,KZSEV,,,Y16T24,4.2
2015,PT,KZSEV,,,M25T28,2.0
2015,PT,KZSEV,,,M29T34,10.2
2015,PT,KZSEV,,,Y35T44,5.1
2015,PT,KZSEV,,,Y45T54,4.8
2015,PT,KZSEV,,,Y55T64,3.3
2015,PT,KZVOS,,,Y16T24,4.1
2015,PT,KZVOS,,,M25T28,4.6
2015,PT,KZVOS,,,M29T34,8.0
2015,PT,KZVOS,,,Y35T44,3.4
2015,PT,KZVOS,,,Y45T54,4.5
2015,PT,KZVOS,,,Y55T64,5.6
2015,PT,KZNS,,,Y16T24,7.2
2015,PT,KZNS,,,M25T28,4.9
2015,PT,KZNS,,,M29T34,6.0
2015,PT,KZNS,,,Y35T44,3.1
2015,PT,KZNS,,,Y45T54,3.4
2015,PT,KZNS,,,Y55T64,4.2
2015,PT,KZALA,,,Y16T24,5.3
2015,PT,KZALA,,,M25T28,15.0
2015,PT,KZALA,,,M29T34,9.0
2015,PT,KZALA,,,Y35T44,3.0
2015,PT,KZALA,,,Y45T54,3.0
2015,PT,KZALA,,,Y55T64,3.1
2016,PT,,,,,5.0
2016,PT,KZAKM,,,,4.9
2016,PT,KZAKT,,,,4.8
2016,PT,KZALM,,,,4.8
2016,PT,KZATY,,,,4.9
2016,PT,KZZAP,,,,4.9
2016,PT,KZZHA,,,,4.9
2016,PT,KZKAR,,,,5.0
2016,PT,KZKUS,,,,4.9
2016,PT,KZKZY,,,,4.9
2016,PT,KZMAN,,,,5.0
2016,PT,KZONT,,,,5.2
2016,PT,KZPAV,,,,4.8
2016,PT,KZSEV,,,,5.0
2016,PT,KZVOS,,,,4.9
2016,PT,KZNS,,,,4.6
2016,PT,KZALA,,,,5.3
2016,PT,,,M,,4.4
2016,PT,KZAKM,,M,,5.2
2016,PT,KZAKT,,M,,4.8
2016,PT,KZALM,,M,,3.8
2016,PT,KZATY,,M,,4.8
2016,PT,KZZAP,,M,,4.6
2016,PT,KZZHA,,M,,4.0
2016,PT,KZKAR,,M,,4.2
2016,PT,KZKUS,,M,,4.8
2016,PT,KZKZY,,M,,4.4
2016,PT,KZMAN,,M,,2.7
2016,PT,KZONT,,M,,4.4
2016,PT,KZPAV,,M,,4.6
2016,PT,KZSEV,,M,,5.0
2016,PT,KZVOS,,M,,4.2
2016,PT,KZNS,,M,,4.4
2016,PT,KZALA,,M,,4.9
2016,PT,,,F,,5.5
2016,PT,KZAKM,,F,,4.6
2016,PT,KZAKT,,F,,4.9
2016,PT,KZALM,,F,,5.8
2016,PT,KZATY,,F,,5.1
2016,PT,KZZAP,,F,,5.2
2016,PT,KZZHA,,F,,5.8
2016,PT,KZKAR,,F,,5.8
2016,PT,KZKUS,,F,,5.1
2016,PT,KZKZY,,F,,5.5
2016,PT,KZMAN,,F,,7.8
2016,PT,KZONT,,F,,6.1
2016,PT,KZPAV,,F,,5.0
2016,PT,KZSEV,,F,,4.9
2016,PT,KZVOS,,F,,5.6
2016,PT,KZNS,,F,,4.9
2016,PT,KZALA,,F,,5.7
2016,PT,,Город,,,5.1
2016,PT,KZAKM,Город,,,4.4
2016,PT,KZAKT,Город,,,5.1
2016,PT,KZALM,Город,,,4.8
2016,PT,KZATY,Город,,,5.9
2016,PT,KZZAP,Город,,,4.8
2016,PT,KZZHA,Город,,,5.5
2016,PT,KZKAR,Город,,,5.1
2016,PT,KZKUS,Город,,,5.6
2016,PT,KZKZY,Город,,,4.6
2016,PT,KZMAN,Город,,,4.9
2016,PT,KZONT,Город,,,5.3
2016,PT,KZPAV,Город,,,5.0
2016,PT,KZSEV,Город,,,4.7
2016,PT,KZVOS,Город,,,5.0
2016,PT,KZNS,Город,,,4.6
2016,PT,KZALA,Город,,,5.3
2016,PT,,R,,,4.8
2016,PT,KZAKM,R,,,5.4
2016,PT,KZAKT,R,,,4.3
2016,PT,KZALM,R,,,4.8
2016,PT,KZATY,R,,,4.0
2016,PT,KZZAP,R,,,4.9
2016,PT,KZZHA,R,,,4.4
2016,PT,KZKAR,R,,,4.3
2016,PT,KZKUS,R,,,4.2
2016,PT,KZKZY,R,,,5.2
2016,PT,KZMAN,R,,,5.1
2016,PT,KZONT,R,,,5.1
2016,PT,KZPAV,R,,,4.4
2016,PT,KZSEV,R,,,5.1
2016,PT,KZVOS,R,,,4.7
2016,PT,,,,Y16T24,3.8
2016,PT,,,,M25T28,4.3
2016,PT,,,,M29T34,7.0
2016,PT,,,,Y35T44,4.8
2016,PT,,,,Y45T54,4.6
2016,PT,,,,Y55T64,4.6
2016,PT,KZAKM,,,Y16T24,3.0
2016,PT,KZAKM,,,M25T28,3.6
2016,PT,KZAKM,,,M29T34,5.9
2016,PT,KZAKM,,,Y35T44,5.5
2016,PT,KZAKM,,,Y45T54,5.6
2016,PT,KZAKM,,,Y55T64,4.9
2016,PT,KZAKT,,,Y16T24,2.8
2016,PT,KZAKT,,,M25T28,3.0
2016,PT,KZAKT,,,M29T34,5.9
2016,PT,KZAKT,,,Y35T44,4.8
2016,PT,KZAKT,,,Y45T54,6.4
2016,PT,KZAKT,,,Y55T64,3.7
2016,PT,KZALM,,,Y16T24,3.3
2016,PT,KZALM,,,M25T28,2.8
2016,PT,KZALM,,,M29T34,7.2
2016,PT,KZALM,,,Y35T44,5.9
2016,PT,KZALM,,,Y45T54,3.9
2016,PT,KZALM,,,Y55T64,6.1
2016,PT,KZATY,,,Y16T24,1.6
2016,PT,KZATY,,,M25T28,2.9
2016,PT,KZATY,,,M29T34,7.1
2016,PT,KZATY,,,Y35T44,6.0
2016,PT,KZATY,,,Y45T54,4.8
2016,PT,KZATY,,,Y55T64,7.1
2016,PT,KZZAP,,,Y16T24,4.0
2016,PT,KZZAP,,,M25T28,3.9
2016,PT,KZZAP,,,M29T34,6.8
2016,PT,KZZAP,,,Y35T44,5.6
2016,PT,KZZAP,,,Y45T54,4.4
2016,PT,KZZAP,,,Y55T64,4.2
2016,PT,KZZHA,,,Y16T24,4.7
2016,PT,KZZHA,,,M25T28,3.7
2016,PT,KZZHA,,,M29T34,7.4
2016,PT,KZZHA,,,Y35T44,4.2
2016,PT,KZZHA,,,Y45T54,5.4
2016,PT,KZZHA,,,Y55T64,2.8
2016,PT,KZKAR,,,Y16T24,6.0
2016,PT,KZKAR,,,M25T28,4.4
2016,PT,KZKAR,,,M29T34,5.0
2016,PT,KZKAR,,,Y35T44,4.1
2016,PT,KZKAR,,,Y45T54,6.2
2016,PT,KZKAR,,,Y55T64,4.6
2016,PT,KZKUS,,,Y16T24,3.3
2016,PT,KZKUS,,,M25T28,3.2
2016,PT,KZKUS,,,M29T34,10.8
2016,PT,KZKUS,,,Y35T44,5.9
2016,PT,KZKUS,,,Y45T54,3.5
2016,PT,KZKUS,,,Y55T64,1.7
2016,PT,KZKZY,,,Y16T24,5.5
2016,PT,KZKZY,,,M25T28,4.0
2016,PT,KZKZY,,,M29T34,8.3
2016,PT,KZKZY,,,Y35T44,4.7
2016,PT,KZKZY,,,Y45T54,3.4
2016,PT,KZKZY,,,Y55T64,2.5
2016,PT,KZMAN,,,Y16T24,5.2
2016,PT,KZMAN,,,M25T28,3.9
2016,PT,KZMAN,,,M29T34,7.1
2016,PT,KZMAN,,,Y35T44,4.2
2016,PT,KZMAN,,,Y45T54,4.9
2016,PT,KZMAN,,,Y55T64,2.9
2016,PT,KZONT,,,Y16T24,1.9
2016,PT,KZONT,,,M25T28,5.5
2016,PT,KZONT,,,M29T34,7.6
2016,PT,KZONT,,,Y35T44,4.9
2016,PT,KZONT,,,Y45T54,4.5
2016,PT,KZONT,,,Y55T64,5.4
2016,PT,KZPAV,,,Y16T24,2.7
2016,PT,KZPAV,,,M25T28,3.3
2016,PT,KZPAV,,,M29T34,6.2
2016,PT,KZPAV,,,Y35T44,6.0
2016,PT,KZPAV,,,Y45T54,4.5
2016,PT,KZPAV,,,Y55T64,3.6
2016,PT,KZSEV,,,Y16T24,4.9
2016,PT,KZSEV,,,M25T28,1.8
2016,PT,KZSEV,,,M29T34,10.8
2016,PT,KZSEV,,,Y35T44,4.4
2016,PT,KZSEV,,,Y45T54,4.6
2016,PT,KZSEV,,,Y55T64,2.5
2016,PT,KZVOS,,,Y16T24,2.3
2016,PT,KZVOS,,,M25T28,3.6
2016,PT,KZVOS,,,M29T34,9.1
2016,PT,KZVOS,,,Y35T44,3.4
2016,PT,KZVOS,,,Y45T54,3.5
2016,PT,KZVOS,,,Y55T64,6.5
2016,PT,KZNS,,,Y16T24,5.7
2016,PT,KZNS,,,M25T28,4.3
2016,PT,KZNS,,,M29T34,3.6
2016,PT,KZNS,,,Y35T44,4.8
2016,PT,KZNS,,,Y45T54,5.0
2016,PT,KZNS,,,Y55T64,4.3
2016,PT,KZALA,,,Y16T24,5.3
2016,PT,KZALA,,,M25T28,9.7
2016,PT,KZALA,,,M29T34,5.1
2016,PT,KZALA,,,Y35T44,3.9
2016,PT,KZALA,,,Y45T54,4.6
2016,PT,KZALA,,,Y55T64,6.7
2017,PT,,,,,4.9
2017,PT,KZAKM,,,,4.8
2017,PT,KZAKT,,,,4.8
2017,PT,KZALM,,,,4.7
2017,PT,KZATY,,,,4.9
2017,PT,KZZAP,,,,4.9
2017,PT,KZZHA,,,,4.9
2017,PT,KZKAR,,,,4.8
2017,PT,KZKUS,,,,4.8
2017,PT,KZKZY,,,,4.8
2017,PT,KZMAN,,,,4.9
2017,PT,KZONT,,,,5.2
2017,PT,KZPAV,,,,4.8
2017,PT,KZSEV,,,,4.9
2017,PT,KZVOS,,,,4.8
2017,PT,KZNS,,,,4.6
2017,PT,KZALA,,,,5.3
2017,PT,,,M,,4.4
2017,PT,KZAKM,,M,,5.0
2017,PT,KZAKT,,M,,4.8
2017,PT,KZALM,,M,,3.5
2017,PT,KZATY,,M,,4.9
2017,PT,KZZAP,,M,,4.5
2017,PT,KZZHA,,M,,4.5
2017,PT,KZKAR,,M,,4.0
2017,PT,KZKUS,,M,,4.6
2017,PT,KZKZY,,M,,4.6
2017,PT,KZMAN,,M,,3.0
2017,PT,KZONT,,M,,4.6
2017,PT,KZPAV,,M,,4.7
2017,PT,KZSEV,,M,,5.3
2017,PT,KZVOS,,M,,4.7
2017,PT,KZNS,,M,,4.6
2017,PT,KZALA,,M,,4.2
2017,PT,,,F,,5.4
2017,PT,KZAKM,,F,,4.6
2017,PT,KZAKT,,F,,4.8
2017,PT,KZALM,,F,,6.0
2017,PT,KZATY,,F,,5.0
2017,PT,KZZAP,,F,,5.3
2017,PT,KZZHA,,F,,5.3
2017,PT,KZKAR,,F,,5.6
2017,PT,KZKUS,,F,,5.1
2017,PT,KZKZY,,F,,5.1
2017,PT,KZMAN,,F,,7.1
2017,PT,KZONT,,F,,5.9
2017,PT,KZPAV,,F,,4.9
2017,PT,KZSEV,,F,,4.4
2017,PT,KZVOS,,F,,5.0
2017,PT,KZNS,,F,,4.6
2017,PT,KZALA,,F,,6.2
2017,PT,,Город,,,5.2
2017,PT,KZAKM,Город,,,4.5
2017,PT,KZAKT,Город,,,5.0
2017,PT,KZALM,Город,,,4.3
2017,PT,KZATY,Город,,,5.0
2017,PT,KZZAP,Город,,,5.0
2017,PT,KZZHA,Город,,,5.8
2017,PT,KZKAR,Город,,,5.2
2017,PT,KZKUS,Город,,,5.6
2017,PT,KZKZY,Город,,,4.6
2017,PT,KZMAN,Город,,,5.0
2017,PT,KZONT,Город,,,5.5
2017,PT,KZPAV,Город,,,5.2
2017,PT,KZSEV,Город,,,4.8
2017,PT,KZVOS,Город,,,5.1
2017,PT,KZNS,Город,,,4.8
2017,PT,KZALA,Город,,,5.6
2017,PT,,R,,,5.1
2017,PT,KZAKM,R,,,5.5
2017,PT,KZAKT,R,,,5.2
2017,PT,KZALM,R,,,5.2
2017,PT,KZATY,R,,,5.4
2017,PT,KZZAP,R,,,5.2
2017,PT,KZZHA,R,,,4.7
2017,PT,KZKAR,R,,,4.1
2017,PT,KZKUS,R,,,4.5
2017,PT,KZKZY,R,,,5.5
2017,PT,KZMAN,R,,,5.2
2017,PT,KZONT,R,,,5.4
2017,PT,KZPAV,R,,,4.6
2017,PT,KZSEV,R,,,5.4
2017,PT,KZVOS,R,,,4.9
2017,PT,,,,Y16T24,3.8
2017,PT,,,,M25T28,4.0
2017,PT,,,,M29T34,6.7
2017,PT,,,,Y35T44,4.6
2017,PT,,,,Y45T54,4.6
2017,PT,,,,Y55T64,5.2
2017,PT,KZAKM,,,Y16T24,2.9
2017,PT,KZAKM,,,M25T28,3.1
2017,PT,KZAKM,,,M29T34,4.4
2017,PT,KZAKM,,,Y35T44,6.3
2017,PT,KZAKM,,,Y45T54,6.7
2017,PT,KZAKM,,,Y55T64,3.9
2017,PT,KZAKT,,,Y16T24,2.5
2017,PT,KZAKT,,,M25T28,3.2
2017,PT,KZAKT,,,M29T34,7.0
2017,PT,KZAKT,,,Y35T44,5.0
2017,PT,KZAKT,,,Y45T54,4.0
2017,PT,KZAKT,,,Y55T64,6.0
2017,PT,KZALM,,,Y16T24,3.2
2017,PT,KZALM,,,M25T28,2.7
2017,PT,KZALM,,,M29T34,9.8
2017,PT,KZALM,,,Y35T44,4.9
2017,PT,KZALM,,,Y45T54,2.8
2017,PT,KZALM,,,Y55T64,2.3
2017,PT,KZATY,,,Y16T24,1.5
2017,PT,KZATY,,,M25T28,2.9
2017,PT,KZATY,,,M29T34,8.5
2017,PT,KZATY,,,Y35T44,4.6
2017,PT,KZATY,,,Y45T54,5.2
2017,PT,KZATY,,,Y55T64,6.1
2017,PT,KZZAP,,,Y16T24,4.0
2017,PT,KZZAP,,,M25T28,3.9
2017,PT,KZZAP,,,M29T34,5.7
2017,PT,KZZAP,,,Y35T44,5.3
2017,PT,KZZAP,,,Y45T54,4.5
2017,PT,KZZAP,,,Y55T64,5.5
2017,PT,KZZHA,,,Y16T24,2.8
2017,PT,KZZHA,,,M25T28,2.1
2017,PT,KZZHA,,,M29T34,10.4
2017,PT,KZZHA,,,Y35T44,4.7
2017,PT,KZZHA,,,Y45T54,5.4
2017,PT,KZZHA,,,Y55T64,6.2
2017,PT,KZKAR,,,Y16T24,5.8
2017,PT,KZKAR,,,M25T28,4.2
2017,PT,KZKAR,,,M29T34,4.5
2017,PT,KZKAR,,,Y35T44,4.6
2017,PT,KZKAR,,,Y45T54,4.5
2017,PT,KZKAR,,,Y55T64,6.1
2017,PT,KZKUS,,,Y16T24,3.1
2017,PT,KZKUS,,,M25T28,2.9
2017,PT,KZKUS,,,M29T34,10.3
2017,PT,KZKUS,,,Y35T44,5.5
2017,PT,KZKUS,,,Y45T54,2.5
2017,PT,KZKUS,,,Y55T64,2.1
2017,PT,KZKZY,,,Y16T24,5.3
2017,PT,KZKZY,,,M25T28,3.0
2017,PT,KZKZY,,,M29T34,8.9
2017,PT,KZKZY,,,Y35T44,4.5
2017,PT,KZKZY,,,Y45T54,2.9
2017,PT,KZKZY,,,Y55T64,3.0
2017,PT,KZMAN,,,Y16T24,4.0
2017,PT,KZMAN,,,M25T28,3.6
2017,PT,KZMAN,,,M29T34,5.7
2017,PT,KZMAN,,,Y35T44,5.8
2017,PT,KZMAN,,,Y45T54,4.7
2017,PT,KZMAN,,,Y55T64,2.8
2017,PT,KZONT,,,Y16T24,3.5
2017,PT,KZONT,,,M25T28,4.7
2017,PT,KZONT,,,M29T34,7.0
2017,PT,KZONT,,,Y35T44,4.7
2017,PT,KZONT,,,Y45T54,3.8
2017,PT,KZONT,,,Y55T64,8.8
2017,PT,KZPAV,,,Y16T24,3.1
2017,PT,KZPAV,,,M25T28,3.4
2017,PT,KZPAV,,,M29T34,5.6
2017,PT,KZPAV,,,Y35T44,4.1
2017,PT,KZPAV,,,Y45T54,6.6
2017,PT,KZPAV,,,Y55T64,3.9
2017,PT,KZSEV,,,Y16T24,4.2
2017,PT,KZSEV,,,M25T28,1.4
2017,PT,KZSEV,,,M29T34,6.6
2017,PT,KZSEV,,,Y35T44,5.0
2017,PT,KZSEV,,,Y45T54,6.6
2017,PT,KZSEV,,,Y55T64,3.4
2017,PT,KZVOS,,,Y16T24,3.1
2017,PT,KZVOS,,,M25T28,4.5
2017,PT,KZVOS,,,M29T34,6.4
2017,PT,KZVOS,,,Y35T44,4.0
2017,PT,KZVOS,,,Y45T54,4.2
2017,PT,KZVOS,,,Y55T64,6.6
2017,PT,KZNS,,,Y16T24,4.7
2017,PT,KZNS,,,M25T28,4.3
2017,PT,KZNS,,,M29T34,1.6
2017,PT,KZNS,,,Y35T44,3.2
2017,PT,KZNS,,,Y45T54,9.3
2017,PT,KZNS,,,Y55T64,8.6
2017,PT,KZALA,,,Y16T24,5.3
2017,PT,KZALA,,,M25T28,8.4
2017,PT,KZALA,,,M29T34,5.3
2017,PT,KZALA,,,Y35T44,3.4
2017,PT,KZALA,,,Y45T54,5.0
2017,PT,KZALA,,,Y55T64,7.6
2018,PT,,,,,4.9
2018,PT,KZAKM,,,,4.8
2018,PT,KZAKT,,,,4.8
2018,PT,KZALM,,,,4.7
2018,PT,KZATY,,,,4.9
2018,PT,KZZAP,,,,4.9
2018,PT,KZZHA,,,,4.9
2018,PT,KZKAR,,,,4.6
2018,PT,KZKUS,,,,4.8
2018,PT,KZKZY,,,,4.8
2018,PT,KZMAN,,,,4.8
2018,PT,KZPAV,,,,4.8
2018,PT,KZSEV,,,,4.9
2018,PT,KZYUZ,,,,5.2
2018,PT,KZVOS,,,,4.8
2018,PT,KZNS,,,,4.5
2018,PT,KZALA,,,,5.2
2018,PT,KZSHY,,,,5.2
2018,PT,,,M,,4.3
2018,PT,KZAKM,,M,,4.8
2018,PT,KZAKT,,M,,4.6
2018,PT,KZALM,,M,,3.2
2018,PT,KZATY,,M,,4.9
2018,PT,KZZAP,,M,,4.5
2018,PT,KZZHA,,M,,4.8
2018,PT,KZKAR,,M,,3.4
2018,PT,KZKUS,,M,,4.7
2018,PT,KZKZY,,M,,4.7
2018,PT,KZMAN,,M,,2.8
2018,PT,KZPAV,,M,,4.7
2018,PT,KZSEV,,M,,5.0
2018,PT,KZYUZ,,M,,4.6
2018,PT,KZVOS,,M,,4.7
2018,PT,KZNS,,M,,4.4
2018,PT,KZALA,,M,,4.1
2018,PT,KZSHY,,M,,5.5
2018,PT,,,F,,5.4
2018,PT,KZAKM,,F,,4.7
2018,PT,KZAKT,,F,,5.0
2018,PT,KZALM,,F,,6.2
2018,PT,KZATY,,F,,4.9
2018,PT,KZZAP,,F,,5.3
2018,PT,KZZHA,,F,,5.0
2018,PT,KZKAR,,F,,5.9
2018,PT,KZKUS,,F,,4.9
2018,PT,KZKZY,,F,,4.9
2018,PT,KZMAN,,F,,7.0
2018,PT,KZPAV,,F,,4.8
2018,PT,KZSEV,,F,,4.7
2018,PT,KZYUZ,,F,,5.8
2018,PT,KZVOS,,F,,5.0
2018,PT,KZNS,,F,,4.6
2018,PT,KZALA,,F,,6.2
2018,PT,KZSHY,,F,,4.9
2018,PT,,Город,,,4.9
2018,PT,KZAKM,Город,,,4.4
2018,PT,KZAKT,Город,,,4.7
2018,PT,KZALM,Город,,,5.2
2018,PT,KZATY,Город,,,4.9
2018,PT,KZZAP,Город,,,4.7
2018,PT,KZZHA,Город,,,5.5
2018,PT,KZKAR,Город,,,4.8
2018,PT,KZKUS,Город,,,5.2
2018,PT,KZKZY,Город,,,4.6
2018,PT,KZMAN,Город,,,4.9
2018,PT,KZPAV,Город,,,4.9
2018,PT,KZSEV,Город,,,4.6
2018,PT,KZYUZ,Город,,,5.5
2018,PT,KZVOS,Город,,,4.8
2018,PT,KZNS,Город,,,4.5
2018,PT,KZALA,Город,,,5.2
2018,PT,KZSHY,Город,,,5.2
2018,PT,,R,,,4.8
2018,PT,KZAKM,R,,,5.2
2018,PT,KZAKT,R,,,5.2
2018,PT,KZALM,R,,,4.5
2018,PT,KZATY,R,,,4.9
2018,PT,KZZAP,R,,,5.1
2018,PT,KZZHA,R,,,4.5
2018,PT,KZKAR,R,,,3.7
2018,PT,KZKUS,R,,,4.4
2018,PT,KZKZY,R,,,4.9
2018,PT,KZMAN,R,,,4.8
2018,PT,KZPAV,R,,,4.4
2018,PT,KZSEV,R,,,5.0
2018,PT,KZYUZ,R,,,5.1
2018,PT,KZVOS,R,,,4.9
2018,PT,,,,Y16T24,3.7
2018,PT,,,,M25T28,4.0
2018,PT,,,,M29T34,7.0
2018,PT,,,,Y35T44,4.3
2018,PT,,,,Y45T54,4.2
2018,PT,,,,Y55T64,5.6
2018,PT,KZAKM,,,Y16T24,2.9
2018,PT,KZAKM,,,M25T28,2.9
2018,PT,KZAKM,,,M29T34,5.5
2018,PT,KZAKM,,,Y35T44,5.9
2018,PT,KZAKM,,,Y45T54,6.0
2018,PT,KZAKM,,,Y55T64,3.8
2018,PT,KZAKT,,,Y16T24,2.9
2018,PT,KZAKT,,,M25T28,2.9
2018,PT,KZAKT,,,M29T34,5.6
2018,PT,KZAKT,,,Y35T44,5.2
2018,PT,KZAKT,,,Y45T54,4.9
2018,PT,KZAKT,,,Y55T64,5.2
2018,PT,KZALM,,,Y16T24,3.3
2018,PT,KZALM,,,M25T28,2.6
2018,PT,KZALM,,,M29T34,7.9
2018,PT,KZALM,,,Y35T44,3.4
2018,PT,KZALM,,,Y45T54,2.6
2018,PT,KZALM,,,Y55T64,9.7
2018,PT,KZATY,,,Y16T24,1.6
2018,PT,KZATY,,,M25T28,3.1
2018,PT,KZATY,,,M29T34,6.0
2018,PT,KZATY,,,Y35T44,5.0
2018,PT,KZATY,,,Y45T54,5.7
2018,PT,KZATY,,,Y55T64,7.2
2018,PT,KZZAP,,,Y16T24,3.9
2018,PT,KZZAP,,,M25T28,3.8
2018,PT,KZZAP,,,M29T34,6.1
2018,PT,KZZAP,,,Y35T44,4.7
2018,PT,KZZAP,,,Y45T54,4.7
2018,PT,KZZAP,,,Y55T64,5.9
2018,PT,KZZHA,,,Y16T24,2.9
2018,PT,KZZHA,,,M25T28,2.9
2018,PT,KZZHA,,,M29T34,7.5
2018,PT,KZZHA,,,Y35T44,5.4
2018,PT,KZZHA,,,Y45T54,4.0
2018,PT,KZZHA,,,Y55T64,7.0
2018,PT,KZKAR,,,Y16T24,5.7
2018,PT,KZKAR,,,M25T28,4.2
2018,PT,KZKAR,,,M29T34,3.7
2018,PT,KZKAR,,,Y35T44,3.8
2018,PT,KZKAR,,,Y45T54,4.8
2018,PT,KZKAR,,,Y55T64,7.4
2018,PT,KZKUS,,,Y16T24,3.0
2018,PT,KZKUS,,,M25T28,3.2
2018,PT,KZKUS,,,M29T34,10.0
2018,PT,KZKUS,,,Y35T44,6.0
2018,PT,KZKUS,,,Y45T54,2.7
2018,PT,KZKUS,,,Y55T64,1.7
2018,PT,KZKZY,,,Y16T24,4.5
2018,PT,KZKZY,,,M25T28,3.8
2018,PT,KZKZY,,,M29T34,5.7
2018,PT,KZKZY,,,Y35T44,4.8
2018,PT,KZKZY,,,Y45T54,5.4
2018,PT,KZKZY,,,Y55T64,3.2
2018,PT,KZMAN,,,Y16T24,3.2
2018,PT,KZMAN,,,M25T28,2.7
2018,PT,KZMAN,,,M29T34,6.6
2018,PT,KZMAN,,,Y35T44,6.1
2018,PT,KZMAN,,,Y45T54,3.7
2018,PT,KZMAN,,,Y55T64,3.2
2018,PT,KZPAV,,,Y16T24,3.2
2018,PT,KZPAV,,,M25T28,3.9
2018,PT,KZPAV,,,M29T34,6.2
2018,PT,KZPAV,,,Y35T44,4.7
2018,PT,KZPAV,,,Y45T54,4.5
2018,PT,KZPAV,,,Y55T64,4.6
2018,PT,KZSEV,,,Y16T24,4.0
2018,PT,KZSEV,,,M25T28,2.3
2018,PT,KZSEV,,,M29T34,6.0
2018,PT,KZSEV,,,Y35T44,5.4
2018,PT,KZSEV,,,Y45T54,6.3
2018,PT,KZSEV,,,Y55T64,3.3
2018,PT,KZYUZ,,,Y16T24,2.1
2018,PT,KZYUZ,,,M25T28,4.0
2018,PT,KZYUZ,,,M29T34,8.4
2018,PT,KZYUZ,,,Y35T44,4.4
2018,PT,KZYUZ,,,Y45T54,4.5
2018,PT,KZYUZ,,,Y55T64,4.8
2018,PT,KZVOS,,,Y16T24,3.7
2018,PT,KZVOS,,,M25T28,3.9
2018,PT,KZVOS,,,M29T34,9.7
2018,PT,KZVOS,,,Y35T44,3.9
2018,PT,KZVOS,,,Y45T54,3.2
2018,PT,KZVOS,,,Y55T64,5.2
2018,PT,KZNS,,,Y16T24,4.5
2018,PT,KZNS,,,M25T28,4.6
2018,PT,KZNS,,,M29T34,6.9
2018,PT,KZNS,,,Y35T44,3.1
2018,PT,KZNS,,,Y45T54,3.2
2018,PT,KZNS,,,Y55T64,4.3
2018,PT,KZALA,,,Y16T24,5.2
2018,PT,KZALA,,,M25T28,8.0
2018,PT,KZALA,,,M29T34,6.5
2018,PT,KZALA,,,Y35T44,3.1
2018,PT,KZALA,,,Y45T54,4.7
2018,PT,KZALA,,,Y55T64,5.7
2018,PT,KZSHY,,,Y16T24,3.7
2018,PT,KZSHY,,,M25T28,4.5
2018,PT,KZSHY,,,M29T34,7.7
2018,PT,KZSHY,,,Y35T44,2.8
2018,PT,KZSHY,,,Y45T54,4.7
2018,PT,KZSHY,,,Y55T64,8.8
2019,PT,,,,,4.8
2019,PT,KZAKM,,,,4.7
2019,PT,KZAKT,,,,4.8
2019,PT,KZALM,,,,4.6
2019,PT,KZATY,,,,4.8
2019,PT,KZZAP,,,,4.8
2019,PT,KZZHA,,,,4.8
2019,PT,KZKAR,,,,4.4
2019,PT,KZKUS,,,,4.7
2019,PT,KZKZY,,,,4.8
2019,PT,KZMAN,,,,4.8
2019,PT,KZPAV,,,,4.7
2019,PT,KZSEV,,,,4.8
2019,PT,KZYUZ,,,,5.1
2019,PT,KZVOS,,,,4.8
2019,PT,KZNS,,,,4.4
2019,PT,KZALA,,,,5.1
2019,PT,KZSHY,,,,5.1
2019,PT,,,M,,4.3
2019,PT,KZAKM,,M,,4.7
2019,PT,KZAKT,,M,,5.2
2019,PT,KZALM,,M,,3.3
2019,PT,KZATY,,M,,4.8
2019,PT,KZZAP,,M,,4.6
2019,PT,KZZHA,,M,,4.6
2019,PT,KZKAR,,M,,3.3
2019,PT,KZKUS,,M,,4.6
2019,PT,KZKZY,,M,,4.8
2019,PT,KZMAN,,M,,3.3
2019,PT,KZPAV,,M,,4.6
2019,PT,KZSEV,,M,,5.0
2019,PT,KZYUZ,,M,,4.7
2019,PT,KZVOS,,M,,4.3
2019,PT,KZNS,,M,,4.2
2019,PT,KZALA,,M,,4.3
2019,PT,KZSHY,,M,,4.9
2019,PT,,,F,,5.3
2019,PT,KZAKM,,F,,4.8
2019,PT,KZAKT,,F,,4.3
2019,PT,KZALM,,F,,5.9
2019,PT,KZATY,,F,,4.9
2019,PT,KZZAP,,F,,5.1
2019,PT,KZZHA,,F,,5.0
2019,PT,KZKAR,,F,,5.6
2019,PT,KZKUS,,F,,4.8
2019,PT,KZKZY,,F,,4.9
2019,PT,KZMAN,,F,,6.6
2019,PT,KZPAV,,F,,4.8
2019,PT,KZSEV,,F,,4.6
2019,PT,KZYUZ,,F,,5.5
2019,PT,KZVOS,,F,,5.4
2019,PT,KZNS,,F,,4.6
2019,PT,KZALA,,F,,5.8
2019,PT,KZSHY,,F,,5.4
2019,PT,,Город,,,4.8
2019,PT,KZAKM,Город,,,4.3
2019,PT,KZAKT,Город,,,4.7
2019,PT,KZALM,Город,,,5.0
2019,PT,KZATY,Город,,,4.5
2019,PT,KZZAP,Город,,,4.8
2019,PT,KZZHA,Город,,,5.3
2019,PT,KZKAR,Город,,,4.6
2019,PT,KZKUS,Город,,,5.2
2019,PT,KZKZY,Город,,,4.6
2019,PT,KZMAN,Город,,,4.7
2019,PT,KZPAV,Город,,,4.8
2019,PT,KZSEV,Город,,,4.7
2019,PT,KZYUZ,Город,,,4.6
2019,PT,KZVOS,Город,,,4.6
2019,PT,KZNS,Город,,,4.4
2019,PT,KZALA,Город,,,5.1
2019,PT,KZSHY,Город,,,5.1
2019,PT,,R,,,4.8
2019,PT,KZAKM,R,,,5.1
2019,PT,KZAKT,R,,,4.9
2019,PT,KZALM,R,,,4.5
2019,PT,KZATY,R,,,5.2
2019,PT,KZZAP,R,,,4.9
2019,PT,KZZHA,R,,,4.4
2019,PT,KZKAR,R,,,3.6
2019,PT,KZKUS,R,,,4.3
2019,PT,KZKZY,R,,,5.0
2019,PT,KZMAN,R,,,4.9
2019,PT,KZPAV,R,,,4.3
2019,PT,KZSEV,R,,,5.0
2019,PT,KZYUZ,R,,,5.2
2019,PT,KZVOS,R,,,5.2
2019,PT,,,,Y16T24,3.6
2019,PT,,,,M25T28,3.9
2019,PT,,,,M29T34,6.7
2019,PT,,,,Y35T44,4.5
2019,PT,,,,Y45T54,4.3
2019,PT,,,,Y55T64,5.1
2019,PT,KZAKM,,,Y16T24,2.9
2019,PT,KZAKM,,,M25T28,3.0
2019,PT,KZAKM,,,M29T34,6.2
2019,PT,KZAKM,,,Y35T44,5.7
2019,PT,KZAKM,,,Y45T54,5.9
2019,PT,KZAKM,,,Y55T64,3.0
2019,PT,KZAKT,,,Y16T24,3.6
2019,PT,KZAKT,,,M25T28,3.0
2019,PT,KZAKT,,,M29T34,6.0
2019,PT,KZAKT,,,Y35T44,4.1
2019,PT,KZAKT,,,Y45T54,4.6
2019,PT,KZAKT,,,Y55T64,6.9
2019,PT,KZALM,,,Y16T24,3.2
2019,PT,KZALM,,,M25T28,2.6
2019,PT,KZALM,,,M29T34,6.8
2019,PT,KZALM,,,Y35T44,3.6
2019,PT,KZALM,,,Y45T54,2.2
2019,PT,KZALM,,,Y55T64,11.1
2019,PT,KZATY,,,Y16T24,1.6
2019,PT,KZATY,,,M25T28,3.4
2019,PT,KZATY,,,M29T34,7.5
2019,PT,KZATY,,,Y35T44,4.9
2019,PT,KZATY,,,Y45T54,5.1
2019,PT,KZATY,,,Y55T64,4.9
2019,PT,KZZAP,,,Y16T24,3.8
2019,PT,KZZAP,,,M25T28,3.8
2019,PT,KZZAP,,,M29T34,6.6
2019,PT,KZZAP,,,Y35T44,4.3
2019,PT,KZZAP,,,Y45T54,4.6
2019,PT,KZZAP,,,Y55T64,6.0
2019,PT,KZZHA,,,Y16T24,2.7
2019,PT,KZZHA,,,M25T28,2.9
2019,PT,KZZHA,,,M29T34,7.6
2019,PT,KZZHA,,,Y35T44,4.6
2019,PT,KZZHA,,,Y45T54,5.1
2019,PT,KZZHA,,,Y55T64,5.8
2019,PT,KZKAR,,,Y16T24,5.5
2019,PT,KZKAR,,,M25T28,4.2
2019,PT,KZKAR,,,M29T34,4.4
2019,PT,KZKAR,,,Y35T44,4.2
2019,PT,KZKAR,,,Y45T54,4.6
2019,PT,KZKAR,,,Y55T64,4.4
2019,PT,KZKUS,,,Y16T24,3.1
2019,PT,KZKUS,,,M25T28,3.5
2019,PT,KZKUS,,,M29T34,9.2
2019,PT,KZKUS,,,Y35T44,5.0
2019,PT,KZKUS,,,Y45T54,4.3
2019,PT,KZKUS,,,Y55T64,1.4
2019,PT,KZKZY,,,Y16T24,4.5
2019,PT,KZKZY,,,M25T28,3.8
2019,PT,KZKZY,,,M29T34,8.5
2019,PT,KZKZY,,,Y35T44,4.2
2019,PT,KZKZY,,,Y45T54,3.9
2019,PT,KZKZY,,,Y55T64,2.1
2019,PT,KZMAN,,,Y16T24,4.5
2019,PT,KZMAN,,,M25T28,2.7
2019,PT,KZMAN,,,M29T34,5.2
2019,PT,KZMAN,,,Y35T44,6.1
2019,PT,KZMAN,,,Y45T54,5.4
2019,PT,KZMAN,,,Y55T64,2.4
2019,PT,KZPAV,,,Y16T24,2.6
2019,PT,KZPAV,,,M25T28,3.2
2019,PT,KZPAV,,,M29T34,6.6
2019,PT,KZPAV,,,Y35T44,4.8
2019,PT,KZPAV,,,Y45T54,4.7
2019,PT,KZPAV,,,Y55T64,4.5
2019,PT,KZSEV,,,Y16T24,3.6
2019,PT,KZSEV,,,M25T28,2.6
2019,PT,KZSEV,,,M29T34,6.8
2019,PT,KZSEV,,,Y35T44,4.7
2019,PT,KZSEV,,,Y45T54,5.6
2019,PT,KZSEV,,,Y55T64,3.8
2019,PT,KZYUZ,,,Y16T24,2.3
2019,PT,KZYUZ,,,M25T28,3.9
2019,PT,KZYUZ,,,M29T34,8.9
2019,PT,KZYUZ,,,Y35T44,4.6
2019,PT,KZYUZ,,,Y45T54,3.8
2019,PT,KZYUZ,,,Y55T64,3.3
2019,PT,KZVOS,,,Y16T24,3.5
2019,PT,KZVOS,,,M25T28,3.9
2019,PT,KZVOS,,,M29T34,6.8
2019,PT,KZVOS,,,Y35T44,4.9
2019,PT,KZVOS,,,Y45T54,3.7
2019,PT,KZVOS,,,Y55T64,6.8
2019,PT,KZNS,,,Y16T24,4.6
2019,PT,KZNS,,,M25T28,4.4
2019,PT,KZNS,,,M29T34,3.2
2019,PT,KZNS,,,Y35T44,4.1
2019,PT,KZNS,,,Y45T54,7.1
2019,PT,KZNS,,,Y55T64,2.4
2019,PT,KZALA,,,Y16T24,5.0
2019,PT,KZALA,,,M25T28,7.4
2019,PT,KZALA,,,M29T34,7.1
2019,PT,KZALA,,,Y35T44,3.9
2019,PT,KZALA,,,Y45T54,3.7
2019,PT,KZALA,,,Y55T64,4.1
2019,PT,KZSHY,,,Y16T24,3.2
2019,PT,KZSHY,,,M25T28,4.3
2019,PT,KZSHY,,,M29T34,7.0
2019,PT,KZSHY,,,Y35T44,4.6
2019,PT,KZSHY,,,Y45T54,4.5
2019,PT,KZSHY,,,Y55T64,5.0
