Year,UNIT_MEASURE,ACTIVITY,REF_AREA,SEX,AGE,GeoCode,Value
2014,PT,,,,,,837.0
2015,PT,,,,,,880.0
2016,PT,,,,,,950.0
2017,PT,,,,,,927.0
2018,PT,,,,,,959.0
2018,PT,,KZAKM,,,KZAKM,706.0
2018,PT,,KZAKT,,,KZAKT,750.0
2018,PT,,KZALM,,,KZALM,713.0
2018,PT,,KZATY,,,KZATY,1718.0
2018,PT,,KZZAP,,,KZZAP,1202.0
2018,PT,,KZZHA,,,KZZHA,613.0
2018,PT,,KZKAR,,,KZKAR,808.0
2018,PT,,KZKUS,,,KZKUS,685.0
2018,PT,,KZKZY,,,KZKZY,720.0
2018,PT,,KZMAN,,,KZMAN,1411.0
2018,PT,,KZONT,,,KZONT,630.0
2018,PT,,KZPAV,,,KZPAV,774.0
2018,PT,,KZSEV,,,KZSEV,636.0
2018,PT,,KZVOS,,,KZVOS,741.0
2018,PT,,KZNS,,,KZNS,1422.0
2018,PT,,KZALA,,,KZALA,1335.0
2018,PT,,,M,,,1122.0
2018,PT,,KZAKM,M,,KZAKM,792.0
2018,PT,,KZAKT,M,,KZAKT,850.0
2018,PT,,KZALM,M,,KZALM,813.0
2018,PT,,KZATY,M,,KZATY,2105.0
2018,PT,,KZZAP,M,,KZZAP,1588.0
2018,PT,,KZZHA,M,,KZZHA,690.0
2018,PT,,KZKAR,M,,KZKAR,913.0
2018,PT,,KZKUS,M,,KZKUS,752.0
2018,PT,,KZKZY,M,,KZKZY,811.0
2018,PT,,KZMAN,M,,KZMAN,1827.0
2018,PT,,KZONT,M,,KZONT,686.0
2018,PT,,KZPAV,M,,KZPAV,873.0
2018,PT,,KZSEV,M,,KZSEV,682.0
2018,PT,,KZVOS,M,,KZVOS,828.0
2018,PT,,KZNS,M,,KZNS,1637.0
2018,PT,,KZALA,M,,KZALA,1438.0
2018,PT,,,F,,,785.0
2018,PT,,KZAKM,F,,KZAKM,602.0
2018,PT,,KZAKT,F,,KZAKT,639.0
2018,PT,,KZALM,F,,KZALM,630.0
2018,PT,,KZATY,F,,KZATY,1146.0
2018,PT,,KZZAP,F,,KZZAP,743.0
2018,PT,,KZZHA,F,,KZZHA,543.0
2018,PT,,KZKAR,F,,KZKAR,682.0
2018,PT,,KZKUS,F,,KZKUS,604.0
2018,PT,,KZKZY,F,,KZKZY,609.0
2018,PT,,KZMAN,F,,KZMAN,899.0
2018,PT,,KZONT,F,,KZONT,588.0
2018,PT,,KZPAV,F,,KZPAV,667.0
2018,PT,,KZSEV,F,,KZSEV,590.0
2018,PT,,KZVOS,F,,KZVOS,644.0
2018,PT,,KZNS,F,,KZNS,1179.0
2018,PT,,KZALA,F,,KZALA,1217.0
2018,PT,,,,Y16T24,,577.0
2018,PT,,,,M25T28,,764.0
2018,PT,,,,M29T34,,961.0
2018,PT,,,,Y35T44,,1102.0
2018,PT,,,,Y45T54,,977.0
2018,PT,,,,Y55T64,,951.0
2018,PT,,,,Y_GE65,,1159.0
2018,PT,,KZAKM,,Y16T24,KZAKM,485.0
2018,PT,,KZAKM,,M25T28,KZAKM,598.0
2018,PT,,KZAKM,,M29T34,KZAKM,739.0
2018,PT,,KZAKM,,Y35T44,KZAKM,792.0
2018,PT,,KZAKM,,Y45T54,KZAKM,716.0
2018,PT,,KZAKM,,Y55T64,KZAKM,670.0
2018,PT,,KZAKM,,Y_GE65,KZAKM,674.0
2018,PT,,KZAKT,,Y16T24,KZAKT,478.0
2018,PT,,KZAKT,,M25T28,KZAKT,622.0
2018,PT,,KZAKT,,M29T34,KZAKT,747.0
2018,PT,,KZAKT,,Y35T44,KZAKT,819.0
2018,PT,,KZAKT,,Y45T54,KZAKT,773.0
2018,PT,,KZAKT,,Y55T64,KZAKT,796.0
2018,PT,,KZAKT,,Y_GE65,KZAKT,798.0
2018,PT,,KZALM,,Y16T24,KZALM,497.0
2018,PT,,KZALM,,M25T28,KZALM,608.0
2018,PT,,KZALM,,M29T34,KZALM,711.0
2018,PT,,KZALM,,Y35T44,KZALM,791.0
2018,PT,,KZALM,,Y45T54,KZALM,708.0
2018,PT,,KZALM,,Y55T64,KZALM,732.0
2018,PT,,KZALM,,Y_GE65,KZALM,810.0
2018,PT,,KZATY,,Y16T24,KZATY,768.0
2018,PT,,KZATY,,M25T28,KZATY,1231.0
2018,PT,,KZATY,,M29T34,KZATY,1571.0
2018,PT,,KZATY,,Y35T44,KZATY,1917.0
2018,PT,,KZATY,,Y45T54,KZATY,1855.0
2018,PT,,KZATY,,Y55T64,KZATY,2077.0
2018,PT,,KZATY,,Y_GE65,KZATY,6563.0
2018,PT,,KZZAP,,Y16T24,KZZAP,490.0
2018,PT,,KZZAP,,M25T28,KZZAP,621.0
2018,PT,,KZZAP,,M29T34,KZZAP,894.0
2018,PT,,KZZAP,,Y35T44,KZZAP,1586.0
2018,PT,,KZZAP,,Y45T54,KZZAP,1341.0
2018,PT,,KZZAP,,Y55T64,KZZAP,1276.0
2018,PT,,KZZAP,,Y_GE65,KZZAP,1028.0
2018,PT,,KZZHA,,Y16T24,KZZHA,443.0
2018,PT,,KZZHA,,M25T28,KZZHA,532.0
2018,PT,,KZZHA,,M29T34,KZZHA,619.0
2018,PT,,KZZHA,,Y35T44,KZZHA,649.0
2018,PT,,KZZHA,,Y45T54,KZZHA,630.0
2018,PT,,KZZHA,,Y55T64,KZZHA,636.0
2018,PT,,KZZHA,,Y_GE65,KZZHA,661.0
2018,PT,,KZKAR,,Y16T24,KZKAR,521.0
2018,PT,,KZKAR,,M25T28,KZKAR,708.0
2018,PT,,KZKAR,,M29T34,KZKAR,830.0
2018,PT,,KZKAR,,Y35T44,KZKAR,890.0
2018,PT,,KZKAR,,Y45T54,KZKAR,807.0
2018,PT,,KZKAR,,Y55T64,KZKAR,817.0
2018,PT,,KZKAR,,Y_GE65,KZKAR,837.0
2018,PT,,KZKUS,,Y16T24,KZKUS,472.0
2018,PT,,KZKUS,,M25T28,KZKUS,622.0
2018,PT,,KZKUS,,M29T34,KZKUS,728.0
2018,PT,,KZKUS,,Y35T44,KZKUS,761.0
2018,PT,,KZKUS,,Y45T54,KZKUS,679.0
2018,PT,,KZKUS,,Y55T64,KZKUS,653.0
2018,PT,,KZKUS,,Y_GE65,KZKUS,789.0
2018,PT,,KZKZY,,Y16T24,KZKZY,460.0
2018,PT,,KZKZY,,M25T28,KZKZY,594.0
2018,PT,,KZKZY,,M29T34,KZKZY,696.0
2018,PT,,KZKZY,,Y35T44,KZKZY,784.0
2018,PT,,KZKZY,,Y45T54,KZKZY,726.0
2018,PT,,KZKZY,,Y55T64,KZKZY,810.0
2018,PT,,KZKZY,,Y_GE65,KZKZY,941.0
2018,PT,,KZMAN,,Y16T24,KZMAN,538.0
2018,PT,,KZMAN,,M25T28,KZMAN,867.0
2018,PT,,KZMAN,,M29T34,KZMAN,1351.0
2018,PT,,KZMAN,,Y35T44,KZMAN,1585.0
2018,PT,,KZMAN,,Y45T54,KZMAN,1641.0
2018,PT,,KZMAN,,Y55T64,KZMAN,1662.0
2018,PT,,KZMAN,,Y_GE65,KZMAN,1421.0
2018,PT,,KZONT,,Y16T24,KZONT,436.0
2018,PT,,KZONT,,M25T28,KZONT,514.0
2018,PT,,KZONT,,M29T34,KZONT,608.0
2018,PT,,KZONT,,Y35T44,KZONT,651.0
2018,PT,,KZONT,,Y45T54,KZONT,666.0
2018,PT,,KZONT,,Y55T64,KZONT,672.0
2018,PT,,KZONT,,Y_GE65,KZONT,864.0
2018,PT,,KZPAV,,Y16T24,KZPAV,515.0
2018,PT,,KZPAV,,M25T28,KZPAV,638.0
2018,PT,,KZPAV,,M29T34,KZPAV,765.0
2018,PT,,KZPAV,,Y35T44,KZPAV,828.0
2018,PT,,KZPAV,,Y45T54,KZPAV,787.0
2018,PT,,KZPAV,,Y55T64,KZPAV,815.0
2018,PT,,KZPAV,,Y_GE65,KZPAV,788.0
2018,PT,,KZSEV,,Y16T24,KZSEV,465.0
2018,PT,,KZSEV,,M25T28,KZSEV,566.0
2018,PT,,KZSEV,,M29T34,KZSEV,662.0
2018,PT,,KZSEV,,Y35T44,KZSEV,697.0
2018,PT,,KZSEV,,Y45T54,KZSEV,629.0
2018,PT,,KZSEV,,Y55T64,KZSEV,607.0
2018,PT,,KZSEV,,Y_GE65,KZSEV,639.0
2018,PT,,KZVOS,,Y16T24,KZVOS,531.0
2018,PT,,KZVOS,,M25T28,KZVOS,628.0
2018,PT,,KZVOS,,M29T34,KZVOS,738.0
2018,PT,,KZVOS,,Y35T44,KZVOS,827.0
2018,PT,,KZVOS,,Y45T54,KZVOS,757.0
2018,PT,,KZVOS,,Y55T64,KZVOS,714.0
2018,PT,,KZVOS,,Y_GE65,KZVOS,890.0
2018,PT,,KZNS,,Y16T24,KZNS,724.0
2018,PT,,KZNS,,M25T28,KZNS,1019.0
2018,PT,,KZNS,,M29T34,KZNS,1403.0
2018,PT,,KZNS,,Y35T44,KZNS,1654.0
2018,PT,,KZNS,,Y45T54,KZNS,1561.0
2018,PT,,KZNS,,Y55T64,KZNS,1461.0
2018,PT,,KZNS,,Y_GE65,KZNS,1444.0
2018,PT,,KZALA,,Y16T24,KZALA,729.0
2018,PT,,KZALA,,M25T28,KZALA,1021.0
2018,PT,,KZALA,,M29T34,KZALA,1380.0
2018,PT,,KZALA,,Y35T44,KZALA,1726.0
2018,PT,,KZALA,,Y45T54,KZALA,1357.0
2018,PT,,KZALA,,Y55T64,KZALA,1246.0
2018,PT,,KZALA,,Y_GE65,KZALA,1359.0
2018,PT,,,M,Y16T24,,612.0
2018,PT,,,M,M25T28,,827.0
2018,PT,,,M,M29T34,,1100.0
2018,PT,,,M,Y35T44,,1347.0
2018,PT,,,M,Y45T54,,1205.0
2018,PT,,,M,Y55T64,,1107.0
2018,PT,,,M,Y_GE65,,1276.0
2018,PT,,,F,Y16T24,,532.0
2018,PT,,,F,M25T28,,680.0
2018,PT,,,F,M29T34,,788.0
2018,PT,,,F,Y35T44,,868.0
2018,PT,,,F,Y45T54,,793.0
2018,PT,,,F,Y55T64,,758.0
2018,PT,,,F,Y_GE65,,968.0
2018,PT,_T,,,,,959.0
2018,PT,ISIC4_A,,,,,537.0
2018,PT,_L_ACT_IND,,,,,1382.0
2018,PT,ISIC4_F,,,,,1337.0
2018,PT,ISIC4_G,,,,,935.0
2018,PT,ISIC4_H,,,,,1178.0
2018,PT,ISIC4_I,,,,,1295.0
2018,PT,ISIC4_J,,,,,1371.0
2018,PT,ISIC4_K,,,,,2270.0
2018,PT,ISIC4_L,,,,,982.0
2018,PT,ISIC4_M,,,,,1548.0
2018,PT,ISIC4_N,,,,,886.0
2018,PT,ISIC4_O,,,,,720.0
2018,PT,ISIC4_P,,,,,599.0
2018,PT,ISIC4_Q,,,,,644.0
2018,PT,ISIC4_R,,,,,610.0
2018,PT,ISIC4_S,,,,,1549.0
2018,PT,_T,,M,,,1122.0
2018,PT,ISIC4_A,,M,,,549.0
2018,PT,_L_ACT_IND,,M,,,1490.0
2018,PT,ISIC4_F,,M,,,1346.0
2018,PT,ISIC4_G,,M,,,972.0
2018,PT,ISIC4_H,,M,,,1242.0
2018,PT,ISIC4_I,,M,,,1837.0
2018,PT,ISIC4_J,,M,,,1423.0
2018,PT,ISIC4_K,,M,,,2877.0
2018,PT,ISIC4_L,,M,,,1035.0
2018,PT,ISIC4_M,,M,,,1697.0
2018,PT,ISIC4_N,,M,,,893.0
2018,PT,ISIC4_O,,M,,,775.0
2018,PT,ISIC4_P,,M,,,640.0
2018,PT,ISIC4_Q,,M,,,717.0
2018,PT,ISIC4_R,,M,,,717.0
2018,PT,ISIC4_S,,M,,,1624.0
2018,PT,_T,,F,,,785.0
2018,PT,ISIC4_A,,F,,,509.0
2018,PT,_L_ACT_IND,,F,,,1120.0
2018,PT,ISIC4_F,,F,,,1298.0
2018,PT,ISIC4_G,,F,,,888.0
2018,PT,ISIC4_H,,F,,,1005.0
2018,PT,ISIC4_I,,F,,,917.0
2018,PT,ISIC4_J,,F,,,1285.0
2018,PT,ISIC4_K,,F,,,1888.0
2018,PT,ISIC4_L,,F,,,913.0
2018,PT,ISIC4_M,,F,,,1328.0
2018,PT,ISIC4_N,,F,,,863.0
2018,PT,ISIC4_O,,F,,,622.0
2018,PT,ISIC4_P,,F,,,585.0
2018,PT,ISIC4_Q,,F,,,619.0
2018,PT,ISIC4_R,,F,,,522.0
2018,PT,ISIC4_S,,F,,,1452.0
2019,PT,,,,,,1038.0
2019,PT,,KZAKM,,,KZAKM,752.0
2019,PT,,KZAKT,,,KZAKT,849.0
2019,PT,,KZALM,,,KZALM,755.0
2019,PT,,KZATY,,,KZATY,1811.0
2019,PT,,KZZAP,,,KZZAP,980.0
2019,PT,,KZZHA,,,KZZHA,705.0
2019,PT,,KZKAR,,,KZKAR,999.0
2019,PT,,KZKUS,,,KZKUS,788.0
2019,PT,,KZKZY,,,KZKZY,825.0
2019,PT,,KZMAN,,,KZMAN,1603.0
2019,PT,,KZPAV,,,KZPAV,907.0
2019,PT,,KZSEV,,,KZSEV,689.0
2019,PT,,KZYUZ,,,KZYUZ,644.0
2019,PT,,KZVOS,,,KZVOS,872.0
2019,PT,,KZNS,,,KZNS,1436.0
2019,PT,,KZALA,,,KZALA,1405.0
2019,PT,,KZSHY,,,KZSHY,699.0
2019,PT,,,M,,,1229.0
2019,PT,,KZAKM,M,,KZAKM,839.0
2019,PT,,KZAKT,M,,KZAKT,997.0
2019,PT,,KZALM,M,,KZALM,837.0
2019,PT,,KZATY,M,,KZATY,2217.0
2019,PT,,KZZAP,M,,KZZAP,1209.0
2019,PT,,KZZHA,M,,KZZHA,766.0
2019,PT,,KZKAR,M,,KZKAR,1224.0
2019,PT,,KZKUS,M,,KZKUS,883.0
2019,PT,,KZKZY,M,,KZKZY,945.0
2019,PT,,KZMAN,M,,KZMAN,2015.0
2019,PT,,KZPAV,M,,KZPAV,1039.0
2019,PT,,KZSEV,M,,KZSEV,745.0
2019,PT,,KZYUZ,M,,KZYUZ,726.0
2019,PT,,KZVOS,M,,KZVOS,956.0
2019,PT,,KZNS,M,,KZNS,1672.0
2019,PT,,KZALA,M,,KZALA,1588.0
2019,PT,,KZSHY,M,,KZSHY,761.0
2019,PT,,,F,,,842.0
2019,PT,,KZAKM,F,,KZAKM,667.0
2019,PT,,KZAKT,F,,KZAKT,690.0
2019,PT,,KZALM,F,,KZALM,695.0
2019,PT,,KZATY,F,,KZATY,1173.0
2019,PT,,KZZAP,F,,KZZAP,761.0
2019,PT,,KZZHA,F,,KZZHA,657.0
2019,PT,,KZKAR,F,,KZKAR,764.0
2019,PT,,KZKUS,F,,KZKUS,689.0
2019,PT,,KZKZY,F,,KZKZY,699.0
2019,PT,,KZMAN,F,,KZMAN,1051.0
2019,PT,,KZPAV,F,,KZPAV,756.0
2019,PT,,KZSEV,F,,KZSEV,633.0
2019,PT,,KZYUZ,F,,KZYUZ,585.0
2019,PT,,KZVOS,F,,KZVOS,774.0
2019,PT,,KZNS,F,,KZNS,1190.0
2019,PT,,KZALA,F,,KZALA,1222.0
2019,PT,,KZSHY,F,,KZSHY,630.0
2019,PT,,,,Y16T24,,671.0
2019,PT,,,,M25T28,,844.0
2019,PT,,,,M29T34,,1042.0
2019,PT,,,,Y35T44,,1181.0
2019,PT,,,,Y45T54,,1062.0
2019,PT,,,,Y55T64,,1015.0
2019,PT,,,,Y_GE65,,1140.0
2019,PT,,KZAKM,,Y16T24,KZAKM,574.0
2019,PT,,KZAKM,,M25T28,KZAKM,674.0
2019,PT,,KZAKM,,M29T34,KZAKM,769.0
2019,PT,,KZAKM,,Y35T44,KZAKM,827.0
2019,PT,,KZAKM,,Y45T54,KZAKM,746.0
2019,PT,,KZAKM,,Y55T64,KZAKM,725.0
2019,PT,,KZAKM,,Y_GE65,KZAKM,809.0
2019,PT,,KZAKT,,Y16T24,KZAKT,587.0
2019,PT,,KZAKT,,M25T28,KZAKT,737.0
2019,PT,,KZAKT,,M29T34,KZAKT,854.0
2019,PT,,KZAKT,,Y35T44,KZAKT,894.0
2019,PT,,KZAKT,,Y45T54,KZAKT,858.0
2019,PT,,KZAKT,,Y55T64,KZAKT,903.0
2019,PT,,KZAKT,,Y_GE65,KZAKT,990.0
2019,PT,,KZALM,,Y16T24,KZALM,548.0
2019,PT,,KZALM,,M25T28,KZALM,636.0
2019,PT,,KZALM,,M29T34,KZALM,769.0
2019,PT,,KZALM,,Y35T44,KZALM,849.0
2019,PT,,KZALM,,Y45T54,KZALM,737.0
2019,PT,,KZALM,,Y55T64,KZALM,755.0
2019,PT,,KZALM,,Y_GE65,KZALM,792.0
2019,PT,,KZATY,,Y16T24,KZATY,904.0
2019,PT,,KZATY,,M25T28,KZATY,1269.0
2019,PT,,KZATY,,M29T34,KZATY,1737.0
2019,PT,,KZATY,,Y35T44,KZATY,2053.0
2019,PT,,KZATY,,Y45T54,KZATY,2014.0
2019,PT,,KZATY,,Y55T64,KZATY,2082.0
2019,PT,,KZATY,,Y_GE65,KZATY,3328.0
2019,PT,,KZZAP,,Y16T24,KZZAP,537.0
2019,PT,,KZZAP,,M25T28,KZZAP,653.0
2019,PT,,KZZAP,,M29T34,KZZAP,830.0
2019,PT,,KZZAP,,Y35T44,KZZAP,1133.0
2019,PT,,KZZAP,,Y45T54,KZZAP,1112.0
2019,PT,,KZZAP,,Y55T64,KZZAP,995.0
2019,PT,,KZZAP,,Y_GE65,KZZAP,1068.0
2019,PT,,KZZHA,,Y16T24,KZZHA,512.0
2019,PT,,KZZHA,,M25T28,KZZHA,581.0
2019,PT,,KZZHA,,M29T34,KZZHA,693.0
2019,PT,,KZZHA,,Y35T44,KZZHA,731.0
2019,PT,,KZZHA,,Y45T54,KZZHA,728.0
2019,PT,,KZZHA,,Y55T64,KZZHA,758.0
2019,PT,,KZZHA,,Y_GE65,KZZHA,793.0
2019,PT,,KZKAR,,Y16T24,KZKAR,778.0
2019,PT,,KZKAR,,M25T28,KZKAR,938.0
2019,PT,,KZKAR,,M29T34,KZKAR,1038.0
2019,PT,,KZKAR,,Y35T44,KZKAR,1053.0
2019,PT,,KZKAR,,Y45T54,KZKAR,1001.0
2019,PT,,KZKAR,,Y55T64,KZKAR,996.0
2019,PT,,KZKAR,,Y_GE65,KZKAR,810.0
2019,PT,,KZKUS,,Y16T24,KZKUS,569.0
2019,PT,,KZKUS,,M25T28,KZKUS,708.0
2019,PT,,KZKUS,,M29T34,KZKUS,838.0
2019,PT,,KZKUS,,Y35T44,KZKUS,864.0
2019,PT,,KZKUS,,Y45T54,KZKUS,768.0
2019,PT,,KZKUS,,Y55T64,KZKUS,765.0
2019,PT,,KZKUS,,Y_GE65,KZKUS,845.0
2019,PT,,KZKZY,,Y16T24,KZKZY,533.0
2019,PT,,KZKZY,,M25T28,KZKZY,649.0
2019,PT,,KZKZY,,M29T34,KZKZY,793.0
2019,PT,,KZKZY,,Y35T44,KZKZY,901.0
2019,PT,,KZKZY,,Y45T54,KZKZY,875.0
2019,PT,,KZKZY,,Y55T64,KZKZY,896.0
2019,PT,,KZKZY,,Y_GE65,KZKZY,1001.0
2019,PT,,KZMAN,,Y16T24,KZMAN,668.0
2019,PT,,KZMAN,,M25T28,KZMAN,896.0
2019,PT,,KZMAN,,M29T34,KZMAN,1468.0
2019,PT,,KZMAN,,Y35T44,KZMAN,1804.0
2019,PT,,KZMAN,,Y45T54,KZMAN,1866.0
2019,PT,,KZMAN,,Y55T64,KZMAN,1853.0
2019,PT,,KZMAN,,Y_GE65,KZMAN,1331.0
2019,PT,,KZPAV,,Y16T24,KZPAV,662.0
2019,PT,,KZPAV,,M25T28,KZPAV,819.0
2019,PT,,KZPAV,,M29T34,KZPAV,923.0
2019,PT,,KZPAV,,Y35T44,KZPAV,968.0
2019,PT,,KZPAV,,Y45T54,KZPAV,909.0
2019,PT,,KZPAV,,Y55T64,KZPAV,912.0
2019,PT,,KZPAV,,Y_GE65,KZPAV,921.0
2019,PT,,KZSEV,,Y16T24,KZSEV,535.0
2019,PT,,KZSEV,,M25T28,KZSEV,629.0
2019,PT,,KZSEV,,M29T34,KZSEV,714.0
2019,PT,,KZSEV,,Y35T44,KZSEV,736.0
2019,PT,,KZSEV,,Y45T54,KZSEV,677.0
2019,PT,,KZSEV,,Y55T64,KZSEV,673.0
2019,PT,,KZSEV,,Y_GE65,KZSEV,731.0
2019,PT,,KZYUZ,,Y16T24,KZYUZ,455.0
2019,PT,,KZYUZ,,M25T28,KZYUZ,537.0
2019,PT,,KZYUZ,,M29T34,KZYUZ,610.0
2019,PT,,KZYUZ,,Y35T44,KZYUZ,675.0
2019,PT,,KZYUZ,,Y45T54,KZYUZ,667.0
2019,PT,,KZYUZ,,Y55T64,KZYUZ,685.0
2019,PT,,KZYUZ,,Y_GE65,KZYUZ,1482.0
2019,PT,,KZVOS,,Y16T24,KZVOS,639.0
2019,PT,,KZVOS,,M25T28,KZVOS,762.0
2019,PT,,KZVOS,,M29T34,KZVOS,887.0
2019,PT,,KZVOS,,Y35T44,KZVOS,948.0
2019,PT,,KZVOS,,Y45T54,KZVOS,905.0
2019,PT,,KZVOS,,Y55T64,KZVOS,809.0
2019,PT,,KZVOS,,Y_GE65,KZVOS,1014.0
2019,PT,,KZNS,,Y16T24,KZNS,764.0
2019,PT,,KZNS,,M25T28,KZNS,1056.0
2019,PT,,KZNS,,M29T34,KZNS,1391.0
2019,PT,,KZNS,,Y35T44,KZNS,1738.0
2019,PT,,KZNS,,Y45T54,KZNS,1532.0
2019,PT,,KZNS,,Y55T64,KZNS,1423.0
2019,PT,,KZNS,,Y_GE65,KZNS,1471.0
2019,PT,,KZALA,,Y16T24,KZALA,778.0
2019,PT,,KZALA,,M25T28,KZALA,1076.0
2019,PT,,KZALA,,M29T34,KZALA,1411.0
2019,PT,,KZALA,,Y35T44,KZALA,1807.0
2019,PT,,KZALA,,Y45T54,KZALA,1454.0
2019,PT,,KZALA,,Y55T64,KZALA,1271.0
2019,PT,,KZALA,,Y_GE65,KZALA,1453.0
2019,PT,,KZSHY,,Y16T24,KZSHY,496.0
2019,PT,,KZSHY,,M25T28,KZSHY,593.0
2019,PT,,KZSHY,,M29T34,KZSHY,695.0
2019,PT,,KZSHY,,Y35T44,KZSHY,735.0
2019,PT,,KZSHY,,Y45T54,KZSHY,747.0
2019,PT,,KZSHY,,Y55T64,KZSHY,761.0
2019,PT,,KZSHY,,Y_GE65,KZSHY,765.0
2019,PT,,,M,Y16T24,,729.0
2019,PT,,,M,M25T28,,927.0
2019,PT,,,M,M29T34,,1211.0
2019,PT,,,M,Y35T44,,1449.0
2019,PT,,,M,Y45T54,,1326.0
2019,PT,,,M,Y55T64,,1185.0
2019,PT,,,M,Y_GE65,,1314.0
2019,PT,,,F,Y16T24,,603.0
2019,PT,,,F,M25T28,,734.0
2019,PT,,,F,M29T34,,838.0
2019,PT,,,F,Y35T44,,923.0
2019,PT,,,F,Y45T54,,856.0
2019,PT,,,F,Y55T64,,824.0
2019,PT,,,F,Y_GE65,,886.0
2019,PT,_T,,,,,1038.0
2019,PT,ISIC4_A,,,,,599.0
2019,PT,_L_ACT_IND,,,,,1445.0
2019,PT,ISIC4_F,,,,,1692.0
2019,PT,ISIC4_G,,,,,1106.0
2019,PT,ISIC4_H,,,,,1226.0
2019,PT,ISIC4_I,,,,,970.0
2019,PT,ISIC4_J,,,,,1580.0
2019,PT,ISIC4_K,,,,,2338.0
2019,PT,ISIC4_L,,,,,1128.0
2019,PT,ISIC4_M,,,,,1867.0
2019,PT,ISIC4_N,,,,,1054.0
2019,PT,ISIC4_O,,,,,768.0
2019,PT,ISIC4_P,,,,,675.0
2019,PT,ISIC4_Q,,,,,693.0
2019,PT,ISIC4_R,,,,,712.0
2019,PT,ISIC4_S,,,,,1822.0
2019,PT,_T,,M,,,1229.0
2019,PT,ISIC4_A,,M,,,610.0
2019,PT,_L_ACT_IND,,M,,,1543.0
2019,PT,ISIC4_F,,M,,,1735.0
2019,PT,ISIC4_G,,M,,,1172.0
2019,PT,ISIC4_H,,M,,,1296.0
2019,PT,ISIC4_I,,M,,,1134.0
2019,PT,ISIC4_J,,M,,,1658.0
2019,PT,ISIC4_K,,M,,,3113.0
2019,PT,ISIC4_L,,M,,,1158.0
2019,PT,ISIC4_M,,M,,,2108.0
2019,PT,ISIC4_N,,M,,,1048.0
2019,PT,ISIC4_O,,M,,,814.0
2019,PT,ISIC4_P,,M,,,687.0
2019,PT,ISIC4_Q,,M,,,784.0
2019,PT,ISIC4_R,,M,,,865.0
2019,PT,ISIC4_S,,M,,,2135.0
2019,PT,_T,,F,,,842.0
2019,PT,ISIC4_A,,F,,,571.0
2019,PT,_L_ACT_IND,,F,,,1194.0
2019,PT,ISIC4_F,,F,,,1453.0
2019,PT,ISIC4_G,,F,,,1030.0
2019,PT,ISIC4_H,,F,,,1051.0
2019,PT,ISIC4_I,,F,,,859.0
2019,PT,ISIC4_J,,F,,,1459.0
2019,PT,ISIC4_K,,F,,,1854.0
2019,PT,ISIC4_L,,F,,,1085.0
2019,PT,ISIC4_M,,F,,,1514.0
2019,PT,ISIC4_N,,F,,,1077.0
2019,PT,ISIC4_O,,F,,,685.0
2019,PT,ISIC4_P,,F,,,670.0
2019,PT,ISIC4_Q,,F,,,663.0
2019,PT,ISIC4_R,,F,,,573.0
2019,PT,ISIC4_S,,F,,,1520.0
2020,PT,,,,,,1187.0
2020,PT,,KZAKM,,,KZAKM,939.0
2020,PT,,KZAKT,,,KZAKT,999.0
2020,PT,,KZALM,,,KZALM,948.0
2020,PT,,KZATY,,,KZATY,1967.0
2020,PT,,KZZAP,,,KZZAP,1110.0
2020,PT,,KZZHA,,,KZZHA,829.0
2020,PT,,KZKAR,,,KZKAR,1140.0
2020,PT,,KZKUS,,,KZKUS,924.0
2020,PT,,KZKZY,,,KZKZY,976.0
2020,PT,,KZMAN,,,KZMAN,1697.0
2020,PT,,KZPAV,,,KZPAV,1038.0
2020,PT,,KZSEV,,,KZSEV,851.0
2020,PT,,KZYUZ,,,KZYUZ,858.0
2020,PT,,KZVOS,,,KZVOS,1082.0
2020,PT,,KZNS,,,KZNS,1633.0
2020,PT,,KZALA,,,KZALA,1461.0
2020,PT,,KZSHY,,,KZSHY,970.0
2020,PT,,,M,,,1339.0
2020,PT,,KZAKM,M,,KZAKM,998.0
2020,PT,,KZAKT,M,,KZAKT,1146.0
2020,PT,,KZALM,M,,KZALM,974.0
2020,PT,,KZATY,M,,KZATY,2373.0
2020,PT,,KZZAP,M,,KZZAP,1289.0
2020,PT,,KZZHA,M,,KZZHA,865.0
2020,PT,,KZKAR,M,,KZKAR,1311.0
2020,PT,,KZKUS,M,,KZKUS,1008.0
2020,PT,,KZKZY,M,,KZKZY,978.0
2020,PT,,KZMAN,M,,KZMAN,2113.0
2020,PT,,KZPAV,M,,KZPAV,1137.0
2020,PT,,KZSEV,M,,KZSEV,896.0
2020,PT,,KZYUZ,M,,KZYUZ,913.0
2020,PT,,KZVOS,M,,KZVOS,1171.0
2020,PT,,KZNS,M,,KZNS,1817.0
2020,PT,,KZALA,M,,KZALA,1577.0
2020,PT,,KZSHY,M,,KZSHY,1012.0
2020,PT,,,F,,,1037.0
2020,PT,,KZAKM,F,,KZAKM,881.0
2020,PT,,KZAKT,F,,KZAKT,844.0
2020,PT,,KZALM,F,,KZALM,930.0
2020,PT,,KZATY,F,,KZATY,1394.0
2020,PT,,KZZAP,F,,KZZAP,923.0
2020,PT,,KZZHA,F,,KZZHA,799.0
2020,PT,,KZKAR,F,,KZKAR,947.0
2020,PT,,KZKUS,F,,KZKUS,837.0
2020,PT,,KZKZY,F,,KZKZY,974.0
2020,PT,,KZMAN,F,,KZMAN,1184.0
2020,PT,,KZPAV,F,,KZPAV,922.0
2020,PT,,KZSEV,F,,KZSEV,807.0
2020,PT,,KZYUZ,F,,KZYUZ,821.0
2020,PT,,KZVOS,F,,KZVOS,981.0
2020,PT,,KZNS,F,,KZNS,1454.0
2020,PT,,KZALA,F,,KZALA,1352.0
2020,PT,,KZSHY,F,,KZSHY,938.0
2020,PT,,,,Y16T24,,800.0
2020,PT,,,,M25T28,,1008.0
2020,PT,,,,M29T34,,1198.0
2020,PT,,,,Y35T44,,1312.0
2020,PT,,,,Y45T54,,1220.0
2020,PT,,,,Y55T64,,1137.0
2020,PT,,,,Y_GE65,,1329.0
2020,PT,,KZAKM,,Y16T24,KZAKM,709.0
2020,PT,,KZAKM,,M25T28,KZAKM,847.0
2020,PT,,KZAKM,,M29T34,KZAKM,943.0
2020,PT,,KZAKM,,Y35T44,KZAKM,1050.0
2020,PT,,KZAKM,,Y45T54,KZAKM,947.0
2020,PT,,KZAKM,,Y55T64,KZAKM,869.0
2020,PT,,KZAKM,,Y_GE65,KZAKM,835.0
2020,PT,,KZAKT,,Y16T24,KZAKT,706.0
2020,PT,,KZAKT,,M25T28,KZAKT,886.0
2020,PT,,KZAKT,,M29T34,KZAKT,1009.0
2020,PT,,KZAKT,,Y35T44,KZAKT,1058.0
2020,PT,,KZAKT,,Y45T54,KZAKT,1004.0
2020,PT,,KZAKT,,Y55T64,KZAKT,1036.0
2020,PT,,KZAKT,,Y_GE65,KZAKT,1040.0
2020,PT,,KZALM,,Y16T24,KZALM,724.0
2020,PT,,KZALM,,M25T28,KZALM,829.0
2020,PT,,KZALM,,M29T34,KZALM,959.0
2020,PT,,KZALM,,Y35T44,KZALM,1031.0
2020,PT,,KZALM,,Y45T54,KZALM,947.0
2020,PT,,KZALM,,Y55T64,KZALM,923.0
2020,PT,,KZALM,,Y_GE65,KZALM,955.0
2020,PT,,KZATY,,Y16T24,KZATY,1051.0
2020,PT,,KZATY,,M25T28,KZATY,1544.0
2020,PT,,KZATY,,M29T34,KZATY,1930.0
2020,PT,,KZATY,,Y35T44,KZATY,2066.0
2020,PT,,KZATY,,Y45T54,KZATY,2258.0
2020,PT,,KZATY,,Y55T64,KZATY,2045.0
2020,PT,,KZATY,,Y_GE65,KZATY,1153.0
2020,PT,,KZZAP,,Y16T24,KZZAP,672.0
2020,PT,,KZZAP,,M25T28,KZZAP,826.0
2020,PT,,KZZAP,,M29T34,KZZAP,1035.0
2020,PT,,KZZAP,,Y35T44,KZZAP,1240.0
2020,PT,,KZZAP,,Y45T54,KZZAP,1240.0
2020,PT,,KZZAP,,Y55T64,KZZAP,1040.0
2020,PT,,KZZAP,,Y_GE65,KZZAP,1174.0
2020,PT,,KZZHA,,Y16T24,KZZHA,628.0
2020,PT,,KZZHA,,M25T28,KZZHA,730.0
2020,PT,,KZZHA,,M29T34,KZZHA,822.0
2020,PT,,KZZHA,,Y35T44,KZZHA,851.0
2020,PT,,KZZHA,,Y45T54,KZZHA,848.0
2020,PT,,KZZHA,,Y55T64,KZZHA,869.0
2020,PT,,KZZHA,,Y_GE65,KZZHA,1140.0
2020,PT,,KZKAR,,Y16T24,KZKAR,850.0
2020,PT,,KZKAR,,M25T28,KZKAR,1041.0
2020,PT,,KZKAR,,M29T34,KZKAR,1185.0
2020,PT,,KZKAR,,Y35T44,KZKAR,1242.0
2020,PT,,KZKAR,,Y45T54,KZKAR,1131.0
2020,PT,,KZKAR,,Y55T64,KZKAR,1098.0
2020,PT,,KZKAR,,Y_GE65,KZKAR,983.0
2020,PT,,KZKUS,,Y16T24,KZKUS,719.0
2020,PT,,KZKUS,,M25T28,KZKUS,867.0
2020,PT,,KZKUS,,M29T34,KZKUS,971.0
2020,PT,,KZKUS,,Y35T44,KZKUS,976.0
2020,PT,,KZKUS,,Y45T54,KZKUS,918.0
2020,PT,,KZKUS,,Y55T64,KZKUS,902.0
2020,PT,,KZKUS,,Y_GE65,KZKUS,910.0
2020,PT,,KZKZY,,Y16T24,KZKZY,653.0
2020,PT,,KZKZY,,M25T28,KZKZY,807.0
2020,PT,,KZKZY,,M29T34,KZKZY,977.0
2020,PT,,KZKZY,,Y35T44,KZKZY,1035.0
2020,PT,,KZKZY,,Y45T54,KZKZY,1020.0
2020,PT,,KZKZY,,Y55T64,KZKZY,990.0
2020,PT,,KZKZY,,Y_GE65,KZKZY,1696.0
2020,PT,,KZMAN,,Y16T24,KZMAN,757.0
2020,PT,,KZMAN,,M25T28,KZMAN,1025.0
2020,PT,,KZMAN,,M29T34,KZMAN,1525.0
2020,PT,,KZMAN,,Y35T44,KZMAN,1896.0
2020,PT,,KZMAN,,Y45T54,KZMAN,1886.0
2020,PT,,KZMAN,,Y55T64,KZMAN,1969.0
2020,PT,,KZMAN,,Y_GE65,KZMAN,1391.0
2020,PT,,KZPAV,,Y16T24,KZPAV,795.0
2020,PT,,KZPAV,,M25T28,KZPAV,960.0
2020,PT,,KZPAV,,M29T34,KZPAV,1039.0
2020,PT,,KZPAV,,Y35T44,KZPAV,1133.0
2020,PT,,KZPAV,,Y45T54,KZPAV,1038.0
2020,PT,,KZPAV,,Y55T64,KZPAV,987.0
2020,PT,,KZPAV,,Y_GE65,KZPAV,1101.0
2020,PT,,KZSEV,,Y16T24,KZSEV,674.0
2020,PT,,KZSEV,,M25T28,KZSEV,786.0
2020,PT,,KZSEV,,M29T34,KZSEV,865.0
2020,PT,,KZSEV,,Y35T44,KZSEV,893.0
2020,PT,,KZSEV,,Y45T54,KZSEV,862.0
2020,PT,,KZSEV,,Y55T64,KZSEV,825.0
2020,PT,,KZSEV,,Y_GE65,KZSEV,951.0
2020,PT,,KZYUZ,,Y16T24,KZYUZ,600.0
2020,PT,,KZYUZ,,M25T28,KZYUZ,676.0
2020,PT,,KZYUZ,,M29T34,KZYUZ,814.0
2020,PT,,KZYUZ,,Y35T44,KZYUZ,893.0
2020,PT,,KZYUZ,,Y45T54,KZYUZ,907.0
2020,PT,,KZYUZ,,Y55T64,KZYUZ,919.0
2020,PT,,KZYUZ,,Y_GE65,KZYUZ,1372.0
2020,PT,,KZVOS,,Y16T24,KZVOS,805.0
2020,PT,,KZVOS,,M25T28,KZVOS,979.0
2020,PT,,KZVOS,,M29T34,KZVOS,1134.0
2020,PT,,KZVOS,,Y35T44,KZVOS,1160.0
2020,PT,,KZVOS,,Y45T54,KZVOS,1107.0
2020,PT,,KZVOS,,Y55T64,KZVOS,997.0
2020,PT,,KZVOS,,Y_GE65,KZVOS,1188.0
2020,PT,,KZNS,,Y16T24,KZNS,915.0
2020,PT,,KZNS,,M25T28,KZNS,1290.0
2020,PT,,KZNS,,M29T34,KZNS,1617.0
2020,PT,,KZNS,,Y35T44,KZNS,1892.0
2020,PT,,KZNS,,Y45T54,KZNS,1741.0
2020,PT,,KZNS,,Y55T64,KZNS,1625.0
2020,PT,,KZNS,,Y_GE65,KZNS,1646.0
2020,PT,,KZALA,,Y16T24,KZALA,848.0
2020,PT,,KZALA,,M25T28,KZALA,1159.0
2020,PT,,KZALA,,M29T34,KZALA,1483.0
2020,PT,,KZALA,,Y35T44,KZALA,1788.0
2020,PT,,KZALA,,Y45T54,KZALA,1535.0
2020,PT,,KZALA,,Y55T64,KZALA,1299.0
2020,PT,,KZALA,,Y_GE65,KZALA,1524.0
2020,PT,,KZSHY,,Y16T24,KZSHY,743.0
2020,PT,,KZSHY,,M25T28,KZSHY,873.0
2020,PT,,KZSHY,,M29T34,KZSHY,928.0
2020,PT,,KZSHY,,Y35T44,KZSHY,1014.0
2020,PT,,KZSHY,,Y45T54,KZSHY,1024.0
2020,PT,,KZSHY,,Y55T64,KZSHY,991.0
2020,PT,,KZSHY,,Y_GE65,KZSHY,996.0
2020,PT,,,M,Y16T24,,838.0
2020,PT,,,M,M25T28,,1074.0
2020,PT,,,M,M29T34,,1349.0
2020,PT,,,M,Y35T44,,1538.0
2020,PT,,,M,Y45T54,,1417.0
2020,PT,,,M,Y55T64,,1242.0
2020,PT,,,M,Y_GE65,,1468.0
2020,PT,,,F,Y16T24,,757.0
2020,PT,,,F,M25T28,,923.0
2020,PT,,,F,M29T34,,1018.0
2020,PT,,,F,Y35T44,,1100.0
2020,PT,,,F,Y45T54,,1072.0
2020,PT,,,F,Y55T64,,1025.0
2020,PT,,,F,Y_GE65,,1147.0
2020,PT,_T,,,,,1187.0
2020,PT,ISIC4_A,,,,,769.0
2020,PT,_L_ACT_IND,,,,,1604.0
2020,PT,ISIC4_F,,,,,1496.0
2020,PT,ISIC4_G,,,,,1200.0
2020,PT,ISIC4_H,,,,,1304.0
2020,PT,ISIC4_I,,,,,1749.0
2020,PT,ISIC4_J,,,,,1681.0
2020,PT,ISIC4_K,,,,,1943.0
2020,PT,ISIC4_L,,,,,1092.0
2020,PT,ISIC4_M,,,,,1912.0
2020,PT,ISIC4_N,,,,,1019.0
2020,PT,ISIC4_O,,,,,909.0
2020,PT,ISIC4_P,,,,,942.0
2020,PT,ISIC4_Q,,,,,957.0
2020,PT,ISIC4_R,,,,,840.0
2020,PT,ISIC4_S,,,,,2061.0
2020,PT,_T,,M,,,1339.0
2020,PT,ISIC4_A,,M,,,813.0
2020,PT,_L_ACT_IND,,M,,,1718.0
2020,PT,ISIC4_F,,M,,,1521.0
2020,PT,ISIC4_G,,M,,,1289.0
2020,PT,ISIC4_H,,M,,,1368.0
2020,PT,ISIC4_I,,M,,,2507.0
2020,PT,ISIC4_J,,M,,,1810.0
2020,PT,ISIC4_K,,M,,,2442.0
2020,PT,ISIC4_L,,M,,,1063.0
2020,PT,ISIC4_M,,M,,,2159.0
2020,PT,ISIC4_N,,M,,,993.0
2020,PT,ISIC4_O,,M,,,958.0
2020,PT,ISIC4_P,,M,,,932.0
2020,PT,ISIC4_Q,,M,,,1034.0
2020,PT,ISIC4_R,,M,,,942.0
2020,PT,ISIC4_S,,M,,,2138.0
2020,PT,_T,,F,,,1037.0
2020,PT,ISIC4_A,,F,,,657.0
2020,PT,_L_ACT_IND,,F,,,1315.0
2020,PT,ISIC4_F,,F,,,1384.0
2020,PT,ISIC4_G,,F,,,1113.0
2020,PT,ISIC4_H,,F,,,1142.0
2020,PT,ISIC4_I,,F,,,1192.0
2020,PT,ISIC4_J,,F,,,1487.0
2020,PT,ISIC4_K,,F,,,1633.0
2020,PT,ISIC4_L,,F,,,1137.0
2020,PT,ISIC4_M,,F,,,1573.0
2020,PT,ISIC4_N,,F,,,1109.0
2020,PT,ISIC4_O,,F,,,824.0
2020,PT,ISIC4_P,,F,,,946.0
2020,PT,ISIC4_Q,,F,,,929.0
2020,PT,ISIC4_R,,F,,,749.0
2020,PT,ISIC4_S,,F,,,1990.0
2021,PT,,,,,,1303.0
2021,PT,,KZAKM,,,KZAKM,1083.0
2021,PT,,KZAKT,,,KZAKT,1088.0
2021,PT,,KZALM,,,KZALM,1081.0
2021,PT,,KZATY,,,KZATY,2020.0
2021,PT,,KZZAP,,,KZZAP,1202.0
2021,PT,,KZZHA,,,KZZHA,973.0
2021,PT,,KZKAR,,,KZKAR,1271.0
2021,PT,,KZKUS,,,KZKUS,1018.0
2021,PT,,KZKZY,,,KZKZY,1097.0
2021,PT,,KZMAN,,,KZMAN,1760.0
2021,PT,,KZPAV,,,KZPAV,1240.0
2021,PT,,KZSEV,,,KZSEV,929.0
2021,PT,,KZYUZ,,,KZYUZ,999.0
2021,PT,,KZVOS,,,KZVOS,1195.0
2021,PT,,KZNS,,,KZNS,1683.0
2021,PT,,KZALA,,,KZALA,1572.0
2021,PT,,KZSHY,,,KZSHY,1085.0
2021,PT,,,M,,,1427.0
2021,PT,,KZAKM,M,,KZAKM,1091.0
2021,PT,,KZAKT,M,,KZAKT,1212.0
2021,PT,,KZALM,M,,KZALM,1082.0
2021,PT,,KZATY,M,,KZATY,2397.0
2021,PT,,KZZAP,M,,KZZAP,1261.0
2021,PT,,KZZHA,M,,KZZHA,966.0
2021,PT,,KZKAR,M,,KZKAR,1432.0
2021,PT,,KZKUS,M,,KZKUS,1061.0
2021,PT,,KZKZY,M,,KZKZY,1094.0
2021,PT,,KZMAN,M,,KZMAN,2146.0
2021,PT,,KZPAV,M,,KZPAV,1379.0
2021,PT,,KZSEV,M,,KZSEV,920.0
2021,PT,,KZYUZ,M,,KZYUZ,1007.0
2021,PT,,KZVOS,M,,KZVOS,1248.0
2021,PT,,KZNS,M,,KZNS,1822.0
2021,PT,,KZALA,M,,KZALA,1679.0
2021,PT,,KZSHY,M,,KZSHY,1109.0
2021,PT,,,F,,,1179.0
2021,PT,,KZAKM,F,,KZAKM,1074.0
2021,PT,,KZAKT,F,,KZAKT,953.0
2021,PT,,KZALM,F,,KZALM,1080.0
2021,PT,,KZATY,F,,KZATY,1442.0
2021,PT,,KZZAP,F,,KZZAP,1152.0
2021,PT,,KZZHA,F,,KZZHA,978.0
2021,PT,,KZKAR,F,,KZKAR,1096.0
2021,PT,,KZKUS,F,,KZKUS,975.0
2021,PT,,KZKZY,F,,KZKZY,1099.0
2021,PT,,KZMAN,F,,KZMAN,1302.0
2021,PT,,KZPAV,F,,KZPAV,1079.0
2021,PT,,KZSEV,F,,KZSEV,936.0
2021,PT,,KZYUZ,F,,KZYUZ,993.0
2021,PT,,KZVOS,F,,KZVOS,1134.0
2021,PT,,KZNS,F,,KZNS,1542.0
2021,PT,,KZALA,F,,KZALA,1472.0
2021,PT,,KZSHY,F,,KZSHY,1064.0
2021,PT,,,,Y16T24,,847.0
2021,PT,,,,M25T28,,1030.0
2021,PT,,,,M29T34,,1163.0
2021,PT,,,,Y35T44,,1258.0
2021,PT,,,,Y45T54,,1215.0
2021,PT,,,,Y55T64,,1163.0
2021,PT,,,,Y_GE65,,1218.0
2021,PT,,KZAKM,,Y16T24,KZAKM,780.0
2021,PT,,KZAKM,,M25T28,KZAKM,974.0
2021,PT,,KZAKM,,M29T34,KZAKM,1060.0
2021,PT,,KZAKM,,Y35T44,KZAKM,1144.0
2021,PT,,KZAKM,,Y45T54,KZAKM,1130.0
2021,PT,,KZAKM,,Y55T64,KZAKM,992.0
2021,PT,,KZAKM,,Y_GE65,KZAKM,1012.0
2021,PT,,KZAKT,,Y16T24,KZAKT,715.0
2021,PT,,KZAKT,,M25T28,KZAKT,803.0
2021,PT,,KZAKT,,M29T34,KZAKT,929.0
2021,PT,,KZAKT,,Y35T44,KZAKT,984.0
2021,PT,,KZAKT,,Y45T54,KZAKT,987.0
2021,PT,,KZAKT,,Y55T64,KZAKT,1000.0
2021,PT,,KZAKT,,Y_GE65,KZAKT,1032.0
2021,PT,,KZALM,,Y16T24,KZALM,771.0
2021,PT,,KZALM,,M25T28,KZALM,932.0
2021,PT,,KZALM,,M29T34,KZALM,1050.0
2021,PT,,KZALM,,Y35T44,KZALM,1158.0
2021,PT,,KZALM,,Y45T54,KZALM,1105.0
2021,PT,,KZALM,,Y55T64,KZALM,1076.0
2021,PT,,KZALM,,Y_GE65,KZALM,1110.0
2021,PT,,KZATY,,Y16T24,KZATY,1039.0
2021,PT,,KZATY,,M25T28,KZATY,1318.0
2021,PT,,KZATY,,M29T34,KZATY,1426.0
2021,PT,,KZATY,,Y35T44,KZATY,1577.0
2021,PT,,KZATY,,Y45T54,KZATY,1506.0
2021,PT,,KZATY,,Y55T64,KZATY,1333.0
2021,PT,,KZATY,,Y_GE65,KZATY,1164.0
2021,PT,,KZZAP,,Y16T24,KZZAP,780.0
2021,PT,,KZZAP,,M25T28,KZZAP,1030.0
2021,PT,,KZZAP,,M29T34,KZZAP,1106.0
2021,PT,,KZZAP,,Y35T44,KZZAP,1230.0
2021,PT,,KZZAP,,Y45T54,KZZAP,1143.0
2021,PT,,KZZAP,,Y55T64,KZZAP,1215.0
2021,PT,,KZZAP,,Y_GE65,KZZAP,1220.0
2021,PT,,KZZHA,,Y16T24,KZZHA,741.0
2021,PT,,KZZHA,,M25T28,KZZHA,833.0
2021,PT,,KZZHA,,M29T34,KZZHA,964.0
2021,PT,,KZZHA,,Y35T44,KZZHA,1000.0
2021,PT,,KZZHA,,Y45T54,KZZHA,1018.0
2021,PT,,KZZHA,,Y55T64,KZZHA,1002.0
2021,PT,,KZZHA,,Y_GE65,KZZHA,957.0
2021,PT,,KZKAR,,Y16T24,KZKAR,849.0
2021,PT,,KZKAR,,M25T28,KZKAR,986.0
2021,PT,,KZKAR,,M29T34,KZKAR,1060.0
2021,PT,,KZKAR,,Y35T44,KZKAR,1146.0
2021,PT,,KZKAR,,Y45T54,KZKAR,1131.0
2021,PT,,KZKAR,,Y55T64,KZKAR,1100.0
2021,PT,,KZKAR,,Y_GE65,KZKAR,1013.0
2021,PT,,KZKUS,,Y16T24,KZKUS,790.0
2021,PT,,KZKUS,,M25T28,KZKUS,941.0
2021,PT,,KZKUS,,M29T34,KZKUS,1010.0
2021,PT,,KZKUS,,Y35T44,KZKUS,984.0
2021,PT,,KZKUS,,Y45T54,KZKUS,979.0
2021,PT,,KZKUS,,Y55T64,KZKUS,981.0
2021,PT,,KZKUS,,Y_GE65,KZKUS,1069.0
2021,PT,,KZKZY,,Y16T24,KZKZY,796.0
2021,PT,,KZKZY,,M25T28,KZKZY,893.0
2021,PT,,KZKZY,,M29T34,KZKZY,1033.0
2021,PT,,KZKZY,,Y35T44,KZKZY,1141.0
2021,PT,,KZKZY,,Y45T54,KZKZY,1144.0
2021,PT,,KZKZY,,Y55T64,KZKZY,1190.0
2021,PT,,KZKZY,,Y_GE65,KZKZY,1126.0
2021,PT,,KZMAN,,Y16T24,KZMAN,792.0
2021,PT,,KZMAN,,M25T28,KZMAN,1018.0
2021,PT,,KZMAN,,M29T34,KZMAN,1163.0
2021,PT,,KZMAN,,Y35T44,KZMAN,1406.0
2021,PT,,KZMAN,,Y45T54,KZMAN,1409.0
2021,PT,,KZMAN,,Y55T64,KZMAN,1428.0
2021,PT,,KZMAN,,Y_GE65,KZMAN,1135.0
2021,PT,,KZPAV,,Y16T24,KZPAV,822.0
2021,PT,,KZPAV,,M25T28,KZPAV,1021.0
2021,PT,,KZPAV,,M29T34,KZPAV,1072.0
2021,PT,,KZPAV,,Y35T44,KZPAV,1117.0
2021,PT,,KZPAV,,Y45T54,KZPAV,1129.0
2021,PT,,KZPAV,,Y55T64,KZPAV,1032.0
2021,PT,,KZPAV,,Y_GE65,KZPAV,1035.0
2021,PT,,KZSEV,,Y16T24,KZSEV,788.0
2021,PT,,KZSEV,,M25T28,KZSEV,816.0
2021,PT,,KZSEV,,M29T34,KZSEV,921.0
2021,PT,,KZSEV,,Y35T44,KZSEV,926.0
2021,PT,,KZSEV,,Y45T54,KZSEV,979.0
2021,PT,,KZSEV,,Y55T64,KZSEV,963.0
2021,PT,,KZSEV,,Y_GE65,KZSEV,932.0
2021,PT,,KZYUZ,,Y16T24,KZYUZ,653.0
2021,PT,,KZYUZ,,M25T28,KZYUZ,780.0
2021,PT,,KZYUZ,,M29T34,KZYUZ,903.0
2021,PT,,KZYUZ,,Y35T44,KZYUZ,1019.0
2021,PT,,KZYUZ,,Y45T54,KZYUZ,1063.0
2021,PT,,KZYUZ,,Y55T64,KZYUZ,1056.0
2021,PT,,KZYUZ,,Y_GE65,KZYUZ,1163.0
2021,PT,,KZVOS,,Y16T24,KZVOS,826.0
2021,PT,,KZVOS,,M25T28,KZVOS,1010.0
2021,PT,,KZVOS,,M29T34,KZVOS,1118.0
2021,PT,,KZVOS,,Y35T44,KZVOS,1149.0
2021,PT,,KZVOS,,Y45T54,KZVOS,1154.0
2021,PT,,KZVOS,,Y55T64,KZVOS,1159.0
2021,PT,,KZVOS,,Y_GE65,KZVOS,1824.0
2021,PT,,KZNS,,Y16T24,KZNS,979.0
2021,PT,,KZNS,,M25T28,KZNS,1226.0
2021,PT,,KZNS,,M29T34,KZNS,1538.0
2021,PT,,KZNS,,Y35T44,KZNS,1698.0
2021,PT,,KZNS,,Y45T54,KZNS,1665.0
2021,PT,,KZNS,,Y55T64,KZNS,1522.0
2021,PT,,KZNS,,Y_GE65,KZNS,1377.0
2021,PT,,KZALA,,Y16T24,KZALA,931.0
2021,PT,,KZALA,,M25T28,KZALA,1240.0
2021,PT,,KZALA,,M29T34,KZALA,1463.0
2021,PT,,KZALA,,Y35T44,KZALA,1701.0
2021,PT,,KZALA,,Y45T54,KZALA,1546.0
2021,PT,,KZALA,,Y55T64,KZALA,1381.0
2021,PT,,KZALA,,Y_GE65,KZALA,1408.0
2021,PT,,KZSHY,,Y16T24,KZSHY,757.0
2021,PT,,KZSHY,,M25T28,KZSHY,851.0
2021,PT,,KZSHY,,M29T34,KZSHY,1003.0
2021,PT,,KZSHY,,Y35T44,KZSHY,1109.0
2021,PT,,KZSHY,,Y45T54,KZSHY,1156.0
2021,PT,,KZSHY,,Y55T64,KZSHY,1130.0
2021,PT,,KZSHY,,Y_GE65,KZSHY,1089.0
2021,PT,,,M,Y16T24,,910.0
2021,PT,,,M,M25T28,,1161.0
2021,PT,,,M,M29T34,,1424.0
2021,PT,,,M,Y35T44,,1644.0
2021,PT,,,M,Y45T54,,1486.0
2021,PT,,,M,Y55T64,,1323.0
2021,PT,,,M,Y_GE65,,1512.0
2021,PT,,,F,Y16T24,,847.0
2021,PT,,,F,M25T28,,1030.0
2021,PT,,,F,M29T34,,1163.0
2021,PT,,,F,Y35T44,,1258.0
2021,PT,,,F,Y45T54,,1215.0
2021,PT,,,F,Y55T64,,1163.0
2021,PT,,,F,Y_GE65,,1218.0
2021,PT,_T,,,,,1303.0
2021,PT,ISIC4_A,,,,,773.0
2021,PT,_L_ACT_IND,,,,,1684.0
2021,PT,ISIC4_F,,,,,1706.0
2021,PT,ISIC4_G,,,,,1254.0
2021,PT,ISIC4_H,,,,,1401.0
2021,PT,ISIC4_I,,,,,1195.0
2021,PT,ISIC4_J,,,,,1762.0
2021,PT,ISIC4_K,,,,,2250.0
2021,PT,ISIC4_L,,,,,834.0
2021,PT,ISIC4_M,,,,,1945.0
2021,PT,ISIC4_N,,,,,1256.0
2021,PT,ISIC4_O,,,,,975.0
2021,PT,ISIC4_P,,,,,1109.0
2021,PT,ISIC4_Q,,,,,1152.0
2021,PT,ISIC4_R,,,,,801.0
2021,PT,ISIC4_S,,,,,2014.0
2021,PT,_T,,M,,,1427.0
2021,PT,ISIC4_A,,M,,,787.0
2021,PT,_L_ACT_IND,,M,,,1796.0
2021,PT,ISIC4_F,,M,,,1724.0
2021,PT,ISIC4_G,,M,,,1317.0
2021,PT,ISIC4_H,,M,,,1463.0
2021,PT,ISIC4_I,,M,,,1488.0
2021,PT,ISIC4_J,,M,,,1832.0
2021,PT,ISIC4_K,,M,,,2812.0
2021,PT,ISIC4_L,,M,,,805.0
2021,PT,ISIC4_M,,M,,,2132.0
2021,PT,ISIC4_N,,M,,,1304.0
2021,PT,ISIC4_O,,M,,,1034.0
2021,PT,ISIC4_P,,M,,,1022.0
2021,PT,ISIC4_Q,,M,,,1262.0
2021,PT,ISIC4_R,,M,,,843.0
2021,PT,ISIC4_S,,M,,,2122.0
2021,PT,_T,,F,,,1179.0
2021,PT,ISIC4_A,,F,,,739.0
2021,PT,_L_ACT_IND,,F,,,1402.0
2021,PT,ISIC4_F,,F,,,1616.0
2021,PT,ISIC4_G,,F,,,1188.0
2021,PT,ISIC4_H,,F,,,1236.0
2021,PT,ISIC4_I,,F,,,982.0
2021,PT,ISIC4_J,,F,,,1647.0
2021,PT,ISIC4_K,,F,,,1919.0
2021,PT,ISIC4_L,,F,,,886.0
2021,PT,ISIC4_M,,F,,,1698.0
2021,PT,ISIC4_N,,F,,,1086.0
2021,PT,ISIC4_O,,F,,,866.0
2021,PT,ISIC4_P,,F,,,1138.0
2021,PT,ISIC4_Q,,F,,,1112.0
2021,PT,ISIC4_R,,F,,,766.0
2021,PT,ISIC4_S,,F,,,1891.0
