Year,UNIT_MEASURE,REF_AREA,URBANISATION,SEX,GeoCode,Value
2010,PT,,,,,5.7
2010,PT,KZAKM,,,KZAKM,6.2
2010,PT,KZAKT,,,KZAKT,1.4
2010,PT,KZALM,,,KZALM,6.4
2010,PT,KZATY,,,KZATY,3.5
2010,PT,KZZAP,,,KZZAP,8.3
2010,PT,KZZHA,,,KZZHA,8.1
2010,PT,KZKAR,,,KZKAR,6.9
2010,PT,KZKUS,,,KZKUS,4.2
2010,PT,KZKZY,,,KZKZY,7.6
2010,PT,KZMAN,,,KZMAN,8.3
2010,PT,KZONT,,,KZONT,4.1
2010,PT,KZPAV,,,KZPAV,3.3
2010,PT,KZSEV,,,KZSEV,4.6
2010,PT,KZVOS,,,KZVOS,8.9
2010,PT,KZNS,,,KZNS,7.8
2010,PT,KZALA,,,KZALA,3.8
2010,PT,,,M,,4.4
2010,PT,KZAKM,,M,KZAKM,6.5
2010,PT,KZAKT,,M,KZAKT,1.7
2010,PT,KZALM,,M,KZALM,4.9
2010,PT,KZATY,,M,KZATY,2.3
2010,PT,KZZAP,,M,KZZAP,7.9
2010,PT,KZZHA,,M,KZZHA,5.1
2010,PT,KZKAR,,M,KZKAR,3.8
2010,PT,KZKUS,,M,KZKUS,3.8
2010,PT,KZKZY,,M,KZKZY,7.0
2010,PT,KZMAN,,M,KZMAN,6.9
2010,PT,KZONT,,M,KZONT,1.9
2010,PT,KZPAV,,M,KZPAV,2.7
2010,PT,KZSEV,,M,KZSEV,4.9
2010,PT,KZVOS,,M,KZVOS,8.1
2010,PT,KZNS,,M,KZNS,3.2
2010,PT,KZALA,,M,KZALA,3.0
2010,PT,,,F,,7.1
2010,PT,KZAKM,,F,KZAKM,6.0
2010,PT,KZAKT,,F,KZAKT,1.1
2010,PT,KZALM,,F,KZALM,7.8
2010,PT,KZATY,,F,KZATY,4.8
2010,PT,KZZAP,,F,KZZAP,8.6
2010,PT,KZZHA,,F,KZZHA,11.4
2010,PT,KZKAR,,F,KZKAR,10.1
2010,PT,KZKUS,,F,KZKUS,4.6
2010,PT,KZKZY,,F,KZKZY,8.2
2010,PT,KZMAN,,F,KZMAN,9.7
2010,PT,KZONT,,F,KZONT,6.3
2010,PT,KZPAV,,F,KZPAV,4.0
2010,PT,KZSEV,,F,KZSEV,4.3
2010,PT,KZVOS,,F,KZVOS,9.7
2010,PT,KZNS,,F,KZNS,11.9
2010,PT,KZALA,,F,KZALA,4.5
2010,PT,,U,,,5.7
2010,PT,KZAKM,U,,KZAKM,5.6
2010,PT,KZAKT,U,,KZAKT,2.3
2010,PT,KZALM,U,,KZALM,5.8
2010,PT,KZATY,U,,KZATY,3.4
2010,PT,KZZAP,U,,KZZAP,10.7
2010,PT,KZZHA,U,,KZZHA,8.2
2010,PT,KZKAR,U,,KZKAR,7.4
2010,PT,KZKUS,U,,KZKUS,3.8
2010,PT,KZKZY,U,,KZKZY,9.1
2010,PT,KZMAN,U,,KZMAN,8.3
2010,PT,KZONT,U,,KZONT,4.9
2010,PT,KZPAV,U,,KZPAV,4.1
2010,PT,KZSEV,U,,KZSEV,3.7
2010,PT,KZVOS,U,,KZVOS,6.3
2010,PT,KZNS,U,,KZNS,7.8
2010,PT,KZALA,U,,KZALA,3.8
2010,PT,,R,,,3.0
2010,PT,KZAKM,R,,KZAKM,3.7
2010,PT,KZAKT,R,,KZAKT,0.3
2010,PT,KZALM,R,,KZALM,3.2
2010,PT,KZATY,R,,KZATY,1.9
2010,PT,KZZAP,R,,KZZAP,3.7
2010,PT,KZZHA,R,,KZZHA,4.8
2010,PT,KZKAR,R,,KZKAR,2.8
2010,PT,KZKUS,R,,KZKUS,2.6
2010,PT,KZKZY,R,,KZKZY,3.2
2010,PT,KZMAN,R,,KZMAN,3.9
2010,PT,KZONT,R,,KZONT,1.9
2010,PT,KZPAV,R,,KZPAV,1.1
2010,PT,KZSEV,R,,KZSEV,2.7
2010,PT,KZYUZ,R,,KZYUZ,6.8
2011,PT,,,,,5.1
2011,PT,KZAKM,,,KZAKM,5.2
2011,PT,KZAKT,,,KZAKT,1.2
2011,PT,KZALM,,,KZALM,6.0
2011,PT,KZATY,,,KZATY,2.3
2011,PT,KZZAP,,,KZZAP,5.6
2011,PT,KZZHA,,,KZZHA,7.3
2011,PT,KZKAR,,,KZKAR,6.2
2011,PT,KZKUS,,,KZKUS,4.3
2011,PT,KZKZY,,,KZKZY,6.6
2011,PT,KZMAN,,,KZMAN,7.7
2011,PT,KZONT,,,KZONT,3.8
2011,PT,KZPAV,,,KZPAV,3.6
2011,PT,KZSEV,,,KZSEV,5.4
2011,PT,KZVOS,,,KZVOS,8.5
2011,PT,KZNS,,,KZNS,6.6
2011,PT,KZALA,,,KZALA,2.8
2011,PT,,,M,,5.4
2011,PT,KZAKM,,M,KZAKM,4.3
2011,PT,KZAKT,,M,KZAKT,3.5
2011,PT,KZALM,,M,KZALM,6.5
2011,PT,KZATY,,M,KZATY,1.9
2011,PT,KZZAP,,M,KZZAP,3.4
2011,PT,KZZHA,,M,KZZHA,6.5
2011,PT,KZKAR,,M,KZKAR,5.6
2011,PT,KZKUS,,M,KZKUS,4.5
2011,PT,KZKZY,,M,KZKZY,9.8
2011,PT,KZMAN,,M,KZMAN,14.1
2011,PT,KZONT,,M,KZONT,5.5
2011,PT,KZPAV,,M,KZPAV,3.1
2011,PT,KZSEV,,M,KZSEV,4.7
2011,PT,KZVOS,,M,KZVOS,5.6
2011,PT,KZNS,,M,KZNS,5.2
2011,PT,KZALA,,M,KZALA,2.9
2011,PT,,,F,,9.4
2011,PT,KZAKM,,F,KZAKM,6.1
2011,PT,KZAKT,,F,KZAKT,9.0
2011,PT,KZALM,,F,KZALM,11.7
2011,PT,KZATY,,F,KZATY,6.3
2011,PT,KZZAP,,F,KZZAP,4.3
2011,PT,KZZHA,,F,KZZHA,12.7
2011,PT,KZKAR,,F,KZKAR,14.7
2011,PT,KZKUS,,F,KZKUS,5.3
2011,PT,KZKZY,,F,KZKZY,15.6
2011,PT,KZMAN,,F,KZMAN,13.4
2011,PT,KZONT,,F,KZONT,8.3
2011,PT,KZPAV,,F,KZPAV,5.8
2011,PT,KZSEV,,F,KZSEV,8.8
2011,PT,KZVOS,,F,KZVOS,10.4
2011,PT,KZNS,,F,KZNS,7.8
2011,PT,KZALA,,F,KZALA,6.7
2011,PT,,U,,,6.8
2011,PT,KZAKM,U,,KZAKM,5.0
2011,PT,KZAKT,U,,KZAKT,7.4
2011,PT,KZALM,U,,KZALM,10.7
2011,PT,KZATY,U,,KZATY,3.8
2011,PT,KZZAP,U,,KZZAP,2.2
2011,PT,KZZHA,U,,KZZHA,7.1
2011,PT,KZKAR,U,,KZKAR,10.2
2011,PT,KZKUS,U,,KZKUS,5.3
2011,PT,KZKZY,U,,KZKZY,13.6
2011,PT,KZMAN,U,,KZMAN,10.0
2011,PT,KZONT,U,,KZONT,5.6
2011,PT,KZPAV,U,,KZPAV,5.2
2011,PT,KZSEV,U,,KZSEV,7.8
2011,PT,KZVOS,U,,KZVOS,7.4
2011,PT,KZNS,U,,KZNS,6.6
2011,PT,KZALA,U,,KZALA,4.9
2011,PT,,R,,,8.1
2011,PT,KZAKM,R,,KZAKM,5.1
2011,PT,KZAKT,R,,KZAKT,4.9
2011,PT,KZALM,R,,KZALM,8.6
2011,PT,KZATY,R,,KZATY,4.3
2011,PT,KZZAP,R,,KZZAP,5.3
2011,PT,KZZHA,R,,KZZHA,10.6
2011,PT,KZKAR,R,,KZKAR,10.3
2011,PT,KZKUS,R,,KZKUS,4.7
2011,PT,KZKZY,R,,KZKZY,12.0
2011,PT,KZMAN,R,,KZMAN,16.9
2011,PT,KZONT,R,,KZONT,8.0
2011,PT,KZPAV,R,,KZPAV,2.6
2011,PT,KZSEV,R,,KZSEV,6.1
2011,PT,KZYUZ,R,,KZYUZ,8.6
2012,PT,,,,,5.9
2012,PT,KZAKM,,,KZAKM,5.4
2012,PT,KZAKT,,,KZAKT,1.2
2012,PT,KZALM,,,KZALM,9.0
2012,PT,KZATY,,,KZATY,4.0
2012,PT,KZZAP,,,KZZAP,3.9
2012,PT,KZZHA,,,KZZHA,7.4
2012,PT,KZKAR,,,KZKAR,8.0
2012,PT,KZKUS,,,KZKUS,4.5
2012,PT,KZKZY,,,KZKZY,10.1
2012,PT,KZMAN,,,KZMAN,9.8
2012,PT,KZONT,,,KZONT,3.8
2012,PT,KZPAV,,,KZPAV,2.8
2012,PT,KZSEV,,,KZSEV,6.4
2012,PT,KZVOS,,,KZVOS,5.1
2012,PT,KZNS,,,KZNS,13.5
2012,PT,KZALA,,,KZALA,3.3
2012,PT,,,M,,4.9
2012,PT,KZAKM,,M,KZAKM,5.4
2012,PT,KZAKT,,M,KZAKT,0.4
2012,PT,KZALM,,M,KZALM,6.8
2012,PT,KZATY,,M,KZATY,2.0
2012,PT,KZZAP,,M,KZZAP,3.5
2012,PT,KZZHA,,M,KZZHA,6.3
2012,PT,KZKAR,,M,KZKAR,5.7
2012,PT,KZKUS,,M,KZKUS,3.3
2012,PT,KZKZY,,M,KZKZY,9.9
2012,PT,KZMAN,,M,KZMAN,12.3
2012,PT,KZONT,,M,KZONT,2.3
2012,PT,KZPAV,,M,KZPAV,2.0
2012,PT,KZSEV,,M,KZSEV,5.0
2012,PT,KZVOS,,M,KZVOS,4.3
2012,PT,KZNS,,M,KZNS,12.7
2012,PT,KZALA,,M,KZALA,3.8
2012,PT,,,F,,6.9
2012,PT,KZAKM,,F,KZAKM,5.4
2012,PT,KZAKT,,F,KZAKT,2.0
2012,PT,KZALM,,F,KZALM,11.1
2012,PT,KZATY,,F,KZATY,5.9
2012,PT,KZZAP,,F,KZZAP,4.4
2012,PT,KZZHA,,F,KZZHA,8.5
2012,PT,KZKAR,,F,KZKAR,10.4
2012,PT,KZKUS,,F,KZKUS,5.8
2012,PT,KZKZY,,F,KZKZY,10.3
2012,PT,KZMAN,,F,KZMAN,6.7
2012,PT,KZONT,,F,KZONT,5.3
2012,PT,KZPAV,,F,KZPAV,3.6
2012,PT,KZSEV,,F,KZSEV,8.0
2012,PT,KZVOS,,F,KZVOS,6.1
2012,PT,KZNS,,F,KZNS,14.3
2012,PT,KZALA,,F,KZALA,3.0
2012,PT,,U,,,5.9
2012,PT,KZAKM,U,,KZAKM,6.7
2012,PT,KZAKT,U,,KZAKT,2.0
2012,PT,KZALM,U,,KZALM,10.0
2012,PT,KZATY,U,,KZATY,3.8
2012,PT,KZZAP,U,,KZZAP,3.0
2012,PT,KZZHA,U,,KZZHA,9.4
2012,PT,KZKAR,U,,KZKAR,7.6
2012,PT,KZKUS,U,,KZKUS,4.9
2012,PT,KZKZY,U,,KZKZY,10.9
2012,PT,KZMAN,U,,KZMAN,3.6
2012,PT,KZONT,U,,KZONT,5.1
2012,PT,KZPAV,U,,KZPAV,3.1
2012,PT,KZSEV,U,,KZSEV,7.6
2012,PT,KZVOS,U,,KZVOS,3.2
2012,PT,KZNS,U,,KZNS,13.5
2012,PT,KZALA,U,,KZALA,3.3
2012,PT,,R,,,5.9
2012,PT,KZAKM,R,,KZAKM,4.2
2012,PT,KZAKT,R,,KZAKT,0.2
2012,PT,KZALM,R,,KZALM,8.7
2012,PT,KZATY,R,,KZATY,4.1
2012,PT,KZZAP,R,,KZZAP,4.7
2012,PT,KZZHA,R,,KZZHA,6.1
2012,PT,KZKAR,R,,KZKAR,9.3
2012,PT,KZKUS,R,,KZKUS,4.2
2012,PT,KZKZY,R,,KZKZY,9.6
2012,PT,KZMAN,R,,KZMAN,18.5
2012,PT,KZONT,R,,KZONT,3.0
2012,PT,KZPAV,R,,KZPAV,2.2
2012,PT,KZSEV,R,,KZSEV,5.6
2012,PT,KZYUZ,R,,KZYUZ,8.2
2013,PT,,,,,5.8
2013,PT,KZAKM,,,KZAKM,5.1
2013,PT,KZAKT,,,KZAKT,1.9
2013,PT,KZALM,,,KZALM,7.9
2013,PT,KZATY,,,KZATY,4.3
2013,PT,KZZAP,,,KZZAP,3.2
2013,PT,KZZHA,,,KZZHA,4.8
2013,PT,KZKAR,,,KZKAR,5.3
2013,PT,KZKUS,,,KZKUS,5.2
2013,PT,KZKZY,,,KZKZY,9.88
2013,PT,KZMAN,,,KZMAN,8.4
2013,PT,KZONT,,,KZONT,3.3
2013,PT,KZPAV,,,KZPAV,1.8
2013,PT,KZSEV,,,KZSEV,6.3
2013,PT,KZVOS,,,KZVOS,7.3
2013,PT,KZNS,,,KZNS,19.3
2013,PT,KZALA,,,KZALA,3.2
2013,PT,,,M,,5.0
2013,PT,KZAKM,,M,KZAKM,4.5
2013,PT,KZAKT,,M,KZAKT,1.4
2013,PT,KZALM,,M,KZALM,5.7
2013,PT,KZATY,,M,KZATY,3.8
2013,PT,KZZAP,,M,KZZAP,3.1
2013,PT,KZZHA,,M,KZZHA,4.3
2013,PT,KZKAR,,M,KZKAR,4.8
2013,PT,KZKUS,,M,KZKUS,5.2
2013,PT,KZKZY,,M,KZKZY,9.8
2013,PT,KZMAN,,M,KZMAN,7.6
2013,PT,KZONT,,M,KZONT,1.6
2013,PT,KZPAV,,M,KZPAV,1.1
2013,PT,KZSEV,,M,KZSEV,6.4
2013,PT,KZVOS,,M,KZVOS,6.5
2013,PT,KZNS,,M,KZNS,17.8
2013,PT,KZALA,,M,KZALA,3.4
2013,PT,,,F,,6.5
2013,PT,KZAKM,,F,KZAKM,5.7
2013,PT,KZAKT,,F,KZAKT,2.4
2013,PT,KZALM,,F,KZALM,10.0
2013,PT,KZATY,,F,KZATY,4.8
2013,PT,KZZAP,,F,KZZAP,3.2
2013,PT,KZZHA,,F,KZZHA,5.4
2013,PT,KZKAR,,F,KZKAR,5.9
2013,PT,KZKUS,,F,KZKUS,5.1
2013,PT,KZKZY,,F,KZKZY,9.8
2013,PT,KZMAN,,F,KZMAN,9.3
2013,PT,KZONT,,F,KZONT,5.1
2013,PT,KZPAV,,F,KZPAV,2.5
2013,PT,KZSEV,,F,KZSEV,6.3
2013,PT,KZVOS,,F,KZVOS,8.1
2013,PT,KZNS,,F,KZNS,21.1
2013,PT,KZALA,,F,KZALA,3.0
2013,PT,,U,,,5.8
2013,PT,KZAKM,U,,KZAKM,5.0
2013,PT,KZAKT,U,,KZAKT,1.7
2013,PT,KZALM,U,,KZALM,5.8
2013,PT,KZATY,U,,KZATY,5.6
2013,PT,KZZAP,U,,KZZAP,2.6
2013,PT,KZZHA,U,,KZZHA,4.3
2013,PT,KZKAR,U,,KZKAR,5.5
2013,PT,KZKUS,U,,KZKUS,6.6
2013,PT,KZKZY,U,,KZKZY,9.5
2013,PT,KZMAN,U,,KZMAN,7.2
2013,PT,KZONT,U,,KZONT,5.6
2013,PT,KZPAV,U,,KZPAV,1.6
2013,PT,KZSEV,U,,KZSEV,4.5
2013,PT,KZVOS,U,,KZVOS,4.3
2013,PT,KZNS,U,,KZNS,19.3
2013,PT,KZALA,U,,KZALA,3.2
2013,PT,,R,,,5.7
2013,PT,KZAKM,R,,KZAKM,5.1
2013,PT,KZAKT,R,,KZAKT,2.3
2013,PT,KZALM,R,,KZALM,8.5
2013,PT,KZATY,R,,KZATY,3.2
2013,PT,KZZAP,R,,KZZAP,3.7
2013,PT,KZZHA,R,,KZZHA,5.2
2013,PT,KZKAR,R,,KZKAR,4.8
2013,PT,KZKUS,R,,KZKUS,3.8
2013,PT,KZKZY,R,,KZKZY,10.1
2013,PT,KZMAN,R,,KZMAN,9.5
2013,PT,KZONT,R,,KZONT,1.9
2013,PT,KZPAV,R,,KZPAV,2.1
2013,PT,KZSEV,R,,KZSEV,7.6
2013,PT,KZYUZ,R,,KZYUZ,11.5
2014,PT,,,,,7.0
2014,PT,KZAKM,,,KZAKM,4.5
2014,PT,KZAKT,,,KZAKT,6.8
2014,PT,KZALM,,,KZALM,7.6
2014,PT,KZATY,,,KZATY,4.7
2014,PT,KZZAP,,,KZZAP,3.1
2014,PT,KZZHA,,,KZZHA,9.6
2014,PT,KZKAR,,,KZKAR,10.5
2014,PT,KZKUS,,,KZKUS,4.5
2014,PT,KZKZY,,,KZKZY,12.4
2014,PT,KZMAN,,,KZMAN,14.5
2014,PT,KZONT,,,KZONT,6.8
2014,PT,KZPAV,,,KZPAV,3.4
2014,PT,KZSEV,,,KZSEV,6.6
2014,PT,KZVOS,,,KZVOS,5.7
2014,PT,KZNS,,,KZNS,6.5
2014,PT,KZALA,,,KZALA,4.8
2014,PT,,,M,,5.0
2014,PT,KZAKM,,M,KZAKM,3.3
2014,PT,KZAKT,,M,KZAKT,3.7
2014,PT,KZALM,,M,KZALM,5.4
2014,PT,KZATY,,M,KZATY,2.2
2014,PT,KZZAP,,M,KZZAP,2.8
2014,PT,KZZHA,,M,KZZHA,5.4
2014,PT,KZKAR,,M,KZKAR,5.3
2014,PT,KZKUS,,M,KZKUS,4.6
2014,PT,KZKZY,,M,KZKZY,9.1
2014,PT,KZMAN,,M,KZMAN,13.8
2014,PT,KZONT,,M,KZONT,5.3
2014,PT,KZPAV,,M,KZPAV,2.2
2014,PT,KZSEV,,M,KZSEV,4.6
2014,PT,KZVOS,,M,KZVOS,3.4
2014,PT,KZNS,,M,KZNS,4.7
2014,PT,KZALA,,M,KZALA,3.9
2014,PT,,,F,,9.0
2014,PT,KZAKM,,F,KZAKM,5.8
2014,PT,KZAKT,,F,KZAKT,9.8
2014,PT,KZALM,,F,KZALM,9.9
2014,PT,KZATY,,F,KZATY,7.3
2014,PT,KZZAP,,F,KZZAP,3.4
2014,PT,KZZHA,,F,KZZHA,14.0
2014,PT,KZKAR,,F,KZKAR,15.9
2014,PT,KZKUS,,F,KZKUS,4.4
2014,PT,KZKZY,,F,KZKZY,16.0
2014,PT,KZMAN,,F,KZMAN,15.1
2014,PT,KZONT,,F,KZONT,8.4
2014,PT,KZPAV,,F,KZPAV,4.6
2014,PT,KZSEV,,F,KZSEV,8.8
2014,PT,KZVOS,,F,KZVOS,8.1
2014,PT,KZNS,,F,KZNS,8.1
2014,PT,KZALA,,F,KZALA,5.6
2014,PT,,U,,,6.3
2014,PT,KZAKM,U,,KZAKM,4.0
2014,PT,KZAKT,U,,KZAKT,8.0
2014,PT,KZALM,U,,KZALM,7.6
2014,PT,KZATY,U,,KZATY,4.3
2014,PT,KZZAP,U,,KZZAP,2.2
2014,PT,KZZHA,U,,KZZHA,6.9
2014,PT,KZKAR,U,,KZKAR,10.5
2014,PT,KZKUS,U,,KZKUS,4.6
2014,PT,KZKZY,U,,KZKZY,14.4
2014,PT,KZMAN,U,,KZMAN,9.9
2014,PT,KZONT,U,,KZONT,5.3
2014,PT,KZPAV,U,,KZPAV,4.1
2014,PT,KZSEV,U,,KZSEV,7.3
2014,PT,KZVOS,U,,KZVOS,4.8
2014,PT,KZNS,U,,KZNS,6.5
2014,PT,KZALA,U,,KZALA,4.8
2014,PT,,R,,,7.8
2014,PT,KZAKM,R,,KZAKM,4.9
2014,PT,KZAKT,R,,KZAKT,4.7
2014,PT,KZALM,R,,KZALM,7.6
2014,PT,KZATY,R,,KZATY,4.9
2014,PT,KZZAP,R,,KZZAP,4.2
2014,PT,KZZHA,R,,KZZHA,11.2
2014,PT,KZKAR,R,,KZKAR,10.7
2014,PT,KZKUS,R,,KZKUS,4.4
2014,PT,KZKZY,R,,KZKZY,11.4
2014,PT,KZMAN,R,,KZMAN,18.6
2014,PT,KZONT,R,,KZONT,7.8
2014,PT,KZPAV,R,,KZPAV,2.0
2014,PT,KZSEV,R,,KZSEV,6.1
2014,PT,KZYUZ,R,,KZYUZ,7.0
2015,PT,,,,,7.9
2015,PT,KZAKM,,,KZAKM,7.7
2015,PT,KZAKT,,,KZAKT,8.0
2015,PT,KZALM,,,KZALM,8.2
2015,PT,KZATY,,,KZATY,7.0
2015,PT,KZZAP,,,KZZAP,3.9
2015,PT,KZZHA,,,KZZHA,12.9
2015,PT,KZKAR,,,KZKAR,12.5
2015,PT,KZKUS,,,KZKUS,6.5
2015,PT,KZKZY,,,KZKZY,7.6
2015,PT,KZMAN,,,KZMAN,9.9
2015,PT,KZONT,,,KZONT,8.3
2015,PT,KZPAV,,,KZPAV,5.6
2015,PT,KZSEV,,,KZSEV,7.2
2015,PT,KZVOS,,,KZVOS,7.6
2015,PT,KZNS,,,KZNS,5.2
2015,PT,KZALA,,,KZALA,5.9
2015,PT,,,M,,6.0
2015,PT,KZAKM,,M,KZAKM,5.8
2015,PT,KZAKT,,M,KZAKT,5.4
2015,PT,KZALM,,M,KZALM,6.1
2015,PT,KZATY,,M,KZATY,4.3
2015,PT,KZZAP,,M,KZZAP,3.5
2015,PT,KZZHA,,M,KZZHA,8.1
2015,PT,KZKAR,,M,KZKAR,7.2
2015,PT,KZKUS,,M,KZKUS,6.0
2015,PT,KZKZY,,M,KZKZY,6.6
2015,PT,KZMAN,,M,KZMAN,6.8
2015,PT,KZONT,,M,KZONT,7.4
2015,PT,KZPAV,,M,KZPAV,5.0
2015,PT,KZSEV,,M,KZSEV,5.1
2015,PT,KZVOS,,M,KZVOS,4.9
2015,PT,KZNS,,M,KZNS,4.4
2015,PT,KZALA,,M,KZALA,5.2
2015,PT,,,F,,9.7
2015,PT,KZAKM,,F,KZAKM,9.7
2015,PT,KZAKT,,F,KZAKT,10.0
2015,PT,KZALM,,F,KZALM,10.5
2015,PT,KZATY,,F,KZATY,10.4
2015,PT,KZZAP,,F,KZZAP,4.4
2015,PT,KZZHA,,F,KZZHA,17.9
2015,PT,KZKAR,,F,KZKAR,17.6
2015,PT,KZKUS,,F,KZKUS,7.1
2015,PT,KZKZY,,F,KZKZY,8.8
2015,PT,KZMAN,,F,KZMAN,13.5
2015,PT,KZONT,,F,KZONT,9.2
2015,PT,KZPAV,,F,KZPAV,6.2
2015,PT,KZSEV,,F,KZSEV,9.7
2015,PT,KZVOS,,F,KZVOS,10.5
2015,PT,KZNS,,F,KZNS,5.8
2015,PT,KZALA,,F,KZALA,6.4
2015,PT,,U,,,6.6
2015,PT,KZAKM,U,,KZAKM,6.6
2015,PT,KZAKT,U,,KZAKT,6.3
2015,PT,KZALM,U,,KZALM,7.7
2015,PT,KZATY,U,,KZATY,7.4
2015,PT,KZZAP,U,,KZZAP,1.7
2015,PT,KZZHA,U,,KZZHA,14.9
2015,PT,KZKAR,U,,KZKAR,12.0
2015,PT,KZKUS,U,,KZKUS,5.5
2015,PT,KZKZY,U,,KZKZY,7.2
2015,PT,KZMAN,U,,KZMAN,6.3
2015,PT,KZONT,U,,KZONT,4.6
2015,PT,KZPAV,U,,KZPAV,2.5
2015,PT,KZSEV,U,,KZSEV,9.2
2015,PT,KZVOS,U,,KZVOS,6.3
2015,PT,KZNS,U,,KZNS,5.2
2015,PT,KZALA,U,,KZALA,5.9
2015,PT,,R,,,9.6
2015,PT,KZAKM,R,,KZAKM,8.6
2015,PT,KZAKT,R,,KZAKT,11.0
2015,PT,KZALM,R,,KZALM,8.3
2015,PT,KZATY,R,,KZATY,6.8
2015,PT,KZZAP,R,,KZZAP,6.2
2015,PT,KZZHA,R,,KZZHA,11.6
2015,PT,KZKAR,R,,KZKAR,14.3
2015,PT,KZKUS,R,,KZKUS,7.6
2015,PT,KZKZY,R,,KZKZY,7.9
2015,PT,KZMAN,R,,KZMAN,13.3
2015,PT,KZONT,R,,KZONT,11.5
2015,PT,KZPAV,R,,KZPAV,12.7
2015,PT,KZSEV,R,,KZSEV,5.8
2015,PT,KZYUZ,R,,KZYUZ,9.7
2016,PT,,,,,7.2
2016,PT,KZAKM,,,KZAKM,5.8
2016,PT,KZAKT,,,KZAKT,5.1
2016,PT,KZALM,,,KZALM,7.6
2016,PT,KZATY,,,KZATY,7.1
2016,PT,KZZAP,,,KZZAP,2.3
2016,PT,KZZHA,,,KZZHA,11.7
2016,PT,KZKAR,,,KZKAR,9.5
2016,PT,KZKUS,,,KZKUS,3.3
2016,PT,KZKZY,,,KZKZY,10.1
2016,PT,KZMAN,,,KZMAN,14.2
2016,PT,KZONT,,,KZONT,7.9
2016,PT,KZPAV,,,KZPAV,7.5
2016,PT,KZSEV,,,KZSEV,8.6
2016,PT,KZVOS,,,KZVOS,4.6
2016,PT,KZNS,,,KZNS,6.4
2016,PT,KZALA,,,KZALA,5.2
2016,PT,,,M,,5.3
2016,PT,KZAKM,,M,KZAKM,4.5
2016,PT,KZAKT,,M,KZAKT,2.3
2016,PT,KZALM,,M,KZALM,5.2
2016,PT,KZATY,,M,KZATY,5.7
2016,PT,KZZAP,,M,KZZAP,2.2
2016,PT,KZZHA,,M,KZZHA,7.8
2016,PT,KZKAR,,M,KZKAR,5.9
2016,PT,KZKUS,,M,KZKUS,2.9
2016,PT,KZKZY,,M,KZKZY,8.4
2016,PT,KZMAN,,M,KZMAN,6.2
2016,PT,KZONT,,M,KZONT,6.5
2016,PT,KZPAV,,M,KZPAV,7.1
2016,PT,KZSEV,,M,KZSEV,4.6
2016,PT,KZVOS,,M,KZVOS,3.4
2016,PT,KZNS,,M,KZNS,4.9
2016,PT,KZALA,,M,KZALA,4.7
2016,PT,,,F,,9.1
2016,PT,KZAKM,,F,KZAKM,7.2
2016,PT,KZAKT,,F,KZAKT,7.9
2016,PT,KZALM,,F,KZALM,10.3
2016,PT,KZATY,,F,KZATY,8.5
2016,PT,KZZAP,,F,KZZAP,2.4
2016,PT,KZZHA,,F,KZZHA,16.0
2016,PT,KZKAR,,F,KZKAR,13.2
2016,PT,KZKUS,,F,KZKUS,3.7
2016,PT,KZKZY,,F,KZKZY,12.0
2016,PT,KZMAN,,F,KZMAN,22.4
2016,PT,KZONT,,F,KZONT,9.2
2016,PT,KZPAV,,F,KZPAV,7.9
2016,PT,KZSEV,,F,KZSEV,12.5
2016,PT,KZVOS,,F,KZVOS,6.1
2016,PT,KZNS,,F,KZNS,7.6
2016,PT,KZALA,,F,KZALA,5.6
2016,PT,,U,,,5.8
2016,PT,KZAKM,U,,KZAKM,4.0
2016,PT,KZAKT,U,,KZAKT,3.8
2016,PT,KZALM,U,,KZALM,8.5
2016,PT,KZATY,U,,KZATY,8.1
2016,PT,KZZAP,U,,KZZAP,1.4
2016,PT,KZZHA,U,,KZZHA,12.0
2016,PT,KZKAR,U,,KZKAR,8.2
2016,PT,KZKUS,U,,KZKUS,3.1
2016,PT,KZKZY,U,,KZKZY,10.8
2016,PT,KZMAN,U,,KZMAN,14.8
2016,PT,KZONT,U,,KZONT,3.1
2016,PT,KZPAV,U,,KZPAV,5.1
2016,PT,KZSEV,U,,KZSEV,9.6
2016,PT,KZVOS,U,,KZVOS,2.4
2016,PT,KZNS,U,,KZNS,6.4
2016,PT,KZALA,U,,KZALA,5.2
2016,PT,,R,,,9.2
2016,PT,KZAKM,R,,KZAKM,7.3
2016,PT,KZAKT,R,,KZAKT,7.4
2016,PT,KZALM,R,,KZALM,7.3
2016,PT,KZATY,R,,KZATY,6.4
2016,PT,KZZAP,R,,KZZAP,3.4
2016,PT,KZZHA,R,,KZZHA,11.5
2016,PT,KZKAR,R,,KZKAR,14.8
2016,PT,KZKUS,R,,KZKUS,3.6
2016,PT,KZKZY,R,,KZKZY,9.7
2016,PT,KZMAN,R,,KZMAN,13.8
2016,PT,KZONT,R,,KZONT,12.3
2016,PT,KZPAV,R,,KZPAV,13.4
2016,PT,KZSEV,R,,KZSEV,7.8
2016,PT,KZYUZ,R,,KZYUZ,8.3
2017,PT,,,,,6.4
2017,PT,KZAKM,,,KZAKM,6.1
2017,PT,KZAKT,,,KZAKT,4.8
2017,PT,KZALM,,,KZALM,6.7
2017,PT,KZATY,,,KZATY,7.2
2017,PT,KZZAP,,,KZZAP,2.2
2017,PT,KZZHA,,,KZZHA,9.3
2017,PT,KZKAR,,,KZKAR,8.7
2017,PT,KZKUS,,,KZKUS,4.1
2017,PT,KZKZY,,,KZKZY,6.4
2017,PT,KZMAN,,,KZMAN,6.6
2017,PT,KZONT,,,KZONT,9.0
2017,PT,KZPAV,,,KZPAV,4.5
2017,PT,KZSEV,,,KZSEV,6.6
2017,PT,KZVOS,,,KZVOS,5.9
2017,PT,KZNS,,,KZNS,4.1
2017,PT,KZALA,,,KZALA,4.0
2017,PT,,,M,,5.1
2017,PT,KZAKM,,M,KZAKM,4.6
2017,PT,KZAKT,,M,KZAKT,2.1
2017,PT,KZALM,,M,KZALM,6.5
2017,PT,KZATY,,M,KZATY,5.0
2017,PT,KZZAP,,M,KZZAP,1.9
2017,PT,KZZHA,,M,KZZHA,5.9
2017,PT,KZKAR,,M,KZKAR,6.4
2017,PT,KZKUS,,M,KZKUS,3.5
2017,PT,KZKZY,,M,KZKZY,5.5
2017,PT,KZMAN,,M,KZMAN,3.6
2017,PT,KZONT,,M,KZONT,8.2
2017,PT,KZPAV,,M,KZPAV,4.8
2017,PT,KZSEV,,M,KZSEV,3.3
2017,PT,KZVOS,,M,KZVOS,3.5
2017,PT,KZNS,,M,KZNS,3.8
2017,PT,KZALA,,M,KZALA,3.3
2017,PT,,,F,,7.6
2017,PT,KZAKM,,F,KZAKM,7.8
2017,PT,KZAKT,,F,KZAKT,7.6
2017,PT,KZALM,,F,KZALM,6.9
2017,PT,KZATY,,F,KZATY,10.0
2017,PT,KZZAP,,F,KZZAP,2.4
2017,PT,KZZHA,,F,KZZHA,13.0
2017,PT,KZKAR,,F,KZKAR,11.0
2017,PT,KZKUS,,F,KZKUS,4.6
2017,PT,KZKZY,,F,KZKZY,7.3
2017,PT,KZMAN,,F,KZMAN,9.7
2017,PT,KZONT,,F,KZONT,9.8
2017,PT,KZPAV,,F,KZPAV,4.2
2017,PT,KZSEV,,F,KZSEV,10.3
2017,PT,KZVOS,,F,KZVOS,8.5
2017,PT,KZNS,,F,KZNS,4.3
2017,PT,KZALA,,F,KZALA,4.6
2017,PT,,U,,,4.9
2017,PT,KZAKM,U,,KZAKM,4.7
2017,PT,KZAKT,U,,KZAKT,4.2
2017,PT,KZALM,U,,KZALM,6.0
2017,PT,KZATY,U,,KZATY,8.3
2017,PT,KZZAP,U,,KZZAP,1.2
2017,PT,KZZHA,U,,KZZHA,8.2
2017,PT,KZKAR,U,,KZKAR,8.5
2017,PT,KZKUS,U,,KZKUS,4.4
2017,PT,KZKZY,U,,KZKZY,5.5
2017,PT,KZMAN,U,,KZMAN,6.0
2017,PT,KZONT,U,,KZONT,4.1
2017,PT,KZPAV,U,,KZPAV,2.0
2017,PT,KZSEV,U,,KZSEV,8.1
2017,PT,KZVOS,U,,KZVOS,4.6
2017,PT,KZNS,U,,KZNS,4.1
2017,PT,KZALA,U,,KZALA,4.0
2017,PT,,R,,,8.4
2017,PT,KZAKM,R,,KZAKM,7.5
2017,PT,KZAKT,R,,KZAKT,6.2
2017,PT,KZALM,R,,KZALM,6.9
2017,PT,KZATY,R,,KZATY,6.3
2017,PT,KZZAP,R,,KZZAP,3.1
2017,PT,KZZHA,R,,KZZHA,10.0
2017,PT,KZKAR,R,,KZKAR,9.8
2017,PT,KZKUS,R,,KZKUS,3.7
2017,PT,KZKZY,R,,KZKZY,6.9
2017,PT,KZMAN,R,,KZMAN,7.1
2017,PT,KZONT,R,,KZONT,13.2
2017,PT,KZPAV,R,,KZPAV,11.3
2017,PT,KZSEV,R,,KZSEV,5.3
2017,PT,KZYUZ,R,,KZYUZ,8.4
2018,PT,,,,,6.0
2018,PT,KZAKM,,,KZAKM,4.4
2018,PT,KZAKT,,,KZAKT,6.5
2018,PT,KZALM,,,KZALM,6.1
2018,PT,KZATY,,,KZATY,5.7
2018,PT,KZZAP,,,KZZAP,2.1
2018,PT,KZZHA,,,KZZHA,5.9
2018,PT,KZKAR,,,KZKAR,9.7
2018,PT,KZKUS,,,KZKUS,4.1
2018,PT,KZKZY,,,KZKZY,4.0
2018,PT,KZMAN,,,KZMAN,5.4
2018,PT,KZPAV,,,KZPAV,4.2
2018,PT,KZSEV,,,KZSEV,8.1
2018,PT,KZYUZ,,,KZYUZ,11.4
2018,PT,KZVOS,,,KZVOS,4.1
2018,PT,KZNS,,,KZNS,4.1
2018,PT,KZALA,,,KZALA,3.4
2018,PT,KZSHY,,,KZSHY,9.5
2018,PT,,,M,,5.2
2018,PT,KZAKM,,M,KZAKM,3.5
2018,PT,KZAKT,,M,KZAKT,4.2
2018,PT,KZALM,,M,KZALM,3.7
2018,PT,KZATY,,M,KZATY,2.1
2018,PT,KZZAP,,M,KZZAP,1.6
2018,PT,KZZHA,,M,KZZHA,5.8
2018,PT,KZKAR,,M,KZKAR,7.0
2018,PT,KZKUS,,M,KZKUS,3.5
2018,PT,KZKZY,,M,KZKZY,3.4
2018,PT,KZMAN,,M,KZMAN,4.0
2018,PT,KZPAV,,M,KZPAV,5.0
2018,PT,KZSEV,,M,KZSEV,4.3
2018,PT,KZYUZ,,M,KZYUZ,12.0
2018,PT,KZVOS,,M,KZVOS,3.1
2018,PT,KZNS,,M,KZNS,4.1
2018,PT,KZALA,,M,KZALA,2.7
2018,PT,KZSHY,,M,KZSHY,10.9
2018,PT,,,F,,6.8
2018,PT,KZAKM,,F,KZAKM,5.5
2018,PT,KZAKT,,F,KZAKT,8.9
2018,PT,KZALM,,F,KZALM,8.6
2018,PT,KZATY,,F,KZATY,9.9
2018,PT,KZZAP,,F,KZZAP,2.7
2018,PT,KZZHA,,F,KZZHA,5.9
2018,PT,KZKAR,,F,KZKAR,12.5
2018,PT,KZKUS,,F,KZKUS,4.8
2018,PT,KZKZY,,F,KZKZY,4.8
2018,PT,KZMAN,,F,KZMAN,7.1
2018,PT,KZPAV,,F,KZPAV,3.4
2018,PT,KZSEV,,F,KZSEV,12.1
2018,PT,KZYUZ,,F,KZYUZ,10.8
2018,PT,KZVOS,,F,KZVOS,5.2
2018,PT,KZNS,,F,KZNS,4.1
2018,PT,KZALA,,F,KZALA,4.0
2018,PT,KZSHY,,F,KZSHY,8.3
2018,PT,,U,,,5.4
2018,PT,KZAKM,U,,KZAKM,2.9
2018,PT,KZAKT,U,,KZAKT,7.3
2018,PT,KZALM,U,,KZALM,5.5
2018,PT,KZATY,U,,KZATY,7.0
2018,PT,KZZAP,U,,KZZAP,1.4
2018,PT,KZZHA,U,,KZZHA,5.8
2018,PT,KZKAR,U,,KZKAR,9.9
2018,PT,KZKUS,U,,KZKUS,4.2
2018,PT,KZKZY,U,,KZKZY,3.5
2018,PT,KZMAN,U,,KZMAN,3.4
2018,PT,KZPAV,U,,KZPAV,2.3
2018,PT,KZSEV,U,,KZSEV,9.7
2018,PT,KZYUZ,U,,KZYUZ,12.8
2018,PT,KZVOS,U,,KZVOS,3.0
2018,PT,KZNS,U,,KZNS,4.1
2018,PT,KZALA,U,,KZALA,3.4
2018,PT,KZSHY,U,,KZSHY,9.5
2018,PT,,R,,,6.9
2018,PT,KZAKM,R,,KZAKM,5.8
2018,PT,KZAKT,R,,KZAKT,5.3
2018,PT,KZALM,R,,KZALM,6.2
2018,PT,KZATY,R,,KZATY,4.8
2018,PT,KZZAP,R,,KZZAP,3.0
2018,PT,KZZHA,R,,KZZHA,5.9
2018,PT,KZKAR,R,,KZKAR,9.1
2018,PT,KZKUS,R,,KZKUS,4.0
2018,PT,KZKZY,R,,KZKZY,4.3
2018,PT,KZMAN,R,,KZMAN,6.6
2018,PT,KZPAV,R,,KZPAV,10.0
2018,PT,KZSEV,R,,KZSEV,6.5
2018,PT,KZVOS,R,,KZVOS,11.2
2018,PT,KZYUZ,R,,KZYUZ,6.0
2019,PT,,,,,5.2
2019,PT,KZAKM,,,KZAKM,4.9
2019,PT,KZAKT,,,KZAKT,6.4
2019,PT,KZALM,,,KZALM,4.5
2019,PT,KZATY,,,KZATY,5.2
2019,PT,KZZAP,,,KZZAP,2.1
2019,PT,KZZHA,,,KZZHA,4.5
2019,PT,KZKAR,,,KZKAR,8.5
2019,PT,KZKUS,,,KZKUS,3.5
2019,PT,KZKZY,,,KZKZY,5.6
2019,PT,KZMAN,,,KZMAN,5.7
2019,PT,KZPAV,,,KZPAV,3.6
2019,PT,KZSEV,,,KZSEV,6.9
2019,PT,KZYUZ,,,KZYUZ,9.7
2019,PT,KZVOS,,,KZVOS,4.8
2019,PT,KZNS,,,KZNS,2.0
2019,PT,KZALA,,,KZALA,3.4
2019,PT,KZSHY,,,KZSHY,5.1
2019,PT,,,M,,3.6
2019,PT,KZAKM,,M,KZAKM,2.9
2019,PT,KZAKT,,M,KZAKT,5.2
2019,PT,KZALM,,M,KZALM,3.2
2019,PT,KZATY,,M,KZATY,5.5
2019,PT,KZZAP,,M,KZZAP,1.8
2019,PT,KZZHA,,M,KZZHA,4.0
2019,PT,KZKAR,,M,KZKAR,5.8
2019,PT,KZKUS,,M,KZKUS,3.1
2019,PT,KZKZY,,M,KZKZY,5.1
2019,PT,KZMAN,,M,KZMAN,3.5
2019,PT,KZPAV,,M,KZPAV,3.4
2019,PT,KZSEV,,M,KZSEV,4.0
2019,PT,KZYUZ,,M,KZYUZ,3.8
2019,PT,KZVOS,,M,KZVOS,2.7
2019,PT,KZNS,,M,KZNS,1.9
2019,PT,KZALA,,M,KZALA,1.9
2019,PT,KZSHY,,M,KZSHY,6.3
2019,PT,,,F,,6.7
2019,PT,KZAKM,,F,KZAKM,7.0
2019,PT,KZAKT,,F,KZAKT,7.6
2019,PT,KZALM,,F,KZALM,6.0
2019,PT,KZATY,,F,KZATY,4.8
2019,PT,KZZAP,,F,KZZAP,2.3
2019,PT,KZZHA,,F,KZZHA,5.0
2019,PT,KZKAR,,F,KZKAR,11.5
2019,PT,KZKUS,,F,KZKUS,3.8
2019,PT,KZKZY,,F,KZKZY,6.2
2019,PT,KZMAN,,F,KZMAN,8.2
2019,PT,KZPAV,,F,KZPAV,3.9
2019,PT,KZSEV,,F,KZSEV,10.3
2019,PT,KZYUZ,,F,KZYUZ,15.5
2019,PT,KZVOS,,F,KZVOS,6.9
2019,PT,KZNS,,F,KZNS,2.1
2019,PT,KZALA,,F,KZALA,4.5
2019,PT,KZSHY,,F,KZSHY,4.0
2019,PT,,U,,,4.6
2019,PT,KZAKM,U,,KZAKM,4.4
2019,PT,KZAKT,U,,KZAKT,6.3
2019,PT,KZALM,U,,KZALM,5.8
2019,PT,KZATY,U,,KZATY,6.1
2019,PT,KZZAP,U,,KZZAP,1.4
2019,PT,KZZHA,U,,KZZHA,5.3
2019,PT,KZKAR,U,,KZKAR,8.3
2019,PT,KZKUS,U,,KZKUS,2.8
2019,PT,KZKZY,U,,KZKZY,5.4
2019,PT,KZMAN,U,,KZMAN,2.8
2019,PT,KZPAV,U,,KZPAV,2.2
2019,PT,KZSEV,U,,KZSEV,7.1
2019,PT,KZYUZ,U,,KZYUZ,11.2
2019,PT,KZVOS,U,,KZVOS,4.4
2019,PT,KZNS,U,,KZNS,2.0
2019,PT,KZALA,U,,KZALA,3.4
2019,PT,KZSHY,U,,KZSHY,5.1
2019,PT,,R,,,6.0
2019,PT,KZAKM,R,,KZAKM,5.3
2019,PT,KZAKT,R,,KZAKT,6.7
2019,PT,KZALM,R,,KZALM,4.2
2019,PT,KZATY,R,,KZATY,4.3
2019,PT,KZZAP,R,,KZZAP,2.8
2019,PT,KZZHA,R,,KZZHA,4.0
2019,PT,KZKAR,R,,KZKAR,9.2
2019,PT,KZKUS,R,,KZKUS,4.2
2019,PT,KZKZY,R,,KZKZY,5.8
2019,PT,KZMAN,R,,KZMAN,7.3
2019,PT,KZPAV,R,,KZPAV,7.8
2019,PT,KZSEV,R,,KZSEV,6.6
2019,PT,KZVOS,R,,KZVOS,9.5
2019,PT,KZYUZ,R,,KZYUZ,5.7
2020,PT,,,,,4.9
2020,PT,KZAKM,,,KZAKM,6.6
2020,PT,KZAKT,,,KZAKT,6.1
2020,PT,KZALM,,,KZALM,3.1
2020,PT,KZATY,,,KZATY,5.3
2020,PT,KZZAP,,,KZZAP,2.3
2020,PT,KZZHA,,,KZZHA,5.6
2020,PT,KZKAR,,,KZKAR,8.5
2020,PT,KZKUS,,,KZKUS,3.2
2020,PT,KZKZY,,,KZKZY,5.5
2020,PT,KZMAN,,,KZMAN,4.9
2020,PT,KZPAV,,,KZPAV,3.3
2020,PT,KZSEV,,,KZSEV,6.3
2020,PT,KZYUZ,,,KZYUZ,5.5
2020,PT,KZVOS,,,KZVOS,6.2
2020,PT,KZNS,,,KZNS,6.5
2020,PT,KZALA,,,KZALA,3.8
2020,PT,KZSHY,,,KZSHY,3.9
2020,PT,,,M,,2.7
2020,PT,KZAKM,,M,KZAKM,2.7
2020,PT,KZAKT,,M,KZAKT,2.2
2020,PT,KZALM,,M,KZALM,1.7
2020,PT,KZATY,,M,KZATY,2.7
2020,PT,KZZAP,,M,KZZAP,1.3
2020,PT,KZZHA,,M,KZZHA,4.6
2020,PT,KZKAR,,M,KZKAR,3.4
2020,PT,KZKUS,,M,KZKUS,1.5
2020,PT,KZKZY,,M,KZKZY,2.8
2020,PT,KZMAN,,M,KZMAN,2.6
2020,PT,KZPAV,,M,KZPAV,2.7
2020,PT,KZSEV,,M,KZSEV,3.3
2020,PT,KZYUZ,,M,KZYUZ,3.0
2020,PT,KZVOS,,M,KZVOS,4.1
2020,PT,KZNS,,M,KZNS,4.0
2020,PT,KZALA,,M,KZALA,2.0
2020,PT,KZSHY,,M,KZSHY,1.9
2020,PT,,,F,,5.9
2020,PT,KZAKM,,F,KZAKM,9.1
2020,PT,KZAKT,,F,KZAKT,8.5
2020,PT,KZALM,,F,KZALM,4.2
2020,PT,KZATY,,F,KZATY,6.5
2020,PT,KZZAP,,F,KZZAP,2.6
2020,PT,KZZHA,,F,KZZHA,5.3
2020,PT,KZKAR,,F,KZKAR,11.7
2020,PT,KZKUS,,F,KZKUS,4.0
2020,PT,KZKZY,,F,KZKZY,6.6
2020,PT,KZMAN,,F,KZMAN,6.0
2020,PT,KZPAV,,F,KZPAV,4.3
2020,PT,KZSEV,,F,KZSEV,7.4
2020,PT,KZYUZ,,F,KZYUZ,6.0
2020,PT,KZVOS,,F,KZVOS,7.0
2020,PT,KZNS,,F,KZNS,6.6
2020,PT,KZALA,,F,KZALA,4.4
2020,PT,KZSHY,,F,KZSHY,4.5
2020,PT,,U,,,4.9
2020,PT,KZAKM,U,,KZAKM,5.2
2020,PT,KZAKT,U,,KZAKT,5.8
2020,PT,KZALM,U,,KZALM,4.6
2020,PT,KZATY,U,,KZATY,5.7
2020,PT,KZZAP,U,,KZZAP,1.5
2020,PT,KZZHA,U,,KZZHA,5.6
2020,PT,KZKAR,U,,KZKAR,8.7
2020,PT,KZKUS,U,,KZKUS,1.9
2020,PT,KZKZY,U,,KZKZY,4.0
2020,PT,KZMAN,U,,KZMAN,4.2
2020,PT,KZPAV,U,,KZPAV,3.3
2020,PT,KZSEV,U,,KZSEV,5.6
2020,PT,KZYUZ,U,,KZYUZ,4.5
2020,PT,KZVOS,U,,KZVOS,6.2
2020,PT,KZNS,U,,KZNS,6.5
2020,PT,KZALA,U,,KZALA,3.8
2020,PT,KZSHY,U,,KZSHY,3.9
2020,PT,,R,,,5.0
2020,PT,KZAKM,R,,KZAKM,7.8
2020,PT,KZAKT,R,,KZAKT,6.6
2020,PT,KZALM,R,,KZALM,2.8
2020,PT,KZATY,R,,KZATY,4.9
2020,PT,KZZAP,R,,KZZAP,3.2
2020,PT,KZZHA,R,,KZZHA,5.7
2020,PT,KZKAR,R,,KZKAR,7.7
2020,PT,KZKUS,R,,KZKUS,4.8
2020,PT,KZKZY,R,,KZKZY,5.8
2020,PT,KZMAN,R,,KZMAN,6.4
2020,PT,KZPAV,R,,KZPAV,5.4
2020,PT,KZSEV,R,,KZSEV,6.8
2020,PT,KZVOS,R,,KZVOS,5.7
2020,PT,KZYUZ,R,,KZYUZ,6.1
2021,PT,,,,,5.0
2021,PT,KZAKM,,,KZAKM,7.3
2021,PT,KZAKT,,,KZAKT,6.7
2021,PT,KZALM,,,KZALM,3.7
2021,PT,KZATY,,,KZATY,5.4
2021,PT,KZZAP,,,KZZAP,2.3
2021,PT,KZZHA,,,KZZHA,6.3
2021,PT,KZKAR,,,KZKAR,7.3
2021,PT,KZKUS,,,KZKUS,4.0
2021,PT,KZKZY,,,KZKZY,6.2
2021,PT,KZMAN,,,KZMAN,5.1
2021,PT,KZPAV,,,KZPAV,4.4
2021,PT,KZSEV,,,KZSEV,6.3
2021,PT,KZYUZ,,,KZYUZ,6.5
2021,PT,KZVOS,,,KZVOS,5.1
2021,PT,KZNS,,,KZNS,4.3
2021,PT,KZALA,,,KZALA,3.9
2021,PT,KZSHY,,,KZSHY,4.0
2021,PT,,,M,,3.9
2021,PT,KZAKM,,M,KZAKM,4.4
2021,PT,KZAKT,,M,KZAKT,6.7
2021,PT,KZALM,,M,KZALM,2.5
2021,PT,KZATY,,M,KZATY,4.0
2021,PT,KZZAP,,M,KZZAP,1.8
2021,PT,KZZHA,,M,KZZHA,5.2
2021,PT,KZKAR,,M,KZKAR,5.3
2021,PT,KZKUS,,M,KZKUS,3.1
2021,PT,KZKZY,,M,KZKZY,5.1
2021,PT,KZMAN,,F,KZMAN,3.6
2021,PT,KZPAV,,M,KZPAV,3.9
2021,PT,KZSEV,,M,KZSEV,4.5
2021,PT,KZYUZ,,M,KZYUZ,4.9
2021,PT,KZVOS,,M,KZVOS,4.2
2021,PT,KZNS,,M,KZNS,3.7
2021,PT,KZALA,,M,KZALA,3.2
2021,PT,KZSHY,,M,KZSHY,2.6
2021,PT,,,F,,6.1
2021,PT,KZAKM,,F,KZAKM,10.5
2021,PT,KZAKT,,F,KZAKT,6.6
2021,PT,KZALM,,F,KZALM,5.0
2021,PT,KZATY,,F,KZATY,6.9
2021,PT,KZZAP,,F,KZZAP,2.9
2021,PT,KZZHA,,F,KZZHA,7.5
2021,PT,KZKAR,,F,KZKAR,9.4
2021,PT,KZKUS,,F,KZKUS,5.1
2021,PT,KZKZY,,F,KZKZY,7.5
2021,PT,KZMAN,,F,KZMAN,6.8
2021,PT,KZPAV,,F,KZPAV,5.0
2021,PT,KZSEV,,F,KZSEV,8.4
2021,PT,KZYUZ,,F,KZYUZ,8.4
2021,PT,KZVOS,,F,KZVOS,5.9
2021,PT,KZNS,,F,KZNS,4.8
2021,PT,KZALA,,F,KZALA,4.3
2021,PT,KZSHY,,F,KZSHY,5.2
2021,PT,,U,,,4.6
2021,PT,KZAKM,U,,KZAKM,5.5
2021,PT,KZAKT,U,,KZAKT,6.2
2021,PT,KZALM,U,,KZALM,5.8
2021,PT,KZATY,U,,KZATY,4.3
2021,PT,KZZAP,U,,KZZAP,1.5
2021,PT,KZZHA,U,,KZZHA,7.0
2021,PT,KZKAR,U,,KZKAR,7.6
2021,PT,KZKUS,U,,KZKUS,3.6
2021,PT,KZKZY,U,,KZKZY,4.8
2021,PT,KZMAN,U,,KZMAN,3.6
2021,PT,KZPAV,U,,KZPAV,2.7
2021,PT,KZSEV,U,,KZSEV,6.8
2021,PT,KZYUZ,U,,KZYUZ,5.2
2021,PT,KZVOS,U,,KZVOS,4.3
2021,PT,KZNS,U,,KZNS,4.3
2021,PT,KZALA,U,,KZALA,3.9
2021,PT,KZSHY,U,,KZSHY,4.0
2021,PT,,R,,,5.7
2021,PT,KZAKM,R,,KZAKM,8.9
2021,PT,KZAKT,R,,KZAKT,7.8
2021,PT,KZALM,R,,KZALM,3.2
2021,PT,KZATY,R,,KZATY,6.5
2021,PT,KZZAP,R,,KZZAP,3.3
2021,PT,KZZHA,R,,KZZHA,5.9
2021,PT,KZKAR,R,,KZKAR,6.4
2021,PT,KZKUS,R,,KZKUS,4.7
2021,PT,KZKZY,R,,KZKZY,7.0
2021,PT,KZMAN,R,,KZMAN,6.2
2021,PT,KZPAV,R,,KZPAV,8.5
2021,PT,KZSEV,R,,KZSEV,6.0
2021,PT,KZVOS,R,,KZVOS,6.8
2021,PT,KZYUZ,R,,KZYUZ,6.9
2022,PT,,,,,4.6
2022,PT,KZAKM,,,KZAKM,3.9
2022,PT,KZAKT,,,KZAKT,4.7
2022,PT,KZALM,,,KZALM,6.1
2022,PT,KZATY,,,KZATY,5.4
2022,PT,KZZAP,,,KZZAP,2.1
2022,PT,KZZHA,,,KZZHA,5.5
2022,PT,KZKAR,,,KZKAR,6.5
2022,PT,KZKUS,,,KZKUS,3.2
2022,PT,KZKZY,,,KZKZY,5.5
2022,PT,KZMAN,,,KZMAN,7.3
2022,PT,KZPAV,,,KZPAV,3.4
2022,PT,KZSEV,,,KZSEV,6.6
2022,PT,KZYUZ,,,KZYUZ,6.1
2022,PT,KZVOS,,,KZVOS,4.9
2022,PT,KZNS,,,KZNS,3.0
2022,PT,KZALA,,,KZALA,3.8
2022,PT,KZSHY,,,KZSHY,2.6
2022,PT,,,M,,3.4
2022,PT,KZAKM,,M,KZAKM,1.9
2022,PT,KZAKT,,M,KZAKT,3.0
2022,PT,KZALM,,M,KZALM,5.6
2022,PT,KZATY,,M,KZATY,3.6
2022,PT,KZZAP,,M,KZZAP,1.5
2022,PT,KZZHA,,M,KZZHA,4.3
2022,PT,KZKAR,,M,KZKAR,4.3
2022,PT,KZKUS,,M,KZKUS,2.1
2022,PT,KZKZY,,M,KZKZY,3.8
2022,PT,KZMAN,,M,KZMAN,2.8
2022,PT,KZPAV,,M,KZPAV,2.9
2022,PT,KZSEV,,M,KZSEV,3.6
2022,PT,KZYUZ,,M,KZYUZ,5.2
2022,PT,KZVOS,,M,KZVOS,3.5
2022,PT,KZNS,,M,KZNS,3.1
2022,PT,KZALA,,M,KZALA,2.5
2022,PT,KZSHY,,M,KZSHY,2.2
2022,PT,,,F,,5.8
2022,PT,KZAKM,,F,KZAKM,5.9
2022,PT,KZAKT,,F,KZAKT,6.5
2022,PT,KZALM,,F,KZALM,6.6
2022,PT,KZATY,,F,KZATY,7.3
2022,PT,KZZAP,,F,KZZAP,2.6
2022,PT,KZZHA,,F,KZZHA,6.9
2022,PT,KZKAR,,F,KZKAR,8.8
2022,PT,KZKUS,,F,KZKUS,4.4
2022,PT,KZKZY,,F,KZKZY,7.3
2022,PT,KZMAN,,F,KZMAN,11.9
2022,PT,KZPAV,,F,KZPAV,3.9
2022,PT,KZSEV,,F,KZSEV,9.9
2022,PT,KZYUZ,,F,KZYUZ,7.1
2022,PT,KZVOS,,F,KZVOS,6.4
2022,PT,KZNS,,F,KZNS,2.9
2022,PT,KZALA,,F,KZALA,4.8
2022,PT,KZSHY,,F,KZSHY,3.0
2022,PT,,U,,,3.8
2022,PT,KZAKM,U,,KZAKM,2.9
2022,PT,KZAKT,U,,KZAKT,4.5
2022,PT,KZALM,U,,KZALM,5.9
2022,PT,KZATY,U,,KZATY,6.7
2022,PT,KZZAP,U,,KZZAP,1.3
2022,PT,KZZHA,U,,KZZHA,4.2
2022,PT,KZKAR,U,,KZKAR,6.8
2022,PT,KZKUS,U,,KZKUS,2.6
2022,PT,KZKZY,U,,KZKZY,4.1
2022,PT,KZMAN,U,,KZMAN,4.5
2022,PT,KZPAV,U,,KZPAV,2.4
2022,PT,KZSEV,U,,KZSEV,6.1
2022,PT,KZYUZ,U,,KZYUZ,2.9
2022,PT,KZVOS,U,,KZVOS,5.2
2022,PT,KZNS,U,,KZNS,3.0
2022,PT,KZALA,U,,KZALA,3.8
2022,PT,KZSHY,U,,KZSHY,2.6
2022,PT,,R,,,5.9
2022,PT,KZAKM,R,,KZAKM,5.2
2022,PT,KZAKT,R,,KZAKT,5.6
2022,PT,KZALM,R,,KZALM,6.1
2022,PT,KZATY,R,,KZATY,4.2
2022,PT,KZZAP,R,,KZZAP,3.1
2022,PT,KZZHA,R,,KZZHA,6.6
2022,PT,KZKAR,R,,KZKAR,5.1
2022,PT,KZKUS,R,,KZKUS,4.2
2022,PT,KZKZY,R,,KZKZY,6.4
2022,PT,KZMAN,R,,KZMAN,10.8
2022,PT,KZPAV,R,,KZPAV,6.0
2022,PT,KZSEV,R,,KZSEV,7.1
2022,PT,KZVOS,R,,KZVOS,7.1
2022,PT,KZYUZ,R,,KZYUZ,4.3
2023,PT,,,,,6.0
2023,PT,KZAKM,,,KZAKM,5.0
2023,PT,KZAKT,,,KZAKT,8.2
2023,PT,KZALM,,,KZALM,6.3
2023,PT,KZATY,,,KZATY,6.4
2023,PT,KZZAP,,,KZZAP,3.1
2023,PT,KZZHA,,,KZZHA,4.1
2023,PT,KZKAR,,,KZKAR,6.8
2023,PT,KZKUS,,,KZKUS,3.8
2023,PT,KZKZY,,,KZKZY,6.1
2023,PT,KZMAN,,,KZMAN,10.9
2023,PT,KZPAV,,,KZPAV,3.7
2023,PT,KZSEV,,,KZSEV,8.3
2023,PT,KZYUZ,,,KZYUZ,8.9
2023,PT,KZVOS,,,KZVOS,4.6
2023,PT,KZNS,,,KZNS,5.8
2023,PT,KZALA,,,KZALA,5.2
2023,PT,KZSHY,,,KZSHY,6.5
2023,PT,,,M,,3.3
2023,PT,KZAKM,,M,KZAKM,2.6
2023,PT,KZAKT,,M,KZAKT,3.1
2023,PT,KZALM,,M,KZALM,4.8
2023,PT,KZATY,,M,KZATY,3.6
2023,PT,KZZAP,,M,KZZAP,1.6
2023,PT,KZZHA,,M,KZZHA,2.4
2023,PT,KZKAR,,M,KZKAR,2.5
2023,PT,KZKUS,,M,KZKUS,2.0
2023,PT,KZKZY,,M,KZKZY,4.3
2023,PT,KZMAN,,M,KZMAN,3.7
2023,PT,KZPAV,,M,KZPAV,2.0
2023,PT,KZSEV,,M,KZSEV,4.2
2023,PT,KZYUZ,,M,KZYUZ,4.7
2023,PT,KZVOS,,M,KZVOS,2.4
2023,PT,KZNS,,M,KZNS,3.1
2023,PT,KZALA,,M,KZALA,3.0
2023,PT,KZSHY,,M,KZSHY,4.0
2023,PT,,,F,,4.2
2023,PT,KZAKM,,F,KZAKM,4.2
2023,PT,KZAKT,,F,KZAKT,5.0
2023,PT,KZALM,,F,KZALM,7.5
2023,PT,KZATY,,F,KZATY,6.4
2023,PT,KZZAP,,F,KZZAP,2.3
2023,PT,KZZHA,,F,KZZHA,3.4
2023,PT,KZKAR,,F,KZKAR,4.7
2023,PT,KZKUS,,F,KZKUS,2.8
2023,PT,KZKZY,,F,KZKZY,4.3
2023,PT,KZMAN,,F,KZMAN,12.1
2023,PT,KZPAV,,F,KZPAV,2.4
2023,PT,KZSEV,,F,KZSEV,7.2
2023,PT,KZYUZ,,F,KZYUZ,9.7
2023,PT,KZVOS,,F,KZVOS,4.4
2023,PT,KZNS,,F,KZNS,3.0
2023,PT,KZALA,,F,KZALA,2.8
2023,PT,KZSHY,,F,KZSHY,1.7
2023,PT,,U,,,5.8
2023,PT,KZAKM,U,,KZAKM,4.1
2023,PT,KZAKT,U,,KZAKT,17.7
2023,PT,KZALM,U,,KZALM,2.4
2023,PT,KZATY,U,,KZATY,5.5
2023,PT,KZZAP,U,,KZZAP,0.3
2023,PT,KZZHA,U,,KZZHA,4.7
2023,PT,KZKAR,U,,KZKAR,10.1
2023,PT,KZKUS,U,,KZKUS,4.4
2023,PT,KZKZY,U,,KZKZY,6.1
2023,PT,KZMAN,U,,KZMAN,6.9
2023,PT,KZPAV,U,,KZPAV,2.6
2023,PT,KZSEV,U,,KZSEV,15.8
2023,PT,KZYUZ,U,,KZYUZ,23.2
2023,PT,KZVOS,U,,KZVOS,1.5
2023,PT,KZNS,U,,KZNS,4.4
2023,PT,KZALA,U,,KZALA,2.7
2023,PT,KZSHY,U,18.8,KZSHY,
2023,PT,,R,,,13.1
2023,PT,KZAKM,R,,KZAKM,13.4
2023,PT,KZAKT,R,,KZAKT,19.9
2023,PT,KZALM,R,,KZALM,5.7
2023,PT,KZATY,R,,KZATY,12.7
2023,PT,KZZAP,R,,KZZAP,3.5
2023,PT,KZZHA,R,,KZZHA,3.4
2023,PT,KZKAR,R,,KZKAR,38.1
2023,PT,KZKUS,R,,KZKUS,10.1
2023,PT,KZKZY,R,,KZKZY,12.4
2023,PT,KZMAN,R,,KZMAN,20.5
2023,PT,KZPAV,R,,KZPAV,15.4
2023,PT,KZSEV,R,,KZSEV,12.7
2023,PT,KZVOS,R,,KZVOS,18.9
2023,PT,KZYUZ,R,,KZYUZ,9.1
