Year,UNIT_MEASURE,COMPOSITE_BREAKDOWN,Value
2010,M_USD,Данные по Казахстану как получателю,58.1
2010,M_USD,Данные по Казахстану как обязательства,149.9
2011,M_USD,Данные по Казахстану как получателю,21.3
2011,M_USD,Данные по Казахстану как обязательства,189.5
2012,M_USD,Данные по Казахстану как получателю,34.4
2012,M_USD,Данные по Казахстану как обязательства,151.7
2013,M_USD,Данные по Казахстану как получателю,46.0
2013,M_USD,Данные по Казахстану как донору,0.07
2013,M_USD,Данные по Казахстану как обязательства,135.0
2014,M_USD,Данные по Казахстану как получателю,23.5
2014,M_USD,Данные по Казахстану как донору,0.17
2014,M_USD,Данные по Казахстану как обязательства,267.1
2015,M_USD,Данные по Казахстану как получателю,16.4
2015,M_USD,Данные по Казахстану как донору,0.71
2015,M_USD,Данные по Казахстану как обязательства,286.9
2016,M_USD,Данные по Казахстану как получателю,35.2
2016,M_USD,Данные по Казахстану как донору,1.92
2016,M_USD,Данные по Казахстану как обязательства,306.6
2017,M_USD,Данные по Казахстану как получателю,8.1
2017,M_USD,Данные по Казахстану как донору,0.13
2017,M_USD,Данные по Казахстану как обязательства,169.8
2018,M_USD,Данные по Казахстану как получателю,8.4
2018,M_USD,Данные по Казахстану как донору,4.48
