Year,UNIT_MEASURE,SERIES,REF_AREA,GeoCode,Value
2010,M_T,_L_KZ_090102_1L,,,2439.4
2010,M_T,_L_KZ_090102_1Q,,,194.0
2010,M_T,_L_KZ_090102_1G,,,267.9
2010,M_T,_L_KZ_090102_1A,,,1971.8
2010,M_T,_L_KZ_090102_1D,,,0.3
2010,M_T,_L_KZ_090102_1B,,,1.1
2010,M_T,_L_KZ_090102_1I,,,4.7
2010,M_T,,KZAKM,KZAKM,95.8
2010,M_T,,KZAKT,KZAKT,41.0
2010,M_T,,KZALM,KZALM,116.6
2010,M_T,,KZATY,KZATY,118.5
2010,M_T,,KZZAP,KZZAP,30.3
2010,M_T,,KZZHA,KZZHA,56.0
2010,M_T,,KZKAR,KZKAR,444.0
2010,M_T,,KZKUS,KZKUS,221.5
2010,M_T,,KZKZY,KZKZY,66.3
2010,M_T,,KZMAN,KZMAN,141.5
2010,M_T,,KZONT,KZONT,77.5
2010,M_T,,KZPAV,KZPAV,78.5
2010,M_T,,KZSEV,KZSEV,40.1
2010,M_T,,KZVOS,KZVOS,327.3
2010,M_T,,KZNS,KZNS,66.7
2010,M_T,,KZALA,KZALA,142.4
2010,PER_1000000_POP,_L_KZ_090102_1N,,,13186.5
2010,PER_1000000_POP,_L_KZ_090102_1H,,,19.6
2010,PER_1000000_POP,_L_KZ_090102_1A,,,13083.9
2010,PER_1000000_POP,_L_KZ_090102_1B,,,0.1
2010,PER_1000000_POP,_L_KZ_090102_1D,,,3.4
2010,PER_1000000_POP,_L_KZ_090102_1F,,,79.5
2010,PER_1000000_POP,,KZAKM,KZAKM,1057.9
2010,PER_1000000_POP,,KZAKT,KZAKT,163.5
2010,PER_1000000_POP,,KZALM,KZALM,436.6
2010,PER_1000000_POP,,KZATY,KZATY,95.4
2010,PER_1000000_POP,,KZZAP,KZZAP,270.4
2010,PER_1000000_POP,,KZZHA,KZZHA,570.6
2010,PER_1000000_POP,,KZKAR,KZKAR,1440.7
2010,PER_1000000_POP,,KZKUS,KZKUS,1153.4
2010,PER_1000000_POP,,KZKZY,KZKZY,139.7
2010,PER_1000000_POP,,KZMAN,KZMAN,60.2
2010,PER_1000000_POP,,KZONT,KZONT,1337.6
2010,PER_1000000_POP,,KZPAV,KZPAV,798.3
2010,PER_1000000_POP,,KZSEV,KZSEV,365.5
2010,PER_1000000_POP,,KZVOS,KZVOS,1272.7
2010,PER_1000000_POP,,KZNS,KZNS,1408.9
2010,PER_1000000_POP,,KZALA,KZALA,2595.5
2010,M_T,_L_KZ_090102_1J,,,1971.8
2010,M_T,_L_KZ_090102_1J,KZAKM,KZAKM,95.8
2010,M_T,_L_KZ_090102_1J,KZAKT,KZAKT,41.0
2010,M_T,_L_KZ_090102_1J,KZALM,KZALM,116.6
2010,M_T,_L_KZ_090102_1J,KZATY,KZATY,52.1
2010,M_T,_L_KZ_090102_1J,KZZAP,KZZAP,30.0
2010,M_T,_L_KZ_090102_1J,KZZHA,KZZHA,56.0
2010,M_T,_L_KZ_090102_1J,KZKAR,KZKAR,444.0
2010,M_T,_L_KZ_090102_1J,KZKUS,KZKUS,221.5
2010,M_T,_L_KZ_090102_1J,KZKZY,KZKZY,66.3
2010,M_T,_L_KZ_090102_1J,KZMAN,KZMAN,136.9
2010,M_T,_L_KZ_090102_1J,KZONT,KZONT,77.5
2010,M_T,_L_KZ_090102_1J,KZPAV,KZPAV,57.8
2010,M_T,_L_KZ_090102_1J,KZSEV,KZSEV,40.0
2010,M_T,_L_KZ_090102_1J,KZVOS,KZVOS,327.1
2010,M_T,_L_KZ_090102_1J,KZNS,KZNS,66.7
2010,M_T,_L_KZ_090102_1J,KZALA,KZALA,142.4
2010,PER_1000000_POP,_L_KZ_090102_1N,,,13163.4
2010,PER_1000000_POP,_L_KZ_090102_1N,KZAKM,KZAKM,1057.9
2010,PER_1000000_POP,_L_KZ_090102_1N,KZAKT,KZAKT,163.5
2010,PER_1000000_POP,_L_KZ_090102_1N,KZALM,KZALM,436.6
2010,PER_1000000_POP,_L_KZ_090102_1N,KZATY,KZATY,95.4
2010,PER_1000000_POP,_L_KZ_090102_1N,KZZAP,KZZAP,270.4
2010,PER_1000000_POP,_L_KZ_090102_1N,KZZHA,KZZHA,570.6
2010,PER_1000000_POP,_L_KZ_090102_1N,KZKAR,KZKAR,1440.6
2010,PER_1000000_POP,_L_KZ_090102_1N,KZKUS,KZKUS,1153.4
2010,PER_1000000_POP,_L_KZ_090102_1N,KZKZY,KZKZY,139.7
2010,PER_1000000_POP,_L_KZ_090102_1N,KZMAN,KZMAN,60.2
2010,PER_1000000_POP,_L_KZ_090102_1N,KZONT,KZONT,1337.0
2010,PER_1000000_POP,_L_KZ_090102_1N,KZPAV,KZPAV,798.2
2010,PER_1000000_POP,_L_KZ_090102_1N,KZSEV,KZSEV,365.5
2010,PER_1000000_POP,_L_KZ_090102_1N,KZVOS,KZVOS,1272.7
2010,PER_1000000_POP,_L_KZ_090102_1N,KZNS,KZNS,1408.9
2010,PER_1000000_POP,_L_KZ_090102_1N,KZALA,KZALA,2592.9
2010,T,_L_KZ_090102_1K,,,28869.7
2010,T,_L_KZ_090102_1K,KZKAR,KZKAR,9.2
2010,T,_L_KZ_090102_1K,KZONT,KZONT,737.0
2010,T,_L_KZ_090102_1K,KZVOS,KZVOS,32.5
2010,T,_L_KZ_090102_1K,KZALA,KZALA,28091.0
2010,TH_PEOPLE,_L_KZ_090102_1M,,,3379.2
2010,TH_PEOPLE,_L_KZ_090102_1M,KZALM,KZALM,29.3
2010,TH_PEOPLE,_L_KZ_090102_1M,KZATY,KZATY,4.7
2010,TH_PEOPLE,_L_KZ_090102_1M,KZKAR,KZKAR,18.8
2010,TH_PEOPLE,_L_KZ_090102_1M,KZONT,KZONT,668.5
2010,TH_PEOPLE,_L_KZ_090102_1M,KZPAV,KZPAV,4.0
2010,TH_PEOPLE,_L_KZ_090102_1M,KZNS,KZNS,16.1
2010,TH_PEOPLE,_L_KZ_090102_1M,KZALA,KZALA,14.8
2010,TH_PEOPLE,_L_KZ_090102_1M,KZSHY,KZSHY,2623.1
2010,M_T,_L_KZ_090102_1P,,,194.0
2010,M_T,_L_KZ_090102_1P,KZATY,KZATY,66.3
2010,M_T,_L_KZ_090102_1P,KZPAV,KZPAV,20.2
2010,M_T,_L_KZ_090102_1R,,,4.7
2010,M_T,_L_KZ_090102_1R,KZMAN,KZMAN,4.7
2011,M_T,_L_KZ_090102_1L,,,2974.9
2011,M_T,_L_KZ_090102_1Q,,,214.1
2011,M_T,_L_KZ_090102_1G,,,279.7
2011,M_T,_L_KZ_090102_1A,,,2475.5
2011,M_T,_L_KZ_090102_1D,,,0.3
2011,M_T,_L_KZ_090102_1B,,,1.1
2011,M_T,_L_KZ_090102_1I,,,4.6
2011,M_T,,KZAKM,KZAKM,112.4
2011,M_T,,KZAKT,KZAKT,54.5
2011,M_T,,KZALM,KZALM,142.7
2011,M_T,,KZATY,KZATY,139.6
2011,M_T,,KZZAP,KZZAP,34.0
2011,M_T,,KZZHA,KZZHA,70.5
2011,M_T,,KZKAR,KZKAR,551.1
2011,M_T,,KZKUS,KZKUS,268.0
2011,M_T,,KZKZY,KZKZY,95.5
2011,M_T,,KZMAN,KZMAN,186.6
2011,M_T,,KZONT,KZONT,106.5
2011,M_T,,KZPAV,KZPAV,97.0
2011,M_T,,KZSEV,KZSEV,46.1
2011,M_T,,KZVOS,KZVOS,418.2
2011,M_T,,KZNS,KZNS,97.2
2011,M_T,,KZALA,KZALA,155.6
2011,PER_1000000_POP,_L_KZ_090102_1N,,,16647.2
2011,PER_1000000_POP,_L_KZ_090102_1H,,,20.5
2011,PER_1000000_POP,_L_KZ_090102_1A,,,16544.7
2011,PER_1000000_POP,_L_KZ_090102_1B,,,0.1
2011,PER_1000000_POP,_L_KZ_090102_1D,,,4.1
2011,PER_1000000_POP,_L_KZ_090102_1F,,,77.0
2011,PER_1000000_POP,,KZAKM,KZAKM,1385.8
2011,PER_1000000_POP,,KZAKT,KZAKT,199.3
2011,PER_1000000_POP,,KZALM,KZALM,550.9
2011,PER_1000000_POP,,KZATY,KZATY,126.9
2011,PER_1000000_POP,,KZZAP,KZZAP,364.8
2011,PER_1000000_POP,,KZZHA,KZZHA,745.8
2011,PER_1000000_POP,,KZKAR,KZKAR,1993.3
2011,PER_1000000_POP,,KZKUS,KZKUS,1436.5
2011,PER_1000000_POP,,KZKZY,KZKZY,193.2
2011,PER_1000000_POP,,KZMAN,KZMAN,73.8
2011,PER_1000000_POP,,KZONT,KZONT,1800.5
2011,PER_1000000_POP,,KZPAV,KZPAV,1044.1
2011,PER_1000000_POP,,KZSEV,KZSEV,453.9
2011,PER_1000000_POP,,KZVOS,KZVOS,1419.3
2011,PER_1000000_POP,,KZNS,KZNS,1647.9
2011,PER_1000000_POP,,KZALA,KZALA,3190.6
2011,M_T,_L_KZ_090102_1J,,,2475.5
2011,M_T,_L_KZ_090102_1J,KZAKM,KZAKM,112.4
2011,M_T,_L_KZ_090102_1J,KZAKT,KZAKT,54.5
2011,M_T,_L_KZ_090102_1J,KZALM,KZALM,142.7
2011,M_T,_L_KZ_090102_1J,KZATY,KZATY,71.5
2011,M_T,_L_KZ_090102_1J,KZZAP,KZZAP,33.8
2011,M_T,_L_KZ_090102_1J,KZZHA,KZZHA,70.5
2011,M_T,_L_KZ_090102_1J,KZKAR,KZKAR,551.1
2011,M_T,_L_KZ_090102_1J,KZKUS,KZKUS,268.0
2011,M_T,_L_KZ_090102_1J,KZKZY,KZKZY,95.5
2011,M_T,_L_KZ_090102_1J,KZMAN,KZMAN,182.0
2011,M_T,_L_KZ_090102_1J,KZONT,KZONT,106.5
2011,M_T,_L_KZ_090102_1J,KZPAV,KZPAV,70.2
2011,M_T,_L_KZ_090102_1J,KZSEV,KZSEV,46.0
2011,M_T,_L_KZ_090102_1J,KZVOS,KZVOS,417.9
2011,M_T,_L_KZ_090102_1J,KZNS,KZNS,97.2
2011,M_T,_L_KZ_090102_1J,KZALA,KZALA,155.6
2011,PER_1000000_POP,_L_KZ_090102_1N,,,16622.4
2011,PER_1000000_POP,_L_KZ_090102_1N,KZAKM,KZAKM,1385.8
2011,PER_1000000_POP,_L_KZ_090102_1N,KZAKT,KZAKT,199.3
2011,PER_1000000_POP,_L_KZ_090102_1N,KZALM,KZALM,550.8
2011,PER_1000000_POP,_L_KZ_090102_1N,KZATY,KZATY,126.9
2011,PER_1000000_POP,_L_KZ_090102_1N,KZZAP,KZZAP,364.7
2011,PER_1000000_POP,_L_KZ_090102_1N,KZZHA,KZZHA,745.8
2011,PER_1000000_POP,_L_KZ_090102_1N,KZKAR,KZKAR,1993.3
2011,PER_1000000_POP,_L_KZ_090102_1N,KZKUS,KZKUS,1436.5
2011,PER_1000000_POP,_L_KZ_090102_1N,KZKZY,KZKZY,193.2
2011,PER_1000000_POP,_L_KZ_090102_1N,KZMAN,KZMAN,73.8
2011,PER_1000000_POP,_L_KZ_090102_1N,KZONT,KZONT,1799.6
2011,PER_1000000_POP,_L_KZ_090102_1N,KZPAV,KZPAV,1044.1
2011,PER_1000000_POP,_L_KZ_090102_1N,KZSEV,KZSEV,453.9
2011,PER_1000000_POP,_L_KZ_090102_1N,KZVOS,KZVOS,1419.3
2011,PER_1000000_POP,_L_KZ_090102_1N,KZNS,KZNS,1647.9
2011,PER_1000000_POP,_L_KZ_090102_1N,KZALA,KZALA,3187.5
2011,T,_L_KZ_090102_1K,,,31554.9
2011,T,_L_KZ_090102_1K,KZKAR,KZKAR,6.6
2011,T,_L_KZ_090102_1K,KZONT,KZONT,583.0
2011,T,_L_KZ_090102_1K,KZVOS,KZVOS,44.0
2011,T,_L_KZ_090102_1K,KZALA,KZALA,30921.3
2011,TH_PEOPLE,_L_KZ_090102_1M,,,4131.3
2011,TH_PEOPLE,_L_KZ_090102_1M,KZALM,KZALM,27.8
2011,TH_PEOPLE,_L_KZ_090102_1M,KZATY,KZATY,0.8
2011,TH_PEOPLE,_L_KZ_090102_1M,KZKAR,KZKAR,12.2
2011,TH_PEOPLE,_L_KZ_090102_1M,KZMAN,KZMAN,23.8
2011,TH_PEOPLE,_L_KZ_090102_1M,KZONT,KZONT,900.2
2011,TH_PEOPLE,_L_KZ_090102_1M,KZPAV,KZPAV,0.8
2011,TH_PEOPLE,_L_KZ_090102_1M,KZNS,KZNS,17.2
2011,TH_PEOPLE,_L_KZ_090102_1M,KZALA,KZALA,24.2
2011,TH_PEOPLE,_L_KZ_090102_1M,KZSHY,KZSHY,3124.3
2011,M_T,_L_KZ_090102_1P,,,214.1
2011,M_T,_L_KZ_090102_1P,KZATY,KZATY,68.1
2011,M_T,_L_KZ_090102_1P,KZPAV,KZPAV,26.3
2011,M_T,_L_KZ_090102_1R,,,4.6
2011,M_T,_L_KZ_090102_1R,KZMAN,KZMAN,4.6
2012,M_T,_L_KZ_090102_1L,,,3231.8
2012,M_T,_L_KZ_090102_1Q,,,213.2
2012,M_T,_L_KZ_090102_1G,,,294.8
2012,M_T,_L_KZ_090102_1A,,,2718.4
2012,M_T,_L_KZ_090102_1D,,,0.2
2012,M_T,_L_KZ_090102_1B,,,1.3
2012,M_T,_L_KZ_090102_1I,,,4.0
2012,M_T,,KZAKM,KZAKM,112.6
2012,M_T,,KZAKT,KZAKT,58.1
2012,M_T,,KZALM,KZALM,158.1
2012,M_T,,KZATY,KZATY,140.6
2012,M_T,,KZZAP,KZZAP,35.8
2012,M_T,,KZZHA,KZZHA,80.4
2012,M_T,,KZKAR,KZKAR,619.7
2012,M_T,,KZKUS,KZKUS,275.6
2012,M_T,,KZKZY,KZKZY,98.4
2012,M_T,,KZMAN,KZMAN,207.7
2012,M_T,,KZONT,KZONT,123.8
2012,M_T,,KZPAV,KZPAV,103.0
2012,M_T,,KZSEV,KZSEV,46.2
2012,M_T,,KZVOS,KZVOS,476.9
2012,M_T,,KZNS,KZNS,112.6
2012,M_T,,KZALA,KZALA,168.3
2012,PER_1000000_POP,_L_KZ_090102_1N,,,18484.6
2012,PER_1000000_POP,_L_KZ_090102_1H,,,24.4
2012,PER_1000000_POP,_L_KZ_090102_1A,,,18380.2
2012,PER_1000000_POP,_L_KZ_090102_1B,,,0.1
2012,PER_1000000_POP,_L_KZ_090102_1D,,,4.5
2012,PER_1000000_POP,_L_KZ_090102_1F,,,69.6
2012,PER_1000000_POP,,KZAKM,KZAKM,1482.1
2012,PER_1000000_POP,,KZAKT,KZAKT,220.1
2012,PER_1000000_POP,,KZALM,KZALM,597.2
2012,PER_1000000_POP,,KZATY,KZATY,155.4
2012,PER_1000000_POP,,KZZAP,KZZAP,402.3
2012,PER_1000000_POP,,KZZHA,KZZHA,802.8
2012,PER_1000000_POP,,KZKAR,KZKAR,2111.4
2012,PER_1000000_POP,,KZKUS,KZKUS,1575.5
2012,PER_1000000_POP,,KZKZY,KZKZY,232.4
2012,PER_1000000_POP,,KZMAN,KZMAN,81.5
2012,PER_1000000_POP,,KZONT,KZONT,2149.9
2012,PER_1000000_POP,,KZPAV,KZPAV,1166.3
2012,PER_1000000_POP,,KZSEV,KZSEV,470.7
2012,PER_1000000_POP,,KZVOS,KZVOS,1459.9
2012,PER_1000000_POP,,KZNS,KZNS,1750.1
2012,PER_1000000_POP,,KZALA,KZALA,3802.8
2012,M_T,_L_KZ_090102_1J,,,2718.4
2012,M_T,_L_KZ_090102_1J,KZAKM,KZAKM,112.6
2012,M_T,_L_KZ_090102_1J,KZAKT,KZAKT,58.1
2012,M_T,_L_KZ_090102_1J,KZALM,KZALM,158.1
2012,M_T,_L_KZ_090102_1J,KZATY,KZATY,72.4
2012,M_T,_L_KZ_090102_1J,KZZAP,KZZAP,35.7
2012,M_T,_L_KZ_090102_1J,KZZHA,KZZHA,80.4
2012,M_T,_L_KZ_090102_1J,KZKAR,KZKAR,619.7
2012,M_T,_L_KZ_090102_1J,KZKUS,KZKUS,275.6
2012,M_T,_L_KZ_090102_1J,KZKZY,KZKZY,98.4
2012,M_T,_L_KZ_090102_1J,KZMAN,KZMAN,203.7
2012,M_T,_L_KZ_090102_1J,KZONT,KZONT,123.8
2012,M_T,_L_KZ_090102_1J,KZPAV,KZPAV,76.6
2012,M_T,_L_KZ_090102_1J,KZSEV,KZSEV,46.1
2012,M_T,_L_KZ_090102_1J,KZVOS,KZVOS,476.6
2012,M_T,_L_KZ_090102_1J,KZNS,KZNS,112.6
2012,M_T,_L_KZ_090102_1J,KZALA,KZALA,168.3
2012,PER_1000000_POP,_L_KZ_090102_1N,,,18455.7
2012,PER_1000000_POP,_L_KZ_090102_1N,KZAKM,KZAKM,1482.1
2012,PER_1000000_POP,_L_KZ_090102_1N,KZAKT,KZAKT,220.1
2012,PER_1000000_POP,_L_KZ_090102_1N,KZALM,KZALM,597.2
2012,PER_1000000_POP,_L_KZ_090102_1N,KZATY,KZATY,155.4
2012,PER_1000000_POP,_L_KZ_090102_1N,KZZAP,KZZAP,402.2
2012,PER_1000000_POP,_L_KZ_090102_1N,KZZHA,KZZHA,802.8
2012,PER_1000000_POP,_L_KZ_090102_1N,KZKAR,KZKAR,2111.4
2012,PER_1000000_POP,_L_KZ_090102_1N,KZKUS,KZKUS,1575.5
2012,PER_1000000_POP,_L_KZ_090102_1N,KZKZY,KZKZY,2323.7
2012,PER_1000000_POP,_L_KZ_090102_1N,KZMAN,KZMAN,81.5
2012,PER_1000000_POP,_L_KZ_090102_1N,KZONT,KZONT,2148.8
2012,PER_1000000_POP,_L_KZ_090102_1N,KZPAV,KZPAV,1166.3
2012,PER_1000000_POP,_L_KZ_090102_1N,KZSEV,KZSEV,4706.9
2012,PER_1000000_POP,_L_KZ_090102_1N,KZVOS,KZVOS,1459.9
2012,PER_1000000_POP,_L_KZ_090102_1N,KZNS,KZNS,1750.0
2012,PER_1000000_POP,_L_KZ_090102_1N,KZALA,KZALA,3799.5
2012,T,_L_KZ_090102_1K,,,21954.2
2012,T,_L_KZ_090102_1K,KZZAP,KZZAP,183.0
2012,T,_L_KZ_090102_1K,KZONT,KZONT,768.0
2012,T,_L_KZ_090102_1K,KZVOS,KZVOS,5.8
2012,T,_L_KZ_090102_1K,KZALA,KZALA,20997.4
2012,TH_PEOPLE,_L_KZ_090102_1M,,,4512.0
2012,TH_PEOPLE,_L_KZ_090102_1M,KZALM,KZALM,30.0
2012,TH_PEOPLE,_L_KZ_090102_1M,KZATY,KZATY,0.4
2012,TH_PEOPLE,_L_KZ_090102_1M,KZKAR,KZKAR,59.7
2012,TH_PEOPLE,_L_KZ_090102_1M,KZZAP,KZZAP,7.2
2012,TH_PEOPLE,_L_KZ_090102_1M,KZONT,KZONT,1095.8
2012,TH_PEOPLE,_L_KZ_090102_1M,KZNS,KZNS,5.1
2012,TH_PEOPLE,_L_KZ_090102_1M,KZALA,KZALA,5.5
2012,TH_PEOPLE,_L_KZ_090102_1M,KZSHY,KZSHY,3308.3
2012,M_T,_L_KZ_090102_1P,,,213.2
2012,M_T,_L_KZ_090102_1P,KZATY,KZATY,68.2
2012,M_T,_L_KZ_090102_1P,KZPAV,KZPAV,25.7
2012,M_T,_L_KZ_090102_1R,,,4.0
2012,M_T,_L_KZ_090102_1R,KZMAN,KZMAN,4.0
2013,M_T,_L_KZ_090102_1L,,,3508.0
2013,M_T,_L_KZ_090102_1Q,,,225.9
2013,M_T,_L_KZ_090102_1G,,,293.7
2013,M_T,_L_KZ_090102_1A,,,2983.4
2013,M_T,_L_KZ_090102_1D,,,0.2
2013,M_T,_L_KZ_090102_1B,,,1.1
2013,M_T,_L_KZ_090102_1I,,,4.0
2013,M_T,,KZAKM,KZAKM,121.5
2013,M_T,,KZAKT,KZAKT,62.2
2013,M_T,,KZALM,KZALM,159.0
2013,M_T,,KZATY,KZATY,151.3
2013,M_T,,KZZAP,KZZAP,38.9
2013,M_T,,KZZHA,KZZHA,88.4
2013,M_T,,KZKAR,KZKAR,676.7
2013,M_T,,KZKUS,KZKUS,299.7
2013,M_T,,KZKZY,KZKZY,106.1
2013,M_T,,KZMAN,KZMAN,215.1
2013,M_T,,KZONT,KZONT,133.0
2013,M_T,,KZPAV,KZPAV,116.5
2013,M_T,,KZSEV,KZSEV,49.3
2013,M_T,,KZVOS,KZVOS,553.7
2013,M_T,,KZNS,KZNS,124.1
2013,M_T,,KZALA,KZALA,194.4
2013,PER_1000000_POP,_L_KZ_090102_1N,,,20004.3
2013,PER_1000000_POP,_L_KZ_090102_1H,,,28.6
2013,PER_1000000_POP,_L_KZ_090102_1A,,,19905.3
2013,PER_1000000_POP,_L_KZ_090102_1B,,,0.1
2013,PER_1000000_POP,_L_KZ_090102_1D,,,5.0
2013,PER_1000000_POP,_L_KZ_090102_1F,,,65.3
2013,PER_1000000_POP,,KZAKM,KZAKM,1604.5
2013,PER_1000000_POP,,KZAKT,KZAKT,238.4
2013,PER_1000000_POP,,KZALM,KZALM,629.0
2013,PER_1000000_POP,,KZATY,KZATY,167.9
2013,PER_1000000_POP,,KZZAP,KZZAP,425.8
2013,PER_1000000_POP,,KZZHA,KZZHA,864.6
2013,PER_1000000_POP,,KZKAR,KZKAR,2299.9
2013,PER_1000000_POP,,KZKUS,KZKUS,1657.4
2013,PER_1000000_POP,,KZKZY,KZKZY,251.3
2013,PER_1000000_POP,,KZMAN,KZMAN,85.5
2013,PER_1000000_POP,,KZONT,KZONT,2257.6
2013,PER_1000000_POP,,KZPAV,KZPAV,1194.6
2013,PER_1000000_POP,,KZSEV,KZSEV,492.8
2013,PER_1000000_POP,,KZVOS,KZVOS,1606.7
2013,PER_1000000_POP,,KZNS,KZNS,1961.0
2013,PER_1000000_POP,,KZALA,KZALA,4238.8
2013,M_T,_L_KZ_090102_1J,,,2983.4
2013,M_T,_L_KZ_090102_1J,KZAKM,KZAKM,121.5
2013,M_T,_L_KZ_090102_1J,KZAKT,KZAKT,62.2
2013,M_T,_L_KZ_090102_1J,KZALM,KZALM,159.0
2013,M_T,_L_KZ_090102_1J,KZATY,KZATY,82.6
2013,M_T,_L_KZ_090102_1J,KZZAP,KZZAP,38.9
2013,M_T,_L_KZ_090102_1J,KZZHA,KZZHA,88.4
2013,M_T,_L_KZ_090102_1J,KZKAR,KZKAR,676.7
2013,M_T,_L_KZ_090102_1J,KZKUS,KZKUS,299.7
2013,M_T,_L_KZ_090102_1J,KZKZY,KZKZY,106.1
2013,M_T,_L_KZ_090102_1J,KZMAN,KZMAN,211.1
2013,M_T,_L_KZ_090102_1J,KZONT,KZONT,133.0
2013,M_T,_L_KZ_090102_1J,KZPAV,KZPAV,83.3
2013,M_T,_L_KZ_090102_1J,KZSEV,KZSEV,49.3
2013,M_T,_L_KZ_090102_1J,KZVOS,KZVOS,553.3
2013,M_T,_L_KZ_090102_1J,KZNS,KZNS,124.1
2013,M_T,_L_KZ_090102_1J,KZALA,KZALA,194.4
2013,PER_1000000_POP,_L_KZ_090102_1N,,,19970.6
2013,PER_1000000_POP,_L_KZ_090102_1N,KZAKM,KZAKM,1604.5
2013,PER_1000000_POP,_L_KZ_090102_1N,KZAKT,KZAKT,238.4
2013,PER_1000000_POP,_L_KZ_090102_1N,KZALM,KZALM,628.9
2013,PER_1000000_POP,_L_KZ_090102_1N,KZATY,KZATY,167.9
2013,PER_1000000_POP,_L_KZ_090102_1N,KZZAP,KZZAP,425.6
2013,PER_1000000_POP,_L_KZ_090102_1N,KZZHA,KZZHA,864.6
2013,PER_1000000_POP,_L_KZ_090102_1N,KZKAR,KZKAR,2299.9
2013,PER_1000000_POP,_L_KZ_090102_1N,KZKUS,KZKUS,1657.4
2013,PER_1000000_POP,_L_KZ_090102_1N,KZKZY,KZKZY,251.3
2013,PER_1000000_POP,_L_KZ_090102_1N,KZMAN,KZMAN,85.5
2013,PER_1000000_POP,_L_KZ_090102_1N,KZONT,KZONT,2256.5
2013,PER_1000000_POP,_L_KZ_090102_1N,KZPAV,KZPAV,1194.6
2013,PER_1000000_POP,_L_KZ_090102_1N,KZSEV,KZSEV,492.8
2013,PER_1000000_POP,_L_KZ_090102_1N,KZVOS,KZVOS,1606.7
2013,PER_1000000_POP,_L_KZ_090102_1N,KZNS,KZNS,1961.0
2013,PER_1000000_POP,_L_KZ_090102_1N,KZALA,KZALA,4235.1
2013,T,_L_KZ_090102_1K,,,23873.5
2013,T,_L_KZ_090102_1K,KZZAP,KZZAP,227.2
2013,T,_L_KZ_090102_1K,KZVOS,KZVOS,1062.0
2013,T,_L_KZ_090102_1K,KZALA,KZALA,22584.3
2013,TH_PEOPLE,_L_KZ_090102_1M,,,4985.6
2013,TH_PEOPLE,_L_KZ_090102_1M,KZALM,KZALM,25.5
2013,TH_PEOPLE,_L_KZ_090102_1M,KZKAR,KZKAR,10.0
2013,TH_PEOPLE,_L_KZ_090102_1M,KZZAP,KZZAP,140.1
2013,TH_PEOPLE,_L_KZ_090102_1M,KZONT,KZONT,1109.6
2013,TH_PEOPLE,_L_KZ_090102_1M,KZALA,KZALA,1.3
2013,TH_PEOPLE,_L_KZ_090102_1M,KZSHY,KZSHY,3699.1
2013,M_T,_L_KZ_090102_1P,,,225.9
2013,M_T,_L_KZ_090102_1P,KZATY,KZATY,68.7
2013,M_T,_L_KZ_090102_1P,KZPAV,KZPAV,32.5
2013,M_T,_L_KZ_090102_1R,,,4.0
2013,M_T,_L_KZ_090102_1R,KZMAN,KZMAN,4.0
2014,M_T,_L_KZ_090102_1L,,,3749.8
2014,M_T,_L_KZ_090102_1Q,,,225.0
2014,M_T,_L_KZ_090102_1G,,,390.7
2014,M_T,_L_KZ_090102_1A,,,3129.1
2014,M_T,_L_KZ_090102_1D,,,0.2
2014,M_T,_L_KZ_090102_1B,,,1.3
2014,M_T,_L_KZ_090102_1I,,,3.6
2014,M_T,,KZAKM,KZAKM,121.3
2014,M_T,,KZAKT,KZAKT,63.6
2014,M_T,,KZALM,KZALM,159.9
2014,M_T,,KZATY,KZATY,151.2
2014,M_T,,KZZAP,KZZAP,40.0
2014,M_T,,KZZHA,KZZHA,88.9
2014,M_T,,KZKAR,KZKAR,719.2
2014,M_T,,KZKUS,KZKUS,297.3
2014,M_T,,KZKZY,KZKZY,107.2
2014,M_T,,KZMAN,KZMAN,217.6
2014,M_T,,KZONT,KZONT,145.4
2014,M_T,,KZPAV,KZPAV,128.1
2014,M_T,,KZSEV,KZSEV,49.9
2014,M_T,,KZVOS,KZVOS,595.5
2014,M_T,,KZNS,KZNS,136.7
2014,M_T,,KZALA,KZALA,216.8
2014,PER_1000000_POP,_L_KZ_090102_1N,,,21281.2
2014,PER_1000000_POP,_L_KZ_090102_1H,,,23.2
2014,PER_1000000_POP,_L_KZ_090102_1A,,,21189.9
2014,PER_1000000_POP,_L_KZ_090102_1B,,,0.1
2014,PER_1000000_POP,_L_KZ_090102_1D,,,5.4
2014,PER_1000000_POP,_L_KZ_090102_1F,,,62.5
2014,PER_1000000_POP,,KZAKM,KZAKM,1723.9
2014,PER_1000000_POP,,KZAKT,KZAKT,251.0
2014,PER_1000000_POP,,KZALM,KZALM,654.3
2014,PER_1000000_POP,,KZATY,KZATY,172.1
2014,PER_1000000_POP,,KZZAP,KZZAP,428.3
2014,PER_1000000_POP,,KZZHA,KZZHA,882.5
2014,PER_1000000_POP,,KZKAR,KZKAR,2428.7
2014,PER_1000000_POP,,KZKUS,KZKUS,1752.0
2014,PER_1000000_POP,,KZKZY,KZKZY,282.1
2014,PER_1000000_POP,,KZMAN,KZMAN,85.5
2014,PER_1000000_POP,,KZONT,KZONT,2262.5
2014,PER_1000000_POP,,KZPAV,KZPAV,1195.6
2014,PER_1000000_POP,,KZSEV,KZSEV,496.1
2014,PER_1000000_POP,,KZVOS,KZVOS,1654.2
2014,PER_1000000_POP,,KZNS,KZNS,2180.3
2014,PER_1000000_POP,,KZALA,KZALA,4808.6
2014,M_T,_L_KZ_090102_1J,,,3129.1
2014,M_T,_L_KZ_090102_1J,KZAKM,KZAKM,121.3
2014,M_T,_L_KZ_090102_1J,KZAKT,KZAKT,63.6
2014,M_T,_L_KZ_090102_1J,KZALM,KZALM,159.9
2014,M_T,_L_KZ_090102_1J,KZATY,KZATY,82.1
2014,M_T,_L_KZ_090102_1J,KZZAP,KZZAP,39.9
2014,M_T,_L_KZ_090102_1J,KZZHA,KZZHA,88.9
2014,M_T,_L_KZ_090102_1J,KZKAR,KZKAR,719.2
2014,M_T,_L_KZ_090102_1J,KZKUS,KZKUS,297.3
2014,M_T,_L_KZ_090102_1J,KZKZY,KZKZY,107.2
2014,M_T,_L_KZ_090102_1J,KZMAN,KZMAN,214.0
2014,M_T,_L_KZ_090102_1J,KZONT,KZONT,145.4
2014,M_T,_L_KZ_090102_1J,KZPAV,KZPAV,91.8
2014,M_T,_L_KZ_090102_1J,KZSEV,KZSEV,49.9
2014,M_T,_L_KZ_090102_1J,KZVOS,KZVOS,595.1
2014,M_T,_L_KZ_090102_1J,KZNS,KZNS,136.7
2014,M_T,_L_KZ_090102_1J,KZALA,KZALA,216.8
2014,PER_1000000_POP,_L_KZ_090102_1N,,,21252.4
2014,PER_1000000_POP,_L_KZ_090102_1N,KZAKM,KZAKM,1723.9
2014,PER_1000000_POP,_L_KZ_090102_1N,KZAKT,KZAKT,251.0
2014,PER_1000000_POP,_L_KZ_090102_1N,KZALM,KZALM,654.3
2014,PER_1000000_POP,_L_KZ_090102_1N,KZATY,KZATY,172.1
2014,PER_1000000_POP,_L_KZ_090102_1N,KZZAP,KZZAP,427.9
2014,PER_1000000_POP,_L_KZ_090102_1N,KZZHA,KZZHA,882.5
2014,PER_1000000_POP,_L_KZ_090102_1N,KZKAR,KZKAR,2428.7
2014,PER_1000000_POP,_L_KZ_090102_1N,KZKUS,KZKUS,1752.0
2014,PER_1000000_POP,_L_KZ_090102_1N,KZKZY,KZKZY,282.1
2014,PER_1000000_POP,_L_KZ_090102_1N,KZMAN,KZMAN,85.5
2014,PER_1000000_POP,_L_KZ_090102_1N,KZONT,KZONT,2261.3
2014,PER_1000000_POP,_L_KZ_090102_1N,KZPAV,KZPAV,1195.6
2014,PER_1000000_POP,_L_KZ_090102_1N,KZSEV,KZSEV,496.1
2014,PER_1000000_POP,_L_KZ_090102_1N,KZVOS,KZVOS,1654.2
2014,PER_1000000_POP,_L_KZ_090102_1N,KZNS,KZNS,2180.3
2014,PER_1000000_POP,_L_KZ_090102_1N,KZALA,KZALA,4804.8
2014,T,_L_KZ_090102_1K,,,19082.4
2014,T,_L_KZ_090102_1K,KZZAP,KZZAP,239.4
2014,T,_L_KZ_090102_1K,KZVOS,KZVOS,978.0
2014,T,_L_KZ_090102_1K,KZALA,KZALA,17865.0
2014,TH_PEOPLE,_L_KZ_090102_1M,,,5434.6
2014,TH_PEOPLE,_L_KZ_090102_1M,KZALM,KZALM,28.5
2014,TH_PEOPLE,_L_KZ_090102_1M,KZKAR,KZKAR,8.5
2014,TH_PEOPLE,_L_KZ_090102_1M,KZZAP,KZZAP,354.7
2014,TH_PEOPLE,_L_KZ_090102_1M,KZONT,KZONT,1254.7
2014,TH_PEOPLE,_L_KZ_090102_1M,KZALA,KZALA,1.4
2014,TH_PEOPLE,_L_KZ_090102_1M,KZSHY,KZSHY,3786.8
2014,M_T,_L_KZ_090102_1P,,,225.0
2014,M_T,_L_KZ_090102_1P,KZATY,KZATY,69.0
2014,M_T,_L_KZ_090102_1P,KZPAV,KZPAV,35.4
2014,M_T,_L_KZ_090102_1R,,,3.6
2014,M_T,_L_KZ_090102_1R,KZMAN,KZMAN,3.6
2015,M_T,_L_KZ_090102_1L,,,3733.8
2015,M_T,_L_KZ_090102_1Q,,,214.6
2015,M_T,_L_KZ_090102_1G,,,341.4
2015,M_T,_L_KZ_090102_1A,,,3174.0
2015,M_T,_L_KZ_090102_1D,,,0.2
2015,M_T,_L_KZ_090102_1B,,,1.2
2015,M_T,_L_KZ_090102_1I,,,2.5
2015,M_T,,KZAKM,KZAKM,120.3
2015,M_T,,KZAKT,KZAKT,70.1
2015,M_T,,KZALM,KZALM,167.2
2015,M_T,,KZATY,KZATY,144.4
2015,M_T,,KZZAP,KZZAP,39.5
2015,M_T,,KZZHA,KZZHA,91.3
2015,M_T,,KZKAR,KZKAR,709.9
2015,M_T,,KZKUS,KZKUS,294.9
2015,M_T,,KZKZY,KZKZY,108.7
2015,M_T,,KZMAN,KZMAN,227.8
2015,M_T,,KZONT,KZONT,155.0
2015,M_T,,KZPAV,KZPAV,127.9
2015,M_T,,KZSEV,KZSEV,49.7
2015,M_T,,KZVOS,KZVOS,598.8
2015,M_T,,KZNS,KZNS,142.5
2015,M_T,,KZALA,KZALA,232.1
2015,PER_1000000_POP,_L_KZ_090102_1N,,,21839.1
2015,PER_1000000_POP,_L_KZ_090102_1H,,,22.5
2015,PER_1000000_POP,_L_KZ_090102_1A,,,21744.7
2015,PER_1000000_POP,_L_KZ_090102_1B,,,0.0
2015,PER_1000000_POP,_L_KZ_090102_1D,,,5.9
2015,PER_1000000_POP,_L_KZ_090102_1F,,,65.9
2015,PER_1000000_POP,,KZAKM,KZAKM,1729.5
2015,PER_1000000_POP,,KZAKT,KZAKT,264.7
2015,PER_1000000_POP,,KZALM,KZALM,706.7
2015,PER_1000000_POP,,KZATY,KZATY,172.0
2015,PER_1000000_POP,,KZZAP,KZZAP,436.3
2015,PER_1000000_POP,,KZZHA,KZZHA,929.5
2015,PER_1000000_POP,,KZKAR,KZKAR,2421.2
2015,PER_1000000_POP,,KZKUS,KZKUS,1745.2
2015,PER_1000000_POP,,KZKZY,KZKZY,298.1
2015,PER_1000000_POP,,KZMAN,KZMAN,85.3
2015,PER_1000000_POP,,KZONT,KZONT,2347.4
2015,PER_1000000_POP,,KZPAV,KZPAV,1240.8
2015,PER_1000000_POP,,KZSEV,KZSEV,495.2
2015,PER_1000000_POP,,KZVOS,KZVOS,1681.0
2015,PER_1000000_POP,,KZNS,KZNS,2279.0
2015,PER_1000000_POP,,KZALA,KZALA,4984.8
2015,M_T,_L_KZ_090102_1J,,,3174.0
2015,M_T,_L_KZ_090102_1J,KZAKM,KZAKM,120.3
2015,M_T,_L_KZ_090102_1J,KZAKT,KZAKT,70.1
2015,M_T,_L_KZ_090102_1J,KZALM,KZALM,167.2
2015,M_T,_L_KZ_090102_1J,KZATY,KZATY,75.7
2015,M_T,_L_KZ_090102_1J,KZZAP,KZZAP,39.5
2015,M_T,_L_KZ_090102_1J,KZZHA,KZZHA,91.3
2015,M_T,_L_KZ_090102_1J,KZKAR,KZKAR,709.9
2015,M_T,_L_KZ_090102_1J,KZKUS,KZKUS,294.9
2015,M_T,_L_KZ_090102_1J,KZKZY,KZKZY,108.7
2015,M_T,_L_KZ_090102_1J,KZMAN,KZMAN,225.3
2015,M_T,_L_KZ_090102_1J,KZONT,KZONT,155.0
2015,M_T,_L_KZ_090102_1J,KZPAV,KZPAV,93.6
2015,M_T,_L_KZ_090102_1J,KZSEV,KZSEV,49.7
2015,M_T,_L_KZ_090102_1J,KZVOS,KZVOS,598.3
2015,M_T,_L_KZ_090102_1J,KZNS,KZNS,142.5
2015,M_T,_L_KZ_090102_1J,KZALA,KZALA,232.1
2015,PER_1000000_POP,_L_KZ_090102_1N,,,21810.7
2015,PER_1000000_POP,_L_KZ_090102_1N,KZAKM,KZAKM,1729.5
2015,PER_1000000_POP,_L_KZ_090102_1N,KZAKT,KZAKT,264.7
2015,PER_1000000_POP,_L_KZ_090102_1N,KZALM,KZALM,706.7
2015,PER_1000000_POP,_L_KZ_090102_1N,KZATY,KZATY,172.0
2015,PER_1000000_POP,_L_KZ_090102_1N,KZZAP,KZZAP,436.0
2015,PER_1000000_POP,_L_KZ_090102_1N,KZZHA,KZZHA,929.5
2015,PER_1000000_POP,_L_KZ_090102_1N,KZKAR,KZKAR,2421.2
2015,PER_1000000_POP,_L_KZ_090102_1N,KZKUS,KZKUS,1745.2
2015,PER_1000000_POP,_L_KZ_090102_1N,KZKZY,KZKZY,298.1
2015,PER_1000000_POP,_L_KZ_090102_1N,KZMAN,KZMAN,85.3
2015,PER_1000000_POP,_L_KZ_090102_1N,KZONT,KZONT,2346.1
2015,PER_1000000_POP,_L_KZ_090102_1N,KZPAV,KZPAV,1240.8
2015,PER_1000000_POP,_L_KZ_090102_1N,KZSEV,KZSEV,495.2
2015,PER_1000000_POP,_L_KZ_090102_1N,KZVOS,KZVOS,1681.0
2015,PER_1000000_POP,_L_KZ_090102_1N,KZNS,KZNS,2279.0
2015,PER_1000000_POP,_L_KZ_090102_1N,KZALA,KZALA,4980.4
2015,T,_L_KZ_090102_1K,,,17178.2
2015,T,_L_KZ_090102_1K,KZZAP,KZZAP,131.0
2015,T,_L_KZ_090102_1K,KZALA,KZALA,15956.2
2015,TH_PEOPLE,_L_KZ_090102_1M,,,5922.8
2015,TH_PEOPLE,_L_KZ_090102_1M,KZALM,KZALM,25.2
2015,TH_PEOPLE,_L_KZ_090102_1M,KZATY,KZATY,4.3
2015,TH_PEOPLE,_L_KZ_090102_1M,KZZAP,KZZAP,332.4
2015,TH_PEOPLE,_L_KZ_090102_1M,KZONT,KZONT,1224.7
2015,TH_PEOPLE,_L_KZ_090102_1M,KZALA,KZALA,5.2
2015,TH_PEOPLE,_L_KZ_090102_1M,KZSHY,KZSHY,4324.4
2015,M_T,_L_KZ_090102_1P,,,214.6
2015,M_T,_L_KZ_090102_1P,KZATY,KZATY,68.6
2015,M_T,_L_KZ_090102_1R,,,2.5
2015,M_T,_L_KZ_090102_1R,KZMAN,KZMAN,2.5
2016,M_T,_L_KZ_090102_1L,,,3729.2
2016,M_T,_L_KZ_090102_1Q,,,205.8
2016,M_T,_L_KZ_090102_1G,,,338.9
2016,M_T,_L_KZ_090102_1A,,,3180.7
2016,M_T,_L_KZ_090102_1D,,,0.2
2016,M_T,_L_KZ_090102_1B,,,1.2
2016,M_T,_L_KZ_090102_1I,,,2.6
2016,M_T,,KZAKM,KZAKM,113.1
2016,M_T,,KZAKT,KZAKT,76.3
2016,M_T,,KZALM,KZALM,179.0
2016,M_T,,KZATY,KZATY,145.1
2016,M_T,,KZZAP,KZZAP,39.4
2016,M_T,,KZZHA,KZZHA,91.3
2016,M_T,,KZKAR,KZKAR,727.5
2016,M_T,,KZKUS,KZKUS,277.3
2016,M_T,,KZKZY,KZKZY,104.3
2016,M_T,,KZMAN,KZMAN,218.9
2016,M_T,,KZONT,KZONT,158.7
2016,M_T,,KZPAV,KZPAV,131.5
2016,M_T,,KZSEV,KZSEV,48.2
2016,M_T,,KZVOS,KZVOS,582.4
2016,M_T,,KZNS,KZNS,142.6
2016,M_T,,KZALA,KZALA,252.3
2016,PER_1000000_POP,_L_KZ_090102_1N,,,22332.8
2016,PER_1000000_POP,_L_KZ_090102_1H,,,23.1
2016,PER_1000000_POP,_L_KZ_090102_1A,,,22239.4
2016,PER_1000000_POP,_L_KZ_090102_1B,,,0.1
2016,PER_1000000_POP,_L_KZ_090102_1D,,,6.0
2016,PER_1000000_POP,_L_KZ_090102_1F,,,64.2
2016,PER_1000000_POP,,KZAKM,KZAKM,1700.1
2016,PER_1000000_POP,,KZAKT,KZAKT,278.4
2016,PER_1000000_POP,,KZALM,KZALM,808.3
2016,PER_1000000_POP,,KZATY,KZATY,181.0
2016,PER_1000000_POP,,KZZAP,KZZAP,434.3
2016,PER_1000000_POP,,KZZHA,KZZHA,957.3
2016,PER_1000000_POP,,KZKAR,KZKAR,2418.1
2016,PER_1000000_POP,,KZKUS,KZKUS,1751.7
2016,PER_1000000_POP,,KZKZY,KZKZY,335.5
2016,PER_1000000_POP,,KZMAN,KZMAN,84.8
2016,PER_1000000_POP,,KZONT,KZONT,2478.5
2016,PER_1000000_POP,,KZPAV,KZPAV,1244.5
2016,PER_1000000_POP,,KZSEV,KZSEV,506.8
2016,PER_1000000_POP,,KZVOS,KZVOS,1705.2
2016,PER_1000000_POP,,KZNS,KZNS,2441.1
2016,PER_1000000_POP,,KZALA,KZALA,4984.2
2016,M_T,_L_KZ_090102_1J,,,3180.7
2016,M_T,_L_KZ_090102_1J,KZAKM,KZAKM,113.1
2016,M_T,_L_KZ_090102_1J,KZAKT,KZAKT,76.3
2016,M_T,_L_KZ_090102_1J,KZALM,KZALM,179.0
2016,M_T,_L_KZ_090102_1J,KZATY,KZATY,75.0
2016,M_T,_L_KZ_090102_1J,KZZAP,KZZAP,39.4
2016,M_T,_L_KZ_090102_1J,KZZHA,KZZHA,91.3
2016,M_T,_L_KZ_090102_1J,KZKAR,KZKAR,727.5
2016,M_T,_L_KZ_090102_1J,KZKUS,KZKUS,277.3
2016,M_T,_L_KZ_090102_1J,KZKZY,KZKZY,104.3
2016,M_T,_L_KZ_090102_1J,KZMAN,KZMAN,216.4
2016,M_T,_L_KZ_090102_1J,KZONT,KZONT,158.7
2016,M_T,_L_KZ_090102_1J,KZPAV,KZPAV,97.7
2016,M_T,_L_KZ_090102_1J,KZSEV,KZSEV,48.2
2016,M_T,_L_KZ_090102_1J,KZVOS,KZVOS,581.9
2016,M_T,_L_KZ_090102_1J,KZNS,KZNS,142.6
2016,M_T,_L_KZ_090102_1J,KZALA,KZALA,252.2
2016,PER_1000000_POP,_L_KZ_090102_1N,,,22303.6
2016,PER_1000000_POP,_L_KZ_090102_1N,KZAKM,KZAKM,1700.1
2016,PER_1000000_POP,_L_KZ_090102_1N,KZAKT,KZAKT,278.4
2016,PER_1000000_POP,_L_KZ_090102_1N,KZALM,KZALM,808.3
2016,PER_1000000_POP,_L_KZ_090102_1N,KZATY,KZATY,181.0
2016,PER_1000000_POP,_L_KZ_090102_1N,KZZAP,KZZAP,433.6
2016,PER_1000000_POP,_L_KZ_090102_1N,KZZHA,KZZHA,957.3
2016,PER_1000000_POP,_L_KZ_090102_1N,KZKAR,KZKAR,2418.1
2016,PER_1000000_POP,_L_KZ_090102_1N,KZKUS,KZKUS,1751.7
2016,PER_1000000_POP,_L_KZ_090102_1N,KZKZY,KZKZY,335.5
2016,PER_1000000_POP,_L_KZ_090102_1N,KZMAN,KZMAN,84.8
2016,PER_1000000_POP,_L_KZ_090102_1N,KZONT,KZONT,2477.2
2016,PER_1000000_POP,_L_KZ_090102_1N,KZPAV,KZPAV,1244.4
2016,PER_1000000_POP,_L_KZ_090102_1N,KZSEV,KZSEV,506.8
2016,PER_1000000_POP,_L_KZ_090102_1N,KZVOS,KZVOS,1705.1
2016,PER_1000000_POP,_L_KZ_090102_1N,KZNS,KZNS,2441.0
2016,PER_1000000_POP,_L_KZ_090102_1N,KZALA,KZALA,4980.3
2016,T,_L_KZ_090102_1K,,,18015.9
2016,T,_L_KZ_090102_1K,KZALA,KZALA,16810.9
2016,TH_PEOPLE,_L_KZ_090102_1M,,,6021.7
2016,TH_PEOPLE,_L_KZ_090102_1M,KZALM,KZALM,16.2
2016,TH_PEOPLE,_L_KZ_090102_1M,KZATY,KZATY,0.1
2016,TH_PEOPLE,_L_KZ_090102_1M,KZONT,KZONT,1288.9
2016,TH_PEOPLE,_L_KZ_090102_1M,KZALA,KZALA,34.6
2016,TH_PEOPLE,_L_KZ_090102_1M,KZSHY,KZSHY,3945.5
2016,M_T,_L_KZ_090102_1P,,,205.8
2016,M_T,_L_KZ_090102_1P,KZATY,KZATY,70.1
2016,M_T,_L_KZ_090102_1R,,,2.6
2016,M_T,_L_KZ_090102_1R,KZMAN,KZMAN,2.6
2017,M_T,_L_KZ_090102_1L,,,3946.1
2017,M_T,_L_KZ_090102_1Q,,,232.8
2017,M_T,_L_KZ_090102_1G,,,387.2
2017,M_T,_L_KZ_090102_1A,,,3322.3
2017,M_T,_L_KZ_090102_1D,,,0.2
2017,M_T,_L_KZ_090102_1B,,,1.6
2017,M_T,_L_KZ_090102_1I,,,2.1
2017,M_T,,KZAKM,KZAKM,116.1
2017,M_T,,KZAKT,KZAKT,76.8
2017,M_T,,KZALM,KZALM,181.1
2017,M_T,,KZATY,KZATY,154.2
2017,M_T,,KZZAP,KZZAP,39.3
2017,M_T,,KZZHA,KZZHA,100.1
2017,M_T,,KZKAR,KZKAR,795.5
2017,M_T,,KZKUS,KZKUS,291.5
2017,M_T,,KZKZY,KZKZY,104.6
2017,M_T,,KZMAN,KZMAN,238.6
2017,M_T,,KZPAV,KZPAV,133.1
2017,M_T,,KZSEV,KZSEV,51.4
2017,M_T,,KZVOS,KZVOS,600.8
2017,M_T,,KZALA,KZALA,256.0
2017,PER_1000000_POP,_L_KZ_090102_1N,,,22744.7
2017,PER_1000000_POP,_L_KZ_090102_1H,,,22.9
2017,PER_1000000_POP,_L_KZ_090102_1A,,,22643.6
2017,PER_1000000_POP,_L_KZ_090102_1B,,,0.1
2017,PER_1000000_POP,_L_KZ_090102_1D,,,7.4
2017,PER_1000000_POP,_L_KZ_090102_1F,,,70.6
2017,PER_1000000_POP,,KZAKM,KZAKM,1643.9
2017,PER_1000000_POP,,KZAKT,KZAKT,294.7
2017,PER_1000000_POP,,KZALM,KZALM,873.0
2017,PER_1000000_POP,,KZZAP,KZZAP,451.5
2017,PER_1000000_POP,,KZZHA,KZZHA,957.3
2017,PER_1000000_POP,,KZKUS,KZKUS,1796.6
2017,PER_1000000_POP,,KZKZY,KZKZY,367.5
2017,PER_1000000_POP,,KZMAN,KZMAN,88.8
2017,PER_1000000_POP,,KZONT,KZONT,2607.6
2017,PER_1000000_POP,,KZPAV,KZPAV,1225.0
2017,PER_1000000_POP,,KZSEV,KZSEV,501.6
2017,PER_1000000_POP,,KZVOS,KZVOS,1709.2
2017,PER_1000000_POP,,KZALA,KZALA,5097.2
2017,M_T,_L_KZ_090102_1J,,,3322.3
2017,M_T,_L_KZ_090102_1J,KZAKM,KZAKM,116.1
2017,M_T,_L_KZ_090102_1J,KZAKT,KZAKT,76.8
2017,M_T,_L_KZ_090102_1J,KZALM,KZALM,181.1
2017,M_T,_L_KZ_090102_1J,KZATY,KZATY,75.9
2017,M_T,_L_KZ_090102_1J,KZZAP,KZZAP,39.3
2017,M_T,_L_KZ_090102_1J,KZZHA,KZZHA,100.1
2017,M_T,_L_KZ_090102_1J,KZKAR,KZKAR,795.5
2017,M_T,_L_KZ_090102_1J,KZKUS,KZKUS,291.5
2017,M_T,_L_KZ_090102_1J,KZKZY,KZKZY,104.6
2017,M_T,_L_KZ_090102_1J,KZMAN,KZMAN,236.5
2017,M_T,_L_KZ_090102_1J,KZPAV,KZPAV,88.6
2017,M_T,_L_KZ_090102_1J,KZSEV,KZSEV,51.4
2017,M_T,_L_KZ_090102_1J,KZVOS,KZVOS,600.2
2017,M_T,_L_KZ_090102_1J,KZALA,KZALA,254.5
2017,PER_1000000_POP,_L_KZ_090102_1N,,,22690.3
2017,PER_1000000_POP,_L_KZ_090102_1N,KZAKM,KZAKM,1643.9
2017,PER_1000000_POP,_L_KZ_090102_1N,KZAKT,KZAKT,294.7
2017,PER_1000000_POP,_L_KZ_090102_1N,KZALM,KZALM,872.6
2017,PER_1000000_POP,_L_KZ_090102_1N,KZATY,KZATY,181.0
2017,PER_1000000_POP,_L_KZ_090102_1N,KZZAP,KZZAP,421.7
2017,PER_1000000_POP,_L_KZ_090102_1N,KZZHA,KZZHA,957.9
2017,PER_1000000_POP,_L_KZ_090102_1N,KZKAR,KZKAR,2397.7
2017,PER_1000000_POP,_L_KZ_090102_1N,KZKUS,KZKUS,1796.5
2017,PER_1000000_POP,_L_KZ_090102_1N,KZKZY,KZKZY,367.5
2017,PER_1000000_POP,_L_KZ_090102_1N,KZMAN,KZMAN,88.8
2017,PER_1000000_POP,_L_KZ_090102_1N,KZONT,KZONT,2605.6
2017,PER_1000000_POP,_L_KZ_090102_1N,KZPAV,KZPAV,1225.0
2017,PER_1000000_POP,_L_KZ_090102_1N,KZSEV,KZSEV,501.6
2017,PER_1000000_POP,_L_KZ_090102_1N,KZVOS,KZVOS,1708.8
2017,PER_1000000_POP,_L_KZ_090102_1N,KZNS,KZNS,2528.4
2017,PER_1000000_POP,_L_KZ_090102_1N,KZALA,KZALA,5098.6
2017,T,_L_KZ_090102_1K,,,22449.9
2017,T,_L_KZ_090102_1K,KZALA,KZALA,20345.2
2017,TH_PEOPLE,_L_KZ_090102_1M,,,7363.7
2017,TH_PEOPLE,_L_KZ_090102_1M,KZALM,KZALM,10.6
2017,TH_PEOPLE,_L_KZ_090102_1M,KZATY,KZATY,0.2
2017,TH_PEOPLE,_L_KZ_090102_1M,KZONT,KZONT,1931.8
2017,TH_PEOPLE,_L_KZ_090102_1M,KZALA,KZALA,33.2
2017,TH_PEOPLE,_L_KZ_090102_1M,KZSHY,KZSHY,4467.0
2017,M_T,_L_KZ_090102_1P,,,232.8
2017,M_T,_L_KZ_090102_1P,KZATY,KZATY,78.3
2017,M_T,_L_KZ_090102_1P,KZPAV,KZPAV,43.5
2017,M_T,_L_KZ_090102_1R,,,2.1
2017,M_T,_L_KZ_090102_1R,KZMAN,KZMAN,2.1
2018,M_T,_L_KZ_090102_1L,,,4103.8
2018,M_T,_L_KZ_090102_1Q,,,281.4
2018,M_T,_L_KZ_090102_1G,,,397.9
2018,M_T,_L_KZ_090102_1D,,,0.0
2018,M_T,_L_KZ_090102_1B,,,1.2
2018,M_T,,KZAKM,KZAKM,126.5
2018,M_T,,KZAKT,KZAKT,79.1
2018,M_T,,KZALM,KZALM,184.6
2018,M_T,,KZATY,KZATY,174.3
2018,M_T,,KZZHA,KZZHA,103.9
2018,M_T,,KZKAR,KZKAR,821.2
2018,M_T,,KZKUS,KZKUS,297.1
2018,M_T,,KZKZY,KZKZY,104.7
2018,M_T,,KZMAN,KZMAN,238.5
2018,M_T,,KZPAV,KZPAV,142.2
2018,M_T,,KZSEV,KZSEV,51.5
2018,M_T,,KZYUZ,KZYUZ,71.0
2018,M_T,,KZVOS,KZVOS,631.5
2018,M_T,,KZNS,KZNS,154.2
2018,M_T,,KZALA,KZALA,247.0
2018,PER_1000000_POP,_L_KZ_090102_1N,,,23021.6
2018,PER_1000000_POP,_L_KZ_090102_1H,,,23.1
2018,PER_1000000_POP,_L_KZ_090102_1A,,,22911.5
2018,PER_1000000_POP,_L_KZ_090102_1D,,,7.6
2018,PER_1000000_POP,_L_KZ_090102_1F,,,69.7
2018,PER_1000000_POP,,KZAKT,KZAKT,304.3
2018,PER_1000000_POP,,KZZHA,KZZHA,987.4
2018,PER_1000000_POP,,KZKUS,KZKUS,1805.6
2018,PER_1000000_POP,,KZKZY,KZKZY,397.4
2018,PER_1000000_POP,,KZSEV,KZSEV,507.4
2018,PER_1000000_POP,,KZYUZ,KZYUZ,820.6
2018,PER_1000000_POP,,KZALA,KZALA,5202.2
2018,PER_1000000_POP,,KZSHY,KZSHY,1808.1
2018,M_T,_L_KZ_090102_1J,KZAKM,KZAKM,126.5
2018,M_T,_L_KZ_090102_1J,KZAKT,KZAKT,79.1
2018,M_T,_L_KZ_090102_1J,KZALM,KZALM,184.6
2018,M_T,_L_KZ_090102_1J,KZZAP,KZZAP,39.5
2018,M_T,_L_KZ_090102_1J,KZZHA,KZZHA,103.9
2018,M_T,_L_KZ_090102_1J,KZKAR,KZKAR,821.2
2018,M_T,_L_KZ_090102_1J,KZKUS,KZKUS,297.1
2018,M_T,_L_KZ_090102_1J,KZKZY,KZKZY,104.7
2018,M_T,_L_KZ_090102_1J,KZSEV,KZSEV,51.5
2018,M_T,_L_KZ_090102_1J,KZYUZ,KZYUZ,71.0
2018,M_T,_L_KZ_090102_1J,KZVOS,KZVOS,631.1
2018,M_T,_L_KZ_090102_1J,KZNS,KZNS,154.2
2018,M_T,_L_KZ_090102_1J,KZALA,KZALA,247.0
2018,PER_1000000_POP,_L_KZ_090102_1N,,,22982.2
2018,PER_1000000_POP,_L_KZ_090102_1N,KZAKT,KZAKT,304.3
2018,PER_1000000_POP,_L_KZ_090102_1N,KZZHA,KZZHA,987.4
2018,PER_1000000_POP,_L_KZ_090102_1N,KZKUS,KZKUS,1805.6
2018,PER_1000000_POP,_L_KZ_090102_1N,KZKZY,KZKZY,397.4
2018,PER_1000000_POP,_L_KZ_090102_1N,KZSEV,KZSEV,507.4
2018,PER_1000000_POP,_L_KZ_090102_1N,KZYUZ,KZYUZ,820.6
2018,PER_1000000_POP,_L_KZ_090102_1N,KZALA,KZALA,5197.8
2018,PER_1000000_POP,_L_KZ_090102_1N,KZSHY,KZSHY,1805.9
2018,T,_L_KZ_090102_1K,,,44140.0
2018,T,_L_KZ_090102_1K,KZALA,KZALA,40560.0
2018,TH_PEOPLE,_L_KZ_090102_1M,,,7555.6
2018,TH_PEOPLE,_L_KZ_090102_1M,KZALA,KZALA,33.4
2018,TH_PEOPLE,_L_KZ_090102_1M,KZSHY,KZSHY,4380.2
2018,M_T,_L_KZ_090102_1P,,,281.4
2019,M_T,_L_KZ_090102_1L,,,4222.7
2019,M_T,_L_KZ_090102_1Q,,,273.0
2019,M_T,_L_KZ_090102_1G,,,397.0
2019,M_T,_L_KZ_090102_1A,,,3550.5
2019,M_T,_L_KZ_090102_1D,,,0.0
2019,M_T,_L_KZ_090102_1B,,,1.3
2019,M_T,_L_KZ_090102_1I,,,0.8
2019,M_T,,KZAKM,KZAKM,130.0
2019,M_T,,KZAKT,KZAKT,83.0
2019,M_T,,KZALM,KZALM,197.1
2019,M_T,,KZATY,KZATY,175.7
2019,M_T,,KZZAP,KZZAP,40.0
2019,M_T,,KZZHA,KZZHA,103.4
2019,M_T,,KZKAR,KZKAR,864.6
2019,M_T,,KZKUS,KZKUS,320.1
2019,M_T,,KZKZY,KZKZY,107.0
2019,M_T,,KZMAN,KZMAN,233.0
2019,M_T,,KZPAV,KZPAV,133.8
2019,M_T,,KZSEV,KZSEV,52.3
2019,M_T,,KZYUZ,KZYUZ,86.0
2019,M_T,,KZVOS,KZVOS,661.5
2019,M_T,,KZNS,KZNS,155.1
2019,M_T,,KZALA,KZALA,257.5
2019,M_T,,KZSHY,KZSHY,111.2
2019,PER_1000000_POP,_L_KZ_090102_1N,,,23835.9
2019,PER_1000000_POP,_L_KZ_090102_1H,,,22.4
2019,PER_1000000_POP,_L_KZ_090102_1A,,,23719.2
2019,PER_1000000_POP,_L_KZ_090102_1B,,,0.0
2019,PER_1000000_POP,_L_KZ_090102_1I,,,0.1
2019,PER_1000000_POP,_L_KZ_090102_1D,,,8.6
2019,PER_1000000_POP,_L_KZ_090102_1F,,,85.5
2019,PER_1000000_POP,,KZAKM,KZAKM,1744.9
2019,PER_1000000_POP,,KZAKT,KZAKT,319.5
2019,PER_1000000_POP,,KZALM,KZALM,937.9
2019,PER_1000000_POP,,KZATY,KZATY,195.2
2019,PER_1000000_POP,,KZZAP,KZZAP,429.4
2019,PER_1000000_POP,,KZZHA,KZZHA,1056.3
2019,PER_1000000_POP,,KZKAR,KZKAR,2474.0
2019,PER_1000000_POP,,KZKUS,KZKUS,1868.6
2019,PER_1000000_POP,,KZKZY,KZKZY,405.8
2019,PER_1000000_POP,,KZMAN,KZMAN,90.4
2019,PER_1000000_POP,,KZPAV,KZPAV,1237.7
2019,PER_1000000_POP,,KZSEV,KZSEV,508.7
2019,PER_1000000_POP,,KZYUZ,KZYUZ,997.9
2019,PER_1000000_POP,,KZVOS,KZVOS,1716.3
2019,PER_1000000_POP,,KZNS,KZNS,2574.2
2019,PER_1000000_POP,,KZALA,KZALA,5588.9
2019,PER_1000000_POP,,KZSHY,KZSHY,1667.6
2019,M_T,_L_KZ_090102_1J,,,3550.5
2019,M_T,_L_KZ_090102_1J,KZAKM,KZAKM,130.0
2019,M_T,_L_KZ_090102_1J,KZAKT,KZAKT,83.0
2019,M_T,_L_KZ_090102_1J,KZALM,KZALM,197.1
2019,M_T,_L_KZ_090102_1J,KZATY,KZATY,61.5
2019,M_T,_L_KZ_090102_1J,KZZAP,KZZAP,40.0
2019,M_T,_L_KZ_090102_1J,KZZHA,KZZHA,103.4
2019,M_T,_L_KZ_090102_1J,KZKAR,KZKAR,864.6
2019,M_T,_L_KZ_090102_1J,KZKUS,KZKUS,320.1
2019,M_T,_L_KZ_090102_1J,KZKZY,KZKZY,107.0
2019,M_T,_L_KZ_090102_1J,KZMAN,KZMAN,232.2
2019,M_T,_L_KZ_090102_1J,KZPAV,KZPAV,88.7
2019,M_T,_L_KZ_090102_1J,KZSEV,KZSEV,52.3
2019,M_T,_L_KZ_090102_1J,KZYUZ,KZYUZ,86.0
2019,M_T,_L_KZ_090102_1J,KZVOS,KZVOS,660.9
2019,M_T,_L_KZ_090102_1J,KZNS,KZNS,155.1
2019,M_T,_L_KZ_090102_1J,KZALA,KZALA,257.4
2019,M_T,_L_KZ_090102_1J,KZSHY,KZSHY,111.2
2019,PER_1000000_POP,_L_KZ_090102_1N,,,23804.7
2019,PER_1000000_POP,_L_KZ_090102_1N,KZAKM,KZAKM,1744.9
2019,PER_1000000_POP,_L_KZ_090102_1N,KZAKT,KZAKT,319.5
2019,PER_1000000_POP,_L_KZ_090102_1N,KZALM,KZALM,937.8
2019,PER_1000000_POP,_L_KZ_090102_1N,KZATY,KZATY,195.2
2019,PER_1000000_POP,_L_KZ_090102_1N,KZZAP,KZZAP,428.7
2019,PER_1000000_POP,_L_KZ_090102_1N,KZZHA,KZZHA,1056.3
2019,PER_1000000_POP,_L_KZ_090102_1N,KZKAR,KZKAR,2474.0
2019,PER_1000000_POP,_L_KZ_090102_1N,KZKUS,KZKUS,1868.6
2019,PER_1000000_POP,_L_KZ_090102_1N,KZKZY,KZKZY,405.8
2019,PER_1000000_POP,_L_KZ_090102_1N,KZMAN,KZMAN,90.4
2019,PER_1000000_POP,_L_KZ_090102_1N,KZPAV,KZPAV,1237.7
2019,PER_1000000_POP,_L_KZ_090102_1N,KZSEV,KZSEV,508.7
2019,PER_1000000_POP,_L_KZ_090102_1N,KZYUZ,KZYUZ,997.9
2019,PER_1000000_POP,_L_KZ_090102_1N,KZVOS,KZVOS,1716.3
2019,PER_1000000_POP,_L_KZ_090102_1N,KZNS,KZNS,2574.1
2019,PER_1000000_POP,_L_KZ_090102_1N,KZALA,KZALA,5583.4
2019,PER_1000000_POP,_L_KZ_090102_1N,KZSHY,KZSHY,1665.2
2019,T,_L_KZ_090102_1K,,,26721.1
2019,T,_L_KZ_090102_1K,KZALA,KZALA,22551.1
2019,TH_PEOPLE,_L_KZ_090102_1M,,,8644.9
2019,TH_PEOPLE,_L_KZ_090102_1M,KZALM,KZALM,12.7
2019,TH_PEOPLE,_L_KZ_090102_1M,KZYUZ,KZYUZ,0.0
2019,TH_PEOPLE,_L_KZ_090102_1M,KZVOS,KZVOS,0.0
2019,TH_PEOPLE,_L_KZ_090102_1M,KZSHY,KZSHY,5538.3
2019,M_T,_L_KZ_090102_1P,,,273.0
2019,M_T,_L_KZ_090102_1P,KZATY,KZATY,114.2
2019,M_T,_L_KZ_090102_1R,,,0.8
2019,M_T,_L_KZ_090102_1R,KZMAN,KZMAN,0.8
2019,M_T,_L_KZ_090102_1S,,,0.1
2019,M_T,_L_KZ_090102_1S,KZMAN,KZMAN,0.1
2020,M_T,_L_KZ_090102_1L,,,3944.8
2020,M_T,_L_KZ_090102_1Q,,,253.7
2020,M_T,_L_KZ_090102_1G,,,402.3
2020,M_T,_L_KZ_090102_1A,,,3287.0
2020,M_T,_L_KZ_090102_1D,,,0.02
2020,M_T,_L_KZ_090102_1B,,,0.9
2020,M_T,,KZAKM,KZAKM,134.5
2020,M_T,,KZAKT,KZAKT,89.6
2020,M_T,,KZALM,KZALM,193.6
2020,M_T,,KZATY,KZATY,125.8
2020,M_T,,KZZAP,KZZAP,62.3
2020,M_T,,KZZHA,KZZHA,95.6
2020,M_T,,KZKAR,KZKAR,749.0
2020,M_T,,KZKUS,KZKUS,318.0
2020,M_T,,KZKZY,KZKZY,87.8
2020,M_T,,KZMAN,KZMAN,227.5
2020,M_T,,KZPAV,KZPAV,105.7
2020,M_T,,KZSEV,KZSEV,61.0
2020,M_T,,KZYUZ,KZYUZ,83.4
2020,M_T,,KZVOS,KZVOS,646.7
2020,M_T,,KZNS,KZNS,141.7
2020,M_T,,KZALA,KZALA,252.3
2020,M_T,,KZSHY,KZSHY,116.8
2020,PER_1000000_POP,_L_KZ_090102_1N,,,8324.0
2020,PER_1000000_POP,_L_KZ_090102_1H,,,13.2
2020,PER_1000000_POP,_L_KZ_090102_1A,,,8377.7
2020,PER_1000000_POP,_L_KZ_090102_1B,,,0.0397
2020,PER_1000000_POP,_L_KZ_090102_1I,,,0.04
2020,PER_1000000_POP,_L_KZ_090102_1D,,,5.5
2020,PER_1000000_POP,_L_KZ_090102_1F,,,53.7
2020,PER_1000000_POP,,KZAKM,KZAKM,540.6
2020,PER_1000000_POP,,KZAKT,KZAKT,115.5
2020,PER_1000000_POP,,KZALM,KZALM,379.5
2020,PER_1000000_POP,,KZATY,KZATY,72.3
2020,PER_1000000_POP,,KZZAP,KZZAP,144.0
2020,PER_1000000_POP,,KZZHA,KZZHA,449.1
2020,PER_1000000_POP,,KZKAR,KZKAR,896.4
2020,PER_1000000_POP,,KZKUS,KZKUS,700.1
2020,PER_1000000_POP,,KZKZY,KZKZY,118.3
2020,PER_1000000_POP,,KZMAN,KZMAN,31.4
2020,PER_1000000_POP,,KZPAV,KZPAV,576.3
2020,PER_1000000_POP,,KZSEV,KZSEV,157.2
2020,PER_1000000_POP,,KZYUZ,KZYUZ,346.1
2020,PER_1000000_POP,,KZVOS,KZVOS,722.7
2020,PER_1000000_POP,,KZNS,KZNS,690.3
2020,PER_1000000_POP,,KZALA,KZALA,1949.8
2020,PER_1000000_POP,,KZSHY,KZSHY,495.5
2020,M_T,_L_KZ_090102_1J,,,3287.0
2020,M_T,_L_KZ_090102_1J,KZAKM,KZAKM,134.5
2020,M_T,_L_KZ_090102_1J,KZAKT,KZAKT,82.0
2020,M_T,_L_KZ_090102_1J,KZALM,KZALM,191.8
2020,M_T,_L_KZ_090102_1J,KZATY,KZATY,42.7
2020,M_T,_L_KZ_090102_1J,KZZAP,KZZAP,33.1
2020,M_T,_L_KZ_090102_1J,KZZHA,KZZHA,94.3
2020,M_T,_L_KZ_090102_1J,KZKAR,KZKAR,733.3
2020,M_T,_L_KZ_090102_1J,KZKUS,KZKUS,308.2
2020,M_T,_L_KZ_090102_1J,KZKZY,KZKZY,87.6
2020,M_T,_L_KZ_090102_1J,KZMAN,KZMAN,207.8
2020,M_T,_L_KZ_090102_1J,KZPAV,KZPAV,94.0
2020,M_T,_L_KZ_090102_1J,KZSEV,KZSEV,50.0
2020,M_T,_L_KZ_090102_1J,KZYUZ,KZYUZ,75.9
2020,M_T,_L_KZ_090102_1J,KZVOS,KZVOS,646.5
2020,M_T,_L_KZ_090102_1J,KZNS,KZNS,141.7
2020,M_T,_L_KZ_090102_1J,KZALA,KZALA,252.3
2020,M_T,_L_KZ_090102_1J,KZSHY,KZSHY,111.6
2020,PER_1000000_POP,_L_KZ_090102_1N,,,8377.7
2020,PER_1000000_POP,_L_KZ_090102_1N,KZAKM,KZAKM,540.6
2020,PER_1000000_POP,_L_KZ_090102_1N,KZAKT,KZAKT,115.5
2020,PER_1000000_POP,_L_KZ_090102_1N,KZALM,KZALM,379.4
2020,PER_1000000_POP,_L_KZ_090102_1N,KZATY,KZATY,72.3
2020,PER_1000000_POP,_L_KZ_090102_1N,KZZAP,KZZAP,143.9
2020,PER_1000000_POP,_L_KZ_090102_1N,KZZHA,KZZHA,449.1
2020,PER_1000000_POP,_L_KZ_090102_1N,KZKAR,KZKAR,896.4
2020,PER_1000000_POP,_L_KZ_090102_1N,KZKUS,KZKUS,700.1
2020,PER_1000000_POP,_L_KZ_090102_1N,KZKZY,KZKZY,118.3
2020,PER_1000000_POP,_L_KZ_090102_1N,KZMAN,KZMAN,31.4
2020,PER_1000000_POP,_L_KZ_090102_1N,KZPAV,KZPAV,576.3
2020,PER_1000000_POP,_L_KZ_090102_1N,KZSEV,KZSEV,157.2
2020,PER_1000000_POP,_L_KZ_090102_1N,KZYUZ,KZYUZ,346.1
2020,PER_1000000_POP,_L_KZ_090102_1N,KZVOS,KZVOS,722.7
2020,PER_1000000_POP,_L_KZ_090102_1N,KZNS,KZNS,688.2
2020,PER_1000000_POP,_L_KZ_090102_1N,KZALA,KZALA,1946.1
2020,PER_1000000_POP,_L_KZ_090102_1N,KZSHY,KZSHY,494.1
2020,T,_L_KZ_090102_1K,,,23421.6
2020,T,_L_KZ_090102_1K,KZALA,KZALA,15819.7
2020,TH_PEOPLE,_L_KZ_090102_1M,,,5494.5
2020,TH_PEOPLE,_L_KZ_090102_1M,KZALM,KZALM,11.8
2020,TH_PEOPLE,_L_KZ_090102_1M,KZYUZ,KZYUZ,0.0
2020,TH_PEOPLE,_L_KZ_090102_1M,KZVOS,KZVOS,0.0
2020,TH_PEOPLE,_L_KZ_090102_1M,KZALA,KZALA,3712.5
2020,TH_PEOPLE,_L_KZ_090102_1M,KZSHY,KZSHY,1331.8
2020,M_T,_L_KZ_090102_1P,,,253.7
2020,M_T,_L_KZ_090102_1P,KZAKT,KZAKT,7.6
2020,M_T,_L_KZ_090102_1P,KZATY,KZATY,83.1
2020,M_T,_L_KZ_090102_1P,KZZAP,KZZAP,29.3
2020,M_T,_L_KZ_090102_1P,KZMAN,KZMAN,18.8
2020,M_T,_L_KZ_090102_1P,KZYUZ,KZYUZ,7.5
2020,M_T,_L_KZ_090102_1S,,,0.0
2020,M_T,_L_KZ_090102_1S,KZMAN,KZMAN,0.0
