Year,UNIT_MEASURE,SERIES,REF_AREA,Value
2010,M_T,_L_KZ_090102_1L,,2439.4
2010,M_T,_L_KZ_090102_1Q,,194.0
2010,M_T,_L_KZ_090102_1G,,267.9
2010,M_T,_L_KZ_090102_1A,,1971.8
2010,M_T,_L_KZ_090102_1D,,0.3
2010,M_T,_L_KZ_090102_1B,,1.1
2010,M_T,_L_KZ_090102_1I,,4.7
2010,M_T,,KZAKM,95.8
2010,M_T,,KZAKT,41.0
2010,M_T,,KZALM,116.6
2010,M_T,,KZATY,118.5
2010,M_T,,KZZAP,30.3
2010,M_T,,KZZHA,56.0
2010,M_T,,KZKAR,444.0
2010,M_T,,KZKUS,221.5
2010,M_T,,KZKZY,66.3
2010,M_T,,KZMAN,141.5
2010,M_T,,KZONT,77.5
2010,M_T,,KZPAV,78.5
2010,M_T,,KZSEV,40.1
2010,M_T,,KZVOS,327.3
2010,M_T,,KZNS,66.7
2010,M_T,,KZALA,142.4
2010,PER_1000000_POP,_L_KZ_090102_1N,,13186.5
2010,PER_1000000_POP,_L_KZ_090102_1H,,19.6
2010,PER_1000000_POP,_L_KZ_090102_1A,,13083.9
2010,PER_1000000_POP,_L_KZ_090102_1B,,0.1
2010,PER_1000000_POP,_L_KZ_090102_1D,,3.4
2010,PER_1000000_POP,_L_KZ_090102_1F,,79.5
2010,PER_1000000_POP,,KZAKM,1057.9
2010,PER_1000000_POP,,KZAKT,163.5
2010,PER_1000000_POP,,KZALM,436.6
2010,PER_1000000_POP,,KZATY,95.4
2010,PER_1000000_POP,,KZZAP,270.4
2010,PER_1000000_POP,,KZZHA,570.6
2010,PER_1000000_POP,,KZKAR,1440.7
2010,PER_1000000_POP,,KZKUS,1153.4
2010,PER_1000000_POP,,KZKZY,139.7
2010,PER_1000000_POP,,KZMAN,60.2
2010,PER_1000000_POP,,KZONT,1337.6
2010,PER_1000000_POP,,KZPAV,798.3
2010,PER_1000000_POP,,KZSEV,365.5
2010,PER_1000000_POP,,KZVOS,1272.7
2010,PER_1000000_POP,,KZNS,1408.9
2010,PER_1000000_POP,,KZALA,2595.5
2010,M_T,_L_KZ_090102_1J,,1971.8
2010,M_T,_L_KZ_090102_1J,KZAKM,95.8
2010,M_T,_L_KZ_090102_1J,KZAKT,41.0
2010,M_T,_L_KZ_090102_1J,KZALM,116.6
2010,M_T,_L_KZ_090102_1J,KZATY,52.1
2010,M_T,_L_KZ_090102_1J,KZZAP,30.0
2010,M_T,_L_KZ_090102_1J,KZZHA,56.0
2010,M_T,_L_KZ_090102_1J,KZKAR,444.0
2010,M_T,_L_KZ_090102_1J,KZKUS,221.5
2010,M_T,_L_KZ_090102_1J,KZKZY,66.3
2010,M_T,_L_KZ_090102_1J,KZMAN,136.9
2010,M_T,_L_KZ_090102_1J,KZONT,77.5
2010,M_T,_L_KZ_090102_1J,KZPAV,57.8
2010,M_T,_L_KZ_090102_1J,KZSEV,40.0
2010,M_T,_L_KZ_090102_1J,KZVOS,327.1
2010,M_T,_L_KZ_090102_1J,KZNS,66.7
2010,M_T,_L_KZ_090102_1J,KZALA,142.4
2010,PER_1000000_POP,_L_KZ_090102_1N,,13163.4
2010,PER_1000000_POP,_L_KZ_090102_1N,KZAKM,1057.9
2010,PER_1000000_POP,_L_KZ_090102_1N,KZAKT,163.5
2010,PER_1000000_POP,_L_KZ_090102_1N,KZALM,436.6
2010,PER_1000000_POP,_L_KZ_090102_1N,KZATY,95.4
2010,PER_1000000_POP,_L_KZ_090102_1N,KZZAP,270.4
2010,PER_1000000_POP,_L_KZ_090102_1N,KZZHA,570.6
2010,PER_1000000_POP,_L_KZ_090102_1N,KZKAR,1440.6
2010,PER_1000000_POP,_L_KZ_090102_1N,KZKUS,1153.4
2010,PER_1000000_POP,_L_KZ_090102_1N,KZKZY,139.7
2010,PER_1000000_POP,_L_KZ_090102_1N,KZMAN,60.2
2010,PER_1000000_POP,_L_KZ_090102_1N,KZONT,1337.0
2010,PER_1000000_POP,_L_KZ_090102_1N,KZPAV,798.2
2010,PER_1000000_POP,_L_KZ_090102_1N,KZSEV,365.5
2010,PER_1000000_POP,_L_KZ_090102_1N,KZVOS,1272.7
2010,PER_1000000_POP,_L_KZ_090102_1N,KZNS,1408.9
2010,PER_1000000_POP,_L_KZ_090102_1N,KZALA,2592.9
2010,T,_L_KZ_090102_1K,,28869.7
2010,T,_L_KZ_090102_1K,KZKAR,9.2
2010,T,_L_KZ_090102_1K,KZONT,737.0
2010,T,_L_KZ_090102_1K,KZVOS,32.5
2010,T,_L_KZ_090102_1K,KZALA,28091.0
2010,TH_PEOPLE,_L_KZ_090102_1M,,3379.2
2010,TH_PEOPLE,_L_KZ_090102_1M,KZALM,29.3
2010,TH_PEOPLE,_L_KZ_090102_1M,KZATY,4.7
2010,TH_PEOPLE,_L_KZ_090102_1M,KZKAR,18.8
2010,TH_PEOPLE,_L_KZ_090102_1M,KZONT,668.5
2010,TH_PEOPLE,_L_KZ_090102_1M,KZPAV,4.0
2010,TH_PEOPLE,_L_KZ_090102_1M,KZNS,16.1
2010,TH_PEOPLE,_L_KZ_090102_1M,KZALA,14.8
2010,TH_PEOPLE,_L_KZ_090102_1M,KZSHY,2623.1
2010,M_T,_L_KZ_090102_1P,,194.0
2010,M_T,_L_KZ_090102_1P,KZATY,66.3
2010,M_T,_L_KZ_090102_1P,KZPAV,20.2
2010,M_T,Перевезено грузов с морским транспортом,,4.7
2010,M_T,Перевезено грузов с морским транспортом,KZMAN,4.7
2011,M_T,_L_KZ_090102_1L,,2974.9
2011,M_T,_L_KZ_090102_1Q,,214.1
2011,M_T,_L_KZ_090102_1G,,279.7
2011,M_T,_L_KZ_090102_1A,,2475.5
2011,M_T,_L_KZ_090102_1D,,0.3
2011,M_T,_L_KZ_090102_1B,,1.1
2011,M_T,_L_KZ_090102_1I,,4.6
2011,M_T,,KZAKM,112.4
2011,M_T,,KZAKT,54.5
2011,M_T,,KZALM,142.7
2011,M_T,,KZATY,139.6
2011,M_T,,KZZAP,34.0
2011,M_T,,KZZHA,70.5
2011,M_T,,KZKAR,551.1
2011,M_T,,KZKUS,268.0
2011,M_T,,KZKZY,95.5
2011,M_T,,KZMAN,186.6
2011,M_T,,KZONT,106.5
2011,M_T,,KZPAV,97.0
2011,M_T,,KZSEV,46.1
2011,M_T,,KZVOS,418.2
2011,M_T,,KZNS,97.2
2011,M_T,,KZALA,155.6
2011,PER_1000000_POP,_L_KZ_090102_1N,,16647.2
2011,PER_1000000_POP,_L_KZ_090102_1H,,20.5
2011,PER_1000000_POP,_L_KZ_090102_1A,,16544.7
2011,PER_1000000_POP,_L_KZ_090102_1B,,0.1
2011,PER_1000000_POP,_L_KZ_090102_1D,,4.1
2011,PER_1000000_POP,_L_KZ_090102_1F,,77.0
2011,PER_1000000_POP,,KZAKM,1385.8
2011,PER_1000000_POP,,KZAKT,199.3
2011,PER_1000000_POP,,KZALM,550.9
2011,PER_1000000_POP,,KZATY,126.9
2011,PER_1000000_POP,,KZZAP,364.8
2011,PER_1000000_POP,,KZZHA,745.8
2011,PER_1000000_POP,,KZKAR,1993.3
2011,PER_1000000_POP,,KZKUS,1436.5
2011,PER_1000000_POP,,KZKZY,193.2
2011,PER_1000000_POP,,KZMAN,73.8
2011,PER_1000000_POP,,KZONT,1800.5
2011,PER_1000000_POP,,KZPAV,1044.1
2011,PER_1000000_POP,,KZSEV,453.9
2011,PER_1000000_POP,,KZVOS,1419.3
2011,PER_1000000_POP,,KZNS,1647.9
2011,PER_1000000_POP,,KZALA,3190.6
2011,M_T,_L_KZ_090102_1J,,2475.5
2011,M_T,_L_KZ_090102_1J,KZAKM,112.4
2011,M_T,_L_KZ_090102_1J,KZAKT,54.5
2011,M_T,_L_KZ_090102_1J,KZALM,142.7
2011,M_T,_L_KZ_090102_1J,KZATY,71.5
2011,M_T,_L_KZ_090102_1J,KZZAP,33.8
2011,M_T,_L_KZ_090102_1J,KZZHA,70.5
2011,M_T,_L_KZ_090102_1J,KZKAR,551.1
2011,M_T,_L_KZ_090102_1J,KZKUS,268.0
2011,M_T,_L_KZ_090102_1J,KZKZY,95.5
2011,M_T,_L_KZ_090102_1J,KZMAN,182.0
2011,M_T,_L_KZ_090102_1J,KZONT,106.5
2011,M_T,_L_KZ_090102_1J,KZPAV,70.2
2011,M_T,_L_KZ_090102_1J,KZSEV,46.0
2011,M_T,_L_KZ_090102_1J,KZVOS,417.9
2011,M_T,_L_KZ_090102_1J,KZNS,97.2
2011,M_T,_L_KZ_090102_1J,KZALA,155.6
2011,PER_1000000_POP,_L_KZ_090102_1N,,16622.4
2011,PER_1000000_POP,_L_KZ_090102_1N,KZAKM,1385.8
2011,PER_1000000_POP,_L_KZ_090102_1N,KZAKT,199.3
2011,PER_1000000_POP,_L_KZ_090102_1N,KZALM,550.8
2011,PER_1000000_POP,_L_KZ_090102_1N,KZATY,126.9
2011,PER_1000000_POP,_L_KZ_090102_1N,KZZAP,364.7
2011,PER_1000000_POP,_L_KZ_090102_1N,KZZHA,745.8
2011,PER_1000000_POP,_L_KZ_090102_1N,KZKAR,1993.3
2011,PER_1000000_POP,_L_KZ_090102_1N,KZKUS,1436.5
2011,PER_1000000_POP,_L_KZ_090102_1N,KZKZY,193.2
2011,PER_1000000_POP,_L_KZ_090102_1N,KZMAN,73.8
2011,PER_1000000_POP,_L_KZ_090102_1N,KZONT,1799.6
2011,PER_1000000_POP,_L_KZ_090102_1N,KZPAV,1044.1
2011,PER_1000000_POP,_L_KZ_090102_1N,KZSEV,453.9
2011,PER_1000000_POP,_L_KZ_090102_1N,KZVOS,1419.3
2011,PER_1000000_POP,_L_KZ_090102_1N,KZNS,1647.9
2011,PER_1000000_POP,_L_KZ_090102_1N,KZALA,3187.5
2011,T,_L_KZ_090102_1K,,31554.9
2011,T,_L_KZ_090102_1K,KZKAR,6.6
2011,T,_L_KZ_090102_1K,KZONT,583.0
2011,T,_L_KZ_090102_1K,KZVOS,44.0
2011,T,_L_KZ_090102_1K,KZALA,30921.3
2011,TH_PEOPLE,_L_KZ_090102_1M,,4131.3
2011,TH_PEOPLE,_L_KZ_090102_1M,KZALM,27.8
2011,TH_PEOPLE,_L_KZ_090102_1M,KZATY,0.8
2011,TH_PEOPLE,_L_KZ_090102_1M,KZKAR,12.2
2011,TH_PEOPLE,_L_KZ_090102_1M,KZMAN,23.8
2011,TH_PEOPLE,_L_KZ_090102_1M,KZONT,900.2
2011,TH_PEOPLE,_L_KZ_090102_1M,KZPAV,0.8
2011,TH_PEOPLE,_L_KZ_090102_1M,KZNS,17.2
2011,TH_PEOPLE,_L_KZ_090102_1M,KZALA,24.2
2011,TH_PEOPLE,_L_KZ_090102_1M,KZSHY,3124.3
2011,M_T,_L_KZ_090102_1P,,214.1
2011,M_T,_L_KZ_090102_1P,KZATY,68.1
2011,M_T,_L_KZ_090102_1P,KZPAV,26.3
2011,M_T,Перевезено грузов с морским транспортом,,4.6
2011,M_T,Перевезено грузов с морским транспортом,KZMAN,4.6
2012,M_T,_L_KZ_090102_1L,,3231.8
2012,M_T,_L_KZ_090102_1Q,,213.2
2012,M_T,_L_KZ_090102_1G,,294.8
2012,M_T,_L_KZ_090102_1A,,2718.4
2012,M_T,_L_KZ_090102_1D,,0.2
2012,M_T,_L_KZ_090102_1B,,1.3
2012,M_T,_L_KZ_090102_1I,,4.0
2012,M_T,,KZAKM,112.6
2012,M_T,,KZAKT,58.1
2012,M_T,,KZALM,158.1
2012,M_T,,KZATY,140.6
2012,M_T,,KZZAP,35.8
2012,M_T,,KZZHA,80.4
2012,M_T,,KZKAR,619.7
2012,M_T,,KZKUS,275.6
2012,M_T,,KZKZY,98.4
2012,M_T,,KZMAN,207.7
2012,M_T,,KZONT,123.8
2012,M_T,,KZPAV,103.0
2012,M_T,,KZSEV,46.2
2012,M_T,,KZVOS,476.9
2012,M_T,,KZNS,112.6
2012,M_T,,KZALA,168.3
2012,PER_1000000_POP,_L_KZ_090102_1N,,18484.6
2012,PER_1000000_POP,_L_KZ_090102_1H,,24.4
2012,PER_1000000_POP,_L_KZ_090102_1A,,18380.2
2012,PER_1000000_POP,_L_KZ_090102_1B,,0.1
2012,PER_1000000_POP,_L_KZ_090102_1D,,4.5
2012,PER_1000000_POP,_L_KZ_090102_1F,,69.6
2012,PER_1000000_POP,,KZAKM,1482.1
2012,PER_1000000_POP,,KZAKT,220.1
2012,PER_1000000_POP,,KZALM,597.2
2012,PER_1000000_POP,,KZATY,155.4
2012,PER_1000000_POP,,KZZAP,402.3
2012,PER_1000000_POP,,KZZHA,802.8
2012,PER_1000000_POP,,KZKAR,2111.4
2012,PER_1000000_POP,,KZKUS,1575.5
2012,PER_1000000_POP,,KZKZY,232.4
2012,PER_1000000_POP,,KZMAN,81.5
2012,PER_1000000_POP,,KZONT,2149.9
2012,PER_1000000_POP,,KZPAV,1166.3
2012,PER_1000000_POP,,KZSEV,470.7
2012,PER_1000000_POP,,KZVOS,1459.9
2012,PER_1000000_POP,,KZNS,1750.1
2012,PER_1000000_POP,,KZALA,3802.8
2012,M_T,_L_KZ_090102_1J,,2718.4
2012,M_T,_L_KZ_090102_1J,KZAKM,112.6
2012,M_T,_L_KZ_090102_1J,KZAKT,58.1
2012,M_T,_L_KZ_090102_1J,KZALM,158.1
2012,M_T,_L_KZ_090102_1J,KZATY,72.4
2012,M_T,_L_KZ_090102_1J,KZZAP,35.7
2012,M_T,_L_KZ_090102_1J,KZZHA,80.4
2012,M_T,_L_KZ_090102_1J,KZKAR,619.7
2012,M_T,_L_KZ_090102_1J,KZKUS,275.6
2012,M_T,_L_KZ_090102_1J,KZKZY,98.4
2012,M_T,_L_KZ_090102_1J,KZMAN,203.7
2012,M_T,_L_KZ_090102_1J,KZONT,123.8
2012,M_T,_L_KZ_090102_1J,KZPAV,76.6
2012,M_T,_L_KZ_090102_1J,KZSEV,46.1
2012,M_T,_L_KZ_090102_1J,KZVOS,476.6
2012,M_T,_L_KZ_090102_1J,KZNS,112.6
2012,M_T,_L_KZ_090102_1J,KZALA,168.3
2012,PER_1000000_POP,_L_KZ_090102_1N,,18455.7
2012,PER_1000000_POP,_L_KZ_090102_1N,KZAKM,1482.1
2012,PER_1000000_POP,_L_KZ_090102_1N,KZAKT,220.1
2012,PER_1000000_POP,_L_KZ_090102_1N,KZALM,597.2
2012,PER_1000000_POP,_L_KZ_090102_1N,KZATY,155.4
2012,PER_1000000_POP,_L_KZ_090102_1N,KZZAP,402.2
2012,PER_1000000_POP,_L_KZ_090102_1N,KZZHA,802.8
2012,PER_1000000_POP,_L_KZ_090102_1N,KZKAR,2111.4
2012,PER_1000000_POP,_L_KZ_090102_1N,KZKUS,1575.5
2012,PER_1000000_POP,_L_KZ_090102_1N,KZKZY,2323.7
2012,PER_1000000_POP,_L_KZ_090102_1N,KZMAN,81.5
2012,PER_1000000_POP,_L_KZ_090102_1N,KZONT,2148.8
2012,PER_1000000_POP,_L_KZ_090102_1N,KZPAV,1166.3
2012,PER_1000000_POP,_L_KZ_090102_1N,KZSEV,4706.9
2012,PER_1000000_POP,_L_KZ_090102_1N,KZVOS,1459.9
2012,PER_1000000_POP,_L_KZ_090102_1N,KZNS,1750.0
2012,PER_1000000_POP,_L_KZ_090102_1N,KZALA,3799.5
2012,T,_L_KZ_090102_1K,,21954.2
2012,T,_L_KZ_090102_1K,KZZAP,183.0
2012,T,_L_KZ_090102_1K,KZONT,768.0
2012,T,_L_KZ_090102_1K,KZVOS,5.8
2012,T,_L_KZ_090102_1K,KZALA,20997.4
2012,TH_PEOPLE,_L_KZ_090102_1M,,4512.0
2012,TH_PEOPLE,_L_KZ_090102_1M,KZALM,30.0
2012,TH_PEOPLE,_L_KZ_090102_1M,KZATY,0.4
2012,TH_PEOPLE,_L_KZ_090102_1M,KZKAR,59.7
2012,TH_PEOPLE,_L_KZ_090102_1M,KZZAP,7.2
2012,TH_PEOPLE,_L_KZ_090102_1M,KZONT,1095.8
2012,TH_PEOPLE,_L_KZ_090102_1M,KZNS,5.1
2012,TH_PEOPLE,_L_KZ_090102_1M,KZALA,5.5
2012,TH_PEOPLE,_L_KZ_090102_1M,KZSHY,3308.3
2012,M_T,_L_KZ_090102_1P,,213.2
2012,M_T,_L_KZ_090102_1P,KZATY,68.2
2012,M_T,_L_KZ_090102_1P,KZPAV,25.7
2012,M_T,Перевезено грузов с морским транспортом,,4.0
2012,M_T,Перевезено грузов с морским транспортом,KZMAN,4.0
2013,M_T,_L_KZ_090102_1L,,3508.0
2013,M_T,_L_KZ_090102_1Q,,225.9
2013,M_T,_L_KZ_090102_1G,,293.7
2013,M_T,_L_KZ_090102_1A,,2983.4
2013,M_T,_L_KZ_090102_1D,,0.2
2013,M_T,_L_KZ_090102_1B,,1.1
2013,M_T,_L_KZ_090102_1I,,4.0
2013,M_T,,KZAKM,121.5
2013,M_T,,KZAKT,62.2
2013,M_T,,KZALM,159.0
2013,M_T,,KZATY,151.3
2013,M_T,,KZZAP,38.9
2013,M_T,,KZZHA,88.4
2013,M_T,,KZKAR,676.7
2013,M_T,,KZKUS,299.7
2013,M_T,,KZKZY,106.1
2013,M_T,,KZMAN,215.1
2013,M_T,,KZONT,133.0
2013,M_T,,KZPAV,116.5
2013,M_T,,KZSEV,49.3
2013,M_T,,KZVOS,553.7
2013,M_T,,KZNS,124.1
2013,M_T,,KZALA,194.4
2013,PER_1000000_POP,_L_KZ_090102_1N,,20004.3
2013,PER_1000000_POP,_L_KZ_090102_1H,,28.6
2013,PER_1000000_POP,_L_KZ_090102_1A,,19905.3
2013,PER_1000000_POP,_L_KZ_090102_1B,,0.1
2013,PER_1000000_POP,_L_KZ_090102_1D,,5.0
2013,PER_1000000_POP,_L_KZ_090102_1F,,65.3
2013,PER_1000000_POP,,KZAKM,1604.5
2013,PER_1000000_POP,,KZAKT,238.4
2013,PER_1000000_POP,,KZALM,629.0
2013,PER_1000000_POP,,KZATY,167.9
2013,PER_1000000_POP,,KZZAP,425.8
2013,PER_1000000_POP,,KZZHA,864.6
2013,PER_1000000_POP,,KZKAR,2299.9
2013,PER_1000000_POP,,KZKUS,1657.4
2013,PER_1000000_POP,,KZKZY,251.3
2013,PER_1000000_POP,,KZMAN,85.5
2013,PER_1000000_POP,,KZONT,2257.6
2013,PER_1000000_POP,,KZPAV,1194.6
2013,PER_1000000_POP,,KZSEV,492.8
2013,PER_1000000_POP,,KZVOS,1606.7
2013,PER_1000000_POP,,KZNS,1961.0
2013,PER_1000000_POP,,KZALA,4238.8
2013,M_T,_L_KZ_090102_1J,,2983.4
2013,M_T,_L_KZ_090102_1J,KZAKM,121.5
2013,M_T,_L_KZ_090102_1J,KZAKT,62.2
2013,M_T,_L_KZ_090102_1J,KZALM,159.0
2013,M_T,_L_KZ_090102_1J,KZATY,82.6
2013,M_T,_L_KZ_090102_1J,KZZAP,38.9
2013,M_T,_L_KZ_090102_1J,KZZHA,88.4
2013,M_T,_L_KZ_090102_1J,KZKAR,676.7
2013,M_T,_L_KZ_090102_1J,KZKUS,299.7
2013,M_T,_L_KZ_090102_1J,KZKZY,106.1
2013,M_T,_L_KZ_090102_1J,KZMAN,211.1
2013,M_T,_L_KZ_090102_1J,KZONT,133.0
2013,M_T,_L_KZ_090102_1J,KZPAV,83.3
2013,M_T,_L_KZ_090102_1J,KZSEV,49.3
2013,M_T,_L_KZ_090102_1J,KZVOS,553.3
2013,M_T,_L_KZ_090102_1J,KZNS,124.1
2013,M_T,_L_KZ_090102_1J,KZALA,194.4
2013,PER_1000000_POP,_L_KZ_090102_1N,,19970.6
2013,PER_1000000_POP,_L_KZ_090102_1N,KZAKM,1604.5
2013,PER_1000000_POP,_L_KZ_090102_1N,KZAKT,238.4
2013,PER_1000000_POP,_L_KZ_090102_1N,KZALM,628.9
2013,PER_1000000_POP,_L_KZ_090102_1N,KZATY,167.9
2013,PER_1000000_POP,_L_KZ_090102_1N,KZZAP,425.6
2013,PER_1000000_POP,_L_KZ_090102_1N,KZZHA,864.6
2013,PER_1000000_POP,_L_KZ_090102_1N,KZKAR,2299.9
2013,PER_1000000_POP,_L_KZ_090102_1N,KZKUS,1657.4
2013,PER_1000000_POP,_L_KZ_090102_1N,KZKZY,251.3
2013,PER_1000000_POP,_L_KZ_090102_1N,KZMAN,85.5
2013,PER_1000000_POP,_L_KZ_090102_1N,KZONT,2256.5
2013,PER_1000000_POP,_L_KZ_090102_1N,KZPAV,1194.6
2013,PER_1000000_POP,_L_KZ_090102_1N,KZSEV,492.8
2013,PER_1000000_POP,_L_KZ_090102_1N,KZVOS,1606.7
2013,PER_1000000_POP,_L_KZ_090102_1N,KZNS,1961.0
2013,PER_1000000_POP,_L_KZ_090102_1N,KZALA,4235.1
2013,T,_L_KZ_090102_1K,,23873.5
2013,T,_L_KZ_090102_1K,KZZAP,227.2
2013,T,_L_KZ_090102_1K,KZVOS,1062.0
2013,T,_L_KZ_090102_1K,KZALA,22584.3
2013,TH_PEOPLE,_L_KZ_090102_1M,,4985.6
2013,TH_PEOPLE,_L_KZ_090102_1M,KZALM,25.5
2013,TH_PEOPLE,_L_KZ_090102_1M,KZKAR,10.0
2013,TH_PEOPLE,_L_KZ_090102_1M,KZZAP,140.1
2013,TH_PEOPLE,_L_KZ_090102_1M,KZONT,1109.6
2013,TH_PEOPLE,_L_KZ_090102_1M,KZALA,1.3
2013,TH_PEOPLE,_L_KZ_090102_1M,KZSHY,3699.1
2013,M_T,_L_KZ_090102_1P,,225.9
2013,M_T,_L_KZ_090102_1P,KZATY,68.7
2013,M_T,_L_KZ_090102_1P,KZPAV,32.5
2013,M_T,Перевезено грузов с морским транспортом,,4.0
2013,M_T,Перевезено грузов с морским транспортом,KZMAN,4.0
2014,M_T,_L_KZ_090102_1L,,3749.8
2014,M_T,_L_KZ_090102_1Q,,225.0
2014,M_T,_L_KZ_090102_1G,,390.7
2014,M_T,_L_KZ_090102_1A,,3129.1
2014,M_T,_L_KZ_090102_1D,,0.2
2014,M_T,_L_KZ_090102_1B,,1.3
2014,M_T,_L_KZ_090102_1I,,3.6
2014,M_T,,KZAKM,121.3
2014,M_T,,KZAKT,63.6
2014,M_T,,KZALM,159.9
2014,M_T,,KZATY,151.2
2014,M_T,,KZZAP,40.0
2014,M_T,,KZZHA,88.9
2014,M_T,,KZKAR,719.2
2014,M_T,,KZKUS,297.3
2014,M_T,,KZKZY,107.2
2014,M_T,,KZMAN,217.6
2014,M_T,,KZONT,145.4
2014,M_T,,KZPAV,128.1
2014,M_T,,KZSEV,49.9
2014,M_T,,KZVOS,595.5
2014,M_T,,KZNS,136.7
2014,M_T,,KZALA,216.8
2014,PER_1000000_POP,_L_KZ_090102_1N,,21281.2
2014,PER_1000000_POP,_L_KZ_090102_1H,,23.2
2014,PER_1000000_POP,_L_KZ_090102_1A,,21189.9
2014,PER_1000000_POP,_L_KZ_090102_1B,,0.1
2014,PER_1000000_POP,_L_KZ_090102_1D,,5.4
2014,PER_1000000_POP,_L_KZ_090102_1F,,62.5
2014,PER_1000000_POP,,KZAKM,1723.9
2014,PER_1000000_POP,,KZAKT,251.0
2014,PER_1000000_POP,,KZALM,654.3
2014,PER_1000000_POP,,KZATY,172.1
2014,PER_1000000_POP,,KZZAP,428.3
2014,PER_1000000_POP,,KZZHA,882.5
2014,PER_1000000_POP,,KZKAR,2428.7
2014,PER_1000000_POP,,KZKUS,1752.0
2014,PER_1000000_POP,,KZKZY,282.1
2014,PER_1000000_POP,,KZMAN,85.5
2014,PER_1000000_POP,,KZONT,2262.5
2014,PER_1000000_POP,,KZPAV,1195.6
2014,PER_1000000_POP,,KZSEV,496.1
2014,PER_1000000_POP,,KZVOS,1654.2
2014,PER_1000000_POP,,KZNS,2180.3
2014,PER_1000000_POP,,KZALA,4808.6
2014,M_T,_L_KZ_090102_1J,,3129.1
2014,M_T,_L_KZ_090102_1J,KZAKM,121.3
2014,M_T,_L_KZ_090102_1J,KZAKT,63.6
2014,M_T,_L_KZ_090102_1J,KZALM,159.9
2014,M_T,_L_KZ_090102_1J,KZATY,82.1
2014,M_T,_L_KZ_090102_1J,KZZAP,39.9
2014,M_T,_L_KZ_090102_1J,KZZHA,88.9
2014,M_T,_L_KZ_090102_1J,KZKAR,719.2
2014,M_T,_L_KZ_090102_1J,KZKUS,297.3
2014,M_T,_L_KZ_090102_1J,KZKZY,107.2
2014,M_T,_L_KZ_090102_1J,KZMAN,214.0
2014,M_T,_L_KZ_090102_1J,KZONT,145.4
2014,M_T,_L_KZ_090102_1J,KZPAV,91.8
2014,M_T,_L_KZ_090102_1J,KZSEV,49.9
2014,M_T,_L_KZ_090102_1J,KZVOS,595.1
2014,M_T,_L_KZ_090102_1J,KZNS,136.7
2014,M_T,_L_KZ_090102_1J,KZALA,216.8
2014,PER_1000000_POP,_L_KZ_090102_1N,,21252.4
2014,PER_1000000_POP,_L_KZ_090102_1N,KZAKM,1723.9
2014,PER_1000000_POP,_L_KZ_090102_1N,KZAKT,251.0
2014,PER_1000000_POP,_L_KZ_090102_1N,KZALM,654.3
2014,PER_1000000_POP,_L_KZ_090102_1N,KZATY,172.1
2014,PER_1000000_POP,_L_KZ_090102_1N,KZZAP,427.9
2014,PER_1000000_POP,_L_KZ_090102_1N,KZZHA,882.5
2014,PER_1000000_POP,_L_KZ_090102_1N,KZKAR,2428.7
2014,PER_1000000_POP,_L_KZ_090102_1N,KZKUS,1752.0
2014,PER_1000000_POP,_L_KZ_090102_1N,KZKZY,282.1
2014,PER_1000000_POP,_L_KZ_090102_1N,KZMAN,85.5
2014,PER_1000000_POP,_L_KZ_090102_1N,KZONT,2261.3
2014,PER_1000000_POP,_L_KZ_090102_1N,KZPAV,1195.6
2014,PER_1000000_POP,_L_KZ_090102_1N,KZSEV,496.1
2014,PER_1000000_POP,_L_KZ_090102_1N,KZVOS,1654.2
2014,PER_1000000_POP,_L_KZ_090102_1N,KZNS,2180.3
2014,PER_1000000_POP,_L_KZ_090102_1N,KZALA,4804.8
2014,T,_L_KZ_090102_1K,,19082.4
2014,T,_L_KZ_090102_1K,KZZAP,239.4
2014,T,_L_KZ_090102_1K,KZVOS,978.0
2014,T,_L_KZ_090102_1K,KZALA,17865.0
2014,TH_PEOPLE,_L_KZ_090102_1M,,5434.6
2014,TH_PEOPLE,_L_KZ_090102_1M,KZALM,28.5
2014,TH_PEOPLE,_L_KZ_090102_1M,KZKAR,8.5
2014,TH_PEOPLE,_L_KZ_090102_1M,KZZAP,354.7
2014,TH_PEOPLE,_L_KZ_090102_1M,KZONT,1254.7
2014,TH_PEOPLE,_L_KZ_090102_1M,KZALA,1.4
2014,TH_PEOPLE,_L_KZ_090102_1M,KZSHY,3786.8
2014,M_T,_L_KZ_090102_1P,,225.0
2014,M_T,_L_KZ_090102_1P,KZATY,69.0
2014,M_T,_L_KZ_090102_1P,KZPAV,35.4
2014,M_T,Перевезено грузов с морским транспортом,,3.6
2014,M_T,Перевезено грузов с морским транспортом,KZMAN,3.6
2015,M_T,_L_KZ_090102_1L,,3733.8
2015,M_T,_L_KZ_090102_1Q,,214.6
2015,M_T,_L_KZ_090102_1G,,341.4
2015,M_T,_L_KZ_090102_1A,,3174.0
2015,M_T,_L_KZ_090102_1D,,0.2
2015,M_T,_L_KZ_090102_1B,,1.2
2015,M_T,_L_KZ_090102_1I,,2.5
2015,M_T,,KZAKM,120.3
2015,M_T,,KZAKT,70.1
2015,M_T,,KZALM,167.2
2015,M_T,,KZATY,144.4
2015,M_T,,KZZAP,39.5
2015,M_T,,KZZHA,91.3
2015,M_T,,KZKAR,709.9
2015,M_T,,KZKUS,294.9
2015,M_T,,KZKZY,108.7
2015,M_T,,KZMAN,227.8
2015,M_T,,KZONT,155.0
2015,M_T,,KZPAV,127.9
2015,M_T,,KZSEV,49.7
2015,M_T,,KZVOS,598.8
2015,M_T,,KZNS,142.5
2015,M_T,,KZALA,232.1
2015,PER_1000000_POP,_L_KZ_090102_1N,,21839.1
2015,PER_1000000_POP,_L_KZ_090102_1H,,22.5
2015,PER_1000000_POP,_L_KZ_090102_1A,,21744.7
2015,PER_1000000_POP,_L_KZ_090102_1B,,0.0
2015,PER_1000000_POP,_L_KZ_090102_1D,,5.9
2015,PER_1000000_POP,_L_KZ_090102_1F,,65.9
2015,PER_1000000_POP,,KZAKM,1729.5
2015,PER_1000000_POP,,KZAKT,264.7
2015,PER_1000000_POP,,KZALM,706.7
2015,PER_1000000_POP,,KZATY,172.0
2015,PER_1000000_POP,,KZZAP,436.3
2015,PER_1000000_POP,,KZZHA,929.5
2015,PER_1000000_POP,,KZKAR,2421.2
2015,PER_1000000_POP,,KZKUS,1745.2
2015,PER_1000000_POP,,KZKZY,298.1
2015,PER_1000000_POP,,KZMAN,85.3
2015,PER_1000000_POP,,KZONT,2347.4
2015,PER_1000000_POP,,KZPAV,1240.8
2015,PER_1000000_POP,,KZSEV,495.2
2015,PER_1000000_POP,,KZVOS,1681.0
2015,PER_1000000_POP,,KZNS,2279.0
2015,PER_1000000_POP,,KZALA,4984.8
2015,M_T,_L_KZ_090102_1J,,3174.0
2015,M_T,_L_KZ_090102_1J,KZAKM,120.3
2015,M_T,_L_KZ_090102_1J,KZAKT,70.1
2015,M_T,_L_KZ_090102_1J,KZALM,167.2
2015,M_T,_L_KZ_090102_1J,KZATY,75.7
2015,M_T,_L_KZ_090102_1J,KZZAP,39.5
2015,M_T,_L_KZ_090102_1J,KZZHA,91.3
2015,M_T,_L_KZ_090102_1J,KZKAR,709.9
2015,M_T,_L_KZ_090102_1J,KZKUS,294.9
2015,M_T,_L_KZ_090102_1J,KZKZY,108.7
2015,M_T,_L_KZ_090102_1J,KZMAN,225.3
2015,M_T,_L_KZ_090102_1J,KZONT,155.0
2015,M_T,_L_KZ_090102_1J,KZPAV,93.6
2015,M_T,_L_KZ_090102_1J,KZSEV,49.7
2015,M_T,_L_KZ_090102_1J,KZVOS,598.3
2015,M_T,_L_KZ_090102_1J,KZNS,142.5
2015,M_T,_L_KZ_090102_1J,KZALA,232.1
2015,PER_1000000_POP,_L_KZ_090102_1N,,21810.7
2015,PER_1000000_POP,_L_KZ_090102_1N,KZAKM,1729.5
2015,PER_1000000_POP,_L_KZ_090102_1N,KZAKT,264.7
2015,PER_1000000_POP,_L_KZ_090102_1N,KZALM,706.7
2015,PER_1000000_POP,_L_KZ_090102_1N,KZATY,172.0
2015,PER_1000000_POP,_L_KZ_090102_1N,KZZAP,436.0
2015,PER_1000000_POP,_L_KZ_090102_1N,KZZHA,929.5
2015,PER_1000000_POP,_L_KZ_090102_1N,KZKAR,2421.2
2015,PER_1000000_POP,_L_KZ_090102_1N,KZKUS,1745.2
2015,PER_1000000_POP,_L_KZ_090102_1N,KZKZY,298.1
2015,PER_1000000_POP,_L_KZ_090102_1N,KZMAN,85.3
2015,PER_1000000_POP,_L_KZ_090102_1N,KZONT,2346.1
2015,PER_1000000_POP,_L_KZ_090102_1N,KZPAV,1240.8
2015,PER_1000000_POP,_L_KZ_090102_1N,KZSEV,495.2
2015,PER_1000000_POP,_L_KZ_090102_1N,KZVOS,1681.0
2015,PER_1000000_POP,_L_KZ_090102_1N,KZNS,2279.0
2015,PER_1000000_POP,_L_KZ_090102_1N,KZALA,4980.4
2015,T,_L_KZ_090102_1K,,17178.2
2015,T,_L_KZ_090102_1K,KZZAP,131.0
2015,T,_L_KZ_090102_1K,KZALA,15956.2
2015,TH_PEOPLE,_L_KZ_090102_1M,,5922.8
2015,TH_PEOPLE,_L_KZ_090102_1M,KZALM,25.2
2015,TH_PEOPLE,_L_KZ_090102_1M,KZATY,4.3
2015,TH_PEOPLE,_L_KZ_090102_1M,KZZAP,332.4
2015,TH_PEOPLE,_L_KZ_090102_1M,KZONT,1224.7
2015,TH_PEOPLE,_L_KZ_090102_1M,KZALA,5.2
2015,TH_PEOPLE,_L_KZ_090102_1M,KZSHY,4324.4
2015,M_T,_L_KZ_090102_1P,,214.6
2015,M_T,_L_KZ_090102_1P,KZATY,68.6
2015,M_T,Перевезено грузов с морским транспортом,,2.5
2015,M_T,Перевезено грузов с морским транспортом,KZMAN,2.5
2016,M_T,_L_KZ_090102_1L,,3729.2
2016,M_T,_L_KZ_090102_1Q,,205.8
2016,M_T,_L_KZ_090102_1G,,338.9
2016,M_T,_L_KZ_090102_1A,,3180.7
2016,M_T,_L_KZ_090102_1D,,0.2
2016,M_T,_L_KZ_090102_1B,,1.2
2016,M_T,_L_KZ_090102_1I,,2.6
2016,M_T,,KZAKM,113.1
2016,M_T,,KZAKT,76.3
2016,M_T,,KZALM,179.0
2016,M_T,,KZATY,145.1
2016,M_T,,KZZAP,39.4
2016,M_T,,KZZHA,91.3
2016,M_T,,KZKAR,727.5
2016,M_T,,KZKUS,277.3
2016,M_T,,KZKZY,104.3
2016,M_T,,KZMAN,218.9
2016,M_T,,KZONT,158.7
2016,M_T,,KZPAV,131.5
2016,M_T,,KZSEV,48.2
2016,M_T,,KZVOS,582.4
2016,M_T,,KZNS,142.6
2016,M_T,,KZALA,252.3
2016,PER_1000000_POP,_L_KZ_090102_1N,,22332.8
2016,PER_1000000_POP,_L_KZ_090102_1H,,23.1
2016,PER_1000000_POP,_L_KZ_090102_1A,,22239.4
2016,PER_1000000_POP,_L_KZ_090102_1B,,0.1
2016,PER_1000000_POP,_L_KZ_090102_1D,,6.0
2016,PER_1000000_POP,_L_KZ_090102_1F,,64.2
2016,PER_1000000_POP,,KZAKM,1700.1
2016,PER_1000000_POP,,KZAKT,278.4
2016,PER_1000000_POP,,KZALM,808.3
2016,PER_1000000_POP,,KZATY,181.0
2016,PER_1000000_POP,,KZZAP,434.3
2016,PER_1000000_POP,,KZZHA,957.3
2016,PER_1000000_POP,,KZKAR,2418.1
2016,PER_1000000_POP,,KZKUS,1751.7
2016,PER_1000000_POP,,KZKZY,335.5
2016,PER_1000000_POP,,KZMAN,84.8
2016,PER_1000000_POP,,KZONT,2478.5
2016,PER_1000000_POP,,KZPAV,1244.5
2016,PER_1000000_POP,,KZSEV,506.8
2016,PER_1000000_POP,,KZVOS,1705.2
2016,PER_1000000_POP,,KZNS,2441.1
2016,PER_1000000_POP,,KZALA,4984.2
2016,M_T,_L_KZ_090102_1J,,3180.7
2016,M_T,_L_KZ_090102_1J,KZAKM,113.1
2016,M_T,_L_KZ_090102_1J,KZAKT,76.3
2016,M_T,_L_KZ_090102_1J,KZALM,179.0
2016,M_T,_L_KZ_090102_1J,KZATY,75.0
2016,M_T,_L_KZ_090102_1J,KZZAP,39.4
2016,M_T,_L_KZ_090102_1J,KZZHA,91.3
2016,M_T,_L_KZ_090102_1J,KZKAR,727.5
2016,M_T,_L_KZ_090102_1J,KZKUS,277.3
2016,M_T,_L_KZ_090102_1J,KZKZY,104.3
2016,M_T,_L_KZ_090102_1J,KZMAN,216.4
2016,M_T,_L_KZ_090102_1J,KZONT,158.7
2016,M_T,_L_KZ_090102_1J,KZPAV,97.7
2016,M_T,_L_KZ_090102_1J,KZSEV,48.2
2016,M_T,_L_KZ_090102_1J,KZVOS,581.9
2016,M_T,_L_KZ_090102_1J,KZNS,142.6
2016,M_T,_L_KZ_090102_1J,KZALA,252.2
2016,PER_1000000_POP,_L_KZ_090102_1N,,22303.6
2016,PER_1000000_POP,_L_KZ_090102_1N,KZAKM,1700.1
2016,PER_1000000_POP,_L_KZ_090102_1N,KZAKT,278.4
2016,PER_1000000_POP,_L_KZ_090102_1N,KZALM,808.3
2016,PER_1000000_POP,_L_KZ_090102_1N,KZATY,181.0
2016,PER_1000000_POP,_L_KZ_090102_1N,KZZAP,433.6
2016,PER_1000000_POP,_L_KZ_090102_1N,KZZHA,957.3
2016,PER_1000000_POP,_L_KZ_090102_1N,KZKAR,2418.1
2016,PER_1000000_POP,_L_KZ_090102_1N,KZKUS,1751.7
2016,PER_1000000_POP,_L_KZ_090102_1N,KZKZY,335.5
2016,PER_1000000_POP,_L_KZ_090102_1N,KZMAN,84.8
2016,PER_1000000_POP,_L_KZ_090102_1N,KZONT,2477.2
2016,PER_1000000_POP,_L_KZ_090102_1N,KZPAV,1244.4
2016,PER_1000000_POP,_L_KZ_090102_1N,KZSEV,506.8
2016,PER_1000000_POP,_L_KZ_090102_1N,KZVOS,1705.1
2016,PER_1000000_POP,_L_KZ_090102_1N,KZNS,2441.0
2016,PER_1000000_POP,_L_KZ_090102_1N,KZALA,4980.3
2016,T,_L_KZ_090102_1K,,18015.9
2016,T,_L_KZ_090102_1K,KZALA,16810.9
2016,TH_PEOPLE,_L_KZ_090102_1M,,6021.7
2016,TH_PEOPLE,_L_KZ_090102_1M,KZALM,16.2
2016,TH_PEOPLE,_L_KZ_090102_1M,KZATY,0.1
2016,TH_PEOPLE,_L_KZ_090102_1M,KZONT,1288.9
2016,TH_PEOPLE,_L_KZ_090102_1M,KZALA,34.6
2016,TH_PEOPLE,_L_KZ_090102_1M,KZSHY,3945.5
2016,M_T,_L_KZ_090102_1P,,205.8
2016,M_T,_L_KZ_090102_1P,KZATY,70.1
2016,M_T,Перевезено грузов с морским транспортом,,2.6
2016,M_T,Перевезено грузов с морским транспортом,KZMAN,2.6
2017,M_T,_L_KZ_090102_1L,,3946.1
2017,M_T,_L_KZ_090102_1Q,,232.8
2017,M_T,_L_KZ_090102_1G,,387.2
2017,M_T,_L_KZ_090102_1A,,3322.3
2017,M_T,_L_KZ_090102_1D,,0.2
2017,M_T,_L_KZ_090102_1B,,1.6
2017,M_T,_L_KZ_090102_1I,,2.1
2017,M_T,,KZAKM,116.1
2017,M_T,,KZAKT,76.8
2017,M_T,,KZALM,181.1
2017,M_T,,KZATY,154.2
2017,M_T,,KZZAP,39.3
2017,M_T,,KZZHA,100.1
2017,M_T,,KZKAR,795.5
2017,M_T,,KZKUS,291.5
2017,M_T,,KZKZY,104.6
2017,M_T,,KZMAN,238.6
2017,M_T,,KZPAV,133.1
2017,M_T,,KZSEV,51.4
2017,M_T,,KZVOS,600.8
2017,M_T,,KZALA,256.0
2017,PER_1000000_POP,_L_KZ_090102_1N,,22744.7
2017,PER_1000000_POP,_L_KZ_090102_1H,,22.9
2017,PER_1000000_POP,_L_KZ_090102_1A,,22643.6
2017,PER_1000000_POP,_L_KZ_090102_1B,,0.1
2017,PER_1000000_POP,_L_KZ_090102_1D,,7.4
2017,PER_1000000_POP,_L_KZ_090102_1F,,70.6
2017,PER_1000000_POP,,KZAKM,1643.9
2017,PER_1000000_POP,,KZAKT,294.7
2017,PER_1000000_POP,,KZALM,873.0
2017,PER_1000000_POP,,KZZAP,451.5
2017,PER_1000000_POP,,KZZHA,957.3
2017,PER_1000000_POP,,KZKUS,1796.6
2017,PER_1000000_POP,,KZKZY,367.5
2017,PER_1000000_POP,,KZMAN,88.8
2017,PER_1000000_POP,,KZONT,2607.6
2017,PER_1000000_POP,,KZPAV,1225.0
2017,PER_1000000_POP,,KZSEV,501.6
2017,PER_1000000_POP,,KZVOS,1709.2
2017,PER_1000000_POP,,KZALA,5097.2
2017,M_T,_L_KZ_090102_1J,,3322.3
2017,M_T,_L_KZ_090102_1J,KZAKM,116.1
2017,M_T,_L_KZ_090102_1J,KZAKT,76.8
2017,M_T,_L_KZ_090102_1J,KZALM,181.1
2017,M_T,_L_KZ_090102_1J,KZATY,75.9
2017,M_T,_L_KZ_090102_1J,KZZAP,39.3
2017,M_T,_L_KZ_090102_1J,KZZHA,100.1
2017,M_T,_L_KZ_090102_1J,KZKAR,795.5
2017,M_T,_L_KZ_090102_1J,KZKUS,291.5
2017,M_T,_L_KZ_090102_1J,KZKZY,104.6
2017,M_T,_L_KZ_090102_1J,KZMAN,236.5
2017,M_T,_L_KZ_090102_1J,KZPAV,88.6
2017,M_T,_L_KZ_090102_1J,KZSEV,51.4
2017,M_T,_L_KZ_090102_1J,KZVOS,600.2
2017,M_T,_L_KZ_090102_1J,KZALA,254.5
2017,PER_1000000_POP,_L_KZ_090102_1N,,22690.3
2017,PER_1000000_POP,_L_KZ_090102_1N,KZAKM,1643.9
2017,PER_1000000_POP,_L_KZ_090102_1N,KZAKT,294.7
2017,PER_1000000_POP,_L_KZ_090102_1N,KZALM,872.6
2017,PER_1000000_POP,_L_KZ_090102_1N,KZATY,181.0
2017,PER_1000000_POP,_L_KZ_090102_1N,KZZAP,421.7
2017,PER_1000000_POP,_L_KZ_090102_1N,KZZHA,957.9
2017,PER_1000000_POP,_L_KZ_090102_1N,KZKAR,2397.7
2017,PER_1000000_POP,_L_KZ_090102_1N,KZKUS,1796.5
2017,PER_1000000_POP,_L_KZ_090102_1N,KZKZY,367.5
2017,PER_1000000_POP,_L_KZ_090102_1N,KZMAN,88.8
2017,PER_1000000_POP,_L_KZ_090102_1N,KZONT,2605.6
2017,PER_1000000_POP,_L_KZ_090102_1N,KZPAV,1225.0
2017,PER_1000000_POP,_L_KZ_090102_1N,KZSEV,501.6
2017,PER_1000000_POP,_L_KZ_090102_1N,KZVOS,1708.8
2017,PER_1000000_POP,_L_KZ_090102_1N,KZNS,2528.4
2017,PER_1000000_POP,_L_KZ_090102_1N,KZALA,5098.6
2017,T,_L_KZ_090102_1K,,22449.9
2017,T,_L_KZ_090102_1K,KZALA,20345.2
2017,TH_PEOPLE,_L_KZ_090102_1M,,7363.7
2017,TH_PEOPLE,_L_KZ_090102_1M,KZALM,10.6
2017,TH_PEOPLE,_L_KZ_090102_1M,KZATY,0.2
2017,TH_PEOPLE,_L_KZ_090102_1M,KZONT,1931.8
2017,TH_PEOPLE,_L_KZ_090102_1M,KZALA,33.2
2017,TH_PEOPLE,_L_KZ_090102_1M,KZSHY,4467.0
2017,M_T,_L_KZ_090102_1P,,232.8
2017,M_T,_L_KZ_090102_1P,KZATY,78.3
2017,M_T,_L_KZ_090102_1P,KZPAV,43.5
2017,M_T,Перевезено грузов с морским транспортом,,2.1
2017,M_T,Перевезено грузов с морским транспортом,KZMAN,2.1
2018,M_T,_L_KZ_090102_1L,,4103.8
2018,M_T,_L_KZ_090102_1Q,,281.4
2018,M_T,_L_KZ_090102_1G,,397.9
2018,M_T,_L_KZ_090102_1D,,0.0
2018,M_T,_L_KZ_090102_1B,,1.2
2018,M_T,,KZAKM,126.5
2018,M_T,,KZAKT,79.1
2018,M_T,,KZALM,184.6
2018,M_T,,KZATY,174.3
2018,M_T,,KZZHA,103.9
2018,M_T,,KZKAR,821.2
2018,M_T,,KZKUS,297.1
2018,M_T,,KZKZY,104.7
2018,M_T,,KZMAN,238.5
2018,M_T,,KZPAV,142.2
2018,M_T,,KZSEV,51.5
2018,M_T,,KZYUZ,71.0
2018,M_T,,KZVOS,631.5
2018,M_T,,KZNS,154.2
2018,M_T,,KZALA,247.0
2018,PER_1000000_POP,_L_KZ_090102_1N,,23021.6
2018,PER_1000000_POP,_L_KZ_090102_1H,,23.1
2018,PER_1000000_POP,_L_KZ_090102_1A,,22911.5
2018,PER_1000000_POP,_L_KZ_090102_1D,,7.6
2018,PER_1000000_POP,_L_KZ_090102_1F,,69.7
2018,PER_1000000_POP,,KZAKT,304.3
2018,PER_1000000_POP,,KZZHA,987.4
2018,PER_1000000_POP,,KZKUS,1805.6
2018,PER_1000000_POP,,KZKZY,397.4
2018,PER_1000000_POP,,KZSEV,507.4
2018,PER_1000000_POP,,KZYUZ,820.6
2018,PER_1000000_POP,,KZALA,5202.2
2018,PER_1000000_POP,,KZSHY,1808.1
2018,M_T,_L_KZ_090102_1J,KZAKM,126.5
2018,M_T,_L_KZ_090102_1J,KZAKT,79.1
2018,M_T,_L_KZ_090102_1J,KZALM,184.6
2018,M_T,_L_KZ_090102_1J,KZZAP,39.5
2018,M_T,_L_KZ_090102_1J,KZZHA,103.9
2018,M_T,_L_KZ_090102_1J,KZKAR,821.2
2018,M_T,_L_KZ_090102_1J,KZKUS,297.1
2018,M_T,_L_KZ_090102_1J,KZKZY,104.7
2018,M_T,_L_KZ_090102_1J,KZSEV,51.5
2018,M_T,_L_KZ_090102_1J,KZYUZ,71.0
2018,M_T,_L_KZ_090102_1J,KZVOS,631.1
2018,M_T,_L_KZ_090102_1J,KZNS,154.2
2018,M_T,_L_KZ_090102_1J,KZALA,247.0
2018,PER_1000000_POP,_L_KZ_090102_1N,,22982.2
2018,PER_1000000_POP,_L_KZ_090102_1N,KZAKT,304.3
2018,PER_1000000_POP,_L_KZ_090102_1N,KZZHA,987.4
2018,PER_1000000_POP,_L_KZ_090102_1N,KZKUS,1805.6
2018,PER_1000000_POP,_L_KZ_090102_1N,KZKZY,397.4
2018,PER_1000000_POP,_L_KZ_090102_1N,KZSEV,507.4
2018,PER_1000000_POP,_L_KZ_090102_1N,KZYUZ,820.6
2018,PER_1000000_POP,_L_KZ_090102_1N,KZALA,5197.8
2018,PER_1000000_POP,_L_KZ_090102_1N,KZSHY,1805.9
2018,T,_L_KZ_090102_1K,,44140.0
2018,T,_L_KZ_090102_1K,KZALA,40560.0
2018,TH_PEOPLE,_L_KZ_090102_1M,,7555.6
2018,TH_PEOPLE,_L_KZ_090102_1M,KZALA,33.4
2018,TH_PEOPLE,_L_KZ_090102_1M,KZSHY,4380.2
2018,M_T,_L_KZ_090102_1P,,281.4
2019,M_T,_L_KZ_090102_1L,,4222.7
2019,M_T,_L_KZ_090102_1Q,,273.0
2019,M_T,_L_KZ_090102_1G,,397.0
2019,M_T,_L_KZ_090102_1A,,3550.5
2019,M_T,_L_KZ_090102_1D,,0.0
2019,M_T,_L_KZ_090102_1B,,1.3
2019,M_T,_L_KZ_090102_1I,,0.8
2019,M_T,,KZAKM,130.0
2019,M_T,,KZAKT,83.0
2019,M_T,,KZALM,197.1
2019,M_T,,KZATY,175.7
2019,M_T,,KZZAP,40.0
2019,M_T,,KZZHA,103.4
2019,M_T,,KZKAR,864.6
2019,M_T,,KZKUS,320.1
2019,M_T,,KZKZY,107.0
2019,M_T,,KZMAN,233.0
2019,M_T,,KZPAV,133.8
2019,M_T,,KZSEV,52.3
2019,M_T,,KZYUZ,86.0
2019,M_T,,KZVOS,661.5
2019,M_T,,KZNS,155.1
2019,M_T,,KZALA,257.5
2019,M_T,,KZSHY,111.2
2019,PER_1000000_POP,_L_KZ_090102_1N,,23835.9
2019,PER_1000000_POP,_L_KZ_090102_1H,,22.4
2019,PER_1000000_POP,_L_KZ_090102_1A,,23719.2
2019,PER_1000000_POP,_L_KZ_090102_1B,,0.0
2019,PER_1000000_POP,_L_KZ_090102_1I,,0.1
2019,PER_1000000_POP,_L_KZ_090102_1D,,8.6
2019,PER_1000000_POP,_L_KZ_090102_1F,,85.5
2019,PER_1000000_POP,,KZAKM,1744.9
2019,PER_1000000_POP,,KZAKT,319.5
2019,PER_1000000_POP,,KZALM,937.9
2019,PER_1000000_POP,,KZATY,195.2
2019,PER_1000000_POP,,KZZAP,429.4
2019,PER_1000000_POP,,KZZHA,1056.3
2019,PER_1000000_POP,,KZKAR,2474.0
2019,PER_1000000_POP,,KZKUS,1868.6
2019,PER_1000000_POP,,KZKZY,405.8
2019,PER_1000000_POP,,KZMAN,90.4
2019,PER_1000000_POP,,KZPAV,1237.7
2019,PER_1000000_POP,,KZSEV,508.7
2019,PER_1000000_POP,,KZYUZ,997.9
2019,PER_1000000_POP,,KZVOS,1716.3
2019,PER_1000000_POP,,KZNS,2574.2
2019,PER_1000000_POP,,KZALA,5588.9
2019,PER_1000000_POP,,KZSHY,1667.6
2019,M_T,_L_KZ_090102_1J,,3550.5
2019,M_T,_L_KZ_090102_1J,KZAKM,130.0
2019,M_T,_L_KZ_090102_1J,KZAKT,83.0
2019,M_T,_L_KZ_090102_1J,KZALM,197.1
2019,M_T,_L_KZ_090102_1J,KZATY,61.5
2019,M_T,_L_KZ_090102_1J,KZZAP,40.0
2019,M_T,_L_KZ_090102_1J,KZZHA,103.4
2019,M_T,_L_KZ_090102_1J,KZKAR,864.6
2019,M_T,_L_KZ_090102_1J,KZKUS,320.1
2019,M_T,_L_KZ_090102_1J,KZKZY,107.0
2019,M_T,_L_KZ_090102_1J,KZMAN,232.2
2019,M_T,_L_KZ_090102_1J,KZPAV,88.7
2019,M_T,_L_KZ_090102_1J,KZSEV,52.3
2019,M_T,_L_KZ_090102_1J,KZYUZ,86.0
2019,M_T,_L_KZ_090102_1J,KZVOS,660.9
2019,M_T,_L_KZ_090102_1J,KZNS,155.1
2019,M_T,_L_KZ_090102_1J,KZALA,257.4
2019,M_T,_L_KZ_090102_1J,KZSHY,111.2
2019,PER_1000000_POP,_L_KZ_090102_1N,,23804.7
2019,PER_1000000_POP,_L_KZ_090102_1N,KZAKM,1744.9
2019,PER_1000000_POP,_L_KZ_090102_1N,KZAKT,319.5
2019,PER_1000000_POP,_L_KZ_090102_1N,KZALM,937.8
2019,PER_1000000_POP,_L_KZ_090102_1N,KZATY,195.2
2019,PER_1000000_POP,_L_KZ_090102_1N,KZZAP,428.7
2019,PER_1000000_POP,_L_KZ_090102_1N,KZZHA,1056.3
2019,PER_1000000_POP,_L_KZ_090102_1N,KZKAR,2474.0
2019,PER_1000000_POP,_L_KZ_090102_1N,KZKUS,1868.6
2019,PER_1000000_POP,_L_KZ_090102_1N,KZKZY,405.8
2019,PER_1000000_POP,_L_KZ_090102_1N,KZMAN,90.4
2019,PER_1000000_POP,_L_KZ_090102_1N,KZPAV,1237.7
2019,PER_1000000_POP,_L_KZ_090102_1N,KZSEV,508.7
2019,PER_1000000_POP,_L_KZ_090102_1N,KZYUZ,997.9
2019,PER_1000000_POP,_L_KZ_090102_1N,KZVOS,1716.3
2019,PER_1000000_POP,_L_KZ_090102_1N,KZNS,2574.1
2019,PER_1000000_POP,_L_KZ_090102_1N,KZALA,5583.4
2019,PER_1000000_POP,_L_KZ_090102_1N,KZSHY,1665.2
2019,T,_L_KZ_090102_1K,,26721.1
2019,T,_L_KZ_090102_1K,KZALA,22551.1
2019,TH_PEOPLE,_L_KZ_090102_1M,,8644.9
2019,TH_PEOPLE,_L_KZ_090102_1M,KZALM,12.7
2019,TH_PEOPLE,_L_KZ_090102_1M,KZYUZ,0.0
2019,TH_PEOPLE,_L_KZ_090102_1M,KZVOS,0.0
2019,TH_PEOPLE,_L_KZ_090102_1M,KZSHY,5538.3
2019,M_T,_L_KZ_090102_1P,,273.0
2019,M_T,_L_KZ_090102_1P,KZATY,114.2
2019,M_T,Перевезено грузов с морским транспортом,,0.8
2019,M_T,Перевезено грузов с морским транспортом,KZMAN,0.8
2019,M_T,Перевезено пассажиров с морским транспортом,,0.1
2019,M_T,Перевезено пассажиров с морским транспортом,KZMAN,0.1
