Year,UNIT_MEASURE,REF_AREA,GeoCode,Value
2010,PT_IN_2010_PRICE,,,11.3
2010,PT_IN_2010_PRICE,KZAKM,KZAKM,13.4
2010,PT_IN_2010_PRICE,KZAKT,KZAKT,7.9
2010,PT_IN_2010_PRICE,KZALM,KZALM,17.0
2010,PT_IN_2010_PRICE,KZATY,KZATY,5.5
2010,PT_IN_2010_PRICE,KZZAP,KZZAP,4.7
2010,PT_IN_2010_PRICE,KZZHA,KZZHA,13.2
2010,PT_IN_2010_PRICE,KZKAR,KZKAR,33.2
2010,PT_IN_2010_PRICE,KZKUS,KZKUS,9.5
2010,PT_IN_2010_PRICE,KZKZY,KZKZY,2.3
2010,PT_IN_2010_PRICE,KZMAN,KZMAN,3.0
2010,PT_IN_2010_PRICE,KZONT,KZONT,21.8
2010,PT_IN_2010_PRICE,KZPAV,KZPAV,28.3
2010,PT_IN_2010_PRICE,KZSEV,KZSEV,8.5
2010,PT_IN_2010_PRICE,KZVOS,KZVOS,19.8
2010,PT_IN_2010_PRICE,KZNS,KZNS,3.0
2010,PT_IN_2010_PRICE,KZALA,KZALA,5.2
2010,USD_IN_2010_PRICE,,,1027.0
2010,USD_IN_2010_PRICE,KZAKM,KZAKM,728.0
2010,USD_IN_2010_PRICE,KZAKT,KZAKT,821.5
2010,USD_IN_2010_PRICE,KZALM,KZALM,622.4
2010,USD_IN_2010_PRICE,KZATY,KZATY,2014.1
2010,USD_IN_2010_PRICE,KZZAP,KZZAP,549.8
2010,USD_IN_2010_PRICE,KZZHA,KZZHA,384.0
2010,USD_IN_2010_PRICE,KZKAR,KZKAR,3122.5
2010,USD_IN_2010_PRICE,KZKUS,KZKUS,628.0
2010,USD_IN_2010_PRICE,KZKZY,KZKZY,194.8
2010,USD_IN_2010_PRICE,KZMAN,KZMAN,588.3
2010,USD_IN_2010_PRICE,KZONT,KZONT,703.3
2010,USD_IN_2010_PRICE,KZPAV,KZPAV,2660.1
2010,USD_IN_2010_PRICE,KZSEV,KZSEV,455.6
2010,USD_IN_2010_PRICE,KZVOS,KZVOS,1198.7
2010,USD_IN_2010_PRICE,KZNS,KZNS,528.2
2010,USD_IN_2010_PRICE,KZALA,KZALA,978.3
2011,PT_IN_2010_PRICE,,,11.3
2011,PT_IN_2010_PRICE,KZAKM,KZAKM,13.0
2011,PT_IN_2010_PRICE,KZAKT,KZAKT,8.0
2011,PT_IN_2010_PRICE,KZALM,KZALM,17.6
2011,PT_IN_2010_PRICE,KZATY,KZATY,5.3
2011,PT_IN_2010_PRICE,KZZAP,KZZAP,4.8
2011,PT_IN_2010_PRICE,KZZHA,KZZHA,14.8
2011,PT_IN_2010_PRICE,KZKAR,KZKAR,33.2
2011,PT_IN_2010_PRICE,KZKUS,KZKUS,8.5
2011,PT_IN_2010_PRICE,KZKZY,KZKZY,2.2
2011,PT_IN_2010_PRICE,KZMAN,KZMAN,3.4
2011,PT_IN_2010_PRICE,KZONT,KZONT,20.8
2011,PT_IN_2010_PRICE,KZPAV,KZPAV,26.0
2011,PT_IN_2010_PRICE,KZSEV,KZSEV,7.8
2011,PT_IN_2010_PRICE,KZVOS,KZVOS,21.4
2011,PT_IN_2010_PRICE,KZNS,KZNS,3.5
2011,PT_IN_2010_PRICE,KZALA,KZALA,5.1
2011,USD_IN_2010_PRICE,,,1083.4
2011,USD_IN_2010_PRICE,KZAKM,KZAKM,817.5
2011,USD_IN_2010_PRICE,KZAKT,KZAKT,866.7
2011,USD_IN_2010_PRICE,KZALM,KZALM,680.9
2011,USD_IN_2010_PRICE,KZATY,KZATY,1943.6
2011,USD_IN_2010_PRICE,KZZAP,KZZAP,584.9
2011,USD_IN_2010_PRICE,KZZHA,KZZHA,482.3
2011,USD_IN_2010_PRICE,KZKAR,KZKAR,3300.5
2011,USD_IN_2010_PRICE,KZKUS,KZKUS,640.0
2011,USD_IN_2010_PRICE,KZKZY,KZKZY,194.1
2011,USD_IN_2010_PRICE,KZMAN,KZMAN,631.9
2011,USD_IN_2010_PRICE,KZONT,KZONT,688.5
2011,USD_IN_2010_PRICE,KZPAV,KZPAV,2694.6
2011,USD_IN_2010_PRICE,KZSEV,KZSEV,486.1
2011,USD_IN_2010_PRICE,KZVOS,KZVOS,1386.9
2011,USD_IN_2010_PRICE,KZNS,KZNS,637.6
2011,USD_IN_2010_PRICE,KZALA,KZALA,1033.1
2012,PT_IN_2010_PRICE,,,11.1
2012,PT_IN_2010_PRICE,KZAKM,KZAKM,14.1
2012,PT_IN_2010_PRICE,KZAKT,KZAKT,7.6
2012,PT_IN_2010_PRICE,KZALM,KZALM,16.5
2012,PT_IN_2010_PRICE,KZATY,KZATY,5.2
2012,PT_IN_2010_PRICE,KZZAP,KZZAP,4.8
2012,PT_IN_2010_PRICE,KZZHA,KZZHA,13.3
2012,PT_IN_2010_PRICE,KZKAR,KZKAR,30.3
2012,PT_IN_2010_PRICE,KZKUS,KZKUS,9.0
2012,PT_IN_2010_PRICE,KZKZY,KZKZY,2.3
2012,PT_IN_2010_PRICE,KZMAN,KZMAN,3.4
2012,PT_IN_2010_PRICE,KZONT,KZONT,20.7
2012,PT_IN_2010_PRICE,KZPAV,KZPAV,25.3
2012,PT_IN_2010_PRICE,KZSEV,KZSEV,8.5
2012,PT_IN_2010_PRICE,KZVOS,KZVOS,24.2
2012,PT_IN_2010_PRICE,KZNS,KZNS,4.2
2012,PT_IN_2010_PRICE,KZALA,KZALA,4.8
2012,USD_IN_2010_PRICE,,,1100.9
2012,USD_IN_2010_PRICE,KZAKM,KZAKM,831.4
2012,USD_IN_2010_PRICE,KZAKT,KZAKT,877.3
2012,USD_IN_2010_PRICE,KZALM,KZALM,673.4
2012,USD_IN_2010_PRICE,KZATY,KZATY,1834.8
2012,USD_IN_2010_PRICE,KZZAP,KZZAP,597.6
2012,USD_IN_2010_PRICE,KZZHA,KZZHA,468.4
2012,USD_IN_2010_PRICE,KZKAR,KZKAR,3028.8
2012,USD_IN_2010_PRICE,KZKUS,KZKUS,634.3
2012,USD_IN_2010_PRICE,KZKZY,KZKZY,201.7
2012,USD_IN_2010_PRICE,KZMAN,KZMAN,613.0
2012,USD_IN_2010_PRICE,KZONT,KZONT,697.7
2012,USD_IN_2010_PRICE,KZPAV,KZPAV,2830.3
2012,USD_IN_2010_PRICE,KZSEV,KZSEV,502.0
2012,USD_IN_2010_PRICE,KZVOS,KZVOS,1770.5
2012,USD_IN_2010_PRICE,KZNS,KZNS,826.1
2012,USD_IN_2010_PRICE,KZALA,KZALA,1043.9
2013,PT_IN_2010_PRICE,,,10.8
2013,PT_IN_2010_PRICE,KZAKM,KZAKM,13.4
2013,PT_IN_2010_PRICE,KZAKT,KZAKT,7.9
2013,PT_IN_2010_PRICE,KZALM,KZALM,15.2
2013,PT_IN_2010_PRICE,KZATY,KZATY,5.2
2013,PT_IN_2010_PRICE,KZZAP,KZZAP,5.6
2013,PT_IN_2010_PRICE,KZZHA,KZZHA,13.9
2013,PT_IN_2010_PRICE,KZKAR,KZKAR,28.1
2013,PT_IN_2010_PRICE,KZKUS,KZKUS,8.8
2013,PT_IN_2010_PRICE,KZKZY,KZKZY,2.6
2013,PT_IN_2010_PRICE,KZMAN,KZMAN,3.5
2013,PT_IN_2010_PRICE,KZONT,KZONT,20.1
2013,PT_IN_2010_PRICE,KZPAV,KZPAV,25.2
2013,PT_IN_2010_PRICE,KZSEV,KZSEV,8.2
2013,PT_IN_2010_PRICE,KZVOS,KZVOS,24.1
2013,PT_IN_2010_PRICE,KZNS,KZNS,4.1
2013,PT_IN_2010_PRICE,KZALA,KZALA,4.6
2013,USD_IN_2010_PRICE,,,1117.3
2013,USD_IN_2010_PRICE,KZAKM,KZAKM,830.6
2013,USD_IN_2010_PRICE,KZAKT,KZAKT,942.2
2013,USD_IN_2010_PRICE,KZALM,KZALM,675.3
2013,USD_IN_2010_PRICE,KZATY,KZATY,1869.1
2013,USD_IN_2010_PRICE,KZZAP,KZZAP,712.5
2013,USD_IN_2010_PRICE,KZZHA,KZZHA,501.1
2013,USD_IN_2010_PRICE,KZKAR,KZKAR,3007.0
2013,USD_IN_2010_PRICE,KZKUS,KZKUS,685.2
2013,USD_IN_2010_PRICE,KZKZY,KZKZY,232.1
2013,USD_IN_2010_PRICE,KZMAN,KZMAN,650.7
2013,USD_IN_2010_PRICE,KZONT,KZONT,684.3
2013,USD_IN_2010_PRICE,KZPAV,KZPAV,2814.3
2013,USD_IN_2010_PRICE,KZSEV,KZSEV,528.0
2013,USD_IN_2010_PRICE,KZVOS,KZVOS,1889.2
2013,USD_IN_2010_PRICE,KZNS,KZNS,856.8
2013,USD_IN_2010_PRICE,KZALA,KZALA,1107.5
2014,PT_IN_2010_PRICE,,,10.5
2014,PT_IN_2010_PRICE,KZAKM,KZAKM,14.0
2014,PT_IN_2010_PRICE,KZAKT,KZAKT,7.6
2014,PT_IN_2010_PRICE,KZALM,KZALM,15.0
2014,PT_IN_2010_PRICE,KZATY,KZATY,5.3
2014,PT_IN_2010_PRICE,KZZAP,KZZAP,5.3
2014,PT_IN_2010_PRICE,KZZHA,KZZHA,14.2
2014,PT_IN_2010_PRICE,KZKAR,KZKAR,26.2
2014,PT_IN_2010_PRICE,KZKUS,KZKUS,9.4
2014,PT_IN_2010_PRICE,KZKZY,KZKZY,2.9
2014,PT_IN_2010_PRICE,KZMAN,KZMAN,4.0
2014,PT_IN_2010_PRICE,KZONT,KZONT,20.2
2014,PT_IN_2010_PRICE,KZPAV,KZPAV,24.1
2014,PT_IN_2010_PRICE,KZSEV,KZSEV,7.8
2014,PT_IN_2010_PRICE,KZVOS,KZVOS,23.8
2014,PT_IN_2010_PRICE,KZNS,KZNS,3.6
2014,PT_IN_2010_PRICE,KZALA,KZALA,4.3
2014,USD_IN_2010_PRICE,,,1118.4
2014,USD_IN_2010_PRICE,KZAKM,KZAKM,902.7
2014,USD_IN_2010_PRICE,KZAKT,KZAKT,925.0
2014,USD_IN_2010_PRICE,KZALM,KZALM,694.6
2014,USD_IN_2010_PRICE,KZATY,KZATY,1903.3
2014,USD_IN_2010_PRICE,KZZAP,KZZAP,710.8
2014,USD_IN_2010_PRICE,KZZHA,KZZHA,506.1
2014,USD_IN_2010_PRICE,KZKAR,KZKAR,2878.9
2014,USD_IN_2010_PRICE,KZKUS,KZKUS,744.9
2014,USD_IN_2010_PRICE,KZKZY,KZKZY,250.8
2014,USD_IN_2010_PRICE,KZMAN,KZMAN,745.4
2014,USD_IN_2010_PRICE,KZONT,KZONT,689.9
2014,USD_IN_2010_PRICE,KZPAV,KZPAV,2707.9
2014,USD_IN_2010_PRICE,KZSEV,KZSEV,534.8
2014,USD_IN_2010_PRICE,KZVOS,KZVOS,1913.2
2014,USD_IN_2010_PRICE,KZNS,KZNS,786.5
2014,USD_IN_2010_PRICE,KZALA,KZALA,1068.4
2015,PT_IN_2010_PRICE,,,10.4
2015,PT_IN_2010_PRICE,KZAKM,KZAKM,14.8
2015,PT_IN_2010_PRICE,KZAKT,KZAKT,7.8
2015,PT_IN_2010_PRICE,KZALM,KZALM,14.9
2015,PT_IN_2010_PRICE,KZATY,KZATY,5.1
2015,PT_IN_2010_PRICE,KZZAP,KZZAP,3.9
2015,PT_IN_2010_PRICE,KZZHA,KZZHA,12.5
2015,PT_IN_2010_PRICE,KZKAR,KZKAR,28.2
2015,PT_IN_2010_PRICE,KZKUS,KZKUS,8.7
2015,PT_IN_2010_PRICE,KZKZY,KZKZY,3.1
2015,PT_IN_2010_PRICE,KZMAN,KZMAN,3.5
2015,PT_IN_2010_PRICE,KZONT,KZONT,20.2
2015,PT_IN_2010_PRICE,KZPAV,KZPAV,23.3
2015,PT_IN_2010_PRICE,KZSEV,KZSEV,7.8
2015,PT_IN_2010_PRICE,KZVOS,KZVOS,21.6
2015,PT_IN_2010_PRICE,KZNS,KZNS,3.6
2015,PT_IN_2010_PRICE,KZALA,KZALA,3.9
2015,USD_IN_2010_PRICE,,,1105.0
2015,USD_IN_2010_PRICE,KZAKM,KZAKM,968.9
2015,USD_IN_2010_PRICE,KZAKT,KZAKT,902.8
2015,USD_IN_2010_PRICE,KZALM,KZALM,736.9
2015,USD_IN_2010_PRICE,KZATY,KZATY,1828.8
2015,USD_IN_2010_PRICE,KZZAP,KZZAP,507.4
2015,USD_IN_2010_PRICE,KZZHA,KZZHA,441.2
2015,USD_IN_2010_PRICE,KZKAR,KZKAR,3166.2
2015,USD_IN_2010_PRICE,KZKUS,KZKUS,670.1
2015,USD_IN_2010_PRICE,KZKZY,KZKZY,252.3
2015,USD_IN_2010_PRICE,KZMAN,KZMAN,631.9
2015,USD_IN_2010_PRICE,KZONT,KZONT,687.8
2015,USD_IN_2010_PRICE,KZPAV,KZPAV,2612.2
2015,USD_IN_2010_PRICE,KZSEV,KZSEV,541.2
2015,USD_IN_2010_PRICE,KZVOS,KZVOS,1739.4
2015,USD_IN_2010_PRICE,KZNS,KZNS,798.1
2015,USD_IN_2010_PRICE,KZALA,KZALA,951.9
2016,PT_IN_2010_PRICE,,,10.5
2016,PT_IN_2010_PRICE,KZAKM,KZAKM,14.8
2016,PT_IN_2010_PRICE,KZAKT,KZAKT,8.9
2016,PT_IN_2010_PRICE,KZALM,KZALM,14.1
2016,PT_IN_2010_PRICE,KZATY,KZATY,5.1
2016,PT_IN_2010_PRICE,KZZAP,KZZAP,3.9
2016,PT_IN_2010_PRICE,KZZHA,KZZHA,12.6
2016,PT_IN_2010_PRICE,KZKAR,KZKAR,29.6
2016,PT_IN_2010_PRICE,KZKUS,KZKUS,9.4
2016,PT_IN_2010_PRICE,KZKZY,KZKZY,3.8
2016,PT_IN_2010_PRICE,KZMAN,KZMAN,3.7
2016,PT_IN_2010_PRICE,KZONT,KZONT,21.0
2016,PT_IN_2010_PRICE,KZPAV,KZPAV,23.5
2016,PT_IN_2010_PRICE,KZSEV,KZSEV,7.6
2016,PT_IN_2010_PRICE,KZVOS,KZVOS,21.6
2016,PT_IN_2010_PRICE,KZNS,KZNS,3.5
2016,PT_IN_2010_PRICE,KZALA,KZALA,3.8
2016,USD_IN_2010_PRICE,,,1109.1
2016,USD_IN_2010_PRICE,KZAKM,KZAKM,998.8
2016,USD_IN_2010_PRICE,KZAKT,KZAKT,1034.2
2016,USD_IN_2010_PRICE,KZALM,KZALM,696.4
2016,USD_IN_2010_PRICE,KZATY,KZATY,1871.1
2016,USD_IN_2010_PRICE,KZZAP,KZZAP,524.5
2016,USD_IN_2010_PRICE,KZZHA,KZZHA,453.1
2016,USD_IN_2010_PRICE,KZKAR,KZKAR,3391.0
2016,USD_IN_2010_PRICE,KZKUS,KZKUS,705.9
2016,USD_IN_2010_PRICE,KZKZY,KZKZY,297.5
2016,USD_IN_2010_PRICE,KZMAN,KZMAN,654.8
2016,USD_IN_2010_PRICE,KZONT,KZONT,715.3
2016,USD_IN_2010_PRICE,KZPAV,KZPAV,2614.8
2016,USD_IN_2010_PRICE,KZSEV,KZSEV,535.3
2016,USD_IN_2010_PRICE,KZVOS,KZVOS,1778.9
2016,USD_IN_2010_PRICE,KZNS,KZNS,750.1
2016,USD_IN_2010_PRICE,KZALA,KZALA,923.6
2017,PT_IN_2010_PRICE,,,10.7
2017,PT_IN_2010_PRICE,KZAKM,KZAKM,14.9
2017,PT_IN_2010_PRICE,KZAKT,KZAKT,9.3
2017,PT_IN_2010_PRICE,KZALM,KZALM,14.3
2017,PT_IN_2010_PRICE,KZATY,KZATY,4.6
2017,PT_IN_2010_PRICE,KZZAP,KZZAP,3.9
2017,PT_IN_2010_PRICE,KZZHA,KZZHA,12.4
2017,PT_IN_2010_PRICE,KZKAR,KZKAR,29.5
2017,PT_IN_2010_PRICE,KZKUS,KZKUS,9.6
2017,PT_IN_2010_PRICE,KZKZY,KZKZY,4.0
2017,PT_IN_2010_PRICE,KZMAN,KZMAN,4.0
2017,PT_IN_2010_PRICE,KZONT,KZONT,21.8
2017,PT_IN_2010_PRICE,KZPAV,KZPAV,23.7
2017,PT_IN_2010_PRICE,KZSEV,KZSEV,8.0
2017,PT_IN_2010_PRICE,KZVOS,KZVOS,21.6
2017,PT_IN_2010_PRICE,KZNS,KZNS,3.8
2017,PT_IN_2010_PRICE,KZALA,KZALA,3.9
2017,USD_IN_2010_PRICE,,,1161.5
2017,USD_IN_2010_PRICE,KZAKM,KZAKM,1033.7
2017,USD_IN_2010_PRICE,KZAKT,KZAKT,1109.8
2017,USD_IN_2010_PRICE,KZALM,KZALM,720.7
2017,USD_IN_2010_PRICE,KZATY,KZATY,1905.3
2017,USD_IN_2010_PRICE,KZZAP,KZZAP,535.5
2017,USD_IN_2010_PRICE,KZZHA,KZZHA,461.1
2017,USD_IN_2010_PRICE,KZKAR,KZKAR,3512.8
2017,USD_IN_2010_PRICE,KZKUS,KZKUS,756.2
2017,USD_IN_2010_PRICE,KZKZY,KZKZY,309.4
2017,USD_IN_2010_PRICE,KZMAN,KZMAN,677.2
2017,USD_IN_2010_PRICE,KZONT,KZONT,755.3
2017,USD_IN_2010_PRICE,KZPAV,KZPAV,2753.2
2017,USD_IN_2010_PRICE,KZSEV,KZSEV,589.1
2017,USD_IN_2010_PRICE,KZVOS,KZVOS,1814.9
2017,USD_IN_2010_PRICE,KZNS,KZNS,768.0
2017,USD_IN_2010_PRICE,KZALA,KZALA,942.1
2018,PT_IN_2010_PRICE,,,10.7
2018,PT_IN_2010_PRICE,KZAKM,KZAKM,15.4
2018,PT_IN_2010_PRICE,KZAKT,KZAKT,9.7
2018,PT_IN_2010_PRICE,KZALM,KZALM,14.3
2018,PT_IN_2010_PRICE,KZATY,KZATY,4.4
2018,PT_IN_2010_PRICE,KZZAP,KZZAP,4.5
2018,PT_IN_2010_PRICE,KZZHA,KZZHA,12.4
2018,PT_IN_2010_PRICE,KZKAR,KZKAR,28.7
2018,PT_IN_2010_PRICE,KZKUS,KZKUS,9.7
2018,PT_IN_2010_PRICE,KZKZY,KZKZY,3.9
2018,PT_IN_2010_PRICE,KZMAN,KZMAN,4.4
2018,PT_IN_2010_PRICE,KZPAV,KZPAV,23.7
2018,PT_IN_2010_PRICE,KZSEV,KZSEV,7.8
2018,PT_IN_2010_PRICE,KZVOS,KZVOS,22.8
2018,PT_IN_2010_PRICE,KZNS,KZNS,4.1
2018,PT_IN_2010_PRICE,KZALA,KZALA,4.0
2018,PT_IN_2010_PRICE,KZSHY,KZSHY,22.6
2018,USD_IN_2010_PRICE,,,1182.0
2018,USD_IN_2010_PRICE,KZAKM,KZAKM,1109.4
2018,USD_IN_2010_PRICE,KZAKT,KZAKT,1201.8
2018,USD_IN_2010_PRICE,KZALM,KZALM,735.7
2018,USD_IN_2010_PRICE,KZATY,KZATY,2044.3
2018,USD_IN_2010_PRICE,KZZAP,KZZAP,598.7
2018,USD_IN_2010_PRICE,KZZHA,KZZHA,476.5
2018,USD_IN_2010_PRICE,KZKAR,KZKAR,3528.4
2018,USD_IN_2010_PRICE,KZKUS,KZKUS,818.3
2018,USD_IN_2010_PRICE,KZKZY,KZKZY,292.7
2018,USD_IN_2010_PRICE,KZMAN,KZMAN,739.5
2018,USD_IN_2010_PRICE,KZPAV,KZPAV,2923.4
2018,USD_IN_2010_PRICE,KZSEV,KZSEV,595.0
2018,USD_IN_2010_PRICE,KZVOS,KZVOS,2019.9
2018,USD_IN_2010_PRICE,KZNS,KZNS,790.2
2018,USD_IN_2010_PRICE,KZALA,KZALA,963.7
2019,PT_IN_2010_PRICE,,,10.9
2019,PT_IN_2010_PRICE,KZAKM,KZAKM,15.2
2019,PT_IN_2010_PRICE,KZAKT,KZAKT,9.1
2019,PT_IN_2010_PRICE,KZALM,KZALM,14.6
2019,PT_IN_2010_PRICE,KZATY,KZATY,4.4
2019,PT_IN_2010_PRICE,KZZAP,KZZAP,4.9
2019,PT_IN_2010_PRICE,KZZHA,KZZHA,12.5
2019,PT_IN_2010_PRICE,KZKAR,KZKAR,27.2
2019,PT_IN_2010_PRICE,KZKUS,KZKUS,11.7
2019,PT_IN_2010_PRICE,KZKZY,KZKZY,3.9
2019,PT_IN_2010_PRICE,KZMAN,KZMAN,4.4
2019,PT_IN_2010_PRICE,KZPAV,KZPAV,23.0
2019,PT_IN_2010_PRICE,KZSEV,KZSEV,7.6
2019,PT_IN_2010_PRICE,KZNS,KZNS,22.9
2019,PT_IN_2010_PRICE,KZALA,KZALA,4.2
2019,PT_IN_2010_PRICE,KZSHY,KZSHY,4.0
2019,USD_IN_2010_PRICE,,,1250.8
2019,USD_IN_2010_PRICE,KZAKM,KZAKM,1124.0
2019,USD_IN_2010_PRICE,KZAKT,KZAKT,1178.0
2019,USD_IN_2010_PRICE,KZALM,KZALM,779.2
2019,USD_IN_2010_PRICE,KZATY,KZATY,2151.0
2019,USD_IN_2010_PRICE,KZZAP,KZZAP,647.1
2019,USD_IN_2010_PRICE,KZZHA,KZZHA,496.1
2019,USD_IN_2010_PRICE,KZKAR,KZKAR,3537.8
2019,USD_IN_2010_PRICE,KZKUS,KZKUS,1034.4
2019,USD_IN_2010_PRICE,KZKZY,KZKZY,292.7
2019,USD_IN_2010_PRICE,KZMAN,KZMAN,728.4
2019,USD_IN_2010_PRICE,KZPAV,KZPAV,3003.2
2019,USD_IN_2010_PRICE,KZSEV,KZSEV,602.3
2019,USD_IN_2010_PRICE,KZVOS,KZVOS,2149.3
2019,USD_IN_2010_PRICE,KZNS,KZNS,836.2
2019,USD_IN_2010_PRICE,KZALA,KZALA,984.2
2020,PT_IN_2010_PRICE,,,11.6
2020,PT_IN_2010_PRICE,KZAKM,KZAKM,16.3
2020,PT_IN_2010_PRICE,KZAKT,KZAKT,9.6
2020,PT_IN_2010_PRICE,KZALM,KZALM,15.3
2020,PT_IN_2010_PRICE,KZATY,KZATY,4.6
2020,PT_IN_2010_PRICE,KZZAP,KZZAP,4.7
2020,PT_IN_2010_PRICE,KZZHA,KZZHA,12.6
2020,PT_IN_2010_PRICE,KZKAR,KZKAR,28.1
2020,PT_IN_2010_PRICE,KZKUS,KZKUS,13.8
2020,PT_IN_2010_PRICE,KZKZY,KZKZY,4.1
2020,PT_IN_2010_PRICE,KZMAN,KZMAN,4.7
2020,PT_IN_2010_PRICE,KZPAV,KZPAV,23.9
2020,PT_IN_2010_PRICE,KZSEV,KZSEV,8.3
2020,PT_IN_2010_PRICE,KZNS,KZNS,23.0
2020,PT_IN_2010_PRICE,KZALA,KZALA,4.3
2020,PT_IN_2010_PRICE,KZSHY,KZSHY,4.5
2020,USD_IN_2010_PRICE,,,1283.7
2020,USD_IN_2010_PRICE,KZAKM,KZAKM,1740.7
2020,USD_IN_2010_PRICE,KZAKT,KZAKT,1509.6
2020,USD_IN_2010_PRICE,KZALM,KZALM,1307.3
2020,USD_IN_2010_PRICE,KZATY,KZATY,1061.9
2020,USD_IN_2010_PRICE,KZZAP,KZZAP,1147.1
2020,USD_IN_2010_PRICE,KZZHA,KZZHA,1354.5
2020,USD_IN_2010_PRICE,KZKAR,KZKAR,1206.7
2020,USD_IN_2010_PRICE,KZKUS,KZKUS,2043.6
2020,USD_IN_2010_PRICE,KZKZY,KZKZY,1435.7
2020,USD_IN_2010_PRICE,KZMAN,KZMAN,1243.6
2020,USD_IN_2010_PRICE,KZPAV,KZPAV,1161.5
2020,USD_IN_2010_PRICE,KZSEV,KZSEV,1483.9
2020,USD_IN_2010_PRICE,KZVOS,KZVOS,1869.1
2020,USD_IN_2010_PRICE,KZNS,KZNS,1596.9
2020,USD_IN_2010_PRICE,KZALA,KZALA,1069.1
