Year,UNIT_MEASURE,Value
2010,кг СО2-экв/межд.доллар,0.92
2011,кг СО2-экв/межд.доллар,0.84
2012,кг СО2-экв/межд.доллар,0.82
2013,кг СО2-экв/межд.доллар,0.8
2014,кг СО2-экв/межд.доллар,0.84
2015,кг СО2-экв/межд.доллар,0.83
2016,кг СО2-экв/межд.доллар,0.83
2017,кг СО2-экв/межд.доллар,0.85
2018,кг СО2-экв/межд.доллар,0.86
2019,кг СО2-экв/межд.доллар,0.84
2020,кг СО2-экв/межд.доллар,0.72
2021,кг СО2-экв/межд.доллар,0.69
