Year,UNIT_MEASURE,Регионы,GeoCode,Value
2015,процент,,,1.2
2015,процент,Акмолинская,KZAKM,0.0
2015,процент,Актюбинская,KZAKT,0.7
2015,процент,Алматинская,KZALM,6.6
2015,процент,Атырауская,KZATY,0.0
2015,процент,Западно-Казахстанская,KZZAP,0.0
2015,процент,Жымбылская,KZZHA,1.1
2015,процент,Карагандинская,KZKAR,0.4
2015,процент,Костанайская,KZKUS,0.0
2015,процент,Кызылординская,KZKZY,0.0
2015,процент,Мангистауская,KZMAN,0.8
2015,процент,Павлодарская,KZPAV,0.0
2015,процент,Северо-Казахстанская,KZSEV,0.4
2015,процент,Южно-Казахстанская,KZONT,2.3
2015,процент,Восточно-Казахстанская,KZVOS,0.3
2015,процент,г_Астана,KZNS,0.0
2015,процент,г_Алматы,KZALA,0.0
2015,процент,г_Шымкент,KZSHY,0.0
2016,процент,,,1.8
2016,процент,Акмолинская,KZAKM,0.9
2016,процент,Актюбинская,KZAKT,3.8
2016,процент,Алматинская,KZALM,7.2
2016,процент,Атырауская,KZATY,2.0
2016,процент,Западно-Казахстанская,KZZAP,1.0
2016,процент,Жымбылская,KZZHA,1.1
2016,процент,Карагандинская,KZKAR,0.8
2016,процент,Костанайская,KZKUS,0.0
2016,процент,Кызылординская,KZKZY,0.3
2016,процент,Мангистауская,KZMAN,3.7
2016,процент,Павлодарская,KZPAV,0.0
2016,процент,Северо-Казахстанская,KZSEV,0.0
2016,процент,Южно-Казахстанская,KZONT,2.3
2016,процент,Восточно-Казахстанская,KZVOS,0.6
2016,процент,г_Астана,KZNS,3.6
2016,процент,г_Алматы,KZALA,0.0
2016,процент,г_Шымкент,KZSHY,0.0
2017,процент,,,1.8
2017,процент,Акмолинская,KZAKM,2.1
2017,процент,Актюбинская,KZAKT,6.1
2017,процент,Алматинская,KZALM,4.1
2017,процент,Атырауская,KZATY,5.7
2017,процент,Западно-Казахстанская,KZZAP,1.6
2017,процент,Жымбылская,KZZHA,0.9
2017,процент,Карагандинская,KZKAR,0.6
2017,процент,Костанайская,KZKUS,0.6
2017,процент,Кызылординская,KZKZY,0.0
2017,процент,Мангистауская,KZMAN,6.0
2017,процент,Павлодарская,KZPAV,0.0
2017,процент,Северо-Казахстанская,KZSEV,0.8
2017,процент,Южно-Казахстанская,KZONT,1.5
2017,процент,Восточно-Казахстанская,KZVOS,0.3
2017,процент,г_Астана,KZNS,7.1
2017,процент,г_Алматы,KZALA,0.0
2017,процент,г_Шымкент,KZSHY,0.0
2018,процент,,,1.8
2018,процент,Акмолинская,KZAKM,2.0
2018,процент,Актюбинская,KZAKT,3.5
2018,процент,Алматинская,KZALM,4.5
2018,процент,Атырауская,KZATY,7.2
2018,процент,Западно-Казахстанская,KZZAP,1.3
2018,процент,Жымбылская,KZZHA,0.2
2018,процент,Карагандинская,KZKAR,0.6
2018,процент,Костанайская,KZKUS,0.6
2018,процент,Кызылординская,KZKZY,0.7
2018,процент,Мангистауская,KZMAN,4.2
2018,процент,Павлодарская,KZPAV,0.0
2018,процент,Северо-Казахстанская,KZSEV,1.0
2018,процент,Туркестанская,KZYUZ,0.9
2018,процент,Восточно-Казахстанская,KZVOS,0.0
2018,процент,г_Астана,KZNS,5.9
2018,процент,г_Алматы,KZALA,0.0
2018,процент,г_Шымкент,KZSHY,14.2
2019,процент,,,1.9
2019,процент,Акмолинская,KZAKM,2.0
2019,процент,Актюбинская,KZAKT,3.0
2019,процент,Алматинская,KZALM,5.0
2019,процент,Атырауская,KZATY,6.1
2019,процент,Западно-Казахстанская,KZZAP,1.8
2019,процент,Жымбылская,KZZHA,0.0
2019,процент,Карагандинская,KZKAR,0.6
2019,процент,Костанайская,KZKUS,0.0
2019,процент,Кызылординская,KZKZY,0.7
2019,процент,Мангистауская,KZMAN,10.1
2019,процент,Павлодарская,KZPAV,0.0
2019,процент,Северо-Казахстанская,KZSEV,0.6
2019,процент,Туркестанская,KZYUZ,0.8
2019,процент,Восточно-Казахстанская,KZVOS,0.0
2019,процент,г_Астана,KZNS,9.1
2019,процент,г_Алматы,KZALA,0.5
2019,процент,г_Шымкент,KZSHY,12.4
2020,процент,,,2.2
2020,процент,Акмолинская,KZAKM,1.9
2020,процент,Актюбинская,KZAKT,2.6
2020,процент,Алматинская,KZALM,6.2
2020,процент,Атырауская,KZATY,5.3
2020,процент,Западно-Казахстанская,KZZAP,1.3
2020,процент,Жымбылская,KZZHA,1.5
2020,процент,Карагандинская,KZKAR,0.6
2020,процент,Костанайская,KZKUS,0.0
2020,процент,Кызылординская,KZKZY,2.2
2020,процент,Мангистауская,KZMAN,9.2
2020,процент,Павлодарская,KZPAV,3.0
2020,процент,Северо-Казахстанская,KZSEV,0.6
2020,процент,Туркестанская,KZYUZ,0.4
2020,процент,Восточно-Казахстанская,KZVOS,0.0
2020,процент,г_Астана,KZNS,3.0
2020,процент,г_Алматы,KZALA,0.3
2020,процент,г_Шымкент,KZSHY,9.8
2021,процент,,,2.4
2021,процент,Акмолинская,KZAKM,1.5
2021,процент,Актюбинская,KZAKT,1.2
2021,процент,Алматинская,KZALM,7.5
2021,процент,Атырауская,KZATY,8.6
2021,процент,Западно-Казахстанская,KZZAP,1.1
2021,процент,Жымбылская,KZZHA,0.9
2021,процент,Карагандинская,KZKAR,0.4
2021,процент,Костанайская,KZKUS,0.0
2021,процент,Кызылординская,KZKZY,3.1
2021,процент,Мангистауская,KZMAN,12.6
2021,процент,Павлодарская,KZPAV,2.8
2021,процент,Северо-Казахстанская,KZSEV,0.4
2021,процент,Туркестанская,KZYUZ,1.7
2021,процент,Восточно-Казахстанская,KZVOS,0.0
2021,процент,г_Астана,KZNS,8.6
2021,процент,г_Алматы,KZALA,0.5
2021,процент,г_Шымкент,KZSHY,6.3
2022,процент,,,1.8
2022,процент,Абай,KZABY,0.0
2022,процент,Акмолинская,KZAKM,0.5
2022,процент,Актюбинская,KZAKT,0.9
2022,процент,Алматинская,KZALM,11.0
2022,процент,Атырауская,KZATY,5.0
2022,процент,Западно-Казахстанская,KZZAP,2.1
2022,процент,Жымбылская,KZZHA,0.8
2022,процент,Жетісу,KZZHS,0.0
2022,процент,Карагандинская,KZKAR,0.2
2022,процент,Костанайская,KZKUS,0.0
2022,процент,Кызылординская,KZKZY,1.8
2022,процент,Мангистауская,KZMAN,9.1
2022,процент,Павлодарская,KZPAV,2.2
2022,процент,Северо-Казахстанская,KZSEV,0.0
2022,процент,Туркестанская,KZYUZ,1.3
2022,процент,Ұлытау,KZULU,0.0
2022,процент,Восточно-Казахстанская,KZVOS,0.0
2022,процент,г_Астана,KZNS,4.9
2022,процент,г_Алматы,KZALA,0.0
2022,процент,г_Шымкент,KZSHY,2.0
2023,процент,,,1.4
2023,процент,Абай,KZABY,0.0
2023,процент,Акмолинская,KZAKM,0.0
2023,процент,Актюбинская,KZAKT,0.9
2023,процент,Алматинская,KZALM,9.2
2023,процент,Атырауская,KZATY,4.8
2023,процент,Западно-Казахстанская,KZZAP,2.6
2023,процент,Жымбылская,KZZHA,0.6
2023,процент,Жетісу,KZZHS,0.0
2023,процент,Карагандинская,KZKAR,0.2
2023,процент,Костанайская,KZKUS,0.0
2023,процент,Кызылординская,KZKZY,0.3
2023,процент,Мангистауская,KZMAN,7.7
2023,процент,Павлодарская,KZPAV,2.2
2023,процент,Северо-Казахстанская,KZSEV,0.4
2023,процент,Туркестанская,KZYUZ,0.7
2023,процент,Ұлытау,KZULU,0.0
2023,процент,Восточно-Казахстанская,KZVOS,0.0
2023,процент,г_Астана,KZNS,3.4
2023,процент,г_Алматы,KZALA,0.0
2023,процент,г_Шымкент,KZSHY,0.0
2024,процент,,,1.2
2024,процент,Абай,KZABY,0.0
2024,процент,Акмолинская,KZAKM,0.0
2024,процент,Актюбинская,KZAKT,0.9
2024,процент,Алматинская,KZALM,8.2
2024,процент,Атырауская,KZATY,3.8
2024,процент,Западно-Казахстанская,KZZAP,3.7
2024,процент,Жымбылская,KZZHA,0.2
2024,процент,Жетісу,KZZHS,0.0
2024,процент,Карагандинская,KZKAR,0.2
2024,процент,Костанайская,KZKUS,0.0
2024,процент,Кызылординская,KZKZY,0.0
2024,процент,Мангистауская,KZMAN,5.2
2024,процент,Павлодарская,KZPAV,1.1
2024,процент,Северо-Казахстанская,KZSEV,0.2
2024,процент,Туркестанская,KZYUZ,0.5
2024,процент,Ұлытау,KZULU,0.0
2024,процент,Восточно-Казахстанская,KZVOS,0.0
2024,процент,г_Астана,KZNS,2.6
2024,процент,г_Алматы,KZALA,0.0
2024,процент,г_Шымкент,KZSHY,0.0
2025,процент,,,0.7
2025,процент,Абай,KZABY,0.0
2025,процент,Акмолинская,KZAKM,0.0
2025,процент,Актюбинская,KZAKT,0.9
2025,процент,Алматинская,KZALM,5.7
2025,процент,Атырауская,KZATY,3.0
2025,процент,Западно-Казахстанская,KZZAP,2.3
2025,процент,Жымбылская,KZZHA,0.0
2025,процент,Жетісу,KZZHS,0.0
2025,процент,Карагандинская,KZKAR,0.0
2025,процент,Костанайская,KZKUS,0.0
2025,процент,Кызылординская,KZKZY,0.0
2025,процент,Мангистауская,KZMAN,1.8
2025,процент,Павлодарская,KZPAV,0.5
2025,процент,Северо-Казахстанская,KZSEV,0.2
2025,процент,Туркестанская,KZYUZ,0.1
2025,процент,Ұлытау,KZULU,0.0
2025,процент,Восточно-Казахстанская,KZVOS,0.0
2025,процент,г_Астана,KZNS,0.0
2025,процент,г_Алматы,KZALA,0.0
2025,процент,г_Шымкент,KZSHY,0.0
