Year,UNIT_MEASURE,SERIES,REF_AREA,GeoCode,Value
2010,M_T,_L_KZ_090102_1L,,,538.8
2010,M_T,_L_KZ_090102_1Q,,,193.9
2010,M_T,_L_KZ_090102_1G,,,267.9
2010,M_T,_L_KZ_090102_1A,,,71.1
2010,M_T,_L_KZ_090102_1D,,,0.03
2010,M_T,_L_KZ_090102_1B,,,1.1
2010,M_T,_L_KZ_090102_1I,,,4.7
2010,M_T,,KZABY,KZABY,16.7
2010,M_T,,KZAKM,KZAKM,27.1
2010,M_T,,KZAKT,KZAKT,39.8
2010,M_T,,KZALM,KZALM,13.3
2010,M_T,,KZATY,KZATY,77.5
2010,M_T,,KZZAP,KZZAP,33.5
2010,M_T,,KZZHA,KZZHA,23.0
2010,M_T,,KZZHS,KZZHS,10.9
2010,M_T,,KZKAR,KZKAR,49.0
2010,M_T,,KZKUS,KZKUS,23.3
2010,M_T,,KZKZY,KZKZY,26.0
2010,M_T,,KZMAN,KZMAN,42.4
2010,M_T,,KZPAV,KZPAV,34.9
2010,M_T,,KZSEV,KZSEV,8.4
2010,M_T,,KZYUZ,KZYUZ,16.4
2010,M_T,,KZULU,KZULU,21.1
2010,M_T,,KZVOS,KZVOS,22.5
2010,M_T,,KZNS,KZNS,26.9
2010,M_T,,KZALA,KZALA,14.4
2010,M_T,,KZSHY,KZSHY,11.8
2010,PER_1000000_POP,_L_KZ_090102_1N,,,1333.4
2010,PER_1000000_POP,_L_KZ_090102_1H,,,19.6
2010,PER_1000000_POP,_L_KZ_090102_1A,,,1230.8
2010,PER_1000000_POP,_L_KZ_090102_1B,,,0.1
2010,PER_1000000_POP,_L_KZ_090102_1D,,,3.4
2010,PER_1000000_POP,_L_KZ_090102_1F,,,79.5
2010,PER_1000000_POP,,KZAKM,KZAKM,47.5
2010,PER_1000000_POP,,KZAKM,KZAKM,28.4
2010,PER_1000000_POP,,KZAKT,KZAKT,38.7
2010,PER_1000000_POP,,KZALM,KZALM,18.3
2010,PER_1000000_POP,,KZATY,KZATY,31.5
2010,PER_1000000_POP,,KZZAP,KZZAP,64.7
2010,PER_1000000_POP,,KZZHA,KZZHA,107.3
2010,PER_1000000_POP,,KZZHS,KZZHS,30.8
2010,PER_1000000_POP,,KZKAR,KZKAR,181.4
2010,PER_1000000_POP,,KZKUS,KZKUS,37.3
2010,PER_1000000_POP,,KZKZY,KZKZY,18.1
2010,PER_1000000_POP,,KZMAN,KZMAN,21.6
2010,PER_1000000_POP,,KZPAV,KZPAV,108.3
2010,PER_1000000_POP,,KZSEV,KZSEV,27.4
2010,PER_1000000_POP,,KZYUZ,KZYUZ,17.4
2010,PER_1000000_POP,,KZULU,KZULU,25.2
2010,PER_1000000_POP,,KZVOS,KZVOS,103.4
2010,PER_1000000_POP,,KZNS,KZNS,229.8
2010,PER_1000000_POP,,KZALA,KZALA,155.0
2010,PER_1000000_POP,,KZSHY,KZSHY,41.1
2010,M_T,_L_KZ_090102_1J,,,71.1
2010,M_T,_L_KZ_090102_1J,KZABY,KZABY,1.0
2010,M_T,_L_KZ_090102_1J,KZAKM,KZAKM,3.9
2010,M_T,_L_KZ_090102_1J,KZAKT,KZAKT,2.6
2010,M_T,_L_KZ_090102_1J,KZALM,KZALM,2.2
2010,M_T,_L_KZ_090102_1J,KZATY,KZATY,1.0
2010,M_T,_L_KZ_090102_1J,KZZAP,KZZAP,1.4
2010,M_T,_L_KZ_090102_1J,KZZHA,KZZHA,0.9
2010,M_T,_L_KZ_090102_1J,KZZHS,KZZHS,0.8
2010,M_T,_L_KZ_090102_1J,KZKAR,KZKAR,18.5
2010,M_T,_L_KZ_090102_1J,KZKUS,KZKUS,3.6
2010,M_T,_L_KZ_090102_1J,KZKZY,KZKZY,4.5
2010,M_T,_L_KZ_090102_1J,KZMAN,KZMAN,1.4
2010,M_T,_L_KZ_090102_1J,KZPAV,KZPAV,2.9
2010,M_T,_L_KZ_090102_1J,KZSEV,KZSEV,2.4
2010,M_T,_L_KZ_090102_1J,KZYUZ,KZYUZ,1.3
2010,M_T,_L_KZ_090102_1J,KZULU,KZULU,0.8
2010,M_T,_L_KZ_090102_1J,KZVOS,KZVOS,15.1
2010,M_T,_L_KZ_090102_1J,KZNS,KZNS,2.0
2010,M_T,_L_KZ_090102_1J,KZALA,KZALA,2.7
2010,M_T,_L_KZ_090102_1J,KZSHY,KZSHY,2.0
2010,PER_1000000_POP,_L_KZ_090102_1N,,,1310.4
2010,PER_1000000_POP,_L_KZ_090102_1N,KZABY,KZABY,46.5
2010,PER_1000000_POP,_L_KZ_090102_1N,KZAKM,KZAKM,26.8
2010,PER_1000000_POP,_L_KZ_090102_1N,KZAKT,KZAKT,36.7
2010,PER_1000000_POP,_L_KZ_090102_1N,KZALM,KZALM,17.9
2010,PER_1000000_POP,_L_KZ_090102_1N,KZATY,KZATY,30.1
2010,PER_1000000_POP,_L_KZ_090102_1N,KZZAP,KZZAP,64.2
2010,PER_1000000_POP,_L_KZ_090102_1N,KZZHA,KZZHA,106.1
2010,PER_1000000_POP,_L_KZ_090102_1N,KZKAR,KZKAR,179.9
2010,PER_1000000_POP,_L_KZ_090102_1N,KZKUS,KZKUS,36.0
2010,PER_1000000_POP,_L_KZ_090102_1N,KZKZY,KZKZY,16.9
2010,PER_1000000_POP,_L_KZ_090102_1N,KZMAN,KZMAN,20.7
2010,PER_1000000_POP,_L_KZ_090102_1N,KZPAV,KZPAV,106.6
2010,PER_1000000_POP,_L_KZ_090102_1N,KZSEV,KZSEV,27.1
2010,PER_1000000_POP,_L_KZ_090102_1N,KZYUZ,KZYUZ,17.1
2010,PER_1000000_POP,_L_KZ_090102_1N,KZULU,KZULU,24.7
2010,PER_1000000_POP,_L_KZ_090102_1N,KZVOS,KZVOS,102.9
2010,PER_1000000_POP,_L_KZ_090102_1N,KZNS,KZNS,227.5
2010,PER_1000000_POP,_L_KZ_090102_1N,KZALA,KZALA,152.3
2010,PER_1000000_POP,_L_KZ_090102_1N,KZSHY,KZSHY,40.3
2010,T,_L_KZ_090102_1K,,,28869.7
2010,T,_L_KZ_090102_1K,KZABY,KZABY,32.5
2010,T,_L_KZ_090102_1K,KZULU,KZULU,9.2
2010,T,_L_KZ_090102_1K,KZALA,KZALA,28091.0
2010,T,_L_KZ_090102_1K,KZSHY,KZSHY,737.0
2010,TH_PEOPLE,_L_KZ_090102_1M,,,3379.2
2010,TH_PEOPLE,_L_KZ_090102_1M,KZABY,KZABY,33.1
2010,TH_PEOPLE,_L_KZ_090102_1M,KZAKM,KZAKM,1.8
2010,TH_PEOPLE,_L_KZ_090102_1M,KZAKT,KZAKT,62.1
2010,TH_PEOPLE,_L_KZ_090102_1M,KZALM,KZALM,3.3
2010,TH_PEOPLE,_L_KZ_090102_1M,KZATY,KZATY,310.6
2010,TH_PEOPLE,_L_KZ_090102_1M,KZKAR,KZKAR,31.2
2010,TH_PEOPLE,_L_KZ_090102_1M,KZKUS,KZKUS,5.2
2010,TH_PEOPLE,_L_KZ_090102_1M,KZKZY,KZKZY,26.5
2010,TH_PEOPLE,_L_KZ_090102_1M,KZZAP,KZZAP,23.0
2010,TH_PEOPLE,_L_KZ_090102_1M,KZZHA,KZZHA,16.9
2010,TH_PEOPLE,_L_KZ_090102_1M,KZZHS,KZZHS,19.3
2010,TH_PEOPLE,_L_KZ_090102_1M,KZMAN,KZMAN,173.4
2010,TH_PEOPLE,_L_KZ_090102_1M,KZPAV,KZPAV,14.1
2010,TH_PEOPLE,_L_KZ_090102_1M,KZSEV,KZSEV,4.5
2010,TH_PEOPLE,_L_KZ_090102_1M,KZYUZ,KZYUZ,72.0
2010,TH_PEOPLE,_L_KZ_090102_1M,KZULU,KZULU,9.6
2010,TH_PEOPLE,_L_KZ_090102_1M,KZVOS,KZVOS,18.9
2010,TH_PEOPLE,_L_KZ_090102_1M,KZNS,KZNS,863.6
2010,TH_PEOPLE,_L_KZ_090102_1M,KZALA,KZALA,1505.3
2010,TH_PEOPLE,_L_KZ_090102_1M,KZSHY,KZSHY,184.9
2010,M_T,_L_KZ_090102_1P,,,194.0
2010,M_T,_L_KZ_090102_1P,KZABY,KZABY,2.3
2010,M_T,_L_KZ_090102_1P,KZAKT,KZAKT,11.5
2010,M_T,_L_KZ_090102_1P,KZALM,KZALM,5.0
2010,M_T,_L_KZ_090102_1P,KZATY,KZATY,60.7
2010,M_T,_L_KZ_090102_1P,KZZAP,KZZAP,26.0
2010,M_T,_L_KZ_090102_1P,KZZHA,KZZHA,4.7
2010,M_T,_L_KZ_090102_1P,KZZHS,KZZHS,4.5
2010,M_T,_L_KZ_090102_1P,KZKAR,KZKAR,7.9
2010,M_T,_L_KZ_090102_1P,KZKUS,KZKUS,0.9
2010,M_T,_L_KZ_090102_1P,KZKZY,KZKZY,6.6
2010,M_T,_L_KZ_090102_1P,KZMAN,KZMAN,25.9
2010,M_T,_L_KZ_090102_1P,KZPAV,KZPAV,7.9
2010,M_T,_L_KZ_090102_1P,KZSEV,KZSEV,0.7
2010,M_T,_L_KZ_090102_1P,KZYUZ,KZYUZ,11.6
2010,M_T,_L_KZ_090102_1P,KZULU,KZULU,12.2
2010,M_T,_L_KZ_090102_1P,KZNS,KZNS,4.5
2010,M_T,_L_KZ_090102_1P,KZALA,KZALA,0.8
2010,M_T,_L_KZ_090102_1P,KZSHY,KZSHY,0.3
2010,M_T,_L_KZ_090102_1R,,,4.7
2010,M_T,_L_KZ_090102_1R,KZMAN,KZMAN,4.7
2011,M_T,_L_KZ_090102_1L,,,573.0
2011,M_T,_L_KZ_090102_1Q,,,214.1
2011,M_T,_L_KZ_090102_1G,,,279.7
2011,M_T,_L_KZ_090102_1A,,,73.6
2011,M_T,_L_KZ_090102_1D,,,0.03
2011,M_T,_L_KZ_090102_1B,,,1.1
2011,M_T,_L_KZ_090102_1I,,,4.6
2011,M_T,,KZABY,KZABY,17.8
2011,M_T,,KZAKM,KZAKM,27.2
2011,M_T,,KZAKT,KZAKT,41.3
2011,M_T,,KZALM,KZALM,21.8
2011,M_T,,KZATY,KZATY,75.2
2011,M_T,,KZZAP,KZZAP,28.3
2011,M_T,,KZZHA,KZZHA,34.3
2011,M_T,,KZKAR,KZKAR,45.5
2011,M_T,,KZKUS,KZKUS,24.0
2011,M_T,,KZKZY,KZKZY,29.7
2011,M_T,,KZMAN,KZMAN,40.6
2011,M_T,,KZPAV,KZPAV,33.5
2011,M_T,,KZSEV,KZSEV,10.4
2011,M_T,,KZYUZ,KZYUZ,24.1
2011,M_T,,KZULU,KZULU,20.8
2011,M_T,,KZVOS,KZVOS,25.2
2011,M_T,,KZNS,KZNS,34.5
2011,M_T,,KZALA,KZALA,13.7
2011,M_T,,KZSHY,KZSHY,12.0
2011,PER_1000000_POP,_L_KZ_090102_1N,,,1386.1
2011,PER_1000000_POP,_L_KZ_090102_1H,,,20.5
2011,PER_1000000_POP,_L_KZ_090102_1A,,,1284.4
2011,PER_1000000_POP,_L_KZ_090102_1B,,,0.1
2011,PER_1000000_POP,_L_KZ_090102_1D,,,4.1
2011,PER_1000000_POP,_L_KZ_090102_1F,,,77.0
2011,PER_1000000_POP,,KZABY,KZABY,50.4
2011,PER_1000000_POP,,KZAKM,KZAKM,27.6
2011,PER_1000000_POP,,KZAKT,KZAKT,39.7
2011,PER_1000000_POP,,KZALM,KZALM,16.8
2011,PER_1000000_POP,,KZATY,KZATY,31.7
2011,PER_1000000_POP,,KZZAP,KZZAP,66.8
2011,PER_1000000_POP,,KZZHA,KZZHA,111.1
2011,PER_1000000_POP,,KZZHS,KZZHS,31.6
2011,PER_1000000_POP,,KZKAR,KZKAR,173.9
2011,PER_1000000_POP,,KZKUS,KZKUS,37.9
2011,PER_1000000_POP,,KZKZY,KZKZY,18.4
2011,PER_1000000_POP,,KZMAN,KZMAN,21.4
2011,PER_1000000_POP,,KZPAV,KZPAV,119.0
2011,PER_1000000_POP,,KZSEV,KZSEV,25.3
2011,PER_1000000_POP,,KZYUZ,KZYUZ,20.5
2011,PER_1000000_POP,,KZULU,KZULU,25.4
2011,PER_1000000_POP,,KZVOS,KZVOS,104.2
2011,PER_1000000_POP,,KZNS,KZNS,230.7
2011,PER_1000000_POP,,KZALA,KZALA,189.0
2011,PER_1000000_POP,,KZSHY,KZSHY,44.5
2011,M_T,_L_KZ_090102_1J,,,73.6
2011,M_T,_L_KZ_090102_1J,KZABY,KZABY,1.6
2011,M_T,_L_KZ_090102_1J,KZAKM,KZAKM,3.7
2011,M_T,_L_KZ_090102_1J,KZAKT,KZAKT,3.3
2011,M_T,_L_KZ_090102_1J,KZALM,KZALM,1.7
2011,M_T,_L_KZ_090102_1J,KZATY,KZATY,2.3
2011,M_T,_L_KZ_090102_1J,KZZAP,KZZAP,1.1
2011,M_T,_L_KZ_090102_1J,KZZHA,KZZHA,0.7
2011,M_T,_L_KZ_090102_1J,KZZHS,KZZHS,0.8
2011,M_T,_L_KZ_090102_1J,KZKAR,KZKAR,13.8
2011,M_T,_L_KZ_090102_1J,KZKUS,KZKUS,3.3
2011,M_T,_L_KZ_090102_1J,KZKZY,KZKZY,7.0
2011,M_T,_L_KZ_090102_1J,KZMAN,KZMAN,1.7
2011,M_T,_L_KZ_090102_1J,KZPAV,KZPAV,4.0
2011,M_T,_L_KZ_090102_1J,KZSEV,KZSEV,2.4
2011,M_T,_L_KZ_090102_1J,KZYUZ,KZYUZ,1.6
2011,M_T,_L_KZ_090102_1J,KZULU,KZULU,0.7
2011,M_T,_L_KZ_090102_1J,KZVOS,KZVOS,17.7
2011,M_T,_L_KZ_090102_1J,KZNS,KZNS,2.6
2011,M_T,_L_KZ_090102_1J,KZALA,KZALA,1.8
2011,M_T,_L_KZ_090102_1J,KZSHY,KZSHY,1.8
2011,PER_1000000_POP,_L_KZ_090102_1N,,,1361.3
2011,PER_1000000_POP,_L_KZ_090102_1N,KZABY,KZABY,49.4
2011,PER_1000000_POP,_L_KZ_090102_1N,KZAKM,KZAKM,26.0
2011,PER_1000000_POP,_L_KZ_090102_1N,KZAKT,KZAKT,37.7
2011,PER_1000000_POP,_L_KZ_090102_1N,KZALM,KZALM,16.4
2011,PER_1000000_POP,_L_KZ_090102_1N,KZATY,KZATY,30.1
2011,PER_1000000_POP,_L_KZ_090102_1N,KZZAP,KZZAP,66.3
2011,PER_1000000_POP,_L_KZ_090102_1N,KZZHA,KZZHA,109.8
2011,PER_1000000_POP,_L_KZ_090102_1N,KZZHS,KZZHS,31.2
2011,PER_1000000_POP,_L_KZ_090102_1N,KZKAR,KZKAR,172.2
2011,PER_1000000_POP,_L_KZ_090102_1N,KZKUS,KZKUS,36.5
2011,PER_1000000_POP,_L_KZ_090102_1N,KZKZY,KZKZY,17.2
2011,PER_1000000_POP,_L_KZ_090102_1N,KZMAN,KZMAN,19.8
2011,PER_1000000_POP,_L_KZ_090102_1N,KZPAV,KZPAV,117.5
2011,PER_1000000_POP,_L_KZ_090102_1N,KZSEV,KZSEV,24.8
2011,PER_1000000_POP,_L_KZ_090102_1N,KZYUZ,KZYUZ,20.2
2011,PER_1000000_POP,_L_KZ_090102_1N,KZULU,KZULU,24.8
2011,PER_1000000_POP,_L_KZ_090102_1N,KZVOS,KZVOS,103.7
2011,PER_1000000_POP,_L_KZ_090102_1N,KZNS,KZNS,227.9
2011,PER_1000000_POP,_L_KZ_090102_1N,KZALA,KZALA,186.1
2011,PER_1000000_POP,_L_KZ_090102_1N,KZSHY,KZSHY,43.6
2011,T,_L_KZ_090102_1K,,,31554.9
2011,T,_L_KZ_090102_1K,KZABY,KZABY,44.0
2011,T,_L_KZ_090102_1K,KZULU,KZULU,6.6
2011,T,_L_KZ_090102_1K,KZALA,KZALA,30921.3
2011,T,_L_KZ_090102_1K,KZSHY,KZSHY,583.0
2011,TH_PEOPLE,_L_KZ_090102_1M,,,4131.3
2011,TH_PEOPLE,_L_KZ_090102_1M,KZABY,KZABY,37.4
2011,TH_PEOPLE,_L_KZ_090102_1M,KZAKM,KZAKM,2.4
2011,TH_PEOPLE,_L_KZ_090102_1M,KZAKT,KZAKT,79.8
2011,TH_PEOPLE,_L_KZ_090102_1M,KZALM,KZALM,1.3
2011,TH_PEOPLE,_L_KZ_090102_1M,KZATY,KZATY,388.1
2011,TH_PEOPLE,_L_KZ_090102_1M,KZKAR,KZKAR,37.2
2011,TH_PEOPLE,_L_KZ_090102_1M,KZKUS,KZKUS,7.0
2011,TH_PEOPLE,_L_KZ_090102_1M,KZKZY,KZKZY,27.3
2011,TH_PEOPLE,_L_KZ_090102_1M,KZZAP,KZZAP,17.5
2011,TH_PEOPLE,_L_KZ_090102_1M,KZZHA,KZZHA,20.1
2011,TH_PEOPLE,_L_KZ_090102_1M,KZZHS,KZZHS,22.9
2011,TH_PEOPLE,_L_KZ_090102_1M,KZMAN,KZMAN,233.8
2011,TH_PEOPLE,_L_KZ_090102_1M,KZPAV,KZPAV,12.9
2011,TH_PEOPLE,_L_KZ_090102_1M,KZSEV,KZSEV,6.0
2011,TH_PEOPLE,_L_KZ_090102_1M,KZYUZ,KZYUZ,86.0
2011,TH_PEOPLE,_L_KZ_090102_1M,KZULU,KZULU,11.4
2011,TH_PEOPLE,_L_KZ_090102_1M,KZVOS,KZVOS,23.7
2011,TH_PEOPLE,_L_KZ_090102_1M,KZNS,KZNS,1057.9
2011,TH_PEOPLE,_L_KZ_090102_1M,KZALA,KZALA,1821.4
2011,TH_PEOPLE,_L_KZ_090102_1M,KZSHY,KZSHY,237.3
2011,M_T,_L_KZ_090102_1P,,,214.1
2011,M_T,_L_KZ_090102_1P,KZABY,KZABY,2.6
2011,M_T,_L_KZ_090102_1P,KZAKT,KZAKT,11.6
2011,M_T,_L_KZ_090102_1P,KZALM,KZALM,13.7
2011,M_T,_L_KZ_090102_1P,KZATY,KZATY,56.0
2011,M_T,_L_KZ_090102_1P,KZZAP,KZZAP,20.8
2011,M_T,_L_KZ_090102_1P,KZZHA,KZZHA,15.3
2011,M_T,_L_KZ_090102_1P,KZZHS,KZZHS,6.4
2011,M_T,_L_KZ_090102_1P,KZKAR,KZKAR,8.2
2011,M_T,_L_KZ_090102_1P,KZKUS,KZKUS,1.2
2011,M_T,_L_KZ_090102_1P,KZKZY,KZKZY,7.3
2011,M_T,_L_KZ_090102_1P,KZMAN,KZMAN,22.5
2011,M_T,_L_KZ_090102_1P,KZPAV,KZPAV,8.4
2011,M_T,_L_KZ_090102_1P,KZSEV,KZSEV,1.0
2011,M_T,_L_KZ_090102_1P,KZYUZ,KZYUZ,19.2
2011,M_T,_L_KZ_090102_1P,KZULU,KZULU,11.7
2011,M_T,_L_KZ_090102_1P,KZNS,KZNS,6.2
2011,M_T,_L_KZ_090102_1P,KZALA,KZALA,1.3
2011,M_T,_L_KZ_090102_1P,KZSHY,KZSHY,0.6
2011,M_T,_L_KZ_090102_1R,,,4.6
2011,M_T,_L_KZ_090102_1R,KZMAN,KZMAN,4.6
2012,M_T,_L_KZ_090102_1L,,,585.2
2012,M_T,_L_KZ_090102_1Q,,,213.2
2012,M_T,_L_KZ_090102_1G,,,294.8
2012,M_T,_L_KZ_090102_1A,,,71.8
2012,M_T,_L_KZ_090102_1D,,,0.02
2012,M_T,_L_KZ_090102_1B,,,1.3
2012,M_T,_L_KZ_090102_1I,,,4.0
2012,M_T,,KZABY,KZABY,18.1
2012,M_T,,KZAKM,KZAKM,27.4
2012,M_T,,KZAKT,KZAKT,43.1
2012,M_T,,KZALM,KZALM,29.2
2012,M_T,,KZATY,KZATY,67.4
2012,M_T,,KZZAP,KZZAP,25.9
2012,M_T,,KZZHA,KZZHA,39.6
2012,M_T,,KZZHS,KZZHS,14.0
2012,M_T,,KZKAR,KZKAR,45.3
2012,M_T,,KZKUS,KZKUS,25.1
2012,M_T,,KZKZY,KZKZY,28.6
2012,M_T,,KZMAN,KZMAN,41.7
2012,M_T,,KZPAV,KZPAV,34.6
2012,M_T,,KZSEV,KZSEV,10.3
2012,M_T,,KZYUZ,KZYUZ,29.1
2012,M_T,,KZULU,KZULU,23.4
2012,M_T,,KZVOS,KZVOS,27.3
2012,M_T,,KZNS,KZNS,29.2
2012,M_T,,KZALA,KZALA,11.9
2012,M_T,,KZSHY,KZSHY,13.9
2012,PER_1000000_POP,_L_KZ_090102_1N,,,1543.3
2012,PER_1000000_POP,_L_KZ_090102_1H,,,24.4
2012,PER_1000000_POP,_L_KZ_090102_1A,,,1444.7
2012,PER_1000000_POP,_L_KZ_090102_1B,,,0.1
2012,PER_1000000_POP,_L_KZ_090102_1D,,,4.5
2012,PER_1000000_POP,_L_KZ_090102_1F,,,69.6
2012,PER_1000000_POP,,KZABY,KZABY,49.1
2012,PER_1000000_POP,,KZAKM,KZAKM,31.4
2012,PER_1000000_POP,,KZAKT,KZAKT,44.4
2012,PER_1000000_POP,,KZALM,KZALM,16.4
2012,PER_1000000_POP,,KZATY,KZATY,26.8
2012,PER_1000000_POP,,KZZAP,KZZAP,67.5
2012,PER_1000000_POP,,KZZHA,KZZHA,105.3
2012,PER_1000000_POP,,KZZHS,KZZHS,31.7
2012,PER_1000000_POP,,KZKAR,KZKAR,175.8
2012,PER_1000000_POP,,KZKUS,KZKUS,38.2
2012,PER_1000000_POP,,KZKZY,KZKZY,19.2
2012,PER_1000000_POP,,KZMAN,KZMAN,19.5
2012,PER_1000000_POP,,KZPAV,KZPAV,125.4
2012,PER_1000000_POP,,KZSEV,KZSEV,23.6
2012,PER_1000000_POP,,KZYUZ,KZYUZ,22.3
2012,PER_1000000_POP,,KZULU,KZULU,26.4
2012,PER_1000000_POP,,KZVOS,KZVOS,104.3
2012,PER_1000000_POP,,KZNS,KZNS,337.5
2012,PER_1000000_POP,,KZALA,KZALA,227.7
2012,PER_1000000_POP,,KZSHY,KZSHY,51.1
2012,M_T,_L_KZ_090102_1J,,,71.8
2012,M_T,_L_KZ_090102_1J,KZABY,KZABY,1.5
2012,M_T,_L_KZ_090102_1J,KZAKM,KZAKM,2.4
2012,M_T,_L_KZ_090102_1J,KZAKT,KZAKT,3.8
2012,M_T,_L_KZ_090102_1J,KZALM,KZALM,2.2
2012,M_T,_L_KZ_090102_1J,KZATY,KZATY,1.3
2012,M_T,_L_KZ_090102_1J,KZZAP,KZZAP,1.4
2012,M_T,_L_KZ_090102_1J,KZZHA,KZZHA,0.9
2012,M_T,_L_KZ_090102_1J,KZKAR,KZKAR,12.3
2012,M_T,_L_KZ_090102_1J,KZKUS,KZKUS,3.2
2012,M_T,_L_KZ_090102_1J,KZKZY,KZKZY,5.9
2012,M_T,_L_KZ_090102_1J,KZMAN,KZMAN,1.5
2012,M_T,_L_KZ_090102_1J,KZPAV,KZPAV,4.5
2012,M_T,_L_KZ_090102_1J,KZSEV,KZSEV,1.4
2012,M_T,_L_KZ_090102_1J,KZYUZ,KZYUZ,1.1
2012,M_T,_L_KZ_090102_1J,KZULU,KZULU,0.7
2012,M_T,_L_KZ_090102_1J,KZVOS,KZVOS,19.3
2012,M_T,_L_KZ_090102_1J,KZNS,KZNS,2.3
2012,M_T,_L_KZ_090102_1J,KZALA,KZALA,2.4
2012,M_T,_L_KZ_090102_1J,KZSHY,KZSHY,3.0
2012,PER_1000000_POP,_L_KZ_090102_1N,,,1514.3
2012,PER_1000000_POP,_L_KZ_090102_1N,KZABY,KZABY,47.9
2012,PER_1000000_POP,_L_KZ_090102_1N,KZAKM,KZAKM,29.4
2012,PER_1000000_POP,_L_KZ_090102_1N,KZAKT,KZAKT,42.0
2012,PER_1000000_POP,_L_KZ_090102_1N,KZALM,KZALM,15.6
2012,PER_1000000_POP,_L_KZ_090102_1N,KZATY,KZATY,25.0
2012,PER_1000000_POP,_L_KZ_090102_1N,KZZAP,KZZAP,66.8
2012,PER_1000000_POP,_L_KZ_090102_1N,KZZHA,KZZHA,103.8
2012,PER_1000000_POP,_L_KZ_090102_1N,KZZHS,KZZHS,31.1
2012,PER_1000000_POP,_L_KZ_090102_1N,KZKAR,KZKAR,173.7
2012,PER_1000000_POP,_L_KZ_090102_1N,KZKUS,KZKUS,36.4
2012,PER_1000000_POP,_L_KZ_090102_1N,KZKZY,KZKZY,17.7
2012,PER_1000000_POP,_L_KZ_090102_1N,KZMAN,KZMAN,18.1
2012,PER_1000000_POP,_L_KZ_090102_1N,KZPAV,KZPAV,123.7
2012,PER_1000000_POP,_L_KZ_090102_1N,KZSEV,KZSEV,22.9
2012,PER_1000000_POP,_L_KZ_090102_1N,KZYUZ,KZYUZ,21.8
2012,PER_1000000_POP,_L_KZ_090102_1N,KZULU,KZULU,25.6
2012,PER_1000000_POP,_L_KZ_090102_1N,KZVOS,KZVOS,103.7
2012,PER_1000000_POP,_L_KZ_090102_1N,KZNS,KZNS,334.6
2012,PER_1000000_POP,_L_KZ_090102_1N,KZALA,KZALA,224.7
2012,PER_1000000_POP,_L_KZ_090102_1N,KZSHY,KZSHY,50.0
2012,T,_L_KZ_090102_1K,,,21954.2
2012,T,_L_KZ_090102_1K,KZABY,KZABY,5.8
2012,T,_L_KZ_090102_1K,KZZAP,KZZAP,183.0
2012,T,_L_KZ_090102_1K,KZALA,KZALA,20997.4
2012,T,_L_KZ_090102_1K,KZSHY,KZSHY,768.0
2012,TH_PEOPLE,_L_KZ_090102_1M,,,4512.0
2012,TH_PEOPLE,_L_KZ_090102_1M,KZABY,KZABY,26.5
2012,TH_PEOPLE,_L_KZ_090102_1M,KZAKM,KZAKM,2.9
2012,TH_PEOPLE,_L_KZ_090102_1M,KZALM,KZALM,2.1
2012,TH_PEOPLE,_L_KZ_090102_1M,KZATY,KZATY,441.8
2012,TH_PEOPLE,_L_KZ_090102_1M,KZKAR,KZKAR,99.0
2012,TH_PEOPLE,_L_KZ_090102_1M,KZKUS,KZKUS,8.4
2012,TH_PEOPLE,_L_KZ_090102_1M,KZKZY,KZKZY,28.9
2012,TH_PEOPLE,_L_KZ_090102_1M,KZZAP,KZZAP,17.7
2012,TH_PEOPLE,_L_KZ_090102_1M,KZZHA,KZZHA,21.3
2012,TH_PEOPLE,_L_KZ_090102_1M,KZZHS,KZZHS,24.3
2012,TH_PEOPLE,_L_KZ_090102_1M,KZMAN,KZMAN,227.2
2012,TH_PEOPLE,_L_KZ_090102_1M,KZPAV,KZPAV,12.8
2012,TH_PEOPLE,_L_KZ_090102_1M,KZSEV,KZSEV,7.3
2012,TH_PEOPLE,_L_KZ_090102_1M,KZYUZ,KZYUZ,91.4
2012,TH_PEOPLE,_L_KZ_090102_1M,KZULU,KZULU,7.2
2012,TH_PEOPLE,_L_KZ_090102_1M,KZVOS,KZVOS,26.9
2012,TH_PEOPLE,_L_KZ_090102_1M,KZNS,KZNS,1131.1
2012,TH_PEOPLE,_L_KZ_090102_1M,KZALA,KZALA,1967.7
2012,TH_PEOPLE,_L_KZ_090102_1M,KZSHY,KZSHY,274.8
2012,M_T,_L_KZ_090102_1P,,,213.2
2012,M_T,_L_KZ_090102_1P,KZABY,KZABY,2.1
2012,M_T,_L_KZ_090102_1P,KZAKT,KZAKT,11.4
2012,M_T,_L_KZ_090102_1P,KZALM,KZALM,16.6
2012,M_T,_L_KZ_090102_1P,KZATY,KZATY,49.1
2012,M_T,_L_KZ_090102_1P,KZZAP,KZZAP,17.9
2012,M_T,_L_KZ_090102_1P,KZZHA,KZZHA,19.6
2012,M_T,_L_KZ_090102_1P,KZZHS,KZZHS,6.3
2012,M_T,_L_KZ_090102_1P,KZKAR,KZKAR,7.9
2012,M_T,_L_KZ_090102_1P,KZKUS,KZKUS,1.0
2012,M_T,_L_KZ_090102_1P,KZKZY,KZKZY,6.1
2012,M_T,_L_KZ_090102_1P,KZMAN,KZMAN,21.9
2012,M_T,_L_KZ_090102_1P,KZPAV,KZPAV,8.8
2012,M_T,_L_KZ_090102_1P,KZSEV,KZSEV,0.7
2012,M_T,_L_KZ_090102_1P,KZYUZ,KZYUZ,23.8
2012,M_T,_L_KZ_090102_1P,KZULU,KZULU,13.1
2012,M_T,_L_KZ_090102_1P,KZNS,KZNS,5.0
2012,M_T,_L_KZ_090102_1P,KZALA,KZALA,1.1
2012,M_T,_L_KZ_090102_1P,KZSHY,KZSHY,0.9
2012,M_T,_L_KZ_090102_1R,,,4.0
2012,M_T,_L_KZ_090102_1R,KZMAN,KZMAN,4.0
2013,M_T,_L_KZ_090102_1L,,,623.7
2013,M_T,_L_KZ_090102_1Q,,,225.9
2013,M_T,_L_KZ_090102_1G,,,293.7
2013,M_T,_L_KZ_090102_1A,,,99.0
2013,M_T,_L_KZ_090102_1D,,,0.02
2013,M_T,_L_KZ_090102_1B,,,1.1
2013,M_T,_L_KZ_090102_1I,,,4.0
2013,M_T,,KZABY,KZABY,17.9
2013,M_T,,KZAKM,KZAKM,26.4
2013,M_T,,KZAKT,KZAKT,44.9
2013,M_T,,KZALM,KZALM,32.2
2013,M_T,,KZATY,KZATY,70.6
2013,M_T,,KZZAP,KZZAP,23.7
2013,M_T,,KZZHA,KZZHA,41.4
2013,M_T,,KZZHS,KZZHS,13.4
2013,M_T,,KZKAR,KZKAR,52.6
2013,M_T,,KZKUS,KZKUS,26.0
2013,M_T,,KZKZY,KZKZY,29.3
2013,M_T,,KZMAN,KZMAN,42.3
2013,M_T,,KZPAV,KZPAV,49.9
2013,M_T,,KZSEV,KZSEV,8.8
2013,M_T,,KZYUZ,KZYUZ,28.7
2013,M_T,,KZULU,KZULU,25.1
2013,M_T,,KZVOS,KZVOS,27.8
2013,M_T,,KZNS,KZNS,34.3
2013,M_T,,KZALA,KZALA,14.1
2013,M_T,,KZSHY,KZSHY,14.3
2013,PER_1000000_POP,_L_KZ_090102_1N,,,1554.2
2013,PER_1000000_POP,_L_KZ_090102_1H,,,28.6
2013,PER_1000000_POP,_L_KZ_090102_1A,,,1455.2
2013,PER_1000000_POP,_L_KZ_090102_1B,,,0.1
2013,PER_1000000_POP,_L_KZ_090102_1D,,,5.0
2013,PER_1000000_POP,_L_KZ_090102_1F,,,65.4
2013,PER_1000000_POP,,KZAKM,KZAKM,45.7
2013,PER_1000000_POP,,KZAKM,KZAKM,32.4
2013,PER_1000000_POP,,KZAKT,KZAKT,49.1
2013,PER_1000000_POP,,KZALM,KZALM,17.0
2013,PER_1000000_POP,,KZATY,KZATY,24.5
2013,PER_1000000_POP,,KZZAP,KZZAP,73.5
2013,PER_1000000_POP,,KZZHA,KZZHA,100.8
2013,PER_1000000_POP,,KZZHS,KZZHS,35.8
2013,PER_1000000_POP,,KZKAR,KZKAR,170.7
2013,PER_1000000_POP,,KZKUS,KZKUS,38.3
2013,PER_1000000_POP,,KZKZY,KZKZY,20.8
2013,PER_1000000_POP,,KZMAN,KZMAN,21.3
2013,PER_1000000_POP,,KZPAV,KZPAV,103.1
2013,PER_1000000_POP,,KZSEV,KZSEV,20.2
2013,PER_1000000_POP,,KZYUZ,KZYUZ,19.3
2013,PER_1000000_POP,,KZULU,KZULU,26.1
2013,PER_1000000_POP,,KZVOS,KZVOS,101.2
2013,PER_1000000_POP,,KZNS,KZNS,365.0
2013,PER_1000000_POP,,KZALA,KZALA,239.1
2013,PER_1000000_POP,,KZSHY,KZSHY,50.7
2013,M_T,_L_KZ_090102_1J,,,99.0
2013,M_T,_L_KZ_090102_1J,KZABY,KZABY,1.3
2013,M_T,_L_KZ_090102_1J,KZAKM,KZAKM,2.1
2013,M_T,_L_KZ_090102_1J,KZAKT,KZAKT,5.1
2013,M_T,_L_KZ_090102_1J,KZALM,KZALM,2.9
2013,M_T,_L_KZ_090102_1J,KZATY,KZATY,2.6
2013,M_T,_L_KZ_090102_1J,KZZAP,KZZAP,1.1
2013,M_T,_L_KZ_090102_1J,KZZHA,KZZHA,0.6
2013,M_T,_L_KZ_090102_1J,KZKAR,KZKAR,18.4
2013,M_T,_L_KZ_090102_1J,KZKUS,KZKUS,4.8
2013,M_T,_L_KZ_090102_1J,KZKZY,KZKZY,5.6
2013,M_T,_L_KZ_090102_1J,KZMAN,KZMAN,1.9
2013,M_T,_L_KZ_090102_1J,KZPAV,KZPAV,18.5
2013,M_T,_L_KZ_090102_1J,KZSEV,KZSEV,0.9
2013,M_T,_L_KZ_090102_1J,KZYUZ,KZYUZ,0.8
2013,M_T,_L_KZ_090102_1J,KZULU,KZULU,1.5
2013,M_T,_L_KZ_090102_1J,KZVOS,KZVOS,19.8
2013,M_T,_L_KZ_090102_1J,KZNS,KZNS,4.3
2013,M_T,_L_KZ_090102_1J,KZALA,KZALA,3.4
2013,M_T,_L_KZ_090102_1J,KZSHY,KZSHY,2.5
2013,PER_1000000_POP,_L_KZ_090102_1N,,,1520.6
2013,PER_1000000_POP,_L_KZ_090102_1N,KZABY,KZABY,44.3
2013,PER_1000000_POP,_L_KZ_090102_1N,KZAKM,KZAKM,30.1
2013,PER_1000000_POP,_L_KZ_090102_1N,KZAKT,KZAKT,46.3
2013,PER_1000000_POP,_L_KZ_090102_1N,KZALM,KZALM,16.0
2013,PER_1000000_POP,_L_KZ_090102_1N,KZATY,KZATY,22.4
2013,PER_1000000_POP,_L_KZ_090102_1N,KZZAP,KZZAP,72.6
2013,PER_1000000_POP,_L_KZ_090102_1N,KZZHA,KZZHA,99.0
2013,PER_1000000_POP,_L_KZ_090102_1N,KZZHS,KZZHS,35.2
2013,PER_1000000_POP,_L_KZ_090102_1N,KZKAR,KZKAR,168.0
2013,PER_1000000_POP,_L_KZ_090102_1N,KZKUS,KZKUS,36.3
2013,PER_1000000_POP,_L_KZ_090102_1N,KZKZY,KZKZY,19.0
2013,PER_1000000_POP,_L_KZ_090102_1N,KZMAN,KZMAN,19.7
2013,PER_1000000_POP,_L_KZ_090102_1N,KZPAV,KZPAV,101.1
2013,PER_1000000_POP,_L_KZ_090102_1N,KZSEV,KZSEV,19.5
2013,PER_1000000_POP,_L_KZ_090102_1N,KZYUZ,KZYUZ,18.8
2013,PER_1000000_POP,_L_KZ_090102_1N,KZULU,KZULU,25.2
2013,PER_1000000_POP,_L_KZ_090102_1N,KZVOS,KZVOS,100.4
2013,PER_1000000_POP,_L_KZ_090102_1N,KZNS,KZNS,361.4
2013,PER_1000000_POP,_L_KZ_090102_1N,KZALA,KZALA,235.7
2013,PER_1000000_POP,_L_KZ_090102_1N,KZSHY,KZSHY,49.4
2013,T,_L_KZ_090102_1K,,,23873.5
2013,T,_L_KZ_090102_1K,KZZAP,KZZAP,227.2
2013,T,_L_KZ_090102_1K,KZALA,KZALA,22584.3
2013,T,_L_KZ_090102_1K,KZSHY,KZSHY,1062.0
2013,TH_PEOPLE,_L_KZ_090102_1M,,,4985.6
2013,TH_PEOPLE,_L_KZ_090102_1M,KZABY,KZABY,23.9
2013,TH_PEOPLE,_L_KZ_090102_1M,KZAKM,KZAKM,3.0
2013,TH_PEOPLE,_L_KZ_090102_1M,KZAKT,KZAKT,97.0
2013,TH_PEOPLE,_L_KZ_090102_1M,KZALM,KZALM,2.6
2013,TH_PEOPLE,_L_KZ_090102_1M,KZATY,KZATY,468.2
2013,TH_PEOPLE,_L_KZ_090102_1M,KZKAR,KZKAR,184.1
2013,TH_PEOPLE,_L_KZ_090102_1M,KZKUS,KZKUS,8.6
2013,TH_PEOPLE,_L_KZ_090102_1M,KZKZY,KZKZY,23.9
2013,TH_PEOPLE,_L_KZ_090102_1M,KZZAP,KZZAP,19.7
2013,TH_PEOPLE,_L_KZ_090102_1M,KZZHA,KZZHA,23.8
2013,TH_PEOPLE,_L_KZ_090102_1M,KZZHS,KZZHS,27.2
2013,TH_PEOPLE,_L_KZ_090102_1M,KZMAN,KZMAN,250.1
2013,TH_PEOPLE,_L_KZ_090102_1M,KZPAV,KZPAV,14.3
2013,TH_PEOPLE,_L_KZ_090102_1M,KZSEV,KZSEV,7.4
2013,TH_PEOPLE,_L_KZ_090102_1M,KZYUZ,KZYUZ,101.9
2013,TH_PEOPLE,_L_KZ_090102_1M,KZULU,KZULU,10.0
2013,TH_PEOPLE,_L_KZ_090102_1M,KZVOS,KZVOS,28.6
2013,TH_PEOPLE,_L_KZ_090102_1M,KZNS,KZNS,1234.6
2013,TH_PEOPLE,_L_KZ_090102_1M,KZALA,KZALA,2168.5
2013,TH_PEOPLE,_L_KZ_090102_1M,KZSHY,KZSHY,288.2
2013,M_T,_L_KZ_090102_1P,,,225.9
2013,M_T,_L_KZ_090102_1P,KZABY,KZABY,2.4
2013,M_T,_L_KZ_090102_1P,KZAKT,KZAKT,12.2
2013,M_T,_L_KZ_090102_1P,KZALM,KZALM,18.8
2013,M_T,_L_KZ_090102_1P,KZATY,KZATY,50.8
2013,M_T,_L_KZ_090102_1P,KZZAP,KZZAP,16.2
2013,M_T,_L_KZ_090102_1P,KZZHA,KZZHA,22.2
2013,M_T,_L_KZ_090102_1P,KZZHS,KZZHS,7.0
2013,M_T,_L_KZ_090102_1P,KZKAR,KZKAR,8.9
2013,M_T,_L_KZ_090102_1P,KZKUS,KZKUS,0.9
2013,M_T,_L_KZ_090102_1P,KZKZY,KZKZY,6.8
2013,M_T,_L_KZ_090102_1P,KZMAN,KZMAN,22.6
2013,M_T,_L_KZ_090102_1P,KZPAV,KZPAV,10.8
2013,M_T,_L_KZ_090102_1P,KZSEV,KZSEV,0.7
2013,M_T,_L_KZ_090102_1P,KZYUZ,KZYUZ,24.5
2013,M_T,_L_KZ_090102_1P,KZULU,KZULU,14.7
2013,M_T,_L_KZ_090102_1P,KZNS,KZNS,5.5
2013,M_T,_L_KZ_090102_1P,KZALA,KZALA,1.3
2013,M_T,_L_KZ_090102_1P,KZSHY,KZSHY,0.6
2013,M_T,_L_KZ_090102_1R,,,4.0
2013,M_T,_L_KZ_090102_1R,KZMAN,KZMAN,4.0
2014,M_T,_L_KZ_090102_1L,,,728.8
2014,M_T,_L_KZ_090102_1Q,,,225.0
2014,M_T,_L_KZ_090102_1G,,,390.7
2014,M_T,_L_KZ_090102_1A,,,108.1
2014,M_T,_L_KZ_090102_1D,,,0.02
2014,M_T,_L_KZ_090102_1B,,,1.3
2014,M_T,_L_KZ_090102_1I,,,3.6
2014,M_T,,KZABY,KZABY,22.2
2014,M_T,,KZAKM,KZAKM,35.4
2014,M_T,,KZAKT,KZAKT,53.5
2014,M_T,,KZALM,KZALM,35.5
2014,M_T,,KZATY,KZATY,74.9
2014,M_T,,KZZAP,KZZAP,25.1
2014,M_T,,KZZHA,KZZHA,50.1
2014,M_T,,KZZHS,KZZHS,16.2
2014,M_T,,KZKAR,KZKAR,62.0
2014,M_T,,KZKUS,KZKUS,31.7
2014,M_T,,KZKZY,KZKZY,30.0
2014,M_T,,KZMAN,KZMAN,46.3
2014,M_T,,KZPAV,KZPAV,59.2
2014,M_T,,KZSEV,KZSEV,15.2
2014,M_T,,KZYUZ,KZYUZ,32.9
2014,M_T,,KZULU,KZULU,28.0
2014,M_T,,KZVOS,KZVOS,29.4
2014,M_T,,KZNS,KZNS,45.3
2014,M_T,,KZALA,KZALA,19.5
2014,M_T,,KZALA,KZALA,16.3
2014,PER_1000000_POP,_L_KZ_090102_1N,,,1669.7
2014,PER_1000000_POP,_L_KZ_090102_1H,,,23.2
2014,PER_1000000_POP,_L_KZ_090102_1A,,,1578.4
2014,PER_1000000_POP,_L_KZ_090102_1B,,,0.1
2014,PER_1000000_POP,_L_KZ_090102_1D,,,5.4
2014,PER_1000000_POP,_L_KZ_090102_1F,,,62.6
2014,PER_1000000_POP,,KZABY,KZABY,42.9
2014,PER_1000000_POP,,KZAKM,KZAKM,32.7
2014,PER_1000000_POP,,KZAKT,KZAKT,51.4
2014,PER_1000000_POP,,KZALM,KZALM,15.3
2014,PER_1000000_POP,,KZATY,KZATY,23.3
2014,PER_1000000_POP,,KZZAP,KZZAP,73.0
2014,PER_1000000_POP,,KZZHA,KZZHA,94.0
2014,PER_1000000_POP,,KZZHS,KZZHS,34.7
2014,PER_1000000_POP,,KZKAR,KZKAR,166.5
2014,PER_1000000_POP,,KZKUS,KZKUS,38.1
2014,PER_1000000_POP,,KZKZY,KZKZY,24.5
2014,PER_1000000_POP,,KZMAN,KZMAN,20.0
2014,PER_1000000_POP,,KZPAV,KZPAV,100.6
2014,PER_1000000_POP,,KZSEV,KZSEV,19.3
2014,PER_1000000_POP,,KZYUZ,KZYUZ,18.8
2014,PER_1000000_POP,,KZULU,KZULU,25.0
2014,PER_1000000_POP,,KZVOS,KZVOS,95.1
2014,PER_1000000_POP,,KZNS,KZNS,467.5
2014,PER_1000000_POP,,KZALA,KZALA,279.9
2014,PER_1000000_POP,,KZSHY,KZSHY,47.0
2014,M_T,_L_KZ_090102_1J,,,108.1
2014,M_T,_L_KZ_090102_1J,KZABY,KZABY,1.4
2014,M_T,_L_KZ_090102_1J,KZAKM,KZAKM,2.2
2014,M_T,_L_KZ_090102_1J,KZAKT,KZAKT,6.0
2014,M_T,_L_KZ_090102_1J,KZALM,KZALM,1.8
2014,M_T,_L_KZ_090102_1J,KZATY,KZATY,4.4
2014,M_T,_L_KZ_090102_1J,KZZAP,KZZAP,1.3
2014,M_T,_L_KZ_090102_1J,KZZHA,KZZHA,0.6
2014,M_T,_L_KZ_090102_1J,KZKAR,KZKAR,21.2
2014,M_T,_L_KZ_090102_1J,KZKUS,KZKUS,3.8
2014,M_T,_L_KZ_090102_1J,KZKZY,KZKZY,4.1
2014,M_T,_L_KZ_090102_1J,KZMAN,KZMAN,2.1
2014,M_T,_L_KZ_090102_1J,KZPAV,KZPAV,20.8
2014,M_T,_L_KZ_090102_1J,KZSEV,KZSEV,1.0
2014,M_T,_L_KZ_090102_1J,KZYUZ,KZYUZ,0.7
2014,M_T,_L_KZ_090102_1J,KZULU,KZULU,0.7
2014,M_T,_L_KZ_090102_1J,KZVOS,KZVOS,18.7
2014,M_T,_L_KZ_090102_1J,KZNS,KZNS,9.0
2014,M_T,_L_KZ_090102_1J,KZALA,KZALA,4.5
2014,M_T,_L_KZ_090102_1J,KZSHY,KZSHY,3.1
2014,PER_1000000_POP,_L_KZ_090102_1N,,,1640.9
2014,PER_1000000_POP,_L_KZ_090102_1N,KZAKM,KZAKM,41.7
2014,PER_1000000_POP,_L_KZ_090102_1N,KZAKT,KZAKT,30.8
2014,PER_1000000_POP,_L_KZ_090102_1N,KZALM,KZALM,49.1
2014,PER_1000000_POP,_L_KZ_090102_1N,KZATY,KZATY,14.6
2014,PER_1000000_POP,_L_KZ_090102_1N,KZZAP,KZZAP,72.1
2014,PER_1000000_POP,_L_KZ_090102_1N,KZZHA,KZZHA,92.5
2014,PER_1000000_POP,_L_KZ_090102_1N,KZZHS,KZZHS,34.1
2014,PER_1000000_POP,_L_KZ_090102_1N,KZKAR,KZKAR,164.5
2014,PER_1000000_POP,_L_KZ_090102_1N,KZKUS,KZKUS,36.5
2014,PER_1000000_POP,_L_KZ_090102_1N,KZKZY,KZKZY,23.0
2014,PER_1000000_POP,_L_KZ_090102_1N,KZMAN,KZMAN,18.7
2014,PER_1000000_POP,_L_KZ_090102_1N,KZPAV,KZPAV,99.0
2014,PER_1000000_POP,_L_KZ_090102_1N,KZSEV,KZSEV,18.7
2014,PER_1000000_POP,_L_KZ_090102_1N,KZYUZ,KZYUZ,18.4
2014,PER_1000000_POP,_L_KZ_090102_1N,KZULU,KZULU,24.2
2014,PER_1000000_POP,_L_KZ_090102_1N,KZVOS,KZVOS,94.4
2014,PER_1000000_POP,_L_KZ_090102_1N,KZNS,KZNS,464.5
2014,PER_1000000_POP,_L_KZ_090102_1N,KZALA,KZALA,276.6
2014,PER_1000000_POP,_L_KZ_090102_1N,KZSHY,KZSHY,46.0
2014,T,_L_KZ_090102_1K,,,19082.4
2014,T,_L_KZ_090102_1K,KZZAP,KZZAP,239.4
2014,T,_L_KZ_090102_1K,KZALA,KZALA,17865.0
2014,T,_L_KZ_090102_1K,KZSHY,KZSHY,978.0
2014,TH_PEOPLE,_L_KZ_090102_1M,,,5434.6
2014,TH_PEOPLE,_L_KZ_090102_1M,KZABY,KZABY,24.5
2014,TH_PEOPLE,_L_KZ_090102_1M,KZAKM,KZAKM,3.4
2014,TH_PEOPLE,_L_KZ_090102_1M,KZAKT,KZAKT,106.0
2014,TH_PEOPLE,_L_KZ_090102_1M,KZALM,KZALM,1.8
2014,TH_PEOPLE,_L_KZ_090102_1M,KZATY,KZATY,505.4
2014,TH_PEOPLE,_L_KZ_090102_1M,KZKAR,KZKAR,399.7
2014,TH_PEOPLE,_L_KZ_090102_1M,KZKUS,KZKUS,9.6
2014,TH_PEOPLE,_L_KZ_090102_1M,KZKZY,KZKZY,27.7
2014,TH_PEOPLE,_L_KZ_090102_1M,KZZAP,KZZAP,20.3
2014,TH_PEOPLE,_L_KZ_090102_1M,KZZHA,KZZHA,24.4
2014,TH_PEOPLE,_L_KZ_090102_1M,KZZHS,KZZHS,27.8
2014,TH_PEOPLE,_L_KZ_090102_1M,KZMAN,KZMAN,260.0
2014,TH_PEOPLE,_L_KZ_090102_1M,KZPAV,KZPAV,14.6
2014,TH_PEOPLE,_L_KZ_090102_1M,KZSEV,KZSEV,8.4
2014,TH_PEOPLE,_L_KZ_090102_1M,KZYUZ,KZYUZ,104.6
2014,TH_PEOPLE,_L_KZ_090102_1M,KZULU,KZULU,8.6
2014,TH_PEOPLE,_L_KZ_090102_1M,KZVOS,KZVOS,30.8
2014,TH_PEOPLE,_L_KZ_090102_1M,KZNS,KZNS,1289.9
2014,TH_PEOPLE,_L_KZ_090102_1M,KZALA,KZALA,2252.5
2014,TH_PEOPLE,_L_KZ_090102_1M,KZSHY,KZSHY,314.6
2014,M_T,_L_KZ_090102_1P,,,225.0
2014,M_T,_L_KZ_090102_1P,KZABY,KZABY,1.4
2014,M_T,_L_KZ_090102_1P,KZAKT,KZAKT,10.4
2014,M_T,_L_KZ_090102_1P,KZALM,KZALM,21.1
2014,M_T,_L_KZ_090102_1P,KZATY,KZATY,49.9
2014,M_T,_L_KZ_090102_1P,KZZAP,KZZAP,15.1
2014,M_T,_L_KZ_090102_1P,KZZHA,KZZHA,23.5
2014,M_T,_L_KZ_090102_1P,KZZHS,KZZHS,5.7
2014,M_T,_L_KZ_090102_1P,KZKAR,KZKAR,7.1
2014,M_T,_L_KZ_090102_1P,KZKUS,KZKUS,0.9
2014,M_T,_L_KZ_090102_1P,KZKZY,KZKZY,4.1
2014,M_T,_L_KZ_090102_1P,KZMAN,KZMAN,22.1
2014,M_T,_L_KZ_090102_1P,KZPAV,KZPAV,10.2
2014,M_T,_L_KZ_090102_1P,KZSEV,KZSEV,3.0
2014,M_T,_L_KZ_090102_1P,KZYUZ,KZYUZ,26.2
2014,M_T,_L_KZ_090102_1P,KZULU,KZULU,14.1
2014,M_T,_L_KZ_090102_1P,KZNS,KZNS,7.6
2014,M_T,_L_KZ_090102_1P,KZALA,KZALA,1.8
2014,M_T,_L_KZ_090102_1P,KZSHY,KZSHY,1.0
2014,M_T,_L_KZ_090102_1R,,,3.6
2014,M_T,_L_KZ_090102_1R,KZMAN,KZMAN,3.6
2015,M_T,_L_KZ_090102_1L,,,662.2
2015,M_T,_L_KZ_090102_1Q,,,214.6
2015,M_T,_L_KZ_090102_1G,,,341.4
2015,M_T,_L_KZ_090102_1A,,,102.5
2015,M_T,_L_KZ_090102_1D,,,0.02
2015,M_T,_L_KZ_090102_1B,,,1.2
2015,M_T,_L_KZ_090102_1I,,,2.5
2015,M_T,,KZABY,KZABY,19.3
2015,M_T,,KZAKM,KZAKM,30.9
2015,M_T,,KZAKT,KZAKT,50.3
2015,M_T,,KZALM,KZALM,34.9
2015,M_T,,KZATY,KZATY,71.2
2015,M_T,,KZZAP,KZZAP,23.2
2015,M_T,,KZZHA,KZZHA,47.5
2015,M_T,,KZZHS,KZZHS,14.3
2015,M_T,,KZKAR,KZKAR,48.8
2015,M_T,,KZKUS,KZKUS,28.0
2015,M_T,,KZKZY,KZKZY,26.5
2015,M_T,,KZMAN,KZMAN,34.7
2015,M_T,,KZPAV,KZPAV,56.3
2015,M_T,,KZSEV,KZSEV,13.3
2015,M_T,,KZYUZ,KZYUZ,30.7
2015,M_T,,KZULU,KZULU,28.6
2015,M_T,,KZVOS,KZVOS,26.9
2015,M_T,,KZNS,KZNS,42.3
2015,M_T,,KZALA,KZALA,18.1
2015,M_T,,KZSHY,KZSHY,16.4
2015,PER_1000000_POP,_L_KZ_090102_1N,,,1703.8
2015,PER_1000000_POP,_L_KZ_090102_1H,,,22.5
2015,PER_1000000_POP,_L_KZ_090102_1A,,,1609.3
2015,PER_1000000_POP,_L_KZ_090102_1B,,,0.0
2015,PER_1000000_POP,_L_KZ_090102_1D,,,5.9
2015,PER_1000000_POP,_L_KZ_090102_1F,,,66.0
2015,PER_1000000_POP,,KZABY,KZABY,44.4
2015,PER_1000000_POP,,KZAKM,KZAKM,30.3
2015,PER_1000000_POP,,KZAKT,KZAKT,60.7
2015,PER_1000000_POP,,KZALM,KZALM,14.4
2015,PER_1000000_POP,,KZATY,KZATY,19.5
2015,PER_1000000_POP,,KZZAP,KZZAP,70.3
2015,PER_1000000_POP,,KZZHA,KZZHA,120.6
2015,PER_1000000_POP,,KZZHS,KZZHS,42.5
2015,PER_1000000_POP,,KZKAR,KZKAR,159.0
2015,PER_1000000_POP,,KZKUS,KZKUS,37.3
2015,PER_1000000_POP,,KZKZY,KZKZY,28.2
2015,PER_1000000_POP,,KZMAN,KZMAN,19.6
2015,PER_1000000_POP,,KZPAV,KZPAV,102.5
2015,PER_1000000_POP,,KZSEV,KZSEV,18.5
2015,PER_1000000_POP,,KZYUZ,KZYUZ,22.9
2015,PER_1000000_POP,,KZULU,KZULU,16.8
2015,PER_1000000_POP,,KZVOS,KZVOS,89.3
2015,PER_1000000_POP,,KZNS,KZNS,485.3
2015,PER_1000000_POP,,KZALA,KZALA,269.1
2015,PER_1000000_POP,,KZSHY,KZSHY,52.7
2015,M_T,_L_KZ_090102_1J,,,102.5
2015,M_T,_L_KZ_090102_1J,KZABY,KZABY,1.3
2015,M_T,_L_KZ_090102_1J,KZAKM,KZAKM,2.5
2015,M_T,_L_KZ_090102_1J,KZAKT,KZAKT,8.5
2015,M_T,_L_KZ_090102_1J,KZALM,KZALM,2.4
2015,M_T,_L_KZ_090102_1J,KZATY,KZATY,2.0
2015,M_T,_L_KZ_090102_1J,KZZAP,KZZAP,1.3
2015,M_T,_L_KZ_090102_1J,KZZHA,KZZHA,0.7
2015,M_T,_L_KZ_090102_1J,KZKAR,KZKAR,11.8
2015,M_T,_L_KZ_090102_1J,KZKUS,KZKUS,3.8
2015,M_T,_L_KZ_090102_1J,KZKZY,KZKZY,4.2
2015,M_T,_L_KZ_090102_1J,KZMAN,KZMAN,2.5
2015,M_T,_L_KZ_090102_1J,KZPAV,KZPAV,20.4
2015,M_T,_L_KZ_090102_1J,KZSEV,KZSEV,1.1
2015,M_T,_L_KZ_090102_1J,KZVOS,KZVOS,2.1
2015,M_T,_L_KZ_090102_1J,KZULU,KZULU,0.5
2015,M_T,_L_KZ_090102_1J,KZNS,KZNS,17.5
2015,M_T,_L_KZ_090102_1J,KZALA,KZALA,4.7
2015,M_T,_L_KZ_090102_1J,KZSHY,KZSHY,4.4
2015,PER_1000000_POP,_L_KZ_090102_1N,,,1675.4
2015,PER_1000000_POP,_L_KZ_090102_1N,KZABY,KZABY,43.3
2015,PER_1000000_POP,_L_KZ_090102_1N,KZAKM,KZAKM,28.4
2015,PER_1000000_POP,_L_KZ_090102_1N,KZAKT,KZAKT,58.5
2015,PER_1000000_POP,_L_KZ_090102_1N,KZALM,KZALM,13.7
2015,PER_1000000_POP,_L_KZ_090102_1N,KZATY,KZATY,17.8
2015,PER_1000000_POP,_L_KZ_090102_1N,KZZAP,KZZAP,69.4
2015,PER_1000000_POP,_L_KZ_090102_1N,KZZHA,KZZHA,119.1
2015,PER_1000000_POP,_L_KZ_090102_1N,KZZHS,KZZHS,41.9
2015,PER_1000000_POP,_L_KZ_090102_1N,KZKAR,KZKAR,157.1
2015,PER_1000000_POP,_L_KZ_090102_1N,KZKUS,KZKUS,35.8
2015,PER_1000000_POP,_L_KZ_090102_1N,KZKZY,KZKZY,26.7
2015,PER_1000000_POP,_L_KZ_090102_1N,KZMAN,KZMAN,18.3
2015,PER_1000000_POP,_L_KZ_090102_1N,KZPAV,KZPAV,100.9
2015,PER_1000000_POP,_L_KZ_090102_1N,KZSEV,KZSEV,17.9
2015,PER_1000000_POP,_L_KZ_090102_1N,KZYUZ,KZYUZ,22.4
2015,PER_1000000_POP,_L_KZ_090102_1N,KZULU,KZULU,16.0
2015,PER_1000000_POP,_L_KZ_090102_1N,KZVOS,KZVOS,88.7
2015,PER_1000000_POP,_L_KZ_090102_1N,KZNS,KZNS,482.2
2015,PER_1000000_POP,_L_KZ_090102_1N,KZALA,KZALA,265.8
2015,PER_1000000_POP,_L_KZ_090102_1N,KZSHY,KZSHY,51.7
2015,T,_L_KZ_090102_1K,,,17178.2
2015,T,_L_KZ_090102_1K,KZZAP,KZZAP,131.0
2015,T,_L_KZ_090102_1K,KZALA,KZALA,15956.2
2015,T,_L_KZ_090102_1K,KZSHY,KZSHY,1091.0
2015,TH_PEOPLE,_L_KZ_090102_1M,,,5922.8
2015,TH_PEOPLE,_L_KZ_090102_1M,KZABY,KZABY,27.9
2015,TH_PEOPLE,_L_KZ_090102_1M,KZAKM,KZAKM,3.3
2015,TH_PEOPLE,_L_KZ_090102_1M,KZAKT,KZAKT,109.8
2015,TH_PEOPLE,_L_KZ_090102_1M,KZALM,KZALM,2.0
2015,TH_PEOPLE,_L_KZ_090102_1M,KZATY,KZATY,535.7
2015,TH_PEOPLE,_L_KZ_090102_1M,KZKAR,KZKAR,384.0
2015,TH_PEOPLE,_L_KZ_090102_1M,KZKUS,KZKUS,9.5
2015,TH_PEOPLE,_L_KZ_090102_1M,KZKZY,KZKZY,24.6
2015,TH_PEOPLE,_L_KZ_090102_1M,KZZAP,KZZAP,23.2
2015,TH_PEOPLE,_L_KZ_090102_1M,KZZHA,KZZHA,28.0
2015,TH_PEOPLE,_L_KZ_090102_1M,KZZHS,KZZHS,31.8
2015,TH_PEOPLE,_L_KZ_090102_1M,KZMAN,KZMAN,290.1
2015,TH_PEOPLE,_L_KZ_090102_1M,KZPAV,KZPAV,16.7
2015,TH_PEOPLE,_L_KZ_090102_1M,KZSEV,KZSEV,8.2
2015,TH_PEOPLE,_L_KZ_090102_1M,KZYUZ,KZYUZ,119.2
2015,TH_PEOPLE,_L_KZ_090102_1M,KZULU,KZULU,7.0
2015,TH_PEOPLE,_L_KZ_090102_1M,KZVOS,KZVOS,32.7
2015,TH_PEOPLE,_L_KZ_090102_1M,KZNS,KZNS,1428.1
2015,TH_PEOPLE,_L_KZ_090102_1M,KZALA,KZALA,2515.7
2015,TH_PEOPLE,_L_KZ_090102_1M,KZSHY,KZSHY,325.4
2015,M_T,_L_KZ_090102_1P,,,214.6
2015,M_T,_L_KZ_090102_1P,KZABY,KZABY,1.1
2015,M_T,_L_KZ_090102_1P,KZAKT,KZAKT,9.4
2015,M_T,_L_KZ_090102_1P,KZALM,KZALM,21.4
2015,M_T,_L_KZ_090102_1P,KZATY,KZATY,51.2
2015,M_T,_L_KZ_090102_1P,KZZAP,KZZAP,14.4
2015,M_T,_L_KZ_090102_1P,KZZHA,KZZHA,24.0
2015,M_T,_L_KZ_090102_1P,KZZHS,KZZHS,5.2
2015,M_T,_L_KZ_090102_1P,KZKAR,KZKAR,7.4
2015,M_T,_L_KZ_090102_1P,KZKUS,KZKUS,0.7
2015,M_T,_L_KZ_090102_1P,KZKZY,KZKZY,3.2
2015,M_T,_L_KZ_090102_1P,KZMAN,KZMAN,13.7
2015,M_T,_L_KZ_090102_1P,KZPAV,KZPAV,11.1
2015,M_T,_L_KZ_090102_1P,KZSEV,KZSEV,2.6
2015,M_T,_L_KZ_090102_1P,KZYUZ,KZYUZ,23.5
2015,M_T,_L_KZ_090102_1P,KZULU,KZULU,16.7
2015,M_T,_L_KZ_090102_1P,KZNS,KZNS,6.2
2015,M_T,_L_KZ_090102_1P,KZALA,KZALA,1.7
2015,M_T,_L_KZ_090102_1P,KZSHY,KZSHY,1.1
2015,M_T,_L_KZ_090102_1R,,,2.5
2015,M_T,_L_KZ_090102_1R,KZMAN,KZMAN,2.5
2016,M_T,_L_KZ_090102_1L,,,657.9
2016,M_T,_L_KZ_090102_1Q,,,205.8
2016,M_T,_L_KZ_090102_1G,,,338.9
2016,M_T,_L_KZ_090102_1A,,,109.4
2016,M_T,_L_KZ_090102_1D,,,0.02
2016,M_T,_L_KZ_090102_1B,,,1.2
2016,M_T,_L_KZ_090102_1I,,,2.6
2016,M_T,,KZABY,KZABY,18.3
2016,M_T,,KZAKM,KZAKM,32.5
2016,M_T,,KZAKT,KZAKT,49.0
2016,M_T,,KZALM,KZALM,36.4
2016,M_T,,KZATY,KZATY,71.3
2016,M_T,,KZZAP,KZZAP,20.2
2016,M_T,,KZZHA,KZZHA,45.5
2016,M_T,,KZZHS,KZZHS,17.2
2016,M_T,,KZKAR,KZKAR,61.4
2016,M_T,,KZKUS,KZKUS,29.2
2016,M_T,,KZKZY,KZKZY,24.3
2016,M_T,,KZMAN,KZMAN,33.1
2016,M_T,,KZPAV,KZPAV,55.5
2016,M_T,,KZSEV,KZSEV,17.4
2016,M_T,,KZYUZ,KZYUZ,33.0
2016,M_T,,KZULU,KZULU,24.6
2016,M_T,,KZVOS,KZVOS,23.2
2016,M_T,,KZNS,KZNS,34.4
2016,M_T,,KZALA,KZALA,16.5
2016,M_T,,KZSHY,KZSHY,14.9
2016,PER_1000000_POP,_L_KZ_090102_1N,,,1640.1
2016,PER_1000000_POP,_L_KZ_090102_1H,,,23.1
2016,PER_1000000_POP,_L_KZ_090102_1A,,,1546.2
2016,PER_1000000_POP,_L_KZ_090102_1B,,,0.1
2016,PER_1000000_POP,_L_KZ_090102_1D,,,6.0
2016,PER_1000000_POP,_L_KZ_090102_1F,,,64.7
2016,PER_1000000_POP,,KZABY,KZABY,46.2
2016,PER_1000000_POP,,KZAKM,KZAKM,29.1
2016,PER_1000000_POP,,KZAKT,KZAKT,58.8
2016,PER_1000000_POP,,KZALM,KZALM,15.2
2016,PER_1000000_POP,,KZATY,KZATY,22.1
2016,PER_1000000_POP,,KZZAP,KZZAP,66.1
2016,PER_1000000_POP,,KZZHA,KZZHA,116.8
2016,PER_1000000_POP,,KZZHS,KZZHS,55.0
2016,PER_1000000_POP,,KZKAR,KZKAR,148.7
2016,PER_1000000_POP,,KZKUS,KZKUS,37.8
2016,PER_1000000_POP,,KZKZY,KZKZY,34.6
2016,PER_1000000_POP,,KZMAN,KZMAN,20.9
2016,PER_1000000_POP,,KZPAV,KZPAV,93.5
2016,PER_1000000_POP,,KZSEV,KZSEV,16.1
2016,PER_1000000_POP,,KZYUZ,KZYUZ,22.8
2016,PER_1000000_POP,,KZULU,KZULU,16.0
2016,PER_1000000_POP,,KZVOS,KZVOS,88.6
2016,PER_1000000_POP,,KZNS,KZNS,508.2
2016,PER_1000000_POP,,KZALA,KZALA,190.1
2016,PER_1000000_POP,,KZSHY,KZSHY,53.4
2016,M_T,_L_KZ_090102_1J,,,109.4
2016,M_T,_L_KZ_090102_1J,KZABY,KZABY,1.2
2016,M_T,_L_KZ_090102_1J,KZAKM,KZAKM,1.8
2016,M_T,_L_KZ_090102_1J,KZAKT,KZAKT,10.5
2016,M_T,_L_KZ_090102_1J,KZALM,KZALM,3.8
2016,M_T,_L_KZ_090102_1J,KZATY,KZATY,2.7
2016,M_T,_L_KZ_090102_1J,KZZAP,KZZAP,1.2
2016,M_T,_L_KZ_090102_1J,KZZHA,KZZHA,0.6
2016,M_T,_L_KZ_090102_1J,KZZHS,KZZHS,1.0
2016,M_T,_L_KZ_090102_1J,KZKAR,KZKAR,16.4
2016,M_T,_L_KZ_090102_1J,KZKUS,KZKUS,3.5
2016,M_T,_L_KZ_090102_1J,KZKZY,KZKZY,3.4
2016,M_T,_L_KZ_090102_1J,KZMAN,KZMAN,2.4
2016,M_T,_L_KZ_090102_1J,KZPAV,KZPAV,23.6
2016,M_T,_L_KZ_090102_1J,KZSEV,KZSEV,1.0
2016,M_T,_L_KZ_090102_1J,KZYUZ,KZYUZ,1.1
2016,M_T,_L_KZ_090102_1J,KZULU,KZULU,0.6
2016,M_T,_L_KZ_090102_1J,KZVOS,KZVOS,13.8
2016,M_T,_L_KZ_090102_1J,KZNS,KZNS,9.1
2016,M_T,_L_KZ_090102_1J,KZALA,KZALA,5.9
2016,M_T,_L_KZ_090102_1J,KZSHY,KZSHY,5.9
2016,PER_1000000_POP,_L_KZ_090102_1N,,,1610.9
2016,PER_1000000_POP,_L_KZ_090102_1N,KZABY,KZABY,45.0
2016,PER_1000000_POP,_L_KZ_090102_1N,KZAKM,KZAKM,27.0
2016,PER_1000000_POP,_L_KZ_090102_1N,KZAKT,KZAKT,56.7
2016,PER_1000000_POP,_L_KZ_090102_1N,KZALM,KZALM,14.5
2016,PER_1000000_POP,_L_KZ_090102_1N,KZATY,KZATY,20.5
2016,PER_1000000_POP,_L_KZ_090102_1N,KZZAP,KZZAP,64.9
2016,PER_1000000_POP,_L_KZ_090102_1N,KZZHA,KZZHA,115.3
2016,PER_1000000_POP,_L_KZ_090102_1N,KZZHS,KZZHS,54.2
2016,PER_1000000_POP,_L_KZ_090102_1N,KZKAR,KZKAR,146.3
2016,PER_1000000_POP,_L_KZ_090102_1N,KZKUS,KZKUS,36.1
2016,PER_1000000_POP,_L_KZ_090102_1N,KZKZY,KZKZY,33.1
2016,PER_1000000_POP,_L_KZ_090102_1N,KZMAN,KZMAN,19.5
2016,PER_1000000_POP,_L_KZ_090102_1N,KZPAV,KZPAV,92.1
2016,PER_1000000_POP,_L_KZ_090102_1N,KZSEV,KZSEV,15.2
2016,PER_1000000_POP,_L_KZ_090102_1N,KZYUZ,KZYUZ,22.3
2016,PER_1000000_POP,_L_KZ_090102_1N,KZULU,KZULU,15.1
2016,PER_1000000_POP,_L_KZ_090102_1N,KZVOS,KZVOS,88.0
2016,PER_1000000_POP,_L_KZ_090102_1N,KZNS,KZNS,505.6
2016,PER_1000000_POP,_L_KZ_090102_1N,KZALA,KZALA,187.0
2016,PER_1000000_POP,_L_KZ_090102_1N,KZSHY,KZSHY,52.6
2016,T,_L_KZ_090102_1K,,,18015.9
2016,T,_L_KZ_090102_1K,KZZAP,KZZAP,171.0
2016,T,_L_KZ_090102_1K,KZALA,KZALA,16810.9
2016,T,_L_KZ_090102_1K,KZSHY,KZSHY,1034.0
2016,TH_PEOPLE,_L_KZ_090102_1M,,,6021.7
2016,TH_PEOPLE,_L_KZ_090102_1M,KZABY,KZABY,25.5
2016,TH_PEOPLE,_L_KZ_090102_1M,KZAKM,KZAKM,3.5
2016,TH_PEOPLE,_L_KZ_090102_1M,KZAKT,KZAKT,113.2
2016,TH_PEOPLE,_L_KZ_090102_1M,KZALM,KZALM,2.6
2016,TH_PEOPLE,_L_KZ_090102_1M,KZATY,KZATY,522.6
2016,TH_PEOPLE,_L_KZ_090102_1M,KZKAR,KZKAR,777.6
2016,TH_PEOPLE,_L_KZ_090102_1M,KZKUS,KZKUS,9.9
2016,TH_PEOPLE,_L_KZ_090102_1M,KZKZY,KZKZY,16.1
2016,TH_PEOPLE,_L_KZ_090102_1M,KZZAP,KZZAP,22.6
2016,TH_PEOPLE,_L_KZ_090102_1M,KZZHA,KZZHA,26.6
2016,TH_PEOPLE,_L_KZ_090102_1M,KZZHS,KZZHS,29.2
2016,TH_PEOPLE,_L_KZ_090102_1M,KZMAN,KZMAN,271.3
2016,TH_PEOPLE,_L_KZ_090102_1M,KZPAV,KZPAV,15.4
2016,TH_PEOPLE,_L_KZ_090102_1M,KZSEV,KZSEV,8.6
2016,TH_PEOPLE,_L_KZ_090102_1M,KZYUZ,KZYUZ,110.5
2016,TH_PEOPLE,_L_KZ_090102_1M,KZULU,KZULU,9.6
2016,TH_PEOPLE,_L_KZ_090102_1M,KZVOS,KZVOS,32.7
2016,TH_PEOPLE,_L_KZ_090102_1M,KZNS,KZNS,1352.4
2016,TH_PEOPLE,_L_KZ_090102_1M,KZALA,KZALA,2344.8
2016,TH_PEOPLE,_L_KZ_090102_1M,KZSHY,KZSHY,327.2
2016,M_T,_L_KZ_090102_1P,,,205.8
2016,M_T,_L_KZ_090102_1P,KZABY,KZABY,0.7
2016,M_T,_L_KZ_090102_1P,KZAKT,KZAKT,8.0
2016,M_T,_L_KZ_090102_1P,KZALM,KZALM,22.3
2016,M_T,_L_KZ_090102_1P,KZATY,KZATY,51.3
2016,M_T,_L_KZ_090102_1P,KZZAP,KZZAP,12.1
2016,M_T,_L_KZ_090102_1P,KZZHA,KZZHA,23.5
2016,M_T,_L_KZ_090102_1P,KZZHS,KZZHS,4.5
2016,M_T,_L_KZ_090102_1P,KZKAR,KZKAR,9.8
2016,M_T,_L_KZ_090102_1P,KZKUS,KZKUS,0.6
2016,M_T,_L_KZ_090102_1P,KZKZY,KZKZY,2.1
2016,M_T,_L_KZ_090102_1P,KZMAN,KZMAN,11.6
2016,M_T,_L_KZ_090102_1P,KZPAV,KZPAV,11.0
2016,M_T,_L_KZ_090102_1P,KZSEV,KZSEV,2.5
2016,M_T,_L_KZ_090102_1P,KZYUZ,KZYUZ,24.7
2016,M_T,_L_KZ_090102_1P,KZULU,KZULU,10.7
2016,M_T,_L_KZ_090102_1P,KZNS,KZNS,6.8
2016,M_T,_L_KZ_090102_1P,KZALA,KZALA,1.2
2016,M_T,_L_KZ_090102_1P,KZSHY,KZSHY,1.9
2016,M_T,_L_KZ_090102_1R,,,2.6
2016,M_T,_L_KZ_090102_1R,KZMAN,KZMAN,2.6
2017,M_T,_L_KZ_090102_1L,,,3946.1
2017,M_T,_L_KZ_090102_1Q,,,232.8
2017,M_T,_L_KZ_090102_1G,,,387.2
2017,M_T,_L_KZ_090102_1A,,,3322.3
2017,M_T,_L_KZ_090102_1D,,,0.2
2017,M_T,_L_KZ_090102_1B,,,1.6
2017,M_T,_L_KZ_090102_1I,,,2.1
2017,M_T,,KZAKM,KZAKM,116.1
2017,M_T,,KZAKT,KZAKT,76.8
2017,M_T,,KZALM,KZALM,181.1
2017,M_T,,KZATY,KZATY,154.2
2017,M_T,,KZZAP,KZZAP,39.3
2017,M_T,,KZZHA,KZZHA,100.1
2017,M_T,,KZKAR,KZKAR,795.5
2017,M_T,,KZKUS,KZKUS,291.5
2017,M_T,,KZKZY,KZKZY,104.6
2017,M_T,,KZMAN,KZMAN,238.6
2017,M_T,,KZPAV,KZPAV,133.1
2017,M_T,,KZSEV,KZSEV,51.4
2017,M_T,,KZVOS,KZVOS,600.8
2017,M_T,,KZALA,KZALA,256.0
2017,PER_1000000_POP,_L_KZ_090102_1N,,,22744.7
2017,PER_1000000_POP,_L_KZ_090102_1H,,,22.9
2017,PER_1000000_POP,_L_KZ_090102_1A,,,22643.6
2017,PER_1000000_POP,_L_KZ_090102_1B,,,0.1
2017,PER_1000000_POP,_L_KZ_090102_1D,,,7.4
2017,PER_1000000_POP,_L_KZ_090102_1F,,,70.6
2017,PER_1000000_POP,,KZAKM,KZAKM,1643.9
2017,PER_1000000_POP,,KZAKT,KZAKT,294.7
2017,PER_1000000_POP,,KZALM,KZALM,873.0
2017,PER_1000000_POP,,KZZAP,KZZAP,451.5
2017,PER_1000000_POP,,KZZHA,KZZHA,957.3
2017,PER_1000000_POP,,KZKUS,KZKUS,1796.6
2017,PER_1000000_POP,,KZKZY,KZKZY,367.5
2017,PER_1000000_POP,,KZMAN,KZMAN,88.8
2017,PER_1000000_POP,,KZONT,KZONT,2607.6
2017,PER_1000000_POP,,KZPAV,KZPAV,1225.0
2017,PER_1000000_POP,,KZSEV,KZSEV,501.6
2017,PER_1000000_POP,,KZVOS,KZVOS,1709.2
2017,PER_1000000_POP,,KZALA,KZALA,5097.2
2017,M_T,_L_KZ_090102_1J,,,3322.3
2017,M_T,_L_KZ_090102_1J,KZAKM,KZAKM,116.1
2017,M_T,_L_KZ_090102_1J,KZAKT,KZAKT,76.8
2017,M_T,_L_KZ_090102_1J,KZALM,KZALM,181.1
2017,M_T,_L_KZ_090102_1J,KZATY,KZATY,75.9
2017,M_T,_L_KZ_090102_1J,KZZAP,KZZAP,39.3
2017,M_T,_L_KZ_090102_1J,KZZHA,KZZHA,100.1
2017,M_T,_L_KZ_090102_1J,KZKAR,KZKAR,795.5
2017,M_T,_L_KZ_090102_1J,KZKUS,KZKUS,291.5
2017,M_T,_L_KZ_090102_1J,KZKZY,KZKZY,104.6
2017,M_T,_L_KZ_090102_1J,KZMAN,KZMAN,236.5
2017,M_T,_L_KZ_090102_1J,KZPAV,KZPAV,88.6
2017,M_T,_L_KZ_090102_1J,KZSEV,KZSEV,51.4
2017,M_T,_L_KZ_090102_1J,KZVOS,KZVOS,600.2
2017,M_T,_L_KZ_090102_1J,KZALA,KZALA,254.5
2017,PER_1000000_POP,_L_KZ_090102_1N,,,22690.3
2017,PER_1000000_POP,_L_KZ_090102_1N,KZAKM,KZAKM,1643.9
2017,PER_1000000_POP,_L_KZ_090102_1N,KZAKT,KZAKT,294.7
2017,PER_1000000_POP,_L_KZ_090102_1N,KZALM,KZALM,872.6
2017,PER_1000000_POP,_L_KZ_090102_1N,KZATY,KZATY,181.0
2017,PER_1000000_POP,_L_KZ_090102_1N,KZZAP,KZZAP,421.7
2017,PER_1000000_POP,_L_KZ_090102_1N,KZZHA,KZZHA,957.9
2017,PER_1000000_POP,_L_KZ_090102_1N,KZKAR,KZKAR,2397.7
2017,PER_1000000_POP,_L_KZ_090102_1N,KZKUS,KZKUS,1796.5
2017,PER_1000000_POP,_L_KZ_090102_1N,KZKZY,KZKZY,367.5
2017,PER_1000000_POP,_L_KZ_090102_1N,KZMAN,KZMAN,88.8
2017,PER_1000000_POP,_L_KZ_090102_1N,KZONT,KZONT,2605.6
2017,PER_1000000_POP,_L_KZ_090102_1N,KZPAV,KZPAV,1225.0
2017,PER_1000000_POP,_L_KZ_090102_1N,KZSEV,KZSEV,501.6
2017,PER_1000000_POP,_L_KZ_090102_1N,KZVOS,KZVOS,1708.8
2017,PER_1000000_POP,_L_KZ_090102_1N,KZNS,KZNS,2528.4
2017,PER_1000000_POP,_L_KZ_090102_1N,KZALA,KZALA,5098.6
2017,T,_L_KZ_090102_1K,,,22449.9
2017,T,_L_KZ_090102_1K,KZALA,KZALA,20345.2
2017,TH_PEOPLE,_L_KZ_090102_1M,,,7363.7
2017,TH_PEOPLE,_L_KZ_090102_1M,KZALM,KZALM,10.6
2017,TH_PEOPLE,_L_KZ_090102_1M,KZATY,KZATY,0.2
2017,TH_PEOPLE,_L_KZ_090102_1M,KZONT,KZONT,1931.8
2017,TH_PEOPLE,_L_KZ_090102_1M,KZALA,KZALA,33.2
2017,TH_PEOPLE,_L_KZ_090102_1M,KZSHY,KZSHY,4467.0
2017,M_T,_L_KZ_090102_1P,,,232.8
2017,M_T,_L_KZ_090102_1P,KZATY,KZATY,78.3
2017,M_T,_L_KZ_090102_1P,KZPAV,KZPAV,43.5
2017,M_T,_L_KZ_090102_1R,,,2.1
2017,M_T,_L_KZ_090102_1R,KZMAN,KZMAN,2.1
2018,M_T,_L_KZ_090102_1L,,,4103.8
2018,M_T,_L_KZ_090102_1Q,,,281.4
2018,M_T,_L_KZ_090102_1G,,,397.9
2018,M_T,_L_KZ_090102_1D,,,0.0
2018,M_T,_L_KZ_090102_1B,,,1.2
2018,M_T,,KZAKM,KZAKM,126.5
2018,M_T,,KZAKT,KZAKT,79.1
2018,M_T,,KZALM,KZALM,184.6
2018,M_T,,KZATY,KZATY,174.3
2018,M_T,,KZZHA,KZZHA,103.9
2018,M_T,,KZKAR,KZKAR,821.2
2018,M_T,,KZKUS,KZKUS,297.1
2018,M_T,,KZKZY,KZKZY,104.7
2018,M_T,,KZMAN,KZMAN,238.5
2018,M_T,,KZPAV,KZPAV,142.2
2018,M_T,,KZSEV,KZSEV,51.5
2018,M_T,,KZYUZ,KZYUZ,71.0
2018,M_T,,KZVOS,KZVOS,631.5
2018,M_T,,KZNS,KZNS,154.2
2018,M_T,,KZALA,KZALA,247.0
2018,PER_1000000_POP,_L_KZ_090102_1N,,,23021.6
2018,PER_1000000_POP,_L_KZ_090102_1H,,,23.1
2018,PER_1000000_POP,_L_KZ_090102_1A,,,22911.5
2018,PER_1000000_POP,_L_KZ_090102_1D,,,7.6
2018,PER_1000000_POP,_L_KZ_090102_1F,,,69.7
2018,PER_1000000_POP,,KZAKT,KZAKT,304.3
2018,PER_1000000_POP,,KZZHA,KZZHA,987.4
2018,PER_1000000_POP,,KZKUS,KZKUS,1805.6
2018,PER_1000000_POP,,KZKZY,KZKZY,397.4
2018,PER_1000000_POP,,KZSEV,KZSEV,507.4
2018,PER_1000000_POP,,KZYUZ,KZYUZ,820.6
2018,PER_1000000_POP,,KZALA,KZALA,5202.2
2018,PER_1000000_POP,,KZSHY,KZSHY,1808.1
2018,M_T,_L_KZ_090102_1J,KZAKM,KZAKM,126.5
2018,M_T,_L_KZ_090102_1J,KZAKT,KZAKT,79.1
2018,M_T,_L_KZ_090102_1J,KZALM,KZALM,184.6
2018,M_T,_L_KZ_090102_1J,KZZAP,KZZAP,39.5
2018,M_T,_L_KZ_090102_1J,KZZHA,KZZHA,103.9
2018,M_T,_L_KZ_090102_1J,KZKAR,KZKAR,821.2
2018,M_T,_L_KZ_090102_1J,KZKUS,KZKUS,297.1
2018,M_T,_L_KZ_090102_1J,KZKZY,KZKZY,104.7
2018,M_T,_L_KZ_090102_1J,KZSEV,KZSEV,51.5
2018,M_T,_L_KZ_090102_1J,KZYUZ,KZYUZ,71.0
2018,M_T,_L_KZ_090102_1J,KZVOS,KZVOS,631.1
2018,M_T,_L_KZ_090102_1J,KZNS,KZNS,154.2
2018,M_T,_L_KZ_090102_1J,KZALA,KZALA,247.0
2018,PER_1000000_POP,_L_KZ_090102_1N,,,22982.2
2018,PER_1000000_POP,_L_KZ_090102_1N,KZAKT,KZAKT,304.3
2018,PER_1000000_POP,_L_KZ_090102_1N,KZZHA,KZZHA,987.4
2018,PER_1000000_POP,_L_KZ_090102_1N,KZKUS,KZKUS,1805.6
2018,PER_1000000_POP,_L_KZ_090102_1N,KZKZY,KZKZY,397.4
2018,PER_1000000_POP,_L_KZ_090102_1N,KZSEV,KZSEV,507.4
2018,PER_1000000_POP,_L_KZ_090102_1N,KZYUZ,KZYUZ,820.6
2018,PER_1000000_POP,_L_KZ_090102_1N,KZALA,KZALA,5197.8
2018,PER_1000000_POP,_L_KZ_090102_1N,KZSHY,KZSHY,1805.9
2018,T,_L_KZ_090102_1K,,,44140.0
2018,T,_L_KZ_090102_1K,KZALA,KZALA,40560.0
2018,TH_PEOPLE,_L_KZ_090102_1M,,,7555.6
2018,TH_PEOPLE,_L_KZ_090102_1M,KZALA,KZALA,33.4
2018,TH_PEOPLE,_L_KZ_090102_1M,KZSHY,KZSHY,4380.2
2018,M_T,_L_KZ_090102_1P,,,281.4
2019,M_T,_L_KZ_090102_1L,,,4222.7
2019,M_T,_L_KZ_090102_1Q,,,273.0
2019,M_T,_L_KZ_090102_1G,,,397.0
2019,M_T,_L_KZ_090102_1A,,,3550.5
2019,M_T,_L_KZ_090102_1D,,,0.0
2019,M_T,_L_KZ_090102_1B,,,1.3
2019,M_T,_L_KZ_090102_1I,,,0.8
2019,M_T,,KZAKM,KZAKM,130.0
2019,M_T,,KZAKT,KZAKT,83.0
2019,M_T,,KZALM,KZALM,197.1
2019,M_T,,KZATY,KZATY,175.7
2019,M_T,,KZZAP,KZZAP,40.0
2019,M_T,,KZZHA,KZZHA,103.4
2019,M_T,,KZKAR,KZKAR,864.6
2019,M_T,,KZKUS,KZKUS,320.1
2019,M_T,,KZKZY,KZKZY,107.0
2019,M_T,,KZMAN,KZMAN,233.0
2019,M_T,,KZPAV,KZPAV,133.8
2019,M_T,,KZSEV,KZSEV,52.3
2019,M_T,,KZYUZ,KZYUZ,86.0
2019,M_T,,KZVOS,KZVOS,661.5
2019,M_T,,KZNS,KZNS,155.1
2019,M_T,,KZALA,KZALA,257.5
2019,M_T,,KZSHY,KZSHY,111.2
2019,PER_1000000_POP,_L_KZ_090102_1N,,,23835.9
2019,PER_1000000_POP,_L_KZ_090102_1H,,,22.4
2019,PER_1000000_POP,_L_KZ_090102_1A,,,23719.2
2019,PER_1000000_POP,_L_KZ_090102_1B,,,0.0
2019,PER_1000000_POP,_L_KZ_090102_1I,,,0.1
2019,PER_1000000_POP,_L_KZ_090102_1D,,,8.6
2019,PER_1000000_POP,_L_KZ_090102_1F,,,85.5
2019,PER_1000000_POP,,KZAKM,KZAKM,1744.9
2019,PER_1000000_POP,,KZAKT,KZAKT,319.5
2019,PER_1000000_POP,,KZALM,KZALM,937.9
2019,PER_1000000_POP,,KZATY,KZATY,195.2
2019,PER_1000000_POP,,KZZAP,KZZAP,429.4
2019,PER_1000000_POP,,KZZHA,KZZHA,1056.3
2019,PER_1000000_POP,,KZKAR,KZKAR,2474.0
2019,PER_1000000_POP,,KZKUS,KZKUS,1868.6
2019,PER_1000000_POP,,KZKZY,KZKZY,405.8
2019,PER_1000000_POP,,KZMAN,KZMAN,90.4
2019,PER_1000000_POP,,KZPAV,KZPAV,1237.7
2019,PER_1000000_POP,,KZSEV,KZSEV,508.7
2019,PER_1000000_POP,,KZYUZ,KZYUZ,997.9
2019,PER_1000000_POP,,KZVOS,KZVOS,1716.3
2019,PER_1000000_POP,,KZNS,KZNS,2574.2
2019,PER_1000000_POP,,KZALA,KZALA,5588.9
2019,PER_1000000_POP,,KZSHY,KZSHY,1667.6
2019,M_T,_L_KZ_090102_1J,,,3550.5
2019,M_T,_L_KZ_090102_1J,KZAKM,KZAKM,130.0
2019,M_T,_L_KZ_090102_1J,KZAKT,KZAKT,83.0
2019,M_T,_L_KZ_090102_1J,KZALM,KZALM,197.1
2019,M_T,_L_KZ_090102_1J,KZATY,KZATY,61.5
2019,M_T,_L_KZ_090102_1J,KZZAP,KZZAP,40.0
2019,M_T,_L_KZ_090102_1J,KZZHA,KZZHA,103.4
2019,M_T,_L_KZ_090102_1J,KZKAR,KZKAR,864.6
2019,M_T,_L_KZ_090102_1J,KZKUS,KZKUS,320.1
2019,M_T,_L_KZ_090102_1J,KZKZY,KZKZY,107.0
2019,M_T,_L_KZ_090102_1J,KZMAN,KZMAN,232.2
2019,M_T,_L_KZ_090102_1J,KZPAV,KZPAV,88.7
2019,M_T,_L_KZ_090102_1J,KZSEV,KZSEV,52.3
2019,M_T,_L_KZ_090102_1J,KZYUZ,KZYUZ,86.0
2019,M_T,_L_KZ_090102_1J,KZVOS,KZVOS,660.9
2019,M_T,_L_KZ_090102_1J,KZNS,KZNS,155.1
2019,M_T,_L_KZ_090102_1J,KZALA,KZALA,257.4
2019,M_T,_L_KZ_090102_1J,KZSHY,KZSHY,111.2
2019,PER_1000000_POP,_L_KZ_090102_1N,,,23804.7
2019,PER_1000000_POP,_L_KZ_090102_1N,KZAKM,KZAKM,1744.9
2019,PER_1000000_POP,_L_KZ_090102_1N,KZAKT,KZAKT,319.5
2019,PER_1000000_POP,_L_KZ_090102_1N,KZALM,KZALM,937.8
2019,PER_1000000_POP,_L_KZ_090102_1N,KZATY,KZATY,195.2
2019,PER_1000000_POP,_L_KZ_090102_1N,KZZAP,KZZAP,428.7
2019,PER_1000000_POP,_L_KZ_090102_1N,KZZHA,KZZHA,1056.3
2019,PER_1000000_POP,_L_KZ_090102_1N,KZKAR,KZKAR,2474.0
2019,PER_1000000_POP,_L_KZ_090102_1N,KZKUS,KZKUS,1868.6
2019,PER_1000000_POP,_L_KZ_090102_1N,KZKZY,KZKZY,405.8
2019,PER_1000000_POP,_L_KZ_090102_1N,KZMAN,KZMAN,90.4
2019,PER_1000000_POP,_L_KZ_090102_1N,KZPAV,KZPAV,1237.7
2019,PER_1000000_POP,_L_KZ_090102_1N,KZSEV,KZSEV,508.7
2019,PER_1000000_POP,_L_KZ_090102_1N,KZYUZ,KZYUZ,997.9
2019,PER_1000000_POP,_L_KZ_090102_1N,KZVOS,KZVOS,1716.3
2019,PER_1000000_POP,_L_KZ_090102_1N,KZNS,KZNS,2574.1
2019,PER_1000000_POP,_L_KZ_090102_1N,KZALA,KZALA,5583.4
2019,PER_1000000_POP,_L_KZ_090102_1N,KZSHY,KZSHY,1665.2
2019,T,_L_KZ_090102_1K,,,26721.1
2019,T,_L_KZ_090102_1K,KZALA,KZALA,22551.1
2019,TH_PEOPLE,_L_KZ_090102_1M,,,8644.9
2019,TH_PEOPLE,_L_KZ_090102_1M,KZALM,KZALM,12.7
2019,TH_PEOPLE,_L_KZ_090102_1M,KZYUZ,KZYUZ,0.0
2019,TH_PEOPLE,_L_KZ_090102_1M,KZVOS,KZVOS,0.0
2019,TH_PEOPLE,_L_KZ_090102_1M,KZSHY,KZSHY,5538.3
2019,M_T,_L_KZ_090102_1P,,,273.0
2019,M_T,_L_KZ_090102_1P,KZATY,KZATY,114.2
2019,M_T,_L_KZ_090102_1R,,,0.8
2019,M_T,_L_KZ_090102_1R,KZMAN,KZMAN,0.8
2019,M_T,_L_KZ_090102_1S,,,0.1
2019,M_T,_L_KZ_090102_1S,KZMAN,KZMAN,0.1
2020,M_T,_L_KZ_090102_1L,,,3944.8
2020,M_T,_L_KZ_090102_1Q,,,253.7
2020,M_T,_L_KZ_090102_1G,,,402.3
2020,M_T,_L_KZ_090102_1A,,,3287.0
2020,M_T,_L_KZ_090102_1D,,,0.02
2020,M_T,_L_KZ_090102_1B,,,0.9
2020,M_T,,KZAKM,KZAKM,134.5
2020,M_T,,KZAKT,KZAKT,89.6
2020,M_T,,KZALM,KZALM,193.6
2020,M_T,,KZATY,KZATY,125.8
2020,M_T,,KZZAP,KZZAP,62.3
2020,M_T,,KZZHA,KZZHA,95.6
2020,M_T,,KZKAR,KZKAR,749.0
2020,M_T,,KZKUS,KZKUS,318.0
2020,M_T,,KZKZY,KZKZY,87.8
2020,M_T,,KZMAN,KZMAN,227.5
2020,M_T,,KZPAV,KZPAV,105.7
2020,M_T,,KZSEV,KZSEV,61.0
2020,M_T,,KZYUZ,KZYUZ,83.4
2020,M_T,,KZVOS,KZVOS,646.7
2020,M_T,,KZNS,KZNS,141.7
2020,M_T,,KZALA,KZALA,252.3
2020,M_T,,KZSHY,KZSHY,116.8
2020,PER_1000000_POP,_L_KZ_090102_1N,,,8324.0
2020,PER_1000000_POP,_L_KZ_090102_1H,,,13.2
2020,PER_1000000_POP,_L_KZ_090102_1A,,,8377.7
2020,PER_1000000_POP,_L_KZ_090102_1B,,,0.0397
2020,PER_1000000_POP,_L_KZ_090102_1I,,,0.04
2020,PER_1000000_POP,_L_KZ_090102_1D,,,5.5
2020,PER_1000000_POP,_L_KZ_090102_1F,,,53.7
2020,PER_1000000_POP,,KZAKM,KZAKM,540.6
2020,PER_1000000_POP,,KZAKT,KZAKT,115.5
2020,PER_1000000_POP,,KZALM,KZALM,379.5
2020,PER_1000000_POP,,KZATY,KZATY,72.3
2020,PER_1000000_POP,,KZZAP,KZZAP,144.0
2020,PER_1000000_POP,,KZZHA,KZZHA,449.1
2020,PER_1000000_POP,,KZKAR,KZKAR,896.4
2020,PER_1000000_POP,,KZKUS,KZKUS,700.1
2020,PER_1000000_POP,,KZKZY,KZKZY,118.3
2020,PER_1000000_POP,,KZMAN,KZMAN,31.4
2020,PER_1000000_POP,,KZPAV,KZPAV,576.3
2020,PER_1000000_POP,,KZSEV,KZSEV,157.2
2020,PER_1000000_POP,,KZYUZ,KZYUZ,346.1
2020,PER_1000000_POP,,KZVOS,KZVOS,722.7
2020,PER_1000000_POP,,KZNS,KZNS,690.3
2020,PER_1000000_POP,,KZALA,KZALA,1949.8
2020,PER_1000000_POP,,KZSHY,KZSHY,495.5
2020,M_T,_L_KZ_090102_1J,,,3287.0
2020,M_T,_L_KZ_090102_1J,KZAKM,KZAKM,134.5
2020,M_T,_L_KZ_090102_1J,KZAKT,KZAKT,82.0
2020,M_T,_L_KZ_090102_1J,KZALM,KZALM,191.8
2020,M_T,_L_KZ_090102_1J,KZATY,KZATY,42.7
2020,M_T,_L_KZ_090102_1J,KZZAP,KZZAP,33.1
2020,M_T,_L_KZ_090102_1J,KZZHA,KZZHA,94.3
2020,M_T,_L_KZ_090102_1J,KZKAR,KZKAR,733.3
2020,M_T,_L_KZ_090102_1J,KZKUS,KZKUS,308.2
2020,M_T,_L_KZ_090102_1J,KZKZY,KZKZY,87.6
2020,M_T,_L_KZ_090102_1J,KZMAN,KZMAN,207.8
2020,M_T,_L_KZ_090102_1J,KZPAV,KZPAV,94.0
2020,M_T,_L_KZ_090102_1J,KZSEV,KZSEV,50.0
2020,M_T,_L_KZ_090102_1J,KZYUZ,KZYUZ,75.9
2020,M_T,_L_KZ_090102_1J,KZVOS,KZVOS,646.5
2020,M_T,_L_KZ_090102_1J,KZNS,KZNS,141.7
2020,M_T,_L_KZ_090102_1J,KZALA,KZALA,252.3
2020,M_T,_L_KZ_090102_1J,KZSHY,KZSHY,111.6
2020,PER_1000000_POP,_L_KZ_090102_1N,,,8377.7
2020,PER_1000000_POP,_L_KZ_090102_1N,KZAKM,KZAKM,540.6
2020,PER_1000000_POP,_L_KZ_090102_1N,KZAKT,KZAKT,115.5
2020,PER_1000000_POP,_L_KZ_090102_1N,KZALM,KZALM,379.4
2020,PER_1000000_POP,_L_KZ_090102_1N,KZATY,KZATY,72.3
2020,PER_1000000_POP,_L_KZ_090102_1N,KZZAP,KZZAP,143.9
2020,PER_1000000_POP,_L_KZ_090102_1N,KZZHA,KZZHA,449.1
2020,PER_1000000_POP,_L_KZ_090102_1N,KZKAR,KZKAR,896.4
2020,PER_1000000_POP,_L_KZ_090102_1N,KZKUS,KZKUS,700.1
2020,PER_1000000_POP,_L_KZ_090102_1N,KZKZY,KZKZY,118.3
2020,PER_1000000_POP,_L_KZ_090102_1N,KZMAN,KZMAN,31.4
2020,PER_1000000_POP,_L_KZ_090102_1N,KZPAV,KZPAV,576.3
2020,PER_1000000_POP,_L_KZ_090102_1N,KZSEV,KZSEV,157.2
2020,PER_1000000_POP,_L_KZ_090102_1N,KZYUZ,KZYUZ,346.1
2020,PER_1000000_POP,_L_KZ_090102_1N,KZVOS,KZVOS,722.7
2020,PER_1000000_POP,_L_KZ_090102_1N,KZNS,KZNS,688.2
2020,PER_1000000_POP,_L_KZ_090102_1N,KZALA,KZALA,1946.1
2020,PER_1000000_POP,_L_KZ_090102_1N,KZSHY,KZSHY,494.1
2020,T,_L_KZ_090102_1K,,,23421.6
2020,T,_L_KZ_090102_1K,KZALA,KZALA,15819.7
2020,TH_PEOPLE,_L_KZ_090102_1M,,,5494.5
2020,TH_PEOPLE,_L_KZ_090102_1M,KZALM,KZALM,11.8
2020,TH_PEOPLE,_L_KZ_090102_1M,KZYUZ,KZYUZ,0.0
2020,TH_PEOPLE,_L_KZ_090102_1M,KZVOS,KZVOS,0.0
2020,TH_PEOPLE,_L_KZ_090102_1M,KZALA,KZALA,3712.5
2020,TH_PEOPLE,_L_KZ_090102_1M,KZSHY,KZSHY,1331.8
2020,M_T,_L_KZ_090102_1P,,,253.7
2020,M_T,_L_KZ_090102_1P,KZAKT,KZAKT,7.6
2020,M_T,_L_KZ_090102_1P,KZATY,KZATY,83.1
2020,M_T,_L_KZ_090102_1P,KZZAP,KZZAP,29.3
2020,M_T,_L_KZ_090102_1P,KZMAN,KZMAN,18.8
2020,M_T,_L_KZ_090102_1P,KZYUZ,KZYUZ,7.5
2020,M_T,_L_KZ_090102_1S,,,0.0
2020,M_T,_L_KZ_090102_1S,KZMAN,KZMAN,0.0
2021,M_T,_L_KZ_090102_1L,,,910.5
2021,M_T,_L_KZ_090102_1Q,,,281.4
2021,M_T,_L_KZ_090102_1G,,,410.3
2021,M_T,_L_KZ_090102_1A,,,217.1
2021,M_T,_L_KZ_090102_1D,,,0.03
2021,M_T,_L_KZ_090102_1B,,,0.8
2021,M_T,_L_KZ_090102_1I,,,0.8
2021,M_T,,KZABY,KZABY,74.4
2021,M_T,,KZAKM,KZAKM,41.3
2021,M_T,,KZAKT,KZAKT,68.3
2021,M_T,,KZALM,KZALM,22.6
2021,M_T,,KZATY,KZATY,114.3
2021,M_T,,KZZAP,KZZAP,34.3
2021,M_T,,KZZHA,KZZHA,53.8
2021,M_T,,KZZHS,KZZHS,21.2
2021,M_T,,KZKAR,KZKAR,77.7
2021,M_T,,KZKUS,KZKUS,68.6
2021,M_T,,KZKZY,KZKZY,42.4
2021,M_T,,KZMAN,KZMAN,50.5
2021,M_T,,KZYUZ,KZYUZ,29.7
2021,M_T,,KZULU,KZULU,15.0
2021,M_T,,KZPAV,KZPAV,53.1
2021,M_T,,KZSEV,KZSEV,22.5
2021,M_T,,KZVOS,KZVOS,22.9
2021,M_T,,KZNS,KZNS,53.6
2021,M_T,,KZALA,KZALA,25.8
2021,M_T,,KZSHY,KZSHY,18.4
2021,PER_1000000_POP,_L_KZ_090102_1N,,,1289.9
2021,PER_1000000_POP,_L_KZ_090102_1H,,,16.1
2021,PER_1000000_POP,_L_KZ_090102_1A,,,1199.1
2021,PER_1000000_POP,_L_KZ_090102_1B,,,0.1
2021,PER_1000000_POP,_L_KZ_090102_1I,,,0.08
2021,PER_1000000_POP,_L_KZ_090102_1D,,,9.4
2021,PER_1000000_POP,_L_KZ_090102_1F,,,65.2
2021,PER_1000000_POP,,KZABY,KZABY,42.2
2021,PER_1000000_POP,,KZAKM,KZAKM,24.1
2021,PER_1000000_POP,,KZAKT,KZAKT,38.0
2021,PER_1000000_POP,,KZALM,KZALM,13.4
2021,PER_1000000_POP,,KZATY,KZATY,40.2
2021,PER_1000000_POP,,KZZAP,KZZAP,42.5
2021,PER_1000000_POP,,KZZHA,KZZHA,49.1
2021,PER_1000000_POP,,KZZHS,KZZHS,15.8
2021,PER_1000000_POP,,KZKAR,KZKAR,126.5
2021,PER_1000000_POP,,KZKUS,KZKUS,43.3
2021,PER_1000000_POP,,KZKZY,KZKZY,16.5
2021,PER_1000000_POP,,KZMAN,KZMAN,30.9
2021,PER_1000000_POP,,KZYUZ,KZYUZ,15.7
2021,PER_1000000_POP,,KZULU,KZULU,16.2
2021,PER_1000000_POP,,KZPAV,KZPAV,69.9
2021,PER_1000000_POP,,KZSEV,KZSEV,21.0
2021,PER_1000000_POP,,KZVOS,KZVOS,69.0
2021,PER_1000000_POP,,KZNS,KZNS,176.7
2021,PER_1000000_POP,,KZALA,KZALA,357.5
2021,PER_1000000_POP,,KZSHY,KZSHY,81.6
2021,M_T,_L_KZ_090102_1J,,,217.1
2021,M_T,_L_KZ_090102_1J,KZABY,KZABY,55.3
2021,M_T,_L_KZ_090102_1J,KZAKM,KZAKM,7.2
2021,M_T,_L_KZ_090102_1J,KZAKT,KZAKT,17.3
2021,M_T,_L_KZ_090102_1J,KZALM,KZALM,4.7
2021,M_T,_L_KZ_090102_1J,KZATY,KZATY,3.2
2021,M_T,_L_KZ_090102_1J,KZZAP,KZZAP,1.5
2021,M_T,_L_KZ_090102_1J,KZZHA,KZZHA,1.2
2021,M_T,_L_KZ_090102_1J,KZZHS,KZZHS,0.9
2021,M_T,_L_KZ_090102_1J,KZKAR,KZKAR,23.5
2021,M_T,_L_KZ_090102_1J,KZKUS,KZKUS,31.0
2021,M_T,_L_KZ_090102_1J,KZKZY,KZKZY,3.4
2021,M_T,_L_KZ_090102_1J,KZMAN,KZMAN,3.2
2021,M_T,_L_KZ_090102_1J,KZYUZ,KZYUZ,1.3
2021,M_T,_L_KZ_090102_1J,KZULU,KZULU,0.7
2021,M_T,_L_KZ_090102_1J,KZPAV,KZPAV,23.7
2021,M_T,_L_KZ_090102_1J,KZSEV,KZSEV,2.3
2021,M_T,_L_KZ_090102_1J,KZVOS,KZVOS,13.8
2021,M_T,_L_KZ_090102_1J,KZNS,KZNS,12.7
2021,M_T,_L_KZ_090102_1J,KZALA,KZALA,7.3
2021,M_T,_L_KZ_090102_1J,KZSHY,KZSHY,2.9
2021,PER_1000000_POP,_L_KZ_090102_1N,,,1264.3
2021,PER_1000000_POP,_L_KZ_090102_1N,KZABY,KZABY,41.5
2021,PER_1000000_POP,_L_KZ_090102_1N,KZAKM,KZAKM,23.1
2021,PER_1000000_POP,_L_KZ_090102_1N,KZAKT,KZAKT,36.4
2021,PER_1000000_POP,_L_KZ_090102_1N,KZALM,KZALM,13.1
2021,PER_1000000_POP,_L_KZ_090102_1N,KZATY,KZATY,39.1
2021,PER_1000000_POP,_L_KZ_090102_1N,KZZAP,KZZAP,42.2
2021,PER_1000000_POP,_L_KZ_090102_1N,KZZHA,KZZHA,48.0
2021,PER_1000000_POP,_L_KZ_090102_1N,KZZHS,KZZHS,15.4
2021,PER_1000000_POP,_L_KZ_090102_1N,KZKAR,KZKAR,125.4
2021,PER_1000000_POP,_L_KZ_090102_1N,KZKUS,KZKUS,42.4
2021,PER_1000000_POP,_L_KZ_090102_1N,KZKZY,KZKZY,14.9
2021,PER_1000000_POP,_L_KZ_090102_1N,KZMAN,KZMAN,29.0
2021,PER_1000000_POP,_L_KZ_090102_1N,KZYUZ,KZYUZ,15.2
2021,PER_1000000_POP,_L_KZ_090102_1N,KZULU,KZULU,15.8
2021,PER_1000000_POP,_L_KZ_090102_1N,KZPAV,KZPAV,69.3
2021,PER_1000000_POP,_L_KZ_090102_1N,KZSEV,KZSEV,20.7
2021,PER_1000000_POP,_L_KZ_090102_1N,KZVOS,KZVOS,68.6
2021,PER_1000000_POP,_L_KZ_090102_1N,KZNS,KZNS,170.2
2021,PER_1000000_POP,_L_KZ_090102_1N,KZALA,KZALA,353.4
2021,PER_1000000_POP,_L_KZ_090102_1N,KZSHY,KZSHY,80.6
2021,T,_L_KZ_090102_1K,,,33730.8
2021,T,_L_KZ_090102_1K,KZABY,KZABY,0.0
2021,T,_L_KZ_090102_1K,KZZAP,KZZAP,0.0
2021,T,_L_KZ_090102_1K,KZULU,KZULU,0.0
2021,T,_L_KZ_090102_1K,KZNS,KZNS,2564.0
2021,T,_L_KZ_090102_1K,KZALA,KZALA,20824.0
2021,T,_L_KZ_090102_1K,KZSHY,KZSHY,10342.8
2021,TH_PEOPLE,_L_KZ_090102_1M,,,9442.0
2021,TH_PEOPLE,_L_KZ_090102_1M,KZABY,KZABY,231.4
2021,TH_PEOPLE,_L_KZ_090102_1M,KZAKM,KZAKM,1.9
2021,TH_PEOPLE,_L_KZ_090102_1M,KZAKT,KZAKT,286.1
2021,TH_PEOPLE,_L_KZ_090102_1M,KZALM,KZALM,5.9
2021,TH_PEOPLE,_L_KZ_090102_1M,KZATY,KZATY,565.0
2021,TH_PEOPLE,_L_KZ_090102_1M,KZKAR,KZKAR,215.7
2021,TH_PEOPLE,_L_KZ_090102_1M,KZKUS,KZKUS,16.4
2021,TH_PEOPLE,_L_KZ_090102_1M,KZKZY,KZKZY,19.8
2021,TH_PEOPLE,_L_KZ_090102_1M,KZZAP,KZZAP,146.8
2021,TH_PEOPLE,_L_KZ_090102_1M,KZZHA,KZZHA,153.2
2021,TH_PEOPLE,_L_KZ_090102_1M,KZZHS,KZZHS,170.2
2021,TH_PEOPLE,_L_KZ_090102_1M,KZMAN,KZMAN,638.9
2021,TH_PEOPLE,_L_KZ_090102_1M,KZYUZ,KZYUZ,208.5
2021,TH_PEOPLE,_L_KZ_090102_1M,KZULU,KZULU,22.5
2021,TH_PEOPLE,_L_KZ_090102_1M,KZPAV,KZPAV,100.2
2021,TH_PEOPLE,_L_KZ_090102_1M,KZSEV,KZSEV,3.9
2021,TH_PEOPLE,_L_KZ_090102_1M,KZVOS,KZVOS,44.3
2021,TH_PEOPLE,_L_KZ_090102_1M,KZNS,KZNS,2477.8
2021,TH_PEOPLE,_L_KZ_090102_1M,KZALA,KZALA,3399.1
2021,TH_PEOPLE,_L_KZ_090102_1M,KZSHY,KZSHY,714.4
2021,M_T,_L_KZ_090102_1P,,,281.4
2021,M_T,_L_KZ_090102_1P,KZABY,KZABY,2.0
2021,M_T,_L_KZ_090102_1P,KZAKT,KZAKT,13.9
2021,M_T,_L_KZ_090102_1P,KZALM,KZALM,10.5
2021,M_T,_L_KZ_090102_1P,KZATY,KZATY,92.4
2021,M_T,_L_KZ_090102_1P,KZZAP,KZZAP,28.0
2021,M_T,_L_KZ_090102_1P,KZZHA,KZZHA,15.2
2021,M_T,_L_KZ_090102_1P,KZZHS,KZZHS,7.3
2021,M_T,_L_KZ_090102_1P,KZKAR,KZKAR,20.3
2021,M_T,_L_KZ_090102_1P,KZKUS,KZKUS,12.6
2021,M_T,_L_KZ_090102_1P,KZKZY,KZKZY,9.9
2021,M_T,_L_KZ_090102_1P,KZMAN,KZMAN,20.6
2021,M_T,_L_KZ_090102_1P,KZPAV,KZPAV,11.0
2021,M_T,_L_KZ_090102_1P,KZSEV,KZSEV,11.0
2021,M_T,_L_KZ_090102_1P,KZYUZ,KZYUZ,20.5
2021,M_T,_L_KZ_090102_1P,KZULU,KZULU,0.8
2021,M_T,_L_KZ_090102_1P,KZNS,KZNS,0.0
2021,M_T,_L_KZ_090102_1P,KZALA,KZALA,0.0
2021,M_T,_L_KZ_090102_1P,KZSHY,KZSHY,5.2
2021,M_T,_L_KZ_090102_1R,,,0.8
2021,M_T,_L_KZ_090102_1R,KZMAN,KZMAN,0.8
2021,M_T,_L_KZ_090102_1S,,,0.1
2021,M_T,_L_KZ_090102_1S,KZMAN,KZMAN,0.1
2022,M_T,_L_KZ_090102_1L,,,927.2
2022,M_T,_L_KZ_090102_1Q,,,266.7
2022,M_T,_L_KZ_090102_1G,,,395.5
2022,M_T,_L_KZ_090102_1A,,,263.2
2022,M_T,_L_KZ_090102_1D,,,0.02
2022,M_T,_L_KZ_090102_1B,,,0.6
2022,M_T,_L_KZ_090102_1I,,,1.2
2022,M_T,,KZABY,KZABY,76.8
2022,M_T,,KZAKM,KZAKM,49.5
2022,M_T,,KZAKT,KZAKT,82.0
2022,M_T,,KZALM,KZALM,21.9
2022,M_T,,KZATY,KZATY,101.8
2022,M_T,,KZZAP,KZZAP,31.0
2022,M_T,,KZZHA,KZZHA,44.5
2022,M_T,,KZZHS,KZZHS,16.2
2022,M_T,,KZKAR,KZKAR,89.4
2022,M_T,,KZKUS,KZKUS,67.0
2022,M_T,,KZKZY,KZKZY,36.1
2022,M_T,,KZMAN,KZMAN,43.6
2022,M_T,,KZYUZ,KZYUZ,28.4
2022,M_T,,KZULU,KZULU,23.8
2022,M_T,,KZPAV,KZPAV,70.7
2022,M_T,,KZSEV,KZSEV,23.2
2022,M_T,,KZVOS,KZVOS,24.8
2022,M_T,,KZNS,KZNS,47.9
2022,M_T,,KZALA,KZALA,27.2
2022,M_T,,KZSHY,KZSHY,21.3
2022,PER_1000000_POP,_L_KZ_090102_1N,,,1486.1
2022,PER_1000000_POP,_L_KZ_090102_1H,,,20.1
2022,PER_1000000_POP,_L_KZ_090102_1A,,,1374.0
2022,PER_1000000_POP,_L_KZ_090102_1B,,,0.1
2022,PER_1000000_POP,_L_KZ_090102_1I,,,0.09
2022,PER_1000000_POP,_L_KZ_090102_1D,,,11.5
2022,PER_1000000_POP,_L_KZ_090102_1F,,,80.3
2022,PER_1000000_POP,,KZABY,KZABY,43.8
2022,PER_1000000_POP,,KZAKM,KZAKM,27.9
2022,PER_1000000_POP,,KZAKT,KZAKT,60.9
2022,PER_1000000_POP,,KZALM,KZALM,13.1
2022,PER_1000000_POP,,KZATY,KZATY,50.6
2022,PER_1000000_POP,,KZZAP,KZZAP,55.2
2022,PER_1000000_POP,,KZZHA,KZZHA,57.6
2022,PER_1000000_POP,,KZZHS,KZZHS,17.3
2022,PER_1000000_POP,,KZKAR,KZKAR,127.7
2022,PER_1000000_POP,,KZKUS,KZKUS,45.0
2022,PER_1000000_POP,,KZKZY,KZKZY,16.7
2022,PER_1000000_POP,,KZMAN,KZMAN,36.6
2022,PER_1000000_POP,,KZYUZ,KZYUZ,17.4
2022,PER_1000000_POP,,KZULU,KZULU,11.4
2022,PER_1000000_POP,,KZPAV,KZPAV,69.2
2022,PER_1000000_POP,,KZSEV,KZSEV,36.5
2022,PER_1000000_POP,,KZVOS,KZVOS,89.3
2022,PER_1000000_POP,,KZNS,KZNS,212.6
2022,PER_1000000_POP,,KZALA,KZALA,407.5
2022,PER_1000000_POP,,KZSHY,KZSHY,89.9
2022,M_T,_L_KZ_090102_1J,,,263.2
2022,M_T,_L_KZ_090102_1J,KZABY,KZABY,59.6
2022,M_T,_L_KZ_090102_1J,KZAKM,KZAKM,19.2
2022,M_T,_L_KZ_090102_1J,KZAKT,KZAKT,28.4
2022,M_T,_L_KZ_090102_1J,KZALM,KZALM,3.9
2022,M_T,_L_KZ_090102_1J,KZATY,KZATY,2.5
2022,M_T,_L_KZ_090102_1J,KZZAP,KZZAP,1.8
2022,M_T,_L_KZ_090102_1J,KZZHA,KZZHA,0.7
2022,M_T,_L_KZ_090102_1J,KZZHS,KZZHS,1.1
2022,M_T,_L_KZ_090102_1J,KZKAR,KZKAR,45.4
2022,M_T,_L_KZ_090102_1J,KZKUS,KZKUS,27.5
2022,M_T,_L_KZ_090102_1J,KZKZY,KZKZY,3.5
2022,M_T,_L_KZ_090102_1J,KZMAN,KZMAN,2.6
2022,M_T,_L_KZ_090102_1J,KZYUZ,KZYUZ,1.3
2022,M_T,_L_KZ_090102_1J,KZULU,KZULU,0.9
2022,M_T,_L_KZ_090102_1J,KZPAV,KZPAV,20.5
2022,M_T,_L_KZ_090102_1J,KZSEV,KZSEV,2.8
2022,M_T,_L_KZ_090102_1J,KZVOS,KZVOS,16.6
2022,M_T,_L_KZ_090102_1J,KZNS,KZNS,11.5
2022,M_T,_L_KZ_090102_1J,KZALA,KZALA,10.8
2022,M_T,_L_KZ_090102_1J,KZSHY,KZSHY,2.5
2022,PER_1000000_POP,_L_KZ_090102_1N,,,1454.3
2022,PER_1000000_POP,_L_KZ_090102_1N,KZABY,KZABY,43.1
2022,PER_1000000_POP,_L_KZ_090102_1N,KZAKM,KZAKM,26.7
2022,PER_1000000_POP,_L_KZ_090102_1N,KZAKT,KZAKT,58.5
2022,PER_1000000_POP,_L_KZ_090102_1N,KZALM,KZALM,12.9
2022,PER_1000000_POP,_L_KZ_090102_1N,KZATY,KZATY,48.8
2022,PER_1000000_POP,_L_KZ_090102_1N,KZZAP,KZZAP,54.8
2022,PER_1000000_POP,_L_KZ_090102_1N,KZZHA,KZZHA,56.5
2022,PER_1000000_POP,_L_KZ_090102_1N,KZZHS,KZZHS,16.9
2022,PER_1000000_POP,_L_KZ_090102_1N,KZKAR,KZKAR,126.2
2022,PER_1000000_POP,_L_KZ_090102_1N,KZKUS,KZKUS,43.9
2022,PER_1000000_POP,_L_KZ_090102_1N,KZKZY,KZKZY,15.0
2022,PER_1000000_POP,_L_KZ_090102_1N,KZMAN,KZMAN,34.6
2022,PER_1000000_POP,_L_KZ_090102_1N,KZYUZ,KZYUZ,16.9
2022,PER_1000000_POP,_L_KZ_090102_1N,KZULU,KZULU,10.8
2022,PER_1000000_POP,_L_KZ_090102_1N,KZPAV,KZPAV,68.4
2022,PER_1000000_POP,_L_KZ_090102_1N,KZSEV,KZSEV,36.1
2022,PER_1000000_POP,_L_KZ_090102_1N,KZVOS,KZVOS,88.7
2022,PER_1000000_POP,_L_KZ_090102_1N,KZNS,KZNS,204.0
2022,PER_1000000_POP,_L_KZ_090102_1N,KZALA,KZALA,402.8
2022,PER_1000000_POP,_L_KZ_090102_1N,KZSHY,KZSHY,88.7
2022,T,_L_KZ_090102_1K,,,22467.4
2022,T,_L_KZ_090102_1K,KZABY,KZABY,0.0
2022,T,_L_KZ_090102_1K,KZZAP,KZZAP,0.0
2022,T,_L_KZ_090102_1K,KZULU,KZULU,0.0
2022,T,_L_KZ_090102_1K,KZNS,KZNS,3501.0
2022,T,_L_KZ_090102_1K,KZALA,KZALA,14674.2
2022,T,_L_KZ_090102_1K,KZSHY,KZSHY,6292.2
2022,TH_PEOPLE,_L_KZ_090102_1M,,,11493.6
2022,TH_PEOPLE,_L_KZ_090102_1M,KZABY,KZABY,111.8
2022,TH_PEOPLE,_L_KZ_090102_1M,KZAKM,KZAKM,13.8
2022,TH_PEOPLE,_L_KZ_090102_1M,KZAKT,KZAKT,452.8
2022,TH_PEOPLE,_L_KZ_090102_1M,KZALM,KZALM,0.0
2022,TH_PEOPLE,_L_KZ_090102_1M,KZATY,KZATY,1017.6
2022,TH_PEOPLE,_L_KZ_090102_1M,KZKAR,KZKAR,173.8
2022,TH_PEOPLE,_L_KZ_090102_1M,KZKUS,KZKUS,39.7
2022,TH_PEOPLE,_L_KZ_090102_1M,KZKZY,KZKZY,39.1
2022,TH_PEOPLE,_L_KZ_090102_1M,KZZAP,KZZAP,116.3
2022,TH_PEOPLE,_L_KZ_090102_1M,KZZHA,KZZHA,140.4
2022,TH_PEOPLE,_L_KZ_090102_1M,KZZHS,KZZHS,138.7
2022,TH_PEOPLE,_L_KZ_090102_1M,KZMAN,KZMAN,675.1
2022,TH_PEOPLE,_L_KZ_090102_1M,KZYUZ,KZYUZ,213.1
2022,TH_PEOPLE,_L_KZ_090102_1M,KZULU,KZULU,76.5
2022,TH_PEOPLE,_L_KZ_090102_1M,KZPAV,KZPAV,70.8
2022,TH_PEOPLE,_L_KZ_090102_1M,KZSEV,KZSEV,34.9
2022,TH_PEOPLE,_L_KZ_090102_1M,KZVOS,KZVOS,217.2
2022,TH_PEOPLE,_L_KZ_090102_1M,KZNS,KZNS,3182.9
2022,TH_PEOPLE,_L_KZ_090102_1M,KZALA,KZALA,3858.8
2022,TH_PEOPLE,_L_KZ_090102_1M,KZSHY,KZSHY,920.5
2022,M_T,_L_KZ_090102_1P,,,266.7
2022,M_T,_L_KZ_090102_1P,KZABY,KZABY,2.2
2022,M_T,_L_KZ_090102_1P,KZAKT,KZAKT,14.3
2022,M_T,_L_KZ_090102_1P,KZALM,KZALM,12.5
2022,M_T,_L_KZ_090102_1P,KZATY,KZATY,80.4
2022,M_T,_L_KZ_090102_1P,KZZAP,KZZAP,23.6
2022,M_T,_L_KZ_090102_1P,KZZHA,KZZHA,15.4
2022,M_T,_L_KZ_090102_1P,KZZHS,KZZHS,5.6
2022,M_T,_L_KZ_090102_1P,KZKAR,KZKAR,10.0
2022,M_T,_L_KZ_090102_1P,KZKUS,KZKUS,11.3
2022,M_T,_L_KZ_090102_1P,KZKZY,KZKZY,10.0
2022,M_T,_L_KZ_090102_1P,KZMAN,KZMAN,20.4
2022,M_T,_L_KZ_090102_1P,KZPAV,KZPAV,11.1
2022,M_T,_L_KZ_090102_1P,KZSEV,KZSEV,11.1
2022,M_T,_L_KZ_090102_1P,KZYUZ,KZYUZ,21.3
2022,M_T,_L_KZ_090102_1P,KZULU,KZULU,11.0
2022,M_T,_L_KZ_090102_1P,KZNS,KZNS,0.2
2022,M_T,_L_KZ_090102_1P,KZALA,KZALA,0.0
2022,M_T,_L_KZ_090102_1P,KZSHY,KZSHY,6.3
2022,M_T,_L_KZ_090102_1R,,,1.2
2022,M_T,_L_KZ_090102_1R,KZMAN,KZMAN,1.2
2022,M_T,_L_KZ_090102_1S,,,0.1
2022,M_T,_L_KZ_090102_1S,KZMAN,KZMAN,0.1
2023,M_T,_L_KZ_090102_1L,,,999.2
2023,M_T,_L_KZ_090102_1Q,,,282.9
2023,M_T,_L_KZ_090102_1G,,,414.9
2023,M_T,_L_KZ_090102_1A,,,299.9
2023,M_T,_L_KZ_090102_1D,,,0.02
2023,M_T,_L_KZ_090102_1B,,,0.2
2023,M_T,_L_KZ_090102_1I,,,1.3
2023,M_T,,KZABY,KZABY,74.2
2023,M_T,,KZAKM,KZAKM,86.2
2023,M_T,,KZAKT,KZAKT,92.1
2023,M_T,,KZALM,KZALM,19.4
2023,M_T,,KZATY,KZATY,110.8
2023,M_T,,KZZAP,KZZAP,30.5
2023,M_T,,KZZHA,KZZHA,48.8
2023,M_T,,KZZHS,KZZHS,11.8
2023,M_T,,KZKAR,KZKAR,85.7
2023,M_T,,KZKUS,KZKUS,43.0
2023,M_T,,KZKZY,KZKZY,37.9
2023,M_T,,KZMAN,KZMAN,44.1
2023,M_T,,KZYUZ,KZYUZ,26.3
2023,M_T,,KZULU,KZULU,39.5
2023,M_T,,KZPAV,KZPAV,84.0
2023,M_T,,KZSEV,KZSEV,22.8
2023,M_T,,KZVOS,KZVOS,20.3
2023,M_T,,KZNS,KZNS,63.1
2023,M_T,,KZALA,KZALA,29.7
2023,M_T,,KZSHY,KZSHY,29.0
2023,PER_1000000_POP,_L_KZ_090102_1N,,,1607.3
2023,PER_1000000_POP,_L_KZ_090102_1H,,,20.5
2023,PER_1000000_POP,_L_KZ_090102_1A,,,1489.4
2023,PER_1000000_POP,_L_KZ_090102_1B,,,0.1
2023,PER_1000000_POP,_L_KZ_090102_1I,,,0.04
2023,PER_1000000_POP,_L_KZ_090102_1D,,,13.3
2023,PER_1000000_POP,_L_KZ_090102_1F,,,83.9
2023,PER_1000000_POP,,KZABY,KZABY,57.5
2023,PER_1000000_POP,,KZAKM,KZAKM,29.1
2023,PER_1000000_POP,,KZAKT,KZAKT,63.9
2023,PER_1000000_POP,,KZALM,KZALM,16.5
2023,PER_1000000_POP,,KZATY,KZATY,52.3
2023,PER_1000000_POP,,KZZAP,KZZAP,64.5
2023,PER_1000000_POP,,KZZHA,KZZHA,61.1
2023,PER_1000000_POP,,KZZHS,KZZHS,22.3
2023,PER_1000000_POP,,KZKAR,KZKAR,117.4
2023,PER_1000000_POP,,KZKUS,KZKUS,49.7
2023,PER_1000000_POP,,KZKZY,KZKZY,24.7
2023,PER_1000000_POP,,KZMAN,KZMAN,34.7
2023,PER_1000000_POP,,KZYUZ,KZYUZ,19.2
2023,PER_1000000_POP,,KZULU,KZULU,15.6
2023,PER_1000000_POP,,KZPAV,KZPAV,66.6
2023,PER_1000000_POP,,KZSEV,KZSEV,32.2
2023,PER_1000000_POP,,KZVOS,KZVOS,88.7
2023,PER_1000000_POP,,KZNS,KZNS,237.5
2023,PER_1000000_POP,,KZALA,KZALA,451.3
2023,PER_1000000_POP,,KZSHY,KZSHY,102.6
2023,M_T,_L_KZ_090102_1J,,,299.9
2023,M_T,_L_KZ_090102_1J,KZABY,KZABY,58.3
2023,M_T,_L_KZ_090102_1J,KZAKM,KZAKM,55.9
2023,M_T,_L_KZ_090102_1J,KZAKT,KZAKT,39.9
2023,M_T,_L_KZ_090102_1J,KZALM,KZALM,3.6
2023,M_T,_L_KZ_090102_1J,KZATY,KZATY,4.3
2023,M_T,_L_KZ_090102_1J,KZZAP,KZZAP,2.4
2023,M_T,_L_KZ_090102_1J,KZZHA,KZZHA,0.8
2023,M_T,_L_KZ_090102_1J,KZZHS,KZZHS,1.1
2023,M_T,_L_KZ_090102_1J,KZKAR,KZKAR,40.0
2023,M_T,_L_KZ_090102_1J,KZKUS,KZKUS,5.7
2023,M_T,_L_KZ_090102_1J,KZKZY,KZKZY,3.4
2023,M_T,_L_KZ_090102_1J,KZMAN,KZMAN,2.8
2023,M_T,_L_KZ_090102_1J,KZYUZ,KZYUZ,1.8
2023,M_T,_L_KZ_090102_1J,KZULU,KZULU,12.5
2023,M_T,_L_KZ_090102_1J,KZPAV,KZPAV,25.7
2023,M_T,_L_KZ_090102_1J,KZSEV,KZSEV,4.0
2023,M_T,_L_KZ_090102_1J,KZVOS,KZVOS,12.7
2023,M_T,_L_KZ_090102_1J,KZNS,KZNS,14.2
2023,M_T,_L_KZ_090102_1J,KZALA,KZALA,7.6
2023,M_T,_L_KZ_090102_1J,KZSHY,KZSHY,3.0
2023,PER_1000000_POP,_L_KZ_090102_1N,,,1573.3
2023,PER_1000000_POP,_L_KZ_090102_1N,KZABY,KZABY,56.9
2023,PER_1000000_POP,_L_KZ_090102_1N,KZAKM,KZAKM,28.0
2023,PER_1000000_POP,_L_KZ_090102_1N,KZAKT,KZAKT,61.7
2023,PER_1000000_POP,_L_KZ_090102_1N,KZALM,KZALM,16.4
2023,PER_1000000_POP,_L_KZ_090102_1N,KZATY,KZATY,50.8
2023,PER_1000000_POP,_L_KZ_090102_1N,KZZAP,KZZAP,64.1
2023,PER_1000000_POP,_L_KZ_090102_1N,KZZHA,KZZHA,59.8
2023,PER_1000000_POP,_L_KZ_090102_1N,KZZHS,KZZHS,22.0
2023,PER_1000000_POP,_L_KZ_090102_1N,KZKAR,KZKAR,116.1
2023,PER_1000000_POP,_L_KZ_090102_1N,KZKUS,KZKUS,48.6
2023,PER_1000000_POP,_L_KZ_090102_1N,KZKZY,KZKZY,22.9
2023,PER_1000000_POP,_L_KZ_090102_1N,KZMAN,KZMAN,32.5
2023,PER_1000000_POP,_L_KZ_090102_1N,KZYUZ,KZYUZ,18.9
2023,PER_1000000_POP,_L_KZ_090102_1N,KZULU,KZULU,15.2
2023,PER_1000000_POP,_L_KZ_090102_1N,KZPAV,KZPAV,65.8
2023,PER_1000000_POP,_L_KZ_090102_1N,KZSEV,KZSEV,31.9
2023,PER_1000000_POP,_L_KZ_090102_1N,KZVOS,KZVOS,88.1
2023,PER_1000000_POP,_L_KZ_090102_1N,KZNS,KZNS,227.6
2023,PER_1000000_POP,_L_KZ_090102_1N,KZALA,KZALA,445.0
2023,PER_1000000_POP,_L_KZ_090102_1N,KZSHY,KZSHY,101.1
2023,T,_L_KZ_090102_1K,,,23800.0
2023,T,_L_KZ_090102_1K,KZABY,KZABY,0.0
2023,T,_L_KZ_090102_1K,KZZAP,KZZAP,0.0
2023,T,_L_KZ_090102_1K,KZULU,KZULU,0.0
2023,T,_L_KZ_090102_1K,KZNS,KZNS,0.0
2023,T,_L_KZ_090102_1K,KZALA,KZALA,1400.0
2023,T,_L_KZ_090102_1K,KZSHY,KZSHY,0.0
2023,TH_PEOPLE,_L_KZ_090102_1M,,,13307.6
2023,TH_PEOPLE,_L_KZ_090102_1M,KZABY,KZABY,114.2
2023,TH_PEOPLE,_L_KZ_090102_1M,KZAKM,KZAKM,22.7
2023,TH_PEOPLE,_L_KZ_090102_1M,KZAKT,KZAKT,446.0
2023,TH_PEOPLE,_L_KZ_090102_1M,KZALM,KZALM,0.0
2023,TH_PEOPLE,_L_KZ_090102_1M,KZATY,KZATY,723.2
2023,TH_PEOPLE,_L_KZ_090102_1M,KZKAR,KZKAR,200.2
2023,TH_PEOPLE,_L_KZ_090102_1M,KZKUS,KZKUS,0.0
2023,TH_PEOPLE,_L_KZ_090102_1M,KZKZY,KZKZY,34.2
2023,TH_PEOPLE,_L_KZ_090102_1M,KZZAP,KZZAP,96.2
2023,TH_PEOPLE,_L_KZ_090102_1M,KZZHA,KZZHA,138.8
2023,TH_PEOPLE,_L_KZ_090102_1M,KZZHS,KZZHS,152.5
2023,TH_PEOPLE,_L_KZ_090102_1M,KZMAN,KZMAN,942.6
2023,TH_PEOPLE,_L_KZ_090102_1M,KZYUZ,KZYUZ,180.3
2023,TH_PEOPLE,_L_KZ_090102_1M,KZULU,KZULU,46.2
2023,TH_PEOPLE,_L_KZ_090102_1M,KZPAV,KZPAV,104.7
2023,TH_PEOPLE,_L_KZ_090102_1M,KZSEV,KZSEV,55.9
2023,TH_PEOPLE,_L_KZ_090102_1M,KZVOS,KZVOS,250.9
2023,TH_PEOPLE,_L_KZ_090102_1M,KZNS,KZNS,3731.4
2023,TH_PEOPLE,_L_KZ_090102_1M,KZALA,KZALA,4905.0
2023,TH_PEOPLE,_L_KZ_090102_1M,KZSHY,KZSHY,1062.4
2023,M_T,_L_KZ_090102_1P,,,282.9
2023,M_T,_L_KZ_090102_1P,KZABY,KZABY,2.2
2023,M_T,_L_KZ_090102_1P,KZAKT,KZAKT,16.0
2023,M_T,_L_KZ_090102_1P,KZALM,KZALM,12.1
2023,M_T,_L_KZ_090102_1P,KZATY,KZATY,85.7
2023,M_T,_L_KZ_090102_1P,KZZAP,KZZAP,23.2
2023,M_T,_L_KZ_090102_1P,KZZHA,KZZHA,15.6
2023,M_T,_L_KZ_090102_1P,KZZHS,KZZHS,5.5
2023,M_T,_L_KZ_090102_1P,KZKAR,KZKAR,10.3
2023,M_T,_L_KZ_090102_1P,KZKUS,KZKUS,10.3
2023,M_T,_L_KZ_090102_1P,KZKZY,KZKZY,11.3
2023,M_T,_L_KZ_090102_1P,KZMAN,KZMAN,22.7
2023,M_T,_L_KZ_090102_1P,KZPAV,KZPAV,11.3
2023,M_T,_L_KZ_090102_1P,KZSEV,KZSEV,11.3
2023,M_T,_L_KZ_090102_1P,KZYUZ,KZYUZ,21.3
2023,M_T,_L_KZ_090102_1P,KZULU,KZULU,18.0
2023,M_T,_L_KZ_090102_1P,KZNS,KZNS,0.3
2023,M_T,_L_KZ_090102_1P,KZALA,KZALA,0.0
2023,M_T,_L_KZ_090102_1P,KZSHY,KZSHY,5.9
2023,M_T,_L_KZ_090102_1R,,,1.3
2023,M_T,_L_KZ_090102_1R,KZMAN,KZMAN,1.3
2023,M_T,_L_KZ_090102_1S,,,0.0
2023,M_T,_L_KZ_090102_1S,KZMAN,KZMAN,0.0
2024,M_T,_L_KZ_090102_1L,,,1090.0
2024,M_T,_L_KZ_090102_1Q,,,299.8
2024,M_T,_L_KZ_090102_1G,,,438.7
2024,M_T,_L_KZ_090102_1A,,,347.1
2024,M_T,_L_KZ_090102_1D,,,0.0
2024,M_T,_L_KZ_090102_1B,,,0.3
2024,M_T,_L_KZ_090102_1I,,,4.0
2024,M_T,,KZABY,KZABY,98.7
2024,M_T,,KZAKM,KZAKM,100.6
2024,M_T,,KZAKT,KZAKT,91.0
2024,M_T,,KZALM,KZALM,22.1
2024,M_T,,KZATY,KZATY,112.7
2024,M_T,,KZZAP,KZZAP,34.8
2024,M_T,,KZZHA,KZZHA,42.4
2024,M_T,,KZZHS,KZZHS,20.6
2024,M_T,,KZKAR,KZKAR,87.8
2024,M_T,,KZKUS,KZKUS,46.7
2024,M_T,,KZKZY,KZKZY,39.8
2024,M_T,,KZMAN,KZMAN,57.1
2024,M_T,,KZYUZ,KZYUZ,34.2
2024,M_T,,KZULU,KZULU,29.7
2024,M_T,,KZPAV,KZPAV,114.2
2024,M_T,,KZSEV,KZSEV,22.8
2024,M_T,,KZVOS,KZVOS,21.6
2024,M_T,,KZNS,KZNS,68.4
2024,M_T,,KZALA,KZALA,21.0
2024,M_T,,KZSHY,KZSHY,23.6
2024,PER_1000000_POP,_L_KZ_090102_1N,,,1773.9
2024,PER_1000000_POP,_L_KZ_090102_1H,,,20.7
2024,PER_1000000_POP,_L_KZ_090102_1A,,,1658.0
2024,PER_1000000_POP,_L_KZ_090102_1B,,,0.2
2024,PER_1000000_POP,_L_KZ_090102_1I,,,0.1
2024,PER_1000000_POP,_L_KZ_090102_1D,,,14.4
2024,PER_1000000_POP,_L_KZ_090102_1F,,,80.4
2024,PER_1000000_POP,,KZABY,KZABY,63.7
2024,PER_1000000_POP,,KZAKM,KZAKM,30.7
2024,PER_1000000_POP,,KZAKT,KZAKT,70.4
2024,PER_1000000_POP,,KZALM,KZALM,29.2
2024,PER_1000000_POP,,KZATY,KZATY,49.4
2024,PER_1000000_POP,,KZZAP,KZZAP,68.9
2024,PER_1000000_POP,,KZZHA,KZZHA,93.4
2024,PER_1000000_POP,,KZZHS,KZZHS,24.5
2024,PER_1000000_POP,,KZKAR,KZKAR,121.4
2024,PER_1000000_POP,,KZKUS,KZKUS,54.5
2024,PER_1000000_POP,,KZKZY,KZKZY,36.5
2024,PER_1000000_POP,,KZMAN,KZMAN,56.6
2024,PER_1000000_POP,,KZYUZ,KZYUZ,22.0
2024,PER_1000000_POP,,KZULU,KZULU,18.4
2024,PER_1000000_POP,,KZPAV,KZPAV,73.4
2024,PER_1000000_POP,,KZSEV,KZSEV,30.9
2024,PER_1000000_POP,,KZVOS,KZVOS,83.5
2024,PER_1000000_POP,,KZNS,KZNS,297.8
2024,PER_1000000_POP,,KZALA,KZALA,466.3
2024,PER_1000000_POP,,KZSHY,KZSHY,82.3
2024,M_T,_L_KZ_090102_1J,,,347.1
2024,M_T,_L_KZ_090102_1J,KZABY,KZABY,78.2
2024,M_T,_L_KZ_090102_1J,KZAKM,KZAKM,73.0
2024,M_T,_L_KZ_090102_1J,KZAKT,KZAKT,35.4
2024,M_T,_L_KZ_090102_1J,KZALM,KZALM,5.3
2024,M_T,_L_KZ_090102_1J,KZATY,KZATY,1.3
2024,M_T,_L_KZ_090102_1J,KZZAP,KZZAP,2.6
2024,M_T,_L_KZ_090102_1J,KZZHA,KZZHA,1.2
2024,M_T,_L_KZ_090102_1J,KZZHS,KZZHS,3.6
2024,M_T,_L_KZ_090102_1J,KZKAR,KZKAR,34.5
2024,M_T,_L_KZ_090102_1J,KZKUS,KZKUS,7.2
2024,M_T,_L_KZ_090102_1J,KZKZY,KZKZY,4.3
2024,M_T,_L_KZ_090102_1J,KZMAN,KZMAN,3.9
2024,M_T,_L_KZ_090102_1J,KZYUZ,KZYUZ,1.9
2024,M_T,_L_KZ_090102_1J,KZULU,KZULU,2.9
2024,M_T,_L_KZ_090102_1J,KZPAV,KZPAV,48.0
2024,M_T,_L_KZ_090102_1J,KZSEV,KZSEV,3.7
2024,M_T,_L_KZ_090102_1J,KZVOS,KZVOS,15.6
2024,M_T,_L_KZ_090102_1J,KZNS,KZNS,12.6
2024,M_T,_L_KZ_090102_1J,KZALA,KZALA,7.9
2024,M_T,_L_KZ_090102_1J,KZSHY,KZSHY,4.0
2024,PER_1000000_POP,_L_KZ_090102_1N,,,1738.4
2024,PER_1000000_POP,_L_KZ_090102_1N,KZABY,KZABY,62.9
2024,PER_1000000_POP,_L_KZ_090102_1N,KZAKM,KZAKM,29.7
2024,PER_1000000_POP,_L_KZ_090102_1N,KZAKT,KZAKT,68.1
2024,PER_1000000_POP,_L_KZ_090102_1N,KZALM,KZALM,29.0
2024,PER_1000000_POP,_L_KZ_090102_1N,KZATY,KZATY,47.9
2024,PER_1000000_POP,_L_KZ_090102_1N,KZZAP,KZZAP,68.4
2024,PER_1000000_POP,_L_KZ_090102_1N,KZZHA,KZZHA,92.4
2024,PER_1000000_POP,_L_KZ_090102_1N,KZZHS,KZZHS,24.0
2024,PER_1000000_POP,_L_KZ_090102_1N,KZKAR,KZKAR,119.8
2024,PER_1000000_POP,_L_KZ_090102_1N,KZKUS,KZKUS,53.5
2024,PER_1000000_POP,_L_KZ_090102_1N,KZKZY,KZKZY,35.0
2024,PER_1000000_POP,_L_KZ_090102_1N,KZMAN,KZMAN,54.5
2024,PER_1000000_POP,_L_KZ_090102_1N,KZYUZ,KZYUZ,21.5
2024,PER_1000000_POP,_L_KZ_090102_1N,KZULU,KZULU,17.5
2024,PER_1000000_POP,_L_KZ_090102_1N,KZPAV,KZPAV,72.6
2024,PER_1000000_POP,_L_KZ_090102_1N,KZSEV,KZSEV,30.6
2024,PER_1000000_POP,_L_KZ_090102_1N,KZVOS,KZVOS,82.8
2024,PER_1000000_POP,_L_KZ_090102_1N,KZNS,KZNS,287.4
2024,PER_1000000_POP,_L_KZ_090102_1N,KZALA,KZALA,460.0
2024,PER_1000000_POP,_L_KZ_090102_1N,KZSHY,KZSHY,80.9
2024,T,_L_KZ_090102_1K,,,27734.3
2024,T,_L_KZ_090102_1K,KZABY,KZABY,0.0
2024,T,_L_KZ_090102_1K,KZZAP,KZZAP,0.0
2024,T,_L_KZ_090102_1K,KZULU,KZULU,0.0
2024,T,_L_KZ_090102_1K,KZNS,KZNS,3500.0
2024,T,_L_KZ_090102_1K,KZALA,KZALA,16782.8
2024,T,_L_KZ_090102_1K,KZSHY,KZSHY,7500.0
2024,TH_PEOPLE,_L_KZ_090102_1M,,,14449.7
2024,TH_PEOPLE,_L_KZ_090102_1M,KZABY,KZABY,138.2
2024,TH_PEOPLE,_L_KZ_090102_1M,KZAKM,KZAKM,25.1
2024,TH_PEOPLE,_L_KZ_090102_1M,KZAKT,KZAKT,480.9
2024,TH_PEOPLE,_L_KZ_090102_1M,KZALM,KZALM,0.0
2024,TH_PEOPLE,_L_KZ_090102_1M,KZATY,KZATY,710.0
2024,TH_PEOPLE,_L_KZ_090102_1M,KZKAR,KZKAR,252.7
2024,TH_PEOPLE,_L_KZ_090102_1M,KZKUS,KZKUS,96.8
2024,TH_PEOPLE,_L_KZ_090102_1M,KZKZY,KZKZY,28.2
2024,TH_PEOPLE,_L_KZ_090102_1M,KZZAP,KZZAP,134.6
2024,TH_PEOPLE,_L_KZ_090102_1M,KZZHA,KZZHA,170.2
2024,TH_PEOPLE,_L_KZ_090102_1M,KZZHS,KZZHS,176.1
2024,TH_PEOPLE,_L_KZ_090102_1M,KZMAN,KZMAN,924.0
2024,TH_PEOPLE,_L_KZ_090102_1M,KZYUZ,KZYUZ,107.2
2024,TH_PEOPLE,_L_KZ_090102_1M,KZULU,KZULU,59.9
2024,TH_PEOPLE,_L_KZ_090102_1M,KZPAV,KZPAV,94.8
2024,TH_PEOPLE,_L_KZ_090102_1M,KZSEV,KZSEV,60.2
2024,TH_PEOPLE,_L_KZ_090102_1M,KZVOS,KZVOS,332.9
2024,TH_PEOPLE,_L_KZ_090102_1M,KZNS,KZNS,3954.3
2024,TH_PEOPLE,_L_KZ_090102_1M,KZALA,KZALA,5453.2
2024,TH_PEOPLE,_L_KZ_090102_1M,KZSHY,KZSHY,1250.5
2024,M_T,_L_KZ_090102_1P,,,299.8
2024,M_T,_L_KZ_090102_1P,KZABY,KZABY,2.2
2024,M_T,_L_KZ_090102_1P,KZAKT,KZAKT,16.3
2024,M_T,_L_KZ_090102_1P,KZALM,KZALM,12.5
2024,M_T,_L_KZ_090102_1P,KZATY,KZATY,89.3
2024,M_T,_L_KZ_090102_1P,KZZAP,KZZAP,27.2
2024,M_T,_L_KZ_090102_1P,KZZHA,KZZHA,15.7
2024,M_T,_L_KZ_090102_1P,KZZHS,KZZHS,5.6
2024,M_T,_L_KZ_090102_1P,KZKAR,KZKAR,10.8
2024,M_T,_L_KZ_090102_1P,KZKUS,KZKUS,11.7
2024,M_T,_L_KZ_090102_1P,KZKZY,KZKZY,11.7
2024,M_T,_L_KZ_090102_1P,KZMAN,KZMAN,27.0
2024,M_T,_L_KZ_090102_1P,KZPAV,KZPAV,11.8
2024,M_T,_L_KZ_090102_1P,KZSEV,KZSEV,11.8
2024,M_T,_L_KZ_090102_1P,KZYUZ,KZYUZ,21.6
2024,M_T,_L_KZ_090102_1P,KZULU,KZULU,18.1
2024,M_T,_L_KZ_090102_1P,KZNS,KZNS,0.5
2024,M_T,_L_KZ_090102_1P,KZALA,KZALA,0.0
2024,M_T,_L_KZ_090102_1P,KZSHY,KZSHY,6.0
2024,M_T,_L_KZ_090102_1R,,,4.0
2024,M_T,_L_KZ_090102_1R,KZMAN,KZMAN,4.0
2024,M_T,_L_KZ_090102_1S,,,0.1
2024,M_T,_L_KZ_090102_1S,KZMAN,KZMAN,0.1
2025,M_T,_L_KZ_090102_1L,,,964.7
2025,M_T,_L_KZ_090102_1Q,,,257.6
2025,M_T,_L_KZ_090102_1G,,,339.7
2025,M_T,_L_KZ_090102_1A,,,362.9
2025,M_T,_L_KZ_090102_1D,,,0.0
2025,M_T,_L_KZ_090102_1B,,,0.2
2025,M_T,_L_KZ_090102_1I,,,4.3
2025,M_T,,KZABY,KZABY,100.9
2025,M_T,,KZAKM,KZAKM,106.1
2025,M_T,,KZAKT,KZAKT,81.5
2025,M_T,,KZALM,KZALM,13.6
2025,M_T,,KZATY,KZATY,132.3
2025,M_T,,KZZAP,KZZAP,36.7
2025,M_T,,KZZHA,KZZHA,24.0
2025,M_T,,KZZHS,KZZHS,24.6
2025,M_T,,KZKAR,KZKAR,108.9
2025,M_T,,KZKUS,KZKUS,45.5
2025,M_T,,KZKZY,KZKZY,36.4
2025,M_T,,KZMAN,KZMAN,63.8
2025,M_T,,KZYUZ,KZYUZ,66.3
2025,M_T,,KZULU,KZULU,23.8
2025,M_T,,KZPAV,KZPAV,21.4
2025,M_T,,KZSEV,KZSEV,44.9
2025,M_T,,KZVOS,KZVOS,20.7
2025,M_T,,KZNS,KZNS,56.6
2025,M_T,,KZALA,KZALA,60.1
2025,M_T,,KZSHY,KZSHY,29.9
2025,PER_1000000_POP,_L_KZ_090102_1N,,,1960.2
2025,PER_1000000_POP,_L_KZ_090102_1H,,,19.6
2025,PER_1000000_POP,_L_KZ_090102_1A,,,1845.4
2025,PER_1000000_POP,_L_KZ_090102_1B,,,0.3
2025,PER_1000000_POP,_L_KZ_090102_1I,,,0.0
2025,PER_1000000_POP,_L_KZ_090102_1D,,,15.4
2025,PER_1000000_POP,_L_KZ_090102_1F,,,79.5
2025,PER_1000000_POP,,KZABY,KZABY,56.0
2025,PER_1000000_POP,,KZAKM,KZAKM,35.7
2025,PER_1000000_POP,,KZAKT,KZAKT,81.9
2025,PER_1000000_POP,,KZALM,KZALM,49.5
2025,PER_1000000_POP,,KZATY,KZATY,56.2
2025,PER_1000000_POP,,KZZAP,KZZAP,62.6
2025,PER_1000000_POP,,KZZHA,KZZHA,114.1
2025,PER_1000000_POP,,KZZHS,KZZHS,30.1
2025,PER_1000000_POP,,KZKAR,KZKAR,137.4
2025,PER_1000000_POP,,KZKUS,KZKUS,52.8
2025,PER_1000000_POP,,KZKZY,KZKZY,47.7
2025,PER_1000000_POP,,KZMAN,KZMAN,63.0
2025,PER_1000000_POP,,KZYUZ,KZYUZ,29.2
2025,PER_1000000_POP,,KZULU,KZULU,19.4
2025,PER_1000000_POP,,KZPAV,KZPAV,82.9
2025,PER_1000000_POP,,KZSEV,KZSEV,33.4
2025,PER_1000000_POP,,KZVOS,KZVOS,84.6
2025,PER_1000000_POP,,KZNS,KZNS,328.6
2025,PER_1000000_POP,,KZALA,KZALA,479.7
2025,PER_1000000_POP,,KZSHY,KZSHY,115.2
2025,M_T,_L_KZ_090102_1J,,,362.9
2025,M_T,_L_KZ_090102_1J,KZABY,KZABY,75.2
2025,M_T,_L_KZ_090102_1J,KZAKM,KZAKM,84.7
2025,M_T,_L_KZ_090102_1J,KZAKT,KZAKT,34.4
2025,M_T,_L_KZ_090102_1J,KZALM,KZALM,7.3
2025,M_T,_L_KZ_090102_1J,KZATY,KZATY,0.8
2025,M_T,_L_KZ_090102_1J,KZZAP,KZZAP,3.2
2025,M_T,_L_KZ_090102_1J,KZZHA,KZZHA,1.7
2025,M_T,_L_KZ_090102_1J,KZZHS,KZZHS,4.0
2025,M_T,_L_KZ_090102_1J,KZKAR,KZKAR,52.2
2025,M_T,_L_KZ_090102_1J,KZKUS,KZKUS,9.0
2025,M_T,_L_KZ_090102_1J,KZKZY,KZKZY,6.7
2025,M_T,_L_KZ_090102_1J,KZMAN,KZMAN,3.6
2025,M_T,_L_KZ_090102_1J,KZYUZ,KZYUZ,3.0
2025,M_T,_L_KZ_090102_1J,KZULU,KZULU,1.0
2025,M_T,_L_KZ_090102_1J,KZPAV,KZPAV,21.2
2025,M_T,_L_KZ_090102_1J,KZSEV,KZSEV,6.6
2025,M_T,_L_KZ_090102_1J,KZVOS,KZVOS,16.0
2025,M_T,_L_KZ_090102_1J,KZNS,KZNS,13.6
2025,M_T,_L_KZ_090102_1J,KZALA,KZALA,14.9
2025,M_T,_L_KZ_090102_1J,KZSHY,KZSHY,3.9
2025,PER_1000000_POP,_L_KZ_090102_1N,,,1924.9
2025,PER_1000000_POP,_L_KZ_090102_1N,KZABY,KZABY,54.8
2025,PER_1000000_POP,_L_KZ_090102_1N,KZAKM,KZAKM,34.5
2025,PER_1000000_POP,_L_KZ_090102_1N,KZAKT,KZAKT,79.5
2025,PER_1000000_POP,_L_KZ_090102_1N,KZALM,KZALM,49.4
2025,PER_1000000_POP,_L_KZ_090102_1N,KZATY,KZATY,54.8
2025,PER_1000000_POP,_L_KZ_090102_1N,KZZAP,KZZAP,61.9
2025,PER_1000000_POP,_L_KZ_090102_1N,KZZHA,KZZHA,113.0
2025,PER_1000000_POP,_L_KZ_090102_1N,KZZHS,KZZHS,29.8
2025,PER_1000000_POP,_L_KZ_090102_1N,KZKAR,KZKAR,135.6
2025,PER_1000000_POP,_L_KZ_090102_1N,KZKUS,KZKUS,51.7
2025,PER_1000000_POP,_L_KZ_090102_1N,KZKZY,KZKZY,46.3
2025,PER_1000000_POP,_L_KZ_090102_1N,KZMAN,KZMAN,61.5
2025,PER_1000000_POP,_L_KZ_090102_1N,KZYUZ,KZYUZ,28.6
2025,PER_1000000_POP,_L_KZ_090102_1N,KZULU,KZULU,17.5
2025,PER_1000000_POP,_L_KZ_090102_1N,KZPAV,KZPAV,82.3
2025,PER_1000000_POP,_L_KZ_090102_1N,KZSEV,KZSEV,33.1
2025,PER_1000000_POP,_L_KZ_090102_1N,KZVOS,KZVOS,83.9
2025,PER_1000000_POP,_L_KZ_090102_1N,KZNS,KZNS,321.2
2025,PER_1000000_POP,_L_KZ_090102_1N,KZALA,KZALA,471.5
2025,PER_1000000_POP,_L_KZ_090102_1N,KZSHY,KZSHY,112.9
2025,T,_L_KZ_090102_1K,,,26700.0
2025,T,_L_KZ_090102_1K,KZABY,KZABY,0.0
2025,T,_L_KZ_090102_1K,KZZAP,KZZAP,0.0
2025,T,_L_KZ_090102_1K,KZULU,KZULU,0.0
2025,T,_L_KZ_090102_1K,KZAKT,KZAKT,300.0
2025,T,_L_KZ_090102_1K,KZATY,KZATY,500.0
2025,T,_L_KZ_090102_1K,KZKUS,KZKUS,100.0
2025,T,_L_KZ_090102_1K,KZMAN,KZMAN,300.0
2025,T,_L_KZ_090102_1K,KZYUZ,KZYUZ,700.0
2025,T,_L_KZ_090102_1K,KZVOS,KZVOS,100.0
2025,T,_L_KZ_090102_1K,KZNS,KZNS,4800.0
2025,T,_L_KZ_090102_1K,KZALA,KZALA,19100.0
2025,T,_L_KZ_090102_1K,KZSHY,KZSHY,600.0
2025,TH_PEOPLE,_L_KZ_090102_1M,,,15435.2
2025,TH_PEOPLE,_L_KZ_090102_1M,KZABY,KZABY,162.3
2025,TH_PEOPLE,_L_KZ_090102_1M,KZAKM,KZAKM,26.5
2025,TH_PEOPLE,_L_KZ_090102_1M,KZAKT,KZAKT,568.1
2025,TH_PEOPLE,_L_KZ_090102_1M,KZALM,KZALM,0.3
2025,TH_PEOPLE,_L_KZ_090102_1M,KZATY,KZATY,747.8
2025,TH_PEOPLE,_L_KZ_090102_1M,KZKAR,KZKAR,332.4
2025,TH_PEOPLE,_L_KZ_090102_1M,KZKUS,KZKUS,157.8
2025,TH_PEOPLE,_L_KZ_090102_1M,KZKZY,KZKZY,23.0
2025,TH_PEOPLE,_L_KZ_090102_1M,KZZAP,KZZAP,165.7
2025,TH_PEOPLE,_L_KZ_090102_1M,KZZHA,KZZHA,238.0
2025,TH_PEOPLE,_L_KZ_090102_1M,KZZHS,KZZHS,203.6
2025,TH_PEOPLE,_L_KZ_090102_1M,KZMAN,KZMAN,818.8
2025,TH_PEOPLE,_L_KZ_090102_1M,KZYUZ,KZYUZ,127.8
2025,TH_PEOPLE,_L_KZ_090102_1M,KZULU,KZULU,59.2
2025,TH_PEOPLE,_L_KZ_090102_1M,KZPAV,KZPAV,22.6
2025,TH_PEOPLE,_L_KZ_090102_1M,KZSEV,KZSEV,69.4
2025,TH_PEOPLE,_L_KZ_090102_1M,KZVOS,KZVOS,350.6
2025,TH_PEOPLE,_L_KZ_090102_1M,KZNS,KZNS,4420.0
2025,TH_PEOPLE,_L_KZ_090102_1M,KZALA,KZALA,5547.4
2025,TH_PEOPLE,_L_KZ_090102_1M,KZSHY,KZSHY,1394.1
2025,M_T,_L_KZ_090102_1P,,,257.6
2025,M_T,_L_KZ_090102_1P,KZABY,KZABY,11.1
2025,M_T,_L_KZ_090102_1P,KZAKT,KZAKT,16.6
2025,M_T,_L_KZ_090102_1P,KZALM,KZALM,2.5
2025,M_T,_L_KZ_090102_1P,KZATY,KZATY,113.5
2025,M_T,_L_KZ_090102_1P,KZZAP,KZZAP,29.8
2025,M_T,_L_KZ_090102_1P,KZZHA,KZZHA,2.6
2025,M_T,_L_KZ_090102_1P,KZZHS,KZZHS,11.3
2025,M_T,_L_KZ_090102_1P,KZKAR,KZKAR,17.3
2025,M_T,_L_KZ_090102_1P,KZKUS,KZKUS,11.7
2025,M_T,_L_KZ_090102_1P,KZKZY,KZKZY,11.6
2025,M_T,_L_KZ_090102_1P,KZMAN,KZMAN,41.7
2025,M_T,_L_KZ_090102_1P,KZPAV,KZPAV,11.9
2025,M_T,_L_KZ_090102_1P,KZSEV,KZSEV,11.9
2025,M_T,_L_KZ_090102_1P,KZYUZ,KZYUZ,9.5
2025,M_T,_L_KZ_090102_1P,KZULU,KZULU,37.5
2025,M_T,_L_KZ_090102_1P,KZNS,KZNS,0.6
2025,M_T,_L_KZ_090102_1P,KZALA,KZALA,34.3
2025,M_T,_L_KZ_090102_1P,KZSHY,KZSHY,15.4
2025,M_T,_L_KZ_090102_1R,,,4.3
2025,M_T,_L_KZ_090102_1R,KZMAN,KZMAN,4.3
2025,M_T,_L_KZ_090102_1S,,,0.0
2025,M_T,_L_KZ_090102_1S,KZMAN,KZMAN,0.0
