Year,UNIT_MEASURE,Регионы,Пол,Value
2012,процент,,,6.081519545019793
2012,процент,Акмолинская,,7.327164715131723
2012,процент,Актюбинская,,3.204661325564458
2012,процент,Алматинская,,10.942698150662675
2012,процент,Атырауская,,3.114539730861037
2012,процент,Западно-Казахстанская,,9.255254311694362
2012,процент,Жымбылская,,3.90382474615336
2012,процент,Карагандинская,,6.722690734706329
2012,процент,Костанайская,,12.113027202634973
2012,процент,Кызылординская,,2.967726303864527
2012,процент,Мангистауская,,1.1824523069165476
2012,процент,Туркестанская,,6.260891138637669
2012,процент,Павлодарская,,10.56474309996316
2012,процент,Северо-Казахстанская,,7.999298169053529
2012,процент,Восточно-Казахстанская,,6.746526195576749
2012,процент,,мужчины,8.990241851199231
2012,процент,Акмолинская,мужчины,9.99069532716176
2012,процент,Актюбинская,мужчины,4.7232228603530935
2012,процент,Алматинская,мужчины,16.06645821742343
2012,процент,Атырауская,мужчины,4.83195769216304
2012,процент,Западно-Казахстанская,мужчины,12.48477826513602
2012,процент,Жымбылская,мужчины,6.077602367881192
2012,процент,Карагандинская,мужчины,9.560153764410035
2012,процент,Костанайская,мужчины,12.134239711940747
2012,процент,Кызылординская,мужчины,5.820339261128195
2012,процент,Мангистауская,мужчины,2.397186287472239
2012,процент,Туркестанская,мужчины,12.005116273090715
2012,процент,Павлодарская,мужчины,16.39191745221363
2012,процент,Северо-Казахстанская,мужчины,10.84001520827834
2012,процент,Восточно-Казахстанская,мужчины,9.204001402856282
2012,процент,,женщины,3.5065578554111165
2012,процент,Акмолинская,женщины,4.946407458376136
2012,процент,Актюбинская,женщины,1.8657933972667384
2012,процент,Алматинская,женщины,6.187236471032998
2012,процент,Атырауская,женщины,1.539979523524076
2012,процент,Западно-Казахстанская,женщины,6.377347835797938
2012,процент,Жымбылская,женщины,1.925666819695505
2012,процент,Карагандинская,женщины,4.316336769132537
2012,процент,Костанайская,женщины,12.094940365224588
2012,процент,Кызылординская,женщины,0.2020558103942668
2012,процент,Мангистауская,женщины,0.0327168925495456
2012,процент,Туркестанская,женщины,0.8531819147217448
2012,процент,Павлодарская,женщины,5.652412751552785
2012,процент,Северо-Казахстанская,женщины,5.535838041035764
2012,процент,Восточно-Казахстанская,женщины,4.6222234756215785
2013,процент,,,6.281780310601058
2013,процент,Акмолинская,,7.35667371702104
2013,процент,Актюбинская,,7.174042791456476
2013,процент,Алматинская,,11.23439805509888
2013,процент,Атырауская,,3.091297703281105
2013,процент,Западно-Казахстанская,,10.194493514303463
2013,процент,Жымбылская,,3.407917185742276
2013,процент,Карагандинская,,6.714364065858646
2013,процент,Костанайская,,12.084264556173178
2013,процент,Кызылординская,,2.9723991507431
2013,процент,Мангистауская,,1.2445986617306275
2013,процент,Туркестанская,,6.171673725371392
2013,процент,Павлодарская,,10.489654766743897
2013,процент,Северо-Казахстанская,,8.123911632180679
2013,процент,Восточно-Казахстанская,,6.767289759461239
2013,процент,,мужчины,9.213221605638546
2013,процент,Акмолинская,мужчины,10.067245980372508
2013,процент,Актюбинская,мужчины,8.571053716684784
2013,процент,Алматинская,мужчины,16.679219382314262
2013,процент,Атырауская,мужчины,4.679834441695239
2013,процент,Западно-Казахстанская,мужчины,14.699450987752805
2013,процент,Жымбылская,мужчины,5.36108349938081
2013,процент,Карагандинская,мужчины,9.552260579387104
2013,процент,Костанайская,мужчины,12.078797304302748
2013,процент,Кызылординская,мужчины,5.835896184908653
2013,процент,Мангистауская,мужчины,2.532154677615317
2013,процент,Туркестанская,мужчины,11.792235691268989
2013,процент,Павлодарская,мужчины,15.880739049519388
2013,процент,Северо-Казахстанская,мужчины,11.02865635073831
2013,процент,Восточно-Казахстанская,мужчины,9.094844219935846
2013,процент,,женщины,3.685402162446737
2013,процент,Акмолинская,женщины,4.932856776352089
2013,процент,Актюбинская,женщины,5.940240052837447
2013,процент,Алматинская,женщины,6.181900564672289
2013,процент,Атырауская,женщины,1.6330128330503857
2013,процент,Западно-Казахстанская,женщины,6.180782882442212
2013,процент,Жымбылская,женщины,1.6275990645223826
2013,процент,Карагандинская,женщины,4.306760447256608
2013,процент,Костанайская,женщины,12.088929175005257
2013,процент,Кызылординская,женщины,0.198342782749242
2013,процент,Мангистауская,женщины,0.0269422168689974
2013,процент,Туркестанская,женщины,0.8652873366676641
2013,процент,Павлодарская,женщины,5.941565220769257
2013,процент,Северо-Казахстанская,женщины,5.606523955147808
2013,процент,Восточно-Казахстанская,женщины,4.753230599617664
2014,процент,,,6.382814619834155
2014,процент,Акмолинская,,7.242976810327588
2014,процент,Актюбинская,,7.088322039406796
2014,процент,Алматинская,,10.605469746011082
2014,процент,Атырауская,,3.0942609514812283
2014,процент,Западно-Казахстанская,,10.128006875684848
2014,процент,Жымбылская,,4.466331833415578
2014,процент,Карагандинская,,6.753879395010803
2014,процент,Костанайская,,12.086294468601777
2014,процент,Кызылординская,,2.979083948040657
2014,процент,Мангистауская,,1.2251748547950718
2014,процент,Туркестанская,,6.528701081334311
2014,процент,Павлодарская,,10.3095894304165
2014,процент,Северо-Казахстанская,,8.191157470501484
2014,процент,Восточно-Казахстанская,,8.251644578293229
2014,процент,,мужчины,9.711534440861447
2014,процент,Акмолинская,мужчины,9.836348482619991
2014,процент,Актюбинская,мужчины,8.460787745117102
2014,процент,Алматинская,мужчины,15.156032636576724
2014,процент,Атырауская,мужчины,4.711503534605606
2014,процент,Западно-Казахстанская,мужчины,14.580281585011988
2014,процент,Жымбылская,мужчины,7.720232840019753
2014,процент,Карагандинская,мужчины,9.829187380384631
2014,процент,Костанайская,мужчины,12.075435481549018
2014,процент,Кызылординская,мужчины,5.854154467830462
2014,процент,Мангистауская,мужчины,2.505083942907389
2014,процент,Туркестанская,мужчины,12.201398587582132
2014,процент,Павлодарская,мужчины,22.25236929137781
2014,процент,Северо-Казахстанская,мужчины,11.121720256522574
2014,процент,Восточно-Казахстанская,мужчины,11.926598933140689
2014,процент,,женщины,3.433270472821785
2014,процент,Акмолинская,женщины,4.923791368458343
2014,процент,Актюбинская,женщины,5.874888869605367
2014,процент,Алматинская,женщины,6.3766849427446815
2014,процент,Атырауская,женщины,1.6079952956764905
2014,процент,Западно-Казахстанская,женщины,6.160982797714675
2014,процент,Жымбылская,женщины,1.4958423778292935
2014,процент,Карагандинская,женщины,4.144392914881816
2014,процент,Костанайская,женщины,12.0955669438465
2014,процент,Кызылординская,женщины,0.1952200171129036
2014,процент,Мангистауская,женщины,0.013912111523608
2014,процент,Туркестанская,женщины,1.1634771874030996
2014,процент,Павлодарская,женщины,0.226485909340926
2014,процент,Северо-Казахстанская,женщины,5.65215073823357
2014,процент,Восточно-Казахстанская,женщины,5.069475579435725
2015,процент,,,6.167102538579843
2015,процент,Акмолинская,,7.217801206345988
2015,процент,Актюбинская,,7.027082001010124
2015,процент,Алматинская,,10.82555393524632
2015,процент,Атырауская,,3.076781075699837
2015,процент,Западно-Казахстанская,,10.111470977184052
2015,процент,Жымбылская,,3.455780396375322
2015,процент,Карагандинская,,6.754110257378359
2015,процент,Костанайская,,12.047120141030252
2015,процент,Кызылординская,,2.986324745366488
2015,процент,Мангистауская,,1.2353822157728511
2015,процент,Туркестанская,,6.472015951147539
2015,процент,Павлодарская,,10.3448911662521
2015,процент,Северо-Казахстанская,,8.323080446699759
2015,процент,Восточно-Казахстанская,,6.915875194192488
2015,процент,,мужчины,9.28740826052624
2015,процент,Акмолинская,мужчины,9.801442846050902
2015,процент,Актюбинская,мужчины,8.383607430465643
2015,процент,Алматинская,мужчины,15.449993254664202
2015,процент,Атырауская,мужчины,4.444163148944133
2015,процент,Западно-Казахстанская,мужчины,14.5639634786324
2015,процент,Жымбылская,мужчины,5.475713809047143
2015,процент,Карагандинская,мужчины,9.824299145253514
2015,процент,Костанайская,мужчины,11.983023037878327
2015,процент,Кызылординская,мужчины,5.870744525423801
2015,процент,Мангистауская,мужчины,2.5162415336686195
2015,процент,Туркестанская,мужчины,12.378097855081917
2015,процент,Павлодарская,мужчины,22.297114660194733
2015,процент,Северо-Казахстанская,мужчины,11.084817412980936
2015,процент,Восточно-Казахстанская,мужчины,8.92255183091906
2015,процент,,женщины,3.4012183873910518
2015,процент,Акмолинская,женщины,4.904479848802701
2015,процент,Актюбинская,женщины,5.827469106228451
2015,процент,Алматинская,женщины,6.517071583834859
2015,процент,Атырауская,женщины,1.8187710130838093
2015,процент,Западно-Казахстанская,женщины,6.146280737090474
2015,процент,Жымбылская,женщины,1.6089690422589304
2015,процент,Карагандинская,женщины,4.146979485435793
2015,процент,Костанайская,женщины,12.101909086683964
2015,процент,Кызылординская,женщины,0.1927671311534241
2015,процент,Мангистауская,женщины,0.0216621411263305
2015,процент,Туркестанская,женщины,0.8777980027416062
2015,процент,Павлодарская,женщины,0.2449368380468555
2015,процент,Северо-Казахстанская,женщины,5.927788523533204
2015,процент,Восточно-Казахстанская,женщины,5.177975097812227
2016,процент,,,5.947566036466102
2016,процент,Акмолинская,,7.302879719992831
2016,процент,Актюбинская,,7.007086993574893
2016,процент,Алматинская,,10.962680875925985
2016,процент,Атырауская,,3.0749809668204504
2016,процент,Западно-Казахстанская,,10.17172057538988
2016,процент,Жымбылская,,3.52950142124467
2016,процент,Карагандинская,,6.772554495956336
2016,процент,Костанайская,,12.083380175020263
2016,процент,Кызылординская,,3.0322993680558423
2016,процент,Мангистауская,,1.2452800992368251
2016,процент,Туркестанская,,6.223277700815797
2016,процент,Павлодарская,,10.26867703473942
2016,процент,Северо-Казахстанская,,3.4140001209071755
2016,процент,Восточно-Казахстанская,,6.919737424838196
2016,процент,,мужчины,9.224788976309444
2016,процент,Акмолинская,мужчины,9.957651546685897
2016,процент,Актюбинская,мужчины,8.37473878034167
2016,процент,Алматинская,мужчины,16.836879309432767
2016,процент,Атырауская,мужчины,4.479508285732902
2016,процент,Западно-Казахстанская,мужчины,14.67317407629606
2016,процент,Жымбылская,мужчины,5.633962275393797
2016,процент,Карагандинская,мужчины,9.839694574853755
2016,процент,Костанайская,мужчины,11.997467400799852
2016,процент,Кызылординская,мужчины,5.961078723315019
2016,процент,Мангистауская,мужчины,2.5470670689448536
2016,процент,Туркестанская,мужчины,11.765067250637816
2016,процент,Павлодарская,мужчины,22.3526197722874
2016,процент,Северо-Казахстанская,мужчины,7.108223744257983
2016,процент,Восточно-Казахстанская,мужчины,9.277950350741175
2016,процент,,женщины,3.041477748548792
2016,процент,Акмолинская,женщины,4.921908821472576
2016,процент,Актюбинская,женщины,5.79742458759472
2016,процент,Алматинская,женщины,5.481125430641963
2016,процент,Атырауская,женщины,1.7817728239649444
2016,процент,Западно-Казахстанская,женщины,6.167319184009891
2016,процент,Жымбылская,женщины,1.6016048801457492
2016,процент,Карагандинская,женщины,4.163638298704571
2016,процент,Костанайская,женщины,12.1569828359244
2016,процент,Кызылординская,женщины,0.1912201472801985
2016,процент,Мангистауская,женщины,0.0103805458684191
2016,процент,Туркестанская,женщины,0.9666257050454776
2016,процент,Павлодарская,женщины,0.0458977651694555
2016,процент,Северо-Казахстанская,женщины,0.2042319466563537
2016,процент,Восточно-Казахстанская,женщины,4.87781706393486
2017,процент,,,6.100887064527785
2017,процент,Акмолинская,,7.598447290809104
2017,процент,Актюбинская,,6.333373720756804
2017,процент,Алматинская,,10.926600430832377
2017,процент,Атырауская,,3.0594782930439077
2017,процент,Западно-Казахстанская,,10.238460046336357
2017,процент,Жымбылская,,4.01034456856496
2017,процент,Карагандинская,,6.811219875275411
2017,процент,Костанайская,,12.113928650142665
2017,процент,Кызылординская,,3.186342605644993
2017,процент,Мангистауская,,0.8263174500636636
2017,процент,Туркестанская,,6.187991035180959
2017,процент,Павлодарская,,10.335196274945671
2017,процент,Северо-Казахстанская,,8.346185996679893
2017,процент,Восточно-Казахстанская,,7.198534161828069
2017,процент,,мужчины,10.442192621413476
2017,процент,Акмолинская,мужчины,12.387950556708812
2017,процент,Актюбинская,мужчины,6.969950902781691
2017,процент,Алматинская,мужчины,20.5952052561627
2017,процент,Атырауская,мужчины,4.4485391597322845
2017,процент,Западно-Казахстанская,мужчины,15.773675208927832
2017,процент,Жымбылская,мужчины,6.712319965573249
2017,процент,Карагандинская,мужчины,10.019283139875276
2017,процент,Костанайская,мужчины,11.954689740738951
2017,процент,Кызылординская,мужчины,6.268431976906215
2017,процент,Мангистауская,мужчины,1.6799190770688484
2017,процент,Туркестанская,мужчины,11.618792337005695
2017,процент,Павлодарская,мужчины,22.34060063165273
2017,процент,Северо-Казахстанская,мужчины,14.87900216316049
2017,процент,Восточно-Казахстанская,мужчины,15.041073072554244
2017,процент,,женщины,2.6269248163889456
2017,процент,Акмолинская,женщины,3.2923003508275817
2017,процент,Актюбинская,женщины,5.770211096262919
2017,процент,Алматинская,женщины,1.8686058505893537
2017,процент,Атырауская,женщины,1.7788225301059046
2017,процент,Западно-Казахстанская,женщины,5.312727190346637
2017,процент,Жымбылская,женщины,1.5284358238126348
2017,процент,Карагандинская,женщины,4.077720913926477
2017,процент,Костанайская,женщины,12.250728814544727
2017,процент,Кызылординская,женщины,0.1900560260902442
2017,процент,Мангистауская,женщины,0.0160437166971335
2017,процент,Туркестанская,женщины,1.0315058376864912
2017,процент,Павлодарская,женщины,0.1643770895740303
2017,процент,Северо-Казахстанская,женщины,2.6601191328187794
2017,процент,Восточно-Казахстанская,женщины,4.877011310126623
2018,процент,,,5.9456315973679175
2018,процент,Акмолинская,,7.408493095439031
2018,процент,Актюбинская,,6.326929557332228
2018,процент,Алматинская,,10.440690147442789
2018,процент,Атырауская,,3.0634145846441108
2018,процент,Западно-Казахстанская,,10.275536843573349
2018,процент,Жымбылская,,4.050372721154694
2018,процент,Карагандинская,,6.872051460358157
2018,процент,Костанайская,,11.704142702916377
2018,процент,Кызылординская,,3.221077203370531
2018,процент,Мангистауская,,0.8086458185240927
2018,процент,Туркестанская,,15.272952309919791
2018,процент,Павлодарская,,13.846020306608626
2018,процент,Северо-Казахстанская,,3.1449556451772978
2018,процент,Восточно-Казахстанская,,8.764037794674387
2018,процент,,мужчины,9.70080297943824
2018,процент,Акмолинская,мужчины,12.429883541213416
2018,процент,Актюбинская,мужчины,6.990829238651386
2018,процент,Алматинская,мужчины,19.32187030536074
2018,процент,Атырауская,мужчины,4.476725305537294
2018,процент,Западно-Казахстанская,мужчины,14.86085866644467
2018,процент,Жымбылская,мужчины,7.021153782887359
2018,процент,Карагандинская,мужчины,10.097312961637336
2018,процент,Костанайская,мужчины,11.31688341529166
2018,процент,Кызылординская,мужчины,6.333372476550123
2018,процент,Мангистауская,мужчины,1.6486642999219476
2018,процент,Туркестанская,мужчины,30.117422359945824
2018,процент,Павлодарская,мужчины,29.356608733379268
2018,процент,Северо-Казахстанская,мужчины,5.174860342071808
2018,процент,Восточно-Казахстанская,мужчины,13.191584021152751
2018,процент,,женщины,2.6117563333170843
2018,процент,Акмолинская,женщины,2.880673778696223
2018,процент,Актюбинская,женщины,5.739705736506525
2018,процент,Алматинская,женщины,2.078971302017338
2018,процент,Атырауская,женщины,1.756446284825564
2018,процент,Западно-Казахстанская,женщины,6.189964024774691
2018,процент,Жымбылская,женщины,1.3160701775634946
2018,процент,Карагандинская,женщины,4.120433229490408
2018,процент,Костанайская,женщины,12.037603403088474
2018,процент,Кызылординская,женщины,0.1886841687960544
2018,процент,Мангистауская,женщины,0.0119399563475195
2018,процент,Туркестанская,женщины,2.685202629674067
2018,процент,Павлодарская,женщины,0.3156884702466956
2018,процент,Северо-Казахстанская,женщины,1.1010616684828844
2018,процент,Восточно-Казахстанская,женщины,4.927390061902988
