Year,UNIT_MEASURE,SERIES,Регионы,Value
2010,тыс.тенге,природного характера,,1249382.0
2010,тыс.тенге,природного характера,Акмолинская,20000.0
2010,тыс.тенге,природного характера,Актюбинская,5055.0
2010,тыс.тенге,природного характера,Алматинская,900.0
2010,тыс.тенге,природного характера,Атырауская,0.0
2010,тыс.тенге,_L_KZ_010502_1AKZZAP,0.0,
2010,тыс.тенге,природного характера,Жымбылская,60.8
2010,тыс.тенге,природного характера,Карагандинская,11256.0
2010,тыс.тенге,природного характера,Костанайская,20900.0
2010,тыс.тенге,природного характера,Кызылординская,4400.0
2010,тыс.тенге,природного характера,Мангистауская,44918.2
2010,тыс.тенге,природного характера,Павлодарская,75492.0
2010,тыс.тенге,природного характера,Северо-Казахстанская,0.0
2010,тыс.тенге,природного характера,Туркестанская,61300.0
2010,тыс.тенге,природного характера,Восточно-Казахстанская,1005100.0
2010,тыс.тенге,природного характера,г_Нур-Султан,0.0
2010,тыс.тенге,природного характера,г_Алматы,0.0
2010,тыс.тенге,природного характера,г_Шымкент,0.0
2010,тыс.тенге,техногенного характера,,8334944.7
2010,тыс.тенге,техногенного характера,Акмолинская,4504.8
2010,тыс.тенге,техногенного характера,Алматинская,7900000.0
2010,тыс.тенге,техногенного характера,Атырауская,0.0
2010,тыс.тенге,техногенного характера,Западно-Казахстанская,382700.6
2010,тыс.тенге,техногенного характера,Жымбылская,0.0
2010,тыс.тенге,техногенного характера,Карагандинская,0.0
2010,тыс.тенге,техногенного характера,Костанайская,0.0
2010,тыс.тенге,техногенного характера,Кызылординская,0.0
2010,тыс.тенге,техногенного характера,Мангистауская,17139.3
2010,тыс.тенге,техногенного характера,Павлодарская,0.0
2010,тыс.тенге,техногенного характера,Северо-Казахстанская,0.0
2010,тыс.тенге,техногенного характера,Туркестанская,0.0
2010,тыс.тенге,техногенного характера,Восточно-Казахстанская,30600.0
2010,тыс.тенге,техногенного характера,г_Нур-Султан,0.0
2010,тыс.тенге,техногенного характера,г_Алматы,0.0
2010,тыс.тенге,техногенного характера,г_Шымкент,0.0
2011,тыс.тенге,природного характера,,325575.2
2011,тыс.тенге,природного характера,Акмолинская,578.3
2011,тыс.тенге,природного характера,Актюбинская,0.0
2011,тыс.тенге,природного характера,Алматинская,280.0
2011,тыс.тенге,природного характера,Атырауская,0.0
2011,тыс.тенге,природного характера,Западно-Казахстанская,0.0
2011,тыс.тенге,природного характера,Жымбылская,64.9
2011,тыс.тенге,природного характера,Карагандинская,0.0
2011,тыс.тенге,природного характера,Костанайская,0.0
2011,тыс.тенге,природного характера,Кызылординская,4500.0
2011,тыс.тенге,природного характера,Мангистауская,120853.4
2011,тыс.тенге,природного характера,Павлодарская,91298.6
2011,тыс.тенге,природного характера,Северо-Казахстанская,0.0
2011,тыс.тенге,природного характера,Туркестанская,0.0
2011,тыс.тенге,природного характера,Восточно-Казахстанская,108000.0
2011,тыс.тенге,природного характера,г_Нур-Султан,0.0
2011,тыс.тенге,природного характера,г_Алматы,0.0
2011,тыс.тенге,природного характера,г_Шымкент,0.0
2011,тыс.тенге,техногенного характера,,949121.4
2011,тыс.тенге,техногенного характера,Акмолинская,0.0
2011,тыс.тенге,техногенного характера,Актюбинская,0.0
2011,тыс.тенге,техногенного характера,Алматинская,367400.0
2011,тыс.тенге,техногенного характера,Атырауская,0.0
2011,тыс.тенге,техногенного характера,Западно-Казахстанская,274747.9
2011,тыс.тенге,техногенного характера,Жымбылская,0.0
2011,тыс.тенге,техногенного характера,Карагандинская,255073.5
2011,тыс.тенге,техногенного характера,Костанайская,0.0
2011,тыс.тенге,техногенного характера,Кызылординская,0.0
2011,тыс.тенге,техногенного характера,Мангистауская,0.0
2011,тыс.тенге,техногенного характера,Павлодарская,0.0
2011,тыс.тенге,техногенного характера,Северо-Казахстанская,0.0
2011,тыс.тенге,техногенного характера,Туркестанская,0.0
2011,тыс.тенге,техногенного характера,Восточно-Казахстанская,51900.0
2011,тыс.тенге,техногенного характера,г_Нур-Султан,0.0
2011,тыс.тенге,техногенного характера,г_Алматы,0.0
2011,тыс.тенге,техногенного характера,г_Шымкент,0.0
2012,тыс.тенге,природного характера,,1238491.2
2012,тыс.тенге,природного характера,Акмолинская,7579.2
2012,тыс.тенге,природного характера,Актюбинская,2000.0
2012,тыс.тенге,природного характера,Алматинская,867.0
2012,тыс.тенге,природного характера,Атырауская,0.0
2012,тыс.тенге,природного характера,Западно-Казахстанская,0.0
2012,тыс.тенге,природного характера,Жымбылская,55.5
2012,тыс.тенге,природного характера,Карагандинская,74.0
2012,тыс.тенге,природного характера,Костанайская,20400.0
2012,тыс.тенге,природного характера,Кызылординская,9700.0
2012,тыс.тенге,природного характера,Мангистауская,34652.9
2012,тыс.тенге,природного характера,Павлодарская,76462.6
2012,тыс.тенге,природного характера,Северо-Казахстанская,0.0
2012,тыс.тенге,природного характера,Туркестанская,977400.0
2012,тыс.тенге,природного характера,Восточно-Казахстанская,109300.0
2012,тыс.тенге,природного характера,г_Нур-Султан,0.0
2012,тыс.тенге,природного характера,г_Алматы,0.0
2012,тыс.тенге,природного характера,г_Шымкент,0.0
2012,тыс.тенге,техногенного характера,,1484323.6
2012,тыс.тенге,техногенного характера,Акмолинская,57044.3
2012,тыс.тенге,техногенного характера,Актюбинская,0.0
2012,тыс.тенге,техногенного характера,Алматинская,970900.0
2012,тыс.тенге,техногенного характера,Атырауская,0.0
2012,тыс.тенге,техногенного характера,Западно-Казахстанская,407495.3
2012,тыс.тенге,техногенного характера,Жымбылская,0.0
2012,тыс.тенге,техногенного характера,Карагандинская,14384.0
2012,тыс.тенге,техногенного характера,Костанайская,0.0
2012,тыс.тенге,техногенного характера,Кызылординская,21500.0
2012,тыс.тенге,техногенного характера,Мангистауская,0.0
2012,тыс.тенге,техногенного характера,Павлодарская,0.0
2012,тыс.тенге,техногенного характера,Северо-Казахстанская,0.0
2012,тыс.тенге,техногенного характера,Туркестанская,0.0
2012,тыс.тенге,техногенного характера,Восточно-Казахстанская,13000.0
2012,тыс.тенге,техногенного характера,г_Нур-Султан,0.0
2012,тыс.тенге,техногенного характера,г_Алматы,0.0
2012,тыс.тенге,техногенного характера,г_Шымкент,0.0
2013,тыс.тенге,природного характера,,385119.9
2013,тыс.тенге,природного характера,Акмолинская,56392.5
2013,тыс.тенге,природного характера,Актюбинская,2000.0
2013,тыс.тенге,природного характера,Алматинская,1363.0
2013,тыс.тенге,природного характера,Атырауская,0.0
2013,тыс.тенге,природного характера,Западно-Казахстанская,0.0
2013,тыс.тенге,природного характера,Жымбылская,59.3
2013,тыс.тенге,природного характера,Карагандинская,3500.0
2013,тыс.тенге,природного характера,Костанайская,36800.0
2013,тыс.тенге,природного характера,Кызылординская,93800.0
2013,тыс.тенге,природного характера,Мангистауская,0.0
2013,тыс.тенге,природного характера,Павлодарская,138605.1
2013,тыс.тенге,природного характера,Северо-Казахстанская,0.0
2013,тыс.тенге,природного характера,Туркестанская,0.0
2013,тыс.тенге,природного характера,Восточно-Казахстанская,52600.0
2013,тыс.тенге,природного характера,г_Нур-Султан,0.0
2013,тыс.тенге,природного характера,г_Алматы,0.0
2013,тыс.тенге,природного характера,г_Шымкент,0.0
2013,тыс.тенге,техногенного характера,,1238029.8
2013,тыс.тенге,техногенного характера,Акмолинская,25791.0
2013,тыс.тенге,техногенного характера,Актюбинская,0.0
2013,тыс.тенге,техногенного характера,Алматинская,927600.0
2013,тыс.тенге,техногенного характера,Атырауская,0.0
2013,тыс.тенге,техногенного характера,Западно-Казахстанская,274838.8
2013,тыс.тенге,техногенного характера,Жымбылская,0.0
2013,тыс.тенге,техногенного характера,Карагандинская,0.0
2013,тыс.тенге,техногенного характера,Костанайская,0.0
2013,тыс.тенге,техногенного характера,Кызылординская,7600.0
2013,тыс.тенге,техногенного характера,Мангистауская,0.0
2013,тыс.тенге,техногенного характера,Павлодарская,0.0
2013,тыс.тенге,техногенного характера,Северо-Казахстанская,0.0
2013,тыс.тенге,техногенного характера,Туркестанская,0.0
2013,тыс.тенге,техногенного характера,Восточно-Казахстанская,2200.0
2013,тыс.тенге,техногенного характера,г_Нур-Султан,0.0
2013,тыс.тенге,техногенного характера,г_Алматы,0.0
2013,тыс.тенге,техногенного характера,г_Шымкент,0.0
2014,тыс.тенге,природного характера,,759078.1
2014,тыс.тенге,природного характера,Акмолинская,34045.1
2014,тыс.тенге,природного характера,Актюбинская,5000.0
2014,тыс.тенге,природного характера,Алматинская,6.0
2014,тыс.тенге,природного характера,Атырауская,50686.2
2014,тыс.тенге,природного характера,Западно-Казахстанская,64357.8
2014,тыс.тенге,природного характера,Жымбылская,1.7
2014,тыс.тенге,природного характера,Карагандинская,473901.0
2014,тыс.тенге,природного характера,Костанайская,1200.0
2014,тыс.тенге,природного характера,Кызылординская,30886.0
2014,тыс.тенге,природного характера,Мангистауская,0.0
2014,тыс.тенге,природного характера,Павлодарская,41893.1
2014,тыс.тенге,природного характера,Северо-Казахстанская,0.0
2014,тыс.тенге,природного характера,Туркестанская,0.0
2014,тыс.тенге,природного характера,Восточно-Казахстанская,56600.0
2014,тыс.тенге,природного характера,г_Нур-Султан,0.0
2014,тыс.тенге,природного характера,г_Алматы,0.0
2014,тыс.тенге,природного характера,г_Шымкент,501.2
2014,тыс.тенге,техногенного характера,,927084.0
2014,тыс.тенге,техногенного характера,Акмолинская,0.0
2014,тыс.тенге,техногенного характера,Актюбинская,0.0
2014,тыс.тенге,техногенного характера,Алматинская,180100.0
2014,тыс.тенге,техногенного характера,Атырауская,17274.4
2014,тыс.тенге,техногенного характера,Западно-Казахстанская,0.0
2014,тыс.тенге,техногенного характера,Жымбылская,121.6
2014,тыс.тенге,техногенного характера,Карагандинская,12828.0
2014,тыс.тенге,техногенного характера,Костанайская,0.0
2014,тыс.тенге,техногенного характера,Кызылординская,0.0
2014,тыс.тенге,техногенного характера,Мангистауская,59980.0
2014,тыс.тенге,техногенного характера,Павлодарская,0.0
2014,тыс.тенге,техногенного характера,Северо-Казахстанская,118800.0
2014,тыс.тенге,техногенного характера,Туркестанская,0.0
2014,тыс.тенге,техногенного характера,Восточно-Казахстанская,14300.0
2014,тыс.тенге,техногенного характера,г_Нур-Султан,0.0
2014,тыс.тенге,техногенного характера,г_Алматы,125613.0
2014,тыс.тенге,техногенного характера,г_Шымкент,398067.0
2015,тыс.тенге,природного характера,,5053460.0
2015,тыс.тенге,природного характера,Акмолинская,14285.0
2015,тыс.тенге,природного характера,Актюбинская,0.0
2015,тыс.тенге,природного характера,Алматинская,723568.0
2015,тыс.тенге,природного характера,Атырауская,103683.7
2015,тыс.тенге,природного характера,Западно-Казахстанская,103906.8
2015,тыс.тенге,природного характера,Жымбылская,2.1
2015,тыс.тенге,природного характера,Карагандинская,3765011.0
2015,тыс.тенге,природного характера,Костанайская,0.0
2015,тыс.тенге,природного характера,Кызылординская,35182.0
2015,тыс.тенге,природного характера,Мангистауская,10332.2
2015,тыс.тенге,природного характера,Павлодарская,71709.1
2015,тыс.тенге,природного характера,Северо-Казахстанская,0.1
2015,тыс.тенге,природного характера,Туркестанская,0.0
2015,тыс.тенге,природного характера,Восточно-Казахстанская,220900.0
2015,тыс.тенге,природного характера,г_Нур-Султан,4855.0
2015,тыс.тенге,природного характера,г_Алматы,0.0
2015,тыс.тенге,природного характера,г_Шымкент,25.0
2015,тыс.тенге,техногенного характера,,3656744.7
2015,тыс.тенге,техногенного характера,Акмолинская,0.0
2015,тыс.тенге,техногенного характера,Актюбинская,0.0
2015,тыс.тенге,техногенного характера,Алматинская,64068.0
2015,тыс.тенге,техногенного характера,Атырауская,114069.8
2015,тыс.тенге,техногенного характера,Западно-Казахстанская,0.0
2015,тыс.тенге,техногенного характера,Жымбылская,119.2
2015,тыс.тенге,техногенного характера,Карагандинская,0.0
2015,тыс.тенге,техногенного характера,Костанайская,0.0
2015,тыс.тенге,техногенного характера,Кызылординская,0.0
2015,тыс.тенге,техногенного характера,Мангистауская,143826.0
2015,тыс.тенге,техногенного характера,Павлодарская,0.0
2015,тыс.тенге,техногенного характера,Северо-Казахстанская,129600.0
2015,тыс.тенге,техногенного характера,Туркестанская,0.0
2015,тыс.тенге,техногенного характера,Восточно-Казахстанская,25100.0
2015,тыс.тенге,техногенного характера,г_Нур-Султан,0.0
2015,тыс.тенге,техногенного характера,г_Алматы,3112242.7
2015,тыс.тенге,техногенного характера,г_Шымкент,67719.0
2016,тыс.тенге,природного характера,,1266829.0
2016,тыс.тенге,природного характера,Акмолинская,41496.0
2016,тыс.тенге,природного характера,Актюбинская,13704.8
2016,тыс.тенге,природного характера,Алматинская,881939.0
2016,тыс.тенге,природного характера,Атырауская,99505.4
2016,тыс.тенге,природного характера,Западно-Казахстанская,0.0
2016,тыс.тенге,природного характера,Жымбылская,1.3
2016,тыс.тенге,природного характера,Карагандинская,12260.0
2016,тыс.тенге,природного характера,Костанайская,26500.0
2016,тыс.тенге,природного характера,Кызылординская,62604.0
2016,тыс.тенге,природного характера,Мангистауская,0.0
2016,тыс.тенге,природного характера,Павлодарская,38518.5
2016,тыс.тенге,природного характера,Северо-Казахстанская,0.0
2016,тыс.тенге,природного характера,Туркестанская,0.0
2016,тыс.тенге,природного характера,Восточно-Казахстанская,90300.0
2016,тыс.тенге,природного характера,г_Нур-Султан,0.0
2016,тыс.тенге,природного характера,г_Алматы,0.0
2016,тыс.тенге,природного характера,г_Шымкент,0.0
2016,тыс.тенге,техногенного характера,,3736174.0
2016,тыс.тенге,техногенного характера,Акмолинская,0.0
2016,тыс.тенге,техногенного характера,Актюбинская,134695.5
2016,тыс.тенге,техногенного характера,Алматинская,4246.0
2016,тыс.тенге,техногенного характера,Атырауская,145923.4
2016,тыс.тенге,техногенного характера,Западно-Казахстанская,4000.0
2016,тыс.тенге,техногенного характера,Жымбылская,110.9
2016,тыс.тенге,техногенного характера,Карагандинская,0.0
2016,тыс.тенге,техногенного характера,Костанайская,0.0
2016,тыс.тенге,техногенного характера,Кызылординская,0.0
2016,тыс.тенге,техногенного характера,Мангистауская,58310.0
2016,тыс.тенге,техногенного характера,Павлодарская,0.0
2016,тыс.тенге,техногенного характера,Северо-Казахстанская,103300.0
2016,тыс.тенге,техногенного характера,Туркестанская,0.0
2016,тыс.тенге,техногенного характера,Восточно-Казахстанская,18900.0
2016,тыс.тенге,техногенного характера,г_Нур-Султан,0.0
2016,тыс.тенге,техногенного характера,г_Алматы,3266688.2
2016,тыс.тенге,техногенного характера,г_Шымкент,0.0
2017,тыс.тенге,природного характера,,2613906.9
2017,тыс.тенге,природного характера,Акмолинская,126663.1
2017,тыс.тенге,природного характера,Актюбинская,315259.9
2017,тыс.тенге,природного характера,Алматинская,1213899.0
2017,тыс.тенге,природного характера,Атырауская,4589.4
2017,тыс.тенге,природного характера,Западно-Казахстанская,77420.2
2017,тыс.тенге,природного характера,Жымбылская,17.9
2017,тыс.тенге,природного характера,Карагандинская,162781.3
2017,тыс.тенге,природного характера,Костанайская,27200.0
2017,тыс.тенге,природного характера,Кызылординская,72418.0
2017,тыс.тенге,природного характера,Мангистауская,0.0
2017,тыс.тенге,природного характера,Павлодарская,503358.1
2017,тыс.тенге,природного характера,Северо-Казахстанская,2600.0
2017,тыс.тенге,природного характера,Туркестанская,100.0
2017,тыс.тенге,природного характера,Восточно-Казахстанская,107600.0
2017,тыс.тенге,природного характера,г_Нур-Султан,0.0
2017,тыс.тенге,природного характера,г_Алматы,0.0
2017,тыс.тенге,природного характера,г_Шымкент,0.0
2017,тыс.тенге,техногенного характера,,4826476.6
2017,тыс.тенге,техногенного характера,Акмолинская,0.0
2017,тыс.тенге,техногенного характера,Актюбинская,0.0
2017,тыс.тенге,техногенного характера,Алматинская,58752.0
2017,тыс.тенге,техногенного характера,Атырауская,0.0
2017,тыс.тенге,техногенного характера,Западно-Казахстанская,0.0
2017,тыс.тенге,техногенного характера,Жымбылская,93.3
2017,тыс.тенге,техногенного характера,Карагандинская,1402.4
2017,тыс.тенге,техногенного характера,Костанайская,0.0
2017,тыс.тенге,техногенного характера,Кызылординская,0.0
2017,тыс.тенге,техногенного характера,Мангистауская,224205.0
2017,тыс.тенге,техногенного характера,Павлодарская,0.0
2017,тыс.тенге,техногенного характера,Северо-Казахстанская,87200.0
2017,тыс.тенге,техногенного характера,Туркестанская,0.0
2017,тыс.тенге,техногенного характера,Восточно-Казахстанская,51500.0
2017,тыс.тенге,техногенного характера,г_Нур-Султан,0.0
2017,тыс.тенге,техногенного характера,г_Алматы,4403323.9
2017,тыс.тенге,техногенного характера,г_Шымкент,0.0
2018,тыс.тенге,природного характера,,1219596.0
2018,тыс.тенге,природного характера,Акмолинская,143191.2
2018,тыс.тенге,природного характера,Актюбинская,34530.4
2018,тыс.тенге,природного характера,Алматинская,674039.0
2018,тыс.тенге,природного характера,Атырауская,0.0
2018,тыс.тенге,природного характера,Западно-Казахстанская,0.0
2018,тыс.тенге,природного характера,Жымбылская,71.7
2018,тыс.тенге,природного характера,Карагандинская,21981.0
2018,тыс.тенге,природного характера,Костанайская,48704.0
2018,тыс.тенге,природного характера,Кызылординская,60881.0
2018,тыс.тенге,природного характера,Мангистауская,0.0
2018,тыс.тенге,природного характера,Павлодарская,47217.7
2018,тыс.тенге,природного характера,Северо-Казахстанская,1500.0
2018,тыс.тенге,природного характера,Туркестанская,0.0
2018,тыс.тенге,природного характера,Восточно-Казахстанская,187480.0
2018,тыс.тенге,природного характера,г_Нур-Султан,0.0
2018,тыс.тенге,природного характера,г_Алматы,0.0
2018,тыс.тенге,природного характера,г_Шымкент,0.0
2018,тыс.тенге,техногенного характера,,4014984.1
2018,тыс.тенге,техногенного характера,Акмолинская,338700.0
2018,тыс.тенге,техногенного характера,Актюбинская,5971.0
2018,тыс.тенге,техногенного характера,Алматинская,7309.0
2018,тыс.тенге,техногенного характера,Атырауская,154154.3
2018,тыс.тенге,техногенного характера,Западно-Казахстанская,0.0
2018,тыс.тенге,техногенного характера,Жымбылская,85.5
2018,тыс.тенге,техногенного характера,Карагандинская,295447.0
2018,тыс.тенге,техногенного характера,Костанайская,0.0
2018,тыс.тенге,техногенного характера,Кызылординская,308500.0
2018,тыс.тенге,техногенного характера,Мангистауская,39400.0
2018,тыс.тенге,техногенного характера,Павлодарская,75620.3
2018,тыс.тенге,техногенного характера,Северо-Казахстанская,101200.0
2018,тыс.тенге,техногенного характера,Туркестанская,0.0
2018,тыс.тенге,техногенного характера,Восточно-Казахстанская,0.0
2018,тыс.тенге,техногенного характера,г_Нур-Султан,0.0
2018,тыс.тенге,техногенного характера,г_Алматы,2688597.0
2018,тыс.тенге,техногенного характера,г_Шымкент,0.0
2019,тыс.тенге,природного характера,,1190605.2
2019,тыс.тенге,природного характера,Акмолинская,0.0
2019,тыс.тенге,природного характера,Актюбинская,699.5
2019,тыс.тенге,природного характера,Алматинская,487687.0
2019,тыс.тенге,природного характера,Атырауская,0.0
2019,тыс.тенге,природного характера,Западно-Казахстанская,464678.1
2019,тыс.тенге,природного характера,Жымбылская,21.0
2019,тыс.тенге,природного характера,Карагандинская,61401.5
2019,тыс.тенге,природного характера,Костанайская,35377.9
2019,тыс.тенге,природного характера,Кызылординская,38342.0
2019,тыс.тенге,природного характера,Мангистауская,0.0
2019,тыс.тенге,природного характера,Павлодарская,0.0
2019,тыс.тенге,природного характера,Северо-Казахстанская,1000.0
2019,тыс.тенге,природного характера,Туркестанская,0.0
2019,тыс.тенге,природного характера,Восточно-Казахстанская,101398.2
2019,тыс.тенге,природного характера,г_Нур-Султан,0.0
2019,тыс.тенге,природного характера,г_Алматы,0.0
2019,тыс.тенге,природного характера,г_Шымкент,0.0
2019,тыс.тенге,техногенного характера,,5353189.7
2019,тыс.тенге,техногенного характера,Акмолинская,0.0
2019,тыс.тенге,техногенного характера,Актюбинская,10000.0
2019,тыс.тенге,техногенного характера,Алматинская,62492.0
2019,тыс.тенге,техногенного характера,Атырауская,0.0
2019,тыс.тенге,техногенного характера,Западно-Казахстанская,6950.0
2019,тыс.тенге,техногенного характера,Жымбылская,78.9
2019,тыс.тенге,техногенного характера,Карагандинская,19100.4
2019,тыс.тенге,техногенного характера,Костанайская,0.0
2019,тыс.тенге,техногенного характера,Кызылординская,38064.0
2019,тыс.тенге,техногенного характера,Мангистауская,0.0
2019,тыс.тенге,техногенного характера,Павлодарская,478779.1
2019,тыс.тенге,техногенного характера,Северо-Казахстанская,0.0
2019,тыс.тенге,техногенного характера,Туркестанская,120000.0
2019,тыс.тенге,техногенного характера,Восточно-Казахстанская,56876.0
2019,тыс.тенге,техногенного характера,г_Нур-Султан,0.0
2019,тыс.тенге,техногенного характера,г_Алматы,3526720.3
2019,тыс.тенге,техногенного характера,г_Шымкент,1034129.0
