Year,UNIT_MEASURE,Регионы,Value
2010,человек,,107786.0
2010,человек,Акмолинская,1423.0
2010,человек,Актюбинская,5642.0
2010,человек,Алматинская,3869.0
2010,человек,Атырауская,1558.0
2010,человек,Западно-Казахстанская,3019.0
2010,человек,Карагандинская,9640.0
2010,человек,Костанайская,6198.0
2010,человек,Кызылординская,10565.0
2010,человек,Мангистауская,15848.0
2010,человек,Южно-Казахстанская,8500.0
2010,человек,Павлодарская,1040.0
2010,человек,Северо-Казахстанская,497.0
2010,человек,Восточно-Казахстанская,25021.0
2010,человек,г_Нур-Султан,3.0
2010,человек,г_Алматы,16347.0
2011,человек,,134568.0
2011,человек,Акмолинская,1192.0
2011,человек,Актюбинская,2221.0
2011,человек,Алматинская,3475.0
2011,человек,Атырауская,1720.0
2011,человек,Западно-Казахстанская,3059.0
2011,человек,Жымбылская,286.0
2011,человек,Карагандинская,9270.0
2011,человек,Костанайская,6106.0
2011,человек,Кызылординская,12262.0
2011,человек,Мангистауская,16563.0
2011,человек,Южно-Казахстанская,1638.0
2011,человек,Павлодарская,857.0
2011,человек,Северо-Казахстанская,3381.0
2011,человек,Восточно-Казахстанская,25250.0
2011,человек,г_Нур-Султан,6545.0
2011,человек,г_Алматы,40743.0
2012,человек,,114150.0
2012,человек,Акмолинская,786.0
2012,человек,Актюбинская,2229.0
2012,человек,Алматинская,2680.0
2012,человек,Атырауская,2802.0
2012,человек,Западно-Казахстанская,2698.0
2012,человек,Жымбылская,534.0
2012,человек,Карагандинская,7768.0
2012,человек,Костанайская,5938.0
2012,человек,Кызылординская,1262.0
2012,человек,Мангистауская,16012.0
2012,человек,Южно-Казахстанская,874.0
2012,человек,Павлодарская,826.0
2012,человек,Северо-Казахстанская,3586.0
2012,человек,Восточно-Казахстанская,16438.0
2012,человек,г_Нур-Султан,6791.0
2012,человек,г_Алматы,42926.0
2013,человек,,111466.0
2013,человек,Акмолинская,581.0
2013,человек,Актюбинская,2172.0
2013,человек,Алматинская,2287.0
2013,человек,Атырауская,2818.0
2013,человек,Западно-Казахстанская,2643.0
2013,человек,Жымбылская,679.0
2013,человек,Карагандинская,7451.0
2013,человек,Костанайская,5947.0
2013,человек,Кызылординская,1117.0
2013,человек,Мангистауская,15653.0
2013,человек,Южно-Казахстанская,898.0
2013,человек,Павлодарская,810.0
2013,человек,Северо-Казахстанская,3915.0
2013,человек,Восточно-Казахстанская,13382.0
2013,человек,г_Нур-Султан,6918.0
2013,человек,г_Алматы,44195.0
2014,человек,,120609.0
2014,человек,Акмолинская,595.0
2014,человек,Актюбинская,1047.0
2014,человек,Алматинская,1908.0
2014,человек,Атырауская,2760.0
2014,человек,Западно-Казахстанская,2580.0
2014,человек,Жымбылская,3561.0
2014,человек,Карагандинская,7919.0
2014,человек,Костанайская,5847.0
2014,человек,Кызылординская,1195.0
2014,человек,Мангистауская,15743.0
2014,человек,Южно-Казахстанская,521.0
2014,человек,Павлодарская,802.0
2014,человек,Северо-Казахстанская,3946.0
2014,человек,Восточно-Казахстанская,13508.0
2014,человек,г_Нур-Султан,9393.0
2014,человек,г_Алматы,49284.0
2015,человек,,108673.0
2015,человек,Акмолинская,1586.0
2015,человек,Актюбинская,1182.0
2015,человек,Алматинская,1607.0
2015,человек,Атырауская,3124.0
2015,человек,Западно-Казахстанская,2414.0
2015,человек,Жымбылская,3376.0
2015,человек,Карагандинская,7120.0
2015,человек,Костанайская,6202.0
2015,человек,Кызылординская,1338.0
2015,человек,Мангистауская,13938.0
2015,человек,Южно-Казахстанская,585.0
2015,человек,Павлодарская,784.0
2015,человек,Северо-Казахстанская,1239.0
2015,человек,Восточно-Казахстанская,6051.0
2015,человек,г_Нур-Султан,7881.0
2015,человек,г_Алматы,50246.0
2016,человек,,77947.0
2016,человек,Акмолинская,371.0
2016,человек,Актюбинская,451.0
2016,человек,Алматинская,1686.0
2016,человек,Атырауская,1309.0
2016,человек,Западно-Казахстанская,2633.0
2016,человек,Жымбылская,3.0
2016,человек,Карагандинская,1678.0
2016,человек,Костанайская,3731.0
2016,человек,Кызылординская,1332.0
2016,человек,Мангистауская,426.0
2016,человек,Южно-Казахстанская,340.0
2016,человек,Павлодарская,775.0
2016,человек,Северо-Казахстанская,1347.0
2016,человек,Восточно-Казахстанская,2265.0
2016,человек,г_Нур-Султан,9686.0
2016,человек,г_Алматы,49914.0
2017,человек,,68392.0
2017,человек,Акмолинская,389.0
2017,человек,Актюбинская,384.0
2017,человек,Алматинская,1763.0
2017,человек,Атырауская,1462.0
2017,человек,Западно-Казахстанская,1679.0
2017,человек,Жымбылская,2.0
2017,человек,Карагандинская,1713.0
2017,человек,Костанайская,2431.0
2017,человек,Кызылординская,102.0
2017,человек,Мангистауская,231.0
2017,человек,Южно-Казахстанская,346.0
2017,человек,Павлодарская,844.0
2017,человек,Северо-Казахстанская,1379.0
2017,человек,Восточно-Казахстанская,2320.0
2017,человек,г_Нур-Султан,4513.0
2017,человек,г_Алматы,48834.0
2018,человек,,69510.0
2018,человек,Акмолинская,417.0
2018,человек,Актюбинская,414.0
2018,человек,Алматинская,1838.0
2018,человек,Атырауская,1887.0
2018,человек,Западно-Казахстанская,1809.0
2018,человек,Карагандинская,1229.0
2018,человек,Костанайская,2432.0
2018,человек,Кызылординская,295.0
2018,человек,Мангистауская,231.0
2018,человек,Павлодарская,951.0
2018,человек,Северо-Казахстанская,1209.0
2018,человек,Туркестанская,326.0
2018,человек,Восточно-Казахстанская,2246.0
2018,человек,г_Нур-Султан,5324.0
2018,человек,г_Алматы,48779.0
2018,человек,г_Шымкент,123.0
2019,человек,,69389.0
2019,человек,Акмолинская,480.0
2019,человек,Актюбинская,1108.0
2019,человек,Алматинская,2438.0
2019,человек,Атырауская,1897.0
2019,человек,Западно-Казахстанская,1880.0
2019,человек,Карагандинская,1251.0
2019,человек,Костанайская,0.0
2019,человек,Кызылординская,343.0
2019,человек,Мангистауская,216.0
2019,человек,Павлодарская,985.0
2019,человек,Северо-Казахстанская,1383.0
2019,человек,Туркестанская,303.0
2019,человек,Восточно-Казахстанская,2114.0
2019,человек,г_Нур-Султан,5278.0
2019,человек,г_Алматы,49589.0
2019,человек,г_Шымкент,124.0
2020,человек,,24441.0
2020,человек,Акмолинская,793.0
2020,человек,Актюбинская,1424.0
2020,человек,Алматинская,2763.0
2020,человек,Атырауская,3572.0
2020,человек,Западно-Казахстанская,1734.0
2020,человек,Жымбылская,3.0
2020,человек,Карагандинская,1139.0
2020,человек,Костанайская,0.0
2020,человек,Кызылординская,743.0
2020,человек,Мангистауская,706.0
2020,человек,Павлодарская,901.0
2020,человек,Северо-Казахстанская,991.0
2020,человек,Туркестанская,557.0
2020,человек,Восточно-Казахстанская,2060.0
2020,человек,г_Нур-Султан,5723.0
2020,человек,г_Алматы,17.0
2020,человек,г_Шымкент,1315.0
2021,человек,,25343.0
2021,человек,Акмолинская,872.0
2021,человек,Актюбинская,1629.0
2021,человек,Алматинская,2163.0
2021,человек,Атырауская,6007.0
2021,человек,Западно-Казахстанская,1796.0
2021,человек,Жымбылская,3.0
2021,человек,Карагандинская,1555.0
2021,человек,Костанайская,17.0
2021,человек,Кызылординская,1295.0
2021,человек,Мангистауская,621.0
2021,человек,Павлодарская,314.0
2021,человек,Северо-Казахстанская,678.0
2021,человек,Туркестанская,259.0
2021,человек,Восточно-Казахстанская,2134.0
2021,человек,г_Нур-Султан,4424.0
2021,человек,г_Алматы,17.0
2021,человек,г_Шымкент,1559.0
