Year,UNIT_MEASURE,Местность,Регионы,Value
2010,кв.метр,,,18.4
2010,кв.метр,Город,,20.2
2010,кв.метр,Село,,16.5
2010,кв.метр,,Акмолинская,19.5
2010,кв.метр,,Актюбинская,17.3
2010,кв.метр,,Алматинская,15.7
2010,кв.метр,,Атырауская,16.5
2010,кв.метр,,Западно-Казахстанская,17.0
2010,кв.метр,,Жымбылская,15.7
2010,кв.метр,,Карагандинская,21.3
2010,кв.метр,,Костанайская,19.8
2010,кв.метр,,Кызылординская,17.2
2010,кв.метр,,Мангистауская,16.0
2010,кв.метр,,Южно-Казахстанская,17.7
2010,кв.метр,,Павлодарская,20.9
2010,кв.метр,,Северо-Казахстанская,19.8
2010,кв.метр,,Восточно-Казахстанская,19.0
2010,кв.метр,,г_Нур-Султан,22.5
2010,кв.метр,,г_Алматы,20.3
2010,кв.метр,Город,Акмолинская,21.1
2010,кв.метр,Город,Актюбинская,18.9
2010,кв.метр,Город,Алматинская,18.0
2010,кв.метр,Город,Атырауская,17.8
2010,кв.метр,Город,Западно-Казахстанская,19.7
2010,кв.метр,Город,Жымбылская,17.5
2010,кв.метр,Город,Карагандинская,22.1
2010,кв.метр,Город,Костанайская,20.4
2010,кв.метр,Город,Кызылординская,18.0
2010,кв.метр,Город,Мангистауская,17.1
2010,кв.метр,Город,Южно-Казахстанская,19.6
2010,кв.метр,Город,Павлодарская,22.0
2010,кв.метр,Город,Северо-Казахстанская,20.9
2010,кв.метр,Город,Восточно-Казахстанская,20.7
2010,кв.метр,Город,г_Нур-Султан,22.5
2010,кв.метр,Город,г_Алматы,20.3
2010,кв.метр,Село,Акмолинская,18.3
2010,кв.метр,Село,Актюбинская,14.8
2010,кв.метр,Село,Алматинская,15.0
2010,кв.метр,Село,Атырауская,15.1
2010,кв.метр,Село,Западно-Казахстанская,14.7
2010,кв.метр,Село,Жымбылская,14.4
2010,кв.метр,Село,Карагандинская,18.8
2010,кв.метр,Село,Костанайская,19.2
2010,кв.метр,Село,Кызылординская,16.7
2010,кв.метр,Село,Мангистауская,14.0
2010,кв.метр,Село,Южно-Казахстанская,16.6
2010,кв.метр,Село,Павлодарская,18.9
2010,кв.метр,Село,Северо-Казахстанская,19.1
2010,кв.метр,Село,Восточно-Казахстанская,16.9
2011,кв.метр,,,18.7
2011,кв.метр,Город,,20.6
2011,кв.метр,Село,,16.6
2011,кв.метр,,Акмолинская,19.6
2011,кв.метр,,Актюбинская,18.2
2011,кв.метр,,Алматинская,15.9
2011,кв.метр,,Атырауская,16.2
2011,кв.метр,,Западно-Казахстанская,17.4
2011,кв.метр,,Жымбылская,16.0
2011,кв.метр,,Карагандинская,21.3
2011,кв.метр,,Костанайская,20.3
2011,кв.метр,,Кызылординская,17.9
2011,кв.метр,,Мангистауская,16.5
2011,кв.метр,,Южно-Казахстанская,17.6
2011,кв.метр,,Павлодарская,21.4
2011,кв.метр,,Северо-Казахстанская,19.9
2011,кв.метр,,Восточно-Казахстанская,19.0
2011,кв.метр,,г_Нур-Султан,24.4
2011,кв.метр,,г_Алматы,20.7
2011,кв.метр,Город,Акмолинская,21.1
2011,кв.метр,Город,Актюбинская,20.2
2011,кв.метр,Город,Алматинская,18.5
2011,кв.метр,Город,Атырауская,16.8
2011,кв.метр,Город,Западно-Казахстанская,20.1
2011,кв.метр,Город,Жымбылская,18.3
2011,кв.метр,Город,Карагандинская,22.0
2011,кв.метр,Город,Костанайская,21.1
2011,кв.метр,Город,Кызылординская,19.3
2011,кв.метр,Город,Мангистауская,17.2
2011,кв.метр,Город,Южно-Казахстанская,19.7
2011,кв.метр,Город,Павлодарская,22.4
2011,кв.метр,Город,Северо-Казахстанская,21.2
2011,кв.метр,Город,Восточно-Казахстанская,20.7
2011,кв.метр,Город,г_Нур-Султан,24.4
2011,кв.метр,Город,г_Алматы,20.7
2011,кв.метр,Село,Акмолинская,18.5
2011,кв.метр,Село,Актюбинская,15.3
2011,кв.метр,Село,Алматинская,15.1
2011,кв.метр,Село,Атырауская,15.5
2011,кв.метр,Село,Западно-Казахстанская,15.0
2011,кв.метр,Село,Жымбылская,14.3
2011,кв.метр,Село,Карагандинская,19.2
2011,кв.метр,Село,Костанайская,19.5
2011,кв.метр,Село,Кызылординская,17.0
2011,кв.метр,Село,Мангистауская,15.6
2011,кв.метр,Село,Южно-Казахстанская,16.3
2011,кв.метр,Село,Павлодарская,19.6
2011,кв.метр,Село,Северо-Казахстанская,19.1
2011,кв.метр,Село,Восточно-Казахстанская,16.7
2012,кв.метр,,,19.6
2012,кв.метр,Город,,22.1
2012,кв.метр,Село,,16.8
2012,кв.метр,,Акмолинская,20.2
2012,кв.метр,,Актюбинская,18.7
2012,кв.метр,,Алматинская,16.1
2012,кв.метр,,Атырауская,19.5
2012,кв.метр,,Западно-Казахстанская,18.4
2012,кв.метр,,Жымбылская,15.7
2012,кв.метр,,Карагандинская,21.9
2012,кв.метр,,Костанайская,20.9
2012,кв.метр,,Кызылординская,19.1
2012,кв.метр,,Мангистауская,17.5
2012,кв.метр,,Южно-Казахстанская,19.1
2012,кв.метр,,Павлодарская,21.6
2012,кв.метр,,Северо-Казахстанская,20.2
2012,кв.метр,,Восточно-Казахстанская,19.0
2012,кв.метр,,г_Нур-Султан,25.4
2012,кв.метр,,г_Алматы,24.4
2012,кв.метр,Город,Акмолинская,22.0
2012,кв.метр,Город,Актюбинская,21.2
2012,кв.метр,Город,Алматинская,18.8
2012,кв.метр,Город,Атырауская,22.1
2012,кв.метр,Город,Западно-Казахстанская,21.9
2012,кв.метр,Город,Жымбылская,18.0
2012,кв.метр,Город,Карагандинская,22.6
2012,кв.метр,Город,Костанайская,21.7
2012,кв.метр,Город,Кызылординская,21.0
2012,кв.метр,Город,Мангистауская,18.0
2012,кв.метр,Город,Южно-Казахстанская,22.6
2012,кв.метр,Город,Павлодарская,22.5
2012,кв.метр,Город,Северо-Казахстанская,21.7
2012,кв.метр,Город,Восточно-Казахстанская,20.9
2012,кв.метр,Город,г_Нур-Султан,25.4
2012,кв.метр,Город,г_Алматы,24.4
2012,кв.метр,Село,Акмолинская,18.8
2012,кв.метр,Село,Актюбинская,15.2
2012,кв.метр,Село,Алматинская,15.3
2012,кв.метр,Село,Атырауская,16.7
2012,кв.метр,Село,Западно-Казахстанская,15.4
2012,кв.метр,Село,Жымбылская,14.0
2012,кв.метр,Село,Карагандинская,19.5
2012,кв.метр,Село,Костанайская,20.1
2012,кв.метр,Село,Кызылординская,18.0
2012,кв.метр,Село,Мангистауская,16.9
2012,кв.метр,Село,Южно-Казахстанская,16.7
2012,кв.метр,Село,Павлодарская,19.7
2012,кв.метр,Село,Северо-Казахстанская,19.1
2012,кв.метр,Село,Восточно-Казахстанская,16.5
2013,кв.метр,,,20.9
2013,кв.метр,Город,,23.7
2013,кв.метр,Село,,17.4
2013,кв.метр,,Акмолинская,21.4
2013,кв.метр,,Актюбинская,20.1
2013,кв.метр,,Алматинская,17.1
2013,кв.метр,,Атырауская,19.9
2013,кв.метр,,Западно-Казахстанская,19.1
2013,кв.метр,,Жымбылская,15.6
2013,кв.метр,,Карагандинская,22.4
2013,кв.метр,,Костанайская,21.5
2013,кв.метр,,Кызылординская,19.5
2013,кв.метр,,Мангистауская,20.1
2013,кв.метр,,Южно-Казахстанская,20.7
2013,кв.метр,,Павлодарская,22.6
2013,кв.метр,,Северо-Казахстанская,20.7
2013,кв.метр,,Восточно-Казахстанская,19.4
2013,кв.метр,,г_Нур-Султан,27.7
2013,кв.метр,,г_Алматы,27.6
2013,кв.метр,Город,Акмолинская,22.4
2013,кв.метр,Город,Актюбинская,22.9
2013,кв.метр,Город,Алматинская,19.8
2013,кв.метр,Город,Атырауская,22.3
2013,кв.метр,Город,Западно-Казахстанская,23.1
2013,кв.метр,Город,Жымбылская,18.5
2013,кв.метр,Город,Карагандинская,23.2
2013,кв.метр,Город,Костанайская,22.3
2013,кв.метр,Город,Кызылординская,21.7
2013,кв.метр,Город,Мангистауская,19.9
2013,кв.метр,Город,Южно-Казахстанская,25.1
2013,кв.метр,Город,Павлодарская,23.5
2013,кв.метр,Город,Северо-Казахстанская,22.3
2013,кв.метр,Город,Восточно-Казахстанская,21.4
2013,кв.метр,Город,г_Нур-Султан,27.7
2013,кв.метр,Город,г_Алматы,27.6
2013,кв.метр,Село,Акмолинская,20.6
2013,кв.метр,Село,Актюбинская,16.2
2013,кв.метр,Село,Алматинская,16.2
2013,кв.метр,Село,Атырауская,17.3
2013,кв.метр,Село,Западно-Казахстанская,15.5
2013,кв.метр,Село,Жымбылская,13.6
2013,кв.метр,Село,Карагандинская,19.7
2013,кв.метр,Село,Костанайская,20.6
2013,кв.метр,Село,Кызылординская,18.0
2013,кв.метр,Село,Мангистауская,20.3
2013,кв.метр,Село,Южно-Казахстанская,17.1
2013,кв.метр,Село,Павлодарская,20.7
2013,кв.метр,Село,Северо-Казахстанская,19.6
2013,кв.метр,Село,Восточно-Казахстанская,16.9
2014,кв.метр,,,21.0
2014,кв.метр,Город,,23.8
2014,кв.метр,Село,,17.6
2014,кв.метр,,Акмолинская,21.6
2014,кв.метр,,Актюбинская,20.8
2014,кв.метр,,Алматинская,17.6
2014,кв.метр,,Атырауская,20.0
2014,кв.метр,,Западно-Казахстанская,19.5
2014,кв.метр,,Жымбылская,15.9
2014,кв.метр,,Карагандинская,22.6
2014,кв.метр,,Костанайская,21.9
2014,кв.метр,,Кызылординская,19.1
2014,кв.метр,,Мангистауская,20.9
2014,кв.метр,,Южно-Казахстанская,20.3
2014,кв.метр,,Павлодарская,22.8
2014,кв.метр,,Северо-Казахстанская,20.9
2014,кв.метр,,Восточно-Казахстанская,19.5
2014,кв.метр,,г_Нур-Султан,28.5
2014,кв.метр,,г_Алматы,26.7
2014,кв.метр,Город,Акмолинская,22.7
2014,кв.метр,Город,Актюбинская,23.7
2014,кв.метр,Город,Алматинская,20.6
2014,кв.метр,Город,Атырауская,22.4
2014,кв.метр,Город,Западно-Казахстанская,23.6
2014,кв.метр,Город,Жымбылская,18.6
2014,кв.метр,Город,Карагандинская,23.4
2014,кв.метр,Город,Костанайская,22.7
2014,кв.метр,Город,Кызылординская,20.4
2014,кв.метр,Город,Мангистауская,20.4
2014,кв.метр,Город,Южно-Казахстанская,25.5
2014,кв.метр,Город,Павлодарская,23.7
2014,кв.метр,Город,Северо-Казахстанская,22.3
2014,кв.метр,Город,Восточно-Казахстанская,21.5
2014,кв.метр,Город,г_Нур-Султан,28.5
2014,кв.метр,Город,г_Алматы,26.7
2014,кв.метр,Село,Акмолинская,20.7
2014,кв.метр,Село,Актюбинская,16.6
2014,кв.метр,Село,Алматинская,16.7
2014,кв.метр,Село,Атырауская,17.5
2014,кв.метр,Село,Западно-Казахстанская,15.7
2014,кв.метр,Село,Жымбылская,14.0
2014,кв.метр,Село,Карагандинская,20.1
2014,кв.метр,Село,Костанайская,21.0
2014,кв.метр,Село,Кызылординская,18.0
2014,кв.метр,Село,Мангистауская,21.3
2014,кв.метр,Село,Южно-Казахстанская,16.9
2014,кв.метр,Село,Павлодарская,20.9
2014,кв.метр,Село,Северо-Казахстанская,19.9
2014,кв.метр,Село,Восточно-Казахстанская,17.0
2015,кв.метр,,,21.0
2015,кв.метр,Город,,23.5
2015,кв.метр,Село,,17.8
2015,кв.метр,,Акмолинская,21.6
2015,кв.метр,,Актюбинская,21.3
2015,кв.метр,,Алматинская,18.1
2015,кв.метр,,Атырауская,20.1
2015,кв.метр,,Западно-Казахстанская,19.8
2015,кв.метр,,Жымбылская,16.1
2015,кв.метр,,Карагандинская,22.7
2015,кв.метр,,Костанайская,21.8
2015,кв.метр,,Кызылординская,19.3
2015,кв.метр,,Мангистауская,21.8
2015,кв.метр,,Южно-Казахстанская,18.9
2015,кв.метр,,Павлодарская,21.9
2015,кв.метр,,Северо-Казахстанская,20.8
2015,кв.метр,,Восточно-Казахстанская,19.7
2015,кв.метр,,г_Нур-Султан,29.0
2015,кв.метр,,г_Алматы,27.0
2015,кв.метр,Город,Акмолинская,22.9
2015,кв.метр,Город,Актюбинская,24.3
2015,кв.метр,Город,Алматинская,21.1
2015,кв.метр,Город,Атырауская,22.3
2015,кв.метр,Город,Западно-Казахстанская,23.7
2015,кв.метр,Город,Жымбылская,18.8
2015,кв.метр,Город,Карагандинская,23.5
2015,кв.метр,Город,Костанайская,22.4
2015,кв.метр,Город,Кызылординская,20.8
2015,кв.метр,Город,Мангистауская,21.4
2015,кв.метр,Город,Южно-Казахстанская,21.7
2015,кв.метр,Город,Павлодарская,22.6
2015,кв.метр,Город,Северо-Казахстанская,21.9
2015,кв.метр,Город,Восточно-Казахстанская,21.5
2015,кв.метр,Город,г_Нур-Султан,29.0
2015,кв.метр,Город,г_Алматы,27.0
2015,кв.метр,Село,Акмолинская,20.5
2015,кв.метр,Село,Актюбинская,17.1
2015,кв.метр,Село,Алматинская,17.2
2015,кв.метр,Село,Атырауская,17.8
2015,кв.метр,Село,Западно-Казахстанская,16.1
2015,кв.метр,Село,Жымбылская,14.3
2015,кв.метр,Село,Карагандинская,20.0
2015,кв.метр,Село,Костанайская,21.1
2015,кв.метр,Село,Кызылординская,18.1
2015,кв.метр,Село,Мангистауская,22.2
2015,кв.метр,Село,Южно-Казахстанская,16.7
2015,кв.метр,Село,Павлодарская,20.4
2015,кв.метр,Село,Северо-Казахстанская,20.0
2015,кв.метр,Село,Восточно-Казахстанская,17.0
2016,кв.метр,,,21.4
2016,кв.метр,Город,,24.0
2016,кв.метр,Село,,18.0
2016,кв.метр,,Акмолинская,21.8
2016,кв.метр,,Актюбинская,21.7
2016,кв.метр,,Алматинская,18.5
2016,кв.метр,,Атырауская,20.6
2016,кв.метр,,Западно-Казахстанская,20.2
2016,кв.метр,,Жымбылская,16.3
2016,кв.метр,,Карагандинская,22.9
2016,кв.метр,,Костанайская,21.8
2016,кв.метр,,Кызылординская,19.6
2016,кв.метр,,Мангистауская,22.4
2016,кв.метр,,Южно-Казахстанская,19.4
2016,кв.метр,,Павлодарская,21.9
2016,кв.метр,,Северо-Казахстанская,21.0
2016,кв.метр,,Восточно-Казахстанская,20.0
2016,кв.метр,,г_Нур-Султан,29.6
2016,кв.метр,,г_Алматы,27.6
2016,кв.метр,Город,Акмолинская,23.5
2016,кв.метр,Город,Актюбинская,24.6
2016,кв.метр,Город,Алматинская,21.5
2016,кв.метр,Город,Атырауская,23.2
2016,кв.метр,Город,Западно-Казахстанская,24.2
2016,кв.метр,Город,Жымбылская,19.0
2016,кв.метр,Город,Карагандинская,23.6
2016,кв.метр,Город,Костанайская,22.3
2016,кв.метр,Город,Кызылординская,21.1
2016,кв.метр,Город,Мангистауская,22.1
2016,кв.метр,Город,Южно-Казахстанская,22.7
2016,кв.метр,Город,Павлодарская,22.4
2016,кв.метр,Город,Северо-Казахстанская,22.0
2016,кв.метр,Город,Восточно-Казахстанская,22.0
2016,кв.метр,Город,г_Нур-Султан,29.6
2016,кв.метр,Город,г_Алматы,27.6
2016,кв.метр,Село,Акмолинская,20.5
2016,кв.метр,Село,Актюбинская,17.5
2016,кв.метр,Село,Алматинская,17.6
2016,кв.метр,Село,Атырауская,18.0
2016,кв.метр,Село,Западно-Казахстанская,16.4
2016,кв.метр,Село,Жымбылская,14.5
2016,кв.метр,Село,Карагандинская,20.2
2016,кв.метр,Село,Костанайская,21.2
2016,кв.метр,Село,Кызылординская,18.4
2016,кв.метр,Село,Мангистауская,22.7
2016,кв.метр,Село,Южно-Казахстанская,16.7
2016,кв.метр,Село,Павлодарская,20.7
2016,кв.метр,Село,Северо-Казахстанская,20.2
2016,кв.метр,Село,Восточно-Казахстанская,17.1
2017,кв.метр,,,21.6
2017,кв.метр,Город,,24.1
2017,кв.метр,Село,,18.2
2017,кв.метр,,Акмолинская,22.0
2017,кв.метр,,Актюбинская,22.0
2017,кв.метр,,Алматинская,18.9
2017,кв.метр,,Атырауская,21.4
2017,кв.метр,,Западно-Казахстанская,20.6
2017,кв.метр,,Жымбылская,16.6
2017,кв.метр,,Карагандинская,23.0
2017,кв.метр,,Костанайская,21.7
2017,кв.метр,,Кызылординская,19.9
2017,кв.метр,,Мангистауская,23.3
2017,кв.метр,,Южно-Казахстанская,19.7
2017,кв.метр,,Павлодарская,22.0
2017,кв.метр,,Северо-Казахстанская,21.0
2017,кв.метр,,Восточно-Казахстанская,20.2
2017,кв.метр,,г_Нур-Султан,29.8
2017,кв.метр,,г_Алматы,27.1
2017,кв.метр,Город,Акмолинская,23.8
2017,кв.метр,Город,Актюбинская,24.6
2017,кв.метр,Город,Алматинская,21.8
2017,кв.метр,Город,Атырауская,23.7
2017,кв.метр,Город,Западно-Казахстанская,24.8
2017,кв.метр,Город,Жымбылская,19.4
2017,кв.метр,Город,Карагандинская,23.8
2017,кв.метр,Город,Костанайская,22.3
2017,кв.метр,Город,Кызылординская,21.7
2017,кв.метр,Город,Мангистауская,23.2
2017,кв.метр,Город,Южно-Казахстанская,23.2
2017,кв.метр,Город,Павлодарская,22.4
2017,кв.метр,Город,Северо-Казахстанская,21.7
2017,кв.метр,Город,Восточно-Казахстанская,22.2
2017,кв.метр,Город,г_Нур-Султан,29.8
2017,кв.метр,Город,г_Алматы,27.1
2017,кв.метр,Село,Акмолинская,20.6
2017,кв.метр,Село,Актюбинская,16.5
2017,кв.метр,Село,Алматинская,18.0
2017,кв.метр,Село,Атырауская,19.0
2017,кв.метр,Село,Западно-Казахстанская,16.6
2017,кв.метр,Село,Жымбылская,14.7
2017,кв.метр,Село,Карагандинская,20.4
2017,кв.метр,Село,Костанайская,20.9
2017,кв.метр,Село,Кызылординская,18.4
2017,кв.метр,Село,Мангистауская,23.3
2017,кв.метр,Село,Южно-Казахстанская,17.0
2017,кв.метр,Село,Павлодарская,20.9
2017,кв.метр,Село,Северо-Казахстанская,20.5
2017,кв.метр,Село,Восточно-Казахстанская,17.3
2018,кв.метр,,,21.9
2018,кв.метр,Город,,24.2
2018,кв.метр,Село,,18.6
2018,кв.метр,,Акмолинская,22.4
2018,кв.метр,,Актюбинская,21.6
2018,кв.метр,,Алматинская,19.1
2018,кв.метр,,Атырауская,22.2
2018,кв.метр,,Западно-Казахстанская,21.0
2018,кв.метр,,Жымбылская,16.9
2018,кв.метр,,Карагандинская,23.2
2018,кв.метр,,Костанайская,21.8
2018,кв.метр,,Кызылординская,20.0
2018,кв.метр,,Мангистауская,24.4
2018,кв.метр,,Павлодарская,22.1
2018,кв.метр,,Северо-Казахстанская,21.4
2018,кв.метр,,Туркестанская,18.2
2018,кв.метр,,Восточно-Казахстанская,20.5
2018,кв.метр,,г_Нур-Султан,30.0
2018,кв.метр,,г_Алматы,27.5
2018,кв.метр,,г_Шымкент,23.5
2018,кв.метр,Город,Акмолинская,24.1
2018,кв.метр,Город,Актюбинская,23.3
2018,кв.метр,Город,Алматинская,21.6
2018,кв.метр,Город,Атырауская,24.4
2018,кв.метр,Город,Западно-Казахстанская,25.3
2018,кв.метр,Город,Жымбылская,19.8
2018,кв.метр,Город,Карагандинская,23.9
2018,кв.метр,Город,Костанайская,22.5
2018,кв.метр,Город,Кызылординская,21.8
2018,кв.метр,Город,Мангистауская,24.5
2018,кв.метр,Город,Павлодарская,22.5
2018,кв.метр,Город,Северо-Казахстанская,21.8
2018,кв.метр,Город,Туркестанская,21.5
2018,кв.метр,Город,Восточно-Казахстанская,22.5
2018,кв.метр,Город,г_Нур-Султан,30.0
2018,кв.метр,Город,г_Алматы,27.5
2018,кв.метр,Город,г_Шымкент,23.5
2018,кв.метр,Село,Акмолинская,21.0
2018,кв.метр,Село,Актюбинская,17.4
2018,кв.метр,Село,Алматинская,18.3
2018,кв.метр,Село,Атырауская,19.6
2018,кв.метр,Село,Западно-Казахстанская,17.0
2018,кв.метр,Село,Жымбылская,15.0
2018,кв.метр,Село,Карагандинская,20.5
2018,кв.метр,Село,Костанайская,21.0
2018,кв.метр,Село,Кызылординская,18.5
2018,кв.метр,Село,Мангистауская,24.3
2018,кв.метр,Село,Павлодарская,21.2
2018,кв.метр,Село,Северо-Казахстанская,21.0
2018,кв.метр,Село,Туркестанская,17.3
2018,кв.метр,Село,Восточно-Казахстанская,17.6
2019,кв.метр,,,22.2
2019,кв.метр,Город,,24.7
2019,кв.метр,Село,,18.9
2019,кв.метр,,Акмолинская,22.7
2019,кв.метр,,Актюбинская,21.9
2019,кв.метр,,Алматинская,19.6
2019,кв.метр,,Атырауская,22.7
2019,кв.метр,,Западно-Казахстанская,21.4
2019,кв.метр,,Жымбылская,17.2
2019,кв.метр,,Карагандинская,23.3
2019,кв.метр,,Костанайская,22.0
2019,кв.метр,,Кызылординская,20.5
2019,кв.метр,,Мангистауская,25.5
2019,кв.метр,,Павлодарская,22.3
2019,кв.метр,,Северо-Казахстанская,21.7
2019,кв.метр,,Туркестанская,18.4
2019,кв.метр,,Восточно-Казахстанская,20.7
2019,кв.метр,,г_Нур-Султан,30.5
2019,кв.метр,,г_Алматы,28.0
2019,кв.метр,,г_Шымкент,24.1
2019,кв.метр,Город,Акмолинская,24.3
2019,кв.метр,Город,Актюбинская,23.7
2019,кв.метр,Город,Алматинская,22.1
2019,кв.метр,Город,Атырауская,24.8
2019,кв.метр,Город,Западно-Казахстанская,25.8
2019,кв.метр,Город,Жымбылская,20.2
2019,кв.метр,Город,Карагандинская,24.0
2019,кв.метр,Город,Костанайская,22.7
2019,кв.метр,Город,Кызылординская,22.5
2019,кв.метр,Город,Мангистауская,25.3
2019,кв.метр,Город,Павлодарская,22.6
2019,кв.метр,Город,Северо-Казахстанская,22.1
2019,кв.метр,Город,Туркестанская,21.7
2019,кв.метр,Город,Восточно-Казахстанская,22.7
2019,кв.метр,Город,г_Нур-Султан,30.5
2019,кв.метр,Город,г_Алматы,28.0
2019,кв.метр,Город,г_Шымкент,24.1
2019,кв.метр,Село,Акмолинская,21.4
2019,кв.метр,Село,Актюбинская,17.6
2019,кв.метр,Село,Алматинская,18.8
2019,кв.метр,Село,Атырауская,20.1
2019,кв.метр,Село,Западно-Казахстанская,17.2
2019,кв.метр,Село,Жымбылская,15.2
2019,кв.метр,Село,Карагандинская,20.6
2019,кв.метр,Село,Костанайская,21.1
2019,кв.метр,Село,Кызылординская,18.8
2019,кв.метр,Село,Мангистауская,25.6
2019,кв.метр,Село,Павлодарская,21.3
2019,кв.метр,Село,Северо-Казахстанская,21.3
2019,кв.метр,Село,Туркестанская,17.5
2019,кв.метр,Село,Восточно-Казахстанская,17.8
2020,кв.метр,,,22.6
2020,кв.метр,Город,,25.0
2020,кв.метр,Село,,19.3
2020,кв.метр,,Акмолинская,23.2
2020,кв.метр,,Актюбинская,22.4
2020,кв.метр,,Алматинская,20.2
2020,кв.метр,,Атырауская,23.2
2020,кв.метр,,Западно-Казахстанская,21.9
2020,кв.метр,,Жымбылская,17.6
2020,кв.метр,,Карагандинская,23.3
2020,кв.метр,,Костанайская,22.2
2020,кв.метр,,Кызылординская,20.6
2020,кв.метр,,Мангистауская,26.3
2020,кв.метр,,Павлодарская,22.5
2020,кв.метр,,Северо-Казахстанская,21.9
2020,кв.метр,,Туркестанская,18.7
2020,кв.метр,,Восточно-Казахстанская,20.9
2020,кв.метр,,г_Нур-Султан,30.5
2020,кв.метр,,г_Алматы,28.3
2020,кв.метр,,г_Шымкент,24.8
2020,кв.метр,Город,Акмолинская,24.6
2020,кв.метр,Город,Актюбинская,24.1
2020,кв.метр,Город,Алматинская,22.7
2020,кв.метр,Город,Атырауская,25.1
2020,кв.метр,Город,Западно-Казахстанская,26.3
2020,кв.метр,Город,Жымбылская,20.6
2020,кв.метр,Город,Карагандинская,24.1
2020,кв.метр,Город,Костанайская,22.9
2020,кв.метр,Город,Кызылординская,22.4
2020,кв.метр,Город,Мангистауская,26.5
2020,кв.метр,Город,Павлодарская,22.8
2020,кв.метр,Город,Северо-Казахстанская,22.3
2020,кв.метр,Город,Туркестанская,22.2
2020,кв.метр,Город,Восточно-Казахстанская,22.9
2020,кв.метр,Город,г_Нур-Султан,30.5
2020,кв.метр,Город,г_Алматы,28.3
2020,кв.метр,Город,г_Шымкент,24.8
2020,кв.метр,Село,Акмолинская,22.0
2020,кв.метр,Село,Актюбинская,18.0
2020,кв.метр,Село,Алматинская,19.4
2020,кв.метр,Село,Атырауская,20.9
2020,кв.метр,Село,Западно-Казахстанская,17.4
2020,кв.метр,Село,Жымбылская,15.4
2020,кв.метр,Село,Карагандинская,20.6
2020,кв.метр,Село,Костанайская,21.1
2020,кв.метр,Село,Кызылординская,19.0
2020,кв.метр,Село,Мангистауская,26.2
2020,кв.метр,Село,Павлодарская,21.6
2020,кв.метр,Село,Северо-Казахстанская,21.6
2020,кв.метр,Село,Туркестанская,17.8
2020,кв.метр,Село,Восточно-Казахстанская,18.0
2021,кв.метр,,,23.2
2021,кв.метр,Город,,25.5
2021,кв.метр,Село,,18.8
2021,кв.метр,,Акмолинская,23.6
2021,кв.метр,,Актюбинская,23.0
2021,кв.метр,,Алматинская,21.0
2021,кв.метр,,Атырауская,24.2
2021,кв.метр,,Западно-Казахстанская,22.5
2021,кв.метр,,Жымбылская,18.0
2021,кв.метр,,Карагандинская,23.5
2021,кв.метр,,Костанайская,22.5
2021,кв.метр,,Кызылординская,20.9
2021,кв.метр,,Мангистауская,27.3
2021,кв.метр,,Павлодарская,22.6
2021,кв.метр,,Северо-Казахстанская,22.2
2021,кв.метр,,Туркестанская,19.1
2021,кв.метр,,Восточно-Казахстанская,21.2
2021,кв.метр,,г_Нур-Султан,30.6
2021,кв.метр,,г_Алматы,29.0
2021,кв.метр,,г_Шымкент,25.8
2021,кв.метр,Город,Акмолинская,25.6
2021,кв.метр,Город,Актюбинская,24.7
2021,кв.метр,Город,Алматинская,23.5
2021,кв.метр,Город,Атырауская,26.1
2021,кв.метр,Город,Западно-Казахстанская,26.9
2021,кв.метр,Город,Жымбылская,21.2
2021,кв.метр,Город,Карагандинская,24.2
2021,кв.метр,Город,Костанайская,23.2
2021,кв.метр,Город,Кызылординская,22.7
2021,кв.метр,Город,Мангистауская,27.9
2021,кв.метр,Город,Павлодарская,23.0
2021,кв.метр,Город,Северо-Казахстанская,22.4
2021,кв.метр,Город,Туркестанская,22.7
2021,кв.метр,Город,Восточно-Казахстанская,23.2
2021,кв.метр,Город,г_Нур-Султан,30.6
2021,кв.метр,Город,г_Алматы,29.0
2021,кв.метр,Город,г_Шымкент,25.8
2021,кв.метр,Село,Акмолинская,21.7
2021,кв.метр,Село,Актюбинская,18.4
2021,кв.метр,Село,Алматинская,20.2
2021,кв.метр,Село,Атырауская,22.1
2021,кв.метр,Село,Западно-Казахстанская,17.9
2021,кв.метр,Село,Жымбылская,15.7
2021,кв.метр,Село,Карагандинская,20.9
2021,кв.метр,Село,Костанайская,21.5
2021,кв.метр,Село,Кызылординская,19.3
2021,кв.метр,Село,Мангистауская,26.8
2021,кв.метр,Село,Павлодарская,21.8
2021,кв.метр,Село,Северо-Казахстанская,21.9
2021,кв.метр,Село,Туркестанская,18.2
2021,кв.метр,Село,Восточно-Казахстанская,18.3
