Year,UNIT_MEASURE,SERIES,Регионы,Value
2014,мг/метр куб,"взвешенные частицы РМ-2,5",СКФМ «Боровое»,0.0648
2014,мг/метр куб,"взвешенные частицы РМ-2,5",ЩБКЗ,0.0549
2014,мг/метр куб,взвешенные частицы РМ-10,г_Нур-Султан,0.018000000000000002
2014,мг/метр куб,взвешенные частицы РМ-10,г.Кокшетау,0.268
2014,мг/метр куб,взвешенные частицы РМ-10,СКФМ «Боровое»,0.0709
2014,мг/метр куб,взвешенные частицы РМ-10,ЩБКЗ,0.0585
2014,мг/метр куб,взвешенные частицы РМ-10,г.Актобе,0.039
2014,мг/метр куб,взвешенные частицы РМ-10,г_Алматы,0.012
2014,мг/метр куб,взвешенные частицы РМ-10,г.Талдыкорган,0.08199999999999999
2014,мг/метр куб,взвешенные частицы РМ-10,г.Атырау,0.456
2014,мг/метр куб,взвешенные частицы РМ-10,г.Кульсары,0.0212
2014,мг/метр куб,взвешенные частицы РМ-10,г.Усть-Каменогорск,0.092
2014,мг/метр куб,взвешенные частицы РМ-10,г.Риддер,0.154
2014,мг/метр куб,взвешенные частицы РМ-10,г.Семей,0.215
2014,мг/метр куб,взвешенные частицы РМ-10,г.Зыряновск,0.013000000000000001
2014,мг/метр куб,взвешенные частицы РМ-10,г.Тараз,0.047
2014,мг/метр куб,взвешенные частицы РМ-10,г.Уральск,0.027000000000000003
2014,мг/метр куб,взвешенные частицы РМ-10,г.Аксай,0.016
2014,мг/метр куб,взвешенные частицы РМ-10,г.Караганда,0.023
2014,мг/метр куб,взвешенные частицы РМ-10,г.Темиртау,0.002
2014,мг/метр куб,взвешенные частицы РМ-10,г.Костанай,0.049
2014,мг/метр куб,взвешенные частицы РМ-10,г.Рудный,0.012
2014,мг/метр куб,взвешенные частицы РМ-10,г.Аркалык,0.027999999999999997
2014,мг/метр куб,взвешенные частицы РМ-10,г.Житикара,0.013000000000000001
2014,мг/метр куб,взвешенные частицы РМ-10,г_Лисаковск,0.011000000000000001
2014,мг/метр куб,взвешенные частицы РМ-10,г.Кызылорда,0.003
2014,мг/метр куб,взвешенные частицы РМ-10,п.Акай,0.0001
2014,мг/метр куб,взвешенные частицы РМ-10,п.Торетам,0.0036
2014,мг/метр куб,взвешенные частицы РМ-10,г.Жанаозен,0.0301
2014,мг/метр куб,взвешенные частицы РМ-10,г.Павлодар,0.028999999999999998
2014,мг/метр куб,взвешенные частицы РМ-10,г.Экибастуз,0.0272
2014,мг/метр куб,взвешенные частицы РМ-10,г.Аксу,0.016
2014,мг/метр куб,взвешенные частицы РМ-10,Южно-Казахстанская,0.0069
2014,мг/метр куб,взвешенные частицы РМ-10,г.Туркестан,0.057999999999999996
2015,мг/метр куб,"взвешенные частицы РМ-2,5",г.Степногорск,0.006
2015,мг/метр куб,"взвешенные частицы РМ-2,5",СКФМ «Боровое»,0.026000000000000002
2015,мг/метр куб,"взвешенные частицы РМ-2,5",ЩБКЗ,0.07400000000000001
2015,мг/метр куб,"взвешенные частицы РМ-2,5",г.Актобе,0.018000000000000002
2015,мг/метр куб,"взвешенные частицы РМ-2,5",г.Атырау,0.013999999999999999
2015,мг/метр куб,"взвешенные частицы РМ-2,5",г.Семей,0.024
2015,мг/метр куб,"взвешенные частицы РМ-2,5",п.Глубокое,0.0175
2015,мг/метр куб,"взвешенные частицы РМ-2,5",г.Жанатас,0.011000000000000001
2015,мг/метр куб,"взвешенные частицы РМ-2,5",г.Каратау,0.003
2015,мг/метр куб,"взвешенные частицы РМ-2,5",г.Чу,0.023
2015,мг/метр куб,"взвешенные частицы РМ-2,5",п.Кордай,0.02
2015,мг/метр куб,"взвешенные частицы РМ-2,5",п.Березовка,0.0078
2015,мг/метр куб,"взвешенные частицы РМ-2,5",п.Январцево,0.011000000000000001
2015,мг/метр куб,"взвешенные частицы РМ-2,5",г.Караганда,0.06
2015,мг/метр куб,"взвешенные частицы РМ-2,5",г.Балхаш,0.0338
2015,мг/метр куб,"взвешенные частицы РМ-2,5",г.Жезказган,0.002
2015,мг/метр куб,"взвешенные частицы РМ-2,5",г.Сарань,0.0272
2015,мг/метр куб,"взвешенные частицы РМ-2,5",п.Карабалык,0.0131
2015,мг/метр куб,"взвешенные частицы РМ-2,5",Актюбинская,0.016
2015,мг/метр куб,"взвешенные частицы РМ-2,5",п.Бейнеу,0.017
2015,мг/метр куб,"взвешенные частицы РМ-2,5",г.Павлодар,0.016
2015,мг/метр куб,"взвешенные частицы РМ-2,5",г.Экибастуз,0.015
2015,мг/метр куб,"взвешенные частицы РМ-2,5",Южно-Казахстанская,0.009000000000000001
2015,мг/метр куб,"взвешенные частицы РМ-2,5",г_Шымкент,0.019
2015,мг/метр куб,"взвешенные частицы РМ-2,5",г.Кентау,0.011000000000000001
2015,мг/метр куб,взвешенные частицы РМ-10,г_Нур-Султан,0.055999999999999994
2015,мг/метр куб,взвешенные частицы РМ-10,г.Кокшетау,0.1156
2015,мг/метр куб,взвешенные частицы РМ-10,г.Степногорск,0.0184
2015,мг/метр куб,взвешенные частицы РМ-10,СКФМ «Боровое»,0.028999999999999998
2015,мг/метр куб,взвешенные частицы РМ-10,ЩБКЗ,0.076
2015,мг/метр куб,взвешенные частицы РМ-10,г.Актобе,0.049
2015,мг/метр куб,взвешенные частицы РМ-10,г_Алматы,0.06
2015,мг/метр куб,взвешенные частицы РМ-10,г.Талдыкорган,0.24100000000000002
2015,мг/метр куб,взвешенные частицы РМ-10,г.Атырау,0.043
2015,мг/метр куб,взвешенные частицы РМ-10,г.Кульсары,0.033
2015,мг/метр куб,взвешенные частицы РМ-10,г.Усть-Каменогорск,0.0
2015,мг/метр куб,взвешенные частицы РМ-10,г.Риддер,0.0
2015,мг/метр куб,взвешенные частицы РМ-10,г.Семей,0.021
2015,мг/метр куб,взвешенные частицы РМ-10,п.Глубокое,0.0347
2015,мг/метр куб,взвешенные частицы РМ-10,г.Тараз,0.045
2015,мг/метр куб,взвешенные частицы РМ-10,г.Жанатас,0.034
2015,мг/метр куб,взвешенные частицы РМ-10,г.Каратау,0.005
2015,мг/метр куб,взвешенные частицы РМ-10,г.Чу,0.08199999999999999
2015,мг/метр куб,взвешенные частицы РМ-10,п.Кордай,0.052000000000000005
2015,мг/метр куб,взвешенные частицы РМ-10,г.Уральск,0.0626
2015,мг/метр куб,взвешенные частицы РМ-10,г.Аксай,0.035
2015,мг/метр куб,взвешенные частицы РМ-10,п.Березовка,0.0244
2015,мг/метр куб,взвешенные частицы РМ-10,п.Январцево,0.0238
2015,мг/метр куб,взвешенные частицы РМ-10,г.Караганда,0.053
2015,мг/метр куб,взвешенные частицы РМ-10,г.Балхаш,0.0357
2015,мг/метр куб,взвешенные частицы РМ-10,г.Жезказган,0.005
2015,мг/метр куб,взвешенные частицы РМ-10,г.Сарань,0.0421
2015,мг/метр куб,взвешенные частицы РМ-10,г.Темиртау,0.0
2015,мг/метр куб,взвешенные частицы РМ-10,г.Костанай,0.085
2015,мг/метр куб,взвешенные частицы РМ-10,г.Рудный,0.016
2015,мг/метр куб,взвешенные частицы РМ-10,п.Карабалык,0.0298
2015,мг/метр куб,взвешенные частицы РМ-10,г.Аркалык,0.06
2015,мг/метр куб,взвешенные частицы РМ-10,г.Житикара,0.02
2015,мг/метр куб,взвешенные частицы РМ-10,г_Лисаковск,0.006999999999999999
2015,мг/метр куб,взвешенные частицы РМ-10,г.Кызылорда,0.028999999999999998
2015,мг/метр куб,взвешенные частицы РМ-10,п.Акай,0.0002
2015,мг/метр куб,взвешенные частицы РМ-10,п.Торетам,0.0006
2015,мг/метр куб,взвешенные частицы РМ-10,Актюбинская,0.063
2015,мг/метр куб,взвешенные частицы РМ-10,г.Жанаозен,0.046
2015,мг/метр куб,взвешенные частицы РМ-10,п.Бейнеу,0.0807
2015,мг/метр куб,взвешенные частицы РМ-10,г.Павлодар,0.039
2015,мг/метр куб,взвешенные частицы РМ-10,г.Экибастуз,0.022000000000000002
2015,мг/метр куб,взвешенные частицы РМ-10,г.Аксу,0.023
2015,мг/метр куб,взвешенные частицы РМ-10,Южно-Казахстанская,0.012
2015,мг/метр куб,взвешенные частицы РМ-10,г_Шымкент,0.057
2015,мг/метр куб,взвешенные частицы РМ-10,г.Туркестан,0.149
2015,мг/метр куб,взвешенные частицы РМ-10,г.Кентау,0.006999999999999999
2016,мг/метр куб,"взвешенные частицы РМ-2,5",г_Нур-Султан,0.02
2016,мг/метр куб,"взвешенные частицы РМ-2,5",г.Кокшетау,0.002
2016,мг/метр куб,"взвешенные частицы РМ-2,5",г.Степногорск,0.006
2016,мг/метр куб,"взвешенные частицы РМ-2,5",СКФМ «Боровое»,0.02
2016,мг/метр куб,"взвешенные частицы РМ-2,5",ЩБКЗ,0.03
2016,мг/метр куб,"взвешенные частицы РМ-2,5",п.Сарыбулак,0.01
2016,мг/метр куб,"взвешенные частицы РМ-2,5",г.Актобе,0.02
2016,мг/метр куб,"взвешенные частицы РМ-2,5",г_Алматы,0.02
2016,мг/метр куб,"взвешенные частицы РМ-2,5",г.Атырау,0.003
2016,мг/метр куб,"взвешенные частицы РМ-2,5",г.Семей,0.035
2016,мг/метр куб,"взвешенные частицы РМ-2,5",п.Глубокое,0.0398
2016,мг/метр куб,"взвешенные частицы РМ-2,5",г.Зыряновск,0.0003
2016,мг/метр куб,"взвешенные частицы РМ-2,5",г.Жанатас,0.01
2016,мг/метр куб,"взвешенные частицы РМ-2,5",г.Каратау,0.01
2016,мг/метр куб,"взвешенные частицы РМ-2,5",г.Чу,0.03
2016,мг/метр куб,"взвешенные частицы РМ-2,5",п.Кордай,0.02
2016,мг/метр куб,"взвешенные частицы РМ-2,5",г.Уральск,0.02
2016,мг/метр куб,"взвешенные частицы РМ-2,5",п.Березовка,0.01
2016,мг/метр куб,"взвешенные частицы РМ-2,5",п.Январцево,0.004
2016,мг/метр куб,"взвешенные частицы РМ-2,5",г.Караганда,0.1
2016,мг/метр куб,"взвешенные частицы РМ-2,5",г.Балхаш,0.03
2016,мг/метр куб,"взвешенные частицы РМ-2,5",г.Жезказган,0.01
2016,мг/метр куб,"взвешенные частицы РМ-2,5",г.Сарань,0.02
2016,мг/метр куб,"взвешенные частицы РМ-2,5",п.Карабалык,0.02
2016,мг/метр куб,"взвешенные частицы РМ-2,5",г.Кызылорда,0.02
2016,мг/метр куб,"взвешенные частицы РМ-2,5",Актюбинская,0.0
2016,мг/метр куб,"взвешенные частицы РМ-2,5",п.Бейнеу,0.01
2016,мг/метр куб,"взвешенные частицы РМ-2,5",г.Павлодар,0.008
2016,мг/метр куб,"взвешенные частицы РМ-2,5",г.Экибастуз,0.02
2016,мг/метр куб,"взвешенные частицы РМ-2,5",Южно-Казахстанская,0.01
2016,мг/метр куб,"взвешенные частицы РМ-2,5",г_Шымкент,0.0
2016,мг/метр куб,"взвешенные частицы РМ-2,5",г.Кентау,0.0
2016,мг/метр куб,взвешенные частицы РМ-10,г_Нур-Султан,0.1
2016,мг/метр куб,взвешенные частицы РМ-10,г.Кокшетау,0.002
2016,мг/метр куб,взвешенные частицы РМ-10,г.Степногорск,0.008
2016,мг/метр куб,взвешенные частицы РМ-10,СКФМ «Боровое»,0.02
2016,мг/метр куб,взвешенные частицы РМ-10,ЩБКЗ,0.03
2016,мг/метр куб,взвешенные частицы РМ-10,п.Сарыбулак,0.01
2016,мг/метр куб,взвешенные частицы РМ-10,г.Актобе,0.04
2016,мг/метр куб,взвешенные частицы РМ-10,г_Алматы,0.05
2016,мг/метр куб,взвешенные частицы РМ-10,г.Талдыкорган,0.1
2016,мг/метр куб,взвешенные частицы РМ-10,г.Атырау,0.01
2016,мг/метр куб,взвешенные частицы РМ-10,г.Кульсары,0.0
2016,мг/метр куб,взвешенные частицы РМ-10,г.Усть-Каменогорск,0.0
2016,мг/метр куб,взвешенные частицы РМ-10,г.Риддер,0.0
2016,мг/метр куб,взвешенные частицы РМ-10,г.Семей,0.024
2016,мг/метр куб,взвешенные частицы РМ-10,п.Глубокое,0.0553
2016,мг/метр куб,взвешенные частицы РМ-10,г.Зыряновск,0.0003
2016,мг/метр куб,взвешенные частицы РМ-10,г.Тараз,0.1
2016,мг/метр куб,взвешенные частицы РМ-10,г.Жанатас,0.02
2016,мг/метр куб,взвешенные частицы РМ-10,г.Каратау,0.04
2016,мг/метр куб,взвешенные частицы РМ-10,г.Чу,0.1
2016,мг/метр куб,взвешенные частицы РМ-10,п.Кордай,0.03
2016,мг/метр куб,взвешенные частицы РМ-10,г.Уральск,0.04
2016,мг/метр куб,взвешенные частицы РМ-10,г.Аксай,0.01
2016,мг/метр куб,взвешенные частицы РМ-10,п.Березовка,0.02
2016,мг/метр куб,взвешенные частицы РМ-10,п.Январцево,0.006999999999999999
2016,мг/метр куб,взвешенные частицы РМ-10,г.Караганда,0.1
2016,мг/метр куб,взвешенные частицы РМ-10,г.Балхаш,0.04
2016,мг/метр куб,взвешенные частицы РМ-10,г.Жезказган,0.03
2016,мг/метр куб,взвешенные частицы РМ-10,г.Сарань,0.03
2016,мг/метр куб,взвешенные частицы РМ-10,г.Темиртау,0.0
2016,мг/метр куб,взвешенные частицы РМ-10,г.Костанай,0.05
2016,мг/метр куб,взвешенные частицы РМ-10,г.Рудный,0.02
2016,мг/метр куб,взвешенные частицы РМ-10,п.Карабалык,0.03
2016,мг/метр куб,взвешенные частицы РМ-10,г.Кызылорда,0.02
2016,мг/метр куб,взвешенные частицы РМ-10,п.Акай,0.0001
2016,мг/метр куб,взвешенные частицы РМ-10,п.Торетам,0.0001
2016,мг/метр куб,взвешенные частицы РМ-10,Актюбинская,0.01
2016,мг/метр куб,взвешенные частицы РМ-10,г.Жанаозен,0.02
2016,мг/метр куб,взвешенные частицы РМ-10,п.Бейнеу,0.06
2016,мг/метр куб,взвешенные частицы РМ-10,г.Павлодар,0.016
2016,мг/метр куб,взвешенные частицы РМ-10,г.Экибастуз,0.02
2016,мг/метр куб,взвешенные частицы РМ-10,г.Аксу,0.02
2016,мг/метр куб,взвешенные частицы РМ-10,Южно-Казахстанская,0.015
2016,мг/метр куб,взвешенные частицы РМ-10,г_Шымкент,0.1
2016,мг/метр куб,взвешенные частицы РМ-10,г.Туркестан,0.0
2016,мг/метр куб,взвешенные частицы РМ-10,г.Кентау,0.0
2017,мг/метр куб,"взвешенные частицы РМ-2,5",г_Нур-Султан,0.02
2017,мг/метр куб,"взвешенные частицы РМ-2,5",г.Кокшетау,0.002
2017,мг/метр куб,"взвешенные частицы РМ-2,5",г.Степногорск,0.002
2017,мг/метр куб,"взвешенные частицы РМ-2,5",СКФМ «Боровое»,0.02
2017,мг/метр куб,"взвешенные частицы РМ-2,5",ЩБКЗ,0.02
2017,мг/метр куб,"взвешенные частицы РМ-2,5",п.Сарыбулак,0.01
2017,мг/метр куб,"взвешенные частицы РМ-2,5",г.Актобе,0.02
2017,мг/метр куб,"взвешенные частицы РМ-2,5",г_Алматы,0.009000000000000001
2017,мг/метр куб,"взвешенные частицы РМ-2,5",г.Атырау,0.01
2017,мг/метр куб,"взвешенные частицы РМ-2,5",г.Семей,0.03
2017,мг/метр куб,"взвешенные частицы РМ-2,5",п.Глубокое,0.019
2017,мг/метр куб,"взвешенные частицы РМ-2,5",г.Зыряновск,0.01
2017,мг/метр куб,"взвешенные частицы РМ-2,5",г.Жанатас,0.01
2017,мг/метр куб,"взвешенные частицы РМ-2,5",г.Каратау,0.03
2017,мг/метр куб,"взвешенные частицы РМ-2,5",г.Чу,0.04
2017,мг/метр куб,"взвешенные частицы РМ-2,5",п.Кордай,0.02
2017,мг/метр куб,"взвешенные частицы РМ-2,5",г.Уральск,0.01
2017,мг/метр куб,"взвешенные частицы РМ-2,5",п.Березовка,0.0095
2017,мг/метр куб,"взвешенные частицы РМ-2,5",г.Караганда,0.1
2017,мг/метр куб,"взвешенные частицы РМ-2,5",г.Балхаш,0.03
2017,мг/метр куб,"взвешенные частицы РМ-2,5",г.Жезказган,0.01
2017,мг/метр куб,"взвешенные частицы РМ-2,5",г.Сарань,0.02
2017,мг/метр куб,"взвешенные частицы РМ-2,5",п.Карабалык,0.02
2017,мг/метр куб,"взвешенные частицы РМ-2,5",г.Кызылорда,0.01
2017,мг/метр куб,"взвешенные частицы РМ-2,5",Актюбинская,0.02
2017,мг/метр куб,"взвешенные частицы РМ-2,5",п.Бейнеу,0.01
2017,мг/метр куб,"взвешенные частицы РМ-2,5",г.Павлодар,0.0053
2017,мг/метр куб,"взвешенные частицы РМ-2,5",г.Экибастуз,0.01
2017,мг/метр куб,"взвешенные частицы РМ-2,5",Южно-Казахстанская,0.016
2017,мг/метр куб,"взвешенные частицы РМ-2,5",г_Шымкент,0.04
2017,мг/метр куб,"взвешенные частицы РМ-2,5",г.Кентау,0.0
2017,мг/метр куб,взвешенные частицы РМ-10,г_Нур-Султан,0.06
2017,мг/метр куб,взвешенные частицы РМ-10,г.Кокшетау,0.002
2017,мг/метр куб,взвешенные частицы РМ-10,г.Степногорск,0.003
2017,мг/метр куб,взвешенные частицы РМ-10,СКФМ «Боровое»,0.02
2017,мг/метр куб,взвешенные частицы РМ-10,ЩБКЗ,0.02
2017,мг/метр куб,взвешенные частицы РМ-10,п.Сарыбулак,0.01
2017,мг/метр куб,взвешенные частицы РМ-10,г.Актобе,0.04
2017,мг/метр куб,взвешенные частицы РМ-10,г_Алматы,0.3
2017,мг/метр куб,взвешенные частицы РМ-10,г.Атырау,0.02
2017,мг/метр куб,взвешенные частицы РМ-10,г.Усть-Каменогорск,0.5
2017,мг/метр куб,взвешенные частицы РМ-10,г.Риддер,0.06
2017,мг/метр куб,взвешенные частицы РМ-10,г.Семей,0.02
2017,мг/метр куб,взвешенные частицы РМ-10,п.Глубокое,0.022000000000000002
2017,мг/метр куб,взвешенные частицы РМ-10,г.Зыряновск,0.02
2017,мг/метр куб,взвешенные частицы РМ-10,г.Тараз,0.04
2017,мг/метр куб,взвешенные частицы РМ-10,г.Жанатас,0.03
2017,мг/метр куб,взвешенные частицы РМ-10,г.Каратау,0.06
2017,мг/метр куб,взвешенные частицы РМ-10,г.Чу,0.1
2017,мг/метр куб,взвешенные частицы РМ-10,п.Кордай,0.04
2017,мг/метр куб,взвешенные частицы РМ-10,г.Уральск,0.02
2017,мг/метр куб,взвешенные частицы РМ-10,г.Аксай,0.011000000000000001
2017,мг/метр куб,взвешенные частицы РМ-10,п.Березовка,0.01
2017,мг/метр куб,взвешенные частицы РМ-10,г.Караганда,0.1
2017,мг/метр куб,взвешенные частицы РМ-10,г.Балхаш,0.03
2017,мг/метр куб,взвешенные частицы РМ-10,г.Жезказган,0.03
2017,мг/метр куб,взвешенные частицы РМ-10,г.Сарань,0.03
2017,мг/метр куб,взвешенные частицы РМ-10,г.Костанай,0.01
2017,мг/метр куб,взвешенные частицы РМ-10,г.Рудный,0.03
2017,мг/метр куб,взвешенные частицы РМ-10,п.Карабалык,0.03
2017,мг/метр куб,взвешенные частицы РМ-10,г.Аркалык,0.02
2017,мг/метр куб,взвешенные частицы РМ-10,г.Житикара,0.03
2017,мг/метр куб,взвешенные частицы РМ-10,г_Лисаковск,0.023
2017,мг/метр куб,взвешенные частицы РМ-10,г.Кызылорда,0.04
2017,мг/метр куб,взвешенные частицы РМ-10,п.Торетам,0.0
2017,мг/метр куб,взвешенные частицы РМ-10,Актюбинская,0.1
2017,мг/метр куб,взвешенные частицы РМ-10,г.Жанаозен,0.002
2017,мг/метр куб,взвешенные частицы РМ-10,п.Бейнеу,0.05
2017,мг/метр куб,взвешенные частицы РМ-10,г.Павлодар,0.0069
2017,мг/метр куб,взвешенные частицы РМ-10,г.Экибастуз,0.01
2017,мг/метр куб,взвешенные частицы РМ-10,Южно-Казахстанская,0.0024
2017,мг/метр куб,взвешенные частицы РМ-10,г_Шымкент,0.1
2017,мг/метр куб,взвешенные частицы РМ-10,г.Кентау,0.0
2018,мг/метр куб,"взвешенные частицы РМ-2,5",г_Нур-Султан,0.02
2018,мг/метр куб,"взвешенные частицы РМ-2,5",г.Кокшетау,0.0023
2018,мг/метр куб,"взвешенные частицы РМ-2,5",СКФМ «Боровое»,0.048
2018,мг/метр куб,"взвешенные частицы РМ-2,5",ЩБКЗ,0.02
2018,мг/метр куб,"взвешенные частицы РМ-2,5",п.Сарыбулак,0.01
2018,мг/метр куб,"взвешенные частицы РМ-2,5",г.Актобе,0.017
2018,мг/метр куб,"взвешенные частицы РМ-2,5",г_Алматы,0.015
2018,мг/метр куб,"взвешенные частицы РМ-2,5",г.Атырау,0.01
2018,мг/метр куб,"взвешенные частицы РМ-2,5",г.Семей,0.025
2018,мг/метр куб,"взвешенные частицы РМ-2,5",п.Глубокое,0.0328
2018,мг/метр куб,"взвешенные частицы РМ-2,5",г.Зыряновск,1e-05
2018,мг/метр куб,"взвешенные частицы РМ-2,5",г.Жанатас,0.017
2018,мг/метр куб,"взвешенные частицы РМ-2,5",г.Каратау,0.037000000000000005
2018,мг/метр куб,"взвешенные частицы РМ-2,5",г.Чу,0.038
2018,мг/метр куб,"взвешенные частицы РМ-2,5",п.Кордай,0.005
2018,мг/метр куб,"взвешенные частицы РМ-2,5",г.Уральск,0.023
2018,мг/метр куб,"взвешенные частицы РМ-2,5",г.Караганда,0.11
2018,мг/метр куб,"взвешенные частицы РМ-2,5",г.Сарань,0.017
2018,мг/метр куб,"взвешенные частицы РМ-2,5",п.Карабалык,0.01
2018,мг/метр куб,"взвешенные частицы РМ-2,5",г.Кызылорда,0.01
2018,мг/метр куб,"взвешенные частицы РМ-2,5",Актюбинская,0.009000000000000001
2018,мг/метр куб,"взвешенные частицы РМ-2,5",п.Бейнеу,0.005
2018,мг/метр куб,"взвешенные частицы РМ-2,5",г.Павлодар,0.0046
2018,мг/метр куб,"взвешенные частицы РМ-2,5",г.Экибастуз,0.0
2018,мг/метр куб,"взвешенные частицы РМ-2,5",Южно-Казахстанская,0.01
2018,мг/метр куб,"взвешенные частицы РМ-2,5",г_Шымкент,0.04
2018,мг/метр куб,"взвешенные частицы РМ-2,5",г.Кентау,0.006
2018,мг/метр куб,взвешенные частицы РМ-10,г_Нур-Султан,0.02
2018,мг/метр куб,взвешенные частицы РМ-10,г.Кокшетау,0.004
2018,мг/метр куб,взвешенные частицы РМ-10,СКФМ «Боровое»,0.05
2018,мг/метр куб,взвешенные частицы РМ-10,ЩБКЗ,0.02
2018,мг/метр куб,взвешенные частицы РМ-10,п.Сарыбулак,0.01
2018,мг/метр куб,взвешенные частицы РМ-10,г.Актобе,0.027999999999999997
2018,мг/метр куб,взвешенные частицы РМ-10,г_Алматы,0.03
2018,мг/метр куб,взвешенные частицы РМ-10,г.Атырау,0.022000000000000002
2018,мг/метр куб,взвешенные частицы РМ-10,г.Усть-Каменогорск,0.04
2018,мг/метр куб,взвешенные частицы РМ-10,г.Риддер,0.04
2018,мг/метр куб,взвешенные частицы РМ-10,г.Семей,0.03
2018,мг/метр куб,взвешенные частицы РМ-10,п.Глубокое,0.03
2018,мг/метр куб,взвешенные частицы РМ-10,г.Зыряновск,2.9999999999999997e-05
2018,мг/метр куб,взвешенные частицы РМ-10,г.Тараз,0.027999999999999997
2018,мг/метр куб,взвешенные частицы РМ-10,г.Жанатас,0.03
2018,мг/метр куб,взвешенные частицы РМ-10,г.Каратау,0.06
2018,мг/метр куб,взвешенные частицы РМ-10,г.Чу,0.06
2018,мг/метр куб,взвешенные частицы РМ-10,п.Кордай,0.011000000000000001
2018,мг/метр куб,взвешенные частицы РМ-10,г.Уральск,0.01
2018,мг/метр куб,взвешенные частицы РМ-10,г.Аксай,0.0
2018,мг/метр куб,взвешенные частицы РМ-10,г.Караганда,0.11
2018,мг/метр куб,взвешенные частицы РМ-10,г.Сарань,0.02
2018,мг/метр куб,взвешенные частицы РМ-10,г.Костанай,0.04
2018,мг/метр куб,взвешенные частицы РМ-10,г.Рудный,0.0
2018,мг/метр куб,взвешенные частицы РМ-10,п.Карабалык,0.02
2018,мг/метр куб,взвешенные частицы РМ-10,г.Аркалык,0.012
2018,мг/метр куб,взвешенные частицы РМ-10,г.Житикара,0.033
2018,мг/метр куб,взвешенные частицы РМ-10,г_Лисаковск,0.026000000000000002
2018,мг/метр куб,взвешенные частицы РМ-10,г.Кызылорда,0.0054
2018,мг/метр куб,взвешенные частицы РМ-10,п.Торетам,0.0
2018,мг/метр куб,взвешенные частицы РМ-10,Актюбинская,0.032
2018,мг/метр куб,взвешенные частицы РМ-10,г.Жанаозен,0.0
2018,мг/метр куб,взвешенные частицы РМ-10,п.Бейнеу,0.011000000000000001
2018,мг/метр куб,взвешенные частицы РМ-10,г.Павлодар,0.0066
2018,мг/метр куб,взвешенные частицы РМ-10,г.Экибастуз,0.0057
2018,мг/метр куб,взвешенные частицы РМ-10,Южно-Казахстанская,0.01
2018,мг/метр куб,взвешенные частицы РМ-10,г_Шымкент,0.053
2018,мг/метр куб,взвешенные частицы РМ-10,г.Кентау,0.008
2019,мг/метр куб,"взвешенные частицы РМ-2,5",г_Нур-Султан,0.03
2019,мг/метр куб,"взвешенные частицы РМ-2,5",г.Кокшетау,0.02
2019,мг/метр куб,"взвешенные частицы РМ-2,5",СКФМ «Боровое»,0.04
2019,мг/метр куб,"взвешенные частицы РМ-2,5",ЩБКЗ,0.02
2019,мг/метр куб,"взвешенные частицы РМ-2,5",г.Актобе,0.0168
2019,мг/метр куб,"взвешенные частицы РМ-2,5",г_Алматы,0.03
2019,мг/метр куб,"взвешенные частицы РМ-2,5",г.Атырау,0.0129
2019,мг/метр куб,"взвешенные частицы РМ-2,5",г.Семей,0.013999999999999999
2019,мг/метр куб,"взвешенные частицы РМ-2,5",п.Глубокое,0.001
2019,мг/метр куб,"взвешенные частицы РМ-2,5",г.Зыряновск,2e-05
2019,мг/метр куб,"взвешенные частицы РМ-2,5",г.Жанатас,0.01
2019,мг/метр куб,"взвешенные частицы РМ-2,5",г.Каратау,0.03
2019,мг/метр куб,"взвешенные частицы РМ-2,5",г.Чу,0.003
2019,мг/метр куб,"взвешенные частицы РМ-2,5",п.Кордай,0.02
2019,мг/метр куб,"взвешенные частицы РМ-2,5",г.Уральск,0.01
2019,мг/метр куб,"взвешенные частицы РМ-2,5",г.Караганда,0.055999999999999994
2019,мг/метр куб,"взвешенные частицы РМ-2,5",г.Балхаш,0.048
2019,мг/метр куб,"взвешенные частицы РМ-2,5",г.Жезказган,0.011000000000000001
2019,мг/метр куб,"взвешенные частицы РМ-2,5",г.Сарань,0.013999999999999999
2019,мг/метр куб,"взвешенные частицы РМ-2,5",г.Темиртау,0.044000000000000004
2019,мг/метр куб,"взвешенные частицы РМ-2,5",г.Костанай,0.03
2019,мг/метр куб,"взвешенные частицы РМ-2,5",п.Карабалык,0.0019
2019,мг/метр куб,"взвешенные частицы РМ-2,5",г.Кызылорда,0.005
2019,мг/метр куб,"взвешенные частицы РМ-2,5",Актюбинская,0.055
2019,мг/метр куб,"взвешенные частицы РМ-2,5",г.Павлодар,0.0072
2019,мг/метр куб,"взвешенные частицы РМ-2,5",Южно-Казахстанская,0.012
2019,мг/метр куб,"взвешенные частицы РМ-2,5",г_Шымкент,0.02
2019,мг/метр куб,"взвешенные частицы РМ-2,5",г.Туркестан,0.05
2019,мг/метр куб,взвешенные частицы РМ-10,г_Нур-Султан,0.03
2019,мг/метр куб,взвешенные частицы РМ-10,г.Кокшетау,0.003
2019,мг/метр куб,взвешенные частицы РМ-10,СКФМ «Боровое»,0.04
2019,мг/метр куб,взвешенные частицы РМ-10,ЩБКЗ,0.02
2019,мг/метр куб,взвешенные частицы РМ-10,г.Актобе,0.039
2019,мг/метр куб,взвешенные частицы РМ-10,г_Алматы,0.05
2019,мг/метр куб,взвешенные частицы РМ-10,г.Талдыкорган,0.045
2019,мг/метр куб,взвешенные частицы РМ-10,г.Атырау,0.0236
2019,мг/метр куб,взвешенные частицы РМ-10,г.Усть-Каменогорск,0.05
2019,мг/метр куб,взвешенные частицы РМ-10,г.Риддер,0.04
2019,мг/метр куб,взвешенные частицы РМ-10,г.Семей,0.016
2019,мг/метр куб,взвешенные частицы РМ-10,п.Глубокое,0.001
2019,мг/метр куб,взвешенные частицы РМ-10,г.Зыряновск,2e-05
2019,мг/метр куб,взвешенные частицы РМ-10,г.Тараз,0.03
2019,мг/метр куб,взвешенные частицы РМ-10,г.Жанатас,0.02
2019,мг/метр куб,взвешенные частицы РМ-10,г.Каратау,0.06
2019,мг/метр куб,взвешенные частицы РМ-10,г.Чу,0.01
2019,мг/метр куб,взвешенные частицы РМ-10,п.Кордай,0.02
2019,мг/метр куб,взвешенные частицы РМ-10,г.Уральск,0.01
2019,мг/метр куб,взвешенные частицы РМ-10,г.Аксай,0.005
2019,мг/метр куб,взвешенные частицы РМ-10,г.Караганда,0.059000000000000004
2019,мг/метр куб,взвешенные частицы РМ-10,г.Балхаш,0.049
2019,мг/метр куб,взвешенные частицы РМ-10,г.Жезказган,0.018000000000000002
2019,мг/метр куб,взвешенные частицы РМ-10,г.Сарань,0.02
2019,мг/метр куб,взвешенные частицы РМ-10,г.Темиртау,0.044000000000000004
2019,мг/метр куб,взвешенные частицы РМ-10,г.Костанай,0.02
2019,мг/метр куб,взвешенные частицы РМ-10,г.Рудный,0.0
2019,мг/метр куб,взвешенные частицы РМ-10,п.Карабалык,0.0053
2019,мг/метр куб,взвешенные частицы РМ-10,г.Кызылорда,0.001
2019,мг/метр куб,взвешенные частицы РМ-10,п.Торетам,2.0
2019,мг/метр куб,взвешенные частицы РМ-10,Актюбинская,0.11
2019,мг/метр куб,взвешенные частицы РМ-10,г.Жанаозен,0.023
2019,мг/метр куб,взвешенные частицы РМ-10,г.Павлодар,0.0411
2019,мг/метр куб,взвешенные частицы РМ-10,г.Экибастуз,0.0782
2019,мг/метр куб,взвешенные частицы РМ-10,Южно-Казахстанская,0.009000000000000001
2019,мг/метр куб,взвешенные частицы РМ-10,г_Шымкент,0.04
