Year,UNIT_MEASURE,Регионы,Value
2016,процент,,66.4
2017,процент,,68.6
2018,процент,,80.0
2019,процент,,85.1
2019,процент,Акмолинская,97.0
2019,процент,Актюбинская,90.0
2019,процент,Алматинская,76.7
2019,процент,Атырауская,89.6
2019,процент,Западно-Казахстанская,91.4
2019,процент,Жымбылская,91.5
2019,процент,Карагандинская,82.6
2019,процент,Костанайская,89.7
2019,процент,Кызылординская,89.2
2019,процент,Мангистауская,66.2
2019,процент,Павлодарская,85.0
2019,процент,Северо-Казахстанская,89.2
2019,процент,Туркестанская,89.9
2019,процент,Восточно-Казахстанская,96.7
2019,процент,г_Нур-Султан,84.1
2019,процент,г_Алматы,89.0
2019,процент,г_Шымкент,77.3
2020,процент,,81.4
2020,процент,Акмолинская,47.0
2020,процент,Актюбинская,75.4
2020,процент,Алматинская,85.7
2020,процент,Атырауская,87.0
2020,процент,Западно-Казахстанская,90.8
2020,процент,Жымбылская,96.6
2020,процент,Карагандинская,70.9
2020,процент,Костанайская,47.0
2020,процент,Кызылординская,70.9
2020,процент,Мангистауская,88.5
2020,процент,Павлодарская,80.0
2020,процент,Северо-Казахстанская,65.0
2020,процент,Туркестанская,95.3
2020,процент,Восточно-Казахстанская,70.4
2020,процент,г_Нур-Султан,100.0
2020,процент,г_Алматы,100.0
2020,процент,г_Шымкент,100.0
2021,процент,,82.0
2021,процент,Акмолинская,51.0
2021,процент,Актюбинская,75.0
2021,процент,Алматинская,87.7
2021,процент,Атырауская,98.0
2021,процент,Западно-Казахстанская,74.8
2021,процент,Жымбылская,97.3
2021,процент,Карагандинская,82.0
2021,процент,Костанайская,70.0
2021,процент,Кызылординская,70.8
2021,процент,Мангистауская,88.5
2021,процент,Павлодарская,80.0
2021,процент,Северо-Казахстанская,65.0
2021,процент,Туркестанская,97.0
2021,процент,Восточно-Казахстанская,59.0
2021,процент,г_Нур-Султан,100.0
2021,процент,г_Алматы,100.0
2021,процент,г_Шымкент,99.0
