Year,UNIT_MEASURE,Value
2010,тонн на душу населения,55.77
2011,тонн на душу населения,25.41
2012,тонн на душу населения,21.2
2013,тонн на душу населения,10.6
2014,тонн на душу населения,8.58
2015,тонн на душу населения,14.34
2016,тонн на душу населения,8.51
2017,тонн на душу населения,7.0
2018,тонн на душу населения,8.2
2019,тонн на душу населения,9.75
2020,тонн на душу населения,7.4
2021,тонн на душу населения,2.2
2022,тонн на душу населения,2.37
