Year,UNIT_MEASURE,Регионы,GeoCode,Value
2010,тыс.гектар,,,13.16889724587988
2010,тыс.гектар,Акмолинская,KZAKM,571.6
2010,тыс.гектар,Актюбинская,KZAKT,2582.5
2010,тыс.гектар,Алматинская,KZALM,5767.9
2010,тыс.гектар,Атырауская,KZATY,3133.9
2010,тыс.гектар,Западно-Казахстанская,KZZAP,1875.9
2010,тыс.гектар,Жымбылская,KZZHA,2636.7
2010,тыс.гектар,Карагандинская,KZKAR,960.1
2010,тыс.гектар,Костанайская,KZKUS,769.9
2010,тыс.гектар,Кызылординская,KZKZY,2849.6
2010,тыс.гектар,Мангистауская,KZMAN,1456.3
2010,тыс.гектар,Павлодарская,KZPAV,1297.2
2010,тыс.гектар,Северо-Казахстанская,KZSEV,56.0
2010,тыс.гектар,Туркестанская,KZYUZ,4066.6
2010,тыс.гектар,Восточно-Казахстанская,KZVOS,1292.6
2010,тыс.гектар,г_Алматы,KZALA,0.1
2010,тыс.гектар,г_Шымкент,KZSHY,23.2
2011,тыс.гектар,,,21.991983967935877
2011,тыс.гектар,Акмолинская,KZAKM,571.6
2011,тыс.гектар,Актюбинская,KZAKT,2582.5
2011,тыс.гектар,Алматинская,KZALM,5767.9
2011,тыс.гектар,Атырауская,KZATY,3133.9
2011,тыс.гектар,Западно-Казахстанская,KZZAP,1875.9
2011,тыс.гектар,Жымбылская,KZZHA,2636.7
2011,тыс.гектар,Карагандинская,KZKAR,960.1
2011,тыс.гектар,Костанайская,KZKUS,769.9
2011,тыс.гектар,Кызылординская,KZKZY,2849.6
2011,тыс.гектар,Мангистауская,KZMAN,1456.3
2011,тыс.гектар,Павлодарская,KZPAV,1297.2
2011,тыс.гектар,Северо-Казахстанская,KZSEV,56.0
2011,тыс.гектар,Туркестанская,KZYUZ,4066.6
2011,тыс.гектар,Восточно-Казахстанская,KZVOS,1292.6
2011,тыс.гектар,г_Алматы,KZALA,0.1
2011,тыс.гектар,г_Шымкент,KZSHY,23.2
2012,тыс.гектар,,,27.2749298648304
2012,тыс.гектар,Акмолинская,KZAKM,571.6
2012,тыс.гектар,Актюбинская,KZAKT,2582.5
2012,тыс.гектар,Алматинская,KZALM,5767.9
2012,тыс.гектар,Атырауская,KZATY,3133.9
2012,тыс.гектар,Западно-Казахстанская,KZZAP,1875.9
2012,тыс.гектар,Жымбылская,KZZHA,2636.7
2012,тыс.гектар,Карагандинская,KZKAR,960.1
2012,тыс.гектар,Костанайская,KZKUS,769.9
2012,тыс.гектар,Кызылординская,KZKZY,2849.6
2012,тыс.гектар,Мангистауская,KZMAN,1456.3
2012,тыс.гектар,Павлодарская,KZPAV,1297.2
2012,тыс.гектар,Северо-Казахстанская,KZSEV,56.0
2012,тыс.гектар,Туркестанская,KZYUZ,4066.6
2012,тыс.гектар,Восточно-Казахстанская,KZVOS,1292.6
2012,тыс.гектар,г_Алматы,KZALA,0.1
2012,тыс.гектар,г_Шымкент,KZSHY,23.2
2013,тыс.гектар,,,17.15395157606213
2013,тыс.гектар,Акмолинская,KZAKM,571.6
2013,тыс.гектар,Актюбинская,KZAKT,2582.5
2013,тыс.гектар,Алматинская,KZALM,5767.9
2013,тыс.гектар,Атырауская,KZATY,3133.9
2013,тыс.гектар,Западно-Казахстанская,KZZAP,1875.9
2013,тыс.гектар,Жымбылская,KZZHA,2636.7
2013,тыс.гектар,Карагандинская,KZKAR,960.1
2013,тыс.гектар,Костанайская,KZKUS,769.9
2013,тыс.гектар,Кызылординская,KZKZY,2849.6
2013,тыс.гектар,Мангистауская,KZMAN,1456.3
2013,тыс.гектар,Павлодарская,KZPAV,1297.2
2013,тыс.гектар,Северо-Казахстанская,KZSEV,56.0
2013,тыс.гектар,Туркестанская,KZYUZ,4066.6
2013,тыс.гектар,Восточно-Казахстанская,KZVOS,1292.6
2013,тыс.гектар,г_Алматы,KZALA,0.1
2013,тыс.гектар,г_Шымкент,KZSHY,23.2
2014,тыс.гектар,,,21.348751156336725
2014,тыс.гектар,Акмолинская,KZAKM,571.6
2014,тыс.гектар,Актюбинская,KZAKT,2582.5
2014,тыс.гектар,Алматинская,KZALM,5767.9
2014,тыс.гектар,Атырауская,KZATY,3133.9
2014,тыс.гектар,Западно-Казахстанская,KZZAP,1875.9
2014,тыс.гектар,Жымбылская,KZZHA,2636.7
2014,тыс.гектар,Карагандинская,KZKAR,960.1
2014,тыс.гектар,Костанайская,KZKUS,769.9
2014,тыс.гектар,Кызылординская,KZKZY,2849.6
2014,тыс.гектар,Мангистауская,KZMAN,1456.3
2014,тыс.гектар,Павлодарская,KZPAV,1297.2
2014,тыс.гектар,Северо-Казахстанская,KZSEV,56.0
2014,тыс.гектар,Туркестанская,KZYUZ,4066.6
2014,тыс.гектар,Восточно-Казахстанская,KZVOS,1292.6
2014,тыс.гектар,г_Алматы,KZALA,0.1
2014,тыс.гектар,г_Шымкент,KZSHY,23.2
2015,тыс.гектар,,,18.7378892733564
2015,тыс.гектар,Акмолинская,KZAKM,571.6
2015,тыс.гектар,Актюбинская,KZAKT,2582.5
2015,тыс.гектар,Алматинская,KZALM,5767.9
2015,тыс.гектар,Атырауская,KZATY,3133.9
2015,тыс.гектар,Западно-Казахстанская,KZZAP,1875.9
2015,тыс.гектар,Жымбылская,KZZHA,2636.7
2015,тыс.гектар,Карагандинская,KZKAR,960.1
2015,тыс.гектар,Костанайская,KZKUS,769.9
2015,тыс.гектар,Кызылординская,KZKZY,2849.6
2015,тыс.гектар,Мангистауская,KZMAN,1456.3
2015,тыс.гектар,Павлодарская,KZPAV,1297.2
2015,тыс.гектар,Северо-Казахстанская,KZSEV,56.0
2015,тыс.гектар,Туркестанская,KZYUZ,4066.6
2015,тыс.гектар,Восточно-Казахстанская,KZVOS,1292.6
2015,тыс.гектар,г_Алматы,KZALA,0.1
2015,тыс.гектар,г_Шымкент,KZSHY,23.2
2016,тыс.гектар,,,13.521250000000002
2016,тыс.гектар,Акмолинская,KZAKM,571.6
2016,тыс.гектар,Актюбинская,KZAKT,2582.5
2016,тыс.гектар,Алматинская,KZALM,5767.9
2016,тыс.гектар,Атырауская,KZATY,3133.9
2016,тыс.гектар,Западно-Казахстанская,KZZAP,1875.9
2016,тыс.гектар,Жымбылская,KZZHA,2636.7
2016,тыс.гектар,Карагандинская,KZKAR,960.1
2016,тыс.гектар,Костанайская,KZKUS,769.9
2016,тыс.гектар,Кызылординская,KZKZY,2849.6
2016,тыс.гектар,Мангистауская,KZMAN,1456.3
2016,тыс.гектар,Павлодарская,KZPAV,1297.2
2016,тыс.гектар,Северо-Казахстанская,KZSEV,56.0
2016,тыс.гектар,Туркестанская,KZYUZ,4066.6
2016,тыс.гектар,Восточно-Казахстанская,KZVOS,1292.6
2016,тыс.гектар,г_Алматы,KZALA,0.1
2016,тыс.гектар,г_Шымкент,KZSHY,23.2
2017,тыс.гектар,,,18.38984438984439
2017,тыс.гектар,Акмолинская,KZAKM,571.6
2017,тыс.гектар,Актюбинская,KZAKT,2582.5
2017,тыс.гектар,Алматинская,KZALM,5767.9
2017,тыс.гектар,Атырауская,KZATY,3133.9
2017,тыс.гектар,Западно-Казахстанская,KZZAP,1875.9
2017,тыс.гектар,Жымбылская,KZZHA,2636.7
2017,тыс.гектар,Карагандинская,KZKAR,960.1
2017,тыс.гектар,Костанайская,KZKUS,769.9
2017,тыс.гектар,Кызылординская,KZKZY,2849.6
2017,тыс.гектар,Мангистауская,KZMAN,1456.3
2017,тыс.гектар,Павлодарская,KZPAV,1297.2
2017,тыс.гектар,Северо-Казахстанская,KZSEV,56.0
2017,тыс.гектар,Туркестанская,KZYUZ,4066.6
2017,тыс.гектар,Восточно-Казахстанская,KZVOS,1292.6
2017,тыс.гектар,г_Алматы,KZALA,0.1
2017,тыс.гектар,г_Шымкент,KZSHY,23.2
2018,тыс.гектар,,,21.266485998193318
2018,тыс.гектар,Акмолинская,KZAKM,571.6
2018,тыс.гектар,Актюбинская,KZAKT,2582.5
2018,тыс.гектар,Алматинская,KZALM,5767.9
2018,тыс.гектар,Атырауская,KZATY,3133.9
2018,тыс.гектар,Западно-Казахстанская,KZZAP,1875.9
2018,тыс.гектар,Жымбылская,KZZHA,2636.7
2018,тыс.гектар,Карагандинская,KZKAR,960.1
2018,тыс.гектар,Костанайская,KZKUS,769.9
2018,тыс.гектар,Кызылординская,KZKZY,2849.6
2018,тыс.гектар,Мангистауская,KZMAN,1456.3
2018,тыс.гектар,Павлодарская,KZPAV,1297.2
2018,тыс.гектар,Северо-Казахстанская,KZSEV,56.0
2018,тыс.гектар,Туркестанская,KZYUZ,4066.6
2018,тыс.гектар,Восточно-Казахстанская,KZVOS,1292.6
2018,тыс.гектар,г_Алматы,KZALA,0.1
2018,тыс.гектар,г_Шымкент,KZSHY,23.2
2019,тыс.гектар,Акмолинская,KZAKM,571.6
2019,тыс.гектар,Актюбинская,KZAKT,2582.5
2019,тыс.гектар,Алматинская,KZALM,5767.9
2019,тыс.гектар,Атырауская,KZATY,3133.9
2019,тыс.гектар,Западно-Казахстанская,KZZAP,1875.9
2019,тыс.гектар,Жымбылская,KZZHA,2636.7
2019,тыс.гектар,Карагандинская,KZKAR,960.1
2019,тыс.гектар,Костанайская,KZKUS,769.9
2019,тыс.гектар,Кызылординская,KZKZY,2849.6
2019,тыс.гектар,Мангистауская,KZMAN,1456.3
2019,тыс.гектар,Павлодарская,KZPAV,1297.2
2019,тыс.гектар,Северо-Казахстанская,KZSEV,56.0
2019,тыс.гектар,Туркестанская,KZYUZ,4066.6
2019,тыс.гектар,Восточно-Казахстанская,KZVOS,1292.6
2019,тыс.гектар,г_Алматы,KZALA,0.1
2019,тыс.гектар,г_Шымкент,KZSHY,23.2
2020,тыс.гектар,Акмолинская,KZAKM,571.6
2020,тыс.гектар,Актюбинская,KZAKT,2582.5
2020,тыс.гектар,Алматинская,KZALM,5767.9
2020,тыс.гектар,Атырауская,KZATY,3133.9
2020,тыс.гектар,Западно-Казахстанская,KZZAP,1875.9
2020,тыс.гектар,Жымбылская,KZZHA,2636.7
2020,тыс.гектар,Карагандинская,KZKAR,960.1
2020,тыс.гектар,Костанайская,KZKUS,769.9
2020,тыс.гектар,Кызылординская,KZKZY,2849.6
2020,тыс.гектар,Мангистауская,KZMAN,1456.3
2020,тыс.гектар,Павлодарская,KZPAV,1297.2
2020,тыс.гектар,Северо-Казахстанская,KZSEV,56.0
2020,тыс.гектар,Туркестанская,KZYUZ,4066.6
2020,тыс.гектар,Восточно-Казахстанская,KZVOS,1292.6
2020,тыс.гектар,г_Алматы,KZALA,0.1
2020,тыс.гектар,г_Шымкент,KZSHY,23.2
