Year,UNIT_MEASURE,COMPOSITE_BREAKDOWN,Value
2010,процент,,27.2
2010,процент,Корпоративный подоходный налог,12.3
2010,процент,Поступления за использование природных и других ресурсов,14.9
2011,процент,,38.4
2011,процент,Корпоративный подоходный налог,13.6
2011,процент,Поступления за использование природных и других ресурсов,24.8
2012,процент,,36.8
2012,процент,Корпоративный подоходный налог,12.8
2012,процент,Поступления за использование природных и других ресурсов,24.0
2013,процент,,34.6
2013,процент,Корпоративный подоходный налог,12.6
2013,процент,Поступления за использование природных и других ресурсов,22.0
2014,процент,,32.0
2014,процент,Корпоративный подоходный налог,12.1
2014,процент,Поступления за использование природных и других ресурсов,19.9
2015,процент,,12.9
2015,процент,Корпоративный подоходный налог,4.5
2015,процент,Поступления за использование природных и других ресурсов,8.4
2016,процент,,14.1
2016,процент,Корпоративный подоходный налог,5.5
2016,процент,Поступления за использование природных и других ресурсов,8.6
2017,процент,,18.5
2017,процент,Корпоративный подоходный налог,7.2
2017,процент,Поступления за использование природных и других ресурсов,11.3
2018,процент,,24.1
2018,процент,Корпоративный подоходный налог,10.4
2018,процент,Поступления за использование природных и других ресурсов,13.8
2019,процент,,22.6
2019,процент,Корпоративный подоходный налог,9.9
2019,процент,Поступления за использование природных и других ресурсов,12.7
2020,процент,,12.6
2020,процент,Корпоративный подоходный налог,3.9
2020,процент,Поступления за использование природных и других ресурсов,8.7
2021,процент,,18.6
2021,процент,Корпоративный подоходный налог,6.9
2021,процент,Поступления за использование природных и других ресурсов,11.7
