Year,Регионы,GeoCode,Value
2010,,,22.7
2010,Актюбинская,KZAKT,34.5
2010,Алматинская,KZALM,16.1
2010,Атырауская,KZATY,20.4
2010,Западно-Казахстанская,KZZAP,8.3
2010,Жымбылская,KZZHA,29.4
2010,Карагандинская,KZKAR,4.2
2010,Костанайская,KZKUS,15.4
2010,Кызылординская,KZKZY,35.0
2010,Мангистауская,KZMAN,6.5
2010,Южно-Казахстанская,KZONT,26.7
2010,Павлодарская,KZPAV,16.3
2010,Северо-Казахстанская,KZSEV,24.0
2010,Восточно-Казахстанская,KZVOS,21.5
2010,г_Нур-Султан,KZNS,27.6
2010,г_Алматы,KZALA,6.0
2011,,,17.4
2011,Акмолинская,KZAKM,23.3
2011,Актюбинская,KZAKT,16.9
2011,Алматинская,KZALM,18.9
2011,Атырауская,KZATY,6.6
2011,Жымбылская,KZZHA,22.5
2011,Карагандинская,KZKAR,8.2
2011,Костанайская,KZKUS,15.7
2011,Кызылординская,KZKZY,10.4
2011,Мангистауская,KZMAN,24.7
2011,Южно-Казахстанская,KZONT,16.8
2011,Павлодарская,KZPAV,7.8
2011,Восточно-Казахстанская,KZVOS,22.4
2011,г_Нур-Султан,KZNS,10.4
2011,г_Алматы,KZALA,15.5
2012,,,13.5
2012,Акмолинская,KZAKM,8.2
2012,Алматинская,KZALM,7.9
2012,Атырауская,KZATY,6.4
2012,Жымбылская,KZZHA,18.7
2012,Карагандинская,KZKAR,16.2
2012,Кызылординская,KZKZY,15.0
2012,Мангистауская,KZMAN,5.9
2012,Южно-Казахстанская,KZONT,20.6
2012,Павлодарская,KZPAV,15.5
2012,Северо-Казахстанская,KZSEV,12.2
2012,Восточно-Казахстанская,KZVOS,13.2
2012,г_Алматы,KZALA,13.0
2013,,,13.1
2013,Акмолинская,KZAKM,25.4
2013,Актюбинская,KZAKT,21.3
2013,Алматинская,KZALM,5.1
2013,Атырауская,KZATY,25.3
2013,Западно-Казахстанская,KZZAP,7.9
2013,Жымбылская,KZZHA,14.8
2013,Карагандинская,KZKAR,4.1
2013,Костанайская,KZKUS,15.3
2013,Кызылординская,KZKZY,10.6
2013,Мангистауская,KZMAN,11.0
2013,Южно-Казахстанская,KZONT,10.2
2013,Павлодарская,KZPAV,15.4
2013,Северо-Казахстанская,KZSEV,12.5
2013,Восточно-Казахстанская,KZVOS,8.9
2013,г_Нур-Султан,KZNS,17.7
2013,г_Алматы,KZALA,10.2
2014,,,11.7
2014,Акмолинская,KZAKM,16.9
2014,Актюбинская,KZAKT,5.1
2014,Алматинская,KZALM,9.7
2014,Атырауская,KZATY,6.1
2014,Западно-Казахстанская,KZZAP,15.4
2014,Жымбылская,KZZHA,18.1
2014,Карагандинская,KZKAR,16.1
2014,Костанайская,KZKUS,7.9
2014,Кызылординская,KZKZY,5.0
2014,Мангистауская,KZMAN,21.2
2014,Южно-Казахстанская,KZONT,16.4
2014,Павлодарская,KZPAV,15.5
2014,Северо-Казахстанская,KZSEV,0.0
2014,Восточно-Казахстанская,KZVOS,4.3
2014,г_Нур-Султан,KZNS,16.3
2014,г_Алматы,KZALA,4.8
2015,,,12.5
2015,Акмолинская,KZAKM,25.9
2015,Актюбинская,KZAKT,10.0
2015,Алматинская,KZALM,9.8
2015,Атырауская,KZATY,30.6
2015,Западно-Казахстанская,KZZAP,7.7
2015,Жымбылская,KZZHA,3.8
2015,Карагандинская,KZKAR,28.6
2015,Костанайская,KZKUS,0.0
2015,Кызылординская,KZKZY,46.8
2015,Мангистауская,KZMAN,5.2
2015,Южно-Казахстанская,KZONT,11.4
2015,Павлодарская,KZPAV,15.6
2015,Северо-Казахстанская,KZSEV,0.0
2015,Восточно-Казахстанская,KZVOS,13.4
2015,г_Нур-Султан,KZNS,7.7
2015,г_Алматы,KZALA,2.4
2016,,,12.7
2016,Акмолинская,KZAKM,0.0
2016,Актюбинская,KZAKT,15.1
2016,Алматинская,KZALM,4.8
2016,Атырауская,KZATY,30.1
2016,Западно-Казахстанская,KZZAP,22.8
2016,Жымбылская,KZZHA,11.5
2016,Карагандинская,KZKAR,16.8
2016,Костанайская,KZKUS,24.5
2016,Кызылординская,KZKZY,5.3
2016,Мангистауская,KZMAN,5.1
2016,Южно-Казахстанская,KZONT,17.7
2016,Павлодарская,KZPAV,6.0
2016,Северо-Казахстанская,KZSEV,0.0
2016,Восточно-Казахстанская,KZVOS,13.3
2016,г_Нур-Султан,KZNS,11.0
2016,г_Алматы,KZALA,9.1
2017,,,12.5
2017,Акмолинская,KZAKM,17.8
2017,Актюбинская,KZAKT,5.3
2017,Алматинская,KZALM,17.6
2017,Атырауская,KZATY,18.4
2017,Западно-Казахстанская,KZZAP,7.8
2017,Жымбылская,KZZHA,12.2
2017,Карагандинская,KZKAR,13.2
2017,Костанайская,KZKUS,17.1
2017,Кызылординская,KZKZY,0.0
2017,Мангистауская,KZMAN,10.3
2017,Южно-Казахстанская,KZONT,0.0
2017,Павлодарская,KZPAV,16.8
2017,Северо-Казахстанская,KZSEV,14.2
2017,Восточно-Казахстанская,KZVOS,18.4
2017,г_Нур-Султан,KZNS,7.3
2017,г_Алматы,KZALA,11.3
2018,,,14.0
2018,Акмолинская,KZAKM,35.9
2018,Актюбинская,KZAKT,5.1
2018,Алматинская,KZALM,14.8
2018,Атырауская,KZATY,5.9
2018,Западно-Казахстанская,KZZAP,7.6
2018,Жымбылская,KZZHA,8.0
2018,Карагандинская,KZKAR,26.2
2018,Костанайская,KZKUS,8.7
2018,Кызылординская,KZKZY,10.7
2018,Мангистауская,KZMAN,25.1
2018,Павлодарская,KZPAV,8.5
2018,Северо-Казахстанская,KZSEV,14.8
2018,Туркестанская,KZYUZ,10.3
2018,Восточно-Казахстанская,KZVOS,14.0
2018,г_Нур-Султан,KZNS,29.0
2018,г_Алматы,KZALA,8.9
2018,г_Шымкент,KZSHY,19.6
2019,,,13.7
2019,Акмолинская,KZAKM,17.2
2019,Актюбинская,KZAKT,4.9
2019,Алматинская,KZALM,25.4
2019,Атырауская,KZATY,17.8
2019,Западно-Казахстанская,KZZAP,7.6
2019,Жымбылская,KZZHA,11.8
2019,Карагандинская,KZKAR,39.5
2019,Костанайская,KZKUS,26.6
2019,Кызылординская,KZKZY,5.3
2019,Мангистауская,KZMAN,4.9
2019,Павлодарская,KZPAV,0.0
2019,Северо-Казахстанская,KZSEV,0.0
2019,Туркестанская,KZYUZ,9.3
2019,Восточно-Казахстанская,KZVOS,23.4
2019,г_Нур-Султан,KZNS,3.3
2019,г_Алматы,KZALA,15.4
2019,г_Шымкент,KZSHY,7.1
2020,,,36.5
2020,Акмолинская,KZAKM,25.5
2020,Актюбинская,KZAKT,70.3
2020,Алматинская,KZALM,30.4
2020,Атырауская,KZATY,50.6
2020,Западно-Казахстанская,KZZAP,21.9
2020,Жымбылская,KZZHA,28.9
2020,Карагандинская,KZKAR,51.5
2020,Костанайская,KZKUS,94.4
2020,Кызылординская,KZKZY,56.0
2020,Мангистауская,KZMAN,36.8
2020,Павлодарская,KZPAV,25.7
2020,Северо-Казахстанская,KZSEV,76.7
2020,Туркестанская,KZYUZ,16.3
2020,Восточно-Казахстанская,KZVOS,45.0
2020,г_Нур-Султан,KZNS,19.2
2020,г_Алматы,KZALA,23.0
2020,г_Шымкент,KZSHY,53.3
2021,,,44.7
2021,Акмолинская,KZAKM,40.5
2021,Актюбинская,KZAKT,53.9
2021,Алматинская,KZALM,51.9
2021,Атырауская,KZATY,110.0
2021,Западно-Казахстанская,KZZAP,63.3
2021,Жымбылская,KZZHA,27.8
2021,Карагандинская,KZKAR,50.5
2021,Костанайская,KZKUS,54.2
2021,Кызылординская,KZKZY,43.0
2021,Мангистауская,KZMAN,38.8
2021,Павлодарская,KZPAV,26.1
2021,Северо-Казахстанская,KZSEV,49.6
2021,Туркестанская,KZYUZ,23.1
2021,Восточно-Казахстанская,KZVOS,71.2
2021,г_Нур-Султан,KZNS,14.9
2021,г_Алматы,KZALA,53.8
2021,г_Шымкент,KZSHY,44.9
2022,,,17.0
2022,Акмолинская,KZAKM,17.7
2022,Актюбинская,KZAKT,14.7
2022,Алматинская,KZALM,10.5
2022,Атырауская,KZATY,40.9
2022,Западно-Казахстанская,KZZAP,23.8
2022,Жымбылская,KZZHA,11.8
2022,Карагандинская,KZKAR,22.2
2022,Костанайская,KZKUS,19.2
2022,Кызылординская,KZKZY,29.2
2022,Мангистауская,KZMAN,13.9
2022,Павлодарская,KZPAV,37.3
2022,Северо-Казахстанская,KZSEV,0.0
2022,Туркестанская,KZYUZ,5.2
2022,Восточно-Казахстанская,KZVOS,10.1
2022,г_Нур-Султан,KZNS,15.0
2022,г_Алматы,KZALA,10.0
2022,г_Шымкент,KZSHY,16.1
2023,,,11.4
2023,Акмолинская,KZAKM,28.7
2023,Актюбинская,KZAKT,10.2
2023,Алматинская,KZALM,3.7
2023,Атырауская,KZATY,24.3
2023,Западно-Казахстанская,KZZAP,0.0
2023,Жымбылская,KZZHA,16.3
2023,Карагандинская,KZKAR,5.9
2023,Костанайская,KZKUS,20.8
2023,Кызылординская,KZKZY,10.3
2023,Мангистауская,KZMAN,9.6
2023,Павлодарская,KZPAV,0.0
2023,Северо-Казахстанская,KZSEV,19.1
2023,Туркестанская,KZYUZ,3.7
2023,Восточно-Казахстанская,KZVOS,33.9
2023,г_Нур-Султан,KZNS,9.1
2023,г_Алматы,KZALA,16.3
2023,г_Шымкент,KZSHY,0.0
