Year,Возраст,Местность,Регионы,Value
2010,в возрасте от 10 до -14 лет,,,0.04436450945718248
2010,в возрасте от 10 до -14 лет,,Акмолинская,0.1219586560156107
2010,в возрасте от 10 до -14 лет,,Актюбинская,0.0
2010,в возрасте от 10 до -14 лет,,Алматинская,0.04647056089967006
2010,в возрасте от 10 до -14 лет,,Атырауская,0.0
2010,в возрасте от 10 до -14 лет,,Западно-Казахстанская,0.0
2010,в возрасте от 10 до -14 лет,,Жымбылская,0.02418379685610641
2010,в возрасте от 10 до -14 лет,,Карагандинская,0.07157513002815287
2010,в возрасте от 10 до -14 лет,,Костанайская,0.11716232840600653
2010,в возрасте от 10 до -14 лет,,Кызылординская,0.03258390355164549
2010,в возрасте от 10 до -14 лет,,Мангистауская,0.0
2010,в возрасте от 10 до -14 лет,,Южно-Казахстанская,0.008484066922319882
2010,в возрасте от 10 до -14 лет,,Павлодарская,0.09388349058818007
2010,в возрасте от 10 до -14 лет,,Северо-Казахстанская,0.05752085130859936
2010,в возрасте от 10 до -14 лет,,Восточно-Казахстанская,0.07491852610286315
2010,в возрасте от 10 до -14 лет,,г.Нур-Султан,0.11965300628178285
2010,в возрасте от 10 до -14 лет,,г.Алматы,0.05917947655752985
2010,в возрасте от 10 до -14 лет,городское население,,0.06078265263093913
2010,в возрасте от 10 до -14 лет,городское население,Акмолинская,0.29804778699518153
2010,в возрасте от 10 до -14 лет,городское население,Актюбинская,0.0
2010,в возрасте от 10 до -14 лет,городское население,Алматинская,0.20984890878567436
2010,в возрасте от 10 до -14 лет,городское население,Атырауская,0.0
2010,в возрасте от 10 до -14 лет,городское население,Западно-Казахстанская,0.0
2010,в возрасте от 10 до -14 лет,городское население,Жымбылская,0.06430454633142563
2010,в возрасте от 10 до -14 лет,городское население,Карагандинская,0.09907693323865982
2010,в возрасте от 10 до -14 лет,городское население,Костанайская,0.27879745364992337
2010,в возрасте от 10 до -14 лет,городское население,Кызылординская,0.08592172530824417
2010,в возрасте от 10 до -14 лет,городское население,Мангистауская,0.0
2010,в возрасте от 10 до -14 лет,городское население,Южно-Казахстанская,0.0
2010,в возрасте от 10 до -14 лет,городское население,Павлодарская,0.0
2010,в возрасте от 10 до -14 лет,городское население,Северо-Казахстанская,0.0
2010,в возрасте от 10 до -14 лет,городское население,Восточно-Казахстанская,0.1009107192411514
2010,в возрасте от 10 до -14 лет,городское население,г.Нур-Султан,0.0
2010,в возрасте от 10 до -14 лет,городское население,г.Алматы,0.0
2010,в возрасте от 10 до -14 лет,сельское население,,0.029971976202250894
2010,в возрасте от 10 до -14 лет,сельское население,Акмолинская,0.0
2010,в возрасте от 10 до -14 лет,сельское население,Актюбинская,0.0
2010,в возрасте от 10 до -14 лет,сельское население,Алматинская,0.0
2010,в возрасте от 10 до -14 лет,сельское население,Атырауская,0.0
2010,в возрасте от 10 до -14 лет,сельское население,Западно-Казахстанская,0.0
2010,в возрасте от 10 до -14 лет,сельское население,Жымбылская,0.0
2010,в возрасте от 10 до -14 лет,сельское население,Карагандинская,0.0
2010,в возрасте от 10 до -14 лет,сельское население,Костанайская,0.0
2010,в возрасте от 10 до -14 лет,сельское население,Кызылординская,0.0
2010,в возрасте от 10 до -14 лет,сельское население,Мангистауская,0.0
2010,в возрасте от 10 до -14 лет,сельское население,Южно-Казахстанская,0.013003224799750338
2010,в возрасте от 10 до -14 лет,сельское население,Павлодарская,0.2499843759765015
2010,в возрасте от 10 до -14 лет,сельское население,Северо-Казахстанская,0.08231468905626209
2010,в возрасте от 10 до -14 лет,сельское население,Восточно-Казахстанская,0.04944620253164557
2010,в возрасте от 15 до - 19 лет,,,28.263559874848422
2010,,,Акмолинская,33.42636895268473
2010,,,Актюбинская,21.83937167468964
2010,,,Алматинская,30.74913704636627
2010,,,Атырауская,42.38024950967507
2010,,,Западно-Казахстанская,26.085191949379233
2010,,,Жымбылская,36.693411909928926
2010,,,Карагандинская,29.272619751626262
2010,,,Костанайская,25.81521739130435
2010,,,Кызылординская,23.190213616454283
2010,,,Мангистауская,39.68056934789804
2010,,,Южно-Казахстанская,30.066937342258313
2010,,,Павлодарская,27.558505064617528
2010,,,Северо-Казахстанская,31.21505777115169
2010,,,Восточно-Казахстанская,24.938870893522573
2010,,,г.Нур-Султан,22.602739726027398
2010,,,г.Алматы,13.971177977283899
2010,,городское население,,25.75986729765332
2010,,городское население,Акмолинская,31.138429828112926
2010,,городское население,Актюбинская,20.66295368434129
2010,,городское население,Алматинская,32.142952966113064
2010,,городское население,Атырауская,49.518066785436936
2010,,городское население,Западно-Казахстанская,30.549045865416804
2010,,городское население,Жымбылская,27.976146653905612
2010,,городское население,Карагандинская,29.81473502800517
2010,,городское население,Костанайская,21.052010850336124
2010,,городское население,Кызылординская,29.322548028311427
2010,,городское население,Мангистауская,35.975267003934796
2010,,городское население,Южно-Казахстанская,29.42766664092068
2010,,городское население,Павлодарская,25.58139534883721
2010,,городское население,Северо-Казахстанская,25.0826729893305
2010,,городское население,Восточно-Казахстанская,22.30483271375465
2010,,городское население,г.Нур-Султан,22.602739726027398
2010,,городское население,г.Алматы,13.971177977283899
2010,,сельское население,,31.026544706337727
2010,,сельское население,Акмолинская,35.308724222511586
2010,,сельское население,Актюбинская,23.693743676772947
2010,,сельское население,Алматинская,30.32854575189857
2010,,сельское население,Атырауская,36.71189146049481
2010,,сельское население,Западно-Казахстанская,22.56606512487216
2010,,сельское население,Жымбылская,42.64299472405996
2010,,сельское население,Карагандинская,27.6408907332617
2010,,сельское население,Костанайская,30.21230266739249
2010,,сельское население,Кызылординская,18.739144262054452
2010,,сельское население,Мангистауская,43.619291506615454
2010,,сельское население,Южно-Казахстанская,30.478964038804985
2010,,сельское население,Павлодарская,31.16370808678501
2010,,сельское население,Северо-Казахстанская,34.86859224564143
2010,,сельское население,Восточно-Казахстанская,28.57756768371293
2011,в возрасте от 10 до -14 лет,,,0.021110054631062213
2011,в возрасте от 10 до -14 лет,,Акмолинская,0.0
2011,в возрасте от 10 до -14 лет,,Актюбинская,0.0781188969611749
2011,в возрасте от 10 до -14 лет,,Алматинская,0.0
2011,в возрасте от 10 до -14 лет,,Атырауская,0.04826487764853516
2011,в возрасте от 10 до -14 лет,,Западно-Казахстанская,0.0517170045510964
2011,в возрасте от 10 до -14 лет,,Жымбылская,0.047963931123794906
2011,в возрасте от 10 до -14 лет,,Карагандинская,0.024278916189181314
2011,в возрасте от 10 до -14 лет,,Костанайская,0.0
2011,в возрасте от 10 до -14 лет,,Кызылординская,0.0
2011,в возрасте от 10 до -14 лет,,Мангистауская,0.0
2011,в возрасте от 10 до -14 лет,,Южно-Казахстанская,0.0
2011,в возрасте от 10 до -14 лет,,Павлодарская,0.0
2011,в возрасте от 10 до -14 лет,,Северо-Казахстанская,0.11716804827323588
2011,в возрасте от 10 до -14 лет,,Восточно-Казахстанская,0.025402309069894453
2011,в возрасте от 10 до -14 лет,,г.Нур-Султан,0.05382276164590005
2011,в возрасте от 10 до -14 лет,,г.Алматы,0.02831778215130191
2011,в возрасте от 10 до -14 лет,городское население,,0.02243409983174425
2011,в возрасте от 10 до -14 лет,городское население,Акмолинская,0.0
2011,в возрасте от 10 до -14 лет,городское население,Актюбинская,0.07179008578915251
2011,в возрасте от 10 до -14 лет,городское население,Алматинская,0.0
2011,в возрасте от 10 до -14 лет,городское население,Атырауская,0.10779346771585642
2011,в возрасте от 10 до -14 лет,городское население,Западно-Казахстанская,0.0
2011,в возрасте от 10 до -14 лет,городское население,Жымбылская,0.13025921583952066
2011,в возрасте от 10 до -14 лет,городское население,Карагандинская,0.0
2011,в возрасте от 10 до -14 лет,городское население,Костанайская,0.0
2011,в возрасте от 10 до -14 лет,городское население,Кызылординская,0.0
2011,в возрасте от 10 до -14 лет,городское население,Мангистауская,0.0
2011,в возрасте от 10 до -14 лет,городское население,Южно-Казахстанская,0.0
2011,в возрасте от 10 до -14 лет,городское население,Павлодарская,0.0
2011,в возрасте от 10 до -14 лет,городское население,Северо-Казахстанская,0.0
2011,в возрасте от 10 до -14 лет,городское население,Восточно-Казахстанская,0.0
2011,в возрасте от 10 до -14 лет,городское население,г.Нур-Султан,0.05382276164590005
2011,в возрасте от 10 до -14 лет,городское население,г.Алматы,0.02831778215130191
2011,в возрасте от 10 до -14 лет,сельское население,,0.019933587929548056
2011,в возрасте от 10 до -14 лет,сельское население,Акмолинская,0.0
2011,в возрасте от 10 до -14 лет,сельское население,Актюбинская,0.08567144998929106
2011,в возрасте от 10 до -14 лет,сельское население,Алматинская,0.0
2011,в возрасте от 10 до -14 лет,сельское население,Атырауская,0.0
2011,в возрасте от 10 до -14 лет,сельское население,Западно-Казахстанская,0.08596234849136078
2011,в возрасте от 10 до -14 лет,сельское население,Жымбылская,0.0
2011,в возрасте от 10 до -14 лет,сельское население,Карагандинская,0.08908289163066233
2011,в возрасте от 10 до -14 лет,сельское население,Костанайская,0.0
2011,в возрасте от 10 до -14 лет,сельское население,Кызылординская,0.0
2011,в возрасте от 10 до -14 лет,сельское население,Мангистауская,0.0
2011,в возрасте от 10 до -14 лет,сельское население,Южно-Казахстанская,0.0
2011,в возрасте от 10 до -14 лет,сельское население,Павлодарская,0.0
2011,в возрасте от 10 до -14 лет,сельское население,Северо-Казахстанская,0.1714310204431492
2011,в возрасте от 10 до -14 лет,сельское население,Восточно-Казахстанская,0.0506701122342986
2011,в возрасте от 15 до - 19 лет,,,31.680974017933693
2011,,,Акмолинская,32.29680542468082
2011,,,Актюбинская,26.613500083072786
2011,,,Алматинская,35.26154742823838
2011,,,Атырауская,49.18951640024213
2011,,,Западно-Казахстанская,29.708314441781635
2011,,,Жымбылская,41.57690415003554
2011,,,Карагандинская,31.144693053142728
2011,,,Костанайская,29.525140135000925
2011,,,Кызылординская,26.377580581221604
2011,,,Мангистауская,49.601769911504434
2011,,,Южно-Казахстанская,32.65544544156067
2011,,,Павлодарская,30.65927595378773
2011,,,Северо-Казахстанская,31.558592239267753
2011,,,Восточно-Казахстанская,25.40156892043332
2011,,,г.Нур-Султан,23.458121973053004
2011,,,г.Алматы,16.570703178129392
2011,,городское население,,29.92838451785309
2011,,городское население,Акмолинская,31.75839390792661
2011,,городское население,Актюбинская,26.22163023322625
2011,,городское население,Алматинская,38.32709879192985
2011,,городское население,Атырауская,55.72597137014315
2011,,городское население,Западно-Казахстанская,34.83370055608015
2011,,городское население,Жымбылская,31.532419268560485
2011,,городское население,Карагандинская,32.23099352819856
2011,,городское население,Костанайская,28.19760884277013
2011,,городское население,Кызылординская,33.40228300007661
2011,,городское население,Мангистауская,44.577720091303775
2011,,городское население,Южно-Казахстанская,33.541230502789624
2011,,городское население,Павлодарская,29.41741972697558
2011,,городское население,Северо-Казахстанская,29.085763697822493
2011,,городское население,Восточно-Казахстанская,25.789579561456453
2011,,городское население,г.Нур-Султан,23.458121973053004
2011,,городское население,г.Алматы,16.570703178129392
2011,,сельское население,,33.390982298103474
2011,,сельское население,Акмолинская,32.69807487665667
2011,,сельское население,Актюбинская,27.15094204455907
2011,,сельское население,Алматинская,34.364939152893484
2011,,сельское население,Атырауская,44.08417521862397
2011,,сельское население,Западно-Казахстанская,26.123647037240872
2011,,сельское население,Жымбылская,47.956227872545874
2011,,сельское население,Карагандинская,28.11992554160561
2011,,сельское население,Костанайская,30.601359383096103
2011,,сельское население,Кызылординская,21.732522796352587
2011,,сельское население,Мангистауская,54.512840705254405
2011,,сельское население,Южно-Казахстанская,32.1462775341499
2011,,сельское население,Павлодарская,32.80687170961485
2011,,сельское население,Северо-Казахстанская,32.76550030693677
2011,,сельское население,Восточно-Казахстанская,24.963055587131976
2012,в возрасте от 10 до -14 лет,,,0.03010623960670625
2012,в возрасте от 10 до -14 лет,,Акмолинская,0.0
2012,в возрасте от 10 до -14 лет,,Актюбинская,0.04039506372321302
2012,в возрасте от 10 до -14 лет,,Алматинская,0.029852751304192068
2012,в возрасте от 10 до -14 лет,,Атырауская,0.14594279042615296
2012,в возрасте от 10 до -14 лет,,Западно-Казахстанская,0.05276487969607429
2012,в возрасте от 10 до -14 лет,,Жымбылская,0.0
2012,в возрасте от 10 до -14 лет,,Карагандинская,0.024758297124323786
2012,в возрасте от 10 до -14 лет,,Костанайская,0.039874793149510535
2012,в возрасте от 10 до -14 лет,,Кызылординская,0.03386157388595422
2012,в возрасте от 10 до -14 лет,,Мангистауская,0.045102947477617665
2012,в возрасте от 10 до -14 лет,,Южно-Казахстанская,0.008294212298657995
2012,в возрасте от 10 до -14 лет,,Павлодарская,0.09644364074743822
2012,в возрасте от 10 до -14 лет,,Северо-Казахстанская,0.0
2012,в возрасте от 10 до -14 лет,,Восточно-Казахстанская,0.0780365991650084
2012,в возрасте от 10 до -14 лет,,г.Нур-Султан,0.0
2012,в возрасте от 10 до -14 лет,,г.Алматы,0.0
2012,в возрасте от 10 до -14 лет,городское население,,0.03758091641064667
2012,в возрасте от 10 до -14 лет,городское население,Акмолинская,0.0
2012,в возрасте от 10 до -14 лет,городское население,Актюбинская,0.07370554634236226
2012,в возрасте от 10 до -14 лет,городское население,Алматинская,0.0
2012,в возрасте от 10 до -14 лет,городское население,Атырауская,0.2160060481693488
2012,в возрасте от 10 до -14 лет,городское население,Западно-Казахстанская,0.13100150651732495
2012,в возрасте от 10 до -14 лет,городское население,Жымбылская,0.0
2012,в возрасте от 10 до -14 лет,городское население,Карагандинская,0.033937995282618656
2012,в возрасте от 10 до -14 лет,городское население,Костанайская,0.0
2012,в возрасте от 10 до -14 лет,городское население,Кызылординская,0.08964188068665681
2012,в возрасте от 10 до -14 лет,городское население,Мангистауская,0.0
2012,в возрасте от 10 до -14 лет,городское население,Южно-Казахстанская,0.02390914524805738
2012,в возрасте от 10 до -14 лет,городское население,Павлодарская,0.07596475235490732
2012,в возрасте от 10 до -14 лет,городское население,Северо-Казахстанская,0.0
2012,в возрасте от 10 до -14 лет,городское население,Восточно-Казахстанская,0.10393929944912172
2012,в возрасте от 10 до -14 лет,городское население,г.Нур-Султан,0.0
2012,в возрасте от 10 до -14 лет,городское население,г.Алматы,0.0
2012,в возрасте от 10 до -14 лет,сельское население,,0.02344473489866013
2012,в возрасте от 10 до -14 лет,сельское население,Акмолинская,0.0
2012,в возрасте от 10 до -14 лет,сельское население,Актюбинская,0.0
2012,в возрасте от 10 до -14 лет,сельское население,Алматинская,0.03812283176394343
2012,в возрасте от 10 до -14 лет,сельское население,Атырауская,0.08851907586084799
2012,в возрасте от 10 до -14 лет,сельское население,Западно-Казахстанская,0.0
2012,в возрасте от 10 до -14 лет,сельское население,Жымбылская,0.0
2012,в возрасте от 10 до -14 лет,сельское население,Карагандинская,0.0
2012,в возрасте от 10 до -14 лет,сельское население,Костанайская,0.06948063227375369
2012,в возрасте от 10 до -14 лет,сельское население,Кызылординская,0.0
2012,в возрасте от 10 до -14 лет,сельское население,Мангистауская,0.08562743503018366
2012,в возрасте от 10 до -14 лет,сельское население,Южно-Казахстанская,0.0
2012,в возрасте от 10 до -14 лет,сельское население,Павлодарская,0.13203934772562226
2012,в возрасте от 10 до -14 лет,сельское население,Северо-Казахстанская,0.0
2012,в возрасте от 10 до -14 лет,сельское население,Восточно-Казахстанская,0.05207926464078328
2012,в возрасте от 15 до - 19 лет,,,33.82004004720621
2012,,,Акмолинская,34.511604381067265
2012,,,Актюбинская,29.61824237765821
2012,,,Алматинская,36.44040368376144
2012,,,Атырауская,54.24666526009799
2012,,,Западно-Казахстанская,34.750547298075816
2012,,,Жымбылская,45.43415498222892
2012,,,Карагандинская,32.02022329892564
2012,,,Костанайская,30.18575851393189
2012,,,Кызылординская,29.28988510077227
2012,,,Мангистауская,54.89684343150269
2012,,,Южно-Казахстанская,34.49343188599587
2012,,,Павлодарская,31.489864199960643
2012,,,Северо-Казахстанская,28.247507171151486
2012,,,Восточно-Казахстанская,25.68730423037064
2012,,,г.Нур-Султан,26.033616692426587
2012,,,г.Алматы,19.094380796508453
2012,,городское население,,32.79511883381278
2012,,городское население,Акмолинская,33.93194706994329
2012,,городское население,Актюбинская,33.32384836700496
2012,,городское население,Алматинская,40.69087629038185
2012,,городское население,Атырауская,59.6115564641954
2012,,городское население,Западно-Казахстанская,42.947889144977225
2012,,городское население,Жымбылская,35.640307054953084
2012,,городское население,Карагандинская,33.62265874828689
2012,,городское население,Костанайская,31.24866595517609
2012,,городское население,Кызылординская,35.407637582795
2012,,городское население,Мангистауская,50.36814707123763
2012,,городское население,Южно-Казахстанская,34.40895815350416
2012,,городское население,Павлодарская,32.16171158655182
2012,,городское население,Северо-Казахстанская,28.88278550544875
2012,,городское население,Восточно-Казахстанская,28.342940466154793
2012,,городское население,г.Нур-Султан,26.033616692426587
2012,,городское население,г.Алматы,19.094380796508453
2012,,сельское население,,34.76437584972138
2012,,сельское население,Акмолинская,34.91717091558377
2012,,сельское население,Актюбинская,25.2637836231238
2012,,сельское население,Алматинская,35.2402961845022
2012,,сельское население,Атырауская,50.10386373078521
2012,,сельское население,Западно-Казахстанская,29.055690072639226
2012,,сельское население,Жымбылская,51.3758755151448
2012,,сельское население,Карагандинская,27.72907066835216
2012,,сельское население,Костанайская,29.37838451311651
2012,,сельское население,Кызылординская,25.477707006369428
2012,,сельское население,Мангистауская,59.07282477080089
2012,,сельское население,Южно-Казахстанская,34.538722929451744
2012,,сельское население,Павлодарская,30.347759343449248
2012,,сельское население,Северо-Казахстанская,27.964294178055138
2012,,сельское население,Восточно-Казахстанская,22.911307992759838
2013,в возрасте от 10 до -14 лет,,,0.0379838532448611
2013,в возрасте от 10 до -14 лет,,Акмолинская,0.0876577840112202
2013,в возрасте от 10 до -14 лет,,Актюбинская,0.08223515141547254
2013,в возрасте от 10 до -14 лет,,Алматинская,0.03063279700411245
2013,в возрасте от 10 до -14 лет,,Атырауская,0.049633949621541135
2013,в возрасте от 10 до -14 лет,,Западно-Казахстанская,0.05410230746341332
2013,в возрасте от 10 до -14 лет,,Жымбылская,0.0
2013,в возрасте от 10 до -14 лет,,Карагандинская,0.025284769718959783
2013,в возрасте от 10 до -14 лет,,Костанайская,0.12152883271556175
2013,в возрасте от 10 до -14 лет,,Кызылординская,0.0343554066821266
2013,в возрасте от 10 до -14 лет,,Мангистауская,0.04595799439312469
2013,в возрасте от 10 до -14 лет,,Южно-Казахстанская,0.008469157445871497
2013,в возрасте от 10 до -14 лет,,Павлодарская,0.09851974089308144
2013,в возрасте от 10 до -14 лет,,Северо-Казахстанская,0.060560181680545035
2013,в возрасте от 10 до -14 лет,,Восточно-Казахстанская,0.05335609860207022
2013,в возрасте от 10 до -14 лет,,г.Нур-Султан,0.0
2013,в возрасте от 10 до -14 лет,,г.Алматы,0.028897140627934862
2013,в возрасте от 10 до -14 лет,городское население,,0.0307675740537048
2013,в возрасте от 10 до -14 лет,городское население,Акмолинская,0.1066098081023454
2013,в возрасте от 10 до -14 лет,городское население,Актюбинская,0.07558293337364423
2013,в возрасте от 10 до -14 лет,городское население,Алматинская,0.0
2013,в возрасте от 10 до -14 лет,городское население,Атырауская,0.11289867344058707
2013,в возрасте от 10 до -14 лет,городское население,Западно-Казахстанская,0.0
2013,в возрасте от 10 до -14 лет,городское население,Жымбылская,0.0
2013,в возрасте от 10 до -14 лет,городское население,Карагандинская,0.03467646854844302
2013,в возрасте от 10 до -14 лет,городское население,Костанайская,0.0950344499881207
2013,в возрасте от 10 до -14 лет,городское население,Кызылординская,0.0
2013,в возрасте от 10 до -14 лет,городское население,Мангистауская,0.0
2013,в возрасте от 10 до -14 лет,городское население,Южно-Казахстанская,0.0
2013,в возрасте от 10 до -14 лет,городское население,Павлодарская,0.07756748371082843
2013,в возрасте от 10 до -14 лет,городское население,Северо-Казахстанская,0.0
2013,в возрасте от 10 до -14 лет,городское население,Восточно-Казахстанская,0.05319856363878176
2013,в возрасте от 10 до -14 лет,городское население,г.Нур-Султан,0.0
2013,в возрасте от 10 до -14 лет,городское население,г.Алматы,0.028897140627934862
2013,в возрасте от 10 до -14 лет,сельское население,,0.044390947661365365
2013,в возрасте от 10 до -14 лет,сельское население,Акмолинская,0.07442691277165824
2013,в возрасте от 10 до -14 лет,сельское население,Актюбинская,0.09017132551848513
2013,в возрасте от 10 до -14 лет,сельское население,Алматинская,0.03911712645589055
2013,в возрасте от 10 до -14 лет,сельское население,Атырауская,0.0
2013,в возрасте от 10 до -14 лет,сельское население,Западно-Казахстанская,0.08987148377819719
2013,в возрасте от 10 до -14 лет,сельское население,Жымбылская,0.0
2013,в возрасте от 10 до -14 лет,сельское население,Карагандинская,0.0
2013,в возрасте от 10 до -14 лет,сельское население,Костанайская,0.1412130198404293
2013,в возрасте от 10 до -14 лет,сельское население,Кызылординская,0.05502668794365268
2013,в возрасте от 10 до -14 лет,сельское население,Мангистауская,0.0862849993528625
2013,в возрасте от 10 до -14 лет,сельское население,Южно-Казахстанская,0.012949593706497458
2013,в возрасте от 10 до -14 лет,сельское население,Павлодарская,0.1349800904366606
2013,в возрасте от 10 до -14 лет,сельское население,Северо-Казахстанская,0.08893236693494598
2013,в возрасте от 10 до -14 лет,сельское население,Восточно-Казахстанская,0.053514569341503226
2013,в возрасте от 15 до - 19 лет,,,33.61561193920943
2013,,,Акмолинская,31.21202916160389
2013,,,Актюбинская,30.866878236178387
2013,,,Алматинская,37.16566489998043
2013,,,Атырауская,51.923882194202754
2013,,,Западно-Казахстанская,31.559062118013117
2013,,,Жымбылская,46.20394407250535
2013,,,Карагандинская,30.561409196520234
2013,,,Костанайская,29.647305529945587
2013,,,Кызылординская,28.17602239154097
2013,,,Мангистауская,53.41390261115032
2013,,,Южно-Казахстанская,37.755856966707775
2013,,,Павлодарская,30.001714383679065
2013,,,Северо-Казахстанская,27.34794756071352
2013,,,Восточно-Казахстанская,26.450015404452454
2013,,,г.Нур-Султан,26.40558442427351
2013,,,г.Алматы,14.738082270953974
2013,,городское население,,30.784273157448627
2013,,городское население,Акмолинская,31.363531846401468
2013,,городское население,Актюбинская,32.718822618125486
2013,,городское население,Алматинская,37.698214819986035
2013,,городское население,Атырауская,55.261289794135315
2013,,городское население,Западно-Казахстанская,34.77985094349596
2013,,городское население,Жымбылская,35.296937735962125
2013,,городское население,Карагандинская,31.342688919385537
2013,,городское население,Костанайская,28.22847682119205
2013,,городское население,Кызылординская,30.1990391214825
2013,,городское население,Мангистауская,45.243834600407936
2013,,городское население,Южно-Казахстанская,38.465173424062
2013,,городское население,Павлодарская,27.793744716821642
2013,,городское население,Северо-Казахстанская,25.823001282599396
2013,,городское население,Восточно-Казахстанская,28.709811742532164
2013,,городское население,г.Нур-Султан,26.40558442427351
2013,,городское население,г.Алматы,14.738082270953974
2013,,сельское население,,36.291778836524564
2013,,сельское население,Акмолинская,31.105506515342583
2013,,сельское население,Актюбинская,28.700851603551367
2013,,сельское население,Алматинская,37.017117635058696
2013,,сельское население,Атырауская,49.446763668787746
2013,,сельское население,Западно-Казахстанская,29.222273354809015
2013,,сельское население,Жымбылская,52.888676681235545
2013,,сельское население,Карагандинская,28.42377260981912
2013,,сельское население,Костанайская,30.747504573611067
2013,,сельское население,Кызылординская,26.90877823019145
2013,,сельское население,Мангистауская,60.82786471479051
2013,,сельское население,Южно-Казахстанская,37.377404634041795
2013,,сельское население,Павлодарская,33.82292702908304
2013,,сельское население,Северо-Казахстанская,28.04653531278154
2013,,сельское население,Восточно-Казахстанская,23.995429442011048
2014,в возрасте от 10 до -14 лет,,,0.03691051923433522
2014,в возрасте от 10 до -14 лет,,Акмолинская,0.08646965995806223
2014,в возрасте от 10 до -14 лет,,Актюбинская,0.08087179798224864
2014,в возрасте от 10 до -14 лет,,Алматинская,0.04518140333438756
2014,в возрасте от 10 до -14 лет,,Атырауская,0.0
2014,в возрасте от 10 до -14 лет,,Западно-Казахстанская,0.0
2014,в возрасте от 10 до -14 лет,,Жымбылская,0.0719165767709457
2014,в возрасте от 10 до -14 лет,,Карагандинская,0.07431536965703457
2014,в возрасте от 10 до -14 лет,,Костанайская,0.1195266743694968
2014,в возрасте от 10 до -14 лет,,Кызылординская,0.033963930306015015
2014,в возрасте от 10 до -14 лет,,Мангистауская,0.0
2014,в возрасте от 10 до -14 лет,,Южно-Казахстанская,0.0
2014,в возрасте от 10 до -14 лет,,Павлодарская,0.0
2014,в возрасте от 10 до -14 лет,,Северо-Казахстанская,0.0
2014,в возрасте от 10 до -14 лет,,Восточно-Казахстанская,0.05210300764611637
2014,в возрасте от 10 до -14 лет,,г.Нур-Султан,0.09537434430138292
2014,в возрасте от 10 до -14 лет,,г.Алматы,0.0
2014,в возрасте от 10 до -14 лет,городское население,,0.03652907988727126
2014,в возрасте от 10 до -14 лет,городское население,Акмолинская,0.20838760093774425
2014,в возрасте от 10 до -14 лет,городское население,Актюбинская,0.07313149041977475
2014,в возрасте от 10 до -14 лет,городское население,Алматинская,0.06840179212695373
2014,в возрасте от 10 до -14 лет,городское население,Атырауская,0.0
2014,в возрасте от 10 до -14 лет,городское население,Западно-Казахстанская,0.0
2014,в возрасте от 10 до -14 лет,городское население,Жымбылская,0.0
2014,в возрасте от 10 до -14 лет,городское население,Карагандинская,0.10137532524583516
2014,в возрасте от 10 до -14 лет,городское население,Костанайская,0.09228923446080016
2014,в возрасте от 10 до -14 лет,городское население,Кызылординская,0.0
2014,в возрасте от 10 до -14 лет,городское население,Мангистауская,0.0
2014,в возрасте от 10 до -14 лет,городское население,Южно-Казахстанская,0.0
2014,в возрасте от 10 до -14 лет,городское население,Павлодарская,0.0
2014,в возрасте от 10 до -14 лет,городское население,Северо-Казахстанская,0.0
2014,в возрасте от 10 до -14 лет,городское население,Восточно-Казахстанская,0.0
2014,в возрасте от 10 до -14 лет,городское население,г.Нур-Султан,0.09537434430138292
2014,в возрасте от 10 до -14 лет,городское население,г.Алматы,0.0
2014,в возрасте от 10 до -14 лет,сельское население,,0.03726426120214506
2014,в возрасте от 10 до -14 лет,сельское население,Акмолинская,0.0
2014,в возрасте от 10 до -14 лет,сельское население,Актюбинская,0.09044453488897933
2014,в возрасте от 10 до -14 лет,сельское население,Алматинская,0.03862532469413571
2014,в возрасте от 10 до -14 лет,сельское население,Атырауская,0.0
2014,в возрасте от 10 до -14 лет,сельское население,Западно-Казахстанская,0.0
2014,в возрасте от 10 до -14 лет,сельское население,Жымбылская,0.1136988118474162
2014,в возрасте от 10 до -14 лет,сельское население,Карагандинская,0.0
2014,в возрасте от 10 до -14 лет,сельское население,Костанайская,0.14021803905072386
2014,в возрасте от 10 до -14 лет,сельское население,Кызылординская,0.054869684499314134
2014,в возрасте от 10 до -14 лет,сельское население,Мангистауская,0.0
2014,в возрасте от 10 до -14 лет,сельское население,Южно-Казахстанская,0.0
2014,в возрасте от 10 до -14 лет,сельское население,Павлодарская,0.0
2014,в возрасте от 10 до -14 лет,сельское население,Северо-Казахстанская,0.0
2014,в возрасте от 10 до -14 лет,сельское население,Восточно-Казахстанская,0.10547410610695074
2014,в возрасте от 15 до - 19 лет,,,34.4240799755831
2014,,,Акмолинская,33.03104918623506
2014,,,Актюбинская,31.705998919113675
2014,,,Алматинская,39.74978719416481
2014,,,Атырауская,45.463357890655296
2014,,,Западно-Казахстанская,32.38808461923728
2014,,,Жымбылская,50.15628582807352
2014,,,Карагандинская,32.00235544583607
2014,,,Костанайская,28.951187838973347
2014,,,Кызылординская,28.207179118852125
2014,,,Мангистауская,53.81555484431439
2014,,,Южно-Казахстанская,37.42960681899382
2014,,,Павлодарская,30.044383748719696
2014,,,Северо-Казахстанская,29.489927132447487
2014,,,Восточно-Казахстанская,28.74603618161274
2014,,,г.Нур-Султан,26.615519405176286
2014,,,г.Алматы,15.95225541557757
2014,,городское население,,31.917575529974666
2014,,городское население,Акмолинская,32.71187265735287
2014,,городское население,Актюбинская,33.80794925433565
2014,,городское население,Алматинская,41.212545996145096
2014,,городское население,Атырауская,52.583025830258315
2014,,городское население,Западно-Казахстанская,34.0
2014,,городское население,Жымбылская,37.45222929936306
2014,,городское население,Карагандинская,33.071301357243755
2014,,городское население,Костанайская,28.646288209606986
2014,,городское население,Кызылординская,30.126668948990073
2014,,городское население,Мангистауская,52.08333333333334
2014,,городское население,Южно-Казахстанская,40.73333714089897
2014,,городское население,Павлодарская,26.812136770421077
2014,,городское население,Северо-Казахстанская,24.84472049689441
2014,,городское население,Восточно-Казахстанская,28.569424637037386
2014,,городское население,г.Нур-Султан,26.615519405176286
2014,,городское население,г.Алматы,15.95225541557757
2014,,сельское население,,36.83573970079744
2014,,сельское население,Акмолинская,33.25399523971439
2014,,сельское население,Актюбинская,29.298082869511447
2014,,сельское население,Алматинская,39.33035893725632
2014,,сельское население,Атырауская,40.301003344481614
2014,,сельское население,Западно-Казахстанская,31.288860363432146
2014,,сельское население,Жымбылская,57.90793027729736
2014,,сельское население,Карагандинская,28.99801501682921
2014,,сельское население,Костанайская,29.188161824599515
2014,,сельское население,Кызылординская,27.02346079750877
2014,,сельское население,Мангистауская,55.099928338243494
2014,,сельское население,Южно-Казахстанская,35.46959603694693
2014,,сельское население,Павлодарская,35.75025176233635
2014,,сельское население,Северо-Казахстанская,31.604773984280786
2014,,сельское население,Восточно-Казахстанская,28.937117417918753
2015,в возрасте от 10 до -14 лет,,,0.0321787648943224
2015,в возрасте от 10 до -14 лет,,Акмолинская,0.04215851602023609
2015,в возрасте от 10 до -14 лет,,Актюбинская,0.0
2015,в возрасте от 10 до -14 лет,,Алматинская,0.059039283263101185
2015,в возрасте от 10 до -14 лет,,Атырауская,0.09280527133941208
2015,в возрасте от 10 до -14 лет,,Западно-Казахстанская,0.0
2015,в возрасте от 10 до -14 лет,,Жымбылская,0.023064858381769537
2015,в возрасте от 10 до -14 лет,,Карагандинская,0.0
2015,в возрасте от 10 до -14 лет,,Костанайская,0.07862716961846165
2015,в возрасте от 10 до -14 лет,,Кызылординская,0.0
2015,в возрасте от 10 до -14 лет,,Мангистауская,0.04186991018904265
2015,в возрасте от 10 до -14 лет,,Южно-Казахстанская,0.023944448878601643
2015,в возрасте от 10 до -14 лет,,Павлодарская,0.0
2015,в возрасте от 10 до -14 лет,,Северо-Казахстанская,0.1784651992861392
2015,в возрасте от 10 до -14 лет,,Восточно-Казахстанская,0.025135101168782203
2015,в возрасте от 10 до -14 лет,,г.Нур-Султан,0.04416668506945212
2015,в возрасте от 10 до -14 лет,,г.Алматы,0.0
2015,в возрасте от 10 до -14 лет,городское население,,0.03775858192496683
2015,в возрасте от 10 до -14 лет,городское население,Акмолинская,0.10084203095850353
2015,в возрасте от 10 до -14 лет,городское население,Актюбинская,0.0
2015,в возрасте от 10 до -14 лет,городское население,Алматинская,0.0660022440762986
2015,в возрасте от 10 до -14 лет,городское население,Атырауская,0.0
2015,в возрасте от 10 до -14 лет,городское население,Западно-Казахстанская,0.0
2015,в возрасте от 10 до -14 лет,городское население,Жымбылская,0.0
2015,в возрасте от 10 до -14 лет,городское население,Карагандинская,0.0
2015,в возрасте от 10 до -14 лет,городское население,Костанайская,0.08875477056891808
2015,в возрасте от 10 до -14 лет,городское население,Кызылординская,0.0
2015,в возрасте от 10 до -14 лет,городское население,Мангистауская,0.1065019436604718
2015,в возрасте от 10 до -14 лет,городское население,Южно-Казахстанская,0.05875555729646095
2015,в возрасте от 10 до -14 лет,городское население,Павлодарская,0.0
2015,в возрасте от 10 до -14 лет,городское население,Северо-Казахстанская,0.3501400560224089
2015,в возрасте от 10 до -14 лет,городское население,Восточно-Казахстанская,0.04906771344455348
2015,в возрасте от 10 до -14 лет,городское население,г.Нур-Султан,0.04416668506945212
2015,в возрасте от 10 до -14 лет,городское население,г.Алматы,0.0
2015,в возрасте от 10 до -14 лет,сельское население,,0.02674449314170904
2015,в возрасте от 10 до -14 лет,сельское население,Акмолинская,0.0
2015,в возрасте от 10 до -14 лет,сельское население,Актюбинская,0.0
2015,в возрасте от 10 до -14 лет,сельское население,Алматинская,0.057033678387087575
2015,в возрасте от 10 до -14 лет,сельское население,Атырауская,0.16600954554886904
2015,в возрасте от 10 до -14 лет,сельское население,Западно-Казахстанская,0.0
2015,в возрасте от 10 до -14 лет,сельское население,Жымбылская,0.03644049267546097
2015,в возрасте от 10 до -14 лет,сельское население,Карагандинская,0.0
2015,в возрасте от 10 до -14 лет,сельское население,Костанайская,0.07057412047002364
2015,в возрасте от 10 до -14 лет,сельское население,Кызылординская,0.0
2015,в возрасте от 10 до -14 лет,сельское население,Мангистауская,0.0
2015,в возрасте от 10 до -14 лет,сельское население,Южно-Казахстанская,0.0
2015,в возрасте от 10 до -14 лет,сельское население,Павлодарская,0.0
2015,в возрасте от 10 до -14 лет,сельское население,Северо-Казахстанская,0.09010632546404758
2015,в возрасте от 10 до -14 лет,сельское население,Восточно-Казахстанская,0.0
2015,в возрасте от 15 до - 19 лет,,,30.947651865577136
2015,,,Акмолинская,30.374421539755996
2015,,,Актюбинская,30.162059103908486
2015,,,Алматинская,36.08312184335503
2015,,,Атырауская,39.80300542997853
2015,,,Западно-Казахстанская,25.955840064014406
2015,,,Жымбылская,46.00266277816522
2015,,,Карагандинская,28.304355065052448
2015,,,Костанайская,26.603476771739782
2015,,,Кызылординская,24.46757185195396
2015,,,Мангистауская,48.40312278211497
2015,,,Южно-Казахстанская,35.01186581720037
2015,,,Павлодарская,29.561355333221908
2015,,,Северо-Казахстанская,26.515948651654988
2015,,,Восточно-Казахстанская,24.06940225505843
2015,,,г.Нур-Султан,23.00221079563802
2015,,,г.Алматы,12.937644441564613
2015,,городское население,,27.559829643033737
2015,,городское население,Акмолинская,29.029949913114585
2015,,городское население,Актюбинская,34.56196769975615
2015,,городское население,Алматинская,36.72985781990521
2015,,городское население,Атырауская,38.98264796767293
2015,,городское население,Западно-Казахстанская,25.035260930888576
2015,,городское население,Жымбылская,35.83486545211433
2015,,городское население,Карагандинская,29.108356657337065
2015,,городское население,Костанайская,25.71133186497056
2015,,городское население,Кызылординская,26.1820144855819
2015,,городское население,Мангистауская,41.90067520666372
2015,,городское население,Южно-Казахстанская,34.447062969407305
2015,,городское население,Павлодарская,25.684804394625488
2015,,городское население,Северо-Казахстанская,23.75212072506474
2015,,городское население,Восточно-Казахстанская,24.66603169951401
2015,,городское население,г.Нур-Султан,23.00221079563802
2015,,городское население,г.Алматы,12.937644441564613
2015,,сельское население,,34.3547915612055
2015,,сельское население,Акмолинская,31.31479230714235
2015,,сельское население,Актюбинская,25.00724547675237
2015,,сельское население,Алматинская,35.89404977106177
2015,,сельское население,Атырауская,40.409364430974655
2015,,сельское население,Западно-Казахстанская,26.637649619151247
2015,,сельское население,Жымбылская,52.21654749744636
2015,,сельское население,Карагандинская,25.972821297713466
2015,,сельское население,Костанайская,27.31302731302731
2015,,сельское население,Кызылординская,23.403245175524336
2015,,сельское население,Мангистауская,52.30291791242478
2015,,сельское население,Южно-Казахстанская,35.38810273113405
2015,,сельское население,Павлодарская,36.55352480417755
2015,,сельское население,Северо-Казахстанская,27.91878172588833
2015,,сельское население,Восточно-Казахстанская,23.40454483603212
2016,в возрасте от 10 до -14 лет,,,0.016224850467721878
2016,в возрасте от 10 до -14 лет,,Акмолинская,0.041443905673670685
2016,в возрасте от 10 до -14 лет,,Актюбинская,0.0
2016,в возрасте от 10 до -14 лет,,Алматинская,0.0141013889868152
2016,в возрасте от 10 до -14 лет,,Атырауская,0.0
2016,в возрасте от 10 до -14 лет,,Западно-Казахстанская,0.0
2016,в возрасте от 10 до -14 лет,,Жымбылская,0.044069365180794566
2016,в возрасте от 10 до -14 лет,,Карагандинская,0.02293919965132416
2016,в возрасте от 10 до -14 лет,,Костанайская,0.03892413685726519
2016,в возрасте от 10 до -14 лет,,Кызылординская,0.09556879360326208
2016,в возрасте от 10 до -14 лет,,Мангистауская,0.0
2016,в возрасте от 10 до -14 лет,,Южно-Казахстанская,0.007710219124427517
2016,в возрасте от 10 до -14 лет,,Павлодарская,0.0
2016,в возрасте от 10 до -14 лет,,Северо-Казахстанская,0.0
2016,в возрасте от 10 до -14 лет,,Восточно-Казахстанская,0.0
2016,в возрасте от 10 до -14 лет,,г.Нур-Султан,0.0
2016,в возрасте от 10 до -14 лет,,г.Алматы,0.0
2016,в возрасте от 10 до -14 лет,городское население,,0.012974838544352864
2016,в возрасте от 10 до -14 лет,городское население,Акмолинская,0.09801999607920016
2016,в возрасте от 10 до -14 лет,городское население,Актюбинская,0.0
2016,в возрасте от 10 до -14 лет,городское население,Алматинская,0.0
2016,в возрасте от 10 до -14 лет,городское население,Атырауская,0.0
2016,в возрасте от 10 до -14 лет,городское население,Западно-Казахстанская,0.0
2016,в возрасте от 10 до -14 лет,городское население,Жымбылская,0.0599970001499925
2016,в возрасте от 10 до -14 лет,городское население,Карагандинская,0.03084753605305776
2016,в возрасте от 10 до -14 лет,городское население,Костанайская,0.0
2016,в возрасте от 10 до -14 лет,городское население,Кызылординская,0.0
2016,в возрасте от 10 до -14 лет,городское население,Мангистауская,0.0
2016,в возрасте от 10 до -14 лет,городское население,Южно-Казахстанская,0.01865984960161221
2016,в возрасте от 10 до -14 лет,городское население,Павлодарская,0.0
2016,в возрасте от 10 до -14 лет,городское население,Северо-Казахстанская,0.0
2016,в возрасте от 10 до -14 лет,городское население,Восточно-Казахстанская,0.0
2016,в возрасте от 10 до -14 лет,городское население,г.Нур-Султан,0.0
2016,в возрасте от 10 до -14 лет,городское население,г.Алматы,0.0
2016,в возрасте от 10 до -14 лет,сельское население,,0.019477389185828902
2016,в возрасте от 10 до -14 лет,сельское население,Акмолинская,0.0
2016,в возрасте от 10 до -14 лет,сельское население,Актюбинская,0.0
2016,в возрасте от 10 до -14 лет,сельское население,Алматинская,0.018143551781696785
2016,в возрасте от 10 до -14 лет,сельское население,Атырауская,0.0
2016,в возрасте от 10 до -14 лет,сельское население,Западно-Казахстанская,0.0
2016,в возрасте от 10 до -14 лет,сельское население,Жымбылская,0.03482439797322004
2016,в возрасте от 10 до -14 лет,сельское население,Карагандинская,0.0
2016,в возрасте от 10 до -14 лет,сельское население,Костанайская,0.07180039490217198
2016,в возрасте от 10 до -14 лет,сельское население,Кызылординская,0.15927371187385522
2016,в возрасте от 10 до -14 лет,сельское население,Мангистауская,0.0
2016,в возрасте от 10 до -14 лет,сельское население,Южно-Казахстанская,0.0
2016,в возрасте от 10 до -14 лет,сельское население,Павлодарская,0.0
2016,в возрасте от 10 до -14 лет,сельское население,Северо-Казахстанская,0.0
2016,в возрасте от 10 до -14 лет,сельское население,Восточно-Казахстанская,0.0
2016,в возрасте от 15 до - 19 лет,,,28.104587089004852
2016,,,Акмолинская,26.02881120136427
2016,,,Актюбинская,25.86516584840139
2016,,,Алматинская,35.017560050244825
2016,,,Атырауская,35.11327281712487
2016,,,Западно-Казахстанская,26.18286774559324
2016,,,Жымбылская,41.08942065491184
2016,,,Карагандинская,24.049562792575674
2016,,,Костанайская,24.556225146558443
2016,,,Кызылординская,21.58428663932657
2016,,,Мангистауская,42.24941724941725
2016,,,Южно-Казахстанская,31.771182664043828
2016,,,Павлодарская,25.180846537007838
2016,,,Северо-Казахстанская,26.133217185701394
2016,,,Восточно-Казахстанская,22.96335318987992
2016,,,г.Нур-Султан,18.71146076972145
2016,,,г.Алматы,13.499080609110226
2016,,городское население,,25.18400379322608
2016,,городское население,Акмолинская,25.88373709824055
2016,,городское население,Актюбинская,30.060483140777226
2016,,городское население,Алматинская,37.002987818892215
2016,,городское население,Атырауская,40.145542753183754
2016,,городское население,Западно-Казахстанская,25.696418419556565
2016,,городское население,Жымбылская,31.936825186065196
2016,,городское население,Карагандинская,23.858675420488
2016,,городское население,Костанайская,22.08927749654855
2016,,городское население,Кызылординская,22.544580984939486
2016,,городское население,Мангистауская,40.101252331468146
2016,,городское население,Южно-Казахстанская,31.73533672472459
2016,,городское население,Павлодарская,23.254912600286808
2016,,городское население,Северо-Казахстанская,21.914550242079333
2016,,городское население,Восточно-Казахстанская,23.7741456166419
2016,,городское население,г.Нур-Султан,18.71146076972145
2016,,городское население,г.Алматы,13.499080609110226
2016,,сельское население,,31.119631844965497
2016,,сельское население,Акмолинская,26.13368384428036
2016,,сельское население,Актюбинская,20.715714603245164
2016,,сельское население,Алматинская,34.44748737915333
2016,,сельское население,Атырауская,31.333970943207174
2016,,сельское население,Западно-Казахстанская,26.586216649382486
2016,,сельское население,Жымбылская,46.59174456464657
2016,,сельское население,Карагандинская,24.609278094765568
2016,,сельское население,Костанайская,26.537551744529864
2016,,сельское население,Кызылординская,20.9720176730486
2016,,сельское население,Мангистауская,43.48158337154211
2016,,сельское население,Южно-Казахстанская,31.795164610599393
2016,,сельское население,Павлодарская,28.69257950530035
2016,,сельское население,Северо-Казахстанская,28.57142857142857
2016,,сельское население,Восточно-Казахстанская,22.025404964456357
2017,в возрасте от 10 до -14 лет,,,0.020045070570212868
2017,в возрасте от 10 до -14 лет,,Акмолинская,0.0
2017,в возрасте от 10 до -14 лет,,Актюбинская,0.0
2017,в возрасте от 10 до -14 лет,,Алматинская,0.040006934535319456
2017,в возрасте от 10 до -14 лет,,Атырауская,0.0
2017,в возрасте от 10 до -14 лет,,Западно-Казахстанская,0.09436187780136823
2017,в возрасте от 10 до -14 лет,,Жымбылская,0.0
2017,в возрасте от 10 до -14 лет,,Карагандинская,0.02205801257306717
2017,в возрасте от 10 до -14 лет,,Костанайская,0.03843419105636374
2017,в возрасте от 10 до -14 лет,,Кызылординская,0.0
2017,в возрасте от 10 до -14 лет,,Мангистауская,0.0
2017,в возрасте от 10 до -14 лет,,Южно-Казахстанская,0.014745184775596719
2017,в возрасте от 10 до -14 лет,,Павлодарская,0.0
2017,в возрасте от 10 до -14 лет,,Северо-Казахстанская,0.0
2017,в возрасте от 10 до -14 лет,,Восточно-Казахстанская,0.06900676266274096
2017,в возрасте от 10 до -14 лет,,г.Нур-Султан,0.0
2017,в возрасте от 10 до -14 лет,,г.Алматы,0.02093057328840237
2017,в возрасте от 10 до -14 лет,городское население,,0.018259003971333364
2017,в возрасте от 10 до -14 лет,городское население,Акмолинская,0.0
2017,в возрасте от 10 до -14 лет,городское население,Актюбинская,0.0
2017,в возрасте от 10 до -14 лет,городское население,Алматинская,0.1217952621643018
2017,в возрасте от 10 до -14 лет,городское население,Атырауская,0.0
2017,в возрасте от 10 до -14 лет,городское население,Западно-Казахстанская,0.10813148788927336
2017,в возрасте от 10 до -14 лет,городское население,Жымбылская,0.0
2017,в возрасте от 10 до -14 лет,городское население,Карагандинская,0.0
2017,в возрасте от 10 до -14 лет,городское население,Костанайская,0.08145975887911372
2017,в возрасте от 10 до -14 лет,городское население,Кызылординская,0.0
2017,в возрасте от 10 до -14 лет,городское население,Мангистауская,0.0
2017,в возрасте от 10 до -14 лет,городское население,Южно-Казахстанская,0.0
2017,в возрасте от 10 до -14 лет,городское население,Павлодарская,0.0
2017,в возрасте от 10 до -14 лет,городское население,Северо-Казахстанская,0.0
2017,в возрасте от 10 до -14 лет,городское население,Восточно-Казахстанская,0.04350947418800444
2017,в возрасте от 10 до -14 лет,городское население,г.Нур-Султан,0.0
2017,в возрасте от 10 до -14 лет,городское население,г.Алматы,0.02093057328840237
2017,в возрасте от 10 до -14 лет,сельское население,,0.021879546843328383
2017,в возрасте от 10 до -14 лет,сельское население,Акмолинская,0.0
2017,в возрасте от 10 до -14 лет,сельское население,Актюбинская,0.0
2017,в возрасте от 10 до -14 лет,сельское население,Алматинская,0.01707475326981525
2017,в возрасте от 10 до -14 лет,сельское население,Атырауская,0.0
2017,в возрасте от 10 до -14 лет,сельское население,Западно-Казахстанская,0.08370302167908261
2017,в возрасте от 10 до -14 лет,сельское население,Жымбылская,0.0
2017,в возрасте от 10 до -14 лет,сельское население,Карагандинская,0.08867606632969761
2017,в возрасте от 10 до -14 лет,сельское население,Костанайская,0.0
2017,в возрасте от 10 до -14 лет,сельское население,Кызылординская,0.0
2017,в возрасте от 10 до -14 лет,сельское население,Мангистауская,0.0
2017,в возрасте от 10 до -14 лет,сельское население,Южно-Казахстанская,0.02542249000578362
2017,в возрасте от 10 до -14 лет,сельское население,Павлодарская,0.0
2017,в возрасте от 10 до -14 лет,сельское население,Северо-Казахстанская,0.0
2017,в возрасте от 10 до -14 лет,сельское население,Восточно-Казахстанская,0.09991257649556637
2017,в возрасте от 15 до - 19 лет,,,24.904794458158783
2017,,,Акмолинская,24.911032028469748
2017,,,Актюбинская,21.329961867085377
2017,,,Алматинская,29.718658867555586
2017,,,Атырауская,30.98702320094377
2017,,,Западно-Казахстанская,20.482343264970414
2017,,,Жымбылская,35.465970943860995
2017,,,Карагандинская,20.458821070234112
2017,,,Костанайская,20.098612736085574
2017,,,Кызылординская,19.796525507768024
2017,,,Мангистауская,39.810426540284354
2017,,,Южно-Казахстанская,30.00188521720396
2017,,,Павлодарская,22.077554486272287
2017,,,Северо-Казахстанская,20.537024044900825
2017,,,Восточно-Казахстанская,20.390304882283488
2017,,,г.Нур-Султан,14.987845223081283
2017,,,г.Алматы,12.750264661059342
2017,,городское население,,22.376501618855627
2017,,городское население,Акмолинская,23.27127659574468
2017,,городское население,Актюбинская,25.458576179068192
2017,,городское население,Алматинская,33.22412796299865
2017,,городское население,Атырауская,33.21614741180749
2017,,городское население,Западно-Казахстанская,19.05504791620236
2017,,городское население,Жымбылская,26.831193055455913
2017,,городское население,Карагандинская,20.31712841958529
2017,,городское население,Костанайская,16.93425253319761
2017,,городское население,Кызылординская,21.29845866417562
2017,,городское население,Мангистауская,41.15170446828738
2017,,городское население,Южно-Казахстанская,31.088540516670342
2017,,городское население,Павлодарская,19.342819770898572
2017,,городское население,Северо-Казахстанская,17.260918838810912
2017,,городское население,Восточно-Казахстанская,20.179874934602253
2017,,городское население,г.Нур-Султан,14.987845223081283
2017,,городское население,г.Алматы,12.750264661059342
2017,,сельское население,,27.558349817930843
2017,,сельское население,Акмолинская,26.138909634055267
2017,,сельское население,Актюбинская,15.850417615793472
2017,,сельское население,Алматинская,28.737554071692863
2017,,сельское население,Атырауская,29.28812306555181
2017,,сельское население,Западно-Казахстанская,21.779871346806463
2017,,сельское население,Жымбылская,40.519829522789784
2017,,сельское население,Карагандинская,20.883366398663465
2017,,сельское население,Костанайская,22.70389699440021
2017,,сельское население,Кызылординская,18.823386999152643
2017,,сельское население,Мангистауская,39.06279571520497
2017,,сельское население,Южно-Казахстанская,29.25737107241729
2017,,сельское население,Павлодарская,27.138037259791695
2017,,сельское население,Северо-Казахстанская,22.42671091667924
2017,,сельское население,Восточно-Казахстанская,20.059752454118648
2018,в возрасте от 10 до -14 лет,,,0.0217718829195224
2018,в возрасте от 10 до -14 лет,,Акмолинская,0.07781041492403758
2018,в возрасте от 10 до -14 лет,,Актюбинская,0.06464437513130887
2018,в возрасте от 10 до -14 лет,,Алматинская,0.025023929132232697
2018,в возрасте от 10 до -14 лет,,Атырауская,0.03865854837150865
2018,в возрасте от 10 до -14 лет,,Западно-Казахстанская,0.045242727231597515
2018,в возрасте от 10 до -14 лет,,Жымбылская,0.01956468574223526
2018,в возрасте от 10 до -14 лет,,Карагандинская,0.0
2018,в возрасте от 10 до -14 лет,,Костанайская,0.0
2018,в возрасте от 10 до -14 лет,,Кызылординская,0.028483130865744763
2018,в возрасте от 10 до -14 лет,,Мангистауская,0.0
2018,в возрасте от 10 до -14 лет,,Павлодарская,0.0
2018,в возрасте от 10 до -14 лет,,Северо-Казахстанская,0.05700116852395474
2018,в возрасте от 10 до -14 лет,,Туркестанская,0.0
2018,в возрасте от 10 до -14 лет,,Восточно-Казахстанская,0.0
2018,в возрасте от 10 до -14 лет,,г.Нур-Султан,0.06269592476489029
2018,в возрасте от 10 до -14 лет,,г.Алматы,0.01900002850004275
2018,в возрасте от 10 до -14 лет,,г.Шымкент,0.02
2018,в возрасте от 10 до -14 лет,городское население,,0.028134420634909472
2018,в возрасте от 10 до -14 лет,городское население,Акмолинская,0.1840434342504831
2018,в возрасте от 10 до -14 лет,городское население,Актюбинская,0.04959702417854928
2018,в возрасте от 10 до -14 лет,городское население,Алматинская,0.0
2018,в возрасте от 10 до -14 лет,городское население,Атырауская,0.0
2018,в возрасте от 10 до -14 лет,городское население,Западно-Казахстанская,0.10083186286866652
2018,в возрасте от 10 до -14 лет,городское население,Жымбылская,0.05373310765428118
2018,в возрасте от 10 до -14 лет,городское население,Карагандинская,0.0
2018,в возрасте от 10 до -14 лет,городское население,Костанайская,0.0
2018,в возрасте от 10 до -14 лет,городское население,Кызылординская,0.0
2018,в возрасте от 10 до -14 лет,городское население,Мангистауская,0.0
2018,в возрасте от 10 до -14 лет,городское население,Павлодарская,0.0
2018,в возрасте от 10 до -14 лет,городское население,Северо-Казахстанская,0.15579964166082416
2018,в возрасте от 10 до -14 лет,городское население,Туркестанская,0.0
2018,в возрасте от 10 до -14 лет,городское население,Восточно-Казахстанская,0.0
2018,в возрасте от 10 до -14 лет,городское население,г.Нур-Султан,0.06269592476489029
2018,в возрасте от 10 до -14 лет,городское население,г.Алматы,0.01900002850004275
2018,в возрасте от 10 до -14 лет,городское население,г.Шымкент,0.02
2018,в возрасте от 10 до -14 лет,сельское население,,0.01499135748241139
2018,в возрасте от 10 до -14 лет,сельское население,Акмолинская,0.0
2018,в возрасте от 10 до -14 лет,сельское население,Актюбинская,0.09279881217520417
2018,в возрасте от 10 до -14 лет,сельское население,Алматинская,0.03177276121181311
2018,в возрасте от 10 до -14 лет,сельское население,Атырауская,0.0759762953958365
2018,в возрасте от 10 до -14 лет,сельское население,Западно-Казахстанская,0.0
2018,в возрасте от 10 до -14 лет,сельское население,Жымбылская,0.0
2018,в возрасте от 10 до -14 лет,сельское население,Карагандинская,0.0
2018,в возрасте от 10 до -14 лет,сельское население,Костанайская,0.0
2018,в возрасте от 10 до -14 лет,сельское население,Кызылординская,0.048344210780759005
2018,в возрасте от 10 до -14 лет,сельское население,Мангистауская,0.0
2018,в возрасте от 10 до -14 лет,сельское население,Павлодарская,0.0
2018,в возрасте от 10 до -14 лет,сельское население,Северо-Казахстанская,0.0
2018,в возрасте от 10 до -14 лет,сельское население,Туркестанская,0.0
2018,в возрасте от 10 до -14 лет,сельское население,Восточно-Казахстанская,0.0
2018,в возрасте от 15 до - 19 лет,,,23.93
2018,,,Акмолинская,21.61
2018,,,Актюбинская,17.74
2018,,,Алматинская,28.76
2018,,,Атырауская,28.21
2018,,,Западно-Казахстанская,20.94
2018,,,Жымбылская,36.64
2018,,,Карагандинская,20.41
2018,,,Костанайская,18.63
2018,,,Кызылординская,20.65
2018,,,Мангистауская,35.04
2018,,,Павлодарская,18.47
2018,,,Северо-Казахстанская,19.55
2018,,,Туркестанская,30.92
2018,,,Восточно-Казахстанская,19.52
2018,,,г.Нур-Султан,15.07
2018,,,г.Алматы,12.31
2018,,,г.Шымкент,24.34
2018,,городское население,,21.09
2018,,городское население,Акмолинская,20.1
2018,,городское население,Актюбинская,18.9
2018,,городское население,Алматинская,31.06
2018,,городское население,Атырауская,28.76
2018,,городское население,Западно-Казахстанская,20.77
2018,,городское население,Жымбылская,29.45
2018,,городское население,Карагандинская,20.1
2018,,городское население,Костанайская,14.14
2018,,городское население,Кызылординская,20.81
2018,,городское население,Мангистауская,36.41
2018,,городское население,Павлодарская,16.43
2018,,городское население,Северо-Казахстанская,16.84
2018,,городское население,Туркестанская,38.55
2018,,городское население,Восточно-Казахстанская,19.48
2018,,городское население,г.Нур-Султан,15.07
2018,,городское население,г.Алматы,12.31
2018,,городское население,г.Шымкент,24.34
2018,,сельское население,,27.01
2018,,сельское население,Акмолинская,22.74
2018,,сельское население,Актюбинская,15.65
2018,,сельское население,Алматинская,28.14
2018,,сельское население,Атырауская,27.68
2018,,сельское население,Западно-Казахстанская,21.1
2018,,сельское население,Жымбылская,40.8
2018,,сельское население,Карагандинская,21.36
2018,,сельское население,Костанайская,22.51
2018,,сельское население,Кызылординская,20.54
2018,,сельское население,Мангистауская,34.27
2018,,сельское население,Павлодарская,22.26
2018,,сельское население,Северо-Казахстанская,21.07
2018,,сельское население,Туркестанская,29.23
2018,,сельское население,Восточно-Казахстанская,19.57
2019,в возрасте от 10 до -14 лет,,,0.024606669227583
2019,в возрасте от 10 до -14 лет,,Акмолинская,0.03750093752343808
2019,в возрасте от 10 до -14 лет,,Актюбинская,0.030241173357526276
2019,в возрасте от 10 до -14 лет,,Алматинская,0.046981994150741724
2019,в возрасте от 10 до -14 лет,,Атырауская,0.03604058169498856
2019,в возрасте от 10 до -14 лет,,Западно-Казахстанская,0.0
2019,в возрасте от 10 до -14 лет,,Жымбылская,0.05513439007580979
2019,в возрасте от 10 до -14 лет,,Карагандинская,0.041271151465125874
2019,в возрасте от 10 до -14 лет,,Костанайская,0.0
2019,в возрасте от 10 до -14 лет,,Кызылординская,0.0
2019,в возрасте от 10 до -14 лет,,Мангистауская,0.0
2019,в возрасте от 10 до -14 лет,,Павлодарская,0.0
2019,в возрасте от 10 до -14 лет,,Северо-Казахстанская,0.0
2019,в возрасте от 10 до -14 лет,,Туркестанская,0.0
2019,в возрасте от 10 до -14 лет,,Восточно-Казахстанская,0.04194982800570518
2019,в возрасте от 10 до -14 лет,,г.Нур-Султан,0.02776119817331316
2019,в возрасте от 10 до -14 лет,,г.Алматы,0.0
2019,в возрасте от 10 до -14 лет,,г.Шымкент,0.06613465014770073
2019,в возрасте от 10 до -14 лет,городское население,,0.01821818356902024
2019,в возрасте от 10 до -14 лет,городское население,Акмолинская,0.0
2019,в возрасте от 10 до -14 лет,городское население,Актюбинская,0.0456266824839166
2019,в возрасте от 10 до -14 лет,городское население,Алматинская,0.0
2019,в возрасте от 10 до -14 лет,городское население,Атырауская,0.06922810661128419
2019,в возрасте от 10 до -14 лет,городское население,Западно-Казахстанская,0.0
2019,в возрасте от 10 до -14 лет,городское население,Жымбылская,0.0
2019,в возрасте от 10 до -14 лет,городское население,Карагандинская,0.02702447065818098
2019,в возрасте от 10 до -14 лет,городское население,Костанайская,0.0
2019,в возрасте от 10 до -14 лет,городское население,Кызылординская,0.0
2019,в возрасте от 10 до -14 лет,городское население,Мангистауская,0.0
2019,в возрасте от 10 до -14 лет,городское население,Павлодарская,0.0
2019,в возрасте от 10 до -14 лет,городское население,Северо-Казахстанская,0.0
2019,в возрасте от 10 до -14 лет,городское население,Туркестанская,0.0
2019,в возрасте от 10 до -14 лет,городское население,Восточно-Казахстанская,0.0
2019,в возрасте от 10 до -14 лет,городское население,г.Нур-Султан,0.02776119817331316
2019,в возрасте от 10 до -14 лет,городское население,г.Алматы,0.0
2019,в возрасте от 10 до -14 лет,городское население,г.Шымкент,0.06613465014770073
2019,в возрасте от 10 до -14 лет,сельское население,,0.031674957346790385
2019,в возрасте от 10 до -14 лет,сельское население,Акмолинская,0.06602185323342026
2019,в возрасте от 10 до -14 лет,сельское население,Актюбинская,0.0
2019,в возрасте от 10 до -14 лет,сельское население,Алматинская,0.059401823635985625
2019,в возрасте от 10 до -14 лет,сельское население,Атырауская,0.0
2019,в возрасте от 10 до -14 лет,сельское население,Западно-Казахстанская,0.0
2019,в возрасте от 10 до -14 лет,сельское население,Жымбылская,0.08695904229108091
2019,в возрасте от 10 до -14 лет,сельское население,Карагандинская,0.08728669314363025
2019,в возрасте от 10 до -14 лет,сельское население,Костанайская,0.0
2019,в возрасте от 10 до -14 лет,сельское население,Кызылординская,0.0
2019,в возрасте от 10 до -14 лет,сельское население,Мангистауская,0.0
2019,в возрасте от 10 до -14 лет,сельское население,Павлодарская,0.0
2019,в возрасте от 10 до -14 лет,сельское население,Северо-Казахстанская,0.0
2019,в возрасте от 10 до -14 лет,сельское население,Туркестанская,0.0
2019,в возрасте от 10 до -14 лет,сельское население,Восточно-Казахстанская,0.0920683146894996
2019,в возрасте от 15 до - 19 лет,,,23.2
2019,,,Акмолинская,21.6
2019,,,Актюбинская,18.06
2019,,,Алматинская,27.35
2019,,,Атырауская,25.96
2019,,,Западно-Казахстанская,18.71
2019,,,Жымбылская,33.73
2019,,,Карагандинская,19.91
2019,,,Костанайская,18.48
2019,,,Кызылординская,18.95
2019,,,Мангистауская,33.98
2019,,,Павлодарская,18.24
2019,,,Северо-Казахстанская,19.15
2019,,,Туркестанская,31.97
2019,,,Восточно-Казахстанская,17.23
2019,,,г.Нур-Султан,11.69
2019,,,г.Алматы,12.39
2019,,,г.Шымкент,25.44
2019,,городское население,,20.61
2019,,городское население,Акмолинская,19.76
2019,,городское население,Актюбинская,20.01
2019,,городское население,Алматинская,30.27
2019,,городское население,Атырауская,24.43
2019,,городское население,Западно-Казахстанская,19.1
2019,,городское население,Жымбылская,27.77
2019,,городское население,Карагандинская,19.23
2019,,городское население,Костанайская,15.33
2019,,городское население,Кызылординская,19.44
2019,,городское население,Мангистауская,29.86
2019,,городское население,Павлодарская,16.52
2019,,городское население,Северо-Казахстанская,16.43
2019,,городское население,Туркестанская,45.85
2019,,городское население,Восточно-Казахстанская,16.49
2019,,городское население,г.Нур-Султан,11.69
2019,,городское население,г.Алматы,12.39
2019,,городское население,г.Шымкент,20.61
2019,,сельское население,,26.04
2019,,сельское население,Акмолинская,22.95
2019,,сельское население,Актюбинская,14.49
2019,,сельское население,Алматинская,26.57
2019,,сельское население,Атырауская,27.53
2019,,сельское население,Западно-Казахстанская,18.36
2019,,сельское население,Жымбылская,37.14
2019,,сельское население,Карагандинская,21.96
2019,,сельское население,Костанайская,21.61
2019,,сельское население,Кызылординская,18.64
2019,,сельское население,Мангистауская,36.34
2019,,сельское население,Павлодарская,21.43
2019,,сельское население,Северо-Казахстанская,20.7
2019,,сельское население,Туркестанская,28.85
2019,,сельское население,Восточно-Казахстанская,18.16
