Year,Возраст,Местность,Регионы,Unnamed: 5,Unnamed: 6,Unnamed: 7,Unnamed: 8,Unnamed: 9,Unnamed: 10,GeoCode,Value
2010,10-14,,,,,,,,,,0.04
2010,10-14,,Акмолинская,,,,,,,KZAKM,0.12
2010,10-14,,Актюбинская,,,,,,,KZAKT,0.0
2010,10-14,,Алматинская,,,,,,,KZALM,0.05
2010,10-14,,Атырауская,,,,,,,KZATY,0.0
2010,10-14,,Западно-Казахстанская,,,,,,,KZZAP,0.0
2010,10-14,,Жымбылская,,,,,,,KZZHA,0.02
2010,10-14,,Карагандинская,,,,,,,KZKAR,0.07
2010,10-14,,Костанайская,,,,,,,KZKUS,0.12
2010,10-14,,Кызылординская,,,,,,,KZKZY,0.03
2010,10-14,,Мангистауская,,,,,,,KZMAN,0.0
2010,10-14,,Южно-Казахстанская,,,,,,,KZONT,0.01
2010,10-14,,Павлодарская,,,,,,,KZPAV,0.09
2010,10-14,,Северо-Казахстанская,,,,,,,KZSEV,0.06
2010,10-14,,Восточно-Казахстанская,,,,,,,KZVOS,0.07
2010,10-14,,г_Нур-Султан,,,,,,,KZNS,0.12
2010,10-14,,г_Алматы,,,,,,,KZALA,0.06
2010,10-14,Город,,,,,,,,,0.06
2010,10-14,Город,Акмолинская,,,,,,,KZAKM,0.3
2010,10-14,Город,Актюбинская,,,,,,,KZAKT,0.0
2010,10-14,Город,Алматинская,,,,,,,KZALM,0.21
2010,10-14,Город,Атырауская,,,,,,,KZATY,0.0
2010,10-14,Город,Западно-Казахстанская,,,,,,,KZZAP,0.0
2010,10-14,Город,Жымбылская,,,,,,,KZZHA,0.06
2010,10-14,Город,Карагандинская,,,,,,,KZKAR,0.1
2010,10-14,Город,Костанайская,,,,,,,KZKUS,0.28
2010,10-14,Город,Кызылординская,,,,,,,KZKZY,0.09
2010,10-14,Город,Мангистауская,,,,,,,KZMAN,0.0
2010,10-14,Город,Южно-Казахстанская,,,,,,,KZONT,0.0
2010,10-14,Город,Павлодарская,,,,,,,KZPAV,0.0
2010,10-14,Город,Северо-Казахстанская,,,,,,,KZSEV,0.0
2010,10-14,Город,Восточно-Казахстанская,,,,,,,KZVOS,0.1
2010,10-14,Город,г_Нур-Султан,,,,,,,KZNS,0.0
2010,10-14,Город,г_Алматы,,,,,,,KZALA,0.0
2010,10-14,Село,,,,,,,,,0.03
2010,10-14,Село,Акмолинская,,,,,,,KZAKM,0.0
2010,10-14,Село,Актюбинская,,,,,,,KZAKT,0.0
2010,10-14,Село,Алматинская,,,,,,,KZALM,0.0
2010,10-14,Село,Атырауская,,,,,,,KZATY,0.0
2010,10-14,Село,Западно-Казахстанская,,,,,,,KZZAP,0.0
2010,10-14,Село,Жымбылская,,,,,,,KZZHA,0.0
2010,10-14,Село,Карагандинская,,,,,,,KZKAR,0.0
2010,10-14,Село,Костанайская,,,,,,,KZKUS,0.0
2010,10-14,Село,Кызылординская,,,,,,,KZKZY,0.0
2010,10-14,Село,Мангистауская,,,,,,,KZMAN,0.0
2010,10-14,Село,Южно-Казахстанская,,,,,,,KZONT,0.01
2010,10-14,Село,Павлодарская,,,,,,,KZPAV,0.25
2010,10-14,Село,Северо-Казахстанская,,,,,,,KZSEV,0.08
2010,10-14,Село,Восточно-Казахстанская,,,,,,,KZVOS,0.05
2010,15-19,,,,,,,,,,28.26
2010,15-19,,Акмолинская,,,,,,,KZAKM,33.43
2010,15-19,,Актюбинская,,,,,,,KZAKT,21.84
2010,15-19,,Алматинская,,,,,,,KZALM,30.75
2010,15-19,,Атырауская,,,,,,,KZATY,42.38
2010,15-19,,Западно-Казахстанская,,,,,,,KZZAP,26.09
2010,15-19,,Жымбылская,,,,,,,KZZHA,36.69
2010,15-19,,Карагандинская,,,,,,,KZKAR,29.27
2010,15-19,,Костанайская,,,,,,,KZKUS,25.82
2010,15-19,,Кызылординская,,,,,,,KZKZY,23.19
2010,15-19,,Мангистауская,,,,,,,KZMAN,39.68
2010,15-19,,Южно-Казахстанская,,,,,,,KZONT,30.07
2010,15-19,,Павлодарская,,,,,,,KZPAV,27.56
2010,15-19,,Северо-Казахстанская,,,,,,,KZSEV,31.22
2010,15-19,,Восточно-Казахстанская,,,,,,,KZVOS,24.94
2010,15-19,,г_Нур-Султан,,,,,,,KZNS,22.6
2010,15-19,,г_Алматы,,,,,,,KZALA,13.97
2010,15-19,Город,,,,,,,,,25.76
2010,15-19,Город,Акмолинская,,,,,,,KZAKM,31.14
2010,15-19,Город,Актюбинская,,,,,,,KZAKT,20.66
2010,15-19,Город,Алматинская,,,,,,,KZALM,32.14
2010,15-19,Город,Атырауская,,,,,,,KZATY,49.52
2010,15-19,Город,Западно-Казахстанская,,,,,,,KZZAP,30.55
2010,15-19,Город,Жымбылская,,,,,,,KZZHA,27.98
2010,15-19,Город,Карагандинская,,,,,,,KZKAR,29.81
2010,15-19,Город,Костанайская,,,,,,,KZKUS,21.05
2010,15-19,Город,Кызылординская,,,,,,,KZKZY,29.32
2010,15-19,Город,Мангистауская,,,,,,,KZMAN,35.98
2010,15-19,Город,Южно-Казахстанская,,,,,,,KZONT,29.43
2010,15-19,Город,Павлодарская,,,,,,,KZPAV,25.58
2010,15-19,Город,Северо-Казахстанская,,,,,,,KZSEV,25.08
2010,15-19,Город,Восточно-Казахстанская,,,,,,,KZVOS,22.3
2010,15-19,Город,г_Нур-Султан,,,,,,,KZNS,22.6
2010,15-19,Город,г_Алматы,,,,,,,KZALA,13.97
2010,15-19,Село,,,,,,,,,31.03
2010,15-19,Село,Акмолинская,,,,,,,KZAKM,35.31
2010,15-19,Село,Актюбинская,,,,,,,KZAKT,23.69
2010,15-19,Село,Алматинская,,,,,,,KZALM,30.33
2010,15-19,Село,Атырауская,,,,,,,KZATY,36.71
2010,15-19,Село,Западно-Казахстанская,,,,,,,KZZAP,22.57
2010,15-19,Село,Жымбылская,,,,,,,KZZHA,42.64
2010,15-19,Село,Карагандинская,,,,,,,KZKAR,27.64
2010,15-19,Село,Костанайская,,,,,,,KZKUS,30.21
2010,15-19,Село,Кызылординская,,,,,,,KZKZY,18.74
2010,15-19,Село,Мангистауская,,,,,,,KZMAN,43.62
2010,15-19,Село,Южно-Казахстанская,,,,,,,KZONT,30.48
2010,15-19,Село,Павлодарская,,,,,,,KZPAV,31.16
2010,15-19,Село,Северо-Казахстанская,,,,,,,KZSEV,34.87
2010,15-19,Село,Восточно-Казахстанская,,,,,,,KZVOS,28.58
2011,10-14,,,,,,,,,,0.02
2011,10-14,,Акмолинская,,,,,,,KZAKM,0.0
2011,10-14,,Актюбинская,,,,,,,KZAKT,0.08
2011,10-14,,Алматинская,,,,,,,KZALM,0.0
2011,10-14,,Атырауская,,,,,,,KZATY,0.05
2011,10-14,,Западно-Казахстанская,,,,,,,KZZAP,0.05
2011,10-14,,Жымбылская,,,,,,,KZZHA,0.05
2011,10-14,,Карагандинская,,,,,,,KZKAR,0.02
2011,10-14,,Костанайская,,,,,,,KZKUS,0.0
2011,10-14,,Кызылординская,,,,,,,KZKZY,0.0
2011,10-14,,Мангистауская,,,,,,,KZMAN,0.0
2011,10-14,,Южно-Казахстанская,,,,,,,KZONT,0.0
2011,10-14,,Павлодарская,,,,,,,KZPAV,0.0
2011,10-14,,Северо-Казахстанская,,,,,,,KZSEV,0.12
2011,10-14,,Восточно-Казахстанская,,,,,,,KZVOS,0.03
2011,10-14,,г_Нур-Султан,,,,,,,KZNS,0.05
2011,10-14,,г_Алматы,,,,,,,KZALA,0.03
2011,10-14,Город,,,,,,,,,0.02
2011,10-14,Город,Акмолинская,,,,,,,KZAKM,0.0
2011,10-14,Город,Актюбинская,,,,,,,KZAKT,0.07
2011,10-14,Город,Алматинская,,,,,,,KZALM,0.0
2011,10-14,Город,Атырауская,,,,,,,KZATY,0.11
2011,10-14,Город,Западно-Казахстанская,,,,,,,KZZAP,0.0
2011,10-14,Город,Жымбылская,,,,,,,KZZHA,0.13
2011,10-14,Город,Карагандинская,,,,,,,KZKAR,0.0
2011,10-14,Город,Костанайская,,,,,,,KZKUS,0.0
2011,10-14,Город,Кызылординская,,,,,,,KZKZY,0.0
2011,10-14,Город,Мангистауская,,,,,,,KZMAN,0.0
2011,10-14,Город,Южно-Казахстанская,,,,,,,KZONT,0.0
2011,10-14,Город,Павлодарская,,,,,,,KZPAV,0.0
2011,10-14,Город,Северо-Казахстанская,,,,,,,KZSEV,0.0
2011,10-14,Город,Восточно-Казахстанская,,,,,,,KZVOS,0.0
2011,10-14,Город,г_Нур-Султан,,,,,,,KZNS,0.05
2011,10-14,Город,г_Алматы,,,,,,,KZALA,0.03
2011,10-14,Село,,,,,,,,,0.02
2011,10-14,Село,Акмолинская,,,,,,,KZAKM,0.0
2011,10-14,Село,Актюбинская,,,,,,,KZAKT,0.09
2011,10-14,Село,Алматинская,,,,,,,KZALM,0.0
2011,10-14,Село,Атырауская,,,,,,,KZATY,0.0
2011,10-14,Село,Западно-Казахстанская,,,,,,,KZZAP,0.09
2011,10-14,Село,Жымбылская,,,,,,,KZZHA,0.0
2011,10-14,Село,Карагандинская,,,,,,,KZKAR,0.09
2011,10-14,Село,Костанайская,,,,,,,KZKUS,0.0
2011,10-14,Село,Кызылординская,,,,,,,KZKZY,0.0
2011,10-14,Село,Мангистауская,,,,,,,KZMAN,0.0
2011,10-14,Село,Южно-Казахстанская,,,,,,,KZONT,0.0
2011,10-14,Село,Павлодарская,,,,,,,KZPAV,0.0
2011,10-14,Село,Северо-Казахстанская,,,,,,,KZSEV,0.17
2011,10-14,Село,Восточно-Казахстанская,,,,,,,KZVOS,0.05
2011,15-19,,,,,,,,,,31.68
2011,15-19,,Акмолинская,,,,,,,KZAKM,32.3
2011,15-19,,Актюбинская,,,,,,,KZAKT,26.61
2011,15-19,,Алматинская,,,,,,,KZALM,35.26
2011,15-19,,Атырауская,,,,,,,KZATY,49.19
2011,15-19,,Западно-Казахстанская,,,,,,,KZZAP,29.71
2011,15-19,,Жымбылская,,,,,,,KZZHA,41.58
2011,15-19,,Карагандинская,,,,,,,KZKAR,31.14
2011,15-19,,Костанайская,,,,,,,KZKUS,29.53
2011,15-19,,Кызылординская,,,,,,,KZKZY,26.38
2011,15-19,,Мангистауская,,,,,,,KZMAN,49.6
2011,15-19,,Южно-Казахстанская,,,,,,,KZONT,32.66
2011,15-19,,Павлодарская,,,,,,,KZPAV,30.66
2011,15-19,,Северо-Казахстанская,,,,,,,KZSEV,31.56
2011,15-19,,Восточно-Казахстанская,,,,,,,KZVOS,25.4
2011,15-19,,г_Нур-Султан,,,,,,,KZNS,23.46
2011,15-19,,г_Алматы,,,,,,,KZALA,16.57
2011,15-19,Город,,,,,,,,,29.93
2011,15-19,Город,Акмолинская,,,,,,,KZAKM,31.76
2011,15-19,Город,Актюбинская,,,,,,,KZAKT,26.22
2011,15-19,Город,Алматинская,,,,,,,KZALM,38.33
2011,15-19,Город,Атырауская,,,,,,,KZATY,55.73
2011,15-19,Город,Западно-Казахстанская,,,,,,,KZZAP,34.83
2011,15-19,Город,Жымбылская,,,,,,,KZZHA,31.53
2011,15-19,Город,Карагандинская,,,,,,,KZKAR,32.23
2011,15-19,Город,Костанайская,,,,,,,KZKUS,28.2
2011,15-19,Город,Кызылординская,,,,,,,KZKZY,33.4
2011,15-19,Город,Мангистауская,,,,,,,KZMAN,44.58
2011,15-19,Город,Южно-Казахстанская,,,,,,,KZONT,33.54
2011,15-19,Город,Павлодарская,,,,,,,KZPAV,29.42
2011,15-19,Город,Северо-Казахстанская,,,,,,,KZSEV,29.09
2011,15-19,Город,Восточно-Казахстанская,,,,,,,KZVOS,25.79
2011,15-19,Город,г_Нур-Султан,,,,,,,KZNS,23.46
2011,15-19,Город,г_Алматы,,,,,,,KZALA,16.57
2011,15-19,Село,,,,,,,,,33.39
2011,15-19,Село,Акмолинская,,,,,,,KZAKM,32.7
2011,15-19,Село,Актюбинская,,,,,,,KZAKT,27.15
2011,15-19,Село,Алматинская,,,,,,,KZALM,34.36
2011,15-19,Село,Атырауская,,,,,,,KZATY,44.08
2011,15-19,Село,Западно-Казахстанская,,,,,,,KZZAP,26.12
2011,15-19,Село,Жымбылская,,,,,,,KZZHA,47.96
2011,15-19,Село,Карагандинская,,,,,,,KZKAR,28.12
2011,15-19,Село,Костанайская,,,,,,,KZKUS,30.6
2011,15-19,Село,Кызылординская,,,,,,,KZKZY,21.73
2011,15-19,Село,Мангистауская,,,,,,,KZMAN,54.51
2011,15-19,Село,Южно-Казахстанская,,,,,,,KZONT,32.15
2011,15-19,Село,Павлодарская,,,,,,,KZPAV,32.81
2011,15-19,Село,Северо-Казахстанская,,,,,,,KZSEV,32.77
2011,15-19,Село,Восточно-Казахстанская,,,,,,,KZVOS,24.96
2012,10-14,,,,,,,,,,0.03
2012,10-14,,Акмолинская,,,,,,,KZAKM,0.0
2012,10-14,,Актюбинская,,,,,,,KZAKT,0.04
2012,10-14,,Алматинская,,,,,,,KZALM,0.03
2012,10-14,,Атырауская,,,,,,,KZATY,0.15
2012,10-14,,Западно-Казахстанская,,,,,,,KZZAP,0.05
2012,10-14,,Жымбылская,,,,,,,KZZHA,0.0
2012,10-14,,Карагандинская,,,,,,,KZKAR,0.02
2012,10-14,,Костанайская,,,,,,,KZKUS,0.04
2012,10-14,,Кызылординская,,,,,,,KZKZY,0.03
2012,10-14,,Мангистауская,,,,,,,KZMAN,0.05
2012,10-14,,Южно-Казахстанская,,,,,,,KZONT,0.01
2012,10-14,,Павлодарская,,,,,,,KZPAV,0.1
2012,10-14,,Северо-Казахстанская,,,,,,,KZSEV,0.0
2012,10-14,,Восточно-Казахстанская,,,,,,,KZVOS,0.08
2012,10-14,,г_Нур-Султан,,,,,,,KZNS,0.0
2012,10-14,,г_Алматы,,,,,,,KZALA,0.0
2012,10-14,Город,,,,,,,,,0.04
2012,10-14,Город,Акмолинская,,,,,,,KZAKM,0.0
2012,10-14,Город,Актюбинская,,,,,,,KZAKT,0.07
2012,10-14,Город,Алматинская,,,,,,,KZALM,0.0
2012,10-14,Город,Атырауская,,,,,,,KZATY,0.22
2012,10-14,Город,Западно-Казахстанская,,,,,,,KZZAP,0.13
2012,10-14,Город,Жымбылская,,,,,,,KZZHA,0.0
2012,10-14,Город,Карагандинская,,,,,,,KZKAR,0.03
2012,10-14,Город,Костанайская,,,,,,,KZKUS,0.0
2012,10-14,Город,Кызылординская,,,,,,,KZKZY,0.09
2012,10-14,Город,Мангистауская,,,,,,,KZMAN,0.0
2012,10-14,Город,Южно-Казахстанская,,,,,,,KZONT,0.02
2012,10-14,Город,Павлодарская,,,,,,,KZPAV,0.08
2012,10-14,Город,Северо-Казахстанская,,,,,,,KZSEV,0.0
2012,10-14,Город,Восточно-Казахстанская,,,,,,,KZVOS,0.1
2012,10-14,Город,г_Нур-Султан,,,,,,,KZNS,0.0
2012,10-14,Город,г_Алматы,,,,,,,KZALA,0.0
2012,10-14,Село,,,,,,,,,0.02
2012,10-14,Село,Акмолинская,,,,,,,KZAKM,0.0
2012,10-14,Село,Актюбинская,,,,,,,KZAKT,0.0
2012,10-14,Село,Алматинская,,,,,,,KZALM,0.04
2012,10-14,Село,Атырауская,,,,,,,KZATY,0.09
2012,10-14,Село,Западно-Казахстанская,,,,,,,KZZAP,0.0
2012,10-14,Село,Жымбылская,,,,,,,KZZHA,0.0
2012,10-14,Село,Карагандинская,,,,,,,KZKAR,0.0
2012,10-14,Село,Костанайская,,,,,,,KZKUS,0.07
2012,10-14,Село,Кызылординская,,,,,,,KZKZY,0.0
2012,10-14,Село,Мангистауская,,,,,,,KZMAN,0.09
2012,10-14,Село,Южно-Казахстанская,,,,,,,KZONT,0.0
2012,10-14,Село,Павлодарская,,,,,,,KZPAV,0.13
2012,10-14,Село,Северо-Казахстанская,,,,,,,KZSEV,0.0
2012,10-14,Село,Восточно-Казахстанская,,,,,,,KZVOS,0.05
2012,15-19,,,,,,,,,,33.82
2012,15-19,,Акмолинская,,,,,,,KZAKM,34.51
2012,15-19,,Актюбинская,,,,,,,KZAKT,29.62
2012,15-19,,Алматинская,,,,,,,KZALM,36.44
2012,15-19,,Атырауская,,,,,,,KZATY,54.25
2012,15-19,,Западно-Казахстанская,,,,,,,KZZAP,34.75
2012,15-19,,Жымбылская,,,,,,,KZZHA,45.43
2012,15-19,,Карагандинская,,,,,,,KZKAR,32.02
2012,15-19,,Костанайская,,,,,,,KZKUS,30.19
2012,15-19,,Кызылординская,,,,,,,KZKZY,29.29
2012,15-19,,Мангистауская,,,,,,,KZMAN,54.9
2012,15-19,,Южно-Казахстанская,,,,,,,KZONT,34.49
2012,15-19,,Павлодарская,,,,,,,KZPAV,31.49
2012,15-19,,Северо-Казахстанская,,,,,,,KZSEV,28.25
2012,15-19,,Восточно-Казахстанская,,,,,,,KZVOS,25.69
2012,15-19,,г_Нур-Султан,,,,,,,KZNS,26.03
2012,15-19,,г_Алматы,,,,,,,KZALA,19.09
2012,15-19,Город,,,,,,,,,32.8
2012,15-19,Город,Акмолинская,,,,,,,KZAKM,33.93
2012,15-19,Город,Актюбинская,,,,,,,KZAKT,33.32
2012,15-19,Город,Алматинская,,,,,,,KZALM,40.69
2012,15-19,Город,Атырауская,,,,,,,KZATY,59.61
2012,15-19,Город,Западно-Казахстанская,,,,,,,KZZAP,42.95
2012,15-19,Город,Жымбылская,,,,,,,KZZHA,35.64
2012,15-19,Город,Карагандинская,,,,,,,KZKAR,33.62
2012,15-19,Город,Костанайская,,,,,,,KZKUS,31.25
2012,15-19,Город,Кызылординская,,,,,,,KZKZY,35.41
2012,15-19,Город,Мангистауская,,,,,,,KZMAN,50.37
2012,15-19,Город,Южно-Казахстанская,,,,,,,KZONT,34.41
2012,15-19,Город,Павлодарская,,,,,,,KZPAV,32.16
2012,15-19,Город,Северо-Казахстанская,,,,,,,KZSEV,28.88
2012,15-19,Город,Восточно-Казахстанская,,,,,,,KZVOS,28.34
2012,15-19,Город,г_Нур-Султан,,,,,,,KZNS,26.03
2012,15-19,Город,г_Алматы,,,,,,,KZALA,19.09
2012,15-19,Село,,,,,,,,,34.76
2012,15-19,Село,Акмолинская,,,,,,,KZAKM,34.92
2012,15-19,Село,Актюбинская,,,,,,,KZAKT,25.26
2012,15-19,Село,Алматинская,,,,,,,KZALM,35.24
2012,15-19,Село,Атырауская,,,,,,,KZATY,50.1
2012,15-19,Село,Западно-Казахстанская,,,,,,,KZZAP,29.06
2012,15-19,Село,Жымбылская,,,,,,,KZZHA,51.38
2012,15-19,Село,Карагандинская,,,,,,,KZKAR,27.73
2012,15-19,Село,Костанайская,,,,,,,KZKUS,29.38
2012,15-19,Село,Кызылординская,,,,,,,KZKZY,25.48
2012,15-19,Село,Мангистауская,,,,,,,KZMAN,59.07
2012,15-19,Село,Южно-Казахстанская,,,,,,,KZONT,34.54
2012,15-19,Село,Павлодарская,,,,,,,KZPAV,30.35
2012,15-19,Село,Северо-Казахстанская,,,,,,,KZSEV,27.96
2012,15-19,Село,Восточно-Казахстанская,,,,,,,KZVOS,22.91
2013,10-14,,,,,,,,,,0.04
2013,10-14,,Акмолинская,,,,,,,KZAKM,0.09
2013,10-14,,Актюбинская,,,,,,,KZAKT,0.08
2013,10-14,,Алматинская,,,,,,,KZALM,0.03
2013,10-14,,Атырауская,,,,,,,KZATY,0.05
2013,10-14,,Западно-Казахстанская,,,,,,,KZZAP,0.05
2013,10-14,,Жымбылская,,,,,,,KZZHA,0.0
2013,10-14,,Карагандинская,,,,,,,KZKAR,0.03
2013,10-14,,Костанайская,,,,,,,KZKUS,0.12
2013,10-14,,Кызылординская,,,,,,,KZKZY,0.03
2013,10-14,,Мангистауская,,,,,,,KZMAN,0.05
2013,10-14,,Южно-Казахстанская,,,,,,,KZONT,0.01
2013,10-14,,Павлодарская,,,,,,,KZPAV,0.1
2013,10-14,,Северо-Казахстанская,,,,,,,KZSEV,0.06
2013,10-14,,Восточно-Казахстанская,,,,,,,KZVOS,0.05
2013,10-14,,г_Нур-Султан,,,,,,,KZNS,0.0
2013,10-14,,г_Алматы,,,,,,,KZALA,0.03
2013,10-14,Город,,,,,,,,,0.03
2013,10-14,Город,Акмолинская,,,,,,,KZAKM,0.11
2013,10-14,Город,Актюбинская,,,,,,,KZAKT,0.08
2013,10-14,Город,Алматинская,,,,,,,KZALM,0.0
2013,10-14,Город,Атырауская,,,,,,,KZATY,0.11
2013,10-14,Город,Западно-Казахстанская,,,,,,,KZZAP,0.0
2013,10-14,Город,Жымбылская,,,,,,,KZZHA,0.0
2013,10-14,Город,Карагандинская,,,,,,,KZKAR,0.03
2013,10-14,Город,Костанайская,,,,,,,KZKUS,0.1
2013,10-14,Город,Кызылординская,,,,,,,KZKZY,0.0
2013,10-14,Город,Мангистауская,,,,,,,KZMAN,0.0
2013,10-14,Город,Южно-Казахстанская,,,,,,,KZONT,0.0
2013,10-14,Город,Павлодарская,,,,,,,KZPAV,0.08
2013,10-14,Город,Северо-Казахстанская,,,,,,,KZSEV,0.0
2013,10-14,Город,Восточно-Казахстанская,,,,,,,KZVOS,0.05
2013,10-14,Город,г_Нур-Султан,,,,,,,KZNS,0.0
2013,10-14,Город,г_Алматы,,,,,,,KZALA,0.03
2013,10-14,Село,,,,,,,,,0.04
2013,10-14,Село,Акмолинская,,,,,,,KZAKM,0.07
2013,10-14,Село,Актюбинская,,,,,,,KZAKT,0.09
2013,10-14,Село,Алматинская,,,,,,,KZALM,0.04
2013,10-14,Село,Атырауская,,,,,,,KZATY,0.0
2013,10-14,Село,Западно-Казахстанская,,,,,,,KZZAP,0.09
2013,10-14,Село,Жымбылская,,,,,,,KZZHA,0.0
2013,10-14,Село,Карагандинская,,,,,,,KZKAR,0.0
2013,10-14,Село,Костанайская,,,,,,,KZKUS,0.14
2013,10-14,Село,Кызылординская,,,,,,,KZKZY,0.06
2013,10-14,Село,Мангистауская,,,,,,,KZMAN,0.09
2013,10-14,Село,Южно-Казахстанская,,,,,,,KZONT,0.01
2013,10-14,Село,Павлодарская,,,,,,,KZPAV,0.13
2013,10-14,Село,Северо-Казахстанская,,,,,,,KZSEV,0.09
2013,10-14,Село,Восточно-Казахстанская,,,,,,,KZVOS,0.05
2013,15-19,,,,,,,,,,33.62
2013,15-19,,Акмолинская,,,,,,,KZAKM,31.21
2013,15-19,,Актюбинская,,,,,,,KZAKT,30.87
2013,15-19,,Алматинская,,,,,,,KZALM,37.17
2013,15-19,,Атырауская,,,,,,,KZATY,51.92
2013,15-19,,Западно-Казахстанская,,,,,,,KZZAP,31.56
2013,15-19,,Жымбылская,,,,,,,KZZHA,46.2
2013,15-19,,Карагандинская,,,,,,,KZKAR,30.56
2013,15-19,,Костанайская,,,,,,,KZKUS,29.65
2013,15-19,,Кызылординская,,,,,,,KZKZY,28.18
2013,15-19,,Мангистауская,,,,,,,KZMAN,53.41
2013,15-19,,Южно-Казахстанская,,,,,,,KZONT,37.76
2013,15-19,,Павлодарская,,,,,,,KZPAV,30.0
2013,15-19,,Северо-Казахстанская,,,,,,,KZSEV,27.35
2013,15-19,,Восточно-Казахстанская,,,,,,,KZVOS,26.45
2013,15-19,,г_Нур-Султан,,,,,,,KZNS,26.41
2013,15-19,,г_Алматы,,,,,,,KZALA,14.74
2013,15-19,Город,,,,,,,,,30.78
2013,15-19,Город,Акмолинская,,,,,,,KZAKM,31.36
2013,15-19,Город,Актюбинская,,,,,,,KZAKT,32.72
2013,15-19,Город,Алматинская,,,,,,,KZALM,37.7
2013,15-19,Город,Атырауская,,,,,,,KZATY,55.26
2013,15-19,Город,Западно-Казахстанская,,,,,,,KZZAP,34.78
2013,15-19,Город,Жымбылская,,,,,,,KZZHA,35.3
2013,15-19,Город,Карагандинская,,,,,,,KZKAR,31.34
2013,15-19,Город,Костанайская,,,,,,,KZKUS,28.23
2013,15-19,Город,Кызылординская,,,,,,,KZKZY,30.2
2013,15-19,Город,Мангистауская,,,,,,,KZMAN,45.24
2013,15-19,Город,Южно-Казахстанская,,,,,,,KZONT,38.47
2013,15-19,Город,Павлодарская,,,,,,,KZPAV,27.79
2013,15-19,Город,Северо-Казахстанская,,,,,,,KZSEV,25.82
2013,15-19,Город,Восточно-Казахстанская,,,,,,,KZVOS,28.71
2013,15-19,Город,г_Нур-Султан,,,,,,,KZNS,26.41
2013,15-19,Город,г_Алматы,,,,,,,KZALA,14.74
2013,15-19,Село,,,,,,,,,36.29
2013,15-19,Село,Акмолинская,,,,,,,KZAKM,31.11
2013,15-19,Село,Актюбинская,,,,,,,KZAKT,28.7
2013,15-19,Село,Алматинская,,,,,,,KZALM,37.02
2013,15-19,Село,Атырауская,,,,,,,KZATY,49.45
2013,15-19,Село,Западно-Казахстанская,,,,,,,KZZAP,29.22
2013,15-19,Село,Жымбылская,,,,,,,KZZHA,52.89
2013,15-19,Село,Карагандинская,,,,,,,KZKAR,28.42
2013,15-19,Село,Костанайская,,,,,,,KZKUS,30.75
2013,15-19,Село,Кызылординская,,,,,,,KZKZY,26.91
2013,15-19,Село,Мангистауская,,,,,,,KZMAN,60.83
2013,15-19,Село,Южно-Казахстанская,,,,,,,KZONT,37.38
2013,15-19,Село,Павлодарская,,,,,,,KZPAV,33.82
2013,15-19,Село,Северо-Казахстанская,,,,,,,KZSEV,28.05
2013,15-19,Село,Восточно-Казахстанская,,,,,,,KZVOS,24.0
2014,10-14,,,,,,,,,,0.04
2014,10-14,,Акмолинская,,,,,,,KZAKM,0.09
2014,10-14,,Актюбинская,,,,,,,KZAKT,0.08
2014,10-14,,Алматинская,,,,,,,KZALM,0.05
2014,10-14,,Атырауская,,,,,,,KZATY,0.0
2014,10-14,,Западно-Казахстанская,,,,,,,KZZAP,0.0
2014,10-14,,Жымбылская,,,,,,,KZZHA,0.07
2014,10-14,,Карагандинская,,,,,,,KZKAR,0.07
2014,10-14,,Костанайская,,,,,,,KZKUS,0.12
2014,10-14,,Кызылординская,,,,,,,KZKZY,0.03
2014,10-14,,Мангистауская,,,,,,,KZMAN,0.0
2014,10-14,,Южно-Казахстанская,,,,,,,KZONT,0.0
2014,10-14,,Павлодарская,,,,,,,KZPAV,0.0
2014,10-14,,Северо-Казахстанская,,,,,,,KZSEV,0.0
2014,10-14,,Восточно-Казахстанская,,,,,,,KZVOS,0.05
2014,10-14,,г_Нур-Султан,,,,,,,KZNS,0.1
2014,10-14,,г_Алматы,,,,,,,KZALA,0.0
2014,10-14,Город,,,,,,,,,0.04
2014,10-14,Город,Акмолинская,,,,,,,KZAKM,0.21
2014,10-14,Город,Актюбинская,,,,,,,KZAKT,0.07
2014,10-14,Город,Алматинская,,,,,,,KZALM,0.07
2014,10-14,Город,Атырауская,,,,,,,KZATY,0.0
2014,10-14,Город,Западно-Казахстанская,,,,,,,KZZAP,0.0
2014,10-14,Город,Жымбылская,,,,,,,KZZHA,0.0
2014,10-14,Город,Карагандинская,,,,,,,KZKAR,0.1
2014,10-14,Город,Костанайская,,,,,,,KZKUS,0.09
2014,10-14,Город,Кызылординская,,,,,,,KZKZY,0.0
2014,10-14,Город,Мангистауская,,,,,,,KZMAN,0.0
2014,10-14,Город,Южно-Казахстанская,,,,,,,KZONT,0.0
2014,10-14,Город,Павлодарская,,,,,,,KZPAV,0.0
2014,10-14,Город,Северо-Казахстанская,,,,,,,KZSEV,0.0
2014,10-14,Город,Восточно-Казахстанская,,,,,,,KZVOS,0.0
2014,10-14,Город,г_Нур-Султан,,,,,,,KZNS,0.1
2014,10-14,Город,г_Алматы,,,,,,,KZALA,0.0
2014,10-14,Село,,,,,,,,,0.04
2014,10-14,Село,Акмолинская,,,,,,,KZAKM,0.0
2014,10-14,Село,Актюбинская,,,,,,,KZAKT,0.09
2014,10-14,Село,Алматинская,,,,,,,KZALM,0.04
2014,10-14,Село,Атырауская,,,,,,,KZATY,0.0
2014,10-14,Село,Западно-Казахстанская,,,,,,,KZZAP,0.0
2014,10-14,Село,Жымбылская,,,,,,,KZZHA,0.11
2014,10-14,Село,Карагандинская,,,,,,,KZKAR,0.0
2014,10-14,Село,Костанайская,,,,,,,KZKUS,0.14
2014,10-14,Село,Кызылординская,,,,,,,KZKZY,0.05
2014,10-14,Село,Мангистауская,,,,,,,KZMAN,0.0
2014,10-14,Село,Южно-Казахстанская,,,,,,,KZONT,0.0
2014,10-14,Село,Павлодарская,,,,,,,KZPAV,0.0
2014,10-14,Село,Северо-Казахстанская,,,,,,,KZSEV,0.0
2014,10-14,Село,Восточно-Казахстанская,,,,,,,KZVOS,0.11
2014,15-19,,,,,,,,,,34.42
2014,15-19,,Акмолинская,,,,,,,KZAKM,33.03
2014,15-19,,Актюбинская,,,,,,,KZAKT,31.71
2014,15-19,,Алматинская,,,,,,,KZALM,39.75
2014,15-19,,Атырауская,,,,,,,KZATY,45.46
2014,15-19,,Западно-Казахстанская,,,,,,,KZZAP,32.39
2014,15-19,,Жымбылская,,,,,,,KZZHA,50.16
2014,15-19,,Карагандинская,,,,,,,KZKAR,32.0
2014,15-19,,Костанайская,,,,,,,KZKUS,28.95
2014,15-19,,Кызылординская,,,,,,,KZKZY,28.21
2014,15-19,,Мангистауская,,,,,,,KZMAN,53.82
2014,15-19,,Южно-Казахстанская,,,,,,,KZONT,37.43
2014,15-19,,Павлодарская,,,,,,,KZPAV,30.04
2014,15-19,,Северо-Казахстанская,,,,,,,KZSEV,29.49
2014,15-19,,Восточно-Казахстанская,,,,,,,KZVOS,28.75
2014,15-19,,г_Нур-Султан,,,,,,,KZNS,26.62
2014,15-19,,г_Алматы,,,,,,,KZALA,15.95
2014,15-19,Город,,,,,,,,,31.92
2014,15-19,Город,Акмолинская,,,,,,,KZAKM,32.71
2014,15-19,Город,Актюбинская,,,,,,,KZAKT,33.81
2014,15-19,Город,Алматинская,,,,,,,KZALM,41.21
2014,15-19,Город,Атырауская,,,,,,,KZATY,52.58
2014,15-19,Город,Западно-Казахстанская,,,,,,,KZZAP,34.0
2014,15-19,Город,Жымбылская,,,,,,,KZZHA,37.45
2014,15-19,Город,Карагандинская,,,,,,,KZKAR,33.07
2014,15-19,Город,Костанайская,,,,,,,KZKUS,28.65
2014,15-19,Город,Кызылординская,,,,,,,KZKZY,30.13
2014,15-19,Город,Мангистауская,,,,,,,KZMAN,52.08
2014,15-19,Город,Южно-Казахстанская,,,,,,,KZONT,40.73
2014,15-19,Город,Павлодарская,,,,,,,KZPAV,26.81
2014,15-19,Город,Северо-Казахстанская,,,,,,,KZSEV,24.84
2014,15-19,Город,Восточно-Казахстанская,,,,,,,KZVOS,28.57
2014,15-19,Город,г_Нур-Султан,,,,,,,KZNS,26.62
2014,15-19,Город,г_Алматы,,,,,,,KZALA,15.95
2014,15-19,Село,,,,,,,,,36.84
2014,15-19,Село,Акмолинская,,,,,,,KZAKM,33.25
2014,15-19,Село,Актюбинская,,,,,,,KZAKT,29.3
2014,15-19,Село,Алматинская,,,,,,,KZALM,39.33
2014,15-19,Село,Атырауская,,,,,,,KZATY,40.3
2014,15-19,Село,Западно-Казахстанская,,,,,,,KZZAP,31.29
2014,15-19,Село,Жымбылская,,,,,,,KZZHA,57.91
2014,15-19,Село,Карагандинская,,,,,,,KZKAR,29.0
2014,15-19,Село,Костанайская,,,,,,,KZKUS,29.19
2014,15-19,Село,Кызылординская,,,,,,,KZKZY,27.02
2014,15-19,Село,Мангистауская,,,,,,,KZMAN,55.1
2014,15-19,Село,Южно-Казахстанская,,,,,,,KZONT,35.47
2014,15-19,Село,Павлодарская,,,,,,,KZPAV,35.75
2014,15-19,Село,Северо-Казахстанская,,,,,,,KZSEV,31.6
2014,15-19,Село,Восточно-Казахстанская,,,,,,,KZVOS,28.94
2015,10-14,,,,,,,,,,0.03
2015,10-14,,Акмолинская,,,,,,,KZAKM,0.04
2015,10-14,,Актюбинская,,,,,,,KZAKT,0.0
2015,10-14,,Алматинская,,,,,,,KZALM,0.06
2015,10-14,,Атырауская,,,,,,,KZATY,0.09
2015,10-14,,Западно-Казахстанская,,,,,,,KZZAP,0.0
2015,10-14,,Жымбылская,,,,,,,KZZHA,0.02
2015,10-14,,Карагандинская,,,,,,,KZKAR,0.0
2015,10-14,,Костанайская,,,,,,,KZKUS,0.08
2015,10-14,,Кызылординская,,,,,,,KZKZY,0.0
2015,10-14,,Мангистауская,,,,,,,KZMAN,0.04
2015,10-14,,Южно-Казахстанская,,,,,,,KZONT,0.02
2015,10-14,,Павлодарская,,,,,,,KZPAV,0.0
2015,10-14,,Северо-Казахстанская,,,,,,,KZSEV,0.18
2015,10-14,,Восточно-Казахстанская,,,,,,,KZVOS,0.03
2015,10-14,,г_Нур-Султан,,,,,,,KZNS,0.04
2015,10-14,,г_Алматы,,,,,,,KZALA,0.0
2015,10-14,Город,,,,,,,,,0.04
2015,10-14,Город,Акмолинская,,,,,,,KZAKM,0.1
2015,10-14,Город,Актюбинская,,,,,,,KZAKT,0.0
2015,10-14,Город,Алматинская,,,,,,,KZALM,0.07
2015,10-14,Город,Атырауская,,,,,,,KZATY,0.0
2015,10-14,Город,Западно-Казахстанская,,,,,,,KZZAP,0.0
2015,10-14,Город,Жымбылская,,,,,,,KZZHA,0.0
2015,10-14,Город,Карагандинская,,,,,,,KZKAR,0.0
2015,10-14,Город,Костанайская,,,,,,,KZKUS,0.09
2015,10-14,Город,Кызылординская,,,,,,,KZKZY,0.0
2015,10-14,Город,Мангистауская,,,,,,,KZMAN,0.11
2015,10-14,Город,Южно-Казахстанская,,,,,,,KZONT,0.06
2015,10-14,Город,Павлодарская,,,,,,,KZPAV,0.0
2015,10-14,Город,Северо-Казахстанская,,,,,,,KZSEV,0.35
2015,10-14,Город,Восточно-Казахстанская,,,,,,,KZVOS,0.05
2015,10-14,Город,г_Нур-Султан,,,,,,,KZNS,0.04
2015,10-14,Город,г_Алматы,,,,,,,KZALA,0.0
2015,10-14,Село,,,,,,,,,0.03
2015,10-14,Село,Акмолинская,,,,,,,KZAKM,0.0
2015,10-14,Село,Актюбинская,,,,,,,KZAKT,0.0
2015,10-14,Село,Алматинская,,,,,,,KZALM,0.06
2015,10-14,Село,Атырауская,,,,,,,KZATY,0.17
2015,10-14,Село,Западно-Казахстанская,,,,,,,KZZAP,0.0
2015,10-14,Село,Жымбылская,,,,,,,KZZHA,0.04
2015,10-14,Село,Карагандинская,,,,,,,KZKAR,0.0
2015,10-14,Село,Костанайская,,,,,,,KZKUS,0.07
2015,10-14,Село,Кызылординская,,,,,,,KZKZY,0.0
2015,10-14,Село,Мангистауская,,,,,,,KZMAN,0.0
2015,10-14,Село,Южно-Казахстанская,,,,,,,KZONT,0.0
2015,10-14,Село,Павлодарская,,,,,,,KZPAV,0.0
2015,10-14,Село,Северо-Казахстанская,,,,,,,KZSEV,0.09
2015,10-14,Село,Восточно-Казахстанская,,,,,,,KZVOS,0.0
2015,15-19,,,,,,,,,,30.95
2015,15-19,,Акмолинская,,,,,,,KZAKM,30.37
2015,15-19,,Актюбинская,,,,,,,KZAKT,30.16
2015,15-19,,Алматинская,,,,,,,KZALM,36.08
2015,15-19,,Атырауская,,,,,,,KZATY,39.8
2015,15-19,,Западно-Казахстанская,,,,,,,KZZAP,25.96
2015,15-19,,Жымбылская,,,,,,,KZZHA,46.0
2015,15-19,,Карагандинская,,,,,,,KZKAR,28.3
2015,15-19,,Костанайская,,,,,,,KZKUS,26.6
2015,15-19,,Кызылординская,,,,,,,KZKZY,24.47
2015,15-19,,Мангистауская,,,,,,,KZMAN,48.4
2015,15-19,,Южно-Казахстанская,,,,,,,KZONT,35.01
2015,15-19,,Павлодарская,,,,,,,KZPAV,29.56
2015,15-19,,Северо-Казахстанская,,,,,,,KZSEV,26.52
2015,15-19,,Восточно-Казахстанская,,,,,,,KZVOS,24.07
2015,15-19,,г_Нур-Султан,,,,,,,KZNS,23.0
2015,15-19,,г_Алматы,,,,,,,KZALA,12.94
2015,15-19,Город,,,,,,,,,27.56
2015,15-19,Город,Акмолинская,,,,,,,KZAKM,29.03
2015,15-19,Город,Актюбинская,,,,,,,KZAKT,34.56
2015,15-19,Город,Алматинская,,,,,,,KZALM,36.73
2015,15-19,Город,Атырауская,,,,,,,KZATY,38.98
2015,15-19,Город,Западно-Казахстанская,,,,,,,KZZAP,25.04
2015,15-19,Город,Жымбылская,,,,,,,KZZHA,35.83
2015,15-19,Город,Карагандинская,,,,,,,KZKAR,29.11
2015,15-19,Город,Костанайская,,,,,,,KZKUS,25.71
2015,15-19,Город,Кызылординская,,,,,,,KZKZY,26.18
2015,15-19,Город,Мангистауская,,,,,,,KZMAN,41.9
2015,15-19,Город,Южно-Казахстанская,,,,,,,KZONT,34.45
2015,15-19,Город,Павлодарская,,,,,,,KZPAV,25.68
2015,15-19,Город,Северо-Казахстанская,,,,,,,KZSEV,23.75
2015,15-19,Город,Восточно-Казахстанская,,,,,,,KZVOS,24.67
2015,15-19,Город,г_Нур-Султан,,,,,,,KZNS,23.0
2015,15-19,Город,г_Алматы,,,,,,,KZALA,12.94
2015,15-19,Село,,,,,,,,,34.35
2015,15-19,Село,Акмолинская,,,,,,,KZAKM,31.31
2015,15-19,Село,Актюбинская,,,,,,,KZAKT,25.01
2015,15-19,Село,Алматинская,,,,,,,KZALM,35.89
2015,15-19,Село,Атырауская,,,,,,,KZATY,40.41
2015,15-19,Село,Западно-Казахстанская,,,,,,,KZZAP,26.64
2015,15-19,Село,Жымбылская,,,,,,,KZZHA,52.22
2015,15-19,Село,Карагандинская,,,,,,,KZKAR,25.97
2015,15-19,Село,Костанайская,,,,,,,KZKUS,27.31
2015,15-19,Село,Кызылординская,,,,,,,KZKZY,23.4
2015,15-19,Село,Мангистауская,,,,,,,KZMAN,52.3
2015,15-19,Село,Южно-Казахстанская,,,,,,,KZONT,35.39
2015,15-19,Село,Павлодарская,,,,,,,KZPAV,36.55
2015,15-19,Село,Северо-Казахстанская,,,,,,,KZSEV,27.92
2015,15-19,Село,Восточно-Казахстанская,,,,,,,KZVOS,23.4
2016,10-14,,,,,,,,,,0.02
2016,10-14,,Акмолинская,,,,,,,KZAKM,0.04
2016,10-14,,Актюбинская,,,,,,,KZAKT,0.0
2016,10-14,,Алматинская,,,,,,,KZALM,0.01
2016,10-14,,Атырауская,,,,,,,KZATY,0.0
2016,10-14,,Западно-Казахстанская,,,,,,,KZZAP,0.0
2016,10-14,,Жымбылская,,,,,,,KZZHA,0.04
2016,10-14,,Карагандинская,,,,,,,KZKAR,0.02
2016,10-14,,Костанайская,,,,,,,KZKUS,0.04
2016,10-14,,Кызылординская,,,,,,,KZKZY,0.1
2016,10-14,,Мангистауская,,,,,,,KZMAN,0.0
2016,10-14,,Южно-Казахстанская,,,,,,,KZONT,0.01
2016,10-14,,Павлодарская,,,,,,,KZPAV,0.0
2016,10-14,,Северо-Казахстанская,,,,,,,KZSEV,0.0
2016,10-14,,Восточно-Казахстанская,,,,,,,KZVOS,0.0
2016,10-14,,г_Нур-Султан,,,,,,,KZNS,0.0
2016,10-14,,г_Алматы,,,,,,,KZALA,0.0
2016,10-14,Город,,,,,,,,,0.01
2016,10-14,Город,Акмолинская,,,,,,,KZAKM,0.1
2016,10-14,Город,Актюбинская,,,,,,,KZAKT,0.0
2016,10-14,Город,Алматинская,,,,,,,KZALM,0.0
2016,10-14,Город,Атырауская,,,,,,,KZATY,0.0
2016,10-14,Город,Западно-Казахстанская,,,,,,,KZZAP,0.0
2016,10-14,Город,Жымбылская,,,,,,,KZZHA,0.06
2016,10-14,Город,Карагандинская,,,,,,,KZKAR,0.03
2016,10-14,Город,Костанайская,,,,,,,KZKUS,0.0
2016,10-14,Город,Кызылординская,,,,,,,KZKZY,0.0
2016,10-14,Город,Мангистауская,,,,,,,KZMAN,0.0
2016,10-14,Город,Южно-Казахстанская,,,,,,,KZONT,0.02
2016,10-14,Город,Павлодарская,,,,,,,KZPAV,0.0
2016,10-14,Город,Северо-Казахстанская,,,,,,,KZSEV,0.0
2016,10-14,Город,Восточно-Казахстанская,,,,,,,KZVOS,0.0
2016,10-14,Город,г_Нур-Султан,,,,,,,KZNS,0.0
2016,10-14,Город,г_Алматы,,,,,,,KZALA,0.0
2016,10-14,Село,,,,,,,,,0.02
2016,10-14,Село,Акмолинская,,,,,,,KZAKM,0.0
2016,10-14,Село,Актюбинская,,,,,,,KZAKT,0.0
2016,10-14,Село,Алматинская,,,,,,,KZALM,0.02
2016,10-14,Село,Атырауская,,,,,,,KZATY,0.0
2016,10-14,Село,Западно-Казахстанская,,,,,,,KZZAP,0.0
2016,10-14,Село,Жымбылская,,,,,,,KZZHA,0.03
2016,10-14,Село,Карагандинская,,,,,,,KZKAR,0.0
2016,10-14,Село,Костанайская,,,,,,,KZKUS,0.07
2016,10-14,Село,Кызылординская,,,,,,,KZKZY,0.16
2016,10-14,Село,Мангистауская,,,,,,,KZMAN,0.0
2016,10-14,Село,Южно-Казахстанская,,,,,,,KZONT,0.0
2016,10-14,Село,Павлодарская,,,,,,,KZPAV,0.0
2016,10-14,Село,Северо-Казахстанская,,,,,,,KZSEV,0.0
2016,10-14,Село,Восточно-Казахстанская,,,,,,,KZVOS,0.0
2016,15-19,,,,,,,,,,28.1
2016,15-19,,Акмолинская,,,,,,,KZAKM,26.03
2016,15-19,,Актюбинская,,,,,,,KZAKT,25.87
2016,15-19,,Алматинская,,,,,,,KZALM,35.02
2016,15-19,,Атырауская,,,,,,,KZATY,35.11
2016,15-19,,Западно-Казахстанская,,,,,,,KZZAP,26.18
2016,15-19,,Жымбылская,,,,,,,KZZHA,41.09
2016,15-19,,Карагандинская,,,,,,,KZKAR,24.05
2016,15-19,,Костанайская,,,,,,,KZKUS,24.56
2016,15-19,,Кызылординская,,,,,,,KZKZY,21.58
2016,15-19,,Мангистауская,,,,,,,KZMAN,42.25
2016,15-19,,Южно-Казахстанская,,,,,,,KZONT,31.77
2016,15-19,,Павлодарская,,,,,,,KZPAV,25.18
2016,15-19,,Северо-Казахстанская,,,,,,,KZSEV,26.13
2016,15-19,,Восточно-Казахстанская,,,,,,,KZVOS,22.96
2016,15-19,,г_Нур-Султан,,,,,,,KZNS,18.71
2016,15-19,,г_Алматы,,,,,,,KZALA,13.5
2016,15-19,Город,,,,,,,,,25.18
2016,15-19,Город,Акмолинская,,,,,,,KZAKM,25.88
2016,15-19,Город,Актюбинская,,,,,,,KZAKT,30.06
2016,15-19,Город,Алматинская,,,,,,,KZALM,37.0
2016,15-19,Город,Атырауская,,,,,,,KZATY,40.15
2016,15-19,Город,Западно-Казахстанская,,,,,,,KZZAP,25.7
2016,15-19,Город,Жымбылская,,,,,,,KZZHA,31.94
2016,15-19,Город,Карагандинская,,,,,,,KZKAR,23.86
2016,15-19,Город,Костанайская,,,,,,,KZKUS,22.09
2016,15-19,Город,Кызылординская,,,,,,,KZKZY,22.54
2016,15-19,Город,Мангистауская,,,,,,,KZMAN,40.1
2016,15-19,Город,Южно-Казахстанская,,,,,,,KZONT,31.74
2016,15-19,Город,Павлодарская,,,,,,,KZPAV,23.25
2016,15-19,Город,Северо-Казахстанская,,,,,,,KZSEV,21.91
2016,15-19,Город,Восточно-Казахстанская,,,,,,,KZVOS,23.77
2016,15-19,Город,г_Нур-Султан,,,,,,,KZNS,18.71
2016,15-19,Город,г_Алматы,,,,,,,KZALA,13.5
2016,15-19,Село,,,,,,,,,31.12
2016,15-19,Село,Акмолинская,,,,,,,KZAKM,26.13
2016,15-19,Село,Актюбинская,,,,,,,KZAKT,20.72
2016,15-19,Село,Алматинская,,,,,,,KZALM,34.45
2016,15-19,Село,Атырауская,,,,,,,KZATY,31.33
2016,15-19,Село,Западно-Казахстанская,,,,,,,KZZAP,26.59
2016,15-19,Село,Жымбылская,,,,,,,KZZHA,46.59
2016,15-19,Село,Карагандинская,,,,,,,KZKAR,24.61
2016,15-19,Село,Костанайская,,,,,,,KZKUS,26.54
2016,15-19,Село,Кызылординская,,,,,,,KZKZY,20.97
2016,15-19,Село,Мангистауская,,,,,,,KZMAN,43.48
2016,15-19,Село,Южно-Казахстанская,,,,,,,KZONT,31.8
2016,15-19,Село,Павлодарская,,,,,,,KZPAV,28.69
2016,15-19,Село,Северо-Казахстанская,,,,,,,KZSEV,28.57
2016,15-19,Село,Восточно-Казахстанская,,,,,,,KZVOS,22.03
2017,10-14,,,,,,,,,,0.02
2017,10-14,,Акмолинская,,,,,,,KZAKM,0.0
2017,10-14,,Актюбинская,,,,,,,KZAKT,0.0
2017,10-14,,Алматинская,,,,,,,KZALM,0.04
2017,10-14,,Атырауская,,,,,,,KZATY,0.0
2017,10-14,,Западно-Казахстанская,,,,,,,KZZAP,0.09
2017,10-14,,Жымбылская,,,,,,,KZZHA,0.0
2017,10-14,,Карагандинская,,,,,,,KZKAR,0.02
2017,10-14,,Костанайская,,,,,,,KZKUS,0.04
2017,10-14,,Кызылординская,,,,,,,KZKZY,0.0
2017,10-14,,Мангистауская,,,,,,,KZMAN,0.0
2017,10-14,,Южно-Казахстанская,,,,,,,KZONT,0.01
2017,10-14,,Павлодарская,,,,,,,KZPAV,0.0
2017,10-14,,Северо-Казахстанская,,,,,,,KZSEV,0.0
2017,10-14,,Восточно-Казахстанская,,,,,,,KZVOS,0.07
2017,10-14,,г_Нур-Султан,,,,,,,KZNS,0.0
2017,10-14,,г_Алматы,,,,,,,KZALA,0.02
2017,10-14,Город,,,,,,,,,0.02
2017,10-14,Город,Акмолинская,,,,,,,KZAKM,0.0
2017,10-14,Город,Актюбинская,,,,,,,KZAKT,0.0
2017,10-14,Город,Алматинская,,,,,,,KZALM,0.12
2017,10-14,Город,Атырауская,,,,,,,KZATY,0.0
2017,10-14,Город,Западно-Казахстанская,,,,,,,KZZAP,0.11
2017,10-14,Город,Жымбылская,,,,,,,KZZHA,0.0
2017,10-14,Город,Карагандинская,,,,,,,KZKAR,0.0
2017,10-14,Город,Костанайская,,,,,,,KZKUS,0.08
2017,10-14,Город,Кызылординская,,,,,,,KZKZY,0.0
2017,10-14,Город,Мангистауская,,,,,,,KZMAN,0.0
2017,10-14,Город,Южно-Казахстанская,,,,,,,KZONT,0.0
2017,10-14,Город,Павлодарская,,,,,,,KZPAV,0.0
2017,10-14,Город,Северо-Казахстанская,,,,,,,KZSEV,0.0
2017,10-14,Город,Восточно-Казахстанская,,,,,,,KZVOS,0.04
2017,10-14,Город,г_Нур-Султан,,,,,,,KZNS,0.0
2017,10-14,Город,г_Алматы,,,,,,,KZALA,0.02
2017,10-14,Село,,,,,,,,,0.02
2017,10-14,Село,Акмолинская,,,,,,,KZAKM,0.0
2017,10-14,Село,Актюбинская,,,,,,,KZAKT,0.0
2017,10-14,Село,Алматинская,,,,,,,KZALM,0.02
2017,10-14,Село,Атырауская,,,,,,,KZATY,0.0
2017,10-14,Село,Западно-Казахстанская,,,,,,,KZZAP,0.08
2017,10-14,Село,Жымбылская,,,,,,,KZZHA,0.0
2017,10-14,Село,Карагандинская,,,,,,,KZKAR,0.09
2017,10-14,Село,Костанайская,,,,,,,KZKUS,0.0
2017,10-14,Село,Кызылординская,,,,,,,KZKZY,0.0
2017,10-14,Село,Мангистауская,,,,,,,KZMAN,0.0
2017,10-14,Село,Южно-Казахстанская,,,,,,,KZONT,0.03
2017,10-14,Село,Павлодарская,,,,,,,KZPAV,0.0
2017,10-14,Село,Северо-Казахстанская,,,,,,,KZSEV,0.0
2017,10-14,Село,Восточно-Казахстанская,,,,,,,KZVOS,0.1
2017,15-19,,,,,,,,,,24.9
2017,15-19,,Акмолинская,,,,,,,KZAKM,24.91
2017,15-19,,Актюбинская,,,,,,,KZAKT,21.33
2017,15-19,,Алматинская,,,,,,,KZALM,29.72
2017,15-19,,Атырауская,,,,,,,KZATY,30.99
2017,15-19,,Западно-Казахстанская,,,,,,,KZZAP,20.48
2017,15-19,,Жымбылская,,,,,,,KZZHA,35.47
2017,15-19,,Карагандинская,,,,,,,KZKAR,20.46
2017,15-19,,Костанайская,,,,,,,KZKUS,20.1
2017,15-19,,Кызылординская,,,,,,,KZKZY,19.8
2017,15-19,,Мангистауская,,,,,,,KZMAN,39.81
2017,15-19,,Южно-Казахстанская,,,,,,,KZONT,30.0
2017,15-19,,Павлодарская,,,,,,,KZPAV,22.08
2017,15-19,,Северо-Казахстанская,,,,,,,KZSEV,20.54
2017,15-19,,Восточно-Казахстанская,,,,,,,KZVOS,20.39
2017,15-19,,г_Нур-Султан,,,,,,,KZNS,14.99
2017,15-19,,г_Алматы,,,,,,,KZALA,12.75
2017,15-19,Город,,,,,,,,,22.38
2017,15-19,Город,Акмолинская,,,,,,,KZAKM,23.27
2017,15-19,Город,Актюбинская,,,,,,,KZAKT,25.46
2017,15-19,Город,Алматинская,,,,,,,KZALM,33.22
2017,15-19,Город,Атырауская,,,,,,,KZATY,33.22
2017,15-19,Город,Западно-Казахстанская,,,,,,,KZZAP,19.06
2017,15-19,Город,Жымбылская,,,,,,,KZZHA,26.83
2017,15-19,Город,Карагандинская,,,,,,,KZKAR,20.32
2017,15-19,Город,Костанайская,,,,,,,KZKUS,16.93
2017,15-19,Город,Кызылординская,,,,,,,KZKZY,21.3
2017,15-19,Город,Мангистауская,,,,,,,KZMAN,41.15
2017,15-19,Город,Южно-Казахстанская,,,,,,,KZONT,31.09
2017,15-19,Город,Павлодарская,,,,,,,KZPAV,19.34
2017,15-19,Город,Северо-Казахстанская,,,,,,,KZSEV,17.26
2017,15-19,Город,Восточно-Казахстанская,,,,,,,KZVOS,20.18
2017,15-19,Город,г_Нур-Султан,,,,,,,KZNS,14.99
2017,15-19,Город,г_Алматы,,,,,,,KZALA,12.75
2017,15-19,Село,,,,,,,,,27.56
2017,15-19,Село,Акмолинская,,,,,,,KZAKM,26.14
2017,15-19,Село,Актюбинская,,,,,,,KZAKT,15.85
2017,15-19,Село,Алматинская,,,,,,,KZALM,28.74
2017,15-19,Село,Атырауская,,,,,,,KZATY,29.29
2017,15-19,Село,Западно-Казахстанская,,,,,,,KZZAP,21.78
2017,15-19,Село,Жымбылская,,,,,,,KZZHA,40.52
2017,15-19,Село,Карагандинская,,,,,,,KZKAR,20.88
2017,15-19,Село,Костанайская,,,,,,,KZKUS,22.7
2017,15-19,Село,Кызылординская,,,,,,,KZKZY,18.82
2017,15-19,Село,Мангистауская,,,,,,,KZMAN,39.06
2017,15-19,Село,Южно-Казахстанская,,,,,,,KZONT,29.26
2017,15-19,Село,Павлодарская,,,,,,,KZPAV,27.14
2017,15-19,Село,Северо-Казахстанская,,,,,,,KZSEV,22.43
2017,15-19,Село,Восточно-Казахстанская,,,,,,,KZVOS,20.06
2018,10-14,,,,,,,,,,0.02
2018,10-14,,Акмолинская,,,,,,,KZAKM,0.08
2018,10-14,,Актюбинская,,,,,,,KZAKT,0.06
2018,10-14,,Алматинская,,,,,,,KZALM,0.03
2018,10-14,,Атырауская,,,,,,,KZATY,0.04
2018,10-14,,Западно-Казахстанская,,,,,,,KZZAP,0.05
2018,10-14,,Жымбылская,,,,,,,KZZHA,0.02
2018,10-14,,Карагандинская,,,,,,,KZKAR,0.0
2018,10-14,,Костанайская,,,,,,,KZKUS,0.0
2018,10-14,,Кызылординская,,,,,,,KZKZY,0.03
2018,10-14,,Мангистауская,,,,,,,KZMAN,0.0
2018,10-14,,Павлодарская,,,,,,,KZPAV,0.0
2018,10-14,,Северо-Казахстанская,,,,,,,KZSEV,0.06
2018,10-14,,Туркестанская,,,,,,,KZYUZ,0.0
2018,10-14,,Восточно-Казахстанская,,,,,,,KZVOS,0.0
2018,10-14,,г_Нур-Султан,,,,,,,KZNS,0.06
2018,10-14,,г_Алматы,,,,,,,KZALA,0.02
2018,10-14,,г_Шымкент,,,,,,,KZSHY,0.02
2018,10-14,Город,,,,,,,,,0.03
2018,10-14,Город,Акмолинская,,,,,,,KZAKM,0.18
2018,10-14,Город,Актюбинская,,,,,,,KZAKT,0.05
2018,10-14,Город,Алматинская,,,,,,,KZALM,0.0
2018,10-14,Город,Атырауская,,,,,,,KZATY,0.0
2018,10-14,Город,Западно-Казахстанская,,,,,,,KZZAP,0.1
2018,10-14,Город,Жымбылская,,,,,,,KZZHA,0.05
2018,10-14,Город,Карагандинская,,,,,,,KZKAR,0.0
2018,10-14,Город,Костанайская,,,,,,,KZKUS,0.0
2018,10-14,Город,Кызылординская,,,,,,,KZKZY,0.0
2018,10-14,Город,Мангистауская,,,,,,,KZMAN,0.0
2018,10-14,Город,Павлодарская,,,,,,,KZPAV,0.0
2018,10-14,Город,Северо-Казахстанская,,,,,,,KZSEV,0.16
2018,10-14,Город,Туркестанская,,,,,,,KZYUZ,0.0
2018,10-14,Город,Восточно-Казахстанская,,,,,,,KZVOS,0.0
2018,10-14,Город,г_Нур-Султан,,,,,,,KZNS,0.06
2018,10-14,Город,г_Алматы,,,,,,,KZALA,0.02
2018,10-14,Город,г_Шымкент,,,,,,,KZSHY,0.02
2018,10-14,Село,,,,,,,,,0.01
2018,10-14,Село,Акмолинская,,,,,,,KZAKM,0.0
2018,10-14,Село,Актюбинская,,,,,,,KZAKT,0.09
2018,10-14,Село,Алматинская,,,,,,,KZALM,0.03
2018,10-14,Село,Атырауская,,,,,,,KZATY,0.08
2018,10-14,Село,Западно-Казахстанская,,,,,,,KZZAP,0.0
2018,10-14,Село,Жымбылская,,,,,,,KZZHA,0.0
2018,10-14,Село,Карагандинская,,,,,,,KZKAR,0.0
2018,10-14,Село,Костанайская,,,,,,,KZKUS,0.0
2018,10-14,Село,Кызылординская,,,,,,,KZKZY,0.05
2018,10-14,Село,Мангистауская,,,,,,,KZMAN,0.0
2018,10-14,Село,Павлодарская,,,,,,,KZPAV,0.0
2018,10-14,Село,Северо-Казахстанская,,,,,,,KZSEV,0.0
2018,10-14,Село,Туркестанская,,,,,,,KZYUZ,0.0
2018,10-14,Село,Восточно-Казахстанская,,,,,,,KZVOS,0.0
2018,15-19,,,,,,,,,,23.93
2018,15-19,,Акмолинская,,,,,,,KZAKM,21.61
2018,15-19,,Актюбинская,,,,,,,KZAKT,17.74
2018,15-19,,Алматинская,,,,,,,KZALM,28.76
2018,15-19,,Атырауская,,,,,,,KZATY,28.21
2018,15-19,,Западно-Казахстанская,,,,,,,KZZAP,20.94
2018,15-19,,Жымбылская,,,,,,,KZZHA,36.64
2018,15-19,,Карагандинская,,,,,,,KZKAR,20.41
2018,15-19,,Костанайская,,,,,,,KZKUS,18.63
2018,15-19,,Кызылординская,,,,,,,KZKZY,20.65
2018,15-19,,Мангистауская,,,,,,,KZMAN,35.04
2018,15-19,,Павлодарская,,,,,,,KZPAV,18.47
2018,15-19,,Северо-Казахстанская,,,,,,,KZSEV,19.55
2018,15-19,,Туркестанская,,,,,,,KZYUZ,30.92
2018,15-19,,Восточно-Казахстанская,,,,,,,KZVOS,19.52
2018,15-19,,г_Нур-Султан,,,,,,,KZNS,15.07
2018,15-19,,г_Алматы,,,,,,,KZALA,12.31
2018,15-19,,г_Шымкент,,,,,,,KZSHY,24.34
2018,15-19,Город,,,,,,,,,21.09
2018,15-19,Город,Акмолинская,,,,,,,KZAKM,20.1
2018,15-19,Город,Актюбинская,,,,,,,KZAKT,18.9
2018,15-19,Город,Алматинская,,,,,,,KZALM,31.06
2018,15-19,Город,Атырауская,,,,,,,KZATY,28.76
2018,15-19,Город,Западно-Казахстанская,,,,,,,KZZAP,20.77
2018,15-19,Город,Жымбылская,,,,,,,KZZHA,29.45
2018,15-19,Город,Карагандинская,,,,,,,KZKAR,20.1
2018,15-19,Город,Костанайская,,,,,,,KZKUS,14.14
2018,15-19,Город,Кызылординская,,,,,,,KZKZY,20.81
2018,15-19,Город,Мангистауская,,,,,,,KZMAN,36.41
2018,15-19,Город,Павлодарская,,,,,,,KZPAV,16.43
2018,15-19,Город,Северо-Казахстанская,,,,,,,KZSEV,16.84
2018,15-19,Город,Туркестанская,,,,,,,KZYUZ,38.55
2018,15-19,Город,Восточно-Казахстанская,,,,,,,KZVOS,19.48
2018,15-19,Город,г_Нур-Султан,,,,,,,KZNS,15.07
2018,15-19,Город,г_Алматы,,,,,,,KZALA,12.31
2018,15-19,Город,г_Шымкент,,,,,,,KZSHY,24.34
2018,15-19,Село,,,,,,,,,27.01
2018,15-19,Село,Акмолинская,,,,,,,KZAKM,22.74
2018,15-19,Село,Актюбинская,,,,,,,KZAKT,15.65
2018,15-19,Село,Алматинская,,,,,,,KZALM,28.14
2018,15-19,Село,Атырауская,,,,,,,KZATY,27.68
2018,15-19,Село,Западно-Казахстанская,,,,,,,KZZAP,21.1
2018,15-19,Село,Жымбылская,,,,,,,KZZHA,40.8
2018,15-19,Село,Карагандинская,,,,,,,KZKAR,21.36
2018,15-19,Село,Костанайская,,,,,,,KZKUS,22.51
2018,15-19,Село,Кызылординская,,,,,,,KZKZY,20.54
2018,15-19,Село,Мангистауская,,,,,,,KZMAN,34.27
2018,15-19,Село,Павлодарская,,,,,,,KZPAV,22.26
2018,15-19,Село,Северо-Казахстанская,,,,,,,KZSEV,21.07
2018,15-19,Село,Туркестанская,,,,,,,KZYUZ,29.23
2018,15-19,Село,Восточно-Казахстанская,,,,,,,KZVOS,19.57
2019,10-14,,,,,,,,,,0.02
2019,10-14,,Акмолинская,,,,,,,KZAKM,0.04
2019,10-14,,Актюбинская,,,,,,,KZAKT,0.03
2019,10-14,,Алматинская,,,,,,,KZALM,0.05
2019,10-14,,Атырауская,,,,,,,KZATY,0.04
2019,10-14,,Западно-Казахстанская,,,,,,,KZZAP,0.0
2019,10-14,,Жымбылская,,,,,,,KZZHA,0.06
2019,10-14,,Карагандинская,,,,,,,KZKAR,0.04
2019,10-14,,Костанайская,,,,,,,KZKUS,0.0
2019,10-14,,Кызылординская,,,,,,,KZKZY,0.0
2019,10-14,,Мангистауская,,,,,,,KZMAN,0.0
2019,10-14,,Павлодарская,,,,,,,KZPAV,0.0
2019,10-14,,Северо-Казахстанская,,,,,,,KZSEV,0.0
2019,10-14,,Туркестанская,,,,,,,KZYUZ,0.0
2019,10-14,,Восточно-Казахстанская,,,,,,,KZVOS,0.04
2019,10-14,,г_Нур-Султан,,,,,,,KZNS,0.03
2019,10-14,,г_Алматы,,,,,,,KZALA,0.0
2019,10-14,,г_Шымкент,,,,,,,KZSHY,0.07
2019,10-14,Город,,,,,,,,,0.02
2019,10-14,Город,Акмолинская,,,,,,,KZAKM,0.0
2019,10-14,Город,Актюбинская,,,,,,,KZAKT,0.05
2019,10-14,Город,Алматинская,,,,,,,KZALM,0.0
2019,10-14,Город,Атырауская,,,,,,,KZATY,0.07
2019,10-14,Город,Западно-Казахстанская,,,,,,,KZZAP,0.0
2019,10-14,Город,Жымбылская,,,,,,,KZZHA,0.0
2019,10-14,Город,Карагандинская,,,,,,,KZKAR,0.03
2019,10-14,Город,Костанайская,,,,,,,KZKUS,0.0
2019,10-14,Город,Кызылординская,,,,,,,KZKZY,0.0
2019,10-14,Город,Мангистауская,,,,,,,KZMAN,0.0
2019,10-14,Город,Павлодарская,,,,,,,KZPAV,0.0
2019,10-14,Город,Северо-Казахстанская,,,,,,,KZSEV,0.0
2019,10-14,Город,Туркестанская,,,,,,,KZYUZ,0.0
2019,10-14,Город,Восточно-Казахстанская,,,,,,,KZVOS,0.0
2019,10-14,Город,г_Нур-Султан,,,,,,,KZNS,0.03
2019,10-14,Город,г_Алматы,,,,,,,KZALA,0.0
2019,10-14,Город,г_Шымкент,,,,,,,KZSHY,0.07
2019,10-14,Село,,,,,,,,,0.03
2019,10-14,Село,Акмолинская,,,,,,,KZAKM,0.07
2019,10-14,Село,Актюбинская,,,,,,,KZAKT,0.0
2019,10-14,Село,Алматинская,,,,,,,KZALM,0.06
2019,10-14,Село,Атырауская,,,,,,,KZATY,0.0
2019,10-14,Село,Западно-Казахстанская,,,,,,,KZZAP,0.0
2019,10-14,Село,Жымбылская,,,,,,,KZZHA,0.09
2019,10-14,Село,Карагандинская,,,,,,,KZKAR,0.09
2019,10-14,Село,Костанайская,,,,,,,KZKUS,0.0
2019,10-14,Село,Кызылординская,,,,,,,KZKZY,0.0
2019,10-14,Село,Мангистауская,,,,,,,KZMAN,0.0
2019,10-14,Село,Павлодарская,,,,,,,KZPAV,0.0
2019,10-14,Село,Северо-Казахстанская,,,,,,,KZSEV,0.0
2019,10-14,Село,Туркестанская,,,,,,,KZYUZ,0.0
2019,10-14,Село,Восточно-Казахстанская,,,,,,,KZVOS,0.09
2019,15-19,,,,,,,,,,23.2
2019,15-19,,Акмолинская,,,,,,,KZAKM,21.6
2019,15-19,,Актюбинская,,,,,,,KZAKT,18.06
2019,15-19,,Алматинская,,,,,,,KZALM,27.35
2019,15-19,,Атырауская,,,,,,,KZATY,25.96
2019,15-19,,Западно-Казахстанская,,,,,,,KZZAP,18.71
2019,15-19,,Жымбылская,,,,,,,KZZHA,33.73
2019,15-19,,Карагандинская,,,,,,,KZKAR,19.91
2019,15-19,,Костанайская,,,,,,,KZKUS,18.48
2019,15-19,,Кызылординская,,,,,,,KZKZY,18.95
2019,15-19,,Мангистауская,,,,,,,KZMAN,33.98
2019,15-19,,Павлодарская,,,,,,,KZPAV,18.24
2019,15-19,,Северо-Казахстанская,,,,,,,KZSEV,19.15
2019,15-19,,Туркестанская,,,,,,,KZYUZ,31.97
2019,15-19,,Восточно-Казахстанская,,,,,,,KZVOS,17.23
2019,15-19,,г_Нур-Султан,,,,,,,KZNS,11.69
2019,15-19,,г_Алматы,,,,,,,KZALA,12.39
2019,15-19,,г_Шымкент,,,,,,,KZSHY,25.44
2019,15-19,Город,,,,,,,,,20.61
2019,15-19,Город,Акмолинская,,,,,,,KZAKM,19.76
2019,15-19,Город,Актюбинская,,,,,,,KZAKT,20.01
2019,15-19,Город,Алматинская,,,,,,,KZALM,30.27
2019,15-19,Город,Атырауская,,,,,,,KZATY,24.43
2019,15-19,Город,Западно-Казахстанская,,,,,,,KZZAP,19.1
2019,15-19,Город,Жымбылская,,,,,,,KZZHA,27.77
2019,15-19,Город,Карагандинская,,,,,,,KZKAR,19.23
2019,15-19,Город,Костанайская,,,,,,,KZKUS,15.33
2019,15-19,Город,Кызылординская,,,,,,,KZKZY,19.44
2019,15-19,Город,Мангистауская,,,,,,,KZMAN,29.86
2019,15-19,Город,Павлодарская,,,,,,,KZPAV,16.52
2019,15-19,Город,Северо-Казахстанская,,,,,,,KZSEV,16.43
2019,15-19,Город,Туркестанская,,,,,,,KZYUZ,45.85
2019,15-19,Город,Восточно-Казахстанская,,,,,,,KZVOS,16.49
2019,15-19,Город,г_Нур-Султан,,,,,,,KZNS,11.69
2019,15-19,Город,г_Алматы,,,,,,,KZALA,12.39
2019,15-19,Город,г_Шымкент,,,,,,,KZSHY,20.61
2019,15-19,Село,,,,,,,,,26.04
2019,15-19,Село,Акмолинская,,,,,,,KZAKM,22.95
2019,15-19,Село,Актюбинская,,,,,,,KZAKT,14.49
2019,15-19,Село,Алматинская,,,,,,,KZALM,26.57
2019,15-19,Село,Атырауская,,,,,,,KZATY,27.53
2019,15-19,Село,Западно-Казахстанская,,,,,,,KZZAP,18.36
2019,15-19,Село,Жымбылская,,,,,,,KZZHA,37.14
2019,15-19,Село,Карагандинская,,,,,,,KZKAR,21.96
2019,15-19,Село,Костанайская,,,,,,,KZKUS,21.61
2019,15-19,Село,Кызылординская,,,,,,,KZKZY,18.64
2019,15-19,Село,Мангистауская,,,,,,,KZMAN,36.34
2019,15-19,Село,Павлодарская,,,,,,,KZPAV,21.43
2019,15-19,Село,Северо-Казахстанская,,,,,,,KZSEV,20.7
2019,15-19,Село,Туркестанская,,,,,,,KZYUZ,28.85
2019,15-19,Село,Восточно-Казахстанская,,,,,,,KZVOS,18.16
2020,10-14,,,,,,,,,,0.02
2020,10-14,,Акмолинская,,,,,,,KZAKM,0.07
2020,10-14,,Актюбинская,,,,,,,KZAKT,0.03
2020,10-14,,Алматинская,,,,,,,KZALM,0.03
2020,10-14,,Атырауская,,,,,,,KZATY,0.0
2020,10-14,,Западно-Казахстанская,,,,,,,KZZAP,0.0
2020,10-14,,Жымбылская,,,,,,,KZZHA,0.02
2020,10-14,,Карагандинская,,,,,,,KZKAR,0.02
2020,10-14,,Костанайская,,,,,,,KZKUS,0.07
2020,10-14,,Кызылординская,,,,,,,KZKZY,0.0
2020,10-14,,Мангистауская,,,,,,,KZMAN,0.0
2020,10-14,,Павлодарская,,,,,,,KZPAV,0.08
2020,10-14,,Северо-Казахстанская,,,,,,,KZSEV,0.0
2020,10-14,,Туркестанская,,,,,,,KZYUZ,0.01
2020,10-14,,Восточно-Казахстанская,,,,,,,KZVOS,0.02
2020,10-14,,г_Нур-Султан,,,,,,,KZNS,0.0
2020,10-14,,г_Алматы,,,,,,,KZALA,0.0
2020,10-14,,г_Шымкент,,,,,,,KZSHY,0.04
2020,10-14,Город,,,,,,,,,0.02
2020,10-14,Город,Акмолинская,,,,,,,KZAKM,0.0
2020,10-14,Город,Актюбинская,,,,,,,KZAKT,0.04
2020,10-14,Город,Алматинская,,,,,,,KZALM,0.11
2020,10-14,Город,Атырауская,,,,,,,KZATY,0.0
2020,10-14,Город,Западно-Казахстанская,,,,,,,KZZAP,0.0
2020,10-14,Город,Жымбылская,,,,,,,KZZHA,0.0
2020,10-14,Город,Карагандинская,,,,,,,KZKAR,0.03
2020,10-14,Город,Костанайская,,,,,,,KZKUS,0.13
2020,10-14,Город,Кызылординская,,,,,,,KZKZY,0.0
2020,10-14,Город,Мангистауская,,,,,,,KZMAN,0.0
2020,10-14,Город,Павлодарская,,,,,,,KZPAV,0.06
2020,10-14,Город,Северо-Казахстанская,,,,,,,KZSEV,0.0
2020,10-14,Город,Туркестанская,,,,,,,KZYUZ,0.0
2020,10-14,Город,Восточно-Казахстанская,,,,,,,KZVOS,0.0
2020,10-14,Город,г_Нур-Султан,,,,,,,KZNS,0.0
2020,10-14,Город,г_Алматы,,,,,,,KZALA,0.0
2020,10-14,Город,г_Шымкент,,,,,,,KZSHY,0.04
2020,10-14,Село,,,,,,,,,0.02
2020,10-14,Село,Акмолинская,,,,,,,KZAKM,0.13
2020,10-14,Село,Актюбинская,,,,,,,KZAKT,0.0
2020,10-14,Село,Алматинская,,,,,,,KZALM,0.01
2020,10-14,Село,Атырауская,,,,,,,KZATY,0.0
2020,10-14,Село,Западно-Казахстанская,,,,,,,KZZAP,0.0
2020,10-14,Село,Жымбылская,,,,,,,KZZHA,0.03
2020,10-14,Село,Карагандинская,,,,,,,KZKAR,0.0
2020,10-14,Село,Костанайская,,,,,,,KZKUS,0.0
2020,10-14,Село,Кызылординская,,,,,,,KZKZY,0.0
2020,10-14,Село,Мангистауская,,,,,,,KZMAN,0.0
2020,10-14,Село,Павлодарская,,,,,,,KZPAV,0.12
2020,10-14,Село,Северо-Казахстанская,,,,,,,KZSEV,0.0
2020,10-14,Село,Туркестанская,,,,,,,KZYUZ,0.01
2020,10-14,Село,Восточно-Казахстанская,,,,,,,KZVOS,0.05
2020,15-19,,,,,,,,,,22.89
2020,15-19,,Акмолинская,,,,,,,KZAKM,18.04
2020,15-19,,Актюбинская,,,,,,,KZAKT,18.34
2020,15-19,,Алматинская,,,,,,,KZALM,26.67
2020,15-19,,Атырауская,,,,,,,KZATY,24.96
2020,15-19,,Западно-Казахстанская,,,,,,,KZZAP,15.79
2020,15-19,,Жымбылская,,,,,,,KZZHA,33.22
2020,15-19,,Карагандинская,,,,,,,KZKAR,17.65
2020,15-19,,Костанайская,,,,,,,KZKUS,18.99
2020,15-19,,Кызылординская,,,,,,,KZKZY,19.82
2020,15-19,,Мангистауская,,,,,,,KZMAN,33.14
2020,15-19,,Павлодарская,,,,,,,KZPAV,17.95
2020,15-19,,Северо-Казахстанская,,,,,,,KZSEV,17.95
2020,15-19,,Туркестанская,,,,,,,KZYUZ,33.38
2020,15-19,,Восточно-Казахстанская,,,,,,,KZVOS,16.96
2020,15-19,,г_Нур-Султан,,,,,,,KZNS,10.71
2020,15-19,,г_Алматы,,,,,,,KZALA,11.82
2020,15-19,,г_Шымкент,,,,,,,KZSHY,26.98
2020,15-19,Город,,,,,,,,,19.88
2020,15-19,Город,Акмолинская,,,,,,,KZAKM,17.94
2020,15-19,Город,Актюбинская,,,,,,,KZAKT,18.47
2020,15-19,Город,Алматинская,,,,,,,KZALM,27.85
2020,15-19,Город,Атырауская,,,,,,,KZATY,24.76
2020,15-19,Город,Западно-Казахстанская,,,,,,,KZZAP,14.9
2020,15-19,Город,Жымбылская,,,,,,,KZZHA,30.05
2020,15-19,Город,Карагандинская,,,,,,,KZKAR,16.92
2020,15-19,Город,Костанайская,,,,,,,KZKUS,17.19
2020,15-19,Город,Кызылординская,,,,,,,KZKZY,17.11
2020,15-19,Город,Мангистауская,,,,,,,KZMAN,26.53
2020,15-19,Город,Павлодарская,,,,,,,KZPAV,16.11
2020,15-19,Город,Северо-Казахстанская,,,,,,,KZSEV,17.83
2020,15-19,Город,Туркестанская,,,,,,,KZYUZ,41.66
2020,15-19,Город,Восточно-Казахстанская,,,,,,,KZVOS,17.41
2020,15-19,Город,г_Нур-Султан,,,,,,,KZNS,10.71
2020,15-19,Город,г_Алматы,,,,,,,KZALA,11.82
2020,15-19,Город,г_Шымкент,,,,,,,KZSHY,26.98
2020,15-19,Село,,,,,,,,,26.17
2020,15-19,Село,Акмолинская,,,,,,,KZAKM,18.11
2020,15-19,Село,Актюбинская,,,,,,,KZAKT,18.09
2020,15-19,Село,Алматинская,,,,,,,KZALM,26.37
2020,15-19,Село,Атырауская,,,,,,,KZATY,25.17
2020,15-19,Село,Западно-Казахстанская,,,,,,,KZZAP,16.55
2020,15-19,Село,Жымбылская,,,,,,,KZZHA,35.03
2020,15-19,Село,Карагандинская,,,,,,,KZKAR,19.88
2020,15-19,Село,Костанайская,,,,,,,KZKUS,20.83
2020,15-19,Село,Кызылординская,,,,,,,KZKZY,21.63
2020,15-19,Село,Мангистауская,,,,,,,KZMAN,37.08
2020,15-19,Село,Павлодарская,,,,,,,KZPAV,21.4
2020,15-19,Село,Северо-Казахстанская,,,,,,,KZSEV,18.03
2020,15-19,Село,Туркестанская,,,,,,,KZYUZ,31.49
2020,15-19,Село,Восточно-Казахстанская,,,,,,,KZVOS,16.41
2021,10-14,,,,,,,,,,0.02
2021,10-14,,Акмолинская,,,,,,,KZAKM,0.0
2021,10-14,,Актюбинская,,,,,,,KZAKT,0.0
2021,10-14,,Алматинская,,,,,,,KZALM,0.04
2021,10-14,,Атырауская,,,,,,,KZATY,0.09
2021,10-14,,Западно-Казахстанская,,,,,,,KZZAP,0.0
2021,10-14,,Жымбылская,,,,,,,KZZHA,0.0
2021,10-14,,Карагандинская,,,,,,,KZKAR,0.04
2021,10-14,,Костанайская,,,,,,,KZKUS,0.04
2021,10-14,,Кызылординская,,,,,,,KZKZY,0.0
2021,10-14,,Мангистауская,,,,,,,KZMAN,0.03
2021,10-14,,Павлодарская,,,,,,,KZPAV,0.0
2021,10-14,,Северо-Казахстанская,,,,,,,KZSEV,0.05
2021,10-14,,Туркестанская,,,,,,,KZYUZ,0.01
2021,10-14,,Восточно-Казахстанская,,,,,,,KZVOS,0.0
2021,10-14,,г_Нур-Султан,,,,,,,KZNS,0.02
2021,10-14,,г_Алматы,,,,,,,KZALA,0.0
2021,10-14,,г_Шымкент,,,,,,,KZSHY,0.02
2021,10-14,Город,,,,,,,,,0.02
2021,10-14,Город,Акмолинская,,,,,,,KZAKM,0.0
2021,10-14,Город,Актюбинская,,,,,,,KZAKT,0.0
2021,10-14,Город,Алматинская,,,,,,,KZALM,0.05
2021,10-14,Город,Атырауская,,,,,,,KZATY,0.12
2021,10-14,Город,Западно-Казахстанская,,,,,,,KZZAP,0.0
2021,10-14,Город,Жымбылская,,,,,,,KZZHA,0.0
2021,10-14,Город,Карагандинская,,,,,,,KZKAR,0.05
2021,10-14,Город,Костанайская,,,,,,,KZKUS,0.06
2021,10-14,Город,Кызылординская,,,,,,,KZKZY,0.0
2021,10-14,Город,Мангистауская,,,,,,,KZMAN,0.0
2021,10-14,Город,Павлодарская,,,,,,,KZPAV,0.0
2021,10-14,Город,Северо-Казахстанская,,,,,,,KZSEV,0.0
2021,10-14,Город,Туркестанская,,,,,,,KZYUZ,0.0
2021,10-14,Город,Восточно-Казахстанская,,,,,,,KZVOS,0.0
2021,10-14,Город,г_Нур-Султан,,,,,,,KZNS,0.02
2021,10-14,Город,г_Алматы,,,,,,,KZALA,0.0
2021,10-14,Город,г_Шымкент,,,,,,,KZSHY,0.02
2021,10-14,Село,,,,,,,,,0.02
2021,10-14,Село,Акмолинская,,,,,,,KZAKM,0.0
2021,10-14,Село,Актюбинская,,,,,,,KZAKT,0.0
2021,10-14,Село,Алматинская,,,,,,,KZALM,0.04
2021,10-14,Село,Атырауская,,,,,,,KZATY,0.07
2021,10-14,Село,Западно-Казахстанская,,,,,,,KZZAP,0.0
2021,10-14,Село,Жымбылская,,,,,,,KZZHA,0.0
2021,10-14,Село,Карагандинская,,,,,,,KZKAR,0.0
2021,10-14,Село,Костанайская,,,,,,,KZKUS,0.0
2021,10-14,Село,Кызылординская,,,,,,,KZKZY,0.0
2021,10-14,Село,Мангистауская,,,,,,,KZMAN,0.05
2021,10-14,Село,Павлодарская,,,,,,,KZPAV,0.0
2021,10-14,Село,Северо-Казахстанская,,,,,,,KZSEV,0.09
2021,10-14,Село,Туркестанская,,,,,,,KZYUZ,0.01
2021,10-14,Село,Восточно-Казахстанская,,,,,,,KZVOS,0.0
2021,15-19,,,,,,,,,,23.77
2021,15-19,,Акмолинская,,,,,,,KZAKM,18.81
2021,15-19,,Актюбинская,,,,,,,KZAKT,20.07
2021,15-19,,Алматинская,,,,,,,KZALM,26.56
2021,15-19,,Атырауская,,,,,,,KZATY,25.82
2021,15-19,,Западно-Казахстанская,,,,,,,KZZAP,19.28
2021,15-19,,Жымбылская,,,,,,,KZZHA,34.31
2021,15-19,,Карагандинская,,,,,,,KZKAR,17.86
2021,15-19,,Костанайская,,,,,,,KZKUS,17.62
2021,15-19,,Кызылординская,,,,,,,KZKZY,21.89
2021,15-19,,Мангистауская,,,,,,,KZMAN,36.24
2021,15-19,,Павлодарская,,,,,,,KZPAV,17.07
2021,15-19,,Северо-Казахстанская,,,,,,,KZSEV,16.08
2021,15-19,,Туркестанская,,,,,,,KZYUZ,36.32
2021,15-19,,Восточно-Казахстанская,,,,,,,KZVOS,15.59
2021,15-19,,г_Нур-Султан,,,,,,,KZNS,12.78
2021,15-19,,г_Алматы,,,,,,,KZALA,11.49
2021,15-19,,г_Шымкент,,,,,,,KZSHY,27.98
2021,15-19,Город,,,,,,,,,19.83
2021,15-19,Город,Акмолинская,,,,,,,KZAKM,16.61
2021,15-19,Город,Актюбинская,,,,,,,KZAKT,20.14
2021,15-19,Город,Алматинская,,,,,,,KZALM,27.29
2021,15-19,Город,Атырауская,,,,,,,KZATY,22.92
2021,15-19,Город,Западно-Казахстанская,,,,,,,KZZAP,15.57
2021,15-19,Город,Жымбылская,,,,,,,KZZHA,26.76
2021,15-19,Город,Карагандинская,,,,,,,KZKAR,17.48
2021,15-19,Город,Костанайская,,,,,,,KZKUS,16.29
2021,15-19,Город,Кызылординская,,,,,,,KZKZY,18.52
2021,15-19,Город,Мангистауская,,,,,,,KZMAN,26.4
2021,15-19,Город,Павлодарская,,,,,,,KZPAV,16.28
2021,15-19,Город,Северо-Казахстанская,,,,,,,KZSEV,13.52
2021,15-19,Город,Туркестанская,,,,,,,KZYUZ,42.29
2021,15-19,Город,Восточно-Казахстанская,,,,,,,KZVOS,15.46
2021,15-19,Город,г_Нур-Султан,,,,,,,KZNS,12.78
2021,15-19,Город,г_Алматы,,,,,,,KZALA,11.49
2021,15-19,Город,г_Шымкент,,,,,,,KZSHY,27.98
2021,15-19,Село,,,,,,,,,28.14
2021,15-19,Село,Акмолинская,,,,,,,KZAKM,20.48
2021,15-19,Село,Актюбинская,,,,,,,KZAKT,19.94
2021,15-19,Село,Алматинская,,,,,,,KZALM,26.36
2021,15-19,Село,Атырауская,,,,,,,KZATY,28.83
2021,15-19,Село,Западно-Казахстанская,,,,,,,KZZAP,22.44
2021,15-19,Село,Жымбылская,,,,,,,KZZHA,38.69
2021,15-19,Село,Карагандинская,,,,,,,KZKAR,19.04
2021,15-19,Село,Костанайская,,,,,,,KZKUS,19.04
2021,15-19,Село,Кызылординская,,,,,,,KZKZY,24.2
2021,15-19,Село,Мангистауская,,,,,,,KZMAN,42.34
2021,15-19,Село,Павлодарская,,,,,,,KZPAV,18.59
2021,15-19,Село,Северо-Казахстанская,,,,,,,KZSEV,17.62
2021,15-19,Село,Туркестанская,,,,,,,KZYUZ,34.92
2021,15-19,Село,Восточно-Казахстанская,,,,,,,KZVOS,15.75
2022,10-14,,,,,,,,,,0.02
2022,10-14,,Акмолинская,,,,,,,KZAKM,0.0
2022,10-14,,Актюбинская,,,,,,,KZAKT,0.0
2022,10-14,,Алматинская,,,,,,,KZALM,0.06
2022,10-14,,Атырауская,,,,,,,KZATY,0.06
2022,10-14,,Западно-Казахстанская,,,,,,,KZZAP,0.0
2022,10-14,,Жымбылская,,,,,,,KZZHA,0.02
2022,10-14,,Карагандинская,,,,,,,KZKAR,0.0
2022,10-14,,Костанайская,,,,,,,KZKUS,0.0
2022,10-14,,Кызылординская,,,,,,,KZKZY,0.0
2022,10-14,,Мангистауская,,,,,,,KZMAN,0.0
2022,10-14,,Павлодарская,,,,,,,KZPAV,0.07
2022,10-14,,Северо-Казахстанская,,,,,,,KZSEV,0.05
2022,10-14,,Туркестанская,,,,,,,KZYUZ,0.0
2022,10-14,,Восточно-Казахстанская,,,,,,,KZVOS,0.0
2022,10-14,,г_Нур-Султан,,,,,,,KZNS,0.0
2022,10-14,,г_Алматы,,,,,,,KZALA,0.01
2022,10-14,,г_Шымкент,,,,,,,KZSHY,0.05
2022,10-14,Город,,,,,,,,,0.01
2022,10-14,Город,Акмолинская,,,,,,,KZAKM,0.0
2022,10-14,Город,Актюбинская,,,,,,,KZAKT,0.0
2022,10-14,Город,Алматинская,,,,,,,KZALM,0.0
2022,10-14,Город,Атырауская,,,,,,,KZATY,0.05
2022,10-14,Город,Западно-Казахстанская,,,,,,,KZZAP,0.0
2022,10-14,Город,Жымбылская,,,,,,,KZZHA,0.04
2022,10-14,Город,Карагандинская,,,,,,,KZKAR,0.0
2022,10-14,Город,Костанайская,,,,,,,KZKUS,0.0
2022,10-14,Город,Кызылординская,,,,,,,KZKZY,0.0
2022,10-14,Город,Мангистауская,,,,,,,KZMAN,0.0
2022,10-14,Город,Павлодарская,,,,,,,KZPAV,0.05
2022,10-14,Город,Северо-Казахстанская,,,,,,,KZSEV,0.0
2022,10-14,Город,Туркестанская,,,,,,,KZYUZ,0.0
2022,10-14,Город,Восточно-Казахстанская,,,,,,,KZVOS,0.0
2022,10-14,Город,г_Нур-Султан,,,,,,,KZNS,0.0
2022,10-14,Город,г_Алматы,,,,,,,KZALA,0.01
2022,10-14,Город,г_Шымкент,,,,,,,KZSHY,0.05
2022,10-14,Село,,,,,,,,,0.02
2022,10-14,Село,Акмолинская,,,,,,,KZAKM,0.0
2022,10-14,Село,Актюбинская,,,,,,,KZAKT,0.0
2022,10-14,Село,Алматинская,,,,,,,KZALM,0.0
2022,10-14,Село,Атырауская,,,,,,,KZATY,0.06
2022,10-14,Село,Западно-Казахстанская,,,,,,,KZZAP,0.06
2022,10-14,Село,Жымбылская,,,,,,,KZZHA,0.0
2022,10-14,Село,Карагандинская,,,,,,,KZKAR,0.0
2022,10-14,Село,Костанайская,,,,,,,KZKUS,0.0
2022,10-14,Село,Кызылординская,,,,,,,KZKZY,0.0
2022,10-14,Село,Мангистауская,,,,,,,KZMAN,0.0
2022,10-14,Село,Павлодарская,,,,,,,KZPAV,0.11
2022,10-14,Село,Северо-Казахстанская,,,,,,,KZSEV,0.1
2022,10-14,Село,Туркестанская,,,,,,,KZYUZ,0.0
2022,10-14,Село,Восточно-Казахстанская,,,,,,,KZVOS,0.0
2022,15-19,,,,,,,,,,19.71
2022,15-19,,Акмолинская,,,,,,,KZAKM,16.59
2022,15-19,,Актюбинская,,,,,,,KZAKT,14.84
2022,15-19,,Алматинская,,,,,,,KZALM,23.87
2022,15-19,,Атырауская,,,,,,,KZATY,22.47
2022,15-19,,Западно-Казахстанская,,,,,,,KZZAP,17.8
2022,15-19,,Жымбылская,,,,,,,KZZHA,29.33
2022,15-19,,Карагандинская,,,,,,,KZKAR,14.61
2022,15-19,,Костанайская,,,,,,,KZKUS,15.98
2022,15-19,,Кызылординская,,,,,,,KZKZY,18.32
2022,15-19,,Мангистауская,,,,,,,KZMAN,30.79
2022,15-19,,Павлодарская,,,,,,,KZPAV,15.3
2022,15-19,,Северо-Казахстанская,,,,,,,KZSEV,15.25
2022,15-19,,Туркестанская,,,,,,,KZYUZ,30.16
2022,15-19,,Восточно-Казахстанская,,,,,,,KZVOS,15.05
2022,15-19,,г_Нур-Султан,,,,,,,KZNS,9.14
2022,15-19,,г_Алматы,,,,,,,KZALA,8.24
2022,15-19,,г_Шымкент,,,,,,,KZSHY,21.98
2022,15-19,Город,,,,,,,,,15.25
2022,15-19,Город,Акмолинская,,,,,,,KZAKM,14.96
2022,15-19,Город,Актюбинская,,,,,,,KZAKT,13.7
2022,15-19,Город,Алматинская,,,,,,,KZALM,23.51
2022,15-19,Город,Атырауская,,,,,,,KZATY,18.51
2022,15-19,Город,Западно-Казахстанская,,,,,,,KZZAP,15.26
2022,15-19,Город,Жымбылская,,,,,,,KZZHA,20.77
2022,15-19,Город,Карагандинская,,,,,,,KZKAR,12.97
2022,15-19,Город,Костанайская,,,,,,,KZKUS,13.33
2022,15-19,Город,Кызылординская,,,,,,,KZKZY,15.66
2022,15-19,Город,Мангистауская,,,,,,,KZMAN,24.24
2022,15-19,Город,Павлодарская,,,,,,,KZPAV,12.53
2022,15-19,Город,Северо-Казахстанская,,,,,,,KZSEV,9.68
2022,15-19,Город,Туркестанская,,,,,,,KZYUZ,28.05
2022,15-19,Город,Восточно-Казахстанская,,,,,,,KZVOS,12.93
2022,15-19,Город,г_Нур-Султан,,,,,,,KZNS,9.14
2022,15-19,Город,г_Алматы,,,,,,,KZALA,8.24
2022,15-19,Город,г_Шымкент,,,,,,,KZSHY,21.98
2022,15-19,Село,,,,,,,,,25.92
2022,15-19,Село,Акмолинская,,,,,,,KZAKM,18.4
2022,15-19,Село,Актюбинская,,,,,,,KZAKT,17.8
2022,15-19,Село,Алматинская,,,,,,,KZALM,23.91
2022,15-19,Село,Атырауская,,,,,,,KZATY,26.67
2022,15-19,Село,Западно-Казахстанская,,,,,,,KZZAP,20.54
2022,15-19,Село,Жымбылская,,,,,,,KZZHA,35.09
2022,15-19,Село,Карагандинская,,,,,,,KZKAR,20.93
2022,15-19,Село,Костанайская,,,,,,,KZKUS,19.67
2022,15-19,Село,Кызылординская,,,,,,,KZKZY,20.3
2022,15-19,Село,Мангистауская,,,,,,,KZMAN,35.33
2022,15-19,Село,Павлодарская,,,,,,,KZPAV,20.98
2022,15-19,Село,Северо-Казахстанская,,,,,,,KZSEV,19.81
2022,15-19,Село,Туркестанская,,,,,,,KZYUZ,30.77
2022,15-19,Село,Восточно-Казахстанская,,,,,,,KZVOS,18.4
2023,10-14,,,,,,,,,,0.02
2023,10-14,,Акмолинская,,,,,,,KZAKM,0.06
2023,10-14,,Актюбинская,,,,,,,KZAKT,0.0
2023,10-14,,Алматинская,,,,,,,KZALM,0.03
2023,10-14,,Атырауская,,,,,,,KZATY,0.03
2023,10-14,,Западно-Казахстанская,,,,,,,KZZAP,0.04
2023,10-14,,Жымбылская,,,,,,,KZZHA,0.03
2023,10-14,,Карагандинская,,,,,,,KZKAR,0.0
2023,10-14,,Костанайская,,,,,,,KZKUS,0.0
2023,10-14,,Кызылординская,,,,,,,KZKZY,0.0
2023,10-14,,Мангистауская,,,,,,,KZMAN,0.03
2023,10-14,,Павлодарская,,,,,,,KZPAV,0.0
2023,10-14,,Северо-Казахстанская,,,,,,,KZSEV,0.05
2023,10-14,,Туркестанская,,,,,,,KZYUZ,0.02
2023,10-14,,Восточно-Казахстанская,,,,,,,KZVOS,0.0
2023,10-14,,г_Нур-Султан,,,,,,,KZNS,0.0
2023,10-14,,г_Алматы,,,,,,,KZALA,0.0
2023,10-14,,г_Шымкент,,,,,,,KZSHY,0.0
2023,10-14,Город,,,,,,,,,0.02
2023,10-14,Город,Акмолинская,,,,,,,KZAKM,0.12
2023,10-14,Город,Актюбинская,,,,,,,KZAKT,0.0
2023,10-14,Город,Алматинская,,,,,,,KZALM,0.1
2023,10-14,Город,Атырауская,,,,,,,KZATY,0.05
2023,10-14,Город,Западно-Казахстанская,,,,,,,KZZAP,0.07
2023,10-14,Город,Жымбылская,,,,,,,KZZHA,0.08
2023,10-14,Город,Карагандинская,,,,,,,KZKAR,0.0
2023,10-14,Город,Костанайская,,,,,,,KZKUS,0.0
2023,10-14,Город,Кызылординская,,,,,,,KZKZY,0.0
2023,10-14,Город,Мангистауская,,,,,,,KZMAN,0.06
2023,10-14,Город,Павлодарская,,,,,,,KZPAV,0.0
2023,10-14,Город,Северо-Казахстанская,,,,,,,KZSEV,0.0
2023,10-14,Город,Туркестанская,,,,,,,KZYUZ,0.0
2023,10-14,Город,Восточно-Казахстанская,,,,,,,KZVOS,0.0
2023,10-14,Город,г_Нур-Султан,,,,,,,KZNS,0.0
2023,10-14,Город,г_Алматы,,,,,,,KZALA,0.0
2023,10-14,Город,г_Шымкент,,,,,,,KZSHY,0.0
2023,10-14,Село,,,,,,,,,0.02
2023,10-14,Село,Акмолинская,,,,,,,KZAKM,0.0
2023,10-14,Село,Актюбинская,,,,,,,KZAKT,0.0
2023,10-14,Село,Алматинская,,,,,,,KZALM,0.02
2023,10-14,Село,Атырауская,,,,,,,KZATY,0.0
2023,10-14,Село,Западно-Казахстанская,,,,,,,KZZAP,0.0
2023,10-14,Село,Жымбылская,,,,,,,KZZHA,0.0
2023,10-14,Село,Карагандинская,,,,,,,KZKAR,0.0
2023,10-14,Село,Костанайская,,,,,,,KZKUS,0.0
2023,10-14,Село,Кызылординская,,,,,,,KZKZY,0.0
2023,10-14,Село,Мангистауская,,,,,,,KZMAN,0.0
2023,10-14,Село,Павлодарская,,,,,,,KZPAV,0.0
2023,10-14,Село,Северо-Казахстанская,,,,,,,KZSEV,0.1
2023,10-14,Село,Туркестанская,,,,,,,KZYUZ,0.03
2023,10-14,Село,Восточно-Казахстанская,,,,,,,KZVOS,0.0
2023,15-19,,,,,,,,,,17.71
2023,15-19,,Акмолинская,,,,,,,KZAKM,13.47
2023,15-19,,Актюбинская,,,,,,,KZAKT,15.1
2023,15-19,,Алматинская,,,,,,,KZALM,21.91
2023,15-19,,Атырауская,,,,,,,KZATY,18.65
2023,15-19,,Западно-Казахстанская,,,,,,,KZZAP,14.17
2023,15-19,,Жымбылская,,,,,,,KZZHA,27.28
2023,15-19,,Карагандинская,,,,,,,KZKAR,14.53
2023,15-19,,Костанайская,,,,,,,KZKUS,14.31
2023,15-19,,Кызылординская,,,,,,,KZKZY,16.82
2023,15-19,,Мангистауская,,,,,,,KZMAN,26.43
2023,15-19,,Павлодарская,,,,,,,KZPAV,12.79
2023,15-19,,Северо-Казахстанская,,,,,,,KZSEV,13.64
2023,15-19,,Туркестанская,,,,,,,KZYUZ,26.72
2023,15-19,,Восточно-Казахстанская,,,,,,,KZVOS,12.45
2023,15-19,,г_Нур-Султан,,,,,,,KZNS,8.15
2023,15-19,,г_Алматы,,,,,,,KZALA,7.97
2023,15-19,,г_Шымкент,,,,,,,KZSHY,19.82
2023,15-19,Город,,,,,,,,,13.61
2023,15-19,Город,Акмолинская,,,,,,,KZAKM,10.6
2023,15-19,Город,Актюбинская,,,,,,,KZAKT,13.28
2023,15-19,Город,Алматинская,,,,,,,KZALM,17.91
2023,15-19,Город,Атырауская,,,,,,,KZATY,15.22
2023,15-19,Город,Западно-Казахстанская,,,,,,,KZZAP,12.45
2023,15-19,Город,Жымбылская,,,,,,,KZZHA,19.28
2023,15-19,Город,Карагандинская,,,,,,,KZKAR,13.88
2023,15-19,Город,Костанайская,,,,,,,KZKUS,10.88
2023,15-19,Город,Кызылординская,,,,,,,KZKZY,16.66
2023,15-19,Город,Мангистауская,,,,,,,KZMAN,17.55
2023,15-19,Город,Павлодарская,,,,,,,KZPAV,11.06
2023,15-19,Город,Северо-Казахстанская,,,,,,,KZSEV,11.31
2023,15-19,Город,Туркестанская,,,,,,,KZYUZ,23.43
2023,15-19,Город,Восточно-Казахстанская,,,,,,,KZVOS,10.6
2023,15-19,Город,г_Нур-Султан,,,,,,,KZNS,8.15
2023,15-19,Город,г_Алматы,,,,,,,KZALA,7.97
2023,15-19,Город,г_Шымкент,,,,,,,KZSHY,19.82
2023,15-19,Село,,,,,,,,,23.37
2023,15-19,Село,Акмолинская,,,,,,,KZAKM,16.84
2023,15-19,Село,Актюбинская,,,,,,,KZAKT,20.09
2023,15-19,Село,Алматинская,,,,,,,KZALM,22.6
2023,15-19,Село,Атырауская,,,,,,,KZATY,22.44
2023,15-19,Село,Западно-Казахстанская,,,,,,,KZZAP,16.14
2023,15-19,Село,Жымбылская,,,,,,,KZZHA,32.73
2023,15-19,Село,Карагандинская,,,,,,,KZKAR,17.13
2023,15-19,Село,Костанайская,,,,,,,KZKUS,19.33
2023,15-19,Село,Кызылординская,,,,,,,KZKZY,16.94
2023,15-19,Село,Мангистауская,,,,,,,KZMAN,32.77
2023,15-19,Село,Павлодарская,,,,,,,KZPAV,16.46
2023,15-19,Село,Северо-Казахстанская,,,,,,,KZSEV,15.59
2023,15-19,Село,Туркестанская,,,,,,,KZYUZ,27.69
2023,15-19,Село,Восточно-Казахстанская,,,,,,,KZVOS,15.49
