Year,UNIT_MEASURE,Местность,Пол,Регионы,Возраст,образование матери,квинтиль индекса благосостояния,GeoCode,Value
2010,процент,,,,,,,,81.6
2010,процент,Город,,,,,,,856.0
2010,процент,Село,,,,,,,780.0
2010,процент,,мужчины,,,,,,804.0
2010,процент,,женщины,,,,,,827.0
2010,процент,,,Акмолинская,,,,KZAKM,90.5
2010,процент,,,Актюбинская,,,,KZAKT,96.1
2010,процент,,,Алматинская,,,,KZALM,81.4
2010,процент,,,Атырауская,,,,KZATY,83.2
2010,процент,,,Западно-Казахстанская,,,,KZZAP,98.6
2010,процент,,,Жымбылская,,,,KZZHA,83.9
2010,процент,,,Карагандинская,,,,KZKAR,75.9
2010,процент,,,Костанайская,,,,KZKUS,83.3
2010,процент,,,Кызылординская,,,,KZKZY,67.2
2010,процент,,,Мангистауская,,,,KZMAN,66.9
2010,процент,,,Южно-Казахстанская,,,,KZONT,70.1
2010,процент,,,Павлодарская,,,,KZPAV,95.7
2010,процент,,,Северо-Казахстанская,,,,KZSEV,84.3
2010,процент,,,Восточно-Казахстанская,,,,KZVOS,80.6
2010,процент,,,г_Нур-Султан,,,,KZNS,93.3
2010,процент,,,г_Алматы,,,,KZALA,97.4
2010,процент,,,,,основное среднее,,,77.1
2010,процент,,,,,техническое и профессиональное,,,833.0
2010,процент,,,,,высшее,,,853.0
2010,процент,,,,,,беднейший,,711.0
2010,процент,,,,,,второй,,788.0
2010,процент,,,,,,средний,,832.0
2010,процент,,,,,,четвертый,,865.0
2010,процент,,,,,,богатейший,,916.0
2015,процент,,,,,,,,90.8
2015,процент,Город,,,,,,,90.6
2015,процент,Село,,,,,,,90.9
2015,процент,,мужчины,,,,,,91.1
2015,процент,,женщины,,,,,,90.4
2015,процент,,,Акмолинская,,,,KZAKM,98.8
2015,процент,,,Актюбинская,,,,KZAKT,100.0
2015,процент,,,Алматинская,,,,KZALM,82.4
2015,процент,,,Атырауская,,,,KZATY,98.5
2015,процент,,,Западно-Казахстанская,,,,KZZAP,100.0
2015,процент,,,Жымбылская,,,,KZZHA,92.0
2015,процент,,,Карагандинская,,,,KZKAR,94.0
2015,процент,,,Костанайская,,,,KZKUS,100.0
2015,процент,,,Кызылординская,,,,KZKZY,69.6
2015,процент,,,Мангистауская,,,,KZMAN,100.0
2015,процент,,,Южно-Казахстанская,,,,KZONT,87.4
2015,процент,,,Павлодарская,,,,KZPAV,95.4
2015,процент,,,Северо-Казахстанская,,,,KZSEV,94.9
2015,процент,,,Восточно-Казахстанская,,,,KZVOS,96.6
2015,процент,,,г_Нур-Султан,,,,KZNS,100.0
2015,процент,,,г_Алматы,,,,KZALA,58.4
2015,,,,,6 лет,,,,89.8
2015,процент,,,,7 лет и старше,,,,92.1
2015,процент,,,,,основное среднее,,,95.5
2015,процент,,,,,общее среднее образование,,,83.2
2015,процент,,,,,техническое и профессиональное,,,92.0
2015,процент,,,,,высшее,,,94.6
2015,процент,,,,,,беднейший,,88.3
2015,процент,,,,,,второй,,87.2
2015,процент,,,,,,средний,,89.4
2015,процент,,,,,,четвертый,,93.5
2015,процент,,,,,,богатейший,,96.7
