Year,UNIT_MEASURE,Местность,Пол,Value
2012,процент,,,12.8
2012,процент,городское население,,10.9
2012,процент,сельское население,,15.9
2012,процент,,мужчины,7.7
2012,процент,,женщины,17.1
2018,процент,,,12.3
2018,процент,городское население,,11.9
2018,процент,сельское население,,12.8
2018,процент,,мужчины,5.9
2018,процент,,женщины,17.7
