Year,UNIT_MEASURE,Регионы,Местность,Возраст,Value
2010,процент,,,,37.2
2010,процент,Акмолинская,,,39.9
2010,процент,Актюбинская,,,41.7
2010,процент,Алматинская,,,31.5
2010,процент,Атырауская,,,18.9
2010,процент,Западно-Казахстанская,,,21.2
2010,процент,Жымбылская,,,22.3
2010,процент,Карагандинская,,,41.0
2010,процент,Костанайская,,,39.6
2010,процент,Кызылординская,,,38.1
2010,процент,Мангистауская,,,30.4
2010,процент,Южно-Казахстанская,,,18.4
2010,процент,Павлодарская,,,41.7
2010,процент,Северо-Казахстанская,,,32.7
2010,процент,Восточно-Казахстанская,,,35.7
2010,процент,г_Нур-Султан,,,40.4
2010,процент,г_Алматы,,,39.2
2010,процент,,Город,,38.0
2010,процент,Акмолинская,Город,,40.5
2010,процент,Актюбинская,Город,,36.1
2010,процент,Алматинская,Город,,29.7
2010,процент,Атырауская,Город,,16.1
2010,процент,Западно-Казахстанская,Город,,23.4
2010,процент,Жымбылская,Город,,28.0
2010,процент,Карагандинская,Город,,41.7
2010,процент,Костанайская,Город,,35.3
2010,процент,Кызылординская,Город,,38.5
2010,процент,Мангистауская,Город,,30.5
2010,процент,Южно-Казахстанская,Город,,24.8
2010,процент,Павлодарская,Город,,41.4
2010,процент,Северо-Казахстанская,Город,,36.6
2010,процент,Восточно-Казахстанская,Город,,39.5
2010,процент,г_Нур-Султан,Город,,40.4
2010,процент,г_Алматы,Город,,39.2
2010,процент,,сельское население,,33.4
2010,процент,Акмолинская,сельское население,,37.5
2010,процент,Актюбинская,сельское население,,55.8
2010,процент,Алматинская,сельское население,,32.7
2010,процент,Атырауская,сельское население,,26.8
2010,процент,Западно-Казахстанская,сельское население,,8.6
2010,процент,Жымбылская,сельское население,,19.1
2010,процент,Карагандинская,сельское население,,31.5
2010,процент,Костанайская,сельское население,,46.9
2010,процент,Кызылординская,сельское население,,37.3
2010,процент,Мангистауская,сельское население,,29.6
2010,процент,Южно-Казахстанская,сельское население,,4.2
2010,процент,Павлодарская,сельское население,,43.3
2010,процент,Северо-Казахстанская,сельское население,,27.3
2010,процент,Восточно-Казахстанская,сельское население,,28.8
2010,процент,,,16-24,41.5
2010,процент,,,25-28,43.5
2010,процент,,,29-34,32.8
2010,процент,,,35-44,40.6
2010,процент,,,45-54,35.8
2010,процент,,,55-64,30.9
2010,процент,,,65 и старше,51.0
2010,процент,Акмолинская,,16-24,44.0
2010,процент,Акмолинская,,25-28,22.2
2010,процент,Акмолинская,,29-34,45.3
2010,процент,Акмолинская,,35-44,46.2
2010,процент,Акмолинская,,45-54,44.3
2010,процент,Акмолинская,,55-64,24.6
2010,процент,Актюбинская,,16-24,100.0
2010,процент,Актюбинская,,25-28,56.3
2010,процент,Актюбинская,,29-34,25.8
2010,процент,Актюбинская,,35-44,47.6
2010,процент,Актюбинская,,45-54,24.1
2010,процент,Актюбинская,,55-64,51.9
2010,процент,Алматинская,,16-24,29.8
2010,процент,Алматинская,,25-28,25.2
2010,процент,Алматинская,,29-34,0.0
2010,процент,Алматинская,,35-44,40.4
2010,процент,Алматинская,,45-54,36.6
2010,процент,Алматинская,,55-64,46.9
2010,процент,Атырауская,,29-34,33.4
2010,процент,Атырауская,,35-44,0.0
2010,процент,Атырауская,,45-54,32.6
2010,процент,Атырауская,,55-64,15.6
2010,процент,Западно-Казахстанская,,16-24,7.0
2010,процент,Западно-Казахстанская,,25-28,13.2
2010,процент,Западно-Казахстанская,,29-34,31.4
2010,процент,Западно-Казахстанская,,35-44,14.9
2010,процент,Западно-Казахстанская,,45-54,19.3
2010,процент,Западно-Казахстанская,,55-64,32.5
2010,процент,Жымбылская,,25-28,100.0
2010,процент,Жымбылская,,29-34,0.0
2010,процент,Жымбылская,,35-44,30.2
2010,процент,Жымбылская,,45-54,39.8
2010,процент,Жымбылская,,55-64,6.5
2010,процент,Карагандинская,,16-24,32.9
2010,процент,Карагандинская,,25-28,33.8
2010,процент,Карагандинская,,29-34,36.0
2010,процент,Карагандинская,,35-44,41.8
2010,процент,Карагандинская,,45-54,46.6
2010,процент,Карагандинская,,55-64,44.6
2010,процент,Карагандинская,,65 и старше,0.0
2010,процент,Костанайская,,16-24,13.4
2010,процент,Костанайская,,25-28,40.4
2010,процент,Костанайская,,29-34,49.1
2010,процент,Костанайская,,35-44,33.0
2010,процент,Костанайская,,45-54,40.5
2010,процент,Костанайская,,55-64,36.1
2010,процент,Костанайская,,65 и старше,83.9
2010,процент,Кызылординская,,16-24,100.0
2010,процент,Кызылординская,,25-28,89.4
2010,процент,Кызылординская,,29-34,58.7
2010,процент,Кызылординская,,35-44,34.6
2010,процент,Кызылординская,,45-54,33.4
2010,процент,Кызылординская,,55-64,23.6
2010,процент,Кызылординская,,65 и старше,0.0
2010,процент,Мангистауская,,16-24,25.8
2010,процент,Мангистауская,,25-28,22.7
2010,процент,Мангистауская,,29-34,30.0
2010,процент,Мангистауская,,35-44,35.3
2010,процент,Мангистауская,,45-54,34.2
2010,процент,Мангистауская,,55-64,15.4
2010,процент,Мангистауская,,65 и старше,0.0
2010,процент,Южно-Казахстанская,,16-24,0.0
2010,процент,Южно-Казахстанская,,25-28,100.0
2010,процент,Южно-Казахстанская,,29-34,34.8
2010,процент,Южно-Казахстанская,,35-44,14.3
2010,процент,Южно-Казахстанская,,45-54,14.7
2010,процент,Южно-Казахстанская,,55-64,23.3
2010,процент,Павлодарская,,16-24,77.4
2010,процент,Павлодарская,,25-28,35.0
2010,процент,Павлодарская,,29-34,47.4
2010,процент,Павлодарская,,35-44,35.2
2010,процент,Павлодарская,,45-54,44.7
2010,процент,Павлодарская,,55-64,34.2
2010,процент,Северо-Казахстанская,,16-24,43.8
2010,процент,Северо-Казахстанская,,25-28,35.2
2010,процент,Северо-Казахстанская,,29-34,50.8
2010,процент,Северо-Казахстанская,,35-44,40.3
2010,процент,Северо-Казахстанская,,45-54,19.6
2010,процент,Северо-Казахстанская,,55-64,25.3
2010,процент,Восточно-Казахстанская,,16-24,53.9
2010,процент,Восточно-Казахстанская,,25-28,47.9
2010,процент,Восточно-Казахстанская,,29-34,23.1
2010,процент,Восточно-Казахстанская,,35-44,35.7
2010,процент,Восточно-Казахстанская,,45-54,39.1
2010,процент,Восточно-Казахстанская,,55-64,25.4
2010,процент,г_Нур-Султан,,16-24,44.0
2010,процент,г_Нур-Султан,,25-28,54.0
2010,процент,г_Нур-Султан,,29-34,28.9
2010,процент,г_Нур-Султан,,35-44,48.5
2010,процент,г_Нур-Султан,,45-54,34.6
2010,процент,г_Нур-Султан,,55-64,35.8
2010,процент,г_Нур-Султан,,65 и старше,25.6
2010,процент,г_Алматы,,16-24,23.7
2010,процент,г_Алматы,,25-28,42.7
2010,процент,г_Алматы,,29-34,43.5
2010,процент,г_Алматы,,35-44,46.4
2010,процент,г_Алматы,,45-54,31.7
2010,процент,г_Алматы,,55-64,26.8
2011,процент,,,,38.5
2011,процент,Акмолинская,,,43.1
2011,процент,Актюбинская,,,41.6
2011,процент,Алматинская,,,24.4
2011,процент,Атырауская,,,26.7
2011,процент,Западно-Казахстанская,,,24.7
2011,процент,Жымбылская,,,30.1
2011,процент,Карагандинская,,,40.0
2011,процент,Костанайская,,,43.9
2011,процент,Кызылординская,,,40.8
2011,процент,Мангистауская,,,32.9
2011,процент,Южно-Казахстанская,,,28.1
2011,процент,Павлодарская,,,41.9
2011,процент,Северо-Казахстанская,,,35.0
2011,процент,Восточно-Казахстанская,,,37.6
2011,процент,г_Нур-Султан,,,41.4
2011,процент,г_Алматы,,,40.3
2011,процент,,Город,,39.5
2011,процент,Акмолинская,Город,,46.1
2011,процент,Актюбинская,Город,,40.4
2011,процент,Алматинская,Город,,26.2
2011,процент,Атырауская,Город,,27.8
2011,процент,Западно-Казахстанская,Город,,27.5
2011,процент,Жымбылская,Город,,35.3
2011,процент,Карагандинская,Город,,40.0
2011,процент,Костанайская,Город,,42.6
2011,процент,Кызылординская,Город,,40.2
2011,процент,Мангистауская,Город,,34.7
2011,процент,Южно-Казахстанская,Город,,31.5
2011,процент,Павлодарская,Город,,39.0
2011,процент,Северо-Казахстанская,Город,,35.1
2011,процент,Восточно-Казахстанская,Город,,40.1
2011,процент,г_Нур-Султан,Город,,41.4
2011,процент,г_Алматы,Город,,40.3
2011,процент,,сельское население,,34.3
2011,процент,Акмолинская,сельское население,,30.0
2011,процент,Актюбинская,сельское население,,48.8
2011,процент,Алматинская,сельское население,,23.3
2011,процент,Атырауская,сельское население,,23.6
2011,процент,Западно-Казахстанская,сельское население,,11.0
2011,процент,Жымбылская,сельское население,,25.0
2011,процент,Карагандинская,сельское население,,39.8
2011,процент,Костанайская,сельское население,,46.7
2011,процент,Кызылординская,сельское население,,41.9
2011,процент,Мангистауская,сельское население,,20.5
2011,процент,Южно-Казахстанская,сельское население,,21.4
2011,процент,Павлодарская,сельское население,,51.8
2011,процент,Северо-Казахстанская,сельское население,,34.7
2011,процент,Восточно-Казахстанская,сельское население,,32.9
2011,процент,,,16-24,49.8
2011,процент,,,25-28,44.1
2011,процент,,,29-34,36.3
2011,процент,,,35-44,39.3
2011,процент,,,45-54,38.2
2011,процент,,,55-64,29.4
2011,процент,,,65 и старше,13.6
2011,процент,Акмолинская,,16-24,53.2
2011,процент,Акмолинская,,25-28,40.9
2011,процент,Акмолинская,,29-34,51.6
2011,процент,Акмолинская,,35-44,44.1
2011,процент,Акмолинская,,45-54,42.5
2011,процент,Акмолинская,,55-64,26.9
2011,процент,Актюбинская,,16-24,76.5
2011,процент,Актюбинская,,25-28,61.7
2011,процент,Актюбинская,,29-34,22.6
2011,процент,Актюбинская,,35-44,37.3
2011,процент,Актюбинская,,45-54,38.1
2011,процент,Актюбинская,,55-64,24.7
2011,процент,Алматинская,,16-24,48.0
2011,процент,Алматинская,,25-28,20.7
2011,процент,Алматинская,,29-34,0.0
2011,процент,Алматинская,,35-44,27.5
2011,процент,Алматинская,,45-54,32.9
2011,процент,Алматинская,,55-64,24.1
2011,процент,Алматинская,,65 и старше,47.1
2011,процент,Атырауская,,16-24,0.0
2011,процент,Атырауская,,25-28,71.3
2011,процент,Атырауская,,29-34,25.2
2011,процент,Атырауская,,35-44,24.4
2011,процент,Атырауская,,45-54,34.7
2011,процент,Атырауская,,55-64,6.1
2011,процент,Западно-Казахстанская,,16-24,31.0
2011,процент,Западно-Казахстанская,,25-28,0.0
2011,процент,Западно-Казахстанская,,29-34,32.4
2011,процент,Западно-Казахстанская,,35-44,22.7
2011,процент,Западно-Казахстанская,,45-54,17.2
2011,процент,Западно-Казахстанская,,55-64,38.1
2011,процент,Жымбылская,,16-24,19.0
2011,процент,Жымбылская,,25-28,61.4
2011,процент,Жымбылская,,29-34,0.0
2011,процент,Жымбылская,,35-44,39.6
2011,процент,Жымбылская,,45-54,44.8
2011,процент,Жымбылская,,55-64,15.9
2011,процент,Карагандинская,,16-24,53.0
2011,процент,Карагандинская,,25-28,40.0
2011,процент,Карагандинская,,29-34,36.5
2011,процент,Карагандинская,,35-44,37.5
2011,процент,Карагандинская,,45-54,45.3
2011,процент,Карагандинская,,55-64,33.1
2011,процент,Карагандинская,,65 и старше,0.0
2011,процент,Костанайская,,16-24,57.7
2011,процент,Костанайская,,25-28,41.2
2011,процент,Костанайская,,29-34,53.6
2011,процент,Костанайская,,35-44,42.2
2011,процент,Костанайская,,45-54,45.9
2011,процент,Костанайская,,55-64,28.9
2011,процент,Костанайская,,65 и старше,0.0
2011,процент,Кызылординская,,16-24,100.0
2011,процент,Кызылординская,,25-28,33.2
2011,процент,Кызылординская,,29-34,53.6
2011,процент,Кызылординская,,35-44,39.8
2011,процент,Кызылординская,,45-54,41.9
2011,процент,Кызылординская,,55-64,18.9
2011,процент,Кызылординская,,65 и старше,0.0
2011,процент,Мангистауская,,16-24,33.4
2011,процент,Мангистауская,,25-28,34.2
2011,процент,Мангистауская,,29-34,19.0
2011,процент,Мангистауская,,35-44,40.4
2011,процент,Мангистауская,,45-54,38.1
2011,процент,Мангистауская,,55-64,24.8
2011,процент,Мангистауская,,65 и старше,0.0
2011,процент,Южно-Казахстанская,,16-24,31.6
2011,процент,Южно-Казахстанская,,25-28,46.6
2011,процент,Южно-Казахстанская,,29-34,48.4
2011,процент,Южно-Казахстанская,,35-44,7.5
2011,процент,Южно-Казахстанская,,45-54,24.4
2011,процент,Южно-Казахстанская,,55-64,27.4
2011,процент,Павлодарская,,16-24,21.9
2011,процент,Павлодарская,,25-28,52.7
2011,процент,Павлодарская,,29-34,38.4
2011,процент,Павлодарская,,35-44,35.4
2011,процент,Павлодарская,,45-54,51.1
2011,процент,Павлодарская,,55-64,32.5
2011,процент,Северо-Казахстанская,,16-24,76.0
2011,процент,Северо-Казахстанская,,25-28,15.2
2011,процент,Северо-Казахстанская,,29-34,48.0
2011,процент,Северо-Казахстанская,,35-44,39.9
2011,процент,Северо-Казахстанская,,45-54,27.0
2011,процент,Северо-Казахстанская,,55-64,28.1
2011,процент,Восточно-Казахстанская,,16-24,37.6
2011,процент,Восточно-Казахстанская,,25-28,40.4
2011,процент,Восточно-Казахстанская,,29-34,40.1
2011,процент,Восточно-Казахстанская,,35-44,38.6
2011,процент,Восточно-Казахстанская,,45-54,36.2
2011,процент,Восточно-Казахстанская,,55-64,33.9
2011,процент,Восточно-Казахстанская,,65 и старше,0.0
2011,процент,г_Нур-Султан,,16-24,48.1
2011,процент,г_Нур-Султан,,25-28,46.7
2011,процент,г_Нур-Султан,,29-34,34.4
2011,процент,г_Нур-Султан,,35-44,45.9
2011,процент,г_Нур-Султан,,45-54,38.6
2011,процент,г_Нур-Султан,,55-64,36.1
2011,процент,г_Нур-Султан,,65 и старше,42.2
2011,процент,г_Алматы,,16-24,72.3
2011,процент,г_Алматы,,25-28,62.5
2011,процент,г_Алматы,,29-34,40.6
2011,процент,г_Алматы,,35-44,42.5
2011,процент,г_Алматы,,45-54,31.3
2011,процент,г_Алматы,,55-64,27.1
2012,процент,,,,39.7
2012,процент,Акмолинская,,,36.3
2012,процент,Актюбинская,,,36.1
2012,процент,Алматинская,,,33.4
2012,процент,Атырауская,,,31.8
2012,процент,Западно-Казахстанская,,,20.404275584718
2012,процент,Жымбылская,,,39.4
2012,процент,Карагандинская,,,43.1
2012,процент,Костанайская,,,43.1
2012,процент,Кызылординская,,,31.0
2012,процент,Мангистауская,,,40.7
2012,процент,Южно-Казахстанская,,,28.7
2012,процент,Павлодарская,,,30.9
2012,процент,Северо-Казахстанская,,,40.4
2012,процент,Восточно-Казахстанская,,,38.1
2012,процент,г_Нур-Султан,,,46.2
2012,процент,г_Алматы,,,46.2
2012,процент,,Город,,41.9
2012,процент,Акмолинская,Город,,44.6
2012,процент,Актюбинская,Город,,35.3
2012,процент,Алматинская,Город,,36.9
2012,процент,Атырауская,Город,,39.5
2012,процент,Западно-Казахстанская,Город,,19.1
2012,процент,Жымбылская,Город,,38.8
2012,процент,Карагандинская,Город,,44.7
2012,процент,Костанайская,Город,,45.6
2012,процент,Кызылординская,Город,,32.4
2012,процент,Мангистауская,Город,,43.9
2012,процент,Южно-Казахстанская,Город,,35.4
2012,процент,Павлодарская,Город,,29.0
2012,процент,Северо-Казахстанская,Город,,33.8
2012,процент,Восточно-Казахстанская,Город,,34.4
2012,процент,г_Нур-Султан,Город,,46.2
2012,процент,г_Алматы,Город,,46.2
2012,процент,,сельское население,,32.2
2012,процент,Акмолинская,сельское население,,12.8
2012,процент,Актюбинская,сельское население,,42.5
2012,процент,Алматинская,сельское население,,32.1
2012,процент,Атырауская,сельское население,,10.1
2012,процент,Западно-Казахстанская,сельское население,,25.5
2012,процент,Жымбылская,сельское население,,42.6
2012,процент,Карагандинская,сельское население,,27.0
2012,процент,Костанайская,сельское население,,36.1
2012,процент,Кызылординская,сельское население,,28.7
2012,процент,Мангистауская,сельское население,,16.7
2012,процент,Южно-Казахстанская,сельское население,,15.8
2012,процент,Павлодарская,сельское население,,39.1
2012,процент,Северо-Казахстанская,сельское население,,45.8
2012,процент,Восточно-Казахстанская,сельское население,,41.6
2012,процент,,,16-24,58.5
2012,процент,,,25-28,40.2
2012,процент,,,29-34,39.0
2012,процент,,,35-44,38.6
2012,процент,,,45-54,39.2
2012,процент,,,55-64,33.1
2012,процент,,,65 и старше,25.0
2012,процент,Акмолинская,,16-24,28.2
2012,процент,Акмолинская,,25-28,31.2
2012,процент,Акмолинская,,29-34,53.5
2012,процент,Акмолинская,,35-44,39.6
2012,процент,Акмолинская,,45-54,37.3
2012,процент,Акмолинская,,55-64,20.1
2012,процент,Актюбинская,,16-24,100.0
2012,процент,Актюбинская,,25-28,48.7
2012,процент,Актюбинская,,29-34,31.7
2012,процент,Актюбинская,,35-44,34.3
2012,процент,Актюбинская,,45-54,37.3
2012,процент,Актюбинская,,55-64,16.7
2012,процент,Алматинская,,16-24,40.0
2012,процент,Алматинская,,25-28,41.0
2012,процент,Алматинская,,29-34,45.1
2012,процент,Алматинская,,35-44,19.2
2012,процент,Алматинская,,45-54,28.7
2012,процент,Алматинская,,55-64,46.7
2012,процент,Атырауская,,16-24,78.9
2012,процент,Атырауская,,25-28,35.3
2012,процент,Атырауская,,29-34,24.8
2012,процент,Атырауская,,35-44,42.2
2012,процент,Атырауская,,45-54,25.9
2012,процент,Атырауская,,55-64,13.7
2012,процент,Атырауская,,65 и старше,0.0
2012,процент,Западно-Казахстанская,,29-34,11.7
2012,процент,Западно-Казахстанская,,35-44,15.5
2012,процент,Западно-Казахстанская,,45-54,26.8
2012,процент,Западно-Казахстанская,,55-64,31.6
2012,процент,Жымбылская,,16-24,36.6
2012,процент,Жымбылская,,25-28,54.2
2012,процент,Жымбылская,,29-34,24.9
2012,процент,Жымбылская,,35-44,28.7
2012,процент,Жымбылская,,45-54,53.3
2012,процент,Жымбылская,,55-64,21.5
2012,процент,Жымбылская,,65 и старше,100.0
2012,процент,Карагандинская,,16-24,82.0
2012,процент,Карагандинская,,25-28,33.0
2012,процент,Карагандинская,,29-34,45.5
2012,процент,Карагандинская,,35-44,47.5
2012,процент,Карагандинская,,45-54,42.1
2012,процент,Карагандинская,,55-64,35.3
2012,процент,Карагандинская,,65 и старше,54.4
2012,процент,Костанайская,,16-24,47.3
2012,процент,Костанайская,,25-28,54.0
2012,процент,Костанайская,,29-34,55.9
2012,процент,Костанайская,,35-44,43.3
2012,процент,Костанайская,,45-54,39.6
2012,процент,Костанайская,,55-64,15.1
2012,процент,Кызылординская,,16-24,0.0
2012,процент,Кызылординская,,25-28,21.3
2012,процент,Кызылординская,,29-34,46.9
2012,процент,Кызылординская,,35-44,33.3
2012,процент,Кызылординская,,45-54,28.2
2012,процент,Кызылординская,,55-64,37.0
2012,процент,Кызылординская,,65 и старше,0.0
2012,процент,Мангистауская,,16-24,100.0
2012,процент,Мангистауская,,25-28,52.6
2012,процент,Мангистауская,,29-34,36.4
2012,процент,Мангистауская,,35-44,38.0
2012,процент,Мангистауская,,45-54,56.6
2012,процент,Мангистауская,,55-64,33.0
2012,процент,Мангистауская,,65 и старше,0.0
2012,процент,Южно-Казахстанская,,16-24,68.7
2012,процент,Южно-Казахстанская,,25-28,43.3
2012,процент,Южно-Казахстанская,,29-34,56.3
2012,процент,Южно-Казахстанская,,35-44,17.9
2012,процент,Южно-Казахстанская,,45-54,23.4
2012,процент,Южно-Казахстанская,,55-64,31.1
2012,процент,Павлодарская,,16-24,27.6
2012,процент,Павлодарская,,25-28,29.1
2012,процент,Павлодарская,,29-34,29.6
2012,процент,Павлодарская,,35-44,23.5
2012,процент,Павлодарская,,45-54,38.6
2012,процент,Павлодарская,,55-64,35.9
2012,процент,Северо-Казахстанская,,16-24,76.4
2012,процент,Северо-Казахстанская,,25-28,18.3
2012,процент,Северо-Казахстанская,,29-34,37.3
2012,процент,Северо-Казахстанская,,35-44,33.2
2012,процент,Северо-Казахстанская,,45-54,46.5
2012,процент,Северо-Казахстанская,,55-64,62.8
2012,процент,Восточно-Казахстанская,,16-24,35.9
2012,процент,Восточно-Казахстанская,,25-28,38.0
2012,процент,Восточно-Казахстанская,,29-34,17.6
2012,процент,Восточно-Казахстанская,,35-44,31.9
2012,процент,Восточно-Казахстанская,,45-54,50.4
2012,процент,Восточно-Казахстанская,,55-64,43.0
2012,процент,г_Нур-Султан,,16-24,68.5
2012,процент,г_Нур-Султан,,25-28,38.7
2012,процент,г_Нур-Султан,,29-34,40.0
2012,процент,г_Нур-Султан,,35-44,48.8
2012,процент,г_Нур-Султан,,45-54,46.0
2012,процент,г_Нур-Султан,,55-64,43.8
2012,процент,г_Нур-Султан,,65 и старше,0.0
2012,процент,г_Алматы,,16-24,75.3
2012,процент,г_Алматы,,25-28,52.9
2012,процент,г_Алматы,,29-34,36.9
2012,процент,г_Алматы,,35-44,51.0
2012,процент,г_Алматы,,45-54,39.9
2012,процент,г_Алматы,,55-64,18.4
2013,процент,,,,38.3
2013,процент,Акмолинская,,,44.8
2013,процент,Актюбинская,,,27.2
2013,процент,Алматинская,,,45.6
2013,процент,Атырауская,,,28.9
2013,процент,Западно-Казахстанская,,,23.5
2013,процент,Жымбылская,,,27.0
2013,процент,Карагандинская,,,38.6
2013,процент,Костанайская,,,34.6
2013,процент,Кызылординская,,,30.9
2013,процент,Мангистауская,,,30.0
2013,процент,Южно-Казахстанская,,,32.5
2013,процент,Павлодарская,,,36.3
2013,процент,Северо-Казахстанская,,,27.5
2013,процент,Восточно-Казахстанская,,,35.5
2013,процент,г_Нур-Султан,,,48.0
2013,процент,г_Алматы,,,39.5
2013,процент,,Город,,38.9
2013,процент,Акмолинская,Город,,50.5
2013,процент,Актюбинская,Город,,23.8
2013,процент,Алматинская,Город,,46.3
2013,процент,Атырауская,Город,,31.9
2013,процент,Западно-Казахстанская,Город,,26.0
2013,процент,Жымбылская,Город,,29.9
2013,процент,Карагандинская,Город,,39.4
2013,процент,Костанайская,Город,,39.1
2013,процент,Кызылординская,Город,,31.7
2013,процент,Мангистауская,Город,,28.0
2013,процент,Южно-Казахстанская,Город,,29.4
2013,процент,Павлодарская,Город,,33.9
2013,процент,Северо-Казахстанская,Город,,29.4
2013,процент,Восточно-Казахстанская,Город,,40.1
2013,процент,г_Нур-Султан,Город,,48.0
2013,процент,г_Алматы,Город,,39.5
2013,процент,,сельское население,,37.0
2013,процент,Акмолинская,сельское население,,31.2
2013,процент,Актюбинская,сельское население,,54.4
2013,процент,Алматинская,сельское население,,45.3
2013,процент,Атырауская,сельское население,,18.0
2013,процент,Западно-Казахстанская,сельское население,,16.9
2013,процент,Жымбылская,сельское население,,10.1
2013,процент,Карагандинская,сельское население,,30.7
2013,процент,Костанайская,сельское население,,20.5
2013,процент,Кызылординская,сельское население,,29.4
2013,процент,Мангистауская,сельское население,,35.8
2013,процент,Южно-Казахстанская,сельское население,,34.8
2013,процент,Павлодарская,сельское население,,44.0
2013,процент,Северо-Казахстанская,сельское население,,23.9
2013,процент,Восточно-Казахстанская,сельское население,,29.1
2013,процент,,,16-24,42.0
2013,процент,,,25-28,41.6
2013,процент,,,29-34,38.4
2013,процент,,,35-44,39.3
2013,процент,,,45-54,38.4
2013,процент,,,55-64,30.0
2013,процент,,,65 и старше,17.5
2013,процент,Акмолинская,,16-24,69.1
2013,процент,Акмолинская,,25-28,61.2
2013,процент,Акмолинская,,29-34,64.4
2013,процент,Акмолинская,,35-44,32.9
2013,процент,Акмолинская,,45-54,41.0
2013,процент,Акмолинская,,55-64,40.7
2013,процент,Актюбинская,,16-24,6.7
2013,процент,Актюбинская,,25-28,33.6
2013,процент,Актюбинская,,29-34,15.6
2013,процент,Актюбинская,,35-44,41.9
2013,процент,Актюбинская,,45-54,24.5
2013,процент,Актюбинская,,55-64,29.1
2013,процент,Алматинская,,16-24,34.1
2013,процент,Алматинская,,25-28,70.6
2013,процент,Алматинская,,29-34,58.9
2013,процент,Алматинская,,35-44,43.7
2013,процент,Алматинская,,45-54,44.4
2013,процент,Алматинская,,55-64,39.5
2013,процент,Алматинская,,65 и старше,33.4
2013,процент,Атырауская,,16-24,47.4
2013,процент,Атырауская,,25-28,20.7
2013,процент,Атырауская,,29-34,61.7
2013,процент,Атырауская,,35-44,24.4
2013,процент,Атырауская,,45-54,28.7
2013,процент,Атырауская,,55-64,17.7
2013,процент,Атырауская,,65 и старше,0.0
2013,процент,Западно-Казахстанская,,16-24,0.0
2013,процент,Западно-Казахстанская,,25-28,80.4
2013,процент,Западно-Казахстанская,,29-34,0.0
2013,процент,Западно-Казахстанская,,35-44,30.4
2013,процент,Западно-Казахстанская,,45-54,26.8
2013,процент,Западно-Казахстанская,,55-64,17.7
2013,процент,Жымбылская,,16-24,0.0
2013,процент,Жымбылская,,25-28,28.1
2013,процент,Жымбылская,,29-34,21.0
2013,процент,Жымбылская,,35-44,31.7
2013,процент,Жымбылская,,45-54,29.6
2013,процент,Жымбылская,,55-64,24.6
2013,процент,Карагандинская,,16-24,53.1
2013,процент,Карагандинская,,25-28,31.1
2013,процент,Карагандинская,,29-34,30.1
2013,процент,Карагандинская,,35-44,44.5
2013,процент,Карагандинская,,45-54,45.0
2013,процент,Карагандинская,,55-64,22.8
2013,процент,Карагандинская,,65 и старше,26.8
2013,процент,Костанайская,,16-24,56.2
2013,процент,Костанайская,,25-28,44.3
2013,процент,Костанайская,,29-34,35.4
2013,процент,Костанайская,,35-44,27.3
2013,процент,Костанайская,,45-54,37.0
2013,процент,Костанайская,,55-64,17.6
2013,процент,Кызылординская,,16-24,0.0
2013,процент,Кызылординская,,25-28,0.0
2013,процент,Кызылординская,,29-34,35.1
2013,процент,Кызылординская,,35-44,34.6
2013,процент,Кызылординская,,45-54,26.8
2013,процент,Кызылординская,,55-64,44.9
2013,процент,Мангистауская,,16-24,0.0
2013,процент,Мангистауская,,25-28,10.3
2013,процент,Мангистауская,,29-34,24.7
2013,процент,Мангистауская,,35-44,43.5
2013,процент,Мангистауская,,45-54,28.1
2013,процент,Мангистауская,,55-64,12.1
2013,процент,Южно-Казахстанская,,16-24,32.6
2013,процент,Южно-Казахстанская,,25-28,3.0
2013,процент,Южно-Казахстанская,,29-34,47.2
2013,процент,Южно-Казахстанская,,35-44,34.9
2013,процент,Южно-Казахстанская,,45-54,32.3
2013,процент,Южно-Казахстанская,,55-64,26.7
2013,процент,Павлодарская,,16-24,45.9
2013,процент,Павлодарская,,25-28,17.2
2013,процент,Павлодарская,,29-34,41.9
2013,процент,Павлодарская,,35-44,34.4
2013,процент,Павлодарская,,45-54,47.6
2013,процент,Павлодарская,,55-64,31.2
2013,процент,Северо-Казахстанская,,16-24,0.0
2013,процент,Северо-Казахстанская,,25-28,51.7
2013,процент,Северо-Казахстанская,,29-34,13.2
2013,процент,Северо-Казахстанская,,35-44,22.5
2013,процент,Северо-Казахстанская,,45-54,34.3
2013,процент,Северо-Казахстанская,,55-64,33.4
2013,процент,Восточно-Казахстанская,,16-24,46.1
2013,процент,Восточно-Казахстанская,,25-28,23.5
2013,процент,Восточно-Казахстанская,,29-34,25.9
2013,процент,Восточно-Казахстанская,,35-44,43.0
2013,процент,Восточно-Казахстанская,,45-54,38.3
2013,процент,Восточно-Казахстанская,,55-64,37.8
2013,процент,г_Нур-Султан,,16-24,74.3
2013,процент,г_Нур-Султан,,25-28,42.8
2013,процент,г_Нур-Султан,,29-34,47.1
2013,процент,г_Нур-Султан,,35-44,46.3
2013,процент,г_Нур-Султан,,45-54,46.9
2013,процент,г_Нур-Султан,,55-64,27.7
2013,процент,г_Нур-Султан,,65 и старше,0.0
2013,процент,г_Алматы,,16-24,62.3
2013,процент,г_Алматы,,25-28,53.6
2013,процент,г_Алматы,,29-34,32.5
2013,процент,г_Алматы,,35-44,46.4
2013,процент,г_Алматы,,45-54,32.7
2013,процент,г_Алматы,,55-64,22.1
2014,процент,,,,34.8
2014,процент,Акмолинская,,,34.8
2014,процент,Актюбинская,,,37.6
2014,процент,Алматинская,,,26.5
2014,процент,Атырауская,,,25.4
2014,процент,Западно-Казахстанская,,,30.6
2014,процент,Жымбылская,,,22.8
2014,процент,Карагандинская,,,35.7
2014,процент,Костанайская,,,38.6
2014,процент,Кызылординская,,,34.0
2014,процент,Мангистауская,,,44.6
2014,процент,Южно-Казахстанская,,,32.9
2014,процент,Павлодарская,,,32.0
2014,процент,Северо-Казахстанская,,,31.3
2014,процент,Восточно-Казахстанская,,,35.0
2014,процент,г_Нур-Султан,,,35.9
2014,процент,г_Алматы,,,38.4
2014,процент,,Город,,37.1
2014,процент,Акмолинская,Город,,37.7
2014,процент,Актюбинская,Город,,39.6
2014,процент,Алматинская,Город,,30.5
2014,процент,Атырауская,Город,,23.7
2014,процент,Западно-Казахстанская,Город,,32.0
2014,процент,Жымбылская,Город,,27.5
2014,процент,Карагандинская,Город,,37.0
2014,процент,Костанайская,Город,,41.4
2014,процент,Кызылординская,Город,,38.1
2014,процент,Мангистауская,Город,,46.4
2014,процент,Южно-Казахстанская,Город,,35.5
2014,процент,Павлодарская,Город,,31.5
2014,процент,Северо-Казахстанская,Город,,34.0
2014,процент,Восточно-Казахстанская,Город,,37.8
2014,процент,г_Нур-Султан,Город,,37.6
2014,процент,г_Алматы,Город,,39.3
2014,процент,,сельское население,,30.2
2014,процент,Акмолинская,сельское население,,29.6
2014,процент,Актюбинская,сельское население,,30.6
2014,процент,Алматинская,сельское население,,25.3
2014,процент,Атырауская,сельское население,,32.7
2014,процент,Западно-Казахстанская,сельское население,,28.8
2014,процент,Жымбылская,сельское население,,16.7
2014,процент,Карагандинская,сельское население,,32.0
2014,процент,Костанайская,сельское население,,34.4
2014,процент,Кызылординская,сельское население,,28.8
2014,процент,Мангистауская,сельское население,,45.5
2014,процент,Южно-Казахстанская,сельское население,,30.4
2014,процент,Павлодарская,сельское население,,38.6
2014,процент,Северо-Казахстанская,сельское население,,28.0
2014,процент,Восточно-Казахстанская,сельское население,,29.2
2014,процент,,,16-24,29.6
2014,процент,,,25-28,34.8
2014,процент,,,29-34,33.2
2014,процент,,,35-44,36.5
2014,процент,,,45-54,38.3
2014,процент,,,55-64,30.2
2014,процент,,,65 и старше,16.0
2014,процент,Акмолинская,,16-24,25.6
2014,процент,Акмолинская,,25-28,26.6
2014,процент,Акмолинская,,29-34,32.1
2014,процент,Акмолинская,,35-44,36.4
2014,процент,Акмолинская,,45-54,36.8
2014,процент,Акмолинская,,55-64,37.8
2014,процент,Актюбинская,,16-24,13.5
2014,процент,Актюбинская,,25-28,43.8
2014,процент,Актюбинская,,29-34,43.3
2014,процент,Актюбинская,,35-44,41.8
2014,процент,Актюбинская,,45-54,36.5
2014,процент,Актюбинская,,55-64,16.7
2014,процент,Актюбинская,,65 и старше,0.0
2014,процент,Алматинская,,16-24,17.3
2014,процент,Алматинская,,25-28,34.2
2014,процент,Алматинская,,29-34,20.2
2014,процент,Алматинская,,35-44,27.6
2014,процент,Алматинская,,45-54,31.1
2014,процент,Алматинская,,55-64,26.1
2014,процент,Алматинская,,65 и старше,25.6
2014,процент,Атырауская,,16-24,39.1
2014,процент,Атырауская,,25-28,12.7
2014,процент,Атырауская,,29-34,18.4
2014,процент,Атырауская,,35-44,36.2
2014,процент,Атырауская,,45-54,28.7
2014,процент,Атырауская,,55-64,13.3
2014,процент,Атырауская,,65 и старше,0.0
2014,процент,Западно-Казахстанская,,16-24,31.3
2014,процент,Западно-Казахстанская,,25-28,27.1
2014,процент,Западно-Казахстанская,,29-34,43.2
2014,процент,Западно-Казахстанская,,35-44,32.6
2014,процент,Западно-Казахстанская,,45-54,27.6
2014,процент,Западно-Казахстанская,,55-64,26.9
2014,процент,Западно-Казахстанская,,65 и старше,0.0
2014,процент,Жымбылская,,16-24,4.2
2014,процент,Жымбылская,,25-28,25.0
2014,процент,Жымбылская,,29-34,11.3
2014,процент,Жымбылская,,35-44,22.8
2014,процент,Жымбылская,,45-54,42.2
2014,процент,Жымбылская,,55-64,28.3
2014,процент,Жымбылская,,65 и старше,0.0
2014,процент,Карагандинская,,16-24,31.1
2014,процент,Карагандинская,,25-28,20.2
2014,процент,Карагандинская,,29-34,33.4
2014,процент,Карагандинская,,35-44,35.2
2014,процент,Карагандинская,,45-54,43.4
2014,процент,Карагандинская,,55-64,42.9
2014,процент,Карагандинская,,65 и старше,8.1
2014,процент,Костанайская,,16-24,44.5
2014,процент,Костанайская,,25-28,35.6
2014,процент,Костанайская,,29-34,34.7
2014,процент,Костанайская,,35-44,40.3
2014,процент,Костанайская,,45-54,43.2
2014,процент,Костанайская,,55-64,27.2
2014,процент,Костанайская,,65 и старше,32.5
2014,процент,Кызылординская,,16-24,27.7
2014,процент,Кызылординская,,25-28,65.2
2014,процент,Кызылординская,,29-34,28.9
2014,процент,Кызылординская,,35-44,47.7
2014,процент,Кызылординская,,45-54,29.2
2014,процент,Кызылординская,,55-64,16.2
2014,процент,Мангистауская,,16-24,41.1
2014,процент,Мангистауская,,25-28,47.7
2014,процент,Мангистауская,,29-34,38.5
2014,процент,Мангистауская,,35-44,50.2
2014,процент,Мангистауская,,45-54,48.2
2014,процент,Мангистауская,,55-64,31.6
2014,процент,Мангистауская,,65 и старше,6.8
2014,процент,Южно-Казахстанская,,16-24,22.0
2014,процент,Южно-Казахстанская,,25-28,31.6
2014,процент,Южно-Казахстанская,,29-34,36.2
2014,процент,Южно-Казахстанская,,35-44,36.6
2014,процент,Южно-Казахстанская,,45-54,31.5
2014,процент,Южно-Казахстанская,,55-64,25.2
2014,процент,Павлодарская,,16-24,22.1
2014,процент,Павлодарская,,25-28,33.4
2014,процент,Павлодарская,,29-34,27.9
2014,процент,Павлодарская,,35-44,31.9
2014,процент,Павлодарская,,45-54,37.0
2014,процент,Павлодарская,,55-64,24.9
2014,процент,Павлодарская,,65 и старше,84.8
2014,процент,Северо-Казахстанская,,16-24,2.1
2014,процент,Северо-Казахстанская,,25-28,23.0
2014,процент,Северо-Казахстанская,,29-34,28.0
2014,процент,Северо-Казахстанская,,35-44,38.0
2014,процент,Северо-Казахстанская,,45-54,32.2
2014,процент,Северо-Казахстанская,,55-64,32.2
2014,процент,Северо-Казахстанская,,65 и старше,21.9
2014,процент,Восточно-Казахстанская,,16-24,25.8
2014,процент,Восточно-Казахстанская,,25-28,27.2
2014,процент,Восточно-Казахстанская,,29-34,35.2
2014,процент,Восточно-Казахстанская,,35-44,30.2
2014,процент,Восточно-Казахстанская,,45-54,45.2
2014,процент,Восточно-Казахстанская,,55-64,29.0
2014,процент,Восточно-Казахстанская,,65 и старше,10.6
2014,процент,г_Нур-Султан,,16-24,20.8
2014,процент,г_Нур-Султан,,25-28,47.7
2014,процент,г_Нур-Султан,,29-34,43.1
2014,процент,г_Нур-Султан,,35-44,38.5
2014,процент,г_Нур-Султан,,45-54,28.3
2014,процент,г_Нур-Султан,,55-64,28.0
2014,процент,г_Алматы,,16-24,37.0
2014,процент,г_Алматы,,25-28,43.4
2014,процент,г_Алматы,,29-34,32.8
2014,процент,г_Алматы,,35-44,39.1
2014,процент,г_Алматы,,45-54,42.3
2014,процент,г_Алматы,,55-64,35.1
2014,процент,г_Алматы,,65 и старше,0.0
2015,процент,,,,37.0
2015,процент,Акмолинская,,,30.0
2015,процент,Актюбинская,,,34.3
2015,процент,Алматинская,,,31.3
2015,процент,Атырауская,,,33.8
2015,процент,Западно-Казахстанская,,,35.9
2015,процент,Жымбылская,,,20.5
2015,процент,Карагандинская,,,38.9
2015,процент,Костанайская,,,42.9
2015,процент,Кызылординская,,,32.6
2015,процент,Мангистауская,,,52.0
2015,процент,Южно-Казахстанская,,,28.7
2015,процент,Павлодарская,,,39.1
2015,процент,Северо-Казахстанская,,,39.6
2015,процент,Восточно-Казахстанская,,,33.0
2015,процент,г_Нур-Султан,,,41.9
2015,процент,г_Алматы,,,35.3
2015,процент,,Город,,38.4
2015,процент,Акмолинская,Город,,29.8
2015,процент,Актюбинская,Город,,33.1
2015,процент,Алматинская,Город,,34.3
2015,процент,Атырауская,Город,,33.6
2015,процент,Западно-Казахстанская,Город,,38.4
2015,процент,Жымбылская,Город,,20.3
2015,процент,Карагандинская,Город,,39.9
2015,процент,Костанайская,Город,,44.7
2015,процент,Кызылординская,Город,,37.6
2015,процент,Мангистауская,Город,,51.6
2015,процент,Южно-Казахстанская,Город,,32.8
2015,процент,Павлодарская,Город,,40.7
2015,процент,Северо-Казахстанская,Город,,42.1
2015,процент,Восточно-Казахстанская,Город,,34.6
2015,процент,г_Нур-Султан,Город,,41.9
2015,процент,г_Алматы,Город,,35.3
2015,процент,,сельское население,,32.1
2015,процент,Акмолинская,сельское население,,30.3
2015,процент,Актюбинская,сельское население,,38.1
2015,процент,Алматинская,сельское население,,29.3
2015,процент,Атырауская,сельское население,,34.6
2015,процент,Западно-Казахстанская,сельское население,,30.7
2015,процент,Жымбылская,сельское население,,21.1
2015,процент,Карагандинская,сельское население,,30.9
2015,процент,Костанайская,сельское население,,38.4
2015,процент,Кызылординская,сельское население,,26.3
2015,процент,Мангистауская,сельское население,,53.0
2015,процент,Южно-Казахстанская,сельское население,,23.7
2015,процент,Павлодарская,сельское население,,31.6
2015,процент,Северо-Казахстанская,сельское население,,32.9
2015,процент,Восточно-Казахстанская,сельское население,,28.5
2015,процент,,,16-24,38.3
2015,процент,,,25-28,36.7
2015,процент,,,29-34,37.1
2015,процент,,,35-44,35.9
2015,процент,,,45-54,39.4
2015,процент,,,55-64,34.3
2015,процент,,,65 и старше,28.4
2015,процент,Акмолинская,,16-24,45.5
2015,процент,Акмолинская,,25-28,15.1
2015,процент,Акмолинская,,29-34,30.7
2015,процент,Акмолинская,,35-44,29.0
2015,процент,Акмолинская,,45-54,32.1
2015,процент,Акмолинская,,55-64,30.3
2015,процент,Актюбинская,,16-24,33.0
2015,процент,Актюбинская,,25-28,42.2
2015,процент,Актюбинская,,29-34,27.3
2015,процент,Актюбинская,,35-44,24.5
2015,процент,Актюбинская,,45-54,52.7
2015,процент,Актюбинская,,55-64,29.9
2015,процент,Актюбинская,,65 и старше,0.0
2015,процент,Алматинская,,16-24,44.1
2015,процент,Алматинская,,25-28,31.1
2015,процент,Алматинская,,29-34,26.9
2015,процент,Алматинская,,35-44,28.1
2015,процент,Алматинская,,45-54,31.0
2015,процент,Алматинская,,55-64,33.9
2015,процент,Алматинская,,65 и старше,9.8
2015,процент,Атырауская,,16-24,17.1
2015,процент,Атырауская,,25-28,0.0
2015,процент,Атырауская,,29-34,39.3
2015,процент,Атырауская,,35-44,50.5
2015,процент,Атырауская,,45-54,29.7
2015,процент,Атырауская,,55-64,18.5
2015,процент,Атырауская,,65 и старше,0.0
2015,процент,Западно-Казахстанская,,16-24,48.1
2015,процент,Западно-Казахстанская,,25-28,43.0
2015,процент,Западно-Казахстанская,,29-34,31.9
2015,процент,Западно-Казахстанская,,35-44,24.9
2015,процент,Западно-Казахстанская,,45-54,41.8
2015,процент,Западно-Казахстанская,,55-64,36.7
2015,процент,Жымбылская,,16-24,4.1
2015,процент,Жымбылская,,25-28,32.7
2015,процент,Жымбылская,,29-34,13.6
2015,процент,Жымбылская,,35-44,18.4
2015,процент,Жымбылская,,45-54,37.4
2015,процент,Жымбылская,,55-64,10.4
2015,процент,Карагандинская,,16-24,49.8
2015,процент,Карагандинская,,25-28,34.3
2015,процент,Карагандинская,,29-34,36.7
2015,процент,Карагандинская,,35-44,34.4
2015,процент,Карагандинская,,45-54,46.8
2015,процент,Карагандинская,,55-64,38.1
2015,процент,Карагандинская,,65 и старше,27.8
2015,процент,Костанайская,,16-24,45.3
2015,процент,Костанайская,,25-28,40.2
2015,процент,Костанайская,,29-34,44.0
2015,процент,Костанайская,,35-44,42.9
2015,процент,Костанайская,,45-54,45.0
2015,процент,Костанайская,,55-64,36.0
2015,процент,Костанайская,,65 и старше,17.7
2015,процент,Кызылординская,,16-24,0.0
2015,процент,Кызылординская,,25-28,33.8
2015,процент,Кызылординская,,29-34,33.6
2015,процент,Кызылординская,,35-44,44.2
2015,процент,Кызылординская,,45-54,30.3
2015,процент,Кызылординская,,55-64,13.0
2015,процент,Мангистауская,,16-24,36.3
2015,процент,Мангистауская,,25-28,63.3
2015,процент,Мангистауская,,29-34,47.5
2015,процент,Мангистауская,,35-44,62.3
2015,процент,Мангистауская,,45-54,46.5
2015,процент,Мангистауская,,55-64,41.6
2015,процент,Мангистауская,,65 и старше,54.5
2015,процент,Южно-Казахстанская,,16-24,5.3
2015,процент,Южно-Казахстанская,,25-28,12.9
2015,процент,Южно-Казахстанская,,29-34,33.9
2015,процент,Южно-Казахстанская,,35-44,39.7
2015,процент,Южно-Казахстанская,,45-54,21.4
2015,процент,Южно-Казахстанская,,55-64,24.3
2015,процент,Южно-Казахстанская,,65 и старше,0.0
2015,процент,Павлодарская,,16-24,42.0
2015,процент,Павлодарская,,25-28,32.5
2015,процент,Павлодарская,,29-34,56.7
2015,процент,Павлодарская,,35-44,38.6
2015,процент,Павлодарская,,45-54,35.8
2015,процент,Павлодарская,,55-64,30.6
2015,процент,Павлодарская,,65 и старше,11.8
2015,процент,Северо-Казахстанская,,16-24,48.7
2015,процент,Северо-Казахстанская,,25-28,37.7
2015,процент,Северо-Казахстанская,,29-34,38.0
2015,процент,Северо-Казахстанская,,35-44,38.2
2015,процент,Северо-Казахстанская,,45-54,42.2
2015,процент,Северо-Казахстанская,,55-64,40.6
2015,процент,Северо-Казахстанская,,65 и старше,2.8
2015,процент,Восточно-Казахстанская,,16-24,29.9
2015,процент,Восточно-Казахстанская,,25-28,13.7
2015,процент,Восточно-Казахстанская,,29-34,32.2
2015,процент,Восточно-Казахстанская,,35-44,34.8
2015,процент,Восточно-Казахстанская,,45-54,36.9
2015,процент,Восточно-Казахстанская,,55-64,38.3
2015,процент,Восточно-Казахстанская,,65 и старше,0.0
2015,процент,г_Нур-Султан,,16-24,41.3
2015,процент,г_Нур-Султан,,25-28,52.4
2015,процент,г_Нур-Султан,,29-34,37.3
2015,процент,г_Нур-Султан,,35-44,37.2
2015,процент,г_Нур-Султан,,45-54,46.1
2015,процент,г_Нур-Султан,,55-64,41.1
2015,процент,г_Нур-Султан,,65 и старше,55.6
2015,процент,г_Алматы,,16-24,35.1
2015,процент,г_Алматы,,25-28,22.9
2015,процент,г_Алматы,,29-34,43.7
2015,процент,г_Алматы,,35-44,35.1
2015,процент,г_Алматы,,45-54,33.8
2015,процент,г_Алматы,,55-64,35.8
2015,процент,г_Алматы,,65 и старше,32.1
2016,процент,,,,37.3
2016,процент,Акмолинская,,,34.6
2016,процент,Актюбинская,,,34.1
2016,процент,Алматинская,,,35.7
2016,процент,Атырауская,,,30.0
2016,процент,Западно-Казахстанская,,,34.5
2016,процент,Жымбылская,,,19.2
2016,процент,Карагандинская,,,33.8
2016,процент,Костанайская,,,39.6
2016,процент,Кызылординская,,,31.1
2016,процент,Мангистауская,,,44.4
2016,процент,Южно-Казахстанская,,,40.9
2016,процент,Павлодарская,,,40.0
2016,процент,Северо-Казахстанская,,,32.6
2016,процент,Восточно-Казахстанская,,,33.7
2016,процент,г_Нур-Султан,,,44.2
2016,процент,г_Алматы,,,39.9
2016,процент,,Город,,38.3
2016,процент,Акмолинская,Город,,31.8
2016,процент,Актюбинская,Город,,36.8
2016,процент,Алматинская,Город,,42.2
2016,процент,Атырауская,Город,,30.5
2016,процент,Западно-Казахстанская,Город,,35.0
2016,процент,Жымбылская,Город,,16.2
2016,процент,Карагандинская,Город,,34.2
2016,процент,Костанайская,Город,,41.4
2016,процент,Кызылординская,Город,,32.2
2016,процент,Мангистауская,Город,,43.8
2016,процент,Южно-Казахстанская,Город,,43.0
2016,процент,Павлодарская,Город,,40.5
2016,процент,Северо-Казахстанская,Город,,33.5
2016,процент,Восточно-Казахстанская,Город,,35.2
2016,процент,г_Нур-Султан,Город,,44.2
2016,процент,г_Алматы,Город,,39.9
2016,процент,,сельское население,,32.9
2016,процент,Акмолинская,сельское население,,38.3
2016,процент,Актюбинская,сельское население,,27.0
2016,процент,Алматинская,сельское население,,31.1
2016,процент,Атырауская,сельское население,,28.4
2016,процент,Западно-Казахстанская,сельское население,,33.5
2016,процент,Жымбылская,сельское население,,29.4
2016,процент,Карагандинская,сельское население,,30.7
2016,процент,Костанайская,сельское население,,35.9
2016,процент,Кызылординская,сельское население,,27.3
2016,процент,Мангистауская,сельское население,,47.1
2016,процент,Южно-Казахстанская,сельское население,,33.7
2016,процент,Павлодарская,сельское население,,37.6
2016,процент,Северо-Казахстанская,сельское население,,30.4
2016,процент,Восточно-Казахстанская,сельское население,,25.2
2016,процент,,,16-24,37.9
2016,процент,,,25-28,36.1
2016,процент,,,29-34,35.6
2016,процент,,,35-44,35.4
2016,процент,,,45-54,41.5
2016,процент,,,55-64,36.7
2016,процент,,,65 и старше,29.8
2016,процент,Акмолинская,,16-24,45.0
2016,процент,Акмолинская,,25-28,15.8
2016,процент,Акмолинская,,29-34,45.4
2016,процент,Акмолинская,,35-44,28.7
2016,процент,Акмолинская,,45-54,35.8
2016,процент,Акмолинская,,55-64,44.0
2016,процент,Актюбинская,,16-24,25.1
2016,процент,Актюбинская,,25-28,35.2
2016,процент,Актюбинская,,29-34,42.9
2016,процент,Актюбинская,,35-44,32.2
2016,процент,Актюбинская,,45-54,47.6
2016,процент,Актюбинская,,55-64,24.0
2016,процент,Актюбинская,,65 и старше,4.7
2016,процент,Алматинская,,16-24,25.1
2016,процент,Алматинская,,25-28,35.2
2016,процент,Алматинская,,29-34,42.9
2016,процент,Алматинская,,35-44,32.2
2016,процент,Алматинская,,45-54,47.6
2016,процент,Алматинская,,55-64,24.0
2016,процент,Алматинская,,65 и старше,4.7
2016,процент,Атырауская,,16-24,33.8
2016,процент,Атырауская,,25-28,49.1
2016,процент,Атырауская,,29-34,7.5
2016,процент,Атырауская,,35-44,34.1
2016,процент,Атырауская,,45-54,49.1
2016,процент,Атырауская,,55-64,23.4
2016,процент,Атырауская,,65 и старше,0.0
2016,процент,Западно-Казахстанская,,16-24,40.4
2016,процент,Западно-Казахстанская,,25-28,47.7
2016,процент,Западно-Казахстанская,,29-34,37.3
2016,процент,Западно-Казахстанская,,35-44,31.4
2016,процент,Западно-Казахстанская,,45-54,34.1
2016,процент,Западно-Казахстанская,,55-64,31.1
2016,процент,Жымбылская,,16-24,0.0
2016,процент,Жымбылская,,25-28,9.7
2016,процент,Жымбылская,,29-34,17.8
2016,процент,Жымбылская,,35-44,13.3
2016,процент,Жымбылская,,45-54,36.7
2016,процент,Жымбылская,,55-64,22.5
2016,процент,Жымбылская,,65 и старше,100.0
2016,процент,Карагандинская,,16-24,47.9
2016,процент,Карагандинская,,25-28,26.9
2016,процент,Карагандинская,,29-34,36.3
2016,процент,Карагандинская,,35-44,28.6
2016,процент,Карагандинская,,45-54,37.2
2016,процент,Карагандинская,,55-64,36.3
2016,процент,Карагандинская,,65 и старше,14.0
2016,процент,Костанайская,,16-24,40.2
2016,процент,Костанайская,,25-28,38.2
2016,процент,Костанайская,,29-34,25.1
2016,процент,Костанайская,,35-44,42.5
2016,процент,Костанайская,,45-54,51.4
2016,процент,Костанайская,,55-64,33.8
2016,процент,Костанайская,,65 и старше,15.9
2016,процент,Кызылординская,,16-24,21.7
2016,процент,Кызылординская,,25-28,22.9
2016,процент,Кызылординская,,29-34,31.0
2016,процент,Кызылординская,,35-44,22.8
2016,процент,Кызылординская,,45-54,42.5
2016,процент,Кызылординская,,55-64,30.8
2016,процент,Мангистауская,,16-24,40.7
2016,процент,Мангистауская,,25-28,46.0
2016,процент,Мангистауская,,29-34,47.4
2016,процент,Мангистауская,,35-44,41.9
2016,процент,Мангистауская,,45-54,47.1
2016,процент,Мангистауская,,55-64,37.6
2016,процент,Южно-Казахстанская,,16-24,5.2
2016,процент,Южно-Казахстанская,,25-28,10.9
2016,процент,Южно-Казахстанская,,29-34,46.9
2016,процент,Южно-Казахстанская,,35-44,60.7
2016,процент,Южно-Казахстанская,,45-54,39.8
2016,процент,Южно-Казахстанская,,55-64,67.2
2016,процент,Южно-Казахстанская,,65 и старше,0.0
2016,процент,Павлодарская,,16-24,72.0
2016,процент,Павлодарская,,25-28,32.9
2016,процент,Павлодарская,,29-34,31.7
2016,процент,Павлодарская,,35-44,40.3
2016,процент,Павлодарская,,45-54,44.9
2016,процент,Павлодарская,,55-64,38.1
2016,процент,Павлодарская,,65 и старше,70.3
2016,процент,Северо-Казахстанская,,16-24,0.0
2016,процент,Северо-Казахстанская,,25-28,34.2
2016,процент,Северо-Казахстанская,,29-34,27.1
2016,процент,Северо-Казахстанская,,35-44,34.8
2016,процент,Северо-Казахстанская,,45-54,37.3
2016,процент,Северо-Казахстанская,,55-64,27.3
2016,процент,Северо-Казахстанская,,65 и старше,16.5
2016,процент,Восточно-Казахстанская,,16-24,1.5
2016,процент,Восточно-Казахстанская,,25-28,71.9
2016,процент,Восточно-Казахстанская,,29-34,31.7
2016,процент,Восточно-Казахстанская,,35-44,29.43
2016,процент,Восточно-Казахстанская,,45-54,28.5
2016,процент,Восточно-Казахстанская,,55-64,30.7
2016,процент,Восточно-Казахстанская,,65 и старше,17.5
2016,процент,г_Нур-Султан,,16-24,61.6
2016,процент,г_Нур-Султан,,25-28,46.3
2016,процент,г_Нур-Султан,,29-34,40.6
2016,процент,г_Нур-Султан,,35-44,38.3
2016,процент,г_Нур-Султан,,45-54,48.7
2016,процент,г_Нур-Султан,,55-64,56.7
2016,процент,г_Нур-Султан,,65 и старше,66.0
2016,процент,г_Алматы,,16-24,40.6
2016,процент,г_Алматы,,25-28,37.3
2016,процент,г_Алматы,,29-34,36.8
2016,процент,г_Алматы,,35-44,37.0
2016,процент,г_Алматы,,45-54,43.2
2016,процент,г_Алматы,,55-64,48.9
2016,процент,г_Алматы,,65 и старше,78.8
2017,процент,,,,37.0
2017,процент,Акмолинская,,,35.8
2017,процент,Актюбинская,,,39.8
2017,процент,Алматинская,,,33.8
2017,процент,Атырауская,,,31.0
2017,процент,Западно-Казахстанская,,,35.8
2017,процент,Жымбылская,,,18.5
2017,процент,Карагандинская,,,32.9
2017,процент,Костанайская,,,38.8
2017,процент,Кызылординская,,,30.5
2017,процент,Мангистауская,,,42.0
2017,процент,Южно-Казахстанская,,,26.5
2017,процент,Павлодарская,,,43.6
2017,процент,Северо-Казахстанская,,,33.9
2017,процент,Восточно-Казахстанская,,,41.1
2017,процент,г_Нур-Султан,,,43.2
2017,процент,г_Алматы,,,36.1
2017,процент,,Город,,37.8
2017,процент,Акмолинская,Город,,33.1
2017,процент,Актюбинская,Город,,42.3
2017,процент,Алматинская,Город,,35.2
2017,процент,Атырауская,Город,,30.8
2017,процент,Западно-Казахстанская,Город,,39.1
2017,процент,Жымбылская,Город,,17.8
2017,процент,Карагандинская,Город,,33.3
2017,процент,Костанайская,Город,,40.0
2017,процент,Кызылординская,Город,,29.6
2017,процент,Мангистауская,Город,,39.5
2017,процент,Южно-Казахстанская,Город,,24.9
2017,процент,Павлодарская,Город,,46.1
2017,процент,Северо-Казахстанская,Город,,37.2
2017,процент,Восточно-Казахстанская,Город,,42.3
2017,процент,г_Нур-Султан,Город,,43.2
2017,процент,г_Алматы,Город,,36.1
2017,процент,,сельское население,,33.3
2017,процент,Акмолинская,сельское население,,39.8
2017,процент,Актюбинская,сельское население,,31.7
2017,процент,Алматинская,сельское население,,33.0
2017,процент,Атырауская,сельское население,,32.6
2017,процент,Западно-Казахстанская,сельское население,,28.8
2017,процент,Жымбылская,сельское население,,20.9
2017,процент,Карагандинская,сельское население,,29.6
2017,процент,Костанайская,сельское население,,36.5
2017,процент,Кызылординская,сельское население,,33.3
2017,процент,Мангистауская,сельское население,,49.1
2017,процент,Южно-Казахстанская,сельское население,,32.1
2017,процент,Павлодарская,сельское население,,30.4
2017,процент,Северо-Казахстанская,сельское население,,24.3
2017,процент,Восточно-Казахстанская,сельское население,,33.3
2017,процент,,,16-24,41.2
2017,процент,,,25-28,35.0
2017,процент,,,29-34,36.9
2017,процент,,,35-44,37.0
2017,процент,,,45-54,39.6
2017,процент,,,55-64,31.4
2017,процент,,,65 и старше,35.3
2017,процент,Акмолинская,,16-24,49.3
2017,процент,Акмолинская,,25-28,22.6
2017,процент,Акмолинская,,29-34,32.2
2017,процент,Акмолинская,,35-44,38.6
2017,процент,Акмолинская,,45-54,43.4
2017,процент,Акмолинская,,55-64,26.7
2017,процент,Актюбинская,,16-24,50.8
2017,процент,Актюбинская,,25-28,49.7
2017,процент,Актюбинская,,29-34,41.5
2017,процент,Актюбинская,,35-44,36.5
2017,процент,Актюбинская,,45-54,41.0
2017,процент,Актюбинская,,55-64,22.2
2017,процент,Актюбинская,,65 и старше,0.0
2017,процент,Алматинская,,16-24,35.9
2017,процент,Алматинская,,25-28,31.9
2017,процент,Алматинская,,29-34,32.6
2017,процент,Алматинская,,35-44,30.1
2017,процент,Алматинская,,45-54,40.2
2017,процент,Алматинская,,55-64,27.4
2017,процент,Алматинская,,65 и старше,72.5
2017,процент,Атырауская,,16-24,2.2
2017,процент,Атырауская,,25-28,21.4
2017,процент,Атырауская,,29-34,32.8
2017,процент,Атырауская,,35-44,40.2
2017,процент,Атырауская,,45-54,28.7
2017,процент,Атырауская,,55-64,31.3
2017,процент,Западно-Казахстанская,,16-24,44.1
2017,процент,Западно-Казахстанская,,25-28,33.9
2017,процент,Западно-Казахстанская,,29-34,25.9
2017,процент,Западно-Казахстанская,,35-44,38.6
2017,процент,Западно-Казахстанская,,45-54,40.3
2017,процент,Западно-Казахстанская,,55-64,32.5
2017,процент,Жымбылская,,16-24,31.1
2017,процент,Жымбылская,,25-28,20.7
2017,процент,Жымбылская,,29-34,9.0
2017,процент,Жымбылская,,35-44,20.1
2017,процент,Жымбылская,,45-54,12.0
2017,процент,Жымбылская,,55-64,17.6
2017,процент,Карагандинская,,16-24,26.0
2017,процент,Карагандинская,,25-28,36.9
2017,процент,Карагандинская,,29-34,20.2
2017,процент,Карагандинская,,35-44,35.4
2017,процент,Карагандинская,,45-54,39.3
2017,процент,Карагандинская,,55-64,32.7
2017,процент,Карагандинская,,65 и старше,26.9
2017,процент,Костанайская,,16-24,40.1
2017,процент,Костанайская,,25-28,30.8
2017,процент,Костанайская,,29-34,29.9
2017,процент,Костанайская,,35-44,49.6
2017,процент,Костанайская,,45-54,44.0
2017,процент,Костанайская,,55-64,25.1
2017,процент,Костанайская,,65 и старше,14.1
2017,процент,Кызылординская,,16-24,100.0
2017,процент,Кызылординская,,25-28,43.3
2017,процент,Кызылординская,,29-34,29.0
2017,процент,Кызылординская,,35-44,34.0
2017,процент,Кызылординская,,45-54,33.5
2017,процент,Кызылординская,,55-64,16.6
2017,процент,Мангистауская,,16-24,18.8
2017,процент,Мангистауская,,25-28,53.1
2017,процент,Мангистауская,,29-34,44.9
2017,процент,Мангистауская,,35-44,46.5
2017,процент,Мангистауская,,45-54,38.0
2017,процент,Мангистауская,,55-64,29.3
2017,процент,Мангистауская,,65 и старше,0.0
2017,процент,Южно-Казахстанская,,16-24,12.4
2017,процент,Южно-Казахстанская,,25-28,14.9
2017,процент,Южно-Казахстанская,,29-34,21.1
2017,процент,Южно-Казахстанская,,35-44,29.9
2017,процент,Южно-Казахстанская,,45-54,40.2
2017,процент,Южно-Казахстанская,,55-64,11.3
2017,процент,Павлодарская,,16-24,60.4
2017,процент,Павлодарская,,25-28,54.5
2017,процент,Павлодарская,,29-34,49.9
2017,процент,Павлодарская,,35-44,41.8
2017,процент,Павлодарская,,45-54,39.1
2017,процент,Павлодарская,,55-64,36.0
2017,процент,Павлодарская,,65 и старше,0.0
2017,процент,Северо-Казахстанская,,16-24,7.9
2017,процент,Северо-Казахстанская,,25-28,24.7
2017,процент,Северо-Казахстанская,,29-34,32.3
2017,процент,Северо-Казахстанская,,35-44,37.9
2017,процент,Северо-Казахстанская,,45-54,37.3
2017,процент,Северо-Казахстанская,,55-64,27.4
2017,процент,Северо-Казахстанская,,65 и старше,14.4
2017,процент,Восточно-Казахстанская,,16-24,67.7
2017,процент,Восточно-Казахстанская,,25-28,54.5
2017,процент,Восточно-Казахстанская,,29-34,35.2
2017,процент,Восточно-Казахстанская,,35-44,46.5
2017,процент,Восточно-Казахстанская,,45-54,39.0
2017,процент,Восточно-Казахстанская,,55-64,30.4
2017,процент,Восточно-Казахстанская,,65 и старше,12.5
2017,процент,г_Нур-Султан,,16-24,62.5
2017,процент,г_Нур-Султан,,25-28,25.4
2017,процент,г_Нур-Султан,,29-34,58.1
2017,процент,г_Нур-Султан,,35-44,29.8
2017,процент,г_Нур-Султан,,45-54,42.1
2017,процент,г_Нур-Султан,,55-64,51.1
2017,процент,г_Нур-Султан,,65 и старше,66.7
2017,процент,г_Алматы,,16-24,39.2
2017,процент,г_Алматы,,25-28,34.3
2017,процент,г_Алматы,,29-34,36.5
2017,процент,г_Алматы,,35-44,32.4
2017,процент,г_Алматы,,45-54,39.2
2017,процент,г_Алматы,,55-64,38.4
2017,процент,г_Алматы,,65 и старше,42.5
2018,процент,,,,41.2
2018,процент,Акмолинская,,,45.7
2018,процент,Актюбинская,,,33.7
2018,процент,Алматинская,,,39.3
2018,процент,Атырауская,,,35.6
2018,процент,Западно-Казахстанская,,,36.4
2018,процент,Жымбылская,,,40.7
2018,процент,Карагандинская,,,36.3
2018,процент,Костанайская,,,42.9
2018,процент,Кызылординская,,,37.2
2018,процент,Мангистауская,,,37.4
2018,процент,Павлодарская,,,40.2
2018,процент,Северо-Казахстанская,,,39.3
2018,процент,Туркестанская,,,40.3
2018,процент,Восточно-Казахстанская,,,45.1
2018,процент,г_Нур-Султан,,,43.3
2018,процент,г_Алматы,,,43.2
2018,процент,г_Шымкент,,,46.7
2018,процент,,Город,,41.7
2018,процент,Акмолинская,Город,,45.8
2018,процент,Актюбинская,Город,,34.1
2018,процент,Алматинская,Город,,38.0
2018,процент,Атырауская,Город,,33.8
2018,процент,Западно-Казахстанская,Город,,36.9
2018,процент,Жымбылская,Город,,42.6
2018,процент,Карагандинская,Город,,37.0
2018,процент,Костанайская,Город,,42.5
2018,процент,Кызылординская,Город,,38.2
2018,процент,Мангистауская,Город,,36.6
2018,процент,Павлодарская,Город,,40.1
2018,процент,Северо-Казахстанская,Город,,43.1
2018,процент,Туркестанская,Город,,37.9
2018,процент,Восточно-Казахстанская,Город,,46.7
2018,процент,г_Нур-Султан,Город,,43.3
2018,процент,г_Алматы,Город,,43.2
2018,процент,г_Шымкент,Город,,46.7
2018,процент,,сельское население,,39.5
2018,процент,Акмолинская,сельское население,,45.6
2018,процент,Актюбинская,сельское население,,32.4
2018,процент,Алматинская,сельское население,,39.8
2018,процент,Атырауская,сельское население,,43.0
2018,процент,Западно-Казахстанская,сельское население,,35.6
2018,процент,Жымбылская,сельское население,,36.2
2018,процент,Карагандинская,сельское население,,33.6
2018,процент,Костанайская,сельское население,,43.7
2018,процент,Кызылординская,сельское население,,34.9
2018,процент,Мангистауская,сельское население,,38.9
2018,процент,Павлодарская,сельское население,,40.7
2018,процент,Северо-Казахстанская,сельское население,,34.1
2018,процент,Туркестанская,сельское население,,41.0
2018,процент,Восточно-Казахстанская,сельское население,,41.5
2018,процент,,,16-24,45.2
2018,процент,,,25-28,42.0
2018,процент,,,29-34,37.2
2018,процент,,,35-44,41.7
2018,процент,,,45-54,44.5
2018,процент,,,55-64,37.8
2018,процент,,,65 и старше,32.7
2018,процент,Акмолинская,,16-24,38.3
2018,процент,Акмолинская,,25-28,44.1
2018,процент,Акмолинская,,29-34,47.2
2018,процент,Акмолинская,,35-44,45.2
2018,процент,Акмолинская,,45-54,48.1
2018,процент,Акмолинская,,55-64,47.0
2018,процент,Актюбинская,,16-24,32.6
2018,процент,Актюбинская,,25-28,21.4
2018,процент,Актюбинская,,29-34,23.1
2018,процент,Актюбинская,,35-44,32.4
2018,процент,Актюбинская,,45-54,46.5
2018,процент,Актюбинская,,55-64,46.4
2018,процент,Актюбинская,,65 и старше,0.0
2018,процент,Алматинская,,16-24,46.5
2018,процент,Алматинская,,25-28,37.9
2018,процент,Алматинская,,29-34,39.0
2018,процент,Алматинская,,35-44,41.6
2018,процент,Алматинская,,45-54,37.9
2018,процент,Алматинская,,55-64,35.8
2018,процент,Алматинская,,65 и старше,0.0
2018,процент,Атырауская,,16-24,23.0
2018,процент,Атырауская,,25-28,61.6
2018,процент,Атырауская,,29-34,24.6
2018,процент,Атырауская,,35-44,35.7
2018,процент,Атырауская,,45-54,41.4
2018,процент,Атырауская,,55-64,38.1
2018,процент,Атырауская,,65 и старше,0.0
2018,процент,Западно-Казахстанская,,16-24,56.1
2018,процент,Западно-Казахстанская,,25-28,36.8
2018,процент,Западно-Казахстанская,,29-34,47.3
2018,процент,Западно-Казахстанская,,35-44,34.2
2018,процент,Западно-Казахстанская,,45-54,31.6
2018,процент,Западно-Казахстанская,,55-64,32.0
2018,процент,Жымбылская,,16-24,23.6
2018,процент,Жымбылская,,25-28,35.5
2018,процент,Жымбылская,,29-34,39.6
2018,процент,Жымбылская,,35-44,46.8
2018,процент,Жымбылская,,45-54,47.8
2018,процент,Жымбылская,,55-64,23.1
2018,процент,Карагандинская,,16-24,36.1
2018,процент,Карагандинская,,25-28,31.9
2018,процент,Карагандинская,,29-34,36.1
2018,процент,Карагандинская,,35-44,40.1
2018,процент,Карагандинская,,45-54,37.6
2018,процент,Карагандинская,,55-64,29.1
2018,процент,Карагандинская,,65 и старше,37.8
2018,процент,Костанайская,,16-24,48.6
2018,процент,Костанайская,,25-28,44.5
2018,процент,Костанайская,,29-34,35.0
2018,процент,Костанайская,,35-44,45.3
2018,процент,Костанайская,,45-54,47.9
2018,процент,Костанайская,,55-64,37.4
2018,процент,Костанайская,,65 и старше,48.6
2018,процент,Кызылординская,,16-24,47.8
2018,процент,Кызылординская,,25-28,33.9
2018,процент,Кызылординская,,29-34,32.1
2018,процент,Кызылординская,,35-44,35.8
2018,процент,Кызылординская,,45-54,47.3
2018,процент,Кызылординская,,55-64,31.8
2018,процент,Мангистауская,,16-24,35.2
2018,процент,Мангистауская,,25-28,47.8
2018,процент,Мангистауская,,29-34,30.8
2018,процент,Мангистауская,,35-44,39.7
2018,процент,Мангистауская,,45-54,40.9
2018,процент,Мангистауская,,55-64,27.0
2018,процент,Павлодарская,,16-24,63.4
2018,процент,Павлодарская,,25-28,45.8
2018,процент,Павлодарская,,29-34,36.1
2018,процент,Павлодарская,,35-44,34.1
2018,процент,Павлодарская,,45-54,50.2
2018,процент,Павлодарская,,55-64,32.8
2018,процент,Павлодарская,,65 и старше,0.0
2018,процент,Северо-Казахстанская,,16-24,50.1
2018,процент,Северо-Казахстанская,,25-28,38.7
2018,процент,Северо-Казахстанская,,29-34,29.1
2018,процент,Северо-Казахстанская,,35-44,49.0
2018,процент,Северо-Казахстанская,,45-54,42.3
2018,процент,Северо-Казахстанская,,55-64,32.6
2018,процент,Северо-Казахстанская,,65 и старше,42.6
2018,процент,Туркестанская,,16-24,46.9
2018,процент,Туркестанская,,25-28,54.7
2018,процент,Туркестанская,,29-34,29.5
2018,процент,Туркестанская,,35-44,26.1
2018,процент,Туркестанская,,45-54,64.4
2018,процент,Туркестанская,,55-64,41.3
2018,процент,Восточно-Казахстанская,,16-24,77.1
2018,процент,Восточно-Казахстанская,,25-28,63.3
2018,процент,Восточно-Казахстанская,,29-34,44.3
2018,процент,Восточно-Казахстанская,,35-44,28.5
2018,процент,Восточно-Казахстанская,,45-54,48.4
2018,процент,Восточно-Казахстанская,,55-64,42.7
2018,процент,Восточно-Казахстанская,,65 и старше,17.6
2018,процент,г_Нур-Султан,,16-24,42.8
2018,процент,г_Нур-Султан,,25-28,41.5
2018,процент,г_Нур-Султан,,29-34,44.3
2018,процент,г_Нур-Султан,,35-44,44.0
2018,процент,г_Нур-Султан,,45-54,44.6
2018,процент,г_Нур-Султан,,55-64,35.9
2018,процент,г_Нур-Султан,,65 и старше,46.3
2018,процент,г_Алматы,,16-24,45.3
2018,процент,г_Алматы,,25-28,39.4
2018,процент,г_Алматы,,29-34,39.3
2018,процент,г_Алматы,,35-44,43.2
2018,процент,г_Алматы,,45-54,44.6
2018,процент,г_Алматы,,55-64,50.4
2018,процент,г_Алматы,,65 и старше,39.1
2018,процент,г_Шымкент,,16-24,31.4
2018,процент,г_Шымкент,,25-28,38.3
2018,процент,г_Шымкент,,29-34,18.8
2018,процент,г_Шымкент,,35-44,74.2
2018,процент,г_Шымкент,,45-54,43.2
2018,процент,г_Шымкент,,55-64,32.2
2019,процент,,,,43.0
2019,процент,Акмолинская,,,43.5
2019,процент,Актюбинская,,,27.3
2019,процент,Алматинская,,,43.6
2019,процент,Атырауская,,,41.3
2019,процент,Западно-Казахстанская,,,38.9
2019,процент,Жымбылская,,,35.2
2019,процент,Карагандинская,,,34.4
2019,процент,Костанайская,,,40.1
2019,процент,Кызылординская,,,44.4
2019,процент,Мангистауская,,,34.5
2019,процент,Павлодарская,,,45.0
2019,процент,Северо-Казахстанская,,,40.8
2019,процент,Туркестанская,,,34.7
2019,процент,Восточно-Казахстанская,,,44.5
2019,процент,г_Нур-Султан,,,52.1
2019,процент,г_Алматы,,,48.1
2019,процент,г_Шымкент,,,38.3
2019,процент,,Город,,43.9
2019,процент,Акмолинская,Город,,45.6
2019,процент,Актюбинская,Город,,22.6
2019,процент,Алматинская,Город,,41.0
2019,процент,Атырауская,Город,,36.8
2019,процент,Западно-Казахстанская,Город,,41.1
2019,процент,Жымбылская,Город,,37.3
2019,процент,Карагандинская,Город,,34.6
2019,процент,Костанайская,Город,,38.2
2019,процент,Кызылординская,Город,,50.0
2019,процент,Мангистауская,Город,,33.2
2019,процент,Павлодарская,Город,,45.9
2019,процент,Северо-Казахстанская,Город,,44.9
2019,процент,Туркестанская,Город,,27.5
2019,процент,Восточно-Казахстанская,Город,,45.0
2019,процент,г_Нур-Султан,Город,,52.1
2019,процент,г_Алматы,Город,,48.1
2019,процент,г_Шымкент,Город,,38.3
2019,процент,,сельское население,,40.0
2019,процент,Акмолинская,сельское население,,40.7
2019,процент,Актюбинская,сельское население,,39.7
2019,процент,Алматинская,сельское население,,44.5
2019,процент,Атырауская,сельское население,,48.5
2019,процент,Западно-Казахстанская,сельское население,,35.4
2019,процент,Жымбылская,сельское население,,26.5
2019,процент,Карагандинская,сельское население,,33.5
2019,процент,Костанайская,сельское население,,42.4
2019,процент,Кызылординская,сельское население,,33.2
2019,процент,Мангистауская,сельское население,,37.4
2019,процент,Павлодарская,сельское население,,41.7
2019,процент,Северо-Казахстанская,сельское население,,35.9
2019,процент,Туркестанская,сельское население,,36.6
2019,процент,Восточно-Казахстанская,сельское население,,43.4
2019,процент,,,16-24,42.4
2019,процент,,,25-28,47.7
2019,процент,,,29-34,41.2
2019,процент,,,35-44,41.3
2019,процент,,,45-54,46.9
2019,процент,,,55-64,39.8
2019,процент,,,65 и старше,42.5
2019,процент,Акмолинская,,16-24,41.6
2019,процент,Акмолинская,,25-28,43.2
2019,процент,Акмолинская,,29-34,40.2
2019,процент,Акмолинская,,35-44,41.4
2019,процент,Акмолинская,,45-54,50.7
2019,процент,Акмолинская,,55-64,42.2
2019,процент,Акмолинская,,65 и старше,37.0
2019,процент,Актюбинская,,16-24,11.0
2019,процент,Актюбинская,,25-28,15.7
2019,процент,Актюбинская,,29-34,19.4
2019,процент,Актюбинская,,35-44,26.7
2019,процент,Актюбинская,,45-54,37.1
2019,процент,Актюбинская,,55-64,34.1
2019,процент,Актюбинская,,65 и старше,100.0
2019,процент,Алматинская,,16-24,41.7
2019,процент,Алматинская,,25-28,38.2
2019,процент,Алматинская,,29-34,38.8
2019,процент,Алматинская,,35-44,45.4
2019,процент,Алматинская,,45-54,49.5
2019,процент,Алматинская,,55-64,43.3
2019,процент,Алматинская,,65 и старше,34.0
2019,процент,Атырауская,,16-24,4.1
2019,процент,Атырауская,,25-28,55.2
2019,процент,Атырауская,,29-34,38.9
2019,процент,Атырауская,,35-44,43.5
2019,процент,Атырауская,,45-54,52.4
2019,процент,Атырауская,,55-64,18.8
2019,процент,Западно-Казахстанская,,16-24,41.7
2019,процент,Западно-Казахстанская,,25-28,55.6
2019,процент,Западно-Казахстанская,,29-34,34.1
2019,процент,Западно-Казахстанская,,35-44,44.7
2019,процент,Западно-Казахстанская,,45-54,36.5
2019,процент,Западно-Казахстанская,,55-64,31.8
2019,процент,Жымбылская,,16-24,47.2
2019,процент,Жымбылская,,25-28,31.6
2019,процент,Жымбылская,,29-34,20.3
2019,процент,Жымбылская,,35-44,36.2
2019,процент,Жымбылская,,45-54,41.9
2019,процент,Жымбылская,,55-64,33.7
2019,процент,Карагандинская,,16-24,21.7
2019,процент,Карагандинская,,25-28,32.2
2019,процент,Карагандинская,,29-34,22.3
2019,процент,Карагандинская,,35-44,40.0
2019,процент,Карагандинская,,45-54,41.6
2019,процент,Карагандинская,,55-64,34.2
2019,процент,Карагандинская,,65 и старше,87.7
2019,процент,Костанайская,,16-24,42.2
2019,процент,Костанайская,,25-28,42.7
2019,процент,Костанайская,,29-34,28.9
2019,процент,Костанайская,,35-44,38.5
2019,процент,Костанайская,,45-54,54.7
2019,процент,Костанайская,,55-64,35.2
2019,процент,Костанайская,,65 и старше,47.8
2019,процент,Кызылординская,,16-24,11.7
2019,процент,Кызылординская,,25-28,34.0
2019,процент,Кызылординская,,29-34,53.1
2019,процент,Кызылординская,,35-44,49.9
2019,процент,Кызылординская,,45-54,45.1
2019,процент,Кызылординская,,55-64,27.0
2019,процент,Мангистауская,,16-24,51.8
2019,процент,Мангистауская,,25-28,32.7
2019,процент,Мангистауская,,29-34,35.8
2019,процент,Мангистауская,,35-44,28.3
2019,процент,Мангистауская,,45-54,39.0
2019,процент,Мангистауская,,55-64,38.5
2019,процент,Мангистауская,,65 и старше,7.1
2019,процент,Павлодарская,,16-24,24.5
2019,процент,Павлодарская,,25-28,26.0
2019,процент,Павлодарская,,29-34,33.8
2019,процент,Павлодарская,,35-44,49.3
2019,процент,Павлодарская,,45-54,56.3
2019,процент,Павлодарская,,55-64,46.6
2019,процент,Павлодарская,,65 и старше,4.2
2019,процент,Северо-Казахстанская,,16-24,24.9
2019,процент,Северо-Казахстанская,,25-28,39.4
2019,процент,Северо-Казахстанская,,29-34,44.2
2019,процент,Северо-Казахстанская,,35-44,40.3
2019,процент,Северо-Казахстанская,,45-54,46.7
2019,процент,Северо-Казахстанская,,55-64,32.8
2019,процент,Северо-Казахстанская,,65 и старше,15.8
2019,процент,Туркестанская,,16-24,38.2
2019,процент,Туркестанская,,25-28,26.9
2019,процент,Туркестанская,,29-34,28.0
2019,процент,Туркестанская,,35-44,46.6
2019,процент,Туркестанская,,45-54,36.7
2019,процент,Туркестанская,,55-64,13.0
2019,процент,Восточно-Казахстанская,,16-24,44.4
2019,процент,Восточно-Казахстанская,,25-28,41.5
2019,процент,Восточно-Казахстанская,,29-34,49.3
2019,процент,Восточно-Казахстанская,,35-44,35.7
2019,процент,Восточно-Казахстанская,,45-54,50.4
2019,процент,Восточно-Казахстанская,,55-64,49.0
2019,процент,г_Нур-Султан,,16-24,41.3
2019,процент,г_Нур-Султан,,25-28,72.1
2019,процент,г_Нур-Султан,,29-34,64.5
2019,процент,г_Нур-Султан,,35-44,38.4
2019,процент,г_Нур-Султан,,45-54,43.8
2019,процент,г_Нур-Султан,,55-64,42.6
2019,процент,г_Нур-Султан,,65 и старше,49.0
2019,процент,г_Алматы,,16-24,41.3
2019,процент,г_Алматы,,25-28,72.1
2019,процент,г_Алматы,,29-34,64.5
2019,процент,г_Алматы,,35-44,38.4
2019,процент,г_Алматы,,45-54,43.8
2019,процент,г_Алматы,,55-64,42.6
2019,процент,г_Алматы,,65 и старше,49.0
2019,процент,г_Шымкент,,16-24,30.5
2019,процент,г_Шымкент,,25-28,38.5
2019,процент,г_Шымкент,,29-34,29.7
2019,процент,г_Шымкент,,35-44,47.3
2019,процент,г_Шымкент,,45-54,37.5
2019,процент,г_Шымкент,,55-64,41.2
