Year,UNIT_MEASURE,Местность,Регионы,Value
2012,процент,,,3.5065578554111165
2012,процент,,Акмолинская,4.946407458376136
2012,процент,,Актюбинская,1.8657933972667384
2012,процент,,Алматинская,6.187236471032998
2012,процент,,Атырауская,1.539979523524076
2012,процент,,Западно-Казахстанская,6.377347835797938
2012,процент,,Жымбылская,1.925666819695505
2012,процент,,Карагандинская,4.316336769132537
2012,процент,,Костанайская,12.094940365224588
2012,процент,,Кызылординская,0.2020558103942668
2012,процент,,Мангистауская,0.0327168925495456
2012,процент,,Туркестанская,0.8531819147217448
2012,процент,,Павлодарская,5.652412751552785
2012,процент,,Северо-Казахстанская,5.535838041035764
2012,процент,,Восточно-Казахстанская,4.6222234756215785
2012,процент,городское население,,4.140620987731073
2012,процент,городское население,Акмолинская,8.473930069232386
2012,процент,городское население,Актюбинская,2.86737060829403
2012,процент,городское население,Алматинская,5.685611830881335
2012,процент,городское население,Атырауская,1.720930476295283
2012,процент,городское население,Западно-Казахстанская,9.820837685481235
2012,процент,городское население,Жымбылская,2.0829414933804284
2012,процент,городское население,Карагандинская,4.629695249601499
2012,процент,городское население,Костанайская,17.41053437575562
2012,процент,городское население,Кызылординская,0.2030960224645178
2012,процент,городское население,Мангистауская,0.003003258535511
2012,процент,городское население,Туркестанская,0.2645555268235434
2012,процент,городское население,Павлодарская,7.407324034972403
2012,процент,городское население,Северо-Казахстанская,11.502025364728423
2012,процент,городское население,Восточно-Казахстанская,6.716925719119896
2012,процент,сельское население,,2.5920112532057056
2012,процент,сельское население,Акмолинская,1.4954300494293662
2012,процент,сельское население,Актюбинская,0.0
2012,процент,сельское население,Алматинская,6.35071226575891
2012,процент,сельское население,Атырауская,1.3545230435413098
2012,процент,сельское население,Западно-Казахстанская,2.5170724730952125
2012,процент,сельское население,Жымбылская,1.804540075520616
2012,процент,сельское население,Карагандинская,2.972851748069624
2012,процент,сельское население,Костанайская,5.798623438539544
2012,процент,сельское население,Кызылординская,0.2012017301783023
2012,процент,сельское население,Мангистауская,0.0682634730538922
2012,процент,сельское население,Туркестанская,1.289819406312084
2012,процент,сельское население,Павлодарская,1.1429827453566326
2012,процент,сельское население,Северо-Казахстанская,0.62340367685633
2012,процент,сельское население,Восточно-Казахстанская,1.1612333195425188
2013,процент,,,3.685402162446737
2013,процент,,Акмолинская,4.932856776352089
2013,процент,,Актюбинская,5.940240052837447
2013,процент,,Алматинская,6.181900564672289
2013,процент,,Атырауская,1.6330128330503857
2013,процент,,Западно-Казахстанская,6.180782882442212
2013,процент,,Жымбылская,1.6275990645223826
2013,процент,,Карагандинская,4.306760447256608
2013,процент,,Костанайская,12.088929175005257
2013,процент,,Кызылординская,0.198342782749242
2013,процент,,Мангистауская,0.0269422168689974
2013,процент,,Туркестанская,0.8652873366676641
2013,процент,,Павлодарская,5.941565220769257
2013,процент,,Северо-Казахстанская,5.606523955147808
2013,процент,,Восточно-Казахстанская,4.753230599617664
2013,процент,городское население,,4.445585222468425
2013,процент,городское население,Акмолинская,8.446452291147242
2013,процент,городское население,Актюбинская,8.688692681604673
2013,процент,городское население,Алматинская,5.520671796822425
2013,процент,городское население,Атырауская,1.7920040194482678
2013,процент,городское население,Западно-Казахстанская,10.132132534728656
2013,процент,городское население,Жымбылская,1.7937701396348014
2013,процент,городское население,Карагандинская,4.614037624843473
2013,процент,городское население,Костанайская,17.305227318245546
2013,процент,городское население,Кызылординская,0.1995250741193497
2013,процент,городское население,Мангистауская,0.0
2013,процент,городское население,Туркестанская,0.2333424840189811
2013,процент,городское население,Павлодарская,7.76534077318078
2013,процент,городское население,Северо-Казахстанская,11.525011826470887
2013,процент,городское население,Восточно-Казахстанская,6.943106473019434
2013,процент,сельское население,,2.589585617738482
2013,процент,сельское население,Акмолинская,1.4920701168614356
2013,процент,сельское население,Актюбинская,0.8946928659275046
2013,процент,сельское население,Алматинская,6.394720287491194
2013,процент,сельское население,Атырауская,1.4751133103247538
2013,процент,сельское население,Западно-Казахстанская,1.722596173096002
2013,процент,сельское население,Жымбылская,1.499553298652106
2013,процент,сельское население,Карагандинская,2.9817267717296723
2013,процент,сельское население,Костанайская,5.833718605335367
2013,процент,сельское население,Кызылординская,0.1973734736195376
2013,процент,сельское население,Мангистауская,0.0578473963000351
2013,процент,сельское население,Туркестанская,1.3302773094347866
2013,процент,сельское население,Павлодарская,1.1566253753753757
2013,процент,сельское население,Северо-Казахстанская,0.645351911174696
2013,процент,сельское население,Восточно-Казахстанская,1.0970818377771594
2014,процент,,,3.433270472821785
2014,процент,,Акмолинская,4.923791368458343
2014,процент,,Актюбинская,5.874888869605367
2014,процент,,Алматинская,6.3766849427446815
2014,процент,,Атырауская,1.6079952956764905
2014,процент,,Западно-Казахстанская,6.160982797714675
2014,процент,,Жымбылская,1.4958423778292935
2014,процент,,Карагандинская,4.144392914881816
2014,процент,,Костанайская,12.0955669438465
2014,процент,,Кызылординская,0.1952200171129036
2014,процент,,Мангистауская,0.013912111523608
2014,процент,,Туркестанская,1.1634771874030996
2014,процент,,Павлодарская,0.226485909340926
2014,процент,,Северо-Казахстанская,5.65215073823357
2014,процент,,Восточно-Казахстанская,5.069475579435725
2014,процент,городское население,,3.872201601900956
2014,процент,городское население,Акмолинская,8.444712733470634
2014,процент,городское население,Актюбинская,8.60534199776636
2014,процент,городское население,Алматинская,5.451794961307965
2014,процент,городское население,Атырауская,1.789260257937752
2014,процент,городское население,Западно-Казахстанская,10.069418614211829
2014,процент,городское население,Жымбылская,1.127731224058266
2014,процент,городское население,Карагандинская,4.402963425791623
2014,процент,городское население,Костанайская,17.20615323343456
2014,процент,городское население,Кызылординская,0.1963712800088505
2014,процент,городское население,Мангистауская,0.0
2014,процент,городское население,Туркестанская,0.2547238155082921
2014,процент,городское население,Павлодарская,0.0479607787409407
2014,процент,городское население,Северо-Казахстанская,11.490479317137227
2014,процент,городское население,Восточно-Казахстанская,7.103182613138954
2014,процент,сельское население,,2.783737366296944
2014,процент,сельское население,Акмолинская,1.487918888669432
2014,процент,сельское население,Актюбинская,0.8809715699080121
2014,процент,сельское население,Алматинская,6.6827977126395055
2014,процент,сельское население,Атырауская,1.4328629490318834
2014,процент,сельское население,Западно-Казахстанская,1.739091915836102
2014,процент,сельское население,Жымбылская,1.7805060028488096
2014,процент,сельское население,Карагандинская,3.015975809867899
2014,процент,сельское население,Костанайская,5.881427135921742
2014,процент,сельское население,Кызылординская,0.1942760382806948
2014,процент,сельское население,Мангистауская,0.0275649435173888
2014,процент,сельское население,Туркестанская,1.906375138371929
2014,процент,сельское население,Павлодарская,0.7057196671673461
2014,процент,сельское население,Северо-Казахстанская,0.6567520840009653
2014,процент,сельское население,Восточно-Казахстанская,1.6403470147921602
2015,процент,,,3.4012183873910518
2015,процент,,Акмолинская,4.904479848802701
2015,процент,,Актюбинская,5.827469106228451
2015,процент,,Алматинская,6.517071583834859
2015,процент,,Атырауская,1.8187710130838093
2015,процент,,Западно-Казахстанская,6.146280737090474
2015,процент,,Жымбылская,1.6089690422589304
2015,процент,,Карагандинская,4.146979485435793
2015,процент,,Костанайская,12.101909086683964
2015,процент,,Кызылординская,0.1927671311534241
2015,процент,,Мангистауская,0.0216621411263305
2015,процент,,Туркестанская,0.8777980027416062
2015,процент,,Павлодарская,0.2449368380468555
2015,процент,,Северо-Казахстанская,5.927788523533204
2015,процент,,Восточно-Казахстанская,5.177975097812227
2015,процент,городское население,,3.8022343269907135
2015,процент,городское население,Акмолинская,8.437282699703408
2015,процент,городское население,Актюбинская,8.516055948332252
2015,процент,городское население,Алматинская,5.439152026330836
2015,процент,городское население,Атырауская,0.3052387366394035
2015,процент,городское население,Западно-Казахстанская,9.98082997663896
2015,процент,городское население,Жымбылская,1.7715411096788691
2015,процент,городское население,Карагандинская,4.389870112249086
2015,процент,городское население,Костанайская,17.074833628939427
2015,процент,городское население,Кызылординская,0.1930965709493914
2015,процент,городское население,Мангистауская,0.0
2015,процент,городское население,Туркестанская,0.1563137066069158
2015,процент,городское население,Павлодарская,0.0818873937677053
2015,процент,городское население,Северо-Казахстанская,11.930715998881036
2015,процент,городское население,Восточно-Казахстанская,7.203356958990091
2015,процент,сельское население,,4.752145445199468
2015,процент,сельское население,Акмолинская,1.4781732036376274
2015,процент,сельское население,Актюбинская,15.678638662286367
2015,процент,сельское население,Алматинская,1.163887734238359
2015,процент,сельское население,Атырауская,0.9282299046236264
2015,процент,сельское население,Западно-Казахстанская,11.419186038789991
2015,процент,сельское население,Жымбылская,1.0607451795293097
2015,процент,сельское население,Карагандинская,18.800867883405168
2015,процент,сельское население,Костанайская,21.15530581264385
2015,процент,сельское население,Кызылординская,0.1595386113399745
2015,процент,сельское население,Мангистауская,0.0
2015,процент,сельское население,Туркестанская,0.2231180193104905
2015,процент,сельское население,Павлодарская,0.6901886838065537
2015,процент,сельское население,Северо-Казахстанская,0.1723015195699742
2015,процент,сельское население,Восточно-Казахстанская,11.834296705892562
2016,процент,,,3.041477748548792
2016,процент,,Акмолинская,4.921908821472576
2016,процент,,Актюбинская,5.79742458759472
2016,процент,,Алматинская,5.481125430641963
2016,процент,,Атырауская,1.7817728239649444
2016,процент,,Западно-Казахстанская,6.167319184009891
2016,процент,,Жымбылская,1.6016048801457492
2016,процент,,Карагандинская,4.163638298704571
2016,процент,,Костанайская,12.1569828359244
2016,процент,,Кызылординская,0.1912201472801985
2016,процент,,Мангистауская,0.0103805458684191
2016,процент,,Туркестанская,0.9666257050454776
2016,процент,,Павлодарская,0.0458977651694555
2016,процент,,Северо-Казахстанская,0.2042319466563537
2016,процент,,Восточно-Казахстанская,4.87781706393486
2016,процент,городское население,,3.3102176192357926
2016,процент,городское население,Акмолинская,8.470308331760272
2016,процент,городское население,Актюбинская,8.445698236544173
2016,процент,городское население,Алматинская,3.422393750309946
2016,процент,городское население,Атырауская,0.9333138683191792
2016,процент,городское население,Западно-Казахстанская,9.904541021249798
2016,процент,городское население,Жымбылская,1.376615720387083
2016,процент,городское население,Карагандинская,4.265826718331805
2016,процент,городское население,Костанайская,17.02692649714132
2016,процент,городское население,Кызылординская,0.1903170610756934
2016,процент,городское население,Мангистауская,0.0
2016,процент,городское население,Туркестанская,0.2429571770005331
2016,процент,городское население,Павлодарская,0.001773124311529
2016,процент,городское население,Северо-Казахстанская,0.1942296469215056
2016,процент,городское население,Восточно-Казахстанская,6.929657539757033
2016,процент,сельское население,,2.626450663293304
2016,процент,сельское население,Акмолинская,1.483874084656742
2016,процент,сельское население,Актюбинская,0.8781366144186153
2016,процент,сельское население,Алматинская,6.1767909509845
2016,процент,сельское население,Атырауская,2.618617306508312
2016,процент,сельское население,Западно-Казахстанская,1.8392522034561576
2016,процент,сельское население,Жымбылская,1.774966353925295
2016,процент,сельское население,Карагандинская,3.708299006422027
2016,процент,сельское население,Костанайская,6.022032583397983
2016,процент,сельское население,Кызылординская,0.1919751403398034
2016,процент,сельское население,Мангистауская,0.0186915887850467
2016,процент,сельское население,Туркестанская,1.6262897180748364
2016,процент,сельское население,Павлодарская,0.1678633567770235
2016,процент,сельское население,Северо-Казахстанская,0.2133373178435498
2016,процент,сельское население,Восточно-Казахстанская,1.308274442976619
2017,процент,,,2.6269248163889456
2017,процент,,Акмолинская,3.2923003508275817
2017,процент,,Актюбинская,5.770211096262919
2017,процент,,Алматинская,1.8686058505893537
2017,процент,,Атырауская,1.7788225301059046
2017,процент,,Западно-Казахстанская,5.312727190346637
2017,процент,,Жымбылская,1.5284358238126348
2017,процент,,Карагандинская,4.077720913926477
2017,процент,,Костанайская,12.250728814544727
2017,процент,,Кызылординская,0.1900560260902442
2017,процент,,Мангистауская,0.0160437166971335
2017,процент,,Туркестанская,1.0315058376864912
2017,процент,,Павлодарская,0.1643770895740303
2017,процент,,Северо-Казахстанская,2.6601191328187794
2017,процент,,Восточно-Казахстанская,4.877011310126623
2017,процент,городское население,,2.9176441992951263
2017,процент,городское население,Акмолинская,0.0122308317685063
2017,процент,городское население,Актюбинская,7.961108182510397
2017,процент,городское население,Алматинская,0.0423251405373504
2017,процент,городское население,Атырауская,0.8817158227998763
2017,процент,городское население,Западно-Казахстанская,8.191247998664512
2017,процент,городское население,Жымбылская,0.4676534388158734
2017,процент,городское население,Карагандинская,4.285329069636038
2017,процент,городское население,Костанайская,17.025657191549726
2017,процент,городское население,Кызылординская,0.1885339493879285
2017,процент,городское население,Мангистауская,0.0
2017,процент,городское население,Туркестанская,0.7015189338046356
2017,процент,городское население,Павлодарская,0.0040124743368828
2017,процент,городское население,Северо-Казахстанская,5.048589713202181
2017,процент,городское население,Восточно-Казахстанская,6.980921170703307
2017,процент,сельское население,,2.168463565624306
2017,процент,сельское население,Акмолинская,6.460332571277682
2017,процент,сельское население,Актюбинская,0.975264582820576
2017,процент,сельское население,Алматинская,2.465451052857673
2017,процент,сельское население,Атырауская,2.74543197463861
2017,процент,сельское население,Западно-Казахстанская,1.8947909017600923
2017,процент,сельское население,Жымбылская,2.329514246894784
2017,процент,сельское население,Карагандинская,3.1440116340507327
2017,процент,сельское население,Костанайская,6.122139334934884
2017,процент,сельское население,Кызылординская,0.1913405377636981
2017,процент,сельское население,Мангистауская,0.0281618023553507
2017,процент,сельское население,Туркестанская,1.3353115727002969
2017,процент,сельское население,Павлодарская,0.6112826374609407
2017,процент,сельское население,Северо-Казахстанская,0.4277309384945064
2017,процент,сельское население,Восточно-Казахстанская,1.129579478299389
2018,процент,,,2.6117563333170843
2018,процент,,Акмолинская,2.880673778696223
2018,процент,,Актюбинская,5.739705736506525
2018,процент,,Алматинская,2.078971302017338
2018,процент,,Атырауская,1.756446284825564
2018,процент,,Западно-Казахстанская,6.189964024774691
2018,процент,,Жымбылская,1.3160701775634946
2018,процент,,Карагандинская,4.120433229490408
2018,процент,,Костанайская,12.037603403088474
2018,процент,,Кызылординская,0.1886841687960544
2018,процент,,Мангистауская,0.0119399563475195
2018,процент,,Туркестанская,2.685202629674067
2018,процент,,Павлодарская,0.3156884702466956
2018,процент,,Северо-Казахстанская,1.1010616684828844
2018,процент,,Восточно-Казахстанская,4.927390061902988
2018,процент,городское население,,3.055752666361349
2018,процент,городское население,Акмолинская,5.404385758075925
2018,процент,городское население,Актюбинская,7.52041112170982
2018,процент,городское население,Алматинская,0.1882567181809233
2018,процент,городское население,Атырауская,0.8430577194743608
2018,процент,городское население,Западно-Казахстанская,9.706100364599598
2018,процент,городское население,Жымбылская,0.0749083019062871
2018,процент,городское население,Карагандинская,4.317929626570213
2018,процент,городское население,Костанайская,16.576350745259948
2018,процент,городское население,Кызылординская,0.1873136756571368
2018,процент,городское население,Мангистауская,0.0
2018,процент,городское население,Туркестанская,0.8748788629266717
2018,процент,городское население,Павлодарская,0.0081894492595372
2018,процент,городское население,Северо-Казахстанская,5.4028024322997314
2018,процент,городское население,Восточно-Казахстанская,6.894923191782991
2018,процент,сельское население,,1.8978213372809796
2018,процент,сельское население,Акмолинская,0.4617428009151408
2018,процент,сельское население,Актюбинская,1.097411102200015
2018,процент,сельское население,Алматинская,2.670301981945926
2018,процент,сельское население,Атырауская,2.817986971165521
2018,процент,сельское население,Западно-Казахстанская,1.9338413120607751
2018,процент,сельское население,Жымбылская,2.2382420324101284
2018,процент,сельское население,Карагандинская,3.2298010556232235
2018,процент,сельское население,Костанайская,6.095316542040438
2018,процент,сельское население,Кызылординская,0.1898353160167084
2018,процент,сельское население,Мангистауская,0.0205521119350224
2018,процент,сельское население,Туркестанская,7.750536662524008
2018,процент,сельское население,Павлодарская,0.6103355973877636
2018,процент,сельское население,Северо-Казахстанская,0.1082999844196199
2018,процент,сельское население,Восточно-Казахстанская,1.3355704697986577
