Year,UNIT_MEASURE,Вид экономической деятельности,Регионы,GeoCode,Value
2010,процент,без учета больших ГЭС,,,0.0
2011,процент,с учетом больших ГЭС,,,9.1
2011,процент,с учетом больших ГЭС,Алматинская,KZALM,34.5
2011,процент,с учетом больших ГЭС,Восточно-Казахстанская,KZVOS,74.8
2011,процент,с учетом больших ГЭС,Жымбылская,KZZHA,1.5
2011,процент,с учетом больших ГЭС,Северо-Казахстанская,KZSEV,0.6
2011,процент,с учетом больших ГЭС,Южно-Казахстанская,KZONT,37.0
2011,процент,без учета больших ГЭС,,,0.0
2012,процент,с учетом больших ГЭС,,,8.4
2012,процент,с учетом больших ГЭС,Алматинская,KZALM,33.9
2012,процент,с учетом больших ГЭС,Восточно-Казахстанская,KZVOS,74.2
2012,процент,с учетом больших ГЭС,Жымбылская,KZZHA,1.2
2012,процент,с учетом больших ГЭС,Северо-Казахстанская,KZSEV,0.7
2012,процент,с учетом больших ГЭС,Южно-Казахстанская,KZONT,29.1
2012,процент,с учетом больших ГЭС,г_Алматы,KZALA,0.1
2012,процент,без учета больших ГЭС,,,0.0
2013,процент,с учетом больших ГЭС,,,8.1
2013,процент,с учетом больших ГЭС,Алматинская,KZALM,26.9
2013,процент,с учетом больших ГЭС,Восточно-Казахстанская,KZVOS,73.5
2013,процент,с учетом больших ГЭС,Жымбылская,KZZHA,1.5
2013,процент,с учетом больших ГЭС,Северо-Казахстанская,KZSEV,0.7
2013,процент,с учетом больших ГЭС,Южно-Казахстанская,KZONT,27.5
2013,процент,с учетом больших ГЭС,г_Алматы,KZALA,0.1
2013,процент,без учета больших ГЭС,,,0.0
2014,процент,с учетом больших ГЭС,,,8.7
2014,процент,с учетом больших ГЭС,Акмолинская,KZAKM,0.2
2014,процент,с учетом больших ГЭС,Алматинская,KZALM,55.6
2014,процент,с учетом больших ГЭС,Восточно-Казахстанская,KZVOS,75.3
2014,процент,с учетом больших ГЭС,Жымбылская,KZZHA,1.6
2014,процент,с учетом больших ГЭС,Северо-Казахстанская,KZSEV,0.7
2014,процент,с учетом больших ГЭС,Южно-Казахстанская,KZONT,29.6
2014,процент,с учетом больших ГЭС,г_Алматы,KZALA,5.0
2014,процент,без учета больших ГЭС,,,0.62
2015,процент,с учетом больших ГЭС,,,10.3
2015,процент,с учетом больших ГЭС,Акмолинская,KZAKM,9.7
2015,процент,с учетом больших ГЭС,Алматинская,KZALM,58.7
2015,процент,с учетом больших ГЭС,Восточно-Казахстанская,KZVOS,75.9
2015,процент,с учетом больших ГЭС,Жымбылская,KZZHA,4.4
2015,процент,с учетом больших ГЭС,Кызылординская,KZKZY,0.1
2015,процент,с учетом больших ГЭС,Северо-Казахстанская,KZSEV,0.7
2015,процент,с учетом больших ГЭС,Южно-Казахстанская,KZONT,51.7
2015,процент,с учетом больших ГЭС,г_Алматы,KZALA,5.8
2015,процент,без учета больших ГЭС,,,0.77
2016,процент,с учетом больших ГЭС,,,12.7
2016,процент,с учетом больших ГЭС,Акмолинская,KZAKM,17.3
2016,процент,с учетом больших ГЭС,Алматинская,KZALM,72.2
2016,процент,с учетом больших ГЭС,Восточно-Казахстанская,KZVOS,79.3
2016,процент,с учетом больших ГЭС,Жымбылская,KZZHA,9.2
2016,процент,с учетом больших ГЭС,Кызылординская,KZKZY,0.1
2016,процент,с учетом больших ГЭС,Северо-Казахстанская,KZSEV,0.7
2016,процент,с учетом больших ГЭС,Южно-Казахстанская,KZONT,35.4
2016,процент,с учетом больших ГЭС,г_Алматы,KZALA,6.6
2016,процент,без учета больших ГЭС,,,0.98
2017,процент,с учетом больших ГЭС,,,11.3
2017,процент,с учетом больших ГЭС,Акмолинская,KZAKM,19.3
2017,процент,с учетом больших ГЭС,Алматинская,KZALM,71.1
2017,процент,с учетом больших ГЭС,Восточно-Казахстанская,KZVOS,75.7
2017,процент,с учетом больших ГЭС,Жымбылская,KZZHA,10.1
2017,процент,с учетом больших ГЭС,Кызылординская,KZKZY,0.1
2017,процент,с учетом больших ГЭС,Северо-Казахстанская,KZSEV,0.6
2017,процент,с учетом больших ГЭС,Южно-Казахстанская,KZONT,62.5
2017,процент,с учетом больших ГЭС,г_Алматы,KZALA,6.2
2017,процент,без учета больших ГЭС,,,1.3
2018,процент,с учетом больших ГЭС,,,10.2
2018,процент,с учетом больших ГЭС,Акмолинская,KZAKM,15.7
2018,процент,с учетом больших ГЭС,Алматинская,KZALM,64.9
2018,процент,с учетом больших ГЭС,Восточно-Казахстанская,KZVOS,74.3
2018,процент,с учетом больших ГЭС,Жымбылская,KZZHA,19.0
2018,процент,с учетом больших ГЭС,Кызылординская,KZKZY,0.1
2018,процент,с учетом больших ГЭС,Северо-Казахстанская,KZSEV,0.7
2018,процент,с учетом больших ГЭС,Туркестанская,KZYUZ,95.8
2018,процент,с учетом больших ГЭС,г_Алматы,KZALA,6.0
2018,процент,без учета больших ГЭС,,,1.3
2019,процент,с учетом больших ГЭС,,,10.4
2019,процент,с учетом больших ГЭС,Акмолинская,KZAKM,21.4
2019,процент,с учетом больших ГЭС,Алматинская,KZALM,65.9
2019,процент,с учетом больших ГЭС,Атырауская,KZATY,3.4
2019,процент,с учетом больших ГЭС,Восточно-Казахстанская,KZVOS,70.6
2019,процент,с учетом больших ГЭС,Жымбылская,KZZHA,17.0
2019,процент,с учетом больших ГЭС,Карагандинская,KZKAR,1.1
2019,процент,с учетом больших ГЭС,Кызылординская,KZKZY,0.2
2019,процент,с учетом больших ГЭС,Мангистауская,KZMAN,0.8
2019,процент,с учетом больших ГЭС,Павлодарская,KZPAV,0.0
2019,процент,с учетом больших ГЭС,Северо-Казахстанская,KZSEV,0.6
2019,процент,с учетом больших ГЭС,Туркестанская,KZYUZ,96.6
2019,процент,с учетом больших ГЭС,г_Астана,KZNS,0.0
2019,процент,с учетом больших ГЭС,г_Алматы,KZALA,5.9
2019,процент,с учетом больших ГЭС,г_Шымкент,KZSHY,0.6
2019,процент,без учета больших ГЭС,,,1.6
2020,процент,с учетом больших ГЭС,,,11.0
2020,процент,с учетом больших ГЭС,Акмолинская,KZAKM,37.2
2020,процент,с учетом больших ГЭС,Актюбинская,KZAKT,2.7
2020,процент,с учетом больших ГЭС,Алматинская,KZALM,64.8
2020,процент,с учетом больших ГЭС,Атырауская,KZATY,3.0
2020,процент,с учетом больших ГЭС,Восточно-Казахстанская,KZVOS,69.5
2020,процент,с учетом больших ГЭС,Жымбылская,KZZHA,23.0
2020,процент,с учетом больших ГЭС,Карагандинская,KZKAR,2.1
2020,процент,с учетом больших ГЭС,Кызылординская,KZKZY,7.8
2020,процент,с учетом больших ГЭС,Мангистауская,KZMAN,1.6
2020,процент,с учетом больших ГЭС,Павлодарская,KZPAV,0.0
2020,процент,с учетом больших ГЭС,Северо-Казахстанская,KZSEV,0.7
2020,процент,с учетом больших ГЭС,Туркестанская,KZYUZ,97.5
2020,процент,с учетом больших ГЭС,г_Астана,KZNS,0.0
2020,процент,с учетом больших ГЭС,г_Алматы,KZALA,5.1
2020,процент,с учетом больших ГЭС,г_Шымкент,KZSHY,0.5
2020,процент,без учета больших ГЭС,,,3.0
2021,процент,с учетом больших ГЭС,,,10.9
2021,процент,с учетом больших ГЭС,Акмолинская,KZAKM,22.0
2021,процент,с учетом больших ГЭС,Актюбинская,KZAKT,0.0
2021,процент,с учетом больших ГЭС,Алматинская,KZALM,86.9
2021,процент,с учетом больших ГЭС,Атырауская,KZATY,0.0
2021,процент,с учетом больших ГЭС,Восточно-Казахстанская,KZVOS,70.4
2021,процент,с учетом больших ГЭС,Жымбылская,KZZHA,29.0
2021,процент,с учетом больших ГЭС,Карагандинская,KZKAR,1.8
2021,процент,с учетом больших ГЭС,Кызылординская,KZKZY,8.2
2021,процент,с учетом больших ГЭС,Мангистауская,KZMAN,0.0
2021,процент,с учетом больших ГЭС,Павлодарская,KZPAV,0.0
2021,процент,с учетом больших ГЭС,Северо-Казахстанская,KZSEV,0.8
2021,процент,с учетом больших ГЭС,Туркестанская,KZYUZ,90.7
2021,процент,с учетом больших ГЭС,г_Астана,KZNS,19.5
2021,процент,с учетом больших ГЭС,г_Алматы,KZALA,31.3
2021,процент,с учетом больших ГЭС,г_Шымкент,KZSHY,2.3
2021,процент,без учета больших ГЭС,,,3.46
2022,процент,с учетом больших ГЭС,,,11.8
2022,процент,с учетом больших ГЭС,Абай,KZABY,97.2
2022,процент,с учетом больших ГЭС,Акмолинская,KZAKM,53.2
2022,процент,с учетом больших ГЭС,Актюбинская,KZAKT,7.4
2022,процент,с учетом больших ГЭС,Алматинская,KZALM,68.0
2022,процент,с учетом больших ГЭС,Атырауская,KZATY,2.5
2022,процент,с учетом больших ГЭС,Восточно-Казахстанская,KZVOS,64.2
2022,процент,с учетом больших ГЭС,Жымбылская,KZZHA,24.0
2022,процент,с учетом больших ГЭС,Жетісу,KZZHS,71.5
2022,процент,с учетом больших ГЭС,Карагандинская,KZKAR,2.8
2022,процент,с учетом больших ГЭС,Кызылординская,KZKZY,8.7
2022,процент,с учетом больших ГЭС,Мангистауская,KZMAN,2.6
2022,процент,с учетом больших ГЭС,Павлодарская,KZPAV,0.0
2022,процент,с учетом больших ГЭС,Северо-Казахстанская,KZSEV,1.3
2022,процент,с учетом больших ГЭС,Туркестанская,KZYUZ,98.1
2023,процент,с учетом больших ГЭС,Ұлытау,KZULU,1.3
2022,процент,с учетом больших ГЭС,г_Астана,KZNS,0.0
2022,процент,с учетом больших ГЭС,г_Алматы,KZALA,7.8
2022,процент,с учетом больших ГЭС,г_Шымкент,KZSHY,4.2
2022,процент,без учета больших ГЭС,,,3.72
2023,процент,с учетом больших ГЭС,,,12.7
2023,процент,с учетом больших ГЭС,Абай,KZABY,97.7
2023,процент,с учетом больших ГЭС,Акмолинская,KZAKM,73.4
2023,процент,с учетом больших ГЭС,Актюбинская,KZAKT,8.9
2023,процент,с учетом больших ГЭС,Алматинская,KZALM,71.4
2023,процент,с учетом больших ГЭС,Атырауская,KZATY,2.7
2023,процент,с учетом больших ГЭС,Восточно-Казахстанская,KZVOS,64.1
2023,процент,с учетом больших ГЭС,Жымбылская,KZZHA,25.9
2023,процент,с учетом больших ГЭС,Жетісу,KZZHS,77.5
2023,процент,с учетом больших ГЭС,Карагандинская,KZKAR,3.1
2023,процент,с учетом больших ГЭС,Кызылординская,KZKZY,9.4
2023,процент,с учетом больших ГЭС,Мангистауская,KZMAN,2.4
2023,процент,с учетом больших ГЭС,Павлодарская,KZPAV,0.0
2023,процент,с учетом больших ГЭС,Северо-Казахстанская,KZSEV,0.9
2023,процент,с учетом больших ГЭС,Туркестанская,KZYUZ,98.4
2023,процент,с учетом больших ГЭС,Ұлытау,KZULU,1.7
2023,процент,с учетом больших ГЭС,г_Астана,KZNS,0.0
2023,процент,с учетом больших ГЭС,г_Алматы,KZALA,5.5
2023,процент,с учетом больших ГЭС,г_Шымкент,KZSHY,4.6
2023,процент,без учета больших ГЭС,,,4.99
