Year,UNIT_MEASURE,Регионы,GeoCode,Value
2010,в процентах к предыдущему году,,,103.7
2011,в процентах к предыдущему году,,,105.0
2011,в процентах к предыдущему году,Акмолинская,KZAKM,115.1
2011,в процентах к предыдущему году,Актюбинская,KZAKT,101.8
2011,в процентах к предыдущему году,Алматинская,KZALM,102.3
2011,в процентах к предыдущему году,Атырауская,KZATY,97.8
2011,в процентах к предыдущему году,Западно-Казахстанская,KZZAP,104.0
2011,в процентах к предыдущему году,Жымбылская,KZZHA,112.4
2011,в процентах к предыдущему году,Карагандинская,KZKAR,106.5
2011,в процентах к предыдущему году,Костанайская,KZKUS,116.0
2011,в процентах к предыдущему году,Кызылординская,KZKZY,99.0
2011,в процентах к предыдущему году,Мангистауская,KZMAN,89.3
2011,в процентах к предыдущему году,Южно-Казахстанская,KZONT,102.0
2011,в процентах к предыдущему году,Павлодарская,KZPAV,110.4
2011,в процентах к предыдущему году,Северо-Казахстанская,KZSEV,120.9
2011,в процентах к предыдущему году,Восточно-Казахстанская,KZVOS,108.8
2011,в процентах к предыдущему году,г_Астана,KZNS,106.4
2011,в процентах к предыдущему году,г_Алматы,KZALA,106.0
2012,в процентах к предыдущему году,,,102.5
2012,в процентах к предыдущему году,Акмолинская,KZAKM,94.6
2012,в процентах к предыдущему году,Актюбинская,KZAKT,104.7
2012,в процентах к предыдущему году,Алматинская,KZALM,100.0
2012,в процентах к предыдущему году,Атырауская,KZATY,94.7
2012,в процентах к предыдущему году,Западно-Казахстанская,KZZAP,105.1
2012,в процентах к предыдущему году,Жымбылская,KZZHA,110.0
2012,в процентах к предыдущему году,Карагандинская,KZKAR,100.9
2012,в процентах к предыдущему году,Костанайская,KZKUS,93.5
2012,в процентах к предыдущему году,Кызылординская,KZKZY,100.9
2012,в процентах к предыдущему году,Мангистауская,KZMAN,90.0
2012,в процентах к предыдущему году,Южно-Казахстанская,KZONT,100.5
2012,в процентах к предыдущему году,Павлодарская,KZPAV,108.9
2012,в процентах к предыдущему году,Северо-Казахстанская,KZSEV,98.5
2012,в процентах к предыдущему году,Восточно-Казахстанская,KZVOS,114.6
2012,в процентах к предыдущему году,г_Астана,KZNS,111.0
2012,в процентах к предыдущему году,г_Алматы,KZALA,105.6
2013,в процентах к предыдущему году,,,105.1
2013,в процентах к предыдущему году,Акмолинская,KZAKM,104.1
2013,в процентах к предыдущему году,Актюбинская,KZAKT,103.7
2013,в процентах к предыдущему году,Алматинская,KZALM,108.1
2013,в процентах к предыдущему году,Атырауская,KZATY,102.1
2013,в процентах к предыдущему году,Западно-Казахстанская,KZZAP,102.3
2013,в процентах к предыдущему году,Жымбылская,KZZHA,104.6
2013,в процентах к предыдущему году,Карагандинская,KZKAR,106.7
2013,в процентах к предыдущему году,Костанайская,KZKUS,111.9
2013,в процентах к предыдущему году,Кызылординская,KZKZY,101.9
2013,в процентах к предыдущему году,Мангистауская,KZMAN,103.7
2013,в процентах к предыдущему году,Южно-Казахстанская,KZONT,101.6
2013,в процентах к предыдущему году,Павлодарская,KZPAV,99.4
2013,в процентах к предыдущему году,Северо-Казахстанская,KZSEV,108.1
2013,в процентах к предыдущему году,Восточно-Казахстанская,KZVOS,107.5
2013,в процентах к предыдущему году,г_Астана,KZNS,106.2
2013,в процентах к предыдущему году,г_Алматы,KZALA,113.3
2014,в процентах к предыдущему году,,,104.6
2014,в процентах к предыдущему году,Акмолинская,KZAKM,103.7
2014,в процентах к предыдущему году,Актюбинская,KZAKT,104.8
2014,в процентах к предыдущему году,Алматинская,KZALM,102.9
2014,в процентах к предыдущему году,Атырауская,KZATY,99.3
2014,в процентах к предыдущему году,Западно-Казахстанская,KZZAP,104.8
2014,в процентах к предыдущему году,Жымбылская,KZZHA,104.0
2014,в процентах к предыдущему году,Карагандинская,KZKAR,107.3
2014,в процентах к предыдущему году,Костанайская,KZKUS,103.9
2014,в процентах к предыдущему году,Кызылординская,KZKZY,104.5
2014,в процентах к предыдущему году,Мангистауская,KZMAN,107.8
2014,в процентах к предыдущему году,Южно-Казахстанская,KZONT,104.0
2014,в процентах к предыдущему году,Павлодарская,KZPAV,99.9
2014,в процентах к предыдущему году,Северо-Казахстанская,KZSEV,110.9
2014,в процентах к предыдущему году,Восточно-Казахстанская,KZVOS,102.9
2014,в процентах к предыдущему году,г_Астана,KZNS,104.1
2014,в процентах к предыдущему году,г_Алматы,KZALA,104.0
2015,в процентах к предыдущему году,,,100.6
2015,в процентах к предыдущему году,Акмолинская,KZAKM,102.3
2015,в процентах к предыдущему году,Актюбинская,KZAKT,95.0
2015,в процентах к предыдущему году,Алматинская,KZALM,108.0
2015,в процентах к предыдущему году,Атырауская,KZATY,100.9
2015,в процентах к предыдущему году,Западно-Казахстанская,KZZAP,99.7
2015,в процентах к предыдущему году,Жымбылская,KZZHA,104.1
2015,в процентах к предыдущему году,Карагандинская,KZKAR,101.2
2015,в процентах к предыдущему году,Костанайская,KZKUS,96.6
2015,в процентах к предыдущему году,Кызылординская,KZKZY,97.1
2015,в процентах к предыдущему году,Мангистауская,KZMAN,90.8
2015,в процентах к предыдущему году,Южно-Казахстанская,KZONT,102.9
2015,в процентах к предыдущему году,Павлодарская,KZPAV,101.1
2015,в процентах к предыдущему году,Северо-Казахстанская,KZSEV,99.5
2015,в процентах к предыдущему году,Восточно-Казахстанская,KZVOS,101.7
2015,в процентах к предыдущему году,г_Астана,KZNS,99.3
2015,в процентах к предыдущему году,г_Алматы,KZALA,95.6
2016,в процентах к предыдущему году,,,100.2
2016,в процентах к предыдущему году,Акмолинская,KZAKM,101.7
2016,в процентах к предыдущему году,Актюбинская,KZAKT,102.4
2016,в процентах к предыдущему году,Алматинская,KZALM,99.5
2016,в процентах к предыдущему году,Атырауская,KZATY,104.0
2016,в процентах к предыдущему году,Западно-Казахстанская,KZZAP,101.9
2016,в процентах к предыдущему году,Жымбылская,KZZHA,103.1
2016,в процентах к предыдущему году,Карагандинская,KZKAR,103.3
2016,в процентах к предыдущему году,Костанайская,KZKUS,97.2
2016,в процентах к предыдущему году,Кызылординская,KZKZY,88.7
2016,в процентах к предыдущему году,Мангистауская,KZMAN,99.6
2016,в процентах к предыдущему году,Южно-Казахстанская,KZONT,101.0
2016,в процентах к предыдущему году,Павлодарская,KZPAV,100.7
2016,в процентах к предыдущему году,Северо-Казахстанская,KZSEV,102.8
2016,в процентах к предыдущему году,Восточно-Казахстанская,KZVOS,102.5
2016,в процентах к предыдущему году,г_Астана,KZNS,102.5
2016,в процентах к предыдущему году,г_Алматы,KZALA,99.3
2017,в процентах к предыдущему году,,,104.3
2017,в процентах к предыдущему году,Акмолинская,KZAKM,105.9
2017,в процентах к предыдущему году,Актюбинская,KZAKT,106.3
2017,в процентах к предыдущему году,Алматинская,KZALM,103.7
2017,в процентах к предыдущему году,Атырауская,KZATY,116.4
2017,в процентах к предыдущему году,Западно-Казахстанская,KZZAP,103.4
2017,в процентах к предыдущему году,Жымбылская,KZZHA,104.7
2017,в процентах к предыдущему году,Карагандинская,KZKAR,107.9
2017,в процентах к предыдущему году,Костанайская,KZKUS,107.7
2017,в процентах к предыдущему году,Кызылординская,KZKZY,96.7
2017,в процентах к предыдущему году,Мангистауская,KZMAN,101.0
2017,в процентах к предыдущему году,Южно-Казахстанская,KZONT,105.9
2017,в процентах к предыдущему году,Павлодарская,KZPAV,107.5
2017,в процентах к предыдущему году,Северо-Казахстанская,KZSEV,107.9
2017,в процентах к предыдущему году,Восточно-Казахстанская,KZVOS,101.9
2017,в процентах к предыдущему году,г_Астана,KZNS,97.4
2017,в процентах к предыдущему году,г_Алматы,KZALA,102.1
2018,в процентах к предыдущему году,,,103.1
2018,в процентах к предыдущему году,Акмолинская,KZAKM,103.0
2018,в процентах к предыдущему году,Актюбинская,KZAKT,104.1
2018,в процентах к предыдущему году,Алматинская,KZALM,103.5
2018,в процентах к предыдущему году,Атырауская,KZATY,108.6
2018,в процентах к предыдущему году,Западно-Казахстанская,KZZAP,97.9
2018,в процентах к предыдущему году,Жымбылская,KZZHA,102.5
2018,в процентах к предыдущему году,Карагандинская,KZKAR,103.0
2018,в процентах к предыдущему году,Костанайская,KZKUS,109.8
2018,в процентах к предыдущему году,Кызылординская,KZKZY,99.2
2018,в процентах к предыдущему году,Мангистауская,KZMAN,92.3
2018,в процентах к предыдущему году,Павлодарская,KZPAV,105.6
2018,в процентах к предыдущему году,Северо-Казахстанская,KZSEV,102.2
2018,в процентах к предыдущему году,Туркестанская,KZYUZ,101.1
2018,в процентах к предыдущему году,Восточно-Казахстанская,KZVOS,110.3
2018,в процентах к предыдущему году,г_Астана,KZNS,88.0
2018,в процентах к предыдущему году,г_Алматы,KZALA,102.0
2018,в процентах к предыдущему году,г_Шымкент,KZSHY,110.8
2019,в процентах к предыдущему году,,,103.7
2019,в процентах к предыдущему году,Акмолинская,KZAKM,103.3
2019,в процентах к предыдущему году,Актюбинская,KZAKT,105.3
2019,в процентах к предыдущему году,Алматинская,KZALM,104.9
2019,в процентах к предыдущему году,Атырауская,KZATY,103.4
2019,в процентах к предыдущему году,Западно-Казахстанская,KZZAP,98.2
2019,в процентах к предыдущему году,Жымбылская,KZZHA,105.0
2019,в процентах к предыдущему году,Карагандинская,KZKAR,105.2
2019,в процентах к предыдущему году,Костанайская,KZKUS,105.9
2019,в процентах к предыдущему году,Кызылординская,KZKZY,101.7
2019,в процентах к предыдущему году,Мангистауская,KZMAN,100.9
2019,в процентах к предыдущему году,Павлодарская,KZPAV,106.3
2019,в процентах к предыдущему году,Северо-Казахстанская,KZSEV,102.8
2019,в процентах к предыдущему году,Туркестанская,KZYUZ,109.0
2019,в процентах к предыдущему году,Восточно-Казахстанская,KZVOS,105.1
2019,в процентах к предыдущему году,г_Астана,KZNS,98.9
2019,в процентах к предыдущему году,г_Алматы,KZALA,101.8
2019,в процентах к предыдущему году,г_Шымкент,KZSHY,97.6
2020,в процентах к предыдущему году,,,97.5
2020,в процентах к предыдущему году,Акмолинская,KZAKM,105.5
2020,в процентах к предыдущему году,Актюбинская,KZAKT,97.7
2020,в процентах к предыдущему году,Алматинская,KZALM,99.7
2020,в процентах к предыдущему году,Атырауская,KZATY,94.1
2020,в процентах к предыдущему году,Западно-Казахстанская,KZZAP,99.2
2020,в процентах к предыдущему году,Жымбылская,KZZHA,102.5
2020,в процентах к предыдущему году,Карагандинская,KZKAR,101.0
2020,в процентах к предыдущему году,Костанайская,KZKUS,104.9
2020,в процентах к предыдущему году,Кызылординская,KZKZY,90.0
2020,в процентах к предыдущему году,Мангистауская,KZMAN,93.7
2020,в процентах к предыдущему году,Павлодарская,KZPAV,97.8
2020,в процентах к предыдущему году,Северо-Казахстанская,KZSEV,100.7
2020,в процентах к предыдущему году,Туркестанская,KZYUZ,106.2
2020,в процентах к предыдущему году,Восточно-Казахстанская,KZVOS,102.1
2020,в процентах к предыдущему году,г_Астана,KZNS,98.9
2020,в процентах к предыдущему году,г_Алматы,KZALA,92.2
2020,в процентах к предыдущему году,г_Шымкент,KZSHY,100.8
2021,в процентах к предыдущему году,,,103.3
2021,в процентах к предыдущему году,Акмолинская,KZAKM,102.8
2021,в процентах к предыдущему году,Актюбинская,KZAKT,102.7
2021,в процентах к предыдущему году,Алматинская,KZALM,108.7
2021,в процентах к предыдущему году,Атырауская,KZATY,104.8
2021,в процентах к предыдущему году,Западно-Казахстанская,KZZAP,97.4
2021,в процентах к предыдущему году,Жымбылская,KZZHA,108.3
2021,в процентах к предыдущему году,Карагандинская,KZKAR,101.8
2021,в процентах к предыдущему году,Костанайская,KZKUS,102.5
2021,в процентах к предыдущему году,Кызылординская,KZKZY,103.1
2021,в процентах к предыдущему году,Мангистауская,KZMAN,96.7
2021,в процентах к предыдущему году,Павлодарская,KZPAV,105.2
2021,в процентах к предыдущему году,Северо-Казахстанская,KZSEV,101.8
2021,в процентах к предыдущему году,Туркестанская,KZYUZ,105.1
2021,в процентах к предыдущему году,Восточно-Казахстанская,KZVOS,103.7
2021,в процентах к предыдущему году,г_Астана,KZNS,102.8
2021,в процентах к предыдущему году,г_Алматы,KZALA,104.2
2021,в процентах к предыдущему году,г_Шымкент,KZSHY,104.0
2022,в процентах к предыдущему году,,,101.3
2022,в процентах к предыдущему году,Абай,KZABY,110.8
2022,в процентах к предыдущему году,Акмолинская,KZAKM,105.4
2022,в процентах к предыдущему году,Актюбинская,KZAKT,99.1
2022,в процентах к предыдущему году,Алматинская,KZALM,97.5
2022,в процентах к предыдущему году,Атырауская,KZATY,98.1
2022,в процентах к предыдущему году,Западно-Казахстанская,KZZAP,98.1
2022,в процентах к предыдущему году,Жымбылская,KZZHA,96.4
2022,в процентах к предыдущему году,Жетісу,KZZHS,104.6
2022,в процентах к предыдущему году,Карагандинская,KZKAR,100.5
2022,в процентах к предыдущему году,Костанайская,KZKUS,110.7
2022,в процентах к предыдущему году,Кызылординская,KZKZY,102.3
2022,в процентах к предыдущему году,Мангистауская,KZMAN,100.4
2022,в процентах к предыдущему году,Павлодарская,KZPAV,101.2
2022,в процентах к предыдущему году,Северо-Казахстанская,KZSEV,109.9
2022,в процентах к предыдущему году,Туркестанская,KZYUZ,97.8
2022,в процентах к предыдущему году,Восточно-Казахстанская,KZVOS,101.7
2022,в процентах к предыдущему году,Ұлытау,KZULU,106.3
2022,в процентах к предыдущему году,г_Астана,KZNS,98.4
2022,в процентах к предыдущему году,г_Алматы,KZALA,103.0
2022,в процентах к предыдущему году,г_Шымкент,KZSHY,103.9
2023,в процентах к предыдущему году,,,104.7
2023,в процентах к предыдущему году,Абай,KZABY,104.9
2023,в процентах к предыдущему году,Акмолинская,KZAKM,103.9
2023,в процентах к предыдущему году,Актюбинская,KZAKT,96.9
2023,в процентах к предыдущему году,Алматинская,KZALM,104.2
2023,в процентах к предыдущему году,Атырауская,KZATY,105.0
2023,в процентах к предыдущему году,Западно-Казахстанская,KZZAP,106.8
2023,в процентах к предыдущему году,Жымбылская,KZZHA,102.7
2023,в процентах к предыдущему году,Жетісу,KZZHS,115.2
2023,в процентах к предыдущему году,Карагандинская,KZKAR,108.6
2023,в процентах к предыдущему году,Костанайская,KZKUS,106.2
2023,в процентах к предыдущему году,Кызылординская,KZKZY,106.0
2023,в процентах к предыдущему году,Мангистауская,KZMAN,102.9
2023,в процентах к предыдущему году,Павлодарская,KZPAV,104.5
2023,в процентах к предыдущему году,Северо-Казахстанская,KZSEV,104.5
2023,в процентах к предыдущему году,Туркестанская,KZYUZ,101.3
2023,в процентах к предыдущему году,Восточно-Казахстанская,KZVOS,103.9
2023,в процентах к предыдущему году,Ұлытау,KZULU,102.6
2023,в процентах к предыдущему году,г_Астана,KZNS,101.2
2023,в процентах к предыдущему году,г_Алматы,KZALA,104.0
2023,в процентах к предыдущему году,г_Шымкент,KZSHY,105.6
