Year,UNIT_MEASURE,SERIES,Регионы,Value
2010,млн.тонн,Перевезено грузов всеми видами транспорта,,2439.4
2010,млн.тонн,Трубопроводный,,194.0
2010,млн.тонн,Железнодорожный,,267.9
2010,млн.тонн,Автомобильный,,1971.8
2010,млн.тонн,Воздушным,,0.3
2010,млн.тонн,Внутренним водным,,1.1
2010,млн.тонн,Морским,,4.7
2010,млн.тонн,,Акмолинская,95.8
2010,млн.тонн,,Актюбинская,41.0
2010,млн.тонн,,Алматинская,116.6
2010,млн.тонн,,Атырауская,118.5
2010,млн.тонн,,Западно-Казахстанская,30.3
2010,млн.тонн,,Жымбылская,56.0
2010,млн.тонн,,Карагандинская,444.0
2010,млн.тонн,,Костанайская,221.5
2010,млн.тонн,,Кызылординская,66.3
2010,млн.тонн,,Мангистауская,141.5
2010,млн.тонн,,Южно-Казахстанская,77.5
2010,млн.тонн,,Павлодарская,78.5
2010,млн.тонн,,Северо-Казахстанская,40.1
2010,млн.тонн,,Восточно-Казахстанская,327.3
2010,млн.тонн,,г_Нур-Султан,66.7
2010,млн.тонн,,г_Алматы,142.4
2010,млн.человек,Перевезено пассажиров всеми видами транспорта,,13186.5
2010,млн.человек,Железнодорожным транспортом,,19.6
2010,млн.человек,Автомобильный,,13083.9
2010,млн.человек,Внутренним водным,,0.1
2010,млн.человек,Воздушным,,3.4
2010,млн.человек,Городской электрический,,79.5
2010,млн.человек,,Акмолинская,1057.9
2010,млн.человек,,Актюбинская,163.5
2010,млн.человек,,Алматинская,436.6
2010,млн.человек,,Атырауская,95.4
2010,млн.человек,,Западно-Казахстанская,270.4
2010,млн.человек,,Жымбылская,570.6
2010,млн.человек,,Карагандинская,1440.7
2010,млн.человек,,Костанайская,1153.4
2010,млн.человек,,Кызылординская,139.7
2010,млн.человек,,Мангистауская,60.2
2010,млн.человек,,Южно-Казахстанская,1337.6
2010,млн.человек,,Павлодарская,798.3
2010,млн.человек,,Северо-Казахстанская,365.5
2010,млн.человек,,Восточно-Казахстанская,1272.7
2010,млн.человек,,г_Нур-Султан,1408.9
2010,млн.человек,,г_Алматы,2595.5
2010,млн.тонн,перевезено грузов автомобильным  и городским  электрическим транспортом,,1971.8
2010,млн.тонн,перевезено грузов автомобильным  и городским  электрическим транспортом,Акмолинская,95.8
2010,млн.тонн,перевезено грузов автомобильным  и городским  электрическим транспортом,Актюбинская,41.0
2010,млн.тонн,перевезено грузов автомобильным  и городским  электрическим транспортом,Алматинская,116.6
2010,млн.тонн,перевезено грузов автомобильным  и городским  электрическим транспортом,Атырауская,52.1
2010,млн.тонн,перевезено грузов автомобильным  и городским  электрическим транспортом,Западно-Казахстанская,30.0
2010,млн.тонн,перевезено грузов автомобильным  и городским  электрическим транспортом,Жымбылская,56.0
2010,млн.тонн,перевезено грузов автомобильным  и городским  электрическим транспортом,Карагандинская,444.0
2010,млн.тонн,перевезено грузов автомобильным  и городским  электрическим транспортом,Костанайская,221.5
2010,млн.тонн,перевезено грузов автомобильным  и городским  электрическим транспортом,Кызылординская,66.3
2010,млн.тонн,перевезено грузов автомобильным  и городским  электрическим транспортом,Мангистауская,136.9
2010,млн.тонн,перевезено грузов автомобильным  и городским  электрическим транспортом,Южно-Казахстанская,77.5
2010,млн.тонн,перевезено грузов автомобильным  и городским  электрическим транспортом,Павлодарская,57.8
2010,млн.тонн,перевезено грузов автомобильным  и городским  электрическим транспортом,Северо-Казахстанская,40.0
2010,млн.тонн,перевезено грузов автомобильным  и городским  электрическим транспортом,Восточно-Казахстанская,327.1
2010,млн.тонн,перевезено грузов автомобильным  и городским  электрическим транспортом,г_Нур-Султан,66.7
2010,млн.тонн,перевезено грузов автомобильным  и городским  электрическим транспортом,г_Алматы,142.4
2010,млн.человек,Перевезено пассажиров всеми видами транспорта,,13163.4
2010,млн.человек,Перевезено пассажиров всеми видами транспорта,Акмолинская,1057.9
2010,млн.человек,Перевезено пассажиров всеми видами транспорта,Актюбинская,163.5
2010,млн.человек,Перевезено пассажиров всеми видами транспорта,Алматинская,436.6
2010,млн.человек,Перевезено пассажиров всеми видами транспорта,Атырауская,95.4
2010,млн.человек,Перевезено пассажиров всеми видами транспорта,Западно-Казахстанская,270.4
2010,млн.человек,Перевезено пассажиров всеми видами транспорта,Жымбылская,570.6
2010,млн.человек,Перевезено пассажиров всеми видами транспорта,Карагандинская,1440.6
2010,млн.человек,Перевезено пассажиров всеми видами транспорта,Костанайская,1153.4
2010,млн.человек,Перевезено пассажиров всеми видами транспорта,Кызылординская,139.7
2010,млн.человек,Перевезено пассажиров всеми видами транспорта,Мангистауская,60.2
2010,млн.человек,Перевезено пассажиров всеми видами транспорта,Южно-Казахстанская,1337.0
2010,млн.человек,Перевезено пассажиров всеми видами транспорта,Павлодарская,798.2
2010,млн.человек,Перевезено пассажиров всеми видами транспорта,Северо-Казахстанская,365.5
2010,млн.человек,Перевезено пассажиров всеми видами транспорта,Восточно-Казахстанская,1272.7
2010,млн.человек,Перевезено пассажиров всеми видами транспорта,г_Нур-Султан,1408.9
2010,млн.человек,Перевезено пассажиров всеми видами транспорта,г_Алматы,2592.9
2010,тонн,перевезено грузов воздушным транспортом,,28869.7
2010,тонн,перевезено грузов воздушным транспортом,Карагандинская,9.2
2010,тонн,перевезено грузов воздушным транспортом,Южно-Казахстанская,737.0
2010,тонн,перевезено грузов воздушным транспортом,Восточно-Казахстанская,32.5
2010,тонн,перевезено грузов воздушным транспортом,г_Алматы,28091.0
2010,тыс.человек,перевезено пассажиров воздушным транспортом,,3379.2
2010,тыс.человек,перевезено пассажиров воздушным транспортом,Алматинская,29.3
2010,тыс.человек,перевезено пассажиров воздушным транспортом,Атырауская,4.7
2010,тыс.человек,перевезено пассажиров воздушным транспортом,Карагандинская,18.8
2010,тыс.человек,перевезено пассажиров воздушным транспортом,Южно-Казахстанская,668.5
2010,тыс.человек,перевезено пассажиров воздушным транспортом,Павлодарская,4.0
2010,тыс.человек,перевезено пассажиров воздушным транспортом,г_Нур-Султан,16.1
2010,тыс.человек,перевезено пассажиров воздушным транспортом,г_Алматы,14.8
2010,тыс.человек,перевезено пассажиров воздушным транспортом,г_Шымкент,2623.1
2010,млн.тонн,показатели работы трубопроводного транспорта,,194.0
2010,млн.тонн,показатели работы трубопроводного транспорта,Атырауская,66.3
2010,млн.тонн,показатели работы трубопроводного транспорта,Павлодарская,20.2
2010,млн.тонн,_L_KZ_090102_1R,,4.7
2010,млн.тонн,_L_KZ_090102_1R,Мангистауская,4.7
2011,млн.тонн,Перевезено грузов всеми видами транспорта,,2974.9
2011,млн.тонн,Трубопроводный,,214.1
2011,млн.тонн,Железнодорожный,,279.7
2011,млн.тонн,Автомобильный,,2475.5
2011,млн.тонн,Воздушным,,0.3
2011,млн.тонн,Внутренним водным,,1.1
2011,млн.тонн,Морским,,4.6
2011,млн.тонн,,Акмолинская,112.4
2011,млн.тонн,,Актюбинская,54.5
2011,млн.тонн,,Алматинская,142.7
2011,млн.тонн,,Атырауская,139.6
2011,млн.тонн,,Западно-Казахстанская,34.0
2011,млн.тонн,,Жымбылская,70.5
2011,млн.тонн,,Карагандинская,551.1
2011,млн.тонн,,Костанайская,268.0
2011,млн.тонн,,Кызылординская,95.5
2011,млн.тонн,,Мангистауская,186.6
2011,млн.тонн,,Южно-Казахстанская,106.5
2011,млн.тонн,,Павлодарская,97.0
2011,млн.тонн,,Северо-Казахстанская,46.1
2011,млн.тонн,,Восточно-Казахстанская,418.2
2011,млн.тонн,,г_Нур-Султан,97.2
2011,млн.тонн,,г_Алматы,155.6
2011,млн.человек,Перевезено пассажиров всеми видами транспорта,,16647.2
2011,млн.человек,Железнодорожным транспортом,,20.5
2011,млн.человек,Автомобильный,,16544.7
2011,млн.человек,Внутренним водным,,0.1
2011,млн.человек,Воздушным,,4.1
2011,млн.человек,Городской электрический,,77.0
2011,млн.человек,,Акмолинская,1385.8
2011,млн.человек,,Актюбинская,199.3
2011,млн.человек,,Алматинская,550.9
2011,млн.человек,,Атырауская,126.9
2011,млн.человек,,Западно-Казахстанская,364.8
2011,млн.человек,,Жымбылская,745.8
2011,млн.человек,,Карагандинская,1993.3
2011,млн.человек,,Костанайская,1436.5
2011,млн.человек,,Кызылординская,193.2
2011,млн.человек,,Мангистауская,73.8
2011,млн.человек,,Южно-Казахстанская,1800.5
2011,млн.человек,,Павлодарская,1044.1
2011,млн.человек,,Северо-Казахстанская,453.9
2011,млн.человек,,Восточно-Казахстанская,1419.3
2011,млн.человек,,г_Нур-Султан,1647.9
2011,млн.человек,,г_Алматы,3190.6
2011,млн.тонн,перевезено грузов автомобильным  и городским  электрическим транспортом,,2475.5
2011,млн.тонн,перевезено грузов автомобильным  и городским  электрическим транспортом,Акмолинская,112.4
2011,млн.тонн,перевезено грузов автомобильным  и городским  электрическим транспортом,Актюбинская,54.5
2011,млн.тонн,перевезено грузов автомобильным  и городским  электрическим транспортом,Алматинская,142.7
2011,млн.тонн,перевезено грузов автомобильным  и городским  электрическим транспортом,Атырауская,71.5
2011,млн.тонн,перевезено грузов автомобильным  и городским  электрическим транспортом,Западно-Казахстанская,33.8
2011,млн.тонн,перевезено грузов автомобильным  и городским  электрическим транспортом,Жымбылская,70.5
2011,млн.тонн,перевезено грузов автомобильным  и городским  электрическим транспортом,Карагандинская,551.1
2011,млн.тонн,перевезено грузов автомобильным  и городским  электрическим транспортом,Костанайская,268.0
2011,млн.тонн,перевезено грузов автомобильным  и городским  электрическим транспортом,Кызылординская,95.5
2011,млн.тонн,перевезено грузов автомобильным  и городским  электрическим транспортом,Мангистауская,182.0
2011,млн.тонн,перевезено грузов автомобильным  и городским  электрическим транспортом,Южно-Казахстанская,106.5
2011,млн.тонн,перевезено грузов автомобильным  и городским  электрическим транспортом,Павлодарская,70.2
2011,млн.тонн,перевезено грузов автомобильным  и городским  электрическим транспортом,Северо-Казахстанская,46.0
2011,млн.тонн,перевезено грузов автомобильным  и городским  электрическим транспортом,Восточно-Казахстанская,417.9
2011,млн.тонн,перевезено грузов автомобильным  и городским  электрическим транспортом,г_Нур-Султан,97.2
2011,млн.тонн,перевезено грузов автомобильным  и городским  электрическим транспортом,г_Алматы,155.6
2011,млн.человек,Перевезено пассажиров всеми видами транспорта,,16622.4
2011,млн.человек,Перевезено пассажиров всеми видами транспорта,Акмолинская,1385.8
2011,млн.человек,Перевезено пассажиров всеми видами транспорта,Актюбинская,199.3
2011,млн.человек,Перевезено пассажиров всеми видами транспорта,Алматинская,550.8
2011,млн.человек,Перевезено пассажиров всеми видами транспорта,Атырауская,126.9
2011,млн.человек,Перевезено пассажиров всеми видами транспорта,Западно-Казахстанская,364.7
2011,млн.человек,Перевезено пассажиров всеми видами транспорта,Жымбылская,745.8
2011,млн.человек,Перевезено пассажиров всеми видами транспорта,Карагандинская,1993.3
2011,млн.человек,Перевезено пассажиров всеми видами транспорта,Костанайская,1436.5
2011,млн.человек,Перевезено пассажиров всеми видами транспорта,Кызылординская,193.2
2011,млн.человек,Перевезено пассажиров всеми видами транспорта,Мангистауская,73.8
2011,млн.человек,Перевезено пассажиров всеми видами транспорта,Южно-Казахстанская,1799.6
2011,млн.человек,Перевезено пассажиров всеми видами транспорта,Павлодарская,1044.1
2011,млн.человек,Перевезено пассажиров всеми видами транспорта,Северо-Казахстанская,453.9
2011,млн.человек,Перевезено пассажиров всеми видами транспорта,Восточно-Казахстанская,1419.3
2011,млн.человек,Перевезено пассажиров всеми видами транспорта,г_Нур-Султан,1647.9
2011,млн.человек,Перевезено пассажиров всеми видами транспорта,г_Алматы,3187.5
2011,тонн,перевезено грузов воздушным транспортом,,31554.9
2011,тонн,перевезено грузов воздушным транспортом,Карагандинская,6.6
2011,тонн,перевезено грузов воздушным транспортом,Южно-Казахстанская,583.0
2011,тонн,перевезено грузов воздушным транспортом,Восточно-Казахстанская,44.0
2011,тонн,перевезено грузов воздушным транспортом,г_Алматы,30921.3
2011,тыс.человек,перевезено пассажиров воздушным транспортом,,4131.3
2011,тыс.человек,перевезено пассажиров воздушным транспортом,Алматинская,27.8
2011,тыс.человек,перевезено пассажиров воздушным транспортом,Атырауская,0.8
2011,тыс.человек,перевезено пассажиров воздушным транспортом,Карагандинская,12.2
2011,тыс.человек,перевезено пассажиров воздушным транспортом,Мангистауская,23.8
2011,тыс.человек,перевезено пассажиров воздушным транспортом,Южно-Казахстанская,900.2
2011,тыс.человек,перевезено пассажиров воздушным транспортом,Павлодарская,0.8
2011,тыс.человек,перевезено пассажиров воздушным транспортом,г_Нур-Султан,17.2
2011,тыс.человек,перевезено пассажиров воздушным транспортом,г_Алматы,24.2
2011,тыс.человек,перевезено пассажиров воздушным транспортом,г_Шымкент,3124.3
2011,млн.тонн,показатели работы трубопроводного транспорта,,214.1
2011,млн.тонн,показатели работы трубопроводного транспорта,Атырауская,68.1
2011,млн.тонн,показатели работы трубопроводного транспорта,Павлодарская,26.3
2011,млн.тонн,_L_KZ_090102_1R,,4.6
2011,млн.тонн,_L_KZ_090102_1R,Мангистауская,4.6
2012,млн.тонн,Перевезено грузов всеми видами транспорта,,3231.8
2012,млн.тонн,Трубопроводный,,213.2
2012,млн.тонн,Железнодорожный,,294.8
2012,млн.тонн,Автомобильный,,2718.4
2012,млн.тонн,Воздушным,,0.2
2012,млн.тонн,Внутренним водным,,1.3
2012,млн.тонн,Морским,,4.0
2012,млн.тонн,,Акмолинская,112.6
2012,млн.тонн,,Актюбинская,58.1
2012,млн.тонн,,Алматинская,158.1
2012,млн.тонн,,Атырауская,140.6
2012,млн.тонн,,Западно-Казахстанская,35.8
2012,млн.тонн,,Жымбылская,80.4
2012,млн.тонн,,Карагандинская,619.7
2012,млн.тонн,,Костанайская,275.6
2012,млн.тонн,,Кызылординская,98.4
2012,млн.тонн,,Мангистауская,207.7
2012,млн.тонн,,Южно-Казахстанская,123.8
2012,млн.тонн,,Павлодарская,103.0
2012,млн.тонн,,Северо-Казахстанская,46.2
2012,млн.тонн,,Восточно-Казахстанская,476.9
2012,млн.тонн,,г_Нур-Султан,112.6
2012,млн.тонн,,г_Алматы,168.3
2012,млн.человек,Перевезено пассажиров всеми видами транспорта,,18484.6
2012,млн.человек,Железнодорожным транспортом,,24.4
2012,млн.человек,Автомобильный,,18380.2
2012,млн.человек,Внутренним водным,,0.1
2012,млн.человек,Воздушным,,4.5
2012,млн.человек,Городской электрический,,69.6
2012,млн.человек,,Акмолинская,1482.1
2012,млн.человек,,Актюбинская,220.1
2012,млн.человек,,Алматинская,597.2
2012,млн.человек,,Атырауская,155.4
2012,млн.человек,,Западно-Казахстанская,402.3
2012,млн.человек,,Жымбылская,802.8
2012,млн.человек,,Карагандинская,2111.4
2012,млн.человек,,Костанайская,1575.5
2012,млн.человек,,Кызылординская,232.4
2012,млн.человек,,Мангистауская,81.5
2012,млн.человек,,Южно-Казахстанская,2149.9
2012,млн.человек,,Павлодарская,1166.3
2012,млн.человек,,Северо-Казахстанская,470.7
2012,млн.человек,,Восточно-Казахстанская,1459.9
2012,млн.человек,,г_Нур-Султан,1750.1
2012,млн.человек,,г_Алматы,3802.8
2012,млн.тонн,перевезено грузов автомобильным  и городским  электрическим транспортом,,2718.4
2012,млн.тонн,перевезено грузов автомобильным  и городским  электрическим транспортом,Акмолинская,112.6
2012,млн.тонн,перевезено грузов автомобильным  и городским  электрическим транспортом,Актюбинская,58.1
2012,млн.тонн,перевезено грузов автомобильным  и городским  электрическим транспортом,Алматинская,158.1
2012,млн.тонн,перевезено грузов автомобильным  и городским  электрическим транспортом,Атырауская,72.4
2012,млн.тонн,перевезено грузов автомобильным  и городским  электрическим транспортом,Западно-Казахстанская,35.7
2012,млн.тонн,перевезено грузов автомобильным  и городским  электрическим транспортом,Жымбылская,80.4
2012,млн.тонн,перевезено грузов автомобильным  и городским  электрическим транспортом,Карагандинская,619.7
2012,млн.тонн,перевезено грузов автомобильным  и городским  электрическим транспортом,Костанайская,275.6
2012,млн.тонн,перевезено грузов автомобильным  и городским  электрическим транспортом,Кызылординская,98.4
2012,млн.тонн,перевезено грузов автомобильным  и городским  электрическим транспортом,Мангистауская,203.7
2012,млн.тонн,перевезено грузов автомобильным  и городским  электрическим транспортом,Южно-Казахстанская,123.8
2012,млн.тонн,перевезено грузов автомобильным  и городским  электрическим транспортом,Павлодарская,76.6
2012,млн.тонн,перевезено грузов автомобильным  и городским  электрическим транспортом,Северо-Казахстанская,46.1
2012,млн.тонн,перевезено грузов автомобильным  и городским  электрическим транспортом,Восточно-Казахстанская,476.6
2012,млн.тонн,перевезено грузов автомобильным  и городским  электрическим транспортом,г_Нур-Султан,112.6
2012,млн.тонн,перевезено грузов автомобильным  и городским  электрическим транспортом,г_Алматы,168.3
2012,млн.человек,Перевезено пассажиров всеми видами транспорта,,18455.7
2012,млн.человек,Перевезено пассажиров всеми видами транспорта,Акмолинская,1482.1
2012,млн.человек,Перевезено пассажиров всеми видами транспорта,Актюбинская,220.1
2012,млн.человек,Перевезено пассажиров всеми видами транспорта,Алматинская,597.2
2012,млн.человек,Перевезено пассажиров всеми видами транспорта,Атырауская,155.4
2012,млн.человек,Перевезено пассажиров всеми видами транспорта,Западно-Казахстанская,402.2
2012,млн.человек,Перевезено пассажиров всеми видами транспорта,Жымбылская,802.8
2012,млн.человек,Перевезено пассажиров всеми видами транспорта,Карагандинская,2111.4
2012,млн.человек,Перевезено пассажиров всеми видами транспорта,Костанайская,1575.5
2012,млн.человек,Перевезено пассажиров всеми видами транспорта,Кызылординская,2323.7
2012,млн.человек,Перевезено пассажиров всеми видами транспорта,Мангистауская,81.5
2012,млн.человек,Перевезено пассажиров всеми видами транспорта,Южно-Казахстанская,2148.8
2012,млн.человек,Перевезено пассажиров всеми видами транспорта,Павлодарская,1166.3
2012,млн.человек,Перевезено пассажиров всеми видами транспорта,Северо-Казахстанская,4706.9
2012,млн.человек,Перевезено пассажиров всеми видами транспорта,Восточно-Казахстанская,1459.9
2012,млн.человек,Перевезено пассажиров всеми видами транспорта,г_Нур-Султан,1750.0
2012,млн.человек,Перевезено пассажиров всеми видами транспорта,г_Алматы,3799.5
2012,тонн,перевезено грузов воздушным транспортом,,21954.2
2012,тонн,перевезено грузов воздушным транспортом,Западно-Казахстанская,183.0
2012,тонн,перевезено грузов воздушным транспортом,Южно-Казахстанская,768.0
2012,тонн,перевезено грузов воздушным транспортом,Восточно-Казахстанская,5.8
2012,тонн,перевезено грузов воздушным транспортом,г_Алматы,20997.4
2012,тыс.человек,перевезено пассажиров воздушным транспортом,,4512.0
2012,тыс.человек,перевезено пассажиров воздушным транспортом,Алматинская,30.0
2012,тыс.человек,перевезено пассажиров воздушным транспортом,Атырауская,0.4
2012,тыс.человек,перевезено пассажиров воздушным транспортом,Карагандинская,59.7
2012,тыс.человек,перевезено пассажиров воздушным транспортом,Западно-Казахстанская,7.2
2012,тыс.человек,перевезено пассажиров воздушным транспортом,Южно-Казахстанская,1095.8
2012,тыс.человек,перевезено пассажиров воздушным транспортом,г_Нур-Султан,5.1
2012,тыс.человек,перевезено пассажиров воздушным транспортом,г_Алматы,5.5
2012,тыс.человек,перевезено пассажиров воздушным транспортом,г_Шымкент,3308.3
2012,млн.тонн,показатели работы трубопроводного транспорта,,213.2
2012,млн.тонн,показатели работы трубопроводного транспорта,Атырауская,68.2
2012,млн.тонн,показатели работы трубопроводного транспорта,Павлодарская,25.7
2012,млн.тонн,_L_KZ_090102_1R,,4.0
2012,млн.тонн,_L_KZ_090102_1R,Мангистауская,4.0
2013,млн.тонн,Перевезено грузов всеми видами транспорта,,3508.0
2013,млн.тонн,Трубопроводный,,225.9
2013,млн.тонн,Железнодорожный,,293.7
2013,млн.тонн,Автомобильный,,2983.4
2013,млн.тонн,Воздушным,,0.2
2013,млн.тонн,Внутренним водным,,1.1
2013,млн.тонн,Морским,,4.0
2013,млн.тонн,,Акмолинская,121.5
2013,млн.тонн,,Актюбинская,62.2
2013,млн.тонн,,Алматинская,159.0
2013,млн.тонн,,Атырауская,151.3
2013,млн.тонн,,Западно-Казахстанская,38.9
2013,млн.тонн,,Жымбылская,88.4
2013,млн.тонн,,Карагандинская,676.7
2013,млн.тонн,,Костанайская,299.7
2013,млн.тонн,,Кызылординская,106.1
2013,млн.тонн,,Мангистауская,215.1
2013,млн.тонн,,Южно-Казахстанская,133.0
2013,млн.тонн,,Павлодарская,116.5
2013,млн.тонн,,Северо-Казахстанская,49.3
2013,млн.тонн,,Восточно-Казахстанская,553.7
2013,млн.тонн,,г_Нур-Султан,124.1
2013,млн.тонн,,г_Алматы,194.4
2013,млн.человек,Перевезено пассажиров всеми видами транспорта,,20004.3
2013,млн.человек,Железнодорожным транспортом,,28.6
2013,млн.человек,Автомобильный,,19905.3
2013,млн.человек,Внутренним водным,,0.1
2013,млн.человек,Воздушным,,5.0
2013,млн.человек,Городской электрический,,65.3
2013,млн.человек,,Акмолинская,1604.5
2013,млн.человек,,Актюбинская,238.4
2013,млн.человек,,Алматинская,629.0
2013,млн.человек,,Атырауская,167.9
2013,млн.человек,,Западно-Казахстанская,425.8
2013,млн.человек,,Жымбылская,864.6
2013,млн.человек,,Карагандинская,2299.9
2013,млн.человек,,Костанайская,1657.4
2013,млн.человек,,Кызылординская,251.3
2013,млн.человек,,Мангистауская,85.5
2013,млн.человек,,Южно-Казахстанская,2257.6
2013,млн.человек,,Павлодарская,1194.6
2013,млн.человек,,Северо-Казахстанская,492.8
2013,млн.человек,,Восточно-Казахстанская,1606.7
2013,млн.человек,,г_Нур-Султан,1961.0
2013,млн.человек,,г_Алматы,4238.8
2013,млн.тонн,перевезено грузов автомобильным  и городским  электрическим транспортом,,2983.4
2013,млн.тонн,перевезено грузов автомобильным  и городским  электрическим транспортом,Акмолинская,121.5
2013,млн.тонн,перевезено грузов автомобильным  и городским  электрическим транспортом,Актюбинская,62.2
2013,млн.тонн,перевезено грузов автомобильным  и городским  электрическим транспортом,Алматинская,159.0
2013,млн.тонн,перевезено грузов автомобильным  и городским  электрическим транспортом,Атырауская,82.6
2013,млн.тонн,перевезено грузов автомобильным  и городским  электрическим транспортом,Западно-Казахстанская,38.9
2013,млн.тонн,перевезено грузов автомобильным  и городским  электрическим транспортом,Жымбылская,88.4
2013,млн.тонн,перевезено грузов автомобильным  и городским  электрическим транспортом,Карагандинская,676.7
2013,млн.тонн,перевезено грузов автомобильным  и городским  электрическим транспортом,Костанайская,299.7
2013,млн.тонн,перевезено грузов автомобильным  и городским  электрическим транспортом,Кызылординская,106.1
2013,млн.тонн,перевезено грузов автомобильным  и городским  электрическим транспортом,Мангистауская,211.1
2013,млн.тонн,перевезено грузов автомобильным  и городским  электрическим транспортом,Южно-Казахстанская,133.0
2013,млн.тонн,перевезено грузов автомобильным  и городским  электрическим транспортом,Павлодарская,83.3
2013,млн.тонн,перевезено грузов автомобильным  и городским  электрическим транспортом,Северо-Казахстанская,49.3
2013,млн.тонн,перевезено грузов автомобильным  и городским  электрическим транспортом,Восточно-Казахстанская,553.3
2013,млн.тонн,перевезено грузов автомобильным  и городским  электрическим транспортом,г_Нур-Султан,124.1
2013,млн.тонн,перевезено грузов автомобильным  и городским  электрическим транспортом,г_Алматы,194.4
2013,млн.человек,Перевезено пассажиров всеми видами транспорта,,19970.6
2013,млн.человек,Перевезено пассажиров всеми видами транспорта,Акмолинская,1604.5
2013,млн.человек,Перевезено пассажиров всеми видами транспорта,Актюбинская,238.4
2013,млн.человек,Перевезено пассажиров всеми видами транспорта,Алматинская,628.9
2013,млн.человек,Перевезено пассажиров всеми видами транспорта,Атырауская,167.9
2013,млн.человек,Перевезено пассажиров всеми видами транспорта,Западно-Казахстанская,425.6
2013,млн.человек,Перевезено пассажиров всеми видами транспорта,Жымбылская,864.6
2013,млн.человек,Перевезено пассажиров всеми видами транспорта,Карагандинская,2299.9
2013,млн.человек,Перевезено пассажиров всеми видами транспорта,Костанайская,1657.4
2013,млн.человек,Перевезено пассажиров всеми видами транспорта,Кызылординская,251.3
2013,млн.человек,Перевезено пассажиров всеми видами транспорта,Мангистауская,85.5
2013,млн.человек,Перевезено пассажиров всеми видами транспорта,Южно-Казахстанская,2256.5
2013,млн.человек,Перевезено пассажиров всеми видами транспорта,Павлодарская,1194.6
2013,млн.человек,Перевезено пассажиров всеми видами транспорта,Северо-Казахстанская,492.8
2013,млн.человек,Перевезено пассажиров всеми видами транспорта,Восточно-Казахстанская,1606.7
2013,млн.человек,Перевезено пассажиров всеми видами транспорта,г_Нур-Султан,1961.0
2013,млн.человек,Перевезено пассажиров всеми видами транспорта,г_Алматы,4235.1
2013,тонн,перевезено грузов воздушным транспортом,,23873.5
2013,тонн,перевезено грузов воздушным транспортом,Западно-Казахстанская,227.2
2013,тонн,перевезено грузов воздушным транспортом,Восточно-Казахстанская,1062.0
2013,тонн,перевезено грузов воздушным транспортом,г_Алматы,22584.3
2013,тыс.человек,перевезено пассажиров воздушным транспортом,,4985.6
2013,тыс.человек,перевезено пассажиров воздушным транспортом,Алматинская,25.5
2013,тыс.человек,перевезено пассажиров воздушным транспортом,Карагандинская,10.0
2013,тыс.человек,перевезено пассажиров воздушным транспортом,Западно-Казахстанская,140.1
2013,тыс.человек,перевезено пассажиров воздушным транспортом,Южно-Казахстанская,1109.6
2013,тыс.человек,перевезено пассажиров воздушным транспортом,г_Алматы,1.3
2013,тыс.человек,перевезено пассажиров воздушным транспортом,г_Шымкент,3699.1
2013,млн.тонн,показатели работы трубопроводного транспорта,,225.9
2013,млн.тонн,показатели работы трубопроводного транспорта,Атырауская,68.7
2013,млн.тонн,показатели работы трубопроводного транспорта,Павлодарская,32.5
2013,млн.тонн,_L_KZ_090102_1R,,4.0
2013,млн.тонн,_L_KZ_090102_1R,Мангистауская,4.0
2014,млн.тонн,Перевезено грузов всеми видами транспорта,,3749.8
2014,млн.тонн,Трубопроводный,,225.0
2014,млн.тонн,Железнодорожный,,390.7
2014,млн.тонн,Автомобильный,,3129.1
2014,млн.тонн,Воздушным,,0.2
2014,млн.тонн,Внутренним водным,,1.3
2014,млн.тонн,Морским,,3.6
2014,млн.тонн,,Акмолинская,121.3
2014,млн.тонн,,Актюбинская,63.6
2014,млн.тонн,,Алматинская,159.9
2014,млн.тонн,,Атырауская,151.2
2014,млн.тонн,,Западно-Казахстанская,40.0
2014,млн.тонн,,Жымбылская,88.9
2014,млн.тонн,,Карагандинская,719.2
2014,млн.тонн,,Костанайская,297.3
2014,млн.тонн,,Кызылординская,107.2
2014,млн.тонн,,Мангистауская,217.6
2014,млн.тонн,,Южно-Казахстанская,145.4
2014,млн.тонн,,Павлодарская,128.1
2014,млн.тонн,,Северо-Казахстанская,49.9
2014,млн.тонн,,Восточно-Казахстанская,595.5
2014,млн.тонн,,г_Нур-Султан,136.7
2014,млн.тонн,,г_Алматы,216.8
2014,млн.человек,Перевезено пассажиров всеми видами транспорта,,21281.2
2014,млн.человек,Железнодорожным транспортом,,23.2
2014,млн.человек,Автомобильный,,21189.9
2014,млн.человек,Внутренним водным,,0.1
2014,млн.человек,Воздушным,,5.4
2014,млн.человек,Городской электрический,,62.5
2014,млн.человек,,Акмолинская,1723.9
2014,млн.человек,,Актюбинская,251.0
2014,млн.человек,,Алматинская,654.3
2014,млн.человек,,Атырауская,172.1
2014,млн.человек,,Западно-Казахстанская,428.3
2014,млн.человек,,Жымбылская,882.5
2014,млн.человек,,Карагандинская,2428.7
2014,млн.человек,,Костанайская,1752.0
2014,млн.человек,,Кызылординская,282.1
2014,млн.человек,,Мангистауская,85.5
2014,млн.человек,,Южно-Казахстанская,2262.5
2014,млн.человек,,Павлодарская,1195.6
2014,млн.человек,,Северо-Казахстанская,496.1
2014,млн.человек,,Восточно-Казахстанская,1654.2
2014,млн.человек,,г_Нур-Султан,2180.3
2014,млн.человек,,г_Алматы,4808.6
2014,млн.тонн,перевезено грузов автомобильным  и городским  электрическим транспортом,,3129.1
2014,млн.тонн,перевезено грузов автомобильным  и городским  электрическим транспортом,Акмолинская,121.3
2014,млн.тонн,перевезено грузов автомобильным  и городским  электрическим транспортом,Актюбинская,63.6
2014,млн.тонн,перевезено грузов автомобильным  и городским  электрическим транспортом,Алматинская,159.9
2014,млн.тонн,перевезено грузов автомобильным  и городским  электрическим транспортом,Атырауская,82.1
2014,млн.тонн,перевезено грузов автомобильным  и городским  электрическим транспортом,Западно-Казахстанская,39.9
2014,млн.тонн,перевезено грузов автомобильным  и городским  электрическим транспортом,Жымбылская,88.9
2014,млн.тонн,перевезено грузов автомобильным  и городским  электрическим транспортом,Карагандинская,719.2
2014,млн.тонн,перевезено грузов автомобильным  и городским  электрическим транспортом,Костанайская,297.3
2014,млн.тонн,перевезено грузов автомобильным  и городским  электрическим транспортом,Кызылординская,107.2
2014,млн.тонн,перевезено грузов автомобильным  и городским  электрическим транспортом,Мангистауская,214.0
2014,млн.тонн,перевезено грузов автомобильным  и городским  электрическим транспортом,Южно-Казахстанская,145.4
2014,млн.тонн,перевезено грузов автомобильным  и городским  электрическим транспортом,Павлодарская,91.8
2014,млн.тонн,перевезено грузов автомобильным  и городским  электрическим транспортом,Северо-Казахстанская,49.9
2014,млн.тонн,перевезено грузов автомобильным  и городским  электрическим транспортом,Восточно-Казахстанская,595.1
2014,млн.тонн,перевезено грузов автомобильным  и городским  электрическим транспортом,г_Нур-Султан,136.7
2014,млн.тонн,перевезено грузов автомобильным  и городским  электрическим транспортом,г_Алматы,216.8
2014,млн.человек,Перевезено пассажиров всеми видами транспорта,,21252.4
2014,млн.человек,Перевезено пассажиров всеми видами транспорта,Акмолинская,1723.9
2014,млн.человек,Перевезено пассажиров всеми видами транспорта,Актюбинская,251.0
2014,млн.человек,Перевезено пассажиров всеми видами транспорта,Алматинская,654.3
2014,млн.человек,Перевезено пассажиров всеми видами транспорта,Атырауская,172.1
2014,млн.человек,Перевезено пассажиров всеми видами транспорта,Западно-Казахстанская,427.9
2014,млн.человек,Перевезено пассажиров всеми видами транспорта,Жымбылская,882.5
2014,млн.человек,Перевезено пассажиров всеми видами транспорта,Карагандинская,2428.7
2014,млн.человек,Перевезено пассажиров всеми видами транспорта,Костанайская,1752.0
2014,млн.человек,Перевезено пассажиров всеми видами транспорта,Кызылординская,282.1
2014,млн.человек,Перевезено пассажиров всеми видами транспорта,Мангистауская,85.5
2014,млн.человек,Перевезено пассажиров всеми видами транспорта,Южно-Казахстанская,2261.3
2014,млн.человек,Перевезено пассажиров всеми видами транспорта,Павлодарская,1195.6
2014,млн.человек,Перевезено пассажиров всеми видами транспорта,Северо-Казахстанская,496.1
2014,млн.человек,Перевезено пассажиров всеми видами транспорта,Восточно-Казахстанская,1654.2
2014,млн.человек,Перевезено пассажиров всеми видами транспорта,г_Нур-Султан,2180.3
2014,млн.человек,Перевезено пассажиров всеми видами транспорта,г_Алматы,4804.8
2014,тонн,перевезено грузов воздушным транспортом,,19082.4
2014,тонн,перевезено грузов воздушным транспортом,Западно-Казахстанская,239.4
2014,тонн,перевезено грузов воздушным транспортом,Восточно-Казахстанская,978.0
2014,тонн,перевезено грузов воздушным транспортом,г_Алматы,17865.0
2014,тыс.человек,перевезено пассажиров воздушным транспортом,,5434.6
2014,тыс.человек,перевезено пассажиров воздушным транспортом,Алматинская,28.5
2014,тыс.человек,перевезено пассажиров воздушным транспортом,Карагандинская,8.5
2014,тыс.человек,перевезено пассажиров воздушным транспортом,Западно-Казахстанская,354.7
2014,тыс.человек,перевезено пассажиров воздушным транспортом,Южно-Казахстанская,1254.7
2014,тыс.человек,перевезено пассажиров воздушным транспортом,г_Алматы,1.4
2014,тыс.человек,перевезено пассажиров воздушным транспортом,г_Шымкент,3786.8
2014,млн.тонн,показатели работы трубопроводного транспорта,,225.0
2014,млн.тонн,показатели работы трубопроводного транспорта,Атырауская,69.0
2014,млн.тонн,показатели работы трубопроводного транспорта,Павлодарская,35.4
2014,млн.тонн,_L_KZ_090102_1R,,3.6
2014,млн.тонн,_L_KZ_090102_1R,Мангистауская,3.6
2015,млн.тонн,Перевезено грузов всеми видами транспорта,,3733.8
2015,млн.тонн,Трубопроводный,,214.6
2015,млн.тонн,Железнодорожный,,341.4
2015,млн.тонн,Автомобильный,,3174.0
2015,млн.тонн,Воздушным,,0.2
2015,млн.тонн,Внутренним водным,,1.2
2015,млн.тонн,Морским,,2.5
2015,млн.тонн,,Акмолинская,120.3
2015,млн.тонн,,Актюбинская,70.1
2015,млн.тонн,,Алматинская,167.2
2015,млн.тонн,,Атырауская,144.4
2015,млн.тонн,,Западно-Казахстанская,39.5
2015,млн.тонн,,Жымбылская,91.3
2015,млн.тонн,,Карагандинская,709.9
2015,млн.тонн,,Костанайская,294.9
2015,млн.тонн,,Кызылординская,108.7
2015,млн.тонн,,Мангистауская,227.8
2015,млн.тонн,,Южно-Казахстанская,155.0
2015,млн.тонн,,Павлодарская,127.9
2015,млн.тонн,,Северо-Казахстанская,49.7
2015,млн.тонн,,Восточно-Казахстанская,598.8
2015,млн.тонн,,г_Нур-Султан,142.5
2015,млн.тонн,,г_Алматы,232.1
2015,млн.человек,Перевезено пассажиров всеми видами транспорта,,21839.1
2015,млн.человек,Железнодорожным транспортом,,22.5
2015,млн.человек,Автомобильный,,21744.7
2015,млн.человек,Внутренним водным,,0.0
2015,млн.человек,Воздушным,,5.9
2015,млн.человек,Городской электрический,,65.9
2015,млн.человек,,Акмолинская,1729.5
2015,млн.человек,,Актюбинская,264.7
2015,млн.человек,,Алматинская,706.7
2015,млн.человек,,Атырауская,172.0
2015,млн.человек,,Западно-Казахстанская,436.3
2015,млн.человек,,Жымбылская,929.5
2015,млн.человек,,Карагандинская,2421.2
2015,млн.человек,,Костанайская,1745.2
2015,млн.человек,,Кызылординская,298.1
2015,млн.человек,,Мангистауская,85.3
2015,млн.человек,,Южно-Казахстанская,2347.4
2015,млн.человек,,Павлодарская,1240.8
2015,млн.человек,,Северо-Казахстанская,495.2
2015,млн.человек,,Восточно-Казахстанская,1681.0
2015,млн.человек,,г_Нур-Султан,2279.0
2015,млн.человек,,г_Алматы,4984.8
2015,млн.тонн,перевезено грузов автомобильным  и городским  электрическим транспортом,,3174.0
2015,млн.тонн,перевезено грузов автомобильным  и городским  электрическим транспортом,Акмолинская,120.3
2015,млн.тонн,перевезено грузов автомобильным  и городским  электрическим транспортом,Актюбинская,70.1
2015,млн.тонн,перевезено грузов автомобильным  и городским  электрическим транспортом,Алматинская,167.2
2015,млн.тонн,перевезено грузов автомобильным  и городским  электрическим транспортом,Атырауская,75.7
2015,млн.тонн,перевезено грузов автомобильным  и городским  электрическим транспортом,Западно-Казахстанская,39.5
2015,млн.тонн,перевезено грузов автомобильным  и городским  электрическим транспортом,Жымбылская,91.3
2015,млн.тонн,перевезено грузов автомобильным  и городским  электрическим транспортом,Карагандинская,709.9
2015,млн.тонн,перевезено грузов автомобильным  и городским  электрическим транспортом,Костанайская,294.9
2015,млн.тонн,перевезено грузов автомобильным  и городским  электрическим транспортом,Кызылординская,108.7
2015,млн.тонн,перевезено грузов автомобильным  и городским  электрическим транспортом,Мангистауская,225.3
2015,млн.тонн,перевезено грузов автомобильным  и городским  электрическим транспортом,Южно-Казахстанская,155.0
2015,млн.тонн,перевезено грузов автомобильным  и городским  электрическим транспортом,Павлодарская,93.6
2015,млн.тонн,перевезено грузов автомобильным  и городским  электрическим транспортом,Северо-Казахстанская,49.7
2015,млн.тонн,перевезено грузов автомобильным  и городским  электрическим транспортом,Восточно-Казахстанская,598.3
2015,млн.тонн,перевезено грузов автомобильным  и городским  электрическим транспортом,г_Нур-Султан,142.5
2015,млн.тонн,перевезено грузов автомобильным  и городским  электрическим транспортом,г_Алматы,232.1
2015,млн.человек,Перевезено пассажиров всеми видами транспорта,,21810.7
2015,млн.человек,Перевезено пассажиров всеми видами транспорта,Акмолинская,1729.5
2015,млн.человек,Перевезено пассажиров всеми видами транспорта,Актюбинская,264.7
2015,млн.человек,Перевезено пассажиров всеми видами транспорта,Алматинская,706.7
2015,млн.человек,Перевезено пассажиров всеми видами транспорта,Атырауская,172.0
2015,млн.человек,Перевезено пассажиров всеми видами транспорта,Западно-Казахстанская,436.0
2015,млн.человек,Перевезено пассажиров всеми видами транспорта,Жымбылская,929.5
2015,млн.человек,Перевезено пассажиров всеми видами транспорта,Карагандинская,2421.2
2015,млн.человек,Перевезено пассажиров всеми видами транспорта,Костанайская,1745.2
2015,млн.человек,Перевезено пассажиров всеми видами транспорта,Кызылординская,298.1
2015,млн.человек,Перевезено пассажиров всеми видами транспорта,Мангистауская,85.3
2015,млн.человек,Перевезено пассажиров всеми видами транспорта,Южно-Казахстанская,2346.1
2015,млн.человек,Перевезено пассажиров всеми видами транспорта,Павлодарская,1240.8
2015,млн.человек,Перевезено пассажиров всеми видами транспорта,Северо-Казахстанская,495.2
2015,млн.человек,Перевезено пассажиров всеми видами транспорта,Восточно-Казахстанская,1681.0
2015,млн.человек,Перевезено пассажиров всеми видами транспорта,г_Нур-Султан,2279.0
2015,млн.человек,Перевезено пассажиров всеми видами транспорта,г_Алматы,4980.4
2015,тонн,перевезено грузов воздушным транспортом,,17178.2
2015,тонн,перевезено грузов воздушным транспортом,Западно-Казахстанская,131.0
2015,тонн,перевезено грузов воздушным транспортом,г_Алматы,15956.2
2015,тыс.человек,перевезено пассажиров воздушным транспортом,,5922.8
2015,тыс.человек,перевезено пассажиров воздушным транспортом,Алматинская,25.2
2015,тыс.человек,перевезено пассажиров воздушным транспортом,Атырауская,4.3
2015,тыс.человек,перевезено пассажиров воздушным транспортом,Западно-Казахстанская,332.4
2015,тыс.человек,перевезено пассажиров воздушным транспортом,Южно-Казахстанская,1224.7
2015,тыс.человек,перевезено пассажиров воздушным транспортом,г_Алматы,5.2
2015,тыс.человек,перевезено пассажиров воздушным транспортом,г_Шымкент,4324.4
2015,млн.тонн,показатели работы трубопроводного транспорта,,214.6
2015,млн.тонн,показатели работы трубопроводного транспорта,Атырауская,68.6
2015,млн.тонн,_L_KZ_090102_1R,,2.5
2015,млн.тонн,_L_KZ_090102_1R,Мангистауская,2.5
2016,млн.тонн,Перевезено грузов всеми видами транспорта,,3729.2
2016,млн.тонн,Трубопроводный,,205.8
2016,млн.тонн,Железнодорожный,,338.9
2016,млн.тонн,Автомобильный,,3180.7
2016,млн.тонн,Воздушным,,0.2
2016,млн.тонн,Внутренним водным,,1.2
2016,млн.тонн,Морским,,2.6
2016,млн.тонн,,Акмолинская,113.1
2016,млн.тонн,,Актюбинская,76.3
2016,млн.тонн,,Алматинская,179.0
2016,млн.тонн,,Атырауская,145.1
2016,млн.тонн,,Западно-Казахстанская,39.4
2016,млн.тонн,,Жымбылская,91.3
2016,млн.тонн,,Карагандинская,727.5
2016,млн.тонн,,Костанайская,277.3
2016,млн.тонн,,Кызылординская,104.3
2016,млн.тонн,,Мангистауская,218.9
2016,млн.тонн,,Южно-Казахстанская,158.7
2016,млн.тонн,,Павлодарская,131.5
2016,млн.тонн,,Северо-Казахстанская,48.2
2016,млн.тонн,,Восточно-Казахстанская,582.4
2016,млн.тонн,,г_Нур-Султан,142.6
2016,млн.тонн,,г_Алматы,252.3
2016,млн.человек,Перевезено пассажиров всеми видами транспорта,,22332.8
2016,млн.человек,Железнодорожным транспортом,,23.1
2016,млн.человек,Автомобильный,,22239.4
2016,млн.человек,Внутренним водным,,0.1
2016,млн.человек,Воздушным,,6.0
2016,млн.человек,Городской электрический,,64.2
2016,млн.человек,,Акмолинская,1700.1
2016,млн.человек,,Актюбинская,278.4
2016,млн.человек,,Алматинская,808.3
2016,млн.человек,,Атырауская,181.0
2016,млн.человек,,Западно-Казахстанская,434.3
2016,млн.человек,,Жымбылская,957.3
2016,млн.человек,,Карагандинская,2418.1
2016,млн.человек,,Костанайская,1751.7
2016,млн.человек,,Кызылординская,335.5
2016,млн.человек,,Мангистауская,84.8
2016,млн.человек,,Южно-Казахстанская,2478.5
2016,млн.человек,,Павлодарская,1244.5
2016,млн.человек,,Северо-Казахстанская,506.8
2016,млн.человек,,Восточно-Казахстанская,1705.2
2016,млн.человек,,г_Нур-Султан,2441.1
2016,млн.человек,,г_Алматы,4984.2
2016,млн.тонн,перевезено грузов автомобильным  и городским  электрическим транспортом,,3180.7
2016,млн.тонн,перевезено грузов автомобильным  и городским  электрическим транспортом,Акмолинская,113.1
2016,млн.тонн,перевезено грузов автомобильным  и городским  электрическим транспортом,Актюбинская,76.3
2016,млн.тонн,перевезено грузов автомобильным  и городским  электрическим транспортом,Алматинская,179.0
2016,млн.тонн,перевезено грузов автомобильным  и городским  электрическим транспортом,Атырауская,75.0
2016,млн.тонн,перевезено грузов автомобильным  и городским  электрическим транспортом,Западно-Казахстанская,39.4
2016,млн.тонн,перевезено грузов автомобильным  и городским  электрическим транспортом,Жымбылская,91.3
2016,млн.тонн,перевезено грузов автомобильным  и городским  электрическим транспортом,Карагандинская,727.5
2016,млн.тонн,перевезено грузов автомобильным  и городским  электрическим транспортом,Костанайская,277.3
2016,млн.тонн,перевезено грузов автомобильным  и городским  электрическим транспортом,Кызылординская,104.3
2016,млн.тонн,перевезено грузов автомобильным  и городским  электрическим транспортом,Мангистауская,216.4
2016,млн.тонн,перевезено грузов автомобильным  и городским  электрическим транспортом,Южно-Казахстанская,158.7
2016,млн.тонн,перевезено грузов автомобильным  и городским  электрическим транспортом,Павлодарская,97.7
2016,млн.тонн,перевезено грузов автомобильным  и городским  электрическим транспортом,Северо-Казахстанская,48.2
2016,млн.тонн,перевезено грузов автомобильным  и городским  электрическим транспортом,Восточно-Казахстанская,581.9
2016,млн.тонн,перевезено грузов автомобильным  и городским  электрическим транспортом,г_Нур-Султан,142.6
2016,млн.тонн,перевезено грузов автомобильным  и городским  электрическим транспортом,г_Алматы,252.2
2016,млн.человек,Перевезено пассажиров всеми видами транспорта,,22303.6
2016,млн.человек,Перевезено пассажиров всеми видами транспорта,Акмолинская,1700.1
2016,млн.человек,Перевезено пассажиров всеми видами транспорта,Актюбинская,278.4
2016,млн.человек,Перевезено пассажиров всеми видами транспорта,Алматинская,808.3
2016,млн.человек,Перевезено пассажиров всеми видами транспорта,Атырауская,181.0
2016,млн.человек,Перевезено пассажиров всеми видами транспорта,Западно-Казахстанская,433.6
2016,млн.человек,Перевезено пассажиров всеми видами транспорта,Жымбылская,957.3
2016,млн.человек,Перевезено пассажиров всеми видами транспорта,Карагандинская,2418.1
2016,млн.человек,Перевезено пассажиров всеми видами транспорта,Костанайская,1751.7
2016,млн.человек,Перевезено пассажиров всеми видами транспорта,Кызылординская,335.5
2016,млн.человек,Перевезено пассажиров всеми видами транспорта,Мангистауская,84.8
2016,млн.человек,Перевезено пассажиров всеми видами транспорта,Южно-Казахстанская,2477.2
2016,млн.человек,Перевезено пассажиров всеми видами транспорта,Павлодарская,1244.4
2016,млн.человек,Перевезено пассажиров всеми видами транспорта,Северо-Казахстанская,506.8
2016,млн.человек,Перевезено пассажиров всеми видами транспорта,Восточно-Казахстанская,1705.1
2016,млн.человек,Перевезено пассажиров всеми видами транспорта,г_Нур-Султан,2441.0
2016,млн.человек,Перевезено пассажиров всеми видами транспорта,г_Алматы,4980.3
2016,тонн,перевезено грузов воздушным транспортом,,18015.9
2016,тонн,перевезено грузов воздушным транспортом,г_Алматы,16810.9
2016,тыс.человек,перевезено пассажиров воздушным транспортом,,6021.7
2016,тыс.человек,перевезено пассажиров воздушным транспортом,Алматинская,16.2
2016,тыс.человек,перевезено пассажиров воздушным транспортом,Атырауская,0.1
2016,тыс.человек,перевезено пассажиров воздушным транспортом,Южно-Казахстанская,1288.9
2016,тыс.человек,перевезено пассажиров воздушным транспортом,г_Алматы,34.6
2016,тыс.человек,перевезено пассажиров воздушным транспортом,г_Шымкент,3945.5
2016,млн.тонн,показатели работы трубопроводного транспорта,,205.8
2016,млн.тонн,показатели работы трубопроводного транспорта,Атырауская,70.1
2016,млн.тонн,_L_KZ_090102_1R,,2.6
2016,млн.тонн,_L_KZ_090102_1R,Мангистауская,2.6
2017,млн.тонн,Перевезено грузов всеми видами транспорта,,3946.1
2017,млн.тонн,Трубопроводный,,232.8
2017,млн.тонн,Железнодорожный,,387.2
2017,млн.тонн,Автомобильный,,3322.3
2017,млн.тонн,Воздушным,,0.2
2017,млн.тонн,Внутренним водным,,1.6
2017,млн.тонн,Морским,,2.1
2017,млн.тонн,,Акмолинская,116.1
2017,млн.тонн,,Актюбинская,76.8
2017,млн.тонн,,Алматинская,181.1
2017,млн.тонн,,Атырауская,154.2
2017,млн.тонн,,Западно-Казахстанская,39.3
2017,млн.тонн,,Жымбылская,100.1
2017,млн.тонн,,Карагандинская,795.5
2017,млн.тонн,,Костанайская,291.5
2017,млн.тонн,,Кызылординская,104.6
2017,млн.тонн,,Мангистауская,238.6
2017,млн.тонн,,Павлодарская,133.1
2017,млн.тонн,,Северо-Казахстанская,51.4
2017,млн.тонн,,Восточно-Казахстанская,600.8
2017,млн.тонн,,г_Алматы,256.0
2017,млн.человек,Перевезено пассажиров всеми видами транспорта,,22744.7
2017,млн.человек,Железнодорожным транспортом,,22.9
2017,млн.человек,Автомобильный,,22643.6
2017,млн.человек,Внутренним водным,,0.1
2017,млн.человек,Воздушным,,7.4
2017,млн.человек,Городской электрический,,70.6
2017,млн.человек,,Акмолинская,1643.9
2017,млн.человек,,Актюбинская,294.7
2017,млн.человек,,Алматинская,873.0
2017,млн.человек,,Западно-Казахстанская,451.5
2017,млн.человек,,Жымбылская,957.3
2017,млн.человек,,Костанайская,1796.6
2017,млн.человек,,Кызылординская,367.5
2017,млн.человек,,Мангистауская,88.8
2017,млн.человек,,Южно-Казахстанская,2607.6
2017,млн.человек,,Павлодарская,1225.0
2017,млн.человек,,Северо-Казахстанская,501.6
2017,млн.человек,,Восточно-Казахстанская,1709.2
2017,млн.человек,,г_Алматы,5097.2
2017,млн.тонн,перевезено грузов автомобильным  и городским  электрическим транспортом,,3322.3
2017,млн.тонн,перевезено грузов автомобильным  и городским  электрическим транспортом,Акмолинская,116.1
2017,млн.тонн,перевезено грузов автомобильным  и городским  электрическим транспортом,Актюбинская,76.8
2017,млн.тонн,перевезено грузов автомобильным  и городским  электрическим транспортом,Алматинская,181.1
2017,млн.тонн,перевезено грузов автомобильным  и городским  электрическим транспортом,Атырауская,75.9
2017,млн.тонн,перевезено грузов автомобильным  и городским  электрическим транспортом,Западно-Казахстанская,39.3
2017,млн.тонн,перевезено грузов автомобильным  и городским  электрическим транспортом,Жымбылская,100.1
2017,млн.тонн,перевезено грузов автомобильным  и городским  электрическим транспортом,Карагандинская,795.5
2017,млн.тонн,перевезено грузов автомобильным  и городским  электрическим транспортом,Костанайская,291.5
2017,млн.тонн,перевезено грузов автомобильным  и городским  электрическим транспортом,Кызылординская,104.6
2017,млн.тонн,перевезено грузов автомобильным  и городским  электрическим транспортом,Мангистауская,236.5
2017,млн.тонн,перевезено грузов автомобильным  и городским  электрическим транспортом,Павлодарская,88.6
2017,млн.тонн,перевезено грузов автомобильным  и городским  электрическим транспортом,Северо-Казахстанская,51.4
2017,млн.тонн,перевезено грузов автомобильным  и городским  электрическим транспортом,Восточно-Казахстанская,600.2
2017,млн.тонн,перевезено грузов автомобильным  и городским  электрическим транспортом,г_Алматы,254.5
2017,млн.человек,Перевезено пассажиров всеми видами транспорта,,22690.3
2017,млн.человек,Перевезено пассажиров всеми видами транспорта,Акмолинская,1643.9
2017,млн.человек,Перевезено пассажиров всеми видами транспорта,Актюбинская,294.7
2017,млн.человек,Перевезено пассажиров всеми видами транспорта,Алматинская,872.6
2017,млн.человек,Перевезено пассажиров всеми видами транспорта,Атырауская,181.0
2017,млн.человек,Перевезено пассажиров всеми видами транспорта,Западно-Казахстанская,421.7
2017,млн.человек,Перевезено пассажиров всеми видами транспорта,Жымбылская,957.9
2017,млн.человек,Перевезено пассажиров всеми видами транспорта,Карагандинская,2397.7
2017,млн.человек,Перевезено пассажиров всеми видами транспорта,Костанайская,1796.5
2017,млн.человек,Перевезено пассажиров всеми видами транспорта,Кызылординская,367.5
2017,млн.человек,Перевезено пассажиров всеми видами транспорта,Мангистауская,88.8
2017,млн.человек,Перевезено пассажиров всеми видами транспорта,Южно-Казахстанская,2605.6
2017,млн.человек,Перевезено пассажиров всеми видами транспорта,Павлодарская,1225.0
2017,млн.человек,Перевезено пассажиров всеми видами транспорта,Северо-Казахстанская,501.6
2017,млн.человек,Перевезено пассажиров всеми видами транспорта,Восточно-Казахстанская,1708.8
2017,млн.человек,Перевезено пассажиров всеми видами транспорта,г_Нур-Султан,2528.4
2017,млн.человек,Перевезено пассажиров всеми видами транспорта,г_Алматы,5098.6
2017,тонн,перевезено грузов воздушным транспортом,,22449.9
2017,тонн,перевезено грузов воздушным транспортом,г_Алматы,20345.2
2017,тыс.человек,перевезено пассажиров воздушным транспортом,,7363.7
2017,тыс.человек,перевезено пассажиров воздушным транспортом,Алматинская,10.6
2017,тыс.человек,перевезено пассажиров воздушным транспортом,Атырауская,0.2
2017,тыс.человек,перевезено пассажиров воздушным транспортом,Южно-Казахстанская,1931.8
2017,тыс.человек,перевезено пассажиров воздушным транспортом,г_Алматы,33.2
2017,тыс.человек,перевезено пассажиров воздушным транспортом,г_Шымкент,4467.0
2017,млн.тонн,показатели работы трубопроводного транспорта,,232.8
2017,млн.тонн,показатели работы трубопроводного транспорта,Атырауская,78.3
2017,млн.тонн,показатели работы трубопроводного транспорта,Павлодарская,43.5
2017,млн.тонн,_L_KZ_090102_1R,,2.1
2017,млн.тонн,_L_KZ_090102_1R,Мангистауская,2.1
2018,млн.тонн,Перевезено грузов всеми видами транспорта,,4103.8
2018,млн.тонн,Трубопроводный,,281.4
2018,млн.тонн,Железнодорожный,,397.9
2018,млн.тонн,Воздушным,,0.0
2018,млн.тонн,Внутренним водным,,1.2
2018,млн.тонн,,Акмолинская,126.5
2018,млн.тонн,,Актюбинская,79.1
2018,млн.тонн,,Алматинская,184.6
2018,млн.тонн,,Атырауская,174.3
2018,млн.тонн,,Жымбылская,103.9
2018,млн.тонн,,Карагандинская,821.2
2018,млн.тонн,,Костанайская,297.1
2018,млн.тонн,,Кызылординская,104.7
2018,млн.тонн,,Мангистауская,238.5
2018,млн.тонн,,Павлодарская,142.2
2018,млн.тонн,,Северо-Казахстанская,51.5
2018,млн.тонн,,Туркестанская,71.0
2018,млн.тонн,,Восточно-Казахстанская,631.5
2018,млн.тонн,,г_Нур-Султан,154.2
2018,млн.тонн,,г_Алматы,247.0
2018,млн.человек,Перевезено пассажиров всеми видами транспорта,,23021.6
2018,млн.человек,Железнодорожным транспортом,,23.1
2018,млн.человек,Автомобильный,,22911.5
2018,млн.человек,Воздушным,,7.6
2018,млн.человек,Городской электрический,,69.7
2018,млн.человек,,Актюбинская,304.3
2018,млн.человек,,Жымбылская,987.4
2018,млн.человек,,Костанайская,1805.6
2018,млн.человек,,Кызылординская,397.4
2018,млн.человек,,Северо-Казахстанская,507.4
2018,млн.человек,,Туркестанская,820.6
2018,млн.человек,,г_Алматы,5202.2
2018,млн.человек,,г_Шымкент,1808.1
2018,млн.тонн,перевезено грузов автомобильным  и городским  электрическим транспортом,Акмолинская,126.5
2018,млн.тонн,перевезено грузов автомобильным  и городским  электрическим транспортом,Актюбинская,79.1
2018,млн.тонн,перевезено грузов автомобильным  и городским  электрическим транспортом,Алматинская,184.6
2018,млн.тонн,перевезено грузов автомобильным  и городским  электрическим транспортом,Западно-Казахстанская,39.5
2018,млн.тонн,перевезено грузов автомобильным  и городским  электрическим транспортом,Жымбылская,103.9
2018,млн.тонн,перевезено грузов автомобильным  и городским  электрическим транспортом,Карагандинская,821.2
2018,млн.тонн,перевезено грузов автомобильным  и городским  электрическим транспортом,Костанайская,297.1
2018,млн.тонн,перевезено грузов автомобильным  и городским  электрическим транспортом,Кызылординская,104.7
2018,млн.тонн,перевезено грузов автомобильным  и городским  электрическим транспортом,Северо-Казахстанская,51.5
2018,млн.тонн,перевезено грузов автомобильным  и городским  электрическим транспортом,Туркестанская,71.0
2018,млн.тонн,перевезено грузов автомобильным  и городским  электрическим транспортом,Восточно-Казахстанская,631.1
2018,млн.тонн,перевезено грузов автомобильным  и городским  электрическим транспортом,г_Нур-Султан,154.2
2018,млн.тонн,перевезено грузов автомобильным  и городским  электрическим транспортом,г_Алматы,247.0
2018,млн.человек,Перевезено пассажиров всеми видами транспорта,,22982.2
2018,млн.человек,Перевезено пассажиров всеми видами транспорта,Актюбинская,304.3
2018,млн.человек,Перевезено пассажиров всеми видами транспорта,Жымбылская,987.4
2018,млн.человек,Перевезено пассажиров всеми видами транспорта,Костанайская,1805.6
2018,млн.человек,Перевезено пассажиров всеми видами транспорта,Кызылординская,397.4
2018,млн.человек,Перевезено пассажиров всеми видами транспорта,Северо-Казахстанская,507.4
2018,млн.человек,Перевезено пассажиров всеми видами транспорта,Туркестанская,820.6
2018,млн.человек,Перевезено пассажиров всеми видами транспорта,г_Алматы,5197.8
2018,млн.человек,Перевезено пассажиров всеми видами транспорта,г_Шымкент,1805.9
2018,тонн,перевезено грузов воздушным транспортом,,44140.0
2018,тонн,перевезено грузов воздушным транспортом,г_Алматы,40560.0
2018,тыс.человек,перевезено пассажиров воздушным транспортом,,7555.6
2018,тыс.человек,перевезено пассажиров воздушным транспортом,г_Алматы,33.4
2018,тыс.человек,перевезено пассажиров воздушным транспортом,г_Шымкент,4380.2
2018,млн.тонн,показатели работы трубопроводного транспорта,,281.4
2019,млн.тонн,Перевезено грузов всеми видами транспорта,,4222.7
2019,млн.тонн,Трубопроводный,,273.0
2019,млн.тонн,Железнодорожный,,397.0
2019,млн.тонн,Автомобильный,,3550.5
2019,млн.тонн,Воздушным,,0.0
2019,млн.тонн,Внутренним водным,,1.3
2019,млн.тонн,Морским,,0.8
2019,млн.тонн,,Акмолинская,130.0
2019,млн.тонн,,Актюбинская,83.0
2019,млн.тонн,,Алматинская,197.1
2019,млн.тонн,,Атырауская,175.7
2019,млн.тонн,,Западно-Казахстанская,40.0
2019,млн.тонн,,Жымбылская,103.4
2019,млн.тонн,,Карагандинская,864.6
2019,млн.тонн,,Костанайская,320.1
2019,млн.тонн,,Кызылординская,107.0
2019,млн.тонн,,Мангистауская,233.0
2019,млн.тонн,,Павлодарская,133.8
2019,млн.тонн,,Северо-Казахстанская,52.3
2019,млн.тонн,,Туркестанская,86.0
2019,млн.тонн,,Восточно-Казахстанская,661.5
2019,млн.тонн,,г_Нур-Султан,155.1
2019,млн.тонн,,г_Алматы,257.5
2019,млн.тонн,,г_Шымкент,111.2
2019,млн.человек,Перевезено пассажиров всеми видами транспорта,,23835.9
2019,млн.человек,Железнодорожным транспортом,,22.4
2019,млн.человек,Автомобильный,,23719.2
2019,млн.человек,Внутренним водным,,0.0
2019,млн.человек,Морским,,0.1
2019,млн.человек,Воздушным,,8.6
2019,млн.человек,Городской электрический,,85.5
2019,млн.человек,,Акмолинская,1744.9
2019,млн.человек,,Актюбинская,319.5
2019,млн.человек,,Алматинская,937.9
2019,млн.человек,,Атырауская,195.2
2019,млн.человек,,Западно-Казахстанская,429.4
2019,млн.человек,,Жымбылская,1056.3
2019,млн.человек,,Карагандинская,2474.0
2019,млн.человек,,Костанайская,1868.6
2019,млн.человек,,Кызылординская,405.8
2019,млн.человек,,Мангистауская,90.4
2019,млн.человек,,Павлодарская,1237.7
2019,млн.человек,,Северо-Казахстанская,508.7
2019,млн.человек,,Туркестанская,997.9
2019,млн.человек,,Восточно-Казахстанская,1716.3
2019,млн.человек,,г_Нур-Султан,2574.2
2019,млн.человек,,г_Алматы,5588.9
2019,млн.человек,,г_Шымкент,1667.6
2019,млн.тонн,перевезено грузов автомобильным  и городским  электрическим транспортом,,3550.5
2019,млн.тонн,перевезено грузов автомобильным  и городским  электрическим транспортом,Акмолинская,130.0
2019,млн.тонн,перевезено грузов автомобильным  и городским  электрическим транспортом,Актюбинская,83.0
2019,млн.тонн,перевезено грузов автомобильным  и городским  электрическим транспортом,Алматинская,197.1
2019,млн.тонн,перевезено грузов автомобильным  и городским  электрическим транспортом,Атырауская,61.5
2019,млн.тонн,перевезено грузов автомобильным  и городским  электрическим транспортом,Западно-Казахстанская,40.0
2019,млн.тонн,перевезено грузов автомобильным  и городским  электрическим транспортом,Жымбылская,103.4
2019,млн.тонн,перевезено грузов автомобильным  и городским  электрическим транспортом,Карагандинская,864.6
2019,млн.тонн,перевезено грузов автомобильным  и городским  электрическим транспортом,Костанайская,320.1
2019,млн.тонн,перевезено грузов автомобильным  и городским  электрическим транспортом,Кызылординская,107.0
2019,млн.тонн,перевезено грузов автомобильным  и городским  электрическим транспортом,Мангистауская,232.2
2019,млн.тонн,перевезено грузов автомобильным  и городским  электрическим транспортом,Павлодарская,88.7
2019,млн.тонн,перевезено грузов автомобильным  и городским  электрическим транспортом,Северо-Казахстанская,52.3
2019,млн.тонн,перевезено грузов автомобильным  и городским  электрическим транспортом,Туркестанская,86.0
2019,млн.тонн,перевезено грузов автомобильным  и городским  электрическим транспортом,Восточно-Казахстанская,660.9
2019,млн.тонн,перевезено грузов автомобильным  и городским  электрическим транспортом,г_Нур-Султан,155.1
2019,млн.тонн,перевезено грузов автомобильным  и городским  электрическим транспортом,г_Алматы,257.4
2019,млн.тонн,перевезено грузов автомобильным  и городским  электрическим транспортом,г_Шымкент,111.2
2019,млн.человек,Перевезено пассажиров всеми видами транспорта,,23804.7
2019,млн.человек,Перевезено пассажиров всеми видами транспорта,Акмолинская,1744.9
2019,млн.человек,Перевезено пассажиров всеми видами транспорта,Актюбинская,319.5
2019,млн.человек,Перевезено пассажиров всеми видами транспорта,Алматинская,937.8
2019,млн.человек,Перевезено пассажиров всеми видами транспорта,Атырауская,195.2
2019,млн.человек,Перевезено пассажиров всеми видами транспорта,Западно-Казахстанская,428.7
2019,млн.человек,Перевезено пассажиров всеми видами транспорта,Жымбылская,1056.3
2019,млн.человек,Перевезено пассажиров всеми видами транспорта,Карагандинская,2474.0
2019,млн.человек,Перевезено пассажиров всеми видами транспорта,Костанайская,1868.6
2019,млн.человек,Перевезено пассажиров всеми видами транспорта,Кызылординская,405.8
2019,млн.человек,Перевезено пассажиров всеми видами транспорта,Мангистауская,90.4
2019,млн.человек,Перевезено пассажиров всеми видами транспорта,Павлодарская,1237.7
2019,млн.человек,Перевезено пассажиров всеми видами транспорта,Северо-Казахстанская,508.7
2019,млн.человек,Перевезено пассажиров всеми видами транспорта,Туркестанская,997.9
2019,млн.человек,Перевезено пассажиров всеми видами транспорта,Восточно-Казахстанская,1716.3
2019,млн.человек,Перевезено пассажиров всеми видами транспорта,г_Нур-Султан,2574.1
2019,млн.человек,Перевезено пассажиров всеми видами транспорта,г_Алматы,5583.4
2019,млн.человек,Перевезено пассажиров всеми видами транспорта,г_Шымкент,1665.2
2019,тонн,перевезено грузов воздушным транспортом,,26721.1
2019,тонн,перевезено грузов воздушным транспортом,г_Алматы,22551.1
2019,тыс.человек,перевезено пассажиров воздушным транспортом,,8644.9
2019,тыс.человек,перевезено пассажиров воздушным транспортом,Алматинская,12.7
2019,тыс.человек,перевезено пассажиров воздушным транспортом,Туркестанская,0.0
2019,тыс.человек,перевезено пассажиров воздушным транспортом,Восточно-Казахстанская,0.0
2019,тыс.человек,перевезено пассажиров воздушным транспортом,г_Шымкент,5538.3
2019,млн.тонн,показатели работы трубопроводного транспорта,,273.0
2019,млн.тонн,показатели работы трубопроводного транспорта,Атырауская,114.2
2019,млн.тонн,_L_KZ_090102_1R,,0.8
2019,млн.тонн,_L_KZ_090102_1R,Мангистауская,0.8
2019,млн.тонн,_L_KZ_090102_1S,,0.1
2019,млн.тонн,_L_KZ_090102_1S,Мангистауская,0.1
