Year,UNIT_MEASURE,Регионы,GeoCode,Value
2010,"процент, в ценах 2010 года",,,11.3
2010,"процент, в ценах 2010 года",Акмолинская,KZAKM,13.4
2010,"процент, в ценах 2010 года",Актюбинская,KZAKT,7.9
2010,"процент, в ценах 2010 года",Алматинская,KZALM,17.0
2010,"процент, в ценах 2010 года",Атырауская,KZATY,5.5
2010,"процент, в ценах 2010 года",Западно-Казахстанская,KZZAP,4.7
2010,"процент, в ценах 2010 года",Жымбылская,KZZHA,13.2
2010,"процент, в ценах 2010 года",Карагандинская,KZKAR,33.2
2010,"процент, в ценах 2010 года",Костанайская,KZKUS,9.5
2010,"процент, в ценах 2010 года",Кызылординская,KZKZY,2.3
2010,"процент, в ценах 2010 года",Мангистауская,KZMAN,3.0
2010,"процент, в ценах 2010 года",Южно-Казахстанская,KZONT,21.8
2010,"процент, в ценах 2010 года",Павлодарская,KZPAV,28.3
2010,"процент, в ценах 2010 года",Северо-Казахстанская,KZSEV,8.5
2010,"процент, в ценах 2010 года",Восточно-Казахстанская,KZVOS,19.8
2010,"процент, в ценах 2010 года",г_Астана,KZNS,3.0
2010,"процент, в ценах 2010 года",г_Алматы,KZALA,5.2
2010,"в долларах США, в ценах 2010 года",,,1027.0
2010,"в долларах США, в ценах 2010 года",Акмолинская,KZAKM,728.0
2010,"в долларах США, в ценах 2010 года",Актюбинская,KZAKT,821.5
2010,"в долларах США, в ценах 2010 года",Алматинская,KZALM,622.4
2010,"в долларах США, в ценах 2010 года",Атырауская,KZATY,2014.1
2010,"в долларах США, в ценах 2010 года",Западно-Казахстанская,KZZAP,549.8
2010,"в долларах США, в ценах 2010 года",Жымбылская,KZZHA,384.0
2010,"в долларах США, в ценах 2010 года",Карагандинская,KZKAR,3122.5
2010,"в долларах США, в ценах 2010 года",Костанайская,KZKUS,628.0
2010,"в долларах США, в ценах 2010 года",Кызылординская,KZKZY,194.8
2010,"в долларах США, в ценах 2010 года",Мангистауская,KZMAN,588.3
2010,"в долларах США, в ценах 2010 года",Южно-Казахстанская,KZONT,703.3
2010,"в долларах США, в ценах 2010 года",Павлодарская,KZPAV,2660.1
2010,"в долларах США, в ценах 2010 года",Северо-Казахстанская,KZSEV,455.6
2010,"в долларах США, в ценах 2010 года",Восточно-Казахстанская,KZVOS,1198.7
2010,"в долларах США, в ценах 2010 года",г_Астана,KZNS,528.2
2010,"в долларах США, в ценах 2010 года",г_Алматы,KZALA,978.3
2011,"процент, в ценах 2010 года",,,11.3
2011,"процент, в ценах 2010 года",Акмолинская,KZAKM,13.0
2011,"процент, в ценах 2010 года",Актюбинская,KZAKT,8.0
2011,"процент, в ценах 2010 года",Алматинская,KZALM,17.6
2011,"процент, в ценах 2010 года",Атырауская,KZATY,5.3
2011,"процент, в ценах 2010 года",Западно-Казахстанская,KZZAP,4.8
2011,"процент, в ценах 2010 года",Жымбылская,KZZHA,14.8
2011,"процент, в ценах 2010 года",Карагандинская,KZKAR,33.2
2011,"процент, в ценах 2010 года",Костанайская,KZKUS,8.5
2011,"процент, в ценах 2010 года",Кызылординская,KZKZY,2.2
2011,"процент, в ценах 2010 года",Мангистауская,KZMAN,3.4
2011,"процент, в ценах 2010 года",Южно-Казахстанская,KZONT,20.8
2011,"процент, в ценах 2010 года",Павлодарская,KZPAV,26.0
2011,"процент, в ценах 2010 года",Северо-Казахстанская,KZSEV,7.8
2011,"процент, в ценах 2010 года",Восточно-Казахстанская,KZVOS,21.4
2011,"процент, в ценах 2010 года",г_Астана,KZNS,3.5
2011,"процент, в ценах 2010 года",г_Алматы,KZALA,5.1
2011,"в долларах США, в ценах 2010 года",,,1083.4
2011,"в долларах США, в ценах 2010 года",Акмолинская,KZAKM,817.5
2011,"в долларах США, в ценах 2010 года",Актюбинская,KZAKT,866.7
2011,"в долларах США, в ценах 2010 года",Алматинская,KZALM,680.9
2011,"в долларах США, в ценах 2010 года",Атырауская,KZATY,1943.6
2011,"в долларах США, в ценах 2010 года",Западно-Казахстанская,KZZAP,584.9
2011,"в долларах США, в ценах 2010 года",Жымбылская,KZZHA,482.3
2011,"в долларах США, в ценах 2010 года",Карагандинская,KZKAR,3300.5
2011,"в долларах США, в ценах 2010 года",Костанайская,KZKUS,640.0
2011,"в долларах США, в ценах 2010 года",Кызылординская,KZKZY,194.1
2011,"в долларах США, в ценах 2010 года",Мангистауская,KZMAN,631.9
2011,"в долларах США, в ценах 2010 года",Южно-Казахстанская,KZONT,688.5
2011,"в долларах США, в ценах 2010 года",Павлодарская,KZPAV,2694.6
2011,"в долларах США, в ценах 2010 года",Северо-Казахстанская,KZSEV,486.1
2011,"в долларах США, в ценах 2010 года",Восточно-Казахстанская,KZVOS,1386.9
2011,"в долларах США, в ценах 2010 года",г_Астана,KZNS,637.6
2011,"в долларах США, в ценах 2010 года",г_Алматы,KZALA,1033.1
2012,"процент, в ценах 2010 года",,,11.1
2012,"процент, в ценах 2010 года",Акмолинская,KZAKM,14.1
2012,"процент, в ценах 2010 года",Актюбинская,KZAKT,7.6
2012,"процент, в ценах 2010 года",Алматинская,KZALM,16.5
2012,"процент, в ценах 2010 года",Атырауская,KZATY,5.2
2012,"процент, в ценах 2010 года",Западно-Казахстанская,KZZAP,4.8
2012,"процент, в ценах 2010 года",Жымбылская,KZZHA,13.3
2012,"процент, в ценах 2010 года",Карагандинская,KZKAR,30.3
2012,"процент, в ценах 2010 года",Костанайская,KZKUS,9.0
2012,"процент, в ценах 2010 года",Кызылординская,KZKZY,2.3
2012,"процент, в ценах 2010 года",Мангистауская,KZMAN,3.4
2012,"процент, в ценах 2010 года",Южно-Казахстанская,KZONT,20.7
2012,"процент, в ценах 2010 года",Павлодарская,KZPAV,25.3
2012,"процент, в ценах 2010 года",Северо-Казахстанская,KZSEV,8.5
2012,"процент, в ценах 2010 года",Восточно-Казахстанская,KZVOS,24.2
2012,"процент, в ценах 2010 года",г_Астана,KZNS,4.2
2012,"процент, в ценах 2010 года",г_Алматы,KZALA,4.8
2012,"в долларах США, в ценах 2010 года",,,1100.9
2012,"в долларах США, в ценах 2010 года",Акмолинская,KZAKM,831.4
2012,"в долларах США, в ценах 2010 года",Актюбинская,KZAKT,877.3
2012,"в долларах США, в ценах 2010 года",Алматинская,KZALM,673.4
2012,"в долларах США, в ценах 2010 года",Атырауская,KZATY,1834.8
2012,"в долларах США, в ценах 2010 года",Западно-Казахстанская,KZZAP,597.6
2012,"в долларах США, в ценах 2010 года",Жымбылская,KZZHA,468.4
2012,"в долларах США, в ценах 2010 года",Карагандинская,KZKAR,3028.8
2012,"в долларах США, в ценах 2010 года",Костанайская,KZKUS,634.3
2012,"в долларах США, в ценах 2010 года",Кызылординская,KZKZY,201.7
2012,"в долларах США, в ценах 2010 года",Мангистауская,KZMAN,613.0
2012,"в долларах США, в ценах 2010 года",Южно-Казахстанская,KZONT,697.7
2012,"в долларах США, в ценах 2010 года",Павлодарская,KZPAV,2830.3
2012,"в долларах США, в ценах 2010 года",Северо-Казахстанская,KZSEV,502.0
2012,"в долларах США, в ценах 2010 года",Восточно-Казахстанская,KZVOS,1770.5
2012,"в долларах США, в ценах 2010 года",г_Астана,KZNS,826.1
2012,"в долларах США, в ценах 2010 года",г_Алматы,KZALA,1043.9
2013,"процент, в ценах 2010 года",,,10.8
2013,"процент, в ценах 2010 года",Акмолинская,KZAKM,13.4
2013,"процент, в ценах 2010 года",Актюбинская,KZAKT,7.9
2013,"процент, в ценах 2010 года",Алматинская,KZALM,15.2
2013,"процент, в ценах 2010 года",Атырауская,KZATY,5.2
2013,"процент, в ценах 2010 года",Западно-Казахстанская,KZZAP,5.6
2013,"процент, в ценах 2010 года",Жымбылская,KZZHA,13.9
2013,"процент, в ценах 2010 года",Карагандинская,KZKAR,28.1
2013,"процент, в ценах 2010 года",Костанайская,KZKUS,8.8
2013,"процент, в ценах 2010 года",Кызылординская,KZKZY,2.6
2013,"процент, в ценах 2010 года",Мангистауская,KZMAN,3.5
2013,"процент, в ценах 2010 года",Южно-Казахстанская,KZONT,20.1
2013,"процент, в ценах 2010 года",Павлодарская,KZPAV,25.2
2013,"процент, в ценах 2010 года",Северо-Казахстанская,KZSEV,8.2
2013,"процент, в ценах 2010 года",Восточно-Казахстанская,KZVOS,24.1
2013,"процент, в ценах 2010 года",г_Астана,KZNS,4.1
2013,"процент, в ценах 2010 года",г_Алматы,KZALA,4.6
2013,"в долларах США, в ценах 2010 года",,,1117.3
2013,"в долларах США, в ценах 2010 года",Акмолинская,KZAKM,830.6
2013,"в долларах США, в ценах 2010 года",Актюбинская,KZAKT,942.2
2013,"в долларах США, в ценах 2010 года",Алматинская,KZALM,675.3
2013,"в долларах США, в ценах 2010 года",Атырауская,KZATY,1869.1
2013,"в долларах США, в ценах 2010 года",Западно-Казахстанская,KZZAP,712.5
2013,"в долларах США, в ценах 2010 года",Жымбылская,KZZHA,501.1
2013,"в долларах США, в ценах 2010 года",Карагандинская,KZKAR,3007.0
2013,"в долларах США, в ценах 2010 года",Костанайская,KZKUS,685.2
2013,"в долларах США, в ценах 2010 года",Кызылординская,KZKZY,232.1
2013,"в долларах США, в ценах 2010 года",Мангистауская,KZMAN,650.7
2013,"в долларах США, в ценах 2010 года",Южно-Казахстанская,KZONT,684.3
2013,"в долларах США, в ценах 2010 года",Павлодарская,KZPAV,2814.3
2013,"в долларах США, в ценах 2010 года",Северо-Казахстанская,KZSEV,528.0
2013,"в долларах США, в ценах 2010 года",Восточно-Казахстанская,KZVOS,1889.2
2013,"в долларах США, в ценах 2010 года",г_Астана,KZNS,856.8
2013,"в долларах США, в ценах 2010 года",г_Алматы,KZALA,1107.5
2014,"процент, в ценах 2010 года",,,10.5
2014,"процент, в ценах 2010 года",Акмолинская,KZAKM,14.0
2014,"процент, в ценах 2010 года",Актюбинская,KZAKT,7.6
2014,"процент, в ценах 2010 года",Алматинская,KZALM,15.0
2014,"процент, в ценах 2010 года",Атырауская,KZATY,5.3
2014,"процент, в ценах 2010 года",Западно-Казахстанская,KZZAP,5.3
2014,"процент, в ценах 2010 года",Жымбылская,KZZHA,14.2
2014,"процент, в ценах 2010 года",Карагандинская,KZKAR,26.2
2014,"процент, в ценах 2010 года",Костанайская,KZKUS,9.4
2014,"процент, в ценах 2010 года",Кызылординская,KZKZY,2.9
2014,"процент, в ценах 2010 года",Мангистауская,KZMAN,4.0
2014,"процент, в ценах 2010 года",Южно-Казахстанская,KZONT,20.2
2014,"процент, в ценах 2010 года",Павлодарская,KZPAV,24.1
2014,"процент, в ценах 2010 года",Северо-Казахстанская,KZSEV,7.8
2014,"процент, в ценах 2010 года",Восточно-Казахстанская,KZVOS,23.8
2014,"процент, в ценах 2010 года",г_Астана,KZNS,3.6
2014,"процент, в ценах 2010 года",г_Алматы,KZALA,4.3
2014,"в долларах США, в ценах 2010 года",,,1118.4
2014,"в долларах США, в ценах 2010 года",Акмолинская,KZAKM,902.7
2014,"в долларах США, в ценах 2010 года",Актюбинская,KZAKT,925.0
2014,"в долларах США, в ценах 2010 года",Алматинская,KZALM,694.6
2014,"в долларах США, в ценах 2010 года",Атырауская,KZATY,1903.3
2014,"в долларах США, в ценах 2010 года",Западно-Казахстанская,KZZAP,710.8
2014,"в долларах США, в ценах 2010 года",Жымбылская,KZZHA,506.1
2014,"в долларах США, в ценах 2010 года",Карагандинская,KZKAR,2878.9
2014,"в долларах США, в ценах 2010 года",Костанайская,KZKUS,744.9
2014,"в долларах США, в ценах 2010 года",Кызылординская,KZKZY,250.8
2014,"в долларах США, в ценах 2010 года",Мангистауская,KZMAN,745.4
2014,"в долларах США, в ценах 2010 года",Южно-Казахстанская,KZONT,689.9
2014,"в долларах США, в ценах 2010 года",Павлодарская,KZPAV,2707.9
2014,"в долларах США, в ценах 2010 года",Северо-Казахстанская,KZSEV,534.8
2014,"в долларах США, в ценах 2010 года",Восточно-Казахстанская,KZVOS,1913.2
2014,"в долларах США, в ценах 2010 года",г_Астана,KZNS,786.5
2014,"в долларах США, в ценах 2010 года",г_Алматы,KZALA,1068.4
2015,"процент, в ценах 2010 года",,,10.4
2015,"процент, в ценах 2010 года",Акмолинская,KZAKM,14.8
2015,"процент, в ценах 2010 года",Актюбинская,KZAKT,7.8
2015,"процент, в ценах 2010 года",Алматинская,KZALM,14.9
2015,"процент, в ценах 2010 года",Атырауская,KZATY,5.1
2015,"процент, в ценах 2010 года",Западно-Казахстанская,KZZAP,3.9
2015,"процент, в ценах 2010 года",Жымбылская,KZZHA,12.5
2015,"процент, в ценах 2010 года",Карагандинская,KZKAR,28.2
2015,"процент, в ценах 2010 года",Костанайская,KZKUS,8.7
2015,"процент, в ценах 2010 года",Кызылординская,KZKZY,3.1
2015,"процент, в ценах 2010 года",Мангистауская,KZMAN,3.5
2015,"процент, в ценах 2010 года",Южно-Казахстанская,KZONT,20.2
2015,"процент, в ценах 2010 года",Павлодарская,KZPAV,23.3
2015,"процент, в ценах 2010 года",Северо-Казахстанская,KZSEV,7.8
2015,"процент, в ценах 2010 года",Восточно-Казахстанская,KZVOS,21.6
2015,"процент, в ценах 2010 года",г_Астана,KZNS,3.6
2015,"процент, в ценах 2010 года",г_Алматы,KZALA,3.9
2015,"в долларах США, в ценах 2010 года",,,1105.0
2015,"в долларах США, в ценах 2010 года",Акмолинская,KZAKM,968.9
2015,"в долларах США, в ценах 2010 года",Актюбинская,KZAKT,902.8
2015,"в долларах США, в ценах 2010 года",Алматинская,KZALM,736.9
2015,"в долларах США, в ценах 2010 года",Атырауская,KZATY,1828.8
2015,"в долларах США, в ценах 2010 года",Западно-Казахстанская,KZZAP,507.4
2015,"в долларах США, в ценах 2010 года",Жымбылская,KZZHA,441.2
2015,"в долларах США, в ценах 2010 года",Карагандинская,KZKAR,3166.2
2015,"в долларах США, в ценах 2010 года",Костанайская,KZKUS,670.1
2015,"в долларах США, в ценах 2010 года",Кызылординская,KZKZY,252.3
2015,"в долларах США, в ценах 2010 года",Мангистауская,KZMAN,631.9
2015,"в долларах США, в ценах 2010 года",Южно-Казахстанская,KZONT,687.8
2015,"в долларах США, в ценах 2010 года",Павлодарская,KZPAV,2612.2
2015,"в долларах США, в ценах 2010 года",Северо-Казахстанская,KZSEV,541.2
2015,"в долларах США, в ценах 2010 года",Восточно-Казахстанская,KZVOS,1739.4
2015,"в долларах США, в ценах 2010 года",г_Астана,KZNS,798.1
2015,"в долларах США, в ценах 2010 года",г_Алматы,KZALA,951.9
2016,"процент, в ценах 2010 года",,,10.5
2016,"процент, в ценах 2010 года",Акмолинская,KZAKM,14.8
2016,"процент, в ценах 2010 года",Актюбинская,KZAKT,8.9
2016,"процент, в ценах 2010 года",Алматинская,KZALM,14.1
2016,"процент, в ценах 2010 года",Атырауская,KZATY,5.1
2016,"процент, в ценах 2010 года",Западно-Казахстанская,KZZAP,3.9
2016,"процент, в ценах 2010 года",Жымбылская,KZZHA,12.6
2016,"процент, в ценах 2010 года",Карагандинская,KZKAR,29.6
2016,"процент, в ценах 2010 года",Костанайская,KZKUS,9.4
2016,"процент, в ценах 2010 года",Кызылординская,KZKZY,3.8
2016,"процент, в ценах 2010 года",Мангистауская,KZMAN,3.7
2016,"процент, в ценах 2010 года",Южно-Казахстанская,KZONT,21.0
2016,"процент, в ценах 2010 года",Павлодарская,KZPAV,23.5
2016,"процент, в ценах 2010 года",Северо-Казахстанская,KZSEV,7.6
2016,"процент, в ценах 2010 года",Восточно-Казахстанская,KZVOS,21.6
2016,"процент, в ценах 2010 года",г_Астана,KZNS,3.5
2016,"процент, в ценах 2010 года",г_Алматы,KZALA,3.8
2016,"в долларах США, в ценах 2010 года",,,1109.1
2016,"в долларах США, в ценах 2010 года",Акмолинская,KZAKM,998.8
2016,"в долларах США, в ценах 2010 года",Актюбинская,KZAKT,1034.2
2016,"в долларах США, в ценах 2010 года",Алматинская,KZALM,696.4
2016,"в долларах США, в ценах 2010 года",Атырауская,KZATY,1871.1
2016,"в долларах США, в ценах 2010 года",Западно-Казахстанская,KZZAP,524.5
2016,"в долларах США, в ценах 2010 года",Жымбылская,KZZHA,453.1
2016,"в долларах США, в ценах 2010 года",Карагандинская,KZKAR,3391.0
2016,"в долларах США, в ценах 2010 года",Костанайская,KZKUS,705.9
2016,"в долларах США, в ценах 2010 года",Кызылординская,KZKZY,297.5
2016,"в долларах США, в ценах 2010 года",Мангистауская,KZMAN,654.8
2016,"в долларах США, в ценах 2010 года",Южно-Казахстанская,KZONT,715.3
2016,"в долларах США, в ценах 2010 года",Павлодарская,KZPAV,2614.8
2016,"в долларах США, в ценах 2010 года",Северо-Казахстанская,KZSEV,535.3
2016,"в долларах США, в ценах 2010 года",Восточно-Казахстанская,KZVOS,1778.9
2016,"в долларах США, в ценах 2010 года",г_Астана,KZNS,750.1
2016,"в долларах США, в ценах 2010 года",г_Алматы,KZALA,923.6
2017,"процент, в ценах 2010 года",,,10.7
2017,"процент, в ценах 2010 года",Акмолинская,KZAKM,14.9
2017,"процент, в ценах 2010 года",Актюбинская,KZAKT,9.3
2017,"процент, в ценах 2010 года",Алматинская,KZALM,14.3
2017,"процент, в ценах 2010 года",Атырауская,KZATY,4.6
2017,"процент, в ценах 2010 года",Западно-Казахстанская,KZZAP,3.9
2017,"процент, в ценах 2010 года",Жымбылская,KZZHA,12.4
2017,"процент, в ценах 2010 года",Карагандинская,KZKAR,29.5
2017,"процент, в ценах 2010 года",Костанайская,KZKUS,9.6
2017,"процент, в ценах 2010 года",Кызылординская,KZKZY,4.0
2017,"процент, в ценах 2010 года",Мангистауская,KZMAN,4.0
2017,"процент, в ценах 2010 года",Южно-Казахстанская,KZONT,21.8
2017,"процент, в ценах 2010 года",Павлодарская,KZPAV,23.7
2017,"процент, в ценах 2010 года",Северо-Казахстанская,KZSEV,8.0
2017,"процент, в ценах 2010 года",Восточно-Казахстанская,KZVOS,21.6
2017,"процент, в ценах 2010 года",г_Астана,KZNS,3.8
2017,"процент, в ценах 2010 года",г_Алматы,KZALA,3.9
2017,"в долларах США, в ценах 2010 года",,,1161.5
2017,"в долларах США, в ценах 2010 года",Акмолинская,KZAKM,1033.7
2017,"в долларах США, в ценах 2010 года",Актюбинская,KZAKT,1109.8
2017,"в долларах США, в ценах 2010 года",Алматинская,KZALM,720.7
2017,"в долларах США, в ценах 2010 года",Атырауская,KZATY,1905.3
2017,"в долларах США, в ценах 2010 года",Западно-Казахстанская,KZZAP,535.5
2017,"в долларах США, в ценах 2010 года",Жымбылская,KZZHA,461.1
2017,"в долларах США, в ценах 2010 года",Карагандинская,KZKAR,3512.8
2017,"в долларах США, в ценах 2010 года",Костанайская,KZKUS,756.2
2017,"в долларах США, в ценах 2010 года",Кызылординская,KZKZY,309.4
2017,"в долларах США, в ценах 2010 года",Мангистауская,KZMAN,677.2
2017,"в долларах США, в ценах 2010 года",Южно-Казахстанская,KZONT,755.3
2017,"в долларах США, в ценах 2010 года",Павлодарская,KZPAV,2753.2
2017,"в долларах США, в ценах 2010 года",Северо-Казахстанская,KZSEV,589.1
2017,"в долларах США, в ценах 2010 года",Восточно-Казахстанская,KZVOS,1814.9
2017,"в долларах США, в ценах 2010 года",г_Астана,KZNS,768.0
2017,"в долларах США, в ценах 2010 года",г_Алматы,KZALA,942.1
2018,"процент, в ценах 2010 года",,,10.7
2018,"процент, в ценах 2010 года",Акмолинская,KZAKM,15.4
2018,"процент, в ценах 2010 года",Актюбинская,KZAKT,9.7
2018,"процент, в ценах 2010 года",Алматинская,KZALM,14.3
2018,"процент, в ценах 2010 года",Атырауская,KZATY,4.4
2018,"процент, в ценах 2010 года",Западно-Казахстанская,KZZAP,4.5
2018,"процент, в ценах 2010 года",Жымбылская,KZZHA,12.4
2018,"процент, в ценах 2010 года",Карагандинская,KZKAR,28.7
2018,"процент, в ценах 2010 года",Костанайская,KZKUS,9.7
2018,"процент, в ценах 2010 года",Кызылординская,KZKZY,3.9
2018,"процент, в ценах 2010 года",Мангистауская,KZMAN,4.4
2018,"процент, в ценах 2010 года",Павлодарская,KZPAV,23.7
2018,"процент, в ценах 2010 года",Северо-Казахстанская,KZSEV,7.8
2018,"процент, в ценах 2010 года",Восточно-Казахстанская,KZVOS,22.8
2018,"процент, в ценах 2010 года",г_Астана,KZNS,4.1
2018,"процент, в ценах 2010 года",г_Алматы,KZALA,4.0
2018,"процент, в ценах 2010 года",г_Шымкент,KZSHY,22.6
2018,"в долларах США, в ценах 2010 года",,,1182.0
2018,"в долларах США, в ценах 2010 года",Акмолинская,KZAKM,1109.4
2018,"в долларах США, в ценах 2010 года",Актюбинская,KZAKT,1201.8
2018,"в долларах США, в ценах 2010 года",Алматинская,KZALM,735.7
2018,"в долларах США, в ценах 2010 года",Атырауская,KZATY,2044.3
2018,"в долларах США, в ценах 2010 года",Западно-Казахстанская,KZZAP,598.7
2018,"в долларах США, в ценах 2010 года",Жымбылская,KZZHA,476.5
2018,"в долларах США, в ценах 2010 года",Карагандинская,KZKAR,3528.4
2018,"в долларах США, в ценах 2010 года",Костанайская,KZKUS,818.3
2018,"в долларах США, в ценах 2010 года",Кызылординская,KZKZY,292.7
2018,"в долларах США, в ценах 2010 года",Мангистауская,KZMAN,739.5
2018,"в долларах США, в ценах 2010 года",Павлодарская,KZPAV,2923.4
2018,"в долларах США, в ценах 2010 года",Северо-Казахстанская,KZSEV,595.0
2018,"в долларах США, в ценах 2010 года",Восточно-Казахстанская,KZVOS,2019.9
2018,"в долларах США, в ценах 2010 года",г_Астана,KZNS,790.2
2018,"в долларах США, в ценах 2010 года",г_Алматы,KZALA,963.7
2019,"процент, в ценах 2010 года",,,10.9
2019,"процент, в ценах 2010 года",Акмолинская,KZAKM,15.2
2019,"процент, в ценах 2010 года",Актюбинская,KZAKT,9.1
2019,"процент, в ценах 2010 года",Алматинская,KZALM,14.6
2019,"процент, в ценах 2010 года",Атырауская,KZATY,4.4
2019,"процент, в ценах 2010 года",Западно-Казахстанская,KZZAP,4.9
2019,"процент, в ценах 2010 года",Жымбылская,KZZHA,12.5
2019,"процент, в ценах 2010 года",Карагандинская,KZKAR,27.2
2019,"процент, в ценах 2010 года",Костанайская,KZKUS,11.7
2019,"процент, в ценах 2010 года",Кызылординская,KZKZY,3.9
2019,"процент, в ценах 2010 года",Мангистауская,KZMAN,4.4
2019,"процент, в ценах 2010 года",Павлодарская,KZPAV,23.0
2019,"процент, в ценах 2010 года",Северо-Казахстанская,KZSEV,7.6
2019,"процент, в ценах 2010 года",г_Астана,KZNS,22.9
2019,"процент, в ценах 2010 года",г_Алматы,KZALA,4.2
2019,"процент, в ценах 2010 года",г_Шымкент,KZSHY,4.0
2019,"в долларах США, в ценах 2010 года",,,1250.8
2019,"в долларах США, в ценах 2010 года",Акмолинская,KZAKM,1124.0
2019,"в долларах США, в ценах 2010 года",Актюбинская,KZAKT,1178.0
2019,"в долларах США, в ценах 2010 года",Алматинская,KZALM,779.2
2019,"в долларах США, в ценах 2010 года",Атырауская,KZATY,2151.0
2019,"в долларах США, в ценах 2010 года",Западно-Казахстанская,KZZAP,647.1
2019,"в долларах США, в ценах 2010 года",Жымбылская,KZZHA,496.1
2019,"в долларах США, в ценах 2010 года",Карагандинская,KZKAR,3537.8
2019,"в долларах США, в ценах 2010 года",Костанайская,KZKUS,1034.4
2019,"в долларах США, в ценах 2010 года",Кызылординская,KZKZY,292.7
2019,"в долларах США, в ценах 2010 года",Мангистауская,KZMAN,728.4
2019,"в долларах США, в ценах 2010 года",Павлодарская,KZPAV,3003.2
2019,"в долларах США, в ценах 2010 года",Северо-Казахстанская,KZSEV,602.3
2019,"в долларах США, в ценах 2010 года",Восточно-Казахстанская,KZVOS,2149.3
2019,"в долларах США, в ценах 2010 года",г_Астана,KZNS,836.2
2019,"в долларах США, в ценах 2010 года",г_Алматы,KZALA,984.2
2020,"процент, в ценах 2010 года",,,11.6
2020,"процент, в ценах 2010 года",Акмолинская,KZAKM,16.3
2020,"процент, в ценах 2010 года",Актюбинская,KZAKT,9.6
2020,"процент, в ценах 2010 года",Алматинская,KZALM,15.3
2020,"процент, в ценах 2010 года",Атырауская,KZATY,4.6
2020,"процент, в ценах 2010 года",Западно-Казахстанская,KZZAP,4.7
2020,"процент, в ценах 2010 года",Жымбылская,KZZHA,12.6
2020,"процент, в ценах 2010 года",Карагандинская,KZKAR,28.1
2020,"процент, в ценах 2010 года",Костанайская,KZKUS,13.8
2020,"процент, в ценах 2010 года",Кызылординская,KZKZY,4.1
2020,"процент, в ценах 2010 года",Мангистауская,KZMAN,4.7
2020,"процент, в ценах 2010 года",Павлодарская,KZPAV,23.9
2020,"процент, в ценах 2010 года",Северо-Казахстанская,KZSEV,8.3
2020,"процент, в ценах 2010 года",г_Астана,KZNS,23.0
2020,"процент, в ценах 2010 года",г_Алматы,KZALA,4.3
2020,"процент, в ценах 2010 года",г_Шымкент,KZSHY,4.5
2020,"в долларах США, в ценах 2010 года",,,1283.7
2020,"в долларах США, в ценах 2010 года",Акмолинская,KZAKM,1740.7
2020,"в долларах США, в ценах 2010 года",Актюбинская,KZAKT,1509.6
2020,"в долларах США, в ценах 2010 года",Алматинская,KZALM,1307.3
2020,"в долларах США, в ценах 2010 года",Атырауская,KZATY,1061.9
2020,"в долларах США, в ценах 2010 года",Западно-Казахстанская,KZZAP,1147.1
2020,"в долларах США, в ценах 2010 года",Жымбылская,KZZHA,1354.5
2020,"в долларах США, в ценах 2010 года",Карагандинская,KZKAR,1206.7
2020,"в долларах США, в ценах 2010 года",Костанайская,KZKUS,2043.6
2020,"в долларах США, в ценах 2010 года",Кызылординская,KZKZY,1435.7
2020,"в долларах США, в ценах 2010 года",Мангистауская,KZMAN,1243.6
2020,"в долларах США, в ценах 2010 года",Павлодарская,KZPAV,1161.5
2020,"в долларах США, в ценах 2010 года",Северо-Казахстанская,KZSEV,1483.9
2020,"в долларах США, в ценах 2010 года",Восточно-Казахстанская,KZVOS,1869.1
2020,"в долларах США, в ценах 2010 года",г_Астана,KZNS,1596.9
2020,"в долларах США, в ценах 2010 года",г_Алматы,KZALA,1069.1
