Year,UNIT_MEASURE,Value
2012,в процентах к предыдущему году,105.5
2013,в процентах к предыдущему году,91.9
2014,в процентах к предыдущему году,95.0
2015,в процентах к предыдущему году,76.4
2016,в процентах к предыдущему году,90.1
2017,в процентах к предыдущему году,123.1
2018,в процентах к предыдущему году,101.1
2019,в процентах к предыдущему году,100.5
2020,в процентах к предыдущему году,97.2
2021,в процентах к предыдущему году,127.5
2022,в процентах к предыдущему году,133.6
