Year,UNIT_MEASURE,Регионы,GeoCode,Value
2010,процент,,,0.15
2010,процент,Акмолинская,KZAKM,0.1
2010,процент,Актюбинская,KZAKT,0.05
2010,процент,Алматинская,KZALM,0.07
2010,процент,Атырауская,KZATY,0.08
2010,процент,Западно-Казахстанская,KZZAP,0.02
2010,процент,Жымбылская,KZZHA,0.27
2010,процент,Карагандинская,KZKAR,0.05
2010,процент,Костанайская,KZKUS,0.03
2010,процент,Кызылординская,KZKZY,0.01
2010,процент,Мангистауская,KZMAN,0.21
2010,процент,Южно-Казахстанская,KZONT,0.04
2010,процент,Павлодарская,KZPAV,0.02
2010,процент,Северо-Казахстанская,KZSEV,0.02
2010,процент,Восточно-Казахстанская,KZVOS,0.41
2010,процент,г_Астана,KZNS,0.25
2010,процент,г_Алматы,KZALA,0.34
2011,процент,,,0.15
2011,процент,Акмолинская,KZAKM,0.06
2011,процент,Актюбинская,KZAKT,0.04
2011,процент,Алматинская,KZALM,0.08
2011,процент,Атырауская,KZATY,0.08
2011,процент,Западно-Казахстанская,KZZAP,0.03
2011,процент,Жымбылская,KZZHA,0.03
2011,процент,Карагандинская,KZKAR,0.06
2011,процент,Костанайская,KZKUS,0.02
2011,процент,Кызылординская,KZKZY,0.01
2011,процент,Мангистауская,KZMAN,0.28
2011,процент,Южно-Казахстанская,KZONT,0.03
2011,процент,Павлодарская,KZPAV,0.03
2011,процент,Северо-Казахстанская,KZSEV,0.02
2011,процент,Восточно-Казахстанская,KZVOS,0.26
2011,процент,г_Астана,KZNS,0.43
2011,процент,г_Алматы,KZALA,0.34
2012,процент,,,0.17
2012,процент,Акмолинская,KZAKM,0.08
2012,процент,Актюбинская,KZAKT,0.04
2012,процент,Алматинская,KZALM,0.06
2012,процент,Атырауская,KZATY,0.1
2012,процент,Западно-Казахстанская,KZZAP,0.03
2012,процент,Жымбылская,KZZHA,0.2
2012,процент,Карагандинская,KZKAR,0.12
2012,процент,Костанайская,KZKUS,0.03
2012,процент,Кызылординская,KZKZY,0.02
2012,процент,Мангистауская,KZMAN,0.29
2012,процент,Южно-Казахстанская,KZONT,0.05
2012,процент,Павлодарская,KZPAV,0.03
2012,процент,Северо-Казахстанская,KZSEV,0.03
2012,процент,Восточно-Казахстанская,KZVOS,0.22
2012,процент,г_Астана,KZNS,0.39
2012,процент,г_Алматы,KZALA,0.33
2013,процент,,,0.17
2013,процент,Акмолинская,KZAKM,0.08
2013,процент,Актюбинская,KZAKT,0.03
2013,процент,Алматинская,KZALM,0.06
2013,процент,Атырауская,KZATY,0.05
2013,процент,Западно-Казахстанская,KZZAP,0.05
2013,процент,Жымбылская,KZZHA,0.12
2013,процент,Карагандинская,KZKAR,0.13
2013,процент,Костанайская,KZKUS,0.03
2013,процент,Кызылординская,KZKZY,0.01
2013,процент,Мангистауская,KZMAN,0.25
2013,процент,Южно-Казахстанская,KZONT,0.05
2013,процент,Павлодарская,KZPAV,0.02
2013,процент,Северо-Казахстанская,KZSEV,0.03
2013,процент,Восточно-Казахстанская,KZVOS,0.18
2013,процент,г_Астана,KZNS,0.28
2013,процент,г_Алматы,KZALA,0.43
2014,процент,,,0.17
2014,процент,Акмолинская,KZAKM,0.08
2014,процент,Актюбинская,KZAKT,0.04
2014,процент,Алматинская,KZALM,0.04
2014,процент,Атырауская,KZATY,0.04
2014,процент,Западно-Казахстанская,KZZAP,0.03
2014,процент,Жымбылская,KZZHA,0.13
2014,процент,Карагандинская,KZKAR,0.14
2014,процент,Костанайская,KZKUS,0.04
2014,процент,Кызылординская,KZKZY,0.02
2014,процент,Мангистауская,KZMAN,0.25
2014,процент,Южно-Казахстанская,KZONT,0.05
2014,процент,Павлодарская,KZPAV,0.02
2014,процент,Северо-Казахстанская,KZSEV,0.03
2014,процент,Восточно-Казахстанская,KZVOS,0.13
2014,процент,г_Астана,KZNS,0.25
2014,процент,г_Алматы,KZALA,0.42
2015,процент,,,0.17
2015,процент,Акмолинская,KZAKM,0.1
2015,процент,Актюбинская,KZAKT,0.04
2015,процент,Алматинская,KZALM,0.05
2015,процент,Атырауская,KZATY,0.06
2015,процент,Западно-Казахстанская,KZZAP,0.04
2015,процент,Жымбылская,KZZHA,0.07
2015,процент,Карагандинская,KZKAR,0.12
2015,процент,Костанайская,KZKUS,0.04
2015,процент,Кызылординская,KZKZY,0.02
2015,процент,Мангистауская,KZMAN,0.36
2015,процент,Южно-Казахстанская,KZONT,0.05
2015,процент,Павлодарская,KZPAV,0.02
2015,процент,Северо-Казахстанская,KZSEV,0.03
2015,процент,Восточно-Казахстанская,KZVOS,0.14
2015,процент,г_Астана,KZNS,0.28
2015,процент,г_Алматы,KZALA,0.35
2016,процент,,,0.14
2016,процент,Акмолинская,KZAKM,0.06
2016,процент,Актюбинская,KZAKT,0.04
2016,процент,Алматинская,KZALM,0.04
2016,процент,Атырауская,KZATY,0.05
2016,процент,Западно-Казахстанская,KZZAP,0.09
2016,процент,Жымбылская,KZZHA,0.04
2016,процент,Карагандинская,KZKAR,0.12
2016,процент,Костанайская,KZKUS,0.04
2016,процент,Кызылординская,KZKZY,0.05
2016,процент,Мангистауская,KZMAN,0.32
2016,процент,Южно-Казахстанская,KZONT,0.04
2016,процент,Павлодарская,KZPAV,0.02
2016,процент,Северо-Казахстанская,KZSEV,0.02
2016,процент,Восточно-Казахстанская,KZVOS,0.12
2016,процент,г_Астана,KZNS,0.29
2016,процент,г_Алматы,KZALA,0.25
2017,процент,,,0.13
2017,процент,Акмолинская,KZAKM,0.06
2017,процент,Актюбинская,KZAKT,0.04
2017,процент,Алматинская,KZALM,0.04
2017,процент,Атырауская,KZATY,0.06
2017,процент,Западно-Казахстанская,KZZAP,0.01
2017,процент,Жымбылская,KZZHA,0.08
2017,процент,Карагандинская,KZKAR,0.08
2017,процент,Костанайская,KZKUS,0.06
2017,процент,Кызылординская,KZKZY,0.04
2017,процент,Мангистауская,KZMAN,0.24
2017,процент,Южно-Казахстанская,KZONT,0.03
2017,процент,Павлодарская,KZPAV,0.01
2017,процент,Северо-Казахстанская,KZSEV,0.02
2017,процент,Восточно-Казахстанская,KZVOS,0.16
2017,процент,г_Астана,KZNS,0.28
2017,процент,г_Алматы,KZALA,0.21
2018,процент,,,0.12
2018,процент,Акмолинская,KZAKM,0.1
2018,процент,Актюбинская,KZAKT,0.04
2018,процент,Алматинская,KZALM,0.04
2018,процент,Атырауская,KZATY,0.06
2018,процент,Западно-Казахстанская,KZZAP,0.03
2018,процент,Жымбылская,KZZHA,0.05
2018,процент,Карагандинская,KZKAR,0.07
2018,процент,Костанайская,KZKUS,0.04
2018,процент,Кызылординская,KZKZY,0.02
2018,процент,Мангистауская,KZMAN,0.26
2018,процент,Павлодарская,KZPAV,0.01
2018,процент,Северо-Казахстанская,KZSEV,0.02
2018,процент,Туркестанская,KZYUZ,0.02
2018,процент,Восточно-Казахстанская,KZVOS,0.15
2018,процент,г_Астана,KZNS,0.21
2018,процент,г_Алматы,KZALA,0.22
2018,процент,г_Шымкент,KZSHY,0.05
2019,процент,,,0.12
2019,процент,Акмолинская,KZAKM,0.08
2019,процент,Актюбинская,KZAKT,0.03
2019,процент,Алматинская,KZALM,0.05
2019,процент,Атырауская,KZATY,0.06
2019,процент,Западно-Казахстанская,KZZAP,0.04
2019,процент,Жымбылская,KZZHA,0.04
2019,процент,Карагандинская,KZKAR,0.08
2019,процент,Костанайская,KZKUS,0.03
2019,процент,Кызылординская,KZKZY,0.01
2019,процент,Мангистауская,KZMAN,0.27
2019,процент,Павлодарская,KZPAV,0.04
2019,процент,Северо-Казахстанская,KZSEV,0.02
2019,процент,Туркестанская,KZYUZ,0.01
2019,процент,Восточно-Казахстанская,KZVOS,0.17
2019,процент,г_Астана,KZNS,0.26
2019,процент,г_Алматы,KZALA,0.19
2019,процент,г_Шымкент,KZSHY,0.05
2020,процент,,,0.13
2020,процент,Акмолинская,KZAKM,0.07
2020,процент,Актюбинская,KZAKT,0.04
2020,процент,Алматинская,KZALM,0.05
2020,процент,Атырауская,KZATY,0.07
2020,процент,Западно-Казахстанская,KZZAP,0.04
2020,процент,Жымбылская,KZZHA,0.11
2020,процент,Карагандинская,KZKAR,0.06
2020,процент,Костанайская,KZKUS,0.03
2020,процент,Кызылординская,KZKZY,0.02
2020,процент,Мангистауская,KZMAN,0.34
2020,процент,Павлодарская,KZPAV,0.02
2020,процент,Северо-Казахстанская,KZSEV,0.02
2020,процент,Туркестанская,KZYUZ,0.02
2020,процент,Восточно-Казахстанская,KZVOS,0.11
2020,процент,г_Астана,KZNS,0.24
2020,процент,г_Алматы,KZALA,0.24
2020,процент,г_Шымкент,KZSHY,0.07
2021,процент,,,0.13
2021,процент,Абай,KZABY,0.0
2021,процент,Акмолинская,KZAKM,0.07
2021,процент,Актюбинская,KZAKT,0.04
2021,процент,Алматинская,KZALM,0.04
2021,процент,Атырауская,KZATY,0.06
2021,процент,Западно-Казахстанская,KZZAP,0.04
2021,процент,Жымбылская,KZZHA,0.25
2021,процент,Жетісу,KZZHS,0.0
2021,процент,Карагандинская,KZKAR,0.06
2021,процент,Костанайская,KZKUS,0.03
2021,процент,Кызылординская,KZKZY,0.02
2021,процент,Мангистауская,KZMAN,0.31
2021,процент,Павлодарская,KZPAV,0.02
2021,процент,Северо-Казахстанская,KZSEV,0.02
2021,процент,Туркестанская,KZYUZ,0.03
2021,процент,Восточно-Казахстанская,KZVOS,0.13
2021,процент,Ұлытау,KZULU,0.0
2021,процент,г_Астана,KZNS,0.24
2021,процент,г_Алматы,KZALA,0.29
2021,процент,г_Шымкент,KZSHY,0.06
2022,процент,,,0.12
2022,процент,Абай,KZABY,0.17
2022,процент,Акмолинская,KZAKM,0.05
2022,процент,Актюбинская,KZAKT,0.04
2022,процент,Алматинская,KZALM,0.03
2022,процент,Атырауская,KZATY,0.0
2022,процент,Западно-Казахстанская,KZZAP,0.02
2022,процент,Жымбылская,KZZHA,0.13
2022,процент,Жетісу,KZZHS,0.01
2022,процент,Карагандинская,KZKAR,0.07
2022,процент,Костанайская,KZKUS,0.02
2022,процент,Кызылординская,KZKZY,0.02
2022,процент,Мангистауская,KZMAN,0.33
2022,процент,Павлодарская,KZPAV,0.02
2022,процент,Северо-Казахстанская,KZSEV,0.42
2022,процент,Туркестанская,KZYUZ,0.02
2022,процент,Восточно-Казахстанская,KZVOS,0.15
2022,процент,Ұлытау,KZULU,0.0
2022,процент,г_Астана,KZNS,0.22
2022,процент,г_Алматы,KZALA,0.25
2022,процент,г_Шымкент,KZSHY,0.05
2023,процент,,,0.14
2023,процент,Абай,KZABY,0.21
2023,процент,Акмолинская,KZAKM,0.08
2023,процент,Актюбинская,KZAKT,0.05
2023,процент,Алматинская,KZALM,0.04
2023,процент,Атырауская,KZATY,0.0
2023,процент,Западно-Казахстанская,KZZAP,0.03
2023,процент,Жымбылская,KZZHA,0.16
2023,процент,Жетісу,KZZHS,0.01
2023,процент,Карагандинская,KZKAR,0.1
2023,процент,Костанайская,KZKUS,0.03
2023,процент,Кызылординская,KZKZY,0.05
2023,процент,Мангистауская,KZMAN,0.3
2023,процент,Павлодарская,KZPAV,0.03
2023,процент,Северо-Казахстанская,KZSEV,0.05
2023,процент,Туркестанская,KZYUZ,0.01
2023,процент,Восточно-Казахстанская,KZVOS,0.18
2023,процент,Ұлытау,KZULU,0.01
2023,процент,г_Астана,KZNS,0.28
2023,процент,г_Алматы,KZALA,0.31
2023,процент,г_Шымкент,KZSHY,0.07
